gene,target_id,has_qsar_model,rank_in_manual_list,pdb_id,resname,csv_rank,is_current_default,resolution,ligand_RSCC,ligand_RSR,n_qualifying_structures
ABL1,CHEMBL1862_ABL1,True,1,5HU9,66K,1,False,1.529,0.951,0.065,43.0
ABL1,CHEMBL1862_ABL1,True,2,2HZI,JIN,2,False,1.7,0.997,0.022,43.0
ABL1,CHEMBL1862_ABL1,True,3,2G1T,112,3,False,1.8,0.885,0.095,43.0
ABL1,CHEMBL1862_ABL1,True,4,3QRJ,919,4,False,1.82,0.963,0.061,43.0
ABL1,CHEMBL1862_ABL1,True,5,3PYY,STI,5,False,1.85,0.969,0.057,43.0
ABL2,,False,1,3HMI,DKI,1,False,1.65,0.966,0.057,3.0
ABL2,,False,2,3GVU,STI,2,False,2.05,0.958,0.059,3.0
ABL2,,False,3,2XYN,VX6,3,False,2.81,0.952,0.111,3.0
ACACB,,False,1,3GID,S1A,1,False,2.3,0.963,0.064,5.0
ACACB,,False,2,3TDC,0EU,2,False,2.41,0.908,0.114,5.0
ACACB,,False,3,3JRX,S1A,3,False,2.5,0.948,0.152,5.0
ACACB,,False,4,5KKN,6U3,4,False,2.6,0.965,0.058,5.0
ACACB,,False,5,3FF6,RCP,5,False,3.19,0.934,0.104,5.0
ACE,,False,1,6H5W,FT8,1,False,1.37,0.963,0.071,86.0
ACE,,False,2,9H1E,A1IRS,2,False,1.45,0.969,0.077,86.0
ACE,,False,3,7Q27,8KC,3,False,1.5,0.979,0.048,86.0
ACE,,False,4,9QAN,X92,4,False,1.5,0.969,0.062,86.0
ACE,,False,5,9QAP,A1I5A,5,False,1.5,0.857,0.119,86.0
ACHE,CHEMBL220_AChE,True,1,4M0E,1YL,1,True,2.0,0.966,0.059,72.0
ACHE,CHEMBL220_AChE,True,2,6NTO,L2Y,2,False,2.052,0.98,0.071,72.0
ACHE,CHEMBL220_AChE,True,3,5HF5,PE8,3,False,2.152,0.983,0.064,72.0
ACHE,CHEMBL220_AChE,True,4,6O5V,LND,4,False,2.152,0.676,0.186,72.0
ACHE,CHEMBL220_AChE,True,5,4EY4,PE8,5,False,2.156,0.917,0.114,72.0
ACLY,,False,1,6HXM,FLC,1,False,1.3,0.982,0.052,16.0
ACLY,,False,2,6HXL,CAO,2,False,1.35,0.979,0.043,16.0
ACLY,,False,3,5TDE,FLC,3,False,1.7,0.991,0.058,16.0
ACLY,,False,4,6Z2H,Q5B,4,False,1.8,0.969,0.058,16.0
ACLY,,False,5,5TDF,7A3,5,False,1.8,0.968,0.059,16.0
ACP1,,False,1,7KH8,WE7,1,False,1.3,0.99,0.04,7.0
ACP1,,False,2,5KQL,6VY,2,False,1.45,0.965,0.078,7.0
ACP1,,False,3,3N8I,NLA,3,False,1.5,0.991,0.042,7.0
ACP1,,False,4,7UW6,OIF,4,False,1.5,0.988,0.044,7.0
ACP1,,False,5,5KQG,6VX,5,False,1.5,0.984,0.043,7.0
ACVR1,,False,1,6SRH,LU8,1,False,1.25,0.96,0.084,83.0
ACVR1,,False,2,5S7S,LU8,2,False,1.3,0.969,0.071,83.0
ACVR1,,False,3,5S89,LU8,3,False,1.3,0.969,0.073,83.0
ACVR1,,False,4,5S7I,LU8,4,False,1.3,0.968,0.071,83.0
ACVR1,,False,5,5S8A,LU8,5,False,1.3,0.968,0.077,83.0
ACVRL1,,False,1,3MY0,LDN,1,False,2.65,0.471,0.169,3.0
ADA,,False,1,3IAR,3D1,1,False,1.52,0.955,0.056,1.0
ADAM17,,False,1,2DDF,INN,1,False,1.7,0.944,0.092,21.0
ADAM17,,False,2,3L0V,724,2,False,1.75,0.835,0.163,21.0
ADAM17,,False,3,3KMC,403,3,False,1.8,0.948,0.076,21.0
ADAM17,,False,4,3EWJ,642,4,False,1.8,0.918,0.106,21.0
ADAM17,,False,5,3LE9,727,5,False,1.85,0.971,0.072,21.0
ADAMTS4,,False,1,4WK7,3PQ,1,False,1.24,0.921,0.106,4.0
ADAMTS4,,False,2,4WKI,3PW,2,False,1.6,0.913,0.11,4.0
ADAMTS4,,False,3,4WKE,3PU,3,False,,,,4.0
ADAMTS4,,False,4,2RJP,886,4,False,2.8,0.948,0.083,4.0
ADAMTS5,,False,1,3HYG,099,1,False,1.4,0.993,0.023,7.0
ADAMTS5,,False,2,3B8Z,294,2,False,1.4,0.912,0.108,7.0
ADAMTS5,,False,3,3LJT,LA3,3,False,1.6,0.868,0.098,7.0
ADAMTS5,,False,4,3HY7,097,4,False,1.69,0.95,0.07,7.0
ADAMTS5,,False,5,3HY9,098,5,False,2.02,0.905,0.092,7.0
ADK,,False,1,1BX4,ADN,1,False,1.5,0.946,0.115,7.0
ADK,,False,2,2I6A,5I5,2,False,2.2,0.95,0.126,7.0
ADK,,False,3,2I6B,89I,3,False,2.3,0.82,0.219,7.0
ADK,,False,4,9O7R,UW5,4,False,2.41,0.967,0.057,7.0
ADK,,False,5,4O1L,HO4,5,False,,,,7.0
ADORA1,,False,1,5UEN,DU1,1,False,3.2,0.913,0.132,2.0
ADORA1,,False,2,5N2S,8K8,2,False,3.303,0.887,0.177,2.0
ADORA2A,,False,1,5NM4,CLR,1,False,1.7,0.963,0.06,150.0
ADORA2A,,False,2,9H37,CLR,2,False,1.715,0.985,0.047,150.0
ADORA2A,,False,3,5IU4,CLR,3,False,1.72,0.976,0.051,150.0
ADORA2A,,False,4,9H2X,CLR,4,False,1.75,0.969,0.061,150.0
ADORA2A,,False,5,6LPK,ER0,5,False,1.8,0.965,0.102,150.0
ADRA2A,,False,1,6KUX,E3F,1,False,2.7,0.951,0.136,2.0
ADRA2A,,False,2,6KUY,E39,2,False,3.2,0.852,0.171,2.0
ADRA2C,,False,1,6KUW,CLR,1,False,2.8,0.914,0.119,1.0
ADRB1,,False,1,7BVQ,CLR,1,False,2.5,0.917,0.13,4.0
ADRB1,,False,2,7BU7,CLR,2,False,2.6,0.909,0.147,4.0
ADRB1,,False,3,7BU6,CLR,3,False,2.7,0.946,0.129,4.0
ADRB1,,False,4,7BTS,CLR,4,False,3.13,0.939,0.103,4.0
ADRB2,,False,1,6PS2,CLR,1,False,2.4,0.952,0.116,37.0
ADRB2,,False,2,2RH1,12P,2,False,2.4,0.922,0.219,37.0
ADRB2,,False,3,9RKG,12P,3,False,2.45,0.958,0.118,37.0
ADRB2,,False,4,9RKF,12P,4,False,2.45,0.953,0.105,37.0
ADRB2,,False,5,5D5A,12P,5,False,2.4826,0.946,0.11,37.0
AGTR1,,False,1,6OS2,CLR,1,False,2.7,0.878,0.147,6.0
AGTR1,,False,2,6OS1,CLR,2,False,2.794,0.896,0.188,6.0
AGTR1,,False,3,4ZUD,OLM,3,False,2.8,0.984,0.048,6.0
AGTR1,,False,4,4YAY,ZD7,5,False,2.9,0.614,0.128,6.0
AHCY,,False,1,9QYI,ADN,1,False,1.59,0.981,0.041,10.0
AHCY,,False,2,9QYJ,ADN,2,False,1.93,0.975,0.041,10.0
AHCY,,False,3,1LI4,NOC,3,False,2.01,0.969,0.068,10.0
AHCY,,False,4,4PFJ,ADN,4,False,2.3,0.977,0.052,10.0
AHCY,,False,5,5W49,9W1,5,False,2.4,0.944,0.09,10.0
AKR1C1,,False,1,1MRQ,STR,1,False,1.59,0.971,0.053,8.0
AKR1C1,,False,2,3C3U,C2U,2,False,1.8,0.996,0.019,8.0
AKR1C1,,False,3,8JP2,DFV,3,False,1.8,0.976,0.049,8.0
AKR1C1,,False,4,3NTY,5P3,4,False,1.87,0.998,0.014,8.0
AKR1C1,,False,5,3GUG,C2U,5,False,1.9,0.977,0.053,8.0
AKR1C2,,False,1,4XO6,AOX,1,False,1.2,0.979,0.054,16.0
AKR1C2,,False,2,1J96,TES,2,False,1.25,0.964,0.06,16.0
AKR1C2,,False,3,4JTR,IBP,3,False,1.3,0.982,0.048,16.0
AKR1C2,,False,4,4JQA,ID8,4,False,1.45,0.985,0.041,16.0
AKR1C2,,False,5,4JQ4,IMN,5,False,1.52,0.979,0.048,16.0
AKT1,CHEMBL4282_AKT1,True,1,1UNQ,4IP,1,False,0.98,0.995,0.034,35.0
AKT1,CHEMBL4282_AKT1,True,2,1H10,4IP,2,False,1.4,0.992,0.028,35.0
AKT1,CHEMBL4282_AKT1,True,3,4GV1,0XZ,3,False,1.49,0.969,0.051,35.0
AKT1,CHEMBL4282_AKT1,True,4,8UW9,XQ2,4,False,1.9,0.952,0.074,35.0
AKT1,CHEMBL4282_AKT1,True,5,7NH5,UC8,5,False,1.9,0.952,0.086,35.0
AKT2,,False,1,2JDO,I5S,3,False,1.8,0.993,0.025,13.0
AKT2,,False,2,2X39,X39,4,False,1.93,0.94,0.087,13.0
AKT2,,False,3,9C1W,XOO,5,False,2.0,0.995,0.026,13.0
ALDH1A3,,False,1,7QK9,P4C,1,False,1.782,0.899,0.1,9.0
ALDH1A3,,False,2,7QK8,P4C,2,False,1.893,0.938,0.111,9.0
ALDH1A3,,False,3,6TGW,N98,4,False,2.8,0.996,0.029,9.0
ALDH1A3,,False,4,5FHZ,REA,5,False,2.9,0.924,0.098,9.0
ALDH2,,False,1,3INJ,BXB,4,False,1.688,0.993,0.03,25.0
ALK,,False,1,4Z55,4LO,1,False,1.55,0.932,0.082,59.0
ALK,,False,2,9GBE,A1IJ8,2,False,1.58,0.845,0.13,59.0
ALK,,False,3,5A9U,5P8,3,False,1.6,0.848,0.142,59.0
ALK,,False,4,8ARJ,NRR,4,False,1.645,0.959,0.059,59.0
ALK,,False,5,4CLJ,5P8,5,False,1.66,0.864,0.132,59.0
ALOX5,CHEMBL215_ALOX5,True,1,3V99,ACD,4,False,2.252,0.998,0.019,9.0
ANPEP,,False,1,4FYR,BES,3,False,1.91,0.979,0.05,10.0
AOC3,,False,1,4BTX,WF8,3,False,2.78,0.976,0.064,11.0
AOC3,,False,2,4BTW,JW7,4,False,2.8,0.989,0.027,11.0
APEX1,,False,1,7TC2,GID,1,False,1.43,0.999,0.018,4.0
APEX1,,False,2,1BIX,PT,3,False,2.2,0.909,0.122,4.0
APOL1,,False,1,7LFD,FLC,1,False,2.157,0.931,0.092,1.0
APP,,False,1,7OW1,FLC,2,False,1.4,0.996,0.018,14.0
AR,,False,1,8E1A,3E0,1,False,1.2,0.989,0.049,92.0
AR,,False,2,7ZTZ,DHT,2,False,1.4,0.944,0.069,92.0
AR,,False,3,4OHA,HFT,3,False,1.42,0.966,0.056,92.0
AR,,False,4,5V8Q,97A,4,False,1.44,0.96,0.055,92.0
AR,,False,5,2AX6,HFT,5,False,1.5,0.964,0.054,92.0
ARAF,,False,1,8VSM,WQN,1,False,1.5,0.951,0.085,3.0
ARAF,,False,2,8VSN,WQT,2,False,1.91,0.926,0.088,3.0
ARAF,,False,3,9AXM,A1AHE,3,False,2.42,0.945,0.101,3.0
ARG1,,False,1,2AEB,ABH,1,False,1.29,0.995,0.024,48.0
ARG1,,False,2,4HWW,X7A,2,False,1.298,0.994,0.022,48.0
ARG1,,False,3,4HXQ,X8A,4,False,1.45,0.986,0.035,48.0
ASH1L,,False,1,6WZW,UG7,1,False,1.69,0.972,0.053,10.0
ASH1L,,False,2,6X0P,UK7,2,False,1.69,0.955,0.073,10.0
AURKA,,False,1,6VPM,R74,1,False,1.58,0.887,0.095,150.0
AURKA,,False,2,5ORL,A4W,4,False,1.69,0.975,0.055,150.0
AURKB,,False,1,4AF3,VX6,1,False,2.75,0.908,0.087,1.0
AURKC,,False,1,6GR8,F8Z,1,False,1.75,0.953,0.063,2.0
AURKC,,False,2,6GR9,VX6,2,False,2.25,0.966,0.068,2.0
AXL,,False,1,5U6B,7YS,1,False,2.84,0.913,0.101,1.0
BACE1,,False,1,7MYI,ZQS,1,False,1.25,0.995,0.03,145.0
BACE1,,False,2,6UWP,QKA,2,False,1.29,0.99,0.04,145.0
BACE1,,False,3,6EQM,BUH,3,False,1.35,0.963,0.052,145.0
BACE1,,False,4,4L7G,1W0,4,False,1.38,0.955,0.075,145.0
BACE1,,False,5,6EJ2,B7E,5,False,1.46,0.994,0.028,145.0
BCAT2,,False,1,5CR5,EL1,2,False,1.61,0.982,0.069,30.0
BCAT2,,False,2,5I5X,68C,3,False,1.65,0.986,0.042,30.0
BCAT2,,False,3,5BWX,4W4,4,False,1.703,0.963,0.053,30.0
BCHE,,False,1,6ZWI,QRH,1,False,1.85,0.903,0.124,107.0
BCHE,,False,2,6QAA,HUN,2,False,1.897,0.892,0.15,107.0
BCHE,,False,3,7AWG,S6Q,3,False,2.0,0.966,0.067,107.0
BCL2,,False,1,8HTS,N2L,1,False,1.25,0.941,0.076,38.0
BCL2,,False,2,6GL8,F3Q,2,False,1.4,0.976,0.065,38.0
BCL2,,False,3,6QGG,J1H,3,False,1.5,0.98,0.049,38.0
BCL2,,False,4,9IGG,A1I4B,4,False,1.5,0.964,0.065,38.0
BCL2,,False,5,8HTR,MWH,5,False,1.6,0.986,0.042,38.0
BCL2A1,,False,1,9GIR,A1ILX,1,False,1.075,0.947,0.077,12.0
BCL2A1,,False,2,9GIT,A1ILW,2,False,1.145,0.921,0.087,12.0
BCL2A1,,False,3,9GIS,A1ILU,3,False,1.387,0.881,0.139,12.0
BCL2A1,,False,4,9GIQ,A1ILV,4,False,1.421,0.919,0.092,12.0
BCL2A1,,False,5,9S6M,A1JL2,5,False,1.427,0.854,0.125,12.0
BCL6,,False,1,7LWE,YND,1,False,1.17,0.978,0.052,145.0
BCL6,,False,2,7RV1,7RH,2,False,1.17,0.969,0.059,145.0
BCL6,,False,3,7OKL,VJ5,3,False,1.2,0.963,0.066,145.0
BCL6,,False,4,7LWF,YNA,4,False,1.22,0.983,0.056,145.0
BCL6,,False,5,7RV8,7ST,5,False,1.25,0.979,0.051,145.0
BCR,,False,1,5OC7,IP2,1,False,1.652,0.691,0.116,1.0
BLM,,False,1,7AUD,RY8,5,False,2.96,0.988,0.041,6.0
BMP1,,False,1,6BSL,EVV,3,False,1.45,0.892,0.122,8.0
BMP1,,False,2,6BTQ,E8S,4,False,1.75,0.845,0.15,8.0
BMP1,,False,3,6BTP,E8J,5,False,1.93,0.831,0.141,8.0
BMPR1B,,False,1,3MDY,LDN,1,False,2.05,0.962,0.056,1.0
BMX,,False,1,8X2A,LTJ,1,False,1.3,0.96,0.063,4.0
BMX,,False,2,3SXS,PP2,2,False,1.89,0.91,0.086,4.0
BMX,,False,3,6I99,H88,3,False,2.001,0.952,0.083,4.0
BMX,,False,4,3SXR,1N1,4,False,2.4,0.98,0.046,4.0
BRAF,CHEMBL5145_BRAF,True,1,8VSO,WQN,1,False,1.5,0.936,0.106,101.0
BRAF,CHEMBL5145_BRAF,True,2,8JNB,USX,2,False,1.62,0.922,0.096,101.0
BRAF,CHEMBL5145_BRAF,True,3,8C7Y,TXV,3,True,1.65,0.984,0.039,101.0
BRAF,CHEMBL5145_BRAF,True,4,8C7X,TXV,4,False,1.65,0.983,0.041,101.0
BRAF,CHEMBL5145_BRAF,True,5,9BP8,A1AQY,5,False,1.73,0.988,0.041,101.0
BRD3,,False,1,6QJU,J58,1,False,1.202,0.927,0.152,16.0
BRD3,,False,2,3S92,JQ1,2,False,1.36,0.987,0.039,16.0
BRD3,,False,3,7LAY,5W2,3,False,1.45,0.971,0.076,16.0
BRD3,,False,4,7L72,79C,5,False,1.5,0.751,0.212,16.0
BRD4,CHEMBL1163125_BRD4,True,1,4QB3,30M,1,False,0.94,0.897,0.183,143.0
BRD4,CHEMBL1163125_BRD4,True,2,6FO5,DZH,2,False,0.95,0.979,0.056,143.0
BRD4,CHEMBL1163125_BRD4,True,3,4ZC9,4MW,4,False,0.99,0.952,0.078,143.0
BRD4,CHEMBL1163125_BRD4,True,4,9P34,A1CGY,5,False,0.99,0.765,0.184,143.0
BTK,,False,1,5P9J,8E8,1,False,1.08,0.946,0.085,144.0
BTK,,False,2,6DI1,GJD,2,False,1.1,0.936,0.087,144.0
BTK,,False,3,5P9I,1E8,3,False,1.11,0.957,0.078,144.0
BTK,,False,4,6HRP,GMQ,4,False,1.12,0.973,0.068,144.0
BTK,,False,5,6E4F,HRA,5,False,1.15,0.977,0.064,144.0
BUB1,,False,1,9RJ4,A1JG7,1,False,1.85,0.966,0.075,6.0
BUB1,,False,2,6F7B,CVQ,2,False,2.0,0.954,0.061,6.0
BUB1,,False,3,9RJ2,A1JG6,4,False,2.3,0.822,0.121,6.0
C5AR1,,False,1,6C1R,EFD,1,False,2.2,0.95,0.072,3.0
C5AR1,,False,2,5O9H,9P2,2,False,2.7,0.936,0.069,3.0
C5AR1,,False,3,6C1Q,9P2,3,False,2.9,0.89,0.107,3.0
CA1,,False,1,7Q0D,84Z,1,False,1.24,0.947,0.192,53.0
CA1,,False,2,8CDX,UE7,2,False,1.335,0.958,0.089,53.0
CA1,,False,3,6I0J,GZE,3,False,1.35,0.927,0.129,53.0
CA1,,False,4,6Y00,O5T,4,False,1.37,0.964,0.081,53.0
CA1,,False,5,8S4F,VV8,5,False,1.39,0.881,0.215,53.0
CA12,,False,1,9FN7,A1ID0,1,False,1.12,0.991,0.055,38.0
CA12,,False,2,9F2O,A1H89,2,False,1.12,0.99,0.051,38.0
CA12,,False,3,9F30,A1H92,3,False,1.12,0.986,0.064,38.0
CA12,,False,4,9R0U,A1H92,4,False,1.19,0.99,0.051,38.0
CA12,,False,5,5MSA,3TV,5,False,1.2,0.986,0.054,38.0
CA2,,False,1,3K34,SUA,1,False,0.9,0.999,0.046,141.0
CA2,,False,2,6ROB,BE7,5,False,0.929,0.986,0.047,141.0
CACNA1C,,False,1,5V2Q,8VY,1,False,1.7,0.785,0.146,4.0
CACNA1C,,False,2,5V2P,8VY,2,False,2.0,0.932,0.088,4.0
CALCRL,,False,1,6ZHO,QLQ,1,False,1.6,0.967,0.06,9.0
CALCRL,,False,2,8AX7,OL0,2,False,1.65,0.956,0.103,9.0
CALCRL,,False,3,7P0F,7IR,4,False,1.85,0.919,0.128,9.0
CALCRL,,False,4,8AX6,OP9,5,False,1.9,0.904,0.099,9.0
CAMK2A,,False,1,9EOY,A1H6K,3,False,2.1,0.869,0.144,13.0
CAMK2A,,False,2,7REC,7ZV,4,False,2.2,0.944,0.076,13.0
CAMK2A,,False,3,7UJQ,UZD,5,False,2.25,0.952,0.105,13.0
CAMK2B,,False,1,3BHH,5CP,1,False,2.4,0.934,0.089,2.0
CAMK2D,,False,1,2WEL,K88,1,False,1.9,0.957,0.075,5.0
CAMK2D,,False,2,5VLO,9EJ,2,False,2.05,0.91,0.11,5.0
CAMK2D,,False,3,6AYW,C2V,3,False,2.05,0.884,0.173,5.0
CAMK2D,,False,4,2VN9,GVD,4,False,2.3,0.918,0.107,5.0
CAMK2D,,False,5,9BLH,6ZZ,5,False,2.35,0.912,0.112,5.0
CAMK2G,,False,1,2V7O,DRN,1,False,2.25,0.923,0.106,2.0
CAPN1,,False,1,7W7O,06Q,1,False,1.59,0.957,0.071,4.0
CAPN1,,False,2,7X79,89K,2,False,1.8,0.965,0.062,4.0
CAPN1,,False,3,8GX3,KJ0,3,False,1.99,0.953,0.069,4.0
CAPN1,,False,4,1ZCM,C1N,4,False,2.0,0.859,0.153,4.0
CASP7,,False,1,5V6Z,8YJ,1,False,2.6,0.959,0.072,7.0
CASP7,,False,2,5V6U,8YM,2,False,2.8,0.855,0.299,7.0
CASP7,,False,3,1SHJ,NXN,3,False,2.8,0.817,0.195,7.0
CASP7,,False,4,8DGZ,8YJ,4,False,2.8,0.782,0.331,7.0
CASP7,,False,5,1SHL,FXN,5,False,3.0,0.832,0.245,7.0
CASP8,,False,1,3KJN,B93,3,False,1.8,0.936,0.074,9.0
CASP8,,False,2,3KJQ,B94,4,False,1.8,0.91,0.122,9.0
CASR,,False,1,5FBK,TCR,1,False,2.1,0.971,0.058,4.0
CASR,,False,2,5K5S,TRP,2,False,2.6,0.901,0.083,4.0
CASR,,False,3,5FBH,TCR,3,False,2.7,0.973,0.08,4.0
CBLB,,False,1,8QTG,WUQ,1,False,1.419,0.966,0.042,15.0
CBLB,,False,2,8QTJ,WUI,2,False,1.523,0.965,0.054,15.0
CBLB,,False,3,9FQJ,A1IE5,3,False,1.563,0.904,0.079,15.0
CBLB,,False,4,8VW5,A1AD4,4,False,1.76,0.951,0.063,15.0
CBLB,,False,5,10ZJ,A1DCC,5,False,1.77,0.954,0.066,15.0
CCND1,,False,1,9CSK,A1AZ4,1,False,2.253,0.986,0.037,1.0
CCNE1,,False,1,8VQ3,A1AC4,1,False,1.84,0.934,0.1,17.0
CCNE1,,False,2,8VQ4,A1AC5,2,False,1.9,0.923,0.119,17.0
CCNE1,,False,3,9OB4,A1CAF,3,False,1.95,0.928,0.114,17.0
CCNE1,,False,4,9OB3,A1CAH,4,False,1.98,0.924,0.11,17.0
CCNE1,,False,5,9OB6,A1CAI,5,False,2.0,0.958,0.071,17.0
CCNK,,False,1,7NXJ,5I1,3,False,2.36,0.879,0.122,40.0
CCNK,,False,2,8P81,RMF,4,False,2.68,0.837,0.131,40.0
CCNK,,False,3,5ACB,5I1,5,False,2.7,0.848,0.151,40.0
CCNT1,,False,1,3BLR,CPB,1,False,2.8,0.968,0.07,21.0
CCNT1,,False,2,3MY1,RFZ,2,False,2.8,0.926,0.12,21.0
CCNT1,,False,3,7NWK,UT5,3,False,2.81,0.931,0.079,21.0
CCR2,,False,1,6GPX,F7N,1,False,2.7,0.915,0.097,3.0
CCR2,,False,2,5T1A,73R,2,False,2.806,0.913,0.129,3.0
CCR2,,False,3,6GPS,F7N,3,False,3.3,0.925,0.158,3.0
CCR5,,False,1,5UIW,OLC,1,False,2.204,0.947,0.108,5.0
CCR5,,False,2,4MBS,MRV,2,False,2.71,0.916,0.116,5.0
CCR5,,False,3,6AKX,A4R,3,False,2.8,0.948,0.093,5.0
CCR5,,False,4,6AKY,A4X,4,False,2.8,0.853,0.147,5.0
CCR5,,False,5,9WP1,A3P,5,False,3.2,0.921,0.099,5.0
CCR9,,False,1,5LWE,79K,1,False,2.8,0.956,0.092,1.0
CD274,,False,1,9I0U,A1IZJ,1,False,1.46,0.911,0.127,42.0
CD274,,False,2,5N2F,8HW,3,False,1.7,0.858,0.114,42.0
CD274,,False,3,9QSM,A1JAE,4,False,1.75,0.949,0.087,42.0
CD274,,False,4,8XR5,A1LV3,5,False,1.95,0.937,0.076,42.0
CD38,,False,1,6VUA,ROJ,1,False,1.5,0.989,0.037,39.0
CD38,,False,2,2O3S,CXR,2,False,1.5,0.916,0.11,39.0
CD38,,False,3,3ROK,27C,4,False,1.65,0.968,0.075,39.0
CD38,,False,4,3DZG,RF5,5,False,1.65,0.961,0.071,39.0
CDC25B,,False,1,4WH9,3M8,1,False,1.5,0.964,0.081,5.0
CDC25B,,False,2,1CWS,WO4,3,False,2.0,0.96,0.077,5.0
CDC25B,,False,3,9T0A,A1JSQ,4,False,2.04,0.962,0.083,5.0
CDC25B,,False,4,1CWT,MMC,5,False,,,,5.0
CDC7,,False,1,6YA6,0SX,1,False,1.44,0.97,0.051,9.0
CDC7,,False,2,4F9C,0SX,4,False,2.08,0.926,0.086,9.0
CDK1,,False,1,6GU2,F9Z,1,False,2.0,0.907,0.115,9.0
CDK1,,False,2,5LQF,4SP,2,False,2.06,0.957,0.058,9.0
CDK1,,False,3,4Y72,LZ9,3,False,2.3,0.957,0.058,9.0
CDK1,,False,4,5HQ0,LZ9,4,False,2.3,0.947,0.096,9.0
CDK1,,False,5,6GU6,1QK,5,False,2.33,0.955,0.079,9.0
CDK12,,False,1,8P81,RMF,2,False,2.68,0.848,0.151,38.0
CDK12,,False,2,5ACB,5I1,3,False,2.7,0.867,0.127,38.0
CDK12,,False,3,9JK1,A1EB3,4,False,2.72,0.925,0.096,38.0
CDK12,,False,4,6CKX,8M1,5,False,2.8,0.929,0.103,38.0
CDK13,,False,1,7NXJ,5I1,2,False,2.36,0.913,0.097,2.0
CDK4,CHEMBL1907601_CDK4_CyclinD1,True,1,9CSK,A1AZ4,1,False,2.253,0.986,0.037,2.0
CDK5,,False,1,4AU8,Z3R,1,False,1.9,0.983,0.048,9.0
CDK5,,False,2,3O0G,3O0,2,False,1.95,0.924,0.101,9.0
CDK5,,False,3,7VDP,65L,3,False,2.09,0.949,0.078,9.0
CDK5,,False,4,1UNL,RRC,4,False,2.2,0.869,0.101,9.0
CDK5,,False,5,1UNG,ALH,5,False,2.3,0.988,0.028,9.0
CDK5R1,,False,1,3O0G,3O0,1,False,1.95,0.924,0.101,8.0
CDK5R1,,False,2,7VDP,65L,2,False,2.09,0.949,0.078,8.0
CDK5R1,,False,3,1UNL,RRC,3,False,2.2,0.869,0.101,8.0
CDK5R1,,False,4,1UNG,ALH,4,False,2.3,0.988,0.028,8.0
CDK5R1,,False,5,1UNH,IXM,5,False,2.35,0.967,0.066,8.0
CDK6,,False,1,9PE8,A1AZ4,1,False,1.8,0.943,0.072,17.0
CDK6,,False,2,6OQO,N1J,2,False,1.977,0.933,0.089,17.0
CDK6,,False,3,9D8U,A1AZ4,3,False,2.0,0.853,0.103,17.0
CDK6,,False,4,9PE7,A1CIF,4,False,2.05,0.938,0.09,17.0
CDK7,,False,1,8R9A,I74,1,False,1.71,0.896,0.114,8.0
CDK7,,False,2,8R9U,YNK,3,False,1.937,0.979,0.051,8.0
CDK7,,False,3,8R9O,YN3,5,False,2.22,0.943,0.087,8.0
CDK9,,False,1,3BLR,CPB,1,False,2.8,0.968,0.07,21.0
CDK9,,False,2,3MY1,RFZ,2,False,2.8,0.926,0.12,21.0
CDK9,,False,3,7NWK,UT5,3,False,2.81,0.931,0.079,21.0
CES1,,False,1,9KWL,A1EIY,2,False,1.83,0.958,0.094,19.0
CES1,,False,2,9KWM,A1EIZ,4,False,1.89,0.965,0.077,19.0
CETP,CHEMBL3572_CETP,True,1,2OBD,PCW,1,False,2.1,0.978,0.097,3.0
CETP,CHEMBL3572_CETP,True,2,4F2A,PCW,3,True,3.11,0.94,0.133,3.0
CFB,,False,1,6QSW,JGT,1,False,1.64,0.914,0.086,15.0
CFB,,False,2,6RAV,JGQ,2,False,1.7,0.927,0.112,15.0
CFB,,False,3,6T8W,MVW,3,False,1.7,0.832,0.103,15.0
CFB,,False,4,6QSX,JGN,4,False,1.77,0.856,0.106,15.0
CFD,,False,1,5NAT,8RT,1,False,1.17,0.965,0.057,29.0
CFD,,False,2,5NAW,8RZ,2,False,1.25,0.828,0.116,29.0
CFD,,False,3,5MT0,QJS,3,False,1.29,0.71,0.177,29.0
CFD,,False,4,5NB7,8NQ,4,False,1.33,0.973,0.049,29.0
CFD,,False,5,6FUH,E88,5,False,1.37,0.825,0.123,29.0
CFTR,,False,1,7QI1,Q95,2,False,1.76,0.974,0.079,31.0
CFTR,,False,2,5TFJ,DCP,4,False,1.85,0.98,0.06,31.0
CHEK2,,False,1,2YCF,YCF,1,False,1.77,0.947,0.081,34.0
CHEK2,,False,2,2YIQ,YIQ,2,False,1.89,0.941,0.073,34.0
CHEK2,,False,3,2YCQ,UPX,3,False,2.05,0.954,0.066,34.0
CHEK2,,False,4,2W0J,ZAT,4,False,2.05,0.949,0.067,34.0
CHEK2,,False,5,2W7X,D1A,5,False,2.07,0.969,0.066,34.0
CHKA,,False,1,5FTG,NBR,1,False,1.45,0.933,0.112,24.0
CHKA,,False,2,5FUT,PQ7,2,False,1.6,0.953,0.073,24.0
CHKA,,False,3,3G15,HC6,3,False,1.7,0.918,0.087,24.0
CHKA,,False,4,4CGA,QLW,4,False,1.74,0.83,0.158,24.0
CHKA,,False,5,4CG8,G8S,5,False,1.75,0.937,0.07,24.0
CHRM1,,False,1,6ZFZ,OLC,1,False,2.17,0.934,0.088,5.0
CHRM1,,False,2,6ZG4,QK8,2,False,2.33,0.959,0.067,5.0
CHRM1,,False,3,6ZG9,QK2,3,False,2.5,0.921,0.089,5.0
CHRM1,,False,4,6WJC,Y01,4,False,2.55,0.927,0.109,5.0
CHRM1,,False,5,5CXV,Y01,5,False,2.7,0.953,0.144,5.0
CHRM2,,False,1,5ZKC,3C0,1,False,2.3,0.924,0.084,8.0
CHRM2,,False,2,5YC8,3C0,2,False,2.5,0.93,0.107,8.0
CHRM2,,False,3,5ZK3,QNB,3,False,2.6,0.946,0.105,8.0
CHRM2,,False,4,5ZKB,82F,4,False,2.95,0.776,0.159,8.0
CHRM2,,False,5,3UON,QNB,5,False,3.0,0.97,0.071,8.0
CHRM4,,False,1,5DSG,0HK,1,False,2.6,0.956,0.08,1.0
CHRM5,,False,1,6OL9,0HK,1,False,2.541,0.947,0.086,1.0
CHRNA3,,False,1,4ZK4,TII,1,False,1.901,0.942,0.075,3.0
CHRNA3,,False,2,5TVC,7LB,2,False,1.926,0.888,0.114,3.0
CHRNA3,,False,3,5SYO,C5E,3,False,2.0,0.941,0.102,3.0
CHRNA9,,False,1,4UXU,MLK,1,False,1.71,0.944,0.079,4.0
CNR1,,False,1,5U09,7DY,1,False,2.6,0.928,0.125,7.0
CNR1,,False,2,7FEE,CLR,2,False,2.7,0.916,0.112,7.0
CNR1,,False,3,5XRA,8D3,3,False,2.8,0.96,0.092,7.0
CNR1,,False,4,5TGZ,ZDG,4,False,2.8,0.944,0.104,7.0
CNR1,,False,5,5XR8,8D0,5,False,2.95,0.959,0.102,7.0
COMT,,False,1,3BWY,DNC,1,False,1.3,0.978,0.049,9.0
COMT,,False,2,6I3C,DNC,2,False,1.336,0.994,0.029,9.0
COMT,,False,3,6I3D,SFG,3,False,1.45,0.985,0.036,9.0
COMT,,False,4,5LSA,DNC,4,False,1.5,0.965,0.048,9.0
COMT,,False,5,4XUC,43G,5,False,1.8,0.964,0.057,9.0
COPS5,,False,1,5JOH,6M3,1,False,1.99,0.933,0.117,3.0
COPS5,,False,2,5M5Q,7K1,2,False,2.2,0.951,0.082,3.0
COPS5,,False,3,5JOG,6LT,3,False,2.46,0.897,0.137,3.0
CRBN,,False,1,9OHQ,A1CBH,1,False,1.6,0.965,0.05,43.0
CRBN,,False,2,9CUO,A1A0J,2,False,1.6,0.911,0.112,43.0
CRBN,,False,3,9DOM,A1A8N,3,False,1.69,0.894,0.131,43.0
CRBN,,False,4,7BQV,F4U,4,False,1.8,0.887,0.111,43.0
CRBN,,False,5,9O91,A1CAC,5,False,1.86,0.962,0.084,43.0
CREBBP,,False,1,5I86,69A,1,False,1.05,0.966,0.08,106.0
CREBBP,,False,2,5J0D,6F9,2,False,1.05,0.946,0.099,106.0
CREBBP,,False,3,5I89,69B,3,False,1.07,0.982,0.048,106.0
CREBBP,,False,4,5KTW,6XG,4,False,1.087,0.99,0.036,106.0
CREBBP,,False,5,4NYX,2O4,5,False,1.1,0.98,0.049,106.0
CRHR1,,False,1,8GTI,0JS,1,False,2.2,0.97,0.081,5.0
CRHR1,,False,2,8GTM,0VI,2,False,2.6,0.952,0.104,5.0
CRHR1,,False,3,8GTG,CW9,3,False,2.75,0.929,0.118,5.0
CRHR1,,False,4,4Z9G,1Q5,5,False,3.183,0.971,0.092,5.0
CSF1R,CHEMBL1844_CSF1R,True,1,8JOT,UKI,1,False,1.69,0.935,0.109,24.0
CSF1R,CHEMBL1844_CSF1R,True,2,6T2W,M9T,2,False,1.7,0.978,0.046,24.0
CSF1R,CHEMBL1844_CSF1R,True,3,6IG8,A7O,3,True,1.8,0.95,0.071,24.0
CSF1R,CHEMBL1844_CSF1R,True,4,2I1M,5CN,4,False,1.8,0.904,0.103,24.0
CSF1R,CHEMBL1844_CSF1R,True,5,2I0Y,5CN,5,False,1.9,0.934,0.068,24.0
CSK,,False,1,1BYG,STU,1,False,,,,2.0
CSK,,False,2,3D7T,STU,2,False,2.899,0.96,0.08,2.0
CSNK1A1,,False,1,6GZD,LCI,1,False,2.28,0.89,0.117,3.0
CSNK1A1,,False,2,5FQD,LVY,2,False,2.45,0.971,0.06,3.0
CSNK1A1,,False,3,8G66,YOT,3,False,3.45,0.932,0.085,3.0
CSNK1D,,False,1,6RCG,K0E,1,False,1.4,0.937,0.067,37.0
CSNK1D,,False,2,6RCH,K0B,2,False,1.45,0.979,0.04,37.0
CSNK1D,,False,3,8IZC,S93,3,False,1.45,0.96,0.058,37.0
CSNK1D,,False,4,6GZM,LCI,4,False,1.59,0.978,0.056,37.0
CSNK1D,,False,5,4TWC,37J,5,False,1.7,0.963,0.055,37.0
CSNK1E,,False,1,4HNI,16W,1,False,2.74,0.888,0.143,1.0
CSNK2A1,,False,1,8AEC,LW3,2,False,1.09,0.982,0.07,140.0
CSNK2A1,,False,2,7I7Y,A1BZS,3,False,1.15,0.913,0.116,140.0
CSNK2A1,,False,3,7I8G,A1BZ7,5,False,1.23,0.906,0.111,140.0
CTH,,False,1,9KHN,PPG,2,False,2.0,0.964,0.07,6.0
CTH,,False,2,5TSU,LPI,3,False,2.2,0.98,0.093,6.0
CTH,,False,3,6NBA,P1T,4,False,2.495,0.917,0.122,6.0
CTNNB1,,False,1,7AFW,R9Q,1,False,1.814,0.61,0.179,20.0
CTNNB1,,False,2,9I8X,IJX,2,False,2.0,0.951,0.08,20.0
CTNNB1,,False,3,6M90,J91,3,False,2.05,0.826,0.19,20.0
CTNNB1,,False,4,9I8W,HHT,5,False,2.2,0.959,0.079,20.0
CTSA,,False,1,4CIB,7UZ,1,False,1.89,0.98,0.056,7.0
CTSA,,False,2,4CIA,6KZ,2,False,1.98,0.941,0.072,7.0
CTSA,,False,3,4AZ3,S35,3,False,2.04,0.88,0.089,7.0
CTSA,,False,4,4AZ0,S61,4,False,2.17,0.907,0.105,7.0
CTSB,,False,1,8B4T,P9F,1,False,1.45,0.976,0.043,10.0
CTSB,,False,2,8HE9,0IW,2,False,1.55,0.959,0.053,10.0
CTSB,,False,3,8HEI,E6D,3,False,1.55,0.876,0.106,10.0
CTSB,,False,4,6AY2,C1G,4,False,,,,10.0
CTSB,,False,5,8B5F,P9U,5,False,1.7,0.76,0.195,10.0
CTSC,,False,1,4OEL,TYR,1,False,1.4,0.934,0.093,18.0
CTSC,,False,2,6RNI,KAQ,3,False,1.54,0.893,0.125,18.0
CTSC,,False,3,6RNE,KA8,4,False,1.65,0.957,0.102,18.0
CTSC,,False,4,6RN7,K9W,5,False,1.66,0.877,0.105,18.0
CTSD,CHEMBL2581_CTSD,True,1,6QCB,HWE,1,False,1.55,0.968,0.068,8.0
CTSD,CHEMBL2581_CTSD,True,2,6QBG,HVT,2,False,1.8,0.962,0.062,8.0
CTSD,CHEMBL2581_CTSD,True,3,6QBH,S43,3,False,1.85,0.938,0.085,8.0
CTSD,CHEMBL2581_CTSD,True,4,4OD9,2RZ,4,False,1.9,0.911,0.102,8.0
CTSK,CHEMBL268_CTSK,True,1,4X6H,3XT,1,True,1.0,0.982,0.047,60.0
CTSK,CHEMBL268_CTSK,True,2,6ASH,1XF,3,False,1.423,0.74,0.174,60.0
CTSK,CHEMBL268_CTSK,True,3,3KWZ,KWZ,4,False,1.49,0.96,0.061,60.0
CTSK,CHEMBL268_CTSK,True,4,6QLM,HFH,5,False,1.5,0.991,0.031,60.0
CTSS,,False,1,9GJ2,KH0,1,False,1.15,0.871,0.173,58.0
CTSS,,False,2,6YYR,Q1N,2,False,1.3,0.784,0.188,58.0
CTSS,,False,3,3OVX,O64,3,False,1.49,0.949,0.082,58.0
CTSS,,False,4,6YYO,Q1K,4,False,1.5,0.963,0.066,58.0
CTSS,,False,5,2H7J,H7J,5,False,1.5,0.926,0.103,58.0
CXCR2,,False,1,6LFL,EBX,1,False,3.2,0.927,0.087,1.0
CXCR4,,False,1,3ODU,ITD,1,False,2.5,0.972,0.067,4.0
CXCR4,,False,2,3OE9,ITD,2,False,3.1,0.952,0.055,4.0
CXCR4,,False,3,3OE8,ITD,3,False,3.1,0.916,0.12,4.0
CXCR4,,False,4,3OE6,ITD,4,False,3.2,0.929,0.138,4.0
CYP11B1,,False,1,7E7F,CHD,1,False,1.4,0.973,0.053,2.0
CYP11B1,,False,2,6M7X,JD7,2,False,2.095,0.991,0.044,2.0
CYP11B2,,False,1,4DVQ,1CA,1,False,2.49,0.985,0.054,7.0
CYP11B2,,False,2,4FDH,0T3,2,False,2.71,0.984,0.059,7.0
CYP11B2,,False,3,6XZ9,O4W,3,False,2.77,0.988,0.058,7.0
CYP11B2,,False,4,7M8I,0T3,4,False,2.94,0.982,0.095,7.0
CYP11B2,,False,5,6XZ8,O4T,5,False,3.0,0.972,0.096,7.0
CYP17A1,,False,1,6WR1,AER,1,False,1.85,0.985,0.057,17.0
CYP17A1,,False,2,6WW0,UDJ,2,False,2.01,0.97,0.077,17.0
CYP17A1,,False,3,8FDA,XPK,3,False,2.2,0.977,0.079,17.0
CYP17A1,,False,4,5IRQ,6D7,4,False,2.202,0.981,0.067,17.0
CYP17A1,,False,5,5UYS,8QD,5,False,2.392,0.984,0.062,17.0
CYP19A1,CHEMBL1978_CYP19A1,True,1,3S79,ASD,1,True,2.75,0.989,0.058,11.0
CYP19A1,CHEMBL1978_CYP19A1,True,2,5JKV,ASD,2,False,2.75,0.989,0.061,11.0
CYP19A1,CHEMBL1978_CYP19A1,True,3,3EQM,ASD,3,False,2.9,0.98,0.069,11.0
CYP19A1,CHEMBL1978_CYP19A1,True,4,5JL6,ASD,4,False,3.0,0.986,0.072,11.0
CYP19A1,CHEMBL1978_CYP19A1,True,5,5JKW,TES,5,False,3.0,0.984,0.069,11.0
CYP1A2,,False,1,2HI4,BHF,1,False,1.95,0.968,0.075,1.0
CYP1B1,,False,1,3PM0,BHF,1,False,2.7,0.971,0.075,2.0
CYP1B1,,False,2,6IQ5,AQ0,2,False,3.7,0.864,0.326,2.0
CYP21A2,,False,1,4Y8W,STR,1,False,2.64,0.963,0.076,2.0
CYP21A2,,False,2,5VBU,3QZ,2,False,3.31,0.97,0.081,2.0
CYP2B6,,False,1,5UFG,CM5,1,False,1.76,0.998,0.018,13.0
CYP2B6,,False,2,5UDA,CM5,2,False,1.93,0.987,0.049,13.0
CYP2B6,,False,3,4I91,CM5,3,False,2.0,0.998,0.017,13.0
CYP2B6,,False,4,3IBD,CM5,4,False,2.0,0.984,0.048,13.0
CYP2B6,,False,5,5UAP,CM5,5,False,2.03,0.973,0.066,13.0
CYP2C8,,False,1,2NNJ,225,1,False,2.28,0.979,0.071,5.0
CYP2C8,,False,2,2NNH,9CR,2,False,2.6,0.973,0.088,5.0
CYP2C8,,False,3,2VN0,TDZ,4,False,2.7,0.981,0.078,5.0
CYP2C8,,False,4,2NNI,MTK,5,False,2.8,0.906,0.171,5.0
CYP2D6,,False,1,3TBG,RTZ,1,False,2.1,0.983,0.06,14.0
CYP2D6,,False,2,4WNU,QDN,2,False,2.26,0.985,0.053,14.0
CYP2D6,,False,3,4WNV,QI9,3,False,2.35,0.983,0.065,14.0
CYP2D6,,False,4,6CSD,CPS,4,False,2.391,0.982,0.068,14.0
CYP2D6,,False,5,6CSB,2CV,5,False,2.394,0.986,0.058,14.0
CYP3A4,,False,1,4D6Z,PK9,4,False,1.93,0.974,0.075,122.0
CYP3A5,,False,1,9MS2,A1BNX,2,False,2.25,0.983,0.061,6.0
CYP3A5,,False,2,7SV2,MWY,3,False,2.46,0.982,0.055,6.0
CYP3A5,,False,3,7LAD,XRD,4,False,2.65,0.964,0.1,6.0
CYP3A5,,False,4,8SG5,CE9,5,False,2.8,0.984,0.063,6.0
CYSLTR1,,False,1,6RZ5,ZLK,1,False,2.53,0.969,0.062,2.0
CYSLTR1,,False,2,6RZ4,KNT,2,False,2.7,0.908,0.119,2.0
DDB1,,False,1,9EJQ,A1BIX,2,False,1.87,0.929,0.076,75.0
DDB1,,False,2,9BBI,A1ALB,3,False,1.9,0.875,0.142,75.0
DDB1,,False,3,9FJX,LVY,4,False,2.0,0.969,0.07,75.0
DDB1,,False,4,9BBE,A1AK9,5,False,2.0,0.966,0.05,75.0
DDR2,,False,1,7AYM,4VD,1,False,2.12,0.863,0.219,2.0
DDR2,,False,2,6FER,D6Q,2,False,2.87,0.973,0.053,2.0
DHFR,,False,1,1KMV,LII,1,False,1.05,0.973,0.069,87.0
DHFR,,False,2,1KMS,LIH,2,False,1.09,0.961,0.08,87.0
DHFR,,False,3,5HSR,63Y,4,False,1.21,0.984,0.054,87.0
DHFR,,False,4,3FS6,DH1,5,False,1.23,0.985,0.047,87.0
DHODH,,False,1,4OQV,2V6,1,False,1.23,0.994,0.03,104.0
DHODH,,False,2,9BKN,A1AQK,2,False,1.3,0.994,0.027,104.0
DHODH,,False,3,4IGH,1EA,3,False,1.3,0.994,0.029,104.0
DHODH,,False,4,9EG9,A1BIJ,4,False,1.31,0.993,0.029,104.0
DHODH,,False,5,9DHI,A1A4N,5,False,1.38,0.993,0.031,104.0
DNM1L,,False,1,3W6N,GNH,3,False,2.0,0.885,0.105,6.0
DNM1L,,False,2,4H1U,FLC,5,False,2.3,0.721,0.129,6.0
DNMT1,,False,1,6X9J,X52,1,False,1.79,0.839,0.157,12.0
DNMT1,,False,2,7SFC,I67,2,False,1.97,0.968,0.061,12.0
DNMT1,,False,3,7SFF,C79,3,False,2.05,0.758,0.196,12.0
DNMT1,,False,4,7SFD,IO5,4,False,2.09,0.965,0.069,12.0
DOT1L,,False,1,6TE6,N4W,1,False,1.98,0.986,0.054,32.0
DOT1L,,False,2,3UWP,5ID,2,False,2.05,0.99,0.036,32.0
DOT1L,,False,3,5MW3,5JJ,3,False,2.09,0.98,0.058,32.0
DOT1L,,False,4,4EQZ,AW0,5,False,2.15,0.959,0.074,32.0
DPP4,,False,1,4A5S,N7F,1,False,1.62,0.938,0.076,108.0
DPP4,,False,2,4N8D,2KS,2,False,1.65,0.917,0.116,108.0
DPP4,,False,3,5T4B,75N,3,False,1.76,0.968,0.054,108.0
DPP4,,False,4,5T4E,75L,4,False,1.77,0.963,0.052,108.0
DPP9,,False,1,7ZXS,KBO,1,False,1.81,0.928,0.105,7.0
DPP9,,False,2,9GOC,A1INE,2,False,1.89,0.983,0.045,7.0
DPP9,,False,3,7SVL,D06,4,False,2.46,0.94,0.085,7.0
DPP9,,False,4,9GOD,A1INH,5,False,2.49,0.905,0.131,7.0
DRD1,,False,1,7JOZ,VFP,1,False,3.8,0.899,0.103,1.0
DRD2,,False,1,6CM4,8NU,1,False,2.867,0.935,0.114,3.0
DRD2,,False,2,6LUQ,GMJ,2,False,3.1,0.934,0.118,3.0
DRD2,,False,3,7DFP,SIP,3,False,3.1,0.917,0.118,3.0
DRD3,,False,1,3PBL,ETQ,1,False,2.89,0.946,0.113,1.0
DRD4,,False,1,5WIU,AQD,1,False,1.962,0.961,0.075,2.0
DRD4,,False,2,5WIV,AQD,2,False,2.143,0.951,0.085,2.0
DYRK1A,,False,1,6S14,KQW,1,False,1.05,0.99,0.032,92.0
DYRK1A,,False,2,6S1H,KQZ,2,False,1.05,0.989,0.04,92.0
DYRK1A,,False,3,6S17,KQK,3,False,1.1,0.991,0.031,92.0
DYRK1A,,False,4,6S1B,KRQ,4,False,1.3,0.992,0.073,92.0
DYRK1A,,False,5,4YLK,4E2,5,False,1.4,0.994,0.063,92.0
DYRK1B,,False,1,8C2Z,QS0,1,False,1.91,0.96,0.067,1.0
ECE1,,False,1,3DWB,RDF,1,False,2.38,0.908,0.093,1.0
EDNRB,,False,1,6IGK,OLC,1,False,2.0,0.877,0.145,6.0
EDNRB,,False,2,5X93,K87,2,False,2.2,0.921,0.184,6.0
EDNRB,,False,3,5GLI,OLC,3,False,2.5,0.957,0.088,6.0
EDNRB,,False,4,6K1Q,D2U,4,False,2.7,0.956,0.105,6.0
EDNRB,,False,5,6IGL,OLC,5,False,2.7,0.849,0.169,6.0
EED,,False,1,5U69,LQD,1,False,1.28,0.975,0.05,45.0
EED,,False,2,5U8F,82G,2,False,1.343,0.948,0.073,45.0
EED,,False,3,5U8A,82D,3,False,1.45,0.957,0.064,45.0
EED,,False,4,6SFB,L9W,4,False,1.52,0.968,0.06,45.0
EED,,False,5,5U5T,7W7,5,False,1.6,0.948,0.065,45.0
EGFR,CHEMBL203_EGFR,True,1,8A27,KY9,1,False,1.07,0.98,0.079,141.0
EGFR,CHEMBL203_EGFR,True,2,8A2D,KXY,2,False,1.11,0.923,0.091,141.0
EGFR,CHEMBL203_EGFR,True,3,5UG9,8AM,3,False,1.33,0.947,0.077,141.0
EGFR,CHEMBL203_EGFR,True,4,5HG8,634,4,False,1.42,0.97,0.095,141.0
EGFR,CHEMBL203_EGFR,True,5,8A2A,KY9,5,False,1.43,0.934,0.086,141.0
EGLN1,,False,1,6QGV,J2H,5,False,1.4,0.967,0.06,60.0
EGLN2,,False,1,5V1B,8UY,1,False,2.49,0.997,0.015,1.0
EHMT1,,False,1,9YKR,A1CXM,1,False,1.38,0.984,0.042,20.0
EHMT1,,False,2,6MBO,JDG,4,False,1.591,0.95,0.081,20.0
EHMT1,,False,3,5TTG,7KZ,5,False,1.66,0.957,0.071,20.0
EIF2AK2,,False,1,7OBL,FSC,1,False,1.8,0.928,0.089,4.0
EIF2AK2,,False,2,8QEL,UH3,2,False,2.451,0.907,0.119,4.0
EIF2AK3,,False,1,4X7K,3Z3,1,False,1.8,0.968,0.062,14.0
EIF2AK3,,False,2,4X7L,3Z4,2,False,1.9,0.97,0.075,14.0
EIF2AK3,,False,3,4X7H,3Z2,3,False,2.0,0.918,0.139,14.0
EIF2AK3,,False,4,4G31,0WH,4,False,2.28,0.965,0.078,14.0
EIF2AK3,,False,5,4X7J,3Z1,5,False,2.3,0.936,0.113,14.0
EIF2AK4,,False,1,7QWK,G41,1,False,2.3,0.95,0.079,5.0
EIF2AK4,,False,2,6N3O,KA7,2,False,2.4,0.979,0.051,5.0
EIF2AK4,,False,3,6N3L,KAV,3,False,2.61,0.951,0.066,5.0
EIF2AK4,,False,4,7QQ6,38O,4,False,2.8,0.908,0.106,5.0
EIF2AK4,,False,5,6N3N,KA4,5,False,3.01,0.954,0.073,5.0
ELANE,CHEMBL248_ELANE,True,1,9SI4,A1JN2,1,False,1.14,0.966,0.068,21.0
ELANE,CHEMBL248_ELANE,True,2,5ABW,WQQ,2,False,1.6,0.913,0.093,21.0
ELANE,CHEMBL248_ELANE,True,3,5A0A,JJS,3,True,1.78,0.778,0.121,21.0
ELANE,CHEMBL248_ELANE,True,4,5A09,JJD,4,False,1.81,0.998,0.015,21.0
ELOB,,False,1,7Z76,IFJ,1,False,1.32,0.976,0.058,126.0
ELOB,,False,2,9GIO,3JF,2,False,1.486,0.978,0.064,126.0
ELOB,,False,3,7JTO,VKA,3,False,1.7,0.943,0.077,126.0
ELOB,,False,4,8BDS,QIY,4,False,1.72,0.969,0.073,126.0
ELOC,,False,1,7Z76,IFJ,1,False,1.32,0.976,0.058,126.0
ELOC,,False,2,9GIO,3JF,2,False,1.486,0.967,0.055,126.0
ELOC,,False,3,7JTO,VKA,3,False,1.7,0.953,0.087,126.0
ELOC,,False,4,8BDS,QIY,4,False,1.72,0.88,0.107,126.0
ENPP1,,False,1,6WEU,SRA,3,False,2.65,0.831,0.163,5.0
ENPP1,,False,2,6WEW,TZV,4,False,2.73,0.889,0.155,5.0
ENPP1,,False,3,6WEV,TZS,5,False,2.9,0.951,0.101,5.0
ENPP2,,False,1,4ZG7,4O0,1,False,1.75,0.979,0.05,9.0
ENPP2,,False,2,4ZG6,4NY,2,False,1.8,0.903,0.113,9.0
ENPP2,,False,3,8C3P,NKP,3,False,2.38,0.903,0.126,9.0
ENPP2,,False,4,5MHP,7NB,4,False,2.43,0.915,0.123,9.0
ENPP2,,False,5,8C3O,5JK,5,False,2.47,0.994,0.024,9.0
EP300,,False,1,5BT3,2LO,1,False,1.05,0.951,0.084,35.0
EP300,,False,2,3T92,TCE,2,False,1.5,0.969,0.069,35.0
EP300,,False,3,5NU5,99E,4,False,1.6,0.967,0.068,35.0
EP300,,False,4,3BIY,01K,5,False,1.7,0.995,0.027,35.0
EPAS1,,False,1,4GHI,0X3,5,False,1.5,0.951,0.071,27.0
EPHA2,,False,1,6Q7D,HOT,1,False,0.978,0.953,0.076,74.0
EPHA2,,False,2,6Q7B,HO5,2,False,1.009,0.965,0.065,74.0
EPHA2,,False,3,6FNG,DWT,3,False,1.038,0.955,0.073,74.0
EPHA2,,False,4,6Q7G,HO8,4,False,1.047,0.963,0.067,74.0
EPHA2,,False,5,6Q7C,HOK,5,False,1.049,0.954,0.077,74.0
EPHB4,,False,1,6FNK,DXK,1,False,1.049,0.855,0.127,18.0
EPHB4,,False,2,6FNM,1N1,2,False,1.157,0.958,0.074,18.0
EPHB4,,False,3,6FNJ,DWT,3,False,1.239,0.977,0.054,18.0
EPHB4,,False,4,6FNI,DXH,4,False,1.468,0.947,0.087,18.0
EPHB4,,False,5,2VWX,7X4,5,False,1.65,0.968,0.064,18.0
EPHX2,,False,1,8QZD,XDZ,1,False,1.3,0.83,0.165,135.0
EPHX2,,False,2,8S77,A1H5J,2,False,1.36,0.946,0.091,135.0
EPHX2,,False,3,8S75,A1H5L,3,False,1.42,0.925,0.129,135.0
EPHX2,,False,4,8QMZ,W6O,4,False,1.47,0.817,0.155,135.0
EPHX2,,False,5,8S76,A1H5M,5,False,1.48,0.946,0.098,135.0
ERAP1,,False,1,9GK6,A1IMM,1,False,1.327,0.982,0.052,22.0
ERAP1,,False,2,9GJS,A1IMJ,2,False,1.351,0.942,0.089,22.0
ERAP1,,False,3,9GKE,A1IML,3,False,1.367,0.856,0.114,22.0
ERAP1,,False,4,9TD7,A1JVF,4,False,1.37,0.991,0.043,22.0
ERAP1,,False,5,9TD5,A1JVH,5,False,1.45,0.967,0.067,22.0
ERAP2,,False,1,6EA4,J2G,1,False,2.45,0.929,0.129,14.0
ERAP2,,False,2,7PFS,7OO,3,False,2.7,0.918,0.068,14.0
ERAP2,,False,3,4JBS,P52,5,False,2.789,0.96,0.11,14.0
ERBB2,CHEMBL1824_ERBB2,True,1,8VB5,A1AAC,1,False,1.48,0.76,0.113,21.0
ERBB2,CHEMBL1824_ERBB2,True,2,8U8X,W9N,3,False,1.69,0.682,0.141,21.0
ERBB2,CHEMBL1824_ERBB2,True,3,7PCD,70I,4,False,1.77,0.577,0.199,21.0
ERBB4,,False,1,2R4B,GW7,2,False,2.4,0.985,0.055,5.0
ERBB4,,False,2,3BBT,FMM,4,False,2.8,0.935,0.086,5.0
ERN1,,False,1,6W39,SJG,1,False,1.736,0.964,0.072,19.0
ERN1,,False,2,7BMK,U4N,2,False,1.85,0.976,0.056,19.0
ERN1,,False,3,6W3K,SJS,3,False,2.08,0.923,0.093,19.0
ERN1,,False,4,6HX1,GXK,4,False,2.14,0.952,0.084,19.0
ERN1,,False,5,6URC,QFV,5,False,2.2,0.964,0.075,19.0
ESR1,,False,1,7BAA,T5Z,1,False,1.1,0.972,0.126,150.0
ESR1,,False,2,8BZC,SG0,2,False,1.1,0.951,0.109,150.0
ESR1,,False,3,8BZW,SSX,3,False,1.1,0.95,0.101,150.0
ESR1,,False,4,8C04,GEH,4,False,1.1,0.864,0.176,150.0
ESR1,,False,5,7B9T,T4Z,5,False,1.15,0.968,0.076,150.0
ESR2,,False,1,3OLL,EST,1,False,1.5,0.994,0.02,39.0
ESR2,,False,2,7XVY,I0K,2,False,1.544,0.966,0.059,39.0
ESR2,,False,3,1QKM,GEN,3,False,1.8,0.954,0.073,39.0
ESR2,,False,4,7XWQ,I1M,4,False,1.89,0.947,0.068,39.0
ESR2,,False,5,7XWP,I1I,5,False,1.919,0.943,0.103,39.0
ESRRB,,False,1,6LIT,2OH,1,False,2.0,0.947,0.07,1.0
ESRRG,,False,1,6Y18,O68,1,False,1.3,0.977,0.068,35.0
ESRRG,,False,2,6XY5,O4E,2,False,1.3,0.926,0.117,35.0
ESRRG,,False,3,6XXC,O3W,3,False,1.3,0.76,0.228,35.0
ESRRG,,False,4,6Y3W,O85,4,False,1.34,0.985,0.07,35.0
ESRRG,,False,5,8B4Q,OYI,5,False,1.4,0.954,0.113,35.0
EZH2,,False,1,5U5T,7W7,1,False,1.6,0.987,0.043,18.0
EZH2,,False,2,7QK4,EJR,2,False,1.602,0.975,0.05,18.0
EZH2,,False,3,7QJU,EKF,3,False,1.8,0.992,0.02,18.0
EZH2,,False,4,7QJG,EKR,4,False,1.8,0.872,0.11,18.0
EZH2,,False,5,5H14,LQB,5,False,1.9,0.959,0.062,18.0
F10,,False,1,9I24,0GJ,1,False,1.2,0.982,0.043,147.0
F10,,False,2,2JKH,BI7,2,False,1.25,0.952,0.103,147.0
F10,,False,3,2Y5F,XWG,3,False,1.29,0.976,0.04,147.0
F10,,False,4,2Y5G,FJD,4,False,1.29,0.923,0.117,147.0
F10,,False,5,2Y5H,Y5H,5,False,1.33,0.982,0.049,147.0
F11,CHEMBL2820_F11,True,1,7MBO,YXG,1,True,0.924,0.989,0.047,105.0
F11,CHEMBL2820_F11,True,2,6TS4,J7B,2,False,1.17,0.94,0.083,105.0
F11,CHEMBL2820_F11,True,3,8BO6,QW0,3,False,1.25,0.976,0.047,105.0
F11,CHEMBL2820_F11,True,4,8BO7,QW6,4,False,1.25,0.945,0.082,105.0
F11,CHEMBL2820_F11,True,5,4CRG,J4X,5,False,1.25,0.933,0.11,105.0
F12,,False,1,6X0T,UJ7,1,False,1.388,0.894,0.11,9.0
F12,,False,2,6X0S,UJA,2,False,1.898,0.787,0.141,9.0
F12,,False,3,4XDE,FLC,3,False,2.14,0.996,0.065,9.0
F12,,False,4,6B77,CWV,5,False,2.37,0.903,0.17,9.0
F2,,False,1,4UDW,N6L,5,False,1.16,0.766,0.16,144.0
F2R,,False,1,1NRR,0G6,5,False,2.4,0.751,0.15,6.0
F3,,False,1,6R2W,0Z7,1,False,1.25,0.962,0.061,40.0
F3,,False,2,4YLQ,0Z7,2,False,1.4,0.981,0.046,40.0
F3,,False,3,8QOD,WIZ,3,False,1.573,0.978,0.063,40.0
F7,,False,1,6R2W,0Z7,1,False,1.25,0.953,0.092,107.0
F7,,False,2,5PAX,7ZP,2,False,1.36,0.956,0.06,107.0
F7,,False,3,5PAG,7YJ,3,False,1.36,0.923,0.112,107.0
F7,,False,4,4YLQ,0Z7,4,False,1.4,0.981,0.046,107.0
F7,,False,5,5PAV,7ZM,5,False,1.4,0.976,0.052,107.0
F9,,False,1,5JB9,0G6,1,False,1.3,0.978,0.042,30.0
F9,,False,2,5TNT,7GQ,3,False,1.4,0.962,0.066,30.0
F9,,False,3,5JBA,0G6,4,False,1.4,0.943,0.095,30.0
F9,,False,4,4YZU,4K6,5,False,1.41,0.968,0.054,30.0
FBP1,,False,1,7WJV,LSA,1,False,1.724,0.984,0.044,48.0
FBP1,,False,2,5PZR,93S,3,False,1.9,0.986,0.042,48.0
FBP1,,False,3,5Q09,96A,4,False,1.9,0.95,0.1,48.0
FBP1,,False,4,5PZU,94D,5,False,1.901,0.947,0.108,48.0
FCGRT,,False,1,6C98,ER7,1,False,1.85,0.937,0.136,7.0
FCGRT,,False,2,6QIO,JG5,2,False,1.95,0.982,0.041,7.0
FCGRT,,False,3,6C99,EQY,3,False,2.0,0.982,0.057,7.0
FCGRT,,False,4,6NHA,NHE,4,False,2.381,0.926,0.132,7.0
FDFT1,,False,1,3WEG,FPS,1,False,1.75,0.896,0.127,24.0
FDFT1,,False,2,3WEI,PS7,2,False,1.79,0.91,0.124,24.0
FDFT1,,False,3,3WEK,PS7,4,False,1.85,0.971,0.052,24.0
FDFT1,,False,4,3WEH,PS7,5,False,1.87,0.976,0.06,24.0
FDPS,,False,1,5CG5,RIS,1,False,,,,88.0
FDPS,,False,2,4NUA,RIS,2,False,1.43,0.991,0.038,88.0
FDPS,,False,3,4NKE,RIS,3,False,1.46,0.993,0.034,88.0
FDPS,,False,4,4QPF,39L,4,False,,,,88.0
FDPS,,False,5,5CG6,RIS,5,False,1.7,0.986,0.056,88.0
FGFR1,CHEMBL3650_FGFR1,True,1,5EW8,5SF,1,False,1.63,0.829,0.156,68.0
FGFR1,CHEMBL3650_FGFR1,True,2,4WUN,66T,2,False,1.65,0.95,0.061,68.0
FGFR1,CHEMBL3650_FGFR1,True,3,9U7G,A1EOH,3,False,1.66,0.963,0.069,68.0
FGFR1,CHEMBL3650_FGFR1,True,4,7OZB,47I,4,False,1.71,0.922,0.115,68.0
FGFR1,CHEMBL3650_FGFR1,True,5,8XZ7,A1LWW,5,False,1.75,0.955,0.08,68.0
FGFR2,CHEMBL4142_FGFR2,True,1,10OU,A1C67,1,False,1.77,0.966,0.072,46.0
FGFR2,CHEMBL4142_FGFR2,True,2,3B2T,M33,3,False,1.8,0.795,0.161,46.0
FGFR2,CHEMBL4142_FGFR2,True,3,10OO,A1C65,5,False,1.85,0.962,0.069,46.0
FGFR3,CHEMBL2742_FGFR3,True,1,9KFU,A1L5T,1,False,1.4,0.871,0.15,12.0
FGFR3,CHEMBL2742_FGFR3,True,2,9D1X,A1A6M,2,False,1.6,0.779,0.148,12.0
FGFR3,CHEMBL2742_FGFR3,True,3,8UDU,WIQ,3,False,1.737,0.988,0.038,12.0
FGFR3,CHEMBL2742_FGFR3,True,4,9VMB,A1ESX,4,False,1.97,0.844,0.161,12.0
FGFR4,CHEMBL3973_FGFR4,True,1,8KH9,VVW,1,False,1.42,0.92,0.121,44.0
FGFR4,CHEMBL3973_FGFR4,True,2,8KH8,VVW,2,False,1.49,0.976,0.051,44.0
FGFR4,CHEMBL3973_FGFR4,True,3,8KH7,VVW,3,False,1.52,0.774,0.135,44.0
FGFR4,CHEMBL3973_FGFR4,True,4,6JPE,BYU,4,False,1.601,0.949,0.077,44.0
FGFR4,CHEMBL3973_FGFR4,True,5,8KH6,VVI,5,False,1.62,0.919,0.075,44.0
FGR,,False,1,10FV,FLC,1,False,1.8,0.764,0.155,3.0
FGR,,False,2,7UY0,VSE,2,False,2.55,0.963,0.07,3.0
FGR,,False,3,7UY3,OJL,3,False,2.99,0.95,0.122,3.0
FKBP1A,,False,1,6YF3,OOZ,1,False,1.0,0.963,0.07,62.0
FKBP1A,,False,2,6YF2,OP5,2,False,1.03,0.956,0.065,62.0
FKBP1A,,False,3,8CHM,UT6,3,False,1.12,0.978,0.049,62.0
FKBP1A,,False,4,6YF1,OP8,4,False,1.12,0.929,0.11,62.0
FKBP1A,,False,5,8PDF,Y5Q,5,False,1.2,0.955,0.061,62.0
FKBP4,,False,1,4LAY,I63,1,False,1.7,0.959,0.073,5.0
FKBP4,,False,2,4DRJ,RAP,2,False,1.8,0.808,0.317,5.0
FKBP4,,False,3,4LAX,FK5,3,False,2.007,0.932,0.133,5.0
FKBP4,,False,4,6RCY,K0T,4,False,2.3,0.895,0.125,5.0
FKBP4,,False,5,4TW8,37M,5,False,3.003,0.969,0.049,5.0
FLT1,,False,1,1RV6,B3P,2,False,2.45,0.97,0.068,4.0
FLT1,,False,2,3HNG,8ST,3,False,2.7,0.937,0.097,4.0
FLT3,CHEMBL1974_FLT3,True,1,6JQR,C6F,1,False,2.2,0.928,0.182,7.0
FLT3,CHEMBL1974_FLT3,True,2,5X02,F6M,2,False,2.401,0.869,0.177,7.0
FLT3,CHEMBL1974_FLT3,True,3,6IL3,A9R,3,False,2.5,0.974,0.088,7.0
FLT3,CHEMBL1974_FLT3,True,4,8XB1,ZX3,4,False,2.85,0.816,0.158,7.0
FLT3,CHEMBL1974_FLT3,True,5,4RT7,P30,5,True,3.1,0.931,0.236,7.0
FNTA,,False,1,2H6F,FAR,1,False,1.5,0.901,0.124,14.0
FNTA,,False,2,3E37,ED5,2,False,1.8,0.987,0.042,14.0
FNTA,,False,3,1TN6,FII,4,False,1.8,0.947,0.081,14.0
FNTA,,False,4,2H6H,FAR,5,False,1.8,0.947,0.099,14.0
FOLH1,,False,1,5O5T,9OT,1,False,1.43,0.927,0.106,84.0
FOLH1,,False,2,5OF0,9TB,2,False,1.48,0.933,0.078,84.0
FOLH1,,False,3,3BI1,3BI,3,False,1.5,0.949,0.102,84.0
FOLH1,,False,4,6FE5,D6E,4,False,1.52,0.977,0.059,84.0
FOLH1,,False,5,5O5U,9LZ,5,False,1.53,0.948,0.124,84.0
FTO,,False,1,4IE5,MD6,1,False,1.95,0.955,0.064,28.0
FTO,,False,2,5DAB,58W,2,False,2.1,0.941,0.086,28.0
FTO,,False,3,8IT9,ZL6,3,False,2.14,0.9,0.12,28.0
FTO,,False,4,4ZS2,FLU,4,False,2.16,0.961,0.066,28.0
FTO,,False,5,5F8P,FIJ,5,False,2.2,0.972,0.043,28.0
FYN,,False,1,6IPZ,O4B,2,False,1.576,0.931,0.081,8.0
FYN,,False,2,10DJ,H8H,3,False,2.22,0.994,0.144,8.0
FYN,,False,3,1M27,FLC,4,False,2.5,0.952,0.081,8.0
FYN,,False,4,1EFN,PBM,5,False,2.5,0.917,0.092,8.0
GAA,,False,1,9GTW,A1IPC,1,False,1.75,0.977,0.089,17.0
GAA,,False,2,8CB1,U4X,2,False,1.75,0.918,0.118,17.0
GAA,,False,3,9GSV,A1IO6,3,False,1.8,0.974,0.075,17.0
GAA,,False,4,9GTN,A1IPA,4,False,1.8,0.933,0.106,17.0
GAA,,False,5,7P32,56I,5,False,1.82,0.981,0.047,17.0
GABRA1,,False,1,6CDU,EY4,1,False,3.45,0.952,0.092,1.0
GABRA5,,False,1,8BHG,DMU,1,False,2.39,0.995,0.021,4.0
GABRA5,,False,2,8BGI,P9N,2,False,2.56,0.943,0.085,4.0
GABRA5,,False,3,5O8F,P9N,3,False,3.2,0.959,0.098,4.0
GABRB3,,False,1,5O8F,P9N,2,False,3.2,0.959,0.098,3.0
GABRG2,,False,1,8BHG,DMU,1,False,2.39,0.995,0.021,1.0
GALK1,,False,1,6ZGX,HFK,1,False,1.86,0.951,0.062,20.0
GALK1,,False,2,6Q3W,HFK,2,False,1.962,0.926,0.073,20.0
GALK1,,False,3,7RCM,GLA,3,False,2.1,0.99,0.035,20.0
GALK1,,False,4,6Q3X,HFK,4,False,2.1,0.982,0.048,20.0
GALK1,,False,5,7S49,4QI,5,False,2.2,0.986,0.033,20.0
GART,,False,1,4ZZ1,3YF,1,False,1.351,0.988,0.046,35.0
GART,,False,2,4ZZ2,3YG,2,False,1.451,0.983,0.054,35.0
GART,,False,3,4ZYZ,3YD,3,False,1.6,0.967,0.072,35.0
GART,,False,4,4EW2,DXY,4,False,1.602,0.916,0.117,35.0
GART,,False,5,4ZZ0,3YE,5,False,1.65,0.975,0.064,35.0
GBA1,,False,1,9FB2,A1IBO,2,False,1.14,0.969,0.068,56.0
GBA1,,False,2,9FA3,A1IBC,3,False,1.36,0.896,0.141,56.0
GBA1,,False,3,9FAL,A1IBQ,4,False,1.39,0.972,0.066,56.0
GBA1,,False,4,9FAY,A1IBR,5,False,1.4,0.967,0.068,56.0
GCGR,,False,1,5EE7,5MV,1,False,2.5,0.911,0.101,5.0
GCGR,,False,2,5XEZ,97V,3,False,3.0,0.902,0.101,5.0
GCGR,,False,3,5YQZ,OLC,4,False,3.0,0.883,0.112,5.0
GCGR,,False,4,5XF1,97V,5,False,3.19,0.92,0.086,5.0
GHSR,,False,1,7F83,1KQ,1,False,2.94,0.935,0.106,2.0
GHSR,,False,2,6KO5,8QX,2,False,3.3,0.894,0.143,2.0
GLP1R,,False,1,4ZGM,32M,1,False,1.8,0.869,0.171,12.0
GLP1R,,False,2,3IOL,10M,2,False,2.1,0.813,0.234,12.0
GLP1R,,False,3,3C5T,10M,3,False,2.1,0.667,0.26,12.0
GLP1R,,False,4,3C59,10M,4,False,2.3,0.906,0.106,12.0
GLP1R,,False,5,5VEW,97Y,5,False,2.7,0.937,0.222,12.0
GLS,,False,1,8JUB,V4I,1,False,2.01,0.912,0.16,42.0
GLS,,False,2,5JYO,63J,2,False,2.098,0.932,0.142,42.0
GLS,,False,3,8BSK,04A,3,False,2.1,0.952,0.08,42.0
GLS,,False,4,3VP1,04A,5,False,2.3,0.953,0.11,42.0
GNRHR,,False,1,7BR3,F5O,1,False,2.79,0.944,0.101,1.0
GOT1,,False,1,6LIG,EE6,4,False,2.62,0.93,0.105,5.0
GRB2,,False,1,3C7I,TVN,1,False,1.7,0.934,0.084,13.0
GRB2,,False,2,3IN8,FYI,2,False,1.7,0.923,0.085,13.0
GRB2,,False,3,2AOB,S1S,3,False,1.8,0.764,0.139,13.0
GRB2,,False,4,2HUW,YVN,4,False,1.9,0.995,0.022,13.0
GRB2,,False,5,2AOA,S1S,5,False,1.99,0.942,0.093,13.0
GRIA2,,False,1,5ZG2,ZK1,1,False,1.25,0.984,0.051,15.0
GRIA2,,False,2,5ZG1,9C0,2,False,1.32,0.998,0.018,15.0
GRIA2,,False,3,7F3O,0YK,3,False,1.44,0.997,0.016,15.0
GRIA2,,False,4,5YBF,8SR,4,False,1.5,0.995,0.022,15.0
GRIA2,,False,5,5YBG,8SO,5,False,1.52,0.997,0.018,15.0
GRIN1,,False,1,9GJ1,A1IME,1,False,1.62,0.985,0.04,19.0
GRIN1,,False,2,9GIC,A1ILQ,3,False,1.823,0.953,0.069,19.0
GRIN1,,False,3,5H8Q,5YE,4,False,1.9,0.978,0.041,19.0
GRIN1,,False,4,9GIF,A1ILR,5,False,1.9,0.966,0.049,19.0
GRIN2A,,False,1,5H8Q,5YE,2,False,1.9,0.989,0.033,12.0
GRIN2A,,False,2,9MUM,A1BRB,3,False,1.97,0.968,0.053,12.0
GRIN2A,,False,3,5KCJ,6RM,4,False,2.09,0.975,0.05,12.0
GRIN2A,,False,4,5I2N,67J,5,False,2.12,0.971,0.062,12.0
GRIN2B,,False,1,7UJQ,UZD,2,False,2.25,0.837,0.128,9.0
GRIN2B,,False,2,7KL0,UZD,4,False,2.4,0.826,0.122,9.0
GRK5,,False,1,6PJX,SGV,2,False,1.96,0.664,0.168,22.0
GRK5,,False,2,4TNB,SGV,3,False,2.113,0.622,0.213,22.0
GRK5,,False,3,8UAP,W2T,4,False,2.5,0.586,0.194,22.0
GRK5,,False,4,9CKP,SGV,5,False,2.6,0.758,0.178,22.0
GRK6,,False,1,3NYN,SGV,2,False,2.72,0.949,0.087,3.0
GRM1,,False,1,3KS9,Z99,1,False,1.9,0.93,0.107,2.0
GRM1,,False,2,4OR2,CLR,2,False,2.8,0.934,0.094,2.0
GRM3,,False,1,3SM9,Z99,1,False,2.26,0.975,0.058,5.0
GRM3,,False,2,4XAR,40F,2,False,2.26,0.963,0.062,5.0
GRM3,,False,3,6B7H,CWY,3,False,2.82,0.963,0.061,5.0
GRM3,,False,4,5CNM,52Q,4,False,2.84,0.478,0.157,5.0
GRM5,,False,1,6FFI,D8B,1,False,2.2,0.937,0.07,12.0
GRM5,,False,2,9HC0,4YI,2,False,2.33,0.956,0.077,12.0
GRM5,,False,3,7P2L,4YI,4,False,2.54,0.661,0.186,12.0
GRM5,,False,4,4OO9,2U8,5,False,2.6,0.743,0.121,12.0
GRM7,,False,1,3MQ4,Z99,2,False,2.8,0.62,0.18,2.0
GSK3A,,False,1,7SXF,6VL,1,False,1.94,0.936,0.099,2.0
GSK3A,,False,2,7SXG,D1E,2,False,2.4,0.876,0.161,2.0
GSK3B,CHEMBL262_GSK3B,True,1,2JDO,I5S,5,False,1.8,0.937,0.094,115.0
GSTP1,,False,1,5J41,3LF,1,False,1.19035345576,0.979,0.049,61.0
GSTP1,,False,2,2A2R,GSN,2,False,1.4,0.967,0.127,61.0
GSTP1,,False,3,6Y1E,O7Z,3,False,1.402,0.942,0.07,61.0
GSTP1,,False,4,5DAL,5AU,4,False,1.5,0.943,0.113,61.0
GSTP1,,False,5,3GUS,N11,5,False,1.53,0.987,0.028,61.0
HAO1,,False,1,6GMC,C7C,1,False,1.2,0.989,0.044,21.0
HAO1,,False,2,5QIF,GWS,2,False,1.2,0.981,0.056,21.0
HAO1,,False,3,5QIE,GWV,4,False,1.34,0.993,0.037,21.0
HAO1,,False,4,5QIC,GX4,5,False,1.34,0.978,0.058,21.0
HCK,,False,1,5H0B,OOQ,1,False,1.651,0.95,0.069,26.0
HCK,,False,2,5ZJ6,VSE,2,False,1.696,0.947,0.083,26.0
HCK,,False,3,5H0H,OOV,3,False,,,,26.0
HCK,,False,4,9BYJ,VSE,4,False,1.8,0.959,0.073,26.0
HCK,,False,5,5H0G,OOU,5,False,1.8,0.909,0.094,26.0
HCRTR2,,False,1,5WQC,7MA,1,False,1.96,0.899,0.135,8.0
HCRTR2,,False,2,5WS3,7MA,2,False,2.3,0.963,0.085,8.0
HCRTR2,,False,3,4S0V,SUV,3,False,2.5,0.954,0.065,8.0
HCRTR2,,False,4,6TPN,NU8,4,False,2.608,0.995,0.047,8.0
HCRTR2,,False,5,6TPJ,SUV,5,False,2.74,0.996,0.021,8.0
HDAC1,,False,1,5ICN,IHP,1,False,3.3,0.773,0.172,1.0
HDAC2,CHEMBL1937_HDAC2,True,1,7KBG,WBA,1,False,1.26,0.957,0.081,37.0
HDAC2,CHEMBL1937_HDAC2,True,2,6WBZ,TV7,2,False,1.32,0.966,0.063,37.0
HDAC2,CHEMBL1937_HDAC2,True,3,6WBW,TV1,3,False,1.46,0.949,0.075,37.0
HDAC2,CHEMBL1937_HDAC2,True,4,7LTL,YEV,4,False,1.49,0.962,0.065,37.0
HDAC2,CHEMBL1937_HDAC2,True,5,6XEB,V1P,5,False,1.5,0.891,0.139,37.0
HDAC3,,False,1,4A69,I0P,1,False,2.06,0.972,0.06,1.0
HDAC4,,False,1,2VQM,HA3,1,False,1.8,0.796,0.19,9.0
HDAC4,,False,2,2VQQ,TFG,2,False,1.9,0.932,0.07,9.0
HDAC4,,False,3,2VQJ,TFG,3,False,2.1,0.962,0.058,9.0
HDAC4,,False,4,2VQO,TFG,4,False,2.15,0.947,0.086,9.0
HDAC4,,False,5,6FYZ,EBE,5,False,2.15,0.945,0.086,9.0
HDAC6,CHEMBL2093865_HDAC_family,True,1,5KH9,6T5,2,False,1.07,0.88,0.12,17.0
HDAC6,CHEMBL2093865_HDAC_family,True,2,8G44,ZU9,3,False,1.55,0.955,0.054,17.0
HDAC6,CHEMBL2093865_HDAC_family,True,3,6CEC,EY7,4,True,1.55,0.954,0.071,17.0
HDAC6,CHEMBL2093865_HDAC_family,True,4,6CEE,EYM,5,False,1.55,0.948,0.094,17.0
HDAC7,,False,1,3C10,TSN,1,False,2.0,0.853,0.158,4.0
HDAC7,,False,2,3C0Z,SHH,2,False,2.1,0.84,0.17,4.0
HDAC7,,False,3,3ZNR,NU9,3,False,2.4,0.842,0.135,4.0
HDAC7,,False,4,3ZNS,NU7,4,False,2.45,0.941,0.084,4.0
HDAC8,,False,1,7JVU,SHH,2,False,1.5004765401,0.939,0.091,45.0
HDAC8,,False,2,5BWZ,XCH,3,False,1.59,0.925,0.148,45.0
HDAC8,,False,3,4RN0,L6G,5,False,1.761,0.982,0.051,45.0
HK1,,False,1,1CZA,G6P,1,False,1.9,0.982,0.041,10.0
HK1,,False,2,1QHA,G6P,2,False,,,,10.0
HK1,,False,3,4FOI,G16,3,False,2.4,0.981,0.057,10.0
HK1,,False,4,4FPA,BG6,4,False,2.48,0.972,0.081,10.0
HK1,,False,5,4F9O,0NZ,5,False,2.65,0.957,0.068,10.0
HMGCR,,False,1,2R4F,RIE,1,False,1.7,0.993,0.027,22.0
HMGCR,,False,2,3CCZ,5HI,2,False,1.7,0.873,0.123,22.0
HMGCR,,False,3,2Q6B,HR2,3,False,2.0,0.99,0.038,22.0
HMGCR,,False,4,2Q6C,HR1,5,False,2.0,0.954,0.075,22.0
HNF4A,,False,1,9IBR,A1I1W,4,False,2.78,0.984,0.099,6.0
HPGD,,False,1,9PFL,A1CH2,1,False,1.65,0.98,0.044,3.0
HPGD,,False,2,9PFM,SWL,3,False,1.88,0.983,0.044,3.0
HRH1,,False,1,3RZE,OLC,1,False,3.1,0.921,0.153,1.0
HRH3,,False,1,7F61,CLR,1,False,2.6,0.919,0.102,1.0
HSD11B1,,False,1,1XU9,CPS,1,False,,,,42.0
HSD11B1,,False,2,1XU7,CPS,2,False,1.8,0.986,0.038,42.0
HSD11B1,,False,3,3TFQ,07M,3,False,1.8,0.964,0.069,42.0
HSD11B1,,False,4,2RBE,ZMG,4,False,1.9,0.975,0.046,42.0
HSD11B1,,False,5,4C7K,DZL,5,False,1.91,0.989,0.034,42.0
HSD17B13,,False,1,8G9V,CE1,1,False,2.645,0.978,0.059,1.0
HSP90AA1,CHEMBL3880_HSP90AA1,True,1,6TN5,NL8,1,False,1.165,0.966,0.062,145.0
HSP90AA1,CHEMBL3880_HSP90AA1,True,2,5J2X,6DL,2,True,1.22,0.96,0.075,145.0
HSP90AA1,CHEMBL3880_HSP90AA1,True,3,3WHA,WHA,5,False,1.3,0.987,0.036,145.0
HSP90AB1,,False,1,9D9I,A1A24,1,False,1.5,0.936,0.083,10.0
HSP90AB1,,False,2,6N8Y,KFY,2,False,1.55390799533,0.973,0.05,10.0
HSP90AB1,,False,3,5UCJ,KU3,3,False,1.693,0.968,0.089,10.0
HSP90AB1,,False,4,9D9H,A1A26,5,False,1.96,0.89,0.101,10.0
HSPA1A,,False,1,6G3R,TEW,1,False,1.4,0.995,0.051,58.0
HSPA1A,,False,2,5AQW,5P7,3,False,1.53,0.949,0.065,58.0
HSPA1A,,False,3,5AQY,ADN,4,False,1.56,0.91,0.094,58.0
HSPA8,,False,1,5AQV,KC7,1,False,1.75,0.936,0.09,28.0
HSPA8,,False,2,5AQF,ADN,4,False,1.88,0.973,0.044,28.0
HTR1B,,False,1,4IAR,ERM,1,False,2.7,0.912,0.114,4.0
HTR1B,,False,2,4IAQ,2GM,2,False,2.8,0.897,0.158,4.0
HTR1B,,False,3,7C61,ERM,3,False,3.0,0.817,0.168,4.0
HTR1B,,False,4,5V54,89F,4,False,3.9,0.916,0.117,4.0
HTR2A,,False,1,7WC8,92S,1,False,2.45,0.942,0.089,14.0
HTR2A,,False,2,7WC9,CLR,2,False,2.5,0.879,0.214,14.0
HTR2A,,False,3,7WC7,CLR,3,False,2.6,0.903,0.155,14.0
HTR2A,,False,4,7WC6,CLR,4,False,2.6,0.902,0.177,14.0
HTR2A,,False,5,8JT8,CLR,5,False,2.7,0.934,0.109,14.0
HTR2B,,False,1,4IB4,ERM,1,False,2.7,0.935,0.104,8.0
HTR2B,,False,2,4NC3,DGA,2,False,2.8,0.946,0.102,8.0
HTR2B,,False,3,5TVN,CLR,3,False,2.9,0.932,0.123,8.0
HTR2B,,False,4,6DRY,CLR,4,False,2.918,0.945,0.099,8.0
HTR2B,,False,5,5TUD,ERM,5,False,3.0,0.808,0.207,8.0
HTR2C,,False,1,6BQH,E2J,1,False,2.7,0.948,0.141,3.0
HTR2C,,False,2,6BQG,ERM,2,False,3.0,0.958,0.095,3.0
HTR2C,,False,3,8ZMF,A1L10,3,False,3.6,0.962,0.083,3.0
HTRA1,,False,1,3TJQ,PT,1,False,2.001,0.998,0.017,1.0
ICAM1,,False,1,5MZA,IHP,3,False,2.78,0.813,0.15,7.0
IDH1,CHEMBL2007625_IDH1,True,1,6BKX,DWP,1,False,1.65,0.964,0.065,58.0
IDH1,CHEMBL2007625_IDH1,True,2,4UMX,VVS,2,False,1.88,0.927,0.098,58.0
IDH1,CHEMBL2007625_IDH1,True,3,8VHB,EE1,3,False,1.89,0.977,0.047,58.0
IDH1,CHEMBL2007625_IDH1,True,4,9VDF,A1ERX,4,False,1.9,0.967,0.057,58.0
IDH1,CHEMBL2007625_IDH1,True,5,6BL2,DWS,5,False,1.92,0.958,0.065,58.0
IDH2,,False,1,4JA8,1K9,2,False,1.55,0.986,0.039,8.0
IDH2,,False,2,5I96,69Q,3,False,1.55,0.968,0.06,8.0
IDH2,,False,3,6ADI,9UO,5,False,1.969,0.947,0.063,8.0
IGF1R,CHEMBL1957_IGF1R,True,1,8PYN,ICV,1,False,1.71,0.979,0.054,29.0
IGF1R,CHEMBL1957_IGF1R,True,2,3LW0,CCX,2,False,1.79,0.895,0.127,29.0
IGF1R,CHEMBL1957_IGF1R,True,3,5FXS,OZN,3,False,1.9,0.914,0.072,29.0
IGF1R,CHEMBL1957_IGF1R,True,4,2OJ9,BMI,4,False,2.0,0.913,0.084,29.0
IKBKB,CHEMBL1991_IKBKB,True,1,4KIK,KSA,1,False,2.83,0.964,0.07,1.0
IL1B,,False,1,5R8Q,JGY,1,False,1.23,0.95,0.13,30.0
IL1B,,False,2,5R8E,S7S,2,False,1.35,0.827,0.258,30.0
IL1B,,False,3,5R8M,S8G,3,False,1.39,0.59,0.498,30.0
IL1B,,False,4,5R8F,K3Y,4,False,1.41,0.678,0.3,30.0
IL1B,,False,5,5R8O,S8P,5,False,1.42,0.712,0.512,30.0
IL2,,False,1,4NEM,2JY,2,False,1.934,0.869,0.087,14.0
IL2,,False,2,1M48,FRG,3,False,1.95,0.948,0.075,14.0
IL2,,False,3,1M49,CMM,4,False,2.0,0.933,0.089,14.0
IL2,,False,4,1M4B,NMP,5,False,2.15,0.827,0.204,14.0
IMPDH2,,False,1,6I0M,5GP,1,False,2.567,0.936,0.092,5.0
IMPDH2,,False,2,1NFB,CPR,4,False,2.9,0.993,0.034,5.0
IMPDH2,,False,3,1B3O,SAE,5,False,2.9,0.993,0.037,5.0
INCENP,,False,1,6GR8,F8Z,1,False,1.75,0.966,0.068,3.0
INCENP,,False,2,6GR9,VX6,2,False,2.25,0.908,0.087,3.0
INCENP,,False,3,4AF3,VX6,3,False,2.75,0.953,0.063,3.0
INPPL1,,False,1,5OKO,B3P,1,False,1.94,0.884,0.097,5.0
INPPL1,,False,2,5OKM,B3P,2,False,1.96,0.889,0.115,5.0
INPPL1,,False,3,4A9C,B5F,3,False,2.1,0.882,0.11,5.0
INPPL1,,False,4,6SQU,D7I,4,False,2.27,0.847,0.108,5.0
INPPL1,,False,5,5OKN,B3P,5,False,2.65,0.847,0.142,5.0
INSR,,False,1,5HHW,60O,1,False,1.79,0.962,0.053,24.0
INSR,,False,2,4IBM,IR1,2,False,1.8,0.977,0.043,24.0
INSR,,False,3,3EKK,GS2,4,False,2.1,0.949,0.065,24.0
IRAK1,,False,1,6BFN,DL1,1,False,2.26,0.959,0.067,1.0
IRAK4,,False,1,6EGE,DL1,1,False,1.401,0.965,0.069,93.0
IRAK4,,False,2,9NA5,A1BWY,2,False,1.73,0.978,0.041,93.0
IRAK4,,False,3,6UYA,QL7,3,False,1.74,0.973,0.055,93.0
IRAK4,,False,4,8W3X,A1AFH,4,False,1.765,0.954,0.072,93.0
IRAK4,,False,5,6O95,LSV,5,False,1.77,0.981,0.043,93.0
ITGA2B,CHEMBL2093869_ITGA2B_ITGB3,True,1,7UDH,MWO,1,True,1.99998841007,0.955,0.125,49.0
ITGA2B,CHEMBL2093869_ITGA2B_ITGB3,True,2,7UBR,MJX,2,False,2.04992751372,0.953,0.091,49.0
ITGA2B,CHEMBL2093869_ITGA2B_ITGB3,True,3,7TMZ,I7R,4,False,2.20001999293,0.935,0.105,49.0
ITGA4,,False,1,3V4V,0DU,1,False,3.1,0.952,0.096,2.0
ITGAL,,False,1,2ICA,2IC,1,False,1.56,0.967,0.08,25.0
ITGAL,,False,2,3F78,ICF,2,False,1.6,0.884,0.086,25.0
ITGAL,,False,3,2O7N,2O7,4,False,1.75,0.937,0.049,25.0
ITGAL,,False,4,4IXD,1HV,5,False,1.8,0.969,0.057,25.0
ITGAV,,False,1,9CZD,A1A6H,1,False,2.23,0.944,0.135,26.0
ITGAV,,False,2,8W30,A1AFA,3,False,2.45,0.959,0.126,26.0
ITGAV,,False,3,9CZA,A1A6B,4,False,2.49,0.896,0.079,26.0
ITGB1,,False,1,8W30,A1AFA,3,False,2.45,0.759,0.092,8.0
ITGB3,,False,1,7UDH,MWO,1,False,1.99998841007,0.955,0.125,68.0
ITGB3,,False,2,7UBR,MJX,2,False,2.04992751372,0.953,0.091,68.0
ITGB3,,False,3,7TMZ,I7R,5,False,2.20001999293,0.935,0.105,68.0
ITGB6,,False,1,9CZD,A1A6H,1,False,2.23,0.944,0.135,8.0
ITGB6,,False,2,9CZA,A1A6B,3,False,2.49,0.782,0.154,8.0
ITGB6,,False,3,9CZF,A1A6I,5,False,2.53,0.959,0.126,8.0
ITGB7,,False,1,3V4V,0DU,2,False,3.1,0.952,0.096,3.0
ITK,,False,1,9NWX,A1B66,1,False,1.348,0.961,0.064,33.0
ITK,,False,2,4HCU,13L,2,False,1.43,0.968,0.05,33.0
ITK,,False,3,4HCV,13J,3,False,1.48,0.959,0.056,33.0
ITK,,False,4,4HCT,18R,4,False,1.48,0.937,0.079,33.0
ITK,,False,5,4M15,QWS,5,False,1.52,0.981,0.044,33.0
JAK1,CHEMBL2835_JAK1,True,1,6N7A,KEV,1,False,1.33,0.983,0.043,45.0
JAK1,CHEMBL2835_JAK1,True,2,10PI,A1C68,2,False,1.54,0.963,0.081,45.0
JAK1,CHEMBL2835_JAK1,True,3,6N77,KEJ,3,True,1.64,0.946,0.075,45.0
JAK1,CHEMBL2835_JAK1,True,4,6N7C,KF1,4,False,1.69,0.952,0.06,45.0
JAK1,CHEMBL2835_JAK1,True,5,6GGH,EYQ,5,False,1.7,0.94,0.109,45.0
JAK2,CHEMBL2971_JAK2,True,1,8BXH,C87,1,False,1.3,0.963,0.088,145.0
JAK2,CHEMBL2971_JAK2,True,2,7LL4,Y5D,2,False,1.31,0.958,0.089,145.0
JAK2,CHEMBL2971_JAK2,True,3,3UGC,046,3,True,1.34,0.97,0.073,145.0
JAK2,CHEMBL2971_JAK2,True,4,7REE,4LY,4,False,1.38,0.965,0.075,145.0
JAK2,CHEMBL2971_JAK2,True,5,8BA3,Q8U,5,False,1.4,0.98,0.049,145.0
JAK3,CHEMBL2148_JAK3,True,1,5LWM,79T,1,False,1.55,0.965,0.064,41.0
JAK3,CHEMBL2148_JAK3,True,2,5LWN,79S,2,False,1.6,0.962,0.067,41.0
JAK3,CHEMBL2148_JAK3,True,3,6DUD,HB4,3,False,1.66,0.959,0.054,41.0
JAK3,CHEMBL2148_JAK3,True,4,6DB4,G4Y,4,False,1.662,0.967,0.055,41.0
JAK3,CHEMBL2148_JAK3,True,5,6GL9,F3W,5,False,1.7,0.938,0.069,41.0
JUN,,False,1,5FV8,JEF,1,False,1.99,0.91,0.139,2.0
JUN,,False,2,8SOS,FO4,2,False,2.33,0.924,0.101,2.0
KARS1,,False,1,6ILD,45A,1,False,1.882,0.96,0.06,9.0
KARS1,,False,2,4YCU,KRS,2,False,2.1,0.992,0.034,9.0
KARS1,,False,3,8XP4,ALY,3,False,2.26,0.998,0.018,9.0
KARS1,,False,4,6CHD,KAA,5,False,2.5,0.998,0.019,9.0
KAT5,,False,1,2OU2,ACO,1,False,2.3,0.96,0.075,1.0
KAT6A,,False,1,9DZN,CMC,1,False,1.724,0.941,0.112,5.0
KAT6A,,False,2,2OZU,ACO,2,False,2.3,0.963,0.072,5.0
KAT6A,,False,3,8DD5,R7L,3,False,2.58,0.9,0.085,5.0
KAT6A,,False,4,9FKR,A1IDR,4,False,2.69,0.842,0.215,5.0
KAT6A,,False,5,2RC4,ACO,5,False,3.0,0.955,0.067,5.0
KAT8,,False,1,9OOA,A1CD4,1,False,1.389,0.969,0.067,35.0
KAT8,,False,2,9OOF,A1CDG,3,False,1.681,0.978,0.049,35.0
KAT8,,False,3,6OIN,MQJ,4,False,1.7,0.964,0.078,35.0
KAT8,,False,4,6OIO,ML7,5,False,1.7,0.949,0.076,35.0
KCNK3,,False,1,6RV3,PC1,1,False,2.9,0.905,0.139,3.0
KCNK3,,False,2,6RV2,PC1,2,False,3.0,0.901,0.15,3.0
KCNK3,,False,3,6RV4,PC1,3,False,3.1,0.908,0.135,3.0
KCNK9,,False,1,3P1S,FSC,1,False,1.65,0.967,0.061,13.0
KCNK9,,False,2,3P1Q,FSC,2,False,1.7,0.957,0.068,13.0
KCNK9,,False,3,3SMO,FJA,4,False,1.8,0.959,0.051,13.0
KCNK9,,False,4,3SP5,CX7,5,False,1.8,0.951,0.071,13.0
KDM1A,,False,1,6KGO,DJ0,1,False,2.25,0.989,0.043,119.0
KDM1A,,False,2,6KGP,DJ0,2,False,2.25,0.988,0.044,119.0
KDM1A,,False,3,7E0G,HUF,3,False,2.25,0.974,0.068,119.0
KDM1A,,False,4,2Z5U,FAJ,4,False,2.25,0.937,0.125,119.0
KDM1A,,False,5,2Z3Y,F2N,5,False,2.25,0.917,0.131,119.0
KDM4B,,False,1,9H44,O4B,1,False,1.74,0.749,0.435,3.0
KDM4B,,False,2,7JM5,9DJ,3,False,2.7,0.933,0.121,3.0
KDM5A,,False,1,6BGY,DLJ,1,False,1.22,0.965,0.089,39.0
KDM5A,,False,2,6DQ4,K0I,3,False,1.392,0.948,0.081,39.0
KDM5A,,False,3,6BH2,90V,4,False,1.447,0.957,0.077,39.0
KDM5A,,False,4,5IVY,6EO,5,False,1.45,0.916,0.129,39.0
KDM5B,,False,1,5FYT,WQS,3,False,1.87,0.968,0.069,52.0
KDM5B,,False,2,5FYB,77J,4,False,1.87,0.955,0.077,52.0
KDM5C,,False,1,5FWJ,MMK,1,False,2.1,0.94,0.103,1.0
KDM6B,,False,1,2XXZ,8XQ,1,False,1.8,0.967,0.053,6.0
KDM6B,,False,2,4ASK,K0I,3,False,1.86,0.942,0.066,6.0
KDM6B,,False,3,5FP3,YC8,5,False,2.05,0.992,0.022,6.0
KDR,CHEMBL279_KDR,True,1,2XIR,00J,1,False,1.5,0.908,0.093,45.0
KDR,CHEMBL279_KDR,True,2,3VO3,0KF,2,True,1.52,0.978,0.047,45.0
KDR,CHEMBL279_KDR,True,3,6GQQ,F8B,3,False,1.52,0.96,0.065,45.0
KDR,CHEMBL279_KDR,True,4,3VHE,42Q,4,False,1.55,0.967,0.053,45.0
KDR,CHEMBL279_KDR,True,5,3WZD,LEV,5,False,1.57,0.98,0.051,45.0
KEAP1,,False,1,8XGK,A1LVB,1,False,1.32,0.949,0.085,63.0
KEAP1,,False,2,8XGV,A1LVC,2,False,1.42,0.956,0.078,63.0
KEAP1,,False,3,6TYM,08A,3,False,1.422,0.981,0.034,63.0
KEAP1,,False,4,9KVW,A1EHH,4,False,1.44,0.89,0.108,63.0
KEAP1,,False,5,8IXS,T6I,5,False,1.48,0.948,0.09,63.0
KHK,,False,1,9FHD,A1ICK,1,False,1.845,0.901,0.1,35.0
KHK,,False,2,9Z29,A1C0I,2,False,1.97,0.951,0.077,35.0
KHK,,False,3,8OMJ,VTM,3,False,1.978,0.806,0.149,35.0
KHK,,False,4,8UG1,WNH,4,False,1.99,0.902,0.117,35.0
KHK,,False,5,9Z2A,A1C0K,5,False,2.0,0.948,0.117,35.0
KIF11,,False,1,3ZCW,4A2,1,False,1.691,0.987,0.044,53.0
KIF11,,False,2,6G6Y,EOK,3,False,1.8,0.984,0.052,53.0
KIF11,,False,3,1X88,NAT,4,False,,,,53.0
KIF11,,False,4,2PG2,K01,5,False,1.849,0.897,0.13,53.0
KIT,CHEMBL1936_KIT,True,1,8PQD,9VV,1,False,1.5,0.954,0.083,55.0
KIT,CHEMBL1936_KIT,True,2,1T46,STI,3,False,1.6,0.945,0.078,55.0
KIT,CHEMBL1936_KIT,True,3,9TFD,A1JVQ,5,False,1.65,0.963,0.06,55.0
KLKB1,,False,1,6I44,PE4,1,False,1.36,0.962,0.061,18.0
KLKB1,,False,2,5TJX,GBT,3,False,1.408,0.923,0.08,18.0
KLKB1,,False,3,6T7P,MU8,4,False,1.416,0.924,0.083,18.0
KRAS,,False,1,9IAY,WYU,1,False,0.953,0.994,0.032,148.0
KRAS,,False,2,9IAW,A1I1R,2,False,0.997,0.993,0.035,148.0
KRAS,,False,3,8ONV,VU6,3,False,1.01,0.99,0.043,148.0
KRAS,,False,4,9IB5,VU6,4,False,1.011,0.991,0.043,148.0
L3MBTL3,,False,1,4L59,1VZ,2,False,2.29,0.962,0.09,3.0
L3MBTL3,,False,2,4FL6,UWN,3,False,2.55,0.927,0.123,3.0
LCK,CHEMBL258_LCK,True,1,4C3F,7KW,3,False,1.72,0.938,0.072,38.0
LCK,CHEMBL258_LCK,True,2,6PDJ,ODJ,4,False,1.81,0.96,0.051,38.0
LCK,CHEMBL258_LCK,True,3,3MPM,5LK,5,False,,,,38.0
LDHA,,False,1,5W8J,9Y7,1,False,1.55,0.978,0.061,42.0
LDHA,,False,2,5W8K,NAI,2,False,1.6,0.991,0.031,42.0
LDHA,,False,3,5W8H,9Y1,3,False,1.8,0.936,0.098,42.0
LDHA,,False,4,9BK2,A1AQ0,4,False,1.85,0.907,0.093,42.0
LDHA,,False,5,4JNK,NAI,5,False,1.896,0.984,0.04,42.0
LDHB,,False,1,7DBJ,NAI,1,False,1.551,0.978,0.061,7.0
LDHB,,False,2,7DBK,NAI,2,False,1.802,0.982,0.049,7.0
LDHB,,False,3,9QYK,NAI,3,False,2.06,0.979,0.049,7.0
LDHB,,False,4,8S88,NAI,4,False,2.07,0.984,0.04,7.0
LDHB,,False,5,1I0Z,NAI,5,False,2.1,0.979,0.045,7.0
LDLR,,False,1,1N7D,KEG,4,False,,,,4.0
LPAR1,,False,1,4Z35,ON9,1,False,2.9,0.881,0.147,3.0
LRRK2,,False,1,9C76,A1AWR,5,False,2.3,0.97,0.063,7.0
LSS,,False,1,1W6K,LAN,1,False,,,,2.0
LSS,,False,2,1W6J,R71,2,False,,,,2.0
LYN,,False,1,8WFF,FLC,1,False,1.3,0.871,0.147,3.0
LYN,,False,2,5XY1,8H0,2,False,2.7,0.904,0.137,3.0
LYN,,False,3,3A4O,STU,3,False,3.0,0.907,0.116,3.0
MALT1,,False,1,7A41,QYQ,1,False,2.13,0.914,0.117,14.0
MALT1,,False,2,7PAW,6IT,2,False,2.19,0.927,0.102,14.0
MALT1,,False,3,7PAV,6IO,3,False,2.199,0.883,0.135,14.0
MALT1,,False,4,7AK0,RJK,4,False,2.316,0.968,0.065,14.0
MALT1,,False,5,9MKE,A1BMY,5,False,2.34,0.98,0.054,14.0
MAOA,CHEMBL1951_MAOA,True,1,2Z5Y,DCX,1,False,2.17,0.986,0.042,4.0
MAOA,CHEMBL1951_MAOA,True,2,2Z5X,DCX,2,True,2.2,0.966,0.065,4.0
MAOA,CHEMBL1951_MAOA,True,3,2BXR,MLG,3,False,3.0,0.893,0.215,4.0
MAOA,CHEMBL1951_MAOA,True,4,2BXS,MLG,4,False,3.15,0.964,0.071,4.0
MAOB,,False,1,9FJT,A1IDI,1,False,1.4,0.99,0.031,57.0
MAOB,,False,2,6FW0,C15,2,False,1.6,0.991,0.029,57.0
MAOB,,False,3,1S3E,RHP,3,False,1.6,0.991,0.03,57.0
MAOB,,False,4,2V5Z,SAG,4,False,1.6,0.988,0.035,57.0
MAOB,,False,5,9R3K,C15,5,False,1.6,0.981,0.069,57.0
MAP1LC3B,,False,1,7GAG,LJA,1,False,1.59,0.894,0.106,22.0
MAP1LC3B,,False,2,7ELG,8Z6,2,False,1.599,0.835,0.137,22.0
MAP1LC3B,,False,3,7GAO,RV4,4,False,1.69,0.834,0.236,22.0
MAP1LC3B,,False,4,7GAM,NUA,5,False,1.75,0.913,0.227,22.0
MAP2K1,,False,1,7B7R,T1K,1,False,1.7,0.97,0.06,76.0
MAP2K1,,False,2,7B9L,T4N,2,False,1.7,0.948,0.077,76.0
MAP2K1,,False,3,3EQC,3BM,3,False,1.8,0.934,0.102,76.0
MAP2K1,,False,4,3VVH,4BM,5,False,2.0,0.99,0.072,76.0
MAP2K2,,False,1,1S9I,5EA,2,False,3.2,0.964,0.097,2.0
MAP2K4,,False,1,8YP5,1FM,2,False,2.5,0.754,0.218,3.0
MAP2K7,,False,1,6YZ4,1E8,1,False,1.7,0.952,0.065,26.0
MAP2K7,,False,2,7OVI,2GI,2,False,1.95,0.952,0.085,26.0
MAP2K7,,False,3,6YG2,8E8,3,False,2.0,0.959,0.055,26.0
MAP2K7,,False,4,6YG3,6HF,4,False,2.05,0.932,0.091,26.0
MAP2K7,,False,5,7OVK,2I5,5,False,2.05,0.912,0.129,26.0
MAP3K14,,False,1,6Z1T,Q55,1,False,2.31,0.993,0.036,7.0
MAP3K14,,False,2,4IDT,T28,2,False,2.4,0.989,0.052,7.0
MAP3K14,,False,3,6Z1Q,Q58,3,False,2.42,0.938,0.075,7.0
MAP3K14,,False,4,6WPP,PZ4,5,False,2.55,0.998,0.018,7.0
MAP3K20,,False,1,5X5O,7Z0,1,False,1.868,0.963,0.069,6.0
MAP3K20,,False,2,6JUU,C9R,2,False,1.903,0.971,0.05,6.0
MAP3K20,,False,3,6JUT,C9O,3,False,2.1,0.98,0.059,6.0
MAP3K20,,False,4,7YAW,IGS,4,False,2.1,0.944,0.075,6.0
MAP3K20,,False,5,5HES,032,5,False,2.14,0.951,0.137,6.0
MAP3K7,,False,1,7NTH,URW,1,False,1.97,0.945,0.095,24.0
MAP3K7,,False,2,7NTI,UWZ,2,False,1.98,0.899,0.122,24.0
MAP3K7,,False,3,5JGA,6KC,3,False,2.0,0.927,0.137,24.0
MAP3K7,,False,4,2EVA,ADN,4,False,,,,24.0
MAP3K7,,False,5,5V5N,EDH,5,False,2.006,0.952,0.113,24.0
MAP3K8,,False,1,4Y85,499,1,False,2.33,0.974,0.049,3.0
MAP3K8,,False,2,5IU2,6DA,2,False,2.7,0.937,0.102,3.0
MAP3K8,,False,3,4Y83,49B,3,False,2.89,0.996,0.027,3.0
MAP4K4,,False,1,4OBO,2QV,1,False,2.1,0.897,0.087,17.0
MAP4K4,,False,2,4U43,3D8,2,False,2.18,0.92,0.082,17.0
MAP4K4,,False,3,8V5I,A1AAA,3,False,2.18,0.92,0.088,17.0
MAP4K4,,False,4,4OBQ,2QT,4,False,2.19,0.934,0.073,17.0
MAP4K4,,False,5,4U41,3C8,5,False,2.2,0.962,0.056,17.0
MAPK1,,False,1,8AOJ,N8L,1,False,1.12,0.962,0.067,146.0
MAPK1,,False,2,4ZZN,CQ8,2,False,1.33,0.98,0.052,146.0
MAPK1,,False,3,6SLG,LHZ,3,False,1.33,0.945,0.08,146.0
MAPK1,,False,4,4QTA,38Z,5,False,1.45,0.954,0.068,146.0
MAPK10,,False,1,7ORF,0G3,1,False,1.7,0.966,0.059,61.0
MAPK10,,False,2,3OY1,589,2,False,,,,61.0
MAPK10,,False,3,7KSI,X3S,3,False,1.726,0.952,0.073,61.0
MAPK10,,False,4,6EMH,C15,4,False,1.76,0.957,0.081,61.0
MAPK10,,False,5,4WHZ,3NL,5,False,1.79,0.962,0.07,61.0
MAPK11,,False,1,3GP0,NIL,1,False,1.9,0.952,0.061,4.0
MAPK11,,False,2,3GC9,B45,2,False,2.05,0.983,0.038,4.0
MAPK11,,False,3,3GC8,B45,3,False,2.4,0.989,0.03,4.0
MAPK11,,False,4,8YGW,B96,4,False,3.301,0.957,0.082,4.0
MAPK14,,False,1,3LFF,Z83,1,False,1.5,0.927,0.093,139.0
MAPK14,,False,2,5WJJ,AQY,2,False,1.6,0.977,0.054,139.0
MAPK14,,False,3,6SFI,LB5,3,False,1.6,0.957,0.064,139.0
MAPK14,,False,4,4EHV,0SJ,4,False,1.6,0.942,0.075,139.0
MAPK14,,False,5,3ZS5,SB2,5,False,1.6,0.932,0.091,139.0
MAPK3,,False,1,4QTB,38Z,1,False,1.4,0.866,0.127,3.0
MAPK3,,False,2,6GES,6H3,2,False,2.07,0.97,0.057,3.0
MAPK3,,False,3,2ZOQ,5ID,3,False,2.39,0.998,0.028,3.0
MAPT,,False,1,9GG8,TW8,1,False,1.1,0.868,0.147,19.0
MAPT,,False,2,9GG7,TW8,2,False,1.24,0.979,0.061,19.0
MAPT,,False,3,6FAU,D3W,3,False,1.25,0.924,0.117,19.0
MAPT,,False,4,6FAV,D3Q,4,False,1.4,0.961,0.065,19.0
MAPT,,False,5,6FAW,D3K,5,False,1.4,0.949,0.083,19.0
MARK3,,False,1,8UOJ,X5I,1,False,1.6,0.962,0.061,12.0
MARK3,,False,2,8UOI,X3Q,2,False,1.8,0.966,0.094,12.0
MARK3,,False,3,8UOK,X5N,3,False,1.85,0.958,0.098,12.0
MARK3,,False,4,8UOL,X4H,4,False,1.9,0.923,0.11,12.0
MARK3,,False,5,7P1L,V5E,5,False,1.95,0.938,0.089,12.0
MARK4,,False,1,5ES1,5RC,1,False,2.8,0.936,0.082,1.0
MARS1,,False,1,4BVX,I3C,1,False,1.6,0.988,0.084,2.0
MDH2,,False,1,4WLO,NAI,5,False,2.5,0.934,0.097,5.0
MDM2,CHEMBL1907611_p53_MDM2,True,1,6Q9L,HTZ,1,False,1.13,0.989,0.037,95.0
MDM2,CHEMBL1907611_p53_MDM2,True,2,5C5A,NUT,2,False,1.146,0.96,0.055,95.0
MDM2,CHEMBL1907611_p53_MDM2,True,3,6Q9O,HU8,3,False,1.21,0.892,0.138,95.0
MDM2,CHEMBL1907611_p53_MDM2,True,4,5ZXF,NUT,4,False,1.25,0.948,0.09,95.0
MDM2,CHEMBL1907611_p53_MDM2,True,5,7QDQ,AU0,5,False,1.26,0.958,0.073,95.0
MDM4,,False,1,6Q9Y,HRQ,1,False,1.2,0.989,0.03,17.0
MDM4,,False,2,3LBJ,WW8,2,False,1.5,0.965,0.058,17.0
MDM4,,False,3,6Q9W,HRT,3,False,1.55,0.943,0.071,17.0
MDM4,,False,4,7C3Y,NUT,5,False,1.632,0.955,0.074,17.0
MEN1,,False,1,6O5I,LMY,1,False,1.24025624626,0.98,0.054,56.0
MEN1,,False,2,4GQ4,0RT,2,False,1.27,0.987,0.041,56.0
MEN1,,False,3,8VA5,K5O,3,False,1.3,0.812,0.125,56.0
MEN1,,False,4,4OG4,2VK,4,False,1.45,0.879,0.144,56.0
MERTK,,False,1,7AAX,R6H,1,False,1.762,0.918,0.109,40.0
MERTK,,False,2,7AB2,R6N,2,False,1.78,0.957,0.074,40.0
MERTK,,False,3,7AAZ,R6K,3,False,1.855,0.937,0.07,40.0
MERTK,,False,4,7AAY,L1X,4,False,1.87,0.932,0.092,40.0
MERTK,,False,5,7OLS,VJZ,5,False,1.89,0.888,0.086,40.0
MET,CHEMBL3717_MET,True,1,9T6K,A1JT6,1,False,1.133,0.948,0.081,112.0
MET,CHEMBL3717_MET,True,2,9T0D,A1JSR,2,False,1.196,0.98,0.061,112.0
MET,CHEMBL3717_MET,True,3,4R1V,3E8,3,True,1.2,0.975,0.068,112.0
MET,CHEMBL3717_MET,True,4,9SXJ,12P,4,False,1.315,0.986,0.033,112.0
MET,CHEMBL3717_MET,True,5,3ZCL,5TF,5,False,1.4,0.985,0.039,112.0
METAP2,,False,1,5D6E,94A,1,False,1.49,0.966,0.09,38.0
METAP2,,False,2,5D6F,57R,2,False,1.55,0.922,0.13,38.0
METAP2,,False,3,1QZY,TDE,3,False,1.6,0.938,0.082,38.0
METAP2,,False,4,5JFR,6KP,5,False,,,,38.0
MGAM,,False,1,3L4Y,NR4,1,False,1.8,0.957,0.087,10.0
MGAM,,False,2,3L4U,DSK,2,False,1.9,0.954,0.065,10.0
MGAM,,False,3,3L4X,NR3,3,False,1.9,0.947,0.09,10.0
MGAM,,False,4,3L4T,BJ1,4,False,1.9,0.945,0.083,10.0
MGAT2,,False,1,5VCM,UDP,1,False,1.599,0.796,0.124,3.0
MGAT2,,False,2,5VCR,IUM,2,False,1.992,0.986,0.153,3.0
MIF,,False,1,9BNQ,A1AQU,2,False,1.09,0.964,0.086,100.0
MIF,,False,2,6B1K,C9G,3,False,1.17,0.982,0.053,100.0
MLLT1,,False,1,8PJI,ZJF,1,False,1.7,0.887,0.114,15.0
MLLT1,,False,2,6T1I,M7W,2,False,1.8,0.916,0.128,15.0
MLLT1,,False,3,6HT0,GQ8,3,False,1.8,0.899,0.104,15.0
MLLT1,,False,4,6T1M,M8K,4,False,1.85,0.972,0.088,15.0
MLLT1,,False,5,6HPW,GKT,5,False,1.9,0.932,0.097,15.0
MLYCD,,False,1,4F0X,0OR,1,False,3.29,0.992,0.067,1.0
MME,,False,1,6SUK,FT8,1,False,1.75,0.917,0.108,16.0
MME,,False,2,1R1H,BIR,3,False,1.95,0.905,0.104,16.0
MME,,False,3,5JMY,6LD,4,False,2.0,0.962,0.055,16.0
MME,,False,4,2QPJ,I20,5,False,2.05,0.962,0.074,16.0
MMP1,,False,1,1HFC,PLH,1,False,,,,4.0
MMP1,,False,2,966C,RS2,2,False,,,,4.0
MMP1,,False,3,2TCL,RO4,3,False,,,,4.0
MMP1,,False,4,1CGL,0ED,4,False,,,,4.0
MMP10,,False,1,1Q3A,NGH,1,False,2.1,0.842,0.153,1.0
MMP13,CHEMBL280_MMP13,True,1,5B5O,WMM,1,False,1.2,0.918,0.116,42.0
MMP13,CHEMBL280_MMP13,True,2,3ZXH,E41,2,True,1.3,0.987,0.038,42.0
MMP13,CHEMBL280_MMP13,True,3,4JP4,AZ4,3,False,1.43,0.974,0.056,42.0
MMP13,CHEMBL280_MMP13,True,4,830C,RS1,4,False,1.6,0.977,0.048,42.0
MMP13,CHEMBL280_MMP13,True,5,5B5P,WNN,5,False,1.6,0.976,0.054,42.0
MMP2,CHEMBL333_MMP2,True,1,7XJO,B3P,1,True,2.0,0.8,0.21,2.0
MMP2,CHEMBL333_MMP2,True,2,8H78,L2U,2,False,2.4,0.93,0.105,2.0
MMP3,,False,1,1HY7,MBS,1,False,,,,26.0
MMP3,,False,2,1CIZ,DPS,2,False,,,,26.0
MMP3,,False,3,1HFS,L04,3,False,,,,26.0
MMP3,,False,4,1CAQ,DPS,4,False,1.8,0.931,0.081,26.0
MMP3,,False,5,1USN,IN9,5,False,1.8,0.855,0.138,26.0
MMP7,,False,1,2Y6D,TQJ,1,False,1.6,0.825,0.184,5.0
MMP7,,False,2,2Y6C,TQI,2,False,1.7,0.949,0.109,5.0
MMP7,,False,3,1MMQ,RRS,3,False,,,,5.0
MMP7,,False,4,1MMP,RSS,4,False,,,,5.0
MMP7,,False,5,1MMR,SRS,5,False,,,,5.0
MMP8,,False,1,1I76,BSI,1,False,1.2,0.982,0.046,20.0
MMP8,,False,2,4QKZ,QZK,2,False,1.2,0.917,0.102,20.0
MMP8,,False,3,5H8X,5XT,3,False,1.3,0.953,0.07,20.0
MMP8,,False,4,1ZS0,EIN,4,False,,,,20.0
MMP8,,False,5,3DPE,AXB,5,False,1.6,0.928,0.072,20.0
MMP9,,False,1,6ESM,B9Z,1,False,1.104,0.968,0.077,25.0
MMP9,,False,2,4XCT,N73,2,False,1.3,0.934,0.084,25.0
MMP9,,False,3,8K5Y,VP6,3,False,1.52,0.963,0.062,25.0
MMP9,,False,4,4H1Q,0XX,4,False,1.59,0.925,0.093,25.0
MMP9,,False,5,5I12,H27,5,False,1.59,0.681,0.191,25.0
MT-CO2,,False,1,3VRJ,1KX,1,False,1.9,0.961,0.054,1.0
MTNR1A,,False,1,6ME2,JEV,1,False,2.8,0.959,0.092,5.0
MTNR1A,,False,2,6ME3,JEY,2,False,2.9,0.985,0.085,5.0
MTNR1A,,False,3,6ME5,AWY,3,False,3.2,0.959,0.116,5.0
MTNR1A,,False,4,6ME4,ML2,4,False,3.2,0.835,0.25,5.0
MTNR1A,,False,5,6PS8,JEY,5,False,3.3,0.857,0.296,5.0
MTNR1B,,False,1,6ME6,OLC,1,False,2.8,0.931,0.123,4.0
MTNR1B,,False,2,6ME8,JEY,2,False,3.1,0.927,0.145,4.0
MTNR1B,,False,3,6ME7,OLC,3,False,3.2,0.964,0.082,4.0
MTNR1B,,False,4,6ME9,JEV,4,False,3.3,0.905,0.165,4.0
MTOR,CHEMBL2842_MTOR,True,1,4DRI,RAP,1,False,1.45,0.956,0.062,22.0
MTOR,CHEMBL2842_MTOR,True,2,5GPG,RAP,2,False,1.67,0.969,0.049,22.0
MTOR,CHEMBL2842_MTOR,True,3,4DRJ,RAP,3,False,1.8,0.943,0.072,22.0
MTOR,CHEMBL2842_MTOR,True,4,3FAP,ARD,4,False,1.85,0.985,0.044,22.0
MTOR,CHEMBL2842_MTOR,True,5,8PPZ,0AN,5,False,1.85,0.961,0.062,22.0
MTTP,,False,1,6I7S,PE5,1,False,2.5,0.903,0.315,1.0
NAE1,,False,1,3GZN,B39,2,False,3.0,0.992,0.044,3.0
NCOR2,,False,1,8B94,Q5O,1,False,1.55,0.927,0.087,25.0
NCOR2,,False,2,8B92,Q5X,2,False,1.66,0.948,0.07,25.0
NCOR2,,False,3,8B95,Q4C,3,False,1.72,0.952,0.073,25.0
NCOR2,,False,4,8B8X,A8R,4,False,1.78,0.963,0.056,25.0
NCOR2,,False,5,8B8W,Q2X,5,False,1.86,0.949,0.089,25.0
NEK1,,False,1,4B9D,CK7,1,False,1.9,0.92,0.098,1.0
NEK2,,False,1,2XNM,WGZ,2,False,1.85,0.966,0.082,28.0
NEK2,,False,2,5M51,NU6,3,False,1.899,0.938,0.094,28.0
NEK2,,False,3,5M53,7GJ,4,False,1.9,0.954,0.064,28.0
NEK2,,False,4,2XKD,T3M,5,False,1.96,0.957,0.069,28.0
NFKB1,,False,1,8TQD,JMR,1,False,2.02,0.91,0.114,1.0
NOD1,,False,1,4E9M,FLC,1,False,2.15,0.63,0.233,1.0
NOS3,,False,1,9CWI,A1A0D,1,False,1.73,0.985,0.033,100.0
NOS3,,False,2,4D1P,Q16,2,False,1.731,0.999,0.009,100.0
NOS3,,False,3,9MWU,A1BT2,3,False,1.736,0.994,0.024,100.0
NOS3,,False,4,9MWO,A1BTY,4,False,1.76,0.984,0.037,100.0
NOS3,,False,5,6PP1,OU1,5,False,1.76,0.984,0.056,100.0
NOTCH1,,False,1,5L0R,UDP,1,False,1.5,0.99,0.036,4.0
NOTCH1,,False,2,5UB5,UDP,4,False,2.089,0.989,0.033,4.0
NPM1,,False,1,7OBH,FSC,1,False,2.0,0.963,0.064,1.0
NQO2,,False,1,4FGL,CLQ,1,False,1.2,0.998,0.017,67.0
NQO2,,False,2,4FGJ,1PQ,2,False,1.346,0.981,0.049,67.0
NQO2,,False,3,5LBY,6T2,3,False,1.4,0.991,0.035,67.0
NQO2,,False,4,5LBZ,6T3,4,False,1.4,0.988,0.043,67.0
NQO2,,False,5,4QOG,ML1,5,False,1.4,0.966,0.071,67.0
NR1H2,,False,1,6S5K,KWE,1,False,1.6,0.965,0.054,25.0
NR1H2,,False,2,6S4N,KUW,2,False,1.9,0.915,0.122,25.0
NR1H2,,False,3,6S4T,KVB,3,False,,,,25.0
NR1H2,,False,4,4RAK,652,4,False,2.04,0.94,0.1,25.0
NR1H2,,False,5,1PQ9,44B,5,False,2.1,0.964,0.052,25.0
NR1H3,,False,1,5HJS,668,1,False,1.72,0.888,0.08,7.0
NR1H3,,False,2,3IPQ,965,2,False,2.0,0.916,0.109,7.0
NR1H3,,False,3,3IPS,O90,3,False,2.26,0.951,0.076,7.0
NR1H3,,False,4,3IPU,O40,4,False,,,,7.0
NR1H3,,False,5,5AVI,4KM,5,False,,,,7.0
NR1H4,,False,1,6HL1,JN3,1,False,1.599,0.921,0.084,88.0
NR1H4,,False,2,4OIV,XX9,2,False,1.7,0.965,0.061,88.0
NR1H4,,False,3,5Q0I,0X0,3,False,1.7,0.828,0.122,88.0
NR1H4,,False,4,5Q0P,9LA,4,False,1.8,0.957,0.063,88.0
NR1H4,,False,5,1OSH,FEX,5,False,,,,88.0
NR3C1,,False,1,4UDD,CPS,1,False,1.8,0.969,0.061,32.0
NR3C1,,False,2,4P6W,MOF,2,False,1.951,0.786,0.157,32.0
NR3C1,,False,3,8A9G,QJK,3,False,1.961,0.959,0.064,32.0
NR3C1,,False,4,5UC3,486,4,False,2.009,0.976,0.084,32.0
NR3C2,,False,1,4PF3,HFN,1,False,1.1,0.951,0.091,29.0
NR3C2,,False,2,3VHV,LD2,2,False,1.35,0.973,0.045,29.0
NR3C2,,False,3,3WFG,WFG,3,False,1.4,0.972,0.05,29.0
NR3C2,,False,4,9GC7,A1IJ6,4,False,1.46,0.975,0.057,29.0
NR3C2,,False,5,6GEV,EWN,5,False,1.54,0.816,0.154,29.0
NR4A2,,False,1,5Y41,RPG,1,False,2.05,0.871,0.109,4.0
NR4A2,,False,2,5YD6,8SU,2,False,2.34,0.885,0.127,4.0
NR4A2,,False,3,8CYO,OBJ,3,False,2.41,0.729,0.236,4.0
NR5A1,,False,1,1ZDT,PEF,1,False,2.1,0.938,0.082,6.0
NR5A1,,False,2,7KHT,WES,3,False,2.504,0.879,0.192,6.0
NR5A1,,False,3,8DAF,PEF,4,False,2.59,0.905,0.129,6.0
NR5A1,,False,4,4QK4,PIK,5,False,2.81,0.935,0.137,6.0
NR5A2,,False,1,6VC2,QU7,1,False,1.697,0.862,0.093,24.0
NR5A2,,False,2,4PLD,CPS,2,False,1.75,0.927,0.116,24.0
NR5A2,,False,3,3PLZ,470,3,False,1.75,0.877,0.103,24.0
NR5A2,,False,4,4PLE,EPH,4,False,1.752,0.937,0.102,24.0
NR5A2,,False,5,4ONI,P6L,5,False,1.8,0.847,0.138,24.0
NRAS,,False,1,9BG8,A1AHB,1,False,1.2,0.993,0.034,23.0
NRAS,,False,2,9BG3,A1AHB,3,False,1.33,0.983,0.046,23.0
NRAS,,False,3,9Y3W,A1CSD,5,False,1.56,0.982,0.045,23.0
NRP1,,False,1,6FMC,DUE,1,False,0.9,0.976,0.061,12.0
NRP1,,False,2,5JGI,AAG,2,False,1.38,0.937,0.08,12.0
NRP1,,False,3,5IJR,HRG,4,False,1.52,0.894,0.113,12.0
NRP1,,False,4,9F6B,A1IAT,5,False,1.57,0.963,0.065,12.0
NSD2,,False,1,9FOC,A1IFS,1,False,1.618,0.95,0.081,15.0
NSD2,,False,2,6XCG,V01,2,False,1.64,0.965,0.078,15.0
NSD2,,False,3,9EXY,A1H7Z,3,False,1.699,0.914,0.123,15.0
NSD2,,False,4,9KNB,A1EF7,4,False,1.84,0.972,0.05,15.0
NSD2,,False,5,9EXX,A1H7Y,5,False,1.943,0.964,0.065,15.0
NT5E,,False,1,9HJ4,A1IVB,1,False,1.06,0.974,0.057,46.0
NT5E,,False,2,7PB5,U5P,3,False,1.28,0.881,0.179,46.0
NT5E,,False,3,7PCP,IUR,4,False,1.377,0.96,0.063,46.0
NT5E,,False,4,7PD9,RBF,5,False,1.39,0.99,0.033,46.0
NTRK1,,False,1,5JFW,6K2,1,False,1.52,0.982,0.045,53.0
NTRK1,,False,2,5JFV,6K1,2,False,1.59,0.965,0.061,53.0
NTRK1,,False,3,5JFX,6K4,3,False,1.63,0.857,0.119,53.0
NTRK1,,False,4,4PMP,31W,4,False,1.8,0.928,0.095,53.0
NTRK2,,False,1,4AT5,MUJ,1,False,1.71,0.95,0.068,3.0
NTRK2,,False,2,4AT3,LTI,2,False,1.77,0.945,0.095,3.0
NTRK2,,False,3,4AT4,T6E,3,False,2.36,0.938,0.066,3.0
NTRK3,,False,1,6KZD,DZ6,1,False,1.708,0.925,0.115,4.0
NTRK3,,False,2,4YMJ,4EJ,2,False,2.0,0.995,0.028,4.0
NTRK3,,False,3,6KZC,DZC,3,False,2.0,0.898,0.116,4.0
NTRK3,,False,4,3V5Q,0F4,4,False,2.2001,0.992,0.035,4.0
OPRD1,,False,1,4N6H,EJ4,1,False,1.8,0.989,0.06,5.0
OPRD1,,False,2,4RWD,OLC,2,False,2.7,0.993,0.043,5.0
OPRD1,,False,3,6PT2,CLR,3,False,2.8,0.93,0.089,5.0
OPRD1,,False,4,4RWA,OLC,4,False,3.28,0.991,0.057,5.0
OPRD1,,False,5,6PT3,OWY,5,False,3.3,0.949,0.067,5.0
OPRK1,,False,1,4DJH,JDC,1,False,2.9,0.959,0.131,4.0
OPRK1,,False,2,6B73,CVV,2,False,3.1,0.902,0.156,4.0
OPRK1,,False,3,7YIT,IVB,3,False,3.3,0.962,0.09,4.0
OPRK1,,False,4,6VI4,JDC,4,False,3.3,0.936,0.134,4.0
OXTR,,False,1,6TPK,NU2,1,False,3.2,0.91,0.114,1.0
P2RY12,,False,1,4PXZ,6AD,1,False,2.5,0.929,0.215,4.0
P2RY12,,False,2,4NTJ,AZJ,2,False,2.62,0.882,0.16,4.0
P2RY12,,False,3,7PP1,7Y5,3,False,2.78,0.979,0.055,4.0
P2RY12,,False,4,4PY0,6AT,4,False,3.1,0.915,0.136,4.0
P4HB,,False,1,6I7S,PE5,2,False,2.5,0.918,0.095,2.0
PABPC1,,False,1,5DX1,SFG,1,False,1.93,0.795,0.145,8.0
PABPC1,,False,2,5DX8,SFG,2,False,1.94,0.964,0.05,8.0
PABPC1,,False,3,5LGR,QVR,3,False,2.0,0.962,0.055,8.0
PABPC1,,False,4,5LGP,8ZB,4,False,2.04,0.714,0.226,8.0
PABPC1,,False,5,5DXA,SFG,5,False,2.07,0.964,0.053,8.0
PADI4,,False,1,3B1U,YFF,1,False,2.1,0.848,0.167,13.0
PADI4,,False,2,5N0M,8HT,2,False,2.18,0.927,0.094,13.0
PADI4,,False,3,5N0Y,8FQ,3,False,2.23,0.87,0.128,13.0
PADI4,,False,4,1WDA,BAG,4,False,2.3,0.914,0.118,13.0
PADI4,,False,5,2DW5,BFB,5,False,2.3,0.895,0.102,13.0
PARP1,CHEMBL3105_PARP1,True,1,6NRH,KYP,1,False,1.5,0.963,0.079,78.0
PARP1,CHEMBL3105_PARP1,True,2,9ETQ,A1H63,2,False,1.59,0.968,0.044,78.0
PARP1,CHEMBL3105_PARP1,True,3,7AAC,78P,3,False,1.593,0.955,0.063,78.0
PARP1,CHEMBL3105_PARP1,True,4,6NRJ,KYJ,4,False,1.65,0.958,0.077,78.0
PARP1,CHEMBL3105_PARP1,True,5,7KK5,3JD,5,True,1.7,0.967,0.067,78.0
PARP2,,False,1,4ZZX,FSU,1,False,1.65,0.991,0.029,17.0
PARP2,,False,2,3KJD,78P,2,False,1.95,0.97,0.045,17.0
PARP2,,False,3,7R59,I5F,4,False,2.0,0.967,0.052,17.0
PARP2,,False,4,4TVJ,09L,5,False,2.1,0.953,0.058,17.0
PARP3,,False,1,4L7N,1VB,1,False,1.8,0.97,0.05,15.0
PARP3,,False,2,4GV4,MEJ,2,False,1.8,0.965,0.054,15.0
PARP3,,False,3,4GV2,5ME,3,False,1.8,0.945,0.079,15.0
PARP3,,False,4,4GV0,8ME,4,False,1.9,0.947,0.083,15.0
PARP3,,False,5,4L6Z,1DC,5,False,2.0,0.976,0.062,15.0
PCSK9,,False,1,9HZ3,A1IYR,2,False,1.432,0.796,0.18,13.0
PCSK9,,False,2,6U26,063,3,False,1.53,0.881,0.105,13.0
PCSK9,,False,3,10SB,A1C8P,5,False,1.828,0.959,0.057,13.0
PDE10A,,False,1,2OUR,CMP,1,False,1.45,0.959,0.065,146.0
PDE10A,,False,2,2OUU,35G,4,False,1.52,0.96,0.059,146.0
PDE1B,,False,1,5UOY,8HM,1,False,1.82,0.965,0.057,6.0
PDE1B,,False,2,5B25,4QJ,2,False,1.9,0.971,0.072,6.0
PDE1B,,False,3,5W6E,0NY,3,False,1.9,0.968,0.051,6.0
PDE1B,,False,4,4NPW,0NY,4,False,1.9,0.894,0.141,6.0
PDE1B,,False,5,5UP0,8HP,5,False,2.04,0.964,0.056,6.0
PDE2A,,False,1,5U00,7OV,1,False,1.41,0.993,0.064,40.0
PDE2A,,False,2,6C7E,EOG,2,False,1.43,0.967,0.062,40.0
PDE2A,,False,3,6EZF,C6Z,3,False,1.5,0.973,0.049,40.0
PDE2A,,False,4,6CYC,FKJ,4,False,1.54,0.945,0.082,40.0
PDE2A,,False,5,3ITU,IBM,5,False,1.58,0.975,0.047,40.0
PDE3A,,False,1,7KWE,X5M,1,False,2.0,0.903,0.121,3.0
PDE3A,,False,2,7L28,XKG,3,False,2.2,0.942,0.092,3.0
PDE3B,,False,1,1SO2,666,1,False,2.4,0.951,0.119,4.0
PDE3B,,False,2,9YUD,X5W,2,False,2.7,0.972,0.074,4.0
PDE3B,,False,3,8SYC,X5W,3,False,2.7,0.955,0.083,4.0
PDE3B,,False,4,1SOJ,IBM,4,False,2.9,0.942,0.104,4.0
PDE4A,,False,1,3HC8,PD4,1,False,1.79,0.947,0.061,5.0
PDE4A,,False,2,3HDZ,PD6,2,False,1.8,0.794,0.176,5.0
PDE4A,,False,3,2QYK,NPV,3,False,2.1,0.905,0.124,5.0
PDE4A,,False,4,3I8V,0MO,4,False,2.25,0.896,0.159,5.0
PDE4A,,False,5,3TVX,PNX,5,False,2.84,0.929,0.089,5.0
PDE4B,,False,1,4KP6,1S1,1,False,1.5,0.952,0.069,40.0
PDE4B,,False,2,5OHJ,9VE,2,False,1.6,0.97,0.066,40.0
PDE4B,,False,3,2CHM,3P4,3,False,,,,40.0
PDE4B,,False,4,3FRG,SK4,4,False,1.7,0.969,0.046,40.0
PDE4B,,False,5,6BOJ,E31,5,False,1.7,0.94,0.076,40.0
PDE4D,,False,1,1Y2K,7DE,1,False,1.36,0.905,0.112,120.0
PDE4D,,False,2,8W4R,AJR,2,False,1.37,0.882,0.113,120.0
PDE4D,,False,3,6FDC,DD5,4,False,1.45,0.96,0.067,120.0
PDE4D,,False,4,6LRM,EQC,5,False,1.45,0.936,0.127,120.0
PDE5A,,False,1,1TBF,VIA,1,False,1.3,0.921,0.16,45.0
PDE5A,,False,2,1XOZ,CIA,2,False,1.37,0.957,0.082,45.0
PDE5A,,False,3,5JO3,6LK,3,False,,,,45.0
PDE5A,,False,4,2CHM,3P4,4,False,1.6,0.921,0.122,45.0
PDE5A,,False,5,3HC8,PD4,5,False,1.79,0.968,0.061,45.0
PDE6C,,False,1,5E8F,GER,1,False,2.1,0.986,0.047,3.0
PDE6C,,False,2,3JWQ,VIA,2,False,2.87,0.924,0.091,3.0
PDE6C,,False,3,3JWR,IBM,3,False,2.994,0.961,0.079,3.0
PDE6D,,False,1,5ML3,DL3,1,False,1.4,0.948,0.094,37.0
PDE6D,,False,2,7Q9Q,GER,2,False,1.45,0.862,0.116,37.0
PDE6D,,False,3,4JV8,1M1,3,False,1.45,0.687,0.184,37.0
PDE6D,,False,4,7PAD,O7W,4,False,1.49,0.945,0.094,37.0
PDE6D,,False,5,5ML2,NH6,5,False,1.6,0.972,0.06,37.0
PDE6G,,False,1,3JWR,IBM,1,False,2.994,0.961,0.079,1.0
PDE7A,,False,1,1ZKL,IBM,1,False,1.67,0.983,0.049,4.0
PDE7A,,False,2,4PM0,32V,2,False,2.1,0.989,0.035,4.0
PDE7A,,False,3,4Y2B,EPK,3,False,2.2,0.916,0.104,4.0
PDE7A,,False,4,3G3N,TC8,4,False,2.4,0.935,0.092,4.0
PDE8A,,False,1,3ECN,IBM,1,False,2.1,0.94,0.085,9.0
PDE8A,,False,2,8YTA,A1D66,2,False,2.5000125483,0.947,0.09,9.0
PDE8A,,False,3,7VSL,7XI,3,False,2.50006900162,0.996,0.028,9.0
PDE8A,,False,4,7VTX,80D,4,False,2.50010936848,0.965,0.084,9.0
PDE8A,,False,5,7VTW,807,5,False,2.79971328057,0.998,0.016,9.0
PDE9A,,False,1,4Y86,49D,1,False,2.01,0.964,0.079,25.0
PDE9A,,False,2,3DYN,PCG,2,False,2.1,0.957,0.088,25.0
PDE9A,,False,3,3DY8,5GP,3,False,2.15,0.928,0.065,25.0
PDE9A,,False,4,2HD1,IBM,4,False,2.23,0.962,0.077,25.0
PDE9A,,False,5,3QI3,PDB,5,False,2.3,0.956,0.076,25.0
PDGFRA,,False,1,5GRN,748,1,False,1.77,0.963,0.052,12.0
PDGFRA,,False,2,6JOL,STI,2,False,1.9,0.949,0.07,12.0
PDGFRA,,False,3,9TFB,A1JVS,3,False,2.0,0.926,0.088,12.0
PDGFRA,,False,4,9GZH,A1IRC,4,False,2.2,0.915,0.106,12.0
PDGFRA,,False,5,9TF9,9JI,5,False,2.2,0.868,0.111,12.0
PDGFRB,CHEMBL1913_PDGFRB,True,1,11UE,A1DA1,2,False,2.32,0.848,0.13,2.0
PDK3,,False,1,1Y8O,RED,1,False,2.48,0.918,0.14,5.0
PDK3,,False,2,2PNR,RED,2,False,2.5,0.961,0.08,5.0
PDK3,,False,3,2Q8I,RDC,3,False,2.6,0.968,0.077,5.0
PDK3,,False,4,1Y8N,RED,4,False,2.6,0.939,0.148,5.0
PDK3,,False,5,1Y8P,RED,5,False,2.63,0.975,0.059,5.0
PGK1,,False,1,9FDF,X15,1,False,1.44,0.996,0.026,28.0
PGK1,,False,2,2WZB,3PG,2,False,1.47,0.987,0.04,28.0
PGK1,,False,3,2WZC,3PG,3,False,1.5,0.987,0.034,28.0
PGK1,,False,4,2WZD,3PG,4,False,1.56,0.983,0.038,28.0
PGK1,,False,5,9FDN,3PG,5,False,1.58,0.992,0.032,28.0
PGR,,False,1,1SQN,NDR,1,False,1.451,0.961,0.051,18.0
PGR,,False,2,1SR7,MOF,2,False,1.46,0.931,0.073,18.0
PGR,,False,3,3ZR7,OR8,3,False,1.65,0.97,0.062,18.0
PGR,,False,4,1A28,STR,4,False,1.8,0.939,0.077,18.0
PGR,,False,5,2W8Y,486,5,False,1.8,0.909,0.077,18.0
PHGDH,,False,1,6RJ3,K58,3,False,1.42,0.953,0.094,21.0
PHGDH,,False,2,5N53,8NB,4,False,1.48,0.936,0.094,21.0
PI4KB,,False,1,8Q6F,KHR,1,False,1.506,0.966,0.055,16.0
PI4KB,,False,2,8Q6G,KIH,2,False,1.541,0.95,0.066,16.0
PI4KB,,False,3,8Q6H,KI7,3,False,1.94,0.94,0.07,16.0
PI4KB,,False,4,6GL3,EMW,5,False,2.77,0.937,0.104,16.0
PIK3C2A,,False,1,6BTY,O4B,1,False,1.678,0.823,0.127,3.0
PIK3C2A,,False,2,6BTZ,O4B,2,False,1.85,0.852,0.145,3.0
PIK3C2A,,False,3,6BU0,IHP,3,False,2.427,0.92,0.103,3.0
PIK3C3,,False,1,7RSP,7IK,1,False,1.67,0.965,0.056,22.0
PIK3C3,,False,2,7RSV,7IQ,2,False,1.78,0.967,0.055,22.0
PIK3C3,,False,3,7RSJ,7IH,3,False,1.881,0.98,0.05,22.0
PIK3C3,,False,4,4UWH,JXM,4,False,1.93,0.969,0.053,22.0
PIK3C3,,False,5,9NIN,A1BYW,5,False,2.01,0.976,0.055,22.0
PIK3CA,,False,1,9CMK,A1ATF,1,False,1.75,0.964,0.071,84.0
PIK3CA,,False,2,8EXL,799,2,False,1.989,0.908,0.107,84.0
PIK3CA,,False,3,9CML,A1AZD,3,False,2.01,0.862,0.178,84.0
PIK3CA,,False,4,7JIU,VBS,4,False,2.12,0.899,0.117,84.0
PIK3CA,,False,5,6PYS,P5J,5,False,2.19,0.963,0.064,84.0
PIK3CD,CHEMBL3130_PIK3CD,True,1,6PYR,P5J,1,True,2.21,0.951,0.077,20.0
PIK3CD,CHEMBL3130_PIK3CD,True,2,8S3R,A1H48,2,False,2.28,0.934,0.09,20.0
PIK3CD,CHEMBL3130_PIK3CD,True,3,7JIS,VBS,3,False,2.42,0.924,0.102,20.0
PIK3CD,CHEMBL3130_PIK3CD,True,4,8BCY,I3H,4,False,2.43,0.944,0.118,20.0
PIK3CD,CHEMBL3130_PIK3CD,True,5,9L3R,A1L62,5,False,2.5,0.817,0.112,20.0
PIK3CG,CHEMBL3267_PIK3CG,True,1,6AUD,BWY,1,False,2.015,0.955,0.062,104.0
PIK3CG,CHEMBL3267_PIK3CG,True,2,4ANV,751,2,False,2.13,0.91,0.091,104.0
PIK3CG,CHEMBL3267_PIK3CG,True,3,3L54,LXX,3,True,2.3,0.952,0.077,104.0
PIK3CG,CHEMBL3267_PIK3CG,True,4,4WWO,3VD,4,False,2.3,0.874,0.128,104.0
PIK3CG,CHEMBL3267_PIK3CG,True,5,6C1S,EFV,5,False,2.31,0.916,0.082,104.0
PIK3R1,,False,1,4JPS,1LT,1,False,2.2,0.963,0.064,59.0
PIK3R1,,False,2,6PYR,P5J,2,False,2.21,0.912,0.093,59.0
PIK3R1,,False,3,8SBC,ZTV,3,False,2.3,0.876,0.109,59.0
PIK3R1,,False,4,4WAF,3K6,4,False,2.39,0.925,0.112,59.0
PIK3R1,,False,5,7TZ7,KVJ,5,False,2.41,0.89,0.112,59.0
PIM1,CHEMBL2147_PIM1,True,1,8R0Q,XGB,2,False,1.7,0.962,0.07,145.0
PIM1,CHEMBL2147_PIM1,True,2,3R04,UNQ,3,False,1.7,0.949,0.079,145.0
PIM1,CHEMBL2147_PIM1,True,3,6NO9,KUV,4,False,1.712,0.964,0.066,145.0
PIM1,CHEMBL2147_PIM1,True,4,6VRV,WFY,5,False,1.74,0.962,0.084,145.0
PIP4K2A,,False,1,6UX9,UHJ,1,False,1.71,0.972,0.054,15.0
PIP4K2A,,False,2,6YM4,P4Z,2,False,1.95,0.918,0.097,15.0
PIP4K2A,,False,3,6YM3,OYZ,4,False,2.05,0.747,0.298,15.0
PIP4K2A,,False,4,8C8C,U1U,5,False,2.096,0.96,0.081,15.0
PKN2,,False,1,6CCY,EX4,2,False,2.18,0.947,0.078,3.0
PLA2G7,,False,1,5YEA,8U9,3,False,1.805,0.945,0.075,31.0
PLA2G7,,False,2,5YE8,8U3,4,False,1.851,0.949,0.069,31.0
PLA2G7,,False,3,5YE9,8U6,5,False,1.876,0.935,0.086,31.0
PLAT,,False,1,1A5H,BBA,2,False,,,,3.0
PLAU,,False,1,5YC6,PZH,1,False,1.18,0.604,0.226,121.0
PLAU,,False,2,5Z1C,ZXI,2,False,1.45,0.991,0.079,121.0
PLAU,,False,3,4MNW,ZBR,4,False,1.49,0.912,0.108,121.0
PLAU,,False,4,1GJ7,132,5,False,1.5,0.973,0.04,121.0
PLD1,,False,1,6OHR,MKG,2,False,3.2,0.939,0.102,2.0
PLG,,False,1,5UGG,89M,1,False,1.2,0.947,0.096,17.0
PLG,,False,2,5UGD,89S,2,False,1.38,0.962,0.062,17.0
PLG,,False,3,8F7U,GGI,3,False,1.47,0.948,0.077,17.0
PLG,,False,4,7UAH,M63,4,False,1.57,0.959,0.067,17.0
PLG,,False,5,8F7V,EUA,5,False,1.65,0.946,0.075,17.0
PLK1,,False,1,7MX1,ZOY,4,False,1.64,0.738,0.216,35.0
PLK1,,False,2,8CRC,VIH,5,False,1.65,0.914,0.101,35.0
PLK2,,False,1,4I5P,1D1,1,False,1.738,0.846,0.116,5.0
PLK2,,False,2,4I6B,11G,2,False,1.8,0.933,0.088,5.0
PLK2,,False,3,4I5M,R78,3,False,1.801,0.863,0.083,5.0
PLK2,,False,4,4I6H,1C8,4,False,1.91,0.926,0.069,5.0
PLK2,,False,5,4I6F,1C7,5,False,2.9,0.834,0.121,5.0
PLK4,,False,1,9Y9N,A1CTV,1,False,1.81,0.906,0.105,6.0
PLK4,,False,2,9O63,A1CAD,3,False,2.26,0.907,0.109,6.0
PLK4,,False,3,4JXF,631,4,False,2.4,0.905,0.099,6.0
PLK4,,False,4,4YUR,4J7,5,False,2.65,0.831,0.095,6.0
PMM2,,False,1,7O58,G16,1,False,1.97,0.799,0.112,5.0
PMM2,,False,2,7O4G,G16,4,False,2.66,0.828,0.102,5.0
PMM2,,False,3,7O1B,G16,5,False,3.08,0.762,0.106,5.0
PNP,,False,1,4EAR,IM5,1,False,1.7,0.973,0.052,38.0
PNP,,False,2,7ZSL,JTO,2,False,1.8,0.997,0.02,38.0
PNP,,False,3,7ZSO,JTC,3,False,1.95,0.948,0.096,38.0
PNP,,False,4,3BGS,DIH,4,False,2.099,0.974,0.043,38.0
PNP,,False,5,1RSZ,DIH,5,False,2.2,0.911,0.133,38.0
POLA1,,False,1,4QCL,DCP,1,False,2.2,0.953,0.076,5.0
POLA1,,False,2,7N2M,DCP,3,False,2.9,0.825,0.162,5.0
POLA1,,False,3,6AS7,DCP,4,False,2.95,0.993,0.035,5.0
POLA1,,False,4,5EXR,SF4,5,False,3.6,0.985,0.051,5.0
POLQ,,False,1,9YSI,A1CZ4,1,False,2.0,0.989,0.04,15.0
POLQ,,False,2,7ZUS,DG3,2,False,2.26,0.952,0.122,15.0
POLQ,,False,3,8E24,DG3,3,False,2.34,0.97,0.059,15.0
POLQ,,False,4,9D6N,A1A2C,4,False,2.43,0.978,0.048,15.0
POLQ,,False,5,8E23,DG3,5,False,2.59,0.984,0.039,15.0
PPARA,,False,1,6LXA,EPA,1,False,1.23,0.942,0.079,78.0
PPARA,,False,2,6KB1,T4T,3,False,1.25,0.911,0.133,78.0
PPARA,,False,3,6KB0,ITY,5,False,1.35,0.939,0.102,78.0
PPARD,,False,1,5U3Q,7UJ,1,False,1.5,0.977,0.047,54.0
PPARD,,False,2,5Y7X,8RR,2,False,1.699,0.953,0.061,54.0
PPARD,,False,3,5U3T,7UY,3,False,1.7,0.979,0.047,54.0
PPARD,,False,4,5U42,7SM,4,False,1.7,0.967,0.065,54.0
PPARD,,False,5,5U3Z,7UA,5,False,1.72,0.975,0.051,54.0
PPARG,CHEMBL235_PPARG,True,1,9F7W,2OH,1,False,1.25,0.949,0.079,145.0
PPARG,CHEMBL235_PPARG,True,2,9V8H,BRL,2,False,1.39,0.92,0.092,145.0
PPARG,CHEMBL235_PPARG,True,3,8FKC,Y5F,3,False,1.42,0.854,0.151,145.0
PPARG,CHEMBL235_PPARG,True,4,6MS7,V77,4,False,1.43,0.927,0.085,145.0
PPIA,,False,1,9E3S,A1BEA,1,False,1.08,0.995,0.031,99.0
PPIA,,False,2,9BG4,A1AOG,2,False,1.14,0.992,0.039,99.0
PPIA,,False,3,9GHY,A1ILH,4,False,1.15,0.96,0.072,99.0
PPIA,,False,4,6GJL,F1Q,5,False,1.16,0.985,0.041,99.0
PRKAB1,,False,1,8BIK,QTN,1,False,2.5,0.98,0.052,12.0
PRKAB1,,False,2,5ISO,STU,2,False,2.63,0.981,0.049,12.0
PRKAB1,,False,3,6C9H,STU,3,False,2.65,0.976,0.072,12.0
PRKAB1,,False,4,6C9G,R93,4,False,2.7,0.972,0.073,12.0
PRKAB1,,False,5,6B1U,CG7,5,False,2.77,0.967,0.08,12.0
PRKACA,,False,1,3OVV,1SB,2,False,1.58,0.968,0.054,44.0
PRKACA,,False,2,3POO,S69,3,False,1.6,0.965,0.06,44.0
PRKACA,,False,3,6QJ7,J4B,5,False,1.69,0.937,0.092,44.0
PRKCA,,False,1,8U37,V5U,1,False,2.48,0.947,0.071,4.0
PRKCA,,False,2,4RA4,3KZ,2,False,2.63,0.96,0.066,4.0
PRKCA,,False,3,3IW4,LW4,3,False,2.8,0.929,0.088,4.0
PRKCA,,False,4,8UAK,W39,4,False,2.82,0.968,0.058,4.0
PRKCB,,False,1,2I0E,PDS,1,False,,,,5.0
PRKCB,,False,2,8SE4,ADN,2,False,2.68,0.903,0.311,5.0
PRKCH,,False,1,8FP1,XXF,1,False,1.85,0.896,0.094,3.0
PRKCH,,False,2,3TXO,07U,2,False,2.05,0.953,0.066,3.0
PRKCH,,False,3,8FP3,Y3I,3,False,2.3,0.863,0.111,3.0
PRKCI,,False,1,3ZH8,C58,4,False,2.739,0.992,0.035,7.0
PRKCI,,False,2,1ZRZ,BI1,5,False,3.0,0.953,0.103,7.0
PRKCQ,,False,1,1XJD,STU,1,False,2.0,0.966,0.066,5.0
PRKCQ,,False,2,5F9E,5VS,2,False,2.0,0.951,0.115,5.0
PRKCQ,,False,3,2JED,LG8,3,False,2.32,0.954,0.084,5.0
PRKCQ,,False,4,4Q9Z,PZW,4,False,2.6,0.943,0.081,5.0
PRKCQ,,False,5,4RA5,3L0,5,False,,,,5.0
PRMT6,,False,1,4QQK,37H,1,False,1.88,0.969,0.06,13.0
PRMT6,,False,2,6W6D,T9A,2,False,1.91,0.98,0.048,13.0
PRMT6,,False,3,5WCF,A0S,4,False,1.98,0.978,0.048,13.0
PRMT6,,False,4,6P7I,O3S,5,False,2.0,0.995,0.025,13.0
PROC,,False,1,1LQV,PTY,1,False,1.6,0.972,0.041,5.0
PROC,,False,2,3JTC,PTY,2,False,1.6,0.915,0.091,5.0
PROC,,False,3,1AUT,0G6,4,False,2.8,0.894,0.092,5.0
PROC,,False,4,3F6U,0G6,5,False,,,,5.0
PRPS1,,False,1,8YPZ,HSX,2,False,3.0,0.982,0.042,3.0
PRPS1,,False,2,8YQ0,HSX,3,False,3.1,0.882,0.111,3.0
PSMA1,,False,1,5LF4,6V7,1,False,1.99,0.967,0.055,10.0
PSMA1,,False,2,5LF1,6VC,2,False,2.0,0.951,0.09,10.0
PSMA1,,False,3,5LF7,6V8,3,False,2.0,0.931,0.092,10.0
PSMA1,,False,4,5LF3,BO2,5,False,2.1,0.886,0.117,10.0
PSMA2,,False,1,5LF4,6V7,1,False,1.99,0.967,0.055,10.0
PSMA2,,False,2,5LF1,6VC,2,False,2.0,0.951,0.09,10.0
PSMA2,,False,3,5LF7,6V8,3,False,2.0,0.931,0.092,10.0
PSMA2,,False,4,5LF3,BO2,5,False,2.1,0.886,0.117,10.0
PSMA3,,False,1,5LF4,6V7,1,False,1.99,0.967,0.055,10.0
PSMA3,,False,2,5LF1,6VC,2,False,2.0,0.951,0.09,10.0
PSMA3,,False,3,5LF7,6V8,3,False,2.0,0.931,0.092,10.0
PSMA3,,False,4,5LF3,BO2,5,False,2.1,0.886,0.117,10.0
PSMA4,,False,1,5LF4,6V7,1,False,1.99,0.967,0.055,10.0
PSMA4,,False,2,5LF1,6VC,2,False,2.0,0.951,0.09,10.0
PSMA4,,False,3,5LF7,6V8,3,False,2.0,0.931,0.092,10.0
PSMA4,,False,4,5LF3,BO2,5,False,2.1,0.886,0.117,10.0
PSMA5,,False,1,5LF4,6V7,1,False,1.99,0.967,0.055,10.0
PSMA5,,False,2,5LF1,6VC,2,False,2.0,0.951,0.09,10.0
PSMA5,,False,3,5LF7,6V8,3,False,2.0,0.931,0.092,10.0
PSMA5,,False,4,5LF3,BO2,5,False,2.1,0.886,0.117,10.0
PSMA6,,False,1,5LF4,6V7,1,False,1.99,0.967,0.055,10.0
PSMA6,,False,2,5LF1,6VC,2,False,2.0,0.951,0.09,10.0
PSMA6,,False,3,5LF7,6V8,3,False,2.0,0.931,0.092,10.0
PSMA6,,False,4,5LF3,BO2,5,False,2.1,0.886,0.117,10.0
PSMA7,,False,1,5LF4,6V7,1,False,1.99,0.967,0.055,10.0
PSMA7,,False,2,5LF1,6VC,2,False,2.0,0.951,0.09,10.0
PSMA7,,False,3,5LF7,6V8,3,False,2.0,0.931,0.092,10.0
PSMA7,,False,4,5LF3,BO2,5,False,2.1,0.886,0.117,10.0
PSMB1,,False,1,5LF4,6V7,1,False,1.99,0.951,0.09,32.0
PSMB1,,False,2,5LF1,6VC,2,False,2.0,0.943,0.078,32.0
PSMB1,,False,3,5LF7,6V8,3,False,2.0,0.931,0.092,32.0
PSMB1,,False,4,5LF3,BO2,5,False,2.1,0.908,0.097,32.0
PSMB10,,False,1,7AWE,S5K,1,False,2.288,0.963,0.06,14.0
PSMB10,,False,2,7B12,SKN,2,False,2.43,0.958,0.068,14.0
PSMB10,,False,3,6HVV,GT8,3,False,2.7,0.958,0.07,14.0
PSMB10,,False,4,6HVR,GRW,4,False,2.7,0.934,0.101,14.0
PSMB10,,False,5,9FSV,A1IFL,5,False,2.75,0.926,0.098,14.0
PSMB2,,False,1,5LF4,6V7,1,False,1.99,0.967,0.055,10.0
PSMB2,,False,2,5LF1,6VC,2,False,2.0,0.951,0.09,10.0
PSMB2,,False,3,5LF7,6V8,3,False,2.0,0.931,0.092,10.0
PSMB2,,False,4,5LF3,BO2,5,False,2.1,0.886,0.117,10.0
PSMB3,,False,1,5LF4,6V7,1,False,1.99,0.967,0.055,10.0
PSMB3,,False,2,5LF1,6VC,2,False,2.0,0.951,0.09,10.0
PSMB3,,False,3,5LF7,6V8,3,False,2.0,0.931,0.092,10.0
PSMB3,,False,4,5LF3,BO2,5,False,2.1,0.886,0.117,10.0
PSMB4,,False,1,5LF4,6V7,1,False,1.99,0.967,0.055,10.0
PSMB4,,False,2,5LF1,6VC,2,False,2.0,0.951,0.09,10.0
PSMB4,,False,3,5LF7,6V8,3,False,2.0,0.931,0.092,10.0
PSMB4,,False,4,5LF3,BO2,5,False,2.1,0.886,0.117,10.0
PSMB5,,False,1,5LF4,6V7,1,False,1.99,0.967,0.055,15.0
PSMB5,,False,2,5LF1,6VC,2,False,2.0,0.951,0.09,15.0
PSMB5,,False,3,5LF7,6V8,3,False,2.0,0.943,0.078,15.0
PSMB5,,False,4,5LF3,BO2,5,False,2.1,0.971,0.053,15.0
PSMB6,,False,1,5LF4,6V7,1,False,1.99,0.967,0.055,7.0
PSMB6,,False,2,5LF1,6VC,2,False,2.0,0.951,0.09,7.0
PSMB6,,False,3,5LF7,6V8,3,False,2.0,0.943,0.078,7.0
PSMB6,,False,4,5LF3,BO2,5,False,2.1,0.971,0.053,7.0
PSMB7,,False,1,5LF4,6V7,1,False,1.99,0.967,0.055,16.0
PSMB7,,False,2,5LF1,6VC,2,False,2.0,0.951,0.09,16.0
PSMB7,,False,3,5LF7,6V8,3,False,2.0,0.943,0.078,16.0
PSMB7,,False,4,5LF3,BO2,5,False,2.1,0.971,0.053,16.0
PSMB8,,False,1,7AWE,S5K,1,False,2.288,0.963,0.06,18.0
PSMB8,,False,2,7B12,SKN,2,False,2.43,0.958,0.068,18.0
PSMB8,,False,3,5L5F,BO2,3,False,2.5,0.914,0.089,18.0
PSMB8,,False,4,5L5H,39V,4,False,2.6,0.936,0.085,18.0
PSMB8,,False,5,5L5U,04C,5,False,2.6,0.907,0.116,18.0
PSMB9,,False,1,7AWE,S5K,1,False,2.288,0.963,0.06,5.0
PSMB9,,False,2,7B12,SKN,2,False,2.43,0.958,0.068,5.0
PSMB9,,False,3,9FST,A1IF8,3,False,2.75,0.908,0.101,5.0
PSMB9,,False,4,9FSU,A1IFL,4,False,2.75,0.856,0.124,5.0
PSMB9,,False,5,6E5B,HUJ,5,False,2.77,0.913,0.106,5.0
PTGER3,,False,1,6M9T,J9P,1,False,2.5,0.938,0.128,2.0
PTGER3,,False,2,6AK3,POV,2,False,2.9,0.918,0.106,2.0
PTGER4,,False,1,5YWY,7UR,1,False,3.2,0.881,0.21,1.0
PTGS1,,False,1,6Y3C,FLC,1,False,3.361,0.875,0.08,1.0
PTGS2,,False,1,5F19,COH,1,False,2.04,0.935,0.096,7.0
PTGS2,,False,2,5IKR,COH,2,False,2.342,0.948,0.061,7.0
PTGS2,,False,3,5F1A,COH,3,False,2.38,0.909,0.161,7.0
PTGS2,,False,4,5IKQ,COH,4,False,2.41,0.968,0.059,7.0
PTGS2,,False,5,5IKT,COH,5,False,2.451,0.978,0.054,7.0
PTK6,,False,1,6CZ4,FKY,1,False,1.5,0.958,0.062,4.0
PTK6,,False,2,5DA3,58V,2,False,1.7,0.946,0.071,4.0
PTK6,,False,3,6CZ3,FLJ,3,False,1.8,0.944,0.095,4.0
PTK6,,False,4,5H2U,1N1,4,False,2.24,0.938,0.077,4.0
PTPN1,,False,1,8G65,YW9,1,False,1.45,0.984,0.049,117.0
PTPN1,,False,2,7MNA,OTA,2,False,1.47,0.72,0.523,117.0
PTPN1,,False,3,5QGF,F8D,3,False,1.513,0.901,0.103,117.0
PTPN1,,False,4,8G69,YXN,4,False,1.53,0.984,0.055,117.0
PTPN1,,False,5,8G67,KB8,5,False,1.53,0.946,0.074,117.0
PTPN11,,False,1,4RDD,3LU,2,False,1.601,0.956,0.071,65.0
PTPN11,,False,2,5EHR,5OD,3,False,1.7,0.993,0.029,65.0
PTPN11,,False,3,9EHA,PTR,4,False,1.71,0.96,0.059,65.0
PTPN11,,False,4,7RCT,4Q4,5,False,1.8,0.93,0.097,65.0
PTPN2,,False,1,8U0H,UB0,1,False,1.93,0.968,0.075,8.0
PTPN2,,False,2,9VRR,A1ETL,2,False,1.95,0.961,0.099,8.0
PTPN2,,False,3,9VRS,A1ETK,3,False,2.0,0.967,0.064,8.0
PTPN2,,False,4,9UYS,A1EQP,4,False,2.04,0.932,0.124,8.0
PTPN2,,False,5,7UAD,M5R,5,False,2.044,0.977,0.065,8.0
PTPN22,,False,1,9YG0,A1CWM,1,False,1.76,0.986,0.047,6.0
PTPN22,,False,2,9YDM,A1CU3,3,False,1.99,0.861,0.133,6.0
PTPN22,,False,3,9YG2,A1CWK,4,False,2.26,0.815,0.133,6.0
PTPN22,,False,4,4J51,N75,5,False,2.3,0.792,0.096,6.0
PTPRB,,False,1,2I4G,UA1,1,False,1.65,0.988,0.063,9.0
PTPRB,,False,2,2H03,3UN,2,False,1.65,0.956,0.085,9.0
PTPRB,,False,3,2I5X,UA5,3,False,1.7,0.915,0.111,9.0
PTPRB,,False,4,8JBY,U7L,5,False,1.99,0.973,0.056,9.0
PTPRF,,False,1,2YD8,YYJ,1,False,2.05,0.686,0.156,1.0
PYGL,,False,1,3DDS,26B,1,False,1.8,0.973,0.05,18.0
PYGL,,False,2,2ATI,IHU,2,False,1.9,0.98,0.046,18.0
PYGL,,False,3,3DDW,055,3,False,,,,18.0
PYGL,,False,4,1XOI,288,4,False,2.1,0.998,0.02,18.0
PYGL,,False,5,1L5S,700,5,False,2.1,0.996,0.02,18.0
RAD51,,False,1,8C3J,TKI,2,False,3.02,0.611,0.143,3.0
RAF1,CHEMBL1906_RAF1,True,1,3IQV,FSC,1,False,1.2,0.967,0.065,50.0
RAF1,CHEMBL1906_RAF1,True,2,9EW3,WQN,3,False,1.4,0.901,0.114,50.0
RAF1,CHEMBL1906_RAF1,True,3,9EW1,WQT,4,False,1.4,0.87,0.151,50.0
RAF1,CHEMBL1906_RAF1,True,4,8ATS,O5I,5,False,1.4,0.852,0.147,50.0
RAPGEF3,,False,1,6H7E,CMP,1,False,2.3,0.979,0.058,1.0
RARG,,False,1,1FCY,LMU,1,False,1.3,0.919,0.051,11.0
RARG,,False,2,1FCZ,LMU,2,False,1.38,0.93,0.048,11.0
RARG,,False,3,1FD0,LMU,3,False,1.38,0.929,0.052,11.0
RARG,,False,4,1FCX,LMU,4,False,1.47,0.891,0.057,11.0
RARG,,False,5,1EXA,LMU,5,False,1.59,0.963,0.048,11.0
RBP4,,False,1,5NU7,RTL,3,False,1.5,0.877,0.151,20.0
RBP4,,False,2,5NUA,DAO,5,False,1.6,0.875,0.219,20.0
REN,CHEMBL286_REN,True,1,3K1W,BFX,1,True,1.5,0.545,0.196,87.0
REN,CHEMBL286_REN,True,2,1HRN,03D,2,False,1.8,0.81,0.131,87.0
REN,CHEMBL286_REN,True,3,3G72,A6T,3,False,1.9,0.948,0.068,87.0
REN,CHEMBL286_REN,True,4,2G24,7IG,4,False,1.9,0.912,0.087,87.0
REN,CHEMBL286_REN,True,5,3KM4,22X,5,False,1.9,0.878,0.108,87.0
RET,CHEMBL2041_RET,True,1,7DUA,HJ0,1,False,1.64,0.957,0.061,27.0
RET,CHEMBL2041_RET,True,2,4CKJ,ADN,2,False,1.65,0.948,0.087,27.0
RET,CHEMBL2041_RET,True,3,6NEC,XIN,3,False,1.87,0.939,0.089,27.0
RET,CHEMBL2041_RET,True,4,6I83,H72,4,False,1.88,0.952,0.068,27.0
RET,CHEMBL2041_RET,True,5,7JU5,Q4J,5,False,1.9,0.665,0.2,27.0
RIPK1,,False,1,4ITJ,1HX,2,False,1.8,0.975,0.048,31.0
RIPK1,,False,2,6NW2,L4Y,3,False,2.0,0.939,0.088,31.0
RIPK1,,False,3,7FD0,3IU,4,False,2.0,0.924,0.068,31.0
RIPK1,,False,4,24IB,A1E6Q,5,False,2.05,0.959,0.059,31.0
RIPK3,,False,1,7MON,ZL1,1,False,2.23,0.888,0.103,3.0
RIPK3,,False,2,9LFU,A1D97,2,False,2.93,0.931,0.106,3.0
RIPK3,,False,3,7MX3,ZOV,3,False,3.23,0.9,0.13,3.0
ROCK1,,False,1,3V8S,0HD,1,False,2.286,0.996,0.02,27.0
ROCK1,,False,2,7S25,86G,2,False,2.337,0.956,0.071,27.0
ROCK1,,False,3,5WNF,B4V,3,False,2.45,0.98,0.053,27.0
ROCK1,,False,4,2ETR,Y27,5,False,2.6,0.958,0.068,27.0
ROCK2,,False,1,8X92,YEW,1,False,2.2,0.962,0.087,20.0
ROCK2,,False,2,7JNT,VFA,2,False,2.214,0.966,0.052,20.0
ROCK2,,False,3,7JOV,VFS,3,False,2.586,0.958,0.07,20.0
ROCK2,,False,4,8X8X,YDW,4,False,2.6,0.964,0.068,20.0
ROCK2,,False,5,9EP8,A1H6L,5,False,2.63,0.921,0.136,20.0
RORA,,False,1,1N83,CLR,1,False,1.63,0.961,0.049,3.0
RORA,,False,2,4S15,4D8,2,False,1.897,0.951,0.073,3.0
RORA,,False,3,1S0X,C3S,3,False,2.2,0.836,0.155,3.0
RORC,,False,1,7NPC,ULT,1,False,1.47,0.983,0.047,149.0
RORC,,False,2,6T4X,L3E,2,False,1.48,0.964,0.067,149.0
RORC,,False,3,6R7K,JUH,3,False,1.54,0.969,0.06,149.0
RORC,,False,4,5APH,VYI,4,False,1.54,0.965,0.073,149.0
RORC,,False,5,7NP5,UKB,5,False,1.55,0.882,0.124,149.0
ROS1,,False,1,7Z5X,AWJ,1,False,2.035,0.943,0.071,5.0
ROS1,,False,2,3ZBF,VGH,2,False,2.2,0.841,0.13,5.0
ROS1,,False,3,9QEK,A1I6Z,3,False,2.205,0.955,0.064,5.0
ROS1,,False,4,7Z5W,IDW,4,False,2.254,0.99,0.041,5.0
ROS1,,False,5,4UXL,5P8,5,False,2.4,0.918,0.104,5.0
RPS6KA3,,False,1,4NW6,2NS,1,False,1.74,0.968,0.054,14.0
RPS6KA3,,False,2,8EQ5,QCT,2,False,1.8,0.963,0.06,14.0
RPS6KA3,,False,3,4NW5,2NR,3,False,1.94,0.966,0.057,14.0
RPS6KA3,,False,4,5D9L,583,4,False,2.15,0.901,0.112,14.0
RPS6KA3,,False,5,8R58,QCT,5,False,2.31,0.915,0.1,14.0
RRM1,,False,1,6L3R,E4X,1,False,2.0,0.97,0.051,10.0
RRM1,,False,2,6L7L,TTP,2,False,2.171,0.958,0.066,10.0
RRM1,,False,3,2WGH,DTP,3,False,2.3,0.965,0.059,10.0
RRM1,,False,4,3HNC,TTP,4,False,2.41,0.961,0.065,10.0
RRM1,,False,5,6LKM,EJ6,5,False,2.55,0.958,0.068,10.0
RXRA,,False,1,9QX6,A1JAT,1,False,1.46,0.966,0.058,91.0
RXRA,,False,2,6LB4,E8L,3,False,1.5,0.931,0.073,91.0
RXRA,,False,3,6FBQ,MPO,4,False,1.6,0.936,0.08,91.0
RXRA,,False,4,9RMR,A1JH6,5,False,1.65,0.962,0.054,91.0
S1PR1,,False,1,3V2Y,ML5,1,False,2.8,0.937,0.085,2.0
S1PR1,,False,2,3V2W,ML5,2,False,3.35,0.932,0.104,2.0
S1PR3,,False,1,9W0H,A1EUH,1,False,3.0,0.854,0.126,3.0
S1PR3,,False,2,7C4S,S1P,2,False,3.2,0.868,0.156,3.0
S1PR3,,False,3,9W0L,A1EUD,3,False,3.6,0.957,0.075,3.0
S1PR5,,False,1,7YXA,B2O,1,False,2.2,0.952,0.1,1.0
SCN9A,,False,1,5EK0,PX4,1,False,3.53,0.929,0.154,1.0
SERPINE1,,False,1,7AQF,RV2,1,False,1.77,0.661,0.232,9.0
SERPINE1,,False,2,4G8R,96P,3,False,2.19,0.756,0.125,9.0
SERPINE1,,False,3,7AQG,RV2,4,False,2.27,0.677,0.277,9.0
SGK1,,False,1,7PUE,86H,2,False,2.506,0.818,0.378,4.0
SGK1,,False,2,3HDM,MMG,3,False,2.6,0.563,0.222,4.0
SGK1,,False,3,3HDN,GMG,4,False,3.1,0.934,0.094,4.0
SGPL1,,False,1,4Q6R,30J,1,False,2.4,0.929,0.077,1.0
SHMT2,,False,1,8AQL,PLG,1,False,1.23,0.996,0.025,18.0
SHMT2,,False,2,9BOX,FFO,2,False,2.1,0.95,0.069,18.0
SHMT2,,False,3,6QVL,4DW,3,False,2.28,0.891,0.148,18.0
SHMT2,,False,4,6M5O,DXC,4,False,2.30000663987,0.985,0.049,18.0
SHMT2,,False,5,6QVG,DDF,5,False,2.32,0.942,0.105,18.0
SI,,False,1,3LPP,KTL,1,False,2.15,0.935,0.079,2.0
SIGMAR1,,False,1,5HK1,OLC,1,False,2.5051,0.942,0.158,5.0
SIGMAR1,,False,2,6DK0,OLC,2,False,2.9,0.912,0.188,5.0
SIGMAR1,,False,3,6DJZ,GMJ,3,False,3.084,0.908,0.161,5.0
SIGMAR1,,False,4,6DK1,OLC,4,False,3.12,0.936,0.149,5.0
SIGMAR1,,False,5,5HK2,61V,5,False,3.2,0.963,0.131,5.0
SIK3,,False,1,8R4V,XWA,1,False,1.9,0.996,0.022,5.0
SIK3,,False,2,8R4U,XW3,2,False,2.416,0.953,0.082,5.0
SIK3,,False,3,8R4O,XVI,3,False,2.725,0.911,0.095,5.0
SIK3,,False,4,8R4Q,DB8,4,False,2.838,0.95,0.089,5.0
SIK3,,False,5,8OKU,VRU,5,False,3.1,0.961,0.06,5.0
SLC1A3,,False,1,5LM4,6Z6,1,False,3.1,0.941,0.079,8.0
SLC1A3,,False,2,5LLM,6Z6,2,False,3.25,0.95,0.086,8.0
SLC1A3,,False,3,7AWM,6Z6,3,False,3.25,0.916,0.096,8.0
SLC1A3,,False,4,7AWQ,6Z6,5,False,3.65,0.944,0.119,8.0
SLC29A1,,False,1,6OB7,8DZ,1,False,2.3,0.935,0.077,3.0
SLC29A1,,False,2,8TZI,U00,2,False,2.7,0.991,0.041,3.0
SLC29A1,,False,3,6OB6,NBM,3,False,2.9,0.891,0.148,3.0
SLC2A1,,False,1,6THA,P33,1,False,2.4,0.853,0.25,5.0
SLC2A1,,False,2,5EQG,5RE,2,False,2.9,0.841,0.259,5.0
SLC2A1,,False,3,5EQH,5RF,3,False,2.99,0.922,0.182,5.0
SLC2A1,,False,4,5EQI,5RH,4,False,3.002,0.938,0.176,5.0
SLC2A1,,False,5,4PYP,BNG,5,False,3.166,0.886,0.169,5.0
SLC6A4,,False,1,5I6X,LMT,1,False,3.14,0.955,0.126,8.0
SLC6A4,,False,2,5I71,CLR,2,False,3.15,0.932,0.133,8.0
SLC6A4,,False,3,5I73,CLR,3,False,3.24,0.935,0.064,8.0
SLC6A4,,False,4,5I74,CLR,4,False,3.395,0.903,0.078,8.0
SLC6A4,,False,5,5I75,CLR,5,False,3.49,0.95,0.067,8.0
SLC6A9,,False,1,6ZBV,QET,1,False,3.4,0.896,0.16,2.0
SLC6A9,,False,2,6ZPL,QET,2,False,3.945,0.946,0.106,2.0
SMARCA2,,False,1,6HAZ,FX5,1,False,1.31,0.997,0.018,29.0
SMARCA2,,False,2,7Z78,IF8,2,False,1.32,0.991,0.062,29.0
SMARCA2,,False,3,7Z76,IFJ,3,False,1.32,0.976,0.058,29.0
SMARCA2,,False,4,5DKC,5BW,4,False,1.6,0.969,0.06,29.0
SMARCA2,,False,5,9D11,A1A1O,5,False,1.684,0.978,0.054,29.0
SMARCA4,,False,1,7TAB,GGU,1,False,1.16,0.952,0.065,9.0
SMARCA4,,False,2,6ZS2,FX5,2,False,1.57,0.969,0.053,9.0
SMARCA4,,False,3,7TD9,GJN,3,False,1.61,0.941,0.088,9.0
SMARCA4,,False,4,6HR2,FWZ,4,False,1.76,0.958,0.069,9.0
SMO,,False,1,4JKV,1KS,1,False,2.45,0.948,0.105,10.0
SMO,,False,2,4QIN,SG8,2,False,2.6,0.892,0.131,10.0
SMO,,False,3,4QIM,A8T,3,False,2.61,0.92,0.11,10.0
SMO,,False,4,4N4W,SNT,4,False,2.8,0.93,0.109,10.0
SMO,,False,5,5V56,836,5,False,2.9,0.965,0.08,10.0
SMPD1,,False,1,5I85,PC,2,False,2.5,0.726,0.141,4.0
SORD,,False,1,1PL6,572,2,False,,,,2.0
SORT1,,False,1,5MRI,Q9Y,1,False,2.0,0.962,0.118,11.0
SORT1,,False,2,6X3L,UMJ,4,False,2.7,0.948,0.097,11.0
SORT1,,False,3,4MSL,2ET,5,False,2.7,0.947,0.126,11.0
SOS1,,False,1,6V9N,QTD,1,False,1.648,0.993,0.033,71.0
SOS1,,False,2,6V9M,QTG,2,False,1.648,0.988,0.04,71.0
SOS1,,False,3,6D55,FWA,3,False,1.68,0.992,0.036,71.0
SOS1,,False,4,6D56,FVM,4,False,1.68,0.991,0.036,71.0
SOS1,,False,5,6V9L,QTJ,5,False,1.698,0.993,0.034,71.0
SPHK1,,False,1,4V24,GYR,1,False,1.8,0.894,0.12,5.0
SPHK1,,False,2,3VZB,SQS,2,False,2.0,0.977,0.052,5.0
SPHK1,,False,3,3VZC,UUL,3,False,2.3,0.982,0.048,5.0
SPHK1,,False,4,3VZD,UUL,4,False,2.3,0.9,0.097,5.0
SPHK1,,False,5,4L02,1V2,5,False,2.75,0.876,0.193,5.0
SPR,,False,1,6I6V,H6E,1,False,1.43,0.992,0.033,14.0
SPR,,False,2,6I6P,H4T,2,False,1.62,0.987,0.052,14.0
SPR,,False,3,6I79,H5E,3,False,1.63,0.957,0.082,14.0
SPR,,False,4,6I6C,H4H,4,False,1.72,0.965,0.062,14.0
SPR,,False,5,6I6T,H5B,5,False,1.79,0.982,0.044,14.0
SRC,,False,1,7NG7,UCW,1,False,1.5,0.952,0.066,49.0
SRC,,False,2,1O4A,197,4,False,,,,49.0
SRC,,False,3,1O4R,787,5,False,,,,49.0
SRD5A2,,False,1,7BW1,NDX,1,False,2.8,0.946,0.091,1.0
SSTR2,,False,1,7XN9,GI9,1,False,2.6,0.923,0.086,1.0
STAT3,,False,1,6NJS,KQV,1,False,2.7,0.942,0.084,3.0
STAT3,,False,2,5AX3,5ID,2,False,2.984,0.923,0.117,3.0
STAT3,,False,3,6NUQ,KQV,3,False,3.15,0.914,0.099,3.0
STAT6,,False,1,9BIG,A1AQQ,1,False,3.304,0.954,0.102,1.0
STING1,,False,1,6MX3,K5P,1,False,1.362,0.968,0.057,91.0
STING1,,False,2,4EMT,C2E,2,False,1.5,0.986,0.039,91.0
STING1,,False,3,6UKZ,QBG,3,False,1.52,0.855,0.119,91.0
STING1,,False,4,9CUD,A1A4W,4,False,1.53,0.978,0.05,91.0
STING1,,False,5,6UKU,QAV,5,False,1.68,0.969,0.063,91.0
STK17A,,False,1,7QUE,F7I,1,False,2.4,0.92,0.124,2.0
STK17A,,False,2,7QUF,F8I,2,False,2.6,0.936,0.096,2.0
STK4,,False,1,8PAV,XOZ,1,False,1.9,0.967,0.079,5.0
STK4,,False,2,8A5J,5BS,2,False,2.123,0.932,0.139,5.0
STK4,,False,3,8PAW,XQL,3,False,2.14,0.924,0.13,5.0
STK4,,False,4,6YAT,OJ5,4,False,2.58,0.852,0.168,5.0
SUMO1,,False,1,6XOG,VAY,2,False,1.98,0.97,0.071,9.0
SUMO1,,False,2,6XOI,VBA,3,False,2.0,0.793,0.139,9.0
SUMO1,,False,3,9LHP,A1LYG,4,False,2.14,0.966,0.074,9.0
SUMO1,,False,4,6XOH,VB7,5,False,2.226,0.917,0.211,9.0
SUZ12,,False,1,5IJ7,6BN,1,False,2.62,0.959,0.073,8.0
SUZ12,,False,2,4W2R,CJD,2,False,2.81,0.948,0.083,8.0
SUZ12,,False,3,5IJ8,6BN,4,False,2.99,0.946,0.082,8.0
SYK,,False,1,4YJR,4DJ,1,False,1.32,0.971,0.055,84.0
SYK,,False,2,4YJQ,4DK,2,False,1.34,0.948,0.069,84.0
SYK,,False,3,4FYO,0VF,3,False,1.4,0.945,0.094,84.0
SYK,,False,4,5LMA,6ZG,4,False,1.43,0.966,0.048,84.0
SYK,,False,5,6ZCS,QFE,5,False,1.47,0.968,0.054,84.0
TACR1,,False,1,6HLP,GAW,1,False,2.2,0.913,0.202,6.0
TACR1,,False,2,6HLO,GBQ,2,False,2.4,0.917,0.142,6.0
TACR1,,False,3,6J20,GBQ,3,False,2.7,0.9,0.111,6.0
TACR1,,False,4,6J21,GBQ,4,False,3.2,0.913,0.109,6.0
TACR1,,False,5,6HLL,GBK,5,False,3.27,0.934,0.104,6.0
TAF1,,False,1,5I29,67B,1,False,1.21,0.967,0.051,26.0
TAF1,,False,2,7LB1,XWV,2,False,1.35,0.974,0.06,26.0
TAF1,,False,3,5I1Q,67C,3,False,1.5,0.983,0.045,26.0
TAF1,,False,4,7K27,VCD,4,False,1.5,0.936,0.099,26.0
TAF1,,False,5,7JJG,VCD,5,False,1.6,0.959,0.068,26.0
TBK1,,False,1,4EUU,BX7,1,False,1.8,0.937,0.107,20.0
TBK1,,False,2,4IM0,1FV,2,False,2.4001,0.872,0.193,20.0
TBK1,,False,3,4IM2,BX7,3,False,2.5001,0.941,0.133,20.0
TBK1,,False,4,4EUT,BX7,4,False,2.6,0.954,0.109,20.0
TBK1,,False,5,4IWO,1H4,5,False,2.61,0.923,0.122,20.0
TBXA2R,,False,1,6IIU,A8X,1,False,2.5,0.968,0.083,2.0
TBXA2R,,False,2,6IIV,CLR,2,False,3.0,0.98,0.066,2.0
TDO2,,False,1,6PYZ,H7S,1,False,2.02,0.984,0.052,21.0
TDO2,,False,2,8VTQ,A1ADX,2,False,2.05,0.985,0.063,21.0
TDO2,,False,3,8VUG,A1AD1,3,False,2.05,0.978,0.074,21.0
TDO2,,False,4,6UD5,TRP,4,False,2.05,0.976,0.078,21.0
TDO2,,False,5,8W1H,A1AEY,5,False,2.1,0.983,0.062,21.0
TDP1,,False,1,6N0D,K8J,1,False,1.453,0.936,0.088,44.0
TDP1,,False,2,6N0N,KAY,2,False,1.477,0.928,0.102,44.0
TDP1,,False,3,6W7J,TGM,3,False,1.489,0.94,0.091,44.0
TDP1,,False,4,6N19,K8V,4,False,1.501,0.943,0.102,44.0
TDP1,,False,5,6N0R,K8D,5,False,1.544,0.917,0.109,44.0
TDP2,,False,1,5J3S,6FQ,2,False,3.4,0.898,0.116,2.0
TEK,,False,1,3BEA,IXH,1,False,2.02,0.939,0.075,12.0
TEK,,False,2,6MWE,919,2,False,2.05,0.953,0.07,12.0
TEK,,False,3,2OO8,RAJ,3,False,2.2,0.921,0.084,12.0
TEK,,False,4,3L8P,0CE,4,False,2.4,0.943,0.083,12.0
TEK,,False,5,4X3J,3WR,5,False,2.5,0.907,0.097,12.0
TET2,,False,1,9HXV,8XQ,2,False,1.9,0.995,0.044,6.0
TGFBR1,CHEMBL4439_TGFBR1,True,1,9J9D,A1L30,1,False,1.337,0.945,0.078,34.0
TGFBR1,CHEMBL4439_TGFBR1,True,2,8YHF,A1D6I,2,False,1.4,0.939,0.084,34.0
TGFBR1,CHEMBL4439_TGFBR1,True,3,5E8X,STU,3,False,1.45,0.953,0.067,34.0
TGFBR1,CHEMBL4439_TGFBR1,True,4,8YHL,A1D6I,4,False,1.47,0.903,0.101,34.0
TGFBR1,CHEMBL4439_TGFBR1,True,5,4X2F,3WJ,5,True,1.49,0.972,0.057,34.0
TGFBR2,,False,1,4XJJ,41D,2,False,1.4,0.906,0.109,8.0
TGFBR2,,False,2,4P7U,1PS,3,False,1.502,0.976,0.047,8.0
TGFBR2,,False,3,5QIN,J2V,4,False,1.57,0.909,0.08,8.0
TGFBR2,,False,4,5E8Y,STU,5,False,2.05,0.953,0.068,8.0
THRA,,False,1,3ILZ,B72,1,False,1.85,0.961,0.072,10.0
THRA,,False,2,2H79,T3,2,False,,,,10.0
THRA,,False,3,4LNW,T3,3,False,1.9,0.997,0.038,10.0
THRA,,False,4,3JZB,4HY,4,False,2.007,0.995,0.061,10.0
THRA,,False,5,4LNX,T44,5,False,2.05,0.969,0.117,10.0
THRB,,False,1,6KKB,8HO,1,False,1.7,0.938,0.104,33.0
THRB,,False,2,7WMH,9II,2,False,1.97,0.978,0.072,33.0
THRB,,False,3,2J4A,OEF,3,False,2.2,0.996,0.055,33.0
THRB,,False,4,1N46,PFA,4,False,2.2,0.995,0.044,33.0
THRB,,False,5,3GWS,T3,5,False,2.2,0.95,0.239,33.0
TK1,,False,1,1W4R,TTP,1,False,1.83,0.986,0.041,4.0
TK1,,False,2,2WVJ,TTP,2,False,2.2,0.966,0.065,4.0
TK1,,False,3,2ORV,4TA,3,False,2.3,0.97,0.074,4.0
TK1,,False,4,1XBT,TTP,4,False,2.4,0.983,0.048,4.0
TLR4,,False,1,4G8A,LP4,2,False,2.4,0.953,0.107,7.0
TLR4,,False,2,2Z65,E55,5,False,2.7,0.95,0.184,7.0
TLR8,,False,1,9MHW,A1BLT,1,False,1.52,0.91,0.091,39.0
TLR8,,False,2,9MHY,A1BLN,2,False,1.66,0.925,0.085,39.0
TLR8,,False,3,3WN4,D87,3,False,1.81,0.959,0.06,39.0
TLR8,,False,4,4R0A,URI,4,False,1.9,0.967,0.054,39.0
TLR8,,False,5,3W3J,C09,5,False,2.0,0.979,0.04,39.0
TNF,,False,1,9OJO,A1CB1,1,False,1.358,0.95,0.08,22.0
TNF,,False,2,5UUI,MTN,2,False,1.4,0.984,0.082,22.0
TNF,,False,3,9OJS,A1CB0,3,False,1.849,0.932,0.092,22.0
TNF,,False,4,2AZ5,307,4,False,2.1,0.979,0.041,22.0
TNF,,False,5,7JRA,VGY,5,False,2.1,0.93,0.084,22.0
TNFRSF1A,,False,1,9S3J,A1JLJ,1,False,1.77,0.818,0.177,5.0
TNFRSF1A,,False,2,1FT4,703,3,False,,,,5.0
TNFRSF1A,,False,3,7KPB,D84,4,False,3.0,0.959,0.075,5.0
TNFRSF1A,,False,4,7KP8,A7G,5,False,3.15,0.961,0.113,5.0
TNIK,,False,1,6RA7,JWK,1,False,1.2,0.971,0.051,9.0
TNIK,,False,2,5AX9,4KT,4,False,2.4,0.945,0.081,9.0
TNIK,,False,3,8ZML,A1D8H,5,False,2.489,0.964,0.06,9.0
TNKS,,False,1,6QXU,JKN,1,False,1.2,0.974,0.054,34.0
TNKS,,False,2,7KKP,3JD,2,False,1.4,0.972,0.061,34.0
TNKS,,False,3,7OCV,V8B,3,False,1.432,0.965,0.053,34.0
TNKS,,False,4,7KKN,2YQ,4,False,1.48,0.977,0.044,34.0
TNKS,,False,5,4TOR,IW8,5,False,1.501,0.984,0.06,34.0
TNNI3K,,False,1,4YFI,4CW,1,False,2.7,0.973,0.068,5.0
TNNI3K,,False,2,7MGJ,ZFS,2,False,2.95,0.969,0.069,5.0
TNNI3K,,False,3,6B5J,CV4,3,False,2.97,0.97,0.071,5.0
TNNI3K,,False,4,4YFF,4CV,4,False,3.07,0.978,0.055,5.0
TNNI3K,,False,5,7MGK,ZGD,5,False,3.1,0.944,0.092,5.0
TOP1,,False,1,1K4T,TTG,1,False,2.1,0.903,0.096,7.0
TOP1,,False,2,1RRJ,TTG,2,False,,,,7.0
TOP1,,False,3,1RR8,TTG,3,False,,,,7.0
TOP1,,False,4,1SC7,M38,4,False,,,,7.0
TOP1,,False,5,1SEU,SA3,5,False,,,,7.0
TOP2A,,False,1,9BQB,A1ASC,1,False,1.5,0.986,0.038,8.0
TOP2A,,False,2,9BQ9,A1ASE,4,False,1.95,0.98,0.052,8.0
TOP2A,,False,3,9BQ7,A1ASD,5,False,2.05,0.994,0.033,8.0
TOP2B,,False,1,9BQC,A1ASE,2,False,1.45,0.993,0.033,14.0
TOP2B,,False,2,9BQD,A1ASC,3,False,1.5,0.994,0.03,14.0
TOP2B,,False,3,9BQA,A1ASD,4,False,1.9,0.983,0.046,14.0
TP53,,False,1,6GGC,EXN,1,False,1.24,0.805,0.158,90.0
TP53,,False,2,6GGE,EYE,2,False,1.25000506704,0.996,0.072,90.0
TP53,,False,3,6RL3,K48,3,False,1.3,0.979,0.135,90.0
TP53,,False,4,5O1E,9GT,4,False,1.3,0.835,0.147,90.0
TP53,,False,5,5O1C,9GZ,5,False,1.32,0.996,0.074,90.0
TPH1,,False,1,8CJK,UVU,1,False,1.45914977372,0.998,0.014,21.0
TPH1,,False,2,7ZIH,JCR,2,False,1.46890830792,0.999,0.032,21.0
TPH1,,False,3,5TPG,7H5,3,False,1.5,0.998,0.009,21.0
TPH1,,False,4,7ZII,IVQ,4,False,1.62800050605,0.995,0.021,21.0
TPH1,,False,5,8CJI,UWC,5,False,1.65,0.998,0.013,21.0
TPH2,,False,1,9HB8,UVU,2,False,2.89634214817,0.998,0.049,3.0
TPH2,,False,2,9HB7,JCR,3,False,2.95518755358,0.983,0.066,3.0
TRAP1,,False,1,7U8V,UJS,1,False,1.448,0.975,0.078,17.0
TRAP1,,False,2,7C7B,FJX,2,False,1.5,0.913,0.118,17.0
TRAP1,,False,3,7U8X,UJV,3,False,1.6,0.942,0.076,17.0
TRAP1,,False,4,7C04,FEU,4,False,1.7,0.913,0.098,17.0
TRAP1,,False,5,7U8W,KUC,5,False,1.706,0.924,0.114,17.0
TRIM24,,False,1,4YBM,4BJ,1,False,1.46,0.946,0.069,15.0
TRIM24,,False,2,9GDG,A1IKF,2,False,1.462,0.903,0.13,15.0
TRIM24,,False,3,9R9C,A1JDW,3,False,1.59,0.907,0.153,15.0
TRIM24,,False,4,4YAD,4A7,4,False,1.73,0.92,0.095,15.0
TRIM24,,False,5,4ZQL,4QH,5,False,1.79,0.913,0.106,15.0
TTR,,False,1,1F86,T44,1,False,1.1,0.984,0.092,135.0
TTR,,False,2,8W45,8KZ,2,False,1.1,0.939,0.112,135.0
TTR,,False,3,8C86,TQ0,3,False,1.1,0.811,0.155,135.0
TTR,,False,4,4QXV,LU2,4,False,1.12,0.962,0.063,135.0
TTR,,False,5,4KY2,1W3,5,False,1.13,0.956,0.079,135.0
TUBA1B,,False,1,6S8L,PN6,1,False,1.801,0.984,0.042,2.0
TUBB3,,False,1,6S8L,PN6,1,False,1.801,0.984,0.042,2.0
TYK2,CHEMBL3553_TYK2,True,1,3LXP,IZA,1,False,1.65,0.97,0.05,48.0
TYK2,CHEMBL3553_TYK2,True,2,8S99,ZS3,2,True,1.71,0.957,0.093,48.0
TYK2,CHEMBL3553_TYK2,True,3,4WOV,3SM,3,False,1.8,0.946,0.076,48.0
TYK2,CHEMBL3553_TYK2,True,4,8S9A,ZSB,4,False,1.83,0.899,0.103,48.0
TYK2,CHEMBL3553_TYK2,True,5,8S98,ZRU,5,False,1.87,0.984,0.044,48.0
TYMP,,False,1,1UOU,CMU,1,False,2.11,0.954,0.053,3.0
TYMP,,False,2,2WK6,IUR,3,False,2.5,0.941,0.059,3.0
TYMS,,False,1,1HVY,D16,1,False,1.9,0.976,0.051,31.0
TYMS,,False,2,5X66,MTX,2,False,1.99,0.979,0.048,31.0
TYMS,,False,3,5X5D,UMP,3,False,2.0,0.972,0.06,31.0
TYMS,,False,4,6QXH,UMP,4,False,2.04,0.962,0.063,31.0
TYMS,,False,5,6QXG,UFP,5,False,2.08,0.969,0.085,31.0
UBA2,,False,1,6XOG,VAY,2,False,1.98,0.97,0.071,10.0
UBA2,,False,2,6XOI,VBA,3,False,2.0,0.966,0.074,10.0
UBA2,,False,3,6XOH,VB7,4,False,2.226,0.988,0.041,10.0
UBE2I,,False,1,5F6Y,5VM,1,False,1.14,0.86,0.125,6.0
UBE2I,,False,2,5F6V,5VL,2,False,1.492,0.826,0.168,6.0
UBE2I,,False,3,5F6U,5VK,3,False,1.552,0.985,0.065,6.0
UBE2I,,False,4,5F6D,5VJ,4,False,1.553,0.958,0.106,6.0
UBE2I,,False,5,5F6X,5VM,5,False,1.56,0.922,0.083,6.0
UCHL1,,False,1,8EDE,WEU,1,False,1.799,0.895,0.139,7.0
UCHL1,,False,2,8PW1,GKO,3,False,2.2,0.819,0.144,7.0
UCHL1,,False,3,7ZM0,JMF,4,False,2.24,0.934,0.109,7.0
UHRF1,,False,1,5XPI,8C3,3,False,2.2,0.752,0.248,5.0
UHRF1,,False,2,4QQD,36X,4,False,2.28,0.986,0.044,5.0
UHRF1,,False,3,8JIG,8JA,5,False,2.4,0.952,0.07,5.0
USP28,,False,1,7TUO,KL9,1,False,1.96,0.94,0.096,7.0
USP28,,False,2,8P14,VIS,2,False,2.57,0.934,0.118,7.0
USP28,,False,3,9SUU,A1JQP,3,False,2.75,0.94,0.083,7.0
USP28,,False,4,8P1P,WF0,4,False,2.76,0.947,0.124,7.0
USP28,,False,5,8P1Q,WFT,5,False,2.79,0.945,0.126,7.0
USP7,,False,1,5N9T,8QQ,2,False,1.73,0.955,0.082,35.0
USP7,,False,2,5VSB,9QA,3,False,1.85,0.964,0.056,35.0
USP7,,False,3,9SZN,A1JSJ,4,False,1.99,0.971,0.058,35.0
USP7,,False,4,7XHH,DYO,5,False,2.1,0.992,0.035,35.0
USP8,,False,1,8ADM,O6C,1,False,1.7,0.792,0.208,1.0
VCP,,False,1,7PUX,6LY,1,False,1.73,0.976,0.053,29.0
VCP,,False,2,6G2X,EJQ,5,False,2.078,0.995,0.024,29.0
VDR,,False,1,3B0T,MCZ,1,False,1.3,0.963,0.054,48.0
VDR,,False,2,3AZ3,DS6,2,False,1.36,0.91,0.101,48.0
VDR,,False,3,1IE9,VDX,3,False,1.4,0.922,0.055,48.0
VDR,,False,4,3A40,23R,4,False,1.45,0.964,0.056,48.0
VDR,,False,5,3AZ1,DS2,5,False,1.5,0.928,0.07,48.0
VEGFA,,False,1,4QAF,OMA,1,False,1.8,0.951,0.099,7.0
VHL,,False,1,7Z76,IFJ,1,False,1.32,0.967,0.055,120.0
VHL,,False,2,9GIO,3JF,2,False,1.486,0.958,0.069,120.0
VHL,,False,3,7JTO,VKA,3,False,1.7,0.943,0.077,120.0
VHL,,False,4,8BDS,QIY,4,False,1.72,0.976,0.064,120.0
WRN,,False,1,10AK,A1C4L,1,False,1.37,0.93,0.091,38.0
WRN,,False,2,7GQU,X1L,2,False,1.54,0.98,0.051,38.0
WRN,,False,3,9OWB,A1CEX,3,False,1.56,0.758,0.145,38.0
WRN,,False,4,9MJU,A1BL1,5,False,1.579,0.945,0.075,38.0
XDH,,False,1,2E1Q,MTE,1,False,2.6,0.995,0.025,2.0
XIAP,,False,1,4KJU,1RH,1,False,1.6,0.93,0.089,38.0
XIAP,,False,2,4KJV,1RK,2,False,1.7,0.883,0.097,38.0
XIAP,,False,3,3HL5,9JZ,4,False,1.8,0.952,0.083,38.0
XIAP,,False,4,6GJW,F2H,5,False,1.9,0.944,0.084,38.0
XPO1,,False,1,6TVO,LMB,3,False,3.201,0.954,0.073,3.0
ZAP70,,False,1,4XZ0,4N5,1,False,2.0,0.944,0.085,5.0
ZAP70,,False,2,1U59,STU,2,False,2.3,0.928,0.084,5.0
ZAP70,,False,3,4XZ1,4N6,4,False,2.8,0.9,0.148,5.0
