chembl_id,smiles,pchembl_value,pchembl_std,n_records
CHEMBL1957,C#Cc1c(CCNc2cc[nH]c(=O)c2-c2nc3c(C)cc(N4CCOCC4)cc3[nH]2)ncn1CC,6.61,0.0,1
CHEMBL1957,C(=C\c1nccc(-c2c[nH]c3cnccc23)n1)/c1ccccc1,4.33,0.0,1
CHEMBL1957,C/C(=C\C(=S)NCc1cc(O)c(O)c(O)c1)c1cc(O)c(O)c(Br)c1,6.66,0.0,1
CHEMBL1957,C=C(CC[C@@H](C)[C@H]1CC[C@H]2[C@H](CCc3cc(O)ccc3C)C(=O)CC[C@]12C)C(C)C,5.64,0.0,1
CHEMBL1957,C=CC(=O)NCCOCCNC(=O)CCN1CCC(c2cc(OC(C)C)c(Nc3ncc(Cl)c(Nc4ccccc4S(=O)(=O)C(C)C)n3)cc2C)CC1,8.15,0.0,1
CHEMBL1957,C=CC(=O)Nc1cc(Nc2ncc(C#N)c(-c3cn(C)c4ccccc34)n2)c(OC)cc1N(C)CCN(C)C,4.42,0.0,1
CHEMBL1957,C=CC(=O)Nc1cc(Nc2ncc(Cl)c(-c3c[nH]c4ccccc34)n2)c(OC)cc1N(C)CCN(C)C,5.16,0.0,1
CHEMBL1957,C=CC(=O)Nc1cc(Nc2ncc(Cl)c(-c3cn(C)c4ccccc34)n2)c(OC)cc1N(C)CCN(C)C,4.4,0.0,1
CHEMBL1957,C=CC(=O)Nc1cc(Nc2ncc(Cl)c(-c3cnn4ccccc34)n2)c(OC)cc1N(C)CCN(C)C,8.22,0.0,1
CHEMBL1957,C=CC(=O)Nc1cc(Nc2ncc(Cl)c(-c3cnn4ccccc34)n2)c(OC)cc1N1CC(N(C)C)C1,7.58,0.0,1
CHEMBL1957,C=CC(=O)Nc1cc(Nc2ncc(Cl)c(-c3cnn4ccccc34)n2)c(OC)cc1N1CCN(C)CC1,8.7,0.0,1
CHEMBL1957,C=CC(=O)Nc1cc(Nc2ncc(Cl)c(-c3cnn4ccccc34)n2)c(OC)cc1N1CC[C@@H](N(C)C)C1,8.15,0.0,1
CHEMBL1957,C=CC(=O)Nc1cc(Nc2nccc(-c3c[nH]c4ccccc34)n2)c(OC)cc1N1CCN(C)CC1,6.09,0.0,1
CHEMBL1957,C=CC(=O)Nc1cc(Nc2nccc(-c3cn(C)c4ccccc34)n2)c(OC)cc1N(C)CCNC,5.8,0.0,1
CHEMBL1957,C=CC(=O)Nc1ccc(-c2ccc(NC(=O)Nc3cccc(Cl)c3)cc2)cn1,7.4,0.0,1
CHEMBL1957,C=CCOc1ccccc1Nc1ncc2c(n1)-c1c(nn(C)c1-c1ccccc1)CC2,6.4,0.0,1
CHEMBL1957,CC(=O)N1CCC(N2CCC(n3cc(Nc4ncc5c(n4)-c4c(nn(C)c4Cc4ccccc4Cl)CC5C)cn3)CC2)CC1,9.0,0.0,1
CHEMBL1957,CC(=O)N1CCC(n2cc(Nc3ncc(Cl)c(-c4cnc5ccccn45)n3)c(C)n2)CC1,7.3,0.0,1
CHEMBL1957,CC(=O)N1CCC(n2cc(Nc3ncc(Cl)c(-c4cnc5ccccn45)n3)cn2)CC1,7.38,0.0,1
CHEMBL1957,CC(=O)N1CCC(n2cc(Nc3ncc(Cl)c(-c4cnn5ccccc45)n3)c(C)n2)CC1,8.22,0.0,1
CHEMBL1957,CC(=O)N1CCC(n2cc(Nc3ncc4c(n3)-c3c(nn(C)c3-c3ccc(-c5cnn(C(C)C)c5)cc3)CC4)cn2)CC1,9.77,0.0,1
CHEMBL1957,CC(=O)N1CCC(n2cc(Nc3ncc4c(n3)-c3c(nn(C)c3-c3ccc(-c5cnn(C)c5)cc3)CC4)cn2)CC1,9.68,0.0,1
CHEMBL1957,CC(=O)N1CCC(n2cc(Nc3ncc4c(n3)-c3c(nn(C)c3-c3ccc(-c5cnn(C)c5)nc3)CC4)cn2)CC1,8.7,0.0,1
CHEMBL1957,CC(=O)N1CCC(n2cc(Nc3ncc4c(n3)-c3c(nn(C)c3-c3ccc(OC(F)F)cc3)CC4)cn2)CC1,8.52,0.0,1
CHEMBL1957,CC(=O)N1CCC(n2cc(Nc3ncc4c(n3)-c3c(nn(C)c3-c3cccc(C)c3)CC4)cn2)CC1,8.22,0.0,1
CHEMBL1957,CC(=O)N1CCC(n2cc(Nc3ncc4c(n3)-c3c(nn(C)c3-c3cccc(Cl)c3)CC4)cn2)CC1,8.22,0.0,1
CHEMBL1957,CC(=O)N1CCC(n2cc(Nc3ncc4c(n3)-c3c(nn(C)c3-c3ccccc3)CC4C)cn2)CC1,9.0,0.0,1
CHEMBL1957,CC(=O)N1CCC(n2cc(Nc3ncc4c(n3)-c3c(nn(C)c3-c3sccc3C)CC4)cn2)CC1,9.22,0.0,1
CHEMBL1957,CC(=O)N1CCC(n2cc(Nc3ncc4c(n3)-c3c(nn(C)c3-c3sccc3Cl)CC4)cn2)CC1,9.7,0.0,1
CHEMBL1957,CC(=O)N1CCC(n2cc(Nc3ncc4c(n3)-c3c(nn(C)c3Cc3c(Cl)cccc3Cl)CC4)cn2)CC1,7.75,0.0,1
CHEMBL1957,CC(=O)N1CCC(n2cc(Nc3ncc4c(n3)-c3c(nn(C)c3Cc3cccc(-c5cnn(C)c5)c3)CC4)cn2)CC1,9.41,0.0,1
CHEMBL1957,CC(=O)N1CCC(n2cc(Nc3ncc4c(n3)-c3c(nn(C)c3Cc3cccc(C(F)(F)F)c3)CC4)cn2)CC1,7.64,0.0,1
CHEMBL1957,CC(=O)N1CCC(n2cc(Nc3ncc4c(n3)-c3c(nn(C)c3Cc3cccc(C)c3)CC4)cn2)CC1,8.4,0.0,1
CHEMBL1957,CC(=O)N1CCC(n2cc(Nc3ncc4c(n3)-c3c(nn(C)c3Cc3cccc(Cl)c3)CC4)cn2)CC1,8.1,0.0,1
CHEMBL1957,CC(=O)N1CCC(n2cc(Nc3ncc4c(n3)-c3c(nn(C)c3Cc3ccccc3)CC4)cn2)CC1,8.52,0.0,1
CHEMBL1957,CC(=O)N1CCC(n2cc(Nc3ncc4c(n3)-c3c(nn(C)c3Cc3ccccc3C)CC4)cn2)CC1,9.3,0.0,1
CHEMBL1957,CC(=O)N1CCC(n2nc(C)c(Nc3ncc(Cl)c(-c4cnc5ccccn45)n3)c2C)CC1,7.31,0.0,1
CHEMBL1957,CC(=O)N1CCC(n2nc(C)c(Nc3ncc(Cl)c(-c4cnn5ccccc45)n3)c2C)CC1,7.54,0.0,1
CHEMBL1957,CC(=O)N1CCC(n2ncc(Nc3ncc(Cl)c(-c4cnc5ccccn45)n3)c2C)CC1,7.62,0.0,1
CHEMBL1957,CC(=O)N1CCC(n2ncc(Nc3ncc(Cl)c(-c4cnn5ccccc45)n3)c2C)CC1,8.1,0.0,1
CHEMBL1957,CC(=O)N1CCN(C2CCN(c3cc(C)c4nc(-c5c(NC[C@@H](O)c6cccc(Cl)c6)cc[nH]c5=O)[nH]c4c3)CC2)CC1,7.5,0.0,1
CHEMBL1957,CC(=O)N1CCN([C@H]2C[C@@H](n3cc(-c4cc(OCC56CCC(CC5)O6)ccc4F)c4c(N)ncnc43)C2)CC1,7.89,0.0,1
CHEMBL1957,CC(=O)N1CCN([C@H]2C[C@@H](n3cc(-c4cc(OC[C@@H]5CCCO5)ccc4F)c4c(N)ncnc43)C2)CC1,7.92,0.0,1
CHEMBL1957,CC(=O)N1CCN([C@H]2C[C@@H](n3cc(-c4cc(OC[C@H]5CCCO5)ccc4F)c4c(N)ncnc43)C2)CC1,7.19,0.0,1
CHEMBL1957,CC(=O)N1CCN([C@H]2C[C@@H](n3cc(-c4cccc(OCC56CCC(CC5)O6)c4)c4c(N)ncnc43)C2)CC1,8.03,0.0,1
CHEMBL1957,CC(=O)N1CCN([C@H]2C[C@@H](n3cc(-c4cccc(OCC56CCC(CC5)O6)c4F)c4c(N)ncnc43)C2)CC1,8.02,0.0,1
CHEMBL1957,CC(=O)N1CCN([C@H]2C[C@@H](n3cc(-c4cccc(OC[C@@H]5CCCO5)c4F)c4c(N)ncnc43)C2)CC1,7.8,0.0,1
CHEMBL1957,CC(=O)N1CCN([C@H]2C[C@H](n3cc(-c4cc(OC[C@@H]5CCCO5)ccc4F)c4c(N)ncnc43)C2)CC1,7.27,0.0,1
CHEMBL1957,CC(=O)N1CCN(c2cc(C)c3nc(-c4c(NC[C@@H](O)c5cccc(Cl)c5)cc[nH]c4=O)[nH]c3c2)CC1,7.0,0.0,1
CHEMBL1957,CC(=O)N1CCN(c2ccc(Nc3nccc(-c4cnc5ccccn45)n3)cc2)CC1,6.57,0.0,1
CHEMBL1957,CC(=O)NC[C@H]1CC[C@H](c2nc(-c3cc4ccccc4[nH]3)c3c(N)nccn32)CC1,5.57,0.0,1
CHEMBL1957,CC(=O)N[C@H]1CC[C@H](c2ncc(Cl)c(Nc3ccccc3S(=O)(=O)C(C)C)n2)CC1,5.54,0.0,1
CHEMBL1957,CC(=O)Oc1ccc(CNc2ccc3c(c2)OCO3)cc1OC(C)=O,5.89,0.0,1
CHEMBL1957,CC(C)(C)OCCOc1cccc(-c2cn([C@H]3C[C@@H](CN4CCC4)C3)c3ncnc(N)c23)c1,6.8,0.0,1
CHEMBL1957,CC(C)(C)c1cc(/C=C2\C(=O)Nc3ccccc32)cc(C(C)(C)C)c1O,4.3,0.0,1
CHEMBL1957,CC(C)(C)c1cc(Nc2nc(N3CCCCC3)nc3c2CCC3)n[nH]1,6.6,0.0,1
CHEMBL1957,CC(C)(C)c1cc(Nc2nc(N3CCCCCC3)nc3c2CCC3)n[nH]1,6.25,0.0,1
CHEMBL1957,CC(C)(C)c1cc(Nc2nc(N3CCC[C@@]3(C)C(=O)NC3CCCNC3)nn3cccc23)[nH]n1,6.37,0.0,1
CHEMBL1957,CC(C)(C)c1ccc(C(=O)NNC(=O)C(=O)c2c[nH]c3ccccc23)cc1,5.36,0.0,1
CHEMBL1957,CC(C)(N)C(=O)N1CCCC(NC(=O)[C@@H]2CCCN2c2nc(Nc3cc(C4CC4)n[nH]3)c3cccn3n2)C1,7.24,0.0,1
CHEMBL1957,CC(C)CCOCCOc1cccc(-c2cn([C@H]3C[C@@H](CN4CCC4)C3)c3ncnc(N)c23)c1,6.43,0.0,1
CHEMBL1957,CC(C)Cn1cc(-c2ccc(-c3c4c(nn3C)CCc3cnc(Nc5ccn(CCN(C)C)n5)nc3-4)cc2)cn1,9.51,0.0,1
CHEMBL1957,CC(C)N1CCC(N2CCC(n3nc(-c4ccc(Nc5nc6cccc(Cl)c6o5)cc4)c4c(N)ncnc43)CC2)CC1,6.94,0.0,1
CHEMBL1957,CC(C)N1CCCC(NC(=O)C2C[C@H](O)CN2c2nc(Nc3cn(C(C)C)cn3)c3cccn3n2)C1,8.3,0.0,1
CHEMBL1957,CC(C)N1CCN([C@H]2CC[C@@H](n3nc(-c4ccc(Nc5nc6cccc(Cl)c6o5)cc4)c4c(N)ncnc43)CC2)CC1,6.76,0.0,1
CHEMBL1957,CC(C)N1CCN([C@H]2CC[C@H](n3nc(-c4ccc(Nc5nc6cccc(Cl)c6o5)cc4)c4c(N)ncnc43)CC2)CC1,7.35,0.0,1
CHEMBL1957,CC(C)NC[C@H]1C[C@@H](c2nc(-c3cccc(OCc4ccccc4)c3)c3c(N)nccn32)C1,6.66,0.0,1
CHEMBL1957,CC(C)OCCOc1cccc(-c2cn([C@H]3C[C@@H](CN4CCC4)C3)c3ncnc(N)c23)c1,6.58,0.0,1
CHEMBL1957,CC(C)Oc1cc(N2CCC(N3CCN(C)CC3)CC2)ccc1Nc1ncc(Cl)c(Nc2ccccc2P(C)(C)=O)n1,6.69,0.0,1
CHEMBL1957,CC(C)c1c2c(nn1-c1cccnc1)CCc1cnc(Nc3ccccc3)nc1-2,5.58,0.0,1
CHEMBL1957,CC(C)c1c2c(nn1C)CC(C)c1cnc(Nc3ccccc3)nc1-2,7.82,0.0,1
CHEMBL1957,CC(C)c1cc(/C=C2\C(=O)Nc3ccccc32)cc(C(C)C)c1O,5.0,0.0,1
CHEMBL1957,CC(C)c1ccc(/C=C2/C(=O)Nc3ccccc32)cc1,5.0,0.0,1
CHEMBL1957,CC(C)n1cc(-c2ccc(-c3c4c(nn3C)CCc3cnc(Nc5ccn(C)n5)nc3-4)cc2)cn1,9.06,0.0,1
CHEMBL1957,CC(C)n1cc(-c2ccc(-c3c4c(nn3C)CCc3cnc(Nc5ccn(CCN(C)C)n5)nc3-4)cc2)cn1,9.92,0.0,1
CHEMBL1957,CC(C)n1cc(-c2ccc(-c3c4c(nn3C)CCc3cnc(Nc5cnn(CC(=O)N(C)C)c5)nc3-4)cc2)cn1,9.17,0.0,1
CHEMBL1957,CC(C)n1cc(-c2ccc(-c3c4c(nn3C)CCc3cnc(Nc5cnn(CCN(C)C)c5)nc3-4)cc2)cn1,9.68,0.0,1
CHEMBL1957,CC(C)n1cc(-c2ccc(-c3c4c(nn3C)CCc3cnc(Nc5cnn(CCN6CCOCC6)c5)nc3-4)cc2)cn1,9.38,0.0,1
CHEMBL1957,CC(C)n1cc(Nc2ncc3c(n2)-c2c(nn(C)c2-c2ccc(-c4cnn(C)c4)nc2)CC3)cn1,9.51,0.0,1
CHEMBL1957,CC(C)n1ccc(Nc2ncc3c(n2)-c2c(nn(C)c2Cc2ccccc2)CC3)n1,8.22,0.0,1
CHEMBL1957,CC(C)n1ccc(Nc2ncc3c(n2)-c2c(nn(C)c2Cc2ccccc2Cl)CC3)n1,8.3,0.0,1
CHEMBL1957,CC(C)n1nccc1Nc1ncc2c(n1)-c1c(nn(C)c1-c1ccccc1Cl)CC2,7.3,0.0,1
CHEMBL1957,CC(Cc1ccc(O)c(O)c1)C(C)Cc1ccc(O)c(O)c1,6.05,0.0,1
CHEMBL1957,CC(NC(=S)/C=C/c1ccc(O)c(O)c1Br)c1cc(O)c(O)c(O)c1,6.92,0.0,1
CHEMBL1957,CC(O)C(/N=C1C=C(O)/C(=N\C(C(=O)O)C(C)O)C=C/1O)C(=O)O,5.22,0.0,1
CHEMBL1957,CC(O)C(/N=C1\C(O)=CC(=O)C(O)=C1CC1CCCC2CCCCC21)C(=O)O,6.3,0.0,1
CHEMBL1957,CC(Oc1cccc(-c2cn([C@H]3C[C@@H](CN4CCC4)C3)c3ncnc(N)c23)c1)c1ccccc1,5.43,0.0,1
CHEMBL1957,CC(c1ccccc1)c1c2c(nn1C)CCc1cnc(Nc3ccccc3)nc1-2,6.32,0.0,1
CHEMBL1957,CC1(C)CCN(c2nc3c(c(Nc4cc(C5CC5)[nH]n4)n2)CCC3)CC1,6.69,0.0,1
CHEMBL1957,CC1(C)CC[C@@H](COc2cccc(-c3cn([C@H]4C[C@@H](CN5CCC5)C4)c4ncnc(N)c34)c2)O1,8.05,0.0,1
CHEMBL1957,CC1(C)CC[C@H](COc2cccc(-c3cn([C@H]4C[C@@H](CN5CCC5)C4)c4ncnc(N)c34)c2)O1,7.22,0.0,1
CHEMBL1957,CC1(C)OCC(=O)Nc2cc(Nc3nc(NCC(F)(F)F)c4occc4n3)ccc21,5.22,0.0,1
CHEMBL1957,CC1(C)c2cc(C3CCN(C4COC4)CC3)ccc2C(=O)c2c1[nH]c1cc(C#N)ccc21,6.0,0.0,1
CHEMBL1957,CC1(c2cc(Nc3nc(N4C[C@@H](O)C[C@H]4C(=O)Nc4cnccn4)nn4cccc34)[nH]n2)CC1,8.7,0.0,1
CHEMBL1957,CC1(c2cc(Nc3nc(N4C[C@@H](O)C[C@H]4C(=O)Nc4ncns4)nn4cccc34)[nH]n2)CC1,9.0,0.0,1
CHEMBL1957,CC1(c2cc(Nc3nc(N4C[C@H](F)C[C@H]4C(=O)Nc4ncns4)nn4cccc34)[nH]n2)CC1,8.3,0.0,1
CHEMBL1957,CC12CCC(COc3cccc(-c4cn([C@H]5C[C@@H](CO)C5)c5ncnc(N)c45)c3)(CC1)O2,7.33,0.0,1
CHEMBL1957,CC1=CCC[C@H]2[C@](C)(CC3=C(O)C(=O)C=C(NCCC(C)C)C3=O)[C@@H](C)CC[C@@]12C,5.71,0.0,1
CHEMBL1957,CC1CCN(c2nc(Nc3cc(C4CC4)[nH]n3)c3c(n2)C(C)(C)CC3)CC1,5.82,0.0,1
CHEMBL1957,CC1CCN(c2nc(Nc3cc(C4CC4)[nH]n3)c3c(n2)C(F)(F)CC3)CC1,6.11,0.0,1
CHEMBL1957,CC1CCN(c2nc(Nc3cc(C4CC4)[nH]n3)c3c(n2)C2(CCCC2)CC3)CC1,5.55,0.0,1
CHEMBL1957,CC1CCN(c2nc(Nc3cc(C4CC4)[nH]n3)c3c(n2)C2CCC3C2)CC1,5.92,0.0,1
CHEMBL1957,CC1CCN(c2nc3c(c(Nc4cc(C(C)(C)C)[nH]n4)n2)CCC3)CC1,6.52,0.0,1
CHEMBL1957,CC1CCN(c2nc3c(c(Nc4cc(C5CC5)[nH]n4)n2)CCC3)CC1,7.7,0.0,1
CHEMBL1957,CC1Cc2nn(C)c(-c3ccc(-c4cnn(C(C)C)c4)cc3)c2-c2nc(Nc3ccn(C)n3)ncc21,9.12,0.0,1
CHEMBL1957,CC1Cc2nn(C)c(-c3ccc(-c4cnn(C)c4)cc3)c2-c2nc(Nc3ccn(C)n3)ncc21,9.34,0.0,1
CHEMBL1957,CC1Cc2nn(C)c(-c3ccccc3)c2-c2nc(Nc3ccn(CC(=O)N(C)C)n3)ncc21,7.89,0.0,1
CHEMBL1957,CC1Cc2nn(C)c(-c3ccccc3)c2-c2nc(Nc3ccn(CCN(C)C)n3)ncc21,8.7,0.0,1
CHEMBL1957,CC1Cc2nn(C)c(-c3ccccc3Cl)c2-c2nc(Nc3ccccc3)ncc21,8.3,0.0,1
CHEMBL1957,CC1Cc2nn(C)c(-c3ccccc3Cl)c2-c2nc(Nc3ccn(C(C)C)n3)ncc21,8.52,0.0,1
CHEMBL1957,CC1Cc2nn(C)c(-c3ccccc3Cl)c2-c2nc(Nc3ccn(C)n3)ncc21,9.0,0.0,1
CHEMBL1957,CC1Cc2nn(C)c(Cc3ccccc3Cl)c2-c2nc(Nc3cnn(C4CCN(C5CCOCC5)CC4)c3)ncc21,9.0,0.0,1
CHEMBL1957,CC1Cc2nn(C)c(Cc3ccccc3Cl)c2-c2nc(Nc3cnn(C4CCN(CCO)CC4)c3)ncc21,9.0,0.0,1
CHEMBL1957,CC1Cc2nn(C)c(Cc3ccccc3Cl)c2-c2nc(Nc3cnn(C4CCNCC4)c3)ncc21,8.7,0.0,1
CHEMBL1957,CCC(=O)C1CCN(CCCOc2cc3ncc(C#N)c(Nc4ccc(Sc5nc(C)c(C)n5CC)c(Cl)c4)c3cc2OC)CC1,6.87,0.0,1
CHEMBL1957,CCC(=O)c1cccc(Nc2ccc3c(c2)/C(=C/Nc2ccc(N4CCN(C)CC4)cc2)C(=O)NC3=O)c1,6.5,0.0,1
CHEMBL1957,CCC(C)COc1ccccc1/C=C1/SC(=O)NC1=O,5.05,0.0,1
CHEMBL1957,CCC(c1ccccc1)c1c2c(nn1C)CCc1cnc(Nc3ccc(C(=O)NC4CCN(C)CC4)cc3OC)nc1-2,6.66,0.0,1
CHEMBL1957,CCC(c1ccccc1)c1c2c(nn1C)CCc1cnc(Nc3ccc(N4CCN(C)CC4)cc3OC)nc1-2,6.77,0.0,1
CHEMBL1957,CCC(c1ccccc1)c1c2c(nn1C)CCc1cnc(Nc3ccc(OCCN4CCCC4)cc3OC)nc1-2,6.66,0.0,1
CHEMBL1957,CCC1CCCCN1CCCOc1cc2ncc(C#N)c(Nc3ccc(Sc4nc(C)c(C)n4CC)c(Cl)c3)c2cc1OC,7.5,0.0,1
CHEMBL1957,CCCN1CCC(Oc2cc(Nc3nc(Nc4cccc(F)c4C(N)=O)c4cc[nH]c4n3)c(OC)cc2Cl)CC1,6.435,1.6475588001646557,2
CHEMBL1957,CCCN1CCC(Oc2ccc(OC)c(Nc3nc(Nc4cccc(F)c4C(N)=O)c4cc[nH]c4n3)c2)CC1,7.125,1.548563850798539,2
CHEMBL1957,CCCN1CCC(c2ccc(Nc3nc(Nc4ccsc4C(N)=O)c4cc[nH]c4n3)c(OC)c2)CC1,8.085,1.138441917710342,2
CHEMBL1957,CCCNC(=O)c1ccc(Nc2nc(NCC(F)(F)F)c3cc[nH]c3n2)cc1,5.89,0.0,1
CHEMBL1957,CCCNC(=O)c1ccc(Nc2ncc3c(n2)-c2c(nn(C)c2-c2ccc(-c4cnn(C)c4)cc2)CC3)c(OC)c1,9.18,0.0,1
CHEMBL1957,CCCOCCOc1cccc(-c2cn([C@H]3C[C@@H](CN4CCC4)C3)c3ncnc(N)c23)c1,6.51,0.0,1
CHEMBL1957,CCCc1c2c(nn1C)CCc1cnc(Nc3ccc(C(=O)NC4CCN(C)CC4)cc3OC)nc1-2,7.6,0.0,1
CHEMBL1957,CCCc1c2c(nn1C)CCc1cnc(Nc3ccccc3)nc1-2,6.87,0.0,1
CHEMBL1957,CCCn1c(Sc2ccc(Nc3c(C#N)cnc4cc(NCCCN(C)C)c(OC)cc34)cc2Cl)nc(C)c1C,6.72,0.0,1
CHEMBL1957,CCCn1cc(-c2ccc(-c3c4c(nn3C)CCc3cnc(Nc5ccc(C(=O)O)cc5OC)nc3-4)cc2)cn1,8.52,0.0,1
CHEMBL1957,CCCn1cc(-c2ccc(-c3c4c(nn3C)CCc3cnc(Nc5ccn(CC(=O)N(C)C)n5)nc3-4)cc2)cn1,9.41,0.0,1
CHEMBL1957,CCCn1cc(-c2ccc(-c3c4c(nn3C)CCc3cnc(Nc5ccn(CC)n5)nc3-4)cc2)cn1,9.0,0.0,1
CHEMBL1957,CCCn1cc(-c2ccc(-c3c4c(nn3C)CCc3cnc(Nc5ccn(CCN(C)C)n5)nc3-4)cc2)cn1,9.82,0.0,1
CHEMBL1957,CCCn1cc(-c2ccc(-c3c4c(nn3C)CCc3cnc(Nc5ccn(CCOC)n5)nc3-4)cc2)cn1,9.09,0.0,1
CHEMBL1957,CCCn1cc(-c2cccc(Cc3c4c(nn3C)CCc3cnc(Nc5ccn(C)n5)nc3-4)c2)cn1,9.24,0.0,1
CHEMBL1957,CCCn1cc(-c2cccc(Cc3c4c(nn3C)CCc3cnc(Nc5ccn(CC)n5)nc3-4)c2)cn1,9.51,0.0,1
CHEMBL1957,CCCn1nc2c(c1C(C)C)-c1nc(Nc3ccc(C(=O)NC4CCN(C)CC4)cc3OC)ncc1CC2,7.19,0.0,1
CHEMBL1957,CCCn1nc2c(c1C(C)C)-c1nc(Nc3ccc(OCCN4CCCC4)cc3OC)ncc1CC2,6.75,0.0,1
CHEMBL1957,CCN(C)CC(=O)N1CCc2cc(OC)c(Nc3nc(Nc4cccc(F)c4C(N)=O)c4cc[nH]c4n3)cc21,8.12,0.5656854249492376,2
CHEMBL1957,CCN(CC)C(=O)C1CCCN(c2nc3c(c(Nc4cc(C5CC5)[nH]n4)n2)CCC3)C1,6.74,0.0,1
CHEMBL1957,CCN(CC)CC(=O)N1CCc2cc(OC)c(Nc3nc(Nc4cccc(F)c4C(N)=O)c4cc[nH]c4n3)cc21,7.885,1.1525840533340717,2
CHEMBL1957,CCN(CC)C[C@H]1CC[C@H](c2nc(-c3cccc(OCc4ccccc4)c3)c3c(N)nccn32)CC1,6.94,0.0,1
CHEMBL1957,CCN(Cc1cc(-n2ccnc2)cc2[nH]c(-c3ccc[nH]c3=O)nc12)c1ncc[nH]1,4.89,0.0,1
CHEMBL1957,CCN1CCC(NC(=O)c2ccc(Nc3ncc4c(n3)-c3c(nn(C)c3-c3ccccc3)CC4)c(OC)c2)CC1,8.52,0.0,1
CHEMBL1957,CCN1CCC(NC(=O)c2ccc(Nc3ncc4c(n3)-c3c(nn(C)c3-c3ccccc3Cl)CC4C)c(OC)c2)CC1,9.0,0.0,1
CHEMBL1957,CCN1CCC(Nc2ccc3c(c2)C(=C(c2ccc(Cl)cc2)c2ncc[nH]2)C(=O)N3)CC1,5.57,0.0,1
CHEMBL1957,CCN1CCN(CCCOc2cc3ncc(C#N)c(Nc4ccc(Sc5nc(C)c(C)n5CC)c(Cl)c4)c3cc2OC)CC1,8.05,0.0,1
CHEMBL1957,CCN1CCN(CCCOc2cc3ncc(C#N)c(Nc4ccc(Sc5nccn5C)c(Cl)c4)c3cc2OC)CC1,7.3,0.0,1
CHEMBL1957,CCN1CCN(CCCOc2cc3nccc(Oc4c(F)cc(NC(=O)NN5C(=O)CSC5c5c(F)cccc5F)cc4F)c3cc2OC)CC1,5.68,0.0,1
CHEMBL1957,CCN1CCN(c2cc(C)c3nc(-c4c(NC[C@@H](O)c5cccc(Cl)c5)cc[nH]c4=O)[nH]c3c2)CC1,7.77,0.0,1
CHEMBL1957,CCN1CCN(c2ccc(Nc3ncc4c(n3)-c3c(nn(C)c3-c3ccc(-c5cnn(C)c5)cc3)CC4)c(OC)c2)CC1,10.05,0.0,1
CHEMBL1957,CCN1CCN(c2ccc(Nc3ncc4c(n3)-c3c(nn(C)c3Cc3cccc(Cl)c3)CC4)c(OC)c2)CC1,9.0,0.0,1
CHEMBL1957,CCNC(=O)N1CCN(CCCOc2cc3ncc(C#N)c(Nc4ccc(Sc5nc(C)c(C)n5CC)c(Cl)c4)c3cc2OC)CC1,7.35,0.0,1
CHEMBL1957,CCNC(=O)c1ccc(Nc2ncc3c(n2)-c2c(nn(C)c2-c2ccc(-c4cnn(C)c4)cc2)CC3)c(OC)c1,9.43,0.0,1
CHEMBL1957,CCOC(=O)C1CCCN(c2nc3c(c(Nc4cc(C(C)(C)C)[nH]n4)n2)CCC3)C1,6.97,0.0,1
CHEMBL1957,CCOC(=O)C1CCCN(c2nc3c(c(Nc4cc(C)[nH]n4)n2)CCC3)C1,6.01,0.0,1
CHEMBL1957,CCOC(=O)C1CCN(c2nc3c(c(Nc4cc(C5CC5)[nH]n4)n2)CCC3)CC1,7.46,0.0,1
CHEMBL1957,CCOC(=O)N1CCN([C@H]2CC[C@H](n3nc(-c4ccc5nc(Cc6ccccc6OC)[nH]c5c4)c4c(N)ncnc43)CC2)CC1,6.51,0.0,1
CHEMBL1957,CCOC(=O)N1CCN(c2cc(C)c3nc(-c4c(NC[C@@H](O)c5cccc(Cl)c5)cc[nH]c4=O)[nH]c3c2)CC1,6.57,0.0,1
CHEMBL1957,CCOC(=O)NN1CCN(CCCOc2cc3ncc(C#N)c(Nc4ccc(Sc5nc(C)c(C)n5CC)c(Cl)c4)c3cc2OC)CC1,7.77,0.0,1
CHEMBL1957,CCOC(=O)c1c(C=O)[nH]c(C(=O)OC(C)(C)C)c1CC,6.31,0.0,1
CHEMBL1957,CCOC(=O)c1ccc(NC(=O)[C@@H]2CCCN2c2nc(Nc3cc(C4CC4)[nH]n3)c3cccn3n2)cc1,5.75,0.0,1
CHEMBL1957,CCOC(=O)c1cnn(CCNc2cc[nH]c(=O)c2-c2nc3c(C)cc(N4CCOCC4)cc3[nH]2)c1,7.17,0.0,1
CHEMBL1957,CCOCCOc1cccc(-c2cn([C@H]3C[C@@H](CN4CCC4)C3)c3ncnc(N)c23)c1,6.2,0.0,1
CHEMBL1957,CCOc1cc(-c2ccccc2)nc2cc(-c3nc([C@H]4C[C@@](C)(O)C4)n4ccnc(N)c34)ccc12,9.22,0.0,1
CHEMBL1957,CCOc1cc(/C=C2/SC(=O)NC2=O)cc(Br)c1O,5.28,0.0,1
CHEMBL1957,CCOc1cc(/C=C2/SC(=O)NC2=O)cc(Cl)c1OCC,4.3,0.0,1
CHEMBL1957,CCOc1cc(Br)cc(/C=C2\SC(=O)NC2=O)c1O,5.48,0.0,1
CHEMBL1957,CCOc1cc(C(=O)NC2CCN(C)CC2)ccc1Nc1ncc2c(n1)-c1c(nn(C)c1-c1ccccc1)CC2,7.89,0.0,1
CHEMBL1957,CCOc1cc(C(=O)NC2CCN(C)CC2)ccc1Nc1ncc2c(n1)-c1c(nn(C)c1Cc1ccccc1)CC2,8.3,0.0,1
CHEMBL1957,CCOc1cc(C(=O)NC2CCN(C3CC3)CC2)ccc1Nc1ncc2c(n1)-c1c(nn(C)c1-c1ccccc1)CC2,7.36,0.0,1
CHEMBL1957,CCOc1cc(C(=O)NC2CCN(C3CC3)CC2)ccc1Nc1ncc2c(n1)-c1c(nn(C)c1Cc1ccccc1)CC2,8.3,0.0,1
CHEMBL1957,CCOc1cc(C(=O)NC2CCN(C3CCOCC3)CC2)ccc1Nc1ncc2c(n1)-c1c(nn(C)c1-c1ccccc1)CC2,7.68,0.0,1
CHEMBL1957,CCOc1cc(C(=O)NC2CN(C)C2)ccc1Nc1ncc2c(n1)-c1c(nn(C)c1-c1ccccc1)CC2,7.77,0.0,1
CHEMBL1957,CCOc1cc(C(=O)NC2CN(C)C2)ccc1Nc1ncc2c(n1)-c1c(nn(C)c1Cc1ccccc1)CC2,9.24,0.0,1
CHEMBL1957,CCOc1cc(C(=O)N[C@H]2CC[C@H](N3CCOCC3)CC2)ccc1Nc1ncc2c(n1)-c1c(nn(C)c1-c1ccccc1)CC2,7.77,0.0,1
CHEMBL1957,CCOc1cc(C(=O)O)ccc1Nc1ncc2c(n1)-c1c(nn(C)c1-c1ccccc1)CC2,6.55,0.0,1
CHEMBL1957,CCOc1cc(C(=O)O)ccc1Nc1ncc2c(n1)-c1c(nn(C)c1C(C)c1ccccc1)CC2,6.61,0.0,1
CHEMBL1957,CCOc1cc(N2CCC(N3CCN(C)CC3)CC2)ccc1Nc1ncc(Cl)c(Nc2ccccc2P(C)(C)=O)n1,6.99,0.0,1
CHEMBL1957,CCOc1cc(N2CCN(C(=O)N(C)C)CC2)ccc1Nc1ncc2c(n1)-c1c(nn(C)c1Cc1ccccc1)CC2,8.7,0.0,1
CHEMBL1957,CCOc1cc(N2CCN(C(C)=O)CC2)ccc1Nc1ncc2c(n1)-c1c(nn(C)c1Cc1ccccc1)CC2,8.4,0.0,1
CHEMBL1957,CCOc1cc(N2CCN(C(C)C)CC2)ccc1Nc1ncc2c(n1)-c1c(nn(C)c1Cc1ccccc1)CC2,9.59,0.0,1
CHEMBL1957,CCOc1cc(N2CCN(C)CC2)ccc1Nc1ncc2c(n1)-c1c(nn(C)c1Cc1ccccc1)CC2,9.51,0.0,1
CHEMBL1957,CCOc1cc(N2CCN(C3CCOCC3)CC2)ccc1Nc1ncc2c(n1)-c1c(nn(C)c1Cc1ccccc1)CC2,9.37,0.0,1
CHEMBL1957,CCOc1cc(N2CCN(S(C)(=O)=O)CC2)ccc1Nc1ncc2c(n1)-c1c(nn(C)c1Cc1ccccc1)CC2,7.85,0.0,1
CHEMBL1957,CCOc1cc(N2CCNCC2)ccc1Nc1ncc2c(n1)-c1c(nn(C)c1Cc1ccccc1)CC2,9.2,0.0,1
CHEMBL1957,CCOc1cc2c(cc1/C=C1\SC(=O)NC1=O)OCO2,5.0,0.0,1
CHEMBL1957,CCOc1cc2ncc(C#N)c(Nc3ccc(OCc4ccccc4)cc3)c2cc1NC(=O)/C=C/c1cccnc1,6.04,0.0,1
CHEMBL1957,CCOc1ccc(/C=C2/SC(=O)NC2=O)cc1OC,4.78,0.0,1
CHEMBL1957,CCOc1ccc(/C=C2/SC(=O)NC2=O)cc1OCC(=O)OC,4.55,0.0,1
CHEMBL1957,CCOc1ccc(/C=C2\SC(=O)NC2=O)cc1OCC(C)C,4.19,0.0,1
CHEMBL1957,CCOc1cccc(/C=C2/SC(=O)NC2=O)c1O,5.07,0.0,1
CHEMBL1957,CCOc1ccccc1Nc1ncc2c(n1)-c1c(nn(C)c1-c1ccccc1)CC2,6.58,0.0,1
CHEMBL1957,CCOc1nn(C2CCN(C(C)=O)CC2)cc1Nc1ncc(Cl)c(-c2cnn3ccccc23)n1,7.82,0.0,1
CHEMBL1957,CCP(=O)(CC)c1ccccc1Nc1nc(Nc2ccc(N3CCC(N4CCN(C)CC4)CC3)cc2OC)ncc1Cl,7.35,0.0,1
CHEMBL1957,CCS(=O)(=O)CCn1ccc(Nc2ncc3c(n2)-c2c(nn(C)c2Cc2cccc(-c4cnn(C)c4)c2)CC3)n1,9.66,0.0,1
CHEMBL1957,CCc1c(Nc2ncc(Cl)c(-c3cnn4ccccc34)n2)cnn1C1CCN(C(C)=O)CC1,7.41,0.0,1
CHEMBL1957,CCc1c2c(nn1C)CCc1cnc(Nc3cc(Cl)c(C(=O)NC4CCN(C)CC4)cc3OC)nc1-2,7.58,0.0,1
CHEMBL1957,CCc1cc(Nc2nc(NCc3ccc(Cl)cc3OC)nc3cccc(C)c23)n[nH]1,5.24,0.0,1
CHEMBL1957,CCc1cc(Nc2nc(NCc3ccc(Cl)cc3OC)nc3cccc(OC)c23)n[nH]1,5.04,0.0,1
CHEMBL1957,CCc1cc(Nc2nc(N[C@@H](C)c3ccc(Cl)cn3)nc3cccc(OC)c23)n[nH]1,5.82,0.0,1
CHEMBL1957,CCc1cc(Nc2nc(N[C@@H](C)c3ccc(F)cn3)nc3cccc(C)c23)n[nH]1,6.77,0.0,1
CHEMBL1957,CCc1cc(Nc2nc(N[C@@H](C)c3ccc(F)cn3)nc3cccc(OC)c23)n[nH]1,5.3,0.0,1
CHEMBL1957,CCc1cc(Nc2nccc(-c3c(-c4ccc(OC)c(C(=O)Nc5c(F)cccc5F)c4)nc4ccccn34)n2)c(OC)cc1N1CCC(N2CCN(S(C)(=O)=O)CC2)CC1,7.405,0.23334523779156074,2
CHEMBL1957,CCc1ccc(/C=C2\SC(=O)NC2=O)cc1,4.96,0.0,1
CHEMBL1957,CCc1ccccc1Nc1ncc2c(n1)-c1c(nn(C)c1-c1ccccc1)CC2,6.39,0.0,1
CHEMBL1957,CCc1nn(C2CCN(C(C)=O)CC2)cc1Nc1ncc(Cl)c(-c2cnn3ccccc23)n1,7.51,0.0,1
CHEMBL1957,CCn1c(Sc2ccc(Nc3c(C#N)cnc4cc(NCCCN(C)C)c(OC)cc34)cc2Cl)nc(C)c1C,8.0,0.0,1
CHEMBL1957,CCn1c(Sc2ccc(Nc3c(C#N)cnc4cc(NCCCN(CCO)CCO)c(OC)cc34)cc2Cl)nc(C)c1C,7.58,0.0,1
CHEMBL1957,CCn1c(Sc2ccc(Nc3c(C#N)cnc4cc(NCCCN5CCN(C)CC5)c(OC)cc34)cc2Cl)nc(C)c1C,7.8,0.0,1
CHEMBL1957,CCn1c(Sc2ccc(Nc3c(C#N)cnc4cc(NCCCN5CCOCC5)c(OC)cc34)cc2Br)nc(C)c1C,7.7,0.0,1
CHEMBL1957,CCn1c(Sc2ccc(Nc3c(C#N)cnc4cc(NCCCc5ccccc5)c(OC)cc34)cc2Cl)nc(C)c1C,4.86,0.0,1
CHEMBL1957,CCn1c(Sc2ccc(Nc3c(C#N)cnc4cc(OCCCN(C)C)c(OC)cc34)cc2Cl)nc(C)c1C,7.52,0.0,1
CHEMBL1957,CCn1c(Sc2ccc(Nc3c(C#N)cnc4cc(OCCCN(C)CC(O)CO)c(OC)cc34)cc2Cl)nc(C)c1C,7.85,0.0,1
CHEMBL1957,CCn1c(Sc2ccc(Nc3c(C#N)cnc4cc(OCCCN(C)CCC5OCCO5)c(OC)cc34)cc2Cl)nc(C)c1C,7.89,0.0,1
CHEMBL1957,CCn1c(Sc2ccc(Nc3c(C#N)cnc4cc(OCCCN(C)CCO)c(OC)cc34)cc2Cl)nc(C)c1C,7.85,0.0,1
CHEMBL1957,CCn1c(Sc2ccc(Nc3c(C#N)cnc4cc(OCCCN(CCO)C(C)(C)C)c(OC)cc34)cc2Cl)nc(C)c1C,7.62,0.0,1
CHEMBL1957,CCn1c(Sc2ccc(Nc3c(C#N)cnc4cc(OCCCN5CCC(O)C5)c(OC)cc34)cc2Cl)nc(C)c1C,7.7,0.0,1
CHEMBL1957,CCn1c(Sc2ccc(Nc3c(C#N)cnc4cc(OCCCN5CCC(O)CC5)c(OC)cc34)cc2Cl)nc(C)c1C,7.33,0.0,1
CHEMBL1957,CCn1c(Sc2ccc(Nc3c(C#N)cnc4cc(OCCCN5CCCC5)c(OC)cc34)cc2Cl)nc(C)c1C,7.17,0.0,1
CHEMBL1957,CCn1c(Sc2ccc(Nc3c(C#N)cnc4cc(OCCCN5CCN(C(C)=O)CC5)c(OC)cc34)cc2Cl)nc(C)c1C,7.8,0.0,1
CHEMBL1957,CCn1c(Sc2ccc(Nc3c(C#N)cnc4cc(OCCCN5CCN(CCO)CC5)c(OC)cc34)cc2Cl)nc(C)c1C,7.96,0.0,1
CHEMBL1957,CCn1c(Sc2ccc(Nc3c(C#N)cnc4cc(OCCCN5CCOCC5)c(OC)cc34)cc2Cl)nc(C)c1C,7.82,0.0,1
CHEMBL1957,CCn1c(Sc2ccc(Nc3c(C#N)cnc4cc(OCCCNS(=O)(=O)c5ccccc5)c(OC)cc34)cc2Cl)nc(C)c1C,5.41,0.0,1
CHEMBL1957,CCn1c(Sc2ccc(Nc3c(C#N)cnc4cc(OCCCNS(C)(=O)=O)c(OC)cc34)cc2Cl)nc(C)c1C,7.51,0.0,1
CHEMBL1957,CCn1cc(-c2ccc(-c3c4c(nn3C)CC(C)c3cnc(Nc5ccn(C)n5)nc3-4)cc2)cn1,9.39,0.0,1
CHEMBL1957,CCn1cc(-c2ccc(-c3c4c(nn3C)CCc3cnc(Nc5ccc(C(=O)O)cc5OC)nc3-4)cc2)cn1,9.0,0.0,1
CHEMBL1957,CCn1cc(-c2ccc(-c3c4c(nn3C)CCc3cnc(Nc5ccn(CC(=O)N(C)C)n5)nc3-4)cc2)cn1,9.21,0.0,1
CHEMBL1957,CCn1cc(-c2ccc(-c3c4c(nn3C)CCc3cnc(Nc5ccn(CC)n5)nc3-4)cc2)cn1,9.11,0.0,1
CHEMBL1957,CCn1cc(-c2ccc(-c3c4c(nn3C)CCc3cnc(Nc5ccn(CCN(C)C)n5)nc3-4)cc2)cn1,9.74,0.0,1
CHEMBL1957,CCn1cc(-c2ccc(-c3c4c(nn3C)CCc3cnc(Nc5ccn(CCOC)n5)nc3-4)cc2)cn1,9.0,0.0,1
CHEMBL1957,CCn1cc(-c2cccc(Cc3c4c(nn3C)CCc3cnc(Nc5ccn(C)n5)nc3-4)c2)cn1,9.23,0.0,1
CHEMBL1957,CCn1cc(-c2cccc(Cc3c4c(nn3C)CCc3cnc(Nc5ccn(CC)n5)nc3-4)c2)cn1,9.31,0.0,1
CHEMBL1957,CCn1cc(-c2ccnc3[nH]ccc23)c(-c2ccc(NC(=O)Nc3ccccc3)cc2)n1,6.8,0.0,1
CHEMBL1957,CCn1cc(Nc2ncc3c(n2)-c2c(nn(C)c2-c2ccc(-c4cnn(C)c4)cc2)CC3)cn1,9.8,0.0,1
CHEMBL1957,CCn1cc(Nc2ncc3c(n2)-c2c(nn(C)c2-c2ccc(-c4cnn(C)c4)nc2)CC3)cn1,8.52,0.0,1
CHEMBL1957,CCn1ccc(Nc2ncc3c(n2)-c2c(nn(C)c2-c2ccc(-c4c(C)n[nH]c4C)cc2)CC3)n1,8.3,0.0,1
CHEMBL1957,CCn1ccc(Nc2ncc3c(n2)-c2c(nn(C)c2-c2ccc(-c4c(C)noc4C)cc2)CC3)n1,7.82,0.0,1
CHEMBL1957,CCn1ccc(Nc2ncc3c(n2)-c2c(nn(C)c2-c2ccc(-c4c[nH]nc4C)cc2)CC3)n1,8.52,0.0,1
CHEMBL1957,CCn1ccc(Nc2ncc3c(n2)-c2c(nn(C)c2-c2ccc(-c4cnn(C(C)C)c4)cc2)CC3)n1,9.46,0.0,1
CHEMBL1957,CCn1ccc(Nc2ncc3c(n2)-c2c(nn(C)c2-c2ccc(-c4cnn(C)c4)cc2)CC3)n1,9.42,0.0,1
CHEMBL1957,CCn1ccc(Nc2ncc3c(n2)-c2c(nn(C)c2-c2ccc(-c4cnn(C)c4)cc2Cl)CC3)n1,9.51,0.0,1
CHEMBL1957,CCn1ccc(Nc2ncc3c(n2)-c2c(nn(C)c2-c2ccc(-c4cnn(C)c4C)cc2)CC3)n1,8.7,0.0,1
CHEMBL1957,CCn1ccc(Nc2ncc3c(n2)-c2c(nn(C)c2-c2ccc(-c4cnn(C5CCNCC5)c4)cc2)CC3)n1,9.8,0.0,1
CHEMBL1957,CCn1ccc(Nc2ncc3c(n2)-c2c(nn(C)c2-c2ccc(-c4cnn(CC(=O)N(C)C)c4)cc2)CC3)n1,9.68,0.0,1
CHEMBL1957,CCn1ccc(Nc2ncc3c(n2)-c2c(nn(C)c2-c2ccc(-c4cnn(CC(C)C)c4)cc2)CC3)n1,8.7,0.0,1
CHEMBL1957,CCn1ccc(Nc2ncc3c(n2)-c2c(nn(C)c2-c2ccc(-c4cnn(CCCOC)c4)cc2)CC3)n1,9.55,0.0,1
CHEMBL1957,CCn1ccc(Nc2ncc3c(n2)-c2c(nn(C)c2-c2ccc(-c4cnn(CCN(C)C)c4)cc2)CC3)n1,9.89,0.0,1
CHEMBL1957,CCn1ccc(Nc2ncc3c(n2)-c2c(nn(C)c2-c2ccc(-c4cnn(CCN(C)CCOC)c4)cc2)CC3)n1,9.6,0.0,1
CHEMBL1957,CCn1ccc(Nc2ncc3c(n2)-c2c(nn(C)c2-c2ccc(-c4cnn(CCN5CCC(N(C)C)CC5)c4)cc2)CC3)n1,10.05,0.0,1
CHEMBL1957,CCn1ccc(Nc2ncc3c(n2)-c2c(nn(C)c2-c2ccc(-c4cnn(CCN5CCCC5)c4)cc2)CC3)n1,9.96,0.0,1
CHEMBL1957,CCn1ccc(Nc2ncc3c(n2)-c2c(nn(C)c2-c2ccc(-c4cnn(CCN5CCN(C)CC5)c4)cc2)CC3)n1,10.05,0.0,1
CHEMBL1957,CCn1ccc(Nc2ncc3c(n2)-c2c(nn(C)c2-c2ccc(-c4cnn(CCN5CCN(CCO)CC5)c4)cc2)CC3)n1,9.89,0.0,1
CHEMBL1957,CCn1ccc(Nc2ncc3c(n2)-c2c(nn(C)c2-c2ccc(-c4cnn(CCN5CCN(CCOC)CC5)c4)cc2)CC3)n1,9.89,0.0,1
CHEMBL1957,CCn1ccc(Nc2ncc3c(n2)-c2c(nn(C)c2-c2ccc(-c4cnn(CCN5CCNCC5)c4)cc2)CC3)n1,10.0,0.0,1
CHEMBL1957,CCn1ccc(Nc2ncc3c(n2)-c2c(nn(C)c2-c2ccc(-c4cnn(CCN5CCOCC5)c4)cc2)CC3)n1,9.51,0.0,1
CHEMBL1957,CCn1ccc(Nc2ncc3c(n2)-c2c(nn(C)c2-c2ccc(-c4cnn(CCNCCOC)c4)cc2)CC3)n1,9.96,0.0,1
CHEMBL1957,CCn1ccc(Nc2ncc3c(n2)-c2c(nn(C)c2-c2ccc(-c4cnn(CCO)c4)cc2)CC3)n1,9.8,0.0,1
CHEMBL1957,CCn1ccc(Nc2ncc3c(n2)-c2c(nn(C)c2-c2ccc(-c4cnn(CCOC)c4)cc2)CC3)n1,9.66,0.0,1
CHEMBL1957,CCn1ccc(Nc2ncc3c(n2)-c2c(nn(C)c2-c2ccc(-c4cnn(Cc5ccccc5)c4)cc2)CC3)n1,9.26,0.0,1
CHEMBL1957,CCn1ccc(Nc2ncc3c(n2)-c2c(nn(C)c2-c2ccc(F)cc2)CC3)n1,7.23,0.0,1
CHEMBL1957,CCn1ccc(Nc2ncc3c(n2)-c2c(nn(C)c2-c2ccc(OC(F)F)cc2)CC3)n1,8.22,0.0,1
CHEMBL1957,CCn1ccc(Nc2ncc3c(n2)-c2c(nn(C)c2-c2cccc(C)c2)CC3)n1,7.77,0.0,1
CHEMBL1957,CCn1ccc(Nc2ncc3c(n2)-c2c(nn(C)c2-c2cccc(Cl)c2)CC3)n1,8.135,0.5444722215136413,2
CHEMBL1957,CCn1ccc(Nc2ncc3c(n2)-c2c(nn(C)c2-c2cccc(OC)c2)CC3)n1,7.16,0.0,1
CHEMBL1957,CCn1ccc(Nc2ncc3c(n2)-c2c(nn(C)c2-c2ccccc2)CC3)n1,7.85,0.0,1
CHEMBL1957,CCn1ccc(Nc2ncc3c(n2)-c2c(nn(C)c2-c2ccccc2)CC3C)n1,8.3,0.0,1
CHEMBL1957,CCn1ccc(Nc2ncc3c(n2)-c2c(nn(C)c2-c2ccccc2Cl)CC3)n1,8.7,0.0,1
CHEMBL1957,CCn1ccc(Nc2ncc3c(n2)-c2c(nn(C)c2-c2sccc2C)CC3)n1,9.52,0.0,1
CHEMBL1957,CCn1ccc(Nc2ncc3c(n2)-c2c(nn(C)c2-c2sccc2Cl)CC3)n1,9.22,0.0,1
CHEMBL1957,CCn1ccc(Nc2ncc3c(n2)-c2c(nn(C)c2Cc2cccc(-c4cn[nH]c4)c2)CC3)n1,9.43,0.0,1
CHEMBL1957,CCn1ccc(Nc2ncc3c(n2)-c2c(nn(C)c2Cc2cccc(-c4cnn(C)c4)c2)CC3)n1,9.62,0.0,1
CHEMBL1957,CCn1ccc(Nc2ncc3c(n2)-c2c(nn(C)c2Cc2cccc(-c4cnn(CC(C)C)c4)c2)CC3)n1,9.46,0.0,1
CHEMBL1957,CCn1ccc(Nc2ncc3c(n2)-c2c(nn(C)c2Cc2cccc(-c4cnn(CCOC)c4)c2)CC3)n1,10.0,0.0,1
CHEMBL1957,CCn1ccc(Nc2ncc3c(n2)-c2c(nn(C)c2Cc2cccc(-c4cnn(Cc5ccccc5)c4)c2)CC3)n1,9.1,0.0,1
CHEMBL1957,CCn1ccc(Nc2ncc3c(n2)-c2c(nn(C)c2Cc2cccc(C(F)(F)F)c2)CC3)n1,7.66,0.0,1
CHEMBL1957,CCn1ccc(Nc2ncc3c(n2)-c2c(nn(C)c2Cc2cccc(C)c2)CC3)n1,8.3,0.0,1
CHEMBL1957,CCn1ccc(Nc2ncc3c(n2)-c2c(nn(C)c2Cc2cccc(Cl)c2)CC3)n1,8.1,0.0,1
CHEMBL1957,CCn1ccc(Nc2ncc3c(n2)-c2c(nn(C)c2Cc2ccccc2)CC3)n1,8.52,0.0,1
CHEMBL1957,CCn1ccc(Nc2ncc3c(n2)-c2c(nn(C)c2Cc2ccccc2OC)CC3)n1,8.0,0.0,1
CHEMBL1957,CCn1cnc(CCNc2cc[nH]c(=O)c2-c2nc3c(C)cc(N4CCOCC4)cc3[nH]2)c1,6.32,0.0,1
CHEMBL1957,CCn1cnc(CCNc2cc[nH]c(=O)c2-c2nc3c(C)cc(N4CCOCC4)cc3[nH]2)c1Br,6.76,0.0,1
CHEMBL1957,CCn1cnc(CCNc2cc[nH]c(=O)c2-c2nc3c(C)cc(N4CCOCC4)cc3[nH]2)c1Cl,7.08,0.0,1
CHEMBL1957,CCn1nc2c(c1C)-c1nc(Nc3ccc(CN(C)C)cc3)ncc1CC2,6.98,0.0,1
CHEMBL1957,CCn1nc2c(c1C1CC1)-c1nc(Nc3ccc(C(=O)NC4CCN(C)CC4)cc3OC)ncc1CC2,7.68,0.0,1
CHEMBL1957,CCn1nccc1Nc1ncc2c(n1)-c1c(nn(C)c1-c1ccccc1Cl)CC2,7.96,0.0,1
CHEMBL1957,CCn1nccc1Nc1ncc2c(n1)-c1c(nn(C)c1Cc1ccccc1)CC2,7.66,0.0,1
CHEMBL1957,CN(C(=O)[C@@H]1CCCN1c1nc(Nc2cc(C3CC3)[nH]n2)c2cccn2n1)c1ccccc1,6.14,0.0,1
CHEMBL1957,CN(C)C(=O)CCCn1ccc(Nc2ncc3c(n2)-c2c(nn(C)c2Cc2cccc(-c4cnn(C)c4)c2)CC3)n1,9.1,0.0,1
CHEMBL1957,CN(C)C(=O)CN1CCN([C@H]2CC[C@H](n3nc(-c4ccc(Nc5nc6cccc(Cl)c6o5)cc4)c4c(N)ncnc43)CC2)CC1,6.9,0.0,1
CHEMBL1957,CN(C)C(=O)Cn1cc(Nc2ncc3c(n2)-c2c(nn(C)c2-c2ccc(-c4cnn(C)c4)cc2)CC3)cn1,10.0,0.0,1
CHEMBL1957,CN(C)C(=O)Cn1cc(Nc2ncc3c(n2)-c2c(nn(C)c2Cc2ccccc2)CC3)cn1,7.8,0.0,1
CHEMBL1957,CN(C)C(=O)Cn1ccc(Nc2ncc3c(n2)-c2c(nn(C)c2-c2ccc(-c4cnn(C)c4)cc2)CC3)n1,9.29,0.0,1
CHEMBL1957,CN(C)C(=O)Cn1ccc(Nc2ncc3c(n2)-c2c(nn(C)c2-c2ccc(-c4cnn(CCN5CCOCC5)c4)cc2)CC3)n1,9.13,0.0,1
CHEMBL1957,CN(C)C(=O)Cn1ccc(Nc2ncc3c(n2)-c2c(nn(C)c2-c2ccc(-c4cnn(CCO)c4)cc2)CC3)n1,9.04,0.0,1
CHEMBL1957,CN(C)C(=O)Cn1ccc(Nc2ncc3c(n2)-c2c(nn(C)c2-c2ccc(F)cc2)CC3)n1,7.24,0.0,1
CHEMBL1957,CN(C)C(=O)Cn1ccc(Nc2ncc3c(n2)-c2c(nn(C)c2-c2ccccc2)CC3)n1,7.44,0.0,1
CHEMBL1957,CN(C)C(=O)Cn1ccc(Nc2ncc3c(n2)-c2c(nn(C)c2Cc2cccc(-c4cnn(C)c4)c2)CC3)n1,9.0,0.0,1
CHEMBL1957,CN(C)C(=O)Cn1ccc(Nc2ncc3c(n2)-c2c(nn(C)c2Cc2cccc(OC(F)F)c2)CC3)n1,7.68,0.0,1
CHEMBL1957,CN(C)C(=O)Cn1ccc(Nc2ncc3c(n2)-c2c(nn(C)c2Cc2ccccc2Cl)CC3)n1,7.75,0.0,1
CHEMBL1957,CN(C)C(=O)c1cc2cccc(Nc3ncc4c(n3)-c3c(nn(C)c3Cc3ccccc3)CC4)c2s1,7.12,0.0,1
CHEMBL1957,CN(C)C(=O)c1ccc(Nc2ncc(C(F)(F)F)c(N[C@H]3CC[C@@H](N)CC3)n2)cc1,5.99,0.0,1
CHEMBL1957,CN(C)C1CCN(CCn2ccc(Nc3ncc4c(n3)-c3c(nn(C)c3-c3ccccc3)CC4)n2)CC1,9.4,0.0,1
CHEMBL1957,CN(C)CCCNC(=O)Cn1ccc(Nc2ncc3c(n2)-c2c(nn(C)c2-c2ccc(-c4cnn(C)c4)cc2)CC3)n1,9.52,0.0,1
CHEMBL1957,CN(C)CCCNC(=O)c1ccc(Nc2ncc3c(n2)-c2c(nn(C)c2-c2ccccc2Cl)CC3)c(Cl)c1,8.22,0.0,1
CHEMBL1957,CN(C)CCN(C)C(=O)c1ccc(C(=O)Nc2n[nH]c3ccc(Cc4cc(F)cc(F)c4)cc23)c(NC2CCOCC2)c1,6.44,0.0,1
CHEMBL1957,CN(C)CCNC(=O)Cn1ccc(Nc2ncc3c(n2)-c2c(nn(C)c2-c2ccc(-c4cnn(C)c4)cc2)CC3)n1,9.42,0.0,1
CHEMBL1957,CN(C)CCNC(=O)Cn1ccc(Nc2ncc3c(n2)-c2c(nn(C)c2Cc2cccc(-c4cnn(C)c4)c2)CC3)n1,9.24,0.0,1
CHEMBL1957,CN(C)CCNC(=O)c1cc2cccc(Nc3ncc4c(n3)-c3c(nn(C)c3Cc3ccccc3)CC4)c2s1,8.4,0.0,1
CHEMBL1957,CN(C)CCOC(=O)c1cc2cccc(Nc3ncc4c(n3)-c3c(nn(C)c3Cc3ccccc3)CC4)c2s1,7.44,0.0,1
CHEMBL1957,CN(C)CCOc1ccc(/C=C/c2cc(-c3cc4c(=O)[nH]cnc4[nH]3)ccn2)cc1,5.19,0.0,1
CHEMBL1957,CN(C)CCn1cc(Nc2ncc3c(n2)-c2c(nn(C)c2-c2ccc(-c4cnn(C)c4)cc2)CC3)cn1,9.46,0.0,1
CHEMBL1957,CN(C)CCn1cc(Nc2ncc3c(n2)-c2c(nn(C)c2-c2ccc(-c4cnn(C)c4)nc2)CC3)cn1,8.3,0.0,1
CHEMBL1957,CN(C)CCn1cc(Nc2ncc3c(n2)-c2c(nn(C)c2-c2ccc(Cl)cc2)CC3)cn1,8.1,0.0,1
CHEMBL1957,CN(C)CCn1cc(Nc2ncc3c(n2)-c2c(nn(C)c2-c2ccc(OC(F)F)cc2)CC3)cn1,8.22,0.0,1
CHEMBL1957,CN(C)CCn1cc(Nc2ncc3c(n2)-c2c(nn(C)c2Cc2cccc(-c4cnn(C)c4)c2)CC3)cn1,9.34,0.0,1
CHEMBL1957,CN(C)CCn1cc(Nc2ncc3c(n2)-c2c(nn(C)c2Cc2cccc(F)c2)CC3)cn1,7.89,0.0,1
CHEMBL1957,CN(C)CCn1cc(Nc2ncc3c(n2)-c2c(nn(C)c2Cc2ccccc2)CC3)cn1,8.22,0.0,1
CHEMBL1957,CN(C)CCn1ccc(Nc2ncc3c(n2)-c2c(nn(C)c2-c2ccc(-c4cnn(C)c4)cc2)CC3)n1,9.59,0.0,1
CHEMBL1957,CN(C)CCn1ccc(Nc2ncc3c(n2)-c2c(nn(C)c2-c2ccc(-c4cnn(C)c4)nc2)CC3)n1,8.7,0.0,1
CHEMBL1957,CN(C)CCn1ccc(Nc2ncc3c(n2)-c2c(nn(C)c2-c2ccc(-c4cnn(CC(=O)N(C)C)c4)cc2)CC3)n1,9.57,0.0,1
CHEMBL1957,CN(C)CCn1ccc(Nc2ncc3c(n2)-c2c(nn(C)c2-c2ccc(-c4cnn(CCO)c4)cc2)CC3)n1,9.7,0.0,1
CHEMBL1957,CN(C)CCn1ccc(Nc2ncc3c(n2)-c2c(nn(C)c2-c2ccc(F)cc2)CC3)n1,8.22,0.0,1
CHEMBL1957,CN(C)CCn1ccc(Nc2ncc3c(n2)-c2c(nn(C)c2-c2ccc(OC(F)F)cc2)CC3)n1,8.3,0.0,1
CHEMBL1957,CN(C)CCn1ccc(Nc2ncc3c(n2)-c2c(nn(C)c2-c2cccc(Cl)c2)CC3)n1,8.52,0.0,1
CHEMBL1957,CN(C)CCn1ccc(Nc2ncc3c(n2)-c2c(nn(C)c2-c2ccccc2)CC3)n1,8.52,0.0,1
CHEMBL1957,CN(C)CCn1ccc(Nc2ncc3c(n2)-c2c(nn(C)c2-c2sccc2Cl)CC3)n1,9.3,0.0,1
CHEMBL1957,CN(C)CCn1ccc(Nc2ncc3c(n2)-c2c(nn(C)c2Cc2ccc4ccccc4c2)CC3)n1,8.0,0.0,1
CHEMBL1957,CN(C)CCn1ccc(Nc2ncc3c(n2)-c2c(nn(C)c2Cc2cccc(-c4cnn(C)c4)c2)CC3)n1,9.8,0.0,1
CHEMBL1957,CN(C)CCn1ccc(Nc2ncc3c(n2)-c2c(nn(C)c2Cc2cccc(C(F)(F)F)c2)CC3)n1,8.0,0.0,1
CHEMBL1957,CN(C)CCn1ccc(Nc2ncc3c(n2)-c2c(nn(C)c2Cc2cccc(Cl)c2)CC3)n1,8.3,0.0,1
CHEMBL1957,CN(C)CCn1ccc(Nc2ncc3c(n2)-c2c(nn(C)c2Cc2cccc4ccccc24)CC3)n1,8.7,0.0,1
CHEMBL1957,CN(C)CCn1ccc(Nc2ncc3c(n2)-c2c(nn(C)c2Cc2ccccc2)CC3)n1,8.4,0.0,1
CHEMBL1957,CN(C)CCn1ccc(Nc2ncc3c(n2)-c2c(nn(C)c2Cc2ccccc2Cl)CC3)n1,8.399999999999999,0.4242640687119276,2
CHEMBL1957,CN(C)C[C@H]1C[C@@H](c2nc(-c3cccc(OCc4ccccc4)c3)c3c(N)nccn32)C1,6.78,0.0,1
CHEMBL1957,CN(C)S(=O)(=O)N1CCC(n2cc(Nc3ncc4c(n3)-c3c(nn(C)c3-c3ccc(-c5cnn(C)c5)cc3)CC4)cn2)CC1,9.47,0.0,1
CHEMBL1957,CN(C)[C@H]1CCN(C(=O)Cn2ccc(Nc3ncc4c(n3)-c3c(nn(C)c3-c3ccc(-c5cnn(C)c5)cc3)CC4)n2)C1,9.62,0.0,1
CHEMBL1957,CN(C)c1ccc(CCCCCn2c3c(c4cc(OCCc5ccc(O)cc5)ccc42)CC(N)CC3)cc1,5.56,0.0,1
CHEMBL1957,CN(C[C@H]1C[C@@H](C2=NC(c3cccc(OCc4ccccc4)c3)C3C(N)=NC=CN23)C1)N1CCNCC1,6.58,0.0,1
CHEMBL1957,CN(Cc1cc(O)c(O)c(O)c1)C(=S)/C=C/c1cc(O)c(O)c(Br)c1,6.77,0.0,1
CHEMBL1957,CN1C(=O)[C@@H](N2CCc3c(nn(Cc4ccccc4)c3Br)C2=O)COc2ccccc21,6.0,0.0,1
CHEMBL1957,CN1C(=O)[C@@H](N2CCc3cn(CC4CCS(=O)(=O)CC4)nc3C2=O)COc2ccccc21,6.0,0.0,1
CHEMBL1957,CN1C(=O)[C@@H](N2CCc3cn(Cc4ccccc4)nc3C2=O)COc2ccccc21,6.0,0.0,1
CHEMBL1957,CN1CCC(N2CCC(n3nc(-c4ccc(Nc5nc6cccc(Cl)c6o5)cc4)c4c(N)ncnc43)CC2)CC1,6.97,0.0,1
CHEMBL1957,CN1CCC(NC(=O)c2ccc(Nc3ncc4c(n3)-c3c(nn(C)c3Cc3ccccc3)CC4)c(Cl)c2)CC1,8.7,0.0,1
CHEMBL1957,CN1CCC(Nc2cc(N3CCN(C)CC3)ccc2C(=O)Nc2n[nH]c3ccc(Cc4cc(F)cc(F)c4)cc23)CC1,6.68,0.0,1
CHEMBL1957,CN1CCC(Oc2ccc(C(=O)Nc3n[nH]c4ccc(Cc5cc(F)cc(F)c5)cc34)c(NC3CCOCC3)c2)CC1,6.74,0.0,1
CHEMBL1957,CN1CCN(CCO/N=C2/C(=C3/C(=O)Nc4ccccc43)Nc3ccccc32)CC1,6.77,0.0,1
CHEMBL1957,CN1CCN(CCc2ccc(NC(=O)c3cc(-c4ccc5c(c4)OCO5)cnc3O)cc2)CC1,5.16,0.0,1
CHEMBL1957,CN1CCN(CCn2ccc(Nc3ncc4c(n3)-c3c(nn(C)c3-c3ccc(-c5cnn(C)c5)cc3)CC4)n2)CC1,10.3,0.0,1
CHEMBL1957,CN1CCN(CCn2ccc(Nc3ncc4c(n3)-c3c(nn(C)c3-c3ccccc3)CC4)n2)CC1,9.0,0.0,1
CHEMBL1957,CN1CCN(CCn2ccc(Nc3ncc4c(n3)-c3c(nn(C)c3Cc3cccc(-c5cnn(C)c5)c3)CC4)n2)CC1,9.77,0.0,1
CHEMBL1957,CN1CCN(Cc2ccc(-c3cnc4[nH]cc(-c5ccc6[nH]ccc6c5)c4c3)cc2)CC1,6.51,0.0,1
CHEMBL1957,CN1CCN([C@H]2CC[C@@H](n3nc(-c4ccc(Nc5nc6cc(Cl)cc(Cl)c6o5)cc4)c4c(N)ncnc43)CC2)CC1,6.23,0.0,1
CHEMBL1957,CN1CCN([C@H]2CC[C@@H](n3nc(-c4ccc(Nc5nc6cc(Cl)ccc6o5)c(F)c4)c4c(N)ncnc43)CC2)CC1,6.38,0.0,1
CHEMBL1957,CN1CCN([C@H]2CC[C@@H](n3nc(-c4ccc(Nc5nc6cccc(C#N)c6o5)cc4)c4c(N)ncnc43)CC2)CC1,6.95,0.0,1
CHEMBL1957,CN1CCN([C@H]2CC[C@@H](n3nc(-c4ccc(Nc5nc6cccc(Cl)c6o5)c(F)c4)c4c(N)ncnc43)CC2)CC1,7.14,0.0,1
CHEMBL1957,CN1CCN([C@H]2CC[C@@H](n3nc(-c4ccc(Nc5nc6cccc(Cl)c6o5)cc4)c4c(N)ncnc43)CC2)CC1,7.11,0.0,1
CHEMBL1957,CN1CCN([C@H]2CC[C@@H](n3nc(-c4ccc(Nc5nc6ccccc6o5)cc4)c4c(N)ncnc43)CC2)CC1,6.09,0.0,1
CHEMBL1957,CN1CCN([C@H]2CC[C@H](n3nc(-c4ccc(Nc5nc6cccc(Cl)c6o5)c(Cl)c4)c4c(N)ncnc43)CC2)CC1,7.31,0.0,1
CHEMBL1957,CN1CCN([C@H]2CC[C@H](n3nc(-c4ccc(Nc5nc6cccc(Cl)c6o5)c(F)c4)c4c(N)ncnc43)CC2)CC1,8.12,0.0,1
CHEMBL1957,CN1CCN([C@H]2CC[C@H](n3nc(-c4ccc(Nc5nc6cccc(Cl)c6o5)cc4)c4c(N)ncnc43)CC2)CC1,7.9,0.0,1
CHEMBL1957,CN1CCN([C@H]2CC[C@H](n3nc(-c4ccc(Nc5nc6cccc(Cl)c6o5)cc4Cl)c4c(N)ncnc43)CC2)CC1,8.39,0.0,1
CHEMBL1957,CN1CCN([C@H]2C[C@@H](c3nc(-c4ccc5ccc(-c6ccccc6)nc5c4)c4c(N)nccn43)C2)CC1,7.62,0.0,1
CHEMBL1957,CN1CCN(c2ccc(C(=O)Nc3n[nH]c4c3CN(S(=O)(=O)c3cc(F)cc(F)c3)CC4)c(NC(=O)c3ccc[nH]3)c2)CC1,7.31,0.0,1
CHEMBL1957,CN1CCN(c2ccc(C(=O)Nc3n[nH]c4c3CN(S(=O)(=O)c3cc(F)cc(F)c3)CC4)cc2)CC1,5.994999999999999,0.6717514421272199,2
CHEMBL1957,CN1CCN(c2ccc(C(=O)Nc3n[nH]c4ccc(Cc5cc(F)cc(F)c5)cc34)c(N)c2)CC1,5.88,0.0,1
CHEMBL1957,CN1CCN(c2ccc(C(=O)Nc3n[nH]c4ccc(Cc5cc(F)cc(F)c5)cc34)c(NC3CCCCC3)c2)CC1,5.22,0.0,1
CHEMBL1957,CN1CCN(c2ccc(C(=O)Nc3n[nH]c4ccc(Cc5cc(F)cc(F)c5)cc34)c(NC3CCOCC3)c2)CC1,6.745,0.23334523779156074,2
CHEMBL1957,CN1CCN(c2ccc(C(=O)Nc3n[nH]c4ccc(Cc5cc(F)cc(F)c5)cc34)c(NCC3CN(C)C3)c2)CC1,6.61,0.0,1
CHEMBL1957,CN1CCN(c2ccc(C(=O)Nc3n[nH]c4ccc(Cc5cc(F)cc(F)c5)cc34)c(NCCF)c2)CC1,6.57,0.0,1
CHEMBL1957,CN1CCN(c2ccc(C(=O)Nc3n[nH]c4ccc(Cc5cc(F)cc(F)c5)cc34)c(N[C@H]3CC[C@@H](O)CC3)c2)CC1,6.12,0.0,1
CHEMBL1957,CN1CCN(c2ccc(C(=O)Nc3n[nH]c4ccc(Cc5cc(F)cc(F)c5)cc34)c(N[C@H]3CC[C@H](O)CC3)c2)CC1,6.91,0.0,1
CHEMBL1957,CN1CCN(c2ccc(C(=O)Nc3n[nH]c4ccc(Cc5cc(F)cc(F)c5)cc34)cc2)CC1,5.734999999999999,0.14849242404917526,2
CHEMBL1957,CN1CCN(c2ccc(C(=O)Nc3n[nH]c4ccc(Cc5cccc(F)c5)cc34)c(NC3CCOCC3)c2)CC1,6.695,0.007071067811865324,2
CHEMBL1957,CN1CCN(c2ccc(C(=O)Nc3n[nH]c4ccc(Cc5ccccc5)cc34)c(NC3CCOCC3)c2)CC1,6.045,0.007071067811865324,2
CHEMBL1957,CN1CCN(c2ccc(NC(=O)c3cc(-c4ccc5c(c4)OCO5)cnc3O)cc2)CC1,4.82,0.0,1
CHEMBL1957,CN1CCN(c2ccc(Nc3cc(-c4c[nH]c5ccccc45)ncn3)cc2)CC1,5.62,0.0,1
CHEMBL1957,CN1CCN(c2ccc(Nc3ncc(Cl)c(-c4c[nH]c5cnccc45)n3)cc2)CC1,7.52,0.0,1
CHEMBL1957,CNC(=O)CN1CCC(n2nc(C)c(Nc3ncc(Cl)c(-c4cnn5ccccc45)n3)c2C)CC1,7.92,0.0,1
CHEMBL1957,CNC(=O)CN1CCN(c2cc(C)c3nc(-c4c(NC[C@@H](O)c5cccc(Cl)c5)cc[nH]c4=O)[nH]c3c2)CC1,7.42,0.0,1
CHEMBL1957,CNC(=O)CN1CCN(c2ccc(Nc3ncc(Cl)c(Nc4ccccc4P(C)(C)=O)n3)c(OC)c2)CC1,6.9,0.0,1
CHEMBL1957,CNC(=O)Cn1ccc(Nc2ncc3c(n2)-c2c(nn(C)c2-c2ccc(-c4cnn(C)c4)cc2)CC3)n1,9.41,0.0,1
CHEMBL1957,CNC(=O)[C@H]1CC[C@H](c2nc(-c3cccc(OCc4ccccc4)c3)c3c(N)nccn32)CC1,6.98,0.0,1
CHEMBL1957,CNC(=O)c1c(F)cccc1Nc1nc(Nc2cc3c(cc2OC)CCN3C(=O)CN(C)C)nc2[nH]ccc12,7.426666666666667,1.1377316613917943,3
CHEMBL1957,CNC(=O)c1cc(Oc2ccc3oc(Nc4ccc(Cl)c(OC[C@@H]5CCCN5C)c4)nc3c2)ccn1,5.4,0.0,1
CHEMBL1957,CNC(=O)c1cc2cccc(Nc3ncc4c(n3)-c3c(nn(C)c3Cc3ccccc3)CC4)c2s1,7.68,0.0,1
CHEMBL1957,CNC(=O)c1ccc(Nc2ncc3c(n2)-c2c(nn(C)c2-c2ccc(-c4cnn(C)c4)cc2)CC3)c(OC)c1,9.74,0.0,1
CHEMBL1957,CNC(=O)c1ccc(Nc2ncc3c(n2)-c2c(nn(C)c2-c2ccccc2)CC3)c(OC)c1,7.82,0.0,1
CHEMBL1957,CNC(=O)c1ccc(Nc2ncc3c(n2)-c2c(nn(C)c2Cc2cccc(-c4cnn(C)c4)c2)CC3)c(OC)c1,9.82,0.0,1
CHEMBL1957,CNC(=O)c1ccccc1Nc1nc(Nc2ccc(N3CCOCC3)cc2)ncc1Cl,6.85,0.0,1
CHEMBL1957,CNC(=O)c1ccccc1Nc1nc(Nc2ccc(N3CCOCC3)cc2OC)ncc1Cl,6.824999999999999,0.03535533905932756,2
CHEMBL1957,CNC(=O)c1cscc1Nc1nc(Nc2cc3c(cc2OC)CCN3C(=O)CN(C)C)nc2[nH]ccc12,8.149999999999999,0.7778174593052014,2
CHEMBL1957,CNC1CC2OC(C)(C1OC)n1c3ccccc3c3c4c(c5c6ccccc6n2c5c31)C(=O)NC4,7.15,0.0,1
CHEMBL1957,CNC1CCN(c2cc(C)c3nc(-c4c(NC[C@@H](O)c5cccc(Cl)c5)cc[nH]c4=O)[nH]c3c2)CC1,7.85,0.0,1
CHEMBL1957,CNCC(=O)N1CCC(n2nc(C)c(Nc3ncc(Cl)c(-c4cnn5ccccc45)n3)c2C)CC1,8.22,0.0,1
CHEMBL1957,CNCC(=O)N1CCN(c2ccc(Nc3ncc(Cl)c(-c4cnc5ccccn45)n3)c(OC)c2)CC1,8.4,0.0,1
CHEMBL1957,CNCC(=O)N1CCc2cc(OC)c(Nc3nc(Nc4cccc(F)c4C(N)=O)c4cc[nH]c4n3)cc21,7.8999999999999995,1.1313708498984758,2
CHEMBL1957,CN[C@@H]1C[C@H]2O[C@@](C)([C@@H]1OC)n1c3ccccc3c3c4c(c5c6ccccc6n2c5c31)C(=O)NC4,7.241,0.41415107281173513,10
CHEMBL1957,CNc1ncnc(-c2cccnc2Oc2cc(NC(=O)c3cccc(OC(F)(F)C(F)F)c3)ccc2C)n1,4.6,0.0,1
CHEMBL1957,CNc1ncnc(-c2cccnc2Oc2ccc(F)c(C(=O)Nc3cc(C(F)(F)F)ccc3N(C)CCCN(C)C)c2)n1,6.03,0.0,1
CHEMBL1957,COC(=O)N1CCN(C2CCN(c3cc(C)c4nc(-c5c(NC[C@@H](O)c6cccc(Cl)c6)cc[nH]c5=O)[nH]c4c3)CC2)CC1,7.09,0.0,1
CHEMBL1957,COC(=O)N1CCN(c2cc(C)c3nc(-c4c(NC[C@@H](O)c5cccc(Cl)c5)cc[nH]c4=O)[nH]c3c2)CC1,6.76,0.0,1
CHEMBL1957,COC(=O)N1CCN(c2ccc(Nc3ncc(Cl)c(-c4cnc5ccccn45)n3)c(OC)c2)CC1,7.57,0.0,1
CHEMBL1957,COC(=O)NC1CCN(c2cc(C)c3nc(-c4c(NC[C@@H](O)c5cccc(Cl)c5)cc[nH]c4=O)[nH]c3c2)CC1,7.16,0.0,1
CHEMBL1957,COC(=O)c1cc(O)c(O)c(C[C@]2(C)[C@@H](C)CC[C@@]3(C)C(C)=CCC[C@@H]23)c1,4.93,0.0,1
CHEMBL1957,COC(=O)c1cc2cccc(Nc3ncc4c(n3)-c3c(nn(C)c3Cc3ccccc3)CC4)c2o1,7.89,0.0,1
CHEMBL1957,COC(=O)c1cc2cccc(Nc3ncc4c(n3)-c3c(nn(C)c3Cc3ccccc3)CC4)c2s1,7.85,0.0,1
CHEMBL1957,COC(=O)c1ccc(Nc2ncc3c(n2)-c2c(nn(C)c2-c2ccccc2C)CC3)c(OC)c1,7.14,0.0,1
CHEMBL1957,COC(=O)c1ccc(Nc2ncc3c(n2)-c2c(nn(C)c2-c2ccccc2Cl)CC3)c(OC)c1,7.6,0.0,1
CHEMBL1957,COC(=O)c1cccc2nc(Nc3ccc(-c4nn([C@H]5CC[C@@H](N6CCN(C)CC6)CC5)c5ncnc(N)c45)cc3)oc12,6.75,0.0,1
CHEMBL1957,COC(=O)c1cnn(CCNc2cc[nH]c(=O)c2-c2nc3c(C)cc(N4CCOCC4)cc3[nH]2)c1,7.04,0.0,1
CHEMBL1957,COC(CNc1cc[nH]c(=O)c1-c1nc2c(C)cc(-n3ccnc3)cc2[nH]1)c1cccc(Cl)c1,5.44,0.0,1
CHEMBL1957,COC1CCN(c2cc(C)c3nc(-c4c(NC[C@@H](O)c5cccc(Cl)c5)cc[nH]c4=O)[nH]c3c2)CC1,6.66,0.0,1
CHEMBL1957,COC1OC(=O)c2c(O)c(O)c(O)c(C)c21,5.69,0.0,1
CHEMBL1957,COCC(=O)N1CCC(n2nc(C)c(Nc3ncc(Cl)c(-c4cnn5ccccc45)n3)c2C)CC1,7.92,0.0,1
CHEMBL1957,COCC(=O)N1CCN(C2CCN(c3cc(C)c4nc(-c5c(NC[C@@H](O)c6cccc(Cl)c6)cc[nH]c5=O)[nH]c4c3)CC2)CC1,7.92,0.0,1
CHEMBL1957,COCC(=O)N1CCN(c2cc(C)c3nc(-c4c(NC[C@@H](O)c5cccc(Cl)c5)cc[nH]c4=O)[nH]c3c2)CC1,7.55,0.0,1
CHEMBL1957,COCCCN1CCC(N2CCC(n3nc(-c4ccc(Nc5nc6cccc(Cl)c6o5)cc4)c4c(N)ncnc43)CC2)CC1,6.55,0.0,1
CHEMBL1957,COCCCN1CCC([C@H]2CC[C@H](n3nc(-c4ccc5nc(Cc6ccccc6Cl)[nH]c5c4)c4c(N)ncnc43)CC2)CC1,7.09,0.0,1
CHEMBL1957,COCCCN1CCN([C@H]2CC[C@@H](n3nc(-c4ccc(Nc5nc6cccc(Cl)c6o5)cc4)c4c(N)ncnc43)CC2)CC1,6.37,0.0,1
CHEMBL1957,COCCCN1CCN([C@H]2CC[C@H](n3nc(-c4ccc(Nc5nc6cccc(Cl)c6o5)cc4)c4c(N)ncnc43)CC2)CC1,7.14,0.0,1
CHEMBL1957,COCCCN1CCN([C@H]2CC[C@H](n3nc(-c4ccc5nc(Cc6ccccc6OC)[nH]c5c4)c4c(N)ncnc43)CC2)CC1,7.09,0.0,1
CHEMBL1957,COCCCNC(=O)c1ccc(Nc2ncc3c(n2)-c2c(nn(C)c2-c2ccc(-c4cnn(C)c4)cc2)CC3)c(OC)c1,9.42,0.0,1
CHEMBL1957,COCCCn1cc(-c2ccc(-c3c4c(nn3C)CCc3cnc(Nc5ccn(CCN(C)C)n5)nc3-4)cc2)cn1,9.6,0.0,1
CHEMBL1957,COCCCn1ccc(Nc2ncc3c(n2)-c2c(nn(C)c2Cc2cccc(-c4cnn(C)c4)c2)CC3)n1,9.43,0.0,1
CHEMBL1957,COCCN(C)C(=O)Cn1ccc(Nc2ncc3c(n2)-c2c(nn(C)c2-c2ccc(-c4cnn(C)c4)cc2)CC3)n1,9.29,0.0,1
CHEMBL1957,COCCN(C)C(=O)c1ccc(Nc2ncc3c(n2)-c2c(nn(C)c2-c2ccc(-c4cnn(C)c4)cc2)CC3)c(OC)c1,9.66,0.0,1
CHEMBL1957,COCCN(C)CCn1ccc(Nc2ncc3c(n2)-c2c(nn(C)c2-c2ccccc2)CC3)n1,8.52,0.0,1
CHEMBL1957,COCCN(CCOC)C1CCN(c2cc(C)c3nc(-c4c(NC[C@@H](O)c5cccc(Cl)c5)cc[nH]c4=O)[nH]c3c2)CC1,7.43,0.0,1
CHEMBL1957,COCCN1CCC(NC(=O)c2cc(OC)c(Nc3ncc4c(n3)-c3c(nn(C)c3C(C)C)CC4)cc2C)CC1,7.96,0.0,1
CHEMBL1957,COCCN1CCC(NC(=O)c2cc(OC)c(Nc3ncc4c(n3)-c3c(nn(C)c3C(C)C)CC4)cc2Cl)CC1,8.1,0.0,1
CHEMBL1957,COCCN1CCC(NC(=O)c2ccc(Nc3ncc4c(n3)-c3c(nn(C)c3-c3ccc(-c5cnn(C)c5)cc3)CC4)c(OC)c2)CC1,9.85,0.0,1
CHEMBL1957,COCCN1CCC(NC(=O)c2ccc(Nc3ncc4c(n3)-c3c(nn(C)c3-c3ccccc3)CC4)c(OC)c2)CC1,8.3,0.0,1
CHEMBL1957,COCCN1CCC(NC(=O)c2ccc(Nc3ncc4c(n3)-c3c(nn(C)c3-c3ccccc3C)CC4)c(Cl)c2)CC1,8.0,0.0,1
CHEMBL1957,COCCN1CCC(NC(=O)c2ccc(Nc3ncc4c(n3)-c3c(nn(C)c3-c3ccccc3C)CC4)c(OC)c2)CC1,8.3,0.0,1
CHEMBL1957,COCCN1CCC(NC(=O)c2ccc(Nc3ncc4c(n3)-c3c(nn(C)c3-c3ccccc3Cl)CC4)c(OC)c2)CC1,8.7,0.0,1
CHEMBL1957,COCCN1CCC(NC(=O)c2ccc(Nc3ncc4c(n3)-c3c(nn(C)c3-c3ccccc3Cl)CC4C)c(OC)c2)CC1,9.0,0.0,1
CHEMBL1957,COCCN1CCC(NC(=O)c2ccc(Nc3ncc4c(n3)-c3c(nn(C)c3Cc3cccc(-c5cnn(C)c5)c3)CC4)c(OC)c2)CC1,9.8,0.0,1
CHEMBL1957,COCCN1CCC(n2cc(Nc3ncc4c(n3)-c3c(nn(C)c3-c3ccc(-c5cnn(C)c5)cc3)CC4)cn2)CC1,9.8,0.0,1
CHEMBL1957,COCCN1CCN(CCn2ccc(Nc3ncc4c(n3)-c3c(nn(C)c3-c3ccc(-c5cnn(C)c5)cc3)CC4)n2)CC1,10.0,0.0,1
CHEMBL1957,COCCN1CCN(CCn2ccc(Nc3ncc4c(n3)-c3c(nn(C)c3-c3ccccc3)CC4)n2)CC1,9.22,0.0,1
CHEMBL1957,COCCN1CCN(CCn2ccc(Nc3ncc4c(n3)-c3c(nn(C)c3Cc3cccc(-c5cnn(C)c5)c3)CC4)n2)CC1,9.62,0.0,1
CHEMBL1957,COCCN1CCN(c2cc(C)c3nc(-c4c(NC[C@@H](O)c5cccc(Cl)c5)cc[nH]c4=O)[nH]c3c2)CC1,7.8,0.0,1
CHEMBL1957,COCCNC(=O)Cn1ccc(Nc2ncc3c(n2)-c2c(nn(C)c2-c2ccc(-c4cnn(C)c4)cc2)CC3)n1,9.25,0.0,1
CHEMBL1957,COCCNC(=O)c1cc2cccc(Nc3ncc4c(n3)-c3c(nn(C)c3Cc3ccccc3)CC4)c2s1,7.66,0.0,1
CHEMBL1957,COCCNC(=O)c1ccc(Nc2ncc3c(n2)-c2c(nn(C)c2-c2ccccc2)CC3)c(OC)c1,8.0,0.0,1
CHEMBL1957,COCCNC(=O)c1ccc(Nc2ncc3c(n2)-c2c(nn(C)c2-c2ccccc2C)CC3)c(OC)c1,7.92,0.0,1
CHEMBL1957,COCCNC(=O)c1ccc(Nc2ncc3c(n2)-c2c(nn(C)c2-c2ccccc2Cl)CC3)c(OC)c1,8.52,0.0,1
CHEMBL1957,COCCNC(=O)c1ccc(Nc2ncc3c(n2)-c2c(nn(C)c2Cc2cccc(-c4cnn(C)c4)c2)CC3)c(OC)c1,9.43,0.0,1
CHEMBL1957,COCCNc1cc(N2CCN(C)CC2)ccc1C(=O)Nc1n[nH]c2ccc(Cc3cc(F)cc(F)c3)cc12,5.8149999999999995,0.2050609665440985,2
CHEMBL1957,COCCOC(=O)N1CCN(C2CCN(c3cc(C)c4nc(-c5c(NC[C@@H](O)c6cccc(Cl)c6)cc[nH]c5=O)[nH]c4c3)CC2)CC1,7.0,0.0,1
CHEMBL1957,COCCOC1CCN(c2cc(C)c3nc(-c4c(NC[C@@H](O)c5cccc(Cl)c5)cc[nH]c4=O)[nH]c3c2)CC1,6.82,0.0,1
CHEMBL1957,COCCOCC(=O)N1CCN(C2CCN(c3cc(C)c4nc(-c5c(NC[C@@H](O)c6cccc(Cl)c6)cc[nH]c5=O)[nH]c4c3)CC2)CC1,7.4,0.0,1
CHEMBL1957,COCCOc1cccc(-c2cn([C@H]3C[C@@H](CN4CCC4)C3)c3ncnc(N)c23)c1,5.7,0.0,1
CHEMBL1957,COCCOc1cccc(-c2nc(C3CCC3)n3ccnc(N)c23)c1,5.2,0.0,1
CHEMBL1957,COCCc1ccc(OCc2cccc(-c3ccc(C(=O)NNC(=O)C(=O)c4c[nH]c5ccccc45)cc3)c2)cc1,6.17,0.0,1
CHEMBL1957,COCCn1cc(-c2ccc(-c3c4c(nn3C)CC(C)c3cnc(Nc5ccn(C)n5)nc3-4)cc2)cn1,9.36,0.0,1
CHEMBL1957,COCCn1cc(-c2ccc(-c3c4c(nn3C)CCc3cnc(Nc5ccc(C(=O)O)cc5OC)nc3-4)cc2)cn1,9.0,0.0,1
CHEMBL1957,COCCn1cc(-c2ccc(-c3c4c(nn3C)CCc3cnc(Nc5ccn(CC(=O)N(C)C)n5)nc3-4)cc2)cn1,9.0,0.0,1
CHEMBL1957,COCCn1cc(-c2ccc(-c3c4c(nn3C)CCc3cnc(Nc5ccn(CCN(C)C)n5)nc3-4)cc2)cn1,9.89,0.0,1
CHEMBL1957,COCCn1cc(-c2ccc(-c3c4c(nn3C)CCc3cnc(Nc5ccn(CCOC)n5)nc3-4)cc2)cn1,9.6,0.0,1
CHEMBL1957,COCCn1cc(-c2cccc(Cc3c4c(nn3C)CCc3cnc(Nc5ccn(C)n5)nc3-4)c2)cn1,9.51,0.0,1
CHEMBL1957,COCCn1cc(Nc2ncc3c(n2)-c2c(nn(C)c2-c2ccc(-c4cnn(C(C)C)c4)cc2)CC3)cn1,9.55,0.0,1
CHEMBL1957,COCCn1cc(Nc2ncc3c(n2)-c2c(nn(C)c2-c2ccc(-c4cnn(C)c4)nc2)CC3)cn1,8.7,0.0,1
CHEMBL1957,COCCn1cc(Nc2ncc3c(n2)-c2c(nn(C)c2-c2sccc2C)CC3)cn1,8.7,0.0,1
CHEMBL1957,COCCn1cc(Nc2ncc3c(n2)-c2c(nn(C)c2-c2sccc2Cl)CC3)cn1,9.15,0.0,1
CHEMBL1957,COCCn1cc(Nc2ncc3c(n2)-c2c(nn(C)c2Cc2ccccc2)CC3)cn1,8.22,0.0,1
CHEMBL1957,COCCn1cc(Nc2ncc3c(n2)-c2c(nn(C)c2Cc2ccccc2C)CC3)cn1,8.4,0.0,1
CHEMBL1957,COCCn1cc(Nc2ncc3c(n2)-c2c(nn(C)c2Cc2ccccc2Cl)CC3)cn1,8.1,0.0,1
CHEMBL1957,COCCn1cc(Nc2ncc3c(n2)-c2c(nn(C)c2Cc2ccccc2OC)CC3)cn1,7.92,0.0,1
CHEMBL1957,COCCn1ccc(Nc2ncc3c(n2)-c2c(nn(C)c2-c2ccc(-c4cnn(C(C)C)c4)cc2)CC3)n1,9.72,0.0,1
CHEMBL1957,COCCn1ccc(Nc2ncc3c(n2)-c2c(nn(C)c2-c2ccc(-c4cnn(C)c4)cc2)CC3)n1,9.12,0.0,1
CHEMBL1957,COCCn1ccc(Nc2ncc3c(n2)-c2c(nn(C)c2-c2ccc(-c4cnn(C)c4)nc2)CC3)n1,8.7,0.0,1
CHEMBL1957,COCCn1ccc(Nc2ncc3c(n2)-c2c(nn(C)c2-c2ccc(-c4cnn(CCN5CCC(C#N)CC5)c4)cc2)CC3)n1,9.59,0.0,1
CHEMBL1957,COCCn1ccc(Nc2ncc3c(n2)-c2c(nn(C)c2-c2ccc(-c4cnn(CCN5CCOCC5)c4)cc2)CC3)n1,9.32,0.0,1
CHEMBL1957,COCCn1ccc(Nc2ncc3c(n2)-c2c(nn(C)c2-c2ccc(-c4cnn(CCN5CCO[C@@H](C)C5)c4)cc2)CC3)n1,9.46,0.0,1
CHEMBL1957,COCCn1ccc(Nc2ncc3c(n2)-c2c(nn(C)c2-c2ccc(-c4cnn(CCO)c4)cc2)CC3)n1,9.42,0.0,1
CHEMBL1957,COCCn1ccc(Nc2ncc3c(n2)-c2c(nn(C)c2-c2ccc(Cl)cc2)CC3)n1,9.7,0.0,1
CHEMBL1957,COCCn1ccc(Nc2ncc3c(n2)-c2c(nn(C)c2-c2ccc(F)cc2)CC3)n1,8.05,0.0,1
CHEMBL1957,COCCn1ccc(Nc2ncc3c(n2)-c2c(nn(C)c2-c2ccc(OC)cc2)CC3)n1,8.0,0.0,1
CHEMBL1957,COCCn1ccc(Nc2ncc3c(n2)-c2c(nn(C)c2-c2cccc(C)c2)CC3)n1,7.72,0.0,1
CHEMBL1957,COCCn1ccc(Nc2ncc3c(n2)-c2c(nn(C)c2-c2cccc(Cl)c2)CC3)n1,7.64,0.0,1
CHEMBL1957,COCCn1ccc(Nc2ncc3c(n2)-c2c(nn(C)c2-c2cccc(OC)c2)CC3)n1,7.51,0.0,1
CHEMBL1957,COCCn1ccc(Nc2ncc3c(n2)-c2c(nn(C)c2-c2ccccc2)CC3)n1,8.22,0.0,1
CHEMBL1957,COCCn1ccc(Nc2ncc3c(n2)-c2c(nn(C)c2-c2ccccc2)CC3C)n1,8.52,0.0,1
CHEMBL1957,COCCn1ccc(Nc2ncc3c(n2)-c2c(nn(C)c2-c2ccccc2)C[C@@H]3C)n1,7.75,0.0,1
CHEMBL1957,COCCn1ccc(Nc2ncc3c(n2)-c2c(nn(C)c2-c2ccccc2)C[C@H]3C)n1,9.0,0.0,1
CHEMBL1957,COCCn1ccc(Nc2ncc3c(n2)-c2c(nn(C)c2-c2sccc2C)CC3)n1,8.52,0.0,1
CHEMBL1957,COCCn1ccc(Nc2ncc3c(n2)-c2c(nn(C)c2-c2sccc2Cl)CC3)n1,9.22,0.0,1
CHEMBL1957,COCCn1ccc(Nc2ncc3c(n2)-c2c(nn(C)c2Cc2cccc(-c4cnn(C)c4)c2)CC3)n1,9.44,0.0,1
CHEMBL1957,COCCn1ccc(Nc2ncc3c(n2)-c2c(nn(C)c2Cc2cccc(C(F)(F)F)c2)CC3)n1,7.77,0.0,1
CHEMBL1957,COCCn1ccc(Nc2ncc3c(n2)-c2c(nn(C)c2Cc2cccc(C)c2)CC3)n1,8.3,0.0,1
CHEMBL1957,COCCn1ccc(Nc2ncc3c(n2)-c2c(nn(C)c2Cc2cccc(Cl)c2)CC3)n1,8.1,0.0,1
CHEMBL1957,COCCn1ccc(Nc2ncc3c(n2)-c2c(nn(C)c2Cc2cccc(OC(F)F)c2)CC3)n1,8.4,0.0,1
CHEMBL1957,COCCn1ccc(Nc2ncc3c(n2)-c2c(nn(C)c2Cc2ccccc2)CC3)n1,8.3,0.0,1
CHEMBL1957,COCCn1ccc(Nc2ncc3c(n2)-c2c(nn(C)c2Cc2ccccc2C)CC3)n1,9.0,0.0,1
CHEMBL1957,COCCn1ccc(Nc2ncc3c(n2)-c2c(nn(C)c2Cc2ccccc2Cl)CC3)n1,8.7,0.0,1
CHEMBL1957,COCCn1ccc(Nc2ncc3c(n2)-c2c(nn(C)c2Cc2ccccc2OC)CC3)n1,8.1,0.0,1
CHEMBL1957,COCCn1cnc(CCNc2cc[nH]c(=O)c2-c2nc3c(C)cc(N4CCOCC4)cc3[nH]2)c1,6.26,0.0,1
CHEMBL1957,COCCn1cnc(CCNc2cc[nH]c(=O)c2-c2nc3c(C)cc(N4CCOCC4)cc3[nH]2)c1Cl,6.54,0.0,1
CHEMBL1957,COCCn1nc2c(c1C)-c1nc(Nc3ccc(C(=O)NC4CCN(C)CC4)cc3OC)ncc1CC2,6.41,0.0,1
CHEMBL1957,COCCn1nc2c(c1C1CC1)-c1nc(Nc3ccc(C(=O)NC4CCN(C)CC4)cc3OC)ncc1CC2,6.71,0.0,1
CHEMBL1957,COCc1c(C)c(O)c(O)c(O)c1C=O,5.46,0.0,1
CHEMBL1957,COCc1c2c(nn1C)CCc1cnc(Nc3ccc(C(=O)NC4CCN(C)CC4)cc3OC)nc1-2,7.47,0.0,1
CHEMBL1957,COCc1c2c(nn1C)CCc1cnc(Nc3ccccc3)nc1-2,5.69,0.0,1
CHEMBL1957,CO[C@@H]1C[C@@H](C(=O)Nc2ccc(F)nc2)N(c2nc(Nc3cc(C4CC4)n[nH]3)c3cccn3n2)C1,9.0,0.0,1
CHEMBL1957,CO[C@H]1C[C@@H](C(=O)Nc2ccc(F)nc2)N(c2nc(Nc3cc(C4CC4)n[nH]3)c3cccn3n2)C1,9.0,0.0,1
CHEMBL1957,CO[C@H]1C[C@@H](C(=O)Nc2ncns2)N(c2nc(Nc3cc(C4CC4)n[nH]3)c3cccn3n2)C1,8.7,0.0,1
CHEMBL1957,COc1c(Br)cc(/C=C2\SC(=O)NC2=O)cc1Br,5.19,0.0,1
CHEMBL1957,COc1cc(-c2ccccc2)nc2cc(-c3nc([C@H]4C[C@@](C)(O)C4)n4ccnc(N)c34)ccc12,8.65,0.7071067811865476,2
CHEMBL1957,COc1cc(-c2cnn(C3CCNCC3)c2)ccc1Nc1ncc(Cl)c(Nc2ccccc2P(C)(C)=O)n1,7.01,0.0,1
CHEMBL1957,COc1cc(/C=C2/SC(=O)NC2=O)cc(I)c1O,5.2,0.0,1
CHEMBL1957,COc1cc(/C=C2/SC(=O)NC2=O)cc(OC)c1O,5.28,0.0,1
CHEMBL1957,COc1cc(Br)cc(/C=C2\SC(=O)NC2=O)c1O,4.96,0.0,1
CHEMBL1957,COc1cc(C(=O)N(C)C)ccc1Nc1ncc2c(n1)-c1c(nn(C)c1-c1ccc(-c3cnn(C)c3)cc1)CC2,9.77,0.0,1
CHEMBL1957,COc1cc(C(=O)N(C)C2CCN(C)CC2)ccc1Nc1ncc2c(n1)-c1c(nn(C)c1-c1ccc(-c3cnn(C)c3)cc1)CC2,9.85,0.0,1
CHEMBL1957,COc1cc(C(=O)N(C)CCN(C)C)ccc1Nc1ncc2c(n1)-c1c(nn(C)c1-c1ccc(-c3cnn(C)c3)cc1)CC2,9.82,0.0,1
CHEMBL1957,COc1cc(C(=O)N2CCN(C)CC2)ccc1Nc1ncc2c(n1)-c1c(nn(C)c1-c1ccc(-c3cnn(C)c3)cc1)CC2,9.8,0.0,1
CHEMBL1957,COc1cc(C(=O)N2CCOCC2)ccc1Nc1ncc(Cl)c(-c2cnc3ccccn23)n1,7.22,0.0,1
CHEMBL1957,COc1cc(C(=O)N2CCOCC2)ccc1Nc1ncc2c(n1)-c1c(nn(C)c1-c1ccc(-c3cnn(C)c3)cc1)CC2,9.66,0.0,1
CHEMBL1957,COc1cc(C(=O)NC(C)C)ccc1Nc1ncc2c(n1)-c1c(nn(C)c1-c1ccc(-c3cnn(C)c3)cc1)CC2,9.59,0.0,1
CHEMBL1957,COc1cc(C(=O)NC2CC(N3CCCC3)C2)ccc1Nc1ncc2c(n1)-c1c(nn(C)c1-c1ccccc1Cl)CC2,9.0,0.0,1
CHEMBL1957,COc1cc(C(=O)NC2CC(N3CCN(C)CC3)C2)ccc1Nc1ncc2c(n1)-c1c(nn(C)c1-c1ccccc1Cl)CC2,9.0,0.0,1
CHEMBL1957,COc1cc(C(=O)NC2CC(N3CCN(CCF)CC3)C2)ccc1Nc1ncc2c(n1)-c1c(nn(C)c1-c1ccccc1Cl)CC2,8.52,0.0,1
CHEMBL1957,COc1cc(C(=O)NC2CC(N3CCOCC3)C2)ccc1Nc1ncc2c(n1)-c1c(nn(C)c1-c1ccccc1Cl)CC2,8.7,0.0,1
CHEMBL1957,COc1cc(C(=O)NC2CC3CC(C)CC(C2)N3)ccc1Nc1ncc2c(n1)-c1c(nn(C)c1-c1ccccc1)CC2,8.52,0.0,1
CHEMBL1957,COc1cc(C(=O)NC2CCC(N(C)C)CC2)ccc1Nc1ncc2c(n1)-c1c(nn(C)c1-c1ccccc1Cl)CC2,8.7,0.0,1
CHEMBL1957,COc1cc(C(=O)NC2CCN(C(C)(C)C)CC2)ccc1Nc1ncc2c(n1)-c1c(nn(C)c1-c1ccccc1Cl)CC2,9.0,0.0,1
CHEMBL1957,COc1cc(C(=O)NC2CCN(C(C)(C)C)CC2)ccc1Nc1ncc2c(n1)-c1c(nn(C)c1-c1ccccc1Cl)CC2C,9.0,0.0,1
CHEMBL1957,COc1cc(C(=O)NC2CCN(C)CC2)c(C)cc1Nc1ncc2c(n1)-c1c(nn(C)c1C(C)C)CC2,8.1,0.0,1
CHEMBL1957,COc1cc(C(=O)NC2CCN(C)CC2)c(Cl)cc1Nc1ncc2c(n1)-c1c(nn(C)c1C(C)C)CC2,8.15,0.0,1
CHEMBL1957,COc1cc(C(=O)NC2CCN(C)CC2)c(F)cc1Nc1ncc2c(n1)-c1c(nn(C)c1C(C)C)CC2,8.22,0.0,1
CHEMBL1957,COc1cc(C(=O)NC2CCN(C)CC2)ccc1Nc1ncc2c(n1)-c1c(nn(C(C)C)c1C(C)C)CC2,7.27,0.0,1
CHEMBL1957,COc1cc(C(=O)NC2CCN(C)CC2)ccc1Nc1ncc2c(n1)-c1c(nn(C)c1-c1cc(C)ccc1Cl)CC2,7.7,0.0,1
CHEMBL1957,COc1cc(C(=O)NC2CCN(C)CC2)ccc1Nc1ncc2c(n1)-c1c(nn(C)c1-c1ccc(-c3cnn(C)c3)cc1)CC2,9.85,0.0,1
CHEMBL1957,COc1cc(C(=O)NC2CCN(C)CC2)ccc1Nc1ncc2c(n1)-c1c(nn(C)c1-c1ccc(C)cc1C)CC2,8.7,0.0,1
CHEMBL1957,COc1cc(C(=O)NC2CCN(C)CC2)ccc1Nc1ncc2c(n1)-c1c(nn(C)c1-c1ccc(F)cc1Cl)CC2,8.7,0.0,1
CHEMBL1957,COc1cc(C(=O)NC2CCN(C)CC2)ccc1Nc1ncc2c(n1)-c1c(nn(C)c1-c1cccc(C)c1Cl)CC2,8.7,0.0,1
CHEMBL1957,COc1cc(C(=O)NC2CCN(C)CC2)ccc1Nc1ncc2c(n1)-c1c(nn(C)c1-c1ccccc1)CC2,7.8,0.0,1
CHEMBL1957,COc1cc(C(=O)NC2CCN(C)CC2)ccc1Nc1ncc2c(n1)-c1c(nn(C)c1-c1ccccc1C)CC2,8.7,0.0,1
CHEMBL1957,COc1cc(C(=O)NC2CCN(C)CC2)ccc1Nc1ncc2c(n1)-c1c(nn(C)c1-c1ccccc1Cl)CC2,9.06,0.0,1
CHEMBL1957,COc1cc(C(=O)NC2CCN(C)CC2)ccc1Nc1ncc2c(n1)-c1c(nn(C)c1-c1ccccc1Cl)CC2C,9.0,0.0,1
CHEMBL1957,COc1cc(C(=O)NC2CCN(C)CC2)ccc1Nc1ncc2c(n1)-c1c(nn(C)c1-c1ccccc1OC)CC2,7.42,0.0,1
CHEMBL1957,COc1cc(C(=O)NC2CCN(C)CC2)ccc1Nc1ncc2c(n1)-c1c(nn(C)c1-c1ccsc1)CC2,8.1,0.0,1
CHEMBL1957,COc1cc(C(=O)NC2CCN(C)CC2)ccc1Nc1ncc2c(n1)-c1c(nn(C)c1-c1occc1C)CC2,7.77,0.0,1
CHEMBL1957,COc1cc(C(=O)NC2CCN(C)CC2)ccc1Nc1ncc2c(n1)-c1c(nn(C)c1-c1sccc1C)CC2,9.0,0.0,1
CHEMBL1957,COc1cc(C(=O)NC2CCN(C)CC2)ccc1Nc1ncc2c(n1)-c1c(nn(C)c1-c1sccc1Cl)CC2,9.52,0.0,1
CHEMBL1957,COc1cc(C(=O)NC2CCN(C)CC2)ccc1Nc1ncc2c(n1)-c1c(nn(C)c1C(C)(C)C)CC2,8.1,0.0,1
CHEMBL1957,COc1cc(C(=O)NC2CCN(C)CC2)ccc1Nc1ncc2c(n1)-c1c(nn(C)c1C(C)C)CC2,8.4,0.0,1
CHEMBL1957,COc1cc(C(=O)NC2CCN(C)CC2)ccc1Nc1ncc2c(n1)-c1c(nn(C)c1C(C)C)CC2C,8.3,0.0,1
CHEMBL1957,COc1cc(C(=O)NC2CCN(C)CC2)ccc1Nc1ncc2c(n1)-c1c(nn(C)c1C(OC)c1ccccc1)CC2,6.65,0.0,1
CHEMBL1957,COc1cc(C(=O)NC2CCN(C)CC2)ccc1Nc1ncc2c(n1)-c1c(nn(C)c1C)CC2,7.38,0.0,1
CHEMBL1957,COc1cc(C(=O)NC2CCN(C)CC2)ccc1Nc1ncc2c(n1)-c1c(nn(C)c1C)CCC2,6.83,0.0,1
CHEMBL1957,COc1cc(C(=O)NC2CCN(C)CC2)ccc1Nc1ncc2c(n1)-c1c(nn(C)c1C1CCC1)CC2,7.89,0.0,1
CHEMBL1957,COc1cc(C(=O)NC2CCN(C)CC2)ccc1Nc1ncc2c(n1)-c1c(nn(C)c1C1CCCC1)CC2,7.96,0.0,1
CHEMBL1957,COc1cc(C(=O)NC2CCN(C)CC2)ccc1Nc1ncc2c(n1)-c1c(nn(C)c1C1CCCCC1)CC2,8.05,0.0,1
CHEMBL1957,COc1cc(C(=O)NC2CCN(C)CC2)ccc1Nc1ncc2c(n1)-c1c(nn(C)c1C1CCOCC1)CC2,7.15,0.0,1
CHEMBL1957,COc1cc(C(=O)NC2CCN(C)CC2)ccc1Nc1ncc2c(n1)-c1c(nn(C)c1CC1CC1)CC2,7.96,0.0,1
CHEMBL1957,COc1cc(C(=O)NC2CCN(C)CC2)ccc1Nc1ncc2c(n1)-c1c(nn(C)c1CCc1ccccc1)CC2,7.27,0.0,1
CHEMBL1957,COc1cc(C(=O)NC2CCN(C)CC2)ccc1Nc1ncc2c(n1)-c1c(nn(C)c1Cc1c(Cl)cccc1Cl)CC2,8.3,0.0,1
CHEMBL1957,COc1cc(C(=O)NC2CCN(C)CC2)ccc1Nc1ncc2c(n1)-c1c(nn(C)c1Cc1cccc(-c3cnn(C)c3)c1)CC2,9.7,0.0,1
CHEMBL1957,COc1cc(C(=O)NC2CCN(C)CC2)ccc1Nc1ncc2c(n1)-c1c(nn(C)c1Cc1ccccc1)CC2,8.7,0.0,1
CHEMBL1957,COc1cc(C(=O)NC2CCN(C)CC2)ccc1Nc1ncc2c(n1)-c1c(nn(C)c1Cc1ccccc1Cl)CC2,9.4,0.0,1
CHEMBL1957,COc1cc(C(=O)NC2CCN(C3CC3)CC2)ccc1Nc1ncc2c(n1)-c1c(nn(C)c1-c1ccccc1)CC2,8.3,0.0,1
CHEMBL1957,COc1cc(C(=O)NC2CCN(C3CC3)CC2)ccc1Nc1ncc2c(n1)-c1c(nn(C)c1-c1ccccc1C)CC2,8.1,0.0,1
CHEMBL1957,COc1cc(C(=O)NC2CCN(C3CC3)CC2)ccc1Nc1ncc2c(n1)-c1c(nn(C)c1-c1ccccc1Cl)CC2,8.7,0.0,1
CHEMBL1957,COc1cc(C(=O)NC2CCN(C3CCOCC3)CC2)ccc1Nc1ncc2c(n1)-c1c(nn(C)c1-c1ccccc1)CC2,8.05,0.0,1
CHEMBL1957,COc1cc(C(=O)NC2CCN(C3CCOCC3)CC2)ccc1Nc1ncc2c(n1)-c1c(nn(C)c1-c1ccccc1C)CC2,8.4,0.0,1
CHEMBL1957,COc1cc(C(=O)NC2CCN(C3CCOCC3)CC2)ccc1Nc1ncc2c(n1)-c1c(nn(C)c1-c1ccccc1Cl)CC2,9.0,0.0,1
CHEMBL1957,COc1cc(C(=O)NC2CCN(C3CCOCC3)CC2)ccc1Nc1ncc2c(n1)-c1c(nn(C)c1-c1ccccc1Cl)CC2C,9.0,0.0,1
CHEMBL1957,COc1cc(C(=O)NC2CCN(CC(N)=O)CC2)ccc1Nc1ncc2c(n1)-c1c(nn(C)c1-c1ccccc1Cl)CC2,8.52,0.0,1
CHEMBL1957,COc1cc(C(=O)NC2CCN(CC3CC3)CC2)ccc1Nc1ncc2c(n1)-c1c(nn(C)c1-c1ccccc1Cl)CC2,8.52,0.0,1
CHEMBL1957,COc1cc(C(=O)NC2CCN(CC3CC3)CC2)ccc1Nc1ncc2c(n1)-c1c(nn(C)c1-c1ccccc1Cl)CC2C,8.7,0.0,1
CHEMBL1957,COc1cc(C(=O)NC2CCN(CCO)CC2)ccc1Nc1ncc2c(n1)-c1c(nn(C)c1-c1ccccc1)CC2,8.3,0.0,1
CHEMBL1957,COc1cc(C(=O)NC2CCN(CCO)CC2)ccc1Nc1ncc2c(n1)-c1c(nn(C)c1-c1ccccc1C)CC2,8.4,0.0,1
CHEMBL1957,COc1cc(C(=O)NC2CCN(CCO)CC2)ccc1Nc1ncc2c(n1)-c1c(nn(C)c1-c1ccccc1Cl)CC2,9.27,0.0,1
CHEMBL1957,COc1cc(C(=O)NC2CCN(CCO)CC2)ccc1Nc1ncc2c(n1)-c1c(nn(C)c1-c1ccccc1Cl)CC2C,9.0,0.0,1
CHEMBL1957,COc1cc(C(=O)NC2CCN(Cc3ccccc3)CC2)ccc1Nc1ncc2c(n1)-c1c(nn(C)c1-c1ccccc1Cl)CC2,8.22,0.0,1
CHEMBL1957,COc1cc(C(=O)NC2CCN(Cc3cccnc3)CC2)ccc1Nc1ncc2c(n1)-c1c(nn(C)c1-c1ccccc1Cl)CC2,8.52,0.0,1
CHEMBL1957,COc1cc(C(=O)NC2CCN(Cc3ccncc3)CC2)ccc1Nc1ncc2c(n1)-c1c(nn(C)c1-c1ccccc1Cl)CC2,8.4,0.0,1
CHEMBL1957,COc1cc(C(=O)NC2CCOCC2)ccc1Nc1ncc2c(n1)-c1c(nn(C)c1-c1ccc(-c3cnn(C)c3)cc1)CC2,9.21,0.0,1
CHEMBL1957,COc1cc(C(=O)NC2CN(C)C2)ccc1Nc1ncc2c(n1)-c1c(nn(C)c1-c1ccc(-c3cnn(C)c3)cc1)CC2,9.72,0.0,1
CHEMBL1957,COc1cc(C(=O)NC2CN(C)C2)ccc1Nc1ncc2c(n1)-c1c(nn(C)c1-c1ccccc1)CC2,8.7,0.0,1
CHEMBL1957,COc1cc(C(=O)NC2CN(C)C2)ccc1Nc1ncc2c(n1)-c1c(nn(C)c1-c1ccccc1C)CC2,8.4,0.0,1
CHEMBL1957,COc1cc(C(=O)NC2CN(C)C2)ccc1Nc1ncc2c(n1)-c1c(nn(C)c1-c1ccccc1Cl)CC2,9.06,0.0,1
CHEMBL1957,COc1cc(C(=O)NC2CN(C)C2)ccc1Nc1ncc2c(n1)-c1c(nn(C)c1-c1ccccc1Cl)CC2C,9.0,0.0,1
CHEMBL1957,COc1cc(C(=O)NCC(=O)N2CCN(C)CC2)ccc1Nc1ncc2c(n1)-c1c(nn(C)c1-c1ccccc1Cl)CC2,8.7,0.0,1
CHEMBL1957,COc1cc(C(=O)NCC(C)(C)CN(C)C)ccc1Nc1ncc2c(n1)-c1c(nn(C)c1-c1ccccc1Cl)CC2,9.0,0.0,1
CHEMBL1957,COc1cc(C(=O)NCC2CCN(C)CC2)ccc1Nc1ncc2c(n1)-c1c(nn(C)c1-c1ccc(-c3cnn(C)c3)cc1)CC2,9.8,0.0,1
CHEMBL1957,COc1cc(C(=O)NCC2CCN(C)CC2)ccc1Nc1ncc2c(n1)-c1c(nn(C)c1-c1ccccc1Cl)CC2,9.0,0.0,1
CHEMBL1957,COc1cc(C(=O)NCCCN(C)C)ccc1Nc1ncc2c(n1)-c1c(nn(C)c1-c1ccc(-c3cnn(C)c3)cc1)CC2,9.89,0.0,1
CHEMBL1957,COc1cc(C(=O)NCCCN(C)C)ccc1Nc1ncc2c(n1)-c1c(nn(C)c1-c1ccccc1)CC2,8.4,0.0,1
CHEMBL1957,COc1cc(C(=O)NCCCN(C)C)ccc1Nc1ncc2c(n1)-c1c(nn(C)c1-c1ccccc1C)CC2,8.52,0.0,1
CHEMBL1957,COc1cc(C(=O)NCCCN(C)C)ccc1Nc1ncc2c(n1)-c1c(nn(C)c1-c1ccccc1Cl)CC2,9.12,0.0,1
CHEMBL1957,COc1cc(C(=O)NCCCN(C)C)ccc1Nc1ncc2c(n1)-c1c(nn(C)c1Cc1cccc(-c3cnn(C)c3)c1)CC2,10.1,0.0,1
CHEMBL1957,COc1cc(C(=O)NCCN(C)C)ccc1Nc1ncc2c(n1)-c1c(nn(C)c1-c1ccc(-c3cnn(C)c3)cc1)CC2,9.89,0.0,1
CHEMBL1957,COc1cc(C(=O)NCCN(C)C)ccc1Nc1ncc2c(n1)-c1c(nn(C)c1-c1ccccc1)CC2,8.15,0.0,1
CHEMBL1957,COc1cc(C(=O)NCCN(C)C)ccc1Nc1ncc2c(n1)-c1c(nn(C)c1-c1ccccc1C)CC2,8.52,0.0,1
CHEMBL1957,COc1cc(C(=O)NCCN(C)C)ccc1Nc1ncc2c(n1)-c1c(nn(C)c1-c1ccccc1Cl)CC2,9.0,0.0,1
CHEMBL1957,COc1cc(C(=O)NCCN(C)C)ccc1Nc1ncc2c(n1)-c1c(nn(C)c1Cc1cccc(-c3cnn(C)c3)c1)CC2,9.77,0.0,1
CHEMBL1957,COc1cc(C(=O)NCCN2CCCC2)ccc1Nc1ncc2c(n1)-c1c(nn(C)c1-c1ccccc1)CC2,8.1,0.0,1
CHEMBL1957,COc1cc(C(=O)NCCN2CCCC2)ccc1Nc1ncc2c(n1)-c1c(nn(C)c1Cc1cccc(-c3cnn(C)c3)c1)CC2,9.85,0.0,1
CHEMBL1957,COc1cc(C(=O)NCCN2CCN(C)CC2)ccc1Nc1ncc2c(n1)-c1c(nn(C)c1-c1ccc(-c3cnn(C)c3)cc1)CC2,9.68,0.0,1
CHEMBL1957,COc1cc(C(=O)NCCN2CCOCC2)ccc1Nc1ncc2c(n1)-c1c(nn(C)c1-c1ccc(-c3cnn(C)c3)cc1)CC2,9.42,0.0,1
CHEMBL1957,COc1cc(C(=O)NCCN2CCOCC2)ccc1Nc1ncc2c(n1)-c1c(nn(C)c1-c1ccccc1Cl)CC2,8.7,0.0,1
CHEMBL1957,COc1cc(C(=O)NC[C@@H]2CCCO2)ccc1Nc1ncc2c(n1)-c1c(nn(C)c1-c1ccc(-c3cnn(C)c3)cc1)CC2,9.41,0.0,1
CHEMBL1957,COc1cc(C(=O)N[C@@H]2CCC(C3CCOCC3)C2)ccc1Nc1ncc2c(n1)-c1c(nn(C)c1-c1ccccc1Cl)CC2C,8.7,0.0,1
CHEMBL1957,COc1cc(C(=O)N[C@@H]2CCN(C)C[C@H]2OC)ccc1Nc1ncc2c(n1)-c1c(nn(C)c1-c1ccc(-c3cnn(C)c3)cc1)CC2,9.64,0.0,1
CHEMBL1957,COc1cc(C(=O)N[C@@H]2CCN(C3CCN(C)CC3)C2)ccc1Nc1ncc2c(n1)-c1c(nn(C)c1-c1ccccc1Cl)CC2,8.7,0.0,1
CHEMBL1957,COc1cc(C(=O)N[C@@H]2CCN(C3CCOCC3)C2)ccc1Nc1ncc2c(n1)-c1c(nn(C)c1-c1ccccc1Cl)CC2,8.7,0.0,1
CHEMBL1957,COc1cc(C(=O)N[C@@H]2CN3CCC2CC3)ccc1Nc1ncc2c(n1)-c1c(nn(C)c1-c1ccccc1)CC2,8.4,0.0,1
CHEMBL1957,COc1cc(C(=O)N[C@H]2CCCN(C3CCOCC3)C2)ccc1Nc1ncc2c(n1)-c1c(nn(C)c1-c1ccccc1Cl)CC2,9.0,0.0,1
CHEMBL1957,COc1cc(C(=O)N[C@H]2CC[C@H](N3CCN(CC4CC4)CC3)CC2)ccc1Nc1ncc2c(n1)-c1c(nn(C)c1-c1ccccc1)CC2,7.96,0.0,1
CHEMBL1957,COc1cc(C(=O)N[C@H]2CC[C@H](N3CCN(CC4CC4)CC3)CC2)ccc1Nc1ncc2c(n1)-c1c(nn(C)c1-c1ccccc1C)CC2,8.0,0.0,1
CHEMBL1957,COc1cc(C(=O)N[C@H]2CC[C@H](N3CCN(CC4CC4)CC3)CC2)ccc1Nc1ncc2c(n1)-c1c(nn(C)c1-c1ccccc1Cl)CC2,8.7,0.0,1
CHEMBL1957,COc1cc(C(=O)N[C@H]2CC[C@H](N3CCN(CC4CC4)CC3)CC2)ccc1Nc1ncc2c(n1)-c1c(nn(C)c1-c1ccccc1Cl)CC2C,8.52,0.0,1
CHEMBL1957,COc1cc(C(=O)N[C@H]2CC[C@H](N3CCOCC3)CC2)ccc1Nc1ncc2c(n1)-c1c(nn(C)c1-c1ccccc1)CC2,8.05,0.0,1
CHEMBL1957,COc1cc(C(=O)N[C@H]2CC[C@H](N3CCOCC3)CC2)ccc1Nc1ncc2c(n1)-c1c(nn(C)c1-c1ccccc1C)CC2,8.22,0.0,1
CHEMBL1957,COc1cc(C(=O)N[C@H]2CC[C@H](N3CCOCC3)CC2)ccc1Nc1ncc2c(n1)-c1c(nn(C)c1-c1ccccc1Cl)CC2,9.57,0.0,1
CHEMBL1957,COc1cc(C(=O)N[C@H]2CC[C@H](N3CCOCC3)CC2)ccc1Nc1ncc2c(n1)-c1c(nn(C)c1-c1ccccc1Cl)CC2C,8.7,0.0,1
CHEMBL1957,COc1cc(C(=O)N[C@H]2CN3CCC2CC3)ccc1Nc1ncc2c(n1)-c1c(nn(C)c1-c1ccccc1)CC2,8.4,0.0,1
CHEMBL1957,COc1cc(C(=O)O)ccc1Nc1ncc2c(n1)-c1c(nn(C)c1-c1ccc(-c3cnn(C(C)C)c3)cc1)CC2,8.7,0.0,1
CHEMBL1957,COc1cc(C(=O)O)ccc1Nc1ncc2c(n1)-c1c(nn(C)c1-c1ccc(-c3cnn(C)c3)cc1)CC2,9.0,0.0,1
CHEMBL1957,COc1cc(C(=O)O)ccc1Nc1ncc2c(n1)-c1c(nn(C)c1-c1ccc(-c3cnn(CC(C)C)c3)cc1)CC2,8.15,0.0,1
CHEMBL1957,COc1cc(C(=O)O)ccc1Nc1ncc2c(n1)-c1c(nn(C)c1-c1ccccc1C)CC2,7.14,0.0,1
CHEMBL1957,COc1cc(C(=O)O)ccc1Nc1ncc2c(n1)-c1c(nn(C)c1-c1ccccc1Cl)CC2,7.68,0.0,1
CHEMBL1957,COc1cc(C(=O)O)ccc1Nc1ncc2c(n1)-c1c(nn(C)c1-c1ccccc1Cl)CC2C,7.54,0.0,1
CHEMBL1957,COc1cc(C(=O)O)ccc1Nc1ncc2c(n1)-c1c(nn(C)c1C(C)c1ccccc1)CC2,6.61,0.0,1
CHEMBL1957,COc1cc(C(CO)CO)ccc1Nc1ncc(Cl)c(-c2cnc3ccccn23)n1,7.75,0.0,1
CHEMBL1957,COc1cc(C)c(CCCN(C)C)cc1Nc1nc(Nc2cccc(F)c2C(N)=O)c2cc[nH]c2n1,6.984999999999999,1.2798632739476503,2
CHEMBL1957,COc1cc(C)c(N(C)C(=O)CN(C)C)cc1Nc1nc(Nc2cccc(F)c2C(N)=O)c2cc[nH]c2n1,6.48,1.018233764908629,2
CHEMBL1957,COc1cc(C)c(N2CCN(C(C)C)CC2)cc1Nc1nc(Nc2cccc(F)c2C(N)=O)c2cc[nH]c2n1,7.135,0.7990306627407984,2
CHEMBL1957,COc1cc(C)c(NC(=O)CN(C)C)cc1Nc1nc(Nc2cccc(F)c2C(N)=O)c2cc[nH]c2n1,8.36,1.3293607486307093,2
CHEMBL1957,COc1cc(C2=C(c3c[nH]c4ccc(Br)cc34)C(=O)NC2=O)cc(OC)c1OC,5.37,0.0,1
CHEMBL1957,COc1cc(C2=C(c3c[nH]c4ccc(F)cc34)C(=O)NC2=O)cc(OC)c1OC,5.07,0.0,1
CHEMBL1957,COc1cc(C2=C(c3c[nH]c4ccc(I)cc34)C(=O)NC2=O)cc(OC)c1OC,5.5,0.0,1
CHEMBL1957,COc1cc(C2=C(c3c[nH]c4ccccc34)C(=O)NC2=O)cc(OC)c1OC,5.016666666666667,0.13576941236277554,3
CHEMBL1957,COc1cc(C2=C(c3c[nH]c4ccccc34)CNC2=O)cc(OC)c1OC,4.66,0.0,1
CHEMBL1957,COc1cc(C2=C(c3cn(COC(C)(C)C)c4ccccc34)CNC2=O)cc(OC)c1OC,5.11,0.0,1
CHEMBL1957,COc1cc(C2=C(c3cn(COCC[Si](C)(C)C)c4ccccc34)CNC2=O)cc(OC)c1OC,5.06,0.0,1
CHEMBL1957,COc1cc(C2=C(c3cn(COCc4ccccc4)c4ccccc34)CNC2=O)cc(OC)c1OC,4.75,0.0,1
CHEMBL1957,COc1cc(C2CCN(C(C)=O)CC2)ccc1Nc1ncc(Cl)c(-c2cnc3ccccn23)n1,8.22,0.0,1
CHEMBL1957,COc1cc(C2CCN(C)CC2)ccc1Nc1ncc(Cl)c(Nc2ccccc2P(C)(C)=O)n1,8.09,0.0,1
CHEMBL1957,COc1cc(C2CCNCC2)ccc1Nc1ncc(Cl)c(-c2cnc3ccccn23)n1,8.3,0.0,1
CHEMBL1957,COc1cc(CC(=O)N2CCOCC2)ccc1Nc1ncc(Cl)c(-c2cnc3ccccn23)n1,7.41,0.0,1
CHEMBL1957,COc1cc(CN2CCOCC2)ccc1Nc1ncc(Cl)c(-c2cnc3ccccn23)n1,7.39,0.0,1
CHEMBL1957,COc1cc(Cl)c(OCCCN(C)C)cc1Nc1nc(Nc2cccc(F)c2C(N)=O)c2cc[nH]c2n1,6.97,1.3010764773832473,2
CHEMBL1957,COc1cc(N2CC3CN(CCO)CC(C2)O3)ccc1Nc1ncc(Cl)c(-c2cnc3ccccn23)n1,8.4,0.0,1
CHEMBL1957,COc1cc(N2CC3CNCC(C2)O3)ccc1Nc1ncc(Cl)c(-c2cnc3ccccn23)n1,8.4,0.0,1
CHEMBL1957,COc1cc(N2CC3COCC(C2)N3)ccc1Nc1ncc(Cl)c(-c2cnc3ccccn23)n1,7.35,0.0,1
CHEMBL1957,COc1cc(N2CCC(CN3CCC3)CC2)ccc1Nc1ncc(Cl)c(Nc2ccccc2P(C)(C)=O)n1,7.5,0.0,1
CHEMBL1957,COc1cc(N2CCC(N(C)C)CC2)ccc1Nc1ncc(Cl)c(Nc2ccccc2P(C)(C)=O)n1,8.49,0.0,1
CHEMBL1957,COc1cc(N2CCC(N3CCCC3)CC2)ccc1Nc1ncc(Cl)c(Nc2ccccc2P(C)(C)=O)n1,7.69,0.0,1
CHEMBL1957,COc1cc(N2CCC(N3CCCCC3)C2)ccc1Nc1ncc(Cl)c(Nc2ccccc2P(C)(C)=O)n1,7.09,0.0,1
CHEMBL1957,COc1cc(N2CCC(N3CCCN(C)CC3)CC2)ccc1Nc1ncc(Cl)c(Nc2ccccc2P(C)(C)=O)n1,7.41,0.0,1
CHEMBL1957,COc1cc(N2CCC(N3CCN(C)CC3)CC2)c(C)cc1Nc1ncc(Cl)c(Nc2ccccc2P(C)(C)=O)n1,7.57,0.0,1
CHEMBL1957,COc1cc(N2CCC(N3CCN(C)CC3)CC2)c(F)cc1Nc1ncc(Cl)c(Nc2ccccc2P(C)(C)=O)n1,7.22,0.0,1
CHEMBL1957,COc1cc(N2CCC(N3CCN(C)CC3)CC2)ccc1Nc1nc2c(c(Nc3ccccc3S(=O)(=O)NC(C)C)n1)CCN2,7.97,0.0,1
CHEMBL1957,COc1cc(N2CCC(N3CCN(C)CC3)CC2)ccc1Nc1ncc(C)c(Nc2ccccc2P(C)(C)=O)n1,6.89,0.0,1
CHEMBL1957,COc1cc(N2CCC(N3CCN(C)CC3)CC2)ccc1Nc1ncc(C2CC2)c(Nc2ccccc2P(C)(C)=O)n1,6.36,0.0,1
CHEMBL1957,COc1cc(N2CCC(N3CCN(C)CC3)CC2)ccc1Nc1ncc(Cl)c(Nc2ccccc2)n1,7.29,0.0,1
CHEMBL1957,COc1cc(N2CCC(N3CCN(C)CC3)CC2)ccc1Nc1ncc(Cl)c(Nc2ccccc2C#N)n1,7.29,0.0,1
CHEMBL1957,COc1cc(N2CCC(N3CCN(C)CC3)CC2)ccc1Nc1ncc(Cl)c(Nc2ccccc2C(=O)N(C)C)n1,8.21,0.0,1
CHEMBL1957,COc1cc(N2CCC(N3CCN(C)CC3)CC2)ccc1Nc1ncc(Cl)c(Nc2ccccc2C(C)=O)n1,8.88,0.0,1
CHEMBL1957,COc1cc(N2CCC(N3CCN(C)CC3)CC2)ccc1Nc1ncc(Cl)c(Nc2ccccc2C(C)O)n1,7.44,0.0,1
CHEMBL1957,COc1cc(N2CCC(N3CCN(C)CC3)CC2)ccc1Nc1ncc(Cl)c(Nc2ccccc2C(N)=O)n1,8.85,0.0,1
CHEMBL1957,COc1cc(N2CCC(N3CCN(C)CC3)CC2)ccc1Nc1ncc(Cl)c(Nc2ccccc2I)n1,8.21,0.0,1
CHEMBL1957,COc1cc(N2CCC(N3CCN(C)CC3)CC2)ccc1Nc1ncc(Cl)c(Nc2ccccc2OC)n1,8.06,0.0,1
CHEMBL1957,COc1cc(N2CCC(N3CCN(C)CC3)CC2)ccc1Nc1ncc(Cl)c(Nc2ccccc2P(C)(C)=O)n1,7.369999999999999,0.32526911934581154,2
CHEMBL1957,COc1cc(N2CCC(N3CCN(C)CC3)CC2)ccc1Nc1ncc(Cl)c(Nc2ccccc2S(=O)(=O)C(C)C)n1,9.46,0.0,1
CHEMBL1957,COc1cc(N2CCC(N3CCN(C)CC3)CC2)ccc1Nc1ncc(Cl)c(Nc2ccccc2S(=O)(=O)N(C)C)n1,8.71,0.0,1
CHEMBL1957,COc1cc(N2CCC(N3CCN(C)CC3)CC2)ccc1Nc1ncc(Cl)c(Nc2ccccc2S(C)(=O)=O)n1,9.12,0.0,1
CHEMBL1957,COc1cc(N2CCC(N3CCN(C)CC3)CC2)ccc1Nc1ncc(F)c(Nc2ccccc2P(C)(C)=O)n1,6.84,0.0,1
CHEMBL1957,COc1cc(N2CCC(N3CCN(C)CC3)CC2)ccc1Nc1ncc(OC)c(Nc2ccccc2P(C)(C)=O)n1,6.93,0.0,1
CHEMBL1957,COc1cc(N2CCC(N3CCN(S(C)(=O)=O)CC3)CC2)ccc1Nc1nc(Nc2ccsc2C(N)=O)c2cc[nH]c2n1,7.67,0.89095454429505,2
CHEMBL1957,COc1cc(N2CCC(N3CCOCC3)CC2)ccc1Nc1ncc(Cl)c(Nc2ccccc2P(C)(C)=O)n1,7.33,0.0,1
CHEMBL1957,COc1cc(N2CCC(O)CC2)ccc1Nc1cc(Nc2ccccc2S(=O)(=O)C(C)C)c2cc[nH]c2n1,6.12,0.0,1
CHEMBL1957,COc1cc(N2CCC(O)CC2)ccc1Nc1ncc(Cl)c(Nc2ccccc2P(C)(C)=O)n1,7.57,0.0,1
CHEMBL1957,COc1cc(N2CCCN(C(C)=O)CC2)ccc1Nc1ncc(Cl)c(-c2cnc3ccccn23)n1,7.64,0.0,1
CHEMBL1957,COc1cc(N2CCCN(C)CC2)ccc1Nc1ncc(Cl)c(Nc2ccccc2P(C)(C)=O)n1,7.11,0.0,1
CHEMBL1957,COc1cc(N2CCN(C(=O)CN)CC2)ccc1Nc1ncc(Cl)c(-c2cnc3ccccn23)n1,8.3,0.0,1
CHEMBL1957,COc1cc(N2CCN(C(=O)CO)CC2)ccc1Nc1ncc(Cl)c(-c2cnc3ccccn23)n1,8.1,0.0,1
CHEMBL1957,COc1cc(N2CCN(C(=O)N(C)C)CC2)ccc1Nc1ncc(Cl)c(-c2cnc3ccccn23)n1,7.96,0.0,1
CHEMBL1957,COc1cc(N2CCN(C(=O)[C@@H](C)N)CC2)ccc1Nc1ncc(Cl)c(-c2cnc3ccccn23)n1,8.22,0.0,1
CHEMBL1957,COc1cc(N2CCN(C(=O)[C@@H](C)O)CC2)ccc1Nc1ncc(Cl)c(-c2cnc3ccccn23)n1,7.89,0.0,1
CHEMBL1957,COc1cc(N2CCN(C(=O)[C@H](C)N)CC2)ccc1Nc1ncc(Cl)c(-c2cnc3ccccn23)n1,8.3,0.0,1
CHEMBL1957,COc1cc(N2CCN(C(=O)[C@H](C)O)CC2)ccc1Nc1ncc(Cl)c(-c2cnc3ccccn23)n1,8.05,0.0,1
CHEMBL1957,COc1cc(N2CCN(C(C)=O)CC2)ccc1Nc1cc(-c2c[nH]c3cnccc23)ncn1,4.39,0.0,1
CHEMBL1957,COc1cc(N2CCN(C(C)=O)CC2)ccc1Nc1ncc(Br)c(-c2cnc3ccccn23)n1,8.52,0.0,1
CHEMBL1957,COc1cc(N2CCN(C(C)=O)CC2)ccc1Nc1ncc(C#N)c(-c2cnc3ccccn23)n1,7.04,0.0,1
CHEMBL1957,COc1cc(N2CCN(C(C)=O)CC2)ccc1Nc1ncc(C(F)(F)F)c(-c2cnc3ccccn23)n1,7.82,0.0,1
CHEMBL1957,COc1cc(N2CCN(C(C)=O)CC2)ccc1Nc1ncc(C)c(-c2cnc3ccccn23)n1,7.33,0.0,1
CHEMBL1957,COc1cc(N2CCN(C(C)=O)CC2)ccc1Nc1ncc(Cl)c(-c2cnc3c(C#N)cccn23)n1,6.85,0.0,1
CHEMBL1957,COc1cc(N2CCN(C(C)=O)CC2)ccc1Nc1ncc(Cl)c(-c2cnc3c(C)cccn23)n1,7.89,0.0,1
CHEMBL1957,COc1cc(N2CCN(C(C)=O)CC2)ccc1Nc1ncc(Cl)c(-c2cnc3c(CO)cccn23)n1,7.46,0.0,1
CHEMBL1957,COc1cc(N2CCN(C(C)=O)CC2)ccc1Nc1ncc(Cl)c(-c2cnc3c(F)cc(F)cn23)n1,7.66,0.0,1
CHEMBL1957,COc1cc(N2CCN(C(C)=O)CC2)ccc1Nc1ncc(Cl)c(-c2cnc3c(F)cccn23)n1,8.0,0.0,1
CHEMBL1957,COc1cc(N2CCN(C(C)=O)CC2)ccc1Nc1ncc(Cl)c(-c2cnc3c(N)cccn23)n1,7.46,0.0,1
CHEMBL1957,COc1cc(N2CCN(C(C)=O)CC2)ccc1Nc1ncc(Cl)c(-c2cnc3c(OC)cccn23)n1,7.4,0.0,1
CHEMBL1957,COc1cc(N2CCN(C(C)=O)CC2)ccc1Nc1ncc(Cl)c(-c2cnc3cc(C#N)ccn23)n1,7.22,0.0,1
CHEMBL1957,COc1cc(N2CCN(C(C)=O)CC2)ccc1Nc1ncc(Cl)c(-c2cnc3cc(C)ccn23)n1,8.05,0.0,1
CHEMBL1957,COc1cc(N2CCN(C(C)=O)CC2)ccc1Nc1ncc(Cl)c(-c2cnc3cc(CO)ccn23)n1,7.31,0.0,1
CHEMBL1957,COc1cc(N2CCN(C(C)=O)CC2)ccc1Nc1ncc(Cl)c(-c2cnc3cc(Cl)ccn23)n1,8.0,0.0,1
CHEMBL1957,COc1cc(N2CCN(C(C)=O)CC2)ccc1Nc1ncc(Cl)c(-c2cnc3cc(F)ccn23)n1,7.96,0.0,1
CHEMBL1957,COc1cc(N2CCN(C(C)=O)CC2)ccc1Nc1ncc(Cl)c(-c2cnc3cc(N4CCCC4)ccn23)n1,6.68,0.0,1
CHEMBL1957,COc1cc(N2CCN(C(C)=O)CC2)ccc1Nc1ncc(Cl)c(-c2cnc3ccc(C#N)cn23)n1,7.28,0.0,1
CHEMBL1957,COc1cc(N2CCN(C(C)=O)CC2)ccc1Nc1ncc(Cl)c(-c2cnc3ccc(C)cn23)n1,8.0,0.0,1
CHEMBL1957,COc1cc(N2CCN(C(C)=O)CC2)ccc1Nc1ncc(Cl)c(-c2cnc3ccc(F)cn23)n1,8.15,0.0,1
CHEMBL1957,COc1cc(N2CCN(C(C)=O)CC2)ccc1Nc1ncc(Cl)c(-c2cnc3ccc(N(C)C)cn23)n1,6.37,0.0,1
CHEMBL1957,COc1cc(N2CCN(C(C)=O)CC2)ccc1Nc1ncc(Cl)c(-c2cnc3ccccn23)n1,8.025,0.03535533905932788,2
CHEMBL1957,COc1cc(N2CCN(C(C)=O)CC2)ccc1Nc1ncc(Cl)c(-c2cnn3ccccc23)n1,8.0,0.0,1
CHEMBL1957,COc1cc(N2CCN(C(C)=O)CC2)ccc1Nc1ncc(Cl)c(Nc2ccccc2P(C)(C)=O)n1,7.49,0.0,1
CHEMBL1957,COc1cc(N2CCN(C(C)=O)CC2)ccc1Nc1ncc(F)c(-c2cnc3ccccn23)n1,7.05,0.0,1
CHEMBL1957,COc1cc(N2CCN(C(C)=O)CC2)ccc1Nc1ncc(OC)c(-c2cnc3ccccn23)n1,7.05,0.0,1
CHEMBL1957,COc1cc(N2CCN(C(C)=O)CC2)ccc1Nc1ncc2c(n1)-c1c(nn(C)c1-c1ccccc1Cl)CC2,8.52,0.0,1
CHEMBL1957,COc1cc(N2CCN(C(C)=O)CC2)ccc1Nc1nccc(-c2c[nH]c3cnccc23)n1,6.01,0.0,1
CHEMBL1957,COc1cc(N2CCN(C(C)=O)CC2)ccc1Nc1nccc(-c2cnc3ccccn23)n1,6.35,0.0,1
CHEMBL1957,COc1cc(N2CCN(C(C)C)CC2)ccc1Nc1nc(-n2[nH]c(=O)c3ccccc32)c2cc[nH]c2n1,7.24,1.3859292911256338,2
CHEMBL1957,COc1cc(N2CCN(C(C)C)CC2)ccc1Nc1nc(N2CCc3ccccc32)c2cc[nH]c2n1,6.875,1.590990257669732,2
CHEMBL1957,COc1cc(N2CCN(C(C)C)CC2)ccc1Nc1nc(Nc2cc(F)cc(F)c2C(N)=O)c2cc[nH]c2n1,9.1,0.0,1
CHEMBL1957,COc1cc(N2CCN(C(C)C)CC2)ccc1Nc1nc(Nc2cc(F)ccc2C(N)=O)c2cc[nH]c2n1,9.15,0.0,1
CHEMBL1957,COc1cc(N2CCN(C(C)C)CC2)ccc1Nc1nc(Nc2ccc(F)c(F)c2C(N)=O)c2cc[nH]c2n1,8.89,0.0,1
CHEMBL1957,COc1cc(N2CCN(C(C)C)CC2)ccc1Nc1nc(Nc2ccc(F)cc2C(N)=O)c2cc[nH]c2n1,9.05,0.0,1
CHEMBL1957,COc1cc(N2CCN(C(C)C)CC2)ccc1Nc1nc(Nc2ccc3ncccc3c2)c2cc[nH]c2n1,7.0,1.2586500705120542,2
CHEMBL1957,COc1cc(N2CCN(C(C)C)CC2)ccc1Nc1nc(Nc2cccc(F)c2C(N)=O)c2cc[nH]c2n1,7.8149999999999995,1.2515790027001887,2
CHEMBL1957,COc1cc(N2CCN(C(C)C)CC2)ccc1Nc1nc(Nc2cccc3c2NCC3)c2cc[nH]c2n1,6.085,0.44547727214752547,2
CHEMBL1957,COc1cc(N2CCN(C(C)C)CC2)ccc1Nc1nc(Nc2cccc3ncccc23)c2cc[nH]c2n1,6.1,0.7071067811865476,2
CHEMBL1957,COc1cc(N2CCN(C(C)C)CC2)ccc1Nc1nc(Nc2ccccc2-n2cccn2)c2cc[nH]c2n1,6.89,1.0040916292848974,2
CHEMBL1957,COc1cc(N2CCN(C(C)C)CC2)ccc1Nc1nc(Nc2ccccc2OC)c2cc[nH]c2n1,6.755,1.053589103967956,2
CHEMBL1957,COc1cc(N2CCN(C(C)C)CC2)ccc1Nc1nc(Nc2ccsc2C(N)=O)c2cc[nH]c2n1,7.885,1.2940054095713822,2
CHEMBL1957,COc1cc(N2CCN(C(C)C)CC2)ccc1Nc1nc2[nH]ccc2c2nc3cccc(F)c3c(=O)n12,6.31,2.53144227664784,2
CHEMBL1957,COc1cc(N2CCN(C(C)C)CC2)ccc1Nc1ncc2c(n1)-c1c(nn(C)c1-c1ccc(-c3cnn(C)c3)cc1)CC2,10.3,0.0,1
CHEMBL1957,COc1cc(N2CCN(C(C)C)CC2)ccc1Nc1ncc2c(n1)-c1c(nn(C)c1Cc1cccc(Cl)c1)CC2,9.3,0.0,1
CHEMBL1957,COc1cc(N2CCN(C(N)=O)CC2)ccc1Nc1ncc(Cl)c(-c2cnc3ccccn23)n1,8.1,0.0,1
CHEMBL1957,COc1cc(N2CCN(C)CC2)ccc1Nc1cc(-c2c[nH]c3cnccc23)ncn1,4.47,0.0,1
CHEMBL1957,COc1cc(N2CCN(C)CC2)ccc1Nc1ncc(Cl)c(Nc2ccccc2P(C)(C)=O)n1,7.69,0.0,1
CHEMBL1957,COc1cc(N2CCN(C)CC2)ccc1Nc1ncc2c(n1)-c1c(nn(C)c1-c1cc(C)ccc1Cl)CC2,7.96,0.0,1
CHEMBL1957,COc1cc(N2CCN(C)CC2)ccc1Nc1ncc2c(n1)-c1c(nn(C)c1-c1ccc(-c3cnn(C)c3)cc1)CC2,9.85,0.21213203435596475,2
CHEMBL1957,COc1cc(N2CCN(C)CC2)ccc1Nc1ncc2c(n1)-c1c(nn(C)c1-c1ccc(C)cc1C)CC2,9.0,0.0,1
CHEMBL1957,COc1cc(N2CCN(C)CC2)ccc1Nc1ncc2c(n1)-c1c(nn(C)c1-c1ccc(F)cc1Cl)CC2,9.0,0.0,1
CHEMBL1957,COc1cc(N2CCN(C)CC2)ccc1Nc1ncc2c(n1)-c1c(nn(C)c1-c1cccc(C)c1Cl)CC2,9.0,0.0,1
CHEMBL1957,COc1cc(N2CCN(C)CC2)ccc1Nc1ncc2c(n1)-c1c(nn(C)c1-c1ccccc1)CC2,8.7,0.0,1
CHEMBL1957,COc1cc(N2CCN(C)CC2)ccc1Nc1ncc2c(n1)-c1c(nn(C)c1-c1ccccc1C)CC2,9.04,0.0,1
CHEMBL1957,COc1cc(N2CCN(C)CC2)ccc1Nc1ncc2c(n1)-c1c(nn(C)c1-c1ccccc1Cl)CC2,9.72,0.0,1
CHEMBL1957,COc1cc(N2CCN(C)CC2)ccc1Nc1ncc2c(n1)-c1c(nn(C)c1-c1ccccc1Cl)CC2C,9.72,0.0,1
CHEMBL1957,COc1cc(N2CCN(C)CC2)ccc1Nc1ncc2c(n1)-c1c(nn(C)c1-c1ccccc1OC)CC2,7.68,0.0,1
CHEMBL1957,COc1cc(N2CCN(C)CC2)ccc1Nc1ncc2c(n1)-c1c(nn(C)c1-c1ccco1)CC2,7.64,0.0,1
CHEMBL1957,COc1cc(N2CCN(C)CC2)ccc1Nc1ncc2c(n1)-c1c(nn(C)c1-c1ccsc1)CC2,8.52,0.0,1
CHEMBL1957,COc1cc(N2CCN(C)CC2)ccc1Nc1ncc2c(n1)-c1c(nn(C)c1-c1occc1C)CC2,7.96,0.0,1
CHEMBL1957,COc1cc(N2CCN(C)CC2)ccc1Nc1ncc2c(n1)-c1c(nn(C)c1C(C)c1ccccc1)CC2,8.4,0.0,1
CHEMBL1957,COc1cc(N2CCN(C)CC2)ccc1Nc1ncc2c(n1)-c1c(nn(C)c1C(OC)c1ccccc1)CC2,6.68,0.0,1
CHEMBL1957,COc1cc(N2CCN(C)CC2)ccc1Nc1ncc2c(n1)-c1c(nn(C)c1C1CCC1)CC2,8.15,0.0,1
CHEMBL1957,COc1cc(N2CCN(C)CC2)ccc1Nc1ncc2c(n1)-c1c(nn(C)c1CCc1ccccc1)CC2,7.66,0.0,1
CHEMBL1957,COc1cc(N2CCN(C)CC2)ccc1Nc1ncc2c(n1)-c1c(nn(C)c1Cc1ccccc1)CC2,9.0,0.0,1
CHEMBL1957,COc1cc(N2CCN(C)CC2)ccc1Nc1ncc2c(n1)-c1c(nn(C)c1[C@@H](C)c1ccccc1)CC2,9.16,0.0,1
CHEMBL1957,COc1cc(N2CCN(C)CC2)ccc1Nc1ncc2c(n1)-c1c(nn(C)c1[C@H](C)c1ccccc1)CC2,7.05,0.0,1
CHEMBL1957,COc1cc(N2CCN(C)CC2)ccc1Nc1nccc(-c2c[nH]c3c(C)nccc23)n1,7.29,0.0,1
CHEMBL1957,COc1cc(N2CCN(C)CC2)ccc1Nc1nccc(-c2c[nH]c3cnc(C)cc23)n1,7.14,0.0,1
CHEMBL1957,COc1cc(N2CCN(C)CC2)ccc1Nc1nccc(-c2c[nH]c3cnccc23)n1,5.83,0.0,1
CHEMBL1957,COc1cc(N2CCN(C)CC2)ccc1Nc1nccc(-c2cn(C)c3c(C)nccc23)n1,5.5,0.0,1
CHEMBL1957,COc1cc(N2CCN(C)CC2)ccc1Nc1nccc(-c2cn(C)c3cnccc23)n1,6.11,0.0,1
CHEMBL1957,COc1cc(N2CCN(C3CCN(C(C)=O)CC3)CC2)ccc1Nc1ncc2c(n1)-c1c(nn(C)c1Cc1cccc(Cl)c1)CC2,9.0,0.0,1
CHEMBL1957,COc1cc(N2CCN(C3CCN(C)CC3)CC2)ccc1Nc1ncc(Cl)c(Nc2ccccc2P(C)(C)=O)n1,7.36,0.0,1
CHEMBL1957,COc1cc(N2CCN(C3CCOCC3)CC2)ccc1Nc1ncc2c(n1)-c1c(nn(C)c1-c1ccc(-c3cnn(C)c3)cc1)CC2,10.1,0.0,1
CHEMBL1957,COc1cc(N2CCN(C3CCOCC3)CC2)ccc1Nc1ncc2c(n1)-c1c(nn(C)c1Cc1cccc(Cl)c1)CC2,9.0,0.0,1
CHEMBL1957,COc1cc(N2CCN(CC(=O)N(C)C)CC2)ccc1Nc1ncc(Cl)c(-c2cnc3ccccn23)n1,7.92,0.0,1
CHEMBL1957,COc1cc(N2CCN(CC(C)C)CC2)ccc1Nc1nc(Nc2ccccc2C#N)c2cc[nH]c2n1,6.33,1.0889444430272834,2
CHEMBL1957,COc1cc(N2CCN(CCO)CC2)ccc1Nc1ncc(Cl)c(-c2cnc3ccccn23)n1,7.82,0.0,1
CHEMBL1957,COc1cc(N2CCN(CCO)CC2)ccc1Nc1ncc(Cl)c(Nc2ccccc2P(C)(C)=O)n1,7.89,0.0,1
CHEMBL1957,COc1cc(N2CCN(CCO)CC2)ccc1Nc1ncc2c(n1)-c1c(nn(C)c1-c1ccc(-c3cnn(C)c3)cc1)CC2,10.1,0.0,1
CHEMBL1957,COc1cc(N2CCN(CCS(C)(=O)=O)CC2)ccc1Nc1ncc(Cl)c(-c2cnc3ccccn23)n1,7.77,0.0,1
CHEMBL1957,COc1cc(N2CCN(S(=O)(=O)N(C)C)CC2)ccc1Nc1ncc2c(n1)-c1c(nn(C)c1-c1ccc(-c3cnn(C)c3)cc1)CC2,8.7,0.0,1
CHEMBL1957,COc1cc(N2CCN(S(C)(=O)=O)CC2)ccc1Nc1ncc(Cl)c(-c2cnc3ccccn23)n1,8.05,0.0,1
CHEMBL1957,COc1cc(N2CCNC(=O)C2)ccc1Nc1ncc(Cl)c(-c2cnc3ccccn23)n1,7.5,0.0,1
CHEMBL1957,COc1cc(N2CCNCC2)ccc1Nc1ncc(Cl)c(-c2cnc3ccccn23)n1,7.7,0.0,1
CHEMBL1957,COc1cc(N2CCOCC2)ccc1Nc1ncc(Cl)c(-c2cnc3ccccn23)n1,7.89,0.0,1
CHEMBL1957,COc1cc(N2CCOCC2)ccc1Nc1ncc(Cl)c(Nc2ccccc2P(C)(C)=O)n1,7.29,0.0,1
CHEMBL1957,COc1cc(N2CC[C@@H](N(C)C)C2)ccc1Nc1ncc(Cl)c(Nc2ccccc2P(C)(C)=O)n1,7.37,0.0,1
CHEMBL1957,COc1cc(Nc2nccc(N(C)c3cnc4ccccc4c3)n2)cc(OC)c1OC,6.14,0.0,1
CHEMBL1957,COc1cc(Nc2nccc(Nc3cc4ccccc4cn3)n2)cc(OC)c1OC,8.28,0.0,1
CHEMBL1957,COc1cc(Nc2nccc(Nc3cc4ccccc4nc3C)n2)cc(OC)c1OC,7.32,0.0,1
CHEMBL1957,COc1cc(Nc2nccc(Nc3ccc4[nH]ncc4c3)n2)cc(OC)c1OC,7.47,0.0,1
CHEMBL1957,COc1cc(Nc2nccc(Nc3ccc4c(c3)NCC4(C)C)n2)cc(OC)c1OC,6.91,0.0,1
CHEMBL1957,COc1cc(Nc2nccc(Nc3ccc4ccccc4c3)n2)cc(OC)c1OC,8.66,0.0,1
CHEMBL1957,COc1cc(Nc2nccc(Nc3ccc4cn[nH]c4c3)n2)cc(OC)c1OC,6.99,0.0,1
CHEMBL1957,COc1cc(Nc2nccc(Nc3ccc4nc[nH]c4c3)n2)cc(OC)c1OC,6.7,0.0,1
CHEMBL1957,COc1cc(Nc2nccc(Nc3ccc4ncccc4c3)n2)cc(OC)c1OC,8.48,0.0,1
CHEMBL1957,COc1cc(Nc2nccc(Nc3ccc4nccnc4c3)n2)cc(OC)c1OC,7.24,0.0,1
CHEMBL1957,COc1cc(Nc2nccc(Nc3cccc(OC(F)(F)F)c3)n2)cc(OC)c1OC,7.52,0.0,1
CHEMBL1957,COc1cc(Nc2nccc(Nc3ccccn3)n2)cc(OC)c1OC,6.6,0.0,1
CHEMBL1957,COc1cc(Nc2nccc(Nc3cnc4ccccc4c3)n2)cc(OC)c1,7.7,0.0,1
CHEMBL1957,COc1cc(Nc2nccc(Nc3cnc4ccccc4c3)n2)cc(OC)c1OC,8.6,0.0,1
CHEMBL1957,COc1cc(Nc2nccc(Nc3cnc4ccccc4c3)n2)ccc1N1CCOCC1,8.62,0.0,1
CHEMBL1957,COc1cc(Nc2nccc(Nc3cnc4ccccc4c3)n2)ccc1OCCCN1CCCCC1,8.42,0.0,1
CHEMBL1957,COc1cc(Nc2nccc(Oc3cnc4ccccc4c3)n2)cc(OC)c1OC,6.03,0.0,1
CHEMBL1957,COc1cc(Nc2ncnc(Nc3ccc4ccccc4c3)n2)cc(OC)c1OC,7.89,0.0,1
CHEMBL1957,COc1cc(Nc2ncnc(Nc3cnc4ccccc4c3)n2)cc(OC)c1OC,7.39,0.0,1
CHEMBL1957,COc1cc(Nc2ncnc3[nH]ccc23)ccc1-c1nc2ccccc2s1,5.44,0.0,1
CHEMBL1957,COc1cc(OC)c(NC(=O)Nc2cc(C(F)(F)F)nc3ccccc23)cc1Cl,4.81,0.0,1
CHEMBL1957,COc1cc(OC2CCN(C(C)=O)CC2)ccc1Nc1ncc(Cl)c(-c2cnc3ccccn23)n1,7.8,0.0,1
CHEMBL1957,COc1cc(OC2CCN(C)C2)ccc1Nc1ncc(Cl)c(Nc2ccccc2P(C)(C)=O)n1,7.0,0.0,1
CHEMBL1957,COc1cc(OC2CCN(C)CC2)ccc1Nc1ncc(Cl)c(Nc2ccccc2P(C)(C)=O)n1,7.06,0.0,1
CHEMBL1957,COc1cc(OC2CCN(C)CC2)ccc1Nc1nccc(-c2c[nH]c3cnccc23)n1,5.48,0.0,1
CHEMBL1957,COc1cc(OC2CCNCC2)ccc1Nc1ncc(Cl)c(-c2cnc3ccccn23)n1,7.92,0.0,1
CHEMBL1957,COc1cc(OC2CN(C(C)=O)C2)ccc1Nc1ncc(Cl)c(-c2cnc3ccccn23)n1,7.22,0.0,1
CHEMBL1957,COc1cc(OC2CNC2)ccc1Nc1ncc(Cl)c(-c2cnc3ccccn23)n1,7.24,0.0,1
CHEMBL1957,COc1cc(OCCCN2CCCC2)ccc1Nc1ncc(Cl)c(Nc2ccccc2P(C)(C)=O)n1,7.76,0.0,1
CHEMBL1957,COc1cc(OCCN2CCCC2)ccc1Nc1ncc2c(n1)-c1c(nn(C(C)C)c1C(C)C)CC2,6.96,0.0,1
CHEMBL1957,COc1cc(OCCN2CCCC2)ccc1Nc1ncc2c(n1)-c1c(nn(C)c1-c1cc(C)ccc1Cl)CC2,7.82,0.0,1
CHEMBL1957,COc1cc(OCCN2CCCC2)ccc1Nc1ncc2c(n1)-c1c(nn(C)c1-c1ccc(C)cc1C)CC2,8.7,0.0,1
CHEMBL1957,COc1cc(OCCN2CCCC2)ccc1Nc1ncc2c(n1)-c1c(nn(C)c1-c1ccc(F)cc1Cl)CC2,8.7,0.0,1
CHEMBL1957,COc1cc(OCCN2CCCC2)ccc1Nc1ncc2c(n1)-c1c(nn(C)c1-c1cccc(C)c1Cl)CC2,9.0,0.0,1
CHEMBL1957,COc1cc(OCCN2CCCC2)ccc1Nc1ncc2c(n1)-c1c(nn(C)c1-c1ccccc1)CC2,8.3,0.0,1
CHEMBL1957,COc1cc(OCCN2CCCC2)ccc1Nc1ncc2c(n1)-c1c(nn(C)c1-c1ccccc1C)CC2,9.0,0.0,1
CHEMBL1957,COc1cc(OCCN2CCCC2)ccc1Nc1ncc2c(n1)-c1c(nn(C)c1-c1ccccc1Cl)CC2,9.74,0.0,1
CHEMBL1957,COc1cc(OCCN2CCCC2)ccc1Nc1ncc2c(n1)-c1c(nn(C)c1-c1ccccc1Cl)CC2C,9.1,0.0,1
CHEMBL1957,COc1cc(OCCN2CCCC2)ccc1Nc1ncc2c(n1)-c1c(nn(C)c1-c1ccccc1OC)CC2,7.7,0.0,1
CHEMBL1957,COc1cc(OCCN2CCCC2)ccc1Nc1ncc2c(n1)-c1c(nn(C)c1-c1ccco1)CC2,6.97,0.0,1
CHEMBL1957,COc1cc(OCCN2CCCC2)ccc1Nc1ncc2c(n1)-c1c(nn(C)c1-c1ccsc1)CC2,8.3,0.0,1
CHEMBL1957,COc1cc(OCCN2CCCC2)ccc1Nc1ncc2c(n1)-c1c(nn(C)c1-c1occc1C)CC2,7.89,0.0,1
CHEMBL1957,COc1cc(OCCN2CCCC2)ccc1Nc1ncc2c(n1)-c1c(nn(C)c1C(C)C)CC2C,8.3,0.0,1
CHEMBL1957,COc1cc(OCCN2CCCC2)ccc1Nc1ncc2c(n1)-c1c(nn(C)c1C(C)c1ccccc1)CC2,7.96,0.0,1
CHEMBL1957,COc1cc(OCCN2CCCC2)ccc1Nc1ncc2c(n1)-c1c(nn(C)c1C(OC)c1ccccc1)CC2,6.81,0.0,1
CHEMBL1957,COc1cc(OCCN2CCCC2)ccc1Nc1ncc2c(n1)-c1c(nn(C)c1CCc1ccccc1)CC2,7.34,0.0,1
CHEMBL1957,COc1cc(P(C)(C)=O)ccc1Nc1ncc(Cl)c(Nc2ccccc2C(C)=O)n1,9.33,0.0,1
CHEMBL1957,COc1cc(P(C)(C)=O)ccc1Nc1ncc(Cl)c(Nc2ccccc2C(N)=O)n1,9.96,0.0,1
CHEMBL1957,COc1cc(P(C)(C)=O)ccc1Nc1ncc(Cl)c(Nc2ccccc2OC)n1,7.66,0.0,1
CHEMBL1957,COc1cc(P(C)(C)=O)ccc1Nc1ncc(Cl)c(Nc2ccccc2P(C)(C)=O)n1,6.86,0.0,1
CHEMBL1957,COc1cc(P(C)(C)=O)ccc1Nc1ncc(Cl)c(Nc2ccccc2S(=O)(=O)C(C)C)n1,8.72,0.0,1
CHEMBL1957,COc1cc(P(C)(C)=O)ccc1Nc1ncc(Cl)c(Nc2ccccc2S(C)(=O)=O)n1,9.4,0.0,1
CHEMBL1957,COc1cc2c(Nc3ccc(Sc4ccccc4O)cc3)c(C#N)cnc2cc1OCCCN1CCOCC1,5.96,0.0,1
CHEMBL1957,COc1cc2c(Nc3ccc(Sc4nc(C)c(C)n4C(C)C)c(Cl)c3)c(C#N)cnc2cc1NCCCN(C)C,7.1,0.0,1
CHEMBL1957,COc1cc2c(Nc3ccc(Sc4nc(C)c(C)n4C)c(Br)c3)c(C#N)cnc2cc1NCCCN(C)C,7.52,0.0,1
CHEMBL1957,COc1cc2c(Nc3ccc(Sc4nc(C)c(C)n4C)c(Cl)c3)c(C#N)cnc2cc1NCCCN(C)C,7.58,0.0,1
CHEMBL1957,COc1cc2c(Nc3ccc(Sc4nc(C)c(C)n4C)cc3)c(C#N)cnc2cc1NCCCN(C)C,6.41,0.0,1
CHEMBL1957,COc1cc2c(Nc3ccc(Sc4nc(C)c(C)n4Cc4ccccc4)c(Cl)c3)c(C#N)cnc2cc1NCCCN(C)C,7.19,0.0,1
CHEMBL1957,COc1cc2c(Nc3ccc(Sc4nc5cc(C)ccc5n4C)c(Cl)c3)c(C#N)cnc2cc1NCCCN(C)C,6.54,0.0,1
CHEMBL1957,COc1cc2c(Nc3ccc(Sc4nccn4C)c(Cl)c3)c(C#N)cnc2cc1N(C)CCCN(C)C,6.82,0.0,1
CHEMBL1957,COc1cc2c(Nc3ccc(Sc4nccn4C)c(Cl)c3)c(C#N)cnc2cc1N1CCN(C)CC1,6.22,0.0,1
CHEMBL1957,COc1cc2c(Nc3ccc(Sc4nccn4C)c(Cl)c3)c(C#N)cnc2cc1NCCCN(C)C,6.82,0.0,1
CHEMBL1957,COc1cc2c(Nc3ccc(Sc4nccn4C)c(Cl)c3)c(C#N)cnc2cc1OCCCN(C)CCO,6.85,0.0,1
CHEMBL1957,COc1cc2c(Nc3ccc(Sc4nccn4C)c(Cl)c3)c(C#N)cnc2cc1OCCCN1CCCC1,7.06,0.0,1
CHEMBL1957,COc1cc2c(Nc3ccc(Sc4nccn4C)c(Cl)c3)c(C#N)cnc2cc1OCCCN1CCOCC1,7.18,0.0,1
CHEMBL1957,COc1cc2c(Nc3ccc(Sc4nccn4C)cc3)c(C#N)cnc2cc1OCCCN1CCOCC1,6.0,0.0,1
CHEMBL1957,COc1cc2c(Nc3ncc(CC(=O)Nc4cccc(F)c4)s3)ncnc2cc1OCCCN1CCC(CO)CC1,4.89,0.0,1
CHEMBL1957,COc1cc2c(Oc3ccc(C4SCC(=O)N4NC(=O)Nc4ccc(F)cc4F)cc3F)ccnc2cc1OCCCN1CCN(C)CC1,5.18,0.0,1
CHEMBL1957,COc1cc2c(Oc3ccc(NC(=O)NN4C(=O)CSC4c4c(F)cccc4F)c(F)c3)ccnc2cc1OCCCN1CCCC1,5.33,0.0,1
CHEMBL1957,COc1cc2c(cc1Nc1nc(N3CCc4ccccc43)c3cc[nH]c3n1)N(C(=O)CN(C)C)CC2,7.949999999999999,1.626345596729059,2
CHEMBL1957,COc1cc2c(cc1Nc1nc(N3CCc4ccccc43)c3cc[nH]c3n1)N(C(=O)CN(C)C)CCC2,8.56,1.0465180361560906,2
CHEMBL1957,COc1cc2c(cc1Nc1nc(Nc3cccc(F)c3C(N)=O)c3cc[nH]c3n1)N(C(=O)CCN(C)C)CC2,7.41,0.9758073580374358,2
CHEMBL1957,COc1cc2c(cc1Nc1nc(Nc3cccc(F)c3C(N)=O)c3cc[nH]c3n1)N(C(=O)CCN(C)C)CCC2,7.34,0.933380951166243,2
CHEMBL1957,COc1cc2c(cc1Nc1nc(Nc3cccc(F)c3C(N)=O)c3cc[nH]c3n1)N(C(=O)CCN1CCN(C(C)C)CC1)CC2,7.295,1.5627059864222697,2
CHEMBL1957,COc1cc2c(cc1Nc1nc(Nc3cccc(F)c3C(N)=O)c3cc[nH]c3n1)N(C(=O)CCN1CCOCC1)CC2,7.375,1.1950104602052651,2
CHEMBL1957,COc1cc2c(cc1Nc1nc(Nc3cccc(F)c3C(N)=O)c3cc[nH]c3n1)N(C(=O)CN(C)C)CC2,7.4575,1.121646854703684,4
CHEMBL1957,COc1cc2c(cc1Nc1nc(Nc3cccc(F)c3C(N)=O)c3cc[nH]c3n1)N(C(=O)CN(C)C)CCC2,8.4,0.8485281374238575,2
CHEMBL1957,COc1cc2c(cc1Nc1nc(Nc3cccc(F)c3C(N)=O)c3cc[nH]c3n1)N(C(=O)CN(C)OC)CC2,6.68,0.876812408671319,2
CHEMBL1957,COc1cc2c(cc1Nc1nc(Nc3cccc(F)c3C(N)=O)c3cc[nH]c3n1)N(C(=O)CN)CC2,7.26,1.6122034611053282,2
CHEMBL1957,COc1cc2c(cc1Nc1nc(Nc3cccc(F)c3C(N)=O)c3cc[nH]c3n1)N(C(=O)CN1CCC1)CC2,7.945,1.491995308303616,2
CHEMBL1957,COc1cc2c(cc1Nc1nc(Nc3cccc(F)c3C(N)=O)c3cc[nH]c3n1)N(C(=O)CN1CCCC1)CC2,8.31,0.9758073580374358,2
CHEMBL1957,COc1cc2c(cc1Nc1nc(Nc3cccc(F)c3C(N)=O)c3cc[nH]c3n1)N(C(=O)CN1CCCCC1)CCC2,8.48,0.7353910524340098,2
CHEMBL1957,COc1cc2c(cc1Nc1nc(Nc3cccc(F)c3C(N)=O)c3cc[nH]c3n1)N(C(=O)CN1CCN(C(C)C)CC1)CC2,6.96,0.7636753236814714,2
CHEMBL1957,COc1cc2c(cc1Nc1nc(Nc3cccc(F)c3C(N)=O)c3cc[nH]c3n1)N(C(=O)CN1CCOCC1)CC2,7.515,0.5303300858899106,2
CHEMBL1957,COc1cc2c(cc1Nc1nc(Nc3cccc(F)c3C(N)=O)c3cc[nH]c3n1)N(C(=O)Cn1ccnc1)CC2,6.305,1.689985207035848,2
CHEMBL1957,COc1cc2c(cc1Nc1nc(Nc3cccc(F)c3C(N)=O)c3cc[nH]c3n1)N(C(C)=O)CC2,7.390000000000001,1.17379725676967,2
CHEMBL1957,COc1cc2c(cc1Nc1nc(Nc3cccc(F)c3C(N)=O)c3cc[nH]c3n1)N(C(C)=O)CCC2,6.65,1.3435028842544403,2
CHEMBL1957,COc1cc2c(cc1Nc1nc(Nc3cccc(F)c3C(N)=O)c3cc[nH]c3n1)N(CCN(C)C)CC2,6.75,0.9192388155425123,2
CHEMBL1957,COc1cc2c(cc1Nc1nc(Nc3cccc4c3C(=O)NC4)c3cc[nH]c3n1)N(C(=O)CN(C)C)CC2,8.45,0.9192388155425113,2
CHEMBL1957,COc1cc2c(cc1Nc1nc(Nc3cccnc3C(N)=O)c3cc[nH]c3n1)N(C(=O)CN(C)C)CC2,8.285,1.2232947314527276,2
CHEMBL1957,COc1cc2c(cc1Nc1nc(Nc3cccnc3C(N)=O)c3cc[nH]c3n1)N(C(=O)CN(C)C)CCC2,8.525,1.0960155108391492,2
CHEMBL1957,COc1cc2c(cc1Nc1nc(Nc3ccoc3C(N)=O)c3cc[nH]c3n1)N(C(=O)CN(C)C)CC2,8.325,1.0960155108391483,2
CHEMBL1957,COc1cc2c(cc1Nc1nc(Nc3ccoc3C(N)=O)c3cc[nH]c3n1)N(C(=O)CN(C)C)CCC2,8.785,1.039446968344224,2
CHEMBL1957,COc1cc2c(cc1Nc1nc(Nc3ccsc3C(N)=O)c3cc[nH]c3n1)N(C(=O)CN(C)C)CC2,8.76,1.074802307403552,2
CHEMBL1957,COc1cc2c(cc1Nc1nc(Nc3ccsc3C(N)=O)c3cc[nH]c3n1)N(C(=O)CN(C)C)CCC2,8.22,0.0,1
CHEMBL1957,COc1cc2c(cc1Nc1nc(Nc3ccsc3C(N)=O)c3cc[nH]c3n1)N(C(=O)CN(C)C)CCC2(C)C,9.7,0.0,1
CHEMBL1957,COc1cc2nc(C)oc2c(C[C@]2(C)[C@@H](C)CC[C@@]3(C)C(C)=CCC[C@@H]23)c1O,5.48,0.0,1
CHEMBL1957,COc1cc2nc(Nc3cc(C)[nH]n3)nc(Nc3ccc(-c4nc5ccccc5s4)cc3)c2cc1OC,5.78,0.0,1
CHEMBL1957,COc1cc2nc(Nc3cc(C)[nH]n3)nc(Nc3cccc(-c4nc5ccccc5s4)c3)c2cc1OC,6.09,0.0,1
CHEMBL1957,COc1cc2ncc(C#N)c(Nc3ccc(Sc4nccn4C)c(Cl)c3)c2cc1OC,6.07,0.0,1
CHEMBL1957,COc1cc2nccc(Oc3ccc(NC(=O)c4c(C)n(C)n(-c5ccccc5)c4=O)cc3F)c2cc1OC,8.0,0.0,1
CHEMBL1957,COc1cc2ncnc(Nc3ccc(N4Cc5ccccc5C4)cc3)c2cc1OC,5.12,0.0,1
CHEMBL1957,COc1ccc(-c2c3c(nn2C)CCc2cnc(Nc4ccc(C(=O)NC5CCN(C)CC5)cc4OC)nc2-3)c(Cl)c1,9.4,0.0,1
CHEMBL1957,COc1ccc(-c2c3c(nn2C)CCc2cnc(Nc4ccc(N5CCN(C)CC5)cc4OC)nc2-3)c(Cl)c1,9.52,0.0,1
CHEMBL1957,COc1ccc(-c2c3c(nn2C)CCc2cnc(Nc4ccc(OCCN5CCCC5)cc4OC)nc2-3)c(Cl)c1,9.3,0.0,1
CHEMBL1957,COc1ccc(-c2c3c(nn2C)CCc2cnc(Nc4ccccc4)nc2-3)c(Cl)c1,8.4,0.0,1
CHEMBL1957,COc1ccc(-c2c3c(nn2C)CCc2cnc(Nc4ccccc4OC)nc2-3)c(Cl)c1,7.82,0.0,1
CHEMBL1957,COc1ccc(-c2c3c(nn2C)CCc2cnc(Nc4ccn(C)n4)nc2-3)cc1,8.22,0.0,1
CHEMBL1957,COc1ccc(-c2c3c(nn2C)CCc2cnc(Nc4ccn(CC(=O)N(C)C)n4)nc2-3)cc1,8.0,0.0,1
CHEMBL1957,COc1ccc(-c2c3c(nn2C)CCc2cnc(Nc4cnn(C)c4)nc2-3)cc1,8.52,0.0,1
CHEMBL1957,COc1ccc(-c2c3c(nn2C)CCc2cnc(Nc4cnn(C5CCN(C(C)=O)CC5)c4)nc2-3)cc1,9.4,0.0,1
CHEMBL1957,COc1ccc(-c2ccc(Cn3cc(CCN)c4cc(OCCc5ccc(O)cc5)ccc43)cc2)cc1,5.75,0.0,1
CHEMBL1957,COc1ccc(-c2nc(C3CCC3)n3ccnc(N)c23)cc1OCc1ccccc1,5.87,0.0,1
CHEMBL1957,COc1ccc(C(=O)N2CCN(c3nnc(Cc4ccccc4)c4ccccc34)CC2)cc1,5.39,0.0,1
CHEMBL1957,COc1ccc(C(=O)N2CCOCC2)cc1Nc1ncc(Cl)c(-c2cnc3ccccn23)n1,6.92,0.0,1
CHEMBL1957,COc1ccc(C(=O)NNC(=O)C(=O)c2c[nH]c3ccccc23)cc1,4.27,0.0,1
CHEMBL1957,COc1ccc(C(O)CNc2cc[nH]c(=O)c2-c2nc3c(C)cc(-n4ccnc4)cc3[nH]2)cc1,6.28,0.0,1
CHEMBL1957,COc1ccc(C(O)CNc2cc[nH]c(=O)c2-c2nc3c(C)cc(-n4ccnc4)cc3[nH]2)cc1Cl,6.82,0.0,1
CHEMBL1957,COc1ccc(CCCCCn2c3c(c4cc(OCCc5ccc(O)cc5)ccc42)CC(N)CC3)cc1,5.54,0.0,1
CHEMBL1957,COc1ccc(CCCCCn2cc(CCN)c3cc(OCCc4ccc(O)cc4)ccc32)cc1,5.49,0.0,1
CHEMBL1957,COc1ccc(CCCCc2ccc(O)c(O)c2)cc1,5.96,0.0,1
CHEMBL1957,COc1ccc(CCCN(C)C)cc1Nc1nc(Nc2cccc(F)c2C(N)=O)c2cc[nH]c2n1,7.279999999999999,0.8626702730475875,2
CHEMBL1957,COc1ccc(CCOc2ccc3c(c2)c(CCN)cn3CCCCCc2ccc(SC)cc2)cc1,6.01,0.0,1
CHEMBL1957,COc1ccc(C[C@@H](CO)Nc2cc[nH]c(=O)c2-c2nc3c(C)cc(-n4ccnc4)cc3[nH]2)cc1,5.51,0.0,1
CHEMBL1957,COc1ccc(Cc2c3c(nn2C)CCc2cnc(Nc4ccc(C(=O)NC5CCN(C)CC5)cc4OC)nc2-3)cc1,7.96,0.0,1
CHEMBL1957,COc1ccc(Cc2c3c(nn2C)CCc2cnc(Nc4ccc(N5CCN(C)CC5)cc4OC)nc2-3)cc1,8.3,0.0,1
CHEMBL1957,COc1ccc(Cc2c3c(nn2C)CCc2cnc(Nc4ccc(OCCN5CCCC5)cc4OC)nc2-3)cc1,8.05,0.0,1
CHEMBL1957,COc1ccc(Cc2c3c(nn2C)CCc2cnc(Nc4ccccc4)nc2-3)cc1,6.64,0.0,1
CHEMBL1957,COc1ccc(Cc2c3c(nn2C)CCc2cnc(Nc4ccccc4OC)nc2-3)cc1,6.68,0.0,1
CHEMBL1957,COc1ccc(Cc2nnc(N3CCN(C(=O)Nc4ccc(Cl)c(C(F)(F)F)c4)CC3)c3ccccc23)cc1,5.26,0.0,1
CHEMBL1957,COc1ccc(Cc2nnc(N3CCN(C(=O)Nc4ccc(OC)cc4)CC3)c3ccccc23)cc1,6.06,0.0,1
CHEMBL1957,COc1ccc(Cc2nnc(N3CCN(C(=O)Nc4ccccc4)CC3)c3ccccc23)cc1,5.27,0.0,1
CHEMBL1957,COc1ccc(Cc2nnc(N3CCN(C(=O)c4ccccc4)CC3)c3ccccc23)cc1,5.82,0.0,1
CHEMBL1957,COc1ccc(Cc2nnc(N3CCN(C(=S)Nc4ccc(Cl)cc4)CC3)c3ccccc23)cc1,5.13,0.0,1
CHEMBL1957,COc1ccc(Cc2nnc(N3CCN(C(=S)Nc4ccc(OC)cc4)CC3)c3ccccc23)cc1,5.25,0.0,1
CHEMBL1957,COc1ccc(Cc2nnc(N3CCN(C(=S)Nc4cccc(Cl)c4)CC3)c3ccccc23)cc1,5.07,0.0,1
CHEMBL1957,COc1ccc(Cc2nnc(N3CCN(C(=S)Nc4ccccc4)CC3)c3ccccc23)cc1,5.62,0.0,1
CHEMBL1957,COc1ccc(Cl)cc1NC(=O)Nc1cc(=O)[nH]c2ccccc12,5.19,0.0,1
CHEMBL1957,COc1ccc(Cl)cc1NC(=O)Nc1cc(C(F)(F)F)nc2ccccc12,5.46,0.0,1
CHEMBL1957,COc1ccc(Cl)cc1NC(=O)Nc1cc(C)nc2c1CCCN2,4.69,0.0,1
CHEMBL1957,COc1ccc(Cl)cc1NC(=O)Nc1cc(C)nc2ccccc12,4.73,0.0,1
CHEMBL1957,COc1ccc(Cl)cc1NC(=O)Nc1cc(C)nc2ncccc12,4.61,0.0,1
CHEMBL1957,COc1ccc(Cl)cc1NC(=O)Nc1cc(Cl)nc2ccccc12,4.83,0.0,1
CHEMBL1957,COc1ccc(Cn2ncc(NC(=O)c3cc(NC(=O)Nc4ccc(Cl)c(C(F)(F)F)c4)ccc3C)c2N)cc1,7.29,0.0,1
CHEMBL1957,COc1ccc(N(C)C(=O)CN(C)C)cc1Nc1nc(Nc2cccc(F)c2C(N)=O)c2cc[nH]c2n1,6.859999999999999,0.6222539674441614,2
CHEMBL1957,COc1ccc(N2CCN(C(C)=O)CC2)cc1Nc1ncc(Cl)c(-c2cnc3ccccn23)n1,7.29,0.0,1
CHEMBL1957,COc1ccc(N2CCN(C(C)C)CC2)cc1Nc1nc(Nc2cccc(F)c2C(N)=O)c2cc[nH]c2n1,7.550000000000001,1.202081528017131,2
CHEMBL1957,COc1ccc(N2CCNCC2)cc1Nc1ncc(Cl)c(-c2cnc3ccccn23)n1,7.22,0.0,1
CHEMBL1957,COc1ccc(N2CCOCC2)cc1Nc1ncc(Cl)c(-c2cnc3ccccn23)n1,7.08,0.0,1
CHEMBL1957,COc1ccc(NC(=O)/C=C/CN(C)C)cc1Nc1ncc(Cl)c(-c2cnn3ccccc23)n1,8.4,0.0,1
CHEMBL1957,COc1ccc(NC(=O)CN(C)C)cc1Nc1nc(Nc2cccc(F)c2C(N)=O)c2cc[nH]c2n1,8.275,1.0253048327204943,2
CHEMBL1957,COc1ccc(NC(=O)N2CCN(c3nnc(Cc4ccccc4)c4ccccc34)CC2)cc1,5.37,0.0,1
CHEMBL1957,COc1ccc(NC(=O)Nc2cc(C(F)(F)F)nc3ccccc23)cc1Cl,5.06,0.0,1
CHEMBL1957,COc1ccc(NC(=O)Nc2cc(C)nc3ccccc23)cc1,4.86,0.0,1
CHEMBL1957,COc1ccc(NC(=S)N2CCN(c3nnc(Cc4ccccc4)c4ccccc34)CC2)cc1,5.06,0.0,1
CHEMBL1957,COc1ccc(Nc2ncc3c(n2)-c2c(nn(-c4ccccn4)c2C(C)C)CC3)cc1,5.53,0.0,1
CHEMBL1957,COc1ccc(Nc2ncc3c(n2)-c2c(nn(C)c2C)CC3(C)C)cc1,6.36,0.0,1
CHEMBL1957,COc1ccc(Nc2ncc3c(n2)-c2c(nn(CCN(C)C)c2C)CC3)c(OC)c1,6.62,0.0,1
CHEMBL1957,COc1ccc(Nc2nccc(Nc3cnc4ccccc4c3)n2)cc1,7.26,0.0,1
CHEMBL1957,COc1ccc(Nc2nccc(Nc3cnc4ccccc4c3)n2)cc1Cl,7.44,0.0,1
CHEMBL1957,COc1ccc(Nc2nccc(Nc3cnc4ccccc4c3)n2)cc1OC,7.75,0.0,1
CHEMBL1957,COc1ccc(OCCCN(C)C)cc1Nc1nc(Nc2cccc(F)c2C(N)=O)c2cc[nH]c2n1,7.595,0.7141778489984129,2
CHEMBL1957,COc1ccc2c(Oc3ccc(NC(=O)c4c(C)n(CC(C)(C)O)n(-c5ccccc5)c4=O)nc3)ccnc2c1,6.0,0.0,1
CHEMBL1957,COc1ccc2c(c1)C(=O)N(c1nc(C(=O)Nc3cnccc3N3CCNCC3)cs1)C2,4.52,0.0,1
CHEMBL1957,COc1ccc2ncc(-c3nc(Nc4ccc(N5CCN(C(C)=O)CC5)cc4OC)ncc3Cl)n2c1,7.26,0.0,1
CHEMBL1957,COc1cccc(-c2c3c(nn2C)CCc2cnc(Nc4cc(C)n(C)n4)nc2-3)c1,7.24,0.0,1
CHEMBL1957,COc1cccc(-c2c3c(nn2C)CCc2cnc(Nc4ccn(CCN(C)C)n4)nc2-3)c1,7.75,0.0,1
CHEMBL1957,COc1cccc(-c2c3c(nn2C)CCc2cnc(Nc4cnn(C)c4)nc2-3)c1,7.64,0.0,1
CHEMBL1957,COc1cccc(-c2c3c(nn2C)CCc2cnc(Nc4cnn(C5CCN(C(C)=O)CC5)c4)nc2-3)c1,7.92,0.0,1
CHEMBL1957,COc1cccc(C(O)CNc2cc[nH]c(=O)c2-c2nc3c(C)cc(-n4ccnc4)cc3[nH]2)c1,6.15,0.0,1
CHEMBL1957,COc1cccc(C[C@@H](CO)Nc2cc[nH]c(=O)c2-c2nc3c(C)cc(-n4ccnc4)cc3[nH]2)c1,6.18,0.0,1
CHEMBL1957,COc1cccc(Cc2c3c(nn2C)CCc2cnc(Nc4cc(C)n(C)n4)nc2-3)c1,7.92,0.0,1
CHEMBL1957,COc1cccc(Cc2c3c(nn2C)CCc2cnc(Nc4ccn(C)n4)nc2-3)c1,8.3,0.0,1
CHEMBL1957,COc1cccc(Cc2c3c(nn2C)CCc2cnc(Nc4cnn(CCN(C)C)c4)nc2-3)c1,8.46,0.08485281374238578,2
CHEMBL1957,COc1cccc(NC(=S)N2CCN(c3nnc(Cc4ccccc4)c4ccccc34)CC2)c1,5.95,0.0,1
CHEMBL1957,COc1cccc(Nc2ncc3c(n2)-c2c(nn(-c4ccccn4)c2C(C)C)CC3)c1,5.63,0.0,1
CHEMBL1957,COc1cccc(Nc2ncc3c(n2)-c2c(nn(-c4cccnc4)c2C(C)C)CC3)c1,6.04,0.0,1
CHEMBL1957,COc1cccc(Nc2nccc(Nc3cnc4ccccc4c3)n2)c1,7.4,0.0,1
CHEMBL1957,COc1ccccc1-c1c2c(nn1C)CCc1cnc(Nc3ccc(C(=O)NC4CCN(C)CC4)cc3C)nc1-2,6.93,0.0,1
CHEMBL1957,COc1ccccc1-c1c2c(nn1C)CCc1cnc(Nc3ccccc3)nc1-2,7.25,0.0,1
CHEMBL1957,COc1ccccc1C[C@@H](CO)Nc1cc[nH]c(=O)c1-c1nc2c(C)cc(-n3ccnc3)cc2[nH]1,6.24,0.0,1
CHEMBL1957,COc1ccccc1Cc1c2c(nn1C)CCc1cnc(Nc3ccc(C(=O)NC4CCN(C)CC4)cc3OC)nc1-2,8.7,0.0,1
CHEMBL1957,COc1ccccc1Cc1c2c(nn1C)CCc1cnc(Nc3ccc(N4CCN(C)CC4)cc3OC)nc1-2,9.0,0.0,1
CHEMBL1957,COc1ccccc1Cc1c2c(nn1C)CCc1cnc(Nc3ccc(OCCN4CCCC4)cc3OC)nc1-2,9.0,0.0,1
CHEMBL1957,COc1ccccc1Cc1c2c(nn1C)CCc1cnc(Nc3ccccc3)nc1-2,7.43,0.0,1
CHEMBL1957,COc1ccccc1Cc1c2c(nn1C)CCc1cnc(Nc3ccccc3OC)nc1-2,7.52,0.0,1
CHEMBL1957,COc1ccccc1Cc1c2c(nn1C)CCc1cnc(Nc3ccn(CCN(C)C)n3)nc1-2,8.3,0.0,1
CHEMBL1957,COc1ccccc1Cc1c2c(nn1C)CCc1cnc(Nc3cnn(C4CCN(C(C)=O)CC4)c3)nc1-2,8.22,0.0,1
CHEMBL1957,COc1ccccc1Cc1c2c(nn1C)CCc1cnc(Nc3cnn(CCN(C)C)c3)nc1-2,7.89,0.0,1
CHEMBL1957,COc1ccccc1Cc1nc2ccc(-c3nn([C@H]4CC[C@H](C5CCN(C)CC5)CC4)c4ncnc(N)c34)cc2[nH]1,7.09,0.0,1
CHEMBL1957,COc1ccccc1Cc1nc2ccc(-c3nn([C@H]4CC[C@H](N5CCN(C(=O)N(C)C)CC5)CC4)c4ncnc(N)c34)cc2[nH]1,7.16,0.0,1
CHEMBL1957,COc1ccccc1Cc1nc2ccc(-c3nn([C@H]4CC[C@H](N5CCN(C(C)=O)CC5)CC4)c4ncnc(N)c34)cc2[nH]1,7.57,0.0,1
CHEMBL1957,COc1ccccc1Cc1nc2ccc(-c3nn([C@H]4CC[C@H](N5CCN(CC6CC6)CC5)CC4)c4ncnc(N)c34)cc2[nH]1,7.4,0.0,1
CHEMBL1957,COc1ccccc1Cc1nc2ccc(-c3nn([C@H]4CC[C@H](N5CCNCC5)CC4)c4ncnc(N)c34)cc2[nH]1,7.58,0.0,1
CHEMBL1957,COc1ccccc1Cc1nc2ccc(-c3nn([C@H]4CC[C@H](N5CCOCC5)CC4)c4ncnc(N)c34)cc2[nH]1,7.09,0.0,1
CHEMBL1957,COc1ccccc1Nc1ncc2c(n1)-c1c(nn(-c3cccnc3)c1C(C)C)CC2,5.58,0.0,1
CHEMBL1957,COc1ccccc1Nc1ncc2c(n1)-c1c(nn(C)c1-c1cc(C)ccc1Cl)CC2,6.16,0.0,1
CHEMBL1957,COc1ccccc1Nc1ncc2c(n1)-c1c(nn(C)c1-c1ccc(C)cc1C)CC2,6.97,0.0,1
CHEMBL1957,COc1ccccc1Nc1ncc2c(n1)-c1c(nn(C)c1-c1ccc(F)cc1Cl)CC2,7.15,0.0,1
CHEMBL1957,COc1ccccc1Nc1ncc2c(n1)-c1c(nn(C)c1-c1cccc(C)c1Cl)CC2,7.41,0.0,1
CHEMBL1957,COc1ccccc1Nc1ncc2c(n1)-c1c(nn(C)c1-c1ccccc1)CC2,7.21,0.0,1
CHEMBL1957,COc1ccccc1Nc1ncc2c(n1)-c1c(nn(C)c1-c1ccccc1C)CC2,7.37,0.0,1
CHEMBL1957,COc1ccccc1Nc1ncc2c(n1)-c1c(nn(C)c1-c1ccccc1Cl)CC2,7.92,0.0,1
CHEMBL1957,COc1ccccc1Nc1ncc2c(n1)-c1c(nn(C)c1-c1ccccc1Cl)CC2C,7.89,0.0,1
CHEMBL1957,COc1ccccc1Nc1ncc2c(n1)-c1c(nn(C)c1-c1ccccc1OC)CC2,6.36,0.0,1
CHEMBL1957,COc1ccccc1Nc1ncc2c(n1)-c1c(nn(C)c1-c1ccco1)CC2,6.58,0.0,1
CHEMBL1957,COc1ccccc1Nc1ncc2c(n1)-c1c(nn(C)c1-c1ccsc1)CC2,7.05,0.0,1
CHEMBL1957,COc1ccccc1Nc1ncc2c(n1)-c1c(nn(C)c1-c1occc1C)CC2,6.77,0.0,1
CHEMBL1957,COc1ccccc1Nc1ncc2c(n1)-c1c(nn(C)c1C(C)C)CC2C,7.55,0.0,1
CHEMBL1957,COc1ccccc1Nc1ncc2c(n1)-c1c(nn(C)c1C)CCC2,6.11,0.0,1
CHEMBL1957,COc1ccccc1Nc1ncc2c(n1)-c1c(nn(C)c1CCc1ccccc1)CC2,6.0,0.0,1
CHEMBL1957,COc1ccn2c(-c3nc(Nc4ccc(N5CCN(C(C)=O)CC5)cc4OC)ncc3Cl)cnc2c1,8.1,0.0,1
CHEMBL1957,COc1nc(C)cc2c1-c1[nH]c3cc(N4CCN(C)CC4)ccc3c1CCN2CCc1ccccc1,5.35,0.0,1
CHEMBL1957,COc1nc(Nc2ccc(-c3nc4ccccc4s3)c(OC)c2)c2cc[nH]c2n1,5.54,0.0,1
CHEMBL1957,COc1nc(Nc2ccc(-c3nc4ccccc4s3)cc2)c2cc[nH]c2n1,5.36,0.0,1
CHEMBL1957,COc1nn(C2CCN(C(C)=O)CC2)cc1Nc1ncc(Cl)c(-c2cnc3ccccn23)n1,7.12,0.0,1
CHEMBL1957,COc1nn(C2CCN(C(C)=O)CC2)cc1Nc1ncc(Cl)c(-c2cnn3ccccc23)n1,7.31,0.0,1
CHEMBL1957,CS(=O)(=O)NCc1cccc(-c2ccc(C(=O)NNC(=O)C(=O)c3c[nH]c4ccccc34)cc2)c1,5.48,0.0,1
CHEMBL1957,CSc1ccc(CCCCCn2cc(CCN)c3cc(OCCc4ccc(O)cc4)ccc32)cc1,5.65,0.0,1
CHEMBL1957,C[C@@H](Oc1cc(-c2cnn(C3CCNCC3)c2)cnc1N)c1c(Cl)ccc(F)c1Cl,6.84,0.0,1
CHEMBL1957,C[C@@H](Oc1ccc2ncc(C3CC3C(N)=O)cc2c1)c1c(Cl)ccc(F)c1Cl,4.57,0.0,1
CHEMBL1957,C[C@@H](c1cc(F)cc(F)c1)c1ccc2[nH]nc(NC(=O)c3ccc(N4CCN(C)CC4)cc3NC3CCOCC3)c2c1,6.87,0.0,1
CHEMBL1957,C[C@@]1(C(=O)NC2CCCN(CC3CC3)C2)CCCN1c1nc(Nc2cc(C(N)=O)[nH]n2)c2cccn2n1,6.63,0.0,1
CHEMBL1957,C[C@@]1(C(=O)NC2CCNC2)CCCN1c1nc(Nc2cc(C3CC3)[nH]n2)c2cccn2n1,6.33,0.0,1
CHEMBL1957,C[C@@]1(C(=O)Nc2cc(C3CC3)n[nH]2)CCCN1c1nc(Nc2cc(C3CC3)[nH]n2)c2cccn2n1,7.47,0.0,1
CHEMBL1957,C[C@@]1(C(=O)Nc2ccc(C(F)(F)F)nc2)CCCN1c1nc(Nc2cc(C3CC3)[nH]n2)c2cccn2n1,6.04,0.0,1
CHEMBL1957,C[C@@]1(C(=O)Nc2ccc(F)nc2)CCCN1c1nc(Nc2cc(C3CC3)n[nH]2)c2cccn2n1,8.506666666666666,0.37004504230341095,3
CHEMBL1957,C[C@@]1(C(=O)Nc2ccc(F)nc2)CCCN1c1nc(Nc2ncc(C(N)=O)s2)c2cccn2n1,7.85,0.0,1
CHEMBL1957,C[C@@]1(C(=O)Nc2ccc(N)nc2)CCCN1c1nc(Nc2cc(C(N)=O)[nH]n2)c2cccn2n1,7.55,0.0,1
CHEMBL1957,C[C@@]1(C(=O)Nc2cccnc2)CCCN1c1nc(Nc2cc(C3CC3)[nH]n2)c2cccn2n1,8.22,0.0,1
CHEMBL1957,C[C@@]1(C(=O)Nc2ccncn2)CCCN1c1nc(Nc2cc(C3CC3)[nH]n2)c2cccn2n1,8.15,0.0,1
CHEMBL1957,C[C@@]1(C(=O)Nc2cnccn2)CCCN1c1nc(Nc2cc(C3CC3)[nH]n2)c2cccn2n1,8.61,0.12727922061357835,2
CHEMBL1957,C[C@@]1(C(=O)Nc2ncc(Cl)s2)CCCN1c1nc(Nc2cc(C3CC3)n[nH]2)c2cccn2n1,7.8,0.0,1
CHEMBL1957,C[C@@]1(C(=O)Nc2ncccn2)CCCN1c1nc(Nc2cc(C3CC3)[nH]n2)c2cccn2n1,7.68,0.0,1
CHEMBL1957,C[C@@]1(C(=O)Nc2nccs2)CCCN1c1nc(Nc2cc(C3CC3)n[nH]2)c2cccn2n1,8.4,0.0,1
CHEMBL1957,C[C@@]1(C(=O)Nc2nncs2)CCCN1c1nc(Nc2cc(C3CC3)[nH]n2)c2cccn2n1,6.43,0.0,1
CHEMBL1957,C[C@]1(O)C[C@@H](c2nc(-c3ccc4ccc(-c5ccccc5)nc4c3)c3c(N)nccn32)C1,7.5,0.8608965426477545,8
CHEMBL1957,Cc1c(NC(=O)c2ccc(C(C)(C)C)cc2)cccc1-c1nc(Nc2ccc(C(=O)N3CCOCC3)cc2)c2nc[nH]c2n1,4.75,0.0,1
CHEMBL1957,Cc1c(Nc2ncc(Cl)c(-c3cnc4ccccn34)n2)cnn1C1CCNCC1,7.85,0.0,1
CHEMBL1957,Cc1c(O)c(O)c(O)c(C=O)c1-c1cc2c(C=O)c(C)c(O)c(O)c2o1,6.82,0.0,1
CHEMBL1957,Cc1c(O)c(O)c(O)c2c1COC2=O,6.25,0.0,1
CHEMBL1957,Cc1c(O)c(O)c2c(c1C=O)[C@@H]1O[C@H](O2)c2c(C)c(O)c(O)c(O)c2C1=O,7.16,0.0,1
CHEMBL1957,Cc1c(O)c(O)cc2oc3cc(O)cc(O)c3c(=O)c12,5.07,0.0,1
CHEMBL1957,Cc1c2c(nn1C)CC(C)(C)c1cnc(Nc3ccccc3)nc1-2,6.33,0.0,1
CHEMBL1957,Cc1c2c(nn1C)CCc1cnc(Nc3ccc(N4CCN(C)CC4)cc3)nc1-2,6.71,0.0,1
CHEMBL1957,Cc1c2c(nn1C)CCc1cnc(Nc3ccccc3Cl)nc1-2,5.71,0.0,1
CHEMBL1957,Cc1cc(-c2nn([C@H]3CC[C@H](N4CCN(C)CC4)CC3)c3ncnc(N)c23)ccc1Nc1nc2cccc(Cl)c2o1,6.71,0.0,1
CHEMBL1957,Cc1cc(-n2ccnc2)cc2[nH]c(-c3c(NCC(C)c4cccc(Br)c4)cc[nH]c3=O)nc12,6.1,0.0,1
CHEMBL1957,Cc1cc(-n2ccnc2)cc2[nH]c(-c3c(NCC(O)c4cc(Cl)cc(Cl)c4)cc[nH]c3=O)nc12,6.6,0.0,1
CHEMBL1957,Cc1cc(-n2ccnc2)cc2[nH]c(-c3c(NCC(O)c4ccc(Cl)c(Cl)c4)cc[nH]c3=O)nc12,6.33,0.0,1
CHEMBL1957,Cc1cc(-n2ccnc2)cc2[nH]c(-c3c(NCC(O)c4ccc(F)c(Cl)c4)cc[nH]c3=O)nc12,6.8,0.0,1
CHEMBL1957,Cc1cc(-n2ccnc2)cc2[nH]c(-c3c(NCC(O)c4ccc(NS(C)(=O)=O)cc4)cc[nH]c3=O)nc12,5.92,0.0,1
CHEMBL1957,Cc1cc(-n2ccnc2)cc2[nH]c(-c3c(NCC(O)c4cccc(Br)c4)cc[nH]c3=O)nc12,6.85,0.0,1
CHEMBL1957,Cc1cc(-n2ccnc2)cc2[nH]c(-c3c(NCC(O)c4cccc(C#N)c4)cc[nH]c3=O)nc12,6.62,0.0,1
CHEMBL1957,Cc1cc(-n2ccnc2)cc2[nH]c(-c3c(NCC(O)c4cccc(C(F)(F)F)c4)cc[nH]c3=O)nc12,6.28,0.0,1
CHEMBL1957,Cc1cc(-n2ccnc2)cc2[nH]c(-c3c(NCC(O)c4cccc(Cl)c4)cc[nH]c3=O)nc12,6.75,0.0,1
CHEMBL1957,Cc1cc(-n2ccnc2)cc2[nH]c(-c3c(NCC(O)c4cccc(F)c4)cc[nH]c3=O)nc12,6.28,0.0,1
CHEMBL1957,Cc1cc(-n2ccnc2)cc2[nH]c(-c3c(NCC(O)c4cccc(NS(C)(=O)=O)c4)cc[nH]c3=O)nc12,6.52,0.0,1
CHEMBL1957,Cc1cc(-n2ccnc2)cc2[nH]c(-c3c(NCC(O)c4cccc(O)c4)cc[nH]c3=O)nc12,6.72,0.0,1
CHEMBL1957,Cc1cc(-n2ccnc2)cc2[nH]c(-c3c(NCC(O)c4ccccc4)cc[nH]c3=O)nc12,6.14,0.0,1
CHEMBL1957,Cc1cc(-n2ccnc2)cc2[nH]c(-c3c(NCC(O)c4ccccc4Cl)cc[nH]c3=O)nc12,6.1,0.0,1
CHEMBL1957,Cc1cc(-n2ccnc2)cc2[nH]c(-c3c(NCC(O)c4ccccc4NS(C)(=O)=O)cc[nH]c3=O)nc12,5.8,0.0,1
CHEMBL1957,Cc1cc(-n2ccnc2)cc2[nH]c(-c3c(NCCO)cc[nH]c3=O)nc12,5.52,0.0,1
CHEMBL1957,Cc1cc(-n2ccnc2)cc2[nH]c(-c3c(NCCc4ccccc4)cc[nH]c3=O)nc12,5.52,0.0,1
CHEMBL1957,Cc1cc(-n2ccnc2)cc2[nH]c(-c3c(NCCc4ccccn4)cc[nH]c3=O)nc12,6.37,0.0,1
CHEMBL1957,Cc1cc(-n2ccnc2)cc2[nH]c(-c3c(NCCc4cccs4)cc[nH]c3=O)nc12,5.68,0.0,1
CHEMBL1957,Cc1cc(-n2ccnc2)cc2[nH]c(-c3c(NCCn4nccn4)cc[nH]c3=O)nc12,5.6,0.0,1
CHEMBL1957,Cc1cc(-n2ccnc2)cc2[nH]c(-c3c(NC[C@@H](O)c4cccc(Cl)c4)cc[nH]c3=O)nc12,6.85,0.0,1
CHEMBL1957,Cc1cc(-n2ccnc2)cc2[nH]c(-c3c(NC[C@H](O)c4cccc(Cl)c4)cc[nH]c3=O)nc12,6.08,0.0,1
CHEMBL1957,Cc1cc(-n2ccnc2)cc2[nH]c(-c3c(NCc4cccnc4)cc[nH]c3=O)nc12,4.85,0.0,1
CHEMBL1957,Cc1cc(-n2ccnc2)cc2[nH]c(-c3c(NCc4ccco4)cc[nH]c3=O)nc12,5.52,0.0,1
CHEMBL1957,Cc1cc(-n2ccnc2)cc2[nH]c(-c3c(NCc4cccs4)cc[nH]c3=O)nc12,5.28,0.0,1
CHEMBL1957,Cc1cc(-n2ccnc2)cc2[nH]c(-c3c(N[C@H](CO)Cc4ccc(Cl)cc4)cc[nH]c3=O)nc12,5.27,0.0,1
CHEMBL1957,Cc1cc(-n2ccnc2)cc2[nH]c(-c3c(N[C@H](CO)Cc4ccc(F)cc4)cc[nH]c3=O)nc12,5.85,0.0,1
CHEMBL1957,Cc1cc(-n2ccnc2)cc2[nH]c(-c3c(N[C@H](CO)Cc4ccc(OC(C)(C)C)cc4)cc[nH]c3=O)nc12,5.77,0.0,1
CHEMBL1957,Cc1cc(-n2ccnc2)cc2[nH]c(-c3c(N[C@H](CO)Cc4cccc(Br)c4)cc[nH]c3=O)nc12,6.23,0.0,1
CHEMBL1957,Cc1cc(-n2ccnc2)cc2[nH]c(-c3c(N[C@H](CO)Cc4cccc(C(F)(F)F)c4)cc[nH]c3=O)nc12,5.46,0.0,1
CHEMBL1957,Cc1cc(-n2ccnc2)cc2[nH]c(-c3c(N[C@H](CO)Cc4cccc(Cl)c4)cc[nH]c3=O)nc12,6.14,0.0,1
CHEMBL1957,Cc1cc(-n2ccnc2)cc2[nH]c(-c3c(N[C@H](CO)Cc4cccc(F)c4)cc[nH]c3=O)nc12,6.23,0.0,1
CHEMBL1957,Cc1cc(-n2ccnc2)cc2[nH]c(-c3c(N[C@H](CO)Cc4cccc([N+](=O)[O-])c4)cc[nH]c3=O)nc12,5.48,0.0,1
CHEMBL1957,Cc1cc(-n2ccnc2)cc2[nH]c(-c3c(N[C@H](CO)Cc4ccccc4)cc[nH]c3=O)nc12,6.28,0.0,1
CHEMBL1957,Cc1cc(-n2ccnc2)cc2[nH]c(-c3c(N[C@H](CO)Cc4ccccc4Br)cc[nH]c3=O)nc12,6.54,0.0,1
CHEMBL1957,Cc1cc(-n2ccnc2)cc2[nH]c(-c3c(N[C@H](CO)Cc4ccccc4C#N)cc[nH]c3=O)nc12,5.66,0.0,1
CHEMBL1957,Cc1cc(-n2ccnc2)cc2[nH]c(-c3c(N[C@H](CO)Cc4ccccc4Cl)cc[nH]c3=O)nc12,6.07,0.0,1
CHEMBL1957,Cc1cc(-n2ccnc2)cc2[nH]c(-c3c(N[C@H](CO)Cc4ccccc4OC(F)(F)F)cc[nH]c3=O)nc12,5.89,0.0,1
CHEMBL1957,Cc1cc(-n2ccnc2)cc2[nH]c(-c3c(N[C@H](CO)Cc4ccccn4)cc[nH]c3=O)nc12,5.32,0.0,1
CHEMBL1957,Cc1cc(-n2ccnc2)cc2[nH]c(-c3ccc[nH]c3=O)nc12,5.46,0.0,1
CHEMBL1957,Cc1cc(-n2ccnc2)cc2nc(-c3c(NCc4ccccn4)cc[nH]c3=O)[nH]c12,6.41,0.0,1
CHEMBL1957,Cc1cc(Br)c2oc(Nc3ccc(-c4cn([C@H]5CC[C@@H](N6CCN(C)CC6)CC5)c5ncnc(N)c45)cc3F)nc2c1,7.03,0.0,1
CHEMBL1957,Cc1cc(C(=O)NC2CCN(C)CC2)ccc1Nc1ncc2c(n1)-c1c(nn(C)c1-c1ccccc1C)CC2,8.22,0.0,1
CHEMBL1957,Cc1cc(C(=O)NC2CCN(C)CC2)ccc1Nc1ncc2c(n1)-c1c(nn(C)c1-c1ccco1)CC2,6.74,0.0,1
CHEMBL1957,Cc1cc(C(C)(C)C)ccc1OCc1cccc(-c2ccc(C(=O)NNC(=O)C(=O)c3c[nH]c4ccccc34)cc2)c1,6.17,0.0,1
CHEMBL1957,Cc1cc(C)c2oc(Nc3ccc(-c4nn([C@H]5CC[C@@H](N6CCN(C)CC6)CC5)c5ncnc(N)c45)cc3F)nc2c1,6.8,0.0,1
CHEMBL1957,Cc1cc(Cl)c2c(n1)N(CCc1ccccc1)CCc1c-2[nH]c2ccccc12,4.9,0.0,1
CHEMBL1957,Cc1cc(Cl)c2oc(Nc3ccc(-c4nn([C@H]5CC[C@@H](N6CCN(C)CC6)CC5)c5ncnc(N)c45)cc3)nc2c1,6.46,0.0,1
CHEMBL1957,Cc1cc(N2CCC(N(C)C)CC2)cc2[nH]c(-c3c(NC[C@@H](O)c4cccc(Cl)c4)cc[nH]c3=O)nc12,7.48,0.0,1
CHEMBL1957,Cc1cc(N2CCC(N3CCCC3)CC2)cc2[nH]c(-c3c(NC[C@@H](O)c4cccc(Cl)c4)cc[nH]c3=O)nc12,7.57,0.0,1
CHEMBL1957,Cc1cc(N2CCC(N3CCN(C(=O)C4CC4)CC3)CC2)cc2[nH]c(-c3c(NC[C@@H](O)c4cccc(Cl)c4)cc[nH]c3=O)nc12,7.0,0.0,1
CHEMBL1957,Cc1cc(N2CCC(N3CCN(C(=O)N4CCN(C)CC4)CC3)CC2)cc2[nH]c(-c3c(NC[C@@H](O)c4cccc(Cl)c4)cc[nH]c3=O)nc12,7.8,0.0,1
CHEMBL1957,Cc1cc(N2CCC(N3CCN(C(=O)N4CCOCC4)CC3)CC2)cc2[nH]c(-c3c(NC[C@@H](O)c4cccc(Cl)c4)cc[nH]c3=O)nc12,8.05,0.0,1
CHEMBL1957,Cc1cc(N2CCC(N3CCN(C(=O)OCCO)CC3)CC2)cc2[nH]c(-c3c(NC[C@@H](O)c4cccc(Cl)c4)cc[nH]c3=O)nc12,7.43,0.0,1
CHEMBL1957,Cc1cc(N2CCC(N3CCN(C)CC3)CC2)cc2[nH]c(-c3c(NC[C@@H](O)c4cccc(Cl)c4)cc[nH]c3=O)nc12,7.55,0.0,1
CHEMBL1957,Cc1cc(N2CCC(N3CCOCC3)CC2)cc2[nH]c(-c3c(NC[C@@H](O)c4cccc(Cl)c4)cc[nH]c3=O)nc12,7.35,0.0,1
CHEMBL1957,Cc1cc(N2CCC(N3C[C@@H](C)O[C@@H](C)C3)CC2)cc2[nH]c(-c3c(NC[C@@H](O)c4cccc(Cl)c4)cc[nH]c3=O)nc12,7.31,0.0,1
CHEMBL1957,Cc1cc(N2CCC(N3C[C@@H]4C[C@@H]3CO4)CC2)cc2[nH]c(-c3c(NC[C@@H](O)c4cccc(Cl)c4)cc[nH]c3=O)nc12,7.54,0.0,1
CHEMBL1957,Cc1cc(N2CCC(NC(=O)C3CC3)CC2)cc2[nH]c(-c3c(NC[C@@H](O)c4cccc(Cl)c4)cc[nH]c3=O)nc12,7.3,0.0,1
CHEMBL1957,Cc1cc(N2CCC(O)CC2)cc2[nH]c(-c3c(NC[C@@H](O)c4cccc(Cl)c4)cc[nH]c3=O)nc12,7.54,0.0,1
CHEMBL1957,Cc1cc(N2CCC(OCCO)CC2)cc2[nH]c(-c3c(NC[C@@H](O)c4cccc(Cl)c4)cc[nH]c3=O)nc12,7.35,0.0,1
CHEMBL1957,Cc1cc(N2CCC3(CC2)OCCO3)cc2[nH]c(-c3c(NC[C@@H](O)c4cccc(Cl)c4)cc[nH]c3=O)nc12,7.12,0.0,1
CHEMBL1957,Cc1cc(N2CCN(C(=O)CCCF)CC2)cc2[nH]c(-c3c(NC[C@@H](O)c4cccc(Cl)c4)cc[nH]c3=O)nc12,7.21,0.0,1
CHEMBL1957,Cc1cc(N2CCN(C(=O)OC(C)(C)C)CC2)cc2[nH]c(-c3c(NC[C@@H](O)c4cccc(Cl)c4)cc[nH]c3=O)nc12,6.68,0.0,1
CHEMBL1957,Cc1cc(N2CCN(C)CC2)cc2[nH]c(-c3c(NC[C@@H](O)c4cccc(Cl)c4)cc[nH]c3=O)nc12,7.75,0.0,1
CHEMBL1957,Cc1cc(N2CCN(CC#N)CC2)cc2[nH]c(-c3c(NC[C@@H](O)c4cccc(Cl)c4)cc[nH]c3=O)nc12,7.42,0.0,1
CHEMBL1957,Cc1cc(N2CCN(CC(=O)NCCF)CC2)cc2[nH]c(-c3c(NC[C@@H](O)c4cccc(Cl)c4)cc[nH]c3=O)nc12,7.39,0.0,1
CHEMBL1957,Cc1cc(N2CCN(CCC#N)CC2)cc2[nH]c(-c3c(NC[C@@H](O)c4cccc(Cl)c4)cc[nH]c3=O)nc12,7.21,0.0,1
CHEMBL1957,Cc1cc(N2CCN(CCC#N)CC2)cc2nc(-c3c(NC[C@@H](O)c4ccccc4Cl)cc[nH]c3=O)[nH]c12,7.17,0.0,1
CHEMBL1957,Cc1cc(N2CCN(CCCF)CC2)cc2[nH]c(-c3c(NC[C@@H](O)c4cccc(Cl)c4)cc[nH]c3=O)nc12,7.52,0.0,1
CHEMBL1957,Cc1cc(N2CCN(CCCO)CC2)cc2[nH]c(-c3c(NC[C@@H](O)c4cccc(Cl)c4)cc[nH]c3=O)nc12,7.8,0.0,1
CHEMBL1957,Cc1cc(N2CCN(CCF)CC2)cc2[nH]c(-c3c(NC[C@@H](O)c4cccc(Cl)c4)cc[nH]c3=O)nc12,7.0,0.0,1
CHEMBL1957,Cc1cc(N2CCN(CCO)CC2)cc2[nH]c(-c3c(NC[C@@H](O)c4cccc(Cl)c4)cc[nH]c3=O)nc12,7.58,0.0,1
CHEMBL1957,Cc1cc(N2CCN(S(C)(=O)=O)CC2)cc2[nH]c(-c3c(NC[C@@H](O)c4cccc(Cl)c4)cc[nH]c3=O)nc12,7.57,0.0,1
CHEMBL1957,Cc1cc(N2CCNCC2)cc2[nH]c(-c3c(NC[C@@H](O)c4cccc(Cl)c4)cc[nH]c3=O)nc12,7.5,0.0,1
CHEMBL1957,Cc1cc(N2CCOCC2)cc2[nH]c(-c3c(NCCc4cn(C(C)C)cn4)cc[nH]c3=O)nc12,6.44,0.0,1
CHEMBL1957,Cc1cc(N2CCOCC2)cc2[nH]c(-c3c(NCCc4cn(C)cn4)cc[nH]c3=O)nc12,6.72,0.0,1
CHEMBL1957,Cc1cc(N2CCOCC2)cc2[nH]c(-c3c(NCCc4nc(C)n(C)c4Cl)cc[nH]c3=O)nc12,7.18,0.0,1
CHEMBL1957,Cc1cc(N2CCOCC2)cc2[nH]c(-c3c(NCCc4nc(Cl)n(C)c4Cl)cc[nH]c3=O)nc12,6.8,0.0,1
CHEMBL1957,Cc1cc(N2CCOCC2)cc2[nH]c(-c3c(NCCc4ncn(C(C)C)c4Cl)cc[nH]c3=O)nc12,6.44,0.0,1
CHEMBL1957,Cc1cc(N2CCOCC2)cc2[nH]c(-c3c(NCCc4ncn(C)c4Br)cc[nH]c3=O)nc12,7.12,0.0,1
CHEMBL1957,Cc1cc(N2CCOCC2)cc2[nH]c(-c3c(NCCc4ncn(C)c4Cl)cc[nH]c3=O)nc12,7.42,0.0,1
CHEMBL1957,Cc1cc(N2CCOCC2)cc2[nH]c(-c3c(NCCc4ncn(CCF)c4Cl)cc[nH]c3=O)nc12,7.09,0.0,1
CHEMBL1957,Cc1cc(N2CCOCC2)cc2[nH]c(-c3c(NCCn4cc(Br)c(CO)n4)cc[nH]c3=O)nc12,7.02,0.0,1
CHEMBL1957,Cc1cc(N2CCOCC2)cc2[nH]c(-c3c(NCCn4cc(Br)cn4)cc[nH]c3=O)nc12,7.09,0.0,1
CHEMBL1957,Cc1cc(N2CCOCC2)cc2[nH]c(-c3c(NCCn4cc(C#N)cn4)cc[nH]c3=O)nc12,6.17,0.0,1
CHEMBL1957,Cc1cc(N2CCOCC2)cc2[nH]c(-c3c(NCCn4cc(Cl)cn4)cc[nH]c3=O)nc12,6.92,0.0,1
CHEMBL1957,Cc1cc(N2CCOCC2)cc2[nH]c(-c3c(NCCn4cccn4)cc[nH]c3=O)nc12,6.48,0.0,1
CHEMBL1957,Cc1cc(N2CCOCC2)cc2[nH]c(-c3c(NCCn4ncc(Br)c4C)cc[nH]c3=O)nc12,6.29,0.0,1
CHEMBL1957,Cc1cc(N2CCOCC2)cc2[nH]c(-c3c(NCCn4ncc(Br)c4CO)cc[nH]c3=O)nc12,6.33,0.0,1
CHEMBL1957,Cc1cc(N2CCOCC2)cc2[nH]c(-c3c(NCCn4ncc(Cl)c4C)cc[nH]c3=O)nc12,6.2,0.0,1
CHEMBL1957,Cc1cc(N2CCOCC2)cc2[nH]c(-c3c(NCCn4nccc4C)cc[nH]c3=O)nc12,6.57,0.0,1
CHEMBL1957,Cc1cc(N2CCOCC2)cc2[nH]c(-c3c(NC[C@@H](O)c4cccc(Cl)c4)cc[nH]c3=O)nc12,6.98,0.02828427124746224,2
CHEMBL1957,Cc1cc(N2CCOCC2)cc2nc(-c3c(NC[C@H](O)c4ccccc4Cl)cc[nH]c3=O)[nH]c12,6.08,0.0,1
CHEMBL1957,Cc1cc(NC2CCN(C)CC2)ccc1-c1cc2c(N3CCC[C@H](C(=O)NCc4ccc(OC(F)(F)F)cc4)C3)ncnc2[nH]1,6.36,0.0,1
CHEMBL1957,Cc1cc(Nc2ccnc(Nc3cccc(-c4nc5ccccc5s4)c3)n2)n[nH]1,7.0,0.0,1
CHEMBL1957,Cc1cc(Nc2nc(N3CCCCC3)nc3c2CCC3)n[nH]1,6.36,0.0,1
CHEMBL1957,Cc1cc(Nc2nc(N3CCCCCC3)nc3c2CCC3)n[nH]1,5.7,0.0,1
CHEMBL1957,Cc1cc(Nc2nc(Nc3ccccc3S(=O)(=O)C(C)C)c3c(C)[nH]nc3n2)c(OC(C)C)cc1C1CCN(C)CC1,6.33,0.0,1
CHEMBL1957,Cc1cc(Nc2nc3cccc(Cl)c3o2)ccc1-c1nn([C@H]2CC[C@H](N3CCN(C)CC3)CC2)c2ncnc(N)c12,7.66,0.0,1
CHEMBL1957,Cc1cc(Nc2ncc(Cl)c(Nc3ccccc3S(=O)(=O)C(C)C)n2)c(OC(C)C)cc1C1CCNCC1,8.1,0.0,1
CHEMBL1957,Cc1cc(Nc2ncc3c(n2)-c2c(nn(C)c2-c2ccc(-c4cnn(C(C)C)c4)cc2)CC3)nn1C,8.52,0.0,1
CHEMBL1957,Cc1cc(Nc2ncc3c(n2)-c2c(nn(C)c2-c2ccc(-c4cnn(C)c4)cc2)CC3)nn1C,9.57,0.0,1
CHEMBL1957,Cc1cc(Nc2ncc3c(n2)-c2c(nn(C)c2-c2ccc(OC(F)F)cc2)CC3)nn1C,7.16,0.0,1
CHEMBL1957,Cc1cc(Nc2ncc3c(n2)-c2c(nn(C)c2-c2ccccc2Cl)CC3)nn1C,8.22,0.0,1
CHEMBL1957,Cc1cc(Nc2ncc3c(n2)-c2c(nn(C)c2-c2ccccc2Cl)CC3C)[n+](C)[nH]1,8.52,0.0,1
CHEMBL1957,Cc1cc(Nc2ncc3c(n2)-c2c(nn(C)c2-c2ccccc2Cl)CC3C)nn1C,8.4,0.0,1
CHEMBL1957,Cc1cc(Nc2ncc3c(n2)-c2c(nn(C)c2Cc2cccc(-c4cnn(C)c4)c2)CC3)nn1C,9.06,0.0,1
CHEMBL1957,Cc1cc(Nc2ncc3c(n2)-c2c(nn(C)c2Cc2cccc(Cl)c2)CC3)nn1C,7.32,0.0,1
CHEMBL1957,Cc1cc(Nc2ncc3c(n2)-c2c(nn(C)c2Cc2ccccc2)CC3)nn1C,7.64,0.0,1
CHEMBL1957,Cc1cc(Nc2ncc3c(n2)-c2c(nn(C)c2Cc2ccccc2Cl)CC3)nn1C,7.8,0.0,1
CHEMBL1957,Cc1cc(O)cc2oc3cc(O)cc(O)c3c(=O)c12,4.48,0.0,1
CHEMBL1957,Cc1cc2c(Nc3ccc(-c4nc5ccccc5s4)cc3)ncnc2cc1Cl,5.48,0.0,1
CHEMBL1957,Cc1cc2c(c(=O)[nH]1)-c1[nH]c3ccccc3c1CCN2CCc1ccccc1,4.93,0.0,1
CHEMBL1957,Cc1cc2c(c(Cl)n1)-c1[nH]c3ccccc3c1CCN2CCc1ccccc1,4.61,0.0,1
CHEMBL1957,Cc1cc2cccc(Nc3ncc4c(n3)-c3c(nn(C)c3-c3ccccc3)CC4)c2o1,7.47,0.0,1
CHEMBL1957,Cc1ccc(-c2c3c(nn2C)CCc2cnc(Nc4ccccc4)nc2-3)c(C)c1,7.64,0.0,1
CHEMBL1957,Cc1ccc(-c2ccc(/C=C3/SC(=O)NC3=O)o2)c(Br)c1,5.2,0.0,1
CHEMBL1957,Cc1ccc(C(=O)NNC(=O)C(=O)c2c[nH]c3ccccc23)cc1,4.09,0.0,1
CHEMBL1957,Cc1ccc(C(O)CNc2cc[nH]c(=O)c2-c2nc3c(C)cc(-n4ccnc4)cc3[nH]2)cc1,6.46,0.0,1
CHEMBL1957,Cc1ccc(C)n1-c1ccc(C(=O)NNC(=O)C(=O)c2c[nH]c3ccccc23)cc1,5.31,0.0,1
CHEMBL1957,Cc1ccc(CCCCc2ccc(O)c(O)c2)cc1,6.1,0.0,1
CHEMBL1957,Cc1ccc(CCNC(=O)C(=O)c2c[nH]c3ccccc23)cc1,4.28,0.0,1
CHEMBL1957,Cc1ccc(CNC(=O)C(=O)c2c[nH]c3ccccc23)cc1,4.2,0.0,1
CHEMBL1957,Cc1ccc(CNc2nc3c(c(Nc4cc(C5CC5)[nH]n4)n2)CCC3)cc1,6.83,0.0,1
CHEMBL1957,Cc1ccc(Cl)c(-c2c3c(nn2C)CCc2cnc(Nc4ccccc4)nc2-3)c1,7.22,0.0,1
CHEMBL1957,Cc1ccc(N2CCC(N3CCN(C(=O)N4CCOCC4)CC3)CC2)c2[nH]c(-c3c(N[C@@H](CO)Cc4ccccc4Br)cc[nH]c3=O)nc12,8.05,0.0,1
CHEMBL1957,Cc1ccc(NC(=O)[C@@H]2CCCN2c2nc(Nc3cc(C4CC4)[nH]n3)c3cccn3n2)cc1,7.4,0.0,1
CHEMBL1957,Cc1ccc(O)cc1CC[C@@H]1C(=O)CC[C@]2(C)[C@@H]([C@H](C)/C=C/CC(C)C)CC[C@@H]12,5.62,0.0,1
CHEMBL1957,Cc1ccc(O)cc1CC[C@@H]1C(=O)CC[C@]2(C)[C@@H]([C@H](C)CCCC(C)C)CC[C@@H]12,5.61,0.0,1
CHEMBL1957,Cc1ccc(O)cc1CC[C@@H]1[C@@H](O)CC[C@]2(C)[C@@H]([C@H](C)/C=C/CC(C)C)CC[C@@H]12,5.5,0.0,1
CHEMBL1957,Cc1ccc(O)cc1CC[C@@H]1[C@H](O)CC[C@]2(C)[C@@H]([C@H](C)CCCC(C)C)CC[C@@H]12,5.56,0.0,1
CHEMBL1957,Cc1ccc(Sc2cnc(Nc3cccc(Br)n3)s2)cc1C(=O)N1CCN(C(=O)[C@@H](C)N)CC1,6.16,0.0,1
CHEMBL1957,Cc1ccc(Sc2cnc(Nc3cccc(Br)n3)s2)cc1C(=O)N1CCN(C(=O)[C@H](C)N)CC1,6.44,0.0,1
CHEMBL1957,Cc1cccc(-c2c3c(nn2C)CCc2cnc(Nc4ccccc4)nc2-3)c1Cl,7.89,0.0,1
CHEMBL1957,Cc1cccc(-c2c3c(nn2C)CCc2cnc(Nc4ccn(CCN(C)C)n4)nc2-3)c1,8.05,0.0,1
CHEMBL1957,Cc1cccc(C(O)CNc2cc[nH]c(=O)c2-c2nc3c(C)cc(-n4ccnc4)cc3[nH]2)c1,6.47,0.0,1
CHEMBL1957,Cc1cccc(Cc2c3c(nn2C)CCc2cnc(Nc4cc(C)n(C)n4)nc2-3)c1,7.72,0.0,1
CHEMBL1957,Cc1cccc(Cc2c3c(nn2C)CCc2cnc(Nc4ccn(C)n4)nc2-3)c1,8.0,0.0,1
CHEMBL1957,Cc1cccc(Cc2c3c(nn2C)CCc2cnc(Nc4ccn(CCN(C)C)n4)nc2-3)c1,8.4,0.0,1
CHEMBL1957,Cc1cccc(Cc2c3c(nn2C)CCc2cnc(Nc4cnn(C)c4)nc2-3)c1,8.15,0.0,1
CHEMBL1957,Cc1cccc2c1/C(=C/c1ccc(N3CCN(C=O)CC3)cc1)C(=O)N2,4.17,0.0,1
CHEMBL1957,Cc1ccccc1-c1c2c(nn1C)CCc1cnc(Nc3ccc(C(=O)NC4CCN(C)CC4)cc3Cl)nc1-2,8.15,0.0,1
CHEMBL1957,Cc1ccccc1-c1c2c(nn1C)CCc1cnc(Nc3ccc(C(=O)NC4CCN(C5CC5)CC4)cc3Cl)nc1-2,7.89,0.0,1
CHEMBL1957,Cc1ccccc1-c1c2c(nn1C)CCc1cnc(Nc3ccc(C(=O)NC4CCN(C5CCOCC5)CC4)cc3Cl)nc1-2,7.96,0.0,1
CHEMBL1957,Cc1ccccc1-c1c2c(nn1C)CCc1cnc(Nc3ccc(C(=O)NC4CCN(CCO)CC4)cc3Cl)nc1-2,8.0,0.0,1
CHEMBL1957,Cc1ccccc1-c1c2c(nn1C)CCc1cnc(Nc3ccc(C(=O)NC4CN(C)C4)cc3Cl)nc1-2,8.15,0.0,1
CHEMBL1957,Cc1ccccc1-c1c2c(nn1C)CCc1cnc(Nc3ccc(C(=O)NCCN(C)C)cc3Cl)nc1-2,8.22,0.0,1
CHEMBL1957,Cc1ccccc1-c1c2c(nn1C)CCc1cnc(Nc3ccc(C(=O)O)cc3Cl)nc1-2,6.3,0.0,1
CHEMBL1957,Cc1ccccc1-c1c2c(nn1C)CCc1cnc(Nc3ccc(OC4CCN(C)CC4)cc3Cl)nc1-2,8.3,0.0,1
CHEMBL1957,Cc1ccccc1-c1c2c(nn1C)CCc1cnc(Nc3ccc(OCC(C)(C)CN(C)C)cc3Cl)nc1-2,7.92,0.0,1
CHEMBL1957,Cc1ccccc1-c1c2c(nn1C)CCc1cnc(Nc3ccc(OCC(C)(C)N(C)C)cc3Cl)nc1-2,8.1,0.0,1
CHEMBL1957,Cc1ccccc1-c1c2c(nn1C)CCc1cnc(Nc3ccc(OCCCN(C)C)cc3Cl)nc1-2,7.89,0.0,1
CHEMBL1957,Cc1ccccc1-c1c2c(nn1C)CCc1cnc(Nc3ccc(OCCCN4CCCC4)cc3Cl)nc1-2,8.15,0.0,1
CHEMBL1957,Cc1ccccc1-c1c2c(nn1C)CCc1cnc(Nc3ccc(OCCN(C)C)cc3Cl)nc1-2,8.15,0.0,1
CHEMBL1957,Cc1ccccc1-c1c2c(nn1C)CCc1cnc(Nc3ccccc3)nc1-2,8.15,0.0,1
CHEMBL1957,Cc1ccccc1-c1c2c(nn1C)CCc1cnc(Nc3ccnn3C)nc1-2,7.92,0.0,1
CHEMBL1957,Cc1ccccc1C[C@@H](CO)Nc1cc[nH]c(=O)c1-c1nc2c(C)cc(-n3ccnc3)cc2[nH]1,6.28,0.0,1
CHEMBL1957,Cc1ccccc1Nc1ncc2c(n1)-c1c(nn(C)c1-c1ccccc1)CC2,6.65,0.0,1
CHEMBL1957,Cc1ccn(CCNc2cc[nH]c(=O)c2-c2nc3c(C)cc(N4CCOCC4)cc3[nH]2)n1,6.54,0.0,1
CHEMBL1957,Cc1ccoc1-c1c2c(nn1C)CCc1cnc(Nc3ccccc3)nc1-2,7.3,0.0,1
CHEMBL1957,Cc1ccsc1-c1c2c(nn1C)CCc1cnc(Nc3ccccc3)nc1-2,8.7,0.0,1
CHEMBL1957,Cc1ccsc1-c1c2c(nn1C)CCc1cnc(Nc3ccn(CCN(C)C)n3)nc1-2,8.7,0.0,1
CHEMBL1957,Cc1ccsc1-c1c2c(nn1C)CCc1cnc(Nc3cnn(C)c3)nc1-2,9.0,0.0,1
CHEMBL1957,Cc1cncc(Oc2ccc(C(=O)NNC(=O)C(=O)c3c[nH]c4ccccc34)cc2)n1,4.51,0.0,1
CHEMBL1957,Cc1cncc(Oc2ccc(NC(=O)Nc3cc(C(F)(F)F)nc4ccccc34)cc2)n1,5.28,0.0,1
CHEMBL1957,Cc1cncc(Oc2ccc(NC(=O)Nc3cc(C)nc4ccccc34)cc2)n1,5.25,0.0,1
CHEMBL1957,Cc1cncc(Oc2ccc(NC(=O)Nc3cc(C)nc4ncccc34)cc2)n1,4.9,0.0,1
CHEMBL1957,Cc1cnn(CCNc2cc[nH]c(=O)c2-c2nc3c(C)cc(N4CCOCC4)cc3[nH]2)c1,6.96,0.0,1
CHEMBL1957,Cc1nc(-c2ccc(C(=O)NNC(=O)C(=O)c3c[nH]c4ccccc34)cc2)no1,4.92,0.0,1
CHEMBL1957,Cc1nc(-c2ccccc2Nc2nc(Nc3ccc(CN4CCN(C)CC4)cc3)ncc2Cl)n[nH]1,6.99,0.0,1
CHEMBL1957,Cc1nn(C2CCN(C(=O)CN)CC2)c(C)c1Nc1ncc(Cl)c(-c2cnn3ccccc23)n1,8.22,0.0,1
CHEMBL1957,Cc1nn(C2CCN(C(=O)CO)CC2)c(C)c1Nc1ncc(Cl)c(-c2cnn3ccccc23)n1,7.92,0.0,1
CHEMBL1957,Cc1nn(C2CCN(C(=O)[C@@H](C)N)CC2)c(C)c1Nc1ncc(Cl)c(-c2cnn3ccccc23)n1,8.3,0.0,1
CHEMBL1957,Cc1nn(C2CCN(C(=O)[C@@H](C)O)CC2)c(C)c1Nc1ncc(Cl)c(-c2cnn3ccccc23)n1,7.85,0.0,1
CHEMBL1957,Cc1nn(C2CCN(C(=O)[C@H](C)N)CC2)c(C)c1Nc1ncc(Cl)c(-c2cnn3ccccc23)n1,8.1,0.0,1
CHEMBL1957,Cc1nn(C2CCN(C(=O)[C@H](C)O)CC2)c(C)c1Nc1ncc(Cl)c(-c2cnn3ccccc23)n1,8.0,0.0,1
CHEMBL1957,Cc1nn(C2CCN(CC(=O)N(C)C)CC2)c(C)c1Nc1ncc(Cl)c(-c2cnn3ccccc23)n1,8.05,0.0,1
CHEMBL1957,Cc1nn(C2CCN(CCO)CC2)c(C)c1Nc1ncc(Cl)c(-c2cnn3ccccc23)n1,8.05,0.0,1
CHEMBL1957,Cc1nn(C2CCNCC2)c(C)c1Nc1ncc(Cl)c(-c2cnn3ccccc23)n1,7.85,0.0,1
CHEMBL1957,Cc1nn(C2CCNCC2)cc1Nc1ncc(Cl)c(-c2cnc3ccccn23)n1,7.42,0.0,1
CHEMBL1957,Cc1nn(CCNc2cc[nH]c(=O)c2-c2nc3c(C)cc(N4CCOCC4)cc3[nH]2)cc1Br,6.96,0.0,1
CHEMBL1957,Cc1nn(CCNc2cc[nH]c(=O)c2-c2nc3c(C)cc(N4CCOCC4)cc3[nH]2)cc1Cl,7.02,0.0,1
CHEMBL1957,Cc1nnn([C@H]2C[C@@H](C(=O)Nc3ccc(F)nc3)N(c3nc(Nc4cc(C5CC5)n[nH]4)c4cccn4n3)C2)n1,8.7,0.0,1
CHEMBL1957,Cc1noc(C)c1Nc1ncc2c(n1)-c1c(nn(C)c1-c1ccccc1Cl)CC2,6.0,0.0,1
CHEMBL1957,Clc1ccc2c(Nc3ccc(-c4nc5ccccc5s4)c(Cl)c3)ncnc2c1,6.1,0.0,1
CHEMBL1957,Clc1ccc2c(Nc3ccc(-c4nc5ccccc5s4)cc3)ccnc2c1,6.07,0.0,1
CHEMBL1957,Clc1cccc(Nc2nccc(Nc3cnc4ccccc4c3)n2)c1,7.39,0.0,1
CHEMBL1957,Clc1nc(NCc2ccccn2)c2c(-c3ccccc3)cccc2n1,4.75,0.0,1
CHEMBL1957,Clc1nc(Nc2cc(-c3ccco3)[nH]n2)c2cccn2n1,4.75,0.0,1
CHEMBL1957,Cn1cc(-c2ccc(-c3c4c(nn3C)CCc3cnc(Nc5ccn(C)n5)nc3-4)cc2)cn1,9.1,0.0,1
CHEMBL1957,Cn1cc(-c2ccc(-c3c4c(nn3C)CCc3cnc(Nc5ccn(C)n5)nc3-4)cn2)cn1,8.4,0.0,1
CHEMBL1957,Cn1cc(-c2ccc(-c3c4c(nn3C)CCc3cnc(Nc5ccn(CC(=O)N6CCCC6)n5)nc3-4)cc2)cn1,9.48,0.0,1
CHEMBL1957,Cn1cc(-c2ccc(-c3c4c(nn3C)CCc3cnc(Nc5ccn(CC(=O)N6CCOCC6)n5)nc3-4)cc2)cn1,9.41,0.0,1
CHEMBL1957,Cn1cc(-c2ccc(-c3c4c(nn3C)CCc3cnc(Nc5ccn(CC(C)(C)O)n5)nc3-4)cc2)cn1,9.04,0.0,1
CHEMBL1957,Cn1cc(-c2ccc(-c3c4c(nn3C)CCc3cnc(Nc5ccn(CCCO)n5)nc3-4)cc2)cn1,9.8,0.0,1
CHEMBL1957,Cn1cc(-c2ccc(-c3c4c(nn3C)CCc3cnc(Nc5ccn(CCN6CCOCC6)n5)nc3-4)cc2)cn1,9.77,0.0,1
CHEMBL1957,Cn1cc(-c2ccc(-c3c4c(nn3C)CCc3cnc(Nc5ccn(CCO)n5)nc3-4)cc2)cn1,9.64,0.0,1
CHEMBL1957,Cn1cc(-c2ccc(-c3c4c(nn3C)CCc3cnc(Nc5cnn(C6CCN(S(C)(=O)=O)CC6)c5)nc3-4)cc2)cn1,9.64,0.0,1
CHEMBL1957,Cn1cc(-c2ccc(-c3c4c(nn3C)CCc3cnc(Nc5cnn(CCN6CCOCC6)c5)nc3-4)cc2)cn1,9.42,0.0,1
CHEMBL1957,Cn1cc(-c2ccc(-c3c4c(nn3C)CCc3cnc(Nc5cnn(CCN6CCOCC6)c5)nc3-4)cn2)cn1,8.7,0.0,1
CHEMBL1957,Cn1cc(-c2ccc(-c3c4c(nn3C)CCc3cnc(Nc5cnn(Cc6ccncc6)c5)nc3-4)cc2)cn1,9.55,0.0,1
CHEMBL1957,Cn1cc(-c2cccc(Cc3c4c(nn3C)CCc3cnc(Nc5ccn(C)n5)nc3-4)c2)cn1,9.44,0.0,1
CHEMBL1957,Cn1cc(-c2cccc(Cc3c4c(nn3C)CCc3cnc(Nc5ccn(CC(=O)N6CCOCC6)n5)nc3-4)c2)cn1,9.0,0.0,1
CHEMBL1957,Cn1cc(-c2cccc(Cc3c4c(nn3C)CCc3cnc(Nc5ccn(CCCN6CCCC6)n5)nc3-4)c2)cn1,10.1,0.0,1
CHEMBL1957,Cn1cc(-c2cccc(Cc3c4c(nn3C)CCc3cnc(Nc5ccn(CCCn6ccnc6)n5)nc3-4)c2)cn1,9.64,0.0,1
CHEMBL1957,Cn1cc(-c2cccc(Cc3c4c(nn3C)CCc3cnc(Nc5ccn(CCN6CCOCC6)n5)nc3-4)c2)cn1,9.68,0.0,1
CHEMBL1957,Cn1cc(Nc2ncc3c(n2)-c2c(nn(C)c2-c2ccc(-c4cnn(C)c4)cc2)CC3)cn1,9.59,0.0,1
CHEMBL1957,Cn1cc(Nc2ncc3c(n2)-c2c(nn(C)c2-c2ccc(-c4cnn(C)c4)nc2)CC3)cn1,8.7,0.0,1
CHEMBL1957,Cn1cc(Nc2ncc3c(n2)-c2c(nn(C)c2-c2ccc(Cl)cc2)CC3)cn1,8.22,0.0,1
CHEMBL1957,Cn1cc(Nc2ncc3c(n2)-c2c(nn(C)c2-c2ccccc2)CC3)cn1,8.4,0.0,1
CHEMBL1957,Cn1cc(Nc2ncc3c(n2)-c2c(nn(C)c2-c2sccc2Cl)CC3)cn1,9.52,0.0,1
CHEMBL1957,Cn1cc(Nc2ncc3c(n2)-c2c(nn(C)c2Cc2cccc(-c4cnn(C)c4)c2)CC3)cn1,9.64,0.0,1
CHEMBL1957,Cn1cc(Nc2ncc3c(n2)-c2c(nn(C)c2Cc2cccc(C(F)(F)F)c2)CC3)cn1,7.29,0.0,1
CHEMBL1957,Cn1cc(Nc2ncc3c(n2)-c2c(nn(C)c2Cc2cccc(Cl)c2)CC3)cn1,7.82,0.0,1
CHEMBL1957,Cn1ccc(Nc2ncc3c(n2)-c2c(nn(C)c2-c2ccc(Cl)cc2)CC3)n1,7.82,0.0,1
CHEMBL1957,Cn1ccc(Nc2ncc3c(n2)-c2c(nn(C)c2-c2ccc(F)cc2)CC3)n1,7.85,0.0,1
CHEMBL1957,Cn1ccc(Nc2ncc3c(n2)-c2c(nn(C)c2Cc2cccc(-c4cn[nH]c4)c2)CC3)n1,8.7,0.0,1
CHEMBL1957,Cn1ccc(Nc2ncc3c(n2)-c2c(nn(C)c2Cc2cccc(-c4cnn(C5CCOCC5)c4)c2)CC3)n1,9.49,0.0,1
CHEMBL1957,Cn1ccc(Nc2ncc3c(n2)-c2c(nn(C)c2Cc2cccc(-c4cnn(CC(=O)O)c4)c2)CC3)n1,8.7,0.0,1
CHEMBL1957,Cn1ccc(Nc2ncc3c(n2)-c2c(nn(C)c2Cc2cccc(-c4cnn(CCN5CCOCC5)c4)c2)CC3)n1,9.32,0.0,1
CHEMBL1957,Cn1ccc(Nc2ncc3c(n2)-c2c(nn(C)c2Cc2cccc(-c4cnn(CCO)c4)c2)CC3)n1,9.05,0.0,1
CHEMBL1957,Cn1ccc(Nc2ncc3c(n2)-c2c(nn(C)c2Cc2cccc(C(F)(F)F)c2)CC3)n1,7.6,0.0,1
CHEMBL1957,Cn1ccc(Nc2ncc3c(n2)-c2c(nn(C)c2Cc2cccc(Cl)c2)CC3)n1,7.92,0.0,1
CHEMBL1957,Cn1ccc2cc(Nc3ncc(C(F)(F)F)c(N[C@H]4CC[C@@H](N)CC4)n3)ccc2c1=O,6.04,0.0,1
CHEMBL1957,Cn1nc(C(C)(C)C)cc1Nc1ncc2c(n1)-c1c(nn(C)c1-c1ccccc1Cl)CC2,6.3,0.0,1
CHEMBL1957,Cn1nc(C2CC2)cc1NC(=O)[C@]1(C)CCCN1c1nc(Nc2cc(C3CC3)[nH]n2)c2cccn2n1,5.57,0.0,1
CHEMBL1957,Cn1nc(C2CC2)cc1Nc1ncc2c(n1)-c1c(nn(C)c1-c1ccccc1Cl)CC2,7.77,0.0,1
CHEMBL1957,Cn1nc2c(c1-c1ccc(F)cc1Cl)-c1nc(Nc3ccccc3)ncc1CC2,7.89,0.0,1
CHEMBL1957,Cn1nc2c(c1-c1ccccc1)-c1nc(Nc3cccc4c3OCC4)ncc1CC2,7.32,0.0,1
CHEMBL1957,Cn1nc2c(c1-c1ccccc1)-c1nc(Nc3ccccc3)ncc1CC2,7.82,0.0,1
CHEMBL1957,Cn1nc2c(c1-c1ccccc1)-c1nc(Nc3ccccc3Cl)ncc1CC2,6.75,0.0,1
CHEMBL1957,Cn1nc2c(c1-c1ccccc1)-c1nc(Nc3ccccc3OC(F)(F)F)ncc1CC2,6.52,0.0,1
CHEMBL1957,Cn1nc2c(c1-c1ccccc1)-c1nc(Nc3ccn(CCN4CCCC4)n3)ncc1CC2,8.52,0.0,1
CHEMBL1957,Cn1nc2c(c1-c1ccccc1)-c1nc(Nc3ccn(CCN4CCN(CCO)CC4)n3)ncc1CC2,9.22,0.0,1
CHEMBL1957,Cn1nc2c(c1-c1ccccc1)-c1nc(Nc3ccn(CCN4CCNCC4)n3)ncc1CC2,9.22,0.0,1
CHEMBL1957,Cn1nc2c(c1-c1ccccc1)-c1nc(Nc3ccn(CCN4CCOCC4)n3)ncc1CC2,8.7,0.0,1
CHEMBL1957,Cn1nc2c(c1-c1ccccc1C#N)-c1nc(Nc3ccccc3)ncc1CC2,6.56,0.0,1
CHEMBL1957,Cn1nc2c(c1-c1ccccc1Cl)-c1nc(Nc3ccccc3)ncc1CC2,8.7,0.0,1
CHEMBL1957,Cn1nc2c(c1-c1ccccc1Cl)-c1nc(Nc3cnc4ccccn34)ncc1CC2,7.2,0.0,1
CHEMBL1957,Cn1nc2c(c1-c1ccccc1Cl)-c1nc(Nc3nn(C)c4ccccc34)ncc1CC2,6.0,0.0,1
CHEMBL1957,Cn1nc2c(c1-c1ccccc1I)-c1nc(Nc3ccccc3)ncc1CC2,7.2,0.0,1
CHEMBL1957,Cn1nc2c(c1-c1ccco1)-c1nc(Nc3ccccc3)ncc1CC2,6.88,0.0,1
CHEMBL1957,Cn1nc2c(c1-c1sccc1Cl)-c1nc(Nc3ccccc3)ncc1CC2,9.4,0.0,1
CHEMBL1957,Cn1nc2c(c1C(C)(C)C)-c1nc(Nc3ccccc3)ncc1CC2,7.57,0.0,1
CHEMBL1957,Cn1nc2c(c1C1CCC1)-c1nc(Nc3ccccc3)ncc1CC2,7.11,0.0,1
CHEMBL1957,Cn1nc2c(c1C1CCCCC1)-c1nc(Nc3ccccc3)ncc1CC2,6.85,0.0,1
CHEMBL1957,Cn1nc2c(c1CC1CC1)-c1nc(Nc3ccccc3)ncc1CC2,7.02,0.0,1
CHEMBL1957,Cn1nc2c(c1CCc1ccccc1)-c1nc(Nc3ccccc3)ncc1CC2,5.95,0.0,1
CHEMBL1957,Cn1nc2c(c1Cc1ccccc1)-c1nc(Nc3ccc(C(=O)O)cc3Cl)ncc1CC2,7.21,0.0,1
CHEMBL1957,Cn1nc2c(c1Cc1ccccc1)-c1nc(Nc3cccc4cc(C(=O)O)sc34)ncc1CC2,7.03,0.0,1
CHEMBL1957,Cn1nc2c(c1Cc1ccccc1)-c1nc(Nc3cccc4ccccc34)ncc1CC2,7.04,0.0,1
CHEMBL1957,Cn1nc2c(c1Cc1ccccc1)-c1nc(Nc3cccc4cnccc34)ncc1CC2,7.44,0.0,1
CHEMBL1957,Cn1nc2c(c1Cc1ccccc1)-c1nc(Nc3ccccc3)ncc1CC2,7.54,0.0,1
CHEMBL1957,Cn1nc2c(c1Cc1ccccc1)-c1nc(Nc3ccccc3Cl)ncc1CC2,7.04,0.0,1
CHEMBL1957,Cn1nc2c(c1Cc1ccccc1)-c1nc(Nc3ccon3)ncc1CC2,6.92,0.0,1
CHEMBL1957,Cn1nc2c(c1Cc1ccccc1Cl)-c1nc(Nc3ccn(Cc4ccncc4)n3)ncc1CC2,8.3,0.0,1
CHEMBL1957,Cn1nccc1Nc1ncc2c(n1)-c1c(nn(C)c1-c1ccccc1Cl)CC2,8.7,0.0,1
CHEMBL1957,Cn1nccc1Nc1ncc2c(n1)-c1c(nn(C)c1Cc1ccccc1)CC2,7.96,0.0,1
CHEMBL1957,FC(F)(F)Oc1cccc(Nc2nccc(Nc3cnc4ccccc4c3)n2)c1,6.7,0.0,1
CHEMBL1957,Fc1cc(-c2nc3ccccc3s2)ccc1Nc1ncnc2cc(Cl)ccc12,5.96,0.0,1
CHEMBL1957,N#C/C(=C\c1ccc(O)c(O)c1)C(=O)c1ccc(O)c(O)c1,7.21,0.0,1
CHEMBL1957,N#CC1CCN(c2nc3c(c(Nc4cc(C5CC5)[nH]n4)n2)CCC3)CC1,6.91,0.0,1
CHEMBL1957,N#Cc1ccc(Nc2nccc(C(=O)Nc3cnccc3-c3ccc(F)cc3)n2)cc1,4.77,0.0,1
CHEMBL1957,N=C(N)SCCCn1c(=O)c2c(c1=O)n1c3ccccc3cc1c1cccc3ccn2c31,5.4,0.0,1
CHEMBL1957,N=C(Nc1ccccc1)SCCCN1C(=O)C2=C(C1=O)n1ccc3cccc(c31)C1Cc3ccccc3N21,5.64,0.0,1
CHEMBL1957,NC(=O)[C@@H]1CCCN1c1nc(Nc2cc(C3CC3)[nH]n2)c2cccn2n1,7.39,0.0,1
CHEMBL1957,NC(=O)[C@H]1CCCN1c1nc(Nc2cc(C3CC3)[nH]n2)c2cccn2n1,7.035,0.4737615433949868,2
CHEMBL1957,NC(=O)c1cnc(N[C@H]2CC[C@H](N)CC2)c2nc(-c3ccc(Cl)cc3)cn12,4.92,0.0,1
CHEMBL1957,NC1CCc2[nH]c3ccc(OCCc4ccc(O)cc4)cc3c2C1,4.97,0.0,1
CHEMBL1957,NC1CCc2c(c3cc(OCCc4ccc(O)cc4)ccc3n2CCCCCc2ccc(C(F)(F)F)cc2)C1,5.29,0.0,1
CHEMBL1957,NC1CCc2c(c3cc(OCCc4ccc(O)cc4)ccc3n2CCCCCc2ccccc2)C1,5.98,0.062449979983984306,3
CHEMBL1957,NC1CCc2c(c3cc(OCCc4ccc(O)cc4)ccc3n2CCCCCc2ccccn2)C1,5.55,0.0,1
CHEMBL1957,NC1CCc2c(c3cc(OCCc4ccc(O)cc4)ccc3n2CCCc2ccccc2)C1,5.88,0.0,1
CHEMBL1957,NC1CN(C(=O)[C@@H]2CCCN2c2nc(Nc3cc(C4CC4)[nH]n3)c3cccn3n2)C1,6.76,0.0,1
CHEMBL1957,NCCc1c[nH]c2ccc(OCCc3ccc(O)cc3)cc12,5.75,0.0,1
CHEMBL1957,NCCc1cn(CCCCCc2ccccc2)c2ccc(OCCc3ccc(O)cc3)cc12,5.53,0.0,1
CHEMBL1957,NCCc1cn(Cc2ccc(-c3cccc(C(F)(F)F)c3)cc2)c2ccc(OCCc3ccc(O)cc3)cc12,5.98,0.014142135623730963,2
CHEMBL1957,NCCc1cn(Cc2ccc(-c3ccccc3)cc2)c2ccc(OCCc3ccc(O)cc3)cc12,5.63,0.0,1
CHEMBL1957,NC[C@H]1CCCN1C(=O)[C@@H]1CCCN1c1nc(Nc2cc(C3CC3)[nH]n2)c2cccn2n1,6.06,0.0,1
CHEMBL1957,NC[C@H]1CC[C@@H](c2nc(-c3cccc(OCc4ccccc4)c3)c3c(N)nccn32)CC1,6.64,0.0,1
CHEMBL1957,NC[C@H]1CC[C@H](c2nc(-c3cccc(OCc4ccccc4)c3)c3c(N)nccn32)CC1,6.92,0.0,1
CHEMBL1957,NC[C@H]1C[C@@H](c2nc(-c3cccc(OCc4ccccc4)c3)c3c(N)nccn32)C1,7.22,0.0,1
CHEMBL1957,NS(=O)(=O)c1ccc(Nc2nccc(-c3cnc4ccccn34)n2)cc1,5.9,0.0,1
CHEMBL1957,N[C@@H]1CCC(C(=O)[C@@H]2CCCN2c2nc(Nc3cc(C4CC4)[nH]n3)c3cccn3n2)C1,6.77,0.0,1
CHEMBL1957,N[C@@H]1CCCN(C(=O)[C@@H]2CCCN2c2nc(Nc3cc(C4CC4)[nH]n3)c3cccn3n2)C1,6.44,0.0,1
CHEMBL1957,N[C@H]1CCN(C(=O)[C@@H]2CCCN2c2nc(Nc3cc(C4CC4)[nH]n3)c3cccn3n2)C1,6.91,0.0,1
CHEMBL1957,Nc1n[nH]c2cccc(-c3ccc(NC(=S)Nc4cc(Br)ccc4OC(F)(F)F)cc3)c12,5.21,0.0,1
CHEMBL1957,Nc1n[nH]c2nnc(-c3c(-c4ccccc4)nn4ccccc34)cc12,4.49,0.0,1
CHEMBL1957,Nc1ncc(-c2cnn(CCO)c2)c2scc(-c3ccc(NC(=O)Nc4cccc(F)c4)cc3)c12,6.27,0.0,1
CHEMBL1957,Nc1nccn2c(-c3ccccc3)nc(-c3cccc(OCc4ccccc4)c3)c12,5.78,0.0,1
CHEMBL1957,Nc1nccn2c(C3CCC3)nc(-c3ccc(O)c(OCc4ccccc4)c3)c12,5.48,0.0,1
CHEMBL1957,Nc1nccn2c(C3CCC3)nc(-c3ccc(OCc4ccccc4)cc3)c12,5.71,0.0,1
CHEMBL1957,Nc1nccn2c(C3CCC3)nc(-c3ccc4ccc(-c5ccccc5)nc4c3)c12,7.145,0.06363961030679012,2
CHEMBL1957,Nc1nccn2c(C3CCC3)nc(-c3cccc(O)c3)c12,6.285,0.007071067811865324,2
CHEMBL1957,Nc1nccn2c(C3CCC3)nc(-c3cccc(OC4CCCC4)c3)c12,5.46,0.0,1
CHEMBL1957,Nc1nccn2c(C3CCC3)nc(-c3cccc(OC4CCCCC4)c3)c12,5.98,0.0,1
CHEMBL1957,Nc1nccn2c(C3CCC3)nc(-c3cccc(OCC4CC4)c3)c12,5.64,0.0,1
CHEMBL1957,Nc1nccn2c(C3CCC3)nc(-c3cccc(OCC4CCCCC4)c3)c12,5.96,0.0,1
CHEMBL1957,Nc1nccn2c(C3CCC3)nc(-c3cccc(OCc4c(Cl)cccc4Cl)c3)c12,5.78,0.0,1
CHEMBL1957,Nc1nccn2c(C3CCC3)nc(-c3cccc(OCc4c(F)cccc4Cl)c3)c12,6.61,0.0,1
CHEMBL1957,Nc1nccn2c(C3CCC3)nc(-c3cccc(OCc4c(F)cccc4F)c3)c12,6.67,0.0,1
CHEMBL1957,Nc1nccn2c(C3CCC3)nc(-c3cccc(OCc4cc(F)cc(F)c4)c3)c12,5.87,0.0,1
CHEMBL1957,Nc1nccn2c(C3CCC3)nc(-c3cccc(OCc4cc(F)ccc4F)c3)c12,6.48,0.0,1
CHEMBL1957,Nc1nccn2c(C3CCC3)nc(-c3cccc(OCc4ccc(Cl)cc4)c3)c12,6.01,0.0,1
CHEMBL1957,Nc1nccn2c(C3CCC3)nc(-c3cccc(OCc4ccc(F)c(F)c4)c3)c12,5.35,0.0,1
CHEMBL1957,Nc1nccn2c(C3CCC3)nc(-c3cccc(OCc4ccc(F)cc4)c3)c12,5.91,0.0,1
CHEMBL1957,Nc1nccn2c(C3CCC3)nc(-c3cccc(OCc4ccc(OC(F)F)cc4)c3)c12,5.55,0.0,1
CHEMBL1957,Nc1nccn2c(C3CCC3)nc(-c3cccc(OCc4cccc(Cl)c4)c3)c12,5.67,0.0,1
CHEMBL1957,Nc1nccn2c(C3CCC3)nc(-c3cccc(OCc4cccc(F)c4)c3)c12,6.29,0.0,1
CHEMBL1957,Nc1nccn2c(C3CCC3)nc(-c3cccc(OCc4cccc(F)c4F)c3)c12,6.05,0.0,1
CHEMBL1957,Nc1nccn2c(C3CCC3)nc(-c3cccc(OCc4cccc(OC(F)F)c4)c3)c12,5.24,0.0,1
CHEMBL1957,Nc1nccn2c(C3CCC3)nc(-c3cccc(OCc4ccccc4)c3)c12,6.22,0.0,1
CHEMBL1957,Nc1nccn2c(C3CCC3)nc(-c3cccc(OCc4ccccc4Cl)c3)c12,6.46,0.0,1
CHEMBL1957,Nc1nccn2c(C3CCC3)nc(-c3cccc(OCc4ccccc4F)c3)c12,6.65,0.0,1
CHEMBL1957,Nc1nccn2c(C3CCC3)nc(-c3cccc(OCc4ccccc4OC(F)F)c3)c12,5.48,0.0,1
CHEMBL1957,Nc1nccn2c(C3CCC3)nc(-c3cccc(OCc4ccccn4)c3)c12,5.96,0.0,1
CHEMBL1957,Nc1nccn2c(C3CCCC3)nc(-c3cccc(OCc4ccccc4)c3)c12,5.98,0.0,1
CHEMBL1957,Nc1nccn2c(C3CCCCC3)nc(-c3cccc(OCc4ccccc4)c3)c12,5.46,0.0,1
CHEMBL1957,Nc1nccn2c(C3CCCCCC3)nc(-c3cccc(OCc4ccccc4)c3)c12,5.42,0.0,1
CHEMBL1957,Nc1nccn2c1c(-c1ccc3ccc(-c4ccccc4)nc3c1)nc2[C@H]1C[C@@H](CN2CCC2)C1,7.46,0.0,1
CHEMBL1957,Nc1nccn2c1c(-c1cccc(OCc3ccccc3)c1)nc2[C@H]1CC[C@@H](C(N)=O)CC1,6.11,0.0,1
CHEMBL1957,Nc1nccn2c1c(-c1cccc(OCc3ccccc3)c1)nc2[C@H]1CC[C@H](C(=O)N2CCCC2)CC1,5.74,0.0,1
CHEMBL1957,Nc1nccn2c1c(-c1cccc(OCc3ccccc3)c1)nc2[C@H]1CC[C@H](C(=O)N2CCCCC2)CC1,5.47,0.0,1
CHEMBL1957,Nc1nccn2c1c(-c1cccc(OCc3ccccc3)c1)nc2[C@H]1CC[C@H](C(=O)NCc2ccccc2)CC1,5.86,0.0,1
CHEMBL1957,Nc1nccn2c1c(-c1cccc(OCc3ccccc3)c1)nc2[C@H]1CC[C@H](C(=O)Nc2ccccc2)CC1,5.89,0.0,1
CHEMBL1957,Nc1nccn2c1c(-c1cccc(OCc3ccccc3)c1)nc2[C@H]1CC[C@H](C(N)=O)CC1,6.66,0.0,1
CHEMBL1957,Nc1nccn2c1c(-c1cccc(OCc3ccccc3)c1)nc2[C@H]1CC[C@H](CN2CCC2)CC1,7.09,0.0,1
CHEMBL1957,Nc1nccn2c1c(-c1cccc(OCc3ccccc3)c1)nc2[C@H]1CC[C@H](CN2CCCC2)CC1,6.99,0.0,1
CHEMBL1957,Nc1nccn2c1c(-c1cccc(OCc3ccccc3)c1)nc2[C@H]1CC[C@H](CN2CCOCC2)CC1,7.04,0.0,1
CHEMBL1957,Nc1nccn2c1c(-c1cccc(OCc3ccccc3)c1)nc2[C@H]1C[C@@H](C(N)=O)C1,6.26,0.0,1
CHEMBL1957,Nc1nccn2c1c(-c1cccc(OCc3ccccc3)c1)nc2[C@H]1C[C@@H](CN2CCCC2)C1,7.05,0.0,1
CHEMBL1957,Nc1nccn2c1c(-c1cccc(OCc3ccccc3)c1)nc2[C@H]1C[C@@H](CN2CCCCC2)C1,6.62,0.0,1
CHEMBL1957,Nc1nccn2c1c(-c1cccc(OCc3ccccc3)c1)nc2[C@H]1C[C@@H](CN2CCOCC2)C1,6.83,0.0,1
CHEMBL1957,Nc1nccn2c1c(-c1cccc(OCc3ccccc3)c1)nc2[C@H]1C[C@H](C(N)=O)C1,6.28,0.0,1
CHEMBL1957,Nc1nccn2c1c(-c1cccc(OCc3ccccc3)c1)nc2[C@H]1C[C@H](CN2CCCC2)C1,6.94,0.0,1
CHEMBL1957,Nc1nccn2cnc(-c3ccc4ccc(-c5ccccc5)nc4c3C3CC(N4CC4)C3)c12,7.7,0.0,1
CHEMBL1957,Nc1ncnc2c1c(-c1cc(F)cc(OC[C@@H]3CCCO3)c1)cn2[C@H]1C[C@@H](CN2CC[S+]([O-])CC2)C1,6.58,0.0,1
CHEMBL1957,Nc1ncnc2c1c(-c1cc(F)cc(OC[C@H]3CCCO3)c1)cn2[C@H]1C[C@@H](CN2CC[S+]([O-])CC2)C1,5.96,0.0,1
CHEMBL1957,Nc1ncnc2c1c(-c1cc(OCC34CCC(CC3)O4)ccc1F)cn2[C@H]1C[C@@H](CN2CC[S+]([O-])CC2)C1,8.08,0.0,1
CHEMBL1957,Nc1ncnc2c1c(-c1cc(OCC3CCO3)ccc1F)cn2[C@H]1C[C@@H](CN2CC[S+]([O-])CC2)C1,6.7,0.0,1
CHEMBL1957,Nc1ncnc2c1c(-c1cc(OC[C@@H]3CCCO3)ccc1F)cn2[C@H]1C[C@@H](CN2CC[S+]([O-])CC2)C1,7.8,0.0,1
CHEMBL1957,Nc1ncnc2c1c(-c1ccc(F)c(OCC34CCC(CC3)O4)c1)cn2[C@H]1C[C@@H](CN2CC[S+]([O-])CC2)C1,7.92,0.0,1
CHEMBL1957,Nc1ncnc2c1c(-c1ccc(Nc3nc4cccc(Cl)c4o3)cc1)nn2[C@H]1CC[C@H](N2CCOCC2)CC1,7.38,0.0,1
CHEMBL1957,Nc1ncnc2c1c(-c1ccc(OCc3ccccc3)cc1)cn2[C@H]1C[C@@H](CN2CCC2)C1,6.82,0.0,1
CHEMBL1957,Nc1ncnc2c1c(-c1ccc3c(c1)C=C(Cc1cccs1)C3)nn2[C@H]1CC[C@H](N2CCOCC2)CC1,7.64,0.0,1
CHEMBL1957,Nc1ncnc2c1c(-c1ccc3nc(Cc4ccccc4)[nH]c3c1)nn2[C@H]1CC[C@H](N2CCOCC2)CC1,7.19,0.0,1
CHEMBL1957,Nc1ncnc2c1c(-c1ccc3nc(Cc4ccccc4Cl)[nH]c3c1)nn2[C@H]1CC[C@H](N2CCOCC2)CC1,7.44,0.0,1
CHEMBL1957,Nc1ncnc2c1c(-c1ccc3nc(Cc4cccs4)[nH]c3c1)nn2[C@H]1CC[C@H](N2CCOCC2)CC1,7.6,0.0,1
CHEMBL1957,Nc1ncnc2c1c(-c1cccc(O)c1)cn2[C@H]1C[C@@H](CN2CCC2)C1,6.38,0.0,1
CHEMBL1957,Nc1ncnc2c1c(-c1cccc(OCC34CCC(CC3)O4)c1)cn2[C@H]1C[C@@H](CN2CCC2)C1,7.34,0.0,1
CHEMBL1957,Nc1ncnc2c1c(-c1cccc(OCC34CCC(CC3)O4)c1)cn2[C@H]1C[C@@H](CO)C1,7.48,0.0,1
CHEMBL1957,Nc1ncnc2c1c(-c1cccc(OCC34CCC(CC3)O4)c1F)cn2[C@H]1C[C@@H](CN2CC[S+]([O-])CC2)C1,8.37,0.0,1
CHEMBL1957,Nc1ncnc2c1c(-c1cccc(OCC3CCC3)c1)cn2[C@H]1C[C@@H](CN2CCC2)C1,5.72,0.0,1
CHEMBL1957,Nc1ncnc2c1c(-c1cccc(OCC3CCCC3)c1)cn2[C@H]1C[C@@H](CN2CCC2)C1,6.08,0.0,1
CHEMBL1957,Nc1ncnc2c1c(-c1cccc(OCC3CCCCC3)c1)cn2[C@H]1C[C@@H](CN2CCC2)C1,6.26,0.0,1
CHEMBL1957,Nc1ncnc2c1c(-c1cccc(OCCO)c1)cn2[C@H]1C[C@@H](CN2CCC2)C1,5.1,0.0,1
CHEMBL1957,Nc1ncnc2c1c(-c1cccc(OCCOC3CCCC3)c1)cn2[C@H]1C[C@@H](CN2CCC2)C1,6.31,0.0,1
CHEMBL1957,Nc1ncnc2c1c(-c1cccc(OC[C@@H]3CCCCO3)c1)cn2[C@H]1C[C@@H](CN2CCC2)C1,6.89,0.0,1
CHEMBL1957,Nc1ncnc2c1c(-c1cccc(OC[C@@H]3CCCO3)c1)cn2[C@H]1C[C@@H](CN2CCC2)C1,7.09,0.014142135623730649,2
CHEMBL1957,Nc1ncnc2c1c(-c1cccc(OC[C@@H]3CCCO3)c1)cn2[C@H]1C[C@@H](CN2CC[S+]([O-])CC2)C1,7.1,0.0,1
CHEMBL1957,Nc1ncnc2c1c(-c1cccc(OC[C@H]3CCCCO3)c1)cn2[C@H]1C[C@@H](CN2CCC2)C1,7.1,0.0,1
CHEMBL1957,Nc1ncnc2c1c(-c1cccc(OC[C@H]3CCCO3)c1)cn2[C@H]1C[C@@H](CN2CCC2)C1,6.96,0.0,1
CHEMBL1957,Nc1ncnc2c1c(-c1cccc(OCc3ccccc3)c1)cn2[C@H]1C[C@@H](CN2CCC2)C1,7.21,0.0,1
CHEMBL1957,Nc1ncnc2c1c(-c1cccc(OCc3ccccc3)c1)cn2[C@H]1C[C@H](CN2CCCC2)C1,6.77,0.0,1
CHEMBL1957,Nc1ncnn2c(C3CCC3)nc(-c3ccc4ccc(-c5ccccc5)nc4c3)c12,6.57,0.0,1
CHEMBL1957,O=C(NC(=S)Nc1ccc(O)c(-c2nc3ccccc3s2)c1)c1ccc([N+](=O)[O-])cc1,6.51,0.0,1
CHEMBL1957,O=C(NC1CCCC1)c1ccc(-c2nccc(-c3c[nH]c4cnccc34)n2)cc1,4.17,0.0,1
CHEMBL1957,O=C(NC1CCCNC1)[C@@H]1CCCN1c1nc(Nc2cc(-c3ccco3)[nH]n2)c2cccn2n1,5.6,0.0,1
CHEMBL1957,O=C(NC1CCCNC1)[C@@H]1CCCN1c1nc(Nc2cc(C3CC3)[nH]n2)c2cccn2n1,7.14,0.0,1
CHEMBL1957,O=C(NC1CCNC1)[C@@H]1CCCN1c1nc(Nc2cc(C3CC3)[nH]n2)c2cccn2n1,7.01,0.0,1
CHEMBL1957,O=C(NCCc1ccc(O)c(Br)c1)/C(Cc1cc(Br)c(O)c(-c2cc(C/C(=N/O)C(=O)NCCc3ccc(O)c(Br)c3)cc(Br)c2O)c1)=N\O,5.64,0.0,1
CHEMBL1957,O=C(NCCc1ccc(O)c(Br)c1)/C(Cc1cc(Br)c(O)c(Oc2ccc(CCNC(=O)/C(Cc3cc(Br)c(O)c(-c4cc(C/C(=N\O)C(=O)NCCc5ccc(O)c(Br)c5)cc(Br)c4O)c3)=N/O)cc2Br)c1)=N/O,6.0,0.0,1
CHEMBL1957,O=C(NCc1ccccc1)[C@H]1CCCN1c1nc(Nc2cc(C3CC3)[nH]n2)c2cccn2n1,5.5,0.0,1
CHEMBL1957,O=C(NCc1nc(Nc2cc(C3CC3)n[nH]2)c2cccn2n1)c1ccc(F)nc1,8.28,0.0,1
CHEMBL1957,O=C(NNC(=O)c1ccc(-c2cccc(COc3cccc(C(F)(F)F)c3)c2)cc1)C(=O)c1c[nH]c2ccccc12,6.0,0.0,1
CHEMBL1957,O=C(NNC(=O)c1ccc(-c2ccccc2COc2cccc(C(F)(F)F)c2)cc1)C(=O)c1c[nH]c2ccccc12,6.09,0.0,1
CHEMBL1957,O=C(NNC(=O)c1ccc(-c2ccccc2OCc2ccc(F)cc2)cc1)C(=O)c1c[nH]c2ccccc12,5.31,0.0,1
CHEMBL1957,O=C(NNC(=O)c1ccc(C(F)(F)F)cc1)C(=O)c1c[nH]c2ccccc12,5.39,0.0,1
CHEMBL1957,O=C(NNC(=O)c1ccc(Cl)cc1)C(=O)c1c[nH]c2ccccc12,4.8,0.0,1
CHEMBL1957,O=C(NNC(=O)c1ccc(I)cc1)C(=O)c1c[nH]c2ccccc12,5.4,0.0,1
CHEMBL1957,O=C(NNC(=O)c1ccccc1F)C(=O)c1c[nH]c2ccccc12,4.04,0.0,1
CHEMBL1957,O=C(NS(=O)(=O)C1CC1)[C@@H]1C[C@H](O)CN1c1nc(Nc2cc(C3CC3)n[nH]2)c2cccn2n1,5.68,0.0,1
CHEMBL1957,O=C(Nc1ccc(-c2ncccn2)cc1)Nc1cc(C(F)(F)F)nc2ccccc12,4.71,0.0,1
CHEMBL1957,O=C(Nc1ccc(Cl)c(C(F)(F)F)c1)N1CCN(c2nnc(Cc3ccccc3)c3ccccc23)CC1,5.37,0.0,1
CHEMBL1957,O=C(Nc1ccc(Cl)cc1)N1CCN(c2nnc(Cc3ccccc3)c3ccccc23)CC1,5.5,0.0,1
CHEMBL1957,O=C(Nc1ccc(Cl)cc1)Nc1cc(C(F)(F)F)nc2ccccc12,4.55,0.0,1
CHEMBL1957,O=C(Nc1ccc(Cl)cc1)Nc1cc(Cl)nc2ccccc12,4.68,0.0,1
CHEMBL1957,O=C(Nc1ccc(F)nc1)C1=C(c2nc(Nc3cc(C4CC4)[nH]n3)c3cccn3n2)CCC1,7.5,0.0,1
CHEMBL1957,O=C(Nc1ccc(F)nc1)[C@@H]1CCCN1c1nc(Nc2cc(C3CC3)[nH]n2)c2cccn2n1,8.57,0.0,1
CHEMBL1957,O=C(Nc1ccc(F)nc1)[C@@H]1CCC[C@H]1c1nc(Nc2cc(C3CC3)[nH]n2)c2cccn2n1,7.365,0.9121677477306467,2
CHEMBL1957,O=C(Nc1ccc(OC(F)(F)F)cc1)Nc1cc(C(F)(F)F)nc2ccccc12,5.17,0.0,1
CHEMBL1957,O=C(Nc1ccc(OC(F)(F)F)cc1)Nc1cc(Cl)nc2ccccc12,4.67,0.0,1
CHEMBL1957,O=C(Nc1ccc([N+](=O)[O-])cc1)Nc1cc(C(F)(F)F)nc2ccccc12,4.57,0.0,1
CHEMBL1957,O=C(Nc1cccc(Nc2nccc(Nc3cccc(C(F)(F)F)c3)n2)c1)C1CC1,6.23,0.0,1
CHEMBL1957,O=C(Nc1ccccc1)N1CCN(c2nnc(Cc3ccccc3)c3ccccc23)CC1,5.89,0.0,1
CHEMBL1957,O=C(Nc1ccccc1)[C@@H]1CCCN1c1nc(Nc2cc(C3CC3)[nH]n2)c2cccn2n1,7.89,0.0,1
CHEMBL1957,O=C(Nc1cccnc1)[C@@H]1CCCN1c1nc(Nc2cc(C3CC3)[nH]n2)c2cccn2n1,8.05,0.0,1
CHEMBL1957,O=C(Nc1cccnc1)[C@@H]1C[C@H](O)CN1c1nc(Nc2cc(C3CC3)n[nH]2)c2cccn2n1,9.0,0.0,1
CHEMBL1957,O=C(Nc1cnccn1)[C@@H]1C[C@H](O)CN1c1nc(Nc2cc(C3CC3)n[nH]2)c2cccn2n1,8.7,0.0,1
CHEMBL1957,O=C(Nc1n[nH]c2ccc(Cc3cc(F)cc(F)c3)cc12)c1ccc(CN2CCCCC2)cc1NC1CCOCC1,6.41,0.0,1
CHEMBL1957,O=C(Nc1n[nH]c2ccc(Cc3cc(F)cc(F)c3)cc12)c1ccc(N2CCNCC2)cc1NC1CCOCC1,7.55,0.0,1
CHEMBL1957,O=C(Nc1nccs1)[C@@H]1CCCN1c1nc(Nc2cc(C3CC3)[nH]n2)c2cccn2n1,8.7,0.0,1
CHEMBL1957,O=C(Nc1nccs1)[C@@H]1C[C@@H](O)CN1c1nc(Nc2cc(C3CC3)n[nH]2)c2cccn2n1,8.3,0.0,1
CHEMBL1957,O=C(Nc1ncns1)[C@@H]1C[C@@H](F)CN1c1nc(Nc2cc(C3CC3)n[nH]2)c2cccn2n1,8.7,0.0,1
CHEMBL1957,O=C(Nc1ncns1)[C@@H]1C[C@H](F)CN1c1nc(Nc2cc(C3CC3)n[nH]2)c2cccn2n1,8.52,0.0,1
CHEMBL1957,O=C(Nc1ncns1)[C@@H]1C[C@H](O)CN1c1nc(Nc2cc(C3CC3)n[nH]2)c2cccn2n1,8.52,0.0,1
CHEMBL1957,O=C(O[C@@H]1Cc2ccccc2O[C@@H]1c1cc(O)c(O)c(O)c1)c1cc(O)c(O)c(O)c1,4.85,0.0,1
CHEMBL1957,O=C([C@@H]1CCCN1c1nc(Nc2cc(C3CC3)[nH]n2)c2cccn2n1)N1CCCNCC1,5.55,0.0,1
CHEMBL1957,O=C([C@@H]1CCCN1c1nc(Nc2cc(C3CC3)[nH]n2)c2cccn2n1)N1CCNCC1,5.82,0.0,1
CHEMBL1957,O=C(c1ccc(Cl)cc1)N1CCN(c2nnc(Cc3ccccc3)c3ccccc23)CC1,5.06,0.0,1
CHEMBL1957,O=C(c1ccc(F)nc1)N1CCC[C@@H]1c1nc(Nc2cc(C3CC3)[nH]n2)c2cccn2n1,5.08,0.0,1
CHEMBL1957,O=C(c1ccc(F)nc1)N1CCC[C@H]1c1nc(Nc2cc(C3CC3)[nH]n2)c2cccn2n1,8.15,0.0,1
CHEMBL1957,O=C(c1ccccc1)N1CCN(c2nnc(Cc3ccccc3)c3ccccc23)CC1,5.44,0.0,1
CHEMBL1957,O=C1/C(=C\c2ccc(O)c(O)c2)Oc2ccccc21,4.0,0.0,1
CHEMBL1957,O=C1CC[C@@H](c2nc(Nc3cc(C4CC4)[nH]n3)c3cccn3n2)N1C(=O)c1ccc(F)nc1,7.96,0.0,1
CHEMBL1957,O=C1N/C=C/c2ccc(c(Br)c2)Oc2cc(cc(Br)c2O)CCNC(=O)/C(=N/O)Cc2ccc(c(Br)c2)Oc2cc(cc(Br)c2O)C/C1=N\O,5.77,0.0,1
CHEMBL1957,O=C1NC(=O)/C(=C/c2ccc(-c3ccc(O)c(C(=O)O)c3)o2)S1,6.6,0.0,1
CHEMBL1957,O=C1NC(=O)/C(=C/c2ccc(-c3ccccc3[N+](=O)[O-])o2)S1,5.77,0.0,1
CHEMBL1957,O=C1NC(=O)/C(=C/c2ccc(Cl)cc2Cl)S1,4.82,0.0,1
CHEMBL1957,O=C1NC(=O)/C(=C/c2cccc(OCc3ccc(Cl)cc3Cl)c2)S1,5.8,0.0,1
CHEMBL1957,O=C1NC(=O)/C(=C/c2ccccc2F)S1,5.18,0.0,1
CHEMBL1957,O=C1NC(=O)/C(=C\c2cc3c(cc2Br)OCO3)S1,5.48,0.0,1
CHEMBL1957,O=C1NC(=O)/C(=C\c2ccc(-c3ccc(Br)cc3)o2)S1,5.17,0.0,1
CHEMBL1957,O=C1NC(=O)/C(=C\c2ccc(-c3ccc(Cl)c(Cl)c3)o2)S1,5.54,0.0,1
CHEMBL1957,O=C1NC(=O)/C(=C\c2ccc(-c3ccc(Cl)cc3Cl)o2)S1,5.8,0.0,1
CHEMBL1957,O=C1NC(=O)/C(=C\c2ccc(-c3ccc(F)c(Cl)c3)o2)S1,6.55,0.0,1
CHEMBL1957,O=C1NC(=O)/C(=C\c2ccc(-c3ccc(F)cc3)o2)S1,6.4,0.0,1
CHEMBL1957,O=C1NC(=O)/C(=C\c2ccc(-c3cccc(Br)c3)o2)S1,7.24,0.0,1
CHEMBL1957,O=C1NC(=O)/C(=C\c2ccc(-c3cccc(Cl)c3Cl)o2)S1,5.47,0.0,1
CHEMBL1957,O=C1NC(=O)/C(=C\c2ccc(Cl)c(Cl)c2)S1,5.06,0.0,1
CHEMBL1957,O=C1NC(=O)/C(=C\c2cccc([N+](=O)[O-])c2)S1,5.31,0.0,1
CHEMBL1957,O=C1NC(=S)S/C1=C\c1ccc(-c2ccc(C(=O)O)cc2)o1,7.21,0.0,1
CHEMBL1957,O=C1NC(=S)S/C1=C\c1ccc(-c2ccccc2Cl)o1,5.09,0.0,1
CHEMBL1957,O=C1Nc2ccccc2/C1=C1/Nc2ccccc2/C1=N\O,5.28,0.0,1
CHEMBL1957,O=c1c(O)c(-c2ccc(O)c(O)c2)oc2cc(O)cc(O)c12,6.52,0.0,1
CHEMBL1957,OCC1CCCN(c2nc3c(c(Nc4cc(C5CC5)[nH]n4)n2)CCC3)C1,7.05,0.0,1
CHEMBL1957,Oc1cc(/C=C/C(=S)NCc2cc(O)c(O)c(O)c2Br)cc(Br)c1O,7.52,0.0,1
CHEMBL1957,Oc1cc(/C=C/C(=S)NCc2ccc(O)c(O)c2O)cc(Br)c1O,7.05,0.0,1
CHEMBL1957,Oc1cc(Br)c(/C=C/C(=S)NCc2cc(O)c(O)c(O)c2)cc1O,7.1,0.0,1
CHEMBL1957,Oc1cc(CNC(=S)/C=C/c2cc(O)c(O)c(Br)c2Br)cc(O)c1O,7.3,0.0,1
CHEMBL1957,Oc1cc(CNC(=S)/C=C/c2ccc(O)c(O)c2Br)cc(O)c1O,7.16,0.0,1
CHEMBL1957,Oc1cc(CNC(=S)/C=C/c2ccc(O)c(O)c2Cl)cc(O)c1O,6.85,0.0,1
CHEMBL1957,Oc1cc(CNC(=S)/C=C/c2ccc(O)c(O)c2I)cc(O)c1O,6.75,0.0,1
CHEMBL1957,Oc1cc2c(cc1O)C(c1ccccc1)CCC2,6.0,0.0,1
CHEMBL1957,Oc1ccc(CCCCc2ccc(Cl)c(Cl)c2)cc1O,6.0,0.0,1
CHEMBL1957,Oc1ccc(CCCCc2ccc(Cl)cc2)cc1O,6.1,0.0,1
CHEMBL1957,Oc1ccc(CCCCc2ccc(O)c(O)c2)cc1,6.0,0.0,1
CHEMBL1957,Oc1ccc(CCCCc2ccc(O)c(O)c2)cc1O,6.22,0.0,1
CHEMBL1957,Oc1ccc(CCCCc2ccccc2)cc1O,6.1,0.0,1
CHEMBL1957,Oc1ccc(CN(Cc2ccc(O)c(O)c2)c2ccc3c(c2)OCO3)cc1O,6.77,0.0,1
CHEMBL1957,Oc1ccc(CN(Cc2ccc(O)c(O)c2)c2ccc3ccccc3c2)cc1O,5.61,0.0,1
CHEMBL1957,Oc1ccc(CN(Cc2ccc(O)c(O)c2)c2ccc3cn[nH]c3c2)cc1O,6.75,0.0,1
CHEMBL1957,Oc1ccc(CNc2ccc3c(c2)OCO3)cc1O,5.77,0.0,1
CHEMBL1957,Oc1ccc(CNc2ccc3ccccc3c2)cc1O,5.35,0.0,1
CHEMBL1957,Oc1ccc(CNc2ccc3cn[nH]c3c2)cc1O,5.82,0.0,1
CHEMBL1957,Oc1n[nH]c2nnc(-c3c(-c4ccccc4)nn4ccccc34)cc12,4.99,0.0,1
CHEMBL1957,S=C(Nc1ccc(Cl)cc1)N1CCN(c2nnc(Cc3ccccc3)c3ccccc23)CC1,5.2,0.0,1
CHEMBL1957,S=C(Nc1cccc(Cl)c1)N1CCN(c2nnc(Cc3ccccc3)c3ccccc23)CC1,5.37,0.0,1
CHEMBL1957,S=C(Nc1ccccc1)N1CCN(c2nnc(Cc3ccccc3)c3ccccc23)CC1,5.62,0.0,1
CHEMBL1957,c1c(Nc2nc(N3CC4CCC3C4)nc3c2CCC3)n[nH]c1C1CC1,7.39,0.0,1
CHEMBL1957,c1c(Nc2nc(N3CCCCC3)nc3c2CCC3)n[nH]c1C1CC1,7.5,0.0,1
CHEMBL1957,c1c(Nc2nc(N3CCCCCC3)nc3c2CCC3)n[nH]c1C1CC1,8.0,0.0,1
CHEMBL1957,c1c(Nc2nc(N3CCCCCCC3)nc3c2CCC3)n[nH]c1C1CC1,7.24,0.0,1
CHEMBL1957,c1cc(Nc2ncnc3[nH]cnc23)cc(-c2nc3ccccc3s2)c1,5.92,0.0,1
CHEMBL1957,c1cc2c(-c3ccnc4[nH]ccc34)c[nH]c2cn1,5.1,0.0,1
CHEMBL1957,c1ccc(-c2nc3c(c(Nc4cc(C5CC5)[nH]n4)n2)CCC3)cc1,7.01,0.0,1
CHEMBL1957,c1ccc(CNc2nc3c(c(Nc4cc(C5CC5)[nH]n4)n2)CCC3)cc1,6.57,0.0,1
CHEMBL1957,c1ccc2ncc(Nc3ccnc(Nc4ccc(N5CCOCC5)cc4)n3)cc2c1,7.66,0.0,1
CHEMBL1957,c1ccc2ncc(Nc3ccnc(Nc4ccc(OCCCN5CCCCC5)cc4)n3)cc2c1,7.72,0.0,1
CHEMBL1957,c1ccc2sc(-c3ccc(Nc4ncnc5[nH]ccc45)cc3)nc2c1,5.82,0.0,1
