chembl_id,smiles,pchembl_value,pchembl_std,n_records
CHEMBL1824,Brc1ccc(C2=NN(c3ccccc3)C(c3ccc4ccccc4c3)C2)cc1,5.89,0.0,1
CHEMBL1824,Brc1ccc(C2=NN(c3ccccc3)C(c3cccc4ccccc34)C2)cc1,5.63,0.0,1
CHEMBL1824,C#CCCCn1c(Cc2cc(OC)c(OC)cc2Cl)nc2c(N)nc(F)nc21,4.52,0.0,1
CHEMBL1824,C#CCCCn1c(Cc2cc3c(cc2Br)OCO3)nc2c(N)nc(F)nc21,6.68,0.0,1
CHEMBL1824,C#CCCCn1c(Cc2cc3c(cc2Cl)OCO3)nc2c(N)nc(F)nc21,6.52,0.0,1
CHEMBL1824,C#CCCCn1c(Cc2cc3c(cc2I)OCO3)nc2c(N)nc(F)nc21,7.05,0.0,1
CHEMBL1824,C#CCCCn1c(Sc2cc(Cl)c(Cl)cc2Cl)nc2c(N)ncnc21,4.24,0.0,1
CHEMBL1824,C#CCCCn1c(Sc2cc(OC)c(OC)c(OC)c2Cl)nc2c(N)nc(F)nc21,5.83,0.08485281374238547,2
CHEMBL1824,C#CCCCn1c(Sc2cc(OC)ccc2I)nc2c(N)nc(F)nc21,6.44,0.0,1
CHEMBL1824,C#CCCCn1c(Sc2cc(OC)ccc2I)nc2c(N)ncnc21,6.55,0.0,1
CHEMBL1824,C#CCCCn1c(Sc2cc3c(cc2Br)OCO3)nc2c(N)ncnc21,6.48,0.05656854249492354,2
CHEMBL1824,C#Cc1cc(Nc2ncnc3cc(OC)c(OCCCCCCC(=O)NO)cc23)ccc1F,7.12,0.0,1
CHEMBL1824,C#Cc1cccc(Nc2cccc3cc(OC)c(OCCCCCCC(=O)NO)cc23)c1,7.8,0.0,1
CHEMBL1824,C#Cc1cccc(Nc2ncnc3cc(OC)c(OCCCCC(=O)NO)cc23)c1,7.42,0.0,1
CHEMBL1824,C#Cc1cccc(Nc2ncnc3cc(OC)c(OCCCCCC(=O)NO)cc23)c1,7.42,0.0,1
CHEMBL1824,C#Cc1cccc(Nc2ncnc3cc(OC)c(OCCCCCCC(=O)NO)cc23)c1,7.8,0.0,1
CHEMBL1824,C#Cc1cccc(Nc2ncnc3cc(OCCCCCCC(=O)NO)c(OC)cc23)c1,7.29,0.0,1
CHEMBL1824,C#Cc1cccc(Nc2ncnc3cc(OCCOC)c(OCCOC)cc23)c1,6.526666666666667,0.7534839714540019,15
CHEMBL1824,C#Cc1cccc(Nc2ncnc3cc(OCCOCC)c(NC(=O)/C=C/CN(C)C)cc23)c1,8.44,0.0,1
CHEMBL1824,C#Cc1cccc(Nc2ncnc3cc4c(cc23)N(C(=O)/C=C/CN(C)C)CCO4)c1,6.6,0.0,1
CHEMBL1824,C#Cc1cccc(Nc2ncnc3cc4c(cc23)N(C(=O)/C=C/CN(CC)CC)CCO4)c1,6.6,0.0,1
CHEMBL1824,C#Cc1cccc(Nc2ncnc3cc4c(cc23)N(C(=O)/C=C/CN2CCC(C)CC2)CCO4)c1,6.48,0.0,1
CHEMBL1824,C#Cc1cccc(Nc2ncnc3cc4c(cc23)N(C(=O)/C=C/CN2CCCC2)CCO4)c1,6.64,0.0,1
CHEMBL1824,C#Cc1cccc(Nc2ncnc3cc4c(cc23)N(C(=O)/C=C/CN2CCCCC2)CCO4)c1,6.54,0.0,1
CHEMBL1824,C#Cc1cccc(Nc2ncnc3cc4c(cc23)N(C(=O)/C=C/CN2CCCCC2C)CCO4)c1,6.54,0.0,1
CHEMBL1824,C#Cc1cccc(Nc2ncnc3cc4c(cc23)N(C(=O)/C=C/CN2CCN(C)CC2)CCO4)c1,5.96,0.0,1
CHEMBL1824,C#Cc1cccc(Nc2ncnc3cc4c(cc23)N(C(=O)/C=C/CN2CCOCC2)CCO4)c1,6.03,0.0,1
CHEMBL1824,C#Cc1cccc(Nc2ncnc3ccc(OCCCCNCCS(C)(=O)=O)cc23)c1,6.63,0.0,1
CHEMBL1824,C#Cc1cccc(Nc2ncnc3ccc(OCc4ccc(C(=O)Nc5ccccc5N)cc4)cc23)c1,7.18,0.0,1
CHEMBL1824,C#Cc1cccc(Nc2ncnc3ccc(S(=O)(=O)n4ccc(/C=C/C(=O)NO)c4)cc23)c1,5.47,0.0,1
CHEMBL1824,C#Cc1cccc(Nc2ncnc3ccc(S(=O)(=O)n4ccc(/C=C/C(=O)Nc5ccccc5N)c4)cc23)c1,6.359999999999999,1.159655121145938,2
CHEMBL1824,C#Cc1cccc(Nc2ncnn3ccc(CN4CCC(N)CC4)c23)c1,8.15,0.0,1
CHEMBL1824,C#Cc1cccc(Nc2ncnn3ccc(COC[C@@H]4CNCCO4)c23)c1,7.7,0.0,1
CHEMBL1824,C#Cc1cncnc1Nc1ccc(OCc2cccc(F)c2)c(Cl)c1,5.42,0.0,1
CHEMBL1824,C/C(=C\c1c(C)ncnc1Nc1ccc(OCc2cccc(F)c2)c(Cl)c1)C(=O)NCCN1CCOCC1,7.09,0.0,1
CHEMBL1824,C/C=C/C(=O)Nc1cc2c(Nc3ccc(F)c(Cl)c3)c(C#N)cnc2cc1OCC,4.67,0.0,1
CHEMBL1824,C/C=C/C(=O)Nc1ccc2ncc(C#N)c(Nc3cccc(Br)c3)c2c1,5.35,0.0,1
CHEMBL1824,C/C=C/C(=O)Nc1ccc2ncnc(Nc3cccc(Br)c3)c2c1,4.04,0.0,1
CHEMBL1824,C/C=C\C(=O)Nc1ccc2ncnc(Nc3cccc(Br)c3)c2c1,4.66,0.0,1
CHEMBL1824,C=C(C)C(=O)Nc1ccc2ncnc(Nc3cccc(Br)c3)c2c1,4.82,0.0,1
CHEMBL1824,C=C(CN(C)C)C(=O)Nc1cc2c(Nc3ccc(F)c(Cl)c3)c(C#N)cnc2cc1OCC,5.92,0.0,1
CHEMBL1824,C=C(CN1CCOCC1)C(=O)Nc1ccc2ncc(C#N)c(Nc3ccc(F)c(Cl)c3)c2c1,5.36,0.0,1
CHEMBL1824,C=C(CN1CCOCC1)C(=O)Nc1ccc2ncnc(Nc3cccc(Br)c3)c2c1,6.34,0.0,1
CHEMBL1824,C=CC(=O)N1C(n2nc(Nc3ccc(CC(=O)N(C)C)c(C)c3C)c3c(N)ncnc32)CC[C@H]1C,7.77,0.0,1
CHEMBL1824,C=CC(=O)N1C(n2nc(Nc3ccc(CC(=O)N(C)C)cc3Cl)c3c(N)ncnc32)CC[C@H]1C,7.85,0.0,1
CHEMBL1824,C=CC(=O)N1C=CCN(n2nc(C(=O)Nc3ccc(OC(=O)N4CCCC4)cc3C)c3c(N)ncnc32)C1,8.04,0.0,1
CHEMBL1824,C=CC(=O)N1C=CCN(n2nc(C(=O)Nc3ccc(OC(=O)N4CCCCC4)cc3C)c3c(N)ncnc32)C1,8.0,0.0,1
CHEMBL1824,C=CC(=O)N1CC(F)C[C@@H](n2nc(C(=O)Nc3ccc(CC(=O)N(C)C)c(C)c3C)c3c(N)ncnc32)C1,7.89,0.0,1
CHEMBL1824,C=CC(=O)N1CC(F)C[C@@H](n2nc(C(=O)Nc3ccc(CC(=O)N(C)C)cc3Cl)c3c(N)ncnc32)C1,8.3,0.0,1
CHEMBL1824,C=CC(=O)N1CC(Oc2nn(C(C)(C)C)c3ncnc(N)c23)C1,5.27,0.0,1
CHEMBL1824,C=CC(=O)N1CC=CN(n2nc(C(=O)Nc3ccc(OC(=O)N(C)c4ccccc4)cc3C)c3c(N)ncnc32)C1,8.11,0.0,1
CHEMBL1824,C=CC(=O)N1CC=CN(n2nc(C(=O)Nc3ccc(OC(=O)N4CCCC4)cc3C)c3c(N)ncnc32)C1,7.04,0.0,1
CHEMBL1824,C=CC(=O)N1CC=CN(n2nc(C(=O)Nc3ccc(OC(=O)N4CCCCC4)cc3C)c3c(N)ncnc32)C1,8.0,0.0,1
CHEMBL1824,C=CC(=O)N1CCC(Oc2cc3c(Nc4ccc(Cl)c(Cl)c4F)ncnc3cc2OC)CC1,8.825,0.07778174593052045,2
CHEMBL1824,C=CC(=O)N1CCC(Oc2cc3c(Nc4ccc(Cl)c(Cl)c4F)ncnc3cc2O[C@H]2CCOC2)CC1,9.02,0.0,1
CHEMBL1824,C=CC(=O)N1CCC(Oc2cc3c(Nc4cccc(Cl)c4F)ncnc3cc2O[C@H]2CCOC2)CC1,8.85,0.0,1
CHEMBL1824,C=CC(=O)N1CCC([C@@H]2CCNC3C(C(N)=O)C(c4ccc(Oc5ccccc5)cc4)=NN32)CC1,7.06,0.0,1
CHEMBL1824,C=CC(=O)N1CCC([C@@H]2CCNc3c(C(N)=O)c(-c4ccc(Oc5ccccc5)cc4)nn32)CC1,6.28,0.0,1
CHEMBL1824,C=CC(=O)N1CCCC(n2nc(C(=O)Nc3ccc([C@@H](NC)C(=O)OC)cc3C)c3c(N)ncnc32)C1,7.96,0.0,1
CHEMBL1824,C=CC(=O)N1CCCC(n2nc(Nc3cc(Br)c(CC(=O)N(C)C)cc3C)c3c(N)ncnc32)C1,8.0,0.0,1
CHEMBL1824,C=CC(=O)N1CCCC(n2nc(Nc3cc(C)c(CC(=O)N(C)C)cc3Cl)c3c(N)ncnc32)C1,8.08,0.0,1
CHEMBL1824,C=CC(=O)N1CCCC(n2nc(Nc3ccc(C(=O)N(C)C)cc3)c3c(N)ncnc32)C1,7.58,0.0,1
CHEMBL1824,C=CC(=O)N1CCCC(n2nc(Nc3ccc(C(=O)N(C)C)cc3F)c3c(N)ncnc32)C1,7.68,0.0,1
CHEMBL1824,C=CC(=O)N1CCCC(n2nc(Nc3ccc(CC(=O)N(C)C)c(C)c3Cl)c3c(N)ncnc32)C1,8.15,0.0,1
CHEMBL1824,C=CC(=O)N1CCCC(n2nc(Nc3ccc(CC(=O)N(C)C)c4ccccc34)c3c(N)ncnc32)C1,7.96,0.0,1
CHEMBL1824,C=CC(=O)N1CCCC(n2nc(Nc3ccc(CC(=O)N(C)C)cc3C)c3c(N)ncnc32)C1,7.92,0.0,1
CHEMBL1824,C=CC(=O)N1CCCC(n2nc(Nc3ccc(N(C)c4ccccc4)cc3C)c3c(N)ncnc32)C1,8.11,0.0,1
CHEMBL1824,C=CC(=O)N1CCCC(n2nc(Nc3ccc(OC(=O)N(C)C)c4ccccc34)c3c(N)ncnc32)C1,7.96,0.0,1
CHEMBL1824,C=CC(=O)N1CCCC(n2nc(Nc3ccc(OC(=O)N(C)C)c4cccnc34)c3c(N)ncnc32)C1,7.96,0.0,1
CHEMBL1824,C=CC(=O)N1CCCC(n2nc(Nc3ccc(OC(=O)N(C)C)cc3CC)c3c(N)ncnc32)C1,7.66,0.0,1
CHEMBL1824,C=CC(=O)N1CCC[C@@H](n2nc(-c3ccc(OCc4cccc(C)n4)cc3)c3c(N)ncnc32)C1,7.79,0.0,1
CHEMBL1824,C=CC(=O)N1CCC[C@@H](n2nc(-c3ccc(Oc4ccccc4)cc3)c3c(N)ncnc32)C1,7.935714285714285,0.49399248114578764,7
CHEMBL1824,C=CC(=O)N1CCC[C@@H](n2nc(C(=O)Nc3c(C)cc(OC(=O)N(C)C)cc3C)c3c(N)ncnc32)C1,7.34,0.0,1
CHEMBL1824,C=CC(=O)N1CCC[C@@H](n2nc(C(=O)Nc3cc(Br)c(CC(=O)N(C)C)cc3C)c3c(N)ncnc32)C1,8.0,0.0,1
CHEMBL1824,C=CC(=O)N1CCC[C@@H](n2nc(C(=O)Nc3cc(C#N)c(CC(=O)N(C)C)cc3C)c3c(N)ncnc32)C1,7.42,0.0,1
CHEMBL1824,C=CC(=O)N1CCC[C@@H](n2nc(C(=O)Nc3cc(C)c(CC(=O)N(C)C)cc3C)c3c(N)ncnc32)C1,7.66,0.0,1
CHEMBL1824,C=CC(=O)N1CCC[C@@H](n2nc(C(=O)Nc3cc(C)c(CC(=O)N(C)C)cc3Cl)c3c(N)ncnc32)C1,8.08,0.0,1
CHEMBL1824,C=CC(=O)N1CCC[C@@H](n2nc(C(=O)Nc3cc(C)c(OC(=O)N(C)C)c(C)c3)c3c(N)ncnc32)C1,7.36,0.0,1
CHEMBL1824,C=CC(=O)N1CCC[C@@H](n2nc(C(=O)Nc3cc(C)c(OC(=O)N(C)C)cc3C)c3c(N)ncnc32)C1,8.0,0.0,1
CHEMBL1824,C=CC(=O)N1CCC[C@@H](n2nc(C(=O)Nc3cc(Cl)c(CC(=O)N(C)C)cc3C)c3c(N)ncnc32)C1,8.0,0.0,1
CHEMBL1824,C=CC(=O)N1CCC[C@@H](n2nc(C(=O)Nc3cc(Cl)c(CC(=O)N(C)C)cc3Cl)c3c(N)ncnc32)C1,7.89,0.0,1
CHEMBL1824,C=CC(=O)N1CCC[C@@H](n2nc(C(=O)Nc3cc(Cl)c(CC(=O)N(C)C)cc3OC)c3c(N)ncnc32)C1,8.0,0.0,1
CHEMBL1824,C=CC(=O)N1CCC[C@@H](n2nc(C(=O)Nc3cc(Cl)c(OC(=O)N(C)C)c(Cl)c3)c3c(N)ncnc32)C1,7.55,0.0,1
CHEMBL1824,C=CC(=O)N1CCC[C@@H](n2nc(C(=O)Nc3cc(F)c(CC(=O)N(C)C)cc3C)c3c(N)ncnc32)C1,7.89,0.0,1
CHEMBL1824,C=CC(=O)N1CCC[C@@H](n2nc(C(=O)Nc3cc(F)c(CC(=O)N(C)C)cc3Cl)c3c(N)ncnc32)C1,8.36,0.0,1
CHEMBL1824,C=CC(=O)N1CCC[C@@H](n2nc(C(=O)Nc3cc(F)c(OC(=O)N(C)C)c(F)c3)c3c(N)ncnc32)C1,7.85,0.0,1
CHEMBL1824,C=CC(=O)N1CCC[C@@H](n2nc(C(=O)Nc3ccc(CC(=O)N(C)C)c(C)c3C)c3c(N)ncnc32)C1,7.84,0.0707106781186545,2
CHEMBL1824,C=CC(=O)N1CCC[C@@H](n2nc(C(=O)Nc3ccc(CC(=O)N(C)C)c(C)c3Cl)c3c(N)ncnc32)C1,8.15,0.0,1
CHEMBL1824,C=CC(=O)N1CCC[C@@H](n2nc(C(=O)Nc3ccc(CC(=O)N(C)C)c(Cl)c3)c3c(N)ncnc32)C1,8.04,0.0,1
CHEMBL1824,C=CC(=O)N1CCC[C@@H](n2nc(C(=O)Nc3ccc(CC(=O)N(C)C)c(Cl)c3OC)c3c(N)ncnc32)C1,8.12,0.0,1
CHEMBL1824,C=CC(=O)N1CCC[C@@H](n2nc(C(=O)Nc3ccc(CC(=O)N(C)C)c(F)c3)c3c(N)ncnc32)C1,7.75,0.0,1
CHEMBL1824,C=CC(=O)N1CCC[C@@H](n2nc(C(=O)Nc3ccc(CC(=O)N(C)C)c(F)c3C)c3c(N)ncnc32)C1,8.12,0.0,1
CHEMBL1824,C=CC(=O)N1CCC[C@@H](n2nc(C(=O)Nc3ccc(CC(=O)N(C)C)c(F)c3Cl)c3c(N)ncnc32)C1,8.54,0.0,1
CHEMBL1824,C=CC(=O)N1CCC[C@@H](n2nc(C(=O)Nc3ccc(CC(=O)N(C)C)c(F)c3OC)c3c(N)ncnc32)C1,8.34,0.0,1
CHEMBL1824,C=CC(=O)N1CCC[C@@H](n2nc(C(=O)Nc3ccc(CC(=O)N(C)C)c(OC)c3)c3c(N)ncnc32)C1,7.64,0.0,1
CHEMBL1824,C=CC(=O)N1CCC[C@@H](n2nc(C(=O)Nc3ccc(CC(=O)N(C)C)c4c3OCO4)c3c(N)ncnc32)C1,7.85,0.0,1
CHEMBL1824,C=CC(=O)N1CCC[C@@H](n2nc(C(=O)Nc3ccc(CC(=O)N(C)C)c4ccccc34)c3c(N)ncnc32)C1,7.96,0.0,1
CHEMBL1824,C=CC(=O)N1CCC[C@@H](n2nc(C(=O)Nc3ccc(CC(=O)N(C)C)cc3)c3c(N)ncnc32)C1,7.34,0.0,1
CHEMBL1824,C=CC(=O)N1CCC[C@@H](n2nc(C(=O)Nc3ccc(CC(=O)N(C)C)cc3-c3ccco3)c3c(N)ncnc32)C1,7.77,0.0,1
CHEMBL1824,C=CC(=O)N1CCC[C@@H](n2nc(C(=O)Nc3ccc(CC(=O)N(C)C)cc3-c3ccoc3)c3c(N)ncnc32)C1,7.89,0.0,1
CHEMBL1824,C=CC(=O)N1CCC[C@@H](n2nc(C(=O)Nc3ccc(CC(=O)N(C)C)cc3Br)c3c(N)ncnc32)C1,8.23,0.0,1
CHEMBL1824,C=CC(=O)N1CCC[C@@H](n2nc(C(=O)Nc3ccc(CC(=O)N(C)C)cc3C#N)c3c(N)ncnc32)C1,7.7,0.0,1
CHEMBL1824,C=CC(=O)N1CCC[C@@H](n2nc(C(=O)Nc3ccc(CC(=O)N(C)C)cc3C)c3c(N)ncnc32)C1,7.92,0.0,1
CHEMBL1824,C=CC(=O)N1CCC[C@@H](n2nc(C(=O)Nc3ccc(CC(=O)N(C)C)cc3C3CC3)c3c(N)ncnc32)C1,7.32,0.0,1
CHEMBL1824,C=CC(=O)N1CCC[C@@H](n2nc(C(=O)Nc3ccc(CC(=O)N(C)C)cc3C=C)c3c(N)ncnc32)C1,8.07,0.0,1
CHEMBL1824,C=CC(=O)N1CCC[C@@H](n2nc(C(=O)Nc3ccc(CC(=O)N(C)C)cc3CC)c3c(N)ncnc32)C1,7.7,0.0,1
CHEMBL1824,C=CC(=O)N1CCC[C@@H](n2nc(C(=O)Nc3ccc(CC(=O)N(C)C)cc3Cl)c3c(N)ncnc32)C1,8.4,0.0,1
CHEMBL1824,C=CC(=O)N1CCC[C@@H](n2nc(C(=O)Nc3ccc(CC(=O)N(C)C)cc3F)c3c(N)ncnc32)C1,7.68,0.0,1
CHEMBL1824,C=CC(=O)N1CCC[C@@H](n2nc(C(=O)Nc3ccc(CC(=O)N(C)C)cc3N(C)C)c3c(N)ncnc32)C1,7.28,0.0,1
CHEMBL1824,C=CC(=O)N1CCC[C@@H](n2nc(C(=O)Nc3ccc(CC(=O)N(C)C)cc3OC(F)F)c3c(N)ncnc32)C1,8.07,0.0,1
CHEMBL1824,C=CC(=O)N1CCC[C@@H](n2nc(C(=O)Nc3ccc(CC(=O)N(C)C)cc3OC)c3c(N)ncnc32)C1,8.15,0.0,1
CHEMBL1824,C=CC(=O)N1CCC[C@@H](n2nc(C(=O)Nc3ccc(CC(=O)N(C)C)cc3OCF)c3c(N)ncnc32)C1,8.0,0.0,1
CHEMBL1824,C=CC(=O)N1CCC[C@@H](n2nc(C(=O)Nc3ccc(CC(=O)N(C)OC)cc3C)c3c(N)ncnc32)C1,7.96,0.0,1
CHEMBL1824,C=CC(=O)N1CCC[C@@H](n2nc(C(=O)Nc3ccc(CC(=O)N4CC(O)C4)cc3C)c3c(N)ncnc32)C1,7.13,0.0,1
CHEMBL1824,C=CC(=O)N1CCC[C@@H](n2nc(C(=O)Nc3ccc(CC(=O)N4CCCC4)cc3C)c3c(N)ncnc32)C1,7.96,0.0,1
CHEMBL1824,C=CC(=O)N1CCC[C@@H](n2nc(C(=O)Nc3ccc(NC(=O)N(C)C)cc3C)c3c(N)ncnc32)C1,7.77,0.0,1
CHEMBL1824,C=CC(=O)N1CCC[C@@H](n2nc(C(=O)Nc3ccc(NC(=O)N4CCCC4)cc3C)c3c(N)ncnc32)C1,7.8,0.0,1
CHEMBL1824,C=CC(=O)N1CCC[C@@H](n2nc(C(=O)Nc3ccc(OC(=O)N(C)C)c(C)c3)c3c(N)ncnc32)C1,8.06,0.0,1
CHEMBL1824,C=CC(=O)N1CCC[C@@H](n2nc(C(=O)Nc3ccc(OC(=O)N(C)C)c(C)c3C)c3c(N)ncnc32)C1,8.03,0.0,1
CHEMBL1824,C=CC(=O)N1CCC[C@@H](n2nc(C(=O)Nc3ccc(OC(=O)N(C)C)c(Cl)c3)c3c(N)ncnc32)C1,8.19,0.0,1
CHEMBL1824,C=CC(=O)N1CCC[C@@H](n2nc(C(=O)Nc3ccc(OC(=O)N(C)C)c(F)c3)c3c(N)ncnc32)C1,7.96,0.0,1
CHEMBL1824,C=CC(=O)N1CCC[C@@H](n2nc(C(=O)Nc3ccc(OC(=O)N(C)C)c(F)c3F)c3c(N)ncnc32)C1,7.8,0.0,1
CHEMBL1824,C=CC(=O)N1CCC[C@@H](n2nc(C(=O)Nc3ccc(OC(=O)N(C)C)c4ccccc34)c3c(N)ncnc32)C1,8.22,0.0,1
CHEMBL1824,C=CC(=O)N1CCC[C@@H](n2nc(C(=O)Nc3ccc(OC(=O)N(C)C)c4cccnc34)c3c(N)ncnc32)C1,7.96,0.0,1
CHEMBL1824,C=CC(=O)N1CCC[C@@H](n2nc(C(=O)Nc3ccc(OC(=O)N(C)C)cc3)c3c(N)ncnc32)C1,7.58,0.0,1
CHEMBL1824,C=CC(=O)N1CCC[C@@H](n2nc(C(=O)Nc3ccc(OC(=O)N(C)C)cc3C)c3c(N)ncnc32)C1,8.15,0.0,1
CHEMBL1824,C=CC(=O)N1CCC[C@@H](n2nc(C(=O)Nc3ccc(OC(=O)N(C)C)cc3Cl)c3c(N)ncnc32)C1,8.41,0.0,1
CHEMBL1824,C=CC(=O)N1CCC[C@@H](n2nc(C(=O)Nc3ccc(OC(=O)N(C)C)cc3F)c3c(N)ncnc32)C1,7.89,0.0,1
CHEMBL1824,C=CC(=O)N1CCC[C@@H](n2nc(C(=O)Nc3ccc(OC(=O)N(C)C)cc3OC)c3c(N)ncnc32)C1,8.27,0.0,1
CHEMBL1824,C=CC(=O)N1CCC[C@@H](n2nc(C(=O)Nc3cccc4c(CC(=O)N(C)C)ccnc34)c3c(N)ncnc32)C1,7.75,0.0,1
CHEMBL1824,C=CC(=O)N1CCC[C@H](n2nc(C(=O)c3ccc(CC(=O)N(C)C)c(C)c3C)c3c(N)ncnc32)C1,7.89,0.0,1
CHEMBL1824,C=CC(=O)N1CCC[C@H]1C(=O)Nc1cc2c(Nc3ccc(F)c(Cl)c3F)ncnc2cc1OCCOC,7.75,0.0,1
CHEMBL1824,C=CC(=O)N1CCC[C@H]1C(=O)Nc1cc2c(Nc3cccc(Cl)c3F)ncnc2cc1OCCOC,7.38,0.0,1
CHEMBL1824,C=CC(=O)N1CCN(C(=O)Oc2cc3c(Nc4cccc(Cl)c4F)ncnc3cc2OC)[C@H](C)C1,6.82,0.0,1
CHEMBL1824,C=CC(=O)N1CCN(c2ncc3ncnc(Nc4ccc(Oc5ccc6c(c5)ncn6C)c(C)c4)c3n2)CC1,7.8,0.0,1
CHEMBL1824,C=CC(=O)N1CCN(c2ncc3ncnc(Nc4ccc(Oc5ccccc5)c(C)c4)c3n2)CC1,7.92,0.0,1
CHEMBL1824,C=CC(=O)N1CCN(c2ncc3ncnc(Nc4ccc(Oc5ccn6ncnc6c5)c(C)c4)c3n2)CC1,8.24,0.0,1
CHEMBL1824,C=CC(=O)N1CCOc2c1ccc1ncnc(Nc3ccc(Oc4ccccc4OCCCN(C)C)cc3)c21,6.56,0.0,1
CHEMBL1824,C=CC(=O)N1CC[C@@H](N2N=C(Nc3ccc(Oc4ccccc4)cc3)c3c[nH]c4ncnc2c34)C1,6.66,0.0,1
CHEMBL1824,C=CC(=O)N1CC[C@@H](n2nc(C(=O)Nc3cc(Cl)c(CC(=O)N(C)C)cc3C)c3c(N)ncnc32)C1,7.14,0.0,1
CHEMBL1824,C=CC(=O)N1CC[C@@H](n2nc(C(=O)Nc3ccc(CC(=O)N(C)C)c(C)c3C)c3c(N)ncnc32)C1,7.35,0.0,1
CHEMBL1824,C=CC(=O)N1CC[C@@H](n2nc(C(=O)Nc3ccc(CC(=O)N(C)C)c(Cl)c3OC)c3c(N)ncnc32)C1,7.31,0.0,1
CHEMBL1824,C=CC(=O)N1CC[C@@H](n2nc(C(=O)Nc3ccc(CC(=O)N(C)C)c(F)c3C)c3c(N)ncnc32)C1,7.66,0.0,1
CHEMBL1824,C=CC(=O)N1CC[C@@H](n2nc(C(=O)Nc3ccc(CC(=O)N(C)C)c(F)c3Cl)c3c(N)ncnc32)C1,7.7,0.0,1
CHEMBL1824,C=CC(=O)N1CC[C@@H](n2nc(C(=O)Nc3ccc(CC(=O)N(C)C)c(F)c3OC)c3c(N)ncnc32)C1,7.51,0.0,1
CHEMBL1824,C=CC(=O)N1CC[C@@H](n2nc(C(=O)Nc3ccc(CC(=O)N(C)C)c4ccccc34)c3c(N)ncnc32)C1,7.5600000000000005,0.46669047558312116,2
CHEMBL1824,C=CC(=O)N1CC[C@@H](n2nc(C(=O)Nc3ccc(CC(=O)N(C)C)cc3Br)c3c(N)ncnc32)C1,7.23,0.0,1
CHEMBL1824,C=CC(=O)N1CC[C@@H](n2nc(C(=O)Nc3ccc(CC(=O)N(C)C)cc3C=C)c3c(N)ncnc32)C1,7.7,0.0,1
CHEMBL1824,C=CC(=O)N1CC[C@@H](n2nc(C(=O)Nc3ccc(CC(=O)N(C)C)cc3Cl)c3c(N)ncnc32)C1,7.51,0.0,1
CHEMBL1824,C=CC(=O)N1CC[C@@H](n2nc(C(=O)Nc3ccc(OC(=O)N(C)C)c(C)c3C)c3c(N)ncnc32)C1,7.31,0.0,1
CHEMBL1824,C=CC(=O)N1CC[C@@H](n2nc(C(=O)Nc3ccc(OC(=O)N(C)C)c4ccccc34)c3c(N)ncnc32)C1,7.96,0.0,1
CHEMBL1824,C=CC(=O)N1CC[C@@H](n2nc(C(=O)Nc3ccc(OC(=O)N(C)C)cc3C)c3c(N)ncnc32)C1,7.42,0.0,1
CHEMBL1824,C=CC(=O)N1CC[C@H](n2cc(-c3ccncc3)c(-c3cccc(/C=C/c4ncc(C5CC5)o4)c3)n2)C1,7.51,0.0,1
CHEMBL1824,C=CC(=O)N1C[C@@H]2C[C@H]1CN2C(=O)Oc1cc2c(Nc3ccc(Cl)c(Cl)c3F)ncnc2cc1OC,8.22,0.0,1
CHEMBL1824,C=CC(=O)N1C[C@H](C)[C@@H](n2nc(C(=O)Nc3ccc(CC(=O)N(C)C)c(C)c3C)c3c(N)ncnc32)C1,7.77,0.0,1
CHEMBL1824,C=CC(=O)N1C[C@H](C)[C@@H](n2nc(C(=O)Nc3ccc(CC(=O)N(C)C)cc3Cl)c3c(N)ncnc32)C1,7.85,0.0,1
CHEMBL1824,C=CC(=O)N1C[C@H](n2nc(C(=O)Nc3ccc(CC(=O)N(C)C)c(C)c3C)c3c(N)ncnc32)C[C@H]1C,7.77,0.0,1
CHEMBL1824,C=CC(=O)N1C[C@H](n2nc(C(=O)Nc3ccc(CC(=O)N(C)C)cc3Cl)c3c(N)ncnc32)C[C@H]1C,7.85,0.0,1
CHEMBL1824,C=CC(=O)NC1CCN(c2ncc3ncnc(Nc4ccc(Oc5ccc6c(c5)ncn6C)c(C)c4)c3n2)CC1,7.89,0.0,1
CHEMBL1824,C=CC(=O)NCC(=O)Nc1cccc(Nc2ncc(NC(=O)c3cc(NC(=O)c4cccc(C(F)(F)F)c4)ccc3C)cn2)c1,8.15,0.0,1
CHEMBL1824,C=CC(=O)NCc1coc(-c2c(N)ncnc2Nc2ccc(OCc3ccccn3)c(Cl)c2)n1,7.65,0.0,1
CHEMBL1824,C=CC(=O)N[C@@H]1Cn2c(c(-c3ccc(Oc4ccccc4)cc3)c3c(N)ncnc32)C1=C,7.63,0.0,1
CHEMBL1824,C=CC(=O)N[C@H]1CC[C@@H](n2nc(-c3ccc(Oc4ccccc4)cc3)c3c(N)ncnc32)CC1,5.81,0.0,1
CHEMBL1824,C=CC(=O)Nc1cc2c(Nc3ccc(F)c(Cl)c3)ncnc2cc1OCCCN1CCOCC1,7.701666666666667,0.44445097217428514,6
CHEMBL1824,C=CC(=O)Nc1cc2c(Nc3ccc(F)c(Cl)c3)ncnc2cc1OCc1cn(CCC(=O)NO)nn1,8.27,0.0,1
CHEMBL1824,C=CC(=O)Nc1cc2c(Nc3ccc(F)c(Cl)c3)ncnc2cc1OCc1cn(CCCC(=O)NO)nn1,8.24,0.0,1
CHEMBL1824,C=CC(=O)Nc1cc2c(Nc3ccc(F)c(Cl)c3)ncnc2cc1OCc1cn(CCCCC(=O)NO)nn1,8.14,0.0,1
CHEMBL1824,C=CC(=O)Nc1cc2c(Nc3ccc(OCc4cccc(F)c4)c(Cl)c3)ncnc2cc1OCc1cn(CCC(=O)NO)nn1,8.43,0.0,1
CHEMBL1824,C=CC(=O)Nc1cc2c(Nc3ccc(OCc4cccc(F)c4)c(Cl)c3)ncnc2cc1OCc1cn(CCCC(=O)NO)nn1,8.43,0.0,1
CHEMBL1824,C=CC(=O)Nc1cc2c(Nc3ccc(OCc4cccc(F)c4)c(Cl)c3)ncnc2cc1OCc1cn(CCCCC(=O)NO)nn1,8.42,0.0,1
CHEMBL1824,C=CC(=O)Nc1cc2c(Nc3cccc(Br)c3)c(C#N)cnc2cc1OC,5.33,0.0,1
CHEMBL1824,C=CC(=O)Nc1cc2c(Nc3cccc(Cl)c3F)ncnc2cc1OCc1cn(CCC(=O)NO)nn1,7.89,0.0,1
CHEMBL1824,C=CC(=O)Nc1cc2c(Nc3cccc(Cl)c3F)ncnc2cc1OCc1cn(CCCC(=O)NO)nn1,8.1,0.0,1
CHEMBL1824,C=CC(=O)Nc1cc2c(Nc3cccc(Cl)c3F)ncnc2cc1OCc1cn(CCCCC(=O)NO)nn1,7.8,0.0,1
CHEMBL1824,C=CC(=O)Nc1ccc2ncc(C#N)c(Nc3cccc(Br)c3)c2c1,5.79,0.0,1
CHEMBL1824,C=CC(=O)Nc1ccc2ncnc(Nc3ccc4[nH]cc(Br)c4c3)c2c1,8.46,0.0,1
CHEMBL1824,C=CC(=O)Nc1ccc2ncnc(Nc3cccc(Br)c3)c2c1,7.28,0.4808326112068521,2
CHEMBL1824,C=CC(=O)Nc1cccc(-c2c[nH]c3ncnc(Nc4ccc(OCc5ccccn5)c(Cl)c4)c23)c1,7.96,0.0,1
CHEMBL1824,C=CC(=O)Nc1cccc(Nc2ncc(NC(=O)c3cc(NC(=O)c4cccc(C(F)(F)F)c4)ccc3C)cn2)c1,7.72,0.0,1
CHEMBL1824,C=CC(=O)Nc1cccc(Oc2cc(Nc3ccc(OCc4cccc(F)c4)c(Cl)c3)ncn2)c1,7.54,0.0,1
CHEMBL1824,C=CCCCCN1CCOC(COc2cc3ncnc(Nc4ccc(Cl)c(Cl)c4)c3cc2OC)C1,4.98,0.0,1
CHEMBL1824,C=CCN(C)CC#CC(=O)Nc1ccc2ncnc(Nc3cccc(Br)c3)c2c1,7.07,0.0,1
CHEMBL1824,C=CCOc1ccc2ncnc(Nc3ccc(OCc4ccccc4)cc3)c2c1,6.46,0.0,1
CHEMBL1824,C=CS(=O)(=O)N1CCC[C@@H](Nc2nc(N)nc(Nc3cccc(Oc4ccccc4)c3)n2)C1,6.41,0.0,1
CHEMBL1824,CC#CC(=O)N1CCC[C@H]1c1nc(-c2ccc(C(=O)Nc3ccccn3)cc2)c2c(N)nccn12,6.0,0.0,1
CHEMBL1824,CC#CC(=O)N1CCC[C@H]1n1nc(-c2ccc(C(=O)Nc3ccccn3)cc2)c2c(N)ncnc21,6.0,0.0,1
CHEMBL1824,CC#CC(=O)NCCCC(=O)c1nc(-c2ccc(C(=O)Nc3ccccn3)cc2)c2c(N)nccn12,6.26,0.0,1
CHEMBL1824,CC#CC(=O)Nc1cc2c(Nc3cccc(Br)c3)c(C#N)cnc2cc1OC,5.67,0.0,1
CHEMBL1824,CC#CC(=O)Nc1ccc2ncc(C#N)c(Nc3cccc(Br)c3)c2c1,5.41,0.0,1
CHEMBL1824,CC#CC(=O)Nc1ccc2ncnc(Nc3cccc(Br)c3)c2c1,6.42,0.0,1
CHEMBL1824,CC(=O)N1CCC[C@@H]1C#Cc1cc2ncnc(Nc3ccc(OCc4cccc(F)c4)c(Cl)c3)c2s1,7.42,0.0,1
CHEMBL1824,CC(=O)N1CCN(Cc2ccc(-c3ccc4ncnc(Nc5ccc(OCc6cccc(F)c6)c(Cl)c5)c4c3)o2)CC1,8.17,0.0,1
CHEMBL1824,CC(=O)N1CCN(Cc2ccn3ncnc(Nc4ccc5c(cnn5Cc5cccc(F)c5)c4)c23)CC1,6.21,0.0,1
CHEMBL1824,CC(=O)N1N=C(c2ccc(Br)cc2)CC1c1ccc(C(=O)OC(C)Cn2c([N+](=O)[O-])cnc2C)cc1,5.08,0.0,1
CHEMBL1824,CC(=O)N1N=C(c2ccc(Br)cc2)CC1c1ccc(C(=O)OCCn2c([N+](=O)[O-])cnc2C)cc1,5.46,0.0,1
CHEMBL1824,CC(=O)N1N=C(c2ccc(C(F)(F)F)cc2)CC1c1ccc(C(=O)OC(C)Cn2c([N+](=O)[O-])cnc2C)cc1,5.25,0.0,1
CHEMBL1824,CC(=O)N1N=C(c2ccc(C(F)(F)F)cc2)CC1c1ccc(C(=O)OCCn2c([N+](=O)[O-])cnc2C)cc1,6.29,0.0,1
CHEMBL1824,CC(=O)N1N=C(c2ccc(C)cc2)CC1c1ccc(C(=O)OC(C)Cn2c([N+](=O)[O-])cnc2C)cc1,4.72,0.0,1
CHEMBL1824,CC(=O)N1N=C(c2ccc(C)cc2)CC1c1ccc(C(=O)OCCn2c([N+](=O)[O-])cnc2C)cc1,4.88,0.0,1
CHEMBL1824,CC(=O)N1N=C(c2ccc(Cl)cc2)CC1c1ccc(C(=O)OC(C)Cn2c([N+](=O)[O-])cnc2C)cc1,5.0,0.0,1
CHEMBL1824,CC(=O)N1N=C(c2ccc(Cl)cc2)CC1c1ccc(C(=O)OCCn2c([N+](=O)[O-])cnc2C)cc1,5.39,0.0,1
CHEMBL1824,CC(=O)N1N=C(c2ccc(F)cc2)CC1c1ccc(C(=O)OC(C)Cn2c([N+](=O)[O-])cnc2C)cc1,5.07,0.0,1
CHEMBL1824,CC(=O)N1N=C(c2ccc(F)cc2)CC1c1ccc(C(=O)OCCn2c([N+](=O)[O-])cnc2C)cc1,5.39,0.0,1
CHEMBL1824,CC(=O)N1N=C(c2ccc(I)cc2)CC1c1ccc(C(=O)OC(C)Cn2c([N+](=O)[O-])cnc2C)cc1,4.9,0.0,1
CHEMBL1824,CC(=O)N1N=C(c2ccc(I)cc2)CC1c1ccc(C(=O)OCCn2c([N+](=O)[O-])cnc2C)cc1,5.56,0.0,1
CHEMBL1824,CC(=O)N1N=C(c2ccc([N+](=O)[O-])cc2)CC1c1ccc(C(=O)OC(C)Cn2c([N+](=O)[O-])cnc2C)cc1,5.45,0.0,1
CHEMBL1824,CC(=O)N1N=C(c2ccc([N+](=O)[O-])cc2)CC1c1ccc(C(=O)OCCn2c([N+](=O)[O-])cnc2C)cc1,5.69,0.0,1
CHEMBL1824,CC(=O)N1N=C(c2ccccc2)CC1c1ccc(C(=O)OC(C)Cn2c([N+](=O)[O-])cnc2C)cc1,4.77,0.0,1
CHEMBL1824,CC(=O)N1N=C(c2ccccc2)CC1c1ccc(C(=O)OCCn2c([N+](=O)[O-])cnc2C)cc1,4.85,0.0,1
CHEMBL1824,CC(=O)NCCn1ccc2ncnc(Nc3ccc(Oc4cccc5sncc45)c(Cl)c3)c21,8.8,0.0,1
CHEMBL1824,CC(=O)NCc1cccc(C#Cc2cncnc2Nc2ccc(OCc3cccc(F)c3)c(Cl)c2)c1,7.28,0.0,1
CHEMBL1824,CC(=O)NNC(=O)c1csc2ncc(-c3ccc(Br)cc3)n12,6.97,0.0,1
CHEMBL1824,CC(=O)Nc1ccc(C#Cc2cncnc2Nc2ccc(OCc3cccc(F)c3)c(Cl)c2)cc1,5.74,0.0,1
CHEMBL1824,CC(=O)Nc1ccc2ncnc(Nc3ccc(OCc4ccccn4)c(Cl)c3)c2c1,7.8,0.0,1
CHEMBL1824,CC(=O)Nc1cccc(C#Cc2cncnc2Nc2ccc(OCc3cccc(F)c3)c(Cl)c2)c1,7.89,0.0,1
CHEMBL1824,CC(=O)Nc1cccc(C#Cc2cncnc2Nc2ccc(OCc3cccc(F)c3)c(Cl)c2)n1,7.23,0.0,1
CHEMBL1824,CC(=O)Nc1cccc(Oc2cc(Nc3ccc(OCc4cccc(F)c4)c(Cl)c3)ncn2)c1,6.87,0.0,1
CHEMBL1824,CC(=O)OC[C@H]1O[C@@H](N(C(C)=O)C2=NN(C(C)=O)C(c3cc(=O)oc4cc(OCC(C)C)ccc34)S2)[C@H](OC(C)=O)[C@@H](OC(C)=O)[C@@H]1OC(C)=O,6.89,0.0,1
CHEMBL1824,CC(=O)OC[C@H]1O[C@@H](N(C(C)=O)C2=NN(C(C)=O)C(c3cc(=O)oc4cc(OCCC(C)C)ccc34)S2)[C@H](OC(C)=O)[C@@H](OC(C)=O)[C@@H]1OC(C)=O,6.89,0.0,1
CHEMBL1824,CC(=O)OC[C@H]1O[C@@H](N(C(C)=O)C2=NN(C(C)=O)C(c3cc(=O)oc4ccc(OCCC(C)C)cc34)S2)[C@H](OC(C)=O)[C@@H](OC(C)=O)[C@@H]1OC(C)=O,6.89,0.0,1
CHEMBL1824,CC(=O)OC[C@H]1O[C@@H](n2c(-c3ccccc3)cs/c2=N\N=C\c2cc(=O)oc3cc(OCCC(C)C)ccc23)[C@H](OC(C)=O)[C@@H](OC(C)=O)[C@@H]1OC(C)=O,6.82,0.0,1
CHEMBL1824,CC(=O)OC[C@H]1O[C@@H](n2c(-c3ccccc3)cs/c2=N\N=C\c2cc(=O)oc3ccc(OCC(C)C)cc23)[C@H](OC(C)=O)[C@@H](OC(C)=O)[C@@H]1OC(C)=O,6.82,0.0,1
CHEMBL1824,CC(C)(C(=O)NCCn1ccc2ncnc(Nc3ccc(Oc4cccc5sncc45)c(Cl)c3)c21)S(C)(=O)=O,8.7,0.0,1
CHEMBL1824,CC(C)(C)/C=C(\C#N)C(=O)N1CCC[C@@H](n2nc(-c3ccc(Oc4ccccc4)cc3F)c3c(N)ncnc32)C1,5.97,0.0,1
CHEMBL1824,CC(C)(C)C(=O)NCCn1ccc2ncnc(Nc3ccc(Oc4cccc5sncc45)c(Cl)c3)c21,8.21,0.0,1
CHEMBL1824,CC(C)(C)NC(=O)c1cccc(Oc2ccc(Nc3ncnc4ccn(CCO)c34)cc2Cl)c1,8.64,0.0,1
CHEMBL1824,CC(C)(C)Oc1cc(/C=C(\C#N)C(=N)S)cc(C(C)(C)C)c1O,6.0,0.0,1
CHEMBL1824,CC(C)(C)c1cc(/C=C(\C#N)C(N)=S)cc(C(C)(C)C)c1O,6.0,0.0,1
CHEMBL1824,CC(C)(C)c1cc(/C=C2\C(=O)Nc3ccccc32)cc(C(C)(C)C)c1O,4.19,0.0,1
CHEMBL1824,CC(C)(CO)C(=O)NCCn1ccc2ncnc(Nc3ccc(Oc4cccc5sncc45)c(Cl)c3)c21,8.48,0.0,1
CHEMBL1824,CC(C)(N)C(=O)NCCn1ccc2ncnc(Nc3ccc(Oc4cccc5sncc45)c(Cl)c3)c21,9.01,0.0,1
CHEMBL1824,CC(C)(O)C(=O)NCCn1ccc2ncnc(Nc3ccc(Oc4cccc5sncc45)c(Cl)c3)c21,8.66,0.0,1
CHEMBL1824,CC(C)(O)CC(=O)NCCc1ccc2ncnc(Nc3ccc(Oc4cccc(C(F)(F)F)c4)c(Cl)c3)c2c1,7.72,0.0,1
CHEMBL1824,CC(C)(O)CC(=O)NCCn1ccc2ncnc(Nc3ccc(Oc4cccc(C(F)(F)F)c4)c(Cl)c3)c21,8.52,0.0,1
CHEMBL1824,CC(C)(Oc1cccc2ncnc(Nc3ccc(OCc4ccccn4)c(Cl)c3)c12)C(N)=O,8.7,0.0,1
CHEMBL1824,CC(C)C(=O)N(C)C1CN[C@H](C(=O)N2CC=C(c3ccccc3)CC2)[C@@H](C(=O)NO)C1,7.81,0.0,1
CHEMBL1824,CC(C)C(=O)N(C)C1CN[C@H](C(=O)N2CC[C@H](c3ccccc3)C2)[C@@H](C(=O)NO)C1,7.28,0.0,1
CHEMBL1824,CC(C)CO/N=C/c1c(N)ncnc1Nc1ccc2c(cnn2Cc2cccc(F)c2)c1,6.76,0.0,1
CHEMBL1824,CC(C)N(C)CC#CC(=O)Nc1ccc2ncnc(Nc3cccc(Br)c3)c2c1,6.95,0.0,1
CHEMBL1824,CC(C)N(CC#CC(=O)Nc1ccc2ncc(C#N)c(Nc3cccc(Br)c3)c2c1)C(C)C,6.5,0.0,1
CHEMBL1824,CC(C)N(CC#CC(=O)Nc1ccc2ncnc(Nc3cccc(Br)c3)c2c1)C(C)C,6.79,0.0,1
CHEMBL1824,CC(C)N1CCC(N2CCC(n3nc(-c4ccc(Nc5nc6cccc(Cl)c6o5)cc4)c4c(N)ncnc43)CC2)CC1,7.82,0.0,1
CHEMBL1824,CC(C)N1CCN([C@H]2CC[C@@H](n3nc(-c4ccc(Nc5nc6cccc(Cl)c6o5)cc4)c4c(N)ncnc43)CC2)CC1,7.21,0.0,1
CHEMBL1824,CC(C)N1CCN([C@H]2CC[C@H](n3nc(-c4ccc(Nc5nc6cccc(Cl)c6o5)cc4)c4c(N)ncnc43)CC2)CC1,8.01,0.0,1
CHEMBL1824,CC(C)NC(CS(C)(=O)=O)c1ccc(-c2ccc3ncnc(Nc4ccc(OCc5cccc(F)c5)c(Cl)c4)c3c2)o1,7.32,0.0,1
CHEMBL1824,CC(C)NC/C=C/C(=O)Nc1ccc2ncnc3c2c1C=CN3c1ccc(OCc2ccccn2)c(Cl)c1,8.54,0.0,1
CHEMBL1824,CC(C)NC/C=C/C(=O)Nc1ccc2ncnc3c2c1CCN3c1ccc(OCc2ccccn2)c(Cl)c1,8.6,0.0,1
CHEMBL1824,CC(C)NCCCn1c(Cc2cc3c(cc2I)OCO3)nc2c(N)nc(F)nc21,7.1,0.0,1
CHEMBL1824,CC(C)NCCCn1c(Sc2cc3c(cc2Br)OCO3)nc2c(N)ncnc21,6.69,0.0,1
CHEMBL1824,CC(C)NCCCn1c(Sc2cc3c(cc2I)OCO3)nc2c(N)ncnc21,7.0,0.0,1
CHEMBL1824,CC(C)Nc1ncnn2ccc(CN3CCC(N)CC3)c12,6.06,0.0,1
CHEMBL1824,CC(C)O/N=C/c1c(N)ncnc1Nc1ccc2c(cnn2Cc2cccc(F)c2)c1,7.6,0.0,1
CHEMBL1824,CC(C)OC(=O)N(C)C1CN[C@H](C(=O)N2CC=C(c3ccccc3)CC2)[C@@H](C(=O)NO)C1,8.07,0.0,1
CHEMBL1824,CC(C)OCCOc1cc2ncnc(Nc3ccc(F)c(Cl)c3)c2cc1NC(=O)/C=C/CN(C)C,7.08,0.0,1
CHEMBL1824,CC(C)Oc1cc(F)ccc1Nc1ncnc2ccc(-c3ccc(C(=O)N4CCNCC4)cc3)nc12,5.12,0.0,1
CHEMBL1824,CC(C)S(=O)(=O)CCNCc1ccc(-c2ccc3ncnc(Nc4ccc(OCc5cccc(F)c5)c(Cl)c4)c3c2)o1,7.62,0.0,1
CHEMBL1824,CC(C)c1cc(/C=C2\C(=O)Nc3ccc(Cl)cc32)cc(C(C)C)c1O,5.09,0.0,1
CHEMBL1824,CC(C)c1cc(/C=C2\C(=O)Nc3ccccc32)cc(C(C)C)c1O,5.16,0.0,1
CHEMBL1824,CC(C)c1ccc(/C=C2/C(=O)Nc3ccccc32)cc1,4.77,0.0,1
CHEMBL1824,CC(NC(=O)/C(C#N)=C/c1ccc(O)c(O)c1)c1ccccc1,4.43,0.0,1
CHEMBL1824,CC(c1cccc(F)c1)n1ncc2cc(Nc3ncnc4cc(C#C[C@@H]5C[C@@H](OC(=O)N6CCOCC6)CN5)sc34)ccc21,6.89,0.0,1
CHEMBL1824,CC1=CC(=O)c2c(O)cccc2C1=O,4.51,0.0,1
CHEMBL1824,CC1CCCCN1C/C=C/C(=O)N1CCOc2cc3ncnc(Nc4ccc(F)c(Cl)c4)c3cc21,6.42,0.0,1
CHEMBL1824,CC1CCN(C/C=C/C(=O)N2CCOc3cc4ncnc(Nc5ccc(F)c(Cl)c5)c4cc32)CC1,6.47,0.0,1
CHEMBL1824,CC1CNCCN(Cc2ccn3ncnc(Nc4ccc5c(cnn5Cc5cccc(F)c5)c4)c23)C1,7.13,0.0,1
CHEMBL1824,CCC(=O)NNC(=O)c1csc2ncc(-c3ccc(C)cc3)n12,6.61,0.0,1
CHEMBL1824,CCC(=O)ON[C@H](CS(C)(=O)=O)c1ccc(-c2ccc3ncnc(Nc4ccc(OCc5cccc(F)c5)c(Cl)c4)c3c2)o1,6.82,0.0,1
CHEMBL1824,CCC(=O)O[C@H]1CN[C@H](C#Cc2cc3ncnc(Nc4ccc(OCc5cccc(F)c5)c(Cl)c4)c3s2)C1,7.05,0.0,1
CHEMBL1824,CCC(C)NCCCn1c(Sc2cc(OC)ccc2I)nc2c(N)ncnc21,6.68,0.0,1
CHEMBL1824,CCC(CC)NCCCn1c(Sc2cc(OC)ccc2I)nc2c(N)ncnc21,6.68,0.0,1
CHEMBL1824,CCC1Cc2nc(COc3cc4ncnc(Nc5ccc(Cl)c(Cl)c5)c4cc3OC)sc2CN1,4.98,0.0,1
CHEMBL1824,CCCCC(=O)ON[C@H](CS(C)(=O)=O)c1ccc(-c2ccc3ncnc(Nc4ccc(OCc5cccc(F)c5)c(Cl)c4)c3c2)o1,6.79,0.0,1
CHEMBL1824,CCCCCCC(=O)ON[C@H](CS(C)(=O)=O)c1ccc(-c2ccc3ncnc(Nc4ccc(OCc5cccc(F)c5)c(Cl)c4)c3c2)o1,6.8,0.0,1
CHEMBL1824,CCCCCOc1ccc2oc(=O)cc(/C=N/N=c3\scc(-c4ccccc4)n3[C@@H]3O[C@H](COC(C)=O)[C@@H](OC(C)=O)[C@H](OC(C)=O)[C@H]3OC(C)=O)c2c1,6.82,0.0,1
CHEMBL1824,CCCCCOc1ccc2oc(=O)cc(C3SC(N(C(C)=O)[C@@H]4O[C@H](COC(C)=O)[C@@H](OC(C)=O)[C@H](OC(C)=O)[C@H]4OC(C)=O)=NN3C(C)=O)c2c1,6.89,0.0,1
CHEMBL1824,CCCCOc1ccc2oc(=O)cc(C3SC(N(C(C)=O)[C@@H]4O[C@H](COC(C)=O)[C@@H](OC(C)=O)[C@H](OC(C)=O)[C@H]4OC(C)=O)=NN3C(C)=O)c2c1,6.89,0.0,1
CHEMBL1824,CCCCn1c(Cc2cc(OC)c(OC)c(OC)c2)nc2c(N)ncnc21,4.4,0.0,1
CHEMBL1824,CCCCn1c(Cc2cc(OC)ccc2Br)nc2c(N)ncnc21,5.1,0.0,1
CHEMBL1824,CCCCn1c(Cc2cc(OC)ccc2Cl)nc2c(N)ncnc21,4.7,0.0,1
CHEMBL1824,CCCCn1c(Cc2cc(OC)ccc2I)nc2c(N)ncnc21,5.3,0.0,1
CHEMBL1824,CCCCn1c(Cc2cc(OC)ccc2OC)nc2c(N)ncnc21,4.92,0.0,1
CHEMBL1824,CCCCn1c(Sc2cc(OC)ccc2OC)nc2c(N)ncnc21,5.46,0.0,1
CHEMBL1824,CCCN(C/C=C/C(=O)Nc1ccc2ncnc(Nc3cccc(Br)c3)c2c1)CCC,5.84,0.0,1
CHEMBL1824,CCCN(CC#CC(=O)Nc1ccc2ncc(C#N)c(Nc3cccc(Br)c3)c2c1)CCC,6.43,0.0,1
CHEMBL1824,CCCN(CC#CC(=O)Nc1ccc2ncnc(Nc3cccc(Br)c3)c2c1)CCC,6.75,0.0,1
CHEMBL1824,CCCN(CCS(C)(=O)=O)Cc1ccc(-c2ccc3ncnc(Nc4ccc(OCc5cccc(F)c5)c(Cl)c4)c3c2)o1,7.7,0.0,1
CHEMBL1824,CCCN1CCCOC(COc2cc3ncnc(Nc4ccc(Cl)c(Cl)c4)c3cc2OC)C1,4.98,0.0,1
CHEMBL1824,CCCOCCOc1cc2ncnc(Nc3ccc(F)c(Cl)c3)c2cc1NC(=O)/C=C/CN(C)C,6.88,0.0,1
CHEMBL1824,CCCS(=O)(=O)CCNCc1ccc(-c2ccc3ncnc(Nc4ccc(OCc5cccc(F)c5)c(Cl)c4)c3c2)o1,7.58,0.0,1
CHEMBL1824,CCN(C)C(=O)O[C@H]1CN[C@H](C#Cc2cc3ncnc(Nc4ccc(OCc5cccc(F)c5)c(Cl)c4)c3s2)C1,7.5,0.0,1
CHEMBL1824,CCN(CC)C(=O)O[C@H]1CN[C@H](C#Cc2cc3ncnc(Nc4ccc(OCc5cccc(F)c5)c(Cl)c4)c3s2)C1,7.3,0.0,1
CHEMBL1824,CCN(CC)C(C)/C=C/C(=O)Nc1cc2c(Nc3ccc(F)c(Cl)c3)c(C#N)cnc2cc1OC,5.02,0.0,1
CHEMBL1824,CCN(CC)C/C=C/C(=O)N1CCOc2cc3ncnc(Nc4ccc(OCc5cccc(F)c5)c(Cl)c4)c3cc21,8.4,0.0,1
CHEMBL1824,CCN(CC)C/C=C/C(=O)Nc1cc2c(Nc3ccc(F)c(Cl)c3)c(C#N)cnc2cc1OC,5.11,0.0,1
CHEMBL1824,CCN(CC)C/C=C/C(=O)Nc1ccc2ncnc(Nc3cccc(Br)c3)c2c1,5.93,0.0,1
CHEMBL1824,CCN(CC)CC#CC(=O)Nc1ccc2ncnc(Nc3cccc(Br)c3)c2c1,7.42,0.0,1
CHEMBL1824,CCN(CC)CC1CCN(c2ncc3ncnc(Nc4ccc(F)c(Cl)c4)c3n2)CC1,6.54,0.0,1
CHEMBL1824,CCN(CC)CCNC(=O)c1[nH]c2cnnc(Nc3ccc(OCc4cccc(F)c4)c(Cl)c3)c2c1C,8.15,0.0,1
CHEMBL1824,CCN(CC)Cc1cccc2[nH]c(-c3n[nH]c4ncc(-c5cncc6ccccc56)cc34)nc12,7.05,0.0,1
CHEMBL1824,CCN1CCC(c2nc(COc3cc4ncnc(Nc5ccc(Cl)c(Cl)c5)c4cc3OC)cs2)CC1,6.28,0.0,1
CHEMBL1824,CCN1CCCC(c2nc(COc3cc4ncnc(Nc5ccc(Cl)c(Cl)c5)c4cc3OC)cs2)C1,6.28,0.0,1
CHEMBL1824,CCN1CCCC(c2nc(COc3cc4ncnc(Nc5ccc(Cl)c(Cl)c5)c4cc3OC)no2)C1,4.98,0.0,1
CHEMBL1824,CCN1CCCC1c1nc(COc2cc3ncnc(Nc4ccc(Cl)c(Cl)c4)c3cc2OC)cs1,4.98,0.0,1
CHEMBL1824,CCN1CCCC1c1nc(COc2cc3ncnc(Nc4ccc(Cl)c(Cl)c4)c3cc2OC)no1,4.98,0.0,1
CHEMBL1824,CCN1CCCC1c1noc(COc2cc3ncnc(Nc4ccc(Cl)c(Cl)c4)c3cc2OC)n1,4.98,0.0,1
CHEMBL1824,CCN1CCCCC1c1nc(COc2cc3ncnc(Nc4ccc(Cl)c(Cl)c4)c3cc2OC)cs1,4.98,0.0,1
CHEMBL1824,CCN1CCCOC(COc2cc3ncnc(Nc4ccc(Cl)c(Cl)c4)c3cc2OC)C1,6.28,0.0,1
CHEMBL1824,CCN1CCN(C(=O)/C(F)=C/c2c(C)ncnc2Nc2ccc(OCc3cccc(F)c3)c(Cl)c2)CC1,6.99,0.0,1
CHEMBL1824,CCN1CCN(CC#CC(=O)Nc2ccc3ncnc(Nc4cccc(Br)c4)c3c2)CC1,6.74,0.0,1
CHEMBL1824,CCN1CCN(CCCC#Cc2c(C)ncnc2Nc2ccc(OCc3cccc(F)c3)c(Cl)c2)CC1,7.44,0.0,1
CHEMBL1824,CCN1CCN(Cc2ccc(-c3cc4c(N[C@H](C)c5ccccc5)ncnc4[nH]3)cc2)CC1,8.22,0.0,1
CHEMBL1824,CCN1CCN(c2ccc(Nc3nccc(-c4c(-c5cccc(NC(=O)Cc6ccccc6)c5)nc5sccn45)n3)cc2)CC1,6.77,0.0,1
CHEMBL1824,CCN1CCN(c2ccc(Nc3nccc(-c4c(-c5cccc(NC(=O)c6c(F)cccc6F)c5)nc5sccn45)n3)cc2)CC1,7.85,0.0,1
CHEMBL1824,CCN1CCN(c2nc(COc3cc4ncnc(Nc5ccc(Cl)c(Cl)c5)c4cc3OC)cs2)CC1,6.28,0.0,1
CHEMBL1824,CCN1CCN(c2noc(COc3cc4ncnc(Nc5ccc(Cl)c(Cl)c5)c4cc3OC)n2)CC1,6.28,0.0,1
CHEMBL1824,CCN1C[C@H]2C[C@@H](COc3cc4ncnc(Nc5ccc(Br)c(Cl)c5F)c4cc3OC)C[C@H]2C1,6.28,0.0,1
CHEMBL1824,CCNC(=O)Nc1ccc(C(=O)Nc2ccc3ncnc(Nc4ccc(F)c(Cl)c4)c3c2)cc1,6.07,0.0,1
CHEMBL1824,CCNC(=O)Nc1ccc2ncnc(Nc3ccc(OCc4cccc(F)c4)c(Cl)c3)c2c1,6.9,0.0,1
CHEMBL1824,CCNC(=O)Nc1ccc2ncnc(Nc3ccc(OCc4ccccn4)c(Cl)c3)c2c1,5.86,0.0,1
CHEMBL1824,CCNC(=O)Nc1ccc2ncnc(Nc3ccc(Oc4cccc(C(F)(F)F)c4)c(Cl)c3)c2c1,6.2,0.0,1
CHEMBL1824,CCNC(=O)O[C@@H]1CN[C@@H](C#Cc2cc3ncnc(Nc4ccc(OCc5cccc(F)c5)c(Cl)c4)c3s2)C1,7.5,0.0,1
CHEMBL1824,CCNC(=O)O[C@@H]1CN[C@H](C#Cc2cc3ncnc(Nc4ccc(OCc5cccc(F)c5)c(Cl)c4)c3s2)C1,7.2,0.0,1
CHEMBL1824,CCNC(=O)O[C@H]1CN[C@@H](C#Cc2cc3ncnc(Nc4ccc(OCc5cccc(F)c5)c(Cl)c4)c3s2)C1,7.7,0.0,1
CHEMBL1824,CCNC(=O)O[C@H]1CN[C@H](C#Cc2cc3ncnc(Nc4ccc(OCc5cccc(F)c5)c(Cl)c4)c3s2)C1,7.6850000000000005,0.44547727214752453,2
CHEMBL1824,CCNC(=O)c1cncc(/C=C/c2c[nH]nc2-c2nc3ccc(OC)cc3[nH]2)c1,4.43,0.0,1
CHEMBL1824,CCNC(CS(C)(=O)=O)c1ccc(-c2ccc3ncnc(Nc4ccc(OCc5cccc(F)c5)c(Cl)c4)c3c2)o1,7.81,0.0,1
CHEMBL1824,CCNCc1ccc(-c2cc3c(Nc4ccc(OCc5cccc(F)c5)c(Cl)c4)ncnc3s2)[nH]1,6.96,0.0,1
CHEMBL1824,CCNCc1ccc(-c2cc3ncnc(Nc4ccc(OCc5cccc(F)c5)c(Cl)c4)c3s2)[nH]1,7.17,0.0,1
CHEMBL1824,CCNCc1cncc(-c2cnc3[nH]nc(-c4nc5cc(F)c(F)cc5[nH]4)c3c2)c1,5.44,0.0,1
CHEMBL1824,CCNCc1cncc(-c2cnc3[nH]nc(-c4nc5cc(F)ccc5[nH]4)c3c2)c1,5.29,0.0,1
CHEMBL1824,CCNCc1cncc(-c2cnc3[nH]nc(-c4nc5cc(N6CCN(C)CC6)ccc5[nH]4)c3c2)c1,5.97,0.0,1
CHEMBL1824,CCNCc1cncc(-c2cnc3[nH]nc(-c4nc5cc(OC)ccc5[nH]4)c3c2)c1,5.38,0.0,1
CHEMBL1824,CCNCc1cncc(/C=C/c2c[nH]nc2-c2nc3ccc(OC)cc3[nH]2)c1,5.52,0.0,1
CHEMBL1824,CCO/N=C/c1c(N)ncnc1Nc1ccc2c(cnn2Cc2cccc(F)c2)c1,8.15,0.0,1
CHEMBL1824,CCOC(=O)/C=C/C(=O)Nc1cccc(Oc2cc(Nc3ccc(OCc4cccc(F)c4)c(Cl)c3)ncn2)c1,6.71,0.0,1
CHEMBL1824,CCOC(=O)C(=CNc1ccc2ncnc(Nc3ccc(OCc4cccc(F)c4)c(Cl)c3)c2c1)C(=O)OCC,5.3,0.0,1
CHEMBL1824,CCOC(=O)C(=CNc1ccc2ncnc(Nc3ccc(OCc4ccccn4)c(Cl)c3)c2c1)C(=O)OCC,5.48,0.0,1
CHEMBL1824,CCOC(=O)C(=CNc1ccc2ncnc(Nc3ccc(Oc4cccc(C(F)(F)F)c4)c(Cl)c3)c2c1)C(=O)OCC,6.0,0.0,1
CHEMBL1824,CCOC(=O)C(C)N1CCOC(COc2cc3ncnc(Nc4ccc(Cl)c(Cl)c4)c3cc2OC)C1,4.98,0.0,1
CHEMBL1824,CCOC(=O)CNc1cccc(Oc2cc(Nc3ccc(OCc4cccc(F)c4)c(Cl)c3)ncn2)c1,6.66,0.0,1
CHEMBL1824,CCOC(=O)N1CCN(Cc2ccc(-c3ccc4ncnc(Nc5ccc(OCc6cccc(F)c6)c(Cl)c5)c4c3)o2)CC1,7.84,0.0,1
CHEMBL1824,CCOC(=O)N1CCN([C@H]2CC[C@H](n3nc(-c4ccc5nc(Cc6ccccc6OC)[nH]c5c4)c4c(N)ncnc43)CC2)CC1,6.57,0.0,1
CHEMBL1824,CCOC(=O)N[C@H]1CN[C@H](C#Cc2cc3ncnc(Nc4ccc(OCc5cccc(F)c5)c(Cl)c4)c3s2)C1,7.11,0.0,1
CHEMBL1824,CCOC(=O)O[C@H]1CN[C@H](C#Cc2cc3ncnc(Nc4ccc(OCc5cccc(F)c5)c(Cl)c4)c3s2)C1,6.87,0.0,1
CHEMBL1824,CCOC(=O)c1cc2cc(Nc3ncnc4cc(OCCCN(CC)CC)c(OC)cc34)ccc2s1,5.64,0.0,1
CHEMBL1824,CCOC(=O)c1cc2cc(Nc3ncnc4cc(OCCCN5CCC(C)CC5)c(OC)cc34)ccc2s1,5.88,0.0,1
CHEMBL1824,CCOCCOc1cc2ncnc(Nc3ccc(F)c(Cl)c3)c2cc1NC(=O)/C=C/CN(C)C,7.38,0.0,1
CHEMBL1824,CCOCCOc1cc2ncnc(Nc3ccc(F)c(Cl)c3)c2cc1NC(=O)/C=C\Cl,7.96,0.0,1
CHEMBL1824,CCOCCOc1cc2ncnc(Nc3ccc(OCc4cccc(F)c4)c(Cl)c3)c2cc1NC(=O)/C=C/CN(C)C,6.58,0.0,1
CHEMBL1824,CCOCCOc1cc2ncnc(Nc3ccc(OCc4ccccn4)c(Cl)c3)c2cc1NC(=O)/C=C/CN(C)C,7.27,0.0,1
CHEMBL1824,CCO[C@H]1CN[C@H](C#Cc2cc3ncnc(Nc4ccc(OCc5cccc(F)c5)c(Cl)c4)c3s2)C1,7.01,0.0,1
CHEMBL1824,CCOc1cc2ncc(C#N)c(Nc3ccc(F)c(Cl)c3)c2cc1NC(=O)/C=C/CN(C)C,5.91,0.0,1
CHEMBL1824,CCOc1cc2ncc(C#N)c(Nc3ccc(OCc4cccc(Cl)c4)c(Cl)c3)c2cc1NC(=O)/C=C/CN(C)C,8.1,0.0,1
CHEMBL1824,CCOc1cc2ncc(C#N)c(Nc3ccc(OCc4cccc(F)c4)c(Cl)c3)c2cc1NC(=O)/C=C/CN(C)C,7.48,0.0,1
CHEMBL1824,CCOc1cc2ncc(C#N)c(Nc3ccc(OCc4ccccn4)c(Cl)c3)c2cc1NC(=O)/C=C/CN(C)C,8.015,0.7003372203604649,10
CHEMBL1824,CCOc1cc2ncc(C#N)c(Nc3ccc(OCc4ccccn4)c(Cl)c3)c2cc1NC(=O)/C=C/[C@H]1CCCN1C,8.036666666666667,0.5680375574437542,6
CHEMBL1824,CCOc1cc2ncc(C#N)c(Nc3ccc(OCc4ccccn4)c(Cl)c3)c2cc1NC(=O)CCN(C)C,6.01,0.0,1
CHEMBL1824,CCOc1cc2ncc(C#N)c(Nc3ccc(OCc4ccccn4)c(Cl)c3)c2cc1NC(=O)CCN1CCCCC1,6.01,0.0,1
CHEMBL1824,CCOc1cc2ncc(C#N)c(Nc3ccc(OCc4ccccn4)c(F)c3)c2cc1NC(=O)/C=C/CN(C)C,7.23,0.0,1
CHEMBL1824,CCOc1cc2ncc(C#N)c(Nc3ccc(OCc4ccccn4)cc3)c2cc1NC(=O)/C=C/CN(C)C,7.23,0.0,1
CHEMBL1824,CCOc1cc2ncc(C#N)c(Nc3ccc(Oc4ccn5ncnc5c4)c(C)c3)c2cc1NC(=O)/C=C/CN(C)C,8.66,0.0,1
CHEMBL1824,CCOc1cc2ncc(C#N)c(Nc3ccc(Sc4nc(-c5ccccc5)cs4)c(Cl)c3)c2cc1NC(=O)/C=C/CN(C)C,7.89,0.0,1
CHEMBL1824,CCOc1cc2ncc(C#N)c(Nc3cccc(Br)c3)c2cc1NC(=O)/C=C/CN(C)C,5.53,0.0,1
CHEMBL1824,CCOc1cc2ncc(C#N)c(Nc3cccc(Br)c3)c2cc1NC(=O)/C=C/CN1CCOCC1,4.47,0.0,1
CHEMBL1824,CCOc1cc2ncnc(Nc3ccc(Cl)c(Cl)c3F)c2cc1NC(=O)/C=C/CN1C[C@@H]2OCCO[C@@H]2C1,8.15,0.0,1
CHEMBL1824,CCOc1cc2ncnc(Nc3ccc(F)c(Cl)c3)c2cc1NC(=O)/C=C/CN1C[C@@H]2OCCO[C@@H]2C1,8.09,0.0,1
CHEMBL1824,CCOc1cc2ncnc(Nc3ccc(OCc4cccc(F)c4)c(Cl)c3)c2cc1NC(=O)/C=C/CN1C[C@@H]2OCCO[C@@H]2C1,8.18,0.0,1
CHEMBL1824,CCOc1cc2ncnc(Nc3ccc(OCc4ccccn4)c(Cl)c3)c2cc1NC(=O)/C(F)=C/CN(C)C,8.86,0.0,1
CHEMBL1824,CCOc1cc2ncnc(Nc3ccc(OCc4ccccn4)c(Cl)c3)c2cc1NC(=O)/C=C/CN1C[C@@H]2OCCO[C@@H]2C1,8.77,0.0,1
CHEMBL1824,CCOc1cc2ncnc(Nc3ccc(Oc4cc5nncn5cn4)c(C)c3)c2cc1NC(=O)/C(F)=C/[C@H]1CCCN1C,9.45,0.24069344264714304,4
CHEMBL1824,CCOc1cc2ncnc(Nc3ccc(Oc4ccn5ncnc5c4)c(C)c3)c2cc1NC(=O)/C(F)=C/[C@H]1CCCN1C,8.46,0.0,1
CHEMBL1824,CCOc1cc2ncnc(Nc3ccc(Oc4ccn5ncnc5c4)c(C)c3)c2cc1NC(=O)/C=C/[C@H]1CCCN1C,8.78,0.0,1
CHEMBL1824,CCOc1cc2ncnc(Nc3ccc4c(cnn4Cc4cccc(F)c4)c3)c2cc1NC(=O)/C=C/CN1C[C@@H]2OCCO[C@@H]2C1,8.8,0.0,1
CHEMBL1824,CCOc1ccc(C2=NN(C(C)=O)C(c3ccc(C(=O)OC(C)Cn4c([N+](=O)[O-])cnc4C)cc3)C2)cc1,4.74,0.0,1
CHEMBL1824,CCOc1ccc(C2=NN(C(C)=O)C(c3ccc(C(=O)OCCn4c([N+](=O)[O-])cnc4C)cc3)C2)cc1,4.83,0.0,1
CHEMBL1824,CCOc1ccc2c(C3SC(N(C(C)=O)[C@@H]4O[C@H](COC(C)=O)[C@H](OC(C)=O)[C@H](OC(C)=O)[C@H]4OC(C)=O)=NN3C(C)=O)cc(=O)oc2c1,6.89,0.0,1
CHEMBL1824,CCOc1ccc2oc(=O)cc(C3SC(N(C(C)=O)[C@@H]4O[C@H](COC(C)=O)[C@H](OC(C)=O)[C@H](OC(C)=O)[C@H]4OC(C)=O)=NN3C(C)=O)c2c1,6.89,0.0,1
CHEMBL1824,CCS(=O)(=O)N[C@H]1CN[C@H](C#Cc2cc3ncnc(Nc4ccc(OCc5cccc(F)c5)c(Cl)c4)c3s2)C1,7.06,0.0,1
CHEMBL1824,CCc1cc(Nc2nccc(-c3c(-c4cccc(C(=O)Nc5c(F)cccc5F)c4)nc4ccccn34)n2)c(OC)cc1N1CCC(N2CCN(S(C)(=O)=O)CC2)CC1,7.27,0.0,1
CHEMBL1824,CCc1cccc(NC(=O)CSc2nc3cc4ccccc4cc3c(=O)n2-c2ccc(S(N)(=O)=O)cc2)c1,7.38,0.0,1
CHEMBL1824,CCc1ncnc(Nc2ccc(OCc3cccc(F)c3)c(Cl)c2)c1C,5.54,0.0,1
CHEMBL1824,CN(C(=O)c1ccccc1)C1CN[C@H](C(=O)N2CC=C(c3ccccc3)CC2)[C@@H](C(=O)NO)C1,8.0,0.0,1
CHEMBL1824,CN(C(=O)c1ccccc1)C1CN[C@H](C(=O)N2CC[C@H](c3ccccc3)C2)[C@@H](C(=O)NO)C1,7.54,0.0,1
CHEMBL1824,CN(C)/C=C/C(=O)Nc1ccc2ncnc(Nc3cccc(Br)c3)c2c1,4.59,0.0,1
CHEMBL1824,CN(C)/N=C/c1c(N)ncnc1Nc1ccc2c(cnn2Cc2cccc(F)c2)c1,8.7,0.0,1
CHEMBL1824,CN(C)C(=O)/C=C/CC1CCNC[C@H]1n1nc(C(=O)Nc2ccc(OC(=O)N(C)C)c3ccccc23)c2c(N)ncnc21,7.72,0.0,1
CHEMBL1824,CN(C)C(=O)CN1CCN([C@H]2CC[C@H](n3nc(-c4ccc(Nc5nc6cccc(Cl)c6o5)cc4)c4c(N)ncnc43)CC2)CC1,7.67,0.0,1
CHEMBL1824,CN(C)C(=O)O[C@@H]1CN[C@@H](C#Cc2cc3ncnc(Nc4ccc(OCc5cccc(F)c5)c(Cl)c4)c3s2)C1,7.4,0.0,1
CHEMBL1824,CN(C)C(=O)O[C@@H]1CN[C@H](C#Cc2cc3ncnc(Nc4ccc(OCc5cccc(F)c5)c(Cl)c4)c3s2)C1,7.2,0.0,1
CHEMBL1824,CN(C)C(=O)O[C@H]1CN[C@@H](C#Cc2cc3ncnc(Nc4ccc(OCc5cccc(F)c5)c(Cl)c4)c3s2)C1,7.2,0.0,1
CHEMBL1824,CN(C)C(=O)O[C@H]1CN[C@H](C#Cc2cc3ncnc(Nc4ccc(OCc5cccc(F)c5)c(Cl)c4)c3s2)C1,7.585,0.5868986283848344,2
CHEMBL1824,CN(C)C(=O)O[C@H]1C[C@H](C(=O)NO)[C@@H](C(=O)N2CCN(c3ccccc3)CC2)N(C)C1,7.51,0.0,1
CHEMBL1824,CN(C)C(CS(C)(=O)=O)c1ccc(-c2ccc3ncnc(Nc4ccc(OCc5cccc(F)c5)c(Cl)c4)c3c2)o1,8.44,0.0,1
CHEMBL1824,CN(C)C/C=C(/F)C(=O)Nc1cc2c(Nc3ccc(F)c(Cl)c3)ncnc2cc1O[C@H]1CCOC1,7.01,0.0,1
CHEMBL1824,CN(C)C/C=C(\F)C(=O)Nc1cc2c(Nc3ccc(F)c(Cl)c3)ncnc2cc1O[C@H]1CCOC1,6.83,0.0,1
CHEMBL1824,CN(C)C/C=C/C(=O)N1CCN[C@H](n2nc(C(=O)Nc3ccc(CC(=O)N(C)C)c4ccccc34)c3c(N)ncnc32)C1,7.72,0.0,1
CHEMBL1824,CN(C)C/C=C/C(=O)N1CCOc2cc3ncnc(Nc4ccc(F)c(Cl)c4)c3cc21,6.5,0.0,1
CHEMBL1824,CN(C)C/C=C/C(=O)Nc1cc2c(Nc3ccc(F)c(Cl)c3)c(C#N)cnc2cc1OC(F)(F)F,5.38,0.0,1
CHEMBL1824,CN(C)C/C=C/C(=O)Nc1cc2c(Nc3ccc(F)c(Cl)c3)ncnc2cc1OCC12COCC1C2,7.04,0.0,1
CHEMBL1824,CN(C)C/C=C/C(=O)Nc1cc2c(Nc3ccc(F)c(Cl)c3)ncnc2cc1OCC1C2COCC21,8.22,0.0,1
CHEMBL1824,CN(C)C/C=C/C(=O)Nc1cc2c(Nc3ccc(F)c(Cl)c3)ncnc2cc1OC[C@@]12COC[C@@H]1C2,7.66,0.0,1
CHEMBL1824,CN(C)C/C=C/C(=O)Nc1cc2c(Nc3ccc(F)c(Cl)c3)ncnc2cc1O[C@H]1CCOC1,7.94,0.5301697841258017,6
CHEMBL1824,CN(C)C/C=C/C(=O)Nc1cc2ncnc(Nc3ccc(F)c(Cl)c3)c2cc1O[C@@H]1CCOC1,8.21,0.0,1
CHEMBL1824,CN(C)C/C=C/C(=O)Nc1ccc2ncc(C#N)c(Nc3ccc(F)c(Cl)c3)c2c1,5.71,0.0,1
CHEMBL1824,CN(C)C/C=C/C(=O)Nc1ccc2ncc(C#N)c(Nc3cccc(Br)c3)c2c1,5.38,0.0,1
CHEMBL1824,CN(C)C/C=C/C(=O)Nc1ccc2ncnc(Nc3ccc(OCc4cccc(F)c4)c(Cl)c3)c2c1-c1ccccc1,8.1,0.0,1
CHEMBL1824,CN(C)C/C=C/C(=O)Nc1ccc2ncnc(Nc3ccc(OCc4ccccn4)c(Cl)c3)c2c1-c1ccccc1,8.57,0.0,1
CHEMBL1824,CN(C)C/C=C/C(=O)Nc1ccc2ncnc(Nc3cccc(Br)c3)c2c1,6.52,0.0,1
CHEMBL1824,CN(C)C/C=C/C(=O)Nc1ccc2ncnc3c2c1C=CN3c1ccc(F)c(Cl)c1,7.15,0.0,1
CHEMBL1824,CN(C)C/C=C/C(=O)Nc1ccc2ncnc3c2c1C=CN3c1ccc(OCc2cccc(F)c2)c(Cl)c1,8.39,0.0,1
CHEMBL1824,CN(C)C/C=C/C(=O)Nc1ccc2ncnc3c2c1C=CN3c1ccc(OCc2ccccn2)c(Cl)c1,8.56,0.0,1
CHEMBL1824,CN(C)C/C=C/C(=O)Nc1ccc2ncnc3c2c1C=CN3c1cccc(Cl)c1F,6.95,0.0,1
CHEMBL1824,CN(C)C/C=C/C(=O)Nc1ccc2ncnc3c2c1CCN3c1ccc(F)c(Cl)c1,7.29,0.0,1
CHEMBL1824,CN(C)C/C=C/C(=O)Nc1ccc2ncnc3c2c1CCN3c1ccc(OCc2cccc(F)c2)c(Cl)c1,8.36,0.0,1
CHEMBL1824,CN(C)C/C=C/C(=O)Nc1ccc2ncnc3c2c1CCN3c1ccc(OCc2ccccn2)c(Cl)c1,8.81,0.0,1
CHEMBL1824,CN(C)C/C=C/C(=O)Nc1ccc2ncnc3c2c1CCN3c1cccc(Cl)c1F,6.52,0.0,1
CHEMBL1824,CN(C)C/C=C\C(=O)N1CCCC(n2nc(Nc3ccc(OC(=O)N(C)C)c4ccccc34)c3c(N)ncnc32)C1,7.72,0.0,1
CHEMBL1824,CN(C)CC#CC(=O)Nc1ccc2ncnc(Nc3cccc(Br)c3)c2c1,7.85,0.0,1
CHEMBL1824,CN(C)CC/C=C/C(=O)Nc1cc2c(Nc3ccc(F)c(Cl)c3)ncnc2cc1OC[C@]12COC[C@H]1C2,7.64,0.0,1
CHEMBL1824,CN(C)CCOc1ccc(/C=C/c2cc(-c3cc4c(=O)[nH]cnc4[nH]3)ccn2)cc1,5.02,0.0,1
CHEMBL1824,CN(C)CCc1ccc(Nc2nccc(-c3c(-c4cccc(NC(=O)c5c(F)cccc5F)c4)nc4sccn34)n2)cc1,8.37,0.0,1
CHEMBL1824,CN(C)CCc1cccc(Nc2nccc(-c3c(-c4cccc(NC(=O)Cc5ccccc5)c4)nc4sccn34)n2)c1,6.82,0.0,1
CHEMBL1824,CN(C)Cc1ccc(-c2cc3c(Nc4ccc(OCc5cccc(F)c5)c(Cl)c4)ncnc3s2)[nH]1,6.61,0.0,1
CHEMBL1824,CN(C)Cc1ccc(-c2cc3ncnc(Nc4ccc(OCc5cccc(F)c5)c(Cl)c4)c3s2)[nH]1,7.12,0.0,1
CHEMBL1824,CN(C)Cc1ccc(-c2cc3ncnc(Nc4ccc(OCc5cccc(F)c5)c(Cl)c4)c3s2)o1,6.84,0.0,1
CHEMBL1824,CN(C)[C@@H](CS(C)(=O)=O)c1ccc(-c2ccc3ncnc(Nc4ccc(OCc5cccc(F)c5)c(Cl)c4)c3c2)o1,7.58,0.0,1
CHEMBL1824,CN(C)[C@H](CS(C)(=O)=O)c1ccc(-c2ccc3ncnc(Nc4ccc(OCc5cccc(F)c5)c(Cl)c4)c3c2)o1,9.3,0.0,1
CHEMBL1824,CN(C/C=C/C(=O)Nc1ccc2ncnc(Nc3cccc(Br)c3)c2c1)CCO,6.38,0.0,1
CHEMBL1824,CN(CCCOc1ccc2ncnc(Nc3ccc(OCc4ccccc4)cc3)c2c1)CCS(C)(=O)=O,5.75,0.0,1
CHEMBL1824,CN(CCO)Cc1ccn2ncnc(Nc3ccc4c(cnn4Cc4cccc(F)c4)c3)c12,6.96,0.0,1
CHEMBL1824,CN(CCOc1cccc2ncnc(Nc3ccc(OCc4ccccn4)c(Cl)c3)c12)C(=O)CO,8.4,0.0,1
CHEMBL1824,CN(c1ccc(F)c(NC(=O)c2cccc(OC(C)(C)C#N)c2Cl)c1)c1ccc2nc(NC(=O)C3CC3)sc2n1,5.92,0.0,1
CHEMBL1824,CN/N=C/c1c(N)ncnc1Nc1ccc2c(cnn2Cc2cccc(F)c2)c1,7.08,0.0,1
CHEMBL1824,CN1C(=O)/C(=C\c2ccc(Br)cc2)c2ccccc21,4.65,0.0,1
CHEMBL1824,CN1C(=O)c2ccc(NC(=O)CSc3nc4cc5ccccc5cc4c(=O)n3-c3ccc(S(N)(=O)=O)cc3)cc2C1=O,5.88,0.0,1
CHEMBL1824,CN1CCC(N2CCC(n3nc(-c4ccc(Nc5nc6cccc(Cl)c6o5)cc4)c4c(N)ncnc43)CC2)CC1,7.84,0.0,1
CHEMBL1824,CN1CCC(Nc2ncc3ncnc(Nc4ccc(F)c(Cl)c4)c3n2)CC1,6.994999999999999,2.15667568261897,2
CHEMBL1824,CN1CCC(Oc2cccc3ncnc(Nc4ccc(OCc5ccccn5)cc4)c23)CC1,7.16,0.0,1
CHEMBL1824,CN1CCC=C(C(=O)Nc2ccc3ncnc(Nc4cccc(Br)c4)c3c2)C1,5.3,0.0,1
CHEMBL1824,CN1CCCN(Cc2ccn3ncnc(Nc4ccc5c(cnn5Cc5cccc(F)c5)c4)c23)CC1,6.92,0.0,1
CHEMBL1824,CN1CCC[C@@H]1/C=C/C(=O)Nc1ccc2ncnc(Nc3ccc(OCc4cccc(F)c4)c(Cl)c3)c2c1-c1ccccc1,7.97,0.0,1
CHEMBL1824,CN1CCC[C@@H]1/C=C/C(=O)Nc1ccc2ncnc(Nc3ccc(OCc4ccccn4)c(Cl)c3)c2c1,8.22,0.0,1
CHEMBL1824,CN1CCC[C@@H]1/C=C/C(=O)Nc1ccc2ncnc(Nc3ccc(OCc4ccccn4)c(Cl)c3)c2c1-c1ccccc1,8.22,0.0,1
CHEMBL1824,CN1CCC[C@@H]1/C=C/C(=O)Nc1ccc2ncnc3c2c1C=CN3c1ccc(OCc2ccccn2)c(Cl)c1,8.67,0.0,1
CHEMBL1824,CN1CCC[C@@H]1/C=C/C(=O)Nc1ccc2ncnc3c2c1CCN3c1ccc(OCc2ccccn2)c(Cl)c1,8.53,0.0,1
CHEMBL1824,CN1CCC[C@H]1/C=C/C(=O)Nc1ccc2ncnc3c2c1CCN3c1ccc(OCc2ccccn2)c(Cl)c1,8.53,0.0,1
CHEMBL1824,CN1CCN(/N=C/c2c(N)ncnc2Nc2ccc3c(cnn3Cc3cccc(F)c3)c2)CC1,8.1,0.0,1
CHEMBL1824,CN1CCN(C(=O)c2ccc(-c3ccc4ncnc(Nc5ccc(OCc6cccc(F)c6)c(Cl)c5)c4c3)o2)CC1,7.27,0.0,1
CHEMBL1824,CN1CCN(C(C)(C)/C=C(\C#N)C(=O)N2CCC[C@@H](n3nc(-c4ccc(Oc5ccccc5)cc4F)c4c(N)ncnc43)C2)CC1,5.36,0.0,1
CHEMBL1824,CN1CCN(C/C=C/C(=O)N2CCOc3cc4ncnc(Nc5ccc(F)c(Cl)c5)c4cc32)CC1,6.17,0.0,1
CHEMBL1824,CN1CCN(C/C=C/C(=O)N2CCOc3cc4ncnc(Nc5ccc(OCc6cccc(F)c6)c(Cl)c5)c4cc32)CC1,7.92,0.0,1
CHEMBL1824,CN1CCN(CC(=O)Nc2ccc3ncnc(Nc4ccc(OCc5cccc(F)c5)c(Cl)c4)c3c2)CC1,8.21,0.0,1
CHEMBL1824,CN1CCN(CCCOc2ccc3ncnc(Nc4ccc(OCc5cccc(F)c5)c(Cl)c4)c3c2)CC1,8.0,0.1131370849898477,2
CHEMBL1824,CN1CCN(CCCOc2n[nH]c3ncnc(Nc4ccc(OCc5ccccn5)c(Cl)c4)c23)CC1,8.4,0.0,1
CHEMBL1824,CN1CCN(CCOc2n[nH]c3ncnc(Nc4ccc(OCc5ccccn5)c(Cl)c4)c23)CC1,9.0,0.0,1
CHEMBL1824,CN1CCN(Cc2ccc(-c3cc4ncnc(Nc5ccc(OCc6cccc(F)c6)c(Cl)c5)c4s3)o2)CC1,6.6,0.0,1
CHEMBL1824,CN1CCN(Cc2ccc(-c3ccc4ncnc(Nc5ccc(OCc6cccc(F)c6)c(Cl)c5)c4c3)o2)CC1,7.62,0.0,1
CHEMBL1824,CN1CCN(Cc2ccn3ncnc(Nc4ccc5c(cnn5Cc5cccc(F)c5)c4)c23)CC1,6.92,0.0,1
CHEMBL1824,CN1CCN([C@H]2CC[C@@H](n3nc(-c4ccc(Nc5nc6cccc(Cl)c6o5)c(F)c4)c4c(N)ncnc43)CC2)CC1,5.87,0.0,1
CHEMBL1824,CN1CCN([C@H]2CC[C@@H](n3nc(-c4ccc(Nc5nc6cccc(Cl)c6o5)cc4)c4c(N)ncnc43)CC2)CC1,6.7,0.0,1
CHEMBL1824,CN1CCN([C@H]2CC[C@H](n3nc(-c4ccc(Nc5nc6cccc(Cl)c6o5)c(Cl)c4)c4c(N)ncnc43)CC2)CC1,7.54,0.0,1
CHEMBL1824,CN1CCN([C@H]2CC[C@H](n3nc(-c4ccc(Nc5nc6cccc(Cl)c6o5)c(F)c4)c4c(N)ncnc43)CC2)CC1,7.8,0.0,1
CHEMBL1824,CN1CCN([C@H]2CC[C@H](n3nc(-c4ccc(Nc5nc6cccc(Cl)c6o5)cc4)c4c(N)ncnc43)CC2)CC1,8.12,0.0,1
CHEMBL1824,CN1CCN([C@H]2CC[C@H](n3nc(-c4ccc(Nc5nc6cccc(Cl)c6o5)cc4Cl)c4c(N)ncnc43)CC2)CC1,7.81,0.0,1
CHEMBL1824,CN1CCN(c2ccc(Nc3ncc4nc(Nc5ccccc5)n(C5CCCC5)c4n3)cc2)CC1,7.22,0.0,1
CHEMBL1824,CN1CCN(c2ccc3[nH]c(-c4n[nH]c5ncc(-c6cncc7ccccc67)cc45)nc3c2)CC1,5.19,0.0,1
CHEMBL1824,CN1CCN(c2ccc3nc(-c4n[nH]cc4/C=C/c4cccnc4)[nH]c3c2)CC1,5.03,0.0,1
CHEMBL1824,CN1CC[C@H](c2c(O)cc(O)c3c(=O)cc(-c4ccccc4Cl)oc23)[C@H](O)C1,4.8,0.0,1
CHEMBL1824,CN1CCc2cc(Nc3nccc(-c4c(-c5cccc(NC(=O)Cc6ccccc6)c5)nc5sccn45)n3)ccc2C1,6.8,0.0,1
CHEMBL1824,CN1C[C@@H](OC(=O)N2CC=CC2)C[C@H](C(=O)NO)[C@H]1C(=O)N1CCN(c2ccccc2)CC1,8.42,0.0,1
CHEMBL1824,CN1C[C@@H](OC(=O)N2CCC(F)(F)C2)C[C@H](C(=O)NO)[C@H]1C(=O)N1CCN(c2ccccc2)CC1,7.3,0.0,1
CHEMBL1824,CN1C[C@@H](OC(=O)N2CCC2)C[C@H](C(=O)NO)[C@H]1C(=O)N1CCN(c2ccccc2)CC1,7.35,0.0,1
CHEMBL1824,CN1C[C@@H](OC(=O)N2CCCC2)C[C@H](C(=O)NO)[C@H]1C(=O)N1CCN(c2ccccc2)CC1,7.94,0.0,1
CHEMBL1824,CN1C[C@@H](OC(=O)N2CCCCC2)C[C@H](C(=O)NO)[C@H]1C(=O)N1CCN(c2ccccc2)CC1,8.14,0.0,1
CHEMBL1824,CN1C[C@@H](OC(=O)N2CCCCCC2)C[C@H](C(=O)NO)[C@H]1C(=O)N1CCN(c2ccccc2)CC1,8.36,0.0,1
CHEMBL1824,CN1C[C@@H](OC(=O)N2CCCCCCC2)C[C@H](C(=O)NO)[C@H]1C(=O)N1CCN(c2ccccc2)CC1,7.56,0.0,1
CHEMBL1824,CNC(=O)NCc1cccc(C#Cc2cncnc2Nc2ccc(OCc3cccc(F)c3)c(Cl)c2)n1,7.16,0.0,1
CHEMBL1824,CNC(=O)O[C@H]1CN[C@H](C#Cc2cc3ncnc(Nc4ccc(OCc5cccc(F)c5)c(Cl)c4)c3s2)C1,7.7,0.0,1
CHEMBL1824,CNC(=O)c1cc(Nc2ccc(-c3nc4ccccc4s3)cc2)ccn1,5.96,0.0,1
CHEMBL1824,CNC(=O)c1cc(Oc2ccc(NC(=O)Nc3ccc(Cl)c(C(F)(F)F)c3)cc2)ccn1,6.885,0.007071067811865324,2
CHEMBL1824,CNC(=O)c1cccc(C#Cc2cncnc2Nc2ccc(OCc3cccc(F)c3)c(Cl)c2)c1,7.5,0.0,1
CHEMBL1824,CNC(CS(C)(=O)=O)c1ccc(-c2ccc3ncnc(Nc4ccc(OCc5cccc(F)c5)c(Cl)c4)c3c2)o1,9.0,0.0,1
CHEMBL1824,CNC1CC2OC(C)(C1OC)n1c3ccccc3c3c4c(c5c6ccccc6n2c5c31)C(=O)NC4,7.2,0.0,1
CHEMBL1824,CNCCOc1n[nH]c2ncnc(Nc3ccc(OCc4ccccn4)c(Cl)c3)c12,8.52,0.0,1
CHEMBL1824,CNCc1cncc(-c2cnc3[nH]nc(-c4nc5cc(OC(F)(F)F)ccc5[nH]4)c3c2)c1,5.42,0.0,1
CHEMBL1824,CN[C@@H]1CC2OC([C@@H]1OC)n1c3ccccc3c3c4c(c5c6ccccc6n2c5c31)C(=O)NC4,7.2,0.0,1
CHEMBL1824,CN[C@@H]1C[C@H]2O[C@@](C)([C@@H]1OC)n1c3ccccc3c3c4c(c5c6ccccc6n2c5c31)C(=O)NC4,7.1571428571428575,0.2227640220587905,7
CHEMBL1824,CO/N=C/c1c(N)ncnc1NCc1ccc(F)c(Cl)c1,5.28,0.0,1
CHEMBL1824,CO/N=C/c1c(N)ncnc1Nc1ccc(F)c(Cl)c1,6.69,0.0,1
CHEMBL1824,CO/N=C/c1c(N)ncnc1Nc1ccc(OCc2cccc(F)c2)c(Cl)c1,7.75,0.0,1
CHEMBL1824,CO/N=C/c1c(N)ncnc1Nc1ccc(OCc2ccccc2)c(Cl)c1,6.82,0.0,1
CHEMBL1824,CO/N=C/c1c(N)ncnc1Nc1ccc2[nH]c(Cc3cccc(F)c3)nc2c1,7.12,0.0,1
CHEMBL1824,CO/N=C/c1c(N)ncnc1Nc1ccc2[nH]ncc2c1,5.38,0.0,1
CHEMBL1824,CO/N=C/c1c(N)ncnc1Nc1ccc2c(c1)CCN2Cc1cccc(F)c1,6.59,0.0,1
CHEMBL1824,CO/N=C/c1c(N)ncnc1Nc1ccc2c(ccn2Cc2cccc(F)c2)c1,7.57,0.0,1
CHEMBL1824,CO/N=C/c1c(N)ncnc1Nc1ccc2c(cnn2Cc2ccc(F)cc2)c1,6.72,0.0,1
CHEMBL1824,CO/N=C/c1c(N)ncnc1Nc1ccc2c(cnn2Cc2cccc(C#N)c2)c1,7.36,0.0,1
CHEMBL1824,CO/N=C/c1c(N)ncnc1Nc1ccc2c(cnn2Cc2cccc(Cl)c2)c1,7.52,0.0,1
CHEMBL1824,CO/N=C/c1c(N)ncnc1Nc1ccc2c(cnn2Cc2cccc(F)c2)c1,7.92,0.0,1
CHEMBL1824,CO/N=C/c1c(N)ncnc1Nc1ccc2c(cnn2Cc2ccccc2)c1,7.66,0.0,1
CHEMBL1824,CO/N=C/c1c(N)ncnc1Nc1cccc(Br)c1,6.25,0.0,1
CHEMBL1824,COC(=O)CCCC(=O)Nc1cccc(C#Cc2cncnc2Nc2ccc(OCc3cccc(F)c3)c(Cl)c2)c1,7.54,0.0,1
CHEMBL1824,COC(=O)CCN1CCOC(COc2cc3ncnc(Nc4ccc(Cl)c(Cl)c4)c3cc2OC)C1,4.98,0.0,1
CHEMBL1824,COC(=O)CNCc1ccc(-c2cc3c(Nc4ccc(OCc5ccccc5)cc4)ncnc3cn2)o1,7.89,0.0,1
CHEMBL1824,COC(=O)N1CCC[C@@H]1C#Cc1cc2ncnc(Nc3ccc(OCc4cccc(F)c4)c(Cl)c3)c2s1,6.92,0.0,1
CHEMBL1824,COC(=O)N1C[C@@H](OC(=O)N2CCCC2)C[C@H](C(=O)NO)[C@H]1C(=O)N1CCN(c2ccccc2)CC1,8.09,0.0,1
CHEMBL1824,COC(=O)c1c(N)ncnc1Nc1ccc(OCc2ccccc2)c(Cl)c1,7.0,0.0,1
CHEMBL1824,COC(=O)c1ccc2c(c1)S(=O)(=O)N=S2c1ccc(Br)cc1,6.0,0.0,1
CHEMBL1824,COC/C=C/C(=O)Nc1ccc2ncnc(Nc3cccc(Br)c3)c2c1,5.05,0.0,1
CHEMBL1824,COC1=CC(=O)C=CC1=O,4.54,0.0,1
CHEMBL1824,COC1CCN(CCOc2n[nH]c3ncnc(Nc4ccc(OCc5ccccn5)c(Cl)c4)c23)CC1,8.4,0.0,1
CHEMBL1824,COC1CCN(c2nccc(Nc3cc4c(cn3)nc(COCCN3CCN(c5ccc6c(c5)C(=O)N(C5CCC(=O)NC5=O)C6=O)CC3)n4C(C)C)n2)CC1,4.89,0.0,1
CHEMBL1824,COC1CCN(c2nccc(Nc3cc4c(cn3)nc(COCCOCCOCC(=O)N[C@H](C(=O)N3C[C@@H](O)C[C@@H]3C(=O)N[C@@H](C)c3ccc(-c5scnc5C)cc3)C(C)(C)C)n4C(C)C)n2)CC1,5.47,0.0,1
CHEMBL1824,COC1CCN(c2nccc(Nc3cc4c(cn3)nc(COCCOCCOCCOc3ccc5c(c3)C(=O)N(C3CCC(=O)NC3=O)C5=O)n4C(C)C)n2)CC1,4.72,0.0,1
CHEMBL1824,COC1CNCCN(Cc2ccn3ncnc(Nc4ccc5c(cnn5Cc5cccc(F)c5)c4)c23)C1,6.77,0.0,1
CHEMBL1824,COCC#CC(=O)Nc1cc2c(Nc3cccc(Br)c3)c(C#N)cnc2cc1OC,6.42,0.0,1
CHEMBL1824,COCC#CC(=O)Nc1ccc2ncc(C#N)c(Nc3cccc(Br)c3)c2c1,6.52,0.0,1
CHEMBL1824,COCC#CC(=O)Nc1ccc2ncnc(Nc3cccc(Br)c3)c2c1,7.48,0.0,1
CHEMBL1824,COCC(=O)NC/C=C/c1ccc2ncnc(Nc3ccc(Oc4ccc(C)nc4)c(C)c3)c2c1,7.96,0.05656854249492385,2
CHEMBL1824,COCC1CCCN1CC#CC(=O)Nc1ccc2ncc(C#N)c(Nc3cccc(Br)c3)c2c1,5.91,0.0,1
CHEMBL1824,COCC1CCCN1CC#CC(=O)Nc1ccc2ncnc(Nc3cccc(Br)c3)c2c1,6.93,0.0,1
CHEMBL1824,COCCCN1CCC(N2CCC(n3nc(-c4ccc(Nc5nc6cccc(Cl)c6o5)cc4)c4c(N)ncnc43)CC2)CC1,7.86,0.0,1
CHEMBL1824,COCCCN1CCC([C@H]2CC[C@H](n3nc(-c4ccc5nc(Cc6ccccc6Cl)[nH]c5c4)c4c(N)ncnc43)CC2)CC1,7.27,0.0,1
CHEMBL1824,COCCCN1CCN([C@H]2CC[C@@H](n3nc(-c4ccc(Nc5nc6cccc(Cl)c6o5)cc4)c4c(N)ncnc43)CC2)CC1,6.4,0.0,1
CHEMBL1824,COCCCN1CCN([C@H]2CC[C@H](n3nc(-c4ccc(Nc5nc6cccc(Cl)c6o5)cc4)c4c(N)ncnc43)CC2)CC1,7.67,0.0,1
CHEMBL1824,COCCCN1CCN([C@H]2CC[C@H](n3nc(-c4ccc5nc(Cc6ccccc6OC)[nH]c5c4)c4c(N)ncnc43)CC2)CC1,7.27,0.0,1
CHEMBL1824,COCCCOc1cc2ncnc(Nc3ccc(F)c(Cl)c3)c2cc1NC(=O)/C=C/CN(C)C,7.41,0.0,1
CHEMBL1824,COCCN(C)C/C=C/C(=O)Nc1ccc2ncnc(Nc3cccc(Br)c3)c2c1,6.2,0.0,1
CHEMBL1824,COCCN1CCCOC(COc2cc3ncnc(Nc4ccc(Cl)c(Cl)c4)c3cc2OC)C1,6.28,0.0,1
CHEMBL1824,COCCN1CCC[C@@H]1C#Cc1cc2ncnc(Nc3ccc(OCc4cccc(F)c4)c(Cl)c3)c2s1,6.96,0.0,1
CHEMBL1824,COCCN1CCOC(COc2cc3ncnc(Nc4ccc(Cl)c(Cl)c4)c3cc2OC)C1,6.28,0.0,1
CHEMBL1824,COCCO/N=C/c1c(N)ncnc1Nc1ccc2c(cnn2Cc2cccc(F)c2)c1,8.22,0.0,1
CHEMBL1824,COCCOCC#CC(=O)Nc1ccc2ncc(C#N)c(Nc3cccc(Br)c3)c2c1,6.35,0.0,1
CHEMBL1824,COCCOCC#CC(=O)Nc1ccc2ncnc(Nc3cccc(Br)c3)c2c1,6.94,0.0,1
CHEMBL1824,COCCOc1cc2ncnc(Nc3ccc(Cl)c(Cl)c3F)c2cc1NC(=O)/C=C/CN1C[C@@H]2OCCO[C@@H]2C1,8.02,0.0,1
CHEMBL1824,COCCOc1cc2ncnc(Nc3ccc(F)c(Cl)c3)c2cc1NC(=O)/C=C/CN1C[C@@H]2OCCO[C@@H]2C1,7.98,0.0,1
CHEMBL1824,COCCOc1cc2ncnc(Nc3ccc(F)c(Cl)c3)c2cc1OCCCCCCC(=O)NO,7.62,0.0,1
CHEMBL1824,COCCOc1cc2ncnc(Nc3ccc(Oc4cccc5ccc(C)nc45)c(C)c3)c2cc1OCCOC,7.92,0.0,1
CHEMBL1824,COCCOc1ccc2ncnc(Nc3ccc(Oc4cccc5ccc(C)nc45)c(C)c3)c2c1,7.38,0.0,1
CHEMBL1824,COCOC#CC(=O)Nc1ccc2ncc(C#N)c(Nc3cccc(Br)c3)c2c1,6.42,0.0,1
CHEMBL1824,COCOCC#CC(=O)Nc1ccc2ncnc(Nc3cccc(Br)c3)c2c1,7.48,0.8061017305526645,2
CHEMBL1824,COC[C@@H](C)Oc1cc2ncnc(Nc3ccc(F)c(Cl)c3)c2cc1NC(=O)/C=C/CN(C)C,6.83,0.0,1
CHEMBL1824,COC[C@@H]1CCCN1/N=C/c1c(N)ncnc1Nc1ccc2c(cnn2Cc2cccc(F)c2)c1,7.41,0.0,1
CHEMBL1824,COC[C@@H]1CCCN1C/C=C/C(=O)Nc1ccc2ncnc(Nc3cccc(Br)c3)c2c1,5.72,0.0,1
CHEMBL1824,COC[C@@H]1CCCN1C/C=C\C(=O)Nc1ccc2ncnc(Nc3cccc(Br)c3)c2c1,5.53,0.0,1
CHEMBL1824,COC[C@H](C)Oc1cc2ncnc(Nc3ccc(F)c(Cl)c3)c2cc1NC(=O)/C=C/CN(C)C,6.32,0.0,1
CHEMBL1824,COC[C@H]1CCCN1/N=C/c1c(N)ncnc1Nc1ccc2c(cnn2Cc2cccc(F)c2)c1,7.14,0.0,1
CHEMBL1824,COC[C@H]1CCCN1C/C=C/C(=O)Nc1ccc2ncnc(Nc3cccc(Br)c3)c2c1,6.13,0.0,1
CHEMBL1824,COCc1cccc2[nH]c(-c3n[nH]c4ncc(-c5cncc6ccccc56)cc34)nc12,7.07,0.0,1
CHEMBL1824,CONC(=O)c1cc(Nc2ncnn3cc(-c4nnc(C)o4)c(C(C)C)c23)c(F)cc1F,5.1,0.0,1
CHEMBL1824,CONC(=O)c1cc(Nc2ncnn3cc(NC(=O)OCCCS(C)(=O)=O)c(C(C)C)c23)c(F)cc1F,5.28,0.0,1
CHEMBL1824,CONC(=O)c1ccc(F)c(Nc2ncnn3cc(NC(=O)OCCCS(C)(=O)=O)c(C(C)C)c23)c1,5.28,0.0,1
CHEMBL1824,CO[C@@H]1COC2C1OC[C@H]2Oc1cc2ncnc(Nc3ccc(F)c(Cl)c3)c2cc1NC(=O)/C=C/CN(C)C,7.6,0.0,1
CHEMBL1824,CO[C@H]1/C=C\C=C(/C)C(=O)NC2=CC(=O)C(NC/C=C/C[C@@H]3C[C@H]4[C@@H]5CCc6cc(O)ccc6[C@H]5CC[C@]4(C)[C@H]3O)=C(C[C@@H](C)C[C@H](OC)[C@H](O)[C@@H](C)/C=C(\C)[C@@H]1OC(N)=O)C2=O,7.0,0.0,1
CHEMBL1824,COc1c(Br)cc(/C=C2\C(=O)Nc3ccc(Cl)cc32)cc1C(C)(C)C,4.82,0.0,1
CHEMBL1824,COc1c(Br)cc(/C=C2\C(=O)Nc3ccccc32)cc1C(C)(C)C,4.72,0.0,1
CHEMBL1824,COc1cc(/C=C(/C#N)C(N)=O)cc(CSCc2ccc(Cl)cc2)c1O,5.7,0.0,1
CHEMBL1824,COc1cc(/C=C(\C#N)C(N)=O)cc(CSC2=NCCS2)c1O,5.06,0.0,1
CHEMBL1824,COc1cc(/C=C(\C#N)C(N)=O)cc(CSCc2ccccc2)c1O,5.0,0.0,1
CHEMBL1824,COc1cc(/C=C(\C#N)C(N)=O)cc(CSCc2ccccc2Cl)c1O,6.6,0.0,1
CHEMBL1824,COc1cc(/C=C(\C#N)C(N)=O)cc(CSc2ccc(C)cc2)c1O,5.78,0.0,1
CHEMBL1824,COc1cc(/C=C(\C#N)C(N)=O)cc(CSc2cccc3ccccc23)c1O,5.34,0.0,1
CHEMBL1824,COc1cc(/C=C(\C#N)C(N)=O)cc(CSc2ccccc2)c1O,6.89,0.0,1
CHEMBL1824,COc1cc(/C=C(\C#N)C(N)=O)cc(CSc2ccccc2C(=O)O)c1O,6.35,0.0,1
CHEMBL1824,COc1cc(/C=C(\C#N)C(N)=O)cc(CSc2ccccc2NC(C)=O)c1O,5.48,0.0,1
CHEMBL1824,COc1cc(/C=C(\C#N)C(N)=O)cc(CSc2ccccn2)c1O,6.15,0.0,1
CHEMBL1824,COc1cc(/C=C(\C#N)C(N)=O)cc(CSc2nc3cc(Cl)ccc3s2)c1O,4.82,0.0,1
CHEMBL1824,COc1cc(/C=C(\C#N)C(N)=O)cc(CSc2nc3ccccc3[nH]2)c1O,5.21,0.0,1
CHEMBL1824,COc1cc(/C=C(\C#N)C(N)=O)cc(CSc2nc3ccccc3o2)c1O,5.82,0.0,1
CHEMBL1824,COc1cc(/C=C(\C#N)C(N)=O)cc(CSc2nc3ccccc3s2)c1O,6.46,0.0,1
CHEMBL1824,COc1cc(/C=C(\C#N)C(N)=O)cc(SCCC(=O)O)c1O,4.04,0.0,1
CHEMBL1824,COc1cc(/C=C(\C#N)C(N)=O)cc(SCCCC(=O)O)c1O,4.8,0.0,1
CHEMBL1824,COc1cc(C2=C(c3c[nH]c4ccc(Br)cc34)C(=O)NC2=O)cc(OC)c1OC,4.88,0.0,1
CHEMBL1824,COc1cc(C2=C(c3c[nH]c4ccc(I)cc34)C(=O)NC2=O)cc(OC)c1OC,4.82,0.0,1
CHEMBL1824,COc1cc(C2=C(c3c[nH]c4ccccc34)C(=O)NC2=O)cc(OC)c1OC,4.586666666666667,0.29005746557076173,3
CHEMBL1824,COc1cc(C2=C(c3cn(COC(C)(C)C)c4ccccc34)CNC2=O)cc(OC)c1OC,4.6,0.0,1
CHEMBL1824,COc1cc(C2=C(c3cn(COCc4ccccc4)c4ccccc34)CNC2=O)cc(OC)c1OC,4.44,0.0,1
CHEMBL1824,COc1cc(C2=C(c3cn(COc4ccccc4)c4ccccc34)CNC2=O)cc(OC)c1OC,4.43,0.0,1
CHEMBL1824,COc1cc(C=C(C#N)C#N)cc(CS(=O)(=O)c2ccc(C)cc2)c1O,4.76,0.0,1
CHEMBL1824,COc1cc(C=C(C#N)C#N)cc(CSc2ccccc2)c1O,5.6,0.0,1
CHEMBL1824,COc1cc(C=C(C#N)C#N)cc(CSc2ccccc2C(=O)O)c1O,5.0,0.0,1
CHEMBL1824,COc1cc(C=C(C#N)C#N)cc(SCC(=O)O)c1O,5.34,0.0,1
CHEMBL1824,COc1cc(N2CCC(N3CCN(C)CC3)CC2)ccc1Nc1ncc(Cl)c(Nc2ccccc2P(C)(C)=O)n1,7.38,0.0,1
CHEMBL1824,COc1cc(N2CCC(N3CCN(CC4CCN(c5ccc6c(c5)CN(C5CCC(=O)NC5=O)C6=O)CC4)CC3)CC2)ccc1Nc1ncc(Cl)c(Nc2ccccc2P(C)(C)=O)n1,7.38,0.0,1
CHEMBL1824,COc1cc(N2CCC(N3CCN(S(C)(=O)=O)CC3)CC2)ccc1Nc1nccc(-c2c(-c3cccc(C(=O)Nc4c(F)cccc4F)c3)nc3ccccn23)n1,7.14,0.0,1
CHEMBL1824,COc1cc(NC(=O)/C=C/CN(C)C)cc2c(Nc3cccc(Br)c3)c(C#N)cnc12,5.03,0.0,1
CHEMBL1824,COc1cc(NC(=O)/C=C/CN2CCOCC2)cc2c(Nc3cccc(Br)c3)c(C#N)cnc12,4.63,0.0,1
CHEMBL1824,COc1cc(Nc2c(C#N)cnc3cc4cc(OCCN5CCOCC5)c(OC)cc4cc23)c(Cl)cc1Cl,5.6,0.0,1
CHEMBL1824,COc1cc(Nc2ncnc3[nH]ccc23)ccc1-c1nc2ccccc2s1,5.8,0.0,1
CHEMBL1824,COc1cc(Nc2ncnc3[nH]nc(OCCN4CCC(O)CC4)c23)ccc1OCc1cccc(F)c1,8.52,0.0,1
CHEMBL1824,COc1cc(Nc2ncnc3[nH]nc(OCCN4CCC(O)CC4)c23)ccc1OCc1ccccn1,7.77,0.0,1
CHEMBL1824,COc1cc(Nc2ncnc3ccc(-c4ccc(CN5C[C@@H]6[C@@H](CO)[C@@H]6C5)cc4)cc23)ccc1Oc1ccccc1,7.96,0.0,1
CHEMBL1824,COc1cc(Nc2ncnc3ccc(-c4ccc(CN5C[C@@H]6[C@H](CO)[C@@H]6C5)cc4)cc23)ccc1Oc1ccccc1,8.1,0.0,1
CHEMBL1824,COc1cc(Nc2ncnc3ccc(-c4ccc(CNCCS(C)(=O)=O)o4)cc23)ccc1OCc1cccc(F)c1,7.05,0.0,1
CHEMBL1824,COc1cc(ON2CCC(C)CC2)c2c(Nc3ccc(OCc4ccccn4)c(Cl)c3)ncnc2c1,8.3,0.0,1
CHEMBL1824,COc1cc(O[C@H]2CCN(C)CC2(F)F)c2c(Nc3ccc(Oc4ccn5ncnc5c4)c(C)c3)ncnc2c1,8.36,0.0,1
CHEMBL1824,COc1cc(Sc2nc3c(N)ncnc3n2CCOC(C)C)c(Cl)cc1Cl,4.23,0.0,1
CHEMBL1824,COc1cc2c(Nc3cc(Cl)c(Br)cc3F)ncnc2cc1OCC1CO[C@@H]2[C@@H](OC)CO[C@H]12,6.28,0.0,1
CHEMBL1824,COc1cc2c(Nc3cc(Cl)c(Br)cc3F)ncnc2cc1OC[C@@H]1CN2CCOCC2CO1,6.28,0.0,1
CHEMBL1824,COc1cc2c(Nc3cc(Cl)c(Br)cc3F)ncnc2cc1OC[C@H]1CN2CCC[C@@H]2CO1,6.28,0.0,1
CHEMBL1824,COc1cc2c(Nc3cc(Cl)c(Br)cc3F)ncnc2cc1OC[C@H]1CN2CCOCC2CO1,6.28,0.0,1
CHEMBL1824,COc1cc2c(Nc3cc(Cl)c(Br)cc3F)ncnc2cc1O[C@H]1CO[C@H]2[C@@H]1OC[C@@H]2OC,6.28,0.0,1
CHEMBL1824,COc1cc2c(Nc3cc(Cl)c(Cl)cc3F)ncnc2cc1OC[C@@H]1CN2CCC[C@H]2CO1,4.98,0.0,1
CHEMBL1824,COc1cc2c(Nc3cc(Cl)c(Cl)cc3F)ncnc2cc1OC[C@@H]1CN2CCOCC2CO1,6.28,0.0,1
CHEMBL1824,COc1cc2c(Nc3cc(Cl)c(Cl)cc3F)ncnc2cc1OC[C@H]1CN2CCOCC2CO1,6.28,0.0,1
CHEMBL1824,COc1cc2c(Nc3ccc(-c4nc5ccc(Cl)cc5s4)cc3)ncnc2cc1OCCCN1CCN(C)CC1,5.64,0.0,1
CHEMBL1824,COc1cc2c(Nc3ccc(-c4nc5ccc(F)cc5s4)cc3)ncnc2cc1OCCCN1CCN(C)CC1,5.16,0.0,1
CHEMBL1824,COc1cc2c(Nc3ccc(-c4nc5ccccc5s4)c(C)c3)ncnc2cc1OCCCN1CCN(C)CC1,7.5,0.0,1
CHEMBL1824,COc1cc2c(Nc3ccc(-c4nc5ccccc5s4)c(Cl)c3)ncnc2cc1OCCCN1CCN(C)CC1,7.42,0.0,1
CHEMBL1824,COc1cc2c(Nc3ccc(-c4nc5ccccc5s4)c(F)c3)ncnc2cc1OCCCN1CCN(C)CC1,6.52,0.0,1
CHEMBL1824,COc1cc2c(Nc3ccc(-c4nc5ccccc5s4)c(O)c3)ncnc2cc1OCCCN1CCN(C)CC1,6.11,0.0,1
CHEMBL1824,COc1cc2c(Nc3ccc(-c4nc5ccccc5s4)c(OC)c3)ncnc2cc1OCCCN1CCN(C)CC1,8.3,0.0,1
CHEMBL1824,COc1cc2c(Nc3ccc(-c4nc5ccccc5s4)cc3)ncnc2cc1OCCCN1CCN(C)CC1,7.0,0.0,1
CHEMBL1824,COc1cc2c(Nc3ccc(-c4nc5ccccc5s4)cc3C)ncnc2cc1OCCCN1CCN(C)CC1,6.31,0.0,1
CHEMBL1824,COc1cc2c(Nc3ccc(-c4nc5ccccc5s4)cc3F)ncnc2cc1OCCCN1CCN(C)CC1,5.62,0.0,1
CHEMBL1824,COc1cc2c(Nc3ccc(-c4nc5ccccc5s4)cc3O)ncnc2cc1OCCCN1CCN(C)CC1,5.44,0.0,1
CHEMBL1824,COc1cc2c(Nc3ccc(Br)c(Cl)c3)ncnc2cc1O[C@H]1CO[C@H]2[C@@H]1OCC21OCCO1,6.28,0.0,1
CHEMBL1824,COc1cc2c(Nc3ccc(Br)c(Cl)c3)ncnc2cc1O[C@H]1CO[C@H]2[C@@H]1OC[C@H]2OC,6.28,0.0,1
CHEMBL1824,COc1cc2c(Nc3ccc(Br)c(Cl)c3Cl)ncnc2cc1OC[C@@H]1CN2CCC[C@H]2CO1,4.98,0.0,1
CHEMBL1824,COc1cc2c(Nc3ccc(Br)c(Cl)c3Cl)ncnc2cc1OC[C@@H]1CN2CCOCC2CO1,6.28,0.0,1
CHEMBL1824,COc1cc2c(Nc3ccc(Br)c(Cl)c3Cl)ncnc2cc1OC[C@@H]1CO[C@H]2[C@@H]1OC[C@@H]2OC,6.28,0.0,1
CHEMBL1824,COc1cc2c(Nc3ccc(Br)c(Cl)c3Cl)ncnc2cc1OC[C@H]1CN2CCOCC2CO1,6.28,0.0,1
CHEMBL1824,COc1cc2c(Nc3ccc(Br)c(Cl)c3Cl)ncnc2cc1OC[C@H]1C[C@@H]2CN(C)C[C@@H]2C1,6.28,0.0,1
CHEMBL1824,COc1cc2c(Nc3ccc(Br)c(Cl)c3Cl)ncnc2cc1O[C@H]1CO[C@H]2[C@@H]1OC[C@@H]2OC,4.98,0.0,1
CHEMBL1824,COc1cc2c(Nc3ccc(Br)c(Cl)c3F)ncnc2cc1OCC1CO[C@@H]2[C@@H](OC)CO[C@H]12,4.98,0.0,1
CHEMBL1824,COc1cc2c(Nc3ccc(Br)c(Cl)c3F)ncnc2cc1OC[C@@H]1CN2CCC[C@H]2C(=O)N1,6.28,0.0,1
CHEMBL1824,COc1cc2c(Nc3ccc(Br)c(Cl)c3F)ncnc2cc1OC[C@@H]1C[C@@H]2CN(C(C)=O)C[C@@H]2C1,6.28,0.0,1
CHEMBL1824,COc1cc2c(Nc3ccc(Br)c(Cl)c3F)ncnc2cc1OC[C@@H]1C[C@@H]2CN(CC(C)C)C[C@@H]2C1,4.98,0.0,1
CHEMBL1824,COc1cc2c(Nc3ccc(Br)c(Cl)c3F)ncnc2cc1OC[C@@H]1C[C@@H]2CN(S(C)(=O)=O)C[C@@H]2C1,6.28,0.0,1
CHEMBL1824,COc1cc2c(Nc3ccc(Br)c(Cl)c3F)ncnc2cc1OC[C@H]1CN2CCOCC2CO1,6.28,0.0,1
CHEMBL1824,COc1cc2c(Nc3ccc(Br)c(Cl)c3F)ncnc2cc1OC[C@H]1C[C@@H]2CN(C)C[C@@H]2C1,6.28,0.0,1
CHEMBL1824,COc1cc2c(Nc3ccc(Br)c(Cl)c3F)ncnc2cc1O[C@H]1CO[C@H]2[C@@H]1OC[C@@H]2OC,6.28,0.0,1
CHEMBL1824,COc1cc2c(Nc3ccc(C(F)(F)F)cc3Br)ncnc2cc1O[C@@H]1CO[C@@H]2[C@H]1OC[C@H]2F,6.28,0.0,1
CHEMBL1824,COc1cc2c(Nc3ccc(Cl)c(Cl)c3)ncnc2cc1OC1CC2CCC(C1)N2C,6.28,0.0,1
CHEMBL1824,COc1cc2c(Nc3ccc(Cl)c(Cl)c3)ncnc2cc1OC1C[C@@H]2CN(C)C[C@@H]2C1,4.98,0.0,1
CHEMBL1824,COc1cc2c(Nc3ccc(Cl)c(Cl)c3)ncnc2cc1OCC1CC2CCC(C1)N2C,4.98,0.0,1
CHEMBL1824,COc1cc2c(Nc3ccc(Cl)c(Cl)c3)ncnc2cc1OCC1CN(C(=O)OC(C)(C)C)CCO1,6.28,0.0,1
CHEMBL1824,COc1cc2c(Nc3ccc(Cl)c(Cl)c3)ncnc2cc1OCC1CN(C(C)C)CCCO1,6.28,0.0,1
CHEMBL1824,COc1cc2c(Nc3ccc(Cl)c(Cl)c3)ncnc2cc1OCC1CN(C(C)C)CCO1,6.28,0.0,1
CHEMBL1824,COc1cc2c(Nc3ccc(Cl)c(Cl)c3)ncnc2cc1OCC1CN(C)CCN1C,6.28,0.0,1
CHEMBL1824,COc1cc2c(Nc3ccc(Cl)c(Cl)c3)ncnc2cc1OCC1CN(C2CCCC2)CCO1,4.98,0.0,1
CHEMBL1824,COc1cc2c(Nc3ccc(Cl)c(Cl)c3)ncnc2cc1OCC1CN(CC2CC2)CCCO1,4.98,0.0,1
CHEMBL1824,COc1cc2c(Nc3ccc(Cl)c(Cl)c3)ncnc2cc1OCC1CN(CCCCCC#N)CCO1,6.28,0.0,1
CHEMBL1824,COc1cc2c(Nc3ccc(Cl)c(Cl)c3)ncnc2cc1OCC1CN(CCCc2ccccc2)CCO1,6.28,0.0,1
CHEMBL1824,COc1cc2c(Nc3ccc(Cl)c(Cl)c3)ncnc2cc1OCC1CN(CCOCCO)CCO1,4.98,0.0,1
CHEMBL1824,COc1cc2c(Nc3ccc(Cl)c(Cl)c3)ncnc2cc1OCC1CN2CCOCC2CO1,4.98,0.0,1
CHEMBL1824,COc1cc2c(Nc3ccc(Cl)c(Cl)c3)ncnc2cc1OCC1CN2CSC[C@H]2CO1,6.28,0.0,1
CHEMBL1824,COc1cc2c(Nc3ccc(Cl)c(Cl)c3)ncnc2cc1OCCC1CC2CCC(C1)N2C,6.28,0.0,1
CHEMBL1824,COc1cc2c(Nc3ccc(Cl)c(Cl)c3)ncnc2cc1OCCNC1CC2CCC(C1)N2C,6.28,0.0,1
CHEMBL1824,COc1cc2c(Nc3ccc(Cl)c(Cl)c3)ncnc2cc1OC[C@@H]1CN2CCC[C@@H]2CO1,6.28,0.0,1
CHEMBL1824,COc1cc2c(Nc3ccc(Cl)c(Cl)c3)ncnc2cc1OC[C@@H]1CO[C@H]2[C@@H]1OC[C@@H]2OC,4.98,0.0,1
CHEMBL1824,COc1cc2c(Nc3ccc(Cl)c(Cl)c3)ncnc2cc1OC[C@H]1CN2CCC[C@H]2CO1,6.28,0.0,1
CHEMBL1824,COc1cc2c(Nc3ccc(Cl)c(Cl)c3)ncnc2cc1OCc1c(-c2c(Cl)cccc2Cl)noc1C,6.28,0.0,1
CHEMBL1824,COc1cc2c(Nc3ccc(Cl)c(Cl)c3)ncnc2cc1OCc1c(F)cccc1F,4.98,0.0,1
CHEMBL1824,COc1cc2c(Nc3ccc(Cl)c(Cl)c3)ncnc2cc1OCc1cc(Br)cc(Br)c1,6.28,0.0,1
CHEMBL1824,COc1cc2c(Nc3ccc(Cl)c(Cl)c3)ncnc2cc1OCc1cc(F)cc2c1OCCO2,6.28,0.0,1
CHEMBL1824,COc1cc2c(Nc3ccc(Cl)c(Cl)c3)ncnc2cc1OCc1ccncc1,6.28,0.0,1
CHEMBL1824,COc1cc2c(Nc3ccc(Cl)c(Cl)c3)ncnc2cc1OCc1csc(-c2ccc(C(F)(F)F)cc2)n1,6.28,0.0,1
CHEMBL1824,COc1cc2c(Nc3ccc(Cl)c(Cl)c3)ncnc2cc1OCc1csc(-c2ccc(Cl)cc2)n1,6.28,0.0,1
CHEMBL1824,COc1cc2c(Nc3ccc(Cl)c(Cl)c3)ncnc2cc1OCc1csc(C2CCCCN2)n1,4.98,0.0,1
CHEMBL1824,COc1cc2c(Nc3ccc(Cl)c(Cl)c3)ncnc2cc1OCc1csc(C2CCCCN2C)n1,4.98,0.0,1
CHEMBL1824,COc1cc2c(Nc3ccc(Cl)c(Cl)c3)ncnc2cc1OCc1csc(C2CCCNC2)n1,4.98,0.0,1
CHEMBL1824,COc1cc2c(Nc3ccc(Cl)c(Cl)c3)ncnc2cc1OCc1csc(CO)n1,6.28,0.0,1
CHEMBL1824,COc1cc2c(Nc3ccc(Cl)c(Cl)c3)ncnc2cc1OCc1csc(N(C)C)n1,6.28,0.0,1
CHEMBL1824,COc1cc2c(Nc3ccc(Cl)c(Cl)c3)ncnc2cc1OCc1csc(N2CCNCC2)n1,4.98,0.0,1
CHEMBL1824,COc1cc2c(Nc3ccc(Cl)c(Cl)c3)ncnc2cc1OCc1csc([C@@H]2CCCN2C)n1,4.98,0.0,1
CHEMBL1824,COc1cc2c(Nc3ccc(Cl)c(Cl)c3)ncnc2cc1OCc1csc([C@@H]2CSCN2)n1,6.28,0.0,1
CHEMBL1824,COc1cc2c(Nc3ccc(Cl)c(Cl)c3)ncnc2cc1OCc1csc2ccc(Cl)cc12,4.98,0.0,1
CHEMBL1824,COc1cc2c(Nc3ccc(Cl)c(Cl)c3)ncnc2cc1OCc1nc(-c2ccncc2)cs1,6.28,0.0,1
CHEMBL1824,COc1cc2c(Nc3ccc(Cl)c(Cl)c3)ncnc2cc1OCc1nc([C@@H]2CCCN2C)no1,4.98,0.0,1
CHEMBL1824,COc1cc2c(Nc3ccc(Cl)c(Cl)c3)ncnc2cc1OCc1nc2c(s1)CNC(C)C2,6.28,0.0,1
CHEMBL1824,COc1cc2c(Nc3ccc(Cl)c(Cl)c3)ncnc2cc1OCc1nccn1Cc1ccccc1,6.28,0.0,1
CHEMBL1824,COc1cc2c(Nc3ccc(Cl)c(Cl)c3)ncnc2cc1OCc1nnc(-c2ccc(C)cc2)o1,6.28,0.0,1
CHEMBL1824,COc1cc2c(Nc3ccc(Cl)c(Cl)c3)ncnc2cc1OCc1noc(-c2c(C)noc2C)n1,6.28,0.0,1
CHEMBL1824,COc1cc2c(Nc3ccc(Cl)c(Cl)c3)ncnc2cc1OCc1noc(-c2ccccc2)n1,6.28,0.0,1
CHEMBL1824,COc1cc2c(Nc3ccc(Cl)c(Cl)c3)ncnc2cc1OCc1noc(-c2ccccc2OC)n1,6.28,0.0,1
CHEMBL1824,COc1cc2c(Nc3ccc(Cl)c(Cl)c3)ncnc2cc1OCc1noc(C2CCCN2)n1,4.98,0.0,1
CHEMBL1824,COc1cc2c(Nc3ccc(Cl)c(Cl)c3)ncnc2cc1OCc1nsc(-c2cccs2)n1,6.28,0.0,1
CHEMBL1824,COc1cc2c(Nc3ccc(Cl)c(Cl)c3)ncnc2cc1O[C@H]1CO[C@H]2[C@@H]1OC[C@@H]2OC,5.630000000000001,0.9192388155425113,2
CHEMBL1824,COc1cc2c(Nc3ccc(Cl)c(Cl)c3Cl)ncnc2cc1O[C@H]1CO[C@H]2[C@@H]1OC[C@@H]2OC,6.28,0.0,1
CHEMBL1824,COc1cc2c(Nc3ccc(Cl)c(Cl)c3F)ncnc2cc1OCC1CO[C@@H]2[C@@H](OC)CO[C@H]12,4.98,0.0,1
CHEMBL1824,COc1cc2c(Nc3ccc(Cl)c(Cl)c3F)ncnc2cc1OC[C@@H]1CN2CCCC[C@H]2C(=O)N1,6.28,0.0,1
CHEMBL1824,COc1cc2c(Nc3ccc(Cl)c(Cl)c3F)ncnc2cc1OC[C@@H]1CN2CCC[C@@H]2C(=O)N1,6.28,0.0,1
CHEMBL1824,COc1cc2c(Nc3ccc(Cl)c(Cl)c3F)ncnc2cc1OC[C@@H]1CN2CCC[C@H]2C(=O)N1,4.98,0.0,1
CHEMBL1824,COc1cc2c(Nc3ccc(Cl)c(Cl)c3F)ncnc2cc1OC[C@@H]1CN2CCC[C@H]2CO1,4.98,0.0,1
CHEMBL1824,COc1cc2c(Nc3ccc(Cl)c(Cl)c3F)ncnc2cc1OC[C@@H]1CN2CCOCC2CO1,6.28,0.0,1
CHEMBL1824,COc1cc2c(Nc3ccc(Cl)c(Cl)c3F)ncnc2cc1OC[C@@H]1C[C@@H]2CN(CC(C)C)C[C@@H]2C1,4.98,0.0,1
CHEMBL1824,COc1cc2c(Nc3ccc(Cl)c(Cl)c3F)ncnc2cc1OC[C@H]1CN2CCC[C@@H]2C(=O)N1C,4.98,0.0,1
CHEMBL1824,COc1cc2c(Nc3ccc(Cl)c(Cl)c3F)ncnc2cc1OC[C@H]1CN2CCOCC2CO1,6.28,0.0,1
CHEMBL1824,COc1cc2c(Nc3ccc(Cl)c(Cl)c3F)ncnc2cc1OC[C@H]1C[C@@H]2CN(C)C[C@@H]2C1,6.28,0.0,1
CHEMBL1824,COc1cc2c(Nc3ccc(Cl)c(Cl)c3F)ncnc2cc1O[C@@H]1CO[C@@H]2[C@H]1OC[C@H]2F,6.28,0.0,1
CHEMBL1824,COc1cc2c(Nc3ccc(Cl)c(Cl)c3F)ncnc2cc1O[C@H]1CO[C@H]2[C@@H]1OC[C@@H]2OC,6.28,0.0,1
CHEMBL1824,COc1cc2c(Nc3ccc(Cl)cc3Cl)ncnc2cc1O[C@@H]1CO[C@@H]2[C@H]1OC[C@H]2F,6.28,0.0,1
CHEMBL1824,COc1cc2c(Nc3ccc(F)c(Cl)c3)ncnc2cc1OCCCCCCC(=O)NO,7.15,0.0,1
CHEMBL1824,COc1cc2c(Nc3ccc(F)c(Cl)c3F)ncnc2cc1OC[C@@H]1CN2CCC[C@H]2CO1,6.28,0.0,1
CHEMBL1824,COc1cc2c(Nc3ccc(F)c(Cl)c3F)ncnc2cc1OC[C@@H]1CN2CCOCC2CO1,6.28,0.0,1
CHEMBL1824,COc1cc2c(Nc3ccc(F)c(Cl)c3F)ncnc2cc1OC[C@H]1CN2CCOCC2CO1,6.28,0.0,1
CHEMBL1824,COc1cc2c(Nc3ccc(F)c(Cl)c3F)ncnc2cc1OC[C@H]1C[C@@H]2CN(C)C[C@@H]2C1,6.28,0.0,1
CHEMBL1824,COc1cc2c(Nc3ccc(F)c(Cl)c3F)ncnc2cc1O[C@H]1CO[C@H]2[C@@H]1OC[C@@H]2OC,4.98,0.0,1
CHEMBL1824,COc1cc2c(Nc3ccc(F)c(F)c3)ncnc2cc1O[C@@H]1CO[C@@H]2[C@H]1OC[C@H]2F,6.28,0.0,1
CHEMBL1824,COc1cc2c(Nc3ccc(Oc4ccn5ncnc5c4)c(C)c3)ncnc2cc1OCCCN1CCN(CCCCCCCNc2ccc3c(c2)C(=O)N(C2CCC(=O)NC2=O)C3=O)CC1,10.4,0.0,1
CHEMBL1824,COc1cc2ncc(C#N)c(Nc3ccc(F)c(Cl)c3)c2cc1NC(=O)/C=C/C(C)N(C)C,4.93,0.0,1
CHEMBL1824,COc1cc2ncc(C#N)c(Nc3ccc(F)c(Cl)c3)c2cc1NC(=O)/C=C/C(C)N1CCOCC1,4.47,0.0,1
CHEMBL1824,COc1cc2ncc(C#N)c(Nc3ccc(F)c(Cl)c3)c2cc1NC(=O)/C=C/CN(C)C,5.35,0.0,1
CHEMBL1824,COc1cc2ncc(C#N)c(Nc3ccc(F)c(Cl)c3)c2cc1NC(=O)/C=C/CN1CCOCC1,4.5,0.0,1
CHEMBL1824,COc1cc2ncc(C#N)c(Nc3ccc(Sc4ncc(-c5ccccc5)s4)c(Cl)c3)c2cc1NC(=O)/C=C/CN(C)C,6.0,0.0,1
CHEMBL1824,COc1cc2ncc(C#N)c(Nc3cccc(Br)c3)c2cc1NC(=O)/C=C/CN(C)C,5.25,0.0,1
CHEMBL1824,COc1cc2ncc(C#N)c(Nc3cccc(Br)c3)c2cc1NC(=O)/C=C/CN1CCOCC1,4.47,0.0,1
CHEMBL1824,COc1cc2ncc(C#N)c(Nc3cccc(Br)c3)c2cc1NC(=O)C#CCN(C)C,6.75,0.0,1
CHEMBL1824,COc1cc2nccc(Nc3ccc(N4C(=O)c5ccc(Cl)cc5C4=O)c(C)c3)c2cc1OC,5.77,0.0,1
CHEMBL1824,COc1cc2ncnc(NCc3ccc(Cl)c(F)c3)c2cc1OCCCCCCC(=O)NO,6.32,0.0,1
CHEMBL1824,COc1cc2ncnc(NCc3ccc(F)cc3)c2cc1OCCCCCCC(=O)NO,6.53,0.0,1
CHEMBL1824,COc1cc2ncnc(NCc3ccccc3)c2cc1OCCCCCCC(=O)NO,6.65,0.0,1
CHEMBL1824,COc1cc2ncnc(N[C@@H](C)c3ccc(Cl)cc3)c2cc1OCCCCCCC(=O)NO,6.25,0.0,1
CHEMBL1824,COc1cc2ncnc(N[C@@H](C)c3ccc(F)cc3)c2cc1OCCCCCCC(=O)NO,6.76,0.0,1
CHEMBL1824,COc1cc2ncnc(N[C@H](C)c3ccccc3)c2cc1OCCCCCCC(=O)NO,7.56,0.0,1
CHEMBL1824,COc1cc2ncnc(Nc3ccc(-c4cc(-c5ccc(Br)cc5)c(C#N)c(=N)[nH]4)cc3)c2cc1OC,5.99,0.0,1
CHEMBL1824,COc1cc2ncnc(Nc3ccc(-c4nc5ccccc5s4)c(Cl)c3)c2cc1OCCCN1CCN(C)CC1,6.75,0.0,1
CHEMBL1824,COc1cc2ncnc(Nc3ccc(-c4nc5ccccc5s4)c(OC)c3)c2cc1OCCCN1CCN(C)CC1,7.33,0.0,1
CHEMBL1824,COc1cc2ncnc(Nc3ccc(-c4nc5ccccc5s4)cc3)c2cc1OCCCN1CCN(C)CC1,5.66,0.0,1
CHEMBL1824,COc1cc2ncnc(Nc3ccc(-c4nc5ccccc5s4)cc3C)c2cc1OCCCN1CCN(C)CC1,5.23,0.0,1
CHEMBL1824,COc1cc2ncnc(Nc3ccc(-c4nc5ccccc5s4)cc3O)c2cc1OCCCN1CCN(C)CC1,5.64,0.0,1
CHEMBL1824,COc1cc2ncnc(Nc3ccc(Cl)c(Cl)c3F)c2cc1NC(=O)/C=C/CN1C[C@@H]2OCCO[C@@H]2C1,8.04,0.0,1
CHEMBL1824,COc1cc2ncnc(Nc3ccc(F)c(Cl)c3)c2cc1NC(=O)/C(F)=C/CN(C)C,7.12,0.0,1
CHEMBL1824,COc1cc2ncnc(Nc3ccc(F)c(Cl)c3)c2cc1NC(=O)/C(F)=C/CN1CCCCC1,6.49,0.0,1
CHEMBL1824,COc1cc2ncnc(Nc3ccc(F)c(Cl)c3)c2cc1NC(=O)/C(F)=C/CN1CCOCC1,5.81,0.0,1
CHEMBL1824,COc1cc2ncnc(Nc3ccc(F)c(Cl)c3)c2cc1NC(=O)/C=C/CN1CCC(F)CC1,6.61,0.0,1
CHEMBL1824,COc1cc2ncnc(Nc3ccc(F)c(Cl)c3)c2cc1NC(=O)/C=C/CN1CCCC(F)C1,6.67,0.0,1
CHEMBL1824,COc1cc2ncnc(Nc3ccc(F)c(Cl)c3)c2cc1NC(=O)/C=C/CN1CCCCC1,7.489999999999999,0.2511971337416093,3
CHEMBL1824,COc1cc2ncnc(Nc3ccc(F)c(Cl)c3)c2cc1NC(=O)/C=C/CN1CCCCCC1,7.07,0.0,1
CHEMBL1824,COc1cc2ncnc(Nc3ccc(F)c(Cl)c3)c2cc1NC(=O)/C=C/CN1C[C@@H]2OCCO[C@@H]2C1,7.824999999999999,0.03535533905932694,2
CHEMBL1824,COc1cc2ncnc(Nc3ccc(F)c(Cl)c3)c2cc1NC(=O)/C=C/CN1C[C@@H]2OCCO[C@H]2C1,7.51,0.0,1
CHEMBL1824,COc1cc2ncnc(Nc3ccc(F)c(Cl)c3)c2cc1NC(=O)CCCCCCC(=O)NO,7.7,0.0,1
CHEMBL1824,COc1cc2ncnc(Nc3ccc(F)c(Cl)c3)c2cc1OC,7.62,0.0,1
CHEMBL1824,COc1cc2ncnc(Nc3ccc(F)c(Cl)c3)c2cc1OCCC(=O)NO,7.97,0.0,1
CHEMBL1824,COc1cc2ncnc(Nc3ccc(F)c(Cl)c3)c2cc1OCCCC(=O)NO,7.91,0.0,1
CHEMBL1824,COc1cc2ncnc(Nc3ccc(F)c(Cl)c3)c2cc1OCCCCC(=O)NO,7.82,0.0,1
CHEMBL1824,COc1cc2ncnc(Nc3ccc(F)c(Cl)c3)c2cc1OCCCCCC(=O)NO,7.7,0.0,1
CHEMBL1824,COc1cc2ncnc(Nc3ccc(F)c(Cl)c3)c2cc1OCCCCCCC(=O)NO,7.72,0.0,1
CHEMBL1824,COc1cc2ncnc(Nc3ccc(F)c(Cl)c3)c2cc1OCCCN1CCOCC1,5.9957142857142856,0.5904477719735856,7
CHEMBL1824,COc1cc2ncnc(Nc3ccc(F)c(Cl)c3)c2cc1SCCCCCCC(=O)NO,7.62,0.0,1
CHEMBL1824,COc1cc2ncnc(Nc3ccc(F)c(Cl)c3F)c2cc1NC(=O)/C=C/CN1C[C@@H]2OCCO[C@@H]2C1,7.75,0.0,1
CHEMBL1824,COc1cc2ncnc(Nc3ccc(OCc4cccc(F)c4)c(Cl)c3)c2cc1NC(=O)/C=C/CN1C[C@@H]2OCCO[C@@H]2C1,8.43,0.0,1
CHEMBL1824,COc1cc2ncnc(Nc3ccc(OCc4cccc(F)c4)c(Cl)c3)c2cc1OCCCCCCC(=O)NO,8.0,0.0,1
CHEMBL1824,COc1cc2ncnc(Nc3ccc(OCc4cccc(F)c4)c(Cl)c3)c2cc1OCCCN1CCNCCNCCNCC1,8.68,0.0,1
CHEMBL1824,COc1cc2ncnc(Nc3ccc(OCc4ccccn4)c(C)c3)c2cc1OC,7.25,0.0,1
CHEMBL1824,COc1cc2ncnc(Nc3ccc(OCc4ccccn4)c(Cl)c3)c2cc1NC(=O)/C=C/CN1C[C@@H]2OCCO[C@@H]2C1,8.74,0.0,1
CHEMBL1824,COc1cc2ncnc(Nc3ccc(OCc4ccccn4)c(Cl)c3)c2cc1OCCCCn1ccnc1[N+](=O)[O-],7.06,0.0,1
CHEMBL1824,COc1cc2ncnc(Nc3ccc(Oc4cccc5ccc(C)nc45)c(C)c3)c2cc1OC,7.85,0.0,1
CHEMBL1824,COc1cc2ncnc(Nc3ccc4c(cnn4Cc4cccc(F)c4)c3)c2cc1NC(=O)/C=C/CN1C[C@@H]2OCCO[C@@H]2C1,8.66,0.0,1
CHEMBL1824,COc1ccc(-c2c(CN3CCOCC3)nc3scc(C(=O)NN)n23)cc1,7.11,0.0,1
CHEMBL1824,COc1ccc(-c2c(NC(=O)/C=C/CN(C)C)ccc3ncnc(Nc4ccc(OCc5cccc(F)c5)c(Cl)c4)c23)cc1OC,7.34,0.0,1
CHEMBL1824,COc1ccc(-c2c(NC(=O)/C=C/CN(C)C)ccc3ncnc(Nc4ccc(OCc5ccccn5)c(Cl)c4)c23)cc1OC,7.96,0.0,1
CHEMBL1824,COc1ccc(-c2c(NC(=O)/C=C/[C@H]3CCCN3C)ccc3ncnc(Nc4ccc(OCc5cccc(F)c5)c(Cl)c4)c23)cc1OC,7.59,0.0,1
CHEMBL1824,COc1ccc(-c2c(NC(=O)/C=C/[C@H]3CCCN3C)ccc3ncnc(Nc4ccc(OCc5ccccn5)c(Cl)c4)c23)cc1OC,8.04,0.0,1
CHEMBL1824,COc1ccc(-c2ccc3c(ccn3Cc3coc(/C=C/c4ccc(C(F)(F)F)cc4)n3)c2)cc1,5.96,0.0,1
CHEMBL1824,COc1ccc(/C=C/C(=O)Nc2cccc(Oc3cc(Nc4ccc(OCc5cccc(F)c5)c(Cl)c4)ncn3)c2)cc1OC,5.91,0.0,1
CHEMBL1824,COc1ccc(/C=C2/N=C(c3ccc(Cl)cc3)N(C(=O)Cc3nc4c(c(C)nn4-c4ccccc4)c(=O)[nH]3)NC2=O)cc1,6.06,0.0,1
CHEMBL1824,COc1ccc(/C=C2\C(=O)Nc3ccc(Cl)cc32)cc1C(C)(C)C,4.79,0.0,1
CHEMBL1824,COc1ccc(/C=C2\C(=O)Nc3ccccc32)cc1C(C)(C)C,4.88,0.0,1
CHEMBL1824,COc1ccc(/N=C/c2c(N)ncnc2Nc2ccc3c(cnn3Cc3cccc(F)c3)c2)cc1,6.93,0.0,1
CHEMBL1824,COc1ccc(C#CC(C)(C)N)cc1-c1[nH]nc2nc(Nc3ccc(F)cc3F)ncc12,5.3,0.0,1
CHEMBL1824,COc1ccc(C2=NN(C(C)=O)C(c3ccc(C(=O)OC(C)Cn4c([N+](=O)[O-])cnc4C)cc3)C2)cc1,4.92,0.0,1
CHEMBL1824,COc1ccc(C2=NN(C(C)=O)C(c3ccc(C(=O)OCCn4c([N+](=O)[O-])cnc4C)cc3)C2)cc1,4.76,0.0,1
CHEMBL1824,COc1ccc(C2=NN(C(N)=S)C(c3ccc4ccccc4c3)C2)cc1,5.48,0.0,1
CHEMBL1824,COc1ccc(C2=NN(C(N)=S)C(c3cccc4ccccc34)C2)cc1,5.38,0.0,1
CHEMBL1824,COc1ccc(C2=NN(c3ccccc3)C(c3ccc4ccccc4c3)C2)cc1,5.84,0.0,1
CHEMBL1824,COc1ccc(C2=NN(c3ccccc3)C(c3cccc4ccccc34)C2)cc1,5.52,0.0,1
CHEMBL1824,COc1ccc(C2CC(c3ccc(C)c(C)c3)=NN2C(N)=S)cc1,5.56,0.0,1
CHEMBL1824,COc1ccc(CC(=O)NS(=O)(=O)c2ccc(Br)cc2)cc1,4.6,0.0,1
CHEMBL1824,COc1ccc(CC(=O)NS(=O)(=O)c2ccc(Cl)cc2)cc1,4.42,0.0,1
CHEMBL1824,COc1ccc(CC(=O)NS(=O)(=O)c2ccc(F)cc2)cc1,4.63,0.0,1
CHEMBL1824,COc1ccc(CC(=O)NS(=O)(=O)c2ccccc2)cc1,4.54,0.0,1
CHEMBL1824,COc1ccc(I)c(Sc2nc3c(N)ncnc3n2CCC=C(C)C)c1,6.43,0.0,1
CHEMBL1824,COc1ccc(I)c(Sc2nc3c(N)ncnc3n2CCCNC(C)(C)C)c1,6.85,0.0,1
CHEMBL1824,COc1ccc(I)c(Sc2nc3c(N)ncnc3n2CCCNC(C)C)c1,6.75,0.0,1
CHEMBL1824,COc1ccc(I)c(Sc2nc3c(N)ncnc3n2CCNCC(C)(C)C)c1,7.05,0.0,1
CHEMBL1824,COc1ccc(I)c(Sc2nc3c(N)ncnc3n2CCNCC(C)C)c1,7.0,0.0,1
CHEMBL1824,COc1ccc(NCc2coc(/C=C/c3ccc(C(F)(F)F)cc3)n2)cc1,5.74,0.0,1
CHEMBL1824,COc1ccc(Nc2ncnc3cccc(OC4CCN(C)CC4)c23)cc1Cl,5.96,0.0,1
CHEMBL1824,COc1ccc(Nc2ncnn3ccc(CN4CCC(N)CC4)c23)cc1Cl,7.16,0.0,1
CHEMBL1824,COc1ccc2c(Nc3ccc(Oc4cccc5ccc(C)nc45)c(C)c3)ncnc2c1,6.62,0.0,1
CHEMBL1824,COc1ccc2nc(-c3ccc(Nc4ncnc5cc(OCCCN6CCN(C)CC6)c(OC)cc45)cc3)sc2c1,6.89,0.0,1
CHEMBL1824,COc1ccc2ncnc(Nc3ccc(OCc4ccccc4)cc3)c2c1,6.51,0.0,1
CHEMBL1824,COc1ccc2ncnc(Nc3ccc(Oc4cc5ncnn5cn4)c(C)c3)c2c1O[C@@H]1CCN(C)CC1(F)F,8.02,0.0,1
CHEMBL1824,COc1cccc(-c2c(NC(=O)/C=C/CN(C)C)ccc3ncnc(Nc4ccc(OCc5cccc(F)c5)c(Cl)c4)c23)c1,8.81,0.0,1
CHEMBL1824,COc1cccc(-c2c(NC(=O)/C=C/CN(C)C)ccc3ncnc(Nc4ccc(OCc5ccccn5)c(Cl)c4)c23)c1,8.48,0.0,1
CHEMBL1824,COc1cccc(-c2c(NC(=O)/C=C/[C@H]3CCCN3C)ccc3ncnc(Nc4ccc(OCc5cccc(F)c5)c(Cl)c4)c23)c1,7.83,0.0,1
CHEMBL1824,COc1cccc(-c2c(NC(=O)/C=C/[C@H]3CCCN3C)ccc3ncnc(Nc4ccc(OCc5ccccn5)c(Cl)c4)c23)c1,8.31,0.0,1
CHEMBL1824,COc1cccc(-c2ccc3c(ccn3Cc3coc(/C=C/c4ccc(C(F)(F)F)cc4)n3)c2)c1,5.49,0.0,1
CHEMBL1824,COc1cccc2ncnc(Nc3ccc(OCc4ccccn4)c(Cl)c3)c12,7.62,0.0,1
CHEMBL1824,COc1ccccc1-c1ccc2c(ccn2Cc2coc(/C=C/c3ccc(C(F)(F)F)cc3)n2)c1,5.66,0.0,1
CHEMBL1824,COc1ccccc1CO/N=C/c1c(N)ncnc1Nc1ccc2c(cnn2Cc2cccc(F)c2)c1,6.36,0.0,1
CHEMBL1824,COc1ccccc1Cc1nc2ccc(-c3nn([C@H]4CC[C@H](C5CCN(C)CC5)CC4)c4ncnc(N)c34)cc2[nH]1,7.27,0.0,1
CHEMBL1824,COc1ccccc1Cc1nc2ccc(-c3nn([C@H]4CC[C@H](N5CCN(C(=O)N(C)C)CC5)CC4)c4ncnc(N)c34)cc2[nH]1,7.77,0.0,1
CHEMBL1824,COc1ccccc1Cc1nc2ccc(-c3nn([C@H]4CC[C@H](N5CCN(C(C)=O)CC5)CC4)c4ncnc(N)c34)cc2[nH]1,7.23,0.0,1
CHEMBL1824,COc1ccccc1Cc1nc2ccc(-c3nn([C@H]4CC[C@H](N5CCN(CC6CC6)CC5)CC4)c4ncnc(N)c34)cc2[nH]1,7.89,0.0,1
CHEMBL1824,COc1ccccc1Cc1nc2ccc(-c3nn([C@H]4CC[C@H](N5CCNCC5)CC4)c4ncnc(N)c34)cc2[nH]1,7.36,0.0,1
CHEMBL1824,COc1ccccc1Cc1nc2ccc(-c3nn([C@H]4CC[C@H](N5CCOCC5)CC4)c4ncnc(N)c34)cc2[nH]1,7.28,0.0,1
CHEMBL1824,COc1ccccc1NCc1coc(/C=C/c2ccc(C(F)(F)F)cc2)n1,5.51,0.0,1
CHEMBL1824,COc1cncc(/C=C/c2c[nH]nc2-c2nc3ccc(OC)cc3[nH]2)c1,4.92,0.0,1
CHEMBL1824,CS(=O)(=O)CC(N)c1ccc(-c2ccc3ncnc(Nc4ccc(OCc5cccc(F)c5)c(Cl)c4)c3c2)o1,8.47,0.0,1
CHEMBL1824,CS(=O)(=O)CC(NC1CCCCC1)c1ccc(-c2ccc3ncnc(Nc4ccc(OCc5cccc(F)c5)c(Cl)c4)c3c2)o1,7.23,0.0,1
CHEMBL1824,CS(=O)(=O)CCC(=O)Nc1cccc(C#Cc2cncnc2Nc2ccc(OCc3cccc(F)c3)c(Cl)c2)c1,7.5,0.0,1
CHEMBL1824,CS(=O)(=O)CCN(CC#N)Cc1ccc(-c2ccc3ncnc(Nc4ccc(OCc5cccc(F)c5)c(Cl)c4)c3c2)o1,7.66,0.0,1
CHEMBL1824,CS(=O)(=O)CCN(CCCCOc1ccc2ncnc(Nc3ccc(OCc4ccccc4)cc3)c2c1)C(=O)C(F)(F)F,6.01,0.0,1
CHEMBL1824,CS(=O)(=O)CCN(Cc1ccccc1)Cc1ccc(-c2ccc3ncnc(Nc4ccc(OCc5cccc(F)c5)c(Cl)c4)c3c2)o1,6.85,0.0,1
CHEMBL1824,CS(=O)(=O)CCNC(=O)NCc1cccc(C#Cc2cncnc2Nc2ccc(OCc3cccc(F)c3)c(Cl)c2)n1,8.05,0.0,1
CHEMBL1824,CS(=O)(=O)CCNC(=O)O[C@H]1CN[C@H](C#Cc2cc3ncnc(Nc4ccc(OCc5cccc(F)c5)c(Cl)c4)c3s2)C1,7.5,0.0,1
CHEMBL1824,CS(=O)(=O)CCNC(CS(C)(=O)=O)c1ccc(-c2ccc3ncnc(Nc4ccc(OCc5cccc(F)c5)c(Cl)c4)c3c2)o1,7.28,0.0,1
CHEMBL1824,CS(=O)(=O)CCNCCCCOc1ccc2ncnc(Nc3ccc(F)c(Cl)c3)c2c1,6.68,0.0,1
CHEMBL1824,CS(=O)(=O)CCNCCCCOc1ccc2ncnc(Nc3ccc(OCc4cccc(F)c4)c(Cl)c3)c2c1,8.0,0.0,1
CHEMBL1824,CS(=O)(=O)CCNCCCCOc1ccc2ncnc(Nc3ccc(OCc4ccccc4)cc3)c2c1,7.02,0.0,1
CHEMBL1824,CS(=O)(=O)CCNCCCCOc1ccc2ncnc(Nc3ccc(S(=O)(=O)c4ccccc4)cc3)c2c1,6.83,0.0,1
CHEMBL1824,CS(=O)(=O)CCNCCCCOc1ccc2ncnc(Nc3ccc4c(cnn4Cc4cccc(F)c4)c3)c2c1,7.72,0.0,1
CHEMBL1824,CS(=O)(=O)CCNCCCOc1ccc2ncnc(Nc3ccc(OCc4ccccc4)cc3)c2c1,6.63,0.0,1
CHEMBL1824,CS(=O)(=O)CCNCc1cc(-c2cc3c(Nc4ccc(OCc5cccc(F)c5)c(Cl)c4)ncnc3s2)cs1,6.52,0.0,1
CHEMBL1824,CS(=O)(=O)CCNCc1cc(-c2cc3ncnc(Nc4ccc(OCc5cccc(F)c5)c(Cl)c4)c3s2)co1,7.07,0.0,1
CHEMBL1824,CS(=O)(=O)CCNCc1cc(-c2cc3ncnc(Nc4ccc(OCc5cccc(F)c5)c(Cl)c4)c3s2)cs1,7.51,0.0,1
CHEMBL1824,CS(=O)(=O)CCNCc1ccc(-c2cc3c(Nc4ccc(OCc5cccc(F)c5)c(Cl)c4)ncnc3s2)[nH]1,6.82,0.0,1
CHEMBL1824,CS(=O)(=O)CCNCc1ccc(-c2cc3c(Nc4ccc(OCc5cccc(F)c5)c(Cl)c4)ncnc3s2)o1,8.22,0.0,1
CHEMBL1824,CS(=O)(=O)CCNCc1ccc(-c2cc3c(Nc4ccc(OCc5cccc(F)c5)c(Cl)c4)ncnc3s2)s1,7.02,0.0,1
CHEMBL1824,CS(=O)(=O)CCNCc1ccc(-c2cc3ncnc(Nc4ccc(OCc5cccc(F)c5)c(Cl)c4)c3s2)[nH]1,6.95,0.0,1
CHEMBL1824,CS(=O)(=O)CCNCc1ccc(-c2cc3ncnc(Nc4ccc(OCc5cccc(F)c5)c(Cl)c4)c3s2)o1,7.15,0.0,1
CHEMBL1824,CS(=O)(=O)CCNCc1ccc(-c2ccc3ncnc(Nc4ccc(OCc5cccc(Br)c5)cc4)c3c2)o1,7.0,0.0,1
CHEMBL1824,CS(=O)(=O)CCNCc1ccc(-c2ccc3ncnc(Nc4ccc(OCc5cccc(C(F)(F)F)c5)cc4)c3c2)o1,6.44,0.0,1
CHEMBL1824,CS(=O)(=O)CCNCc1ccc(-c2ccc3ncnc(Nc4ccc(OCc5cccc(F)c5)c(C(F)(F)F)c4)c3c2)o1,6.66,0.0,1
CHEMBL1824,CS(=O)(=O)CCNCc1ccc(-c2ccc3ncnc(Nc4ccc(OCc5cccc(F)c5)c(Cl)c4)c3c2)o1,7.805714285714285,0.534074633628779,21
CHEMBL1824,CS(=O)(=O)CCNCc1ccc(-c2ccc3ncnc(Nc4ccc(OCc5cccc(F)c5)cc4)c3c2)o1,7.51,0.0,1
CHEMBL1824,CS(=O)(=O)CCNCc1ccc(-c2ccc3ncnc(Nc4ccc(OCc5ccccc5)c(Br)c4)c3c2)o1,7.6,0.0,1
CHEMBL1824,CS(=O)(=O)CCNCc1ccc(-c2ccc3ncnc(Nc4ccc(OCc5ccccc5)c(C(F)(F)F)c4)c3c2)o1,6.7,0.0,1
CHEMBL1824,CS(=O)(=O)CCNCc1ccc(-c2ccc3ncnc(Nc4ccc(OCc5ccccc5)c(Cl)c4)c3c2)o1,7.66,0.0,1
CHEMBL1824,CS(=O)(=O)CCNCc1ccc(-c2ccc3ncnc(Nc4ccc(OCc5ccccc5)cc4)c3c2)o1,7.58,0.0,1
CHEMBL1824,CS(=O)(=O)CCNCc1ccc(-c2ccc3ncnc(Nc4ccc5c(cnn5Cc5ccccc5)c4)c3c2)o1,9.0,0.0,1
CHEMBL1824,CS(=O)(=O)CCNCc1nc(-c2ccc3ncnc(Nc4ccc(OCc5cccc(F)c5)c(Cl)c4)c3c2)cs1,8.0,0.0,1
CHEMBL1824,CS(=O)(=O)CCNc1nc(-c2ccc3ncnc(Nc4ccc(F)c(Cl)c4)c3c2)cs1,6.7,0.0,1
CHEMBL1824,CS(=O)(=O)CCNc1nc(-c2ccc3ncnc(Nc4ccc(OCc5cccc(C(F)(F)F)c5)cc4)c3c2)cs1,6.26,0.0,1
CHEMBL1824,CS(=O)(=O)CCNc1nc(-c2ccc3ncnc(Nc4ccc(OCc5cccc(F)c5)c(Cl)c4)c3c2)cs1,7.85,0.0,1
CHEMBL1824,CS(=O)(=O)CCNc1nc(-c2ccc3ncnc(Nc4ccc(OCc5ccccc5)c(Cl)c4)c3c2)cs1,7.85,0.0,1
CHEMBL1824,CS(=O)(=O)CCNc1nc(-c2ccc3ncnc(Nc4ccc(OCc5ccccc5)cc4)c3c2)cs1,7.32,0.0,1
CHEMBL1824,CS(=O)(=O)CCNc1nc(-c2ccc3ncnc(Nc4ccc5c(cnn5Cc5ccccc5)c4)c3c2)cs1,7.55,0.0,1
CHEMBL1824,CS(=O)(=O)CCOCc1ccc(-c2ccc3ncnc(Nc4ccc(OCc5cccc(F)c5)c(Cl)c4)c3c2)o1,7.77,0.0,1
CHEMBL1824,CS(=O)(=O)C[C@@H](N)c1ccc(-c2ccc3ncnc(Nc4ccc(OCc5cccc(F)c5)c(Cl)c4)c3c2)o1,8.54,0.0,1
CHEMBL1824,CS(=O)(=O)C[C@H](N)c1ccc(-c2ccc3ncnc(Nc4ccc(OCc5cccc(F)c5)c(Cl)c4)c3c2)o1,7.97,0.0,1
CHEMBL1824,CS(=O)(=O)N1CCCN(Cc2ccn3ncnc(Nc4ccc5c(cnn5Cc5cccc(F)c5)c4)c23)CC1,6.92,0.0,1
CHEMBL1824,CS(=O)(=O)N1CCC[C@@H]1C#Cc1cc2ncnc(Nc3ccc(OCc4cccc(F)c4)c(Cl)c3)c2s1,7.06,0.0,1
CHEMBL1824,CS(=O)(=O)N1CCN(Cc2ccc(-c3ccc4ncnc(Nc5ccc(OCc6cccc(F)c6)c(Cl)c5)c4c3)o2)CC1,7.7,0.0,1
CHEMBL1824,CS(=O)(=O)NCCNCc1ccc(-c2ccc3ncnc(Nc4ccc(OCc5cccc(F)c5)c(Cl)c4)c3c2)o1,7.8,0.0,1
CHEMBL1824,CS(=O)(=O)Nc1cccc(C#Cc2cncnc2Nc2ccc(OCc3cccc(F)c3)c(Cl)c2)c1,7.35,0.0,1
CHEMBL1824,CS(=O)(=O)O[C@H]1CN[C@H](C#Cc2cc3ncnc(Nc4ccc(OCc5cccc(F)c5)c(Cl)c4)c3s2)C1,7.4,0.0,1
CHEMBL1824,CSCCNCc1ccc(-c2ccc3ncnc(Nc4ccc(OCc5cccc(F)c5)c(Cl)c4)c3c2)o1,7.74,0.0,1
CHEMBL1824,CSc1ccc(/C=C2\C(=O)Nc3cccc(C)c32)s1,4.04,0.0,1
CHEMBL1824,C[C@@H](CN(C)C(=O)CO)Oc1cccc2ncnc(Nc3ccc(OCc4ccccn4)c(Cl)c3)c12,7.66,0.0,1
CHEMBL1824,C[C@@H](COc1cccc2ncnc(Nc3ccc(OCc4ccccn4)c(Cl)c3)c12)N(C)C(=O)CO,7.72,0.0,1
CHEMBL1824,C[C@@H](Oc1cccc2ncnc(Nc3ccc4c(cnn4Cc4ccccn4)c3)c12)C(=O)N(C)C,8.1,0.0,1
CHEMBL1824,C[C@@H]1COC(Nc2ccc3ncnc(Nc4ccc(OCc5nccs5)c(Cl)c4)c3c2)=N1,8.7,0.0,1
CHEMBL1824,C[C@H](CN(C)C)Oc1cccc2ncnc(Nc3ccc(OCc4cnccn4)c(Cl)c3)c12,9.0,0.0,1
CHEMBL1824,C[S+]([O-])CCNCc1ccc(-c2ccc3ncnc(Nc4ccc(OCc5cccc(F)c5)c(Cl)c4)c3c2)o1,8.07,0.0,1
CHEMBL1824,Cc1c(C(=O)NCCN2CCOCC2)[nH]c2cnnc(Nc3ccc(OCc4cccc(F)c4)c(Cl)c3)c12,8.4,0.0,1
CHEMBL1824,Cc1c(NC(=O)/C=C/CN(C)C)ccc2ncnc(Nc3ccc(OCc4ccccn4)c(Cl)c3)c12,7.89,0.0,1
CHEMBL1824,Cc1c(NC(=O)OC[C@@H]2COCCN2)cn2ncnc(Nc3ccc4c(cnn4Cc4cccc(F)c4)c3)c12,7.58,0.0848528137423861,2
CHEMBL1824,Cc1c(Nc2ccc(OCc3cccc(F)c3)c(Cl)c2)ncnc1-c1ccccc1,4.19,0.0,1
CHEMBL1824,Cc1cc(C)c(C(=O)/C(C#N)=C/c2ccc(O)c(O)c2)c(C)c1,4.3,0.0,1
CHEMBL1824,Cc1cc(C)c(NC(=O)/C(C#N)=C/c2ccc(O)c(O)c2)c(C)c1,4.68,0.0,1
CHEMBL1824,Cc1cc(C)c2oc(Nc3ccc(-c4nn([C@H]5CC[C@@H](N6CCN(C)CC6)CC5)c5ncnc(N)c45)cc3F)nc2c1,5.39,0.0,1
CHEMBL1824,Cc1cc(C2CCN(CCCF)CC2)cc2[nH]c(-c3c(NCCn4cc(Cl)cn4)cc[nH]c3=O)nc12,5.22,0.0,1
CHEMBL1824,Cc1cc(C=C(C#N)C#N)cc(O)c1O,4.23,0.0,1
CHEMBL1824,Cc1cc(Cl)c2oc(Nc3ccc(-c4nn([C@H]5CC[C@@H](N6CCN(C)CC6)CC5)c5ncnc(N)c45)cc3)nc2c1,5.28,0.0,1
CHEMBL1824,Cc1cc(N2CCOCC2)cc2[nH]c(-c3c(NC[C@@H](O)c4cccc(Cl)c4)cc[nH]c3=O)nc12,4.77,0.0,1
CHEMBL1824,Cc1cc(Nc2ccc(OCc3cccc(F)c3)c(Cl)c2)ncn1,5.19,0.0,1
CHEMBL1824,Cc1cc(Nc2nc(Nc3ccccc3S(=O)(=O)C(C)C)c3c(C)[nH]nc3n2)c(OC(C)C)cc1C1CCN(C)CC1,5.11,0.0,1
CHEMBL1824,Cc1cc(Nc2nc3cccc(Cl)c3o2)ccc1-c1nn([C@H]2CC[C@H](N3CCN(C)CC3)CC2)c2ncnc(N)c12,6.32,0.0,1
CHEMBL1824,Cc1cc(Nc2ncc(C(=O)Nc3c(C)cccc3Cl)s2)nc(C)n1,5.79,0.7212489168102781,2
CHEMBL1824,Cc1cc(Nc2ncnc3[nH]nc(OCCN4CCC(O)CC4)c23)ccc1OCc1ccccn1,8.3,0.0,1
CHEMBL1824,Cc1cc(Nc2ncnc3ccc(NC(=O)/C=C/[C@H]4CCCN4C)cc23)ccc1Oc1cc2ncnn2cn1,8.85,0.0,1
CHEMBL1824,Cc1cc(Nc2ncnc3ccc(NC4=NC(C)(C)CO4)cc23)ccc1Oc1ccn2ncnc2c1,8.036666666666667,0.16441816606851367,3
CHEMBL1824,Cc1cc(Oc2ccc(Nc3ncnc4cc(C#C[C@@H]5C[C@@H](OC(=O)N6CCOCC6)CN5)sc34)cc2Cl)no1,6.43,0.0,1
CHEMBL1824,Cc1cc2nc(CBr)c(-c3ccccc3)nc2cc1C,4.68,0.0,1
CHEMBL1824,Cc1ccc(-c2c(CN3CCCCC3)nc3scc(C(=O)O)n23)cc1,6.84,0.0,1
CHEMBL1824,Cc1ccc(-c2c(CN3CCOCC3)nc3scc(C(=O)NN)n23)cc1,6.45,0.0,1
CHEMBL1824,Cc1ccc(-c2ccc3c(ccn3Cc3coc(/C=C/c4ccc(C(F)(F)F)cc4)n3)c2)cc1,4.46,0.0,1
CHEMBL1824,Cc1ccc(C(=O)/C(C#N)=C/c2ccc(O)c(O)c2)cc1,5.0,0.0,1
CHEMBL1824,Cc1ccc(C2=N/C(=C/c3ccc(Cl)cc3)C(=O)NN2C(=O)Cc2nc3c(c(C)nn3-c3ccccc3)c(=O)[nH]2)cc1,6.2,0.0,1
CHEMBL1824,Cc1ccc(C2=N/C(=C\c3ccc(Cl)cc3)C(=O)NN2C(=O)c2nc3c(c(C)nn3-c3ccccc3)c(=O)[nH]2)cc1,4.95,0.0,1
CHEMBL1824,Cc1ccc(C2=NN(C(N)=S)C(c3ccc4ccccc4c3)C2)cc1,5.98,0.0,1
CHEMBL1824,Cc1ccc(C2=NN(C(N)=S)C(c3cccc4ccccc34)C2)cc1,5.17,0.0,1
CHEMBL1824,Cc1ccc(C2=NN(c3ccccc3)C(c3ccc4ccccc4c3)C2)cc1,5.95,0.0,1
CHEMBL1824,Cc1ccc(C2=NN(c3ccccc3)C(c3cccc4ccccc34)C2)cc1,5.72,0.0,1
CHEMBL1824,Cc1ccc(NC(=O)CSc2nc3cc4ccccc4cc3c(=O)n2-c2ccc(S(N)(=O)=O)cc2)cc1,7.68,0.0,1
CHEMBL1824,Cc1ccc(NC(=O)CSc2nc3cc4ccccc4cc3c(=O)n2-c2ccc(S(N)(=O)=O)cc2)cc1C,5.27,0.0,1
CHEMBL1824,Cc1ccc(NC(=O)c2ccc(C)c(C(F)(F)F)c2)cc1C#Cc1nn([C@H]2CC[C@H](O)CC2)c2ncnc(N)c12,6.78,0.0,1
CHEMBL1824,Cc1ccc(NC(=O)c2ccc(CN3CCN(C)CC3)cc2)cc1Nc1nccc(-c2cccnc2)n1,10.22,0.0,1
CHEMBL1824,Cc1ccc(NCc2coc(/C=C/c3ccc(C(F)(F)F)cc3)n2)cc1,5.74,0.0,1
CHEMBL1824,Cc1ccc(Nc2ncnn3ccc(CN4CCC(N)CC4)c23)cc1,8.22,0.0,1
CHEMBL1824,Cc1ccc(Oc2ccc(Nc3ncnc4[nH]nc(OCCN5CCC(O)CC5)c34)cc2C)cn1,7.96,0.0,1
CHEMBL1824,Cc1ccc(Oc2ccc(Nc3ncnc4[nH]nc(OCCN5CCC(O)CC5)c34)cc2F)cn1,8.3,0.0,1
CHEMBL1824,Cc1ccc(Oc2ccc(Nc3ncnc4cccc(O[C@H](C)C(=O)N(C)CCO)c34)cc2C)cn1,8.7,0.0,1
CHEMBL1824,Cc1ccc(S(=O)(=O)NC(=O)Cc2ccc(Br)cc2)cc1,4.69,0.0,1
CHEMBL1824,Cc1ccc(S(=O)(=O)NC(=O)Cc2ccc(Cl)cc2)cc1,4.81,0.0,1
CHEMBL1824,Cc1ccc(S(=O)(=O)NC(=O)Cc2ccc(F)cc2)cc1,4.98,0.0,1
CHEMBL1824,Cc1ccc(S(=O)(=O)NC(=O)Cc2cccc(Br)c2)cc1,4.55,0.0,1
CHEMBL1824,Cc1ccc(S(=O)(=O)NC(=O)Cn2c([N+](=O)[O-])cnc2C)cc1,5.32,0.0,1
CHEMBL1824,Cc1ccc2c(C)nc(Nc3nc(O)cc(CSc4nnnn4-c4ccccc4)n3)nc2c1,5.22,0.0,1
CHEMBL1824,Cc1ccc2cccc(Oc3ccc(Nc4ncnc5ccc(NC(=O)C6CCCC6)cc45)cc3C)c2n1,6.5,0.0,1
CHEMBL1824,Cc1ccc2cccc(Oc3ccc(Nc4ncnc5ccc(NC6CCCC6)cc45)cc3C)c2n1,8.1,0.0,1
CHEMBL1824,Cc1ccc2nc(NC(=O)CSc3nc(O)c(C#N)c(-c4coc5ccccc5c4=O)n3)sc2c1,7.05,0.0,1
CHEMBL1824,Cc1cccc(-c2c(NC(=O)/C=C/CN(C)C)ccc3ncnc(Nc4ccc(OCc5cccc(F)c5)c(Cl)c4)c23)c1,7.83,0.0,1
CHEMBL1824,Cc1cccc(-c2c(NC(=O)/C=C/CN(C)C)ccc3ncnc(Nc4ccc(OCc5ccccn5)c(Cl)c4)c23)c1,8.79,0.0,1
CHEMBL1824,Cc1cccc(-c2c(NC(=O)/C=C/[C@H]3CCCN3C)ccc3ncnc(Nc4ccc(OCc5cccc(F)c5)c(Cl)c4)c23)c1,7.7,0.0,1
CHEMBL1824,Cc1cccc(-c2c(NC(=O)/C=C/[C@H]3CCCN3C)ccc3ncnc(Nc4ccc(OCc5ccccn5)c(Cl)c4)c23)c1,8.32,0.0,1
CHEMBL1824,Cc1cccc(-c2ccc3c(ccn3Cc3coc(/C=C/c4ccc(C(F)(F)F)cc4)n3)c2)c1,6.09,0.0,1
CHEMBL1824,Cc1cccc(C)c1NC(=O)/C(C#N)=C/c1ccc(O)c(O)c1,4.47,0.0,1
CHEMBL1824,Cc1cccc(NCc2coc(/C=C/c3ccc(C(F)(F)F)cc3)n2)c1,6.07,0.0,1
CHEMBL1824,Cc1cccc(Nc2ncnn3ccc(CN4CCC(N)CC4)c23)c1,8.3,0.0,1
CHEMBL1824,Cc1cccc(Oc2ccc(Nc3ncnc4ccc(NC(=O)CN5CCN(C)CC5)cc34)cc2Cl)c1,8.27,0.0,1
CHEMBL1824,Cc1cccc2[nH]c(-c3n[nH]c4ncc(-c5cncc6ccccc56)cc34)nc12,6.0,0.0,1
CHEMBL1824,Cc1cccc2c1/C(=C/c1ccc(N3CCOCC3)cc1)C(=O)N2,4.18,0.0,1
CHEMBL1824,Cc1ccccc1-c1ccc2c(ccn2Cc2coc(/C=C/c3ccc(C(F)(F)F)cc3)n2)c1,4.88,0.0,1
CHEMBL1824,Cc1ccccc1NC(=O)CSc1nc2cc3ccccc3cc2c(=O)n1-c1ccc(S(N)(=O)=O)cc1,7.68,0.0,1
CHEMBL1824,Cc1ccccc1NCc1coc(/C=C/c2ccc(C(F)(F)F)cc2)n1,6.36,0.0,1
CHEMBL1824,Cc1ccccc1Nc1ncnn2ccc(CN3CCC(N)CC3)c12,7.7,0.0,1
CHEMBL1824,Cc1ccn2ncnc(Nc3ccc4c(cnn4Cc4cccc(F)c4)c3)c12,7.06,0.0,1
CHEMBL1824,Cc1n[nH]c2ccc(-c3cc(N[C@@H](CO)c4ccccc4)cnc3-c3cc(Cl)ccc3O)cc12,9.0,0.0,1
CHEMBL1824,Cc1n[nH]c2ccc(-c3cc(N[C@@H](CO)c4ccccc4)cnc3-c3ccc(F)cc3O)cc12,9.0,0.0,1
CHEMBL1824,Cc1nc(Nc2ncc(C(=O)Nc3c(C)cccc3Cl)s2)cc(N2CCN(CCO)CC2)n1,6.15,0.0,1
CHEMBL1824,Cc1ncc([N+](=O)[O-])n1CC(=O)NS(=O)(=O)c1ccc(Br)cc1,5.45,0.0,1
CHEMBL1824,Cc1ncc([N+](=O)[O-])n1CC(=O)NS(=O)(=O)c1ccc(Cl)cc1,5.47,0.0,1
CHEMBL1824,Cc1ncc([N+](=O)[O-])n1CC(=O)NS(=O)(=O)c1ccc(F)cc1,5.82,0.0,1
CHEMBL1824,Cc1ncc([N+](=O)[O-])n1CC(=O)NS(=O)(=O)c1ccccc1,5.38,0.0,1
CHEMBL1824,Cc1ncc([N+](=O)[O-])n1CCOC(=O)/C=C/c1ccc(-c2ccccc2)cc1,5.67,0.0,1
CHEMBL1824,Cc1ncnc(Nc2ccc(OCc3cccc(F)c3)c(Cl)c2)c1-c1cccc(CN2CCOCC2)c1,5.43,0.0,1
CHEMBL1824,Cc1ncnc(Nc2ccc(OCc3cccc(F)c3)c(Cl)c2)c1/C=C(\F)C(=O)NCCN1CCCC1,7.72,0.0,1
CHEMBL1824,Cc1ncnc(Nc2ccc(OCc3cccc(F)c3)c(Cl)c2)c1/C=C(\F)C(=O)NCCN1CCOCC1,7.11,0.0,1
CHEMBL1824,Cc1ncnc(Nc2ccc(OCc3cccc(F)c3)c(Cl)c2)c1/C=C(\F)C(=O)NCCS(C)(=O)=O,7.15,0.0,1
CHEMBL1824,Cc1ncnc(Nc2ccc(OCc3cccc(F)c3)c(Cl)c2)c1/C=C/C(=O)NCCN1CCOCC1,6.5,0.0,1
CHEMBL1824,Cc1ncnc(Nc2ccc(OCc3cccc(F)c3)c(Cl)c2)c1/C=C/c1ccc(CN2CCOCC2)cc1,6.72,0.0,1
CHEMBL1824,Cc1ncnc(Nc2ccc(OCc3cccc(F)c3)c(Cl)c2)c1/C=C/c1ccc(CNC(C)C)cc1,7.52,0.0,1
CHEMBL1824,Cc1ncnc(Nc2ccc(OCc3cccc(F)c3)c(Cl)c2)c1/C=C/c1ccc(CNC2CC2)cc1,7.07,0.0,1
CHEMBL1824,Cc1ncnc(Nc2ccc(OCc3cccc(F)c3)c(Cl)c2)c1/C=C/c1ccc(CNCCS(C)(=O)=O)cc1,6.92,0.0,1
CHEMBL1824,Cc1ncnc(Nc2ccc(OCc3cccc(F)c3)c(Cl)c2)c1/C=N/OCCCN1CCOCC1,5.75,0.0,1
CHEMBL1824,Cc1ncnc(Nc2ccc(OCc3cccc(F)c3)c(Cl)c2)c1/C=N/OCCN1CCOCC1,6.13,0.0,1
CHEMBL1824,Cc1ncnc(Nc2ccc(OCc3cccc(F)c3)c(Cl)c2)c1C,6.85,0.0,1
CHEMBL1824,Cc1ncnc(Nc2ccc(OCc3cccc(F)c3)c(Cl)c2)c1C#C/C=N/OCCN1CCOCC1,7.16,0.0,1
CHEMBL1824,Cc1ncnc(Nc2ccc(OCc3cccc(F)c3)c(Cl)c2)c1C#CCCCN1CCCC1,7.02,0.0,1
CHEMBL1824,Cc1ncnc(Nc2ccc(OCc3cccc(F)c3)c(Cl)c2)c1C#CCCCN1CCOCC1,6.82,0.0,1
CHEMBL1824,Cc1ncnc(Nc2ccc(OCc3cccc(F)c3)c(Cl)c2)c1C#CCCN1CCOCC1,7.13,0.0,1
CHEMBL1824,Cc1ncnc(Nc2ccc(OCc3cccc(F)c3)c(Cl)c2)c1C#CCCNCc1ccccc1,6.09,0.0,1
CHEMBL1824,Cc1ncnc(Nc2ccc(OCc3cccc(F)c3)c(Cl)c2)c1C#CCN1CCOCC1,5.27,0.0,1
CHEMBL1824,Cc1ncnc(Nc2ccc(OCc3cccc(F)c3)c(Cl)c2)c1C#CCOc1ccc(CNC(C)C)cc1,6.89,0.0,1
CHEMBL1824,Cc1ncnc(Nc2ccc(OCc3cccc(F)c3)c(Cl)c2)c1C#Cc1ccc(CN(C)C)cc1,7.39,0.0,1
CHEMBL1824,Cc1ncnc(Nc2ccc(OCc3cccc(F)c3)c(Cl)c2)c1C#Cc1ccc(CN2CCCC2)c(F)c1,7.21,0.0,1
CHEMBL1824,Cc1ncnc(Nc2ccc(OCc3cccc(F)c3)c(Cl)c2)c1C#Cc1ccc(CN2CCCC2)cc1,7.39,0.0,1
CHEMBL1824,Cc1ncnc(Nc2ccc(OCc3cccc(F)c3)c(Cl)c2)c1C#Cc1ccc(CN2CCCC2)o1,6.85,0.0,1
CHEMBL1824,Cc1ncnc(Nc2ccc(OCc3cccc(F)c3)c(Cl)c2)c1C#Cc1ccc(CN2CCCC2)s1,6.75,0.0,1
CHEMBL1824,Cc1ncnc(Nc2ccc(OCc3cccc(F)c3)c(Cl)c2)c1C#Cc1ccc(CN2CCOCC2)cc1,6.36,0.0,1
CHEMBL1824,Cc1ncnc(Nc2ccc(OCc3cccc(F)c3)c(Cl)c2)c1C#Cc1ccc(CNC(C)C)cc1,7.75,0.0,1
CHEMBL1824,Cc1ncnc(Nc2ccc(OCc3cccc(F)c3)c(Cl)c2)c1C#Cc1ccc(CNCCS(C)(=O)=O)cc1,6.66,0.0,1
CHEMBL1824,Cc1ncnc(Nc2ccc(OCc3cccc(F)c3)c(Cl)c2)c1C#Cc1cccc(CN(C)C)c1,7.14,0.0,1
CHEMBL1824,Cc1ncnc(Nc2ccc(OCc3cccc(F)c3)c(Cl)c2)c1C#Cc1ccccc1,6.12,0.0,1
CHEMBL1824,Cc1ncnc(Nc2ccc(OCc3cccc(F)c3)c(Cl)c2)c1C#Cc1ncc(CN2CCCC2)s1,6.96,0.0,1
CHEMBL1824,Cc1ncsc1-c1ccc(CNC(=O)[C@@H]2C[C@@H](O)CN2C(=O)[C@@H](NC(=O)COCCN2CCN(Cc3ccc(-c4cc5c(NCc6ccccc6Cl)ncnc5[nH]4)cc3)CC2)C(C)(C)C)cc1,5.82,0.0,1
CHEMBL1824,Cc1ncsc1-c1ccc(CNC(=O)[C@@H]2C[C@@H](O)CN2C(=O)[C@@H](NC(=O)COCCOCCN2CCN(Cc3ccc(-c4cc5c(NCc6ccccc6Cl)ncnc5[nH]4)cc3)CC2)C(C)(C)C)cc1,5.75,0.0,1
CHEMBL1824,Cc1ncsc1-c1ccc(CNC(=O)[C@@H]2C[C@@H](O)CN2C(=O)[C@@H](NC(=O)COCCOCCOCCN2CCN(Cc3ccc(-c4cc5c(NCc6ccccc6Cl)ncnc5[nH]4)cc3)CC2)C(C)(C)C)cc1,5.92,0.0,1
CHEMBL1824,Cc1ncsc1-c1ccc(CNC(=O)[C@@H]2C[C@@H](O)CN2C(=O)[C@@H](NC(=O)COCCOCCOCCOCCN2CCN(Cc3ccc(-c4cc5c(NCc6ccccc6Cl)ncnc5[nH]4)cc3)CC2)C(C)(C)C)cc1,5.64,0.0,1
CHEMBL1824,Cc1ncsc1-c1ccc(CNC(=O)[C@@H]2C[C@@H](O)CN2C(=O)[C@@H](NC(=O)COCCOCCOCCOCCOCCN2CCN(Cc3ccc(-c4cc5c(NCc6ccccc6Cl)ncnc5[nH]4)cc3)CC2)C(C)(C)C)cc1,5.82,0.0,1
CHEMBL1824,Cc1ncsc1-c1ccc(CNC(=O)[C@@H]2C[C@@H](O)CN2C(=O)[C@@H](NC(=O)COCCOCCOCCOc2ccc(-c3cc4c(NCc5ccccc5Cl)ncnc4[nH]3)cc2)C(C)(C)C)cc1,4.96,0.0,1
CHEMBL1824,Cc1ncsc1-c1ccc(CNC(=O)[C@@H]2C[C@@H](O)CN2C(=O)[C@@H](NC(=O)COCCOCCOc2ccc(-c3cc4c(NCc5ccccc5Cl)ncnc4[nH]3)cc2)C(C)(C)C)cc1,4.72,0.0,1
CHEMBL1824,Cc1nn(-c2ccc(F)cc2)c2c(Nc3ccc(F)c(Cl)c3)ncnc12,6.6,0.0,1
CHEMBL1824,Cc1nn(-c2ccc(F)cc2)c2ncnc(Nc3ccc(F)c(Cl)c3)c12,6.59,0.0,1
CHEMBL1824,Cc1nn(-c2ccccc2)c2nc(CC(=O)N3NC(=O)/C(=C\c4ccccc4)N=C3c3ccccc3)[nH]c(=O)c12,6.06,0.0,1
CHEMBL1824,Cc1nnc(-c2cn3ncnc(Nc4cnc5[nH]ccc5c4)c3c2C(C)C)o1,6.3,0.0,1
CHEMBL1824,Clc1cc(Nc2ncnc3[nH]nc(OCCN4CCCC4)c23)ccc1OCc1ccccn1,8.7,0.0,1
CHEMBL1824,Clc1cc(Nc2ncnc3[nH]nc(OCCN4CCNCC4)c23)ccc1OCc1ccccn1,8.52,0.0,1
CHEMBL1824,Clc1cc(Nc2ncnc3cccc(OC4CCOCC4)c23)ccc1OCc1ccccn1,7.62,0.0,1
CHEMBL1824,Clc1cc(Nc2ncnc3nn4ccccc4c23)ccc1OCc1ccccc1,6.7,0.0,1
CHEMBL1824,Clc1ccc(C2=NN(c3ccccc3)C(c3ccc4ccccc4c3)C2)cc1,5.84,0.0,1
CHEMBL1824,Clc1ccc(C2=NN(c3ccccc3)C(c3ccc4ccccc4c3)C2)cc1Cl,5.99,0.0,1
CHEMBL1824,Clc1ccc(C2=NN(c3ccccc3)C(c3cccc4ccccc34)C2)cc1,5.51,0.0,1
CHEMBL1824,Clc1ccc(C2=NN(c3ccccc3)C(c3cccc4ccccc34)C2)cc1Cl,5.7,0.0,1
CHEMBL1824,Cn1ccnc1S(=O)(=O)CCNCc1ccc(-c2ccc3ncnc(Nc4ccc(OCc5cccc(F)c5)c(C(F)(F)F)c4)c3c2)o1,7.58,0.0,1
CHEMBL1824,Cn1nc(C(C)(C)C)cc1NC(=O)Nc1ccc(Cc2ccncc2)cc1,8.38,0.0,1
CHEMBL1824,Cn1ncc2c(Oc3ccc(Nc4ncnc5ccn(CCO)c45)cc3Cl)cccc21,8.68,0.0,1
CHEMBL1824,Cn1ncc2cc(Nc3ncnn4ccc(CN5CCC(N)CC5)c34)ccc21,6.44,0.0,1
CHEMBL1824,FC(F)(F)c1c[nH]c(-c2n[nH]cc2/C=C/c2cncc3ccccc23)n1,4.49,0.0,1
CHEMBL1824,FC(F)(F)c1ccc(/C=C/c2nc(CNc3ccc(Br)cc3)co2)cc1,7.52,0.0,1
CHEMBL1824,FC(F)(F)c1ccc(/C=C/c2nc(CNc3ccc(Cl)cc3)co2)cc1,5.89,0.0,1
CHEMBL1824,FC(F)(F)c1ccc(/C=C/c2nc(CNc3cccc(Br)c3)co2)cc1,6.64,0.0,1
CHEMBL1824,FC(F)(F)c1ccc(/C=C/c2nc(CNc3cccc(Cl)c3)co2)cc1,5.7,0.0,1
CHEMBL1824,FC(F)(F)c1ccc(/C=C/c2nc(CNc3ccccc3)co2)cc1,5.28,0.0,1
CHEMBL1824,FC(F)(F)c1ccc(/C=C/c2nc(CNc3ccccc3Br)co2)cc1,5.97,0.0,1
CHEMBL1824,FC(F)(F)c1ccc(/C=C/c2nc(CNc3ccccc3Cl)co2)cc1,5.55,0.0,1
CHEMBL1824,FC(F)(F)c1ccc(/C=C/c2nc(COc3ccc(CCCCn4ccnn4)cc3)co2)cc1,6.875,0.5868986283848344,2
CHEMBL1824,FC(F)(F)c1ccc(/C=C/c2nc(Cn3ccc4cc(-c5ccc(Br)cc5)ccc43)co2)cc1,5.31,0.0,1
CHEMBL1824,FC(F)(F)c1ccc(/C=C/c2nc(Cn3ccc4cc(-c5ccc(Cl)cc5)ccc43)co2)cc1,5.45,0.0,1
CHEMBL1824,FC(F)(F)c1ccc(/C=C/c2nc(Cn3ccc4cc(-c5cccc(Br)c5)ccc43)co2)cc1,6.6,0.0,1
CHEMBL1824,FC(F)(F)c1ccc(/C=C/c2nc(Cn3ccc4cc(-c5cccc(Cl)c5)ccc43)co2)cc1,5.65,0.0,1
CHEMBL1824,FC(F)(F)c1ccc(/C=C/c2nc(Cn3ccc4cc(-c5ccccc5)ccc43)co2)cc1,5.12,0.0,1
CHEMBL1824,FC(F)(F)c1ccc(/C=C/c2nc(Cn3ccc4cc(-c5ccccc5Br)ccc43)co2)cc1,5.03,0.0,1
CHEMBL1824,FC(F)(F)c1ccc(/C=C/c2nc(Cn3ccc4cc(-c5ccccc5Cl)ccc43)co2)cc1,4.99,0.0,1
CHEMBL1824,Fc1ccc(-c2ccc3c(ccn3Cc3coc(/C=C/c4ccc(C(F)(F)F)cc4)n3)c2)cc1,5.28,0.0,1
CHEMBL1824,Fc1ccc(C2=NN(c3ccccc3)C(c3ccc4ccccc4c3)C2)cc1,5.7,0.0,1
CHEMBL1824,Fc1ccc(C2=NN(c3ccccc3)C(c3cccc4ccccc34)C2)cc1,5.45,0.0,1
CHEMBL1824,Fc1ccc(NCc2coc(/C=C/c3ccc(C(F)(F)F)cc3)n2)cc1,5.66,0.0,1
CHEMBL1824,Fc1cccc(-c2ccc3c(ccn3Cc3coc(/C=C/c4ccc(C(F)(F)F)cc4)n3)c2)c1,5.71,0.0,1
CHEMBL1824,Fc1cccc(COc2ccc(Nc3cc(-c4ccccc4)ncn3)cc2Cl)c1,5.2,0.0,1
CHEMBL1824,Fc1cccc(COc2ccc(Nc3cc(-c4ccsc4)ncn3)cc2Cl)c1,4.44,0.0,1
CHEMBL1824,Fc1cccc(COc2ccc(Nc3ccncn3)cc2Cl)c1,4.64,0.05656854249492385,2
CHEMBL1824,Fc1cccc(COc2ccc(Nc3ncnc4cc(-c5ccc[nH]5)sc34)cc2Cl)c1,6.92,0.0,1
CHEMBL1824,Fc1cccc(COc2ccc(Nc3ncnc4cc(-c5ccco5)sc34)cc2Cl)c1,6.15,0.0,1
CHEMBL1824,Fc1cccc(COc2ccc(Nc3ncnc4cc(-c5cccs5)sc34)cc2Cl)c1,6.95,0.0,1
CHEMBL1824,Fc1cccc(COc2ccc(Nc3ncnc4cc(C#C[C@@H]5CCCN5)sc34)cc2Cl)c1,7.27,0.0,1
CHEMBL1824,Fc1cccc(COc2ccc(Nc3ncnc4cc(C#C[C@H]5CCCN5)sc34)cc2Cl)c1,7.89,0.0,1
CHEMBL1824,Fc1cccc(COc2ccc(Nc3ncnc4ccc(-c5ccc(CN6CCNCC6)o5)cc34)cc2Cl)c1,7.91,0.0,1
CHEMBL1824,Fc1cccc(COc2ccc(Nc3ncnc4ccc(-c5ccc(CN6CCOCC6)o5)cc34)cc2Cl)c1,7.88,0.0,1
CHEMBL1824,Fc1cccc(COc2ccc(Nc3ncnc4sc(-c5ccc(CNCc6ccccc6)o5)cc34)cc2Cl)c1,6.05,0.0,1
CHEMBL1824,Fc1cccc(COc2ccc(Nc3ncnc4sc(-c5ccc[nH]5)cc34)cc2Cl)c1,6.69,0.0,1
CHEMBL1824,Fc1cccc(COc2ccc(Nc3ncnc4sc(-c5ccco5)cc34)cc2Cl)c1,7.85,0.0,1
CHEMBL1824,Fc1cccc(COc2ccc(Nc3ncnc4sc(-c5cccs5)cc34)cc2Cl)c1,7.37,0.0,1
CHEMBL1824,Fc1cccc(COc2ccc(Nc3ncncc3C#Cc3cc[nH]n3)cc2Cl)c1,7.18,0.0,1
CHEMBL1824,Fc1cccc(COc2ccc(Nc3ncncc3C#Cc3ccccc3)cc2Cl)c1,6.11,0.0,1
CHEMBL1824,Fc1cccc(COc2ccc(Nc3ncncc3C#Cc3ccccn3)cc2Cl)c1,7.26,0.0,1
CHEMBL1824,Fc1cccc(COc2ccc(Nc3ncncc3C#Cc3cccnc3)cc2Cl)c1,6.85,0.0,1
CHEMBL1824,Fc1cccc(COc2ccc(Nc3ncncc3C#Cc3ncccn3)cc2Cl)c1,7.22,0.0,1
CHEMBL1824,Fc1cccc(Cn2ncc3cc(Nc4ncnn5ccc(CN6CCCC6)c45)ccc32)c1,6.44,0.0,1
CHEMBL1824,Fc1cccc(Cn2ncc3cc(Nc4ncnn5ccc(CN6CCCNCC6)c45)ccc32)c1,7.57,0.0,1
CHEMBL1824,Fc1cccc(Cn2ncc3cc(Nc4ncnn5ccc(CN6CCNCC6)c45)ccc32)c1,7.09,0.0,1
CHEMBL1824,Fc1cccc(Cn2ncc3cc(Nc4ncnn5ccc(COC[C@@H]6CNCCO6)c45)ccc32)c1,7.26,0.0,1
CHEMBL1824,Fc1cccc(NCc2coc(/C=C/c3ccc(C(F)(F)F)cc3)n2)c1,5.06,0.0,1
CHEMBL1824,Fc1ccccc1-c1ccc2c(ccn2Cc2coc(/C=C/c3ccc(C(F)(F)F)cc3)n2)c1,4.92,0.0,1
CHEMBL1824,Fc1ccccc1NCc1coc(/C=C/c2ccc(C(F)(F)F)cc2)n1,5.24,0.0,1
CHEMBL1824,N#C/C(=C\c1cc(O)c(O)c(CSCc2ccccc2)c1)C(N)=O,5.99,0.0,1
CHEMBL1824,N#C/C(=C\c1ccc(O)c(O)c1)C(=O)N1CCN(c2ccccc2)CC1,4.31,0.0,1
CHEMBL1824,N#C/C(=C\c1ccc(O)c(O)c1)C(=O)N1CCc2ccccc21,5.31,0.0,1
CHEMBL1824,N#C/C(=C\c1ccc(O)c(O)c1)C(=O)NC1CCCCC1,4.77,0.0,1
CHEMBL1824,N#C/C(=C\c1ccc(O)c(O)c1)C(=O)NCCCc1ccccc1,4.46,0.0,1
CHEMBL1824,N#C/C(=C\c1ccc(O)c(O)c1)C(=O)NCCc1ccccc1,4.64,0.0,1
CHEMBL1824,N#C/C(=C\c1ccc(O)c(O)c1)C(=O)NCc1ccc(O)cc1,5.54,0.0,1
CHEMBL1824,N#C/C(=C\c1ccc(O)c(O)c1)C(=O)NCc1ccccc1,4.87,0.0,1
CHEMBL1824,N#C/C(=C\c1ccc(O)c(O)c1)C(=O)Nc1cccc(C(F)(F)F)c1,4.8,0.0,1
CHEMBL1824,N#C/C(=C\c1ccc(O)c(O)c1)C(=O)Nc1ccccc1,4.38,0.0,1
CHEMBL1824,N#C/C(=C\c1ccc(O)c(O)c1)C(=O)Nc1ccccc1Cl,4.24,0.0,1
CHEMBL1824,N#C/C(=C\c1ccc(O)c(O)c1)C(=O)c1ccc(F)cc1,4.88,0.014142135623730649,2
CHEMBL1824,N#C/C(=C\c1ccc(O)c(O)c1)C(=O)c1ccc(O)c(O)c1,4.76,0.014142135623730649,2
CHEMBL1824,N#C/C(=C\c1ccc(O)c(O)c1)C(=O)c1ccc([N+](=O)[O-])cc1,5.52,0.0,1
CHEMBL1824,N#C/C(=C\c1ccc(O)c(O)c1)C(=O)c1ccccc1,4.745,0.007071067811865324,2
CHEMBL1824,N#C/C(=C\c1ccc(O)c(O)c1)C(=O)c1ccccc1Cl,4.92,0.0,1
CHEMBL1824,N#C/C(=C\c1ccc(O)c(O)c1)C(=O)c1cccs1,4.46,0.0,1
CHEMBL1824,N#C/C(=C\c1ccc(O)c(O)c1)C(N)=O,5.19,0.0,1
CHEMBL1824,N#C/C(=C\c1ccc(O)c(O)c1)C(N)=S,5.24,0.0,1
CHEMBL1824,N#C/C(=C\c1cccc(-c2cccc3[nH]ncc23)c1)C(N)=O,5.69,0.0,1
CHEMBL1824,N#CC(C#N)=CNc1ccc2ncnc(Nc3ccc(OCc4cccc(F)c4)c(Cl)c3)c2c1,5.57,0.0,1
CHEMBL1824,N#CC(C#N)=CNc1ccc2ncnc(Nc3ccc(OCc4ccccn4)c(Cl)c3)c2c1,5.1,0.0,1
CHEMBL1824,N#CCC(=O)Nc1cccc(Oc2cc(Nc3ccc(OCc4cccc(F)c4)c(Cl)c3)ncn2)c1,7.42,0.0,1
CHEMBL1824,N#CCNCc1ccc(-c2cc3ncnc(Nc4ccc(OCc5cccc(F)c5)c(Cl)c4)c3s2)o1,7.17,0.0,1
CHEMBL1824,N#Cc1c(N)ncnc1Nc1ccc(OCc2ccccc2)c(Cl)c1,6.33,0.0,1
CHEMBL1824,N#Cc1c(NC(=O)CNc2n[nH]c3ncccc23)sc2c1CCCC2,9.85,0.0,1
CHEMBL1824,N#Cc1ccc2c(c1)S(=O)(=O)N=S2c1ccc(Br)cc1,5.52,0.0,1
CHEMBL1824,N#Cc1cnc2cc(OC[C@@H](O)CO)c(NC(=O)C3CSSC3)cc2c1Nc1ccc(OCc2cccc(F)c2)c(Cl)c1,6.78,0.0,1
CHEMBL1824,N#Cc1cnc2cc(OC[C@@H](O)CO)c(NC(=O)CC3CSSC3)cc2c1Nc1ccc(OCc2cccc(F)c2)c(Cl)c1,6.92,0.0,1
CHEMBL1824,N#Cc1cnc2cc(OC[C@H](O)CO)c(NC(=O)CC3CSSC3)cc2c1Nc1ccc(OCc2cccc(F)c2)c(Cl)c1,6.98,0.0,1
CHEMBL1824,N#Cc1cnc2ccc(NC(=O)/C=C/CN3CCOCC3)cc2c1Nc1ccc(F)c(Cl)c1,5.06,0.0,1
CHEMBL1824,N#Cc1cnc2ccc(NC(=O)C#CCN3CCSCC3)cc2c1Nc1cccc(Br)c1,5.98,0.0,1
CHEMBL1824,N=C(N)SCCCn1c(=O)c2c(c1=O)n1c3ccccc3cc1c1cccc3ccn2c31,5.11,0.0,1
CHEMBL1824,N=C1N=C(NCCS(=O)(=O)O)/C(=C/C(O)CNC(=O)c2cc(Br)c(Br)[nH]2)N1,4.42,0.0,1
CHEMBL1824,N=C1N=C(NCCS(=O)(=O)O)/C(=C/C(O)CNC(=O)c2cc(Br)c[nH]2)N1,4.42,0.0,1
CHEMBL1824,N=C1NC(=O)/C(=C2/CCNC(=O)c3[nH]c(Br)c(Br)c32)N1,4.68,0.0,1
CHEMBL1824,N=C1NC(=O)/C(=C2/CCNC(=O)c3[nH]cc(Br)c32)N1,4.73,0.0,1
CHEMBL1824,NC(=O)C1CCN(Cc2ccn3ncnc(Nc4ccc5c(cnn5Cc5cccc(F)c5)c4)c23)CC1,6.51,0.0,1
CHEMBL1824,NC(=O)Nc1ccc(C(=O)Nc2ccc3ncnc(Nc4ccc(F)c(Cl)c4)c3c2)cc1,6.56,0.0,1
CHEMBL1824,NC(=O)Nc1ccc2ncnc(Nc3ccc(OCc4cccc(F)c4)c(Cl)c3)c2c1,6.54,0.0,1
CHEMBL1824,NC(=O)Nc1ccc2ncnc(Nc3ccc(Oc4ccc(Cl)c(Cl)c4)c(Cl)c3)c2c1,6.15,0.0,1
CHEMBL1824,NC(=O)Nc1ccc2ncnc(Nc3ccc(Oc4cccc(C(F)(F)F)c4)c(Cl)c3)c2c1,7.11,0.0,1
CHEMBL1824,NC(=O)O[C@H]1CN[C@H](C#Cc2cc3ncnc(Nc4ccc(OCc5cccc(F)c5)c(Cl)c4)c3s2)C1,7.8,0.0,1
CHEMBL1824,NC(=S)N1N=C(c2ccc(Br)cc2)CC1c1ccc2ccccc2c1,5.92,0.0,1
CHEMBL1824,NC(=S)N1N=C(c2ccc(Br)cc2)CC1c1cccc2ccccc12,5.04,0.0,1
CHEMBL1824,NC(=S)N1N=C(c2ccc(Cl)c(Cl)c2)CC1c1ccc(O)cc1,5.18,0.0,1
CHEMBL1824,NC(=S)N1N=C(c2ccc(Cl)c(Cl)c2)CC1c1ccc2ccccc2c1,6.06,0.0,1
CHEMBL1824,NC(=S)N1N=C(c2ccc(Cl)c(Cl)c2)CC1c1cccc2ccccc12,5.17,0.0,1
CHEMBL1824,NC(=S)N1N=C(c2ccc(Cl)cc2)CC1c1ccc2ccccc2c1,5.41,0.0,1
CHEMBL1824,NC(=S)N1N=C(c2ccc(Cl)cc2)CC1c1cccc2ccccc12,5.26,0.0,1
CHEMBL1824,NC(=S)N1N=C(c2ccc(F)cc2)CC1c1ccc2ccccc2c1,5.76,0.0,1
CHEMBL1824,NC(=S)N1N=C(c2ccc(F)cc2)CC1c1cccc2ccccc12,4.97,0.0,1
CHEMBL1824,NC(=S)N1N=C(c2ccccc2)CC1c1ccc2ccccc2c1,5.25,0.0,1
CHEMBL1824,NC(=S)N1N=C(c2ccccc2)CC1c1cccc2ccccc12,5.14,0.0,1
CHEMBL1824,NC1CCN(Cc2ccn3ncnc(Nc4cc(Cl)cc(Cl)c4)c23)CC1,7.47,0.0,1
CHEMBL1824,NC1CCN(Cc2ccn3ncnc(Nc4ccc(F)c(Cl)c4)c23)CC1,8.22,0.0,1
CHEMBL1824,NC1CCN(Cc2ccn3ncnc(Nc4ccc5c(cnn5Cc5cccc(F)c5)c4)c23)CC1,7.66,0.0,1
CHEMBL1824,NC1CCN(Cc2ccn3ncnc(Nc4cccc(Br)c4)c23)CC1,8.4,0.0,1
CHEMBL1824,NC1CCN(Cc2ccn3ncnc(Nc4cccc(Cl)c4)c23)CC1,8.4,0.0,1
CHEMBL1824,NC1CCN(Cc2ccn3ncnc(Nc4cccc(F)c4)c23)CC1,8.22,0.0,1
CHEMBL1824,NC1CCN(Cc2ccn3ncnc(Nc4ccccc4)c23)CC1,8.05,0.0,1
CHEMBL1824,NCCCCNC(=O)CC1CN[C@H](C(=O)N2CCC(c3ccccc3)C2)[C@@H](C(=O)NO)C1,6.79,0.0,1
CHEMBL1824,NCc1cccc(C#Cc2cncnc2Nc2ccc(OCc3cccc(F)c3)c(Cl)c2)n1,7.42,0.0,1
CHEMBL1824,NNC(=O)c1c(N)ncnc1Nc1ccc(OCc2ccccc2)c(Cl)c1,6.84,0.0,1
CHEMBL1824,NNC(=O)c1csc2nc(CN3CCOCC3)c(-c3ccc(Br)cc3)n12,6.92,0.0,1
CHEMBL1824,NP(=O)(OCCCCOc1ccc2ncnc(Nc3cccc(Br)c3)c2c1)N(CCCl)CCCl,7.09,0.0,1
CHEMBL1824,NS(=O)(=O)CCNCc1ccc(-c2ccc3ncnc(Nc4ccc(OCc5cccc(F)c5)c(Cl)c4)c3c2)o1,8.41,0.0,1
CHEMBL1824,NS(=O)(=O)c1ccc(CCn2c(SCC(=O)Nc3ccc(Cl)cc3)nc3ccccc3c2=O)cc1,6.77,0.0,1
CHEMBL1824,NS(=O)(=O)c1ccc(Nc2nc(N3CCOCC3)nc3[nH]cnc23)cc1,5.0,0.0,1
CHEMBL1824,Nc1[nH]cnc2nc(Sc3cc(Cl)c(Cl)cc3Cl)nc1-2,4.32,0.0,1
CHEMBL1824,Nc1cc(Nc2cccc(Oc3cc(Nc4ccc(OCc5cccc(F)c5)c(Cl)c4)ncn3)c2)ncn1,7.38,0.0,1
CHEMBL1824,Nc1ccc(C#Cc2cncnc2Nc2ccc(OCc3cccc(F)c3)c(Cl)c2)cc1,7.44,0.0,1
CHEMBL1824,Nc1cccc(C#Cc2cncnc2Nc2ccc(OCc3cccc(F)c3)c(Cl)c2)c1,7.36,0.0,1
CHEMBL1824,Nc1cccc(Oc2cc(Nc3ccc(OCc4cccc(F)c4)c(Cl)c3)ncn2)c1,6.25,0.0,1
CHEMBL1824,Nc1ccccc1C#Cc1cncnc1Nc1ccc(OCc2cccc(F)c2)c(Cl)c1,7.04,0.0,1
CHEMBL1824,Nc1ccccc1NC(=O)/C=C/c1ccc(-c2ccc3ncnc(Nc4ccc(OCc5cccc(F)c5)c(Cl)c4)c3c2)cc1,7.82,0.0,1
CHEMBL1824,Nc1ccccc1NC(=O)/C=C/c1ccc(-c2ccc3ncnc(Nc4ccc(OCc5cccc(F)c5)c(Cl)c4)c3c2)o1,8.06,0.0,1
CHEMBL1824,Nc1ccccc1NC(=O)/C=C/c1cccc(-c2ccc3ncnc(Nc4ccc(OCc5cccc(F)c5)c(Cl)c4)c3c2)c1,7.85,0.0,1
CHEMBL1824,Nc1ccccc1NC(=O)CCc1ccc(-c2ccc3ncnc(Nc4ccc(OCc5cccc(F)c5)c(Cl)c4)c3c2)cc1,8.33,0.0,1
CHEMBL1824,Nc1ccccc1NC(=O)c1ccc(-c2ccc3ncnc(Nc4ccc(OCc5cccc(F)c5)c(Cl)c4)c3c2)o1,8.24,0.0,1
CHEMBL1824,Nc1ccccc1NC(=O)c1ccc(-c2ccc3ncnc(Nc4ccc(OCc5cccc(F)c5)c(Cl)c4)c3c2)s1,8.31,0.0,1
CHEMBL1824,Nc1ccccc1NC(=O)c1ccc(COc2ccc3ncnc(Nc4cccc(Br)c4)c3c2)cc1,7.41,0.0,1
CHEMBL1824,Nc1nc(Nc2ccc(S(N)(=O)=O)cc2)nn1C(=O)c1sccc1-n1cccc1,6.7,0.0,1
CHEMBL1824,Nc1nccc(C#Cc2cncnc2Nc2ccc(OCc3cccc(F)c3)c(Cl)c2)n1,7.92,0.0,1
CHEMBL1824,Nc1ncnc(Nc2ccc(OCc3ccccc3)c(Cl)c2)c1-c1nnc(CCN2CCOCC2)o1,7.1,0.0,1
CHEMBL1824,Nc1ncnc(Nc2ccc(OCc3ccccc3)c(Cl)c2)c1C(=O)NCCN1CCCCC1,5.0,0.0,1
CHEMBL1824,Nc1ncnc(Nc2ccc(OCc3ccccc3)c(Cl)c2)c1C(=O)NCCN1CCOCC1,5.0,0.0,1
CHEMBL1824,Nc1ncnc(Nc2ccc(OCc3ccccc3)c(Cl)c2)c1C(=O)NNC(=O)CCN1CCOCC1,5.24,0.0,1
CHEMBL1824,Nc1ncnc(Nc2ccc(OCc3ccccc3)c(Cl)c2)c1C(=O)Nc1ccccc1,6.11,0.0,1
CHEMBL1824,Nc1ncnc(Nc2ccc(OCc3ccccc3)c(Cl)c2)c1C(=O)O,6.11,0.0,1
CHEMBL1824,Nc1ncnc(Nc2ccc(OCc3ccccc3)c(Cl)c2)c1C(=O)OCCN1CCOCC1,5.82,0.0,1
CHEMBL1824,Nc1ncnc(Nc2ccc3c(cnn3Cc3cccc(F)c3)c2)c1/C=N/N1CCCCC1,7.75,0.0,1
CHEMBL1824,Nc1ncnc(Nc2ccc3c(cnn3Cc3cccc(F)c3)c2)c1/C=N/N1CCN(CCO)CC1,8.1,0.0,1
CHEMBL1824,Nc1ncnc(Nc2ccc3c(cnn3Cc3cccc(F)c3)c2)c1/C=N/N1CCOCC1,8.15,0.0,1
CHEMBL1824,Nc1ncnc(Nc2ccc3c(cnn3Cc3cccc(F)c3)c2)c1/C=N/NCC(F)(F)F,7.7,0.0,1
CHEMBL1824,Nc1ncnc(Nc2ccc3c(cnn3Cc3cccc(F)c3)c2)c1/C=N/O,7.38,0.0,1
CHEMBL1824,Nc1ncnc(Nc2ccc3c(cnn3Cc3cccc(F)c3)c2)c1/C=N/OCc1ccccc1,7.02,0.0,1
CHEMBL1824,Nc1ncnc2c1c(-c1ccc(Nc3nc4cccc(Cl)c4o3)cc1)nn2[C@H]1CC[C@H](N2CCOCC2)CC1,6.48,0.0,1
CHEMBL1824,Nc1ncnc2c1c(-c1ccc3nc(Cc4ccccc4)[nH]c3c1)nn2[C@H]1CC[C@H](N2CCOCC2)CC1,6.73,0.0,1
CHEMBL1824,Nc1ncnc2c1c(-c1ccc3nc(Cc4ccccc4Cl)[nH]c3c1)nn2[C@H]1CC[C@H](N2CCOCC2)CC1,6.18,0.0,1
CHEMBL1824,Nc1ncnc2c1c(-c1ccc3nc(Cc4cccs4)[nH]c3c1)nn2[C@H]1CC[C@H](N2CCOCC2)CC1,6.6,0.0,1
CHEMBL1824,Nc1ncnc2c1ncn2CC(=O)c1c[nH]c2ccccc12,4.02,0.0,1
CHEMBL1824,Nc1ncnc2c1ncn2[C@@H]1O[C@H](CO)[C@@H](O)[C@H]1S,4.35,0.0,1
CHEMBL1824,O=C(/C=C/CN1CCC(N2CCCCC2)CC1)Nc1ccc2ncnc(Nc3cccc(Br)c3)c2c1,5.8,0.0,1
CHEMBL1824,O=C(/C=C/CN1CCCC1)N1CCOc2cc3ncnc(Nc4ccc(F)c(Cl)c4)c3cc21,6.6,0.0,1
CHEMBL1824,O=C(/C=C/CN1CCCC1)N1CCOc2cc3ncnc(Nc4ccc(OCc5cccc(F)c5)c(Cl)c4)c3cc21,8.4,0.0,1
CHEMBL1824,O=C(/C=C/CN1CCCC1)Nc1ccc2ncnc3c2c1C=CN3c1ccc(OCc2ccccn2)c(Cl)c1,8.42,0.0,1
CHEMBL1824,O=C(/C=C/CN1CCCC1)Nc1ccc2ncnc3c2c1CCN3c1ccc(OCc2ccccn2)c(Cl)c1,8.62,0.0,1
CHEMBL1824,O=C(/C=C/CN1CCCCC1)N1CCOc2cc3ncnc(Nc4ccc(F)c(Cl)c4)c3cc21,6.46,0.0,1
CHEMBL1824,O=C(/C=C/CN1CCCCC1)Nc1cc2c(Nc3ccc(F)c(Cl)c3)ncnc2cc1OCC(F)F,6.61,0.0,1
CHEMBL1824,O=C(/C=C/CN1CCCCC1)Nc1cc2c(Nc3ccc(F)c(Cl)c3)ncnc2cc1OCCCN1CCOCC1,7.08,0.0,1
CHEMBL1824,O=C(/C=C/CN1CCCCC1)Nc1ccc2ncnc(Nc3cccc(Br)c3)c2c1,5.81,0.0,1
CHEMBL1824,O=C(/C=C/CN1CCCCC1)Nc1ccc2ncnc3c2c1C=CN3c1ccc(OCc2ccccn2)c(Cl)c1,8.45,0.0,1
CHEMBL1824,O=C(/C=C/CN1CCCCC1)Nc1ccc2ncnc3c2c1CCN3c1ccc(OCc2ccccn2)c(Cl)c1,8.55,0.0,1
CHEMBL1824,O=C(/C=C/CN1CCOCC1)N1CCOc2cc3ncnc(Nc4ccc(F)c(Cl)c4)c3cc21,6.0,0.0,1
CHEMBL1824,O=C(/C=C/CN1CCOCC1)N1CCOc2cc3ncnc(Nc4ccc(OCc5cccc(F)c5)c(Cl)c4)c3cc21,7.92,0.0,1
CHEMBL1824,O=C(/C=C/CN1CCOCC1)Nc1ccc2ncnc(Nc3cccc(Br)c3)c2c1,5.56,0.0,1
CHEMBL1824,O=C(/C=C/CN1CCSCC1)Nc1ccc2ncnc(Nc3cccc(Br)c3)c2c1,5.55,0.0,1
CHEMBL1824,O=C(/C=C/CN1C[C@@H]2OCCO[C@@H]2C1)Nc1cc2c(Nc3ccc(Cl)c(Cl)c3F)ncnc2cc1O[C@H]1CCOC1,7.69,0.0,1
CHEMBL1824,O=C(/C=C/CN1C[C@@H]2OCCO[C@@H]2C1)Nc1cc2c(Nc3ccc(F)c(Cl)c3)ncnc2cc1OCC(F)(F)F,7.36,0.0,1
CHEMBL1824,O=C(/C=C/CN1C[C@@H]2OCCO[C@@H]2C1)Nc1cc2c(Nc3ccc(F)c(Cl)c3)ncnc2cc1O[C@H]1CCOC1,7.93,0.0,1
CHEMBL1824,O=C(/C=C/CN1C[C@@H]2OCCO[C@@H]2C1)Nc1cc2c(Nc3ccc(OCc4ccccn4)c(Cl)c3)ncnc2cc1O[C@H]1CCOC1,8.6,0.0,1
CHEMBL1824,O=C(/C=C/CN1C[C@@H]2OCCO[C@@H]2C1)Nc1ccc2ncnc(Nc3ccc(OCc4cccc(F)c4)c(Cl)c3)c2c1,8.46,0.0,1
CHEMBL1824,O=C(/C=C/CN1C[C@@H]2OCCO[C@@H]2C1)Nc1ccc2ncnc(Nc3ccc(OCc4ccccn4)c(Cl)c3)c2c1,8.72,0.0,1
CHEMBL1824,O=C(/C=C/CN1C[C@@H]2OCCO[C@@H]2C1)Nc1ccc2ncnc(Nc3ccc4c(cnn4Cc4cccc(F)c4)c3)c2c1,8.8,0.0,1
CHEMBL1824,O=C(/C=C/CNC1CC1)N1CCOc2c1ccc1ncnc(Nc3ccc(OCc4ccccn4)c(Cl)c3)c21,6.56,0.0,1
CHEMBL1824,O=C(/C=C/CNC1CC1)Nc1ccc2ncnc3c2c1C=CN3c1ccc(OCc2ccccn2)c(Cl)c1,8.6,0.0,1
CHEMBL1824,O=C(/C=C/CNC1CC1)Nc1ccc2ncnc3c2c1CCN3c1ccc(OCc2ccccn2)c(Cl)c1,8.54,0.0,1
CHEMBL1824,O=C(/C=C/CNC1CCC1)Nc1ccc2ncnc3c2c1C=CN3c1ccc(OCc2ccccn2)c(Cl)c1,8.46,0.0,1
CHEMBL1824,O=C(/C=C/Cn1cccn1)Nc1ccc2ncnc(Nc3cccc(Br)c3)c2c1,4.81,0.0,1
CHEMBL1824,O=C(/C=C/N1CCOCC1)Nc1ccc2ncnc(Nc3cccc(Br)c3)c2c1,5.38,0.0,1
CHEMBL1824,O=C(/C=C/c1ccc(-c2ccc3ncnc(Nc4ccc(OCc5cccc(F)c5)c(Cl)c4)c3c2)cc1)NO,7.92,0.0,1
CHEMBL1824,O=C(/C=C/c1ccc(-c2ccc3ncnc(Nc4ccc(OCc5cccc(F)c5)c(Cl)c4)c3c2)o1)NO,8.39,0.0,1
CHEMBL1824,O=C(/C=C/c1ccc(-c2ccc3ncnc(Nc4ccc(OCc5cccc(F)c5)c(Cl)c4)c3c2)s1)NO,8.46,0.0,1
CHEMBL1824,O=C(/C=C/c1ccc(F)cc1)Nc1cccc(Oc2cc(Nc3ccc(OCc4cccc(F)c4)c(Cl)c3)ncn2)c1,5.89,0.0,1
CHEMBL1824,O=C(/C=C/c1cccc(-c2ccc3ncnc(Nc4ccc(OCc5cccc(F)c5)c(Cl)c4)c3c2)c1)NO,7.96,0.0,1
CHEMBL1824,O=C(/C=C/c1ccccc1)Nc1cccc(Oc2cc(Nc3ccc(OCc4cccc(F)c4)c(Cl)c3)ncn2)c1,5.43,0.0,1
CHEMBL1824,O=C(C#CCN1CCCCC1)Nc1ccc2ncnc(Nc3cccc(Br)c3)c2c1,7.14,0.0,1
CHEMBL1824,O=C(C#CCN1CCOCC1)Nc1ccc2ncnc(Nc3cccc(Br)c3)c2c1,7.28,0.0,1
CHEMBL1824,O=C(C#CCN1CCSCC1)Nc1ccc2ncnc(Nc3cccc(Br)c3)c2c1,6.91,0.0,1
CHEMBL1824,O=C(C#CCO)Nc1ccc2ncnc(Nc3cccc(Br)c3)c2c1,7.8,0.0,1
CHEMBL1824,O=C(CC1CCCC1)Nc1cccc(-c2nc3sccn3c2-c2ccnc(Nc3ccc(N4CCOCC4)cc3)n2)c1,5.89,0.0,1
CHEMBL1824,O=C(CC1CCCCC1)Nc1cccc(-c2nc3sccn3c2-c2ccnc(Nc3ccc(N4CCOCC4)cc3)n2)c1,5.85,0.0,1
CHEMBL1824,O=C(CCCCCCOc1ccc2ncnc(Nc3ccc(F)c(Cl)c3)c2c1)NO,7.36,0.0,1
CHEMBL1824,O=C(CCCCCCn1cc(-c2ccc3ncnc(Nc4ccc(F)c(Cl)c4)c3c2)nn1)NO,6.75,0.0,1
CHEMBL1824,O=C(CCCCCCn1cc(-c2ccc3ncnc(Nc4ccc(OCc5cccc(F)c5)c(Cl)c4)c3c2)nn1)NO,7.79,0.0,1
CHEMBL1824,O=C(CCCCCCn1cc(-c2ccc3ncnc(Nc4ccc(OCc5nccs5)c(Cl)c4)c3c2)nn1)NO,6.15,0.0,1
CHEMBL1824,O=C(CCCCCCn1cc(-c2ccc3ncnc(Nc4cccc(Cl)c4F)c3c2)nn1)NO,6.76,0.0,1
CHEMBL1824,O=C(CCCCCn1cc(-c2ccc3ncnc(Nc4ccc(F)c(Cl)c4)c3c2)nn1)NO,6.78,0.0,1
CHEMBL1824,O=C(CCCCCn1cc(-c2ccc3ncnc(Nc4ccc(OCc5cccc(F)c5)c(Cl)c4)c3c2)nn1)NO,6.71,0.0,1
CHEMBL1824,O=C(CCCCCn1cc(-c2ccc3ncnc(Nc4ccc(OCc5nccs5)c(Cl)c4)c3c2)nn1)NO,6.27,0.0,1
CHEMBL1824,O=C(CCCCCn1cc(-c2ccc3ncnc(Nc4cccc(Cl)c4F)c3c2)nn1)NO,6.41,0.0,1
CHEMBL1824,O=C(CCCl)Nc1ccc2ncnc(Nc3ccc4[nH]cc(Br)c4c3)c2c1,7.12,0.0,1
CHEMBL1824,O=C(CNCCO)Nc1ccc2ncnc(Nc3ccc(OCc4cccc(F)c4)c(Cl)c3)c2c1,7.98,0.0,1
CHEMBL1824,O=C(CO)N1CCC[C@H]1COc1cccc2ncnc(Nc3ccc(OCc4ccccn4)c(Cl)c3)c12,8.7,0.0,1
CHEMBL1824,O=C(COc1cc(F)c(F)c(F)c1)Nc1cccc(Oc2cc(Nc3ccc(OCc4cccc(F)c4)c(Cl)c3)ncn2)c1,5.67,0.0,1
CHEMBL1824,O=C(COc1ccccc1)Nc1cccc(Oc2cc(Nc3ccc(OCc4cccc(F)c4)c(Cl)c3)ncn2)c1,7.1,0.0,1
CHEMBL1824,O=C(Cc1c[nH]c2ccccc12)NNC(=S)Nc1ncccc1Br,4.91,0.0,1
CHEMBL1824,O=C(Cc1cc(F)c(F)cc1F)Nc1cccc(Oc2cc(Nc3ccc(OCc4cccc(F)c4)c(Cl)c3)ncn2)c1,6.08,0.0,1
CHEMBL1824,O=C(Cc1ccc(Br)cc1)NS(=O)(=O)c1ccc(Br)cc1,4.7,0.0,1
CHEMBL1824,O=C(Cc1ccc(Br)cc1)NS(=O)(=O)c1ccc(Cl)cc1,4.72,0.0,1
CHEMBL1824,O=C(Cc1ccc(Br)cc1)NS(=O)(=O)c1ccc(F)cc1,4.79,0.0,1
CHEMBL1824,O=C(Cc1ccc(Br)cc1)NS(=O)(=O)c1ccccc1,4.72,0.0,1
CHEMBL1824,O=C(Cc1ccc(Cl)cc1)NS(=O)(=O)c1ccc(Br)cc1,4.87,0.0,1
CHEMBL1824,O=C(Cc1ccc(Cl)cc1)NS(=O)(=O)c1ccc(Cl)cc1,4.88,0.0,1
CHEMBL1824,O=C(Cc1ccc(Cl)cc1)NS(=O)(=O)c1ccc(F)cc1,4.96,0.0,1
CHEMBL1824,O=C(Cc1ccc(Cl)cc1)NS(=O)(=O)c1ccccc1,4.88,0.0,1
CHEMBL1824,O=C(Cc1ccc(F)cc1)NS(=O)(=O)c1ccc(Br)cc1,5.09,0.0,1
CHEMBL1824,O=C(Cc1ccc(F)cc1)NS(=O)(=O)c1ccc(Cl)cc1,5.12,0.0,1
CHEMBL1824,O=C(Cc1ccc(F)cc1)NS(=O)(=O)c1ccc(F)cc1,5.15,0.0,1
CHEMBL1824,O=C(Cc1ccc(F)cc1)NS(=O)(=O)c1ccccc1,5.08,0.0,1
CHEMBL1824,O=C(Cc1cccc(Br)c1)NS(=O)(=O)c1ccc(Br)cc1,4.56,0.0,1
CHEMBL1824,O=C(Cc1cccc(Br)c1)NS(=O)(=O)c1ccc(Cl)cc1,4.63,0.0,1
CHEMBL1824,O=C(Cc1cccc(Br)c1)NS(=O)(=O)c1ccc(F)cc1,4.69,0.0,1
CHEMBL1824,O=C(Cc1cccc(Br)c1)NS(=O)(=O)c1ccccc1,4.58,0.0,1
CHEMBL1824,O=C(Cc1ccccc1)Nc1cccc(-c2nc3sccn3c2-c2ccnc(Nc3ccc(N4CCOCC4)cc3)n2)c1,6.43,0.0,1
CHEMBL1824,O=C(Cc1ccccc1)Nc1cccc(-c2nc3sccn3c2-c2ccnc(Nc3ccc4c(c3)CCNC4)n2)c1,7.26,0.0,1
CHEMBL1824,O=C(Cc1ccccc1)Nc1cccc(-c2nc3sccn3c2-c2ccnc(Nc3cccc(N4CCOCC4)c3)n2)c1,7.14,0.0,1
CHEMBL1824,O=C(NCCCCOc1ccc2ncnc(Nc3ccc(OCc4ccccc4)cc3)c2c1)C(F)(F)F,6.93,0.0,1
CHEMBL1824,O=C(NCCc1ccc(O)c(Br)c1)/C(Cc1cc(Br)c(O)c(-c2cc(C/C(=N/O)C(=O)NCCc3ccc(O)c(Br)c3)cc(Br)c2O)c1)=N\O,5.68,0.0,1
CHEMBL1824,O=C(NCCc1ccc(O)c(Br)c1)/C(Cc1cc(Br)c(O)c(Oc2ccc(CCNC(=O)/C(Cc3cc(Br)c(O)c(-c4cc(C/C(=N\O)C(=O)NCCc5ccc(O)c(Br)c5)cc(Br)c4O)c3)=N/O)cc2Br)c1)=N/O,5.68,0.0,1
CHEMBL1824,O=C(NCCn1ccc2ncnc(Nc3ccc(Oc4cccc5sncc45)c(Cl)c3)c21)[C@@H]1CCCN1,9.04,0.0,1
CHEMBL1824,O=C(NO)[C@H]1CC(CC(=O)N2CCCC2)CN[C@@H]1C(=O)N1CC=C(c2ccccc2)CC1,8.37,0.0,1
CHEMBL1824,O=C(NO)[C@H]1CC(CC(=O)N2CCCC2)CN[C@@H]1C(=O)N1CC[C@H](c2ccccc2)C1,8.25,0.0,1
CHEMBL1824,O=C(NO)[C@H]1CC(OC(=O)N2CCCC2)CN[C@@H]1C(=O)N1CC=C(c2ccccc2)CC1,8.25,0.0,1
CHEMBL1824,O=C(NO)[C@H]1CC(OC(=O)N2CCCC2)CN[C@@H]1C(=O)N1CC[C@H](c2ccccc2)C1,7.55,0.0,1
CHEMBL1824,O=C(NO)[C@H]1CC(OC(=O)N2CCCC2)CN[C@@H]1C(=O)N1Cc2ccccc2C1,7.16,0.0,1
CHEMBL1824,O=C(NO)[C@H]1CC2(CC2)CN[C@@H]1C(=O)N1CC=C(c2ccccc2)CC1,7.75,0.0,1
CHEMBL1824,O=C(NO)[C@H]1CC2(CC2)CN[C@@H]1C(=O)N1CCC(c2ccccc2)C1,6.45,0.0,1
CHEMBL1824,O=C(NO)[C@H]1CC2(CC2)CN[C@@H]1C(=O)N1CC[C@H](c2ccccc2)C1,7.04,0.0,1
CHEMBL1824,O=C(NO)[C@H]1C[C@@H](OC(=O)N2CCCC2)CN[C@@H]1C(=O)N1CC=C(c2ccccc2)CC1,7.52,0.0,1
CHEMBL1824,O=C(NO)[C@H]1C[C@H](OC(=O)N2CCCC2)CN[C@@H]1C(=O)N1CC=C(c2ccccc2)C1,7.96,0.0,1
CHEMBL1824,O=C(NO)[C@H]1C[C@H](OC(=O)N2CCCC2)CN[C@@H]1C(=O)N1CCC(c2ccccc2)CC1,7.38,0.0,1
CHEMBL1824,O=C(NO)[C@H]1C[C@H](OC(=O)N2CCCC2)CN[C@@H]1C(=O)N1CCN(c2ccccc2)CC1,8.42,0.0,1
CHEMBL1824,O=C(NO)c1ccc(-c2ccc3ncnc(Nc4ccc(OCc5cccc(F)c5)c(Cl)c4)c3c2)o1,8.7,0.0,1
CHEMBL1824,O=C(NO)c1ccc(-c2ccc3ncnc(Nc4ccc(OCc5cccc(F)c5)c(Cl)c4)c3c2)s1,8.46,0.0,1
CHEMBL1824,O=C(Nc1cc2c(Nc3ccc(F)c(Cl)c3)ncnc2cc1O[C@H]1CCOC1)/C(F)=C/CN1CCOCC1,5.8,0.0,1
CHEMBL1824,O=C(Nc1ccc2ncnc(Nc3ccc(OCc4cccc(F)c4)c(Cl)c3)c2c1)c1ccc(CNCCO)cc1,7.92,0.0,1
CHEMBL1824,O=C(Nc1ccc2ncnc(Nc3ccc(Oc4cccc(F)c4)c(Cl)c3)c2c1)c1ccc(CNCCO)cc1,7.92,0.0,1
CHEMBL1824,O=C(Nc1ccc2ncnc(Nc3cccc(Br)c3)c2c1)c1ccc(C(F)(F)F)cc1O,7.02,0.0,1
CHEMBL1824,O=C(Nc1cccc(-c2nc3sccn3c2-c2ccnc(Nc3ccc(N4CCOCC4)cc3)n2)c1)Oc1ccccc1,6.77,0.0,1
CHEMBL1824,O=C(Nc1cccc(-c2nc3sccn3c2-c2ccnc(Nc3ccc(N4CCOCC4)cc3)n2)c1)c1c(F)cccc1F,7.07,0.0,1
CHEMBL1824,O=C(Nc1cccc(-c2nc3sccn3c2-c2ccnc(Nc3ccc(N4CCOCC4)cc3)n2)c1)c1ccccc1,8.32,0.0,1
CHEMBL1824,O=C(Nc1cccc(-c2nc3sccn3c2-c2ccnc(Nc3ccc4c(c3)CCNC4)n2)c1)c1c(F)cccc1F,8.14,0.0,1
CHEMBL1824,O=C(Nc1cccc(-c2nc3sccn3c2-c2ccnc(Nc3cccc(N4CCOCC4)c3)n2)c1)c1c(F)cccc1F,7.07,0.0,1
CHEMBL1824,O=C(Nc1cccc(-c2nc3sccn3c2-c2ccnc(Nc3ccccc3)n2)c1)c1ccccc1,8.2,0.0,1
CHEMBL1824,O=C(Nc1cccc(-c2nc3sccn3c2-c2ccnc(Nc3ccccc3)n2)c1)c1ccccc1Cl,7.46,0.0,1
CHEMBL1824,O=C(Nc1cccc(-c2nc3sccn3c2-c2ccncc2)c1)c1ccccc1Cl,6.62,0.0,1
CHEMBL1824,O=C(Nc1ccccc1)N(Cc1ccc(O)cc1)Cc1cc(Br)cc(Br)c1O,5.35,0.0,1
CHEMBL1824,O=C(Nc1ccccc1)Nc1cccc(-c2nc3sccn3c2-c2ccnc(Nc3ccc(N4CCOCC4)cc3)n2)c1,6.77,0.0,1
CHEMBL1824,O=C(O)C1CCN(Cc2ccn3ncnc(Nc4ccc5c(cnn5Cc5cccc(F)c5)c4)c23)CC1,6.96,0.0,1
CHEMBL1824,O=C(O)CNCc1ccc(-c2cc3c(Nc4ccc(OCc5ccccc5)cc4)ncnc3cn2)o1,7.72,0.0,1
CHEMBL1824,O=C(O[C@@H]1CN[C@@H](C#Cc2cc3ncnc(Nc4ccc(OCc5cccc(F)c5)c(Cl)c4)c3s2)C1)N1CCOCC1,7.5,0.0,1
CHEMBL1824,O=C(O[C@@H]1CN[C@H](C#Cc2cc3ncnc(Nc4ccc(OCc5cccc(F)c5)c(Cl)c4)c3s2)C1)N1CCOCC1,7.4,0.0,1
CHEMBL1824,O=C(O[C@H]1CN[C@@H](C#Cc2cc3ncnc(Nc4ccc(OCc5cccc(F)c5)c(Cl)c4)c3s2)C1)N1CCOCC1,7.2,0.0,1
CHEMBL1824,O=C(O[C@H]1CN[C@H](C#Cc2cc3ncnc(NCc4cccc(Oc5ccccc5)c4)c3s2)C1)N1CCOCC1,7.06,0.0,1
CHEMBL1824,O=C(O[C@H]1CN[C@H](C#Cc2cc3ncnc(Nc4ccc(Cc5ccccc5)cc4)c3s2)C1)N1CCOCC1,7.22,0.0,1
CHEMBL1824,O=C(O[C@H]1CN[C@H](C#Cc2cc3ncnc(Nc4ccc(OCc5cccc(F)c5)c(Cl)c4)c3s2)C1)N1CCCC1,7.5,0.0,1
CHEMBL1824,O=C(O[C@H]1CN[C@H](C#Cc2cc3ncnc(Nc4ccc(OCc5cccc(F)c5)c(Cl)c4)c3s2)C1)N1CCNCC1,7.7,0.0,1
CHEMBL1824,O=C(O[C@H]1CN[C@H](C#Cc2cc3ncnc(Nc4ccc(OCc5cccc(F)c5)c(Cl)c4)c3s2)C1)N1CCOCC1,7.16,0.1216552506059644,3
CHEMBL1824,O=C(O[C@H]1CN[C@H](C#Cc2cc3ncnc(Nc4ccc(OCc5cccc(F)c5)nc4)c3s2)C1)N1CCOCC1,6.35,0.0,1
CHEMBL1824,O=C(O[C@H]1CN[C@H](C#Cc2cc3ncnc(Nc4ccc(OCc5ccccn5)c(Cl)c4)c3s2)C1)N1CCOCC1,7.52,0.0,1
CHEMBL1824,O=C(O[C@H]1CN[C@H](C#Cc2cc3ncnc(Nc4ccc(OCc5cscn5)c(Cl)c4)c3s2)C1)N1CCOCC1,7.22,0.0,1
CHEMBL1824,O=C(O[C@H]1CN[C@H](C#Cc2cc3ncnc(Nc4ccc(Oc5ccccn5)c(Cl)c4)c3s2)C1)N1CCOCC1,7.22,0.0,1
CHEMBL1824,O=C(O[C@H]1CN[C@H](C#Cc2cc3ncnc(Nc4ccc(Oc5ccnc6ccc(F)cc56)c(Cl)c4)c3s2)C1)N1CCOCC1,6.75,0.0,1
CHEMBL1824,O=C(O[C@H]1CN[C@H](C#Cc2cc3ncnc(Nc4ccc(Sc5cccc(F)c5)c(Cl)c4)c3s2)C1)N1CCOCC1,6.1,0.0,1
CHEMBL1824,O=C(O[C@H]1CN[C@H](C#Cc2cc3ncnc(Nc4ccc(Sc5ccccn5)cc4)c3s2)C1)N1CCOCC1,6.66,0.0,1
CHEMBL1824,O=C(O[C@H]1CN[C@H](C#Cc2cc3ncnc(Nc4ccc5c(Oc6ccccn6)cccc5c4)c3s2)C1)N1CCOCC1,6.58,0.0,1
CHEMBL1824,O=C(O[C@H]1CN[C@H](C#Cc2cc3ncnc(Nc4ccc5c(c4)c(F)cn5Cc4ccccc4)c3s2)C1)N1CCOCC1,6.68,0.0,1
CHEMBL1824,O=C(O[C@H]1CN[C@H](C#Cc2cc3ncnc(Nc4ccc5c(ccn5CCc5ccccc5)c4)c3s2)C1)N1CCOCC1,5.58,0.0,1
CHEMBL1824,O=C(O[C@H]1CN[C@H](C#Cc2cc3ncnc(Nc4ccc5c(ccn5Cc5ccccc5)c4)c3s2)C1)N1CCOCC1,7.22,0.0,1
CHEMBL1824,O=C(O[C@H]1CN[C@H](C#Cc2cc3ncnc(Nc4ccc5c(ccn5Cc5cscn5)c4)c3s2)C1)N1CCOCC1,6.75,0.0,1
CHEMBL1824,O=C(O[C@H]1CN[C@H](C#Cc2cc3ncnc(Nc4ccc5c(ccn5S(=O)(=O)c5ccsc5)c4)c3s2)C1)N1CCOCC1,6.92,0.0,1
CHEMBL1824,O=C(O[C@H]1CN[C@H](C#Cc2cc3ncnc(Nc4ccc5c(cnn5Cc5cc(F)ccc5F)c4)c3s2)C1)N1CCOCC1,7.46,0.0,1
CHEMBL1824,O=C(O[C@H]1CN[C@H](C#Cc2cc3ncnc(Nc4ccc5c(cnn5Cc5cccc(F)c5)c4)c3s2)C1)N1CCOCC1,7.52,0.0,1
CHEMBL1824,O=C(O[C@H]1CN[C@H](C#Cc2cc3ncnc(Nc4ccc5c(cnn5Cc5ccccc5)c4)c3s2)C1)N1CCOCC1,7.3,0.0,1
CHEMBL1824,O=C(O[C@H]1CN[C@H](C#Cc2cc3ncnc(Nc4ccc5c(cnn5S(=O)(=O)c5cccc(F)c5)c4)c3s2)C1)N1CCOCC1,7.07,0.0,1
CHEMBL1824,O=C1C(CO)=C(CO)C(=O)c2c(O)ccc(O)c21,4.94,0.0,1
CHEMBL1824,O=C1C2=C(C(=O)c3c(O)ccc(O)c31)[C@@H](O)[C@@H](O)[C@@H](O)C2,4.97,0.0,1
CHEMBL1824,O=C1CCC(N2C(=O)c3cccc(NCCOCCOCCN4CCN(Cc5ccc(-c6cc7c(NCc8ccccc8Cl)ncnc7[nH]6)cc5)CC4)c3C2=O)C(=O)N1,6.23,0.0,1
CHEMBL1824,O=C1CCC(N2C(=O)c3cccc(NCCOCCOCCOCCN4CCN(Cc5ccc(-c6cc7c(NCc8ccccc8Cl)ncnc7[nH]6)cc5)CC4)c3C2=O)C(=O)N1,6.28,0.0,1
CHEMBL1824,O=C1CCC(N2C(=O)c3cccc(NCCOCCOCCOCCOCCN4CCN(Cc5ccc(-c6cc7c(NCc8ccccc8Cl)ncnc7[nH]6)cc5)CC4)c3C2=O)C(=O)N1,6.52,0.0,1
CHEMBL1824,O=C1CCC(N2C(=O)c3cccc(NCCOCCOCCOCCOCCOCCN4CCN(Cc5ccc(-c6cc7c(NCc8ccccc8Cl)ncnc7[nH]6)cc5)CC4)c3C2=O)C(=O)N1,5.92,0.0,1
CHEMBL1824,O=C1CCC(N2C(=O)c3cccc(NCCOCCOCCOCCOc4ccc(-c5cc6c(NCc7ccccc7Cl)ncnc6[nH]5)cc4)c3C2=O)C(=O)N1,5.43,0.0,1
CHEMBL1824,O=C1CCC(N2C(=O)c3cccc(NCCOCCc4ccc(-c5cc6c(NCc7ccccc7Cl)ncnc6[nH]5)cc4)c3C2=O)C(=O)N1,6.72,0.0,1
CHEMBL1824,O=C1CCN(Cc2ccn3ncnc(Nc4ccc5c(cnn5Cc5cccc(F)c5)c4)c23)CCN1,6.12,0.0,1
CHEMBL1824,O=C1CN(Cc2ccn3ncnc(Nc4ccc5c(cnn5Cc5cccc(F)c5)c4)c23)CCN1,6.7,0.0,1
CHEMBL1824,O=C1CNCCN(Cc2ccn3ncnc(Nc4ccc5c(cnn5Cc5cccc(F)c5)c4)c23)C1,7.41,0.0,1
CHEMBL1824,O=C1Cc2c(cccc2Oc2ccc(Nc3ncnc4ccn(CCO)c34)cc2Cl)N1,8.8,0.0,1
CHEMBL1824,O=C1Cc2cc(Oc3ccc(Nc4ncnc5ccn(CCO)c45)cc3Cl)ccc2N1,7.55,0.0,1
CHEMBL1824,O=C1Cc2ccc(Oc3ccc(Nc4ncnc5ccn(CCO)c45)cc3Cl)cc2N1,6.89,0.0,1
CHEMBL1824,O=C1Cc2cccc(Oc3ccc(Nc4ncnc5ccn(CCO)c45)cc3Cl)c2N1,8.82,0.0,1
CHEMBL1824,O=C1N/C=C/c2ccc(c(Br)c2)Oc2cc(cc(Br)c2O)CCNC(=O)/C(=N/O)Cc2ccc(c(Br)c2)Oc2cc(cc(Br)c2O)C/C1=N\O,5.55,0.0,1
CHEMBL1824,O=C1N=C(C(=O)c2c[nH]c3ccccc23)N/C1=C\c1c[nH]c2cc(O)ccc12,5.13,0.0,1
CHEMBL1824,O=C1NC(=O)c2c1c1c3ccccc3n3c1c1c2c2ccccc2n1[C@@H]1O[C@H]3C[C@@H]1CO,6.6,0.0,1
CHEMBL1824,O=C1NCCc2cc(Br)c(O)c(c2)Oc2c(Br)cc(cc2Br)CCNC(=O)/C(=N/O)Cc2cc(Br)c(O)c(c2)Oc2c(Br)cc(cc2Br)C/C1=N\O,5.16,0.0,1
CHEMBL1824,O=C1NCCc2ccc(O)c(c2)Oc2c(Br)cc(cc2Br)CCNC(=O)/C(=N/O)Cc2cc(Br)c(O)c(c2)Oc2c(Br)cc(cc2Br)C/C1=N\O,5.35,0.0,1
CHEMBL1824,O=C1NCc2c(Oc3ccc(Nc4ncnc5ccn(CCO)c45)cc3Cl)cccc21,6.82,0.0,1
CHEMBL1824,O=C1NCc2cc(Oc3ccc(Nc4ncnc5ccn(CCO)c45)cc3Cl)ccc21,7.75,0.0,1
CHEMBL1824,O=C1NCc2ccc(Oc3ccc(Nc4ncnc5ccn(CCO)c45)cc3Cl)cc21,8.89,0.0,1
CHEMBL1824,O=C1NCc2cccc(Oc3ccc(Nc4ncnc5ccn(CCO)c45)cc3Cl)c21,8.6,0.0,1
CHEMBL1824,O=C1Nc2ccccc2/C1=C/c1ccc(N2CCCCC2)cc1,4.03,0.0,1
CHEMBL1824,O=CN1CCN(c2ccc(/C=C3\C(=O)Nc4ccccc43)cc2)CC1,4.04,0.0,1
CHEMBL1824,O=S(=O)(CCCCNCc1ccc(-c2ccc3ncnc(Nc4ccc(OCc5ccccc5)c(Cl)c4)c3c2)o1)c1ccccc1,7.42,0.0,1
CHEMBL1824,O=S(=O)(CCNCc1ccc(-c2ccc3ncnc(Nc4ccc(OCc5cccc(F)c5)c(C(F)(F)F)c4)c3c2)o1)c1ccccn1,7.52,0.0,1
CHEMBL1824,O=S(=O)(CCNCc1ccc(-c2ccc3ncnc(Nc4ccc(OCc5cccc(F)c5)c(Cl)c4)c3c2)o1)CC(F)(F)F,8.07,0.0,1
CHEMBL1824,O=S(=O)(CCNCc1ccc(-c2ccc3ncnc(Nc4ccc(OCc5cccc(F)c5)c(Cl)c4)c3c2)o1)c1ccccc1,7.52,0.0,1
CHEMBL1824,O=S(=O)(CCOCc1ccc(-c2ccc3ncnc(Nc4ccc(OCc5cccc(F)c5)c(Cl)c4)c3c2)o1)c1ccccc1,7.55,0.0,1
CHEMBL1824,O=S1(=O)N=S(c2ccc(Br)cc2)c2ccncc21,6.23,0.0,1
CHEMBL1824,O=[N+]([O-])c1ccc2c(c1)S(=O)(=O)N=S2c1ccc(Br)cc1,5.7,0.0,1
CHEMBL1824,O=[N+]([O-])c1cccc(-c2nc3sccn3c2-c2ccnc(Nc3ccccc3)n2)c1,5.22,0.0,1
CHEMBL1824,O=[N+]([O-])c1cccc(Oc2cc(Nc3ccc(OCc4cccc(F)c4)c(Cl)c3)ncn2)c1,5.62,0.0,1
CHEMBL1824,OC1CCN(CCCOc2n[nH]c3ncnc(Nc4ccc(OCc5ccccn5)c(Cl)c4)c23)CC1,8.22,0.0,1
CHEMBL1824,OC1CCN(CCOc2n[nH]c3ncnc(Nc4ccc(OCc5ccccn5)c(Cl)c4)c23)CC1,8.3,0.0,1
CHEMBL1824,OC1CCN(Cc2ccn3ncnc(Nc4ccc5c(cnn5Cc5cccc(F)c5)c4)c23)CC1,7.2,0.0,1
CHEMBL1824,OCCNCc1ccn2ncnc(Nc3ccc4c(cnn4Cc4cccc(F)c4)c3)c12,7.33,0.0,1
CHEMBL1824,OCCOc1n[nH]c2ncnc(Nc3ccc(OCc4ccccn4)c(Cl)c3)c12,8.4,0.0,1
CHEMBL1824,OCCn1ccc2ncnc(Nc3ccc(Oc4cccc(C(F)(F)F)c4)c(Cl)c3)c21,7.92,0.0,1
CHEMBL1824,OCCn1ccc2ncnc(Nc3ccc(Oc4cccc5[nH]ccc45)c(Cl)c3)c21,8.6,0.0,1
CHEMBL1824,OCCn1ccc2ncnc(Nc3ccc(Oc4cccc5[nH]ncc45)c(Cl)c3)c21,8.77,0.0,1
CHEMBL1824,OCCn1ccc2ncnc(Nc3ccc(Oc4cccc5sccc45)c(Cl)c3)c21,8.22,0.0,1
CHEMBL1824,OCCn1ccc2ncnc(Nc3ccc(Oc4cccc5sncc45)c(Cl)c3)c21,8.68,0.0,1
CHEMBL1824,OC[C@H](Nc1cnc(-c2cc(Cl)ccc2O)c(-c2ccc3cnccc3c2)c1)c1ccccc1,9.0,0.0,1
CHEMBL1824,OCc1ccc(-c2cc3c(Nc4ccc(OCc5ccccc5)cc4)ncnc3cn2)o1,8.4,0.0,1
CHEMBL1824,OCc1ccc(-c2cc3ncnc(Nc4ccc(OCc5cccc(F)c5)c(Cl)c4)c3s2)o1,6.91,0.0,1
CHEMBL1824,OCc1ccc(C#Cc2cncnc2Nc2ccc(OCc3cccc(F)c3)c(Cl)c2)o1,7.33,0.0,1
CHEMBL1824,OCc1cccc(C#Cc2cncnc2Nc2ccc(OCc3cccc(F)c3)c(Cl)c2)n1,7.89,0.0,1
CHEMBL1824,OCc1cccc2[nH]c(-c3n[nH]c4ncc(-c5cncc6ccccc56)cc34)nc12,6.62,0.0,1
CHEMBL1824,OCc1nc(C#Cc2cncnc2Nc2ccc(OCc3cccc(F)c3)c(Cl)c2)cs1,6.8,0.0,1
CHEMBL1824,O[C@@H]1CNCCN(Cc2ccn3ncnc(Nc4ccc5c(cnn5Cc5cccc(F)c5)c4)c23)C1,7.12,0.0,1
CHEMBL1824,O[C@H]1CNCCN(Cc2ccn3ncnc(Nc4ccc5c(cnn5Cc5cccc(F)c5)c4)c23)C1,7.8,0.0,1
CHEMBL1824,O[C@H]1CN[C@H](C#Cc2cc3ncnc(Nc4ccc(OCc5cccc(F)c5)c(Cl)c4)c3s2)C1,7.96,0.0,1
CHEMBL1824,Oc1c(Br)cccc1CN(Cc1ccc(F)cc1)C(=S)Nc1ccccc1,5.72,0.0,1
CHEMBL1824,Oc1cc2c(cc1O)[C@@H]1c3ccc(O)c(O)c3OC[C@]1(O)C2,6.02,0.0,1
CHEMBL1824,Oc1ccc2ncnc(Nc3ccc(OCc4ccccc4)cc3)c2c1,6.58,0.0,1
CHEMBL1824,[O-][S+]1CCN(Cc2ccc(-c3ccc4ncnc(Nc5ccc(OCc6cccc(F)c6)c(C(F)(F)F)c5)c4c3)o2)CC1,6.85,0.0,1
CHEMBL1824,[O-][S+]1CCN(Cc2ccc(-c3ccc4ncnc(Nc5ccc(OCc6cccc(F)c6)c(Cl)c5)c4c3)o2)CC1,7.75,0.0,1
CHEMBL1824,[O-][S+]1CCN(Cc2ccc(-c3ccc4ncnc(Nc5ccc(OCc6ccccc6)c(Cl)c5)c4c3)o2)CC1,7.64,0.0,1
CHEMBL1824,[O-][S+]1CCN(Cc2ccc(-c3ccc4ncnc(Nc5ccc(OCc6ccccc6)c(F)c5)c4c3)o2)CC1,7.46,0.0,1
CHEMBL1824,c1ccc(C2=NN(c3ccccc3)C(c3ccc4ccccc4c3)C2)cc1,5.72,0.0,1
CHEMBL1824,c1ccc(C2=NN(c3ccccc3)C(c3cccc4ccccc34)C2)cc1,5.42,0.0,1
CHEMBL1824,c1ccc(Cc2nc3cc(Nc4ncnc5nn6ccccc6c45)ccc3[nH]2)cc1,5.8,0.0,1
CHEMBL1824,c1ccc(Oc2ccc(Nc3ccnc4ccccc34)cc2)cc1,6.13,0.0,1
CHEMBL1824,c1ccc2c(-c3cnc4[nH]nc(-c5nc6ccccc6[nH]5)c4c3)cncc2c1,6.85,0.0,1
CHEMBL1824,c1ccc2sc(-c3ccc(Nc4ncnc5[nH]ccc45)cc3)nc2c1,5.51,0.0,1
