chembl_id,smiles,pchembl_value,pchembl_std,n_records
CHEMBL279,Brc1ccc(-c2nc3ccc(Nc4ccnc5ccccc45)cc3[nH]2)cc1,6.75,0.0,1
CHEMBL279,Brc1ccc(-c2nc3ccc(Nc4ncnc5ccccc45)cc3[nH]2)cc1,6.42,0.0,1
CHEMBL279,Brc1ccc2nc3nc4c5c(-c6ccccc6)c(-c6ccccc6)oc5ncn4nc-3c2c1,7.07,0.0,1
CHEMBL279,Brc1cccc(Nc2ncc(-c3ccccc3)s2)n1,7.85,0.0,1
CHEMBL279,Brc1cnc(Nc2ccccn2)s1,7.15,0.0,1
CHEMBL279,C#CC(C)OC1=CC(=O)C(Nc2ncnc3cc(OCCCN4CCCC4)c(OC)cc23)=CC1=O,7.453333333333333,0.07505553499465163,3
CHEMBL279,C#CC(OC1=CC(=O)C(Nc2ncnc3cc(OCCCN4CCCC4)c(OC)cc23)=CC1=O)c1ccccc1,8.19,0.20944370763206616,4
CHEMBL279,C#CCN(c1cc(OC)cc(OC)c1)c1ccc2ncc(-c3cnn(C)c3)nc2c1,7.06,0.0,1
CHEMBL279,C#CCN(c1cc(OC)cc(OC)c1)c1ccc2ncc(-c3cnn(CC4CCOCC4)c3)nc2c1,6.75,0.0,1
CHEMBL279,C#CCN(c1ccc2ncc(-c3cnn(C)c3)nc2c1)c1c(Cl)c(OC)cc(OC)c1Cl,6.7,0.0,1
CHEMBL279,C#CCN(c1ccc2ncc(-c3cnn(C)c3)nc2c1)c1c(F)c(OC)cc(OC)c1F,7.65,0.0,1
CHEMBL279,C#CCO/N=C/c1c(N)ncnc1Oc1ccc2[nH]c(C)cc2c1F,7.28,0.0,1
CHEMBL279,C#CCOC1=CC(=O)C(Nc2ncnc3cc(OCCCN4CCCC4)c(OC)cc23)=CC1=O,8.22,0.14798648586948676,3
CHEMBL279,C#CCO[C@@H]1[C@H](C)[C@@H](COC(=O)c2ccc(S(=O)(=O)F)cc2)O[C@H]1n1nc(-c2ccc(C)cc2)c2c(N)ncnc21,6.32,0.0,1
CHEMBL279,C#CCO[C@@H]1[C@H](C)[C@@H](COS(=O)(=O)C=C)O[C@H]1n1nc(-c2ccc(C)cc2)c2c(N)ncnc21,7.06,0.0,1
CHEMBL279,C#CCOc1nc(Nc2ccc(S(C)(=O)=O)cc2)ncc1C(F)(F)F,6.21,0.0,1
CHEMBL279,C#CCS(=O)(=O)c1ccc(Nc2ncc(C(F)(F)F)c(O[C@H](C)C(C)(C)O)n2)cc1,6.7,0.0,1
CHEMBL279,C#Cc1cc2c(cc1N1CCN(C3COC3)CC1)C(C)(C)c1[nH]c3cc(C#N)ccc3c1C2=O,6.34,0.0,1
CHEMBL279,C#Cc1cccc(Nc2nccc3c(Nc4ncccc4-c4cc(NC)ncn4)c(C)ccc23)c1,6.38,0.0,1
CHEMBL279,C#Cc1cccc(Nc2ncnc3[nH]c(CCc4ccccc4)cc23)c1,4.31,0.0,1
CHEMBL279,C#Cc1cccc(Nc2ncnc3cc(OC)c(OCCCCCCC(=O)NO)cc23)c1,6.07,0.0,1
CHEMBL279,C#Cc1cccc(Nc2ncnc3cc(OCCOC)c(OCCOC)cc23)c1,6.695,0.8555992052357222,2
CHEMBL279,C(#Cc1cc(-c2n[nH]c3c2Cc2cc(CN4CCSC4)ccc2-3)cs1)COc1ccccc1,7.62,0.0,1
CHEMBL279,C(#Cc1cc(-c2n[nH]c3c2Cc2cc(Cn4cccn4)ccc2-3)cs1)COc1ccccc1,7.7,0.0,1
CHEMBL279,C(#Cc1cc(-c2n[nH]c3c2Cc2cc(Cn4ccnc4)ccc2-3)cs1)COc1ccccc1,6.71,0.0,1
CHEMBL279,C(#Cc1cc(-c2n[nH]c3c2Cc2cc(Cn4ccnn4)ccc2-3)cs1)COc1ccccc1,6.91,0.0,1
CHEMBL279,C(#Cc1cc(-c2n[nH]c3c2Cc2cc(Cn4cncn4)ccc2-3)cs1)COc1ccccc1,7.21,0.0,1
CHEMBL279,C(#Cc1cc(-c2n[nH]c3c2Cc2ccccc2-3)cs1)COc1ccccc1,5.33,0.0,1
CHEMBL279,C(=C\c1ccccc1)/C(=N/Nc1nncc2ccccc12)c1ccccc1,9.38,0.0,1
CHEMBL279,C/C(=C/c1coc2nc(N)nc(N)c12)c1cccc2ccccc12,5.7,0.0,1
CHEMBL279,C/C(=C\C=C\CC(C)C(CC(=O)O)O[C@H]1O[C@@H](CO)[C@H](O)[C@H](O)[C@@H]1O)C(=O)O,5.3,0.0,1
CHEMBL279,C/C(=N\N1C(=O)CNC1=S)c1ccc(O)cc1O,7.6,0.0,1
CHEMBL279,C/C(=N\NC(=O)c1ccccc1O)c1ccc(NC(=O)CSc2nc3ccccc3c(=O)n2-c2ccccc2)cc1,6.47,0.0,1
CHEMBL279,C/C(=N\NC(=S)Nc1ccc(Br)cc1)c1cc2ccccc2oc1=O,7.09,0.0,1
CHEMBL279,C/C(=N\NC(=S)Nc1ccccc1)c1nnn(-c2ccc(F)cc2)c1C,7.17,0.0,1
CHEMBL279,C/C(=N\O)c1ccc2[nH]c3c4c(c5c(c3c2c1)CNC5=O)-c1cn(C)nc1CC4,9.0,0.0,1
CHEMBL279,C/C(=N\OC(C)(C)C)c1ccc2[nH]c3c4c(c5c(c3c2c1)CNC5=O)-c1cn(C)nc1CC4,7.51,0.0,1
CHEMBL279,C/C(=N\OC(C)C)c1ccc2[nH]c3c4c(c5c(c3c2c1)CNC5=O)-c1cn(C)nc1CC4,8.52,0.0,1
CHEMBL279,C/C(=N\OC(C)C)c1ccc2c(c1)c1c3c(c4c(c1n2C(C)C)CCc1nn(C)cc1-4)C(=O)NC3,7.96,0.0,1
CHEMBL279,C/C(=N\OC(C)C)c1ccc2c(c1)c1c3c(c4c(c1n2CC(C)C)CCc1nn(C)cc1-4)C(=O)NC3,7.51,0.0,1
CHEMBL279,C/C(=N\OCC(C)C)c1ccc2[nH]c3c4c(c5c(c3c2c1)CNC5=O)-c1cn(C)nc1CC4,8.0,0.0,1
CHEMBL279,C/C(=N\OCC(C)C)c1ccc2c(c1)c1c3c(c4c(c1n2C(C)C)CCc1nn(C)cc1-4)C(=O)NC3,7.29,0.0,1
CHEMBL279,C/C(=N\OCC(C)C)c1ccc2c(c1)c1c3c(c4c(c1n2CC(C)C)CCc1nn(C)cc1-4)C(=O)NC3,7.03,0.0,1
CHEMBL279,C/N=C/C(C(=N)CN)c1ccn2c(-c3cccc(NC(=O)NCC(F)(F)F)c3)cnc2c1,6.46,0.0,1
CHEMBL279,C1=C(c2cnn3cc(-c4ccncc4)cnc23)CCC1,7.55,0.0,1
CHEMBL279,C1=C(c2cnn3cc(-c4ccncc4)cnc23)CCCC1,7.39,0.0,1
CHEMBL279,C=C(C)C(=O)Nc1cc2c(Nc3ccc(Br)cc3F)ncnc2cc1OCCNC(C)=O,5.0,0.0,1
CHEMBL279,C=C(CC[C@@H](C)[C@H]1CC[C@H]2[C@H](CCc3cc(O)ccc3C)C(=O)CC[C@]12C)C(C)C,5.31,0.0,1
CHEMBL279,C=C(CN1CCOCC1)C(=O)Nc1ccc(NC(=O)Nc2ccc(-c3cc(C)nc4noc(N)c34)cc2)cc1C,6.78,0.0,1
CHEMBL279,C=C1C(=O)O[C@H]2C[C@H](C)C(/C=C/C(C)=O)=CC[C@H]12,6.42,0.0,1
CHEMBL279,C=C1CO[C@@H]2[C@@H](Oc3cc4ncnc(Nc5ccc(Br)c(Cl)c5)c4cc3OC)CO[C@H]12,6.28,0.0,1
CHEMBL279,C=CC(=O)N(C)c1cc2c(Nc3ccc(Br)cc3F)ncnc2cc1OCCNC(C)=O,5.0,0.0,1
CHEMBL279,C=CC(=O)N1CCC[C@H]1C(=O)Nc1cc2c(Nc3ccc(F)c(Cl)c3F)ncnc2cc1OCCOC,6.22,0.0,1
CHEMBL279,C=CC(=O)N1CCC[C@H]1C(=O)Nc1cc2c(Nc3cccc(Cl)c3F)ncnc2cc1OCCOC,5.89,0.0,1
CHEMBL279,C=CC(=O)N1CCN(CCCN2CN3C(=N2)C(c2cc(OC)cc(OC)c2Cl)=Cc2cnc(NC)nc23)CC1,6.11,0.0,1
CHEMBL279,C=CC(=O)N1CCN(CCCn2c(=O)c(-c3c(Cl)c(OC)cc(OC)c3Cl)cc3cnc(NC)nc32)CC1,6.15,0.0,1
CHEMBL279,C=CC(=O)N1CC[C@H](n2cc(-c3cc4cc(C)cc(OC)c4s3)c3c(N)ncnc32)C1,6.95,0.0,1
CHEMBL279,C=CC(=O)N1CCc2cc(C(=O)Nc3ccc(C)c(Nc4nccc(-c5cccnc5)n4)c3)ccc2C1,5.0,0.0,1
CHEMBL279,C=CC(=O)NCCOc1cc2ncnc(Nc3ccc(Br)cc3F)c2cc1NC(=O)C=C,6.6,0.0,1
CHEMBL279,C=CC(=O)NCc1ccc(C(=O)Nc2ccc(C)c(Nc3nccc(-c4cccnc4)n3)c2)cc1,5.0,0.0,1
CHEMBL279,C=CC(=O)Nc1cc(NC(=O)Nc2ccc(Oc3ccnc(NC(=O)C4CC4)c3)c(F)c2)cc(C(F)(F)F)c1,7.94,0.0,1
CHEMBL279,C=CC(=O)Nc1cc2c(Nc3c(F)cc(Br)cc3F)ncnc2cc1OCC1CCN(C(C)=O)CC1,6.83,0.0,1
CHEMBL279,C=CC(=O)Nc1cc2c(Nc3c(F)cc(Br)cc3F)ncnc2cc1OCCNC(=O)CN(C)C,6.57,0.0,1
CHEMBL279,C=CC(=O)Nc1cc2c(Nc3c(F)cc(Br)cc3F)ncnc2cc1OCCNC(C)=O,6.9,0.0,1
CHEMBL279,C=CC(=O)Nc1cc2c(Nc3cc(C(=O)NOC)c(Br)cc3F)ncnc2cc1OCCNC(C)=O,6.12,0.0,1
CHEMBL279,C=CC(=O)Nc1cc2c(Nc3cc(Cl)c(Br)cc3F)ncnc2cc1OCCNC(=O)CN(C)C,6.11,0.0,1
CHEMBL279,C=CC(=O)Nc1cc2c(Nc3cc(Cl)c(Br)cc3F)ncnc2cc1OCCNC(C)=O,6.38,0.0,1
CHEMBL279,C=CC(=O)Nc1cc2c(Nc3cc(Cl)c(Br)cc3F)ncnc2cc1OCCNCC(C)=O,6.76,0.0,1
CHEMBL279,C=CC(=O)Nc1cc2c(Nc3cc(Cl)c(Cl)cc3Cl)ncnc2cc1OCCNC(C)=O,6.1,0.0,1
CHEMBL279,C=CC(=O)Nc1cc2c(Nc3cc(Cl)c(Cl)cc3F)ncnc2cc1OCCN(C)C,6.07,0.0,1
CHEMBL279,C=CC(=O)Nc1cc2c(Nc3cc(Cl)c(Cl)cc3F)ncnc2cc1OCCNC(=O)CN(C)C,6.12,0.0,1
CHEMBL279,C=CC(=O)Nc1cc2c(Nc3cc(Cl)c(Cl)cc3F)ncnc2cc1OCCNC(=O)COC,6.08,0.0,1
CHEMBL279,C=CC(=O)Nc1cc2c(Nc3cc(Cl)c(Cl)cc3F)ncnc2cc1OCCNC(=O)CS(C)(=O)=O,6.18,0.0,1
CHEMBL279,C=CC(=O)Nc1cc2c(Nc3cc(Cl)c(Cl)cc3F)ncnc2cc1OCCNC(C)=O,6.82,0.0,1
CHEMBL279,C=CC(=O)Nc1cc2c(Nc3cc(Cl)c(Cl)cc3F)ncnc2cc1OCCNCC(C)=O,6.02,0.0,1
CHEMBL279,C=CC(=O)Nc1cc2c(Nc3cc(F)c(Br)cc3F)ncnc2cc1OCCNC(C)=O,6.11,0.0,1
CHEMBL279,C=CC(=O)Nc1cc2c(Nc3cc(OC)c(Cl)cc3Cl)ncnc2cc1OCCNC(C)=O,5.0,0.0,1
CHEMBL279,C=CC(=O)Nc1cc2c(Nc3cc(OC)c(Cl)cc3F)ncnc2cc1OCCNC(C)=O,6.45,0.0,1
CHEMBL279,C=CC(=O)Nc1cc2c(Nc3cc(OC)c(Cl)cc3OC)ncnc2cc1OCCNC(=O)CN(C)C,5.0,0.0,1
CHEMBL279,C=CC(=O)Nc1cc2c(Nc3cc(OC)c(Cl)cc3OC)ncnc2cc1OCCNC(C)=O,7.05,0.0,1
CHEMBL279,C=CC(=O)Nc1cc2c(Nc3ccc(Br)c(Cl)c3)ncnc2cc1OCCNC(=O)CN(C)C,5.0,0.0,1
CHEMBL279,C=CC(=O)Nc1cc2c(Nc3ccc(Br)c(Cl)c3F)ncnc2cc1OCC(C)NC(=O)CN(C)C,6.16,0.0,1
CHEMBL279,C=CC(=O)Nc1cc2c(Nc3ccc(Br)c(Cl)c3F)ncnc2cc1OCCNC(=O)CCCN(C)C,6.69,0.0,1
CHEMBL279,C=CC(=O)Nc1cc2c(Nc3ccc(Br)c(Cl)c3F)ncnc2cc1OCCNC(=O)CCN(CC)CC,7.27,0.0,1
CHEMBL279,C=CC(=O)Nc1cc2c(Nc3ccc(Br)c(Cl)c3F)ncnc2cc1OCCNC(=O)CCN1CCCCC1,7.1,0.0,1
CHEMBL279,C=CC(=O)Nc1cc2c(Nc3ccc(Br)c(Cl)c3F)ncnc2cc1OCCNC(=O)CCO,7.06,0.0,1
CHEMBL279,C=CC(=O)Nc1cc2c(Nc3ccc(Br)c(Cl)c3F)ncnc2cc1OCCNC(=O)CCOC,6.56,0.0,1
CHEMBL279,C=CC(=O)Nc1cc2c(Nc3ccc(Br)c(Cl)c3F)ncnc2cc1OCCNC(=O)CN(C)C,7.06,0.0,1
CHEMBL279,C=CC(=O)Nc1cc2c(Nc3ccc(Br)c(Cl)c3F)ncnc2cc1OCCNC(=O)CN(CC)CC,6.51,0.0,1
CHEMBL279,C=CC(=O)Nc1cc2c(Nc3ccc(Br)c(Cl)c3F)ncnc2cc1OCCNC(=O)CO,6.83,0.0,1
CHEMBL279,C=CC(=O)Nc1cc2c(Nc3ccc(Br)c(Cl)c3F)ncnc2cc1OCCNC(=O)COC,6.59,0.0,1
CHEMBL279,C=CC(=O)Nc1cc2c(Nc3ccc(Br)c(Cl)c3F)ncnc2cc1OCCNC(=O)N1CCOCC1,6.87,0.0,1
CHEMBL279,C=CC(=O)Nc1cc2c(Nc3ccc(Br)c(Cl)c3F)ncnc2cc1OCCNC(=O)NC(C)(C)C,6.37,0.0,1
CHEMBL279,C=CC(=O)Nc1cc2c(Nc3ccc(Br)c(Cl)c3F)ncnc2cc1OCCNC(=O)NCC,7.42,0.0,1
CHEMBL279,C=CC(=O)Nc1cc2c(Nc3ccc(Br)c(Cl)c3F)ncnc2cc1OCCNC(=O)NCCC,6.89,0.0,1
CHEMBL279,C=CC(=O)Nc1cc2c(Nc3ccc(Br)c(Cl)c3F)ncnc2cc1OCCNC(=O)OC,7.1,0.0,1
CHEMBL279,C=CC(=O)Nc1cc2c(Nc3ccc(Br)c(Cl)c3F)ncnc2cc1OCCNC(=S)NCC,6.72,0.0,1
CHEMBL279,C=CC(=O)Nc1cc2c(Nc3ccc(Br)c(Cl)c3F)ncnc2cc1OCCNC(C)=O,7.25,0.0,1
CHEMBL279,C=CC(=O)Nc1cc2c(Nc3ccc(Br)c(Cl)c3F)ncnc2cc1OCCNCC(C)=O,6.97,0.0,1
CHEMBL279,C=CC(=O)Nc1cc2c(Nc3ccc(Br)c(Cl)c3F)ncnc2cc1OC[C@@H](C)NC(=O)CN(C)C,6.265000000000001,0.1626345596729059,2
CHEMBL279,C=CC(=O)Nc1cc2c(Nc3ccc(Br)c(Cl)c3F)ncnc2cc1OC[C@H](C)NC(=O)CN(C)C,5.57,0.8061017305526637,2
CHEMBL279,C=CC(=O)Nc1cc2c(Nc3ccc(Br)c(F)c3)ncnc2cc1OCCNC(=O)CN(C)C,5.84,0.0,1
CHEMBL279,C=CC(=O)Nc1cc2c(Nc3ccc(Br)c(F)c3F)ncnc2cc1OCCNC(=O)CCCN(C)C,6.02,0.0,1
CHEMBL279,C=CC(=O)Nc1cc2c(Nc3ccc(Br)c(F)c3F)ncnc2cc1OCCNC(=O)CCN(CC)CC,6.66,0.0,1
CHEMBL279,C=CC(=O)Nc1cc2c(Nc3ccc(Br)c(F)c3F)ncnc2cc1OCCNC(=O)CCN1CCCCC1,6.85,0.0,1
CHEMBL279,C=CC(=O)Nc1cc2c(Nc3ccc(Br)c(F)c3F)ncnc2cc1OCCNC(=O)CN(C)C,6.87,0.0,1
CHEMBL279,C=CC(=O)Nc1cc2c(Nc3ccc(Br)cc3C(F)(F)F)ncnc2cc1OCCNC(C)=O,5.0,0.0,1
CHEMBL279,C=CC(=O)Nc1cc2c(Nc3ccc(Br)cc3Cl)ncnc2cc1OCCNC(C)=O,6.07,0.0,1
CHEMBL279,C=CC(=O)Nc1cc2c(Nc3ccc(Br)cc3F)ncnc2cc1OC(C)CNC(C)=O,7.11,0.0,1
CHEMBL279,C=CC(=O)Nc1cc2c(Nc3ccc(Br)cc3F)ncnc2cc1OC1CCCN(C(C)=O)C1,5.0,0.0,1
CHEMBL279,C=CC(=O)Nc1cc2c(Nc3ccc(Br)cc3F)ncnc2cc1OC1CCN(C(C)=O)C1,5.0,0.0,1
CHEMBL279,C=CC(=O)Nc1cc2c(Nc3ccc(Br)cc3F)ncnc2cc1OCC(=O)NCCN(CC)CC,6.02,0.0,1
CHEMBL279,C=CC(=O)Nc1cc2c(Nc3ccc(Br)cc3F)ncnc2cc1OCC(C)(C)NC(=O)CN(C)C,5.0,0.0,1
CHEMBL279,C=CC(=O)Nc1cc2c(Nc3ccc(Br)cc3F)ncnc2cc1OCC(C)NC(=O)CCN(CC)CC,6.6,0.0,1
CHEMBL279,C=CC(=O)Nc1cc2c(Nc3ccc(Br)cc3F)ncnc2cc1OCC(C)NC(=O)CN(C)C,6.36,0.0,1
CHEMBL279,C=CC(=O)Nc1cc2c(Nc3ccc(Br)cc3F)ncnc2cc1OCC(C)NC(=O)NCCC,6.11,0.0,1
CHEMBL279,C=CC(=O)Nc1cc2c(Nc3ccc(Br)cc3F)ncnc2cc1OCC(C)NC(C)=O,7.39,0.0,1
CHEMBL279,C=CC(=O)Nc1cc2c(Nc3ccc(Br)cc3F)ncnc2cc1OCC(CC)NC(=O)CN(C)C,6.01,0.0,1
CHEMBL279,C=CC(=O)Nc1cc2c(Nc3ccc(Br)cc3F)ncnc2cc1OCC(CC)NC(C)=O,7.01,0.0,1
CHEMBL279,C=CC(=O)Nc1cc2c(Nc3ccc(Br)cc3F)ncnc2cc1OCC(NC(=O)CN(C)C)C(C)C,5.0,0.0,1
CHEMBL279,C=CC(=O)Nc1cc2c(Nc3ccc(Br)cc3F)ncnc2cc1OCC1=NCCO1,6.32,0.0,1
CHEMBL279,C=CC(=O)Nc1cc2c(Nc3ccc(Br)cc3F)ncnc2cc1OCC1CCN(C(=O)C(F)(F)F)CC1,6.6,0.0,1
CHEMBL279,C=CC(=O)Nc1cc2c(Nc3ccc(Br)cc3F)ncnc2cc1OCC1CCN(C(=O)C=C)CC1,6.69,0.0,1
CHEMBL279,C=CC(=O)Nc1cc2c(Nc3ccc(Br)cc3F)ncnc2cc1OCC1CCN(C(=O)CN(C)C)CC1,7.26,0.0,1
CHEMBL279,C=CC(=O)Nc1cc2c(Nc3ccc(Br)cc3F)ncnc2cc1OCC1CCN(C(=O)CS(C)(=O)=O)CC1,6.97,0.0,1
CHEMBL279,C=CC(=O)Nc1cc2c(Nc3ccc(Br)cc3F)ncnc2cc1OCC1CCN(C(=O)NC(C)(C)C)CC1,7.3,0.0,1
CHEMBL279,C=CC(=O)Nc1cc2c(Nc3ccc(Br)cc3F)ncnc2cc1OCC1CCN(C(=O)NCC)CC1,6.87,0.0,1
CHEMBL279,C=CC(=O)Nc1cc2c(Nc3ccc(Br)cc3F)ncnc2cc1OCC1CCN(C(=O)NCCC)CC1,7.35,0.0,1
CHEMBL279,C=CC(=O)Nc1cc2c(Nc3ccc(Br)cc3F)ncnc2cc1OCC1CCN(C(C)=O)CC1,6.88,0.0,1
CHEMBL279,C=CC(=O)Nc1cc2c(Nc3ccc(Br)cc3F)ncnc2cc1OCC1CCN(C(N)=O)CC1,6.87,0.0,1
CHEMBL279,C=CC(=O)Nc1cc2c(Nc3ccc(Br)cc3F)ncnc2cc1OCC1CNC(=O)O1,6.23,0.0,1
CHEMBL279,C=CC(=O)Nc1cc2c(Nc3ccc(Br)cc3F)ncnc2cc1OCCCC(=O)CN(C)C,6.99,0.0,1
CHEMBL279,C=CC(=O)Nc1cc2c(Nc3ccc(Br)cc3F)ncnc2cc1OCCCCNC(C)=O,6.26,0.0,1
CHEMBL279,C=CC(=O)Nc1cc2c(Nc3ccc(Br)cc3F)ncnc2cc1OCCCNC,6.81,0.0,1
CHEMBL279,C=CC(=O)Nc1cc2c(Nc3ccc(Br)cc3F)ncnc2cc1OCCCNC(=O)C(F)(F)F,6.23,0.0,1
CHEMBL279,C=CC(=O)Nc1cc2c(Nc3ccc(Br)cc3F)ncnc2cc1OCCCNC(=O)CN(C)C,6.46,0.0,1
CHEMBL279,C=CC(=O)Nc1cc2c(Nc3ccc(Br)cc3F)ncnc2cc1OCCCNC(=O)CS(C)(=O)=O,6.48,0.0,1
CHEMBL279,C=CC(=O)Nc1cc2c(Nc3ccc(Br)cc3F)ncnc2cc1OCCCNC(=O)NCC,6.68,0.0,1
CHEMBL279,C=CC(=O)Nc1cc2c(Nc3ccc(Br)cc3F)ncnc2cc1OCCCNC(C)=O,6.8,0.0,1
CHEMBL279,C=CC(=O)Nc1cc2c(Nc3ccc(Br)cc3F)ncnc2cc1OCCCNCC(C)=O,7.03,0.0,1
CHEMBL279,C=CC(=O)Nc1cc2c(Nc3ccc(Br)cc3F)ncnc2cc1OCCCNCCC=O,6.16,0.0,1
CHEMBL279,C=CC(=O)Nc1cc2c(Nc3ccc(Br)cc3F)ncnc2cc1OCCN,6.26,0.0,1
CHEMBL279,C=CC(=O)Nc1cc2c(Nc3ccc(Br)cc3F)ncnc2cc1OCCN(C)C,6.35,0.0,1
CHEMBL279,C=CC(=O)Nc1cc2c(Nc3ccc(Br)cc3F)ncnc2cc1OCCN(C)C(C)=O,6.16,0.0,1
CHEMBL279,C=CC(=O)Nc1cc2c(Nc3ccc(Br)cc3F)ncnc2cc1OCCNC,6.29,0.0,1
CHEMBL279,C=CC(=O)Nc1cc2c(Nc3ccc(Br)cc3F)ncnc2cc1OCCNC(=O)C(=C)C,6.07,0.0,1
CHEMBL279,C=CC(=O)Nc1cc2c(Nc3ccc(Br)cc3F)ncnc2cc1OCCNC(=O)C(=O)O,7.08,0.0,1
CHEMBL279,C=CC(=O)Nc1cc2c(Nc3ccc(Br)cc3F)ncnc2cc1OCCNC(=O)C(=O)OCC,6.6,0.0,1
CHEMBL279,C=CC(=O)Nc1cc2c(Nc3ccc(Br)cc3F)ncnc2cc1OCCNC(=O)C(C)C,6.16,0.0,1
CHEMBL279,C=CC(=O)Nc1cc2c(Nc3ccc(Br)cc3F)ncnc2cc1OCCNC(=O)C(C)CN(C)C,6.43,0.0,1
CHEMBL279,C=CC(=O)Nc1cc2c(Nc3ccc(Br)cc3F)ncnc2cc1OCCNC(=O)C(C)N,6.78,0.0,1
CHEMBL279,C=CC(=O)Nc1cc2c(Nc3ccc(Br)cc3F)ncnc2cc1OCCNC(=O)C(C)N(C)C,6.02,0.0,1
CHEMBL279,C=CC(=O)Nc1cc2c(Nc3ccc(Br)cc3F)ncnc2cc1OCCNC(=O)C(CO)N(C)C,6.1,0.0,1
CHEMBL279,C=CC(=O)Nc1cc2c(Nc3ccc(Br)cc3F)ncnc2cc1OCCNC(=O)C(COC)N(C)C,5.95,0.0,1
CHEMBL279,C=CC(=O)Nc1cc2c(Nc3ccc(Br)cc3F)ncnc2cc1OCCNC(=O)C(F)(F)F,6.3,0.0,1
CHEMBL279,C=CC(=O)Nc1cc2c(Nc3ccc(Br)cc3F)ncnc2cc1OCCNC(=O)C(F)F,6.28,0.0,1
CHEMBL279,C=CC(=O)Nc1cc2c(Nc3ccc(Br)cc3F)ncnc2cc1OCCNC(=O)C1CC1,6.29,0.0,1
CHEMBL279,C=CC(=O)Nc1cc2c(Nc3ccc(Br)cc3F)ncnc2cc1OCCNC(=O)C1CCCN1,6.18,0.0,1
CHEMBL279,C=CC(=O)Nc1cc2c(Nc3ccc(Br)cc3F)ncnc2cc1OCCNC(=O)C1CCCN1C,6.005,0.007071067811865324,2
CHEMBL279,C=CC(=O)Nc1cc2c(Nc3ccc(Br)cc3F)ncnc2cc1OCCNC(=O)C1CCCN1C(=O)CC,6.07,0.0,1
CHEMBL279,C=CC(=O)Nc1cc2c(Nc3ccc(Br)cc3F)ncnc2cc1OCCNC(=O)C1CCCN1C(C)=O,6.18,0.0,1
CHEMBL279,C=CC(=O)Nc1cc2c(Nc3ccc(Br)cc3F)ncnc2cc1OCCNC(=O)C=CC,7.18,0.0,1
CHEMBL279,C=CC(=O)Nc1cc2c(Nc3ccc(Br)cc3F)ncnc2cc1OCCNC(=O)C=CCC,6.45,0.0,1
CHEMBL279,C=CC(=O)Nc1cc2c(Nc3ccc(Br)cc3F)ncnc2cc1OCCNC(=O)C=CCN(C)C,6.06,0.0,1
CHEMBL279,C=CC(=O)Nc1cc2c(Nc3ccc(Br)cc3F)ncnc2cc1OCCNC(=O)C=NOC,6.17,0.0,1
CHEMBL279,C=CC(=O)Nc1cc2c(Nc3ccc(Br)cc3F)ncnc2cc1OCCNC(=O)CC,6.33,0.0,1
CHEMBL279,C=CC(=O)Nc1cc2c(Nc3ccc(Br)cc3F)ncnc2cc1OCCNC(=O)CC(C)N(C)C,6.18,0.0,1
CHEMBL279,C=CC(=O)Nc1cc2c(Nc3ccc(Br)cc3F)ncnc2cc1OCCNC(=O)CCC,6.02,0.0,1
CHEMBL279,C=CC(=O)Nc1cc2c(Nc3ccc(Br)cc3F)ncnc2cc1OCCNC(=O)CCCN(C)C,6.9,0.0,1
CHEMBL279,C=CC(=O)Nc1cc2c(Nc3ccc(Br)cc3F)ncnc2cc1OCCNC(=O)CCN,6.13,0.0,1
CHEMBL279,C=CC(=O)Nc1cc2c(Nc3ccc(Br)cc3F)ncnc2cc1OCCNC(=O)CCN(C)C,6.45,0.0,1
CHEMBL279,C=CC(=O)Nc1cc2c(Nc3ccc(Br)cc3F)ncnc2cc1OCCNC(=O)CCN(CC)CC,6.7,0.0,1
CHEMBL279,C=CC(=O)Nc1cc2c(Nc3ccc(Br)cc3F)ncnc2cc1OCCNC(=O)CCN1CCCCC1,6.03,0.0,1
CHEMBL279,C=CC(=O)Nc1cc2c(Nc3ccc(Br)cc3F)ncnc2cc1OCCNC(=O)CCO,6.67,0.0,1
CHEMBL279,C=CC(=O)Nc1cc2c(Nc3ccc(Br)cc3F)ncnc2cc1OCCNC(=O)CCOC,6.64,0.0,1
CHEMBL279,C=CC(=O)Nc1cc2c(Nc3ccc(Br)cc3F)ncnc2cc1OCCNC(=O)CN,6.63,0.0,1
CHEMBL279,C=CC(=O)Nc1cc2c(Nc3ccc(Br)cc3F)ncnc2cc1OCCNC(=O)CN(C)C,6.23,0.0,1
CHEMBL279,C=CC(=O)Nc1cc2c(Nc3ccc(Br)cc3F)ncnc2cc1OCCNC(=O)CN(C)CC,6.18,0.0,1
CHEMBL279,C=CC(=O)Nc1cc2c(Nc3ccc(Br)cc3F)ncnc2cc1OCCNC(=O)CN(CC)CC,6.33,0.0,1
CHEMBL279,C=CC(=O)Nc1cc2c(Nc3ccc(Br)cc3F)ncnc2cc1OCCNC(=O)CN1CC=CC1,6.31,0.0,1
CHEMBL279,C=CC(=O)Nc1cc2c(Nc3ccc(Br)cc3F)ncnc2cc1OCCNC(=O)CN1CCC1,6.02,0.0,1
CHEMBL279,C=CC(=O)Nc1cc2c(Nc3ccc(Br)cc3F)ncnc2cc1OCCNC(=O)CN1CCCC1,6.7,0.0,1
CHEMBL279,C=CC(=O)Nc1cc2c(Nc3ccc(Br)cc3F)ncnc2cc1OCCNC(=O)CN1CCCCC1,6.07,0.0,1
CHEMBL279,C=CC(=O)Nc1cc2c(Nc3ccc(Br)cc3F)ncnc2cc1OCCNC(=O)CN1CCN(C)CC1,6.18,0.0,1
CHEMBL279,C=CC(=O)Nc1cc2c(Nc3ccc(Br)cc3F)ncnc2cc1OCCNC(=O)CN1CCOCC1,6.11,0.0,1
CHEMBL279,C=CC(=O)Nc1cc2c(Nc3ccc(Br)cc3F)ncnc2cc1OCCNC(=O)CNC,6.16,0.0,1
CHEMBL279,C=CC(=O)Nc1cc2c(Nc3ccc(Br)cc3F)ncnc2cc1OCCNC(=O)CO,6.49,0.0,1
CHEMBL279,C=CC(=O)Nc1cc2c(Nc3ccc(Br)cc3F)ncnc2cc1OCCNC(=O)COC,6.79,0.0,1
CHEMBL279,C=CC(=O)Nc1cc2c(Nc3ccc(Br)cc3F)ncnc2cc1OCCNC(=O)CS(C)(=O)=O,6.68,0.0,1
CHEMBL279,C=CC(=O)Nc1cc2c(Nc3ccc(Br)cc3F)ncnc2cc1OCCNC(=O)CSC,6.2,0.0,1
CHEMBL279,C=CC(=O)Nc1cc2c(Nc3ccc(Br)cc3F)ncnc2cc1OCCNC(=O)N1CCN(C(C)=O)CC1,6.11,0.0,1
CHEMBL279,C=CC(=O)Nc1cc2c(Nc3ccc(Br)cc3F)ncnc2cc1OCCNC(=O)N1CCN(C)CC1,6.45,0.0,1
CHEMBL279,C=CC(=O)Nc1cc2c(Nc3ccc(Br)cc3F)ncnc2cc1OCCNC(=O)N1CCNCC1,6.16,0.0,1
CHEMBL279,C=CC(=O)Nc1cc2c(Nc3ccc(Br)cc3F)ncnc2cc1OCCNC(=O)N1CCOCC1,6.71,0.0,1
CHEMBL279,C=CC(=O)Nc1cc2c(Nc3ccc(Br)cc3F)ncnc2cc1OCCNC(=O)NC(C)C,6.05,0.0,1
CHEMBL279,C=CC(=O)Nc1cc2c(Nc3ccc(Br)cc3F)ncnc2cc1OCCNC(=O)NC(C)CC,6.49,0.0,1
CHEMBL279,C=CC(=O)Nc1cc2c(Nc3ccc(Br)cc3F)ncnc2cc1OCCNC(=O)NCC,6.6,0.0,1
CHEMBL279,C=CC(=O)Nc1cc2c(Nc3ccc(Br)cc3F)ncnc2cc1OCCNC(=O)NCCC,6.34,0.0,1
CHEMBL279,C=CC(=O)Nc1cc2c(Nc3ccc(Br)cc3F)ncnc2cc1OCCNC(=O)OC,7.08,0.0,1
CHEMBL279,C=CC(=O)Nc1cc2c(Nc3ccc(Br)cc3F)ncnc2cc1OCCNC(=O)c1ccc[nH]1,6.0,0.0,1
CHEMBL279,C=CC(=O)Nc1cc2c(Nc3ccc(Br)cc3F)ncnc2cc1OCCNC(=O)c1cccs1,6.89,0.0,1
CHEMBL279,C=CC(=O)Nc1cc2c(Nc3ccc(Br)cc3F)ncnc2cc1OCCNC(=S)NC,6.34,0.0,1
CHEMBL279,C=CC(=O)Nc1cc2c(Nc3ccc(Br)cc3F)ncnc2cc1OCCNC(=S)NCC,6.45,0.0,1
CHEMBL279,C=CC(=O)Nc1cc2c(Nc3ccc(Br)cc3F)ncnc2cc1OCCNC(C)=O,7.02,0.0,1
CHEMBL279,C=CC(=O)Nc1cc2c(Nc3ccc(Br)cc3F)ncnc2cc1OCCNC(N)=O,6.6,0.0,1
CHEMBL279,C=CC(=O)Nc1cc2c(Nc3ccc(Br)cc3F)ncnc2cc1OCCNCC(C)=O,6.6,0.0,1
CHEMBL279,C=CC(=O)Nc1cc2c(Nc3ccc(Br)cc3F)ncnc2cc1OCCNS(C)(=O)=O,6.43,0.0,1
CHEMBL279,C=CC(=O)Nc1cc2c(Nc3ccc(Br)cc3F)ncnc2cc1OCCNc1nccs1,6.32,0.0,1
CHEMBL279,C=CC(=O)Nc1cc2c(Nc3ccc(Br)cc3F)ncnc2cc1OCCOC,6.59,0.0,1
CHEMBL279,C=CC(=O)Nc1cc2c(Nc3ccc(Br)cc3F)ncnc2cc1OCCOCCOC(=O)CC(=O)O,6.55,0.0,1
CHEMBL279,C=CC(=O)Nc1cc2c(Nc3ccc(Br)cc3F)ncnc2cc1OCCOCCOC(=O)CC(=O)OCC,6.01,0.0,1
CHEMBL279,C=CC(=O)Nc1cc2c(Nc3ccc(Br)cc3F)ncnc2cc1OC[C@@H](C)NC(C)=O,6.8,0.0,1
CHEMBL279,C=CC(=O)Nc1cc2c(Nc3ccc(Br)cc3F)ncnc2cc1OC[C@H](C)NC(C)=O,7.15,0.0,1
CHEMBL279,C=CC(=O)Nc1cc2c(Nc3ccc(Br)cc3F)ncnc2cc1OCc1ccncc1,6.3,0.0,1
CHEMBL279,C=CC(=O)Nc1cc2c(Nc3ccc(Br)cc3F)ncnc2cc1SCCNC(C)=O,6.11,0.0,1
CHEMBL279,C=CC(=O)Nc1cc2c(Nc3ccc(Cl)cc3Cl)ncnc2cc1OCCNC(C)=O,6.57,0.0,1
CHEMBL279,C=CC(=O)Nc1cc2c(Nc3ccc(Cl)cc3F)ncnc2cc1OCCNC(=O)CN(C)C,6.12,0.0,1
CHEMBL279,C=CC(=O)Nc1cc2c(Nc3ccc(Cl)cc3F)ncnc2cc1OCCNC(C)=O,6.94,0.0,1
CHEMBL279,C=CC(=O)Nc1cc2c(Nc3ccc(Cl)nc3)ncnc2cc1OCCNC(C)=O,6.08,0.0,1
CHEMBL279,C=CC(=O)Nc1cc2c(Nc3ccc(F)c(Cl)c3)ncnc2cc1OCCCN1CCOCC1,4.6,0.0,1
CHEMBL279,C=CC(=O)Nc1cc2c(Nc3ccc(F)c(Cl)c3)ncnc2cc1OCCNC(C)=O,5.0,0.0,1
CHEMBL279,C=CC(=O)Nc1cc2c(Nc3ccc(F)c(F)c3F)ncnc2cc1OCC1CCN(C(C)=O)CC1,6.6,0.0,1
CHEMBL279,C=CC(=O)Nc1cc2c(Nc3ccc(F)c(F)c3F)ncnc2cc1OCCNC(C)=O,6.31,0.0,1
CHEMBL279,C=CC(=O)Nc1cc2c(Nc3ccc(F)cc3F)ncnc2cc1OCCNC(=O)CN(C)C,6.16,0.0,1
CHEMBL279,C=CC(=O)Nc1cc2c(Nc3ccc(OCc4cccnc4)c(Cl)c3)ncnc2cc1OCCNC(C)=O,6.07,0.0,1
CHEMBL279,C=CC(=O)Nc1cc2c(Nc3cccc(Cl)c3F)ncnc2cc1OCCNC(=O)CN(C)C,6.03,0.0,1
CHEMBL279,C=CC(=O)Nc1cc2c(cc1OCCNC(=O)CN(C)C)NCN=C2Nc1ccc(Br)cc1F,6.99,0.0,1
CHEMBL279,C=CC(=O)Nc1ccc(-c2ccc(NC(=O)Nc3ccc(F)cc3)cc2)cn1,8.1,0.0,1
CHEMBL279,C=CC(=O)Nc1ccc(-c2ccc(NC(=O)Nc3cccc(C(C)C)c3)cc2)cn1,8.68,0.0,1
CHEMBL279,C=CC(=O)Nc1ccc(-c2ccc(NC(=O)Nc3cccc(C(F)(F)F)c3)cc2)cn1,6.49,0.0,1
CHEMBL279,C=CC(=O)Nc1ccc(-c2ccc(NC(=O)Nc3cccc(Cl)c3)cc2)cn1,8.63,0.0,1
CHEMBL279,C=CC(=O)Nc1ccc(C(=O)Nc2ccc(C)c(Nc3nc(C)cc(-c4cccnc4)n3)c2)cc1,5.52,0.0,1
CHEMBL279,C=CC(=O)Nc1ccc(C(=O)Nc2ccc(C)c(Nc3nccc(-c4cccnc4)n3)c2)cc1C(F)(F)F,5.52,0.0,1
CHEMBL279,C=CC(=O)Nc1ccc(CCn2c(=O)c(-c3ccccc3Cl)cc3cnc(NCCCCN(CC)CC)nc32)cc1,5.99,0.0,1
CHEMBL279,C=CC(=O)Nc1ccc2ncn(-c3cncc(Nc4ccccc4)n3)c2c1,6.26,0.0,1
CHEMBL279,C=CC(=O)Nc1cccc(-c2ccc(NC(=O)Nc3c(C)cccc3C)cc2)n1,6.38,0.0,1
CHEMBL279,C=CC(=O)Nc1cccc(-c2ccc(NC(=O)Nc3ccc(C(C)(C)C)cc3)cc2)n1,7.92,0.0,1
CHEMBL279,C=CC(=O)Nc1cccc(-c2ccc(NC(=O)Nc3ccc(C)c(Cl)c3)cc2)n1,8.15,0.0,1
CHEMBL279,C=CC(=O)Nc1cccc(-c2ccc(NC(=O)Nc3ccc(Cl)c(C(F)(F)F)c3)cc2)n1,8.21,0.0,1
CHEMBL279,C=CC(=O)Nc1cccc(-c2ccc(NC(=O)Nc3cccc(C(F)(F)F)c3)cc2)n1,7.72,0.0,1
CHEMBL279,C=CC(=O)Nc1cccc(-c2ccc(NC(=O)Nc3cccc(Cl)c3)cc2)n1,6.91,0.0,1
CHEMBL279,C=CC(=O)Nc1cccc(-c2ccc(NC(=O)Nc3ccccc3F)cc2)n1,7.95,0.0,1
CHEMBL279,C=CC(=O)Nc1cccc(-c2cccc3cnc(Nc4ccc(N5CCN(C)CC5)cc4F)nc23)c1,6.52,0.0,1
CHEMBL279,C=CC(=O)Nc1cccc(-c2cccc3cnc(Nc4ccc(N5CCN(CCO)CC5)c(F)c4F)nc23)c1,6.52,0.0,1
CHEMBL279,C=CC(=O)Nc1cccc(-c2cccc3cnc(Nc4ccc(N5CCN(CCO)CC5)cc4F)nc23)c1,6.52,0.0,1
CHEMBL279,C=CC(=O)Nc1cccc(CCn2c(=O)c(-c3ccccc3Cl)cc3cnc(NCCCCN(CC)CC)nc32)c1,6.0,0.0,1
CHEMBL279,C=CCCCCN1CCOC(COc2cc3ncnc(Nc4ccc(Cl)c(Cl)c4)c3cc2OC)C1,4.98,0.0,1
CHEMBL279,C=CCCOc1cc2ncnc(Nc3ccc(Br)cc3F)c2cc1NC(=O)C=C,6.28,0.0,1
CHEMBL279,C=CCN(c1cc(F)cc(OC)c1)c1ccc2ncc(-c3cnn(C)c3)nc2c1,6.38,0.0,1
CHEMBL279,C=CCN(c1cc(OC)cc(OC)c1)c1ccc2ncc(-c3cnn(C)c3)nc2c1,6.63,0.0,1
CHEMBL279,C=CCNC(=O)NCCOc1cc2ncnc(Nc3ccc(Br)cc3F)c2cc1NC(=O)C=C,6.81,0.0,1
CHEMBL279,C=CCNc1nc2c3c(-c4ccccc4)c(-c4ccccc4)oc3ncn2n1,7.0,0.0,1
CHEMBL279,C=CCO/N=C/c1c(N)ncnc1Oc1ccc2[nH]c(C)cc2c1F,7.28,0.0,1
CHEMBL279,C=CCOC1=CC(=O)C(Nc2ncnc3cc(OCCCN4CCCC4)c(OC)cc23)=CC1=O,7.166666666666667,0.09609023536933008,3
CHEMBL279,C=CCOc1nc(Nc2ccc(S(C)(=O)=O)cc2)ncc1C(F)(F)F,6.07,0.0,1
CHEMBL279,C=CCS(=O)(=O)c1ccc(Nc2ncc(C(F)(F)F)c(O[C@H](C)C(C)(C)O)n2)cc1,6.34,0.0,1
CHEMBL279,C=CCc1cccc(/C=N/NC(=O)Nc2ccc(Oc3ccnc4cc(OCCCN5CCCCC5)c(OC)cc34)c(F)c2)c1O,6.68,0.0,1
CHEMBL279,C=CCn1c2ccc(C3CCCCO3)cc2c2c3c(c4c(c21)CCc1nn(C)cc1-4)C(=O)NC3,7.75,0.0,1
CHEMBL279,C=CCn1nc(-c2ccc(OCC)c(OC)c2)c2c(N)ncnc21,4.0,0.0,1
CHEMBL279,C=CNC(=O)NCCOc1cc2ncnc(Nc3ccc(Br)cc3F)c2cc1NC(=O)C=C,6.58,0.0,1
CHEMBL279,C=CS(=O)(=O)Nc1ccc(C(=O)Nc2ccc(C)c(Nc3nccc(-c4cccnc4)n3)c2)cc1,5.66,0.0,1
CHEMBL279,C=Cc1cc(OC)cc(N(CC2CC2)c2ccc3ncc(-c4cnn(C)c4)nc3c2)c1,6.11,0.0,1
CHEMBL279,C=S(C)(=O)NC(=O)c1c[nH]c(-c2cc(Oc3ccc(NC(=O)Nc4cc(C)ccc4F)cc3)ccn2)c1,8.1,0.0,1
CHEMBL279,C=S(C)(=O)NC(=O)c1c[nH]c(-c2cc(Oc3ccc(NC(=O)Nc4ccc(Cl)c(C(F)(F)F)c4)cc3)ccn2)c1,7.34,0.0,1
CHEMBL279,C=S(C)(=O)NC(=O)c1c[nH]c(-c2cc(Oc3ccc(NC(=O)Nc4cccc(C)c4)cc3)ccn2)c1,7.75,0.0,1
CHEMBL279,C=S(C)(=O)NC(=O)c1c[nH]c(-c2cc(Oc3cccc(NC(=O)c4occc4C)c3)ccn2)c1,7.43,0.0,1
CHEMBL279,C=S(C)(=O)NC(=O)c1cc(-c2cc(Oc3ccc(NC(=O)Nc4cc(C)ccc4F)cc3)ccn2)c[nH]1,7.48,0.0,1
CHEMBL279,C=S(N)(=O)c1ccc(Nc2ncc(Br)c(N[C@H](C)CO)n2)cc1,7.4,0.0,1
CHEMBL279,C=c1[nH]c2ccc(Br)cc2/c1=C/c1cc2c([nH]1)CN(CCN(CC)CC)C2=O,4.6,0.0,1
CHEMBL279,CC#Cc1cc(-c2n[nH]c3c2Cc2cc(CN4CCN(C)CC4)ccc2-3)cs1,6.0,0.0,1
CHEMBL279,CC(=O)/C(=N\Nc1ccccc1)Sc1nnc(-c2cc3ccccc3[nH]2)n1/N=C/c1ccc(C)cc1,7.12,0.0,1
CHEMBL279,CC(=O)CC1(O)C(=O)c2c(oc3cc(O)c(O)cc23)-c2oc3cc(O)c(O)cc3c21,4.28,0.0,1
CHEMBL279,CC(=O)N1CC=C(c2cc3nccc(Oc4ccc(NC(=O)c5cnn(-c6ccccc6)c5C(F)(F)F)cc4F)c3s2)CC1,5.85,0.0,1
CHEMBL279,CC(=O)N1CCC(c2ccc(-c3cc4nccnc4c(NC[C@@H]4CNCCO4)n3)cc2F)CC1,6.58,0.0,1
CHEMBL279,CC(=O)N1CCC(n2cc(-c3ccn4c(-c5cccc(NC(=O)NCC(F)(F)F)c5)cnc4c3)cn2)CC1,8.1,0.0,1
CHEMBL279,CC(=O)N1CCN(CCOc2cc(OC(C)C)c3c(Nc4c(F)ccc5c4OCO5)ncnc3c2)CC1,5.19,0.0,1
CHEMBL279,CC(=O)N1CCN(CCOc2ccc3[nH]c(-c4cc5ccccc5nc4O)cc3c2)CC1,8.4,0.0,1
CHEMBL279,CC(=O)N1CCN(Cc2cc(C)cc(Nc3nccc(-n4ccnc4-c4ccccc4)n3)c2)CC1,7.5,0.0,1
CHEMBL279,CC(=O)N1CCN(Cc2ccnc(Nc3ncc(-c4ccccc4)s3)c2)CC1,8.1,0.0,1
CHEMBL279,CC(=O)N1CCN(Cc2ccnc(Nc3ncc(C#N)s3)c2)CC1,7.89,0.0,1
CHEMBL279,CC(=O)N1CCN(c2cc(Nc3ncc(C#N)s3)ncn2)CC1,7.89,0.0,1
CHEMBL279,CC(=O)N1CCN(c2ccc(-c3cc4nccnc4c(NC[C@@H]4CNCCO4)n3)cc2)CC1,6.78,0.0,1
CHEMBL279,CC(=O)N1CCN(c2ccc(-c3cc4nccnc4c(NC[C@@H]4CNCCO4)n3)cc2F)CC1,6.71,0.0,1
CHEMBL279,CC(=O)N1CCN(c2ccc(-c3ccn4c(-c5cccc(NC(=O)NCC(F)(F)F)c5)cnc4c3)cn2)CC1,7.87,0.0,1
CHEMBL279,CC(=O)N1CCN(c2nccc(Nc3ncc(C#N)s3)n2)CC1,6.82,0.0,1
CHEMBL279,CC(=O)N1CCS(=O)(=NC(=O)c2cncc(C#Cc3cccc(NC(=O)c4occc4C)c3)c2)CC1,8.52,0.0,1
CHEMBL279,CC(=O)N1CCc2[nH]c(/C=C3\C(=O)Nc4ccc(C#N)cc43)cc2C1,7.7,0.0,1
CHEMBL279,CC(=O)N1CCc2[nH]c(/C=C3\C(=O)Nc4ccc(C(F)(F)F)cc43)cc2C1,6.5,0.0,1
CHEMBL279,CC(=O)N1CCc2[nH]c(/C=C3\C(=O)Nc4ccc(OC(C)C)cc43)cc2C1,6.05,0.0,1
CHEMBL279,CC(=O)N1CCc2[nH]c(/C=C3\C(=O)Nc4ccc([N+](=O)[O-])cc43)cc2C1,7.22,0.0,1
CHEMBL279,CC(=O)N1CCc2c(ncnc2Oc2ccc3c(ccn3C(=O)Nc3cccc(C(F)(F)F)c3)c2)C1,8.15,0.0,1
CHEMBL279,CC(=O)N1Cc2ncnc(Oc3ccc4c(ccn4C(=O)Nc4cc(C5CC5)on4)c3)c2C[C@@H]1C,8.26,0.0,1
CHEMBL279,CC(=O)N1N=C(C2CCCO2)CC1c1cn(-c2ccccc2)nc1-c1cccc([N+](=O)[O-])c1,6.66,0.0,1
CHEMBL279,CC(=O)NC[C@H]1CC[C@H](c2nc(-c3cc4ccccc4[nH]3)c3c(N)nccn32)CC1,5.38,0.0,1
CHEMBL279,CC(=O)Nc1c(C(N)=O)sc2[nH]nc(C)c12,4.72,0.0,1
CHEMBL279,CC(=O)Nc1cc(-c2ccc(NC(=O)Nc3cc(C(C)(C)C)on3)cc2)[nH]n1,7.68,0.0,1
CHEMBL279,CC(=O)Nc1cc(NC(=O)Nc2ccc(Oc3ccnc(NC(=O)C4CC4)c3)c(F)c2)cc(C(F)(F)F)c1,7.85,0.0,1
CHEMBL279,CC(=O)Nc1cc(Nc2nccc(Nc3ccc4[nH]ncc4c3)n2)ccc1C,7.24,0.0,1
CHEMBL279,CC(=O)Nc1cc(Oc2ccc(NC(=O)Nc3cccc(C(F)(F)F)c3)cc2)ncn1,8.89,0.0,1
CHEMBL279,CC(=O)Nc1cc(Oc2ccc(Nc3nccc4[nH]cc(-c5ccc(F)cc5)c(=O)c34)cc2F)ccn1,7.42,0.0,1
CHEMBL279,CC(=O)Nc1ccc(-c2ccc(NC(=O)Nc3cccc(C)c3)cc2)c2c1C(=O)NC2,7.19,0.0,1
CHEMBL279,CC(=O)Nc1ccc(NC(=O)c2cc(C(=O)Nc3cccc(C(F)(F)F)c3)ccc2C)cn1,6.94,0.0,1
CHEMBL279,CC(=O)Nc1ccc2c(Cl)c(-c3nn(C(C)(C)C)c4ncnc(N)c34)[nH]c2c1,5.98,0.0,1
CHEMBL279,CC(=O)Nc1ccc2c(c1)/C(=C/c1cc3c([nH]1)CCN(C(=O)N1CCOCC1)C3)C(=O)N2,8.15,0.0,1
CHEMBL279,CC(=O)Nc1ccc2c(c1)C(c1ccccc1Cl)=Nc1c[nH]nc1N2,7.48,0.0,1
CHEMBL279,CC(=O)Nc1ccc2cc(-c3nn(C(C)(C)C)c4ncnc(N)c34)[nH]c2c1,5.97,0.0,1
CHEMBL279,CC(=O)Nc1cn2cc(-c3cc(NC(=O)c4cc(C(F)(F)F)ccn4)ccc3C)ccc2n1,5.7,0.0,1
CHEMBL279,CC(=O)Nc1cn2cc(-c3cc(NC(=O)c4ccc(CN5CCN(C)CC5)c(C(F)(F)F)c4)ccc3C)ccc2n1,6.96,0.0,1
CHEMBL279,CC(=O)Nc1cn2cc(-c3cc(NC(=O)c4cccc(C(C)(C)C)c4)ccc3C)ccc2n1,7.36,0.0,1
CHEMBL279,CC(=O)Nc1cn2cc(-c3cc(NC(=O)c4cccc(C(F)(F)F)c4)ccc3C)ccc2n1,6.5,0.0,1
CHEMBL279,CC(=O)Nc1cn2cc(-c3cc(NC(=O)c4cccc(Cl)c4)ccc3C)ccc2n1,5.57,0.0,1
CHEMBL279,CC(=O)Nc1cn2cc(-c3cc(NC(=O)c4ccccc4)ccc3C)ccc2n1,4.96,0.0,1
CHEMBL279,CC(=O)Nc1cn2nc(C#Cc3ccc(NC(=O)Nc4cccc(C)c4)cc3)ccc2n1,5.5,0.0,1
CHEMBL279,CC(=O)Nc1cn2nc(Oc3cccc(NC(=O)c4cccc(F)c4)c3)ccc2n1,8.96,0.0,1
CHEMBL279,CC(=O)Nc1n[nH]c2cc(-c3cnn(CC(=O)Nc4ccc(C)c(C(F)(F)F)c4)c3)ccc12,8.8,0.0,1
CHEMBL279,CC(=O)Nc1nc2ccc(N(C)c3ccc(F)c(NC(=O)c4cccc(OC(C)(C)C#N)c4)c3)nc2s1,8.0,0.0,1
CHEMBL279,CC(=O)Nc1nc2ccc(N(C)c3ccc(F)c(NC(=O)c4cccc(OC(C)(C)C#N)c4Cl)c3)nc2s1,7.85,0.0,1
CHEMBL279,CC(=O)Nc1nc2cnc(Nc3cc(NC(=O)c4cccc(C5(C#N)CC5)c4Cl)ccc3C)nc2s1,6.47,0.0,1
CHEMBL279,CC(=O)Nc1nc2cnc(Nc3cc(NC(=O)c4cccc(CC(C)(C)C#N)c4)ccc3C)nc2s1,6.52,0.0,1
CHEMBL279,CC(=O)Nc1nc2cnc(Nc3cc(NC(=O)c4cccc(CCC#N)c4)ccc3C)nc2s1,6.39,0.0,1
CHEMBL279,CC(=O)Nc1nc2cnc(Nc3cc(NC(=O)c4cccc(OC(C)(C)C#N)c4)ccc3C)nc2s1,6.29,0.0,1
CHEMBL279,CC(=O)Nc1ncc(NC(=O)c2cc(C(=O)Nc3cccc(C(F)(F)F)c3)ccc2C)cn1,6.13,0.0,1
CHEMBL279,CC(=O)Nc1nn(C)c2cccc(-c3ccc(NC(=O)Nc4cccc(C)c4)cc3)c12,4.92,0.0,1
CHEMBL279,CC(=O)Nc1oc(-c2cc3ccccc3cc2O)nc1-c1ccccc1,7.8,0.0,1
CHEMBL279,CC(=O)Nc1oc(-c2cncc(-c3cccc(Cl)c3)c2)nc1-c1ccccc1,5.08,0.0,1
CHEMBL279,CC(=O)Nc1oc(-c2cncc(-c3cccc(F)c3)c2)nc1-c1ccccc1,5.24,0.0,1
CHEMBL279,CC(=O)Nc1oc(-c2cncc(-c3ccccc3)c2)nc1-c1ccccc1,6.24,0.0,1
CHEMBL279,CC(=O)Nc1oc(-c2cncc(-c3ccsc3)c2)nc1-c1ccccc1,6.73,0.0,1
CHEMBL279,CC(=O)ON1C(=O)/C(=C\c2[nH]c(C)cc2C)c2ccccc21,6.4,0.0,1
CHEMBL279,CC(=O)Oc1c(-c2ccc(O)c(O)c2)c(O)c(O)c2c1oc1cc(O)c(O)cc12,4.15,0.0,1
CHEMBL279,CC(=O)Oc1c2oc3cc(O)c(O)cc3c2c(OC(C)=O)c2oc3cc(O)c(O)cc3c12,4.18,0.0,1
CHEMBL279,CC(=O)c1c[nH]c2ccc(Nc3nccc(-n4cc(CN5CC(O)C5)c(C)n4)n3)cc12,6.24,0.0,1
CHEMBL279,CC(=O)c1ccc(-c2nn(C(C)C)c3ncnc(N)c23)cc1,4.0,0.0,1
CHEMBL279,CC(=O)c1ccc(NC(=O)CSC2=NC(=O)C(C#N)C(c3ccccc3)N2)cc1,6.41,0.0,1
CHEMBL279,CC(=O)c1ccc(NC(=O)Nc2ccc(N(C)c3ccnc(Nc4cccc(CS(C)(=O)=O)c4)n3)cc2)cc1,8.52,0.0,1
CHEMBL279,CC(=O)c1ccc2[nH]c3c4c(c5c(c3c2c1)CNC5=O)-c1cn(C)nc1CC4,7.46,0.0,1
CHEMBL279,CC(=O)c1ccc2c(c1)c1c3c(c4c(c1n2C(C)C)CCc1nn(C)cc1-4)C(=O)NC3,7.12,0.0,1
CHEMBL279,CC(=O)c1ccc2c(c1)c1c3c(c4c(c1n2C)CCc1nn(C)cc1-4)C(=O)NC3,8.0,0.0,1
CHEMBL279,CC(=O)c1ccc2c(c1)c1c3c(c4c(c1n2CC(C)C)CCc1nn(C)cc1-4)C(=O)NC3,7.68,0.0,1
CHEMBL279,CC(=O)c1ccc2c(c1)c1c3c(c4c(c1n2CCCO)Cc1ccccc1-4)C(=O)NC3,6.73,0.0,1
CHEMBL279,CC(=O)c1cccc(-c2nn(C(C)C)c3ncnc(N)c23)c1,4.0,0.0,1
CHEMBL279,CC(=O)c1cccc(Nc2nccc(Oc3ccc(NC(=O)C4(C(=O)Nc5ccc(F)cc5)CC4)cc3F)n2)c1,6.74,0.0,1
CHEMBL279,CC(=O)c1cn(C)c2ccc(Nc3nccc(-n4cc(CN5CC(O)C5)c(C)n4)n3)cc12,6.46,0.0,1
CHEMBL279,CC(=O)c1cnc(-c2ccn3c(-c4cccc(NC(=O)NCC(F)(F)F)c4)cnc3c2)nc1,6.82,0.0,1
CHEMBL279,CC(=O)c1cnc(-c2ccn3c(-c4cccc(NC(=O)NCC(F)(F)F)c4)cnc3c2)nc1N,6.92,0.0,1
CHEMBL279,CC(=O)c1nn(-c2ccc(C)cc2)cc1C(=O)c1c(C)[nH]c(-c2ccccc2)c1-c1ccccc1,5.06,0.0,1
CHEMBL279,CC(=O)c1nn(-c2ccc(Cl)cc2)cc1C(=O)c1c(C)[nH]c(-c2ccccc2)c1-c1ccccc1,5.36,0.0,1
CHEMBL279,CC(=O)c1nn(-c2ccccc2)cc1C(=O)c1c(C)[nH]c(-c2ccccc2)c1-c1ccccc1,5.35,0.0,1
CHEMBL279,CC(=O)c1s/c(=N\N=C2/C(=O)N(Cc3ccccc3)c3ccc(Cl)cc32)[nH]c1C,7.08,0.0,1
CHEMBL279,CC(=O)c1sc(NC(=O)CN2CCN(c3nnc(-c4ccccc4)c4ccccc34)CC2)nc1C,5.46,0.0,1
CHEMBL279,CC(C(=O)Nc1ccc(S(N)(=O)=O)cc1)N1CCCC(C(=O)N/N=C2\C(=O)Nc3ccccc32)C1,6.69,0.0,1
CHEMBL279,CC(C)(/N=C/C(C=N)c1ccn2c(-c3cccc(NC(=O)NCC(F)(F)F)c3)cnc2c1)C(N)=O,7.32,0.0,1
CHEMBL279,CC(C)(C#N)Oc1cccc(C(=O)Nc2cc(Nc3ccc4nc(NC(=O)C5CC5)sc4n3)ccc2F)c1Cl,7.19,0.0,1
CHEMBL279,CC(C)(C#N)c1cc(C(=O)Nc2cc(Nc3ncccc3-c3ncnc4[nH]cnc34)ccc2F)cc(C(F)(F)F)c1,6.6,0.0,1
CHEMBL279,CC(C)(C#N)c1cc(C(=O)Nc2ccc(F)c(Nc3ncccc3-c3ncnc4[nH]cnc34)c2F)cc(F)c1F,6.47,0.0,1
CHEMBL279,CC(C)(C#N)c1cc(C(=O)Nc2ccc(F)c(Nc3ncccc3-c3ncnc4[nH]cnc34)c2F)ccc1Cl,7.09,0.0,1
CHEMBL279,CC(C)(C#N)c1cc(F)cc(C(=O)Nc2cc(Nc3ncccc3-c3ncnc4[nH]ccc34)ccc2F)c1,7.06,0.0,1
CHEMBL279,CC(C)(C#N)c1cc(F)cc(C(=O)Nc2cc(Nc3ncccc3-c3ncnc4[nH]cnc34)ccc2F)c1,6.9,0.0,1
CHEMBL279,CC(C)(C#N)c1cc(F)cc(C(=O)Nc2ccc(F)c(Nc3ncccc3-c3ncnc4[nH]cnc34)c2F)c1,6.9,0.0,1
CHEMBL279,CC(C)(C#N)c1cccc(C(=O)Nc2c(F)ccc(Nc3ncccc3-c3ncnc4[nH]cnc34)c2F)c1,5.07,0.0,1
CHEMBL279,CC(C)(C#N)c1cccc(C(=O)Nc2cc(Nc3ncccc3-c3ncnc4[nH]ccc34)c(F)cc2F)c1,7.68,0.0,1
CHEMBL279,CC(C)(C#N)c1cccc(C(=O)Nc2cc(Nc3ncccc3-c3ncnc4[nH]ccc34)ccc2F)c1,7.12,0.0,1
CHEMBL279,CC(C)(C#N)c1cccc(C(=O)Nc2cc(Nc3ncccc3-c3ncnc4[nH]cnc34)c(F)cc2F)c1,7.54,0.0,1
CHEMBL279,CC(C)(C#N)c1cccc(C(=O)Nc2cc(Nc3ncccc3-c3ncnc4[nH]cnc34)ccc2Cl)c1,6.72,0.0,1
CHEMBL279,CC(C)(C#N)c1cccc(C(=O)Nc2cc(Nc3ncccc3-c3ncnc4[nH]cnc34)ccc2F)c1,8.39,0.0,1
CHEMBL279,CC(C)(C#N)c1cccc(C(=O)Nc2ccc(F)c(Nc3ncccc3-c3ncnc4[nH]ccc34)c2F)c1,7.05,0.0,1
CHEMBL279,CC(C)(C#N)c1cccc(C(=O)Nc2ccc(F)c(Nc3ncccc3-c3ncnc4[nH]cnc34)c2)c1,8.0,0.0,1
CHEMBL279,CC(C)(C#N)c1cccc(C(=O)Nc2ccc(F)c(Nc3ncccc3-c3ncnc4[nH]cnc34)c2F)c1,7.92,0.0,1
CHEMBL279,CC(C)(C#N)c1cccc(C(=O)Nc2ccc(F)c(Nc3ncccc3-c3ncnc4[nH]cnc34)c2F)c1Cl,5.89,0.0,1
CHEMBL279,CC(C)(C#N)c1cccc(C(=O)Nc2ccc(Nc3ncccc3-c3ncnc4[nH]cnc34)c(F)c2)c1,5.574999999999999,0.3889087296526013,2
CHEMBL279,CC(C)(C#N)c1cccc(C(=O)Nc2cccc(Nc3ncccc3-c3ncnc4[nH]ccc34)c2F)c1,5.81,0.0,1
CHEMBL279,CC(C)(C#N)c1cccc(C(=O)Nc2cccc(Nc3ncccc3-c3ncnc4[nH]cnc34)c2)c1,7.85,0.0,1
CHEMBL279,CC(C)(C#N)c1cccc(C(=O)Nc2cccc(Nc3ncccc3-c3ncnc4[nH]cnc34)c2F)c1,7.92,0.0,1
CHEMBL279,CC(C)(C#N)c1cccc(C(=O)Nc2cccc(Oc3ccc4nc(NC(=O)C5CC5)sc4c3C#N)c2)c1,7.12,0.0,1
CHEMBL279,CC(C)(C#N)c1cccc(C(=O)Nc2cccc(Oc3ccc4nc(NC(=O)C5CC5)sc4c3C(=O)O)c2)c1,7.82,0.0,1
CHEMBL279,CC(C)(C#N)c1cccc(C(=O)Nc2cccc(Oc3ccc4nc(NC(=O)C5CC5)sc4c3CO)c2)c1,8.13,0.0,1
CHEMBL279,CC(C)(C#N)c1cccc(C(=O)Nc2cccc(Oc3ccc4nc(NC(=O)C5CC5)sc4c3[N+](=O)[O-])c2)c1,7.16,0.0,1
CHEMBL279,CC(C)(C(=O)N1CCC1)n1cc(-c2ccn3c(-c4cccc(NC(=O)NCC(F)(F)F)c4)cnc3c2)cn1,7.57,0.0,1
CHEMBL279,CC(C)(C(=O)NC1CC1)n1cc(-c2ccn3c(-c4cccc(NC(=O)NCC(F)(F)F)c4)cnc3c2)cn1,7.26,0.0,1
CHEMBL279,CC(C)(C(=O)O)n1cc(-c2ccn3c(-c4cccc(NC(=O)NCC(F)(F)F)c4)cnc3c2)cn1,7.17,0.0,1
CHEMBL279,CC(C)(C(N)=O)c1cccc(C(=O)Nc2ccc(F)c(Nc3ncccc3-c3ncnc4[nH]ccc34)c2F)c1,6.41,0.0,1
CHEMBL279,CC(C)(C(N)=O)c1cccc(C(=O)Nc2ccc(F)c(Nc3ncccc3-c3ncnc4[nH]cnc34)c2F)c1,6.03,0.0,1
CHEMBL279,CC(C)(C)C(=O)Nc1cc(-c2ccc(NC(=O)Nc3cc(C(C)(C)C)on3)cc2)[nH]n1,6.51,0.0,1
CHEMBL279,CC(C)(C)C(=O)Nc1ccc(-c2ccc(NC(=O)Nc3cc(Br)cc(C(F)(F)F)c3)cc2)cn1,6.14,0.0,1
CHEMBL279,CC(C)(C)C(=O)Nc1ccc(-c2ccc(NC(=O)Nc3ccc(Cl)c(Cl)c3)cc2)cn1,7.88,0.0,1
CHEMBL279,CC(C)(C)C(=O)Nc1cccc(Oc2ccc3nc(NC(=O)C4CC4)cn3n2)c1,6.19,0.0,1
CHEMBL279,CC(C)(C)C1CCC(NC(=O)c2cccc(N3CCc4nc(N)ncc4C3)c2)CC1,6.51,0.0,1
CHEMBL279,CC(C)(C)CCNC(=O)c1cccc(N2CCc3nc(N)ncc3C2)c1,6.25,0.0,1
CHEMBL279,CC(C)(C)NC(=O)c1ccnc(C#Cc2ccc3c4c(oc3c2)C(C)(C)c2cc(NS(C)(=O)=O)ccc2C4=O)c1,6.22,0.0,1
CHEMBL279,CC(C)(C)OC(=O)Cn1cc(-c2ccc3c(c2)ncn3-c2ccc(CC(=O)Nc3cc(C(C)(C)C)no3)cc2)cn1,8.19,0.0,1
CHEMBL279,CC(C)(C)OC(=O)N1CCC(/N=C/C(C=N)c2ccn3c(-c4cncc(NC(=O)NCC(F)(F)F)c4)cnc3c2)CC1,7.75,0.0,1
CHEMBL279,CC(C)(C)OC(=O)N1CCC(n2nc(-c3[nH]c4cc(C(=O)NC5CC5)ccc4c3Cl)c3c(N)ncnc32)CC1,4.7,0.0,1
CHEMBL279,CC(C)(C)OC(=O)N1CCCC(n2cc(-c3ccn4c(-c5cccc(NC(=O)NCC(F)(F)F)c5)cnc4c3)cn2)C1,7.32,0.0,1
CHEMBL279,CC(C)(C)OC(=O)N1CCc2nc(-c3ccn4c(-c5cccc(NC(=O)NCC(F)(F)F)c5)cnc4c3)sc2C1,7.74,0.0,1
CHEMBL279,CC(C)(C)OC(=O)NC1CCC(n2nc(-c3[nH]c4ncccc4c3Cl)c3c(N)ncnc32)CC1,5.2,0.0,1
CHEMBL279,CC(C)(C)OC(=O)NCC(=O)Nc1ccc2ncnc(Nc3cccc(Br)c3)c2c1,4.73,0.0,1
CHEMBL279,CC(C)(C)OC(=O)NCC1CCN(c2ccc(-c3ccn4c(-c5cccc(NC(=O)NCC(F)(F)F)c5)cnc4c3)cn2)CC1,6.77,0.0,1
CHEMBL279,CC(C)(C)OC(=O)n1ccc2cc(-c3nn(C4CCCC4)c4ncnc(N)c34)ccc21,6.08,0.0,1
CHEMBL279,CC(C)(C)OCc1ccc2c(c1)c1c3c(c4c(c1n2CCCO)Cc1ccccc1-4)C(=O)NC3,7.96,0.0,1
CHEMBL279,CC(C)(C)c1cc(NC(=O)Cc2ccc(-n3cnc4cc(-c5cccnc5)ccc43)cc2)on1,8.49,0.0,1
CHEMBL279,CC(C)(C)c1cc(NC(=O)Cc2ccc(-n3cnc4cc(-c5cn[nH]c5)ccc43)cc2)on1,8.98,0.0,1
CHEMBL279,CC(C)(C)c1cc(NC(=O)Cc2ccc(-n3cnc4cc(-c5cnn(CC(=O)O)c5)ccc43)cc2)on1,8.92,0.0,1
CHEMBL279,CC(C)(C)c1cc(NC(=O)Cc2ccc(-n3cnc4cc(C5CCNCC5)ccc43)cc2)on1,7.1,0.0,1
CHEMBL279,CC(C)(C)c1cc(NC(=O)Nc2ccc(-c3cc(-c4ccc(OCCN5CCOCC5)cc4)[nH]n3)cc2)no1,6.48,0.0,1
CHEMBL279,CC(C)(C)c1cc(NC(=O)Nc2ccc(-c3cc(N)n[nH]3)cc2)no1,6.21,0.0,1
CHEMBL279,CC(C)(C)c1cc(NC(=O)Nc2ccc(-c3cc(N)on3)cc2)no1,5.72,0.0,1
CHEMBL279,CC(C)(C)c1cc(NC(=O)Nc2ccc(-c3cc(NC(=O)C4CC4)n[nH]3)cc2)no1,7.96,0.0,1
CHEMBL279,CC(C)(C)c1cc(NC(=O)Nc2ccc(-c3cc(NC(=O)C4CC4)on3)cc2)no1,5.28,0.0,1
CHEMBL279,CC(C)(C)c1cc(NC(=O)Nc2ccc(-c3cn4c(n3)sc3cc(OCCN5CCOCC5)ccc34)cc2)no1,6.37,0.0,1
CHEMBL279,CC(C)(C)c1cc(NC(=O)Nc2ccc(Cc3cc(N)n[nH]3)cc2)no1,5.18,0.0,1
CHEMBL279,CC(C)(C)c1cc(NC(=O)Nc2ccc(Nc3ncnc4c3OCCCN4)cc2)no1,6.05,0.0,1
CHEMBL279,CC(C)(C)c1cc(NC(=O)Nc2ccc(Oc3ccnc(-c4cnn(CC(=O)NO)c4)c3)cc2)no1,8.6,0.0,1
CHEMBL279,CC(C)(C)c1cc(NC(=O)Nc2ccc(Oc3ccnc(-c4cnn(CCC(=O)NO)c4)c3)cc2)no1,8.49,0.0,1
CHEMBL279,CC(C)(C)c1cc(NC(=O)Nc2ccc(Oc3ccnc(-c4cnn(CCCC(=O)NO)c4)c3)cc2)no1,8.8,0.0,1
CHEMBL279,CC(C)(C)c1cc(NC(=O)Nc2ccc(Oc3ccnc(-c4cnn(CCCCC(=O)NO)c4)c3)cc2)no1,8.64,0.0,1
CHEMBL279,CC(C)(C)c1cc(NC(=O)Nc2ccc(Oc3ccnc(-c4cnn(CCCCCC(=O)NO)c4)c3)cc2)no1,8.48,0.0,1
CHEMBL279,CC(C)(C)c1cc(NC(=O)Nc2ccc(Oc3ccnc(-c4cnn(CCCCCCC(=O)NO)c4)c3)cc2)no1,8.41,0.0,1
CHEMBL279,CC(C)(C)c1cc(NC(=O)Nc2ccc(Oc3ccnc(-c4cnn(CCCCCCC(=O)NO)c4)c3)cc2)on1,7.84,0.0,1
CHEMBL279,CC(C)(C)c1cc(NC(=O)Nc2ccc(Oc3ccnc(-c4cnn(CCCCCCCC(=O)NO)c4)c3)cc2)no1,8.21,0.0,1
CHEMBL279,CC(C)(C)c1cc(NC(=O)Nc2ccc(Oc3ccnc(-c4cnn(CCCCCCCCC(=O)NO)c4)c3)cc2)no1,8.08,0.0,1
CHEMBL279,CC(C)(C)c1cc(NC(=O)Nc2ccc(Oc3ccnc(-c4cnn(CCCCCCCCCC(=O)NO)c4)c3)cc2)no1,7.96,0.0,1
CHEMBL279,CC(C)(C)c1cc(NC(=O)Nc2ccc(Oc3ccnc(-c4cnn(CCCCCCCCCCC(=O)NO)c4)c3)cc2)no1,7.87,0.0,1
CHEMBL279,CC(C)(C)c1cc(NC(=O)Nc2cccc(Oc3cccc4[nH]c(=O)[nH]c34)c2)n(-c2ccccc2)n1,6.71,0.0,1
CHEMBL279,CC(C)(C)c1cc(NC(=O)Nc2cccc(Oc3cncc(-c4ccc(S(C)(=O)=O)cc4)n3)c2)no1,5.32,0.0,1
CHEMBL279,CC(C)(C)c1cc(NC(=O)c2cccc(C#Cc3cc(C(=O)N=S4(=O)CCOCC4)cnc3N)c2)no1,7.7,0.0,1
CHEMBL279,CC(C)(C)c1cc(NC(=O)c2cccc(Oc3cccc4[nH]c(=O)[nH]c34)c2)n(-c2ccccc2)n1,5.86,0.0,1
CHEMBL279,CC(C)(C)c1cc(NC(=O)c2cnc3cc(Oc4ncnc5c4CNC5)ccn23)no1,7.05,0.0,1
CHEMBL279,CC(C)(C)c1cc(NC(=O)n2ccc3cc(Oc4ncnc5c4CCNC5)ccc32)n[nH]1,8.1,0.0,1
CHEMBL279,CC(C)(C)c1cc(NC(=O)n2ccc3cc(Oc4ncnc5c4CCNC5)ccc32)no1,7.52,0.0,1
CHEMBL279,CC(C)(C)c1cc(NC(=O)n2ccc3cc(Oc4ncnc5c4CNC5)ccc32)no1,8.05,0.0,1
CHEMBL279,CC(C)(C)c1cc(NC(=O)n2ccc3cc(Oc4ncnc5c4CNC5)ccc32)on1,6.94,0.0,1
CHEMBL279,CC(C)(C)c1cc(NC(=O)n2ccc3cc(Oc4ncnc5c4CNC5)cnc32)no1,7.11,0.0,1
CHEMBL279,CC(C)(C)c1cc(NC(=O)n2ccc3ccc(Oc4ncnc5c4CNC5)cc32)no1,7.32,0.0,1
CHEMBL279,CC(C)(C)c1cc(NC(=O)n2ccc3nc(Oc4ncnc5c4CNC5)ccc32)no1,6.8,0.0,1
CHEMBL279,CC(C)(C)c1cc(NC(=O)n2ccc3ncc(Oc4ncnc5c4CNC5)cc32)no1,6.35,0.0,1
CHEMBL279,CC(C)(C)c1cc(NC(=O)n2ncc3cc(Oc4ncnc5c4CNC5)ccc32)no1,5.64,0.0,1
CHEMBL279,CC(C)(C)c1ccc(-n2cc(-c3ccccc3NCc3ccncc3)nn2)cc1,6.21,0.0,1
CHEMBL279,CC(C)(C)c1ccc(-n2cccc(N3CCc4nc(N)ncc4C3)c2=O)cc1,6.54,0.0,1
CHEMBL279,CC(C)(C)c1ccc(NC(=O)Nc2ccc(Oc3ccnc(-c4cnn(CCCCCCC(=O)NO)c4)c3)cc2)cc1,7.5,0.0,1
CHEMBL279,CC(C)(C)c1ccc(NC(=O)c2cccc(N3CCc4nc(N)ncc4C3)c2)cc1,7.39,0.0,1
CHEMBL279,CC(C)(C)c1ccc(NC(=O)c2cccc3c2CCN(Cc2ccnc4ccccc24)C3)cc1,8.1,0.0,1
CHEMBL279,CC(C)(C)c1ccc(NC(=O)c2ccccc2Cn2ccc3cnccc32)cc1,7.28,0.0,1
CHEMBL279,CC(C)(C)c1ccc(NC(=O)c2ccccc2Cn2ccc3ncnc-3c2)cc1,7.21,0.0,1
CHEMBL279,CC(C)(C)c1ccc(NC(=O)c2nscc2NCc2ccncc2)cc1,6.44,0.0,1
CHEMBL279,CC(C)(C)c1ccc(NC(=O)c2scnc2CCc2ccnc3ccccc23)cc1,5.6,0.0,1
CHEMBL279,CC(C)(C)c1ccc(NC(=O)c2scnc2CCc2ccncc2)cc1,6.96,0.0,1
CHEMBL279,CC(C)(C)c1ccc(NC(=O)c2scnc2CCc2cnoc2)cc1,5.84,0.0,1
CHEMBL279,CC(C)(C)c1ccc(NC=Nc2oc(-c3ccccc3)c(-c3ccccc3)c2C#N)cc1,6.89,0.0,1
CHEMBL279,CC(C)(C)c1ccc(Nc2nnc(-c3ccc(C(N)=O)cc3)c3ccccc23)cc1,7.11,0.0,1
CHEMBL279,CC(C)(C)c1ccc(Nc2nnc(-c3cccc(C(N)=O)c3)c3ccccc23)cc1,6.4,0.0,1
CHEMBL279,CC(C)(C)c1ccc(Nc2nnc(-c3cccc4cnccc34)c3ccccc23)cc1,7.12,0.0,1
CHEMBL279,CC(C)(C)c1ccc(Nc2nnc(-c3cccc4ncccc34)c3ccccc23)cc1,5.7,0.0,1
CHEMBL279,CC(C)(C)c1ccc(Nc2nnc(-c3cccnc3CCc3ccncc3)o2)cc1,7.37,0.0,1
CHEMBL279,CC(C)(C)c1ccc(Nc2nnc(-c3ccncc3CCc3ccncc3)o2)cc1,6.72,0.0,1
CHEMBL279,CC(C)(C)c1ccc(Nc2nnc(-c3cnccc3CCc3ccncc3)o2)cc1,6.51,0.0,1
CHEMBL279,CC(C)(C)c1ccc(Nc2nnc(Cc3ccncc3)c3ccccc23)cc1,6.68,0.0,1
CHEMBL279,CC(C)(C)c1cccc(-n2cc(-c3ccccc3NCc3ccncc3)nn2)c1,6.57,0.0,1
CHEMBL279,CC(C)(C)c1cccc(NC(=O)c2nscc2NCc2ccncc2)c1,7.46,0.0,1
CHEMBL279,CC(C)(C)c1cccc(Nc2nnc(-c3ccc(C(N)=O)cc3)c3ccccc23)c1,6.33,0.0,1
CHEMBL279,CC(C)(C)c1csc(NC(=O)Nc2ccc(Oc3ccnc(-c4cnn(CCCCCCC(=O)NO)c4)c3)cc2)n1,6.21,0.0,1
CHEMBL279,CC(C)(C)c1nc(Nc2ccc(CCO)cc2)ncc1C#N,5.8,0.0,1
CHEMBL279,CC(C)(C)c1nc2c3ccc(F)cc3c3c(=O)[nH]ccc3c2[nH]1,5.85,0.0,1
CHEMBL279,CC(C)(C)n1cc(-c2ccc(Cl)cc2)c2c(N)ncnc21,5.57,0.0,1
CHEMBL279,CC(C)(C)n1cc(-c2ccc(Oc3ccc(N)cc3)cc2)c2c(N)ncnc21,6.05,0.0,1
CHEMBL279,CC(C)(C)n1cc(-c2ccc(Oc3ccc(O)cc3)cc2)c2c(N)ncnc21,5.7,0.0,1
CHEMBL279,CC(C)(C)n1cc(-c2ccc(Oc3cccc(N)c3)cc2)c2c(N)ncnc21,6.4,0.0,1
CHEMBL279,CC(C)(C)n1cc(-c2ccc(Oc3ccccc3)cc2)c2c(N)ncnc21,5.64,0.0,1
CHEMBL279,CC(C)(C)n1nc(-c2[nH]c3cc(C#N)ccc3c2Cl)c2c(N)ncnc21,5.02,0.0,1
CHEMBL279,CC(C)(C)n1nc(-c2[nH]c3cc(C(=O)NC4CC4)ccc3c2Cl)c2c(N)ncnc21,6.03,0.0,1
CHEMBL279,CC(C)(C)n1nc(-c2[nH]c3cc(C(=O)NCCC(F)(F)F)ccc3c2Cl)c2c(N)ncnc21,4.58,0.0,1
CHEMBL279,CC(C)(C)n1nc(-c2[nH]c3cc(C(=O)NCCCN4CCCCC4)ccc3c2Cl)c2c(N)ncnc21,4.57,0.0,1
CHEMBL279,CC(C)(C)n1nc(-c2[nH]c3cc(C(=O)NCCO)ccc3c2Cl)c2c(N)ncnc21,5.82,0.0,1
CHEMBL279,CC(C)(C)n1nc(-c2[nH]c3cc(C(=O)NCCOC(F)(F)F)ccc3c2Cl)c2c(N)ncnc21,4.97,0.0,1
CHEMBL279,CC(C)(C)n1nc(-c2[nH]c3cc(C(=O)NCCOCCN4CCOCC4)ccc3c2Cl)c2c(N)ncnc21,5.26,0.0,1
CHEMBL279,CC(C)(C)n1nc(-c2[nH]c3cc(C(=O)NCCS(C)(=O)=O)ccc3c2Cl)c2c(N)ncnc21,4.75,0.0,1
CHEMBL279,CC(C)(C)n1nc(-c2[nH]c3cc(C(=O)Nc4ccn(CCN5CCOCC5)n4)ccc3c2Cl)c2c(N)ncnc21,6.63,0.0,1
CHEMBL279,CC(C)(C)n1nc(-c2[nH]c3cc(C(=O)Nc4ccn(CCO)n4)ccc3c2Cl)c2c(N)ncnc21,6.25,0.0,1
CHEMBL279,CC(C)(C)n1nc(-c2[nH]c3cc(C(=O)Nc4nccs4)ccc3c2Cl)c2c(N)ncnc21,5.87,0.0,1
CHEMBL279,CC(C)(C)n1nc(-c2[nH]c3cc(CN)ccc3c2Cl)c2c(N)ncnc21,5.78,0.0,1
CHEMBL279,CC(C)(C)n1nc(-c2[nH]c3cc(CO)ccc3c2Cl)c2c(N)ncnc21,5.3,0.0,1
CHEMBL279,CC(C)(C)n1nc(-c2[nH]c3ccccc3c2F)c2c(N)ncnc21,5.13,0.0,1
CHEMBL279,CC(C)(C)n1nc(-c2[nH]c3ncc(Cl)cc3c2Cl)c2c(N)ncnc21,5.28,0.0,1
CHEMBL279,CC(C)(C)n1nc(-c2[nH]c3ncccc3c2Br)c2c(N)ncnc21,5.67,0.0,1
CHEMBL279,CC(C)(C)n1nc(-c2[nH]c3ncccc3c2Cl)c2c(N)ncnc21,6.84,0.0,1
CHEMBL279,CC(C)(C)n1nc(-c2cc3cc(Cl)cnc3[nH]2)c2c(N)ncnc21,5.85,0.0,1
CHEMBL279,CC(C)(C)n1nc(-c2cc3ccc(C#N)nc3[nH]2)c2c(N)ncnc21,5.26,0.0,1
CHEMBL279,CC(C)(C)n1nc(-c2cc3ccc(C(N)=O)cc3[nH]2)c2c(N)ncnc21,4.58,0.0,1
CHEMBL279,CC(C)(C)n1nc(-c2cc3ccc(NS(C)(=O)=O)cc3[nH]2)c2c(N)ncnc21,5.33,0.0,1
CHEMBL279,CC(C)(C)n1nc(-c2cc3ccccc3[nH]2)c2c(N)ncnc21,4.58,0.0,1
CHEMBL279,CC(C)(C)n1nc(-c2cc3cccnc3[nH]2)c2c(N)ncnc21,6.85,0.0,1
CHEMBL279,CC(C)(C)n1nc(-c2ccc3cc(C(=O)NC4CC4)[nH]c3c2)c2c(N)ncnc21,4.82,0.0,1
CHEMBL279,CC(C)(C)n1nc(-c2ccc3cc(C(=O)NC4CCC4)[nH]c3c2)c2c(N)ncnc21,5.03,0.0,1
CHEMBL279,CC(C)(C)n1nc(-c2ccc3cc(C(=O)NCC(F)F)[nH]c3c2)c2c(N)ncnc21,4.64,0.0,1
CHEMBL279,CC(C)(C)n1nc(-c2ccc3cc(C(=O)NCC4CC4)[nH]c3c2)c2c(N)ncnc21,4.5,0.0,1
CHEMBL279,CC(C)(C)n1nc(-c2ccc3cc(C(=O)NCCF)[nH]c3c2)c2c(N)ncnc21,4.88,0.0,1
CHEMBL279,CC(C)(C)n1nc(-c2ccc3cc(C(=O)NCCO)[nH]c3c2)c2c(N)ncnc21,5.52,0.0,1
CHEMBL279,CC(C)(C)n1nc(-c2ccc3cc(C(=O)NCCc4ccccc4)[nH]c3c2)c2c(N)ncnc21,4.52,0.0,1
CHEMBL279,CC(C)(C)n1nc(-c2ccc3cc(C(=O)NCc4ccccc4)[nH]c3c2)c2c(N)ncnc21,4.52,0.0,1
CHEMBL279,CC(C)(C)n1nc(-c2ccc3cc(C(=O)NOCC4CC4)[nH]c3c2)c2c(N)ncnc21,4.52,0.0,1
CHEMBL279,CC(C)(C)n1nc(-c2ccc3cc(C(=O)Nc4ccccc4)[nH]c3c2)c2c(N)ncnc21,4.52,0.0,1
CHEMBL279,CC(C)(C)n1nc(-c2ccc3cc(C(=O)Nc4cccnc4)[nH]c3c2)c2c(N)ncnc21,4.52,0.0,1
CHEMBL279,CC(C)(C)n1nc(-c2ccc3cc(C(=O)Nc4ccn(CCF)n4)[nH]c3c2)c2c(N)ncnc21,4.52,0.0,1
CHEMBL279,CC(C)(C)n1nc(-c2ccc3cc(C(=O)Nc4ccn(CCO)n4)[nH]c3c2)c2c(N)ncnc21,4.52,0.0,1
CHEMBL279,CC(C)(C)n1nc(-c2ccc3cc(C(=O)Nc4ccncc4)[nH]c3c2)c2c(N)ncnc21,4.52,0.0,1
CHEMBL279,CC(C)(C)n1nc(-c2ccc3cc(C(=O)Nc4ccsc4)[nH]c3c2)c2c(N)ncnc21,4.52,0.0,1
CHEMBL279,CC(C)(C)n1nc(-c2ccc3cc(C(=O)Nc4cncs4)[nH]c3c2)c2c(N)ncnc21,4.68,0.0,1
CHEMBL279,CC(C)(C)n1nc(-c2ccc3cc(C(=O)Nc4cnoc4)[nH]c3c2)c2c(N)ncnc21,4.58,0.0,1
CHEMBL279,CC(C)(C)n1nc(-c2ccc3cc(C(=O)Nc4nccs4)[nH]c3c2)c2c(N)ncnc21,4.62,0.0,1
CHEMBL279,CC(C)(C)n1nc(-c2ccc3cc(C(=O)Nc4ncns4)[nH]c3c2)c2c(N)ncnc21,5.08,0.0,1
CHEMBL279,CC(C)(C)n1nc(-c2ccc3cc(C(=O)Nc4nncs4)[nH]c3c2)c2c(N)ncnc21,5.39,0.0,1
CHEMBL279,CC(C)(C)n1nc(-c2ccc3cc(C(N)=O)[nH]c3c2)c2c(N)ncnc21,5.15,0.0,1
CHEMBL279,CC(C)(C)n1nc(-c2ccc3cc(CNc4nccs4)[nH]c3c2)c2c(N)ncnc21,4.62,0.0,1
CHEMBL279,CC(C)(C)n1nc(-c2ccc3scnc3c2)c(C(N)=O)c1N,6.6,0.0,1
CHEMBL279,CC(C)(CC(=O)O)CC(=O)Nc1cc(-c2ccccc2)[nH]n1,4.33,0.0,1
CHEMBL279,CC(C)(CO)Nc1ccc(-c2ccn3c(-c4cccc(NC(=O)NCC(F)(F)F)c4)cnc3c2)nn1,7.83,0.0,1
CHEMBL279,CC(C)(CO)n1cc(-c2ccn3c(-c4cccc(NC(=O)NCC(F)(F)F)c4)cnc3c2)cn1,7.41,0.0,1
CHEMBL279,CC(C)(N)c1cc(C(=O)N[C@@H]2CCc3ccc(Oc4ccnc5c4CCC(=O)N5)cc3C2)cc(C(F)(F)F)c1,8.21,0.0,1
CHEMBL279,CC(C)(N)c1ccc(-c2nc(Nc3ccc(CCN4CCCC4)cc3)ncc2Cl)cc1,7.58,0.0,1
CHEMBL279,CC(C)(N)c1ccc(-c2nc(Nc3ccc(CCN4CCOCC4)cc3)ncc2C#N)cc1,7.57,0.0,1
CHEMBL279,CC(C)(N)c1ccc(-c2nc(Nc3ccc(CCN4CCOCC4)cc3)ncc2Cl)cc1,6.83,0.0,1
CHEMBL279,CC(C)(N)c1ccc(-c2nc(Nc3ccc(CCO)cc3)ncc2C#N)cc1,7.28,0.0,1
CHEMBL279,CC(C)(N)c1ccc(-c2nc(Nc3ccc(CCO)cc3)ncc2Cl)cc1,7.16,0.0,1
CHEMBL279,CC(C)(N)c1ccc(-c2nc(Nc3ccc(OCCN4CCOCC4)cc3)ncc2C#N)cc1,6.35,0.0,1
CHEMBL279,CC(C)(N)c1ccc(-c2nc(Nc3cccc(Br)c3)ncc2Cl)cc1,6.46,0.0,1
CHEMBL279,CC(C)(N)c1ccc(-c2nc(Nc3cccc(CCN4CCOCC4)c3)ncc2C#N)cc1,7.26,0.0,1
CHEMBL279,CC(C)(Nc1nc(Cl)nc(Nc2ccc3ncsc3c2)n1)c1ccccc1,5.26,0.0,1
CHEMBL279,CC(C)(Nc1nc(NO)nc(Nc2ccc3ncsc3c2)n1)c1ccccc1,7.4,0.0,1
CHEMBL279,CC(C)(Nc1nc(O)nc(Nc2ccc3[nH]cnc3c2)n1)c1ccccc1,6.62,0.0,1
CHEMBL279,CC(C)(Nc1nc(O)nc(Nc2ccc3ncsc3c2)n1)c1ccccc1,7.46,0.0,1
CHEMBL279,CC(C)(O)CNc1cc(Oc2ccc(NC(=O)Nc3cccc(C(F)(F)F)c3)cc2)ncn1,6.5,0.0,1
CHEMBL279,CC(C)(O)COc1ccc2c(Oc3ccc(Nc4nccc5[nH]cc(-c6ccc(Br)cc6)c(=O)c45)cc3F)ccnc2c1,7.12,0.0,1
CHEMBL279,CC(C)(O)COc1ccc2c(Oc3ccc(Nc4nccc5[nH]cc(-c6ccc(Cl)cc6)c(=O)c45)cc3F)ccnc2c1,7.2,0.0,1
CHEMBL279,CC(C)(O)COc1ccc2c(Oc3ccc(Nc4nccc5[nH]cc(-c6ccc(F)cc6)c(=O)c45)cc3F)ccnc2c1,9.41,0.0,1
CHEMBL279,CC(C)(O)COc1ccc2c(Oc3ccc(Nc4nccc5[nH]cc(-c6cccc(F)c6)c(=O)c45)cc3F)ccnc2c1,7.51,0.0,1
CHEMBL279,CC(C)(O)COc1ccc2c(Oc3ccc(Nc4nccc5[nH]cc(-c6ccccc6)c(=O)c45)cc3F)ccnc2c1,7.345000000000001,0.912167747730646,2
CHEMBL279,CC(C)(O)COc1ccc2c(Oc3ccc(Nc4nccc5[nH]cc(-c6ccccc6F)c(=O)c45)cc3F)ccnc2c1,7.53,0.0,1
CHEMBL279,CC(C)(O)c1ccc(-c2ccn3c(-c4cccc(NC(=O)NCC(F)(F)F)c4)cnc3c2)cc1,7.77,0.0,1
CHEMBL279,CC(C)(O)c1ccc(-c2nc(Nc3ccc(CCO)cc3)ncc2C#N)cc1,6.39,0.0,1
CHEMBL279,CC(C)(O)c1cccc(-c2ccn3c(-c4cccc(NC(=O)NCC(F)(F)F)c4)cnc3c2)c1,7.35,0.0,1
CHEMBL279,CC(C)(O)c1cnc(-c2ccn3c(-c4cccc(NC(=O)NCC(F)(F)F)c4)cnc3c2)nc1,7.0,0.0,1
CHEMBL279,CC(C)(c1cc(NC(=O)Nc2ccc(-c3cc(-c4ccc(OCCN5CCOCC5)cc4)[nH]n3)cc2)no1)C(F)(F)F,6.42,0.0,1
CHEMBL279,CC(C)C(=O)Nc1cc(Oc2ccc(Nc3nccc4[nH]cc(-c5ccc(F)cc5)c(=O)c34)cc2F)ccn1,6.64,0.0,1
CHEMBL279,CC(C)C(=O)Nc1ccc(F)c(Nc2ncccc2-c2ncnc3[nH]cnc23)c1F,5.57,0.0,1
CHEMBL279,CC(C)CCOCc1ccc2c(c1)c1c3c(c4c(c1n2CCCO)Cc1ccccc1-4)C(=O)NC3,6.56,0.0,1
CHEMBL279,CC(C)CCn1c2ccc(C3CCCCO3)cc2c2c3c(c4c(c21)CCc1nn(C)cc1-4)C(=O)NC3,7.11,0.0,1
CHEMBL279,CC(C)CCn1cc(-c2cnc(N)c3c(-c4ccc(NC(=O)Nc5cccc(F)c5)cc4)csc23)cn1,7.6,0.0,1
CHEMBL279,CC(C)CNC(=O)Nc1ccc(-c2csc3ncnc(N)c23)cc1,5.77,0.0,1
CHEMBL279,CC(C)CNC(=O)c1cc2ccc(-c3nn(C(C)(C)C)c4ncnc(N)c34)cc2[nH]1,4.52,0.0,1
CHEMBL279,CC(C)CNc1cc(Oc2ccc(NC(=O)Nc3cccc(C(F)(F)F)c3)cc2)ncn1,6.5,0.0,1
CHEMBL279,CC(C)COC(=O)Nc1ccc(-c2cnc3c(-c4ccc(N5CCN(C)CC5)cc4)cnn3c2N)cc1,5.37,0.0,1
CHEMBL279,CC(C)COC(=O)Nc1ccc(-c2cnc3c(-c4cccc(N5CCN(C(=O)CN)CC5)c4)cnn3c2N)cc1,5.72,0.0,1
CHEMBL279,CC(C)COC(=O)Nc1ccc(-c2cnc3c(-c4cccc(N5CCN(C)CC5)c4)cnn3c2N)cc1,5.27,0.0,1
CHEMBL279,CC(C)COC(=O)Nc1ccc(-c2cnc3c(-c4cccc(N5CCNCC5)c4)cnn3c2N)cc1,5.68,0.0,1
CHEMBL279,CC(C)COC(=O)Nc1ccc(-c2cnc3c(-c4cccc(N5CCOCC5)c4)cnn3c2N)cc1,5.13,0.0,1
CHEMBL279,CC(C)Cn1c2ccc(C(=O)c3ccco3)cc2c2c3c(c4c(c21)CCc1nn(C)cc1-4)C(=O)NC3,8.4,0.0,1
CHEMBL279,CC(C)Cn1c2ccc(C(=O)c3cccs3)cc2c2c3c(c4c(c21)CCc1nn(C)cc1-4)C(=O)NC3,8.22,0.0,1
CHEMBL279,CC(C)Cn1c2ccc(C(=O)c3ccoc3)cc2c2c3c(c4c(c21)CCc1nn(C)cc1-4)C(=O)NC3,8.1,0.0,1
CHEMBL279,CC(C)Cn1c2ccc(C(=O)c3ccsc3)cc2c2c3c(c4c(c21)CCc1nn(C)cc1-4)C(=O)NC3,7.89,0.0,1
CHEMBL279,CC(C)Cn1c2ccc(C(=O)c3sccc3Br)cc2c2c3c(c4c(c21)CCc1nn(C)cc1-4)C(=O)NC3,7.6,0.0,1
CHEMBL279,CC(C)Cn1c2ccc(C(=O)c3sccc3Cl)cc2c2c3c(c4c(c21)CCc1nn(C)cc1-4)C(=O)NC3,8.15,0.0,1
CHEMBL279,CC(C)Cn1c2ccc(C3CCCCO3)cc2c2c3c(c4c(c21)CCc1c-4cnn1C)C(=O)NC3,7.44,0.0,1
CHEMBL279,CC(C)Cn1c2ccc(C3CCCCO3)cc2c2c3c(c4c(c21)CCc1nn(C)cc1-4)C(=O)NC3,7.98,0.028284271247461613,2
CHEMBL279,CC(C)Cn1c2ccc(N)cc2c2c3c(c4c(c21)CCc1nn(C)cc1-4)C(=O)NC3,7.96,0.0,1
CHEMBL279,CC(C)Cn1c2ccc(NC(=O)c3ccco3)cc2c2c3c(c4c(c21)CCc1nn(C)cc1-4)C(=O)NC3,8.3,0.0,1
CHEMBL279,CC(C)Cn1c2ccc(NC(=O)c3cccs3)cc2c2c3c(c4c(c21)CCc1nn(C)cc1-4)C(=O)NC3,8.15,0.0,1
CHEMBL279,CC(C)Cn1c2ccccc2c2c3c(c4c(c21)CCc1nn(C)cc1-4)C(=O)NC3,7.77,0.0,1
CHEMBL279,CC(C)Cn1cc(-c2cnc(N)c3c(-c4ccc(NC(=O)Nc5cccc(F)c5)cc4)csc23)cn1,7.6,0.0,1
CHEMBL279,CC(C)N(CCOc1ccc(-c2oc3nccc(NCCN4CCNCC4)c3c2-c2ccccc2)cc1)C(C)C,7.17,0.0,1
CHEMBL279,CC(C)N(Cc1ccccc1)c1nc(O)nc(Nc2ccc3ncsc3c2)n1,7.75,0.0,1
CHEMBL279,CC(C)N1CC(/N=C/C(C=N)c2ccn3c(-c4cccc(NC(=O)NCC(F)(F)F)c4)cnc3c2)C1,7.95,0.0,1
CHEMBL279,CC(C)N1CCN(c2cc(NC(=O)Nc3ccc(Oc4ccnc(NC(=O)C5CC5)c4)c(F)c3)cc(C(F)(F)F)c2)CC1,7.82,0.0,1
CHEMBL279,CC(C)NC(=O)c1cc2ccc(-c3nn(C(C)(C)C)c4ncnc(N)c34)cc2[nH]1,4.52,0.0,1
CHEMBL279,CC(C)NC(=O)c1cccc2[nH]c(-c3n[nH]c4ncc(-c5cncc6ccccc56)cc34)nc12,6.42,0.0,1
CHEMBL279,CC(C)NCCN(c1cc(Cl)cc(Cl)c1)c1ccc2ncc(-c3cnn(C)c3)nc2c1,6.72,0.0,1
CHEMBL279,CC(C)NCc1cccc2[nH]c(-c3n[nH]c4ncc(-c5cncc6ccccc56)cc34)nc12,6.0,0.0,1
CHEMBL279,CC(C)NS(=O)(=O)c1ccc2c(c1)/C(=C/c1[nH]cc3c1CCOC3=O)C(=O)N2,5.17,0.0,1
CHEMBL279,CC(C)Nc1cc(NC(=O)Nc2ccc(Oc3ccnc(NC(=O)C4CC4)c3)c(F)c2)cc(C(F)(F)F)c1,8.17,0.0,1
CHEMBL279,CC(C)Nc1cc(Oc2ccc(NC(=O)Nc3cccc(C(F)(F)F)c3)cc2)ncn1,7.3,0.0,1
CHEMBL279,CC(C)Nc1nc(Nc2ccc(S(C)(=N)=O)cc2)ncc1Br,7.16,0.0,1
CHEMBL279,CC(C)Nc1ncnc2oc(-c3ccc(OCCN4CCCC4)cc3)c(-c3ccccc3)c12,6.27,0.0,1
CHEMBL279,CC(C)Nc1nnc(-c2cn3ncnc(Nc4cc(C(=O)NC5CC5)c(F)cc4F)c3c2C(C)C)o1,7.68,0.0,1
CHEMBL279,CC(C)OC(C)c1ccc2c(c1)c1c3c(c4c(c1n2CCCO)Cc1ccccc1-4)C(=O)NC3,6.39,0.0,1
CHEMBL279,CC(C)OCc1ccc2[nH]c3c4c(c5c(c3c2c1)CNC5=O)-c1ccccc1C4,7.26,0.0,1
CHEMBL279,CC(C)OCc1ccc2c(c1)c1c3c(c4c(c1n2CCCCC(=O)N(C)C)Cc1ccccc1-4)C(=O)NC3,7.75,0.0,1
CHEMBL279,CC(C)OCc1ccc2c(c1)c1c3c(c4c(c1n2CCCO)Cc1ccccc1-4)C(=O)NC3,8.1,0.0,1
CHEMBL279,CC(C)OCc1ccc2c(c1)c1c3c(c4c(c1n2CCCOC(=O)CN(C)C)Cc1ccccc1-4)C(=O)NC3,7.775,0.03535533905932694,2
CHEMBL279,CC(C)OCc1cccc2[nH]c(-c3n[nH]c4ncc(-c5cncc6ccccc56)cc34)nc12,7.0,0.0,1
CHEMBL279,CC(C)Oc1cc(OCCCN2CCCC2)cc2ncnc(Nc3c(Cl)ccc4c3OCO4)c12,5.92,0.0,1
CHEMBL279,CC(C)Oc1cc(OCCN2CCOCC2)cc2ncnc(Nc3c(Cl)ccc4c3OCO4)c12,5.0,0.0,1
CHEMBL279,CC(C)Oc1cccc(N(CC2CC2)c2ccc3ncc(-c4cnn(C)c4)nc3c2)c1,5.92,0.0,1
CHEMBL279,CC(C)S(=O)(=O)c1ccc(Nc2ncc(C(F)(F)F)c(O[C@H](C)[C@@H](C)O)n2)cc1,6.77,0.0,1
CHEMBL279,CC(C)SCc1ccc2c(c1)c1c3c(c4c(c1n2CCCO)Cc1ccccc1-4)C(=O)NC3,7.24,0.0,1
CHEMBL279,CC(C)[S+]([O-])Cc1ccc2c(c1)c1c3c(c4c(c1n2CCCO)Cc1ccccc1-4)C(=O)NC3,6.51,0.0,1
CHEMBL279,CC(C)c1c(-c2nnc(CN(C)C)o2)cn2ncnc(Nc3cc(C(=O)NC4CC4)c(F)cc3F)c12,6.8,0.0,1
CHEMBL279,CC(C)c1c(-c2nnc(CN)o2)cn2ncnc(Nc3cc(C(=O)NC4CC4)c(F)cc3F)c12,6.96,0.0,1
CHEMBL279,CC(C)c1c(-c2nnc(CN3CCC(O)C3)o2)cn2ncnc(Nc3cc(C(=O)NC4CC4)c(F)cc3F)c12,6.7,0.0,1
CHEMBL279,CC(C)c1c(-c2nnc(CN3CCOCC3)o2)cn2ncnc(Nc3cc(C(=O)NC4CC4)c(F)cc3F)c12,6.64,0.0,1
CHEMBL279,CC(C)c1c(-c2nnc(N(C)C)o2)cn2ncnc(Nc3cc(C(=O)NC4CC4)c(F)cc3F)c12,7.42,0.0,1
CHEMBL279,CC(C)c1c(-c2nnc(N3CCC(N)CC3)o2)cn2ncnc(Nc3cc(C(=O)NC4CC4)c(F)cc3F)c12,8.0,0.0,1
CHEMBL279,CC(C)c1c(-c2nnc(N3CCN(C)CC3)o2)cn2ncnc(Nc3cc(C(=O)NC4CC4)c(F)cc3F)c12,7.68,0.0,1
CHEMBL279,CC(C)c1c(-c2nnc(NCC(C)(C)CN)o2)cn2ncnc(Nc3cc(C(=O)NC4CC4)c(F)cc3F)c12,7.7,0.0,1
CHEMBL279,CC(C)c1c(-c2nnc(NCC(C)(C)N)o2)cn2ncnc(Nc3cc(C(=O)NC4CC4)c(F)cc3F)c12,6.66,0.0,1
CHEMBL279,CC(C)c1c(-c2nnc(NCCCCN)o2)cn2ncnc(Nc3cc(C(=O)NC4CC4)c(F)cc3F)c12,7.85,0.0,1
CHEMBL279,CC(C)c1c(-c2nnc(NCCCN(C)C)o2)cn2ncnc(Nc3cc(C(=O)NC4CC4)c(F)cc3F)c12,7.92,0.0,1
CHEMBL279,CC(C)c1c(-c2nnc(NCCCN)o2)cn2ncnc(Nc3cc(C(=O)NC4CC4)c(F)cc3F)c12,7.77,0.0,1
CHEMBL279,CC(C)c1c(-c2nnc(NCCO)o2)cn2ncnc(Nc3cc(C(=O)NC4CC4)c(F)cc3F)c12,7.5,0.0,1
CHEMBL279,CC(C)c1c(-c2nnc(OC3CCNCC3)o2)cn2ncnc(Nc3cc(C(=O)NC4CC4)c(F)cc3F)c12,7.96,0.0,1
CHEMBL279,CC(C)c1c(-c2nnc(OCC3CCNCC3)o2)cn2ncnc(Nc3cc(C(=O)NC4CC4)c(F)cc3F)c12,7.58,0.0,1
CHEMBL279,CC(C)c1c(-c2nnc(O[C@H]3CCNC3)o2)cn2ncnc(Nc3cc(C(=O)NC4CC4)c(F)cc3F)c12,7.44,0.0,1
CHEMBL279,CC(C)c1c(-c2nnco2)cn2ncnc(Nc3cc(C(=O)NC4CC4)c(F)cc3F)c12,6.7,0.0,1
CHEMBL279,CC(C)c1c(OC[C@@H](C)O)cn2ncnc(Nc3cnc4[nH]ccc4c3)c12,6.78,0.0,1
CHEMBL279,CC(C)c1cc(-c2cc3ccccc3[nH]2)c2c(N)ncnn12,5.52,0.0,1
CHEMBL279,CC(C)c1cc(/C=C(\C#N)C(=O)NCCCc2ccccc2)cc(C(C)C)c1O,6.16,0.0,1
CHEMBL279,CC(C)c1cc(N)nc(-c2ccn3c(-c4cccc(NC(=O)NCC(F)(F)F)c4)cnc3c2)n1,6.23,0.0,1
CHEMBL279,CC(C)c1cc(NC(=O)Cc2ccc(-n3cnc4cc(-c5cnn(C)c5)ccc43)cc2)on1,9.22,0.0,1
CHEMBL279,CC(C)c1cc(NC(=O)Nc2ccc(Oc3ccnc(-c4cnn(CCCCCCC(=O)NO)c4)c3)cc2)on1,8.33,0.0,1
CHEMBL279,CC(C)c1cc(NC(=O)n2ccc3cc(Oc4ncnc5c4CCNC5)ccc32)n[nH]1,8.22,0.0,1
CHEMBL279,CC(C)c1cc(NC(=O)n2ccc3cc(Oc4ncnc5c4CNC5)ccc32)no1,8.05,0.0,1
CHEMBL279,CC(C)c1ccc(CCCN(C)C)cc1Nc1ncc2c(n1)-c1ccc(Cl)cc1NC(=S)C2,5.85,0.0,1
CHEMBL279,CC(C)c1ccc(N(C)c2ccnc(Nc3ccc(-c4nc5cc(F)c(F)cc5[nH]4)cc3)n2)cc1,6.3,0.0,1
CHEMBL279,CC(C)c1ccc(NC(=O)c2c(-c3c[nH]c4ccccc34)nn(-c3ccccc3)c2N)cc1,5.55,0.0,1
CHEMBL279,CC(C)c1ccc(NC(=O)c2c(NCc3ccncc3)cnn2C)cc1,6.36,0.0,1
CHEMBL279,CC(C)c1ccc(NC(=O)c2c(NCc3ccncc3)ncn2C)cc1,6.57,0.0,1
CHEMBL279,CC(C)c1ccc(NC(=O)c2cccc(N3CCc4c(cnc5cc(CO)c(CO)cc45)C3)c2)cc1,7.875,0.2474873734152917,2
CHEMBL279,CC(C)c1ccc(NC(=O)c2cccc(N3CCc4c(cnc5ccccc45)C3)c2)cc1,7.625,0.6717514421272196,2
CHEMBL279,CC(C)c1ccc(NC(=O)c2cccc(N3CCc4nc(N)ncc4C3)c2)cc1,7.37,0.2828427124746193,2
CHEMBL279,CC(C)c1ccc(NC(=O)c2ccccc2Cn2ccc3cnccc32)cc1,7.06,0.0,1
CHEMBL279,CC(C)c1ccc(NC(=O)c2ccccc2Cn2ccc3ncnc-3c2)cc1,6.96,0.0,1
CHEMBL279,CC(C)c1ccc(NC(=O)c2scnc2CCc2ccncc2)cc1,6.85,0.0,1
CHEMBL279,CC(C)c1ccc(NC(=O)c2scnc2CCc2cnoc2)cc1,5.79,0.0,1
CHEMBL279,CC(C)c1ccc(Nc2nc(N)nc3c2-c2ccccc2C3)cc1,4.96,0.0,1
CHEMBL279,CC(C)c1ccc(Nc2nnc(-c3c(NCc4ccncc4)ncn3C)o2)cc1,6.36,0.0,1
CHEMBL279,CC(C)c1ccc(Nc2nnc(-c3cccc4cnccc34)c3ccccc23)cc1,7.77,0.0,1
CHEMBL279,CC(C)c1ccc(Nc2nnc(-c3cccnc3CCc3ccncc3)o2)cc1,7.29,0.0,1
CHEMBL279,CC(C)c1ccc(Nc2nnc(-c3ccncc3CCc3ccncc3)o2)cc1,6.6,0.0,1
CHEMBL279,CC(C)c1cccc(-n2cc(-c3ccccc3NCc3ccncc3)nn2)c1,6.96,0.0,1
CHEMBL279,CC(C)c1cccc(NC(=O)Nc2ccc(-c3cc4ccccc4n3C(N)=O)cc2)c1,8.22,0.0,1
CHEMBL279,CC(C)c1cccc(NC(=O)Nc2cccc(-c3cccc4[nH]nc(N)c34)c2)c1,8.64,0.0,1
CHEMBL279,CC(C)c1cccc(NC(=O)c2cccc(N3CCc4c(cnc5cc(CO)c(CO)cc45)C3)c2)c1,8.15,0.0,1
CHEMBL279,CC(C)c1cccc(NC(=O)c2cccc(N3CCc4c(cnc5ccccc45)C3)c2)c1,7.835,0.44547727214752547,2
CHEMBL279,CC(C)c1cccc(NC(=O)c2cccc(N3CCc4c(cnc5ccnn45)C3)c2)c1,8.1,0.0,1
CHEMBL279,CC(C)c1cccc(NC(=O)c2cccc(N3CCc4c(cncc4C(=O)NCCCN4CCCC4)C3)c2)c1,6.64,0.0,1
CHEMBL279,CC(C)c1cccc(NC(=O)c2cccc(N3CCc4c(cncc4C(=O)NCCCN4CCOCC4)C3)c2)c1,6.43,0.0,1
CHEMBL279,CC(C)c1cccc(NC(=O)c2cccc(N3CCc4c(cncc4C(=O)NCCCO)C3)c2)c1,6.66,0.0,1
CHEMBL279,CC(C)c1cccc(NC(=O)c2cccc(N3CCc4c(cncc4C(=O)O)C3)c2)c1,7.27,0.0,1
CHEMBL279,CC(C)c1cccc(NC(=O)c2cccc(N3CCc4ccncc4C3)c2)c1,7.41,0.0,1
CHEMBL279,CC(C)c1cccc(NC(=O)c2cccc(N3CCc4nc(N)ncc4C3)c2)c1,7.8,0.16970562748477155,2
CHEMBL279,CC(C)c1cccc(NC(=O)c2cccc(N3Cc4cnc(N)nc4C3)c2)c1,5.2,0.0,1
CHEMBL279,CC(C)c1cccc(NC(=O)c2cncc(N3CCc4nc(N)ncc4C3)c2)c1,6.83,0.0,1
CHEMBL279,CC(C)c1ccnc(-c2ccn3c(-c4cccc(NC(=O)NCC(F)(F)F)c4)cnc3c2)n1,5.25,0.0,1
CHEMBL279,CC(C)c1cnc(N)nc1-c1ccn2c(-c3cccc(NC(=O)NCC(F)(F)F)c3)cnc2c1,7.85,0.0,1
CHEMBL279,CC(C)n1c2ccc(C(=O)c3cccs3)cc2c2c3c(c4c(c21)CCc1nn(C)cc1-4)C(=O)NC3,7.82,0.0,1
CHEMBL279,CC(C)n1c2ccc(C3CCCCO3)cc2c2c3c(c4c(c21)CCc1c-4cnn1C)C(=O)NC3,7.36,0.0,1
CHEMBL279,CC(C)n1c2ccc(C3CCCCO3)cc2c2c3c(c4c(c21)CCc1nn(C)cc1-4)C(=O)NC3,7.68,0.0,1
CHEMBL279,CC(C)n1cc(-c2[nH]c3ccccc3c2Cl)c2c(N)ncnc21,4.57,0.0,1
CHEMBL279,CC(C)n1cc(-c2[nH]c3ncccc3c2Cl)c2c(N)ncnc21,5.82,0.0,1
CHEMBL279,CC(C)n1cc(-c2cc3ccccc3[nH]2)c2c(N)ncnc21,5.48,0.0,1
CHEMBL279,CC(C)n1cc(-c2cc3cccnc3[nH]2)c2c(N)ncnc21,7.6,0.0,1
CHEMBL279,CC(C)n1cc(-c2ccc(Oc3ccc(C#N)cc3)cc2)c2c(N)ncnc21,6.89,0.0,1
CHEMBL279,CC(C)n1cc(-c2ccc(Oc3ccc(C(=O)O)cc3)cc2)c2c(N)ncnc21,5.16,0.0,1
CHEMBL279,CC(C)n1cc(-c2ccc(Oc3ccc(CO)cc3)cc2)c2c(N)ncnc21,7.54,0.0,1
CHEMBL279,CC(C)n1cc(-c2ccc(Oc3ccccc3)cc2)c2c(N)ncnc21,6.37,0.0,1
CHEMBL279,CC(C)n1cc(-c2ccc(Oc3ccccc3C#N)cc2)c2c(N)ncnc21,6.79,0.0,1
CHEMBL279,CC(C)n1cc(-c2ccc(Oc3ccccc3C(=O)O)cc2)c2c(N)ncnc21,5.3,0.0,1
CHEMBL279,CC(C)n1cc(-c2ccc(Oc3ccccc3CO)cc2)c2c(N)ncnc21,6.84,0.0,1
CHEMBL279,CC(C)n1cc(-c2ccc(Oc3ccccc3N)cc2)c2c(N)ncnc21,5.48,0.0,1
CHEMBL279,CC(C)n1cc(-c2ccc(Oc3ccccc3[N+](=O)[O-])cc2)c2c(N)ncnc21,6.05,0.0,1
CHEMBL279,CC(C)n1ccnc1C#Cc1ccn2c(-c3cccc(NC(=O)NCC(F)(F)F)c3)cnc2c1,6.39,0.0,1
CHEMBL279,CC(C)n1cnc2oc(-c3ccccc3)c(-c3ccccc3)c2c1=N,7.0,0.0,1
CHEMBL279,CC(C)n1nc(-c2[nH]c3cc(-c4ncco4)ccc3c2Cl)c2c(N)ncnc21,6.05,0.0,1
CHEMBL279,CC(C)n1nc(-c2[nH]c3cc(-c4nncs4)ccc3c2Cl)c2c(N)ncnc21,6.15,0.0,1
CHEMBL279,CC(C)n1nc(-c2[nH]c3ccccc3c2Cl)c2c(N)ncnc21,4.82,0.0,1
CHEMBL279,CC(C)n1nc(-c2[nH]c3ncccc3c2Cl)c2c(N)nccc21,6.23,0.0,1
CHEMBL279,CC(C)n1nc(-c2cc(C3CC3)on2)c2c(N)ncnc21,7.02,0.0,1
CHEMBL279,CC(C)n1nc(-c2cc(C=O)co2)c2c(N)ncnc21,5.99,0.0,1
CHEMBL279,CC(C)n1nc(-c2cc(F)c(C=O)c(F)c2)c2c(N)ncnc21,5.85,0.0,1
CHEMBL279,CC(C)n1nc(-c2cc(F)c(O)cc2F)c2c(N)ncnc21,5.09,0.0,1
CHEMBL279,CC(C)n1nc(-c2cc(F)c3cn[nH]c3c2)c2c(N)ncnc21,6.67,0.0,1
CHEMBL279,CC(C)n1nc(-c2cc(O)cc(Br)c2)c2c(N)ncnc21,7.36,0.0,1
CHEMBL279,CC(C)n1nc(-c2cc(O)cc(F)c2)c2c(N)ncnc21,7.03,0.0,1
CHEMBL279,CC(C)n1nc(-c2cc3cc(C=O)ccc3s2)c2c(N)ncnc21,5.79,0.0,1
CHEMBL279,CC(C)n1nc(-c2cc3cc(O)ccc3[nH]2)c2c(N)ncnc21,5.82,0.0,1
CHEMBL279,CC(C)n1nc(-c2cc3ccc(-c4ncco4)cc3[nH]2)c2c(N)ncnc21,5.77,0.0,1
CHEMBL279,CC(C)n1nc(-c2cc3ccc(-c4nncs4)cc3[nH]2)c2c(N)ncnc21,5.52,0.0,1
CHEMBL279,CC(C)n1nc(-c2cc3ccccc3[nH]2)c2c(N)nccc21,5.07,0.0,1
CHEMBL279,CC(C)n1nc(-c2cc3ccccc3[nH]2)c2c(N)ncnc21,5.34,0.0,1
CHEMBL279,CC(C)n1nc(-c2cc3ccccc3nc2Cl)c2c(N)ncnc21,4.0,0.0,1
CHEMBL279,CC(C)n1nc(-c2cc3cccnc3[nH]2)c2c(N)ncc(Cl)c21,6.33,0.0,1
CHEMBL279,CC(C)n1nc(-c2cc3cccnc3[nH]2)c2c(N)nccc21,6.68,0.0,1
CHEMBL279,CC(C)n1nc(-c2ccc(Br)c(O)c2)c2c(N)ncnc21,7.26,0.0,1
CHEMBL279,CC(C)n1nc(-c2ccc(C#N)c(F)c2)c2c(N)ncnc21,4.0,0.0,1
CHEMBL279,CC(C)n1nc(-c2ccc(C#N)c(O)c2)c2c(N)ncnc21,5.85,0.0,1
CHEMBL279,CC(C)n1nc(-c2ccc(C#N)nc2)c2c(N)ncnc21,4.0,0.0,1
CHEMBL279,CC(C)n1nc(-c2ccc(C(N)=O)c(Cl)c2)c2c(N)ncnc21,4.0,0.0,1
CHEMBL279,CC(C)n1nc(-c2ccc(C=O)c(F)c2)c2c(N)ncnc21,5.92,0.0,1
CHEMBL279,CC(C)n1nc(-c2ccc(CC#N)cc2)c2c(N)ncnc21,4.96,0.0,1
CHEMBL279,CC(C)n1nc(-c2ccc(Cl)c(O)c2)c2c(N)ncnc21,7.7,0.0,1
CHEMBL279,CC(C)n1nc(-c2ccc(F)c(C#N)c2)c2c(N)ncnc21,5.37,0.0,1
CHEMBL279,CC(C)n1nc(-c2ccc(F)c(O)c2)c2c(N)ncnc21,7.17,0.0,1
CHEMBL279,CC(C)n1nc(-c2ccc(N)c(O)c2)c2c(N)ncnc21,5.67,0.0,1
CHEMBL279,CC(C)n1nc(-c2ccc(NS(C)(=O)=O)cc2)c2c(N)ncnc21,5.23,0.0,1
CHEMBL279,CC(C)n1nc(-c2ccc(O)c(F)c2)c2c(N)ncnc21,5.82,0.0,1
CHEMBL279,CC(C)n1nc(-c2ccc(O)cc2)c2c(N)ncnc21,5.84,0.0,1
CHEMBL279,CC(C)n1nc(-c2ccc(S(N)(=O)=O)cc2)c2c(N)ncnc21,4.0,0.0,1
CHEMBL279,CC(C)n1nc(-c2ccc3[nH]c(=O)[nH]c3c2)c2c(N)ncnc21,4.89,0.0,1
CHEMBL279,CC(C)n1nc(-c2ccc3[nH]c(=O)ccc3c2)c2c(N)ncnc21,4.0,0.0,1
CHEMBL279,CC(C)n1nc(-c2ccc3[nH]ccc3c2)c2c(N)ncnc21,7.12,0.0,1
CHEMBL279,CC(C)n1nc(-c2ccc3[nH]ncc3c2)c2c(N)ncnc21,6.53,0.0,1
CHEMBL279,CC(C)n1nc(-c2ccc3c(C=O)c[nH]c3c2)c2c(N)ncnc21,5.66,0.0,1
CHEMBL279,CC(C)n1nc(-c2ccc3c(N)n[nH]c3c2)c2c(N)ncnc21,5.2,0.0,1
CHEMBL279,CC(C)n1nc(-c2ccc3c(c2)CCO3)c2c(N)ncnc21,4.0,0.0,1
CHEMBL279,CC(C)n1nc(-c2ccc3c(c2)OCCO3)c2c(N)ncnc21,4.68,0.0,1
CHEMBL279,CC(C)n1nc(-c2ccc3c(ccn3C(=O)OC(C)(C)C)c2)c2c(N)ncnc21,6.82,0.0,1
CHEMBL279,CC(C)n1nc(-c2ccc3c(ccn3C)c2)c2c(N)ncnc21,6.15,0.0,1
CHEMBL279,CC(C)n1nc(-c2ccc3cc(C(=O)NC4CC4)[nH]c3c2)c2c(N)ncnc21,4.95,0.0,1
CHEMBL279,CC(C)n1nc(-c2ccc3cc(C(=O)NCCF)[nH]c3c2)c2c(N)ncnc21,4.94,0.0,1
CHEMBL279,CC(C)n1nc(-c2ccc3cc(C(=O)Nc4ccn(C)n4)[nH]c3c2)c2c(N)ncnc21,4.94,0.0,1
CHEMBL279,CC(C)n1nc(-c2ccc3cc(C(=O)Nc4nncs4)[nH]c3c2)c2c(N)ncnc21,6.16,0.0,1
CHEMBL279,CC(C)n1nc(-c2ccc3cc(O)ccc3c2)c2c(N)ncnc21,8.0,0.0,1
CHEMBL279,CC(C)n1nc(-c2ccc3cc[nH]c3c2)c2c(N)ncnc21,6.33,0.0,1
CHEMBL279,CC(C)n1nc(-c2ccc3ccncc3c2)c2c(N)ncnc21,4.72,0.0,1
CHEMBL279,CC(C)n1nc(-c2ccc3cn[nH]c3c2)c2c(N)ncnc21,6.38,0.0,1
CHEMBL279,CC(C)n1nc(-c2ccc3cnccc3c2)c2c(N)ncnc21,4.31,0.0,1
CHEMBL279,CC(C)n1nc(-c2ccc3nc(Cl)ccc3c2)c2c(N)ncnc21,6.02,0.0,1
CHEMBL279,CC(C)n1nc(-c2ccc3nc(N)ccc3c2)c2c(N)ncnc21,5.29,0.0,1
CHEMBL279,CC(C)n1nc(-c2ccc3nc(NN)ccc3c2)c2c(N)ncnc21,4.3,0.0,1
CHEMBL279,CC(C)n1nc(-c2ccc3nc[nH]c(=O)c3c2)c2c(N)ncnc21,5.09,0.0,1
CHEMBL279,CC(C)n1nc(-c2ccc3nccc(N)c3c2)c2c(N)ncnc21,5.16,0.0,1
CHEMBL279,CC(C)n1nc(-c2ccc3nccc(NC(=O)OC(C)(C)C)c3c2)c2c(N)ncnc21,4.0,0.0,1
CHEMBL279,CC(C)n1nc(-c2ccc3ncccc3c2)c2c(N)ncnc21,6.51,0.0,1
CHEMBL279,CC(C)n1nc(-c2ccc3nccnc3c2)c2c(N)ncnc21,4.89,0.0,1
CHEMBL279,CC(C)n1nc(-c2ccc3nonc3c2)c2c(N)ncnc21,4.0,0.0,1
CHEMBL279,CC(C)n1nc(-c2ccc3occc(=O)c3c2)c2c(N)ncnc21,4.0,0.0,1
CHEMBL279,CC(C)n1nc(-c2ccc3occc3c2)c2c(N)ncnc21,5.54,0.0,1
CHEMBL279,CC(C)n1nc(-c2cccc(C#N)c2)c2c(N)ncnc21,4.37,0.0,1
CHEMBL279,CC(C)n1nc(-c2cccc(C(=O)NC3=NCCS3)c2)c2c(N)ncnc21,5.78,0.0,1
CHEMBL279,CC(C)n1nc(-c2cccc(CC#N)c2)c2c(N)ncnc21,5.32,0.0,1
CHEMBL279,CC(C)n1nc(-c2cccc(CO)c2)c2c(N)ncnc21,4.0,0.0,1
CHEMBL279,CC(C)n1nc(-c2cccc(NS(C)(=O)=O)c2)c2c(N)ncnc21,4.0,0.0,1
CHEMBL279,CC(C)n1nc(-c2cccc(O)c2)c2c(N)ncnc21,6.67,0.0,1
CHEMBL279,CC(C)n1nc(-c2cccc(O)c2F)c2c(N)ncnc21,5.78,0.0,1
CHEMBL279,CC(C)n1nc(-c2cccc(S(N)(=O)=O)c2)c2c(N)ncnc21,5.34,0.0,1
CHEMBL279,CC(C)n1nc(-c2cccc3[nH]ccc23)c2c(N)ncnc21,5.16,0.0,1
CHEMBL279,CC(C)n1nc(-c2cccnc2)c2c(N)ncnc21,4.0,0.0,1
CHEMBL279,CC(C)n1nc(-c2ccn3ccnc3c2)c2c(N)ncnc21,4.0,0.0,1
CHEMBL279,CC(C)n1nc(-c2cnc3[nH]ccc3c2)c2c(N)ncnc21,7.72,0.0,1
CHEMBL279,CC(C)n1nc(-c2cnc3ccccc3c2)c2c(N)ncnc21,5.25,0.0,1
CHEMBL279,CC(C)n1nc(-c2cnc3nccnc3c2)c2c(N)ncnc21,4.92,0.0,1
CHEMBL279,CC(C)n1nc(-c2cncnc2)c2c(N)ncnc21,4.0,0.0,1
CHEMBL279,CC(CN(C)C)Cn1cc(-c2cncc(-c3ccsc3)c2)c2ccccc21,7.34,0.0,1
CHEMBL279,CC(F)(F)c1cc(F)cc(NC(=O)Nc2ccc(Oc3ccnc(NC(=O)C4CC4)c3)c(F)c2)c1,7.98,0.0,1
CHEMBL279,CC(F)(F)c1cc(F)cc(NC(=O)Nc2ccc(Oc3ccnc(NC(=O)C4CC4)c3)cc2F)c1,8.11,0.0,1
CHEMBL279,CC(F)(F)c1cc(NC(=O)Nc2cc(F)cc(Oc3cc(NC(=O)C4CC4)ncn3)c2)ccc1Cl,7.39,0.0,1
CHEMBL279,CC(F)(F)c1cc(NC(=O)Nc2ccc(Oc3cc(NC(=O)C4CC4)ncn3)c(F)c2)ccc1Cl,7.95,0.0,1
CHEMBL279,CC(F)(F)c1cc(NC(=O)Nc2ccc(Oc3cc(NC(=O)C4CC4)ncn3)c(F)c2)ccc1F,7.98,0.0,1
CHEMBL279,CC(F)(F)c1cc(NC(=O)Nc2ccc(Oc3cc(NC(=O)C4CC4)ncn3)cc2F)ccc1Cl,8.14,0.0,1
CHEMBL279,CC(F)(F)c1cc(NC(=O)Nc2ccc(Oc3ccnc(NC(=O)C4CC4)c3)c(F)c2)ccc1Cl,7.83,0.0,1
CHEMBL279,CC(F)(F)c1cc(NC(=O)Nc2ccc(Oc3ccnc(NC(=O)C4CC4)c3)c(F)c2)ccc1F,7.87,0.0,1
CHEMBL279,CC(F)(F)c1cc(NC(=O)Nc2ccc(Oc3ccnc(NC(=O)C4CC4)c3)cc2)ccc1Cl,7.59,0.0,1
CHEMBL279,CC(F)(F)c1cc(NC(=O)Nc2ccc(Oc3ccnc(NC(=O)C4CC4)c3)cc2)ccc1F,7.94,0.0,1
CHEMBL279,CC(F)(F)c1cc(NC(=O)Nc2ccc(Oc3ccnc(NC(=O)C4CC4)c3)cc2F)ccc1Cl,7.96,0.0,1
CHEMBL279,CC(F)(F)c1cc(NC(=O)Nc2ccc(Oc3ccnc(NC(=O)C4CC4)c3)cc2F)ccc1F,7.83,0.0,1
CHEMBL279,CC(F)(F)c1cc(NC(=O)Nc2cccc(Oc3cc(NC(=O)C4CC4)ncn3)c2)ccc1Cl,8.06,0.0,1
CHEMBL279,CC(F)(F)c1ccc(F)c(NC(=O)Nc2ccc(Oc3cc(NC(=O)C4CC4)ncn3)c(F)c2)c1,7.99,0.0,1
CHEMBL279,CC(F)(F)c1ccc(F)c(NC(=O)Nc2ccc(Oc3cc(NC(=O)C4CC4)ncn3)cc2F)c1,7.96,0.0,1
CHEMBL279,CC(F)(F)c1ccc(F)c(NC(=O)Nc2ccc(Oc3ccnc(NC(=O)C4CC4)c3)c(F)c2)c1,8.15,0.0,1
CHEMBL279,CC(F)(F)c1ccc(F)c(NC(=O)Nc2ccc(Oc3ccnc(NC(=O)C4CC4)c3)cc2)c1,8.21,0.0,1
CHEMBL279,CC(F)(F)c1ccc(F)c(NC(=O)Nc2ccc(Oc3ccnc(NC(=O)C4CC4)c3)cc2F)c1,8.04,0.0,1
CHEMBL279,CC(F)(F)c1ccc(F)c(NC(=O)Nc2cnc(Oc3ccnc(NC(=O)C4CC4)c3)c(F)c2)c1,7.9,0.0,1
CHEMBL279,CC(F)(F)c1cccc(NC(=O)Nc2ccc(Oc3cc(NC(=O)C4CC4)ncn3)c(F)c2)c1,7.91,0.0,1
CHEMBL279,CC(F)(F)c1cccc(NC(=O)Nc2ccc(Oc3ccnc(NC(=O)C4CC4)c3)c(F)c2)c1,8.01,0.0,1
CHEMBL279,CC(F)(F)c1cccc(NC(=O)Nc2ccc(Oc3ccnc(NC(=O)C4CC4)c3)cc2F)c1,8.0,0.0,1
CHEMBL279,CC(F)(F)c1ccnc(NC(=O)Nc2ccc(Oc3ccnc(NC(=O)C4CC4)c3)cc2)c1,7.96,0.0,1
CHEMBL279,CC(F)(F)c1ccnc(NC(=O)Nc2ccc(Oc3ccnc(NC(=O)C4CC4)c3)cc2F)c1,7.97,0.0,1
CHEMBL279,CC(F)(F)c1cnc(-c2ccn3c(-c4cccc(NC(=O)NCC(F)(F)F)c4)cnc3c2)nc1,6.75,0.0,1
CHEMBL279,CC(F)(F)c1cncc(NC(=O)Nc2ccc(Oc3ccnc(NC(=O)C4CC4)c3)c(F)c2)c1,7.76,0.0,1
CHEMBL279,CC(F)(F)c1cncc(NC(=O)Nc2ccc(Oc3ccnc(NC(=O)C4CC4)c3)cc2)c1,8.19,0.0,1
CHEMBL279,CC(F)(F)c1cncc(NC(=O)Nc2ccc(Oc3ccnc(NC(=O)C4CC4)c3)cc2F)c1,8.25,0.0,1
CHEMBL279,CC(N)COc1nnc(-c2cn3ncnc(Nc4cc(C(=O)NC5CC5)c(F)cc4F)c3c2C(C)C)o1,6.52,0.0,1
CHEMBL279,CC(N)c1cc(NC(=O)Nc2ccc(Oc3ccnc(NC(=O)C4CC4)c3)c(F)c2)cc(C(F)(F)F)c1,7.8,0.0,1
CHEMBL279,CC(O)C#Cc1ccn2c(-c3cccc(NC(=O)NCC(F)(F)F)c3)cnc2c1,6.7,0.0,1
CHEMBL279,CC(O)C(=O)Nc1cc(Oc2ccc(Nc3nccc4[nH]cc(-c5ccc(F)cc5)c(=O)c34)cc2F)ccn1,6.54,0.0,1
CHEMBL279,CC(O)C(C)Sc1nc(Nc2ccc(S(C)(=N)=O)cc2)ncc1Br,6.82,0.0,1
CHEMBL279,CC(O)CSc1nc(Nc2ccc(S(C)(=N)=O)cc2)ncc1Br,6.6,0.0,1
CHEMBL279,CC(O)c1c(-c2ccc(Oc3ccccc3)cc2)c2c(N)ncnc2n1C1CCCC1,5.73,0.0,1
CHEMBL279,CC(O)c1ccc2c(c1)c1c3c(c4c(c1n2CCCO)Cc1ccccc1-4)C(=O)NC3,6.96,0.0,1
CHEMBL279,CC(O)c1cnc(-c2ccn3c(-c4cccc(NC(=O)NCC(F)(F)F)c4)cnc3c2)nc1,6.89,0.0,1
CHEMBL279,CC(Oc1ccc2[nH]nc(-c3nc4cc(C5CCN(C)CC5)ccc4[nH]3)c2c1)c1c(Cl)cncc1Cl,8.11,0.0,1
CHEMBL279,CC(Oc1ccc2[nH]nc(-c3nc4cc(CCO)ccc4[nH]3)c2c1)c1c(Cl)cncc1Cl,7.9,0.0,1
CHEMBL279,CC(Oc1ccc2[nH]nc(-c3nc4cc(N(C)C(=O)CN(C)C)ccc4[nH]3)c2c1)c1c(Cl)cncc1Cl,8.6,0.0,1
CHEMBL279,CC(Oc1ccc2[nH]nc(-c3nc4cc(N5CCN(C)CC5)ccc4[nH]3)c2c1)c1c(Cl)cncc1Cl,8.1,0.0,1
CHEMBL279,CC(Oc1ccc2[nH]nc(-c3nc4cc(N5C[C@@H](C)N[C@@H](C)C5)ccc4[nH]3)c2c1)c1c(Cl)cncc1Cl,8.05,0.0,1
CHEMBL279,CC(Oc1ccc2ncc(/C=C/C(N)=O)cc2c1)c1c(Cl)ccc(F)c1Cl,4.58,0.0,1
CHEMBL279,CC(Oc1ccc2ncc(/C=C/CN)cc2c1)c1c(Cl)ccc(F)c1Cl,4.48,0.0,1
CHEMBL279,CC(Oc1ccc2ncc(CCC(N)=O)cc2c1)c1c(Cl)ccc(F)c1Cl,4.3,0.0,1
CHEMBL279,CC(Oc1ccc2ncccc2c1)c1c(Cl)ccc(F)c1Cl,4.5,0.0,1
CHEMBL279,CC(Sc1nc(Nc2ccc(S(C)(=N)=O)cc2)ncc1Br)C(C)(C)O,6.96,0.0,1
CHEMBL279,CC(c1cc(NC(=O)Nc2ccc(Oc3ccnc(NC(=O)C4CC4)c3)c(F)c2)cc(C(F)(F)F)c1)N1CCN(C)CC1,7.81,0.0,1
CHEMBL279,CC(c1cc(NC(=O)Nc2ccc(Oc3ccnc(NC(=O)C4CC4)c3)c(F)c2)cc(C(F)(F)F)c1)N1CCNCC1,7.58,0.0,1
CHEMBL279,CC(c1cc2cc(-c3cnn(C)c3)cnc2cc1F)n1nnc2ncc(-c3cnn(CCO)c3)nc21,4.74,0.0,1
CHEMBL279,CC(c1ccncc1)c1nnc(Nc2ccc(Cl)cc2)c2ccccc12,6.68,0.0,1
CHEMBL279,CC1(C(=O)Nc2cc(Oc3ccc(NC(=O)Nc4ccc(Cl)c(C(F)(F)F)c4)cc3F)ccn2)CC1,7.9,0.0,1
CHEMBL279,CC1(C)CC(NC(=O)c2cccc(-c3cc4nccc(Nc5cccc(O)c5)n4n3)c2)CC(C)(C)N1[O],8.48,0.0,1
CHEMBL279,CC1(C)CNc2cc(NC(=O)c3cccnc3NCc3ccncc3)ccc21,8.52,0.0,1
CHEMBL279,CC1(C)OB(c2cnc(N)c(-c3cc4cc(NC(=O)Nc5cc(C(F)(F)F)ccc5F)ccc4s3)c2)OC1(C)C,7.885,0.16263455967290624,2
CHEMBL279,CC1(C)OB(c2cnc(N)c(-c3cc4cc(NC(=O)Nc5ccc(Cl)c(C(F)(F)F)c5)ccc4s3)c2)OC1(C)C,7.74,0.08485281374238547,2
CHEMBL279,CC1(C)OB(c2cnc(N)c(-c3cc4cc(NC(=O)Nc5ccc(F)c(Cl)c5)ccc4s3)c2)OC1(C)C,7.43,0.0,1
CHEMBL279,CC1(C)OB(c2cnc(N)c(-c3cc4cc(NC(=O)Nc5cccc(C(F)(F)F)c5)ccc4s3)c2)OC1(C)C,7.89,0.0,1
CHEMBL279,CC1(C)OB(c2cnc(N)c(-c3cc4cc(NC(=O)Nc5ccccc5)ccc4s3)c2)OC1(C)C,6.705,0.261629509039023,2
CHEMBL279,CC1(C)OB(c2cnc(N)c(-c3ccc(NC(=O)Nc4ccccc4)cc3)c2)OC1(C)C,6.69,0.0,1
CHEMBL279,CC1(C)OCC(=O)Nc2cc(Nc3nc(NCC(F)(F)F)c4occc4n3)ccc21,5.47,0.0,1
CHEMBL279,CC1(C)O[C@@H](n2c3ccccc3c3c4c(c5c6ccccc6[nH]c5c32)CNC4=O)C[C@@]1(O)CO,8.4,0.0,1
CHEMBL279,CC1(C)O[C@@H](n2c3ccccc3c3c4c(c5c6ccccc6[nH]c5c32)CNC4=O)C[C@]1(O)CO,7.19,0.0,1
CHEMBL279,CC1(C)c2cc(C3CCN(C4COC4)CC3)ccc2C(=O)c2c1[nH]c1cc(C#N)ccc21,7.0,0.0,1
CHEMBL279,CC1(C)c2cc(N3CC4(COC4)C3)ccc2C(=O)c2c1oc1cc(C#Cc3cc(OCC4CC4)ccn3)ccc21,6.37,0.0,1
CHEMBL279,CC1(C)c2cc(N3CCC(N4CCOCC4)CC3)ccc2C(=O)c2c1[nH]c1cc(C#N)ccc21,6.12,0.0,1
CHEMBL279,CC1(C)c2cc(N3CCN(C4COC4)CC3)ccc2C(=O)c2c1[nH]c1cc(C#N)ccc21,6.86,0.0,1
CHEMBL279,CC1(C)c2cc(N3CCNC(=O)C3)ccc2C(=O)c2c1oc1cc(C#Cc3cc(OCC4CC4)ccn3)ccc21,6.54,0.0,1
CHEMBL279,CC1(C)c2cc(N3CCOCC3)ccc2C(=O)c2c1oc1cc(C#Cc3cc(OCC4CC4)ccn3)ccc21,6.16,0.0,1
CHEMBL279,CC1(C)c2cc(NS(C)(=O)=O)ccc2C(=O)c2c1oc1cc(C#Cc3cc(OCC(F)(F)F)ccn3)ccc21,6.0,0.0,1
CHEMBL279,CC1(C)c2cc(OCCN3CC4(COC4)C3)ccc2C(=O)c2c1oc1cc(C#Cc3cc(OCC4CC4)ccn3)ccc21,6.3,0.0,1
CHEMBL279,CC1(C)c2cc(OCCN3CCCOCC3)ccc2C(=O)c2c1oc1cc(C#Cc3cc(OCC4CC4)ccn3)ccc21,6.02,0.0,1
CHEMBL279,CC1(C)c2cc(OCCN3CCNC(=O)C3)ccc2C(=O)c2c1oc1cc(C#Cc3cc(OCC4CC4)ccn3)ccc21,6.38,0.0,1
CHEMBL279,CC1(C)c2cc(OCCN3CCOCC3)ccc2C(=O)c2c1oc1cc(C#Cc3cc(OCC4(CO)CC4)ccn3)ccc21,6.02,0.0,1
CHEMBL279,CC1(C)c2cc(OCCN3CCOCC3)ccc2C(=O)c2c1oc1cc(C#Cc3cc(OCC4CC4)ccn3)ccc21,6.12,0.0,1
CHEMBL279,CC1(C)c2cc(OCCN3CCOCC3)ccc2C(=O)c2c1oc1cc(C#Cc3cc(OCC4CCC4)ccn3)ccc21,6.77,0.0,1
CHEMBL279,CC1(C)c2cc(OCCN3CCOCC3)ccc2C(=O)c2c1oc1cc(C#Cc3cc(OCCC4CC4)ccn3)ccc21,6.31,0.0,1
CHEMBL279,CC1(C)c2ccc(C3CCN(C4CC4)CC3)cc2C(=O)c2c1[nH]c1cc(C#N)ccc21,6.05,0.0,1
CHEMBL279,CC1(C)c2ccc(C3CCN(C4COC4)CC3)cc2C(=O)c2c1[nH]c1cc(C#N)ccc21,5.6,0.0,1
CHEMBL279,CC1(COc2ccnc(C#Cc3ccc4c5c(oc4c3)C(C)(C)c3cc(OCCN4CCOCC4)ccc3C5=O)c2)CC1,6.38,0.0,1
CHEMBL279,CC1(c2cc(NC(=O)c3ccn4cc(Oc5ncnc6c5CNC6)ccc34)n[nH]2)CC1,7.26,0.0,1
CHEMBL279,CC1(c2cc(NC(=O)n3ccc4cc(Oc5ncnc6c5CCNC6)ccc43)n[nH]2)CC1,8.3,0.0,1
CHEMBL279,CC1(c2cc(NC(=O)n3ccc4cc(Oc5ncnc6c5CNC6)ccc43)no2)CC1,7.85,0.0,1
CHEMBL279,CC1=CCC[C@H]2[C@](C)(CC3=C(O)C(=O)C=C(NCCC(C)C)C3=O)[C@@H](C)CC[C@@]12C,5.65,0.0,1
CHEMBL279,CC1=CCC[C@H]2[C@](C)(CC3=C(O)C(O)=C/C(=N\[C@@H](CO)C(=O)O)C3=O)[C@H](C)CC[C@]12C,4.7,0.0,1
CHEMBL279,CC1=NN(c2ccc([N+](=O)[O-])cc2[N+](=O)[O-])C(=O)/C1=C\c1cn(-c2ccccc2)nc1-c1cccc([N+](=O)[O-])c1,6.085,0.007071067811865324,2
CHEMBL279,CC1=NNC2OC(NS(=O)(=O)c3ccc(C)cc3)=C(C#N)C(c3ccccc3Br)C12,6.66,0.0,1
CHEMBL279,CC1=[N+](c2ccccc2)C(=O)C(C(=O)Nc2ccc(Oc3ccc4nc(NC(=O)C5CC5)cn4c3)c(F)c2)C=C1,8.66,0.0,1
CHEMBL279,CC1CCC(n2nc(-c3ccc(F)c(O)c3)c3c(N)ncnc32)C1,7.11,0.0,1
CHEMBL279,CC1CCN(Cc2ccc3c(c2)Cc2c(-c4csc(C#CCOc5ccccc5)c4)n[nH]c2-3)CC1,7.16,0.0,1
CHEMBL279,CC1CCN(c2cc(C(=O)Nc3ccc(F)c(Nc4ncccc4-c4ncnc5[nH]cnc45)c3F)cc(C(F)(F)F)c2)CC1,5.22,0.0,1
CHEMBL279,CC1CCN(c2ccc(C(=O)Nc3ccc(F)c(Nc4ncccc4-c4ncnc5[nH]cnc45)c3F)cc2C(F)(F)F)CC1,5.22,0.0,1
CHEMBL279,CC1CN(c2cc(NC(=O)Nc3ccc(Oc4ccnc(NC(=O)C5CC5)c4)c(F)c3)cc(C(F)(F)F)c2)C(=O)O1,8.38,0.0,1
CHEMBL279,CC1CN(c2cc(NC(=O)Nc3ccc(Oc4ccnc(NC(=O)C5CC5)c4)c(F)c3)cc(C(F)(F)F)c2)CC(C)O1,8.21,0.0,1
CHEMBL279,CC1CN(c2cc(NC(=O)Nc3ccc(Oc4ccnc(NC(=O)C5CC5)c4)c(F)c3)cc(C(F)(F)F)c2)CCO1,8.17,0.0,1
CHEMBL279,CC1SC(N2N=C(c3cc4ccccc4oc3=O)CC2c2ccc(N(C)C)cc2)=NC1=O,7.47,0.0,1
CHEMBL279,CCC(=O)Nc1cc(Oc2ccc(Nc3nccc4[nH]cc(-c5ccc(F)cc5)c(=O)c34)cc2F)ccn1,7.7,0.0,1
CHEMBL279,CCC(=O)Nc1cc2c(Nc3ccc(Br)cc3F)ncnc2cc1OCCNC(C)=O,6.44,0.0,1
CHEMBL279,CCC(=O)Nc1ccc(Nc2ncnc3cc(OC)c(OC)cc23)cc1,5.14,0.0,1
CHEMBL279,CCC(C)OCc1ccc2c(c1)c1c3c(c4c(c1n2CCCO)Cc1ccccc1-4)C(=O)NC3,7.92,0.0,1
CHEMBL279,CCC(C)Sc1nc(Nc2ccc(S(C)(=N)=O)cc2)ncc1Br,6.92,0.0,1
CHEMBL279,CCC(C)n1nc(-c2ccc(C)c(O)c2)c2c(N)ncnc21,7.37,0.0,1
CHEMBL279,CCC(CC)CNc1c(C(N)=O)cnc2ccc(-c3ccc(COC)nc3)cc12,4.09,0.0,1
CHEMBL279,CCC(CC)CNc1c(C(N)=O)cnc2ccc(C#N)cc12,5.09,0.0,1
CHEMBL279,CCC(CC)OCc1ccc2c(c1)c1c3c(c4c(c1n2CCCO)Cc1ccccc1-4)C(=O)NC3,7.46,0.0,1
CHEMBL279,CCC(CO)Sc1nc(Nc2ccc(S(C)(=N)=O)cc2)ncc1Br,6.77,0.0,1
CHEMBL279,CCC(Sc1nc(Nc2ccc(S(C)(=N)=O)cc2)ncc1Br)C(C)O,6.7,0.0,1
CHEMBL279,CCC1CCN(C)C(Nc2c(-c3nc4ccccc4[nH]3)c(=O)[nH]c3ccccc23)C1,6.77,0.0,1
CHEMBL279,CCC1Cc2nc(COc3cc4ncnc(Nc5ccc(Cl)c(Cl)c5)c4cc3OC)sc2CN1,4.98,0.0,1
CHEMBL279,CCCC#Cc1cc(-c2n[nH]c3c2Cc2cc(CN4CCN(C)CC4)ccc2-3)cs1,7.12,0.0,1
CHEMBL279,CCCC(=O)Nc1cc(Oc2ccc(Nc3nccc4[nH]cc(-c5ccc(F)cc5)c(=O)c34)cc2F)ccn1,7.71,0.0,1
CHEMBL279,CCCC(=O)Nc1ccc(Nc2ncnc3cc(OC)c(OC)cc23)cc1C,5.385,0.021213203435596288,2
CHEMBL279,CCCC(=O)Nc1cccc2c1Cc1c-2n[nH]c1-c1ccsc1,6.25,0.0,1
CHEMBL279,CCCCC(=O)Nc1cc(Oc2ccc(Nc3nccc4[nH]cc(-c5ccc(F)cc5)c(=O)c34)cc2F)ccn1,7.57,0.0,1
CHEMBL279,CCCCC(=O)Nc1ccc(Nc2ncnc3cc(OC)c(OC)cc23)cc1C,5.17,0.0,2
CHEMBL279,CCCCCCCCCCCCN1C(=O)c2cccc3c(NCCNCCN(C)C)ccc(c23)C1=O,4.56,0.0,1
CHEMBL279,CCCCCCCCN1C(=O)c2cccc3c(NCCNCCN(C)C)ccc(c23)C1=O,4.31,0.0,1
CHEMBL279,CCCCCCNC(=O)Nc1ccc(-c2ccnc3[nH]nc(C)c23)cc1,4.98,0.0,1
CHEMBL279,CCCCCn1c2ccc(C3CCCCO3)cc2c2c3c(c4c(c21)CCc1nn(C)cc1-4)C(=O)NC3,7.28,0.0,1
CHEMBL279,CCCCN(C)C(=O)c1cc2c(-c3ccccc3)[nH]nc2s1,6.46,0.0,1
CHEMBL279,CCCCN(C)c1ccc(/N=N/c2ncc([N+](=O)[O-])s2)c(C)c1,6.82,0.0,1
CHEMBL279,CCCCN1C(=O)CS/C1=N/Nc1nncc2ccccc12,8.92,0.0,1
CHEMBL279,CCCCNC(=O)Nc1cc(Cl)c(Nc2ncnc3cc(OC)c(OC)cc23)cc1Cl,5.04,0.0,1
CHEMBL279,CCCCNC(=O)Nc1ccc(-c2csc3ncnc(N)c23)cc1,6.74,0.0,1
CHEMBL279,CCCCNC(=O)Nc1ccc(N(C)c2ccnc(Nc3cccc(CS(C)(=O)=O)c3)n2)cc1,7.54,0.0,1
CHEMBL279,CCCCNC(=O)Nc1ccc(Nc2ncnc3cc(OC)c(OC)cc23)cc1,5.24,0.0,1
CHEMBL279,CCCCNC(=O)Nc1ccc(Oc2ncnc3cc(OC)c(OC)cc23)cc1,6.4,0.0,1
CHEMBL279,CCCCNC(=O)Nc1ccc(Oc2ncnc3cc(OCCCN4CCCC4)c(OC)cc23)cc1Cl,8.58,0.0,1
CHEMBL279,CCCCNC(=O)c1cc2c(C)n[nH]c2s1,4.8,0.0,1
CHEMBL279,CCCCNC(=O)c1cc2ccc(-c3nn(C(C)(C)C)c4ncnc(N)c34)cc2[nH]1,4.26,0.0,1
CHEMBL279,CCCCNC(=O)c1ccc2c(c1)C(=C(c1ccccc1)c1nc3ccccc3[nH]1)C(=O)N2,7.82,0.0,1
CHEMBL279,CCCCNC(=O)c1cccc(N2CCc3nc(N)ncc3C2)c1,5.39,0.0,1
CHEMBL279,CCCCNC(=S)NNc1nncc2ccccc12,8.35,0.0,1
CHEMBL279,CCCCNS(=O)(=O)c1ccc2c(c1)C(=C(c1ccccc1)c1nc3ccccc3[nH]1)C(=O)N2,5.95,0.0,1
CHEMBL279,CCCCNc1nc2c3c(-c4ccccc4)c(-c4ccccc4)oc3ncn2n1,6.98,0.0,1
CHEMBL279,CCCCNc1nn(C)c2cc(Oc3ccnc4cc(OC)c(OC)cc34)ccc12,6.1,0.0,1
CHEMBL279,CCCCO/N=C/c1c(N)ncnc1Oc1ccc2[nH]c(C)cc2c1F,6.94,0.0,1
CHEMBL279,CCCCOC(=O)Nc1ccc(Nc2ncnc3cc(OC)c(OC)cc23)cc1,5.17,0.0,2
CHEMBL279,CCCCOC(=O)Nc1ccc(Nc2ncnc3cc(OC)c(OC)cc23)cc1C,5.28,0.0,2
CHEMBL279,CCCCOC(=O)Nc1ccc(Nc2ncnc3cc(OC)c(OC)cc23)cc1Cl,5.31,0.0,2
CHEMBL279,CCCCOC(C)c1ccc2c(c1)c1c3c(c4c(c1n2CCCO)Cc1ccccc1-4)C(=O)NC3,6.89,0.0,1
CHEMBL279,CCCCOCc1ccc2c(c1)c1c3c(c4c(c1n2CCCO)Cc1ccccc1-4)C(=O)NC3,7.75,0.0,1
CHEMBL279,CCCCOc1cc2c(Nc3ccc(Br)cc3F)ncnc2cc1OCCN(CC)CC,5.28,0.0,1
CHEMBL279,CCCCOc1cc2c(Nc3ccc(NC(=O)OC)c(C)c3)ncnc2cc1OCCN(CC)CC,5.03,0.0,1
CHEMBL279,CCCCOc1cc2c(Nc3ccc(NC(=O)OC)c(Cl)c3)ncnc2cc1OCCN(CC)CC,5.13,0.0,1
CHEMBL279,CCCCOc1cc2c(Nc3ccc(NC(=O)OCC)c(C)c3)ncnc2cc1OCCN(CC)CC,5.24,0.0,2
CHEMBL279,CCCCOc1cc2c(Nc3ccc(NC(=O)OCC)c(Cl)c3)ncnc2cc1OCCN(CC)CC,5.32,0.0,2
CHEMBL279,CCCCS(=O)(=O)Nc1ccc(Oc2ncnc3cc(OC)c(OC)cc23)c2ccccc12,5.41,0.0,1
CHEMBL279,CCCCc1nn2ncccc2c1-c1ccnc(NC2CC2)n1,5.6,0.0,1
CHEMBL279,CCCCc1nn2ncccc2c1-c1ccnc(Nc2ccc(N3CCN(C)CC3)cc2)n1,7.6,0.0,1
CHEMBL279,CCCCn1c(SCC(=O)Nc2ccc(S(=O)(=O)Nc3ccc(Cl)nn3)cc2)nc2ccccc2c1=O,6.97,0.0,1
CHEMBL279,CCCCn1c2ccc(/C(C)=N/OC)cc2c2c3c(c4c(c21)CCc1nn(C)cc1-4)C(=O)NC3,7.92,0.0,1
CHEMBL279,CCCCn1c2ccc(C(C)=O)cc2c2c3c(c4c(c21)CCc1nn(C)cc1-4)C(=O)NC3,7.58,0.0,1
CHEMBL279,CCCCn1c2ccc(C3CCCCO3)cc2c2c3c(c4c(c21)CCc1c-4cnn1C)C(=O)NC3,7.43,0.0,1
CHEMBL279,CCCCn1c2ccc(C3CCCCO3)cc2c2c3c(c4c(c21)CCc1nn(C)cc1-4)C(=O)NC3,7.8100000000000005,0.26870057685088766,2
CHEMBL279,CCCCn1c2ccc(N)cc2c2c3c(c4c(c21)CCc1nn(C)cc1-4)C(=O)NC3,7.06,0.0,1
CHEMBL279,CCCCn1c2ccc(NC(=O)Nc3ccc(OC)cc3)cc2c2c3c(c4c(c21)CCc1nn(C)cc1-4)C(=O)NC3,7.0,0.0,1
CHEMBL279,CCCN(Cc1ccc(-c2[nH]nc3c2Cc2cc(CN4CCN(C)CC4)ccc2-3)s1)C(=O)Nc1cccc(C)c1,7.46,0.0,1
CHEMBL279,CCCN1C(=O)/C(=N\c2ccc(NC(=O)Nc3ccc(S(N)(=O)=O)cc3)cc2)c2cc(Cl)ccc21,6.42,0.0,1
CHEMBL279,CCCN1CCCOC(COc2cc3ncnc(Nc4ccc(Cl)c(Cl)c4)c3cc2OC)C1,4.98,0.0,1
CHEMBL279,CCCNC(=O)Nc1ccc(-c2ccnc3[nH]nc(N)c23)cc1,6.62,0.0,1
CHEMBL279,CCCNC(=O)Nc1ccc(Nc2ncnc3cc(OC)c(OC)cc23)cc1Cl,6.8,0.0,1
CHEMBL279,CCCNC(=O)Nc1ccc(Oc2ncnc(N)c2/C=N/OC)cc1Cl,7.55,0.0,1
CHEMBL279,CCCNC(=O)Nc1ccc(Oc2ncnc3cc(OC)c(OC)cc23)cc1Cl,6.8,0.0,1
CHEMBL279,CCCNC(=O)Nc1ccc(Oc2ncnc3ccn(C)c23)cc1,5.41,0.0,1
CHEMBL279,CCCNC(=O)c1cc(Oc2ccc(NC(=O)c3cc4cccnc4n(-c4ccc(F)cc4)c3=O)cc2)ccn1,6.54,0.0,1
CHEMBL279,CCCNC(=O)c1cc2ccc(-c3nn(C(C)(C)C)c4ncnc(N)c34)cc2[nH]1,5.04,0.0,1
CHEMBL279,CCCNC(=O)c1ccc(Nc2nc(NCC(F)(F)F)c3cc[nH]c3n2)cc1,6.05,0.0,1
CHEMBL279,CCCNC(=O)c1ccc2c(Cl)c(-c3nn(C(C)(C)C)c4ncnc(N)c34)[nH]c2c1,4.9,0.0,1
CHEMBL279,CCCNC(=O)c1ccc2c(Cl)c(-c3nn(C4CCOC4)c4ncnc(N)c34)[nH]c2c1,5.21,0.0,1
CHEMBL279,CCCNC(=O)c1ccc2c(Cl)c(-c3nn(C4CCOCC4)c4ncnc(N)c34)[nH]c2c1,5.08,0.0,1
CHEMBL279,CCCNC(=O)c1cccc2cc(Oc3ccnc4cc(OC)c(OC)cc34)ccc12,8.89,0.0,1
CHEMBL279,CCCNNC(=O)c1ccc(Nc2nccc(N(C)c3ccc4c(C)n(C)nc4c3)n2)cc1,7.6,0.0,1
CHEMBL279,CCCNc1cc(Oc2ccc(NC(=O)Nc3cccc(C(F)(F)F)c3)cc2)ncn1,7.72,0.0,1
CHEMBL279,CCCNc1nn(C)c2cc(Oc3ccnc4cc(OC)c(OC)cc34)ccc12,5.96,0.0,1
CHEMBL279,CCCNc1nnc(-c2cn3ncnc(Nc4cc(C(=O)NC5CC5)c(F)cc4F)c3c2C(C)C)o1,7.77,0.0,1
CHEMBL279,CCCO/N=C/c1c(N)ncnc1Oc1ccc2[nH]c(C)cc2c1F,7.37,0.0,1
CHEMBL279,CCCOC(=O)Nc1ccc(Nc2ncnc3cc(OC)c(OC)cc23)cc1,5.3,0.0,2
CHEMBL279,CCCOC(=O)Nc1ccc(Nc2ncnc3cc(OC)c(OC)cc23)cc1C,6.07,0.0,2
CHEMBL279,CCCOC(=O)Nc1ccc(Nc2ncnc3cc(OC)c(OC)cc23)cc1Cl,5.48,0.0,2
CHEMBL279,CCCOC(=O)Nc1ccc2c(c1)c1c3c(c4c(c1n2CCC)CCc1nn(C)cc1-4)C(=O)NC3,8.52,0.0,1
CHEMBL279,CCCOCc1ccc2c(c1)c1c3c(c4c(c1n2CCCO)Cc1ccccc1-4)C(=O)NC3,7.89,0.0,1
CHEMBL279,CCCOc1cc2ncnc(Nc3ccc(NC(=O)OCC)c(C)c3)c2cc1OC,6.3,0.0,1
CHEMBL279,CCCOc1cc2ncnc(Nc3ccc(NC(=O)OCC)c(Cl)c3)c2cc1OC,6.3,0.0,1
CHEMBL279,CCCS(=O)(=O)Nc1ccc(F)c(C(=O)c2c[nH]c3ncc(-c4ccc(Cl)cc4)cc23)c1F,6.44,0.0,1
CHEMBL279,CCCS(=O)(=O)Nc1ccc(F)c(C(=O)c2c[nH]c3ncc(Cl)cc23)c1F,5.64,0.0,1
CHEMBL279,CCCc1c(C(=O)NCCCN2CCCC2)cn2ncnc(Nc3ccc(C)c(O)c3)c12,7.05,0.0,1
CHEMBL279,CCCc1c(C(=O)Nc2ccc(Oc3ccnc4cc(-c5cn(C)cn5)sc34)c(F)c2)cnn1-c1ccccc1,5.72,0.0,1
CHEMBL279,CCCc1c(C(=O)OCC)cn2ncnc(Nc3ccc(C)c(O)c3)c12,8.52,0.0,1
CHEMBL279,CCCc1cc(NC(=O)Cc2ccc(-n3cnc4cc(-c5cnn(C)c5)ccc43)cc2)on1,9.0,0.0,1
CHEMBL279,CCCc1cc(NC(=O)Nc2ccc(Oc3ccnc(-c4cnn(CCCCCCC(=O)NO)c4)c3)cc2)on1,7.44,0.0,1
CHEMBL279,CCCc1ccc(NC(=O)c2cccc(N3CCc4nc(N)ncc4C3)c2)cc1,7.17,0.0,1
CHEMBL279,CCCc1ccc(NC(=O)c2ccccc2CCc2ccncc2)cc1,6.7,0.0,1
CHEMBL279,CCCc1ccc(Nc2ncnn3cc(C(=O)OC)c(C)c23)cc1O,6.72,0.0,1
CHEMBL279,CCCc1sc2ncnc(N)c2c1-c1ccc(NC(=O)Nc2cccc(C)c2)cc1,7.58,0.0,1
CHEMBL279,CCCn1c(C)c(Cl)c2cc(Nc3nccc(-n4cc(CN5CC(O)C5)c(C)n4)n3)ccc21,6.31,0.0,1
CHEMBL279,CCCn1c2ccc(/C(C)=N/OC)cc2c2c3c(c4c(c21)CCc1nn(C)cc1-4)C(=O)NC3,9.0,0.0,1
CHEMBL279,CCCn1c2ccc(C(=O)c3cccs3)cc2c2c3c(c4c(c21)CCc1nn(C)cc1-4)C(=O)NC3,8.3,0.0,1
CHEMBL279,CCCn1c2ccc(C(C)=O)cc2c2c3c(c4c(c21)CCc1nn(C)cc1-4)C(=O)NC3,8.52,0.0,1
CHEMBL279,CCCn1c2ccc(C3CCCCO3)cc2c2c3c(c4c(c21)CCc1c-4cnn1C)C(=O)NC3,7.7,0.0,1
CHEMBL279,CCCn1c2ccc(C3CCCCO3)cc2c2c3c(c4c(c21)CCc1nn(C)cc1-4)C(=O)NC3,8.1,0.0,1
CHEMBL279,CCCn1c2ccc(N)cc2c2c3c(c4c(c21)CCc1nn(C)cc1-4)C(=O)NC3,8.05,0.0,1
CHEMBL279,CCCn1c2ccc(NC(=O)N(C)c3ccccc3)cc2c2c3c(c4c(c21)CCc1nn(C)cc1-4)C(=O)NC3,8.15,0.0,1
CHEMBL279,CCCn1c2ccc(NC(=O)Nc3cc(C(F)(F)F)ccc3F)cc2c2c3c(c4c(c21)CCc1nn(C)cc1-4)C(=O)NC3,6.8,0.0,1
CHEMBL279,CCCn1c2ccc(NC(=O)Nc3cc(C)ccc3F)cc2c2c3c(c4c(c21)CCc1nn(C)cc1-4)C(=O)NC3,7.54,0.0,1
CHEMBL279,CCCn1c2ccc(NC(=O)Nc3ccc(C)cc3)cc2c2c3c(c4c(c21)CC(C=N)=CC4)C(=O)NC3,8.1,0.0,1
CHEMBL279,CCCn1c2ccc(NC(=O)Nc3ccc(Cl)cc3)cc2c2c3c(c4c(c21)CCc1nn(C)cc1-4)C(=O)NC3,7.32,0.0,1
CHEMBL279,CCCn1c2ccc(NC(=O)Nc3ccc(F)cc3)cc2c2c3c(c4c(c21)CCc1nn(C)cc1-4)C(=O)NC3,7.92,0.0,1
CHEMBL279,CCCn1c2ccc(NC(=O)Nc3ccc(N(C)C)cc3)cc2c2c3c(c4c(c21)CCc1nn(C)cc1-4)C(=O)NC3,7.62,0.0,1
CHEMBL279,CCCn1c2ccc(NC(=O)Nc3ccc(OC)cc3)cc2c2c3c(c4c(c21)CCc1nn(C)cc1-4)C(=O)NC3,7.8,0.0,1
CHEMBL279,CCCn1c2ccc(NC(=O)Nc3ccc(SC)cc3)cc2c2c3c(c4c(c21)CCc1nn(C)cc1-4)C(=O)NC3,7.85,0.0,1
CHEMBL279,CCCn1c2ccc(NC(=O)Nc3cccc(F)c3)cc2c2c3c(c4c(c21)CCc1nn(C)cc1-4)C(=O)NC3,7.92,0.0,1
CHEMBL279,CCCn1c2ccc(NC(=O)Nc3ccccc3)cc2c2c3c(c4c(c21)CCc1nn(C)cc1-4)C(=O)NC3,7.8,0.0,1
CHEMBL279,CCCn1c2ccc(NC(=O)Nc3ccccc3Br)cc2c2c3c(c4c(c21)CCc1nn(C)cc1-4)C(=O)NC3,8.0,0.0,1
CHEMBL279,CCCn1c2ccc(NC(=O)Nc3ccccc3Cl)cc2c2c3c(c4c(c21)CCc1nn(C)cc1-4)C(=O)NC3,8.05,0.0,1
CHEMBL279,CCCn1c2ccc(NC(=O)Nc3ccccc3F)cc2c2c3c(c4c(c21)CCc1nn(C)cc1-4)C(=O)NC3,8.05,0.0,1
CHEMBL279,CCCn1c2ccc(NC(=O)Nc3cccs3)cc2c2c3c(c4c(c21)CCc1nn(C)cc1-4)C(=O)NC3,7.68,0.0,1
CHEMBL279,CCCn1c2ccc(NC(=O)OC(C)C)cc2c2c3c(c4c(c21)CCc1nn(C)cc1-4)C(=O)NC3,8.3,0.0,1
CHEMBL279,CCCn1c2ccc(NC(=O)OCC)cc2c2c3c(c4c(c21)CCc1nn(C)cc1-4)C(=O)NC3,8.7,0.0,1
CHEMBL279,CCCn1c2ccc(NC(=O)Oc3ccc(F)cc3)cc2c2c3c(c4c(c21)CCc1nn(C)cc1-4)C(=O)NC3,7.34,0.0,1
CHEMBL279,CCCn1c2ccc(NC(=O)Oc3ccc(OC)cc3)cc2c2c3c(c4c(c21)CCc1nn(C)cc1-4)C(=O)NC3,7.92,0.0,1
CHEMBL279,CCCn1c2ccc(NC(=O)c3ccco3)cc2c2c3c(c4c(c21)CCc1nn(C)cc1-4)C(=O)NC3,8.52,0.0,1
CHEMBL279,CCCn1c2ccc(NC(=O)c3cccs3)cc2c2c3c(c4c(c21)CCc1nn(C)cc1-4)C(=O)NC3,8.4,0.0,1
CHEMBL279,CCCn1c2ccccc2c2c3c(c4c(c21)CCc1nn(C)cc1-4)C(=O)NC3,7.8,0.0,1
CHEMBL279,CCCn1cc(-c2cnc(N)c3c(-c4ccc(NC(=O)Nc5cccc(F)c5)cc4)csc23)cn1,7.82,0.0,1
CHEMBL279,CCCn1cc(-c2cnc3ccc(N(CCN)c4cc(OC)cc(OC)c4)cc3n2)cn1,7.69,0.0,1
CHEMBL279,CCN(C)Cc1cc(OC)cc(N(CC2CC2)c2ccc3ncc(-c4cnn(C)c4)nc3c2)c1,6.14,0.0,1
CHEMBL279,CCN(CC)C(=O)c1c[nH]c(-c2cc(Oc3ccc(NC(=O)Nc4cc(C)ccc4F)cc3)ccn2)c1,7.7,0.0,1
CHEMBL279,CCN(CC)C(=O)c1cc2nccc(Oc3cccc(C(=O)Nc4cc(C)ccc4F)c3)c2s1,8.15,0.0,1
CHEMBL279,CCN(CC)C(=O)c1cc2nccc(Oc3cccc(NC(=O)c4occc4C)c3)c2s1,7.57,0.0,1
CHEMBL279,CCN(CC)C(=O)c1cccc(N2CCc3nc(N)ncc3C2)c1,5.9,0.0,1
CHEMBL279,CCN(CC)C(=O)c1cccc2[nH]c(-c3n[nH]c4ncc(-c5cncc6ccccc56)cc34)nc12,5.0,0.0,1
CHEMBL279,CCN(CC)CC(=O)N1CCc2nc(-c3cc4ccccc4[nH]c3=O)[nH]c2C1,6.52,0.0,1
CHEMBL279,CCN(CC)CC(=O)Nc1ccc(C(F)(F)F)cc1NC(=O)c1ccc(C)c(-c2ccc3nc(NC)ncc3c2)c1,6.51,0.0,1
CHEMBL279,CCN(CC)CC(O)CNC(=O)c1c(C)[nH]c2c1CCC/C2=C1/C(=O)Nc2ccc(F)cc21,8.6,0.0,1
CHEMBL279,CCN(CC)CCCCCNc1cc2nc(NC(=O)NC(C)(C)C)c(-c3cc(OC)cc(OC)c3)cc2cn1,8.4,0.0,1
CHEMBL279,CCN(CC)CCCCNc1cc2nc(N)c(-c3c(Cl)cccc3Cl)cc2cn1,5.92,0.0,1
CHEMBL279,CCN(CC)CCCCNc1cc2nc(N)c(-c3cc(OC)cc(OC)c3)cc2cn1,6.66,0.0,1
CHEMBL279,CCN(CC)CCCCNc1cc2nc(N)c(-c3ccccc3)cc2cn1,5.44,0.0,1
CHEMBL279,CCN(CC)CCCCNc1cc2nc(NC(=O)NC(C)(C)C)c(-c3c(Cl)cccc3Cl)cc2cn1,7.6,0.0,1
CHEMBL279,CCN(CC)CCCCNc1cc2nc(NC(=O)NC(C)(C)C)c(-c3cc(OC)cc(OC)c3)cc2cn1,8.22,0.0,1
CHEMBL279,CCN(CC)CCCCNc1cc2nc(NC(=O)NC(C)(C)C)c(-c3ccccc3)cc2cn1,6.75,0.0,1
CHEMBL279,CCN(CC)CCCCNc1ncc2cc(-c3cc(OC)cc(OC)c3)c(NC(=O)NC(C)(C)C)nc2n1,6.92,0.0,1
CHEMBL279,CCN(CC)CCCNC(=O)c1c(C)[nH]c2c1CCC/C2=C1/C(=O)Nc2ccc(F)cc21,8.57,0.0,1
CHEMBL279,CCN(CC)CCCNC(=O)c1cc2nccc(Oc3ccc(NC(=O)Nc4cc(C)ccc4F)cc3)c2s1,8.52,0.0,1
CHEMBL279,CCN(CC)CCCNc1cc2nc(NC(=O)NC(C)(C)C)c(-c3cc(OC)cc(OC)c3)cc2cn1,7.82,0.0,1
CHEMBL279,CCN(CC)CCCOc1cc2c(Oc3ccc(Nc4nccc5[nH]cc(-c6ccc(F)cc6)c(=O)c45)cc3F)ncnc2cc1OC,6.79,0.0,1
CHEMBL279,CCN(CC)CCN(c1cc(OC)cc(OC)c1)c1ccc2ncc(-c3cnn(C)c3)nc2c1,7.06,0.0,1
CHEMBL279,CCN(CC)CCN1CCCCc2[nH]c(/C=C3\C(=O)Nc4ccc(F)cc43)c(C)c2C1=O,6.8100000000000005,0.1979898987322338,2
CHEMBL279,CCN(CC)CCN1CCCc2[nH]c(/C=C3\C(=O)Nc4ccc(F)cc43)c(C)c2C1=O,7.449999999999999,0.5656854249492376,2
CHEMBL279,CCN(CC)CCN1CCc2[nH]c(/C=C3\C(=O)Nc4ccc(Br)cc43)c(C)c2C1=O,7.3100000000000005,0.6929646455628166,2
CHEMBL279,CCN(CC)CCN1CCc2[nH]c(/C=C3\C(=O)Nc4ccc(Cl)cc43)c(C)c2C1=O,7.195,1.138441917710342,2
CHEMBL279,CCN(CC)CCN1CCc2[nH]c(/C=C3\C(=O)Nc4ccc(F)cc43)c(C)c2C1=O,8.5,0.282842712474618,2
CHEMBL279,CCN(CC)CCN1Cc2[nH]c(/C=C3\C(=O)Nc4ccc(Br)cc43)c(C)c2C1=O,7.61,0.0,1
CHEMBL279,CCN(CC)CCN1Cc2[nH]c(/C=C3\C(=O)Nc4ccc(I)cc43)c(C)c2C1=O,7.46,0.0,1
CHEMBL279,CCN(CC)CCNC(=O)C(C)(C)/N=C/C(C=N)c1ccn2c(-c3cccc(NC(=O)NCC(F)(F)F)c3)cnc2c1,7.41,0.0,1
CHEMBL279,CCN(CC)CCNC(=O)c1c(C)[nH]c(/C=C2\C(=O)Nc3ccc(Br)cc32)c1C,7.5,0.0,1
CHEMBL279,CCN(CC)CCNC(=O)c1c(C)[nH]c(/C=C2\C(=O)Nc3ccc(Cl)cc32)c1C,6.545,1.449568901432423,2
CHEMBL279,CCN(CC)CCNC(=O)c1c(C)[nH]c(/C=C2\C(=O)Nc3ccc(F)cc32)c1C,7.508484848484849,0.6209072052857478,33
CHEMBL279,CCN(CC)CCNC(=O)c1c(C)[nH]c(/C=C2\C(=O)Nc3cccc(F)c32)c1C,8.19,0.0,1
CHEMBL279,CCN(CC)CCNC(=O)c1c(C)[nH]c(/C=C2\C(=O)Nc3ccccc32)c1C,7.3,0.0,1
CHEMBL279,CCN(CC)CCNC(=O)c1c(C)[nH]c(/C=C2\CNc3ccc(F)cc32)c1C,7.0,0.0,1
CHEMBL279,CCN(CC)CCNC(=O)c1c(C)[nH]c2c1CCC/C2=C1/C(=O)Nc2c(F)cccc21,6.95,0.0,1
CHEMBL279,CCN(CC)CCNC(=O)c1c(C)[nH]c2c1CCC/C2=C1/C(=O)Nc2ccc(Br)cc21,8.41,0.0,1
CHEMBL279,CCN(CC)CCNC(=O)c1c(C)[nH]c2c1CCC/C2=C1/C(=O)Nc2ccc(C(=O)OC)cc21,6.78,0.0,1
CHEMBL279,CCN(CC)CCNC(=O)c1c(C)[nH]c2c1CCC/C2=C1/C(=O)Nc2ccc(C)cc21,8.64,0.0,1
CHEMBL279,CCN(CC)CCNC(=O)c1c(C)[nH]c2c1CCC/C2=C1/C(=O)Nc2ccc(Cl)cc21,8.59,0.0,1
CHEMBL279,CCN(CC)CCNC(=O)c1c(C)[nH]c2c1CCC/C2=C1/C(=O)Nc2ccc(F)cc21,8.47,0.24041630560342606,2
CHEMBL279,CCN(CC)CCNC(=O)c1c(C)[nH]c2c1CCC/C2=C1/C(=O)Nc2ccc(OC)cc21,7.61,0.0,1
CHEMBL279,CCN(CC)CCNC(=O)c1c(C)[nH]c2c1CCC/C2=C1/C(=O)Nc2ccc(S(=O)(=O)N(CC)CC)cc21,6.48,0.0,1
CHEMBL279,CCN(CC)CCNC(=O)c1c(C)[nH]c2c1CCC/C2=C1/C(=O)Nc2ccc([N+](=O)[O-])cc21,7.59,0.0,1
CHEMBL279,CCN(CC)CCNC(=O)c1c(C)[nH]c2c1CCC/C2=C1/C(=O)Nc2cccc(F)c21,7.82,0.0,1
CHEMBL279,CCN(CC)CCNC(=O)c1c(C)[nH]c2c1CCC/C2=C1/C(=O)Nc2ccccc21,8.03,0.0,1
CHEMBL279,CCN(CC)CCNC(=O)c1cc2nccc(Oc3ccc(NC(=O)Nc4cc(C)ccc4F)cc3)c2s1,8.4,0.0,1
CHEMBL279,CCN(CC)CCNC(=O)c1ccc(/C=C2\C(=O)Nc3ccc(F)cc32)[nH]c1=O,7.82,0.0,1
CHEMBL279,CCN(CC)CCNC(=O)c1cnn2c(N)c(-c3ccc(NC(=O)Nc4cccc(C)c4)cc3)cnc12,6.3,0.0,1
CHEMBL279,CCN(CC)CCOC(=O)c1ccc(OC)c(NC(=O)Nc2cc(-c3ccc(OC)nc3)ccc2OC(F)(F)F)c1,4.42,0.0,1
CHEMBL279,CCN(CC)CCOC(=O)c1ccc(OC)c(NC(=O)Nc2cc(-c3ccc4[nH]ccc4c3)ccc2OC(F)(F)F)c1,6.8,0.0,1
CHEMBL279,CCN(CC)CCOc1c(C(=O)OC)c2c3c(oc2c2ccccc12)C(=O)c1ccccc1C3=O,4.9,0.0,1
CHEMBL279,CCN(CC)CCOc1cc2c(Nc3ccc(Br)cc3F)ncnc2cc1OC,5.13,0.0,1
CHEMBL279,CCN(CC)CCOc1cc2ncnc(Nc3ccc(Br)cc3F)c2cc1OC,6.0,0.0,1
CHEMBL279,CCN(CC)CCOc1cc2ncnc(Nc3ccc(C)c(Br)c3)c2cc1OC,5.19,0.0,1
CHEMBL279,CCN(CC)CCOc1cc2ncnc(Nc3ccc(F)c(Cl)c3)c2cc1OC,5.16,0.0,1
CHEMBL279,CCN(CC)CCOc1cc2ncnc(Nc3ccc(NC(=O)OC)c(C)c3)c2cc1OC,5.16,0.0,1
CHEMBL279,CCN(CC)CCOc1cc2ncnc(Nc3ccc(NC(=O)OC)c(Cl)c3)c2cc1OC,5.28,0.0,1
CHEMBL279,CCN(CC)CCOc1ccc(-c2ccc(NC(=O)Nc3cccc(C)c3)cc2)c2c(N)n[nH]c12,7.46,0.0,1
CHEMBL279,CCN(CC)CCOc1ccc(C)c(NC(=O)Nc2cc(OC)c(OC)c(-c3ccc(/C(C)=N/O)c(OC)c3)c2)c1,8.41,0.0,1
CHEMBL279,CCN(CC)CCOc1ccc(C)c(NC(=O)Nc2cc(OC)c(OC)c(-c3ccc(C(C)=O)c(OC)c3)c2)c1,7.78,0.0,1
CHEMBL279,CCN(CC)CCOc1ccc(NC(=O)Nc2cc(OC)c(OC)c(-c3ccc(/C(C)=N/O)c(OC)c3)c2)cc1,8.89,0.0,1
CHEMBL279,CCN(CC)CCOc1ccc(NC(=O)Nc2cc(OC)c(OC)c(-c3ccc(C(C)=O)c(OC)c3)c2)c(C)c1,6.89,0.0,1
CHEMBL279,CCN(CC)CCOc1ccc(NC(=O)c2ccc(OC)c(O)c2-c2cccc(O)c2)cc1,7.16,0.0,1
CHEMBL279,CCN(CC)CCOc1ccc(NC(=O)c2cccc(-c3cccc(O)c3)c2)cc1,6.44,0.0,1
CHEMBL279,CCN(CC)CCOc1ccc(NC(=O)c2cccc(-c3cccc(O)c3)c2)cc1Cl,6.8,0.0,1
CHEMBL279,CCN(CC)CCOc1ccc(NC(=O)c2cccc(-c3cccc(O)c3)c2)cc1F,8.06,0.0,1
CHEMBL279,CCN(CC)CCOc1ccc(Nc2cc(Cl)nc(-c3ccc(OC)cc3)n2)cc1,6.76,0.0,1
CHEMBL279,CCN(CC)CCOc1ccc(Nc2cc(NC(=O)Nc3c(Cl)cccc3Cl)ncn2)cc1,6.02,0.0,1
CHEMBL279,CCN(CC)CCOc1ccc(Nc2nc(-c3ccc(OC)cc3)nc(Cl)c2-c2ccccc2)cc1,7.17,0.0,1
CHEMBL279,CCN(CC)CCOn1nc(N)c2c(-c3ccc(NC(=O)Nc4cc(C)ccc4F)cc3)cccc21,7.13,0.0,1
CHEMBL279,CCN(CC)CCc1c(C)[nH]c(/C=C2\C(=O)NN=C2C2CC2)c1C,5.84,0.3394112549695431,2
CHEMBL279,CCN(CC)CCc1c(C)[nH]c(/C=C2\C(=O)NN=C2c2cnccn2)c1C,6.89,0.2969848480983499,2
CHEMBL279,CCN(CC)CCn1c2ccc(C3CCCCO3)cc2c2c3c(c4c(c21)CCc1nn(C)cc1-4)C(=O)NC3,7.8,0.0,1
CHEMBL279,CCN(CC)Cc1cccc2[nH]c(-c3n[nH]c4ncc(-c5cncc6ccccc56)cc34)nc12,5.81,0.0,1
CHEMBL279,CCN(CC)S(=O)(=O)c1ccc(OC)c(Nc2ncc(-c3ccccc3)o2)c1,7.64,0.0,1
CHEMBL279,CCN(CC)c1ccc(NC(=O)Nc2ccc(-c3ccnc4[nH]nc(C)c34)cc2)cc1,5.27,0.0,1
CHEMBL279,CCN(CC)c1cccc(NC(=O)Nc2ccc(-c3ccnc4[nH]nc(C)c34)cc2)c1,4.38,0.0,1
CHEMBL279,CCN(CC)c1cncc(C#Cc2cc(C(=O)Nc3ccc(CN4CCN(C)CC4)c(C(F)(F)F)c3)ccc2C)c1,6.98,0.0,1
CHEMBL279,CCN(CCN(c1cc(OC)cc(OC)c1)c1ccc2ncc(-c3cnn(C)c3)nc2c1)C(C)C,7.1,0.0,1
CHEMBL279,CCN(CCO)CCCOc1ccc2c(Nc3cccc(NC(=O)Nc4ccc(Cl)c(C(F)(F)F)c4)c3)ncnc2c1,7.04,0.0,1
CHEMBL279,CCN(CCO)CCCOc1ccc2c(Nc3cccc(NC(=O)Nc4ccc(F)c(Cl)c4)c3)ncnc2c1,7.02,0.0,1
CHEMBL279,CCN(Cc1ccc(-c2[nH]nc3c2Cc2cc(CN4CCN(C)CC4)ccc2-3)s1)C(=O)Nc1cccc(C)c1,7.35,0.0,1
CHEMBL279,CCN(Cc1ccccc1)c1nc(O)nc(Nc2ccc3ncsc3c2)n1,7.31,0.0,1
CHEMBL279,CCN(c1cc(OC)cc(OC)c1)c1ccc2ncc(-c3cnn(C)c3)nc2c1,7.05,0.0,1
CHEMBL279,CCN1C(=O)C(C)(C)c2cc3[nH]c4c(c3cc21)CCCc1c(C)n[nH]c1-4,7.92,0.0,1
CHEMBL279,CCN1C(=O)CS/C1=N/Nc1nncc2ccccc12,8.44,0.0,1
CHEMBL279,CCN1C(=O)N(c2c(F)c(OC)cc(OC)c2F)Cc2cnc3c(c21)CC(=O)N3,6.54,0.0,1
CHEMBL279,CCN1CCC(/N=C/C(C=N)c2ccn3c(-c4cccc(NC(=O)NCC(F)(F)F)c4)cnc3c2)C1,7.96,0.0,1
CHEMBL279,CCN1CCC(CNc2nccc(-c3cccnc3Oc3ccc(Nc4nc5ccccc5[nH]4)c4ccccc34)n2)CC1,5.76,0.0,1
CHEMBL279,CCN1CCC(Nc2ccc3c(c2)C(=C(c2cc(F)cc(F)c2)c2nc(C)c[nH]2)C(=O)N3)CC1,8.52,0.0,1
CHEMBL279,CCN1CCC(Nc2ccc3c(c2)C(=C(c2cc(F)cc(F)c2)c2nc4ccccc4[nH]2)C(=O)N3)CC1,8.4,0.0,1
CHEMBL279,CCN1CCC(Nc2ccc3c(c2)C(=C(c2ccc(C)cc2)c2nc4ccccc4[nH]2)C(=O)N3)CC1,8.1,0.0,1
CHEMBL279,CCN1CCC(Nc2ccc3c(c2)C(=C(c2ccc(Cl)cc2)c2ncc[nH]2)C(=O)N3)CC1,8.4,0.0,1
CHEMBL279,CCN1CCC(Nc2ccc3c(c2)C(=C(c2ccc(OC)cc2)c2nc4ccccc4[nH]2)C(=O)N3)CC1,7.89,0.0,1
CHEMBL279,CCN1CCC(Nc2ccc3c(c2)C(=C(c2cccc(F)c2)c2nc(C)c[nH]2)C(=O)N3)CC1,8.4,0.0,1
CHEMBL279,CCN1CCC(Nc2ccc3c(c2)C(=C(c2cccc(F)c2)c2nc4ccccc4[nH]2)C(=O)N3)CC1,8.52,0.0,1
CHEMBL279,CCN1CCC(Nc2ccc3c(c2)C(=C(c2cccc(F)c2)c2ncc[nH]2)C(=O)N3)CC1,8.15,0.0,1
CHEMBL279,CCN1CCC(Nc2ccc3c(c2)C(=C(c2ccccc2)c2nc4cc(OC)ccc4[nH]2)C(=O)N3)CC1,8.0,0.0,1
CHEMBL279,CCN1CCC(Nc2ccc3c(c2)C(=C(c2ccccc2)c2nc4ccccc4[nH]2)C(=O)N3)CC1,8.22,0.0,1
CHEMBL279,CCN1CCC(Nc2ccc3c(c2)C(=C(c2ccccc2)c2ncc[nH]2)C(=O)N3)CC1,7.8,0.0,1
CHEMBL279,CCN1CCC(Nc2ccc3c(c2)C(=C(c2nc(C)c[nH]2)c2ccccc2F)C(=O)N3)CC1,8.52,0.0,1
CHEMBL279,CCN1CCC(Oc2ccc3c(c2)C(=C(c2ccccc2)c2nc4cc(OC)ccc4[nH]2)C(=O)N3)CC1,7.66,0.0,1
CHEMBL279,CCN1CCC(c2ccc(Nc3ncc4cc(-c5cc(OC)cc(OC)c5Cl)c5nncn5c4n3)cc2)CC1,8.39,0.0,1
CHEMBL279,CCN1CCC(c2ccc(Nc3ncc4cc(-c5cc6[nH]c(C)nc6cc5Cl)c5nncn5c4n3)cc2)CC1,7.89,0.0,1
CHEMBL279,CCN1CCCC(Nc2ccc3c(c2)C(=C(c2ccccc2)c2nc4cc(OC)ccc4[nH]2)C(=O)N3)C1,6.55,0.0,1
CHEMBL279,CCN1CCCC(c2nc(COc3cc4ncnc(Nc5ccc(Cl)c(Cl)c5)c4cc3OC)cs2)C1,4.98,0.0,1
CHEMBL279,CCN1CCCC1c1nc(COc2cc3ncnc(Nc4ccc(Cl)c(Cl)c4)c3cc2OC)cs1,4.98,0.0,1
CHEMBL279,CCN1CCCC1c1nc(COc2cc3ncnc(Nc4ccc(Cl)c(Cl)c4)c3cc2OC)no1,6.28,0.0,1
CHEMBL279,CCN1CCCC1c1noc(COc2cc3ncnc(Nc4ccc(Cl)c(Cl)c4)c3cc2OC)n1,4.98,0.0,1
CHEMBL279,CCN1CCCCC1c1nc(COc2cc3ncnc(Nc4ccc(Cl)c(Cl)c4)c3cc2OC)cs1,4.98,0.0,1
CHEMBL279,CCN1CCCCC1c1nc(COc2cc3ncnc(Nc4ccc(Cl)c(Cl)c4)c3cc2OC)no1,6.28,0.0,1
CHEMBL279,CCN1CCCOC(COc2cc3ncnc(Nc4ccc(Cl)c(Cl)c4)c3cc2OC)C1,6.28,0.0,1
CHEMBL279,CCN1CCN(C(C)C(=O)N(C)c2ccc(N/C(=C3\C(=O)Nc4cc(Cl)ccc43)c3ccccc3)cc2)CC1,8.82,0.0,1
CHEMBL279,CCN1CCN(C2=CC(=O)C(Nc3ncnc4cc(OCCOC)c(OC)cc34)=CC2=O)CC1,6.725,0.21920310216782915,2
CHEMBL279,CCN1CCN(CC/C=C/c2ccc3c(Nc4ccc(Sc5nccn5C)c(Cl)c4)c(C#N)cnc3c2)CC1,6.0,0.0,1
CHEMBL279,CCN1CCN(CCCOc2cc3nccc(Oc4c(F)cc(NC(=O)NN5C(=O)CSC5c5c(F)cccc5F)cc4F)c3cc2OC)CC1,6.07,0.0,1
CHEMBL279,CCN1CCN(CCCOc2ccc3[nH]c(-c4cccc5c4C(=O)NC5)cc3c2)CC1,7.85,0.0,1
CHEMBL279,CCN1CCN(CCc2ccc(Nc3ncc(Cl)c(-c4ccc5cc[nH]c5c4)n3)cc2)CC1,7.43,0.0,1
CHEMBL279,CCN1CCN(Cc2ccc(-c3cc4c(N[C@H](C)c5ccccc5)ncnc4[nH]3)cc2)CC1,7.11,0.0,1
CHEMBL279,CCN1CCN(Cc2ccc(-c3cc4c([C@](C)(N)c5ccccc5)ncnc4[nH]3)cc2)CC1,7.11,0.0,1
CHEMBL279,CCN1CCN(Cc2ccc(C(=O)Nc3ccc(F)c(Nc4ncccc4-c4ncnc5[nH]cnc45)c3F)cc2C(F)(F)F)CC1,5.27,0.0,1
CHEMBL279,CCN1CCN(Cc2ccc(NC(=O)Nc3ccc(-c4ccc(=O)[nH]c4)cc3)cc2C(F)(F)F)CC1,7.02,0.0,1
CHEMBL279,CCN1CCN(Cc2ccc(NC(=O)Nc3ccc(-c4ccc(NC)nc4)cc3)cc2C(F)(F)F)CC1,8.23,0.0,1
CHEMBL279,CCN1CCN(Cc2ccc(NC(=O)Nc3ccc(F)c(Nc4ncccc4-c4ncnc5[nH]cnc45)c3F)cc2C(F)(F)F)CC1,5.22,0.0,1
CHEMBL279,CCN1CCN(Cc2ccc(Nc3ncc4cc(-c5cc(OC)cc(OC)c5Cl)c5nncn5c4n3)cn2)CC1,7.75,0.0,1
CHEMBL279,CCN1CCN(c2cc(NC(=O)Nc3ccc(Oc4ccnc(NC(=O)C5CC5)c4)c(F)c3)cc(C(F)(F)F)c2)CC1,7.84,0.0,1
CHEMBL279,CCN1CCN(c2ccc(Nc3cc(N(C)C(=O)Nc4c(Cl)c(OC)cc(OC)c4Cl)ncn3)cc2)CC1,6.75,0.0,2
CHEMBL279,CCN1CCN(c2ccc(Nc3ncc4cc(-c5cc(OC)cc(OC)c5Cl)c5nncn5c4n3)cc2)CC1,8.28,0.0,1
CHEMBL279,CCN1CCN(c2ccc(Nc3ncc4cc(-c5cc6[nH]c(C)nc6cc5Cl)c5nncn5c4n3)cc2)CC1,8.05,0.0,1
CHEMBL279,CCN1CCN(c2ccc3[nH]c(-c4cc(CCc5cc(OC)cc(OC)c5)[nH]n4)nc3c2)CC1,7.09,0.0,1
CHEMBL279,CCN1CCN(c2ccc3c(Nc4cc(CCc5c(Cl)c(OC)cc(OC)c5Cl)[nH]n4)ncnc3c2)CC1,7.76,0.0,1
CHEMBL279,CCN1CCN(c2nc(COc3cc4ncnc(Nc5ccc(Cl)c(Cl)c5)c4cc3OC)cs2)CC1,4.98,0.0,1
CHEMBL279,CCN1CCN(c2noc(COc3cc4ncnc(Nc5ccc(Cl)c(Cl)c5)c4cc3OC)n2)CC1,6.28,0.0,1
CHEMBL279,CCN1CCOC(COc2cc3ncnc(Nc4ccc(Cl)c(Cl)c4)c3cc2OC)C1,4.98,0.0,1
CHEMBL279,CCN1CCOCCn2cc(c3ccccc32)C2=C(C(=O)NC2=O)c2cn(c3ccccc23)CCOCC1,5.85,0.0,1
CHEMBL279,CCN1CCc2c(ncnc2Oc2ccc3c(ccn3C(=O)Nc3cccc(C(F)(F)F)c3)c2)C1,8.0,0.0,1
CHEMBL279,CCN1C[C@H]2C[C@@H](COc3cc4ncnc(Nc5ccc(Br)c(Cl)c5F)c4cc3OC)C[C@H]2C1,6.28,0.0,1
CHEMBL279,CCN1C[C@H]2C[C@@H](COc3cc4ncnc(Nc5ccc(Cl)c(Cl)c5F)c4cc3OC)C[C@H]2C1,4.98,0.0,1
CHEMBL279,CCN=C(S)NNc1nncc2ccccc12,8.14,0.0,1
CHEMBL279,CCNC(=O)CCCNC(=O)c1c[nH]c(-c2cc(Oc3ccc(NC(=O)Nc4cc(C)ccc4F)cc3)ccn2)c1,7.64,0.0,1
CHEMBL279,CCNC(=O)N1CCOc2cc(Oc3ccnc4cc(OC)c(OC)cc34)ccc21,9.0,0.0,1
CHEMBL279,CCNC(=O)Nc1cc(Cl)c(Nc2ncnc3cc(OC)c(OC)cc23)cc1Cl,5.27,0.0,1
CHEMBL279,CCNC(=O)Nc1ccc(CNc2ncsc2C(=O)Nc2ccc3c(c2)OC(F)(F)O3)cn1,8.15,0.0,1
CHEMBL279,CCNC(=O)Nc1ccc(N(C)c2ccnc(Nc3ccc(CS(C)(=O)=O)cc3)n2)cc1,7.58,0.0,1
CHEMBL279,CCNC(=O)Nc1ccc(N(C)c2ccnc(Nc3cccc(CS(C)(=O)=O)c3)n2)cc1,7.77,0.0,1
CHEMBL279,CCNC(=O)Nc1ccc(Nc2ncnc3cc(OC)c(OC)cc23)cc1,5.33,0.0,1
CHEMBL279,CCNC(=O)Nc1ccc(Nc2ncnc3cc(OCCN(CC)CC)c(OC)cc23)cc1,5.18,0.0,1
CHEMBL279,CCNC(=O)Nc1ccc(Oc2ncccc2-c2ccnc(NC)n2)c2ccccc12,7.32,0.0,1
CHEMBL279,CCNC(=O)Nc1ccc(Oc2ncnc(N)c2/C=N/OC)c(C)c1,6.75,0.0,1
CHEMBL279,CCNC(=O)Nc1ccc(Oc2ncnc(N)c2/C=N/OC)cc1,6.85,0.0,1
CHEMBL279,CCNC(=O)Nc1ccc(Oc2ncnc(N)c2/C=N/OC)cc1Cl,7.96,0.0,1
CHEMBL279,CCNC(=O)Nc1cccc(-c2cnc3cc(-c4ccc(F)c(C)n4)ccn23)c1,6.96,0.0,1
CHEMBL279,CCNC(=O)Nc1cccc(-c2cnc3cc(-c4ncc(C(F)(F)F)c(N)n4)ccn23)c1,6.85,0.0,1
CHEMBL279,CCNC(=O)Nc1cccc(-c2cnc3cc(-c4ncc(F)c(N)n4)ccn23)c1,6.17,0.0,1
CHEMBL279,CCNC(=O)Nc1cccc(-c2cnc3cc(-c4ncc(OC)cn4)ccn23)c1,6.85,0.0,1
CHEMBL279,CCNC(=O)Nc1cccc(-c2cnc3cc(-c4ncccn4)ccn23)c1,5.86,0.0,1
CHEMBL279,CCNC(=O)Nc1cccc(-c2cnc3cc(-c4nnc(C(F)(F)F)s4)ccn23)c1,5.19,0.0,1
CHEMBL279,CCNC(=O)Nc1cccc(-c2cnc3cc(C#Cc4cncn4C)ccn23)c1,6.5,0.0,1
CHEMBL279,CCNC(=O)Nc1nc2cc(NCCCCN(CC)CC)ncc2cc1-c1c(Cl)cccc1Cl,6.89,0.0,1
CHEMBL279,CCNC(=O)Nc1nc2cc(NCCCCN(CC)CC)ncc2cc1-c1cc(OC)cc(OC)c1,7.34,0.0,1
CHEMBL279,CCNC(=O)Nc1nc2cc(NCCCN3CCN(C)CC3)ncc2cc1-c1c(Cl)cccc1Cl,6.96,0.0,1
CHEMBL279,CCNC(=O)Nc1nc2cc(NCCCN3CCN(C)CC3)ncc2cc1-c1cc(OC)cc(OC)c1,7.29,0.0,1
CHEMBL279,CCNC(=O)Nc1nc2nc(NCCCCN(CC)CC)ncc2cc1-c1cc(OC)cc(OC)c1,6.72,0.0,1
CHEMBL279,CCNC(=O)Nc1nc2nc(NCCCN3CCN(C)CC3)ncc2cc1-c1cc(OC)cc(OC)c1,7.21,0.0,1
CHEMBL279,CCNC(=O)Nc1ncc(-c2cnc3cc(Cl)ccn23)s1,5.82,0.0,1
CHEMBL279,CCNC(=O)[C@H](CCC(=O)O)NC(=O)c1c[nH]c(-c2cc(Oc3ccc(NC(=O)Nc4cccc(C)c4)c(F)c3)ccn2)c1,7.8,0.0,1
CHEMBL279,CCNC(=O)[C@H](CCC(=O)O)NC(=O)c1cc2nccc(Oc3ccc(NC(=O)Nc4cc(C)ccc4F)c(F)c3)c2s1,7.72,0.0,1
CHEMBL279,CCNC(=O)[C@H](CCC(=O)OC(C)(C)C)NC(=O)c1c[nH]c(-c2cc(Oc3ccc(NC(=O)Nc4cccc(C)c4)c(F)c3)ccn2)c1,7.62,0.0,1
CHEMBL279,CCNC(=O)c1c[nH]c(-c2cc(Oc3ccc(NC(=O)Nc4cc(C)ccc4F)cc3)ccn2)c1,7.75,0.0,1
CHEMBL279,CCNC(=O)c1c[nH]c(-c2cc(Oc3ccc(NC(=O)Nc4cccc(C)c4)c(F)c3)ccn2)c1,7.7,0.0,1
CHEMBL279,CCNC(=O)c1c[nH]c(-c2cc(Oc3ccc(NC(=O)Nc4cccc(C)c4)cc3)ccn2)c1,8.3,0.0,1
CHEMBL279,CCNC(=O)c1c[nH]c(-c2cc(Oc3cccc(C(=O)Nc4occc4C)c3)ccn2)c1,7.48,0.0,1
CHEMBL279,CCNC(=O)c1cc2ccc(-c3nn(C(C)(C)C)c4ncnc(N)c34)cc2[nH]1,4.79,0.0,1
CHEMBL279,CCNC(=O)c1cc2nccc(Oc3cccc(C(=O)Nc4cc(C)ccc4F)c3)c2s1,8.0,0.0,1
CHEMBL279,CCNC(=O)c1cc2nccc(Oc3cccc(NC(=O)c4occc4C)c3)c2s1,8.05,0.0,1
CHEMBL279,CCNC(=O)c1ccc2c(Cl)c(-c3nn(C(C)(C)C)c4ncnc(N)c34)[nH]c2c1,5.21,0.0,1
CHEMBL279,CCNC(=O)c1ccc2c(Cl)c(-c3nn(CC(F)(F)F)c4ncnc(N)c34)[nH]c2c1,4.85,0.0,1
CHEMBL279,CCNC(=O)c1cccc2cc(-c3cccc4[nH]nc(N)c34)ccc12,7.575,0.8131727983645299,2
CHEMBL279,CCNC(=O)c1cccc2cc(Oc3ccnc4cc(OC)c(OC)cc34)ccc12,8.89,0.0,1
CHEMBL279,CCNC(=O)c1cncc(/C=C/c2c[nH]nc2-c2nc3ccc(OC)cc3[nH]2)c1,5.87,0.0,1
CHEMBL279,CCNC(=S)NS(=O)(=O)c1ccc(NC(=O)CCSc2nc3cc(C)ccc3o2)cc1,6.44,0.0,1
CHEMBL279,CCNC(=S)NS(=O)(=O)c1ccc(NC(=O)CCSc2nc3ccccc3o2)cc1,6.57,0.0,1
CHEMBL279,CCNC(=S)NS(=O)(=O)c1ccc(NC(=O)CSc2cc3ccccc3c(=O)n2CC)cc1,5.51,0.0,1
CHEMBL279,CCNCCN(c1cc(OC)cc(OC)c1)c1ccc2ncc(-c3cnn(C)c3)nc2c1,7.31,0.0,1
CHEMBL279,CCNCc1cncc(-c2cnc3[nH]nc(-c4nc5c(COC)cccc5[nH]4)c3c2)c1C,5.33,0.0,1
CHEMBL279,CCNCc1cncc(-c2cnc3[nH]nc(-c4nc5cc(F)c(F)cc5[nH]4)c3c2)c1,7.0,0.0,1
CHEMBL279,CCNCc1cncc(-c2cnc3[nH]nc(-c4nc5cc(F)ccc5[nH]4)c3c2)c1,6.82,0.0,1
CHEMBL279,CCNCc1cncc(-c2cnc3[nH]nc(-c4nc5cc(N6CCN(C)CC6)ccc5[nH]4)c3c2)c1,7.6,0.0,1
CHEMBL279,CCNCc1cncc(/C=C/c2c[nH]nc2-c2nc(C(F)(F)F)c[nH]2)c1,5.0,0.0,1
CHEMBL279,CCNCc1cncc(/C=C/c2c[nH]nc2-c2nc3ccc(OC)cc3[nH]2)c1,6.09,0.0,1
CHEMBL279,CCNc1cc(Oc2ccc(NC(=O)Nc3cccc(C(F)(F)F)c3)cc2)ncn1,7.8,0.0,1
CHEMBL279,CCNc1cccc(OC2=CC(=O)C(Nc3ncnc4cc(OCCOC)c(OC)cc34)=CC2=O)c1,8.59,0.0,1
CHEMBL279,CCNc1n[nH]c2cc(-c3cnn(CC(=O)Nc4ccc(C)c(C(F)(F)F)c4)c3)ccc12,7.42,0.0,1
CHEMBL279,CCNc1nc2c3c(-c4ccccc4)c(-c4ccccc4)oc3ncn2n1,6.91,0.0,1
CHEMBL279,CCNc1nn(C)c2cc(Oc3ccnc4cc(OC)c(OC)cc34)ccc12,6.43,0.0,1
CHEMBL279,CCNc1nnc(-c2ccn3c(-c4cccc(NC(=O)NCC(F)(F)F)c4)cnc3c2)s1,8.07,0.0,1
CHEMBL279,CCO/N=C(/c1ccc2[nH]c3c4c(c5c(c3c2c1)CNC5=O)-c1cn(C)nc1CC4)C(C)C,7.64,0.0,1
CHEMBL279,CCO/N=C(\C)c1ccc2[nH]c3c4c(c5c(c3c2c1)CNC5=O)-c1cn(C)nc1CC4,8.7,0.0,1
CHEMBL279,CCO/N=C(\C)c1ccc2c(c1)c1c3c(c4c(c1n2C(C)C)CCc1nn(C)cc1-4)C(=O)NC3,8.4,0.0,1
CHEMBL279,CCO/N=C(\C)c1ccc2c(c1)c1c3c(c4c(c1n2CC(C)C)CCc1nn(C)cc1-4)C(=O)NC3,8.4,0.0,1
CHEMBL279,CCO/N=C/c1c(N)ncnc1Oc1ccc2[nH]c(C)cc2c1F,7.38,0.0,1
CHEMBL279,CCO/N=C/c1ccc2[nH]c3c4c(c5c(c3c2c1)CNC5=O)-c1cn(C)nc1CC4,8.4,0.0,1
CHEMBL279,CCOC(=O)/C(=N/Nc1ccc(Br)cc1)S/C(N)=N\N=C1/C(=O)N(Cc2ccccc2)c2ccc(Cl)cc21,6.88,0.0,1
CHEMBL279,CCOC(=O)/C(=N/Nc1ccc(C)cc1)S/C(N)=N\N=C1/C(=O)N(Cc2ccccc2)c2ccc(Cl)cc21,7.17,0.0,1
CHEMBL279,CCOC(=O)/C(=N/Nc1ccc([N+](=O)[O-])cc1)S/C(N)=N\N=C1/C(=O)N(Cc2ccccc2)c2ccc(Cl)cc21,6.99,0.0,1
CHEMBL279,CCOC(=O)/C(=N\Nc1ccc(S(=O)(=O)Nc2nc(C)cc(C)n2)cc1)C(=O)NNc1ccccc1,6.82,0.0,1
CHEMBL279,CCOC(=O)/C(=N\Nc1ccccc1)Sc1nnc(-c2cc3ccccc3[nH]2)n1/N=C/c1ccc(OC)cc1,7.11,0.0,1
CHEMBL279,CCOC(=O)/C(C#N)=C(\c1ccc(O)cc1)N1CC(=O)N(/N=C(\C)c2ccc(O)cc2O)C1=S,7.7,0.0,1
CHEMBL279,CCOC(=O)C(C)(C)CNc1cc(NC(=O)Nc2ccc(Oc3ccnc(NC(=O)C4CC4)c3)c(F)c2)cc(C(F)(F)F)c1,7.89,0.0,1
CHEMBL279,CCOC(=O)C(C)(C)n1cc(-c2ccn3c(-c4cccc(NC(=O)NCC(F)(F)F)c4)cnc3c2)cn1,7.39,0.0,1
CHEMBL279,CCOC(=O)C(C)N1CCOC(COc2cc3ncnc(Nc4ccc(Cl)c(Cl)c4)c3cc2OC)C1,4.98,0.0,1
CHEMBL279,CCOC(=O)C1=C(CSC(=S)N(C2CCCCC2)C2CCCCC2)N(C)C(=O)NC1c1ccccc1,5.71,0.0,1
CHEMBL279,CCOC(=O)C1=C(CSc2nc3cc([N+](=O)[O-])ccc3[nH]2)N(C)C(=O)NC1c1ccccc1,5.92,0.0,1
CHEMBL279,CCOC(=O)C1CCN(CCN(c2cc(OC)cc(OC)c2)c2ccc3ncc(-c4cnn(C)c4)nc3c2)CC1,7.02,0.0,1
CHEMBL279,CCOC(=O)CC(=O)Nc1cccc2c1Cc1c-2n[nH]c1-c1csc(C#CCOc2ccccc2)c1,6.58,0.0,1
CHEMBL279,CCOC(=O)CCCNC(=O)N1CCS(=O)(=NC(=O)c2cncc(C#Cc3cccc(NC(=O)c4occc4C)c3)c2)CC1,8.7,0.0,1
CHEMBL279,CCOC(=O)CCCNC(=O)c1c[nH]c(-c2cc(Oc3ccc(NC(=O)Nc4cc(C)ccc4F)c(F)c3)ccn2)c1,7.51,0.0,1
CHEMBL279,CCOC(=O)CCCNC(=O)c1c[nH]c(-c2cc(Oc3ccc(NC(=O)Nc4cc(C)ccc4F)cc3)ccn2)c1,7.42,0.0,1
CHEMBL279,CCOC(=O)CCCNC(=O)c1cc2nccc(Oc3ccc(NC(=O)Nc4cc(C)ccc4F)c(F)c3)c2s1,7.85,0.0,1
CHEMBL279,CCOC(=O)CCCNC(=O)c1cc2nccc(Oc3ccc(NC(=O)Nc4cc(C)ccc4F)cc3)c2s1,7.7,0.0,1
CHEMBL279,CCOC(=O)CCNC(=O)N1CCS(=O)(=NC(=O)c2cncc(C#Cc3cccc(NC(=O)c4occc4C)c3)c2)CC1,8.52,0.0,1
CHEMBL279,CCOC(=O)CN(C)CC(=O)NNC(=O)COc1ccc(-c2nc3ccccc3s2)cc1OC,6.26,0.0,1
CHEMBL279,CCOC(=O)CN(c1cc(OC)cc(OC)c1)c1ccc2ncc(-c3cnn(C)c3)nc2c1,6.46,0.0,1
CHEMBL279,CCOC(=O)CN1CCN(C(=O)CN2CCN(C(=O)c3cc4nccc(Oc5ccc(NC(=O)Nc6cc(C)ccc6F)c(F)c5)c4s3)CC2)CC1,8.3,0.0,1
CHEMBL279,CCOC(=O)CN1CCN(C(=O)c2cc3nccc(Oc4ccc(NC(=O)Nc5cc(C)ccc5F)c(F)c4)c3s2)CC1,8.15,0.0,1
CHEMBL279,CCOC(=O)CN1CCN(CCCNC(=O)c2cc3nccc(Oc4ccc(NC(=O)Nc5cc(C)ccc5F)cc4)c3s2)CC1,8.4,0.0,1
CHEMBL279,CCOC(=O)CN1CCN(CCCc2c(/C=C3\C(=O)Nc4ccc(S(=O)(=O)NC)cc43)[nH]c3c2CCCC3)CC1,6.3,0.0,1
CHEMBL279,CCOC(=O)CNC(=O)N1CCS(=O)(=NC(=O)c2cncc(C#Cc3cccc(NC(=O)c4occc4C)c3)c2)CC1,8.3,0.0,1
CHEMBL279,CCOC(=O)CSc1nc2c(c(=O)[nH]c(=O)n2C)n1Cc1cccc(C)c1,8.54,0.0,1
CHEMBL279,CCOC(=O)Cn1cc(-c2ccc3c(c2)ncn3-c2ccc(CC(=O)Nc3cc(C(C)(C)C)no3)cc2)cn1,8.77,0.0,1
CHEMBL279,CCOC(=O)Cn1cc(CN(c2cc(OC)cc(OC)c2)c2ccc3ncc(-c4cnn(C)c4)nc3c2)nn1,6.59,0.0,1
CHEMBL279,CCOC(=O)N/C=C/C(=O)c1ccc(NC(=S)Nc2ccc(S(=O)(=O)Nc3ccccn3)cc2)cc1,7.48,0.0,1
CHEMBL279,CCOC(=O)N1CCN(CCCNC(=O)c2cc3nccc(Oc4ccc(NC(=O)Nc5cc(C)ccc5F)c(F)c4)c3s2)CC1,8.0,0.0,1
CHEMBL279,CCOC(=O)N1CCN(CCNC(=O)c2cc3nccc(Oc4ccc(NC(=O)Nc5cc(C)ccc5F)c(F)c4)c3s2)CC1,8.15,0.0,1
CHEMBL279,CCOC(=O)N1C[C@H]2CC(COc3cc4ncnc(Nc5ccc(Br)c(Cl)c5F)c4cc3OC)C[C@H]2C1,4.98,0.0,1
CHEMBL279,CCOC(=O)N=S(=O)(CC)c1ccc(Nc2ncc(Br)c(N[C@@H](COC)[C@H](C)O)n2)cc1,6.35,0.0,1
CHEMBL279,CCOC(=O)N=S(=O)(CC)c1ccc(Nc2ncc(Br)c(N[C@H](C)C(C)(C)O)n2)cc1,7.03,0.0,1
CHEMBL279,CCOC(=O)N=S(=O)(CC)c1ccc(Nc2ncc(Br)c(N[C@H](C)[C@H](C)O)n2)cc1,7.04,0.0,1
CHEMBL279,CCOC(=O)N=S(=O)(CC)c1ccc(Nc2ncc(Br)c(O[C@H](C)[C@H](C)O)n2)cc1,6.82,0.0,1
CHEMBL279,CCOC(=O)N=S(C)(=O)c1ccc(Nc2ncc(Br)c(N[C@@H](COC)[C@H](C)O)n2)cc1,6.28,0.0,1
CHEMBL279,CCOC(=O)N=S(C)(=O)c1ccc(Nc2ncc(Br)c(N[C@H](C)C(C)(C)O)n2)cc1,6.85,0.0,1
CHEMBL279,CCOC(=O)N=S(C)(=O)c1ccc(Nc2ncc(Br)c(N[C@H](C)C(C)(C)O)n2)cc1C,7.24,0.0,1
CHEMBL279,CCOC(=O)N=S(C)(=O)c1ccc(Nc2ncc(Br)c(N[C@H](C)[C@H](C)O)n2)cc1,7.25,0.0,1
CHEMBL279,CCOC(=O)N=S(C)(=O)c1ccc(Nc2ncc(Br)c(N[C@H](C)[C@H](C)O)n2)cc1C,7.23,0.0,1
CHEMBL279,CCOC(=O)N=S(C)(=O)c1ccc(Nc2ncc(Br)c(O[C@H](C)[C@H](C)O)n2)cc1,6.96,0.0,1
CHEMBL279,CCOC(=O)NCc1ccc(-c2cc(NC(=O)c3ccc(N4CCN(C)CC4)cc3)[nH]n2)cc1,6.25,0.0,1
CHEMBL279,CCOC(=O)Nc1cc(Cl)c(Nc2ncnc3cc(OC)c(OC)cc23)cc1Cl,5.0,0.0,1
CHEMBL279,CCOC(=O)Nc1cc(Nc2ncnc3cc(OC)c(OC)cc23)ccc1C,5.19,0.0,2
CHEMBL279,CCOC(=O)Nc1cc(Nc2ncnc3cc(OC)c(OC)cc23)ccc1Cl,5.26,0.0,2
CHEMBL279,CCOC(=O)Nc1ccc(Nc2ncnc3cc(OC)c(OC)cc23)cc1,5.25,0.0,2
CHEMBL279,CCOC(=O)Nc1ccc(Nc2ncnc3cc(OC)c(OC)cc23)cc1C,6.226666666666667,0.06350852961085864,3
CHEMBL279,CCOC(=O)Nc1ccc(Nc2ncnc3cc(OC)c(OC)cc23)cc1Cl,6.3,0.0,2
CHEMBL279,CCOC(=O)Nc1ccc(Nc2ncnc3cc(OC)c(OCCN(CC)CC)cc23)cc1C,5.14,0.0,2
CHEMBL279,CCOC(=O)Nc1ccc(Nc2ncnc3cc(OCCN(CC)CC)c(OC)cc23)cc1C,5.43,0.0,2
CHEMBL279,CCOC(=O)Nc1ccc(Nc2ncnc3cc(OCCN(CC)CC)c(OC)cc23)cc1Cl,5.475,0.007071067811866266,2
CHEMBL279,CCOC(=O)Nc1ccc(Nc2ncnc3cc(OCCN4CCCCC4)c(OC)cc23)cc1C,6.05,0.0,1
CHEMBL279,CCOC(=O)Nc1ccc(Nc2ncnc3cc(OCCN4CCCCC4)c(OC)cc23)cc1Cl,6.1,0.0,1
CHEMBL279,CCOC(=O)Nc1ccc(Nc2ncnc3cc(OCCN4CCOCC4)c(OC)cc23)cc1C,6.4,0.0,1
CHEMBL279,CCOC(=O)Nc1ccc(Nc2ncnc3cc(OCCN4CCOCC4)c(OC)cc23)cc1Cl,6.52,0.0,1
CHEMBL279,CCOC(=O)Nc1ccc(Nc2ncnc3ccccc23)cc1C,5.42,0.0,1
CHEMBL279,CCOC(=O)Nc1ccc(Nc2ncnc3sc4c(c23)CCCC4)cc1C,5.5,0.0,1
CHEMBL279,CCOC(=O)Nc1ccc(Oc2ncnc3cc(OC)c(OC)cc23)cc1,6.22,0.0,1
CHEMBL279,CCOC(=O)Nc1ccc(Oc2ncnc3cc(OC)c(OC)cc23)cc1C,6.22,0.0,1
CHEMBL279,CCOC(=O)Nc1ccc(Oc2ncnc3ccccc23)cc1C,6.15,0.0,1
CHEMBL279,CCOC(=O)Nc1ccc(Oc2ncnc3sccc23)cc1C,5.94,0.0,1
CHEMBL279,CCOC(=O)Nc1cccc2c1Cc1c-2n[nH]c1-c1ccsc1,6.19,0.0,1
CHEMBL279,CCOC(=O)Nc1cn2ncnc(Nc3cc(C(=O)NOC)c(F)cc3F)c2c1C(C)C,7.18,0.0,1
CHEMBL279,CCOC(=O)Nc1nc(-c2ccn3c(-c4cccc(NC(=O)NCC(F)(F)F)c4)cnc3c2)ncc1F,6.19,0.0,1
CHEMBL279,CCOC(=O)Nc1snc(-c2ccc(NC(=O)Nc3cc(C)ccc3F)cc2)c1C(N)=O,7.3,0.0,1
CHEMBL279,CCOC(=O)[C@@H](NCC(=O)NNC(=O)COc1ccc(-c2nc3ccccc3s2)cc1OC)[C@@H](C)CC,6.62,0.0,1
CHEMBL279,CCOC(=O)[C@@H]1CCCN1CC(=O)NNC(=O)COc1ccc(-c2nc3ccccc3s2)cc1OC,6.79,0.0,1
CHEMBL279,CCOC(=O)[C@H](CCCNC(=N)NCC(=O)NNC(=O)COc1ccc(-c2nc3ccccc3s2)cc1OC)N[N+](=O)[O-],6.53,0.0,1
CHEMBL279,CCOC(=O)[C@H](CCSC)NCC(=O)NNC(=O)COc1ccc(-c2nc3ccccc3s2)cc1OC,6.43,0.0,1
CHEMBL279,CCOC(=O)[C@H](CS(=O)(=O)O)NCC(=O)NNC(=O)COc1ccc(-c2nc3ccccc3s2)cc1OC,6.24,0.0,1
CHEMBL279,CCOC(=O)[C@H](CS)N(CC(=O)NNC(=O)COc1ccc(-c2nc3ccccc3s2)cc1OC)C(C)=O,6.26,0.0,1
CHEMBL279,CCOC(=O)[C@H](CS)NCC(=O)NNC(=O)COc1ccc(-c2nc3ccccc3s2)cc1OC,6.13,0.0,1
CHEMBL279,CCOC(=O)[C@H](Cc1c[nH]c2ccccc12)NCC(=O)NNC(=O)COc1ccc(-c2nc3ccccc3s2)cc1OC,6.75,0.0,1
CHEMBL279,CCOC(=O)[C@H](Cc1c[nH]cn1)NCC(=O)NNC(=O)COc1ccc(-c2nc3ccccc3s2)cc1OC,6.82,0.0,1
CHEMBL279,CCOC(=O)[C@H](NCC(=O)NNC(=O)COc1ccc(-c2nc3ccccc3s2)cc1OC)[C@@H](C)CC,6.38,0.0,1
CHEMBL279,CCOC(=O)c1c(C)oc2ncnc(Oc3ccc(NC(=O)Nc4ccc(C)c(Cl)c4)cc3)c12,6.91,0.0,1
CHEMBL279,CCOC(=O)c1c(NC(=S)Nc2cc(C)ccc2Cl)sc2c1N(C)CC2,7.12,0.0,1
CHEMBL279,CCOC(=O)c1cc(C)c(/C=C2\C(=O)Nc3ccccc32)[nH]1,5.1,0.0,1
CHEMBL279,CCOC(=O)c1ccc(-c2cn(-c3ccccc3)c3ncnc(N)c23)cc1,5.96,0.0,1
CHEMBL279,CCOC(=O)c1ccc(N/C=C/C(=O)c2ccc(NC(=S)Nc3ccc(S(=O)(=O)Nc4ccccn4)cc3)cc2)cc1,6.66,0.0,1
CHEMBL279,CCOC(=O)c1ccc(NC(=O)CN2CCN(c3nnc(-c4ccccc4)c4ccccc34)CC2)cc1,6.46,0.0,1
CHEMBL279,CCOC(=O)c1ccc(NC(=O)c2ccc(NC(=O)CN3C(=O)S/C(=C\c4ccccc4)C3=O)cc2)cc1,6.66,0.0,1
CHEMBL279,CCOC(=O)c1ccc(Nc2nncc3ccccc23)cc1,9.27,0.0,1
CHEMBL279,CCOC(=O)c1cn2ncnc(Nc3cc(C(=O)NOC(C)C)c(F)cc3F)c2c1C(C)C,6.46,0.0,1
CHEMBL279,CCOC(=O)c1cn2ncnc(Nc3cc(C(=O)NOC)c(C)cc3C)c2c1C(C)C,7.89,0.0,1
CHEMBL279,CCOC(=O)c1cn2ncnc(Nc3cc(C(=O)NOC)c(F)cc3F)c2c1C(C)C,7.89,0.0,1
CHEMBL279,CCOC(=O)c1cn2ncnc(Nc3cc(C(=O)NOC)ccc3F)c2c1C(C)C,7.47,0.0,1
CHEMBL279,CCOC(=O)c1cn2ncnc(Nc3cc(C(=O)NOCC(C)C)c(F)cc3F)c2c1C(C)C,5.92,0.0,1
CHEMBL279,CCOC(=O)c1cn2ncnc(Nc3cc(C(=O)NOCC4CC4)c(F)cc3F)c2c1C(C)C,6.72,0.0,1
CHEMBL279,CCOC(=O)c1cn2ncnc(Nc3ccc(Br)c(C(=O)NOC)c3)c2c1C(C)C,6.57,0.0,1
CHEMBL279,CCOC(=O)c1cn2ncnc(Nc3ccc(C)c(C(=O)NOC)c3)c2c1C(C)C,6.92,0.0,1
CHEMBL279,CCOC(=O)c1cn2ncnc(Nc3ccc(C)c(O)c3)c2c1C(C)C,7.85,0.0,1
CHEMBL279,CCOC(=O)c1cn2ncnc(Nc3ccc(C)c(O)c3)c2c1OCC,7.19,0.0,1
CHEMBL279,CCOC(=O)c1cn2ncnc(Nc3ccc(F)c(C(=O)NOC)c3)c2c1C(C)C,7.1,0.0,1
CHEMBL279,CCOC(=O)c1cn2ncnc(Nc3cccc(C(=O)NOC)c3)c2c1C(C)C,6.89,0.0,1
CHEMBL279,CCOC(=O)c1cn2ncnc(Oc3ccc4[nH]ccc4c3)c2c1C,7.06,0.0,1
CHEMBL279,CCOC(=O)c1cn2ncnc(Oc3ccc4[nH]ccc4c3)c2c1C(C)C,6.33,0.0,1
CHEMBL279,CCOC(=O)c1cn2ncnc(Oc3ccc4[nH]ccc4c3)c2c1CC,6.51,0.0,1
CHEMBL279,CCOC(=O)c1cn2ncnc(Oc3cccc(C(=O)NOC)c3)c2c1C(C)C,6.57,0.0,1
CHEMBL279,CCOC(=O)c1cnc(-c2ccn3c(-c4cccc(NC(=O)NCC(F)(F)F)c4)cnc3c2)nc1N,6.21,0.0,1
CHEMBL279,CCOC(=O)c1cnn2c(N)c(-c3ccc(NC(=O)Nc4cccc(C)c4)cc3)cnc12,7.6,0.0,1
CHEMBL279,CCOC(=O)c1nn(-c2ccc(C)cc2)cc1C(=O)c1c(C)[nH]c(-c2ccccc2)c1-c1ccccc1,5.12,0.0,1
CHEMBL279,CCOC(=O)c1nn(-c2ccc(Cl)cc2)cc1C(=O)c1c(C)[nH]c(-c2ccccc2)c1-c1ccccc1,5.54,0.0,1
CHEMBL279,CCOC(=O)c1nn(-c2ccccc2)cc1C(=O)c1c(C)[nH]c(-c2ccccc2)c1-c1ccccc1,5.63,0.0,1
CHEMBL279,CCOC(=O)c1s/c(=N\N=C2/C(=O)N(Cc3ccccc3)c3ccc(Cl)cc32)[nH]c1C,7.04,0.0,1
CHEMBL279,CCOC(=O)c1sc(N2N=C(c3ccc(Cl)cc3Cl)CC2c2ccc(OC)cc2)nc1C,7.11,0.0,1
CHEMBL279,CCOC(=O)c1sc(NC(=O)CN2CCN(c3nnc(-c4ccccc4)c4ccccc34)CC2)nc1C,5.5,0.0,1
CHEMBL279,CCOC(C)c1ccc2c(c1)c1c3c(c4c(c1n2CCCO)Cc1ccccc1-4)C(=O)NC3,6.963333333333334,0.3023794525647096,3
CHEMBL279,CCOC1=C(Cl)C(=O)C(Nc2ncnc3cc(OCCOC)c(OC)cc23)=CC1=O,7.67,0.0,1
CHEMBL279,CCOCCN(c1cc(OC)cc(OC)c1)c1ccc2ncc(-c3cnn(C)c3)nc2c1,6.75,0.0,1
CHEMBL279,CCOCCNc1nccc(Oc2ccc(NC(=O)C3(C(=O)Nc4ccc(F)cc4)CC3)cc2F)n1,5.61,0.0,1
CHEMBL279,CCOCCn1c2ccc(C3CCCCO3)cc2c2c3c(c4c(c21)CCc1nn(C)cc1-4)C(=O)NC3,7.66,0.0,1
CHEMBL279,CCOCc1cc(OC)cc(N(CC2CC2)c2ccc3ncc(-c4cnn(C)c4)nc3c2)c1,6.21,0.0,1
CHEMBL279,CCOCc1ccc2c(c1)c1c3c(c4c(c1n2CCCO)Cc1ccccc1-4)C(=O)NC3,8.4,0.0,1
CHEMBL279,CCOCn1cc(C2=C(c3cc(OC)c(OC)c(OC)c3)C(=O)NC2)c2ccccc21,5.28,0.0,1
CHEMBL279,CCONC(=O)c1cc(Nc2ncnn3cc(C(=O)OCC)c(C(C)C)c23)c(F)cc1F,7.4,0.0,1
CHEMBL279,CCONC(=O)c1cc2ccc(-c3nn(C(C)(C)C)c4ncnc(N)c34)cc2[nH]1,5.08,0.0,1
CHEMBL279,CCONC(=O)c1cc2ccc(-c3nn(C(C)C)c4ncnc(N)c34)cc2[nH]1,5.33,0.0,1
CHEMBL279,CCOP(=O)(OCC)c1cnc(N)c(-c2ccc(NC(=O)Nc3cc(C)ccc3F)cc2)c1,7.045,0.06363961030678918,2
CHEMBL279,CCO[C@H]1CO[C@H]2[C@@H]1OC[C@@H]2Oc1cc2ncnc(Nc3ccc(Br)c(Cl)c3)c2cc1OC,6.28,0.0,1
CHEMBL279,CCOc1cc(-c2ccc(NC(=O)Nc3ccc(CN4CCN(CC)CC4)c(C(F)(F)F)c3)c(F)c2)c[nH]c1=O,7.68,0.0,1
CHEMBL279,CCOc1cc(-c2nn(C(C)C)c3ncnc(N)c23)ccc1OC,4.0,0.0,1
CHEMBL279,CCOc1cc(-c2nn(CCO)c3ncnc(N)c23)ccc1OC,4.9,0.0,1
CHEMBL279,CCOc1cc(=O)[nH]cc1-c1ccc(CC(=O)Nc2cc(-c3nnc(C)o3)cc(C(F)(F)F)c2)c(F)c1,6.67,0.0,1
CHEMBL279,CCOc1cc(=O)[nH]cc1-c1ccc(CC(=O)Nc2cc(C(C)(C)C(F)(F)F)no2)c(F)c1,7.4,0.0,1
CHEMBL279,CCOc1cc(=O)[nH]cc1-c1ccc(CC(=O)Nc2cc(C(C)(C)C(F)(F)F)on2)c(F)c1,6.96,0.0,1
CHEMBL279,CCOc1cc(=O)[nH]cc1-c1ccc(CC(=O)Nc2cc(C(F)(F)F)cc(CN(C)C)c2F)c(F)c1,5.74,0.0,1
CHEMBL279,CCOc1cc(=O)[nH]cc1-c1ccc(CC(=O)Nc2ccc(C(C)C#N)c(C(F)(F)F)c2)c(F)c1,7.04,0.0,1
CHEMBL279,CCOc1cc(=O)[nH]cc1-c1ccc(CC(=O)Nc2ccc(CC(C)(C)CO)c(C(F)(F)F)c2)c(F)c1,7.93,0.0,1
CHEMBL279,CCOc1cc(=O)[nH]cc1-c1ccc(CC(=O)Nc2ccc(CC(C)(C)CS(C)(=O)=O)c(C(F)(F)F)c2)c(F)c1,7.69,0.0,1
CHEMBL279,CCOc1cc(=O)[nH]cc1-c1ccc(CC(=O)Nc2ccc(CC(C)(C)N)c(C(F)(F)F)c2)c(F)c1,8.1,0.0,1
CHEMBL279,CCOc1cc(=O)[nH]cc1-c1ccc(CC(=O)Nc2ccc(CC(C)(C)O)c(C(F)(F)F)c2)c(F)c1,7.99,0.0,1
CHEMBL279,CCOc1cc(=O)[nH]cc1-c1ccc(CC(=O)Nc2ccc(CN(C)C)c(C(F)(F)F)c2)c(F)c1,6.87,0.0,1
CHEMBL279,CCOc1cc(=O)[nH]cc1-c1ccc(CC(=O)Nc2cccc(C(F)(F)F)c2)c(F)c1,7.16,0.0,1
CHEMBL279,CCOc1cc(F)cc(N(CCN)c2ccc3ncc(-c4cnn(C)c4)nc3c2)c1,7.02,0.0,1
CHEMBL279,CCOc1cc(F)cc(N(CCO)c2ccc3ncc(-c4cnn(C)c4)nc3c2)c1,6.76,0.0,1
CHEMBL279,CCOc1cc(O)c2c(=O)cc(-c3ccccc3)oc2c1,5.02,0.0,1
CHEMBL279,CCOc1cc2ncc(C#N)c(Nc3ccc(F)c(Cl)c3)c2cc1NC(=O)/C=C/CN(C)C,5.5,0.0,1
CHEMBL279,CCOc1cc2ncc(C#N)c(Nc3ccc(OCc4ccccn4)c(Cl)c3)c2cc1NC(=O)/C=C/CN(C)C,6.07,0.0,1
CHEMBL279,CCOc1cc2nccc(Oc3ccc(NC(=O)Nc4ccc(Cl)c(C(F)(F)F)c4)cc3)c2c2c1OCCO2,6.56,0.0,1
CHEMBL279,CCOc1cc2nccc(Oc3cnc(CC(=O)Nc4n[nH]c(CC)c4C)c(OC)c3)c2cc1OC,5.32,0.0,1
CHEMBL279,CCOc1cc2ncnc(NC3=CC(=O)C(OC(CF)CF)=CC3=O)c2cc1NC(=O)/C=C/CN(C)C,6.74,0.31112698372208153,2
CHEMBL279,CCOc1cc2ncnc(NC3=CC(=O)C(OC)=CC3=O)c2cc1NC(=O)/C=C/CN(C)C,6.140000000000001,0.39597979746446665,2
CHEMBL279,CCOc1cc2ncnc(NC3=CC(=O)C(OCc4ccc(F)c(F)c4)=CC3=O)c2cc1NC(=O)/C=C/CN(C)C,6.605,0.4879036790187184,2
CHEMBL279,CCOc1cc2ncnc(NC3=CC(=O)C(OCc4cccc(C)c4)=CC3=O)c2cc1NC(=O)/C=C/CN(C)C,6.465,0.36062445840513907,2
CHEMBL279,CCOc1cc2ncnc(NC3=CC(=O)C(OCc4cccc(Cl)c4)=CC3=O)c2cc1NC(=O)/C=C/CN(C)C,6.925,0.24748737341529137,2
CHEMBL279,CCOc1cc2ncnc(NC3=CC(=O)C(OCc4cccc(F)c4)=CC3=O)c2cc1NC(=O)/C=C/CN(C)C,6.705,0.34648232278140845,2
CHEMBL279,CCOc1cc2ncnc(NC3=CC(=O)C(OCc4cccc(OC)c4)=CC3=O)c2cc1NC(=O)/C=C/CN(C)C,6.16,0.38183766184073603,2
CHEMBL279,CCOc1cc2ncnc(NC3=CC(=O)C(OCc4ccccc4)=CC3=O)c2cc1NC(=O)/C=C/CN(C)C,6.550000000000001,0.6222539674441621,2
CHEMBL279,CCOc1cc2ncnc(NC3=CC(=O)C(OCc4ccccn4)=CC3=O)c2cc1NC(=O)/C=C/CN(C)C,6.4350000000000005,0.6151828996322967,2
CHEMBL279,CCOc1cc2ncnc(NC3=CC(=O)C(OCc4cccs4)=CC3=O)c2cc1NC(=O)/C=C/CN(C)C,6.825,0.41719300090006295,2
CHEMBL279,CCOc1ccc(-c2n[nH]c3ncnc(N)c23)cc1OC,4.0,0.0,1
CHEMBL279,CCOc1ccc(-c2nn(C(C)C)c3ncnc(N)c23)cc1OC,4.87,0.0,1
CHEMBL279,CCOc1ccc(-c2nn(C3CCCC3)c3ncnc(N)c23)cc1O,6.96,0.0,1
CHEMBL279,CCOc1ccc(-c2nn(C3CCCC3)c3ncnc(N)c23)cc1OC,5.68,0.0,1
CHEMBL279,CCOc1ccc(-c2nn(C3CCCCC3)c3ncnc(N)c23)cc1OC,4.0,0.0,1
CHEMBL279,CCOc1ccc(C(=C2C(=O)Nc3ccccc32)c2nc3ccccc3[nH]2)cc1,5.0,0.0,1
CHEMBL279,CCOc1ccc(Nc2cnnc(Nc3ccc(OCC)cc3)n2)cc1,8.39,0.0,1
CHEMBL279,CCOc1ccc(Nc2ncc3c(n2)-c2ccc(OC)cc2NC(=O)C3)cc1,7.28,0.0,1
CHEMBL279,CCOc1ccc(Nc2ncc3c(n2)-c2ccccc2NC(=O)C3)cc1,6.89,0.0,1
CHEMBL279,CCOc1ccc(Nc2ncc3c(n2)-c2cnccc2NC(=O)C3)cc1,7.0,0.0,1
CHEMBL279,CCOc1ccc(Nc2ncc3c(n2)-c2ncccc2NC(=O)C3)cc1,5.7,0.0,1
CHEMBL279,CCOc1ccc(Nc2nnc3c4c(cccc24)NC(=S)N3Cc2ccccc2)cc1,7.52,0.0,1
CHEMBL279,CCOc1ccc2cc(-c3nn(C)c4ncnc(N)c34)ccc2c1,6.26,0.0,1
CHEMBL279,CCOc1cccc(-c2ccc3c(c2)NC(=O)/C3=C\c2[nH]cc(C)c2CCC(=O)O)c1,6.0,0.0,1
CHEMBL279,CCOc1cccc(-c2ccn3c(-c4cccc(NC(=O)NCC(F)(F)F)c4)cnc3c2)n1,6.75,0.0,1
CHEMBL279,CCOc1cccc2c1c(/C=C1\C(=O)NN=C1c1snnc1C)cn2C,7.44,0.0,1
CHEMBL279,CCOc1cccc2cc(/C(C)=N/Nc3nc(-c4ccc(F)cc4)cs3)c(=O)oc12,7.49,0.0,1
CHEMBL279,CCOc1cccc2cc(/C(C)=N/Nc3nc(-c4ccc(OC)cc4)cs3)c(=O)oc12,7.46,0.0,1
CHEMBL279,CCOc1cccc2cc(/C(C)=N/Nc3nc(-c4ccccc4)cs3)c(=O)oc12,7.16,0.0,1
CHEMBL279,CCOc1ccn(-c2ccc(F)cc2)c(=O)c1C(=O)Nc1ccc(Oc2ccnc(N)c2Cl)c(F)c1,6.805,0.07778174593052077,2
CHEMBL279,CCOc1cnc(-c2ccn3c(-c4cccc(NC(=O)NCC(F)(F)F)c4)cnc3c2)nc1,6.47,0.0,1
CHEMBL279,CCOc1nc(Nc2ccc(S(=N)(=O)CC)cc2)ncc1Br,7.05,0.0,1
CHEMBL279,CCS(=N)(=O)c1ccc(Nc2ncc(Br)c(N[C@@H](C)C(C)(C)O)n2)cc1,7.5,0.0,1
CHEMBL279,CCS(=N)(=O)c1ccc(Nc2ncc(Br)c(N[C@@H](COC)[C@H](C)O)n2)cc1,6.64,0.0,1
CHEMBL279,CCS(=N)(=O)c1ccc(Nc2ncc(Br)c(N[C@H](C)C(C)(C)O)n2)cc1,7.13,0.0424264068711932,2
CHEMBL279,CCS(=N)(=O)c1ccc(Nc2ncc(Br)c(N[C@H](C)[C@H](C)O)n2)cc1,7.58,0.0,1
CHEMBL279,CCS(=N)(=O)c1ccc(Nc2ncc(Br)c(N[C@H](COC)[C@@H](C)O)n2)cc1,6.33,0.0,1
CHEMBL279,CCS(=N)(=O)c1ccc(Nc2ncc(Br)c(N[C@H](COC)[C@H](C)O)n2)cc1,6.57,0.0,1
CHEMBL279,CCS(=O)(=O)NCCN(c1cc(OC)cc(OC)c1)c1ccc2ncc(-c3cnn(C)c3)nc2c1,7.67,0.0,1
CHEMBL279,CCS(=O)(=O)Nc1cccc2c1Cc1c-2n[nH]c1-c1ccsc1,6.51,0.0,1
CHEMBL279,CCS(=O)(=O)c1ccc(OC)c(Nc2ncc(-c3ccc(C#N)cc3)o2)c1,7.29,0.0,1
CHEMBL279,CCS(=O)(=O)c1ccc(OC)c(Nc2ncc(-c3ccc(C(N)=O)cc3)o2)c1,7.75,0.0,1
CHEMBL279,CCS(=O)(=O)c1ccc(OC)c(Nc2ncc(-c3ccc(CC#N)c(-c4ccccn4)c3)o2)c1,7.64,0.0,1
CHEMBL279,CCS(=O)(=O)c1ccc(OC)c(Nc2ncc(-c3ccc(Cl)cc3)o2)c1,7.09,0.0,1
CHEMBL279,CCS(=O)(=O)c1ccc(OC)c(Nc2ncc(-c3ccc(F)cc3)o2)c1,7.1,0.0,1
CHEMBL279,CCS(=O)(=O)c1ccc(OC)c(Nc2ncc(-c3ccc(OC)cc3)o2)c1,7.06,0.0,1
CHEMBL279,CCS(=O)(=O)c1ccc(OC)c(Nc2ncc(-c3cccc(-c4ccccc4)c3)o2)c1,7.1,0.0,1
CHEMBL279,CCS(=O)(=O)c1ccc(OC)c(Nc2ncc(-c3cccc(-c4ccccc4Cl)c3)o2)c1,7.41,0.0,1
CHEMBL279,CCS(=O)(=O)c1ccc(OC)c(Nc2ncc(-c3cccc(-c4ccccc4F)c3)o2)c1,7.05,0.0,1
CHEMBL279,CCS(=O)(=O)c1ccc(OC)c(Nc2ncc(-c3cccc(-c4ccccn4)c3)o2)c1,7.66,0.0,1
CHEMBL279,CCS(=O)(=O)c1ccc(OC)c(Nc2ncc(-c3cccc(-c4cccnc4)c3)o2)c1,7.12,0.0,1
CHEMBL279,CCS(=O)(=O)c1ccc(OC)c(Nc2ncc(-c3cccc(-c4cccs4)c3)o2)c1,7.8,0.0,1
CHEMBL279,CCS(=O)(=O)c1ccc(OC)c(Nc2ncc(-c3cccc(-c4ccncc4)c3)o2)c1,7.11,0.0,1
CHEMBL279,CCS(=O)(=O)c1ccc(OC)c(Nc2ncc(-c3cccc(-c4ccsc4)c3)o2)c1,7.82,0.0,1
CHEMBL279,CCS(=O)(=O)c1ccc(OC)c(Nc2ncc(-c3cccc(-c4cncn4C)c3)o2)c1,7.6,0.0,1
CHEMBL279,CCS(=O)(=O)c1ccc(OC)c(Nc2ncc(-c3cccc(C#N)c3)o2)c1,6.85,0.0,1
CHEMBL279,CCS(=O)(=O)c1ccc(OC)c(Nc2ncc(-c3cccc(C(C)=O)c3)o2)c1,7.04,0.0,1
CHEMBL279,CCS(=O)(=O)c1ccc(OC)c(Nc2ncc(-c3cccc(Cl)c3)o2)c1,7.66,0.0,1
CHEMBL279,CCS(=O)(=O)c1ccc(OC)c(Nc2ncc(-c3cccc(F)c3)o2)c1,7.03,0.0,1
CHEMBL279,CCS(=O)(=O)c1ccc(OC)c(Nc2ncc(-c3cccc(OC)c3)o2)c1,6.44,0.0,1
CHEMBL279,CCS(=O)(=O)c1ccc(OC)c(Nc2ncc(-c3ccccc3)o2)c1,7.3,0.0,1
CHEMBL279,CCS(=O)(=O)c1ccc(OC)c(Nc2ncc(-c3ccccc3Cl)o2)c1,6.44,0.0,1
CHEMBL279,CCS(=O)(=O)c1ccc2c(c1)/C(=C/c1[nH]c3c(c1CCC(N)=O)CCCC3)C(=O)N2,6.52,0.0,1
CHEMBL279,CCS(=O)(=O)c1ccc2c(c1)/C(=C/c1[nH]c3c(c1CCCN(C)C)CCCC3)C(=O)N2,5.57,0.0,1
CHEMBL279,CCS(=O)(=O)c1ccc2c(c1)/C(=C/c1[nH]c3c(c1CCCN1CCC(O)CC1)CCCC3)C(=O)N2,6.3,0.0,1
CHEMBL279,CCS(=O)(=O)c1ccc2c(c1)/C(=C/c1[nH]c3c(c1CCCN1CCN(C)CC1)CCCC3)C(=O)N2,5.58,0.0,1
CHEMBL279,CCS(=O)(=O)c1ccc2c(c1)/C(=C/c1[nH]c3c(c1CCCN1CCN(CC(=O)O)CC1)CCCC3)C(=O)N2,6.1,0.0,1
CHEMBL279,CCS(=O)(=O)c1ccc2c(c1)/C(=C/c1[nH]c3c(c1CCCN1CCN(CCO)CC1)CCCC3)C(=O)N2,6.4,0.0,1
CHEMBL279,CCS(=O)(=O)c1ccc2c(c1)/C(=C/c1[nH]c3c(c1CN1CCOCC1)CCCC3)C(=O)N2,7.0,0.0,1
CHEMBL279,CCS(=O)(=O)c1cccc(Nc2ncc(-c3ccccc3)o2)c1,6.14,0.0,1
CHEMBL279,CCSCc1ccc2c(c1)c1c3c(c4c(c1n2CCCO)Cc1ccccc1-4)C(=O)NC3,7.68,0.0,1
CHEMBL279,CC[C@@H](C)OCc1ccc2c(c1)c1c3c(c4c(c1n2CCCO)Cc1ccccc1-4)C(=O)NC3,7.92,0.0,1
CHEMBL279,CC[C@@H]1CN(C(=O)NCC(F)(F)F)C[C@@H]1c1cnc2cnc3[nH]ccc3n12,5.82,0.0,1
CHEMBL279,CC[C@@H]1[C@H](F)C(=O)N[C@@H]1COc1nccc2cc(C(N)=O)c(OC)cc12,5.27,0.0,1
CHEMBL279,CC[C@H](C)OCc1ccc2c(c1)c1c3c(c4c(c1n2CCCO)Cc1ccccc1-4)C(=O)NC3,7.72,0.0,1
CHEMBL279,CC[C@H](C)[C@@H](NCC(=O)NNC(=O)COc1ccc(-c2nc3ccccc3s2)cc1OC)C(=O)O,6.31,0.0,1
CHEMBL279,CC[C@H](C)[C@H](NCC(=O)NNC(=O)COc1ccc(-c2nc3ccccc3s2)cc1OC)C(=O)O,6.39,0.0,1
CHEMBL279,CC[S@@](=N)(=O)c1ccc(Nc2ncc(Br)c(N[C@H](C)[C@@H](C)O)n2)cc1,7.5,0.0,1
CHEMBL279,CCc1c(-c2cc(OC)c3nc(N)ncc3c2)ccc(O)c1F,5.6,0.0,1
CHEMBL279,CCc1c(-c2cnc3ccc(N(CCNCC(F)(F)F)c4cc(OC)cc(OC)c4)cc3n2)cnn1C,6.99,0.0,1
CHEMBL279,CCc1c(-c2cnc3ccc(N(CCO)c4cc(OC)cc(OC)c4)cc3n2)cnn1C,6.75,0.0,1
CHEMBL279,CCc1c[nH]nc1NC(=O)Cc1ccc(Oc2ccnc3cc(OC)ccc23)cc1OC,5.89,0.0,1
CHEMBL279,CCc1cc(-c2cccc3c2CNC3=O)ccc1NC(=O)Nc1cccc(C)c1,5.22,0.0,1
CHEMBL279,CCc1cc(NC(=O)Cc2ccc(Oc3ccnc4cc(OC)c(OC)cc34)cc2OC)n[nH]1,8.52,0.0,1
CHEMBL279,CCc1cc(NC(=O)Cc2ccc(Oc3ccnc4cc(OC)ccc34)cc2OC)n[nH]1,8.4,0.0,1
CHEMBL279,CCc1cc(NC(=O)Cc2ccc(Oc3ccnc4cc(OC)ccc34)cc2OC)no1,7.7,0.0,1
CHEMBL279,CCc1cc(NC(=O)Nc2ccc(Oc3ccnc(-c4cnn(CCCCCCC(=O)NO)c4)c3)cc2)no1,7.32,0.0,1
CHEMBL279,CCc1cc(NC(=O)Nc2ccc(Oc3ccnc(-c4cnn(CCCCCCC(=O)NO)c4)c3)cc2)on1,7.53,0.0,1
CHEMBL279,CCc1cc(NC(=O)Nc2cccc(C(F)(F)F)c2)cc(Cl)c1Oc1cc(NC)ncn1,5.6,0.0,1
CHEMBL279,CCc1cc(Nc2nccc(-c3c(-c4ccc(OC)c(C(=O)Nc5c(F)cccc5F)c4)nc4ccccn34)n2)c(OC)cc1N1CCC(N2CCN(S(C)(=O)=O)CC2)CC1,5.5,0.0,1
CHEMBL279,CCc1cc(O)c(F)cc1-c1cc(N(C)CCO)c2nc(N)ncc2c1,5.9,0.0,1
CHEMBL279,CCc1cc(O)c(F)cc1-c1cc(NC(CO)CO)c2nc(N)ncc2c1,5.9,0.0,1
CHEMBL279,CCc1cc(O)c(F)cc1-c1cc(NC2CCN(C(C)=O)CC2)c2nc(N)ncc2c1,6.2,0.0,1
CHEMBL279,CCc1cc(O)c(F)cc1-c1cc(NC2CCN(C)CC2)c2nc(N)ncc2c1,6.2,0.0,1
CHEMBL279,CCc1cc(O)c(F)cc1-c1cc(NCC2CCN(C)CC2)c2nc(N)ncc2c1,6.2,0.0,1
CHEMBL279,CCc1cc(O)c(F)cc1-c1cc(NCCCO)c2nc(N)ncc2c1,6.0,0.0,1
CHEMBL279,CCc1cc(O)c(F)cc1-c1cc(NCCNC)c2nc(N)ncc2c1,5.6,0.0,1
CHEMBL279,CCc1cc(O)c(F)cc1-c1cc(NCCO)c2nc(N)ncc2c1,5.8,0.0,1
CHEMBL279,CCc1cc(O)c(F)cc1-c1cc(NC[C@@H](C)O)c2nc(N)ncc2c1,7.1,0.0,1
CHEMBL279,CCc1cc(O)c(F)cc1-c1cc(NC[C@H](C)O)c2nc(N)ncc2c1,6.2,0.0,1
CHEMBL279,CCc1cc(O)c(F)cc1-c1cc(N[C@@H](C)CO)c2nc(N)ncc2c1,6.2,0.0,1
CHEMBL279,CCc1cc(O)c(F)cc1-c1cc(N[C@@H](C)CO)c2nc(NCCCCCN(C)C)ncc2c1,7.0,0.0,1
CHEMBL279,CCc1cc(O)c(F)cc1-c1cc(N[C@@H](C)CO)c2nc(NCCCN(C)C)ncc2c1,6.1,0.0,1
CHEMBL279,CCc1cc(O)c(F)cc1-c1cc(N[C@@H](C)CO)c2nc(NCCOCCN(C)C)ncc2c1,6.0,0.0,1
CHEMBL279,CCc1cc(O)c(F)cc1-c1cc(N[C@@H]2CCCN(C)C2)c2nc(N)ncc2c1,6.3,0.0,1
CHEMBL279,CCc1cc(O)c(F)cc1-c1cc(N[C@@H]2C[C@H]3CC[C@@H](C2)N3)c2nc(N)ncc2c1,6.0,0.0,1
CHEMBL279,CCc1cc(O)c(F)cc1-c1cc(N[C@H](C)CO)c2nc(N)ncc2c1,5.9,0.0,1
CHEMBL279,CCc1cc(O)c(F)cc1-c1cc(N[C@H]2CCCN(C)C2)c2nc(N)ncc2c1,6.7,0.0,1
CHEMBL279,CCc1cc(O)c(F)cc1-c1cc(N[C@H]2C[C@H]3CC[C@@H](C2)N3)c2nc(N)ncc2c1,6.9,0.0,1
CHEMBL279,CCc1cc(O)c(F)cc1-c1cc(OC)c2nc(N)ncc2c1,5.7,0.0,1
CHEMBL279,CCc1cc2c(cc1N1CCC(N3CCOCC3)CC1)C(C)(C)c1[nH]c3cc(C#N)ccc3c1C2=O,5.85,0.0,1
CHEMBL279,CCc1cc2c(cc1N1CCN(C3CC3)CC1)C(C)(C)c1[nH]c3cc(C#N)ccc3c1C2=O,5.38,0.0,1
CHEMBL279,CCc1cc2c(cc1N1CCN(C3CCC3)CC1)C(C)(C)c1[nH]c3cc(C#N)ccc3c1C2=O,5.5,0.0,1
CHEMBL279,CCc1ccc(-c2c[nH]c3ccnc(Nc4ccc(Oc5ccnc6cc(OCC(C)(C)O)ccc56)c(F)c4)c3c2=O)cc1,6.79,0.0,1
CHEMBL279,CCc1ccc(-c2cc(C(=O)Nc3ccc(Oc4ccnc(C(=O)NC)c4)c(F)c3)ncn2)cc1,5.92,0.0,1
CHEMBL279,CCc1ccc(-c2cc(C(=O)Nc3ccc(Oc4ccnc(C(=O)NC)c4)cc3)ncn2)cc1,5.44,0.0,1
CHEMBL279,CCc1ccc(-c2nc3ccc(Nc4ccnc5ccccc45)cc3[nH]2)cc1,5.26,0.0,1
CHEMBL279,CCc1ccc(-c2nc3ccc(Nc4ncnc5ccccc45)cc3[nH]2)cc1,5.06,0.0,1
CHEMBL279,CCc1ccc(C(=O)Nc2ccc(Nc3ncnc4cc(OC)c(OC)cc34)cc2)cc1,6.42,0.0,1
CHEMBL279,CCc1ccc(NC(=O)c2ccc(NC(=O)CN3C(=O)S/C(=C/c4ccccc4)C3=O)cc2)cc1,6.66,0.0,1
CHEMBL279,CCc1ccc(NC(=O)c2cccc(N3CCc4nc(N)ncc4C3)c2)cc1,6.84,0.0,1
CHEMBL279,CCc1ccc(Nc2ncnn3cc(C(=O)OC)c(C)c23)cc1O,7.26,0.0,1
CHEMBL279,CCc1ccc(Oc2ccc3nc(NC(=O)C4CC4)cn3n2)cc1NC(=O)c1cc(C)nn1C,8.29,0.0,1
CHEMBL279,CCc1cccc(-c2cnc(Nc3cc(S(=O)(=O)CC)ccc3OC)o2)c1,7.54,0.0,1
CHEMBL279,CCc1cccc(NC(=O)Nc2ccc(-c3[nH]c4ccccc4c3C(N)=O)cc2)c1,8.15,0.0,1
CHEMBL279,CCc1cccc(NC(=O)Nc2ccc(-c3cc4ccccc4n3C(N)=O)cc2)c1,8.52,0.0,1
CHEMBL279,CCc1cccc(NC(=O)Nc2ccc(-c3cccc4[nH]nc(N)c34)cc2)c1,8.22,0.0,1
CHEMBL279,CCc1cccc(NC(=O)Nc2ccc(-c3cccc4c3CNC4=O)cc2)c1,7.54,0.0,1
CHEMBL279,CCc1cccc(NC(=O)Nc2ccc(-c3ccnc4[nH]nc(C)c34)cc2)c1,5.92,0.0,1
CHEMBL279,CCc1cccc(NC(=O)Nc2ccc(-c3ccnc4[nH]nc(CO)c34)cc2)c1,5.47,0.0,1
CHEMBL279,CCc1cccc(NC(=O)Nc2ccc(-c3csc4ccnc(N)c34)cc2)c1,7.6,0.0,1
CHEMBL279,CCc1cccc(NC(=O)Nc2ccc(-c3noc4ncnc(N)c34)cc2)c1,7.62,0.0,1
CHEMBL279,CCc1cccc(NC(=O)Nc2ccc(-c3nsc4ncnc(N)c34)cc2)c1,8.3,0.0,1
CHEMBL279,CCc1cccc(NC(=O)Nc2ccc(Oc3cc(NC)ncn3)cc2)c1,6.89,0.0,1
CHEMBL279,CCc1cccc(NC(=O)Nc2ccc3sc(-c4cc(B5OC(C)(C)C(C)(C)O5)cnc4N)cc3c2)c1,7.5649999999999995,0.2616295090390223,2
CHEMBL279,CCc1cccc(NC(=O)Nc2cccc(-c3cc4ccccc4n3C(N)=O)c2)c1,6.62,0.0,1
CHEMBL279,CCc1cccc(NC(=O)Nc2csc(-c3cc4ccccc4n3C(N)=O)c2)c1,7.22,0.0,1
CHEMBL279,CCc1cccc(NC(=O)c2cccc(N3CCc4c(cnc5ccccc45)C3)c2)c1,7.970000000000001,0.35355339059327473,2
CHEMBL279,CCc1cccc(NC(=O)c2cccc(N3CCc4c(cnc5ccsc45)C3)c2)c1,8.11,0.268700576850888,2
CHEMBL279,CCc1cccc(NC(=O)c2cccc(N3CCc4nc(N)ncc4C3)c2)c1,7.66,0.0,1
CHEMBL279,CCc1cccc(NC(=O)c2cccc3cc(-c4cccc5[nH]nc(N)c45)ccc23)c1,8.295,0.7848885271170674,2
CHEMBL279,CCc1cccc2c(/C=C3\C(=O)Nc4ccc(F)cc43)c[nH]c12,5.18,0.0,1
CHEMBL279,CCc1ccccc1-n1cnc2oc(-c3ccccc3)c(-c3ccccc3)c2c1=N,6.89,0.0,1
CHEMBL279,CCc1ccnc(C#CCN(c2cc(OC)cc(OC)c2)c2ccc3ncc(-c4cnn(C)c4)nc3c2)n1,6.26,0.0,1
CHEMBL279,CCc1nc(Nc2cc(CCc3cc(OC)cc(OC)c3)[nH]n2)c2ccc(N3CCN(CC)CC3)cc2n1,7.45,0.0,1
CHEMBL279,CCc1nc2cc(-n3ncc(C(=O)c4cc5ccccc5[nH]4)c3N)ccc2[nH]1,5.77,0.0,1
CHEMBL279,CCc1nccn1CCc1ccc(Nc2ncc(C#N)c(-c3ccc(C(C)(C)N)cc3)n2)cc1,7.03,0.0,1
CHEMBL279,CCc1nn2ncccc2c1-c1ccnc(NC2CC2)n1,5.5,0.0,1
CHEMBL279,CCc1nn2ncccc2c1-c1ccnc(Nc2ccc(N3CCN(C)CC3)cc2)n1,7.2,0.0,1
CHEMBL279,CCc1nnc(-c2cn3ncnc(Nc4cc(C(=O)NOC)c(F)cc4F)c3c2C(C)C)o1,7.77,0.0,1
CHEMBL279,CCc1nnc(-c2cn3ncnc(Nc4cnc5[nH]c(C)cc5c4)c3c2C(C)C)o1,7.44,0.0,1
CHEMBL279,CCc1sc2ncnc(N)c2c1-c1ccc(NC(=O)NC2CCCCC2)cc1,6.77,0.0,1
CHEMBL279,CCc1sc2ncnc(N)c2c1-c1ccc(NC(=O)Nc2cccc(C(F)(F)F)c2)cc1,7.3,0.0,1
CHEMBL279,CCc1sc2ncnc(N)c2c1-c1ccc(NC(=O)Nc2cccc(C)c2)cc1,7.58,0.0,1
CHEMBL279,CCn1c(=O)c(-c2cc(NC(=O)NCCC(C)(C)C)c(F)cc2C)cc2cnc(NC)cc21,7.6,0.0,1
CHEMBL279,CCn1c(=O)c(-c2cc(OC)cc(OC)c2)cc2nnc(Nc3ccncc3)nc21,6.46,0.0,1
CHEMBL279,CCn1c(=O)c(-c2ccc(F)c(NC(=O)Nc3cc(C(C)(C)C)no3)c2)cc2cnc(NC)cc21,8.72,0.0,1
CHEMBL279,CCn1c(N)c(C(=O)NC)c(=O)c2ccc(C#C[C@@](C)(O)COC)nc21,7.17,0.0,1
CHEMBL279,CCn1c(SCC(=O)NNC(=O)c2ccccc2)nc2ccc([N+](=O)[O-])cc2c1=O,5.34,0.0,1
CHEMBL279,CCn1c(SCC(=O)Nc2ccc(/C(C)=N/O)cc2)nc2ccccc2c1=O,5.6,0.0,1
CHEMBL279,CCn1c(SCCCN2C(=O)c3ccccc3C2=O)nc2cc3ccccc3cc2c1=O,4.35,0.0,1
CHEMBL279,CCn1c2ccc(/C(C)=N/OC)cc2c2c3c(c4c(c21)CCc1nn(C)cc1-4)C(=O)NC3,8.4,0.0,1
CHEMBL279,CCn1c2ccc(/C(C)=N/OCC(C)C)cc2c2c3c(c4c(c21)CCc1nn(C)cc1-4)C(=O)NC3,7.62,0.0,1
CHEMBL279,CCn1c2ccc(C(=O)c3cccs3)cc2c2c3c(c4c(c21)CCc1nn(C)cc1-4)C(=O)NC3,9.0,0.0,1
CHEMBL279,CCn1c2ccc(C(C)=O)cc2c2c3c(c4c(c21)CCc1nn(C)cc1-4)C(=O)NC3,7.89,0.0,1
CHEMBL279,CCn1c2ccc(C3CCCCO3)cc2c2c3c(c4c(c21)CCc1c-4cnn1C)C(=O)NC3,8.05,0.0,1
CHEMBL279,CCn1c2ccc(C3CCCCO3)cc2c2c3c(c4c(c21)CCc1nn(C)cc1-4)C(=O)NC3,8.22,0.0,1
CHEMBL279,CCn1c2ccc(NC(=O)Nc3ccc(OC)cc3)cc2c2c3c(c4c(c21)CCc1nn(C)cc1-4)C(=O)NC3,7.96,0.0,1
CHEMBL279,CCn1c2ccccc2c2c3c(c4c(c21)CCc1nn(C)cc1-4)C(=O)NC3,7.82,0.0,1
CHEMBL279,CCn1cc(-c2ccc(F)cc2)c(=O)c2c(Nc3ccc(Oc4ccnc(NC(=O)C5CC5)c4)c(F)c3)nccc21,5.86,0.0,1
CHEMBL279,CCn1cc(-c2cnc3ccc(N(CCN)c4cc(OC)cc(OC)c4)cc3n2)cn1,7.59,0.0,1
CHEMBL279,CCn1cc(-c2cnc3ccc(N(CCNC(C)C)c4cc(OC)cc(OC)c4)cc3n2)cn1,7.74,0.0,1
CHEMBL279,CCn1cc(-c2cnc3ccc(N(CCNC)c4cc(OC)cc(OC)c4)cc3n2)cn1,7.2,0.0,1
CHEMBL279,CCn1cc(CN(Cc2ccc(-c3cc4nccc(Oc5ccc6oc(Nc7ccc(Cl)cc7)nc6c5)c4s3)nc2)C(C)C)nn1,8.1,0.0,1
CHEMBL279,CCn1cc(NC(=O)Cc2ccc(Oc3ccnc4cc(F)ccc34)cc2OC)cn1,5.37,0.0,1
CHEMBL279,CCn1cc(NC(=O)Cc2ccc(Oc3ccnc4cc(OC)c(OC)cc34)cc2OC)cn1,7.09,0.0,1
CHEMBL279,CCn1cc(NC(=O)Cc2ccc(Oc3ccnc4cc(OC)c(OC)cc34)cn2)cn1,6.61,0.0,1
CHEMBL279,CCn1cc(NC(=O)Cc2ccc(Oc3ccnc4cc(OC)ccc34)cc2OC)cn1,7.17,0.0,1
CHEMBL279,CCn1cc(NC(=O)Cc2ccc(Oc3ccnc4ccc(F)cc34)cc2OC)cn1,5.39,0.0,1
CHEMBL279,CCn1cc(NC(=O)Cc2ccc(Oc3ccnc4ccc(OC)cc34)cc2OC)cn1,5.68,0.0,1
CHEMBL279,CCn1cc(NC(=O)Cc2ccc(Oc3ncnc4cc(OC)c(OC)cc34)c(OC)c2)cn1,5.32,0.0,1
CHEMBL279,CCn1cc(NC(=O)Cc2ncc(Oc3ccnc4cc(OC)ccc34)cc2OC)cn1,5.33,0.0,1
CHEMBL279,CCn1cc(Nc2ncc(Cl)c(N[C@H]3[C@@H](C(N)=O)[C@@H]4C=C[C@H]3C4)n2)cn1,8.52,0.0,1
CHEMBL279,CCn1ccc(NC(=O)c2cc3ccc(-c4nn(C(C)(C)C)c5ncnc(N)c45)cc3[nH]2)n1,4.52,0.0,1
CHEMBL279,CCn1ccnc1CN(c1cc(OC)cc(OC)c1)c1ccc2ncc(-c3cnn(C)c3)nc2c1,6.52,0.0,1
CHEMBL279,CCn1cnc(-c2cc3nccc(Oc4ccc(NC(=O)C5(C(=O)Nc6ccccc6)CC5)cc4F)c3s2)c1,9.0,0.0,1
CHEMBL279,CCn1nc(-c2[nH]c3ncccc3c2Cl)c2c(N)ncnc21,5.19,0.0,1
CHEMBL279,CCn1nc(-c2cc3cccnc3[nH]2)c2c(N)ncnc21,5.4,0.0,1
CHEMBL279,CCn1nc(-c2ccc(OC)c(O)c2)c2c(N)ncnc21,6.55,0.0,1
CHEMBL279,CCn1nc(-c2ccc3cc(C(=O)NC)[nH]c3c2)c2c(N)ncnc21,5.11,0.0,1
CHEMBL279,CCn1nc(-c2ccc3scnc3c2)c(C(N)=O)c1N,4.4,0.0,1
CHEMBL279,CCn1nc(-c2ccc3scnc3c2)c(C(N)=O)c1NC,5.6,0.0,1
CHEMBL279,CN(C(=O)c1ccc(C(=O)Nc2ccccc2N)cc1)c1cccc(Nc2nccc(-c3cccnc3)n2)c1,5.21,0.0,1
CHEMBL279,CN(C)C(=O)C(C)(C)/N=C/C(C=N)c1ccn2c(-c3cccc(NC(=O)NCC(F)(F)F)c3)cnc2c1,7.68,0.0,1
CHEMBL279,CN(C)C(=O)COc1ccc2c(c1)Cc1c(-c3csc(C#CCOc4ccccc4)c3)n[nH]c1-2,7.38,0.0,1
CHEMBL279,CN(C)C(=O)N1CCN(Cc2ccnc(Nc3ncc(C#N)s3)c2)CC1,8.0,0.0,1
CHEMBL279,CN(C)C(=O)c1ccc(-c2cc3nccc(Oc4ccc(NC(=O)c5cnn(-c6ccccc6)c5C(F)(F)F)cc4F)c3s2)cc1,5.85,0.0,1
CHEMBL279,CN(C)C(=O)c1ccc(-c2cc3nccc(Oc4ccc(NC(=O)c5cnn(-c6ccccc6)c5C(F)(F)F)cc4F)c3s2)nc1,5.6,0.0,1
CHEMBL279,CN(C)C/C=C/C(=O)Nc1ccc2ncnc(Nc3ccc(Br)cc3F)c2c1,5.36,0.0,1
CHEMBL279,CN(C)C1CCN(c2cc(NC(=O)Nc3ccc(Oc4ccnc(NC(=O)C5CC5)c4)c(F)c3)cc(C(F)(F)F)c2)C1,8.14,0.0,1
CHEMBL279,CN(C)C1CCN(c2ccc(-c3ccn4c(-c5cccc(NC(=O)NCC(F)(F)F)c5)cnc4c3)nn2)CC1,8.04,0.0,1
CHEMBL279,CN(C)C1CCN(c2ccc(C(F)(F)F)cc2NC(=O)c2cc(C#Cc3cnc(N)nc3)ccc2F)CC1,6.77,0.0,1
CHEMBL279,CN(C)CC#Cc1ccn2c(-c3cccc(NC(=O)NCC(F)(F)F)c3)cnc2c1,6.71,0.0,1
CHEMBL279,CN(C)CC(=O)N(C)c1ccc2[nH]c(-c3c(N)c4ccccc4[nH]c3=O)nc2c1,7.54,0.0,1
CHEMBL279,CN(C)CC(=O)N1CCC(c2cc(-c3cnc(N)c(-n4nnc5ccccc54)n3)n(C)n2)CC1,7.05,0.0,1
CHEMBL279,CN(C)CC(=O)N1CCC(c2cn(C)c(-c3cnc(N)c(-n4nnc5ccccc54)n3)n2)CC1,5.18,0.0,1
CHEMBL279,CN(C)CC(=O)N1CCC(c2nc(-c3cnc(N)c(-n4nnc5ccccc54)n3)n(C)n2)CC1,5.05,0.0,1
CHEMBL279,CN(C)CC(=O)N1CCC(c2nc(-c3cnc(N)c(-n4nnc5ccccc54)n3)nn2C)CC1,5.92,0.0,1
CHEMBL279,CN(C)CC(=O)N1CCC(n2cc(-c3cnc(N)c(-n4nnc5ccccc54)n3)cn2)CC1,7.54,0.0,1
CHEMBL279,CN(C)CC(=O)N1CCC(n2ccc(-c3cnc(N)c(-n4nnc5ccccc54)n3)n2)CC1,6.77,0.0,1
CHEMBL279,CN(C)CC(=O)N1CCC(n2ncc(-c3cnc(N)c(-n4nnc5ccccc54)n3)n2)CC1,6.68,0.0,1
CHEMBL279,CN(C)CC(C)(C)CNc1nccc(-c2cccnc2Oc2ccc(Nc3nc4ccccc4[nH]3)c3ccccc23)n1,5.0,0.0,1
CHEMBL279,CN(C)CCCCCCOc1cc2nccc(Oc3ccc(NC(=O)Nc4ccc(Cl)c(C(F)(F)F)c4)cc3)c2c2c1OCCO2,6.56,0.0,1
CHEMBL279,CN(C)CCCN(C)c1ccc(C(F)(F)F)cc1NC(=O)c1cc(C#Cc2cnc(N)nc2)ccc1F,7.96,0.0,1
CHEMBL279,CN(C)CCCNC(=O)c1csc2nc(-c3ccc(NC(=O)Nc4cc(C(C)(C)C)on4)cc3)cn12,5.61,0.0,1
CHEMBL279,CN(C)CCCNc1cncc(-c2cncc(Nc3cccc(Cl)c3)n2)c1,6.87,0.0,1
CHEMBL279,CN(C)CCCO/N=C/c1c(N)ncnc1Oc1ccc(NC(=O)C2(C(=O)Nc3ccc(F)cc3)CC2)cc1F,6.77,0.0,1
CHEMBL279,CN(C)CCCOc1ccc(-c2ccn3c(-c4cccc(NC(=O)NCC(F)(F)F)c4)cnc3c2)cn1,7.45,0.0,1
CHEMBL279,CN(C)CCCOc1ccc(-c2cnc3c(-c4ccnc5ccccc45)cnn3c2)cc1,5.69,0.0,1
CHEMBL279,CN(C)CCCOc1ccc(-c2cnc3c(-c4ccsc4)cnn3c2)cc1,8.0,0.0,1
CHEMBL279,CN(C)CCCOc1ccc(NC(=O)c2cccc(-c3cccc(O)c3)c2)cc1,6.2,0.0,1
CHEMBL279,CN(C)CCCOc1ccc(NC(=O)c2cccc(-c3cccc(O)c3)c2)cc1Cl,7.07,0.0,1
CHEMBL279,CN(C)CCCOc1ccc(NC(=O)c2cccc(-c3cccc(O)c3)c2)cc1F,7.84,0.0,1
CHEMBL279,CN(C)CCCc1cc(Nc2ncc3c(n2)-c2ccc(Cl)cc2NC(=S)C3)ccc1C(F)(F)F,7.29,0.0,1
CHEMBL279,CN(C)CCCc1cc(Nc2ncc3c(n2)-c2ccc(Cl)cc2NC(=S)C3)ccc1F,7.68,0.0,1
CHEMBL279,CN(C)CCCc1ccc(C(F)(F)F)c(Nc2ncc3c(n2)-c2ccc(Cl)cc2NC(=S)C3)c1,6.51,0.0,1
CHEMBL279,CN(C)CCCc1ccc(Cl)c(Nc2ncc3c(n2)-c2ccc(Cl)cc2NC(=S)C3)c1,7.25,0.0,1
CHEMBL279,CN(C)CCCc1ccc(OC(F)(F)F)c(Nc2ncc3c(n2)-c2ccc(Cl)cc2NC(=S)C3)c1,6.72,0.0,1
CHEMBL279,CN(C)CCCc1cccc(Nc2ncc3c(n2)-c2ccc(Cl)cc2NC(=S)C3)c1,8.0,0.0,1
CHEMBL279,CN(C)CCCc1cncc(Nc2ncc3c(n2)-c2ccc(Cl)cc2NC(=S)C3)c1,7.96,0.0,1
CHEMBL279,CN(C)CCCn1cc(-c2cncc(-c3ccsc3)c2)c2ccccc21,7.19,0.0,1
CHEMBL279,CN(C)CCN(C)C(=O)c1ccc(-c2cc3nccc(Oc4ccc(NC(=O)c5cnn(-c6ccccc6)c5C(F)(F)F)cc4F)c3s2)cc1,6.16,0.0,1
CHEMBL279,CN(C)CCNC(=O)Nc1ccc(N(C)c2ccnc(Nc3ccc(CS(C)(=O)=O)cc3)n2)cc1,5.51,0.0,1
CHEMBL279,CN(C)CCNC(=O)Nc1ccc(N(C)c2ccnc(Nc3cccc(CS(C)(=O)=O)c3)n2)cc1,6.17,0.0,1
CHEMBL279,CN(C)CCNC(=O)c1cncc(-c2cncc(Nc3cccc(Cl)c3)n2)c1,5.37,0.0,1
CHEMBL279,CN(C)CCNc1cncc(-c2cncc(Nc3cccc(Cl)c3)n2)c1,6.98,0.0,1
CHEMBL279,CN(C)CCOCCNC(=O)c1ccc2c(Cl)c(-c3nn(C(C)(C)C)c4ncnc(N)c34)[nH]c2c1,4.98,0.0,1
CHEMBL279,CN(C)CCOc1cc2ncnc(Oc3ccc(NC(=O)NC4CC4)c(Cl)c3)c2c2c1OCCO2,6.56,0.0,1
CHEMBL279,CN(C)CCOc1ccc(/C=C/c2cc(-c3cc4c(=O)[nH]cnc4[nH]3)ccn2)cc1,6.72,0.0,1
CHEMBL279,CN(C)CCOc1ccc(NC(=O)Nc2ccc(-c3cccc4[nH]nc(N)c34)cc2)cc1F,8.46,0.0,1
CHEMBL279,CN(C)CCOc1ccc(NC(=O)c2cccc(-c3cccc(O)c3)c2)cc1Cl,7.56,0.0,1
CHEMBL279,CN(C)CCOc1ccc(NC(=O)c2cccc(-c3cccc(O)c3)c2)cc1F,8.7,0.0,1
CHEMBL279,CN(C)CCOc1cccc2c(=O)c3ccc(Oc4cccc(C(=O)Nc5ccccc5)c4)cc3oc12,5.26,0.0,1
CHEMBL279,CN(C)CCc1ccc(Nc2ncc(Cl)c(-c3c[nH]c4ccccc34)n2)cc1,8.15,0.0,1
CHEMBL279,CN(C)CCc1ccc(Nc2ncc(Cl)c(-c3ccc(C(C)(C)N)cc3)n2)cc1,7.72,0.0,1
CHEMBL279,CN(C)CCc1ccc(Nc2ncc(Cl)c(-c3ccc4[nH]ccc4c3)n2)cc1,6.99,0.0,1
CHEMBL279,CN(C)CCc1ccc(Nc2ncc(Cl)c(-c3ccc4cc[nH]c4c3)n2)cc1,7.82,0.0,1
CHEMBL279,CN(C)CCc1ccc(Nc2ncc(Cl)c(-c3cccc4[nH]ccc34)n2)cc1,6.67,0.0,1
CHEMBL279,CN(C)CCc1ccc(Nc2ncc(Cl)c(-c3cccc4cc[nH]c34)n2)cc1,6.34,0.0,1
CHEMBL279,CN(C)CCc1ccc(Nc2ncc(Cl)c(-c3cccs3)n2)cc1,6.8,0.0,1
CHEMBL279,CN(C)CCc1ccc(Nc2ncc(Cl)c(-c3n[nH]c4ccccc34)n2)cc1,6.5,0.0,1
CHEMBL279,CN(C)CCn1cc(-c2cncc(-c3ccsc3)c2)c2ccccc21,6.94,0.0,1
CHEMBL279,CN(C)CCn1ccc(NC(=O)c2ccc3c(Cl)c(-c4nn(C(C)(C)C)c5ncnc(N)c45)[nH]c3c2)n1,7.18,0.0,1
CHEMBL279,CN(C)Cc1cc(C(=O)N[C@@H]2CCc3ccc(Oc4ccnc5c4CCC(=O)N5)cc3C2)cc(C(F)(F)F)c1,7.23,0.0,1
CHEMBL279,CN(C)Cc1ccc(/C=C/c2n[nH]c3cc(/C=C4/C(=O)Nc5ccccc54)ccc23)cc1,7.66,0.0,1
CHEMBL279,CN(C)Cc1ccc(/C=C/c2n[nH]c3cc([C@@H]4C[C@@]45C(=O)Nc4ccc(OC(F)F)cc45)ccc23)cc1,5.31,0.0,1
CHEMBL279,CN(C)Cc1ccc(/C=C/c2n[nH]c3cc([C@@H]4C[C@@]45C(=O)Nc4ccccc45)ccc23)cc1,6.96,0.0,1
CHEMBL279,CN(C)Cc1cnc(-c2ccn3c(-c4cccc(NC(=O)NCC(F)(F)F)c4)cnc3c2)nc1N,6.85,0.0,1
CHEMBL279,CN(C)S(=O)(=O)NCC1CCN(c2ccc(-c3ccn4c(-c5cccc(NC(=O)NCC(F)(F)F)c5)cnc4c3)cn2)CC1,7.46,0.0,1
CHEMBL279,CN(C)S(=O)(=O)c1ccc(Nc2nc(Cl)nc3cc4c(cc23)OCO4)cc1,4.63,0.0,1
CHEMBL279,CN(C)S(=O)(=O)n1ccnc1-c1ccnc(-c2ccn3c(-c4cccc(NC(=O)NCC(F)(F)F)c4)cnc3c2)n1,7.55,0.0,1
CHEMBL279,CN(C)[C@@H]1CCCN(c2ccc(C(F)(F)F)cc2NC(=O)c2cc(C#Cc3cnc(N)nc3)ccc2F)C1,6.09,0.0,1
CHEMBL279,CN(C)[C@@H]1CCN(c2ccc(C(F)(F)F)cc2NC(=O)c2cc(C#Cc3cnc(N)nc3)ccc2F)C1,6.05,0.0,1
CHEMBL279,CN(C)[C@H]1CCCN(c2ccc(C(F)(F)F)cc2NC(=O)c2cc(C#Cc3cnc(N)nc3)ccc2F)C1,5.99,0.0,1
CHEMBL279,CN(C)[C@H]1CCN(C(=O)c2ccc(-c3cc4nccc(Oc5ccc(NC(=O)c6cnn(-c7ccccc7)c6C(F)(F)F)cc5F)c4s3)cc2)C1,6.0,0.0,1
CHEMBL279,CN(C)[C@H]1CCN(c2ccc(C(F)(F)F)cc2NC(=O)c2cc(C#Cc3cnc(N)nc3)ccc2F)C1,5.52,0.0,1
CHEMBL279,CN(C)[C@H]1CCN(c2ccc3[nH]c(-c4c(N)c5ccccc5[nH]c4=O)nc3c2)C1,7.22,0.0,1
CHEMBL279,CN(C)c1c(-c2nc3ccccc3[nH]2)c(=O)[nH]c2ccccc12,6.07,0.0,1
CHEMBL279,CN(C)c1cc(-c2ccn3c(-c4cccc(NC(=O)NCC(F)(F)F)c4)cnc3c2)nc(C(F)(F)F)n1,6.55,0.0,1
CHEMBL279,CN(C)c1cc(Oc2ccc(NC(=O)Nc3cccc(C(F)(F)F)c3)cc2)ncn1,5.6,0.0,1
CHEMBL279,CN(C)c1ccc(-[n+]2cc3c4c(ccn3c2)c2ccccc2n4C)cc1,5.85,0.0,1
CHEMBL279,CN(C)c1ccc(-c2ccn3c(-c4cccc(NC(=O)NCC(F)(F)F)c4)cnc3c2)nn1,8.11,0.0,1
CHEMBL279,CN(C)c1ccc(/C=C2\N=C(c3ccc(Cl)cc3)N(c3ccc(C(=O)OCC(=O)Nc4ccc(S(=O)(=O)Nc5nccs5)cc4)cc3)C2=O)cc1,6.96,0.0,1
CHEMBL279,CN(C)c1ccc(/C=C2\N=C(c3ccc(Cl)cc3)N(c3ccc(C(=O)OCC(=O)Nc4ccc(S(N)(=O)=O)cc4)cc3)C2=O)cc1,6.44,0.0,1
CHEMBL279,CN(C)c1ccc(/C=C2\N=C(c3ccc(Cl)cc3)N(c3ccc(S(=O)(=O)NC(=N)N)cc3)C2=O)cc1,6.8,0.0,1
CHEMBL279,CN(C)c1ccc(/C=C2\N=C(c3ccc(Cl)cc3)N(c3ccc(S(=O)(=O)Nc4ncccn4)cc3)C2=O)cc1,7.16,0.0,1
CHEMBL279,CN(C)c1ccc(/C=C2\N=C(c3ccc(Cl)cc3)N(c3ccc(S(=O)(=O)Nc4nccs4)cc3)C2=O)cc1,7.0,0.0,1
CHEMBL279,CN(C)c1ccc(/C=C2\N=C(c3ccc(Cl)cc3)N(c3ccc(S(N)(=O)=O)cc3)C2=O)cc1,7.0,0.0,1
CHEMBL279,CN(C)c1ccc(/C=C2\N=C(c3ccccc3)N(c3ccc(C(=O)OCC(=O)Nc4ccc(S(N)(=O)=O)cc4)cc3)C2=O)cc1,7.7,0.0,1
CHEMBL279,CN(C)c1ccc(/C=C2\N=C(c3ccccc3)N(c3ccc(S(N)(=O)=O)cc3)C2=O)cc1,6.7,0.0,1
CHEMBL279,CN(C)c1ccc(/C=N/NC(=O)Cn2nc(Cc3ccc(Cl)cc3)c3ccccc3c2=O)cc1,10.64,0.0,1
CHEMBL279,CN(C)c1ccc(/C=N/NC(=O)c2cc3cc(Br)ccc3[nH]2)cc1,6.99,0.0,1
CHEMBL279,CN(C)c1ccc(C2CC(c3c(O)c4ccccc4oc3=O)=NN2c2nc(-c3ccccc3)c(/N=N/c3ccc(Cl)cc3)s2)cc1,6.369999999999999,1.555634918610405,2
CHEMBL279,CN(C)c1ccc(C2CC(c3cc4ccccc4oc3=O)=NN2c2nc(-c3ccccc3)c(/N=N/c3ccc(Cl)cc3)s2)cc1,7.47,0.0,1
CHEMBL279,CN(C)c1ccc(CCCCCn2c3c(c4cc(OCCc5ccc(O)cc5)ccc42)CC(N)CC3)cc1,5.9,0.0,1
CHEMBL279,CN(C)c1cccc(C(=O)Nc2ccc(F)c(Nc3ncccc3-c3ncnc4[nH]cnc34)c2F)c1,6.46,0.0,1
CHEMBL279,CN(C)c1cccc(N(CC2CC2)c2ccc3ncc(-c4cnn(C)c4)nc3c2)c1,6.2,0.0,1
CHEMBL279,CN(C)c1ccnc(-c2ccn3c(-c4cccc(NC(=O)NCC(F)(F)F)c4)cnc3c2)n1,6.42,0.0,1
CHEMBL279,CN(C)c1nc(-c2ccn3c(-c4cccc(NC(=O)NCC(F)(F)F)c4)cnc3c2)ncc1F,6.28,0.0,1
CHEMBL279,CN(C[C@@H]1COCCO1)S(=O)(=O)Nc1ccc2ccc3ncc(-c4cnn(C)c4)cc3c(=O)c2c1,7.36,0.0,1
CHEMBL279,CN(Cc1ccccc1)c1nc(O)nc(Nc2ccc3scnc3c2)n1,6.5,0.0,1
CHEMBL279,CN(c1ccc(Cl)c(CO)c1)c1ccnc(Nc2cc(N3CCOCC3)cc(N3CCOCC3)c2)n1,7.66,0.0,1
CHEMBL279,CN(c1ccc(Cl)cc1)c1ccnc(Nc2ccc(-c3nc4c(C(N)=O)cccc4[nH]3)cc2)n1,6.39,0.0,1
CHEMBL279,CN(c1ccc(Cl)cc1)c1ccnc(Nc2ccc(-c3nc4cc(F)c(F)cc4[nH]3)cc2)n1,6.37,0.0,1
CHEMBL279,CN(c1ccc(Cl)cc1)c1ccnc(Nc2ccc(C(=O)Nc3nc4c(C(N)=O)cccc4[nH]3)cc2)n1,6.45,0.0,1
CHEMBL279,CN(c1ccc(Cl)cc1)c1nnc(Cc2ccncc2)c2ccccc12,5.46,0.0,1
CHEMBL279,CN(c1ccc(F)c(NC(=O)c2cccc(OC(C)(C)C#N)c2Cl)c1)c1ccc2nc(NC(=O)C3CC3)sc2n1,8.52,0.5656854249492386,2
CHEMBL279,CN(c1ccc(N/C(S)=N/c2ccccc2)cc1)c1ccnc(Nc2cccc(CS(C)(=O)=O)c2)n1,6.93,0.0,1
CHEMBL279,CN(c1ccc(N2CCOCC2)c(F)c1)c1ccnc(Nc2ccc(C(=O)Nc3nc4ccccc4[nH]3)cc2)n1,6.14,0.0,1
CHEMBL279,CN(c1ccc(NC(=N)Nc2ccccc2)cc1)c1ccnc(Nc2cccc(CS(C)(=O)=O)c2)n1,6.49,0.0,1
CHEMBL279,CN(c1ccc(NC(=O)Cc2ccccc2)cc1)c1ccnc(Nc2cccc(CS(C)(=O)=O)c2)n1,6.75,0.0,1
CHEMBL279,CN(c1ccc(NC(=O)N2CCN(CCCN3CCOCC3)CC2)cc1)c1ccnc(Nc2ccc(CS(C)(=O)=O)cc2)n1,5.35,0.0,1
CHEMBL279,CN(c1ccc(NC(=O)NC2CCCC2)cc1)c1ccnc(Nc2cccc(CS(C)(=O)=O)c2)n1,7.51,0.0,1
CHEMBL279,CN(c1ccc(NC(=O)NCCN2CCOCC2)cc1)c1ccnc(Nc2ccc(CS(C)(=O)=O)cc2)n1,6.0,0.0,1
CHEMBL279,CN(c1ccc(NC(=O)NCCc2ccccc2)cc1)c1ccnc(Nc2cccc(CS(C)(=O)=O)c2)n1,7.96,0.0,1
CHEMBL279,CN(c1ccc(NC(=O)Nc2c(Cl)cccc2Cl)cc1)c1ccnc(Nc2cccc(CS(C)(=O)=O)c2)n1,7.19,0.0,1
CHEMBL279,CN(c1ccc(NC(=O)Nc2cc(C(F)(F)F)ccc2F)cc1)c1ccnc(Nc2ccc(CS(C)(=O)=O)cc2)n1,8.7,0.0,1
CHEMBL279,CN(c1ccc(NC(=O)Nc2cc(C(F)(F)F)ccc2F)cc1)c1ccnc(Nc2ccc(S(N)(=O)=O)cc2)n1,9.0,0.0,1
CHEMBL279,CN(c1ccc(NC(=O)Nc2cc(C(F)(F)F)ccc2F)cc1)c1ccnc(Nc2cccc(CS(C)(=O)=O)c2)n1,7.46,0.0,1
CHEMBL279,CN(c1ccc(NC(=O)Nc2cc(C(F)(F)F)ccc2F)cc1)c1ccnc(Nc2cccc(S(N)(=O)=O)c2)n1,9.0,0.0,1
CHEMBL279,CN(c1ccc(NC(=O)Nc2ccc(OC(F)(F)F)cc2)cc1)c1ccnc(Nc2ccc(S(N)(=O)=O)cc2)n1,8.7,0.0,1
CHEMBL279,CN(c1ccc(NC(=O)Nc2ccc(OC(F)(F)F)cc2)cc1)c1ccnc(Nc2cccc(CS(C)(=O)=O)c2)n1,8.22,0.0,1
CHEMBL279,CN(c1ccc(NC(=O)Nc2ccc(OC(F)(F)F)cc2)cc1)c1ccnc(Nc2cccc(S(N)(=O)=O)c2)n1,8.7,0.0,1
CHEMBL279,CN(c1ccc(NC(=O)Nc2cccc(C(F)(F)F)c2)c(F)c1)c1cc(NC(=O)C2CC2)ncn1,8.13,0.0,1
CHEMBL279,CN(c1ccc(NC(=O)Nc2ccccc2)cc1)c1ccnc(Nc2cccc(CS(C)(=O)=O)c2)n1,7.75,0.0,1
CHEMBL279,CN(c1ccc(NC(=O)Nc2ccccc2)cc1)c1ccnc(Nc2cccc(S(N)(=O)=O)c2)n1,8.3,0.0,1
CHEMBL279,CN(c1ccc(NC(=O)Oc2ccccc2)cc1)c1ccnc(Nc2cccc(CS(C)(=O)=O)c2)n1,7.02,0.0,1
CHEMBL279,CN(c1ccc(NS(=O)(=O)Cc2ccccc2)cc1)c1ccnc(Nc2cccc(CS(C)(=O)=O)c2)n1,6.57,0.0,1
CHEMBL279,CN(c1ccc2cn(C)nc2c1)c1ccnc(Nc2ccc(OC(F)(F)F)cc2)n1,7.92,0.0,1
CHEMBL279,CN(c1ccc2cn(C)nc2c1)c1ccnc(Nc2cccc(Cl)c2)n1,7.14,0.0,1
CHEMBL279,CN(c1ccc2cn(C)nc2c1)c1ccnc(Nc2cccc(F)c2)n1,7.03,0.0,1
CHEMBL279,CN(c1ccc2cn(C)nc2c1)c1ccnc(Nc2cccc(S(N)(=O)=O)c2)n1,8.12,0.0,1
CHEMBL279,CN(c1ccc2ncccc2c1)c1ccnc(Nc2ccc(-c3nc4c(C(N)=O)cccc4[nH]3)cc2)n1,6.18,0.0,1
CHEMBL279,CN(c1ccc2ncsc2c1)c1nc(O)nc(NC(C)(C)c2ccccc2)n1,5.8,0.0,1
CHEMBL279,CN(c1cccc(CO)c1)c1ccnc(Nc2cc(N3CCOCC3)cc(N3CCOCC3)c2)n1,6.85,0.0,1
CHEMBL279,CN(c1cccc(Cl)c1)c1ccnc(Nc2cc(N3CCOCC3)cc(N3CCOCC3)c2)n1,7.57,0.0,1
CHEMBL279,CN(c1ccccc1)c1ccnc(Nc2cc(N3CCOCC3)cc(N3CCOCC3)c2)n1,7.03,0.0,1
CHEMBL279,CN(c1ccnc(NC(=O)C2CC2)c1)c1ccc(NC(=O)Nc2cccc(C(F)(F)F)c2)c(F)c1,7.79,0.0,1
CHEMBL279,CN(c1ccnc(Nc2cc(N3CCOCC3)cc(N3CCOCC3)c2)n1)c1cccc2[nH]ncc12,6.62,0.0,1
CHEMBL279,CN(c1ccnc(Nc2ccc(-c3nc4ccccc4[nH]3)cc2)n1)c1cc(C(C)(C)C)n(C)n1,6.03,0.0,1
CHEMBL279,CN1C(=O)/C(=N\c2ccc(NC(=O)Nc3ccc(S(N)(=O)=O)cc3)cc2)c2cc(Cl)ccc21,6.58,0.0,1
CHEMBL279,CN1C(=O)C2(CC2)c2cc(NC(=O)Nc3ccc(Oc4ccnc(NC(=O)C5CC5)c4)cc3)ccc21,8.1,0.0,1
CHEMBL279,CN1C(=O)[C@@H](N2CCc3c(nn(Cc4ccccc4)c3Br)C2=O)COc2ccccc21,6.0,0.0,1
CHEMBL279,CN1C(=O)[C@@H](N2CCc3cn(CC4CCS(=O)(=O)CC4)nc3C2=O)COc2ccccc21,6.0,0.0,1
CHEMBL279,CN1C(=O)[C@@H](N2CCc3cn(Cc4ccccc4)nc3C2=O)COc2ccccc21,6.0,0.0,1
CHEMBL279,CN1C/C(=C\c2ccccn2)C(=O)/C(=C/c2ccccn2)C1,5.89,0.0,1
CHEMBL279,CN1CC(Oc2cc(NC(=O)Nc3ccc(Oc4ccnc(NC(=O)C5CC5)c4)cc3)cc(C(F)(F)F)c2)C1,7.75,0.0,1
CHEMBL279,CN1CC(n2cc(-c3ccn4c(-c5cccc(NC(=O)NCC(F)(F)F)c5)cnc4c3)cn2)C1,7.8,0.0,1
CHEMBL279,CN1CCC(C(=O)Nc2cc(NC(=O)Nc3ccc(Oc4ccnc(NC(=O)C5CC5)c4)c(F)c3)cc(C(F)(F)F)c2)CC1,7.78,0.0,1
CHEMBL279,CN1CCC(C(=O)c2cc(NC(=O)Nc3ccc(Oc4ccnc(NC(=O)C5CC5)c4)c(F)c3)cc(C(F)(F)F)c2)CC1,7.82,0.0,1
CHEMBL279,CN1CCC(COc2cc(OC3CCOCC3)c3c(Nc4c(Cl)ccc5c4OCO5)ncnc3c2)CC1,5.7,0.0,1
CHEMBL279,CN1CCC(Cc2ccc3c(c2)Cc2c(-c4csc(C#CCOc5ccccc5)c4)n[nH]c2-3)CC1,7.96,0.0,1
CHEMBL279,CN1CCC(Nc2cc(C(F)(F)F)cc(NC(=O)Nc3ccc(Oc4ccnc(NC(=O)C5CC5)c4)c(F)c3)n2)CC1,7.65,0.0,1
CHEMBL279,CN1CCC(Nc2cc(NC(=O)Nc3ccc(Oc4ccnc(NC(=O)C5CC5)c4)c(F)c3)cc(C(F)(F)F)c2)CC1,7.91,0.0,1
CHEMBL279,CN1CCC(Nc2cc(NC(=O)Nc3ccc(Oc4ccnc(NC(=O)C5CC5)c4)nc3)cc(C(F)(F)F)c2)CC1,8.21,0.0,1
CHEMBL279,CN1CCC(Nc2ccc(-c3ccn4c(-c5cccc(NC(=O)NCC(F)(F)F)c5)cnc4c3)nn2)CC1,7.89,0.0,1
CHEMBL279,CN1CCC(Nc2ccc(C(=O)Nc3cc(-c4cc(C#N)cs4)n[nH]3)cc2)CC1,5.2,0.0,1
CHEMBL279,CN1CCC(Nc2ccc(NC(=O)Nc3ccc(Oc4ccnc(NC(=O)C5CC5)c4)c(F)c3)cc2C(F)(F)F)CC1,7.92,0.0,1
CHEMBL279,CN1CCC(Nc2ccc3c(c2)/C(=C/c2cc4c([nH]2)CCN(C(=O)N2CCOCC2)C4)C(=O)N3)CC1,8.52,0.0,1
CHEMBL279,CN1CCC(O)(C#Cc2ccn3c(-c4cccc(NC(=O)NCC(F)(F)F)c4)cnc3c2)CC1,6.96,0.0,1
CHEMBL279,CN1CCC(Oc2cc(NC(=O)Nc3ccc(Oc4ccnc(NC(=O)C5CC5)c4)c(F)c3)cc(C(F)(F)F)c2)C1,8.09,0.0,1
CHEMBL279,CN1CCC(Oc2cc(NC(=O)Nc3ccc(Oc4ccnc(NC(=O)C5CC5)c4)c(F)c3)cc(C(F)(F)F)c2)CC1,7.51,0.0,1
CHEMBL279,CN1CCC(Oc2ccc(-c3n[nH]c4ccc(C(=O)NC(c5ccccn5)C5CCCC5)cc34)cc2)CC1,5.21,0.0,1
CHEMBL279,CN1CCC(Oc2ccc(-c3n[nH]c4ccc(C(=O)NC(c5ccsc5)C5CCCC5)cc34)cc2)CC1,5.54,0.0,1
CHEMBL279,CN1CCC(Oc2ccc(-c3n[nH]c4ccc(NC(=O)C(c5ccccn5)C5CCCC5)cc34)cc2)CC1,5.82,0.0,1
CHEMBL279,CN1CCC(Oc2ccc(NC(=O)Nc3ccc(Oc4ccnc(NC(=O)C5CC5)c4)c(F)c3)cc2C(F)(F)F)CC1,7.76,0.0,1
CHEMBL279,CN1CCC(Oc2ccc(NC(=O)c3cccc(N4CCc5nc(N)ncc5C4)c3)cc2)CC1,5.93,0.0,1
CHEMBL279,CN1CCC(c2cc(NC(=O)Nc3ccc(Oc4ccnc(NC(=O)C5CC5)c4)cc3)cc(C(F)(F)F)c2)CC1,8.02,0.0,1
CHEMBL279,CN1CCC(c2cc(NC(=O)Nc3ccc(Oc4ccnc(NC(=O)C5CC5)c4)cn3)cc(C(F)(F)F)c2)CC1,8.11,0.0,1
CHEMBL279,CN1CCC(c2ccc(NC(=O)Nc3ccc(Oc4ccnc(NC(=O)C5CC5)c4)c(F)c3)cc2C(F)(F)F)CC1,7.81,0.0,1
CHEMBL279,CN1CCC(n2cc(-c3ccn4c(-c5cccc(NC(=O)NCC(F)(F)F)c5)cnc4c3)cn2)CC1,7.87,0.0,1
CHEMBL279,CN1CCC(n2cc(-c3cnc(N)c4c(-c5ccc(NC(=O)Nc6cccc(F)c6)cc5)csc34)cn2)C1=O,8.22,0.0,1
CHEMBL279,CN1CCC(n2nc(-c3[nH]c4cc(C(=O)NC5CC5)ccc4c3Cl)c3c(N)ncnc32)CC1,5.28,0.0,1
CHEMBL279,CN1CCC2=C1C1C(=O)NC(c3ccccc3)=NC1S2,6.9,0.0,1
CHEMBL279,CN1CCCC(/N=C/C(C=N)c2ccn3c(-c4cccc(NC(=O)NCC(F)(F)F)c4)cnc3c2)C1,7.89,0.0,1
CHEMBL279,CN1CCCC(Oc2cccc3[nH]c(=O)c(-c4nc5ccccc5[nH]4)c(N)c23)C1,8.3,0.0,1
CHEMBL279,CN1CCCC1CCNc1nccc(-c2cccnc2Oc2ccc(Nc3nc4ccccc4[nH]3)c3ccccc23)n1,5.69,0.0,1
CHEMBL279,CN1CCCN(c2ccc3[nH]c(-c4c(N)c5ccccc5[nH]c4=O)nc3c2)CC1,7.18,0.0,1
CHEMBL279,CN1CCN(C(=O)c2cc3c(-c4ccccc4)[nH]nc3s2)CC1,5.4,0.0,1
CHEMBL279,CN1CCN(C(=O)c2ccc(NC(=O)Nc3ccc(N(C)c4ccnc(Nc5ccc(CS(C)(=O)=O)cc5)n4)cc3)cc2)CC1,6.82,0.0,1
CHEMBL279,CN1CCN(C(=O)c2ccc3[nH]c(-c4c(N)c5ccccc5[nH]c4=O)nc3c2)CC1,7.58,0.0,1
CHEMBL279,CN1CCN(C(=O)c2ccc3[nH]c(-c4cc5ccccc5nc4O)cc3c2)CC1,8.3,0.0,1
CHEMBL279,CN1CCN(C(=O)c2ccc3c(c2)C(=C(c2ccccc2)c2nc4ccccc4[nH]2)C(=O)N3)CC1,6.8,0.0,1
CHEMBL279,CN1CCN(C(=O)c2ccc3c(c2)Cc2c(-c4csc(C#CCOc5ccccc5)c4)n[nH]c2-3)CC1,7.36,0.0,1
CHEMBL279,CN1CCN(C2CCN(C(=O)Nc3cc(Oc4ccc(NC(=O)C5(C(=O)Nc6ccc(F)cc6)CC5)c(F)c4)ccn3)CC2)CC1,7.4,0.0,1
CHEMBL279,CN1CCN(CC(=O)N(C)c2ccc(N/C(=C3\C(=O)Nc4cc(-c5ccco5)ccc43)c3ccccc3)cc2)CC1,8.03,0.0,1
CHEMBL279,CN1CCN(CC(=O)N(C)c2ccc(N/C(=C3\C(=O)Nc4cc(-c5cnco5)ccc43)c3ccccc3)cc2)CC1,8.1,0.0,1
CHEMBL279,CN1CCN(CC(=O)N(C)c2ccc(N/C(=C3\C(=O)Nc4cc(-c5ncon5)ccc43)c3ccccc3)cc2)CC1,8.34,0.0,1
CHEMBL279,CN1CCN(CC(=O)N(C)c2ccc(N/C(=C3\C(=O)Nc4cc(-c5nnco5)ccc43)c3ccccc3)cc2)CC1,8.4,0.0,1
CHEMBL279,CN1CCN(CC(=O)N(C)c2ccc(N/C(=C3\C(=O)Nc4cc(-c5nnn(C)n5)ccc43)c3ccccc3)cc2)CC1,8.31,0.0,1
CHEMBL279,CN1CCN(CC(=O)N(C)c2ccc(N/C(=C3\C(=O)Nc4cc(-n5nccn5)ccc43)c3ccccc3)cc2)CC1,8.72,0.0,1
CHEMBL279,CN1CCN(CC(=O)N(C)c2ccc(N/C(=C3\C(=O)Nc4cc(OC(F)(F)F)ccc43)c3ccccc3)cc2)CC1,7.47,0.0,1
CHEMBL279,CN1CCN(CC(=O)N2CCc3nc(-c4cc5c(F)cccc5[nH]c4=O)[nH]c3C2)CC1,5.98,0.0,1
CHEMBL279,CN1CCN(CC(=O)N2CCc3nc(-c4cc5cc(Cl)ccc5[nH]c4=O)[nH]c3C2)CC1,7.72,0.0,1
CHEMBL279,CN1CCN(CC(=O)N2CCc3nc(-c4cc5cc(F)ccc5[nH]c4=O)[nH]c3C2)CC1,7.89,0.0,1
CHEMBL279,CN1CCN(CC(=O)N2CCc3nc(-c4cc5ccccc5[nH]c4=O)[nH]c3C2)CC1,6.52,0.0,1
CHEMBL279,CN1CCN(CC(=O)Nc2cccc3c2Cc2c-3n[nH]c2-c2ccsc2)CC1,6.04,0.0,1
CHEMBL279,CN1CCN(CC(=O)Nc2cccc3c2Cc2c-3n[nH]c2-c2csc(C#CCOc3ccccc3)c2)CC1,8.0,0.0,1
CHEMBL279,CN1CCN(CCCNc2cc3nc(N)c(-c4c(Cl)cccc4Cl)cc3cn2)CC1,5.75,0.0,1
CHEMBL279,CN1CCN(CCCNc2cc3nc(N)c(-c4ccccc4)cc3cn2)CC1,5.54,0.0,1
CHEMBL279,CN1CCN(CCCNc2cc3nc(NC(=O)NC(C)(C)C)c(-c4c(Cl)cccc4Cl)cc3cn2)CC1,7.85,0.0,1
CHEMBL279,CN1CCN(CCCNc2cc3nc(NC(=O)NC(C)(C)C)c(-c4ccccc4)cc3cn2)CC1,7.27,0.0,1
CHEMBL279,CN1CCN(CCCNc2cc3nc(NCCCN4CCN(C)CC4)c(-c4ccccc4)cc3cn2)CC1,5.06,0.0,1
CHEMBL279,CN1CCN(CCCNc2cncc(-c3cncc(Nc4cccc(Cl)c4)n3)c2)CC1,6.91,0.0,1
CHEMBL279,CN1CCN(CCCOc2cc(OC3CCOCC3)c3c(Nc4c(Cl)ccc5c4OCO5)ncnc3c2)CC1,6.0,0.0,1
CHEMBL279,CN1CCN(CCCn2cc(-c3cncc(-c4ccsc4)c3)c3ccccc32)CC1,7.8,0.0,1
CHEMBL279,CN1CCN(CCCn2ccc(-c3cnc4c(-c5ccccc5)cnn4c3)cc2=O)CC1,7.89,0.0,1
CHEMBL279,CN1CCN(CCCn2ccc(-c3cnc4c(-c5ccsc5)cnn4c3)cc2=O)CC1,8.15,0.0,1
CHEMBL279,CN1CCN(CCOc2cc(OC3CCOCC3)c3c(Nc4c(Cl)ccc5c4OCO5)ncnc3c2)CC1,4.68,0.0,1
CHEMBL279,CN1CCN(CCOc2cc3ncnc(Nc4ccc(NC(=O)NC5CC5)c(Cl)c4)c3c3c2OCCO3)CC1,6.56,0.0,1
CHEMBL279,CN1CCN(CCc2ccc(Nc3ncc(C#N)c(-c4ccc(C(C)(C)N)cc4)n3)cc2)CC1,7.68,0.0,1
CHEMBL279,CN1CCN(CCc2ccc(Nc3ncc(Cl)c(-c4c[nH]c5ccccc45)n3)cc2)CC1,8.15,0.0,1
CHEMBL279,CN1CCN(CCc2ccc(Nc3ncc(Cl)c(-c4ccc(C(C)(C)N)cc4)n3)cc2)CC1,7.12,0.0,1
CHEMBL279,CN1CCN(CCc2ccc3c(c2)Cc2c(-c4csc(C#CCOc5ccccc5)c4)n[nH]c2-3)CC1,8.3,0.0,1
CHEMBL279,CN1CCN(CCn2ccc(NC(=O)c3ccc4c(Cl)c(-c5nn(C(C)(C)C)c6ncnc(N)c56)[nH]c4c3)n2)CC1,6.85,0.0,1
CHEMBL279,CN1CCN(Cc2cc(NC(=O)Nc3ccc(Oc4ccnc(NC(=O)C5CC5)c4)c(F)c3)cc(C(F)(F)F)c2)CC1,7.79,0.0,1
CHEMBL279,CN1CCN(Cc2cc(NC(=O)Nc3ccc(Oc4ccnc(NC(=O)C5CC5)c4)cc3)cc(C(F)(F)F)c2)CC1,7.92,0.0,1
CHEMBL279,CN1CCN(Cc2ccc(-c3[nH]nc4c3Cc3ccccc3-4)cc2)CC1,5.85,0.0,1
CHEMBL279,CN1CCN(Cc2ccc(/C=C/c3n[nH]c4cc([C@@H]5C[C@@]56C(=O)Nc5ccccc56)ccc34)cc2)CC1,6.92,0.0,1
CHEMBL279,CN1CCN(Cc2ccc(C(=O)Nc3cc(-c4ccc(CNC(=O)OCc5ccccc5)cc4)n[nH]3)cc2)CC1,6.77,0.0,1
CHEMBL279,CN1CCN(Cc2ccc(NC(=O)Nc3ccc(N(C)c4ccnc(Nc5ccc(CS(C)(=O)=O)cc5)n4)cc3)cc2)CC1,8.4,0.0,1
CHEMBL279,CN1CCN(Cc2ccc(NC(=O)[C@@H]3CCN(c4ccc5ncc(-c6ccccn6)n5n4)C3)cc2C(F)(F)F)CC1,7.15,0.0,1
CHEMBL279,CN1CCN(Cc2ccc(NC(=O)c3ccc(Cl)c(C#Cc4cncc(N5CCOCC5)c4)c3)cc2C(F)(F)F)CC1,7.31,0.0,1
CHEMBL279,CN1CCN(Cc2ccc(NC(=O)c3ccc(Cl)c(C#Cc4cncc5ccccc45)c3)cc2C(F)(F)F)CC1,7.04,0.0,1
CHEMBL279,CN1CCN(Cc2ccc(NC(=O)c3ccc(F)c(C#Cc4cncc5ccccc45)c3)cc2C(F)(F)F)CC1,8.26,0.0,1
CHEMBL279,CN1CCN(Cc2ccc(NC(=O)c3cccc(C#Cc4cncc5ccccc45)c3)cc2C(F)(F)F)CC1,8.6,0.0,1
CHEMBL279,CN1CCN(Cc2ccc(NC(=O)c3ccnc(C#Cc4cncc5ccccc45)c3)cc2C(F)(F)F)CC1,8.19,0.0,1
CHEMBL279,CN1CCN(Cc2ccc(NC(=O)c3cncc(C#Cc4cncc5ccccc45)c3)cc2C(F)(F)F)CC1,8.59,0.0,1
CHEMBL279,CN1CCN(Cc2ccc(NC(=O)c3n[nH]cc3Nc3ncnc4sccc34)cc2)CC1,7.46,0.0,1
CHEMBL279,CN1CCN(Cc2ccc3[nH]c(-c4c(N)c5ccccc5[nH]c4=O)nc3c2)CC1,7.57,0.0,1
CHEMBL279,CN1CCN(Cc2ccc3c(c2)-c2[nH]nc(-c4ccc(CNC(=O)Nc5ccccc5)s4)c2C3)CC1,6.74,0.0,1
CHEMBL279,CN1CCN(Cc2ccc3c(c2)-c2[nH]nc(-c4ccccc4)c2C3)CC1,6.22,0.0,1
CHEMBL279,CN1CCN(Cc2ccc3c(c2)-c2[nH]nc(-c4ccsc4)c2C3)CC1,6.75,0.0,1
CHEMBL279,CN1CCN(Cc2ccc3c(c2)-c2[nH]nc(-c4csc(C#CCOc5ccccc5)c4)c2C3)CC1,7.38,0.0,1
CHEMBL279,CN1CCN(Cc2ccc3c(c2)-c2n[nH]c(-c4ccc(CN(C)C(=O)Nc5ccc(Br)cc5)s4)c2C3)CC1,7.72,0.0,1
CHEMBL279,CN1CCN(Cc2ccc3c(c2)-c2n[nH]c(-c4ccc(CN(C)C(=O)Nc5ccc(Cl)c(Cl)c5)s4)c2C3)CC1,7.75,0.0,1
CHEMBL279,CN1CCN(Cc2ccc3c(c2)-c2n[nH]c(-c4ccc(CN(C)C(=O)Nc5ccc(Cl)cc5)s4)c2C3)CC1,7.68,0.0,1
CHEMBL279,CN1CCN(Cc2ccc3c(c2)-c2n[nH]c(-c4ccc(CN(C)C(=O)Nc5ccc(F)cc5)s4)c2C3)CC1,7.8,0.0,1
CHEMBL279,CN1CCN(Cc2ccc3c(c2)-c2n[nH]c(-c4ccc(CN(C)C(=O)Nc5ccc(OC(F)(F)F)cc5)s4)c2C3)CC1,7.77,0.0,1
CHEMBL279,CN1CCN(Cc2ccc3c(c2)-c2n[nH]c(-c4ccc(CN(C)C(=O)Nc5cccc(C(F)(F)F)c5)s4)c2C3)CC1,7.96,0.0,1
CHEMBL279,CN1CCN(Cc2ccc3c(c2)-c2n[nH]c(-c4ccc(CN(C)C(=O)Nc5cccc(Cl)c5)s4)c2C3)CC1,7.92,0.0,1
CHEMBL279,CN1CCN(Cc2ccc3c(c2)Cc2c(-c4cc(C#CCOc5ccccc5)cs4)n[nH]c2-3)CC1,7.3,0.0,1
CHEMBL279,CN1CCN(Cc2ccc3c(c2)Cc2c(-c4ccc(C#CCOc5ccccc5)cc4)n[nH]c2-3)CC1,6.02,0.0,1
CHEMBL279,CN1CCN(Cc2ccc3c(c2)Cc2c(-c4ccc(C#CCOc5ccccc5)s4)n[nH]c2-3)CC1,7.66,0.0,1
CHEMBL279,CN1CCN(Cc2ccc3c(c2)Cc2c(-c4ccc(CNC(=O)Nc5cc(Cl)cc(Cl)c5)s4)n[nH]c2-3)CC1,7.1,0.0,1
CHEMBL279,CN1CCN(Cc2ccc3c(c2)Cc2c(-c4ccc(CNC(=O)Nc5ccc(C(F)(F)F)cc5)s4)n[nH]c2-3)CC1,6.55,0.0,1
CHEMBL279,CN1CCN(Cc2ccc3c(c2)Cc2c(-c4ccc(CNC(=O)Nc5cccc(C(F)(F)F)c5)s4)n[nH]c2-3)CC1,7.47,0.0,1
CHEMBL279,CN1CCN(Cc2ccc3c(c2)Cc2c(-c4ccc(CNC(=O)Nc5ccccc5C(F)(F)F)s4)n[nH]c2-3)CC1,5.54,0.0,1
CHEMBL279,CN1CCN(Cc2ccc3c(c2)Cc2c(-c4ccc(CNC(=O)Nc5ccccc5Cl)s4)n[nH]c2-3)CC1,6.7,0.0,1
CHEMBL279,CN1CCN(Cc2ccc3c(c2)Cc2c(-c4ccc(CNC(=O)Oc5ccccc5)s4)n[nH]c2-3)CC1,4.62,0.0,1
CHEMBL279,CN1CCN(Cc2ccc3c(c2)Cc2c(-c4ccc(O)cc4)n[nH]c2-3)CC1,6.3,0.0,1
CHEMBL279,CN1CCN(Cc2ccc3c(c2)Cc2c(-c4cccc(C#CCOc5ccccc5)c4)n[nH]c2-3)CC1,6.97,0.0,1
CHEMBL279,CN1CCN(Cc2ccc3c(c2)Cc2c(-c4ccccc4)n[nH]c2-3)CC1,6.155,0.007071067811865324,2
CHEMBL279,CN1CCN(Cc2ccc3c(c2)Cc2c(-c4cccnc4)n[nH]c2-3)CC1,5.04,0.0,1
CHEMBL279,CN1CCN(Cc2ccc3c(c2)Cc2c(-c4cccs4)n[nH]c2-3)CC1,5.98,0.0,1
CHEMBL279,CN1CCN(Cc2ccc3c(c2)Cc2c(-c4ccsc4)n[nH]c2-3)CC1,6.4,0.0,1
CHEMBL279,CN1CCN(Cc2ccc3c(c2)Cc2c(-c4cncs4)n[nH]c2-3)CC1,5.55,0.0,1
CHEMBL279,CN1CCN(Cc2ccc3c(c2)Cc2c(-c4csc(C#CCC(C)(C)O)c4)n[nH]c2-3)CC1,5.62,0.0,1
CHEMBL279,CN1CCN(Cc2ccc3c(c2)Cc2c(-c4csc(C#CCCO)c4)n[nH]c2-3)CC1,8.1,0.0,1
CHEMBL279,CN1CCN(Cc2ccc3c(c2)Cc2c(-c4csc(C#CCCOc5ccccc5)c4)n[nH]c2-3)CC1,7.07,0.0,1
CHEMBL279,CN1CCN(Cc2ccc3c(c2)Cc2c(-c4csc(C#CCCc5ccccc5)c4)n[nH]c2-3)CC1,7.32,0.0,1
CHEMBL279,CN1CCN(Cc2ccc3c(c2)Cc2c(-c4csc(C#CCNC(=O)Nc5ccccc5)c4)n[nH]c2-3)CC1,7.96,0.0,1
CHEMBL279,CN1CCN(Cc2ccc3c(c2)Cc2c(-c4csc(C#CCNC(=O)Oc5ccccc5)c4)n[nH]c2-3)CC1,7.42,0.0,1
CHEMBL279,CN1CCN(Cc2ccc3c(c2)Cc2c(-c4csc(C#CCNC(=O)c5ccccc5)c4)n[nH]c2-3)CC1,8.52,0.0,1
CHEMBL279,CN1CCN(Cc2ccc3c(c2)Cc2c(-c4csc(C#CCNS(=O)(=O)c5ccccc5)c4)n[nH]c2-3)CC1,7.35,0.0,1
CHEMBL279,CN1CCN(Cc2ccc3c(c2)Cc2c(-c4csc(C#CCNc5ccccc5)c4)n[nH]c2-3)CC1,7.44,0.0,1
CHEMBL279,CN1CCN(Cc2ccc3c(c2)Cc2c(-c4csc(C#CCOCC(N)=O)c4)n[nH]c2-3)CC1,5.1,0.0,1
CHEMBL279,CN1CCN(Cc2ccc3c(c2)Cc2c(-c4csc(C#CCOc5ccc(CN6CCOCC6)cc5)c4)n[nH]c2-3)CC1,7.08,0.0,1
CHEMBL279,CN1CCN(Cc2ccc3c(c2)Cc2c(-c4csc(C#CCOc5ccc(Cl)cc5)c4)n[nH]c2-3)CC1,7.11,0.0,1
CHEMBL279,CN1CCN(Cc2ccc3c(c2)Cc2c(-c4csc(C#CCOc5cccc(Cl)c5)c4)n[nH]c2-3)CC1,7.44,0.0,1
CHEMBL279,CN1CCN(Cc2ccc3c(c2)Cc2c(-c4csc(C#CCOc5ccccc5)c4)n[nH]c2-3)C(=O)C1,8.15,0.0,1
CHEMBL279,CN1CCN(Cc2ccc3c(c2)Cc2c(-c4csc(C#CCOc5ccccc5)c4)n[nH]c2-3)CC1,8.22,0.0,1
CHEMBL279,CN1CCN(Cc2ccc3c(c2)Cc2c(-c4csc(C#CCOc5ccccc5)c4)n[nH]c2-3)CC1=O,7.96,0.0,1
CHEMBL279,CN1CCN(Cc2ccc3c(c2)Cc2c(-c4csc(C#CCOc5ccccc5Cl)c4)n[nH]c2-3)CC1,7.0,0.0,1
CHEMBL279,CN1CCN(Cc2ccc3c(c2)Cc2c(-c4csc(C#CCOc5cccnc5)c4)n[nH]c2-3)CC1,7.27,0.0,1
CHEMBL279,CN1CCN(Cc2ccc3c(c2)Cc2c(-c4csc(CNS(=O)(=O)c5ccccc5)c4)n[nH]c2-3)CC1,4.64,0.0,1
CHEMBL279,CN1CCN(Cc2ccc3c(c2)Cc2c(-c4cscn4)n[nH]c2-3)CC1,5.13,0.0,1
CHEMBL279,CN1CCN(Cc2ccc3c(c2)Cc2c(-c4nccs4)n[nH]c2-3)CC1,4.78,0.0,1
CHEMBL279,CN1CCN(Cc2ccc3c(c2)Cc2c-3n[nH]c2-c2ccc(CN(C)C(=O)Nc3cc(F)cc(C(F)(F)F)c3)s2)CC1,7.7,0.0,1
CHEMBL279,CN1CCN(Cc2ccc3c(c2)Cc2c-3n[nH]c2-c2ccc(CN(C)C(=O)Nc3cccc(OC(F)(F)F)c3)s2)CC1,7.57,0.0,1
CHEMBL279,CN1CCN(Cc2ccc3c(c2)Cc2c-3n[nH]c2-c2ccc(CN(C)C(=O)Nc3ccccc3Cl)s2)CC1,6.75,0.0,1
CHEMBL279,CN1CCN(Cc2cccc(-c3[nH]nc4c3Cc3ccccc3-4)c2)CC1,5.47,0.0,1
CHEMBL279,CN1CCN(Cc2cccc3c2Cc2c(-c4ccccc4)n[nH]c2-3)CC1,4.85,0.0,1
CHEMBL279,CN1CCN(S(=O)(=O)c2ccc3[nH]c(-c4cc5ccccc5nc4O)cc3c2)CC1,8.0,0.0,1
CHEMBL279,CN1CCN(S(=O)(=O)c2ccc3c(c2)C(=C(c2ccccc2)c2nc4ccccc4[nH]2)C(=O)N3)CC1,5.71,0.0,1
CHEMBL279,CN1CCN([C@H]2CC(F)(F)c3cc(NC(=O)c4ccc(F)c(C#Cc5cncc(N6CCC6)c5)c4)ccc32)CC1,8.12,0.0,1
CHEMBL279,CN1CCN([C@H]2CC(F)(F)c3cc(NC(=O)c4ccc(F)c(C#Cc5cncc(N6CCOCC6)c5)c4)ccc32)CC1,8.33,0.0,1
CHEMBL279,CN1CCN([C@H]2CC[C@@H](n3cc(-c4ccc(Oc5ccccc5)cc4)c4c(N)ncnc43)CC2)CC1,5.92,0.0,1
CHEMBL279,CN1CCN([C@H]2CC[C@H](n3cc(-c4ccc(Oc5ccccc5)cc4)c4c(N)ncnc43)CC2)CC1,5.445,0.6717514421272206,2
CHEMBL279,CN1CCN([C@H]2CC[C@H](n3nc(-c4ccc(NCc5cc6ccccc6[nH]5)cc4)c4c(N)ncnc43)CC2)CC1,6.36,0.0,1
CHEMBL279,CN1CCN([C@H]2CC[C@H](n3nc(-c4ccc(Nc5ccccc5)cc4)c4c(N)ncnc43)CC2)CC1,5.42,0.0,1
CHEMBL279,CN1CCN([C@H]2CC[C@H](n3nc(-c4ccc(Oc5ccccc5)cc4)c4c(N)ncnc43)CC2)CC1,5.27,0.0,1
CHEMBL279,CN1CCN(c2cc(C(=O)Nc3ccc(F)c(Nc4ncccc4-c4ncnc5[nH]cnc45)c3F)cc(C(F)(F)F)c2)CC1,5.33,0.0,1
CHEMBL279,CN1CCN(c2cc(C(F)(F)F)cc(NC(=O)Nc3ccc(Oc4ccnc(NC(=O)C5CC5)c4)c(F)c3)n2)CC1,7.83,0.0,1
CHEMBL279,CN1CCN(c2cc(Nc3ncc(C#N)s3)ncn2)CC1,8.0,0.0,1
CHEMBL279,CN1CCN(c2ccc(-c3ccn4c(-c5cccc(NC(=O)NCC(F)(F)F)c5)cnc4c3)nn2)CC1,7.88,0.0,1
CHEMBL279,CN1CCN(c2ccc(-c3cnc4c(-c5ccnc6ccccc56)cnn4c3)cc2)CC1,5.82,0.0,1
CHEMBL279,CN1CCN(c2ccc(-c3cnn4c(N)c(-c5ccc(NC(=O)CCC6CCCC6)cc5)cnc34)cc2)CC1,5.99,0.0,1
CHEMBL279,CN1CCN(c2ccc(-c3cnn4c(N)c(-c5ccc(NC(=O)N(C)C6CCCCC6)cc5)cnc34)cc2)CC1,6.36,0.0,1
CHEMBL279,CN1CCN(c2ccc(-c3cnn4c(N)c(-c5ccc(NC(=O)Oc6ccccc6)cc5)cnc34)cc2)CC1,6.0,0.0,1
CHEMBL279,CN1CCN(c2ccc(-c3cnn4c(N)c(-c5ccc(NC(=O)c6ccc(C(F)(F)F)cc6)cc5)cnc34)cc2)CC1,5.08,0.0,1
CHEMBL279,CN1CCN(c2ccc(-c3cnn4c(N)c(-c5ccc(O)cc5)cnc34)cc2)CC1,5.89,0.0,1
CHEMBL279,CN1CCN(c2ccc(-c3cnn4c(N)c(-c5cccc(O)c5)cnc34)cc2)CC1,7.02,0.0,1
CHEMBL279,CN1CCN(c2ccc(C(=O)Nc3cc(-c4ccc(CNC(=O)OCc5ccccc5)cc4)n[nH]3)cc2)CC1,7.0,0.0,1
CHEMBL279,CN1CCN(c2ccc(C(=O)Nc3cc(-c4ccc(CNC(=O)OCc5cccnc5)cc4)n[nH]3)cc2)CC1,6.66,0.0,1
CHEMBL279,CN1CCN(c2ccc(C(=O)Nc3cc(-c4ccc(CNC(=O)Oc5ccccc5)cc4)n[nH]3)cc2)CC1,7.04,0.0,1
CHEMBL279,CN1CCN(c2ccc(C(=O)Nc3cc(-c4ccc(NC(=O)OCc5ccccc5)cc4)n[nH]3)cc2)CC1,7.32,0.0,1
CHEMBL279,CN1CCN(c2ccc(C(=O)Nc3cc(-c4ccc(NC(=O)Oc5ccccc5)cc4)n[nH]3)cc2)CC1,6.75,0.0,1
CHEMBL279,CN1CCN(c2ccc(C(F)(F)F)cc2NC(=O)c2cc(C#Cc3cnc(N)nc3)ccc2F)CC1,5.96,0.0,1
CHEMBL279,CN1CCN(c2ccc(Nc3ncc(NC(=O)c4cc(NC(=O)c5ccc6c(c5)OC(F)(F)O6)ccc4Cl)cn3)cc2)CC1,7.89,0.0,1
CHEMBL279,CN1CCN(c2ccc(Nc3ncc4c(=O)n(-c5c(Cl)cc(Cl)cc5Cl)c5nc6ccccc6n5c4n3)cc2)CC1,6.32,0.0,1
CHEMBL279,CN1CCN(c2ccc(Nc3ncc4c(=O)n(-c5c(Cl)cccc5Cl)c5nc6ccccc6n5c4n3)cc2)CC1,6.28,0.0,1
CHEMBL279,CN1CCN(c2ccc(Nc3ncc4nc(Nc5ccccc5)n(C5CCCC5)c4n3)cc2)CC1,7.7,0.0,1
CHEMBL279,CN1CCN(c2ccc(Nc3nccc(-c4cnn5ncccc45)n3)cc2)CC1,6.4,0.0,1
CHEMBL279,CN1CCN(c2ccc3[nH]c(-c4c(N)c5c(Cl)cccc5[nH]c4=O)nc3c2)CC1,7.85,0.0,1
CHEMBL279,CN1CCN(c2ccc3[nH]c(-c4c(N)c5c(F)cc(F)cc5[nH]c4=O)nc3c2)CC1,6.89,0.0,1
CHEMBL279,CN1CCN(c2ccc3[nH]c(-c4c(N)c5cc(C(=O)NCc6ccccc6)ccc5[nH]c4=O)nc3c2)CC1,7.3,0.0,1
CHEMBL279,CN1CCN(c2ccc3[nH]c(-c4c(N)c5cc(Cl)ccc5[nH]c4=O)nc3c2)CC1,7.37,0.0,1
CHEMBL279,CN1CCN(c2ccc3[nH]c(-c4c(N)c5cc(F)c(F)cc5[nH]c4=O)nc3c2)CC1,6.72,0.0,1
CHEMBL279,CN1CCN(c2ccc3[nH]c(-c4c(N)c5cc(F)c(N(C)C)cc5[nH]c4=O)nc3c2)CC1,5.28,0.0,1
CHEMBL279,CN1CCN(c2ccc3[nH]c(-c4c(N)c5cc(F)ccc5[nH]c4=O)nc3c2)CC1,7.11,0.0,1
CHEMBL279,CN1CCN(c2ccc3[nH]c(-c4c(N)c5cc(N(C)C)ccc5[nH]c4=O)nc3c2)CC1,6.8,0.0,1
CHEMBL279,CN1CCN(c2ccc3[nH]c(-c4c(N)c5cc(N)ccc5[nH]c4=O)nc3c2)CC1,7.72,0.0,1
CHEMBL279,CN1CCN(c2ccc3[nH]c(-c4c(N)c5cc(NC(=O)c6ccccc6)ccc5[nH]c4=O)nc3c2)CC1,6.01,0.0,1
CHEMBL279,CN1CCN(c2ccc3[nH]c(-c4c(N)c5cc(NCc6ccccc6)ccc5[nH]c4=O)nc3c2)CC1,7.68,0.0,1
CHEMBL279,CN1CCN(c2ccc3[nH]c(-c4c(N)c5ccc(F)cc5[nH]c4=O)nc3c2)CC1,7.85,0.0,1
CHEMBL279,CN1CCN(c2ccc3[nH]c(-c4c(N)c5cccc(F)c5[nH]c4=O)nc3c2)CC1,6.25,0.0,1
CHEMBL279,CN1CCN(c2ccc3[nH]c(-c4c(N)c5ccccc5[nH]c4=O)nc3c2)CC1,7.38,0.0,1
CHEMBL279,CN1CCN(c2ccc3[nH]c(-c4n[nH]c5ncc(-c6cncc7ccccc67)cc45)nc3c2)CC1,6.0,0.0,1
CHEMBL279,CN1CCN(c2ccc3[nH]c(=O)c(-c4nc5ccccc5[nH]4)c(N)c3c2)CC1,5.19,0.0,1
CHEMBL279,CN1CCN(c2ccc3c(c2)Cc2c(-c4csc(C#CCOc5ccccc5)c4)n[nH]c2-3)CC1,7.96,0.0,1
CHEMBL279,CN1CCN(c2ccc3nc(-c4c(N)c5c(F)cccc5[nH]c4=O)[nH]c3c2)CC1,7.645,0.643467170879758,2
CHEMBL279,CN1CCN(c2ccc3nc(-c4n[nH]cc4/C=C/c4cccnc4)[nH]c3c2)CC1,6.54,0.0,1
CHEMBL279,CN1CCN(c2cccc(-c3cnn4c(N)c(-c5ccc(NC(=O)CCC6CCCC6)cc5)cnc34)c2)CC1,6.16,0.0,1
CHEMBL279,CN1CCN(c2cccc(-c3cnn4c(N)c(-c5ccc(NC(=O)N(C)C6CCCCC6)cc5)cnc34)c2)CC1,5.22,0.0,1
CHEMBL279,CN1CCN(c2cccc(-c3cnn4c(N)c(-c5ccc(NC(=O)NCC6CCCCC6)cc5)cnc34)c2)CC1,6.89,0.0,1
CHEMBL279,CN1CCN(c2cccc(-c3cnn4c(N)c(-c5ccc(NC(=O)Oc6ccccc6)cc5)cnc34)c2)CC1,5.39,0.0,1
CHEMBL279,CN1CCN(c2cccc(-c3cnn4c(N)c(-c5ccc(NC(=O)c6ccc(C(F)(F)F)cc6)cc5)cnc34)c2)CC1,5.64,0.0,1
CHEMBL279,CN1CCN(c2cccc(-c3cnn4c(N)c(-c5ccc(NS(=O)(=O)c6cccc(Cl)c6Cl)cc5)cnc34)c2)CC1,5.27,0.0,1
CHEMBL279,CN1CCN(c2cccc(-c3cnn4c(N)c(-c5ccc(O)cc5)cnc34)c2)CC1,6.33,0.0,1
CHEMBL279,CN1CCN(c2cccc3[nH]c(=O)c(-c4nc5ccccc5[nH]4)c(N)c23)CC1,7.77,0.0,1
CHEMBL279,CN1CCN(c2nc(C3=C(c4c[nH]c5ccccc45)C(=O)NC3=O)c3ccccc3n2)CC1,5.41,0.0,1
CHEMBL279,CN1CCN(c2ncc(-c3ccn4c(-c5cccc(NC(=O)NCC(F)(F)F)c5)cnc4c3)cn2)CC1,7.13,0.0,1
CHEMBL279,CN1CCc2nc(-c3cc4ccccc4[nH]c3=O)[nH]c2C1,6.0,0.0,1
CHEMBL279,CN1C[C@@H]2CC[C@H](C1=O)N2c1ncc2[nH]nc(-c3cnn(C4CCC4)c3)c2n1,6.74,0.0,1
CHEMBL279,CN=S(C)(=O)c1ccc(Nc2ncc(Br)c(N[C@H](C)[C@@H](C)O)n2)cc1OC,7.8,0.0,1
CHEMBL279,CN=S(C)(=O)c1ccc(Nc2ncc(Br)c(N[C@H](C)[C@H](C)O)n2)cc1,7.43,0.0,1
CHEMBL279,CN=S(C)(=O)c1ccc(Nc2ncc(Br)c(N[C@H](C)[C@H](C)O)n2)cc1OC,7.54,0.0,1
CHEMBL279,CNC(=O)/C=C/c1cnc(N)c2c(-c3ccc(NC(=O)Nc4cccc(C)c4)cc3)csc12,8.22,0.0,1
CHEMBL279,CNC(=O)C(C)(C)/N=C/C(C=N)c1ccn2c(-c3cccc(NC(=O)NCC(F)(F)F)c3)cnc2c1,7.29,0.0,1
CHEMBL279,CNC(=O)C(C)(C)n1cc(-c2cnc3ccc(N(CC4CC4)c4cc(OC)cc(OC)c4)cc3n2)cn1,6.46,0.0,1
CHEMBL279,CNC(=O)CCc1sc2ncnc(N)c2c1-c1ccc(NC(=O)Nc2cccc(C)c2)cc1,6.48,0.0,1
CHEMBL279,CNC(=O)Cc1ccc(Oc2ncnc(N)c2/C=N/OC)cc1,4.71,0.0,1
CHEMBL279,CNC(=O)Cn1cc(-c2ccc3ncc(N(CCN)c4cc(OC)cc(OC)c4)nc3c2)cn1,7.04,0.0,1
CHEMBL279,CNC(=O)Cn1cc(-c2cnc(N)c3c(-c4ccc(Oc5ccccc5)cc4)csc23)cn1,6.55,0.0,1
CHEMBL279,CNC(=O)Cn1cc(-c2cnc3ccc(N(CC4CC4)c4cc(OC)cc(OC)c4)cc3n2)cn1,6.65,0.0,1
CHEMBL279,CNC(=O)Cn1cc(-c2cnc3ccc(N(CCCN)c4cc(OC)cc(OC)c4)cc3n2)cn1,7.39,0.0,1
CHEMBL279,CNC(=O)Cn1cc(-c2cnc3ccc(N(CCCN4CCCC4)c4cc(OC)cc(OC)c4)cc3n2)cn1,7.37,0.0,1
CHEMBL279,CNC(=O)Cn1cc(-c2cnc3ccc(N(CCCNC(C)C)c4cc(OC)cc(OC)c4)cc3n2)cn1,7.0,0.0,1
CHEMBL279,CNC(=O)Cn1cc(-c2cnc3ccc(N(CCCO)c4cc(OC)cc(OC)c4)cc3n2)cn1,7.08,0.0,1
CHEMBL279,CNC(=O)Cn1cc(-c2cnc3ccc(N(CCNC(C)C)c4cc(OC)cc(OC)c4)cc3n2)cn1,6.98,0.0,1
CHEMBL279,CNC(=O)Cn1cc(-c2cnc3ccc(N(CCO)c4cc(OC)cc(OC)c4)cc3n2)cn1,6.79,0.0,1
CHEMBL279,CNC(=O)Cn1cc(Nc2ncc(Cl)c(N[C@H]3[C@@H](C(N)=O)[C@@H]4C=C[C@H]3C4)n2)cn1,8.22,0.0,1
CHEMBL279,CNC(=O)N1CCN(Cc2ccnc(Nc3ncc(C#N)s3)c2)CC1,7.92,0.0,1
CHEMBL279,CNC(=O)N1CCN(Cc2ccnc(Nc3ncc(C#N)s3)c2C)CC1,7.92,0.0,1
CHEMBL279,CNC(=O)N1CCOc2cc(Oc3ccnc4cc(OC)c(OC)cc34)ccc21,7.4,0.0,1
CHEMBL279,CNC(=O)Nc1ccc(CNc2c(C(=O)Nc3ccc(SC(F)(F)F)cc3)cnn2C)cn1,7.21,0.0,1
CHEMBL279,CNC(=O)Nc1ccc(CNc2c(C(=O)Nc3ccc4c(c3)OC(F)(F)C(F)(F)O4)cnn2C)cn1,7.37,0.0,1
CHEMBL279,CNC(=O)Nc1ccc(CNc2ncsc2C(=O)Nc2ccc3c(c2)OC(F)(F)O3)cn1,8.52,0.0,1
CHEMBL279,CNC(=O)Nc1ccc(Oc2ncnc(N)c2/C=N/OC)c(F)c1,6.85,0.0,1
CHEMBL279,CNC(=O)Nc1ccc(Oc2ncnc(N)c2/C=N/OC)cc1Cl,7.6,0.0,1
CHEMBL279,CNC(=O)Nc1ccc(Oc2ncnc3ccn(C)c23)cc1,5.2,0.0,1
CHEMBL279,CNC(=O)Nc1ccc2cc(-c3nn(C(C)(C)C)c4ncnc(N)c34)[nH]c2c1,6.22,0.0,1
CHEMBL279,CNC(=O)OCCN(c1cc(OC)cc(OC)c1)c1ccc2ncc(-c3cnn(C)c3)nc2c1,6.66,0.0,1
CHEMBL279,CNC(=O)[C@@H]1[C@H](Nc2nc(Nc3cnn(C)c3)ncc2C(F)(F)F)[C@H]2C=C[C@@H]1C2,7.17,0.0,1
CHEMBL279,CNC(=O)c1[nH]c2cc(-c3nn(C(C)(C)C)c4ncnc(N)c34)ccc2c1C,6.13,0.0,1
CHEMBL279,CNC(=O)c1[nH]c2cc(-c3nn(C(C)(C)C)c4ncnc(N)c34)ccc2c1Cl,5.47,0.0,1
CHEMBL279,CNC(=O)c1[nH]c2cc(-c3nn(C(C)(C)C)c4ncnc(N)c34)ccc2c1F,4.79,0.0,1
CHEMBL279,CNC(=O)c1[nH]c2cc(-c3nn(C(C)C)c4ncnc(N)c34)ccc2c1C,6.34,0.0,1
CHEMBL279,CNC(=O)c1c(C)oc2cc(Oc3ncnc4cc(OC)c(OC)cc34)ccc12,8.46,1.414213562373096,2
CHEMBL279,CNC(=O)c1c[nH]c(-c2cc(Oc3ccc(NC(=O)Nc4cccc(C)c4)cc3)ccn2)c1,7.64,0.0,1
CHEMBL279,CNC(=O)c1cc(-c2cc(Oc3ccc(NC(=O)Nc4cc(C)ccc4F)cc3)ccn2)c[nH]1,7.52,0.0,1
CHEMBL279,CNC(=O)c1cc(-c2ccc(NC(=O)Nc3ccc(Cl)c(C(F)(F)F)c3)cc2)ccn1,9.82,0.0,1
CHEMBL279,CNC(=O)c1cc(-n2ccc3cc(NC(=O)Nc4ccc(N5CCN(C)CC5)c(C(F)(F)F)c4)ccc32)ccn1,6.76,0.0,1
CHEMBL279,CNC(=O)c1cc(C)nc(-c2ccn3c(-c4cccc(NC(=O)NCC(F)(F)F)c4)cnc3c2)n1,6.25,0.0,1
CHEMBL279,CNC(=O)c1cc(COc2nnc(Nc3ccc(Cl)cc3)c3ccoc23)ccn1,8.22,0.0,1
CHEMBL279,CNC(=O)c1cc(Cl)c2c(Cl)c(-c3nn(C(C)(C)C)c4ncnc(N)c34)[nH]c2c1,5.26,0.0,1
CHEMBL279,CNC(=O)c1cc(Cl)c2cc(-c3nn(C(C)(C)C)c4ncnc(N)c34)[nH]c2c1,4.74,0.0,1
CHEMBL279,CNC(=O)c1cc(F)cc(N(CC(C)(C)O)c2ccc3ncc(-c4cnn(C)c4)nc3c2)c1,7.02,0.0,1
CHEMBL279,CNC(=O)c1cc(F)cc(N(CC2CC2)c2ccc3ncc(-c4cnn(C(C)C)c4)nc3c2)c1,7.48,0.0,1
CHEMBL279,CNC(=O)c1cc(F)cc(N(CC2CC2)c2ccc3ncc(-c4cnn(C)c4)nc3c2)c1,7.16,0.0,1
CHEMBL279,CNC(=O)c1cc(F)cc(N(CCNC(C)C)c2ccc3ncc(-c4cnn(C)c4)nc3c2)c1,7.96,0.0,1
CHEMBL279,CNC(=O)c1cc(F)cc(N(CCO)c2ccc3ncc(-c4cnn(C)c4)nc3c2)c1,7.66,0.0,1
CHEMBL279,CNC(=O)c1cc(NCc2cnc(Nc3ccccn3)s2)c(F)cc1F,7.15,0.0,1
CHEMBL279,CNC(=O)c1cc(Nc2ccc(-c3nc4ccccc4s3)cc2)ccn1,5.44,0.0,1
CHEMBL279,CNC(=O)c1cc(OC)cc(N(CC(C)(C)O)c2ccc3ncc(-c4cnn(C)c4)nc3c2)c1,6.72,0.0,1
CHEMBL279,CNC(=O)c1cc(OC)cc(N(CC(O)CO)c2ccc3ncc(-c4cnn(C)c4)nc3c2)c1,7.26,0.0,1
CHEMBL279,CNC(=O)c1cc(OC)cc(N(CC2CC2)c2ccc3ncc(-c4cnn(C)c4)nc3c2)c1,7.05,0.0,1
CHEMBL279,CNC(=O)c1cc(OC)cc(N(CC2CC2)c2ccc3ncc(-c4cnn(CCOC)c4)nc3c2)c1,6.87,0.0,1
CHEMBL279,CNC(=O)c1cc(OC)cc(N(CCCN2CCCC2)c2ccc3ncc(-c4cnn(C)c4)nc3c2)c1,7.43,0.0,1
CHEMBL279,CNC(=O)c1cc(OC)cc(N(CCCN2CCCC2)c2ccc3ncc(-c4cnn(CCO)c4)nc3c2)c1,7.17,0.0,1
CHEMBL279,CNC(=O)c1cc(OC)cc(N(CCN)c2ccc3ncc(-c4cnn(C)c4)nc3c2)c1,7.73,0.0,1
CHEMBL279,CNC(=O)c1cc(OC)cc(N(CCNC(C)C)c2ccc3ncc(-c4cnn(C(C)C)c4)nc3c2)c1,7.46,0.0,1
CHEMBL279,CNC(=O)c1cc(OC)cc(N(CCNC(C)C)c2ccc3ncc(-c4cnn(C)c4)nc3c2)c1,7.75,0.0,1
CHEMBL279,CNC(=O)c1cc(OC)cc(N(CCO)c2ccc3ncc(-c4cnn(CCOC)c4)nc3c2)c1,7.36,0.0,1
CHEMBL279,CNC(=O)c1cc(Oc2ccc(C(=O)/C=C/c3cc(OC)c(OC)c(OC)c3)cc2)ccn1,5.5,0.0,1
CHEMBL279,CNC(=O)c1cc(Oc2ccc(C(=O)/C=C/c3cccc(Br)c3)cc2)ccn1,6.14,0.0,1
CHEMBL279,CNC(=O)c1cc(Oc2ccc(C(=O)/C=C/c3ccccc3)cc2)ccn1,5.96,0.0,1
CHEMBL279,CNC(=O)c1cc(Oc2ccc(C3=NNC(c4cccc(Br)c4)C3)cc2)ccn1,6.25,0.0,1
CHEMBL279,CNC(=O)c1cc(Oc2ccc(C3=NNC(c4ccccc4)C3)cc2)ccn1,5.64,0.0,1
CHEMBL279,CNC(=O)c1cc(Oc2ccc(NC(=O)Nc3cc(C(C)(C)C)on3)cc2)ccn1,7.77,0.0,1
CHEMBL279,CNC(=O)c1cc(Oc2ccc(NC(=O)Nc3ccc(Cl)c(C(F)(F)F)c3)c(F)c2)ccn1,8.373333333333333,0.03055050463303901,3
CHEMBL279,CNC(=O)c1cc(Oc2ccc(NC(=O)Nc3ccc(Cl)c(C(F)(F)F)c3)cc2)ccn1,7.673518518518518,0.9303056049054622,54
CHEMBL279,CNC(=O)c1cc(Oc2ccc(NC(=O)Nc3cccc(C(F)(F)F)c3)cc2)ccn1,8.4,0.0,1
CHEMBL279,CNC(=O)c1cc(Oc2ccc(NC(=O)c3cccc(C(F)(F)F)c3)cc2)ccn1,6.34,0.0,1
CHEMBL279,CNC(=O)c1cc(Oc2ccc(NC(=O)c3nn(-c4ccc(Cl)cc4)cc(C)c3=O)cc2)ccn1,9.92,0.0,1
CHEMBL279,CNC(=O)c1cc(Oc2ccc3c(C(=O)Nc4ccc(Cl)cc4)cccc3c2)ccn1,8.52,0.0,1
CHEMBL279,CNC(=O)c1cc(Oc2ccc3c(c2)OCCN3C(=O)Nc2ccc(C)cc2)ccn1,7.21,0.0,1
CHEMBL279,CNC(=O)c1cc(Oc2ccc3c(c2)OCCN3C(=O)Nc2ccc(Cl)cc2)ccn1,7.02,0.0,1
CHEMBL279,CNC(=O)c1cc(Oc2ccc3oc(Nc4ccc(Cl)c(OC[C@@H]5CCCN5C)c4)nc3c2)ccn1,8.34,0.0,1
CHEMBL279,CNC(=O)c1cc(Oc2ccc3oc(Nc4ccc(Cl)c(OC[C@H]5CCCN5C)c4)nc3c2)ccn1,8.52,0.0,1
CHEMBL279,CNC(=O)c1cc2[nH]c(-c3nn(C(C)(C)C)c4ncnc(N)c34)c(Cl)c2cc1Cl,5.83,0.0,1
CHEMBL279,CNC(=O)c1cc2[nH]c(-c3nn(C(C)(C)C)c4ncnc(N)c34)cc2cc1Cl,5.35,0.0,1
CHEMBL279,CNC(=O)c1cc2c(Oc3ccc(NC(=S)NC(=O)Cc4ccccc4)cc3F)ccnc2cc1OC,7.52,0.0,1
CHEMBL279,CNC(=O)c1cc2ccc(-c3nn(C(=O)OC(C)(C)C)c4ncnc(N)c34)cc2[nH]1,4.6,0.0,1
CHEMBL279,CNC(=O)c1cc2ccc(-c3nn(C(C)(C)C)c4ncnc(N)c34)cc2[nH]1,5.14,0.05656854249492385,2
CHEMBL279,CNC(=O)c1cc2ccc(-c3nn(C(C)C)c4ncnc(N)c34)cc2[nH]1,5.18,0.0,1
CHEMBL279,CNC(=O)c1cc2ccc(-c3nn(C4CC4)c4ncnc(N)c34)cc2[nH]1,4.62,0.0,1
CHEMBL279,CNC(=O)c1cc2ccc(-c3nn(C4CCC(C)(O)C4)c4ncnc(N)c34)cc2[nH]1,4.89,0.0,1
CHEMBL279,CNC(=O)c1cc2ccc(-c3nn(C4CCC4)c4ncnc(N)c34)cc2[nH]1,5.12,0.0,1
CHEMBL279,CNC(=O)c1cc2ccc(-c3nn(C4CN(C(=O)OC(C)(C)C)C4)c4ncnc(N)c34)cc2[nH]1,4.6,0.0,1
CHEMBL279,CNC(=O)c1cc2ccc(-c3nn(CCCOC)c4ncnc(N)c34)cc2[nH]1,4.53,0.0,1
CHEMBL279,CNC(=O)c1ccc(-c2ccc(NC(=O)Nc3cc(Br)cc(C(F)(F)F)c3)cc2)cn1,9.85,0.0,1
CHEMBL279,CNC(=O)c1ccc(-c2ccc(NC(=O)Nc3ccc(Cl)c(C(F)(F)F)c3)cc2)cn1,7.0,0.0,1
CHEMBL279,CNC(=O)c1ccc(-c2ccn3c(-c4cccc(NC(=O)NCC(F)(F)F)c4)cnc3c2)nc1,7.82,0.0,1
CHEMBL279,CNC(=O)c1ccc(-c2nnc(Nc3ccc(C(C)(C)C)cc3)c3ccccc23)cc1,6.89,0.0,1
CHEMBL279,CNC(=O)c1ccc(-c2nnc(Nc3ccc(Cl)cc3)c3ccccc23)cc1,5.51,0.0,1
CHEMBL279,CNC(=O)c1ccc(C#Cc2cc(C(=O)Nc3cccc(C(F)(F)F)c3)ccc2C)cn1,6.77,0.0,1
CHEMBL279,CNC(=O)c1ccc(F)c(NCc2cnc(Nc3ccccn3)s2)c1,7.52,0.0,1
CHEMBL279,CNC(=O)c1ccc(Nc2ncc(C(F)(F)F)c(NCc3ccccc3Cl)n2)cc1,6.83,0.0,1
CHEMBL279,CNC(=O)c1ccc(Nc2ncc(C(F)(F)F)c(NCc3nccnc3N(C)S(C)(=O)=O)n2)cc1,6.56,0.0,1
CHEMBL279,CNC(=O)c1ccc(Nc2ncc(C(F)(F)F)c(Nc3ccccc3OC)n2)cc1,6.54,0.0,1
CHEMBL279,CNC(=O)c1ccc(Sc2ccc(NC(=O)Nc3cc(C(F)(F)F)cc(C(F)(F)F)c3)cc2)nc1,6.29,0.0,1
CHEMBL279,CNC(=O)c1ccc(Sc2ccc(NC(=O)Nc3ccc(Cl)c(C(F)(F)F)c3)cc2)nc1,7.08,0.0,1
CHEMBL279,CNC(=O)c1ccc(Sc2ccc(NC(=O)Nc3ccc(F)c(C(F)(F)F)c3)cc2)nc1,6.99,0.0,1
CHEMBL279,CNC(=O)c1ccc(Sc2ccc(NC(=S)Nc3cc(C(F)(F)F)cc(C(F)(F)F)c3)cc2)nc1,6.56,0.0,1
CHEMBL279,CNC(=O)c1ccc(Sc2ccc(NC(=S)Nc3ccc(Cl)c(C(F)(F)F)c3)cc2)nc1,7.34,0.0,1
CHEMBL279,CNC(=O)c1ccc(Sc2ccc(NC(=S)Nc3ccc(Cl)cc3)cc2)nc1,5.06,0.0,1
CHEMBL279,CNC(=O)c1ccc(Sc2ccc(NC(=S)Nc3ccc(F)c(C(F)(F)F)c3)cc2)nc1,7.13,0.0,1
CHEMBL279,CNC(=O)c1ccc(Sc2cccc(NC(=S)Nc3cc(C(F)(F)F)cc(C(F)(F)F)c3)c2)nc1,6.05,0.0,1
CHEMBL279,CNC(=O)c1ccc(Sc2cccc(NC(=S)Nc3ccc(Br)c(C(F)(F)F)c3)c2)nc1,6.88,0.0,1
CHEMBL279,CNC(=O)c1ccc(Sc2cccc(NC(=S)Nc3ccc(Cl)c(C(F)(F)F)c3)c2)nc1,7.2,0.0,1
CHEMBL279,CNC(=O)c1ccc(Sc2cccc(NC(=S)Nc3ccc(Cl)cc3)c2)nc1,5.22,0.0,1
CHEMBL279,CNC(=O)c1ccc(Sc2cccc(NC(=S)Nc3ccc(F)c(C(F)(F)F)c3)c2)nc1,7.21,0.0,1
CHEMBL279,CNC(=O)c1ccc(Sc2cccc(NC(=S)Nc3ccc(F)c(Cl)c3)c2)nc1,5.4,0.0,1
CHEMBL279,CNC(=O)c1ccc(Sc2cccc(NC(=S)Nc3ccc(F)c(F)c3)c2)nc1,5.41,0.0,1
CHEMBL279,CNC(=O)c1ccc(Sc2cccc(NC(=S)Nc3cccc(C(F)(F)F)c3)c2)nc1,5.16,0.0,1
CHEMBL279,CNC(=O)c1ccc2c(Br)c(-c3nn(C(C)(C)C)c4ncnc(N)c34)[nH]c2c1,5.04,0.0,1
CHEMBL279,CNC(=O)c1ccc2c(Br)c(-c3nn(C(C)C)c4ccnc(N)c34)[nH]c2c1,4.95,0.0,1
CHEMBL279,CNC(=O)c1ccc2c(C)c(-c3nn(C(C)(C)C)c4ncnc(N)c34)[nH]c2c1,5.13,0.0,1
CHEMBL279,CNC(=O)c1ccc2c(Cl)c(-c3cc(C(C)C)n4ncnc(N)c34)[nH]c2c1,5.07,0.0,1
CHEMBL279,CNC(=O)c1ccc2c(Cl)c(-c3cn(C(C)C)c4ncnc(N)c34)[nH]c2c1,5.8,0.0,1
CHEMBL279,CNC(=O)c1ccc2c(Cl)c(-c3nc(C(C)C)n4ccnc(N)c34)[nH]c2c1,5.93,0.0,1
CHEMBL279,CNC(=O)c1ccc2c(Cl)c(-c3nc(C(C)C)n4ncnc(N)c34)[nH]c2c1,5.38,0.0,1
CHEMBL279,CNC(=O)c1ccc2c(Cl)c(-c3nn(C(C)(C)C)c4ncnc(N)c34)[nH]c2c1,5.27,0.0,1
CHEMBL279,CNC(=O)c1ccc2c(Cl)c(-c3nn(C(C)(C)C)c4ncnc(N)c34)n(C)c2c1,4.94,0.0,1
CHEMBL279,CNC(=O)c1ccc2c(Cl)c(-c3nn(C(C)C)c4c(Cl)ccc(N)c34)[nH]c2c1,5.28,0.0,1
CHEMBL279,CNC(=O)c1ccc2c(Cl)c(-c3nn(C(C)C)c4c(Cl)cnc(N)c34)[nH]c2c1,5.28,0.0,1
CHEMBL279,CNC(=O)c1ccc2c(Cl)c(-c3nn(C(C)C)c4ccnc(N)c34)[nH]c2c1,5.46,0.0,1
CHEMBL279,CNC(=O)c1ccc2c(Cl)c(-c3nn(C(C)C)c4ncnc(N)c34)[nH]c2c1,5.73,0.0,1
CHEMBL279,CNC(=O)c1ccc2c(Cl)c(-c3nn(C4CC4)c4ncnc(N)c34)[nH]c2c1,4.95,0.0,1
CHEMBL279,CNC(=O)c1ccc2c(Cl)c(-c3nn(C4CCC4)c4ncnc(N)c34)[nH]c2c1,5.52,0.0,1
CHEMBL279,CNC(=O)c1ccc2c(Cl)c(-c3nn(C4CCCC4)c4ncnc(N)c34)[nH]c2c1,5.27,0.0,1
CHEMBL279,CNC(=O)c1ccc2c(Cl)c(-c3nn(C4CCCCC4)c4ncnc(N)c34)[nH]c2c1,5.02,0.0,1
CHEMBL279,CNC(=O)c1ccc2c(Cl)c(-c3nn(C4CCN(S(C)(=O)=O)CC4)c4ncnc(N)c34)[nH]c2c1,5.34,0.0,1
CHEMBL279,CNC(=O)c1ccc2c(Cl)c(-c3nn(CC(F)(F)F)c4ncnc(N)c34)[nH]c2c1,4.85,0.0,1
CHEMBL279,CNC(=O)c1ccc2c(Cl)c(-c3nn(CC4CCOCC4)c4ncnc(N)c34)[nH]c2c1,5.12,0.0,1
CHEMBL279,CNC(=O)c1ccc2c(F)c(-c3nn(C(C)(C)C)c4ncnc(N)c34)[nH]c2c1,5.4,0.0,1
CHEMBL279,CNC(=O)c1ccc2cc(-c3cc(C(C)C)n4ncnc(N)c34)[nH]c2c1,5.59,0.0,1
CHEMBL279,CNC(=O)c1ccc2cc(-c3cn(C(C)C)c4ncnc(N)c34)[nH]c2c1,6.0,0.0,1
CHEMBL279,CNC(=O)c1ccc2cc(-c3nc(C(C)C)n4ccnc(N)c34)[nH]c2c1,5.49,0.0,1
CHEMBL279,CNC(=O)c1ccc2cc(-c3nn(C(C)(C)C)c4ncnc(N)c34)[nH]c2c1,5.22,0.0,1
CHEMBL279,CNC(=O)c1ccc2cc(-c3nn(C(C)(C)C)c4ncnc(N)c34)n(C)c2c1,5.07,0.0,1
CHEMBL279,CNC(=O)c1ccc2cc(-c3nn(C(C)C)c4c(Cl)cnc(N)c34)[nH]c2c1,5.29,0.0,1
CHEMBL279,CNC(=O)c1ccc2cc(-c3nn(C(C)C)c4ccnc(N)c34)[nH]c2c1,5.03,0.0,1
CHEMBL279,CNC(=O)c1ccc2cc(-c3nn(C(C)C)c4ncnc(N)c34)[nH]c2c1,4.995,0.049497474683058526,2
CHEMBL279,CNC(=O)c1ccc2cc(-c3nn(C4CCCC4)c4ncnc(N)c34)[nH]c2c1,5.37,0.0,1
CHEMBL279,CNC(=O)c1cccc(-c2cnc(N)c3c(-c4ccc(NC(=O)Nc5cccc(C)c5)cc4)csc23)c1,7.96,0.0,1
CHEMBL279,CNC(=O)c1cccc(CSc2cnc(Nc3ccccn3)s2)c1,7.06,0.0,1
CHEMBL279,CNC(=O)c1cccc(NCc2cnc(Nc3ccccn3)s2)c1,6.55,0.0,1
CHEMBL279,CNC(=O)c1cccc2cc(Oc3ccnc(NC(=O)c4ccc(N5CCN(C)CC5)cc4)c3)ccc12,8.54,0.0,1
CHEMBL279,CNC(=O)c1cccc2cc(Oc3ccnc(NC(=O)c4ccc(N5CCN(CCO)CC5)cc4)c3)ccc12,8.92,0.0,1
CHEMBL279,CNC(=O)c1cccc2cc(Oc3ccnc4cc(OC)c(OC)cc34)ccc12,8.42,0.0,1
CHEMBL279,CNC(=O)c1cccc2cc(Oc3ccnc4cc(OCC5(N)CC5)c(OC)cc34)ccc12,7.6,0.0,2
CHEMBL279,CNC(=O)c1ccccc1Sc1ccc2c(/C=C/c3ccccn3)n[nH]c2c1,9.76,0.17048949136725963,4
CHEMBL279,CNC(=O)c1ccccc1Sc1ccc2c(CCc3ccccn3)n[nH]c2c1,9.7,0.0,1
CHEMBL279,CNC(=O)c1ccnc(-c2ccn3c(-c4cccc(NC(=O)NCC(F)(F)F)c4)cnc3c2)n1,6.82,0.0,1
CHEMBL279,CNC(=O)c1cnc(N)c2c(-c3ccc(NC(=O)Nc4cccc(C)c4)cc3)csc12,8.7,0.0,1
CHEMBL279,CNC(=O)c1cnn2c(N)c(-c3ccc(NC(=O)Nc4cccc(C)c4)cc3)cnc12,7.0,0.0,1
CHEMBL279,CNC(=O)c1csc2cc(Oc3ccnc4cc(C5=NCCN5C)sc34)ccc12,9.47,0.0,1
CHEMBL279,CNC(=O)c1nc(Nc2ccc(NC(=O)Nc3cccc(C)c3)cc2)c2ccccc2n1,7.92,0.0,1
CHEMBL279,CNC(=O)c1nc(Nc2ccc(NC(=O)Nc3cccc(OC)c3)cc2)c2ccccc2n1,4.39,0.0,1
CHEMBL279,CNC(=O)c1ncc(C#Cc2cc(C(=O)Nc3ccc(CN4CCN(CCO)CC4)c(C(F)(F)F)c3)ccc2C)n1C,8.64,0.0,1
CHEMBL279,CNC(=O)c1nccc(Oc2ccc(NC(=O)Nc3nc4ccccc4s3)cc2)n1,7.44,0.0,1
CHEMBL279,CNC1CCN(CCCN(c2cc(OC)cc(OC)c2)c2ccc3ncc(-c4cnn(C)c4)nc3c2)C1,7.47,0.0,1
CHEMBL279,CNCC(O)CN(c1cc(OC)cc(OC)c1)c1ccc2ncc(-c3cnn(C)c3)nc2c1,6.905,0.007071067811865324,2
CHEMBL279,CNCCCN(c1cc(OC)cc(OC)c1)c1ccc2ncc(-c3cnn(C)c3)nc2c1,7.6,0.0,1
CHEMBL279,CNCCCNc1nnc(-c2cn3ncnc(Nc4cc(C(=O)NC5CC5)c(F)cc4F)c3c2C(C)C)o1,7.8,0.0,1
CHEMBL279,CNCCN(c1cc(F)cc(OC)c1)c1ccc2ncc(-c3cnn(C)c3)nc2c1,6.89,0.0,1
CHEMBL279,CNCCN(c1cc(OC)cc(OC)c1)c1ccc2ncc(-c3cn[nH]c3)nc2c1,7.16,0.0,1
CHEMBL279,CNCCN(c1cc(OC)cc(OC)c1)c1ccc2ncc(-c3cnn(C(C)C)c3)nc2c1,7.26,0.0,1
CHEMBL279,CNCCN(c1cc(OC)cc(OC)c1)c1ccc2ncc(-c3cnn(C)c3)nc2c1,7.15,0.0,1
CHEMBL279,CNCCN(c1cc(OC)cc(OC)c1)c1ccc2ncc(-c3cnn(CC(=O)NC)c3)nc2c1,7.21,0.2262741699796954,2
CHEMBL279,CNCCN(c1cc(OC)cc(OC)c1)c1ccc2ncc(-c3cnn(CC4CCOCC4)c3)nc2c1,7.39,0.0,1
CHEMBL279,CNCCN(c1cc(OC)cc(OC)c1)c1ccc2ncc(-c3cnn(CCO)c3)nc2c1,7.13,0.0,1
CHEMBL279,CNCCN(c1cc(OC)cc(OC)c1)c1ccc2ncc(-c3cnn(CCS(C)(=O)=O)c3)nc2c1,7.18,0.0,1
CHEMBL279,CNCCN(c1cc(OC)cc(OCCO)c1)c1ccc2ncc(-c3cnn(C)c3)nc2c1,6.76,0.0,1
CHEMBL279,CNCCO/N=C/c1c(N)ncnc1Oc1ccc2[nH]c(C)cc2c1F,7.03,0.0,1
CHEMBL279,CNCCOc1cc(OC)cc(N(CC2CC2)c2ccc3ncc(-c4cnn(C)c4)nc3c2)c1,5.96,0.0,1
CHEMBL279,CNCCc1ccc(Nc2ncc(Cl)c(-c3ccc(C(C)(C)N)cc3)n2)cc1,7.48,0.0,1
CHEMBL279,CNC[C@@H](O)CN(c1cc(OC)cc(OC)c1)c1ccc2ncc(-c3cnn(C)c3)nc2c1,7.12,0.0,1
CHEMBL279,CNC[C@H](O)CN(c1cc(OC)cc(OC)c1)c1ccc2ncc(-c3cnn(C)c3)nc2c1,7.2,0.0,1
CHEMBL279,CNCc1cc(Oc2ccc3c(ccn3C(=O)Nc3ccc(F)c(C(F)(F)F)c3)c2)ncn1,8.3,0.0,1
CHEMBL279,CNCc1cc(Oc2ccc3c(ccn3C(=O)Nc3cccc(C(F)(F)F)c3)c2)ncn1,8.1,0.0,1
CHEMBL279,CNCc1ccc2c(Cl)c(-c3nn(C(C)(C)C)c4ncnc(N)c34)[nH]c2c1,5.29,0.0,1
CHEMBL279,CNCc1cncc(-c2cnc3[nH]nc(-c4nc5c(COC)cccc5[nH]4)c3c2)c1,6.19,0.0,1
CHEMBL279,CNCc1nnc(-c2cn3ncnc(Nc4cc(C(=O)NC5CC5)c(F)cc4F)c3c2C(C)C)o1,6.82,0.0,1
CHEMBL279,CNNc1ccc2c(Cl)c(-c3nn(C(C)(C)C)c4ncnc(N)c34)[nH]c2c1,5.98,0.0,1
CHEMBL279,CNS(=O)(=O)c1cc(Nc2n[nH]c3cc(-c4cnn(CC(=O)Nc5ccc(Cl)c(C(F)(F)F)c5)c4)ccc23)ccc1C,6.39,0.0,1
CHEMBL279,CNS(=O)(=O)c1ccc(Nc2nc(Cl)nc3cc(OC)c(OC)cc23)cc1,6.07,0.0,1
CHEMBL279,CNS(=O)(=O)c1ccc2c(c1)/C(=C/c1[nH]c3c(c1CCC(N)=O)CCCC3)C(=O)N2,6.3,0.0,1
CHEMBL279,CNS(=O)(=O)c1ccc2c(c1)/C(=C/c1[nH]c3c(c1CCCN(C)C)CCCC3)C(=O)N2,5.96,0.0,1
CHEMBL279,CNS(=O)(=O)c1ccc2c(c1)/C(=C/c1[nH]c3c(c1CCCN1CCC(O)CC1)CCCC3)C(=O)N2,5.15,0.0,1
CHEMBL279,CNS(=O)(=O)c1ccc2c(c1)/C(=C/c1[nH]c3c(c1CCCN1CCN(C)CC1)CCCC3)C(=O)N2,6.52,0.0,1
CHEMBL279,CNS(=O)(=O)c1ccc2c(c1)/C(=C/c1[nH]c3c(c1CCCN1CCN(CC(=O)O)CC1)CCCC3)C(=O)N2,6.4,0.0,1
CHEMBL279,CNS(=O)(=O)c1ccc2c(c1)/C(=C/c1[nH]c3c(c1CCCN1CCN(CCO)CC1)CCCC3)C(=O)N2,6.4,0.0,1
CHEMBL279,CNS(=O)(=O)c1ccc2c(c1)/C(=C/c1[nH]c3c(c1CCCN1CCOCC1)CCCC3)C(=O)N2,5.64,0.0,1
CHEMBL279,CNS(=O)(=O)c1ccc2c(c1)/C(=C/c1[nH]c3c(c1CN1CCOCC1)CCCC3)C(=O)N2,7.22,0.0,1
CHEMBL279,CNS(=O)(=O)c1ccc2c(c1)/C(=C/c1[nH]cc3c1CCOC3=O)C(=O)N2,5.18,0.0,1
CHEMBL279,CN[C@@H]1CC2OC([C@@H]1OC)n1c3ccccc3c3c4c(c5c6ccccc6n2c5c31)C(=O)NC4,7.4,0.0,1
CHEMBL279,CN[C@@H]1CC2O[C@@](C)([C@@H]1OC)n1c3ccccc3c3c4c(c5c6ccccc6n2c5c31)C(=O)NC4,6.94,0.0,1
CHEMBL279,CN[C@@H]1C[C@H]2O[C@@](C)([C@@H]1OC)n1c3ccccc3c3c4c(c5c6ccccc6n2c5c31)C(=O)NC4,7.903846153846154,0.8011146081458104,26
CHEMBL279,CN[C@H]1CCCN(c2ccc(C(F)(F)F)cc2NC(=O)c2cc(C#Cc3cnc(N)nc3)ccc2F)C1,6.0,0.0,1
CHEMBL279,CNc1c(-c2nc3ccccc3[nH]2)c(=O)[nH]c2ccccc12,6.66,0.0,1
CHEMBL279,CNc1c(Oc2ccc(NC(=O)Nc3ccc(Cl)c(C(F)(F)F)c3)cc2)ccnc1-c1cnn(C)c1,6.18,0.0,1
CHEMBL279,CNc1cc(-c2cccnc2Nc2c(C)ccc3c(Nc4ccc(Cl)cc4)nccc23)ncn1,6.52,0.0,1
CHEMBL279,CNc1cc(-c2cccnc2Nc2c(C)ccc3c(Nc4ccc5sc(C)nc5c4)nccc23)ncn1,6.77,0.0,1
CHEMBL279,CNc1cc(-c2cccnc2Oc2cc(C(=O)Nc3cccc(C(C)C)c3)ccc2C)ccn1,8.3,0.0,1
CHEMBL279,CNc1cc(-c2cccnc2Oc2cc(NC(=O)c3cccc(C(C)C)c3)ccc2C)ccn1,7.75,0.0,1
CHEMBL279,CNc1cc(-c2cccnc2Oc2cc(NC(=O)c3cccc(OC(F)(F)C(F)F)c3)ccc2C)ccn1,6.63,0.0,1
CHEMBL279,CNc1cc(-c2cccnc2Oc2ccc(Cl)c(NC(=O)c3cccc(C(C)C)c3)c2)ccn1,8.05,0.0,1
CHEMBL279,CNc1cc(-c2cccnc2Oc2cccc(NC(=O)c3cccc(C(C)C)c3)c2)ccn1,7.75,0.0,1
CHEMBL279,CNc1cc(-c2ccn3c(-c4cccc(NC(=O)NCC(F)(F)F)c4)cnc3c2)nc(SC)n1,7.66,0.0,1
CHEMBL279,CNc1cc(-c2ccn3c(-c4cccc(NC(=O)NCC(F)(F)F)c4)cnc3c2)ncn1,7.43,0.0,1
CHEMBL279,CNc1cc(O)c2c(c1)/C=C/C[C@H](O)[C@H](O)C(=O)/C=C\[C@@H](C)[C@H](C)OC2=O,6.3,0.0,1
CHEMBL279,CNc1cc(Oc2c(C)cc(NC(=O)Nc3cccc(C(F)(F)F)c3)c3ccccc23)ncn1,6.8,0.0,1
CHEMBL279,CNc1cc(Oc2c(C)cc(NC(=O)Nc3cccc(C(F)(F)F)c3)cc2C)ncn1,6.0,0.0,1
CHEMBL279,CNc1cc(Oc2c(C)cc(NC(=O)Nc3cccc(C(F)(F)F)c3)cc2Cl)ncn1,6.4,0.0,1
CHEMBL279,CNc1cc(Oc2c(Cl)cc(NC(=O)Nc3cccc(C(F)(F)F)c3)cc2Cl)ncn1,6.4,0.0,1
CHEMBL279,CNc1cc(Oc2c(F)cc(NC(=O)Nc3cccc(C(F)(F)F)c3)cc2F)ncn1,7.3,0.0,1
CHEMBL279,CNc1cc(Oc2cc(C)c(NC(=O)Nc3cccc(C(F)(F)F)c3)cc2C)ncn1,5.7,0.0,1
CHEMBL279,CNc1cc(Oc2ccc(NC(=O)Nc3cccc(C(C)(C)C)c3)cc2)ncn1,7.6,0.0,1
CHEMBL279,CNc1cc(Oc2ccc(NC(=O)Nc3cccc(C(C)(F)F)c3)cc2)ncn1,7.4,0.0,1
CHEMBL279,CNc1cc(Oc2ccc(NC(=O)Nc3cccc(C(C)F)c3)cc2)ncn1,7.1,0.0,1
CHEMBL279,CNc1cc(Oc2ccc(NC(=O)Nc3cccc(C(F)(F)F)c3)c(F)c2)ncn1,8.2,0.0,1
CHEMBL279,CNc1cc(Oc2ccc(NC(=O)Nc3cccc(C(F)(F)F)c3)c(F)c2F)ncn1,8.6,0.0,1
CHEMBL279,CNc1cc(Oc2ccc(NC(=O)Nc3cccc(C(F)(F)F)c3)c3ccccc23)ncn1,7.89,0.0,1
CHEMBL279,CNc1cc(Oc2ccc(NC(=O)Nc3cccc(C(F)(F)F)c3)cc2)ncn1,7.6,0.0,1
CHEMBL279,CNc1cc(Oc2ccc(NC(=O)Nc3cccc(C(F)(F)F)c3)cc2C)ncn1,7.2,0.0,1
CHEMBL279,CNc1cc(Oc2ccc(NC(=O)Nc3cccc(C(F)(F)F)c3)cc2Cl)ncn1,7.3,0.0,1
CHEMBL279,CNc1cc(Oc2ccc(NC(=O)Nc3cccc(C(F)(F)F)c3)cc2F)ncn1,7.8,0.0,1
CHEMBL279,CNc1cc(Oc2ccc(NC(=O)Nc3cccc(C(F)F)c3)cc2)ncn1,6.89,0.0,1
CHEMBL279,CNc1cc(Oc2ccc(NC(=O)Nc3cccc(C)c3)cc2)ncn1,6.1,0.0,1
CHEMBL279,CNc1cc(Oc2ccc(NC(=O)Nc3cccc(CF)c3)cc2)ncn1,6.4,0.0,1
CHEMBL279,CNc1cc(Oc2ccc(NC(=O)Nc3ccccc3)cc2)ncn1,5.2,0.0,1
CHEMBL279,CNc1cc(Oc2ccc3c(C(=O)Nc4ccc(Cl)cc4)cccc3c2)ccn1,8.15,0.0,1
CHEMBL279,CNc1cc(Oc2ccc3c(C(=O)Nc4ccc(Cl)cc4)cccc3c2)ncn1,7.7,0.0,1
CHEMBL279,CNc1cc2c(cn1)cc(-c1ccc(F)c(NC(=O)Nc3cc(C(C)(C)C)no3)c1)c(=O)n2[C@H]1CCOC1,9.34,0.0,1
CHEMBL279,CNc1cc2nc(C)c(-c3cc(NC(=O)NCCC(C)(C)C)c(F)cc3C)cc2cn1,6.77,0.0,1
CHEMBL279,CNc1cc2nc(C)c(-c3cc(NC(=O)NC[C@@H](O)C(C)(C)C)c(F)cc3C)cc2cn1,6.12,0.0,1
CHEMBL279,CNc1cc2nc(C)c(-c3ccc(F)c(NC(=O)NCCC(C)(C)C)c3)cc2cn1,7.48,0.0,1
CHEMBL279,CNc1ccc(-c2ccn3c(-c4cccc(NC(=O)NCC(F)(F)F)c4)cnc3c2)nn1,7.8,0.0,1
CHEMBL279,CNc1ccc2c(N)c(-c3nc4cc(N5CCN(C)CC5)ccc4[nH]3)c(=O)[nH]c2c1,6.0,0.0,1
CHEMBL279,CNc1cccc(N(CC2CC2)c2ccc3ncc(-c4cnn(C)c4)nc3c2)c1,6.4,0.0,1
CHEMBL279,CNc1cccc2[nH]c(=O)c(-c3nc4cc(N5CCN(C)CC5)ccc4[nH]3)c(N)c12,7.28,0.0,1
CHEMBL279,CNc1cccnc1C#CCN(c1cc(OC)cc(OC)c1)c1ccc2ncc(-c3cnn(C)c3)nc2c1,6.02,0.0,1
CHEMBL279,CNc1nc(-c2ccn3c(-c4cccc(NC(=O)NCC(F)(F)F)c4)cnc3c2)ncc1N,6.09,0.0,1
CHEMBL279,CNc1nc2[nH]c(-c3cccc(CNC(=O)COC)n3)cc2c2c1ncn2C,5.83,0.0,1
CHEMBL279,CNc1ncc(-c2ccn3c(-c4cccc(NC(=O)NCC(F)(F)F)c4)cnc3c2)cc1C,7.01,0.0,1
CHEMBL279,CNc1ncc(C(=O)Nc2cc(C(=O)Nc3cccc(C(F)(F)F)c3)ccc2C)c(OC)n1,5.08,0.0,1
CHEMBL279,CNc1ncc(C(=O)Nc2cc(C(=O)Nc3cccc(C(F)(F)F)c3F)ccc2C)c(NC)n1,5.17,0.0,1
CHEMBL279,CNc1ncc2cc(-c3c(C)ccc4c(Nc5cc(C(C)(C)C)nn5C)nccc34)ccc2n1,6.64,0.0,1
CHEMBL279,CNc1ncc2cc(-c3c(C)ccc4c(Nc5ccc6c(c5)NC(=O)C6(C)C)nccc34)ccc2n1,6.62,0.0,1
CHEMBL279,CNc1ncc2cc(-c3cc(C(=O)Nc4cc(C(F)(F)F)ccc4N4CC(C)(C)C4=O)ccc3C)ccc2n1,6.44,0.0,1
CHEMBL279,CNc1ncc2cc(-c3cc(C(=O)Nc4cc(C(F)(F)F)ccc4N4CCCCC4)ccc3C)ccc2n1,5.85,0.0,1
CHEMBL279,CNc1ncc2cc(-c3cc(C(=O)Nc4cc(C(F)(F)F)ccc4N4CCN(C)C4=O)ccc3C)ccc2n1,6.34,0.0,1
CHEMBL279,CNc1ncc2cc(-c3cc(C(=O)Nc4cc(C(F)(F)F)ccc4NC(=O)NCCN4CCOCC4)ccc3C)ccc2n1,7.33,0.0,1
CHEMBL279,CNc1ncc2cc(-c3cc(C(=O)Nc4cc(C(F)(F)F)ccc4OC4CCN(C)CC4)ccc3C)ccc2n1,7.77,0.0,1
CHEMBL279,CNc1ncc2cc(-c3cc(C(=O)Nc4ccc(Cl)c(C(F)(F)F)c4)ccc3C)ccc2n1,8.52,0.0,1
CHEMBL279,CNc1ncc2cc(-c3cc(C(=O)Nc4ccc(Cl)c(C(F)(F)F)c4C)ccc3C)ccc2n1,7.68,0.0,1
CHEMBL279,CNc1ncc2cc(-c3cc(C(=O)Nc4ccc(OC5CCN(C)CC5)cc4)ccc3C)ccc2n1,8.1,0.0,1
CHEMBL279,CNc1ncc2cc(-c3cc(C(=O)Nc4cccc(C(F)(F)F)c4)ccc3C)ccc2n1,9.0,0.0,1
CHEMBL279,CNc1ncc2cc(-c3cc(C(=O)Nc4cccc(C(F)(F)F)c4C)ccc3C)ccc2n1,8.1,0.0,1
CHEMBL279,CNc1ncc2cc(-c3cc(C(=O)Nc4cccc5c4CCC5)ccc3C)ccc2n1,7.32,0.0,1
CHEMBL279,CNc1ncc2cc(-c3cc(NC(=O)NCCC(C)(C)C)c(F)cc3C)c(C)nc2n1,5.41,0.0,1
CHEMBL279,CNc1ncc2cc(-c3cc(NC(=O)NCCC(C)(C)C)c(F)cc3C)cnc2n1,5.72,0.0,1
CHEMBL279,CNc1ncc2cc(-c3cc(NC(=O)Nc4cccc(C(F)(F)F)c4)ccc3C)ccc2n1,7.28,0.0,1
CHEMBL279,CNc1ncc2cc(-c3cc(NC(=O)c4cccc(C(F)(F)F)c4)ccc3C)ccc2n1,8.3,0.0,1
CHEMBL279,CNc1ncc2cc(-c3cc(Nc4nc5cc(C(F)(F)F)ccc5[nH]4)ccc3C)ccc2n1,5.84,0.0,1
CHEMBL279,CNc1ncc2cc(-c3ccc(F)c(NC(=O)NCCC(C)(C)C)c3)c(C)nc2n1,6.12,0.0,1
CHEMBL279,CNc1nccc(-c2cc(C)cnc2Oc2cccc(C(=O)Nc3cc(C(F)(F)F)ccc3N3CCCCC3)c2C)n1,5.58,0.0,1
CHEMBL279,CNc1nccc(-c2cccnc2Oc2c(C)cc(Nc3nc4ccccc4[nH]3)c3ccccc23)n1,5.0,0.0,1
CHEMBL279,CNc1nccc(-c2cccnc2Oc2cc(C(=O)Nc3cc(C(F)(F)F)ccc3N3CCCCC3)ccc2C)n1,6.34,0.0,1
CHEMBL279,CNc1nccc(-c2cccnc2Oc2cc(C(=O)Nc3cc(C(F)(F)F)ccc3N3CCCCC3)ccc2Cl)n1,6.17,0.0,1
CHEMBL279,CNc1nccc(-c2cccnc2Oc2cc(C(=O)Nc3cc(C(F)(F)F)ccc3N3CCCCC3)ccc2F)n1,5.7,0.0,1
CHEMBL279,CNc1nccc(-c2cccnc2Oc2cc(C(=O)Nc3cc(C(F)(F)F)ccc3N3CCOCC3)ccc2C)n1,6.51,0.0,1
CHEMBL279,CNc1nccc(-c2cccnc2Oc2cc(C(=O)Nc3cc(C4CCCCC4)ccc3OC)ccc2C)n1,7.16,0.0,1
CHEMBL279,CNc1nccc(-c2cccnc2Oc2cc(C(=O)Nc3cccc(C(C)C)c3)ccc2C)n1,7.42,0.0,1
CHEMBL279,CNc1nccc(-c2cccnc2Oc2cc(C(=O)Nc3cccc(C(F)(F)F)c3)ccc2C)n1,8.52,0.0,1
CHEMBL279,CNc1nccc(-c2cccnc2Oc2cc(NC(=O)c3cccc(C(C)C)c3)ccc2C)n1,8.7,0.0,1
CHEMBL279,CNc1nccc(-c2cccnc2Oc2ccc(F)c(C(=O)Nc3cc(C(F)(F)F)ccc3N(C)CCCN(C)C)c2)n1,7.34,0.0,1
CHEMBL279,CNc1nccc(-c2cccnc2Oc2ccc(NC(=O)NC(C)(C)C)c3ccccc23)n1,5.65,0.0,1
CHEMBL279,CNc1nccc(-c2cccnc2Oc2ccc(NC(=O)Nc3cccc(C(F)(F)F)c3)cc2C)n1,7.47,0.0,1
CHEMBL279,CNc1nccc(-c2cccnc2Oc2ccc(NC(=O)Nc3ccccc3)c3ccccc23)n1,7.4,0.0,1
CHEMBL279,CNc1nccc(-c2cccnc2Oc2ccc(NC(=O)Nc3ccccc3)cc2C)n1,5.12,0.0,1
CHEMBL279,CNc1nccc(-c2cccnc2Oc2ccc(NC(=O)c3cccc(C(F)(F)F)c3)cc2C)n1,5.49,0.0,1
CHEMBL279,CNc1nccc(-c2cccnc2Oc2ccc(Nc3nc4ccc(C(F)(F)F)cc4[nH]3)c3ccccc23)n1,7.16,0.0,1
CHEMBL279,CNc1nccc(-c2cccnc2Oc2ccc(Nc3nc4ccc(C(F)(F)F)cc4[nH]3)cc2C)n1,5.22,0.0,1
CHEMBL279,CNc1nccc(-c2cccnc2Oc2ccc(Nc3nc4cccc(C)c4[nH]3)c3ccccc23)n1,5.8,0.0,1
CHEMBL279,CNc1nccc(-c2cccnc2Oc2ccc(Nc3nc4ccccc4[nH]3)c3ccccc23)n1,5.855,0.007071067811865638,2
CHEMBL279,CNc1nccc(-c2cccnc2Oc2ccc(Nc3nc4ccccc4n3C)c3ccccc23)n1,6.6,0.0,1
CHEMBL279,CNc1nccc(-c2cccnc2Oc2ccc(Nc3nc4ccccc4o3)c3ccccc23)n1,7.52,0.0,1
CHEMBL279,CNc1nccc(-c2cccnc2Oc2ccc(Nc3nc4ccccc4s3)c3ccccc23)n1,7.06,0.0,1
CHEMBL279,CNc1nccc(-c2cccnc2Oc2ccc(Nc3nc4ccncc4[nH]3)c3ccccc23)n1,5.2,0.0,1
CHEMBL279,CNc1nccc(Nc2ccc(-c3nc4ccccc4s3)cc2)n1,5.05,0.0,1
CHEMBL279,CNc1nccc(Oc2ccc(NC(=O)Nc3cccc(C(F)(F)F)c3)cc2)n1,7.5,0.0,1
CHEMBL279,CNc1nccc(Oc2ccc3c(C(=O)Nc4ccc(Cl)cc4)cccc3c2)n1,7.34,0.0,1
CHEMBL279,CNc1ncnc(-c2cccnc2Oc2cc(C(=O)Nc3cc(C(F)(F)F)ccc3N(C)CCCN(C)C)ccc2C)n1,5.4,0.0,1
CHEMBL279,CNc1ncnc(-c2cccnc2Oc2cc(C(=O)Nc3cccc(C(C)C)c3)ccc2C)n1,7.7,0.0,1
CHEMBL279,CNc1ncnc(-c2cccnc2Oc2cc(C(=O)Nc3cccc(C(F)(F)F)c3)ccc2C)n1,7.01,0.0,1
CHEMBL279,CNc1ncnc(-c2cccnc2Oc2cc(NC(=O)c3cccc(-n4cccc4)c3)ccc2C)n1,5.95,0.0,1
CHEMBL279,CNc1ncnc(-c2cccnc2Oc2cc(NC(=O)c3cccc(C(C)C)c3)cc(C(F)(F)F)c2)n1,4.6,0.0,1
CHEMBL279,CNc1ncnc(-c2cccnc2Oc2cc(NC(=O)c3cccc(C(C)C)c3)ccc2C)n1,6.93,0.0,1
CHEMBL279,CNc1ncnc(-c2cccnc2Oc2cc(NC(=O)c3cccc(C(C)C)c3)ccc2F)n1,6.89,0.0,1
CHEMBL279,CNc1ncnc(-c2cccnc2Oc2cc(NC(=O)c3cccc(C(F)(F)F)c3)ccc2C)n1,6.51,0.0,1
CHEMBL279,CNc1ncnc(-c2cccnc2Oc2cc(NC(=O)c3cccc(OC(F)(F)C(F)F)c3)ccc2C)n1,6.0,0.0,1
CHEMBL279,CNc1ncnc(-c2cccnc2Oc2cc(NC(=O)c3cccc(OC(F)(F)F)c3)ccc2C)n1,6.36,0.0,1
CHEMBL279,CNc1ncnc(-c2cccnc2Oc2ccc(F)c(C(=O)Nc3cc(C(F)(F)F)ccc3N(C)CCCN(C)C)c2)n1,5.11,0.0,1
CHEMBL279,CNc1ncnc(-c2cccnc2Oc2cccc(NC(=O)c3cccc(C(C)C)c3)c2)n1,6.34,0.0,1
CHEMBL279,CNc1nnc(-c2cn3ncnc(Nc4cc(C(=O)NC5CC5)c(F)cc4F)c3c2C(C)C)o1,7.7,0.0,1
CHEMBL279,CNc1nnc(-c2cn3ncnc(Nc4cnc5[nH]c(C)cc5c4)c3c2C(C)C)o1,7.6,0.0,1
CHEMBL279,CO/N=C(/c1ccc2[nH]c3c4c(c5c(c3c2c1)CNC5=O)-c1cn(C)nc1CC4)C(C)C,8.4,0.0,1
CHEMBL279,CO/N=C(\C)c1ccc2[nH]c3c4c(c5c(c3c2c1)CNC5=O)-c1cn(C)nc1CC4,9.0,0.0,1
CHEMBL279,CO/N=C(\C)c1ccc2c(c1)c1c3c(c4c(c1n2C(C)C)CCc1nn(C)cc1-4)C(=O)NC3,8.4,0.0,1
CHEMBL279,CO/N=C(\C)c1ccc2c(c1)c1c3c(c4c(c1n2C)CCc1nn(C)cc1-4)C(=O)NC3,8.3,0.0,1
CHEMBL279,CO/N=C(\C)c1ccc2c(c1)c1c3c(c4c(c1n2CC(C)C)CCc1nn(C)cc1-4)C(=O)NC3,8.15,0.0,1
CHEMBL279,CO/N=C/c1c(N)ncnc1Oc1cc2cc[nH]c2cc1F,6.92,0.0,1
CHEMBL279,CO/N=C/c1c(N)ncnc1Oc1ccc(NC(=O)C2(C(=O)Nc3ccc(F)cc3)CC2)cc1F,6.92,0.0,1
CHEMBL279,CO/N=C/c1c(N)ncnc1Oc1ccc(NC(=O)NC(C)C)c(Cl)c1,7.14,0.0,1
CHEMBL279,CO/N=C/c1c(N)ncnc1Oc1ccc(NC(=O)NC2CC2)c(Cl)c1,7.54,0.0,1
CHEMBL279,CO/N=C/c1c(N)ncnc1Oc1ccc(NC(=O)NC2CCCCC2)c(Cl)c1,8.19,0.0,1
CHEMBL279,CO/N=C/c1c(N)ncnc1Oc1ccc(NC(=O)NCCCCN2CCCC2)c(Cl)c1,6.12,0.0,1
CHEMBL279,CO/N=C/c1c(N)ncnc1Oc1ccc(NC(=O)NCCCO)c(Cl)c1,6.4,0.0,1
CHEMBL279,CO/N=C/c1c(N)ncnc1Oc1ccc(NC(=O)NCCN(C)C)c(Cl)c1,6.54,0.0,1
CHEMBL279,CO/N=C/c1c(N)ncnc1Oc1ccc(NC(=O)NCCO)c(Cl)c1,6.78,0.0,1
CHEMBL279,CO/N=C/c1c(N)ncnc1Oc1ccc(NC(=O)NCc2ccc(F)cc2F)c(Cl)c1,7.99,0.0,1
CHEMBL279,CO/N=C/c1c(N)ncnc1Oc1ccc(NC(=O)Nc2cc(C)on2)c(Cl)c1,8.7,0.0,1
CHEMBL279,CO/N=C/c1c(N)ncnc1Oc1ccc(NC(=O)Nc2ccc(F)cc2)c(Cl)c1,8.55,0.0,1
CHEMBL279,CO/N=C/c1c(N)ncnc1Oc1ccc(NC(=O)Nc2ccc(F)cc2F)c(Cl)c1,8.52,0.0,1
CHEMBL279,CO/N=C/c1c(N)ncnc1Oc1ccc(NC(=O)Nc2cccc(F)c2)c(Cl)c1,8.77,0.0,1
CHEMBL279,CO/N=C/c1c(N)ncnc1Oc1ccc(NC(=O)Nc2ccccc2)c(Cl)c1,8.52,0.0,1
CHEMBL279,CO/N=C/c1c(N)ncnc1Oc1ccc(NC(=O)Nc2ccccc2C)c(Cl)c1,8.1,0.0,1
CHEMBL279,CO/N=C/c1c(N)ncnc1Oc1ccc(NC(=O)Nc2ccccc2Cl)c(Cl)c1,8.59,0.0,1
CHEMBL279,CO/N=C/c1c(N)ncnc1Oc1ccc(NC(=O)Nc2ccccc2F)c(Cl)c1,8.48,0.0,1
CHEMBL279,CO/N=C/c1c(N)ncnc1Oc1ccc(NC(=O)Nc2ccccc2OC)c(Cl)c1,8.6,0.0,1
CHEMBL279,CO/N=C/c1c(N)ncnc1Oc1ccc(NC(=O)Nc2ccccn2)c(Cl)c1,7.47,0.0,1
CHEMBL279,CO/N=C/c1c(N)ncnc1Oc1ccc(NC(=O)Nc2cccnc2)c(Cl)c1,8.0,0.0,1
CHEMBL279,CO/N=C/c1c(N)ncnc1Oc1ccc(NC(=O)Nc2ccncc2)c(Cl)c1,7.96,0.0,1
CHEMBL279,CO/N=C/c1c(N)ncnc1Oc1ccc(NC(=O)Nc2nc(C)c(C)s2)c(Cl)c1,8.7,0.0,1
CHEMBL279,CO/N=C/c1c(N)ncnc1Oc1ccc(NC(=O)Nc2nccs2)c(Cl)c1,8.47,0.0,1
CHEMBL279,CO/N=C/c1c(N)ncnc1Oc1ccc(NC(=O)OC)cc1Cl,6.82,0.0,1
CHEMBL279,CO/N=C/c1c(N)ncnc1Oc1ccc(NC(C)=O)cc1Cl,5.66,0.0,1
CHEMBL279,CO/N=C/c1c(N)ncnc1Oc1ccc2[nH]c(C)cc2c1,6.84,0.0,1
CHEMBL279,CO/N=C/c1c(N)ncnc1Oc1ccc2[nH]cc(C)c2c1,5.98,0.0,1
CHEMBL279,CO/N=C/c1c(N)ncnc1Oc1ccc2[nH]ccc2c1,6.699999999999999,0.1979898987322338,2
CHEMBL279,CO/N=C/c1c(N)ncnc1Oc1ccc2[nH]ccc2c1F,6.93,0.0,1
CHEMBL279,CO/N=C/c1c(N)ncnc1Oc1ccc2c(ccn2C)c1,5.92,0.0,1
CHEMBL279,CO/N=C/c1c(N)ncnc1Oc1ccc2cccnc2c1,5.8,0.0,1
CHEMBL279,CO/N=C/c1c(N)ncnc1Oc1ccc2ncccc2c1,6.16,0.0,1
CHEMBL279,CO/N=C/c1ccc2[nH]c3c4c(c5c(c3c2c1)CNC5=O)-c1cn(C)nc1CC4,7.75,0.0,1
CHEMBL279,COC(=O)/C=C(/C)N/C=C/C(=O)c1ccc(NC(=S)Nc2ccc(S(=O)(=O)Nc3ccccn3)cc2)cc1,7.24,0.0,1
CHEMBL279,COC(=O)C(=O)Nc1c(C(N)=O)sc2[nH]nc(C)c12,4.77,0.0,1
CHEMBL279,COC(=O)C(=O)Nc1cccc2c1Cc1c-2n[nH]c1-c1ccsc1,7.3,0.0,1
CHEMBL279,COC(=O)C(=O)Nc1cccc2c1Cc1c-2n[nH]c1-c1csc(C#CCOc2ccccc2)c1,7.44,0.0,1
CHEMBL279,COC(=O)C(CCSC)NC(=O)CCNC(=O)c1cc2ccccc2oc1=O,4.63,0.0,1
CHEMBL279,COC(=O)C(Cc1ccc(O)cc1)NC(=O)c1cc2ccccc2oc1=O,4.47,0.0,1
CHEMBL279,COC(=O)C1CCCN1CCCNC(=O)c1c[nH]c(-c2cc(Oc3ccc(NC(=O)Nc4cc(C)ccc4F)cc3)ccn2)c1,7.5,0.0,1
CHEMBL279,COC(=O)C1CCCN1CCCNC(=O)c1cc2nccc(Oc3ccc(NC(=O)Nc4cc(C)ccc4F)c(F)c3)c2s1,8.22,0.0,1
CHEMBL279,COC(=O)C1CCN(C(=O)c2cc3nccc(Oc4ccc(NC(=O)Nc5cc(C)ccc5F)c(F)c4)c3s2)C1,8.3,0.0,1
CHEMBL279,COC(=O)CC1CCN(C(=O)c2c[nH]c(-c3cc(Oc4ccc(NC(=O)Nc5cc(C)ccc5F)cc4)ccn3)c2)CC1,6.94,0.0,1
CHEMBL279,COC(=O)CC=S(C)(=O)NC(=O)c1c[nH]c(-c2cc(Oc3ccc(NC(=O)Nc4cccc(C)c4)cc3)ccn2)c1,7.6,0.0,1
CHEMBL279,COC(=O)CCC=S(C)(=O)NC(=O)c1c[nH]c(-c2cc(Oc3ccc(NC(=O)Nc4cc(C)ccc4F)cc3)ccn2)c1,7.89,0.0,1
CHEMBL279,COC(=O)CCCCCNC(=O)c1cnc(N)c(-c2cc3cc(NC(=O)Nc4cccc(C)c4)ccc3s2)c1,6.88,0.0,1
CHEMBL279,COC(=O)CCCCS(=O)(CCCCC(=O)OC)=NC(=O)c1cnc(N)c(-c2ccc(NC(=O)Nc3cc(C)ccc3F)cc2)c1,7.27,0.29698484809835085,2
CHEMBL279,COC(=O)CCCCS(=O)(CCCCC(=O)OC)=NC(=O)c1cnc(N)c(-c2ccc(NC(=O)Nc3cccc(C(F)(F)F)c3)cc2)c1,7.635,0.36062445840513907,2
CHEMBL279,COC(=O)CCCCS(=O)(CCCCC(=O)OC)=NC(=O)c1cnc(N)c(-c2ccc(NC(=O)Nc3cccc(C)c3)cc2)c1,7.355,0.7000357133746813,2
CHEMBL279,COC(=O)CCCCS(C)(=O)=NC(=O)c1cnc(N)c(C#Cc2cccc(C(=O)Nc3cc(C(C)(C)C)on3)c2)c1,8.0,0.0,1
CHEMBL279,COC(=O)CCCCS(C)(=O)=NC(=O)c1cnc(N)c(C#Cc2cccc(C(=O)Nc3cc(C)ccc3F)c2)c1,7.77,0.0,1
CHEMBL279,COC(=O)CCCCS(C)(=O)=NC(=O)c1cnc(N)c(C#Cc2cccc(C(=O)Nc3cccc(C)c3)c2)c1,8.15,0.0,1
CHEMBL279,COC(=O)CCCCS(C)(=O)=NC(=O)c1cnc(N)c(C#Cc2cccc(NC(=O)Nc3cc(C)ccc3F)c2)c1,8.3,0.0,1
CHEMBL279,COC(=O)CCCCS(C)(=O)=NC(=O)c1cnc(N)c(C#Cc2cccc(NC(=O)Nc3cccc(C)c3)c2)c1,8.4,0.0,1
CHEMBL279,COC(=O)CCCCS(C)(=O)=NC(=O)c1cnc(N)c(C#Cc2cccc(NC(=O)c3cc(C(F)(F)F)ccc3F)c2)c1,8.0,0.0,1
CHEMBL279,COC(=O)CCCCS(C)(=O)=NC(=O)c1cnc(N)c(C#Cc2cccc(NC(=O)c3cc(C)ccc3F)c2)c1,8.1,0.0,1
CHEMBL279,COC(=O)CCCCS(C)(=O)=NC(=O)c1cnc(N)c(C#Cc2cccc(NC(=O)c3ccc(Cl)c(C(F)(F)F)c3)c2)c1,8.4,0.0,1
CHEMBL279,COC(=O)CCCCS(C)(=O)=NC(=O)c1cnc(N)c(C#Cc2cccc(NC(=O)c3ccc(OC)c(OC)c3)c2)c1,7.82,0.0,1
CHEMBL279,COC(=O)CCCCS(C)(=O)=NC(=O)c1cnc(N)c(C#Cc2cccc(NC(=O)c3cccc(C(F)(F)F)c3)c2)c1,8.4,0.0,1
CHEMBL279,COC(=O)CCCCS(C)(=O)=NC(=O)c1cnc(N)c(C#Cc2cccc(NC(=O)c3cccc(C)c3)c2)c1,8.4,0.0,1
CHEMBL279,COC(=O)CCCCS(C)(=O)=NC(=O)c1cnc(N)c(C#Cc2cccc(NC(=O)c3cccc(OC)c3)c2)c1,8.3,0.0,1
CHEMBL279,COC(=O)CCCCS(C)(=O)=NC(=O)c1cnc(N)c(C#Cc2cccc(NC(=O)c3occc3C)c2)c1,8.15,0.0,1
CHEMBL279,COC(=O)CCCC[S@@](C)(=O)=NC(=O)c1cnc(N)c(C#Cc2cccc(NC(=O)c3occc3C)c2)c1,8.22,0.0,1
CHEMBL279,COC(=O)CCCC[S@](C)(=O)=NC(=O)c1cnc(N)c(-c2cc3cc(NC(=O)Nc4cc(C)ccc4F)ccc3s2)c1,8.52,0.0,1
CHEMBL279,COC(=O)CCCC[S@](C)(=O)=NC(=O)c1cnc(N)c(-c2cc3cc(NC(=O)Nc4ccc(F)c(Cl)c4)ccc3s2)c1,8.4,0.0,1
CHEMBL279,COC(=O)CCCC[S@](C)(=O)=NC(=O)c1cnc(N)c(-c2cc3cc(NC(=O)Nc4cccc(C)c4)ccc3s2)c1,8.05,0.35355339059327406,2
CHEMBL279,COC(=O)CCCC[S@](C)(=O)=NC(=O)c1cnc(N)c(C#Cc2cccc(NC(=O)c3occc3C)c2)c1,8.52,0.0,1
CHEMBL279,COC(=O)CCCNC(=O)c1cnc(N)c(-c2cc3cc(NC(=O)Nc4cccc(C)c4)ccc3s2)c1,6.93,0.0,1
CHEMBL279,COC(=O)CCN1CCOC(COc2cc3ncnc(Nc4ccc(Cl)c(Cl)c4)c3cc2OC)C1,4.98,0.0,1
CHEMBL279,COC(=O)CC[C@H](NC(=O)c1c[nH]c(-c2cc(Oc3ccc(NC(=O)Nc4cc(C)ccc4F)cc3)ccn2)c1)C(=O)OC,7.41,0.0,1
CHEMBL279,COC(=O)CC[C@H](NC(=O)c1cc2nccc(Oc3ccc(NC(=O)Nc4cc(C)ccc4F)c(F)c3)c2s1)C(=O)OC,7.47,0.0,1
CHEMBL279,COC(=O)CN(CCCNC(=O)c1cc2nccc(Oc3ccc(NC(=O)Nc4cc(C)ccc4F)c(F)c3)c2s1)CC(=O)OC,8.3,0.0,1
CHEMBL279,COC(=O)CN(CCCNC(=O)c1cc2nccc(Oc3ccc(NC(=O)Nc4cc(C)ccc4F)cc3)c2s1)CC(=O)OC,8.4,0.0,1
CHEMBL279,COC(=O)CN(CCNC(=O)c1cc2nccc(Oc3ccc(NC(=O)Nc4cc(C)ccc4F)c(F)c3)c2s1)CC(=O)OC,7.8,0.0,1
CHEMBL279,COC(=O)CNC(=O)c1c[nH]c(-c2cc(Oc3cc(C(=O)Nc4cc(C)ccc4F)ccc3F)ccn2)c1,7.55,0.0,1
CHEMBL279,COC(=O)CNC(=O)c1c[nH]c(-c2cc(Oc3ccc(NC(=O)Nc4cc(C)ccc4F)cc3)ccn2)c1,7.52,0.0,1
CHEMBL279,COC(=O)CNC(=O)c1c[nH]c(-c2cc(Oc3ccc(NC(=O)Nc4cccc(C)c4)c(F)c3)ccn2)c1,7.82,0.0,1
CHEMBL279,COC(=O)CNC(=O)c1c[nH]c(-c2cc(Oc3cccc(NC(=O)c4occc4C)c3)ccn2)c1,7.54,0.0,1
CHEMBL279,COC(=O)CNC(=O)c1cc(-c2cc(Oc3ccc(NC(=O)Nc4cc(C)ccc4F)cc3)ccn2)cs1,7.96,0.0,1
CHEMBL279,COC(=O)CNC(=O)c1cncc2c1CCN(c1cccc(C(=O)Nc3cccc(C(C)C)c3)c1)C2,7.31,0.0,1
CHEMBL279,COC(=O)CNCCCNC(=O)c1cc2nccc(Oc3ccc(NC(=O)Nc4cc(C)ccc4F)c(F)c3)c2s1,8.3,0.0,1
CHEMBL279,COC(=O)CNCCCNC(=O)c1cc2nccc(Oc3ccc(NC(=O)Nc4cc(C)ccc4F)cc3)c2s1,8.52,0.0,1
CHEMBL279,COC(=O)CNCCCNC(=O)c1cc2nccc(Oc3cccc(C(=O)Nc4cc(C)ccc4F)c3)c2s1,7.8,0.0,1
CHEMBL279,COC(=O)CNCCCNC(=O)c1cc2nccc(Oc3cccc(NC(=O)c4occc4C)c3)c2s1,7.96,0.0,1
CHEMBL279,COC(=O)CNCCNC(=O)c1cc2nccc(Oc3ccc(NC(=O)Nc4cc(C)ccc4F)c(F)c3)c2s1,8.05,0.0,1
CHEMBL279,COC(=O)Nc1cc(Nc2ncnc3cc(OC)c(OC)cc23)ccc1C,5.11,0.0,2
CHEMBL279,COC(=O)Nc1ccc(Nc2ncnc3cc(OC)c(OC)cc23)cc1,5.24,0.0,1
CHEMBL279,COC(=O)Nc1ccc(Nc2ncnc3cc(OC)c(OC)cc23)cc1C,6.07,0.0,2
CHEMBL279,COC(=O)Nc1ccc(Nc2ncnc3cc(OC)c(OC)cc23)cc1Cl,5.3,0.0,2
CHEMBL279,COC(=O)Nc1ccc(Oc2ncnc3cc(OC)c(OC)cc23)cc1,6.16,0.0,1
CHEMBL279,COC(=O)Nc1cccc(C(=O)Nc2ccc(F)c(Nc3ncccc3-c3ncnc4[nH]cnc34)c2F)c1,4.83,0.0,1
CHEMBL279,COC(=O)Nc1nc2cc(C(=O)c3ccccc3)ccc2[nH]1,5.405,0.049497474683058526,2
CHEMBL279,COC(=O)Nc1nc2cc(Oc3ccc(NC(=O)Nc4cc(F)ccc4C(F)(F)F)cc3)ccc2[nH]1,5.46,0.0,1
CHEMBL279,COC(=O)[C@@H]1CCCN1CCNC(=O)c1c[nH]c(-c2cc(Oc3ccc(NC(=O)Nc4cc(C)ccc4F)cc3)ccn2)c1,7.46,0.0,1
CHEMBL279,COC(=O)[C@@H]1C[C@@H](O)CN1CCCNC(=O)c1cc2nccc(Oc3ccc(NC(=O)Nc4cc(C)ccc4F)c(F)c3)c2s1,8.3,0.0,1
CHEMBL279,COC(=O)[C@@H]1C[C@@H](O)CN1CCCNC(=O)c1cc2nccc(Oc3ccc(NC(=O)Nc4cc(C)ccc4F)cc3)c2s1,8.4,0.0,1
CHEMBL279,COC(=O)[C@@]1(O)C[C@H]2O[C@]1(C)n1c3ccccc3c3c4c(c5c6ccccc6n2c5c31)C(=O)NC4,7.37,0.0,1
CHEMBL279,COC(=O)[C@H](CCC(=O)O)NC(=O)c1c[nH]c(-c2cc(Oc3ccc(NC(=O)Nc4cc(C)ccc4F)cc3)ccn2)c1,7.54,0.0,1
CHEMBL279,COC(=O)[C@H](CCC(=O)OC(C)(C)C)NC(=O)c1c[nH]c(-c2cc(Oc3ccc(NC(=O)Nc4cccc(C)c4)c(F)c3)ccn2)c1,7.55,0.0,1
CHEMBL279,COC(=O)[C@H](CCC(=O)OCC(O)CO)NC(=O)c1c[nH]c(-c2cc(Oc3ccc(NC(=O)Nc4cc(C)ccc4F)cc3)ccn2)c1,7.35,0.0,1
CHEMBL279,COC(=O)[C@]1(O)C[C@@H]2O[C@@]1(C)n1c3ccccc3c3c4c(c5c6ccccc6n2c5c31)C(=O)NC4,7.37,0.0,1
CHEMBL279,COC(=O)[C@]1(O)C[C@H]2O[C@]1(C)n1c3ccccc3c3c4c(c5c6ccccc6n2c5c31)C(=O)NC4,7.72,0.0,1
CHEMBL279,COC(=O)c1c(OCCCN(C)C)c2ccccc2c2oc3c(c12)C(=O)c1ccccc1C3=O,4.81,0.0,1
CHEMBL279,COC(=O)c1c(OCCN(C)C)c2ccccc2c2oc3c(c12)C(=O)c1ccccc1C3=O,4.89,0.0,1
CHEMBL279,COC(=O)c1c(OCCN2CCCC2)c2ccccc2c2oc3c(c12)C(=O)c1ccccc1C3=O,5.26,0.0,1
CHEMBL279,COC(=O)c1c(OCCN2CCCCC2)c2ccccc2c2oc3c(c12)C(=O)c1ccccc1C3=O,5.34,0.0,1
CHEMBL279,COC(=O)c1c(Oc2cccc(NC(=O)c3cccc(C(C)(C)C#N)c3)c2)ccc2nc(NC(=O)C3CC3)sc12,7.48,0.0,1
CHEMBL279,COC(=O)c1c[nH]c(-c2cc(Nc3cccc(NC(=O)c4occc4C)c3)ccn2)c1,6.3,0.0,1
CHEMBL279,COC(=O)c1c[nH]c(-c2cc(Oc3ccc(F)c(NC(=O)c4occc4C)c3)ccn2)c1,7.26,0.0,1
CHEMBL279,COC(=O)c1c[nH]c(-c2cc(Oc3ccc(NC(=O)Nc4cc(C)ccc4F)cc3)ccn2)c1,7.33,0.0,1
CHEMBL279,COC(=O)c1c[nH]c(-c2cc(Oc3ccc(NC(=O)Nc4cc(C)ccc4F)cc3F)ccn2)c1,7.07,0.0,1
CHEMBL279,COC(=O)c1c[nH]c(-c2cc(Oc3ccc(NC(=O)Nc4ccc(Cl)c(C(F)(F)F)c4)cc3)ccn2)c1,6.89,0.0,1
CHEMBL279,COC(=O)c1c[nH]c(-c2cc(Oc3ccc(NC(=O)Nc4ccc(F)c(C(F)(F)F)c4)cc3)ccn2)c1,7.01,0.0,1
CHEMBL279,COC(=O)c1c[nH]c(-c2cc(Oc3ccc(NC(=O)Nc4cccc(C)c4)c(F)c3)ccn2)c1,7.85,0.0,1
CHEMBL279,COC(=O)c1c[nH]c(-c2cc(Oc3ccc(NC(=O)Nc4cccc(C)c4)cc3)ccn2)c1,7.77,0.0,1
CHEMBL279,COC(=O)c1c[nH]c(-c2cc(Oc3cccc(C(=O)Nc4cc(C)ccc4F)c3)ccn2)c1,7.55,0.0,1
CHEMBL279,COC(=O)c1c[nH]c(-c2cc(Oc3cccc(C(=O)Nc4cccc(C)c4)c3)ccn2)c1,7.46,0.0,1
CHEMBL279,COC(=O)c1c[nH]c(-c2cc(Oc3cccc(NC(=O)c4occc4C)c3)ccn2)c1,7.395,0.2050609665440991,2
CHEMBL279,COC(=O)c1c[nH]c(-c2cc(Oc3cccc(NC(=O)c4sccc4C)c3)ccn2)c1,7.18,0.0,1
CHEMBL279,COC(=O)c1c[nH]c(-c2cc(Sc3ccc(NC(=O)Nc4cc(C)ccc4F)cc3)ccn2)c1,6.32,0.0,1
CHEMBL279,COC(=O)c1cc(-c2cc(Oc3ccc(NC(=O)Nc4cc(C)ccc4F)cc3)cc(N)n2)cn1C(=O)OC(C)(C)C,5.0,0.0,1
CHEMBL279,COC(=O)c1cc(-c2cc(Oc3ccc(NC(=O)Nc4cc(C)ccc4F)cc3)ccn2)c[nH]1,7.92,0.0,1
CHEMBL279,COC(=O)c1cc(-c2cc(Oc3ccc(NC(=O)Nc4cc(C)ccc4F)cc3)ccn2)cs1,7.22,0.0,1
CHEMBL279,COC(=O)c1cc(-c2cc(Oc3cccc(NC(=O)Nc4cc(C)ccc4F)c3)ccn2)c[nH]1,7.66,0.0,1
CHEMBL279,COC(=O)c1cc(O)c(O)c(C[C@]2(C)[C@@H](C)CC[C@@]3(C)C(C)=CCC[C@@H]23)c1,5.32,0.0,1
CHEMBL279,COC(=O)c1cc2c(C)n[nH]c2s1,4.64,0.0,1
CHEMBL279,COC(=O)c1cc2c(Oc3ccc4[nH]ccc4c3)ncnn2c1,6.68,0.0,1
CHEMBL279,COC(=O)c1cc2nccc(-c3ccc(NC(=O)Nc4cc(C)ccc4F)cc3)c2s1,4.0,0.0,1
CHEMBL279,COC(=O)c1cc2nccc(Oc3ccc(NC(=O)Nc4cc(C)ccc4F)cc3)c2s1,7.75,0.0,1
CHEMBL279,COC(=O)c1cc2nccc(Oc3cccc(NC(=O)Nc4cc(C)ccc4F)c3)c2s1,7.68,0.0,1
CHEMBL279,COC(=O)c1cc2nccc(Oc3cccc(NC(=O)c4occc4C)c3)c2s1,7.62,0.0,1
CHEMBL279,COC(=O)c1ccc(-c2nnc(Nc3ccc(Cl)cc3)c3ccccc23)cc1,6.44,0.0,1
CHEMBL279,COC(=O)c1ccc(-c2nnc(Nc3ccc(OC(F)(F)Cl)cc3)c3ccccc23)cc1,6.2,0.0,1
CHEMBL279,COC(=O)c1ccc(Nc2nnc(-c3ccc(C(N)=O)cc3)c3ccccc23)cc1,5.57,0.0,1
CHEMBL279,COC(=O)c1ccc2c(C(Nc3ccc(N(C)C(=O)CN4CCN(C)CC4)cc3)c3ccccc3)c(O)[nH]c2c1,8.52,0.0,1
CHEMBL279,COC(=O)c1ccc2c(c1)NC(=O)/C2=C(\Nc1ccc(N(C)C(=O)CN2CCN(C)CC2)cc1)c1ccccc1,8.148,0.5761683781673552,5
CHEMBL279,COC(=O)c1ccc2c(c1)NC(=O)/C2=C(\Nc1ccc(N2C(=O)CC[C@@H]2CN(C)C)cc1)c1ccccc1,7.29,0.0,1
CHEMBL279,COC(=O)c1ccc2c(c1)NC(=O)/C2=C(\Nc1ccc(N2C(=O)CC[C@@H]2CN2CCN(C)CC2)cc1)c1ccccc1,8.08,0.0,1
CHEMBL279,COC(=O)c1ccc2c(c1)NC(=O)/C2=C(\Nc1ccc(N2C(=O)CC[C@H]2CN2CCN(C)CC2)cc1)c1ccccc1,8.8,0.0,1
CHEMBL279,COC(=O)c1ccc2c(c1)NC(=O)/C2=C(\Nc1ccc(N2CCC(CN3CCN(C)CC3)C2=O)cc1)c1ccccc1,7.92,0.0,1
CHEMBL279,COC(=O)c1ccc2c(c1)NC(=O)/C2=C(\Nc1ccc2c(c1)CCN2C(=O)CN1CCOCC1)c1ccccc1,6.96,0.0,1
CHEMBL279,COC(=O)c1ccc2c(c1)NC(=O)/C2=C(\Nc1ccc2c(c1)N(C(=O)CN(C)C)CC2)c1ccccc1,7.19,0.0,1
CHEMBL279,COC(=O)c1ccc2c(c1)NC(=O)/C2=C(\Nc1ccc2c(c1)N(C(=O)CN1CC(C)OC(C)C1)CC2)c1ccccc1,6.52,0.0,1
CHEMBL279,COC(=O)c1ccc2c(c1)NC(=O)/C2=C(\Nc1ccc2c(c1)N(C(=O)CN1CCCC1=O)CC2)c1ccccc1,6.64,0.0,1
CHEMBL279,COC(=O)c1ccc2c(c1)NC(=O)/C2=C(\Nc1ccc2c(c1)N(C(=O)CN1CCOCC1)CC2)c1ccccc1,6.96,0.0,1
CHEMBL279,COC(=O)c1ccc2c(c1)NC(=O)/C2=C(\Nc1ccc2c(c1)N(C(=O)Cn1cccn1)CC2)c1ccccc1,6.52,0.0,1
CHEMBL279,COC(=O)c1ccc2c(c1)NC(=O)/C2=C(\Nc1ccc2c(c1)N(C(=O)Cn1cncn1)CC2)c1ccccc1,7.0,0.0,1
CHEMBL279,COC(=O)c1ccc2cc(-c3ccc(NC(=O)Nc4cccc(C)c4)cc3)n(C(N)=O)c2c1,8.3,0.0,1
CHEMBL279,COC(=O)c1ccc2cc(-c3nc(C(C)C)n4ccnc(N)c34)[nH]c2c1,5.54,0.0,1
CHEMBL279,COC(=O)c1cccc(NC(=O)Nc2ccc(-c3c(C)sc4ncnc(N)c34)cc2)c1,6.53,0.0,1
CHEMBL279,COC(=O)c1cccc2[nH]c(-c3n[nH]c4ncc(-c5cncc6ccccc56)cc34)nc12,4.0,0.0,1
CHEMBL279,COC(=O)c1ccnc(C#CCN(c2cc(OC)cc(OC)c2)c2ccc3ncc(-c4cnn(C)c4)nc3c2)n1,6.42,0.0,1
CHEMBL279,COC(=O)c1cn2ncnc(Nc3ccc(Br)c(O)c3)c2c1C,7.48,0.0,1
CHEMBL279,COC(=O)c1cn2ncnc(Nc3ccc(C(C)C)c(O)c3)c2c1C,6.42,0.0,1
CHEMBL279,COC(=O)c1cn2ncnc(Nc3ccc(C(F)(F)F)c(O)c3)c2c1C,6.43,0.0,1
CHEMBL279,COC(=O)c1cn2ncnc(Nc3ccc(C)c(O)c3)c2c1C,8.0,0.0,1
CHEMBL279,COC(=O)c1cn2ncnc(Nc3ccc(C)c(O)c3)c2c1C(C)(C)C,6.51,0.0,1
CHEMBL279,COC(=O)c1cn2ncnc(Nc3cccc(O)c3)c2c1C,7.21,0.0,1
CHEMBL279,COC(=O)c1cn2ncnc(Nc3cnc4[nH]ccc4c3)c2c1C,6.92,0.0,1
CHEMBL279,COC(=O)c1cn2ncnc(Nc3cnc4[nH]ccc4c3)c2c1C(C)C,7.77,0.0,1
CHEMBL279,COC(=O)c1cn2ncnc(Oc3ccc4[nH]c(C)cc4c3)c2c1C,7.11,0.0,1
CHEMBL279,COC(=O)c1cn2ncnc(Oc3ccc4[nH]c(C)cc4c3F)c2c1C,7.77,0.0,1
CHEMBL279,COC(=O)c1cnc(-c2ccn3c(-c4cccc(NC(=O)NCC(F)(F)F)c4)cnc3c2)nc1,6.58,0.0,1
CHEMBL279,COC(=O)c1cnc(N)c(-c2cc3cc(NC(=O)Nc4cc(C(F)(F)F)ccc4F)ccc3s2)c1,7.8100000000000005,0.26870057685088766,2
CHEMBL279,COC(=O)c1cnc(N)c(-c2cc3cc(NC(=O)Nc4cc(C)ccc4F)ccc3s2)c1,7.795,0.03535533905932788,2
CHEMBL279,COC(=O)c1cnc(N)c(-c2cc3cc(NC(=O)Nc4ccc(C)cc4)ccc3s2)c1,7.635,0.40305086527633227,2
CHEMBL279,COC(=O)c1cnc(N)c(-c2cc3cc(NC(=O)Nc4ccc(Cl)c(C(F)(F)F)c4)ccc3s2)c1,7.585,0.33234018715767777,2
CHEMBL279,COC(=O)c1cnc(N)c(-c2cc3cc(NC(=O)Nc4ccc(F)c(Cl)c4)ccc3s2)c1,7.63,0.0707106781186545,2
CHEMBL279,COC(=O)c1cnc(N)c(-c2cc3cc(NC(=O)Nc4ccc(F)cc4F)ccc3s2)c1,8.05,0.0,1
CHEMBL279,COC(=O)c1cnc(N)c(-c2cc3cc(NC(=O)Nc4cccc(C(F)(F)F)c4)ccc3s2)c1,8.055,0.13435028842544464,2
CHEMBL279,COC(=O)c1cnc(N)c(-c2cc3cc(NC(=O)Nc4cccc(C)c4)ccc3s2)c1,7.725,0.03535533905932694,2
CHEMBL279,COC(=O)c1cnc(N)c(-c2cc3cc(NC(=O)Nc4ccccc4)ccc3s2)c1,7.205,0.48790367901871745,2
CHEMBL279,COC(=O)c1cnc(N)c(-c2cc3cc(NC(=O)Nc4ccccc4F)ccc3s2)c1,7.545,0.6434671708797584,2
CHEMBL279,COC(=O)c1cnc(N)c(-c2cc3cc(NC(=O)c4cc(C(F)(F)F)ccc4F)ccc3s2)c1,6.785,1.0677312395916867,2
CHEMBL279,COC(=O)c1cnc(N)c(-c2cc3cc(NC(=O)c4cc(C)ccc4F)ccc3s2)c1,7.0600000000000005,0.5091168824543144,2
CHEMBL279,COC(=O)c1cnc(N)c(-c2cc3cc(NC(=O)c4cc5ccccc5o4)ccc3s2)c1,6.03,0.0,1
CHEMBL279,COC(=O)c1cnc(N)c(-c2cc3cc(NC(=O)c4ccc(F)c(Cl)c4)ccc3s2)c1,7.09,0.7212489168102781,2
CHEMBL279,COC(=O)c1cnc(N)c(-c2cc3cc(NC(=O)c4cccc(C)c4)ccc3s2)c1,7.42,0.2545584412271567,2
CHEMBL279,COC(=O)c1cnc(N)c(-c2cc3cc(NC(=O)c4ccccc4)ccc3s2)c1,6.475,0.2474873734152923,2
CHEMBL279,COC(=O)c1cnc(N)c(-c2cc3cc(NC(=O)c4occc4C)ccc3s2)c1,7.359999999999999,0.21213203435596445,2
CHEMBL279,COC(=O)c1cnc(N)c(-c2ccc(NC(=O)Nc3cc(C(F)(F)F)ccc3F)cc2)c1,8.15,0.0,1
CHEMBL279,COC(=O)c1cnc(N)c(-c2ccc(NC(=O)Nc3cc(C)ccc3F)cc2)c1,8.05,0.0,1
CHEMBL279,COC(=O)c1cnc(N)c(-c2ccc(NC(=O)Nc3ccc(Cl)c(C(F)(F)F)c3)cc2)c1,8.15,0.0,1
CHEMBL279,COC(=O)c1cnc(N)c(-c2ccc(NC(=O)Nc3ccccc3)cc2)c1,7.54,0.0,1
CHEMBL279,COC(=O)c1cncc(/C=C/c2c[nH]nc2-c2nc3ccc(OC)cc3[nH]2)c1,5.89,0.0,1
CHEMBL279,COC(=O)c1cncc2c1CCN(c1cccc(C(=O)Nc3cccc(C(C)C)c3)c1)C2,7.92,0.0,1
CHEMBL279,COC(=O)c1cncc2c1CCN(c1cccc(C(=O)Nc3cccc(C(F)(F)F)c3)c1)C2,8.1,0.0,1
CHEMBL279,COC(C)Oc1cc2ncnc(Oc3ccc(NC(=O)C4(C(=O)Nc5ccc(F)cc5)CC4)cc3)c2c2c1OCCO2,8.06,0.0,1
CHEMBL279,COC(C)Oc1cc2ncnc(Oc3ccc(NC(=O)C4(C(=O)Nc5ccc(F)cc5)CC4)cc3F)c2c2c1OCCO2,8.44,0.0,1
CHEMBL279,COC(C)c1ccc2c(c1)c1c3c(c4c(c1n2CCCO)Cc1ccccc1-4)C(=O)NC3,7.14,0.0,1
CHEMBL279,COC/C(CN(c1cc(OC)cc(OC)c1)c1ccc2ncc(-c3cnn(C)c3)nc2c1)=N/O,6.66,0.0,1
CHEMBL279,COC/C(CN(c1cc(OC)cc(OC)c1)c1ccc2ncc(-c3cnn(C)c3)nc2c1)=N\O,6.7,0.0,1
CHEMBL279,COC1(C(=O)N[C@@H](C)c2ccc(-n3cc(F)cn3)nc2)CCC(c2nc(C)cc(Nc3cc(C)[nH]n3)n2)CC1,7.46,0.0,1
CHEMBL279,COC1=CC(=O)C(N[C@@H](CO)C(=O)O)=CC1=O,5.1,0.0,1
CHEMBL279,COC1=CC(=O)C(Nc2ncnc3cc(OCC4CCN(C)CC4)c(OC)cc23)=CC1=O,6.343333333333334,0.7256950691119056,3
CHEMBL279,COC1=CC(=O)C(Nc2ncnc3cc(OCCCN4CCCC4)c(OC)cc23)=CC1=O,6.4125,0.38664152217094677,4
CHEMBL279,COC1=CC(N(CCN(Cc2ccccc2N)C(C)C)c2ccc3ncc(-c4cnn(C)c4)nc3c2)CC(OC)=C1,6.63,0.0,1
CHEMBL279,COC1=CC(N(CCO)c2ccc3ncc(-c4cn(C)nc4C(F)(F)F)nc3c2)CC(OC)=C1,6.26,0.0,1
CHEMBL279,COC1CCN(c2nccc(Nc3cc(NC(=O)c4c(Cl)cccc4Cl)ccn3)n2)CC1,5.48,0.0,1
CHEMBL279,COC1CCN(c2nccc(Nc3cc4[nH]c(-c5cn[nH]c5)cc4cn3)n2)CC1,6.66,0.0,1
CHEMBL279,COC1CCN(c2nccc(Nc3cc4[nH]c(-c5cn[nH]c5)nc4cn3)n2)CC1,5.87,0.0,1
CHEMBL279,COC1CCN(c2nccc(Nc3cc4c(C(C)C)n[nH]c4cn3)n2)CC1,5.65,0.0,1
CHEMBL279,COC1CCN(c2nccc(Nc3cc4c(ccn4C(C)C)cn3)n2)CC1,5.7,0.0,1
CHEMBL279,COC1CCN(c2nccc(Nc3cc4c(ccn4C4CCCC4)cn3)n2)CC1,5.64,0.0,1
CHEMBL279,COC1CCN(c2nccc(Nc3cc4c(cn3)c(N)nn4C(C)C)n2)CC1,5.78,0.0,1
CHEMBL279,COC1CCN(c2nccc(Nc3cc4c(cn3)cc(-c3cn[nH]c3)n4C(C)C)n2)CC1,7.92,0.0,1
CHEMBL279,COC1OC(=O)c2c(O)c(O)c(O)c(C)c21,4.58,0.0,1
CHEMBL279,COCC#Cc1cc(-c2n[nH]c3c2Cc2cc(CN4CCN(C)CC4)ccc2-3)cs1,7.64,0.0,1
CHEMBL279,COCC(=O)Nc1cc(NC(=O)Nc2ccc(Oc3ccnc(NC(=O)C4CC4)c3)c(F)c2)cc(C(F)(F)F)c1,7.74,0.0,1
CHEMBL279,COCC(=O)Nc1cc2ncnc(Nc3cc(O)c(C)cc3F)c2cc1OC,6.52,0.0,1
CHEMBL279,COCC(=O)Nc1cccc2c1Cc1c-2n[nH]c1-c1ccsc1,7.16,0.0,1
CHEMBL279,COCC(=O)Nc1cccc2c1Cc1c-2n[nH]c1-c1csc(C#CCOc2ccccc2)c1,7.28,0.0,1
CHEMBL279,COCC(=O)Nc1cncc(-c2cncc(Nc3cccc(Cl)c3)n2)c1,6.52,0.0,1
CHEMBL279,COCC(O)CN(c1cc(OC)cc(OC)c1)c1ccc2ncc(-c3cnn(C(C)C)c3)nc2c1,7.16,0.0,2
CHEMBL279,COCC(O)CN(c1cc(OC)cc(OC)c1)c1ccc2ncc(-c3cnn(C)c3)nc2c1,6.87,0.0,1
CHEMBL279,COCC/C(=N\S(=O)(=O)Cc1ccc(Cl)cc1)Nc1ccc(Oc2ccnc3cc(OCCCN4CCOCC4)c(OC)cc23)c(F)c1,6.17,0.0,1
CHEMBL279,COCCC(=O)Nc1cncc(-c2cncc(Nc3cccc(Cl)c3)n2)c1,6.23,0.0,1
CHEMBL279,COCCCNC(=O)Nc1snc(-c2ccc(N)cc2)c1C(N)=O,5.34,0.0,1
CHEMBL279,COCCCNC(=O)Nc1snc(-c2ccc(NC(=O)Nc3cc(C)ccc3F)cc2)c1C(N)=O,7.41,0.0,1
CHEMBL279,COCCCNC(=O)c1cccc2cc(Oc3ccnc4cc(OC)c(OC)cc34)ccc12,8.38,0.0,1
CHEMBL279,COCCCNC(=O)c1cn2ncnc(Nc3ccc(C)c(O)c3)c2c1C,6.82,0.0,1
CHEMBL279,COCCCO/N=C/c1c(N)ncnc1Oc1ccc2[nH]c(C)cc2c1F,7.21,0.0,1
CHEMBL279,COCCN(C)CCCOc1cc2nccc(Oc3ccc(NC(=O)Nc4ccc(Cl)c(C(F)(F)F)c4)cc3)c2c2c1OCCO2,6.56,0.0,1
CHEMBL279,COCCN(C)CCOc1ccc2[nH]c(-c3cc4ccccc4nc3O)cc2c1,8.15,0.0,1
CHEMBL279,COCCN(CCOc1ccc(-c2cnc3c(-c4ccsc4)cnn3c2)cc1)Cc1ccccc1,7.72,0.0,1
CHEMBL279,COCCN(Cc1ccc(-c2[nH]nc3c2Cc2cc(CN4CCN(C)CC4)ccc2-3)s1)C(=O)Nc1cccc(C)c1,6.77,0.0,1
CHEMBL279,COCCN(c1cc(OC)cc(OC)c1)c1ccc2ncc(-c3cnn(C)c3)nc2c1,6.79,0.0,1
CHEMBL279,COCCN(c1cccc(OC)c1)c1ccc2ncc(-c3cnn(C)c3)nc2c1,6.48,0.0,1
CHEMBL279,COCCN(c1ccnc(Nc2cc(N3CCOCC3)cc(N3CCOCC3)c2)n1)c1cc(CO)ccc1C,6.41,0.0,1
CHEMBL279,COCCN1CCC(Nc2ccc3c(c2)C(=C(c2ccccc2)c2nc4ccccc4[nH]2)C(=O)N3)CC1,8.05,0.0,1
CHEMBL279,COCCN1CCCOC(COc2cc3ncnc(Nc4ccc(Cl)c(Cl)c4)c3cc2OC)C1,4.98,0.0,1
CHEMBL279,COCCN1CCN(c2cc(Nc3ncc(C#N)s3)ncn2)CC1,8.05,0.0,1
CHEMBL279,COCCN1CCN(c2ccc(-c3cnn4c(N)c(-c5ccc(NC(=O)OCC(C)C)cc5)cnc34)cc2)CC1,5.66,0.0,1
CHEMBL279,COCCN1CCOC(COc2cc3ncnc(Nc4ccc(Cl)c(Cl)c4)c3cc2OC)C1,4.98,0.0,1
CHEMBL279,COCCNC(=O)C(C)(C)n1cc(-c2cnc3ccc(N(CC4CC4)c4cc(OC)cc(OC)c4)cc3n2)cn1,6.49,0.0,1
CHEMBL279,COCCNC(=O)Cn1cc(-c2cnc3ccc(N(CC4CC4)c4cc(OC)cc(OC)c4)cc3n2)cn1,6.35,0.0,1
CHEMBL279,COCCNC(=O)c1c[nH]c(-c2cc(Oc3ccc(NC(=O)Nc4cc(C)ccc4F)cc3)ccn2)c1,7.66,0.0,1
CHEMBL279,COCCNC(=O)c1cc2ccc(-c3nn(C(C)(C)C)c4ncnc(N)c34)cc2[nH]1,4.38,0.0,1
CHEMBL279,COCCNC(=O)c1ccc(-c2cc3nccc(Oc4ccc(NC(=O)c5cnn(-c6ccccc6)c5C(F)(F)F)cc4F)c3s2)nc1,5.28,0.0,1
CHEMBL279,COCCNC(=O)c1ccc2c(Cl)c(-c3nn(C(C)(C)C)c4ncnc(N)c34)[nH]c2c1,4.57,0.0,1
CHEMBL279,COCCNC(=O)c1ccc2c(c1)C(=C(c1ccccc1)c1nc3ccccc3[nH]1)C(=O)N2,7.16,0.0,1
CHEMBL279,COCCNC(=O)c1cccc2c1CCN(Cc1ccnc3cc(OC)c(OC)cc13)C2,5.52,0.0,1
CHEMBL279,COCCNC(=O)c1cccc2cc(Oc3ccnc4cc(OC)c(C(C)=O)cc34)ccc12,7.66,0.0,1
CHEMBL279,COCCNC(=O)c1cccc2cc(Oc3ccnc4cc(OC)c(C(N)=O)cc34)ccc12,7.66,0.0,1
CHEMBL279,COCCNC(=O)c1cccc2cc(Oc3ccnc4cc(OC)c(OC)cc34)ccc12,7.92,0.0,1
CHEMBL279,COCCNC(=O)c1cccc2cc(Oc3ccnc4cc(OC)ccc34)ccc12,7.55,0.0,1
CHEMBL279,COCCNC(=O)c1cccc2cc(Oc3ncnc4cc(OC)c(OC)cc34)ccc12,6.5,0.0,1
CHEMBL279,COCCNC(=O)c1sc2ncnc(Oc3ccc(NC(=O)C4(C(=O)Nc5ccc(F)cc5)CC4)cc3F)c2c1C,7.08,0.0,1
CHEMBL279,COCCNCc1ccc(-c2cc3nccc(Oc4ccc(NC(=O)C5(C(=O)Nc6ccc(F)cc6)CC5)cc4F)c3s2)nc1,8.3,0.0,1
CHEMBL279,COCCNCc1ccc(-c2cc3nccc(Oc4ccc(NC(=S)NC(=O)Cc5ccc(F)cc5)cc4F)c3s2)nc1,9.15,0.21213203435596475,2
CHEMBL279,COCCNS(=O)(=O)c1ccc2c(c1)C(=C(c1ccccc1)c1nc3ccccc3[nH]1)C(=O)N2,6.18,0.0,1
CHEMBL279,COCCNc1ccc(-c2ccn3c(-c4cccc(NC(=O)NCC(F)(F)F)c4)cnc3c2)nn1,7.75,0.0,1
CHEMBL279,COCCNc1nnc(-c2ccn3c(-c4cccc(NC(=O)NCC(F)(F)F)c4)cnc3c2)s1,8.03,0.0,1
CHEMBL279,COCCO/N=C/c1c(N)ncnc1Oc1ccc2[nH]c(C)cc2c1F,7.62,0.0,1
CHEMBL279,COCCOC(=O)c1c[nH]c(-c2cc(Oc3ccc(NC(=O)Nc4cc(C)ccc4F)cc3)ccn2)c1,7.6,0.0,1
CHEMBL279,COCCOC(=O)c1cc2nccc(Oc3cccc(NC(=O)c4occc4C)c3)c2s1,7.72,0.0,1
CHEMBL279,COCCOC1=CC(=O)C(Nc2ncnc3cc(OCCOC)c(OC)cc23)=CC1=O,6.475,0.21920310216782915,2
CHEMBL279,COCCOCC#Cc1cc(-c2n[nH]c3c2C(=O)c2cc(CN4CCN(C)CC4)ccc2-3)cs1,7.945,0.07778174593052077,2
CHEMBL279,COCCOCC#Cc1cc(-c2n[nH]c3c2Cc2cc(CN4CCN(C)CC4)ccc2-3)cs1,7.28,0.0,1
CHEMBL279,COCCOCC#Cc1cc(-c2n[nH]c3c2Cc2cc(Cn4cncn4)ccc2-3)cs1,7.32,0.0,1
CHEMBL279,COCCOCC#Cc1cc(-c2n[nH]c3c2Cc2ccc(CN4CCN(C)CC4)cc2-3)cs1,7.52,0.0,1
CHEMBL279,COCCOCC#Cc1cc(-c2n[nH]c3c2Cc2ccc(Cn4cncn4)cc2-3)cs1,8.3,0.0,1
CHEMBL279,COCCOCC(=O)Nc1cccc2c1Cc1c-2n[nH]c1-c1csc(C#CCOc2ccccc2)c1,6.57,0.0,1
CHEMBL279,COCCOCCOC(=O)c1c[nH]c(-c2cc(Oc3ccc(NC(=O)Nc4cc(C)ccc4F)cc3)ccn2)c1,7.15,0.0,1
CHEMBL279,COCCONC(=O)c1cc2ccc(-c3nn(C(C)(C)C)c4ncnc(N)c34)cc2[nH]1,4.52,0.0,1
CHEMBL279,COCCOc1cc2c(Oc3ccc(Nc4nccc5[nH]cc(-c6ccc(F)cc6)c(=O)c45)cc3F)ncnc2cc1OC,7.01,0.0,1
CHEMBL279,COCCOc1cc2nccc(Nc3ccc(Cl)cc3F)c2cc1OC,8.0,0.0,1
CHEMBL279,COCCOc1cc2nccc(Oc3ccc(NC(=O)Nc4ccc(Cl)c(C(F)(F)F)c4)cc3)c2c2c1OCCO2,6.56,0.0,1
CHEMBL279,COCCOc1cc2nccc(Oc3ccc(NC(=O)Nc4ccc(Cl)c(C(F)(F)F)c4)cc3F)c2c2c1OCCO2,6.56,0.0,1
CHEMBL279,COCCOc1cc2ncnc(NC3=C(Cl)C(=O)C=C(OC)C3=O)c2cc1OC,6.95,0.0,1
CHEMBL279,COCCOc1cc2ncnc(NC3=C(SC)C(=O)C(OC)=C(Cl)C3=O)c2cc1OC,7.17,0.0,1
CHEMBL279,COCCOc1cc2ncnc(NC3=CC(=O)C(Br)=CC3=O)c2cc1OC,8.05,0.0,1
CHEMBL279,COCCOc1cc2ncnc(NC3=CC(=O)C(C)=CC3=O)c2cc1OC,6.59,0.5232590180780453,2
CHEMBL279,COCCOc1cc2ncnc(NC3=CC(=O)C(Cl)=C(Cl)C3=O)c2cc1OC,7.87,0.0,1
CHEMBL279,COCCOc1cc2ncnc(NC3=CC(=O)C(Cl)=C(OC(C)C)C3=O)c2cc1OC,7.865,1.2091525958289968,2
CHEMBL279,COCCOc1cc2ncnc(NC3=CC(=O)C(Cl)=C(OC)C3=O)c2cc1OC,7.595,1.6617009357883865,2
CHEMBL279,COCCOc1cc2ncnc(NC3=CC(=O)C(Cl)=C(OCC4CC4)C3=O)c2cc1OC,7.675000000000001,1.3647160876900375,2
CHEMBL279,COCCOc1cc2ncnc(NC3=CC(=O)C(Cl)=CC3=O)c2cc1OC,7.305,1.491995308303615,2
CHEMBL279,COCCOc1cc2ncnc(NC3=CC(=O)C(N(C)C)=CC3=O)c2cc1OC,5.62,0.4525483399593908,2
CHEMBL279,COCCOc1cc2ncnc(NC3=CC(=O)C(N(C)c4ccccc4)=CC3=O)c2cc1OC,7.8,0.0,1
CHEMBL279,COCCOc1cc2ncnc(NC3=CC(=O)C(N4CC(C)OC4=O)=CC3=O)c2cc1OC,7.783333333333334,0.4935922743857866,3
CHEMBL279,COCCOc1cc2ncnc(NC3=CC(=O)C(N4CC4C)=CC3=O)c2cc1OC,6.27,0.0,1
CHEMBL279,COCCOc1cc2ncnc(NC3=CC(=O)C(N4CCC(Cc5ccccc5)CC4)=CC3=O)c2cc1OC,6.58,0.0707106781186545,2
CHEMBL279,COCCOc1cc2ncnc(NC3=CC(=O)C(N4CCCC4)=CC3=O)c2cc1OC,6.43,0.0,1
CHEMBL279,COCCOc1cc2ncnc(NC3=CC(=O)C(N4CCCCC4)=CC3=O)c2cc1OC,6.44,0.0,1
CHEMBL279,COCCOc1cc2ncnc(NC3=CC(=O)C(N4CCN(Cc5ccccc5)CC4)=CC3=O)c2cc1OC,7.03,0.11532562594670785,3
CHEMBL279,COCCOc1cc2ncnc(NC3=CC(=O)C(N4CCOCC4)=CC3=O)c2cc1OC,7.0,0.0,1
CHEMBL279,COCCOc1cc2ncnc(NC3=CC(=O)C(OC(C)C)=CC3=O)c2cc1OC,6.285,0.03535533905932756,2
CHEMBL279,COCCOc1cc2ncnc(NC3=CC(=O)C(OC(CF)CF)=C(Cl)C3=O)c2cc1OC,8.356666666666667,1.1338577218210992,3
CHEMBL279,COCCOc1cc2ncnc(NC3=CC(=O)C(OC(CF)CF)=C(OC)C3=O)c2cc1OC,7.8149999999999995,0.6010407640085654,2
CHEMBL279,COCCOc1cc2ncnc(NC3=CC(=O)C(OC(CF)CF)=CC3=O)c2cc1OC,7.7625,0.19137659209004593,4
CHEMBL279,COCCOc1cc2ncnc(NC3=CC(=O)C(OC(c4ccccc4)C(F)(F)F)=CC3=O)c2cc1OC,7.34,0.9539392014169457,3
CHEMBL279,COCCOc1cc2ncnc(NC3=CC(=O)C(OC)=C(Cl)C3=O)c2cc1OC,8.323333333333332,0.6606310114832133,3
CHEMBL279,COCCOc1cc2ncnc(NC3=CC(=O)C(OC)=C(OC)C3=O)c2cc1OC,7.665,0.1767766952966369,2
CHEMBL279,COCCOc1cc2ncnc(NC3=CC(=O)C(OC)=CC3=O)c2cc1OC,6.41,0.19000000000000025,3
CHEMBL279,COCCOc1cc2ncnc(NC3=CC(=O)C(OCC#Cc4ccccc4)=CC3=O)c2cc1OC,8.113333333333333,0.34559128075420786,3
CHEMBL279,COCCOc1cc2ncnc(NC3=CC(=O)C(OCC(F)F)=CC3=O)c2cc1OC,7.813333333333333,0.46800997140374395,3
CHEMBL279,COCCOc1cc2ncnc(NC3=CC(=O)C(OCCOc4ccccc4)=CC3=O)c2cc1OC,8.006666666666666,0.9591836807063249,3
CHEMBL279,COCCOc1cc2ncnc(NC3=CC(=O)C(OCc4c(F)c(F)c(F)c(F)c4F)=CC3=O)c2cc1OC,7.423333333333333,1.0057004192767018,3
CHEMBL279,COCCOc1cc2ncnc(NC3=CC(=O)C(OCc4ccc(F)cc4)=CC3=O)c2cc1OC,7.246666666666667,0.5472050194701558,3
CHEMBL279,COCCOc1cc2ncnc(NC3=CC(=O)C(OCc4cccc(F)c4)=C(Cl)C3=O)c2cc1OC,8.17,0.0,1
CHEMBL279,COCCOc1cc2ncnc(NC3=CC(=O)C(OCc4cccc(F)c4)=CC3=O)c2cc1OC,7.109999999999999,0.4185092591568317,5
CHEMBL279,COCCOc1cc2ncnc(NC3=CC(=O)C(OCc4cccc(OC)c4)=CC3=O)c2cc1OC,6.949999999999999,0.49497474683058307,2
CHEMBL279,COCCOc1cc2ncnc(NC3=CC(=O)C(OCc4ccccc4)=CC3=O)c2cc1OC,7.045999999999999,0.3953858874567983,5
CHEMBL279,COCCOc1cc2ncnc(NC3=CC(=O)C(OCc4ccccc4F)=CC3=O)c2cc1OC,7.220000000000001,0.0848528137423861,2
CHEMBL279,COCCOc1cc2ncnc(NC3=CC(=O)C(OCc4cccnc4)=CC3=O)c2cc1OC,6.993333333333333,0.04932882862316244,3
CHEMBL279,COCCOc1cc2ncnc(NC3=CC(=O)C(Oc4ccc(-n5ccnc5)cc4)=CC3=O)c2cc1OC,8.18,0.0848528137423864,2
CHEMBL279,COCCOc1cc2ncnc(NC3=CC(=O)C(Oc4cccc(F)c4)=CC3=O)c2cc1OC,9.05,0.0,1
CHEMBL279,COCCOc1cc2ncnc(NC3=CC(=O)C(Oc4ccccc4)=CC3=O)c2cc1OC,7.41,1.6404877323527904,2
CHEMBL279,COCCOc1cc2ncnc(NC3=CC(=O)C(SC)=CC3=O)c2cc1OC,7.273333333333333,0.2995552258488128,3
CHEMBL279,COCCOc1cc2ncnc(NC3=CC(=O)C=C(Br)C3=O)c2cc1OC,6.646666666666666,0.999016182718445,3
CHEMBL279,COCCOc1cc2ncnc(NC3=CC(=O)C=C(OC)C3=O)c2cc1OC,8.42,0.0,1
CHEMBL279,COCCOc1cc2ncnc(NC3=CC(=O)C=CC3=O)c2cc1OC,8.22,0.0,1
CHEMBL279,COCCOc1cc2ncnc(Nc3cc(O)c(Cl)cc3F)c2cc1OCCOC,7.22,0.0,1
CHEMBL279,COCCOc1cc2ncnc(Nc3ccc(B(O)O)cc3)c2cc1OC,6.07,0.0,1
CHEMBL279,COCCOc1cc2ncnc(Nc3ccc(B(O)O)cc3)c2cc1OCCOC,7.43,0.0,1
CHEMBL279,COCCOc1cc2ncnc(Nc3ccc(Cl)cc3F)c2cc1OC,8.15,0.0,1
CHEMBL279,COCCOc1cc2ncnc(Nc3ccc(Cl)cc3F)c2cc1OCCOC,7.22,0.0,1
CHEMBL279,COCCOc1cc2ncnc(Nc3ccc(NC(=O)CC(=O)Nc4ccc(F)cc4)cc3F)c2c2c1OCCO2,8.32,0.0,1
CHEMBL279,COCCOc1cc2ncnc(Nc3ccc(NC(=O)NC(C)C)c(Cl)c3)c2c2c1OCCO2,6.56,0.0,1
CHEMBL279,COCCOc1cc2ncnc(Nc3cccc(B(O)O)c3)c2cc1OC,6.75,0.0,1
CHEMBL279,COCCOc1cc2ncnc(Nc3cccc(B(O)O)c3)c2cc1OCCOC,6.72,0.0,1
CHEMBL279,COCCOc1cc2ncnc(Oc3ccc(NC(=O)Nc4ccc(Cl)c(C(F)(F)F)c4)cn3)c2c2c1OCCO2,6.56,0.0,1
CHEMBL279,COCCOc1cc2ncnc(Oc3ccc(Nc4nccc5[nH]cc(-c6ccc(F)cc6)c(=O)c45)cc3F)c2cc1OC,6.85,0.0,1
CHEMBL279,COCCOc1cc2ncnc(Oc3ccc(Nc4nccc5[nH]cc(-c6ccc(F)cc6)c(=O)c45)cc3F)c2cc1OCCOC,7.1,0.0,1
CHEMBL279,COCCOc1cc2nncc(Nc3cc(O)c(Cl)cc3F)c2cc1OC,8.4,0.0,1
CHEMBL279,COCCOc1cc2nncc(Nc3ccc(Cl)cc3F)c2cc1OC,6.98,1.4424978336205567,2
CHEMBL279,COCCOc1ccc(-c2ccc(NC(=O)Nc3cccc(C)c3)cc2)c2c(N)n[nH]c12,7.68,0.0,1
CHEMBL279,COCCOc1ccc(-c2ccc(NC(=O)Nc3cccc(C)c3)cc2)c2c1C(=O)NC2,6.9,0.0,1
CHEMBL279,COCCOc1ccc2c(Nc3cc(O)c(Cl)cc3F)ncnc2c1,6.82,0.0,1
CHEMBL279,COCCOc1ccc2c(Nc3ccc(Cl)cc3F)ncnc2c1,6.82,0.0,1
CHEMBL279,COCCOc1ccc2c(c1)Cc1c(-c3csc(C#CCOc4ccccc4)c3)n[nH]c1-2,7.4,0.0,1
CHEMBL279,COCCOc1ccn2c(-c3ccc4cccc(OC5CCN(C)CC5)c4n3)cnc2c1,7.38,0.0,1
CHEMBL279,COCCOc1ccn2c(-c3ccc4cccc(OC5CCNCC5)c4n3)cnc2c1,7.41,0.0,1
CHEMBL279,COCCOc1ccn2c(-c3ccc4cccc(OCC(C)(C)CN)c4n3)cnc2c1,6.89,0.0,1
CHEMBL279,COCCOc1ccn2c(-c3ccc4cccc(OCC5(F)CCNCC5)c4n3)cnc2c1,7.29,0.0,1
CHEMBL279,COCCOc1ccn2c(-c3ccc4cccc(OCC5CCNC5)c4n3)cnc2c1,7.16,0.0,1
CHEMBL279,COCCOc1ccn2c(-c3ccc4cccc(OCC5CCNCC5)c4n3)cnc2c1,6.41,0.0,1
CHEMBL279,COCCOc1ccn2c(-c3ccc4cccc(OCC5CNCCO5)c4n3)cnc2c1,6.14,0.0,1
CHEMBL279,COCCOc1ccn2c(-c3ccc4cccc(OCCN)c4n3)cnc2c1,6.69,0.0,1
CHEMBL279,COCCOc1ccn2c(-c3ccc4cccc(OCc5cnc[nH]5)c4n3)cnc2c1,6.67,0.0,1
CHEMBL279,COCCOc1ccn2c(-c3ccc4cccc(O[C@@H]5CCCNC5)c4n3)cnc2c1,6.78,0.0,1
CHEMBL279,COCCOc1ccn2c(-c3ccc4cccc(O[C@@H]5CCNC[C@@H]5F)c4n3)cnc2c1,7.55,0.0,1
CHEMBL279,COCCOc1ccn2c(-c3ccc4cccc(O[C@@H]5CCNC[C@@H]5O)c4n3)cnc2c1,7.17,0.0,1
CHEMBL279,COCCOc1ccn2c(-c3ccc4cccc(O[C@@H]5CCNC[C@H]5F)c4n3)cnc2c1,7.49,0.2969848480983499,2
CHEMBL279,COCCOc1ccn2c(-c3ccc4cccc(O[C@@H]5CNC[C@H]5OC)c4n3)cnc2c1,6.32,0.0,1
CHEMBL279,COCCOc1ccn2c(-c3ccc4cccc(O[C@@H]5CN[C@H](C(=O)OC)C5)c4n3)cnc2c1,6.76,0.0,1
CHEMBL279,COCCOc1ccn2c(-c3ccc4cccc(O[C@H]5CCCNC5)c4n3)cnc2c1,6.99,0.0,1
CHEMBL279,COCCOc1ccn2c(-c3ccc4cccc(O[C@H]5CCNC[C@@H]5F)c4n3)cnc2c1,7.8,0.0,1
CHEMBL279,COCCOc1ccn2c(-c3ccc4cccc(O[C@H]5CC[C@H](N)CC5)c4n3)cnc2c1,6.69,0.0,1
CHEMBL279,COCCOc1ccn2c(-c3ccc4cccc(O[C@H]5CN[C@H](C(=O)OC)C5)c4n3)cnc2c1,7.11,0.0,1
CHEMBL279,COCCOn1nc(N)c2c(-c3ccc(NC(=O)Nc4cc(C)ccc4F)cc3)cccc21,7.68,0.0,1
CHEMBL279,COCCOn1nc(N)c2c(-c3ccc(NC(=O)Nc4cccc(Cl)c4)cc3)cccc21,7.89,0.0,1
CHEMBL279,COCCc1cc(OC)cc(N(CC2CC2)c2ccc3ncc(-c4cnn(C)c4)nc3c2)c1,6.0,0.0,1
CHEMBL279,COCCc1nnc(-c2ccn3c(-c4cccc(NC(=O)NCC(F)(F)F)c4)cnc3c2)s1,7.62,0.0,1
CHEMBL279,COCCc1sc2ncnc(N)c2c1-c1ccc(NC(=O)Nc2cccc(C)c2)cc1,7.19,0.0,1
CHEMBL279,COCCn1cc(-c2cnc3ccc(N(CC4CC4)c4cc(OC)cc(OC)c4)cc3n2)cn1,6.67,0.0,1
CHEMBL279,COCCn1cc(-c2cnc3ccc(N(Cc4cc(C)no4)c4cc(OC)cc(OC)c4)cc3n2)cn1,6.95,0.0,1
CHEMBL279,COCCn1ccc(NC(=O)c2cc3ccc(-c4nn(C(C)(C)C)c5ncnc(N)c45)cc3[nH]2)n1,4.52,0.0,1
CHEMBL279,COCCn1ccc(NC(=O)c2ccc3c(Cl)c(-c4nn(C(C)(C)C)c5ncnc(N)c45)[nH]c3c2)n1,6.0,0.0,1
CHEMBL279,COCCn1nc(C(=O)c2ccccc2NCc2ccc3cn[nH]c3c2)c2ccccc21,6.25,0.0,1
CHEMBL279,COCCn1nc(N)c2c(-c3ccc(NC(=O)Nc4cc(C)ccc4F)cc3)cccc21,5.51,0.0,1
CHEMBL279,COCOc1cc(-c2nn(C(C)C)c3ncnc(N)c23)ccc1Br,5.7,0.0,1
CHEMBL279,COC[C@@H](C)Oc1nc(Nc2ccc(S(C)(=O)=O)cc2)ncc1C(F)(F)F,6.4,0.0,1
CHEMBL279,COC[C@@H](CN(c1cc(OC)cc(OC)c1)c1ccc2ncc(-c3cnn(C)c3)nc2c1)OC(C)=O,6.64,0.0,1
CHEMBL279,COC[C@@H](Nc1nc(Nc2ccc(S(C)(=N)=O)cc2)ncc1Br)[C@@H](C)O,6.47,0.0,1
CHEMBL279,COC[C@@H](O)CN(c1cc(OC)cc(OC)c1)c1ccc2ncc(-c3cnn(CCCN)c3)nc2c1,7.02,0.0,1
CHEMBL279,COC[C@@H](O)COc1cn2ncnc(Oc3ccc4[nH]c(C)cc4c3F)c2c1C,7.38,0.0,1
CHEMBL279,COC[C@@H]1C[C@@H](O)CN1Cc1cn(-c2ccnc(Nc3ccc4c(c3)c(Cl)c(C)n4C)n2)nc1C,5.08,0.0,1
CHEMBL279,COC[C@H](C)N(Cc1ccc(-c2cc3nccc(Oc4ccc(NC(=O)c5cnn(-c6ccccc6)c5C(F)(F)F)cc4F)c3s2)cc1)C(C)=O,5.6,0.0,1
CHEMBL279,COC[C@H](CN(c1cc(OC)cc(OC)c1)c1ccc2ncc(-c3cnn(C)c3)nc2c1)OC(C)=O,6.69,0.0,1
CHEMBL279,COC[C@H](Nc1nc(Nc2ccc(S(C)(=N)=O)cc2)ncc1Br)[C@H](C)O,6.52,0.0,1
CHEMBL279,COC[C@H](O)CN(c1cc(OC)cc(OC)c1)c1ccc2ncc(-c3cnn(C(C)C)c3)nc2c1,6.81,0.0,1
CHEMBL279,COC[C@H](O)CN(c1cc(OC)cc(OC)c1)c1ccc2ncc(-c3cnn(CCCN)c3)nc2c1,7.25,0.0,1
CHEMBL279,COCc1c(-c2ccc(Oc3ccccc3)cc2)c2c(N)ncnc2n1C1CCCC1,5.37,0.0,1
CHEMBL279,COCc1cc(-c2ccn3c(-c4cccc(NC(=O)NCC(F)(F)F)c4)cnc3c2)nc(N)n1,6.234999999999999,1.378858223313768,2
CHEMBL279,COCc1cc(N)nc(-c2ccn3c(-c4cccc(NC(=O)NCC(F)(F)F)c4)cnc3c2)n1,6.47,0.0,1
CHEMBL279,COCc1cc(OC)cc(N(CC2CC2)c2ccc3ncc(-c4cnn(C)c4)nc3c2)c1,6.16,0.0,1
CHEMBL279,COCc1ccc(-c2cc3c(N[C@@H](C)c4ccn(C)n4)c(C(N)=O)cnc3cc2F)cn1,4.1,0.0,1
CHEMBL279,COCc1ccc2c(c1)c1c3c(c4c(c1n2CCCO)Cc1ccccc1-4)C(=O)NC3,7.77,0.0,1
CHEMBL279,COCc1cccc2[nH]c(-c3n[nH]c4ncc(-c5cccnc5)cc34)nc12,6.8,0.0,1
CHEMBL279,COCc1cccc2[nH]c(-c3n[nH]c4ncc(-c5ccncc5)cc34)nc12,6.96,0.0,1
CHEMBL279,COCc1cccc2[nH]c(-c3n[nH]c4ncc(-c5cncc(CN(C)C)c5)cc34)nc12,5.8,0.0,1
CHEMBL279,COCc1cccc2[nH]c(-c3n[nH]c4ncc(-c5cncc6ccccc56)cc34)nc12,6.34,0.0,1
CHEMBL279,COCc1cccc2[nH]c(-c3n[nH]c4ncc(-c5cncnc5)cc34)nc12,6.96,0.0,1
CHEMBL279,COCn1cc(C2=C(c3cc(OC)c(OC)c(OC)c3)C(=O)NC2)c2ccccc21,5.64,0.0,1
CHEMBL279,CON(Cc1ccc(-c2[nH]nc3c2Cc2cc(CN4CCN(C)CC4)ccc2-3)s1)C(=O)Nc1cccc(C)c1,6.59,0.0,1
CHEMBL279,CONC(=O)c1cc(Nc2ncnn3cc(-c4n[nH]c(C)n4)c(C(C)C)c23)c(F)cc1F,7.15,0.0,1
CHEMBL279,CONC(=O)c1cc(Nc2ncnn3cc(-c4nc(C)no4)c(C(C)C)c23)c(F)cc1F,7.31,0.0,1
CHEMBL279,CONC(=O)c1cc(Nc2ncnn3cc(-c4ncc(C)o4)c(C(C)C)c23)c(F)cc1F,8.1,0.0,1
CHEMBL279,CONC(=O)c1cc(Nc2ncnn3cc(-c4nnc(C(C)C)o4)c(C(C)C)c23)c(F)cc1F,7.66,0.0,1
CHEMBL279,CONC(=O)c1cc(Nc2ncnn3cc(-c4nnc(C(F)(F)F)o4)c(C(C)C)c23)c(F)cc1F,7.12,0.0,1
CHEMBL279,CONC(=O)c1cc(Nc2ncnn3cc(-c4nnc(C(F)(F)S(C)(=O)=O)o4)c(C(C)C)c23)c(F)cc1F,6.83,0.636396103067893,2
CHEMBL279,CONC(=O)c1cc(Nc2ncnn3cc(-c4nnc(C(F)F)o4)c(C(C)C)c23)c(F)cc1F,6.66,0.8202438661763952,2
CHEMBL279,CONC(=O)c1cc(Nc2ncnn3cc(-c4nnc(C)o4)c(C(C)C)c23)c(F)cc1F,7.41,0.4808326112068521,2
CHEMBL279,CONC(=O)c1cc(Nc2ncnn3cc(-c4nnc(C5CC5)o4)c(C(C)C)c23)c(F)cc1F,7.96,0.0,1
CHEMBL279,CONC(=O)c1cc(Nc2ncnn3cc(-c4nnc(CC(C)C)o4)c(C(C)C)c23)c(F)cc1F,7.64,0.0,1
CHEMBL279,CONC(=O)c1cc(Nc2ncnn3cc(-c4nnc(CC(F)(F)F)o4)c(C(C)C)c23)c(F)cc1F,7.54,0.0,1
CHEMBL279,CONC(=O)c1cc(Nc2ncnn3cc(-c4nnc(CC5CC5)o4)c(C(C)C)c23)c(F)cc1F,7.77,0.0,1
CHEMBL279,CONC(=O)c1cc(Nc2ncnn3cc(-c4nnc(CN(C)C)o4)c(C(C)C)c23)c(F)cc1F,7.18,0.0,1
CHEMBL279,CONC(=O)c1cc(Nc2ncnn3cc(-c4nnc(CS(C)(=O)=O)o4)c(C(C)C)c23)c(F)cc1F,7.8,0.0,1
CHEMBL279,CONC(=O)c1cc(Nc2ncnn3cc(-c4nnc(N(C)C)o4)c(C(C)C)c23)c(F)cc1F,7.96,0.0,1
CHEMBL279,CONC(=O)c1cc(Nc2ncnn3cc(-c4nnco4)c(C(C)C)c23)c(F)cc1F,7.11,0.0,1
CHEMBL279,CONC(=O)c1cc(Nc2ncnn3cc(-c4noc(C)n4)c(C(C)C)c23)c(F)cc1F,6.96,0.0,1
CHEMBL279,CONC(=O)c1cc(Nc2ncnn3cc(NC(=O)OC4CCN(C)CC4)c(C(C)C)c23)c(F)cc1F,7.44,0.0,1
CHEMBL279,CONC(=O)c1cc(Nc2ncnn3cc(NC(=O)OCC4CCCO4)c(C(C)C)c23)c(F)cc1F,6.905,0.4737615433949868,2
CHEMBL279,CONC(=O)c1cc(Nc2ncnn3cc(NC(=O)OCCCN4CCCCC4)c(C(C)C)c23)c(F)cc1F,7.1,0.0,1
CHEMBL279,CONC(=O)c1cc(Nc2ncnn3cc(NC(=O)OCCCS(C)(=O)=O)c(C(C)C)c23)c(F)cc1F,7.746666666666667,2.243665156241754,3
CHEMBL279,CONC(=O)c1cc(Nc2ncnn3cc(NC(=O)OCc4ccccc4)c(C(C)C)c23)c(F)cc1F,6.75,0.0,1
CHEMBL279,CONC(=O)c1cc2ccc(-c3nn(C(C)(C)C)c4ncnc(N)c34)cc2[nH]1,5.33,0.0,1
CHEMBL279,CONC(=O)c1ccc2c(Cl)c(-c3nn(C(C)(C)C)c4ncnc(N)c34)[nH]c2c1,6.46,0.0,1
CHEMBL279,CONC(=O)c1cccc(CSc2cnc(Nc3ccccn3)s2)c1,7.13,0.0,1
CHEMBL279,CONc1ccc(Nc2nccc(Nc3ccc4[nH]ncc4c3)n2)cc1,6.94,0.0,1
CHEMBL279,COP(=O)(OC)c1cnc(N)c(-c2ccc(NC(=O)Nc3cc(C(F)(F)F)ccc3F)cc2)c1,6.94,0.0,1
CHEMBL279,COP(=O)(OC)c1cnc(N)c(-c2ccc(NC(=O)Nc3cc(C)ccc3F)cc2)c1,6.88,0.0,1
CHEMBL279,COP(=O)(OC)c1cnc(N)c(-c2ccc(NC(=O)Nc3cccc(C(F)(F)F)c3)cc2)c1,7.24,0.0,1
CHEMBL279,COP(=O)(OC)c1cnc(N)c(-c2ccc(NC(=O)Nc3ccccc3)cc2)c1,6.05,0.0,1
CHEMBL279,CO[C@@H](C(=O)N1Cc2[nH]nc(NC(=O)c3ccc(N4CCN(C)CC4)cc3)c2C1)c1ccccc1,6.37,0.0,1
CHEMBL279,CO[C@@H]1CN(Cc2cn(-c3ccnc(Nc4ccc5c(c4)c(Cl)c(C)n5C)n3)nc2C)C[C@@H]1O,6.14,0.0,1
CHEMBL279,COc1c(Oc2ccc(NC(=O)Nc3ccc(Cl)c(C(F)(F)F)c3)cc2)ccnc1-c1cnn(C)c1,6.38,0.0,1
CHEMBL279,COc1cc(-c2c[nH]c(=O)c(-c3cc(OC)c(OC)c(OC)c3)n2)ccc1O,6.7,0.0,1
CHEMBL279,COc1cc(-c2cc(-c3ccc(NC(=O)Nc4ccccc4)cc3)nc(O)c2C#N)cc(OC)c1OC,6.5,0.0,1
CHEMBL279,COc1cc(-c2cc(-c3ccc4ccccc4c3)nc(NN)c2C#N)ccc1O,9.72,0.0,1
CHEMBL279,COc1cc(-c2cc(NC(=O)Nc3cc(OCCCN(C)C)ccc3C)cc(OC)c2OC)ccc1/C(C)=N/O,8.01,0.0,1
CHEMBL279,COc1cc(-c2cc(NC(=O)Nc3cc(OCCCN(C)C)ccc3C)cc(OC)c2OC)ccc1C(C)=O,7.75,0.0,1
CHEMBL279,COc1cc(-c2cc(NC(=O)Nc3cc(OCCCN4CCOCC4)ccc3C)cc(OC)c2OC)ccc1C(C)=O,7.48,0.0,1
CHEMBL279,COc1cc(-c2cc(NC(=O)Nc3cc(OCCN(C)C)ccc3C)cc(OC)c2OC)ccc1C(C)=O,7.15,0.0,1
CHEMBL279,COc1cc(-c2cc(NC(=O)Nc3cc(OCCN4CCCC4)ccc3C)cc(OC)c2OC)ccc1/C(C)=N/O,8.05,0.0,1
CHEMBL279,COc1cc(-c2cc(NC(=O)Nc3cc(OCCN4CCCC4)ccc3C)cc(OC)c2OC)ccc1C(C)=O,7.16,0.0,1
CHEMBL279,COc1cc(-c2cc(NC(=O)Nc3cc(OCCN4CCCCC4)ccc3C)cc(OC)c2OC)ccc1/C(C)=N/O,8.42,0.0,1
CHEMBL279,COc1cc(-c2cc(NC(=O)Nc3cc(OCCN4CCOCC4)ccc3C)cc(OC)c2OC)ccc1C(C)=O,7.62,0.0,1
CHEMBL279,COc1cc(-c2cc(NC(=O)Nc3ccc(OCCCN(C)C)cc3)cc(OC)c2OC)ccc1/C(C)=N/O,6.69,0.0,1
CHEMBL279,COc1cc(-c2cc(NC(=O)Nc3ccc(OCCCN(C)C)cc3)cc(OC)c2OC)ccc1C(C)=O,7.76,0.0,1
CHEMBL279,COc1cc(-c2cc(NC(=O)Nc3ccc(OCCCN(C)C)cc3C)cc(OC)c2OC)ccc1/C(C)=N/O,7.84,0.0,1
CHEMBL279,COc1cc(-c2cc(NC(=O)Nc3ccc(OCCCN(C)C)cc3C)cc(OC)c2OC)ccc1C(C)=O,8.34,0.0,1
CHEMBL279,COc1cc(-c2cc(NC(=O)Nc3ccc(OCCCN4CCOCC4)cc3)cc(OC)c2OC)ccc1/C(C)=N/O,8.97,0.0,1
CHEMBL279,COc1cc(-c2cc(NC(=O)Nc3ccc(OCCCN4CCOCC4)cc3)cc(OC)c2OC)ccc1C(C)=O,8.39,0.0,1
CHEMBL279,COc1cc(-c2cc(NC(=O)Nc3ccc(OCCCN4CCOCC4)cc3C)cc(OC)c2OC)ccc1/C(C)=N/O,7.8,1.0040916292848974,2
CHEMBL279,COc1cc(-c2cc(NC(=O)Nc3ccc(OCCCN4CCOCC4)cc3C)cc(OC)c2OC)ccc1C(C)=O,7.62,0.0,1
CHEMBL279,COc1cc(-c2cc(NC(=O)Nc3ccc(OCCN(C)C)cc3)cc(OC)c2OC)ccc1/C(C)=N/O,8.24,0.0,1
CHEMBL279,COc1cc(-c2cc(NC(=O)Nc3ccc(OCCN4CCCC4)cc3)cc(OC)c2OC)ccc1/C(C)=N/O,8.39,0.0,1
CHEMBL279,COc1cc(-c2cc(NC(=O)Nc3ccc(OCCN4CCCC4)cc3)cc(OC)c2OC)ccc1C(C)=O,6.75,0.0,1
CHEMBL279,COc1cc(-c2cc(NC(=O)Nc3ccc(OCCN4CCCC4)cc3C)cc(OC)c2OC)ccc1/C(C)=N/O,7.39,0.0,1
CHEMBL279,COc1cc(-c2cc(NC(=O)Nc3ccc(OCCN4CCCC4)cc3C)cc(OC)c2OC)ccc1C(C)=O,7.89,0.0,1
CHEMBL279,COc1cc(-c2cc(NC(=O)Nc3ccc(OCCN4CCCCC4)cc3)cc(OC)c2OC)ccc1/C(C)=N/O,8.15,0.0,1
CHEMBL279,COc1cc(-c2cc(NC(=O)Nc3ccc(OCCN4CCCCC4)cc3)cc(OC)c2OC)ccc1C(C)=O,7.89,0.0,1
CHEMBL279,COc1cc(-c2cc(NC(=O)Nc3ccc(OCCN4CCCCC4)cc3C)cc(OC)c2OC)ccc1C(C)=O,8.28,0.0,1
CHEMBL279,COc1cc(-c2cc(NC(=O)Nc3ccc(OCCN4CCOCC4)cc3C)cc(OC)c2OC)ccc1/C(C)=N/O,6.89,0.0,1
CHEMBL279,COc1cc(-c2ccc(O)cc2)cc2cnc(N)nc12,6.4,0.0,1
CHEMBL279,COc1cc(-c2ccn3c(-c4cccc(NC(=O)NCC(F)(F)F)c4)cnc3c2)ncn1,6.82,0.0,1
CHEMBL279,COc1cc(-c2cnc3c(-c4cccc(N5CCN(C)CC5)c4)cnn3c2N)ccc1NC(=O)OCC(C)C,5.04,0.0,1
CHEMBL279,COc1cc(-c2csc3c(/C=C/CN[C@H]4CC[C@H](N)CC4)cnc(N)c23)ccc1NC(=O)c1cc2ccccc2n1C,4.73,0.0,1
CHEMBL279,COc1cc(-c2csc3ncnc(N)c23)ccc1NC(=O)Nc1cccc(C)c1,7.89,0.0,1
CHEMBL279,COc1cc(-c2nc(-c3c[nH]c4ccc(O)cc34)c[nH]c2=O)cc(OC)c1OC,6.0,0.0,1
CHEMBL279,COc1cc(-c2nc(-c3c[nH]c4ccccc34)c[nH]c2=O)cc(OC)c1OC,5.64,0.0,1
CHEMBL279,COc1cc(-c2nc(-c3ccc(O)cc3)c[nH]c2=O)cc(OC)c1OC,5.66,0.0,1
CHEMBL279,COc1cc(-c2nc(-c3cccc(Cl)c3)c[nH]c2=O)cc(OC)c1OC,4.25,0.0,1
CHEMBL279,COc1cc(-c2nc(C(=O)Nc3ccccc3)nn2-c2ccc(F)c(Cl)c2)cc(OC)c1OC,7.7,0.0,1
CHEMBL279,COc1cc(-c2nc3ccccc3s2)ccc1Nc1ncnc2cc(OCCCN3CCN(C)CC3)c(OC)cc12,5.48,0.0,1
CHEMBL279,COc1cc(-c2nc3ccccc3s2)ccc1OCC(=O)NNC(=O)CN(C(C)=O)[C@@H](CS)C(=O)O,6.42,0.0,1
CHEMBL279,COc1cc(-c2nc3ccccc3s2)ccc1OCC(=O)NNC(=O)CN1CCC[C@H]1C(=O)O,6.73,0.0,1
CHEMBL279,COc1cc(-c2nc3ccccc3s2)ccc1OCC(=O)NNC(=O)CNC(=N)NCCC[C@H](N[N+](=O)[O-])C(=O)O,6.38,0.0,1
CHEMBL279,COc1cc(-c2nc3ccccc3s2)ccc1OCC(=O)NNC(=O)CN[C@@H](CCSC)C(=O)O,6.51,0.0,1
CHEMBL279,COc1cc(-c2nc3ccccc3s2)ccc1OCC(=O)NNC(=O)CN[C@@H](CS(=O)(=O)O)C(=O)O,6.3,0.0,1
CHEMBL279,COc1cc(-c2nc3ccccc3s2)ccc1OCC(=O)NNC(=O)CN[C@@H](CS)C(=O)O,6.15,0.0,1
CHEMBL279,COc1cc(-c2nc3ccccc3s2)ccc1OCC(=O)NNC(=O)CN[C@@H](Cc1c[nH]c2ccccc12)C(=O)O,6.79,0.0,1
CHEMBL279,COc1cc(-c2nc3ccccc3s2)ccc1OCC(=O)NNC(=O)CN[C@@H](Cc1c[nH]cn1)C(=O)O,6.77,0.0,1
CHEMBL279,COc1cc(-c2nc3ccccc3s2)ccc1OCC(=O)NNC(O)CN(C)CC(=O)O,6.26,0.0,1
CHEMBL279,COc1cc(-c2nn(C(C)C)c3ncnc(N)c23)cc(OC)c1OC,4.0,0.0,1
CHEMBL279,COc1cc(-c2nn(C(C)C)c3ncnc(N)c23)ccc1F,4.0,0.0,1
CHEMBL279,COc1cc(-c2nn(C(C)C)c3ncnc(N)c23)ccc1N,5.58,0.0,1
CHEMBL279,COc1cc(-c2nn(C(C)C)c3ncnc(N)c23)ccc1NC(=O)OC(C)(C)C,5.65,0.0,1
CHEMBL279,COc1cc(-c2nn(C(C)C)c3ncnc(N)c23)ccc1NC(C)CO,6.71,0.0,1
CHEMBL279,COc1cc(-c2nn(C(C)C)c3ncnc(N)c23)ccc1O,4.0,0.0,1
CHEMBL279,COc1cc(-c2nn(C3CCCC3)c3ncnc(N)c23)ccc1N,6.12,0.0,1
CHEMBL279,COc1cc(-c2nn([C@H]3CC[C@H](N4CCN(C)CC4)CC3)c3ncnc(N)c23)ccc1NC(=O)CC(C)(C)c1ccccc1,4.46,0.0,1
CHEMBL279,COc1cc(-c2nn([C@H]3CC[C@H](N4CCN(C)CC4)CC3)c3ncnc(N)c23)ccc1NC(=O)Nc1ccccc1,6.58,0.0,1
CHEMBL279,COc1cc(-c2nn([C@H]3CC[C@H](N4CCN(C)CC4)CC3)c3ncnc(N)c23)ccc1NC(=O)OCc1ccccc1,4.47,0.0,1
CHEMBL279,COc1cc(/C=C/C(=O)Nc2cc3c(Nc4ccc(F)c(Cl)c4)ncnc3cc2O[C@@H]2CCOC2)cc(OC)c1OC,8.44,0.0,1
CHEMBL279,COc1cc(/C=C/C(=O)c2ccc(N3CCNCC3)cc2)ccc1F,6.24,0.0,1
CHEMBL279,COc1cc(/C=N/NC(=O)c2nnn(Cc3nc4ccccc4[nH]3)c2C)ccc1O,6.64,0.0,1
CHEMBL279,COc1cc(Br)cc(-c2nn(C(C)C)c3ncnc(N)c23)c1,5.99,0.0,1
CHEMBL279,COc1cc(C(=O)N2CCCC2)cc(N(CC2CC2)c2ccc3ncc(-c4cnn(C)c4)nc3c2)c1,6.2,0.0,1
CHEMBL279,COc1cc(C(=O)N2CCCC2)cc(N(CCCN2CCCC2)c2ccc3ncc(-c4cnn(C)c4)nc3c2)c1,6.29,0.0,1
CHEMBL279,COc1cc(C(=O)N2CCCC2)cc(N(CCCO)c2ccc3ncc(-c4cnn(C)c4)nc3c2)c1,6.31,0.0,1
CHEMBL279,COc1cc(C(=O)Nc2cc(Nc3ncccc3-c3ncnc4[nH]cnc34)ccc2F)cc(C(F)(F)F)c1,5.96,0.0,1
CHEMBL279,COc1cc(C2=C(c3c[nH]c4ccc(Br)cc34)C(=O)NC2=O)cc(OC)c1OC,7.65,0.0,1
CHEMBL279,COc1cc(C2=C(c3c[nH]c4ccc(F)cc34)C(=O)NC2=O)cc(OC)c1OC,6.915,0.24748737341529137,2
CHEMBL279,COc1cc(C2=C(c3c[nH]c4ccc(I)cc34)C(=O)NC2=O)cc(OC)c1OC,7.6,0.0,1
CHEMBL279,COc1cc(C2=C(c3c[nH]c4ccccc34)C(=O)NC2)cc(OC)c1OC,4.96,0.0,1
CHEMBL279,COc1cc(C2=C(c3c[nH]c4ccccc34)C(=O)NC2=O)cc(OC)c1OC,7.5975,0.7062754420196132,4
CHEMBL279,COc1cc(C2=C(c3c[nH]c4ccccc34)C(O)NC2=O)cc(OC)c1OC,5.23,0.0,1
CHEMBL279,COc1cc(C2=C(c3c[nH]c4ccccc34)CNC2=O)cc(OC)c1OC,7.51,0.0,1
CHEMBL279,COc1cc(C2=C(c3c[nH]c4cccnc34)C(=O)NC2=O)cc(OC)c1OC,6.43,0.0,1
CHEMBL279,COc1cc(C2=C(c3c[nH]c4ccncc34)C(=O)NC2=O)cc(OC)c1OC,6.9350000000000005,0.9970205614730312,2
CHEMBL279,COc1cc(C2=C(c3c[nH]c4cnccc34)C(=O)NC2=O)cc(OC)c1OC,7.32,0.0,1
CHEMBL279,COc1cc(C2=C(c3c[nH]c4ncccc34)C(=O)NC2=O)cc(OC)c1OC,7.43,0.0,1
CHEMBL279,COc1cc(C2=C(c3cc[nH]c3)C(=O)NC2=O)cc(OC)c1OC,5.6,0.0,1
CHEMBL279,COc1cc(C2=C(c3cn(C)c4ccccc34)C(=O)NC2)cc(OC)c1OC,4.82,0.0,1
CHEMBL279,COc1cc(C2=C(c3cn(C)c4ccccc34)C(=O)NC2=O)cc(OC)c1OC,6.22,0.0,1
CHEMBL279,COc1cc(C2=C(c3cn(CC(O)CO)c4ccccc34)CNC2=O)cc(OC)c1OC,5.38,0.0,1
CHEMBL279,COc1cc(C2=C(c3cn(CC4COC(C)(C)O4)c4ccccc34)CNC2=O)cc(OC)c1OC,5.1,0.0,1
CHEMBL279,COc1cc(C2=C(c3cn(CCCN)c4ccccc34)C(=O)NC2=O)cc(OC)c1OC,5.82,0.0,1
CHEMBL279,COc1cc(C2=C(c3cn(CCCN4CCN(C)CC4)c4ccccc34)C(=O)NC2=O)cc(OC)c1OC,5.55,0.0,1
CHEMBL279,COc1cc(C2=C(c3cn(CCCO)c4ccccc34)C(=O)NC2=O)cc(OC)c1OC,6.43,0.5515432893255069,2
CHEMBL279,COc1cc(C2=C(c3cn(CCN(C)C)c4ccccc34)C(=O)NC2=O)cc(OC)c1OC,5.89,0.0,1
CHEMBL279,COc1cc(C2=C(c3cn(CCN)c4ccccc34)C(=O)NC2=O)cc(OC)c1OC,5.72,0.0,1
CHEMBL279,COc1cc(C2=C(c3cn(CCN4CCCCC4)c4ccccc34)C(=O)NC2=O)cc(OC)c1OC,5.92,0.0,1
CHEMBL279,COc1cc(C2=C(c3cn(CCN4CCOCC4)c4ccccc34)C(=O)NC2=O)cc(OC)c1OC,5.04,0.0,1
CHEMBL279,COc1cc(C2=C(c3cn(CCO)c4ccccc34)C(=O)NC2=O)cc(OC)c1OC,6.82,0.0,1
CHEMBL279,COc1cc(C2=C(c3cn(CCOC(=O)C(N)CC(C)C)c4ccccc34)C(=O)NC2=O)cc(OC)c1OC,6.6,0.0,1
CHEMBL279,COc1cc(C2=C(c3cn(COC(C)(C)C)c4ccccc34)CNC2=O)cc(OC)c1OC,5.36,0.0,1
CHEMBL279,COc1cc(C2=C(c3cn(COC(C)C)c4ccccc34)CNC2=O)cc(OC)c1OC,5.28,0.0,1
CHEMBL279,COc1cc(C2=C(c3cn(COCC[Si](C)(C)C)c4ccccc34)CNC2=O)cc(OC)c1OC,5.51,0.0,1
CHEMBL279,COc1cc(C2=C(c3cn(COCc4ccccc4)c4ccccc34)CNC2=O)cc(OC)c1OC,5.8,0.0,1
CHEMBL279,COc1cc(C2=C(c3cn(COc4ccccc4)c4ccccc34)CNC2=O)cc(OC)c1OC,5.82,0.0,1
CHEMBL279,COc1cc(C2NC(SCC(=O)Nc3ccc(C(C)=O)cc3)=NC(=O)C2C#N)cc(OC)c1OC,6.7,0.0,1
CHEMBL279,COc1cc(C2OCCO2)cc(N(CC2CC2)c2ccc3ncc(-c4cnn(C)c4)nc3c2)c1,6.13,0.0,1
CHEMBL279,COc1cc(CC(=O)Nc2ccc3[nH]c(-c4ccc(Cl)cc4)nc3c2)cc(OC)c1OC,6.38,0.0,1
CHEMBL279,COc1cc(CC(=O)Nc2ccc3oc(-c4ccc(Cl)cc4)nc3c2)cc(OC)c1OC,6.59,0.0,1
CHEMBL279,COc1cc(CC(=O)Nc2ccc3oc(-c4ccccc4)nc3c2)cc(OC)c1OC,6.45,0.0,1
CHEMBL279,COc1cc(CCc2cc(-c3nc4cc(CN5CCN(CCN6CCOCC6)CC5)ccc4[nH]3)n[nH]2)cc(OC)c1,6.9,0.0,1
CHEMBL279,COc1cc(CCc2cc(-c3nc4ccc(-c5ccn(CCN6CCOCC6)n5)cc4[nH]3)n[nH]2)cc(OC)c1,7.05,0.0,1
CHEMBL279,COc1cc(CCc2cc(-c3nc4ccc(C(=O)N5CCN(C)CC5)cc4[nH]3)n[nH]2)cc(OC)c1,7.1,0.0,1
CHEMBL279,COc1cc(CCc2cc(-c3nc4ccc(C(=O)N5CCOCC5)cc4[nH]3)n[nH]2)cc(OC)c1,6.94,0.0,1
CHEMBL279,COc1cc(CCc2cc(-c3nc4ccc(C(=O)NC5CCOCC5)cc4[nH]3)n[nH]2)cc(OC)c1,7.15,0.0,1
CHEMBL279,COc1cc(CCc2cc(-c3nc4ccc(C(=O)NCCN5CCOCC5)cc4[nH]3)n[nH]2)cc(OC)c1,7.08,0.0,1
CHEMBL279,COc1cc(CCc2cc(-c3nc4ccc(N5CCN(C(=O)N6CCOCC6)CC5)cc4[nH]3)n[nH]2)cc(OC)c1,7.36,0.0,1
CHEMBL279,COc1cc(CCc2cc(NC(=O)c3ccc(N4C[C@@H](C)N[C@@H](C)C4)cc3)n[nH]2)cc(OC)c1,7.426,0.20574255758107046,5
CHEMBL279,COc1cc(CCc2cc(Nc3ncnc4cc(N5CCN6CCCCC6C5)ccc34)n[nH]2)cc(OC)c1,7.67,0.0,1
CHEMBL279,COc1cc(CN(C)C)cc(N(CC2CC2)c2ccc3ncc(-c4cnn(C)c4)nc3c2)c1,6.09,0.0,1
CHEMBL279,COc1cc(CN)cc(N(CC2CC2)c2ccc3ncc(-c4cnn(C)c4)nc3c2)c1,5.91,0.0,1
CHEMBL279,COc1cc(CO)cc(N(C)c2ccnc(Nc3cc(N4CCOCC4)cc(N4CCOCC4)c3)n2)c1,6.72,0.0,1
CHEMBL279,COc1cc(CO)cc(N(CCCN2CCCC2)c2ccc3ncc(-c4cnn(C)c4)nc3c2)c1,6.35,0.0,1
CHEMBL279,COc1cc(Cc2cc3c(Nc4cccc(Br)c4)nc(N)nc3[nH]2)cc(OC)c1OC,5.03,0.0,1
CHEMBL279,COc1cc(Cl)cc(N(CC2CC2)c2ccc3ncc(-c4cnn(C)c4)nc3c2)c1,6.14,0.0,1
CHEMBL279,COc1cc(Cl)cc(N(CCCN2CCCC2)c2ccc3ncc(-c4cnn(C)c4)nc3c2)c1,7.24,0.0,1
CHEMBL279,COc1cc(F)c(-c2nn(C(C)C)c3ncnc(N)c23)cc1F,5.51,0.0,1
CHEMBL279,COc1cc(F)cc(N(CC2CC2)c2ccc3ncc(-c4cn[nH]c4)nc3c2)c1,6.23,0.0,1
CHEMBL279,COc1cc(F)cc(N(CC2CC2)c2ccc3ncc(-c4cnn(CCO)c4)nc3c2)c1,6.16,0.0,1
CHEMBL279,COc1cc(F)cc(N(CCCN2CCC(C#N)C2)c2ccc3ncc(-c4cnn(C)c4)nc3c2)c1,6.93,0.0,1
CHEMBL279,COc1cc(F)cc(N(CCCN2CCCC2)c2ccc3ncc(-c4cn[nH]c4)nc3c2)c1,6.9,0.0,1
CHEMBL279,COc1cc(F)cc(N(CCCNC(C)C)c2ccc3ncc(-c4cnn(C)c4)nc3c2)c1,6.78,0.0,1
CHEMBL279,COc1cc(F)cc(N(CCCNCC(F)(F)F)c2ccc3ncc(-c4cnn(C)c4)nc3c2)c1,6.57,0.0,1
CHEMBL279,COc1cc(F)cc(N(CCCO)c2ccc3ncc(-c4cnn(C)c4)nc3c2)c1,6.95,0.0,1
CHEMBL279,COc1cc(F)cc(N(CCCO)c2ccc3ncc(-c4cnn(CCO)c4)nc3c2)c1,6.79,0.0,1
CHEMBL279,COc1cc(F)cc(N(CCN)c2ccc3ncc(-c4cnn(C)c4)nc3c2)c1,6.65,0.0,1
CHEMBL279,COc1cc(F)cc(N(CCNC(C)C)c2ccc3ncc(-c4cn[nH]c4)nc3c2)c1,6.87,0.0,1
CHEMBL279,COc1cc(F)cc(N(CCNC(C)C)c2ccc3ncc(-c4cnn(C)c4)nc3c2)c1,6.99,0.0,1
CHEMBL279,COc1cc(F)cc(N(CCO)c2ccc3ncc(-c4cn[nH]c4)nc3c2)c1,6.74,0.0,1
CHEMBL279,COc1cc(N(CC2CC2)c2ccc3ncc(-c4cnn(C)c4)nc3c2)cc(C(F)(F)F)c1,5.3,0.0,1
CHEMBL279,COc1cc(N(CCCN)c2ccc3ncc(-c4cnn(C)c4)nc3c2)cc(OC)c1C(O)C(F)(F)F,6.25,0.0,1
CHEMBL279,COc1cc(N(CCCNCC(F)(F)F)c2ccc3ncc(-c4cnn(C)c4)nc3c2)cc(F)c1F,6.21,0.0,1
CHEMBL279,COc1cc(N(CCNC(C)C)c2ccc3ncc(-c4cnn(C)c4)nc3c2)cc2c1OCO2,7.47,0.0,1
CHEMBL279,COc1cc(N2CCC(N3CCN(C)CC3)CC2)ccc1Nc1ncc(Cl)c(Nc2ccccc2P(C)(C)=O)n1,6.09,0.0,1
CHEMBL279,COc1cc(NC(=O)NCC(F)(F)F)cc(-c2cnc3cc(-c4ccnc(C(F)(F)F)n4)ccn23)c1,6.02,0.0,1
CHEMBL279,COc1cc(NC(=O)Nc2cccc(C)c2)ccc1-c1csc2ncnc(N)c12,7.0,0.0,1
CHEMBL279,COc1cc(NC(=O)Nc2ccccn2)cc(-c2c[nH]cn2)c1OC,7.48,0.0,1
CHEMBL279,COc1cc(NC(=O)Nc2ccncc2)cc(-c2cccnc2)c1OC,6.67,0.0,1
CHEMBL279,COc1cc(NC(=O)Nc2ccncc2)cc(-c2cncnc2)c1OC,6.31,0.0,1
CHEMBL279,COc1cc(NC(=O)Nc2nccs2)cc(-c2cccnc2)c1OC,6.54,0.0,1
CHEMBL279,COc1cc(NC(=O)Nc2nccs2)cc(-c2cn(C)cn2)c1OC,6.38,0.0,1
CHEMBL279,COc1cc(Nc2ccc3ncc(-c4cnn(C)c4)nc3c2)cc(OC)c1,6.25,0.0,1
CHEMBL279,COc1cc(Nc2ncc(-c3ccccc3)o2)cc(OC)c1,6.77,0.0,1
CHEMBL279,COc1cc(Nc2ncc(-c3ccccc3)o2)cc(OC)c1OC,7.0,0.0,1
CHEMBL279,COc1cc(Nc2ncc(Br)c(N[C@H](C)C(C)(C)O)n2)ccc1S(C)(=N)=O,7.12,0.0,1
CHEMBL279,COc1cc(Nc2ncc(Br)c(N[C@H](C)[C@@H](C)O)n2)ccc1S(C)(=N)=O,7.51,0.0,1
CHEMBL279,COc1cc(Nc2ncc(Br)c(N[C@H](C)[C@H](C)O)n2)ccc1S(C)(=N)=O,7.085,0.10606601717798238,2
CHEMBL279,COc1cc(Nc2ncc(Br)c(O[C@H](C)[C@H](C)O)n2)ccc1S(C)(=N)=O,6.82,0.0,1
CHEMBL279,COc1cc(Nc2ncc(C#N)c(-c3ccccc3)n2)ccc1CN1CCCC1,7.04,0.0,1
CHEMBL279,COc1cc(Nc2ncc(F)c(Nc3ccc4c(n3)NC(=O)C(C)(C)O4)n2)cc(OC)c1OC,8.0,0.0,1
CHEMBL279,COc1cc(Nc2ncc3c(=O)n(-c4c(C)cccc4C)c4nc5ccccc5n4c3n2)cc(OC)c1OC,5.72,0.0,1
CHEMBL279,COc1cc(Nc2ncc3c(=O)n(-c4c(C)cccc4C)c4nc5ccccc5n4c3n2)cc(OC)c1OCCCN1CCN(C)CC1,5.4,0.0,1
CHEMBL279,COc1cc(Nc2ncc3c(=O)n(-c4c(C)cccc4C)c4nc5ccccc5n4c3n2)cc(OC)c1OCCN1CCN(C)CC1,5.48,0.0,1
CHEMBL279,COc1cc(Nc2ncc3c(=O)n(-c4c(C)cccc4C)c4nc5ccccc5n4c3n2)cc(OC)c1OCCN1CCOCC1,5.77,0.0,1
CHEMBL279,COc1cc(Nc2ncc3c(=O)n(-c4c(C)cccc4C)c4nc5ccccc5n4c3n2)ccc1N1CCN(C)CC1,5.44,0.0,1
CHEMBL279,COc1cc(Nc2ncc3c(=O)n(-c4c(C)cccc4C)c4nc5ccccc5n4c3n2)ccc1OCCCN1CCN(C)CC1,5.3,0.0,1
CHEMBL279,COc1cc(Nc2ncc3c(=O)n(-c4c(C)cccc4C)c4nc5ccccc5n4c3n2)ccc1OCCN1CCN(C)CC1,5.26,0.0,1
CHEMBL279,COc1cc(Nc2ncc3c(n2)-c2ccccc2SC3)cc(OC)c1OC,7.57,0.0,1
CHEMBL279,COc1cc(Nc2ncc3c(n2)-c2cccnc2SC3)cc(OC)c1OC,7.8,0.0,1
CHEMBL279,COc1cc(Nc2ncc3c(n2)CCN(C(=O)c2cc(C)nn2C)C3)cc(OC)c1OC,8.3,0.0,1
CHEMBL279,COc1cc(Nc2ncc3c(n2)CCN(C(=O)c2ccccc2)C3)cc(OC)c1OC,5.32,0.0,1
CHEMBL279,COc1cc(Nc2ncc3c(n2)CCN(C(=O)c2ccccn2)C3)cc(OC)c1OC,5.73,0.0,1
CHEMBL279,COc1cc(Nc2ncc3c(n2)CCN(C(=O)c2cccs2)C3)cc(OC)c1OC,8.1,0.0,1
CHEMBL279,COc1cc(Nc2ncc3c(n2)CCN(C(=O)c2occc2C)C3)cc(OC)c1OC,8.22,0.0,1
CHEMBL279,COc1cc(Nc2nccc(-n3ccnc3-c3ccccc3)n2)cc(C(F)(F)F)c1,4.72,0.0,1
CHEMBL279,COc1cc(Nc2nccc(-n3ccnc3-c3ccccc3)n2)cc(OC)c1,8.3,0.0,1
CHEMBL279,COc1cc(Nc2nccc(-n3ncc4cc([N+](=O)[O-])ccc43)n2)cc(OC)c1OC,6.16,0.0,1
CHEMBL279,COc1cc(Nc2nccc(N(C)c3ccc4c(C)n(C)nc4c3)n2)ccc1-c1nc2c(C(N)=O)cccc2[nH]1,6.77,0.0,1
CHEMBL279,COc1cc(Nc2nccc(N(C)c3ccc4c(C)n(C)nc4c3)n2)ccc1-c1nc2cc(F)c(F)cc2[nH]1,6.78,0.0,1
CHEMBL279,COc1cc(Nc2nccc(Nc3ccc4c(C)n[nH]c4c3)n2)cc(OC)c1OC,8.2,0.0,1
CHEMBL279,COc1cc(Nc2nccc(Nc3cnc4ccccc4c3)n2)cc(OC)c1OC,7.03,0.0,1
CHEMBL279,COc1cc(Nc2ncccc2-c2ncnc3[nH]cnc23)ccc1NC(=O)c1cccc(C(F)(F)F)c1,5.83,0.0,1
CHEMBL279,COc1cc(Nc2ncnc(-c3cccnc3Nc3cccc(C(=O)Nc4ccc(Oc5ccccc5)cc4)c3)n2)cc(OC)c1OC,7.42,0.0,1
CHEMBL279,COc1cc(Nc2ncnc(-n3c(Nc4c(C)cccc4C)nc4ccccc43)n2)cc(OC)c1OC,8.4,0.0,1
CHEMBL279,COc1cc(Nc2ncnc(-n3c(Nc4ccccc4)nc4ccccc43)n2)cc(OC)c1OC,8.15,0.0,1
CHEMBL279,COc1cc(Nc2ncnc3[nH]cnc23)ccc1-c1nc2ccccc2s1,5.04,0.0,1
CHEMBL279,COc1cc(Nc2ncnc3cc(OCCCN4CCOCC4)cc(OC4CCOCC4)c23)c(Cl)cn1,7.1,0.0,1
CHEMBL279,COc1cc(Nc2ncnc3cc(O[C@@H]4CO[C@@H]5[C@H]4OC[C@H]5F)c(OC)cc23)c(OC)cc1Cl,6.28,0.0,1
CHEMBL279,COc1cc(Nc2nnc(Cc3ccncc3)c3ccccc23)ccc1Cl,6.85,0.0,1
CHEMBL279,COc1cc(O)c2c(c1)-c1cccc(c1)CCC(=O)/C=C\C[C@H](C)OC2=O,7.17,0.0,1
CHEMBL279,COc1cc(O)c2c(c1)-c1cccc(c1)[C@@H](O)[C@H](O)C(=O)/C=C\C[C@H](C)OC2=O,8.45,0.0,1
CHEMBL279,COc1cc(O)c2c(c1)-c1cccc(c1)[C@@H](O)[C@H](O)C(=O)C/C=C/[C@H](C)OC2=O,7.85,0.0,1
CHEMBL279,COc1cc(O)c2c(c1)-c1cccc(c1)[C@H](O)[C@@H](O)C(=O)/C=C\C[C@H](C)OC2=O,7.07,0.0,1
CHEMBL279,COc1cc(O)c2c(c1)-c1cccc(c1)[C@H](O)[C@@H](O)C(=O)CCC[C@H](C)OC2=O,6.03,0.0,1
CHEMBL279,COc1cc(O)c2c(c1)-c1cccc(c1)[C@H](O)[C@H](O)C(=O)/C=C\C[C@H](C)OC2=O,7.27,0.0,1
CHEMBL279,COc1cc(O)c2c(c1)CCCCCC(=O)/C=C\C[C@H](C)OC2=O,6.77,0.0,1
CHEMBL279,COc1cc(O)c2c(c1)CCC[C@H](O)CC(=O)/C=C/C[C@H](C)OC2=O,6.72,0.0,1
CHEMBL279,COc1cc(O)c2c(c1)CCC[C@H](O)CC(=O)/C=C\C[C@H](C)OC2=O,8.24,0.0,1
CHEMBL279,COc1cc(O)c2c(c1)CCC[C@H](O)[C@H](O)C(=O)/C=C\C[C@H](C)OC2=O,8.479999999999999,0.2553429066960741,3
CHEMBL279,COc1cc(O)c2c(c1)CCC[C@H](O)[C@H](O)C(=O)CCC[C@H](C)OC2=O,6.79,0.0,1
CHEMBL279,COc1cc(O)cc(N(CC2CC2)c2ccc3ncc(-c4cnn(C)c4)nc3c2)c1,7.08,0.0,1
CHEMBL279,COc1cc(O)cc(N(CCCNCC(F)(F)F)c2ccc3ncc(-c4cn[nH]c4)nc3c2)c1,6.65,0.0,1
CHEMBL279,COc1cc(O)cc(N(CCCNCC(F)(F)F)c2ccc3ncc(-c4cnn(C)c4)nc3c2)c1,6.86,0.0,1
CHEMBL279,COc1cc(O)cc(N(CCCO)c2ccc3ncc(-c4cn[nH]c4)nc3c2)c1,7.31,0.0,1
CHEMBL279,COc1cc(O)cc(N(CCN)c2ccc3ncc(-c4cnn(C)c4)nc3c2)c1,7.11,0.0,1
CHEMBL279,COc1cc(O)cc(N(CCNC(C)C)c2ccc3ncc(-c4cn[nH]c4)nc3c2)c1,7.34,0.0,1
CHEMBL279,COc1cc(O)cc(N(CCNC(C)C)c2ccc3ncc(-c4cnn(C)c4)nc3c2)c1,7.41,0.0,1
CHEMBL279,COc1cc(O)cc(N(CCO)c2ccc3ncc(-c4cnn(C)c4)nc3c2)c1,7.32,0.0,1
CHEMBL279,COc1cc(OC)c(C)c(N(CCCN2CCCC2)c2ccc3ncc(-c4cnn(C)c4)nc3c2)c1,7.59,0.0,1
CHEMBL279,COc1cc(OC)c(C)c(N(CCNC(C)C)c2ccc3ncc(-c4cnn(C)c4)nc3c2)c1,7.44,0.0,1
CHEMBL279,COc1cc(OC)c(C)c(N(CCO)c2ccc3ncc(-c4cnn(C)c4)nc3c2)c1,7.49,0.0,1
CHEMBL279,COc1cc(OC)c(Cl)c(-c2cc3cnc(Nc4ccc(C(=O)N5C[C@@H](C)N[C@@H](C)C5)cc4)nc3n3cnnc23)c1,8.21,0.0,1
CHEMBL279,COc1cc(OC)c(Cl)c(-c2cc3cnc(Nc4ccc(C5CCNCC5)cc4)nc3n3cnnc23)c1,8.6,0.0,1
CHEMBL279,COc1cc(OC)c(Cl)c(-c2cc3cnc(Nc4ccc(CN5CCN(C)CC5)cc4)nc3n3cnnc23)c1,8.35,0.0,1
CHEMBL279,COc1cc(OC)c(Cl)c(-c2cc3cnc(Nc4ccc(CN5CCOCC5)cc4)nc3n3cnnc23)c1,8.55,0.0,1
CHEMBL279,COc1cc(OC)c(Cl)c(-c2cc3cnc(Nc4ccc(N5CC6CCC(C5)N6)cc4)nc3n3cnnc23)c1,8.62,0.0,1
CHEMBL279,COc1cc(OC)c(Cl)c(-c2cc3cnc(Nc4ccc(N5CCC(N6CCOCC6)CC5)cc4)nc3n3cnnc23)c1,8.54,0.0,1
CHEMBL279,COc1cc(OC)c(Cl)c(-c2cc3cnc(Nc4ccc(N5CCC(N6CCOCC6)CC5)cc4)nc3n3cnnc23)c1Cl,8.37,0.0,1
CHEMBL279,COc1cc(OC)c(Cl)c(-c2cc3cnc(Nc4ccc(N5CCN6CCC[C@@H]6C5)cc4)nc3n3cnnc23)c1,8.66,0.0,1
CHEMBL279,COc1cc(OC)c(Cl)c(-c2cc3cnc(Nc4ccc(N5CCN6CCC[C@@H]6C5)cc4)nc3n3cnnc23)c1Cl,8.21,0.0,1
CHEMBL279,COc1cc(OC)c(Cl)c(-c2cc3cnc(Nc4ccc(N5CCN6CCOC[C@@H]6C5)cc4)nc3n3cnnc23)c1,8.59,0.0,1
CHEMBL279,COc1cc(OC)c(Cl)c(-c2cc3cnc(Nc4ccc(N5C[C@@H](C)N[C@@H](C)C5)c(F)c4)nc3n3cnnc23)c1,8.59,0.0,1
CHEMBL279,COc1cc(OC)c(Cl)c(-c2cc3cnc(Nc4ccc(N5C[C@@H](C)N[C@@H](C)C5)cc4)nc3n3cnnc23)c1,8.62,0.0,1
CHEMBL279,COc1cc(OC)c(Cl)c(-c2cc3cnc(Nc4ccc(OCCN5CCCC5)cc4)nc3n3cnnc23)c1,8.15,0.0,1
CHEMBL279,COc1cc(OC)c(Cl)c(-c2cc3cnc(Nc4ccc5c(c4)CCNC5)nc3n3cnnc23)c1,8.82,0.0,1
CHEMBL279,COc1cc(OC)c(Cl)c(-c2ccc3c(/C=C/c4ccc(C(=O)N5CCNCC5)cc4)n[nH]c3c2)c1Cl,6.75,0.0,1
CHEMBL279,COc1cc(OC)c(Cl)c(-c2ccc3c(NC(=O)c4ccc(CN5CCN(C)CC5)cc4)n[nH]c3c2)c1Cl,6.22,0.0,1
CHEMBL279,COc1cc(OC)c(Cl)c(-c2ccc3c(NC(=O)c4ccc(N5CCN(C(C)=O)CC5)cc4)n[nH]c3c2)c1Cl,6.22,0.0,1
CHEMBL279,COc1cc(OC)c(Cl)c(-c2ccc3c(NC(=O)c4ccc(N5CCN(C)CC5)cc4)n[nH]c3n2)c1Cl,6.44,0.0,1
CHEMBL279,COc1cc(OC)c(Cl)c(-c2ccc3c(NC(=O)c4ccc(N5CCOCC5)cc4)n[nH]c3c2)c1Cl,6.22,0.0,1
CHEMBL279,COc1cc(OC)c(Cl)c(N(CCCN2CCCC2)c2ccc3ncc(-c4cnn(C)c4)nc3c2)c1,7.76,0.0,1
CHEMBL279,COc1cc(OC)c(Cl)c(N(CCNC(C)C)c2ccc3ncc(-c4cnn(C)c4)nc3c2)c1,7.75,0.0,1
CHEMBL279,COc1cc(OC)c(Cl)c(N(CCNC(C)C)c2ccc3ncc(-c4cnn(C)c4)nc3c2)c1Cl,7.5,0.0,1
CHEMBL279,COc1cc(OC)c(Cl)c(N(CCO)c2ccc3ncc(-c4cnn(C)c4)nc3c2)c1,7.42,0.0,1
CHEMBL279,COc1cc(OC)c(Cl)c(N(CCO)c2ccc3ncc(-c4cnn(C)c4)nc3c2)c1Cl,7.13,0.0,1
CHEMBL279,COc1cc(OC)c(F)c(N(CCCNCC(F)(F)F)c2ccc3ncc(-c4cnn(C)c4)nc3c2)c1F,7.85,0.0,1
CHEMBL279,COc1cc(OC)c(F)c(N(CCNC(C)C)c2ccc3ncc(-c4cnn(C)c4)nc3c2)c1F,7.76,0.0,1
CHEMBL279,COc1cc(OC)c(F)c(N(CCO)c2ccc3ncc(-c4cnn(C)c4)nc3c2)c1F,7.93,0.0,1
CHEMBL279,COc1cc(OC)c(F)c(N2Cc3cnc4[nH]c(-c5cnn(C)c5)cc4c3N(C)C2=O)c1F,8.89,0.0,1
CHEMBL279,COc1cc(OC)c(NC(=O)Nc2ccc3c(cnn3-c3ccnc(Nc4cc(OC)c(OC)c(OC)c4)n3)c2)cc1Cl,6.84,0.0,1
CHEMBL279,COc1cc(OC)c(Nc2ncnc3cc(O[C@@H]4CO[C@@H]5[C@H]4OC[C@H]5F)c(OC)cc23)cc1Cl,6.28,0.0,1
CHEMBL279,COc1cc(OC)cc(-c2cc3cnc(N(CCCCCO)C(C)=O)cc3nc2NC(=O)NC(C)(C)C)c1,5.12,0.0,1
CHEMBL279,COc1cc(OC)cc(-c2cc3cnc(N(CCCCCOCc4ccccc4)C(C)=O)cc3nc2NC(=O)NC(C)(C)C)c1,6.19,0.0,1
CHEMBL279,COc1cc(OC)cc(-c2cc3cnc(N(CCCCO)C(C)=O)cc3nc2NC(=O)NC(C)(C)C)c1,4.89,0.0,1
CHEMBL279,COc1cc(OC)cc(-c2cc3cnc(N(CCCCOCc4ccccc4)C(C)=O)cc3nc2NC(=O)NC(C)(C)C)c1,6.17,0.0,1
CHEMBL279,COc1cc(OC)cc(-c2cc3cnc(N(CCCO)C(C)=O)cc3nc2NC(=O)NC(C)(C)C)c1,5.72,0.0,1
CHEMBL279,COc1cc(OC)cc(-c2cc3cnc(N(CCCOCc4ccccc4)C(C)=O)cc3nc2NC(=O)NC(C)(C)C)c1,7.08,0.0,1
CHEMBL279,COc1cc(OC)cc(-c2cc3cnc(NCCCCCN4CCN(C)CC4)cc3nc2NC(=O)NC(C)(C)C)c1,8.1,0.0,1
CHEMBL279,COc1cc(OC)cc(-c2cc3cnc(NCCCCCN4CCOCC4)cc3nc2NC(=O)NC(C)(C)C)c1,8.15,0.0,1
CHEMBL279,COc1cc(OC)cc(-c2cc3cnc(NCCCCCO)cc3nc2NC(=O)NC(C)(C)C)c1,8.22,0.0,1
CHEMBL279,COc1cc(OC)cc(-c2cc3cnc(NCCCCCOc4ccccc4)cc3nc2NC(=O)NC(C)(C)C)c1,7.02,0.0,1
CHEMBL279,COc1cc(OC)cc(-c2cc3cnc(NCCCCN4CCN(C)CC4)cc3nc2NC(=O)NC(C)(C)C)c1,8.52,0.0,1
CHEMBL279,COc1cc(OC)cc(-c2cc3cnc(NCCCCN4CCOCC4)cc3nc2NC(=O)NC(C)(C)C)c1,8.22,0.0,1
CHEMBL279,COc1cc(OC)cc(-c2cc3cnc(NCCCCO)cc3nc2NC(=O)NC(C)(C)C)c1,8.1,0.0,1
CHEMBL279,COc1cc(OC)cc(-c2cc3cnc(NCCCCOc4ccccc4)cc3nc2NC(=O)NC(C)(C)C)c1,6.75,0.0,1
CHEMBL279,COc1cc(OC)cc(-c2cc3cnc(NCCCN4CCN(C)CC4)cc3nc2N)c1,6.75,0.0,1
CHEMBL279,COc1cc(OC)cc(-c2cc3cnc(NCCCN4CCN(C)CC4)cc3nc2NC(=O)NC(C)(C)C)c1,8.3,0.0,1
CHEMBL279,COc1cc(OC)cc(-c2cc3cnc(NCCCN4CCN(C)CC4)nc3nc2NC(=O)NC(C)(C)C)c1,7.68,0.0,1
CHEMBL279,COc1cc(OC)cc(-c2cc3cnc(NCCCN4CCOCC4)cc3nc2NC(=O)NC(C)(C)C)c1,8.05,0.0,1
CHEMBL279,COc1cc(OC)cc(-c2cc3cnc(NCCCO)cc3nc2NC(=O)NC(C)(C)C)c1,8.3,0.0,1
CHEMBL279,COc1cc(OC)cc(-c2cc3cnc(NCCCO)nc3nc2NC(=O)NC(C)(C)C)c1,7.15,0.0,1
CHEMBL279,COc1cc(OC)cc(-c2cc3cnc(NCCCOc4ccccc4)cc3nc2NC(=O)NC(C)(C)C)c1,6.75,0.0,1
CHEMBL279,COc1cc(OC)cc(-c2ccc3c(NC(=O)c4ccc(N5CCN(C)CC5)cc4)n[nH]c3n2)c1,6.26,0.0,1
CHEMBL279,COc1cc(OC)cc(-c2ccc3c(c2)NC(=O)/C3=C\c2[nH]c(C)c(CCC(=O)O)c2C)c1,6.03,0.0,1
CHEMBL279,COc1cc(OC)cc(C(=O)Nc2ccc(C)c(C(=O)Nc3cnc(Nc4ccc(N5CCN(C)CC5)cc4)nc3)c2)c1,6.92,0.0,1
CHEMBL279,COc1cc(OC)cc(C2Cc3cnc(N(CCCCCO)C(C)=O)cc3N=C2NC(=O)NC(C)(C)C)c1,4.7,0.0,1
CHEMBL279,COc1cc(OC)cc(C2Cc3cnc(N(CCCCCOCc4ccccc4)C(C)=O)cc3N=C2NC(=O)NC(C)(C)C)c1,4.26,0.0,1
CHEMBL279,COc1cc(OC)cc(C2Cc3cnc(N(CCCCO)C(C)=O)cc3N=C2NC(=O)NC(C)(C)C)c1,5.0,0.0,1
CHEMBL279,COc1cc(OC)cc(C2Cc3cnc(N(CCCCOCc4ccccc4)C(C)=O)cc3N=C2NC(=O)NC(C)(C)C)c1,5.85,0.0,1
CHEMBL279,COc1cc(OC)cc(C2Cc3cnc(N(CCCO)C(C)=O)cc3N=C2NC(=O)NC(C)(C)C)c1,5.18,0.0,1
CHEMBL279,COc1cc(OC)cc(C2Cc3cnc(N(CCCOCc4ccccc4)C(C)=O)cc3N=C2NC(=O)NC(C)(C)C)c1,4.82,0.0,1
CHEMBL279,COc1cc(OC)cc(N(C)c2ccc3ncc(-c4cnn(C)c4)nc3c2)c1,7.43,0.0,1
CHEMBL279,COc1cc(OC)cc(N(C/C(=N\O)C(C)C)c2ccc3ncc(-c4cnn(C)c4)nc3c2)c1,6.95,0.0,1
CHEMBL279,COc1cc(OC)cc(N(C/C(C)=N/O)c2ccc3ncc(-c4cnn(C)c4)nc3c2)c1,6.86,0.0,1
CHEMBL279,COc1cc(OC)cc(N(C/C(C)=N\O)c2ccc3ncc(-c4cnn(C)c4)nc3c2)c1,7.02,0.0,1
CHEMBL279,COc1cc(OC)cc(N(C/C=C/c2nccc(OC)n2)c2ccc3ncc(-c4cnn(C)c4)nc3c2)c1,6.95,0.0,1
CHEMBL279,COc1cc(OC)cc(N(C/C=C\c2cc(C)ccn2)c2ccc3ncc(-c4cnn(C)c4)nc3c2)c1,6.01,0.0,1
CHEMBL279,COc1cc(OC)cc(N(C/C=C\c2ncccc2OC)c2ccc3ncc(-c4cnn(C)c4)nc3c2)c1,6.19,0.0,1
CHEMBL279,COc1cc(OC)cc(N(C/C=C\c2ncccn2)c2ccc3ncc(-c4cnn(C)c4)nc3c2)c1,7.12,0.0,1
CHEMBL279,COc1cc(OC)cc(N(CC#CC(C)(C)O)c2ccc3ncc(-c4cnn(C)c4)nc3c2)c1,6.77,0.0,1
CHEMBL279,COc1cc(OC)cc(N(CC#CC2(O)CCNC2)c2ccc3ncc(-c4cnn(C)c4)nc3c2)c1,6.68,0.0,1
CHEMBL279,COc1cc(OC)cc(N(CC#CC2(O)CCNCC2)c2ccc3ncc(-c4cnn(C)c4)nc3c2)c1,7.01,0.0,1
CHEMBL279,COc1cc(OC)cc(N(CC#CC2(O)CCOC2)c2ccc3ncc(-c4cnn(C)c4)nc3c2)c1,6.02,0.0,1
CHEMBL279,COc1cc(OC)cc(N(CC#CC2(O)CCOCC2)c2ccc3ncc(-c4cnn(C)c4)nc3c2)c1,6.06,0.0,1
CHEMBL279,COc1cc(OC)cc(N(CC#CC2(O)CNC2)c2ccc3ncc(-c4cnn(C)c4)nc3c2)c1,6.86,0.0,1
CHEMBL279,COc1cc(OC)cc(N(CC#CC2CCNCC2)c2ccc3ncc(-c4cnn(C)c4)nc3c2)c1,6.47,0.0,1
CHEMBL279,COc1cc(OC)cc(N(CC#CCO)c2ccc3ncc(-c4cnn(C)c4)nc3c2)c1,6.98,0.0,1
CHEMBL279,COc1cc(OC)cc(N(CC#Cc2cc(C#N)ccn2)c2ccc3ncc(-c4cnn(C)c4)nc3c2)c1,5.78,0.0,1
CHEMBL279,COc1cc(OC)cc(N(CC#Cc2cc(C(N)=O)ccn2)c2ccc3ncc(-c4cnn(C)c4)nc3c2)c1,6.1,0.0,1
CHEMBL279,COc1cc(OC)cc(N(CC#Cc2cc(CO)ccn2)c2ccc3ncc(-c4cnn(C)c4)nc3c2)c1,6.27,0.0,1
CHEMBL279,COc1cc(OC)cc(N(CC#Cc2cc(Cl)nc(N)n2)c2ccc3ncc(-c4cnn(C)c4)nc3c2)c1,6.7,0.0,1
CHEMBL279,COc1cc(OC)cc(N(CC#Cc2cc(N)ccn2)c2ccc3ncc(-c4cnn(C)c4)nc3c2)c1,6.63,0.0,1
CHEMBL279,COc1cc(OC)cc(N(CC#Cc2cc(N)nc(C)n2)c2ccc3ncc(-c4cnn(C)c4)nc3c2)c1,6.55,0.0,1
CHEMBL279,COc1cc(OC)cc(N(CC#Cc2cc(OC)ccn2)c2ccc3ncc(-c4cnn(C)c4)nc3c2)c1,5.71,0.0,1
CHEMBL279,COc1cc(OC)cc(N(CC#Cc2cccc(C#N)n2)c2ccc3ncc(-c4cnn(C)c4)nc3c2)c1,6.52,0.0,1
CHEMBL279,COc1cc(OC)cc(N(CC#Cc2cccc(CO)n2)c2ccc3ncc(-c4cnn(C)c4)nc3c2)c1,6.4,0.0,1
CHEMBL279,COc1cc(OC)cc(N(CC#Cc2cccc(N)n2)c2ccc3ncc(-c4cnn(C)c4)nc3c2)c1,6.22,0.0,1
CHEMBL279,COc1cc(OC)cc(N(CC#Cc2ccccn2)c2ccc3ncc(-c4cnn(C)c4)nc3c2)c1,6.2,0.0,1
CHEMBL279,COc1cc(OC)cc(N(CC#Cc2cccnc2)c2ccc3ncc(-c4cnn(C)c4)nc3c2)c1,6.06,0.0,1
CHEMBL279,COc1cc(OC)cc(N(CC#Cc2cccnc2Br)c2ccc3ncc(-c4cnn(C)c4)nc3c2)c1,6.03,0.0,1
CHEMBL279,COc1cc(OC)cc(N(CC#Cc2ccnc(C#N)c2)c2ccc3ncc(-c4cnn(C)c4)nc3c2)c1,6.08,0.0,1
CHEMBL279,COc1cc(OC)cc(N(CC#Cc2ccnc(N)n2)c2ccc3ncc(-c4cnn(C)c4)nc3c2)c1,6.51,0.0,1
CHEMBL279,COc1cc(OC)cc(N(CC#Cc2ccncc2)c2ccc3ncc(-c4cnn(C)c4)nc3c2)c1,6.0,0.0,1
CHEMBL279,COc1cc(OC)cc(N(CC#Cc2ccncc2C#N)c2ccc3ncc(-c4cnn(C)c4)nc3c2)c1,7.52,0.0,1
CHEMBL279,COc1cc(OC)cc(N(CC#Cc2cnc(N)cn2)c2ccc3ncc(-c4cnn(C)c4)nc3c2)c1,6.42,0.0,1
CHEMBL279,COc1cc(OC)cc(N(CC#Cc2cnccn2)c2ccc3ncc(-c4cnn(C)c4)nc3c2)c1,6.45,0.0,1
CHEMBL279,COc1cc(OC)cc(N(CC#Cc2cncn2C)c2ccc3ncc(-c4cnn(C)c4)nc3c2)c1,7.63,0.0,1
CHEMBL279,COc1cc(OC)cc(N(CC#Cc2nccc(C)n2)c2ccc3ncc(-c4cnn(C)c4)nc3c2)c1,6.32,0.0,1
CHEMBL279,COc1cc(OC)cc(N(CC#Cc2nccc(OC)n2)c2ccc3ncc(-c4cnn(C)c4)nc3c2)c1,6.22,0.0,1
CHEMBL279,COc1cc(OC)cc(N(CC#Cc2ncccc2C)c2ccc3ncc(-c4cnn(C)c4)nc3c2)c1,6.25,0.0,1
CHEMBL279,COc1cc(OC)cc(N(CC#Cc2ncccc2N)c2ccc3ncc(-c4cnn(C)c4)nc3c2)c1,7.41,0.0,1
CHEMBL279,COc1cc(OC)cc(N(CC#Cc2ncccc2OC)c2ccc3ncc(-c4cnn(C(C)C)c4)nc3c2)c1,6.54,0.0,1
CHEMBL279,COc1cc(OC)cc(N(CC#Cc2ncccn2)c2ccc3ncc(-c4cnn(C)c4)nc3c2)c1,6.85,0.0,1
CHEMBL279,COc1cc(OC)cc(N(CC#Cc2nccn2C)c2ccc3ncc(-c4cnn(C)c4)nc3c2)c1,7.01,0.0,1
CHEMBL279,COc1cc(OC)cc(N(CC#Cc2nccnc2Cl)c2ccc3ncc(-c4cnn(C)c4)nc3c2)c1,6.44,0.0,1
CHEMBL279,COc1cc(OC)cc(N(CC#Cc2nccnc2OC)c2ccc3ncc(-c4cnn(C)c4)nc3c2)c1,6.1,0.0,1
CHEMBL279,COc1cc(OC)cc(N(CC#Cc2nccs2)c2ccc3ncc(-c4cnn(C)c4)nc3c2)c1,6.43,0.0,1
CHEMBL279,COc1cc(OC)cc(N(CC(=O)NC(C)C)c2ccc3ncc(-c4cnn(C)c4)nc3c2)c1,6.39,0.0,1
CHEMBL279,COc1cc(OC)cc(N(CC(=O)NCCN)c2ccc3ncc(-c4cnn(C)c4)nc3c2)c1,6.13,0.0,1
CHEMBL279,COc1cc(OC)cc(N(CC(=O)NCCN2CCCC2)c2ccc3ncc(-c4cnn(C)c4)nc3c2)c1,6.12,0.0,1
CHEMBL279,COc1cc(OC)cc(N(CC(=O)Nc2cc(O)ccn2)c2ccc3ncc(-c4cnn(C)c4)nc3c2)c1,7.39,0.0,1
CHEMBL279,COc1cc(OC)cc(N(CC(=O)Nc2nccc(OC)n2)c2ccc3ncc(-c4cnn(C)c4)nc3c2)c1,6.15,0.0,1
CHEMBL279,COc1cc(OC)cc(N(CC(C)(C)O)c2ccc3ncc(-c4cn[nH]c4)nc3c2)c1,6.85,0.0,1
CHEMBL279,COc1cc(OC)cc(N(CC(C)(C)O)c2ccc3ncc(-c4cnn(C)c4)nc3c2)c1,6.68,0.0,1
CHEMBL279,COc1cc(OC)cc(N(CC(C)N)c2ccc3ncc(-c4cnn(C)c4)nc3c2)c1,6.7,0.0,1
CHEMBL279,COc1cc(OC)cc(N(CC(C)NC(C)C)c2ccc3ncc(-c4cnn(C)c4)nc3c2)c1,7.19,0.0,1
CHEMBL279,COc1cc(OC)cc(N(CC(C)NCC(F)(F)F)c2ccc3ncc(-c4cnn(C)c4)nc3c2)c1,6.96,0.0,1
CHEMBL279,COc1cc(OC)cc(N(CC(C)O)c2ccc3ncc(-c4cnn(C)c4)nc3c2)c1,6.69,0.0,1
CHEMBL279,COc1cc(OC)cc(N(CC(F)CN)c2ccc3ncc(-c4cnn(C)c4)nc3c2)c1,7.57,0.0,1
CHEMBL279,COc1cc(OC)cc(N(CC(N)=O)c2ccc3ncc(-c4cnn(C)c4)nc3c2)c1,6.05,0.0,1
CHEMBL279,COc1cc(OC)cc(N(CC(O)C(F)(F)F)c2ccc3ncc(-c4cnn(C(C)C)c4)nc3c2)c1,6.87,0.0,1
CHEMBL279,COc1cc(OC)cc(N(CC(O)C(F)(F)F)c2ccc3ncc(-c4cnn(C)c4)nc3c2)c1,6.92,0.0,1
CHEMBL279,COc1cc(OC)cc(N(CC(O)CN)c2ccc3ncc(-c4cnn(C)c4)nc3c2)c1,6.87,0.0,1
CHEMBL279,COc1cc(OC)cc(N(CC(O)CN2CCCCC2)c2ccc3ncc(-c4cnn(C)c4)nc3c2)c1,6.87,0.0,1
CHEMBL279,COc1cc(OC)cc(N(CC(O)CN2CCOCC2)c2ccc3ncc(-c4cnn(C)c4)nc3c2)c1,6.68,0.0,1
CHEMBL279,COc1cc(OC)cc(N(CC(O)CNC(C)C)c2ccc3ncc(-c4cnn(C)c4)nc3c2)c1,6.57,0.0,1
CHEMBL279,COc1cc(OC)cc(N(CC(O)CNCC(F)(F)F)c2ccc3ncc(-c4cnn(C)c4)nc3c2)c1,6.86,0.0,1
CHEMBL279,COc1cc(OC)cc(N(CC(O)CO)c2ccc3ncc(-c4cnn(C)c4)nc3c2)c1,6.77,0.0,1
CHEMBL279,COc1cc(OC)cc(N(CC2(C)COC2)c2ccc3ncc(-c4cnn(C)c4)nc3c2)c1,7.07,0.0,1
CHEMBL279,COc1cc(OC)cc(N(CC2(CNC(C)C)COC2)c2ccc3ncc(-c4cnn(C)c4)nc3c2)c1,6.23,0.0,1
CHEMBL279,COc1cc(OC)cc(N(CC2(OC)CCCNC2)c2ccc3ncc(-c4cnn(C)c4)nc3c2)c1,6.93,0.0,1
CHEMBL279,COc1cc(OC)cc(N(CC2CC2)c2ccc3ncc(-c4cn[nH]c4)nc3c2)c1,6.39,0.0,1
CHEMBL279,COc1cc(OC)cc(N(CC2CC2)c2ccc3ncc(-c4cnn(C(C)(C)C(=O)N5CCNCC5)c4)nc3c2)c1,6.34,0.0,1
CHEMBL279,COc1cc(OC)cc(N(CC2CC2)c2ccc3ncc(-c4cnn(C(C)(C)C(=O)NCCO)c4)nc3c2)c1,6.47,0.0,1
CHEMBL279,COc1cc(OC)cc(N(CC2CC2)c2ccc3ncc(-c4cnn(C)c4)nc3c2)c1,6.21,0.0,1
CHEMBL279,COc1cc(OC)cc(N(CC2CC2)c2ccc3ncc(-c4cnn(C5CCN(S(C)(=O)=O)CC5)c4)nc3c2)c1,6.59,0.0,1
CHEMBL279,COc1cc(OC)cc(N(CC2CC2)c2ccc3ncc(-c4cnn(C5CCNCC5)c4)nc3c2)c1,7.37,0.0,1
CHEMBL279,COc1cc(OC)cc(N(CC2CC2)c2ccc3ncc(-c4cnn(C5CN(CCO)C5)c4)nc3c2)c1,7.06,0.0,1
CHEMBL279,COc1cc(OC)cc(N(CC2CC2)c2ccc3ncc(-c4cnn(CC(=O)N(C)C)c4)nc3c2)c1,6.92,0.0,1
CHEMBL279,COc1cc(OC)cc(N(CC2CC2)c2ccc3ncc(-c4cnn(CC(=O)N5CCC(O)C5)c4)nc3c2)c1,7.16,0.0,1
CHEMBL279,COc1cc(OC)cc(N(CC2CC2)c2ccc3ncc(-c4cnn(CC(=O)NCCN5CCCC5)c4)nc3c2)c1,6.79,0.0,1
CHEMBL279,COc1cc(OC)cc(N(CC2CC2)c2ccc3ncc(-c4cnn(CC(=O)NCCO)c4)nc3c2)c1,6.78,0.0,1
CHEMBL279,COc1cc(OC)cc(N(CC2CC2)c2ccc3ncc(-c4cnn(CC(C)(C)O)c4)nc3c2)c1,6.91,0.0,1
CHEMBL279,COc1cc(OC)cc(N(CC2CC2)c2ccc3ncc(-c4cnn(CC(C)C)c4)nc3c2)c1,6.17,0.0,1
CHEMBL279,COc1cc(OC)cc(N(CC2CC2)c2ccc3ncc(-c4cnn(CC(O)CN5CCCCC5)c4)nc3c2)c1,7.12,0.0,1
CHEMBL279,COc1cc(OC)cc(N(CC2CC2)c2ccc3ncc(-c4cnn(CC(O)CO)c4)nc3c2)c1,7.14,0.0,1
CHEMBL279,COc1cc(OC)cc(N(CC2CC2)c2ccc3ncc(-c4cnn(CC5(O)CCNCC5)c4)nc3c2)c1,7.26,0.0,1
CHEMBL279,COc1cc(OC)cc(N(CC2CC2)c2ccc3ncc(-c4cnn(CC5(OC)CCNCC5)c4)nc3c2)c1,7.01,0.0,1
CHEMBL279,COc1cc(OC)cc(N(CC2CC2)c2ccc3ncc(-c4cnn(CC5CCN(C)CC5)c4)nc3c2)c1,7.22,0.0,1
CHEMBL279,COc1cc(OC)cc(N(CC2CC2)c2ccc3ncc(-c4cnn(CC5CCNCC5)c4)nc3c2)c1,7.31,0.0,1
CHEMBL279,COc1cc(OC)cc(N(CC2CC2)c2ccc3ncc(-c4cnn(CCC5CCNCC5)c4)nc3c2)c1,7.55,0.0,1
CHEMBL279,COc1cc(OC)cc(N(CC2CC2)c2ccc3ncc(-c4cnn(CCCN)c4)nc3c2)c1,7.18,0.0,1
CHEMBL279,COc1cc(OC)cc(N(CC2CC2)c2ccc3ncc(-c4cnn(CCCN5CCN(CCCO)CC5)c4)nc3c2)c1,7.69,0.0,1
CHEMBL279,COc1cc(OC)cc(N(CC2CC2)c2ccc3ncc(-c4cnn(CCCN5CCOCC5)c4)nc3c2)c1,6.68,0.0,1
CHEMBL279,COc1cc(OC)cc(N(CC2CC2)c2ccc3ncc(-c4cnn(CCCNCCS(C)(=O)=O)c4)nc3c2)c1,7.0,0.0,1
CHEMBL279,COc1cc(OC)cc(N(CC2CC2)c2ccc3ncc(-c4cnn(CCF)c4)nc3c2)c1,6.59,0.0,1
CHEMBL279,COc1cc(OC)cc(N(CC2CC2)c2ccc3ncc(-c4cnn(CCN)c4)nc3c2)c1,6.86,0.0,1
CHEMBL279,COc1cc(OC)cc(N(CC2CC2)c2ccc3ncc(-c4cnn(CCN5CCCC5)c4)nc3c2)c1,6.76,0.0,1
CHEMBL279,COc1cc(OC)cc(N(CC2CC2)c2ccc3ncc(-c4cnn(CCN5CCN(CCO)CC5)c4)nc3c2)c1,7.04,0.0,1
CHEMBL279,COc1cc(OC)cc(N(CC2CC2)c2ccc3ncc(-c4cnn(CCN5CCNCC5)c4)nc3c2)c1,7.14,0.0,1
CHEMBL279,COc1cc(OC)cc(N(CC2CC2)c2ccc3ncc(-c4cnn(CCNS(=O)(=O)N(C)C)c4)nc3c2)c1,6.2,0.0,1
CHEMBL279,COc1cc(OC)cc(N(CC2CC2)c2ccc3ncc(-c4cnn(CCNS(C)(=O)=O)c4)nc3c2)c1,6.75,0.0,1
CHEMBL279,COc1cc(OC)cc(N(CC2CC2)c2ccc3ncc(-c4cnn(CCO)c4)nc3c2)c1,6.92,0.0,1
CHEMBL279,COc1cc(OC)cc(N(CC2CC2)c2ccc3ncc(-c4cnn(S(C)(=O)=O)c4)nc3c2)c1,5.74,0.0,1
CHEMBL279,COc1cc(OC)cc(N(CC2CC2c2ccncc2)c2ccc3ncc(-c4cnn(C)c4)nc3c2)c1,6.98,0.0,1
CHEMBL279,COc1cc(OC)cc(N(CC2CCCC2)c2ccc3ncc(-c4cnn(C)c4)nc3c2)c1,5.82,0.0,1
CHEMBL279,COc1cc(OC)cc(N(CC2CCCO2)c2ccc3ncc(-c4cnn(C)c4)nc3c2)c1,6.7,0.0,1
CHEMBL279,COc1cc(OC)cc(N(CC2CCN(C(C)C)CC2)c2ccc3ncc(-c4cnn(C)c4)nc3c2)c1,6.32,0.0,1
CHEMBL279,COc1cc(OC)cc(N(CC2CCN(C)CC2)c2ccc3ncc(-c4cnn(C)c4)nc3c2)c1,7.06,0.0,1
CHEMBL279,COc1cc(OC)cc(N(CC2CCN(CC(F)(F)F)CC2)c2ccc3ncc(-c4cnn(C)c4)nc3c2)c1,6.31,0.0,1
CHEMBL279,COc1cc(OC)cc(N(CC2CCNCC2)c2ccc3ncc(-c4cnn(C)c4)nc3c2)c1,7.23,0.0,1
CHEMBL279,COc1cc(OC)cc(N(CC2CCOCC2)c2ccc3ncc(-c4cnn(C)c4)nc3c2)c1,6.83,0.0,1
CHEMBL279,COc1cc(OC)cc(N(CC2CN(Cc3ccccc3)CCO2)c2ccc3ncc(-c4cnn(C)c4)nc3c2)c1,6.43,0.0,1
CHEMBL279,COc1cc(OC)cc(N(CC2CO2)c2ccc3ncc(-c4cnn(C)c4)nc3c2)c1,7.05,0.0,1
CHEMBL279,COc1cc(OC)cc(N(CC2COCC(C)(C)N2)c2ccc3ncc(-c4cnn(C)c4)nc3c2)c1,7.65,0.0,1
CHEMBL279,COc1cc(OC)cc(N(CC2COCCN2)c2ccc3ncc(-c4cnn(C)c4)nc3c2)c1,7.26,0.0,1
CHEMBL279,COc1cc(OC)cc(N(CC2OCCO2)c2ccc3ncc(-c4cnn(C)c4)nc3c2)c1,6.62,0.0,1
CHEMBL279,COc1cc(OC)cc(N(CCC#N)c2ccc3ncc(-c4cnn(C)c4)nc3c2)c1,7.12,0.0,1
CHEMBL279,COc1cc(OC)cc(N(CCC#N)c2ccc3ncc(-c4cnn(CCO)c4)nc3c2)c1,7.28,0.0,1
CHEMBL279,COc1cc(OC)cc(N(CCC(=O)N(C)OC)c2ccc3ncc(-c4cnn(C)c4)nc3c2)c1,6.81,0.0,1
CHEMBL279,COc1cc(OC)cc(N(CCC(=O)NC(C)C)c2ccc3ncc(-c4cnn(C)c4)nc3c2)c1,6.71,0.0,1
CHEMBL279,COc1cc(OC)cc(N(CCC(=O)NCC(F)(F)F)c2ccc3ncc(-c4cnn(C)c4)nc3c2)c1,7.27,0.0,1
CHEMBL279,COc1cc(OC)cc(N(CCC(=O)O)c2ccc3ncc(-c4cnn(C)c4)nc3c2)c1,7.24,0.0,1
CHEMBL279,COc1cc(OC)cc(N(CCC(C)(C)O)c2ccc3ncc(-c4cnn(C)c4)nc3c2)c1,7.49,0.0,1
CHEMBL279,COc1cc(OC)cc(N(CCC2CCN(C(C)C)CC2)c2ccc3ncc(-c4cnn(C)c4)nc3c2)c1,7.57,0.0,1
CHEMBL279,COc1cc(OC)cc(N(CCC2CCNCC2)c2ccc3ncc(-c4cnn(C)c4)nc3c2)c1,7.75,0.0,1
CHEMBL279,COc1cc(OC)cc(N(CCCC#N)c2ccc3ncc(-c4cnn(C)c4)nc3c2)c1,7.44,0.0,1
CHEMBL279,COc1cc(OC)cc(N(CCCCN)c2ccc3ncc(-c4cnn(C)c4)nc3c2)c1,7.52,0.0,1
CHEMBL279,COc1cc(OC)cc(N(CCCN)c2ccc3ncc(-c4cn[nH]c4)nc3c2)c1,7.43,0.0,1
CHEMBL279,COc1cc(OC)cc(N(CCCN)c2ccc3ncc(-c4cnn(C(C)C)c4)nc3c2)c1,7.69,0.0,1
CHEMBL279,COc1cc(OC)cc(N(CCCN)c2ccc3ncc(-c4cnn(C)c4)nc3c2)c1,7.58,0.0,1
CHEMBL279,COc1cc(OC)cc(N(CCCN)c2ccc3ncc(-c4cnn(CCS(C)(=O)=O)c4)nc3c2)c1,7.33,0.0,1
CHEMBL279,COc1cc(OC)cc(N(CCCN2CC(O)C2)c2ccc3ncc(-c4cnn(C)c4)nc3c2)c1,8.08,0.0,1
CHEMBL279,COc1cc(OC)cc(N(CCCN2CC=CCC2)c2ccc3ncc(-c4cnn(C)c4)nc3c2)c1,7.53,0.0,1
CHEMBL279,COc1cc(OC)cc(N(CCCN2CCC(C(F)(F)F)CC2)c2ccc3ncc(-c4cnn(C)c4)nc3c2)c1,7.88,0.0,1
CHEMBL279,COc1cc(OC)cc(N(CCCN2CCC(F)(F)C2)c2ccc3ncc(-c4cn[nH]c4)nc3c2)c1,6.51,0.0,2
CHEMBL279,COc1cc(OC)cc(N(CCCN2CCC(F)(F)C2)c2ccc3ncc(-c4cnn(C)c4)nc3c2)c1,7.0,0.0,1
CHEMBL279,COc1cc(OC)cc(N(CCCN2CCC(F)(F)C2)c2ccc3ncc(-c4cnn(CC5CCOCC5)c4)nc3c2)c1,6.76,0.0,1
CHEMBL279,COc1cc(OC)cc(N(CCCN2CCC(F)C2)c2ccc3ncc(-c4cnn(C)c4)nc3c2)c1,7.62,0.0,1
CHEMBL279,COc1cc(OC)cc(N(CCCN2CCC(N)C2)c2ccc3ncc(-c4cnn(C)c4)nc3c2)c1,7.7,0.0,1
CHEMBL279,COc1cc(OC)cc(N(CCCN2CCC(N3CCCCC3)C2)c2ccc3ncc(-c4cnn(C)c4)nc3c2)c1,7.24,0.0,1
CHEMBL279,COc1cc(OC)cc(N(CCCN2CCC(N3C[C@@H](C)O[C@@H](C)C3)C2)c2ccc3ncc(-c4cnn(C)c4)nc3c2)c1,7.21,0.0,1
CHEMBL279,COc1cc(OC)cc(N(CCCN2CCC(O)C2)c2ccc3ncc(-c4cnn(C)c4)nc3c2)c1,7.97,0.0,1
CHEMBL279,COc1cc(OC)cc(N(CCCN2CCC(OC)CC2)c2ccc3ncc(-c4cnn(C)c4)nc3c2)c1,7.11,0.0,1
CHEMBL279,COc1cc(OC)cc(N(CCCN2CCC(S(C)(=O)=O)C2)c2ccc3ncc(-c4cnn(C)c4)nc3c2)c1,7.54,0.0,1
CHEMBL279,COc1cc(OC)cc(N(CCCN2CCCC(C(N)=O)C2)c2ccc3ncc(-c4cnn(C)c4)nc3c2)c1,7.56,0.0,1
CHEMBL279,COc1cc(OC)cc(N(CCCN2CCCC2(C)C)c2ccc3ncc(-c4cnn(C)c4)nc3c2)c1,6.95,0.0,1
CHEMBL279,COc1cc(OC)cc(N(CCCN2CCCC2)c2ccc3ncc(-c4cn[nH]c4)nc3c2)c1,7.39,0.0,1
CHEMBL279,COc1cc(OC)cc(N(CCCN2CCCC2)c2ccc3ncc(-c4cnn(C(C)C)c4)nc3c2)c1,7.5,0.0,1
CHEMBL279,COc1cc(OC)cc(N(CCCN2CCCC2)c2ccc3ncc(-c4cnn(C)c4)nc3c2)c1,7.61,0.0,1
CHEMBL279,COc1cc(OC)cc(N(CCCN2CCCC2)c2ccc3ncc(-c4cnn(CCO)c4)nc3c2)c1,7.59,0.0,1
CHEMBL279,COc1cc(OC)cc(N(CCCN2CCCC2)c2ccc3ncc(-c4cnn(CCS(C)(=O)=O)c4)nc3c2)c1,7.6,0.0,1
CHEMBL279,COc1cc(OC)cc(N(CCCN2CCCC2=O)c2ccc3ncc(-c4cnn(C(C)C)c4)nc3c2)c1,7.63,0.0,1
CHEMBL279,COc1cc(OC)cc(N(CCCN2CCCC2=O)c2ccc3ncc(-c4cnn(C)c4)nc3c2)c1,7.46,0.0,1
CHEMBL279,COc1cc(OC)cc(N(CCCN2CCCCC2)c2ccc3ncc(-c4cnn(C)c4)nc3c2)c1,7.47,0.0,1
CHEMBL279,COc1cc(OC)cc(N(CCCN2CCCCC2C)c2ccc3ncc(-c4cnn(C)c4)nc3c2)c1,7.31,0.0,1
CHEMBL279,COc1cc(OC)cc(N(CCCN2CCC[C@@H]2C)c2ccc3ncc(-c4cnn(C)c4)nc3c2)c1,7.4,0.0,1
CHEMBL279,COc1cc(OC)cc(N(CCCN2CCC[C@@H]2CC#N)c2ccc3ncc(-c4cnn(C)c4)nc3c2)c1,7.47,0.0,1
CHEMBL279,COc1cc(OC)cc(N(CCCN2CCC[C@@H]2CO)c2ccc3ncc(-c4cnn(C)c4)nc3c2)c1,7.43,0.0,1
CHEMBL279,COc1cc(OC)cc(N(CCCN2CCC[C@H]2C)c2ccc3ncc(-c4cnn(C)c4)nc3c2)c1,7.2,0.0,1
CHEMBL279,COc1cc(OC)cc(N(CCCN2CCC[C@H]2CC#N)c2ccc3ncc(-c4cnn(C)c4)nc3c2)c1,7.52,0.0,1
CHEMBL279,COc1cc(OC)cc(N(CCCN2CCC[C@H]2CO)c2ccc3ncc(-c4cnn(C)c4)nc3c2)c1,7.5,0.0,1
CHEMBL279,COc1cc(OC)cc(N(CCCN2CCNCC2)c2ccc3ncc(-c4cnn(C)c4)nc3c2)c1,7.48,0.0,1
CHEMBL279,COc1cc(OC)cc(N(CCCN2CCOC2=O)c2ccc3ncc(-c4cnn(C)c4)nc3c2)c1,7.51,0.0,1
CHEMBL279,COc1cc(OC)cc(N(CCCN2CCOCC2)c2ccc3ncc(-c4cnn(C)c4)nc3c2)c1,7.34,0.0,1
CHEMBL279,COc1cc(OC)cc(N(CCCN2CCS(=O)(=O)CC2)c2ccc3ncc(-c4cnn(C)c4)nc3c2)c1,7.34,0.0,1
CHEMBL279,COc1cc(OC)cc(N(CCCN2C[C@@H](C)N[C@@H](C)C2)c2ccc3ncc(-c4cnn(C)c4)nc3c2)c1,6.63,0.0,1
CHEMBL279,COc1cc(OC)cc(N(CCCN2C[C@@H](C)O[C@@H](C)C2)c2ccc3ncc(-c4cnn(C)c4)nc3c2)c1,7.01,0.0,1
CHEMBL279,COc1cc(OC)cc(N(CCCN2[C@@H](C)CC[C@@H]2C)c2ccc3ncc(-c4cnn(C)c4)nc3c2)c1,7.18,0.0,1
CHEMBL279,COc1cc(OC)cc(N(CCCN2[C@H](C)CC[C@@H]2C)c2ccc3ncc(-c4cnn(C)c4)nc3c2)c1,7.145,0.3464823227814081,2
CHEMBL279,COc1cc(OC)cc(N(CCCNC(=O)C(C)(O)C(F)(F)F)c2ccc3ncc(-c4cnn(C)c4)nc3c2)c1,7.68,0.0,2
CHEMBL279,COc1cc(OC)cc(N(CCCNC(=O)C(F)(F)F)c2ccc3ncc(-c4cn[nH]c4)nc3c2)c1,7.47,0.0,1
CHEMBL279,COc1cc(OC)cc(N(CCCNC(=O)C(F)(F)F)c2ccc3ncc(-c4cnn(C)c4)nc3c2)c1,7.64,0.0,1
CHEMBL279,COc1cc(OC)cc(N(CCCNC(C)(C)CF)c2ccc3ncc(-c4cnn(C)c4)nc3c2)c1,7.18,0.0,1
CHEMBL279,COc1cc(OC)cc(N(CCCNC(C)C)c2ccc3ncc(-c4cnn(C)c4)nc3c2)c1,7.199999999999999,0.38183766184073603,2
CHEMBL279,COc1cc(OC)cc(N(CCCNCC(C)(F)F)c2ccc3ncc(-c4cnn(C)c4)nc3c2)c1,7.22,0.0,1
CHEMBL279,COc1cc(OC)cc(N(CCCNCC(F)(F)F)c2ccc3ncc(-c4cn[nH]c4)nc3c2)c1,6.87,0.0,1
CHEMBL279,COc1cc(OC)cc(N(CCCNCC(F)(F)F)c2ccc3ncc(-c4cnn(C(C)C)c4)nc3c2)c1,6.9,0.0,1
CHEMBL279,COc1cc(OC)cc(N(CCCNCC(F)(F)F)c2ccc3ncc(-c4cnn(C)c4)nc3c2)c1,6.66,0.0,1
CHEMBL279,COc1cc(OC)cc(N(CCCNCC(F)(F)F)c2ccc3ncc(-c4cnn(CCCN)c4)nc3c2)c1,7.42,0.0,1
CHEMBL279,COc1cc(OC)cc(N(CCCNCC(F)F)c2ccc3ncc(-c4cnn(C)c4)nc3c2)c1,7.32,0.0,1
CHEMBL279,COc1cc(OC)cc(N(CCCNCC(N)=O)c2ccc3ncc(-c4cnn(C)c4)nc3c2)c1,7.43,0.0,1
CHEMBL279,COc1cc(OC)cc(N(CCCNCCC#N)c2ccc3ncc(-c4cnn(C)c4)nc3c2)c1,7.68,0.0,1
CHEMBL279,COc1cc(OC)cc(N(CCCO)c2ccc3ncc(-c4c(C)nn(C)c4C)nc3c2)c1,6.17,0.0,1
CHEMBL279,COc1cc(OC)cc(N(CCCO)c2ccc3ncc(-c4cn[nH]c4)nc3c2)c1,7.14,0.0,1
CHEMBL279,COc1cc(OC)cc(N(CCCO)c2ccc3ncc(-c4cnn(C(C)C)c4)nc3c2)c1,7.57,0.0,1
CHEMBL279,COc1cc(OC)cc(N(CCCO)c2ccc3ncc(-c4cnn(C)c4)nc3c2)c1,7.39,0.0,1
CHEMBL279,COc1cc(OC)cc(N(CCCO)c2ccc3ncc(-c4cnn(C5CCCCO5)c4)nc3c2)c1,7.53,0.0,1
CHEMBL279,COc1cc(OC)cc(N(CCCO)c2ccc3ncc(-c4cnn(CCO)c4)nc3c2)c1,7.35,0.0,1
CHEMBL279,COc1cc(OC)cc(N(CCCO)c2ccc3ncc(-c4cnn(CCS(C)(=O)=O)c4)nc3c2)c1,7.23,0.0,1
CHEMBL279,COc1cc(OC)cc(N(CCCc2cc(C)ccn2)c2ccc3ncc(-c4cnn(C)c4)nc3c2)c1,6.75,0.0,1
CHEMBL279,COc1cc(OC)cc(N(CCCc2ccncc2)c2ccc3ncc(-c4cnn(C)c4)nc3c2)c1,7.57,0.0,1
CHEMBL279,COc1cc(OC)cc(N(CCCc2nccc(OC)n2)c2ccc3ncc(-c4cnn(C)c4)nc3c2)c1,7.11,0.0,1
CHEMBL279,COc1cc(OC)cc(N(CCCc2ncccc2OC)c2ccc3ncc(-c4cnn(C)c4)nc3c2)c1,6.78,0.0,1
CHEMBL279,COc1cc(OC)cc(N(CCCc2ncccn2)c2ccc3ncc(-c4cnn(C)c4)nc3c2)c1,6.91,0.0,1
CHEMBL279,COc1cc(OC)cc(N(CCCn2c(C)cnc2C)c2ccc3ncc(-c4cnn(C)c4)nc3c2)c1,7.97,0.0,1
CHEMBL279,COc1cc(OC)cc(N(CCCn2ccnc2C)c2ccc3ncc(-c4cnn(C)c4)nc3c2)c1,7.69,0.0,1
CHEMBL279,COc1cc(OC)cc(N(CCF)c2ccc3ncc(-c4cnn(C)c4)nc3c2)c1,7.23,0.0,1
CHEMBL279,COc1cc(OC)cc(N(CCN(C)C(C)C)c2ccc3ncc(-c4cnn(C)c4)nc3c2)c1,7.37,0.0,1
CHEMBL279,COc1cc(OC)cc(N(CCN(C)C)c2ccc3ncc(-c4cnn(C)c4)nc3c2)c1,7.05,0.0,1
CHEMBL279,COc1cc(OC)cc(N(CCN(CCCN)C(C)C)c2ccc3ncc(-c4cnn(C)c4)nc3c2)c1,7.03,0.0,1
CHEMBL279,COc1cc(OC)cc(N(CCN(Cc2ccc(N)cc2)C(C)C)c2ccc3ncc(-c4cnn(C)c4)nc3c2)c1,6.85,0.0,1
CHEMBL279,COc1cc(OC)cc(N(CCN)c2ccc3ncc(-c4cn[nH]c4)nc3c2)c1,7.07,0.0,1
CHEMBL279,COc1cc(OC)cc(N(CCN)c2ccc3ncc(-c4cnn(C(C)C)c4)nc3c2)c1,7.61,0.0,1
CHEMBL279,COc1cc(OC)cc(N(CCN)c2ccc3ncc(-c4cnn(C)c4)nc3c2)c1,7.08,0.0,1
CHEMBL279,COc1cc(OC)cc(N(CCN)c2ccc3ncc(-c4cnn(CC5CCOCC5)c4)nc3c2)c1,7.56,0.0,1
CHEMBL279,COc1cc(OC)cc(N(CCN)c2ccc3ncc(-c4cnn(CCS(C)(=O)=O)c4)nc3c2)c1,7.23,0.0,1
CHEMBL279,COc1cc(OC)cc(N(CCN2C(C)CCCC2C)c2ccc3ncc(-c4cnn(C)c4)nc3c2)c1,7.09,0.0,1
CHEMBL279,COc1cc(OC)cc(N(CCN2CC3(COC3)C2)c2ccc3ncc(-c4cnn(C)c4)nc3c2)c1,7.24,0.0,1
CHEMBL279,COc1cc(OC)cc(N(CCN2CC=CCC2)c2ccc3ncc(-c4cnn(C)c4)nc3c2)c1,7.2,0.0,1
CHEMBL279,COc1cc(OC)cc(N(CCN2CCC(C(C)(C)O)CC2)c2ccc3ncc(-c4cnn(C(C)C)c4)nc3c2)c1,7.14,0.0,1
CHEMBL279,COc1cc(OC)cc(N(CCN2CCC(C(C)(C)O)CC2)c2ccc3ncc(-c4cnn(C)c4)nc3c2)c1,6.86,0.0,1
CHEMBL279,COc1cc(OC)cc(N(CCN2CCC(CCO)CC2)c2ccc3ncc(-c4cnn(C)c4)nc3c2)c1,7.18,0.0,1
CHEMBL279,COc1cc(OC)cc(N(CCN2CCC(CO)CC2)c2ccc3ncc(-c4cnn(C)c4)nc3c2)c1,6.98,0.0,1
CHEMBL279,COc1cc(OC)cc(N(CCN2CCC(F)(F)CC2)c2ccc3ncc(-c4cnn(C)c4)nc3c2)c1,6.78,0.0,1
CHEMBL279,COc1cc(OC)cc(N(CCN2CCC(N(C)C)C2)c2ccc3ncc(-c4cnn(C)c4)nc3c2)c1,7.13,0.0,1
CHEMBL279,COc1cc(OC)cc(N(CCN2CCC(N(C)C)CC2)c2ccc3ncc(-c4cnn(C)c4)nc3c2)c1,7.04,0.0,1
CHEMBL279,COc1cc(OC)cc(N(CCN2CCC(N)C2)c2ccc3ncc(-c4cnn(C)c4)nc3c2)c1,7.72,0.0,1
CHEMBL279,COc1cc(OC)cc(N(CCN2CCC(N)CC2)c2ccc3ncc(-c4cnn(C)c4)nc3c2)c1,7.22,0.0,1
CHEMBL279,COc1cc(OC)cc(N(CCN2CCC(O)C2)c2ccc3ncc(-c4cnn(C)c4)nc3c2)c1,7.33,0.0,1
CHEMBL279,COc1cc(OC)cc(N(CCN2CCCC(C#N)C2)c2ccc3ncc(-c4cnn(C)c4)nc3c2)c1,7.26,0.0,1
CHEMBL279,COc1cc(OC)cc(N(CCN2CCCC(C(N)=O)C2)c2ccc3ncc(-c4cnn(C)c4)nc3c2)c1,7.07,0.0,1
CHEMBL279,COc1cc(OC)cc(N(CCN2CCCC(N)C2)c2ccc3ncc(-c4cnn(C)c4)nc3c2)c1,7.69,0.0,1
CHEMBL279,COc1cc(OC)cc(N(CCN2CCCC2)c2ccc3ncc(-c4cn[nH]c4)nc3c2)c1,7.04,0.0,1
CHEMBL279,COc1cc(OC)cc(N(CCN2CCCC2)c2ccc3ncc(-c4cnn(C)c4)nc3c2)c1,7.78,0.0,1
CHEMBL279,COc1cc(OC)cc(N(CCN2CCCC2=O)c2ccc3ncc(-c4cnn(C)c4)nc3c2)c1,6.58,0.0,1
CHEMBL279,COc1cc(OC)cc(N(CCN2CCCCC2)c2ccc3ncc(-c4cnn(C)c4)nc3c2)c1,7.0,0.0,1
CHEMBL279,COc1cc(OC)cc(N(CCN2CCCCC2C)c2ccc3ncc(-c4cnn(C)c4)nc3c2)c1,7.26,0.0,1
CHEMBL279,COc1cc(OC)cc(N(CCN2CCCNCC2)c2ccc3ncc(-c4cnn(C)c4)nc3c2)c1,7.4,0.0,1
CHEMBL279,COc1cc(OC)cc(N(CCN2CCC[C@@H]2C)c2ccc3ncc(-c4cnn(C)c4)nc3c2)c1,7.13,0.0,1
CHEMBL279,COc1cc(OC)cc(N(CCN2CCC[C@@H]2CO)c2ccc3ncc(-c4cnn(C)c4)nc3c2)c1,7.1,0.0,1
CHEMBL279,COc1cc(OC)cc(N(CCN2CCC[C@H]2C(=O)O)c2ccc3ncc(-c4cnn(C)c4)nc3c2)c1,7.15,0.0,1
CHEMBL279,COc1cc(OC)cc(N(CCN2CCC[C@H]2C)c2ccc3ncc(-c4cnn(C)c4)nc3c2)c1,7.43,0.0,1
CHEMBL279,COc1cc(OC)cc(N(CCN2CCC[C@H]2CO)c2ccc3ncc(-c4cnn(C)c4)nc3c2)c1,7.58,0.0,1
CHEMBL279,COc1cc(OC)cc(N(CCN2CCN(C(=O)C3CC3)CC2)c2ccc3ncc(-c4cnn(C)c4)nc3c2)c1,6.71,0.0,1
CHEMBL279,COc1cc(OC)cc(N(CCN2CCN(C(C)=O)CC2)c2ccc3ncc(-c4cnn(C)c4)nc3c2)c1,7.03,0.0,1
CHEMBL279,COc1cc(OC)cc(N(CCN2CCN(C)CC2)c2ccc3ncc(-c4cnn(C)c4)nc3c2)c1,7.46,0.0,1
CHEMBL279,COc1cc(OC)cc(N(CCN2CCN(CCO)CC2)c2ccc3ncc(-c4cnn(C)c4)nc3c2)c1,7.44,0.0,1
CHEMBL279,COc1cc(OC)cc(N(CCN2CCNC(=O)C2)c2ccc3ncc(-c4cnn(C)c4)nc3c2)c1,7.0,0.0,1
CHEMBL279,COc1cc(OC)cc(N(CCN2CCNCC2)c2ccc3ncc(-c4cnn(C)c4)nc3c2)c1,7.92,0.0,1
CHEMBL279,COc1cc(OC)cc(N(CCN2CCOC2=O)c2ccc3ncc(-c4cnn(C)c4)nc3c2)c1,6.52,0.0,1
CHEMBL279,COc1cc(OC)cc(N(CCN2CCOCC2)c2ccc3ncc(-c4cnn(C)c4)nc3c2)c1,7.31,0.0,1
CHEMBL279,COc1cc(OC)cc(N(CCN2CC[C@H](C#N)C2)c2ccc3ncc(-c4cn[nH]c4)nc3c2)c1,6.97,0.0,1
CHEMBL279,COc1cc(OC)cc(N(CCN2CC[C@H](C#N)C2)c2ccc3ncc(-c4cnn(C)c4)nc3c2)c1,7.08,0.0,1
CHEMBL279,COc1cc(OC)cc(N(CCN2C[C@@H](C)O[C@@H](C)C2)c2ccc3ncc(-c4cnn(C)c4)nc3c2)c1,6.61,0.0,1
CHEMBL279,COc1cc(OC)cc(N(CCN2C[C@@H]3C[C@H]2CN3)c2ccc3ncc(-c4cnn(C)c4)nc3c2)c1,7.49,0.0,1
CHEMBL279,COc1cc(OC)cc(N(CCN2C[C@@H]3C[C@H]2CN3C(=O)OC(C)(C)C)c2ccc3ncc(-c4cnn(C)c4)nc3c2)c1,7.02,0.0,1
CHEMBL279,COc1cc(OC)cc(N(CCN2[C@@H](C)CC[C@@H]2C)c2ccc3ncc(-c4cnn(C)c4)nc3c2)c1,7.28,0.0,1
CHEMBL279,COc1cc(OC)cc(N(CCNC(=O)C(C)(O)C(F)(F)F)c2ccc3ncc(-c4cnn(C)c4)nc3c2)c1,7.35,0.0,1
CHEMBL279,COc1cc(OC)cc(N(CCNC(=O)C(F)(F)F)c2ccc3ncc(-c4cnn(C)c4)nc3c2)c1,6.99,0.0,1
CHEMBL279,COc1cc(OC)cc(N(CCNC(=O)C2CC2)c2ccc3ncc(-c4cnn(C)c4)nc3c2)c1,6.76,0.0,1
CHEMBL279,COc1cc(OC)cc(N(CCNC(=O)C2CCCN(C)C2)c2ccc3ncc(-c4cnn(C)c4)nc3c2)c1,6.98,0.0,1
CHEMBL279,COc1cc(OC)cc(N(CCNC(C)=O)c2ccc3ncc(-c4cnn(C)c4)nc3c2)c1,6.88,0.0,1
CHEMBL279,COc1cc(OC)cc(N(CCNC(C)C)c2ccc3ncc(-c4c(C)nn(C)c4C)nc3c2)c1,6.61,0.0,1
CHEMBL279,COc1cc(OC)cc(N(CCNC(C)C)c2ccc3ncc(-c4cn[nH]c4)nc3c2)c1,6.98,0.0,1
CHEMBL279,COc1cc(OC)cc(N(CCNC(C)C)c2ccc3ncc(-c4cnn(C(C)C)c4)nc3c2)c1,7.74,0.0,1
CHEMBL279,COc1cc(OC)cc(N(CCNC(C)C)c2ccc3ncc(-c4cnn(C)c4)nc3c2)c1,7.375,0.07778174593051983,2
CHEMBL279,COc1cc(OC)cc(N(CCNC(C)C)c2ccc3ncc(-c4cnn(C)c4C)nc3c2)c1,7.04,0.0,1
CHEMBL279,COc1cc(OC)cc(N(CCNC(C)C)c2ccc3ncc(-c4cnn(C)c4CN(C)C)nc3c2)c1,6.9,0.0,1
CHEMBL279,COc1cc(OC)cc(N(CCNC(C)C)c2ccc3ncc(-c4cnn(C)c4CO)nc3c2)c1,7.78,0.0,1
CHEMBL279,COc1cc(OC)cc(N(CCNC(C)C)c2ccc3ncc(-c4cnn(C5CCN(C(=O)OC(C)(C)C)CC5)c4)nc3c2)c1,7.95,0.0,1
CHEMBL279,COc1cc(OC)cc(N(CCNC(C)C)c2ccc3ncc(-c4cnn(C5CCN(C)CC5)c4)nc3c2)c1,7.19,0.0,1
CHEMBL279,COc1cc(OC)cc(N(CCNC(C)C)c2ccc3ncc(-c4cnn(C5CCNCC5)c4)nc3c2)c1,7.7,0.0,1
CHEMBL279,COc1cc(OC)cc(N(CCNC(C)C)c2ccc3ncc(-c4cnn(CC5CCOCC5)c4)nc3c2)c1,7.63,0.0,1
CHEMBL279,COc1cc(OC)cc(N(CCNC(C)C)c2ccc3ncc(-c4cnn(CCC#N)c4)nc3c2)c1,7.74,0.0,1
CHEMBL279,COc1cc(OC)cc(N(CCNC(C)C)c2ccc3ncc(-c4cnn(CCCN)c4)nc3c2)c1,7.39,0.0,1
CHEMBL279,COc1cc(OC)cc(N(CCNC(C)C)c2ccc3ncc(-c4cnn(CCCN5CCN(CCCO)CC5)c4)nc3c2)c1,7.74,0.0,1
CHEMBL279,COc1cc(OC)cc(N(CCNC2CC2)c2ccc3ncc(-c4cnn(C)c4)nc3c2)c1,7.69,0.0,1
CHEMBL279,COc1cc(OC)cc(N(CCNC2CCCC2)c2ccc3ncc(-c4cnn(C)c4)nc3c2)c1,7.68,0.0,1
CHEMBL279,COc1cc(OC)cc(N(CCNC2CCN(S(N)(=O)=O)CC2)c2ccc3ncc(-c4cnn(C)c4)nc3c2)c1,7.23,0.0,1
CHEMBL279,COc1cc(OC)cc(N(CCNCC(F)(F)F)c2ccc3ncc(-c4cnn(C)c4)nc3c2)c1,7.24,0.0,1
CHEMBL279,COc1cc(OC)cc(N(CCNCC(F)F)c2ccc3ncc(-c4cnn(C)c4)nc3c2)c1,7.27,0.0,1
CHEMBL279,COc1cc(OC)cc(N(CCNCC2CC2)c2ccc3ncc(-c4cnn(C)c4)nc3c2)c1,7.35,0.0,1
CHEMBL279,COc1cc(OC)cc(N(CCNCC2CCCO2)c2ccc3ncc(-c4cnn(C)c4)nc3c2)c1,7.17,0.0,1
CHEMBL279,COc1cc(OC)cc(N(CCNCCC#N)c2ccc3ncc(-c4cnn(C)c4)nc3c2)c1,7.12,0.0,1
CHEMBL279,COc1cc(OC)cc(N(CCNCCC(F)(F)F)c2ccc3ncc(-c4cnn(C)c4)nc3c2)c1,6.98,0.0,1
CHEMBL279,COc1cc(OC)cc(N(CCNCCF)c2ccc3ncc(-c4cnn(C)c4)nc3c2)c1,7.37,0.0,1
CHEMBL279,COc1cc(OC)cc(N(CCNCCO)c2ccc3ncc(-c4cnn(C)c4)nc3c2)c1,7.34,0.0,1
CHEMBL279,COc1cc(OC)cc(N(CCNC[Si](C)(C)C)c2ccc3ncc(-c4cnn(C)c4)nc3c2)c1,7.2,0.0,1
CHEMBL279,COc1cc(OC)cc(N(CCNS(=O)(=O)C(C)C)c2ccc3ncc(-c4cnn(C)c4)nc3c2)c1,7.83,0.0,1
CHEMBL279,COc1cc(OC)cc(N(CCNS(=O)(=O)N(C)C)c2ccc3ncc(-c4cnn(C)c4)nc3c2)c1,7.96,0.0,1
CHEMBL279,COc1cc(OC)cc(N(CCNS(C)(=O)=O)c2ccc3ncc(-c4cnn(C)c4)nc3c2)c1,7.86,0.0,1
CHEMBL279,COc1cc(OC)cc(N(CCO)c2ccc3ncc(-c4c(C)nn(C)c4C)nc3c2)c1,6.2,0.0,1
CHEMBL279,COc1cc(OC)cc(N(CCO)c2ccc3ncc(-c4cn[nH]c4)nc3c2)c1,6.86,0.0,1
CHEMBL279,COc1cc(OC)cc(N(CCO)c2ccc3ncc(-c4cnn(C)c4)nc3c2)c1,7.07,0.0,1
CHEMBL279,COc1cc(OC)cc(N(CCO)c2ccc3ncc(-c4cnn(C)c4CCCO)nc3c2)c1,6.74,0.0,1
CHEMBL279,COc1cc(OC)cc(N(CCO)c2ccc3ncc(-c4cnn(C)c4CCO)nc3c2)c1,6.78,0.0,1
CHEMBL279,COc1cc(OC)cc(N(CCO)c2ccc3ncc(-c4cnn(C5CCN(C(=O)OC(C)(C)C)CC5)c4)nc3c2)c1,7.33,0.0,1
CHEMBL279,COc1cc(OC)cc(N(CCO)c2ccc3ncc(-c4cnn(C5CCN(C)CC5)c4)nc3c2)c1,7.42,0.0,1
CHEMBL279,COc1cc(OC)cc(N(CCO)c2ccc3ncc(-c4cnn(C5CCNCC5)c4)nc3c2)c1,7.4,0.0,1
CHEMBL279,COc1cc(OC)cc(N(CCO)c2ccc3ncc(-c4cnn(CCCN)c4)nc3c2)c1,7.54,0.0,1
CHEMBL279,COc1cc(OC)cc(N(CCO)c2ccc3ncc(-c4cnn(CCO)c4)nc3c2)c1,7.27,0.0,1
CHEMBL279,COc1cc(OC)cc(N(CCO)c2ccc3ncc(-c4cnn(CCS(C)(=O)=O)c4)nc3c2)c1,7.47,0.0,1
CHEMBL279,COc1cc(OC)cc(N(CCP(=O)(O)O)c2ccc3ncc(-c4cnn(C)c4)nc3c2)c1,7.32,0.0,1
CHEMBL279,COc1cc(OC)cc(N(CCS(C)(=O)=O)c2ccc3ncc(-c4cnn(C)c4)nc3c2)c1,7.07,0.0,1
CHEMBL279,COc1cc(OC)cc(N(CCc2nnn[nH]2)c2ccc3ncc(-c4cnn(C)c4)nc3c2)c1,7.1,0.0,1
CHEMBL279,COc1cc(OC)cc(N(CCn2c(C)cnc2C)c2ccc3ncc(-c4cnn(C)c4)nc3c2)c1,6.17,0.0,1
CHEMBL279,COc1cc(OC)cc(N(CCn2cccc2)c2ccc3ncc(-c4cnn(C)c4)nc3c2)c1,6.31,0.0,2
CHEMBL279,COc1cc(OC)cc(N(CCn2cccn2)c2ccc3ncc(-c4cnn(C)c4)nc3c2)c1,6.82,0.6929646455628159,2
CHEMBL279,COc1cc(OC)cc(N(CCn2ccnc2C)c2ccc3ncc(-c4cnn(C)c4)nc3c2)c1,6.24,0.0,1
CHEMBL279,COc1cc(OC)cc(N(CCn2cnc(C)n2)c2ccc3ncc(-c4cnn(C)c4)nc3c2)c1,6.09,0.0,1
CHEMBL279,COc1cc(OC)cc(N(CCn2cnnc2)c2ccc3ncc(-c4cnn(C)c4)nc3c2)c1,6.29,0.0,1
CHEMBL279,COc1cc(OC)cc(N(C[C@@H](C)N)c2ccc3ncc(-c4cnn(C)c4)nc3c2)c1,6.99,0.0,1
CHEMBL279,COc1cc(OC)cc(N(C[C@@H](O)C(F)(F)F)c2ccc3ncc(-c4cnn(C(C)C)c4)nc3c2)c1,7.05,0.0,1
CHEMBL279,COc1cc(OC)cc(N(C[C@@H](O)C(F)(F)F)c2ccc3ncc(-c4cnn(C)c4)nc3c2)c1,6.86,0.0,1
CHEMBL279,COc1cc(OC)cc(N(C[C@@H](O)C(F)(F)F)c2ccc3ncc(-c4cnn(CCCN)c4)nc3c2)c1,7.23,0.0,1
CHEMBL279,COc1cc(OC)cc(N(C[C@@H](O)CN2CC[C@H](C#N)C2)c2ccc3ncc(-c4cnn(C)c4)nc3c2)c1,7.07,0.0,1
CHEMBL279,COc1cc(OC)cc(N(C[C@@H](O)CNC(C)C)c2ccc3ncc(-c4cnn(C)c4)nc3c2)c1,6.7,0.0,1
CHEMBL279,COc1cc(OC)cc(N(C[C@@H](O)CNCC(F)(F)F)c2ccc3ncc(-c4cnn(C)c4)nc3c2)c1,6.75,0.0,1
CHEMBL279,COc1cc(OC)cc(N(C[C@@H](O)CO)c2ccc3ncc(-c4cnn(C)c4)nc3c2)c1,6.94,0.0,1
CHEMBL279,COc1cc(OC)cc(N(C[C@@H](OC(C)=O)C(F)(F)F)c2ccc3ncc(-c4cnn(C)c4)nc3c2)c1,6.17,0.0,1
CHEMBL279,COc1cc(OC)cc(N(C[C@@H]2CCCN2)c2ccc3ncc(-c4cnn(C)c4)nc3c2)c1,7.38,0.0,1
CHEMBL279,COc1cc(OC)cc(N(C[C@@H]2C[C@H]2CO)c2ccc3ncc(-c4cnn(C)c4)nc3c2)c1,7.01,0.0,1
CHEMBL279,COc1cc(OC)cc(N(C[C@@H]2C[C@H]2c2ccccn2)c2ccc3ncc(-c4cnn(C)c4)nc3c2)c1,6.47,0.0,1
CHEMBL279,COc1cc(OC)cc(N(C[C@H](C)N)c2ccc3ncc(-c4cnn(C)c4)nc3c2)c1,6.91,0.0,1
CHEMBL279,COc1cc(OC)cc(N(C[C@H](O)C(F)(F)F)c2ccc3ncc(-c4cnn(C(C)C)c4)nc3c2)c1,6.86,0.0,1
CHEMBL279,COc1cc(OC)cc(N(C[C@H](O)C(F)(F)F)c2ccc3ncc(-c4cnn(C)c4)nc3c2)c1,6.56,0.0,1
CHEMBL279,COc1cc(OC)cc(N(C[C@H](O)C(F)(F)F)c2ccc3ncc(-c4cnn(CCCN)c4)nc3c2)c1,7.05,0.0,1
CHEMBL279,COc1cc(OC)cc(N(C[C@H](O)CN2CC[C@H](C#N)C2)c2ccc3ncc(-c4cnn(C)c4)nc3c2)c1,6.64,0.0,1
CHEMBL279,COc1cc(OC)cc(N(C[C@H](O)CNC(C)C)c2ccc3ncc(-c4cnn(C)c4)nc3c2)c1,6.44,0.0,1
CHEMBL279,COc1cc(OC)cc(N(C[C@H](O)CNCC(F)(F)F)c2ccc3ncc(-c4cnn(C)c4)nc3c2)c1,6.68,0.0,1
CHEMBL279,COc1cc(OC)cc(N(C[C@H](O)CO)c2ccc3ncc(-c4cnn(C)c4)nc3c2)c1,6.79,0.0,1
CHEMBL279,COc1cc(OC)cc(N(C[C@H](OC(C)=O)C(F)(F)F)c2ccc3ncc(-c4cnn(C)c4)nc3c2)c1,6.0,0.0,1
CHEMBL279,COc1cc(OC)cc(N(C[C@H]2C[C@@H]2c2ccccn2)c2ccc3ncc(-c4cnn(C)c4)nc3c2)c1,6.75,0.0,1
CHEMBL279,COc1cc(OC)cc(N(Cc2cc(C)n(C)n2)c2ccc3ncc(-c4cnn(C)c4)nc3c2)c1,6.61,0.0,1
CHEMBL279,COc1cc(OC)cc(N(Cc2cc(C)no2)c2ccc3ncc(-c4cnn(C)c4)nc3c2)c1,7.07,0.0,1
CHEMBL279,COc1cc(OC)cc(N(Cc2cc(C)no2)c2ccc3ncc(-c4cnn(CCO)c4)nc3c2)c1,6.91,0.0,1
CHEMBL279,COc1cc(OC)cc(N(Cc2cc(C)on2)c2ccc3ncc(-c4cnn(C)c4)nc3c2)c1,7.28,0.0,1
CHEMBL279,COc1cc(OC)cc(N(Cc2cc3ncccc3[nH]2)c2ccc3ncc(-c4cnn(C)c4)nc3c2)c1,7.04,0.0,1
CHEMBL279,COc1cc(OC)cc(N(Cc2cc3ncccc3n2C)c2ccc3ncc(-c4cnn(C)c4)nc3c2)c1,6.61,0.0,1
CHEMBL279,COc1cc(OC)cc(N(Cc2ccc(Cl)nc2)c2ccc3ncc(-c4cnn(C)c4)nc3c2)c1,7.14,0.0,1
CHEMBL279,COc1cc(OC)cc(N(Cc2ccc(Cl)s2)c2ccc3ncc(-c4cnn(C)c4)nc3c2)c1,6.49,0.0,1
CHEMBL279,COc1cc(OC)cc(N(Cc2ccc(Cl)s2)c2ccc3ncc(-c4cnn(CCN5CCNCC5)c4)nc3c2)c1,7.9,0.0,1
CHEMBL279,COc1cc(OC)cc(N(Cc2ccc(Cl)s2)c2ccc3ncc(-c4cnn(CCO)c4)nc3c2)c1,6.6,0.0,1
CHEMBL279,COc1cc(OC)cc(N(Cc2cccc(Br)n2)c2ccc3ncc(-c4cnn(C)c4)nc3c2)c1,6.57,0.0,1
CHEMBL279,COc1cc(OC)cc(N(Cc2cccc(Cl)c2)c2ccc3ncc(-c4cnn(C)c4)nc3c2)c1,6.14,0.0,1
CHEMBL279,COc1cc(OC)cc(N(Cc2cccc(N(C)C)n2)c2ccc3ncc(-c4cnn(C)c4)nc3c2)c1,6.08,0.0,1
CHEMBL279,COc1cc(OC)cc(N(Cc2cccc(OC)n2)c2ccc3ncc(-c4cnn(C)c4)nc3c2)c1,6.37,0.0,1
CHEMBL279,COc1cc(OC)cc(N(Cc2ccccc2)c2ccc3ncc(-c4cnn(C)c4)nc3c2)c1,6.16,0.0,1
CHEMBL279,COc1cc(OC)cc(N(Cc2ccccc2Cl)c2ccc3ncc(-c4cnn(C)c4)nc3c2)c1,6.23,0.0,1
CHEMBL279,COc1cc(OC)cc(N(Cc2cccnc2)c2ccc3ncc(-c4cnn(C)c4)nc3c2)c1,7.11,0.0,1
CHEMBL279,COc1cc(OC)cc(N(Cc2ccco2)c2ccc3ncc(-c4cnn(C)c4)nc3c2)c1,6.86,0.0,1
CHEMBL279,COc1cc(OC)cc(N(Cc2cccs2)c2ccc3ncc(-c4cnn(C)c4)nc3c2)c1,6.57,0.0,1
CHEMBL279,COc1cc(OC)cc(N(Cc2ccncc2)c2ccc3ncc(-c4cnn(C)c4)nc3c2)c1,6.7,0.0,1
CHEMBL279,COc1cc(OC)cc(N(Cc2cn(CCO)nn2)c2ccc3ncc(-c4cnn(C)c4)nc3c2)c1,7.07,0.0,1
CHEMBL279,COc1cc(OC)cc(N(Cc2cn[nH]n2)c2ccc3ncc(-c4cnn(C)c4)nc3c2)c1,7.07,0.0,1
CHEMBL279,COc1cc(OC)cc(N(Cc2cnccn2)c2ccc3ncc(-c4cnn(C)c4)nc3c2)c1,6.96,0.0,1
CHEMBL279,COc1cc(OC)cc(N(Cc2csc(C)n2)c2ccc3ncc(-c4cn[nH]c4)nc3c2)c1,6.86,0.0,1
CHEMBL279,COc1cc(OC)cc(N(Cc2csc(C)n2)c2ccc3ncc(-c4cnn(C)c4)nc3c2)c1,7.39,0.0,1
CHEMBL279,COc1cc(OC)cc(N(Cc2csc(C)n2)c2ccc3ncc(-c4cnn(CCN5CCNCC5)c4)nc3c2)c1,7.3,0.0,1
CHEMBL279,COc1cc(OC)cc(N(Cc2nc(OC)cc(OC)n2)c2ccc3ncc(-c4cnn(C)c4)nc3c2)c1,6.49,0.0,1
CHEMBL279,COc1cc(OC)cc(N(Cc2ncc[nH]2)c2ccc3ncc(-c4cnn(C)c4)nc3c2)c1,7.02,0.0,1
CHEMBL279,COc1cc(OC)cc(N(Cc2ncccn2)c2ccc3ncc(-c4cnn(C)c4)nc3c2)c1,6.72,0.0,1
CHEMBL279,COc1cc(OC)cc(N(Cc2nccn2C)c2ccc3ncc(-c4cnn(C)c4)nc3c2)c1,6.44,0.0,1
CHEMBL279,COc1cc(OC)cc(N(Cc2nccn2S(=O)(=O)N(C)C)c2ccc3ncc(-c4cnn(C)c4)nc3c2)c1,6.6,0.0,1
CHEMBL279,COc1cc(OC)cc(N(Cc2nnc(N)o2)c2ccc3ncc(-c4cnn(C)c4)nc3c2)c1,7.24,0.0,1
CHEMBL279,COc1cc(OC)cc(N(Cc2nnc(NCCO)o2)c2ccc3ncc(-c4cnn(C)c4)nc3c2)c1,6.61,0.0,1
CHEMBL279,COc1cc(OC)cc(N(c2ccc3ncc(-c4cnn(C)c4)nc3c2)C(C)CN)c1,6.83,0.0,1
CHEMBL279,COc1cc(OC)cc(N(c2ccc3ncc(-c4cnn(C)c4)nc3c2)C(C)CNC(C)C)c1,7.1,0.0,1
CHEMBL279,COc1cc(OC)cc(N(c2ccc3ncc(-c4cnn(C)c4)nc3c2)C(C)CNCC(F)(F)F)c1,7.07,0.0,1
CHEMBL279,COc1cc(OC)cc(N(c2ccc3ncc(-c4cnn(C)c4)nc3c2)C2COC2)c1,6.84,0.0,1
CHEMBL279,COc1cc(OC)cc(N(c2ccc3ncc(-c4cnn(C)c4)nc3c2)S(=O)(=O)N(C)C)c1,6.61,0.0,1
CHEMBL279,COc1cc(OC)cc(N(c2ccc3ncc(-c4cnn(C)c4)nc3c2)[C@@H](C)CN)c1,6.57,0.0,1
CHEMBL279,COc1cc(OC)cc(N(c2ccc3ncc(-c4cnn(C)c4)nc3c2)[C@H](C)CN)c1,7.25,0.0,1
CHEMBL279,COc1cc(OC)cc(N(c2ccc3ncc(-c4cnn(C)c4)nc3c2)[C@H]2CC[C@@H](NC(C)C)CC2)c1,7.47,0.0,1
CHEMBL279,COc1cc(OC)cc(N(c2ccc3ncc(-c4cnn(C)c4)nc3c2)[C@H]2CC[C@H](NC(C)C)CC2)c1,7.16,0.0,1
CHEMBL279,COc1cc(OC2CCN(C)CC2)c2c(Nc3c(Cl)ccc4c3OCO4)ncnc2c1,4.67,0.0,1
CHEMBL279,COc1cc(OC2CCN(C)CC2)c2c(Nc3cccc4c3OCCO4)ncnc2c1,6.3,0.0,1
CHEMBL279,COc1cc(OC2CCN(C)CC2)c2c(Nc3cccc4c3OCO4)ncnc2c1,5.6,0.0,1
CHEMBL279,COc1cc(OCC2CC2)cc(N(CC2CC2)c2ccc3ncc(-c4cnn(C)c4)nc3c2)c1,6.0,0.0,1
CHEMBL279,COc1cc(OCCF)cc(N(CCNC(C)C)c2ccc3ncc(-c4cnn(C)c4)nc3c2)c1,7.2,0.0,1
CHEMBL279,COc1cc(OCCF)cc(N(CCO)c2ccc3ncc(-c4cnn(C)c4)nc3c2)c1,7.05,0.0,1
CHEMBL279,COc1cc(OCCO)cc(N(CC2CC2)c2ccc3ncc(-c4cn[nH]c4)nc3c2)c1,6.53,0.0,1
CHEMBL279,COc1cc(OCCO)cc(N(CC2CC2)c2ccc3ncc(-c4cnn(C)c4)nc3c2)c1,6.82,0.0,1
CHEMBL279,COc1cc(OCCO)cc(N(CC2CC2)c2ccc3ncc(-c4cnn(CCO)c4)nc3c2)c1,6.71,0.0,1
CHEMBL279,COc1cc(OCCO)cc(N(CC2CC2)c2ccc3ncc(-c4cnn(CCS(C)(=O)=O)c4)nc3c2)c1,6.54,0.0,1
CHEMBL279,COc1cc(OCCO)cc(N(CCCN2CCCC2)c2ccc3ncc(-c4cn[nH]c4)nc3c2)c1,6.72,0.0,1
CHEMBL279,COc1cc(OCCO)cc(N(CCCN2CCCC2)c2ccc3ncc(-c4cnn(C)c4)nc3c2)c1,7.14,0.0,1
CHEMBL279,COc1cc(OCCO)cc(N(CCN)c2ccc3ncc(-c4cnn(C)c4)nc3c2)c1,6.62,0.0,1
CHEMBL279,COc1cc(Oc2ccc(NC(=O)Nc3ccc(Cl)c(C(F)(F)F)c3)cc2)cc(-c2cnn(C)c2)n1,5.62,0.0,1
CHEMBL279,COc1cc(Oc2ccc(NC(=O)Nc3cccc(C(F)(F)F)c3)cc2)ncn1,6.4,0.0,1
CHEMBL279,COc1cc(Oc2ccnc3cc(OC)c(OC)cc23)ccc1CC(=O)Nc1cn(C)nc1C,5.4,0.0,1
CHEMBL279,COc1cc(Oc2ccnc3cc(OC)c(OC)cc23)ccc1CC(=O)Nc1noc(C)c1C,5.72,0.0,1
CHEMBL279,COc1cc(Oc2ccncc2)c2c(Nc3c(Cl)ccc4c3OCO4)ncnc2c1,4.67,0.0,1
CHEMBL279,COc1cc(Oc2ncnc3ccn(C)c23)ccc1NC(=O)Nc1cccc(C(F)(F)F)c1,7.85,0.0,1
CHEMBL279,COc1cc2/c(=N/c3ccc(Br)cc3F)nc[nH]c2cc1OCC1CCN(C)CC1,7.18842105263158,0.7762320898480956,19
CHEMBL279,COc1cc2c(N3CCN(C(=O)Nc4ccc(OC(C)C)cc4)CC3)ncnc2cc1OCCCN1CCCCC1,5.68,0.0,1
CHEMBL279,COc1cc2c(NC3=CC(=O)C(OC(CF)CF)=CC3=O)ncnc2cc1OCC1CCN(C)CC1,8.2075,0.2040220576310313,4
CHEMBL279,COc1cc2c(NC3=CC(=O)C(OC(CF)CF)=CC3=O)ncnc2cc1OCCCN1CCCC1,8.07,0.15874507866387536,3
CHEMBL279,COc1cc2c(NC3=CC(=O)C(OCC#Cc4ccccc4)=CC3=O)ncnc2cc1OCCCN1CCCC1,8.7625,0.04349329450233343,4
CHEMBL279,COc1cc2c(NC3=CC(=O)C(OCC(F)F)=CC3=O)ncnc2cc1OCCCN1CCCC1,8.283333333333333,0.4750087718488291,3
CHEMBL279,COc1cc2c(NC3=CC(=O)C(OCCN(C)c4ccccc4)=CC3=O)ncnc2cc1OCC1CCN(C)CC1,8.156666666666666,0.30369941279714935,3
CHEMBL279,COc1cc2c(NC3=CC(=O)C(OCc4c(F)c(F)c(F)c(F)c4F)=CC3=O)ncnc2cc1OCCCN1CCCC1,8.183333333333332,0.17559422921421122,3
CHEMBL279,COc1cc2c(NC3=CC(=O)C(OCc4ccccc4)=CC3=O)ncnc2cc1OCC1CCN(C)CC1,7.66,0.18357559750685815,3
CHEMBL279,COc1cc2c(NC3=CC(=O)C(OCc4ccccc4)=CC3=O)ncnc2cc1OCCCN1CCCC1,7.71,0.187349939951952,3
CHEMBL279,COc1cc2c(NC3=CC(=O)C(OCc4ccccn4)=CC3=O)ncnc2cc1OCCCN1CCCC1,8.166666666666666,0.4387862045841159,3
CHEMBL279,COc1cc2c(NC3=CC(=O)C(OCc4ccco4)=CC3=O)ncnc2cc1OCCCN1CCCC1,8.176666666666668,0.2779088579612634,3
CHEMBL279,COc1cc2c(Nc3c(Br)ccc4c3OCO4)ncnc2cc1OCCCN1CCOCC1,4.37,0.0,1
CHEMBL279,COc1cc2c(Nc3c(Cl)ccc4c3OCO4)ncnc2cc1OCC1CCN(C)CC1,4.81,0.0,1
CHEMBL279,COc1cc2c(Nc3c(Cl)ccc4c3OCO4)ncnc2cc1OCCCN1CCCCC1,5.66,0.0,1
CHEMBL279,COc1cc2c(Nc3c(Cl)ccc4c3OCO4)ncnc2cc1OCCCN1CCOCC1,4.77,0.0,1
CHEMBL279,COc1cc2c(Nc3c(Cl)ccc4c3OCO4)ncnc2cc1OCc1ccnc(C#N)c1,4.11,0.0,1
CHEMBL279,COc1cc2c(Nc3c(Cl)ccc4ccoc34)ncnc2cc1OCCCN1CCOCC1,5.86,0.0,1
CHEMBL279,COc1cc2c(Nc3c(Cl)ccc4occc34)ncnc2cc1OCCCN1CCOCC1,5.91,0.0,1
CHEMBL279,COc1cc2c(Nc3c(F)cc(Br)cc3F)ncnc2cc1OCC1CCN(C)CC1,8.0,0.0,1
CHEMBL279,COc1cc2c(Nc3c(F)cc(Br)cc3F)ncnc2cc1OCC1CCNCC1,7.82,0.0,1
CHEMBL279,COc1cc2c(Nc3c(F)cc(Br)cc3F)ncnc2cc1OCCn1ccnn1,7.4,0.0,1
CHEMBL279,COc1cc2c(Nc3c(F)cc(Cl)cc3F)ncnc2cc1OCC1CCN(C)CC1,7.6,0.0,1
CHEMBL279,COc1cc2c(Nc3c(F)cc(Cl)cc3F)ncnc2cc1OCC1CCNCC1,7.4,0.0,1
CHEMBL279,COc1cc2c(Nc3c(F)cc(F)cc3F)ncnc2cc1O[C@@H]1CO[C@@H]2[C@H]1OC[C@H]2F,6.28,0.0,1
CHEMBL279,COc1cc2c(Nc3c(F)ccc4c3OCO4)ncnc2cc1OCCCN1CCOCC1,5.09,0.0,1
CHEMBL279,COc1cc2c(Nc3cc(C(F)(F)F)ccc3Br)ncnc2cc1O[C@@H]1CO[C@@H]2[C@H]1OC[C@H]2F,6.28,0.0,1
CHEMBL279,COc1cc2c(Nc3cc(C)cc(C)c3)ncnc2cc1O[C@@H]1CO[C@@H]2[C@H]1OC[C@H]2F,6.28,0.0,1
CHEMBL279,COc1cc2c(Nc3cc(Cl)c(Br)cc3F)ncnc2cc1OCC1CO[C@@H]2[C@@H](OC)CO[C@H]12,4.98,0.0,1
CHEMBL279,COc1cc2c(Nc3cc(Cl)c(Br)cc3F)ncnc2cc1OC[C@@H]1CN2CCOCC2CO1,6.28,0.0,1
CHEMBL279,COc1cc2c(Nc3cc(Cl)c(Br)cc3F)ncnc2cc1OC[C@H]1CN2CCC[C@@H]2CO1,6.28,0.0,1
CHEMBL279,COc1cc2c(Nc3cc(Cl)c(Br)cc3F)ncnc2cc1OC[C@H]1CN2CCOCC2CO1,6.28,0.0,1
CHEMBL279,COc1cc2c(Nc3cc(Cl)c(Br)cc3F)ncnc2cc1OC[C@H]1C[C@@H]2CN(C)C[C@@H]2C1,4.98,0.0,1
CHEMBL279,COc1cc2c(Nc3cc(Cl)c(Br)cc3F)ncnc2cc1O[C@H]1CO[C@H]2[C@@H]1OC[C@@H]2OC,4.98,0.0,1
CHEMBL279,COc1cc2c(Nc3cc(Cl)c(Cl)cc3F)ncnc2cc1OC[C@@H]1CN2CCC[C@H]2CO1,6.28,0.0,1
CHEMBL279,COc1cc2c(Nc3cc(Cl)c(Cl)cc3F)ncnc2cc1OC[C@@H]1CN2CCOCC2CO1,4.98,0.0,1
CHEMBL279,COc1cc2c(Nc3cc(Cl)c(Cl)cc3F)ncnc2cc1OC[C@@H]1CO[C@H]2[C@@H]1OC[C@@H]2OC,4.98,0.0,1
CHEMBL279,COc1cc2c(Nc3cc(Cl)c(Cl)cc3F)ncnc2cc1OC[C@H]1CN2CCOCC2CO1,6.28,0.0,1
CHEMBL279,COc1cc2c(Nc3cc(Cl)c(Cl)cc3F)ncnc2cc1OC[C@H]1C[C@@H]2CN(C)C[C@@H]2C1,4.98,0.0,1
CHEMBL279,COc1cc2c(Nc3cc(Cl)c(Cl)cc3F)ncnc2cc1O[C@@H]1CO[C@@H]2[C@H]1OC[C@H]2F,6.28,0.0,1
CHEMBL279,COc1cc2c(Nc3cc(Cl)ccc3Cl)ncnc2cc1O[C@@H]1CO[C@@H]2[C@H]1OC[C@H]2F,6.28,0.0,1
CHEMBL279,COc1cc2c(Nc3cc(Cl)ccc3F)ncnc2cc1O[C@@H]1CO[C@@H]2[C@H]1OC[C@H]2F,6.28,0.0,1
CHEMBL279,COc1cc2c(Nc3cc(F)c(Oc4ccc(Cl)cc4)c(F)c3)ncnc2cc1O[C@@H]1CO[C@@H]2[C@H]1OC[C@H]2F,6.28,0.0,1
CHEMBL279,COc1cc2c(Nc3cc(F)ccc3F)ncnc2cc1O[C@@H]1CO[C@@H]2[C@H]1OC[C@H]2F,6.28,0.0,1
CHEMBL279,COc1cc2c(Nc3cc(O)c(C)cc3F)ncnc2cc1OCC1CCN(C)CC1,8.15,0.0,1
CHEMBL279,COc1cc2c(Nc3cc(O)c(Cl)cc3F)ncnc2cc1OCC1CCN(C)CC1,8.1,0.0,1
CHEMBL279,COc1cc2c(Nc3ccc(-c4nc5cc(Cl)ccc5s4)cc3)ncnc2cc1OCCCN1CCN(C)CC1,6.21,0.0,1
CHEMBL279,COc1cc2c(Nc3ccc(-c4nc5ccc(Cl)cc5s4)cc3)ncnc2cc1OCCCN1CCN(C)CC1,5.6,0.0,1
CHEMBL279,COc1cc2c(Nc3ccc(-c4nc5ccc(Cl)cc5s4)cc3F)ncnc2cc1OCCCN1CCN(C)CC1,5.65,0.0,1
CHEMBL279,COc1cc2c(Nc3ccc(-c4nc5ccc(F)cc5s4)cc3)ncnc2cc1OCCCN1CCN(C)CC1,6.47,0.0,1
CHEMBL279,COc1cc2c(Nc3ccc(-c4nc5ccccc5s4)c(C)c3)ncnc2cc1OCCCN1CCN(C)CC1,6.46,0.0,1
CHEMBL279,COc1cc2c(Nc3ccc(-c4nc5ccccc5s4)c(Cl)c3)ncnc2cc1OCCCN1CCN(C)CC1,6.92,0.0,1
CHEMBL279,COc1cc2c(Nc3ccc(-c4nc5ccccc5s4)c(F)c3)ncnc2cc1OCCCN1CCN(C)CC1,7.36,0.0,1
CHEMBL279,COc1cc2c(Nc3ccc(-c4nc5ccccc5s4)c(O)c3)ncnc2cc1OCCCN1CCN(C)CC1,6.42,0.0,1
CHEMBL279,COc1cc2c(Nc3ccc(-c4nc5ccccc5s4)c(OC)c3)ncnc2cc1OCCCN1CCN(C)CC1,5.92,0.0,1
CHEMBL279,COc1cc2c(Nc3ccc(-c4nc5ccccc5s4)cc3)ncnc2cc1OCCCN1CCN(C)CC1,7.92,0.0,1
CHEMBL279,COc1cc2c(Nc3ccc(-c4nc5ccccc5s4)cc3C)ncnc2cc1OCCCN1CCN(C)CC1,6.6,0.0,1
CHEMBL279,COc1cc2c(Nc3ccc(-c4nc5ccccc5s4)cc3F)ncnc2cc1OCCCN1CCN(C)CC1,7.21,0.0,1
CHEMBL279,COc1cc2c(Nc3ccc(-c4nc5ccccc5s4)cc3O)ncnc2cc1OCCCN1CCN(C)CC1,6.55,0.0,1
CHEMBL279,COc1cc2c(Nc3ccc(Br)c(Cl)c3)ncnc2cc1O[C@H]1CO[C@@H]2C3OC(C)(C)O[C@H]3O[C@H]12,6.28,0.0,1
CHEMBL279,COc1cc2c(Nc3ccc(Br)c(Cl)c3)ncnc2cc1O[C@H]1CO[C@@H]2CCO[C@H]12,6.28,0.0,1
CHEMBL279,COc1cc2c(Nc3ccc(Br)c(Cl)c3)ncnc2cc1O[C@H]1CO[C@@H]2[C@@H](OC)[C@@H](OC)O[C@@H]21,6.28,0.0,1
CHEMBL279,COc1cc2c(Nc3ccc(Br)c(Cl)c3)ncnc2cc1O[C@H]1CO[C@H]2[C@@H]1OCC21OCCO1,5.630000000000001,0.9192388155425113,2
CHEMBL279,COc1cc2c(Nc3ccc(Br)c(Cl)c3Cl)ncnc2cc1OC[C@@H]1CN2CCOCC2CO1,4.98,0.0,1
CHEMBL279,COc1cc2c(Nc3ccc(Br)c(Cl)c3Cl)ncnc2cc1OC[C@@H]1CO[C@H]2[C@@H]1OC[C@@H]2OC,5.630000000000001,0.919238815542512,2
CHEMBL279,COc1cc2c(Nc3ccc(Br)c(Cl)c3Cl)ncnc2cc1OC[C@H]1CN2CCOCC2CO1,6.28,0.0,1
CHEMBL279,COc1cc2c(Nc3ccc(Br)c(Cl)c3Cl)ncnc2cc1OC[C@H]1C[C@@H]2CN(C)C[C@@H]2C1,5.630000000000001,0.919238815542512,2
CHEMBL279,COc1cc2c(Nc3ccc(Br)c(Cl)c3Cl)ncnc2cc1O[C@@H]1CO[C@@H]2[C@H]1OC[C@H]2F,6.28,0.0,1
CHEMBL279,COc1cc2c(Nc3ccc(Br)c(Cl)c3Cl)ncnc2cc1O[C@H]1CO[C@H]2[C@@H]1OC[C@@H]2OC,6.28,0.0,1
CHEMBL279,COc1cc2c(Nc3ccc(Br)c(Cl)c3F)ncnc2cc1OCC1CO[C@@H]2[C@@H](OC)CO[C@H]12,5.630000000000001,0.919238815542512,2
CHEMBL279,COc1cc2c(Nc3ccc(Br)c(Cl)c3F)ncnc2cc1OC[C@@H]1CN2CCC[C@H]2C(=O)N1,5.630000000000001,0.919238815542512,2
CHEMBL279,COc1cc2c(Nc3ccc(Br)c(Cl)c3F)ncnc2cc1OC[C@@H]1CN2CCOCC2CO1,4.98,0.0,1
CHEMBL279,COc1cc2c(Nc3ccc(Br)c(Cl)c3F)ncnc2cc1OC[C@@H]1C[C@@H]2CN(C(C)=O)C[C@@H]2C1,6.28,0.0,1
CHEMBL279,COc1cc2c(Nc3ccc(Br)c(Cl)c3F)ncnc2cc1OC[C@@H]1C[C@@H]2CN(C(C)C)C[C@@H]2C1,6.28,0.0,1
CHEMBL279,COc1cc2c(Nc3ccc(Br)c(Cl)c3F)ncnc2cc1OC[C@@H]1C[C@@H]2CN(CC(C)C)C[C@@H]2C1,6.28,0.0,1
CHEMBL279,COc1cc2c(Nc3ccc(Br)c(Cl)c3F)ncnc2cc1OC[C@@H]1C[C@@H]2CN(S(C)(=O)=O)C[C@@H]2C1,6.28,0.0,1
CHEMBL279,COc1cc2c(Nc3ccc(Br)c(Cl)c3F)ncnc2cc1OC[C@H]1CN2CCOCC2CO1,6.28,0.0,1
CHEMBL279,COc1cc2c(Nc3ccc(Br)c(Cl)c3F)ncnc2cc1OC[C@H]1C[C@@H]2CN(C)C[C@@H]2C1,5.630000000000001,0.919238815542512,2
CHEMBL279,COc1cc2c(Nc3ccc(Br)c(Cl)c3F)ncnc2cc1OC[C@H]1C[C@H]2CNC[C@H]2C1,6.28,0.0,1
CHEMBL279,COc1cc2c(Nc3ccc(Br)c(Cl)c3F)ncnc2cc1O[C@@H]1CO[C@@H]2[C@H]1OC[C@H]2F,6.28,0.0,1
CHEMBL279,COc1cc2c(Nc3ccc(Br)c(Cl)c3F)ncnc2cc1O[C@H]1CO[C@H]2[C@@H]1OC[C@@H]2OC,5.630000000000001,0.9192388155425113,2
CHEMBL279,COc1cc2c(Nc3ccc(Br)cc3)ncnc2cc1O[C@@H]1CO[C@@H]2[C@H]1OC[C@H]2F,6.28,0.0,1
CHEMBL279,COc1cc2c(Nc3ccc(Br)cc3F)ncnc2cc1OC/C=C/CN1CCCC1,8.1,0.0,1
CHEMBL279,COc1cc2c(Nc3ccc(Br)cc3F)ncnc2cc1OCC1CCN(C)CC1,7.4,0.0,1
CHEMBL279,COc1cc2c(Nc3ccc(Br)cc3F)ncnc2cc1OCCC1CCN(C)CC1,8.22,0.0,1
CHEMBL279,COc1cc2c(Nc3ccc(Br)cc3F)ncnc2cc1OCCC1CCNCC1,7.4,0.0,1
CHEMBL279,COc1cc2c(Nc3ccc(Br)cc3F)ncnc2cc1OCCCN1CCN(C)CC1,8.05,0.0,1
CHEMBL279,COc1cc2c(Nc3ccc(Br)cc3F)ncnc2cc1OCCn1ccnn1,7.52,0.0,1
CHEMBL279,COc1cc2c(Nc3ccc(Br)cc3F)ncnc2cc1OC[C@@H]1CCCN(C)C1,9.0,0.0,1
CHEMBL279,COc1cc2c(Nc3ccc(Br)cc3F)ncnc2cc1OC[C@@H]1CCCN(CCF)C1,7.4,0.0,1
CHEMBL279,COc1cc2c(Nc3ccc(Br)cc3F)ncnc2cc1OC[C@H]1CCCN(C)C1,8.0,0.0,1
CHEMBL279,COc1cc2c(Nc3ccc(C#N)cc3F)ncnc2cc1OC/C=C/CN1CCCC1,6.64,0.0,1
CHEMBL279,COc1cc2c(Nc3ccc(C#N)cc3F)ncnc2cc1OCCn1ccnn1,6.52,0.0,1
CHEMBL279,COc1cc2c(Nc3ccc(C)c(Br)c3)ncnc2cc1O[C@@H]1CO[C@@H]2[C@H]1OC[C@H]2F,6.28,0.0,1
CHEMBL279,COc1cc2c(Nc3ccc(C)cc3F)ncnc2cc1OCC1CCN(C)CC1,7.6,0.0,1
CHEMBL279,COc1cc2c(Nc3ccc(C)cc3F)ncnc2cc1OCC1CCNCC1,7.52,0.0,1
CHEMBL279,COc1cc2c(Nc3ccc(Cl)c(C(F)(F)F)c3)ncnc2cc1O[C@@H]1CO[C@@H]2[C@H]1OC[C@H]2F,6.28,0.0,1
CHEMBL279,COc1cc2c(Nc3ccc(Cl)c(Cl)c3)ncnc2cc1OC1CC2CCC(C1)N2C,4.98,0.0,1
CHEMBL279,COc1cc2c(Nc3ccc(Cl)c(Cl)c3)ncnc2cc1OC1CCCC1,6.28,0.0,1
CHEMBL279,COc1cc2c(Nc3ccc(Cl)c(Cl)c3)ncnc2cc1OC1C[C@@H]2CN(C)C[C@@H]2C1,4.98,0.0,1
CHEMBL279,COc1cc2c(Nc3ccc(Cl)c(Cl)c3)ncnc2cc1OCC(=O)N1CCOCC1,6.28,0.0,1
CHEMBL279,COc1cc2c(Nc3ccc(Cl)c(Cl)c3)ncnc2cc1OCC1=CC2C(C(F)(F)F)=NN(C)C2S1,6.28,0.0,1
CHEMBL279,COc1cc2c(Nc3ccc(Cl)c(Cl)c3)ncnc2cc1OCC1CC1,6.28,0.0,1
CHEMBL279,COc1cc2c(Nc3ccc(Cl)c(Cl)c3)ncnc2cc1OCC1CC2CCC(C1)N2C,4.98,0.0,1
CHEMBL279,COc1cc2c(Nc3ccc(Cl)c(Cl)c3)ncnc2cc1OCC1CCC1,6.28,0.0,1
CHEMBL279,COc1cc2c(Nc3ccc(Cl)c(Cl)c3)ncnc2cc1OCC1CCCCC1,6.28,0.0,1
CHEMBL279,COc1cc2c(Nc3ccc(Cl)c(Cl)c3)ncnc2cc1OCC1CCCO1,6.28,0.0,1
CHEMBL279,COc1cc2c(Nc3ccc(Cl)c(Cl)c3)ncnc2cc1OCC1CN(C(C)C)CCCO1,4.98,0.0,1
CHEMBL279,COc1cc2c(Nc3ccc(Cl)c(Cl)c3)ncnc2cc1OCC1CN(C(C)C)CCO1,6.28,0.0,1
CHEMBL279,COc1cc2c(Nc3ccc(Cl)c(Cl)c3)ncnc2cc1OCC1CN(C)CCN1C,4.98,0.0,1
CHEMBL279,COc1cc2c(Nc3ccc(Cl)c(Cl)c3)ncnc2cc1OCC1CN(C)CCO1,6.28,0.0,1
CHEMBL279,COc1cc2c(Nc3ccc(Cl)c(Cl)c3)ncnc2cc1OCC1CN(C2CCCC2)CCO1,6.28,0.0,1
CHEMBL279,COc1cc2c(Nc3ccc(Cl)c(Cl)c3)ncnc2cc1OCC1CN(CC2CC2)CCCO1,4.98,0.0,1
CHEMBL279,COc1cc2c(Nc3ccc(Cl)c(Cl)c3)ncnc2cc1OCC1CN(CCCCCC#N)CCO1,4.98,0.0,1
CHEMBL279,COc1cc2c(Nc3ccc(Cl)c(Cl)c3)ncnc2cc1OCC1CN(CCCc2ccccc2)CCO1,4.98,0.0,1
CHEMBL279,COc1cc2c(Nc3ccc(Cl)c(Cl)c3)ncnc2cc1OCC1CN(CCOCCO)CCO1,4.98,0.0,1
CHEMBL279,COc1cc2c(Nc3ccc(Cl)c(Cl)c3)ncnc2cc1OCC1CN(Cc2ccccc2)CCO1,6.28,0.0,1
CHEMBL279,COc1cc2c(Nc3ccc(Cl)c(Cl)c3)ncnc2cc1OCC1CN2CSC[C@H]2CO1,4.98,0.0,1
CHEMBL279,COc1cc2c(Nc3ccc(Cl)c(Cl)c3)ncnc2cc1OCC1CNCCCO1,6.28,0.0,1
CHEMBL279,COc1cc2c(Nc3ccc(Cl)c(Cl)c3)ncnc2cc1OCC1CNCCO1,6.28,0.0,1
CHEMBL279,COc1cc2c(Nc3ccc(Cl)c(Cl)c3)ncnc2cc1OCC1CO[C@@H]2C(OC)CO[C@H]12,4.98,0.0,1
CHEMBL279,COc1cc2c(Nc3ccc(Cl)c(Cl)c3)ncnc2cc1OCCC1CC2CCC(C1)N2C,5.630000000000001,0.9192388155425113,2
CHEMBL279,COc1cc2c(Nc3ccc(Cl)c(Cl)c3)ncnc2cc1OCCC1CCCCC1,6.28,0.0,1
CHEMBL279,COc1cc2c(Nc3ccc(Cl)c(Cl)c3)ncnc2cc1OCCC1OCCCO1,6.28,0.0,1
CHEMBL279,COc1cc2c(Nc3ccc(Cl)c(Cl)c3)ncnc2cc1OCCC1OCCO1,6.28,0.0,1
CHEMBL279,COc1cc2c(Nc3ccc(Cl)c(Cl)c3)ncnc2cc1OCCN1CCCC1,6.28,0.0,1
CHEMBL279,COc1cc2c(Nc3ccc(Cl)c(Cl)c3)ncnc2cc1OCCN1CCCCC1,6.28,0.0,1
CHEMBL279,COc1cc2c(Nc3ccc(Cl)c(Cl)c3)ncnc2cc1OCCN1CCOCC1,6.28,0.0,1
CHEMBL279,COc1cc2c(Nc3ccc(Cl)c(Cl)c3)ncnc2cc1OCCNC1CC2CCC(C1)N2C,5.630000000000001,0.919238815542512,2
CHEMBL279,COc1cc2c(Nc3ccc(Cl)c(Cl)c3)ncnc2cc1OC[C@@H]1CN2CCC[C@H]2CO1,6.28,0.0,1
CHEMBL279,COc1cc2c(Nc3ccc(Cl)c(Cl)c3)ncnc2cc1OC[C@@H]1CO[C@H]2[C@@H]1OC[C@@H]2OC,4.98,0.0,1
CHEMBL279,COc1cc2c(Nc3ccc(Cl)c(Cl)c3)ncnc2cc1OC[C@@H]1O[C@@H](OC)[C@@H](O)[C@H](O)[C@H]1O,6.28,0.0,1
CHEMBL279,COc1cc2c(Nc3ccc(Cl)c(Cl)c3)ncnc2cc1OC[C@H]1C[C@@H]2CN(C)C[C@@H]2C1,4.98,0.0,1
CHEMBL279,COc1cc2c(Nc3ccc(Cl)c(Cl)c3)ncnc2cc1OCc1c(-c2ccccc2)nn(C)c1Cl,6.28,0.0,1
CHEMBL279,COc1cc2c(Nc3ccc(Cl)c(Cl)c3)ncnc2cc1OCc1c(C(F)(F)F)nn(C)c1Oc1ccc(Cl)cc1Cl,6.28,0.0,1
CHEMBL279,COc1cc2c(Nc3ccc(Cl)c(Cl)c3)ncnc2cc1OCc1c(C)cc(C)cc1C,4.98,0.0,1
CHEMBL279,COc1cc2c(Nc3ccc(Cl)c(Cl)c3)ncnc2cc1OCc1c(F)cccc1F,6.28,0.0,1
CHEMBL279,COc1cc2c(Nc3ccc(Cl)c(Cl)c3)ncnc2cc1OCc1c(OC)ccc2cc(Br)ccc12,6.28,0.0,1
CHEMBL279,COc1cc2c(Nc3ccc(Cl)c(Cl)c3)ncnc2cc1OCc1cc(-c2ccccc2)no1,6.28,0.0,1
CHEMBL279,COc1cc2c(Nc3ccc(Cl)c(Cl)c3)ncnc2cc1OCc1cc(C)on1,6.28,0.0,1
CHEMBL279,COc1cc2c(Nc3ccc(Cl)c(Cl)c3)ncnc2cc1OCc1cc(Cl)cc2c1OCOC2,6.28,0.0,1
CHEMBL279,COc1cc2c(Nc3ccc(Cl)c(Cl)c3)ncnc2cc1OCc1ccc(Cl)nc1,6.28,0.0,1
CHEMBL279,COc1cc2c(Nc3ccc(Cl)c(Cl)c3)ncnc2cc1OCc1ccc2nonc2c1,6.28,0.0,1
CHEMBL279,COc1cc2c(Nc3ccc(Cl)c(Cl)c3)ncnc2cc1OCc1cccc2nsnc12,6.28,0.0,1
CHEMBL279,COc1cc2c(Nc3ccc(Cl)c(Cl)c3)ncnc2cc1OCc1cccnc1,6.28,0.0,1
CHEMBL279,COc1cc2c(Nc3ccc(Cl)c(Cl)c3)ncnc2cc1OCc1ccncc1,6.28,0.0,1
CHEMBL279,COc1cc2c(Nc3ccc(Cl)c(Cl)c3)ncnc2cc1OCc1cnn(-c2ccccc2)c1,4.98,0.0,1
CHEMBL279,COc1cc2c(Nc3ccc(Cl)c(Cl)c3)ncnc2cc1OCc1csc(-c2ccc(C(F)(F)F)cc2)n1,6.28,0.0,1
CHEMBL279,COc1cc2c(Nc3ccc(Cl)c(Cl)c3)ncnc2cc1OCc1csc(-c2ccc(Cl)cc2)n1,6.28,0.0,1
CHEMBL279,COc1cc2c(Nc3ccc(Cl)c(Cl)c3)ncnc2cc1OCc1csc(C)n1,6.28,0.0,1
CHEMBL279,COc1cc2c(Nc3ccc(Cl)c(Cl)c3)ncnc2cc1OCc1csc(C2CCCCN2)n1,6.28,0.0,1
CHEMBL279,COc1cc2c(Nc3ccc(Cl)c(Cl)c3)ncnc2cc1OCc1csc(C2CCCCN2C)n1,6.28,0.0,1
CHEMBL279,COc1cc2c(Nc3ccc(Cl)c(Cl)c3)ncnc2cc1OCc1csc(C2CCCNC2)n1,4.98,0.0,1
CHEMBL279,COc1cc2c(Nc3ccc(Cl)c(Cl)c3)ncnc2cc1OCc1csc(C2CCN(C)CC2)n1,6.28,0.0,1
CHEMBL279,COc1cc2c(Nc3ccc(Cl)c(Cl)c3)ncnc2cc1OCc1csc(C2CCNCC2)n1,6.28,0.0,1
CHEMBL279,COc1cc2c(Nc3ccc(Cl)c(Cl)c3)ncnc2cc1OCc1csc(CO)n1,6.28,0.0,1
CHEMBL279,COc1cc2c(Nc3ccc(Cl)c(Cl)c3)ncnc2cc1OCc1csc(N(C)C)n1,6.28,0.0,1
CHEMBL279,COc1cc2c(Nc3ccc(Cl)c(Cl)c3)ncnc2cc1OCc1csc(N2CCNCC2)n1,4.98,0.0,1
CHEMBL279,COc1cc2c(Nc3ccc(Cl)c(Cl)c3)ncnc2cc1OCc1csc([C@@H]2CCCN2C)n1,4.98,0.0,1
CHEMBL279,COc1cc2c(Nc3ccc(Cl)c(Cl)c3)ncnc2cc1OCc1csc([C@@H]2CSCN2)n1,6.28,0.0,1
CHEMBL279,COc1cc2c(Nc3ccc(Cl)c(Cl)c3)ncnc2cc1OCc1csc2ccc(Cl)cc12,4.98,0.0,1
CHEMBL279,COc1cc2c(Nc3ccc(Cl)c(Cl)c3)ncnc2cc1OCc1cscn1,6.28,0.0,1
CHEMBL279,COc1cc2c(Nc3ccc(Cl)c(Cl)c3)ncnc2cc1OCc1nc(-c2ccc(Cl)cc2)no1,6.28,0.0,1
CHEMBL279,COc1cc2c(Nc3ccc(Cl)c(Cl)c3)ncnc2cc1OCc1nc(-c2ccc(O)c(C(N)=O)c2)cs1,6.28,0.0,1
CHEMBL279,COc1cc2c(Nc3ccc(Cl)c(Cl)c3)ncnc2cc1OCc1nc(-c2ccccn2)cs1,6.28,0.0,1
CHEMBL279,COc1cc2c(Nc3ccc(Cl)c(Cl)c3)ncnc2cc1OCc1nc(-c2cccnc2)cs1,6.28,0.0,1
CHEMBL279,COc1cc2c(Nc3ccc(Cl)c(Cl)c3)ncnc2cc1OCc1nc(CN(C)C)no1,6.28,0.0,1
CHEMBL279,COc1cc2c(Nc3ccc(Cl)c(Cl)c3)ncnc2cc1OCc1nc(CN2CCN(C)CC2)cs1,6.28,0.0,1
CHEMBL279,COc1cc2c(Nc3ccc(Cl)c(Cl)c3)ncnc2cc1OCc1nc(CN2CCOCC2)cs1,6.28,0.0,1
CHEMBL279,COc1cc2c(Nc3ccc(Cl)c(Cl)c3)ncnc2cc1OCc1nc(CN2CCOCC2)no1,6.28,0.0,1
CHEMBL279,COc1cc2c(Nc3ccc(Cl)c(Cl)c3)ncnc2cc1OCc1nc(N(C)C)no1,6.28,0.0,1
CHEMBL279,COc1cc2c(Nc3ccc(Cl)c(Cl)c3)ncnc2cc1OCc1nc(N2CCCC2)no1,6.28,0.0,1
CHEMBL279,COc1cc2c(Nc3ccc(Cl)c(Cl)c3)ncnc2cc1OCc1nc(N2CCN(C(=O)OC(C)(C)C)CC2)no1,6.28,0.0,1
CHEMBL279,COc1cc2c(Nc3ccc(Cl)c(Cl)c3)ncnc2cc1OCc1nc(N2CCNCC2)no1,6.28,0.0,1
CHEMBL279,COc1cc2c(Nc3ccc(Cl)c(Cl)c3)ncnc2cc1OCc1nc(N2CCOCC2)no1,6.28,0.0,1
CHEMBL279,COc1cc2c(Nc3ccc(Cl)c(Cl)c3)ncnc2cc1OCc1nc([C@@H]2CCCN2C)no1,4.98,0.0,1
CHEMBL279,COc1cc2c(Nc3ccc(Cl)c(Cl)c3)ncnc2cc1OCc1nc2c(s1)CNC(C)C2,6.28,0.0,1
CHEMBL279,COc1cc2c(Nc3ccc(Cl)c(Cl)c3)ncnc2cc1OCc1nc2c(s1)CNCC2,6.28,0.0,1
CHEMBL279,COc1cc2c(Nc3ccc(Cl)c(Cl)c3)ncnc2cc1OCc1nc2ccccc2s1,6.28,0.0,1
CHEMBL279,COc1cc2c(Nc3ccc(Cl)c(Cl)c3)ncnc2cc1OCc1nccn1Cc1ccccc1,6.28,0.0,1
CHEMBL279,COc1cc2c(Nc3ccc(Cl)c(Cl)c3)ncnc2cc1OCc1nnc(-c2ccc(C)cc2)o1,6.28,0.0,1
CHEMBL279,COc1cc2c(Nc3ccc(Cl)c(Cl)c3)ncnc2cc1OCc1noc(-c2c(C)noc2C)n1,6.28,0.0,1
CHEMBL279,COc1cc2c(Nc3ccc(Cl)c(Cl)c3)ncnc2cc1OCc1noc(-c2ccc(C(F)(F)F)cc2)n1,6.28,0.0,1
CHEMBL279,COc1cc2c(Nc3ccc(Cl)c(Cl)c3)ncnc2cc1OCc1noc(-c2ccccc2OC)n1,6.28,0.0,1
CHEMBL279,COc1cc2c(Nc3ccc(Cl)c(Cl)c3)ncnc2cc1OCc1noc(C2CCCCN2)n1,6.28,0.0,1
CHEMBL279,COc1cc2c(Nc3ccc(Cl)c(Cl)c3)ncnc2cc1OCc1noc(C2CCCCN2C)n1,6.28,0.0,1
CHEMBL279,COc1cc2c(Nc3ccc(Cl)c(Cl)c3)ncnc2cc1OCc1noc(C2CCCN(C)C2)n1,6.28,0.0,1
CHEMBL279,COc1cc2c(Nc3ccc(Cl)c(Cl)c3)ncnc2cc1OCc1noc(C2CCCN2)n1,4.98,0.0,1
CHEMBL279,COc1cc2c(Nc3ccc(Cl)c(Cl)c3)ncnc2cc1OCc1noc(C2CCCNC2)n1,6.28,0.0,1
CHEMBL279,COc1cc2c(Nc3ccc(Cl)c(Cl)c3)ncnc2cc1OCc1noc(C2CCN(C)CC2)n1,6.28,0.0,1
CHEMBL279,COc1cc2c(Nc3ccc(Cl)c(Cl)c3)ncnc2cc1OCc1noc(C2CCNCC2)n1,6.28,0.0,1
CHEMBL279,COc1cc2c(Nc3ccc(Cl)c(Cl)c3)ncnc2cc1OCc1noc(COCc2ccccc2)n1,6.28,0.0,1
CHEMBL279,COc1cc2c(Nc3ccc(Cl)c(Cl)c3)ncnc2cc1OCc1nsc(-c2ccccc2)n1,6.28,0.0,1
CHEMBL279,COc1cc2c(Nc3ccc(Cl)c(Cl)c3)ncnc2cc1OCc1nsc(CN(C)C)n1,4.98,0.0,1
CHEMBL279,COc1cc2c(Nc3ccc(Cl)c(Cl)c3)ncnc2cc1OCc1nsc(CN2CCN(C)CC2)n1,6.28,0.0,1
CHEMBL279,COc1cc2c(Nc3ccc(Cl)c(Cl)c3)ncnc2cc1OCc1nsc(CN2CCOCC2)n1,6.28,0.0,1
CHEMBL279,COc1cc2c(Nc3ccc(Cl)c(Cl)c3)ncnc2cc1O[C@H]1CO[C@H]2[C@@H]1OC[C@@H]2OC,5.630000000000001,0.9192388155425113,2
CHEMBL279,COc1cc2c(Nc3ccc(Cl)c(Cl)c3Cl)ncnc2cc1O[C@H]1CO[C@H]2[C@@H]1OC[C@@H]2OC,5.630000000000001,0.9192388155425113,2
CHEMBL279,COc1cc2c(Nc3ccc(Cl)c(Cl)c3F)ncnc2cc1OCC1CCC2CCCCN2C1,6.28,0.0,1
CHEMBL279,COc1cc2c(Nc3ccc(Cl)c(Cl)c3F)ncnc2cc1OCC1CO[C@@H]2[C@@H](OC)CO[C@H]12,4.98,0.0,1
CHEMBL279,COc1cc2c(Nc3ccc(Cl)c(Cl)c3F)ncnc2cc1OC[C@@H]1CN2CCCC[C@@H]2C(=O)N1,4.98,0.0,1
CHEMBL279,COc1cc2c(Nc3ccc(Cl)c(Cl)c3F)ncnc2cc1OC[C@@H]1CN2CCCC[C@H]2C(=O)N1,5.630000000000001,0.919238815542512,2
CHEMBL279,COc1cc2c(Nc3ccc(Cl)c(Cl)c3F)ncnc2cc1OC[C@@H]1CN2CCC[C@@H]2C(=O)N1,4.98,0.0,1
CHEMBL279,COc1cc2c(Nc3ccc(Cl)c(Cl)c3F)ncnc2cc1OC[C@@H]1CN2CCC[C@H]2C(=O)N1,4.98,0.0,1
CHEMBL279,COc1cc2c(Nc3ccc(Cl)c(Cl)c3F)ncnc2cc1OC[C@@H]1CN2CCC[C@H]2CO1,5.630000000000001,0.919238815542512,2
CHEMBL279,COc1cc2c(Nc3ccc(Cl)c(Cl)c3F)ncnc2cc1OC[C@@H]1CN2CCOCC2CO1,4.98,0.0,1
CHEMBL279,COc1cc2c(Nc3ccc(Cl)c(Cl)c3F)ncnc2cc1OC[C@@H]1C[C@@H]2CN(C(C)C)C[C@@H]2C1,6.28,0.0,1
CHEMBL279,COc1cc2c(Nc3ccc(Cl)c(Cl)c3F)ncnc2cc1OC[C@@H]1C[C@@H]2CN(CC(C)C)C[C@@H]2C1,5.630000000000001,0.919238815542512,2
CHEMBL279,COc1cc2c(Nc3ccc(Cl)c(Cl)c3F)ncnc2cc1OC[C@H]1CN2CCC[C@@H]2C(=O)N1C,5.630000000000001,0.9192388155425113,2
CHEMBL279,COc1cc2c(Nc3ccc(Cl)c(Cl)c3F)ncnc2cc1OC[C@H]1CN2CCOCC2CO1,6.28,0.0,1
CHEMBL279,COc1cc2c(Nc3ccc(Cl)c(Cl)c3F)ncnc2cc1OC[C@H]1C[C@@H]2CN(C)C[C@@H]2C1,6.28,0.0,1
CHEMBL279,COc1cc2c(Nc3ccc(Cl)c(Cl)c3F)ncnc2cc1O[C@H]1CO[C@H]2[C@@H]1OC[C@@H]2OC,4.98,0.0,1
CHEMBL279,COc1cc2c(Nc3ccc(Cl)cc3)ncnc2cc1O[C@@H]1CO[C@@H]2[C@H]1OC[C@H]2F,6.28,0.0,1
CHEMBL279,COc1cc2c(Nc3ccc(Cl)cc3C)ncnc2cc1O[C@@H]1CO[C@@H]2[C@H]1OC[C@H]2F,6.28,0.0,1
CHEMBL279,COc1cc2c(Nc3ccc(Cl)cc3Cl)ncnc2cc1O[C@@H]1CO[C@@H]2[C@H]1OC[C@H]2F,6.28,0.0,1
CHEMBL279,COc1cc2c(Nc3ccc(Cl)cc3F)ncnc2cc1OC/C=C/CN1CCCC1,7.4,0.0,1
CHEMBL279,COc1cc2c(Nc3ccc(Cl)cc3F)ncnc2cc1OC1CCN(C)CC1,5.82,0.0,1
CHEMBL279,COc1cc2c(Nc3ccc(Cl)cc3F)ncnc2cc1OCC1CCN(C)CC1,7.82,0.0,1
CHEMBL279,COc1cc2c(Nc3ccc(Cl)cc3F)ncnc2cc1OCC1CCNCC1,7.3,0.0,1
CHEMBL279,COc1cc2c(Nc3ccc(Cl)cc3F)ncnc2cc1OCCC1CCN(C)CC1,7.26,0.0,1
CHEMBL279,COc1cc2c(Nc3ccc(Cl)cc3F)ncnc2cc1OCCCCN1CCOCC1,7.4,0.0,1
CHEMBL279,COc1cc2c(Nc3ccc(Cl)cc3F)ncnc2cc1OCCCN1CCCC1,7.52,0.0,1
CHEMBL279,COc1cc2c(Nc3ccc(Cl)cc3F)ncnc2cc1OCCCN1CCN(C)CC1,7.7,0.0,1
CHEMBL279,COc1cc2c(Nc3ccc(Cl)cc3F)ncnc2cc1OCCCN1CCOCC1,8.05,0.0,1
CHEMBL279,COc1cc2c(Nc3ccc(Cl)cc3F)ncnc2cc1OCCN(C)c1ccncc1,8.22,0.0,1
CHEMBL279,COc1cc2c(Nc3ccc(Cl)cc3F)ncnc2cc1OCCN1CCCC1,7.4,0.0,1
CHEMBL279,COc1cc2c(Nc3ccc(Cl)cc3F)ncnc2cc1OCCN1CCN(C)CC1,7.52,0.0,1
CHEMBL279,COc1cc2c(Nc3ccc(Cl)cc3F)ncnc2cc1OCCN1CCOCC1,7.4,0.0,1
CHEMBL279,COc1cc2c(Nc3ccc(Cl)cc3F)ncnc2cc1OCCNC(=O)CCCCC1SCC2NC(=O)NC21,5.32,0.0,1
CHEMBL279,COc1cc2c(Nc3ccc(Cl)cc3F)ncnc2cc1OCCOCCN1CCOCC1,7.22,0.0,1
CHEMBL279,COc1cc2c(Nc3ccc(Cl)cc3F)ncnc2cc1OCCOCCNC(=O)C(CCCCNC(=O)CCCCC1SCC2NC(=O)NC21)NC(=O)c1c(F)c(F)c(N=[N+]=[N-])c(F)c1F,5.15,0.0,1
CHEMBL279,COc1cc2c(Nc3ccc(Cl)cc3F)ncnc2cc1OCCOCCNC(=O)CCCCC1SCC2NC(=O)NC21,5.82,0.0,1
CHEMBL279,COc1cc2c(Nc3ccc(Cl)cc3F)ncnc2cc1OCCn1ccnc1,7.4,0.0,1
CHEMBL279,COc1cc2c(Nc3ccc(Cl)cc3F)ncnc2cc1OCCn1ccnn1,8.0,0.0,1
CHEMBL279,COc1cc2c(Nc3ccc(Cl)cc3F)ncnc2cc1OCCn1cncn1,7.0,0.0,1
CHEMBL279,COc1cc2c(Nc3ccc(Cl)cc3F)ncnc2cc1OC[C@@H]1CCCN(C)C1,8.3,0.0,1
CHEMBL279,COc1cc2c(Nc3ccc(Cl)cc3F)ncnc2cc1OCc1ccncc1,7.22,0.0,1
CHEMBL279,COc1cc2c(Nc3ccc(Cl)cc3F)ncnc2cc1OCc1ccsc1,8.1,0.0,1
CHEMBL279,COc1cc2c(Nc3ccc(F)c(Cl)c3)ncnc2cc1O[C@@H]1CO[C@@H]2[C@H]1OC[C@H]2F,6.28,0.0,1
CHEMBL279,COc1cc2c(Nc3ccc(F)c(Cl)c3F)ncnc2cc1OCC1CO[C@@H]2[C@@H](OC)CO[C@H]12,4.98,0.0,1
CHEMBL279,COc1cc2c(Nc3ccc(F)c(Cl)c3F)ncnc2cc1OC[C@@H]1CN2CCC[C@H]2CO1,6.28,0.0,1
CHEMBL279,COc1cc2c(Nc3ccc(F)c(Cl)c3F)ncnc2cc1OC[C@@H]1CN2CCOCC2CO1,4.98,0.0,1
CHEMBL279,COc1cc2c(Nc3ccc(F)c(Cl)c3F)ncnc2cc1OC[C@H]1CN2CCOCC2CO1,6.28,0.0,1
CHEMBL279,COc1cc2c(Nc3ccc(F)c(Cl)c3F)ncnc2cc1OC[C@H]1C[C@@H]2CN(C)C[C@@H]2C1,5.630000000000001,0.919238815542512,2
CHEMBL279,COc1cc2c(Nc3ccc(F)c(Cl)c3F)ncnc2cc1O[C@@H]1CO[C@@H]2[C@H]1OC[C@H]2F,6.28,0.0,1
CHEMBL279,COc1cc2c(Nc3ccc(F)c(Cl)c3F)ncnc2cc1O[C@H]1CO[C@H]2[C@@H]1OC[C@@H]2OC,5.630000000000001,0.9192388155425113,2
CHEMBL279,COc1cc2c(Nc3ccc(F)c(F)c3)ncnc2cc1O[C@@H]1CO[C@@H]2[C@H]1OC[C@H]2F,6.28,0.0,1
CHEMBL279,COc1cc2c(Nc3ccc(F)c(F)c3F)ncnc2cc1O[C@@H]1CO[C@@H]2[C@H]1OC[C@H]2F,6.28,0.0,1
CHEMBL279,COc1cc2c(Nc3ccc(F)cc3)ncnc2cc1O[C@@H]1CO[C@@H]2[C@H]1OC[C@H]2F,4.98,0.0,1
CHEMBL279,COc1cc2c(Nc3ccc(F)cc3Br)ncnc2cc1O[C@@H]1CO[C@@H]2[C@H]1OC[C@H]2F,6.28,0.0,1
CHEMBL279,COc1cc2c(Nc3ccc(F)cc3C(F)(F)F)ncnc2cc1O[C@@H]1CO[C@@H]2[C@H]1OC[C@H]2F,4.98,0.0,1
CHEMBL279,COc1cc2c(Nc3ccc(F)cc3Cl)ncnc2cc1O[C@@H]1CO[C@@H]2[C@H]1OC[C@H]2F,6.28,0.0,1
CHEMBL279,COc1cc2c(Nc3ccc(NC(=O)c4ccc(C)cc4)cc3)ncnc2cc1OCCCN1CCN(C)CC1,6.06,0.0,1
CHEMBL279,COc1cc2c(Nc3ccc(NC(=O)c4ccc(C)cc4)cc3)ncnc2cc1OCCCN1CCOCC1,5.7,0.0,1
CHEMBL279,COc1cc2c(Nc3ccc(NC(=O)c4ccc(C)cc4)cc3)ncnc2cc1OCCN1CCCCC1,5.61,0.0,1
CHEMBL279,COc1cc2c(Nc3ccc(NC(=O)c4ccc(Cl)cc4)cc3)ncnc2cc1OCCCN1CCN(C)CC1,5.73,0.0,1
CHEMBL279,COc1cc2c(Nc3ccc(NC(=O)c4ccc(Cl)cc4)cc3)ncnc2cc1OCCCN1CCOCC1,5.58,0.0,1
CHEMBL279,COc1cc2c(Nc3ccc(NC(=O)c4ccc(Cl)cc4)cc3)ncnc2cc1OCCN1CCCCC1,5.38,0.0,1
CHEMBL279,COc1cc2c(Nc3ccc(NC(=O)c4cccc(Cl)c4)cc3)ncnc2cc1OCCCN1CCN(C)CC1,5.74,0.0,1
CHEMBL279,COc1cc2c(Nc3ccc(NC(=O)c4cccc(Cl)c4)cc3)ncnc2cc1OCCCN1CCOCC1,5.52,0.0,1
CHEMBL279,COc1cc2c(Nc3ccc(NC(=O)c4cccc(Cl)c4)cc3)ncnc2cc1OCCN1CCCCC1,5.7,0.0,1
CHEMBL279,COc1cc2c(Nc3ccc(NC(=O)c4ccccc4)cc3)ncnc2cc1OCCCN1CCN(C)CC1,6.25,0.0,1
CHEMBL279,COc1cc2c(Nc3ccc(NC(=O)c4ccccc4)cc3)ncnc2cc1OCCN1CCCCC1,5.33,0.0,1
CHEMBL279,COc1cc2c(Nc3ccc(NC(=O)c4ccccc4Cl)cc3)ncnc2cc1OCCCN1CCN(C)CC1,5.77,0.0,1
CHEMBL279,COc1cc2c(Nc3cccc(Br)c3)ncnc2cc1O[C@@H]1CO[C@@H]2[C@H]1OC[C@H]2F,6.28,0.0,1
CHEMBL279,COc1cc2c(Nc3cccc(Br)c3C)ncnc2cc1O[C@H]1CO[C@H]2[C@@H]1OC[C@@H]2OC,6.28,0.0,1
CHEMBL279,COc1cc2c(Nc3cccc(C(F)(F)F)c3F)ncnc2cc1O[C@@H]1CO[C@@H]2[C@H]1OC[C@H]2F,6.28,0.0,1
CHEMBL279,COc1cc2c(Nc3cccc(Cl)c3)ncnc2cc1O[C@@H]1CO[C@@H]2[C@H]1OC[C@H]2F,4.98,0.0,1
CHEMBL279,COc1cc2c(Nc3cccc(Cl)c3C)ncnc2cc1O[C@@H]1CO[C@@H]2[C@H]1OC[C@H]2F,6.28,0.0,1
CHEMBL279,COc1cc2c(Nc3cccc(Cl)c3C)ncnc2cc1O[C@H]1CO[C@H]2[C@@H]1OC[C@@H]2OC,6.28,0.0,1
CHEMBL279,COc1cc2c(Nc3cccc(Cl)c3F)ncnc2cc1O[C@@H]1CO[C@@H]2[C@H]1OC[C@H]2F,4.98,0.0,1
CHEMBL279,COc1cc2c(Nc3cccc(Cl)c3F)ncnc2cc1O[C@H]1CO[C@H]2[C@@H]1OC[C@@H]2OC,6.28,0.0,1
CHEMBL279,COc1cc2c(Nc3cccc(F)c3F)ncnc2cc1O[C@@H]1CO[C@@H]2[C@H]1OC[C@H]2F,6.28,0.0,1
CHEMBL279,COc1cc2c(Nc3cccc4c(Cl)c[nH]c34)ncnc2cc1OCCCN1CCOCC1,5.63,0.0,1
CHEMBL279,COc1cc2c(Nc3cccc4c(Cl)coc34)ncnc2cc1OCCCN1CCOCC1,7.0,0.0,1
CHEMBL279,COc1cc2c(Nc3cccc4c3OCO4)ncnc2cc1OCCCN1CCOCC1,5.3,0.0,1
CHEMBL279,COc1cc2c(Nc3cccc4c3ccn4C)ncnc2cc1OCCCN1CCOCC1,6.38,0.0,1
CHEMBL279,COc1cc2c(Nc3cccc4ccoc34)ncnc2cc1OCCCN1CCOCC1,6.39,0.0,1
CHEMBL279,COc1cc2c(Nc3cccc4occc34)ncnc2cc1OCCCN1CCOCC1,6.6,0.0,1
CHEMBL279,COc1cc2c(Nc3ccccc3Br)ncnc2cc1O[C@@H]1CO[C@@H]2[C@H]1OC[C@H]2F,6.28,0.0,1
CHEMBL279,COc1cc2c(Nc3ccccc3Cl)ncnc2cc1O[C@@H]1CO[C@@H]2[C@H]1OC[C@H]2F,6.28,0.0,1
CHEMBL279,COc1cc2c(Nc3ccccc3F)ncnc2cc1O[C@@H]1CO[C@@H]2[C@H]1OC[C@H]2F,6.28,0.0,1
CHEMBL279,COc1cc2c(Nc3ncc(CC(=O)Nc4cccc(F)c4)s3)ncnc2cc1OCCCN1CCC(CO)CC1,6.0,0.0,1
CHEMBL279,COc1cc2c(Oc3ccc(-c4nc5ccccc5s4)cc3)ncnc2cc1OCCCN1CCCC1,6.46,0.0,1
CHEMBL279,COc1cc2c(Oc3ccc(-c4nc5ccccc5s4)cc3)ncnc2cc1OCCCN1CCN(C)CC1,6.83,0.0,1
CHEMBL279,COc1cc2c(Oc3ccc(-c4nc5ccccc5s4)cc3F)ncnc2cc1OCCCN1CCN(C)CC1,6.38,0.0,1
CHEMBL279,COc1cc2c(Oc3ccc(C4SCC(=O)N4NC(=O)Nc4ccc(F)cc4F)cc3F)ccnc2cc1OCCCN1CCN(C)CC1,7.73,0.0,1
CHEMBL279,COc1cc2c(Oc3ccc(CC(=O)N/N=C/c4ccc(C(F)(F)F)cc4)cc3F)ccnc2cc1OCCCN1CCCC1,6.25,0.0,1
CHEMBL279,COc1cc2c(Oc3ccc(N/C=C4\C(=O)NC(=O)N(c5ccc(C)cc5)C4=O)cc3F)ccnc2cc1OCCCN1CCCC1,6.42,0.0,1
CHEMBL279,COc1cc2c(Oc3ccc(NC(=O)C4(C(=O)Nc5ccc(F)cc5)CC4)cc3)cc[n+]([O-])c2cc1OC,6.56,0.0,1
CHEMBL279,COc1cc2c(Oc3ccc(NC(=O)C4(C(=O)Nc5ccc(F)cc5)CC4)cc3)ccnc2cc1OCCCN1CCOCC1,7.83,0.0,1
CHEMBL279,COc1cc2c(Oc3ccc(NC(=O)C4(C(=O)Nc5ccc(F)cc5)CC4)cc3F)ccnc2cc1OC1CC(N2CCOCC2)C1,7.19,0.0,1
CHEMBL279,COc1cc2c(Oc3ccc(NC(=O)C4(C(=O)Nc5ccc(F)cc5)CC4)cc3F)ccnc2cc1OCC1CC(N2CCOCC2)C1,7.4,0.0,1
CHEMBL279,COc1cc2c(Oc3ccc(NC(=O)C4(C(=O)Nc5ccc(F)cc5)CC4)cc3F)ccnc2cc1OCCCN1CCOCC1,8.476666666666667,0.4361053528539626,12
CHEMBL279,COc1cc2c(Oc3ccc(NC(=O)N/N=C/c4ccc(F)cc4F)cc3F)ccnc2cc1OCCCN1CCC(C)CC1,6.16,0.0,1
CHEMBL279,COc1cc2c(Oc3ccc(NC(=O)N4CCN(c5ccccc5)C4=O)cc3F)ccnc2cc1OCCCN1CCOCC1,7.52,0.0,1
CHEMBL279,COc1cc2c(Oc3ccc(NC(=O)NC(C)(C)C)c(Cl)c3)ncnc2cc1OCCCN1CCCC1,6.79,0.0,1
CHEMBL279,COc1cc2c(Oc3ccc(NC(=O)NC4CC4)c(Cl)c3)ncnc2cc1OCCCN1CCCC1,8.54,0.0,1
CHEMBL279,COc1cc2c(Oc3ccc(NC(=O)NC4CCC4)c(Cl)c3)ncnc2cc1OCCCN1CCCC1,8.56,0.0,1
CHEMBL279,COc1cc2c(Oc3ccc(NC(=O)NC4CCCC4)c(Cl)c3)ncnc2cc1OCCCN1CCCC1,8.09,0.0,1
CHEMBL279,COc1cc2c(Oc3ccc(NC(=O)NC4CCCCC4)c(Cl)c3)ncnc2cc1OCCCN1CCCC1,7.85,0.0,1
CHEMBL279,COc1cc2c(Oc3ccc(NC(=O)NCc4ccc(C#N)cc4)c(Cl)c3)ncnc2cc1OCCCN1CCCC1,7.38,0.0,1
CHEMBL279,COc1cc2c(Oc3ccc(NC(=O)NCc4ccc(F)cc4)c(Cl)c3)ncnc2cc1OCCCN1CCCC1,8.82,0.0,1
CHEMBL279,COc1cc2c(Oc3ccc(NC(=O)NCc4ccccc4)c(Cl)c3)ncnc2cc1OCCCN1CCCC1,8.94,0.0,1
CHEMBL279,COc1cc2c(Oc3ccc(NC(=O)NCc4ccncc4)c(Cl)c3)ncnc2cc1OCCCN1CCCC1,7.38,0.0,1
CHEMBL279,COc1cc2c(Oc3ccc(NC(=O)NN4C(=O)CSC4c4c(F)cccc4F)c(F)c3)ccnc2cc1OCCCN1CCCC1,7.68,0.0,1
CHEMBL279,COc1cc2c(Oc3ccc(NC(=O)NS(=O)(=O)Cc4ccc(F)cc4)cc3F)ccnc2cc1OCCCN1CCCC1,7.02,0.0,1
CHEMBL279,COc1cc2c(Oc3ccc(NC(=O)Nc4cc(C)ccc4F)c(Cl)c3)ncnc2cc1OCCCN1CCCC1,9.18,0.0,1
CHEMBL279,COc1cc2c(Oc3ccc(NC(=O)Nc4cc(C)on4)c(Cl)c3)ncnc2cc1OCCCN1CCCC1,9.29,0.0,1
CHEMBL279,COc1cc2c(Oc3ccc(NC(=O)Nc4ccc(-c5ccccc5)cc4)c(Cl)c3)ncnc2cc1OCCCN1CCCC1,9.44,0.0,1
CHEMBL279,COc1cc2c(Oc3ccc(NC(=O)Nc4ccc(Br)cc4F)c(Cl)c3)ncnc2cc1OCCCN1CCCC1,9.13,0.0,1
CHEMBL279,COc1cc2c(Oc3ccc(NC(=O)Nc4ccc(C(F)(F)F)cc4)c(Cl)c3)ncnc2cc1OCCCN1CCCC1,9.96,0.0,1
CHEMBL279,COc1cc2c(Oc3ccc(NC(=O)Nc4ccc(C(F)(F)F)cc4)c(F)c3)ncnc2cc1OCCCN1CCCC1,8.61,0.0,1
CHEMBL279,COc1cc2c(Oc3ccc(NC(=O)Nc4ccc(C)c(F)c4)c(Cl)c3)ncnc2cc1OCCCN1CCCC1,9.72,0.0,1
CHEMBL279,COc1cc2c(Oc3ccc(NC(=O)Nc4ccc(C)cc4)c(Cl)c3)ncnc2cc1OCCCN1CCCC1,9.59,0.0,1
CHEMBL279,COc1cc2c(Oc3ccc(NC(=O)Nc4ccc(Cl)c(C(F)(F)F)c4)c(Cl)c3)ncnc2cc1OCCCN1CCCC1,8.32,0.0,1
CHEMBL279,COc1cc2c(Oc3ccc(NC(=O)Nc4ccc(F)cc4)c(F)c3)ncnc2cc1OCCCN1CCCC1,8.41,0.0,1
CHEMBL279,COc1cc2c(Oc3ccc(NC(=O)Nc4ccc(OC(F)(F)F)cc4)c(Cl)c3)ncnc2cc1OCCCN1CCCC1,9.29,0.0,1
CHEMBL279,COc1cc2c(Oc3ccc(NC(=O)Nc4ccc5c(ccn5C)c4)c(Cl)c3)ncnc2cc1OCCCN1CCCC1,9.17,0.0,1
CHEMBL279,COc1cc2c(Oc3ccc(NC(=O)Nc4ccc5occc5c4)c(Cl)c3)ncnc2cc1OCCCN1CCCC1,9.47,0.0,1
CHEMBL279,COc1cc2c(Oc3ccc(NC(=O)Nc4cccc(C(F)(F)F)c4)c(Cl)c3)ncnc2cc1OCCCN1CCCC1,9.15,0.0,1
CHEMBL279,COc1cc2c(Oc3ccc(NC(=O)Nc4cccc(F)c4)c(Cl)c3)ncnc2cc1OCCCN1CCCC1,9.26,0.0,1
CHEMBL279,COc1cc2c(Oc3ccc(NC(=O)Nc4cccc(OC(F)(F)F)c4)c(Cl)c3)ncnc2cc1OCCCN1CCCC1,8.73,0.0,1
CHEMBL279,COc1cc2c(Oc3ccc(NC(=O)Nc4cccc5c4oc4ccccc45)c(Cl)c3)ncnc2cc1OCCCN1CCCC1,8.95,0.0,1
CHEMBL279,COc1cc2c(Oc3ccc(NC(=O)Nc4ccccc4)c(F)c3)ncnc2cc1OCCCN1CCCC1,8.71,0.0,1
CHEMBL279,COc1cc2c(Oc3ccc(NC(=O)Nc4ccccc4F)c(Cl)c3)ncnc2cc1OCCCN1CCCC1,9.15,0.0,1
CHEMBL279,COc1cc2c(Oc3ccc(NC(=O)Nc4ccncc4)c(Cl)c3)ncnc2cc1OCCCN1CCCC1,8.21,0.0,1
CHEMBL279,COc1cc2c(Oc3ccc(NC(=O)Nc4ccnn4C)c(Cl)c3)ncnc2cc1OCCCN1CCCC1,7.55,0.0,1
CHEMBL279,COc1cc2c(Oc3ccc(NC(=O)Nc4ccnn4C4CCCC4)c(Cl)c3)ncnc2cc1OCCCN1CCCC1,9.49,0.0,1
CHEMBL279,COc1cc2c(Oc3ccc(NC(=O)Nc4cnn(C(C)C)c4)c(Cl)c3)ncnc2cc1OCCCN1CCCC1,9.12,0.0,1
CHEMBL279,COc1cc2c(Oc3ccc(NC(=O)Nc4cnn(C(C)C)c4)c(Cl)c3)ncnc2cc1OCCN1CCCC1,9.03,0.0,1
CHEMBL279,COc1cc2c(Oc3ccc(NC(=O)Nc4cnn(C(C)C)c4)c(F)c3)ncnc2cc1OCCCN1CCCC1,9.29,0.0,1
CHEMBL279,COc1cc2c(Oc3ccc(NC(=O)Nc4cnn(C(C)C)c4)c(F)c3)ncnc2cc1OCc1ccccc1,8.48,0.0,1
CHEMBL279,COc1cc2c(Oc3ccc(NC(=O)Nc4cnn(C)c4)c(Cl)c3)ncnc2cc1OCCCN1CCCC1,8.53,0.0,1
CHEMBL279,COc1cc2c(Oc3ccc(NC(=O)Nc4cnn(C5CCCC5)c4)c(Cl)c3)ncnc2cc1OCCCN1CCCC1,9.59,0.0,1
CHEMBL279,COc1cc2c(Oc3ccc(NC(=O)c4[nH]c(=O)n(-c5ccccc5Cl)c4C)cc3F)ccnc2cc1OCCCN1CCN(C)CC1,7.03,0.0,1
CHEMBL279,COc1cc2c(Oc3ccc(NC(=O)c4c(C)n(C)n(-c5ccccc5)c4=O)cc3F)ccnc2cc1OCC(C)(C)O,7.4,0.0,1
CHEMBL279,COc1cc2c(Oc3ccc(NC(=O)c4c(Cl)c5ccccc5n(-c5ccc(F)cc5)c4=O)cc3F)ccnc2cc1OCCCN1CCN(C)CC1,6.27,0.0,1
CHEMBL279,COc1cc2c(Oc3ccc(NC(=O)c4cc(-c5ccc(C)cc5)ccn4)cc3F)ccnc2cc1OCCCN1CCN(C)CC1,6.27,0.0,1
CHEMBL279,COc1cc2c(Oc3ccc(NC(=O)c4cn(-c5ccccc5Cl)nn4)cc3F)ccnc2cc1OCCCN1CCCCC1,7.01,0.0,1
CHEMBL279,COc1cc2c(Oc3ccc(NC(=O)c4cn(-c5ccccc5OC)cn4)cc3F)ccnc2cc1OCCCN1CCN(C)CC1,6.23,0.0,1
CHEMBL279,COc1cc2c(Oc3ccc(NC(=O)c4nc5ccccc5n(-c5ccc(F)cc5)c4=O)cc3F)ccnc2cc1OCCCN1CCN(C)CC1,6.82,0.0,1
CHEMBL279,COc1cc2c(Oc3ccc(NC(=O)c4nn(-c5ccc(F)cc5)c(=O)c5ccccc45)cc3F)ccnc2cc1OCCCN1CCCC1,7.15,0.0,1
CHEMBL279,COc1cc2c(Oc3ccc(NC(=O)c4nn(-c5ccccc5C(F)(F)F)c(=O)cc4C)cc3F)ccnc2cc1OCCCN1CCOCC1,6.37,0.0,1
CHEMBL279,COc1cc2c(Oc3ccc(NC(=O)c4nn(-c5ccccc5C(F)(F)F)c5ccccc5c4=O)cc3F)ccnc2cc1OCCCN1CCCC1,7.81,0.0,1
CHEMBL279,COc1cc2c(Oc3ccc(NC(=O)c4nn(-c5ccccc5F)c(=O)n4C)cc3F)ccnc2cc1OCCCN1CCN(C)CC1,6.32,0.0,1
CHEMBL279,COc1cc2c(Oc3ccc(NC(=O)c4nnn(-c5ccc(F)cc5)c4C(F)(F)F)cc3F)ccnc2cc1OCCCN1CCCC1,7.18,0.0,1
CHEMBL279,COc1cc2c(Oc3ccc(Nc4ccc(C(C)(C)C)cc4)cc3)ccnc2cc1OCCNCCO,7.16,0.0,1
CHEMBL279,COc1cc2c(Oc3ccc(Nc4nccc5[nH]cc(-c6ccc(F)cc6)c(=O)c45)cc3F)ccnc2cc1OCC(C)(C)O,7.33,0.0,1
CHEMBL279,COc1cc2c(Oc3ccc(Nc4nccc5[nH]cc(-c6ccc(F)cc6)c(=O)c45)cc3F)ccnc2cc1OCC(C)O,7.55,0.0,1
CHEMBL279,COc1cc2c(Oc3ccc(Nc4nccc5[nH]cc(-c6ccc(F)cc6)c(=O)c45)cc3F)ncnc2cc1OCC(C)(C)O,7.03,0.0,1
CHEMBL279,COc1cc2c(Oc3ccc(Nc4nccc5[nH]cc(-c6ccc(F)cc6)c(=O)c45)cc3F)ncnc2cc1OCC1CCN(C)CC1,7.48,0.0,1
CHEMBL279,COc1cc2c(Oc3ccc(Nc4nccc5[nH]cc(-c6ccc(F)cc6)c(=O)c45)cc3F)ncnc2cc1OCCCN1CCCC1,6.89,0.0,1
CHEMBL279,COc1cc2c(Oc3ccc(Nc4nccc5[nH]cc(-c6ccc(F)cc6)c(=O)c45)cc3F)ncnc2cc1OCCCN1CCOCC1,6.64,0.0,1
CHEMBL279,COc1cc2c(Oc3ccc(Nc4nccc5[nH]cc(-c6ccc(F)cc6)c(=O)c45)cc3F)ncnc2cc1OCCCO,7.17,0.0,1
CHEMBL279,COc1cc2c(Oc3ccc(Nc4nccc5[nH]cc(-c6ccc(F)cc6)c(=O)c45)cc3F)ncnc2cc1OCCO,7.66,0.0,1
CHEMBL279,COc1cc2c(Oc3ccc(Nc4nccc5[nH]cc(-c6ccccc6)c(=O)c45)cc3F)ccnc2cc1OCC(C)(C)O,7.31,0.0,1
CHEMBL279,COc1cc2c(Oc3ccc4[nH]c(C)cc4c3F)ccnc2cc1OCC1(N)CC1,9.7,0.0,1
CHEMBL279,COc1cc2c(Oc3ccc4[nH]c(C)cc4c3F)ncnc2cc1OCCCN1CCCC1,8.865,0.38065732621348614,4
CHEMBL279,COc1cc2c(cc1F)C(c1ccccc1Cl)=Nc1c(n[nH]c1C)N2,8.0,0.0,1
CHEMBL279,COc1cc2c(cc1OC)C(Oc1cccc(NC(=S)Nc3ccc(Cl)c(C(F)(F)F)c3)c1)=NCN2,7.3,0.0,1
CHEMBL279,COc1cc2c(cc1OC)C(Sc1cccc(NC(=S)Nc3ccc(Br)c(C(F)(F)F)c3)c1)=NCN2,7.1,0.0,1
CHEMBL279,COc1cc2c(cc1OC)Nc1ncnc(Oc3ccc(NC(=O)C4(C(=O)Nc5ccc(F)cc5)CC4)cc3F)c1NC2,7.2,0.0,1
CHEMBL279,COc1cc2c3c(c4c5ccccc5[nH]c4c2c(OC)c1OC)C(=O)NC3=O,7.21,0.0,1
CHEMBL279,COc1cc2c3c(c4c5ccccc5n(C)c4c2c(OC)c1OC)C(=O)NC3=O,6.19,0.0,1
CHEMBL279,COc1cc2nc(-c3ccccc3)n(-c3nnc(-c4ccc(Cl)cc4)s3)c(=O)c2cc1OC,8.42,0.0,1
CHEMBL279,COc1cc2nc(C)oc2c(C[C@]2(C)[C@@H](C)CC[C@@]3(C)C(C)=CCC[C@@H]23)c1O,5.44,0.0,1
CHEMBL279,COc1cc2nc(Cl)nc(Nc3ccc(C(N)=O)cc3)c2cc1OC,5.93,0.0,1
CHEMBL279,COc1cc2nc(Cl)nc(Nc3ccc(N(C)C)cc3)c2cc1OC,4.41,0.0,1
CHEMBL279,COc1cc2nc(Cl)nc(Nc3ccc(NC(C)=O)cc3)c2cc1OC,5.7,0.0,1
CHEMBL279,COc1cc2nc(Cl)nc(Nc3ccc(O)cc3)c2cc1OC,5.68,0.0,1
CHEMBL279,COc1cc2nc(Cl)nc(Nc3ccc(S(=O)(=O)N(C)C)cc3)c2cc1OC,4.36,0.0,1
CHEMBL279,COc1cc2nc(Cl)nc(Nc3ccc(S(=O)(=O)Nc4nccs4)cc3)c2cc1OC,5.11,0.0,1
CHEMBL279,COc1cc2nc(Cl)nc(Nc3ccc(S(N)(=O)=O)cc3)c2cc1OC,5.99,0.0,1
CHEMBL279,COc1cc2nc(Nc3cc(C)[nH]n3)nc(Nc3cccc(-c4nc5ccccc5s4)c3)c2cc1OC,5.72,0.0,1
CHEMBL279,COc1cc2ncc(-c3cccc(NC4CCNC4)n3)n2cc1-c1cnn(C)c1,8.3,0.0,1
CHEMBL279,COc1cc2ncc(C#N)c(Nc3ccc(OCc4ccccn4)c(Cl)c3)c2cc1NC(=O)/C=C/CN(C)C,6.1,0.0,1
CHEMBL279,COc1cc2ncc(F)c(Oc3ccc4c(C(=O)Nc5ccc(Cl)cc5)cccc4c3)c2cc1OC,7.7,0.0,1
CHEMBL279,COc1cc2nccc(CN3CCc4c(C(=O)Nc5ccc(C(C)(C)C)cc5)cccc4C3=O)c2cc1OC,8.1,0.0,1
CHEMBL279,COc1cc2nccc(CN3CCc4c(C(=O)Nc5ccc(Cl)c(C(F)(F)F)c5)cccc4C3=O)c2cc1OC,8.52,0.0,1
CHEMBL279,COc1cc2nccc(CN3CCc4c(C(=O)Nc5ccc(F)c(C(F)(F)F)c5)cccc4C3=O)c2cc1OC,8.7,0.0,1
CHEMBL279,COc1cc2nccc(CN3CCc4c(C(=O)Nc5cccc(C(F)(F)F)c5)cccc4C3=O)c2cc1OC,8.52,0.0,1
CHEMBL279,COc1cc2nccc(CN3CCc4c(cccc4C(=O)NC4CC4)C3)c2cc1OC,7.04,0.0,1
CHEMBL279,COc1cc2nccc(CN3CCc4c(cccc4C(=O)Nc4ccc(C(C)(C)C)cc4)C3)c2cc1OC,9.0,0.0,1
CHEMBL279,COc1cc2nccc(CN3CCc4c(cccc4C(=O)Nc4ccc(Cl)c(C(F)(F)F)c4)C3)c2cc1OC,9.0,0.0,1
CHEMBL279,COc1cc2nccc(CN3CCc4c(cccc4C(=O)Nc4ccc(Cl)cc4)C3)c2cc1OC,6.78,0.0,1
CHEMBL279,COc1cc2nccc(CN3CCc4c(cccc4C(=O)Nc4ccc(F)c(C(F)(F)F)c4)C3)c2cc1OC,9.0,0.0,1
CHEMBL279,COc1cc2nccc(CN3CCc4c(cccc4C(=O)Nc4cccc(C(F)(F)F)c4)C3)c2cc1OC,9.0,0.0,1
CHEMBL279,COc1cc2nccc(CN3CCc4c(cccc4C(=O)Nc4ccccn4)C3)c2cc1OC,6.65,0.0,1
CHEMBL279,COc1cc2nccc(CN3CCc4c(cccc4C(=O)Nc4nc5ccccc5s4)C3)c2cc1OC,7.89,0.0,1
CHEMBL279,COc1cc2nccc(Nc3ccc4c(C(=O)Nc5ccc(Cl)cc5)cccc4c3)c2cc1OC,8.1,0.0,1
CHEMBL279,COc1cc2nccc(Oc3cc4cccc(C(=O)Nc5ccc(Cl)cc5)c4cn3)c2cc1OC,7.64,0.0,1
CHEMBL279,COc1cc2nccc(Oc3ccc(CC(=O)Nc4cn(C)nc4C)cc3)c2cc1OC,6.74,0.0,1
CHEMBL279,COc1cc2nccc(Oc3ccc(NC(=O)C(OC(=O)c4ccc(F)cc4)C(C)(C)C)cc3F)c2cc1OC,6.53,0.0,1
CHEMBL279,COc1cc2nccc(Oc3ccc(NC(=O)C4(C(=O)NC5CC5)CC4)c(Cl)c3)c2cc1C(N)=O,8.4,0.0,1
CHEMBL279,COc1cc2nccc(Oc3ccc(NC(=O)C4(C(=O)Nc5ccc(F)cc5)CC4)cc3)c2cc1OC,9.030909090909091,0.9768567402178743,11
CHEMBL279,COc1cc2nccc(Oc3ccc(NC(=O)C4(C(=O)Nc5ccc(F)cc5)CC4)cc3F)c2cc1OC,9.305,1.6334166645409258,2
CHEMBL279,COc1cc2nccc(Oc3ccc(NC(=O)NC4CC4)c(Cl)c3)c2cc1C(N)=O,8.55,0.21213203435596287,2
CHEMBL279,COc1cc2nccc(Oc3ccc(NC(=O)Nc4c(Cl)cccc4Cl)cc3)c2cc1OC,7.43,0.0,1
CHEMBL279,COc1cc2nccc(Oc3ccc(NC(=O)Nc4c(F)cccc4F)cc3)c2cc1OC,8.74,0.0,1
CHEMBL279,COc1cc2nccc(Oc3ccc(NC(=O)Nc4cc(C)on4)c(Cl)c3)c2cc1OC,8.32,1.2015406776301836,5
CHEMBL279,COc1cc2nccc(Oc3ccc(NC(=O)Nc4cc(Cl)cc(Cl)c4)cc3)c2cc1OC,8.05,0.0,1
CHEMBL279,COc1cc2nccc(Oc3ccc(NC(=O)Nc4cc(Cl)ccc4Cl)cc3)c2cc1OC,8.22,0.0,1
CHEMBL279,COc1cc2nccc(Oc3ccc(NC(=O)Nc4cc(F)cc(F)c4)cc3)c2cc1OC,8.74,0.0,1
CHEMBL279,COc1cc2nccc(Oc3ccc(NC(=O)Nc4cc(F)ccc4F)cc3)c2cc1OC,9.4,0.0,1
CHEMBL279,COc1cc2nccc(Oc3ccc(NC(=O)Nc4ccc(C)cc4)cc3)c2cc1OC,9.3,0.0,1
CHEMBL279,COc1cc2nccc(Oc3ccc(NC(=O)Nc4ccc(Cl)c(C(F)(F)F)c4)c(F)c3)c2c2c1OCCO2,6.56,0.0,1
CHEMBL279,COc1cc2nccc(Oc3ccc(NC(=O)Nc4ccc(Cl)c(C(F)(F)F)c4)cc3F)c2c2c1OCCO2,6.56,0.0,1
CHEMBL279,COc1cc2nccc(Oc3ccc(NC(=O)Nc4ccc(Cl)c(Cl)c4)cc3)c2cc1OC,8.43,0.0,1
CHEMBL279,COc1cc2nccc(Oc3ccc(NC(=O)Nc4ccc(Cl)cc4)cc3)c2cc1OC,9.7,0.0,1
CHEMBL279,COc1cc2nccc(Oc3ccc(NC(=O)Nc4ccc(Cl)cc4Cl)cc3)c2cc1OC,8.25,0.0,1
CHEMBL279,COc1cc2nccc(Oc3ccc(NC(=O)Nc4ccc(F)c(C(F)(F)F)c4)cc3F)c2c2c1OCCO2,6.56,0.0,1
CHEMBL279,COc1cc2nccc(Oc3ccc(NC(=O)Nc4ccc(F)c(F)c4)cc3)c2cc1OC,8.96,0.0,1
CHEMBL279,COc1cc2nccc(Oc3ccc(NC(=O)Nc4ccc(F)cc4)cc3)c2cc1OC,9.4,0.0,1
CHEMBL279,COc1cc2nccc(Oc3ccc(NC(=O)Nc4ccc(F)cc4F)c(C)c3)c2cc1OC,9.05,0.0,1
CHEMBL279,COc1cc2nccc(Oc3ccc(NC(=O)Nc4ccc(F)cc4F)c(Cl)c3)c2cc1OC,9.4,0.0,1
CHEMBL279,COc1cc2nccc(Oc3ccc(NC(=O)Nc4ccc(F)cc4F)c(F)c3)c2cc1OC,7.69,1.8218946182477196,3
CHEMBL279,COc1cc2nccc(Oc3ccc(NC(=O)Nc4ccc(F)cc4F)cc3)c2cc1OC,9.15,0.0,1
CHEMBL279,COc1cc2nccc(Oc3ccc(NC(=O)Nc4ccc(F)cc4F)cc3Cl)c2cc1OC,8.59,0.0,1
CHEMBL279,COc1cc2nccc(Oc3ccc(NC(=O)Nc4ccc([N+](=O)[O-])cc4)cc3)c2cc1OC,8.25,0.0,1
CHEMBL279,COc1cc2nccc(Oc3ccc(NC(=O)Nc4cccc(C)c4)cc3)c2cc1OC,9.7,0.0,1
CHEMBL279,COc1cc2nccc(Oc3ccc(NC(=O)Nc4cccc(Cl)c4)cc3)c2cc1OC,8.8,0.0,1
CHEMBL279,COc1cc2nccc(Oc3ccc(NC(=O)Nc4cccc(Cl)c4Cl)cc3)c2cc1OC,7.57,0.0,1
CHEMBL279,COc1cc2nccc(Oc3ccc(NC(=O)Nc4cccc(F)c4)cc3)c2cc1OC,8.92,0.0,1
CHEMBL279,COc1cc2nccc(Oc3ccc(NC(=O)Nc4cccc(F)c4F)cc3)c2cc1OC,9.15,0.0,1
CHEMBL279,COc1cc2nccc(Oc3ccc(NC(=O)Nc4cccc([N+](=O)[O-])c4)cc3)c2cc1OC,8.96,0.0,1
CHEMBL279,COc1cc2nccc(Oc3ccc(NC(=O)Nc4ccccc4)cc3)c2cc1OC,9.7,0.0,1
CHEMBL279,COc1cc2nccc(Oc3ccc(NC(=O)Nc4ccccc4C)cc3)c2cc1OC,8.64,0.0,1
CHEMBL279,COc1cc2nccc(Oc3ccc(NC(=O)Nc4ccccc4F)cc3)c2cc1OC,9.3,0.0,1
CHEMBL279,COc1cc2nccc(Oc3ccc(NC(=O)Nc4ccccc4[N+](=O)[O-])cc3)c2cc1OC,7.72,0.0,1
CHEMBL279,COc1cc2nccc(Oc3ccc(NC(=O)c4c(C)n(C)n(-c5ccccc5)c4=O)cc3F)c2cc1OC,8.055,0.07778174593051983,2
CHEMBL279,COc1cc2nccc(Oc3ccc(NC(=O)c4ccccc4OC)cc3F)c2cc1OC,6.6,0.0,1
CHEMBL279,COc1cc2nccc(Oc3ccc(NC(=S)NC(=O)Cc4ccccc4)cc3F)c2cc1OC,7.5,0.0,1
CHEMBL279,COc1cc2nccc(Oc3ccc(NC(NC#N)Nc4ccc(F)cc4)cc3)c2cc1OC,7.26,0.0,1
CHEMBL279,COc1cc2nccc(Oc3ccc(Nc4nccc5[nH]cc(-c6ccc(F)cc6)c(=O)c45)cc3F)c2cc1OC,6.885,0.2050609665440985,2
CHEMBL279,COc1cc2nccc(Oc3ccc(Nc4nccc5[nH]cc(-c6ccc(F)cc6)c(=O)c45)cc3F)c2cc1OCC(C)(C)O,7.44,0.0,1
CHEMBL279,COc1cc2nccc(Oc3ccc(Nc4nccc5[nH]cc(-c6cccc(C)c6)c(=O)c45)cc3F)c2cc1OC,7.75,0.0,1
CHEMBL279,COc1cc2nccc(Oc3ccc(Nc4nccc5[nH]cc(-c6ccccc6)c(=O)c45)cc3F)c2cc1OCC(C)(C)O,7.55,0.0,1
CHEMBL279,COc1cc2nccc(Oc3ccc4c(C(=O)NC(C)(C)C)cccc4c3)c2cc1OC,5.82,0.0,1
CHEMBL279,COc1cc2nccc(Oc3ccc4c(C(=O)NC(C)C)cccc4c3)c2cc1OC,8.263333333333334,0.03511884584284264,3
CHEMBL279,COc1cc2nccc(Oc3ccc4c(C(=O)NC5(C)CC5)cccc4c3)c2cc1OC,7.82,0.0,1
CHEMBL279,COc1cc2nccc(Oc3ccc4c(C(=O)NC5CC5)cccc4c3)c2cc1C(C)=O,9.43,0.0,1
CHEMBL279,COc1cc2nccc(Oc3ccc4c(C(=O)NC5CC5)cccc4c3)c2cc1C(N)=O,9.43,0.0,1
CHEMBL279,COc1cc2nccc(Oc3ccc4c(C(=O)NC5CC5)cccc4c3)c2cc1OC,9.22,0.0,1
CHEMBL279,COc1cc2nccc(Oc3ccc4c(C(=O)NC5CCC5)cccc4c3)c2cc1OC,8.693333333333333,0.18610033136277196,3
CHEMBL279,COc1cc2nccc(Oc3ccc4c(C(=O)NC5CCCC5)cccc4c3)c2cc1OC,7.93,0.1153256259467082,3
CHEMBL279,COc1cc2nccc(Oc3ccc4c(C(=O)NCC(F)(F)F)cccc4c3)c2cc1OC,8.42,0.0,1
CHEMBL279,COc1cc2nccc(Oc3ccc4c(C(=O)NCC(F)F)cccc4c3)c2cc1OC,8.42,0.0,1
CHEMBL279,COc1cc2nccc(Oc3ccc4c(C(=O)NCC5CC5)cccc4c3)c2cc1OC,7.96,0.0,1
CHEMBL279,COc1cc2nccc(Oc3ccc4c(C(=O)Nc5cc(C(C)(C)C)on5)cccc4c3)c2cc1OC,9.1,0.0,1
CHEMBL279,COc1cc2nccc(Oc3ccc4c(C(=O)Nc5cc(C)no5)cccc4c3)c2cc1OC,9.0,0.0,1
CHEMBL279,COc1cc2nccc(Oc3ccc4c(C(=O)Nc5cc(C)on5)cccc4c3)c2cc1OC,9.22,0.0,1
CHEMBL279,COc1cc2nccc(Oc3ccc4c(C(=O)Nc5cc(Cl)cc(Cl)c5)cccc4c3)c2cc1OC,9.52,0.0,1
CHEMBL279,COc1cc2nccc(Oc3ccc4c(C(=O)Nc5ccc(C(C)(C)C)cc5)cccc4c3)c2cc1OC,9.15,0.0,1
CHEMBL279,COc1cc2nccc(Oc3ccc4c(C(=O)Nc5ccc(C(F)(F)F)cc5)cccc4c3)c2cc1OC,9.3,0.0,1
CHEMBL279,COc1cc2nccc(Oc3ccc4c(C(=O)Nc5ccc(C)cc5)cccc4c3)c2cc1OC,9.3,0.0,1
CHEMBL279,COc1cc2nccc(Oc3ccc4c(C(=O)Nc5ccc(Cl)c(C(F)(F)F)c5)cccc4c3)c2cc1OC,9.0,0.0,1
CHEMBL279,COc1cc2nccc(Oc3ccc4c(C(=O)Nc5ccc(Cl)cc5)cccc4c3)c2cc1C(C)=O,9.7,0.0,1
CHEMBL279,COc1cc2nccc(Oc3ccc4c(C(=O)Nc5ccc(Cl)cc5)cccc4c3)c2cc1C(N)=O,9.7,0.0,1
CHEMBL279,COc1cc2nccc(Oc3ccc4c(C(=O)Nc5ccc(Cl)cc5)cccc4c3)c2cc1OC,9.6125,0.6050550939101876,4
CHEMBL279,COc1cc2nccc(Oc3ccc4c(C(=O)Nc5ccc(Cl)cc5)cccc4c3F)c2cc1OC,9.52,0.0,1
CHEMBL279,COc1cc2nccc(Oc3ccc4c(C(=O)Nc5ccc(Cl)cc5)ccnc4c3)c2cc1OC,7.66,0.0,1
CHEMBL279,COc1cc2nccc(Oc3ccc4c(C(=O)Nc5ccc(Cl)cc5Cl)cccc4c3)c2cc1OC,8.7,0.0,1
CHEMBL279,COc1cc2nccc(Oc3ccc4c(C(=O)Nc5ccc(F)cc5)cccc4c3)c2cc1OC,9.0,0.0,1
CHEMBL279,COc1cc2nccc(Oc3ccc4c(C(=O)Nc5cccc(C(F)(F)F)c5)cccc4c3)c2cc1OC,9.3,0.0,1
CHEMBL279,COc1cc2nccc(Oc3ccc4c(C(=O)Nc5cccc(Cl)c5)cccc4c3)c2cc1OC,9.52,0.0,1
CHEMBL279,COc1cc2nccc(Oc3ccc4c(C(=O)Nc5cccc(F)c5)cccc4c3)c2cc1OC,9.22,0.0,1
CHEMBL279,COc1cc2nccc(Oc3ccc4c(C(=O)Nc5ccccc5)cccc4c3)c2cc1OC,9.7,0.0,1
CHEMBL279,COc1cc2nccc(Oc3ccc4c(C(=O)Nc5ccccc5F)cccc4c3)c2cc1OC,8.7,0.0,1
CHEMBL279,COc1cc2nccc(Oc3ccc4c(C(=O)Nc5ccccn5)cccc4c3)c2cc1OC,9.1,0.0,1
CHEMBL279,COc1cc2nccc(Oc3ccc4c(C(=O)Nc5cccnc5)cccc4c3)c2cc1OC,9.1,0.0,1
CHEMBL279,COc1cc2nccc(Oc3ccc4c(C(=O)Nc5ccncc5)cccc4c3)c2cc1OC,8.7,0.0,1
CHEMBL279,COc1cc2nccc(Oc3ccc4c(C(=O)Nc5ccon5)cccc4c3)c2cc1OC,9.7,0.0,1
CHEMBL279,COc1cc2nccc(Oc3ccc4c(C(=O)Nc5nccs5)cccc4c3)c2cc1OC,9.52,0.0,1
CHEMBL279,COc1cc2nccc(Oc3ccc4c(C(N)=O)cccc4c3)c2cc1C(C)=O,8.92,0.0,1
CHEMBL279,COc1cc2nccc(Oc3ccc4c(C(N)=O)cccc4c3)c2cc1C(N)=O,8.89,0.0,1
CHEMBL279,COc1cc2nccc(Oc3ccc4c(C(N)=O)cccc4c3)c2cc1OC,9.05,0.0,1
CHEMBL279,COc1cc2nccc(Oc3ccc4c(N)nn(C)c4c3)c2cc1OC,5.77,0.0,1
CHEMBL279,COc1cc2nccc(Oc3ccc4c(NC(=O)C5CC5)nn(C)c4c3)c2cc1OC,6.46,0.0,1
CHEMBL279,COc1cc2nccc(Oc3ccc4c(NC(=O)Nc5ccc(C(F)(F)F)cc5Cl)nn(C)c4c3)c2cc1OC,8.1,0.0,1
CHEMBL279,COc1cc2nccc(Oc3ccc4c(NC(=O)Nc5ccc(C)cc5)nn(C)c4c3)c2cc1OC,8.7,0.0,1
CHEMBL279,COc1cc2nccc(Oc3ccc4c(NC(=O)Nc5ccccc5)nn(C)c4c3)c2cc1OC,8.7,0.0,1
CHEMBL279,COc1cc2nccc(Oc3ccc4c(NC(=O)c5cc(C(F)(F)F)cc(C(F)(F)F)c5)nn(C)c4c3)c2cc1OC,8.7,0.0,1
CHEMBL279,COc1cc2nccc(Oc3ccc4c(NC(=O)c5cc(Cl)ccn5)nn(C)c4c3)c2cc1OC,8.7,0.0,1
CHEMBL279,COc1cc2nccc(Oc3ccc4c(NC(=O)c5ccc(C(F)(F)F)cc5)nn(C)c4c3)c2cc1OC,8.52,0.0,1
CHEMBL279,COc1cc2nccc(Oc3ccc4c(NC(=O)c5ccc(Cl)cc5)nn(C)c4c3)c2cc1OC,8.3,0.0,1
CHEMBL279,COc1cc2nccc(Oc3ccc4c(NC(=O)c5ccc(F)c(Cl)c5)nn(C)c4c3)c2cc1OC,8.52,0.0,1
CHEMBL279,COc1cc2nccc(Oc3ccc4c(NC(=O)c5cccc(C(F)(F)F)c5)nn(C)c4c3)c2cc1OC,9.0,0.0,1
CHEMBL279,COc1cc2nccc(Oc3ccc4c(NC(=O)c5cccc(C)c5)nn(C)c4c3)c2cc1OC,8.7,0.0,1
CHEMBL279,COc1cc2nccc(Oc3ccc4c(NC(=O)c5ccccc5Cl)nn(C)c4c3)c2cc1OC,8.1,0.0,1
CHEMBL279,COc1cc2nccc(Oc3ccc4c(NCc5ccccc5)nn(C)c4c3)c2cc1OC,7.22,0.0,1
CHEMBL279,COc1cc2nccc(Oc3ccc4c(Nc5ccc(C(F)(F)F)cc5)nn(C)c4c3)c2cc1OC,7.16,0.0,1
CHEMBL279,COc1cc2nccc(Oc3ccc4c(Nc5ccccc5)cccc4c3)c2cc1OC,8.7,0.0,1
CHEMBL279,COc1cc2nccc(Oc3ccc4c(Nc5ccccc5)nn(C)c4c3)c2cc1OC,6.57,0.0,1
CHEMBL279,COc1cc2nccc(Oc3ccc4c(c3)OCCN4C(=O)NC(C)C)c2cc1OC,7.4,0.0,1
CHEMBL279,COc1cc2nccc(Oc3ccc4c(c3)OCCN4C(=O)NCc3ccc(C)cc3)c2cc1OC,7.585,0.007071067811865324,2
CHEMBL279,COc1cc2nccc(Oc3ccc4c(c3)OCCN4C(=O)NCc3ccccc3)c2cc1OC,7.28,0.0,1
CHEMBL279,COc1cc2nccc(Oc3ccc4c(c3)OCCN4C(=O)N[C@@H](C)c3ccccc3)c2cc1OC,9.0,0.0,1
CHEMBL279,COc1cc2nccc(Oc3ccc4c(c3)OCCN4C(=O)N[C@H](C)c3ccccc3)c2cc1OC,7.4,0.0,1
CHEMBL279,COc1cc2nccc(Oc3ccc4c(c3)OCCN4C(=O)Nc3ccc(C)cc3)c2cc1C(C)=O,9.3,0.0,1
CHEMBL279,COc1cc2nccc(Oc3ccc4c(c3)OCCN4C(=O)Nc3ccc(C)cc3)c2cc1C(N)=O,9.3,0.0,1
CHEMBL279,COc1cc2nccc(Oc3ccc4c(c3)OCCN4C(=O)Nc3ccc(C)cc3)c2cc1OC,9.7,0.0,1
CHEMBL279,COc1cc2nccc(Oc3ccc4c(c3)OCCN4C(=O)Nc3ccc(Cl)cc3)c2cc1C(C)=O,9.22,0.0,1
CHEMBL279,COc1cc2nccc(Oc3ccc4c(c3)OCCN4C(=O)Nc3ccc(Cl)cc3)c2cc1C(N)=O,9.22,0.0,1
CHEMBL279,COc1cc2nccc(Oc3ccc4c(c3)OCCN4C(=O)Nc3ccc(Cl)cc3)c2cc1OC,9.3,0.0,1
CHEMBL279,COc1cc2nccc(Oc3ccc4c(c3)OCCN4C(=O)Nc3ccc(F)cc3)c2cc1OC,8.52,0.0,1
CHEMBL279,COc1cc2nccc(Oc3ccc4c(c3)OCCN4C(=O)Nc3cccc(C)c3)c2cc1OC,9.0,0.0,1
CHEMBL279,COc1cc2nccc(Oc3ccc4c(c3)OCCN4C(=O)Nc3cccc(Cl)c3)c2cc1OC,9.0,0.0,1
CHEMBL279,COc1cc2nccc(Oc3ccc4c(c3)OCCN4C(=O)Nc3ccccc3)c2cc1OC,9.0,0.0,1
CHEMBL279,COc1cc2nccc(Oc3ccc4c(c3)OCCN4C(=O)Nc3ccccc3C)c2cc1OC,9.0,0.0,1
CHEMBL279,COc1cc2nccc(Oc3ccc4c(c3)OCCN4C(=O)Nc3ccccc3Cl)c2cc1OC,7.72,0.0,1
CHEMBL279,COc1cc2nccc(Oc3ccc4c(c3)OCCN4C(N)=O)c2cc1OC,7.24,0.0,1
CHEMBL279,COc1cc2ncn(-c3cc(OCc4ccccc4C(F)(F)F)c(C(N)=O)s3)c2cc1OC,6.44,0.0,1
CHEMBL279,COc1cc2ncn(Cc3ccccc3C(=O)Nc3ccc(Cl)cc3)c2cc1OC,5.45,0.0,1
CHEMBL279,COc1cc2ncnc(-n3ncc4cc(NC(=O)Nc5ccc(C)c(Cl)c5)ccc43)c2cc1OC,7.92,0.0,1
CHEMBL279,COc1cc2ncnc(N3CCN(/C(S)=N\Cc4ccc5c(c4)OCO5)CC3)c2cc1OC,4.76,0.0,1
CHEMBL279,COc1cc2ncnc(Nc3c(Cl)ccc4c3OCO4)c2cc1OCCCN1CCOCC1,4.13,0.0,1
CHEMBL279,COc1cc2ncnc(Nc3cc(Cl)ccc3Cl)c2cc1OCCC(=O)NO,5.9,0.0,1
CHEMBL279,COc1cc2ncnc(Nc3cc(Cl)ccc3Cl)c2cc1OCCCC(=O)NO,5.67,0.0,1
CHEMBL279,COc1cc2ncnc(Nc3cc(Cl)ccc3Cl)c2cc1OCCCCC(=O)NO,5.28,0.0,1
CHEMBL279,COc1cc2ncnc(Nc3cc(Cl)ccc3Cl)c2cc1OCCCCCC(=O)NO,5.61,0.0,1
CHEMBL279,COc1cc2ncnc(Nc3cc(O)c(C)cc3F)c2cc1OC,8.58,0.0848528137423864,2
CHEMBL279,COc1cc2ncnc(Nc3cc(O)c(F)cc3F)c2cc1OC,8.02,0.0,1
CHEMBL279,COc1cc2ncnc(Nc3ccc(-c4nc5ccccc5s4)c(O)c3)c2cc1OC,5.16,0.0,1
CHEMBL279,COc1cc2ncnc(Nc3ccc(-c4nc5ccccc5s4)cc3)c2cc1OC,5.1850000000000005,0.021213203435596288,2
CHEMBL279,COc1cc2ncnc(Nc3ccc(-c4nc5ccccc5s4)cc3C)c2cc1OC,5.47,0.0,1
CHEMBL279,COc1cc2ncnc(Nc3ccc(-c4nc5ccccc5s4)cc3O)c2cc1OC,5.16,0.0,1
CHEMBL279,COc1cc2ncnc(Nc3ccc(B(O)O)cc3)c2cc1OC,7.44,0.0,1
CHEMBL279,COc1cc2ncnc(Nc3ccc(Br)cc3)c2cc1OC,6.1,0.0,1
CHEMBL279,COc1cc2ncnc(Nc3ccc(Br)cc3)c2cc1OCCCC(=O)NO,7.01,0.0,1
CHEMBL279,COc1cc2ncnc(Nc3ccc(Br)cc3)c2cc1OCCCCC(=O)NO,7.23,0.0,1
CHEMBL279,COc1cc2ncnc(Nc3ccc(Br)cc3)c2cc1OCCCCCC(=O)NO,6.975,0.21920310216782976,2
CHEMBL279,COc1cc2ncnc(Nc3ccc(Br)cc3)c2cc1OCCCCCCC(=O)NO,7.13,0.0,1
CHEMBL279,COc1cc2ncnc(Nc3ccc(Br)cc3F)c2cc1OC,5.78,0.0,1
CHEMBL279,COc1cc2ncnc(Nc3ccc(C)c(O)c3)c2cc1OC,9.22,0.0,1
CHEMBL279,COc1cc2ncnc(Nc3ccc(C)cc3C)c2cc1OC,5.54,0.0,1
CHEMBL279,COc1cc2ncnc(Nc3ccc(CC(=O)Nc4cnn(C(C)C)c4)cc3)c2cc1OC,6.31,0.0,1
CHEMBL279,COc1cc2ncnc(Nc3ccc(Cl)cc3)c2cc1OC,6.1,0.0,1
CHEMBL279,COc1cc2ncnc(Nc3ccc(Cl)cc3)c2cc1OCCCC(=O)NO,6.74,0.0,1
CHEMBL279,COc1cc2ncnc(Nc3ccc(Cl)cc3)c2cc1OCCCCC(=O)NO,6.66,0.0,1
CHEMBL279,COc1cc2ncnc(Nc3ccc(Cl)cc3)c2cc1OCCCCCC(=O)NO,6.5,0.0,1
CHEMBL279,COc1cc2ncnc(Nc3ccc(Cl)cc3)c2cc1OCCCCCCC(=O)NO,6.67,0.0,1
CHEMBL279,COc1cc2ncnc(Nc3ccc(Cl)cc3Cl)c2cc1OCCC(=O)NO,6.43,0.0,1
CHEMBL279,COc1cc2ncnc(Nc3ccc(Cl)cc3Cl)c2cc1OCCCC(=O)NO,6.86,0.0,1
CHEMBL279,COc1cc2ncnc(Nc3ccc(Cl)cc3Cl)c2cc1OCCCCC(=O)NO,6.94,0.0,1
CHEMBL279,COc1cc2ncnc(Nc3ccc(Cl)cc3Cl)c2cc1OCCCCCC(=O)NO,7.08,0.0,1
CHEMBL279,COc1cc2ncnc(Nc3ccc(Cl)cc3Cl)c2cc1OCCCCCCC(=O)NO,7.08,0.0,1
CHEMBL279,COc1cc2ncnc(Nc3ccc(Cl)cc3F)c2cc1OC,6.41,0.8343860018001259,2
CHEMBL279,COc1cc2ncnc(Nc3ccc(F)c(Cl)c3)c2cc1OC,5.890000000000001,0.5367494760127859,3
CHEMBL279,COc1cc2ncnc(Nc3ccc(F)c(Cl)c3)c2cc1OCCCN1CCOCC1,6.335,1.278658150823224,4
CHEMBL279,COc1cc2ncnc(Nc3ccc(F)cc3)c2cc1OCCCC(=O)NO,6.42,0.0,1
CHEMBL279,COc1cc2ncnc(Nc3ccc(F)cc3)c2cc1OCCCCC(=O)NO,6.34,0.0,1
CHEMBL279,COc1cc2ncnc(Nc3ccc(F)cc3)c2cc1OCCCCCC(=O)NO,6.28,0.0,1
CHEMBL279,COc1cc2ncnc(Nc3ccc(F)cc3)c2cc1OCCCCCCC(=O)NO,6.57,0.0,1
CHEMBL279,COc1cc2ncnc(Nc3ccc(F)cc3F)c2cc1OC,5.54,0.0,1
CHEMBL279,COc1cc2ncnc(Nc3ccc(NC(=O)NC(C)C)c(Cl)c3)c2c2c1OCCO2,6.56,0.0,1
CHEMBL279,COc1cc2ncnc(Nc3ccc(NC(=O)NC4CC4)cc3)c2c2c1OCCO2,6.56,0.0,1
CHEMBL279,COc1cc2ncnc(Nc3ccc(NC(=O)NC4CCCC4)c(Cl)c3)c2c2c1OCCO2,6.56,0.0,1
CHEMBL279,COc1cc2ncnc(Nc3ccc(NC(=O)NC4CCCCC4)c(Cl)c3)c2c2c1OCCO2,5.56,0.0,1
CHEMBL279,COc1cc2ncnc(Nc3ccc(NC(=O)Nc4cc(C)no4)c(Cl)c3)c2c2c1OCCO2,6.56,0.0,1
CHEMBL279,COc1cc2ncnc(Nc3ccc(NC(=O)Nc4ccc(Cl)c(C(F)(F)F)c4)cc3)c2cc1OCCCN1CCOCC1,7.77,0.0,1
CHEMBL279,COc1cc2ncnc(Nc3ccc(NC(=O)Nc4ccc(F)c(Cl)c4)cc3)c2cc1OC,5.37,0.0,1
CHEMBL279,COc1cc2ncnc(Nc3ccc(NC(=O)Nc4cccc(Br)c4)cc3)c2cc1OC,7.92,0.0,1
CHEMBL279,COc1cc2ncnc(Nc3ccc(NC(=O)Nc4ccccc4)c(Cl)c3)c2c2c1OCCO2,6.56,0.0,1
CHEMBL279,COc1cc2ncnc(Nc3ccc(NC(=O)Nc4ccccc4)cc3)c2cc1OC,5.29,0.0,1
CHEMBL279,COc1cc2ncnc(Nc3ccc(NC(=O)OC(C)C)c(C)c3)c2cc1OC,5.28,0.0,1
CHEMBL279,COc1cc2ncnc(Nc3ccc(NC(=O)OC(C)C)cc3)c2cc1OC,5.3,0.0,1
CHEMBL279,COc1cc2ncnc(Nc3ccc(NC(=O)c4c(F)cccc4F)cc3)c2cc1OC,6.24,0.0,1
CHEMBL279,COc1cc2ncnc(Nc3ccc(NC(=O)c4cc(F)ccc4Br)cc3)c2cc1OC,6.44,0.0,1
CHEMBL279,COc1cc2ncnc(Nc3ccc(NC(=O)c4ccc(Br)cc4)cc3)c2cc1OC,5.66,0.0,1
CHEMBL279,COc1cc2ncnc(Nc3ccc(NC(=O)c4ccc(C(C)(C)C)cc4)cc3)c2cc1OC,6.58,0.0,1
CHEMBL279,COc1cc2ncnc(Nc3ccc(NC(=O)c4ccc(C(F)(F)F)cc4)cc3)c2cc1OC,5.07,0.0,1
CHEMBL279,COc1cc2ncnc(Nc3ccc(NC(=O)c4ccc(C)cc4)cc3)c2cc1OC,5.47,0.0,1
CHEMBL279,COc1cc2ncnc(Nc3ccc(NC(=O)c4ccc(Cl)c(Cl)c4)cc3)c2cc1OC,6.46,0.0,1
CHEMBL279,COc1cc2ncnc(Nc3ccc(NC(=O)c4ccc(I)cc4)cc3)c2cc1OC,5.8,0.0,1
CHEMBL279,COc1cc2ncnc(Nc3ccc(NC(=O)c4cccc(C(F)(F)F)c4)cc3)c2cc1OC,5.85,0.0,1
CHEMBL279,COc1cc2ncnc(Nc3ccc(NC(=O)c4cccc(C)c4)cc3)c2cc1OC,7.8,0.0,1
CHEMBL279,COc1cc2ncnc(Nc3ccc(NC(=O)c4cccc(Cl)c4)cc3)c2cc1OC,7.12,0.0,1
CHEMBL279,COc1cc2ncnc(Nc3ccc(NC(=O)c4cccc(F)c4)cc3)c2cc1OC,7.33,0.0,1
CHEMBL279,COc1cc2ncnc(Nc3ccc(NC(=O)c4cccc(I)c4)cc3)c2cc1OC,6.6,0.0,1
CHEMBL279,COc1cc2ncnc(Nc3ccc(NC(=O)c4ccccc4C)cc3)c2cc1OC,6.94,0.0,1
CHEMBL279,COc1cc2ncnc(Nc3ccc(NC(=O)c4ccccc4Cl)cc3)c2cc1OC,6.5,0.0,1
CHEMBL279,COc1cc2ncnc(Nc3ccc(NC(=O)c4ccccc4F)cc3)c2cc1OC,7.1,0.0,1
CHEMBL279,COc1cc2ncnc(Nc3ccc(NC(=O)c4ccccc4I)cc3)c2cc1OC,6.38,0.0,1
CHEMBL279,COc1cc2ncnc(Nc3ccc(NC(=O)c4ccccc4OC)cc3)c2cc1OC,5.27,0.0,1
CHEMBL279,COc1cc2ncnc(Nc3ccc4c(C)n[nH]c4c3)c2cc1OC,8.77,0.0,1
CHEMBL279,COc1cc2ncnc(Nc3ccc4c(c3)CCCN4C(=O)Nc3ccc(C(C)=O)cc3)c2cc1OC,7.52,0.0,1
CHEMBL279,COc1cc2ncnc(Nc3ccc4c(c3)CCCN4C(=O)Nc3cccc(Cl)c3)c2cc1OC,7.52,0.0,1
CHEMBL279,COc1cc2ncnc(Nc3cccc(B(O)O)c3)c2cc1OC,6.41,0.0,1
CHEMBL279,COc1cc2ncnc(Nc3cccc(Br)c3)c2cc1OC,5.83,0.0,1
CHEMBL279,COc1cc2ncnc(Nc3cccc(Br)c3)c2cc1OCCC(=O)NO,6.2,0.0,1
CHEMBL279,COc1cc2ncnc(Nc3cccc(Br)c3)c2cc1OCCCC(=O)NO,6.36,0.0,1
CHEMBL279,COc1cc2ncnc(Nc3cccc(Br)c3)c2cc1OCCCCC(=O)NO,6.38,0.0,1
CHEMBL279,COc1cc2ncnc(Nc3cccc(Br)c3)c2cc1OCCCCCC(=O)NO,6.33,0.0,1
CHEMBL279,COc1cc2ncnc(Nc3cccc(Cl)c3)c2cc1OCCC(=O)NO,6.32,0.0,1
CHEMBL279,COc1cc2ncnc(Nc3cccc(Cl)c3)c2cc1OCCCC(=O)NO,6.45,0.0,1
CHEMBL279,COc1cc2ncnc(Nc3cccc(Cl)c3)c2cc1OCCCCC(=O)NO,6.21,0.0,1
CHEMBL279,COc1cc2ncnc(Nc3cccc(Cl)c3)c2cc1OCCCCCC(=O)NO,6.3,0.0,1
CHEMBL279,COc1cc2ncnc(Nc3cccc(Cl)c3F)c2cc1OC(=O)N1CCN(C)C[C@H]1C,6.81,0.0,1
CHEMBL279,COc1cc2ncnc(Nc3cccc(NC(=O)Nc4ccc(Cl)c(C(F)(F)F)c4)c3)c2cc1OCCCN1CCOCC1,6.67,0.0,1
CHEMBL279,COc1cc2ncnc(Nc3cccc(NC(=O)Nc4cccc(C)c4)c3)c2cc1OCCCN1CCOCC1,5.07,0.0,1
CHEMBL279,COc1cc2ncnc(Nc3cccc(O)c3)c2cc1OC,7.215,0.12020815280171303,2
CHEMBL279,COc1cc2ncnc(Nc3ccccc3)c2cc1OC,5.16,0.0,1
CHEMBL279,COc1cc2ncnc(Nc3ccccc3Cl)c2cc1OCCCC(=O)NO,6.07,0.0,1
CHEMBL279,COc1cc2ncnc(Nc3ccccc3Cl)c2cc1OCCCCC(=O)NO,6.08,0.0,1
CHEMBL279,COc1cc2ncnc(Nc3ccccc3Cl)c2cc1OCCCCCC(=O)NO,6.16,0.0,1
CHEMBL279,COc1cc2ncnc(Nc3ccccc3Cl)c2cc1OCCCCCCC(=O)NO,6.44,0.0,1
CHEMBL279,COc1cc2ncnc(Nc3ccccc3F)c2cc1OC,5.57,0.0,1
CHEMBL279,COc1cc2ncnc(Nc3ccccc3F)c2cc1OCCCC(=O)NO,6.06,0.0,1
CHEMBL279,COc1cc2ncnc(Nc3ccccc3F)c2cc1OCCCCC(=O)NO,6.08,0.0,1
CHEMBL279,COc1cc2ncnc(Nc3ccccc3F)c2cc1OCCCCCC(=O)NO,6.04,0.0,1
CHEMBL279,COc1cc2ncnc(Nc3ccccc3F)c2cc1OCCCCCCC(=O)NO,6.12,0.0,1
CHEMBL279,COc1cc2ncnc(Nc3ccncc3C(=O)NCc3cccs3)c2cc1OC,7.77,0.0,1
CHEMBL279,COc1cc2ncnc(Nc3ccsc3C(=O)Nc3ccc(F)c(Cl)c3)c2cc1OC,7.06,0.0,1
CHEMBL279,COc1cc2ncnc(Oc3ccc(Br)c(F)c3)c2cc1OC,6.22,0.0,1
CHEMBL279,COc1cc2ncnc(Oc3ccc(CC(=O)Nc4cnn(C(C)C)c4)cc3)c2cc1OC,8.1,0.0,1
CHEMBL279,COc1cc2ncnc(Oc3ccc(F)c(Cl)c3)c2cc1OC,5.015,0.007071067811865324,2
CHEMBL279,COc1cc2ncnc(Oc3ccc(NC(=O)C4(C(=O)Nc5ccc(F)cc5)CC4)cc3F)c2c2c1OCCO2,8.46,0.0,1
CHEMBL279,COc1cc2ncnc(Oc3ccc(NC(=O)NC4(C#N)CCCC4)c4ccccc34)c2cc1OC,8.06,0.0,1
CHEMBL279,COc1cc2ncnc(Oc3ccc(NC(=O)NC4CC4)c4ccccc34)c2cc1OC,8.73,0.0,1
CHEMBL279,COc1cc2ncnc(Oc3ccc(NC(=O)NC4CCCCC4)cc3)c2cc1OC,6.0,0.0,1
CHEMBL279,COc1cc2ncnc(Oc3ccc(NC(=O)Nc4cc(C)on4)c4ccccc34)c2cc1OC,9.04,0.0,1
CHEMBL279,COc1cc2ncnc(Oc3ccc(NC(=O)Nc4ccc(Br)cc4)c(C)c3)c2cc1OC,7.4,0.0,1
CHEMBL279,COc1cc2ncnc(Oc3ccc(NC(=O)Nc4ccc(Br)cc4)cc3)c2cc1OC,7.3,0.0,1
CHEMBL279,COc1cc2ncnc(Oc3ccc(NC(=O)Nc4ccc(C(F)(F)F)cc4)cc3)c2cc1OC,7.22,0.0,1
CHEMBL279,COc1cc2ncnc(Oc3ccc(NC(=O)Nc4ccc(C)cc4)cc3)c2cc1OC,7.3,0.0,1
CHEMBL279,COc1cc2ncnc(Oc3ccc(NC(=O)Nc4ccc(CN5CCOCC5)c(C(F)(F)F)c4)c4ccccc34)c2cc1OC,7.48,0.0,1
CHEMBL279,COc1cc2ncnc(Oc3ccc(NC(=O)Nc4ccc(Cl)c(C(F)(F)F)c4)c4ccccc34)c2cc1OC,7.82,0.0,1
CHEMBL279,COc1cc2ncnc(Oc3ccc(NC(=O)Nc4ccc(Cl)c(C(F)(F)F)c4)c4cccnc34)c2cc1OC,7.75,0.0,1
CHEMBL279,COc1cc2ncnc(Oc3ccc(NC(=O)Nc4ccc(F)c(Cl)c4)c(C)c3)c2cc1OC,8.22,0.0,1
CHEMBL279,COc1cc2ncnc(Oc3ccc(NC(=O)Nc4ccc(F)c(Cl)c4)cc3)c2cc1OC,7.4,0.0,1
CHEMBL279,COc1cc2ncnc(Oc3ccc(NC(=O)Nc4ccc(F)cc4F)cc3)c2cc1OC,7.05,0.0,1
CHEMBL279,COc1cc2ncnc(Oc3ccc(NC(=O)Nc4ccc5ccccc5c4)c(C)c3)c2cc1OC,8.7,0.0,1
CHEMBL279,COc1cc2ncnc(Oc3ccc(NC(=O)Nc4ccc5ccccc5c4)cc3)c2cc1OC,7.52,0.0,1
CHEMBL279,COc1cc2ncnc(Oc3ccc(NC(=O)Nc4cccc(Br)c4)c(C)c3)c2cc1OC,8.4,0.0,1
CHEMBL279,COc1cc2ncnc(Oc3ccc(NC(=O)Nc4cccc(Br)c4)c(Cl)c3)c2cc1OC,8.1,0.0,1
CHEMBL279,COc1cc2ncnc(Oc3ccc(NC(=O)Nc4cccc(Br)c4)cc3)c2cc1OC,8.22,0.0,1
CHEMBL279,COc1cc2ncnc(Oc3ccc(NC(=O)Nc4cccc(C(F)(F)F)c4)c4ccccc34)c2cc1OC,7.54,0.0,1
CHEMBL279,COc1cc2ncnc(Oc3ccc(NC(=O)Nc4cccc(C(F)(F)F)c4)cc3)c2cc1OC,8.7,0.0,1
CHEMBL279,COc1cc2ncnc(Oc3ccc(NC(=O)Nc4cccc5ccccc45)cc3)c2cc1OC,5.26,0.0,1
CHEMBL279,COc1cc2ncnc(Oc3ccc(NC(=O)Nc4ccccc4)cc3)c2cc1OC,7.22,0.0,1
CHEMBL279,COc1cc2ncnc(Oc3ccc(NC(=O)Nc4cnn(C(C)C)c4)c4ccccc34)c2cc1OC,9.12,0.0,1
CHEMBL279,COc1cc2ncnc(Oc3ccc(Nc4nccc5[nH]c(C)c(-c6ccc(F)cc6)c(=O)c45)cc3F)c2cc1OC,6.34,0.0,1
CHEMBL279,COc1cc2ncnc(Oc3ccc(Nc4nccc5[nH]cc(-c6ccc(C)cc6)c(=O)c45)cc3F)c2cc1OC,6.35,0.0,1
CHEMBL279,COc1cc2ncnc(Oc3ccc(Nc4nccc5[nH]cc(-c6ccc(F)cc6)c(=O)c45)cc3)c2cc1OC,6.95,0.0,1
CHEMBL279,COc1cc2ncnc(Oc3ccc(Nc4nccc5[nH]cc(-c6ccc(F)cc6)c(=O)c45)cc3F)c2cc1OC,6.57,0.0,1
CHEMBL279,COc1cc2ncnc(Oc3ccc(Nc4nccc5[nH]cc(-c6ccc(F)cc6)c(=O)c45)cc3F)c2cc1OCC(C)(C)O,7.28,0.0,1
CHEMBL279,COc1cc2ncnc(Oc3ccc(Nc4nccc5[nH]cc(-c6ccc(F)cc6)c(=O)c45)cc3F)c2cc1OCCCN1CCCC1,6.84,0.0,1
CHEMBL279,COc1cc2ncnc(Oc3ccc(Nc4nccc5[nH]cc(-c6ccc(F)cc6)c(=O)c45)cc3F)c2cc1OCCCN1CCCCC1,6.68,0.0,1
CHEMBL279,COc1cc2ncnc(Oc3ccc(Nc4nccc5[nH]cc(-c6ccc(F)cc6)c(=O)c45)cc3F)c2cc1OCCCN1CCOCC1,6.92,0.0,1
CHEMBL279,COc1cc2ncnc(Oc3ccc(Nc4nccc5[nH]cc(-c6ccc(F)cc6)c(=O)c45)cc3F)c2cc1OCCO,7.91,0.0,1
CHEMBL279,COc1cc2ncnc(Oc3ccc(Nc4nccc5[nH]cc(-c6cccc(C)c6)c(=O)c45)cc3F)c2cc1OC,6.44,0.0,1
CHEMBL279,COc1cc2ncnc(Oc3ccc4c(C(=O)NC5CC5)cccc4c3)c2cc1OC,8.54,0.0,1
CHEMBL279,COc1cc2ncnc(Oc3ccc4c(C(=O)Nc5ccc(Cl)cc5)cccc4c3)c2cc1OC,8.7,0.0,1
CHEMBL279,COc1cc2ncnc(Oc3ccc4c(C(N)=O)cccc4c3)c2cc1OC,8.89,0.0,1
CHEMBL279,COc1cc2ncnc(Oc3cccc(Br)c3)c2cc1OC,5.01,0.0,1
CHEMBL279,COc1cc2ncnc(Oc3cccc(NC(=O)Nc4cc(C(C)(C)C(F)(F)F)on4)c3)c2cc1OC,7.57,0.28284271247461834,2
CHEMBL279,COc1cc2ncnc(Oc3cccc(NC(=O)Nc4ccccc4)c3)c2cc1OC,6.22,0.0,1
CHEMBL279,COc1cc2ncnc(Oc3cccc(NC(=S)Nc4ccc(Cl)c(C(F)(F)F)c4)c3)c2cc1OC,7.3,0.0,1
CHEMBL279,COc1cc2ncnc(Oc3cccc(NC(C)=O)c3)c2cc1OC,5.05,0.0,1
CHEMBL279,COc1cc2ncnc(Sc3cccc(NC(=S)Nc4ccc(Br)c(C(F)(F)F)c4)c3)c2cc1OC,7.1,0.0,1
CHEMBL279,COc1cc2ncnc(Sc3nnc(C)s3)c2cc1OC,7.5,0.0,1
CHEMBL279,COc1ccc(-[n+]2cc3c4c(ccn3c2)c2ccccc2n4CCCc2ccccc2)cc1,6.0,0.0,1
CHEMBL279,COc1ccc(-c2c(-c3cccc(C(N)=O)c3)oc3ncnc(N)c23)cc1,6.745,0.007071067811865324,2
CHEMBL279,COc1ccc(-c2c(-c3cccc(NS(C)(=O)=O)c3)oc3ncnc(N)c23)cc1,7.19,0.0,1
CHEMBL279,COc1ccc(-c2c[nH]c3ccnc(Nc4ccc(Oc5ccnc6cc(OCC(C)(C)O)ccc56)c(F)c4)c3c2=O)cc1,7.22,0.0,1
CHEMBL279,COc1ccc(-c2cc(-c3ccc(C)cc3)nc(NN)n2)cc1,7.01,0.0,1
CHEMBL279,COc1ccc(-c2cc(-c3ccc(NC(=O)Nc4ccccc4)cc3)nc(O)c2C#N)cc1,5.96,0.0,1
CHEMBL279,COc1ccc(-c2cc(-c3ccc(OC)c(OC)c3)c3c(N)c(C(=O)c4ccc(C)cc4)sc3n2)cc1OC,5.23,0.0,1
CHEMBL279,COc1ccc(-c2cc(=O)oc3c(O)c(O)ccc23)cc1O,5.26,0.0,1
CHEMBL279,COc1ccc(-c2cc(COc3cc4ncnc(Nc5ccc(Cl)c(Cl)c5)c4cc3OC)on2)cc1,6.28,0.0,1
CHEMBL279,COc1ccc(-c2cc(NC(=O)Nc3ccccn3)cc(OC)c2OC)cn1,7.1,0.0,1
CHEMBL279,COc1ccc(-c2cc(NC(=O)Nc3ccncc3)cc(C(F)(F)F)c2)cn1,6.44,0.0,1
CHEMBL279,COc1ccc(-c2cc3c(NC(=O)C4CC4)ncnc3o2)cc1,5.45,0.0,1
CHEMBL279,COc1ccc(-c2cc3c(NC(=O)C4CCCC4)ncnc3o2)cc1,5.99,0.0,1
CHEMBL279,COc1ccc(-c2cc3c(NC(=O)N4CCCC4)ncnc3o2)cc1,4.91,0.0,1
CHEMBL279,COc1ccc(-c2cc3c(NC(=O)c4cccc(F)c4)ncnc3o2)cc1,4.66,0.0,1
CHEMBL279,COc1ccc(-c2cc3c(ccn4nc(-c5cccnc5)nc34)o2)cc1,4.41,0.0,1
CHEMBL279,COc1ccc(-c2ccc(Cn3cc(-c4ccc(C(F)(F)F)cc4)nn3)cc2)cn1,7.12,0.0,1
CHEMBL279,COc1ccc(-c2ccc(Cn3cc(-c4ccc(C)cc4)nn3)cc2)cn1,7.02,0.0,1
CHEMBL279,COc1ccc(-c2ccc(Cn3cc(-c4ccc(NC(=O)C5CC5)cc4)nn3)cc2)cn1,9.28,0.0,1
CHEMBL279,COc1ccc(-c2ccc(Cn3cc(-c4cccc(C)c4)nn3)cc2)cn1,7.96,0.0,1
CHEMBL279,COc1ccc(-c2ccc(Cn3cc(-c4cccc(Cl)c4)nn3)cc2)cn1,8.79,0.0,1
CHEMBL279,COc1ccc(-c2ccc(Cn3cc(-c4cccc(N)c4)nn3)cc2)cn1,8.73,0.0,1
CHEMBL279,COc1ccc(-c2ccc(Cn3cc(-c4ccccc4)nn3)cc2)cn1,7.98,0.0,1
CHEMBL279,COc1ccc(-c2ccc(Cn3cc(CCN)c4cc(OCCc5ccc(O)cc5)ccc43)cc2)cc1,6.0,0.0,1
CHEMBL279,COc1ccc(-c2ccc(NC(=O)Nc3cc(C)ccc3F)cc2)c2c(N)noc12,7.68,0.0,1
CHEMBL279,COc1ccc(-c2ccc(NC(=O)Nc3cccc(Br)c3)cc2)c2c(N)noc12,8.1,0.0,1
CHEMBL279,COc1ccc(-c2ccc(NC(=O)Nc3cccc(C(F)(F)F)c3)cc2)c2c(N)noc12,7.96,0.0,1
CHEMBL279,COc1ccc(-c2ccc(NC(=O)Nc3cccc(C)c3)cc2)c2c(N)n[nH]c12,7.58,0.0,1
CHEMBL279,COc1ccc(-c2ccc(NC(=O)Nc3cccc(C)c3)cc2)c2c1C(=O)NC2,7.68,0.0,1
CHEMBL279,COc1ccc(-c2ccc(NC(=O)Nc3cccc(Cl)c3)cc2)c2c(N)noc12,7.39,0.0,1
CHEMBL279,COc1ccc(-c2ccc(OC(F)(F)F)c(NC(=O)Nc3cc(C(=O)OCCN(C)C)ccc3OC)c2)cn1,5.27,0.0,1
CHEMBL279,COc1ccc(-c2ccc(OC(F)(F)F)c(NC(=O)Nc3nccs3)c2)cn1,6.41,0.0,1
CHEMBL279,COc1ccc(-c2ccc3c(c2)NC(=O)/C3=C\c2[nH]c(C)c(CCC(=O)O)c2C)cc1,6.28,0.0,1
CHEMBL279,COc1ccc(-c2ccc3c(c2)NC(=O)/C3=C\c2[nH]c3c(c2CCC(=O)O)CCCC3)cc1,7.52,0.0,1
CHEMBL279,COc1ccc(-c2ccc3c(c2)NC(=O)/C3=C\c2[nH]cc(CCC(=O)O)c2C)cc1,6.35,0.0,1
CHEMBL279,COc1ccc(-c2ccc3c(c2)ncn3-c2ccccc2)cc1,6.95,0.0,1
CHEMBL279,COc1ccc(-c2ccn3c(-c4cccc(NC(=O)NCC(F)(F)F)c4)cnc3c2)nc1,7.57,0.0,1
CHEMBL279,COc1ccc(-c2ccn3c(-c4cccc(NC(=O)NCC(F)(F)F)c4)cnc3c2)nn1,7.5,0.0,1
CHEMBL279,COc1ccc(-c2cn(-c3ccccc3)c3ncnc(N)c23)cc1,6.7,0.0,1
CHEMBL279,COc1ccc(-c2cnc3c(-c4cccc5ncccc45)cnn3c2)cc1,4.71,0.0,1
CHEMBL279,COc1ccc(-c2cnc3c(-c4ccccc4)cnn3c2)cc1,7.15,0.0,1
CHEMBL279,COc1ccc(-c2cnc3c(-c4ccccn4)cnn3c2)cc1,6.0,0.0,1
CHEMBL279,COc1ccc(-c2cnc3c(-c4cccnc4)cnn3c2)cc1,7.39,0.0,1
CHEMBL279,COc1ccc(-c2cnc3c(-c4ccnc5ccccc45)cnn3c2)cc1,5.37,0.0,1
CHEMBL279,COc1ccc(-c2cnc3c(-c4ccncc4)cnn3c2)cc1,7.484999999999999,0.07778174593052077,2
CHEMBL279,COc1ccc(-c2cnc3c(-c4ccsc4)cnn3c2)cc1,7.225,0.7000357133746813,2
CHEMBL279,COc1ccc(-c2cnc3c(-c4ccsc4)cnn3c2N)cc1,5.21,0.0,1
CHEMBL279,COc1ccc(-c2cnc3c(-c4cn[nH]c4)cnn3c2)cc1,7.89,0.0,1
CHEMBL279,COc1ccc(-c2cnc3cc(-c4ccccc4)ccn23)cn1,5.55,0.0,1
CHEMBL279,COc1ccc(-c2cncc(-c3nc(-c4ccccc4)c(NC(C)=O)o3)c2)cc1,5.39,0.0,1
CHEMBL279,COc1ccc(-c2coc3ncnc(N)c23)cc1,5.26,0.0,1
CHEMBL279,COc1ccc(-c2csc(NC(=O)CN3CCN(c4cc(=O)[nH]c5ccc(F)cc45)CC3)n2)cc1,7.29,0.0,1
CHEMBL279,COc1ccc(-c2csc(NC(=O)CN3CCN(c4cc(=O)n(-c5ccccc5)c5ccccc45)CC3)n2)cc1,6.76,0.0,1
CHEMBL279,COc1ccc(-c2csc(NC(=O)CN3CCN(c4nnc(-c5ccccc5)c5ccccc45)CC3)n2)cc1,5.84,0.0,1
CHEMBL279,COc1ccc(-c2n[nH]c3ncnc(N)c23)cc1O,5.97,0.0,1
CHEMBL279,COc1ccc(-c2nc(Cl)c(-c3ccccc3)c(Nc3ccc(NC(=O)CN4CCCC4)cc3)n2)cc1,6.69,0.0,1
CHEMBL279,COc1ccc(-c2nc(Cl)c(-c3ccccc3)c(Oc3ccc(OCCN(C)C)cc3)n2)cc1,7.0,0.0,1
CHEMBL279,COc1ccc(-c2nc(Nc3ccc(CCO)cc3)ncc2C#N)cc1,6.82,0.0,1
CHEMBL279,COc1ccc(-c2nc3c(C(N)=O)cccc3[nH]2)cc1Nc1nccc(N(C)c2ccc3c(C)n(C)nc3c2)n1,6.58,0.0,1
CHEMBL279,COc1ccc(-c2nc3c4cc(-c5ccc(OC)cc5)oc4ccn3n2)cc1,4.24,0.0,1
CHEMBL279,COc1ccc(-c2nc3c4cc(-c5ccc(OC)cc5)oc4ncn3n2)cc1,7.24,0.0,1
CHEMBL279,COc1ccc(-c2nc3cc(F)c(F)cc3[nH]2)cc1Nc1nccc(N(C)c2ccc3c(C)n(C)nc3c2)n1,6.7,0.0,1
CHEMBL279,COc1ccc(-c2nc3ccccc3[nH]2)cc1Nc1nccc(N(C)c2ccc3c(C)n(C)nc3c2)n1,6.61,0.0,1
CHEMBL279,COc1ccc(-c2nn(C(C)(C)C)c3ncnc(N)c23)cc1OC,4.0,0.0,1
CHEMBL279,COc1ccc(-c2nn(C(C)C)c3ncnc(N)c23)cc1,5.36,0.0,1
CHEMBL279,COc1ccc(-c2nn(C(C)C)c3ncnc(N)c23)cc1O,6.92,0.0,1
CHEMBL279,COc1ccc(-c2nn(C(C)C)c3ncnc(N)c23)cc1OC,4.0,0.0,1
CHEMBL279,COc1ccc(-c2nn(C3CCC(C)C3)c3ncnc(N)c23)cc1O,7.26,0.0,1
CHEMBL279,COc1ccc(-c2nn(C3CCC3)c3ncnc(N)c23)cc1OC,5.16,0.0,1
CHEMBL279,COc1ccc(-c2nn(C3CCCC3)c3ncnc(N)c23)cc1O,6.59,0.0,1
CHEMBL279,COc1ccc(-c2nn(C3CCCC3)c3ncnc(N)c23)cc1OC,5.77,0.0,1
CHEMBL279,COc1ccc(-c2nn(C3CNC3)c3ncnc(N)c23)cc1O,5.94,0.0,1
CHEMBL279,COc1ccc(-c2nn(C[C@@H](C)CO)c3ncnc(N)c23)cc1OC,5.0,0.0,1
CHEMBL279,COc1ccc(-c2nn(C[C@H](C)CO)c3ncnc(N)c23)cc1OC,4.0,0.0,1
CHEMBL279,COc1ccc(-c2nn([C@@H]3CCNC3)c3ncnc(N)c23)cc1O,6.06,0.0,1
CHEMBL279,COc1ccc(-c2oc3ncnc(N)c3c2-c2ccc(N(C)C)cc2)cc1,6.46,0.0,1
CHEMBL279,COc1ccc(-c2oc3ncnc(N)c3c2-c2ccc(NC(=O)NC3CCCCC3)cc2)cc1,6.73,0.0,1
CHEMBL279,COc1ccc(-c2oc3ncnc(N)c3c2-c2ccc(NC(=O)Nc3c(F)cccc3C(F)(F)F)cc2)cc1,8.52,0.0,1
CHEMBL279,COc1ccc(-c2oc3ncnc(N)c3c2-c2ccc(NC(=O)Nc3cc(C(F)(F)F)ccc3F)cc2)cc1,8.52,0.0,1
CHEMBL279,COc1ccc(-c2oc3ncnc(N)c3c2-c2ccc(NC(=O)Nc3ccccc3)cc2)cc1,7.21,0.0,1
CHEMBL279,COc1ccc(-c2oc3ncnc(N)c3c2-c2ccc(NC(N)=O)cc2)cc1,7.24,0.0,1
CHEMBL279,COc1ccc(-c2oc3ncnc(N)c3c2-c2ccc(OC)cc2)cc1,5.95,0.0,1
CHEMBL279,COc1ccc(-n2cc(NC(=O)c3ccc(NS(=O)(=O)c4ccc(Cl)cc4)cc3)cn2)cc1,5.14,0.0,1
CHEMBL279,COc1ccc(-n2cc(NC(=O)c3ccc(NS(=O)(=O)c4ccccc4)cc3)cn2)cc1,4.84,0.0,1
CHEMBL279,COc1ccc(-n2cc(NC(=O)c3cccc(NS(=O)(=O)c4ccc(Cl)cc4)c3)cn2)cc1,5.29,0.0,1
CHEMBL279,COc1ccc(-n2cc(NC(=O)c3cccc(NS(=O)(=O)c4ccccc4)c3)cn2)cc1,4.98,0.0,1
CHEMBL279,COc1ccc(-n2nc(-c3ccncc3)c(-c3ccc(F)cc3)c2N)cc1,5.72,0.0,1
CHEMBL279,COc1ccc(-n2nc(NC(=O)Nc3ccc(C)c(S(N)(=O)=O)c3)nc2-c2ccccc2)cc1,6.14,0.0,1
CHEMBL279,COc1ccc(-n2nc(NC(=O)Nc3cccc(S(N)(=O)=O)c3)nc2-c2ccccc2)cc1,6.74,0.0,1
CHEMBL279,COc1ccc(/C(=C/C(N)=O)c2ccc(NC(=O)Nc3cc(C(F)(F)F)ccc3F)cc2)cc1,6.34,0.0,1
CHEMBL279,COc1ccc(/C=C/C(=N/Nc2nncc3ccccc23)c2ccc(Cl)cc2)cc1,9.39,0.0,1
CHEMBL279,COc1ccc(/C=C/C(=O)Nc2cc3c(Nc4ccc(F)c(Cl)c4)ncnc3cc2O[C@@H]2CCOC2)cc1,8.44,0.0,1
CHEMBL279,COc1ccc(/C=C/C(=O)Nc2cc3c(Nc4ccc(F)c(Cl)c4)ncnc3cc2O[C@H]2CCOC2)c(OC)c1OC,6.32,0.0,1
CHEMBL279,COc1ccc(/C=C/C(=O)Nc2cc3c(Nc4ccc(F)c(Cl)c4)ncnc3cc2O[C@H]2CCOC2)cc1,6.05,0.0,1
CHEMBL279,COc1ccc(/C=N/n2c(-c3cc4ccccc4[nH]3)n[nH]c2=S)cc1,7.19,0.0,1
CHEMBL279,COc1ccc(/C=N/n2c(SCC(=O)c3ccc(Cl)cc3)nnc2-c2cc3ccccc3[nH]2)cc1,7.15,0.0,1
CHEMBL279,COc1ccc(/N=N/c2sc(N/N=C3\C(=O)N(Cc4ccccc4)c4ccc(Cl)cc43)nc2C)cc1,6.76,0.0,1
CHEMBL279,COc1ccc(Br)cc1NC(=O)Nc1cccc(-c2cn3ccnc3c(NCc3ccncc3)n2)c1,8.0,0.0,1
CHEMBL279,COc1ccc(C#Cc2cnc(N)nc2)cc1C(=O)Nc1cc(C(F)(F)F)ccc1N1CCCCC1,6.41,0.0,1
CHEMBL279,COc1ccc(C(=C2C(=O)Nc3ccccc32)c2nc3ccccc3[nH]2)cc1,6.49,0.0,1
CHEMBL279,COc1ccc(C(=O)CN2CCN(c3nnc(-c4ccccc4)c4ccccc34)CC2)cc1,5.65,0.0,1
CHEMBL279,COc1ccc(C(=O)Nc2ccc(C(=O)N/N=C3\C(=O)Nc4ccc(Br)cc43)cc2)cc1,6.15,0.0,1
CHEMBL279,COc1ccc(C(=O)Nc2ccc(C(=O)N/N=C3\C(=O)Nc4ccc(Cl)cc43)cc2)cc1,5.74,0.0,1
CHEMBL279,COc1ccc(C(=O)Nc2ccc(C(=O)N/N=C3\C(=O)Nc4ccc(F)cc43)cc2)cc1,5.53,0.0,1
CHEMBL279,COc1ccc(C(=O)Nc2ccc(C(=O)N/N=C3\C(=O)Nc4ccc(OC)cc43)cc2)cc1,6.55,0.0,1
CHEMBL279,COc1ccc(C(=O)Nc2ccc(C(=O)N/N=C3\C(=O)Nc4ccccc43)cc2)cc1,5.47,0.0,1
CHEMBL279,COc1ccc(C(=O)Nc2ccc(F)c(Nc3ncccc3-c3ncnc4[nH]cnc34)c2F)cc1,5.6,0.0,1
CHEMBL279,COc1ccc(C(=O)Nc2ccc(F)c(Nc3ncccc3-c3ncnc4[nH]cnc34)c2F)cc1C(F)(F)F,6.12,0.0,1
CHEMBL279,COc1ccc(C(=O)Nc2ccc(Nc3ncnc4cc(OCCCN5CCN(C)CC5)c(OC)cc34)cc2)cc1,5.7,0.0,1
CHEMBL279,COc1ccc(C(=O)Nc2ccc(OCCCN(C)C)cc2)c(-c2cccc(O)c2)c1O,7.14,0.0,1
CHEMBL279,COc1ccc(C(=O)Nc2ccc(OCCCN3CCOCC3)cc2)c(-c2cccc(O)c2)c1O,7.82,0.0,1
CHEMBL279,COc1ccc(C(=O)Nc2ccc(OCCN(C)C)c(Cl)c2)c(-c2cccc(O)c2)c1O,6.88,0.0,1
CHEMBL279,COc1ccc(C(=O)Nc2ccc(OCCN(C)C)cc2)c(-c2cccc(O)c2)c1O,6.46,0.0,1
CHEMBL279,COc1ccc(C(=O)Nc2ccc(OCCN3CCCC3)c(Cl)c2)c(-c2cccc(O)c2)c1O,7.64,0.0,1
CHEMBL279,COc1ccc(C(=O)Nc2ccc(OCCN3CCCC3)c(F)c2)c(-c2cccc(O)c2)c1O,8.03,0.0,1
CHEMBL279,COc1ccc(C(=O)Nc2ccc(OCCN3CCCC3)cc2)c(-c2cccc(O)c2)c1O,6.74,0.0,1
CHEMBL279,COc1ccc(C(=O)Nc2ccc(OCCN3CCCCC3)c(Cl)c2)c(-c2cccc(O)c2)c1O,7.02,0.0,1
CHEMBL279,COc1ccc(C(=O)Nc2ccc(OCCN3CCCCC3)cc2)c(-c2cccc(O)c2)c1O,8.36,0.0,1
CHEMBL279,COc1ccc(C(=O)Nc2cccc(CNc3ncnc4c3cnn4CCc3ccccc3)c2)cc1,5.58,0.0,1
CHEMBL279,COc1ccc(C(=O)Nc2cccc(CNc3ncnc4c3cnn4CCc3ccccc3)c2)cc1OC,5.69,0.0,1
CHEMBL279,COc1ccc(C(=O)Nc2ncc(SCc3ncc(C(C)(C)C)o3)s2)cc1OC,5.72,0.0,1
CHEMBL279,COc1ccc(C(=O)Nc2nn(C)c3cc(Oc4ccnc5cc(OC)c(OC)cc45)ccc23)cc1,8.52,0.0,1
CHEMBL279,COc1ccc(C(=O)OCCN(C(C)C)C(C)C)cc1NC(=O)Nc1cc(-c2cccnc2)cc(C(F)(F)F)c1,5.08,0.0,1
CHEMBL279,COc1ccc(C(=O)OCCN(C)C)cc1NC(=O)Nc1cc(-c2ccc3[nH]ccc3c2)ccc1OC(F)(F)F,4.28,0.0,1
CHEMBL279,COc1ccc(C(=O)OCCN(C)C)cc1NC(=O)Nc1cc(-c2cccnc2)cc(C(F)(F)F)c1,7.55,0.0,1
CHEMBL279,COc1ccc(C(=O)OCCN(C)C)cc1NC(=O)Nc1cc(-c2cccnc2)ccc1OC(F)(F)F,7.21,0.0,1
CHEMBL279,COc1ccc(C(=O)OCCN(C)C)cc1NC(=O)Nc1cc(-c2cncnc2)ccc1OC(F)(F)F,4.29,0.0,1
CHEMBL279,COc1ccc(C(=O)OCCN2CCOCC2)cc1NC(=O)Nc1cc(-c2cn[nH]c2)ccc1OC(F)(F)F,4.83,0.0,1
CHEMBL279,COc1ccc(C(=O)OCCN2CCOCC2)cc1NC(=O)Nc1cc(-c2cncnc2)ccc1OC(F)(F)F,5.33,0.0,1
CHEMBL279,COc1ccc(C(F)(F)F)cc1NC(=O)Nc1cccc(-c2cn3ccnc3c(NCc3ccncc3)n2)c1,8.15,0.0,1
CHEMBL279,COc1ccc(C(F)(F)F)cc1NC(=O)c1ccc(C)c(Nc2ncccc2-c2ccncn2)c1,7.24,0.0,1
CHEMBL279,COc1ccc(C(F)(F)F)cc1NC(=O)c1ccc(C)c(Oc2ncccc2-c2ccncn2)c1,7.0,0.0,1
CHEMBL279,COc1ccc(C)c(N(C)c2ccnc(Nc3cc(N4CCOCC4)cc(N4CCOCC4)c3)n2)c1,6.64,0.0,1
CHEMBL279,COc1ccc(C2=C(c3c[nH]c4ccccc34)C(=O)NC2)cc1,4.89,0.0,1
CHEMBL279,COc1ccc(C2=C(c3c[nH]c4ccccc34)C(=O)NC2=O)cc1OC,6.37,0.0,1
CHEMBL279,COc1ccc(C2=C(c3cn(C)c4ccccc34)C(=O)NC2)cc1,4.51,0.0,1
CHEMBL279,COc1ccc(C2=NN(C(N)=S)C(c3cccc4ccccc34)C2)cc1,5.39,0.0,1
CHEMBL279,COc1ccc(C2=NN(c3ccccc3)C(c3cccc4ccccc34)C2)cc1,5.47,0.0,1
CHEMBL279,COc1ccc(C2CC(c3ccc(Cl)cc3Cl)=NN2c2nc(C)c(C(=O)Nc3ccccc3)s2)cc1OC,7.37,0.0,1
CHEMBL279,COc1ccc(CC(=O)Nc2ccc3[nH]c(-c4ccc(Cl)cc4)nc3c2)cc1,7.29,0.0,1
CHEMBL279,COc1ccc(CC(=O)Nc2ccc3oc(-c4ccc(Cl)cc4)nc3c2)cc1,7.01,0.0,1
CHEMBL279,COc1ccc(CC(=O)Nc2ccc3oc(-c4ccc(Cl)cc4)nc3c2)cc1OC,6.41,0.0,1
CHEMBL279,COc1ccc(CC(=O)Nc2ccc3oc(-c4ccccc4)nc3c2)cc1OC,6.24,0.0,1
CHEMBL279,COc1ccc(CC(=O)Nc2ccc3oc(-c4ccccc4Cl)nc3c2)cc1,6.35,0.0,1
CHEMBL279,COc1ccc(CC(=O)Nc2ccc3oc(-c4ccccc4F)nc3c2)cc1,6.78,0.0,1
CHEMBL279,COc1ccc(CCCCCn2c3c(c4cc(OCCc5ccc(O)cc5)ccc42)CC(N)CC3)cc1,6.03,0.0,1
CHEMBL279,COc1ccc(CCCCCn2cc(CCN)c3cc(OCCc4ccc(O)cc4)ccc32)cc1,5.66,0.0,1
CHEMBL279,COc1ccc(CCCN(C)C)cc1Nc1ncc2c(n1)-c1ccc(Cl)cc1NC(=S)C2,7.27,0.0,1
CHEMBL279,COc1ccc(CCOc2ccc3c(c2)c(CCN)cn3CCCCCc2ccc(SC)cc2)cc1,5.84,0.0,1
CHEMBL279,COc1ccc(CN2C3CC2CN(c2ccc(-c4cc(OCC(C)(C)O)cn5ncc(C#N)c45)cn2)C3)cn1,7.0,0.0,1
CHEMBL279,COc1ccc(CN2C3CC2CN(c2ccc(-c4nc(-c5cnn(C)c5)cc5ncccc45)cn2)C3)cc1C#N,7.56,0.0,1
CHEMBL279,COc1ccc(CNC(=O)c2cc3c(-c4ccccc4)[nH]nc3s2)cc1,6.29,0.0,1
CHEMBL279,COc1ccc(CNc2ccc3ncc(-c4cnn(C)c4)nc3c2)c(OC)c1,5.26,0.0,1
CHEMBL279,COc1ccc(CNc2nsc(-c3ccc(NC(=O)Nc4cc(C)ccc4F)cc3)c2C(N)=O)c(OC)c1,7.01,0.0,1
CHEMBL279,COc1ccc(Cc2nnc3sc(-c4cc5ccccc5[nH]4)nn23)cc1,5.48,0.0,1
CHEMBL279,COc1ccc(Cl)c(N(CCNC(C)C)c2ccc3ncc(-c4cn[nH]c4)nc3c2)c1,7.09,0.0,1
CHEMBL279,COc1ccc(Cl)c(N(CCNC(C)C)c2ccc3ncc(-c4cnn(C)c4)nc3c2)c1,7.17,0.0,1
CHEMBL279,COc1ccc(Cl)c(N(CCO)c2ccc3ncc(-c4cn[nH]c4)nc3c2)c1,6.64,0.0,1
CHEMBL279,COc1ccc(Cl)c(N(CCO)c2ccc3ncc(-c4cnn(C)c4)nc3c2)c1,6.9,0.0,1
CHEMBL279,COc1ccc(Cl)c(Nc2ncnc3cc(OCC4CCN(C)CC4)c(OC)cc23)c1,6.17,0.0,1
CHEMBL279,COc1ccc(Cl)c(Nc2ncnc3cc(OCCCN4CCCC4)cc(OC(C)C)c23)n1,6.05,0.0,1
CHEMBL279,COc1ccc(Cl)c(Nc2ncnc3cc(OCCCN4CCN(C(C)=O)CC4)cc(OC(C)C)c23)n1,5.57,0.0,1
CHEMBL279,COc1ccc(Cl)c(Nc2ncnc3cc(OCCCN4CCN(C)CC4)cc(OC(C)C)c23)n1,6.17,0.0,1
CHEMBL279,COc1ccc(Cl)c(Nc2ncnc3cc(OCCCN4CCN(C)CC4)cc(OC4CCOCC4)c23)c1,7.4,0.0,1
CHEMBL279,COc1ccc(Cl)c(Nc2ncnc3cc(OCCCN4CCOCC4)c(OC)cc23)c1,5.93,0.0,1
CHEMBL279,COc1ccc(Cl)c(Nc2ncnc3cc(OCCCN4CCOCC4)cc(OC(C)C)c23)c1,7.52,0.0,1
CHEMBL279,COc1ccc(Cl)c(Nc2ncnc3cc(OCCCN4CCOCC4)cc(OC(C)C)c23)n1,5.72,0.0,1
CHEMBL279,COc1ccc(Cl)c(Nc2ncnc3cc(OCCCN4CCOCC4)cc(OC4CCCCC4)c23)c1,5.26,0.0,1
CHEMBL279,COc1ccc(Cl)c(Nc2ncnc3cc(OCCCN4CCOCC4)cc(OC4CCOC4)c23)c1,7.3,0.0,1
CHEMBL279,COc1ccc(Cl)c(Nc2ncnc3cc(OCCCN4CCOCC4)cc(OC4CCOCC4)c23)c1,6.4,0.0,1
CHEMBL279,COc1ccc(Cl)c(Nc2ncnc3cc(OCCCN4CCOCC4)cc(OC4CCOCC4)c23)n1,5.26,0.0,1
CHEMBL279,COc1ccc(Cl)c(Nc2ncnc3cc(OCCN4CCCC4)cc(OC(C)C)c23)n1,5.44,0.0,1
CHEMBL279,COc1ccc(Cl)c(Nc2ncnc3cc(OCCN4CCN(C(C)=O)CC4)cc(OC(C)C)c23)n1,5.2,0.0,1
CHEMBL279,COc1ccc(Cl)c(Nc2ncnc3cc(OCCN4CCN(C)CC4)cc(OC(C)C)c23)n1,6.24,0.0,1
CHEMBL279,COc1ccc(Cl)c(Nc2ncnc3cc(OCCN4CCOCC4)cc(OC(C)C)c23)n1,5.54,0.0,1
CHEMBL279,COc1ccc(Cl)c(Nc2ncnc3cc(OCN4CCN(C)CC4)c(OC)cc23)c1,6.17,0.0,1
CHEMBL279,COc1ccc(Cn2ncc(NC(=O)c3cc(NC(=O)Nc4ccc(Cl)c(C(F)(F)F)c4)ccc3C)c2N)cc1,8.03,0.0,1
CHEMBL279,COc1ccc(N(C(=O)Oc2c(C)cccc2C)c2ccnc(Nc3cc(OC)c(N4CCN(C)CC4)c(OC)c3)n2)c(OC)c1,6.77,0.0,1
CHEMBL279,COc1ccc(N(C(=O)Oc2c(C)cccc2C)c2ccnc(Nc3cc(OC)c(OCCCN4CCN(C)CC4)c(OC)c3)n2)c(OC)c1,6.85,0.0,1
CHEMBL279,COc1ccc(N(C(=O)Oc2c(C)cccc2C)c2ccnc(Nc3cc(OC)c(OCCN4CCN(C)CC4)c(OC)c3)n2)c(OC)c1,6.64,0.0,1
CHEMBL279,COc1ccc(N(C(=O)Oc2c(C)cccc2C)c2ccnc(Nc3cc(OC)c(OCCN4CCOCC4)c(OC)c3)n2)c(OC)c1,6.77,0.0,1
CHEMBL279,COc1ccc(N(C(=O)Oc2c(C)cccc2C)c2ccnc(Nc3ccc(N4CCN(C)CC4)c(F)c3)n2)c(OC)c1,6.58,0.0,1
CHEMBL279,COc1ccc(N(C(=O)Oc2c(C)cccc2C)c2ccnc(Nc3ccc(N4CCN(C)CC4)c(OC)c3)n2)c(OC)c1,6.85,0.0,1
CHEMBL279,COc1ccc(N(C(=O)Oc2c(C)cccc2C)c2ccnc(Nc3ccc(N4CCN(C)CC4)cc3)n2)c(OC)c1,6.19,0.0,1
CHEMBL279,COc1ccc(N(C(=O)Oc2c(C)cccc2C)c2ccnc(Nc3ccc(N4CCN(C)CC4)cc3)n2)cc1,6.38,0.0,1
CHEMBL279,COc1ccc(N(C(=O)Oc2c(C)cccc2C)c2ccnc(Nc3ccc(OCCCN(C)C)cc3)n2)c(OC)c1,6.64,0.0,1
CHEMBL279,COc1ccc(N(C(=O)Oc2c(C)cccc2C)c2ccnc(Nc3ccc(OCCCN4CCCCC4)c(F)c3)n2)c(OC)c1,6.21,0.0,1
CHEMBL279,COc1ccc(N(C(=O)Oc2c(C)cccc2C)c2ccnc(Nc3ccc(OCCCN4CCN(C)CC4)c(F)c3)n2)c(OC)c1,6.23,0.0,1
CHEMBL279,COc1ccc(N(C(=O)Oc2c(C)cccc2C)c2ccnc(Nc3ccc(OCCCN4CCN(C)CC4)c(OC)c3)n2)c(OC)c1,6.68,0.0,1
CHEMBL279,COc1ccc(N(C(=O)Oc2c(C)cccc2C)c2ccnc(Nc3ccc(OCCN(C)C)cc3)n2)c(OC)c1,6.66,0.0,1
CHEMBL279,COc1ccc(N(C(=O)Oc2c(C)cccc2C)c2ccnc(Nc3ccc(OCCN4CCCCC4)cc3)n2)c(OC)c1,6.46,0.0,1
CHEMBL279,COc1ccc(N(C(=O)Oc2c(C)cccc2C)c2ccnc(Nc3ccc(OCCN4CCN(C)CC4)cc3)n2)c(OC)c1,6.24,0.0,1
CHEMBL279,COc1ccc(N2C(=O)CS/C2=N/Nc2nncc3ccccc23)cc1,8.62,0.0,1
CHEMBL279,COc1ccc(N2Cc3cnc(Nc4ccc(F)cc4)nc3N([C@@H]3CC[C@@H](O)C3)C2=O)cc1,7.3,0.0,1
CHEMBL279,COc1ccc(NC(=O)C2(C(=O)Nc3ccc(Oc4ccnc(Nc5cccc(CS(C)(=O)=O)c5)n4)c(F)c3)CC2)cc1,8.21,0.0,1
CHEMBL279,COc1ccc(NC(=O)CC(=O)Nc2ccc3c(c2)NC(=O)/C3=C\c2[nH]c(C)c(C(=O)NCCN3CCCC3)c2C)cc1,7.68,0.0,1
CHEMBL279,COc1ccc(NC(=O)CN2C(=O)S/C(=C/c3cccs3)C2=O)cc1,7.02,0.0,1
CHEMBL279,COc1ccc(NC(=O)CN2C(=O)S/C(=C3\Nc4ccccc4C3=O)C2=O)cc1,7.07,0.0,1
CHEMBL279,COc1ccc(NC(=O)CN2CCN(c3nnc(-c4ccccc4)c4ccccc34)CC2)cc1,5.87,0.0,1
CHEMBL279,COc1ccc(NC(=O)N2CCc3nc(-c4cc5ccccc5[nH]c4=O)[nH]c3C2)cc1,7.34,0.0,1
CHEMBL279,COc1ccc(NC(=O)Nc2ccc(-c3c(C)sc4ncnc(N)c34)cc2)cc1,7.16,0.0,1
CHEMBL279,COc1ccc(NC(=O)Nc2ccc(-c3cccc4onc(N)c34)cc2)cc1,7.66,0.0,1
CHEMBL279,COc1ccc(NC(=O)Nc2ccc(-c3cccc4onc(N)c34)cc2)cc1Cl,8.1,0.0,1
CHEMBL279,COc1ccc(NC(=O)Nc2ccc(-c3csc4c(-c5cnn(C)c5)cnc(N)c34)cc2)cc1,8.22,0.0,1
CHEMBL279,COc1ccc(NC(=O)Nc2ccc(-c3csc4c(-c5cnn(CC(C)(C)O)c5)cnc(N)c34)cc2)cc1,8.3,0.0,1
CHEMBL279,COc1ccc(NC(=O)Nc2ccc(-c3csc4c(-c5cnn(C[C@H](O)CO)c5)cnc(N)c34)cc2)cc1,8.74,0.0,1
CHEMBL279,COc1ccc(NC(=O)Nc2ccc(/N=C3\C(=O)Nc4ccc(F)cc43)cc2)cc1,5.57,0.0,1
CHEMBL279,COc1ccc(NC(=O)Nc2ccc(C(=O)N/N=C3\C(=O)Nc4ccc(Br)cc43)cc2)cc1,5.91,0.0,1
CHEMBL279,COc1ccc(NC(=O)Nc2ccc(C(=O)N/N=C3\C(=O)Nc4ccc(Cl)cc43)cc2)cc1,5.6,0.0,1
CHEMBL279,COc1ccc(NC(=O)Nc2ccc(C(=O)N/N=C3\C(=O)Nc4ccc(F)cc43)cc2)cc1,5.42,0.0,1
CHEMBL279,COc1ccc(NC(=O)Nc2ccc(C(=O)N/N=C3\C(=O)Nc4ccc(OC)cc43)cc2)cc1,6.29,0.0,1
CHEMBL279,COc1ccc(NC(=O)Nc2ccc(C(=O)N/N=C3\C(=O)Nc4ccccc43)cc2)cc1,5.38,0.0,1
CHEMBL279,COc1ccc(NC(=O)Nc2ccc(Nc3ncnc4cc(OC)c(OC)cc34)cc2)cc1,5.21,0.0,1
CHEMBL279,COc1ccc(NC(=O)Nc2ccc(Oc3ccnc(-c4cnn(CCCCCCC(=O)NO)c4)c3)cc2)cc1,6.54,0.0,1
CHEMBL279,COc1ccc(NC(=O)Nc2ccc(Oc3ccnc4cc(OC)c(OC)cc34)cc2)cc1,8.96,0.0,1
CHEMBL279,COc1ccc(NC(=O)Nc2ccc(Oc3ncnc4cc(OC)c(OC)cc34)cc2)cc1,7.91,1.0606601717798212,2
CHEMBL279,COc1ccc(NC(=O)Nc2ccc(Oc3ncnc4cc(OCCCN5CCCC5)c(OC)cc34)cc2Cl)c(OC)c1,9.23,0.0,1
CHEMBL279,COc1ccc(NC(=O)Nc2ccc(Sc3ccnc4cc(OC)c(OC)cc34)cc2)cc1,8.23,0.0,1
CHEMBL279,COc1ccc(NC(=O)Nc2ccc(Sc3ccnc4ccsc34)cc2)cc1,5.86,0.0,1
CHEMBL279,COc1ccc(NC(=O)Nc2ccc3c(c2)NC(=O)/C3=C\c2[nH]c(C)c(C(=O)O)c2C)cc1,8.47,0.0,1
CHEMBL279,COc1ccc(NC(=O)Nc2ccc3c(c2)NC(=O)/C3=C\c2[nH]c(C)c(CC(=O)O)c2C)cc1,8.33,0.0,1
CHEMBL279,COc1ccc(NC(=O)Nc2ccc3c(c2)NC(=O)/C3=C\c2[nH]c(C)c(CCC(=O)O)c2C)cc1,8.0,0.0,1
CHEMBL279,COc1ccc(NC(=O)Nc2ccc3c(c2)NC(=O)/C3=C\c2[nH]cc(C(=O)O)c2C)cc1,9.3,0.0,1
CHEMBL279,COc1ccc(NC(=O)Nc2ccc3c(c2)NC(=O)/C3=C\c2ccc[nH]2)cc1,7.51,0.0,1
CHEMBL279,COc1ccc(NC(=O)Nc2ccc3c(c2)NC(=O)/C3=C\c2ccc[nH]2)cc1OC,7.57,0.0,1
CHEMBL279,COc1ccc(NC(=O)Nc2ccc3c(c2)c2c4c(c5c(c2n3CC(C)C)CCc2nn(C)cc2-5)C(=O)NC4)cc1,7.75,0.0,1
CHEMBL279,COc1ccc(NC(=O)Nc2cccc(CNc3ncnc4c3cnn4CCc3ccccc3)c2)cc1,5.96,0.0,1
CHEMBL279,COc1ccc(NC(=O)Nc2cccc(CNc3ncnc4c3cnn4CCc3ccccc3)c2)cc1OC,5.49,0.0,1
CHEMBL279,COc1ccc(NC(=O)Nc2cccc(Oc3ncnc4cc(OC)c(OC)cc34)c2)cc1,6.22,0.0,1
CHEMBL279,COc1ccc(NC(=O)Nc2cccc(Sc3ccnc4ccsc34)c2)cc1,6.97,0.0,1
CHEMBL279,COc1ccc(NC(=O)Nc2cnc(Oc3ccnc(NC(=O)C4CC4)c3)c(C)c2)cc1C(F)(F)F,8.06,0.0,1
CHEMBL279,COc1ccc(NC(=O)Nc2nn(C)c3cc(Oc4ccnc5cc(OC)c(OC)cc45)ccc23)cc1,9.0,0.0,1
CHEMBL279,COc1ccc(NC(=O)c2c(C)noc2NCc2ccncc2)cc1OC,5.47,0.0,1
CHEMBL279,COc1ccc(NC(=O)c2c(NCc3ccncc3)cnn2C)cc1OC,6.29,0.0,1
CHEMBL279,COc1ccc(NC(=O)c2c(NCc3ccncc3)ncn2C)cc1OC,6.46,0.0,1
CHEMBL279,COc1ccc(NC(=O)c2c(Nc3ccccc3)sc(C#N)c2NC(=O)CNc2ccc(Cl)cc2)cc1,6.23,0.0,1
CHEMBL279,COc1ccc(NC(=O)c2c(Nc3ccccc3)sc(C(=O)N/N=C/c3ccc(O)c(O)c3)c2NC(C)=O)cc1,5.89,0.0,1
CHEMBL279,COc1ccc(NC(=O)c2ccc(NC(=O)CSc3nnc4c5nncn5c5ccccc5n34)cc2)cc1,5.5,0.0,1
CHEMBL279,COc1ccc(NC(=O)c2cccc(C(F)(F)F)c2)cc1Nc1ncccc1-c1ncnc2[nH]cnc12,5.81,0.0,1
CHEMBL279,COc1ccc(NC(=O)c2cccc3c2C(=O)NC3)cc1,5.23,0.0,1
CHEMBL279,COc1ccc(NC(=S)NNc2nncc3ccccc23)cc1,8.24,0.0,1
CHEMBL279,COc1ccc(NC=Nc2oc(-c3ccccc3)c(-c3ccccc3)c2C#N)cc1,6.73,0.0,1
CHEMBL279,COc1ccc(Nc2cc(Oc3ccc4[nH]c(C)cc4c3F)ncn2)cc1OC,8.31,0.0,1
CHEMBL279,COc1ccc(Nc2ccc(NC(=O)Nc3ccc(Cl)c(C(F)(F)F)c3)cc2)nn1,8.85,0.0,1
CHEMBL279,COc1ccc(Nc2nc3c4c(-c5ccccc5)c(-c5ccccc5)oc4ncn3n2)cc1,6.82,0.0,1
CHEMBL279,COc1ccc(Nc2nc3ccc(NC(=O)Nc4ccccc4)cc3[nH]c2=O)cc1,4.99,0.0,1
CHEMBL279,COc1ccc(Nc2nc3ccc(NC(=O)c4ccccc4C(=O)O)cc3[nH]c2=O)cc1,4.21,0.0,1
CHEMBL279,COc1ccc(Nc2ncc(-c3ccccc3)o2)cc1OC,6.85,0.0,1
CHEMBL279,COc1ccc(Nc2ncc(C#N)c(-c3ccccc3)n2)cc1,6.31,0.0,1
CHEMBL279,COc1ccc(Nc2ncc3c(n2)-c2ccc(Cl)cc2NC(=S)C3)cc1CCCN(C)C,9.0,0.0,1
CHEMBL279,COc1ccc(Nc2ncc3c(n2)-c2ccc(OC)cc2NC(=O)C3)cc1,7.3,0.0,1
CHEMBL279,COc1ccc(Nc2ncc3c(n2)-c2ccc(OC)cc2SC3)cc1,4.76,0.0,1
CHEMBL279,COc1ccc(Nc2ncc3c(n2)-c2ccccc2NC(=O)C3)cc1,7.02,0.0,1
CHEMBL279,COc1ccc(Nc2ncc3c(n2)-c2ccccc2NC(=O)C3)cc1O,7.14,0.0,1
CHEMBL279,COc1ccc(Nc2ncc3c(n2)-c2ccccc2SC3)cc1,5.57,0.0,1
CHEMBL279,COc1ccc(Nc2ncc3c(n2)-c2cccnc2SC3)cc1,6.28,0.0,1
CHEMBL279,COc1ccc(Nc2ncc3c(n2)-c2cccnc2SC3)cc1OC,6.72,0.0,1
CHEMBL279,COc1ccc(Nc2ncc3c(n2)-c2cnccc2NC(=O)C3)cc1,6.72,0.0,1
CHEMBL279,COc1ccc(Nc2ncc3c(n2)-c2ncccc2NC(=O)C3)cc1,5.82,0.0,1
CHEMBL279,COc1ccc(Nc2ncc3c(n2)CCN(C(=O)c2cccnc2)C3)cc1,8.3,0.0,1
CHEMBL279,COc1ccc(Nc2nccc(-c3nc4ccccc4n3C)n2)cc1,4.36,0.0,1
CHEMBL279,COc1ccc(Nc2nccc(-c3nc4ccccc4n3C)n2)cc1O,5.14,0.0,1
CHEMBL279,COc1ccc(Nc2nccc(-n3ccnc3-c3ccccc3)n2)cc1,6.41,0.0,1
CHEMBL279,COc1ccc(Nc2nccc(Nc3ccc4[nH]ncc4c3)n2)cc1,6.93,0.0,1
CHEMBL279,COc1ccc(Nc2nccc(Oc3ccc(NC(=O)C4(C(=O)Nc5ccc(F)cc5)CC4)cc3F)n2)cc1,5.36,0.0,1
CHEMBL279,COc1ccc(Nc2ncccc2-c2ncnc3[nH]cnc23)cc1NC(=O)c1cccc(C(F)(F)F)c1,6.02,0.0,1
CHEMBL279,COc1ccc(Nc2nn(C)c3cc(Oc4ccnc5cc(OC)c(OC)cc45)ccc23)cc1,6.8,0.0,1
CHEMBL279,COc1ccc(Nc2nnc(-c3c(NCc4ccncc4)ncn3C)o2)cc1OC,7.28,0.0,1
CHEMBL279,COc1ccc(Nc2nnc(-c3ccc(C(N)=O)cc3)c3ccccc23)cc1,5.7,0.0,1
CHEMBL279,COc1ccc(Nc2nnc(-c3cccnc3CCc3ccncc3)o2)cc1OC,7.17,0.0,1
CHEMBL279,COc1ccc(OC)c(Cc2cc3c(Nc4cccc(Br)c4)nc(N)nc3[nH]2)c1,6.21,0.0,1
CHEMBL279,COc1ccc(OC)c(N(C(=O)Oc2c(C)cccc2C)c2ccnc(Nc3ccc(N4CCN(C)CC4)cc3)n2)c1,6.7,0.0,1
CHEMBL279,COc1ccc(OC)c(N(CCCN2CCCC2)c2ccc3ncc(-c4cnn(C)c4)nc3c2)c1,6.1,0.0,1
CHEMBL279,COc1ccc(OC)c(NC(=O)c2ccc(CSc3ncnc4[nH]cnc34)cc2)c1,8.23,0.0,1
CHEMBL279,COc1ccc(Oc2ccc(-c3cn(C(C)(C)C)c4ncnc(N)c34)cc2)cc1,5.88,0.0,1
CHEMBL279,COc1ccc(S(=O)(=O)Nc2cccc(CNc3ncnc4c3cnn4CCc3ccccc3)c2)cc1,5.41,0.0,1
CHEMBL279,COc1ccc(S(=O)(=O)Nc2cccc(CNc3ncnc4c3cnn4CCc3ccccc3)c2)cc1OC,5.14,0.0,1
CHEMBL279,COc1ccc(S(N)(=O)=O)cc1Nc1cc(Oc2ccc3[nH]c(C)cc3c2F)ncn1,7.99,0.0,1
CHEMBL279,COc1ccc(Sc2sc3nc(N)nc(N)c3c2C)cc1OC,4.65,0.0,1
CHEMBL279,COc1ccc2[nH]c(-c3cccc4c3C(=O)NC4)cc2c1,5.96,0.0,1
CHEMBL279,COc1ccc2[nH]c(-c3cccc4c3C(=O)NC4)nc2c1,6.85,0.0,1
CHEMBL279,COc1ccc2[nH]c(=O)c(-c3nc4c([nH]3)CN(C(=O)CN3CCCCC3)CC4)cc2c1,6.55,0.0,1
CHEMBL279,COc1ccc2[nH]c(=O)c(-c3nc4c([nH]3)CN(C(=O)CN3CCN(C)CC3)CC4)cc2c1,5.96,0.0,1
CHEMBL279,COc1ccc2[nH]c(=O)c(-c3nc4c([nH]3)CN(C(=O)CN3CCOCC3)CC4)cc2c1,6.12,0.0,1
CHEMBL279,COc1ccc2[nH]c(C(=C3C(=O)Nc4ccc(C(=O)O)cc43)c3ccccc3)nc2c1,8.52,0.0,1
CHEMBL279,COc1ccc2[nH]c(C(=C3C(=O)Nc4ccc(N)cc43)c3ccccc3)nc2c1,7.22,0.0,1
CHEMBL279,COc1ccc2[nH]cc(-c3nn(-c4ccccc4)c(N)c3C(=O)Nc3ccc(C(C)C)cc3)c2c1,4.87,0.0,1
CHEMBL279,COc1ccc2[nH]cc(-c3nn(-c4ccccc4)c(N)c3C(=O)Nc3ccc([N+](=O)[O-])cc3)c2c1,4.89,0.0,1
CHEMBL279,COc1ccc2[nH]cc(C(=O)c3ccccc3NCc3ccc4ncccc4c3)c2c1,5.72,0.0,1
CHEMBL279,COc1ccc2[nH]cc(C3=C(c4cc(OC)c(OC)c(OC)c4)C(=O)NC3=O)c2c1,6.03,0.0,1
CHEMBL279,COc1ccc2c(C(=O)c3ccccc3NCc3ccc4ncccc4c3)c[nH]c2c1,5.72,0.0,1
CHEMBL279,COc1ccc2c(Oc3ccc(CC(=O)Nc4cc(C)cc(CN(C)C)c4)c(OC)c3)ccnc2c1,7.64,0.0,1
CHEMBL279,COc1ccc2c(Oc3ccc(CC(=O)Nc4cn(C)nc4C)c(OC)c3)ccnc2c1,4.96,0.0,1
CHEMBL279,COc1ccc2c(Oc3ccc(CC(=O)Nc4cnn(C)c4)c(OC)c3)ccnc2c1,5.61,0.0,1
CHEMBL279,COc1ccc2c(Oc3ccc(CC(=O)Nc4n[nH]c(C)c4C)c(OC)c3)ccnc2c1,6.29,0.0,1
CHEMBL279,COc1ccc2c(Oc3ccc(CC(=O)Nc4ncc(C)s4)c(OC)c3)ccnc2c1,7.7,0.0,1
CHEMBL279,COc1ccc2c(Oc3ccc(CC(=O)Nc4noc(C)c4C)c(OC)c3)ccnc2c1,5.79,0.0,1
CHEMBL279,COc1ccc2c(Oc3ccc(NC(=O)c4c(C)n(CC(C)(C)O)n(-c5ccccc5)c4=O)nc3)ccnc2c1,6.0,0.0,1
CHEMBL279,COc1ccc2c(Oc3ccc(Nc4nccc5[nH]cc(-c6ccc(F)cc6)c(=O)c45)cc3F)ccnc2c1,6.9,0.0,1
CHEMBL279,COc1ccc2c(Oc3ccc4c(C(=O)NC5CC5)cccc4c3)ccnc2c1,9.35,0.0,1
CHEMBL279,COc1ccc2c(Oc3ccc4c(C(=O)Nc5ccc(Cl)cc5)cccc4c3)ccnc2c1,9.0,0.0,1
CHEMBL279,COc1ccc2c(Oc3ccc4c(C(N)=O)cccc4c3)ccnc2c1,8.905000000000001,0.0212132034355966,2
CHEMBL279,COc1ccc2c(c1)/C(=C/c1[nH]c3c(c1Cl)CN(C(C)=O)CC3)C(=O)N2,7.06,0.0,1
CHEMBL279,COc1ccc2c(c1)/C(=C/c1cc3c([nH]1)CCN(C(=O)CCN)C3)C(=O)N2,8.1,0.0,1
CHEMBL279,COc1ccc2c(c1)/C(=C/c1cc3c([nH]1)CCN(C(=O)N1CCN(C)CC1)C3)C(=O)N2,8.22,0.0,1
CHEMBL279,COc1ccc2c(c1)/C(=C/c1cc3c([nH]1)CCN(C(=O)N1CCOCC1)C3)C(=O)N2,8.3,0.0,1
CHEMBL279,COc1ccc2c(c1)/C(=C/c1cc3c([nH]1)CCN(C(=O)c1cnoc1C)C3)C(=O)N2,7.8,0.0,1
CHEMBL279,COc1ccc2c(c1)/C(=C/c1cc3c([nH]1)CCN(C(C)=O)C3)C(=O)N2,6.68,0.0,1
CHEMBL279,COc1ccc2c(c1)/C(=C/c1cnc[nH]1)C(=O)N2,6.89,0.0,1
CHEMBL279,COc1ccc2c(c1)/C(=C\c1ccc3c(/C=C/c4ccc(N5CCN(C)CC5)nc4)n[nH]c3c1)C(=O)N2,6.32,0.0,1
CHEMBL279,COc1ccc2c(c1)/C(=N/NC(=O)c1ccc(NC(=O)Nc3ccc(Cl)c(C(F)(F)F)c3)cc1)C(=O)N2,6.75,0.0,1
CHEMBL279,COc1ccc2c(c1)/C(=N/NC(=O)c1ccc(NC(=O)Nc3ccc(Cl)cc3)cc1)C(=O)N2,6.25,0.0,1
CHEMBL279,COc1ccc2c(c1)/C(=N/NC(=O)c1ccc(NC(=O)Nc3ccccc3)cc1)C(=O)N2,6.31,0.0,1
CHEMBL279,COc1ccc2c(c1)/C(=N/NC(=O)c1ccc(NC(=O)c3ccc(Cl)cc3)cc1)C(=O)N2,6.34,0.0,1
CHEMBL279,COc1ccc2c(c1)/C(=N\Nc1nnc3n1N=C(c1ccccc1)CS3)C(=O)N2,6.36,0.0,1
CHEMBL279,COc1ccc2c(c1)C(=Cc1ccc3c(-c4ccc(N5CCN(C)CC5)nc4)n[nH]c3c1)C(=O)N2,6.2,0.0,1
CHEMBL279,COc1ccc2c(c1)NC(=O)/C2=C\c1[nH]c(C)c(CCC(=O)O)c1C,5.08,0.0,1
CHEMBL279,COc1ccc2c(c1)NC(=O)/C2=C\c1[nH]c2c(c1CCC(=O)O)CCCC2,6.42,0.0,1
CHEMBL279,COc1ccc2c(c1)NC(=O)/C2=C\c1[nH]cc(CCC(=O)O)c1C,5.87,0.0,1
CHEMBL279,COc1ccc2c(c1)NC(=O)/C2=C\c1cc2c([nH]1)CCCC2,4.92,0.0,1
CHEMBL279,COc1ccc2c(c1)NC(=O)/C2=C\c1cc2c([nH]1)CCCC2CCC(=O)O,6.42,0.0,1
CHEMBL279,COc1ccc2c(c1)NC(=O)/C2=N\NC(=O)C1CCCN(C(C)C(=O)Nc2ccc(S(N)(=O)=O)cc2)C1,6.45,0.0,1
CHEMBL279,COc1ccc2c(c1)NC(=O)Cc1cnc(Nc3ccc(O)c(Cl)c3)nc1-2,7.96,0.0,1
CHEMBL279,COc1ccc2c(c1)NC(=O)Cc1cnc(Nc3ccc(O)cc3)nc1-2,7.55,0.0,1
CHEMBL279,COc1ccc2c(c1)NC(=O)Cc1cnc(Nc3ccc(OC)c(O)c3)nc1-2,7.75,0.0,1
CHEMBL279,COc1ccc2c(c1)NC(=O)Cc1cnc(Nc3cccc(O)c3)nc1-2,7.82,0.0,1
CHEMBL279,COc1ccc2c(c1)NC(=O)Cc1cnc3cc(-c4ccccc4)nn3c1-2,5.75,0.0,1
CHEMBL279,COc1ccc2c(c1)NC(=O)Cc1cnc3ccnn3c1-2,5.07,0.0,1
CHEMBL279,COc1ccc2c(c1)[C@]1(C[C@H]1c1ccc3c(-c4ccc(N5CCN(C)CC5)cc4)n[nH]c3c1)C(=O)N2,5.03,0.0,1
CHEMBL279,COc1ccc2c(c1)[C@]1(C[C@H]1c1ccc3c(-c4ccc(N5CCN(C)CC5)nc4)n[nH]c3c1)C(=O)N2,4.85,0.0,1
CHEMBL279,COc1ccc2c(c1)[C@]1(C[C@H]1c1ccc3c(-c4ccc(N5CCNCC5)cc4)n[nH]c3c1)C(=O)N2,5.25,0.0,1
CHEMBL279,COc1ccc2c(c1)[C@]1(C[C@H]1c1ccc3c(/C=C/c4cc(F)c(CN5CCOCC5)c(F)c4)n[nH]c3c1)C(=O)N2,5.1,0.0,1
CHEMBL279,COc1ccc2c(c1)[C@]1(C[C@H]1c1ccc3c(/C=C/c4ccc(CN(C)C)cc4)n[nH]c3c1)C(=O)N2,6.04,0.0,1
CHEMBL279,COc1ccc2c(c1)[C@]1(C[C@H]1c1ccc3c(/C=C/c4ccc(CN5CCOCC5)cc4)n[nH]c3c1)C(=O)N2,4.62,0.0,1
CHEMBL279,COc1ccc2c(c1)[C@]1(C[C@H]1c1ccc3c(/C=C/c4ccc(N5CCN(C)CC5)nc4)n[nH]c3c1)C(=O)N2,5.7,0.0,1
CHEMBL279,COc1ccc2c(c1)c(/C=C1\C(=O)NN=C1c1cnccn1)cn2C,7.52,0.0,1
CHEMBL279,COc1ccc2cc(-c3c(-c4ccncc4)nc(-c4ccc([S+](C)[O-])cc4C)n3C)ccc2c1,5.82,0.0,1
CHEMBL279,COc1ccc2cc(-c3n[nH]c4cccnc34)[nH]c2c1,6.51,0.0,1
CHEMBL279,COc1ccc2nc(-c3ccc(Nc4ncnc5cc(OCCCN6CCN(C)CC6)c(OC)cc45)cc3)sc2c1,6.16,0.0,1
CHEMBL279,COc1ccc2nc(-c3n[nH]cc3/C=C/c3cccnc3)[nH]c2c1,6.01,0.0,1
CHEMBL279,COc1ccc2nc(-c3n[nH]cc3/C=C/c3cncc(C#N)c3)[nH]c2c1,5.77,0.0,1
CHEMBL279,COc1ccc2nc(-c3n[nH]cc3/C=C/c3cncc4ccccc34)[nH]c2c1,6.21,0.0,1
CHEMBL279,COc1ccc2nc(-c3n[nH]cc3/C=C/c3cnccc3C)[nH]c2c1,6.12,0.0,1
CHEMBL279,COc1ccc2nccc(Nc3cc(O)ccc3C)c2c1,5.52,0.0,1
CHEMBL279,COc1ccc2ncnc(Oc3ccc(NC(=O)Nc4cccc(C(F)(F)F)c4)cc3)c2c1,8.0,0.0,1
CHEMBL279,COc1cccc(-c2c[nH]c(=O)c(-c3cc(OC)c(OC)c(OC)c3)n2)c1,4.64,0.0,1
CHEMBL279,COc1cccc(-c2cc(-c3c(O)c4ccccc4oc3=O)nc(N)c2C#N)c1,7.38,0.0,1
CHEMBL279,COc1cccc(-c2ccc3c(c2)NC(=O)/C3=C\c2[nH]c(C)c(CCC(=O)O)c2C)c1,6.52,0.0,1
CHEMBL279,COc1cccc(-c2ccc3c(c2)NC(=O)/C3=C\c2[nH]c3c(c2CCC(=O)O)CCCC3)c1,7.16,0.0,1
CHEMBL279,COc1cccc(-c2ccc3c(c2)NC(=O)/C3=C\c2[nH]cc(C)c2CCC(=O)O)c1,4.55,0.0,1
CHEMBL279,COc1cccc(-c2ccc3c(c2)NC(=O)/C3=C\c2[nH]cc(CCC(=O)O)c2C)c1,7.05,0.0,1
CHEMBL279,COc1cccc(-c2ccn3c(-c4cccc(NC(=O)NCC(F)(F)F)c4)cnc3c2)n1,7.1,0.0,1
CHEMBL279,COc1cccc(-c2cncc(-c3nc(-c4ccccc4)c(NC(C)=O)o3)c2)c1,5.31,0.0,1
CHEMBL279,COc1cccc(-c2cnn3cc(-c4ccncc4)cnc23)c1,6.29,0.0,1
CHEMBL279,COc1cccc(-c2nn(C(C)C)c3ncnc(N)c23)c1,4.0,0.0,1
CHEMBL279,COc1cccc(-c2nn(C(C)C)c3ncnc(N)c23)c1OC,5.28,0.0,1
CHEMBL279,COc1cccc(-n2c(=O)c3cnc(Nc4ccc(N5CCN(C)CC5)cc4)nc3n3c4ccccc4nc23)c1,5.08,0.0,1
CHEMBL279,COc1cccc(-n2cc(NC(=O)c3ccc(NS(=O)(=O)c4ccccc4)cc3)cn2)c1,4.79,0.0,1
CHEMBL279,COc1cccc(-n2cc(NC(=O)c3cccc(NS(=O)(=O)c4ccc(Cl)cc4)c3)cn2)c1,5.22,0.0,1
CHEMBL279,COc1cccc(-n2cc(NC(=O)c3cccc(NS(=O)(=O)c4ccccc4)c3)cn2)c1,5.04,0.0,1
CHEMBL279,COc1cccc(/C(=C/C(N)=O)c2ccc(NC(=O)Nc3cc(C(F)(F)F)ccc3F)cc2)c1,6.03,0.0,1
CHEMBL279,COc1cccc(C(=O)CN2CCN(c3nnc(-c4ccccc4)c4ccccc34)CC2)c1,5.47,0.0,1
CHEMBL279,COc1cccc(C(=O)Nc2ccc(F)c(Nc3ncccc3-c3ncnc4[nH]cnc34)c2F)c1,6.07,0.0,1
CHEMBL279,COc1cccc(C(=O)Nc2cccc(C#Cc3cc(C(=O)N=S(=O)(CCCO)CCCO)cnc3N)c2)c1,8.3,0.0,1
CHEMBL279,COc1cccc(C(=O)Nc2cccc(Sc3ccc4c(NC(C)=O)n[nH]c4c3)c2)c1,7.99,0.0,1
CHEMBL279,COc1cccc(CNC(=O)CSc2nc3ccccc3c(=O)n2-c2ccc(S(N)(=O)=O)cc2)c1OC,6.615,0.007071067811865324,2
CHEMBL279,COc1cccc(N(C)c2ccnc(Nc3cc(N4CCOCC4)cc(N4CCOCC4)c3)n2)c1,7.0,0.0,1
CHEMBL279,COc1cccc(N(C)c2ccnc(Nc3cc(N4CCOCC4)cc(N4CCOCC4)c3)n2)n1,6.0,0.0,1
CHEMBL279,COc1cccc(N(CC2CC2)c2ccc3ncc(-c4cnn(C)c4)nc3c2)c1OC,6.97,0.0,1
CHEMBL279,COc1cccc(N(CCNC(C)C)c2ccc3ncc(-c4cnn(C)c4)nc3c2)c1,7.01,0.0,1
CHEMBL279,COc1cccc(N(CCO)c2ccc3ncc(-c4cnn(C)c4)nc3c2)c1,6.96,0.0,1
CHEMBL279,COc1cccc(N(Cc2cc(C)no2)c2ccc3ncc(-c4cnn(C)c4)nc3c2)c1,7.19,0.0,1
CHEMBL279,COc1cccc(N2CCN(CC(O)COc3ncnc4ccccc34)CC2)c1,8.54,0.0,1
CHEMBL279,COc1cccc(NC(=O)C2(C(=O)Nc3ccc(Oc4ccnc(Nc5cccc(CS(C)(=O)=O)c5)n4)c(F)c3)CC2)c1,8.25,0.0,1
CHEMBL279,COc1cccc(NC(=O)CN2CCN(c3nnc(-c4ccccc4)c4ccccc34)CC2)c1,5.81,0.0,1
CHEMBL279,COc1cccc(NC(=O)N2CCCc3cc(Nc4ncnc5cc(OC)c(OC)cc45)ccc32)c1,7.29,0.0,1
CHEMBL279,COc1cccc(NC(=O)NNC(=O)c2oc3ccccc3c2CN2CCOCC2)c1,7.34,0.0,1
CHEMBL279,COc1cccc(NC(=O)Nc2ccc(-c3c(C)sc4ncnc(N)c34)cc2)c1,7.46,0.0,1
CHEMBL279,COc1cccc(NC(=O)Nc2ccc(-c3cc4ccccc4n3C(N)=O)cc2)c1,7.96,0.0,1
CHEMBL279,COc1cccc(NC(=O)Nc2ccc(-c3cccc4c3CNC4=O)cc2)c1,6.24,0.0,1
CHEMBL279,COc1cccc(NC(=O)Nc2ccc(-c3cccc4onc(N)c34)cc2)c1,7.77,0.0,1
CHEMBL279,COc1cccc(NC(=O)Nc2ccc(-c3ccnc4[nH]nc(N)c34)cc2)c1,8.42,0.0,1
CHEMBL279,COc1cccc(NC(=O)Nc2ccc(C(=O)N/N=C3\C(=O)Nc4ccc(Br)cc43)cc2)c1,6.35,0.0,1
CHEMBL279,COc1cccc(NC(=O)Nc2ccc(C(=O)N/N=C3\C(=O)Nc4ccc(Cl)cc43)cc2)c1,6.34,0.0,1
CHEMBL279,COc1cccc(NC(=O)Nc2ccc(C(=O)N/N=C3\C(=O)Nc4ccc(OC)cc43)cc2)c1,6.57,0.0,1
CHEMBL279,COc1cccc(NC(=O)Nc2ccc(C3CN=C4c5ccccc5NC(=O)N4C3)cc2)c1,5.83,0.0,1
CHEMBL279,COc1cccc(NC(=O)Nc2ccc(Nc3ncnc4cc(OC)c(OC)cc34)cc2)c1,5.21,0.0,1
CHEMBL279,COc1cccc(NC(=O)Nc2ccc(Nc3ncnc4cc(OC)c5c(c34)OCCO5)cc2)c1,6.56,0.0,1
CHEMBL279,COc1cccc(NC(=O)Nc2ccc(Oc3ncnc4cc(OC)c(OC)cc34)cc2)c1,7.4,0.0,1
CHEMBL279,COc1cccc(NC(=O)Nc2ccc3c(c2)c2c4c(c5c(c2n3CC(C)C)CCc2nn(C)cc2-5)C(=O)NC4)c1,7.6,0.0,1
CHEMBL279,COc1cccc(NC(=O)Nc2cccc(-c3cccc4[nH]nc(N)c34)c2)c1,7.68,0.0,1
CHEMBL279,COc1cccc(NC(=O)c2cccc(C#Cc3cc(C(=O)N=S4(=O)CCOCC4)cnc3N)c2)c1,7.48,0.0,1
CHEMBL279,COc1cccc(NC(=O)c2cccc(N3CCc4nc(N)ncc4C3)c2)c1,6.99,0.0,1
CHEMBL279,COc1cccc(Nc2cncc(-c3cncc(NCCCO)c3)n2)c1,6.13,0.0,1
CHEMBL279,COc1cccc(Nc2nc(N)nc3c2-c2ccccc2C3)c1,4.37,0.0,1
CHEMBL279,COc1cccc(Nc2ncc(-c3ccccc3)s2)n1,8.52,0.0,1
CHEMBL279,COc1cccc(Nc2ncc(C#N)c(-c3ccccc3)n2)c1,6.42,0.0,1
CHEMBL279,COc1cccc(Nc2ncc3c(n2)-c2cccnc2SC3)c1,6.75,0.0,1
CHEMBL279,COc1cccc(Nc2ncc3c(n2)CCN(C(=O)c2cccnc2)C3)c1,6.35,0.0,1
CHEMBL279,COc1cccc(Nc2nccc(-n3ccnc3-c3ccccc3)n2)c1,7.7,0.0,1
CHEMBL279,COc1cccc(Nc2nccc(N(C)c3ccc4c(C)n(C)nc4c3)n2)c1,7.42,0.0,1
CHEMBL279,COc1cccc(Nc2nccc(N(C)c3ccc4cn(C)nc4c3)n2)c1,6.97,0.0,1
CHEMBL279,COc1cccc(Nc2nccc(Nc3ccc4[nH]ncc4c3)n2)c1,7.09,0.0,1
CHEMBL279,COc1cccc(Nc2nccc(Oc3ccc(NC(=O)C4(C(=O)Nc5ccc(F)cc5)CC4)cc3F)n2)c1,6.64,0.0,1
CHEMBL279,COc1cccc(Nc2ncnc3cc(OCCCN4CCOCC4)c(OC)cc23)c1,5.96,0.0,1
CHEMBL279,COc1cccc(Nc2nn(C)c3cc(Oc4ccnc5cc(OC)c(OC)cc45)ccc23)c1,6.64,0.0,1
CHEMBL279,COc1cccc(Nc2nnc(-c3c(NCc4ccncc4)ncn3C)o2)c1,6.89,0.0,1
CHEMBL279,COc1cccc(Nc2nnc(-c3cccnc3CCc3ccncc3)o2)c1,6.77,0.0,1
CHEMBL279,COc1cccc(Nc2nnc(Cc3ccncc3)c3ccccc23)c1,6.62,0.0,1
CHEMBL279,COc1cccc(OCc2cc(C)ccn2)c1-c1ccc2c(c1)CCNCC2,4.5,0.0,1
CHEMBL279,COc1cccc(Sc2sc3nc(N)nc(N)c3c2C)c1,4.25,0.0,1
CHEMBL279,COc1cccc2c1c(/C=C1\C(=O)NN=C1c1cnccn1)cn2C,7.58,0.0,1
CHEMBL279,COc1ccccc1-c1ccc2c(c1)NC(=O)/C2=C\c1[nH]c(C)c(CCC(=O)O)c1C,5.36,0.0,1
CHEMBL279,COc1ccccc1-c1ccc2c(c1)NC(=O)/C2=C\c1[nH]c2c(c1CCC(=O)O)CCCC2,7.22,0.0,1
CHEMBL279,COc1ccccc1-c1ccc2c(c1)NC(=O)/C2=C\c1[nH]cc(CCC(=O)O)c1C,5.83,0.0,1
CHEMBL279,COc1ccccc1-c1ccc2c(c1)NC(=O)/C2=C\c1cc2c([nH]1)CCCC2,4.7,0.0,1
CHEMBL279,COc1ccccc1C(=O)Nc1ccc(C)c(C(=O)Nc2cnc(Nc3ccc(N4CCN(C)CC4)cc3)nc2)c1,5.95,0.0,1
CHEMBL279,COc1ccccc1N(C(=O)Oc1c(C)cccc1C)c1ccnc(Nc2ccc(N3CCN(C)CC3)cc2)n1,6.72,0.0,1
CHEMBL279,COc1ccccc1NC(=O)Nc1ccc(-c2c(C)sc3ncnc(N)c23)cc1,6.96,0.0,1
CHEMBL279,COc1ccccc1NC(=O)Nc1ccc(-c2csc3c(-c4cnn(C)c4)cnc(N)c23)cc1,8.22,0.0,1
CHEMBL279,COc1ccccc1NC(=O)Nc1ccc(Oc2ccnc3cc(OC)c(OC)cc23)cc1,9.7,0.0,1
CHEMBL279,COc1ccccc1NC(=O)Nc1ccc2c(c1)c1c3c(c4c(c1n2CC(C)C)CCc1nn(C)cc1-4)C(=O)NC3,7.39,0.0,1
CHEMBL279,COc1ccccc1NC(=O)c1ccc(CSc2nnc3c(n2)[nH]c2ccccc23)cc1,8.8,0.0,1
CHEMBL279,COc1ccccc1Nc1cccc2cc(Oc3ccnc4cc(OC)c(OC)cc34)ccc12,9.0,0.0,1
CHEMBL279,COc1ccccc1Nc1ncc(-c2ccccc2)o1,6.42,0.0,1
CHEMBL279,COc1ccccc1Nc1ncc2c(n1)CCN(C(=O)c1cccnc1)C2,8.0,0.0,1
CHEMBL279,COc1ccccc1Nc1nccc(-n2ccnc2-c2ccccc2)n1,6.54,0.0,1
CHEMBL279,COc1ccccc1Oc1ccc(-c2cn(C3CCCC3)c3ncnc(N)c23)cc1,6.3,0.0,1
CHEMBL279,COc1ccccc1Sc1sc2nc(N)nc(N)c2c1C,4.25,0.0,1
CHEMBL279,COc1cccnc1C#CCN(c1ccc2ncc(-c3cnn(C)c3)nc2c1)c1c(Cl)c(OC)cc(OC)c1Cl,7.11,0.0,1
CHEMBL279,COc1cccnc1C#CCN(c1ccc2ncc(-c3cnn(C)c3)nc2c1)c1c(F)c(OC)cc(OC)c1F,7.64,0.0,1
CHEMBL279,COc1cccnc1Nc1ncc(-c2ccccc2)s1,7.34,0.0,1
CHEMBL279,COc1ccnc(-c2ccn3c(-c4cccc(NC(=O)NCC(F)(F)F)c4)cnc3c2)n1,6.34,0.0,1
CHEMBL279,COc1ccnc(C#CCN(c2ccc3ncc(-c4cnn(C)c4)nc3c2)c2c(Cl)c(OC)cc(OC)c2Cl)n1,6.86,0.0,1
CHEMBL279,COc1ccnc(C#CCN(c2ccc3ncc(-c4cnn(C)c4)nc3c2)c2c(F)c(OC)cc(OC)c2F)n1,7.58,0.0,1
CHEMBL279,COc1ccnc(Nc2ncc(-c3ccccc3)s2)c1,7.96,0.0,1
CHEMBL279,COc1cnc(-c2ccn3c(-c4cccc(NC(=O)NCC(F)(F)F)c4)cnc3c2)cn1,6.72,0.0,1
CHEMBL279,COc1cnc(-c2ccn3c(-c4cccc(NC(=O)NCC(F)(F)F)c4)cnc3c2)nc1,6.58,0.0,1
CHEMBL279,COc1cnc(-c2ccn3c(-c4cccc(NC(=O)NCC(F)(F)F)c4)cnc3c2)nc1N,6.45,0.0,1
CHEMBL279,COc1cnc(Cl)c(Nc2ncnc3cc(OCCCN4CCOCC4)cc(OC(C)C)c23)c1,7.52,0.0,1
CHEMBL279,COc1cnc(Cl)c(Nc2ncnc3cc(OCCCN4CCOCC4)cc(OC4CCOCC4)c23)c1,7.52,0.0,1
CHEMBL279,COc1cnc(Cl)c(Nc2ncnc3cc(OCCN4CCN(C(C)=O)CC4)cc(OC(C)C)c23)n1,5.55,0.0,1
CHEMBL279,COc1cnc(Cl)nc1-c1ccn2c(-c3cccc(NC(=O)NCC(F)(F)F)c3)cnc2c1,6.01,0.0,1
CHEMBL279,COc1cnc(Nc2cnn(C)c2)nc1N[C@H]1[C@@H](C(N)=O)[C@@H]2C=C[C@H]1C2,6.04,0.0,1
CHEMBL279,COc1cncc(-c2ccn3c(-c4cccc(NC(=O)NCC(F)(F)F)c4)cnc3c2)n1,6.63,0.0,1
CHEMBL279,COc1cncc(/C=C/c2c[nH]nc2-c2nc3ccc(OC)cc3[nH]2)c1,6.19,0.0,1
CHEMBL279,COc1cncc(C#Cc2cc(C(=O)Nc3ccc(CN4CCN(C)CC4)c(C(F)(F)F)c3)ccc2C)c1,6.96,0.0,1
CHEMBL279,COc1cncc(N(C)c2ccnc(Nc3cc(N4CCOCC4)cc(N4CCOCC4)c3)n2)c1,6.37,0.0,1
CHEMBL279,COc1cncnc1-c1ccn2c(-c3cccc(NC(=O)NCC(F)(F)F)c3)cnc2c1,6.34,0.0,1
CHEMBL279,COc1nc(F)ccc1CNc1ccc(Cc2c[nH]c3ncc(C)cc23)c(F)n1,5.96,0.0,1
CHEMBL279,COc1nc(NCCN2CCOCC2)ncc1C(=O)Nc1cc(C(=O)Nc2cccc(C(F)(F)F)c2)ccc1C,5.69,0.0,1
CHEMBL279,COc1nc(Nc2ccc(-c3nc4ccccc4s3)c(OC)c2)c2cc[nH]c2n1,6.02,0.0,1
CHEMBL279,COc1nc(Nc2ccc(-c3nc4ccccc4s3)cc2)c2cc[nH]c2n1,5.0,0.0,1
CHEMBL279,COc1nc(Nc2ccc(N3CCN(C)CC3)cc2)ncc1C(=O)Nc1cc(C(=O)Nc2cccc(C(F)(F)F)c2F)ccc1C,6.59,0.0,1
CHEMBL279,COc1nc(Nc2ccc3ncsc3c2)nc(NC(C)(C)c2ccccc2)n1,5.21,0.0,1
CHEMBL279,COc1ncc(-c2ccn3c(-c4cccc(NC(=O)NCC(F)(F)F)c4)cnc3c2)cc1C,6.75,0.0,1
CHEMBL279,COc1ncc(Cl)c(Nc2ncnc3cc(OCCN4CCN(C(C)=O)CC4)cc(OC(C)C)c23)n1,4.82,0.0,1
CHEMBL279,COc1ncc(F)cc1CNc1ccc(Cc2c[nH]c3ncc(C)cc23)c(F)n1,5.96,0.0,1
CHEMBL279,COc1nccc(-c2ccn3c(-c4cccc(NC(=O)NCC(F)(F)F)c4)cnc3c2)n1,6.46,0.0,1
CHEMBL279,COc1ncccc1-c1ccn2c(-c3cccc(NC(=O)NCC(F)(F)F)c3)cnc2c1,6.24,0.0,1
CHEMBL279,COc1ncnc2c1ncn2CC(=O)c1ccccc1,4.6,0.0,1
CHEMBL279,CS(=N)(=O)c1ccc(Nc2ncc(Br)c(Nc3ccccc3)n2)cc1,7.21,0.0,1
CHEMBL279,CS(=O)(=O)C1CCN(Cc2ccnc(Nc3ncc(C#N)s3)c2)CC1,8.15,0.0,1
CHEMBL279,CS(=O)(=O)CCNCc1ccc(-c2cc3nccc(Oc4ccc(NC(=O)c5cnn(-c6ccccc6)c5C(F)(F)F)cc4F)c3s2)cc1,5.96,0.0,1
CHEMBL279,CS(=O)(=O)CCn1cc(-c2cnc(N)c3c(-c4ccc(NC(=O)Nc5cccc(F)c5)cc4)csc23)cn1,9.0,0.0,1
CHEMBL279,CS(=O)(=O)Cc1ccc(Nc2nccc(Oc3ccc(NC(=O)C4(C(=O)Nc5ccc(F)cc5)CC4)cc3F)n2)cc1,7.28,0.0,1
CHEMBL279,CS(=O)(=O)Cc1cccc(Nc2cc(Oc3ccc(NC(=O)C4(C(=O)Nc5ccc(F)cc5)CC4)cc3F)ccn2)c1,7.8,0.0,1
CHEMBL279,CS(=O)(=O)Cc1cccc(Nc2cc(Oc3ccc(NC(=O)C4(C(=O)Nc5ccc(F)cc5)CC4)cc3F)ncn2)c1,7.26,0.0,1
CHEMBL279,CS(=O)(=O)Cc1cccc(Nc2n[nH]c3cc(-c4cnn(CC(=O)Nc5ccc(Cl)c(C(F)(F)F)c5)c4)ccc23)c1,6.84,0.0,1
CHEMBL279,CS(=O)(=O)Cc1cccc(Nc2nccc(Oc3ccc(NC(=O)C4(C(=O)Nc5ccc(Br)cc5)CC4)cc3)n2)c1,7.21,0.0,1
CHEMBL279,CS(=O)(=O)Cc1cccc(Nc2nccc(Oc3ccc(NC(=O)C4(C(=O)Nc5ccc(Br)cc5)CC4)cc3F)n2)c1,7.33,0.0,1
CHEMBL279,CS(=O)(=O)Cc1cccc(Nc2nccc(Oc3ccc(NC(=O)C4(C(=O)Nc5ccc(C#N)c(C(F)(F)F)c5)CC4)cc3F)n2)c1,7.35,0.0,1
CHEMBL279,CS(=O)(=O)Cc1cccc(Nc2nccc(Oc3ccc(NC(=O)C4(C(=O)Nc5ccc(C(F)(F)F)cc5)CC4)cc3)n2)c1,6.66,0.0,1
CHEMBL279,CS(=O)(=O)Cc1cccc(Nc2nccc(Oc3ccc(NC(=O)C4(C(=O)Nc5ccc(Cl)c(C(F)(F)F)c5)CC4)cc3F)n2)c1,7.08,0.0,1
CHEMBL279,CS(=O)(=O)Cc1cccc(Nc2nccc(Oc3ccc(NC(=O)C4(C(=O)Nc5ccc(Cl)cc5)CC4)cc3)n2)c1,7.52,0.0,1
CHEMBL279,CS(=O)(=O)Cc1cccc(Nc2nccc(Oc3ccc(NC(=O)C4(C(=O)Nc5ccc(F)cc5)CC4)c(F)c3)n2)c1,8.4,0.0,1
CHEMBL279,CS(=O)(=O)Cc1cccc(Nc2nccc(Oc3ccc(NC(=O)C4(C(=O)Nc5ccc(F)cc5)CC4)cc3)n2)c1,7.85,0.0,1
CHEMBL279,CS(=O)(=O)Cc1cccc(Nc2nccc(Oc3ccc(NC(=O)C4(C(=O)Nc5ccc(F)cc5)CC4)cc3F)n2)c1,8.22,0.0,1
CHEMBL279,CS(=O)(=O)Cc1cccc(Nc2nccc(Oc3ccc(NC(=O)C4(C(=O)Nc5cccc(C(F)(F)F)c5)CC4)cc3F)n2)c1,7.32,0.0,1
CHEMBL279,CS(=O)(=O)Cc1cccc(Nc2nccc(Oc3ccc(NC(=O)C4(C(=O)Nc5cccc(Cl)c5)CC4)cc3F)n2)c1,8.01,0.0,1
CHEMBL279,CS(=O)(=O)Cc1cccc(Nc2nccc(Oc3ccc(NC(=O)C4(C(=O)Nc5cccc(F)c5)CC4)cc3F)n2)c1,7.37,0.0,1
CHEMBL279,CS(=O)(=O)Cc1cccc(Nc2nccc(Oc3ccc(NC(=O)C4(C(=O)Nc5ccccc5)CC4)cc3)n2)c1,7.8,0.0,1
CHEMBL279,CS(=O)(=O)Cc1cccc(Nc2nccc(Oc3ccc(NC(=O)C4(C(=O)Nc5ccccc5)CC4)cc3F)n2)c1,7.9,0.0,1
CHEMBL279,CS(=O)(=O)N1CCC(/N=C/C(C=N)c2ccn3c(-c4cccc(NC(=O)NCC(F)(F)F)c4)cnc3c2)CC1,7.89,0.0,1
CHEMBL279,CS(=O)(=O)N1CCC(c2ccc(-c3cc4nccnc4c(NC[C@@H]4CNCCO4)n3)cc2)CC1,6.41,0.0,1
CHEMBL279,CS(=O)(=O)N1CCC(c2ccc(-c3cc4nccnc4c(NC[C@@H]4CNCCO4)n3)cc2F)CC1,6.18,0.0,1
CHEMBL279,CS(=O)(=O)N1CCC(n2nc(-c3[nH]c4cc(C(=O)NC5CC5)ccc4c3Cl)c3c(N)ncnc32)CC1,6.19,0.0,1
CHEMBL279,CS(=O)(=O)N1CCC(n2nc(-c3[nH]c4ncccc4c3Cl)c3c(N)ncnc32)CC1,5.06,0.0,1
CHEMBL279,CS(=O)(=O)N1CCC(n2nc(-c3cc4cccnc4[nH]3)c3c(N)ncnc32)CC1,5.02,0.0,1
CHEMBL279,CS(=O)(=O)N1CCN(Cc2ccnc(Nc3ncc(-c4ccccc4)s3)c2)CC1,8.7,0.0,1
CHEMBL279,CS(=O)(=O)N1CCN(c2ccc(-c3cc4nccnc4c(NC[C@@H]4CNCCO4)n3)cc2)CC1,6.9,0.0,1
CHEMBL279,CS(=O)(=O)N1CCN(c2ccc(-c3cc4nccnc4c(NC[C@@H]4CNCCO4)n3)cc2F)CC1,6.55,0.0,1
CHEMBL279,CS(=O)(=O)Nc1cc(NC(=O)Nc2ccc(Oc3ccnc(NC(=O)C4CC4)c3)c(F)c2)cc(C(F)(F)F)c1,8.26,0.0,1
CHEMBL279,CS(=O)(=O)Nc1cccc(-c2oc3ncnc(N)c3c2-c2ccc(-c3ccccc3)cc2)c1,7.44,0.0,1
CHEMBL279,CS(=O)(=O)Nc1nc(-c2ccn3c(-c4cccc(NC(=O)NCC(F)(F)F)c4)cnc3c2)ncc1F,5.68,0.0,1
CHEMBL279,CS(=O)(=O)c1cc(NC(=O)Nc2ccc(Oc3ccnc(NC(=O)C4CC4)c3)c(F)c2)cc(C(F)(F)F)c1,7.87,0.0,1
CHEMBL279,CS(=O)(=O)c1cc(NC(=O)Nc2ccc(Oc3ccnc(NC(=O)C4CC4)c3)cc2)cc(C(F)(F)F)c1,8.12,0.0,1
CHEMBL279,CS(=O)(=O)c1cc(NC(=O)Nc2ccc(Oc3ccnc(NC(=O)C4CC4)c3)cn2)cc(C(F)(F)F)c1,8.18,0.0,1
CHEMBL279,CS(=O)(=O)c1cc(NC(=O)Nc2ccc(Oc3ccnc(NC(=O)C4CC4)c3)nc2)cc(C(F)(F)F)c1,8.34,0.0,1
CHEMBL279,CS(=O)(=O)c1ccc(-c2cc(-c3c(-c4ccc(F)cn4)nc4n3[C@H]3CC[C@@H]4C3)ccn2)cc1,5.01,0.0,1
CHEMBL279,CS(=O)(=O)c1ccc(-c2nnc(-c3cccnc3NCC3COCCO3)[nH]2)cc1,5.35,0.0,1
CHEMBL279,CS(=O)(=O)c1ccc(CNCc2cc(C(=O)O)c(Nc3ccc(I)cc3F)c(F)c2F)cc1,4.75,0.0,1
CHEMBL279,CS(=O)(=O)c1ccc(Nc2ncc(C(F)(F)F)c(OC3CCCCC3)n2)cc1,6.05,0.0,1
CHEMBL279,CS(=O)(=O)c1ccc2nccc(Nc3ccc4scnc4c3)c2c1,5.62,0.0,1
CHEMBL279,CS(C)(=O)=NC(=O)c1cnc(N)c(-c2cc3cc(NC(=O)Nc4cc(C(F)(F)F)ccc4F)ccc3s2)c1,7.8950000000000005,0.45961940777125615,2
CHEMBL279,CS(C)(=O)=NC(=O)c1cnc(N)c(-c2cc3cc(NC(=O)Nc4ccc(Cl)c(C(F)(F)F)c4)ccc3s2)c1,7.95,0.3818376618407363,2
CHEMBL279,CS(C)(=O)=NC(=O)c1cnc(N)c(-c2cc3cc(NC(=O)Nc4ccc(F)c(Cl)c4)ccc3s2)c1,8.145,0.5303300858899106,2
CHEMBL279,CS(C)(=O)=NC(=O)c1cnc(N)c(-c2cc3cc(NC(=O)Nc4ccccc4)ccc3s2)c1,7.26,0.16970562748477155,2
CHEMBL279,CS(C)(=O)=NC(=O)c1cnc(N)c(-c2cc3cc(NC(=O)c4cc(C(F)(F)F)ccc4F)ccc3s2)c1,6.82,0.09899494936611673,2
CHEMBL279,CS(C)(=O)=NC(=O)c1cnc(N)c(-c2cc3cc(NC(=O)c4ccc(Cl)c(C(F)(F)F)c4)ccc3s2)c1,7.470000000000001,0.042426406871192264,2
CHEMBL279,CS(C)(=O)=NC(=O)c1cnc(N)c(-c2cc3cc(NC(=O)c4ccccc4)ccc3s2)c1,7.29,0.0,1
CHEMBL279,CS(C)(=O)=NC(=O)c1cnc(N)c(C#Cc2cccc(NC(=O)c3ccc(Cl)cc3)c2)c1,8.7,0.0,1
CHEMBL279,CS(C)(=O)=NC(=O)c1cncc(-c2cc3cc(NC(=O)Nc4cc(C(F)(F)F)ccc4F)ccc3s2)c1,8.15,0.0,1
CHEMBL279,CS(C)(=O)=NC(=O)c1cncc(-c2cc3cc(NC(=O)Nc4ccc(Cl)c(C(F)(F)F)c4)ccc3s2)c1,7.85,0.0,1
CHEMBL279,CS(C)(=O)=NC(=O)c1cncc(C#Cc2cccc(NC(=O)Nc3ccccc3F)c2)c1,8.1,0.0,1
CHEMBL279,CSCCCNC(=O)c1ccc2c(c1)/C(=C/c1[nH]c(C)cc1C)C(=O)N2,7.42,0.0,1
CHEMBL279,CSCCOc1cc2ncnc(Oc3ccc(NC(=O)NC4CC4)c(Cl)c3)c2c2c1OCCO2,5.56,0.0,1
CHEMBL279,CSc1ccc(CCCCCn2cc(CCN)c3cc(OCCc4ccc(O)cc4)ccc32)cc1,5.91,0.0,1
CHEMBL279,CSc1ccc(Nc2nccc(N(C)c3ccc4c(C)n(C)nc4c3)n2)cc1,7.29,0.0,1
CHEMBL279,CSc1cccc(NC(=O)Nc2ccc(C3CN=C4c5ccccc5NC(=O)N4C3)cc2)c1,5.75,0.0,1
CHEMBL279,CSc1cn2c(-c3cn[nH]c3)cnc2c(Nc2cc(C)ns2)n1,7.44,0.0,1
CHEMBL279,CSc1nc(N)cc(-c2ccn3c(-c4cccc(NC(=O)NCC(F)(F)F)c4)cnc3c2)n1,7.23,0.0,1
CHEMBL279,CSc1nc2nnnc(Cl)c2s1,4.32,0.028284271247461613,2
CHEMBL279,CSc1ncc2c(n1)CCN(c1cc(C(=O)Nc3cccc(C(C)C)c3)ccc1C)C2,7.51,0.0,1
CHEMBL279,CSc1ncc2c(n1)CCN(c1cc(C(=O)Nc3cccc(C(F)(F)F)c3)ccc1C)C2,7.625,0.6717514421272196,2
CHEMBL279,CSc1ncc2c(n1)CCN(c1cccc(C(=O)Nc3cccc(C(F)(F)F)c3)c1)C2,6.12,0.0,1
CHEMBL279,CSc1nnc(-c2cn3ncnc(Nc4cnc5[nH]c(C)cc5c4)c3c2C(C)C)o1,6.82,0.0,1
CHEMBL279,C[C@@H](CN)n1nc(-c2ccc(Cl)c(O)c2)c2c(N)ncnc21,5.94,0.0,1
CHEMBL279,C[C@@H](CN)n1nc(-c2ccc(F)c(O)c2)c2c(N)ncnc21,5.55,0.0,1
CHEMBL279,C[C@@H](Nc1nc(Nc2ccc(S(=N)(=O)C3CC3)cc2)ncc1Br)C(C)(C)O,7.54,0.0,1
CHEMBL279,C[C@@H](Nc1nc(Nc2ccc(S(=N)(=O)C3CCCC3)cc2)ncc1Br)C(C)(C)O,7.08,0.0,1
CHEMBL279,C[C@@H](Nc1nc(Nc2ccc(S(=N)(=O)CC3CC3)cc2)ncc1Br)C(C)(C)O,7.31,0.0,1
CHEMBL279,C[C@@H](Nc1nc(Nc2ccc(S(=N)(=O)CCO)cc2)ncc1Br)C(C)(C)O,7.16,0.0,1
CHEMBL279,C[C@@H](Nc1nc(Nc2ccc(S(=O)(=NS(=O)(=O)CC[Si](C)(C)C)C3CCCC3)cc2)ncc1Br)C(C)(C)O,6.04,0.0,1
CHEMBL279,C[C@@H](Nc1nc(Nc2ccc(S(=O)(CC=O)=NS(=O)(=O)CC[Si](C)(C)C)cc2)ncc1Br)C(C)(C)O,6.8,0.0,1
CHEMBL279,C[C@@H](Nc1nc(Nc2ccc(S(C)(=N)=O)cc2)ncc1Br)C(C)(C)O,6.85,0.0,1
CHEMBL279,C[C@@H](Nc1ncnc2c1cnn2CCc1ccccc1)c1ccccc1,4.28,0.0,1
CHEMBL279,C[C@@H](O)CNc1cc(Oc2ccc(NC(=O)Nc3cccc(C(F)(F)F)c3)cc2)ncn1,6.7,0.0,1
CHEMBL279,C[C@@H](O)Cn1cc(-c2cnc(N)c3c(-c4ccc(NC(=O)Nc5cccc(F)c5)cc4)csc23)cn1,8.52,0.0,1
CHEMBL279,C[C@@H](O)[C@@H](C)Nc1nc(Nc2ccc(S(C)(=N)=O)cc2)ncc1Br,7.32,0.0,1
CHEMBL279,C[C@@H](O)[C@@H](C)Nc1nc(Nc2ccc([S+](N)[O-])cc2)ncc1Br,7.23,0.0,1
CHEMBL279,C[C@@H](O)[C@@H](C)Oc1nc(Nc2ccc(S(=N)(=O)C3CC3)cc2)ncc1C(F)(F)F,6.79,0.0,1
CHEMBL279,C[C@@H](O)[C@@H](C)Oc1nc(Nc2ccc(S(=O)(=O)C(F)F)cc2)ncc1C(F)(F)F,6.37,0.0,1
CHEMBL279,C[C@@H](O)[C@@H](C)Oc1nc(Nc2ccc(S(=O)(=O)C3CC3)cc2)ncc1C(F)(F)F,6.9350000000000005,0.502045814642449,2
CHEMBL279,C[C@@H](O)[C@@H](C)Oc1nc(Nc2ccc(S(=O)(=O)C3CCCC3)cc2)ncc1C(F)(F)F,6.64,0.0,1
CHEMBL279,C[C@@H](O)[C@@H](C)Oc1nc(Nc2ccc(S(=O)(=O)CCO)cc2)ncc1C(F)(F)F,6.77,0.0,1
CHEMBL279,C[C@@H](O)[C@@H](C)Oc1nc(Nc2ccc(S(=O)(=O)c3ccccc3)cc2)ncc1C(F)(F)F,6.46,0.0,1
CHEMBL279,C[C@@H](O)[C@@H](C)Oc1nc(Nc2ccc(S(C)(=O)=O)cc2)ncc1C(F)(F)F,6.68,0.5091168824543137,2
CHEMBL279,C[C@@H](O)[C@@H](C)Oc1nc(Nc2ccc([S+](N)[O-])cc2)ncc1Br,6.91,0.0,1
CHEMBL279,C[C@@H](Oc1c(N)ncc2c(C3=CCN(C(N)=O)CC3)coc12)c1c(Cl)ccc(F)c1Cl,5.55,0.4808326112068521,2
CHEMBL279,C[C@@H](Oc1cc(-n2cnc3ccc(OC4CCN(C)CC4)cc32)sc1C(N)=O)c1ccccc1C(F)(F)F,6.1,0.0,1
CHEMBL279,C[C@@H](Oc1cc(-n2cnc3ccc(OC4CCN(C)CC4)cc32)sc1C(N)=O)c1ccccc1Cl,5.92,0.0,1
CHEMBL279,C[C@@H](Oc1ccc2[nH]nc(-c3ccc(N4CC5(C4)CN(S(C)(=O)=O)C5)nc3)c2c1)c1c(Cl)cncc1Cl,6.49,0.0,1
CHEMBL279,C[C@@H](Oc1ccc2[nH]nc(-c3nc4cc(N5CCN(C)CC5)ccc4[nH]3)c2c1)c1c(Cl)cncc1Cl,8.12,0.0,1
CHEMBL279,C[C@@H](Oc1ccc2[nH]nc(/C=C/c3cnn(CCO)c3)c2c1)c1c(Cl)cncc1Cl,8.195,0.06363961030678918,2
CHEMBL279,C[C@@H](Oc1ccc2ncc(/C=C/C(N)=O)cc2c1)c1c(Cl)ccc(F)c1Cl,4.96,0.0,1
CHEMBL279,C[C@@H](Oc1ccc2ncccc2c1)c1c(Cl)ccc(F)c1Cl,4.64,0.0,1
CHEMBL279,C[C@@H](Oc1nc(Nc2ccc(S(=O)(=O)C3CC3)cc2)ncc1C(F)(F)F)C(C)(C)O,6.75,0.0,1
CHEMBL279,C[C@@H](Oc1nc(Nc2ccc(S(C)(=O)=O)cc2)ncc1C(F)(F)F)C(C)(C)O,6.515,0.28991378028648457,2
CHEMBL279,C[C@@H](c1cc2cccnc2cc1F)n1cnc2ncc(-c3cnn(C)c3)nc21,4.69,0.0,1
CHEMBL279,C[C@@H]1CCC(N2CC[C@]3(CN(C(=O)c4cc5ccc(F)cc5[nH]4)c4ccccc43)C2)CN1,4.66,0.0,1
CHEMBL279,C[C@@H]1Cc2c(ncnc2Oc2ccc3c(ccn3C(=O)Nc3cc(C4(C)CC4)[nH]n3)c2)CN1,8.1,0.0,1
CHEMBL279,C[C@@H]1Cc2c(ncnc2Oc2ccc3c(ccn3C(=O)Nc3cccc(C(F)(F)F)c3)c2)CN1,7.64,0.0,1
CHEMBL279,C[C@@H]1NCc2ncnc(Oc3ccc4c(ccn4C(=O)Nc4cc(C(C)(C)C)on4)c3)c21,7.66,0.0,1
CHEMBL279,C[C@@H]1NCc2ncnc(Oc3ccc4c(ccn4C(=O)Nc4cccc(C(F)(F)F)c4)c3)c21,7.8,0.0,1
CHEMBL279,C[C@@H]1Oc2ccc(-c3csc(NC(=O)c4cccc(Cl)c4)n3)cc2NC1=O,8.47,0.0,1
CHEMBL279,C[C@@H]1[C@@H]2CN(c3nc(Nc4cnn(C)c4)ncc3F)C[C@]12NC(=O)[C@@H]1CC1(F)F,6.55,0.0,1
CHEMBL279,C[C@@]1(O)C[C@H]2O[C@]1(C)n1c3ccccc3c3c4c(c5c6ccccc6n2c5c31)C(=O)NC4,7.12,0.0,1
CHEMBL279,C[C@H](CN)n1nc(-c2ccc(Cl)c(O)c2)c2c(N)ncnc21,6.26,0.0,1
CHEMBL279,C[C@H](CN)n1nc(-c2ccc(F)c(O)c2)c2c(N)ncnc21,5.72,0.0,1
CHEMBL279,C[C@H](CO)Nc1nc(Nc2ccc(S(=O)(CC3CC3)=NS(=O)(=O)CC[Si](C)(C)C)cc2)ncc1Br,6.62,0.0,1
CHEMBL279,C[C@H](CO)Nc1nc(Nc2ccc(S(C)(=O)=NS(=O)(=O)CC[Si](C)(C)C)cc2)ncc1Br,7.13,0.0,1
CHEMBL279,C[C@H](CO)Nc1nc(Nc2ccc(S(N)(=O)=O)cc2)ncc1Br,7.47,0.0,1
CHEMBL279,C[C@H](CO)Nc1nc(Nc2ccc([S+](N)[O-])cc2)ncc1Br,7.47,0.0,1
CHEMBL279,C[C@H](Nc1cc(-c2sc(C3CCN(C)CC3)nc2-c2ccc(F)cc2)ccn1)c1ccccc1,5.77,0.0,1
CHEMBL279,C[C@H](Nc1nc(Nc2ccc(S(=N)(=O)CCO)cc2)ncc1Br)C(C)(C)O,7.23,0.0,1
CHEMBL279,C[C@H](Nc1nc(Nc2ccc(S(C)(=N)=O)cc2)ncc1Br)C(C)(C)O,7.19,0.0,1
CHEMBL279,C[C@H](Nc1nc(Nc2cn(C)cn2)c2cc[nH]c2n1)c1ncc(F)cn1,7.66,0.0,1
CHEMBL279,C[C@H](O)CNc1cc(Oc2ccc(NC(=O)Nc3cccc(C(F)(F)F)c3)cc2)ncn1,6.5,0.0,1
CHEMBL279,C[C@H](O)[C@@H](C)Nc1nc(Nc2ccc(S(=O)(CC=O)=NS(=O)(=O)CC[Si](C)(C)C)cc2)ncc1Br,6.89,0.0,1
CHEMBL279,C[C@H](O)[C@@H](C)Oc1nc(Nc2ccc(S(=O)(CCO)=NS(=O)(=O)CC[Si](C)(C)C)cc2)ncc1Br,6.09,0.0,1
CHEMBL279,C[C@H](O)[C@@H](C)Oc1nc(Nc2ccc(S(C)(=N)=O)cc2)ncc1Br,6.47,0.0,1
CHEMBL279,C[C@H]1Cc2c(ncnc2Oc2ccc3c(ccn3C(=O)Nc3cc(C(C)(C)C)on3)c2)CN1,7.52,0.0,1
CHEMBL279,C[C@H]1Cc2c(ncnc2Oc2ccc3c(ccn3C(=O)Nc3cc(C4(C(F)(F)F)CC4)on3)c2)CN1,7.4,0.0,1
CHEMBL279,C[C@H]1Cc2c(ncnc2Oc2ccc3c(ccn3C(=O)Nc3cc(C4(C)CC4)[nH]n3)c2)CN1,8.1,0.0,1
CHEMBL279,C[C@H]1Cc2c(ncnc2Oc2ccc3c(ccn3C(=O)Nc3cccc(C(F)(F)F)c3)c2)CN1,7.62,0.0,1
CHEMBL279,C[C@H]1Cc2c(ncnc2Oc2ccc3ccn(C(=O)Nc4cc(C5(C(F)(F)F)CC5)on4)c3c2)CN1,6.8,0.0,1
CHEMBL279,C[C@H]1NCc2ncnc(Oc3ccc4c(ccn4C(=O)Nc4cccc(C(F)(F)F)c4)c3)c21,7.77,0.0,1
CHEMBL279,C[C@]1(O)C[C@H]2O[C@]1(C)n1c3ccccc3c3c4c(c5c6ccccc6n2c5c31)C(=O)NC4,7.96,0.0,1
CHEMBL279,C[C@]12O[C@H](C[C@@]1(O)C(N)=O)n1c3ccccc3c3c4c(c5c6ccccc6n2c5c31)CNC4=O,7.05,0.0,1
CHEMBL279,Cc1[nH]c(-c2ccccc2)c(-c2ccccc2)c1-c1ccc(NC(=O)c2ccccc2)c(=O)o1,5.61,0.0,1
CHEMBL279,Cc1[nH]c(-c2ccccc2)c(-c2ccccc2)c1-c1nnc(C)c2nn(-c3ccc(Cl)cc3)cc12,5.62,0.0,1
CHEMBL279,Cc1[nH]c(-c2ccccc2)c(-c2ccccc2)c1-c1nnc(C)c2nn(-c3ccccc3)cc12,5.46,0.0,1
CHEMBL279,Cc1[nH]c(-c2ccccc2)c(-c2ccccc2)c1C(=O)c1cn(-c2ccc(Cl)cc2)nc1C(=O)Nc1ccccc1,5.46,0.0,1
CHEMBL279,Cc1[nH]c(-c2ccccc2)c(-c2ccccc2)c1C(=O)c1cn(-c2ccccc2)nc1-c1ccccc1,5.63,0.0,1
CHEMBL279,Cc1[nH]c(-c2ccccc2)c(-c2ccccc2)c1C(=O)c1cn(-c2ccccc2)nc1C(=O)Nc1ccccc1,5.46,0.0,1
CHEMBL279,Cc1[nH]c(/C=C2\C(=O)Nc3cc(-c4ccccc4)ccc32)c(C)c1CCC(=O)O,6.85,0.0,1
CHEMBL279,Cc1[nH]c(/C=C2\C(=O)Nc3cc(NC(=O)Nc4ccc(Cl)cc4)ccc32)c(C)c1C(=O)O,8.1,0.0,1
CHEMBL279,Cc1[nH]c(/C=C2\C(=O)Nc3cc(NC(=O)Nc4ccccc4)ccc32)c(C)c1C(=O)O,8.12,0.0,1
CHEMBL279,Cc1[nH]c(/C=C2\C(=O)Nc3cc(NC(=O)Nc4ccccc4)ccc32)c(C)c1CC(=O)O,9.05,0.0,1
CHEMBL279,Cc1[nH]c(/C=C2\C(=O)Nc3ccc(Br)cc32)c(C)c1CCC(=O)O,5.76,0.0,1
CHEMBL279,Cc1[nH]c(/C=C2\C(=O)Nc3ccc(C(=O)NNc4ccccc4)cc32)c(C)c1CCC(=O)O,7.16,0.0,1
CHEMBL279,Cc1[nH]c(/C=C2\C(=O)Nc3ccc(C(=O)O)cc32)c(C)c1CCC(=O)O,7.16,0.0,1
CHEMBL279,Cc1[nH]c(/C=C2\C(=O)Nc3ccc(F)cc32)c(C)c1C(=O)N1CCOCCOCCOCC1,8.6,0.0,1
CHEMBL279,Cc1[nH]c(/C=C2\C(=O)Nc3ccc(F)cc32)c(C)c1C(=O)NCC1CCN(C)CC1,7.6,0.0,1
CHEMBL279,Cc1[nH]c(/C=C2\C(=O)Nc3ccc(F)cc32)c(C)c1C(=O)NCCN(C)C,7.1,0.0,1
CHEMBL279,Cc1[nH]c(/C=C2\C(=O)Nc3ccc(F)cc32)c(C)c1C(=O)NCCN1CCCC1,7.22,0.0,1
CHEMBL279,Cc1[nH]c(/C=C2\C(=O)Nc3ccc(F)cc32)c(C)c1C(=O)NCCN1CCOCC1,7.05,0.0,1
CHEMBL279,Cc1[nH]c(/C=C2\C(=O)Nc3ccc(F)cc32)c(C)c1C(=O)NCCn1cncn1,7.07,0.0,1
CHEMBL279,Cc1[nH]c(/C=C2\C(=O)Nc3ccc(S(=O)(=O)Cc4c(Cl)cccc4Cl)cc32)c(C)c1C(=O)N1CCC[C@@H]1CN1CCCC1,6.38,0.4525483399593908,2
CHEMBL279,Cc1[nH]c(/C=C2\C(=O)Nc3ccc(S(N)(=O)=O)cc32)c(C)c1CCC(=O)O,5.9,0.0,1
CHEMBL279,Cc1[nH]c(/C=C2\C(=O)Nc3ccccc32)c(C)c1Br,6.5,0.0,1
CHEMBL279,Cc1[nH]c(/C=C2\C(=O)Nc3ccccc32)c(C)c1CCC(=O)O,6.0675,0.5955599605973078,4
CHEMBL279,Cc1[nH]c(/C=C2\C(=O)Nc3ccccc32)c(C)c1CCCN1CCN(C)CC1,6.52,0.0,1
CHEMBL279,Cc1[nH]c(/C=C2\C(=O)Nc3ccccc32)c(C)c1Cl,6.0,0.0,1
CHEMBL279,Cc1[nH]c(/C=C2\C(=O)Nc3ccncc32)c(C)c1C(=O)NCCN(C)C,7.22,0.0,1
CHEMBL279,Cc1[nH]c2c(c1C(=O)N1CCC(N3CCCCC3)CC1)CCC/C2=C1/C(=O)Nc2ccc(F)cc21,8.1,0.0,1
CHEMBL279,Cc1[nH]c2c(c1C(=O)N1CCC[C@H]1CN1CCCC1)CCC/C2=C1/C(=O)Nc2ccc(F)cc21,7.93,0.0,1
CHEMBL279,Cc1[nH]c2c(c1C(=O)N1CCOCC1)CCC/C2=C1/C(=O)Nc2ccc(F)cc21,8.96,0.0,1
CHEMBL279,Cc1[nH]c2c(c1C(=O)NCCCN1CCCC1)CCC/C2=C1/C(=O)Nc2ccc(F)cc21,8.42,0.0,1
CHEMBL279,Cc1[nH]c2c(c1C(=O)NCCCN1CCOCC1)CCC/C2=C1/C(=O)Nc2ccc(F)cc21,9.0,0.0,1
CHEMBL279,Cc1[nH]c2c(c1C(=O)NCCN(C)C)CCC/C2=C1/C(=O)Nc2ccc(F)cc21,8.52,0.0,1
CHEMBL279,Cc1[nH]c2c(c1C(=O)NCCN1CCCC1)CCC/C2=C1/C(=O)Nc2ccc(F)cc21,8.01,0.0,1
CHEMBL279,Cc1[nH]c2c(c1C(=O)NCCN1CCCCC1)CCC/C2=C1/C(=O)Nc2ccc(F)cc21,8.37,0.0,1
CHEMBL279,Cc1[nH]c2c(c1C(=O)NCCN1CCOCC1)CCC/C2=C1/C(=O)Nc2ccc(F)cc21,8.8,0.0,1
CHEMBL279,Cc1[nH]c2c(c1C(=O)NCCO)CCC/C2=C1/C(=O)Nc2ccc(F)cc21,8.96,0.0,1
CHEMBL279,Cc1[nH]c2c(c1C(=O)NCCc1ccccn1)CCC/C2=C1/C(=O)Nc2ccc(F)cc21,7.94,0.0,1
CHEMBL279,Cc1[nH]c2ncnc(Nc3ccc(NC(=O)Nc4cccc(C(F)(F)F)c4)c(F)c3)c2c1C,7.28,0.0,1
CHEMBL279,Cc1[nH]nc2c1N=C(c1ccccc1Cl)c1cc(N)ccc1N2,7.47,0.0,1
CHEMBL279,Cc1[nH]nc2c1N=C(c1ccccc1Cl)c1cc([N+](=O)[O-])ccc1N2,7.14,0.0,1
CHEMBL279,Cc1c(-c2ccc(Oc3ccccc3)cc2)c2c(N)ncnc2n1C1CCCC1,5.47,0.0,1
CHEMBL279,Cc1c(/C=C2\C(=O)NN=C2c2cnccn2)[nH]c2ccccc12,7.035,0.2616295090390223,2
CHEMBL279,Cc1c(/C=C2\C(=O)Nc3ccc(F)cc32)[nH]c2c1C(=O)N(CCN(C)C)CC2,7.545,1.6334166645409247,2
CHEMBL279,Cc1c(/C=C2\C(=O)Nc3ccc(F)cc32)[nH]c2c1C(=O)N(CCN1CCCC1)CC2,8.1,0.0,1
CHEMBL279,Cc1c(/C=C2\C(=O)Nc3ccc(F)cc32)[nH]c2c1C(=O)N(CCN1CCOCC1)CC2,6.425,1.6617009357883865,2
CHEMBL279,Cc1c(/C=C2\C(=O)Nc3ccc(F)cc32)[nH]c2c1C(=O)N(CCN1CCOCC1)CCC2,8.22,1.1030865786510142,2
CHEMBL279,Cc1c(/C=C2\C(=O)Nc3ccc(F)cc32)[nH]c2c1C(=O)N(C[C@H](O)CN1CCOCC1)CC2,8.36,0.9050966799187806,2
CHEMBL279,Cc1c(/C=C2\C(=O)Nc3ccc(F)cc32)[nH]c2c1C(=O)N(C[C@H](O)CN1CCOCC1)CCC2,7.575,0.007071067811865324,2
CHEMBL279,Cc1c(C(=O)NCC#N)sc2ncnc(Oc3ccc(NC(=O)C4(C(=O)Nc5ccc(F)cc5)CC4)cc3F)c12,7.13,0.0,1
CHEMBL279,Cc1c(C(=O)NCCCN(C)C)cn2ncnc(Oc3ccc(NC(=O)C4(C(=O)Nc5ccc(F)cc5)CC4)cc3F)c12,8.39,0.0,1
CHEMBL279,Cc1c(C(=O)NCCCN2CCOCC2)cn2ncnc(Oc3ccc(NC(=O)C4(C(=O)Nc5ccc(F)cc5)CC4)cc3F)c12,7.91,0.0,1
CHEMBL279,Cc1c(C(=O)NCCCN2CCOCC2)sc2ncnc(Oc3ccc(NC(=O)C4(C(=O)Nc5ccc(F)cc5)CC4)cc3F)c12,7.09,0.0,1
CHEMBL279,Cc1c(C(=O)NCCN2CCOCC2)sc2ncnc(Oc3ccc(NC(=O)C4(C(=O)Nc5ccc(F)cc5)CC4)cc3F)c12,7.27,0.0,1
CHEMBL279,Cc1c(C(=O)NCCS(C)(=O)=O)sc2ncnc(Oc3ccc(NC(=O)C4(C(=O)Nc5ccc(F)cc5)CC4)cc3F)c12,7.32,0.0,1
CHEMBL279,Cc1c(C(=O)NNC(=S)Nc2ccc(Cl)cc2)nnn1Cc1nc2ccccc2[nH]1,6.97,0.0,1
CHEMBL279,Cc1c(C(=O)Nc2ccc(Oc3ccnc(-c4nncn4CCCN4CCN(C)CC4)c3)c(F)c2)c(=O)n(-c2ccccc2)n1C,6.72,0.0,1
CHEMBL279,Cc1c(C(=O)Nc2ccc(Oc3ccnc(-c4nncn4CN4CCN(C)CC4)c3)c(F)c2)c(=O)n(-c2ccccc2)n1C,6.72,0.0,1
CHEMBL279,Cc1c(C(=O)Nc2ccc(Oc3ccnc4cc(-c5cn(C)cn5)sc34)c(F)c2)cnn1-c1ccccc1,5.7,0.0,1
CHEMBL279,Cc1c(C(=O)Nc2ccc(Oc3ccnc4cc(OCC(C)(C)O)ccc34)c(F)c2)c(=O)n(-c2ccccc2)n1C,7.43,0.0,1
CHEMBL279,Cc1c(C(=O)Nc2ccc(Oc3ccnc4cc(OC[C@@H](C)O)ccc34)c(F)c2)c(=O)n(-c2ccccc2)n1C,7.64,0.0,1
CHEMBL279,Cc1c(C(=O)c2coc3c2cc(O)c2ccccc23)[nH]c(-c2ccccc2)c1-c1ccccc1,5.34,0.0,1
CHEMBL279,Cc1c(C(=O)c2coc3ccc(O)cc23)[nH]c(-c2ccccc2)c1-c1ccccc1,5.46,0.0,1
CHEMBL279,Cc1c(CCC(=O)O)c[nH]c1/C=C1\C(=O)Nc2cc(-c3ccccc3)ccc21,6.52,0.0,1
CHEMBL279,Cc1c(CCC(=O)O)c[nH]c1/C=C1\C(=O)Nc2ccc(C(=O)O)cc21,6.62,0.0,1
CHEMBL279,Cc1c(CCC(=O)O)c[nH]c1/C=C1\C(=O)Nc2ccc(S(N)(=O)=O)cc21,6.04,0.0,1
CHEMBL279,Cc1c(CCC(=O)O)c[nH]c1/C=C1\C(=O)Nc2ccccc21,5.67,0.0,1
CHEMBL279,Cc1c(Cc2ccncc2)nnc(Nc2ccc(Cl)cc2)c1C,6.06,0.0,1
CHEMBL279,Cc1c(NC(=O)CCN2CCCC2)c[nH]c1/C=C1\C(=O)Nc2ccc(F)cc21,6.86,0.0,1
CHEMBL279,Cc1c(NC(=O)Nc2ccc(OC(F)(F)F)cc2)sc2ccccc12,7.95,0.0,1
CHEMBL279,Cc1c(Nc2c(C#N)cncc2/C=C/CCN2CCC[C@@H](N)C2)ccc2[nH]ccc12,5.42,0.0,1
CHEMBL279,Cc1c(O)c(O)c(O)c(C=O)c1-c1cc2c(C=O)c(C)c(O)c(O)c2o1,6.41,0.0,1
CHEMBL279,Cc1c(O)c(O)c(O)c2c1COC2=O,5.22,0.0,1
CHEMBL279,Cc1c(O)c(O)c2c(c1C=O)[C@@H]1O[C@H](O2)c2c(C)c(O)c(O)c(O)c2C1=O,6.5,0.0,1
CHEMBL279,Cc1c(O)c(O)cc2oc3cc(O)cc(O)c3c(=O)c12,6.1,0.0,1
CHEMBL279,Cc1c(OCC(O)CN2CCC(O)CC2)cn2ncnc(Oc3ccc(NC(=O)C4(C(=O)Nc5ccc(F)cc5)CC4)cc3F)c12,8.18,0.0,1
CHEMBL279,Cc1c(OCC(O)CN2CCN(C)CC2)cn2ncnc(Oc3ccc(NC(=O)C4(C(=O)Nc5ccc(F)cc5)CC4)cc3F)c12,8.3,0.0,1
CHEMBL279,Cc1c(OCC(O)CN2CCOCC2)cn2ncnc(Oc3ccc(NC(=O)C4(C(=O)Nc5ccc(F)cc5)CC4)cc3F)c12,8.21,0.0,1
CHEMBL279,Cc1c(OCC(O)CO)cn2ncnc(Oc3ccc(NC(=O)C4(C(=O)Nc5ccc(F)cc5)CC4)cc3F)c12,8.14,0.0,1
CHEMBL279,Cc1c(OCCCN2CCOCC2)cn2ncnc(Oc3ccc(NC(=O)C4(C(=O)Nc5ccc(F)cc5)CC4)cc3F)c12,7.92,0.0,1
CHEMBL279,Cc1c(OCCCS(C)(=O)=O)cn2ncnc(Oc3ccc(NC(=O)C4(C(=O)Nc5ccc(F)cc5)CC4)cc3F)c12,7.91,0.0,1
CHEMBL279,Cc1c(OC[C@@H](C)O)cn2ncnc(Oc3ccc4[nH]c(CO)cc4c3F)c12,7.11,0.0,1
CHEMBL279,Cc1c(OC[C@@H](C)O)cn2ncnc(Oc3cnc4[nH]ccc4c3F)c12,7.57,0.0,1
CHEMBL279,Cc1c(Oc2ccc(NC(=O)Nc3ccc(Cl)c(C(F)(F)F)c3)cc2)ccnc1-c1cnn(C)c1,6.5,0.0,1
CHEMBL279,Cc1c2cc(cc1C(=O)Nc1cc(CN3CCN(C)CC3)cc(C3CC3)c1)OCCCCCCCNC(=O)c1ccc3ncc(n3n1)C#C2,7.13,0.0,1
CHEMBL279,Cc1c2ccc(N(C)c3ccnc(Nc4cc(F)c(-c5nc6c(C(N)=O)cccc6[nH]5)c(F)c4)n3)cc2nn1C,6.47,0.0,1
CHEMBL279,Cc1c2ccc(N(C)c3ccnc(Nc4cc(F)c(C(=O)Nc5nc6c(C(N)=O)cccc6[nH]5)c(F)c4)n3)cc2nn1C,6.44,0.0,1
CHEMBL279,Cc1c2ccc(N(C)c3ccnc(Nc4cc5cc(-c6nc7c(C(N)=O)cccc7[nH]6)ccc5s4)n3)cc2nn1C,6.44,0.0,1
CHEMBL279,Cc1c2ccc(N(C)c3ccnc(Nc4ccc(-c5ccc(-c6nc7c(C(N)=O)cccc7[nH]6)cc5)cc4)n3)cc2nn1C,6.51,0.0,1
CHEMBL279,Cc1c2ccc(N(C)c3ccnc(Nc4ccc(-c5nc6c(C(N)=O)cccc6[nH]5)c(C(F)(F)F)c4)n3)cc2nn1C,6.57,0.0,1
CHEMBL279,Cc1c2ccc(N(C)c3ccnc(Nc4ccc(-c5nc6c(C(N)=O)cccc6[nH]5)c(Cl)c4)n3)cc2nn1C,6.66,0.0,1
CHEMBL279,Cc1c2ccc(N(C)c3ccnc(Nc4ccc(-c5nc6c(C(N)=O)cccc6[nH]5)cc4)n3)cc2nn1C,6.68,0.0,1
CHEMBL279,Cc1c2ccc(N(C)c3ccnc(Nc4ccc(-c5nc6c(C(N)=O)cccc6[nH]5)cc4F)n3)cc2nn1C,6.59,0.0,1
CHEMBL279,Cc1c2ccc(N(C)c3ccnc(Nc4ccc(-c5nc6cc(F)c(F)cc6[nH]5)c(C(F)(F)F)c4)n3)cc2nn1C,6.7,0.0,1
CHEMBL279,Cc1c2ccc(N(C)c3ccnc(Nc4ccc(-c5nc6cc(F)c(F)cc6[nH]5)c(Cl)c4)n3)cc2nn1C,6.66,0.0,1
CHEMBL279,Cc1c2ccc(N(C)c3ccnc(Nc4ccc(-c5nc6ccccc6[nH]5)c(C(F)(F)F)c4)n3)cc2nn1C,6.67,0.0,1
CHEMBL279,Cc1c2ccc(N(C)c3ccnc(Nc4ccc(-c5nc6ccccc6[nH]5)c(Cl)c4)n3)cc2nn1C,6.73,0.0,1
CHEMBL279,Cc1c2ccc(N(C)c3ccnc(Nc4ccc(C(=O)NCCCCCCC(=O)NO)cc4)n3)cc2nn1C,7.34,0.0,1
CHEMBL279,Cc1c2ccc(N(C)c3ccnc(Nc4ccc(C(=O)Nc5ccccc5N)cc4)n3)cc2nn1C,7.43,0.0,1
CHEMBL279,Cc1c2ccc(N(C)c3ccnc(Nc4ccc(C(=O)Nc5nc6c(C(N)=O)cccc6[nH]5)c(C(F)(F)F)c4)n3)cc2nn1C,6.52,0.0,1
CHEMBL279,Cc1c2ccc(N(C)c3ccnc(Nc4ccc(C(=O)Nc5nc6c(C(N)=O)cccc6[nH]5)c(Cl)c4)n3)cc2nn1C,6.49,0.0,1
CHEMBL279,Cc1c2ccc(N(C)c3ccnc(Nc4ccc(C(=O)Nc5nc6c(C(N)=O)cccc6[nH]5)cc4)n3)cc2nn1C,6.58,0.0,1
CHEMBL279,Cc1c2ccc(N(C)c3ccnc(Nc4ccc(C(=O)Nc5nc6c(C(N)=O)cccc6[nH]5)cc4F)n3)cc2nn1C,6.37,0.0,1
CHEMBL279,Cc1c2ccc(N(C)c3ccnc(Nc4ccc(NC(=O)CCCCCCC(=O)NO)cc4)n3)cc2nn1C,7.8,0.0,1
CHEMBL279,Cc1c2ccc(N(C)c3ccnc(Nc4ccc(OC(F)(F)F)cc4)n3)cc2nn1C,7.14,0.0,1
CHEMBL279,Cc1c2ccc(N(C)c3ccnc(Nc4cccc(-c5nc6c(C(N)=O)cccc6[nH]5)c4)n3)cc2nn1C,6.73,0.0,1
CHEMBL279,Cc1c2ccc(N(C)c3ccnc(Nc4cccc(-c5nc6cc(F)c(F)cc6[nH]5)c4)n3)cc2nn1C,6.72,0.0,1
CHEMBL279,Cc1c2ccc(N(C)c3ccnc(Nc4cccc(-c5nc6ccccc6[nH]5)c4)n3)cc2nn1C,6.95,0.0,1
CHEMBL279,Cc1c2ccc(N(C)c3ccnc(Nc4cccc(Br)c4)n3)cc2nn1C,7.19,0.0,1
CHEMBL279,Cc1c2ccc(N(C)c3ccnc(Nc4cccc(Cl)c4)n3)cc2nn1C,7.6,0.0,1
CHEMBL279,Cc1c2ccc(N(C)c3ccnc(Nc4cccc(F)c4)n3)cc2nn1C,7.11,0.0,1
CHEMBL279,Cc1c2ccc(N(C)c3ccnc(Nc4cccc(S(N)(=O)=O)c4)n3)cc2nn1C,8.25,0.0,1
CHEMBL279,Cc1c2ccc(N(C)c3ccnc(Nc4cccc(S(N)(=O)=O)c4)n3)cc2nn1Cc1ccccc1,8.59,0.0,1
CHEMBL279,Cc1c2ccc(Nc3ccnc(Nc4ccc(NC(=O)CCCCCCC(=O)NO)cc4)n3)cc2nn1C,7.8,0.0,1
CHEMBL279,Cc1c2ccc(Nc3ccnc(Nc4ccc(OCCCCCCC(=O)NO)cc4)n3)cc2nn1C,7.5,0.0,1
CHEMBL279,Cc1c[nH]c(/C=C2\C(=O)Nc3ccc(Br)cc32)c1CCC(=O)O,6.46,0.0,1
CHEMBL279,Cc1c[nH]c(/C=C2\C(=O)Nc3cccc(C)c32)c1CCC(=O)O,6.7,0.0,1
CHEMBL279,Cc1c[nH]c(/C=C2\C(=O)Nc3ccccc32)c1CCC(=O)O,7.7,0.0,1
CHEMBL279,Cc1cc(-c2c(Cl)cccc2Cl)cc2nnc(Nc3ccc(OCCN4CCCC4)cc3)nc12,6.89,0.0,1
CHEMBL279,Cc1cc(-c2cc(O)ccc2Cl)cc2nnc(Nc3ccc(C(=O)N4CCNCC4)cc3)nc12,6.28,0.0,1
CHEMBL279,Cc1cc(-c2cc(O)ccc2Cl)cc2nnc(Nc3ccc(CCCN4CCCC4)cc3)nc12,8.57,0.0,1
CHEMBL279,Cc1cc(-c2cc(O)ccc2Cl)cc2nnc(Nc3ccc(OCCN4CCCC4)cc3)nc12,8.66,0.0,1
CHEMBL279,Cc1cc(-c2cc(O)ccc2Cl)cc2nnc(Nc3ccc(S(=O)(=O)C4CCNCC4)cc3)nc12,8.77,0.0,1
CHEMBL279,Cc1cc(-c2cc(O)ccc2Cl)cc2nnc(Nc3ccc(S(=O)(=O)NCCN4CCCC4)cc3)nc12,8.33,0.0,1
CHEMBL279,Cc1cc(-c2ccc(NC(=O)Nc3ccc(Cl)c(C(F)(F)F)c3)cc2)c2c(N)onc2n1,6.75,0.0,1
CHEMBL279,Cc1cc(-c2ccc(NC(=O)Nc3cccc(C(F)(F)F)c3)cc2)c2c(N)onc2n1,7.96,0.0,1
CHEMBL279,Cc1cc(-c2ccc(NC(=O)Nc3cccc(Cl)c3)cc2)c2c(N)onc2n1,7.6,0.0,1
CHEMBL279,Cc1cc(-c2ccc(NC(=O)Nc3ccccc3Cl)cc2)c2c(N)onc2n1,6.22,0.0,1
CHEMBL279,Cc1cc(-c2ccccc2)cc2nnc(Nc3ccc(OCCN4CCCC4)cc3)nc12,6.28,0.0,1
CHEMBL279,Cc1cc(-c2ccccc2Cl)cc2nnc(Nc3ccc(OCCN4CCCC4)cc3)nc12,5.72,0.0,1
CHEMBL279,Cc1cc(-c2ccn3c(-c4cccc(NC(=O)NCC(F)(F)F)c4)cnc3c2)cnc1N(C)C(=O)OC(C)(C)C,6.8,0.0,1
CHEMBL279,Cc1cc(-c2ccn3c(-c4cccc(NC(=O)NCC(F)(F)F)c4)cnc3c2)nc(C(C)C)n1,7.08,0.0,1
CHEMBL279,Cc1cc(-c2ccn3c(-c4cccc(NC(=O)NCC(F)(F)F)c4)cnc3c2)nc(C(F)(F)F)n1,6.8,0.0,1
CHEMBL279,Cc1cc(-c2ccn3c(-c4cccc(NC(=O)NCC(F)(F)F)c4)cnc3c2)nnc1Cl,6.72,0.0,1
CHEMBL279,Cc1cc(-c2cnc3cc(-c4ccc(C5CNCCN5)cc4)ccn23)c2cc(F)cc(F)c2n1,4.43,0.0,1
CHEMBL279,Cc1cc(-c2cnc3cc(-c4ccc(C5CNCCN5)cc4)ccn23)c2ccccc2n1,5.03,0.0,1
CHEMBL279,Cc1cc(-c2cnc3cc(-c4ccc(N5CCNCC5)cc4)ccn23)c2cc(F)cc(F)c2n1,4.69,0.0,1
CHEMBL279,Cc1cc(-c2cnc3cc(-c4ccc(N5CCNCC5)cc4)ccn23)c2cc(F)ccc2n1,4.87,0.0,1
CHEMBL279,Cc1cc(-c2cnc3cc(-c4ccc(N5CCNCC5)cc4)ccn23)c2ccccc2n1,5.23,0.0,1
CHEMBL279,Cc1cc(-c2nn(C(C)C)c3ncnc(N)c23)sc1C=O,5.98,0.0,1
CHEMBL279,Cc1cc(-n2cc(-c3ccccc3NCc3ccncc3)nn2)ccc1C(F)(F)F,6.01,0.0,1
CHEMBL279,Cc1cc(-n2ccc(C)c(-c3ccc4nc(N)ncc4c3)c2=O)ccc1F,5.37,0.0,1
CHEMBL279,Cc1cc(=O)n(-c2cc(F)ccc2F)nc1C(=O)Nc1ccc(Oc2ccnc(NC(=O)N3CC(O)C3)c2)c(F)c1,6.88,0.0,1
CHEMBL279,Cc1cc(=O)n(-c2ccc(F)cc2)nc1C(=O)Nc1ccc(Oc2ccnc3[nH]ccc23)c(F)c1,6.17,0.0,1
CHEMBL279,Cc1cc(=O)n(-c2ccc(F)cc2)nc1C(=O)Nc1ccc(Oc2ncnc3ccsc23)c(F)c1,6.35,0.0,1
CHEMBL279,Cc1cc(=O)n2nc(-c3ccn4c(-c5cccc(NC(=O)NCC(F)(F)F)c5)cnc4c3)sc2n1,6.57,0.0,1
CHEMBL279,Cc1cc(Br)cc(C(=O)Nc2cnc3ccccc3c2)c1,6.95,0.0,1
CHEMBL279,Cc1cc(Br)cc(C(=O)Nc2cnc3ccccc3c2)c1O,7.91,0.0,1
CHEMBL279,Cc1cc(C(=O)Nc2cc(Nc3ncccc3-c3ncnc4[nH]cnc34)ccc2F)cc(C(F)(F)F)c1,6.9,0.0,1
CHEMBL279,Cc1cc(C(=O)Nc2cc(Oc3ccc4nc(NC(=O)C5CC5)cn4c3)ccc2C)n(C)n1,8.92,0.0,1
CHEMBL279,Cc1cc(C(=O)Nc2cc(Oc3ccc4nc(NC(=O)C5CC5)cn4n3)ccc2C)n(C)n1,9.336666666666666,0.6011932578907825,3
CHEMBL279,Cc1cc(C(=O)Nc2cc(Oc3ccc4nc(NC(=O)C5CC5)cn4n3)ccc2Cl)n(C)n1,8.89,0.0,1
CHEMBL279,Cc1cc(C(=O)Nc2cc(Oc3ccc4nc(NC(=O)C5CC5)cn4n3)ccc2F)n(C)n1,8.96,0.0,1
CHEMBL279,Cc1cc(C(=O)Nc2cc(Oc3ccc4nc(NC(=O)C5CC5)nn4c3)ccc2C)n(C)n1,8.72,0.0,1
CHEMBL279,Cc1cc(C(=O)Nc2cc(Oc3ccc4nc(NC(=O)C5CC5)nn4c3)ccc2F)n(C)n1,8.983333333333333,0.5257692776621065,3
CHEMBL279,Cc1cc(C(=O)Nc2cc(Oc3ccc4nc(NC(=O)C5CC5)sc4n3)ccc2C)n(C)n1,8.92,0.0,1
CHEMBL279,Cc1cc(C(=O)Nc2ccc(C)c(Oc3ccc4nc(NC(=O)C5CC5)cn4n3)c2)n(C)n1,8.74,0.0,1
CHEMBL279,Cc1cc(C(=O)Nc2ccc(C)c(Oc3ccc4nc(NC(=O)C5CC5)nn4c3)c2)n(C)n1,8.43,0.0,1
CHEMBL279,Cc1cc(C(=O)Nc2cccc(C(C)C)c2)cc(N2CCc3nc(N)ncc3C2)c1,7.77,0.0,1
CHEMBL279,Cc1cc(C(=O)Nc2cccc(C(C)C)c2)cc(N2CCc3ncncc3C2)c1,6.8,0.0,1
CHEMBL279,Cc1cc(C(=O)Nc2cccc(C(F)(F)F)c2)cc(N2CCc3nc(N)ncc3C2)c1,7.57,0.0,1
CHEMBL279,Cc1cc(C(=O)Nc2cccc(C(F)(F)F)c2)cc(N2CCc3ncncc3C2)c1,6.2,0.0,1
CHEMBL279,Cc1cc(C(=O)Nc2cccc(Oc3ccc4nc(NC(=O)C5CC5)cn4c3)c2)n(C)n1,8.96,0.0,1
CHEMBL279,Cc1cc(C(=O)Nc2cccc(Oc3ccc4nc(NC(=O)C5CC5)cn4n3)c2)n(-c2ccccc2)n1,8.92,0.0,1
CHEMBL279,Cc1cc(C(=O)Nc2cccc(Oc3ccc4nc(NC(=O)C5CC5)cn4n3)c2)n(C)n1,9.103333333333333,0.5368736660829377,3
CHEMBL279,Cc1cc(C(=O)Nc2cccc(Oc3ccc4nc(NC(=O)C5CC5)cn4n3)c2)nn1C,9.02,0.0,1
CHEMBL279,Cc1cc(C(=O)Nc2cccc(Oc3ccc4nc(NC(=O)C5CC5)cn4n3)c2)on1,8.85,0.0,1
CHEMBL279,Cc1cc(C(=O)Nc2cccc(Oc3ccc4nc(NC(=O)C5CC5)cn4n3)c2C)n(C)n1,8.33,0.0,1
CHEMBL279,Cc1cc(C(=O)Nc2cccc(Oc3ccc4nc(NC(=O)C5CC5)nn4c3)c2)n(C)n1,8.96,0.0,1
CHEMBL279,Cc1cc(C(=O)Nc2cccc(Oc3ccc4nc(NC(=O)C5CC5)sc4c3)c2)n(C)n1,8.44,0.0,1
CHEMBL279,Cc1cc(C(=O)Nc2cccc(Oc3ccc4nc(NC(=O)C5CC5)sc4n3)c2)n(C)n1,8.89,0.0,1
CHEMBL279,Cc1cc(C(=O)Nc2cccc3c2Cc2c-3n[nH]c2-c2ccsc2)no1,7.22,0.0,1
CHEMBL279,Cc1cc(C)c(/C=C2/C(=O)Nc3ccccc32)[nH]1,7.4,0.0,1
CHEMBL279,Cc1cc(C)c(/C=C2\C(=O)N(O)c3ccccc32)[nH]1,6.3,0.0,1
CHEMBL279,Cc1cc(C)c(/C=C2\C(=O)NN=C2c2ccccc2)[nH]1,5.57,0.0,1
CHEMBL279,Cc1cc(C)c(/C=C2\C(=O)NN=C2c2ccoc2)[nH]1,6.8,0.0,1
CHEMBL279,Cc1cc(C)c(/C=C2\C(=O)NN=C2c2cnccn2)[nH]1,7.37,0.0,1
CHEMBL279,Cc1cc(C)c(/C=C2\C(=O)NN=C2c2nccs2)[nH]1,7.2,0.0,1
CHEMBL279,Cc1cc(C)c(/C=C2\C(=O)Nc3ccc(O)cc32)[nH]1,7.0,0.0,1
CHEMBL279,Cc1cc(C)c(/C=C2\C(=O)Nc3ccccc32)[nH]1,6.098888888888889,0.7496239798132871,9
CHEMBL279,Cc1cc(C)c(C=C2C(=O)Nc3ccccc32)[nH]1,4.89,0.0,1
CHEMBL279,Cc1cc(C)c2oc(Nc3ccc(-c4nsc5ncnc(N)c45)cc3)nc2c1,4.37,0.0,1
CHEMBL279,Cc1cc(C)cc(NC(=O)NCc2ccc(-c3n[nH]c4c3Cc3cc(CN5CCN(C)CC5)ccc3-4)s2)c1,7.2,0.0,1
CHEMBL279,Cc1cc(C)cc(NC(=O)Nc2ccc(-c3c(C)sc4ncnc(N)c34)cc2)c1,7.92,0.0,1
CHEMBL279,Cc1cc(C)cc(NC(=O)Nc2ccc(-c3cccc4c3CNC4=O)cc2)c1,7.08,0.0,1
CHEMBL279,Cc1cc(C)cc(NC(=O)Nc2ccc(-c3cccc4onc(N)c34)cc2)c1,8.1,0.0,1
CHEMBL279,Cc1cc(C)cc(NC(=O)Nc2ccc(-c3ccnc4[nH]nc(N)c34)cc2)c1,9.0,0.0,1
CHEMBL279,Cc1cc(C)cc(NC(=O)Nc2ccc(-c3csc4ccnc(N)c34)cc2)c1,7.8,0.0,1
CHEMBL279,Cc1cc(C)cc(NC(=O)Nc2ccc(-c3nccc4[nH]nc(N)c34)cc2)c1,7.92,0.0,1
CHEMBL279,Cc1cc(C)cc(Nc2cc(-n3ccnc3-c3ccccc3)ccn2)c1,6.05,0.0,1
CHEMBL279,Cc1cc(C)cc(Nc2cc(-n3ccnc3-c3ccccc3)ncn2)c1,5.74,0.0,1
CHEMBL279,Cc1cc(C)cc(Nc2nccc(-n3cc(C)nc3-c3ccccc3)n2)c1,6.35,0.0,1
CHEMBL279,Cc1cc(C)cc(Nc2nccc(-n3ccnc3-c3ccc[n+]([O-])c3)n2)c1,5.85,0.0,1
CHEMBL279,Cc1cc(C)cc(Nc2nccc(-n3ccnc3-c3cccc(F)c3)n2)c1,7.35,0.0,1
CHEMBL279,Cc1cc(C)cc(Nc2nccc(-n3ccnc3-c3ccccc3)n2)c1,8.22,0.0,1
CHEMBL279,Cc1cc(C)cc(Nc2nccc(-n3ccnc3-c3ccccn3)n2)c1,5.79,0.0,1
CHEMBL279,Cc1cc(C)cc(Nc2nccc(-n3ccnc3-c3cccnc3)n2)c1,5.62,0.0,1
CHEMBL279,Cc1cc(C)cc(Nc2nccc(-n3ccnc3-c3cncnc3)n2)c1,6.83,0.0,1
CHEMBL279,Cc1cc(C)cc(Nc2nccc(-n3ccnc3C#N)n2)c1,6.63,0.0,1
CHEMBL279,Cc1cc(C)cc(Nc2nccc(-n3ccnc3C)n2)c1,6.12,0.0,1
CHEMBL279,Cc1cc(C)cc(Nc2nccc(-n3ccnc3C3CC3)n2)c1,5.73,0.0,1
CHEMBL279,Cc1cc(C)cc(Nc2nccc(-n3ccnc3Cl)n2)c1,7.22,0.0,1
CHEMBL279,Cc1cc(C)cc(Nc2nccc(-n3ccnc3N)n2)c1,5.38,0.0,1
CHEMBL279,Cc1cc(C)cc(Nc2nccc(N(C)c3ccc4c(C)n(C)nc4c3)n2)c1,7.68,0.0,1
CHEMBL279,Cc1cc(C)cc(Nc2nccc(N(C)c3ccc4cn(C)nc4c3)n2)c1,7.55,0.0,1
CHEMBL279,Cc1cc(C)cc(Nc2nnc(Cc3ccncc3)c3ccccc23)c1,7.4,0.0,1
CHEMBL279,Cc1cc(C)nc(-c2ccn3c(-c4cccc(NC(=O)NCC(F)(F)F)c4)cnc3c2)c1,6.88,0.0,1
CHEMBL279,Cc1cc(C)nc(NS(=O)(=O)c2ccc(/N=N/c3ccc(C4=NCC(=O)N(C)c5ccc(Cl)cc54)cc3)cc2)n1,10.0,0.0,1
CHEMBL279,Cc1cc(C)nc(NS(=O)(=O)c2ccc(NN=C3C(=O)NNC3=O)cc2)n1,6.85,0.0,1
CHEMBL279,Cc1cc(C)nc(NS(=O)(=O)c2ccc(Nc3nncc4ccccc34)cc2)n1,9.11,0.0,1
CHEMBL279,Cc1cc(C2CCN(CCCF)CC2)cc2[nH]c(-c3c(NCCn4cc(Cl)cn4)cc[nH]c3=O)nc12,6.43,0.0,1
CHEMBL279,Cc1cc(CO)[nH]c1/C=C1\C(=O)Nc2ccccc21,6.5,0.0,1
CHEMBL279,Cc1cc(CO)cc(Nc2nccc(-n3ccnc3-c3ccccc3)n2)c1,8.05,0.0,1
CHEMBL279,Cc1cc(COC(=O)NCc2ccc(-c3cc(NC(=O)c4ccc(N5CCN(C)CC5)cc4)[nH]n3)cc2)no1,6.43,0.0,1
CHEMBL279,Cc1cc(COC(=O)NCc2ccc(-c3cc(NC(=O)c4ccc(OCCN5CCCC5)cc4)[nH]n3)cc2)no1,6.32,0.0,1
CHEMBL279,Cc1cc(Cc2nnc(Nc3ccc(Cl)cc3)c3ccccc23)ccn1,6.62,0.0,1
CHEMBL279,Cc1cc(Cl)cc(C(=O)Nc2cnc3ccccc3c2)c1,6.49,0.0,1
CHEMBL279,Cc1cc(Cl)nnc1-c1ccn2c(-c3cccc(NC(=O)NCC(F)(F)F)c3)cnc2c1,6.33,0.0,1
CHEMBL279,Cc1cc(F)c(NC(=O)NCCC(C)(C)C)cc1-c1cc2cnc(N)nc2nc1C,6.27,0.0,1
CHEMBL279,Cc1cc(F)c(Nc2ncnc3cc(OCc4ccccc4)ccc23)cc1O,8.7,0.0,1
CHEMBL279,Cc1cc(N)nc(-c2ccn3c(-c4cccc(NC(=O)NCC(F)(F)F)c4)cnc3c2)n1,6.47,0.0,1
CHEMBL279,Cc1cc(N2CCN(C)CC2)ccc1NC(=O)Nc1ccc(-c2ccnc3[nH]nc(C)c23)cc1,5.17,0.0,1
CHEMBL279,Cc1cc(N2CCOCC2)cc2[nH]c(-c3c(NC[C@@H](O)c4cccc(Cl)c4)cc[nH]c3=O)nc12,5.85,0.0,1
CHEMBL279,Cc1cc(NC(=O)Cc2ccc(-n3cnc4cc(-c5cn[nH]c5)ccc43)cc2)sn1,6.52,0.0,1
CHEMBL279,Cc1cc(NC(=O)NC(=O)Cc2ccc(F)cc2)ncc1Oc1ccnc(-c2cnn(C)c2)c1,5.8,0.0,1
CHEMBL279,Cc1cc(NC(=O)Nc2cc(C(C)(F)F)ccc2F)ccc1Oc1cc(NC(=O)C2CC2)ncn1,8.1,0.0,1
CHEMBL279,Cc1cc(NC(=O)Nc2cc(C(C)(F)F)ccc2F)ccc1Oc1ccnc(NC(=O)C2CC2)c1,8.0,0.0,1
CHEMBL279,Cc1cc(NC(=O)Nc2cc(C(F)(F)F)ccc2F)cnc1Oc1ccnc(NC(=O)C2CC2)c1,7.86,0.0,1
CHEMBL279,Cc1cc(NC(=O)Nc2cc(F)cc(C(C)(F)F)c2)ccc1Oc1cc(NC(=O)C2CC2)ncn1,8.02,0.0,1
CHEMBL279,Cc1cc(NC(=O)Nc2cc(F)cc(C(C)(F)F)c2)ccc1Oc1ccnc(NC(=O)C2CC2)c1,8.09,0.0,1
CHEMBL279,Cc1cc(NC(=O)Nc2cc(F)cc(C(F)(F)F)c2)cc(Oc2cc(NC(=O)C3CC3)ncn2)c1,6.7,0.0,1
CHEMBL279,Cc1cc(NC(=O)Nc2cc(OC(C)C)cc(C(F)(F)F)c2)cnc1Oc1ccnc(NC(=O)C2CC2)c1,7.52,0.0,1
CHEMBL279,Cc1cc(NC(=O)Nc2ccc(-c3cccc4[nH]nc(N)c34)cc2)ccc1F,8.4,0.0,1
CHEMBL279,Cc1cc(NC(=O)Nc2ccc(-c3ccnc4[nH]nc(C)c34)cc2)ccc1N1CCN(C)CC1,5.43,0.0,1
CHEMBL279,Cc1cc(NC(=O)Nc2ccc(-c3ccnc4[nH]nc(C)c34)cc2)ccc1N1CCOCC1,5.64,0.0,1
CHEMBL279,Cc1cc(NC(=O)Nc2ccc(-c3ccnc4[nH]nc(N)c34)cc2)ccc1F,8.96,0.0,1
CHEMBL279,Cc1cc(NC(=O)Nc2ccc(-c3cncc4[nH]nc(N)c34)cc2)ccc1F,9.15,0.0,1
CHEMBL279,Cc1cc(NC(=O)Nc2ccc(-c3nccc4[nH]nc(N)c34)cc2)ccc1F,7.7,0.0,1
CHEMBL279,Cc1cc(NC(=O)Nc2ccc(Cl)c(C(C)(F)F)c2)cc(Oc2cc(NC(=O)C3CC3)ncn2)c1,6.21,0.0,1
CHEMBL279,Cc1cc(NC(=O)Nc2ccc(Cl)c(C(C)(F)F)c2)ccc1Oc1cc(NC(=O)C2CC2)ncn1,7.92,0.0,1
CHEMBL279,Cc1cc(NC(=O)Nc2ccc(Cl)c(C(C)(F)F)c2)ccc1Oc1ccnc(NC(=O)C2CC2)c1,7.945,0.10606601717798143,2
CHEMBL279,Cc1cc(NC(=O)Nc2ccc(Cl)c(C(F)(F)F)c2)cc(Oc2cc(NC(=O)C3CC3)ncn2)c1,6.54,0.0,1
CHEMBL279,Cc1cc(NC(=O)Nc2ccc(Cl)c(C(F)(F)F)c2)ccc1Oc1cc(NC(=O)C2CC2)ncn1,7.86,0.0,1
CHEMBL279,Cc1cc(NC(=O)Nc2ccc(Cl)c(C(F)(F)F)c2)ccc1Oc1ccnc(NC(=O)C2CC2)c1,7.84,0.0,1
CHEMBL279,Cc1cc(NC(=O)Nc2ccc(Cl)c(C(F)(F)F)c2)cnc1Oc1ccnc(NC(=O)C2CC2)c1,7.54,0.0,1
CHEMBL279,Cc1cc(NC(=O)Nc2ccc(Cl)c(OC(F)(F)F)c2)ccc1Oc1cc(NC(=O)C2CC2)ncn1,8.01,0.0,1
CHEMBL279,Cc1cc(NC(=O)Nc2ccc(F)c(C(C)(F)F)c2)ccc1Oc1cc(NC(=O)C2CC2)ncn1,8.13,0.0,1
CHEMBL279,Cc1cc(NC(=O)Nc2ccc(F)c(C(F)(F)F)c2)cc(Oc2cc(NC(=O)C3CC3)ncn2)c1,6.72,0.0,1
CHEMBL279,Cc1cc(NC(=O)Nc2ccc(F)c(C(F)(F)F)c2)ccc1Oc1cc(NC(=O)C2CC2)ncn1,8.15,0.0,1
CHEMBL279,Cc1cc(NC(=O)Nc2ccc(F)c(C(F)(F)F)c2)ccc1Oc1ccnc(NC(=O)C2CC2)c1,7.93,0.0,1
CHEMBL279,Cc1cc(NC(=O)Nc2ccc(Oc3ccnc(-c4cnn(CCCCCCC(=O)NO)c4)c3)cc2)no1,6.31,0.0,1
CHEMBL279,Cc1cc(NC(=O)Nc2ccc(Oc3ccnc(-c4cnn(CCCCCCC(=O)NO)c4)c3)cc2)on1,6.46,0.0,1
CHEMBL279,Cc1cc(NC(=O)Nc2cccc(C(F)(F)F)c2)cc(Oc2cc(NC(=O)C3CC3)ncn2)c1,6.7,0.0,1
CHEMBL279,Cc1cc(NC(=O)Nc2cccc(C(F)(F)F)c2)ccc1Oc1cc(NC(=O)C2CC2)ncn1,7.84,0.0,1
CHEMBL279,Cc1cc(NC(=O)Nc2cccc(C(F)(F)F)c2)ccc1Oc1ccnc(NC(=O)C2CC2)c1,7.94,0.0,1
CHEMBL279,Cc1cc(NC(=O)Nc2cccc(OC(F)(F)F)c2)cc(Oc2cc(NC(=O)C3CC3)ncn2)c1,6.36,0.0,1
CHEMBL279,Cc1cc(NC(=O)Nc2cccc(OC(F)(F)F)c2)ccc1Oc1cc(NC(=O)C2CC2)ncn1,8.09,0.0,1
CHEMBL279,Cc1cc(NC(=O)Nc2cccc(OC(F)(F)F)c2)ccc1Oc1ccnc(NC(=O)C2CC2)c1,7.96,0.0,1
CHEMBL279,Cc1cc(NC(=O)OCC(C)C)ccc1-c1cnc2c(-c3cccc(N4CCN(C)CC4)c3)cnn2c1N,5.47,0.0,1
CHEMBL279,Cc1cc(NC(=O)c2c(C)noc2NCc2ccncc2)ccc1C(F)(F)F,5.84,0.0,1
CHEMBL279,Cc1cc(NC(=O)c2c(NCc3ccncc3)cnn2C)ccc1C(F)(F)F,6.25,0.0,1
CHEMBL279,Cc1cc(NC(=O)c2c(NCc3ccncc3)ncn2C)ccc1C(F)(F)F,6.29,0.0,1
CHEMBL279,Cc1cc(NC(=O)c2cc(C)nn2C)cc(Oc2ccc3nc(NC(=O)C4CC4)nn3c2)c1,8.68,0.0,1
CHEMBL279,Cc1cc(NC(=O)c2cc3ccc(-c4nn(C(C)(C)C)c5ncnc(N)c45)cc3[nH]2)n(C)n1,4.52,0.0,1
CHEMBL279,Cc1cc(NC(=O)c2cccc3cc(-c4cccc5[nH]nc(N)c45)ccc23)ccc1F,8.09,0.0,1
CHEMBL279,Cc1cc(NC(=O)c2cccc3cc(-c4cccc5[nH]nc(N)c45)ccc23)no1,8.125,0.16263455967290624,2
CHEMBL279,Cc1cc(NC(=O)c2nscc2NCc2ccncc2)ccc1C(F)(F)F,6.31,0.0,1
CHEMBL279,Cc1cc(NC2=NC(=O)/C(=C\c3c4ccccc4cc4ccccc34)S2)no1,7.06,0.0,1
CHEMBL279,Cc1cc(NS(=O)(=O)c2ccc(N3C(=O)/C(=C/c4c[nH]c5ccccc45)N=C3c3ccc(Cl)cc3)cc2)no1,5.79,0.0,1
CHEMBL279,Cc1cc(NS(=O)(=O)c2ccc(N3C(=O)/C(=C/c4c[nH]c5ccccc45)N=C3c3ccccc3)cc2)no1,7.16,0.0,1
CHEMBL279,Cc1cc(NS(=O)(=O)c2ccc(N3C(=O)/C(=C/c4ccc(N(C)C)cc4)N=C3c3ccc(Cl)cc3)cc2)no1,6.96,0.0,1
CHEMBL279,Cc1cc(NS(=O)(=O)c2ccc(N3C(=O)/C(=C/c4ccc(N(C)C)cc4)N=C3c3ccccc3)cc2)no1,6.85,0.0,1
CHEMBL279,Cc1cc(NS(=O)(=O)c2ccc(NN=C3C(=O)NNC3=O)cc2)no1,6.82,0.0,1
CHEMBL279,Cc1cc(NS(=O)(=O)c2ccc(Nc3nncc4ccccc34)cc2)no1,8.01,0.0,1
CHEMBL279,Cc1cc(Nc2cc(N3CCN(C)CC3)nc(/C=C/c3ccccc3)n2)n[nH]1,7.44,0.0,1
CHEMBL279,Cc1cc(Nc2cc(Nc3ccc(-c4nc5ccccc5s4)cc3)ccn2)n[nH]1,5.06,0.0,1
CHEMBL279,Cc1cc(Nc2ccnc(Nc3cccc(-c4nc5ccccc5s4)c3)n2)n[nH]1,5.12,0.0,1
CHEMBL279,Cc1cc(Nc2nc(Nc3ccccc3S(=O)(=O)C(C)C)c3c(C)[nH]nc3n2)c(OC(C)C)cc1C1CCN(C)CC1,5.13,0.0,1
CHEMBL279,Cc1cc(Nc2ncc(Br)c(N[C@@H](C)C(C)(C)O)n2)ccc1S(C)(=N)=O,7.32,0.0,1
CHEMBL279,Cc1cc(Nc2ncc(Br)c(N[C@H](C)C(C)(C)O)n2)ccc1S(C)(=N)=O,7.265,0.12020815280171303,2
CHEMBL279,Cc1cc(Nc2ncc(Br)c(N[C@H](C)[C@H](C)O)n2)ccc1S(C)(=N)=O,7.41,0.0,1
CHEMBL279,Cc1cc(Nc2ncc(C)c(-c3cnn(CCC#N)c3)n2)sn1,7.39,0.0,1
CHEMBL279,Cc1cc(Nc2ncc(C)c(N3CC(C4CC4)C3)n2)sn1,7.23,0.0,1
CHEMBL279,Cc1cc(Nc2ncc(C)c(N3CC(CC#N)(N4CCCC4)C3)n2)sn1,5.91,0.0,1
CHEMBL279,Cc1cc(Nc2ncc(C)c(N3CC(CC#N)(N4CCCCC4)C3)n2)sn1,5.43,0.0,1
CHEMBL279,Cc1cc(Nc2ncc(C)c(N3CC(CC#N)(N4CCN(C)CC4)C3)n2)sn1,5.82,0.0,1
CHEMBL279,Cc1cc(Nc2ncc(C)c(N3CC(CC#N)(OC4CC5(CC5)C4)C3)n2)sn1,5.5,0.0,1
CHEMBL279,Cc1cc(Nc2ncc(C)c(N3CC(CC#N)C3)n2)sn1,6.57,0.0,1
CHEMBL279,Cc1cc(Nc2ncc(C)c(N3CC(CCC#N)C3)n2)sn1,6.92,0.0,1
CHEMBL279,Cc1cc(Nc2ncc(C)c(N3CC(O)(C4CC4)C3)n2)sn1,7.51,0.0,1
CHEMBL279,Cc1cc(Nc2ncc(C)c(N3CC4CCC(C3)N4CC#N)n2)sn1,6.66,0.0,1
CHEMBL279,Cc1cc(Nc2ncc(C)c(N3CC4CCC(C3)N4CCC#N)n2)sn1,7.02,0.0,1
CHEMBL279,Cc1cc(Nc2ncc(C)c(N3CC4CCCC(C3)N4CC#N)n2)sn1,5.8,0.0,1
CHEMBL279,Cc1cc(Nc2ncc(C)c(N3CC4CCCC(C3)N4CCC#N)n2)sn1,6.96,0.0,1
CHEMBL279,Cc1cc(Nc2ncc(C)c(N3CCC(CC#N)CC3)n2)sn1,7.37,0.0,1
CHEMBL279,Cc1cc(Nc2ncc(C)c(N3CCN(CC#N)C(C)C3)n2)sn1,7.26,0.0,1
CHEMBL279,Cc1cc(Nc2ncc(C)c(N3CCN(CC#N)CC3)n2)sn1,7.39,0.0,1
CHEMBL279,Cc1cc(Nc2ncc(C)c(N3CCN(CC#N)[C@@H](C)C3)n2)sn1,7.52,0.0,1
CHEMBL279,Cc1cc(Nc2ncc(F)c(N[C@H]3[C@@H](C(N)=O)[C@@H]4C=C[C@H]3C4)n2)ccc1N1CCN(C)CC1,7.02,0.0,1
CHEMBL279,Cc1cc(Nc2nccc(-n3ccnc3-c3ccccc3)n2)cc(C(F)(F)F)c1,8.3,0.0,1
CHEMBL279,Cc1cc(Nc2nccc(-n3ccnc3-c3ccccc3)n2)cc(C)n1,6.87,0.0,1
CHEMBL279,Cc1cc(Nc2nccc(-n3ccnc3-c3ccccc3)n2)ccn1,6.56,0.0,1
CHEMBL279,Cc1cc(Nc2nccc(N(C)c3ccc4c(C)n(C)nc4c3)n2)cnc1-c1nc2c(C(N)=O)cccc2[nH]1,6.63,0.0,1
CHEMBL279,Cc1cc(O)cc2oc3cc(O)cc(O)c3c(=O)c12,4.93,0.0,1
CHEMBL279,Cc1cc(O)ccc1-c1nn(C(C)C)c2ncnc(N)c12,6.67,0.0,1
CHEMBL279,Cc1cc(O)ccc1Nc1ncc2c(n1)-c1ccccc1NC(=O)C2,5.92,0.0,1
CHEMBL279,Cc1cc(OC2CCN(C)CC2)c2oc3cc(Oc4ccc(CCC(=O)NC5CCCC5)nc4)ccc3c(=O)c2c1,5.26,0.0,1
CHEMBL279,Cc1cc(OCCC2CCN(C(=O)OC(C)(C)C)CC2)c2oc3cc(Oc4ccccc4)ccc3c(=O)c2c1,5.26,0.0,1
CHEMBL279,Cc1cc(OCCCCBr)c2oc3cc(Oc4ccccc4)ccc3c(=O)c2c1,5.26,0.0,1
CHEMBL279,Cc1cc(OCCCN(C)C)c2oc3cc(Oc4cccc(C(=O)Nc5ccccc5)c4)ccc3c(=O)c2c1,6.26,0.0,1
CHEMBL279,Cc1cc(OCCCN(C)C)c2oc3cc(Oc4ccccc4)ccc3c(=O)c2c1,5.26,0.0,1
CHEMBL279,Cc1cc(OCCCN2CCN(C(C)C)CC2)c2oc3cc(Oc4ccc(CCC(=O)NC5CCCC5)nc4)ccc3c(=O)c2c1,5.26,0.0,1
CHEMBL279,Cc1cc(OCCN(C)C)c2oc3cc(Oc4cccc(C(=O)Nc5ccccc5)c4)ccc3c(=O)c2c1,5.26,0.0,1
CHEMBL279,Cc1cc(OCCN(C)C)c2oc3cc(Sc4ccc(CCC(=O)NC5CCCC5)nc4)ccc3c(=O)c2c1,5.26,0.0,1
CHEMBL279,Cc1cc(OCCN(C)C)cc2c(=O)c3ccc(Oc4ccc(CCC(=O)NC5CCCC5)nc4)cc3oc12,5.26,0.0,1
CHEMBL279,Cc1cc(Oc2cc(NC(=O)C3CC3)ncn2)c(F)cc1NC(=O)Nc1ccc(Cl)c(C(C)(F)F)c1,7.89,0.0,1
CHEMBL279,Cc1cc(Oc2cc(NC(=O)C3CC3)ncn2)c(F)cc1NC(=O)Nc1ccc(Cl)c(C(F)(F)F)c1,7.78,0.0,1
CHEMBL279,Cc1cc(Oc2cc(NC(=O)C3CC3)ncn2)ccc1NC(=O)Nc1cc(C2CCN(C)CC2)cc(C(F)(F)F)c1,7.85,0.0,1
CHEMBL279,Cc1cc(Oc2cc(NC(=O)C3CC3)ncn2)ccc1NC(=O)Nc1cc(Cl)cc(C(F)(F)F)c1,7.88,0.0,1
CHEMBL279,Cc1cc(Oc2cc(NC(=O)C3CC3)ncn2)ccc1NC(=O)Nc1cc(F)cc(C(C)(F)F)c1,7.84,0.0,1
CHEMBL279,Cc1cc(Oc2cc(NC(=O)C3CC3)ncn2)ccc1NC(=O)Nc1cc(N2CCCC2)cc(C(F)(F)F)c1,7.84,0.0,1
CHEMBL279,Cc1cc(Oc2cc(NC(=O)C3CC3)ncn2)ccc1NC(=O)Nc1cc(N2CCOCC2)cc(C(F)(F)F)c1,7.89,0.0,1
CHEMBL279,Cc1cc(Oc2cc(NC(=O)C3CC3)ncn2)ccc1NC(=O)Nc1cc(NC(C)C)cc(C(F)(F)F)c1,7.58,0.0,1
CHEMBL279,Cc1cc(Oc2cc(NC(=O)C3CC3)ncn2)ccc1NC(=O)Nc1cc(NC2CCN(C)CC2)cc(C(F)(F)F)c1,7.9,0.0,1
CHEMBL279,Cc1cc(Oc2cc(NC(=O)C3CC3)ncn2)ccc1NC(=O)Nc1cc(OC(F)(F)F)ccc1F,8.09,0.0,1
CHEMBL279,Cc1cc(Oc2cc(NC(=O)C3CC3)ncn2)ccc1NC(=O)Nc1ccc(C#N)c(Cl)c1,8.08,0.0,1
CHEMBL279,Cc1cc(Oc2cc(NC(=O)C3CC3)ncn2)ccc1NC(=O)Nc1ccc(C)c(C(F)(F)F)c1,8.05,0.0,1
CHEMBL279,Cc1cc(Oc2cc(NC(=O)C3CC3)ncn2)ccc1NC(=O)Nc1ccc(Cl)c(C(C)(F)F)c1,7.97,0.0,1
CHEMBL279,Cc1cc(Oc2cc(NC(=O)C3CC3)ncn2)ccc1NC(=O)Nc1ccc(Cl)c(C(F)(F)F)c1,7.96,0.0,1
CHEMBL279,Cc1cc(Oc2cc(NC(=O)C3CC3)ncn2)ccc1NC(=O)Nc1ccc(Cl)c(OC(F)(F)F)c1,8.17,0.0,1
CHEMBL279,Cc1cc(Oc2cc(NC(=O)C3CC3)ncn2)ccc1NC(=O)Nc1ccc(F)c(C(C)(F)F)c1,7.88,0.0,1
CHEMBL279,Cc1cc(Oc2cc(NC(=O)C3CC3)ncn2)ccc1NC(=O)Nc1ccc(F)c(C(F)(F)F)c1,7.96,0.0,1
CHEMBL279,Cc1cc(Oc2cc(NC(=O)C3CC3)ncn2)ccc1NC(=O)Nc1ccc(F)c(OC(F)(F)F)c1,7.88,0.0,1
CHEMBL279,Cc1cc(Oc2cc(NC(=O)C3CC3)ncn2)ccc1NC(=O)Nc1ccc(NC2CCN(C)CC2)c(C(F)(F)F)c1,7.88,0.0,1
CHEMBL279,Cc1cc(Oc2cc(NC(=O)C3CC3)ncn2)ccc1NC(=O)Nc1cccc(C(C)(F)F)c1,7.91,0.0,1
CHEMBL279,Cc1cc(Oc2cc(NC(=O)C3CC3)ncn2)ccc1NC(=O)Nc1cccc(C(F)(F)F)c1,7.98,0.0,1
CHEMBL279,Cc1cc(Oc2cc(NC(=O)C3CC3)ncn2)ccc1NC(=O)Nc1cccc(OC(F)(F)F)c1,7.85,0.0,1
CHEMBL279,Cc1cc(Oc2cc(NC(=O)C3CC3)ncn2)ncc1NC(=O)Nc1ccc(Cl)c(C(F)(F)F)c1,8.03,0.0,1
CHEMBL279,Cc1cc(Oc2ccc(NC(=O)Nc3cccc(C(F)(F)F)c3)cc2)ncn1,7.2,0.0,1
CHEMBL279,Cc1cc(Oc2ccnc(NC(=O)C3CC3)c2)ccc1NC(=O)Nc1cc(C(C)(F)F)ccc1F,8.08,0.0,1
CHEMBL279,Cc1cc(Oc2ccnc(NC(=O)C3CC3)c2)ccc1NC(=O)Nc1cc(F)cc(C(C)(F)F)c1,8.24,0.0,1
CHEMBL279,Cc1cc(Oc2ccnc(NC(=O)C3CC3)c2)ccc1NC(=O)Nc1cc(F)cc(C(F)(F)F)c1,7.76,0.0,1
CHEMBL279,Cc1cc(Oc2ccnc(NC(=O)C3CC3)c2)ccc1NC(=O)Nc1cc(OC(F)(F)F)ccc1F,8.21,0.0,1
CHEMBL279,Cc1cc(Oc2ccnc(NC(=O)C3CC3)c2)ccc1NC(=O)Nc1ccc(Cl)c(C(C)(F)F)c1,7.85,0.0,1
CHEMBL279,Cc1cc(Oc2ccnc(NC(=O)C3CC3)c2)ccc1NC(=O)Nc1ccc(Cl)c(C(F)(F)F)c1,7.98,0.0,1
CHEMBL279,Cc1cc(Oc2ccnc(NC(=O)C3CC3)c2)ccc1NC(=O)Nc1ccc(F)c(C(C)(F)F)c1,8.0,0.0,1
CHEMBL279,Cc1cc(Oc2ccnc(NC(=O)C3CC3)c2)ccc1NC(=O)Nc1ccc(F)c(C(F)(F)F)c1,7.93,0.0,1
CHEMBL279,Cc1cc(Oc2ccnc(NC(=O)C3CC3)c2)ccc1NC(=O)Nc1ccc(F)c(OC(F)(F)F)c1,7.93,0.0,1
CHEMBL279,Cc1cc(Oc2ccnc(NC(=O)C3CC3)c2)ccc1NC(=O)Nc1cccc(C(F)(F)F)c1,7.96,0.0,1
CHEMBL279,Cc1cc(Oc2ccnc(NC(=O)C3CC3)c2)ccc1NC(=O)Nc1cccc(OC(F)(F)F)c1,7.98,0.0,1
CHEMBL279,Cc1cc(Oc2ccnc(NC(=O)C3CC3)c2)ncc1NC(=O)Nc1cc(C(C)(F)F)ccc1F,8.01,0.0,1
CHEMBL279,Cc1cc(Oc2ccnc(NC(=O)C3CC3)c2)ncc1NC(=O)Nc1cc(C(F)(F)F)ccc1F,7.93,0.0,1
CHEMBL279,Cc1cc(Oc2ccnc(NC(=O)C3CC3)c2)ncc1NC(=O)Nc1ccc(Cl)c(C(F)(F)F)c1,8.03,0.0,1
CHEMBL279,Cc1cc(Oc2ccnc(NC(=O)N3CCC(N4CCN(C)CC4)CC3)c2)ccc1NC(=O)C1(C(=O)Nc2ccc(F)cc2)CC1,7.8,0.0,1
CHEMBL279,Cc1cc(Oc2ncnc3sc4c(c23)CCCC4)ccc1NC(=O)Nc1cccc(Br)c1,7.47,0.0,1
CHEMBL279,Cc1cc(Oc2ncnc3sc4c(c23)CCCCC4)ccc1Cl,5.91,0.0,1
CHEMBL279,Cc1cc(Oc2ncnc3sccc23)ccc1NC(=O)Nc1cccc(Br)c1,7.8,0.0,1
CHEMBL279,Cc1cc2c(F)c(Nc3ncnn4cc(-c5nnc(C)o5)c(C(C)C)c34)cnc2[nH]1,7.89,0.0,1
CHEMBL279,Cc1cc2c(F)c(Oc3cc(Nc4cc(CS(C)(=O)=O)ccc4C)ncn3)ccc2[nH]1,7.08,0.0,1
CHEMBL279,Cc1cc2c(F)c(Oc3cc(Nc4ccc(CS(C)(=O)=O)cc4)ncn3)ccc2[nH]1,8.15,0.0,1
CHEMBL279,Cc1cc2c(F)c(Oc3cc(Nc4ccc(S(N)(=O)=O)cc4)ncn3)ccc2[nH]1,7.39,0.0,1
CHEMBL279,Cc1cc2c(F)c(Oc3cc(Nc4cccc(CS(C)(=O)=O)c4)ncn3)ccc2[nH]1,8.42,0.0,1
CHEMBL279,Cc1cc2c(F)c(Oc3cc(Nc4cccc([N+](=O)[O-])c4)ncn3)ccc2[nH]1,7.67,0.0,1
CHEMBL279,Cc1cc2c(F)c(Oc3ccnc(Nc4ccc(S(N)(=O)=O)cc4)n3)ccc2[nH]1,7.51,0.0,1
CHEMBL279,Cc1cc2c(F)c(Oc3ccnc(Nc4cccc(S(N)(=O)=O)c4)n3)ccc2[nH]1,8.05,0.0,1
CHEMBL279,Cc1cc2c(F)c(Oc3ncnc(N)c3/C=N/O)ccc2[nH]1,7.48,0.0,1
CHEMBL279,Cc1cc2c(F)c(Oc3ncnc(N)c3/C=N/OCC3CCCCC3)ccc2[nH]1,6.38,0.0,1
CHEMBL279,Cc1cc2c(F)c(Oc3ncnc(N)c3/C=N/OCCCN(C)C)ccc2[nH]1,7.0,0.0,1
CHEMBL279,Cc1cc2c(F)c(Oc3ncnc(N)c3/C=N/OCCCO)ccc2[nH]1,7.96,0.0,1
CHEMBL279,Cc1cc2c(F)c(Oc3ncnc(N)c3/C=N/OCCN(C)C)ccc2[nH]1,6.73,0.0,1
CHEMBL279,Cc1cc2c(F)c(Oc3ncnc(N)c3/C=N/OCCN3CCCC3)ccc2[nH]1,6.67,0.0,1
CHEMBL279,Cc1cc2c(F)c(Oc3ncnc(N)c3/C=N/OCCN3CCOCC3)ccc2[nH]1,7.41,0.0,1
CHEMBL279,Cc1cc2c(F)c(Oc3ncnc(N)c3/C=N/OCCO)ccc2[nH]1,7.36,0.0,1
CHEMBL279,Cc1cc2c(F)c(Oc3ncnc(N)c3/C=N/OCc3ccccc3)ccc2[nH]1,6.7,0.0,1
CHEMBL279,Cc1cc2c(F)c(Oc3ncnn4cc(O)c(C)c34)ccc2[nH]1,7.62,0.0,1
CHEMBL279,Cc1cc2c(F)c(Oc3ncnn4cc(OCCC5CCN(C)CC5)c(C)c34)ccc2[nH]1,7.7,0.0,1
CHEMBL279,Cc1cc2c(F)c(Oc3ncnn4cc(OCCCN5CCCC5)c(C)c34)ccc2[nH]1,7.7,0.0,1
CHEMBL279,Cc1cc2c(F)c(Oc3ncnn4cc(OCCCN5CCCCC5)c(C)c34)ccc2[nH]1,7.77,0.0,1
CHEMBL279,Cc1cc2c(F)c(Oc3ncnn4cc(OCCCNS(C)(=O)=O)c(C)c34)ccc2[nH]1,7.18,0.0,1
CHEMBL279,Cc1cc2c(F)c(Oc3ncnn4cc(OCCCS(C)(=O)=O)c(C)c34)ccc2[nH]1,7.16,0.0,1
CHEMBL279,Cc1cc2c(F)c(Oc3ncnn4cc(OCCN5CC[C@H](O)C5)c(C)c34)ccc2[nH]1,7.62,0.0,1
CHEMBL279,Cc1cc2c(F)c(Oc3ncnn4cc(OC[C@@H](C)O)c(C)c34)ccc2[nH]1,7.59,0.014142135623730649,2
CHEMBL279,Cc1cc2c(F)c(Oc3ncnn4cc(OC[C@@H](C)O)c(C)c34)cnc2[nH]1,7.72,0.0,1
CHEMBL279,Cc1cc2c(F)c(Oc3ncnn4cc(OC[C@@H](C)OS(=O)(=O)O)c(C)c34)ccc2[nH]1,7.55,0.0,1
CHEMBL279,Cc1cc2c(F)c(Oc3ncnn4cc(OC[C@H](C)O)c(C)c34)ccc2[nH]1,7.550000000000001,0.2121320343559638,2
CHEMBL279,Cc1cc2c(Nc3ccc(-c4nc5ccccc5s4)cc3)ncnc2cc1Cl,6.0,0.0,1
CHEMBL279,Cc1cc2c(Nc3ccc(C)c(O)c3)ncnn2c1,6.29,0.1555634918610409,2
CHEMBL279,Cc1cc2c(Nc3ccc(F)c(Cl)c3)ncnn2c1,6.82,0.0,1
CHEMBL279,Cc1cc2c(cc1N1CCC(N3CCOCC3)CC1)C(C)(C)c1[nH]c3cc(C#N)ccc3c1C2=O,6.73,0.0,1
CHEMBL279,Cc1cc2c(cc1N1CCN(C3COC3)CC1)C(C)(C)c1[nH]c3cc(C#N)ccc3c1C2=O,7.22,0.0,1
CHEMBL279,Cc1cc2c(cc3c4c(cccc42)NC3=O)[nH]1,6.0,0.0,1
CHEMBL279,Cc1cc2cc(-n3ncc(C(=O)c4cc5ccccc5[nH]4)c3N)ccc2[nH]1,8.19,0.0,1
CHEMBL279,Cc1cc2cc(Nc3ncc(C#N)c(-c4ccccc4)n3)ccc2[nH]1,6.39,0.0,1
CHEMBL279,Cc1cc2cc(Nc3ncnc4cc(-c5ccccc5)sc34)ccc2[nH]1,6.85,0.0,1
CHEMBL279,Cc1cc2cc(Nc3ncnn4cc(-c5nnc(C)o5)c(C(C)C)c34)cnc2[nH]1,7.6,0.0,1
CHEMBL279,Cc1cc2cc(Nc3ncnn4cc(OC[C@@H](C)O)c(C)c34)cnc2[nH]1,6.65,0.0,1
CHEMBL279,Cc1cc2cc(Nc3nnc(-c4cccc5cnccc45)c4ccccc34)ccc2[nH]1,6.64,0.0,1
CHEMBL279,Cc1cc2cc(Oc3ccnc(Nc4cccc(CS(=O)(=O)NCCN(C)C)c4)n3)ccc2[nH]1,8.31,0.9758073580374358,2
CHEMBL279,Cc1cc2cc(Oc3ncnn4cc(OC[C@@H](C)O)c(C)c34)cnc2[nH]1,6.91,0.0,1
CHEMBL279,Cc1cc2nc(-c3c(N)c4ccccc4[nH]c3=O)[nH]c2cc1C,6.68,0.0,1
CHEMBL279,Cc1cc2ncc(-c3cccc(NC(=O)NCC(F)(F)F)c3)n2cc1C,5.57,0.0,1
CHEMBL279,Cc1ccc(-c2c[nH]c3ccnc(Nc4ccc(Oc5ccnc6cc(OCC(C)(C)O)ccc56)c(F)c4)c3c2=O)cc1,7.21,0.0,1
CHEMBL279,Cc1ccc(-c2c[nH]c3ccnc(Nc4ccc(Oc5ccnc6cc(OCC(C)(C)O)ccc56)c(F)c4)c3c2=O)cc1C,7.06,0.0,1
CHEMBL279,Cc1ccc(-c2cc(-c3ccc(NC(=O)Nc4ccccc4)cc3)nc(O)c2C#N)cc1,6.51,0.0,1
CHEMBL279,Cc1ccc(-c2cc3c(NC(=O)C4CC4)ncnc3o2)cc1,6.2,0.0,1
CHEMBL279,Cc1ccc(-c2cc3nccnc3c(NCCCCN)n2)cc1,5.8,0.0,1
CHEMBL279,Cc1ccc(-c2cc3nnnc(Cl)c3[se]2)cc1,4.79,0.014142135623730649,2
CHEMBL279,Cc1ccc(-c2cc3nnnc(N4CCOCC4)c3[se]2)cc1,4.59,0.014142135623730649,2
CHEMBL279,Cc1ccc(-c2ccn3c(-c4cccc(NC(=O)NCC(F)(F)F)c4)cnc3c2)nc1,7.57,0.0,1
CHEMBL279,Cc1ccc(-c2ccn3c(-c4cncc(NC(=O)NCC(F)(F)F)c4)cnc3c2)nn1,7.09,0.0,1
CHEMBL279,Cc1ccc(-c2cn(Cc3ccc(-c4cccnc4)cc3)nn2)cc1,7.8,0.0,1
CHEMBL279,Cc1ccc(-c2cn(Cc3ccc(-c4cncnc4)cc3)nn2)cc1,7.96,0.0,1
CHEMBL279,Cc1ccc(-c2cn(Cc3ccc(-c4cnn(C)c4)cc3)nn2)cc1,9.24,0.0,1
CHEMBL279,Cc1ccc(-c2cnc3c(-c4ccncc4)cnn3c2)cc1,7.21,0.0,1
CHEMBL279,Cc1ccc(-c2csc(NC(=O)CN3CCN(c4cc(=O)[nH]c5ccc(F)cc45)CC3)n2)cc1,6.53,0.0,1
CHEMBL279,Cc1ccc(-c2csc(NC(=O)CN3CCN(c4cc(=O)n(-c5ccccc5)c5ccccc45)CC3)n2)cc1,6.78,0.0,1
CHEMBL279,Cc1ccc(-c2n[nH]c3c2Cc2cc(CN4CCN(C)CC4)ccc2-3)s1,5.26,0.0,1
CHEMBL279,Cc1ccc(-c2n[nH]c3ncnc(N)c23)cc1O,6.62,0.0,1
CHEMBL279,Cc1ccc(-c2n[nH]c3ncnc(N)c23)cc1OCc1ccccc1,4.0,0.0,1
CHEMBL279,Cc1ccc(-c2nc3c4c(-c5ccccc5)c(-c5ccccc5)oc4ncn3n2)cc1,6.9,0.0,1
CHEMBL279,Cc1ccc(-c2nc3ccc(Nc4ccnc5ccccc45)cc3[nH]2)cc1,5.33,0.0,1
CHEMBL279,Cc1ccc(-c2nc3ccc(Nc4ncnc5ccccc45)cc3[nH]2)cc1,5.32,0.0,1
CHEMBL279,Cc1ccc(-c2nc3ccccc3n2CC(=O)N/N=C/c2ccccc2Cl)o1,5.9,0.0,1
CHEMBL279,Cc1ccc(-c2nn(C(C)(C)C)c3ncnc(N)c23)cc1,5.8,0.0,1
CHEMBL279,Cc1ccc(-c2nn(C(C)C)c3ncnc(N)c23)cc1O,8.0,0.0,1
CHEMBL279,Cc1ccc(-c2nn(C)c3ncnc(N)c23)cc1O,6.82,0.0,1
CHEMBL279,Cc1ccc(-c2oc3ccccc3c(=O)c2O)cc1,4.67,0.0,1
CHEMBL279,Cc1ccc(-n2cc(-c3ccccc3NCc3ccncc3)nn2)cc1C(F)(F)F,6.85,0.0,1
CHEMBL279,Cc1ccc(-n2cc(C(=O)c3c(C)[nH]c(-c4ccccc4)c3-c3ccccc3)c(C(=O)Nc3ccccc3)n2)cc1,5.36,0.0,1
CHEMBL279,Cc1ccc(-n2cc(NC(=O)c3ccc(NS(=O)(=O)c4ccc(Cl)cc4)cc3)cn2)cc1,5.54,0.0,1
CHEMBL279,Cc1ccc(-n2cc(NC(=O)c3ccc(NS(=O)(=O)c4ccccc4)cc3)cn2)cc1,5.16,0.0,1
CHEMBL279,Cc1ccc(-n2cc(NC(=O)c3cccc(NS(=O)(=O)c4ccc(Cl)cc4)c3)cn2)cc1,6.47,0.0,1
CHEMBL279,Cc1ccc(-n2cc(NC(=O)c3cccc(NS(=O)(=O)c4ccccc4)c3)cn2)cc1,6.24,0.0,1
CHEMBL279,Cc1ccc(-n2cc3c(-c4c(C)[nH]c(-c5ccccc5)c4-c4ccccc4)nnc(C)c3n2)cc1,5.36,0.0,1
CHEMBL279,Cc1ccc(-n2cc3c(-c4c[nH]c(-c5ccccc5)c4-c4ccccc4)nnc(O)c3n2)cc1,5.49,0.0,1
CHEMBL279,Cc1ccc(-n2nc(-c3c[nH]c4ccc(Br)cc34)c(C(=O)Nc3ccc([N+](=O)[O-])cc3)c2N)cc1,4.87,0.0,1
CHEMBL279,Cc1ccc(-n2nc(-c3c[nH]c4ccccc34)c(C(=O)Nc3ccc(Br)cc3)c2N)cc1,4.89,0.0,1
CHEMBL279,Cc1ccc(-n2nc(-c3c[nH]c4ccccc34)c(C(=O)Nc3ccc(C(F)(F)F)cc3)c2N)cc1,5.43,0.0,1
CHEMBL279,Cc1ccc(-n2nc(-c3ccncc3)c(-c3ccc(F)cc3)c2N)cc1,5.58,0.0,1
CHEMBL279,Cc1ccc(-n2nc(-c3cn(-c4ccccc4)c4ccccc34)c(C(=O)Nc3ccc([N+](=O)[O-])cc3)c2N)cc1,4.42,0.0,1
CHEMBL279,Cc1ccc(-n2nc(C(C)(C)C)cc2NC(=O)Nc2ccc(OCCN3CCOCC3)c3ccccc23)cc1,6.47,0.0,1
CHEMBL279,Cc1ccc(/C=C/c2n[nH]c3cc([C@@H]4C[C@@]45C(=O)Nc4ccccc45)ccc23)c(C)n1,5.68,0.0,1
CHEMBL279,Cc1ccc(/C=N/NC(=O)N2CCc3ncnc(Nc4cccc(C(F)(F)F)c4)c3C2)cc1,6.82,0.0,1
CHEMBL279,Cc1ccc(/C=N/n2c(-c3cc4ccccc4[nH]3)n[nH]c2=S)cc1,7.47,0.0,1
CHEMBL279,Cc1ccc(/N=N/c2sc(N/N=C3\C(=O)N(Cc4ccccc4)c4ccc(Cl)cc43)nc2C)cc1,6.82,0.0,1
CHEMBL279,Cc1ccc(/N=N/c2sc(N3N=C(c4c(O)c5ccccc5oc4=O)CC3c3ccc(N(C)C)cc3)nc2-c2ccccc2)cc1,7.47,0.0,1
CHEMBL279,Cc1ccc(C(/C=C/c2ccc(F)cc2)=N\Nc2nncc3ccccc23)cc1,9.15,0.0,1
CHEMBL279,Cc1ccc(C(=C2C(=O)Nc3ccc(C(=O)O)cc32)c2nc3ccccc3[nH]2)cc1,8.3,0.0,1
CHEMBL279,Cc1ccc(C(=C2C(=O)Nc3ccc(N)cc32)c2nc3ccccc3[nH]2)cc1,7.09,0.0,1
CHEMBL279,Cc1ccc(C(=C2C(=O)Nc3ccccc32)c2nc3ccccc3[nH]2)cc1,7.06,0.0,1
CHEMBL279,Cc1ccc(C(=O)/C=C/c2cc3cccc(C)c3nc2Cl)s1,6.58,0.0,1
CHEMBL279,Cc1ccc(C(=O)CN2CCN(c3nnc(-c4ccccc4)c4ccccc34)CC2)cc1,5.37,0.0,1
CHEMBL279,Cc1ccc(C(=O)NC2CC2)cc1-c1ccc2c(-c3ccccc3)nncc2c1,5.2,0.0,1
CHEMBL279,Cc1ccc(C(=O)NC2CC2)cc1-c1ccc2c(N3CCOCC3)nncc2c1,5.52,0.0,1
CHEMBL279,Cc1ccc(C(=O)NC2CC2)cc1-c1ccc2c(N3CCOC[C@@H]3C)nncc2c1,5.07,0.0,1
CHEMBL279,Cc1ccc(C(=O)NC2CC2)cc1-c1ccc2c(NCCN3CCOCC3)nncc2c1,5.29,0.0,1
CHEMBL279,Cc1ccc(C(=O)NC2CC2)cc1-c1ccc2c(OC(C)C)nncc2c1,5.94,0.0,1
CHEMBL279,Cc1ccc(C(=O)NC2CC2)cc1-c1ccc2c(O[C@@H](C)C(F)(F)F)nncc2c1,5.57,0.0,1
CHEMBL279,Cc1ccc(C(=O)NC2CC2)cc1-c1ccc2c(O[C@H](C)C(F)(F)F)nncc2c1,6.3,0.0,1
CHEMBL279,Cc1ccc(C(=O)NC2CC2)cc1-c1ccc2ccncc2c1,6.3,0.0,1
CHEMBL279,Cc1ccc(C(=O)NC2CC2)cc1-c1ccc2nc(NCCN3CCOCC3)ncc2c1,7.98,0.0,1
CHEMBL279,Cc1ccc(C(=O)Nc2cc(C(F)(F)F)ccc2N2CCCCC2)cc1Oc1ncccc1-c1ccncn1,5.89,0.0,1
CHEMBL279,Cc1ccc(C(=O)Nc2cc(CCCN(C)C)cc(C(F)(F)F)c2)cc1Nc1ncccc1-c1ccncn1,8.7,0.0,1
CHEMBL279,Cc1ccc(C(=O)Nc2ccc(-n3c(C)nc4c(cnn4-c4ccccc4)c3=O)cc2)cc1,6.58,0.0,1
CHEMBL279,Cc1ccc(C(=O)Nc2ccc(C(F)(F)F)cc2)cc1Nc1ncccc1-c1ccncn1,6.75,0.0,1
CHEMBL279,Cc1ccc(C(=O)Nc2ccc(C(F)(F)F)cc2)cc1Oc1ncccc1-c1ccncn1,6.15,0.0,1
CHEMBL279,Cc1ccc(C(=O)Nc2ccc(CN3CCN(C(=O)CCCc4cn(CCOCCOCCOCCNc5cccc6c5C(=O)N(C5CCC(=O)NC5=O)C6=O)nn4)CC3)c(C(F)(F)F)c2)cc1C#Cc1cnc2cccnn12,6.36,0.0,1
CHEMBL279,Cc1ccc(C(=O)Nc2ccc(CN3CCN(C)CC3)c(C(F)(F)F)c2)cc1C#Cc1cnc2cccnn12,8.441666666666666,0.45945257281537416,6
CHEMBL279,Cc1ccc(C(=O)Nc2ccc(CN3CCN(C)CC3)c(C(F)(F)F)c2)cc1C#Cc1cncc(N2CCCC2)c1,6.97,0.0,1
CHEMBL279,Cc1ccc(C(=O)Nc2ccc(CN3CCN(C)CC3)c(C(F)(F)F)c2)cc1C#Cc1cncc(N2CCN(C)CC2)c1,7.66,0.0,1
CHEMBL279,Cc1ccc(C(=O)Nc2ccc(CN3CCN(C)CC3)c(C(F)(F)F)c2)cc1C#Cc1cncc(N2CCOCC2)c1,7.05,0.0,1
CHEMBL279,Cc1ccc(C(=O)Nc2ccc(CN3CCN(C)CC3)c(C(F)(F)F)c2)cc1C#Cc1cncc(NC(C)C)c1,7.22,0.0,1
CHEMBL279,Cc1ccc(C(=O)Nc2ccc(CN3CCN(C)CC3)c(C(F)(F)F)c2)cc1C#Cc1cncc2c1ccn2C,7.2,0.0,1
CHEMBL279,Cc1ccc(C(=O)Nc2ccc(CN3CCN(C)CC3)c(C(F)(F)F)c2)cc1C#Cc1cncc2ccccc12,7.1,0.0,1
CHEMBL279,Cc1ccc(C(=O)Nc2ccc(NC(=O)/C=C/CN(C)C)c(C(F)(F)F)c2)cc1Nc1nccc(-c2cccnc2)n1,5.09,0.0,1
CHEMBL279,Cc1ccc(C(=O)Nc2ccc(NC(=O)CCl)c(C(F)(F)F)c2)cc1Nc1nccc(-c2cccnc2)n1,5.68,0.0,1
CHEMBL279,Cc1ccc(C(=O)Nc2ccc(Oc3cc4cnn(C)c4cc3-c3cn[nH]c3)c(F)c2)c(=O)n1-c1ccc(F)cc1,6.47,0.0,1
CHEMBL279,Cc1ccc(C(=O)Nc2cccc(C#Cc3ccc4nccn4n3)c2)cc1,5.49,0.0,1
CHEMBL279,Cc1ccc(C(=O)Nc2cccc(C(C)C)c2)cc1N1CCc2nc(CS)ncc2C1,7.51,0.0,1
CHEMBL279,Cc1ccc(C(=O)Nc2cccc(C(C)C)c2)cc1N1CCc2nc(N)ncc2C1,7.85,0.0,1
CHEMBL279,Cc1ccc(C(=O)Nc2cccc(C(C)C)c2)cc1N1CCc2ncncc2C1,7.96,0.0,1
CHEMBL279,Cc1ccc(C(=O)Nc2cccc(C(F)(F)F)c2)cc1-c1ccc2nc(N)ncc2c1,8.7,0.0,1
CHEMBL279,Cc1ccc(C(=O)Nc2cccc(C(F)(F)F)c2)cc1-c1ccc2nc(NCCN3CCOCC3)ncc2c1,9.0,0.0,1
CHEMBL279,Cc1ccc(C(=O)Nc2cccc(C(F)(F)F)c2)cc1C#Cc1ccc(N)nc1,9.0,0.0,1
CHEMBL279,Cc1ccc(C(=O)Nc2cccc(C(F)(F)F)c2)cc1C#Cc1cnc(N)nc1,8.7,0.0,1
CHEMBL279,Cc1ccc(C(=O)Nc2cccc(C(F)(F)F)c2)cc1C#Cc1cnc2ccccc2c1,9.0,0.0,1
CHEMBL279,Cc1ccc(C(=O)Nc2cccc(C(F)(F)F)c2)cc1C#Cc1cnc2ccccc2n1,8.4,0.0,1
CHEMBL279,Cc1ccc(C(=O)Nc2cccc(C(F)(F)F)c2)cc1C(=O)Nc1ccc(N)nc1,6.33,0.0,1
CHEMBL279,Cc1ccc(C(=O)Nc2cccc(C(F)(F)F)c2)cc1C(=O)Nc1cccnc1,6.53,0.0,1
CHEMBL279,Cc1ccc(C(=O)Nc2cccc(C(F)(F)F)c2)cc1C(=O)Nc1cnc(N)nc1,6.69,0.0,1
CHEMBL279,Cc1ccc(C(=O)Nc2cccc(C(F)(F)F)c2)cc1C(=O)Nc1cnc(Nc2ccc(N3CCN(C)CC3)cc2)nc1,8.3,0.0,1
CHEMBL279,Cc1ccc(C(=O)Nc2cccc(C(F)(F)F)c2)cc1C(=O)Nc1cncnc1,5.45,0.0,1
CHEMBL279,Cc1ccc(C(=O)Nc2cccc(C(F)(F)F)c2)cc1N1CCc2nc(CS)ncc2C1,7.15,0.0,1
CHEMBL279,Cc1ccc(C(=O)Nc2cccc(C(F)(F)F)c2)cc1N1CCc2nc(N)ncc2C1,8.1,0.0,1
CHEMBL279,Cc1ccc(C(=O)Nc2cccc(C(F)(F)F)c2)cc1N1CCc2ncncc2C1,6.98,0.0,1
CHEMBL279,Cc1ccc(C(=O)Nc2cccc(C(F)(F)F)c2)cc1Nc1ncccc1-c1ccncn1,8.39,0.014142135623730649,2
CHEMBL279,Cc1ccc(C(=O)Nc2cccc(C(F)(F)F)c2)cc1Oc1ncccc1-c1ccncn1,7.23,0.0,1
CHEMBL279,Cc1ccc(C(=O)Nc2cccc(C(F)(F)F)c2C)cc1-c1ccc2nc(N(C)CCCN3CCOCC3)ncc2c1,6.54,0.0,1
CHEMBL279,Cc1ccc(C(=O)Nc2cccc(C(F)(F)F)c2C)cc1-c1ccc2nc(N)ncc2c1,7.82,0.0,1
CHEMBL279,Cc1ccc(C(=O)Nc2cccc(C(F)(F)F)c2C)cc1-c1ccc2nc(NC3CC3)ncc2c1,8.22,0.0,1
CHEMBL279,Cc1ccc(C(=O)Nc2cccc(C(F)(F)F)c2C)cc1-c1ccc2nc(NC3CCN(C)CC3)ncc2c1,6.99,0.0,1
CHEMBL279,Cc1ccc(C(=O)Nc2cccc(C(F)(F)F)c2C)cc1-c1ccc2nc(NCCCN3CCOCC3)ncc2c1,8.15,0.0,1
CHEMBL279,Cc1ccc(C(=O)Nc2cccc(C(F)(F)F)c2C)cc1-c1ccc2nc(NCCN3CCCC3)ncc2c1,6.61,0.0,1
CHEMBL279,Cc1ccc(C(=O)Nc2cccc(C(F)(F)F)c2C)cc1-c1ccc2nc(NCCN3CCCCC3)ncc2c1,6.76,0.0,1
CHEMBL279,Cc1ccc(C(=O)Nc2cccc(C(F)(F)F)c2C)cc1-c1ccc2nc(NCCN3CCOCC3)ncc2c1,7.82,0.0,1
CHEMBL279,Cc1ccc(C(=O)Nc2cccc(C(F)(F)F)c2C)cc1-c1ccc2nc(Nc3ccccc3)ncc2c1,8.4,0.0,1
CHEMBL279,Cc1ccc(C(=O)Nc2cccc3cccnc23)c(O)c1,8.02,0.0,1
CHEMBL279,Cc1ccc(C(=O)Nc2ccccc2)cc1Nc1ncccc1-c1ccncn1,6.36,0.0,1
CHEMBL279,Cc1ccc(C(=O)Nc2ncnc3oc(-c4ccccc4)c(-c4ccccc4)c23)cc1,6.71,0.0,1
CHEMBL279,Cc1ccc(C(=O)O)c(N/C=C/C(=O)c2ccc(NC(=S)Nc3ccc(S(=O)(=O)Nc4ccccn4)cc3)cc2)c1,6.68,0.0,1
CHEMBL279,Cc1ccc(C(C)O)cc1N(C)c1ccnc(Nc2cc(N3CCOCC3)cc(N3CCOCC3)c2)n1,6.23,0.0,1
CHEMBL279,Cc1ccc(C(F)(F)F)cc1NC(=O)Nc1ccc(Oc2ccnc3cc(OCCCN4CCOCC4)c4c(c23)OCCO4)cc1,6.56,0.0,1
CHEMBL279,Cc1ccc(C)c(N(C)c2ccnc(Nc3cc(N4CCOCC4)cc(N4CCOCC4)c3)n2)c1,6.01,0.0,1
CHEMBL279,Cc1ccc(C)c(NC(=O)CSc2nc3ccccc3c(=O)n2-c2ccc(S(N)(=O)=O)cc2)c1,6.32,0.0,1
CHEMBL279,Cc1ccc(C2=NN(C(N)=S)C(c3ccc4ccccc4c3)C2)cc1,5.68,0.0,1
CHEMBL279,Cc1ccc(C2=NN(c3ccccc3)C(c3ccc4ccccc4c3)C2)cc1,5.81,0.0,1
CHEMBL279,Cc1ccc(C2=Nc3c(N)ncnc3NCC2)cc1,5.4,0.0,1
CHEMBL279,Cc1ccc(C2=Nc3c(N)ncnc3NCC2)cc1NC(=O)Nc1cccc(C(F)(F)F)c1,8.22,0.0,1
CHEMBL279,Cc1ccc(CC(=O)Nc2ccc3[nH]c(-c4ccc(Cl)cc4)nc3c2)cc1,7.13,0.0,1
CHEMBL279,Cc1ccc(CC(=O)Nc2ccc3oc(-c4ccccc4Br)nc3c2)cc1,6.07,0.0,1
CHEMBL279,Cc1ccc(CC(=O)Nc2ccc3oc(-c4ccccc4Cl)nc3c2)cc1,6.31,0.0,1
CHEMBL279,Cc1ccc(CC(=O)Nc2ccc3oc(-c4ccccc4F)nc3c2)cc1,6.63,0.0,1
CHEMBL279,Cc1ccc(CCCN(C)C)cc1Nc1ncc2c(n1)-c1ccc(Cl)cc1NC(=S)C2,8.0,0.0,1
CHEMBL279,Cc1ccc(CN2C(=O)/C(=N\c3ccc(NC(=O)Nc4ccc(S(N)(=O)=O)cc4)cc3)c3ccccc32)cc1,6.33,0.0,1
CHEMBL279,Cc1ccc(CO)cc1N(C)c1ccnc(Nc2cc(N3CCOCC3)cc(N3CCOCC3)c2)n1,6.09,0.0,1
CHEMBL279,Cc1ccc(CS(C)(=O)=O)cc1Nc1nccc(Oc2ccc(NC(=O)C3(C(=O)Nc4ccc(F)cc4)CC3)cc2F)n1,7.61,0.0,1
CHEMBL279,Cc1ccc(Cc2cc(-c3ccc(F)cc3)nnc2O)cc1,4.29,0.0,1
CHEMBL279,Cc1ccc(F)c(C(=O)Nc2ccc(Oc3ccnc(-c4ccc[nH]4)c3)cc2)c1,5.0,0.0,1
CHEMBL279,Cc1ccc(F)c(C(=O)Nc2ccc3sc(-c4cc(C(=O)N=S(C)(C)=O)cnc4N)cc3c2)c1,6.945,0.5020458146424484,2
CHEMBL279,Cc1ccc(F)c(C(=O)Nc2cccc(C#Cc3cc(C(=O)N=S(C)(C)=O)cnc3N)c2)c1,8.15,0.0,1
CHEMBL279,Cc1ccc(F)c(C(=O)Nc2cccc(C#Cc3cc(C(=O)N=S4(=O)CCN(C(=O)OC(C)(C)C)CC4)cnc3N)c2)c1,7.82,0.0,1
CHEMBL279,Cc1ccc(F)c(C(=O)Nc2cccc(C#Cc3cc(C(=O)N=S4(=O)CCN(C(N)=O)CC4)cnc3N)c2)c1,7.82,0.0,1
CHEMBL279,Cc1ccc(F)c(C(=O)Nc2cccc(C#Cc3cc(C(=O)N=S4(=O)CCNCC4)cnc3N)c2)c1,7.8,0.0,1
CHEMBL279,Cc1ccc(F)c(C(=O)Nc2cccc(C#Cc3cc(C(=O)N=S4(=O)CCOCC4)cnc3N)c2)c1,7.8,0.0,1
CHEMBL279,Cc1ccc(F)c(C(=O)Nc2cccc(C#Cc3ccc4nc(N)cn4n3)c2)c1,7.06,0.0,1
CHEMBL279,Cc1ccc(F)c(C(=O)Nc2cccc(C#Cc3ccc4nccn4n3)c2)c1,5.79,0.0,1
CHEMBL279,Cc1ccc(F)c(C(=O)Nc2cccc(C#Cc3cncc(C(=O)N=S(=O)(CCCO)CCCO)c3)c2)c1,8.05,0.0,1
CHEMBL279,Cc1ccc(F)c(C(=O)Nc2csc(-c3cc4ccccc4n3C(N)=O)c2)c1,5.44,0.0,1
CHEMBL279,Cc1ccc(F)c(C(=O)n2nc(Nc3ccc(S(N)(=O)=O)cc3)nc2C)c1F,6.29,0.0,1
CHEMBL279,Cc1ccc(F)c(N(C(N)=O)c2ccc(-c3cccc4[nH]nc(N)c34)cc2)c1,8.21,0.0,1
CHEMBL279,Cc1ccc(F)c(NC(=O)Nc2ccc(-c3[nH]c4ccccc4c3C(N)=O)cc2)c1,7.77,0.0,1
CHEMBL279,Cc1ccc(F)c(NC(=O)Nc2ccc(-c3c(C)sc4ncnc(N)c34)cc2)c1,7.47,0.0,1
CHEMBL279,Cc1ccc(F)c(NC(=O)Nc2ccc(-c3cc(B(O)O)cnc3N)cc2)c1,7.42,0.2545584412271567,2
CHEMBL279,Cc1ccc(F)c(NC(=O)Nc2ccc(-c3cc(B4OC(C)(C)C(C)(C)O4)cnc3N)cc2)c1,7.45,0.24041630560342606,2
CHEMBL279,Cc1ccc(F)c(NC(=O)Nc2ccc(-c3cc(C(=O)N=S(=O)(CCCO)CCCO)cnc3N)cc2)c1,7.29,0.4101219330881976,2
CHEMBL279,Cc1ccc(F)c(NC(=O)Nc2ccc(-c3cc(C(=O)N=S(C)(C)=O)cnc3N)cc2)c1,8.22,0.0,1
CHEMBL279,Cc1ccc(F)c(NC(=O)Nc2ccc(-c3cc(O)nc4[nH]nc(C)c34)cc2)c1,5.73,0.0,1
CHEMBL279,Cc1ccc(F)c(NC(=O)Nc2ccc(-c3cc4ccccc4n3C(N)=O)cc2)c1,8.05,0.0,1
CHEMBL279,Cc1ccc(F)c(NC(=O)Nc2ccc(-c3ccc(C)c4onc(N)c34)cc2)c1,7.15,0.0,1
CHEMBL279,Cc1ccc(F)c(NC(=O)Nc2ccc(-c3ccc(CN4CCOCC4)c4onc(N)c34)cc2)c1,6.44,0.0,1
CHEMBL279,Cc1ccc(F)c(NC(=O)Nc2ccc(-c3ccc(F)c4onc(N)c34)cc2)c1,6.68,0.0,1
CHEMBL279,Cc1ccc(F)c(NC(=O)Nc2ccc(-c3ccc(OC(F)(F)F)c4onc(N)c34)cc2)c1,6.8,0.0,1
CHEMBL279,Cc1ccc(F)c(NC(=O)Nc2ccc(-c3ccc(OCCC(C)(C)N)c4[nH]nc(N)c34)c3ccccc23)c1,7.32,0.0,1
CHEMBL279,Cc1ccc(F)c(NC(=O)Nc2ccc(-c3ccc(OCCCN4CCCC4)c4[nH]nc(N)c34)c3ccccc23)c1,7.52,0.0,1
CHEMBL279,Cc1ccc(F)c(NC(=O)Nc2ccc(-c3ccc(OCCN4CCOCC4)c4onc(N)c34)cc2)c1,7.35,0.0,1
CHEMBL279,Cc1ccc(F)c(NC(=O)Nc2ccc(-c3cccc4[nH]nc(N)c34)cc2)c1,7.868,0.8166210871634413,5
CHEMBL279,Cc1ccc(F)c(NC(=O)Nc2ccc(-c3cccc4onc(N)c34)cc2)c1,7.68,0.0,1
CHEMBL279,Cc1ccc(F)c(NC(=O)Nc2ccc(-c3cccc4snc(N)c34)cc2)c1,6.2,0.0,1
CHEMBL279,Cc1ccc(F)c(NC(=O)Nc2ccc(-c3ccnc(-c4cc[nH]c4)c3)cc2)c1,5.46,0.0,1
CHEMBL279,Cc1ccc(F)c(NC(=O)Nc2ccc(-c3ccnc(-c4ccc[nH]4)c3)cc2)c1,5.86,0.0,1
CHEMBL279,Cc1ccc(F)c(NC(=O)Nc2ccc(-c3ccnc4[nH]nc(C)c34)cc2)c1,5.37,0.0,1
CHEMBL279,Cc1ccc(F)c(NC(=O)Nc2ccc(-c3ccnc4[nH]nc(N)c34)cc2)c1,8.7,0.0,1
CHEMBL279,Cc1ccc(F)c(NC(=O)Nc2ccc(-c3ccnc4cc(C(=O)O)sc34)cc2)c1,4.0,0.0,1
CHEMBL279,Cc1ccc(F)c(NC(=O)Nc2ccc(-c3cnc4ccnn4c3N)cc2)c1,7.13,0.0,1
CHEMBL279,Cc1ccc(F)c(NC(=O)Nc2ccc(-c3cncc4[nH]nc(N)c34)c3ccccc23)c1,8.29,0.0,1
CHEMBL279,Cc1ccc(F)c(NC(=O)Nc2ccc(-c3cncc4[nH]nc(N)c34)cc2)c1,8.68,0.0,1
CHEMBL279,Cc1ccc(F)c(NC(=O)Nc2ccc(-c3cncc4c3c(N)nn4C)cc2)c1,8.11,0.0,1
CHEMBL279,Cc1ccc(F)c(NC(=O)Nc2ccc(-c3nccc4[nH]nc(N)c34)cc2)c1,7.75,0.0,1
CHEMBL279,Cc1ccc(F)c(NC(=O)Nc2ccc(-c3nn(CCCCCCCC(=O)NO)c4ncnc(N)c34)cc2)c1,8.66,0.0,1
CHEMBL279,Cc1ccc(F)c(NC(=O)Nc2ccc(-c3nn(CCCN(C)CCCC(=O)NO)c4ncnc(N)c34)cc2)c1,6.24,0.0,1
CHEMBL279,Cc1ccc(F)c(NC(=O)Nc2ccc(-c3nsc(N)c3C(N)=O)cc2)c1,7.62,0.0,1
CHEMBL279,Cc1ccc(F)c(NC(=O)Nc2ccc(-c3nsc(NC(=O)NCCCN4CCOCC4)c3C(N)=O)c(C)c2)c1,7.57,0.0,1
CHEMBL279,Cc1ccc(F)c(NC(=O)Nc2ccc(-c3nsc(NC(=O)NCCCN4CCOCC4)c3C(N)=O)cc2)c1,7.85,0.0,1
CHEMBL279,Cc1ccc(F)c(NC(=O)Nc2ccc(-c3nsc4ncnc(N)c34)cc2)c1,8.1,0.0,1
CHEMBL279,Cc1ccc(F)c(NC(=O)Nc2ccc(-c3snc(N)c3C(N)=O)cc2)c1,7.92,0.0,1
CHEMBL279,Cc1ccc(F)c(NC(=O)Nc2ccc(-c3snc(NCCCN4CCOCC4)c3C(N)=O)cc2)c1,7.57,0.0,1
CHEMBL279,Cc1ccc(F)c(NC(=O)Nc2ccc(C#Cc3ccc4nccn4n3)cc2)c1,7.0,0.0,1
CHEMBL279,Cc1ccc(F)c(NC(=O)Nc2ccc(C#Cc3cccc4[nH]nc(N)c34)cc2)c1,7.05,0.0,1
CHEMBL279,Cc1ccc(F)c(NC(=O)Nc2ccc(C3=Nc4c(N)ncnc4NCC3)cc2)c1,7.19,0.0,1
CHEMBL279,Cc1ccc(F)c(NC(=O)Nc2ccc(C3CN=C4c5ccccc5NC(=O)N4C3)c(C)c2)c1,6.41,0.0,1
CHEMBL279,Cc1ccc(F)c(NC(=O)Nc2ccc(Oc3cc(N)nc(-c4ccc[nH]4)c3)cc2)c1,5.57,0.0,1
CHEMBL279,Cc1ccc(F)c(NC(=O)Nc2ccc(Oc3ccnc(-c4c[nH]c(C(=O)N(C)C)c4)c3)cc2)c1,7.52,0.0,1
CHEMBL279,Cc1ccc(F)c(NC(=O)Nc2ccc(Oc3ccnc(-c4c[nH]c(C(=O)O)c4)c3)cc2)c1,7.55,0.0,1
CHEMBL279,Cc1ccc(F)c(NC(=O)Nc2ccc(Oc3ccnc(-c4c[nH]c(C(=O)OCCO)c4)c3)cc2)c1,7.44,0.0,1
CHEMBL279,Cc1ccc(F)c(NC(=O)Nc2ccc(Oc3ccnc(-c4cc(C(=O)N5CC5)c[nH]4)c3)cc2)c1,7.68,0.0,1
CHEMBL279,Cc1ccc(F)c(NC(=O)Nc2ccc(Oc3ccnc(-c4cc(C(=O)N5CCC(C(=O)O)C5)c[nH]4)c3)cc2)c1,7.66,0.0,1
CHEMBL279,Cc1ccc(F)c(NC(=O)Nc2ccc(Oc3ccnc(-c4cc(C(=O)N5CCC(C(=O)O)C5)c[nH]4)c3)cc2F)c1,7.82,0.0,1
CHEMBL279,Cc1ccc(F)c(NC(=O)Nc2ccc(Oc3ccnc(-c4cc(C(=O)N5CCC(CC(=O)O)CC5)c[nH]4)c3)cc2)c1,7.51,0.0,1
CHEMBL279,Cc1ccc(F)c(NC(=O)Nc2ccc(Oc3ccnc(-c4cc(C(=O)N5CCC(O)CC5)c[nH]4)c3)cc2)c1,6.99,0.0,1
CHEMBL279,Cc1ccc(F)c(NC(=O)Nc2ccc(Oc3ccnc(-c4cc(C(=O)N5CCC(S(=O)(=O)O)CC5)c[nH]4)c3)cc2)c1,7.57,0.0,1
CHEMBL279,Cc1ccc(F)c(NC(=O)Nc2ccc(Oc3ccnc(-c4cc(C(=O)N5CCC5)c[nH]4)c3)cc2)c1,7.64,0.0,1
CHEMBL279,Cc1ccc(F)c(NC(=O)Nc2ccc(Oc3ccnc(-c4cc(C(=O)N5CCN(C)CC5)c[nH]4)c3)cc2)c1,7.57,0.0,1
CHEMBL279,Cc1ccc(F)c(NC(=O)Nc2ccc(Oc3ccnc(-c4cc(C(=O)N5CC[C@@H](O)C5)c[nH]4)c3)cc2)c1,7.82,0.0,1
CHEMBL279,Cc1ccc(F)c(NC(=O)Nc2ccc(Oc3ccnc(-c4cc(C(=O)N5CC[C@H](O)C5)c[nH]4)c3)cc2)c1,7.82,0.0,1
CHEMBL279,Cc1ccc(F)c(NC(=O)Nc2ccc(Oc3ccnc(-c4cc(C(=O)NCC(=O)N5CC[C@H](O)C5)c[nH]4)c3)cc2)c1,7.8,0.0,1
CHEMBL279,Cc1ccc(F)c(NC(=O)Nc2ccc(Oc3ccnc(-c4cc(C(=O)NCC(=O)NCC(O)CO)c[nH]4)c3)cc2)c1,7.7,0.0,1
CHEMBL279,Cc1ccc(F)c(NC(=O)Nc2ccc(Oc3ccnc(-c4cc(C(=O)NCC(=O)O)c[nH]4)c3)cc2)c1,7.89,0.0,1
CHEMBL279,Cc1ccc(F)c(NC(=O)Nc2ccc(Oc3ccnc(-c4cc(C(=O)NCC(O)CO)c[nH]4)c3)cc2)c1,7.68,0.0,1
CHEMBL279,Cc1ccc(F)c(NC(=O)Nc2ccc(Oc3ccnc(-c4cc(C(=O)NCCC(=O)O)c[nH]4)c3)cc2)c1,7.72,0.0,1
CHEMBL279,Cc1ccc(F)c(NC(=O)Nc2ccc(Oc3ccnc(-c4cc(C(=O)NCCC(=O)O)c[nH]4)c3)cc2F)c1,7.62,0.0,1
CHEMBL279,Cc1ccc(F)c(NC(=O)Nc2ccc(Oc3ccnc(-c4cc(C(=O)NCCCC(=O)N(C)CC(O)CO)c[nH]4)c3)cc2)c1,7.6,0.0,1
CHEMBL279,Cc1ccc(F)c(NC(=O)Nc2ccc(Oc3ccnc(-c4cc(C(=O)NCCCC(=O)N5CCCC(O)C5)c[nH]4)c3)cc2)c1,7.55,0.0,1
CHEMBL279,Cc1ccc(F)c(NC(=O)Nc2ccc(Oc3ccnc(-c4cc(C(=O)NCCCC(=O)N5CC[C@@H](O)C5)c[nH]4)c3)cc2)c1,7.41,0.0,1
CHEMBL279,Cc1ccc(F)c(NC(=O)Nc2ccc(Oc3ccnc(-c4cc(C(=O)NCCCC(=O)NCC(O)CO)c[nH]4)c3)cc2)c1,7.54,0.0,1
CHEMBL279,Cc1ccc(F)c(NC(=O)Nc2ccc(Oc3ccnc(-c4cc(C(=O)NCCCC(=O)NO)c[nH]4)c3)cc2)c1,7.37,0.0,1
CHEMBL279,Cc1ccc(F)c(NC(=O)Nc2ccc(Oc3ccnc(-c4cc(C(=O)NCCCC(=O)O)c[nH]4)c3)cc2)c1,7.82,0.0,1
CHEMBL279,Cc1ccc(F)c(NC(=O)Nc2ccc(Oc3ccnc(-c4cc(C(=O)NCCCC(=O)O)c[nH]4)c3)cc2F)c1,7.77,0.0,1
CHEMBL279,Cc1ccc(F)c(NC(=O)Nc2ccc(Oc3ccnc(-c4cc(C(=O)NCCCC(N)=O)c[nH]4)c3)cc2)c1,7.64,0.0,1
CHEMBL279,Cc1ccc(F)c(NC(=O)Nc2ccc(Oc3ccnc(-c4cc(C(=O)NCCCN5CCOCC5)c[nH]4)c3)cc2)c1,8.0,0.0,1
CHEMBL279,Cc1ccc(F)c(NC(=O)Nc2ccc(Oc3ccnc(-c4cc(C(=O)NCCCO)c[nH]4)c3)cc2)c1,7.42,0.0,1
CHEMBL279,Cc1ccc(F)c(NC(=O)Nc2ccc(Oc3ccnc(-c4cc(C(=O)NCCN5CCCC5)c[nH]4)c3)cc2)c1,7.82,0.0,1
CHEMBL279,Cc1ccc(F)c(NC(=O)Nc2ccc(Oc3ccnc(-c4cc(C(=O)NCCO)c[nH]4)c3)cc2)c1,7.28,0.0,1
CHEMBL279,Cc1ccc(F)c(NC(=O)Nc2ccc(Oc3ccnc(-c4cc(C(=O)NCCOCCOCCOCCO)c[nH]4)c3)cc2)c1,8.0,0.0,1
CHEMBL279,Cc1ccc(F)c(NC(=O)Nc2ccc(Oc3ccnc(-c4cc(C(=O)NO)c[nH]4)c3)cc2)c1,7.85,0.0,1
CHEMBL279,Cc1ccc(F)c(NC(=O)Nc2ccc(Oc3ccnc(-c4cc(C(=O)NO)c[nH]4)c3)cc2F)c1,7.64,0.0,1
CHEMBL279,Cc1ccc(F)c(NC(=O)Nc2ccc(Oc3ccnc(-c4cc(C(=O)N[C@@H](CCC(=O)O)C(=O)O)c[nH]4)c3)cc2)c1,7.52,0.0,1
CHEMBL279,Cc1ccc(F)c(NC(=O)Nc2ccc(Oc3ccnc(-c4cc(C(=O)N[C@@H](CCC(=O)OCC(O)CO)C(=O)OCC(O)CO)c[nH]4)c3)cc2)c1,7.44,0.0,1
CHEMBL279,Cc1ccc(F)c(NC(=O)Nc2ccc(Oc3ccnc(-c4cc(C(=O)O)c[nH]4)c3)c(F)c2)c1,7.75,0.0,1
CHEMBL279,Cc1ccc(F)c(NC(=O)Nc2ccc(Oc3ccnc(-c4cc(C(=O)O)c[nH]4)c3)cc2)c1,7.51,0.0,1
CHEMBL279,Cc1ccc(F)c(NC(=O)Nc2ccc(Oc3ccnc(-c4cc(C(=O)O)c[nH]4)c3)cc2F)c1,7.77,0.0,1
CHEMBL279,Cc1ccc(F)c(NC(=O)Nc2ccc(Oc3ccnc(-c4cc(C(=O)OCC(O)CO)c[nH]4)c3)cc2)c1,7.37,0.0,1
CHEMBL279,Cc1ccc(F)c(NC(=O)Nc2ccc(Oc3ccnc(-c4cc(C(=O)OCCO)c[nH]4)c3)cc2)c1,7.51,0.0,1
CHEMBL279,Cc1ccc(F)c(NC(=O)Nc2ccc(Oc3ccnc(-c4cc(C(N)=O)c[nH]4)c3)cc2)c1,7.68,0.0,1
CHEMBL279,Cc1ccc(F)c(NC(=O)Nc2ccc(Oc3ccnc(-c4ccc[nH]4)c3)cc2)c1,7.58,0.0,1
CHEMBL279,Cc1ccc(F)c(NC(=O)Nc2ccc(Oc3ccnc(-c4csc(C(=O)NCC(=O)O)c4)c3)cc2)c1,7.96,0.0,1
CHEMBL279,Cc1ccc(F)c(NC(=O)Nc2ccc(Oc3ccnc(-c4csc(C(=O)O)c4)c3)cc2)c1,7.62,0.0,1
CHEMBL279,Cc1ccc(F)c(NC(=O)Nc2ccc(Oc3ccnc4cc(C(=O)N=S(C)(C)=O)sc34)cc2)c1,8.7,0.0,1
CHEMBL279,Cc1ccc(F)c(NC(=O)Nc2ccc(Oc3ccnc4cc(C(=O)N=S(C)(C)=O)sc34)cc2F)c1,8.52,0.0,1
CHEMBL279,Cc1ccc(F)c(NC(=O)Nc2ccc(Oc3ccnc4cc(C(=O)NCCC(=O)O)sc34)cc2)c1,7.96,0.0,1
CHEMBL279,Cc1ccc(F)c(NC(=O)Nc2ccc(Oc3ccnc4cc(C(=O)NCCC(=O)O)sc34)cc2F)c1,8.0,0.0,1
CHEMBL279,Cc1ccc(F)c(NC(=O)Nc2ccc(Oc3ccnc4cc(C(=O)NCCCC(=O)O)sc34)cc2)c1,7.92,0.0,1
CHEMBL279,Cc1ccc(F)c(NC(=O)Nc2ccc(Oc3ccnc4cc(C(=O)NCCCC(=O)O)sc34)cc2F)c1,7.89,0.0,1
CHEMBL279,Cc1ccc(F)c(NC(=O)Nc2ccc(Oc3ccnc4cc(C(=O)NCCCN)sc34)cc2F)c1,8.15,0.0,1
CHEMBL279,Cc1ccc(F)c(NC(=O)Nc2ccc(Oc3ccnc4cc(C(=O)NCCCN5CCC(C(=O)O)C5)sc34)cc2F)c1,7.8,0.0,1
CHEMBL279,Cc1ccc(F)c(NC(=O)Nc2ccc(Oc3ccnc4cc(C(=O)NCCCN5CCC(O)CC5)sc34)cc2F)c1,8.15,0.0,1
CHEMBL279,Cc1ccc(F)c(NC(=O)Nc2ccc(Oc3ccnc4cc(C(=O)NCCCN5CCCC(CO)C5)sc34)cc2)c1,8.52,0.0,1
CHEMBL279,Cc1ccc(F)c(NC(=O)Nc2ccc(Oc3ccnc4cc(C(=O)NCCCN5CCCC(CO)C5)sc34)cc2F)c1,8.15,0.0,1
CHEMBL279,Cc1ccc(F)c(NC(=O)Nc2ccc(Oc3ccnc4cc(C(=O)NCCCN5CCCC5)sc34)cc2)c1,8.22,0.0,1
CHEMBL279,Cc1ccc(F)c(NC(=O)Nc2ccc(Oc3ccnc4cc(C(=O)NCCCN5CCCC5)sc34)cc2F)c1,8.52,0.0,1
CHEMBL279,Cc1ccc(F)c(NC(=O)Nc2ccc(Oc3ccnc4cc(C(=O)NCCCN5CCCCC5)sc34)cc2)c1,8.4,0.0,1
CHEMBL279,Cc1ccc(F)c(NC(=O)Nc2ccc(Oc3ccnc4cc(C(=O)NCCCN5CCN(C)CC5)sc34)cc2)c1,8.7,0.0,1
CHEMBL279,Cc1ccc(F)c(NC(=O)Nc2ccc(Oc3ccnc4cc(C(=O)NCCCN5CCN(C)CC5)sc34)cc2F)c1,8.52,0.0,1
CHEMBL279,Cc1ccc(F)c(NC(=O)Nc2ccc(Oc3ccnc4cc(C(=O)NCCCN5CCOC(CO)C5)sc34)cc2)c1,8.15,0.0,1
CHEMBL279,Cc1ccc(F)c(NC(=O)Nc2ccc(Oc3ccnc4cc(C(=O)NCCCN5CCOC(CO)C5)sc34)cc2F)c1,8.15,0.0,1
CHEMBL279,Cc1ccc(F)c(NC(=O)Nc2ccc(Oc3ccnc4cc(C(=O)NCCCN5CCOCC5)sc34)cc2F)c1,7.96,0.0,1
CHEMBL279,Cc1ccc(F)c(NC(=O)Nc2ccc(Oc3ccnc4cc(C(=O)NCCCNC(=O)OC(C)(C)C)sc34)cc2F)c1,7.96,0.0,1
CHEMBL279,Cc1ccc(F)c(NC(=O)Nc2ccc(Oc3ccnc4cc(C(=O)NCCCO)sc34)cc2F)c1,7.92,0.0,1
CHEMBL279,Cc1ccc(F)c(NC(=O)Nc2ccc(Oc3ccnc4cc(C(=O)NCCCc5nn[nH]n5)sc34)cc2)c1,8.52,0.0,1
CHEMBL279,Cc1ccc(F)c(NC(=O)Nc2ccc(Oc3ccnc4cc(C(=O)NCCN)sc34)cc2F)c1,8.4,0.0,1
CHEMBL279,Cc1ccc(F)c(NC(=O)Nc2ccc(Oc3ccnc4cc(C(=O)NCCNC(=O)OC(C)(C)C)sc34)cc2F)c1,7.62,0.0,1
CHEMBL279,Cc1ccc(F)c(NC(=O)Nc2ccc(Oc3ccnc4cc(C(=O)NCCc5nn[nH]n5)sc34)cc2)c1,8.22,0.0,1
CHEMBL279,Cc1ccc(F)c(NC(=O)Nc2ccc(Oc3ccnc4cc(C(=O)N[C@@H](CCC(=O)OC(C)(C)C)C(=O)O)sc34)cc2F)c1,8.15,0.0,1
CHEMBL279,Cc1ccc(F)c(NC(=O)Nc2ccc(Oc3ccnc4cc(C(=O)O)sc34)cc2)c1,7.7,0.0,1
CHEMBL279,Cc1ccc(F)c(NC(=O)Nc2ccc(Oc3ccnc4cc(C(=O)O)sc34)cc2F)c1,7.96,0.0,1
CHEMBL279,Cc1ccc(F)c(NC(=O)Nc2ccc(Sc3ccnc(-c4cc(C(=O)O)c[nH]4)c3)cc2)c1,7.16,0.0,1
CHEMBL279,Cc1ccc(F)c(NC(=O)Nc2ccc3sc(-c4cc(B5OC(C)(C)C(C)(C)O5)cnc4N)cc3c2)c1,7.8,0.2828427124746193,2
CHEMBL279,Cc1ccc(F)c(NC(=O)Nc2ccc3sc(-c4cc(C(=O)N=S(C)(C)=O)cnc4N)cc3c2)c1,7.935,0.23334523779156074,2
CHEMBL279,Cc1ccc(F)c(NC(=O)Nc2ccc3sc(-c4cc(C(=O)O)cnc4N)cc3c2)c1,7.42,0.0,1
CHEMBL279,Cc1ccc(F)c(NC(=O)Nc2cccc(-c3cc4ccccc4n3C(N)=O)c2)c1,6.48,0.0,1
CHEMBL279,Cc1ccc(F)c(NC(=O)Nc2cccc(-c3ccnc(-c4ccc[nH]4)c3)c2)c1,5.15,0.0,1
CHEMBL279,Cc1ccc(F)c(NC(=O)Nc2cccc(C#Cc3ccc4nccn4n3)c2)c1,5.33,0.0,1
CHEMBL279,Cc1ccc(F)c(NC(=O)Nc2cccc(C#Cc3cccc4[nH]nc(N)c34)c2)c1,7.68,0.0,1
CHEMBL279,Cc1ccc(F)c(NC(=O)Nc2cccc(C#Cc3cncc(C(=O)N=S(C)(C)=O)c3)c2)c1,8.52,0.0,1
CHEMBL279,Cc1ccc(F)c(NC(=O)Nc2ccccc2C#Cc2ccc3nccn3n2)c1,5.74,0.0,1
CHEMBL279,Cc1ccc(F)c(NC(=O)Nc2csc(-c3cc4ccccc4n3C(N)=O)c2)c1,7.03,0.0,1
CHEMBL279,Cc1ccc(F)c(NC(=O)c2ccc(F)c(Oc3ccnc(-c4cc(C(=O)N5CCCC(O)C5)c[nH]4)c3)c2)c1,7.55,0.0,1
CHEMBL279,Cc1ccc(F)c(NC(=O)c2ccc(F)c(Oc3ccnc(-c4cc(C(=O)NCC(=O)O)c[nH]4)c3)c2)c1,7.55,0.0,1
CHEMBL279,Cc1ccc(F)c(NC(=O)c2ccc(F)c(Oc3ccnc(-c4cc(C(=O)NO)c[nH]4)c3)c2)c1,7.47,0.0,1
CHEMBL279,Cc1ccc(F)c(NC(=O)c2ccc(F)c(Oc3ccnc(-c4cc(C(=O)O)c[nH]4)c3)c2)c1,7.57,0.0,1
CHEMBL279,Cc1ccc(F)c(NC(=O)c2cccc(C#Cc3cc(C(=O)N=S4(=O)CCOCC4)cnc3N)c2)c1,7.85,0.0,1
CHEMBL279,Cc1ccc(F)c(NC(=O)c2cccc(Oc3ccnc(-c4cc(C(=O)N5CC[C@H](O)C5)c[nH]4)c3)c2)c1,7.39,0.0,1
CHEMBL279,Cc1ccc(F)c(NC(=O)c2cccc(Oc3ccnc(-c4cc(C(=O)NCC(O)CO)c[nH]4)c3)c2)c1,7.33,0.0,1
CHEMBL279,Cc1ccc(F)c(NC(=O)c2cccc(Oc3ccnc(-c4cc(C(=O)NO)c[nH]4)c3)c2)c1,7.64,0.0,1
CHEMBL279,Cc1ccc(F)c(NC(=O)c2cccc(Oc3ccnc(-c4cc(C(=O)O)c[nH]4)c3)c2)c1,7.43,0.0,1
CHEMBL279,Cc1ccc(F)c(NC(=O)c2cccc(Oc3ccnc4cc(C(=O)O)sc34)c2)c1,7.7,0.0,1
CHEMBL279,Cc1ccc(F)c(NC(=O)c2cccc3cc(-c4cccc5[nH]nc(N)c45)ccc23)c1,8.315000000000001,0.1484924240491737,2
CHEMBL279,Cc1ccc(N2CCN(C)CC2)c(NC(=O)Nc2ccc(-c3ccnc4[nH]nc(C)c34)cc2)c1,5.41,0.0,1
CHEMBL279,Cc1ccc(N2CCOCC2)c(NC(=O)Nc2ccc(-c3ccnc4[nH]nc(C)c34)cc2)c1,4.58,0.0,1
CHEMBL279,Cc1ccc(NC(=O)C2(C(=O)Nc3ccc(-c4ccc5c(=O)nc[nH]c5c4)cc3)CCC2)cc1Cl,7.5,0.0,1
CHEMBL279,Cc1ccc(NC(=O)C2(C(=O)Nc3ccc(Nc4ncc(F)c(-c5cc(F)c6nc(C)n(C(C)C)c6c5)n4)cc3)CC2)cc1,7.34,0.0,1
CHEMBL279,Cc1ccc(NC(=O)C2(C(=O)Nc3ccc(Oc4ccnc(Nc5cccc(CS(C)(=O)=O)c5)n4)cc3)CC2)cc1,7.27,0.0,1
CHEMBL279,Cc1ccc(NC(=O)CN2CCN(c3nnc(-c4ccccc4)c4ccccc34)CC2)cc1,5.37,0.0,1
CHEMBL279,Cc1ccc(NC(=O)Cc2ccc(-c3ccc4c(NC(=O)C5CC5)n[nH]c4c3)s2)cc1C(F)(F)F,7.92,0.0,1
CHEMBL279,Cc1ccc(NC(=O)Cn2cc(-c3ccc4c(N)n[nH]c4c3)cn2)cc1C(F)(F)F,8.57,0.0,1
CHEMBL279,Cc1ccc(NC(=O)Cn2cc(-c3ccc4c(NC(=O)C(C)C)n[nH]c4c3)cn2)cc1C(F)(F)F,7.55,0.0,1
CHEMBL279,Cc1ccc(NC(=O)Cn2cc(-c3ccc4c(NC(=O)C5CC5)n[nH]c4c3)c(C)n2)cc1C(F)(F)F,7.57,0.0,1
CHEMBL279,Cc1ccc(NC(=O)Cn2cc(-c3ccc4c(NC(=O)C5CC5)n[nH]c4c3)cn2)cc1C(F)(F)F,8.85,0.0,1
CHEMBL279,Cc1ccc(NC(=O)Cn2cc(-c3ccc4c(NC(=O)C5CCCC5)n[nH]c4c3)cn2)cc1C(F)(F)F,7.82,0.0,1
CHEMBL279,Cc1ccc(NC(=O)Cn2cc(-c3ccc4c(NC(=O)C5CCN(C)CC5)n[nH]c4c3)cn2)cc1C(F)(F)F,7.96,0.0,1
CHEMBL279,Cc1ccc(NC(=O)Cn2cc(-c3ccc4c(NC(=O)c5ccc(N)cc5)n[nH]c4c3)cn2)cc1C(F)(F)F,8.57,0.0,1
CHEMBL279,Cc1ccc(NC(=O)Cn2cc(-c3ccc4c(NC(=O)c5ccc(N6CCNCC6)cc5)n[nH]c4c3)cn2)cc1C(F)(F)F,9.38,0.0,1
CHEMBL279,Cc1ccc(NC(=O)Cn2cc(-c3ccc4c(NC(=O)c5cccnc5)n[nH]c4c3)cn2)cc1C(F)(F)F,8.64,0.0,1
CHEMBL279,Cc1ccc(NC(=O)Cn2cc(-c3ccc4c(NC(=O)c5cnn(C)c5)n[nH]c4c3)cn2)cc1C(F)(F)F,9.14,0.0,1
CHEMBL279,Cc1ccc(NC(=O)Cn2cc(-c3ccc4c(NCC5CC5)n[nH]c4c3)cn2)cc1C(F)(F)F,7.22,0.0,1
CHEMBL279,Cc1ccc(NC(=O)Cn2nc(C)c(-c3ccc4c(NC(=O)C5CC5)n[nH]c4c3)c2C)cc1C(F)(F)F,6.51,0.0,1
CHEMBL279,Cc1ccc(NC(=O)N2CCOc3cc(Oc4ncnc5[nH]ccc45)ccc32)cc1,7.585,0.007071067811865324,2
CHEMBL279,Cc1ccc(NC(=O)NCc2ccc(-c3n[nH]c4c3Cc3cc(CN5CCN(C)CC5)ccc3-4)s2)cc1,6.51,0.0,1
CHEMBL279,Cc1ccc(NC(=O)NCc2ccc(-c3n[nH]c4c3Cc3ccc(CN5CCN(C)CC5)cc3-4)s2)cc1,6.98,0.0,1
CHEMBL279,Cc1ccc(NC(=O)Nc2ccc(-c3c(C)sc4ncnc(N)c34)cc2)cc1,7.28,0.0,1
CHEMBL279,Cc1ccc(NC(=O)Nc2ccc(-c3cc4ccccc4n3C(N)=O)cc2)cc1,7.64,0.0,1
CHEMBL279,Cc1ccc(NC(=O)Nc2ccc(-c3cccc4[nH]nc(N)c34)cc2)cc1,7.92,0.0,1
CHEMBL279,Cc1ccc(NC(=O)Nc2ccc(-c3cccc4[nH]nc(N)c34)cc2)cc1F,7.44,0.0,1
CHEMBL279,Cc1ccc(NC(=O)Nc2ccc(-c3cccc4c3CNC4=O)cc2)cc1,6.37,0.0,1
CHEMBL279,Cc1ccc(NC(=O)Nc2ccc(-c3cccc4c3CNC4=O)cc2)cc1C,7.3,0.0,1
CHEMBL279,Cc1ccc(NC(=O)Nc2ccc(-c3cccc4onc(N)c34)cc2)cc1,7.8,0.0,1
CHEMBL279,Cc1ccc(NC(=O)Nc2ccc(-c3cccc4onc(N)c34)cc2)cc1Cl,8.1,0.0,1
CHEMBL279,Cc1ccc(NC(=O)Nc2ccc(-c3cccc4onc(N)c34)cc2)cc1F,7.82,0.0,1
CHEMBL279,Cc1ccc(NC(=O)Nc2ccc(-c3ccnc4[nH]nc(C)c34)cc2)cc1,5.25,0.0,1
CHEMBL279,Cc1ccc(NC(=O)Nc2ccc(-c3ccnc4[nH]nc(N)c34)cc2)cc1,8.54,0.0,1
CHEMBL279,Cc1ccc(NC(=O)Nc2ccc(-c3cnc4c(Br)cnn4c3N)cc2)cc1,6.09,0.0,1
CHEMBL279,Cc1ccc(NC(=O)Nc2ccc(-c3csc4c(-c5cnn(C)c5)cnc(N)c34)cc2)cc1,8.22,0.0,1
CHEMBL279,Cc1ccc(NC(=O)Nc2ccc(-c3csc4ccnc(N)c34)cc2)cc1,7.58,0.0,1
CHEMBL279,Cc1ccc(NC(=O)Nc2ccc(-c3csc4ccnc(N)c34)cc2)cc1C,8.0,0.0,1
CHEMBL279,Cc1ccc(NC(=O)Nc2ccc(-c3nsc(N)c3C(N)=O)cc2)cc1,6.75,0.0,1
CHEMBL279,Cc1ccc(NC(=O)Nc2ccc(-c3nsc(NC(=O)NCCCC(=O)O)c3C(N)=O)cc2)cc1,8.22,0.0,1
CHEMBL279,Cc1ccc(NC(=O)Nc2ccc(-c3nsc(NC(=O)NCCCN4CCCC4)c3C(N)=O)cc2)cc1,8.0,0.0,1
CHEMBL279,Cc1ccc(NC(=O)Nc2ccc(-c3nsc(NC(=O)NCCCN4CCOCC4)c3C(N)=O)cc2)cc1,8.1,0.0,1
CHEMBL279,Cc1ccc(NC(=O)Nc2ccc(-c3nsc(NC(=O)NCCCO)c3C(N)=O)cc2)cc1,8.15,0.0,1
CHEMBL279,Cc1ccc(NC(=O)Nc2ccc(C#Cc3ccc4nccn4n3)cc2)cc1,5.64,0.0,1
CHEMBL279,Cc1ccc(NC(=O)Nc2ccc(C3CN=C4c5ccccc5NC(=O)N4C3)cc2)cc1,5.39,0.0,1
CHEMBL279,Cc1ccc(NC(=O)Nc2ccc(Oc3ccnc(-c4cnn(CCCCCCC(=O)NO)c4)c3)cc2)cc1,6.99,0.0,1
CHEMBL279,Cc1ccc(NC(=O)Nc2ccc(Oc3ccnc(NC(=O)C4CC4)c3)c(F)c2)cc1C(F)(F)F,7.95,0.0,1
CHEMBL279,Cc1ccc(NC(=O)Nc2ccc(Oc3ccnc(NC(=O)C4CC4)c3)cc2)cc1C(F)(F)F,8.0,0.0,1
CHEMBL279,Cc1ccc(NC(=O)Nc2ccc(Oc3ccnc(NC(=O)C4CC4)c3)cc2F)cc1C(F)(F)F,7.99,0.0,1
CHEMBL279,Cc1ccc(NC(=O)Nc2ccc3c(c2)NC(=O)/C3=C\c2[nH]c(C)c(C(=O)O)c2C)cc1,7.99,0.0,1
CHEMBL279,Cc1ccc(NC(=O)Nc2ccc3c(c2)NC(=O)/C3=C\c2ccc[nH]2)cc1,6.57,0.0,1
CHEMBL279,Cc1ccc(NC(=O)Nc2cccc(-c3cccc4[nH]nc(N)c34)c2)cc1,8.63,0.0,1
CHEMBL279,Cc1ccc(NC(=O)Nc2cccc(-c3cccc4[nH]nc(N)c34)c2)cc1Cl,7.38,0.0,1
CHEMBL279,Cc1ccc(NC(=O)Nc2cccc(C#Cc3cncc(C(=O)N=S(C)(C)=O)c3)c2)cc1,8.22,0.0,1
CHEMBL279,Cc1ccc(NC(=O)Nc2cccc(C(F)(F)F)c2)cc1-c1ccc2nc(N)ncc2c1,6.77,0.0,1
CHEMBL279,Cc1ccc(NC(=O)Nc2cccc(C(F)(F)F)c2)cc1C(=O)Nc1cnc(N)nc1,6.23,0.0,1
CHEMBL279,Cc1ccc(NC(=O)Nc2cccc(C(F)(F)F)c2)cc1C(=O)Nc1cnc(Nc2ccc(N3CCN(C)CC3)cc2)nc1,7.39,0.0,1
CHEMBL279,Cc1ccc(NC(=O)Nc2nc(-c3ccccc3)n(-c3ccc(Cl)cc3)n2)cc1S(N)(=O)=O,6.27,0.0,1
CHEMBL279,Cc1ccc(NC(=O)Nc2nc(-c3ccccc3)n(-c3cccc(Cl)c3)n2)cc1S(N)(=O)=O,7.02,0.0,1
CHEMBL279,Cc1ccc(NC(=O)c2c(NCc3ccncc3)cnn2C)cc1C(F)(F)F,6.03,0.0,1
CHEMBL279,Cc1ccc(NC(=O)c2c(NCc3ccncc3)ncn2C)c(F)c1,5.87,0.0,1
CHEMBL279,Cc1ccc(NC(=O)c2c(NCc3ccncc3)ncn2C)cc1C(F)(F)F,6.21,0.0,1
CHEMBL279,Cc1ccc(NC(=O)c2cc(F)cc(C(F)(F)F)c2)cc1C(=O)Nc1cnc(Nc2ccc(N3CCN(C)CC3)cc2)nc1,7.77,0.0,1
CHEMBL279,Cc1ccc(NC(=O)c2ccc(/C=C/C(=O)NO)cc2)cc1Nc1nc(-c2cccnc2)cs1,4.96,0.0,1
CHEMBL279,Cc1ccc(NC(=O)c2ccc(/C=C/C(=O)NO)s2)cc1Nc1ncc(-c2cccnc2)s1,5.17,0.0,1
CHEMBL279,Cc1ccc(NC(=O)c2ccc(C(=O)NO)cc2)cc1Nc1ncc(-c2cccnc2)s1,4.85,0.0,1
CHEMBL279,Cc1ccc(NC(=O)c2ccc(C(=O)Nc3ccccc3N)cc2)cc1Nc1ncc(-c2cccnc2)cn1,5.01,0.0,1
CHEMBL279,Cc1ccc(NC(=O)c2ccc(C(=O)Nc3ccccc3N)cc2)cc1Nc1ncc(-c2cccnc2)s1,4.34,0.0,1
CHEMBL279,Cc1ccc(NC(=O)c2ccc(C(=O)Nc3ccccc3N)nc2)cc1Nc1ncc(-c2cccnc2)cn1,5.07,0.0,1
CHEMBL279,Cc1ccc(NC(=O)c2ccc(C(=O)Nc3ccccc3N)nc2)cc1Nc1ncc(-c2cccnc2)s1,5.05,0.0,1
CHEMBL279,Cc1ccc(NC(=O)c2ccc(C(=O)Nc3ccccc3N)s2)cc1Nc1ncc(-c2cccnc2)cn1,4.96,0.0,1
CHEMBL279,Cc1ccc(NC(=O)c2ccc(C(=O)Nc3ccccc3N)s2)cc1Nc1ncc(-c2cccnc2)s1,5.32,0.0,1
CHEMBL279,Cc1ccc(NC(=O)c2ccc(C(C)(C)C)cc2)cc1C(=O)Nc1cnc(Nc2ccc(N3CCN(C)CC3)cc2)nc1,7.5,0.0,1
CHEMBL279,Cc1ccc(NC(=O)c2ccc(C)c(C(F)(F)F)c2)cc1C#Cc1nn([C@H]2CC[C@H](O)CC2)c2ncnc(N)c12,7.5,0.0,1
CHEMBL279,Cc1ccc(NC(=O)c2ccc(CN3CCN(C)CC3)cc2)cc1-c1ccc2ccncc2c1,6.1,0.0,1
CHEMBL279,Cc1ccc(NC(=O)c2ccc(CN3CCN(C)CC3)cc2)cc1Nc1nccc(-c2cccnc2)n1,4.58,0.014142135623730649,2
CHEMBL279,Cc1ccc(NC(=O)c2ccc(NC(=O)/C=C/CN(C)C)c(C(F)(F)F)c2)cc1Nc1nccc(-c2cccnc2)n1,5.35,0.0,1
CHEMBL279,Cc1ccc(NC(=O)c2ccc(NC(=O)CN3C(=O)S/C(=C/c4ccccc4)C3=O)cc2)cc1,6.6,0.0,1
CHEMBL279,Cc1ccc(NC(=O)c2ccc3c(c2)OC(F)(F)O3)cc1C(=O)Nc1cnc(Nc2ccc(N3CCN(C)CC3)cc2)nc1,6.57,0.0,1
CHEMBL279,Cc1ccc(NC(=O)c2cccc(C(F)(F)F)c2)c(C)c1C(=O)Nc1cnc(Nc2ccc(N3CCN(C)CC3)cc2)nc1,5.59,0.0,1
CHEMBL279,Cc1ccc(NC(=O)c2cccc(C(F)(F)F)c2)cc1-c1ccc2nc(N)ncc2c1,8.22,0.0,1
CHEMBL279,Cc1ccc(NC(=O)c2cccc(C(F)(F)F)c2)cc1C#Cc1nn(C2CCN(C)CC2)c2ncnc(N)c12,7.92,0.0,1
CHEMBL279,Cc1ccc(NC(=O)c2cccc(C(F)(F)F)c2)cc1C(=O)Nc1cnc(N)nc1,6.9,0.0,1
CHEMBL279,Cc1ccc(NC(=O)c2cccc(C(F)(F)F)c2)cc1C(=O)Nc1cnc(Nc2ccc(N3CCN(C)CC3)cc2)nc1,7.62,0.0,1
CHEMBL279,Cc1ccc(NC(=O)c2cccc(C(F)(F)F)c2)cc1NC(=O)c1cccc2c(N)nccc12,6.58,0.0,1
CHEMBL279,Cc1ccc(NC(=O)c2cccc(C(F)(F)F)c2)cc1Nc1ncccc1-c1ccncn1,7.21,0.0,1
CHEMBL279,Cc1ccc(NC(=O)c2cccc(C(F)(F)F)c2)cc1Nc1ncccc1-c1ncnc2[nH]cnc12,5.8,0.0,1
CHEMBL279,Cc1ccc(NC(=O)c2cccc(C(F)(F)F)c2C)cc1C(=O)Nc1cnc(Nc2ccc(N3CCN(C)CC3)cc2)nc1,7.27,0.0,1
CHEMBL279,Cc1ccc(NC(=O)c2cccc(N3CCc4nc(N)ncc4C3)c2)cc1,6.11,0.0,1
CHEMBL279,Cc1ccc(NC(=O)c2cccc3cc(-c4cccc5[nH]nc(N)c45)ccc23)c(F)c1,8.3,0.2545584412271586,2
CHEMBL279,Cc1ccc(NC(=O)c2cccc3cc(-c4cccc5[nH]nc(N)c45)ccc23)cc1,8.805,0.1202081528017124,2
CHEMBL279,Cc1ccc(NC(=O)c2cccc3cc(-c4cccc5[nH]nc(N)c45)ccc23)cc1F,8.35,0.0,1
CHEMBL279,Cc1ccc(NC(=O)c2ccccc2)cc1C(=O)Nc1cnc(Nc2ccc(N3CCN(C)CC3)cc2)nc1,6.02,0.0,1
CHEMBL279,Cc1ccc(NC(=O)c2ccccc2Cn2ccc3cnccc32)c(F)c1,6.54,0.0,1
CHEMBL279,Cc1ccc(NC(=O)c2ccccc2Cn2ccc3ncnc-3c2)c(F)c1,6.68,0.0,1
CHEMBL279,Cc1ccc(NC(=O)c2cnoc2C)cc1C(=O)Nc1cnc(Nc2ccc(N3CCN(C)CC3)cc2)nc1,5.42,0.0,1
CHEMBL279,Cc1ccc(NC(=O)c2nscc2NCc2ccncc2)c(F)c1,5.7,0.0,1
CHEMBL279,Cc1ccc(NC(=O)c2nscc2NCc2ccncc2)cc1C(F)(F)F,7.37,0.0,1
CHEMBL279,Cc1ccc(NC(=O)c2scnc2CCc2ccncc2)c(F)c1,6.51,0.0,1
CHEMBL279,Cc1ccc(NC(=O)c2scnc2CCc2cnoc2)c(F)c1,5.78,0.0,1
CHEMBL279,Cc1ccc(NCc2ccc(/C=C/C(=O)NO)cc2)cc1Nc1nccc(-c2cccnc2)n1,5.04,0.0,1
CHEMBL279,Cc1ccc(NCc2ccc(C(=O)Nc3ccccc3N)cc2)cc1Nc1nccc(-c2cccnc2)n1,5.11,0.0,1
CHEMBL279,Cc1ccc(Nc2ccnc(Nc3cccc(Br)c3)n2)cc1O,8.2,0.0,1
CHEMBL279,Cc1ccc(Nc2ncc(-c3ccccc3)s2)nc1,7.72,0.0,1
CHEMBL279,Cc1ccc(Nc2ncc(C#N)c(-c3ccccc3)n2)cc1,6.0,0.0,1
CHEMBL279,Cc1ccc(Nc2ncc3c(n2)-c2ccccc2NC(=O)C3)cc1,6.72,0.0,1
CHEMBL279,Cc1ccc(Nc2nccc(-c3nc4ccccc4n3C)n2)cc1,4.6,0.0,1
CHEMBL279,Cc1ccc(Nc2nccc(-n3ccnc3-c3ccccc3)n2)cc1,6.55,0.0,1
CHEMBL279,Cc1ccc(Nc2nccc(N(C)c3ccc4c(C)n(C)nc4c3)n2)cc1-c1nc2c(C(N)=O)cccc2[nH]1,6.72,0.0,1
CHEMBL279,Cc1ccc(Nc2nccc(N(C)c3ccc4c(C)n(C)nc4c3)n2)cc1-c1nc2cc(F)c(F)cc2[nH]1,6.86,0.0,1
CHEMBL279,Cc1ccc(Nc2nccc(N(C)c3ccc4c(C)n(C)nc4c3)n2)cc1-c1nc2ccccc2[nH]1,6.77,0.0,1
CHEMBL279,Cc1ccc(Nc2nccc(N(C)c3ccc4c(C)n(C)nc4c3)n2)cc1S(N)(=O)=O,7.66,0.4325891045014124,4
CHEMBL279,Cc1ccc(Nc2ncccc2-c2ncnc3[nH]cnc23)cc1NC(=O)c1cccc(C(F)(F)F)c1,6.1,0.0,1
CHEMBL279,Cc1ccc(Nc2ncnn3c(C)ccc23)cc1O,4.53,0.0,1
CHEMBL279,Cc1ccc(Nc2ncnn3cc(C(=O)NCCCN4CCCC4)c(C(C)C)c23)cc1O,7.75,0.0,1
CHEMBL279,Cc1ccc(Nc2ncnn3cc(C(=O)NCCCN4CCCC4)c(C)c23)cc1O,7.4,0.0,1
CHEMBL279,Cc1ccc(Nc2ncnn3cc(C(=O)NCCCN4CCOCC4)c(C)c23)cc1O,7.28,0.0,1
CHEMBL279,Cc1ccc(Nc2ncnn3cc(C(=O)NCCCn4nccn4)c(C)c23)cc1O,7.52,0.0,1
CHEMBL279,Cc1ccc(Nc2ncnn3cc(C)c(C)c23)cc1O,7.2,0.7071067811865476,2
CHEMBL279,Cc1ccc(Nc2ncnn3cc(NC(=O)NCCCN4CCCCC4)c(C(C)C)c23)cc1O,8.3,0.0,1
CHEMBL279,Cc1ccc(Nc2ncnn3cc(NC(=O)OCCCN4CCCCC4)c(C(C)C)c23)cc1O,8.3,0.0,1
CHEMBL279,Cc1ccc(Nc2ncnn3cc(NC(=O)OCCCn4nccn4)c(C(C)C)c23)cc1O,8.15,0.0,1
CHEMBL279,Cc1ccc(Nc2ncnn3cc(OCCCN4CCCCC4)c(C(C)C)c23)cc1O,8.4,0.0,1
CHEMBL279,Cc1ccc(Nc2ncnn3ccc(C)c23)cc1O,6.84,0.537401153701776,2
CHEMBL279,Cc1ccc(Nc2ncnn3cccc23)cc1O,6.0649999999999995,0.3181980515339468,2
CHEMBL279,Cc1ccc(Nc2nnc(-c3c(NCc4ccncc4)ncn3C)o2)c(F)c1,6.58,0.0,1
CHEMBL279,Cc1ccc(Nc2nnc(-c3ccc(C(N)=O)cc3)c3ccccc23)c(C)c1,5.16,0.0,1
CHEMBL279,Cc1ccc(Nc2nnc(-c3ccc(C(N)=O)cc3)c3ccccc23)cc1,5.75,0.0,1
CHEMBL279,Cc1ccc(Nc2nnc(-c3cccc4cnccc34)c3ccccc23)c(F)c1,6.37,0.0,1
CHEMBL279,Cc1ccc(Nc2nnc(-c3cccnc3CCc3ccncc3)o2)cc1C(F)(F)F,7.06,0.0,1
CHEMBL279,Cc1ccc(O)c(NC(=O)c2ccc(NC(=O)Cn3c(=O)c4nncn4c4ccccc43)cc2)c1,8.41,0.0,1
CHEMBL279,Cc1ccc(O)cc1CC[C@@H]1C(=O)CC[C@]2(C)[C@@H]([C@H](C)/C=C/CC(C)C)CC[C@@H]12,5.34,0.0,1
CHEMBL279,Cc1ccc(O)cc1CC[C@@H]1C(=O)CC[C@]2(C)[C@@H]([C@H](C)CCCC(C)C)CC[C@@H]12,5.22,0.0,1
CHEMBL279,Cc1ccc(O)cc1CC[C@@H]1[C@@H](O)CC[C@]2(C)[C@@H]([C@H](C)/C=C/CC(C)C)CC[C@@H]12,5.3,0.0,1
CHEMBL279,Cc1ccc(O)cc1CC[C@@H]1[C@H](O)CC[C@]2(C)[C@@H]([C@H](C)CCCC(C)C)CC[C@@H]12,5.36,0.0,1
CHEMBL279,Cc1ccc(O)cc1Nc1ccnc2ccc(-c3cccnc3)cc12,6.34,0.0,1
CHEMBL279,Cc1ccc(O)cc1Nc1ccnc2ccc(C(F)(F)F)cc12,7.0,0.0,1
CHEMBL279,Cc1ccc(O)cc1Nc1ccnc2ccc(S(C)(=O)=O)cc12,6.73,0.0,1
CHEMBL279,Cc1ccc(OCC#Cc2cc(-c3n[nH]c4c3Cc3cc(CN5CCN(C)CC5)ccc3-4)cs2)cc1C,7.48,0.0,1
CHEMBL279,Cc1ccc(Oc2cc(NC(=O)C3CC3)ncn2)cc1NC(=O)Nc1ccc(Cl)c(C(F)(F)F)c1,8.15,0.0,1
CHEMBL279,Cc1ccc(Oc2ccc3nc(NC(=O)C4CC4)nn3c2)cc1NC(=O)C1CCC1,8.479999999999999,0.060827625302982,3
CHEMBL279,Cc1ccc(Oc2ccc3nc(NC(=O)C4CC4)nn3c2)cc1NC(=O)CC(C)C,8.7,0.0,1
CHEMBL279,Cc1ccc(Oc2ccc3nc(NC(=O)C4CC4)nn3c2)cc1NC(=O)c1ccnn1C,8.8,0.0,1
CHEMBL279,Cc1ccc(Oc2ccc3nc(NC(=O)C4CC4)nn3c2)cc1NC(=O)c1cn(C)nc1C,8.72,0.0,1
CHEMBL279,Cc1ccc(Oc2ccc3nc(NC(=O)C4CC4)nn3c2)cc1NC(=O)c1scc(C)c1Cl,9.32,0.0,1
CHEMBL279,Cc1ccc(Oc2ccnc(NC(=O)C3CC3)c2)cc1NC(=O)Nc1cc(C(C)(F)F)ccc1F,7.76,0.0,1
CHEMBL279,Cc1ccc(Oc2ccnc(NC(=O)C3CC3)c2)cc1NC(=O)Nc1cc(C(F)(F)F)ccc1F,7.97,0.0,1
CHEMBL279,Cc1ccc(Oc2ccnc(NC(=O)C3CC3)c2)cc1NC(=O)Nc1cc(F)cc(C(F)(F)F)c1,8.02,0.0,1
CHEMBL279,Cc1ccc(Oc2ccnc(NC(=O)C3CC3)c2)cc1NC(=O)Nc1ccc(Cl)c(C(C)(F)F)c1,7.83,0.0,1
CHEMBL279,Cc1ccc(Oc2ccnc(NC(=O)C3CC3)c2)cc1NC(=O)Nc1ccc(Cl)c(C(F)(F)F)c1,7.91,0.0,1
CHEMBL279,Cc1ccc(Oc2ccnc(NC(=O)C3CC3)c2)cc1NC(=O)Nc1ccc(F)c(C(C)(F)F)c1,7.87,0.0,1
CHEMBL279,Cc1ccc(Oc2ccnc(NC(=O)C3CC3)c2)cc1NC(=O)Nc1ccc(F)c(C(F)(F)F)c1,8.16,0.0,1
CHEMBL279,Cc1ccc(Oc2ccnc(NC(=O)C3CC3)c2)cc1NC(=O)Nc1cccc(C(F)(F)F)c1,8.04,0.0,1
CHEMBL279,Cc1ccc(S(=O)(=O)Nc2ccc(-c3cc(-c4cccc(F)c4)c(C#N)c(N)n3)cc2)cc1,5.44,0.0,1
CHEMBL279,Cc1ccc2[nH]c(-c3c(N)c4ccccc4[nH]c3=O)nc2c1,6.66,0.0,1
CHEMBL279,Cc1ccc2[nH]c(-c3nn(C(C)(C)C)c4ncnc(N)c34)cc2c1,5.47,0.0,1
CHEMBL279,Cc1ccc2[nH]c(=S)n(-c3ccc(S(=O)(=O)Nc4ccc(Cl)nn4)cc3)c(=O)c2c1,6.62,0.0,1
CHEMBL279,Cc1ccc2[nH]cc(C(=O)c3ccccc3NCc3ccc4cn[nH]c4c3)c2c1,6.06,0.0,1
CHEMBL279,Cc1ccc2[nH]cc(C(=O)c3ccccc3NCc3ccc4ncccc4c3)c2c1,5.72,0.0,1
CHEMBL279,Cc1ccc2c(=O)n(Cc3ccccc3)c(SCc3cn(-c4ccc(C(=O)O)cc4)nn3)nc2c1,6.9,0.0,1
CHEMBL279,Cc1ccc2c(C(=O)c3ccccc3NCc3ccc4cn[nH]c4c3)c[nH]c2c1,6.6,0.0,1
CHEMBL279,Cc1ccc2c(C(=O)c3ccccc3NCc3ccc4ncccc4c3)c[nH]c2c1,6.03,0.0,1
CHEMBL279,Cc1ccc2c(Cc3ccncc3)nnc(Nc3ccc(Cl)cc3)c2c1,5.33,0.0,1
CHEMBL279,Cc1ccc2c(Nc3ccc(Cl)cc3)nccc2c1Nc1ncccc1-c1ncnc2[nH]cnc12,6.0,0.0,1
CHEMBL279,Cc1ccc2c(Nc3ccc(F)c(Cl)c3)ncnn12,5.49,0.0,1
CHEMBL279,Cc1ccc2c(Nc3cccc(C(F)(F)F)c3)nccc2c1Nc1ncccc1-c1ccncn1,6.12,0.0,1
CHEMBL279,Cc1ccc2c(c1)c(C(=O)c1ccccc1NCc1ccc3ncccc3c1)cn2C,6.27,0.0,1
CHEMBL279,Cc1ccc2c(c1)c1c3c(c4c(c1n2CCCO)Cc1ccccc1-4)C(=O)NC3,6.79,0.0,1
CHEMBL279,Cc1ccc2cc(-c3nn(C(C)C)c4ncnc(N)c34)ccc2n1,5.96,0.0,1
CHEMBL279,Cc1ccc2cc(/C=C/C(=O)c3cc(C)sc3C)c(Cl)nc2c1,6.25,0.0,1
CHEMBL279,Cc1ccc2cc(/C=C/C(=O)c3cc(Cl)sc3Cl)c(Cl)nc2c1,7.13,0.0,1
CHEMBL279,Cc1ccc2cc(/C=C/C(=O)c3ccc(Br)s3)c(Cl)nc2c1,6.98,0.0,1
CHEMBL279,Cc1ccc2cc(/C=C/C(=O)c3ccc(C)s3)c(Cl)nc2c1,6.89,0.0,1
CHEMBL279,Cc1ccc2cc(/C=C/C(=O)c3ccc(Cl)s3)c(Cl)nc2c1,7.04,0.0,1
CHEMBL279,Cc1ccc2cc(/C=C/C(=O)c3ccc(I)s3)c(Cl)nc2c1,6.83,0.0,1
CHEMBL279,Cc1ccc2cc(/C=C/C(=O)c3ccsc3)c(Cl)nc2c1,6.68,0.0,1
CHEMBL279,Cc1ccc2cc(/C=C/C(=O)c3sccc3Br)c(Cl)nc2c1,6.95,0.0,1
CHEMBL279,Cc1ccc2cc(/C=C/C(=O)c3sccc3C)c(Cl)nc2c1,6.8,0.0,1
CHEMBL279,Cc1ccc2cc(/C=C/C(=O)c3sccc3Cl)c(Cl)nc2c1,7.08,0.0,1
CHEMBL279,Cc1ccc2cc(C(=O)c3cnn(-c4ccc5nc(C)[nH]c5c4)c3N)[nH]c2c1,6.43,0.0,1
CHEMBL279,Cc1ccc2ccc(-c3nn(C(C)C)c4ncnc(N)c34)cc2n1,4.0,0.0,1
CHEMBL279,Cc1ccc2nc(Cl)c(/C=C/C(=O)c3cc(C)sc3C)cc2c1,6.34,0.0,1
CHEMBL279,Cc1ccc2nc(Cl)c(/C=C/C(=O)c3cc(Cl)sc3Cl)cc2c1,7.09,0.0,1
CHEMBL279,Cc1ccc2nc(Cl)c(/C=C/C(=O)c3ccc(Br)s3)cc2c1,6.95,0.0,1
CHEMBL279,Cc1ccc2nc(Cl)c(/C=C/C(=O)c3ccc(C)s3)cc2c1,6.75,0.0,1
CHEMBL279,Cc1ccc2nc(Cl)c(/C=C/C(=O)c3ccc(Cl)s3)cc2c1,6.97,0.0,1
CHEMBL279,Cc1ccc2nc(Cl)c(/C=C/C(=O)c3ccc(I)s3)cc2c1,6.81,0.0,1
CHEMBL279,Cc1ccc2nc(Cl)c(/C=C/C(=O)c3ccsc3)cc2c1,6.54,0.0,1
CHEMBL279,Cc1ccc2nc(Cl)c(/C=C/C(=O)c3sccc3Br)cc2c1,6.89,0.0,1
CHEMBL279,Cc1ccc2nc(Cl)c(/C=C/C(=O)c3sccc3C)cc2c1,6.73,0.0,1
CHEMBL279,Cc1ccc2nc(Cl)c(/C=C/C(=O)c3sccc3Cl)cc2c1,7.06,0.0,1
CHEMBL279,Cc1ccc2nc(NC(=O)Cc3csc(NC(=O)Nc4cccc(Cl)c4)n3)sc2c1,8.38,0.0,1
CHEMBL279,Cc1ccc2oc(-c3c4c(N)n[nH]c(=O)c4nn3-c3ccc(NC(=O)/C=C/CN(C)C)cc3)c(C)c2c1,8.72,0.0,1
CHEMBL279,Cc1ccc2oc(CCCC(=O)Nc3ccc(S(=O)(=O)NC(=O)NC4CCCCC4)cc3)nc2c1,7.16,0.0,1
CHEMBL279,Cc1ccc2oc(SCC(=O)Nc3ccc(C(=O)Nc4cccc(Cl)c4)cc3)nc2c1,7.01,0.0,1
CHEMBL279,Cc1ccc2oc(SCCC(=O)Nc3ccc(S(=O)(=O)NC(=O)NC4CCCCC4)cc3)nc2c1,7.16,0.0,1
CHEMBL279,Cc1ccc2oc(SCCC(=O)Nc3ccc(S(=O)(=O)NC(=O)Nc4ccccc4)cc3)nc2c1,7.0,0.0,1
CHEMBL279,Cc1ccc2oc(SCCC(=O)Nc3nnc(-c4ccccc4)s3)nc2c1,6.92,0.0,1
CHEMBL279,Cc1cccc(-c2[nH]c(CNc3ccccc3F)nc2-c2ccc3ncnn3c2)n1,7.01,0.0,1
CHEMBL279,Cc1cccc(-c2[nH]c(Cc3cccc(C(N)=O)c3)nc2-c2ccc3ncccc3c2)n1,5.66,0.0,1
CHEMBL279,Cc1cccc(-c2[nH]c(Cc3cccc(C(N)=O)c3)nc2-c2ccc3nccnc3c2)n1,5.61,0.0,1
CHEMBL279,Cc1cccc(-c2c[nH]c3ccnc(Nc4ccc(Oc5ccnc6cc(OCC(C)(C)O)ccc56)c(F)c4)c3c2=O)c1,7.47,0.0,1
CHEMBL279,Cc1cccc(-c2ccn3c(-c4cccc(NC(=O)NCC(F)(F)F)c4)cnc3c2)n1,7.23,0.0,1
CHEMBL279,Cc1cccc(-c2cn(Cc3ccc(-c4cccnc4)cc3)nn2)c1,8.88,0.0,1
CHEMBL279,Cc1cccc(-c2cn(Cc3ccc(-c4cn[nH]c4)cc3)nn2)c1,9.28,0.0,1
CHEMBL279,Cc1cccc(-c2cn(Cc3ccc(-c4cncnc4)cc3)nn2)c1,8.59,0.0,1
CHEMBL279,Cc1cccc(-c2nc3c4c(-c5ccccc5)c(-c5ccccc5)oc4ncn3n2)c1,6.92,0.0,1
CHEMBL279,Cc1cccc(-c2nc3ccc(Nc4ccnc5ccccc45)cc3[nH]2)c1,5.17,0.0,1
CHEMBL279,Cc1cccc(-c2nc3ccc(Nc4ncnc5ccccc45)cc3[nH]2)c1,5.18,0.0,1
CHEMBL279,Cc1cccc(-c2nc3n(c2-c2ccc4nccc(C(N)=O)c4c2)[C@H]2CC[C@@H]3C2)n1,5.52,0.0,1
CHEMBL279,Cc1cccc(-c2nc3n(c2-c2ccc4nnc(C(N)=O)n4c2)[C@H]2CC[C@@H]3C2)n1,5.94,0.0,1
CHEMBL279,Cc1cccc(-c2nc3n(c2-c2ccnc(-c4ccc(C(=O)NC5CCOCC5)cc4)c2)C2CCC3C2)n1,6.04,0.0,1
CHEMBL279,Cc1cccc(-c2nc3n(c2-c2ccnc(-c4ccc(C(=O)NC5CCOCC5)cc4)c2)[C@@H]2CC[C@H]3C2)n1,6.02,0.0,1
CHEMBL279,Cc1cccc(-c2nc3n(c2-c2ccnc(-c4ccc(C(=O)NC5CCOCC5)cc4)c2)[C@H]2CC[C@@H]3C2)n1,6.06,0.0,1
CHEMBL279,Cc1cccc(-c2nc3n(c2-c2ccnc(-c4ccc(C(N)=O)cc4)c2)C2CCC3C2)n1,5.39,0.0,1
CHEMBL279,Cc1cccc(-c2nc3n(c2-c2ccnc(-c4ccc(C(N)=O)cc4)c2)[C@H]2CC[C@@H]3C2)n1,5.98,0.0,1
CHEMBL279,Cc1cccc(-c2nc3n(c2-c2ccnc(-c4ccc(S(C)(=O)=O)cc4)c2)[C@@H]2CC[C@H]3C2)n1,6.03,0.0,1
CHEMBL279,Cc1cccc(-c2nc3n(c2-c2ccnc(-c4ccc(S(C)(=O)=O)cc4)c2)[C@H]2CC[C@@H]3C2)n1,5.54,0.0,1
CHEMBL279,Cc1cccc(-c2nc3n(c2-c2ccnc(-c4cnn(S(C)(=O)=O)c4)c2)C2CCC3C2)n1,6.26,0.0,1
CHEMBL279,Cc1cccc(-c2nc3n(c2-c2ccnc(N)c2)C2CCC3C2)n1,5.95,0.0,1
CHEMBL279,Cc1cccc(-c2nc3n(c2-c2ccnc(NCCO)c2)[C@H]2CC[C@@H]3C2)n1,5.43,0.0,1
CHEMBL279,Cc1cccc(-c2nc3n(c2-c2ccnc(Nc4ccc(S(N)(=O)=O)cc4)c2)C2CCC3C2)n1,6.0,0.0,1
CHEMBL279,Cc1cccc(-c2nn(C3CC3)cc2-c2ccnc(-c3ccc(S(C)(=O)=O)cc3)c2)n1,5.38,0.0,1
CHEMBL279,Cc1cccc(-c2nn(C3CCC3)cc2-c2ccnc(-c3ccc(S(C)(=O)=O)cc3)c2)n1,5.6,0.0,1
CHEMBL279,Cc1cccc(-c2nn3c(c2-c2ccc4nccc(C(N)=O)c4c2)C2CCC3CC2)n1,6.0,0.0,1
CHEMBL279,Cc1cccc(-c2nn3c(c2-c2ccnc4ccc(C(N)=O)cc24)C2CCC3CC2)n1,5.91,0.0,1
CHEMBL279,Cc1cccc(-c2nn3c(c2-c2ccnc4ccc(C(N)=O)cc24)CCC3)n1,6.36,0.0,1
CHEMBL279,Cc1cccc(-c2nn3c(c2-c2ccnc4ccc(C(N)=O)cc24)[C@H]2CC[C@@H]3C2)n1,5.77,0.0,1
CHEMBL279,Cc1cccc(-n2cc(-c3ccc(/C=C4\C(=O)Nc5ccccc54)cc3)nn2)c1,7.35,0.0,1
CHEMBL279,Cc1cccc(C(=C2C(=O)Nc3ccccc32)c2nc3ccccc3[nH]2)c1,6.92,0.0,1
CHEMBL279,Cc1cccc(C(=O)NCc2ccc(-c3n[nH]c4c3Cc3cc(CN5CCN(C)CC5)ccc3-4)s2)c1,4.91,0.0,1
CHEMBL279,Cc1cccc(C(=O)Nc2cc(Nc3ncccc3-c3ncnc4[nH]cnc34)ccc2F)n1,6.41,0.0,1
CHEMBL279,Cc1cccc(C(=O)Nc2ccc(-c3c(C)sc4ncnc(N)c34)cc2)c1,5.34,0.0,1
CHEMBL279,Cc1cccc(C(=O)Nc2ccc(F)c(Nc3ncccc3-c3ncnc4[nH]cnc34)c2F)c1,6.93,0.0,1
CHEMBL279,Cc1cccc(C(=O)Nc2ccc3sc(-c4cc(C(=O)N=S(C)(C)=O)cnc4N)cc3c2)c1,7.08,0.2828427124746193,2
CHEMBL279,Cc1cccc(C(=O)Nc2ccc3sc(-c4cccnc4N)cc3c2)c1,5.91,0.028284271247461613,2
CHEMBL279,Cc1cccc(C(=O)Nc2cccc(-c3cc4ccccc4n3C(N)=O)c2)c1,5.93,0.0,1
CHEMBL279,Cc1cccc(C(=O)Nc2cccc(C#Cc3ccc4nccn4n3)c2)c1,6.53,0.0,1
CHEMBL279,Cc1cccc(C(=O)Nc2cccc(C#Cc3cncc(-c4nnn(CCCO)n4)c3)c2)c1,8.15,0.0,1
CHEMBL279,Cc1cccc(C(=O)Nc2cccc(C#Cc3cncc(C(=O)N=S(=O)(CCCO)CCCO)c3)c2)c1,8.52,0.0,1
CHEMBL279,Cc1cccc(C(=O)Nc2cccc3cccnc23)c1O,7.58,0.0,1
CHEMBL279,Cc1cccc(C(=O)Nc2cnc3ccccc3c2)c1Br,7.55,0.0,1
CHEMBL279,Cc1cccc(C(=O)Nc2cnc3ccccc3c2)c1O,7.59,0.0,1
CHEMBL279,Cc1cccc(C(=O)c2cnn(-c3cc(O)ccc3Cl)c2N)c1,5.54,0.0,1
CHEMBL279,Cc1cccc(C)c1-c1cc(C)c2nc(Nc3ccc(OCCN4CCCC4)cc3)nnc2c1,6.255,0.007071067811865324,2
CHEMBL279,Cc1cccc(C)c1-n1c(=O)c2cnc(Nc3ccc(N4CCN(C)CC4)cc3)nc2n2c3ccccc3nc12,5.29,0.0,1
CHEMBL279,Cc1cccc(C)c1-n1c(=O)c2cnc(Nc3ccc(OCCCN(C)C)cc3)nc2n2c3ccccc3nc12,5.38,0.0,1
CHEMBL279,Cc1cccc(C)c1-n1c(=O)c2cnc(Nc3ccc(OCCCN4CCCCC4)cc3)nc2n2c3ccccc3nc12,5.29,0.0,1
CHEMBL279,Cc1cccc(C)c1-n1c(=O)c2cnc(Nc3ccc(OCCN(C)C)cc3)nc2n2c3ccccc3nc12,5.18,0.0,1
CHEMBL279,Cc1cccc(C)c1-n1c(=O)c2cnc(Nc3ccc(OCCN4CCN(C)CC4)c(F)c3)nc2n2c3ccccc3nc12,5.13,0.0,1
CHEMBL279,Cc1cccc(C)c1NC(=O)c1ccc(NC(=O)CSc2nc3ccccc3n3cnnc23)cc1,7.57,0.0,1
CHEMBL279,Cc1cccc(C)c1NC(=O)c1ccc(NC(=O)Cn2c(=O)c3nncn3c3ccccc32)cc1,8.17,0.0,1
CHEMBL279,Cc1cccc(C)c1OC(=O)N(c1ccc(-c2ccccc2)cc1)c1ccnc(Nc2ccc(N3CCN(C)CC3)cc2)n1,6.23,0.0,1
CHEMBL279,Cc1cccc(C)c1OC(=O)N(c1ccc2ccccc2c1)c1ccnc(Nc2ccc(N3CCN(C)CC3)cc2)n1,6.89,0.0,1
CHEMBL279,Cc1cccc(C)c1OC(=O)N(c1cccc(-c2ccccc2)c1)c1ccnc(Nc2ccc(N3CCN(C)CC3)cc2)n1,5.72,0.0,1
CHEMBL279,Cc1cccc(C)c1OC(=O)N(c1ccccc1)c1ccnc(Nc2ccc(N3CCN(C)CC3)cc2)n1,6.72,0.0,1
CHEMBL279,Cc1cccc(C)c1OC(=O)N(c1ccnc(Nc2ccc(N3CCN(C)CC3)cc2)n1)c1ccc(F)cc1OC(C)C,5.32,0.0,1
CHEMBL279,Cc1cccc(C2=Nc3c(N)ncnc3NCC2)c1,5.52,0.0,1
CHEMBL279,Cc1cccc(CC(=O)NCc2ccc(-c3n[nH]c4c3Cc3cc(CN5CCN(C)CC5)ccc3-4)s2)c1,5.56,0.0,1
CHEMBL279,Cc1cccc(CC(=O)Nc2ccc(-c3c(C)sc4ncnc(N)c34)cc2)c1,6.12,0.0,1
CHEMBL279,Cc1cccc(CC(=O)Nc2ccc(-c3csc4ccnc(N)c34)cc2)c1,6.28,0.0,1
CHEMBL279,Cc1cccc(Cl)c1NC(=O)Nc1ccc(-c2nc(NCCN(C)C)c3ccccc3n2)cc1,7.03,0.0,1
CHEMBL279,Cc1cccc(N(C)C(=O)N(C)Cc2ccc(-c3[nH]nc4c3Cc3cc(CN5CCN(C)CC5)ccc3-4)s2)c1,5.13,0.0,1
CHEMBL279,Cc1cccc(N(C)C(=O)NCc2ccc(-c3[nH]nc4c3Cc3cc(CN5CCN(C)CC5)ccc3-4)s2)c1,5.32,0.0,1
CHEMBL279,Cc1cccc(N(C)C(=O)Nc2ccc(-c3c(C)sc4ncnc(N)c34)cc2)c1,5.72,0.0,1
CHEMBL279,Cc1cccc(N(C)C(=O)Nc2ccc(-c3cccc4c3CNC4=O)cc2)c1,4.72,0.0,1
CHEMBL279,Cc1cccc(N(C)C(=O)Nc2ccc(-c3csc4ccnc(N)c34)cc2)c1,5.31,0.0,1
CHEMBL279,Cc1cccc(N(C)c2ccnc(Nc3cc(N4CCOCC4)cc(N4CCOCC4)c3)n2)c1,6.94,0.0,1
CHEMBL279,Cc1cccc(N/C(=N/c2ccc(-c3c(C)sc4ncnc(N)c34)cc2)NC#N)c1,5.96,0.0,1
CHEMBL279,Cc1cccc(N/C(S)=N/c2ccc(-c3c(C)sc4ncnc(N)c34)cc2)c1,5.55,0.0,1
CHEMBL279,Cc1cccc(N/C(S)=N\c2ccc(-c3cccc4c3CNC4=O)cc2)c1,5.0,0.0,1
CHEMBL279,Cc1cccc(NC(=O)CCc2ccc(-c3n[nH]c4c3Cc3cc(CN5CCN(C)CC5)ccc3-4)s2)c1,6.67,0.0,1
CHEMBL279,Cc1cccc(NC(=O)Cc2ccc(-c3cccc4c3CNC4=O)cc2)c1,5.68,0.0,1
CHEMBL279,Cc1cccc(NC(=O)Cc2ccc(-c3csc4ccnc(N)c34)cc2)c1,7.03,0.0,1
CHEMBL279,Cc1cccc(NC(=O)N(C)Cc2ccc(-c3n[nH]c4c3Cc3cc(CN5CCN(C)CC5)ccc3-4)s2)c1,6.8,0.0,1
CHEMBL279,Cc1cccc(NC(=O)N(C)Cc2ccc(-c3n[nH]c4c3Cc3ccc(CN5CCN(C)CC5)cc3-4)s2)c1,7.29,0.0,1
CHEMBL279,Cc1cccc(NC(=O)N(C)c2ccc(-c3c(C)sc4ncnc(N)c34)cc2)c1,7.26,0.0,1
CHEMBL279,Cc1cccc(NC(=O)N(C)c2ccc(-c3cccc4c3CNC4=O)cc2)c1,5.96,0.0,1
CHEMBL279,Cc1cccc(NC(=O)N(C)c2ccc(-c3csc4ccnc(N)c34)cc2)c1,7.64,0.0,1
CHEMBL279,Cc1cccc(NC(=O)N(CCC(C)C)Cc2ccc(-c3[nH]nc4c3Cc3cc(CN5CCN(C)CC5)ccc3-4)s2)c1,6.58,0.0,1
CHEMBL279,Cc1cccc(NC(=O)N(Cc2ccc(-c3[nH]nc4c3Cc3cc(CN5CCN(C)CC5)ccc3-4)s2)C(C)C)c1,6.91,0.0,1
CHEMBL279,Cc1cccc(NC(=O)N(Cc2ccc(-c3[nH]nc4c3Cc3cc(CN5CCN(C)CC5)ccc3-4)s2)CC(C)C)c1,6.79,0.0,1
CHEMBL279,Cc1cccc(NC(=O)N(Cc2ccc(-c3n[nH]c4c3Cc3cc(CN5CCN(C)CC5)ccc3-4)s2)C2CC2)c1,7.68,0.0,1
CHEMBL279,Cc1cccc(NC(=O)N2CCc3cc(-c4n[nH]c5c4Cc4cc(CN6CCN(C)CC6)ccc4-5)sc3C2)c1,6.34,0.0,1
CHEMBL279,Cc1cccc(NC(=O)N2CCc3nc(-c4cc5ccccc5[nH]c4=O)[nH]c3C2)c1,8.68,0.0,1
CHEMBL279,Cc1cccc(NC(=O)NCc2cc(-c3n[nH]c4c3Cc3cc(CN5CCN(C)CC5)ccc3-4)cs2)c1,6.75,0.0,1
CHEMBL279,Cc1cccc(NC(=O)NCc2cc(-c3n[nH]c4c3Cc3ccc(CN5CCN(C)CC5)cc3-4)cs2)c1,6.99,0.0,1
CHEMBL279,Cc1cccc(NC(=O)NCc2ccc(-c3n[nH]c4c3Cc3cc(CN5CCN(C)CC5)ccc3-4)s2)c1,7.21,0.0,1
CHEMBL279,Cc1cccc(NC(=O)NCc2ccc(-c3n[nH]c4c3Cc3ccc(CN5CCN(C)CC5)cc3-4)s2)c1,7.32,0.0,1
CHEMBL279,Cc1cccc(NC(=O)Nc2ccc(-c3[nH]c4ccccc4c3C(N)=O)cc2)c1,7.89,0.0,1
CHEMBL279,Cc1cccc(NC(=O)Nc2ccc(-c3c(C(C)C)sc4ncnc(N)c34)cc2)c1,6.89,0.0,1
CHEMBL279,Cc1cccc(NC(=O)Nc2ccc(-c3c(C)nc4ccnn4c3N)cc2)c1,7.41,0.0,1
CHEMBL279,Cc1cccc(NC(=O)Nc2ccc(-c3c(C)sc4ccnc(N)c34)cc2)c1,7.57,0.0,1
CHEMBL279,Cc1cccc(NC(=O)Nc2ccc(-c3c(C)sc4ncnc(N)c34)cc2)c1,8.32,0.17320508075688762,3
CHEMBL279,Cc1cccc(NC(=O)Nc2ccc(-c3c(CCC(=O)N(C)C)sc4ncnc(N)c34)cc2)c1,6.68,0.0,1
CHEMBL279,Cc1cccc(NC(=O)Nc2ccc(-c3c(CCC(N)=O)sc4ncnc(N)c34)cc2)c1,7.77,0.0,1
CHEMBL279,Cc1cccc(NC(=O)Nc2ccc(-c3c(CCCO)sc4ncnc(N)c34)cc2)c1,7.82,0.0,1
CHEMBL279,Cc1cccc(NC(=O)Nc2ccc(-c3c(CCN(C)C)sc4ncnc(N)c34)cc2)c1,6.64,0.0,1
CHEMBL279,Cc1cccc(NC(=O)Nc2ccc(-c3c(CCO)sc4ncnc(N)c34)cc2)c1,7.72,0.0,1
CHEMBL279,Cc1cccc(NC(=O)Nc2ccc(-c3c(CN(C)C)sc4ncnc(N)c34)cc2)c1,6.74,0.0,1
CHEMBL279,Cc1cccc(NC(=O)Nc2ccc(-c3c(CN4CCN(C)CC4)sc4ncnc(N)c34)cc2)c1,6.23,0.0,1
CHEMBL279,Cc1cccc(NC(=O)Nc2ccc(-c3c(CN4CCOCC4)sc4ncnc(N)c34)cc2)c1,6.68,0.0,1
CHEMBL279,Cc1cccc(NC(=O)Nc2ccc(-c3c(Cc4ccccc4)sc4ncnc(N)c34)cc2)c1,6.55,0.0,1
CHEMBL279,Cc1cccc(NC(=O)Nc2ccc(-c3c(Cc4cccnc4)sc4ncnc(N)c34)cc2)c1,7.47,0.0,1
CHEMBL279,Cc1cccc(NC(=O)Nc2ccc(-c3c(Cc4ccncc4)sc4ncnc(N)c34)cc2)c1,7.28,0.0,1
CHEMBL279,Cc1cccc(NC(=O)Nc2ccc(-c3cc(-c4ccccc4)nc4noc(N)c34)cc2)c1,6.89,0.0,1
CHEMBL279,Cc1cccc(NC(=O)Nc2ccc(-c3cc(C(=O)N=S(=O)(CCCO)CCCO)cnc3N)cc2)c1,7.484999999999999,0.5727564927611035,2
CHEMBL279,Cc1cccc(NC(=O)Nc2ccc(-c3cc(C)nc4noc(N)c34)cc2)c1,8.52,0.0,1
CHEMBL279,Cc1cccc(NC(=O)Nc2ccc(-c3cc(O)nc4[nH]nc(C)c34)cc2)c1,5.91,0.0,1
CHEMBL279,Cc1cccc(NC(=O)Nc2ccc(-c3cc4ccccc4n3C(N)=O)cc2)c1,8.22,0.0,1
CHEMBL279,Cc1cccc(NC(=O)Nc2ccc(-c3ccc(Br)c4[nH]nc(N)c34)cc2)c1,8.0,0.0,1
CHEMBL279,Cc1cccc(NC(=O)Nc2ccc(-c3ccc(C)c4[nH]nc(N)c34)cc2)c1,8.52,0.0,1
CHEMBL279,Cc1cccc(NC(=O)Nc2ccc(-c3ccc(CN4CCN(C)CC4)c4[nH]nc(N)c34)cc2)c1,5.92,0.0,1
CHEMBL279,Cc1cccc(NC(=O)Nc2ccc(-c3ccc(CN4CCOCC4)c4[nH]nc(N)c34)cc2)c1,6.41,0.0,1
CHEMBL279,Cc1cccc(NC(=O)Nc2ccc(-c3ccc(F)c4[nH]nc(N)c34)cc2)c1,8.3,0.0,1
CHEMBL279,Cc1cccc(NC(=O)Nc2ccc(-c3ccc(N)c4c3CNC4=O)cc2)c1,7.85,0.0,1
CHEMBL279,Cc1cccc(NC(=O)Nc2ccc(-c3ccc(NC(=O)CN(C)C)c4c3CNC4=O)cc2)c1,6.46,0.0,1
CHEMBL279,Cc1cccc(NC(=O)Nc2ccc(-c3ccc(NC(=O)c4ccccc4)c4c3CNC4=O)cc2)c1,6.33,0.0,1
CHEMBL279,Cc1cccc(NC(=O)Nc2ccc(-c3ccc(NC(=O)c4cccnc4)c4c3CNC4=O)cc2)c1,8.0,0.0,1
CHEMBL279,Cc1cccc(NC(=O)Nc2ccc(-c3ccc(OCCC(C)(C)N)c4[nH]nc(N)c34)c3ccccc23)c1,7.68,0.0,1
CHEMBL279,Cc1cccc(NC(=O)Nc2ccc(-c3ccc(OCCCN4CCCC4)c4[nH]nc(N)c34)c3ccccc23)c1,7.32,0.0,1
CHEMBL279,Cc1cccc(NC(=O)Nc2ccc(-c3ccc(OCCN(C)C)c4[nH]nc(N)c34)cc2)c1,7.42,0.0,1
CHEMBL279,Cc1cccc(NC(=O)Nc2ccc(-c3ccc(OCCN4CCCC4)c4[nH]nc(N)c34)cc2)c1,7.51,0.0,1
CHEMBL279,Cc1cccc(NC(=O)Nc2ccc(-c3ccc(OCCN4CCCC4=O)c4[nH]nc(N)c34)cc2)c1,7.6,0.0,1
CHEMBL279,Cc1cccc(NC(=O)Nc2ccc(-c3ccc(OCCN4CCOCC4)c4[nH]nc(N)c34)cc2)c1,7.68,0.0,1
CHEMBL279,Cc1cccc(NC(=O)Nc2ccc(-c3ccc4c(-c5cnn[nH]5)n[nH]c4c3)cc2)c1,7.35,0.0,1
CHEMBL279,Cc1cccc(NC(=O)Nc2ccc(-c3ccc4nccnc4c3N)cc2)c1,6.78,0.0,1
CHEMBL279,Cc1cccc(NC(=O)Nc2ccc(-c3cccc4[nH]nc(N)c34)cc2)c1,8.52,0.0,1
CHEMBL279,Cc1cccc(NC(=O)Nc2ccc(-c3cccc4[nH]ncc34)cc2)c1,7.75,0.0,1
CHEMBL279,Cc1cccc(NC(=O)Nc2ccc(-c3cccc4c3CNC4=O)c(C(F)(F)F)c2)c1,5.05,0.0,1
CHEMBL279,Cc1cccc(NC(=O)Nc2ccc(-c3cccc4c3CNC4=O)c(C)c2)c1,6.11,0.0,1
CHEMBL279,Cc1cccc(NC(=O)Nc2ccc(-c3cccc4c3CNC4=O)c(Cl)c2)c1,7.15,0.0,1
CHEMBL279,Cc1cccc(NC(=O)Nc2ccc(-c3cccc4c3CNC4=O)c(F)c2)c1,7.28,0.0,1
CHEMBL279,Cc1cccc(NC(=O)Nc2ccc(-c3cccc4c3CNC4=O)cc2)c1,7.005,0.007071067811865324,2
CHEMBL279,Cc1cccc(NC(=O)Nc2ccc(-c3cccc4c3CNC4=O)cc2C(F)(F)F)c1,7.47,0.0,1
CHEMBL279,Cc1cccc(NC(=O)Nc2ccc(-c3cccc4c3CNC4=O)cc2C)c1,7.72,0.0,1
CHEMBL279,Cc1cccc(NC(=O)Nc2ccc(-c3cccc4c3CNC4=O)cc2Cl)c1,7.52,0.0,1
CHEMBL279,Cc1cccc(NC(=O)Nc2ccc(-c3cccc4c3CNC4=O)cc2F)c1,7.36,0.0,1
CHEMBL279,Cc1cccc(NC(=O)Nc2ccc(-c3cccc4c3c(N(C)C)nn4C)cc2)c1,5.5,0.0,1
CHEMBL279,Cc1cccc(NC(=O)Nc2ccc(-c3cccc4c3c(N)nn4C)cc2)c1,7.96,0.0,1
CHEMBL279,Cc1cccc(NC(=O)Nc2ccc(-c3cccc4c3c(N)nn4CCN3CCOCC3)cc2)c1,5.89,0.0,1
CHEMBL279,Cc1cccc(NC(=O)Nc2ccc(-c3cccc4c3c(N)nn4CCO)cc2)c1,6.22,0.0,1
CHEMBL279,Cc1cccc(NC(=O)Nc2ccc(-c3cccc4c3cnn4C)cc2)c1,6.33,0.0,1
CHEMBL279,Cc1cccc(NC(=O)Nc2ccc(-c3cccc4onc(N)c34)cc2)c1,8.15,0.0,1
CHEMBL279,Cc1cccc(NC(=O)Nc2ccc(-c3ccnc4[nH]nc(C)c34)cc2)c1,5.91,0.0,1
CHEMBL279,Cc1cccc(NC(=O)Nc2ccc(-c3ccnc4[nH]nc(CO)c34)cc2)c1,5.31,0.0,1
CHEMBL279,Cc1cccc(NC(=O)Nc2ccc(-c3ccnc4[nH]nc(N)c34)cc2)c1,8.7,0.0,1
CHEMBL279,Cc1cccc(NC(=O)Nc2ccc(-c3cnc4c(-c5ccc6c(c5)OCO6)cnn4c3N)cc2)c1,7.77,0.0,1
CHEMBL279,Cc1cccc(NC(=O)Nc2ccc(-c3cnc4c(-c5ccccc5)cnn4c3N)cc2)c1,7.66,0.0,1
CHEMBL279,Cc1cccc(NC(=O)Nc2ccc(-c3cnc4c(-c5cccnc5)cnn4c3N)cc2)c1,8.05,0.0,1
CHEMBL279,Cc1cccc(NC(=O)Nc2ccc(-c3cnc4c(-c5cccs5)cnn4c3N)cc2)c1,7.82,0.0,1
CHEMBL279,Cc1cccc(NC(=O)Nc2ccc(-c3cnc4c(-c5ccsc5)cnn4c3N)cc2)c1,7.96,0.0,1
CHEMBL279,Cc1cccc(NC(=O)Nc2ccc(-c3cnc4c(-c5cnn(C)c5)ccn4c3N)cc2)c1,8.52,0.0,1
CHEMBL279,Cc1cccc(NC(=O)Nc2ccc(-c3cnc4c(-c5cnn(C)c5)cnn4c3N)cc2)c1,8.4,0.0,1
CHEMBL279,Cc1cccc(NC(=O)Nc2ccc(-c3cnc4c(Br)cnn4c3N)cc2)c1,7.14,0.0,1
CHEMBL279,Cc1cccc(NC(=O)Nc2ccc(-c3cnc4c(C#N)cnn4c3N)cc2)c1,6.03,0.0,1
CHEMBL279,Cc1cccc(NC(=O)Nc2ccc(-c3cnc4c(C(=O)N5CCN(C)CC5)cnn4c3N)cc2)c1,6.1,0.0,1
CHEMBL279,Cc1cccc(NC(=O)Nc2ccc(-c3cnc4c(C(=O)O)cnn4c3N)cc2)c1,5.7,0.0,1
CHEMBL279,Cc1cccc(NC(=O)Nc2ccc(-c3cnc4c(C5CC5)cnn4c3N)cc2)c1,7.8,0.0,1
CHEMBL279,Cc1cccc(NC(=O)Nc2ccc(-c3cnc4cc(C)nn4c3N)cc2)c1,5.46,0.0,1
CHEMBL279,Cc1cccc(NC(=O)Nc2ccc(-c3cnc4ccnn4c3N)cc2)c1,7.33,0.0,1
CHEMBL279,Cc1cccc(NC(=O)Nc2ccc(-c3cncc4[nH]nc(N)c34)c3ccccc23)c1,8.37,0.0,1
CHEMBL279,Cc1cccc(NC(=O)Nc2ccc(-c3cncc4[nH]nc(N)c34)cc2)c1,9.15,0.0,1
CHEMBL279,Cc1cccc(NC(=O)Nc2ccc(-c3cncc4c3c(N)nn4C)cc2)c1,8.34,0.0,1
CHEMBL279,Cc1cccc(NC(=O)Nc2ccc(-c3csc4c(-c5cc[nH]c5)cnc(N)c34)cc2)c1,8.4,0.0,1
CHEMBL279,Cc1cccc(NC(=O)Nc2ccc(-c3csc4c(-c5cc[nH]n5)cnc(N)c34)cc2)c1,8.22,0.0,1
CHEMBL279,Cc1cccc(NC(=O)Nc2ccc(-c3csc4c(-c5ccc(O)cc5)cnc(N)c34)cc2)c1,7.96,0.0,1
CHEMBL279,Cc1cccc(NC(=O)Nc2ccc(-c3csc4c(-c5ccccc5)cnc(N)c34)cc2)c1,7.89,0.0,1
CHEMBL279,Cc1cccc(NC(=O)Nc2ccc(-c3csc4c(-c5cccnc5)cnc(N)c34)cc2)c1,8.05,0.0,1
CHEMBL279,Cc1cccc(NC(=O)Nc2ccc(-c3csc4c(-c5ccncc5)cnc(N)c34)cc2)c1,8.3,0.0,1
CHEMBL279,Cc1cccc(NC(=O)Nc2ccc(-c3csc4c(-c5ccoc5)cnc(N)c34)cc2)c1,8.1,0.0,1
CHEMBL279,Cc1cccc(NC(=O)Nc2ccc(-c3csc4c(-c5ccsc5)cnc(N)c34)cc2)c1,8.05,0.0,1
CHEMBL279,Cc1cccc(NC(=O)Nc2ccc(-c3csc4c(-c5cn[nH]c5)cnc(N)c34)cc2)c1,8.68,0.028284271247461298,2
CHEMBL279,Cc1cccc(NC(=O)Nc2ccc(-c3csc4c(-c5cncc6ccccc56)cnc(N)c34)cc2)c1,6.41,0.0,1
CHEMBL279,Cc1cccc(NC(=O)Nc2ccc(-c3csc4c(-c5cncnc5)cnc(N)c34)cc2)c1,8.1,0.0,1
CHEMBL279,Cc1cccc(NC(=O)Nc2ccc(-c3csc4c(-c5cnn(C)c5)cnc(N)c34)cc2)c1,8.52,0.0,1
CHEMBL279,Cc1cccc(NC(=O)Nc2ccc(-c3csc4c(-c5cnn(C[C@H](C)O)c5)cnc(N)c34)cc2)c1,8.8,0.0,1
CHEMBL279,Cc1cccc(NC(=O)Nc2ccc(-c3csc4c(C#CCN(C)C)cnc(N)c34)cc2)c1,8.15,0.0,1
CHEMBL279,Cc1cccc(NC(=O)Nc2ccc(-c3csc4ccnc(N)c34)cc2)c1,8.05,0.0,1
CHEMBL279,Cc1cccc(NC(=O)Nc2ccc(-c3csc4ncnc(N)c34)c(Cl)c2)c1,7.0,0.0,1
CHEMBL279,Cc1cccc(NC(=O)Nc2ccc(-c3csc4ncnc(N)c34)c(F)c2)c1,7.96,0.0,1
CHEMBL279,Cc1cccc(NC(=O)Nc2ccc(-c3csc4ncnc(N)c34)cc2)c1,8.52,0.0,1
CHEMBL279,Cc1cccc(NC(=O)Nc2ccc(-c3csc4ncnc(N)c34)cc2Cl)c1,7.08,0.0,1
CHEMBL279,Cc1cccc(NC(=O)Nc2ccc(-c3csc4ncnc(N)c34)cc2F)c1,7.72,0.0,1
CHEMBL279,Cc1cccc(NC(=O)Nc2ccc(-c3nn(CCCCCCCC(=O)NO)c4ncnc(N)c34)cc2)c1,8.52,0.0,1
CHEMBL279,Cc1cccc(NC(=O)Nc2ccc(-c3nn(CCCN(C)CCCC(=O)NO)c4ncnc(N)c34)cc2)c1,5.92,0.0,1
CHEMBL279,Cc1cccc(NC(=O)Nc2ccc(-c3noc4ncnc(N)c34)cc2)c1,7.01,0.0,1
CHEMBL279,Cc1cccc(NC(=O)Nc2ccc(-c3noc4ncnc(N)c34)o2)c1,4.66,0.0,1
CHEMBL279,Cc1cccc(NC(=O)Nc2ccc(-c3nsc(NC(=O)NCCCN4CCOCC4)c3C(N)=O)cc2)c1,8.52,0.0,1
CHEMBL279,Cc1cccc(NC(=O)Nc2ccc(-c3nsc4ncnc(N)c34)cc2)c1,7.89,0.0,1
CHEMBL279,Cc1cccc(NC(=O)Nc2ccc(C#Cc3ccc4nc(N)cn4n3)cc2)c1,7.7,0.0,1
CHEMBL279,Cc1cccc(NC(=O)Nc2ccc(C#Cc3ccc4nc(NC(=O)C5CC5)cn4n3)cc2)c1,5.88,0.0,1
CHEMBL279,Cc1cccc(NC(=O)Nc2ccc(C#Cc3ccc4nccn4n3)cc2)c1,7.64,0.0,1
CHEMBL279,Cc1cccc(NC(=O)Nc2ccc(C3CN=C4c5ccccc5NC(=O)N4C3)c(C)c2)c1,5.82,0.0,1
CHEMBL279,Cc1cccc(NC(=O)Nc2ccc(C3CN=C4c5ccccc5NC(=O)N4C3)cc2)c1,6.48,0.0,1
CHEMBL279,Cc1cccc(NC(=O)Nc2ccc(Cc3nsc4ncnc(N)c34)cc2)c1,5.07,0.0,1
CHEMBL279,Cc1cccc(NC(=O)Nc2ccc(N3CCc4ccncc4C3)c(C)c2)c1,6.51,0.0,1
CHEMBL279,Cc1cccc(NC(=O)Nc2ccc(N3CCc4ccncc4C3)cc2)c1,5.66,0.0,1
CHEMBL279,Cc1cccc(NC(=O)Nc2ccc(N3CCc4ccncc4C3)cc2C)c1,6.34,0.0,1
CHEMBL279,Cc1cccc(NC(=O)Nc2ccc(Nc3ccc([N+](=O)[O-])c4ncnc(O)c34)cc2)c1,7.11,0.0,1
CHEMBL279,Cc1cccc(NC(=O)Nc2ccc(Nc3ncnc4[nH]c(C)c(C)c34)cc2)c1,7.92,0.0,1
CHEMBL279,Cc1cccc(NC(=O)Nc2ccc(Oc3ccnc(-c4cc(C(=O)N5CCCC(O)C5)c[nH]4)c3)cc2F)c1,7.92,0.0,1
CHEMBL279,Cc1cccc(NC(=O)Nc2ccc(Oc3ccnc(-c4cc(C(=O)N5CCC[C@@H](O)C5)c[nH]4)c3)cc2)c1,7.77,0.0,1
CHEMBL279,Cc1cccc(NC(=O)Nc2ccc(Oc3ccnc(-c4cc(C(=O)N5CC[C@@H](O)C5)c[nH]4)c3)cc2)c1,7.85,0.0,1
CHEMBL279,Cc1cccc(NC(=O)Nc2ccc(Oc3ccnc(-c4cc(C(=O)N5CC[C@@H](O)C5)c[nH]4)c3)cc2F)c1,7.96,0.0,1
CHEMBL279,Cc1cccc(NC(=O)Nc2ccc(Oc3ccnc(-c4cc(C(=O)NCC(=O)O)c[nH]4)c3)cc2F)c1,7.7,0.0,1
CHEMBL279,Cc1cccc(NC(=O)Nc2ccc(Oc3ccnc(-c4cc(C(=O)NCC(O)CO)c[nH]4)c3)cc2)c1,8.05,0.0,1
CHEMBL279,Cc1cccc(NC(=O)Nc2ccc(Oc3ccnc(-c4cc(C(=O)NCCC(=O)O)c[nH]4)c3)cc2F)c1,7.92,0.0,1
CHEMBL279,Cc1cccc(NC(=O)Nc2ccc(Oc3ccnc(-c4cc(C(=O)NCCCC(=O)O)c[nH]4)c3)cc2F)c1,7.8,0.0,1
CHEMBL279,Cc1cccc(NC(=O)Nc2ccc(Oc3ccnc(-c4cc(C(=O)NO)c[nH]4)c3)cc2)c1,7.5,0.0,1
CHEMBL279,Cc1cccc(NC(=O)Nc2ccc(Oc3ccnc(-c4cc(C(=O)NS(C)(=O)=CCC(=O)O)c[nH]4)c3)cc2)c1,7.72,0.0,1
CHEMBL279,Cc1cccc(NC(=O)Nc2ccc(Oc3ccnc(-c4cc(C(=O)N[C@@H](CCC(=O)O)C(=O)O)c[nH]4)c3)cc2F)c1,7.57,0.0,1
CHEMBL279,Cc1cccc(NC(=O)Nc2ccc(Oc3ccnc(-c4cc(C(=O)N[C@@H](CCC(=O)OC(C)(C)C)C(=O)O)c[nH]4)c3)cc2F)c1,7.77,0.0,1
CHEMBL279,Cc1cccc(NC(=O)Nc2ccc(Oc3ccnc(-c4cc(C(=O)N[C@@H](CCC(=O)OCCO)C(=O)OCCO)c[nH]4)c3)cc2F)c1,7.77,0.0,1
CHEMBL279,Cc1cccc(NC(=O)Nc2ccc(Oc3ccnc(-c4cc(C(=O)O)c[nH]4)c3)cc2)c1,7.82,0.0,1
CHEMBL279,Cc1cccc(NC(=O)Nc2ccc(Oc3ccnc(-c4cc(C(=O)O)c[nH]4)c3)cc2F)c1,7.85,0.0,1
CHEMBL279,Cc1cccc(NC(=O)Nc2ccc(Oc3ccnc(-c4cc(C(N)=O)c[nH]4)c3)cc2)c1,8.22,0.0,1
CHEMBL279,Cc1cccc(NC(=O)Nc2ccc(Oc3ncnc4[nH]c(C)c(C)c34)cc2)c1,6.365,2.1283914113715077,2
CHEMBL279,Cc1cccc(NC(=O)Nc2ccc(Oc3ncnc4ccn(C)c34)cc2)c1,8.57,0.0,1
CHEMBL279,Cc1cccc(NC(=O)Nc2ccc3c(c2)CCc2sc4ncnc(N)c4c2-3)c1,6.82,0.0,1
CHEMBL279,Cc1cccc(NC(=O)Nc2ccc3sc(-c4cc(B(O)O)cnc4N)cc3c2)c1,7.205,0.24748737341529137,2
CHEMBL279,Cc1cccc(NC(=O)Nc2ccc3sc(-c4cc(B5OC(C)(C)C(C)(C)O5)cnc4N)cc3c2)c1,7.484999999999999,0.3040559159102156,2
CHEMBL279,Cc1cccc(NC(=O)Nc2ccc3sc(-c4cc(C(=O)N=S(=O)(CCCO)CCCO)cnc4N)cc3c2)c1,8.1,0.0,1
CHEMBL279,Cc1cccc(NC(=O)Nc2ccc3sc(-c4cc(C(=O)N=S(C)(C)=O)cnc4N)cc3c2)c1,7.9,0.28284271247461834,2
CHEMBL279,Cc1cccc(NC(=O)Nc2ccc3sc(-c4cc(C(=O)O)cnc4N)cc3c2)c1,6.645,0.3889087296526013,2
CHEMBL279,Cc1cccc(NC(=O)Nc2ccc3sc(-c4cc(C(N)=O)cnc4N)cc3c2)c1,7.46,0.0,1
CHEMBL279,Cc1cccc(NC(=O)Nc2cccc(-c3cc4ccccc4n3C(N)=O)c2)c1,6.56,0.0,1
CHEMBL279,Cc1cccc(NC(=O)Nc2cccc(-c3cnc4ccnn4c3N)c2)c1,5.18,0.0,1
CHEMBL279,Cc1cccc(NC(=O)Nc2cccc(-c3csc4ccnc(N)c34)c2)c1,6.6,0.0,1
CHEMBL279,Cc1cccc(NC(=O)Nc2cccc(C#Cc3cncc(C(=O)N=S(C)(C)=O)c3)c2)c1,8.1,0.0,1
CHEMBL279,Cc1cccc(NC(=O)Nc2cccc(N3CCc4c(cnc5ccnn45)C3)c2)c1,7.57,0.0,1
CHEMBL279,Cc1cccc(NC(=O)Nc2cccc(Sc3ccnc4ccsc34)c2)c1,7.96,0.0,1
CHEMBL279,Cc1cccc(NC(=O)Nc2csc(-c3cc4ccccc4n3C(N)=O)c2)c1,7.17,0.0,1
CHEMBL279,Cc1cccc(NC(=O)OCc2ccc(-c3n[nH]c4c3Cc3cc(CN5CCN(C)CC5)ccc3-4)s2)c1,7.38,0.0,1
CHEMBL279,Cc1cccc(NC(=O)c2ccc(NC(=O)CSc3nc4ccccc4n4cnnc34)cc2)c1,7.97,0.0,1
CHEMBL279,Cc1cccc(NC(=O)c2ccc(NC(=O)Cn3c(=O)c4nncn4c4ccccc43)cc2)c1,8.41,0.0,1
CHEMBL279,Cc1cccc(NC(=O)c2ccc3sc(-c4cccnc4N)cc3c2)c1,5.45,0.0,1
CHEMBL279,Cc1cccc(NC(=O)c2cccc(C#Cc3cc(C(=O)N=S(=O)(CCCO)CCCO)cnc3N)c2)c1,8.52,0.0,1
CHEMBL279,Cc1cccc(NC(=O)c2cccc(N3CCc4c(cnc5ccccc45)C3)c2)c1,7.895,0.3606244584051394,2
CHEMBL279,Cc1cccc(NC(=O)c2cccc(N3CCc4nc(N)ncc4C3)c2)c1,6.94,0.0,1
CHEMBL279,Cc1cccc(NC(=O)c2cccc(Oc3ccnc(-c4cc(C(=O)O)c[nH]4)c3)c2)c1,7.54,0.0,1
CHEMBL279,Cc1cccc(NC(=O)c2cccc3cc(-c4cccc5[nH]nc(N)c45)ccc23)c1,8.41,0.3818376618407351,2
CHEMBL279,Cc1cccc(NC(=O)c2ccccc2Cn2ccc3cnccc32)c1,6.33,0.0,1
CHEMBL279,Cc1cccc(NC(=O)c2ccccc2Cn2ccc3ncnc-3c2)c1,6.46,0.0,1
CHEMBL279,Cc1cccc(NC(=O)c2scnc2CCc2ccncc2)c1,6.25,0.0,1
CHEMBL279,Cc1cccc(NC(=S)Nc2ccc(-c3cnc4ccnn4c3N)cc2)c1,5.0,0.0,1
CHEMBL279,Cc1cccc(NC(=S)Nc2ccc(-c3csc4ccnc(N)c34)cc2)c1,6.39,0.0,1
CHEMBL279,Cc1cccc(Nc2ncc(-c3ccccc3)o2)c1,6.06,0.0,1
CHEMBL279,Cc1cccc(Nc2ncc(-c3ccccc3)s2)n1,8.0,0.0,1
CHEMBL279,Cc1cccc(Nc2nccc(-n3ccnc3-c3ccccc3)n2)c1,7.75,0.0,1
CHEMBL279,Cc1cccc(Nc2nccc(N(C)c3ccc4c(C)n(C)nc4c3)n2)c1,7.38,0.0,1
CHEMBL279,Cc1cccc(Nc2nnc(-c3c(NCc4ccncc4)ncn3C)o2)c1,6.15,0.0,1
CHEMBL279,Cc1cccc(Nc2nnc(-c3ccc(C(N)=O)cc3)c3ccccc23)c1,5.8,0.0,1
CHEMBL279,Cc1cccc(Nc2nnc(-c3cccc4cnccc34)c3ccccc23)c1,6.57,0.0,1
CHEMBL279,Cc1cccc(Nc2nnc(-c3cccnc3CCc3ccncc3)o2)c1,6.11,0.0,1
CHEMBL279,Cc1cccc(Nc2nnc(Cc3ccncc3)c3ccccc23)c1,7.1,0.0,1
CHEMBL279,Cc1cccc2[nH]c(-c3n[nH]c4ncc(-c5cncc6ccccc56)cc34)nc12,5.0,0.0,1
CHEMBL279,Cc1cccc2[nH]c(=O)c(-c3nc4cc(N5CCN(C)CC5)ccc4[nH]3)c(N)c12,7.92,0.0,1
CHEMBL279,Cc1cccc2c(C(=O)c3ccccc3NCc3ccc4cn[nH]c4c3)c[nH]c12,6.02,0.0,1
CHEMBL279,Cc1cccc2c(C(=O)c3ccccc3NCc3ccc4ncccc4c3)c[nH]c12,5.7,0.0,1
CHEMBL279,Cc1cccc2c1/C(=C\c1ccc[nH]1)C(=O)N2,4.51,0.0,1
CHEMBL279,Cc1cccc2cc(/C=C/C(=O)c3cc(Cl)sc3Cl)c(Cl)nc12,6.45,0.0,1
CHEMBL279,Cc1cccc2cc(/C=C/C(=O)c3ccc(Br)s3)c(Cl)nc12,6.43,0.0,1
CHEMBL279,Cc1cccc2cc(/C=C/C(=O)c3ccc(Cl)s3)c(Cl)nc12,6.72,0.0,1
CHEMBL279,Cc1cccc2cc(/C=C/C(=O)c3ccc(I)s3)c(Cl)nc12,6.32,0.0,1
CHEMBL279,Cc1cccc2cc(/C=C/C(=O)c3ccsc3)c(Cl)nc12,6.41,0.0,1
CHEMBL279,Cc1cccc2cc(/C=C/C(=O)c3sccc3Br)c(Cl)nc12,6.5,0.0,1
CHEMBL279,Cc1cccc2cc(/C=C/C(=O)c3sccc3Cl)c(Cl)nc12,6.89,0.0,1
CHEMBL279,Cc1ccccc1-c1c[nH]c2ccnc(Nc3ccc(Oc4ccnc5cc(OCC(C)(C)O)ccc45)c(F)c3)c2c1=O,7.31,0.0,1
CHEMBL279,Cc1ccccc1-c1ccc2nc(N)ncc2c1,5.3,0.0,1
CHEMBL279,Cc1ccccc1-c1nc2ccc(Nc3ncnc4ccccc34)cc2[nH]1,5.03,0.0,1
CHEMBL279,Cc1ccccc1C(=C1C(=O)Nc2ccccc21)c1nc2ccccc2[nH]1,7.01,0.0,1
CHEMBL279,Cc1ccccc1Cc1cc2c(Nc3cccc(Br)c3)nc(N)nc2[nH]1,6.6,0.0,1
CHEMBL279,Cc1ccccc1N(C)c1ccnc(Nc2cc(N3CCOCC3)cc(N3CCOCC3)c2)n1,7.04,0.0,1
CHEMBL279,Cc1ccccc1NC(=O)N(C)Cc1ccc(-c2[nH]nc3c2Cc2cc(CN4CCN(C)CC4)ccc2-3)s1,6.91,0.0,1
CHEMBL279,Cc1ccccc1NC(=O)NCc1ccc(-c2n[nH]c3c2Cc2cc(CN4CCN(C)CC4)ccc2-3)s1,6.35,0.0,1
CHEMBL279,Cc1ccccc1NC(=O)NCc1ccc(-c2n[nH]c3c2Cc2ccc(CN4CCN(C)CC4)cc2-3)s1,6.8,0.0,1
CHEMBL279,Cc1ccccc1NC(=O)Nc1ccc(-c2c(C)sc3ncnc(N)c23)cc1,6.59,0.0,1
CHEMBL279,Cc1ccccc1NC(=O)Nc1ccc(-c2cc3ccccc3n2C(N)=O)cc1,6.76,0.0,1
CHEMBL279,Cc1ccccc1NC(=O)Nc1ccc(-c2cccc3[nH]nc(N)c23)cc1,7.06,0.0,1
CHEMBL279,Cc1ccccc1NC(=O)Nc1ccc(-c2cccc3c2CNC3=O)cc1,5.36,0.0,1
CHEMBL279,Cc1ccccc1NC(=O)Nc1ccc(-c2ccnc3[nH]nc(C)c23)cc1,5.36,0.0,1
CHEMBL279,Cc1ccccc1NC(=O)Nc1ccc(-c2ccnc3[nH]nc(N)c23)cc1,7.46,0.0,1
CHEMBL279,Cc1ccccc1NC(=O)Nc1ccc(-c2csc3c(-c4cnn(C)c4)cnc(N)c23)cc1,8.7,0.0,1
CHEMBL279,Cc1ccccc1NC(=O)Nc1ccc(-c2csc3ccnc(N)c23)cc1,6.82,0.0,1
CHEMBL279,Cc1ccccc1NC(=O)c1ccc(NC(=O)CSc2nc3ccccc3n3cnnc23)cc1,7.74,0.0,1
CHEMBL279,Cc1ccccc1NC(=O)c1cccc2cc(-c3cccc4[nH]nc(N)c34)ccc12,7.3149999999999995,0.36062445840514007,2
CHEMBL279,Cc1ccccc1Nc1nccc(-n2ccnc2-c2ccccc2)n1,5.51,0.0,1
CHEMBL279,Cc1ccccc1Nc1nnc(-c2cccc3cnccc23)c2ccccc12,5.0,0.0,1
CHEMBL279,Cc1cccnc1-c1ccn2c(-c3cccc(NC(=O)NCC(F)(F)F)c3)cnc2c1,6.57,0.0,1
CHEMBL279,Cc1cccnc1Nc1ncc(-c2ccccc2)s1,7.89,0.0,1
CHEMBL279,Cc1ccn(-c2ccc(-n3cccn3)cc2)c(=O)c1-c1ccc2nc(N)ncc2c1,5.47,0.0,1
CHEMBL279,Cc1ccn(-c2ccc(C(C)(C)C)cc2)c(=O)c1-c1ccc2nc(N)ncc2c1,7.96,0.0,1
CHEMBL279,Cc1ccn(-c2ccc(C(C)(C)C)cc2)c(=O)c1N1CCc2nc(N)ncc2C1,7.07,0.0,1
CHEMBL279,Cc1ccn(-c2ccc(C(F)(F)F)cc2)c(=O)c1-c1ccc2nc(N)ncc2c1,5.75,0.0,1
CHEMBL279,Cc1ccn(-c2ccc(N3CCOCC3)cc2)c(=O)c1-c1ccc2nc(N)ncc2c1,5.36,0.0,1
CHEMBL279,Cc1ccn(-c2ccc3c(c2)NCC3(C)C)c(=O)c1-c1ccc2nc(N)ncc2c1,7.32,0.0,1
CHEMBL279,Cc1ccn(-c2cccc(N(C)C)c2)c(=O)c1N1CCc2nc(N)ncc2C1,6.49,0.0,1
CHEMBL279,Cc1ccn(CCC2CCCC2)c(=O)c1-c1ccc2nc(N)ncc2c1,5.85,0.0,1
CHEMBL279,Cc1ccn2ncnc(Nc3ccc(F)c(Cl)c3)c12,7.0,0.0,1
CHEMBL279,Cc1ccnc(-c2ccn3c(-c4cccc(NC(=O)NCC(F)(F)F)c4)cnc3c2)c1,7.06,0.0,1
CHEMBL279,Cc1ccnc(-c2ccn3c(-c4cccc(NC(=O)NCC(F)(F)F)c4)cnc3c2)n1,6.2,0.0,1
CHEMBL279,Cc1ccnc(Nc2ncc(-c3ccccc3)s2)c1,8.22,0.0,1
CHEMBL279,Cc1ccoc1C(=O)NC(=O)Nc1ccc2sc(-c3cc(C(=O)N=S(C)(C)=O)cnc3N)cc2c1,7.77,0.0,1
CHEMBL279,Cc1ccoc1C(=O)Nc1cc(Oc2ccnc(-c3cc(C(=O)O)c[nH]3)c2)ccc1F,7.28,0.0,1
CHEMBL279,Cc1ccoc1C(=O)Nc1ccc(-n2ccc(C)c(N3CCc4nc(N)ncc4C3)c2=O)cc1,7.54,0.0,1
CHEMBL279,Cc1ccoc1C(=O)Nc1ccc(Oc2ccnc(-c3ccc[nH]3)c2)cc1,5.58,0.0,1
CHEMBL279,Cc1ccoc1C(=O)Nc1ccc2sc(-c3cc(C(=O)N=S(C)(C)=O)cnc3N)cc2c1,7.055,1.0111626970967629,2
CHEMBL279,Cc1ccoc1C(=O)Nc1cccc(C#Cc2cc(C(=O)N=S(=O)(CCCO)CCCO)cnc2N)c1,8.52,0.0,1
CHEMBL279,Cc1ccoc1C(=O)Nc1cccc(C#Cc2cc(C(=O)N=S(C)(=O)CC(=O)N3CC[C@H](O)C3)cnc2N)c1,8.52,0.0,1
CHEMBL279,Cc1ccoc1C(=O)Nc1cccc(C#Cc2cc(C(=O)N=S(C)(=O)CCCCC(=O)O)cnc2N)c1,8.3,0.0,1
CHEMBL279,Cc1ccoc1C(=O)Nc1cccc(C#Cc2cc(C(=O)N=S(C)(=O)CCCO)cnc2N)c1,8.52,0.0,1
CHEMBL279,Cc1ccoc1C(=O)Nc1cccc(C#Cc2cc(C(=O)N=S(C)(C)=O)cnc2N)c1,8.22,0.0,1
CHEMBL279,Cc1ccoc1C(=O)Nc1cccc(C#Cc2cc(C(=O)N=S3(=O)CCCC3)cnc2N)c1,8.7,0.0,1
CHEMBL279,Cc1ccoc1C(=O)Nc1cccc(C#Cc2cc(C(=O)N=S3(=O)CCN(C(=O)OC(C)(C)C)CC3)cnc2N)c1,8.52,0.0,1
CHEMBL279,Cc1ccoc1C(=O)Nc1cccc(C#Cc2cc(C(=O)N=S3(=O)CCN(C(N)=O)CC3)cnc2N)c1,8.7,0.0,1
CHEMBL279,Cc1ccoc1C(=O)Nc1cccc(C#Cc2cc(C(=O)N=S3(=O)CCNCC3)cnc2N)c1,8.52,0.0,1
CHEMBL279,Cc1ccoc1C(=O)Nc1cccc(C#Cc2cc(C(=O)N=S3(=O)CCOCC3)cnc2N)c1,8.15,0.0,1
CHEMBL279,Cc1ccoc1C(=O)Nc1cccc(C#Cc2cncc(-c3nnn(CCCO)n3)c2)c1,8.3,0.0,1
CHEMBL279,Cc1ccoc1C(=O)Nc1cccc(C#Cc2cncc(C(=O)N=S(=O)(CCCO)CCCO)c2)c1,8.3,0.0,1
CHEMBL279,Cc1ccoc1C(=O)Nc1cccc(C#Cc2cncc(C(=O)N=S(C)(=O)CCCN3CCN(CCOCCO)CC3)c2)c1,8.05,0.0,1
CHEMBL279,Cc1ccoc1C(=O)Nc1cccc(C#Cc2cncc(C(=O)N=S(C)(=O)CCCO)c2)c1,7.85,0.0,1
CHEMBL279,Cc1ccoc1C(=O)Nc1cccc(C#Cc2cncc(C(=O)N=S(C)(C)=O)c2)c1,8.7,0.0,1
CHEMBL279,Cc1ccoc1C(=O)Nc1cccc(C#Cc2cncc(C(=O)N=S3(=O)CCCC3)c2)c1,8.7,0.0,1
CHEMBL279,Cc1ccoc1C(=O)Nc1cccc(C#Cc2cncc(C(=O)N=S3(=O)CCN(C(=O)NCC(=O)O)CC3)c2)c1,8.4,0.0,1
CHEMBL279,Cc1ccoc1C(=O)Nc1cccc(C#Cc2cncc(C(=O)N=S3(=O)CCN(C(=O)NCCC(=O)N4CCC(O)C4)CC3)c2)c1,8.4,0.0,1
CHEMBL279,Cc1ccoc1C(=O)Nc1cccc(C#Cc2cncc(C(=O)N=S3(=O)CCN(C(=O)NCCC(=O)O)CC3)c2)c1,8.7,0.0,1
CHEMBL279,Cc1ccoc1C(=O)Nc1cccc(C#Cc2cncc(C(=O)N=S3(=O)CCN(C(=O)NCCCC(=O)N4CCC(O)C4)CC3)c2)c1,8.4,0.0,1
CHEMBL279,Cc1ccoc1C(=O)Nc1cccc(C#Cc2cncc(C(=O)N=S3(=O)CCN(C(=O)NCCCC(=O)NCC(O)CO)CC3)c2)c1,8.4,0.0,1
CHEMBL279,Cc1ccoc1C(=O)Nc1cccc(C#Cc2cncc(C(=O)N=S3(=O)CCN(C(=O)NCCCC(=O)O)CC3)c2)c1,8.7,0.0,1
CHEMBL279,Cc1ccoc1C(=O)Nc1cccc(C#Cc2cncc(C(=O)N=S3(=O)CCN(C(=O)OC(C)(C)C)CC3)c2)c1,8.52,0.0,1
CHEMBL279,Cc1ccoc1C(=O)Nc1cccc(C#Cc2cncc(C(=O)N=S3(=O)CCNCC3)c2)c1,8.52,0.0,1
CHEMBL279,Cc1ccoc1C(=O)Nc1cccc(C#Cc2cncc(C(=O)N=S3(=O)CCOCC3)c2)c1,7.92,0.0,1
CHEMBL279,Cc1ccoc1C(=O)Nc1cccc(C#Cc2cncc(C(=O)N=[S@@](C)(=O)CCCO)c2)c1,8.52,0.0,1
CHEMBL279,Cc1ccoc1C(=O)Nc1cccc(C#Cc2cncc(C(=O)N=[S@](C)(=O)CCCO)c2)c1,8.3,0.0,1
CHEMBL279,Cc1ccoc1C(=O)Nc1cccc(C2CN=C3c4ccccc4NC(=O)N3C2)c1,5.2,0.0,1
CHEMBL279,Cc1ccoc1C(=O)Nc1cccc(Nc2ccnc(-c3cc(C(=O)O)c[nH]3)c2)c1,5.53,0.0,1
CHEMBL279,Cc1ccoc1C(=O)Nc1cccc(Oc2ccnc(-c3cc(C(=O)N4CC[C@@H](O)C4)c[nH]3)c2)c1,7.51,0.0,1
CHEMBL279,Cc1ccoc1C(=O)Nc1cccc(Oc2ccnc(-c3cc(C(=O)N4CC[C@H](O)C4)c[nH]3)c2)c1,7.54,0.0,1
CHEMBL279,Cc1ccoc1C(=O)Nc1cccc(Oc2ccnc(-c3cc(C(=O)NCC(=O)O)c[nH]3)c2)c1,7.55,0.0,1
CHEMBL279,Cc1ccoc1C(=O)Nc1cccc(Oc2ccnc(-c3cc(C(=O)NCC(O)CO)c[nH]3)c2)c1,7.58,0.0,1
CHEMBL279,Cc1ccoc1C(=O)Nc1cccc(Oc2ccnc(-c3cc(C(=O)NO)c[nH]3)c2)c1,7.7,0.0,1
CHEMBL279,Cc1ccoc1C(=O)Nc1cccc(Oc2ccnc(-c3cc(C(=O)O)c[nH]3)c2)c1,7.34,0.0,1
CHEMBL279,Cc1ccoc1C(=O)Nc1cccc(Oc2ccnc(-c3cc(C(=O)OCC(O)CO)c[nH]3)c2)c1,7.62,0.0,1
CHEMBL279,Cc1ccoc1C(=O)Nc1cccc(Oc2ccnc(-c3cc(C(=O)OCCO)c[nH]3)c2)c1,7.6,0.0,1
CHEMBL279,Cc1ccoc1C(=O)Nc1cccc(Oc2ccnc(-c3cc(C(N)=O)c[nH]3)c2)c1,7.68,0.0,1
CHEMBL279,Cc1ccoc1C(=O)Nc1cccc(Oc2ccnc(-c3ccc[nH]3)c2)c1,7.16,0.0,1
CHEMBL279,Cc1ccoc1C(=O)Nc1cccc(Oc2ccnc3cc(C(=O)NCCCO)sc23)c1,7.96,0.0,1
CHEMBL279,Cc1ccoc1C(=O)Nc1cccc(Oc2ccnc3cc(C(=O)NCCO)sc23)c1,7.77,0.0,1
CHEMBL279,Cc1ccoc1C(=O)Nc1cccc(Oc2ccnc3cc(C(=O)NCCc4nn[nH]n4)sc23)c1,7.85,0.0,1
CHEMBL279,Cc1ccoc1C(=O)Nc1cccc(Oc2ccnc3cc(C(=O)NO)sc23)c1,7.96,0.0,1
CHEMBL279,Cc1ccoc1C(=O)Nc1cccc(Oc2ccnc3cc(C(=O)O)sc23)c1,7.41,0.0,1
CHEMBL279,Cc1ccoc1C(=O)Nc1cccc(Oc2ccnc3cc(C(=O)OCCCO)sc23)c1,8.05,0.0,1
CHEMBL279,Cc1ccoc1C(=O)Nc1cccc(Oc2ccnc3cc(C(=O)OCCO)sc23)c1,7.77,0.0,1
CHEMBL279,Cc1ccoc1C(=O)Nc1csc(-c2cc3ccccc3n2C(N)=O)c1,5.5,0.0,1
CHEMBL279,Cc1ccsc1C(=O)/C=C/c1cc2cccc(C)c2nc1Cl,6.57,0.0,1
CHEMBL279,Cc1ccsc1C(=O)Nc1cccc(Oc2ccnc(-c3cc(C(=O)O)c[nH]3)c2)c1,6.92,0.0,1
CHEMBL279,Cc1ccsc1C(=O)Nc1cccc(Oc2ccnc(-c3cc(C(=O)OCCO)c[nH]3)c2)c1,7.62,0.0,1
CHEMBL279,Cc1ccsc1C(=O)Nc1cn2nc(Oc3cccc(NC(=O)c4cccc(F)c4)c3)ccc2n1,7.72,0.0,1
CHEMBL279,Cc1ccsc1C(=O)c1ccc2c(c1)c1c3c(c4c(c1n2CC(C)C)CCc1nn(C)cc1-4)C(=O)NC3,8.0,0.0,1
CHEMBL279,Cc1ccsc1C(=O)n1nc(Nc2ccc(S(N)(=O)=O)cc2)nc1N,7.29,0.0,1
CHEMBL279,Cc1cn(-c2cc(C(=O)Nc3ccc(F)c(Nc4ncccc4-c4ncnc5[nH]cnc45)c3F)cc(C(F)(F)F)c2)cn1,5.33,0.0,1
CHEMBL279,Cc1cn(-c2cc(NC(=O)Nc3ccc(F)c(Nc4ncccc4-c4ncnc5[nH]cnc45)c3F)cc(C(F)(F)F)c2)cn1,5.27,0.0,1
CHEMBL279,Cc1cn(-c2nc(Nc3ccc4c(c3)c(Cl)nn4C)ncc2F)cc1CN1CC(O)C1,6.82,0.0,1
CHEMBL279,Cc1cn2c(-c3cn[nH]c3)cnc2c(Nc2cc(CN3CCC(F)(F)C3)ns2)n1,6.26,0.0,1
CHEMBL279,Cc1cn2c(-c3cn[nH]c3)cnc2c(Nc2cc(CN3CCCCC3)ns2)n1,8.4,0.0,1
CHEMBL279,Cc1cn2c(-c3cn[nH]c3)cnc2c(Nc2cc([C@@H](C)N3C[C@@H](C)O[C@@H](C)C3)ns2)n1,6.15,0.0,1
CHEMBL279,Cc1cn2c(-c3cnn(CC(=O)NCc4cccs4)c3)cnc2c(Nc2cc(CN3CCCC(C)C3)ns2)n1,6.63,0.0,1
CHEMBL279,Cc1cn2c(-c3cnn(CC(=O)Nc4cccc(F)c4F)c3)cnc2c(Nc2cc(CN3CCCCC3)ns2)n1,6.32,0.0,1
CHEMBL279,Cc1cn2c(-c3cnn(CC(=O)Nc4ccncc4)c3)cnc2c(Nc2cc(CN3CCCC(C)C3)ns2)n1,6.97,0.0,1
CHEMBL279,Cc1cn2c(-c3cnn(CC(=O)Nc4ccncc4F)c3)cnc2c(Nc2cc(CN3CCCC(C)C3)ns2)n1,6.6,0.0,1
CHEMBL279,Cc1cn2nc(-c3ccn4c(-c5cc(NC(=O)NCC(F)(F)F)cc(OC(C)C)c5)cnc4c3)sc2n1,7.92,0.0,1
CHEMBL279,Cc1cn2nc(-c3ccn4c(-c5cccc(NC(=O)NCC(F)(F)F)c5)cnc4c3)sc2n1,7.85,0.0,1
CHEMBL279,Cc1cnc(-c2ccn3c(-c4cccc(NC(=O)NCC(F)(F)F)c4)cnc3c2)cn1,6.62,0.0,1
CHEMBL279,Cc1cnc(-c2ccn3c(-c4cccc(NC(=O)NCC(F)(F)F)c4)cnc3c2)nc1,6.38,0.0,1
CHEMBL279,Cc1cnc(-c2ccn3c(-c4cccc(NC(=O)NCC(F)(F)F)c4)cnc3c2)nc1N,6.38,0.0,1
CHEMBL279,Cc1cnc(-c2ccn3c(-c4cccc(NC(=O)NCC(F)(F)F)c4)cnc3c2)nc1N(C)C,6.24,0.0,1
CHEMBL279,Cc1cnc(Cl)c(C(=O)Nc2cnc3ccccc3c2)c1,6.99,0.0,1
CHEMBL279,Cc1cnc(N)nc1-c1ccn2c(-c3cccc(NC(=O)NCC(F)(F)F)c3)cnc2c1,6.41,0.0,1
CHEMBL279,Cc1cnc(Nc2ccccn2)s1,5.89,0.0,1
CHEMBL279,Cc1cnc(Nc2cnn(C)c2)nc1-c1cnn([C@H](CC#N)C2CCCC2)c1,6.5,0.0,1
CHEMBL279,Cc1cnc(Nc2cnn(C)c2)nc1N1CC(CC#N)(N2CCN(C)CC2)C1,5.17,0.0,1
CHEMBL279,Cc1cnc(Nc2cnn(C)c2)nc1N1CC2CCCC(C1)N2CC#N,5.13,0.0,1
CHEMBL279,Cc1cnc(Nc2cnn(C)c2)nc1N1CC2CCCC(C1)N2CCC#N,6.03,0.0,1
CHEMBL279,Cc1cnc(Nc2cnn(C)c2)nc1N[C@H]1[C@@H](C(N)=O)[C@@H]2C=C[C@H]1C2,6.33,0.0,1
CHEMBL279,Cc1cnc(O)c(C(=O)Nc2cccc3cccnc23)c1,7.87,0.0,1
CHEMBL279,Cc1cncc(-c2ccn3c(-c4cccc(NC(=O)NCC(F)(F)F)c4)cnc3c2)n1,6.48,0.0,1
CHEMBL279,Cc1cncc(NC(=O)n2ccc3cc(Oc4ncnc5c4CCNC5)ccc32)c1,6.55,0.0,1
CHEMBL279,Cc1cnnc(-c2ccn3c(-c4cccc(NC(=O)NCC(F)(F)F)c4)cnc3c2)c1,6.94,0.0,1
CHEMBL279,Cc1cnnc(-c2ccn3c(-c4cccc(NC(=O)NCC(F)(F)F)c4)cnc3c2)n1,6.34,0.0,1
CHEMBL279,Cc1csc(-c2n[nH]c3c2Cc2cc(CN4CCN(C)CC4)ccc2-3)c1,4.9,0.0,1
CHEMBL279,Cc1csc(-c2nc(CNC(=O)OCC(C)C)[nH]c2-c2ccc3ncsc3c2)n1,5.97,0.0,1
CHEMBL279,Cc1csc(C(=O)/C=C/c2cc3cc(C)ccc3nc2Cl)c1,6.77,0.0,1
CHEMBL279,Cc1csc(C(=O)/C=C/c2cc3ccc(C)cc3nc2Cl)c1,6.86,0.0,1
CHEMBL279,Cc1csc(C(=O)/C=C/c2cc3cccc(C)c3nc2Cl)c1,6.63,0.0,1
CHEMBL279,Cc1csc(C(=O)c2ccc3c(c2)c2c4c(c5c(c2n3CC(C)C)CCc2nn(C)cc2-5)C(=O)NC4)c1,7.96,0.0,1
CHEMBL279,Cc1csc(NC(=O)c2cc3ccc(-c4nn(C(C)(C)C)c5ncnc(N)c45)cc3[nH]2)n1,4.52,0.0,1
CHEMBL279,Cc1n[nH]c2cc(N(C)c3ccnc(Nc4cccc(S(N)(=O)=O)c4)n3)ccc12,9.22,0.0,1
CHEMBL279,Cc1n[nH]c2cc(Nc3nc(NC4CC4)c4occc4n3)ccc12,5.07,0.0,1
CHEMBL279,Cc1n[nH]c2ccc(-c3cc(N[C@@H](CO)c4ccccc4)cnc3-c3cc(Cl)ccc3O)cc12,8.43,0.0,1
CHEMBL279,Cc1n[nH]c2ccc(-c3cc(N[C@@H](CO)c4ccccc4)cnc3-c3cc(F)ccc3O)cc12,8.77,0.0,1
CHEMBL279,Cc1n[nH]c2ccc(-c3cc(N[C@@H](CO)c4ccccc4)cnc3-c3ccc(F)cc3O)cc12,8.59,0.0,1
CHEMBL279,Cc1n[nH]c2nccc(-c3ccc(NC(=O)NC(C)(C)C)cc3)c12,4.94,0.0,1
CHEMBL279,Cc1n[nH]c2nccc(-c3ccc(NC(=O)NC4CC4)cc3)c12,5.34,0.0,1
CHEMBL279,Cc1n[nH]c2nccc(-c3ccc(NC(=O)NC4CCC4)cc3)c12,5.3,0.0,1
CHEMBL279,Cc1n[nH]c2nccc(-c3ccc(NC(=O)NC4CCCC4)cc3)c12,5.21,0.0,1
CHEMBL279,Cc1n[nH]c2nccc(-c3ccc(NC(=O)NCC(C)C)cc3)c12,5.06,0.0,1
CHEMBL279,Cc1n[nH]c2nccc(-c3ccc(NC(=O)NCCCCc4ccccc4)cc3)c12,4.96,0.0,1
CHEMBL279,Cc1n[nH]c2nccc(-c3ccc(NC(=O)NCCCc4ccccc4)cc3)c12,5.41,0.0,1
CHEMBL279,Cc1n[nH]c2nccc(-c3ccc(NC(=O)NCCc4ccccc4)cc3)c12,5.01,0.0,1
CHEMBL279,Cc1n[nH]c2nccc(-c3ccc(NC(=O)NCc4ccccn4)cc3)c12,5.39,0.0,1
CHEMBL279,Cc1n[nH]c2nccc(-c3ccc(NC(=O)NCc4ccco4)cc3)c12,5.46,0.0,1
CHEMBL279,Cc1n[nH]c2nccc(-c3ccc(NC(=O)NCc4cccs4)cc3)c12,5.75,0.0,1
CHEMBL279,Cc1n[nH]c2nccc(-c3ccc(NC(=O)Nc4ccc(N(C)C)cc4)cc3)c12,5.04,0.0,1
CHEMBL279,Cc1n[nH]c2nccc(-c3ccc(NC(=O)Nc4cccc(Br)c4)cc3)c12,5.5,0.0,1
CHEMBL279,Cc1n[nH]c2nccc(-c3ccc(NC(=O)Nc4cccc(C(F)(F)F)c4)cc3)c12,5.72,0.0,1
CHEMBL279,Cc1n[nH]c2nccc(-c3ccc(NC(=O)Nc4cccc(CN(C)C)c4)cc3)c12,4.8,0.0,1
CHEMBL279,Cc1n[nH]c2nccc(-c3ccc(NC(=O)Nc4cccc(Cl)c4)cc3)c12,5.39,0.0,1
CHEMBL279,Cc1n[nH]c2nccc(-c3ccc(NC(=O)Nc4cccc(F)c4)cc3)c12,5.21,0.0,1
CHEMBL279,Cc1n[nH]c2nccc(-c3ccc(NC(=O)Nc4cccc(N(C)C)c4)cc3)c12,5.16,0.0,1
CHEMBL279,Cc1n[nH]c2nccc(-c3ccc(NC(=O)Nc4cccc(N5CCN(C)CC5)c4)cc3)c12,5.21,0.0,1
CHEMBL279,Cc1n[nH]c2nccc(-c3ccc(NC(=O)Nc4ccccc4N4CCN(C)CC4)cc3)c12,5.38,0.0,1
CHEMBL279,Cc1n[nH]c2nccc(-c3ccc(NC(=O)Nc4ccccc4N4CCOCC4)cc3)c12,4.43,0.0,1
CHEMBL279,Cc1n[nH]c2nccc(-c3ccc(NC(=O)Nc4cccnc4)cc3)c12,5.51,0.0,1
CHEMBL279,Cc1n[nH]c2nccc(-c3ccc(NC(=O)Nc4ccn[nH]4)cc3)c12,5.62,0.0,1
CHEMBL279,Cc1n[nH]c2nccc(-c3ccc(NC(=O)Nc4cnc5ccccc5c4)cc3)c12,5.73,0.0,1
CHEMBL279,Cc1n[nH]c2nccc(-c3ccc(NC(=S)Nc4cccc(Br)c4)cc3)c12,5.21,0.0,1
CHEMBL279,Cc1n[nH]c2nccc(-c3ccc(NC(=S)Nc4cccc(C(F)(F)F)c4)cc3)c12,5.1,0.0,1
CHEMBL279,Cc1n[nH]c2sc(C(=O)NCc3ccccc3)cc12,4.92,0.0,1
CHEMBL279,Cc1n[nH]c2sc(C(N)=O)c(NC(=O)COc3ccccc3)c12,4.96,0.0,1
CHEMBL279,Cc1n[nH]c2sc(C(N)=O)c(NC(=O)Nc3ccccc3)c12,4.7,0.0,1
CHEMBL279,Cc1n[nH]c2sc(C(N)=O)c(NC(=O)c3ccccc3Cl)c12,5.1,0.0,1
CHEMBL279,Cc1n[nH]c2sc(C(N)=O)c(NC(=O)c3cccs3)c12,5.22,0.0,1
CHEMBL279,Cc1n[nH]c2sc(C(N)=O)cc12,4.77,0.0,1
CHEMBL279,Cc1nc(-c2ccn3c(-c4cccc(NC(=O)NCC(F)(F)F)c4)cnc3c2)cc(N(C)C)n1,6.57,0.0,1
CHEMBL279,Cc1nc(-c2ccn3c(-c4cccc(NC(=O)NCC(F)(F)F)c4)cnc3c2)cc(N2CCN(CCO)CC2)n1,6.19,0.0,1
CHEMBL279,Cc1nc(-c2ccn3c(-c4cccc(NC(=O)NCC(F)(F)F)c4)cnc3c2)ccc1F,7.2,0.0,1
CHEMBL279,Cc1nc(-c2cnc(N3CCCC3)[nH]c2=O)ccc1Oc1ccnc(-c2cnn(C)c2)c1,5.82,0.0,1
CHEMBL279,Cc1nc(-c2cnc(NC(C)C)[nH]c2=O)ccc1Oc1ccnc(-c2cnn(C)c2)c1,5.85,0.0,1
CHEMBL279,Cc1nc(C(=O)Nc2cc(Oc3ccc4nc(NC(=O)C5CC5)nn4c3)ccc2C)c(C)s1,8.82,0.0,1
CHEMBL279,Cc1nc(C)c(-c2nc(Nc3ccc(CCN(C)C)cc3)ncc2Cl)s1,6.1,0.0,1
CHEMBL279,Cc1nc(N)cc(-c2ccn3c(-c4cccc(NC(=O)NCC(F)(F)F)c4)cnc3c2)n1,7.38,0.0,1
CHEMBL279,Cc1nc(N)sc1-c1ccnc(Nc2ccc(N3CCOCC3)cc2)n1,7.16,0.0,1
CHEMBL279,Cc1nc(N/N=C2\C(=O)N(Cc3ccccc3)c3ccc(Cl)cc32)sc1/N=N/c1ccccc1,6.58,0.0,1
CHEMBL279,Cc1nc(N2N=C(c3cc4ccccc4oc3=O)CC2c2ccc(N(C)C)cc2)sc1/N=N/c1ccc(Cl)cc1,7.47,0.0,1
CHEMBL279,Cc1nc(NC(=O)CN2CCN(c3nnc(-c4ccccc4)c4ccccc34)CC2)sc1C(=O)Nc1ccccc1,6.4,0.0,1
CHEMBL279,Cc1nc(NC(=O)Nc2ccc(Cl)c(C(F)(F)F)c2)ccc1Oc1cc(NC(=O)C2CC2)ncn1,7.87,0.0,1
CHEMBL279,Cc1nc(Nc2cc(-c3ccc(CNC(=O)OCc4ccccc4)cc3)n[nH]2)cc(N2CCN(C)CC2)n1,6.51,0.0,1
CHEMBL279,Cc1nc(Nc2cc(-c3ccc(CNC(=O)OCc4ccccc4)cc3)n[nH]2)cc(N2CCN(CCO)CC2)n1,6.62,0.0,1
CHEMBL279,Cc1nc(Nc2cc(-c3ccc(CNC(=O)OCc4ccccc4)cc3)n[nH]2)cc(N2CCNCC2)n1,6.72,0.0,1
CHEMBL279,Cc1nc(Nc2ncc(C(=O)Nc3c(C)cccc3Cl)s2)cc(N2CCN(CCO)CC2)n1,5.63,0.0,1
CHEMBL279,Cc1nc2c(F)cc(-c3nc(Nc4ccc5c(n4)CCN(CCN(C)C)C5)ncc3F)cc2n1C(C)C,5.41,0.0,1
CHEMBL279,Cc1nc2c(c(Nc3c[nH]nc3C(=O)Nc3ccc(N4CCNCC4)cc3)n1)CCC2,7.02,0.0,1
CHEMBL279,Cc1nc2c(cnn2-c2ccccc2)c(=O)n1-c1ccc(NC(=O)c2ccc(Cl)cc2)cc1,6.7,0.0,1
CHEMBL279,Cc1nc2c(cnn2-c2ccccc2)c(=O)n1-c1ccc(NC(=O)c2ccc(F)cc2)cc1,7.2,0.0,1
CHEMBL279,Cc1nc2c(cnn2-c2ccccc2)c(=O)n1-c1ccc(NC(=O)c2ccccc2)cc1,6.75,0.0,1
CHEMBL279,Cc1nc2cc(-c3ccn4c(-c5cccc(NC(=O)NCC(F)(F)F)c5)cnc4c3)ccc2s1,6.96,0.0,1
CHEMBL279,Cc1nc2cc(-n3ncc(C(=O)c4cc5ccc(-c6ccccc6)cc5[nH]4)c3N)ccc2[nH]1,5.47,0.0,1
CHEMBL279,Cc1nc2cc(-n3ncc(C(=O)c4cc5ccc(Br)cc5[nH]4)c3N)ccc2[nH]1,6.54,0.0,1
CHEMBL279,Cc1nc2cc(-n3ncc(C(=O)c4cc5ccc(CN6CCC(F)(F)CC6)cc5[nH]4)c3N)ccc2[nH]1,6.55,0.0,1
CHEMBL279,Cc1nc2cc(-n3ncc(C(=O)c4cc5ccc(CN6CCOCC6)cc5[nH]4)c3N)ccc2[nH]1,6.92,0.0,1
CHEMBL279,Cc1nc2cc(-n3ncc(C(=O)c4cc5ccc(S(C)(=O)=O)cc5[nH]4)c3N)ccc2[nH]1,6.0,0.0,1
CHEMBL279,Cc1nc2cc(Cl)c(-c3cc4cnc(Nc5ccc(N6CCC(N(C)C)CC6)cc5)nc4n4cnnc34)cc2[nH]1,7.54,0.0,1
CHEMBL279,Cc1nc2cc(Cl)c(-c3cc4cnc(Nc5ccc(N6CCOCC6)cc5)nc4n4cnnc34)cc2[nH]1,7.82,0.0,1
CHEMBL279,Cc1nc2cc(N(C)c3ccnc(Nc4cccc(S(N)(=O)=O)c4)n3)ccc2n1C,7.77,0.0,1
CHEMBL279,Cc1nc2ccc(-n3ncc(C(=O)c4cc5cc(CN6CCOCC6)ccc5[nH]4)c3N)cc2[nH]1,6.68,0.0,1
CHEMBL279,Cc1nc2ccc(-n3ncc(C(=O)c4cc5ccccc5[nH]4)c3N)cc2[nH]1,5.68,0.0,1
CHEMBL279,Cc1nc2ccc(N(C)c3ccnc(Nc4cccc(S(N)(=O)=O)c4)n3)cc2n1C,7.2,0.0,1
CHEMBL279,Cc1nc2ccccc2n(CC(=O)Nc2ccc(C(=O)NC(C)(C)C)cc2)c1=O,8.49,0.0,1
CHEMBL279,Cc1nc2ccccc2n(CC(=O)Nc2ccc(C(=O)NCc3ccccc3)cc2)c1=O,5.96,0.0,1
CHEMBL279,Cc1nc2ccccc2n(CC(=O)Nc2ccc(C(=O)NNC(=O)c3ccccc3O)cc2)c1=O,5.92,0.0,1
CHEMBL279,Cc1nc2ccccc2n(CC(=O)Nc2ccc(C(=O)Nc3cccc(Cl)c3)cc2)c1=O,8.57,0.0,1
CHEMBL279,Cc1nc2ccccc2n1C1CCN(CC(=O)Nc2ccccc2Br)CC1,8.0,0.0,1
CHEMBL279,Cc1nc2cnc3[nH]ccc3c2n1C1CCCCC1,5.58,0.0,1
CHEMBL279,Cc1ncc(C#Cc2ccn3c(-c4cccc(NC(=O)NCC(F)(F)F)c4)cnc3c2)n1C,6.9,0.0,1
CHEMBL279,Cc1ncc(CCCN(C)C)cc1Nc1ncc2c(n1)-c1ccc(Cl)cc1NC(=S)C2,6.89,0.0,1
CHEMBL279,Cc1ncc([N+](=O)[O-])n1CCOc1ncnc2ccccc12,8.56,0.0,1
CHEMBL279,Cc1nccc(-c2ccn3c(-c4cccc(NC(=O)NCC(F)(F)F)c4)cnc3c2)n1,7.11,0.0,1
CHEMBL279,Cc1nccn1-c1ccn2c(-c3cccc(NC(=O)NCC(F)(F)F)c3)cnc2c1,5.87,0.0,1
CHEMBL279,Cc1nn(-c2ccc(F)cc2)c(-n2ccnc2)c1C(=O)NCc1cccnc1,6.85,0.0,1
CHEMBL279,Cc1nn(-c2cccc(Nc3ccc4c(c3)c(C(=O)C(F)(F)F)cn4C)n2)cc1CN1CC[C@@H](O)C1,6.3,0.0,1
CHEMBL279,Cc1nn(-c2ccccc2)nc1Cn1nc(-c2ccc(F)c(O)c2)c2c(N)ncnc21,4.0,0.0,1
CHEMBL279,Cc1nn(-c2ccnc(Nc3ccc4c(c3)c(-c3nccs3)cn4C)n2)cc1CN1CC(O)C1,6.54,0.0,1
CHEMBL279,Cc1nn(-c2ccnc(Nc3ccc4c(c3)c(C(=O)C3CC3)cn4C)n2)cc1CN1CC[C@@H](O)C1,6.32,0.0,1
CHEMBL279,Cc1nn(-c2ccnc(Nc3ccc4c(c3)c(C)c(C)n4C)n2)cc1CN1CC(O)C1,6.18,0.0,1
CHEMBL279,Cc1nn(-c2ccnc(Nc3ccc4c(c3)c(Cl)c(C)n4C)n2)cc1CCN1CC[C@@H](O)C1,5.68,0.0,1
CHEMBL279,Cc1nn(-c2ccnc(Nc3ccc4c(c3)c(Cl)c(C)n4C)n2)cc1CN1CC(O)C1,6.72,0.0,1
CHEMBL279,Cc1nn(-c2ccnc(Nc3ccc4c(c3)c(Cl)c(C)n4C)n2)cc1CN1CC[C@@H](O)C1,6.0,0.0,1
CHEMBL279,Cc1nn(-c2ccnc(Nc3ccc4c(c3)c(Cl)c(C)n4C)n2)cc1CN1C[C@H](O)C[C@H]1C,5.37,0.0,1
CHEMBL279,Cc1nn(-c2ccnc(Nc3ccc4c(c3)c(Cl)c(C)n4C)n2)cc1CN1C[C@H](O)C[C@H]1C(=O)O,5.02,0.0,1
CHEMBL279,Cc1nn(-c2ccnc(Nc3ccc4c(c3)c(Cl)cn4C)n2)cc1CN1CC(O)C1,6.45,0.0,1
CHEMBL279,Cc1nn(-c2ccnc(Nc3ccc4c(c3)c(Cl)nn4C(C)C)n2)cc1CN1CC(O)C1,5.72,0.0,1
CHEMBL279,Cc1nn(-c2ccnc(Nc3ccc4c(c3)c(Cl)nn4C)n2)cc1CN1CC(O)C1,5.95,0.0,1
CHEMBL279,Cc1nn(-c2ccnc(Nc3ccc4c(c3)c(S(C)(=O)=O)nn4C)n2)cc1CN1C[C@@H](O)[C@@H](O)C1,6.19,0.0,1
CHEMBL279,Cc1nn(-c2ccnc(Nc3ccc4c(ccn4C)c3)n2)cc1CN1CC(O)C1,5.77,0.0,1
CHEMBL279,Cc1nn(-c2ccnc(Nc3ccc4c(cnn4C)c3)n2)cc1CN1CC(O)C1,5.73,0.0,1
CHEMBL279,Cc1nn(-c2ccnc(Nc3ccc4oc(C)c(Cl)c4c3)n2)cc1CN1CC(O)C1,5.41,0.0,1
CHEMBL279,Cc1nn(-c2nc(Nc3ccc4c(c3)c(Cl)c(C)n4C)ncc2F)cc1CN1CC(O)C1,6.0,0.0,1
CHEMBL279,Cc1nn(C)c2cc(N(C)c3ccnc(Nc4cccc(S(N)(=O)=O)c4)n3)ccc12,7.44,0.0,1
CHEMBL279,Cc1nn2c(N)c(-c3cccc(O)c3)cnc2c1-c1ccc(N2CCN(C)CC2)cc1,6.3,0.0,1
CHEMBL279,Cc1nn2ncccc2c1-c1ccnc(Nc2ccc(N3CCN(C)CC3)cc2)n1,7.2,0.0,1
CHEMBL279,Cc1nnc(-c2ccc(-c3cc(C(=O)Nc4cccc(N5CCOCC5)c4)ccc3C)c(C)c2)o1,5.22,0.0,1
CHEMBL279,Cc1nnc(-c2ccn3c(-c4cccc(NC(=O)NC5CC5)c4)cnc3c2)o1,6.16,0.0,1
CHEMBL279,Cc1nnc(-c2ccn3c(-c4cccc(NC(=O)NCC(F)(F)F)c4)cnc3c2)nc1C,6.48,0.0,1
CHEMBL279,Cc1nnc(-c2ccn3c(-c4cccc(NC(N)=O)c4)cnc3c2)o1,6.16,0.0,1
CHEMBL279,Cc1nnc(-c2cn3ncnc(Nc4cc(C(=O)NC5CC5)c(F)cc4F)c3c2C(C)C)o1,7.24,0.0,1
CHEMBL279,Cc1nnc(-c2cn3ncnc(Nc4cnc5[nH]ccc5c4)c3c2C(C)C)o1,7.51,0.0,1
CHEMBL279,Cc1nnc(NC(=O)c2cc3ccc(-c4nn(C(C)(C)C)c5ncnc(N)c45)cc3[nH]2)s1,4.52,0.0,1
CHEMBL279,Cc1nnc2c(Oc3ccc(NC(=O)C4=C(C(F)(F)F)C(c5ccc(Cl)cc5)C=C4)cc3F)nccn12,5.58,0.0,1
CHEMBL279,Cc1noc(-c2cn3ncnc(Nc4cnc5[nH]c(C)cc5c4)c3c2C(C)C)n1,6.95,0.0,1
CHEMBL279,Cc1noc(-c2cn3ncnc(Nc4cnc5[nH]ccc5c4)c3c2C(C)C)n1,7.02,0.0,1
CHEMBL279,Cc1noc(-c2cn3ncnc(Nc4cnc5[nH]ccc5c4F)c3c2C(C)C)n1,7.52,0.0,1
CHEMBL279,Cc1noc(C)c1C(=O)Nc1cccc(Oc2ccc3nc(NC(=O)C4CC4)cn3n2)c1,7.6,0.0,1
CHEMBL279,Cc1noc(NCc2ccncc2)c1C(=O)Nc1ccc(C(C)(C)C)cc1,6.38,0.0,1
CHEMBL279,Cc1noc(NCc2ccncc2)c1C(=O)Nc1ccc(C(C)C)cc1,6.12,0.0,1
CHEMBL279,Cc1noc(NCc2ccncc2)c1C(=O)Nc1ccc(C(F)(F)F)c(Cl)c1,5.96,0.0,1
CHEMBL279,Cc1noc(NCc2ccncc2)c1C(=O)Nc1ccc(C(F)(F)F)cc1,6.25,0.0,1
CHEMBL279,Cc1noc(NCc2ccncc2)c1C(=O)Nc1ccc(Cl)c(Cl)c1,5.9,0.0,1
CHEMBL279,Cc1noc(NCc2ccncc2)c1C(=O)Nc1ccc(OC(F)(F)F)cc1,5.45,0.0,1
CHEMBL279,Cc1noc(NCc2ccncc2)c1C(=O)Nc1cccc(C(F)(F)F)c1,5.77,0.0,1
CHEMBL279,Cc1noc(NCc2ccncc2)c1C(=O)Nc1cnc2ccccc2c1,5.91,0.0,1
CHEMBL279,Cc1oc(-c2ccccc2)nc1COc1cccc(CO)c1,4.15,0.21213203435596445,2
CHEMBL279,Cc1sc2ncnc(N)c2c1-c1ccc(N)cc1,5.34,0.0,1
CHEMBL279,Cc1sc2ncnc(N)c2c1-c1ccc(NC(=O)NCC2CCCCC2)cc1,6.1,0.0,1
CHEMBL279,Cc1sc2ncnc(N)c2c1-c1ccc(NC(=O)NCc2ccccc2)cc1,6.48,0.0,1
CHEMBL279,Cc1sc2ncnc(N)c2c1-c1ccc(NC(=O)Nc2cc(C(F)(F)F)ccc2F)cc1,7.34,0.0,1
CHEMBL279,Cc1sc2ncnc(N)c2c1-c1ccc(NC(=O)Nc2cc(Cl)cc(Cl)c2)cc1,6.8,0.0,1
CHEMBL279,Cc1sc2ncnc(N)c2c1-c1ccc(NC(=O)Nc2ccc(Br)cc2)cc1,6.92,0.0,1
CHEMBL279,Cc1sc2ncnc(N)c2c1-c1ccc(NC(=O)Nc2ccc(C(F)(F)F)cc2)cc1,7.21,0.0,1
CHEMBL279,Cc1sc2ncnc(N)c2c1-c1ccc(NC(=O)Nc2ccc(Cl)cc2)cc1,7.02,0.0,1
CHEMBL279,Cc1sc2ncnc(N)c2c1-c1ccc(NC(=O)Nc2ccc(F)cc2)cc1,7.28,0.0,1
CHEMBL279,Cc1sc2ncnc(N)c2c1-c1ccc(NC(=O)Nc2cccc(Br)c2)cc1,7.34,0.0,1
CHEMBL279,Cc1sc2ncnc(N)c2c1-c1ccc(NC(=O)Nc2cccc(C(F)(F)F)c2)cc1,7.28,0.0,1
CHEMBL279,Cc1sc2ncnc(N)c2c1-c1ccc(NC(=O)Nc2cccc(Cl)c2)cc1,7.46,0.0,1
CHEMBL279,Cc1sc2ncnc(N)c2c1-c1ccc(NC(=O)Nc2cccc(F)c2)cc1,7.265,0.007071067811865324,2
CHEMBL279,Cc1sc2ncnc(N)c2c1-c1ccc(NC(=O)Nc2ccccc2)cc1,7.44,0.0,1
CHEMBL279,Cc1sc2ncnc(N)c2c1-c1ccc(NC(=O)Nc2ccccc2Cl)cc1,6.47,0.0,1
CHEMBL279,Cc1sc2ncnc(N)c2c1-c1ccc(NC(=O)Nc2ccccc2F)cc1,6.96,0.0,1
CHEMBL279,Cc1sc2ncnc(N)c2c1-c1ccc(Nc2nc3ccccc3o2)cc1,6.77,0.0,1
CHEMBL279,ClC(Cn1ncc2c(NCc3ccccc3)ncnc21)c1ccccc1,6.0,0.0,1
CHEMBL279,Clc1cc(-c2cc3nccnc3c(NC[C@@H]3CNCCO3)n2)ccc1N1CCOCC1,6.47,0.0,1
CHEMBL279,Clc1cc(Cl)cc(-c2nc3ccc(Nc4ccnc5ccccc45)cc3[nH]2)c1,7.1,0.0,1
CHEMBL279,Clc1cc(Cl)cc(-c2nc3ccc(Nc4ncnc5ccccc45)cc3[nH]2)c1,5.74,0.0,1
CHEMBL279,Clc1cc(Cl)cc(Nc2nccc(-n3ccnc3-c3ccccc3)n2)c1,7.58,0.0,1
CHEMBL279,Clc1ccc(-[n+]2cc3c4c(ccn3c2)c2ccccc2n4CCCc2ccccc2)c(Cl)c1,5.44,0.0,1
CHEMBL279,Clc1ccc(-c2cc3nnnc(Cl)c3[se]2)cc1,5.395,0.007071067811865638,2
CHEMBL279,Clc1ccc(-c2cnc3c(-c4ccncc4)cnn3c2)cc1,6.95,0.0,1
CHEMBL279,Clc1ccc(-c2nc3ccc(Nc4ccnc5ccccc45)cc3[nH]2)cc1,6.62,0.0,1
CHEMBL279,Clc1ccc(-c2nc3ccc(Nc4ccnc5ccccc45)cc3[nH]2)cc1Cl,7.52,0.0,1
CHEMBL279,Clc1ccc(-c2nc3ccc(Nc4ncnc5ccccc45)cc3[nH]2)cc1,7.05,0.0,1
CHEMBL279,Clc1ccc(-c2nc3ccc(Nc4ncnc5ccccc45)cc3[nH]2)cc1Cl,6.12,0.0,1
CHEMBL279,Clc1ccc(-n2cc(-c3ccccc3NCc3ccncc3)nn2)cc1,6.41,0.0,1
CHEMBL279,Clc1ccc(-n2cc(-c3ccccc3NCc3ccncc3)nn2)cc1Cl,6.2,0.0,1
CHEMBL279,Clc1ccc(/C=C/C(=N/Nc2nncc3ccccc23)c2ccccc2)cc1,9.26,0.0,1
CHEMBL279,Clc1ccc(C(/C=C/c2ccccc2)=N\Nc2nncc3ccccc23)cc1,9.16,0.0,1
CHEMBL279,Clc1ccc(C2=NN(c3ccccc3)C(c3ccc4ccccc4c3)C2)cc1Cl,5.74,0.0,1
CHEMBL279,Clc1ccc(Nc2cncc(-c3cncc(NCCCc4ccncc4)c3)n2)cc1,6.0,0.0,1
CHEMBL279,Clc1ccc(Nc2cncc(-c3cncc(NCCCc4ccncc4)c3)n2)cc1Cl,6.72,0.0,1
CHEMBL279,Clc1ccc(Nc2ncc(-c3ccccc3)s2)nc1,7.46,0.0,1
CHEMBL279,Clc1ccc(Nc2ncc3c(n2)-c2ccc(Cl)cc2SC3)cc1,5.25,0.0,1
CHEMBL279,Clc1ccc(Nc2nccc(Nc3ccc4[nH]ncc4c3)n2)cc1,6.78,0.0,1
CHEMBL279,Clc1ccc(Nc2nccc(Nc3ccc4[nH]ncc4c3)n2)cc1Cl,6.62,0.0,1
CHEMBL279,Clc1ccc(Nc2nnc(-c3cccc4cnccc34)c3ccccc23)cc1,7.32,0.0,1
CHEMBL279,Clc1ccc(Nc2nnc(-c3cccc4cnccc34)c3ccccc23)cc1Cl,6.96,0.0,1
CHEMBL279,Clc1ccc(Nc2nnc(-c3cccnc3CCc3ccncc3)o2)cc1Cl,6.1,0.0,1
CHEMBL279,Clc1ccc(Nc2nnc(Cc3ccncc3)c3ccccc23)cc1,6.968125,0.7833961854217399,16
CHEMBL279,Clc1ccc(Nc2nnc(Cc3ccncc3)c3ccccc23)cc1Cl,7.52,0.0,1
CHEMBL279,Clc1ccc(Nc2nnc(Cc3ccncc3)c3cccnc23)cc1,5.77,0.0,1
CHEMBL279,Clc1ccc(Nc2nnc(Cc3ccncc3)c3ccncc23)cc1,5.85,0.0,1
CHEMBL279,Clc1ccc(Nc2nnc(Cc3ccncc3)c3cnccc23)cc1,6.21,0.0,1
CHEMBL279,Clc1ccc(Nc2nnc(Cc3ccncc3)c3ncccc23)cc1,6.755,0.19091883092036754,2
CHEMBL279,Clc1ccc(Nc2nnc(Cc3ccncn3)c3ccccc23)cc1,6.39,0.0,1
CHEMBL279,Clc1ccc(Nc2nnc(NCc3ccncc3)c3ccccc23)cc1,5.33,0.0,1
CHEMBL279,Clc1ccc(Oc2nnc(Cc3ccncc3)c3ccccc23)cc1,5.8,0.0,1
CHEMBL279,Clc1ccc(SCc2n[nH]c(-c3ccc(Cl)cc3)n2)cc1,5.11,0.0,1
CHEMBL279,Clc1ccc(Sc2nnc(Cc3ccncc3)c3ccccc23)cc1,5.89,0.0,1
CHEMBL279,Clc1ccc2[nH]c(-c3ccccc3Cn3ccc4cnccc43)nc2c1,5.58,0.0,1
CHEMBL279,Clc1ccc2c(Nc3ccc(-c4nc5ccccc5s4)c(Cl)c3)ncnc2c1,6.22,0.0,1
CHEMBL279,Clc1ccc2c(Nc3ccc(-c4nc5ccccc5s4)cc3)ccnc2c1,6.19,0.0,1
CHEMBL279,Clc1ccc2c(c1Nc1ncnc3cc(OCCCN4CCCC4)cc(OC4CCOCC4)c13)OCO2,5.6,0.0,1
CHEMBL279,Clc1ccc2c(c1Nc1ncnc3cc(OCCCN4CCOCC4)ccc13)OCO2,4.04,0.0,1
CHEMBL279,Clc1ccc2c(c1Nc1ncnc3cc(OCCN4CCCC4)cc(N4CCOCC4)c13)OCO2,5.3,0.0,1
CHEMBL279,Clc1ccc2nc3nc4c5c(-c6ccccc6)c(-c6ccccc6)oc5ncn4nc-3c2c1,6.84,0.0,1
CHEMBL279,Clc1cccc(-c2cn(Cc3ccc(-c4cccnc4)cc3)nn2)c1,6.17,0.0,1
CHEMBL279,Clc1cccc(-c2cnn3cc(-c4ccncc4)cnc23)c1,6.46,0.0,1
CHEMBL279,Clc1cccc(-c2nc3c4c(-c5ccccc5)c(-c5ccccc5)oc4ncn3n2)c1,7.08,0.0,1
CHEMBL279,Clc1cccc(-c2nc3ccc(Nc4ccnc5ccccc45)cc3[nH]2)c1,5.62,0.0,1
CHEMBL279,Clc1cccc(-c2nc3ccc(Nc4ncnc5ccccc45)cc3[nH]2)c1,5.8,0.0,1
CHEMBL279,Clc1cccc(-n2cc(-c3ccccc3NCc3cccnc3)nn2)c1,5.37,0.0,1
CHEMBL279,Clc1cccc(-n2cc(-c3ccccc3NCc3ccnc4ccccc34)nn2)c1,6.72,0.0,1
CHEMBL279,Clc1cccc(-n2cc(-c3ccccc3NCc3ccncc3)nn2)c1,7.06,0.0,1
CHEMBL279,Clc1cccc(Cl)c1-c1nc2ccc(Nc3ccnc4ccccc34)cc2[nH]1,5.08,0.0,1
CHEMBL279,Clc1cccc(Cl)c1CNc1cccc(-c2nc3ccccc3[nH]2)c1,8.17,0.0,1
CHEMBL279,Clc1cccc(Nc2cncc(-c3cncc(NCC4CCOCC4)c3)n2)c1,6.41,0.0,1
CHEMBL279,Clc1cccc(Nc2cncc(-c3cncc(NCCCCc4ccncc4)c3)n2)c1,6.58,0.0,1
CHEMBL279,Clc1cccc(Nc2cncc(-c3cncc(NCCCN4CCCCC4)c3)n2)c1,6.4,0.0,1
CHEMBL279,Clc1cccc(Nc2cncc(-c3cncc(NCCCN4CCNCC4)c3)n2)c1,6.63,0.0,1
CHEMBL279,Clc1cccc(Nc2cncc(-c3cncc(NCCCN4CCOCC4)c3)n2)c1,6.745,0.007071067811865324,2
CHEMBL279,Clc1cccc(Nc2cncc(-c3cncc(NCCCc4ccccc4)c3)n2)c1,5.64,0.0,1
CHEMBL279,Clc1cccc(Nc2cncc(-c3cncc(NCCCc4cccnc4)c3)n2)c1,7.12,0.0,1
CHEMBL279,Clc1cccc(Nc2cncc(-c3cncc(NCCCc4ccncc4)c3)n2)c1,7.12,0.0,1
CHEMBL279,Clc1cccc(Nc2cncc(-c3cncc(NCCCn4cccn4)c3)n2)c1,7.03,0.0,1
CHEMBL279,Clc1cccc(Nc2cncc(-c3cncc(NCCCn4cncn4)c3)n2)c1,7.17,0.0,1
CHEMBL279,Clc1cccc(Nc2nccc(-n3ccnc3-c3ccccc3)n2)c1,7.6,0.0,1
CHEMBL279,Clc1ccccc1-c1nc2ccc(Nc3ncnc4ccccc34)cc2[nH]1,5.06,0.0,1
CHEMBL279,Clc1cnc(Nc2ccc(CCN3CCCC3)cc2)nc1-c1ccc2cc[nH]c2c1,7.8,0.0,1
CHEMBL279,Clc1cnc(Nc2ccccn2)s1,6.71,0.0,1
CHEMBL279,Cn1c(-c2ccnc(Nc3ccc(Cl)cc3)n2)nc2ccccc21,4.42,0.0,1
CHEMBL279,Cn1c(-c2ccnc(Nc3ccc(N4CCOCC4)cc3)n2)nc2ccccc21,4.16,0.0,1
CHEMBL279,Cn1c(-c2ccnc(Nc3ccc(O)c(Cl)c3)n2)nc2ccccc21,5.12,0.0,1
CHEMBL279,Cn1c(-c2ccnc(Nc3ccc(O)cc3)n2)nc2ccccc21,5.04,0.0,1
CHEMBL279,Cn1c(-c2ccnc(Nc3cccc(O)c3)n2)nc2ccccc21,5.5,0.0,1
CHEMBL279,Cn1c(-c2ccnc(Nc3ccccc3)n2)nc2ccccc21,4.87,0.0,1
CHEMBL279,Cn1c(=O)c(-c2nc3ccccc3[nH]2)c(O)c2ccccc21,5.24,0.0,1
CHEMBL279,Cn1c(=O)c2ccc(-c3nc4ccccc4n3C)nc2n(C)c1=O,4.07,0.0,1
CHEMBL279,Cn1c(CO)cnc1C#Cc1ccn2c(-c3cccc(NC(=O)NCC(F)(F)F)c3)cnc2c1,6.89,0.0,1
CHEMBL279,Cn1c(Nc2ccc(C(F)(F)F)cc2)nc2cc(Oc3ccnc(-c4ncc(C(F)(F)F)[nH]4)c3)ccc21,5.89,0.0,1
CHEMBL279,Cn1c(Nc2ccc(C(F)(F)F)cc2)nc2ccc(Oc3ccnc(-c4cnc(C(F)(F)F)[nH]4)c3)cc21,7.52,0.0,1
CHEMBL279,Cn1c2c(c3ccc(Cl)c(Cl)c31)C(C#N)C1(CCNCC1)NC2=O,5.14,0.0,1
CHEMBL279,Cn1cc(-c2[nH]c3cc(NC(=O)[C@H](N)C4CCCCC4)cc4c3c2C=NNC4=O)cn1,8.1,0.0,1
CHEMBL279,Cn1cc(-c2cc(-c3c(-c4ccc(F)cn4)nc4n3[C@H]3CC[C@@H]4C3)ccn2)cn1,5.68,0.0,1
CHEMBL279,Cn1cc(-c2cc(Oc3ccc(NC(=O)NC(=O)Cc4ccc(F)cc4)nc3)ccn2)cn1,5.62,0.0,1
CHEMBL279,Cn1cc(-c2cc(Oc3ccc(NC(=O)Nc4ccc(Cl)c(C(F)(F)F)c4)cc3)c(Cl)cn2)cn1,4.69,0.0,1
CHEMBL279,Cn1cc(-c2cc(Oc3ccc(NC(=O)Nc4ccc(Cl)c(C(F)(F)F)c4)cc3)c(F)cn2)cn1,6.36,0.0,1
CHEMBL279,Cn1cc(-c2cc(Oc3ccc(NC(=O)Nc4ccc(Cl)c(C(F)(F)F)c4)cc3)ccn2)cn1,6.73,0.0,1
CHEMBL279,Cn1cc(-c2ccc(Cn3cc(-c4cccc(C(F)(F)F)c4)nn3)cc2)cn1,7.24,0.0,1
CHEMBL279,Cn1cc(-c2ccc(Cn3cc(-c4cccc(NC(=O)C5CC5)c4)nn3)cc2)cn1,8.38,0.0,1
CHEMBL279,Cn1cc(-c2ccc(Cn3cc(-c4ccccc4)nn3)cc2)cn1,6.3,0.0,1
CHEMBL279,Cn1cc(-c2ccc(Cn3cc(-c4ccccc4F)nn3)cc2)cn1,8.5,0.0,1
CHEMBL279,Cn1cc(-c2ccc(F)cc2)c(=O)c2c(Nc3ccc(Oc4ccnc(NC(=O)C5CC5)c4)c(F)c3)nccc21,4.64,0.0,1
CHEMBL279,Cn1cc(-c2ccc3c(c2)ncn3-c2cc(NS(=O)(=O)C3CC3)cc(-c3ccc(F)cc3F)c2)cn1,8.05,0.0,1
CHEMBL279,Cn1cc(-c2ccc3c(c2)ncn3-c2ccc(CC(=O)Nc3cc(-c4ccccc4)no3)cc2)cn1,7.85,0.0,1
CHEMBL279,Cn1cc(-c2ccc3c(c2)ncn3-c2ccc(CC(=O)Nc3cc(C(C)(C)C)n[nH]3)cc2)cn1,6.16,0.0,1
CHEMBL279,Cn1cc(-c2ccc3c(c2)ncn3-c2ccc(CC(=O)Nc3cc(C(C)(C)C)no3)cc2)cn1,8.91,0.0,1
CHEMBL279,Cn1cc(-c2ccc3ncc(N(CCN)c4cc(F)cc(OCCO)c4)nc3c2)cn1,7.18,0.0,1
CHEMBL279,Cn1cc(-c2ccn3c(N)c(-c4ccc(NC(=O)Nc5cc(C(F)(F)F)ccc5F)cc4)cnc23)cn1,8.3,0.0,1
CHEMBL279,Cn1cc(-c2ccn3c(N)c(-c4ccc(NC(=O)Nc5ccc(F)c(C(F)(F)F)c5)cc4)cnc23)cn1,8.22,0.0,1
CHEMBL279,Cn1cc(-c2ccn3c(N)c(-c4ccc(NC(=O)Nc5cccc(Cl)c5)cc4)cnc23)cn1,8.4,0.0,1
CHEMBL279,Cn1cc(-c2ccn3c(N)c(-c4ccc(NC(=O)Nc5cccc(F)c5)cc4)cnc23)cn1,8.0,0.0,1
CHEMBL279,Cn1cc(-c2cnc(N)c3c(-c4ccc(NC(=O)Nc5ccc(Cl)cc5)cc4)csc23)cn1,8.1,0.0,1
CHEMBL279,Cn1cc(-c2cnc(N)c3c(-c4ccc(NC(=O)Nc5ccc(OC(F)(F)F)cc5)cc4)csc23)cn1,8.52,0.0,1
CHEMBL279,Cn1cc(-c2cnc(N)c3c(-c4ccc(NC(=O)Nc5cccc(C(N)=O)c5)cc4)csc23)cn1,8.7,0.0,1
CHEMBL279,Cn1cc(-c2cnc(N)c3c(-c4ccc(NC(=O)Nc5cccc(Cl)c5)cc4)csc23)cn1,8.15,0.0,1
CHEMBL279,Cn1cc(-c2cnc(N)c3c(-c4ccc(NC(=O)Nc5cccc(F)c5)cc4)csc23)cn1,8.52,0.0,1
CHEMBL279,Cn1cc(-c2cnc(N)c3c(-c4ccc(NC(=O)Nc5ccccc5)cc4)csc23)cn1,8.52,0.0,1
CHEMBL279,Cn1cc(-c2cnc(N)c3c(-c4ccc(NC(=O)Nc5ccccc5F)cc4)csc23)cn1,8.52,0.0,1
CHEMBL279,Cn1cc(-c2cnc(N)c3c(-c4ccc(Oc5ccccc5)cc4)csc23)cn1,6.46,0.0,1
CHEMBL279,Cn1cc(-c2cnc3ccc(Cl)cc3n2)cn1,6.34,0.0,1
CHEMBL279,Cn1cc(-c2cnc3ccc(N(CC4CC4)c4cccc(OC(F)(F)F)c4)cc3n2)cn1,5.8,0.0,1
CHEMBL279,Cn1cc(-c2cnc3ccc(N(CC4CC4)c4cccc(OC(F)F)c4)cc3n2)cn1,6.18,0.0,1
CHEMBL279,Cn1cc(-c2cnc3ccc(N(CC4CC4)c4ccccc4)cc3n2)cn1,6.34,0.0,1
CHEMBL279,Cn1cc(-c2cnc3ccc(N(CCCNCC(F)(F)F)c4cc(Cl)cc(Cl)c4)cc3n2)cn1,6.08,0.0,1
CHEMBL279,Cn1cc(-c2cncc(-c3ccc(NC(=O)Nc4cc(C(C)(C)C)nn4C)cc3)n2)cn1,6.02,0.0,1
CHEMBL279,Cn1cc(-c2cncc(-c3ccc(NC(=O)Nc4cc(C(C)(C)C)no4)cc3)n2)cn1,6.0,0.0,1
CHEMBL279,Cn1cc(-c2cncc(Oc3cccc(NC(=O)Nc4cc(C(C)(C)C)on4)c3)n2)cn1,5.85,0.0,1
CHEMBL279,Cn1cc(-c2nccc(Oc3ccc(NC(=O)Nc4ccc(Cl)c(C(F)(F)F)c4)c(F)c3)c2Cl)cn1,6.65,0.0,1
CHEMBL279,Cn1cc(-c2nccc(Oc3ccc(NC(=O)Nc4ccc(Cl)c(C(F)(F)F)c4)cc3)c2C#N)cn1,7.16,0.0,1
CHEMBL279,Cn1cc(-c2nccc(Oc3ccc(NC(=O)Nc4ccc(Cl)c(C(F)(F)F)c4)cc3)c2Cl)cn1,7.26,0.0,1
CHEMBL279,Cn1cc(-c2nccc(Oc3ccc(NC(=O)Nc4ccc(Cl)c(C(F)(F)F)c4)cc3)c2F)cn1,7.54,0.0,1
CHEMBL279,Cn1cc(-c2nccc(Oc3ccc(NC(=O)Nc4ccc(Cl)c(C(F)(F)F)c4)cc3)c2N)cn1,6.67,0.0,1
CHEMBL279,Cn1cc(/C=C2\C(=O)NN=C2c2cnccn2)c2c(Br)cccc21,8.22,0.0,1
CHEMBL279,Cn1cc(/C=C2\C(=O)NN=C2c2cnccn2)c2c(Cl)cccc21,8.05,0.0,1
CHEMBL279,Cn1cc(/C=C2\C(=O)NN=C2c2cnccn2)c2c(F)cccc21,7.77,0.0,1
CHEMBL279,Cn1cc(/C=C2\C(=O)NN=C2c2cnccn2)c2cc(Cl)ccc21,8.0,0.0,1
CHEMBL279,Cn1cc(/C=C2\C(=O)NN=C2c2cnccn2)c2cc(F)ccc21,7.64,0.0,1
CHEMBL279,Cn1cc(/C=C2\C(=O)NN=C2c2cnccn2)c2cc3c(cc21)OCO3,7.77,0.0,1
CHEMBL279,Cn1cc(/C=C2\C(=O)NN=C2c2cnccn2)c2ccccc21,7.023333333333333,0.3955165398985649,3
CHEMBL279,Cn1cc(/C=C2\C(=O)NN=C2c2nccs2)c2c(Br)cccc21,7.35,0.0,1
CHEMBL279,Cn1cc(/C=C2\C(=O)NN=C2c2nccs2)c2cc(Cl)ccc21,7.23,0.0,1
CHEMBL279,Cn1cc(/C=C2\C(=O)NN=C2c2nccs2)c2cc(F)ccc21,7.31,0.0,1
CHEMBL279,Cn1cc(/C=C2\C(=O)NN=C2c2nccs2)c2cc3c(cc21)OCO3,7.5,0.0,1
CHEMBL279,Cn1cc(/C=C2\C(=O)NN=C2c2nccs2)c2ccccc21,7.34,0.0,1
CHEMBL279,Cn1cc(/C=C2\Oc3cccc(O)c3C2=O)c2c(-c3ccc(C(=O)NCCO)cc3)ccnc21,7.3,0.0,1
CHEMBL279,Cn1cc(C#Cc2ccn3c(-c4cccc(NC(=O)NCC(F)(F)F)c4)cnc3c2)cn1,6.64,0.0,1
CHEMBL279,Cn1cc(NC(=O)c2ccc(NS(=O)(=O)c3ccccc3)cc2)cn1,4.6,0.0,1
CHEMBL279,Cn1cc(NC(=O)c2cccc(NS(=O)(=O)c3ccc(Cl)cc3)c2)cn1,4.76,0.0,1
CHEMBL279,Cn1cc(NC(=O)c2cccc(NS(=O)(=O)c3ccccc3)c2)cn1,4.69,0.0,1
CHEMBL279,Cn1cc(Nc2n[nH]c3cc(-c4cnn(CC(=O)Nc5ccc(Cl)c(C(F)(F)F)c5)c4)ccc23)cn1,6.66,0.0,1
CHEMBL279,Cn1cc(Nc2ncc(Br)c(N[C@H]3[C@@H](C(N)=O)[C@@H]4C=C[C@H]3C4)n2)cn1,8.055,0.2333452377915617,2
CHEMBL279,Cn1cc(Nc2ncc(C(F)(F)F)c(N[C@@H]3[C@H]4CC[C@H](C4)[C@@H]3C(N)=O)n2)cn1,7.13,0.0,1
CHEMBL279,Cn1cc(Nc2ncc(C(F)(F)F)c(N[C@H]3C[C@@H]4CC[C@H]3C4)n2)cn1,6.08,0.0,1
CHEMBL279,Cn1cc(Nc2ncc(C(F)(F)F)c(N[C@H]3[C@@H](C(=O)NC4CC4)[C@@H]4C=C[C@H]3C4)n2)cn1,6.54,0.0,1
CHEMBL279,Cn1cc(Nc2ncc(C(F)(F)F)c(N[C@H]3[C@@H](C(=O)NCCO)[C@@H]4C=C[C@H]3C4)n2)cn1,6.58,0.0,1
CHEMBL279,Cn1cc(Nc2ncc(C(F)(F)F)c(N[C@H]3[C@@H](C(N)=O)C[C@H]4C[C@@H]3C4(C)C)n2)cn1,6.58,0.0,1
CHEMBL279,Cn1cc(Nc2ncc(C(F)(F)F)c(N[C@H]3[C@@H](C(N)=O)[C@@H]4C=C[C@H]3C4)n2)cn1,7.92,0.0,1
CHEMBL279,Cn1cc(Nc2ncc(C(F)(F)F)c(Nc3ccccc3C(N)=O)n2)cn1,6.37,0.0,1
CHEMBL279,Cn1cc(Nc2ncc(C(N)=O)c(N[C@H]3[C@@H](C(N)=O)[C@@H]4C=C[C@H]3C4)n2)cn1,5.81,0.0,1
CHEMBL279,Cn1cc(Nc2ncc(Cl)c(N[C@@H]3CCCC[C@@H]3C(N)=O)n2)cn1,6.77,0.0,1
CHEMBL279,Cn1cc(Nc2ncc(Cl)c(N[C@@H]3CCC[C@@H]3C(N)=O)n2)cn1,6.61,0.0,1
CHEMBL279,Cn1cc(Nc2ncc(Cl)c(N[C@@H]3CC[C@@H]3C(N)=O)n2)cn1,6.82,0.0,1
CHEMBL279,Cn1cc(Nc2ncc(Cl)c(N[C@@H]3[C@H]4CC[C@H](C4)[C@@H]3C(N)=O)n2)cn1,7.72,0.0,1
CHEMBL279,Cn1cc(Nc2ncc(Cl)c(N[C@H]3[C@@H](C(N)=O)[C@@H]4C=C[C@H]3C4)n2)cn1,7.85,0.0,1
CHEMBL279,Cn1cc(Nc2ncc(Cl)c(N[C@H]3[C@@H](C(N)=O)[C@@H]4CC[C@H]3O4)n2)cn1,6.16,0.0,1
CHEMBL279,Cn1cc(Nc2ncc(Cl)c(N[C@H]3[C@H]4CC[C@H](C4)[C@H]3C(N)=O)n2)cn1,7.72,0.0,1
CHEMBL279,Cn1cc(Nc2ncc(F)c(N[C@H]3[C@@H](C(N)=O)[C@@H]4C=C[C@H]3C4)n2)cn1,6.48,0.0,1
CHEMBL279,Cn1cc(Nc2ncc([N+](=O)[O-])c(N[C@H]3[C@@H](C(N)=O)[C@@H]4C=C[C@H]3C4)n2)cn1,7.3,0.0,1
CHEMBL279,Cn1cc(Nc2nccc(N3CC4CCC(C3)N4C(=O)[C@@H]3CC3(F)F)n2)cn1,5.8,0.0,1
CHEMBL279,Cn1cc(Nc2nccc(N3C[C@H]4CC[C@H](C3)N4C(=O)[C@@H]3CC3(F)F)n2)cn1,5.8,0.0,1
CHEMBL279,Cn1cc2c(n1)CCc1c-2c2c(c3c1[nH]c1ccc(C(=O)c4cccs4)cc13)CNC2=O,8.7,0.0,1
CHEMBL279,Cn1cc2c(n1)CCc1c-2c2c(c3c1[nH]c1ccc(C4CCCCO4)cc13)CNC2=O,8.3,0.0,1
CHEMBL279,Cn1cc2c(n1)CCc1c-2c2c(c3c1[nH]c1ccccc13)CNC2=O,7.8,0.0,1
CHEMBL279,Cn1cc2c(n1)CCc1c-2c2c(c3c4cc(C5CCCCO5)ccc4n(C)c13)CNC2=O,7.82,0.0,1
CHEMBL279,Cn1cc2c(n1)CCc1c-2c2c(c3c4cc(C5CCCCO5)ccc4n(C4CCCC4)c13)CNC2=O,7.26,0.0,1
CHEMBL279,Cn1cc2c(n1)CCc1c-2c2c(c3c4cc(C5CCCCO5)ccc4n(C4CCCCC4)c13)CNC2=O,7.36,0.0,1
CHEMBL279,Cn1cc2c(n1)CCc1c-2c2c(c3c4cc(C5CCCCO5)ccc4n(CC4CCCCC4)c13)CNC2=O,6.83,0.0,1
CHEMBL279,Cn1cc2c(n1)CCc1c-2c2c(c3c4cc(C5CCCCO5)ccc4n(CCCO)c13)CNC2=O,7.8,0.0,1
CHEMBL279,Cn1cc2c(n1)CCc1c-2c2c(c3c4cc(C5CCCCO5)ccc4n(CCO)c13)CNC2=O,8.52,0.0,1
CHEMBL279,Cn1cc2ccc(Nc3n[nH]c4cc(-c5cnn(CC(=O)Nc6ccc(Cl)c(C(F)(F)F)c6)c5)ccc34)cc2n1,6.6,0.0,1
CHEMBL279,Cn1ccc(C#Cc2ccn3c(-c4cccc(NC(=O)NCC(F)(F)F)c4)cnc3c2)n1,6.82,0.0,1
CHEMBL279,Cn1ccc(NC(=O)c2cc3ccc(-c4nn(C(C)(C)C)c5ncnc(N)c45)cc3[nH]2)n1,4.52,0.0,1
CHEMBL279,Cn1ccc(NC(=O)c2ccc3cc(-c4nn(C(C)(C)C)c5ncnc(N)c45)[nH]c3c2)n1,5.7,0.0,1
CHEMBL279,Cn1ccc2cc(-c3nn(C4CCCC4)c4ncnc(N)c34)ccc21,6.76,0.0,1
CHEMBL279,Cn1ccc2ncnc(Nc3ccc(NC(=O)Nc4ccccc4)cc3)c21,5.85,0.0,1
CHEMBL279,Cn1ccc2ncnc(Oc3ccc(CC(=O)Nc4ccccc4)cc3)c21,5.48,0.0,1
CHEMBL279,Cn1ccc2ncnc(Oc3ccc(NC(=O)Nc4ccc(Cl)cc4)cc3)c21,7.5,0.0,1
CHEMBL279,Cn1ccc2ncnc(Oc3ccc(NC(=O)Nc4cccc(Br)c4)cc3)c21,8.36,0.0,1
CHEMBL279,Cn1ccc2ncnc(Oc3ccc(NC(=O)Nc4cccc(C(F)(F)F)c4)c(Cl)c3)c21,8.43,0.0,1
CHEMBL279,Cn1ccc2ncnc(Oc3ccc(NC(=O)Nc4cccc(C(F)(F)F)c4)c(F)c3)c21,8.442,1.2025680853905947,5
CHEMBL279,Cn1ccc2ncnc(Oc3ccc(NC(=O)Nc4cccc(C(F)(F)F)c4)cc3)c21,8.28,0.0,1
CHEMBL279,Cn1ccc2ncnc(Oc3ccc(NC(=O)Nc4cccc(C(F)(F)F)c4)cc3Cl)c21,7.52,0.0,1
CHEMBL279,Cn1ccc2ncnc(Oc3ccc(NC(=O)Nc4cccc(Cl)c4)cc3)c21,8.39,0.0,1
CHEMBL279,Cn1ccc2ncnc(Oc3ccc(NC(=O)Nc4cccc(F)c4)cc3)c21,7.72,0.0,1
CHEMBL279,Cn1ccc2ncnc(Oc3ccc(NC(=O)Nc4ccccc4)cc3)c21,7.48,0.0,1
CHEMBL279,Cn1ccc2ncnc(Oc3ccc(NC(=O)Nc4ccccc4Cl)cc3)c21,6.47,0.0,1
CHEMBL279,Cn1ccc2ncnc(Oc3ccc(NC(=O)c4ccccc4)cc3)c21,5.03,0.0,1
CHEMBL279,Cn1ccc2ncnc(Oc3ccc(NC(=S)Nc4ccccc4)cc3)c21,5.17,0.0,1
CHEMBL279,Cn1ccc2ncnc(Oc3ccc(Nc4nc5ccccc5[nH]4)cc3)c21,5.38,0.0,1
CHEMBL279,Cn1ccc2ncnc(Oc3cccc(C(=O)Nc4ccccc4)c3)c21,6.06,0.0,1
CHEMBL279,Cn1ccc2ncnc(Oc3cccc(NC(=O)Nc4ccccc4)c3)c21,5.75,0.0,1
CHEMBL279,Cn1ccc2ncnc(Oc3cccc(NC(=O)c4ccccc4)c3)c21,6.03,0.0,1
CHEMBL279,Cn1ccc2ncnc(Sc3ccc(NC(=O)Nc4ccccc4)cc3)c21,6.96,0.0,1
CHEMBL279,Cn1cccc1/C=C1/C(=O)Nc2ccccc21,4.7,0.0,1
CHEMBL279,Cn1ccnc1-c1cc2c(Oc3ccc(NC(=S)NC(=O)Cc4ccccc4)cc3F)ccnc2s1,8.52,0.0,1
CHEMBL279,Cn1ccnc1-c1cc2nccc(Oc3ccc(NC(=O)c4cnn(-c5ccccc5)c4C(F)(F)F)cc3F)c2s1,5.85,0.0,1
CHEMBL279,Cn1ccnc1/C=C/c1ccn2c(-c3cccc(NC(=O)NCC(F)(F)F)c3)cnc2c1,6.58,0.0,1
CHEMBL279,Cn1ccnc1C#Cc1ccn2c(-c3cccc(NC(=O)NCC(F)(F)F)c3)cnc2c1,6.9,0.028284271247461613,2
CHEMBL279,Cn1ccnc1C(=O)Nc1cccc(C#Cc2cc(C(=O)N=S(C)(C)=O)cnc2N)c1,8.22,0.0,1
CHEMBL279,Cn1cnc(-c2cc(NC(=O)Nc3ccncc3)cc(C(F)(F)F)c2)c1,6.65,0.0,1
CHEMBL279,Cn1cnc(-c2cc(NC(=O)Nc3nccs3)cc(C(F)(F)F)c2)c1,6.54,0.0,1
CHEMBL279,Cn1cnc(-c2cc3nccc(Oc4ccc(NC(=O)CC(Nc5ccccc5)C(F)(F)F)cc4F)c3s2)c1,6.68,0.0,1
CHEMBL279,Cn1cnc(-c2cc3nccc(Oc4ccc(NC(=O)N5CCN(c6ccccc6)C5=O)cc4F)c3s2)c1,8.0,0.0,1
CHEMBL279,Cn1cnc(-c2cc3nccc(Oc4ccc(NC(=O)c5cnn(-c6ccccc6)c5)cc4F)c3s2)c1,5.85,0.0,1
CHEMBL279,Cn1cnc(-c2cc3nccc(Oc4ccc(NC(=O)c5cnn(-c6ccccc6)c5N)cc4F)c3s2)c1,6.1,0.0,1
CHEMBL279,Cn1cnc(-c2cc3nccc(Oc4ccc(NC(=O)c5cnn(C(C)(C)C)c5C(F)(F)F)cc4F)c3s2)c1,5.52,0.0,1
CHEMBL279,Cn1cnc(-c2cc3nccc(Oc4ccc(NC(=O)c5cnn(C)c5C(F)(F)F)cc4F)c3s2)c1,6.16,0.0,1
CHEMBL279,Cn1cnc(-c2cc3nccc(Oc4ccc(NC(=S)NC(=O)Cc5ccccc5)cc4F)c3s2)c1,8.22,0.0,1
CHEMBL279,Cn1cnc(-c2cc3nccc(Oc4ccc(NC(CC(=O)Nc5ccccc5)C(F)(F)F)cc4F)c3s2)c1,8.0,0.0,1
CHEMBL279,Cn1cnc(-c2ccc(OC(F)(F)F)c(NC(=O)Nc3ccncc3)c2)c1,6.45,0.0,1
CHEMBL279,Cn1cnc(-c2ccccc2)c1-c1cc2c(N)ncnc2s1,5.0,0.0,1
CHEMBL279,Cn1cnc(-c2ccccc2)c1-c1nc2c(N)ncnc2s1,4.08,0.0,1
CHEMBL279,Cn1cnc(NCCc2ccc3c(c2)OCO3)c1-c1nnc(Nc2ccc(Cl)cc2)o1,6.02,0.0,1
CHEMBL279,Cn1cnc(NCCc2ccc3c(c2)OCO3)c1C(=O)Nc1ccc(C(F)(F)F)cc1,5.59,0.0,1
CHEMBL279,Cn1cnc(NCCc2ccc3c(c2)OCO3)c1C(=O)Nc1cccc(C(F)(F)F)c1,5.51,0.0,1
CHEMBL279,Cn1cnc(NCc2ccc(F)c(F)c2)c1-c1nnc(Nc2ccc(Cl)cc2)o1,5.73,0.0,1
CHEMBL279,Cn1cnc(NCc2ccc3[nH]ncc3c2)c1-c1nnc(Nc2ccc(Cl)cc2)o1,5.62,0.0,1
CHEMBL279,Cn1cnc(NCc2cccc3ncccc23)c1-c1nnc(Nc2ccc(Cl)cc2)o1,5.45,0.0,1
CHEMBL279,Cn1cnc(NCc2ccncc2)c1-c1nnc(NCc2ccc3c(c2)OCO3)o1,6.85,0.0,1
CHEMBL279,Cn1cnc(NCc2ccncc2)c1-c1nnc(Nc2ccc(-c3ccccc3)cc2)o1,5.49,0.0,1
CHEMBL279,Cn1cnc(NCc2ccncc2)c1-c1nnc(Nc2ccc(Br)cc2)o1,6.14,0.0,1
CHEMBL279,Cn1cnc(NCc2ccncc2)c1-c1nnc(Nc2ccc(C(C)(C)C)cc2)o1,6.42,0.0,1
CHEMBL279,Cn1cnc(NCc2ccncc2)c1-c1nnc(Nc2ccc(C(F)(F)F)cc2)o1,7.14,0.0,1
CHEMBL279,Cn1cnc(NCc2ccncc2)c1-c1nnc(Nc2ccc(Cl)c(C(F)(F)F)c2)o1,7.37,0.0,1
CHEMBL279,Cn1cnc(NCc2ccncc2)c1-c1nnc(Nc2ccc(Cl)c(Cl)c2)o1,6.75,0.0,1
CHEMBL279,Cn1cnc(NCc2ccncc2)c1-c1nnc(Nc2ccc(Cl)cc2)o1,6.6,0.0,1
CHEMBL279,Cn1cnc(NCc2ccncc2)c1-c1nnc(Nc2ccc(OC(F)(F)Cl)cc2)o1,6.89,0.0,1
CHEMBL279,Cn1cnc(NCc2ccncc2)c1-c1nnc(Nc2ccc(OC(F)(F)F)cc2)o1,7.03,0.0,1
CHEMBL279,Cn1cnc(NCc2ccncc2)c1-c1nnc(Nc2cccc(OC(F)(F)F)c2)o1,7.34,0.0,1
CHEMBL279,Cn1cnc(NCc2ccncc2)c1C(=O)NCc1ccc2c(c1)OCO2,5.95,0.0,1
CHEMBL279,Cn1cnc(NCc2ccncc2)c1C(=O)Nc1cc(C(F)(F)F)cc(C(F)(F)F)c1,5.97,0.0,1
CHEMBL279,Cn1cnc(NCc2ccncc2)c1C(=O)Nc1ccc(C(C)(C)C)cc1,6.96,0.0,1
CHEMBL279,Cn1cnc(NCc2ccncc2)c1C(=O)Nc1ccc(C(F)(F)F)c(C(F)(F)F)c1,6.16,0.0,1
CHEMBL279,Cn1cnc(NCc2ccncc2)c1C(=O)Nc1ccc(C(F)(F)F)c(Cl)c1,6.46,0.0,1
CHEMBL279,Cn1cnc(NCc2ccncc2)c1C(=O)Nc1ccc(C(F)(F)F)cc1,5.22,0.0,1
CHEMBL279,Cn1cnc(NCc2ccncc2)c1C(=O)Nc1ccc(Cl)c(C(F)(F)F)c1,5.9,0.0,1
CHEMBL279,Cn1cnc(NCc2ccncc2)c1C(=O)Nc1ccc(Cl)c(Cl)c1,6.26,0.0,1
CHEMBL279,Cn1cnc(NCc2ccncc2)c1C(=O)Nc1ccc(OC(F)(F)F)cc1,5.84,0.0,1
CHEMBL279,Cn1cnc(NCc2ccncc2)c1C(=O)Nc1cccc(C(F)(F)F)c1,6.1,0.0,1
CHEMBL279,Cn1cnc(NCc2ccncc2)c1C(=O)Nc1cccc(Cl)c1,5.49,0.0,1
CHEMBL279,Cn1cnc(NCc2ccncc2)c1C(=O)Nc1cccc(OC(F)(F)F)c1,5.96,0.0,1
CHEMBL279,Cn1cnc(NCc2ccncc2)c1C(=O)Nc1cnc2ccccc2c1,6.46,0.0,1
CHEMBL279,Cn1cncc1/C=C/c1ccn2c(-c3cccc(NC(=O)NCC(F)(F)F)c3)cnc2c1,7.26,0.0,1
CHEMBL279,Cn1cncc1C#Cc1ccn2c(-c3cc(NC(=O)NCC(F)(F)F)ccc3F)cnc2c1,6.7,0.0,1
CHEMBL279,Cn1cncc1C#Cc1ccn2c(-c3cccc(NC(=O)NC4CC4)c3)cnc2c1,6.53,0.0,1
CHEMBL279,Cn1cncc1C#Cc1ccn2c(-c3cccc(NC(=O)NCC(F)(F)F)c3)cnc2c1,6.95,0.0,1
CHEMBL279,Cn1cncc1C#Cc1ccn2c(-c3cccc(NC(N)=O)c3)cnc2c1,7.02,0.0,1
CHEMBL279,Cn1cncc1CCc1ccn2c(-c3cccc(NC(=O)NCC(F)(F)F)c3)cnc2c1,6.07,0.0,1
CHEMBL279,Cn1nc(-c2ccc(Br)c(O)c2)c2c(N)ncnc21,5.52,0.0,1
CHEMBL279,Cn1nc(-c2ccc3cc[nH]c3c2)c2c(N)ncnc21,4.96,0.0,1
CHEMBL279,Cn1nc(-c2ccc3ccccc3c2)c2c(N)ncnc21,5.96,0.0,1
CHEMBL279,Cn1nc(-c2ccc3ncccc3c2)c2c(N)ncnc21,4.92,0.0,1
CHEMBL279,Cn1nc(-c2ccc3occc(=O)c3c2)c2c(N)ncnc21,4.0,0.0,1
CHEMBL279,Cn1nc(-c2ccn3c(-c4cccc(NC(=O)NCC(F)(F)F)c4)cnc3c2)ccc1=O,7.47,0.0,1
CHEMBL279,Cn1nc(-c2cnc3[nH]ccc3c2)c2c(N)ncnc21,6.03,0.0,1
CHEMBL279,Cn1nc(C(=O)c2ccccc2NCc2ccc3cn[nH]c3c2)c2ccccc21,6.6,0.0,1
CHEMBL279,Cn1nc(C(=O)c2ccccc2NCc2ccc3ncccc3c2)c2ccccc21,5.07,0.0,1
CHEMBL279,Cn1nc(C(F)(F)F)cc1C(=O)Nc1cccc(Oc2ccc3nc(NC(=O)C4CC4)cn3n2)c1,8.43,0.0,1
CHEMBL279,Cn1nc(C2CCCCC2)c2c3cc[nH]c3ncc21,6.8,0.0,1
CHEMBL279,Cn1nc(N)c2c(-c3ccc(NC(=O)Nc4ccc(F)c(C(F)(F)F)c4)cc3)cncc21,8.43,0.0,1
CHEMBL279,Cn1nc(N)c2c(-c3ccc(NC(=O)Nc4cccc(Cl)c4)cc3)cncc21,8.82,0.0,1
CHEMBL279,Cn1ncc(NCc2ccncc2)c1C(=O)Nc1cc(C(F)(F)F)cc(C(F)(F)F)c1,5.91,0.0,1
CHEMBL279,Cn1ncc(NCc2ccncc2)c1C(=O)Nc1ccc(C(C)(C)C)cc1,6.75,0.0,1
CHEMBL279,Cn1ncc(NCc2ccncc2)c1C(=O)Nc1ccc(C(F)(F)F)c(C(F)(F)F)c1,6.04,0.0,1
CHEMBL279,Cn1ncc(NCc2ccncc2)c1C(=O)Nc1ccc(C(F)(F)F)c(Cl)c1,6.36,0.0,1
CHEMBL279,Cn1ncc(NCc2ccncc2)c1C(=O)Nc1ccc(C(F)(F)F)cc1,6.51,0.0,1
CHEMBL279,Cn1ncc(NCc2ccncc2)c1C(=O)Nc1ccc(Cl)c(C(F)(F)F)c1,5.87,0.0,1
CHEMBL279,Cn1ncc(NCc2ccncc2)c1C(=O)Nc1ccc(Cl)c(Cl)c1,6.44,0.0,1
CHEMBL279,Cn1ncc(NCc2ccncc2)c1C(=O)Nc1ccc(OC(F)(F)F)cc1,5.73,0.0,1
CHEMBL279,Cn1ncc(NCc2ccncc2)c1C(=O)Nc1cccc(C(F)(F)F)c1,5.97,0.0,1
CHEMBL279,Cn1ncc(NCc2ccncc2)c1C(=O)Nc1cccc(Cl)c1,5.49,0.0,1
CHEMBL279,Cn1ncc(NCc2ccncc2)c1C(=O)Nc1cccc(OC(F)(F)F)c1,5.61,0.0,1
CHEMBL279,Cn1ncc(NCc2ccncc2)c1C(=O)Nc1cnc2ccccc2c1,6.28,0.0,1
CHEMBL279,Cn1ncc2c1CCc1c-2c2c(c3c1[nH]c1ccc(C4CCCCO4)cc13)CNC2=O,8.1,0.0,1
CHEMBL279,Cn1ncc2c1CCc1c-2c2c(c3c4cc(C5CCCCO5)ccc4n(C)c13)CNC2=O,7.66,0.0,1
CHEMBL279,Cn1ncc2c1CCc1c-2c2c(c3c4cc(C5CCCCO5)ccc4n(C4CCCC4)c13)CNC2=O,7.19,0.0,1
CHEMBL279,Cn1ncc2c1CCc1c-2c2c(c3c4cc(C5CCCCO5)ccc4n(CCO)c13)CNC2=O,8.15,0.0,1
CHEMBL279,Cn1nccc1NC(=O)c1cc2ccc(-c3nn(C(C)(C)C)c4ncnc(N)c34)cc2[nH]1,4.52,0.0,1
CHEMBL279,Cn1nccc1Nc1ncc2c(n1)CCN(C(=O)c1cccnc1)C2,7.8,0.0,1
CHEMBL279,Cn1nncc1C(=O)Nc1cccc(Oc2ccc3nc(NC(=O)C4CC4)cn3n2)c1,8.89,0.0,1
CHEMBL279,FC(F)(Cl)Oc1ccc(Nc2nnc(-c3cccc4cnccc34)c3ccccc23)cc1,7.1,0.0,1
CHEMBL279,FC(F)(Cl)Oc1ccc(Nc2nnc(-c3cccnc3CCc3ccncc3)o2)cc1,7.51,0.0,1
CHEMBL279,FC(F)(Cl)Oc1ccc(Nc2nnc(-c3ccncc3CCc3ccncc3)o2)cc1,6.66,0.0,1
CHEMBL279,FC(F)(Cl)Oc1ccc(Nc2nnc(-c3cnccc3CCc3ccncc3)o2)cc1,6.36,0.0,1
CHEMBL279,FC(F)(F)Oc1ccc(-n2cc(-c3ccccc3NCc3ccncc3)nn2)cc1,5.91,0.0,1
CHEMBL279,FC(F)(F)Oc1ccc(Nc2nnc(-c3cccnc3CCc3ccncc3)o2)cc1,7.36,0.0,1
CHEMBL279,FC(F)(F)Oc1ccc(Nc2nnc(-c3ccncc3CCc3ccncc3)o2)cc1,6.46,0.0,1
CHEMBL279,FC(F)(F)Oc1ccc(Nc2nnc(-c3cnccc3CCc3ccncc3)o2)cc1,6.44,0.0,1
CHEMBL279,FC(F)(F)Oc1cccc(-n2cc(-c3ccccc3NCc3ccncc3)nn2)c1,7.18,0.0,1
CHEMBL279,FC(F)(F)Oc1cccc(Nc2nnc(-c3cccnc3CCc3ccncc3)o2)c1,7.16,0.0,1
CHEMBL279,FC(F)(F)Oc1cccc(Nc2nnc(-c3ccncc3CCc3ccncc3)o2)c1,6.33,0.0,1
CHEMBL279,FC(F)(F)Oc1cccc(Nc2nnc(-c3cnccc3CCc3ccncc3)o2)c1,6.26,0.0,1
CHEMBL279,FC(F)(F)c1c[nH]c(-c2n[nH]cc2/C=C/c2cccnc2)n1,4.54,0.0,1
CHEMBL279,FC(F)(F)c1c[nH]c(-c2n[nH]cc2/C=C/c2cncc3ccccc23)n1,5.51,0.0,1
CHEMBL279,FC(F)(F)c1cc(-n2cc(-c3ccccc3NCc3ccncc3)nn2)ccc1Cl,6.36,0.0,1
CHEMBL279,FC(F)(F)c1cc(Br)cc(Nc2nnc(Cc3ccncc3)c3ccccc23)c1,6.42,0.0,1
CHEMBL279,FC(F)(F)c1cc(Nc2nccc(-n3ccnc3-c3ccccc3)n2)cc(C(F)(F)F)c1,7.11,0.0,1
CHEMBL279,FC(F)(F)c1cc(Nc2nnc(-c3cccc4cnccc34)c3ccccc23)ccc1Cl,6.92,0.0,1
CHEMBL279,FC(F)(F)c1cc(Nc2nnc(Cc3ccncc3)c3ccccc23)ccc1Cl,6.52,0.0,1
CHEMBL279,FC(F)(F)c1ccc(-[n+]2cc3c4c(ccn3c2)c2ccccc2n4CCCc2ccccc2)cc1,6.1,0.0,1
CHEMBL279,FC(F)(F)c1ccc(-[n+]2cc3c4c(ccn3c2)c2ccccc2n4Cc2ccccc2)cc1,5.89,0.0,1
CHEMBL279,FC(F)(F)c1ccc(-c2nc3ccc(Nc4ncnc5ccccc45)cc3[nH]2)cc1,5.05,0.0,1
CHEMBL279,FC(F)(F)c1ccc(-n2cc(-c3ccccc3NCc3ccncc3)nn2)cc1,6.23,0.0,1
CHEMBL279,FC(F)(F)c1ccc(-n2cc(-c3ccccc3NCc3ccncc3)nn2)cc1Cl,6.03,0.0,1
CHEMBL279,FC(F)(F)c1ccc(CNc2ccc(Cc3c[nH]c4ncc(Cl)cc34)cn2)cn1,6.140000000000001,0.45254833995938987,2
CHEMBL279,FC(F)(F)c1ccc(COc2ccc(Nc3ncnc4cc5c(cc34)OCCOCCOCCOCCO5)cc2)cc1,7.33,0.0,1
CHEMBL279,FC(F)(F)c1ccc(Nc2nnc(-c3cccnc3CCc3ccncc3)o2)cc1,7.24,0.0,1
CHEMBL279,FC(F)(F)c1ccc(Nc2nnc(-c3ccncc3CCc3ccncc3)o2)cc1,6.54,0.0,1
CHEMBL279,FC(F)(F)c1ccc(Nc2nnc(-c3cnccc3CCc3ccncc3)o2)cc1,6.36,0.0,1
CHEMBL279,FC(F)(F)c1cccc(-c2nnc(-c3cccnc3NCc3ccncc3)[nH]2)c1,5.96,0.0,1
CHEMBL279,FC(F)(F)c1cccc(-c2nnc(-c3cccnc3NCc3ccncc3)o2)c1,5.6,0.0,1
CHEMBL279,FC(F)(F)c1cccc(-n2cc(-c3ccccc3NCc3ccnc4ccccc34)nn2)c1,6.8,0.0,1
CHEMBL279,FC(F)(F)c1cccc(-n2cc(-c3ccccc3NCc3ccncc3)nn2)c1,7.29,0.0,1
CHEMBL279,FC(F)(F)c1cccc(Nc2nccc(-n3ccnc3-c3ccccc3)n2)c1,8.0,0.0,1
CHEMBL279,FC(F)(F)c1cccc(Nc2ncnc3[nH]c(CCc4ccccc4)cc23)c1,4.66,0.0,1
CHEMBL279,FC(F)(F)c1cccc(Nc2nnc(-c3cccnc3CCc3ccc4[nH]ncc4c3)o2)c1,5.41,0.0,1
CHEMBL279,FC(F)(F)c1cccc(Nc2nnc(-c3cccnc3CCc3cccc4ncccc34)o2)c1,5.25,0.0,1
CHEMBL279,FC(F)(F)c1cccc(Nc2nnc(-c3cccnc3CCc3ccncc3)o2)c1,7.19,0.0,1
CHEMBL279,FC(F)(F)c1cccc(Nc2nnc(-c3ccncc3CCc3ccncc3)o2)c1,6.25,0.0,1
CHEMBL279,FC(F)(F)c1cccc(Nc2nnc(-c3cnccc3CCc3ccncc3)o2)c1,6.14,0.0,1
CHEMBL279,FC(F)(F)c1nc2cnc3[nH]ccc3c2n1C1CCCCC1,6.14,0.0,1
CHEMBL279,FC1(F)CCNC[C@H]1CNc1nc(-c2ccc(N3CCOCC3)cc2)cc2nccnc12,7.21,0.0,1
CHEMBL279,FC1(F)Oc2ccc(Nc3nnc(-c4cccnc4NCc4ccncc4)o3)cc2O1,5.5,0.0,1
CHEMBL279,Fc1c(F)c(F)c(Cn2c3ccccc3c3ccn4c[n+](-c5ccc(C(F)(F)F)cc5)cc4c32)c(F)c1F,6.05,0.0,1
CHEMBL279,Fc1cc(-c2cc3nccnc3c(NC[C@@H]3CNCCO3)n2)ccc1N1CCOCC1,6.52,0.0,1
CHEMBL279,Fc1cc(-c2nc3ccccc3s2)ccc1Nc1ncnc2cc(Cl)ccc12,6.1,0.0,1
CHEMBL279,Fc1cc(Cl)ccc1Nc1ncnc2[nH]c(CCc3ccccc3)cc12,4.39,0.0,1
CHEMBL279,Fc1cc(Nc2nnc(Cc3ccncc3)c3ccccc23)cc(C(F)(F)F)c1,6.7,0.0,1
CHEMBL279,Fc1ccc(-c2cn(-c3c(Cl)cc(Cl)cc3Cl)nc2-c2ccncc2)cc1,6.68,0.0,1
CHEMBL279,Fc1ccc(-c2cn(-c3ccc(C(F)(F)F)cc3)nc2-c2ccncc2)cc1,4.57,0.0,1
CHEMBL279,Fc1ccc(-c2cnn3cc(-c4ccncc4)cnc23)cc1,7.2,0.0,1
CHEMBL279,Fc1ccc(-c2cnn3cc(-c4ccncc4)cnc23)cc1Cl,6.58,0.0,1
CHEMBL279,Fc1ccc(-c2nc3ccc(Nc4ccnc5ccccc45)cc3[nH]2)cc1,5.87,0.0,1
CHEMBL279,Fc1ccc(-c2nc3ccc(Nc4ncnc5ccccc45)cc3[nH]2)cc1,7.7,0.0,1
CHEMBL279,Fc1ccc(/C=C/C(=N/Nc2nncc3ccccc23)c2ccccc2)cc1,9.06,0.0,1
CHEMBL279,Fc1ccc(Br)c(-c2nc3ccc(Nc4ccnc5ccccc45)cc3[nH]2)c1,5.11,0.0,1
CHEMBL279,Fc1ccc(Br)c(-c2nc3ccc(Nc4ncnc5ccccc45)cc3[nH]2)c1,5.07,0.0,1
CHEMBL279,Fc1ccc(Nc2nccc(Nc3ccc4[nH]ncc4c3)n2)cc1,6.7,0.0,1
CHEMBL279,Fc1ccc(Nc2ncnc3[nH]c(CCc4ccccc4)cc23)cc1Br,4.6,0.0,1
CHEMBL279,Fc1ccc(Nc2ncnc3[nH]c(CCc4ccccc4)cc23)cc1C(F)(F)F,4.24,0.0,1
CHEMBL279,Fc1ccc(Nc2ncnn3cccc23)cc1Cl,6.93,0.0,1
CHEMBL279,Fc1ccc(Nc2nnc3c4c(cccc24)NC(=S)N3Cc2ccccc2)cc1,6.68,0.0,1
CHEMBL279,Fc1ccc(Nc2nncc3ccccc23)cc1,9.17,0.0,1
CHEMBL279,Fc1ccc(Oc2ncnc3sc4c(c23)CCCC4)cc1Cl,5.46,0.0,1
CHEMBL279,Fc1ccc2c(-c3nc4cc(N5CCC(N6CCCCC6)CC5)ccc4[nH]3)[nH]nc2c1,7.79,0.0,1
CHEMBL279,Fc1cccc(-c2nc3ccc(Nc4ccnc5ccccc45)cc3[nH]2)c1,5.45,0.0,1
CHEMBL279,Fc1cccc(-c2nc3ccc(Nc4ncnc5ccccc45)cc3[nH]2)c1,6.09,0.0,1
CHEMBL279,Fc1cccc(Nc2ncc3c(n2)-c2cccnc2SC3)c1,7.04,0.0,1
CHEMBL279,Fc1ccccc1-c1cn(Cc2ccc(-c3cccnc3)cc2)nn1,6.52,0.0,1
CHEMBL279,Fc1ccccc1-c1cn(Cc2ccc(-c3cncnc3)cc2)nn1,8.12,0.0,1
CHEMBL279,Fc1ccccc1-c1nc2ccc(Nc3ncnc4ccccc34)cc2[nH]1,5.2,0.0,1
CHEMBL279,Fc1cnc(Nc2cccc(Br)c2)nc1Nc1cccc(Br)c1,6.4,0.0,1
CHEMBL279,N#C/C(=C\c1cccs1)c1nnc(NC(=O)c2ccco2)s1,8.12,0.0,1
CHEMBL279,N#CC(C#N)=C(N)/C(C#N)=C/c1cc(O)c(O)c(O)c1,5.37,0.0,1
CHEMBL279,N#CC1(c2ccc(NC(=O)c3cccnc3NCc3ccncc3)cc2)CCCC1,9.0,0.0,1
CHEMBL279,N#CC1(c2cccc(C(=O)Nc3cc(Oc4ccc5nc(NC(=O)C6CC6)sc5n4)ccc3F)c2Cl)CC1,8.55,0.0,1
CHEMBL279,N#CC1(c2cccc(C(=O)Nc3ccc(F)c(Nc4ncccc4-c4ncnc5[nH]cnc45)c3F)c2)CC1,6.47,0.0,1
CHEMBL279,N#CCCCCn1nc(-c2ccc(F)c(O)c2)c2c(N)ncnc21,5.54,0.0,1
CHEMBL279,N#CCCCOc1cc2nccc(Oc3ccc(NC(=O)Nc4ccc(Cl)c(C(F)(F)F)c4)cc3)c2c2c1OCCO2,6.56,0.0,1
CHEMBL279,N#CCCCn1nc(-c2ccc(F)c(O)c2)c2c(N)ncnc21,5.67,0.0,1
CHEMBL279,N#CCCc1ccc2c(c1)-c1[nH]c3ccc([N+](=O)[O-])cc3c1CC(=O)N2,6.0,0.0,1
CHEMBL279,N#CCNc1ncnc(-n2c(Nc3cccc(O)c3)nc3ccccc32)n1,4.4,0.0,1
CHEMBL279,N#CCOc1cc2nccc(Oc3ccc(NC(=O)C4(C(=O)Nc5ccc(F)cc5)CC4)cc3F)c2c2c1OCCO2,6.56,0.0,1
CHEMBL279,N#CCc1ccc(C(=O)Nc2ccc(Nc3ncccc3-c3ncnc4[nH]cnc34)c(F)c2)cc1,7.55,0.0,1
CHEMBL279,N#CCc1cccc(NC(=O)c2ccc(F)c(Nc3ncccc3-c3ncnc4[nH]cnc34)c2)c1,7.46,0.0,1
CHEMBL279,N#CCc1nc2c3c(-c4ccccc4)c(-c4ccccc4)oc3ncn2n1,7.12,0.0,1
CHEMBL279,N#CCc1nnc(NC(=O)c2ccco2)s1,8.13,0.0,1
CHEMBL279,N#Cc1c(-c2c[nH]c3ccccc23)cc(-c2ccc(NC(=O)Nc3ccccc3)cc2)nc1O,7.62,0.0,1
CHEMBL279,N#Cc1c(-c2cc(Br)c(O)c(Br)c2)cc(-c2ccc(NC(=O)Nc3ccccc3)cc2)nc1O,6.54,0.0,1
CHEMBL279,N#Cc1c(-c2ccc(Br)cc2)cc(-c2ccc(NC(=O)Nc3ccccc3)cc2)nc1O,5.93,0.0,1
CHEMBL279,N#Cc1c(-c2ccc(Cl)c(Cl)c2)cc(-c2ccc(NC(=O)Nc3ccccc3)cc2)nc1O,5.85,0.0,1
CHEMBL279,N#Cc1c(-c2ccc(Cl)cc2)cc(-c2ccc(NC(=O)Nc3ccccc3)cc2)nc1O,5.8,0.0,1
CHEMBL279,N#Cc1c(-c2ccc(Cl)cc2)cc(-c2ccc3ccccc3c2)nc1NN,9.6,0.0,1
CHEMBL279,N#Cc1c(-c2ccc(Cl)cc2Cl)cc(-c2ccc(NC(=O)Nc3ccccc3)cc2)nc1O,6.07,0.0,1
CHEMBL279,N#Cc1c(-c2ccc(Oc3ccccc3)cc2)c2c(N)ncnc2n1C1CCCC1,5.5,0.0,1
CHEMBL279,N#Cc1c(-c2ccc([N+](=O)[O-])cc2)cc(-c2ccc(NC(=O)Nc3ccccc3)cc2)nc1O,7.46,0.0,1
CHEMBL279,N#Cc1c(-c2ccc([N+](=O)[O-])cc2)cc(-c2ccc3ccccc3c2)nc1NN,9.47,0.0,1
CHEMBL279,N#Cc1c(-c2ccc3ccccc3c2)cc(-c2ccc(NC(=O)Nc3ccccc3)cc2)nc1O,5.8,0.0,1
CHEMBL279,N#Cc1c(-c2cccc(Cl)c2Cl)cc(-c2ccc(NC(=O)Nc3ccccc3)cc2)nc1O,6.04,0.0,1
CHEMBL279,N#Cc1c(-c2ccccc2)cc(-c2ccc(NC(=O)Nc3ccccc3)cc2)nc1O,6.12,0.0,1
CHEMBL279,N#Cc1c(-c2cccnc2)cc(-c2ccc(NC(=O)Nc3ccccc3)cc2)nc1O,6.07,0.0,1
CHEMBL279,N#Cc1c(N)sc(C(=O)NC2=NN=C(O)/C2=C(\C=C\c2ccccc2)c2ccccc2)c1N,6.5,0.0,1
CHEMBL279,N#Cc1c(N=CNc2ccc(Br)cc2)oc(-c2ccccc2)c1-c1ccccc1,7.28,0.0,1
CHEMBL279,N#Cc1c(N=CNc2ccc(Cl)cc2)oc(-c2ccccc2)c1-c1ccccc1,7.37,0.0,1
CHEMBL279,N#Cc1c(Oc2ccc(F)c(NC(=O)Cc3cccc(C(F)(F)F)c3)c2)ccc2nc(NC(=O)C3CC3)sc12,6.8,0.0,1
CHEMBL279,N#Cc1c(Oc2ccc(F)c(NC(=O)Nc3ccc(C(F)(F)F)cc3)c2)ccc2nc(NC(=O)C3CC3)sc12,6.18,0.0,1
CHEMBL279,N#Cc1c(Oc2ccc(F)c(NC(=O)Nc3cccc(C(F)(F)F)c3)c2)ccc2nc(NC(=O)C3CC3)sc12,6.14,0.0,1
CHEMBL279,N#Cc1c(Oc2cccc(NC(=O)Cc3ccc(C(F)(F)F)cc3)c2)ccc2nc(NC(=O)C3CC3)sc12,6.72,0.0,1
CHEMBL279,N#Cc1c(Oc2cccc(NC(=O)Cc3cccc(C(F)(F)F)c3)c2)ccc2nc(NC(=O)C3CC3)sc12,6.82,0.0,1
CHEMBL279,N#Cc1c(Oc2cccc(NC(=O)Cc3ccccc3C(F)(F)F)c2)ccc2nc(NC(=O)C3CC3)sc12,7.0,0.0,1
CHEMBL279,N#Cc1c(Oc2cccc(NC(=O)Nc3ccc(C(F)(F)F)cc3)c2)ccc2nc(NC(=O)C3CC3)sc12,6.48,0.0,1
CHEMBL279,N#Cc1c(Oc2cccc(NC(=O)Nc3cccc(C(F)(F)F)c3)c2)ccc2nc(NC(=O)C3CC3)sc12,6.46,0.0,1
CHEMBL279,N#Cc1c(Oc2cccc(NC(=O)Nc3ccccc3C(F)(F)F)c2)ccc2nc(NC(=O)C3CC3)sc12,6.92,0.0,1
CHEMBL279,N#Cc1cc(-c2cc3nccnc3c(NC[C@@H]3CNCCO3)n2)ccc1N1CCOCC1,6.32,0.0,1
CHEMBL279,N#Cc1cc(NC(=O)NCC(F)(F)F)cc(-c2cnc3cc(-c4ccnc(C(F)(F)F)n4)ccn23)c1,7.04,0.0,1
CHEMBL279,N#Cc1cc(NC(=O)Nc2ccc(Cl)c(C(F)(F)F)c2)ccc1Oc1cc(NC(=O)C2CC2)ncn1,7.6,0.0,1
CHEMBL279,N#Cc1cc(NC(=O)Nc2ccc(Cl)c(C(F)(F)F)c2)ccc1Oc1ccnc(NC(=O)C2CC2)c1,7.74,0.0,1
CHEMBL279,N#Cc1cc(NC(=O)Nc2ccc(Oc3ccnc(NC(=O)C4CC4)c3)c(F)c2)cc(C(F)(F)F)c1,7.92,0.0,1
CHEMBL279,N#Cc1cc(NC(=O)Nc2ccc(Oc3ccnc(NC(=O)C4CC4)c3)cc2)cc(C(F)(F)F)c1,8.15,0.0,1
CHEMBL279,N#Cc1cc(Oc2ccc(NC(=O)Nc3ccc(Cl)c(C(F)(F)F)c3)cc2)ccn1,6.67,0.0,1
CHEMBL279,N#Cc1ccc(-c2ccn3c(-c4cccc(NC(=O)NCC(F)(F)F)c4)cnc3c2)nn1,7.3,0.0,1
CHEMBL279,N#Cc1ccc(-n2nc(-c3ccncc3)c(-c3ccc(F)cc3)c2N)cc1,5.89,0.0,1
CHEMBL279,N#Cc1ccc(CN2C(=O)/C(=N\c3ccc(NC(=O)Nc4ccc(S(N)(=O)=O)cc4)cc3)c3ccccc32)cc1,6.68,0.0,1
CHEMBL279,N#Cc1ccc(NC(=O)CN2CCN(c3nnc(-c4ccccc4)c4ccccc34)CC2)cc1,5.36,0.0,1
CHEMBL279,N#Cc1ccc(NC(=O)Nc2ccc(/N=C3\C(=O)Nc4ccccc43)cc2)cc1,5.29,0.0,1
CHEMBL279,N#Cc1ccc(NC(=O)Nc2ccc(Oc3ccnc(NC(=O)C4CC4)c3)c(F)c2)cc1C(F)(F)F,8.14,0.0,1
CHEMBL279,N#Cc1ccc(NC(=O)Nc2ccc(Oc3ccnc(NC(=O)C4CC4)c3)cc2)cc1C(F)(F)F,8.0,0.0,1
CHEMBL279,N#Cc1ccc(NC(=O)Nc2ccc(Oc3ccnc(NC(=O)C4CC4)c3)cc2F)cc1C(F)(F)F,7.84,0.0,1
CHEMBL279,N#Cc1ccc(NC(=O)Nc2ccc(Oc3ccnc(NC(=O)C4CC4)c3)cc2F)cc1Cl,8.17,0.0,1
CHEMBL279,N#Cc1ccc(NC(=O)Nc2ccc(Oc3ccnc(NC(=O)C4CC4)c3)cn2)cc1C(F)(F)F,8.04,0.0,1
CHEMBL279,N#Cc1ccc(NC(=O)Nc2ccc(Sc3ccnc4ccsc34)cc2)cc1,5.08,0.0,1
CHEMBL279,N#Cc1ccc(NC(=O)Nc2cccc(Sc3ccnc4ccsc34)c2)cc1,6.69,0.0,1
CHEMBL279,N#Cc1ccc(Nc2nccc(Oc3ccc(NC(=O)C4(C(=O)Nc5ccc(F)cc5)CC4)cc3F)n2)cc1C(F)(F)F,5.57,0.0,1
CHEMBL279,N#Cc1ccc(Nc2nncc3ccccc23)cc1,9.37,0.0,1
CHEMBL279,N#Cc1ccc(Oc2ccc3cccc(NC(=O)Nc4ccc(Cl)c(C(F)(F)F)c4)c3c2)cc1,8.56,0.0,1
CHEMBL279,N#Cc1ccc(Oc2cccc(NC(=O)Nc3ccc(Cl)c(C(F)(F)F)c3)c2)c(F)c1,8.67,0.0,1
CHEMBL279,N#Cc1ccc(Oc2cccc(NC(=O)Nc3ccc(Cl)c(C(F)(F)F)c3)c2)cc1Cl,8.75,0.0,1
CHEMBL279,N#Cc1ccc2c(c1)C(c1ccccc1F)=Nc1c[nH]nc1N2,7.41,0.0,1
CHEMBL279,N#Cc1cccc(C(=O)Nc2ccc(F)c(Nc3ncccc3-c3ncnc4[nH]cnc34)c2F)c1,6.28,0.0,1
CHEMBL279,N#Cc1cccc(NC(=O)Nc2ccc(-c3cccc4c3CNC4=O)cc2)c1,6.43,0.0,1
CHEMBL279,N#Cc1cccc(NC(=O)Nc2ccc(-c3csc4ccnc(N)c34)cc2)c1,7.35,0.0,1
CHEMBL279,N#Cc1cccc(Nc2ncc(-c3ccccc3)o2)c1,6.03,0.0,1
CHEMBL279,N#Cc1ccccc1Nc1ncc(-c2ccccc2)o1,6.06,0.0,1
CHEMBL279,N#Cc1ccnc(-c2ccn3c(-c4cccc(NC(=O)NCC(F)(F)F)c4)cnc3c2)n1,6.08,0.0,1
CHEMBL279,N#Cc1cnc(Nc2cc(CN3CCN(C(=O)CO)CC3)ccn2)s1,8.05,0.0,1
CHEMBL279,N#Cc1cnc(Nc2cc(CN3CCN(C(N)=O)CC3)ccn2)s1,8.1,0.0,1
CHEMBL279,N#Cc1cnc(Nc2cc(CN3CCNCC3)ccn2)s1,7.82,0.0,1
CHEMBL279,N#Cc1cnc(Nc2cc(CN3CCOCC3)ccn2)s1,8.1,0.0,1
CHEMBL279,N#Cc1cnc(Nc2cc(N)ncn2)s1,7.39,0.0,1
CHEMBL279,N#Cc1cnc(Nc2cc(N3CCC(N)C3)ncn2)s1,7.8,0.0,1
CHEMBL279,N#Cc1cnc(Nc2cc(N3CCC(N)CC3)ncn2)s1,8.0,0.0,1
CHEMBL279,N#Cc1cnc(Nc2cc(N3CCCC(N)CC3)ncn2)s1,8.05,0.0,1
CHEMBL279,N#Cc1cnc(Nc2cc(N3CCCNCC3)ncn2)s1,7.57,0.0,1
CHEMBL279,N#Cc1cnc(Nc2cc(N3CCN(CCCN4CCOCC4)CC3)ncn2)s1,8.0,0.0,1
CHEMBL279,N#Cc1cnc(Nc2cc(N3CCN(CCN4CCCC4)CC3)ncn2)s1,8.05,0.0,1
CHEMBL279,N#Cc1cnc(Nc2cc(N3CCN(CCN4CCOCC4)CC3)ncn2)s1,7.92,0.0,1
CHEMBL279,N#Cc1cnc(Nc2cc(N3CCNCC3)ncn2)s1,7.8,0.0,1
CHEMBL279,N#Cc1cnc(Nc2cc(N3CCOCC3)ccn2)s1,8.1,0.0,1
CHEMBL279,N#Cc1cnc(Nc2cc(NC[C@H]3CNCCO3)c(C(F)(F)F)cn2)cn1,5.68,0.0,1
CHEMBL279,N#Cc1cnc(Nc2ccc(CCC(=O)N3CCOCC3)cc2)nc1-c1ccccc1,6.75,0.0,1
CHEMBL279,N#Cc1cnc(Nc2ccc(CCN3CCCC3)cc2)nc1-c1ccccc1,6.96,0.0,1
CHEMBL279,N#Cc1cnc(Nc2ccc(CCO)cc2)nc1-c1cc2ccccc2[nH]1,5.85,0.0,1
CHEMBL279,N#Cc1cnc(Nc2ccc(CCO)cc2)nc1-c1ccc(Br)cc1,6.75,0.0,1
CHEMBL279,N#Cc1cnc(Nc2ccc(CCO)cc2)nc1-c1ccc(S(N)(=O)=O)cc1,6.7,0.0,1
CHEMBL279,N#Cc1cnc(Nc2ccc(CCO)cc2)nc1-c1ccc2[nH]ccc2c1,7.05,0.0,1
CHEMBL279,N#Cc1cnc(Nc2ccc(CCO)cc2)nc1-c1ccccc1,6.7,0.0,1
CHEMBL279,N#Cc1cnc(Nc2ccc(CCO)cc2)nc1-c1cccs1,7.09,0.0,1
CHEMBL279,N#Cc1cnc(Nc2ccc(CCO)cc2)nc1-c1nc2ccccc2s1,6.47,0.0,1
CHEMBL279,N#Cc1cnc(Nc2ccc(CN3CCCC3)cc2)nc1-c1ccccc1,7.21,0.0,1
CHEMBL279,N#Cc1cnc(Nc2ccc3ccccc3c2)nc1-c1ccccc1,5.68,0.0,1
CHEMBL279,N#Cc1cnc(Nc2cccc(CN3CCOCC3)c2)nc1-c1ccccc1,6.44,0.0,1
CHEMBL279,N#Cc1cnc(Nc2ccccc2)nc1-c1ccccc1,6.0,0.0,1
CHEMBL279,N#Cc1cnc(Nc2ccccn2)s1,7.44,0.0,1
CHEMBL279,N#Cc1cnc(Nc2ccnc(N)n2)s1,6.25,0.0,1
CHEMBL279,N#Cc1cnc(Nc2ccncn2)s1,6.0,0.0,1
CHEMBL279,N#Cc1cnc(Nc2nc3ccccc3[nH]2)nc1-c1ccccc1,5.0,0.0,1
CHEMBL279,N#Cc1sc(Nc2ccccc2)nc1NC(=O)CN1CCCCC1,6.8,0.0,1
CHEMBL279,N#Cc1sc(Nc2ccccc2)nc1NC(=O)CNNCC(=O)c1ccc(Cl)cc1,6.98,0.0,1
CHEMBL279,N#Cc1sc(Nc2ccccc2)nc1NC(=O)CNNCc1ccccc1,6.2,0.0,1
CHEMBL279,N#Cc1sc(Nc2ccccc2)nc1Nc1cnc(N)o1,5.94,0.0,1
CHEMBL279,N#Cc1sc(Nc2ccccc2)nc1Nc1cnc(N)s1,6.84,0.0,1
CHEMBL279,N=C(/C=C/CN)c1ccn2c(-c3cccc(NC(=O)NCC(F)(F)F)c3)cnc2c1,7.09,0.0,1
CHEMBL279,N=C(C/C=C(\N)c1ccn2c(-c3cccc(NC(=O)NCC(F)(F)F)c3)cnc2c1)N1CCNCC1,8.03,0.0,1
CHEMBL279,N=C(C/C=C(\N)c1ccn2c(-c3cccc(NC(=O)NCC(F)(F)F)c3)cnc2c1)N1CCOCC1,7.94,0.0,1
CHEMBL279,N=C(N)SCCCn1c(=O)c2c(c1=O)n1c3ccccc3cc1c1cccc3ccn2c31,5.39,0.0,1
CHEMBL279,N=C(Nc1ccccc1)SCCCN1C(=O)C2=C(C1=O)n1ccc3cccc(c31)C1Cc3ccccc3N21,5.37,0.0,1
CHEMBL279,N=c1c2c(-c3ccccc3)c(-c3ccccc3)oc2ncn1C1CCCCC1,6.77,0.0,1
CHEMBL279,N=c1c2c(-c3ccccc3)c(-c3ccccc3)oc2ncn1NC(N)=O,7.17,0.0,1
CHEMBL279,N=c1c2c(-c3ccccc3)c(-c3ccccc3)oc2ncn1Nc1ccccc1,7.07,0.0,1
CHEMBL279,N=c1c2cc(-c3ccccc3)oc2ncn1/N=C/c1ccc(Br)cc1,7.38,0.0,1
CHEMBL279,N=c1cc(N)nc2sc(NC(=O)c3cccs3)nn12,5.09,0.0,1
CHEMBL279,NC(=O)/C=C(/c1ccccc1)c1ccc(NC(=O)Nc2cc(C(F)(F)F)ccc2F)cc1,6.2,0.0,1
CHEMBL279,NC(=O)/C=C/c1ccc(COc2ccc(-n3cc4cccc(C(N)=O)c4n3)cc2)cc1,8.47,0.0,1
CHEMBL279,NC(=O)/C=C\c1ccc(NC(=O)Nc2cc(C(F)(F)F)ccc2F)cc1,5.55,0.0,1
CHEMBL279,NC(=O)C1=C(N)C(=O)C=C(Nc2ccccc2O)C1=O,7.96,0.0,1
CHEMBL279,NC(=O)CCn1cc(-c2ccc3ncnc(Nc4cc(O)c(F)cc4F)c3c2)nn1,8.15,0.0,1
CHEMBL279,NC(=O)CCn1cc(-c2ccc3ncnc(Nc4cc(O)ccc4F)c3c2)nn1,7.92,0.0,1
CHEMBL279,NC(=O)CCn1cc(-c2ccc3ncnc(Nc4ccc(F)c(O)c4)c3c2)nn1,7.19,0.0,1
CHEMBL279,NC(=O)Cn1cc(Nc2ncc(Cl)c(N[C@H]3[C@@H](C(N)=O)[C@@H]4C=C[C@H]3C4)n2)cn1,7.75,0.0,1
CHEMBL279,NC(=O)N1CCN(Cc2ccc3c(c2)Cc2c(-c4csc(C#CCOc5ccccc5)c4)n[nH]c2-3)CC1,8.05,0.0,1
CHEMBL279,NC(=O)Nc1ccc(-c2cccc3onc(N)c23)cc1,4.9,0.0,1
CHEMBL279,NC(=O)Nc1cccc(-c2cnc3cc(-c4ccc(F)cc4)ccn23)c1,7.37,0.0,1
CHEMBL279,NC(=O)Nc1cccc(-c2cnc3cc(-c4ncc(F)c(N)n4)ccn23)c1,6.63,0.0,1
CHEMBL279,NC(=O)Nc1cccc(-c2cnc3cc(-c4ncccn4)ccn23)c1,6.15,0.0,1
CHEMBL279,NC(=O)Nc1cccc(-c2cnc3cc(-c4nncs4)ccn23)c1,7.13,0.0,1
CHEMBL279,NC(=O)Nc1cccc(-c2cnc3cc(Cl)ccn23)c1,5.86,0.0,1
CHEMBL279,NC(=O)[C@@H]1[C@H](Nc2nc(Nc3cnn(C4CCNCC4)c3)ncc2Cl)[C@H]2C=C[C@@H]1C2,8.7,0.0,1
CHEMBL279,NC(=O)[C@@H]1[C@H](Nc2nc(Nc3cnn(CC(=O)O)c3)ncc2Cl)[C@H]2C=C[C@@H]1C2,9.0,0.0,1
CHEMBL279,NC(=O)[C@@H]1[C@H](Nc2nc(Nc3cnn(CCN4CCOCC4)c3)ncc2Cl)[C@H]2C=C[C@@H]1C2,8.05,0.0,1
CHEMBL279,NC(=O)[C@@H]1[C@H](Nc2nc(Nc3cnn(CCO)c3)ncc2Cl)[C@H]2C=C[C@@H]1C2,8.22,0.0,1
CHEMBL279,NC(=O)[C@@H]1[C@H](Nc2nc(Nc3cnn(C[C@H]4CCCN4)c3)ncc2Cl)[C@H]2C=C[C@@H]1C2,7.82,0.0,1
CHEMBL279,NC(=O)[C@@H]1[C@H](Nc2nc(Nc3cnn(Cc4ccccc4)c3)ncc2Cl)[C@H]2C=C[C@@H]1C2,8.15,0.0,1
CHEMBL279,NC(=O)[C@@H]1[C@H](Nc2nc(Nc3cnn([C@@H]4CCCNC4)c3)ncc2Cl)[C@H]2C=C[C@@H]1C2,8.7,0.0,1
CHEMBL279,NC(=O)c1c(-c2ccc(N)cc2)nsc1NC(=O)NCCCN1CCOCC1,5.48,0.0,1
CHEMBL279,NC(=O)c1c(-c2ccc(N)cc2)nsc1NC(=O)NCCCO,5.6,0.0,1
CHEMBL279,NC(=O)c1c(-c2ccc(NC(=O)Nc3cc(C(F)(F)F)ccc3F)cc2)nsc1NC(=O)NCCCN1CCOCC1,8.22,0.0,1
CHEMBL279,NC(=O)c1c(-c2ccc(NC(=O)Nc3cccc(C(F)(F)F)c3)cc2)[nH]c2ccccc12,8.15,0.0,1
CHEMBL279,NC(=O)c1c(-c2ccc(NC(=O)Nc3ccccc3)cc2)nsc1NC(=O)NCCCN1CCOCC1,8.1,0.0,1
CHEMBL279,NC(=O)c1c(-c2ccc(NC(=O)c3cccc(C(F)(F)F)c3)cc2)nsc1NC(=O)NCCCN1CCOCC1,5.34,0.0,1
CHEMBL279,NC(=O)c1c(-c2ccc(Oc3ccccc3)cc2)c2c(N)ncnc2n1C1CCCC1,5.04,0.0,1
CHEMBL279,NC(=O)c1c(-c2ccc3scnc3c2)nn2c1NCCC2,5.1,0.0,1
CHEMBL279,NC(=O)c1c(-c2ccc3scnc3c2)nn2c1NCCCC2,5.6,0.0,1
CHEMBL279,NC(=O)c1c(-c2ccc3scnc3c2)nn2c1NCCCCC2,5.5,0.0,1
CHEMBL279,NC(=O)c1c(-c2ccc3scnc3c2)nn2c1N[C@@H]1CC[C@@H](C1)C2,5.3,0.0,1
CHEMBL279,NC(=O)c1c(-c2ccc3scnc3c2)nn2c1N[C@H]1C[C@H](C[C@@H]1O)C2,5.1,0.0,1
CHEMBL279,NC(=O)c1c(-c2cccc(NC(=O)c3cccc(C(F)(F)F)c3)c2)nsc1N,5.79,0.0,1
CHEMBL279,NC(=O)c1c(-c2cccc(NO)c2)nsc1N,5.92,0.0,1
CHEMBL279,NC(=O)c1c(-c2ccncc2)nn(-c2c(Cl)cc(Cl)cc2Cl)c1N,4.51,0.0,1
CHEMBL279,NC(=O)c1c(-c2ccncc2)nn(-c2ccccc2)c1N,4.32,0.0,1
CHEMBL279,NC(=O)c1c(OCc2c(F)cc(Br)cc2F)nsc1NC(=O)NCCCCN1CCCC1,8.28,0.5370288632839016,3
CHEMBL279,NC(=O)c1cc(-c2ccccc2)sc1NC(=O)c1ccc(OC(F)F)cc1,8.25,0.0,1
CHEMBL279,NC(=O)c1ccc(-c2ccn3c(-c4cccc(NC(=O)NCC(F)(F)F)c4)cnc3c2)nc1,7.5,0.0,1
CHEMBL279,NC(=O)c1ccc(-c2nnc(Nc3ccc(Br)cc3)c3ccccc23)cc1,7.0,0.0,1
CHEMBL279,NC(=O)c1ccc(-c2nnc(Nc3ccc(Cl)c(Cl)c3)c3ccccc23)cc1,6.08,0.0,1
CHEMBL279,NC(=O)c1ccc(-c2nnc(Nc3ccc(Cl)cc3)c3ccccc23)cc1,5.89,0.0,1
CHEMBL279,NC(=O)c1ccc(-c2nnc(Nc3ccc(OC(F)(F)Cl)cc3)c3ccccc23)cc1,6.72,0.0,1
CHEMBL279,NC(=O)c1ccc(-c2nnc(Nc3cccc(Br)c3)c3ccccc23)cc1,5.92,0.0,1
CHEMBL279,NC(=O)c1ccc(-c2nnc(Nc3cccc(Cl)c3)c3ccccc23)cc1,5.77,0.0,1
CHEMBL279,NC(=O)c1ccc(COc2ccc(-n3cc4cccc(C(N)=O)c4n3)cc2)cc1,8.23,0.0,1
CHEMBL279,NC(=O)c1cccc(-c2nnc(Nc3ccc(OC(F)(F)Cl)cc3)c3ccccc23)c1,5.39,0.0,1
CHEMBL279,NC(=O)c1ccnc(-c2ccn3c(-c4cccc(NC(=O)NCC(F)(F)F)c4)cnc3c2)c1,6.52,0.0,1
CHEMBL279,NC(=O)c1ccnc(-c2ccn3c(-c4cccc(NC(=O)NCC(F)(F)F)c4)cnc3c2)n1,6.77,0.0,1
CHEMBL279,NC(=O)c1ccnc2ccc(-c3c(-c4ccc(F)cn4)nc4n3[C@H]3CC[C@@H]4C3)cc12,5.2,0.0,1
CHEMBL279,NC(=O)c1nnc(N[C@@H]2CCOC[C@@H]2N)nc1Nc1cccc2c1ccn2C1CC1,5.85,0.0,1
CHEMBL279,NC(=O)c1nnc2ccc(-c3c(-c4ccc(F)cn4)nc4n3[C@@H]3CC[C@H]4C3)cn12,5.87,0.0,1
CHEMBL279,NC(=O)c1sccc1-c1ccn2c(-c3cccc(NC(=O)NCC(F)(F)F)c3)cnc2c1,6.54,0.0,1
CHEMBL279,NC(=O)n1c(-c2cc(NC(=O)Nc3ccc(Cl)c(C(F)(F)F)c3)cs2)cc2ccccc21,6.88,0.0,1
CHEMBL279,NC(=O)n1c(-c2cc(NC(=O)Nc3ccc(F)c(Cl)c3)cs2)cc2ccccc21,7.08,0.0,1
CHEMBL279,NC(=O)n1c(-c2cc(NC(=O)Nc3cccc(C(F)(F)F)c3)cs2)cc2ccccc21,7.03,0.0,1
CHEMBL279,NC(=O)n1c(-c2ccc(NC(=O)Nc3cc(C(F)(F)F)ccc3F)cc2)cc2ccccc21,7.96,0.0,1
CHEMBL279,NC(=O)n1c(-c2ccc(NC(=O)Nc3ccc(F)c(Cl)c3)cc2)cc2ccccc21,8.1,0.0,1
CHEMBL279,NC(=O)n1c(-c2ccc(NC(=O)Nc3cccc(C(F)(F)F)c3)cc2)cc2ccccc21,8.05,0.0,1
CHEMBL279,NC(=O)n1c(-c2ccc(NC(=O)Nc3ccccc3)cc2)cc2ccccc21,7.66,0.0,1
CHEMBL279,NC(=O)n1c(-c2cccc(NC(=O)Nc3ccc(F)c(Cl)c3)c2)cc2ccccc21,6.6,0.0,1
CHEMBL279,NC(=O)n1c(-c2cccc(NC(=O)Nc3cccc(C(F)(F)F)c3)c2)cc2ccccc21,6.59,0.0,1
CHEMBL279,NC(=S)N/N=C1\C(=O)N(Cc2ccccc2)c2ccc(Cl)cc21,6.76,0.0,1
CHEMBL279,NC(=S)N1N=C(c2ccc(Cl)c(Cl)c2)CC1c1ccc2ccccc2c1,5.5,0.0,1
CHEMBL279,NC(=S)NNc1nncc2ccccc12,8.12,0.0,1
CHEMBL279,NC1=NNC(=O)/C1=C1/C(=O)N(Cc2ccccc2)c2ccc(Cl)cc21,7.08,0.0,1
CHEMBL279,NC1CCN(C(=O)c2ccc3[nH]c(-c4cc5ccccc5nc4O)cc3c2)C1,8.3,0.0,1
CHEMBL279,NC1CCN(Cc2ccn3ncnc(Nc4ccc(F)c(Cl)c4)c23)CC1,6.96,0.0,1
CHEMBL279,NC1CCN(Cc2ccn3ncnc(Nc4ccc5c(cnn5Cc5cccc(F)c5)c4)c23)CC1,6.32,0.0,1
CHEMBL279,NC1CCN(S(=O)(=O)c2ccc3[nH]c(-c4cc5ccccc5nc4O)cc3c2)C1,7.8,0.0,1
CHEMBL279,NC1CCN(c2ccc(-c3ccn4c(-c5cccc(NC(=O)NCC(F)(F)F)c5)cnc4c3)cn2)CC1,8.3,0.0,1
CHEMBL279,NC1CCN(c2ccc(-c3ccn4c(-c5cccc(NC(=O)NCC(F)(F)F)c5)cnc4c3)nn2)CC1,8.05,0.0,1
CHEMBL279,NC1CCc2[nH]c3ccc(OCCc4ccc(O)cc4)cc3c2C1,4.57,0.0,1
CHEMBL279,NC1CCc2c(c3cc(OCCc4ccc(O)cc4)ccc3n2CCCCCc2ccc(C(F)(F)F)cc2)C1,5.66,0.0,1
CHEMBL279,NC1CCc2c(c3cc(OCCc4ccc(O)cc4)ccc3n2CCCCCc2ccccc2)C1,5.97,0.010000000000000342,3
CHEMBL279,NC1CCc2c(c3cc(OCCc4ccc(O)cc4)ccc3n2CCCCCc2ccccn2)C1,5.67,0.0,1
CHEMBL279,NC1CCc2c(c3cc(OCCc4ccc(O)cc4)ccc3n2CCCc2ccccc2)C1,5.68,0.0,1
CHEMBL279,NC1CN(c2ccnc(-c3ccn4c(-c5cccc(NC(=O)NCC(F)(F)F)c5)cnc4c3)n2)C1,6.62,0.0,1
CHEMBL279,NCC1CCN(c2ccc(-c3ccn4c(-c5cccc(NC(=O)NCC(F)(F)F)c5)cnc4c3)cn2)CC1,8.0,0.0,1
CHEMBL279,NCCCNc1nc(-c2ccc(N3CCOCC3)cc2)cc2nccnc12,5.83,0.0,1
CHEMBL279,NCCNc1nc(-c2ccn3c(-c4cccc(NC(=O)NCC(F)(F)F)c4)cnc3c2)ncc1F,6.19,0.0,1
CHEMBL279,NCCc1c[nH]c2ccc(OCCc3ccc(O)cc3)cc12,5.69,0.0,1
CHEMBL279,NCCc1cn(CCCCCc2ccccc2)c2ccc(OCCc3ccc(O)cc3)cc12,5.55,0.0,1
CHEMBL279,NCCc1cn(Cc2ccc(-c3cccc(C(F)(F)F)c3)cc2)c2ccc(OCCc3ccc(O)cc3)cc12,5.82,0.010000000000000009,3
CHEMBL279,NCCc1cn(Cc2ccc(-c3ccccc3)cc2)c2ccc(OCCc3ccc(O)cc3)cc12,5.93,0.0,1
CHEMBL279,NCc1c(-c2ccc(Oc3ccccc3)cc2)c2c(N)ncnc2n1C1CCCC1,6.17,0.0,1
CHEMBL279,NNC(=O)CSc1nnc(Cn2c(-c3ccco3)nc3ccccc32)s1,5.85,0.0,1
CHEMBL279,NS(=O)(=O)c1ccc(-n2c(SCC(=O)N/N=C/c3ccc(Cl)cc3Cl)nc3cc4ccccc4cc3c2=O)cc1,6.19,0.0,1
CHEMBL279,NS(=O)(=O)c1ccc(CCn2c(SCC(=O)Nc3ccc(Cl)cc3)nc3ccccc3c2=O)cc1,6.41,0.0,1
CHEMBL279,NS(=O)(=O)c1ccc(NC(=O)CN2CCC(C(=O)N/N=C3\C(=O)Nc4ccc(F)cc43)CC2)cc1,6.09,0.0,1
CHEMBL279,NS(=O)(=O)c1ccc(NC(=O)Nc2ccc(/N=C3\C(=O)Nc4ccc(Cl)cc43)cc2)cc1,6.51,0.0,1
CHEMBL279,NS(=O)(=O)c1ccc(NC(=O)Nc2nc(-c3ccccc3)n(-c3ccc(Cl)cc3)n2)cc1,6.5,0.0,1
CHEMBL279,NS(=O)(=O)c1ccc(NC(=O)Nc2nc(-c3ccccc3)n(-c3ccc(F)cc3)n2)cc1,7.58,0.0,1
CHEMBL279,NS(=O)(=O)c1ccc(Nc2nc(Cl)nc3cc4c(cc23)OCO4)cc1,4.57,0.0,1
CHEMBL279,NS(=O)(=O)c1ccc(Nc2nc(N3CCOCC3)nc3[nH]cnc23)cc1,5.0,0.0,1
CHEMBL279,NS(=O)(=O)c1ccc(Nc2ncc(-c3ccc(O)c(O)c3)o2)cc1,7.0,0.0,1
CHEMBL279,NS(=O)(=O)c1ccc(Nc2ncc(-c3ccccc3)o2)cc1,6.3,0.0,1
CHEMBL279,NS(=O)(=O)c1ccc(Nc2nccc(Nc3ccc4[nH]ncc4c3)n2)cc1,7.61,0.0,1
CHEMBL279,NS(=O)(=O)c1ccc(Nc2nncc3ccccc23)cc1,8.01,0.0,1
CHEMBL279,NS(=O)(=O)c1ccc2c(c1)/C(=C/c1[nH]c3c(c1CCC(=O)O)CCCC3)C(=O)N2,6.22,0.0,1
CHEMBL279,NS(=O)(=O)c1ccc2c(c1)/C(=C/c1[nH]cc3c1CCOC3=O)C(=O)N2,5.18,0.0,1
CHEMBL279,NS(=O)(=O)c1ccc2c(c1)/C(=C/c1cc3c([nH]1)CCCC3)C(=O)N2,7.52,0.0,1
CHEMBL279,NS(=O)(=O)c1ccccc1NC(=O)Nc1nc(-c2ccccc2)n(-c2ccc(Cl)cc2)n1,6.57,0.0,1
CHEMBL279,N[C@H](CNc1ncc(-c2ccc3c(c2)CC(=O)N3)s1)Cc1ccc(C(F)(F)F)cc1,6.52,0.0,1
CHEMBL279,Nc1c(-c2ccc(F)cc2)c(-c2ccncc2)nn1-c1c(Cl)cc(Cl)cc1Cl,7.47,0.0,1
CHEMBL279,Nc1c(-c2ccc(F)cc2)c(-c2ccncc2)nn1-c1ccc(C(F)(F)F)cc1,5.62,0.0,1
CHEMBL279,Nc1c(-c2ccc(F)cc2)c(-c2ccncc2)nn1-c1ccc(Cl)cc1,5.92,0.0,1
CHEMBL279,Nc1c(-c2ccc(F)cc2)c(-c2ccncc2)nn1-c1ccc([N+](=O)[O-])cc1,5.85,0.0,1
CHEMBL279,Nc1c(-c2ccc(F)cc2)c(-c2ccncc2)nn1-c1ccccc1,5.62,0.0,1
CHEMBL279,Nc1c(-c2ccc(NC(=O)Nc3cc(C(F)(F)F)ccc3F)cc2)cnc2ccnn12,7.85,0.0,1
CHEMBL279,Nc1c(-c2ccc(NC(=O)Nc3cccc(C(F)(F)F)c3)cc2)cnc2ccnn12,8.05,0.0,1
CHEMBL279,Nc1c(-c2ccc(NC(=O)Nc3cccc(Cl)c3)cc2)cnc2ccnn12,7.36,0.0,1
CHEMBL279,Nc1c(-c2ccc(NC(=O)Nc3ccccc3)cc2)cnc2c(Br)cnn12,5.8,0.0,1
CHEMBL279,Nc1c(-c2nc3cc(N4CCOCC4)ccc3[nH]2)c(=O)[nH]c2ccccc12,7.24,0.0,1
CHEMBL279,Nc1c(-c2nc3cc(OCCN4CCOCC4)ccc3[nH]2)c(=O)[nH]c2ccccc12,7.18,0.0,1
CHEMBL279,Nc1c(-c2nc3ccccc3[nH]2)c(=O)[nH]c2ccccc12,7.24,0.0,1
CHEMBL279,Nc1c(C(=O)Nc2ccc(C(F)(F)F)cc2)c(-c2c[nH]c3ccc(Br)cc23)nn1-c1ccccc1,4.83,0.0,1
CHEMBL279,Nc1c(C(=O)Nc2ccc(C(F)(F)F)cc2)c(-c2c[nH]c3ccccc23)nn1-c1ccccc1,4.78,0.0,1
CHEMBL279,Nc1c(C(=O)Nc2ccc(Cl)cc2)c(-c2c[nH]c3ccccc23)nn1-c1ccccc1,4.83,0.0,1
CHEMBL279,Nc1c(C(=O)Nc2ccccc2)c(-c2c[nH]c3ccccc23)nn1-c1ccccc1,4.37,0.0,1
CHEMBL279,Nc1c(C(=O)O)c(-c2ccncc2)nn1-c1c(Cl)cc(Cl)cc1Cl,4.37,0.0,1
CHEMBL279,Nc1c(C(=O)c2cc3cc(CN4CCOCC4)ccc3[nH]2)cnn1-c1cc(O)ccc1Cl,8.62,0.0,1
CHEMBL279,Nc1c(C(=O)c2cc3ccccc3[nH]2)cnn1-c1cc(O)ccc1Cl,7.55,0.0,1
CHEMBL279,Nc1c(C(=O)c2cc3ccccc3[nH]2)cnn1-c1ccc2[nH]c(=O)[nH]c2c1,5.57,0.0,1
CHEMBL279,Nc1c(C(=O)c2cc3ccccc3[nH]2)cnn1-c1ccc2[nH]ccc2c1,7.28,0.0,1
CHEMBL279,Nc1c(C(=O)c2cc3ccccc3[nH]2)cnn1-c1ccc2nc[nH]c2c1,6.47,0.0,1
CHEMBL279,Nc1c(C(=O)c2cc3ccccc3[nH]2)cnn1-c1ccccc1Cl,6.39,0.0,1
CHEMBL279,Nc1c(C(=O)c2cc3ccccc3o2)cnn1-c1cc(O)ccc1Cl,6.77,0.0,1
CHEMBL279,Nc1c(C(=O)c2ccc3ncccc3c2)cnn1-c1cc(O)ccc1Cl,5.8,0.0,1
CHEMBL279,Nc1cc(-c2ccc(NC(=O)Nc3cccc(C(F)(F)F)c3)cc2)[nH]n1,5.15,0.0,1
CHEMBL279,Nc1cc(-c2ccc(NC(=O)Nc3cccc(C(F)(F)F)c3)cc2)no1,5.15,0.0,1
CHEMBL279,Nc1cc(-c2ccn3c(-c4cccc(NC(=O)NCC(F)(F)F)c4)cnc3c2)ncc1C(F)(F)F,7.03,0.0,1
CHEMBL279,Nc1cc(-c2ccncc2)nn1-c1c(Cl)cc(Cl)cc1Cl,4.06,0.0,1
CHEMBL279,Nc1cc(-c2cnn3cc(-c4ccc(OCCN5CCOCC5)cc4)cnc23)ccn1,7.24,0.0,1
CHEMBL279,Nc1cc(C(F)(F)F)nc(-c2ccn3c(-c4cccc(NC(=O)NCC(F)(F)F)c4)cnc3c2)n1,6.03,0.0,1
CHEMBL279,Nc1cc(NC(=O)Nc2ccc(Oc3ccnc(NC(=O)C4CC4)c3)c(F)c2)cc(C(F)(F)F)c1,8.01,0.0,1
CHEMBL279,Nc1cc(Oc2ccc(NC(=O)Nc3cccc(C(F)(F)F)c3)cc2)ncn1,8.1,0.0,1
CHEMBL279,Nc1cc(Oc2ccc3c(ccn3C(=O)Nc3cccc(C(F)(F)F)c3)c2)ncn1,7.77,0.0,1
CHEMBL279,Nc1ccc(-c2cccc3[nH]nc(N)c23)cc1,5.32,0.0,1
CHEMBL279,Nc1ccc(-c2cccc3onc(N)c23)cc1,4.72,0.0,1
CHEMBL279,Nc1ccc(-c2ccn3c(-c4cccc(NC(=O)NCC(F)(F)F)c4)cnc3c2)nc1,7.72,0.0,1
CHEMBL279,Nc1ccc(-c2csc3ccnc(N)c23)cc1,5.31,0.0,1
CHEMBL279,Nc1ccc(-c2nn(C3CCCC3)c3ncnc(N)c23)cc1O,6.25,0.0,1
CHEMBL279,Nc1ccc(-c2nsc3ncnc(N)c23)cc1,4.34,0.0,1
CHEMBL279,Nc1ccc(C#Cc2ccc3nc(NC(=O)Nc4ccc(F)c(Cl)c4)cn3n2)cc1,5.77,0.0,1
CHEMBL279,Nc1ccc(C(=C2C(=O)Nc3ccccc32)c2nc3ccccc3[nH]2)cc1,7.17,0.0,1
CHEMBL279,Nc1ccc(NC(=O)Nc2cccc3c2C(=O)c2c-3n[nH]c2-c2ccc(O)cc2)cc1,6.19,0.0,1
CHEMBL279,Nc1ccc(NC(=O)Nc2cccc3c2C(=O)c2c-3n[nH]c2-c2ccc3c(c2)OCO3)cc1,6.42,0.0,1
CHEMBL279,Nc1ccc2c(Cc3ccncc3)nnc(Nc3ccc(Cl)cc3)c2c1,5.98,0.29698484809835024,2
CHEMBL279,Nc1ccc2c(c1)C(=C(c1ccccc1)c1nc3ccccc3[nH]1)C(=O)N2,7.5,0.0,1
CHEMBL279,Nc1ccc2c(c1)C(c1ccccc1Cl)=Nc1c[nH]nc1N2,7.47,0.0,1
CHEMBL279,Nc1cccc(-c2ccn3c(-c4cccc(NC(=O)NCC(F)(F)F)c4)cnc3c2)n1,7.67,0.0,1
CHEMBL279,Nc1cccc(-c2cn(Cc3ccc(-c4cncnc4)cc3)nn2)c1,7.25,0.0,1
CHEMBL279,Nc1cccc(C(=O)Nc2ccc(F)c(Nc3ncccc3-c3ncnc4[nH]cnc34)c2F)c1,6.05,0.0,1
CHEMBL279,Nc1ccccc1NC(=O)c1ccc(C(=O)Nc2cccc(Nc3ncc(-c4cccnc4)cn3)c2)cc1,5.82,0.0,1
CHEMBL279,Nc1ccccc1NC(=O)c1ccc(C(=O)Nc2cccc(Nc3ncc(-c4cccnc4)s3)c2)cc1,4.62,0.0,1
CHEMBL279,Nc1ccccc1NC(=O)c1ccc(C(=O)Nc2cccc(Nc3ncc(-c4cccnc4)s3)c2)cn1,5.36,0.0,1
CHEMBL279,Nc1ccccc1NC(=O)c1ccc(C(=O)Nc2cccc(Nc3ncc(-c4cccnc4)s3)c2)s1,4.92,0.0,1
CHEMBL279,Nc1ccccc1SCc1nc2ccccc2c(=O)[nH]1,4.17,0.0,1
CHEMBL279,Nc1cccnc1-c1ccn2c(-c3cccc(NC(=O)NCC(F)(F)F)c3)cnc2c1,6.0,0.0,1
CHEMBL279,Nc1ccn2c(-c3cccc(NC(=O)NCC(F)(F)F)c3)cnc2c1,5.07,0.0,1
CHEMBL279,Nc1ccnc(-c2ccn3c(-c4cccc(NC(=O)NCC(F)(F)F)c4)cnc3c2)c1,7.31,0.0,1
CHEMBL279,Nc1ccnc(-c2ccn3c(-c4cccc(NC(=O)NCC(F)(F)F)c4)cnc3c2)n1,6.5,0.0,1
CHEMBL279,Nc1cn2nc(C#Cc3ccc(NC(=O)Nc4cc(C(F)(F)F)ccc4F)cc3)ccc2n1,7.14,0.0,1
CHEMBL279,Nc1cn2nc(C#Cc3ccc(NC(=O)c4ccccc4)cc3)ccc2n1,5.9,0.0,1
CHEMBL279,Nc1cnc(-c2ccn3c(-c4cccc(NC(=O)NCC(F)(F)F)c4)cnc3c2)cn1,6.93,0.0,1
CHEMBL279,Nc1cnc(-c2ccn3c(-c4cccc(NC(=O)NCC(F)(F)F)c4)cnc3c2)nc1,6.35,0.0,1
CHEMBL279,Nc1cnc(-c2ccn3c(-c4cccc(NC(=O)NCC(F)(F)F)c4)cnc3c2)nc1Cl,5.96,0.0,1
CHEMBL279,Nc1cnc(-c2ccn3c(-c4cccc(NC(=O)NCC(F)(F)F)c4)cnc3c2)nc1N,6.47,0.0,1
CHEMBL279,Nc1cncc(-c2cncc(Nc3cccc(Cl)c3)n2)c1,5.87,0.09899494936611705,2
CHEMBL279,Nc1n[nH]c2cc(-c3cnn(CC(=O)Nc4ccc(Cl)c(C(F)(F)F)c4)c3)ccc12,7.92,0.0,1
CHEMBL279,Nc1n[nH]c2cc(-c3cnn(CC(=O)Nc4cccc(C(F)(F)F)c4)c3)ccc12,8.13,0.0,1
CHEMBL279,Nc1n[nH]c2cc(-c3cnn(CC(=O)Nc4cccc(C(F)(F)F)c4F)c3)ccc12,7.66,0.0,1
CHEMBL279,Nc1n[nH]c2cccc(-c3ccc(NC(=O)C4(C(=O)Nc5cc(Br)cc(C(F)(F)F)c5)CC4)cc3)c12,7.46,0.0,1
CHEMBL279,Nc1n[nH]c2cccc(-c3ccc(NC(=O)C4(C(=O)Nc5cc(Br)ccc5OC(F)(F)F)CC4)cc3)c12,7.45,0.0,1
CHEMBL279,Nc1n[nH]c2cccc(-c3ccc(NC(=O)C4(C(=O)Nc5cc(C(F)(F)F)cc(C(F)(F)F)c5)CC4)cc3)c12,8.87,0.0,1
CHEMBL279,Nc1n[nH]c2cccc(-c3ccc(NC(=O)C4(C(=O)Nc5ccc(Br)cc5OC(F)(F)F)CC4)cc3)c12,8.25,0.0,1
CHEMBL279,Nc1n[nH]c2cccc(-c3ccc(NC(=O)C4(C(=O)Nc5ccc(Cl)c(Cl)c5)CC4)cc3)c12,6.16,0.0,1
CHEMBL279,Nc1n[nH]c2cccc(-c3ccc(NC(=O)C4(C(=O)Nc5ccc(Cl)cc5Cl)CC4)cc3)c12,8.11,0.0,1
CHEMBL279,Nc1n[nH]c2cccc(-c3ccc(NC(=O)C4(C(=O)Nc5ccc(F)c(F)c5)CC4)cc3)c12,8.85,0.0,1
CHEMBL279,Nc1n[nH]c2cccc(-c3ccc(NC(=O)C4CCCCC4)cc3)c12,7.07,0.0,1
CHEMBL279,Nc1n[nH]c2cccc(-c3ccc(NC(=O)NC4CCCC4)cc3)c12,6.82,0.0,1
CHEMBL279,Nc1n[nH]c2cccc(-c3ccc(NC(=O)Nc4cc(C(F)(F)F)ccc4F)cc3)c12,7.05,0.0,1
CHEMBL279,Nc1n[nH]c2cccc(-c3ccc(NC(=O)Nc4ccc(F)cc4)cc3)c12,7.17,0.0,1
CHEMBL279,Nc1n[nH]c2cccc(-c3ccc(NC(=O)Nc4ccc5c(c4)OCO5)cc3)c12,8.86,0.0,1
CHEMBL279,Nc1n[nH]c2cccc(-c3ccc(NC(=O)Nc4cccc(Br)c4)cc3)c12,7.44,0.0,1
CHEMBL279,Nc1n[nH]c2cccc(-c3ccc(NC(=O)Nc4cccc(C(F)(F)F)c4)cc3)c12,8.025,0.03535533905932788,2
CHEMBL279,Nc1n[nH]c2cccc(-c3ccc(NC(=O)Nc4cccc(Cl)c4)cc3)c12,8.1,0.0,1
CHEMBL279,Nc1n[nH]c2cccc(-c3ccc(NC(=O)Nc4cccc(F)c4)cc3)c12,7.64,0.0,1
CHEMBL279,Nc1n[nH]c2cccc(-c3ccc(NC(=O)Nc4cccc(O)c4)cc3)c12,7.26,0.0,1
CHEMBL279,Nc1n[nH]c2cccc(-c3ccc(NC(=O)Nc4ccccc4)cc3)c12,7.19,0.0,1
CHEMBL279,Nc1n[nH]c2cccc(-c3ccc(NC(=O)Nc4ccccc4F)cc3)c12,7.09,0.0,1
CHEMBL279,Nc1n[nH]c2cccc(-c3ccc(NC(=O)Nc4ccsc4)cc3)c12,7.82,0.0,1
CHEMBL279,Nc1n[nH]c2cccc(-c3ccc(NC(=S)Nc4cc(Br)ccc4OC(F)(F)F)cc3)c12,8.46,0.0,1
CHEMBL279,Nc1n[nH]c2cccc(-c3ccc(NC(=S)Nc4cc(OC(F)(F)F)ccc4Br)cc3)c12,8.1,0.0,1
CHEMBL279,Nc1n[nH]c2cccc(-c3ccc(NC(=S)Nc4ccc(Cl)c(Cl)c4)cc3)c12,8.12,0.0,1
CHEMBL279,Nc1n[nH]c2cccc(-c3ccc(NC(=S)Nc4ccc(Cl)cc4Cl)cc3)c12,7.61,0.0,1
CHEMBL279,Nc1n[nH]c2cccc(-c3ccc(NC(=S)Nc4ccc(F)c(F)c4)cc3)c12,7.7,0.0,1
CHEMBL279,Nc1n[nH]c2cccc(-c3ccc(NS(=O)(=O)c4ccccc4)cc3)c12,5.33,0.0,1
CHEMBL279,Nc1n[nH]c2cccc(-c3ccc4c(C(=O)NC5CC5)cccc4c3)c12,7.785,1.0818733752154186,2
CHEMBL279,Nc1n[nH]c2cccc(-c3ccc4c(C(=O)Nc5cc(Br)cc(Br)c5)cccc4c3)c12,8.6,0.0,1
CHEMBL279,Nc1n[nH]c2cccc(-c3ccc4c(C(=O)Nc5cc(Cl)cc(Cl)c5)cccc4c3)c12,8.85,0.0,1
CHEMBL279,Nc1n[nH]c2cccc(-c3ccc4c(C(=O)Nc5cc(F)cc(F)c5)cccc4c3)c12,8.385,0.5868986283848348,2
CHEMBL279,Nc1n[nH]c2cccc(-c3ccc4c(C(=O)Nc5ccc(F)cc5)cccc4c3)c12,7.904999999999999,0.19091883092036754,2
CHEMBL279,Nc1n[nH]c2cccc(-c3ccc4c(C(=O)Nc5ccc(F)cc5F)cccc4c3)c12,7.8100000000000005,1.1030865786510142,2
CHEMBL279,Nc1n[nH]c2cccc(-c3ccc4c(C(=O)Nc5cccc(Br)c5)cccc4c3)c12,8.015,0.5586143571373728,2
CHEMBL279,Nc1n[nH]c2cccc(-c3ccc4c(C(=O)Nc5cccc(C(F)(F)F)c5)cccc4c3)c12,8.14,0.0,1
CHEMBL279,Nc1n[nH]c2cccc(-c3ccc4c(C(=O)Nc5cccc(Cl)c5)cccc4c3)c12,7.915,0.8414570696119912,2
CHEMBL279,Nc1n[nH]c2cccc(-c3ccc4c(C(=O)Nc5cccc(F)c5)cccc4c3)c12,8.395,0.34648232278140784,2
CHEMBL279,Nc1n[nH]c2cccc(-c3ccc4c(C(=O)Nc5ccccc5)cccc4c3)c12,8.61,0.26870057685088927,2
CHEMBL279,Nc1n[nH]c2cccc(-c3ccc4c(C(=O)Nc5ccccc5)cccc4c3F)c12,8.07,0.0,1
CHEMBL279,Nc1n[nH]c2cccc(-c3ccc4c(C(=O)Nc5ccccc5F)cccc4c3)c12,7.970000000000001,0.3394112549695431,2
CHEMBL279,Nc1n[nH]c2cccc(-c3ccc4c(C(=O)Nc5cccnc5)cccc4c3)c12,7.7,0.0,1
CHEMBL279,Nc1n[nH]c2cccc(-c3ccc4c(c3)OCCN4C(=O)Nc3ccccc3)c12,7.89,0.0,1
CHEMBL279,Nc1n[nH]c2cccc(-c3cccc(NC(=O)C4(C(=O)Nc5cc(Br)ccc5OC(F)(F)F)CC4)c3)c12,7.49,0.0,1
CHEMBL279,Nc1n[nH]c2cccc(-c3cccc(NC(=O)Nc4cc(C(F)(F)F)cc(C(F)(F)F)c4)c3)c12,6.93,0.0,1
CHEMBL279,Nc1n[nH]c2cccc(-c3cccc(NC(=O)Nc4ccc(Cl)c(C(F)(F)F)c4)c3)c12,9.1,0.0,1
CHEMBL279,Nc1n[nH]c2cccc(-c3cccc(NC(=O)Nc4ccc(Cl)cc4Cl)c3)c12,6.69,0.0,1
CHEMBL279,Nc1n[nH]c2cccc(-c3cccc(NC(=O)Nc4ccc(F)cc4)c3)c12,8.67,0.0,1
CHEMBL279,Nc1n[nH]c2cccc(-c3cccc(NC(=O)Nc4cccc(C(F)(F)F)c4)c3)c12,6.48,0.0,1
CHEMBL279,Nc1n[nH]c2cccc(-c3cccc(NC(=O)Nc4cccc(Cl)c4)c3)c12,9.3,0.0,1
CHEMBL279,Nc1n[nH]c2cccc(-c3cccc(NC(=O)Nc4cccc(F)c4)c3)c12,7.23,0.0,1
CHEMBL279,Nc1n[nH]c2cccc(-c3cccc(NC(=O)Nc4ccccc4Cl)c3)c12,6.94,0.0,1
CHEMBL279,Nc1n[nH]c2cccc(-c3cccc(NC(=O)Nc4ccccc4F)c3)c12,7.27,0.0,1
CHEMBL279,Nc1n[nH]c2cccc(C#Cc3cccc(NC(=O)Nc4ccccc4)c3)c12,7.39,0.0,1
CHEMBL279,Nc1n[nH]c2ccnc(-c3ccc(NC(=O)Nc4cccc(C(F)(F)F)c4)cc3)c12,8.15,0.0,1
CHEMBL279,Nc1n[nH]c2ccnc(-c3ccc(NC(=O)Nc4cccc(Cl)c4)cc3)c12,7.92,0.0,1
CHEMBL279,Nc1n[nH]c2cncc(-c3ccc(NC(=O)Nc4cc(C(F)(F)F)ccc4F)cc3)c12,9.0,0.0,1
CHEMBL279,Nc1n[nH]c2cncc(-c3ccc(NC(=O)Nc4cccc(Cl)c4)cc3)c12,8.92,0.0,1
CHEMBL279,Nc1n[nH]c2nccc(-c3ccc(NC(=O)NC4CCCCC4)cc3)c12,6.94,0.0,1
CHEMBL279,Nc1n[nH]c2nccc(-c3ccc(NC(=O)NCC4CCCCC4)cc3)c12,7.19,0.0,1
CHEMBL279,Nc1n[nH]c2nccc(-c3ccc(NC(=O)Nc4cc(C(F)(F)F)ccc4F)cc3)c12,8.62,0.0,1
CHEMBL279,Nc1n[nH]c2nccc(-c3ccc(NC(=O)Nc4cc(F)cc(F)c4)cc3)c12,8.2,0.0,1
CHEMBL279,Nc1n[nH]c2nccc(-c3ccc(NC(=O)Nc4ccc(F)c(C(F)(F)F)c4)cc3)c12,8.7,0.0,1
CHEMBL279,Nc1n[nH]c2nccc(-c3ccc(NC(=O)Nc4ccc(F)c(Cl)c4)cc3)c12,8.74,0.0,1
CHEMBL279,Nc1n[nH]c2nccc(-c3ccc(NC(=O)Nc4cccc(C(F)(F)F)c4)cc3)c12,8.77,0.0,1
CHEMBL279,Nc1n[nH]c2nccc(-c3ccc(NC(=O)Nc4cccc(Cl)c4)cc3)c12,9.0,0.0,1
CHEMBL279,Nc1n[nH]c2nccc(-c3ccc(NC(=O)Nc4ccccc4)cc3)c12,8.35,0.0,1
CHEMBL279,Nc1n[nH]c2nccc(-c3ccc(NC(=O)Nc4ccsc4)cc3)c12,7.9,0.0,1
CHEMBL279,Nc1nc(-c2ccn3c(-c4cc(Cl)cc(NC(=O)NCC(F)(F)F)c4)cnc3c2)ncc1F,6.55,0.0,1
CHEMBL279,Nc1nc(-c2ccn3c(-c4cc(F)cc(NC(=O)NCC(F)(F)F)c4)cnc3c2)ncc1F,6.77,0.0,1
CHEMBL279,Nc1nc(-c2ccn3c(-c4cccc(NC(=O)NC5CC5)c4)cnc3c2)ncc1F,6.24,0.0,1
CHEMBL279,Nc1nc(-c2ccn3c(-c4cccc(NC(=O)NCC(F)(F)F)c4)cnc3c2)ccc1C(F)(F)F,6.1,0.0,1
CHEMBL279,Nc1nc(-c2ccn3c(-c4cccc(NC(=O)NCC(F)(F)F)c4)cnc3c2)ncc1C(=O)O,6.47,0.0,1
CHEMBL279,Nc1nc(-c2ccn3c(-c4cccc(NC(=O)NCC(F)(F)F)c4)cnc3c2)ncc1C(F)(F)F,6.32,0.0,1
CHEMBL279,Nc1nc(-c2ccn3c(-c4cccc(NC(=O)NCC(F)(F)F)c4)cnc3c2)ncc1CN1CCC1,6.85,0.0,1
CHEMBL279,Nc1nc(-c2ccn3c(-c4cccc(NC(=O)NCC(F)(F)F)c4)cnc3c2)ncc1CO,6.4,0.0,1
CHEMBL279,Nc1nc(-c2ccn3c(-c4cccc(NC(=O)NCC(F)(F)F)c4)cnc3c2)ncc1F,6.57,0.0,1
CHEMBL279,Nc1nc(-c2ccn3c(-c4cccc(NC(=O)NCC(F)(F)F)c4)cnc3c2)ncc1OCCO,6.48,0.0,1
CHEMBL279,Nc1nc(-c2ccn3c(-c4cncc(NC(=O)NCC(F)(F)F)c4)cnc3c2)ncc1F,6.48,0.0,1
CHEMBL279,Nc1nc(N)c2c(n1)NCCC(c1ccc(Cl)cc1)=N2,5.05,0.0,1
CHEMBL279,Nc1nc(N)c2c(n1)NCCC(c1cccc(Cl)c1)=N2,4.68,0.0,1
CHEMBL279,Nc1nc(N)c2c(n1)NCCC(c1ccccc1)=N2,4.46,0.0,1
CHEMBL279,Nc1nc(N)c2c(n1)[nH]c1cccc(Sc3ccccc3)c12,4.65,0.0,1
CHEMBL279,Nc1nc(Nc2ccc(F)cc2)c2c(n1)-c1ccccc1C2,4.66,0.0,1
CHEMBL279,Nc1nc(Nc2ccc(S(N)(=O)=O)cc2)nn1C(=O)c1c(F)cccc1F,6.89,0.0,1
CHEMBL279,Nc1nc(Nc2ccc(S(N)(=O)=O)cc2)nn1C(=S)Nc1c(F)cccc1F,7.5,0.0,1
CHEMBL279,Nc1nc(Nc2ccc3[nH]ccc3c2)c2cc(CCc3ccccc3)[nH]c2n1,4.6,0.0,1
CHEMBL279,Nc1nc(Nc2cccc(Br)c2)c2cc(Cc3ccc(-c4ccccc4)cc3)[nH]c2n1,5.22,0.0,1
CHEMBL279,Nc1nc(Nc2cccc(Br)c2)c2cc(Cc3ccc(Cl)cc3)[nH]c2n1,5.08,0.0,1
CHEMBL279,Nc1nc(Nc2cccc(Br)c2)c2cc(Cc3ccc(Cl)cc3Cl)[nH]c2n1,4.55,0.0,1
CHEMBL279,Nc1nc(Nc2cccc(Br)c2)c2cc(Cc3cccc4ccccc34)[nH]c2n1,5.29,0.0,1
CHEMBL279,Nc1nc(Nc2cccc(Br)c2)c2cc(Cc3ccccc3Cl)[nH]c2n1,5.25,0.0,1
CHEMBL279,Nc1nc(Nc2cccc(Cl)c2)nc(-c2ccnc(NCCCO)c2)n1,5.97,0.0,1
CHEMBL279,Nc1nc(Nc2cccc(F)c2)c2c(n1)-c1ccccc1C2,4.14,0.0,1
CHEMBL279,Nc1nc(Nc2ccccc2)c2c(n1)-c1ccccc1C2,5.29,0.0,1
CHEMBL279,Nc1nc2c(c(Nc3ccc(F)c(Cl)c3)n1)-c1ccccc1C2,4.14,0.0,1
CHEMBL279,Nc1nc2c(c(Nc3cccc(F)c3)n1)-c1ccccc1C2,4.25,0.0,1
CHEMBL279,Nc1ncc(-c2cccc(Cl)c2)c2occ(-c3ccc(NC(=O)Nc4cc(C(F)(F)F)ccc4F)cc3)c12,6.03,0.0,1
CHEMBL279,Nc1ncc(-c2cccc(S(N)(=O)=O)c2)c2occ(-c3ccc(NC(=O)Nc4cc(C(F)(F)F)ccc4F)cc3)c12,8.38,0.0,1
CHEMBL279,Nc1ncc(-c2cccc(S(N)(=O)=O)c2)c2scc(-c3ccc(F)c(Cl)c3)c12,5.72,0.0,1
CHEMBL279,Nc1ncc(-c2ccccc2)c2occ(-c3ccc(NC(=O)Nc4cc(C(F)(F)F)ccc4F)cc3)c12,7.52,0.0,1
CHEMBL279,Nc1ncc(-c2cnn(CC(=O)N3CCOCC3)c2)c2scc(-c3ccc(Oc4ccccc4)cc3)c12,6.72,0.0,1
CHEMBL279,Nc1ncc(-c2cnn(CCCN3CC[C@@H](O)C3)c2)c2scc(-c3ccc(NC(=O)Nc4cccc(F)c4)cc3)c12,8.7,0.0,1
CHEMBL279,Nc1ncc(-c2cnn(CCN3CCCCC3)c2)c2scc(-c3ccc(NC(=O)Nc4cccc(F)c4)cc3)c12,8.4,0.0,1
CHEMBL279,Nc1ncc(-c2cnn(CCO)c2)c2scc(-c3ccc(NC(=O)Nc4cccc(F)c4)cc3)c12,8.620000000000001,0.17204650534085242,4
CHEMBL279,Nc1ncc(-c2cnn(CCO)c2)c2scc(-c3ccc4c(C(=O)Nc5ccccc5)cccc4c3)c12,8.89,0.0,1
CHEMBL279,Nc1ncc(B(O)O)cc1-c1cc2cc(NC(=O)Nc3ccccc3)ccc2s1,6.640000000000001,0.31112698372208153,2
CHEMBL279,Nc1ncc(C#Cc2ccc(F)c(C(=O)Nc3cc(C(F)(F)F)ccc3N3CCCCC3)c2)cn1,6.32,0.0,1
CHEMBL279,Nc1ncc(C#Cc2ccc(F)c(C(=O)Nc3cc(C(F)(F)F)ccc3N3CCC[C@H](N)C3)c2)cn1,6.1,0.0,1
CHEMBL279,Nc1ncc(C#Cc2ccc(F)c(C(=O)Nc3cccc(C(F)(F)F)c3)c2)cn1,8.22,0.0,1
CHEMBL279,Nc1ncc(C(=O)N=S2(=O)CCOCC2)cc1C#Cc1cccc(C(=O)Nc2ccc(Cl)c(C(F)(F)F)c2)c1,7.41,0.0,1
CHEMBL279,Nc1ncc(C(=O)O)cc1-c1cc2cc(NC(=O)Nc3ccc(F)c(Cl)c3)ccc2s1,7.39,0.0,1
CHEMBL279,Nc1ncc(NCCCO)cc1-c1cncc(Nc2cccc(Cl)c2)n1,5.87,0.0,1
CHEMBL279,Nc1ncc2c(n1)CCN(c1cccc(C(=O)NC3CCCC3)c1)C2,5.24,0.0,1
CHEMBL279,Nc1ncc2c(n1)CCN(c1cccc(C(=O)NCC3CCCCC3)c1)C2,5.67,0.0,1
CHEMBL279,Nc1ncc2c(n1)CCN(c1cccc(C(=O)Nc3ccc(F)c(C(F)(F)F)c3)c1)C2,7.57,0.0,1
CHEMBL279,Nc1ncc2c(n1)CCN(c1cccc(C(=O)Nc3cccc(C(F)(F)F)c3)c1)C2,7.82,0.1414213562373093,2
CHEMBL279,Nc1ncc2c(n1)CCN(c1cccc(C(=O)Nc3ccccc3)c1)C2,5.53,0.0,1
CHEMBL279,Nc1ncc2c(n1)CCN(c1cncc(C(=O)Nc3cccc(C(F)(F)F)c3)c1)C2,6.23,0.0,1
CHEMBL279,Nc1ncc2c(n1)CN(c1cccc(C(=O)Nc3cccc(C(F)(F)F)c3)c1)C2,5.67,0.0,1
CHEMBL279,Nc1ncc2ccc(-c3ccc(NC(=O)C4(C(=O)Nc5cc(Br)cc(C(F)(F)F)c5)CC4)cc3)cc2n1,7.39,0.0,1
CHEMBL279,Nc1ncc2ccc(-c3ccc(NC(=O)C4(C(=O)Nc5cc(OC(F)(F)F)ccc5Br)CC4)cc3)cc2n1,6.9,0.0,1
CHEMBL279,Nc1ncc2ccc(-c3ccc(NC(=O)C4(C(=O)Nc5ccc(Cl)cc5Cl)CC4)cc3)cc2n1,6.97,0.0,1
CHEMBL279,Nc1ncc2ccc(-c3ccc(NC(=O)C4(C(=O)Nc5ccc(F)c(F)c5)CC4)cc3)cc2n1,7.67,0.0,1
CHEMBL279,Nc1ncc2ccc(-c3ccc(NC(=S)Nc4cc(Br)cc(C(F)(F)F)c4)cc3)cc2n1,8.98,0.0,1
CHEMBL279,Nc1ncc2ccc(-c3ccc(NC(=S)Nc4cc(Br)ccc4OC(F)(F)F)cc3)cc2n1,7.94,0.0,1
CHEMBL279,Nc1ncc2ccc(-c3ccc(NC(=S)Nc4cc(OC(F)(F)F)ccc4Br)cc3)cc2n1,7.48,0.0,1
CHEMBL279,Nc1ncc2ccc(-c3ccc(NC(=S)Nc4ccc(Br)cc4OC(F)(F)F)cc3)cc2n1,8.85,0.0,1
CHEMBL279,Nc1ncc2ccc(-c3ccc(NC(=S)Nc4ccc(OC(F)(F)F)cc4Br)cc3)cc2n1,9.51,0.0,1
CHEMBL279,Nc1nccc(-c2ccc3c(N)n[nH]c3c2)n1,6.08,0.0,1
CHEMBL279,Nc1nccc(Oc2ccc(NC(=O)C3(C(=O)Nc4ccc(F)cc4)CC3)cc2F)c1Cl,7.26,0.0,1
CHEMBL279,Nc1nccc(Oc2ccc(NC(=O)Nc3ccc(Cl)c(C(F)(F)F)c3)cc2)n1,7.64,0.0,1
CHEMBL279,Nc1nccc(Oc2ccc(NC(=O)Nc3nc4ccccc4s3)cc2)n1,6.92,0.0,1
CHEMBL279,Nc1nccc(Oc2ccc(NC(=O)c3c[nH]cc(-c4ccc(F)cc4)c3=O)cc2F)c1Cl,7.82,0.0,1
CHEMBL279,Nc1nccc(Oc2ccc(Nc3nccc4[nH]cc(-c5ccc(F)cc5)c(=O)c34)cc2F)c1Cl,7.17,0.0,1
CHEMBL279,Nc1nccc2occ(-c3ccc4c(C(=O)Nc5ccccc5)cccc4c3)c12,7.92,0.32526911934581215,2
CHEMBL279,Nc1nccc2scc(-c3ccc(NC(=O)NC4CCCC4)cc3)c12,6.38,0.0,1
CHEMBL279,Nc1nccc2scc(-c3ccc(NC(=O)NC4CCCCC4)cc3)c12,6.31,0.0,1
CHEMBL279,Nc1nccc2scc(-c3ccc(NC(=O)Nc4ccc5ccccc5c4)cc3)c12,7.68,0.0,1
CHEMBL279,Nc1nccc2scc(-c3ccc(NC(=O)Nc4cccc(Cl)c4)cc3)c12,7.66,0.0,1
CHEMBL279,Nc1nccc2scc(-c3ccc(NC(=O)Nc4cccc(F)c4)cc3)c12,7.82,0.0,1
CHEMBL279,Nc1nccc2scc(-c3ccc(NC(=O)Nc4cccc5ccccc45)cc3)c12,7.12,0.0,1
CHEMBL279,Nc1nccc2scc(-c3ccc(NC(=O)Nc4ccccc4)cc3)c12,7.25,0.0,1
CHEMBL279,Nc1nccc2scc(-c3ccc(NC(=O)Nc4cccs4)cc3)c12,7.52,0.0,1
CHEMBL279,Nc1nccc2scc(-c3ccc(NC(=O)Nc4ccsc4)cc3)c12,7.42,0.0,1
CHEMBL279,Nc1nccc2scc(-c3ccc(NC(=O)c4ccccc4)cc3)c12,4.92,0.0,1
CHEMBL279,Nc1nccc2scc(-c3ccc4c(C(=O)Nc5ccccc5)cccc4c3)c12,7.925000000000001,0.3181980515339462,2
CHEMBL279,Nc1ncccc1-c1cc2cc(NC(=O)c3ccccc3)ccc2s1,5.83,0.0,1
CHEMBL279,Nc1nccn2c1c(-c1ccc3ccc(-c4ccccc4)nc3c1)nc2[C@H]1C[C@@H](CN2CCC2)C1,5.37,0.0,1
CHEMBL279,Nc1nccnc1-c1ccn2c(-c3cccc(NC(=O)NCC(F)(F)F)c3)cnc2c1,5.79,0.0,1
CHEMBL279,Nc1ncnc(Oc2ccc(NC(=O)C3(C(=O)Nc4ccc(F)cc4)CC3)cc2F)c1/C=N/O,6.85,0.0,1
CHEMBL279,Nc1ncnc(Oc2ccc(NC(=O)C3(C(=O)Nc4ccc(F)cc4)CC3)cc2F)c1/C=N/OCC(O)CN1CCOCC1,6.05,0.0,1
CHEMBL279,Nc1ncnc(Oc2ccc(NC(=O)C3(C(=O)Nc4ccc(F)cc4)CC3)cc2F)c1/C=N/OCCCN1CCCC1,6.47,0.0,1
CHEMBL279,Nc1ncnc(Oc2ccc(NC(=O)C3(C(=O)Nc4ccc(F)cc4)CC3)cc2F)c1/C=N/OCCCN1CCOCC1,6.66,0.0,1
CHEMBL279,Nc1ncnc(Oc2ccc(NC(=O)C3(C(=O)Nc4ccc(F)cc4)CC3)cc2F)c1/C=N/OCCCO,6.25,0.0,1
CHEMBL279,Nc1ncnc(Oc2ccc(NC(=O)C3(C(=O)Nc4ccc(F)cc4)CC3)cc2F)c1/C=N/OCCN1CCCC1,6.6,0.0,1
CHEMBL279,Nc1ncnc2c1N=C(c1ccc(Cl)cc1)CCN2,5.52,0.0,1
CHEMBL279,Nc1ncnc2c1N=C(c1ccc(NC(=O)Nc3cc(C(F)(F)F)ccc3F)cc1)CCN2,8.4,0.0,1
CHEMBL279,Nc1ncnc2c1N=C(c1ccc(NC(=O)Nc3ccc(C(F)(F)F)cc3)cc1)CCN2,6.96,0.0,1
CHEMBL279,Nc1ncnc2c1N=C(c1ccc(NC(=O)Nc3ccc(Cl)c(C(F)(F)F)c3)cc1)CCN2,8.22,0.0,1
CHEMBL279,Nc1ncnc2c1N=C(c1ccc(NC(=O)Nc3ccc(F)c(C(F)(F)F)c3)cc1)CCN2,8.3,0.0,1
CHEMBL279,Nc1ncnc2c1N=C(c1ccc(NC(=O)Nc3cccc(C(F)(F)F)c3)cc1)CCN2,8.52,0.0,1
CHEMBL279,Nc1ncnc2c1N=C(c1ccc(NC(=O)Nc3cccc(C(F)(F)F)c3F)cc1)CCN2,7.31,0.0,1
CHEMBL279,Nc1ncnc2c1N=C(c1ccc(NC(=O)Nc3cccc(Cl)c3)cc1)CCN2,7.72,0.0,1
CHEMBL279,Nc1ncnc2c1N=C(c1ccc(NC(=O)Nc3ccccc3)cc1)CCN2,6.02,0.0,1
CHEMBL279,Nc1ncnc2c1N=C(c1cccc(Cl)c1)CCN2,6.22,0.0,1
CHEMBL279,Nc1ncnc2c1N=C(c1cccc(NC(=O)Nc3cccc(C(F)(F)F)c3)c1)CCN2,6.9,0.0,1
CHEMBL279,Nc1ncnc2c1N=C(c1cccc(NC(=O)Nc3ccccc3)c1)CCN2,6.05,0.0,1
CHEMBL279,Nc1ncnc2c1N=C(c1ccccc1)CCN2,5.52,0.0,1
CHEMBL279,Nc1ncnc2c1c(-c1[nH]c3cc(C(=O)NC4CC4)ccc3c1Cl)nn2C1CCC(O)C1,6.61,0.0,1
CHEMBL279,Nc1ncnc2c1c(-c1[nH]c3cc(C(=O)NC4CC4)ccc3c1Cl)nn2C1CCNCC1,5.11,0.0,1
CHEMBL279,Nc1ncnc2c1c(-c1[nH]c3cc(C(=O)NC4CC4)ccc3c1Cl)nn2C1CCOC1,6.19,0.0,1
CHEMBL279,Nc1ncnc2c1c(-c1[nH]c3cc(C(=O)NC4CC4)ccc3c1Cl)nn2C1CCOCC1,6.03,0.0,1
CHEMBL279,Nc1ncnc2c1c(-c1[nH]c3cc(C(=O)NC4CC4)ccc3c1Cl)nn2CC(F)(F)F,5.33,0.0,1
CHEMBL279,Nc1ncnc2c1c(-c1[nH]c3cc(C(=O)NC4CC4)ccc3c1Cl)nn2CC1CCOCC1,5.97,0.0,1
CHEMBL279,Nc1ncnc2c1c(-c1[nH]c3ccccc3c1Cl)nn2C1CCC(N2CCOCC2)CC1,4.58,0.0,1
CHEMBL279,Nc1ncnc2c1c(-c1[nH]c3ccccc3c1Cl)nn2C1CCC(NC(=O)C2CC2)CC1,4.76,0.0,1
CHEMBL279,Nc1ncnc2c1c(-c1[nH]c3ccccc3c1Cl)nn2C1CCOC1,4.77,0.0,1
CHEMBL279,Nc1ncnc2c1c(-c1[nH]c3ncccc3c1Cl)nn2C1CCC(N)CC1,6.93,0.0,1
CHEMBL279,Nc1ncnc2c1c(-c1[nH]c3ncccc3c1Cl)nn2C1CCC(NC(=O)C2CC2)CC1,4.94,0.0,1
CHEMBL279,Nc1ncnc2c1c(-c1[nH]c3ncccc3c1Cl)nn2C1CCC(O)C1,6.18,0.0,1
CHEMBL279,Nc1ncnc2c1c(-c1[nH]c3ncccc3c1Cl)nn2C1CCC1,5.73,0.0,1
CHEMBL279,Nc1ncnc2c1c(-c1[nH]c3ncccc3c1Cl)nn2C1CCCC1,5.89,0.0,1
CHEMBL279,Nc1ncnc2c1c(-c1[nH]c3ncccc3c1Cl)nn2C1CCOC1,5.73,0.0,1
CHEMBL279,Nc1ncnc2c1c(-c1[nH]c3ncccc3c1Cl)nn2CC(F)(F)F,4.53,0.0,1
CHEMBL279,Nc1ncnc2c1c(-c1cc(O)cc(F)c1)nn2C1CCCC1,7.32,0.0,1
CHEMBL279,Nc1ncnc2c1c(-c1cc3ccccc3[nH]1)nn2C1CCC(N2CCOCC2)CC1,5.04,0.0,1
CHEMBL279,Nc1ncnc2c1c(-c1cc3ccccc3[nH]1)nn2C1CCC(NC(=O)C2CC2)CC1,4.88,0.0,1
CHEMBL279,Nc1ncnc2c1c(-c1cc3ccccc3[nH]1)nn2C1CCCCC1,4.68,0.0,1
CHEMBL279,Nc1ncnc2c1c(-c1cc3cccnc3[nH]1)nn2C1CCC(O)C1,6.13,0.0,1
CHEMBL279,Nc1ncnc2c1c(-c1cc3cccnc3[nH]1)nn2C1CCC1,5.76,0.0,1
CHEMBL279,Nc1ncnc2c1c(-c1ccc(Br)c(O)c1)nn2C1CCC1,7.4,0.0,1
CHEMBL279,Nc1ncnc2c1c(-c1ccc(Br)c(O)c1)nn2C1CCCC1,7.26,0.0,1
CHEMBL279,Nc1ncnc2c1c(-c1ccc(Cl)c(O)c1)nn2C1CCC1,7.21,0.0,1
CHEMBL279,Nc1ncnc2c1c(-c1ccc(Cl)c(O)c1)nn2C1CCCC1,8.37,0.0,1
CHEMBL279,Nc1ncnc2c1c(-c1ccc(Cl)c(O)c1)nn2CC1CCCN1,5.51,0.0,1
CHEMBL279,Nc1ncnc2c1c(-c1ccc(Cl)c(O)c1)nn2CC1CCCNC1,5.14,0.0,1
CHEMBL279,Nc1ncnc2c1c(-c1ccc(Cl)c(O)c1)nn2CC1CCNC1,6.36,0.0,1
CHEMBL279,Nc1ncnc2c1c(-c1ccc(Cl)c(O)c1)nn2CC1CCNCC1,5.42,0.0,1
CHEMBL279,Nc1ncnc2c1c(-c1ccc(Cl)c(O)c1)nn2CCC1CCCNC1,5.89,0.0,1
CHEMBL279,Nc1ncnc2c1c(-c1ccc(Cl)c(O)c1)nn2[C@@H]1CCNC1,6.76,0.0,1
CHEMBL279,Nc1ncnc2c1c(-c1ccc(Cl)c(O)c1)nn2[C@@H]1CCOC1,6.99,0.0,1
CHEMBL279,Nc1ncnc2c1c(-c1ccc(Cl)c(O)c1)nn2[C@H]1CCOC1,7.18,0.0,1
CHEMBL279,Nc1ncnc2c1c(-c1ccc(F)c(O)c1)nn2C1CCC1,6.29,0.0,1
CHEMBL279,Nc1ncnc2c1c(-c1ccc(F)c(O)c1)nn2C1CCCC1,6.97,0.0,1
CHEMBL279,Nc1ncnc2c1c(-c1ccc(F)c(O)c1)nn2C1CCCCCC1,6.75,0.0,1
CHEMBL279,Nc1ncnc2c1c(-c1ccc(F)c(O)c1)nn2C1CNC1,5.94,0.0,1
CHEMBL279,Nc1ncnc2c1c(-c1ccc(F)c(O)c1)nn2CC1CCNCC1,4.93,0.0,1
CHEMBL279,Nc1ncnc2c1c(-c1ccc(F)c(O)c1)nn2Cc1ocnc1-c1ccccc1,4.0,0.0,1
CHEMBL279,Nc1ncnc2c1c(-c1ccc(F)c(O)c1)nn2[C@@H]1CCNC1,5.76,0.0,1
CHEMBL279,Nc1ncnc2c1c(-c1ccc(F)c(O)c1)nn2[C@@H]1CCOC1,6.26,0.0,1
CHEMBL279,Nc1ncnc2c1c(-c1ccc(F)c(O)c1)nn2[C@H]1CCNC1,6.43,0.0,1
CHEMBL279,Nc1ncnc2c1c(-c1ccc(F)c(O)c1)nn2[C@H]1CCOC1,6.4,0.0,1
CHEMBL279,Nc1ncnc2c1c(-c1ccc(Oc3ccccc3)cc1)c(Br)n2C1CCCC1,5.8,0.0,1
CHEMBL279,Nc1ncnc2c1c(-c1ccc(Oc3ccccc3)cc1)c(C(=O)O)n2C1CCCC1,5.01,0.0,1
CHEMBL279,Nc1ncnc2c1c(-c1ccc(Oc3ccccc3)cc1)c(CN1CCOCC1)n2C1CCCC1,5.43,0.0,1
CHEMBL279,Nc1ncnc2c1c(-c1ccc(Oc3ccccc3)cc1)c(CO)n2C1CCCC1,5.97,0.0,1
CHEMBL279,Nc1ncnc2c1c(-c1ccc(Oc3ccccc3)cc1)c(Cl)n2C1CCCC1,4.77,0.0,1
CHEMBL279,Nc1ncnc2c1c(-c1ccc(Oc3ccccc3)cc1)cn2C1CC(O)C(O)C1,6.57,0.0,1
CHEMBL279,Nc1ncnc2c1c(-c1ccc(Oc3ccccc3)cc1)cn2C1CCC(O)C1,7.07,0.0,1
CHEMBL279,Nc1ncnc2c1c(-c1ccc(Oc3ccccc3)cc1)cn2C1CCCC1,5.574999999999999,0.3181980515339462,2
CHEMBL279,Nc1ncnc2c1c(-c1ccc(Oc3ccccc3)cc1)cn2C1CCCC1O,6.0,0.0,1
CHEMBL279,Nc1ncnc2c1c(-c1ccc(Oc3ccccc3O)cc1)cn2C1CCCC1,7.05,0.0,1
CHEMBL279,Nc1ncnc2c1c(-c1ccc3[nH]c(=O)ccc3c1)nn2C1CCCC1,4.0,0.0,1
CHEMBL279,Nc1ncnc2c1c(-c1ccc3[nH]ccc3c1)nn2C1CCCC1,8.05,0.0,1
CHEMBL279,Nc1ncnc2c1c(-c1ccc3[nH]ncc3c1)nn2C1CCCC1,6.39,0.0,1
CHEMBL279,Nc1ncnc2c1c(-c1ccc3cc[nH]c3c1)nn2C1CCCC1,6.87,0.0,1
CHEMBL279,Nc1ncnc2c1c(-c1ccc3cn[nH]c3c1)nn2C1CCCC1,6.48,0.0,1
CHEMBL279,Nc1ncnc2c1c(-c1ccc3ncccc3c1)nn2C1CCCC1,5.36,0.0,1
CHEMBL279,Nc1ncnc2c1c(-c1ccc3occc(=O)c3c1)nn2C1CCCC1,4.85,0.0,1
CHEMBL279,Nc1ncnc2c1c(-c1ccc3occc3c1)nn2C1CCCC1,5.91,0.0,1
CHEMBL279,Nc1ncnc2c1c(-c1cccc(Cl)c1)cn2-c1ccccc1,6.0,0.0,1
CHEMBL279,Nc1ncnc2c1c(-c1cccc(O)c1)cn2[C@H]1C[C@@H](CN2CCC2)C1,6.36,0.0,1
CHEMBL279,Nc1ncnc2c1c(-c1cccc(O)c1F)nn2C1CCCC1,6.04,0.0,1
CHEMBL279,Nc1ncnc2c1c(-c1cccc(OC[C@@H]3CCCO3)c1)cn2[C@H]1C[C@@H](CN2CCC2)C1,5.18,0.0,1
CHEMBL279,Nc1ncnc2c1c(-c1cccc(OCc3ccccc3)c1)cn2[C@H]1C[C@@H](CN2CCC2)C1,5.15,0.0,1
CHEMBL279,Nc1ncnc2c1c(-c1cccc(Oc3ccccc3)c1)cn2C1CCCC1,5.15,0.0,1
CHEMBL279,Nc1ncnc2c1c(-c1cccc3[nH]ccc13)nn2C1CCCC1,5.38,0.0,1
CHEMBL279,Nc1ncnc2c1c(-c1ccccc1)cn2-c1ccc(CO)cc1,6.22,0.0,1
CHEMBL279,Nc1ncnc2c1c(-c1ccccc1)cn2-c1cccc(CNCCO)c1,5.44,0.0,1
CHEMBL279,Nc1ncnc2c1c(-c1ccccc1)cn2-c1ccccc1,6.3,0.0,1
CHEMBL279,Nc1ncnc2c1c(-c1cnc3[nH]ccc3c1)nn2C1CCCC1,7.654999999999999,0.3747665940288701,2
CHEMBL279,Nc1ncnc2c1c(-c1cnc3ccccc3c1)nn2C1CCCC1,5.8,0.0,1
CHEMBL279,Nc1ncnc2c1c(C(=O)c1cccc(NC(=O)Nc3c(F)cccc3F)c1)cn2C1CCCC1,5.51,0.0,1
CHEMBL279,Nc1ncnc2c1ncn2CC(=O)c1c[nH]c2ccccc12,4.09,0.0,1
CHEMBL279,Nc1ncnc2c1ncn2CC(=O)c1cccnc1,4.24,0.0,1
CHEMBL279,Nc1ncnc2ncn(CC(=O)c3c[nH]c4ccccc34)c12,4.52,0.0,1
CHEMBL279,Nc1ncnc2oc(-c3cccnc3)c(-c3ccc(NS(=O)(=O)c4ccccc4)cc3)c12,5.95,0.0,1
CHEMBL279,Nc1ncnc2onc(-c3ccc(NC(=O)Nc4cc(C(F)(F)F)ccc4F)cc3)c12,6.65,0.0,1
CHEMBL279,Nc1ncnc2onc(-c3ccc(NC(=O)Nc4cccc(C(F)(F)F)c4)cc3)c12,7.16,0.0,1
CHEMBL279,Nc1ncnc2onc(-c3ccc(NC(=O)Nc4cccc(C(F)(F)F)c4)o3)c12,4.8,0.0,1
CHEMBL279,Nc1ncnc2scc(-c3ccc(NC(=O)Nc4cccc(Cl)c4)cc3)c12,8.52,0.0,1
CHEMBL279,Nc1ncnc2scc(-c3ccc4c(C(=O)Nc5ccccc5)cccc4c3)c12,8.935,0.16263455967290624,2
CHEMBL279,Nc1ncnc2snc(-c3ccc(NC(=O)Nc4cc(C(F)(F)F)ccc4F)cc3)c12,7.8,0.0,1
CHEMBL279,Nc1ncnc2snc(-c3ccc(NC(=O)Nc4cccc(C(F)(F)F)c4)cc3)c12,8.4,0.0,1
CHEMBL279,Nc1ncnc2snc(-c3ccc(NC(=O)Nc4cccc(Cl)c4)cc3)c12,7.72,0.0,1
CHEMBL279,Nc1ncnc2snc(Cc3ccc(NC(=O)Nc4cccc(C(F)(F)F)c4)cc3)c12,5.68,0.0,1
CHEMBL279,Nc1ncnn2ccc(C(=O)Nc3ccc(NC(=O)Nc4cccc(F)c4)cc3)c12,5.93,0.0,1
CHEMBL279,Nc1nnc(-c2cc(NC(=O)Nc3ccc(Oc4ccnc(NC(=O)C5CC5)c4)c(F)c3)cc(C(F)(F)F)c2)o1,7.94,0.0,1
CHEMBL279,Nc1nnc(-c2ccn3c(-c4cccc(NC(=O)NCC(F)(F)F)c4)cnc3c2)s1,7.85,0.0,1
CHEMBL279,Nc1noc2cccc(-c3ccc(NC(=O)Nc4cc(C(F)(F)F)ccc4F)cc3)c12,6.98,0.0,1
CHEMBL279,Nc1noc2cccc(-c3ccc(NC(=O)Nc4cc(F)cc(F)c4)cc3)c12,7.17,0.0,1
CHEMBL279,Nc1noc2cccc(-c3ccc(NC(=O)Nc4ccc(C(F)(F)F)cc4)cc3)c12,7.5,0.0,1
CHEMBL279,Nc1noc2cccc(-c3ccc(NC(=O)Nc4ccc(F)c(C(F)(F)F)c4)cc3)c12,7.64,0.0,1
CHEMBL279,Nc1noc2cccc(-c3ccc(NC(=O)Nc4ccc(F)c(Cl)c4)cc3)c12,7.23,0.0,1
CHEMBL279,Nc1noc2cccc(-c3ccc(NC(=O)Nc4ccc(F)cc4)cc3)c12,6.87,0.0,1
CHEMBL279,Nc1noc2cccc(-c3ccc(NC(=O)Nc4ccc(OC(F)(F)F)cc4)cc3)c12,7.38,0.0,1
CHEMBL279,Nc1noc2cccc(-c3ccc(NC(=O)Nc4cccc(Br)c4)cc3)c12,8.0,0.0,1
CHEMBL279,Nc1noc2cccc(-c3ccc(NC(=O)Nc4cccc(C(F)(F)F)c4)cc3)c12,7.43,0.0,1
CHEMBL279,Nc1noc2cccc(-c3ccc(NC(=O)Nc4cccc(Cl)c4)cc3)c12,8.1,0.0,1
CHEMBL279,Nc1noc2cccc(-c3ccc(NC(=O)Nc4cccc(F)c4)cc3)c12,7.36,0.0,1
CHEMBL279,Nc1noc2cccc(-c3ccc(NC(=O)Nc4cccc([N+](=O)[O-])c4)cc3)c12,7.72,0.0,1
CHEMBL279,Nc1noc2cccc(-c3ccc(NC(=O)Nc4ccccc4)cc3)c12,7.64,0.0,1
CHEMBL279,Nc1noc2cccc(-c3ccc(NC(=O)Nc4ccccc4C(F)(F)F)cc3)c12,5.21,0.0,1
CHEMBL279,Nc1noc2cccc(-c3ccc(NC(=O)Nc4ccccc4F)cc3)c12,6.5,0.0,1
CHEMBL279,Nc1noc2cccc(-c3ccc(NC(=O)Nc4ccccc4OC(F)(F)F)cc3)c12,6.09,0.0,1
CHEMBL279,Nc1nsc2cccc(-c3ccc(NC(=O)Nc4cccc(C(F)(F)F)c4)cc3)c12,6.61,0.0,1
CHEMBL279,Nc1onc2nc(-c3ccccc3)cc(-c3ccc(NC(=O)Nc4ccc(Cl)c(C(F)(F)F)c4)cc3)c12,6.16,0.0,1
CHEMBL279,Nc1onc2nc(-c3ccccc3)cc(-c3ccc(NC(=O)Nc4ccc(F)cc4)cc3)c12,6.16,0.0,1
CHEMBL279,Nc1onc2nc(-c3ccccc3)cc(-c3ccc(NC(=O)Nc4cccc(Cl)c4)cc3)c12,6.59,0.0,1
CHEMBL279,Nc1onc2nc(-c3ccccc3)cc(-c3ccc(NC(=O)Nc4cccc(F)c4)cc3)c12,6.98,0.0,1
CHEMBL279,O=C(/C=C/Nc1ccc(F)cc1)c1ccc(NC(=S)Nc2ccc(S(=O)(=O)Nc3ccccn3)cc2)cc1,7.43,0.0,1
CHEMBL279,O=C(/C=C/Nc1ccccc1Cl)c1ccc(NC(=S)Nc2ccc(S(=O)(=O)Nc3ccccn3)cc2)cc1,7.43,0.0,1
CHEMBL279,O=C(/C=C/c1ccc(C(=O)Nc2cccc(Nc3ncc(-c4cccnc4)s3)c2)cc1)NO,5.06,0.0,1
CHEMBL279,O=C(/C=C/c1ccc(C(=O)Nc2cccc(Nc3ncc(-c4cccnc4)s3)c2)s1)NO,5.07,0.0,1
CHEMBL279,O=C(/C=C/c1ccc(NC(=O)Nc2ccc(Cl)c(C(F)(F)F)c2)cc1)NO,4.88,0.0,1
CHEMBL279,O=C(/C=C/c1cccc(F)c1)c1ccc(N2CCNCC2)cc1,6.1,0.0,1
CHEMBL279,O=C(CC(=O)Nc1ccc2c(c1)NC(=O)/C2=C\c1ccc[nH]1)Nc1ccc(F)cc1,5.75,0.0,1
CHEMBL279,O=C(CC1(N2CCOCC2)CCCCC1)Nc1ccc2[nH]nc(-c3ccc(N4CCOCC4)cc3)c2c1,5.92,0.0,1
CHEMBL279,O=C(CCCCC(=O)Nc1ccc2c(c1)/C(=C/c1ccc[nH]1)C(=O)N2)NO,6.54,0.0,1
CHEMBL279,O=C(CCCCCCC(=O)Nc1ccc2c(c1)/C(=C/c1ccc[nH]1)C(=O)N2)NO,6.62,0.0,1
CHEMBL279,O=C(CCCCCCn1cc(-c2cc(Oc3ccc(NC(=O)NC4CC4)cc3)ccn2)cn1)NO,5.81,0.0,1
CHEMBL279,O=C(CCCCCCn1cc(-c2cc(Oc3ccc(NC(=O)NC4CCCCC4)cc3)ccn2)cn1)NO,5.27,0.0,1
CHEMBL279,O=C(CCCCCCn1cc(-c2cc(Oc3ccc(NC(=O)Nc4cc(-c5ccc(F)cc5)on4)cc3)ccn2)cn1)NO,6.73,0.0,1
CHEMBL279,O=C(CCCCCCn1cc(-c2cc(Oc3ccc(NC(=O)Nc4cc(C(F)(F)F)on4)cc3)ccn2)cn1)NO,6.96,0.0,1
CHEMBL279,O=C(CCCCCCn1cc(-c2cc(Oc3ccc(NC(=O)Nc4ccc(C(F)(F)F)c(Cl)c4)cc3)ccn2)cn1)NO,8.12,0.0,1
CHEMBL279,O=C(CCCCCCn1cc(-c2cc(Oc3ccc(NC(=O)Nc4ccc(C(F)(F)F)cc4)cc3)ccn2)cn1)NO,6.62,0.0,1
CHEMBL279,O=C(CCCCCCn1cc(-c2cc(Oc3ccc(NC(=O)Nc4ccc(F)cc4)cc3)ccn2)cn1)NO,6.21,0.0,1
CHEMBL279,O=C(CCCCCCn1cc(-c2cc(Oc3ccc(NC(=O)Nc4cccc(F)c4)cc3)ccn2)cn1)NO,6.53,0.0,1
CHEMBL279,O=C(CCCCCCn1cc(-c2cc(Oc3ccc(NC(=O)Nc4ccccc4Cl)cc3)ccn2)cn1)NO,6.03,0.0,1
CHEMBL279,O=C(CCCCCCn1cc(-c2cc(Oc3ccc(NC(=O)Nc4ccon4)cc3)ccn2)cn1)NO,5.98,0.0,1
CHEMBL279,O=C(CCCNc1cncc(-c2cncc(Nc3cccc(Cl)c3)n2)c1)N1CCCCC1,6.21,0.0,1
CHEMBL279,O=C(CCSc1nc2ccccc2o1)Nc1ccc(S(=O)(=O)NC(=O)NC2CCCCC2)cc1,7.1,0.0,1
CHEMBL279,O=C(CCSc1nc2ccccc2o1)Nc1ccc(S(=O)(=O)NC(=O)Nc2ccccc2)cc1,6.72,0.0,1
CHEMBL279,O=C(CCSc1nc2ccccc2o1)Nc1nnc(-c2ccccc2)s1,6.89,0.0,1
CHEMBL279,O=C(CCc1cn(Cc2ccc(Cl)cc2)c2ccccc12)Nc1ccc([N+](=O)[O-])cc1,4.48,0.0,1
CHEMBL279,O=C(CCc1cn(Cc2ccc(Cl)cc2)c2ccccc12)Nc1ccncc1,4.58,0.0,1
CHEMBL279,O=C(CN1C(=O)S/C(=C/c2ccccc2)C1=O)Nc1ccc(C(=O)NCc2ccccc2)cc1,6.55,0.0,1
CHEMBL279,O=C(CN1C(=O)S/C(=C/c2ccco2)C1=O)Nc1ccc(C(=O)O)cc1,7.1,0.0,1
CHEMBL279,O=C(CN1C(=O)S/C(=C/c2cccs2)C1=O)Nc1ccc(C(=O)O)cc1,7.08,0.0,1
CHEMBL279,O=C(CN1C(=O)S/C(=C2/C(=O)Nc3ccccc32)C1=O)Nc1ccccc1,7.16,0.0,1
CHEMBL279,O=C(CN1C(=O)S/C(=C2\Nc3ccccc3C2=O)C1=O)Nc1ccccc1,7.16,0.0,1
CHEMBL279,O=C(CN1C(=O)S/C(=C\c2ccc(F)cc2)C1=O)Nc1nc2ccc([N+](=O)[O-])cc2s1,7.04,0.0,1
CHEMBL279,O=C(CN1CCCC1)N1CCc2nc(-c3cc4ccccc4[nH]c3=O)[nH]c2C1,6.4,0.0,1
CHEMBL279,O=C(CN1CCCCC1)N1CCc2nc(-c3cc4c(F)cccc4[nH]c3=O)[nH]c2C1,6.13,0.0,1
CHEMBL279,O=C(CN1CCCCC1)N1CCc2nc(-c3cc4cc(Cl)ccc4[nH]c3=O)[nH]c2C1,7.66,0.0,1
CHEMBL279,O=C(CN1CCCCC1)N1CCc2nc(-c3cc4cc(F)ccc4[nH]c3=O)[nH]c2C1,8.1,0.0,1
CHEMBL279,O=C(CN1CCCCC1)N1CCc2nc(-c3cc4ccccc4[nH]c3=O)[nH]c2C1,7.8,0.0,1
CHEMBL279,O=C(CN1CCCCC1)Nc1cccc(-c2cc3ccccc3[nH]2)c1,5.94,0.0,1
CHEMBL279,O=C(CN1CCN(c2cc(=O)[nH]c3c(-c4ccccc4)cccc23)CC1)Nc1ccc(F)cc1,7.41,0.0,1
CHEMBL279,O=C(CN1CCN(c2cc(=O)[nH]c3ccc(F)cc23)CC1)Nc1nc(-c2ccc(Cl)cc2)cs1,6.77,0.0,1
CHEMBL279,O=C(CN1CCN(c2cc(=O)[nH]c3ccc(F)cc23)CC1)Nc1nc(-c2ccccc2)cs1,7.33,0.0,1
CHEMBL279,O=C(CN1CCN(c2cc(=O)n(-c3ccccc3)c3ccccc23)CC1)Nc1nc(-c2ccc(Cl)cc2)cs1,7.2,0.0,1
CHEMBL279,O=C(CN1CCN(c2cc(=O)n(-c3ccccc3)c3ccccc23)CC1)Nc1nc(-c2ccccc2)cs1,6.65,0.0,1
CHEMBL279,O=C(CN1CCN(c2nnc(-c3ccccc3)c3ccccc23)CC1)Nc1c(Cl)cccc1Cl,5.47,0.0,1
CHEMBL279,O=C(CN1CCN(c2nnc(-c3ccccc3)c3ccccc23)CC1)Nc1ccc(Cl)cc1,5.42,0.0,1
CHEMBL279,O=C(CN1CCN(c2nnc(-c3ccccc3)c3ccccc23)CC1)Nc1cccc(C(F)(F)F)c1,5.44,0.0,1
CHEMBL279,O=C(CN1CCN(c2nnc(-c3ccccc3)c3ccccc23)CC1)Nc1cccc(Cl)c1,5.39,0.0,1
CHEMBL279,O=C(CN1CCN(c2nnc(-c3ccccc3)c3ccccc23)CC1)Nc1ccccc1,5.33,0.0,1
CHEMBL279,O=C(CN1CCN(c2nnc(-c3ccccc3)c3ccccc23)CC1)Nc1ccccc1Cl,5.4,0.0,1
CHEMBL279,O=C(CN1CCN(c2nnc(-c3ccccc3)c3ccccc23)CC1)Nc1nc(-c2ccc(Cl)cc2)cs1,5.51,0.0,1
CHEMBL279,O=C(CN1CCN(c2nnc(-c3ccccc3)c3ccccc23)CC1)Nc1nc(-c2ccccc2)cs1,5.62,0.0,1
CHEMBL279,O=C(CN1CCN(c2nnc(-c3ccccc3)c3ccccc23)CC1)Nc1nccs1,5.38,0.0,1
CHEMBL279,O=C(CN1CCN(c2nnc(-c3ccccc3)c3ccccc23)CC1)c1ccc(Cl)cc1,5.37,0.0,1
CHEMBL279,O=C(CN1CCN(c2nnc(-c3ccccc3)c3ccccc23)CC1)c1ccccc1,5.34,0.0,1
CHEMBL279,O=C(CN1CCOCC1)N1CCc2nc(-c3cc4c(F)cccc4[nH]c3=O)[nH]c2C1,5.96,0.0,1
CHEMBL279,O=C(CN1CCOCC1)N1CCc2nc(-c3cc4cc(Cl)ccc4[nH]c3=O)[nH]c2C1,7.46,0.0,1
CHEMBL279,O=C(CN1CCOCC1)N1CCc2nc(-c3cc4cc(F)ccc4[nH]c3=O)[nH]c2C1,8.37,0.0,1
CHEMBL279,O=C(CN1CCOCC1)N1CCc2nc(-c3cc4ccccc4[nH]c3=O)[nH]c2C1,6.52,0.0,1
CHEMBL279,O=C(CO)Nc1cc(Oc2ccc(Nc3nccc4[nH]cc(-c5ccc(F)cc5)c(=O)c34)cc2F)ccn1,7.23,0.0,1
CHEMBL279,O=C(CO)Nc1cncc(-c2cncc(Nc3cccc(Cl)c3)n2)c1,6.49,0.042426406871192264,2
CHEMBL279,O=C(COc1cccc(NC(=O)c2cccnc2)c1)Nc1ccc(Br)cc1,8.3,0.0,1
CHEMBL279,O=C(CSc1nc2ccc([N+](=O)[O-])cc2c(=O)n1-c1ccccc1)NNC(=O)c1ccccc1,5.32,0.0,1
CHEMBL279,O=C(CSc1nc2ccccc2c(=O)n1-c1ccc(S(=O)(=O)Nc2ccc(Cl)nn2)cc1)NCCc1ccccc1,6.84,0.0,1
CHEMBL279,O=C(CSc1nc2ccccc2c(=O)n1-c1ccc(S(=O)(=O)Nc2ccc(Cl)nn2)cc1)Nc1ccccc1,6.36,0.0,1
CHEMBL279,O=C(CSc1nc2ccccc2c(=O)n1-c1ccccc1)Nc1ccc(S(=O)(=O)Nc2ccc(Cl)nn2)cc1,6.34,0.0,1
CHEMBL279,O=C(CSc1nc2ccccc2c(=O)n1CCc1ccccc1)Nc1ccc(S(=O)(=O)Nc2ccc(Cl)nn2)cc1,7.18,0.0,1
CHEMBL279,O=C(CSc1nc2ccccc2n2cnnc12)Nc1ccc(C(=O)NC2CCCCC2)cc1,7.3,0.0,1
CHEMBL279,O=C(CSc1nc2ccccc2n2cnnc12)Nc1ccc(C(=O)NCc2ccccc2)cc1,7.66,0.0,1
CHEMBL279,O=C(CSc1nc2ccccc2n2cnnc12)Nc1ccc(C(=O)NNC(=O)c2ccc([N+](=O)[O-])cc2)cc1,7.46,0.0,1
CHEMBL279,O=C(CSc1nc2ccccc2n2cnnc12)Nc1ccc(C(=O)NNC(=O)c2ccccc2)cc1,7.53,0.0,1
CHEMBL279,O=C(CSc1nc2ccccc2n2cnnc12)Nc1ccc(C(=O)NNc2ccccc2)cc1,7.86,0.0,1
CHEMBL279,O=C(CSc1nc2ccccc2n2cnnc12)Nc1ccc(C(=O)Nc2ccc(Cl)cn2)cc1,8.41,0.0,1
CHEMBL279,O=C(CSc1nc2ccccc2n2cnnc12)Nc1ccc(C(=O)Nc2ccc([N+](=O)[O-])cc2)cc1,7.55,0.0,1
CHEMBL279,O=C(CSc1nc2ccccc2n2cnnc12)Nc1ccc(C(=O)Nc2ccccc2)cc1,8.47,0.0,1
CHEMBL279,O=C(CSc1nc2ccccc2n2cnnc12)Nc1ccc(C(=O)Nc2ccccn2)cc1,8.34,0.0,1
CHEMBL279,O=C(CSc1nc2ccccc2o1)Nc1ccc(C(=O)NC2CCCCC2)cc1,6.57,0.0,1
CHEMBL279,O=C(CSc1nc2ccccc2o1)Nc1ccc(C(=O)Nc2ccc([N+](=O)[O-])cc2)cc1,7.26,0.0,1
CHEMBL279,O=C(CSc1nc2sc3c(c2c(=O)n1-c1ccc(Cl)cc1)CCCC3)NNC(=O)Nc1ccc(Cl)c(C(F)(F)F)c1,7.31,0.0,1
CHEMBL279,O=C(CSc1nc2sc3c(c2c(=O)n1-c1ccc(Cl)cc1)CCCC3)NNC(=O)Nc1cccc(C(F)(F)F)c1,6.96,0.0,1
CHEMBL279,O=C(CSc1nnc2c3nncn3c3ccccc3n12)Nc1ccc(C(=O)Nc2cncs2)cc1,5.51,0.0,1
CHEMBL279,O=C(Cc1cccc(C(F)(F)F)c1)Nc1cc(Nc2ncccc2-c2ncnc3[nH]cnc23)ccc1F,7.96,0.0,1
CHEMBL279,O=C(Cc1ccccc1)Nc1cccc(-c2nc3sccn3c2-c2ccnc(Nc3cccc(N4CCOCC4)c3)n2)c1,7.54,0.0,1
CHEMBL279,O=C(Cc1ccccc1)Nc1cccc(CNc2ncnc3c2cnn3CCc2ccccc2)c1,5.19,0.0,1
CHEMBL279,O=C(Cc1ccccc1F)Nc1cccc(Sc2ccc3c(/C=C/c4ccccn4)n[nH]c3c2)c1,8.91,0.0,1
CHEMBL279,O=C(Cc1ccccn1)N1CCc2nc(-c3cc4cc(F)ccc4[nH]c3=O)[nH]c2C1,9.15,0.0,1
CHEMBL279,O=C(Cc1ccccn1)N1CCc2nc(-c3cc4ccccc4[nH]c3=O)[nH]c2C1,8.89,0.0,1
CHEMBL279,O=C(Cc1ccncc1)N1CCc2nc(-c3cc4cc(Cl)ccc4[nH]c3=O)[nH]c2C1,9.3,0.0,1
CHEMBL279,O=C(Cc1ccncc1)N1CCc2nc(-c3cc4cc(F)ccc4[nH]c3=O)[nH]c2C1,8.07,0.0,1
CHEMBL279,O=C(Cc1ccncc1)N1CCc2nc(-c3cc4ccccc4[nH]c3=O)[nH]c2C1,8.17,0.0,1
CHEMBL279,O=C(Cn1c(-c2ccco2)nc2ccccc21)N/N=C/c1ccccc1Cl,6.19,0.0,1
CHEMBL279,O=C(Cn1c(=O)c2ccccc2n(Cc2ccccc2)c1=O)Nc1ccc(C(=O)N/N=C/c2ccc(Cl)cc2)cc1,6.92,0.0,1
CHEMBL279,O=C(Cn1c(=O)c2nncn2c2ccccc21)Nc1ccc(C(=O)NC2CCCCC2)cc1,7.93,0.0,1
CHEMBL279,O=C(Cn1c(=O)c2nncn2c2ccccc21)Nc1ccc(C(=O)NCc2ccccc2)cc1,8.33,0.0,1
CHEMBL279,O=C(Cn1c(=O)c2nncn2c2ccccc21)Nc1ccc(C(=O)NNC(=O)c2ccc([N+](=O)[O-])cc2)cc1,8.01,0.0,1
CHEMBL279,O=C(Cn1c(=O)c2nncn2c2ccccc21)Nc1ccc(C(=O)NNC(=O)c2ccccc2)cc1,8.06,0.0,1
CHEMBL279,O=C(Cn1c(=O)c2nncn2c2ccccc21)Nc1ccc(C(=O)Nc2cc(Cl)ccc2Cl)cc1,8.32,0.0,1
CHEMBL279,O=C(Cn1c(=O)c2nncn2c2ccccc21)Nc1ccc(C(=O)Nc2ccc(Cl)cc2)cc1,8.47,0.0,1
CHEMBL279,O=C(Cn1c(=O)c2nncn2c2ccccc21)Nc1ccc(C(=O)Nc2ccc(Cl)cn2)cc1,7.3,0.0,1
CHEMBL279,O=C(Cn1c(=O)c2nncn2c2ccccc21)Nc1ccc(C(=O)Nc2ccc([N+](=O)[O-])cc2)cc1,7.64,0.0,1
CHEMBL279,O=C(Cn1c(=O)c2nncn2c2ccccc21)Nc1ccc(C(=O)Nc2ccccc2)cc1,7.2,0.0,1
CHEMBL279,O=C(Cn1cc(-c2ccc3c(NC(=O)C4CC4)n[nH]c3c2)cn1)Nc1ccc(Cl)c(C(F)(F)F)c1,7.85,0.0,1
CHEMBL279,O=C(Cn1cc(-c2ccc3c(NC(=O)C4CC4)n[nH]c3c2)cn1)Nc1cccc(C(F)(F)F)c1F,7.92,0.0,1
CHEMBL279,O=C(Cn1cc(-c2ccc3c(Nc4cccnc4)n[nH]c3c2)cn1)Nc1ccc(Cl)c(C(F)(F)F)c1,6.05,0.0,1
CHEMBL279,O=C(N/N=C/c1cc(C(=O)O)c(Nc2ccc(I)cc2F)c(F)c1F)c1ccc(CO)o1,5.52,0.0,1
CHEMBL279,O=C(N/N=C/c1cc(F)c(F)cc1Cl)N1CCc2ncnc(Nc3ccc(F)c(Cl)c3)c2C1,6.77,0.0,1
CHEMBL279,O=C(N/N=C/c1ccc(Br)cc1)Nc1ccc(Oc2ccnc3[nH]ccc23)c(F)c1,5.05,0.0,1
CHEMBL279,O=C(N/N=C/c1ccc(Cl)cc1)c1ccc(Nc2ncnc3sc4c(c23)CCCC4)cc1,6.64,0.0,1
CHEMBL279,O=C(N/N=C/c1ccc(F)cc1Cl)N1CCc2ncnc(Nc3cccc(Br)c3)c2C1,6.88,0.0,1
CHEMBL279,O=C(N/N=C/c1ccccc1Cl)c1ccc(Nc2nc3ccccc3c3nncn23)cc1,7.27,0.0,1
CHEMBL279,O=C(N/N=C/c1cccn1CCCN1CCCC1)Nc1ccc(Oc2ccnc3[nH]ccc23)cc1,4.84,0.0,1
CHEMBL279,O=C(N/N=C/c1cccs1)N1CCc2ncnc(Nc3ccc(F)c(Cl)c3)c2C1,6.62,0.0,1
CHEMBL279,O=C(N=S(=O)(CCCO)CCCO)c1cncc(C#Cc2cccc(NC(=O)c3ccc(Cl)c(C(F)(F)F)c3)c2)c1,8.52,0.0,1
CHEMBL279,O=C(N=S(=O)(CCCO)CCCO)c1cncc(C#Cc2cccc(NC(=O)c3ccc(F)c(Cl)c3)c2)c1,8.3,0.0,1
CHEMBL279,O=C(N=S(=O)(CCCO)CCCO)c1cncc(C#Cc2cccc(NC(=O)c3cccc(C(F)(F)F)c3)c2)c1,8.4,0.0,1
CHEMBL279,O=C(NC(=S)Nc1ccc(O)c(-c2nc3ccccc3s2)c1)c1ccc([N+](=O)[O-])cc1,5.52,0.0,1
CHEMBL279,O=C(NC1=CC2C=NNC2C=C1)c1nscc1NCc1ccncc1,6.09,0.0,1
CHEMBL279,O=C(NC1=NN2C(=O)/C(=C/c3ccco3)N=C2S1)c1cccs1,5.03,0.0,1
CHEMBL279,O=C(NC1CC1)c1cc(NCc2cnc(Nc3ccccn3)s2)c(F)cc1F,7.52,0.16970562748477125,2
CHEMBL279,O=C(NC1CC1)c1ccc(F)c(CCc2cnc(Nc3ccccn3)s2)c1,7.85,0.0,1
CHEMBL279,O=C(NC1CC1)c1ccc(F)c(NCc2cnc(Nc3ccccn3)s2)c1,7.54,0.0,1
CHEMBL279,O=C(NC1CCCC1)c1ccc(F)c(NCc2cnc(Nc3ccccn3)s2)c1,6.96,0.0,1
CHEMBL279,O=C(NC1CCCCC1)c1cc2c(-c3ccccc3)[nH]nc2s1,6.31,0.0,1
CHEMBL279,O=C(NC1CCNC1)c1ccc2[nH]c(-c3cc4ccccc4nc3O)cc2c1,8.22,0.0,1
CHEMBL279,O=C(NCC(F)(F)F)Nc1cc(-c2cnc3cc(-c4ccnc(C(F)(F)F)n4)ccn23)cc(C(F)(F)F)c1,5.89,0.0,1
CHEMBL279,O=C(NCC(F)(F)F)Nc1cc(-c2cnc3cc(-c4ncccn4)ccn23)cc(C(F)(F)F)c1,5.89,0.0,1
CHEMBL279,O=C(NCC(F)(F)F)Nc1cc(Br)cc(-c2cnc3cc(-c4ccnc(C(F)(F)F)n4)ccn23)c1,6.3,0.0,1
CHEMBL279,O=C(NCC(F)(F)F)Nc1cc(CO)cc(-c2cnc3cc(-c4ccnc(C(F)(F)F)n4)ccn23)c1,6.36,0.0,1
CHEMBL279,O=C(NCC(F)(F)F)Nc1cc(Cl)cc(-c2cnc3cc(-c4ccnc(C(F)(F)F)n4)ccn23)c1,6.57,0.0,1
CHEMBL279,O=C(NCC(F)(F)F)Nc1cc(Cl)cc(-c2cnc3cc(-c4ncccn4)ccn23)c1,6.68,0.0,1
CHEMBL279,O=C(NCC(F)(F)F)Nc1cc(F)cc(-c2cnc3cc(-c4ccnc(C(F)(F)F)n4)ccn23)c1,6.85,0.0,1
CHEMBL279,O=C(NCC(F)(F)F)Nc1cc(F)cc(-c2cnc3cc(-c4ncccn4)ccn23)c1,6.82,0.0,1
CHEMBL279,O=C(NCC(F)(F)F)Nc1cc(O)cc(-c2cnc3cc(-c4ccnc(C(F)(F)F)n4)ccn23)c1,6.22,0.0,1
CHEMBL279,O=C(NCC(F)(F)F)Nc1cccc(-c2cnc3cc(-c4c[nH]c(=O)cn4)ccn23)c1,6.75,0.0,1
CHEMBL279,O=C(NCC(F)(F)F)Nc1cccc(-c2cnc3cc(-c4cc(=O)[nH]cn4)ccn23)c1,6.62,0.0,1
CHEMBL279,O=C(NCC(F)(F)F)Nc1cccc(-c2cnc3cc(-c4cc(C(F)(F)F)ncn4)ccn23)c1,6.62,0.0,1
CHEMBL279,O=C(NCC(F)(F)F)Nc1cccc(-c2cnc3cc(-c4cc(F)ccn4)ccn23)c1,6.89,0.0,1
CHEMBL279,O=C(NCC(F)(F)F)Nc1cccc(-c2cnc3cc(-c4ccc(=O)[nH]n4)ccn23)c1,7.43,0.0,1
CHEMBL279,O=C(NCC(F)(F)F)Nc1cccc(-c2cnc3cc(-c4ccc(=O)n(CCO)n4)ccn23)c1,7.42,0.0,1
CHEMBL279,O=C(NCC(F)(F)F)Nc1cccc(-c2cnc3cc(-c4ccc(CCO)cc4)ccn23)c1,7.5,0.0,1
CHEMBL279,O=C(NCC(F)(F)F)Nc1cccc(-c2cnc3cc(-c4ccc(CCO)cn4)ccn23)c1,7.73,0.0,1
CHEMBL279,O=C(NCC(F)(F)F)Nc1cccc(-c2cnc3cc(-c4ccc(CO)cn4)ccn23)c1,7.54,0.0,1
CHEMBL279,O=C(NCC(F)(F)F)Nc1cccc(-c2cnc3cc(-c4ccc(Cl)nn4)ccn23)c1,7.29,0.0,1
CHEMBL279,O=C(NCC(F)(F)F)Nc1cccc(-c2cnc3cc(-c4ccc(F)cn4)ccn23)c1,7.3,0.0,1
CHEMBL279,O=C(NCC(F)(F)F)Nc1cccc(-c2cnc3cc(-c4ccc(N5CCC5)nn4)ccn23)c1,7.9,0.0,1
CHEMBL279,O=C(NCC(F)(F)F)Nc1cccc(-c2cnc3cc(-c4ccc(N5CCCC(O)C5)nn4)ccn23)c1,8.01,0.0,1
CHEMBL279,O=C(NCC(F)(F)F)Nc1cccc(-c2cnc3cc(-c4ccc(N5CCCCC5)nc4)ccn23)c1,7.03,0.0,1
CHEMBL279,O=C(NCC(F)(F)F)Nc1cccc(-c2cnc3cc(-c4ccc(N5CCCCC5)nn4)ccn23)c1,7.7,0.0,1
CHEMBL279,O=C(NCC(F)(F)F)Nc1cccc(-c2cnc3cc(-c4ccc(NC5CCOCC5)nn4)ccn23)c1,7.89,0.0,1
CHEMBL279,O=C(NCC(F)(F)F)Nc1cccc(-c2cnc3cc(-c4ccc(NCCO)nn4)ccn23)c1,7.84,0.0,1
CHEMBL279,O=C(NCC(F)(F)F)Nc1cccc(-c2cnc3cc(-c4ccc(O)cn4)ccn23)c1,7.6,0.0,1
CHEMBL279,O=C(NCC(F)(F)F)Nc1cccc(-c2cnc3cc(-c4ccc(OC5CCCNC5)nn4)ccn23)c1,7.61,0.0,1
CHEMBL279,O=C(NCC(F)(F)F)Nc1cccc(-c2cnc3cc(-c4ccc(OC5CCNCC5)nn4)ccn23)c1,7.41,0.0,1
CHEMBL279,O=C(NCC(F)(F)F)Nc1cccc(-c2cnc3cc(-c4cccc(CCO)c4)ccn23)c1,7.49,0.0,1
CHEMBL279,O=C(NCC(F)(F)F)Nc1cccc(-c2cnc3cc(-c4ccccn4)ccn23)c1,7.43,0.0,1
CHEMBL279,O=C(NCC(F)(F)F)Nc1cccc(-c2cnc3cc(-c4cccnc4)ccn23)c1,7.23,0.0,1
CHEMBL279,O=C(NCC(F)(F)F)Nc1cccc(-c2cnc3cc(-c4ccnc(C(F)(F)F)n4)ccn23)c1,6.77,0.0,1
CHEMBL279,O=C(NCC(F)(F)F)Nc1cccc(-c2cnc3cc(-c4ccncc4)ccn23)c1,7.49,0.0,1
CHEMBL279,O=C(NCC(F)(F)F)Nc1cccc(-c2cnc3cc(-c4ccncn4)ccn23)c1,7.22,0.0,1
CHEMBL279,O=C(NCC(F)(F)F)Nc1cccc(-c2cnc3cc(-c4ccnnc4)ccn23)c1,6.89,0.0,1
CHEMBL279,O=C(NCC(F)(F)F)Nc1cccc(-c2cnc3cc(-c4cnc(C(F)(F)F)nc4)ccn23)c1,7.2,0.0,1
CHEMBL279,O=C(NCC(F)(F)F)Nc1cccc(-c2cnc3cc(-c4cnc(N5CC(F)(F)C5)nc4)ccn23)c1,6.64,0.0,1
CHEMBL279,O=C(NCC(F)(F)F)Nc1cccc(-c2cnc3cc(-c4cnccn4)ccn23)c1,6.84,0.0,1
CHEMBL279,O=C(NCC(F)(F)F)Nc1cccc(-c2cnc3cc(-c4cncnc4)ccn23)c1,6.23,0.0,1
CHEMBL279,O=C(NCC(F)(F)F)Nc1cccc(-c2cnc3cc(-c4cnn(C5CCCNC5)c4)ccn23)c1,7.97,0.0,1
CHEMBL279,O=C(NCC(F)(F)F)Nc1cccc(-c2cnc3cc(-c4cnn(C5CCNC5)c4)ccn23)c1,7.99,0.0,1
CHEMBL279,O=C(NCC(F)(F)F)Nc1cccc(-c2cnc3cc(-c4cnn(C5CCNCC5)c4)ccn23)c1,7.97,0.0,1
CHEMBL279,O=C(NCC(F)(F)F)Nc1cccc(-c2cnc3cc(-c4cnn(C5CCOC5)c4)ccn23)c1,7.81,0.0,1
CHEMBL279,O=C(NCC(F)(F)F)Nc1cccc(-c2cnc3cc(-c4cnn(C5CN(CCO)C5)c4)ccn23)c1,6.0,0.0,1
CHEMBL279,O=C(NCC(F)(F)F)Nc1cccc(-c2cnc3cc(-c4cnn(C5CNC5)c4)ccn23)c1,7.9,0.0,1
CHEMBL279,O=C(NCC(F)(F)F)Nc1cccc(-c2cnc3cc(-c4nc5c(s4)CCC5)ccn23)c1,7.6,0.0,1
CHEMBL279,O=C(NCC(F)(F)F)Nc1cccc(-c2cnc3cc(-c4nc5c(s4)CNCC5)ccn23)c1,8.11,0.0,1
CHEMBL279,O=C(NCC(F)(F)F)Nc1cccc(-c2cnc3cc(-c4ncc(C(=O)O)cn4)ccn23)c1,6.44,0.0,1
CHEMBL279,O=C(NCC(F)(F)F)Nc1cccc(-c2cnc3cc(-c4ncc(C(F)(F)F)cn4)ccn23)c1,6.17,0.0,1
CHEMBL279,O=C(NCC(F)(F)F)Nc1cccc(-c2cnc3cc(-c4ncc(CO)cn4)ccn23)c1,6.62,0.0,1
CHEMBL279,O=C(NCC(F)(F)F)Nc1cccc(-c2cnc3cc(-c4ncc(F)c(NC5CC5)n4)ccn23)c1,5.92,0.0,1
CHEMBL279,O=C(NCC(F)(F)F)Nc1cccc(-c2cnc3cc(-c4ncc(F)c(NCCO)n4)ccn23)c1,6.23,0.0,1
CHEMBL279,O=C(NCC(F)(F)F)Nc1cccc(-c2cnc3cc(-c4ncc(F)cn4)ccn23)c1,6.46,0.0,1
CHEMBL279,O=C(NCC(F)(F)F)Nc1cccc(-c2cnc3cc(-c4nccc(-n5ccnc5)n4)ccn23)c1,7.92,0.0,1
CHEMBL279,O=C(NCC(F)(F)F)Nc1cccc(-c2cnc3cc(-c4nccc(C(=O)N5CCOCC5)n4)ccn23)c1,6.51,0.0,1
CHEMBL279,O=C(NCC(F)(F)F)Nc1cccc(-c2cnc3cc(-c4nccc(C(F)(F)F)n4)ccn23)c1,5.92,0.0,1
CHEMBL279,O=C(NCC(F)(F)F)Nc1cccc(-c2cnc3cc(-c4nccc(N5CC(O)C5)n4)ccn23)c1,6.28,0.0,1
CHEMBL279,O=C(NCC(F)(F)F)Nc1cccc(-c2cnc3cc(-c4nccc(N5CCC(O)CC5)n4)ccn23)c1,6.4,0.0,1
CHEMBL279,O=C(NCC(F)(F)F)Nc1cccc(-c2cnc3cc(-c4nccc(N5CCC5)n4)ccn23)c1,6.09,0.0,1
CHEMBL279,O=C(NCC(F)(F)F)Nc1cccc(-c2cnc3cc(-c4nccc(N5CCN(CCO)CC5)n4)ccn23)c1,6.17,0.0,1
CHEMBL279,O=C(NCC(F)(F)F)Nc1cccc(-c2cnc3cc(-c4nccc(N5CCNCC5)n4)ccn23)c1,6.58,0.0,1
CHEMBL279,O=C(NCC(F)(F)F)Nc1cccc(-c2cnc3cc(-c4nccc(O)n4)ccn23)c1,5.42,0.0,1
CHEMBL279,O=C(NCC(F)(F)F)Nc1cccc(-c2cnc3cc(-c4ncccn4)ccn23)c1,6.37,0.0,1
CHEMBL279,O=C(NCC(F)(F)F)Nc1cccc(-c2cnc3cc(-c4nccnn4)ccn23)c1,6.35,0.0,1
CHEMBL279,O=C(NCC(F)(F)F)Nc1cccc(-c2cnc3cc(-c4nnc(C(F)(F)F)s4)ccn23)c1,7.19,0.0,1
CHEMBL279,O=C(NCC(F)(F)F)Nc1cccc(-c2cnc3cc(-c4nnc(C5CCCO5)s4)ccn23)c1,7.35,0.0,1
CHEMBL279,O=C(NCC(F)(F)F)Nc1cccc(-c2cnc3cc(-c4nnc(CCN5CCCC5)s4)ccn23)c1,6.66,0.0,1
CHEMBL279,O=C(NCC(F)(F)F)Nc1cccc(-c2cnc3cc(-c4nnc(CCN5CCCCC5)s4)ccn23)c1,8.11,0.0,1
CHEMBL279,O=C(NCC(F)(F)F)Nc1cccc(-c2cnc3cc(-c4nnc(CCO)s4)ccn23)c1,7.72,0.0,1
CHEMBL279,O=C(NCC(F)(F)F)Nc1cccc(-c2cnc3cc(-c4nnc(NC5CC5)s4)ccn23)c1,7.85,0.0,1
CHEMBL279,O=C(NCC(F)(F)F)Nc1cccc(-c2cnc3cc(/C=C/CO)ccn23)c1,6.77,0.0,1
CHEMBL279,O=C(NCC(F)(F)F)Nc1cccc(-c2cnc3cc(/C=C/c4ccccn4)ccn23)c1,6.859999999999999,0.22627416997969446,2
CHEMBL279,O=C(NCC(F)(F)F)Nc1cccc(-c2cnc3cc(C#CCCO)ccn23)c1,6.46,0.0,1
CHEMBL279,O=C(NCC(F)(F)F)Nc1cccc(-c2cnc3cc(C#CCO)ccn23)c1,6.32,0.0,1
CHEMBL279,O=C(NCC(F)(F)F)Nc1cccc(-c2cnc3cc(C#Cc4cccnc4)ccn23)c1,6.66,0.0,1
CHEMBL279,O=C(NCC(F)(F)F)Nc1cccc(-c2cnc3cc(C#Cc4ccsc4)ccn23)c1,6.02,0.0,1
CHEMBL279,O=C(NCC(F)(F)F)Nc1cccc(-c2cnc3cc(C#Cc4nccn4CCO)ccn23)c1,6.82,0.0,1
CHEMBL279,O=C(NCC(F)(F)F)Nc1cncc(-c2cnc3cc(-c4cccnn4)ccn23)c1,6.96,0.0,1
CHEMBL279,O=C(NCC(F)(F)F)Nc1cncc(-c2cnc3cc(-c4cnn(C5CCNCC5)c4)ccn23)c1,7.82,0.0,1
CHEMBL279,O=C(NCC(F)(F)F)Nc1cncc(-c2cnc3cc(-c4cnn(C5CNC5)c4)ccn23)c1,7.87,0.0,1
CHEMBL279,O=C(NCC(F)(F)F)Nc1cncc(-c2cnc3cc(-c4ncccn4)ccn23)c1,6.12,0.0,1
CHEMBL279,O=C(NCC(F)(F)F)Nc1cncc(-c2cnc3cc(-c4nncs4)ccn23)c1,7.05,0.0,1
CHEMBL279,O=C(NCC(F)(F)F)Nc1cncc(-c2cnc3cc(C#CC4CC4)ccn23)c1,6.57,0.0,1
CHEMBL279,O=C(NCC(F)(F)F)Nc1cncc(-c2cnc3cc(Cl)ccn23)c1,5.58,0.0,1
CHEMBL279,O=C(NCC1(N2CCOCC2)CCCCC1)c1ccc2[nH]nc(-c3ccc(N4CCOCC4)cc3)c2c1,5.42,0.0,1
CHEMBL279,O=C(NCCCN1CCCC1=O)c1cnc(NCc2cc(Cl)ccc2Cl)nc1NC1CCCC1,4.88,0.0,1
CHEMBL279,O=C(NCCCN1CCCC1=O)c1cnccc1Nc1nc(-c2cc(Br)ccc2F)nc2nccnc12,6.85,0.0,1
CHEMBL279,O=C(NCCCN1CCOC1=O)c1cnc(NCc2cc(Cl)ccc2Cl)nc1NC1CCCC1,4.8,0.0,1
CHEMBL279,O=C(NCCCO)c1cncc(-c2cncc(Nc3cccc(Cl)c3)n2)c1,5.62,0.0,1
CHEMBL279,O=C(NCCN1CCOCC1)c1ccc(F)c(NCc2cnc(Nc3ccccn3)s2)c1,7.07,0.0,1
CHEMBL279,O=C(NCCO)c1ccc(-c2nnc(Nc3ccc(OC(F)(F)Cl)cc3)c3ccccc23)cc1,5.96,0.0,1
CHEMBL279,O=C(NCCc1ccc(O)c(Br)c1)/C(Cc1cc(Br)c(O)c(-c2cc(C/C(=N/O)C(=O)NCCc3ccc(O)c(Br)c3)cc(Br)c2O)c1)=N\O,5.92,0.0,1
CHEMBL279,O=C(NCCc1ccc(O)c(Br)c1)/C(Cc1cc(Br)c(O)c(Oc2ccc(CCNC(=O)/C(Cc3cc(Br)c(O)c(-c4cc(C/C(=N\O)C(=O)NCCc5ccc(O)c(Br)c5)cc(Br)c4O)c3)=N/O)cc2Br)c1)=N/O,6.22,0.0,1
CHEMBL279,O=C(NCCc1ccccc1)c1cc2c(-c3ccccc3)[nH]nc2s1,5.7,0.0,1
CHEMBL279,O=C(NCc1ccc(-c2cc(NC(=O)c3ccc(OCCCN4CCCC4)cc3)[nH]n2)cc1)OCc1ccccc1,6.62,0.0,1
CHEMBL279,O=C(NCc1ccc(-c2cc(NC(=O)c3ccc(OCCN4CCCC4)cc3)[nH]n2)cc1)OCc1ccccc1,6.92,0.0,1
CHEMBL279,O=C(NCc1ccc(-c2cc(NC(=O)c3ccc(OCCN4CCOCC4)cc3)[nH]n2)cc1)OCc1ccccc1,6.43,0.0,1
CHEMBL279,O=C(NCc1ccc2c(c1)OCO2)c1nscc1NCc1ccncc1,6.19,0.0,1
CHEMBL279,O=C(NCc1ccccc1)Nc1cccc(CNc2ncnc3c2cnn3CCc2ccccc2)c1,5.17,0.0,1
CHEMBL279,O=C(NCc1ccccc1)c1cc2c(-c3ccccc3)[nH]nc2s1,6.3,0.0,1
CHEMBL279,O=C(NCc1ccccc1)c1ccc(F)c(NCc2cnc(Nc3ccccn3)s2)c1,7.77,0.0,1
CHEMBL279,O=C(NCc1ccccn1)c1ccc(F)c(NCc2cnc(Nc3ccccn3)s2)c1,7.19,0.0,1
CHEMBL279,O=C(NNc1nn2cnnc2c2ccccc12)NC1CCCCC1,6.96,0.0,1
CHEMBL279,O=C(NNc1nn2cnnc2c2ccccc12)Nc1ccccc1,6.51,0.0,1
CHEMBL279,O=C(NO)c1ccc(C(=O)Nc2cccc(Nc3ncc(-c4cccnc4)s3)c2)cc1,4.37,0.0,1
CHEMBL279,O=C(Nc1c(F)ccc(Nc2ncccc2-c2ncnc3[nH]cnc23)c1F)c1cccc(C(F)(F)F)c1,6.52,0.0,1
CHEMBL279,O=C(Nc1c[nH]nc1-c1nc2ccc(CN3CCOCC3)cc2[nH]1)NC1CC1,7.8,0.2828427124746193,2
CHEMBL279,O=C(Nc1cc(-c2cccnc2)cc(C(F)(F)F)c1)Nc1ccc(Oc2ccnc(NC(=O)C3CC3)c2)c(F)c1,8.3,0.0,1
CHEMBL279,O=C(Nc1cc(-c2cccnc2)cc(C(F)(F)F)c1)Nc1nccs1,7.24,0.0,1
CHEMBL279,O=C(Nc1cc(-c2ccncc2)cc(C(F)(F)F)c1)Nc1ccc(Oc2ccnc(NC(=O)C3CC3)c2)c(F)c1,8.1,0.0,1
CHEMBL279,O=C(Nc1cc(-c2cn[nH]c2)cc(C(F)(F)F)c1)Nc1ccc(Oc2ccnc(NC(=O)C3CC3)c2)c(F)c1,7.81,0.0,1
CHEMBL279,O=C(Nc1cc(-c2cncnc2)cc(C(F)(F)F)c1)Nc1nccs1,7.06,0.0,1
CHEMBL279,O=C(Nc1cc(C(F)(F)F)ccc1N1CCCCC1)c1ccncc1,6.02,0.0,1
CHEMBL279,O=C(Nc1cc(C2CC2)on1)n1ccc2cc(Oc3ncnc4c3CNC4)ccc21,7.39,0.0,1
CHEMBL279,O=C(Nc1cc(C2CCN(C3CC3)CC2)cc(C(F)(F)F)c1)Nc1ccc(Oc2ccnc(NC(=O)C3CC3)c2)c(F)c1,7.46,0.0,1
CHEMBL279,O=C(Nc1cc(F)cc(C(F)(F)F)c1)Nc1ccc(Oc2cc(NC(=O)C3CC3)ncn2)cc1Cl,7.91,0.0,1
CHEMBL279,O=C(Nc1cc(F)cc(C(F)(F)F)c1)Nc1ccc(Oc2ccnc(NC(=O)C3CC3)c2)c(F)c1,7.92,0.0,1
CHEMBL279,O=C(Nc1cc(F)cc(C(F)(F)F)c1)Nc1ccc(Oc2ccnc(NC(=O)C3CC3)c2)cc1F,7.83,0.0,1
CHEMBL279,O=C(Nc1cc(F)cc(Oc2cc(NC(=O)C3CC3)ncn2)c1)Nc1cc(F)cc(C(F)(F)F)c1,6.98,0.0,1
CHEMBL279,O=C(Nc1cc(F)cc(Oc2cc(NC(=O)C3CC3)ncn2)c1)Nc1ccc(Cl)c(C(F)(F)F)c1,7.57,0.0,1
CHEMBL279,O=C(Nc1cc(F)cc(Oc2cc(NC(=O)C3CC3)ncn2)c1)Nc1ccc(F)c(C(F)(F)F)c1,7.2,0.0,1
CHEMBL279,O=C(Nc1cc(F)cc(Oc2ccnc(NC(=O)C3CC3)c2)c1)Nc1ccc(Cl)c(C(F)(F)F)c1,7.47,0.0,1
CHEMBL279,O=C(Nc1cc(N2CC(F)(F)C2)cc(C(F)(F)F)c1)Nc1ccc(Oc2ccnc(NC(=O)C3CC3)c2)cc1F,8.26,0.0,1
CHEMBL279,O=C(Nc1cc(N2CCC(F)CC2)cc(C(F)(F)F)c1)Nc1ccc(Oc2ccnc(NC(=O)C3CC3)c2)c(F)c1,7.78,0.0,1
CHEMBL279,O=C(Nc1cc(N2CCC(O)CC2)cc(C(F)(F)F)c1)Nc1ccc(Oc2ccnc(NC(=O)C3CC3)c2)c(F)c1,8.28,0.0,1
CHEMBL279,O=C(Nc1cc(N2CCCC2=O)cc(C(F)(F)F)c1)Nc1ccc(Oc2ccnc(NC(=O)C3CC3)c2)c(F)c1,7.81,0.0,1
CHEMBL279,O=C(Nc1cc(N2CCN(CCF)CC2)cc(C(F)(F)F)c1)Nc1ccc(Oc2ccnc(NC(=O)C3CC3)c2)c(F)c1,7.89,0.0,1
CHEMBL279,O=C(Nc1cc(N2CCOCC2)cc(C(F)(F)F)c1)Nc1ccc(Oc2ccnc(NC(=O)C3CC3)c2)c(F)c1,7.97,0.0,1
CHEMBL279,O=C(Nc1cc(N2CCOCC2=O)cc(C(F)(F)F)c1)Nc1ccc(Oc2ccnc(NC(=O)C3CC3)c2)c(F)c1,7.91,0.0,1
CHEMBL279,O=C(Nc1cc(N2CCS(=O)(=O)CC2)cc(C(F)(F)F)c1)Nc1ccc(Oc2ccnc(NC(=O)C3CC3)c2)c(F)c1,7.94,0.0,1
CHEMBL279,O=C(Nc1cc(NC(=O)[C@@H]2CCCN2)cc(C(F)(F)F)c1)Nc1ccc(Oc2ccnc(NC(=O)C3CC3)c2)c(F)c1,7.72,0.0,1
CHEMBL279,O=C(Nc1cc(NC2CC2)cc(C(F)(F)F)c1)Nc1ccc(Oc2ccnc(NC(=O)C3CC3)c2)c(F)c1,8.0,0.0,1
CHEMBL279,O=C(Nc1cc(NC2CCNCC2)cc(C(F)(F)F)c1)Nc1ccc(Oc2ccnc(NC(=O)C3CC3)c2)c(F)c1,7.77,0.0,1
CHEMBL279,O=C(Nc1cc(Nc2ncccc2-c2ncnc3[nH]ccc23)ccc1F)c1cc(F)cc(C(F)(F)F)c1,6.96,0.0,1
CHEMBL279,O=C(Nc1cc(Nc2ncccc2-c2ncnc3[nH]ccc23)ccc1F)c1cccc(C(F)(F)F)c1,6.68,0.0,1
CHEMBL279,O=C(Nc1cc(Nc2ncccc2-c2ncnc3[nH]cnc23)c(F)cc1F)c1cccc(C(F)(F)F)c1,5.39,0.0,1
CHEMBL279,O=C(Nc1cc(Nc2ncccc2-c2ncnc3[nH]cnc23)ccc1Cl)c1cc(F)cc(C(F)(F)F)c1,7.4,0.0,1
CHEMBL279,O=C(Nc1cc(Nc2ncccc2-c2ncnc3[nH]cnc23)ccc1Cl)c1cccc(C(F)(F)F)c1,7.05,0.0,1
CHEMBL279,O=C(Nc1cc(Nc2ncccc2-c2ncnc3[nH]cnc23)ccc1F)c1cc(C(F)(F)F)cc(C(F)(F)F)c1,7.68,0.0,1
CHEMBL279,O=C(Nc1cc(Nc2ncccc2-c2ncnc3[nH]cnc23)ccc1F)c1cc(Cl)cc(C(F)(F)F)c1,6.74,0.0,1
CHEMBL279,O=C(Nc1cc(Nc2ncccc2-c2ncnc3[nH]cnc23)ccc1F)c1cc(F)cc(C(F)(F)F)c1,7.92,0.0,1
CHEMBL279,O=C(Nc1cc(Nc2ncccc2-c2ncnc3[nH]cnc23)ccc1F)c1cc([N+](=O)[O-])cc(C(F)(F)F)c1,6.0,0.0,1
CHEMBL279,O=C(Nc1cc(Nc2ncccc2-c2ncnc3[nH]cnc23)ccc1F)c1ccc(Cl)c(C(F)(F)F)c1,4.35,0.0,1
CHEMBL279,O=C(Nc1cc(Nc2ncccc2-c2ncnc3[nH]cnc23)ccc1F)c1cccc(C(F)(F)F)c1,7.96,0.0,1
CHEMBL279,O=C(Nc1cc(OC2CCOC2)cc(C(F)(F)F)c1)Nc1ccc(Oc2ccnc(NC(=O)C3CC3)c2)c(F)c1,7.85,0.0,1
CHEMBL279,O=C(Nc1cc(Oc2cc(F)c(NC(=O)C3(C(=O)Nc4ccc(F)cc4)CC3)cc2F)ccn1)C1CC1,8.04,0.0,1
CHEMBL279,O=C(Nc1cc(Oc2ccc(Nc3nccc4[nH]cc(-c5ccc(F)cc5)c(=O)c34)cc2F)ccn1)C1CC1,8.06,0.0,1
CHEMBL279,O=C(Nc1cc(Oc2ccc(Nc3nccc4[nH]cc(-c5ccc(F)cc5)c(=O)c34)cc2F)ccn1)C1CCC1,7.21,0.0,1
CHEMBL279,O=C(Nc1cc(Oc2ccc(Nc3nccc4c3c(=O)c(-c3ccc(F)cc3)cn4CCO)cc2F)ccn1)C1CC1,4.98,0.0,1
CHEMBL279,O=C(Nc1cc(Oc2cccc3[nH]c(=O)[nH]c23)c(F)c(F)c1F)c1cccc(OC(F)(F)F)c1,6.7,0.0,1
CHEMBL279,O=C(Nc1ccc(-c2cc(NC(=O)c3ccc(OCCN4CCCC4)cc3)[nH]n2)cc1)Oc1ccccc1,6.52,0.0,1
CHEMBL279,O=C(Nc1ccc(-c2ccc(=O)[nH]n2)cc1)Nc1ccc(Cl)c(C(F)(F)F)c1,7.32,2.2203152929257595,2
CHEMBL279,O=C(Nc1ccc(-c2ccc3c(=O)[nH]cnc3c2)cc1)Nc1ccc(F)c(F)c1,9.11,0.0,1
CHEMBL279,O=C(Nc1ccc(-c2ccc3c(=O)nc[nH]c3c2)cc1)C1(C(=O)Nc2ccc(Cl)c(C(F)(F)F)c2)CCC1,6.53,0.0,1
CHEMBL279,O=C(Nc1ccc(-c2ccc3c(=O)nc[nH]c3c2)cc1)C1(C(=O)Nc2cccc(C(F)(F)F)c2)CCC1,6.51,0.0,1
CHEMBL279,O=C(Nc1ccc(-c2ccc3ccccc3c2)cc1)Nc1ccc2c(c1)NC(=O)/C2=C\c1ccc[nH]1,7.66,0.0,1
CHEMBL279,O=C(Nc1ccc(-c2cccc3[nH][nH]c(=O)c23)cc1)Nc1cccc(C(F)(F)F)c1,8.0,0.0,1
CHEMBL279,O=C(Nc1ccc(-c2cccc3c(=O)[nH][nH]c23)cc1)Nc1cccc(C(F)(F)F)c1,7.4,0.0,1
CHEMBL279,O=C(Nc1ccc(-c2cccc3c2CNC3=O)cc1)Nc1cc(C(F)(F)F)ccc1F,7.64,0.0,1
CHEMBL279,O=C(Nc1ccc(-c2cccc3c2CNC3=O)cc1)Nc1ccc(C(F)(F)F)cc1,6.79,0.0,1
CHEMBL279,O=C(Nc1ccc(-c2cccc3c2CNC3=O)cc1)Nc1ccc2c(c1)CCC2,7.41,0.0,1
CHEMBL279,O=C(Nc1ccc(-c2cccc3c2CNC3=O)cc1)Nc1cccc(C(F)(F)F)c1,8.15,0.0,1
CHEMBL279,O=C(Nc1ccc(-c2cccc3c2CNC3=O)cc1)Nc1cccc(Cl)c1,7.34,0.0,1
CHEMBL279,O=C(Nc1ccc(-c2cccc3c2CNC3=O)cc1)Nc1cccc(F)c1,6.28,0.0,1
CHEMBL279,O=C(Nc1ccc(-c2ccccc2)cc1)Nc1ccc2c(c1)NC(=O)/C2=C\c1ccc[nH]1,7.69,0.0,1
CHEMBL279,O=C(Nc1ccc(-c2ccccc2)cc1)c1ccccc1Cn1ccc2ncnc-2c1,6.16,0.0,1
CHEMBL279,O=C(Nc1ccc(-c2ccccc2)cc1)c1scnc1CCc1ccncc1,5.97,0.0,1
CHEMBL279,O=C(Nc1ccc(-c2cccnc2)cc1)Nc1cc(Br)cc(C(F)(F)F)c1,9.44,0.0,1
CHEMBL279,O=C(Nc1ccc(-c2cccnc2)cc1)Nc1cc(Br)ccc1OC(F)(F)F,7.2,0.0,1
CHEMBL279,O=C(Nc1ccc(-c2cccnc2)cc1)Nc1cc(C(F)(F)F)cc(C(F)(F)F)c1,9.66,0.0,1
CHEMBL279,O=C(Nc1ccc(-c2cccnc2)cc1)Nc1ccc(Cl)c(Cl)c1,8.66,0.0,1
CHEMBL279,O=C(Nc1ccc(-c2cccnc2)cc1)Nc1ccc(OC(F)(F)F)cc1Br,8.34,0.0,1
CHEMBL279,O=C(Nc1ccc(-c2ccnc(Nc3ccc(N4CCOCC4)cc3)n2)cc1)[C@H]1CCCN1,6.32,0.0,1
CHEMBL279,O=C(Nc1ccc(/N=C2\C(=O)Nc3ccc(Cl)cc32)cc1)Nc1cccc(Cl)c1,6.12,0.0,1
CHEMBL279,O=C(Nc1ccc(/N=C2\C(=O)Nc3ccc(F)cc32)cc1)Nc1cccc(C(F)(F)F)c1,5.67,0.0,1
CHEMBL279,O=C(Nc1ccc(/N=C2\C(=O)Nc3ccc(F)cc32)cc1)Nc1cccc(Cl)c1,5.7,0.0,1
CHEMBL279,O=C(Nc1ccc(/N=C2\C(=O)Nc3ccccc32)cc1)Nc1cccc(C(F)(F)F)c1,5.37,0.0,1
CHEMBL279,O=C(Nc1ccc(/N=C2\C(=O)Nc3ccccc32)cc1)Nc1cccc(Cl)c1,5.59,0.0,1
CHEMBL279,O=C(Nc1ccc(Br)cc1)Nc1cccc(CNc2ncnc3c2cnn3CCc2ccccc2)c1,5.47,0.0,1
CHEMBL279,O=C(Nc1ccc(Br)cc1)c1ccccc1Cn1ccc2cnccc21,6.36,0.0,1
CHEMBL279,O=C(Nc1ccc(Br)cc1)c1ccccc1Cn1ccc2ncnc-2c1,6.42,0.0,1
CHEMBL279,O=C(Nc1ccc(Br)cc1)c1nscc1NCc1ccncc1,6.64,0.0,1
CHEMBL279,O=C(Nc1ccc(Br)cc1)c1scnc1CCc1ccncc1,6.07,0.0,1
CHEMBL279,O=C(Nc1ccc(C#Cc2ccc3nc(NC(=O)Nc4cc(C(F)(F)F)ccc4F)cn3n2)cc1)Nc1cc(C(F)(F)F)ccc1F,5.84,0.0,1
CHEMBL279,O=C(Nc1ccc(C#Cc2ccc3nc(NC(=O)Nc4ccc(F)c(Cl)c4)cn3n2)cc1)Nc1ccc(F)c(Cl)c1,5.53,0.0,1
CHEMBL279,O=C(Nc1ccc(C#Cc2ccc3nccn3n2)cc1)Nc1cc(C(F)(F)F)ccc1F,6.35,0.0,1
CHEMBL279,O=C(Nc1ccc(C#Cc2ccc3nccn3n2)cc1)Nc1ccc(Cl)c(C(F)(F)F)c1,6.9,0.0,1
CHEMBL279,O=C(Nc1ccc(C#Cc2ccc3nccn3n2)cc1)Nc1ccc(F)c(Cl)c1,7.02,0.0,1
CHEMBL279,O=C(Nc1ccc(C#Cc2ccc3nccn3n2)cc1)Nc1cccc(C(F)(F)F)c1,7.33,0.0,1
CHEMBL279,O=C(Nc1ccc(C#Cc2cncc(-c3nnn(CCCO)n3)c2)cc1)Nc1cc(C(F)(F)F)ccc1F,8.1,0.0,1
CHEMBL279,O=C(Nc1ccc(C(=O)N/N=C2\C(=O)Nc3ccc(Br)cc32)cc1)Nc1ccc(Cl)c(C(F)(F)F)c1,6.62,0.0,1
CHEMBL279,O=C(Nc1ccc(C(=O)N/N=C2\C(=O)Nc3ccc(Cl)cc32)cc1)Nc1ccc(Cl)c(C(F)(F)F)c1,5.56,0.0,1
CHEMBL279,O=C(Nc1ccc(C(F)(F)F)c(Cl)c1)c1nscc1NCc1ccncc1,6.05,0.0,1
CHEMBL279,O=C(Nc1ccc(C(F)(F)F)cc1)Nc1cccc(Oc2ccc3nccn3n2)c1,7.54,0.0,1
CHEMBL279,O=C(Nc1ccc(C(F)(F)F)cc1)c1nscc1NCc1ccncc1,6.68,0.0,1
CHEMBL279,O=C(Nc1ccc(C2CN=C3c4ccccc4NC(=O)N3C2)cc1)Nc1cc(C(F)(F)F)ccc1F,6.44,0.0,1
CHEMBL279,O=C(Nc1ccc(C2CN=C3c4ccccc4NC(=O)N3C2)cc1)Nc1ccc(Cl)c(C(F)(F)F)c1,6.47,0.0,1
CHEMBL279,O=C(Nc1ccc(C2CN=C3c4ccccc4NC(=O)N3C2)cc1)Nc1cccc(Br)c1,6.6,0.0,1
CHEMBL279,O=C(Nc1ccc(CN2CCCC2)cc1)Nc1ccc2ncnc(Nc3cccc(C(F)(F)F)c3)c2c1,6.25,0.0,1
CHEMBL279,O=C(Nc1ccc(Cc2ccccc2)cc1)c1ccccc1Cn1ccc2ncnc-2c1,5.67,0.0,1
CHEMBL279,O=C(Nc1ccc(Cl)c(C(=O)Nc2ccc(-c3ncc[nH]3)nc2)c1)c1ccc(Cl)c(C(F)(F)F)c1,4.73,0.0,1
CHEMBL279,O=C(Nc1ccc(Cl)c(C(F)(F)F)c1)C(CCl)C(=O)Nc1ccc(Cl)c(C(F)(F)F)c1,7.84,0.0,1
CHEMBL279,O=C(Nc1ccc(Cl)c(C(F)(F)F)c1)Nc1cc(Nc2ncccc2-c2ncnc3[nH]cnc23)ccc1F,7.37,0.0,1
CHEMBL279,O=C(Nc1ccc(Cl)c(C(F)(F)F)c1)Nc1cc(Oc2cc(NC(=O)C3CC3)ncn2)ccc1F,8.27,0.0,1
CHEMBL279,O=C(Nc1ccc(Cl)c(C(F)(F)F)c1)Nc1ccc(Cl)c(C(F)(F)F)c1,8.95,0.0,1
CHEMBL279,O=C(Nc1ccc(Cl)c(C(F)(F)F)c1)Nc1ccc(Oc2cc(NC(=O)C3CC3)ncn2)cc1F,8.05,0.0,1
CHEMBL279,O=C(Nc1ccc(Cl)c(C(F)(F)F)c1)Nc1ccc(Oc2ccnc(NC(=O)C3CC3)c2)cc1F,8.41,0.0,1
CHEMBL279,O=C(Nc1ccc(Cl)c(C(F)(F)F)c1)Nc1ccc(Oc2ccnc(NC(=O)C3CC3)c2)cn1,8.12,0.0,1
CHEMBL279,O=C(Nc1ccc(Cl)c(C(F)(F)F)c1)c1ccc(Cl)c(C(=O)Nc2ccc(-c3ncc[nH]3)nc2)c1,4.63,0.0,1
CHEMBL279,O=C(Nc1ccc(Cl)c(C(F)(F)F)c1)c1ccccc1Cn1ccc2cnccc21,6.51,0.0,1
CHEMBL279,O=C(Nc1ccc(Cl)c(C(F)(F)F)c1)c1ccccc1Cn1ccc2ncnc-2c1,6.36,0.0,1
CHEMBL279,O=C(Nc1ccc(Cl)c(C(F)(F)F)c1)c1nscc1NCc1ccncc1,6.64,0.0,1
CHEMBL279,O=C(Nc1ccc(Cl)c(C(F)(F)F)c1)c1scnc1CCc1ccncc1,6.57,0.0,1
CHEMBL279,O=C(Nc1ccc(Cl)c(C(F)(F)F)c1)c1scnc1CCc1cnoc1,5.67,0.0,1
CHEMBL279,O=C(Nc1ccc(Cl)c(Cl)c1)c1ccccc1Cn1ccc2cnccc21,7.18,0.0,1
CHEMBL279,O=C(Nc1ccc(Cl)c(Cl)c1)c1ccccc1Cn1ccc2ncnc-2c1,7.25,0.0,1
CHEMBL279,O=C(Nc1ccc(Cl)c(Cl)c1)c1nscc1NCc1ccncc1,6.17,0.0,1
CHEMBL279,O=C(Nc1ccc(Cl)c(Cl)c1)c1scnc1CCc1ccncc1,6.75,0.0,1
CHEMBL279,O=C(Nc1ccc(Cl)c(Cl)c1)c1scnc1CCc1cnoc1,5.9,0.0,1
CHEMBL279,O=C(Nc1ccc(Cl)cc1)N1CCOc2cc(Oc3ncnc4[nH]ccc34)ccc21,7.11,0.0,1
CHEMBL279,O=C(Nc1ccc(Cl)cc1)Nc1ccc(/N=C2\C(=O)Nc3ccc(Cl)cc32)cc1,6.15,0.0,1
CHEMBL279,O=C(Nc1ccc(Cl)cc1)Nc1ccc(/N=C2\C(=O)Nc3ccc(F)cc32)cc1,5.71,0.0,1
CHEMBL279,O=C(Nc1ccc(Cl)cc1)Nc1ccc(/N=C2\C(=O)Nc3ccccc32)cc1,5.6,0.0,1
CHEMBL279,O=C(Nc1ccc(Cl)cc1)Nc1ccc(C(=O)N/N=C2\C(=O)Nc3ccc(Br)cc32)cc1,5.43,0.0,1
CHEMBL279,O=C(Nc1ccc(Cl)cc1)Nc1ccc(C(=O)N/N=C2\C(=O)Nc3ccc(Cl)cc32)cc1,5.4,0.0,1
CHEMBL279,O=C(Nc1ccc(Cl)cc1)Nc1ccc(C(=O)N/N=C2\C(=O)Nc3ccc(F)cc32)cc1,5.37,0.0,1
CHEMBL279,O=C(Nc1ccc(Cl)cc1)Nc1ccc(C(=O)N/N=C2\C(=O)Nc3ccccc32)cc1,5.36,0.0,1
CHEMBL279,O=C(Nc1ccc(Cl)cc1)Nc1ccc2c(c1)NC(=O)/C2=C\c1ccc[nH]1,7.86,0.0,1
CHEMBL279,O=C(Nc1ccc(Cl)cc1)c1cccc2cc(Oc3ccnc4ccccc34)ccc12,8.4,0.0,1
CHEMBL279,O=C(Nc1ccc(Cl)cc1)c1cccc2cc(Oc3ccncc3)ccc12,7.745,0.007071067811865324,2
CHEMBL279,O=C(Nc1ccc(Cl)cc1)c1cccc2cc(Oc3ccncn3)ccc12,6.51,0.0,1
CHEMBL279,O=C(Nc1ccc(Cl)cc1)c1cccc2cc(Oc3ncnc4[nH]ccc34)ccc12,7.55,0.0,1
CHEMBL279,O=C(Nc1ccc(Cl)cc1)c1ccccc1Cn1cc(-c2ccncc2)cn1,5.37,0.0,1
CHEMBL279,O=C(Nc1ccc(Cl)cc1)c1ccccc1Cn1ccc2cnccc21,7.04,0.0,1
CHEMBL279,O=C(Nc1ccc(Cl)cc1)c1ccccc1Cn1ccc2ncnc-2c1,7.33,0.0,1
CHEMBL279,O=C(Nc1ccc(Cl)cc1)c1ccccc1NCc1ccncc1,7.7,0.0,1
CHEMBL279,O=C(Nc1ccc(Cl)cc1)c1ccccc1SCc1ccncc1,7.34,0.0,1
CHEMBL279,O=C(Nc1ccc(Cl)cc1)c1cccnc1SCc1ccncc1,7.58,0.0,1
CHEMBL279,O=C(Nc1ccc(Cl)cc1)c1nscc1NCc1ccncc1,6.85,0.0,1
CHEMBL279,O=C(Nc1ccc(Cl)cc1)c1scnc1CCc1ccnc2ccccc12,5.47,0.0,1
CHEMBL279,O=C(Nc1ccc(Cl)cc1)c1scnc1CCc1ccncc1,6.89,0.0,1
CHEMBL279,O=C(Nc1ccc(Cl)cc1)c1scnc1CCc1cnoc1,5.73,0.0,1
CHEMBL279,O=C(Nc1ccc(F)c(C(F)(F)F)c1)Nc1ccc(Oc2cc(NC(=O)C3CC3)ncn2)cc1Cl,7.82,0.0,1
CHEMBL279,O=C(Nc1ccc(F)c(C(F)(F)F)c1)Nc1ccc(Oc2ccnc(NC(=O)C3CC3)c2)cc1F,7.6,0.0,1
CHEMBL279,O=C(Nc1ccc(F)c(C2CC2)c1)Nc1ccc(Oc2ccnc(NC(=O)C3CC3)c2)cc1F,8.06,0.0,1
CHEMBL279,O=C(Nc1ccc(F)c(Nc2ncccc2-c2ncnc3[nH]cnc23)c1)c1cccc(C(F)(F)F)c1,7.05,0.0,1
CHEMBL279,O=C(Nc1ccc(F)c(Nc2ncccc2-c2ncnc3[nH]cnc23)c1F)N1CCN(c2ccc(F)cc2)C1=O,6.92,0.0,1
CHEMBL279,O=C(Nc1ccc(F)c(Nc2ncccc2-c2ncnc3[nH]cnc23)c1F)c1cc(C(F)(F)F)cc(C(F)(F)F)c1,4.96,0.0,1
CHEMBL279,O=C(Nc1ccc(F)c(Nc2ncccc2-c2ncnc3[nH]cnc23)c1F)c1cc(F)cc(C(F)(F)F)c1,7.13,0.0,1
CHEMBL279,O=C(Nc1ccc(F)c(Nc2ncccc2-c2ncnc3[nH]cnc23)c1F)c1cc(N2CCC(O)CC2)cc(C(F)(F)F)c1,5.46,0.0,1
CHEMBL279,O=C(Nc1ccc(F)c(Nc2ncccc2-c2ncnc3[nH]cnc23)c1F)c1cc(N2CCOCC2)cc(C(F)(F)F)c1,5.59,0.2969848480983499,2
CHEMBL279,O=C(Nc1ccc(F)c(Nc2ncccc2-c2ncnc3[nH]cnc23)c1F)c1cc(N2CCSCC2)cc(C(F)(F)F)c1,5.3,0.0,1
CHEMBL279,O=C(Nc1ccc(F)c(Nc2ncccc2-c2ncnc3[nH]cnc23)c1F)c1cc([N+](=O)[O-])cc(C(F)(F)F)c1,7.02,0.0,1
CHEMBL279,O=C(Nc1ccc(F)c(Nc2ncccc2-c2ncnc3[nH]cnc23)c1F)c1ccc(C(F)(F)F)cc1,6.64,0.0,1
CHEMBL279,O=C(Nc1ccc(F)c(Nc2ncccc2-c2ncnc3[nH]cnc23)c1F)c1ccc(Cl)c(C(F)(F)F)c1,5.3,0.0,1
CHEMBL279,O=C(Nc1ccc(F)c(Nc2ncccc2-c2ncnc3[nH]cnc23)c1F)c1ccc(N2CCCC2)c(C(F)(F)F)c1,5.3,0.0,1
CHEMBL279,O=C(Nc1ccc(F)c(Nc2ncccc2-c2ncnc3[nH]cnc23)c1F)c1ccc(N2CCSCC2)c(C(F)(F)F)c1,5.3,0.0,1
CHEMBL279,O=C(Nc1ccc(F)c(Nc2ncccc2-c2ncnc3[nH]cnc23)c1F)c1ccc([N+](=O)[O-])cc1,6.05,0.0,1
CHEMBL279,O=C(Nc1ccc(F)c(Nc2ncccc2-c2ncnc3[nH]cnc23)c1F)c1ccc2c(c1)OCCO2,5.47,0.0,1
CHEMBL279,O=C(Nc1ccc(F)c(Nc2ncccc2-c2ncnc3[nH]cnc23)c1F)c1cccc(C(F)(F)F)c1,7.96,0.0,1
CHEMBL279,O=C(Nc1ccc(F)c(Nc2ncccc2-c2ncnc3[nH]cnc23)c1F)c1cccc(Cl)c1,6.83,0.0,1
CHEMBL279,O=C(Nc1ccc(F)c(Nc2ncccc2-c2ncnc3[nH]cnc23)c1F)c1cccc([N+](=O)[O-])c1,6.19,0.0,1
CHEMBL279,O=C(Nc1ccc(F)c(Nc2ncccc2-c2ncnc3[nH]cnc23)c1F)c1ccccc1,6.01,0.0,1
CHEMBL279,O=C(Nc1ccc(F)c(Nc2ncccc2-c2ncnc3[nH]cnc23)c1F)c1ccccc1C(F)(F)F,5.23,0.0,1
CHEMBL279,O=C(Nc1ccc(F)c(Nc2ncccc2-c2ncnc3[nH]cnc23)c1F)c1ccco1,5.59,0.0,1
CHEMBL279,O=C(Nc1ccc(F)c(Nc2ncccc2-c2ncnc3[nH]cnc23)c1F)c1cccs1,5.51,0.0,1
CHEMBL279,O=C(Nc1ccc(F)c(Nc2ncccc2-c2ncnc3[nH]cnc23)c1F)c1ccno1,5.68,0.0,1
CHEMBL279,O=C(Nc1ccc(F)c(Nc2ncccc2-c2ncnc3[nH]cnc23)c1F)c1cnccn1,5.0,0.0,1
CHEMBL279,O=C(Nc1ccc(F)c(Nc2ncccc2-c2ncnc3[nH]cnc23)c1F)c1cncs1,5.63,0.0,1
CHEMBL279,O=C(Nc1ccc(F)c(OC(F)(F)F)c1)Nc1ccc(Oc2ccnc(NC(=O)C3CC3)c2)cc1F,7.88,0.0,1
CHEMBL279,O=C(Nc1ccc(F)c(Oc2cc(NC(=O)C3CC3)ncn2)c1)Nc1ccc(Cl)c(C(F)(F)F)c1,7.85,0.0,1
CHEMBL279,O=C(Nc1ccc(F)cc1)C1(C(=O)Nc2ccc(Oc3ccnc(Nc4cccc(C(F)(F)F)c4)n3)c(F)c2)CC1,6.71,0.0,1
CHEMBL279,O=C(Nc1ccc(F)cc1)C1(C(=O)Nc2ccc(Oc3ccnc(Nc4ccccc4)n3)c(F)c2)CC1,6.59,0.0,1
CHEMBL279,O=C(Nc1ccc(F)cc1)C1(C(=O)Nc2ccc(Oc3ccnc4cc(OC5CCOCC5)c5c(c34)OCCO5)c(F)c2)CC1,6.56,0.0,1
CHEMBL279,O=C(Nc1ccc(F)cc1)C1(C(=O)Nc2ccc(Oc3ccnc4cc(OCCCN5CCOCC5)c5c(c34)OCCO5)cc2Cl)CC1,6.56,0.0,1
CHEMBL279,O=C(Nc1ccc(F)cc1)Nc1ccc(/N=C2\C(=O)Nc3ccc(Cl)cc32)cc1,5.41,0.0,1
CHEMBL279,O=C(Nc1ccc(F)cc1)Nc1cccc(CNc2ncnc3c2cnn3CCc2ccccc2)c1,5.5,0.0,1
CHEMBL279,O=C(Nc1ccc(F)cc1)Nc1cccc(Sc2ccnc3ccsc23)c1,8.0,0.0,1
CHEMBL279,O=C(Nc1ccc(N2CCOCC2)cc1)c1ccccc1Cn1ccc2cnccc21,6.55,0.0,1
CHEMBL279,O=C(Nc1ccc(N2CCOCC2)cc1)c1ccccc1Cn1ccc2ncnc-2c1,6.68,0.0,1
CHEMBL279,O=C(Nc1ccc(N2CCOCC2)cc1)c1scnc1CCc1ccncc1,6.15,0.0,1
CHEMBL279,O=C(Nc1ccc(N2CCOCC2)cc1)c1scnc1CCc1cnoc1,5.43,0.0,1
CHEMBL279,O=C(Nc1ccc(N2CCn3ccc4ncnc2c43)cc1)Nc1cccc(C(F)(F)F)c1,8.15,0.0,1
CHEMBL279,O=C(Nc1ccc(Nc2ccc([N+](=O)[O-])c3ncnc(O)c23)cc1)Nc1cc(C(F)(F)F)ccc1Cl,7.865,0.07778174593052077,2
CHEMBL279,O=C(Nc1ccc(Nc2ccc([N+](=O)[O-])c3ncnc(O)c23)cc1)Nc1cc(Cl)ccc1Cl,7.38,0.0,1
CHEMBL279,O=C(Nc1ccc(Nc2ccc([N+](=O)[O-])c3ncnc(O)c23)cc1)Nc1ccc(C(F)(F)F)cc1Cl,7.92,0.0,1
CHEMBL279,O=C(Nc1ccc(Nc2ccc([N+](=O)[O-])c3ncnc(O)c23)cc1)Nc1cccc(C(F)(F)F)c1,7.35,0.0,1
CHEMBL279,O=C(Nc1ccc(Nc2ccc([N+](=O)[O-])c3ncnc(O)c23)cc1)c1ccc(Cl)cc1,6.44,0.0,1
CHEMBL279,O=C(Nc1ccc(Nc2ccc([N+](=O)[O-])c3ncnc(O)c23)cc1)c1ccc(F)cc1,7.19,0.0,1
CHEMBL279,O=C(Nc1ccc(Nc2ccc([N+](=O)[O-])c3ncnc(O)c23)cc1)c1ccccc1,6.13,0.0,1
CHEMBL279,O=C(Nc1ccc(Nc2ncccc2-c2ncnc3[nH]cnc23)cc1)c1cccc(C(F)(F)F)c1,6.01,0.0,1
CHEMBL279,O=C(Nc1ccc(Nc2ncnc3ccccc23)cc1)Nc1cccc(Br)c1,7.04,0.0,1
CHEMBL279,O=C(Nc1ccc(Nc2ncnc3sc4c(c23)CCCC4)cc1)Nc1ccc(Cl)c(C(F)(F)F)c1,6.7,0.0,1
CHEMBL279,O=C(Nc1ccc(Nc2ncnc3sc4c(c23)CCCC4)cc1)Nc1cccc(Br)c1,6.51,0.0,1
CHEMBL279,O=C(Nc1ccc(Nc2ncnc3sccc23)cc1)Nc1cccc(Br)c1,5.94,0.0,1
CHEMBL279,O=C(Nc1ccc(O)cc1)Nc1cccc2c1C(=O)c1c-2n[nH]c1-c1ccc2c(c1)OCO2,6.16,0.0,1
CHEMBL279,O=C(Nc1ccc(OC(F)(F)Cl)cc1)c1ccccc1Cn1ccc2cnccc21,7.14,0.0,1
CHEMBL279,O=C(Nc1ccc(OC(F)(F)Cl)cc1)c1ccccc1Cn1ccc2ncnc-2c1,7.02,0.0,1
CHEMBL279,O=C(Nc1ccc(OC(F)(F)Cl)cc1)c1scnc1CCc1ccncc1,6.96,0.0,1
CHEMBL279,O=C(Nc1ccc(OC(F)(F)Cl)cc1)c1scnc1CCc1cnoc1,5.75,0.0,1
CHEMBL279,O=C(Nc1ccc(OC(F)(F)F)cc1)Nc1ccc(Oc2ccnc(NC(=O)C3CC3)c2)c(F)c1,8.28,0.0,1
CHEMBL279,O=C(Nc1ccc(OC(F)(F)F)cc1)c1nscc1NCc1ccncc1,6.34,0.0,1
CHEMBL279,O=C(Nc1ccc(OC(F)(F)F)cc1)c1sccc1NCc1ccnc2ccccc12,8.056666666666667,0.24006943440041117,3
CHEMBL279,O=C(Nc1ccc(OCCCN2CCOCC2)c(Cl)c1)c1cccc(-c2cccc(O)c2)c1,6.9,0.0,1
CHEMBL279,O=C(Nc1ccc(OCCCN2CCOCC2)cc1)c1cccc(-c2cccc(O)c2)c1,7.27,0.0,1
CHEMBL279,O=C(Nc1ccc(OCCN2CCCC2)c(Cl)c1)c1cccc(-c2cccc(O)c2)c1,7.75,0.0,1
CHEMBL279,O=C(Nc1ccc(OCCN2CCCC2)c(F)c1)c1cccc(-c2cccc(O)c2)c1,8.31,0.0,1
CHEMBL279,O=C(Nc1ccc(OCCN2CCCC2)cc1)c1cccc(-c2cccc(O)c2)c1,7.5,0.0,1
CHEMBL279,O=C(Nc1ccc(OCCN2CCCCC2)c(F)c1)c1cccc(-c2cccc(O)c2)c1,7.35,0.0,1
CHEMBL279,O=C(Nc1ccc(OCCN2CCCCC2)cc1)c1cccc(-c2cccc(O)c2)c1,6.67,0.0,1
CHEMBL279,O=C(Nc1ccc(OCCN2CCOCC2)c(Cl)c1)c1cccc(-c2cccc(O)c2)c1,7.11,0.0,1
CHEMBL279,O=C(Nc1ccc(OCCN2CCOCC2)c(F)c1)c1cccc(-c2cccc(O)c2)c1,6.89,0.0,1
CHEMBL279,O=C(Nc1ccc(OCCN2CCOCC2)cc1)c1cccc(-c2cccc(O)c2)c1,7.2,0.0,1
CHEMBL279,O=C(Nc1ccc(Oc2cc(NC(=O)C3CC3)ncn2)c(Cl)c1)Nc1ccc(F)c(C(F)(F)F)c1,7.94,0.0,1
CHEMBL279,O=C(Nc1ccc(Oc2cc(NC(=O)C3CC3)ncn2)c(F)c1)Nc1ccc(Cl)c(C(F)(F)F)c1,8.24,0.0,1
CHEMBL279,O=C(Nc1ccc(Oc2cc(NC(=O)C3CC3)ncn2)cc1)Nc1cc(F)cc(C(F)(F)F)c1,7.9,0.0,1
CHEMBL279,O=C(Nc1ccc(Oc2cc(NC(=O)C3CC3)ncn2)cc1)Nc1ccc(Cl)c(C(F)(F)F)c1,8.24,0.0,1
CHEMBL279,O=C(Nc1ccc(Oc2cc(NC(=O)C3CC3)ncn2)cc1)Nc1ccc(F)c(C(F)(F)F)c1,8.05,0.0,1
CHEMBL279,O=C(Nc1ccc(Oc2cc(NC(=O)C3CC3)ncn2)cc1F)Nc1cc(C(F)(F)F)ccc1F,7.87,0.0,1
CHEMBL279,O=C(Nc1ccc(Oc2cc(NC(=O)C3CC3)ncn2)nc1)Nc1ccc(Cl)c(C(F)(F)F)c1,8.38,0.0,1
CHEMBL279,O=C(Nc1ccc(Oc2cc(NCCO)ncn2)cc1)Nc1cccc(C(F)(F)F)c1,7.1,0.0,1
CHEMBL279,O=C(Nc1ccc(Oc2cc(Nc3cccc(CN4CCCC4)c3)ncn2)cc1)Nc1cccc(C(F)(F)F)c1,8.49,0.0,1
CHEMBL279,O=C(Nc1ccc(Oc2cc(O)ncn2)cc1)Nc1cccc(C(F)(F)F)c1,5.5,0.0,1
CHEMBL279,O=C(Nc1ccc(Oc2ccc(=O)[nH]n2)cc1)Nc1ccc(Cl)c(C(F)(F)F)c1,7.22,0.0,1
CHEMBL279,O=C(Nc1ccc(Oc2ccc(=O)[nH]n2)cc1)Nc1ccc(Cl)c(Cl)c1,6.97,0.0,1
CHEMBL279,O=C(Nc1ccc(Oc2ccccc2)cc1)Nc1ccc2c(c1)NC(=O)/C2=C\c1ccc[nH]1,7.5,0.0,1
CHEMBL279,O=C(Nc1ccc(Oc2ccccc2)cc1)c1ccccc1Cn1ccc2ncnc-2c1,5.81,0.0,1
CHEMBL279,O=C(Nc1ccc(Oc2ccccc2)cc1)c1cccnc1NCc1ccncc1,7.42,0.0,1
CHEMBL279,O=C(Nc1ccc(Oc2ccccc2)cc1)c1scnc1CCc1ccncc1,5.72,0.0,1
CHEMBL279,O=C(Nc1ccc(Oc2ccnc(-c3cc(C(=O)O)c[nH]3)c2)cc1)Nc1ccc(Cl)c(C(F)(F)F)c1,7.85,0.0,1
CHEMBL279,O=C(Nc1ccc(Oc2ccnc(-c3cc(C(=O)O)c[nH]3)c2)cc1)Nc1ccc(F)c(C(F)(F)F)c1,7.27,0.0,1
CHEMBL279,O=C(Nc1ccc(Oc2ccnc(-c3cc(C(=O)OCCO)c[nH]3)c2)cc1)Nc1ccc(Cl)c(C(F)(F)F)c1,7.29,0.0,1
CHEMBL279,O=C(Nc1ccc(Oc2ccnc(C(=O)NCCCCNC(=O)C3CC4C=CC3C4)c2)cc1)Nc1ccc(Cl)c(C(F)(F)F)c1,6.64,0.0,1
CHEMBL279,O=C(Nc1ccc(Oc2ccnc(NC(=O)C3CC3)c2)c(F)c1)Nc1cc(C(F)(F)F)cc(N2CCOCC2)n1,8.27,0.0,1
CHEMBL279,O=C(Nc1ccc(Oc2ccnc(NC(=O)C3CC3)c2)c(F)c1)Nc1cc(C(F)(F)F)ccc1Cl,8.23,0.0,1
CHEMBL279,O=C(Nc1ccc(Oc2ccnc(NC(=O)C3CC3)c2)c(F)c1)Nc1cc(C(F)(F)F)ccc1F,8.08,0.0,1
CHEMBL279,O=C(Nc1ccc(Oc2ccnc(NC(=O)C3CC3)c2)c(F)c1)Nc1cc(C(F)(F)F)ncn1,8.25,0.0,1
CHEMBL279,O=C(Nc1ccc(Oc2ccnc(NC(=O)C3CC3)c2)c(F)c1)Nc1cc(C2CC2)ccc1F,7.86,0.0,1
CHEMBL279,O=C(Nc1ccc(Oc2ccnc(NC(=O)C3CC3)c2)c(F)c1)Nc1cc(Cl)ccc1F,8.12,0.0,1
CHEMBL279,O=C(Nc1ccc(Oc2ccnc(NC(=O)C3CC3)c2)c(F)c1)Nc1cc(OC(F)(F)F)ccc1F,8.24,0.0,1
CHEMBL279,O=C(Nc1ccc(Oc2ccnc(NC(=O)C3CC3)c2)c(F)c1)Nc1ccc(C(F)(F)F)c(Cl)c1,7.91,0.0,1
CHEMBL279,O=C(Nc1ccc(Oc2ccnc(NC(=O)C3CC3)c2)c(F)c1)Nc1ccc(C(F)(F)F)cc1Cl,8.11,0.0,1
CHEMBL279,O=C(Nc1ccc(Oc2ccnc(NC(=O)C3CC3)c2)c(F)c1)Nc1ccc(Cl)c(C(F)(F)F)c1,8.155,0.3040559159102143,2
CHEMBL279,O=C(Nc1ccc(Oc2ccnc(NC(=O)C3CC3)c2)c(F)c1)Nc1ccc(Cl)c(OC(F)(F)F)c1,8.26,0.0,1
CHEMBL279,O=C(Nc1ccc(Oc2ccnc(NC(=O)C3CC3)c2)c(F)c1)Nc1ccc(F)c(C(F)(F)F)c1,7.82,0.0,1
CHEMBL279,O=C(Nc1ccc(Oc2ccnc(NC(=O)C3CC3)c2)c(F)c1)Nc1ccc(F)c(OC(F)(F)F)c1,8.02,0.0,1
CHEMBL279,O=C(Nc1ccc(Oc2ccnc(NC(=O)C3CC3)c2)c(F)c1)Nc1ccc2[nH]cc(F)c2c1,8.09,0.0,1
CHEMBL279,O=C(Nc1ccc(Oc2ccnc(NC(=O)C3CC3)c2)cc1)Nc1cc(C(F)(F)F)ccc1Cl,7.98,0.0,1
CHEMBL279,O=C(Nc1ccc(Oc2ccnc(NC(=O)C3CC3)c2)cc1)Nc1cc(F)cc(C(F)(F)F)c1,8.15,0.0,1
CHEMBL279,O=C(Nc1ccc(Oc2ccnc(NC(=O)C3CC3)c2)cc1)Nc1cc(OCC2CNC2)cc(C(F)(F)F)c1,7.86,0.0,1
CHEMBL279,O=C(Nc1ccc(Oc2ccnc(NC(=O)C3CC3)c2)cc1)Nc1ccc(Cl)c(C(F)(F)F)c1,7.99,0.0,1
CHEMBL279,O=C(Nc1ccc(Oc2ccnc(NC(=O)C3CC3)c2)cc1)Nc1ccc(F)c(C(F)(F)F)c1,7.98,0.0,1
CHEMBL279,O=C(Nc1ccc(Oc2ccnc(NC(=O)C3CC3)c2)cc1)Nc1ccc2c(c1)C(F)(F)CCO2,8.35,0.0,1
CHEMBL279,O=C(Nc1ccc(Oc2ccnc(NC(=O)C3CC3)c2)cc1)Nc1cccc(C(F)(F)F)c1,7.94,0.0,1
CHEMBL279,O=C(Nc1ccc(Oc2ccnc(NC(=O)C3CC3)c2)cc1)Nc1cccc(OC(F)(F)F)c1,8.11,0.0,1
CHEMBL279,O=C(Nc1ccc(Oc2ccnc(NC(=O)C3CC3)c2)cc1F)Nc1cc(C(F)(F)F)ccc1Cl,7.93,0.0,1
CHEMBL279,O=C(Nc1ccc(Oc2ccnc(NC(=O)C3CC3)c2)cc1F)Nc1cc(C(F)(F)F)ccc1F,8.08,0.0,1
CHEMBL279,O=C(Nc1ccc(Oc2ccnc(NC(=O)C3CC3)c2)cc1F)Nc1cc(OC(F)(F)F)ccc1F,8.03,0.0,1
CHEMBL279,O=C(Nc1ccc(Oc2ccnc(NC(=O)C3CC3)c2)nc1)Nc1cc(N2CCC(F)CC2)cc(C(F)(F)F)c1,7.85,0.0,1
CHEMBL279,O=C(Nc1ccc(Oc2ccnc(NC(=O)C3CC3)c2)nc1)Nc1cc(N2CCS(=O)(=O)CC2)cc(C(F)(F)F)c1,8.0,0.0,1
CHEMBL279,O=C(Nc1ccc(Oc2ccnc(NC(=O)C3CC3)c2)nc1)Nc1ccc(Cl)c(C(F)(F)F)c1,8.24,0.0,1
CHEMBL279,O=C(Nc1ccc(Oc2ccnc(NC(=O)N3CC(O)C3)c2)c(F)c1)c1cn(-c2cccnc2)nn1,6.95,0.0,1
CHEMBL279,O=C(Nc1ccc(Oc2ccnc3[nH]ccc23)c(F)c1)c1cc2cccnc2n(-c2ccc(F)cc2)c1=O,6.82,0.0,1
CHEMBL279,O=C(Nc1ccc(Oc2ccnc3[nH]ccc23)c(F)c1)c1cccn(-c2ccc(F)cc2)c1=O,8.37,0.0,1
CHEMBL279,O=C(Nc1ccc(Oc2ccnc3[nH]ccc23)c(F)c1)c1nnn(-c2ccc(F)cc2)c1C(F)(F)F,7.06,0.0,1
CHEMBL279,O=C(Nc1ccc(Oc2ccnc3[nH]ccc23)cc1)Nc1cccc(C(F)(F)F)c1,8.49,0.0,1
CHEMBL279,O=C(Nc1ccc(Oc2ccnc3[nH]ccc23)cc1)c1nn(-c2ccc(Cl)c(C(F)(F)F)c2)ccc1=O,5.62,0.0,1
CHEMBL279,O=C(Nc1ccc(Oc2ccnc3ccccc23)cc1)Nc1ccc(Cl)c(C(F)(F)F)c1,6.92,0.0,1
CHEMBL279,O=C(Nc1ccc(Oc2ccnc3ccccc23)cc1)Nc1cccc(C(F)(F)F)c1,8.3,0.0,1
CHEMBL279,O=C(Nc1ccc(Oc2ccncc2)cc1)Nc1cccc(C(F)(F)F)c1,7.7,0.0,1
CHEMBL279,O=C(Nc1ccc(Oc2ccncn2)cc1)Nc1cccc(C(F)(F)F)c1,7.3,0.0,1
CHEMBL279,O=C(Nc1ccc(Oc2nc(Cl)nc3ccccc23)cc1)c1cccnc1,7.22,0.0,1
CHEMBL279,O=C(Nc1ccc(Oc2ncnc3[nH]ccc23)cc1)Nc1cccc(C(F)(F)F)c1,8.6,0.0,1
CHEMBL279,O=C(Nc1ccc(Oc2ncnc3[nH]ncc23)cc1)Nc1ccc(C(F)(F)F)cc1,7.42,0.0,1
CHEMBL279,O=C(Nc1ccc(Oc2ncnc3[nH]ncc23)cc1)Nc1ccc(Cl)c(C(F)(F)F)c1,6.785,1.6051323932934625,2
CHEMBL279,O=C(Nc1ccc(Oc2ncnc3[nH]ncc23)cc1)Nc1cccc(C(F)(F)F)c1,7.96,0.0,1
CHEMBL279,O=C(Nc1ccc(Oc2ncnc3cc(OCCN4CCOCC4)c4c(c23)OCCO4)cc1)Nc1cc(C(F)(F)F)ccc1F,5.56,0.0,1
CHEMBL279,O=C(Nc1ccc(Oc2ncnc3cc(OCCN4CCOCC4)c4c(c23)OCCO4)cc1)Nc1ccc(Cl)c(C(F)(F)F)c1,5.56,0.0,1
CHEMBL279,O=C(Nc1ccc(Oc2ncnc3ccccc23)cc1)Nc1cccc(Br)c1,8.1,0.0,1
CHEMBL279,O=C(Nc1ccc(Oc2ncnc3ccccc23)cc1)Nc1cccc(C(F)(F)F)c1,6.5,0.0,1
CHEMBL279,O=C(Nc1ccc(Oc2ncnc3sc4c(c23)CCCC4)cc1)Nc1cccc(Br)c1,7.96,0.0,1
CHEMBL279,O=C(Nc1ccc(Oc2ncnc3sc4c(c23)CCCC4)cc1)c1ccccc1,8.39,0.0,1
CHEMBL279,O=C(Nc1ccc(Oc2ncnc3sccc23)cc1)Nc1cccc(Br)c1,7.75,0.0,1
CHEMBL279,O=C(Nc1ccc(Oc2nnc(Cl)c3ccccc23)cc1)Nc1ccc(Cl)c(C(F)(F)F)c1,5.6,0.0,1
CHEMBL279,O=C(Nc1ccc(Sc2ccnc3ccsc23)cc1)Nc1ccc(Cl)c(C(F)(F)F)c1,5.71,0.0,1
CHEMBL279,O=C(Nc1ccc(Sc2ccnc3ccsc23)cc1)Nc1cccc(C(F)(F)F)c1,6.0,0.0,1
CHEMBL279,O=C(Nc1ccc([N+](=O)[O-])cc1)Nc1cccc(-c2nc3ccccc3[nH]2)c1,8.17,0.0,1
CHEMBL279,O=C(Nc1ccc([N+](=O)[O-])cc1)Nc1cccc(CNc2ncnc3c2cnn3CCc2ccccc2)c1,5.96,0.0,1
CHEMBL279,O=C(Nc1ccc([N+](=O)[O-])cc1Cl)c1cc(Cl)ccc1O,4.64,0.0,1
CHEMBL279,O=C(Nc1ccc2[nH]c(-c3ccc(Cl)cc3)nc2c1)c1ccc(Cl)c(Br)c1,6.27,0.0,1
CHEMBL279,O=C(Nc1ccc2[nH]c(-c3ccc(Cl)cc3)nc2c1)c1ccc(Cl)c(F)c1,6.0,0.0,1
CHEMBL279,O=C(Nc1ccc2c(c1)C=Nc1c(Cl)ncnc1O2)Nc1ccc(Cl)c(C(F)(F)F)c1,5.02,0.0,1
CHEMBL279,O=C(Nc1ccc2c(c1)CCCN2c1ccc(C(=O)NO)cc1)Nc1ccc(Cl)c(C(F)(F)F)c1,4.88,0.0,1
CHEMBL279,O=C(Nc1ccc2c(c1)OCO2)c1ccccc1Cn1ccc2cnccc21,6.89,0.0,1
CHEMBL279,O=C(Nc1ccc2c(c1)OCO2)c1ccccc1Cn1ccc2ncnc-2c1,6.64,0.0,1
CHEMBL279,O=C(Nc1ccc2c(c1)OCO2)c1scnc1CCc1ccncc1,6.43,0.0,1
CHEMBL279,O=C(Nc1ccc2ccccc2n1)c1nscc1NCc1ccncc1,6.36,0.0,1
CHEMBL279,O=C(Nc1ccc2oc(-c3ccc(Cl)cc3)nc2c1)c1ccc(Cl)c(Br)c1,6.47,0.0,1
CHEMBL279,O=C(Nc1cccc(-c2ccc3c(=O)[nH]cnc3c2)c1)Nc1ccc(F)c(F)c1,7.54,0.0,1
CHEMBL279,O=C(Nc1cccc(-c2cn(Cc3ccc(-c4cncnc4)cc3)nn2)c1)C1CC1,6.9,0.0,1
CHEMBL279,O=C(Nc1cccc(-c2cn3ccnc3c(NCc3ccncc3)n2)c1)Nc1cc(C(F)(F)F)ccc1F,7.89,0.0,1
CHEMBL279,O=C(Nc1cccc(-c2cn3ccnc3c(NCc3ccncc3)n2)c1)Nc1cccc(C(F)(F)F)c1,7.48,0.0,1
CHEMBL279,O=C(Nc1cccc(-c2cnc3cc(-c4ccc(F)cc4)ccn23)c1)NC1CC1,6.86,0.0,1
CHEMBL279,O=C(Nc1cccc(-c2cnc3cc(-c4ncccn4)ccn23)c1)NC1CC1,5.66,0.0,1
CHEMBL279,O=C(Nc1cccc(-c2cnc3cc(-c4nncs4)ccn23)c1)NC1CC1,6.76,0.0,1
CHEMBL279,O=C(Nc1cccc(-c2cnc3cc(Cl)ccn23)c1)NC1CC1,5.29,0.0,1
CHEMBL279,O=C(Nc1cccc(-c2cncc3ccccc23)c1)c1ccccc1NCc1ccncc1,8.05,0.0,1
CHEMBL279,O=C(Nc1cccc(-n2ccc3c(NC(=O)c4ccccc4)nccc32)c1)c1ccc(N2CCOCC2)c(C(F)(F)F)c1,5.98,0.0,1
CHEMBL279,O=C(Nc1cccc(Br)c1)Nc1ccc(Oc2ncnc3sc4c(c23)CCCC4)cc1Cl,7.82,0.0,1
CHEMBL279,O=C(Nc1cccc(Br)c1)Nc1ccc(Oc2ncnc3sccc23)cc1Cl,8.05,0.0,1
CHEMBL279,O=C(Nc1cccc(Br)c1)c1nscc1NCc1ccnc2ccccc12,6.82,0.0,1
CHEMBL279,O=C(Nc1cccc(Br)c1)c1nscc1NCc1ccncc1,7.57,0.0,1
CHEMBL279,O=C(Nc1cccc(C#Cc2ccc3nccn3n2)c1)c1cc2ccccc2o1,5.79,0.0,1
CHEMBL279,O=C(Nc1cccc(C#Cc2ccc3nccn3n2)c1)c1ccc(F)c(Cl)c1,6.33,0.0,1
CHEMBL279,O=C(Nc1cccc(C#Cc2ccc3nccn3n2)c1)c1cccc(C(F)(F)F)c1,6.55,0.0,1
CHEMBL279,O=C(Nc1cccc(C#Cc2ccc3nccn3n2)c1)c1ccccc1,5.63,0.0,1
CHEMBL279,O=C(Nc1cccc(C(F)(F)F)c1)Nc1ccc(Nc2ccnc(NC(=O)C3CC3)c2)cc1F,8.03,0.0,1
CHEMBL279,O=C(Nc1cccc(C(F)(F)F)c1)Nc1ccc(Nc2ncccc2-c2ncnc3[nH]cnc23)c(F)c1,6.01,0.0,1
CHEMBL279,O=C(Nc1cccc(C(F)(F)F)c1)Nc1ccc(Oc2cc(NC(=O)C3CC3)ncn2)c(F)c1,7.82,0.0,1
CHEMBL279,O=C(Nc1cccc(C(F)(F)F)c1)Nc1ccc(Oc2cc(NC(=O)C3CC3)ncn2)cc1F,8.07,0.0,1
CHEMBL279,O=C(Nc1cccc(C(F)(F)F)c1)Nc1ccc(Oc2ccnc(NC(=O)C3CC3)c2)c(F)c1,8.43,0.0,1
CHEMBL279,O=C(Nc1cccc(C(F)(F)F)c1)Nc1ccc(Oc2ccnc(NC(=O)C3CC3)c2)cc1F,8.11,0.0,1
CHEMBL279,O=C(Nc1cccc(C(F)(F)F)c1)Nc1ccc(Oc2ccnc(NC(=O)C3CC3)c2)cn1,8.24,0.0,1
CHEMBL279,O=C(Nc1cccc(C(F)(F)F)c1)Nc1ccccc1Cl,4.68,0.9616652224137046,2
CHEMBL279,O=C(Nc1cccc(C(F)(F)F)c1)Nc1cnc(Oc2ccnc(NC(=O)C3CC3)c2)c(F)c1,7.94,0.0,1
CHEMBL279,O=C(Nc1cccc(C(F)(F)F)c1)c1c[nH]c2cccc(SCc3ccncc3)c12,6.51,0.0,1
CHEMBL279,O=C(Nc1cccc(C(F)(F)F)c1)c1cc(Nc2ncccc2-c2ncnc3[nH]cnc23)ccc1F,7.28,0.0,1
CHEMBL279,O=C(Nc1cccc(C(F)(F)F)c1)c1cccc(N2CCc3c(cnc4ccccc34)C2)c1,7.67,0.4666904755831215,2
CHEMBL279,O=C(Nc1cccc(C(F)(F)F)c1)c1cccc(N2CCc3c(cnc4ccnn34)C2)c1,8.22,0.0,1
CHEMBL279,O=C(Nc1cccc(C(F)(F)F)c1)c1cccc(N2CCc3nc(CS)ncc3C2)c1,6.12,0.0,1
CHEMBL279,O=C(Nc1cccc(C(F)(F)F)c1)c1cccc(N2CCc3ncncc3C2)c1,7.72,0.0,1
CHEMBL279,O=C(Nc1cccc(C(F)(F)F)c1)c1cccc(Oc2ccc3nccn3n2)c1,7.75,0.0,1
CHEMBL279,O=C(Nc1cccc(C(F)(F)F)c1)c1cccc2c1CCN(Cc1ccnc3ccccc13)C2,8.4,0.0,1
CHEMBL279,O=C(Nc1cccc(C(F)(F)F)c1)c1cccc2c1CCN(Cc1ccnc3ccccc13)C2=O,7.75,0.0,1
CHEMBL279,O=C(Nc1cccc(C(F)(F)F)c1)c1ccccc1NCc1ccncc1,7.446666666666666,0.3650022830978824,6
CHEMBL279,O=C(Nc1cccc(C(F)(F)F)c1)c1nn[nH]c1NCc1ccncc1,5.3,0.0,1
CHEMBL279,O=C(Nc1cccc(C(F)(F)F)c1)c1nscc1NCc1cccnc1,5.37,0.0,1
CHEMBL279,O=C(Nc1cccc(C(F)(F)F)c1)c1nscc1NCc1ccnc2ccccc12,6.96,0.0,1
CHEMBL279,O=C(Nc1cccc(C(F)(F)F)c1)c1nscc1NCc1ccncc1,7.39,0.0,1
CHEMBL279,O=C(Nc1cccc(C(F)(F)F)c1)n1ccc2cc(Oc3cc(CO)ncn3)ccc21,7.89,0.0,1
CHEMBL279,O=C(Nc1cccc(C(F)(F)F)c1)n1ccc2cc(Oc3ncnc4c3CCNC4)ccc21,7.66,0.0,1
CHEMBL279,O=C(Nc1cccc(C(F)(F)F)c1)n1ccc2cc(Oc3ncnc4c3CNC4)ccc21,7.54,0.0,1
CHEMBL279,O=C(Nc1cccc(C(F)(F)F)c1)n1ccc2cc(Oc3ncnc4c3CNCC4)ccc21,7.75,0.0,1
CHEMBL279,O=C(Nc1cccc(C2CC2)c1)Nc1ccc(Oc2ccnc(NC(=O)C3CC3)c2)c(F)c1,7.92,0.0,1
CHEMBL279,O=C(Nc1cccc(C2CN=C3c4ccccc4NC(=O)N3C2)c1)Nc1cc(C(F)(F)F)ccc1F,6.12,0.0,1
CHEMBL279,O=C(Nc1cccc(CNc2ncnc3c2cnn3CCc2ccccc2)c1)c1ccc(Br)cc1,5.46,0.0,1
CHEMBL279,O=C(Nc1cccc(CNc2ncnc3c2cnn3CCc2ccccc2)c1)c1ccc(F)cc1,5.27,0.0,1
CHEMBL279,O=C(Nc1cccc(CNc2ncnc3c2cnn3CCc2ccccc2)c1)c1ccc([N+](=O)[O-])cc1,5.48,0.0,1
CHEMBL279,O=C(Nc1cccc(CNc2ncnc3c2cnn3CCc2ccccc2)c1)c1ccccc1,5.07,0.0,1
CHEMBL279,O=C(Nc1cccc(Cl)c1)Nc1cccc(-c2ccc3c(=O)[nH]cnc3c2)c1,7.46,0.0,1
CHEMBL279,O=C(Nc1cccc(Cl)c1)c1nn[nH]c1NCc1ccncc1,5.3,0.0,1
CHEMBL279,O=C(Nc1cccc(F)c1)Nc1cccc(Sc2ccnc3ccsc23)c1,7.55,0.0,1
CHEMBL279,O=C(Nc1cccc(N2CCc3c(cnc4ccnn34)C2)c1)c1cccc(C(F)(F)F)c1,8.22,0.0,1
CHEMBL279,O=C(Nc1cccc(N2CCc3c(cnc4ccnn34)C2)c1)c1ccccc1,7.0,0.0,1
CHEMBL279,O=C(Nc1cccc(Nc2ncccc2-c2ncnc3[nH]cnc23)c1)c1cccc(C(F)(F)F)c1,6.74,0.0,1
CHEMBL279,O=C(Nc1cccc(Nc2ncccc2-c2ncnc3[nH]cnc23)c1)c1cccc(Cl)c1,6.23,0.0,1
CHEMBL279,O=C(Nc1cccc(Nc2ncnc3cc(OCCCN4CCN(CCO)CC4)ccc23)c1)Nc1ccc(Cl)c(C(F)(F)F)c1,7.12,0.0,1
CHEMBL279,O=C(Nc1cccc(Nc2ncnc3cc(OCCCN4CCOCC4)ccc23)c1)Nc1ccc(F)c(Cl)c1,5.67,0.0,1
CHEMBL279,O=C(Nc1cccc(OC(F)(F)F)c1)Nc1ccc(Oc2ccnc(NC(=O)C3CC3)c2)c(F)c1,8.31,0.0,1
CHEMBL279,O=C(Nc1cccc(OC(F)(F)F)c1)Nc1ccc(Oc2ccnc(NC(=O)C3CC3)c2)cc1F,7.99,0.0,1
CHEMBL279,O=C(Nc1cccc(OC(F)(F)F)c1)c1nscc1NCc1ccncc1,7.48,0.0,1
CHEMBL279,O=C(Nc1cccc(Oc2cc(NC(=O)C3CC3)ncn2)c1)Nc1ccc(Cl)c(C(F)(F)F)c1,8.0,0.0,1
CHEMBL279,O=C(Nc1cccc(Oc2cc(NC(=O)C3CC3)ncn2)c1)Nc1ccc(F)c(C(F)(F)F)c1,7.83,0.0,1
CHEMBL279,O=C(Nc1cccc(Oc2cc(NC(=O)C3CC3)ncn2)c1)Nc1cccc(C(F)(F)F)c1,7.92,0.0,1
CHEMBL279,O=C(Nc1cccc(Oc2cc(NC(=O)C3CC3)ncn2)c1)Nc1cccc(OC(F)(F)F)c1,7.94,0.0,1
CHEMBL279,O=C(Nc1cccc(Oc2ccc3nc(NC(=O)C4CC4)cn3n2)c1)C1CC1,7.92,0.0,1
CHEMBL279,O=C(Nc1cccc(Oc2ccc3nc(NC(=O)C4CC4)cn3n2)c1)c1cccc(F)c1,9.0,0.0,1
CHEMBL279,O=C(Nc1cccc(Oc2ccc3nc(NC(=O)C4CC4)cn3n2)c1)c1ccncc1,8.89,0.0,1
CHEMBL279,O=C(Nc1cccc(Oc2ccc3nc(NC(=O)C4CC4)cn3n2)c1)c1ccno1,8.89,0.0,1
CHEMBL279,O=C(Nc1cccc(Oc2ccc3nc(NC(=O)C4CCCCC4)cn3n2)c1)c1cccc(F)c1,7.96,0.0,1
CHEMBL279,O=C(Nc1cccc(Oc2ccc3nc(NC(=O)C4CCOCC4)cn3n2)c1)c1cccc(C(F)(F)F)c1,8.4075,0.42547032799009654,4
CHEMBL279,O=C(Nc1cccc(Oc2ccc3nc(NC(=O)C4CCOCC4)cn3n2)c1)c1cccc(F)c1,8.57,0.0,1
CHEMBL279,O=C(Nc1cccc(Oc2ccc3nc(NC(=O)c4ccc(C(F)(F)F)cc4)cn3n2)c1)c1cccc(F)c1,6.92,0.0,1
CHEMBL279,O=C(Nc1cccc(Oc2ccc3nc(NC(=O)c4cccc(C(F)(F)F)c4)cn3n2)c1)c1cccc(F)c1,6.8,0.0,1
CHEMBL279,O=C(Nc1cccc(Oc2ccc3nccn3n2)c1)Nc1cccc(C(F)(F)F)c1,7.92,0.0,1
CHEMBL279,O=C(Nc1cccc(Oc2ccc3nccn3n2)c1)c1cccc(C(F)(F)F)c1,7.640000000000001,0.44799553569204303,3
CHEMBL279,O=C(Nc1cccc(Oc2ccc3nccn3n2)c1)c1ccccc1,7.1,0.0,1
CHEMBL279,O=C(Nc1cccc(Sc2ccnc3ccsc23)c1)Nc1ccc(Cl)c(C(F)(F)F)c1,7.8,0.0,1
CHEMBL279,O=C(Nc1cccc(Sc2ccnc3ccsc23)c1)Nc1cccc(C(F)(F)F)c1,7.82,0.0,1
CHEMBL279,O=C(Nc1cccc2c1Cc1c-2n[nH]c1-c1ccsc1)c1ccccc1,7.0,0.0,1
CHEMBL279,O=C(Nc1cccc2c1Cc1c-2n[nH]c1-c1ccsc1)c1ccco1,6.96,0.0,1
CHEMBL279,O=C(Nc1cccc2cccnc12)c1cc(Br)cnc1O,8.26,0.0,1
CHEMBL279,O=C(Nc1cccc2cccnc12)c1cc(Cl)ccc1O,8.42,0.0,1
CHEMBL279,O=C(Nc1cccc2cccnc12)c1ccc(Cl)cc1,6.9,0.0,1
CHEMBL279,O=C(Nc1cccc2cccnc12)c1ccc(Cl)nc1,7.07,0.0,1
CHEMBL279,O=C(Nc1cccc2cccnc12)c1ccc([N+](=O)[O-])cc1,6.95,0.0,1
CHEMBL279,O=C(Nc1cccc2cccnc12)c1cccc([N+](=O)[O-])c1,7.78,0.0,1
CHEMBL279,O=C(Nc1cccc2cccnc12)c1ccccc1,6.87,0.0,1
CHEMBL279,O=C(Nc1cccc2cccnc12)c1ccccc1Cl,7.63,0.0,1
CHEMBL279,O=C(Nc1cccc2cccnc12)c1cncc(Br)c1,6.68,0.0,1
CHEMBL279,O=C(Nc1ccccc1)Nc1ccc(-c2ccc(-c3ccc[nH]3)nc2)cc1,5.0,0.0,1
CHEMBL279,O=C(Nc1ccccc1)Nc1ccc(-c2cccc3c2CNC3=O)cc1,5.75,0.0,1
CHEMBL279,O=C(Nc1ccccc1)Nc1ccc(/N=C2\C(=O)Nc3ccccc32)cc1,5.25,0.0,1
CHEMBL279,O=C(Nc1ccccc1)Nc1ccc(C#Cc2ccc3nccn3n2)cc1,6.57,0.0,1
CHEMBL279,O=C(Nc1ccccc1)Nc1ccc(C(=O)N/N=C2\C(=O)Nc3ccc(Br)cc32)cc1,5.45,0.0,1
CHEMBL279,O=C(Nc1ccccc1)Nc1ccc(C(=O)N/N=C2\C(=O)Nc3ccc(Cl)cc32)cc1,5.4,0.0,1
CHEMBL279,O=C(Nc1ccccc1)Nc1ccc(C(=O)N/N=C2\C(=O)Nc3ccc(F)cc32)cc1,5.38,0.0,1
CHEMBL279,O=C(Nc1ccccc1)Nc1ccc(C(=O)N/N=C2\C(=O)Nc3ccccc32)cc1,5.36,0.0,1
CHEMBL279,O=C(Nc1ccccc1)Nc1ccc(C2CN=C3c4ccccc4NC(=O)N3C2)cc1,5.32,0.0,1
CHEMBL279,O=C(Nc1ccccc1)Nc1ccc(Oc2ccc3nccn3n2)cc1,5.28,0.0,1
CHEMBL279,O=C(Nc1ccccc1)Nc1ccc(Sc2ccnc3ccsc23)cc1,5.94,0.0,1
CHEMBL279,O=C(Nc1ccccc1)Nc1cccc(CNc2ncnc3c2cnn3CCc2ccccc2)c1,5.67,0.0,1
CHEMBL279,O=C(Nc1ccccc1)Nc1cccc(Oc2ccc3nccn3n2)c1,7.28,0.0,1
CHEMBL279,O=C(Nc1ccccc1)Nc1cccc(Sc2ccnc3ccsc23)c1,7.03,0.0,1
CHEMBL279,O=C(Nc1ccccc1)c1cccc(Oc2ccc3nccn3n2)c1,6.19,0.0,1
CHEMBL279,O=C(Nc1ccccc1F)c1ccccc1NCc1ccc(F)cc1,5.43,0.0,1
CHEMBL279,O=C(Nc1ccccn1)Nc1cc(-c2cccnc2)ccc1OC(F)(F)F,7.06,0.0,1
CHEMBL279,O=C(Nc1ccccn1)Nc1cc(-c2cncnc2)ccc1OC(F)(F)F,7.28,0.0,1
CHEMBL279,O=C(Nc1ccnc(C(F)(F)F)c1)Nc1ccc(Oc2ccnc(NC(=O)C3CC3)c2)c(F)c1,8.08,0.0,1
CHEMBL279,O=C(Nc1ccncc1)Nc1cc(-c2cccnc2)cc(C(F)(F)F)c1,7.03,0.0,1
CHEMBL279,O=C(Nc1ccncc1)Nc1cc(-c2cccnc2)ccc1OC(F)(F)F,6.89,0.0,1
CHEMBL279,O=C(Nc1ccncc1)Nc1cc(-c2cncnc2)cc(C(F)(F)F)c1,7.67,0.0,1
CHEMBL279,O=C(Nc1ccncc1)Nc1cc(-c2cncnc2)ccc1OC(F)(F)F,7.65,0.0,1
CHEMBL279,O=C(Nc1cnc(Oc2ccnc(NC(=O)C3CC3)c2)c(Cl)c1)Nc1ccc(Cl)c(C(F)(F)F)c1,7.65,0.0,1
CHEMBL279,O=C(Nc1cnc(Oc2ccnc(NC(=O)C3CC3)c2)c(F)c1)Nc1ccc(Cl)c(C(F)(F)F)c1,7.83,0.0,1
CHEMBL279,O=C(Nc1cnc2ccccc2c1)c1cc(Br)cc(Br)c1O,7.49,0.0,1
CHEMBL279,O=C(Nc1cnc2ccccc2c1)c1cc(Cl)c(O)nc1O,7.49,0.0,1
CHEMBL279,O=C(Nc1cnc2ccccc2c1)c1cc(Cl)cnc1Br,7.63,0.0,1
CHEMBL279,O=C(Nc1cnc2ccccc2c1)c1cccc(Cl)c1O,7.14,0.0,1
CHEMBL279,O=C(Nc1cnc2ccccc2c1)c1ccccc1,6.97,0.0,1
CHEMBL279,O=C(Nc1cnc2ccccc2c1)c1ccccc1NCc1ccncc1,7.3100000000000005,0.7212489168102791,2
CHEMBL279,O=C(Nc1cnc2ccccc2c1)c1cncc(Br)c1,7.05,0.0,1
CHEMBL279,O=C(Nc1cncc(C(F)(F)F)c1)Nc1ccc(Oc2ccnc(NC(=O)C3CC3)c2)c(F)c1,7.84,0.0,1
CHEMBL279,O=C(Nc1cncc(C(F)(F)F)c1)Nc1ccc(Oc2ccnc(NC(=O)C3CC3)c2)cc1F,7.97,0.0,1
CHEMBL279,O=C(Nc1cncnc1)c1c(Cl)ccc2c(Nc3cccc(C(F)(F)F)c3)noc12,6.45,0.0,1
CHEMBL279,O=C(Nc1cnn(-c2ccccc2)c1)c1ccc(NS(=O)(=O)c2ccc(Cl)cc2)cc1,5.43,0.0,1
CHEMBL279,O=C(Nc1cnn(-c2ccccc2)c1)c1ccc(NS(=O)(=O)c2ccccc2)cc1,4.99,0.0,1
CHEMBL279,O=C(Nc1cnn(-c2ccccc2)c1)c1cccc(NS(=O)(=O)c2ccc(Cl)cc2)c1,5.62,0.0,1
CHEMBL279,O=C(Nc1cnn(-c2ccccc2)c1)c1cccc(NS(=O)(=O)c2ccccc2)c1,5.49,0.0,1
CHEMBL279,O=C(Nc1n[nH]c2cc(C(=O)N[C@H](CN3CCCC3)c3ccccc3)sc12)c1ccc(N2CCOCC2)cc1,6.79,0.0,1
CHEMBL279,O=C(Nc1ncc(-c2ccccc2)s1)c1ccccc1,7.09,0.0,1
CHEMBL279,O=C(Nc1nccs1)Nc1cc(-c2cccnc2)ccc1OC(F)(F)F,6.97,0.0,1
CHEMBL279,O=C(Nc1nccs1)Nc1cc(-c2cncnc2)ccc1OC(F)(F)F,7.16,0.0,1
CHEMBL279,O=C(Nc1ncnc2oc(-c3ccc(Cl)cc3)cc12)C1CC1,5.69,0.0,1
CHEMBL279,O=C(Nc1ncnc2oc(-c3ccc(F)cc3)cc12)C1CC1,5.69,0.0,1
CHEMBL279,O=C(Nc1ncnc2oc(-c3ccccc3)c(-c3ccccc3)c12)c1ccc(Cl)cc1,7.05,0.0,1
CHEMBL279,O=C(Nc1ncnc2oc(-c3ccccc3)c(-c3ccccc3)c12)c1ccc([N+](=O)[O-])cc1,7.24,0.0,1
CHEMBL279,O=C(Nc1ncnc2oc(-c3ccccc3)cc12)C1CC1,6.08,0.0,1
CHEMBL279,O=C(Nc1ncnc2oc(-c3cccnc3)cc12)C1CC1,5.49,0.0,1
CHEMBL279,O=C(O)C1CCCN(C(=O)c2cccc3c2Cc2c-3n[nH]c2-c2ccsc2)C1,5.32,0.0,1
CHEMBL279,O=C(O)C1CCN(C(=O)c2cccc3c2Cc2c-3n[nH]c2-c2ccsc2)CC1,5.15,0.0,1
CHEMBL279,O=C(O)C1CCN(CCCOc2ccc3[nH]c(-c4cc5ccccc5nc4O)cc3c2)CC1,8.1,0.0,1
CHEMBL279,O=C(O)CCC1CCCc2[nH]c(/C=C3\C(=O)Nc4ccc(Br)cc43)cc21,7.52,0.0,1
CHEMBL279,O=C(O)CCC1CCCc2[nH]c(/C=C3\C(=O)Nc4ccc(C(=O)O)cc43)cc21,8.4,0.0,1
CHEMBL279,O=C(O)CCC1CCCc2[nH]c(/C=C3\C(=O)Nc4ccccc43)cc21,7.05,0.0,1
CHEMBL279,O=C(O)CCCNc1cncc(-c2cncc(Nc3cccc(Cl)c3)n2)c1,6.245,0.007071067811865324,2
CHEMBL279,O=C(O)CCNC(=O)c1cccc2c1Cc1c-2n[nH]c1-c1ccsc1,6.24,0.0,1
CHEMBL279,O=C(O)CCc1c(/C=C2\C(=O)Nc3cc(-c4ccccc4)ccc32)[nH]c2c1CCCC2,7.3,0.0,1
CHEMBL279,O=C(O)CCc1c(/C=C2\C(=O)Nc3ccc(Br)cc32)[nH]c2c1CCCC2,7.52,0.0,1
CHEMBL279,O=C(O)CCc1c(/C=C2\C(=O)Nc3ccc(C(=O)O)cc32)[nH]c2c1CCCC2,8.4,0.0,1
CHEMBL279,O=C(O)CCc1c(/C=C2\C(=O)Nc3ccccc32)[nH]c2c1CCCC2,7.05,0.0,1
CHEMBL279,O=C(O)CNC(=O)c1cccc2c1Cc1c-2n[nH]c1-c1ccsc1,6.39,0.0,1
CHEMBL279,O=C(O)Cc1cccc(Nc2cc(Oc3ccc(NC(=O)Nc4cccc(C(F)(F)F)c4)cc3)ncn2)c1,9.4,0.0,1
CHEMBL279,O=C(O)c1ccc(Nc2nncc3ccccc23)cc1,9.17,0.0,1
CHEMBL279,O=C(OCc1ccccc1)N1CCc2nc(-c3cc4ccccc4[nH]c3=O)[nH]c2C1,6.22,0.0,1
CHEMBL279,O=C(c1ccc(-c2nnc(Nc3ccc(OC(F)(F)Cl)cc3)c3ccccc23)cc1)N1CCOCC1,5.31,0.0,1
CHEMBL279,O=C(c1ccc(CN2CCCCC2)cc1)N1CCc2nc(-c3cc4cc(F)ccc4[nH]c3=O)[nH]c2C1,8.31,0.0,1
CHEMBL279,O=C(c1ccc(CN2CCCCC2)cc1)N1CCc2nc(-c3cc4ccccc4[nH]c3=O)[nH]c2C1,8.89,0.0,1
CHEMBL279,O=C(c1ccc2[nH]c(-c3cc4ccccc4nc3O)cc2c1)N1CCNCC1,8.3,0.0,1
CHEMBL279,O=C(c1ccccc1)n1cc(-c2nc3cc(Cl)ccc3[nH]c2=O)c(=O)[nH]1,6.84,0.0,1
CHEMBL279,O=C(c1ccccc1Br)N(C(=O)c1ccccc1Br)c1ncnc2oc(-c3ccccc3)c(-c3ccccc3)c12,7.0,0.0,1
CHEMBL279,O=C(c1ccccc1NCc1ccc2[nH]cnc2c1)c1n[nH]c2ccccc12,5.52,0.0,1
CHEMBL279,O=C(c1ccccc1NCc1ccc2[nH]ncc2c1)c1c[nH]c2ccccc12,6.21,0.0,1
CHEMBL279,O=C(c1ccccc1NCc1ccc2[nH]ncc2c1)c1n[nH]c2ccccc12,6.1,0.0,1
CHEMBL279,O=C(c1ccccc1NCc1ccc2cn[nH]c2c1)c1c[nH]c2cc(F)ccc12,5.82,0.0,1
CHEMBL279,O=C(c1ccccc1NCc1ccc2cn[nH]c2c1)c1c[nH]c2ccc(Cl)cc12,5.96,0.0,1
CHEMBL279,O=C(c1ccccc1NCc1ccc2cn[nH]c2c1)c1c[nH]c2ccc(F)cc12,5.75,0.0,1
CHEMBL279,O=C(c1ccccc1NCc1ccc2cn[nH]c2c1)c1c[nH]c2ccccc12,6.85,0.0,1
CHEMBL279,O=C(c1ccccc1NCc1ccc2cn[nH]c2c1)c1n[nH]c2ccccc12,6.14,0.0,1
CHEMBL279,O=C(c1ccccc1NCc1ccc2cnccc2c1)c1n[nH]c2ccccc12,5.0,0.0,1
CHEMBL279,O=C(c1ccccc1NCc1ccc2ncccc2c1)c1c[nH]c2cc(F)ccc12,5.72,0.0,1
CHEMBL279,O=C(c1ccccc1NCc1ccc2ncccc2c1)c1c[nH]c2ccc(Cl)cc12,5.41,0.0,1
CHEMBL279,O=C(c1ccccc1NCc1ccc2ncccc2c1)c1c[nH]c2ccc(F)cc12,5.23,0.0,1
CHEMBL279,O=C(c1ccccc1NCc1ccc2ncccc2c1)c1c[nH]c2ccccc12,5.7,0.0,1
CHEMBL279,O=C(c1ccccc1NCc1ccc2ncccc2c1)c1c[nH]c2ncccc12,5.11,0.0,1
CHEMBL279,O=C(c1ccccc1NCc1ccc2ncccc2c1)c1n[nH]c2ccccc12,6.64,0.0,1
CHEMBL279,O=C(c1ccccc1NCc1ccncc1)c1c[nH]c2ccccc12,5.05,0.0,1
CHEMBL279,O=C(c1ccccc1NCc1ccncc1)c1n[nH]c2ccccc12,5.8,0.0,1
CHEMBL279,O=C(c1cccnc1)N1CCc2nc(-c3cc4c(F)cccc4[nH]c3=O)[nH]c2C1,6.22,0.0,1
CHEMBL279,O=C(c1cccnc1)N1CCc2nc(-c3cc4cc(F)ccc4[nH]c3=O)[nH]c2C1,9.0,0.0,1
CHEMBL279,O=C(c1cccnc1)N1CCc2nc(-c3cc4ccccc4[nH]c3=O)[nH]c2C1,6.7,0.0,1
CHEMBL279,O=C(c1cccnc1)N1CCc2nc(Nc3cccc(F)c3)ncc2C1,6.56,0.0,1
CHEMBL279,O=C(c1cccnc1)N1CCc2nc(Nc3ccsc3)ncc2C1,7.96,0.0,1
CHEMBL279,O=C(c1ccncc1)N1CCc2nc(-c3cc4c(F)cccc4[nH]c3=O)[nH]c2C1,6.1,0.0,1
CHEMBL279,O=C(c1ccncc1)N1CCc2nc(-c3cc4cc(F)ccc4[nH]c3=O)[nH]c2C1,9.52,0.0,1
CHEMBL279,O=C(c1ccncc1)N1CCc2nc(-c3cc4ccccc4[nH]c3=O)[nH]c2C1,6.7,0.0,1
CHEMBL279,O=C1/C(=C/c2ccccc2F)CNC/C1=C\c1ccccc1F,6.11,0.0,1
CHEMBL279,O=C1/C(=C/c2ccccn2)CNC/C1=C\c1ccccn1,6.18,0.0,1
CHEMBL279,O=C1/C(=C/c2ccccn2)CSC/C1=C\c1ccccn1,5.19,0.0,1
CHEMBL279,O=C1/C(=C\c2ccc(O)c(O)c2)Oc2ccccc21,5.22,0.0,1
CHEMBL279,O=C1/C(=N\N=c2\[nH]c(-c3ccc(Cl)cc3)cs2)c2cc(Cl)ccc2N1Cc1ccccc1,6.8,0.0,1
CHEMBL279,O=C1/C(=N\N=c2\[nH]c(-c3ccc([N+](=O)[O-])cc3)cs2)c2cc(Cl)ccc2N1Cc1ccccc1,7.06,0.0,1
CHEMBL279,O=C1/C(=N\N=c2\[nH]c(-c3ccccc3)cs2)c2cc(Cl)ccc2N1Cc1ccccc1,6.38,0.0,1
CHEMBL279,O=C1C(=O)N(CN2CCN(c3cc(=O)[nH]c4ccc(F)cc34)CC2)c2ccccc21,7.2,0.0,1
CHEMBL279,O=C1C(=O)c2c(oc3cc(O)c(O)cc23)-c2oc3cc(O)c(O)cc3c21,4.5,0.0,1
CHEMBL279,O=C1CN(c2ccc(-c3ccn4c(-c5cccc(NC(=O)NCC(F)(F)F)c5)cnc4c3)nn2)CCN1,7.92,0.0,1
CHEMBL279,O=C1CN(c2ncc(-c3ccn4c(-c5cccc(NC(=O)NCC(F)(F)F)c5)cnc4c3)cn2)CCN1,7.08,0.0,1
CHEMBL279,O=C1CS/C(=N/Nc2nncc3ccccc23)N1,8.36,0.0,1
CHEMBL279,O=C1CS/C(=N/Nc2nncc3ccccc23)N1c1ccc(Cl)cc1,8.57,0.0,1
CHEMBL279,O=C1CS/C(=N/Nc2nncc3ccccc23)N1c1ccccc1,8.46,0.0,1
CHEMBL279,O=C1CS/C(=N\N=C2/C(=O)N(Cc3ccccc3)c3ccc(Cl)cc32)N1,7.11,0.0,1
CHEMBL279,O=C1Cc2cc3c(=O)[nH]c(=O)[nH]c3nc2-c2ncccc2N1,4.18,0.0,1
CHEMBL279,O=C1Cc2cnc(Nc3ccc(Br)cc3)nc2-c2ccccc2N1,6.54,0.0,1
CHEMBL279,O=C1Cc2cnc(Nc3ccc(Cl)cc3)nc2-c2ccccc2N1,6.72,0.0,1
CHEMBL279,O=C1Cc2cnc(Nc3ccc(I)cc3)nc2-c2ccccc2N1,6.4,0.0,1
CHEMBL279,O=C1Cc2cnc(Nc3ccc(O)c(Cl)c3)nc2-c2ccccc2N1,7.46,0.0,1
CHEMBL279,O=C1Cc2cnc(Nc3ccc(O)c(Cl)c3)nc2-c2cnccc2N1,7.06,0.0,1
CHEMBL279,O=C1Cc2cnc(Nc3ccc(O)c(Cl)c3)nc2-c2ncccc2N1,6.17,0.0,1
CHEMBL279,O=C1Cc2cnc(Nc3ccc(O)cc3)nc2-c2ccccc2N1,7.1,0.0,1
CHEMBL279,O=C1Cc2cnc(Nc3ccc(O)cc3)nc2-c2cnccc2N1,6.89,0.0,1
CHEMBL279,O=C1Cc2cnc(Nc3ccc(O)cc3)nc2-c2ncccc2N1,5.57,0.0,1
CHEMBL279,O=C1Cc2cnc(Nc3ccc([N+](=O)[O-])cc3)nc2-c2ccccc2N1,6.48,0.0,1
CHEMBL279,O=C1Cc2cnc(Nc3cccc(O)c3)nc2-c2ccccc2N1,7.29,0.0,1
CHEMBL279,O=C1Cc2cnc(Nc3cccc(O)c3)nc2-c2cnccc2N1,6.85,0.0,1
CHEMBL279,O=C1Cc2cnc(Nc3cccc(O)c3)nc2-c2ncccc2N1,5.58,0.0,1
CHEMBL279,O=C1Cc2cnc(Nc3ccccc3)nc2-c2ccccc2N1,6.85,0.0,1
CHEMBL279,O=C1Cc2cnc(Nc3ccccc3Br)nc2-c2ccccc2N1,4.24,0.0,1
CHEMBL279,O=C1Cc2cnc(Nc3ccccc3Cl)nc2-c2ccccc2N1,5.21,0.0,1
CHEMBL279,O=C1Cc2cnc(Nc3ccccc3O)nc2-c2ccccc2N1,6.28,0.0,1
CHEMBL279,O=C1Cc2cnc3cc(-c4ccccc4)nn3c2-c2ccccc2N1,6.2,0.0,1
CHEMBL279,O=C1Cc2cnc3cc(-c4ccccc4)nn3c2-c2cnccc2N1,5.7,0.0,1
CHEMBL279,O=C1Cc2cnc3cc(-c4ccccc4)nn3c2-c2ncccc2N1,4.8,0.0,1
CHEMBL279,O=C1Cc2cnc3ccnn3c2-c2ccccc2N1,4.92,0.0,1
CHEMBL279,O=C1Cc2cnc3ccnn3c2-c2ncccc2N1,4.06,0.0,1
CHEMBL279,O=C1N/C=C/c2ccc(c(Br)c2)Oc2cc(cc(Br)c2O)CCNC(=O)/C(=N/O)Cc2ccc(c(Br)c2)Oc2cc(cc(Br)c2O)C/C1=N\O,5.89,0.0,1
CHEMBL279,O=C1NC(=O)c2ccc(I)cc2/C1=C/NCc1ccc(-c2ccoc2)c(O)c1,5.0,0.0,1
CHEMBL279,O=C1NCCN1CCN(CC(O)c1ccccc1)CC(O)c1ccccc1,4.03,0.0,1
CHEMBL279,O=C1NCc2c1c1c(c3[nH]c4ccccc4c23)Cc2ccccc2-1,6.96,0.0,1
CHEMBL279,O=C1NCc2c1c1c(c3c2c2cc(Br)ccc2n3CCCO)Cc2ccccc2-1,6.98,0.0,1
CHEMBL279,O=C1NCc2c1c1c(c3c2c2cc(CO)ccc2n3CCCO)Cc2ccccc2-1,6.68,0.0,1
CHEMBL279,O=C1NCc2c1c1c(c3c2c2ccccc2n3CCCO)Cc2ccccc2-1,7.32,0.0,1
CHEMBL279,O=C1NCc2c1c1c(c3c2c2ccccc2n3CCO)Cc2ccccc2-1,6.97,0.0,1
CHEMBL279,O=C1NCc2c3c(c4[nH]c5ccccc5c4c21)Cc1ccccc1-3,6.38,0.0,1
CHEMBL279,O=C1NCc2cccc(-c3cc4cc(O)ccc4[nH]3)c21,6.92,0.0,1
CHEMBL279,O=C1NCc2cccc(-c3cc4cc(OCCCN5CCC(O)CC5)ccc4[nH]3)c21,7.75,0.0,1
CHEMBL279,O=C1NCc2cccc(-c3cc4cc(OCCCN5CCCCC5)ccc4[nH]3)c21,7.19,0.0,1
CHEMBL279,O=C1NCc2cccc(-c3cc4cc(OCCCO)ccc4[nH]3)c21,7.52,0.0,1
CHEMBL279,O=C1NCc2cccc(-c3cc4cc(OCCN5CCCCC5)ccc4[nH]3)c21,7.25,0.0,1
CHEMBL279,O=C1NCc2cccc(-c3cc4cc(OCCN5CCOCC5)ccc4[nH]3)c21,7.13,0.0,1
CHEMBL279,O=C1NCc2cccc(-c3cc4cc(OCc5ccccc5)ccc4[nH]3)c21,4.95,0.0,1
CHEMBL279,O=C1NCc2cccc(-c3cc4ccccc4[nH]3)c21,6.84,0.0,1
CHEMBL279,O=C1NCc2cccc(-c3ccc[nH]3)c21,5.96,0.0,1
CHEMBL279,O=C1NN=C(c2cnccn2)/C1=C/c1[nH]c2ccccc2c1-c1ccccc1,7.015000000000001,0.9687362902255698,2
CHEMBL279,O=C1NN=C(c2cnccn2)/C1=C/c1cc2ccccc2[nH]1,5.395,1.4071424945612294,2
CHEMBL279,O=C1Nc2c(Br)cccc2C1=C(c1ccccc1)c1nc2ccccc2[nH]1,5.31,0.0,1
CHEMBL279,O=C1Nc2c(C(=O)O)cccc2C1=C(c1ccccc1)c1nc2ccccc2[nH]1,4.63,0.0,1
CHEMBL279,O=C1Nc2cc(-c3ccccc3)ccc2/C1=C/c1[nH]cc2c1CCOC2=O,5.7,0.0,1
CHEMBL279,O=C1Nc2cc(Br)ccc2C1=C(c1ccccc1)c1nc2ccccc2[nH]1,5.31,0.0,1
CHEMBL279,O=C1Nc2cc(C(=O)O)ccc2C1=C(c1ccccc1)c1nc2ccccc2[nH]1,6.67,0.0,1
CHEMBL279,O=C1Nc2ccc(Br)cc2/C1=C/c1[nH]cc2c1CCOC2=O,4.96,0.0,1
CHEMBL279,O=C1Nc2ccc(Br)cc2/C1=C/c1cc2c([nH]1)CCCC2,7.16,0.0,1
CHEMBL279,O=C1Nc2ccc(Br)cc2/C1=N/NC(=O)c1ccc(NC(=O)c2ccc(Cl)cc2)cc1,5.44,0.0,1
CHEMBL279,O=C1Nc2ccc(Br)cc2C1=C(c1ccccc1)c1nc2ccccc2[nH]1,7.29,0.0,1
CHEMBL279,O=C1Nc2ccc(C(=O)O)cc2/C1=C/c1[nH]cc2c1CCOC2=O,5.21,0.0,1
CHEMBL279,O=C1Nc2ccc(C(=O)O)cc2/C1=C/c1cc2c([nH]1)CCCC2,7.7,0.0,1
CHEMBL279,O=C1Nc2ccc(C(=O)O)cc2C1=C(c1ccccc1)c1nc2ccccc2[nH]1,8.4,0.0,1
CHEMBL279,O=C1Nc2ccc(C(F)(F)F)cc2/C1=C/c1cc2c([nH]1)CCN(C(=O)N1CCOCC1)C2,7.08,0.0,1
CHEMBL279,O=C1Nc2ccc(Cl)cc2/C1=N/NC(=O)c1ccc(NC(=O)c2ccc(Cl)cc2)cc1,5.38,0.0,1
CHEMBL279,O=C1Nc2ccc(F)cc2/C1=C/c1[nH]cc2c1CCOC2=O,5.0,0.0,1
CHEMBL279,O=C1Nc2ccc(F)cc2/C1=C1/Nc2ccccc2/C1=N\O,5.82,0.0,1
CHEMBL279,O=C1Nc2ccc(F)cc2/C1=N/NC(=O)c1ccc(NC(=O)c2ccc(Cl)cc2)cc1,5.34,0.0,1
CHEMBL279,O=C1Nc2ccc(O)cc2/C1=C/c1ccc[nH]1,6.39,0.0,1
CHEMBL279,O=C1Nc2cccc(C3CCNCC3)c2/C1=C/c1[nH]cc2c1CCOC2=O,6.31,0.0,1
CHEMBL279,O=C1Nc2cccc(CCO)c2/C1=C/c1[nH]cc2c1CCOC2=O,5.92,0.0,1
CHEMBL279,O=C1Nc2ccccc2/C1=C/c1c[nH]nc1-c1ccccc1[N+](=O)[O-],8.11,0.0,1
CHEMBL279,O=C1Nc2ccccc2/C1=C/c1cc2c([nH]1)CCC(Br)C2,7.16,0.0,1
CHEMBL279,O=C1Nc2ccccc2/C1=C/c1cc2c([nH]1)CCCC2,6.32,0.0,1
CHEMBL279,O=C1Nc2ccccc2/C1=C/c1ccc(-c2cccs2)s1,5.95,0.0,1
CHEMBL279,O=C1Nc2ccccc2/C1=C/c1ccc(F)cc1,5.02,0.0,1
CHEMBL279,O=C1Nc2ccccc2/C1=C/c1ccc(OCC(=O)c2ccc(Br)cc2)cc1,5.24,0.0,1
CHEMBL279,O=C1Nc2ccccc2/C1=C/c1ccc2cn[nH]c2c1,5.6,0.0,1
CHEMBL279,O=C1Nc2ccccc2/C1=C/c1ccc[nH]1,6.85,0.0,1
CHEMBL279,O=C1Nc2ccccc2/C1=C1/Nc2ccccc2/C1=N\OCC(O)CO,6.02,0.0,1
CHEMBL279,O=C1Nc2ccccc2/C1=C\c1ccc2c(/C=C/c3ccncc3)n[nH]c2c1,7.47,0.0,1
CHEMBL279,O=C1Nc2ccccc2/C1=C\c1ccc[nH]1,6.41,0.0,1
CHEMBL279,O=C1Nc2ccccc2/C1=C\c1sccc1Br,4.81,0.0,1
CHEMBL279,O=C1Nc2ccccc2/C1=N/NC(=O)c1ccc(NC(=O)c2ccc(Cl)cc2)cc1,5.33,0.0,1
CHEMBL279,O=C1Nc2ccccc2C1=C(c1cc(F)cc(F)c1)c1nc2ccccc2[nH]1,6.97,0.0,1
CHEMBL279,O=C1Nc2ccccc2C1=C(c1ccc(C(F)(F)F)cc1)c1nc2ccccc2[nH]1,4.7,0.0,1
CHEMBL279,O=C1Nc2ccccc2C1=C(c1ccc(F)cc1)c1nc2ccccc2[nH]1,6.2,0.0,1
CHEMBL279,O=C1Nc2ccccc2C1=C(c1cccc(F)c1)c1nc2ccccc2[nH]1,6.9,0.0,1
CHEMBL279,O=C1Nc2ccccc2C1=C(c1nc2ccccc2[nH]1)c1ccc(Cl)cc1Cl,5.66,0.0,1
CHEMBL279,O=C1Nc2ccccc2C1=C(c1nc2ccccc2[nH]1)c1ccc(F)cc1F,6.54,0.0,1
CHEMBL279,O=C1Nc2ccccc2S/C1=C\c1c[nH]c2c(C(=O)N3CCC(N4CCCCC4)CC3)cccc12,6.455,0.4454772721475252,2
CHEMBL279,O=C1Nc2ccccc2S/C1=C\c1c[nH]c2cc(OCCN3CCOCC3)ccc12,6.67,0.1838477631085022,2
CHEMBL279,O=C1Nc2ccccc2[C@]12C[C@H]2c1ccc2c(/C=C/c3ccc(CN4CCCCC4)cc3)n[nH]c2c1,7.92,0.0,1
CHEMBL279,O=C1Nc2ccccc2[C@]12C[C@H]2c1ccc2c(/C=C/c3ccc(CN4CCOCC4)cc3)n[nH]c2c1,5.85,0.0,1
CHEMBL279,O=C1Nc2ccccc2[C@]12C[C@H]2c1ccc2c(/C=C/c3ccncc3)n[nH]c2c1,5.89,0.0,1
CHEMBL279,O=C1c2ccc(O)c(O)c2OC[C@]1(O)Cc1ccc(O)c(O)c1,5.21,0.0,1
CHEMBL279,O=C1c2ccccc2-c2n[nH]c3cccc1c23,5.53,0.0,1
CHEMBL279,O=C1c2ccccc2O[C@@H](c2ccc(Cl)cc2)[C@@H]1O,4.75,0.0,1
CHEMBL279,O=C1c2oc3cc(O)c(O)cc3c2C(=O)c2oc3cc(O)c(O)cc3c21,4.16,0.0,1
CHEMBL279,O=Cc1ccc2c(c1)c1c3c(c4c(c1n2CCCO)Cc1ccccc1-4)C(=O)NC3,6.98,0.0,1
CHEMBL279,O=S(=O)(Cc1ccccc1)Nc1cccc(CNc2ncnc3c2cnn3CCc2ccccc2)c1,5.65,0.0,1
CHEMBL279,O=S(=O)(NC1CCNC1)c1ccc2[nH]c(-c3cc4ccccc4nc3O)cc2c1,7.85,0.0,1
CHEMBL279,O=S(=O)(Nc1cccc(CNc2ncnc3c2cnn3CCc2ccccc2)c1)c1ccc(Br)cc1,5.31,0.0,1
CHEMBL279,O=S(=O)(Nc1cccc(CNc2ncnc3c2cnn3CCc2ccccc2)c1)c1ccc(F)cc1,5.54,0.0,1
CHEMBL279,O=S(=O)(Nc1cccc(CNc2ncnc3c2cnn3CCc2ccccc2)c1)c1ccccc1,5.3,0.0,1
CHEMBL279,O=S(=O)(Nc1ccccn1)c1ccc(Nc2nncc3ccccc23)cc1,8.11,0.0,1
CHEMBL279,O=S(=O)(Nc1ncccn1)c1ccc(Nc2nncc3ccccc23)cc1,8.07,0.0,1
CHEMBL279,O=S(=O)(Nc1nccs1)c1ccc(Nc2nncc3ccccc23)cc1,8.07,0.0,1
CHEMBL279,O=S(=O)(c1ccc2[nH]c(-c3cc4ccccc4nc3O)cc2c1)N1CCNCC1,7.96,0.0,1
CHEMBL279,O=S1(=O)NCCCNc2nc(ncc2Br)Nc2cccc1c2,7.4,0.0,1
CHEMBL279,O=[N+]([O-])c1ccc(CNc2cccc(-c3nc4ccccc4[nH]3)c2)cc1,8.17,0.0,1
CHEMBL279,O=[N+]([O-])c1ccc(COc2ncnc3ccc([N+](=O)[O-])cc23)cc1,8.33,0.0,1
CHEMBL279,O=[N+]([O-])c1ccc(NC(=S)Nc2cccc(-c3nc4ccccc4[nH]3)c2)cc1,8.17,0.0,1
CHEMBL279,O=[N+]([O-])c1ccc(S(=O)(=O)Nc2cccc(CNc3ncnc4c3cnn4CCc3ccccc3)c2)cc1,5.99,0.0,1
CHEMBL279,O=[N+]([O-])c1cccc(-c2nn(-c3ccccc3)cc2C2CC(C3CCCO3)=NN2c2ccccc2)c1,6.04,0.0,1
CHEMBL279,O=c1[nH]c(-c2ccc(Cl)cc2)nc2cc(-c3cn(Cc4ccccc4)c4ccccc34)sc12,4.82,0.0,1
CHEMBL279,O=c1[nH]c(CN2CCCCC2)nc2cc(-c3cn(Cc4ccccc4)c4ccccc34)sc12,5.65,0.0,1
CHEMBL279,O=c1[nH]c2ccccc2c(NCC2CCNCC2)c1-c1nc2ccccc2[nH]1,6.03,0.0,1
CHEMBL279,O=c1[nH]c2ccccc2c(O)c1-c1nc2ccccc2[nH]1,6.62,0.0,1
CHEMBL279,O=c1[nH]c2ccccc2cc1-c1cc2ccccc2[nH]1,8.1,0.0,1
CHEMBL279,O=c1[nH]c2ccccc2cc1-c1nc2c([nH]1)CN(C1CCNCC1)CC2,5.3,0.0,1
CHEMBL279,O=c1[nH]c2ccccc2cc1-c1nc2c([nH]1)CN(Cc1ccccc1)CC2,5.22,0.0,1
CHEMBL279,O=c1[nH]c2ccccc2cc1-c1nc2ccccc2[nH]1,6.56,1.1172287142747452,2
CHEMBL279,O=c1[nH]cnc2[nH]c(-c3ccnc(/C=C/c4ccc(CN5CCOCC5)cc4)c3)cc12,7.0,0.0,1
CHEMBL279,O=c1[nH]nc2cc(CO)c3ccc(-c4ccc[nH]4)cc3n12,6.5,0.0,1
CHEMBL279,O=c1c(-c2ccc(F)cc2)c[nH]c2ccnc(Nc3ccc(Oc4ncnc5cc6c(cc45)OCCOCCOCCO6)c(F)c3)c12,7.32,0.0,1
CHEMBL279,O=c1c(O)c(-c2ccc(O)c(O)c2)oc2cc(O)cc(O)c12,6.165,0.5444722215136413,2
CHEMBL279,O=c1c2cc(Cl)cc(Cl)c2[nH]c(=S)n1-c1ccc(S(=O)(=O)Nc2ccc(Cl)nn2)cc1,6.27,0.0,1
CHEMBL279,O=c1cc(-c2ccc3c(c2)ncn3-c2ccccc2)ccn1CCCN1CCCCC1,7.6,0.0,1
CHEMBL279,O=c1cc(-c2ccc3c(c2)ncn3-c2ccccc2)ccn1CCN1CCCCC1,7.06,0.0,1
CHEMBL279,O=c1cc(-c2cnc3c(-c4ccccc4)cnn3c2)ccn1CCCN1CCCCC1,7.85,0.0,1
CHEMBL279,O=c1cc(N2CCNCC2)c2cc(F)ccc2[nH]1,6.55,0.0,1
CHEMBL279,O=c1cc(N2CCNCC2)c2ccccc2n1-c1ccccc1,6.95,0.0,1
CHEMBL279,O=c1ccc(-c2ccc3c(c2)ncn3-c2ccccc2)cn1CCCN1CCCCC1,7.43,0.0,1
CHEMBL279,O=c1ccc(-c2ccc3c(c2)ncn3-c2ccccc2)cn1CCN1CCCCC1,6.57,0.0,1
CHEMBL279,O=c1ccc(-c2cnn3cc(-c4ccc(OCCN5CCOCC5)cc4)cnc23)c[nH]1,7.0,0.0,1
CHEMBL279,O=c1ccc2ccccc2cc1-c1nc2ccccc2[nH]1,6.45,0.0,1
CHEMBL279,O=c1nc(-c2ccc3c(c2)ncn3-c2ccccc2)ccn1CCCN1CCCCC1,7.02,0.0,1
CHEMBL279,OC1(c2nc(-c3ccc(F)cc3)c(-c3ccnc(NC4CCCCC4)c3)o2)CCNCC1,5.85,0.0,1
CHEMBL279,OCC1CCN(Cc2cccc3c2Cc2c-3n[nH]c2-c2ccsc2)CC1,4.55,0.0,1
CHEMBL279,OCCCCNc1cncc(-c2cncc(Nc3cccc(Cl)c3)n2)c1,7.2,0.0,1
CHEMBL279,OCCCNc1cc(-c2cncc(Nc3cccc(Cl)c3)n2)ccn1,6.3,0.0,1
CHEMBL279,OCCCNc1cc(-c2ncnc(Nc3cccc(Cl)c3)n2)ccn1,5.46,0.0,1
CHEMBL279,OCCCNc1cnc(F)c(-c2cncc(Nc3cccc(Cl)c3)n2)c1,6.6,0.0,1
CHEMBL279,OCCCNc1cncc(-c2cncc(NCc3ccccc3)n2)c1,5.98,0.0,1
CHEMBL279,OCCCNc1cncc(-c2cncc(Nc3cccc(Cl)c3)n2)c1,7.08,0.0,1
CHEMBL279,OCCCNc1cncc(-c2cncc(Nc3cccc(Cl)c3)n2)n1,6.3,0.0,1
CHEMBL279,OCCCNc1cncc(-c2cncc(Nc3cccc(F)c3)n2)c1,6.775,0.007071067811866266,2
CHEMBL279,OCCCNc1cncc(-c2cncc(Nc3ccccc3Cl)n2)c1,6.0,0.0,1
CHEMBL279,OCCCNc1cncc(-c2ncnc(Nc3ccc(N4CCOCC4)cc3)n2)c1,5.3,0.0,1
CHEMBL279,OCCCNc1cncc(-c2ncnc(Nc3ccc4c(c3)OCCO4)n2)c1,5.38,0.0,1
CHEMBL279,OCCCNc1cncc(-c2ncnc(Nc3cccc(Cl)c3)n2)c1,5.7,0.0,1
CHEMBL279,OCCCNc1cnccc1-c1cncc(Nc2cccc(Cl)c2)n1,6.12,0.0,1
CHEMBL279,OCCCNc1ncc(-c2cncc(Nc3cccc(Cl)c3)n2)o1,5.68,0.0,1
CHEMBL279,OCCCNc1ncc(-c2cncc(Nc3cccc(Cl)c3)n2)s1,6.15,0.0,1
CHEMBL279,OCCNCc1cccc2c1Cc1c-2n[nH]c1-c1ccsc1,6.36,0.0,1
CHEMBL279,OCCNc1cncc(-c2cncc(Nc3cccc(Cl)c3)n2)c1,6.56,0.0,1
CHEMBL279,OCCn1cc(-c2cnc3ccc(N(CC4CC4)c4ccccc4)cc3n2)cn1,6.64,0.0,1
CHEMBL279,OC[C@H](Nc1cnc(-c2cc(Cl)ccc2O)c(-c2ccc3cnccc3c2)c1)c1ccccc1,9.1,0.0,1
CHEMBL279,OCc1cccc(Nc2ncc(-c3ccccc3)o2)c1,6.3,0.0,1
CHEMBL279,Oc1cc(O)c2cc(O)c(-c3cc(O)c(O)c(O)c3)[o+]c2c1,8.29,0.0,1
CHEMBL279,Oc1cc2c(cc1O)[C@@H]1c3ccc(O)c(O)c3OC[C@]1(O)C2,5.68,0.0,1
CHEMBL279,Oc1ccc(-c2ccc3c(-c4ccc(N5CCNCC5)cc4)c[nH]c3n2)cc1,5.32,0.0,1
CHEMBL279,Oc1ccc(-c2ccc3c(-c4ccc(N5CCNCC5)cc4)n[nH]c3n2)cc1,7.75,0.0,1
CHEMBL279,Oc1ccc(-c2cnn3cc(-c4ccc(OCCN5CCOCC5)cc4)cnc23)cc1O,9.0,0.0,1
CHEMBL279,Oc1ccc(-c2nc(Cl)c(-c3ccccc3)c(Oc3ccc(OCCN4CCCC4)cc3)n2)cc1,7.07,0.0,1
CHEMBL279,Oc1ccc(CC2=Cc3ccc(O)c(O)c3OC2)cc1O,5.07,0.0,1
CHEMBL279,Oc1ccc(C[C@@]2(O)COc3c(ccc(O)c3O)[C@H]2O)cc1O,5.68,0.0,1
CHEMBL279,Oc1cccc(-c2nc(N3CCOCC3)c3sccc3n2)c1,4.04,0.0,1
CHEMBL279,Oc1cccc(Nc2nnc(Cc3ccncc3)c3ccccc23)c1,6.17,0.0,1
CHEMBL279,Oc1ccccc1-c1nc2ccc(Nc3ccnc4ccccc34)cc2[nH]1,5.02,0.0,1
CHEMBL279,Oc1nc(NCc2ccccc2)nc(Nc2ccc3ncsc3c2)n1,5.7,0.0,1
CHEMBL279,Oc1nc2ccccc2cc1-c1cc2cc(OCCN3CCCCC3)ccc2[nH]1,8.4,0.0,1
CHEMBL279,Oc1nnc(-c2c[nH]c(-c3ccccc3)c2-c2ccccc2)c2cn(-c3ccc(Cl)cc3)nc12,5.46,0.0,1
CHEMBL279,Oc1nnc(-c2c[nH]c(-c3ccccc3)c2-c2ccccc2)c2cn(-c3ccccc3)nc12,5.46,0.0,1
CHEMBL279,S=C(NNc1nn2cnnc2c2ccccc12)Nc1ccccc1,6.04,0.0,1
CHEMBL279,S=C(NNc1nncc2ccccc12)Nc1ccc(Cl)cc1,8.21,0.0,1
CHEMBL279,S=C(NNc1nncc2ccccc12)Nc1ccccc1,8.21,0.0,1
CHEMBL279,[2H]C([2H])([2H])Oc1cc(F)cc(N(CCN)c2ccc3ncc(-c4cnn(C)c4)nc3c2)c1,6.93,0.0,1
CHEMBL279,[2H]C([2H])([2H])Oc1cc(OC([2H])([2H])[2H])cc(N(CC#Cc2ccncc2)c2ccc3ncc(-c4cnn(C(C)C)c4)nc3c2)c1,6.46,0.0,1
CHEMBL279,[2H]C([2H])([2H])Oc1cc(OC([2H])([2H])[2H])cc(N(CCCNCC(F)(F)F)c2ccc3ncc(-c4cnn(C)c4)nc3c2)c1,7.01,0.0,1
CHEMBL279,[2H]C([2H])([2H])Oc1cc(OC([2H])([2H])[2H])cc(N(CCCO)c2ccc3ncc(-c4cnn(C)c4)nc3c2)c1,7.41,0.0,1
CHEMBL279,[2H]C([2H])([2H])Oc1cc(OC([2H])([2H])[2H])cc(N(c2ccc3ncc(-c4cnn(C)c4)nc3c2)C([2H])([2H])C([2H])([2H])C([2H])([2H])NCC(F)(F)F)c1,7.08,0.0,1
CHEMBL279,[2H]C([2H])([2H])Oc1cc(OC([2H])([2H])[2H])cc(N(c2ccc3ncc(-c4cnn(C)c4)nc3c2)C([2H])([2H])C([2H])([2H])C([2H])([2H])O)c1,7.44,0.0,1
CHEMBL279,[2H]C([2H])([2H])Oc1cc(OC([2H])([2H])[2H])cc(N(c2ccc3ncc(-c4cnn(C)c4)nc3c2)C([2H])([2H])C([2H])([2H])NC(C)C)c1,7.63,0.0,1
CHEMBL279,[2H]C([2H])([2H])Oc1cc(OC([2H])([2H])[2H])cc(N(c2ccc3ncc(-c4cnn(C)c4)nc3c2)C([2H])([2H])C([2H])([2H])O)c1,7.11,0.0,1
CHEMBL279,[2H]C([2H])([2H])Oc1cc(OC)cc(N(CCNC(C)C)c2ccc3ncc(-c4cn[nH]c4)nc3c2)c1,7.26,0.0,1
CHEMBL279,[2H]C([2H])([2H])Oc1cc(OC)cc(N(CCNC(C)C)c2ccc3ncc(-c4cnn(C)c4)nc3c2)c1,7.33,0.0,1
CHEMBL279,[2H]C([2H])([2H])Oc1cc(OC)cc(N(CCO)c2ccc3ncc(-c4cnn(C)c4)nc3c2)c1,7.08,0.0,1
CHEMBL279,[2H]C([2H])([2H])Oc1cc2nccc(Oc3ccc(NC(=O)Nc4cc(C)on4)c(Cl)c3)c2cc1OC([2H])([2H])[2H],8.62,0.0,1
CHEMBL279,[2H]C([2H])([2H])n1cc(-c2ccc3ncc(N(CCO)c4cc(OC)cc(OC)c4)nc3c2)cn1,7.14,0.0,1
CHEMBL279,[2H]C([2H])([2H])n1cc(-c2cnc3ccc(N(CCNC(C)C)c4cc(OC)cc(OC)c4)cc3n2)cn1,7.33,0.0,1
CHEMBL279,[2H]C([2H])(c1cc(Nc2nc(C)cn3c(-c4cn[nH]c4)cnc23)sn1)N1CCC(F)(F)C1,6.47,0.0,1
CHEMBL279,[O-][n+]1cccc(Nc2nccc(-n3ccnc3-c3ccccc3)n2)c1,5.45,0.0,1
CHEMBL279,c1cc(-c2cnc3c(-c4ccncc4)cnn3c2)ccn1,6.65,0.0,1
CHEMBL279,c1cc(-c2cnc3c(-c4ccsc4)cnn3c2)ccn1,7.62,0.0,1
CHEMBL279,c1cc(-c2cnc3c(-c4cn[nH]c4)cnn3c2)ccc1OCCN1CCOCC1,8.0,0.0,1
CHEMBL279,c1cc(-c2cnn3cc(-c4ccc(N5CCNCC5)cc4)cnc23)c2cccnc2c1,5.69,0.0,1
CHEMBL279,c1cc(-c2cnn3cc(-c4ccc(OCCN5CCCCC5)cc4)cnc23)ccn1,7.58,0.7131152314551517,4
CHEMBL279,c1cc(-c2cnn3cc(-c4ccc(OCCN5CCCCC5)cc4)cnc23)cs1,8.46,0.08485281374238578,2
CHEMBL279,c1cc(-c2cnn3cc(-c4ccc(OCCN5CCOCC5)cc4)cnc23)ccn1,7.605,0.502045814642449,2
CHEMBL279,c1cc(-c2cnn3cc(-c4ccc(OCCN5CCOCC5)cc4)cnc23)cs1,8.4,0.0,1
CHEMBL279,c1cc(-c2cnn3cc(C4CCCCC4)cnc23)cs1,6.55,0.0,1
CHEMBL279,c1cc(-c2nnc(Nc3ccc(N4CCOCC4)cc3)c3ccccc23)c2ccncc2c1,6.41,0.0,1
CHEMBL279,c1cc(N2CCNCC2)ccc1-c1cnc2c(-c3cn[nH]c3)cnn2c1,7.85,0.0,1
CHEMBL279,c1cc(N2CCOCC2)ccc1-c1cnc2c(-c3cn[nH]c3)cnn2c1,8.78,0.0,1
CHEMBL279,c1cc(Nc2ncnc3[nH]cnc23)cc(-c2nc3ccccc3s2)c1,6.06,0.0,1
CHEMBL279,c1cc(Nc2ncnc3cc(OCCCN4CCCC4)cc(OC4CCOCC4)c23)c2c(c1)OCO2,7.0,0.0,1
CHEMBL279,c1cc(Nc2ncnc3cc(OCCN4CCCC4)cc(OC4CCOCC4)c23)c2c(c1)OCCO2,7.3,0.0,1
CHEMBL279,c1cc(Nc2ncnc3cc(OCCN4CCCC4)cc(OC4CCOCC4)c23)c2c(c1)OCO2,6.19,0.0,1
CHEMBL279,c1cc(OCCN2CCOCC2)cc(-c2cnc3c(-c4ccsc4)cnn3c2)c1,7.85,0.0,1
CHEMBL279,c1cc2c(ncc3[nH]nc(C4CCCCC4)c32)[nH]1,7.05,0.0,1
CHEMBL279,c1cc2c(ncc3ccc(C4CCCCC4)n32)[nH]1,6.22,0.0,1
CHEMBL279,c1cc2c(ncc3cnc(C4CCCCC4)n32)[nH]1,6.04,0.0,1
CHEMBL279,c1cc2c(ncc3ncc(C4CCCCC4)n32)[nH]1,6.0,0.0,1
CHEMBL279,c1cc2c(ncc3ncn(C4CCCCC4)c32)[nH]1,5.43,0.0,1
CHEMBL279,c1cc2c(ncc3nnc(C4CCCCC4)n32)[nH]1,5.58,0.0,1
CHEMBL279,c1cc2c(ncc3onc(C4CCCCC4)c32)[nH]1,6.7,0.0,1
CHEMBL279,c1ccc(-c2c(-c3ccc(OCCN4CCCC4)cc3)oc3nccc(NCCN4CCNCC4)c23)cc1,6.68,0.0,1
CHEMBL279,c1ccc(-c2c(-c3ccc(OCCN4CCCC4)cc3)oc3ncnc(NCCN4CCNCC4)c23)cc1,5.51,0.0,1
CHEMBL279,c1ccc(-c2c(-c3ccc(OCCN4CCCCC4)cc3)oc3nccc(NCCCn4ccnc4)c23)cc1,5.77,0.0,1
CHEMBL279,c1ccc(-c2c(-c3ccc(OCCN4CCCCC4)cc3)oc3nccc(NCCN4CCNCC4)c23)cc1,7.0,0.0,1
CHEMBL279,c1ccc(-c2c(-c3ccc(OCCN4CCCCC4)cc3)oc3nccc(NCCc4cccnc4)c23)cc1,6.43,0.0,1
CHEMBL279,c1ccc(-c2c(-c3ccc(OCCN4CCCCC4)cc3)oc3nccc(NCCc4ccncc4)c23)cc1,5.33,0.0,1
CHEMBL279,c1ccc(-c2c(-c3ccc(OCCN4CCOCC4)cc3)oc3nccc(NCCN4CCNCC4)c23)cc1,7.24,0.0,1
CHEMBL279,c1ccc(-c2c(-c3ccc(OCCn4ccnc4)cc3)oc3nccc(NCCN4CCNCC4)c23)cc1,6.8,0.0,1
CHEMBL279,c1ccc(-c2cc3ncnc(Nc4ccc5[nH]ccc5c4)c3s2)cc1,7.1,0.0,1
CHEMBL279,c1ccc(-c2ccc(Nc3nnc(-c4cccnc4CCc4ccncc4)o3)cc2)cc1,5.58,0.0,1
CHEMBL279,c1ccc(-c2ccc(Nc3nnc(Cc4ccncc4)c4ccccc34)cc2)cc1,6.7,0.0,1
CHEMBL279,c1ccc(-c2ccc3c(Nc4ccc5scnc5c4)ccnc3c2)cc1,7.8,0.0,1
CHEMBL279,c1ccc(-c2cccc(Nc3ncnc4cc5c(cc34)OCO5)c2)cc1,6.07,0.0,1
CHEMBL279,c1ccc(-c2cn(-c3ccc4[nH]ncc4c3)nn2)c(NCc2ccncc2)c1,6.17,0.0,1
CHEMBL279,c1ccc(-c2cn(-c3ccc4ccccc4n3)nn2)c(NCc2ccncc2)c1,6.11,0.0,1
CHEMBL279,c1ccc(-c2cn(Cc3ccc(-c4cccnc4)cc3)nn2)cc1,7.44,0.0,1
CHEMBL279,c1ccc(-c2cnc(Nc3cc(CN4CCCC4)ccn3)s2)cc1,8.52,0.0,1
CHEMBL279,c1ccc(-c2cnc(Nc3ccc(CN4CCCC4)cn3)s2)cc1,8.22,0.0,1
CHEMBL279,c1ccc(-c2cnc(Nc3ccccn3)o2)cc1,5.73,0.0,1
CHEMBL279,c1ccc(-c2cnc(Nc3ccccn3)s2)cc1,8.15,0.0,1
CHEMBL279,c1ccc(-c2cnc(Nc3cccnc3)s2)cc1,6.62,0.0,1
CHEMBL279,c1ccc(-c2cnc(Nc3ccncc3)s2)cc1,6.59,0.0,1
CHEMBL279,c1ccc(-c2cnc(Nc3ccncn3)s2)cc1,7.44,0.0,1
CHEMBL279,c1ccc(-c2cnc(Nc3cnccn3)s2)cc1,7.64,0.0,1
CHEMBL279,c1ccc(-c2cnc(Nc3ncccn3)s2)cc1,6.86,0.0,1
CHEMBL279,c1ccc(-c2cnn3cc(-c4ccc(N5CCNCC5)cc4)cnc23)cc1,6.67,0.0,1
CHEMBL279,c1ccc(-c2cnn3cc(-c4ccc(OCCN5CCOCC5)cc4)cnc23)cc1,7.34,1.0040916292848976,2
CHEMBL279,c1ccc(-c2cnn3cc(-c4ccccn4)cnc23)cc1,7.06,0.0,1
CHEMBL279,c1ccc(-c2cnn3cc(-c4ccncc4)cnc23)cc1,7.15,0.0,1
CHEMBL279,c1ccc(-c2n[nH]c3c2Cc2ccccc2-3)cc1,5.92,0.0,1
CHEMBL279,c1ccc(-c2nc3ccc(Nc4ccnc5ccccc45)cc3[nH]2)cc1,5.61,0.0,1
CHEMBL279,c1ccc(-c2nc3ccc(Nc4ncnc5ccccc45)cc3[nH]2)cc1,6.08,0.0,1
CHEMBL279,c1ccc(-c2nccn2-c2ccnc(Nc3ccccn3)n2)cc1,5.17,0.0,1
CHEMBL279,c1ccc(-c2nccn2-c2ccnc(Nc3cccnc3)n2)cc1,6.47,0.0,1
CHEMBL279,c1ccc(-c2nccn2-c2ccnc(Nc3ccncc3)n2)cc1,6.56,0.0,1
CHEMBL279,c1ccc(-c2nnc(Nc3ccc4c(c3)OCCO4)[nH]2)c(NCc2ccc3[nH]ncc3c2)c1,5.51,0.0,1
CHEMBL279,c1ccc(-c2nnc(Nc3ccc4c(c3)OCCO4)[nH]2)c(NCc2ccc3ncccc3c2)c1,6.82,0.0,1
CHEMBL279,c1ccc(-c2nnc(Nc3ccc4c(c3)OCCO4)[nH]2)c(NCc2ccncc2)c1,5.29,0.0,1
CHEMBL279,c1ccc(-c2nnc(Nc3ccc4c(c3)OCCO4)[nH]2)c(NCc2cnc[nH]2)c1,5.34,0.0,1
CHEMBL279,c1ccc(-c2nnc(Nc3ccc4c(c3)OCCO4)o2)c(NCc2ccncc2)c1,6.68,0.0,1
CHEMBL279,c1ccc(-c2nnc(Nc3ccc4c(c3)OCO4)o2)c(NCc2ccncc2)c1,6.08,0.0,1
CHEMBL279,c1ccc(-c2oc3nccc(NCCN4CCNCC4)c3c2-c2ccccc2)cc1,6.44,0.0,1
CHEMBL279,c1ccc(-c2oc3nccc(NC[C@@H]4CCCO4)c3c2-c2ccccc2)cc1,5.38,0.0,1
CHEMBL279,c1ccc(-c2oc3ncn4nc(NC5CCCCC5)nc4c3c2-c2ccccc2)cc1,7.02,0.0,1
CHEMBL279,c1ccc(-c2oc3ncnc(NCCN4CCNCC4)c3c2-c2ccccc2)cc1,5.58,0.0,1
CHEMBL279,c1ccc(-n2cnc3cc(-c4ccc(NCCN5CCOCC5)nc4)ccc32)cc1,7.28,0.0,1
CHEMBL279,c1ccc(-n2cnc3cc(-c4ccc(OCCN5CCCCC5)cc4)ccc32)cc1,7.85,0.0,1
CHEMBL279,c1ccc(-n2cnc3cc(-c4ccc(OCCN5CCCCC5)cc4)cnc32)cc1,7.43,0.0,1
CHEMBL279,c1ccc(-n2cnc3cc(-c4ccc(OCCN5CCCCC5)nc4)ccc32)cc1,7.64,0.0,1
CHEMBL279,c1ccc(CCCn2c3ccccc3c3ccn4c[n+](-c5ccccc5)cc4c32)cc1,5.66,0.0,1
CHEMBL279,c1ccc(CCc2cc3c(Nc4ccc5[nH]ccc5c4)ncnc3[nH]2)cc1,4.5,0.0,1
CHEMBL279,c1ccc(COc2cccc(-c3nc4sccn4c3-c3ccncn3)c2)cc1,6.15,0.0,1
CHEMBL279,c1ccc(N(CC2CC2)c2ccc3ncc(-c4cn[nH]c4)nc3c2)cc1,6.04,0.0,1
CHEMBL279,c1ccc(Nc2nc3c4c(-c5ccccc5)c(-c5ccccc5)oc4ncn3n2)cc1,6.82,0.0,1
CHEMBL279,c1ccc(Nc2ncc(-c3ccccc3)o2)cc1,6.395,0.6717514421272199,2
CHEMBL279,c1ccc(Nc2ncc(-c3ccccc3)s2)cc1,6.91,0.0,1
CHEMBL279,c1ccc(Nc2ncc3c(n2)-c2ccccc2SC3)cc1,5.09,0.0,1
CHEMBL279,c1ccc(Nc2ncc3c(n2)-c2cccnc2SC3)cc1,6.25,0.0,1
CHEMBL279,c1ccc(Nc2nccc(-n3ccnc3-c3ccccc3)n2)cc1,6.98,0.0,1
CHEMBL279,c1ccc(Nc2nnc(Cc3ccncc3)c3ccccc23)cc1,6.02,0.0,1
CHEMBL279,c1ccc(Oc2ccc(Nc3ncnc4ccccc34)cc2)cc1,5.57,0.0,1
CHEMBL279,c1ccc(Oc2cccc(Nc3ncc(-c4ccccc4)o3)c2)cc1,5.85,0.0,1
CHEMBL279,c1ccc2c(-c3cnc4[nH]nc(-c5nc6cc(N7CCOCC7)ccc6[nH]5)c4c3)cncc2c1,5.97,0.0,1
CHEMBL279,c1ccc2c(-c3cnc4[nH]nc(-c5nc6ccccc6[nH]5)c4c3)cncc2c1,5.84,0.0,1
CHEMBL279,c1ccc2c(-c3cncc(-c4ccsc4)c3)c[nH]c2c1,6.9,0.0,1
CHEMBL279,c1ccc2c(-c3cnn4cc(-c5ccc(N6CCNCC6)cc5)cnc34)ccnc2c1,6.67,0.0,1
CHEMBL279,c1ccc2c(-c3cnn4cc(-c5ccc(N6CCOCC6)cc5)cnc34)ccnc2c1,5.27,0.0,1
CHEMBL279,c1ccc2c(-c3cnn4cc(-c5ccc(OCCN6CCOCC6)cc5)cnc34)ccnc2c1,5.62,0.0,1
CHEMBL279,c1ccc2c(c1)c(-c1cncc(-c3ccsc3)c1)cn2CCCN1CCCCC1,7.42,0.0,1
CHEMBL279,c1ccc2c(c1)c(-c1cncc(-c3ccsc3)c1)cn2CCN1CCCCC1,6.96,0.0,1
CHEMBL279,c1ccc2c(c1)c(-c1cncc(-c3ccsc3)c1)cn2CCN1CCOCC1,7.22,0.0,1
CHEMBL279,c1ccc2c3c([nH]c2c1)-c1n[nH]cc1CCC3,6.140000000000001,0.09899494936611673,2
CHEMBL279,c1ccc2ncc(Nc3ccnc(Nc4ccc(OCCCN5CCCCC5)cc4)n3)cc2c1,5.86,0.0,1
CHEMBL279,c1ccc2sc(-c3ccc(Nc4ncnc5[nH]ccc45)cc3)nc2c1,5.92,0.0,1
CHEMBL279,c1cn(Cc2ccc3c(c2)-c2[nH]nc(-c4ccsc4)c2C3)cn1,6.83,0.0,1
CHEMBL279,c1cnc(CCc2ccncc2)c(-c2nnc(NCc3ccc4c(c3)OCO4)o2)c1,7.07,0.0,1
CHEMBL279,c1cnc(CCc2ccncc2)c(-c2nnc(Nc3cnc4ccccc4c3)o2)c1,6.42,0.0,1
CHEMBL279,c1cnc(NCc2ccc3[nH]ncc3c2)c(-c2nnc(Nc3ccc4c(c3)OCCO4)o2)c1,5.85,0.0,1
CHEMBL279,c1cnc(NCc2ccc3c(c2)OCO3)c(-c2nnc(Nc3ccc4c(c3)OCCO4)o2)c1,5.58,0.0,1
CHEMBL279,c1cnc(NCc2ccc3ncccc3c2)c(-c2nnc(Nc3ccc4c(c3)OCCO4)o2)c1,6.52,0.0,1
CHEMBL279,c1cnc(NCc2ccncc2)c(-c2nnc(-c3ccc4c(c3)OCO4)[nH]2)c1,5.64,0.0,1
CHEMBL279,c1cnc(NCc2ccncc2)c(-c2nnc(Nc3ccc4c(c3)OCCO4)o2)c1,6.77,0.0,1
CHEMBL279,c1cnc(NCc2ccncc2)c(-c2nnc(Nc3ccc4c(c3)OCO4)o2)c1,5.72,0.0,1
CHEMBL279,c1cnc(NCc2cnc[nH]2)c(-c2nnc(Nc3ccc4c(c3)OCCO4)o2)c1,6.8,0.0,1
CHEMBL279,c1cnc2c(NCC3CNCCS3)nc(-c3ccc(N4CCOCC4)cc3)cc2n1,6.86,0.0,1
CHEMBL279,c1cnc2c(NC[C@@H]3CNCCO3)nc(-c3ccc(C4CCOCC4)cc3)cc2n1,6.44,0.0,1
CHEMBL279,c1cnc2c(NC[C@@H]3CNCCO3)nc(-c3ccc(N4CCOCC4)cc3)cc2n1,6.58,0.0,1
CHEMBL279,c1cnc2c(NC[C@H]3CCCNC3)nc(-c3ccc(N4CCOCC4)cc3)cc2n1,7.01,0.0,1
CHEMBL279,c1cncc(-c2cnn3cc(-c4ccc(OCCN5CCCCC5)cc4)cnc23)c1,7.7,0.0,1
CHEMBL279,c1cncc(CCNc2ncccc2-c2nnc(Nc3ccc4c(c3)OCO4)o2)c1,5.47,0.0,1
CHEMBL279,c1cncc(CNc2ccccc2-c2nnc(Nc3ccc4c(c3)OCCO4)[nH]2)c1,5.5,0.0,1
CHEMBL279,c1csc(-c2n[nH]c3c2Cc2ccccc2-3)c1,6.03,0.0,1
