chembl_id,smiles,pchembl_value,pchembl_std,n_records
CHEMBL2971,BrC[C@H]1CC[C@H](c2nnn3cnc4[nH]ccc4c23)CC1,7.84,0.9616652224137042,2
CHEMBL2971,Brc1cc(CN2CCC(c3nnn4cnc5[nH]ccc5c34)CC2)sc1Br,7.15,0.0,1
CHEMBL2971,Brc1ccc(CN2CCC(c3nnn4cnc5[nH]ccc5c34)CC2)cc1,7.375,1.1808683245815346,2
CHEMBL2971,Brc1ccc(CN2CCC(c3nnn4cnc5[nH]ccc5c34)CC2)o1,8.55,0.0,1
CHEMBL2971,Brc1ccc(CN2CCC(c3nnn4cnc5[nH]ccc5c34)CC2)s1,8.34,0.0,1
CHEMBL2971,Brc1csc(CN2CCC(c3nnn4cnc5[nH]ccc5c34)CC2)c1,8.0,0.0,1
CHEMBL2971,Brc1nc(CN2CCC(c3nnn4cnc5[nH]ccc5c34)CC2)sc1Br,7.15,0.0,1
CHEMBL2971,Brc1ncc(CN2CCC(c3nnn4cnc5[nH]ccc5c34)CC2)s1,8.64,0.0,1
CHEMBL2971,C#CCC1(n2cc(-c3ncnc4[nH]ccc34)cn2)CN(S(=O)(=O)CC)C1,8.24,0.0,1
CHEMBL2971,C#CCCOC(=O)N1CC[C@@H](n2cc(C(N)=O)c(Nc3ccc(F)cc3)n2)[C@H](C#N)C1,6.81,0.0,1
CHEMBL2971,C#CCCOC(=O)N1CC[C@H](n2cc(C(N)=O)c(Nc3ccc(F)cc3)n2)[C@H](C#N)C1,5.86,0.0,1
CHEMBL2971,C#CCN(C1CCOC1)[C@@H]1CCN(c2ncnc3[nH]ccc23)C1,9.26,0.0,1
CHEMBL2971,C#CCN(c1c(F)cc(C#N)cc1F)[C@@H]1CCN(c2ncnc3[nH]ccc23)C1,10.26,0.0,1
CHEMBL2971,C#CCN(c1ccc(C#N)cc1)[C@@H]1CCN(c2ncnc3[nH]ccc23)C1,10.26,0.0,1
CHEMBL2971,C#CCN(c1ccc(C#N)cc1F)[C@@H]1CCN(c2ncnc3[nH]ccc23)C1,9.26,0.0,1
CHEMBL2971,C#CCN(c1ccc(C#N)cn1)[C@@H]1CCN(c2ncnc3[nH]ccc23)C1,10.26,0.0,1
CHEMBL2971,C#CCN(c1ccc(S(C)(=O)=O)cn1)[C@@H]1CCN(c2ncnc3[nH]ccc23)C1,9.26,0.0,1
CHEMBL2971,C#CCNC[C@H]1CC[C@H](c2nnn3cnc4[nH]ccc4c23)CC1,7.36,0.0,1
CHEMBL2971,C#Cc1ccc(-c2nc(-c3ccc(F)cc3)c(-c3cc[nH]c(=O)c3)[nH]2)cc1,4.84,0.0,1
CHEMBL2971,C#Cc1ccc(C(=O)c2ccc(-c3nc4cnc5[nH]ccc5c4n3[C@H]3CC[C@H](CC#N)CC3)cc2)cc1,7.51,0.0,1
CHEMBL2971,C#Cc1ccc(C(=O)c2ccc(CCc3nc4cnc5[nH]ccc5c4n3[C@H]3CC[C@H](CC#N)CC3)cc2)cc1,7.09,0.0,1
CHEMBL2971,C#Cc1ccc(C(=O)c2ccc(COCc3nc4cnc5[nH]ccc5c4n3[C@H]3CC[C@H](CC#N)CC3)cc2)cc1,7.71,0.0,1
CHEMBL2971,C#Cc1ccc(C(=O)c2ccc(OCc3nc4cnc5[nH]ccc5c4n3[C@H]3CC[C@H](CC#N)CC3)cc2)cc1,7.8,0.0,1
CHEMBL2971,C#Cc1ccc(N(C)[C@@H]2CCN(c3ncnc4[nH]ccc34)C2)nc1,10.26,0.0,1
CHEMBL2971,C#Cc1nc(Nc2cccc(CC(N)=O)c2)nc2[nH]cnc12,6.66,0.0,1
CHEMBL2971,C(=C\c1ccco1)/CN1CCC(c2nnn3cnc4[nH]ccc4c23)CC1,6.6,0.0,1
CHEMBL2971,C/C=C/C(=O)N1CCC(CC#N)(n2cc(C(N)=O)c(Nc3ccccc3)n2)CC1,7.19,0.0,1
CHEMBL2971,C/C=C/C(=O)NC1CCC=C(c2ncnc3[nH]cc(-c4ccccc4)c23)C1,6.22,0.0,1
CHEMBL2971,C/C=C/C(=O)Nc1cccc(-c2ncnc3[nH]cc(C(=O)OCC)c23)c1,6.32,0.0,1
CHEMBL2971,C/C=C/CCNc1nc(Nc2cnn(C(C)(C)C)c2)ncc1C(N)=O,8.7,0.0,1
CHEMBL2971,C/C=C/c1ccccc1Nc1nc(Nc2cnn(C)c2)ncc1C(N)=O,8.68,0.0,1
CHEMBL2971,C1=C(c2ncnc3[nH]ccc23)CCCC1,6.78,0.0,1
CHEMBL2971,C1=C/CN(C2CC2)Cc2cccc(c2)Nc2nccc(n2)-c2cccc(c2)OCC/1,7.05,0.0,1
CHEMBL2971,C1=C/CN(CC2CC2)Cc2cccc(c2)Nc2nccc(n2)-c2cccc(c2)OCC/1,5.82,0.0,1
CHEMBL2971,C1=C/CN(Cc2ccccn2)Cc2cccc(c2)Nc2nccc(n2)-c2cccc(c2)OCC/1,5.87,0.0,1
CHEMBL2971,C1=C/CNCc2cccc(c2)Nc2nccc(n2)-c2cccc(c2)OCC/1,6.82,0.0,1
CHEMBL2971,C1=C/CNc2cccc(c2)Nc2nccc(n2)-c2cccc(c2)OCC/1,5.48,0.0,1
CHEMBL2971,C1=C/COCc2cc(ccc2OCCN2CCCC2)Nc2nccc(n2)-c2cc(co2)COC/1,6.96,0.0,1
CHEMBL2971,C1=C/COCc2cc(ccc2OCCN2CCCC2)Nc2nccc(n2)-c2ccc(o2)COC/1,7.34,0.0,1
CHEMBL2971,C1=C/COCc2cc(ccc2OCCN2CCCC2)Nc2nccc(n2)-c2ccc(s2)COC/1,8.14,0.0,1
CHEMBL2971,C1=C/COCc2cc(ccc2OCCN2CCCC2)Nc2nccc(n2)-c2ccnc(c2)OCC/1,7.75,0.0,1
CHEMBL2971,C1=C/COCc2cc(ccc2OCCN2CCCC2)Nc2nccc(n2)-c2cncc(c2)COC/1,6.54,0.0,1
CHEMBL2971,C1=C/COCc2cc(ccc2OCCN2CCCC2)Nc2nccc(n2)-c2coc(c2)COC/1,7.17,0.0,1
CHEMBL2971,C1=C/COCc2cc(ccc2OCCN2CCCC2)Nc2nccc(n2)-c2csc(c2)COC/1,7.77,0.0,1
CHEMBL2971,C1=C/COCc2ccc(o2)-c2ccnc(n2)Nc2cccc(c2)COC/1,6.66,0.0,1
CHEMBL2971,C1=C/COCc2cncc(c2)-c2ccnc(n2)Nc2cccc(c2)COC/1,6.03,0.0,1
CHEMBL2971,C1=C/COc2ccc(o2)-c2ccnc(n2)Nc2ccc(OCCN3CCCC3)c(c2)COC/1,7.34,0.0,1
CHEMBL2971,C1=C/Cn2ccc3ccc(cc32)-c2ccnc(n2)Nc2ccc(OCCN3CCCC3)c(c2)COC/1,7.2,0.0,1
CHEMBL2971,C1=C/Cn2ccc3ccc(cc32)-c2ccnc(n2)Nc2cccc(c2)COC/1,6.82,0.0,1
CHEMBL2971,C1=CCCOc2cccc(c2)-c2ccnc(n2)Nc2cccc(c2)OCC1,5.92,0.0,1
CHEMBL2971,C1=CCOCc2cc(ccc2N2CCNCC2)Nc2nccc(n2)-c2cccc(c2)COC1,7.08,0.0,1
CHEMBL2971,C1=CCOCc2cc(ccc2N2CCOCC2)Nc2nccc(n2)-c2cccc(c2)COC1,7.22,0.0,1
CHEMBL2971,C1=CCOCc2cc(ccc2OCCN2CCCCC2)Nc2nccc(n2)-c2cccc(c2)COC1,7.82,0.0,1
CHEMBL2971,C1=CCOCc2cccc(c2)-c2ccnc(n2)Nc2cc(cc(OCCN3CCCC3)c2)COC1,7.32,0.0,1
CHEMBL2971,C1=CCOCc2cccc(c2)-c2ccnc(n2)Nc2cc(cc(OCCN3CCOCC3)c2)COC1,7.02,0.0,1
CHEMBL2971,C1=CCOc2cccc(c2)Nc2nccc(n2)-c2cccc(c2)OCC1,6.64,0.0,1
CHEMBL2971,C1=N/C2=N/c3ccc(OCCN4CCCC4)c(c3)COC/C=C/COCc3cccc(c3)C(=C1)N2,8.074000000000002,0.5676090203652511,5
CHEMBL2971,C=C(Br)C(=O)Nc1cccc(-c2ncnc3[nH]cc(C(=O)OCC)c23)c1,6.05,0.0,1
CHEMBL2971,C=C(C#N)C(O)c1ccc(-c2cccc3nc(NC(=O)C4CC4)nn23)cc1,7.26,0.0,1
CHEMBL2971,C=C(C)C(=O)NC1CCC=C(c2ncnc3[nH]cc(-c4ccccc4)c23)C1,5.96,0.0,1
CHEMBL2971,C=C(C)CCCNc1nc(Nc2cnn(C(C)(C)C)c2)ncc1C(N)=O,8.52,0.0,1
CHEMBL2971,C=C(C)CCNc1nc(Nc2cnn(C(C)(C)C)c2)ncc1C(N)=O,8.82,0.0,1
CHEMBL2971,C=C(C)CNc1nc(Nc2cnn(C(C)(C)C)c2)ncc1C(N)=O,8.55,0.0,1
CHEMBL2971,C=C(C)CNc1nc(Nc2cnn(C3CCOCC3)c2)ncc1C(N)=O,8.7,0.0,1
CHEMBL2971,C=C(CO)n1cc(-c2cc3ncccc3c(-c3ccn(C4(CC#N)CN(S(C)(=O)=O)C4)n3)n2)cn1,5.89,0.0,1
CHEMBL2971,C=C1CCC(c2nnn3cnc4[nH]ccc4c23)CC1,7.57,0.0,1
CHEMBL2971,C=CC(=O)N(C)c1cc(Nc2ncc(Cl)c(NCCCNC(=O)c3ccc(C#N)cc3)n2)ccc1F,5.85,0.0,1
CHEMBL2971,C=CC(=O)N(C)c1cc(Nc2ncc(Cl)c(NCCCNC(=O)c3ccc(F)cc3)n2)ccc1F,5.72,0.0,1
CHEMBL2971,C=CC(=O)N1CC=C(c2cccc3nc(NC(=O)C4CC4)nn23)CC1,6.37,0.0,1
CHEMBL2971,C=CC(=O)N1CCC(N2NC(c3cc(C(C)(C)O)n(C)n3)c3c(N)ncnc32)C1,8.14,0.0,1
CHEMBL2971,C=CC(=O)N1CCCC(N2NC(c3cc(C(C)(C)O)n(C)n3)c3c(N)ncnc32)C1,8.19,0.0,1
CHEMBL2971,C=CC(=O)NC1C=C(c2ncnc3[nH]cc(-c4ccccc4)c23)CC1,6.18,0.0,1
CHEMBL2971,C=CC(=O)NC1C=C(c2ncnc3[nH]cc(-c4ccccc4)c23)CCC1,6.06,0.0,1
CHEMBL2971,C=CC(=O)NC1C=C(c2ncnc3[nH]cc(-c4ccco4)c23)CCC1,6.35,0.0,1
CHEMBL2971,C=CC(=O)NC1C=C(c2ncnc3[nH]cc(-c4cccs4)c23)CCC1,6.31,0.0,1
CHEMBL2971,C=CC(=O)NC1C=C(c2ncnc3[nH]cc(-c4ccoc4)c23)CCC1,6.0,0.0,1
CHEMBL2971,C=CC(=O)NC1C=C(c2ncnc3[nH]cc(-c4ccsc4)c23)CCC1,5.92,0.0,1
CHEMBL2971,C=CC(=O)NC1CC=C(c2ncnc3[nH]cc(-c4ccccc4)c23)C1,6.06,0.0,1
CHEMBL2971,C=CC(=O)NC1CC=C(c2ncnc3[nH]cc(-c4ccco4)c23)C1,6.37,0.0,1
CHEMBL2971,C=CC(=O)NC1CCC=C(c2ncnc3[nH]cc(-c4ccccc4)c23)C1,6.33,0.0,1
CHEMBL2971,C=CC(=O)NC1CCC=C(c2ncnc3[nH]cc(-c4ccco4)c23)C1,6.37,0.0,1
CHEMBL2971,C=CC(=O)NC1CCC=C(c2ncnc3[nH]cc(-c4cccs4)c23)C1,6.32,0.0,1
CHEMBL2971,C=CC(=O)NC1CCC=C(c2ncnc3[nH]cc(-c4ccoc4)c23)C1,5.89,0.0,1
CHEMBL2971,C=CC(=O)NC1CCC=C(c2ncnc3[nH]cc(-c4ccsc4)c23)C1,6.07,0.0,1
CHEMBL2971,C=CC(=O)NCc1ccc(Nc2ncc(C)c(-c3cnn(C(C)C)c3)n2)cc1,8.1,0.0,1
CHEMBL2971,C=CC(=O)N[C@H]1CCC=C(c2ncnc3[nH]cc(-c4ccco4)c23)C1,6.48,0.0,1
CHEMBL2971,C=CC(=O)N[C@H]1CCCC(c2ncnc3[nH]cc(-c4ccco4)c23)C1,5.835,0.31819805153394587,2
CHEMBL2971,C=CC(=O)N[C@H]1CC[C@H](Cn2ccc3cnc(Nc4cnn(CC(=O)OCC)c4)nc32)CC1,6.26,0.0,1
CHEMBL2971,C=CC(=O)Nc1cc(Nc2ncc(Cl)c(O[C@@H]3CO[C@H]4[C@@H]3OC[C@H]4OC)n2)ccc1N(C)CCN(C)C,5.69,0.0,1
CHEMBL2971,C=CC(=O)Nc1ccc(CNc2cc(Nc3ccc(N4CCOCC4)cc3)ncn2)cc1,6.04,0.0,1
CHEMBL2971,C=CC(=O)Nc1ccc(CNc2cc(Nc3cnn(CCO)c3)ncn2)cc1,5.68,0.0,1
CHEMBL2971,C=CC(=O)Nc1cccc(-c2ccc(C(N)=O)c3[nH]c4c(c23)CCC(C(C)(C)O)C4)c1C,5.48,0.0,1
CHEMBL2971,C=CC(=O)Nc1cccc(-c2ncnc3[nH]cc(C(=O)OCC)c23)c1,6.1,0.0,1
CHEMBL2971,C=CC(=O)Nc1cccc(CNc2cc(Nc3ccc(N4CCN(C)CC4)cc3)ncn2)c1,6.03,0.0,1
CHEMBL2971,C=CC(=O)Nc1cccc(CNc2cc(Nc3ccc(N4CCOCC4)cc3)ncn2)c1,5.96,0.0,1
CHEMBL2971,C=CC(=O)Nc1cccc(CNc2cc(Nc3ccccc3)ncc2C(N)=O)c1,5.89,0.0,1
CHEMBL2971,C=CC(=O)Nc1cccc(CNc2cc(Nc3cnn(CCOC)c3)ncn2)c1,5.69,0.0,1
CHEMBL2971,C=CC(=O)Nc1cccc(CNc2nc(Nc3cc(F)c(N4CCOCC4)c(F)c3)ncc2Cl)c1,6.46,0.0,1
CHEMBL2971,C=CC(=O)Nc1cccc(CNc2nc(Nc3ccc(N4CCN(C)CC4)cc3OC)ncc2Cl)c1,5.98,0.0,1
CHEMBL2971,C=CC(=O)Nc1cccc(CNc2nc(Nc3ccc(N4CCN(CCCCNC(=O)CC5C6C[C@H]7CC5C[C@@H](C6)C7)CC4)cc3)ncc2Cl)c1,6.38,0.0,1
CHEMBL2971,C=CC(=O)Nc1cccc(CNc2nc(Nc3ccc(N4CCN(CCCNC(=O)CC5C6CC7CC(C6)CC5C7)CC4)cc3)ncc2Cl)c1,5.92,0.0,1
CHEMBL2971,C=CC(=O)Nc1cccc(CNc2nc(Nc3ccc(N4CCN(CCCNC(=O)CC5C6CC7CC(C6)CC5C7)CC4)cc3OC)ncc2Cl)c1,5.51,0.0,1
CHEMBL2971,C=CC(=O)Nc1cccc(CNc2nc(Nc3ccc(N4CCN(CCNC(=O)CC5C6CC7CC(C6)CC5C7)CC4)cc3OC)ncc2Cl)c1,5.08,0.0,1
CHEMBL2971,C=CC(=O)Nc1cccc(CNc2nc(Nc3ccc(N4CCOCC4)cc3)ncc2Cl)c1,7.75,0.0,1
CHEMBL2971,C=CC(=O)Nc1cccc(CNc2nc(Nc3cnn(C)c3)ncc2Cl)c1,6.97,0.0,1
CHEMBL2971,C=CC(=O)Nc1cccc(CNc2nc(Nc3cnn(C4CCN(C(=O)CC5C6CC7CC(C6)CC5C7)CC4)c3)ncc2Cl)c1,5.5,0.0,1
CHEMBL2971,C=CC(=O)Nc1cccc(CNc2nc(Nc3cnn(C4CCN(CCNC(=O)CC5C6CC7CC(C6)CC5C7)CC4)c3)ncc2Cl)c1,5.84,0.0,1
CHEMBL2971,C=CC(=O)Nc1cccc(CNc2nc(Nc3cnn(CCN4CCN(C(=O)CC5C6CC7CC(C6)CC5C7)CC4)c3)ncc2Cl)c1,5.86,0.0,1
CHEMBL2971,C=CC(=O)Nc1cccc(CNc2nc(Nc3cnn(CCO)c3)ncc2Cl)c1,7.5,0.0,1
CHEMBL2971,C=CC(=O)Nc1cccc(CNc2nc(Nc3cnn(CCOC)c3)ncc2Cl)c1,7.29,0.0,1
CHEMBL2971,C=CC(=O)Nc1cccc(CNc2nc(Nc3cnn(CCOCCOCCOCCNC(=O)CCCC[C@@H]4SC[C@@H]5NC(=O)N[C@@H]54)c3)ncc2Cl)c1,6.38,0.0,1
CHEMBL2971,C=CC(=O)Nc1cccc(Cn2c(=O)ccc3cnc(Nc4ccc(N5CCN(C)CC5)cc4)nc32)c1,5.95,0.0,1
CHEMBL2971,C=CC(=O)Nc1cccc(Cn2ccc3cnc(Nc4cnn(CC(=O)OCC)c4)nc32)c1,6.26,0.0,1
CHEMBL2971,C=CC(=O)Nc1cccc(Oc2nc(Nc3ccc(N4CCN(C)CC4)c(F)c3)nc3[nH]ccc23)c1,6.3,0.0,1
CHEMBL2971,C=CC(=O)Nc1cccc(Oc2nc(Nc3ccc(N4CCN(C)CC4)cc3)nc3[nH]ccc23)c1,6.24,0.0,1
CHEMBL2971,C=CC(=O)Nc1cccc(Oc2nc(Nc3ccc(N4CCN(C)CC4)nc3)nc3[nH]ccc23)c1,5.69,0.0,1
CHEMBL2971,C=CCCCNc1nc(Nc2cnn(C(C)(C)C)c2)ncc1C(N)=O,8.6,0.0,1
CHEMBL2971,C=CCCCNc1nc(Nc2cnn(C3CCOCC3)c2)ncc1C(N)=O,9.15,0.0,1
CHEMBL2971,C=CCCNc1nc(Cc2cnn(C(C)(C)C)c2)ncc1C(N)=O,7.86,0.0,1
CHEMBL2971,C=CCCNc1nc(Nc2cnn(C3CCOCC3)c2)ncc1C(N)=O,8.92,0.0,1
CHEMBL2971,C=CCCn1cc(-c2nc(Nc3ccc(NC(=O)CCCCCCC(=O)NO)cc3)nc3[nH]ccc23)cn1,10.39,0.0,1
CHEMBL2971,C=CCN(C1CCCC1)[C@@H]1CCN(c2ncnc3[nH]ccc23)C1,10.26,0.0,1
CHEMBL2971,C=CCNc1nc(Nc2cnn(C(C)(C)C)c2)ncc1C(N)=O,8.44,0.0,1
CHEMBL2971,C=CS(=O)(=O)NCc1ccc(Nc2ncc(C)c(-c3cnn(C(C)C)c3)n2)cc1,8.3,0.0,1
CHEMBL2971,C=CS(=O)(=O)Nc1cccc(-c2ccc(C(N)=O)c3[nH]c(C)c(C)c23)c1C,5.96,0.0,1
CHEMBL2971,C=CS(=O)(=O)Nc1cccc(CNc2c(C(N)=O)cnn3cccc23)c1,5.9,0.0,1
CHEMBL2971,C=C[C@@]1(O)CC[C@H](n2cc(C(N)=O)c(Nc3ccc(Cl)cc3)n2)[C@@H](C#N)C1,8.22,0.0,1
CHEMBL2971,C=C[C@]1(O)CC[C@H](n2cc(C(N)=O)c(Nc3ccc(Cl)cc3)n2)[C@@H](C#N)C1,7.6,0.0,1
CHEMBL2971,C=Cc1ccccc1Nc1nc(Nc2cnn(C)c2)ncc1C(N)=O,8.9,0.0,1
CHEMBL2971,C=Cc1cncnc1N(C)[C@H]1C[C@@H](NS(=O)(=O)[C@@H]2CC[C@@H](C#N)C2)C1,6.09,0.0,1
CHEMBL2971,C=Cc1nc(NC(=O)Nc2ccc(N3CCNCC3)cc2)nn1C(=C)c1ccc(S(C)(=O)=O)cc1,5.0,0.0,1
CHEMBL2971,CC#CCn1ccc2cnc(Nc3cnn(CC(=O)OCC)c3)nc21,6.26,0.0,1
CHEMBL2971,CC(=N)NC(=N)c1n[nH]c2cc(-c3cc(F)c(O)cc3CC(F)(F)F)nc(NCc3ccccc3N(C)S(C)(=O)=O)c12,6.89,0.0,1
CHEMBL2971,CC(=N)NCc1nc2cnc3[nH]ccc3c2n1[C@H]1CC[C@H](CC#N)CC1,7.85,0.0,1
CHEMBL2971,CC(=O)C1CCCN(S(=O)(=O)C[C@H]2CC[C@H](N(C)c3ncnc4[nH]ccc34)CC2)C1,7.66,0.0,1
CHEMBL2971,CC(=O)N(C)C1CC(CC#N)(n2ccc(-c3nc(-c4cc[nH]n4)cc4ncccc34)n2)C1,5.635,0.502045814642449,2
CHEMBL2971,CC(=O)N(C)C1CCN(Cc2ccc(-c3cccc4nc(NC(=O)C5CC5)nn34)cc2)C1,6.52,0.0,1
CHEMBL2971,CC(=O)N1C2CC1CN(C1CCN(c3ccc(Nc4nccc(-c5ccc(C(=O)NCC#N)cc5)n4)cc3)CC1)C2,8.3,0.0,1
CHEMBL2971,CC(=O)N1CC(CC#N)(n2cc(C(N)=O)c(Nc3ccccc3)n2)C1,6.29,0.0,1
CHEMBL2971,CC(=O)N1CC(S(=O)(=O)C[C@H]2C[C@@H](N(C)c3ncnc4[nH]ccc34)C2)C1,6.0,0.0,1
CHEMBL2971,CC(=O)N1CC(c2nc3cnc4[nH]ccc4c3n2[C@H]2CC[C@H](CC#N)CC2)C1,6.5,0.0,1
CHEMBL2971,CC(=O)N1CC2(C1)CC(CC#N)(n1ccc(-c3nc(-c4cc[nH]n4)cc4ncccc34)n1)C2,5.25,0.0,1
CHEMBL2971,CC(=O)N1CC2CC(Nc3nc(Nc4cnn(C)c4)ncc3Cl)CC2C1,7.43,0.0,1
CHEMBL2971,CC(=O)N1CCC(C(=O)N2C[C@H](N(C)c3ncnc4[nH]ccc34)C3(CC3)C2)CC1,5.6,0.0,1
CHEMBL2971,CC(=O)N1CCC(CNc2nc(Cc3cnn(C)c3)ncc2C(N)=O)CC1,7.48,0.0,1
CHEMBL2971,CC(=O)N1CCC(NC(=O)Nc2cnc3[nH]ccc3n2)CC1,6.65,0.0,1
CHEMBL2971,CC(=O)N1CCC(Nc2c(C(N)=O)cnc3[nH]ccc23)CC1,6.19,0.0,1
CHEMBL2971,CC(=O)N1CCC(Nc2ncccc2-c2cnc3[nH]ccc3n2)CC1,10.12,0.0,1
CHEMBL2971,CC(=O)N1CCC(c2ccc(Nc3ncc4ccn(-c5cccc(NS(=O)(=O)C(C)(C)C)c5)c4n3)cc2)CC1,6.34,0.0,1
CHEMBL2971,CC(=O)N1CCC(c2ccc(Nc3ncc4ccn(-c5cccc(NS(=O)(=O)C6CC6)c5)c4n3)cc2)CC1,6.85,0.0,1
CHEMBL2971,CC(=O)N1CCC(c2nc3cnc4[nH]ccc4c3n2[C@H]2CC[C@H](CC#N)CC2)CC1,6.9,0.0,1
CHEMBL2971,CC(=O)N1CCC2(CCC(Nc3nc(Nc4cnn(C)c4)ncc3Cl)CC2)CC1,8.4,0.0,1
CHEMBL2971,CC(=O)N1CCCC(NC(=O)Nc2cnc3[nH]ccc3n2)C1,7.04,0.0,1
CHEMBL2971,CC(=O)N1CCCC(Nc2nc(C)ccc2-c2cnc3[nH]cc(Cl)c3n2)C1,9.83,0.0,1
CHEMBL2971,CC(=O)N1CCCC(Nc2nc(C)ccc2-c2cnc3[nH]ccc3n2)C1,10.06,0.0,1
CHEMBL2971,CC(=O)N1CCCCC(Nc2ncccc2-c2cnc3[nH]ccc3n2)C1,10.72,0.0,1
CHEMBL2971,CC(=O)N1CCC[C@@H](Nc2ncccc2-c2cnc3[nH]ccc3n2)C1,10.64,0.0,1
CHEMBL2971,CC(=O)N1CCC[C@H](Nc2ncccc2-c2cnc3[nH]ncc3n2)C1,8.0,0.0,1
CHEMBL2971,CC(=O)N1CCC[C@H](Nc2ncccc2-c2cnc3cc[nH]c3n2)C1,8.0,0.0,1
CHEMBL2971,CC(=O)N1CCC[C@H](Nc2ncccc2-c2cnc3ccn(C)c3n2)C1,8.0,0.0,1
CHEMBL2971,CC(=O)N1CCN(C(=O)c2ccc(-c3cccc4nc(NC(=O)C5CC5)nn34)cc2)CC1,6.12,0.0,1
CHEMBL2971,CC(=O)N1CCN(C2CCC(CC#N)(n3cc(C(N)=O)c(Nc4ccc(F)cc4)n3)CC2)CC1,6.65,0.0,1
CHEMBL2971,CC(=O)N1CCN(Cc2ccc(-c3cccc4nc(NC(=O)C5CC5)nn34)cc2)CC1,6.07,0.0,1
CHEMBL2971,CC(=O)N1CCN(S(=O)(=O)C[C@H]2C[C@@H](N(C)c3ncnc4[nH]ccc34)C2)CC1,5.89,0.0,1
CHEMBL2971,CC(=O)N1CCN(S(=O)(=O)c2ccc(Nc3nn([C@H]4CCCC[C@@H]4C#N)cc3C(N)=O)cc2)CC1,9.0,0.0,1
CHEMBL2971,CC(=O)N1CCN(c2ccc(Nc3ncc(C)c(N4CCC5(CCNC5=O)CC4)n3)cc2)CC1,7.28,0.0,1
CHEMBL2971,CC(=O)N1CCN(c2ccc(Nc3ncc4ccn(-c5cccc(NS(=O)(=O)C(C)(C)C)c5)c4n3)cc2)CC1,7.35,0.0,1
CHEMBL2971,CC(=O)N1CCN(c2ccc(Nc3ncc4ccn(-c5cccc(NS(=O)(=O)C6CC6)c5)c4n3)cc2)CC1,4.6,0.0,1
CHEMBL2971,CC(=O)N1CCN(c2ccc(Nc3ncnc(-c4ccc(OC5CCOCC5)c(C#N)c4)n3)cc2)CC1,6.65,0.0,1
CHEMBL2971,CC(=O)N1CCN(c2ccc3cc2COCC=CCOCc2cccc(c2)-c2ccnc(n2)N3)CC1,6.92,0.0,1
CHEMBL2971,CC(=O)N1CC[C@@H](Nc2ncccc2-c2cnc3[nH]ccc3n2)C1,10.03,0.0,1
CHEMBL2971,CC(=O)N1CC[C@H](Nc2ncccc2-c2cnc3[nH]ccc3n2)C1,10.4,0.0,1
CHEMBL2971,CC(=O)N1CC[C@H](Oc2ccc(-c3ncnc(Nc4ccc(C5CCNCC5)cc4)n3)cc2C#N)C(F)(F)C1,6.51,0.0,1
CHEMBL2971,CC(=O)N1CC[C@H](Oc2ccc(-c3ncnc(Nc4ccc(N5CCN(C6COC6)CC5)cc4)n3)cc2C#N)[C@H](F)C1,6.35,0.0,1
CHEMBL2971,CC(=O)N1CC[C@H](Oc2ccc(-c3ncnc(Nc4ccc(S(C)(=N)=O)cc4)n3)cc2C#N)C(F)(F)C1,6.5,0.0,1
CHEMBL2971,CC(=O)N1CC[C@H]2CC(N(C)c3ncnc4[nH]ccc34)C[C@H]2C1,7.8,0.0,1
CHEMBL2971,CC(=O)N1CCc2[nH]c(-c3n[nH]c4nc(-c5cc(F)c(O)cc5CC(F)(F)F)nc(NCc5cc(O)ccc5N(C)S(C)(=O)=O)c34)nc2C1,7.84,0.0,1
CHEMBL2971,CC(=O)N1CCc2cc(Nc3ncc(C)c(-c4cnn(C(C)C)c4)n3)ccc21,8.22,0.0,1
CHEMBL2971,CC(=O)N1Cc2ccc(Nc3nn([C@H]4CCCC[C@@H]4C#N)c4cc[nH]c(=O)c34)cc2C1,6.04,0.0,1
CHEMBL2971,CC(=O)NC1CC(CC#N)(n2ccc(-c3nc(-c4cc[nH]n4)cc4ncccc34)n2)C1,5.46,0.0,1
CHEMBL2971,CC(=O)NC1CCCN(C(=O)c2ccc(-c3cccc4nc(NC(=O)C5CC5)nn34)cc2)C1,6.12,0.0,1
CHEMBL2971,CC(=O)NC1CCN(C(=O)Cc2ccc(-c3cccc4nc(NC(=O)C5CC5)nn34)cc2)CC1,6.12,0.0,1
CHEMBL2971,CC(=O)NC1CN(C(=O)c2ccc(-c3cccc4nc(NC(=O)C5CC5)nn34)cc2)C1,6.12,0.0,1
CHEMBL2971,CC(=O)NCC(=O)N1C[C@H](N(C)c2ncnc3[nH]ccc23)C2(CC2)C1,4.8,0.0,1
CHEMBL2971,CC(=O)NCC1CCCN(S(=O)(=O)C[C@H]2CC[C@H](N(C)c3ncnc4[nH]ccc34)CC2)C1,7.82,0.0,1
CHEMBL2971,CC(=O)NCSC[C@@H]1NC(=O)[C@H]([C@@H](C)O)NC(=O)[C@H](NC(C)=O)CSCc2cccc(c2)CSC[C@@H](C(=O)N[C@@H](Cc2cnc[nH]2)C(N)=O)NC(=O)[C@H](CCCNC(=N)N)NC(=O)[C@H](Cc2cccc3ccccc23)NC(=O)[C@H]([C@@H](C)O)NC(=O)[C@H](CCC(N)=O)NC(=O)[C@H](CCCNC(=N)N)NC1=O,5.66,0.0,1
CHEMBL2971,CC(=O)NCc1cc(Nc2nn([C@H]3CCCC[C@@H]3C#N)c3cc[nH]c(=O)c23)ccc1S(=O)(=O)N(C)C,6.1,0.0,1
CHEMBL2971,CC(=O)N[C@@H](C)C(=O)N1CC[C@H](Oc2ccc(-c3ncnc(Nc4ccc(N5CCN(C6COC6)CC5)cc4)n3)cc2C#N)[C@H](F)C1,6.32,0.0,1
CHEMBL2971,CC(=O)N[C@@H]1CCN(C[C@H]2CC[C@H](c3nnn4cnc5[nH]ccc5c34)CC2)C1,7.24,0.0,1
CHEMBL2971,CC(=O)N[C@@H]1CCc2ccc(Oc3cnc4[nH]cc(C(=O)N[C@@H](C(=O)N5CC(C#N)C5)C5CC5)c4n3)cc21,4.63,0.0,1
CHEMBL2971,CC(=O)N[C@@H]1CCc2ccc(Oc3cnc4[nH]cc(C(=O)N[C@@H](C)C5CC5)c4n3)cc21,5.44,0.0,1
CHEMBL2971,CC(=O)N[C@@H]1CCc2ccc(Oc3cnc4[nH]cc(C(=O)N[C@H](C)C5CC5)c4n3)cc21,4.79,0.0,1
CHEMBL2971,CC(=O)N[C@H]1CCN(C[C@H]2CC[C@H](c3nnn4cnc5[nH]ccc5c34)CC2)C1,6.64,0.0,1
CHEMBL2971,CC(=O)Nc1cc(-c2cc3ncccc3c(-c3ccn(C4(CC#N)CN(S(C)(=O)=O)C4)n3)n2)cnc1C,5.18,0.0,1
CHEMBL2971,CC(=O)Nc1cc(-c2cc3ncccc3c(-c3ccn(C4(CC#N)CN(S(C)(=O)=O)C4)n3)n2)cnc1NC(C)=O,5.1,0.0,1
CHEMBL2971,CC(=O)Nc1ccc(-c2ccnc(NCC3CN(C(=O)c4c(Cl)cccc4Cl)C3)n2)cc1,5.3,0.0,1
CHEMBL2971,CC(=O)Nc1ccc(-c2ccnc(NCCCNC(=O)c3c(Cl)cccc3Cl)n2)cc1,6.98,0.0,1
CHEMBL2971,CC(=O)Nc1ccc(-c2ccnc(NCc3ccc(OCCCCCC(=O)NO)cc3)n2)cc1,8.59,0.0,1
CHEMBL2971,CC(=O)Nc1ccc(-c2ccnc(Nc3ccc(N4CCCCC4)cc3)n2)cc1,8.54,0.0,1
CHEMBL2971,CC(=O)Nc1ccc(-c2ccnc(Nc3ccc(N4CCN(C)CC4)cc3)n2)cc1,8.1,0.0,1
CHEMBL2971,CC(=O)Nc1ccc(-c2ccnc(Nc3ccc(N4CCOCC4)cc3)n2)cc1,7.805,0.898025612106915,2
CHEMBL2971,CC(=O)Nc1ccc(-c2ccnc(Nc3ccc(NC(=O)CCCCC(=O)NO)cc3)n2)cc1,7.23,0.0,1
CHEMBL2971,CC(=O)Nc1ccc(-c2ccnc(Nc3ccc(NC(=O)CCCCCCC(=O)NO)cc3)n2)cc1,9.05,0.0,1
CHEMBL2971,CC(=O)Nc1ccc(-c2ccnc(Nc3ccc(OCCCCCC(=O)NO)cc3)n2)cc1,7.48,0.0,1
CHEMBL2971,CC(=O)Nc1ccc(-c2ccnc(Nc3ccc(OCCCCCCC(=O)NO)cc3)n2)cc1,7.64,0.0,1
CHEMBL2971,CC(=O)Nc1ccc(-c2ccnc(Nc3ccc(OCCCCCCCC(=O)NO)cc3)n2)cc1,7.34,0.0,1
CHEMBL2971,CC(=O)Nc1ccc(-c2ccnc(Nc3cccc(N4CCCCC4)c3)n2)cc1,8.025,0.2333452377915604,2
CHEMBL2971,CC(=O)Nc1ccc(-c2ccnc(Nc3cccc(N4CCOCC4)c3)n2)cc1,8.045,0.4737615433949871,2
CHEMBL2971,CC(=O)Nc1ccc(-c2ccnc(Nc3cccc(NC(=O)CCCCC(=O)NO)c3)n2)cc1,8.59,0.0,1
CHEMBL2971,CC(=O)Nc1ccc(-c2ccnc(Nc3cccc(NC(=O)CCCCCCC(=O)NO)c3)n2)cc1,8.04,0.0,1
CHEMBL2971,CC(=O)Nc1ccc(-c2ccnc(Nc3cccc(NC(=O)c4c(Cl)cccc4Cl)c3)n2)cc1,7.9,0.0,1
CHEMBL2971,CC(=O)Nc1ccc(-c2ccnc(Nc3cccc(NC(=O)c4c(Cl)cccc4Cl)n3)n2)cc1,6.89,0.0,1
CHEMBL2971,CC(=O)Nc1ccc(-c2ccnc(Nc3cccc(NC(=O)c4ccccc4)c3)n2)cc1,7.96,0.0,1
CHEMBL2971,CC(=O)Nc1ccc(-c2ccnc(Nc3cccc(NC(=O)c4ccccc4Cl)c3)n2)cc1,8.16,0.0,1
CHEMBL2971,CC(=O)Nc1ccc(-c2ccnc(Nc3cccc(OCCCCCC(=O)NO)c3)n2)cc1,8.47,0.0,1
CHEMBL2971,CC(=O)Nc1ccc(-c2ccnc(Nc3cccc(OCCCCCCC(=O)NO)c3)n2)cc1,8.44,0.0,1
CHEMBL2971,CC(=O)Nc1ccc(-c2ccnc(Nc3cccc(OCCCCCCCC(=O)NO)c3)n2)cc1,7.77,0.0,1
CHEMBL2971,CC(=O)Nc1ccc(-c2ccnc(Nc3ccccc3)n2)cc1,7.725,0.23334523779156074,2
CHEMBL2971,CC(=O)Nc1ccc(-c2nc(Nc3ccc(N4CCOCC4)cc3)ncc2C(F)(F)F)cc1,7.4,0.0,1
CHEMBL2971,CC(=O)Nc1ccc(-c2nc(Nc3ccc(N4CCOCC4)cc3)ncc2C)cc1,7.914999999999999,0.5303300858899097,2
CHEMBL2971,CC(=O)Nc1ccc(-c2nc(Nc3ccc(N4CCOCC4)cc3)ncc2F)cc1,8.36,0.0,1
CHEMBL2971,CC(=O)Nc1ccc(-c2nc(Nc3ccc(OCCCCCC(=O)NO)cc3)ncc2C)cc1,7.59,0.0,1
CHEMBL2971,CC(=O)Nc1ccc(-c2nc(Nc3cccc(OCCCCCCC(=O)NO)c3)ncc2C)cc1,8.41,0.0,1
CHEMBL2971,CC(=O)Nc1ccc(-c2nc(Nc3cccc(OCCCCCCCC(=O)NO)c3)ncc2C)cc1,8.53,0.0,1
CHEMBL2971,CC(=O)Nc1ccc(CN2CCC(CC#N)(n3cc(C(N)=O)c(Nc4ccccc4)n3)CC2)cc1,6.89,0.0,1
CHEMBL2971,CC(=O)Nc1ccc(COc2ccc(-c3cccc4nc(NC(=O)C5CC5)nn34)cc2)cc1,6.52,0.0,1
CHEMBL2971,CC(=O)Nc1ccc(Sc2cccn3nc(Nc4ccc(C5CCN(C(=O)OC(C)(C)C)CC5)cc4)nc23)cc1,5.0,0.0,1
CHEMBL2971,CC(=O)Nc1cccc(-c2cc(-c3cnn(C4(CC#N)CC(C#N)C4)n3)c3cccnc3c2)n1,7.145,0.4737615433949877,2
CHEMBL2971,CC(=O)Nc1cccc(-c2cc(C(N)=O)c3[nH]c4cc(C(=O)N5CCN(C)CC5)ccc4c3c2)c1,7.57,0.0,1
CHEMBL2971,CC(=O)Nc1cccc(-c2ccc(C(N)=O)c3[nH]c4cc(C(=O)N5CCN(C)CC5)ccc4c23)c1C,6.67,0.0,1
CHEMBL2971,CC(=O)Nc1cccc(-c2cnc(N)c(NC(C)c3ccccc3)n2)c1,6.44,0.0,1
CHEMBL2971,CC(=O)Nc1cccc(-c2cnc(N)c(N[C@H](C)c3ccccc3)n2)c1,6.75,0.0,1
CHEMBL2971,CC(=O)Nc1cccc(Nc2nc3c(-c4ccc(S(C)(=O)=O)cc4)cccn3n2)c1,8.46,0.0,1
CHEMBL2971,CC(=O)OC[C@H]1CC[C@H](c2nnn3cnc4[nH]ccc4c23)CC1,7.295,1.1525840533340717,2
CHEMBL2971,CC(=O)SC[C@H]1CC[C@H](c2nnn3cnc4[nH]ccc4c23)CC1,7.995000000000001,0.7848885271170684,2
CHEMBL2971,CC(=O)c1ccc(NC(=O)N2CCN(c3ccnc(Nc4ccc(N5CCOCC5)cc4)n3)CC2)cc1,8.54,0.0,1
CHEMBL2971,CC(=O)c1ccc(NC(=O)N2CCN(c3nc(Nc4ccc(N5CCOCC5)cc4)ncc3Cl)CC2)cc1,8.74,0.0,1
CHEMBL2971,CC(=O)c1ccc(Nc2nn(C3(CC#N)CCN(C(=O)OC(C)(C)C)CC3)cc2C(N)=O)cc1,8.52,0.0,1
CHEMBL2971,CC(=O)c1ccc(Nc2nn([C@H]3CCCC[C@@H]3C#N)cc2C(N)=O)cc1,8.7,0.0,1
CHEMBL2971,CC(=O)c1ccc(Nc2nn([C@H]3CC[C@@H](N4CCC4)C[C@@H]3C#N)cc2C(N)=O)cc1,7.75,0.0,1
CHEMBL2971,CC(=O)c1ccc(Nc2nn([C@H]3CC[C@H](N4CCC4)C[C@@H]3C#N)cc2C(N)=O)cc1,8.05,0.0,1
CHEMBL2971,CC(=O)c1cccc(NC(=O)N2CC(CC#N)(n3cc(C(N)=O)c(Nc4ccccc4)n3)C2)c1,7.07,0.0,1
CHEMBL2971,CC(=O)c1cnc(-c2cnc3[nH]ccc3c2N[C@@H]2CCCN(C(=O)CC#N)C2)o1,7.26,0.0,1
CHEMBL2971,CC(C#N)=C1CCC(c2nnn3cnc4[nH]ccc4c23)CC1,7.26,0.0,1
CHEMBL2971,CC(C#N)C1(n2cc(C(N)=O)c(Nc3ccc(F)cc3)n2)CCN(C(=O)OC(C)(C)C)CC1,6.79,0.0,1
CHEMBL2971,CC(C#N)OC(=O)N1CCC(CC#N)(n2nc(Nc3ccc(S(=O)(=O)N(C)C)cc3)c3c(=O)[nH]ccc32)CC1,10.0,0.0,1
CHEMBL2971,CC(C#N)[C@H]1CC[C@@H](c2nnn3cnc4[nH]ccc4c23)CC1,6.47,0.0,1
CHEMBL2971,CC(C#N)[C@H]1CC[C@H](c2nnn3cnc4[nH]ccc4c23)CC1,8.17,0.0,1
CHEMBL2971,CC(C(=O)N1CCC(CC#N)(n2cc(C(N)=O)c(Nc3ccnc(F)c3)n2)CC1)C(F)(F)F,7.89,0.0,1
CHEMBL2971,CC(C)(C#N)C(=O)N1CC2(CCC(c3cccc4nc(NC(=O)C5CC5)nn34)CC2)C1,6.68,0.0,1
CHEMBL2971,CC(C)(C#N)C1CCN(c2nc(Nc3ccc(N4CCC(CC(=O)O)CC4)cc3)c3c(=O)[nH]ncc3n2)CC1,7.52,0.0,1
CHEMBL2971,CC(C)(C#N)CNC(=O)Cc1nc2cnc3[nH]ccc3c2n1C1CCC(CC#N)CC1,8.25,0.0,1
CHEMBL2971,CC(C)(C#N)CNC(=O)Cc1nc2cnc3[nH]ccc3c2n1[C@H]1CC[C@H](CC#N)CC1,7.8933333333333335,0.6351640208114223,3
CHEMBL2971,CC(C)(C#N)COC(=O)N1CC[C@@H](C#N)[C@H](n2cc(C(N)=O)c(Nc3ccc(F)cc3)n2)C1,7.39,0.0,1
CHEMBL2971,CC(C)(C#N)COC(=O)N1CC[C@@H](n2cc(C(N)=O)c(Nc3ccc(F)cc3)n2)[C@H](C#N)C1,6.39,0.0,1
CHEMBL2971,CC(C)(C#N)N1CCN(CCOc2ccc(Nc3nc(N4CCCCCC4)nc4cn[nH]c(=O)c34)cc2)CC1,7.52,0.0,1
CHEMBL2971,CC(C)(C#N)NC(=O)c1ccc(-c2ccnc(Nc3ccc(N4CCOCC4)cc3)n2)cc1,6.26,0.0,1
CHEMBL2971,CC(C)(C#N)NC(=O)c1cnn2ccc(N3CCC[C@@H]3c3cc(F)ccc3F)nc12,8.89,0.0,1
CHEMBL2971,CC(C)(C#N)NC(=O)c1cnn2ccc(N3CCC[C@@H]3c3cncc(F)c3)nc12,7.22,0.0,1
CHEMBL2971,CC(C)(C#N)c1ccc(Nc2nccc(N3C[C@H]4CC[C@@H](C3)N4C(=O)[C@@H]3CC3(F)F)n2)cn1,6.72,0.0,1
CHEMBL2971,CC(C)(C(=O)N1CCC(CC#N)(n2cc(C(N)=O)c(Nc3ccnc(F)c3)n2)CC1)C(F)(F)F,7.55,0.0,1
CHEMBL2971,CC(C)(C(=O)NCC(F)(F)F)c1ccc(Nc2nn([C@H]3CCCC[C@@H]3C#N)cc2C(N)=O)cc1,9.18,0.0,1
CHEMBL2971,CC(C)(C(=O)O)N1CCN(c2ccc(Nc3nc(N4CCC(CC#N)CC4)nc(C=N)c3C(N)=O)cc2)CC1,7.52,0.0,1
CHEMBL2971,CC(C)(C(=O)O)N1Cc2cc(Nc3nn([C@@H](CC#N)C4CC4)c4cc[nH]c(=O)c34)ccc2C1=O,6.27,0.0,1
CHEMBL2971,CC(C)(C(=O)O)c1ccc(Nc2nn([C@@H]3CCCC[C@H]3C#N)cc2C(N)=O)cc1,8.15,0.0,1
CHEMBL2971,CC(C)(C(=O)O)c1ccc(Nc2nn([C@H]3CCC(N4CC5(CCC5)C4)C[C@@H]3C#N)cc2C(N)=O)cc1,7.1,0.0,1
CHEMBL2971,CC(C)(C(=O)O)c1ccc(Nc2nn([C@H]3CCC(N4CCC4)C[C@@H]3C#N)cc2C(N)=O)cc1,7.01,0.0,1
CHEMBL2971,CC(C)(C(=O)O)c1ccc(Nc2nn([C@H]3CCCC[C@@H]3C#N)cc2C(N)=O)cc1,7.14,0.0,1
CHEMBL2971,CC(C)(C(=O)O)c1ccc(Nc2nn([C@H]3CC[C@@H](N4CCC4)C[C@@H]3C#N)cc2C(N)=O)cc1,6.89,0.0,1
CHEMBL2971,CC(C)(C)C(=O)N1CC(CC#N)(n2cc(C(N)=O)c(Nc3ccccc3)n2)C1,6.24,0.0,1
CHEMBL2971,CC(C)(C)C(=O)N1CCC(CC#N)(n2cc(C(N)=O)c(Nc3ccccc3)n2)CC1,7.04,0.0,1
CHEMBL2971,CC(C)(C)C/C(=N/O)NCc1nc2cnc3[nH]ccc3c2n1[C@H]1CC[C@H](CC#N)CC1,7.53,0.0,1
CHEMBL2971,CC(C)(C)C1CCN(C(=O)c2ccc(-c3cccc4nc(NC(=O)C5CC5)nn34)cc2)CC1,6.12,0.0,1
CHEMBL2971,CC(C)(C)CC(=O)N1CCC(CC#N)(n2cc(C(N)=O)c(Nc3ccnc(F)c3)n2)CC1,7.36,0.0,1
CHEMBL2971,CC(C)(C)CC(C)(C)NC(=O)N1CC(CC#N)(n2cc(C(N)=O)c(Nc3ccccc3)n2)C1,5.83,0.0,1
CHEMBL2971,CC(C)(C)CCOC(=O)N1CC[C@@H](C#N)[C@H](n2cc(C(N)=O)c(Nc3ccc(F)cc3)n2)C1,6.93,0.0,1
CHEMBL2971,CC(C)(C)CNC(=O)Cc1nc2cnc3[nH]ccc3c2n1[C@H]1CC[C@H](CC#N)CC1,8.27,0.0,1
CHEMBL2971,CC(C)(C)CNC(c1ccc(Nc2nn([C@H]3COCC[C@@H]3C#N)c3cc[nH]c(=O)c23)cc1)C(F)(F)F,5.779999999999999,0.2687005768508883,2
CHEMBL2971,CC(C)(C)CNc1c(C(N)=O)cnn2cc(-c3ccccc3)cc12,6.96,0.0,1
CHEMBL2971,CC(C)(C)CNc1nc2cc[nH]c(=O)c2cc1-c1ccc(F)cc1,4.54,0.0,1
CHEMBL2971,CC(C)(C)COC(=O)N1CC(CC#N)(n2cc(C(N)=O)c(Nc3ccccc3)n2)C1,6.43,0.0,1
CHEMBL2971,CC(C)(C)COC(=O)N1CCC(CC#N)(n2cc(C(N)=O)c(Nc3ccccc3)n2)CC1,6.6,0.0,1
CHEMBL2971,CC(C)(C)COC(=O)N1CC[C@@H](C#N)[C@H](n2cc(C(N)=O)c(Nc3ccc(F)cc3)n2)C1,6.84,0.0,1
CHEMBL2971,CC(C)(C)COC(=O)N1CC[C@@H](n2cc(C(N)=O)c(Nc3ccc(F)cc3)n2)[C@H](C#N)C1,5.875,0.049497474683058526,2
CHEMBL2971,CC(C)(C)COC(=O)NCc1nc2cnc3[nH]ccc3c2n1[C@H]1CC[C@H](CC#N)CC1,7.18,0.0,1
CHEMBL2971,CC(C)(C)CS(=O)(=O)N1CCC[C@H](NC(=O)Nc2cnc3[nH]ccc3n2)C1,7.8,0.0,1
CHEMBL2971,CC(C)(C)CS(=O)(=O)N1CCC[C@H](Nc2ncccc2-c2cnc3[nH]ccc3n2)C1,9.115,2.114249275747776,2
CHEMBL2971,CC(C)(C)N1CCN(Cc2ccc3c(c2)[nH]c2c(C(N)=O)cc(-c4cccc(Cl)c4)nc23)CC1,9.0,0.0,1
CHEMBL2971,CC(C)(C)N1Cc2cc(Nc3nn(C4(CC#N)CCCC4)c4cc[nH]c(=O)c34)ccc2S1(=O)=O,9.29,0.0,1
CHEMBL2971,CC(C)(C)N1Cc2cc(Nc3nn(C4(CC#N)CCCCC4)c4cc[nH]c(=O)c34)ccc2S1(=O)=O,8.92,0.0,1
CHEMBL2971,CC(C)(C)N1Cc2cc(Nc3nn(C4(CC#N)CCOCC4)c4cc[nH]c(=O)c34)ccc2S1(=O)=O,9.11,0.0,1
CHEMBL2971,CC(C)(C)N1Cc2cc(Nc3nn([C@@H](CC#N)C4CC4)c4cc[nH]c(=O)c34)ccc2C1=O,5.88,0.0,1
CHEMBL2971,CC(C)(C)N1Cc2cc(Nc3nn([C@@H](CC#N)C4CC4)c4cc[nH]c(=O)c34)ccc2S1(=O)=O,6.55,0.0,1
CHEMBL2971,CC(C)(C)N1Cc2cc(Nc3nn([C@@H]4CCCCC[C@@H]4C#N)c4cc[nH]c(=O)c34)ccc2S1(=O)=O,5.66,0.0,1
CHEMBL2971,CC(C)(C)N1Cc2cc(Nc3nn([C@@H]4CCCCC[C@H]4C#N)c4cc[nH]c(=O)c34)ccc2S1(=O)=O,6.51,0.0,1
CHEMBL2971,CC(C)(C)N1Cc2cc(Nc3nn([C@@]4(CC#N)CCOC4)c4cc[nH]c(=O)c34)ccc2S1(=O)=O,8.65,0.0,1
CHEMBL2971,CC(C)(C)N1Cc2cc(Nc3nn([C@@]4(CC#N)CCOC[C@H]4F)c4cc[nH]c(=O)c34)ccc2C1=O,8.63,0.0,1
CHEMBL2971,CC(C)(C)N1Cc2cc(Nc3nn([C@@]4(CC#N)CCOC[C@H]4F)c4cc[nH]c(=O)c34)ccc2S1(=O)=O,8.48,0.0,1
CHEMBL2971,CC(C)(C)N1Cc2cc(Nc3nn([C@H]4CCCCC[C@@H]4C#N)c4cc[nH]c(=O)c34)ccc2S1(=O)=O,5.07,0.0,1
CHEMBL2971,CC(C)(C)N1Cc2cc(Nc3nn([C@H]4CCCCC[C@H]4C#N)c4cc[nH]c(=O)c34)ccc2S1(=O)=O,5.52,0.0,1
CHEMBL2971,CC(C)(C)N1Cc2cc(Nc3nn([C@H]4CCCC[C@@H]4C#N)c4cc[nH]c(=O)c34)ccc2C1=O,6.32,0.0,1
CHEMBL2971,CC(C)(C)N1Cc2cc(Nc3nn([C@H]4CCCC[C@@H]4C#N)c4cc[nH]c(=O)c34)ccc2S1(=O)=O,6.72,0.0,1
CHEMBL2971,CC(C)(C)N1Cc2cc(Nc3nn([C@H]4CCC[C@@H]4C#N)c4cc[nH]c(=O)c34)ccc2S1(=O)=O,6.55,0.0,1
CHEMBL2971,CC(C)(C)N1Cc2cc(Nc3nn([C@H]4COCC[C@@H]4C#N)c4cc[nH]c(=O)c34)ccc2S1(=O)=O,6.82,0.0,1
CHEMBL2971,CC(C)(C)N1Cc2cc(Nc3nn([C@]4(CC#N)CCCOC4)c4cc[nH]c(=O)c34)ccc2S1(=O)=O,9.77,0.0,1
CHEMBL2971,CC(C)(C)N1Cc2cc(Nc3nn([C@]4(CC#N)CCOC4)c4cc[nH]c(=O)c34)ccc2S1(=O)=O,8.02,0.0,1
CHEMBL2971,CC(C)(C)N1Cc2cc(Nc3nn([C@]4(CC#N)CCOC[C@@H]4F)c4cc[nH]c(=O)c34)ccc2C1=O,10.3,0.0,1
CHEMBL2971,CC(C)(C)N1Cc2cc(Nc3nn([C@]4(CC#N)CCOC[C@@H]4F)c4cc[nH]c(=O)c34)ccc2S1(=O)=O,10.22,0.0,1
CHEMBL2971,CC(C)(C)N1Cc2cc(Nc3nn([C@]4(CC#N)CC[C@@H](N5CC(F)C5)CC4)c4cc[nH]c(=O)c34)ccc2S1(=O)=O,9.68,0.0,1
CHEMBL2971,CC(C)(C)N1Cc2cc(Nc3nn([C@]4(CC#N)CC[C@H](N5CC(F)C5)CC4)c4cc[nH]c(=O)c34)ccc2S1(=O)=O,8.16,0.0,1
CHEMBL2971,CC(C)(C)NC(=O)Nc1ccc(-c2ccc3[nH]nc(N)c3c2)cc1,5.41,0.0,1
CHEMBL2971,CC(C)(C)NC(=O)[C@@H]1CC[C@@H](n2cc(C(N)=O)c(Nc3ccc(Cl)cc3)n2)[C@H](C#N)C1,6.37,0.0,1
CHEMBL2971,CC(C)(C)NC(=O)[C@@H]1CC[C@@](CC#N)(n2nc(Nc3ccc4c(c3)CN(C(C)(C)C)S4(=O)=O)c3c(=O)[nH]ccc32)CO1,8.71,0.0,1
CHEMBL2971,CC(C)(C)NC(=O)c1ccc(-c2ccc3[nH]nc(N)c3c2)cc1,5.71,0.0,1
CHEMBL2971,CC(C)(C)NC(=O)c1cncc(Nc2nn([C@H]3CCCC[C@@H]3C#N)cc2C(N)=O)c1,6.54,0.0,1
CHEMBL2971,CC(C)(C)NC(=O)c1cnn2ccc(N3CC(F)(F)C[C@@H]3c3cccc(F)c3)nc12,7.77,0.0,1
CHEMBL2971,CC(C)(C)NC(=O)c1cnn2ccc(N3CCCC3c3cc(F)cnc3CO)nc12,6.06,0.0,1
CHEMBL2971,CC(C)(C)NC(=O)c1cnn2ccc(N3CCC[C@@H]3c3cc(F)c[nH]c3=O)nc12,7.71,0.0,1
CHEMBL2971,CC(C)(C)NC(=O)c1cnn2ccc(N3CCC[C@@H]3c3cc(F)ccc3F)nc12,9.15,0.0,1
CHEMBL2971,CC(C)(C)NC(=O)c1cnn2ccc(N3CCC[C@@H]3c3cc(F)cnc3CO)nc12,7.4,1.8950461735799475,2
CHEMBL2971,CC(C)(C)NC(=O)c1cnn2ccc(N3CCC[C@@H]3c3cccc(F)c3)nc12,8.68,0.0,1
CHEMBL2971,CC(C)(C)NC(=O)c1cnn2ccc(N3CCC[C@@H]3c3cncc(F)c3)nc12,7.98,0.0,1
CHEMBL2971,CC(C)(C)NC(=O)c1cnn2ccc(N3C[C@H](O)C[C@@H]3c3cccc(F)c3)nc12,7.32,0.0,1
CHEMBL2971,CC(C)(C)NC(c1ccc(Nc2nn([C@@H](CC#N)C3CC3)c3cc[nH]c(=O)c23)cc1)C(F)(F)F,6.246666666666667,0.11590225767142476,3
CHEMBL2971,CC(C)(C)NC(c1ccc(Nc2nn([C@@H](CC#N)C3CC3)c3cc[nH]c(=O)c23)cc1Cl)C(F)(F)F,5.24,0.3394112549695431,2
CHEMBL2971,CC(C)(C)NC(c1ccc(Nc2nn([C@@H](CC#N)C3CC3)c3cc[nH]c(=O)c23)cc1F)C(F)(F)F,5.555,0.23334523779156074,2
CHEMBL2971,CC(C)(C)NC(c1ccc(Nc2nn([C@H]3COCC[C@@H]3C#N)c3cc[nH]c(=O)c23)cc1)C(F)(F)F,6.949999999999999,0.1414213562373093,2
CHEMBL2971,CC(C)(C)NC(c1ccc(Nc2nn([C@]3(CC#N)CCCOC3)c3cc[nH]c(=O)c23)cc1)C(F)(F)F,9.594999999999999,0.24748737341529076,2
CHEMBL2971,CC(C)(C)NC(c1ccc(Nc2nn([C@]3(CC#N)CC[C@@H](C(=O)OC(C)(C)C)OC3)c3cc[nH]c(=O)c23)cc1)C(F)(F)F,9.129999999999999,0.05656854249492448,2
CHEMBL2971,CC(C)(C)NC[C@H]1CC[C@H](c2nnn3cnc4[nH]ccc4c23)CC1,7.35,0.0,1
CHEMBL2971,CC(C)(C)NS(=O)(=O)N1CCC[C@H](Nc2ncccc2-c2cnc3[nH]ccc3n2)C1,9.65,0.0,1
CHEMBL2971,CC(C)(C)NS(=O)(=O)c1ccc(-c2cc(Cl)c3[nH]nc(N)c3c2)cc1,5.91,0.0,1
CHEMBL2971,CC(C)(C)NS(=O)(=O)c1ccc(-c2ccc3[nH]nc(N)c3c2)c(Cl)c1,7.41,0.0,1
CHEMBL2971,CC(C)(C)NS(=O)(=O)c1ccc(-c2ccc3[nH]nc(N)c3c2)cc1,7.11,0.0,1
CHEMBL2971,CC(C)(C)NS(=O)(=O)c1ccc(Nc2nn(C3(CC#N)CCN(C(=O)C(C)(F)F)CC3)c3cc[nH]c(=O)c23)cc1,9.72,0.0,1
CHEMBL2971,CC(C)(C)NS(=O)(=O)c1ccc(Nc2nn(C3CCC[C@@H]3C#N)c3cc[nH]c(=O)c23)cc1,6.32,0.0,1
CHEMBL2971,CC(C)(C)NS(=O)(=O)c1ccc(Nc2nn([C@@H](CC#N)C3CC3)c3cc[nH]c(=O)c23)cc1,6.47,0.0,1
CHEMBL2971,CC(C)(C)NS(=O)(=O)c1ccc(Nc2nn([C@H]3CCCC[C@@H]3C#N)c3cc[nH]c(=O)c23)cc1,6.37,0.0,1
CHEMBL2971,CC(C)(C)NS(=O)(=O)c1ccc(Nc2nn([C@H]3COCC[C@@H]3C#N)c3cc[nH]c(=O)c23)cc1,6.68,0.0,1
CHEMBL2971,CC(C)(C)NS(=O)(=O)c1ccc(Nc2nn([C@]3(CC#N)CCCOC3)c3cc[nH]c(=O)c23)cc1,9.22,0.0,1
CHEMBL2971,CC(C)(C)NS(=O)(=O)c1cccc(-c2ccc3[nH]nc(N)c3c2)c1,5.45,0.0,1
CHEMBL2971,CC(C)(C)N[C@@H](c1ccc(Nc2nn([C@@]3(CC#N)CCOC[C@H]3F)c3cc[nH]c(=O)c23)cc1)C(F)(F)F,8.32,0.0,1
CHEMBL2971,CC(C)(C)N[C@@H](c1ccc(Nc2nn([C@]3(CC#N)CCOC[C@@H]3F)c3cc[nH]c(=O)c23)cc1)C(F)(F)F,9.89,0.0,1
CHEMBL2971,CC(C)(C)N[C@@H]1CC[C@H](n2cc(C(N)=O)c(Nc3ccc([C@H](O)C(F)(F)F)cc3)n2)[C@@H](C#N)C1,7.64,0.0,1
CHEMBL2971,CC(C)(C)N[C@H](c1ccc(Nc2nn([C@@]3(CC#N)CCOC[C@H]3F)c3cc[nH]c(=O)c23)cc1)C(F)(F)F,8.4,0.0,1
CHEMBL2971,CC(C)(C)N[C@H](c1ccc(Nc2nn([C@]3(CC#N)CCOC[C@@H]3F)c3cc[nH]c(=O)c23)cc1)C(F)(F)F,10.05,0.0,1
CHEMBL2971,CC(C)(C)N[C@H]1CCC(n2cc(C(N)=O)c(Nc3ccc(C(F)(F)F)cc3)n2)[C@@H](C#N)C1,7.58,0.0,1
CHEMBL2971,CC(C)(C)N[C@H]1CCC(n2cc(C(N)=O)c(Nc3ccccc3)n2)[C@@H](C#N)C1,7.55,0.0,1
CHEMBL2971,CC(C)(C)N[C@H]1CC[C@H](n2cc(C(N)=O)c(Nc3ccc(Cl)cc3)n2)[C@@H](C#N)C1,7.75,0.0,1
CHEMBL2971,CC(C)(C)OC(=O)C(C)(C)N1Cc2cc(Nc3nn(C4(CC#N)CCCC4)c4cc[nH]c(=O)c34)ccc2C1=O,9.13,0.0,1
CHEMBL2971,CC(C)(C)OC(=O)C(C)(C)N1Cc2cc(Nc3nn([C@@H](CC#N)C4CC4)c4cc[nH]c(=O)c34)ccc2C1=O,6.68,0.0,1
CHEMBL2971,CC(C)(C)OC(=O)C(C)(C)N1Cc2cc(Nc3nn([C@H]4CCCC[C@@H]4C#N)c4cc[nH]c(=O)c34)ccc2S1(=O)=O,6.11,0.0,1
CHEMBL2971,CC(C)(C)OC(=O)C1CCC(CC#N)(n2cc(C(N)=O)c(Nc3ccccc3)n2)CC1,7.04,0.0,1
CHEMBL2971,CC(C)(C)OC(=O)C1CCC(N2Cc3cc(Nc4nn([C@@H](CC#N)C5CC5)c5cc[nH]c(=O)c45)ccc3C2=O)CC1,6.105,0.14849242404917526,2
CHEMBL2971,CC(C)(C)OC(=O)C1CCC(N2Cc3cc(Nc4nn([C@H]5CCCC[C@@H]5C#N)c5cc[nH]c(=O)c45)ccc3C2=O)CC1,6.1,0.25455844122715704,2
CHEMBL2971,CC(C)(C)OC(=O)C1CCC(n2cc(C(N)=O)c(Nc3ccc(S(=O)(=O)C(F)(F)F)cc3)n2)C(C#N)C1,6.36,0.0,1
CHEMBL2971,CC(C)(C)OC(=O)C1CCN(S(=O)(=O)c2ccc(Nc3nn([C@@H](CC#N)C4CC4)c4cc[nH]c(=O)c34)cc2)C1,5.855,0.40305086527633194,2
CHEMBL2971,CC(C)(C)OC(=O)C1CCN(S(=O)(=O)c2ccc(Nc3nn([C@@H](CC#N)C4CC4)c4cc[nH]c(=O)c34)cc2)CC1,5.97,0.0,1
CHEMBL2971,CC(C)(C)OC(=O)C1CC[C@H](C#N)C(n2cc(C(N)=O)c(Nc3ccccc3)n2)C1,7.3,0.0,1
CHEMBL2971,CC(C)(C)OC(=O)CC(C)(C)N1Cc2cc(Nc3nn([C@H]4CCCC[C@@H]4C#N)c4cc[nH]c(=O)c34)ccc2S1(=O)=O,6.15,0.0,1
CHEMBL2971,CC(C)(C)OC(=O)CC(C)(C)S(=O)(=O)c1ccc(Nc2nn([C@]3(CC#N)CCCOC3)c3cc[nH]c(=O)c23)cc1,8.87,0.0,1
CHEMBL2971,CC(C)(C)OC(=O)CCN1Cc2cc(Nc3nn([C@H]4CCCC[C@@H]4C#N)c4cc[nH]c(=O)c34)ccc2S1(=O)=O,6.26,0.0,1
CHEMBL2971,CC(C)(C)OC(=O)CCN1Cc2ccc(Nc3nn([C@H]4CCCC[C@@H]4C#N)c4cc[nH]c(=O)c34)cc2C1,5.52,0.0,1
CHEMBL2971,CC(C)(C)OC(=O)CN1Cc2cc(Nc3nn([C@H]4CCCC[C@@H]4C#N)c4cc[nH]c(=O)c34)ccc2S1(=O)=O,6.28,0.0,1
CHEMBL2971,CC(C)(C)OC(=O)CN1Cc2cc(Nc3nn([C@H]4COCC[C@@H]4C#N)c4cc[nH]c(=O)c34)ccc2S1(=O)=O,6.52,0.0,1
CHEMBL2971,CC(C)(C)OC(=O)CN1Cc2cc(Nc3nn([C@]4(CC#N)CCCOC4)c4cc[nH]c(=O)c34)ccc2S1(=O)=O,8.82,0.0,1
CHEMBL2971,CC(C)(C)OC(=O)CN1Cc2ccc(Nc3nn([C@H]4CCCC[C@@H]4C#N)c4cc[nH]c(=O)c34)cc2C1,5.6,0.0,1
CHEMBL2971,CC(C)(C)OC(=O)CNC(c1ccc(Nc2nn([C@H]3COCC[C@@H]3C#N)c3cc[nH]c(=O)c23)cc1)C(F)(F)F,6.165,0.07778174593051983,2
CHEMBL2971,CC(C)(C)OC(=O)N1CC(CC#N)(NC[C@H]2CC[C@H](c3nnn4cnc5[nH]ccc5c34)CC2)C1,6.12,0.0,1
CHEMBL2971,CC(C)(C)OC(=O)N1CC(CC#N)(n2cc(C(N)=O)c(Nc3ccc(C(=O)N4CCS(=O)(=O)CC4)cc3)n2)C1,8.3,0.0,1
CHEMBL2971,CC(C)(C)OC(=O)N1CC(CC#N)(n2cc(C(N)=O)c(Nc3ccc(S(C)(=O)=O)cc3)n2)C1,8.15,0.0,1
CHEMBL2971,CC(C)(C)OC(=O)N1CC(CC#N)(n2cc(C(N)=O)c(Nc3ccccc3)n2)C1,7.24,0.0,1
CHEMBL2971,CC(C)(C)OC(=O)N1CC(CC#N)(n2nc(NC3CC3)c3c(=O)[nH]ccc32)C1,8.6,0.0,1
CHEMBL2971,CC(C)(C)OC(=O)N1CC(CC#N)(n2nc(Nc3ccc(F)cc3)c3c(=O)[nH]ccc32)C1,7.44,0.0,1
CHEMBL2971,CC(C)(C)OC(=O)N1CC(CC#N)(n2nc(Nc3ccc(S(=O)(=O)C(F)(F)F)cc3)c3c(=O)[nH]ccc32)C1,6.97,0.0,1
CHEMBL2971,CC(C)(C)OC(=O)N1CC(CC#N)(n2nc(Nc3ccc(S(C)(=O)=O)cc3)c3c(=O)[nH]ccc32)C1,8.07,0.0,1
CHEMBL2971,CC(C)(C)OC(=O)N1CC(CC#N)(n2nc(Nc3ccccc3)c3c(=O)[nH]ccc32)C1,7.6,0.0,1
CHEMBL2971,CC(C)(C)OC(=O)N1CC(CC#N)(n2nc(Nc3ccnc(C(F)(F)F)c3)c3c(=O)[nH]ccc32)C1,6.66,0.0,1
CHEMBL2971,CC(C)(C)OC(=O)N1CC(CC#N)(n2nc(Nc3ccnc(F)c3)c3c(=O)[nH]ccc32)C1,7.36,0.0,1
CHEMBL2971,CC(C)(C)OC(=O)N1CC2(C1)CC(CC#N)(n1cc(C(N)=O)c(Nc3ccccc3)n1)C2,5.83,0.0,1
CHEMBL2971,CC(C)(C)OC(=O)N1CCC(C(C#N)C2CC2)(n2cc(C(N)=O)c(Nc3ccc(F)cc3)n2)CC1,6.13,0.0,1
CHEMBL2971,CC(C)(C)OC(=O)N1CCC(CC#N)(n2cc(C(N)=O)c(Nc3cc(Cl)nc(Cl)c3)n2)CC1,7.48,0.0,1
CHEMBL2971,CC(C)(C)OC(=O)N1CCC(CC#N)(n2cc(C(N)=O)c(Nc3cc(F)cc(F)c3)n2)CC1,7.38,0.0,1
CHEMBL2971,CC(C)(C)OC(=O)N1CCC(CC#N)(n2cc(C(N)=O)c(Nc3cc(F)ccn3)n2)CC1,6.04,0.0,1
CHEMBL2971,CC(C)(C)OC(=O)N1CCC(CC#N)(n2cc(C(N)=O)c(Nc3cc(F)ncn3)n2)CC1,7.8,0.0,1
CHEMBL2971,CC(C)(C)OC(=O)N1CCC(CC#N)(n2cc(C(N)=O)c(Nc3ccc(Br)cc3)n2)CC1,7.64,0.0,1
CHEMBL2971,CC(C)(C)OC(=O)N1CCC(CC#N)(n2cc(C(N)=O)c(Nc3ccc(C#N)c(F)c3)n2)CC1,8.15,0.0,1
CHEMBL2971,CC(C)(C)OC(=O)N1CCC(CC#N)(n2cc(C(N)=O)c(Nc3ccc(C#N)cc3)n2)CC1,8.22,0.0,1
CHEMBL2971,CC(C)(C)OC(=O)N1CCC(CC#N)(n2cc(C(N)=O)c(Nc3ccc(C#N)nc3)n2)CC1,8.22,0.0,1
CHEMBL2971,CC(C)(C)OC(=O)N1CCC(CC#N)(n2cc(C(N)=O)c(Nc3ccc(C(=O)C(F)(F)F)cc3)n2)CC1,8.52,0.0,1
CHEMBL2971,CC(C)(C)OC(=O)N1CCC(CC#N)(n2cc(C(N)=O)c(Nc3ccc(C(=O)N4CCOCC4)c(F)c3)n2)CC1,9.15,0.0,1
CHEMBL2971,CC(C)(C)OC(=O)N1CCC(CC#N)(n2cc(C(N)=O)c(Nc3ccc(C(=O)N4CCOCC4)cc3)n2)CC1,9.15,0.0,1
CHEMBL2971,CC(C)(C)OC(=O)N1CCC(CC#N)(n2cc(C(N)=O)c(Nc3ccc(C(=O)N4CCS(=O)(=O)CC4)cc3)n2)CC1,9.0,0.0,1
CHEMBL2971,CC(C)(C)OC(=O)N1CCC(CC#N)(n2cc(C(N)=O)c(Nc3ccc(C(C)(C)O)cc3)n2)CC1,8.52,0.0,1
CHEMBL2971,CC(C)(C)OC(=O)N1CCC(CC#N)(n2cc(C(N)=O)c(Nc3ccc(C(C)(C)O)nc3)n2)CC1,8.52,0.0,1
CHEMBL2971,CC(C)(C)OC(=O)N1CCC(CC#N)(n2cc(C(N)=O)c(Nc3ccc(CC(=O)O)cc3)n2)CC1,8.0,0.0,1
CHEMBL2971,CC(C)(C)OC(=O)N1CCC(CC#N)(n2cc(C(N)=O)c(Nc3ccc(F)c(F)c3)n2)CC1,7.62,0.0,1
CHEMBL2971,CC(C)(C)OC(=O)N1CCC(CC#N)(n2cc(C(N)=O)c(Nc3ccc(F)cc3)n2)CC1,7.68,0.0,1
CHEMBL2971,CC(C)(C)OC(=O)N1CCC(CC#N)(n2cc(C(N)=O)c(Nc3ccc(F)cn3)n2)CC1,6.74,0.0,1
CHEMBL2971,CC(C)(C)OC(=O)N1CCC(CC#N)(n2cc(C(N)=O)c(Nc3ccc(F)nc3)n2)CC1,8.15,0.0,1
CHEMBL2971,CC(C)(C)OC(=O)N1CCC(CC#N)(n2cc(C(N)=O)c(Nc3ccc(N4CCOCC4)nc3)n2)CC1,8.52,0.0,1
CHEMBL2971,CC(C)(C)OC(=O)N1CCC(CC#N)(n2cc(C(N)=O)c(Nc3ccc(S(=O)(=O)C(F)(F)F)cc3)n2)CC1,7.89,0.0,1
CHEMBL2971,CC(C)(C)OC(=O)N1CCC(CC#N)(n2cc(C(N)=O)c(Nc3ccc(S(=O)(=O)C(F)F)cc3)n2)CC1,9.22,0.0,1
CHEMBL2971,CC(C)(C)OC(=O)N1CCC(CC#N)(n2cc(C(N)=O)c(Nc3ccc(S(C)(=O)=O)cc3)n2)C1,8.7,0.0,1
CHEMBL2971,CC(C)(C)OC(=O)N1CCC(CC#N)(n2cc(C(N)=O)c(Nc3ccc(S(C)(=O)=O)cc3)n2)CC1,9.0,0.0,1
CHEMBL2971,CC(C)(C)OC(=O)N1CCC(CC#N)(n2cc(C(N)=O)c(Nc3ccc(S(N)(=O)=O)cc3)n2)CC1,9.0,0.0,1
CHEMBL2971,CC(C)(C)OC(=O)N1CCC(CC#N)(n2cc(C(N)=O)c(Nc3ccc4c(c3)CNC4=O)n2)CC1,8.7,0.0,1
CHEMBL2971,CC(C)(C)OC(=O)N1CCC(CC#N)(n2cc(C(N)=O)c(Nc3cccc(-c4ccc(Cl)cc4)c3)n2)CC1,5.83,0.0,1
CHEMBL2971,CC(C)(C)OC(=O)N1CCC(CC#N)(n2cc(C(N)=O)c(Nc3cccc(-c4ccc(F)cc4)c3)n2)CC1,5.96,0.0,1
CHEMBL2971,CC(C)(C)OC(=O)N1CCC(CC#N)(n2cc(C(N)=O)c(Nc3cccc(-c4ccc(O)cc4)c3)n2)CC1,6.53,0.0,1
CHEMBL2971,CC(C)(C)OC(=O)N1CCC(CC#N)(n2cc(C(N)=O)c(Nc3cccc(-c4ccc5ccccc5c4)c3)n2)CC1,5.83,0.0,1
CHEMBL2971,CC(C)(C)OC(=O)N1CCC(CC#N)(n2cc(C(N)=O)c(Nc3cccc(-c4cccc(Cl)c4)c3)n2)CC1,5.83,0.0,1
CHEMBL2971,CC(C)(C)OC(=O)N1CCC(CC#N)(n2cc(C(N)=O)c(Nc3cccc(-c4ccccc4)c3)n2)CC1,5.98,0.0,1
CHEMBL2971,CC(C)(C)OC(=O)N1CCC(CC#N)(n2cc(C(N)=O)c(Nc3cccc(-c4ccccc4F)c3)n2)CC1,6.08,0.0,1
CHEMBL2971,CC(C)(C)OC(=O)N1CCC(CC#N)(n2cc(C(N)=O)c(Nc3cccc(-c4ccccc4O)c3)n2)CC1,6.74,0.0,1
CHEMBL2971,CC(C)(C)OC(=O)N1CCC(CC#N)(n2cc(C(N)=O)c(Nc3cccc(Br)c3)n2)CC1,7.43,0.0,1
CHEMBL2971,CC(C)(C)OC(=O)N1CCC(CC#N)(n2cc(C(N)=O)c(Nc3cccc(Cn4ccnc4)c3)n2)CC1,7.96,0.0,1
CHEMBL2971,CC(C)(C)OC(=O)N1CCC(CC#N)(n2cc(C(N)=O)c(Nc3cccc(Cn4nnc5ccccc54)c3)n2)CC1,7.75,0.0,1
CHEMBL2971,CC(C)(C)OC(=O)N1CCC(CC#N)(n2cc(C(N)=O)c(Nc3ccccc3)n2)C1,7.57,0.0,1
CHEMBL2971,CC(C)(C)OC(=O)N1CCC(CC#N)(n2cc(C(N)=O)c(Nc3ccccc3)n2)CC1,7.57,0.0,1
CHEMBL2971,CC(C)(C)OC(=O)N1CCC(CC#N)(n2cc(C(N)=O)c(Nc3ccccn3)n2)CC1,6.33,0.0,1
CHEMBL2971,CC(C)(C)OC(=O)N1CCC(CC#N)(n2cc(C(N)=O)c(Nc3cccnc3)n2)CC1,8.4,0.0,1
CHEMBL2971,CC(C)(C)OC(=O)N1CCC(CC#N)(n2cc(C(N)=O)c(Nc3cccnn3)n2)CC1,6.75,0.0,1
CHEMBL2971,CC(C)(C)OC(=O)N1CCC(CC#N)(n2cc(C(N)=O)c(Nc3ccnc(C#N)c3)n2)CC1,8.22,0.0,1
CHEMBL2971,CC(C)(C)OC(=O)N1CCC(CC#N)(n2cc(C(N)=O)c(Nc3ccnc(C(F)(F)F)c3)n2)CC1,8.0,0.0,1
CHEMBL2971,CC(C)(C)OC(=O)N1CCC(CC#N)(n2cc(C(N)=O)c(Nc3ccnc(C(N)=O)c3)n2)CC1,8.15,0.0,1
CHEMBL2971,CC(C)(C)OC(=O)N1CCC(CC#N)(n2cc(C(N)=O)c(Nc3ccnc(CO)c3)n2)CC1,7.0,0.0,1
CHEMBL2971,CC(C)(C)OC(=O)N1CCC(CC#N)(n2cc(C(N)=O)c(Nc3ccnc(Cl)c3)n2)CC1,8.52,0.0,1
CHEMBL2971,CC(C)(C)OC(=O)N1CCC(CC#N)(n2cc(C(N)=O)c(Nc3ccnc(F)c3)n2)CC1,8.3,0.0,1
CHEMBL2971,CC(C)(C)OC(=O)N1CCC(CC#N)(n2cc(C(N)=O)c(Nc3ccnc(N)c3)n2)CC1,8.52,0.0,1
CHEMBL2971,CC(C)(C)OC(=O)N1CCC(CC#N)(n2cc(C(N)=O)c(Nc3ccncc3)n2)CC1,8.0,0.0,1
CHEMBL2971,CC(C)(C)OC(=O)N1CCC(CC#N)(n2cc(C(N)=O)c(Nc3ccncn3)n2)CC1,6.86,0.0,1
CHEMBL2971,CC(C)(C)OC(=O)N1CCC(CC#N)(n2cc(C(N)=O)c(Nc3ccnnc3)n2)CC1,7.82,0.0,1
CHEMBL2971,CC(C)(C)OC(=O)N1CCC(CC#N)(n2cc(C(N)=O)c(Nc3cnc(C#N)nc3)n2)CC1,7.42,0.0,1
CHEMBL2971,CC(C)(C)OC(=O)N1CCC(CC#N)(n2cc(C(N)=O)c(Nc3cncc(Cl)c3)n2)CC1,7.68,0.0,1
CHEMBL2971,CC(C)(C)OC(=O)N1CCC(CC#N)(n2cc(C(N)=O)c(Nc3cncc(F)c3)n2)CC1,7.8,0.0,1
CHEMBL2971,CC(C)(C)OC(=O)N1CCC(CC#N)(n2cc(C(N)=O)c(Nc3cnccn3)n2)CC1,6.68,0.0,1
CHEMBL2971,CC(C)(C)OC(=O)N1CCC(CC#N)(n2nc(NCC3CC3)c3c(=O)[nH]ccc32)CC1,7.4,0.0,1
CHEMBL2971,CC(C)(C)OC(=O)N1CCC(CC#N)(n2nc(Nc3cc(Cn4cccn4)cc(Cn4cccn4)c3)c3c(=O)[nH]ccc32)CC1,9.34,0.0,1
CHEMBL2971,CC(C)(C)OC(=O)N1CCC(CC#N)(n2nc(Nc3cc(Cn4ccnn4)cc(Cn4ccnn4)c3)c3c(=O)[nH]ccc32)CC1,9.49,0.0,1
CHEMBL2971,CC(C)(C)OC(=O)N1CCC(CC#N)(n2nc(Nc3cc(Cn4ccnn4)cc(Cn4nccn4)c3)c3c(=O)[nH]ccc32)CC1,9.34,0.0,1
CHEMBL2971,CC(C)(C)OC(=O)N1CCC(CC#N)(n2nc(Nc3cc(Cn4nccn4)cc(Cn4nccn4)c3)c3c(=O)[nH]ccc32)CC1,9.15,0.0,1
CHEMBL2971,CC(C)(C)OC(=O)N1CCC(CC#N)(n2nc(Nc3ccc(C(F)(F)F)cc3)c3c(=O)[nH]ccc32)CC1,7.7,0.0,1
CHEMBL2971,CC(C)(C)OC(=O)N1CCC(CC#N)(n2nc(Nc3ccc(C4(C(F)(F)F)CCN(Cc5ccccc5)C4)cc3)c3c(=O)[nH]ccc32)CC1,8.01,0.014142135623730649,2
CHEMBL2971,CC(C)(C)OC(=O)N1CCC(CC#N)(n2nc(Nc3ccc(C4(C(F)(F)F)CCNC4)cc3)c3c(=O)[nH]ccc32)CC1,9.34,0.042426406871191945,2
CHEMBL2971,CC(C)(C)OC(=O)N1CCC(CC#N)(n2nc(Nc3ccc(CNCC(F)(F)F)cc3)c3c(=O)[nH]ccc32)CC1,9.31,0.0,1
CHEMBL2971,CC(C)(C)OC(=O)N1CCC(CC#N)(n2nc(Nc3ccc(F)cc3)c3c(=O)[nH]ccc32)CC1,8.65,0.0,1
CHEMBL2971,CC(C)(C)OC(=O)N1CCC(CC#N)(n2nc(Nc3ccc(S(=O)(=O)C(F)(F)F)cc3)c3c(=O)[nH]ccc32)CC1,8.1,0.0,1
CHEMBL2971,CC(C)(C)OC(=O)N1CCC(CC#N)(n2nc(Nc3ccc(S(=O)(=O)N4CCCCC4)cc3)c3c(=O)[nH]ccc32)CC1,9.17,0.0,1
CHEMBL2971,CC(C)(C)OC(=O)N1CCC(CC#N)(n2nc(Nc3ccc(S(=O)(=O)N4CCOCC4)cc3)c3c(=O)[nH]ccc32)CC1,9.43,0.0,1
CHEMBL2971,CC(C)(C)OC(=O)N1CCC(CC#N)(n2nc(Nc3ccc(S(=O)(=O)NC4CCCCC4)cc3)c3c(=O)[nH]ccc32)CC1,8.72,0.0,1
CHEMBL2971,CC(C)(C)OC(=O)N1CCC(CC#N)(n2nc(Nc3ccc(S(=O)(=O)NCC4CC4)c(F)c3)c3c(=O)[nH]ccc32)CC1,9.04,0.0,1
CHEMBL2971,CC(C)(C)OC(=O)N1CCC(CC#N)(n2nc(Nc3ccc(S(=O)(=O)NCC4CC4)cc3)c3c(=O)[nH]ccc32)CC1,9.32,0.0,1
CHEMBL2971,CC(C)(C)OC(=O)N1CCC(CC#N)(n2nc(Nc3ccc(S(=O)(=O)NCc4ccccc4)cc3)c3c(=O)[nH]ccc32)CC1,8.72,0.0,1
CHEMBL2971,CC(C)(C)OC(=O)N1CCC(CC#N)(n2nc(Nc3ccc(S(C)(=O)=O)cc3)c3c(=O)[nH]ccc32)CC1,9.47,0.0,1
CHEMBL2971,CC(C)(C)OC(=O)N1CCC(CC#N)(n2nc(Nc3ccc(S(F)(F)(F)(F)F)cc3)c3c(=O)[nH]ccc32)CC1,7.33,0.0,1
CHEMBL2971,CC(C)(C)OC(=O)N1CCC(CC#N)(n2nc(Nc3ccc(S(N)(=O)=O)cc3)c3c(=O)[nH]ccc32)CC1,9.64,0.0,1
CHEMBL2971,CC(C)(C)OC(=O)N1CCC(CC#N)(n2nc(Nc3ccc([C@@H](O)C(F)(F)F)cc3)c3c(=O)[nH]ccc32)CC1,8.96,0.0,1
CHEMBL2971,CC(C)(C)OC(=O)N1CCC(CC#N)(n2nc(Nc3ccc([C@@]4(C(F)(F)F)CCCCN4)cc3)c3c(=O)[nH]ccc32)CC1,9.24,0.0,1
CHEMBL2971,CC(C)(C)OC(=O)N1CCC(CC#N)(n2nc(Nc3ccc([C@@]4(C(F)(F)F)CCCN4)cc3)c3c(=O)[nH]ccc32)CC1,9.3,0.0,1
CHEMBL2971,CC(C)(C)OC(=O)N1CCC(CC#N)(n2nc(Nc3ccc([C@H](O)C(F)(F)F)cc3)c3c(=O)[nH]ccc32)CC1,9.36,0.0,1
CHEMBL2971,CC(C)(C)OC(=O)N1CCC(CC#N)(n2nc(Nc3ccc([C@]4(C(F)(F)F)CCCCN4)cc3)c3c(=O)[nH]ccc32)CC1,9.19,0.0,1
CHEMBL2971,CC(C)(C)OC(=O)N1CCC(CC#N)(n2nc(Nc3ccc([C@]4(C(F)(F)F)CCCN4)cc3)c3c(=O)[nH]ccc32)CC1,9.3,0.0,1
CHEMBL2971,CC(C)(C)OC(=O)N1CCC(CC#N)(n2nc(Nc3ccc4c(c3)CCC4=O)c3c(=O)[nH]ccc32)CC1,9.21,0.0,1
CHEMBL2971,CC(C)(C)OC(=O)N1CCC(CC#N)(n2nc(Nc3ccc4c(c3)CCS4(=O)=O)c3c(=O)[nH]ccc32)CC1,9.51,0.0,1
CHEMBL2971,CC(C)(C)OC(=O)N1CCC(CC#N)(n2nc(Nc3ccc4c(c3)CN(C(C)(C)C)S4(=O)=O)c3c(=O)[nH]ccc32)CC1,9.47,0.0,1
CHEMBL2971,CC(C)(C)OC(=O)N1CCC(CC#N)(n2nc(Nc3ccc4c(c3)CN(C3CCN(CC(F)(F)F)CC3)S4(=O)=O)c3c(=O)[nH]ccc32)CC1,9.19,0.0,1
CHEMBL2971,CC(C)(C)OC(=O)N1CCC(CC#N)(n2nc(Nc3ccc4c(c3)CN(CC(F)(F)F)C4=O)c3c(=O)[nH]ccc32)CC1,9.51,0.0,1
CHEMBL2971,CC(C)(C)OC(=O)N1CCC(CC#N)(n2nc(Nc3ccc4c(c3)CN(CC(F)(F)F)S4(=O)=O)c3c(=O)[nH]ccc32)CC1,9.52,0.0,1
CHEMBL2971,CC(C)(C)OC(=O)N1CCC(CC#N)(n2nc(Nc3ccc4c(c3)CN(CC3CC3)S4(=O)=O)c3c(=O)[nH]ccc32)CC1,9.48,0.0,1
CHEMBL2971,CC(C)(C)OC(=O)N1CCC(CC#N)(n2nc(Nc3ccc4c(c3)CNC4)c3c(=O)[nH]ccc32)CC1,9.37,0.0,1
CHEMBL2971,CC(C)(C)OC(=O)N1CCC(CC#N)(n2nc(Nc3cccc(S(C)(=O)=O)c3)c3c(=O)[nH]ccc32)CC1,8.31,0.0,1
CHEMBL2971,CC(C)(C)OC(=O)N1CCC(CC#N)(n2nc(Nc3ccccc3)c3c(=O)[nH]ccc32)CC1,7.92,0.0,1
CHEMBL2971,CC(C)(C)OC(=O)N1CCC(CC#N)(n2nc(Nc3ccnc(F)c3)c3c(=O)[nH]ccc32)CC1,8.67,0.0,1
CHEMBL2971,CC(C)(C)OC(=O)N1CCC(CNC[C@H]2CC[C@H](c3nnn4cnc5[nH]ccc5c34)CC2)CC1,6.54,0.0,1
CHEMBL2971,CC(C)(C)OC(=O)N1CCC(c2ccc(Nc3nc4c(-c5ccc(C#N)cc5)cccn4n3)cc2)CC1,7.21,0.0,1
CHEMBL2971,CC(C)(C)OC(=O)N1CCC(c2ccc(Nc3nc4c(-c5ccc(F)cc5)cccn4n3)cc2)CC1,6.44,0.0,1
CHEMBL2971,CC(C)(C)OC(=O)N1CCC(c2ccc(Nc3nc4c(-c5cnn(-c6ccc(F)cc6)c5)cccn4n3)cc2)CC1,5.96,0.0,1
CHEMBL2971,CC(C)(C)OC(=O)N1CCC(c2cccc(Nc3nc4c(-c5ccc(S(C)(=O)=O)cc5)cccn4n3)c2)CC1,8.72,0.0,1
CHEMBL2971,CC(C)(C)OC(=O)N1CCC(c2nnn3cnc4[nH]ccc4c23)CC1,6.21,0.1131370849898477,2
CHEMBL2971,CC(C)(C)OC(=O)N1CCC(n2cc(Nc3nc4c(-c5ccc(S(C)(=O)=O)cc5)cccn4n3)cn2)CC1,9.3,0.0,1
CHEMBL2971,CC(C)(C)OC(=O)N1CCCC(c2nnn3cnc4[nH]ccc4c23)C1,6.6,0.0,1
CHEMBL2971,CC(C)(C)OC(=O)N1CCN(c2ccc(Nc3nc4cccc(-c5ccc(S(C)(=O)=O)cc5)n4n3)cc2)CC1,8.89,0.0,1
CHEMBL2971,CC(C)(C)OC(=O)N1CCN(c2ccc(Nc3nc4cccc(-c5ccccc5)n4n3)cc2)CC1,8.18,0.0,1
CHEMBL2971,CC(C)(C)OC(=O)N1CCN(c2cccc(Nc3nc4c(-c5ccc(S(C)(=O)=O)cc5)cccn4n3)c2)CC1,8.43,0.0,1
CHEMBL2971,CC(C)(C)OC(=O)N1CC[C@@H](c2cccc(Nc3nc4c(-c5ccc(S(C)(=O)=O)cc5)cccn4n3)c2)[C@@H](O)C1,8.87,0.0,1
CHEMBL2971,CC(C)(C)OC(=O)N1CC[C@@](CC#N)(n2cc(C(N)=O)c(Nc3ccc(F)cc3)n2)[C@H](F)C1,7.5,0.0,1
CHEMBL2971,CC(C)(C)OC(=O)N1CC[C@@](CC#N)(n2nc(Nc3ccc(S(C)(=O)=O)cc3)c3c(=O)[nH]ccc32)[C@@H](F)C1,9.46,0.0,1
CHEMBL2971,CC(C)(C)OC(=O)N1CC[C@@](CC#N)(n2nc(Nc3ccc(S(C)(=O)=O)cc3)c3c(=O)[nH]ccc32)[C@H](F)C1,8.46,0.0,1
CHEMBL2971,CC(C)(C)OC(=O)N1CC[C@H](C#N)[C@@H](n2cc(C(N)=O)c(Nc3ccc(F)cc3)n2)C1,7.41,0.0,1
CHEMBL2971,CC(C)(C)OC(=O)N1CC[C@H](C#N)[C@@H](n2cc(C(N)=O)c(Nc3ccccc3)n2)C1,7.39,0.0,1
CHEMBL2971,CC(C)(C)OC(=O)N1CC[C@H](NC[C@H]2CC[C@H](c3nnn4cnc5[nH]ccc5c34)CC2)C1,6.47,0.0,1
CHEMBL2971,CC(C)(C)OC(=O)N1CC[C@H](n2cc(C(N)=O)c(Nc3ccc(F)cc3)n2)[C@@H](C#N)C1,6.43,0.0,1
CHEMBL2971,CC(C)(C)OC(=O)N1CC[C@H](n2cc(C(N)=O)c(Nc3ccc(F)cc3)n2)[C@H](C#N)C1,6.08,0.0,1
CHEMBL2971,CC(C)(C)OC(=O)N1CC[C@H](n2cc(C(N)=O)c(Nc3ccccc3)n2)[C@@H](C#N)C1,6.3,0.0,1
CHEMBL2971,CC(C)(C)OC(=O)N1CC[C@H](n2cc(C(N)=O)c(Nc3ccccc3)n2)[C@H](C#N)C1,5.9,0.0,1
CHEMBL2971,CC(C)(C)OC(=O)N1CC[C@](CC#N)(n2cc(C(N)=O)c(Nc3ccc(F)cc3)n2)[C@@H](F)C1,7.34,0.3676955262170044,2
CHEMBL2971,CC(C)(C)OC(=O)N1CC[C@](CC#N)(n2cc(C(N)=O)c(Nc3ccc(F)cc3)n2)[C@H](F)C1,9.7,0.0,1
CHEMBL2971,CC(C)(C)OC(=O)N1CC[C@](CC#N)(n2nc(Nc3ccc(S(C)(=O)=O)cc3)c3c(=O)[nH]ccc32)[C@@H](F)C1,7.75,0.0,1
CHEMBL2971,CC(C)(C)OC(=O)N1CC[C@](CC#N)(n2nc(Nc3ccc(S(C)(=O)=O)cc3)c3c(=O)[nH]ccc32)[C@H](F)C1,10.1,0.0,1
CHEMBL2971,CC(C)(C)OC(=O)N1CC[C@](CC#N)(n2nc(Nc3ccc([C@@H](O)C(F)(F)F)cc3)c3c(=O)[nH]ccc32)[C@H](F)C1,9.85,0.0,1
CHEMBL2971,CC(C)(C)OC(=O)N1CC[C@](CC#N)(n2nc(Nc3ccc([C@H](O)C(F)(F)F)cc3)c3c(=O)[nH]ccc32)[C@H](F)C1,9.92,0.0,1
CHEMBL2971,CC(C)(C)OC(=O)N1CC[C@](CC#N)(n2nc(Nc3ccc4c(c3)CN(C(C)(C)C)S4(=O)=O)c3c(=O)[nH]ccc32)[C@H](F)C1,9.72,0.0,1
CHEMBL2971,CC(C)(C)OC(=O)N1CC[C@](CC#N)(n2nc(Nc3ccc4c(c3)CN(CC(F)(F)F)S4(=O)=O)c3c(=O)[nH]ccc32)[C@H](F)C1,9.6,0.0,1
CHEMBL2971,CC(C)(C)OC(=O)N1CC[C@](CC#N)(n2nc(Nc3ccccc3)c3c(=O)[nH]ccc32)[C@H](F)C1,10.1,0.0,1
CHEMBL2971,CC(C)(C)OC(=O)N1CCc2ccc(Nc3nc4c(-c5cc(C(F)(F)F)ccc5F)cccn4n3)cc2CC1,6.23,0.0,1
CHEMBL2971,CC(C)(C)OC(=O)N1CCc2ccc(Nc3nc4c(-c5cccc6c5OC(F)(F)O6)cccn4n3)cc2CC1,5.67,0.0,1
CHEMBL2971,CC(C)(C)OC(=O)N1[C@@H]2CC[C@H]1C[C@@H](c1ccc(Nc3nn([C@H]4CCCC[C@@H]4C#N)c4cc[nH]c(=O)c34)cc1)C2,5.1,0.0,1
CHEMBL2971,CC(C)(C)OC(=O)N1[C@@H]2CC[C@H]1C[C@H](c1ccc(Nc3nn([C@H]4CCCC[C@@H]4C#N)c4cc[nH]c(=O)c34)cc1)C2,5.19,0.0,1
CHEMBL2971,CC(C)(C)OC(=O)NC1CCC(CC#N)(n2cc(C(N)=O)c(Nc3ccccc3)n2)CC1,6.57,0.0,1
CHEMBL2971,CC(C)(C)OC(=O)NC1CC[C@@H](C#N)C(n2cc(C(N)=O)c(Nc3ccc(F)cc3)n2)C1,7.7,0.0,1
CHEMBL2971,CC(C)(C)OC(=O)NC1CC[C@H](C#N)C(n2cc(C(N)=O)c(Nc3ccc(F)cc3)n2)C1,7.484999999999999,0.2474873734152923,2
CHEMBL2971,CC(C)(C)OC(=O)NCC1CCN(C[C@H]2CC[C@H](c3nnn4cnc5[nH]ccc5c34)CC2)CC1,6.43,0.0,1
CHEMBL2971,CC(C)(C)OC(=O)NCC1CC[C@H](C#N)[C@@H](n2cc(C(N)=O)c(Nc3ccc(F)cc3)n2)C1,6.125,0.33234018715767777,2
CHEMBL2971,CC(C)(C)OC(=O)NCCN1CCC(c2nnn3cnc4[nH]ccc4c23)CC1,6.03,0.0,1
CHEMBL2971,CC(C)(C)OC(=O)NCc1cc(F)cc(Nc2nn([C@H]3CCCC[C@@H]3C#N)c3cc[nH]c(=O)c23)c1,5.42,0.0,1
CHEMBL2971,CC(C)(C)OC(=O)NCc1cc(Nc2nn([C@H]3CCCC[C@@H]3C#N)c3cc[nH]c(=O)c23)ccc1F,5.33,0.0,1
CHEMBL2971,CC(C)(C)OC(=O)NCc1ccc(Nc2nn([C@H]3CCCC[C@@H]3C#N)c3cc[nH]c(=O)c23)cc1,5.82,0.0,1
CHEMBL2971,CC(C)(C)OC(=O)NCc1cccc(Nc2nn([C@H]3CCCC[C@@H]3C#N)c3cc[nH]c(=O)c23)c1,5.48,0.0,1
CHEMBL2971,CC(C)(C)OC(=O)NCc1nc2cnc3[nH]ccc3c2n1[C@H]1CC[C@H](CC#N)CC1,7.11,0.0,1
CHEMBL2971,CC(C)(C)OC(=O)N[C@@H]1CCN(C[C@H]2CC[C@H](c3nnn4cnc5[nH]ccc5c34)CC2)C1,6.77,0.0,1
CHEMBL2971,CC(C)(C)OC(=O)N[C@@H]1CC[C@H](C#N)C(n2cc(C(N)=O)c(Nc3ccc(F)cc3)n2)C1,6.6850000000000005,0.9687362902255705,2
CHEMBL2971,CC(C)(C)OC(=O)N[C@H]1CCN(C[C@H]2CC[C@H](c3nnn4cnc5[nH]ccc5c34)CC2)C1,6.58,0.0,1
CHEMBL2971,CC(C)(C)OC(=O)N[C@H]1CC[C@H](c2nnn3cnc4[nH]ccc4c23)CC1,6.775,0.03535533905932694,2
CHEMBL2971,CC(C)(C)OC(=O)[C@@H]1CC[C@@](CC#N)(n2nc(Nc3ccc(C(C)(O)C(F)(F)F)cc3)c3c(=O)[nH]ccc32)CO1,9.530000000000001,0.2969848480983493,2
CHEMBL2971,CC(C)(C)OC(=O)[C@@H]1CC[C@@](CC#N)(n2nc(Nc3ccc(C(N)C(F)(F)F)cc3)c3c(=O)[nH]ccc32)CO1,9.605,0.049497474683058526,2
CHEMBL2971,CC(C)(C)OC(=O)[C@@H]1CC[C@@](CC#N)(n2nc(Nc3ccc(C(O)(C(C)(C)C)C(F)(F)F)cc3)c3c(=O)[nH]ccc32)CO1,8.54,0.2404163056034267,2
CHEMBL2971,CC(C)(C)OC(=O)[C@@H]1CC[C@@](CC#N)(n2nc(Nc3ccc(C(O)C(F)(F)F)cc3)c3c(=O)[nH]ccc32)CO1,9.34,0.07071067811865576,2
CHEMBL2971,CC(C)(C)OC(=O)[C@@H]1CC[C@@](CC#N)(n2nc(Nc3ccc(C4(C(F)(F)F)CCCCN4)cc3)c3c(=O)[nH]ccc32)CO1,9.47,0.014142135623730649,2
CHEMBL2971,CC(C)(C)OC(=O)[C@@H]1CC[C@@](CC#N)(n2nc(Nc3ccc(C4(C(F)(F)F)CCNC4)cc3)c3c(=O)[nH]ccc32)CO1,9.649999999999999,0.04242640687119383,2
CHEMBL2971,CC(C)(C)OC(=O)[C@@H]1CC[C@@](CC#N)(n2nc(Nc3ccc(Cn4ccnn4)cc3)c3c(=O)[nH]ccc32)CO1,9.47,0.0,1
CHEMBL2971,CC(C)(C)OC(=O)[C@@H]1CC[C@@](CC#N)(n2nc(Nc3ccc(Cn4nccn4)cc3)c3c(=O)[nH]ccc32)CO1,9.85,0.0,1
CHEMBL2971,CC(C)(C)OC(=O)[C@@H]1CC[C@@](CC#N)(n2nc(Nc3ccc(S(=O)(=O)C(C)(C)C)cc3)c3c(=O)[nH]ccc32)CO1,9.68,0.0,1
CHEMBL2971,CC(C)(C)OC(=O)[C@@H]1CC[C@@](CC#N)(n2nc(Nc3ccc(S(=O)(=O)C4CC4)cc3)c3c(=O)[nH]ccc32)CO1,9.725,0.1767766952966369,2
CHEMBL2971,CC(C)(C)OC(=O)[C@@H]1CC[C@@](CC#N)(n2nc(Nc3ccc(S(=O)(=O)N4CCOCC4)cc3)c3c(=O)[nH]ccc32)CO1,9.57,0.0,1
CHEMBL2971,CC(C)(C)OC(=O)[C@@H]1CC[C@@](CC#N)(n2nc(Nc3ccc(S(C)(=O)=O)cc3)c3c(=O)[nH]ccc32)CO1,9.42,0.07071067811865576,2
CHEMBL2971,CC(C)(C)OC(=O)[C@@H]1CC[C@@](CC#N)(n2nc(Nc3ccc([C@@H](N)C(F)(F)F)cc3)c3c(=O)[nH]ccc32)CO1,9.31,0.0,1
CHEMBL2971,CC(C)(C)OC(=O)[C@@H]1CC[C@@](CC#N)(n2nc(Nc3ccc([C@H](N)C(F)(F)F)cc3)c3c(=O)[nH]ccc32)CO1,9.24,0.0,1
CHEMBL2971,CC(C)(C)OC(=O)[C@@H]1CC[C@@](CC#N)(n2nc(Nc3ccc4c(c3)CC(C)(C)C4(O)C(F)(F)F)c3c(=O)[nH]ccc32)CO1,9.085,0.12020815280171365,2
CHEMBL2971,CC(C)(C)OC(=O)[C@@H]1CC[C@@](CC#N)(n2nc(Nc3ccc4c(c3)CN(C(C)(C)C)C4=O)c3c(=O)[nH]ccc32)CO1,9.59,0.0,1
CHEMBL2971,CC(C)(C)OC(=O)[C@@H]1CC[C@@](CC#N)(n2nc(Nc3ccc4c(c3)CN(C(C)(C)C)S4(=O)=O)c3c(=O)[nH]ccc32)CO1,9.96,0.0,1
CHEMBL2971,CC(C)(C)OC(=O)[C@@H]1CC[C@@](CC#N)(n2nc(Nc3ccc4c(c3)CN(C3CCCC3)C4=O)c3c(=O)[nH]ccc32)CO1,9.7,0.0,1
CHEMBL2971,CC(C)(C)OC(=O)[C@@H]1CC[C@@](CC#N)(n2nc(Nc3ccc4c(c3)CN(C3CCCCC3)C4=O)c3c(=O)[nH]ccc32)CO1,9.4,0.0,1
CHEMBL2971,CC(C)(C)OC(=O)[C@@H]1CC[C@@](CC#N)(n2nc(Nc3ccc4c(c3)CN(CC(F)(F)F)C4=O)c3c(=O)[nH]ccc32)CO1,9.7,0.0,1
CHEMBL2971,CC(C)(C)OC(=O)[C@@H]1CC[C@@](CC#N)(n2nc(Nc3ccc4c(c3)CN(CC(F)(F)F)S4(=O)=O)c3c(=O)[nH]ccc32)CO1,9.43,0.0,1
CHEMBL2971,CC(C)(C)OC(=O)[C@@H]1CC[C@@](CC#N)(n2nc(Nc3ccc4c(c3)NC(=O)C4(C)C)c3c(=O)[nH]ccc32)CO1,9.92,0.0,1
CHEMBL2971,CC(C)(C)OC(=O)[C@@H]1CC[C@@](CC#N)(n2nc(Nc3ccc4nc(C#N)ccc4c3)c3c(=O)[nH]ccc32)CO1,8.94,0.0,1
CHEMBL2971,CC(C)(C)OC(=O)[C@@H]1CC[C@@](CC#N)(n2nc(Nc3ccc4nc(C(N)=O)ccc4c3)c3c(=O)[nH]ccc32)CO1,9.09,0.0,1
CHEMBL2971,CC(C)(C)OC(=O)[C@@H]1CC[C@@](CC#N)(n2nc(Nc3ccc4nc(N5CC6CCC(C5)O6)ccc4c3)c3c(=O)[nH]ccc32)CO1,8.86,0.0,1
CHEMBL2971,CC(C)(C)OC(=O)[C@@H]1CC[C@@](CC#N)(n2nc(Nc3ccc4nc(N5CCOCC5)ccc4c3)c3c(=O)[nH]ccc32)CO1,9.12,0.0,1
CHEMBL2971,CC(C)(C)OC(=O)[C@@H]1CC[C@@](CC#N)(n2nc(Nc3ccc4ncccc4c3)c3c(=O)[nH]ccc32)CO1,9.2,0.0,1
CHEMBL2971,CC(C)(C)OC(=O)[C@@H]1CC[C@@](CC#N)(n2nc(Nc3ccccc3)c3c(=O)[nH]ccc32)CO1,8.79,0.0,1
CHEMBL2971,CC(C)(C)OC(=O)[C@@H]1CC[C@@](CC#N)(n2nc(Nc3ccnc(F)c3)c3c(=O)[nH]ccc32)CO1,8.65,0.0,1
CHEMBL2971,CC(C)(C)OC(=O)[C@@H]1CC[C@@](CC#N)(n2nc(Nc3cnc4ccccc4c3)c3c(=O)[nH]ccc32)CO1,8.28,0.0,1
CHEMBL2971,CC(C)(C)OC(=O)[C@@H]1CC[C@](CC#N)(n2nc(Nc3ccc(S(C)(=O)=O)cc3)c3c(=O)[nH]ccc32)CO1,7.65,0.1697056274847706,2
CHEMBL2971,CC(C)(C)OC(=O)[C@H]1CCC(n2cc(C(N)=O)c(Nc3ccc(F)cc3)n2)[C@@H](C#N)C1,6.33,0.0,1
CHEMBL2971,CC(C)(C)OC(=O)[C@H]1CCCN1S(=O)(=O)c1ccc(Nc2nn([C@@H](CC#N)C3CC3)c3cc[nH]c(=O)c23)cc1,6.14,0.0,1
CHEMBL2971,CC(C)(C)OC(=O)[C@H]1CC[C@@H](N2Cc3cc(Nc4nn([C@H]5CCCC[C@@H]5C#N)c5cc[nH]c(=O)c45)ccc3S2(=O)=O)CC1,5.92,0.0,1
CHEMBL2971,CC(C)(C)OC(=O)[C@H]1CC[C@@](CC#N)(n2nc(Nc3ccc([C@@H](N)C(F)(F)F)cc3)c3c(=O)[nH]ccc32)CO1,7.46,0.0,1
CHEMBL2971,CC(C)(C)OC(=O)[C@H]1CC[C@@](CC#N)(n2nc(Nc3ccc([C@H](N)C(F)(F)F)cc3)c3c(=O)[nH]ccc32)CO1,7.52,0.0,1
CHEMBL2971,CC(C)(C)OC(=O)[C@H]1CC[C@@](O)(c2ccc(Nc3nn([C@H]4CCCC[C@@H]4C#N)c4cc[nH]c(=O)c34)cc2)CC1,5.68,0.0,1
CHEMBL2971,CC(C)(C)OC(=O)[C@H]1CC[C@](CC#N)(n2nc(Nc3ccc(S(C)(=O)=O)cc3)c3c(=O)[nH]ccc32)CO1,7.84,0.0,1
CHEMBL2971,CC(C)(C)OC(=O)[C@H]1CC[C@](CC#N)(n2nc(Nc3ccc4c(c3)CN(C(C)(C)C)S4(=O)=O)c3c(=O)[nH]ccc32)CO1,8.14,0.0,1
CHEMBL2971,CC(C)(C)OC(=O)[C@H]1CC[C@](O)(c2ccc(Nc3nn([C@H]4CCCC[C@@H]4C#N)c4cc[nH]c(=O)c34)cc2)CC1,5.82,0.0,1
CHEMBL2971,CC(C)(C)OC(=O)c1ccc(Nc2nn(C3(CC#N)CCCC3)c3cc[nH]c(=O)c23)cc1,7.52,0.0,1
CHEMBL2971,CC(C)(C)OCc1nc2cnc3[nH]ccc3c2n1[C@H]1CC[C@H](CC#N)CC1,7.29,0.0,1
CHEMBL2971,CC(C)(C)S(=O)(=O)N1CCc2ccc(-n3ccc4cnc(Nc5ccc(N6CCNCC6)cc5)nc43)cc21,7.4,0.0,1
CHEMBL2971,CC(C)(C)S(=O)(=O)Nc1cc(-c2csc3cnc(Nc4ccc(N5CCNCC5)c(F)c4)nc23)ccc1F,7.29,0.0,1
CHEMBL2971,CC(C)(C)S(=O)(=O)Nc1cc(-n2ccc3cnc(Nc4cc(F)c5c(c4)CC4CNCCN54)nc32)ccc1F,7.305,0.134350288425444,2
CHEMBL2971,CC(C)(C)S(=O)(=O)Nc1cc(-n2ccc3cnc(Nc4ccc(C5CCNCC5)cc4)nc32)ccc1F,5.8,0.0,1
CHEMBL2971,CC(C)(C)S(=O)(=O)Nc1cc(-n2ccc3cnc(Nc4ccc(N5CCC(C(=O)O)CC5)c(F)c4)nc32)ccc1F,6.92,0.0,1
CHEMBL2971,CC(C)(C)S(=O)(=O)Nc1cc(-n2ccc3cnc(Nc4ccc(N5CCN(S(C)(=O)=O)CC5)c(F)c4)nc32)ccc1F,6.4,0.0,1
CHEMBL2971,CC(C)(C)S(=O)(=O)Nc1cc(-n2ccc3cnc(Nc4ccc(N5CCNC(=O)C5)c(F)c4)nc32)ccc1F,6.85,0.0,1
CHEMBL2971,CC(C)(C)S(=O)(=O)Nc1cc(-n2ccc3cnc(Nc4ccc(N5CCNCC5)c(F)c4)nc32)ccc1F,7.300000000000001,0.25455844122715765,2
CHEMBL2971,CC(C)(C)S(=O)(=O)Nc1cc(-n2ccc3cnc(Nc4ccc(N5CCNCC5)cc4)nc32)ccc1F,7.0,0.0,1
CHEMBL2971,CC(C)(C)S(=O)(=O)Nc1cc(Nc2nc(NC3CCNCC3)nc3ccsc23)ccc1Cl,5.0,0.0,1
CHEMBL2971,CC(C)(C)S(=O)(=O)Nc1cccc(-c2csc3cnc(Nc4cc(F)c5c(c4)CC4CNCCN54)nc23)c1,8.3,0.0,1
CHEMBL2971,CC(C)(C)S(=O)(=O)Nc1cccc(-c2csc3cnc(Nc4ccc(N5CCNCC5)c(F)c4)nc23)c1,8.7,0.0,1
CHEMBL2971,CC(C)(C)S(=O)(=O)Nc1cccc(-c2csc3cnc(Nc4ccc5c(c4)CC4CNCCN54)nc23)c1,8.3,0.0,1
CHEMBL2971,CC(C)(C)S(=O)(=O)Nc1cccc(-c2csc3cnc(Nc4ccc5c(c4)CCN4CCNCC54)nc23)c1,8.7,0.0,1
CHEMBL2971,CC(C)(C)S(=O)(=O)Nc1cccc(-n2ccc3cnc(NC4CCN(c5ccccc5)CC4)nc32)c1,5.0,0.0,1
CHEMBL2971,CC(C)(C)S(=O)(=O)Nc1cccc(-n2ccc3cnc(NC4CCNCC4)nc32)c1,5.0,0.0,1
CHEMBL2971,CC(C)(C)S(=O)(=O)Nc1cccc(-n2ccc3cnc(Nc4cc(F)c5c(c4)CC4CNCCN54)nc32)c1,8.22,0.0,1
CHEMBL2971,CC(C)(C)S(=O)(=O)Nc1cccc(-n2ccc3cnc(Nc4ccc(C(=O)N5CCNCC5)c(F)c4)nc32)c1,7.415,0.19091883092036754,2
CHEMBL2971,CC(C)(C)S(=O)(=O)Nc1cccc(-n2ccc3cnc(Nc4ccc(C(=O)NC5CCNCC5)c(F)c4)nc32)c1,7.75,0.0,1
CHEMBL2971,CC(C)(C)S(=O)(=O)Nc1cccc(-n2ccc3cnc(Nc4ccc(C(=O)NC5CCNCC5)cc4)nc32)c1,7.62,0.0,1
CHEMBL2971,CC(C)(C)S(=O)(=O)Nc1cccc(-n2ccc3cnc(Nc4ccc(C5CCNCC5)cc4)nc32)c1,7.69,0.0,1
CHEMBL2971,CC(C)(C)S(=O)(=O)Nc1cccc(-n2ccc3cnc(Nc4ccc(CC(=O)NCCN)cc4)nc32)c1,7.19,0.0,1
CHEMBL2971,CC(C)(C)S(=O)(=O)Nc1cccc(-n2ccc3cnc(Nc4ccc(N5CCN(S(C)(=O)=O)CC5)cc4)nc32)c1,7.4,0.0,1
CHEMBL2971,CC(C)(C)S(=O)(=O)Nc1cccc(-n2ccc3cnc(Nc4ccc(N5CCNCC5)c(F)c4)nc32)c1,8.059999999999999,0.05656854249492448,2
CHEMBL2971,CC(C)(C)S(=O)(=O)Nc1cccc(-n2ccc3cnc(Nc4ccc(N5CCNCC5)cc4)nc32)c1,7.96,0.05656854249492385,2
CHEMBL2971,CC(C)(C)S(=O)(=O)Nc1cccc(-n2ccc3cnc(Nc4ccc(N5CCOCC5)cc4)nc32)c1,7.61,0.0,1
CHEMBL2971,CC(C)(C)S(=O)(=O)Nc1cccc(-n2ccc3cnc(Nc4ccc(NCCN)cc4)nc32)c1,7.7,0.0,1
CHEMBL2971,CC(C)(C)S(=O)(=O)Nc1cccc(-n2ccc3cnc(Nc4ccc5c(c4)CC4CNCCN54)nc32)c1,7.82,0.09899494936611612,2
CHEMBL2971,CC(C)(C)S(=O)(=O)Nc1cccc(-n2ccc3cnc(Nc4ccc5c(c4)CCN4CCNCC54)nc32)c1,7.43,0.0,1
CHEMBL2971,CC(C)(C)S(=O)(=O)Nc1cccc(Nc2nc(NC3CC4CC3CN4)nc3sccc23)c1,5.38,0.0,1
CHEMBL2971,CC(C)(C)S(=O)(=O)Nc1cccc(Nc2nc(NC3CCN(C#N)CC3)nc3ccsc23)c1,5.0,0.0,1
CHEMBL2971,CC(C)(C)S(=O)(=O)Nc1cccc(Nc2nc(NC3CCN(C(N)=O)CC3)nc3sccc23)c1,5.0,0.0,1
CHEMBL2971,CC(C)(C)S(=O)(=O)Nc1cccc(Nc2nc(NC3CCN(c4ccccc4)CC3)nc3sccc23)c1,5.0,0.0,1
CHEMBL2971,CC(C)(C)S(=O)(=O)Nc1cccc(Nc2nc(NC3CCNC(=O)C3)nc3sccc23)c1,5.0,0.0,1
CHEMBL2971,CC(C)(C)S(=O)(=O)Nc1cccc(Nc2nc(NC3CCNCC3)nc3[nH]ccc23)c1,5.0,0.0,1
CHEMBL2971,CC(C)(C)S(=O)(=O)Nc1cccc(Nc2nc(NC3CCNCC3)nc3sccc23)c1,5.0,0.0,1
CHEMBL2971,CC(C)(C)S(=O)(=O)c1ccc(Nc2nn(C3(CC#N)CCCC3)c3cc[nH]c(=O)c23)cc1,9.32,0.0,1
CHEMBL2971,CC(C)(C)S(=O)(=O)c1ccc(Nc2nn(C3(CC#N)CCOCC3)c3cc[nH]c(=O)c23)cc1,9.08,0.0,1
CHEMBL2971,CC(C)(C)S(=O)(=O)c1ccc(Nc2nn(C3CCC[C@@H]3C#N)c3cc[nH]c(=O)c23)cc1,6.44,0.0,1
CHEMBL2971,CC(C)(C)S(=O)(=O)c1ccc(Nc2nn(C3COCCC[C@H]3C#N)c3cc[nH]c(=O)c23)cc1,4.83,0.0,1
CHEMBL2971,CC(C)(C)S(=O)(=O)c1ccc(Nc2nn(N3CCOCC[C@@H]3C#N)c3cc[nH]c(=O)c23)cc1,5.23,0.0,1
CHEMBL2971,CC(C)(C)S(=O)(=O)c1ccc(Nc2nn(N3CCOCC[C@H]3C#N)c3cc[nH]c(=O)c23)cc1,4.5600000000000005,0.48083261120685244,2
CHEMBL2971,CC(C)(C)S(=O)(=O)c1ccc(Nc2nn([C@@H](CC#N)C3CC3)c3cc[nH]c(=O)c23)cc1,6.51,0.0,1
CHEMBL2971,CC(C)(C)S(=O)(=O)c1ccc(Nc2nn([C@@H]3CC(F)(F)C[C@H]3C#N)c3cc[nH]c(=O)c23)cc1,4.77,0.0,1
CHEMBL2971,CC(C)(C)S(=O)(=O)c1ccc(Nc2nn([C@@H]3CCCCC[C@@H]3C#N)c3cc[nH]c(=O)c23)cc1,5.77,0.0,1
CHEMBL2971,CC(C)(C)S(=O)(=O)c1ccc(Nc2nn([C@@H]3CCCCC[C@H]3C#N)c3cc[nH]c(=O)c23)cc1,6.47,0.0,1
CHEMBL2971,CC(C)(C)S(=O)(=O)c1ccc(Nc2nn([C@@H]3COCCC[C@@H]3C#N)c3cc[nH]c(=O)c23)cc1,5.46,0.0,1
CHEMBL2971,CC(C)(C)S(=O)(=O)c1ccc(Nc2nn([C@@H]3COCCC[C@H]3C#N)c3cc[nH]c(=O)c23)cc1,6.16,0.0,1
CHEMBL2971,CC(C)(C)S(=O)(=O)c1ccc(Nc2nn([C@@]3(CC#N)CCOC3)c3cc[nH]c(=O)c23)cc1,8.61,0.0,1
CHEMBL2971,CC(C)(C)S(=O)(=O)c1ccc(Nc2nn([C@H]3CC(F)(F)C[C@@H]3C#N)c3cc[nH]c(=O)c23)cc1,6.46,0.0,1
CHEMBL2971,CC(C)(C)S(=O)(=O)c1ccc(Nc2nn([C@H]3CC(F)(F)C[C@H]3C#N)c3cc[nH]c(=O)c23)cc1,5.46,0.0,1
CHEMBL2971,CC(C)(C)S(=O)(=O)c1ccc(Nc2nn([C@H]3CCCCC[C@@H]3C#N)c3cc[nH]c(=O)c23)cc1,5.07,0.0,1
CHEMBL2971,CC(C)(C)S(=O)(=O)c1ccc(Nc2nn([C@H]3CCCCC[C@H]3C#N)c3cc[nH]c(=O)c23)cc1,6.02,0.0,1
CHEMBL2971,CC(C)(C)S(=O)(=O)c1ccc(Nc2nn([C@H]3CCCC[C@@H]3C#N)c3cc[nH]c(=O)c23)cc1,6.36,0.0,1
CHEMBL2971,CC(C)(C)S(=O)(=O)c1ccc(Nc2nn([C@H]3CCOCC[C@@H]3C#N)c3cc[nH]c(=O)c23)cc1,5.67,0.0,1
CHEMBL2971,CC(C)(C)S(=O)(=O)c1ccc(Nc2nn([C@H]3COCCC[C@@H]3C#N)c3cc[nH]c(=O)c23)cc1,4.67,0.0,1
CHEMBL2971,CC(C)(C)S(=O)(=O)c1ccc(Nc2nn([C@H]3COCC[C@@H]3C#N)c3cc[nH]c(=O)c23)cc1,6.68,0.0,1
CHEMBL2971,CC(C)(C)S(=O)(=O)c1ccc(Nc2nn([C@]3(CC#N)CCCOC3)c3cc[nH]c(=O)c23)cc1,9.33,0.0,1
CHEMBL2971,CC(C)(C)S(=O)(=O)c1ccc(Nc2nn([C@]3(CC#N)CCOC3)c3cc[nH]c(=O)c23)cc1,7.92,0.0,1
CHEMBL2971,CC(C)(C)[C@@H](CO)NC(=O)c1cnn2ccc(N3CCC[C@@H]3c3cc(F)ccc3F)nc12,7.91,0.0,1
CHEMBL2971,CC(C)(C)[C@@H](NC(=O)c1c[nH]c2ncc(C3CC3)nc12)C(=O)N1CC(C#N)C1,7.915,1.675843071412117,2
CHEMBL2971,CC(C)(C)[S@+]([O-])N[C@H](c1ccc(Nc2nn([C@H]3CCCC[C@@H]3C#N)c3cc[nH]c(=O)c23)cc1)C(F)(F)F,6.27,0.0,1
CHEMBL2971,CC(C)(C)[S@+]([O-])N[C@H](c1cccc(Nc2nn([C@H]3CCCC[C@@H]3C#N)c3cc[nH]c(=O)c23)c1)C(F)(F)F,4.89,0.0,1
CHEMBL2971,CC(C)(C)[S@@+]([O-])N[C@@H](c1ccc(Nc2nn([C@H]3CCCC[C@@H]3C#N)c3cc[nH]c(=O)c23)cc1)C(F)(F)F,5.82,0.0,1
CHEMBL2971,CC(C)(C)[S@@+]([O-])N[C@@H](c1cccc(Nc2nn([C@H]3CCCC[C@@H]3C#N)c3cc[nH]c(=O)c23)c1)C(F)(F)F,4.54,0.0,1
CHEMBL2971,CC(C)(C)c1ccc(C(=O)N2CCc3cc(Nc4ncc(F)c(-c5cnn(CCC#N)c5)n4)ccc32)cc1,6.22,0.0,1
CHEMBL2971,CC(C)(C)c1nc2c3ccc(F)cc3c3c(=O)[nH]ccc3c2[nH]1,7.425,2.227386360737625,2
CHEMBL2971,CC(C)(C)n1cc(Nc2ncc(C(N)=O)c(NCC3CC=CC3)n2)cn1,8.59,0.0,1
CHEMBL2971,CC(C)(C)n1cc(Nc2ncc(C(N)=O)c(Nc3c(F)cccc3C(F)(F)F)n2)cn1,8.48,0.0,1
CHEMBL2971,CC(C)(C)n1cc(Nc2ncc(C(N)=O)c(Nc3c(F)cccc3Cl)n2)cn1,9.1,0.0,1
CHEMBL2971,CC(C)(C)n1cc(Nc2ncc(C(N)=O)c(Nc3c(F)cccc3F)n2)cn1,8.92,0.0,1
CHEMBL2971,CC(C)(C)n1cc(Nc2ncnc(-c3ccc(O[C@H]4CCN(C(=O)CC#N)C[C@H]4F)c(C#N)c3)n2)cn1,6.97,0.0,1
CHEMBL2971,CC(C)(CC(=O)NCC(F)(F)F)n1cc(-c2c[nH]c3ncccc23)cn1,7.46,0.0,1
CHEMBL2971,CC(C)(CC(=O)NCC(F)(F)F)n1cc(-c2ncnc3[nH]ccc23)cn1,7.46,0.0,1
CHEMBL2971,CC(C)(CCO)N1Cc2cc(Nc3nn([C@H]4CCCC[C@@H]4C#N)c4cc[nH]c(=O)c34)ccc2S1(=O)=O,6.64,0.0,1
CHEMBL2971,CC(C)(CF)NC(=O)c1cnn2ccc(N3CCCC3c3cc(F)cnc3CO)nc12,6.18,0.0,1
CHEMBL2971,CC(C)(CF)NC(=O)c1cnn2ccc(N3CCC[C@@H]3c3cc(F)ccc3F)nc12,9.1,0.0,1
CHEMBL2971,CC(C)(CF)NC(=O)c1cnn2ccc(N3CCC[C@@H]3c3cc(F)cnc3CO)nc12,7.56,1.951614716074871,2
CHEMBL2971,CC(C)(CF)NC(=O)c1cnn2ccc(N3CCC[C@@H]3c3cncc(F)c3)nc12,8.06,0.0,1
CHEMBL2971,CC(C)(CF)c1ccc(Nc2nn([C@H]3CC[C@@H](O)C[C@@H]3C#N)cc2C(N)=O)cc1,8.22,0.0,1
CHEMBL2971,CC(C)(CF)c1ccc(Nc2nn([C@H]3CC[C@H](O)C[C@@H]3C#N)cc2C(N)=O)cc1,8.22,0.0,1
CHEMBL2971,CC(C)(CN)CNc1nc2cc[nH]c(=O)c2c2cc(F)ccc12,5.5,0.0,1
CHEMBL2971,CC(C)(CN1CCOCC1)NC(=O)c1cnn2ccc(N3CCC[C@@H]3c3cc(F)ccc3F)nc12,8.46,0.0,1
CHEMBL2971,CC(C)(CNS(C)(=O)=O)NC(=O)c1cnn2ccc(N3CCC[C@@H]3c3cc(F)ccc3F)nc12,8.41,0.0,1
CHEMBL2971,CC(C)(CO)CN1Cc2cc(Nc3nn([C@H]4CCCC[C@@H]4C#N)c4cc[nH]c(=O)c34)ccc2S1(=O)=O,6.07,0.0,1
CHEMBL2971,CC(C)(CO)CNC(=O)Cc1nc2cnc3[nH]ccc3c2n1[C@H]1CC[C@H](CC#N)CC1,8.41,0.0,1
CHEMBL2971,CC(C)(CO)CNC(=O)c1cnn2ccc(N3CCCC3c3cc(F)ccc3F)nc12,8.92,0.0,1
CHEMBL2971,CC(C)(CO)CNC(=O)c1cnn2ccc(N3CCCC3c3cncc(F)c3)nc12,7.89,0.0,1
CHEMBL2971,CC(C)(CO)CNc1nc2cc[nH]c(=O)c2c2cc(F)ccc12,6.56,0.0,1
CHEMBL2971,CC(C)(CO)N1CCCN(c2ccc(Nc3nc(N4CCC(CC#N)CC4)nc4cn[nH]c(=O)c34)cc2)CC1,7.52,0.0,1
CHEMBL2971,CC(C)(CO)N1CCN(c2ccc(Nc3nc(N4CCC(CC#N)CC4)nc4cn[nH]c(=O)c34)cc2)CC1,7.52,0.0,1
CHEMBL2971,CC(C)(CO)NC(=O)c1cnn2ccc(N3CCCC3c3cncc(F)c3)nc12,7.35,0.0,1
CHEMBL2971,CC(C)(CO)NC(=O)c1cnn2ccc(N3CCC[C@@H]3c3cc(F)ccc3F)nc12,8.96,0.0,1
CHEMBL2971,CC(C)(CO)N[C@H]1CCC(n2cc(C(N)=O)c(Nc3ccc(Cl)cc3)n2)[C@@H](C#N)C1,7.39,0.0,1
CHEMBL2971,CC(C)(CO)OC(=O)N1CCC(CC#N)(n2cc(C(N)=O)c(Nc3ccc(F)cc3)n2)CC1,7.02,0.0,1
CHEMBL2971,CC(C)(CO)Oc1ccc(Nc2nc(N3CCC(CC#N)CC3)nc3cn[nH]c(=O)c23)cc1,7.52,0.0,1
CHEMBL2971,CC(C)(COC(=O)N1CC[C@@H](C#N)[C@H](n2cc(C(N)=O)c(Nc3ccc(F)cc3)n2)C1)n1cccn1,6.42,0.0,1
CHEMBL2971,CC(C)(COC(=O)N1CC[C@@H](n2cc(C(N)=O)c(Nc3ccc(F)cc3)n2)[C@H](C#N)C1)n1cccn1,5.88,0.0,1
CHEMBL2971,CC(C)(N)CNC(=O)c1cnn2ccc(N3CCC[C@@H]3c3cc(F)ccc3F)nc12,8.03,0.0,1
CHEMBL2971,CC(C)(N)c1ccc(Nc2nn([C@H]3COCC[C@@H]3C#N)c3cc[nH]c(=O)c23)cc1,6.23,0.0,1
CHEMBL2971,CC(C)(NC1CCC(n2cc(C(N)=O)c(Nc3ccc(Cl)cc3)n2)[C@@H](C#N)C1)C1CC1,7.77,0.0,1
CHEMBL2971,CC(C)(N[C@@H]1CCC(n2cc(C(N)=O)c(Nc3ccc(Cl)cc3)n2)[C@@H](C#N)C1)C1CC1,6.68,0.0,1
CHEMBL2971,CC(C)(N[C@H]1CCC(n2cc(C(N)=O)c(Nc3ccccc3)n2)[C@@H](C#N)C1)C1CC1,7.42,0.0,1
CHEMBL2971,CC(C)(O)C(=O)N1CCC(CC#N)(n2cc(C(N)=O)c(Nc3ccnc(F)c3)n2)CC1,6.63,0.0,1
CHEMBL2971,CC(C)(O)C(=O)N1CCN(CCOc2ccc(Nc3nc(N4CCCCCC4)nc4cn[nH]c(=O)c34)cc2)CC1,7.52,0.0,1
CHEMBL2971,CC(C)(O)C(=O)N1CCN(Cc2ccc(Nc3nc(-c4ccccc4)nc4cn[nH]c(=O)c34)cc2)CC1,7.52,0.0,1
CHEMBL2971,CC(C)(O)C(=O)N1CCN(c2ccc(C(F)(F)F)c(C3=C(c4c[nH]c5ccccc45)C(=O)NC3=O)c2)CC1,6.24,0.0,1
CHEMBL2971,CC(C)(O)C(=O)N1CCN(c2ccc(Nc3nc(N4CCC(CC#N)CC4)nc4cn[nH]c(=O)c34)cn2)CC1,7.52,0.0,1
CHEMBL2971,CC(C)(O)C1CC(CC#N)(n2ccc(-c3nc(-c4cc[nH]n4)cc4ncccc34)n2)C1,5.51,0.24041630560342606,2
CHEMBL2971,CC(C)(O)C1CC(CC#N)(n2ccc(-c3nc(-c4cn[nH]c4)cc4ncccc34)n2)C1,5.62,0.0,1
CHEMBL2971,CC(C)(O)C1CC(CN2CC[C@@H](C#N)[C@H](n3cc(C(N)=O)c(Nc4ccc(F)cc4)n3)C2)C1,6.27,0.0,1
CHEMBL2971,CC(C)(O)C1CC(CN[C@H]2CC[C@@H](n3cc(C(N)=O)c(Nc4ccc(C(F)(F)F)cc4)n3)[C@H](C#N)C2)C1,6.58,0.0,1
CHEMBL2971,CC(C)(O)C1CCN(C(=O)Cc2nc3cnc4[nH]ccc4c3n2[C@H]2CC[C@H](CC#N)CC2)CC1,7.92,0.0,1
CHEMBL2971,CC(C)(O)C1CCN(C[C@H]2CC[C@H](c3nnn4cnc5[nH]ccc5c34)CC2)CC1,6.8,0.0,1
CHEMBL2971,CC(C)(O)C1CCN(Cc2ccc(-c3cccc4nc(NC(=O)C5CC5)nn34)cc2)CC1,6.12,0.0,1
CHEMBL2971,CC(C)(O)C1CCN(c2ccc(Nc3nc(N4CCC(CC#N)CC4)nc4cn[nH]c(=O)c34)cc2)CC1,7.52,0.0,1
CHEMBL2971,CC(C)(O)C1CN(C(=O)[C@@H]2CC[C@@H](n3cc(C(N)=O)c(Nc4ccc(Cl)cc4)n3)[C@H](C#N)C2)C1,7.23,0.0,1
CHEMBL2971,CC(C)(O)C1CN(C(=O)[C@H]2CC[C@H](n3cc(C(N)=O)c(Nc4ccc(Cl)cc4)n3)[C@@H](C#N)C2)C1,6.5,0.0,1
CHEMBL2971,CC(C)(O)C1CN([C@@H]2CCC(n3cc(C(N)=O)c(Nc4ccc(Cl)cc4)n3)[C@@H](C#N)C2)C1,7.44,0.0,1
CHEMBL2971,CC(C)(O)C1CN([C@@H]2CC[C@H](n3cc(C(N)=O)c(Nc4ccc(C(F)(F)F)cc4)n3)[C@@H](C#N)C2)C1,7.31,0.0,1
CHEMBL2971,CC(C)(O)C1CN([C@H]2CCC(n3cc(C(N)=O)c(Nc4ccc(Cl)cc4)n3)[C@@H](C#N)C2)C1,7.15,0.0,1
CHEMBL2971,CC(C)(O)C1CN([C@H]2CC[C@H](n3cc(C(N)=O)c(Nc4ccc(C(F)(F)F)cc4)n3)[C@@H](C#N)C2)C1,7.11,0.0,1
CHEMBL2971,CC(C)(O)CC(=O)N1CCC(CC#N)(n2cc(C(N)=O)c(Nc3ccnc(F)c3)n2)CC1,8.1,0.0,1
CHEMBL2971,CC(C)(O)CC(=O)NCc1nc2cnc3[nH]ccc3c2n1[C@H]1CC[C@H](CC#N)CC1,7.06,0.0,1
CHEMBL2971,CC(C)(O)CCNC(=O)Cc1nc2cnc3[nH]ccc3c2n1[C@H]1CC[C@H](CC#N)CC1,8.17,0.0,1
CHEMBL2971,CC(C)(O)CN1CCC(c2nc3cnc4[nH]ccc4c3n2[C@H]2CC[C@H](CC#N)CC2)CC1,7.47,0.0,1
CHEMBL2971,CC(C)(O)CN1CCN(c2cccc(Nc3nc4c(-c5ccc(S(C)(=O)=O)cc5)cccn4n3)c2)CC1,8.58,0.0,1
CHEMBL2971,CC(C)(O)CNC(=O)Cc1nc2cnc3[nH]cc(Br)c3c2n1[C@H]1CC[C@H](CC#N)CC1,7.37,0.0,1
CHEMBL2971,CC(C)(O)CNC(=O)Cc1nc2cnc3[nH]cc(Cl)c3c2n1[C@H]1CC[C@H](CC#N)CC1,7.43,0.0,1
CHEMBL2971,CC(C)(O)CNC(=O)Cc1nc2cnc3[nH]cc(F)c3c2n1[C@H]1CC[C@H](CC#N)CC1,7.86,0.0,1
CHEMBL2971,CC(C)(O)CNC(=O)Cc1nc2cnc3[nH]ccc3c2n1C1CCC(CC#N)CC1,8.07,0.0,1
CHEMBL2971,CC(C)(O)CNC(=O)Cc1nc2cnc3[nH]ccc3c2n1[C@H]1CC[C@H](CC#N)CC1,7.746666666666667,0.5774368652357877,3
CHEMBL2971,CC(C)(O)CNC(=O)c1cnn2ccc(N3CCCC3c3cncc(F)c3)nc12,7.42,0.0,1
CHEMBL2971,CC(C)(O)CNC(=O)c1cnn2ccc(N3CCC[C@@H]3c3cc(F)ccc3CO)nc12,8.38,0.0,1
CHEMBL2971,CC(C)(O)CNC(=O)c1cnn2ccc(N3CCC[C@@H]3c3cc(F)ccc3F)nc12,8.67,0.0,1
CHEMBL2971,CC(C)(O)CNC(=O)c1nc2cnc3[nH]ccc3c2n1[C@H]1CC[C@H](CC#N)CC1,7.82,0.0,1
CHEMBL2971,CC(C)(O)CN[C@H]1CCC(n2cc(C(N)=O)c(Nc3ccc(Cl)cc3)n2)[C@@H](C#N)C1,7.38,0.0,1
CHEMBL2971,CC(C)(O)CNc1ncc(-c2cnc3[nH]ccc3n2)c(N[C@H]2CCCN(S(C)(=O)=O)C2)n1,9.75,0.0,1
CHEMBL2971,CC(C)(O)COCc1cccc(Nc2sc(-c3c(F)cc(C(C)(C)O)cc3F)cc2C(N)=O)n1,7.584999999999999,0.7566042558696051,2
CHEMBL2971,CC(C)(O)Cc1cccc(N2CCC(CC#N)(n3cc(C(N)=O)c(Nc4ccc(F)cc4)n3)CC2)n1,6.83,0.0,1
CHEMBL2971,CC(C)(O)Cn1cc(-c2nc3cnc4[nH]ccc4c3n2[C@H]2CC[C@H](CC#N)CC2)cn1,7.61,0.0,1
CHEMBL2971,CC(C)(O)Cn1cc(Nc2ncc(C(N)=O)c(NCc3c(F)cccc3F)n2)cn1,8.68,0.0,1
CHEMBL2971,CC(C)(O)Cn1cc(Nc2ncc(Cl)c(NC3CCC4(CC3)CCN(S(C)(=O)=O)CC4)n2)cn1,6.88,0.0,1
CHEMBL2971,CC(C)(O)[C@@H]1CC[C@@](CC#N)(n2nc(Nc3ccc(Cl)cc3)c3c(=O)[nH]ccc32)CO1,8.95,0.0,1
CHEMBL2971,CC(C)(O)[C@H](F)CN1Cc2cc(NC(=O)c3cnn4cccnc34)c(N3CCOCC3)cc2C1=O,6.31,0.0,1
CHEMBL2971,CC(C)(O)c1cc(Cl)c(Nc2nc3ccncc3c3c(=O)[nH]ccc23)c(Cl)c1,9.3,0.0,1
CHEMBL2971,CC(C)(O)c1cc(Nc2ncnc(-c3ccc(O[C@H]4CCN(C(=O)CO)C[C@H]4F)c(C#N)c3)n2)ccn1,6.02,0.0,1
CHEMBL2971,CC(C)(O)c1ccc(-c2cc(C(N)=O)c(Nc3cccc(CN4CCOCC4)n3)s2)cc1,6.99,1.0040916292848974,2
CHEMBL2971,CC(C)(O)c1ccc(Nc2nn(C3(CC#N)CCN(C(=O)OCC(F)(F)F)CC3)cc2C(N)=O)cn1,9.15,0.0,1
CHEMBL2971,CC(C)(O)c1ccc2c(c1)[nH]c1c(C(N)=O)cc(Cl)c(-c3cccc(-n4c(=O)[nH]c5c(F)cccc5c4=O)c3Cl)c12,5.75,0.0,1
CHEMBL2971,CC(C)(O)c1cccc(N2CCC(CC#N)(n3cc(C(N)=O)c(Nc4ccc(F)cc4)n3)CC2)n1,7.66,0.0,1
CHEMBL2971,CC(C)(O)c1cn(C[C@H]2CC[C@H](c3nnn4cnc5[nH]ccc5c34)CC2)nn1,7.01,0.0,1
CHEMBL2971,CC(C)(O)c1cn(Cc2ccc(Nc3nn([C@H]4CCCC[C@@H]4C#N)c4cc[nH]c(=O)c34)cc2)nn1,6.39,0.0,1
CHEMBL2971,CC(C)(O)c1cn(Cc2cccc(Nc3nn([C@H]4CCCC[C@@H]4C#N)c4cc[nH]c(=O)c34)c2)nn1,5.58,0.0,1
CHEMBL2971,CC(C)(c1ccc(Nc2nn([C@@H]3CCCC[C@H]3C#N)cc2C(N)=O)cc1)[C@@H](O)C(F)(F)F,9.0,0.0,1
CHEMBL2971,CC(C)(c1ccc(Nc2nn([C@@H]3CCCC[C@H]3C#N)cc2C(N)=O)cc1)[C@H](O)C(F)(F)F,7.52,0.0,1
CHEMBL2971,CC(C)(c1ccc(Nc2nn([C@H]3CCCC[C@@H]3C#N)c3cc[nH]c(=O)c23)cc1)n1ccnn1,6.3,0.0,1
CHEMBL2971,CC(C)(c1ccc(Nc2nn([C@H]3CCCC[C@@H]3C#N)c3cc[nH]c(=O)c23)cc1)n1nccn1,6.62,0.0,1
CHEMBL2971,CC(C)(c1ccc(Nc2nn([C@H]3CCCC[C@@H]3C#N)cc2C(N)=O)cc1)[C@@H](O)C(F)(F)F,8.0,0.0,1
CHEMBL2971,CC(C)(c1ccc(Nc2nn([C@H]3CCCC[C@@H]3C#N)cc2C(N)=O)cc1)[C@H](O)C(F)(F)F,8.52,0.0,1
CHEMBL2971,CC(C)(c1ccc(Nc2nn([C@H]3CCCC[C@@H]3C#N)cc2C(N)=O)cc1F)[C@@H](O)C(F)(F)F,8.4,0.0,1
CHEMBL2971,CC(C)(c1ccc(Nc2nn([C@H]3CCCC[C@@H]3C#N)cc2C(N)=O)cc1F)[C@H](O)C(F)(F)F,7.96,0.0,1
CHEMBL2971,CC(C)(c1ccc(Nc2nn([C@H]3CC[C@@](C)(O)C[C@@H]3C#N)cc2C(N)=O)cc1)C(O)C(F)(F)F,8.350000000000001,0.07071067811865513,2
CHEMBL2971,CC(C)(c1ccc(Nc2nn([C@H]3CC[C@H](O)C[C@@H]3C#N)cc2C(N)=O)cc1)C(O)C(F)(F)F,8.61,0.12727922061357835,2
CHEMBL2971,CC(C)(c1ccc(Nc2nn([C@H]3CC[C@](C)(O)C[C@@H]3C#N)cc2C(N)=O)cc1)C(O)C(F)(F)F,8.61,0.12727922061357835,2
CHEMBL2971,CC(C)/C(=N/O)NCc1nc2cnc3[nH]ccc3c2n1[C@H]1CC[C@H](CC#N)CC1,7.59,0.0,1
CHEMBL2971,CC(C)/C(N)=N/OCc1nc2cnc3[nH]ccc3c2n1[C@H]1CC[C@H](CC#N)CC1,8.0,0.0,1
CHEMBL2971,CC(C)=CCCCNc1nc(Nc2cnn(C(C)(C)C)c2)ncc1C(N)=O,7.77,0.0,1
CHEMBL2971,CC(C)=CCNc1nc(Nc2cnn(C(C)(C)C)c2)ncc1C(N)=O,8.77,0.0,1
CHEMBL2971,CC(C)=CCNc1nc(Nc2cnn(C3CCOCC3)c2)ncc1C(N)=O,9.05,0.0,1
CHEMBL2971,CC(C)C(=O)N1CC(S(=O)(=O)C[C@H]2C[C@@H](N(C)c3ncnc4[nH]ccc34)C2)C1,5.49,0.0,1
CHEMBL2971,CC(C)C(=O)N1CC[C@@H](Nc2ncccc2-c2cnc3[nH]ccc3n2)C1,9.77,0.0,1
CHEMBL2971,CC(C)C(=O)N1CC[C@H]2C[C@@H](N(C)c3ncnc4[nH]ccc34)C[C@H]2C1,6.9,0.0,1
CHEMBL2971,CC(C)C(=O)N1C[C@H](N(C)c2ncnc3[nH]ccc23)C2(CC2)C1,5.55,0.0,1
CHEMBL2971,CC(C)C(C)(C)S(=O)(=O)c1ccc(Nc2nn([C@H]3COCC[C@@H]3C#N)c3cc[nH]c(=O)c23)cc1,6.8,0.0,1
CHEMBL2971,CC(C)C(C)(C)S(=O)(=O)c1ccc(Nc2nn([C@]3(CC#N)CCCOC3)c3cc[nH]c(=O)c23)cc1,9.52,0.0,1
CHEMBL2971,CC(C)C(C)n1cc(-c2ccc(N3CCOCC3)cn2)c2[nH]nc(N)c2c1=O,7.89,0.0,1
CHEMBL2971,CC(C)C(C)n1cc(-c2ccn(C)n2)c2[nH]nc(N)c2c1=O,6.51,0.0,1
CHEMBL2971,CC(C)C(Nc1ncc(C(N)=O)c2[nH]c3cc(-c4cnn(C)c4)ccc3c12)C1CC1,8.52,0.0,1
CHEMBL2971,CC(C)C(c1ccc(Nc2nn([C@H]3CCCC[C@@H]3C#N)c3cc[nH]c(=O)c23)cc1)n1cc(C(=O)OC(C)(C)C)nn1,5.715,0.28991378028648457,2
CHEMBL2971,CC(C)C(c1ccc(Nc2nn([C@H]3CCCC[C@@H]3C#N)c3cc[nH]c(=O)c23)cc1)n1cc(C(C)(C)C)nn1,5.43,0.2969848480983499,2
CHEMBL2971,CC(C)C(c1ccc(Nc2nn([C@H]3CCCC[C@@H]3C#N)c3cc[nH]c(=O)c23)cc1)n1ccnn1,6.585,0.021213203435595972,2
CHEMBL2971,CC(C)C(c1ccc(Nc2nn([C@H]3CCCC[C@@H]3C#N)c3cc[nH]c(=O)c23)cc1)n1nccn1,6.475,0.13435028842544464,2
CHEMBL2971,CC(C)C/C=C/CNc1nc(Nc2cnn(C(C)(C)C)c2)ncc1C(N)=O,7.37,0.0,1
CHEMBL2971,CC(C)CC(=O)N1CC[C@@H](N(C)c2ncnc3[nH]ccc23)C1,5.41,0.0,1
CHEMBL2971,CC(C)CC(=O)N1CC[C@@H](Nc2ncccc2-c2cnc3[nH]ccc3n2)C1,9.81,0.0,1
CHEMBL2971,CC(C)CC(=O)N1C[C@H](N(C)c2ncnc3[nH]ccc23)C2(CC2)C1,5.96,0.0,1
CHEMBL2971,CC(C)CCNc1c(C(N)=O)cnn2cc(-c3ccccc3)cc12,6.66,0.0,1
CHEMBL2971,CC(C)CCNc1nc(Nc2cnn(CC(C)(C)C)c2)ncc1C(N)=O,8.62,0.0,1
CHEMBL2971,CC(C)CCS(=O)(=O)C[C@H]1C[C@@H](N(C)c2ncnc3[nH]ccc23)C1,6.05,0.0,1
CHEMBL2971,CC(C)CCS(=O)(=O)N1CC[C@@H](Nc2ncccc2-c2cnc3[nH]ccc3n2)C1,9.09,0.0,1
CHEMBL2971,CC(C)CN(CC1CC1)[C@H]1CC[C@@H](n2cc(C(N)=O)c(Nc3ccc(C(F)(F)F)cc3)n2)[C@H](C#N)C1,6.04,0.0,1
CHEMBL2971,CC(C)CN1C/C=C/CCOc2cccc(c2)-c2ccnc(n2)Nc2cccc(c2)C1,5.82,0.0,1
CHEMBL2971,CC(C)CN1CCC(NC(=O)Cc2nc3cnc4[nH]ccc4c3n2[C@H]2CC[C@H](CC#N)CC2)CC1,7.755,1.3081475451951126,2
CHEMBL2971,CC(C)CN1Cc2cc(Nc3nn(C4(CC#N)CCN(C(=O)OC(C)(C)C)CC4)c4cc[nH]c(=O)c34)ccc2S1(=O)=O,9.28,0.0,1
CHEMBL2971,CC(C)CN1Cc2cc(Nc3nn([C@H]4CCCC[C@@H]4C#N)c4cc[nH]c(=O)c34)ccc2S1(=O)=O,6.39,0.0,1
CHEMBL2971,CC(C)CN1Cc2ccc(Nc3nn([C@H]4CCCC[C@@H]4C#N)c4cc[nH]c(=O)c34)cc2C1,6.17,0.0,1
CHEMBL2971,CC(C)CN1Cc2ccc(Nc3nn([C@H]4COCC[C@@H]4C#N)c4cc[nH]c(=O)c34)cc2C1,6.39,0.0,1
CHEMBL2971,CC(C)CNC(c1ccc(Nc2nn([C@H]3COCC[C@@H]3C#N)c3cc[nH]c(=O)c23)cc1)C(F)(F)F,6.54,0.19798989873223286,2
CHEMBL2971,CC(C)CN[C@H]1CC[C@@H](n2cc(C(N)=O)c(Nc3ccc(C(F)(F)F)cc3)n2)[C@H](C#N)C1,6.38,0.0,1
CHEMBL2971,CC(C)CNc1c(C(N)=O)cnn2cc(-c3ccccc3)cc12,6.8,0.0,1
CHEMBL2971,CC(C)CNc1nc(-c2cc(F)c(O)cc2CC(F)(F)F)nc(N)c1C=N,6.62,0.0,1
CHEMBL2971,CC(C)CNc1nc(-c2cc(F)c(O)cc2CC(F)(F)F)nc2[nH]ncc12,6.62,0.0,1
CHEMBL2971,CC(C)CNc1ncc(C(N)=O)c2[nH]c3ccc(F)cc3c12,7.13,0.0,1
CHEMBL2971,CC(C)COC(=O)N1CC(CC#N)(n2cc(C(N)=O)c(Nc3ccccc3)n2)C1,6.53,0.0,1
CHEMBL2971,CC(C)COC(=O)N1CCC(CC#N)(n2cc(C(N)=O)c(Nc3ccccc3)n2)CC1,6.99,0.0,1
CHEMBL2971,CC(C)COC(=O)N1CC[C@@H](C#N)[C@H](n2cc(C(N)=O)c(Nc3ccc(F)cc3)n2)C1,7.12,0.0,1
CHEMBL2971,CC(C)COC(=O)N1CC[C@@H](N(C)c2ncnc3[nH]ccc23)C1,5.37,0.0,1
CHEMBL2971,CC(C)COC(=O)N1CC[C@@H](n2cc(C(N)=O)c(Nc3ccc(F)cc3)n2)[C@H](C#N)C1,6.12,0.0,1
CHEMBL2971,CC(C)COC(=O)N1C[C@H](N(C)c2ncnc3[nH]ccc23)C2(CC2)C1,5.92,0.0,1
CHEMBL2971,CC(C)COC(=O)NCc1nc2cnc3[nH]ccc3c2n1[C@H]1CC[C@H](CC#N)CC1,7.6,0.0,1
CHEMBL2971,CC(C)COc1ccc(C(F)(F)F)cc1-c1cccn2nc(Nc3ccc4c(c3)CCN(CC(=O)N(C)C)CC4)nc12,5.52,0.0,1
CHEMBL2971,CC(C)COc1ccc(C(F)(F)F)cc1-c1cccn2nc(Nc3ccc4c(c3)CCNCC4)nc12,5.97,0.0,1
CHEMBL2971,CC(C)COc1cccc(-c2cccn3nc(Nc4ccc5c(c4)CCNCC5)nc23)c1,7.49,0.0,1
CHEMBL2971,CC(C)COc1ccccc1-c1cccn2nc(Nc3ccc4c(c3)CCNCC4)nc12,5.75,0.0,1
CHEMBL2971,CC(C)CS(=O)(=O)N1CC(CC#N)(n2cc(-c3ccnc4[nH]ccc34)cn2)C1,9.08,0.0,1
CHEMBL2971,CC(C)CS(=O)(=O)N1CCC[C@H](NC(=O)Nc2cnc3[nH]ccc3n2)C1,7.33,0.0,1
CHEMBL2971,CC(C)CS(=O)(=O)N1CCC[C@H](Nc2nc(N(C)C)ncc2-c2cnc3[nH]ccc3n2)C1,10.26,0.0,1
CHEMBL2971,CC(C)CS(=O)(=O)N1CCC[C@H](Nc2nc(N)ncc2-c2cnc3[nH]ccc3n2)C1,10.71,0.0,1
CHEMBL2971,CC(C)CS(=O)(=O)N1CCC[C@H](Nc2nc(N3CCN(C)CC3)ncc2-c2cnc3[nH]ccc3n2)C1,10.23,0.0,1
CHEMBL2971,CC(C)CS(=O)(=O)N1CCC[C@H](Nc2nc(N3CCOCC3)ncc2-c2cnc3[nH]ccc3n2)C1,10.31,0.0,1
CHEMBL2971,CC(C)CS(=O)(=O)N1CCC[C@H](Nc2nc(S(C)(=O)=O)ncc2-c2cnc3[nH]ccc3n2)C1,10.19,0.0,1
CHEMBL2971,CC(C)CS(=O)(=O)N1CCC[C@H](Nc2ncccc2-c2cnc3[nH]ccc3n2)C1,8.47,2.121320343559643,2
CHEMBL2971,CC(C)CS(=O)(=O)N1CCC[C@H](Nc2ncccc2-c2cnc3[nH]ncc3n2)C1,9.0,0.0,1
CHEMBL2971,CC(C)CS(=O)(=O)N1CCC[C@H](Nc2ncccc2-c2cnc3cc[nH]c3n2)C1,9.72,0.0,1
CHEMBL2971,CC(C)CS(=O)(=O)N1CCC[C@H](Nc2ncccc2-c2cnc3ccn(C)c3n2)C1,9.24,0.0,1
CHEMBL2971,CC(C)CS(=O)(=O)N1CCC[C@H](Nc2ncccc2-c2cnc3nc[nH]c3n2)C1,8.52,0.0,1
CHEMBL2971,CC(C)CS(=O)(=O)N1CCC[C@H](Nc2nccnc2-c2cnc3[nH]ccc3n2)C1,10.1,0.0,1
CHEMBL2971,CC(C)CS(=O)(=O)N1CCC[C@H](Nc2ncncc2-c2cnc3[nH]ccc3n2)C1,10.24,0.0,1
CHEMBL2971,CC(C)CS(=O)(=O)N1CC[C@@H](Nc2ncccc2-c2cnc3[nH]ccc3n2)C1,9.18,0.0,1
CHEMBL2971,CC(C)CS(=O)(=O)N1CC[C@@H](O)[C@H](Nc2ncccc2-c2cnc3[nH]ccc3n2)C1,10.05,0.0,1
CHEMBL2971,CC(C)CS(=O)(=O)N1C[C@@H](C)C[C@H](NC(=O)Nc2cnc3[nH]ccc3n2)C1,7.25,0.0,1
CHEMBL2971,CC(C)CS(=O)(=O)N1C[C@@H](C)C[C@H](Nc2nc(N3CCN(C)CC3)ncc2-c2cnc3[nH]ccc3n2)C1,10.08,0.0,1
CHEMBL2971,CC(C)CS(=O)(=O)N1C[C@@H](C)C[C@H](Nc2ncccc2-c2cnc3[nH]ccc3n2)C1,8.72,2.0223253941935257,2
CHEMBL2971,CC(C)CS(=O)(=O)N1C[C@@H](Nc2ncccc2-c2cnc3[nH]ccc3n2)C[C@H](C(F)(F)F)C1,9.33,0.0,1
CHEMBL2971,CC(C)CS(=O)(=O)N[C@H]1C[C@@H](N(C)c2ncnc3[nH]ccc23)C1,5.65,0.8768124086713187,2
CHEMBL2971,CC(C)C[C@@H](C)n1cc(-c2nc(-c3cnn(C(CO)CO)c3)cn3nccc23)cn1,6.76,0.7071067811865476,2
CHEMBL2971,CC(C)C[C@@H](C)n1cc(-c2nc(-c3cnn(C[C@@H](O)CO)c3)cn3nccc23)cn1,6.26,0.0,1
CHEMBL2971,CC(C)C[C@@H](C)n1cc(-c2nc(-c3cnn(C[C@H](O)CO)c3)cn3nccc23)cn1,6.76,0.7071067811865476,2
CHEMBL2971,CC(C)C[C@H](C)n1cc(-c2nc(-c3cnn(C(CO)CO)c3)cn3nccc23)cn1,6.26,0.0,1
CHEMBL2971,CC(C)C[C@H](C)n1cc(-c2nc(-c3cnn(C[C@@H](O)CO)c3)cn3nccc23)cn1,6.26,0.0,1
CHEMBL2971,CC(C)C[C@H](C)n1cc(-c2nc(-c3cnn(C[C@H](O)CO)c3)cn3nccc23)cn1,6.26,0.0,1
CHEMBL2971,CC(C)Cn1cc(-c2ccc3c(c2)[nH]c2c(C(N)=O)ccc(N[C@@H](C)C(C)(C)C)c23)cn1,7.39,0.0,1
CHEMBL2971,CC(C)Cn1cc(-c2ccn(C)n2)c2[nH]nc(N)c2c1=O,6.41,0.0,1
CHEMBL2971,CC(C)N(C)S(=O)(=O)c1ccc(Nc2nn([C@@H](CC#N)C3CC3)c3cc[nH]c(=O)c23)cc1,6.52,0.0,1
CHEMBL2971,CC(C)N(C)S(=O)(=O)c1ccc(Nc2nn([C@]3(CC#N)CC[C@@H](C(=O)OC(C)(C)C)OC3)c3cc[nH]c(=O)c23)cc1,9.64,0.0,1
CHEMBL2971,CC(C)N(CCOc1ccc(Nc2nc(N3CCCCCC3)nc(C=N)c2C(N)=O)cc1)C(C)C,7.52,0.0,1
CHEMBL2971,CC(C)N1C(=O)c2ccccc2-c2n[nH]c3ccnc1c23,6.26,0.0,1
CHEMBL2971,CC(C)N1CCC(N2C(=O)c3ccccc3-c3n[nH]c4ccnc2c34)CC1,5.32,0.0,1
CHEMBL2971,CC(C)N1CCC(N2Cc3c(cnn3C)-c3n[nH]c4ccnc2c34)CC1,5.35,0.0,1
CHEMBL2971,CC(C)N1CCC(N2Cc3nn(C(C)C)cc3-c3n[nH]c4ccnc2c34)CC1,5.27,0.0,1
CHEMBL2971,CC(C)N1CCC(S(=O)(=O)C[C@H]2C[C@@H](N(C)c3ncnc4[nH]ccc34)C2)C1,5.42,0.0,1
CHEMBL2971,CC(C)N1CCCc2n[nH]c3ccnc1c23,5.51,0.0,1
CHEMBL2971,CC(C)N1Cc2cc(Nc3nn([C@H]4CCCC[C@@H]4C#N)c4cc[nH]c(=O)c34)ccc2C1=O,6.44,0.0,1
CHEMBL2971,CC(C)N1Cc2cc(Nc3nn([C@H]4CCCC[C@@H]4C#N)c4cc[nH]c(=O)c34)ccc2C1C,6.05,0.0,1
CHEMBL2971,CC(C)N1Cc2cc(Nc3nn([C@H]4CCCC[C@@H]4C#N)c4cc[nH]c(=O)c34)ccc2S1(=O)=O,6.32,0.0,1
CHEMBL2971,CC(C)N1Cc2cc(Nc3nn([C@H]4CCCC[C@@H]4C#N)c4cc[nH]c(=O)c34)ccc2[C@H]1C,6.35,0.0,1
CHEMBL2971,CC(C)N1Cc2ccc(Nc3nn(C4(CC#N)CCCC4)c4cc[nH]c(=O)c34)cc2C1,8.45,0.0,1
CHEMBL2971,CC(C)N1Cc2ccc(Nc3nn([C@H]4CCCC[C@@H]4C#N)c4cc[nH]c(=O)c34)cc2C1,6.54,0.0,1
CHEMBL2971,CC(C)N1Cc2ccc(Nc3nn([C@H]4COCC[C@@H]4C#N)c4cc[nH]c(=O)c34)cc2C1,6.57,0.0,1
CHEMBL2971,CC(C)N=S(C)(=O)N1CC(CC#N)(n2cc(-c3ncnc4[nH]ccc34)cn2)C1,7.26,0.0,1
CHEMBL2971,CC(C)NC(=O)N1CC(CC#N)(n2cc(C(N)=O)c(Nc3ccccc3)n2)C1,6.73,0.0,1
CHEMBL2971,CC(C)NC(=O)N1CCC(CC#N)(n2cc(C(N)=O)c(Nc3ccc(S(=O)(=O)C(F)(F)F)cc3)n2)CC1,8.7,0.0,1
CHEMBL2971,CC(C)NC(=O)N1CCC(CC#N)(n2cc(C(N)=O)c(Nc3ccccc3)n2)CC1,7.23,0.0,1
CHEMBL2971,CC(C)NC(=O)N1[C@@H]2CC[C@H]1CN(c1ccnc(Nc3cnn(C)c3)n1)C2,6.05,0.0,1
CHEMBL2971,CC(C)NC(=O)NCc1nc2cnc3[nH]ccc3c2n1[C@H]1CC[C@H](CC#N)CC1,7.47,0.0,1
CHEMBL2971,CC(C)NC(=O)O[C@@H]1CCC(n2cc(C(N)=O)c(Nc3ccc(F)cc3)n2)[C@@H](C#N)C1,7.72,0.0,1
CHEMBL2971,CC(C)NC(=O)O[C@H]1CCC(n2cc(C(N)=O)c(Nc3ccc(F)cc3)n2)[C@@H](C#N)C1,7.03,0.0,1
CHEMBL2971,CC(C)NC(=O)c1c[nH]c2ncc(C3CC3)nc12,6.97,0.0,1
CHEMBL2971,CC(C)NC(=O)c1ccc(Nc2ncnc(-c3ccc(OC4CCOCC4)c(C#N)c3)n2)cc1,6.17,0.0,1
CHEMBL2971,CC(C)NC(=O)c1ccc(Nc2ncnc(-c3ccc(O[C@@H]4CCN(C(=O)CO)C4)c(C#N)c3)n2)cc1,6.22,0.0,1
CHEMBL2971,CC(C)NC(=O)c1cnn2ccc(N3CCC[C@@H]3c3cc(F)cn(C)c3=O)nc12,7.13,1.1030865786510144,2
CHEMBL2971,CC(C)NC(=O)c1cnn2ccc(N3CCC[C@@H]3c3cncc(F)c3)nc12,8.29,0.0,1
CHEMBL2971,CC(C)NC(=O)c1cnn2ccc(N3C[C@@H](O)C[C@@H]3c3cccc(F)c3)nc12,7.25,1.4000714267493644,2
CHEMBL2971,CC(C)NC(=O)c1cnn2ccc(N3[C@@H](c4cncc(F)c4)CC[C@@]3(C)CO)nc12,6.73,0.0,1
CHEMBL2971,CC(C)NC(=O)c1cnn2ccc(N3[C@H](CO)CC[C@@H]3c3cncc(F)c3)nc12,7.82,0.0,1
CHEMBL2971,CC(C)NC(=O)c1nc2cnc3[nH]ccc3c2n1[C@H]1CC[C@H](CC#N)CC1,7.12,0.0,1
CHEMBL2971,CC(C)NC(C)(C)c1ccc(Nc2nn(C3(CC#N)CCN(C(=O)OC(C)(C)C)CC3)c3cc[nH]c(=O)c23)cc1,9.4,0.0,1
CHEMBL2971,CC(C)NC(C)(C)c1ccc(Nc2nn([C@@]3(CC#N)CCCC[C@H]3F)c3cc[nH]c(=O)c23)cc1,10.22,0.0,1
CHEMBL2971,CC(C)NC(C)(C)c1ccc(Nc2nn([C@@]3(CC#N)CCN(C(=O)OC(C)(C)C)C[C@H]3F)c3cc[nH]c(=O)c23)cc1,9.85,0.0,1
CHEMBL2971,CC(C)NC(C)(C)c1ccc(Nc2nn([C@H]3COCC[C@@H]3C#N)c3cc[nH]c(=O)c23)cc1,6.52,0.0,1
CHEMBL2971,CC(C)NC(C)(C)c1ccc(Nc2nn([C@]3(CC#N)CC[C@@H](C(=O)OC(C)(C)C)OC3)c3cc[nH]c(=O)c23)cc1,9.59,0.0,1
CHEMBL2971,CC(C)NC(c1ccc(Nc2nn([C@@H](CC#N)C3CC3)c3cc[nH]c(=O)c23)cc1)C(F)(F)F,6.68,0.05656854249492385,2
CHEMBL2971,CC(C)NC(c1ccc(Nc2nn([C@@H](CC#N)C3CC3)c3cc[nH]c(=O)c23)cc1F)C(F)(F)F,6.335,0.1343502884254437,2
CHEMBL2971,CC(C)NC(c1ccc(Nc2nn([C@H]3CCC[C@@H]3C#N)c3cc[nH]c(=O)c23)cc1)C(F)(F)F,6.59,0.1555634918610406,2
CHEMBL2971,CC(C)NC(c1ccc(Nc2nn([C@H]3COCC[C@@H]3C#N)c3cc[nH]c(=O)c23)cc1)C(F)(F)F,7.005,0.06363961030678918,2
CHEMBL2971,CC(C)NC(c1ccc(Nc2nn([C@]3(CC#N)CCCOC3)c3cc[nH]c(=O)c23)cc1)C(F)(F)F,9.75,0.07071067811865576,2
CHEMBL2971,CC(C)NC(c1ccc(Nc2nn([C@]3(CC#N)CC[C@@H](C(=O)OC(C)(C)C)OC3)c3cc[nH]c(=O)c23)cc1)C(F)(F)F,9.375,0.12020815280171429,2
CHEMBL2971,CC(C)NC1(C)C(=O)Nc2cc(Nc3nn(C4COCC[C@@H]4C#N)c4cc[nH]c(=O)c34)ccc21,7.3,0.0,1
CHEMBL2971,CC(C)NCC(=O)N1C/C=C/CCOc2cccc(c2)-c2ccnc(n2)Nc2cccc(c2)C1,6.92,0.0,1
CHEMBL2971,CC(C)NC[C@H]1CC[C@H](c2nnn3cnc4[nH]ccc4c23)CC1,7.27,0.0,1
CHEMBL2971,CC(C)NS(=O)(=O)c1ccc(Nc2nn(C3(CC#N)CCCC3)c3cc[nH]c(=O)c23)cc1,8.97,0.0,1
CHEMBL2971,CC(C)NS(=O)(=O)c1ccc(Nc2nn(C3(CC#N)CCN(C(=O)OC(C)(C)C)CC3)c3cc[nH]c(=O)c23)cc1,9.52,0.0,1
CHEMBL2971,CC(C)NS(=O)(=O)c1ccc(Nc2nn(C3(CC#N)CCNCC3)c3cc[nH]c(=O)c23)cc1F,9.22,0.0,1
CHEMBL2971,CC(C)NS(=O)(=O)c1ccc(Nc2nn([C@H]3CCCC[C@@H]3C#N)c3cc[nH]c(=O)c23)cc1,6.43,0.0,1
CHEMBL2971,CC(C)NS(=O)(=O)c1ccc(Nc2nn([C@H]3CCCC[C@@H]3C#N)cc2C(N)=O)cc1,9.0,0.0,1
CHEMBL2971,CC(C)N[C@@H]1CC[C@H](n2cc(C(N)=O)c(Nc3ccc(S(=O)(=O)C(F)(F)F)cc3)n2)[C@@H](C#N)C1,7.72,0.0,1
CHEMBL2971,CC(C)N[C@H]1CC[C@H](n2cc(C(N)=O)c(Nc3ccc(S(=O)(=O)C(F)(F)F)cc3)n2)[C@@H](C#N)C1,8.1,0.0,1
CHEMBL2971,CC(C)Nc1c(C(N)=O)cnn2cc(-c3ccccc3)cc12,6.72,0.0,1
CHEMBL2971,CC(C)Nc1cc(-c2c(N)nn3cccnc23)ncn1,7.7,0.0,1
CHEMBL2971,CC(C)Nc1nc2cc[nH]c(=O)c2c2cc(F)ccc12,6.86,0.0,1
CHEMBL2971,CC(C)Nc1ncc(C(N)=O)c2[nH]c3ccc(F)cc3c12,7.0,0.0,1
CHEMBL2971,CC(C)Nc1ncnc2oc(-c3ccc(OCCN4CCCC4)cc3)c(-c3ccccc3)c12,5.31,0.0,1
CHEMBL2971,CC(C)OC(=O)C(C)(C)C(O)(c1ccc(Nc2nn([C@@H](CC#N)C3CC3)c3cc[nH]c(=O)c23)cc1)C(F)(F)F,5.4,0.5656854249492376,2
CHEMBL2971,CC(C)OC(=O)C(C)(C)C(O)(c1ccc(Nc2nn([C@H]3CCCC[C@@H]3C#N)c3cc[nH]c(=O)c23)cc1)C(F)(F)F,5.15,0.5939696961966998,2
CHEMBL2971,CC(C)OC(=O)C(C)(C)C(O)(c1ccc(Nc2nn([C@]3(CC#N)CC[C@@H](C(=O)OC(C)(C)C)OC3)c3cc[nH]c(=O)c23)cc1)C(F)(F)F,8.275,0.5444722215136416,2
CHEMBL2971,CC(C)OC(=O)Cc1ccc(Nc2cc(Nc3ccccc3Cl)c(C(N)=O)cn2)nc1,7.57,0.0,1
CHEMBL2971,CC(C)OC(=O)Cn1cc(Nc2ncc3ccn(C[C@@H](CCN(C)C)C(C)C)c3n2)cn1,6.26,0.0,1
CHEMBL2971,CC(C)OC(=O)N1CCC(CC#N)(n2nc(Nc3ccc(S(=O)(=O)N(C)C)cc3)c3c(=O)[nH]ccc32)CC1,9.57,0.0,1
CHEMBL2971,CC(C)OC(=O)N1CCC(CC#N)(n2nc(Nc3ccnc(F)c3)c3c(=O)[nH]ccc32)CC1,8.42,0.0,1
CHEMBL2971,CC(C)OC(=O)[C@@H]1CC[C@@](CC#N)(n2nc(Nc3ccc4c(c3)CN(C(C)(C)C)S4(=O)=O)c3c(=O)[nH]ccc32)CO1,10.22,0.0,1
CHEMBL2971,CC(C)OC(=O)c1ccc(Nc2nn(C3(CC#N)CCN(C(=O)OC(C)(C)C)CC3)cc2C(N)=O)cc1,7.7,0.0,1
CHEMBL2971,CC(C)OC(=O)c1ccc2cc(Nc3nn([C@@H](CC#N)C4CC4)c4cc[nH]c(=O)c34)ccc2n1,5.71,0.0,1
CHEMBL2971,CC(C)OC(=O)c1ccc2cc(Nc3nn([C@H]4CCCC[C@@H]4C#N)c4cc[nH]c(=O)c34)ccc2n1,5.42,0.0,1
CHEMBL2971,CC(C)Oc1cc(-n2cnc3ccc(N[C@@H](C)c4ccc(F)cn4)nc32)n[nH]1,7.17,0.0,1
CHEMBL2971,CC(C)Oc1cc(Nc2cncc(N[C@@H](C)c3ccc(F)cn3)n2)n[nH]1,7.1899999999999995,1.1455129855222068,2
CHEMBL2971,CC(C)Oc1cc(Nc2nc(N[C@@H](C)c3ccc(F)cc3)c(C#N)cc2F)n[nH]1,6.16,0.0,1
CHEMBL2971,CC(C)Oc1ccc(-c2cc3c(N[C@@H]4CC[C@](C)(N)C4(C)C)c(C(N)=O)cnn3c2)cn1,7.7,0.0,1
CHEMBL2971,CC(C)Oc1ccc(C(F)(F)F)cc1-c1cccn2nc(Nc3ccc4c(c3)CCN(CC(=O)N(C)C)CC4)nc12,5.92,0.0,1
CHEMBL2971,CC(C)Oc1ccc(CN2CCC(CC#N)(n3cc(C(N)=O)c(Nc4ccccc4)n3)CC2)cc1,6.09,0.0,1
CHEMBL2971,CC(C)Oc1ccc(CN2CCC(CC#N)(n3nc(Nc4ccc(S(=O)(=O)N(C)C)cc4)c4c(=O)[nH]ccc43)CC2)cc1,7.91,0.0,1
CHEMBL2971,CC(C)Oc1ccc2[nH]c3c(C(N)=O)cc(-c4ccc(Cl)c(Cl)c4)cc3c2c1,6.82,0.0,1
CHEMBL2971,CC(C)Oc1cccc(S(=O)(=O)C[C@H]2C[C@@H](N(C)c3ncnc4[nH]ccc34)C2)c1,8.82,0.0,1
CHEMBL2971,CC(C)Oc1ccccc1-c1cccn2nc(Nc3ccc4c(c3)CCNCC4)nc12,7.25,0.0,1
CHEMBL2971,CC(C)S(=N)(=O)N1CC(CC#N)(n2cc(-c3ncnc4[nH]ccc34)cn2)C1,8.3,0.0,1
CHEMBL2971,CC(C)S(=N)(=O)c1ccc(Nc2nn(C3CCC[C@@H]3C#N)c3cc[nH]c(=O)c23)cc1,6.3149999999999995,0.021213203435596916,2
CHEMBL2971,CC(C)S(=N)(=O)c1ccc(Nc2nn([C@]3(CC#N)CCCOC3)c3cc[nH]c(=O)c23)cc1,9.31,0.12727922061357835,2
CHEMBL2971,CC(C)S(=N)(=O)c1ccc(Nc2nn([C@]3(CC#N)CC[C@@H](C(=O)OC(C)(C)C)OC3)c3cc[nH]c(=O)c23)cc1,9.74,0.0848528137423864,2
CHEMBL2971,CC(C)S(=O)(=O)N(C)[C@@H]1CCN(c2ncnc3[nH]ccc23)C1,9.26,0.0,1
CHEMBL2971,CC(C)S(=O)(=O)N1CC(CC#N)(n2cc(-c3c(C#N)cnc4[nH]ccc34)cn2)C1,8.6,0.0,1
CHEMBL2971,CC(C)S(=O)(=O)N1CCC(CC#N)(n2cc(C(N)=O)c(Nc3ccccc3)n2)CC1,7.89,0.0,1
CHEMBL2971,CC(C)S(=O)(=O)N1CCC[C@@H](Nc2ncccc2-c2cnc3[nH]ccc3n2)C1,9.14,0.0,1
CHEMBL2971,CC(C)S(=O)(=O)N1CCN(c2ccc(Nc3ncc4ccn(-c5cccc(NS(=O)(=O)C(C)(C)C)c5)c4n3)cc2)CC1,6.92,0.0,1
CHEMBL2971,CC(C)S(=O)(=O)N1CC[C@@H](N(C)c2ncnc3[nH]ccc23)C1,5.32,0.0,1
CHEMBL2971,CC(C)S(=O)(=O)N1CC[C@@H](Nc2ncccc2-c2cnc3[nH]ccc3n2)C1,9.24,0.0,1
CHEMBL2971,CC(C)S(=O)(=O)N1C[C@@H](C)C[C@H](Nc2ncccc2-c2cnc3[nH]ccc3n2)C1,9.65,0.0,1
CHEMBL2971,CC(C)S(=O)(=O)N1C[C@H](N(C)c2ncnc3[nH]ccc23)C2(CC2)C1,6.89,0.0,1
CHEMBL2971,CC(C)S(=O)(=O)Nc1ccc(N(C)[C@@H]2CCN(c3ncnc4[nH]ccc34)C2)nc1,9.26,0.0,1
CHEMBL2971,CC(C)S(=O)(=O)Nc1cccc(-n2ccc3cnc(Nc4ccc(N5CCN(C)CC5)cc4)nc32)c1,8.09,0.0,1
CHEMBL2971,CC(C)S(=O)(=O)c1ccc(-c2cccn3nc(Nc4ccc(N5CCN(C)CC5)cc4)nc23)cc1,8.68,0.0,1
CHEMBL2971,CC(C)S(=O)(=O)c1ccc(-c2cccn3nc(Nc4cccc(N5CCN(C)CC5)c4)nc23)cc1,8.89,0.0,1
CHEMBL2971,CC(C)S(=O)(=O)c1ccc(Nc2nn(C3(CC#N)CCC(N4CCC(F)(F)CC4)CC3)cc2C(N)=O)cc1,6.11,0.0,1
CHEMBL2971,CC(C)S(=O)(=O)c1ccc(Nc2nn(C3(CC#N)CCN(C(=O)C(C)(F)F)CC3)c3cc[nH]c(=O)c23)cc1,9.89,0.0,1
CHEMBL2971,CC(C)S(=O)(=O)c1ccc(Nc2nn(C3CCC[C@@H]3C#N)c3cc[nH]c(=O)c23)cc1,6.4,0.0,1
CHEMBL2971,CC(C)S(=O)(=O)c1ccc(Nc2nn([C@@H](CC#N)C3CC3)c3cc[nH]c(=O)c23)cc1,6.38,0.0,1
CHEMBL2971,CC(C)S(=O)(=O)c1ccc(Nc2nn([C@@]3(CC#N)CCCC[C@H]3F)c3cc[nH]c(=O)c23)cc1,10.3,0.0,1
CHEMBL2971,CC(C)S(=O)(=O)c1ccc(Nc2nn([C@H]3CCCC[C@@H]3C#N)c3cc[nH]c(=O)c23)cc1,6.16,0.0,1
CHEMBL2971,CC(C)S(=O)(=O)c1ccc(Nc2nn([C@H]3COCC[C@@H]3C#N)c3cc[nH]c(=O)c23)cc1,6.47,0.0,1
CHEMBL2971,CC(C)S(=O)(=O)c1ccc(Nc2nn([C@]3(CC#N)CCCOC3)c3cc[nH]c(=O)c23)cc1,9.59,0.0,1
CHEMBL2971,CC(C)S(=O)(=O)c1ccc(Nc2nn([C@]3(CC#N)CC[C@@H](C(=O)OC(C)(C)C)OC3)c3cc[nH]c(=O)c23)cc1,9.645,0.13435028842544305,2
CHEMBL2971,CC(C)[C@@H](C)N1Cc2ccc(Nc3nn([C@H]4CCCC[C@@H]4C#N)c4cc[nH]c(=O)c34)cc2C1,6.21,0.0,1
CHEMBL2971,CC(C)[C@@H](C)n1cc(-c2cc(C(C)(C)O)n(C)n2)c2[nH]nc(N)c2c1=O,6.675,1.5485638507985389,2
CHEMBL2971,CC(C)[C@@H](C)n1cc(-c2ccc(N3CCOCC3)cn2)c2[nH]nc(N)c2c1=O,6.85,0.0,1
CHEMBL2971,CC(C)[C@@H](CO)NC(=O)c1cnn2ccc(N3CCCC3c3cc(F)ccc3F)nc12,8.07,0.0,1
CHEMBL2971,CC(C)[C@@H](CO)NC(=O)c1cnn2ccc(N3CCCC3c3cncc(F)c3)nc12,6.74,0.0,1
CHEMBL2971,CC(C)[C@@H](Nc1cc(-c2c(N)nn3cccnc23)ncn1)c1ccc(F)cc1,9.22,0.0,1
CHEMBL2971,CC(C)[C@@H](Nc1nc2cc[nH]c(=O)c2c2cc(F)ccc12)C(F)(F)F,9.0,0.0,1
CHEMBL2971,CC(C)[C@@H](Nc1nc2cc[nH]c(=O)c2c2cnccc12)C(F)(F)F,9.0,0.0,1
CHEMBL2971,CC(C)[C@@H](Nc1ncc(C(N)=O)c2[nH]c3cc(-c4cnn(C)c4)ccc3c12)C(F)(F)F,8.52,0.0,1
CHEMBL2971,CC(C)[C@@H](O)C(=O)N1CCC(CC#N)(n2cc(C(N)=O)c(Nc3ccnc(F)c3)n2)CC1,6.86,0.0,1
CHEMBL2971,CC(C)[C@H](C)N1Cc2ccc(Nc3nn([C@H]4CCCC[C@@H]4C#N)c4cc[nH]c(=O)c34)cc2C1,6.37,0.0,1
CHEMBL2971,CC(C)[C@H](C)NC(=O)c1c[nH]c2ncc(C3CC3)nc12,7.49,0.0,1
CHEMBL2971,CC(C)[C@H](C)Nc1nc2cc[nH]c(=O)c2c2cc(F)ccc12,7.57,0.0,1
CHEMBL2971,CC(C)[C@H](C)n1cc(-c2cc(C3CCOCC3)n(C)n2)c2[nH]nc(N)c2c1=O,7.92,0.0,1
CHEMBL2971,CC(C)[C@H](C)n1cc(-c2cc(N3CCOCC3)n(C)n2)c2[nH]nc(N)c2c1=O,7.85,0.0,1
CHEMBL2971,CC(C)[C@H](C)n1cc(-c2cc(N3CCS(=O)(=O)CC3)n(C)n2)c2[nH]nc(N)c2c1=O,7.89,0.0,1
CHEMBL2971,CC(C)[C@H](C)n1cc(-c2ccc(N3CCOCC3)cn2)c2[nH]nc(N)c2c1=O,8.15,0.0,1
CHEMBL2971,CC(C)[C@H](C)n1cc(-c2ccn(C)n2)c2[nH]nc(N)c2c1=O,7.16,0.0,1
CHEMBL2971,CC(C)[C@H](C)n1cc(-c2nc(-c3cnn(C[C@@H](O)CO)c3)cn3nccc23)cn1,6.76,0.7071067811865476,2
CHEMBL2971,CC(C)[C@H](CO)NC(=O)c1cnn2ccc(N3CCCC3c3cncc(F)c3)nc12,7.48,0.0,1
CHEMBL2971,CC(C)[C@H](Nc1nc2cc[nH]c(=O)c2c2cc(F)ccc12)C(F)(F)F,7.26,0.0,1
CHEMBL2971,CC(C)[C@H](Nc1nc2ccncc2c2c(=O)[nH]ccc12)C(F)(F)F,8.0,0.0,1
CHEMBL2971,CC(C)[C@H](O)C(=O)N1CCC(CC#N)(n2cc(C(N)=O)c(Nc3ccnc(F)c3)n2)CC1,7.1,0.0,1
CHEMBL2971,CC(C)[C@H](O)C(=O)N1CC[C@H](Oc2ccc(-c3ncnc(Nc4ccc(N5CCN(C6COC6)CC5)cc4)n3)cc2C#N)[C@H](F)C1,6.03,0.0,1
CHEMBL2971,CC(C)c1cc(Nc2nn([C@H]3COCC[C@@H]3C#N)cc2C(N)=O)ccc1C#N,8.01,0.0,1
CHEMBL2971,CC(C)c1cc2c(cn1)CN(C1CCOCC1)c1nccc3[nH]nc-2c13,4.89,0.0,1
CHEMBL2971,CC(C)c1ccc(-c2nc3cc(C(N)=O)ccc3n2CCN)cc1,5.23,0.0,1
CHEMBL2971,CC(C)c1ccc(CN2CCC(CC#N)(n3cc(C(N)=O)c(Nc4ccccc4)n3)CC2)cc1,5.98,0.0,1
CHEMBL2971,CC(C)c1ccc(CN2CCC(CC#N)(n3nc(Nc4ccc(S(=O)(=O)N(C)C)cc4)c4c(=O)[nH]ccc43)CC2)cc1,7.48,0.0,1
CHEMBL2971,CC(C)c1ccc(Cl)cc1-c1[nH]c(-c2ccnc(N)n2)cc1C(N)=O,6.82,0.0,1
CHEMBL2971,CC(C)c1ccc(NC(=O)N2CC(CC#N)(n3cc(C(N)=O)c(Nc4ccccc4)n3)C2)cc1,7.1,0.0,1
CHEMBL2971,CC(C)c1ccccc1NC(=O)N1CC(CC#N)(n2cc(C(N)=O)c(Nc3ccccc3)n2)C1,6.37,0.0,1
CHEMBL2971,CC(C)c1noc(=O)n1Cc1nc2cnc3[nH]ccc3c2n1[C@H]1CC[C@H](CC#N)CC1,6.82,0.0,1
CHEMBL2971,CC(C)n1cc(-c2nc(-c3cnn(C4CCNCC4)c3)cn3nccc23)cn1,6.26,0.0,1
CHEMBL2971,CC(C)n1cc(Nc2ncc(C(N)=O)c(NCc3c(F)cccc3F)n2)cn1,9.33,0.0,1
CHEMBL2971,CC(C)n1cc(Nc2ncc(C(N)=O)c(Nc3c(F)cccc3Cl)n2)cn1,9.24,0.0,1
CHEMBL2971,CC(C)n1cc(Nc2ncnc(-c3ccc(O[C@H]4CCN(C(=O)CO)C[C@H]4F)c(C#N)c3)n2)cn1,4.01,0.0,1
CHEMBL2971,CC(C)n1cc(Nc2ncnc(-c3ccc(O[C@H]4CCN(C(=O)[C@H](C)O)C[C@H]4F)c(C#N)c3)n2)cn1,6.64,0.0,1
CHEMBL2971,CC(C)n1cc2c(n1)CN(C1CCN(C)CC1)c1nccc3[nH]nc-2c13,5.34,0.0,1
CHEMBL2971,CC(C)n1cc2c(n1)CN(C1CCOCC1)c1nccc3[nH]nc-2c13,5.62,0.0,1
CHEMBL2971,CC(C)n1cnc(Nc2nc(N3CCN(C(=O)Cc4ccccc4)CC3)nn3cccc23)c1,6.96,0.0,1
CHEMBL2971,CC(C)n1ncc2c1CN(C1CCOCC1)c1nccc3[nH]nc-2c13,5.68,0.0,1
CHEMBL2971,CC(CC#N)N1[C@@H]2CC[C@H]1CN(c1ccnc(Nc3cn[nH]c3)n1)C2,6.33,0.0,1
CHEMBL2971,CC(CC#N)N1[C@@H]2CC[C@H]1CN(c1ccnc(Nc3cnn(C)c3)n1)C2,6.29,0.09899494936611705,2
CHEMBL2971,CC(CC#N)n1nc(Nc2ccc(C#N)cc2)c2c(=O)[nH]ccc21,4.62,0.0,1
CHEMBL2971,CC(CC#N)n1nc(Nc2ccc(C(C)(O)C(F)(F)F)cc2)c2c(=O)[nH]ccc21,5.155,0.10606601717798238,2
CHEMBL2971,CC(CC#N)n1nc(Nc2ccc(C(F)(F)F)cc2)c2c(=O)[nH]ccc21,4.38,0.0,1
CHEMBL2971,CC(CC#N)n1nc(Nc2ccc(Cl)cc2)c2c(=O)[nH]ccc21,4.4,0.0,1
CHEMBL2971,CC(CC#N)n1nc(Nc2ccc(S(=O)(=O)NC(C)(C)C)cc2)c2c(=O)[nH]ccc21,5.3,0.0,1
CHEMBL2971,CC(CC#N)n1nc(Nc2ccc(S(C)(=O)=O)c(F)c2)c2c(=O)[nH]ccc21,4.49,0.0,1
CHEMBL2971,CC(CC#N)n1nc(Nc2ccc(S(C)(=O)=O)cc2)c2c(=O)[nH]ccc21,4.83,0.0,1
CHEMBL2971,CC(CC#N)n1nc(Nc2ccc3c(c2)C=CS3(=O)=O)c2c(=O)[nH]ccc21,4.55,0.0,1
CHEMBL2971,CC(CC#N)n1nc(Nc2ccc3c(c2)CCC3(O)C(F)(F)F)c2c(=O)[nH]ccc21,5.3149999999999995,0.13435028842544464,2
CHEMBL2971,CC(CC#N)n1nc(Nc2ccc3c(c2)CCC3=O)c2c(=O)[nH]ccc21,4.55,0.0,1
CHEMBL2971,CC(CC#N)n1nc(Nc2ccc3c(c2)CCO3)c2c(=O)[nH]ccc21,4.62,0.0,1
CHEMBL2971,CC(CC#N)n1nc(Nc2ccc3c(c2)CCS3(=O)=O)c2c(=O)[nH]ccc21,5.01,0.0,1
CHEMBL2971,CC(CC#N)n1nc(Nc2ccc3c(c2)CN(C(C)(C)C)S3(=O)=O)c2c(=O)[nH]ccc21,5.48,0.0,1
CHEMBL2971,CC(CC#N)n1nc(Nc2ccc3c(c2)CN(C)S3(=O)=O)c2c(=O)[nH]ccc21,5.07,0.0,1
CHEMBL2971,CC(CC#N)n1nc(Nc2ccc3c(c2)OCO3)c2c(=O)[nH]ccc21,4.3,0.0,1
CHEMBL2971,CC(CC#N)n1nc(Nc2ccc3ncccc3c2)c2c(=O)[nH]ccc21,4.62,0.0,1
CHEMBL2971,CC(CC#N)n1nc(Nc2ccc3nccnc3c2)c2c(=O)[nH]ccc21,4.12,0.0,1
CHEMBL2971,CC(CCCCCC(=O)NO)n1cc(-c2ncnc3[nH]ccc23)cn1,7.19,0.0,1
CHEMBL2971,CC(CF)(CF)C(=O)N1CCC(CC#N)(n2cc(C(N)=O)c(Nc3ccnc(F)c3)n2)CC1,7.32,0.0,1
CHEMBL2971,CC(CO)(CO)NC(=O)c1cnn2ccc(N3CCC[C@@H]3c3cc(F)ccc3F)nc12,8.65,0.0,1
CHEMBL2971,CC(CO)CNc1nc(-c2cc(F)c(O)cc2CC(F)(F)F)nc2[nH]nc(-c3nc4c([nH]3)CCN(Cc3ccccc3)C4)c12,7.3,0.0,1
CHEMBL2971,CC(CO)OC(=O)N1CCC(CC#N)(n2cc(C(N)=O)c(Nc3ccc(F)cc3)n2)CC1,8.1,0.0,1
CHEMBL2971,CC(CO)n1cc(-c2nc(-c3cnn(C)c3)cn3nccc23)cn1,5.26,0.0,1
CHEMBL2971,CC(F)(F)C(=O)N1CCC(CC#N)(n2cc(C(N)=O)c(Nc3ccnc(F)c3)n2)CC1,8.7,0.0,1
CHEMBL2971,CC(F)(F)C(=O)N1CCC(CC#N)(n2nc(Nc3ccc(S(=O)(=O)C(C)(C)C)cc3)c3c(=O)[nH]ccc32)CC1,9.82,0.0,1
CHEMBL2971,CC(F)(F)C(=O)N1CCC(CC#N)(n2nc(Nc3ccc(S(C)(=O)=O)cc3)c3c(=O)[nH]ccc32)CC1,9.62,0.0,1
CHEMBL2971,CC(F)(F)C(=O)N1CCC(CC#N)(n2nc(Nc3ccc4c(c3)CN(C(C)(C)C)S4(=O)=O)c3c(=O)[nH]ccc32)CC1,10.0,0.0,1
CHEMBL2971,CC(F)(F)C(=O)N1CC[C@@](CC#N)(n2cc(C(N)=O)c(Nc3ccc(F)nc3)n2)[C@@H](F)C1,10.0,0.0,1
CHEMBL2971,CC(F)(F)C(=O)N1CC[C@@](CC#N)(n2cc(C(N)=O)c(Nc3ccc(F)nc3)n2)[C@H](F)C1,7.17,0.0,1
CHEMBL2971,CC(F)(F)C(=O)N1CC[C@](CC#N)(n2cc(C(N)=O)c(Nc3ccc(F)nc3)n2)[C@@H](F)C1,7.89,0.0,1
CHEMBL2971,CC(F)(F)C(=O)N1CC[C@](CC#N)(n2cc(C(N)=O)c(Nc3ccc(F)nc3)n2)[C@H](F)C1,8.3,0.0,1
CHEMBL2971,CC(N=S(C)(=O)N1CC(CC#N)(n2cc(-c3ncnc4[nH]ccc34)cn2)C1)c1ccccc1,7.26,0.0,1
CHEMBL2971,CC(NC(=O)c1c[nH]c2ncc(C3CC3)nc12)C1CC1,7.65,0.0,1
CHEMBL2971,CC(NC(=O)c1cnn2ccc(N3CC(O)CC3c3cccc(F)c3)nc12)C(F)(F)F,6.17,0.0,1
CHEMBL2971,CC(NC(=O)c1cnn2ccc(N3CCCC3c3cncc(F)c3)nc12)C1CC1,8.49,0.0,1
CHEMBL2971,CC(NC[C@H]1CC[C@H](c2nnn3cnc4[nH]ccc4c23)CC1)c1ccc(F)c(F)c1,7.96,0.0,1
CHEMBL2971,CC(N[C@@H]1CC[C@H](n2cc(C(N)=O)c(Nc3ccc(S(=O)(=O)C(F)(F)F)cc3)n2)[C@@H](C#N)C1)C1CC1,7.37,0.0,1
CHEMBL2971,CC(N[C@H]1CC[C@H](n2cc(C(N)=O)c(Nc3ccc(S(=O)(=O)C(F)(F)F)cc3)n2)[C@@H](C#N)C1)C1CC1,7.96,0.0,1
CHEMBL2971,CC(Nc1cccn2nc(Nc3ccc(N4CCN(C)CC4)cc3)nc12)c1ccccc1N(C)S(C)(=O)=O,6.38,0.0,1
CHEMBL2971,CC(Nc1nc(-c2cccnc2)cnc1N)c1ccccc1,6.18,0.0,1
CHEMBL2971,CC(Nc1nc(Nc2cn(C)cn2)c2cccnc2n1)c1ncc(F)cn1,7.48,0.0,1
CHEMBL2971,CC(Nc1nc(Nc2cn(C)cn2)c2cn[nH]c2n1)c1ncc(F)cn1,7.3,0.0,1
CHEMBL2971,CC(Nc1nc2cc[nH]c(=O)c2c2cc(F)ccc12)C(C)(C)C,7.58,0.0,1
CHEMBL2971,CC(Nc1nc2cc[nH]c(=O)c2cc1-c1ccc(F)cc1)c1cc(F)c(Cl)cc1Cl,5.41,0.0,1
CHEMBL2971,CC(Nc1nc2cc[nH]c(=O)c2cc1-c1ccccn1)C(C)(C)C,6.2,0.0,1
CHEMBL2971,CC(Nc1nc2cc[nH]c(=O)c2cc1-c1nc(-c2ccccc2)no1)C(C)(C)C,4.94,0.0,1
CHEMBL2971,CC(Nc1nc2cc[nH]c(=O)c2cc1C(=O)NCCN(C)C)C(C)(C)C,5.08,0.0,1
CHEMBL2971,CC(O)(C(=O)N1CCC(CC#N)(n2cc(C(N)=O)c(Nc3ccnc(F)c3)n2)CC1)C(F)F,7.42,0.0,1
CHEMBL2971,CC(O)(CCO)c1cc(Nc2nn([C@H]3CCCC[C@@H]3C#N)c3cc[nH]c(=O)c23)ccc1S(C)(=O)=O,5.12,0.0,1
CHEMBL2971,CC(O)(CO)c1cc(Nc2nn([C@H]3CCCC[C@@H]3C#N)c3cc[nH]c(=O)c23)ccc1S(C)(=O)=O,6.02,0.0,1
CHEMBL2971,CC(O)(CO)c1cccc(Nc2nn([C@H]3CCCC[C@@H]3C#N)c3cc[nH]c(=O)c23)c1,5.4,0.0,1
CHEMBL2971,CC(O)(c1ccc(Nc2nn([C@@H](CC#N)C3CC3)c3cc[nH]c(=O)c23)cc1)C(F)(F)F,6.27,0.1272792206135793,2
CHEMBL2971,CC(O)(c1ccc(Nc2nn([C@@]3(CC#N)CCCC[C@H]3F)c3cc[nH]c(=O)c23)cc1)C(F)(F)F,9.865,0.13435028842544494,2
CHEMBL2971,CC(O)(c1ccc(Nc2nn([C@H]3CCCC[C@@H]3C#N)c3cc[nH]c(=O)c23)cc1)C(F)(F)F,6.08,0.0,1
CHEMBL2971,CC(O)(c1ccc(Nc2nn([C@H]3CCC[C@@H]3C#N)c3cc[nH]c(=O)c23)cc1)C(F)(F)F,6.32,0.19798989873223316,2
CHEMBL2971,CC(O)(c1ccc(Nc2nn([C@H]3COCC[C@@H]3C#N)c3cc[nH]c(=O)c23)cc1)C(F)(F)F,6.49,0.1131370849898477,2
CHEMBL2971,CC(O)(c1ccc(Nc2nn([C@]3(CC#N)CCCOC3)c3cc[nH]c(=O)c23)cc1)C(F)(F)F,9.345,0.16263455967290624,2
CHEMBL2971,CC(O)C(=O)N1CC[C@@H](Oc2ccc(-c3ncnc(Nc4ccc(N5CCN(C6COC6)CC5)cc4)n3)cc2C#N)C1,6.234999999999999,0.10606601717798143,2
CHEMBL2971,CC(O)CCS(=O)(=O)C[C@H]1C[C@@H](N(C)c2ncnc3[nH]ccc23)C1,9.02,0.0,1
CHEMBL2971,CC(O)c1cc(Cl)c(Nc2nc3ccncc3c3c(=O)[nH]ccc23)c(Cl)c1,9.22,0.0,1
CHEMBL2971,CC(O)c1ccc(Nc2nn(C3(CC#N)CCN(C(=O)OC(C)(C)C)CC3)cc2C(N)=O)cc1,8.22,0.0,1
CHEMBL2971,CC(O)c1ccc(Nc2nn(C3(CC#N)CCN(C(=O)OC(C)(C)C)CC3)cc2C(N)=O)cn1,8.7,0.0,1
CHEMBL2971,CC(O)c1cccc(Nc2nn([C@H]3CCCC[C@@H]3C#N)c3cc[nH]c(=O)c23)c1,5.77,0.0,1
CHEMBL2971,CC(OC(=O)N1CCC(CC#N)(n2cc(C(N)=O)c(Nc3ccc(F)cc3)n2)CC1)C(F)(F)F,7.55,0.0,1
CHEMBL2971,CC(OC(=O)N1CCC(CC#N)(n2cc(C(N)=O)c(Nc3ccc(F)cc3)n2)CC1)C1CC1,7.15,0.0,1
CHEMBL2971,CC(OC(=O)N1CCC(CC#N)(n2nc(Nc3ccc(S(=O)(=O)N(C)C)cc3)c3c(=O)[nH]ccc32)CC1)C(F)(F)F,9.54,0.0,1
CHEMBL2971,CC(OC(=O)N1CCC(CC#N)(n2nc(Nc3ccc(S(=O)(=O)N(C)C)cc3)c3c(=O)[nH]ccc32)CC1)c1ccccn1,8.86,0.0,1
CHEMBL2971,CC(OC(=O)N1CC[C@@H](C#N)[C@H](n2cc(C(N)=O)c(Nc3ccc(F)cc3)n2)C1)C(F)(F)F,6.87,0.0,1
CHEMBL2971,CC(OC(=O)N1CC[C@@H](C#N)[C@H](n2cc(C(N)=O)c(Nc3ccc(F)cc3)n2)C1)C1CC1,7.11,0.0,1
CHEMBL2971,CC(OC(=O)N1CC[C@@H](n2cc(C(N)=O)c(Nc3ccc(F)cc3)n2)[C@H](C#N)C1)C(F)(F)F,6.41,0.0,1
CHEMBL2971,CC(OC(=O)N1CC[C@@H](n2cc(C(N)=O)c(Nc3ccc(F)cc3)n2)[C@H](C#N)C1)C1CC1,6.33,0.0,1
CHEMBL2971,CC(Oc1cc(-c2c[nH]c3ccccc23)cnc1N)c1cc(F)ccc1Cl,6.03,0.0,1
CHEMBL2971,CC(Oc1cc(-c2c[nH]c3cccnc23)cnc1N)c1cc(F)ccc1Cl,5.0,0.0,1
CHEMBL2971,CC(Oc1cc(-c2c[nH]c3ccncc23)cnc1N)c1cc(F)ccc1Cl,7.66,0.0,1
CHEMBL2971,CC(Oc1cc(-c2ccc3nccn3c2)cnc1N)c1cc(F)ccc1Cl,7.29,0.0,1
CHEMBL2971,CC(Oc1cc(-c2ccc3ncnn3c2)cnc1N)c1cc(F)ccc1Cl,7.15,0.0,1
CHEMBL2971,CC(Oc1cc(-c2ccccc2)cnc1N)c1cc(F)ccc1Cl,6.34,0.0,1
CHEMBL2971,CC(Oc1cc(-c2cccnc2)cnc1N)c1cc(F)ccc1Cl,7.05,0.0,1
CHEMBL2971,CC(Oc1cc(-c2cn(C)c3ccccc23)cnc1N)c1cc(F)ccc1Cl,6.16,0.0,1
CHEMBL2971,CC(Oc1cc(-c2cncnc2)cnc1N)c1cc(F)ccc1Cl,6.25,0.0,1
CHEMBL2971,CC(Oc1cc(-c2cnn(C3CCOC3)c2)cnc1N)c1cc(F)ccc1Cl,7.57,0.0,1
CHEMBL2971,CC(Oc1cc(-c2cnn(C3CCOCC3)c2)cnc1N)c1cc(F)ccc1Cl,8.1,0.0,1
CHEMBL2971,CC(Oc1cc(-c2cnn(C3COC3)c2)cnc1N)c1cc(F)ccc1Cl,7.6,0.0,1
CHEMBL2971,CC(Oc1cc(-c2cnn3ccccc23)cnc1N)c1cc(F)ccc1Cl,7.21,0.0,1
CHEMBL2971,CC(Oc1cc(-c2cnn3cccnc23)cnc1N)c1cc(F)ccc1Cl,6.84,0.0,1
CHEMBL2971,CC(c1c(F)cccc1F)N1CCC(CC#N)(n2nc(Nc3ccc(S(=O)(=O)N(C)C)cc3)c3c(=O)[nH]ccc32)CC1,8.49,0.0,1
CHEMBL2971,CC(c1ccc(Nc2nn([C@H]3CCCC[C@@H]3C#N)c3cc[nH]c(=O)c23)cc1)n1ccnn1,6.21,0.09899494936611705,2
CHEMBL2971,CC(c1ccc(Nc2nn([C@H]3CCCC[C@@H]3C#N)c3cc[nH]c(=O)c23)cc1)n1nccn1,6.265000000000001,0.03535533905932756,2
CHEMBL2971,CC(c1ccc(Nc2nn([C@H]3COCC[C@@H]3C#N)c3cc[nH]c(=O)c23)cc1)n1nccn1,6.715,0.049497474683058526,2
CHEMBL2971,CC(c1ccc(Nc2nn([C@]3(CC#N)CCCOC3)c3cc[nH]c(=O)c23)cc1)N1CCCC1,9.425,0.2050609665440988,2
CHEMBL2971,CC(c1ccc(Nc2nn([C@]3(CC#N)CC[C@@H](C(=O)OC(C)(C)C)OC3)c3cc[nH]c(=O)c23)cc1)N1CCCC1,9.870000000000001,0.07071067811865513,2
CHEMBL2971,CC(c1ccccc1)N1CCC(CC#N)(n2cc(C(N)=O)c(Nc3ccc(F)cc3)n2)CC1,6.98,0.0,1
CHEMBL2971,CC(c1ccccc1)N1CCC(c2nnn3cnc4[nH]ccc4c23)CC1,7.21,0.0,1
CHEMBL2971,CC/C(=C(/CC)c1ccc(O)c(CN(CC)CC)c1)c1ccc(O)c(CN(CC)CC)c1,7.22,0.0,1
CHEMBL2971,CC/C=C\CNc1nc(Nc2cnn(C(C)(C)C)c2)ncc1C(N)=O,8.4,0.0,1
CHEMBL2971,CC1(C#N)CC(CC#N)(n2ccc(-c3nc(-c4cc[nH]n4)cc4ncccc34)n2)C1,5.855,0.8697413408594534,2
CHEMBL2971,CC1(C#N)CC(CC#N)(n2ccc(-c3nc(-c4ccnc(N)c4)cc4ncccc34)n2)C1,6.140000000000001,0.8626702730475875,2
CHEMBL2971,CC1(C#N)CC(CC#N)(n2ccc(-c3nc(-c4cn[nH]c4)cc4ncccc34)n2)C1,6.1850000000000005,0.8131727983645289,2
CHEMBL2971,CC1(C#N)CC(CC#N)(n2ncc(-c3cc(-c4c[nH]nc4N)cc4ncccc34)n2)C1,5.5649999999999995,0.643467170879758,2
CHEMBL2971,CC1(C(=O)N2CCC(CC#N)(n3cc(C(N)=O)c(Nc4ccnc(F)c4)n3)CC2)CCC1,6.94,0.0,1
CHEMBL2971,CC1(C(=O)NC2CC=C(c3cccc4nc(NC(=O)C5CC5)nn34)CC2)CC1(F)F,5.94,0.0,1
CHEMBL2971,CC1(C)C(=O)Nc2cc(Nc3nn(C4CCCC[C@@H]4C#N)c4cc[nH]c(=O)c34)ccc21,5.85,0.0,1
CHEMBL2971,CC1(C)C(=O)Nc2cc(Nc3nn(C4COCC[C@@H]4C#N)c4cc[nH]c(=O)c34)ccc21,6.8,0.0,1
CHEMBL2971,CC1(C)C(=O)Nc2cc(Nc3nn([C@@H](CC#N)C4CC4)c4cc[nH]c(=O)c34)ccc21,6.62,0.0,1
CHEMBL2971,CC1(C)C(=O)Nc2cc(Nc3nn([C@@]4(CC#N)CCCC[C@H]4F)c4cc[nH]c(=O)c34)ccc21,10.4,0.0,1
CHEMBL2971,CC1(C)C(=O)Nc2cc(Nc3nn([C@]4(CC#N)CCCOC4)c4cc[nH]c(=O)c34)ccc21,9.72,0.0,1
CHEMBL2971,CC1(C)C(=O)c2cc(Nc3nn([C@H]4CCCC[C@@H]4C#N)c4cc[nH]c(=O)c34)ccc2S1(=O)=O,5.26,0.0,1
CHEMBL2971,CC1(C)C(O)c2cc(Nc3nn([C@@H](CC#N)C4CC4)c4cc[nH]c(=O)c34)ccc2S1(=O)=O,6.074999999999999,0.3181980515339468,2
CHEMBL2971,CC1(C)C(O)c2cc(Nc3nn([C@H]4CCCC[C@@H]4C#N)c4cc[nH]c(=O)c34)ccc2S1(=O)=O,6.154999999999999,0.21920310216782976,2
CHEMBL2971,CC1(C)C2CCCC1(C)[C@@H]2Nc1nc2cc[nH]c(=O)c2c2cc(F)ccc12,6.7,0.0,1
CHEMBL2971,CC1(C)CC(CN2CCC(CC#N)(n3cc(C(N)=O)c(Nc4ccnc(F)c4)n3)CC2)CCO1,6.91,0.0,1
CHEMBL2971,CC1(C)CC1NC(c1ccc(Nc2nn([C@H]3COCC[C@@H]3C#N)c3cc[nH]c(=O)c23)cc1)C(F)(F)F,6.3325,0.4021090233589229,4
CHEMBL2971,CC1(C)CC1NC[C@H]1CC[C@H](c2nnn3cnc4[nH]ccc4c23)CC1,7.41,0.0,1
CHEMBL2971,CC1(C)CC2(c3ccc(Nc4nn([C@@H](CC#N)C5CC5)c5cc[nH]c(=O)c45)cc3)CCC1C(=O)O2,6.08,0.0,1
CHEMBL2971,CC1(C)CCC(C)(C)c2cc(Nc3nc4c(-c5ccc(S(C)(=O)=O)cc5)cccn4n3)ccc21,7.56,0.0,1
CHEMBL2971,CC1(C)CCC(NC(=O)Cc2nc3cnc4[nH]ccc4c3n2[C@H]2CC[C@H](CC#N)CC2)CC1,8.15,0.0,1
CHEMBL2971,CC1(C)CCC(c2nnn3cnc4[nH]ccc4c23)CC1,7.3100000000000005,0.5515432893255069,2
CHEMBL2971,CC1(C)CCCC(O)(c2ccc(Nc3nn(C4COCC[C@@H]4C#N)c4cc[nH]c(=O)c34)cc2)C1,6.535,0.021213203435596288,2
CHEMBL2971,CC1(C)CCCC1S(=O)(=O)c1ccc(Nc2nn([C@]3(CC#N)CCCOC3)c3cc[nH]c(=O)c23)cc1,8.92,0.0,1
CHEMBL2971,CC1(C)CCCCC1n1c(=O)[nH]c2cnc3[nH]ccc3c21,7.07,0.0,1
CHEMBL2971,CC1(C)CCCCN1S(=O)(=O)c1ccc(Nc2nn([C@@H](CC#N)C3CC3)c3cc[nH]c(=O)c23)cc1,6.14,0.0,1
CHEMBL2971,CC1(C)CCCN(S(=O)(=O)c2ccc(Nc3nn([C@@H](CC#N)C4CC4)c4cc[nH]c(=O)c34)cc2)C1,6.5,0.0,1
CHEMBL2971,CC1(C)CCCN1S(=O)(=O)c1ccc(Nc2nn([C@@H](CC#N)C3CC3)c3cc[nH]c(=O)c23)cc1,5.55,0.0,1
CHEMBL2971,CC1(C)CCCN1S(=O)(=O)c1ccc(Nc2nn([C@H]3COCC[C@@H]3C#N)c3cc[nH]c(=O)c23)cc1,6.7,0.0,1
CHEMBL2971,CC1(C)CCCN1S(=O)(=O)c1ccc(Nc2nn([C@]3(CC#N)CCCOC3)c3cc[nH]c(=O)c23)cc1,9.48,0.0,1
CHEMBL2971,CC1(C)CCC[C@@H]1Nc1c(C(N)=O)cnn2cccc12,6.89,0.0,1
CHEMBL2971,CC1(C)CCC[C@@H]1n1cc(-c2nc(-c3cnn(C[C@@H](O)CO)c3)cn3nccc23)cn1,5.76,0.7071067811865476,2
CHEMBL2971,CC1(C)CCC[C@H]1Nc1c(C(N)=O)cnn2cccc12,7.8,0.0,1
CHEMBL2971,CC1(C)CCN(S(=O)(=O)c2ccc(Nc3nn([C@@H](CC#N)C4CC4)c4cc[nH]c(=O)c34)cc2)C1,6.08,0.0,1
CHEMBL2971,CC1(C)CCN1S(=O)(=O)c1ccc(Nc2nn([C@@H](CC#N)C3CC3)c3cc[nH]c(=O)c23)cc1,5.98,0.0,1
CHEMBL2971,CC1(C)CCN1[C@@H]1CC[C@H](n2cc(C(N)=O)c(Nc3ccc(C(F)(F)F)cc3)n2)[C@@H](C#N)C1,6.37,0.0,1
CHEMBL2971,CC1(C)CCN1[C@H]1CC[C@H](n2cc(C(N)=O)c(Nc3ccc(C(F)(F)F)cc3)n2)[C@@H](C#N)C1,7.47,0.0,1
CHEMBL2971,CC1(C)CC[C@@H](C#N)[C@@H](n2cc(C(N)=O)c(Nc3ccccc3)n2)C1,6.75,0.0,1
CHEMBL2971,CC1(C)CC[C@H](C#N)[C@@H](n2cc(C(N)=O)c(Nc3ccccc3)n2)C1,7.3,0.0,1
CHEMBL2971,CC1(C)CC[C@H](c2cc(F)ccc2F)N1c1ccn2ncc(C(=O)NC3CC3)c2n1,8.18,0.0,1
CHEMBL2971,CC1(C)CC[C@H](c2cc(F)ccc2F)N1c1ccn2ncc(C(N)=O)c2n1,8.29,0.0,1
CHEMBL2971,CC1(C)CN(C(=O)CC#N)C[C@@H](F)[C@H]1Oc1ccc(-c2ncnc(Nc3ccc(N4CCN(C5COC5)CC4)cc3)n2)cc1C#N,5.82,2.1213203435596424,2
CHEMBL2971,CC1(C)CN(C(=O)CCO)C[C@@H](F)[C@H]1Oc1ccc(-c2ncnc(Nc3ccc(N4CCN(C5COC5)CC4)cc3)n2)cc1C#N,6.99,0.0,1
CHEMBL2971,CC1(C)CN(C(=O)CO)CC(F)C1Oc1ccc(-c2ncnc(Nc3ccc(N4CCN(C5COC5)CC4)cc3)n2)cc1C#N,6.93,0.0,1
CHEMBL2971,CC1(C)CN(C(=O)CO)C[C@@H](F)[C@H]1Oc1ccc(-c2ncnc(Nc3ccc(N4CCN(C5COC5)CC4)cc3)n2)cc1C#N,6.63,0.0,1
CHEMBL2971,CC1(C)CN(C(=O)CO)C[C@H](F)[C@@H]1Oc1ccc(-c2ncnc(Nc3ccc(N4CCN(C5COC5)CC4)cc3)n2)cc1C#N,4.31,0.0,1
CHEMBL2971,CC1(C)CN(C(=O)[C@@H]2CCC(=O)N2)C[C@@H](F)[C@H]1Oc1ccc(-c2ncnc(Nc3ccc(N4CCN(C5COC5)CC4)cc3)n2)cc1C#N,5.55,2.1213203435596424,2
CHEMBL2971,CC1(C)CN(C(=O)[C@@H]2CCC(=O)N2)C[C@H](F)[C@@H]1Oc1ccc(-c2ncnc(Nc3ccc(N4CCN(C5COC5)CC4)cc3)n2)cc1C#N,6.32,0.0,1
CHEMBL2971,CC1(C)CN(C(=O)c2ccc(-c3cccc4nc(NC(=O)C5CC5)nn34)cc2)C1,6.886666666666667,0.33291640592397,3
CHEMBL2971,CC1(C)CN(C[C@H]2CC[C@H](c3nnn4cnc5[nH]ccc5c34)CC2)C1,6.68,0.0,1
CHEMBL2971,CC1(C)CN(S(=O)(=O)c2ccc(Nc3nn([C@@H](CC#N)C4CC4)c4cc[nH]c(=O)c34)cc2)C1,6.14,0.0,1
CHEMBL2971,CC1(C)CN(S(=O)(=O)c2ccc(Nc3nn([C@@H](CC#N)C4CC4)c4cc[nH]c(=O)c34)cc2)CCO1,6.48,0.0,1
CHEMBL2971,CC1(C)CN(S(=O)(=O)c2ccc(Nc3nn([C@H]4COCC[C@@H]4C#N)c4cc[nH]c(=O)c34)cc2)CCO1,6.16,0.0,1
CHEMBL2971,CC1(C)CN([C@@H]2CC[C@H](n3cc(C(N)=O)c(Nc4ccc(C(F)(F)F)cc4)n3)[C@@H](C#N)C2)C1,6.54,0.0,1
CHEMBL2971,CC1(C)CN([C@@H]2CC[C@H](n3cc(C(N)=O)c(Nc4ccc([C@@H](O)C(F)(F)F)cc4)n3)[C@@H](C#N)C2)C1,7.62,0.0,1
CHEMBL2971,CC1(C)CN([C@@H]2CC[C@H](n3cc(C(N)=O)c(Nc4ccc([C@@](C)(O)C(F)(F)F)cc4)n3)[C@@H](C#N)C2)C1,7.92,0.0,1
CHEMBL2971,CC1(C)CN([C@@H]2CC[C@H](n3cc(C(N)=O)c(Nc4ccc([C@H](O)C(F)(F)F)cc4)n3)[C@@H](C#N)C2)C1,7.96,0.0,1
CHEMBL2971,CC1(C)CN([C@@H]2CC[C@H](n3cc(C(N)=O)c(Nc4ccc([C@](C)(O)C(F)(F)F)cc4)n3)[C@@H](C#N)C2)C1,7.62,0.0,1
CHEMBL2971,CC1(C)CN([C@@H]2CC[C@H](n3cc(C(N)=O)c(Nc4ccnc(F)c4)n3)[C@@H](C#N)C2)C1,6.85,0.0,1
CHEMBL2971,CC1(C)CN([C@H]2CC[C@H](n3cc(C(N)=O)c(Nc4ccc(C(F)(F)F)cc4)n3)[C@@H](C#N)C2)C1,7.41,0.0,1
CHEMBL2971,CC1(C)CN([C@H]2CC[C@H](n3cc(C(N)=O)c(Nc4ccc(Cl)cc4)n3)[C@@H](C#N)C2)C1,7.68,0.0,1
CHEMBL2971,CC1(C)CN([C@H]2CC[C@H](n3cc(C(N)=O)c(Nc4ccc([C@@H](O)C(F)(F)F)cc4)n3)[C@@H](C#N)C2)C1,8.4,0.0,1
CHEMBL2971,CC1(C)CN([C@H]2CC[C@H](n3cc(C(N)=O)c(Nc4ccc([C@@](C)(O)C(F)(F)F)cc4)n3)[C@@H](C#N)C2)C1,9.0,0.0,1
CHEMBL2971,CC1(C)CN([C@H]2CC[C@H](n3cc(C(N)=O)c(Nc4ccc([C@H](O)C(F)(F)F)cc4)n3)[C@@H](C#N)C2)C1,8.3,0.0,1
CHEMBL2971,CC1(C)CN([C@H]2CC[C@H](n3cc(C(N)=O)c(Nc4ccc([C@](C)(O)C(F)(F)F)cc4)n3)[C@@H](C#N)C2)C1,8.22,0.0,1
CHEMBL2971,CC1(C)CN([C@H]2CC[C@H](n3cc(C(N)=O)c(Nc4ccccc4)n3)[C@@H](C#N)C2)C1,7.4,0.0,1
CHEMBL2971,CC1(C)CN([C@H]2CC[C@H](n3cc(C(N)=O)c(Nc4ccnc(F)c4)n3)[C@@H](C#N)C2)C1,7.3,0.0,1
CHEMBL2971,CC1(C)CN(c2ccc(C#N)nn2)CC[C@H]1Nc1c(C(N)=O)cnc2cc(-c3ccc(F)nc3)nn12,7.89,0.0,1
CHEMBL2971,CC1(C)CN(c2ccc(C#N)nn2)CC[C@H]1Nc1c(C(N)=O)cnc2cc(-c3ccc(N)nc3)nn12,8.53,0.0,1
CHEMBL2971,CC1(C)CN(c2ccc(C#N)nn2)CC[C@H]1Nc1c(C(N)=O)cnc2cc(-c3ccc(N4CCOCC4)nc3)nn12,8.47,0.0,1
CHEMBL2971,CC1(C)CN(c2ccc(C#N)nn2)CC[C@H]1Nc1c(C(N)=O)cnc2cc(-c3cccnc3)nn12,7.51,0.0,1
CHEMBL2971,CC1(C)CN(c2ccc(C#N)nn2)CC[C@H]1Nc1c(C(N)=O)cnc2cc(-c3ccnc(N4CCOCC4)c3)nn12,8.55,0.0,1
CHEMBL2971,CC1(C)CNCCC1Nc1cc(Nc2cccc(NS(=O)(=O)C(C)(C)C)c2)c2ccsc2c1,5.0,0.0,1
CHEMBL2971,CC1(C)CNC[C@@H](F)[C@H]1Oc1ccc(-c2ncnc(Nc3ccc(N4CCN(C5COC5)CC4)cc3)n2)cc1C#N,6.96,0.0,1
CHEMBL2971,CC1(C)COCCN1C(=O)c1ccc(-c2cccc3nc(NC(=O)C4CC4)nn23)cc1,6.52,0.0,1
CHEMBL2971,CC1(C)COCCN1Cc1ccc(-c2cccc3nc(NC(=O)C4CC4)nn23)cc1,6.52,0.0,1
CHEMBL2971,CC1(C)COCCN1S(=O)(=O)c1ccc(Nc2nn([C@@H](CC#N)C3CC3)c3cc[nH]c(=O)c23)cc1,6.1,0.0,1
CHEMBL2971,CC1(C)C[C@@](C)(O)C[C@H]1Nc1c(C(N)=O)cnn2cccc12,6.46,0.0,1
CHEMBL2971,CC1(C)C[C@](C)(O)C[C@H]1Nc1c(C(N)=O)cnn2cccc12,7.21,0.0,1
CHEMBL2971,CC1(C)C[N+](C)(C2CC[C@H](n3cc(C(N)=O)c(Nc4ccc(Cl)cc4)n3)[C@@H](C#N)C2)C1,7.47,0.0,1
CHEMBL2971,CC1(C)Cc2cc(Nc3nn([C@@H](CC#N)C4CC4)c4cc[nH]c(=O)c34)ccc2C1(O)C(F)(F)F,6.545,0.43133513652379357,2
CHEMBL2971,CC1(C)Cc2cc(Nc3nn([C@H]4CCCC[C@@H]4C#N)c4cc[nH]c(=O)c34)ccc2C1(O)C(F)(F)F,6.3100000000000005,0.43840620433565985,2
CHEMBL2971,CC1(C)Cc2cc(Nc3nn([C@H]4CCCC[C@@H]4C#N)c4cc[nH]c(=O)c34)ccc2S1(=O)=O,6.55,0.0,1
CHEMBL2971,CC1(C)Cc2cc(Nc3nn([C@]4(CC#N)CCCOC4)c4cc[nH]c(=O)c34)ccc2C1(O)C(F)(F)F,9.559999999999999,0.5091168824543153,2
CHEMBL2971,CC1(C)OC(=O)c2ccc(Nc3nn(C4(CC#N)CCCC4)c4cc[nH]c(=O)c34)cc21,7.43,0.0,1
CHEMBL2971,CC1(C)OCC(=O)Nc2cc(Nc3nc(NCC(F)(F)F)c4occc4n3)ccc21,6.63,0.0,1
CHEMBL2971,CC1(C)OCC(C)(c2cccc(Nc3nn([C@H]4CCCC[C@@H]4C#N)c4cc[nH]c(=O)c34)c2)O1,4.8,0.0,1
CHEMBL2971,CC1(C)OCC(COc2cc(F)cc([C@H]3CCCN3c3ccn4ncc(C(=O)NC5CC5)c4n3)c2)O1,8.41,0.0,1
CHEMBL2971,CC1(C)OCC(COc2cc(F)cc([C@H]3CCCN3c3ccn4ncc(C(N)=O)c4n3)c2)O1,7.48,0.0,1
CHEMBL2971,CC1(C)OCC(COc2ccc(F)cc2[C@H]2CCCN2c2ccn3ncc(C(=O)NC4CC4)c3n2)O1,7.78,0.0,1
CHEMBL2971,CC1(C)OCC(COc2ccc(F)cc2[C@H]2CCCN2c2ccn3ncc(C(N)=O)c3n2)O1,7.84,0.0,1
CHEMBL2971,CC1(C)O[C@@H]2C[C@H]3[C@@H]4CCC5=CC(=O)C=C[C@]5(C)[C@@]4(F)[C@@H](O)C[C@]3(C)[C@]2(C(=O)COC(=O)CCC(=O)OCc2ccc([C@@H](CN)C(=O)Nc3ccc4cnccc4c3)cc2)O1,4.37,0.0,1
CHEMBL2971,CC1(C)O[C@@H]2C[C@H]3[C@@H]4C[C@H](F)C5=CC(=O)C=C[C@]5(C)[C@@]4(F)[C@@H](O)C[C@]3(C)[C@]2(C(=O)COC(=O)CCC(=O)OCc2ccc([C@@H](CN)C(=O)Nc3ccc4cnccc4c3)cc2)O1,4.42,0.0,1
CHEMBL2971,CC1(C)[C@@H](N)CC[C@H]1Nc1c(C(N)=O)cnn2cccc12,6.89,0.0,1
CHEMBL2971,CC1(C)[C@@H](O)CC[C@H]1Nc1c(C(N)=O)cnn2cccc12,6.89,0.0,1
CHEMBL2971,CC1(C)[C@H](N)CC[C@H]1Nc1c(C(N)=O)cnn2cccc12,6.77,0.0,1
CHEMBL2971,CC1(C)[C@H](Nc2c(C(N)=O)cnn3cc(-c4cc[nH]n4)cc23)CC[C@]1(C)N,7.68,0.0,1
CHEMBL2971,CC1(C)[C@H](Nc2c(C(N)=O)cnn3cc(-c4ccc(C#N)cc4)cc23)CC[C@]1(C)N,8.14,0.0,1
CHEMBL2971,CC1(C)[C@H](Nc2c(C(N)=O)cnn3cc(-c4ccc(C#N)nc4)cc23)CC[C@]1(C)N,7.54,0.0,1
CHEMBL2971,CC1(C)[C@H](Nc2c(C(N)=O)cnn3cc(-c4ccc(Cl)cc4)cc23)CC[C@]1(C)N,7.82,0.0,1
CHEMBL2971,CC1(C)[C@H](Nc2c(C(N)=O)cnn3cc(-c4ccc(F)cc4)cc23)CC[C@]1(C)N,7.57,0.0,1
CHEMBL2971,CC1(C)[C@H](Nc2c(C(N)=O)cnn3cc(-c4ccc(F)nc4)cc23)CC[C@]1(C)N,7.72,0.0,1
CHEMBL2971,CC1(C)[C@H](Nc2c(C(N)=O)cnn3cc(-c4cccc(C#N)c4)cc23)CC[C@]1(C)N,7.33,0.0,1
CHEMBL2971,CC1(C)[C@H](Nc2c(C(N)=O)cnn3cc(-c4cccc(Cl)c4)cc23)CC[C@]1(C)N,7.77,0.0,1
CHEMBL2971,CC1(C)[C@H](Nc2c(C(N)=O)cnn3cc(-c4cccc(F)c4)cc23)CC[C@]1(C)N,7.66,0.0,1
CHEMBL2971,CC1(C)[C@H](Nc2c(C(N)=O)cnn3cc(-c4ccccc4)cc23)CC[C@]1(C)N,8.05,0.0,1
CHEMBL2971,CC1(C)[C@H](Nc2c(C(N)=O)cnn3cc(-c4ccccc4C#N)cc23)CC[C@]1(C)N,7.6,0.0,1
CHEMBL2971,CC1(C)[C@H](Nc2c(C(N)=O)cnn3cc(-c4ccccc4Cl)cc23)CC[C@]1(C)N,7.57,0.0,1
CHEMBL2971,CC1(C)[C@H](Nc2c(C(N)=O)cnn3cc(-c4ccccc4F)cc23)CC[C@]1(C)N,7.77,0.0,1
CHEMBL2971,CC1(C)[C@H](Nc2c(C(N)=O)cnn3cc(-c4cccnc4)cc23)CC[C@]1(C)N,7.96,0.0,1
CHEMBL2971,CC1(C)[C@H](Nc2c(C(N)=O)cnn3cc(-c4ccnc(F)c4)cc23)CC[C@]1(C)N,7.42,0.0,1
CHEMBL2971,CC1(C)[C@H](Nc2c(C(N)=O)cnn3cc(-c4ccncc4)cc23)CC[C@]1(C)N,7.1,0.0,1
CHEMBL2971,CC1(C)[C@H](Nc2c(C(N)=O)cnn3cc(-c4ccncc4F)cc23)CC[C@]1(C)N,7.16,0.0,1
CHEMBL2971,CC1(C)[C@H](Nc2c(C(N)=O)cnn3cc(-c4cncc(F)c4)cc23)CC[C@]1(C)N,7.36,0.0,1
CHEMBL2971,CC1(C)[C@H](Nc2c(C(N)=O)cnn3cc(-c4cncnc4)cc23)CC[C@]1(C)N,6.8,0.0,1
CHEMBL2971,CC1(C)[C@H](Nc2c(C(N)=O)cnn3cccc23)CC[C@@]1(C)N,6.55,0.0,1
CHEMBL2971,CC1(C)[C@H](Nc2c(C(N)=O)cnn3cccc23)CC[C@@]1(C)O,7.51,0.0,1
CHEMBL2971,CC1(C)[C@H](Nc2c(C(N)=O)cnn3cccc23)CC[C@]1(C)N,7.21,0.0,1
CHEMBL2971,CC1(C)[C@H](Nc2c(C(N)=O)cnn3cccc23)CC[C@]1(C)O,7.0,0.0,1
CHEMBL2971,CC1(C)[C@H](O)CC[C@H]1Nc1c(C(N)=O)cnn2cccc12,7.38,0.0,1
CHEMBL2971,CC1(CNC(=O)[C@H]2CC[C@H](n3cc(C(N)=O)c(Nc4ccc(Cl)cc4)n3)[C@@H](C#N)C2)COC1,7.23,0.0,1
CHEMBL2971,CC1(CN[C@@H]2CC[C@H](n3cc(C(N)=O)c(Nc4ccc(C(F)(F)F)cc4)n3)[C@@H](C#N)C2)COC1,7.68,0.0,1
CHEMBL2971,CC1(CN[C@H]2CCC(n3cc(C(N)=O)c(Nc4ccc(Cl)cc4)n3)[C@@H](C#N)C2)COC1,7.33,0.0,1
CHEMBL2971,CC1(CN[C@H]2CC[C@H](n3cc(C(N)=O)c(Nc4ccc(C(F)(F)F)cc4)n3)[C@@H](C#N)C2)COC1,7.46,0.0,1
CHEMBL2971,CC1(COC(=O)N2CCC(CC#N)(n3cc(C(N)=O)c(Nc4ccc(F)cc4)n3)CC2)CC1,7.14,0.0,1
CHEMBL2971,CC1(COC(=O)N2CCC(CC#N)(n3cc(C(N)=O)c(Nc4ccc(F)cc4)n3)CC2)COC1,6.62,0.0,1
CHEMBL2971,CC1(COC(=O)N2CC[C@@H](C#N)[C@H](n3cc(C(N)=O)c(Nc4ccc(F)cc4)n3)C2)CC1,7.16,0.0,1
CHEMBL2971,CC1(COC(=O)N2CC[C@@H](C#N)[C@H](n3cc(C(N)=O)c(Nc4ccc(F)cc4)n3)C2)COC1,7.02,0.0,1
CHEMBL2971,CC1(COC(=O)N2CC[C@@H](n3cc(C(N)=O)c(Nc4ccc(F)cc4)n3)[C@H](C#N)C2)CC1,6.02,0.0,1
CHEMBL2971,CC1(COC(=O)N2CC[C@@H](n3cc(C(N)=O)c(Nc4ccc(F)cc4)n3)[C@H](C#N)C2)COC1,6.38,0.0,1
CHEMBL2971,CC1(COc2ccc(-c3ncnc(Nc4ccc(N5CCN(C6COC6)CC5)cc4)n3)cc2C#N)COC1,6.75,0.0,1
CHEMBL2971,CC1(N2Cc3cc(Nc4nn([C@@H](CC#N)C5CC5)c5cc[nH]c(=O)c45)ccc3S2(=O)=O)CCC(F)(F)CC1,6.14,0.0,1
CHEMBL2971,CC1(N2Cc3cc(Nc4nn([C@@H](CC#N)C5CC5)c5cc[nH]c(=O)c45)ccc3S2(=O)=O)CCCCC1,6.22,0.0,1
CHEMBL2971,CC1(N2Cc3cc(Nc4nn([C@@H](CC#N)C5CC5)c5cc[nH]c(=O)c45)ccc3S2(=O)=O)CCOCC1,6.75,0.0,1
CHEMBL2971,CC1(N2Cc3cc(Nc4nn([C@H]5CCCC[C@@H]5C#N)c5cc[nH]c(=O)c45)ccc3C2=O)CCOCC1,6.85,0.0,1
CHEMBL2971,CC1(N2Cc3cc(Nc4nn([C@H]5CCCC[C@@H]5C#N)c5cc[nH]c(=O)c45)ccc3S2(=O)=O)CCC(F)(F)CC1,6.26,0.0,1
CHEMBL2971,CC1(N2Cc3cc(Nc4nn([C@H]5CCCC[C@@H]5C#N)c5cc[nH]c(=O)c45)ccc3S2(=O)=O)CCOCC1,6.77,0.0,1
CHEMBL2971,CC1(NC#N)CCc2ccc(-c3ncnc4[nH]ccc34)cc21,7.01,0.0,1
CHEMBL2971,CC1(NC(=O)c2cnn3ccc(N4CCCC4c4cncc(F)c4)nc23)CCC1,8.28,0.0,1
CHEMBL2971,CC1(NC(=O)c2cnn3ccc(N4CCC[C@@H]4c4cncc(F)c4)nc23)CC1,8.49,0.0,1
CHEMBL2971,CC1(NC(=O)c2cnn3ccc(N4[C@H](CO)CC[C@@H]4c4cncc(F)c4)nc23)CC1,8.07,0.0,1
CHEMBL2971,CC1(NC[C@H]2CC[C@H](c3nnn4cnc5[nH]ccc5c34)CC2)CC1,7.19,0.0,1
CHEMBL2971,CC1(N[C@@H]2CCC(n3cc(C(N)=O)c(Nc4ccc(Cl)cc4)n3)[C@@H](C#N)C2)CC1,6.71,0.0,1
CHEMBL2971,CC1(N[C@H]2CCC(n3cc(C(N)=O)c(Nc4ccc(Cl)cc4)n3)[C@@H](C#N)C2)CC1,7.68,0.0,1
CHEMBL2971,CC1(N[C@H]2CCC(n3cc(C(N)=O)c(Nc4ccc(Cl)cc4)n3)[C@@H](C#N)C2)CCOCC1,7.6,0.0,1
CHEMBL2971,CC1(N[C@H]2CCC(n3cc(C(N)=O)c(Nc4ccc(Cl)cc4)n3)[C@@H](C#N)C2)COC1,7.66,0.0,1
CHEMBL2971,CC1(N[C@H]2CCC(n3cc(C(N)=O)c(Nc4ccccc4)n3)[C@@H](C#N)C2)CC1,7.62,0.0,1
CHEMBL2971,CC1(N[C@H]2CCC(n3cc(C(N)=O)c(Nc4ccccc4)n3)[C@@H](C#N)C2)COC1,7.62,0.0,1
CHEMBL2971,CC1(O)CCC(NC(=O)c2cnn3ccc(N4CCC[C@@H]4c4cc(F)ccc4F)nc23)CC1,7.7375,1.3729135685346936,4
CHEMBL2971,CC1(O)CCN(CCOc2ccc(Nc3nc(N4CCC(CC#N)CC4)nc(C=N)c3C(N)=O)cc2)CC1,7.52,0.0,1
CHEMBL2971,CC1(O)CN(C(=O)[C@@H]2CC[C@@H](n3cc(C(N)=O)c(Nc4ccc(Cl)cc4)n3)[C@H](C#N)C2)C1,7.46,0.0,1
CHEMBL2971,CC1(O)CN(C(=O)[C@H]2CC[C@H](n3cc(C(N)=O)c(Nc4ccc(Cl)cc4)n3)[C@@H](C#N)C2)C1,6.75,0.0,1
CHEMBL2971,CC1(O)CN(C(=O)c2cnn3ccc(N4CCC[C@@H]4c4cc(F)ccc4F)nc23)C1,8.28,0.0,1
CHEMBL2971,CC1(O)CN(C(=O)c2cnn3ccc(N4CCC[C@@H]4c4cncc(F)c4)nc23)C1,5.99,0.0,1
CHEMBL2971,CC1(O)CN(C[C@H]2CC[C@H](c3nnn4cnc5[nH]ccc5c34)CC2)C1,7.29,0.0,1
CHEMBL2971,CC1(O)CN(S(=O)(=O)c2ccc(Nc3nn([C@@H](CC#N)C4CC4)c4cc[nH]c(=O)c34)cc2)C1,6.3,0.0,1
CHEMBL2971,CC1(O)CN([C@@H]2CC[C@H](n3cc(C(N)=O)c(Nc4ccc(C(F)(F)F)cc4)n3)[C@@H](C#N)C2)C1,8.05,0.0,1
CHEMBL2971,CC1(O)CN([C@@H]2CC[C@H](n3nc(Nc4ccc(Cl)cc4)c4c(=O)[nH]ccc43)[C@@H](C#N)C2)C1,5.19,0.0,1
CHEMBL2971,CC1(O)CN([C@H]2CC[C@H](n3cc(C(N)=O)c(Nc4ccc(C(F)(F)F)cc4)n3)[C@@H](C#N)C2)C1,8.52,0.0,1
CHEMBL2971,CC1(O)CN([C@H]2CC[C@H](n3nc(Nc4ccc(Cl)cc4)c4c(=O)[nH]ccc43)[C@@H](C#N)C2)C1,5.4,0.0,1
CHEMBL2971,CC1(O)Cc2ccc(Nc3nn([C@@H](CC#N)C4CC4)c4cc[nH]c(=O)c34)cc2C1,6.005,0.021213203435595972,2
CHEMBL2971,CC1(S(=O)(=O)N2CC(CC#N)(n3cc(-c4c(C#N)cnc5[nH]ccc45)cn3)C2)CC1,8.7,0.0,1
CHEMBL2971,CC1(S(=O)(=O)N2CC(CC#N)(n3cc(-c4ccnc5[nH]ccc45)cn3)C2)CC1,8.91,0.0,1
CHEMBL2971,CC1(S(=O)(=O)c2ccc(Nc3nn([C@@H](CC#N)C4CC4)c4cc[nH]c(=O)c34)cc2)CC1,6.64,0.0,1
CHEMBL2971,CC1(c2cc(Nc3nc(N4CCN(C(=O)Cc5ccccc5)CC4)nn4cccc34)n[nH]2)CC1,7.66,0.0,1
CHEMBL2971,CC1(c2ccc(Nc3nn(C4CCCC[C@@H]4C#N)c4cc[nH]c(=O)c34)cc2)COC1,6.14,0.0,1
CHEMBL2971,CC1(c2ccc(Nc3nn([C@@H]4COCC[C@H]4C#N)cc3C(N)=O)cc2)COC1,7.68,0.0,1
CHEMBL2971,CC1(c2ccc(Nc3nn([C@H]4CC[C@@H](O)C[C@@H]4C#N)cc3C(N)=O)cc2)COC1,8.4,0.0,1
CHEMBL2971,CC1(c2ccc(Nc3nn([C@H]4CC[C@H](O)C[C@@H]4C#N)cc3C(N)=O)cc2)COC1,8.4,0.0,1
CHEMBL2971,CC1(c2ccc(Nc3nn([C@H]4COCC[C@@H]4C#N)cc3C(N)=O)cc2)COC1,9.22,0.0,1
CHEMBL2971,CC1=NOC(CN2CCC(CC#N)(n3cc(C(N)=O)c(Nc4ccnc(F)c4)n3)CC2)C1,6.24,0.0,1
CHEMBL2971,CC1=NOC(CN2CC[C@@H](C#N)[C@H](n3cc(C(N)=O)c(Nc4ccc(F)cc4)n3)C2)C1,7.01,0.0,1
CHEMBL2971,CC1=NOC(CN2CC[C@@H](n3cc(C(N)=O)c(Nc4ccc(F)cc4)n3)[C@H](C#N)C2)C1,7.43,0.0,1
CHEMBL2971,CC1CC(C)CC(NC(=O)Cc2nc3cnc4[nH]ccc4c3n2[C@H]2CC[C@H](CC#N)CC2)C1,8.47,0.0,1
CHEMBL2971,CC1CC(C)CN(C(=O)Cc2ccc(-c3cccc4nc(NC(=O)C5CC5)nn34)cc2)C1,6.52,0.0,1
CHEMBL2971,CC1CC1NC[C@H]1CC[C@H](c2nnn3cnc4[nH]ccc4c23)CC1,7.0,0.0,1
CHEMBL2971,CC1CCC(C#N)C(n2cc(C(N)=O)c(Nc3ccccc3)n2)C1,7.42,0.0,1
CHEMBL2971,CC1CCC(C(=O)NCC#N)CN1N(C)c1ncnc2[nH]ccc12,5.84,0.0,1
CHEMBL2971,CC1CCC(C(=O)NCC(F)(F)F)CN1N(C)c1ncnc2[nH]ccc12,5.7,0.0,1
CHEMBL2971,CC1CCC(n2c(=O)[nH]c3cnc4[nH]ccc4c32)CC1,7.64,0.0,1
CHEMBL2971,CC1CCCC(n2c(=O)[nH]c3cnc4[nH]ccc4c32)C1,7.64,0.0,1
CHEMBL2971,CC1CCCCC1c1nnn2cnc3[nH]ccc3c12,8.16,0.3394112549695431,2
CHEMBL2971,CC1CCCCCC1n1cc(-c2nc(-c3cnn(C)c3)cn3nccc23)cn1,6.76,0.7071067811865476,2
CHEMBL2971,CC1CCCCN1S(=O)(=O)C[C@H]1C[C@@H](N(C)c2ncnc3[nH]ccc23)C1,5.95,0.0,1
CHEMBL2971,CC1CCCN(S(=O)(=O)C[C@H]2C[C@@H](N(C)c3ncnc4[nH]ccc34)C2)C1,6.21,0.0,1
CHEMBL2971,CC1CCCN1C(c1ccc(Nc2nn([C@H]3COCC[C@@H]3C#N)c3cc[nH]c(=O)c23)cc1)C(F)(F)F,6.765,0.23388031127053005,4
CHEMBL2971,CC1CCCN1S(=O)(=O)c1ccc(Nc2nn([C@@H](CC#N)C3CC3)c3cc[nH]c(=O)c23)cc1,6.35,0.09899494936611612,2
CHEMBL2971,CC1CCN(C(=O)C2CCC(C(C)(C)C)CC2)CC1n1ccc(=O)c2cnc3[nH]ccc3c21,6.17,0.24041630560342606,2
CHEMBL2971,CC1CCN(C(=O)CC#N)CC1N(C)c1ncnc2[nH]ccc12,7.880000000000001,0.5939696961967001,2
CHEMBL2971,CC1CCN(C(=O)CC#N)CC1c1nnn2cnc3[nH]ccc3c12,6.5,0.2262741699796954,2
CHEMBL2971,CC1CCN(C(=O)OC(C)(C)C)CC1c1nnn2cnc3[nH]ccc3c12,6.7,0.5396912697706595,4
CHEMBL2971,CC1CCN(C(=O)[C@@H](C)NC(=O)c2c[nH]c3ncc(C4CC4)nc23)C1,6.87,0.0,1
CHEMBL2971,CC1CCN(S(=O)(=O)C[C@H]2CC[C@H](N(C)c3ncnc4[nH]ccc34)CC2)CC1,7.07,0.0,1
CHEMBL2971,CC1CCN(c2nc(Nc3ccc(N4CCC5(CC4)CC5C(=O)O)cc3)c3c(=O)[nH]ncc3n2)CC1,7.52,0.0,1
CHEMBL2971,CC1CCN(c2nc(Nc3ccc(OCCN4CCNCC4)cc3)c3c(=O)[nH]ncc3n2)CC1,7.12,0.0,1
CHEMBL2971,CC1CCN1S(=O)(=O)c1ccc(Nc2nn([C@@H](CC#N)C3CC3)c3cc[nH]c(=O)c23)cc1,6.225,0.41719300090006295,2
CHEMBL2971,CC1CCN1S(=O)(=O)c1ccc(Nc2nn([C@H]3COCC[C@@H]3C#N)c3cc[nH]c(=O)c23)cc1,6.695,0.10606601717798207,2
CHEMBL2971,CC1CCN1S(=O)(=O)c1ccc(Nc2nn([C@]3(CC#N)CCCOC3)c3cc[nH]c(=O)c23)cc1,9.59,0.07071067811865576,2
CHEMBL2971,CC1CN(C(=O)CO)CCC1Oc1ccc(-c2ncnc(Nc3ccc(N4CCN(C5COC5)CC4)cc3)n2)cc1C#N,6.59,0.0,1
CHEMBL2971,CC1CN(C(=O)c2ccc(-c3cccc4nc(NC(=O)C5CC5)nn34)cc2)CC(C)O1,6.52,0.0,1
CHEMBL2971,CC1CN(S(=O)(=O)C[C@H]2CC[C@H](N(C)c3ncnc4[nH]ccc34)CC2)CCN1C,6.9,0.0,1
CHEMBL2971,CC1CN(S(=O)(=O)C[C@H]2C[C@@H](N(C)c3ncnc4[nH]ccc34)C2)C1,6.33,0.0,1
CHEMBL2971,CC1CN(S(=O)(=O)c2ccc(Nc3nn([C@@H](CC#N)C4CC4)c4cc[nH]c(=O)c34)cc2)C1,5.66,0.0,1
CHEMBL2971,CC1CN(S(=O)(=O)c2ccc(Nc3nn([C@@H](CC#N)C4CC4)c4cc[nH]c(=O)c34)cc2)CCO1,5.875,0.2192031021678301,2
CHEMBL2971,CC1CN(S(=O)(=O)c2ccc(Nc3nn([C@H]4COCC[C@@H]4C#N)c4cc[nH]c(=O)c34)cc2)C1,6.19,0.0,1
CHEMBL2971,CC1CN(S(=O)(=O)c2ccc(Nc3nn([C@H]4COCC[C@@H]4C#N)c4cc[nH]c(=O)c34)cc2)CCO1,6.275,0.007071067811866266,2
CHEMBL2971,CC1CN(S(=O)(=O)c2ccc(Nc3nn([C@]4(CC#N)CCCOC4)c4cc[nH]c(=O)c34)cc2)C1,9.0,0.0,1
CHEMBL2971,CC1CN([C@@H]2CC[C@H](n3cc(C(N)=O)c(Nc4ccc(S(=O)(=O)C(F)(F)F)cc4)n3)[C@@H](C#N)C2)C1,7.6,0.0,1
CHEMBL2971,CC1CN([C@H]2CC[C@H](n3cc(C(N)=O)c(Nc4ccc(C(F)(F)F)cc4)n3)[C@@H](C#N)C2)C1,7.21,0.0,1
CHEMBL2971,CC1CN([C@H]2CC[C@H](n3cc(C(N)=O)c(Nc4ccc(Cl)cc4)n3)[C@@H](C#N)C2)C1,7.07,0.0,1
CHEMBL2971,CC1CN([C@H]2CC[C@H](n3cc(C(N)=O)c(Nc4ccc(S(=O)(=O)C(F)(F)F)cc4)n3)[C@@H](C#N)C2)C1,8.05,0.0,1
CHEMBL2971,CC1CN([C@H]2CC[C@H](n3cc(C(N)=O)c(Nc4ccccc4)n3)[C@@H](C#N)C2)C1,7.36,0.0,1
CHEMBL2971,CC1CN(c2nc(Nc3ccc(N4CCC(CC(=O)O)CC4)cc3)c3c(=O)[nH]ncc3n2)CC(C)O1,7.52,0.0,1
CHEMBL2971,CC1CNCC(C)C1Nc1nc(Nc2cccc(NS(=O)(=O)C(C)(C)C)c2)c2ccsc2n1,5.0,0.0,1
CHEMBL2971,CC1CNCCC1Nc1nc(Nc2ccc3c(c2)N(S(=O)(=O)C(C)(C)C)CC3)c2ccsc2n1,5.0,0.0,1
CHEMBL2971,CC1CNCCC1Nc1nc(Nc2cccc(NS(=O)(=O)C(C)(C)C)c2)c2ccsc2n1,5.0,0.0,1
CHEMBL2971,CC1COCCN1S(=O)(=O)c1ccc(Nc2nn([C@@H](CC#N)C3CC3)c3cc[nH]c(=O)c23)cc1,6.225,0.261629509039023,2
CHEMBL2971,CC1Cc2cc(Nc3nn([C@@H](CC#N)C4CC4)c4cc[nH]c(=O)c34)ccc2S1(=O)=O,6.28,0.0,1
CHEMBL2971,CC1NCc2cc(Nc3nn([C@H]4CCCC[C@@H]4C#N)c4cc[nH]c(=O)c34)ccc21,5.886666666666667,0.15821925715074395,3
CHEMBL2971,CC1c2cc(Nc3nn([C@H]4CCCC[C@@H]4C#N)c4cc[nH]c(=O)c34)ccc2S(=O)(=O)N1C,5.59,0.014142135623730649,2
CHEMBL2971,CC1c2cc(Nc3nn([C@H]4CCCC[C@@H]4C#N)c4cc[nH]c(=O)c34)ccc2S(=O)(=O)N1CC(F)(F)F,5.65,0.09899494936611673,2
CHEMBL2971,CC1c2cc(Nc3nn([C@H]4COCC[C@@H]4C#N)c4cc[nH]c(=O)c34)ccc2S(=O)(=O)N1C,5.93,0.0,1
CHEMBL2971,CC1c2ccc(Nc3nn([C@H]4CCCC[C@@H]4C#N)c4cc[nH]c(=O)c34)cc2CN1C(=O)OC(C)(C)C,5.27,0.0,1
CHEMBL2971,CCC(=O)N1CC(CC#N)(n2cc(-c3nc(-c4cnn(C)c4)cn4nccc34)cn2)C1,5.8,0.0,1
CHEMBL2971,CCC(=O)N1CC(CC#N)(n2cc(C(N)=O)c(Nc3ccccc3)n2)C1,6.53,0.0,1
CHEMBL2971,CCC(=O)N1CCC(CC#N)(n2cc(C(N)=O)c(Nc3ccccc3)n2)CC1,7.58,0.0,1
CHEMBL2971,CCC(=O)N1CCC(CC#N)(n2nc(Nc3ccc(S(=O)(=O)N(C)C)cc3)c3c(=O)[nH]ccc32)CC1,9.32,0.0,1
CHEMBL2971,CCC(=O)N1CCN(c2nc(Nc3cc(C)[nH]n3)c3cccn3n2)CC1,7.66,0.0,1
CHEMBL2971,CCC(=O)N1CC[C@@H](Nc2ncccc2-c2cnc3[nH]ccc3n2)C1,10.07,0.0,1
CHEMBL2971,CCC(=O)N1CCc2oc(-c3nc(Nc4ccc(N5CCOCC5)cc4)ncc3C)cc2C1,8.24,0.0,1
CHEMBL2971,CCC(C(=O)O)n1cc(-c2nc(-c3cnn(C)c3)cn3nccc23)cn1,5.26,0.0,1
CHEMBL2971,CCC(C(C)C)n1cc(-c2ccn(C)n2)c2[nH]nc(N)c2c1=O,6.08,0.0,1
CHEMBL2971,CCC(C)(C)S(=O)(=O)c1ccc(Nc2nn([C@H]3COCC[C@@H]3C#N)c3cc[nH]c(=O)c23)cc1,6.58,0.0,1
CHEMBL2971,CCC(C)(C)S(=O)(=O)c1ccc(Nc2nn([C@]3(CC#N)CCCOC3)c3cc[nH]c(=O)c23)cc1,9.48,0.0,1
CHEMBL2971,CCC(C)(CC)n1cc(-c2nc(-c3cnn(C)c3)cn3nccc23)cn1,5.76,0.7071067811865476,2
CHEMBL2971,CCC(C)CS(=O)(=O)C[C@H]1C[C@@H](N(C)c2ncnc3[nH]ccc23)C1,6.73,0.0,1
CHEMBL2971,CCC(C)n1cc(-c2ccn(C)n2)c2[nH]nc(N)c2c1=O,6.75,0.0,1
CHEMBL2971,CCC(C)n1cc(-c2nc(-c3cnn(C[C@@H](O)CO)c3)cn3nccc23)cn1,7.26,0.0,1
CHEMBL2971,CCC(C1CC(F)(F)C1)n1cc(-c2nc(-c3cnn(C[C@@H](O)CO)c3)cn3nccc23)cn1,6.76,0.7071067811865476,2
CHEMBL2971,CCC(C1CC1)n1cc(-c2nc(-c3cnn(C(CO)CO)c3)cn3nccc23)cn1,6.76,0.7071067811865476,2
CHEMBL2971,CCC(C1CC1)n1cc(-c2nc(-c3cnn(C[C@@H](O)CO)c3)cn3nccc23)cn1,6.76,0.7071067811865476,2
CHEMBL2971,CCC(C1CC1)n1cc(-c2nc(-c3cnn(C[C@H](C)O)c3)cn3nccc23)cn1,7.26,0.0,1
CHEMBL2971,CCC(CC(F)(F)F)n1cc(-c2nc(-c3cnn(C(CO)CO)c3)cn3nccc23)cn1,6.76,0.7071067811865476,2
CHEMBL2971,CCC(CC(F)(F)F)n1cc(-c2nc(-c3cnn(C[C@@H](O)CO)c3)cn3nccc23)cn1,6.76,0.7071067811865476,2
CHEMBL2971,CCC(CC)CS(=O)(=O)C[C@H]1C[C@@H](N(C)c2ncnc3[nH]ccc23)C1,6.8,0.0,1
CHEMBL2971,CCC(CC)S(=O)(=O)C[C@H]1C[C@@H](N(C)c2ncnc3[nH]ccc23)C1,5.97,0.0,1
CHEMBL2971,CCC(CC)n1cc(-c2nc(-c3cnn(C(C)(C)CO)c3)cn3nccc23)cn1,6.76,0.7071067811865476,2
CHEMBL2971,CCC(CC)n1cc(-c2nc(-c3cnn(C(C)CO)c3)cn3nccc23)cn1,6.76,0.7071067811865476,2
CHEMBL2971,CCC(CC)n1cc(-c2nc(-c3cnn(C(CO)CO)c3)cn3nccc23)cn1,7.26,0.0,1
CHEMBL2971,CCC(CC)n1cc(-c2nc(-c3cnn(C4CC(C(=O)N(C)C)C4)c3)cn3nccc23)cn1,6.76,0.7071067811865476,2
CHEMBL2971,CCC(CC)n1cc(-c2nc(-c3cnn(C4CC(C(=O)NCCO)C4)c3)cn3nccc23)cn1,7.26,0.0,1
CHEMBL2971,CCC(CC)n1cc(-c2nc(-c3cnn(C4CC(C(N)=O)C4)c3)cn3nccc23)cn1,6.76,0.7071067811865476,2
CHEMBL2971,CCC(CC)n1cc(-c2nc(-c3cnn(C4CC(C)(O)C4)c3)cn3nccc23)cn1,7.26,0.0,1
CHEMBL2971,CCC(CC)n1cc(-c2nc(-c3cnn(C4CC(CO)C4)c3)cn3nccc23)cn1,7.26,0.0,1
CHEMBL2971,CCC(CC)n1cc(-c2nc(-c3cnn(C4CC(O)(CO)C4)c3)cn3nccc23)cn1,6.76,0.7071067811865476,2
CHEMBL2971,CCC(CC)n1cc(-c2nc(-c3cnn(C4CC(O)C4)c3)cn3nccc23)cn1,7.26,0.0,1
CHEMBL2971,CCC(CC)n1cc(-c2nc(-c3cnn(C4CCC(O)CC4)c3)cn3nccc23)cn1,7.26,0.0,1
CHEMBL2971,CCC(CC)n1cc(-c2nc(-c3cnn(C4CCC[C@@H]4O)c3)cn3nccc23)cn1,7.26,0.0,1
CHEMBL2971,CCC(CC)n1cc(-c2nc(-c3cnn(C4CCN(C(=O)N(C)C)CC4)c3)cn3nccc23)cn1,7.26,0.0,1
CHEMBL2971,CCC(CC)n1cc(-c2nc(-c3cnn(C4CCNCC4)c3)cn3nccc23)cn1,7.26,0.0,1
CHEMBL2971,CCC(CC)n1cc(-c2nc(-c3cnn(C4CCNC[C@H]4O)c3)cn3nccc23)cn1,7.26,0.0,1
CHEMBL2971,CCC(CC)n1cc(-c2nc(-c3cnn(C4CN(C(=O)C(=O)N(C)C)C4)c3)cn3nccc23)cn1,7.26,0.0,1
CHEMBL2971,CCC(CC)n1cc(-c2nc(-c3cnn(C4CN(C(=O)C(C)(C)O)C4)c3)cn3nccc23)cn1,6.76,0.7071067811865476,2
CHEMBL2971,CCC(CC)n1cc(-c2nc(-c3cnn(C4CN(C(=O)C(C)C)C4)c3)cn3nccc23)cn1,7.26,0.0,1
CHEMBL2971,CCC(CC)n1cc(-c2nc(-c3cnn(C4CN(C(=O)C5(O)CC5)C4)c3)cn3nccc23)cn1,7.26,0.0,1
CHEMBL2971,CCC(CC)n1cc(-c2nc(-c3cnn(C4CN(C(=O)C5CC(O)C5)C4)c3)cn3nccc23)cn1,6.76,0.7071067811865476,2
CHEMBL2971,CCC(CC)n1cc(-c2nc(-c3cnn(C4CN(C(=O)C5CC5)C4)c3)cn3nccc23)cn1,7.26,0.0,1
CHEMBL2971,CCC(CC)n1cc(-c2nc(-c3cnn(C4CN(C(=O)CN)C4)c3)cn3nccc23)cn1,7.26,0.0,1
CHEMBL2971,CCC(CC)n1cc(-c2nc(-c3cnn(C4CN(C(=O)CN5CC(O)C5)C4)c3)cn3nccc23)cn1,6.76,0.7071067811865476,2
CHEMBL2971,CCC(CC)n1cc(-c2nc(-c3cnn(C4CN(C(=O)CN5CCCC5)C4)c3)cn3nccc23)cn1,7.26,0.0,1
CHEMBL2971,CCC(CC)n1cc(-c2nc(-c3cnn(C4CN(C(=O)CNC)C4)c3)cn3nccc23)cn1,7.26,0.0,1
CHEMBL2971,CCC(CC)n1cc(-c2nc(-c3cnn(C4CN(C(=O)CO)C4)c3)cn3nccc23)cn1,7.26,0.0,1
CHEMBL2971,CCC(CC)n1cc(-c2nc(-c3cnn(C4CN(C(=O)N(C)C)C4)c3)cn3nccc23)cn1,7.26,0.0,1
CHEMBL2971,CCC(CC)n1cc(-c2nc(-c3cnn(C4CN(C(=O)NC)C4)c3)cn3nccc23)cn1,7.26,0.0,1
CHEMBL2971,CCC(CC)n1cc(-c2nc(-c3cnn(C4CN(C(=O)[C@@H](C)O)C4)c3)cn3nccc23)cn1,6.76,0.7071067811865476,2
CHEMBL2971,CCC(CC)n1cc(-c2nc(-c3cnn(C4CN(C(=O)[C@H](C)O)C4)c3)cn3nccc23)cn1,7.26,0.0,1
CHEMBL2971,CCC(CC)n1cc(-c2nc(-c3cnn(C4CN(C(C)=O)C4)c3)cn3nccc23)cn1,7.26,0.0,1
CHEMBL2971,CCC(CC)n1cc(-c2nc(-c3cnn(C4CN(P(=O)(N(C)C)N(C)C)C4)c3)cn3nccc23)cn1,7.26,0.0,1
CHEMBL2971,CCC(CC)n1cc(-c2nc(-c3cnn(CC(=O)N(C)C)c3)cn3nccc23)cn1,6.26,0.0,1
CHEMBL2971,CCC(CC)n1cc(-c2nc(-c3cnn(CC(=O)N4CCOCC4)c3)cn3nccc23)cn1,7.26,0.0,1
CHEMBL2971,CCC(CC)n1cc(-c2nc(-c3cnn(CC(=O)NC(C)C)c3)cn3nccc23)cn1,6.76,0.7071067811865476,2
CHEMBL2971,CCC(CC)n1cc(-c2nc(-c3cnn(CC(C)(C)CO)c3)cn3nccc23)cn1,7.26,0.0,1
CHEMBL2971,CCC(CC)n1cc(-c2nc(-c3cnn(CC(C)(C)O)c3)cn3nccc23)cn1,6.26,0.0,1
CHEMBL2971,CCC(CC)n1cc(-c2nc(-c3cnn(CC(C)(O)CO)c3)cn3nccc23)cn1,7.26,0.0,1
CHEMBL2971,CCC(CC)n1cc(-c2nc(-c3cnn(CC(CO)CO)c3)cn3nccc23)cn1,7.26,0.0,1
CHEMBL2971,CCC(CC)n1cc(-c2nc(-c3cnn(CC(O)C(C)(C)C)c3)cn3nccc23)cn1,6.26,0.0,1
CHEMBL2971,CCC(CC)n1cc(-c2nc(-c3cnn(CC(O)C(C)C)c3)cn3nccc23)cn1,6.76,0.7071067811865476,2
CHEMBL2971,CCC(CC)n1cc(-c2nc(-c3cnn(CC(O)CC(F)(F)F)c3)cn3nccc23)cn1,6.76,0.7071067811865476,2
CHEMBL2971,CCC(CC)n1cc(-c2nc(-c3cnn(CC(O)CCO)c3)cn3nccc23)cn1,7.26,0.0,1
CHEMBL2971,CCC(CC)n1cc(-c2nc(-c3cnn(CC(O)CN)c3)cn3nccc23)cn1,7.26,0.0,1
CHEMBL2971,CCC(CC)n1cc(-c2nc(-c3cnn(CC(O)CO)c3)cn3nccc23)cn1,7.26,0.0,1
CHEMBL2971,CCC(CC)n1cc(-c2nc(-c3cnn(CC4(CO)CC4)c3)cn3nccc23)cn1,6.76,0.7071067811865476,2
CHEMBL2971,CCC(CC)n1cc(-c2nc(-c3cnn(CC4(CO)COC4)c3)cn3nccc23)cn1,7.26,0.0,1
CHEMBL2971,CCC(CC)n1cc(-c2nc(-c3cnn(CC4(O)CCN(C(C)=O)CC4)c3)cn3nccc23)cn1,6.76,0.7071067811865476,2
CHEMBL2971,CCC(CC)n1cc(-c2nc(-c3cnn(CC4(O)CCNCC4)c3)cn3nccc23)cn1,6.26,0.0,1
CHEMBL2971,CCC(CC)n1cc(-c2nc(-c3cnn(CC4(O)CCOCC4)c3)cn3nccc23)cn1,6.76,0.7071067811865476,2
CHEMBL2971,CCC(CC)n1cc(-c2nc(-c3cnn(CC4CC(CO)C4)c3)cn3nccc23)cn1,7.26,0.0,1
CHEMBL2971,CCC(CC)n1cc(-c2nc(-c3cnn(CC4CC(O)C4)c3)cn3nccc23)cn1,7.26,0.0,1
CHEMBL2971,CCC(CC)n1cc(-c2nc(-c3cnn(CC4CCCN4)c3)cn3nccc23)cn1,7.26,0.0,1
CHEMBL2971,CCC(CC)n1cc(-c2nc(-c3cnn(CC4CCOCC4)c3)cn3nccc23)cn1,7.26,0.0,1
CHEMBL2971,CCC(CC)n1cc(-c2nc(-c3cnn(CC4CCS(=O)(=O)CC4)c3)cn3nccc23)cn1,7.26,0.0,1
CHEMBL2971,CCC(CC)n1cc(-c2nc(-c3cnn(CC4CNC(=O)O4)c3)cn3nccc23)cn1,7.26,0.0,1
CHEMBL2971,CCC(CC)n1cc(-c2nc(-c3cnn(CC4CNCCO4)c3)cn3nccc23)cn1,6.26,0.0,1
CHEMBL2971,CCC(CC)n1cc(-c2nc(-c3cnn(CCC(O)CO)c3)cn3nccc23)cn1,7.26,0.0,1
CHEMBL2971,CCC(CC)n1cc(-c2nc(-c3cnn(CCCN(C)C)c3)cn3nccc23)cn1,6.26,0.0,1
CHEMBL2971,CCC(CC)n1cc(-c2nc(-c3cnn(CCCO)c3)cn3nccc23)cn1,5.26,0.0,1
CHEMBL2971,CCC(CC)n1cc(-c2nc(-c3cnn(CCCS(C)(=O)=O)c3)cn3nccc23)cn1,7.26,0.0,1
CHEMBL2971,CCC(CC)n1cc(-c2nc(-c3cnn(CCN(C)C)c3)cn3nccc23)cn1,7.26,0.0,1
CHEMBL2971,CCC(CC)n1cc(-c2nc(-c3cnn(CCN(C)S(C)(=O)=O)c3)cn3nccc23)cn1,7.26,0.0,1
CHEMBL2971,CCC(CC)n1cc(-c2nc(-c3cnn(CCN4CC(F)C4)c3)cn3nccc23)cn1,6.76,0.7071067811865476,2
CHEMBL2971,CCC(CC)n1cc(-c2nc(-c3cnn(CCN4CCC(CO)CC4)c3)cn3nccc23)cn1,7.26,0.0,1
CHEMBL2971,CCC(CC)n1cc(-c2nc(-c3cnn(CCN4CCC(O)CC4)c3)cn3nccc23)cn1,6.76,0.7071067811865476,2
CHEMBL2971,CCC(CC)n1cc(-c2nc(-c3cnn(CCN4CCCC4)c3)cn3nccc23)cn1,7.26,0.0,1
CHEMBL2971,CCC(CC)n1cc(-c2nc(-c3cnn(CCN4CCNC(=O)C4)c3)cn3nccc23)cn1,7.26,0.0,1
CHEMBL2971,CCC(CC)n1cc(-c2nc(-c3cnn(CCN4CCNCC4=O)c3)cn3nccc23)cn1,6.76,0.7071067811865476,2
CHEMBL2971,CCC(CC)n1cc(-c2nc(-c3cnn(CCN4CCOCC4)c3)cn3nccc23)cn1,7.26,0.0,1
CHEMBL2971,CCC(CC)n1cc(-c2nc(-c3cnn(CCN4CC[C@@H](O)C4)c3)cn3nccc23)cn1,7.26,0.0,1
CHEMBL2971,CCC(CC)n1cc(-c2nc(-c3cnn(CCN4CC[C@@H](OC)C4)c3)cn3nccc23)cn1,7.26,0.0,1
CHEMBL2971,CCC(CC)n1cc(-c2nc(-c3cnn(CCN4CC[C@H](O)C4)c3)cn3nccc23)cn1,7.26,0.0,1
CHEMBL2971,CCC(CC)n1cc(-c2nc(-c3cnn(CCN4CC[C@H](OC)C4)c3)cn3nccc23)cn1,7.26,0.0,1
CHEMBL2971,CCC(CC)n1cc(-c2nc(-c3cnn(CCNC4CC(CO)C4)c3)cn3nccc23)cn1,7.26,0.0,1
CHEMBL2971,CCC(CC)n1cc(-c2nc(-c3cnn(CCNC4CC4)c3)cn3nccc23)cn1,7.26,0.0,1
CHEMBL2971,CCC(CC)n1cc(-c2nc(-c3cnn(CCN[C@@H]4CCN(C)C4=O)c3)cn3nccc23)cn1,7.26,0.0,1
CHEMBL2971,CCC(CC)n1cc(-c2nc(-c3cnn(CCN[C@H]4CCN(C)C4=O)c3)cn3nccc23)cn1,7.26,0.0,1
CHEMBL2971,CCC(CC)n1cc(-c2nc(-c3cnn(CCO)c3)cn3nccc23)cn1,7.26,0.0,1
CHEMBL2971,CCC(CC)n1cc(-c2nc(-c3cnn(CCS(=O)(=O)N(C)C)c3)cn3nccc23)cn1,7.26,0.0,1
CHEMBL2971,CCC(CC)n1cc(-c2nc(-c3cnn(CCS(C)(=O)=O)c3)cn3nccc23)cn1,7.26,0.0,1
CHEMBL2971,CCC(CC)n1cc(-c2nc(-c3cnn(CCS(N)(=O)=O)c3)cn3nccc23)cn1,7.26,0.0,1
CHEMBL2971,CCC(CC)n1cc(-c2nc(-c3cnn(CC[C@@H](O)CO)c3)cn3nccc23)cn1,7.26,0.0,1
CHEMBL2971,CCC(CC)n1cc(-c2nc(-c3cnn(C[C@@H](C)CO)c3)cn3nccc23)cn1,7.26,0.0,1
CHEMBL2971,CCC(CC)n1cc(-c2nc(-c3cnn(C[C@@H](C)O)c3)cn3nccc23)cn1,6.26,1.4142135623730951,2
CHEMBL2971,CCC(CC)n1cc(-c2nc(-c3cnn(C[C@@H](CN)OC)c3)cn3nccc23)cn1,6.76,0.7071067811865476,2
CHEMBL2971,CCC(CC)n1cc(-c2nc(-c3cnn(C[C@@H](CO)N(C)C)c3)cn3nccc23)cn1,7.26,0.0,1
CHEMBL2971,CCC(CC)n1cc(-c2nc(-c3cnn(C[C@@H](N)CO)c3)cn3nccc23)cn1,7.26,0.0,1
CHEMBL2971,CCC(CC)n1cc(-c2nc(-c3cnn(C[C@@H](O)C(C)(C)O)c3)cn3nccc23)cn1,7.26,0.0,1
CHEMBL2971,CCC(CC)n1cc(-c2nc(-c3cnn(C[C@@H](O)CC)c3)cn3nccc23)cn1,7.26,0.0,1
CHEMBL2971,CCC(CC)n1cc(-c2nc(-c3cnn(C[C@@H](O)CCO)c3)cn3nccc23)cn1,7.26,0.0,1
CHEMBL2971,CCC(CC)n1cc(-c2nc(-c3cnn(C[C@@H](O)CN(C)C)c3)cn3nccc23)cn1,7.26,0.0,1
CHEMBL2971,CCC(CC)n1cc(-c2nc(-c3cnn(C[C@@H](O)CN4CC(OC)C4)c3)cn3nccc23)cn1,6.76,0.7071067811865476,2
CHEMBL2971,CCC(CC)n1cc(-c2nc(-c3cnn(C[C@@H](O)CN4CCCC4)c3)cn3nccc23)cn1,6.76,0.7071067811865476,2
CHEMBL2971,CCC(CC)n1cc(-c2nc(-c3cnn(C[C@@H](O)CNC)c3)cn3nccc23)cn1,7.26,0.0,1
CHEMBL2971,CCC(CC)n1cc(-c2nc(-c3cnn(C[C@@H](O)CO)c3)cn3nccc23)cn1,6.76,0.7071067811865476,2
CHEMBL2971,CCC(CC)n1cc(-c2nc(-c3cnn(C[C@@H](O)COC)c3)cn3nccc23)cn1,7.26,0.0,1
CHEMBL2971,CCC(CC)n1cc(-c2nc(-c3cnn(C[C@@H](O)[C@@H](C)O)c3)cn3nccc23)cn1,7.26,0.0,1
CHEMBL2971,CCC(CC)n1cc(-c2nc(-c3cnn(C[C@@H]4CCC(=O)N4)c3)cn3nccc23)cn1,7.26,0.0,1
CHEMBL2971,CCC(CC)n1cc(-c2nc(-c3cnn(C[C@@H]4CCCN4)c3)cn3nccc23)cn1,7.26,0.0,1
CHEMBL2971,CCC(CC)n1cc(-c2nc(-c3cnn(C[C@@](C)(O)CO)c3)cn3nccc23)cn1,7.26,0.0,1
CHEMBL2971,CCC(CC)n1cc(-c2nc(-c3cnn(C[C@H](C)CO)c3)cn3nccc23)cn1,7.26,0.0,1
CHEMBL2971,CCC(CC)n1cc(-c2nc(-c3cnn(C[C@H](C)O)c3)cn3nccc23)cn1,7.26,0.0,1
CHEMBL2971,CCC(CC)n1cc(-c2nc(-c3cnn(C[C@H](CN)OC)c3)cn3nccc23)cn1,7.26,0.0,1
CHEMBL2971,CCC(CC)n1cc(-c2nc(-c3cnn(C[C@H](CO)N(C)C)c3)cn3nccc23)cn1,7.26,0.0,1
CHEMBL2971,CCC(CC)n1cc(-c2nc(-c3cnn(C[C@H](N)C(C)(C)O)c3)cn3nccc23)cn1,6.76,0.7071067811865476,2
CHEMBL2971,CCC(CC)n1cc(-c2nc(-c3cnn(C[C@H](O)C(C)(C)O)c3)cn3nccc23)cn1,7.26,0.0,1
CHEMBL2971,CCC(CC)n1cc(-c2nc(-c3cnn(C[C@H](O)CC)c3)cn3nccc23)cn1,7.26,0.0,1
CHEMBL2971,CCC(CC)n1cc(-c2nc(-c3cnn(C[C@H](O)CCO)c3)cn3nccc23)cn1,7.26,0.0,1
CHEMBL2971,CCC(CC)n1cc(-c2nc(-c3cnn(C[C@H](O)CN(C)C)c3)cn3nccc23)cn1,7.26,0.0,1
CHEMBL2971,CCC(CC)n1cc(-c2nc(-c3cnn(C[C@H](O)CN4CC(OC)C4)c3)cn3nccc23)cn1,7.26,0.0,1
CHEMBL2971,CCC(CC)n1cc(-c2nc(-c3cnn(C[C@H](O)CN4CCCC4)c3)cn3nccc23)cn1,6.26,0.0,1
CHEMBL2971,CCC(CC)n1cc(-c2nc(-c3cnn(C[C@H](O)CNC)c3)cn3nccc23)cn1,7.26,0.0,1
CHEMBL2971,CCC(CC)n1cc(-c2nc(-c3cnn(C[C@H](O)CO)c3)cn3nccc23)cn1,6.76,0.7071067811865476,2
CHEMBL2971,CCC(CC)n1cc(-c2nc(-c3cnn(C[C@H](O)COC)c3)cn3nccc23)cn1,6.26,1.4142135623730951,2
CHEMBL2971,CCC(CC)n1cc(-c2nc(-c3cnn(C[C@H](O)[C@H](C)O)c3)cn3nccc23)cn1,7.26,0.0,1
CHEMBL2971,CCC(CC)n1cc(-c2nc(-c3cnn(C[C@H]4CCC(=O)N4)c3)cn3nccc23)cn1,7.26,0.0,1
CHEMBL2971,CCC(CC)n1cc(-c2nc(-c3cnn(C[C@H]4CCCN4)c3)cn3nccc23)cn1,7.26,0.0,1
CHEMBL2971,CCC(CC)n1cc(-c2nc(-c3cnn(C[C@H]4CNCCO4)c3)cn3nccc23)cn1,6.76,0.7071067811865476,2
CHEMBL2971,CCC(CC)n1cc(-c2nc(-c3cnn(C[C@H]4COCCN4)c3)cn3nccc23)cn1,7.26,0.0,1
CHEMBL2971,CCC(CC)n1cc(-c2nc(-c3cnn(C[C@H]4C[C@@H](CO)C4)c3)cn3nccc23)cn1,7.26,0.0,1
CHEMBL2971,CCC(CC)n1cc(-c2nc(-c3cnn(C[C@H]4C[C@@H](O)C4)c3)cn3nccc23)cn1,7.26,0.0,1
CHEMBL2971,CCC(CC)n1cc(-c2nc(-c3cnn(C[C@](C)(O)CO)c3)cn3nccc23)cn1,6.76,0.7071067811865476,2
CHEMBL2971,CCC(CC)n1cc(-c2nc(-c3cnn([C@@H](C)CO)c3)cn3nccc23)cn1,6.76,0.7071067811865476,2
CHEMBL2971,CCC(CC)n1cc(-c2nc(-c3cnn([C@@H](C)[C@@H](C)O)c3)cn3nccc23)cn1,7.26,0.0,1
CHEMBL2971,CCC(CC)n1cc(-c2nc(-c3cnn([C@@H](C)[C@@H](O)CO)c3)cn3nccc23)cn1,7.26,0.0,1
CHEMBL2971,CCC(CC)n1cc(-c2nc(-c3cnn([C@@H](C)[C@H](C)O)c3)cn3nccc23)cn1,7.26,0.0,1
CHEMBL2971,CCC(CC)n1cc(-c2nc(-c3cnn([C@@H](C)[C@H](O)CO)c3)cn3nccc23)cn1,7.26,0.0,1
CHEMBL2971,CCC(CC)n1cc(-c2nc(-c3cnn([C@@H]4CCCNC4)c3)cn3nccc23)cn1,7.26,0.0,1
CHEMBL2971,CCC(CC)n1cc(-c2nc(-c3cnn([C@@H]4CCC[C@@H]4O)c3)cn3nccc23)cn1,6.76,0.7071067811865476,2
CHEMBL2971,CCC(CC)n1cc(-c2nc(-c3cnn([C@@H]4CCC[C@H]4O)c3)cn3nccc23)cn1,7.26,0.0,1
CHEMBL2971,CCC(CC)n1cc(-c2nc(-c3cnn([C@@H]4COC[C@H]4O)c3)cn3nccc23)cn1,7.26,0.0,1
CHEMBL2971,CCC(CC)n1cc(-c2nc(-c3cnn([C@@H]4OCC[C@H]4O)c3)cn3nccc23)cn1,7.26,0.0,1
CHEMBL2971,CCC(CC)n1cc(-c2nc(-c3cnn([C@H](C)[C@@H](C)O)c3)cn3nccc23)cn1,7.26,0.0,1
CHEMBL2971,CCC(CC)n1cc(-c2nc(-c3cnn([C@H](C)[C@@H](O)CO)c3)cn3nccc23)cn1,6.76,0.7071067811865476,2
CHEMBL2971,CCC(CC)n1cc(-c2nc(-c3cnn([C@H](C)[C@H](C)O)c3)cn3nccc23)cn1,7.26,0.0,1
CHEMBL2971,CCC(CC)n1cc(-c2nc(-c3cnn([C@H](C)[C@H](O)CO)c3)cn3nccc23)cn1,7.26,0.0,1
CHEMBL2971,CCC(CC)n1cc(-c2nc(-c3cnn([C@H]4CCC[C@@H]4O)c3)cn3nccc23)cn1,7.26,0.0,1
CHEMBL2971,CCC(CC)n1cc(-c2nc(-c3cnn([C@H]4CCC[C@H]4O)c3)cn3nccc23)cn1,6.76,0.7071067811865476,2
CHEMBL2971,CCC(CC)n1cc(-c2nc(-c3cnn([C@H]4CC[C@@H](O)CC4)c3)cn3nccc23)cn1,7.26,0.0,1
CHEMBL2971,CCC(CC)n1cc(-c2nc(-c3cnn([C@H]4COC[C@@H]4O)c3)cn3nccc23)cn1,7.26,0.0,1
CHEMBL2971,CCC(CC)n1cc(-c2nc(-c3cnn([C@H]4C[C@@H](O)[C@@H](O)C4)c3)cn3nccc23)cn1,7.26,0.0,1
CHEMBL2971,CCC(CC)n1cc(-c2nc(-c3cnn([C@H]4C[C@@](C)(O)C4)c3)cn3nccc23)cn1,7.26,0.0,1
CHEMBL2971,CCC(CC)n1cc(-c2nc(-c3cnn([C@H]4C[C@H](C(=O)NCCO)C4)c3)cn3nccc23)cn1,7.26,0.0,1
CHEMBL2971,CCC(CC)n1cc(-c2nc(-c3cnn([C@H]4C[C@H](C(N)=O)C4)c3)cn3nccc23)cn1,7.26,0.0,1
CHEMBL2971,CCC(CC)n1cc(-c2nc(-c3cnn([C@H]4C[C@H](CO)C4)c3)cn3nccc23)cn1,7.26,0.0,1
CHEMBL2971,CCC(CC)n1cc(-c2nc(-c3cnn([C@H]4C[C@H](O)C4)c3)cn3nccc23)cn1,7.26,0.0,1
CHEMBL2971,CCC(CC)n1cc(-c2nc(-c3cnn([C@H]4C[C@](O)(CO)C4)c3)cn3nccc23)cn1,6.26,0.0,1
CHEMBL2971,CCC(CC)n1cc(-c2nc(-c3cnn([C@H]4OCC[C@@H]4O)c3)cn3nccc23)cn1,7.26,0.0,1
CHEMBL2971,CCC(CC1CC1)n1cc(-c2cnn3cc(-c4cnn(C[C@@H](O)CO)c4)ncc23)cn1,6.26,0.0,1
CHEMBL2971,CCC(CC1CC1)n1cc(-c2nc(-c3cnn(C[C@@H](O)CO)c3)cn3nccc23)cn1,6.26,0.0,1
CHEMBL2971,CCC(CCO)n1cc(-c2nc(-c3cnn(C)c3)cn3nccc23)cn1,5.26,0.0,1
CHEMBL2971,CCC(CO)n1cc(-c2nc(-c3cnn(C)c3)cn3nccc23)cn1,5.26,0.0,1
CHEMBL2971,CCC(F)(F)C(=O)N1CCC(CC#N)(n2cc(C(N)=O)c(Nc3ccnc(F)c3)n2)CC1,8.52,0.0,1
CHEMBL2971,CCC(Nc1ncc(C(N)=O)c2[nH]c3cc(-c4cnn(C)c4)ccc3c12)C1CC1,8.7,0.0,1
CHEMBL2971,CCC(O)(c1ccc(Nc2nn([C@@H](CC#N)C3CC3)c3cc[nH]c(=O)c23)cc1)C(F)(F)F,6.359999999999999,0.5515432893255076,2
CHEMBL2971,CCC([C@@H]1CC1(F)F)n1cc(-c2nc(-c3cnn(C[C@@H](O)CO)c3)cn3nccc23)cn1,6.76,0.7071067811865476,2
CHEMBL2971,CCC(c1ccccc1)n1cc(-c2nc(-c3cnn(C[C@@H](O)CO)c3)cn3nccc23)cn1,7.26,0.0,1
CHEMBL2971,CCC(n1cc(-c2nc(-c3cnn(C[C@@H](O)CO)c3)cn3nccc23)cn1)C(C)(F)F,6.76,0.7071067811865476,2
CHEMBL2971,CCC(n1cc(-c2nc(-c3cnn(C[C@@H](O)CO)c3)cn3nccc23)cn1)C(F)(F)F,6.26,0.0,1
CHEMBL2971,CCC1(C(N)=O)CCN(S(=O)(=O)C[C@H]2CC[C@H](N(C)c3ncnc4[nH]ccc34)CC2)CC1,7.21,0.0,1
CHEMBL2971,CCC1(NC(=O)OCc2ccccc2)CCCN(S(=O)(=O)CC2CCC(N(C)c3ncnc4[nH]ccc34)CC2)C1,7.14,0.0,1
CHEMBL2971,CCC1(S(=O)(=O)Nc2cc(-n3ccc4cnc(Nc5ccc(N6CCC(N(C)C)CC6)c(F)c5)nc43)ccc2F)CC1,7.62,0.0,1
CHEMBL2971,CCC1(S(=O)(=O)Nc2cc(-n3ccc4cnc(Nc5ccc(N6CCN(C)CC6)c(F)c5)nc43)ccc2F)CC1,6.99,0.0,1
CHEMBL2971,CCC1(S(=O)(=O)Nc2cccc(-n3ccc4cnc(Nc5ccc(N6CCC(N(C)C)CC6)c(F)c5)nc43)c2)CC1,8.3,0.0,1
CHEMBL2971,CCC1(S(=O)(=O)Nc2cccc(-n3ccc4cnc(Nc5ccc(N6CCC(N(C)C)CC6)cc5)nc43)c2)CC1,8.33,0.0,1
CHEMBL2971,CCC1(n2cc(-c3nc(-c4cnn(C)c4)cn4nccc34)cn2)CN(S(=O)(=O)C(F)(F)F)C1,5.26,0.0,1
CHEMBL2971,CCC1CN(S(=O)(=O)C[C@H]2C[C@@H](N(C)c3ncnc4[nH]ccc34)C2)CCO1,5.63,0.0,1
CHEMBL2971,CCC1COCCN1C(=O)c1ccc(Nc2nn([C@@H](CC#N)C3CC3)c3cc[nH]c(=O)c23)cc1C,6.585,0.021213203435595972,2
CHEMBL2971,CCCC(=O)N(C)[C@@H]1CCN(c2ncnc3[nH]ccc23)C1,9.26,0.0,1
CHEMBL2971,CCCC(=O)N1CCC(Nc2c(-c3cn[nH]c3)cnc3[nH]ccc23)CC1,8.42,0.0,1
CHEMBL2971,CCCC(=O)N1CC[C@@H](Nc2ncccc2-c2cnc3[nH]ccc3n2)C1,9.92,0.0,1
CHEMBL2971,CCCC(C)N(C)S(=O)(=O)C[C@H]1C[C@@H](N(C)c2ncnc3[nH]ccc23)C1,5.48,0.0,1
CHEMBL2971,CCCCC(=O)N1CCC(CC#N)(n2cc(C(N)=O)c(Nc3ccccc3)n2)CC1,7.16,0.0,1
CHEMBL2971,CCCCCNc1nc(Nc2cnn(CC)c2)ncc1C(N)=O,8.26,0.0,1
CHEMBL2971,CCCCN(C)C1CCN(c2ccc(Nc3ncc(C)c(-c4cnn(C(C)C)c4)n3)cc2F)CC1,8.7,0.0,1
CHEMBL2971,CCCCN(C)S(=O)(=O)C[C@H]1C[C@@H](N(C)c2ncnc3[nH]ccc23)C1,6.05,0.0,1
CHEMBL2971,CCCCN(CCCN1CCOCC1)C(=O)c1ccc(-c2cccc3nc(NC(=O)C4CC4)nn23)cc1,6.12,0.0,1
CHEMBL2971,CCCCN(c1ccccc1CN(C)c1nc(-c2cc(F)c(O)cc2CC)cc2[nH]ncc12)S(C)(=O)=O,7.37,0.0,1
CHEMBL2971,CCCCN(c1ccccc1CNc1nc(-c2cc(F)c(O)cc2CC)cc(N)c1C=N)S(C)(=O)=O,7.78,0.0,1
CHEMBL2971,CCCCN(c1ccccc1CNc1nc(-c2cc(F)c(O)cc2CC)cc2[nH]ncc12)S(C)(=O)=O,7.78,0.0,1
CHEMBL2971,CCCCN1CC[C@@H](N(C)c2ncnc3[nH]ccc23)C1,4.57,0.0,1
CHEMBL2971,CCCCN1C[C@H](N(C)c2ncnc3[nH]ccc23)C2(CC2)C1,4.82,0.0,1
CHEMBL2971,CCCCNC(=O)N1CC(CC#N)(n2cc(C(N)=O)c(Nc3ccc(S(C)(=O)=O)cc3)n2)C1,6.49,0.0,1
CHEMBL2971,CCCCNC(=O)N1CC(CC#N)(n2cc(C(N)=O)c(Nc3ccccc3)n2)C1,6.67,0.0,1
CHEMBL2971,CCCCNC(=O)N1C[C@H](N(C)c2ncnc3[nH]ccc23)C2(CC2)C1,5.55,0.0,1
CHEMBL2971,CCCCNS(=O)(=O)C[C@H]1C[C@@H](N(C)c2ncnc3[nH]ccc23)C1,6.15,0.0,1
CHEMBL2971,CCCCNc1nc(-c2cc(F)c(O)cc2CC(F)(F)F)nc(N)c1C=N,6.52,0.0,1
CHEMBL2971,CCCCNc1nc(-c2cc(F)c(O)cc2CC(F)(F)F)nc2[nH]ncc12,6.52,0.0,1
CHEMBL2971,CCCCNc1ncc(C(N)=O)c2[nH]c3ccc(F)cc3c12,7.31,0.0,1
CHEMBL2971,CCCCS(=O)(=O)C[C@H]1C[C@@H](N(C)c2ncnc3[nH]ccc23)C1,6.025,0.898025612106916,2
CHEMBL2971,CCCCS(=O)(=O)N[C@H]1C[C@@H](N(C)c2ncnc3[nH]ccc23)C1,5.445,0.9263098833543773,2
CHEMBL2971,CCCCc1cncc2ccc(NC(=O)[C@@H]3CC3c3ccc(S(=O)(=O)Nc4ccccn4)cc3)cc12,8.7,0.0,1
CHEMBL2971,CCCN(CC(F)(F)F)C(=O)C1CCCN(c2cc(-c3c(N)nn4cccnc34)ncn2)C1,8.51,0.0,1
CHEMBL2971,CCCN(CC)C(=O)C1CCCN(c2cc(-c3c(N)nn4cccnc34)ncn2)C1,8.44,0.0,1
CHEMBL2971,CCCN(CC)C(=O)C1CCN(c2cc(-c3c(N)nn4cccnc34)ncn2)C1,6.8,0.0,1
CHEMBL2971,CCCN(CCC)C(=O)C1CCCN(c2cc(-c3c(N)nn4cccnc34)ncn2)C1,8.33,0.0,1
CHEMBL2971,CCCN(CCC)c1cc(-c2c(N)nn3cccnc23)ncn1,7.6,0.0,1
CHEMBL2971,CCCN(Cc1cc(C)ccc1N(C)S(C)(=O)=O)c1nc(-c2cc(F)c(O)cc2CC)cc2[nH]ncc12,7.15,0.0,1
CHEMBL2971,CCCN(c1ccc(C#N)cn1)[C@@H]1CCN(c2ncnc3[nH]ccc23)C1,10.26,0.0,1
CHEMBL2971,CCCN(c1ccccc1CNc1nc(-c2cc(F)c(O)cc2CC)cc2[nH]ncc12)S(C)(=O)=O,9.52,0.0,1
CHEMBL2971,CCCNC(=O)N1CC(CC#N)(n2cc(C(N)=O)c(Nc3ccccc3)n2)C1,6.97,0.0,1
CHEMBL2971,CCCNC(=O)c1cc(Nc2ncc(F)c(N3C[C@H]4CC[C@@H](C3)N4C(=O)C3CC3)n2)[nH]n1,5.33,0.0,1
CHEMBL2971,CCCNC(=O)c1ccc(Nc2nc(NCC(F)(F)F)c3cc[nH]c3n2)cc1,7.24,0.0,1
CHEMBL2971,CCCNS(=O)(=O)C[C@H]1C[C@@H](N(C)c2ncnc3[nH]ccc23)C1,6.49,0.0,1
CHEMBL2971,CCCNS(=O)(=O)N[C@H]1C[C@@H](N(C)c2ncnc3[nH]ccc23)C1,6.05,0.0,1
CHEMBL2971,CCCNc1nc(Nc2cnn(CCCCCCC(=O)NO)c2)ncc1Cl,7.52,0.0,1
CHEMBL2971,CCCNc1ncc(C(N)=O)c2[nH]c3ccc(F)cc3c12,7.17,0.0,1
CHEMBL2971,CCCOC(=O)c1c[nH]c2ncnc(-c3ccc4cn(C)nc4c3)c12,6.82,0.0,1
CHEMBL2971,CCCOc1ccc(Cl)cc1-c1cccn2nc(Nc3ccc4c(c3)CCN(CC(=O)N(C)C)CC4)nc12,6.44,0.0,1
CHEMBL2971,CCCOc1ccc(Cl)cc1-c1cccn2nc(Nc3ccc4c(c3)CCNCC4)nc12,6.08,0.0,1
CHEMBL2971,CCCOc1cccc(-c2cc(C(N)=O)c3[nH]c4ccc(C(=O)N5CCOCC5)cc4c3c2)c1,8.1,0.0,1
CHEMBL2971,CCCS(=O)(=O)CC1CCCN(S(=O)(=O)C[C@H]2CC[C@H](N(C)c3ncnc4[nH]ccc34)CC2)C1,7.26,0.0,1
CHEMBL2971,CCCS(=O)(=O)C[C@H]1C[C@@H](N(C)c2ncnc3[nH]ccc23)C1,6.26,0.0,1
CHEMBL2971,CCCS(=O)(=O)C[C@H]1C[C@H](N(C)c2ncnc3[nH]ccc23)C1,6.02,0.0,1
CHEMBL2971,CCCS(=O)(=O)N1CC(CC#N)(n2cc(-c3c(C#N)cnc4[nH]ccc34)cn2)C1,8.65,0.0,1
CHEMBL2971,CCCS(=O)(=O)N1CC(CC#N)(n2cc(-c3ccnc4[nH]ccc34)cn2)C1,9.05,0.0,1
CHEMBL2971,CCCS(=O)(=O)N1CC(CC#N)(n2ccc(-c3nc(-c4cnn(C)c4)cc4ncccc34)n2)C1,6.05,0.0,1
CHEMBL2971,CCCS(=O)(=O)N1CCC[C@H](NC(=O)Nc2cnc3[nH]ccc3n2)C1,7.11,0.0,1
CHEMBL2971,CCCS(=O)(=O)N1CCC[C@H](Nc2ncccc2-c2cnc3[nH]ncc3n2)C1,9.08,0.0,1
CHEMBL2971,CCCS(=O)(=O)N1CCC[C@H](Nc2ncccc2-c2cnc3cc[nH]c3n2)C1,9.51,0.0,1
CHEMBL2971,CCCS(=O)(=O)N1CCC[C@H](Nc2ncccc2-c2cnc3ccn(C)c3n2)C1,9.0,0.0,1
CHEMBL2971,CCCS(=O)(=O)N1CCC[C@H](Nc2ncccc2-c2cnc3nc[nH]c3n2)C1,9.0,0.0,1
CHEMBL2971,CCCS(=O)(=O)N1CC[C@@H](N(C)c2ncnc3[nH]ccc23)C1,6.34,0.0,1
CHEMBL2971,CCCS(=O)(=O)N1CC[C@@H](Nc2ncccc2-c2cnc3[nH]ccc3n2)C1,9.46,0.0,1
CHEMBL2971,CCCS(=O)(=O)N1CCc2cc(Nc3ncc(C)c(-c4cnn(C(C)C)c4)n3)ccc21,8.64,0.0,1
CHEMBL2971,CCCS(=O)(=O)N1C[C@@H](C)C[C@H](Nc2ncccc2-c2cnc3[nH]ccc3n2)C1,10.17,0.0,1
CHEMBL2971,CCCS(=O)(=O)N1C[C@H](N(C)c2ncnc3[nH]ccc23)C2(CC2)C1,7.44,0.0,1
CHEMBL2971,CCCS(=O)(=O)N[C@H]1CCC(N(C)c2ncnc3[nH]ccc23)C1,6.24,0.0,1
CHEMBL2971,CCCS(=O)(=O)N[C@H]1CC[C@@H](N(C)c2ncnc3[nH]ccc23)C1,6.24,0.0,1
CHEMBL2971,CCCS(=O)(=O)N[C@H]1C[C@@H](N(C)c2ncnc3[nH]ccc23)C1,6.2625,0.9469380479559721,4
CHEMBL2971,CCC[C@@H](C)n1cc(-c2nc(-c3cnn(C(CO)CO)c3)cn3nccc23)cn1,7.26,0.0,1
CHEMBL2971,CCC[C@@H](C)n1cc(-c2nc(-c3cnn(C[C@@H](O)CO)c3)cn3nccc23)cn1,6.76,0.7071067811865476,2
CHEMBL2971,CCC[C@@H](C)n1cc(-c2nc(-c3cnn(C[C@H](O)CO)c3)cn3nccc23)cn1,6.26,0.0,1
CHEMBL2971,CCC[C@@H](Nc1cc(-c2c(N)nn3cccnc23)ncn1)c1ccc(F)cc1,9.3,0.0,1
CHEMBL2971,CCC[C@H](C)n1cc(-c2nc(-c3cnn(C(CO)CO)c3)cn3nccc23)cn1,7.26,0.0,1
CHEMBL2971,CCC[C@H](C)n1cc(-c2nc(-c3cnn(C[C@@H](O)CO)c3)cn3nccc23)cn1,6.76,0.7071067811865476,2
CHEMBL2971,CCC[C@H](C)n1cc(-c2nc(-c3cnn(C[C@H](O)CO)c3)cn3nccc23)cn1,6.76,0.7071067811865476,2
CHEMBL2971,CCCc1ccc(CN2CCC(CC#N)(n3cc(C(N)=O)c(Nc4ccccc4)n3)CC2)cc1,6.05,0.0,1
CHEMBL2971,CCCc1ccc(S(=O)(=O)Nc2ccc(-c3cccc4nc(NC(=O)C5CC5)nn34)cc2)cc1,6.52,0.0,1
CHEMBL2971,CCCc1cncc2ccc(NC(=O)[C@@H]3CC3c3ccc(S(=O)(=O)NC[C@@H]4CCCNC4)cc3)cc12,6.6,0.0,1
CHEMBL2971,CCCc1cncc2ccc(NC(=O)[C@@H]3CC3c3ccc(S(=O)(=O)Nc4ccccn4)cc3)cc12,8.85,0.21213203435596475,2
CHEMBL2971,CCCc1cncc2ccc(NC(=O)[C@@H]3CC3c3ccc(S(=O)(=O)Nc4ncccn4)cc3)cc12,9.0,0.0,1
CHEMBL2971,CCCn1cc(-c2nc(Nc3ccc(NC(=O)CCCCCCC(=O)NO)cc3)nc3[nH]ccc23)cn1,9.82,0.0,1
CHEMBL2971,CCCn1cc(-c2nc(Nc3ccc4c(c3)CCN4S(=O)(=O)c3ccc(C(F)(F)F)cc3)ncc2C)cn1,6.97,0.0,1
CHEMBL2971,CCCn1cc(Nc2ncc(C(N)=O)c(Nc3c(C)cccc3Cl)n2)cn1,9.02,0.0,1
CHEMBL2971,CCCn1cc(Nc2ncc(C(N)=O)c(Nc3ccccc3CC)n2)cn1,8.77,0.0,1
CHEMBL2971,CCN(C(=O)c1cc2c3c(ncn3C)c(NC)nc2n1C[C@H](O)CO)C(C)C,7.37,0.0,1
CHEMBL2971,CCN(C(C)(C)C)S(=O)(=O)c1ccc(Nc2nn(C3(CC#N)CCCC3)c3cc[nH]c(=O)c23)cc1,8.81,0.0,1
CHEMBL2971,CCN(C(C)(C)C)S(=O)(=O)c1ccc(Nc2nn([C@H]3COCC[C@@H]3C#N)c3cc[nH]c(=O)c23)cc1,7.1,0.0,1
CHEMBL2971,CCN(C)C(=O)c1ccc(Nc2nn([C@@H](CC#N)C3CC3)c3cc[nH]c(=O)c23)cc1C,6.06,0.0,1
CHEMBL2971,CCN(C)C1CN(C[C@H]2CC[C@H](c3nnn4cnc5[nH]ccc5c34)CC2)C1,6.32,0.0,1
CHEMBL2971,CCN(C)S(=O)(=O)C[C@H]1C[C@@H](N(C)c2ncnc3[nH]ccc23)C1,6.29,0.0,1
CHEMBL2971,CCN(C)S(=O)(=O)N[C@H]1C[C@@H](N(C)c2ncnc3[nH]ccc23)C1,5.67,0.5656854249492386,2
CHEMBL2971,CCN(C)S(=O)(=O)c1ccc(Nc2nn([C@@H](CC#N)C3CC3)c3cc[nH]c(=O)c23)cc1,6.19,0.0,1
CHEMBL2971,CCN(C)S(=O)(=O)c1ccc(Nc2nn([C@]3(CC#N)CC[C@@H](C(=O)OC(C)(C)C)OC3)c3cc[nH]c(=O)c23)cc1,9.89,0.0,1
CHEMBL2971,CCN(CC(F)(F)F)C(=O)C1CCCN(c2cc(-c3c(N)nn4cccnc34)ncn2)C1,8.4,0.0,1
CHEMBL2971,CCN(CC(F)(F)F)C(=O)c1ccc(Nc2nn([C@@H](CC#N)C3CC3)c3cc[nH]c(=O)c23)cc1C,6.09,0.0,1
CHEMBL2971,CCN(CC(F)(F)F)C(=O)c1ccc(Nc2nn([C@]3(CC#N)CC[C@@H](C(=O)OC(C)(C)C)OC3)c3cc[nH]c(=O)c23)cc1C,9.29,0.0,1
CHEMBL2971,CCN(CC)C(=O)C1CCCN(c2cc(-c3c(N)nn4cc(C)cnc34)ncn2)C1,6.58,0.0,1
CHEMBL2971,CCN(CC)C(=O)C1CCN(S(=O)(=O)C[C@H]2CC[C@H](N(C)c3ncnc4[nH]ccc34)CC2)CC1,6.94,0.0,1
CHEMBL2971,CCN(CC)C(=O)CO[C@@H]1CCN(S(=O)(=O)C[C@H]2CC[C@H](N(C)c3ncnc4[nH]ccc34)CC2)C1,7.45,0.0,1
CHEMBL2971,CCN(CC)CCC(=O)Nc1cc2cc(c1)Nc1nccc(n1)-c1cccc(c1)COCC=CCOC2,7.36,0.0,1
CHEMBL2971,CCN(CC)CCCOc1ccc(Nc2nccc(-c3ccc(C(=O)NCC#N)cc3)n2)cc1,6.78,0.0,1
CHEMBL2971,CCN(CC)CCOc1ccc(Nc2nc(N3CCC(CC#N)CC3)nc(C=N)c2C(N)=O)cc1,7.52,0.0,1
CHEMBL2971,CCN(CC)CCOc1ccc2cc1CN(C)C/C=C/CCOc1cccc(c1)-c1ccnc(n1)N2,7.32,0.0,1
CHEMBL2971,CCN(CC)CCOc1ccc2cc1COCC=CCOCc1cccc(c1)-c1ccnc(n1)N2,7.62,0.0,1
CHEMBL2971,CCN(CC)S(=O)(=O)c1ccc(Nc2nn(C3(CC#N)CCCC3)c3cc[nH]c(=O)c23)cc1,9.0,0.0,1
CHEMBL2971,CCN(CC)S(=O)(=O)c1ccc(Nc2nn([C@@H](CC#N)C3CC3)c3cc[nH]c(=O)c23)cc1,6.52,0.0,1
CHEMBL2971,CCN(CCC(F)(F)F)C(=O)C1CCCN(c2cc(-c3c(N)nn4cccnc34)ncn2)C1,8.34,0.0,1
CHEMBL2971,CCN(Cc1ccccc1)c1cc(-c2c(N)nn3cccnc23)ncn1,7.47,0.0,1
CHEMBL2971,CCN(Cc1ccncc1)c1cc(-c2c(N)nn3cccnc23)ncn1,6.25,0.0,1
CHEMBL2971,CCN(c1ccc(C#N)cn1)[C@@H]1CCN(c2ncnc3[nH]ccc23)C1,10.26,0.0,1
CHEMBL2971,CCN(c1ccc(C)cc1CNc1nc(-c2cc(F)c(O)cc2CC(F)(F)F)cc(N)c1C(=N)C(N)=O)S(C)(=O)=O,6.89,0.0,1
CHEMBL2971,CCN(c1ccc(C)cc1CNc1nc(-c2cc(F)c(O)cc2CC(F)(F)F)cc2[nH]nc(C(N)=O)c12)S(C)(=O)=O,6.89,0.0,1
CHEMBL2971,CCN(c1ccc(Cl)cc1CNc1nc(-c2cc(F)c(O)cc2CC(F)(F)F)cc2[nH]nc(C(N)=O)c12)S(C)(=O)=O,6.85,0.0,1
CHEMBL2971,CCN(c1ccc(F)cc1CNc1nc(-c2cc(F)c(O)cc2CC(F)(F)F)cc2[nH]nc(C(N)=O)c12)S(C)(=O)=O,7.2,0.0,1
CHEMBL2971,CCN(c1ccc(O)cc1CNc1nc(-c2cc(F)c(O)cc2CC(F)(F)F)cc2[nH]nc(C(=O)NC)c12)S(=O)(=O)c1ccccc1,6.4,0.0,1
CHEMBL2971,CCN(c1ccc(O)cc1CNc1nc(-c2cc(F)c(O)cc2CC(F)(F)F)cc2[nH]nc(C(=O)NC)c12)S(C)(=O)=O,7.56,0.0,1
CHEMBL2971,CCN(c1ccc(O)cc1CNc1nc(-c2cc(F)c(O)cc2CC(F)(F)F)cc2[nH]nc(C(N)=O)c12)S(=O)(=O)c1ccccc1,6.52,0.0,1
CHEMBL2971,CCN(c1ccc(O)cc1CNc1nc(-c2cc(F)c(O)cc2CC(F)(F)F)nc2[nH]nc(C(=O)NC)c12)S(=O)(=O)c1ccccc1,6.49,0.0,1
CHEMBL2971,CCN(c1ccc(O)cc1CNc1nc(-c2cc(F)c(O)cc2CC(F)(F)F)nc2[nH]nc(C(N)=O)c12)S(=O)(=O)c1ccccc1,6.69,0.0,1
CHEMBL2971,CCN(c1ccccc1CNc1nc(-c2cc(F)c(O)cc2CC(F)(F)F)cc(N)c1C(=N)C(N)=O)S(=O)(=O)CC,7.08,0.0,1
CHEMBL2971,CCN(c1ccccc1CNc1nc(-c2cc(F)c(O)cc2CC(F)(F)F)cc2[nH]nc(C(=O)NC)c12)S(=O)(=O)CC,7.42,0.0,1
CHEMBL2971,CCN(c1ccccc1CNc1nc(-c2cc(F)c(O)cc2CC(F)(F)F)cc2[nH]nc(C(=O)NC)c12)S(C)(=O)=O,7.5,0.0,1
CHEMBL2971,CCN(c1ccccc1CNc1nc(-c2cc(F)c(O)cc2CC(F)(F)F)cc2[nH]nc(C(N)=O)c12)S(=O)(=O)CC,7.08,0.0,1
CHEMBL2971,CCN(c1ccccc1CNc1nc(-c2cc(F)c(O)cc2CC(F)(F)F)cc2[nH]nc(C(N)=O)c12)S(C)(=O)=O,7.74,0.0,1
CHEMBL2971,CCN(c1ccccc1CNc1nc(-c2cc(F)c(O)cc2CC(F)(F)F)nc2[nH]nc(C(=O)NC)c12)S(C)(=O)=O,7.51,0.0,1
CHEMBL2971,CCN(c1ncc(C(N)=O)c2[nH]c3ccc(F)cc3c12)C1CCCCC1,5.57,0.0,1
CHEMBL2971,CCN(c1ncc(C)cc1CNc1nc(-c2cc(F)c(O)cc2CC(F)(F)F)cc(N)c1C(=N)C(N)=O)S(C)(=O)=O,7.06,0.0,1
CHEMBL2971,CCN(c1ncc(C)cc1CNc1nc(-c2cc(F)c(O)cc2CC(F)(F)F)cc2[nH]nc(C(N)=O)c12)S(C)(=O)=O,7.06,0.0,1
CHEMBL2971,CCN(c1ncc(Cl)cc1CNc1nc(-c2cc(F)c(O)cc2CC(F)(F)F)cc2[nH]nc(C(N)=O)c12)S(C)(=O)=O,6.81,0.0,1
CHEMBL2971,CCN(c1ncc(F)cc1CNc1nc(-c2cc(F)c(O)cc2CC(F)(F)F)cc2[nH]nc(C(N)=O)c12)S(C)(=O)=O,7.23,0.0,1
CHEMBL2971,CCN(c1ncccc1CNc1nc(-c2cc(F)c(O)cc2CC(F)(F)F)cc2[nH]nc(C(=O)NC)c12)S(C)(=O)=O,7.65,0.0,1
CHEMBL2971,CCN(c1ncccc1CNc1nc(-c2cc(F)c(O)cc2CC(F)(F)F)cc2[nH]nc(C(N)=O)c12)S(C)(=O)=O,7.82,0.0,1
CHEMBL2971,CCN(c1nccnc1CNc1nc(-c2cc(F)c(O)cc2CC(F)(F)F)cc2[nH]nc(C(=O)NC)c12)S(C)(=O)=O,7.72,0.0,1
CHEMBL2971,CCN(c1nccnc1CNc1nc(-c2cc(F)c(O)cc2CC(F)(F)F)cc2[nH]nc(C(N)=O)c12)S(C)(=O)=O,7.79,0.0,1
CHEMBL2971,CCN(c1ncnc2[nH]ccc12)[C@@H]1CCN(C(=O)CC#N)C1,5.89,0.0,1
CHEMBL2971,CCN(c1ncnc2[nH]ccc12)[C@@H]1CCN(S(=O)(=O)c2cccc(C#N)c2)C1,6.96,0.0,1
CHEMBL2971,CCN1C(=O)c2ccccc2-c2n[nH]c3ccnc1c23,5.72,0.0,1
CHEMBL2971,CCN1CC(CC#N)(n2cc(-c3nc(-c4cc(CO)[nH]n4)cn4nccc34)cn2)C1,6.31,0.0,1
CHEMBL2971,CCN1CC(CC#N)(n2ccc(-c3nc(-c4c[nH]nc4N)cc4ncccc34)n2)C1,6.03,0.0,1
CHEMBL2971,CCN1CC(CC#N)(n2ccc(-c3nc(-c4cc(CO)[nH]n4)cc4ncccc34)n2)C1,5.71,0.0,1
CHEMBL2971,CCN1CC(CC#N)(n2ccc(-c3nc(-c4cc(N)n(C)n4)cc4ncccc34)n2)C1,5.23,0.0,1
CHEMBL2971,CCN1CC(CC#N)(n2ccc(-c3nc(-c4ccc(O)nc4)cc4ncccc34)n2)C1,5.39,0.0,1
CHEMBL2971,CCN1CC(CC#N)(n2ccc(-c3nc(C4=CCOCC4)cc4ncccc34)n2)C1,5.02,0.0,1
CHEMBL2971,CCN1CCC[C@@H]1C(=O)Nc1ccc(-c2ccnc(Nc3ccc(N4CCOCC4)cc3)n2)cc1,8.04,0.0,1
CHEMBL2971,CCN1CCN(C(=O)COc2ccc(Nc3nc(N4CCC(CC#N)CC4)nc4cn[nH]c(=O)c34)cc2)CC1,7.52,0.0,1
CHEMBL2971,CCN1CCN(C(=O)COc2ccc(Nc3nc(N4CCCCCC4)nc4cn[nH]c(=O)c34)cc2)CC1,7.52,0.0,1
CHEMBL2971,CCN1CCN(CCOc2ccc(Nc3nc(N4CCCCCC4)nc4cn[nH]c(=O)c34)cc2)CC1,7.52,0.0,1
CHEMBL2971,CCN1CCN(CCc2ccc(Nc3nc(N4CCCCCC4)nc(C=N)c3C(N)=O)cc2)CC1,7.52,0.0,1
CHEMBL2971,CCN1CCN(C[C@H]2CCN(S(=O)(=O)C[C@H]3CC[C@H](N(C)c4ncnc5[nH]ccc45)CC3)C2)C(=O)C1=O,7.04,0.0,1
CHEMBL2971,CCN1CCN(Cc2ccc(Nc3nc(-c4ccccc4)nc4cn[nH]c(=O)c34)cc2)CC1,7.52,0.0,1
CHEMBL2971,CCN1CCN(Cc2ccc(Nc3nccc(-c4ccc(C(=O)NCC#N)cc4)n3)cc2)CC1,7.33,0.0,1
CHEMBL2971,CCN1CCN(c2ccc(Nc3nc(-c4ccccc4)nc4cn[nH]c(=O)c34)cc2)CC1,7.52,0.0,1
CHEMBL2971,CCN1CCN(c2ccc(Nc3nc(-c4ccsc4)nc4cn[nH]c(=O)c34)cc2)CC1,7.12,0.0,1
CHEMBL2971,CCN1CCN(c2ccc(Nc3nc(N4CCC(CC#N)CC4)nc(C=N)c3C(N)=O)cc2)CC1,7.52,0.0,1
CHEMBL2971,CCN1CCN(c2ccc(Nc3nc(N4CCC(CC#N)CC4)nc4cn[nH]c(=O)c34)cn2)CC1,7.52,0.0,1
CHEMBL2971,CCN1CCN(c2ccc(Nc3nc(N4CCOCC4)nc4cn[nH]c(=O)c34)cc2)CC1,7.12,0.0,1
CHEMBL2971,CCN1CCN(c2cccc(Nc3nc4c(-c5ccc(P(C)(C)=O)cc5)cccn4n3)c2)C(=O)C1,7.88,0.0,1
CHEMBL2971,CCN1CCN(c2cccc(Nc3nc4c(-c5ccc(S(C)(=O)=O)cc5)cccn4n3)c2)C(=O)C1,8.73,0.0,1
CHEMBL2971,CCN1CCN(c2ncc(-c3cnc4[nH]ccc4n3)c(N[C@H]3CCCN(S(C)(=O)=O)C3)n2)CC1,9.67,0.0,1
CHEMBL2971,CCN1CCP(=O)(c2ccc(Nc3nc4c(-c5ccc(S(C)(=O)=O)cc5)cccn4n3)cc2)CC1,8.79,0.0,1
CHEMBL2971,CCN1CN([C@H]2CC[C@H](CN(C)CC#N)CC2)c2c(cnc3[nH]ccc23)C1=O,6.58,0.0,1
CHEMBL2971,CCN1CN([C@H]2CC[C@H](CN(C)S(C)(=O)=O)CC2)c2c(cnc3[nH]ccc23)C1=O,7.64,0.0,1
CHEMBL2971,CCN1CN([C@H]2CC[C@H](CNCC#N)CC2)c2c(cnc3[nH]ccc23)C1=O,7.68,0.0,1
CHEMBL2971,CCN1CN([C@H]2CC[C@H](CNCC(F)(F)F)CC2)c2c(cnc3[nH]ccc23)C1=O,7.64,0.0,1
CHEMBL2971,CCN1CN([C@H]2CC[C@H](CNCC(F)F)CC2)c2c(cnc3[nH]ccc23)C1=O,7.57,0.0,1
CHEMBL2971,CCN1CN([C@H]2CC[C@H](CNS(=O)(=O)C3CC3)CC2)c2c(cnc3[nH]ccc23)C1=O,7.75,0.0,1
CHEMBL2971,CCN1CN([C@H]2CC[C@H](CNS(=O)(=O)CC(F)(F)F)CC2)c2c(cnc3[nH]ccc23)C1=O,8.19,0.0,1
CHEMBL2971,CCN1CN([C@H]2CC[C@H](CNS(C)(=O)=O)CC2)c2c(cnc3[nH]ccc23)C1=O,7.82,0.0,1
CHEMBL2971,CCN1C[C@H](N(C)c2ncnc3[nH]ccc23)C2(CC2)C1,4.52,0.0,1
CHEMBL2971,CCN1C[C@H]2C[C@@H]1CN2Cc1ccc(-c2cccc3nc(NC(=O)C4CC4)nn23)cc1,6.12,0.0,1
CHEMBL2971,CCN1Cc2cc(Nc3nn(C4(CC#N)CCN(C(=O)OC(C)(C)C)CC4)c4cc[nH]c(=O)c34)ccc2S1(=O)=O,9.77,0.0,1
CHEMBL2971,CCN1Cc2cc(Nc3nn(C4(CC#N)CCN(C(=O)OC)CC4)c4cc[nH]c(=O)c34)ccc2S1(=O)=O,9.59,0.0,1
CHEMBL2971,CCN1Cc2cc(Nc3nn([C@H]4CCCC[C@@H]4C#N)c4cc[nH]c(=O)c34)ccc2S1(=O)=O,6.39,0.0,1
CHEMBL2971,CCN1Cc2ccc(Nc3nn([C@H]4CCCC[C@@H]4C#N)c4cc[nH]c(=O)c34)cc2C1,5.68,0.0,1
CHEMBL2971,CCN=S(=O)(C1CC1)N1CC(CC#N)(n2cc(-c3ncnc4[nH]ccc34)cn2)C1,8.3,0.0,1
CHEMBL2971,CCNC(=O)N1CC2CC(Nc3nc(Nc4cnn(C)c4)ncc3Cl)CC2C1,6.85,0.0,1
CHEMBL2971,CCNC(=O)N1[C@@H]2CC[C@@H]1CN(c1ccnc(Nc3cnn(C)c3)n1)C2,6.27,0.0,1
CHEMBL2971,CCNC(=O)N1[C@@H]2CC[C@H]1CN(c1ccnc(Nc3cn[nH]c3)n1)C2,6.32,0.0,1
CHEMBL2971,CCNC(=O)N1[C@@H]2CC[C@H]1CN(c1ccnc(Nc3cnc(C(=O)NC)c(C)c3)n1)C2,6.29,0.0,1
CHEMBL2971,CCNC(=O)N1[C@@H]2CC[C@H]1CN(c1ccnc(Nc3cnc(C(=O)NC)c(Cl)c3)n1)C2,5.89,0.0,1
CHEMBL2971,CCNC(=O)N1[C@@H]2CC[C@H]1CN(c1ccnc(Nc3cnc(C(=O)NC)c(F)c3)n1)C2,5.75,0.0,1
CHEMBL2971,CCNC(=O)N1[C@@H]2CC[C@H]1CN(c1ccnc(Nc3cnn(C)c3)n1)C2,6.27,0.0,1
CHEMBL2971,CCNC(=O)N1[C@@H]2CC[C@H]1CN(c1ccnc(Nc3cnsc3)n1)C2,6.16,0.0,1
CHEMBL2971,CCNC(=O)O[C@@H]1CCC(n2cc(C(N)=O)c(Nc3ccc(F)cc3)n2)[C@@H](C#N)C1,8.05,0.0,1
CHEMBL2971,CCNC(=O)c1cc(-c2ccnc(N)n2)[nH]c1-c1cc(Cl)ccc1C,6.96,0.0,1
CHEMBL2971,CCNC(=O)c1cc2c(-c3cc(OCCCCCCn4cc(-c5nc(Nc6ccc(NC(=O)CCCCCCC(=O)NO)cc6)nc6[nH]ccc56)cn4)c(Cl)cc3Cl)nc(N)nc2s1,4.85,0.0,1
CHEMBL2971,CCNC(=O)c1cc2c(-c3cc(OCCCCCCn4cc(-c5nc(Nc6ccc(NC(=O)CCCCCCC(=O)O)cc6)nc6[nH]ccc56)cn4)c(Cl)cc3Cl)nc(N)nc2s1,5.42,0.0,1
CHEMBL2971,CCNC(=O)c1cc2c(-c3cc(OCCCCCCn4cc(-c5ncnc6[nH]ccc56)cn4)c(Cl)cc3Cl)nc(N)nc2s1,5.77,0.0,1
CHEMBL2971,CCNC(=O)c1cc2c(-c3cc(OCCCCCn4cc(-c5ncnc6[nH]ccc56)cn4)c(Cl)cc3Cl)nc(N)nc2s1,5.46,0.0,1
CHEMBL2971,CCNC(=O)c1cc2c(-c3cccc(OCCCCCCn4cc(-c5ncnc6[nH]ccc56)cn4)c3)nc(N)nc2s1,5.85,0.0,1
CHEMBL2971,CCNC(=O)c1cc2c(-c3cccc(OCCCCCn4cc(-c5ncnc6[nH]ccc56)cn4)c3)nc(N)nc2s1,5.96,0.0,1
CHEMBL2971,CCNC(=O)c1ccc(Nc2ncc(F)c(N3CC4CC(C3)N4C(=O)C(C)(C)F)n2)cc1C,5.52,0.0,1
CHEMBL2971,CCNC(=O)c1ccc(Nc2ncc(F)c(N3CC4CC(C3)N4C(=O)C(C)(F)F)n2)cc1C,5.59,0.09899494936611705,2
CHEMBL2971,CCNC(=O)c1ccc(Nc2ncc(F)c(N3CC4CC(C3)N4C(=O)C(F)(F)F)n2)cc1C,5.72,0.0,1
CHEMBL2971,CCNC(=O)c1ccc(Nc2ncc(F)c(N3C[C@H]4CC[C@@H](C3)N4C(=O)C(F)(F)F)n2)cc1C,6.82,0.0,1
CHEMBL2971,CCNC(=O)c1ccc(Nc2ncc(F)c(N3C[C@H]4CC[C@@H](C3)N4C(=O)C3CC3)n2)cc1,6.95,0.0,1
CHEMBL2971,CCNC(=O)c1ccc(Nc2ncc(F)c(N3C[C@H]4CC[C@@H](C3)N4C(=O)OC(C)(C)C)n2)cc1C,6.77,0.0,1
CHEMBL2971,CCNC(=O)c1ccc(Nc2ncc(F)c(N3C[C@H]4CC[C@H](C3)N4C(=O)C3CC3)n2)cc1,6.51,0.0,1
CHEMBL2971,CCNC(=O)c1ccc(Nc2nccc(N3CC4CC(C3)N4C(=O)C(C)(F)F)n2)cc1,5.73,0.0,1
CHEMBL2971,CCNC(=O)c1ccc(Nc2nccc(N3CC4CC(C3)N4C(=O)C(F)(F)F)n2)cc1C,5.48,0.0,1
CHEMBL2971,CCNC(=O)c1ccc(Nc2nccc(N3CC4CC(C3)N4C(=O)C3CC3)n2)cc1,5.02,0.0,1
CHEMBL2971,CCNC(=O)c1ccc(Nc2nccc(N3CC4CC(C3)N4C(=O)C3CC3)n2)cc1C,5.1,0.0,1
CHEMBL2971,CCNC(=O)c1ccc(Nc2nccc(N3CC4CCC(C3)N4C(=O)C3CC3)n2)cc1,6.48,0.0,1
CHEMBL2971,CCNC(=O)c1ccc(Nc2nccc(N3CCN(C(=O)CC#N)CC3)n2)cc1,5.96,0.0,1
CHEMBL2971,CCNC(=O)c1ccc(Nc2nccc(N3C[C@@H]4CC[C@H]3CN4C(=O)C3CC3)n2)cc1,5.56,0.0,1
CHEMBL2971,CCNC(=O)c1ccc(Nc2nccc(N3C[C@@H]4C[C@H]3CN4C(=O)CC#N)n2)cc1,6.44,0.0,1
CHEMBL2971,CCNC(=O)c1ccc(Nc2nccc(N3C[C@H]4CC[C@@H](C3)N4C(=O)CC#N)n2)cc1,6.7,0.0,1
CHEMBL2971,CCNC(=O)c1ccc(Nc2nccc(N3C[C@H]4CC[C@H](C3)N4C(=O)C3CC3)n2)cc1,6.48,0.0,1
CHEMBL2971,CCNC(=O)c1ccc(Nc2nccc(N3C[C@H]4C[C@@H](C3)N4C(=O)C3CC3)n2)cc1,5.11,0.0,1
CHEMBL2971,CCNC(=O)c1n[nH]c2cc(-c3cc(F)c(O)cc3CC(F)(F)F)nc(NCc3nccnc3N(CC)S(C)(=O)=O)c12,7.0,0.0,1
CHEMBL2971,CCNC(=O)c1ncc(Nc2ncc(F)c(N3C[C@H]4CC[C@H](C3)N4C(=O)C3CC3)n2)cc1C,6.16,0.0,1
CHEMBL2971,CCNC(=O)c1ncc(Nc2nccc(N3C[C@H]4CC[C@@H](C3)N4C(=O)C3CC3)n2)cc1C,6.13,0.0,1
CHEMBL2971,CCNC(c1ccc(Nc2nn([C@@H](CC#N)C3CC3)c3cc[nH]c(=O)c23)cc1)C(F)(F)F,6.5600000000000005,0.014142135623730963,2
CHEMBL2971,CCNC(c1ccc(Nc2nn([C@@H](CC#N)C3CC3)c3cc[nH]c(=O)c23)cc1F)C(F)(F)F,6.33,0.014142135623730649,2
CHEMBL2971,CCNC(c1ccc(Nc2nn([C@@]3(CC#N)CCCC[C@H]3F)c3cc[nH]c(=O)c23)cc1)C(F)(F)F,10.185,0.049497474683058526,2
CHEMBL2971,CCNC(c1ccc(Nc2nn([C@H]3CCC[C@@H]3C#N)c3cc[nH]c(=O)c23)cc1)C(F)(F)F,6.529999999999999,0.02828427124746224,2
CHEMBL2971,CCNC(c1ccc(Nc2nn([C@H]3COCC[C@@H]3C#N)c3cc[nH]c(=O)c23)cc1)C(F)(F)F,6.885,0.049497474683058526,2
CHEMBL2971,CCNC(c1ccc(Nc2nn([C@]3(CC#N)CC[C@@H](C(=O)OC(C)(C)C)OC3)c3cc[nH]c(=O)c23)cc1)C(F)(F)F,9.55,0.05656854249492448,2
CHEMBL2971,CCNC1CCC(n2cc(C(N)=O)c(Nc3ccc(S(=O)(=O)C(F)(F)F)cc3)n2)[C@@H](C#N)C1,7.96,0.0,1
CHEMBL2971,CCNC[C@H]1CC[C@H](c2nnn3cnc4[nH]ccc4c23)CC1,7.33,0.0,1
CHEMBL2971,CCNS(=O)(=O)C[C@H]1C[C@@H](N(C)c2ncnc3[nH]ccc23)C1,6.42,0.0,1
CHEMBL2971,CCNS(=O)(=O)N[C@H]1C[C@@H](N(C)c2ncnc3[nH]ccc23)C1,5.86,0.0,1
CHEMBL2971,CCN[C@@H](C)[C@@H]1CCN(S(=O)(=O)CC2CCC(N(C)c3ncnc4[nH]ccc34)CC2)C1,7.2,0.0,1
CHEMBL2971,CCNc1ccccc1C(=O)Nc1ccc2[nH]nc(N)c2c1,5.71,0.0,1
CHEMBL2971,CCNc1ccccc1C(=O)Nc1ccc2[nH]ncc2c1,5.4,0.0,1
CHEMBL2971,CCNc1ncc(C(N)=O)c2[nH]c3ccc(F)cc3c12,6.64,0.0,1
CHEMBL2971,CCNc1nn(C2(CC#N)CCN(C(=O)OC(C)(C)C)CC2)c2cc[nH]c(=O)c12,7.22,0.0,1
CHEMBL2971,CCOC(=O)C(C)(C)C(O)(c1ccc(Nc2nn([C@@H](CC#N)C3CC3)c3cc[nH]c(=O)c23)cc1)C(F)(F)F,5.9,0.6505382386916236,2
CHEMBL2971,CCOC(=O)C(C)(C)C(O)(c1ccc(Nc2nn([C@H]3CCCC[C@@H]3C#N)c3cc[nH]c(=O)c23)cc1)C(F)(F)F,5.64,0.5939696961966998,2
CHEMBL2971,CCOC(=O)C(C)(C)C(O)(c1ccc(Nc2nn([C@]3(CC#N)CCCOC3)c3cc[nH]c(=O)c23)cc1)C(F)(F)F,9.035,0.615182899632297,2
CHEMBL2971,CCOC(=O)C(C)(C)N(C)S(=O)(=O)c1ccc(Nc2nn(C3(CC#N)CCCC3)c3cc[nH]c(=O)c23)cc1,8.84,0.0,1
CHEMBL2971,CCOC(=O)C(C)(C)N(C)S(=O)(=O)c1ccc(Nc2nn([C@@H](CC#N)C3CC3)c3cc[nH]c(=O)c23)cc1,6.1,0.0,1
CHEMBL2971,CCOC(=O)C(C)NC(=O)N1CC(CC#N)(n2cc(C(N)=O)c(Nc3ccccc3)n2)C1,6.25,0.0,1
CHEMBL2971,CCOC(=O)C(CC)n1c(=O)c2cc(OC)c(OC)cc2c2cnc3[nH]ccc3c21,7.98,0.0,1
CHEMBL2971,CCOC(=O)C1CCCN(c2cc(-c3c(N)nn4cccnc34)ncn2)C1,6.89,0.0,1
CHEMBL2971,CCOC(=O)C=C1CCC(c2nnn3cnc4[nH]ccc4c23)CC1,6.77,0.0,1
CHEMBL2971,CCOC(=O)CC1CCC(c2nnn3cnc4[nH]ccc4c23)CC1,7.36,0.0,1
CHEMBL2971,CCOC(=O)CCc1ccc(Nc2cc(Nc3ccccc3Cl)c(C(N)=O)cn2)nc1,7.6,0.0,1
CHEMBL2971,CCOC(=O)COC(=O)N1CC(CC#N)(n2cc(C(N)=O)c(Nc3ccccc3)n2)C1,6.32,0.0,1
CHEMBL2971,CCOC(=O)COC(=O)N1CC[C@@H](C#N)[C@H](n2cc(C(N)=O)c(Nc3ccc(F)cc3)n2)C1,6.73,0.0,1
CHEMBL2971,CCOC(=O)COC(=O)N1CC[C@@H](n2cc(C(N)=O)c(Nc3ccc(F)cc3)n2)[C@H](C#N)C1,7.14,0.0,1
CHEMBL2971,CCOC(=O)COC(=O)N1CC[C@H](n2cc(C(N)=O)c(Nc3ccc(F)cc3)n2)[C@H](C#N)C1,5.86,0.0,1
CHEMBL2971,CCOC(=O)COc1ccc(Nc2cc(Nc3ccccc3Cl)c(C(N)=O)cn2)nc1,7.12,0.0,1
CHEMBL2971,CCOC(=O)Cc1ccc(Nc2cc(Nc3ccccc3Cl)c(C(N)=O)cn2)nc1,7.77,0.0,1
CHEMBL2971,CCOC(=O)Cc1ccc(Nc2cc(Nc3ccccc3OC)c(C(N)=O)cn2)nc1,7.58,0.0,1
CHEMBL2971,CCOC(=O)Cn1cc(-c2ccc(-c3nc(-c4ccc(F)cc4)c(-c4cc[nH]c(=O)c4)[nH]3)cc2)nn1,6.45,0.0,1
CHEMBL2971,CCOC(=O)Cn1cc(-c2nc3cnc4[nH]ccc4c3n2[C@H]2CC[C@H](CC#N)CC2)cn1,7.61,0.0,1
CHEMBL2971,CCOC(=O)Cn1cc(Nc2ncc3ccn(CC(C)(C)C)c3n2)cn1,6.26,0.0,1
CHEMBL2971,CCOC(=O)Cn1cc(Nc2ncc3ccn(CC4CC4)c3n2)cn1,6.26,0.0,1
CHEMBL2971,CCOC(=O)Cn1cc(Nc2ncc3ccn(CC4CCC(F)(F)CC4)c3n2)cn1,6.26,0.0,1
CHEMBL2971,CCOC(=O)Cn1cc(Nc2ncc3ccn(CC4CCS(=O)(=O)CC4)c3n2)cn1,5.26,0.0,1
CHEMBL2971,CCOC(=O)Cn1cc(Nc2ncc3ccn(CCC#N)c3n2)cn1,6.26,0.0,1
CHEMBL2971,CCOC(=O)Cn1cc(Nc2ncc3ccn(CCC4CCCCC4)c3n2)cn1,6.26,0.0,1
CHEMBL2971,CCOC(=O)Cn1cc(Nc2ncc3ccn(C[C@H]4CC[C@@H](OC)CC4)c3n2)cn1,6.26,0.0,1
CHEMBL2971,CCOC(=O)Cn1ccc(Nc2ncc3ccn(CC(CC)CC)c3n2)n1,6.26,0.0,1
CHEMBL2971,CCOC(=O)Cn1ccc2cnc(Nc3cnn(C)c3)nc21,6.26,0.0,1
CHEMBL2971,CCOC(=O)N1CC(c2nc3cnc4[nH]ccc4c3n2[C@H]2CC[C@H](CC#N)CC2)C1,6.96,0.0,1
CHEMBL2971,CCOC(=O)N1CC2CC(Nc3nc(Nc4cnn(C)c4)ncc3Cl)CC2C1,6.87,0.0,1
CHEMBL2971,CCOC(=O)N1CCC(CC#N)(n2nc(Nc3ccc(S(=O)(=O)N(C)C)cc3)c3c(=O)[nH]ccc32)CC1,9.54,0.0,1
CHEMBL2971,CCOC(=O)N1CC[C@@H](C#N)[C@H](n2cc(C(N)=O)c(Nc3ccc(F)cc3)n2)C1,7.21,0.0,1
CHEMBL2971,CCOC(=O)N1CC[C@@H](n2cc(C(N)=O)c(Nc3ccc(F)cc3)n2)[C@H](C#N)C1,6.8,0.0,1
CHEMBL2971,CCOC(=O)N1CC[C@H](n2cc(C(N)=O)c(Nc3ccc(F)cc3)n2)[C@H](C#N)C1,5.92,0.0,1
CHEMBL2971,CCOC(=O)N1[C@@H]2CC[C@H]1CN(c1ccnc(Nc3cnsc3)n1)C2,6.16,0.0,1
CHEMBL2971,CCOC(=O)Oc1cccc(Nc2cc(Nc3ccccc3Cl)c(C(N)=O)cn2)n1,6.28,1.4142135623730951,2
CHEMBL2971,CCOC(=O)c1c(-c2nn(Cc3ccc(OC)cc3)c3ccnc(NC4CCN(C)CC4)c23)cnn1C(C)C,5.2,0.0,1
CHEMBL2971,CCOC(=O)c1c[nH]c2ncnc(-c3cc4ccccc4o3)c12,7.21,0.0,1
CHEMBL2971,CCOC(=O)c1c[nH]c2ncnc(-c3cc4ccccc4s3)c12,7.27,0.0,1
CHEMBL2971,CCOC(=O)c1c[nH]c2ncnc(-c3ccc(-c4ccccc4)cc3)c12,7.33,0.0,1
CHEMBL2971,CCOC(=O)c1c[nH]c2ncnc(-c3ccc(-n4cccn4)cc3)c12,6.92,0.0,1
CHEMBL2971,CCOC(=O)c1c[nH]c2ncnc(-c3ccc(C)c(N)c3)c12,7.11,0.0,1
CHEMBL2971,CCOC(=O)c1c[nH]c2ncnc(-c3ccc(CO)c(N)c3)c12,6.67,0.0,1
CHEMBL2971,CCOC(=O)c1c[nH]c2ncnc(-c3ccc(Cl)c(N)c3)c12,6.9,0.0,1
CHEMBL2971,CCOC(=O)c1c[nH]c2ncnc(-c3ccc(N(C)C)cc3)c12,7.05,0.0,1
CHEMBL2971,CCOC(=O)c1c[nH]c2ncnc(-c3ccc(N)cc3)c12,7.28,0.0,1
CHEMBL2971,CCOC(=O)c1c[nH]c2ncnc(-c3ccc(N4CCS(=O)(=O)CC4)cc3)c12,6.46,0.0,1
CHEMBL2971,CCOC(=O)c1c[nH]c2ncnc(-c3ccc(O)cc3)c12,6.87,0.0,1
CHEMBL2971,CCOC(=O)c1c[nH]c2ncnc(-c3ccc(OC)cc3)c12,6.87,0.0,1
CHEMBL2971,CCOC(=O)c1c[nH]c2ncnc(-c3ccc4[nH]ncc4c3)c12,7.01,0.0,1
CHEMBL2971,CCOC(=O)c1c[nH]c2ncnc(-c3ccc4c(F)n(C)nc4c3)c12,6.47,0.0,1
CHEMBL2971,CCOC(=O)c1c[nH]c2ncnc(-c3ccc4c(c3)CCN4)c12,7.46,0.0,1
CHEMBL2971,CCOC(=O)c1c[nH]c2ncnc(-c3ccc4c(c3)NCC4)c12,7.04,0.0,1
CHEMBL2971,CCOC(=O)c1c[nH]c2ncnc(-c3ccc4c(c3)OCO4)c12,7.18,0.0,1
CHEMBL2971,CCOC(=O)c1c[nH]c2ncnc(-c3ccc4cc[nH]c4c3)c12,6.86,0.0,1
CHEMBL2971,CCOC(=O)c1c[nH]c2ncnc(-c3ccc4ccccc4c3)c12,6.73,0.0,1
CHEMBL2971,CCOC(=O)c1c[nH]c2ncnc(-c3ccc4cn(C)nc4c3)c12,6.56,0.0,1
CHEMBL2971,CCOC(=O)c1c[nH]c2ncnc(-c3cccc(C)c3)c12,6.84,0.0,1
CHEMBL2971,CCOC(=O)c1c[nH]c2ncnc(-c3cccc(Cl)c3)c12,6.84,0.0,1
CHEMBL2971,CCOC(=O)c1c[nH]c2ncnc(-c3cccc(F)c3)c12,6.92,0.0,1
CHEMBL2971,CCOC(=O)c1c[nH]c2ncnc(-c3cccc(NC(=O)/C=C/c4ccccn4)c3)c12,6.34,0.0,1
CHEMBL2971,CCOC(=O)c1c[nH]c2ncnc(-c3cccc(NC(=O)/C=C/c4nccs4)c3)c12,6.3,0.0,1
CHEMBL2971,CCOC(=O)c1c[nH]c2ncnc(-c3cccc(Nc4nc(Cl)ns4)c3)c12,6.96,0.0,1
CHEMBL2971,CCOC(=O)c1c[nH]c2ncnc(-c3cccc(O)c3)c12,6.9,0.0,1
CHEMBL2971,CCOC(=O)c1c[nH]c2ncnc(-c3cccc(OCC(F)(F)F)c3)c12,7.14,0.0,1
CHEMBL2971,CCOC(=O)c1c[nH]c2ncnc(-c3cccc(OCc4ccccc4)c3)c12,7.21,0.0,1
CHEMBL2971,CCOC(=O)c1c[nH]c2ncnc(-c3ccccc3)c12,7.04,0.0,1
CHEMBL2971,CCOC(=O)c1c[nH]c2ncnc(-c3ccccc3F)c12,6.78,0.0,1
CHEMBL2971,CCOC(=O)c1c[nH]c2ncnc(C3=CCCCC3)c12,7.21,0.0,1
CHEMBL2971,CCOC(=O)c1ccc(Nc2cc(Nc3ccccc3Cl)c(C(N)=O)cn2)nc1,6.96,0.0,1
CHEMBL2971,CCOC(=O)c1ccc(Nc2ncc3ccn(CC(CC)CC)c3n2)cc1,6.26,0.0,1
CHEMBL2971,CCOC(=O)c1cnn(-c2ccc(Nc3nn([C@@H](CC#N)C4CC4)c4cc[nH]c(=O)c34)cc2C)c1,5.45,0.0,1
CHEMBL2971,CCOC(=O)c1cnn(-c2ccc(Nc3nn([C@H]4CCCC[C@@H]4C#N)c4cc[nH]c(=O)c34)cc2C)c1,5.23,0.0,1
CHEMBL2971,CCOC(=O)c1nc(Cn2ccc3cnc(Nc4cnn(C)c4)nc32)cs1,5.26,0.0,1
CHEMBL2971,CCOC(C)n1cc(-c2cnc(N)c(OC(C)c3cc(F)ccc3Cl)c2)cn1,6.8,0.0,1
CHEMBL2971,CCOC(C)n1cc(-c2nc(-c3cnn(C)c3)cn3nccc23)cn1,5.26,0.0,1
CHEMBL2971,CCOC(C)n1cc(-c2nc(Nc3ccc4c(c3)CCN4S(=O)(=O)c3ccc(C(F)(F)F)cc3)ncc2C)cn1,6.47,0.0,1
CHEMBL2971,CCOC1CCCN(S(=O)(=O)CC2CCC(N(C)c3ncnc4[nH]ccc34)CC2)C1,8.39,0.0,1
CHEMBL2971,CCOCC1(F)CCN(S(=O)(=O)C[C@H]2C[C@@H](N(C)c3ncnc4[nH]ccc34)C2)CC1,5.62,0.0,1
CHEMBL2971,CCOCCO[C@@H]1CCN(S(=O)(=O)CC2CCC(N(C)c3ncnc4[nH]ccc34)CC2)C1,7.78,0.0,1
CHEMBL2971,CCOP(=O)(CCn1cc(-c2ccc(-c3nc(-c4ccc(F)cc4)c(-c4cc[nH]c(=O)c4)[nH]3)cc2)nn1)OCC,5.38,0.0,1
CHEMBL2971,CCOP(=O)(Cc1ccc(NC(=O)Cc2nc3cnc4[nH]ccc4c3n2[C@H]2CC[C@H](CC#N)CC2)cc1)OCC,8.42,0.0,1
CHEMBL2971,CCOP(=O)(OCC)O[C@@H]1CCCN(S(=O)(=O)C[C@H]2CC[C@H](N(C)c3ncnc4[nH]ccc34)CC2)C1,9.94,0.0,1
CHEMBL2971,CCOc1cc(S(=O)(=O)C[C@H]2C[C@@H](N(C)c3ncnc4[nH]ccc34)C2)ccn1,9.48,0.0,1
CHEMBL2971,CCOc1ccc(-c2cc3c(N[C@@H]4CC[C@](C)(N)C4(C)C)c(C(N)=O)cnn3c2)cn1,7.52,0.0,1
CHEMBL2971,CCOc1ccc(-c2cc3ncc(C(N)=O)c(N[C@@H]4CCN(c5ccc(C#N)nn5)CC4(C)C)n3n2)cn1,7.46,0.0,1
CHEMBL2971,CCOc1ccc(C(F)(F)F)cc1-c1cccn2nc(Nc3ccc4c(c3)CCN(CC(=O)N(C)C)CC4)nc12,6.65,0.0,1
CHEMBL2971,CCOc1ccc(C(F)(F)F)cc1-c1cccn2nc(Nc3ccc4c(c3)CCN(CCS(C)(=O)=O)CC4)nc12,6.8,0.0,1
CHEMBL2971,CCOc1ccc(C(F)(F)F)cc1-c1cccn2nc(Nc3ccc4c(c3)CCNCC4)nc12,6.87,0.0,1
CHEMBL2971,CCOc1ccc(Cl)cc1-c1cccn2nc(Nc3ccc4c(c3)CCNCC4)nc12,7.48,0.0,1
CHEMBL2971,CCOc1ccc(N2CCC(CC#N)(n3cc(C(N)=O)c(Nc4ccc(F)cc4)n3)CC2)cn1,7.34,0.0,1
CHEMBL2971,CCOc1ccc(NC(=O)N2CC(CC#N)(n3cc(C(N)=O)c(Nc4ccccc4)n3)C2)cc1,7.16,0.0,1
CHEMBL2971,CCOc1ccc(S(=O)(=O)C[C@H]2C[C@@H](N(C)c3ncnc4[nH]ccc34)C2)cc1,9.28,0.0,1
CHEMBL2971,CCOc1ccc(S(=O)(=O)C[C@H]2C[C@@H](N(C)c3ncnc4[nH]ccc34)C2)cc1Cl,9.29,0.0,1
CHEMBL2971,CCOc1ccc(S(=O)(=O)C[C@H]2C[C@@H](N(C)c3ncnc4[nH]ccc34)C2)cn1,9.6,0.0,1
CHEMBL2971,CCOc1cccc(N2CCC(CC#N)(n3cc(C(N)=O)c(Nc4ccc(F)cc4)n3)CC2)n1,6.07,0.0,1
CHEMBL2971,CCOc1cccc(S(=O)(=O)C[C@H]2C[C@@H](N(C)c3ncnc4[nH]ccc34)C2)c1,9.46,0.0,1
CHEMBL2971,CCOc1ccccc1-c1cccn2nc(Nc3ccc4c(c3)CCN(C(=O)OC(C)(C)C)CC4)nc12,5.96,0.0,1
CHEMBL2971,CCOc1ccccc1-c1cccn2nc(Nc3ccc4c(c3)CCN(CC(=O)N(C)C)CC4)nc12,6.67,0.0,1
CHEMBL2971,CCOc1ccccc1-c1cccn2nc(Nc3ccc4c(c3)CCN(CCS(C)(=O)=O)CC4)nc12,7.16,0.0,1
CHEMBL2971,CCOc1ccccc1-c1cccn2nc(Nc3ccc4c(c3)CCNCC4)nc12,7.33,0.636396103067893,2
CHEMBL2971,CCOc1ccccc1CN1CCC(CC#N)(n2cc(C(N)=O)c(Nc3ccccc3)n2)CC1,6.08,0.0,1
CHEMBL2971,CCOc1ccccc1NC(=O)N1CC(CC#N)(n2cc(C(N)=O)c(Nc3ccccc3)n2)C1,6.29,0.0,1
CHEMBL2971,CCOc1cnc(N(C)[C@@H]2CCN(c3ncnc4[nH]ccc34)C2)cn1,9.26,0.0,1
CHEMBL2971,CCOc1ncc(-c2cc3ncc(C(N)=O)c(N[C@@H]4CCN(c5ccc(C#N)nn5)CC4(C)C)n3n2)cn1,7.05,0.0,1
CHEMBL2971,CCOc1ncc(-c2cnc3[nH]ccc3n2)c(N[C@H]2CCCN(S(C)(=O)=O)C2)n1,9.85,0.0,1
CHEMBL2971,CCOc1ncccc1S(=O)(=O)C[C@H]1C[C@@H](N(C)c2ncnc3[nH]ccc23)C1,9.28,0.0,1
CHEMBL2971,CCS(=N)(=O)N1CC(CC#N)(n2cc(-c3ncnc4[nH]ccc34)cn2)C1,8.3,0.0,1
CHEMBL2971,CCS(=O)(=NC)N1CC(CC#N)(n2cc(-c3ncnc4[nH]ccc34)cn2)C1,7.26,0.0,1
CHEMBL2971,CCS(=O)(=NC1CC1)N1CC(CC#N)(n2cc(-c3ncnc4[nH]ccc34)cn2)C1,7.26,0.0,1
CHEMBL2971,CCS(=O)(=O)CCOc1ccc2cc1CN(C)C/C=C/CCOc1cccc(c1)-c1ccnc(n1)N2,6.96,0.0,1
CHEMBL2971,CCS(=O)(=O)CNc1cc2cc(c1)Nc1nccc(n1)-c1cccc(c1)OCC/C=C/CN(C)C2,7.75,0.0,1
CHEMBL2971,CCS(=O)(=O)C[C@H]1C[C@@H](N(C)c2ncnc3[nH]ccc23)C1,5.795,0.7566042558696061,2
CHEMBL2971,CCS(=O)(=O)N(C)[C@@H]1CCN(c2ncnc3[nH]ccc23)C1,10.26,0.0,1
CHEMBL2971,CCS(=O)(=O)N(C)c1ccccc1CNc1nc(-c2cc(F)c(O)cc2CC(F)(F)F)cc2[nH]nc(C(=O)NC)c12,7.58,0.0,1
CHEMBL2971,CCS(=O)(=O)N(C)c1ccccc1CNc1nc(-c2cc(F)c(O)cc2CC(F)(F)F)cc2[nH]nc(C(N)=O)c12,7.33,0.0,1
CHEMBL2971,CCS(=O)(=O)N1CC(C#N)(Nc2ccnc(-c3c[nH]c4ncccc34)n2)C1,7.46,0.0,1
CHEMBL2971,CCS(=O)(=O)N1CC(C(C)C#N)(n2cc(-c3c(C#N)cnc4[nH]ccc34)cn2)C1,8.793333333333335,0.26312227829154444,3
CHEMBL2971,CCS(=O)(=O)N1CC(C(C)C#N)(n2cc(-c3ncnc4[nH]ccc34)cn2)C1,8.74,0.0,1
CHEMBL2971,CCS(=O)(=O)N1CC(CC#N)(n2cc(-c3c(C#N)cnc4[nH]ccc34)cn2)C1,8.83,0.0,1
CHEMBL2971,CCS(=O)(=O)N1CC(CC#N)(n2cc(-c3c(Cl)cnc4[nH]ccc34)cn2)C1,9.190000000000001,0.028284271247461926,2
CHEMBL2971,CCS(=O)(=O)N1CC(CC#N)(n2cc(-c3c(F)cnc4[nH]ccc34)cn2)C1,9.43,0.04242640687119383,2
CHEMBL2971,CCS(=O)(=O)N1CC(CC#N)(n2cc(-c3c[nH]c4ncccc34)cn2)C1,7.46,0.0,1
CHEMBL2971,CCS(=O)(=O)N1CC(CC#N)(n2cc(-c3ccnc4[nH]ccc34)c(C)n2)C1,8.84,0.0,1
CHEMBL2971,CCS(=O)(=O)N1CC(CC#N)(n2cc(-c3ccnc4[nH]ccc34)c(Cl)n2)C1,8.85,0.0,1
CHEMBL2971,CCS(=O)(=O)N1CC(CC#N)(n2cc(-c3ccnc4[nH]ccc34)cn2)C1,9.09,0.0,1
CHEMBL2971,CCS(=O)(=O)N1CC(CC#N)(n2cc(-c3ncnc4[nH]ccc34)cc2C#N)C1,9.16,0.0,1
CHEMBL2971,CCS(=O)(=O)N1CC(CC#N)(n2cc(-c3ncnc4[nH]ccc34)cn2)C1,8.068999999999999,0.7346722625316224,10
CHEMBL2971,CCS(=O)(=O)N1CC(CC#N)(n2cc(C(N)=O)c(Nc3ccc(C(=O)N4CCS(=O)(=O)CC4)cc3)n2)C1,7.42,0.0,1
CHEMBL2971,CCS(=O)(=O)N1CC(CC#N)(n2cc(C(N)=O)c(Nc3ccccc3)n2)C1,6.39,0.0,1
CHEMBL2971,CCS(=O)(=O)N1CC(CC#N)(n2cc(C)c(-c3ncnc4[nH]ccc34)c2)C1,8.75,0.0,1
CHEMBL2971,CCS(=O)(=O)N1CC(CC#N)(n2ccc(-c3c(C#N)cnc4[nH]ccc34)c2)C1,9.03,0.0,1
CHEMBL2971,CCS(=O)(=O)N1CC(CC#N)(n2ccc(-c3nc(-c4cnn(C)c4)cc4ncccc34)n2)C1,6.76,0.0,1
CHEMBL2971,CCS(=O)(=O)N1CC(CC#N)C1n1cc(-c2ncnc3[nH]ccc23)cn1,8.24,0.0,1
CHEMBL2971,CCS(=O)(=O)N1CCC(CC#N)(n2cc(C(N)=O)c(Nc3ccccc3)n2)CC1,7.92,0.0,1
CHEMBL2971,CCS(=O)(=O)N1CCCC(Nc2nc(C)ccc2-c2cnc3[nH]ccc3n2)C1,9.79,0.0,1
CHEMBL2971,CCS(=O)(=O)N1CCN(C[C@H]2CC[C@H](c3nnn4cnc5[nH]ccc5c34)CC2)CC1,6.7,0.0,1
CHEMBL2971,CCS(=O)(=O)N1CCN(c2ccc(Nc3ncc(C(N)=O)c(NC4CC4)n3)cc2)CC1,8.09,0.1838477631085025,2
CHEMBL2971,CCS(=O)(=O)N1CCN(c2ccc3cc2COCC=CCOCc2cccc(c2)-c2ccnc(n2)N3)CC1,6.82,0.0,1
CHEMBL2971,CCS(=O)(=O)N1CC[C@@H](N(C)c2ncnc3[nH]ccc23)C1,5.62,0.0,1
CHEMBL2971,CCS(=O)(=O)N1CC[C@@H](Nc2ncccc2-c2cnc3[nH]ccc3n2)C1,9.61,0.0,1
CHEMBL2971,CCS(=O)(=O)N1CCc2cc(Nc3ncc(C)c(-c4cnn(C(C)C)c4)n3)ccc21,8.56,0.0,1
CHEMBL2971,CCS(=O)(=O)N1C[C@H](N(C)c2ncnc3[nH]ccc23)C2(CC2)C1,6.75,0.0,1
CHEMBL2971,CCS(=O)(=O)NCc1ccc(Nc2ncc(C)c(-c3cnn(C(C)C)c3)n2)cc1,8.22,0.0,1
CHEMBL2971,CCS(=O)(=O)Nc1ccc(N(C)[C@@H]2CCN(c3ncnc4[nH]ccc34)C2)nc1,10.26,0.0,1
CHEMBL2971,CCS(=O)(=O)c1ccc(-c2ccc3[nH]nc(N)c3c2)cc1,6.1,0.0,1
CHEMBL2971,CCS(=O)(=O)c1ccc(Nc2nn(C3(CC#N)CCCC3)c3cc[nH]c(=O)c23)cc1,8.86,0.0,1
CHEMBL2971,CCS(=O)(=O)c1ccc(Nc2nn(C3CCCC[C@@H]3C#N)cc2C(N)=O)cc1,8.4,0.0,1
CHEMBL2971,CCS(=O)(=O)c1ccc2cc1CN(C)C/C=C/CCOc1cccc(c1)-c1ccnc(n1)N2,7.0,0.0,1
CHEMBL2971,CC[C@@H](C(=O)NCC(F)(F)F)n1c(=O)c2cc(OC)c(OC)cc2c2cnc3[nH]ccc3c21,6.96,0.0,1
CHEMBL2971,CC[C@@H](C)CS(=O)(=O)C[C@H]1C[C@@H](N(C)c2ncnc3[nH]ccc23)C1,9.77,0.0,1
CHEMBL2971,CC[C@@H](C)n1cc(-c2nc(-c3cnn(C(CO)CO)c3)cn3nccc23)cn1,7.26,0.0,1
CHEMBL2971,CC[C@@H](C)n1cc(-c2nc(-c3cnn(C4CCS(=O)(=O)CC4)c3)cn3nccc23)cn1,7.26,0.0,1
CHEMBL2971,CC[C@@H](C)n1cc(-c2nc(-c3cnn(C[C@@H](O)CO)c3)cn3nccc23)cn1,6.76,0.7071067811865476,2
CHEMBL2971,CC[C@@H](C)n1cc(-c2nc(-c3cnn(C[C@H](O)CO)c3)cn3nccc23)cn1,6.26,0.0,1
CHEMBL2971,CC[C@@H](C1CCC1)n1cc(-c2nc(-c3cnn(C[C@@H](O)CO)c3)cn3nccc23)cn1,6.76,0.7071067811865476,2
CHEMBL2971,CC[C@@H](CC(F)(F)F)n1cc(-c2nc(-c3cnn(C(CO)CO)c3)cn3nccc23)cn1,7.26,0.0,1
CHEMBL2971,CC[C@@H](CC(F)(F)F)n1cc(-c2nc(-c3cnn(C[C@@H](O)CO)c3)cn3nccc23)cn1,7.26,0.0,1
CHEMBL2971,CC[C@@H](CC1CC1)n1cc(-c2cnn3cc(-c4cnn(C[C@@H](O)CO)c4)ncc23)cn1,7.26,0.0,1
CHEMBL2971,CC[C@@H](CC1CC1)n1cc(-c2nc(-c3cnn(C[C@@H](O)CO)c3)cn3nccc23)cn1,7.26,0.0,1
CHEMBL2971,CC[C@@H](CO)NC(=O)c1cc(-c2ccnc(Nc3cc(C)cc(C)c3)n2)nn1C,5.84,0.0,1
CHEMBL2971,CC[C@@H](CO)NC(=O)c1cnn2ccc(N3CCC[C@@H]3c3cc(F)ccc3F)nc12,8.6,0.0,1
CHEMBL2971,CC[C@@H](CO)Nc1ncc(-c2cnc3[nH]ccc3n2)c(N[C@H]2CCCN(S(C)(=O)=O)C2)n1,10.36,0.0,1
CHEMBL2971,CC[C@@H](NC(=O)c1c[nH]c2ncc(-c3nn(C)c4cc(Cl)ccc34)nc12)C(=O)N1CC(C#N)C1,8.38,0.0,1
CHEMBL2971,CC[C@@H](Nc1cc(-c2c(N)nn3cccnc23)ncn1)c1ccc(F)cc1,9.22,0.0,1
CHEMBL2971,CC[C@@H]1CCCC[C@@H]1n1c(=O)[nH]c2cnc3[nH]ccc3c21,8.44,0.0,1
CHEMBL2971,CC[C@@H]1CCC[C@@H]1n1cc(-c2nc(-c3cnn(C[C@@H](O)CO)c3)cn3nccc23)cn1,7.26,0.0,1
CHEMBL2971,CC[C@@H]1CN(C(=O)NCC(F)(F)F)C[C@@H]1c1cnc2cnc3[nH]ccc3n12,7.6225,0.8058277317971462,4
CHEMBL2971,CC[C@@](C)(Nc1ccnc(-c2c[nH]c3ncccc23)n1)C(=O)NCC(F)(F)F,7.1525,0.757116239424304,4
CHEMBL2971,CC[C@@]1(CO)CCN(S(=O)(=O)C[C@H]2CC[C@H](N(C)c3ncnc4[nH]ccc34)CC2)C1,7.26,0.0,1
CHEMBL2971,CC[C@H](C(=O)N1CC(C#N)C1)n1c(=O)c2cc(OC)c(OC)cc2c2cnc3[nH]ccc3c21,7.53,0.0,1
CHEMBL2971,CC[C@H](C(=O)NCC(F)(F)F)n1c(=O)c2cc(OC)c(OC)cc2c2cnc3[nH]ccc3c21,6.85,0.0,1
CHEMBL2971,CC[C@H](C)CS(=O)(=O)C[C@H]1C[C@@H](N(C)c2ncnc3[nH]ccc23)C1,9.81,0.0,1
CHEMBL2971,CC[C@H](C)NC(=O)c1c[nH]c2ncc(C3CC3)nc12,7.35,0.0,1
CHEMBL2971,CC[C@H](C)n1cc(-c2nc(-c3cnn(C(CO)CO)c3)cn3nccc23)cn1,7.26,0.0,1
CHEMBL2971,CC[C@H](C)n1cc(-c2nc(-c3cnn(C[C@@H](O)CO)c3)cn3nccc23)cn1,6.76,0.7071067811865476,2
CHEMBL2971,CC[C@H](C)n1cc(-c2nc(-c3cnn(C[C@H](O)CO)c3)cn3nccc23)cn1,6.76,0.7071067811865476,2
CHEMBL2971,CC[C@H](C1CCC1)n1cc(-c2nc(-c3cnn(C[C@@H](O)CO)c3)cn3nccc23)cn1,6.76,0.7071067811865476,2
CHEMBL2971,CC[C@H](CC(F)(F)F)n1cc(-c2nc(-c3cnn(C(CO)CO)c3)cn3nccc23)cn1,6.26,0.0,1
CHEMBL2971,CC[C@H](CC(F)(F)F)n1cc(-c2nc(-c3cnn(C[C@@H](O)CO)c3)cn3nccc23)cn1,6.76,0.7071067811865476,2
CHEMBL2971,CC[C@H](CO)Nc1ncc(-c2cnc3[nH]ccc3n2)c(N[C@H]2CCCN(S(C)(=O)=O)C2)n1,10.27,0.0,1
CHEMBL2971,CC[C@H](Cn1ccc2cnc(Nc3cnn(CC(=O)O[C@@H]4C[C@@H](C(=O)O)N(C)C4)c3)nc21)C(C)C,6.26,0.0,1
CHEMBL2971,CC[C@H](Cn1ccc2cnc(Nc3cnn(CC(=O)O[C@@H]4C[C@@H](C(=O)OC(C)C)N(C)C4)c3)nc21)C(C)C,6.26,0.0,1
CHEMBL2971,CC[C@H](O)C1CCN(S(=O)(=O)C[C@H]2CC[C@H](N(C)c3ncnc4[nH]ccc34)CC2)CC1,7.04,0.0,1
CHEMBL2971,CC[C@H](n1cc(-c2nc(-c3cnn(C[C@@H](O)CO)c3)cn3nccc23)cn1)C(C)(F)F,6.26,0.0,1
CHEMBL2971,CC[C@H]1CCCCC1NS(=O)(=O)C[C@H]1CC[C@H](N(C)c2ncnc3[nH]ccc23)CC1,7.23,0.0,1
CHEMBL2971,CC[C@H]1CCC[C@H]1n1cc(-c2nc(-c3cnn(C[C@@H](O)CO)c3)cn3nccc23)cn1,7.26,0.0,1
CHEMBL2971,CC[N+]1(C2CC[C@H](n3cc(C(N)=O)c(Nc4ccc(Cl)cc4)n3)[C@@H](C#N)C2)CCC1,7.55,0.0,1
CHEMBL2971,CCc1[nH]nc2[nH]c(=O)cc(C3CCCCC3)c12,5.57,0.0,1
CHEMBL2971,CCc1cc(-c2cccs2)ccc1N(C)c1cc2c(cn1)ncn2C,7.38,0.0,1
CHEMBL2971,CCc1cc(-c2cnc(OC)nc2)ccc1N(C)c1cc2c(cn1)ncn2C,6.81,0.0,1
CHEMBL2971,CCc1cc(C#N)cc(F)c1N(C)c1cc2c(ncn2C)c(NC(=O)C2CC2(F)F)n1,6.86,0.0,1
CHEMBL2971,CCc1cc(C#N)cc(F)c1N(C)c1cc2c(ncn2C)c(NC(=O)C2CC2)n1,7.75,0.0,1
CHEMBL2971,CCc1cc(C#N)cc(F)c1N(C)c1cc2c(ncn2C)c(NC(=O)C2CC2F)n1,7.46,0.0,1
CHEMBL2971,CCc1cc(C#N)cc(F)c1N(C)c1cc2c(ncn2C)c(NC(=O)OC)n1,7.55,0.0,1
CHEMBL2971,CCc1cc(C#N)cc(F)c1N(C)c1cc2c(ncn2C)c(NC(=O)[C@@H]2C[C@@H]2F)n1,7.72,0.0,1
CHEMBL2971,CCc1cc(C#N)cc(F)c1N(C)c1cc2c(ncn2C)c(NC(=O)[C@H]2C[C@H]2F)n1,7.52,0.0,1
CHEMBL2971,CCc1cc(C#N)ccc1N(C)c1cc2c(cn1)ncn2C,6.61,0.0,1
CHEMBL2971,CCc1cc(C#N)ccc1N(C)c1cc2c(ncn2C)c(NC(=O)[C@H]2C[C@H]2F)n1,7.41,0.0,1
CHEMBL2971,CCc1cc(C#N)nc(F)c1N(C)c1cc2c(ncn2C)c(NC(=O)[C@H]2C[C@H]2F)n1,7.85,0.0,1
CHEMBL2971,CCc1cc(C#N)ncc1N(C)c1cc2c(ncn2C)c(NC(=O)[C@H]2C[C@H]2F)n1,7.1,0.0,1
CHEMBL2971,CCc1cc(C(N)=O)ccc1N(C)c1cc2c(ncn2C)c(NC(=O)[C@H]2C[C@H]2F)n1,7.82,0.0,1
CHEMBL2971,CCc1cc(C2=CCN(S(=O)(=O)N3CCCCC3)CC2)ccc1N(C)c1cc2c(cn1)ncn2C,7.24,0.0,1
CHEMBL2971,CCc1cc(C2=CCN(S(C)(=O)=O)CC2)ccc1N(C)c1cc2c(cn1)ncn2C,7.57,0.0,1
CHEMBL2971,CCc1cc(C2=CCN(S(C)(=O)=O)CC2)ccc1N(C)c1cc2c(ncn2C)c(NC(=O)C2CC2)n1,7.7,0.0,1
CHEMBL2971,CCc1cc(C2=CCN(S(C)(=O)=O)CC2)ccc1N(C)c1cc2c(ncn2C)c(NC(=O)[C@H]2C[C@H]2F)n1,7.52,0.0,1
CHEMBL2971,CCc1cc(NC(=O)c2cnn3ccc(N4CCC[C@@H]4c4cc(F)cnc4OC)nc23)[nH]n1,8.05,0.0,1
CHEMBL2971,CCc1cc(O)c(F)cc1-c1cc(N)c(C(=N)C(=O)NC)c(NCCc2ccc(NS(=O)(=O)c3ccccc3)cc2)n1,7.59,0.0,1
CHEMBL2971,CCc1cc(O)c(F)cc1-c1cc(N)c(C(=N)C(=O)NC)c(NCc2ccccc2N(CC)S(C)(=O)=O)n1,7.97,0.0,1
CHEMBL2971,CCc1cc(O)c(F)cc1-c1cc(N)c(C(=N)C(N)=O)c(NCc2ccccc2N(C)S(=O)(=O)c2ccccc2)n1,7.64,0.0,1
CHEMBL2971,CCc1cc(O)c(F)cc1-c1cc(N)c(C=N)c(N(C)Cc2ccccc2N(CC)S(C)(=O)=O)n1,8.35,0.0,1
CHEMBL2971,CCc1cc(O)c(F)cc1-c1cc(N)c(C=N)c(N(CCc2ccc(OC)c(OC)c2)Cc2ccccc2N(C)S(C)(=O)=O)n1,7.36,0.0,1
CHEMBL2971,CCc1cc(O)c(F)cc1-c1cc(N)c(C=N)c(NCc2c(F)cccc2N(C)S(C)(=O)=O)n1,8.77,0.0,1
CHEMBL2971,CCc1cc(O)c(F)cc1-c1cc(N)c(C=N)c(NCc2cc(C)ccc2N(C)S(C)(=O)=O)n1,7.5,0.0,1
CHEMBL2971,CCc1cc(O)c(F)cc1-c1cc(N)c(C=N)c(NCc2ccccc2N(C)S(C)(=O)=O)n1,8.3,0.0,1
CHEMBL2971,CCc1cc(O)c(F)cc1-c1cc(N)c(C=N)c(NCc2ccccc2N(CC)S(C)(=O)=O)n1,8.59,0.0,1
CHEMBL2971,CCc1cc(O)c(F)cc1-c1cc(N)c(C=N)c(NCc2ccccc2N(CCO)S(C)(=O)=O)n1,8.33,0.0,1
CHEMBL2971,CCc1cc(O)c(F)cc1-c1cc2[nH]nc(-c3nc(C)c(C)[nH]3)c2c(NCc2ccccc2N(C)S(C)(=O)=O)n1,7.56,0.0,1
CHEMBL2971,CCc1cc(O)c(F)cc1-c1cc2[nH]nc(-c3nc(C)c[nH]3)c2c(NCc2ccccc2N(C)S(C)(=O)=O)n1,7.73,0.0,1
CHEMBL2971,CCc1cc(O)c(F)cc1-c1cc2[nH]nc(-c3ncc[nH]3)c2c(NCc2ccccc2N(C)S(C)(=O)=O)n1,7.82,0.0,1
CHEMBL2971,CCc1cc(O)c(F)cc1-c1cc2[nH]nc(-c3nnc(C)[nH]3)c2c(NCc2ccccc2N(C)S(C)(=O)=O)n1,7.77,0.0,1
CHEMBL2971,CCc1cc(O)c(F)cc1-c1cc2[nH]nc(-n3cccn3)c2c(NCc2ccccc2N(C)S(C)(=O)=O)n1,7.63,0.0,1
CHEMBL2971,CCc1cc(O)c(F)cc1-c1cc2[nH]nc(C(=O)NC)c2c(NCC(C)C)n1,8.12,0.0,1
CHEMBL2971,CCc1cc(O)c(F)cc1-c1cc2[nH]nc(C(=O)NC)c2c(NCC2CCCC2)n1,7.72,0.0,1
CHEMBL2971,CCc1cc(O)c(F)cc1-c1cc2[nH]nc(C(=O)NC)c2c(NCCc2ccc(NS(=O)(=O)c3ccccc3)cc2)n1,7.59,0.0,1
CHEMBL2971,CCc1cc(O)c(F)cc1-c1cc2[nH]nc(C(=O)NC)c2c(NCCc2ccc(O)cc2)n1,8.21,0.0,1
CHEMBL2971,CCc1cc(O)c(F)cc1-c1cc2[nH]nc(C(=O)NC)c2c(NCc2c(F)cccc2N(C)S(C)(=O)=O)n1,8.12,0.0,1
CHEMBL2971,CCc1cc(O)c(F)cc1-c1cc2[nH]nc(C(=O)NC)c2c(NCc2cc(C)ccc2N(C)S(C)(=O)=O)n1,7.88,0.0,1
CHEMBL2971,CCc1cc(O)c(F)cc1-c1cc2[nH]nc(C(=O)NC)c2c(NCc2cc(Cl)ccc2N(C)S(C)(=O)=O)n1,7.8,0.0,1
CHEMBL2971,CCc1cc(O)c(F)cc1-c1cc2[nH]nc(C(=O)NC)c2c(NCc2cc(F)ccc2N(C)S(C)(=O)=O)n1,8.04,0.0,1
CHEMBL2971,CCc1cc(O)c(F)cc1-c1cc2[nH]nc(C(=O)NC)c2c(NCc2cc(O)ccc2N(C)S(C)(=O)=O)n1,8.15,0.0,1
CHEMBL2971,CCc1cc(O)c(F)cc1-c1cc2[nH]nc(C(=O)NC)c2c(NCc2ccc(O)cc2N(C)S(C)(=O)=O)n1,8.07,0.0,1
CHEMBL2971,CCc1cc(O)c(F)cc1-c1cc2[nH]nc(C(=O)NC)c2c(NCc2ccccc2N(C)S(=O)(=O)CC)n1,8.02,0.0,1
CHEMBL2971,CCc1cc(O)c(F)cc1-c1cc2[nH]nc(C(=O)NC)c2c(NCc2ccccc2N(C)S(=O)(=O)c2ccccc2)n1,7.09,0.0,1
CHEMBL2971,CCc1cc(O)c(F)cc1-c1cc2[nH]nc(C(=O)NC)c2c(NCc2ccccc2N(C)S(C)(=O)=O)n1,8.23,0.0,1
CHEMBL2971,CCc1cc(O)c(F)cc1-c1cc2[nH]nc(C(=O)NC)c2c(NCc2ccccc2N(C)S(N)(=O)=O)n1,7.73,0.0,1
CHEMBL2971,CCc1cc(O)c(F)cc1-c1cc2[nH]nc(C(=O)NC)c2c(NCc2ccccc2N(CC)S(=O)(=O)CC)n1,7.77,0.0,1
CHEMBL2971,CCc1cc(O)c(F)cc1-c1cc2[nH]nc(C(=O)NC)c2c(NCc2ccccc2N(CC)S(C)(=O)=O)n1,7.97,0.0,1
CHEMBL2971,CCc1cc(O)c(F)cc1-c1cc2[nH]nc(C(=O)NC)c2c(N[C@@H](C)c2ccccc2N(C)S(C)(=O)=O)n1,7.32,0.0,1
CHEMBL2971,CCc1cc(O)c(F)cc1-c1cc2[nH]nc(C(=O)NC)c2c(N[C@H](C)c2ccccc2N(C)S(C)(=O)=O)n1,7.6,0.0,1
CHEMBL2971,CCc1cc(O)c(F)cc1-c1cc2[nH]nc(C(=O)Nc3ccc(C)nc3)c2c(NCc2ccccc2N(C)S(C)(=O)=O)n1,7.58,0.0,1
CHEMBL2971,CCc1cc(O)c(F)cc1-c1cc2[nH]nc(C(N)=O)c2c(NCc2ccc(O)cc2N(C)S(C)(=O)=O)n1,8.24,0.0,1
CHEMBL2971,CCc1cc(O)c(F)cc1-c1cc2[nH]nc(C(N)=O)c2c(NCc2ccccc2N(C)S(=O)(=O)c2ccccc2)n1,7.64,0.0,1
CHEMBL2971,CCc1cc(O)c(F)cc1-c1cc2[nH]ncc2c(N(C)Cc2cc(C)ccc2N(CC)S(C)(=O)=O)n1,8.1,0.0,1
CHEMBL2971,CCc1cc(O)c(F)cc1-c1cc2[nH]ncc2c(N(C)Cc2ccccc2N(C)S(C)(=O)=O)n1,8.29,0.0,1
CHEMBL2971,CCc1cc(O)c(F)cc1-c1cc2[nH]ncc2c(N(C)Cc2ccccc2N(CC)S(C)(=O)=O)n1,8.35,0.0,1
CHEMBL2971,CCc1cc(O)c(F)cc1-c1cc2[nH]ncc2c(N(CC)Cc2cc(C)ccc2N(C)S(C)(=O)=O)n1,7.36,0.0,1
CHEMBL2971,CCc1cc(O)c(F)cc1-c1cc2[nH]ncc2c(N(CCN2CCOCC2)Cc2ccccc2N(C)S(C)(=O)=O)n1,7.27,0.0,1
CHEMBL2971,CCc1cc(O)c(F)cc1-c1cc2[nH]ncc2c(N(CCc2ccc(NS(C)(=O)=O)cc2)Cc2ccccc2N(C)S(C)(=O)=O)n1,6.81,0.0,1
CHEMBL2971,CCc1cc(O)c(F)cc1-c1cc2[nH]ncc2c(NCc2c(F)cccc2N(C)S(C)(=O)=O)n1,8.77,0.0,1
CHEMBL2971,CCc1cc(O)c(F)cc1-c1cc2[nH]ncc2c(NCc2cc(C)ccc2N(C)S(C)(=O)=O)n1,7.5,0.0,1
CHEMBL2971,CCc1cc(O)c(F)cc1-c1cc2[nH]ncc2c(NCc2cc(Cl)ccc2N(C)S(C)(=O)=O)n1,8.23,0.0,1
CHEMBL2971,CCc1cc(O)c(F)cc1-c1cc2[nH]ncc2c(NCc2ccccc2N(C)S(=O)(=O)CC)n1,8.47,0.0,1
CHEMBL2971,CCc1cc(O)c(F)cc1-c1cc2[nH]ncc2c(NCc2ccccc2N(C)S(C)(=O)=O)n1,8.68,0.0,1
CHEMBL2971,CCc1cc(O)c(F)cc1-c1cc2[nH]ncc2c(NCc2ccccc2N(CC)S(=O)(=O)CC)n1,8.37,0.0,1
CHEMBL2971,CCc1cc(O)c(F)cc1-c1cc2[nH]ncc2c(NCc2ccccc2N(CC)S(C)(=O)=O)n1,8.59,0.0,1
CHEMBL2971,CCc1cc(O)c(F)cc1-c1cc2[nH]ncc2c(NCc2ccccc2N(CCO)S(C)(=O)=O)n1,8.33,0.0,1
CHEMBL2971,CCc1cc(O)c(F)cc1-c1ccc2c(-c3nc4c([nH]3)CCN(C(=O)c3cnc(N5CCCCC5)cn3)C4)n[nH]c2c1,5.28,0.0,1
CHEMBL2971,CCc1cc(O)c(F)cc1-c1nc(N(CCc2ccc(OC)c(OC)c2)Cc2ccccc2N(C)S(C)(=O)=O)c2cn[nH]c2n1,7.36,0.0,1
CHEMBL2971,CCc1cc(O)c(F)cc1-c1nc(N)c(C(=N)C(N)=O)c(NCc2ccccc2N(C)S(=O)(=O)c2ccccc2)n1,7.57,0.0,1
CHEMBL2971,CCc1cc(O)c(F)cc1-c1nc(NCc2ccccc2N(C)S(=O)(=O)c2ccccc2)c2c(C(N)=O)n[nH]c2n1,7.57,0.0,1
CHEMBL2971,CCc1cc(O)c(F)cc1-c1nc(NCc2ccccc2N(C)S(C)(=O)=O)c2c(C(=O)NC)n[nH]c2n1,8.08,0.0,1
CHEMBL2971,CCc1cc(O)c(F)cc1-c1nc(NCc2ccccc2N(C)S(C)(=O)=O)c2cn[nH]c2n1,8.3,0.0,1
CHEMBL2971,CCc1cc(O)cc(C)c1-c1cc2[nH]ncc2c(NCc2ccccc2N(C)S(C)(=O)=O)n1,6.92,0.0,1
CHEMBL2971,CCc1cc(O)ccc1-c1cc(N)c(C=N)c(N2CC(C)(O)C2)n1,8.0,0.0,1
CHEMBL2971,CCc1cc(O)ccc1-c1cc(N)c(C=N)c(N2CC(Oc3ccccc3)C2)n1,7.08,0.0,1
CHEMBL2971,CCc1cc(O)ccc1-c1cc(N)c(C=N)c(NCCc2ccc(-c3ccccc3)cc2)n1,6.74,0.0,1
CHEMBL2971,CCc1cc(O)ccc1-c1cc(N)c(C=N)c(NCc2ccccc2N(C)SC)n1,9.0,0.0,1
CHEMBL2971,CCc1cc(O)ccc1-c1cc2[nH]ncc2c(N2CC(C)(O)C2)n1,8.0,0.0,1
CHEMBL2971,CCc1cc(O)ccc1-c1cc2[nH]ncc2c(N2CC(Oc3cc(C#N)ccc3Cl)C2)n1,6.89,0.0,1
CHEMBL2971,CCc1cc(O)ccc1-c1cc2[nH]ncc2c(N2CC(Oc3ccccc3)C2)n1,7.08,0.0,1
CHEMBL2971,CCc1cc(O)ccc1-c1cc2[nH]ncc2c(N2CCC(OC)CC2)n1,7.9,0.0,1
CHEMBL2971,CCc1cc(O)ccc1-c1cc2[nH]ncc2c(N2CCC(S(=O)(=O)N(C)C)C2)n1,7.63,0.0,1
CHEMBL2971,CCc1cc(O)ccc1-c1cc2[nH]ncc2c(N2CCc3c(Cl)cccc3C2)n1,7.33,0.0,1
CHEMBL2971,CCc1cc(O)ccc1-c1cc2[nH]ncc2c(N2CCc3c(cccc3C(=O)NCc3ccccc3)C2)n1,8.3,0.0,1
CHEMBL2971,CCc1cc(O)ccc1-c1cc2[nH]ncc2c(N2CCc3c(cccc3NS(C)(=O)=O)C2)n1,8.35,0.0,1
CHEMBL2971,CCc1cc(O)ccc1-c1cc2[nH]ncc2c(N2CCc3c(cccc3NSC)C2)n1,8.35,0.0,1
CHEMBL2971,CCc1cc(O)ccc1-c1cc2[nH]ncc2c(N2CCc3cc(-n4cnc(C)c4)ccc3C2)n1,7.58,0.0,1
CHEMBL2971,CCc1cc(O)ccc1-c1cc2[nH]ncc2c(N2CCc3cc(F)ccc3C2)n1,7.77,0.0,1
CHEMBL2971,CCc1cc(O)ccc1-c1cc2[nH]ncc2c(N2CCc3cc(OC)c(OCc4ccccc4)cc3C2)n1,6.92,0.0,1
CHEMBL2971,CCc1cc(O)ccc1-c1cc2[nH]ncc2c(N2CCc3cc(OCCOC)ccc3C2)n1,7.59,0.0,1
CHEMBL2971,CCc1cc(O)ccc1-c1cc2[nH]ncc2c(N2CCc3ccc(OC)c(OC)c3C2)n1,7.28,0.0,1
CHEMBL2971,CCc1cc(O)ccc1-c1cc2[nH]ncc2c(N2CCc3ccc(S(=O)(=O)NCCN4CCCC4)cc3C2)n1,8.0,0.0,1
CHEMBL2971,CCc1cc(O)ccc1-c1cc2[nH]ncc2c(N2CCc3cccc(OC)c3C2)n1,7.6,0.0,1
CHEMBL2971,CCc1cc(O)ccc1-c1cc2[nH]ncc2c(NCCc2ccc(-c3ccccc3)cc2)n1,6.74,0.0,1
CHEMBL2971,CCc1cc(O)ccc1-c1cc2[nH]ncc2c(NCc2c(C)cccc2N(C)S(C)(=O)=O)n1,7.83,0.0,1
CHEMBL2971,CCc1cc(O)ccc1-c1cc2[nH]ncc2c(NCc2c(C)cccc2N(C)[S+](C)[O-])n1,7.83,0.0,1
CHEMBL2971,CCc1cc(O)ccc1-c1cc2[nH]ncc2c(NCc2ccccc2N(C)SC)n1,9.0,0.0,1
CHEMBL2971,CCc1cc(S(C)(=O)=O)cc(F)c1N(C)c1cc2c(ncn2C)c(NC(=O)N2CC(O)C2)n1,6.2,0.0,1
CHEMBL2971,CCc1cc(S(C)(=O)=O)cc(F)c1N(C)c1cc2c(ncn2C)c(NC(=O)NC)n1,6.99,0.0,1
CHEMBL2971,CCc1cc(S(C)(=O)=O)cc(F)c1N(C)c1cc2c(ncn2C)c(NC(=O)NCCO)n1,7.27,0.0,1
CHEMBL2971,CCc1cc(S(C)(=O)=O)cc(F)c1N(C)c1cc2c(ncn2C)c(NC(=O)[C@H]2C[C@H]2F)n1,7.14,0.0,1
CHEMBL2971,CCc1cc(S(C)(=O)=O)cc(F)c1N(C)c1cc2c(ncn2C)c(Nc2cnn(CC#N)c2)n1,9.28,0.0,1
CHEMBL2971,CCc1cc2c(cn1)CN(C1CCOCC1)c1nccc3[nH]nc-2c13,5.77,0.0,1
CHEMBL2971,CCc1ccc(C#N)cc1N(C)c1cc2c(ncn2C)c(NC(=O)[C@H]2C[C@H]2F)n1,8.19,0.0,1
CHEMBL2971,CCc1ccc(C(F)(F)F)cc1-c1[nH]c(-c2ccnc(N)n2)cc1C(N)=O,8.7,0.0,1
CHEMBL2971,CCc1ccc(C(F)(F)F)cc1-c1c(C(N)=O)cc(-c2cc(N)ncn2)n1C,8.52,0.0,1
CHEMBL2971,CCc1ccc(C(F)(F)F)cc1-c1c(C(N)=O)cc(-c2cc(NC)ncn2)n1C,8.4,0.0,1
CHEMBL2971,CCc1ccc(C(F)(F)F)cc1-c1c(C(N)=O)cc(-c2ncnc3[nH]ccc23)n1C,8.52,0.0,1
CHEMBL2971,CCc1ccc(C(F)(F)F)cc1-c1cc(-c2ncnc3[nH]ccc23)n(C)c1C(N)=O,8.05,0.0,1
CHEMBL2971,CCc1ccc(C(F)(F)F)cc1-c1cn(-c2cc(N)ncn2)cc1C(N)=O,8.22,0.0,1
CHEMBL2971,CCc1ccc(C(N)=O)cc1N(C)c1cc2c(ncn2C)c(NC(=O)[C@H]2C[C@H]2F)n1,6.79,0.0,1
CHEMBL2971,CCc1ccc(COC[C@H]2CCN(S(=O)(=O)C[C@H]3CC[C@H](N(C)c4ncnc5[nH]ccc45)CC3)C2)nc1,7.2,0.0,1
CHEMBL2971,CCc1ccc(Cl)cc1-c1[nH]c(-c2ccnc(N)n2)cc1C(N)=O,8.52,0.0,1
CHEMBL2971,CCc1ccc(Cl)cc1-c1c(C(=O)NC)cc(-c2cc(N)ncn2)n1C,8.3,0.0,1
CHEMBL2971,CCc1ccc(Cl)cc1-c1c(C(N)=O)cc(-c2cc(NC)ncn2)n1C,9.0,0.0,1
CHEMBL2971,CCc1ccc(Cl)cc1-c1c(C(N)=O)cc(-c2ncnc3[nH]ccc23)n1C,9.0,0.0,1
CHEMBL2971,CCc1ccc(Cl)cc1-c1cc(-c2ncnc3[nH]ccc23)[nH]c1C(N)=O,8.52,0.0,1
CHEMBL2971,CCc1ccc(Cl)cc1-c1cc(-c2ncnc3[nH]ccc23)n(C)c1C(N)=O,8.52,0.0,1
CHEMBL2971,CCc1ccc(Cl)cc1-c1cn(-c2cc(N)ncn2)cc1C(N)=O,8.1,0.0,1
CHEMBL2971,CCc1ccc(Cl)cc1-c1cn(-c2cc(NC)ncn2)cc1C(N)=O,7.92,0.0,1
CHEMBL2971,CCc1ccc(Cl)cc1-c1cn(-c2ncnc3[nH]ccc23)cc1C(N)=O,9.0,0.0,1
CHEMBL2971,CCc1ccc(Cl)cc1-n1cc(-c2cc(N)ncn2)cc1C#N,7.18,0.0,1
CHEMBL2971,CCc1ccc(Cl)cc1-n1cc(-c2cc(N)ncn2)cc1C(N)=O,8.1,0.0,1
CHEMBL2971,CCc1ccc(Cl)cc1-n1cc(-c2cc(NC)ncn2)cc1C(N)=O,7.92,0.0,1
CHEMBL2971,CCc1ccc(Cl)cc1-n1cc(-c2ncnc3[nH]ccc23)cc1C#N,8.22,0.0,1
CHEMBL2971,CCc1ccc(Cl)cc1-n1cc(-c2ncnc3[nH]ccc23)cc1C(N)=O,9.0,0.0,1
CHEMBL2971,CCc1ccc(Cl)cc1-n1cc(-c2ncnn3cccc23)cc1C(N)=O,7.7,0.0,1
CHEMBL2971,CCc1ccc(NC(=O)N2CC(CC#N)(n3cc(C(N)=O)c(Nc4ccccc4)n3)C2)cc1,7.55,0.0,1
CHEMBL2971,CCc1ccc(OC)cc1N(C)c1cc2c(ncn2C)c(NC(=O)[C@H]2C[C@H]2F)n1,7.82,0.0,1
CHEMBL2971,CCc1cccc(C)c1NC(=O)N1CC(CC#N)(n2cc(C(N)=O)c(Nc3ccccc3)n2)C1,5.92,0.0,1
CHEMBL2971,CCc1cccc(F)c1Nc1nc(Nc2cnn(C(C)(C)C)c2)ncc1C(N)=O,9.01,0.0,1
CHEMBL2971,CCc1cccc(NC(=O)N2CC(CC#N)(n3cc(C(N)=O)c(Nc4ccccc4)n3)C2)c1,6.84,0.0,1
CHEMBL2971,CCc1ccccc1CNc1nc(Nc2cnn(CC)c2)ncc1C(N)=O,9.0,0.0,1
CHEMBL2971,CCc1ccccc1N(C)c1cc2c(ncn2C)c(NC)n1,6.14,0.0,1
CHEMBL2971,CCc1ccccc1NC(=O)N1CC(CC#N)(n2cc(C(N)=O)c(Nc3ccccc3)n2)C1,6.52,0.0,1
CHEMBL2971,CCc1ccccc1Nc1nc(Nc2cnn(C(C)(C)C)c2)ncc1C(N)=O,8.9,0.0,1
CHEMBL2971,CCc1ccccc1Nc1nc(Nc2cnn(C(C)C)c2)ncc1C(N)=O,9.25,0.0,1
CHEMBL2971,CCc1ccccc1Nc1nc(Nc2cnn(C3CCOCC3)c2)ncc1C(N)=O,9.52,0.0,1
CHEMBL2971,CCc1ccccc1Nc1nc(Nc2cnn(CC)c2)ncc1C(N)=O,9.74,0.0,1
CHEMBL2971,CCc1ccnc(F)c1N(C)c1cc2c(ncn2C)c(NC(=O)[C@H]2C[C@H]2F)n1,6.96,0.0,1
CHEMBL2971,CCc1cncc2ccc(NC(=O)[C@@H]3CC3c3ccc(S(=O)(=O)Nc4ccccn4)cc3)cc12,9.1,0.0,1
CHEMBL2971,CCc1cncc2ccc(NC(=O)[C@@H]3CC3c3ccc(S(=O)(=O)Nc4ncccn4)cc3)cc12,9.0,0.0,1
CHEMBL2971,CCc1cncc2ccc(NC(=O)[C@@H]3C[C@H]3c3ccc(S(=O)(=O)Nc4ncc(C5CCNCC5)cn4)cc3)cc12,7.7,0.0,1
CHEMBL2971,CCc1nc(Nc2nc3c(cc(C(=O)N(C4CC4)C4CC4)n3CC)c3c2ncn3C)sc1C,8.85,0.0,1
CHEMBL2971,CCc1ncc(F)cc1C1CCCN1c1ccn2ncc(C(=O)NCC(C)(C)O)c2n1,7.14,0.0,1
CHEMBL2971,CCc1ncc(F)cc1[C@H]1CCCN1c1ccn2ncc(C(=O)NC3CC3)c2n1,7.95,0.0,1
CHEMBL2971,CCc1ncc(F)cc1[C@H]1CCCN1c1ccn2ncc(C(=O)NC3CCC(O)CC3)c2n1,8.44,0.0,1
CHEMBL2971,CCc1ncc(F)cc1[C@H]1CCCN1c1ccn2ncc(C(=O)N[C@H]3CC[C@H](O)C3)c2n1,7.9,0.0,1
CHEMBL2971,CCc1nsc(NC(=O)N2C[C@H]3C[C@H](N(C)c4ncnc5[nH]ccc45)C[C@H]3C2)n1,7.51,0.0,1
CHEMBL2971,CCc1nsc(OC(=O)N2C[C@H]3C[C@H](N(C)c4ncnc5[nH]ccc45)C[C@H]3C2)n1,7.51,0.0,1
CHEMBL2971,CCn1c(-c2ccnc(N)n2)cc(C(N)=O)c1-c1cc(Cl)ccc1C,5.81,0.0,1
CHEMBL2971,CCn1c(C(=O)N(C2CC2)C2CC2)cc2c3c(ncn3C)c(NC(=O)NCCOC)nc21,7.92,0.0,1
CHEMBL2971,CCn1c(C(=O)N(C2CC2)C2CC2)cc2c3c(ncn3C)c(NC(=O)OCCOC)nc21,7.6,0.0,1
CHEMBL2971,CCn1c(C(=O)N(C2CC2)C2CC2)cc2c3c(ncn3C)c(NC)nc21,8.38,0.0,1
CHEMBL2971,CCn1c(C(=O)N(C2CC2)C2CC2)cc2c3c(ncn3C)c(NCCCOC)nc21,7.4,0.0,1
CHEMBL2971,CCn1c(C(=O)N(C2CC2)C2CC2)cc2c3c(ncn3C)c(Nc3cc(C)[nH]n3)nc21,8.92,0.0,1
CHEMBL2971,CCn1c(C(=O)N(C2CC2)C2CC2)cc2c3c(ncn3C)c(Nc3cc(C)n(C)n3)nc21,8.96,0.0,1
CHEMBL2971,CCn1c(C(=O)N(C2CC2)C2CC2)cc2c3c(ncn3C)c(Nc3cc(C)nn3C)nc21,6.64,0.0,1
CHEMBL2971,CCn1c(C(=O)N(C2CC2)C2CC2)cc2c3c(ncn3C)c(Nc3nc(C(=O)NC)c(C)s3)nc21,8.51,0.0,1
CHEMBL2971,CCn1c(C(=O)N(C2CC2)C2CC2)cc2c3c(ncn3C)c(Nc3nc(C)c(C(=O)N4CCS(=O)(=O)CC4)s3)nc21,9.15,0.0,1
CHEMBL2971,CCn1c(C(=O)N(C2CC2)C2CC2)cc2c3c(ncn3C)c(Nc3nc(C)c(C(=O)NC)s3)nc21,9.05,0.0,1
CHEMBL2971,CCn1c(C(=O)N(C2CC2)C2CC2)cc2c3c(ncn3C)c(Nc3nc(C)c(C)s3)nc21,8.6,0.0,1
CHEMBL2971,CCn1c(C(=O)N(C2CC2)C2CC2)cc2c3c(ncn3C)c(Nc3nc(C)c(S(C)(=O)=O)s3)nc21,8.85,0.0,1
CHEMBL2971,CCn1c(C(=O)N(C2CC2)C2CC2)cc2c3c(ncn3C)c(Nc3nc(C)cs3)nc21,8.72,0.0,1
CHEMBL2971,CCn1c(C(=O)N(C2CC2)C2CC2)cc2c3c(ncn3C)c(Nc3nc(C)n(C)n3)nc21,7.48,0.0,1
CHEMBL2971,CCn1c(C(=O)N(C2CC2)C2CC2)cc2c3c(ncn3C)c(Nc3ncc(C)s3)nc21,8.68,0.0,1
CHEMBL2971,CCn1c(C(=O)N(C2CC2)C2CC2)cc2c3c(ncn3C)c(Nc3nccs3)nc21,8.85,0.0,1
CHEMBL2971,CCn1cc(-c2cc(-c3cnn(C4(CC#N)CN(S(C)(=O)=O)C4)n3)c3cccnc3c2)ccc1=O,6.17,0.0,1
CHEMBL2971,CCn1cc(-c2cc3ncccc3c(-c3ccn(C4(CC#N)CC(C#N)C4)n3)n2)cn1,7.495,0.45961940777125615,2
CHEMBL2971,CCn1cc(-c2cc3ncccc3c(-c3ccn(C4(CC#N)CN(CC(F)(F)F)C4)n3)n2)cn1,6.86,0.0,1
CHEMBL2971,CCn1cc(-c2cc3ncccc3c(-c3ccn(C4(CC#N)CN(S(C)(=O)=O)C4)n3)n2)ccc1=O,6.64,0.0,1
CHEMBL2971,CCn1cc(-c2cnc3[nH]cc(C(=O)N[C@H](C)C(=O)N4CC(C#N)C4)c3n2)cn1,7.75,0.0,1
CHEMBL2971,CCn1cc(Nc2nc3c(-c4ccc(C(F)(F)F)cc4)cccn3n2)cn1,8.55,0.0,1
CHEMBL2971,CCn1cc(Nc2nc3c(-c4ccc(S(C)(=O)=O)cc4)cccn3n2)cn1,8.73,0.0,1
CHEMBL2971,CCn1cc(Nc2nc3c(Oc4ccc(S(C)(=O)=O)cc4)cccn3n2)cn1,5.94,0.0,1
CHEMBL2971,CCn1cc(Nc2ncc(C(N)=O)c(NCC(C)(C)C)n2)cn1,8.13,0.0,1
CHEMBL2971,CCn1cc(Nc2ncc(C(N)=O)c(NCC(C)C)n2)cn1,8.34,0.0,1
CHEMBL2971,CCn1cc(Nc2ncc(C(N)=O)c(NCC3CC3)n2)cn1,8.0,0.0,1
CHEMBL2971,CCn1cc(Nc2ncc(C(N)=O)c(NCC3CCC3)n2)cn1,8.39,0.0,1
CHEMBL2971,CCn1cc(Nc2ncc(C(N)=O)c(NCC3CCCC3)n2)cn1,8.71,0.0,1
CHEMBL2971,CCn1cc(Nc2ncc(C(N)=O)c(NCC3CCCCC3)n2)cn1,8.47,0.0,1
CHEMBL2971,CCn1cc(Nc2ncc(C(N)=O)c(NCC3CCOCC3)n2)cn1,8.05,0.0,1
CHEMBL2971,CCn1cc(Nc2ncc(C(N)=O)c(NCCC#N)n2)cn1,7.07,0.0,1
CHEMBL2971,CCn1cc(Nc2ncc(C(N)=O)c(NCCC(C)(C)C)n2)cn1,8.78,0.0,1
CHEMBL2971,CCn1cc(Nc2ncc(C(N)=O)c(NCCC(C)C)n2)cn1,8.52,0.0,1
CHEMBL2971,CCn1cc(Nc2ncc(C(N)=O)c(NCCC3CC3)n2)cn1,8.5,0.0,1
CHEMBL2971,CCn1cc(Nc2ncc(C(N)=O)c(NCCC3CCCCC3)n2)cn1,7.75,0.0,1
CHEMBL2971,CCn1cc(Nc2ncc(C(N)=O)c(NCCCC(C)C)n2)cn1,8.5,0.0,1
CHEMBL2971,CCn1cc(Nc2ncc(C(N)=O)c(NCCOC)n2)cn1,8.51,0.0,1
CHEMBL2971,CCn1cc(Nc2ncc(C(N)=O)c(NCCc3c(F)cccc3F)n2)cn1,8.68,0.0,1
CHEMBL2971,CCn1cc(Nc2ncc(C(N)=O)c(NCCc3ccccc3)n2)cn1,8.74,0.0,1
CHEMBL2971,CCn1cc(Nc2ncc(C(N)=O)c(NCCc3ccccc3C)n2)cn1,8.44,0.0,1
CHEMBL2971,CCn1cc(Nc2ncc(C(N)=O)c(NCCc3ccccc3F)n2)cn1,8.56,0.0,1
CHEMBL2971,CCn1cc(Nc2ncc(C(N)=O)c(NC[C@@H](C)c3ccccc3)n2)cn1,8.6,0.0,1
CHEMBL2971,CCn1cc(Nc2ncc(C(N)=O)c(NCc3c(C)cccc3Cl)n2)cn1,8.48,0.0,1
CHEMBL2971,CCn1cc(Nc2ncc(C(N)=O)c(NCc3c(F)cc(F)cc3F)n2)cn1,8.34,0.0,1
CHEMBL2971,CCn1cc(Nc2ncc(C(N)=O)c(NCc3c(F)ccc(C)c3F)n2)cn1,8.53,0.0,1
CHEMBL2971,CCn1cc(Nc2ncc(C(N)=O)c(NCc3c(F)ccc(F)c3Cl)n2)cn1,8.51,0.0,1
CHEMBL2971,CCn1cc(Nc2ncc(C(N)=O)c(NCc3c(F)ccc(F)c3F)n2)cn1,8.73,0.0,1
CHEMBL2971,CCn1cc(Nc2ncc(C(N)=O)c(NCc3c(F)cccc3C(F)(F)F)n2)cn1,8.51,0.0,1
CHEMBL2971,CCn1cc(Nc2ncc(C(N)=O)c(NCc3c(F)cccc3Cl)n2)cn1,9.24,0.0,1
CHEMBL2971,CCn1cc(Nc2ncc(C(N)=O)c(NCc3c(F)cccc3F)n2)cn1,9.265,0.035355339059325995,2
CHEMBL2971,CCn1cc(Nc2ncc(C(N)=O)c(NCc3c(F)cccc3OC)n2)cn1,9.38,0.0,1
CHEMBL2971,CCn1cc(Nc2ncc(C(N)=O)c(NCc3c[nH]c4ccccc34)n2)cn1,8.24,0.0,1
CHEMBL2971,CCn1cc(Nc2ncc(C(N)=O)c(NCc3cc(C(F)(F)F)ccc3F)n2)cn1,8.11,0.0,1
CHEMBL2971,CCn1cc(Nc2ncc(C(N)=O)c(NCc3cc(Cl)ccc3F)n2)cn1,9.03,0.0,1
CHEMBL2971,CCn1cc(Nc2ncc(C(N)=O)c(NCc3cc(Cl)ccc3OC)n2)cn1,8.95,0.0,1
CHEMBL2971,CCn1cc(Nc2ncc(C(N)=O)c(NCc3cc(F)cc(C(F)(F)F)c3)n2)cn1,7.8,0.0,1
CHEMBL2971,CCn1cc(Nc2ncc(C(N)=O)c(NCc3cc(F)cc(F)c3)n2)cn1,8.19,0.0,1
CHEMBL2971,CCn1cc(Nc2ncc(C(N)=O)c(NCc3cc(F)cc(F)c3F)n2)cn1,8.58,0.0,1
CHEMBL2971,CCn1cc(Nc2ncc(C(N)=O)c(NCc3cc(F)ccc3C#N)n2)cn1,8.81,0.0,1
CHEMBL2971,CCn1cc(Nc2ncc(C(N)=O)c(NCc3cc(F)ccc3Cl)n2)cn1,8.94,0.0,1
CHEMBL2971,CCn1cc(Nc2ncc(C(N)=O)c(NCc3cc(F)ccc3F)n2)cn1,8.65,0.0,1
CHEMBL2971,CCn1cc(Nc2ncc(C(N)=O)c(NCc3cc(OC)ccc3OC)n2)cn1,8.58,0.0,1
CHEMBL2971,CCn1cc(Nc2ncc(C(N)=O)c(NCc3cccc(C#N)c3)n2)cn1,7.94,0.0,1
CHEMBL2971,CCn1cc(Nc2ncc(C(N)=O)c(NCc3cccc(C)c3)n2)cn1,7.97,0.0,1
CHEMBL2971,CCn1cc(Nc2ncc(C(N)=O)c(NCc3cccc(Cl)c3)n2)cn1,8.46,0.0,1
CHEMBL2971,CCn1cc(Nc2ncc(C(N)=O)c(NCc3cccc(Cl)c3F)n2)cn1,8.47,0.0,1
CHEMBL2971,CCn1cc(Nc2ncc(C(N)=O)c(NCc3cccc(F)c3)n2)cn1,8.295,0.03535533905932788,2
CHEMBL2971,CCn1cc(Nc2ncc(C(N)=O)c(NCc3cccc4c3OCCO4)n2)cn1,8.07,0.0,1
CHEMBL2971,CCn1cc(Nc2ncc(C(N)=O)c(NCc3ccccc3C#N)n2)cn1,8.05,0.0,1
CHEMBL2971,CCn1cc(Nc2ncc(C(N)=O)c(NCc3ccccc3C(F)(F)F)n2)cn1,8.22,0.0,1
CHEMBL2971,CCn1cc(Nc2ncc(C(N)=O)c(NCc3ccccc3C)n2)cn1,8.56,0.0,1
CHEMBL2971,CCn1cc(Nc2ncc(C(N)=O)c(NCc3ccccc3C3CC3)n2)cn1,8.18,0.0,1
CHEMBL2971,CCn1cc(Nc2ncc(C(N)=O)c(NCc3ccccc3Cl)n2)cn1,8.42,0.0,1
CHEMBL2971,CCn1cc(Nc2ncc(C(N)=O)c(NCc3ccccc3F)n2)cn1,8.25,0.0,1
CHEMBL2971,CCn1cc(Nc2ncc(C(N)=O)c(NCc3ccccc3O)n2)cn1,8.04,0.0,1
CHEMBL2971,CCn1cc(Nc2ncc(C(N)=O)c(NCc3cccnc3)n2)cn1,7.39,0.0,1
CHEMBL2971,CCn1cc(Nc2ncc(C(N)=O)c(NCc3cccnc3OC)n2)cn1,8.07,0.0,1
CHEMBL2971,CCn1cc(Nc2ncc(C(N)=O)c(NCc3ccncc3)n2)cn1,8.37,0.0,1
CHEMBL2971,CCn1cc(Nc2ncc(C(N)=O)c(Nc3c(F)cccc3Cl)n2)cn1,9.29,0.0,1
CHEMBL2971,CCn1cc(Nc2nccc(N3C[C@H]4CC[C@@H](C3)N4C(=O)[C@@H]3C[C@H]3C#N)n2)cn1,7.17,0.0,1
CHEMBL2971,CCn1cc2c(n1)CN(C1CCN(C(C)C)CC1)c1nccc3[nH]nc-2c13,5.52,0.0,1
CHEMBL2971,CCn1cc2c(n1)CN(C1CCOCC1)c1nccc3[nH]nc-2c13,6.18,0.0,1
CHEMBL2971,CCn1ccnc1CN1CCC(CC#N)(n2cc(C(N)=O)c(Nc3ccnc(F)c3)n2)CC1,6.35,0.0,1
CHEMBL2971,CCn1ccnc1CN1CC[C@@H](C#N)[C@H](n2cc(C(N)=O)c(Nc3ccc(F)cc3)n2)C1,7.96,0.0,1
CHEMBL2971,CCn1ccnc1CN1CC[C@@H](n2cc(C(N)=O)c(Nc3ccc(F)cc3)n2)[C@H](C#N)C1,7.09,0.0,1
CHEMBL2971,CCn1nc(C#Cc2cc(C(=O)Nc3ccc(CN4CCN(C)CC4)c(C(F)(F)F)c3)ccc2C)c2c(N)ncnc21,5.54,0.0,1
CHEMBL2971,CCn1nc(Nc2cc(O[C@H]3CC[C@@H](NC[C@@H](O)C(F)(F)F)CC3)cc3c2ncn3C)cc1C,6.04,0.0,1
CHEMBL2971,CCn1nc(Nc2nc3c(cc(C(=O)N(C4CC4)C4CC4)n3CC)c3c2ncn3C)cc1C,8.82,0.0,1
CHEMBL2971,CCn1ncc2c1CN(C1CCN(C(C)C)CC1)c1nccc3[nH]nc-2c13,5.27,0.0,1
CHEMBL2971,CCn1ncc2c1CN(C1CCOCC1)c1nccc3[nH]nc-2c13,5.82,0.0,1
CHEMBL2971,CN(C#N)C1CCc2ccc(-c3ncnc4[nH]ccc34)cc21,5.06,0.0,1
CHEMBL2971,CN(C(=O)C1(C#N)CC1)[C@@H]1CCN(c2ncnc3[nH]ccc23)C1,9.26,0.0,1
CHEMBL2971,CN(C(=O)CC#N)C1CCCN(c2ncnc3[nH]ccc23)C1,9.26,0.0,1
CHEMBL2971,CN(C(=O)CC#N)C1CCN(c2nccc(-c3cnc4[nH]ccc4c3N[C@@H]3CCCN(C(=O)CC#N)C3)n2)C1,7.26,0.0,1
CHEMBL2971,CN(C(=O)CC#N)[C@@H]1CCN(c2ncnc3[nH]ccc23)C1,8.26,2.8284271247461903,2
CHEMBL2971,CN(C(=O)N[C@H]1CCCN(S(C)(=O)=O)C1)c1cnc2[nH]ccc2n1,5.36,0.0,1
CHEMBL2971,CN(C(=O)Nc1ccc(C#N)cc1)[C@@H]1CCN(c2ncnc3[nH]ccc23)C1,9.26,0.0,1
CHEMBL2971,CN(C(=O)Nc1ccc(C(F)(F)F)cc1)[C@@H]1CCN(c2ncnc3[nH]ccc23)C1,9.26,0.0,1
CHEMBL2971,CN(C(=O)Nc1cccc(C#N)c1)[C@@H]1CCN(c2ncnc3[nH]ccc23)C1,9.26,0.0,1
CHEMBL2971,CN(C(=O)OC(C)(C)C)[C@H]1CCN(S(=O)(=O)C[C@H]2CC[C@H](N(C)c3ncnc4[nH]ccc34)CC2)C1,7.09,0.0,1
CHEMBL2971,CN(C(=O)[C@@H]1CC[C@@](CC#N)(n2nc(Nc3ccc4c(c3)CN(C(C)(C)C)S4(=O)=O)c3c(=O)[nH]ccc32)CO1)C(C)(C)C,8.68,0.0,1
CHEMBL2971,CN(C(=O)c1ccc(N(C)[C@@H]2CCN(c3ncnc4[nH]ccc34)C2)nc1)c1ccc(F)cc1,9.26,0.0,1
CHEMBL2971,CN(C(=O)c1ccc(N(C)[C@@H]2CCN(c3ncnc4[nH]ccc34)C2)nc1)c1ccccc1,9.26,0.0,1
CHEMBL2971,CN(C(C)(C)C(=O)OC(C)(C)C)S(=O)(=O)c1ccc(Nc2nn(C3(CC#N)CCCC3)c3cc[nH]c(=O)c23)cc1,8.23,0.0,1
CHEMBL2971,CN(C(C)(C)C(=O)OC(C)(C)C)S(=O)(=O)c1ccc(Nc2nn([C@@H](CC#N)C3CC3)c3cc[nH]c(=O)c23)cc1,5.71,0.0,1
CHEMBL2971,CN(C(C)(C)C)S(=O)(=O)c1ccc(Nc2nn(C3(CC#N)CCCC3)c3cc[nH]c(=O)c23)cc1,8.97,0.0,1
CHEMBL2971,CN(C(C)(C)C)S(=O)(=O)c1ccc(Nc2nn(C3(CC#N)CCN(C(=O)C(C)(F)F)CC3)c3cc[nH]c(=O)c23)cc1,9.74,0.0,1
CHEMBL2971,CN(C(C)(C)C)S(=O)(=O)c1ccc(Nc2nn(C3(CC#N)CCOCC3)c3cc[nH]c(=O)c23)cc1,8.85,0.0,1
CHEMBL2971,CN(C(C)(C)C)S(=O)(=O)c1ccc(Nc2nn([C@@H]3CCCCC[C@H]3C#N)c3cc[nH]c(=O)c23)cc1,6.43,0.0,1
CHEMBL2971,CN(C(C)(C)C)S(=O)(=O)c1ccc(Nc2nn([C@H]3CCCCC[C@@H]3C#N)c3cc[nH]c(=O)c23)cc1,4.75,0.0,1
CHEMBL2971,CN(C(C)(C)C)S(=O)(=O)c1ccc(Nc2nn([C@H]3CCCC[C@@H]3C#N)c3cc[nH]c(=O)c23)cc1,6.17,0.0,1
CHEMBL2971,CN(C(C)(C)C)S(=O)(=O)c1ccc(Nc2nn([C@H]3COCC[C@@H]3C#N)c3cc[nH]c(=O)c23)cc1,6.52,0.0,1
CHEMBL2971,CN(C(C)(C)C)S(=O)(=O)c1ccc(Nc2nn([C@]3(CC#N)CCCOC3)c3cc[nH]c(=O)c23)cc1,9.24,0.0,1
CHEMBL2971,CN(C(C)(C)C)S(=O)(=O)c1ccc(Nc2nn([C@]3(CC#N)CC[C@@H](C(=O)OC(C)(C)C)OC3)c3cc[nH]c(=O)c23)cc1,9.39,0.0,1
CHEMBL2971,CN(C(C1CC1)C1CC1)[C@@H]1CC[C@H](n2cc(C(N)=O)c(Nc3ccc(S(=O)(=O)C(F)(F)F)cc3)n2)[C@@H](C#N)C1,6.77,0.0,1
CHEMBL2971,CN(C(C1CC1)C1CC1)[C@H]1CC[C@H](n2cc(C(N)=O)c(Nc3ccc(S(=O)(=O)C(F)(F)F)cc3)n2)[C@@H](C#N)C1,8.7,0.0,1
CHEMBL2971,CN(C)C(=O)/C(C#N)=C/c1ccc(-c2nc3cnc4[nH]ccc4c3n2C2CCCCC2)o1,6.46,0.0,1
CHEMBL2971,CN(C)C(=O)/C=C/c1ccc(-c2nc3cnc4[nH]ccc4c3n2C2CCCCC2)o1,6.95,0.0,1
CHEMBL2971,CN(C)C(=O)C(C#N)=Cc1ccc(-c2nc3cnc4[nH]ccc4c3n2C2CCCCC2)o1,5.96,0.7071067811865476,2
CHEMBL2971,CN(C)C(=O)C1CCCN(c2cc(-c3c(N)nn4cccnc34)ncn2)C1,6.7,0.0,1
CHEMBL2971,CN(C)C(=O)C1CCN(c2ccc(Nc3ncc4ccn(-c5ccc(F)c(NS(=O)(=O)C(C)(C)C)c5)c4n3)cc2F)CC1,6.89,0.0,1
CHEMBL2971,CN(C)C(=O)CCc1ccc(-c2nc3cnc4[nH]ccc4c3n2C2CCCCC2)o1,6.74,0.0,1
CHEMBL2971,CN(C)C(=O)CN1CCC(c2ccc(Nc3nc4c(-c5cc(C(F)(F)F)ccc5OCC(F)F)cccn4n3)cc2)CC1,6.28,0.0,1
CHEMBL2971,CN(C)C(=O)CN1CCC(c2ccc(Nc3nc4c(-c5ccc(C#N)cc5)cccn4n3)cc2)CC1,8.41,0.0,1
CHEMBL2971,CN(C)C(=O)CN1CCC(c2ccc(Nc3nc4c(-c5ccc(F)cc5)cccn4n3)cc2)CC1,7.99,0.0,1
CHEMBL2971,CN(C)C(=O)CN1CCC(c2ccc(Nc3nc4c(-c5ccc[nH]c5=O)cccn4n3)cc2)CC1,6.57,0.0,1
CHEMBL2971,CN(C)C(=O)CN1CCC(c2ccc(Nc3nc4c(-c5cccc(N(C)C)c5)cccn4n3)cc2)CC1,8.3,0.0,1
CHEMBL2971,CN(C)C(=O)CN1CCC(c2ccc(Nc3nc4c(-c5cnn(-c6ccc(F)cc6)c5)cccn4n3)cc2)CC1,8.97,0.0,1
CHEMBL2971,CN(C)C(=O)CN1CCc2ccc(Nc3nc4c(-c5cc(C(F)(F)F)ccc5OCC(F)F)cccn4n3)cc2CC1,6.5,0.0,1
CHEMBL2971,CN(C)C(=O)CN1CCc2ccc(Nc3nc4c(-c5cc(C(F)F)ccc5OCC(F)F)cccn4n3)cc2CC1,6.57,0.0,1
CHEMBL2971,CN(C)C(=O)CN1CCc2ccc(Nc3nc4c(-c5cc(Cl)ccc5OCC(F)F)cccn4n3)cc2CC1,6.94,0.0,1
CHEMBL2971,CN(C)C(=O)CN1CCc2ccc(Nc3nc4c(-c5cc(F)ccc5OCC(F)F)cccn4n3)cc2CC1,6.28,0.0,1
CHEMBL2971,CN(C)C(=O)CN1CCc2ccc(Nc3nc4c(-c5cc(S(C)(=O)=O)ccc5OCC(F)F)cccn4n3)cc2CC1,6.3,0.0,1
CHEMBL2971,CN(C)C(=O)CN1CCc2ccc(Nc3nc4c(-c5cccc6c5OC(F)(F)O6)cccn4n3)cc2CC1,7.52,0.0,1
CHEMBL2971,CN(C)C(=O)CN1CCc2ccc(Nc3nc4c(-c5ccccc5OCC(F)F)cccn4n3)cc2CC1,6.71,0.0,1
CHEMBL2971,CN(C)C(=O)CN1CN([C@H]2CC[C@H](CNCC(F)(F)F)CC2)c2c(cnc3[nH]ccc23)C1=O,7.96,0.0,1
CHEMBL2971,CN(C)C(=O)CO[C@@H]1CCN(S(=O)(=O)C[C@H]2CC[C@H](N(C)c3ncnc4[nH]ccc34)CC2)C1,7.3,0.0,1
CHEMBL2971,CN(C)C(=O)N1CCc2ccc(Nc3nc4c(-c5cc(Cl)ccc5OCC(F)F)cccn4n3)cc2CC1,6.7,0.0,1
CHEMBL2971,CN(C)C(=O)[C@@H]1CC[C@@](CC#N)(n2nc(Nc3ccc(Cl)cc3)c3c(=O)[nH]ccc32)CO1,8.6,0.0,1
CHEMBL2971,CN(C)C(=O)c1ccc(-c2cc(C(N)=O)c3[nH]c4cc(C(=O)N5CCOCC5)ccc4c3c2)cc1,6.54,0.0,1
CHEMBL2971,CN(C)C(=O)c1ccc(Nc2nc3cccc(-c4ccc(C(=O)N5CCOCC5)cc4)c3o2)cc1,7.41,0.0,1
CHEMBL2971,CN(C)C(=O)c1ccc(Nc2nn(C3(CC#N)CCN(C(=O)OC(C)(C)C)CC3)cc2C(N)=O)cc1,8.7,0.0,1
CHEMBL2971,CN(C)C(=O)c1ccc(Nc2nn([C@H]3CCCC[C@@H]3C#N)c3cc[nH]c(=O)c23)cc1C1CC1,5.24,0.0,1
CHEMBL2971,CN(C)C(=O)c1ccc(Nc2nn([C@H]3COCC[C@@H]3C#N)cc2C(N)=O)cc1,9.7,0.0,1
CHEMBL2971,CN(C)C(=O)c1ccc(Nc2oc(-c3c(F)cccc3F)nc2C(N)=O)cc1,6.95,0.0,1
CHEMBL2971,CN(C)C(=O)c1ccc2cc(Nc3nn([C@]4(CC#N)CC[C@@H](C(=O)OC(C)(C)C)OC4)c4cc[nH]c(=O)c34)ccc2n1,9.32,0.0,1
CHEMBL2971,CN(C)C(=O)c1cnn2ccc(N3CCC[C@@H]3c3cc(F)ccc3F)nc12,6.67,0.0,1
CHEMBL2971,CN(C)C(=O)c1coc(-c2cnc3[nH]ccc3c2N[C@@H]2CCCN(C(=O)CC#N)C2)n1,7.26,0.0,1
CHEMBL2971,CN(C)C(c1ccc(Nc2nn([C@H]3CCCC[C@@H]3C#N)c3cc[nH]c(=O)c23)cc1)C(F)(F)F,6.505,0.1343502884254437,2
CHEMBL2971,CN(C)C(c1ccc(Nc2nn([C@H]3COCC[C@@H]3C#N)c3cc[nH]c(=O)c23)cc1)C(F)(F)F,6.994999999999999,0.14849242404917526,2
CHEMBL2971,CN(C)C(c1ccc(Nc2nn([C@]3(CC#N)CC[C@@H](C(=O)OC(C)(C)C)OC3)c3cc[nH]c(=O)c23)cc1)C(F)(F)F,9.515,0.03535533905932725,2
CHEMBL2971,CN(C)C1CCN(C(=O)c2ccc(-c3cccc4nc(NC(=O)C5CC5)nn34)cc2)C1,6.12,0.0,1
CHEMBL2971,CN(C)C1CCN(C(=O)c2ccc(Nc3ncc4ccn(-c5ccc(F)c(NS(=O)(=O)C(C)(C)C)c5)c4n3)cc2F)CC1,6.77,0.0,1
CHEMBL2971,CN(C)C1CCN(C(=O)c2ccc(Nc3ncc4ccn(-c5cccc(NS(=O)(=O)C(C)(C)C)c5)c4n3)cc2F)CC1,7.7,0.0,1
CHEMBL2971,CN(C)C1CCN(Cc2ccc(-c3cccc4nc(NC(=O)C5CC5)nn34)cc2)C1,6.52,0.0,1
CHEMBL2971,CN(C)C1CCN(Cc2ccc(Nc3ncc4ccn(-c5ccc(F)c(NS(=O)(=O)C(C)(C)C)c5)c4n3)cc2F)CC1,6.58,0.0,1
CHEMBL2971,CN(C)C1CCN(Cc2ccc(Nc3ncc4ccn(-c5cccc(NS(=O)(=O)C(C)(C)C)c5)c4n3)cc2F)CC1,7.29,0.0,1
CHEMBL2971,CN(C)C1CCN(c2cc(-c3c(N)nn4cccnc34)ncn2)C1,6.06,0.0,1
CHEMBL2971,CN(C)C1CCN(c2ccc(Nc3ncc4ccn(-c5ccc(F)c(NS(=O)(=O)C(C)(C)C)c5)c4n3)cc2)CC1,7.09,0.0,1
CHEMBL2971,CN(C)C1CCN(c2ccc(Nc3ncc4ccn(-c5ccc(F)c(NS(=O)(=O)C(C)(C)C)c5)c4n3)cc2F)CC1,7.470000000000001,0.14142135623730995,2
CHEMBL2971,CN(C)C1CCN(c2ccc(Nc3ncc4ccn(-c5ccc(F)c(NS(=O)(=O)C6(C)CC6)c5)c4n3)cc2F)CC1,7.7,0.0,1
CHEMBL2971,CN(C)C1CCN(c2ccc(Nc3ncc4ccn(-c5ccc(F)c(NS(=O)(=O)C6CC6)c5)c4n3)cc2)CC1,8.0,0.0,1
CHEMBL2971,CN(C)C1CCN(c2ccc(Nc3ncc4ccn(-c5cccc(NS(=O)(=O)C(C)(C)C)c5)c4n3)cc2)C1,7.43,0.0,1
CHEMBL2971,CN(C)C1CCN(c2ccc(Nc3ncc4ccn(-c5cccc(NS(=O)(=O)C(C)(C)C)c5)c4n3)cc2)CC1,8.21,0.08185352771872477,3
CHEMBL2971,CN(C)C1CCN(c2ccc(Nc3ncc4ccn(-c5cccc(NS(=O)(=O)C(C)(C)C)c5)c4n3)cc2F)CC1,8.44,0.1131370849898477,2
CHEMBL2971,CN(C)C1CCN(c2ccc(Nc3ncc4ccn(-c5cccc(NS(=O)(=O)C6(C)CC6)c5)c4n3)cc2)CC1,8.22,0.0,1
CHEMBL2971,CN(C)C1CCN(c2ccc(Nc3ncc4ccn(-c5cccc(NS(=O)(=O)C6CC6)c5)c4n3)cc2)CC1,7.85,0.0,1
CHEMBL2971,CN(C)C1CCN(c2ccc(Nc3ncc4scc(-c5ccc(F)c(NS(=O)(=O)C(C)(C)C)c5)c4n3)cc2F)CC1,8.1,0.0,1
CHEMBL2971,CN(C)C1CCN(c2ccc(Nc3ncc4scc(-c5ccc(F)c(NS(=O)(=O)C6(C)CC6)c5)c4n3)cc2F)CC1,7.96,0.0,1
CHEMBL2971,CN(C)C1CCN(c2ccc(Nc3ncc4scc(-c5cccc(NS(=O)(=O)C(C)(C)C)c5)c4n3)cc2)CC1,8.52,0.0,1
CHEMBL2971,CN(C)C1CCN(c2ccc(Nc3ncc4scc(-c5cccc(NS(=O)(=O)C(C)(C)C)c5)c4n3)cc2F)CC1,8.4,0.0,1
CHEMBL2971,CN(C)C1CCN(c2ncc(-c3cnc4[nH]ccc4n3)c(N[C@H]3CCCN(S(C)(=O)=O)C3)n2)CC1,9.86,0.0,1
CHEMBL2971,CN(C)C1CCN2c3ccc(Nc4ncc5ccn(-c6cccc(NS(=O)(=O)C(C)(C)C)c6)c5n4)cc3CC2C1,8.01,0.12727922061357835,2
CHEMBL2971,CN(C)C1CN(C[C@H]2CC[C@H](c3nnn4cnc5[nH]ccc5c34)CC2)C1,6.14,0.0,1
CHEMBL2971,CN(C)CC(=O)N1CCC(CC#N)(n2cc(C(N)=O)c(Nc3ccccc3)n2)CC1,6.5,0.0,1
CHEMBL2971,CN(C)CC(=O)N1CCC(CC#N)(n2nc(Nc3ccc(S(=O)(=O)N(C)C)cc3)c3c(=O)[nH]ccc32)CC1,8.29,0.0,1
CHEMBL2971,CN(C)CC(C)(C)COC(=O)N1CC[C@@H](C#N)[C@H](n2cc(C(N)=O)c(Nc3ccc(F)cc3)n2)C1,6.35,0.0,1
CHEMBL2971,CN(C)CC1CCC(n2cc(C(N)=O)c(Nc3ccc(F)cc3)n2)[C@H](C#N)C1,6.45,0.0,1
CHEMBL2971,CN(C)CC1CCN(c2ccc(Nc3ncc4ccn(-c5ccc(F)c(NS(=O)(=O)C(C)(C)C)c5)c4n3)cc2F)CC1,7.08,0.0,1
CHEMBL2971,CN(C)CCCOC(=O)N1CC(CC#N)(n2cc(C(N)=O)c(Nc3ccccc3)n2)C1,5.83,0.0,1
CHEMBL2971,CN(C)CCCn1c(=O)c2cc([N+](=O)[O-])ccc2c2cnc3[nH]ccc3c21,6.31,0.0,1
CHEMBL2971,CN(C)CCCn1c(=O)c2ccccc2c2cnc3[nH]ccc3c21,6.64,0.0,1
CHEMBL2971,CN(C)CCCn1cc(Nc2ncc(C(N)=O)c(NCc3c(F)cccc3F)n2)cn1,8.49,0.0,1
CHEMBL2971,CN(C)CCCn1cc(Nc2ncc(C(N)=O)c(NCc3ccccc3)n2)cn1,8.1,0.0,1
CHEMBL2971,CN(C)CCN(C)c1ccc2cc1COC/C=C/COCc1cccc(c1)-c1ccnc(n1)N2,7.11,0.0,1
CHEMBL2971,CN(C)CCN(C)c1ccc2cc1COCC=CCOCc1cccc(c1)-c1ccnc(n1)N2,7.11,0.0,1
CHEMBL2971,CN(C)CCN1CCN(c2ccc(Nc3nc(N4CCC(CC#N)CC4)nc4cn[nH]c(=O)c34)cc2)CC1,7.52,0.0,1
CHEMBL2971,CN(C)CCNC(=O)N1CCc2[nH]c(-c3n[nH]c4nc(-c5cc(F)c(O)cc5CC(F)(F)F)nc(NCc5cc(O)ccc5N(C)S(C)(=O)=O)c34)nc2C1,7.57,0.0,1
CHEMBL2971,CN(C)CCNC(=O)c1ccc2[nH]c3c(C(N)=O)cc(-c4ccc(Cl)c(Cl)c4)cc3c2c1,8.22,0.0,1
CHEMBL2971,CN(C)CCNc1ncc(-c2cnc3[nH]ccc3n2)c(N[C@H]2CCCN(S(C)(=O)=O)C2)n1,9.72,0.0,1
CHEMBL2971,CN(C)CCOC(=O)N1CC[C@@H](C#N)[C@H](n2cc(C(N)=O)c(Nc3ccc(F)cc3)n2)C1,6.45,0.0,1
CHEMBL2971,CN(C)CCOC(=O)N1CC[C@@H](n2cc(C(N)=O)c(Nc3ccc(F)cc3)n2)[C@H](C#N)C1,5.95,0.0,1
CHEMBL2971,CN(C)CCOc1ccc(/C=C/c2cc(-c3cc4c(=O)[nH]cnc4[nH]3)ccn2)cc1,5.44,0.0,1
CHEMBL2971,CN(C)CCn1cc(-c2cc3ncccc3c(-c3ccn(C4(CC#N)CC(C#N)C4)n3)n2)cn1,7.39,0.0,1
CHEMBL2971,CN(C)CCn1cc(Nc2ncc(C(N)=O)c(NCc3c(F)cccc3C(F)(F)F)n2)cn1,8.78,0.0,1
CHEMBL2971,CN(C)CCn1cc(Nc2ncc(C(N)=O)c(NCc3c(F)cccc3F)n2)cn1,8.8,0.0,1
CHEMBL2971,CN(C)C[C@H]1CC[C@H](N2CNC(=O)c3cnc4[nH]ccc4c32)CC1,7.16,0.0,1
CHEMBL2971,CN(C)C[C@H]1CC[C@H](c2nnn3cnc4[nH]ccc4c23)CC1,7.19,0.0,1
CHEMBL2971,CN(C)Cc1cccc(Nc2nn([C@H]3CCCC[C@@H]3C#N)c3cc[nH]c(=O)c23)c1,5.96,0.0,1
CHEMBL2971,CN(C)S(=O)(=O)CCNC1CC[C@H](n2cc(C(N)=O)c(Nc3ccc(S(=O)(=O)C(F)(F)F)cc3)n2)[C@@H](C#N)C1,7.89,0.0,1
CHEMBL2971,CN(C)S(=O)(=O)C[C@H]1CCCN(S(=O)(=O)C[C@H]2CC[C@H](N(C)c3ncnc4[nH]ccc34)CC2)C1,7.29,0.0,1
CHEMBL2971,CN(C)S(=O)(=O)C[C@H]1CC[C@H](c2nnn3cnc4[nH]ccc4c23)CC1,8.08,0.0,1
CHEMBL2971,CN(C)S(=O)(=O)N1CC(CC#N)(n2cc(-c3c(C#N)cnc4[nH]ccc34)cn2)C1,8.78,0.0,1
CHEMBL2971,CN(C)S(=O)(=O)N1CC(CC#N)(n2cc(-c3ccnc4[nH]ccc34)cn2)C1,9.3,0.0,1
CHEMBL2971,CN(C)S(=O)(=O)N1CCC[C@H](Nc2ncccc2-c2cnc3[nH]ccc3n2)C1,9.95,0.0,1
CHEMBL2971,CN(C)S(=O)(=O)Nc1ccnc(-c2cnc3[nH]ccc3c2N[C@@H]2CCCN(C(=O)CC#N)C2)c1,7.26,0.0,1
CHEMBL2971,CN(C)S(=O)(=O)c1ccc(Nc2nn(C3(CC#N)CCC(=O)CC3)c3cc[nH]c(=O)c23)cc1,8.75,0.0,1
CHEMBL2971,CN(C)S(=O)(=O)c1ccc(Nc2nn(C3(CC#N)CCCC3)c3cc[nH]c(=O)c23)cc1,9.34,0.0,1
CHEMBL2971,CN(C)S(=O)(=O)c1ccc(Nc2nn(C3(CC#N)CCCCC3)c3cc[nH]c(=O)c23)cc1,8.9,0.0,1
CHEMBL2971,CN(C)S(=O)(=O)c1ccc(Nc2nn(C3(CC#N)CCN(C(=O)C(C)(C)C)CC3)c3cc[nH]c(=O)c23)cc1,8.52,0.0,1
CHEMBL2971,CN(C)S(=O)(=O)c1ccc(Nc2nn(C3(CC#N)CCN(C(=O)C45CC6C[C@H](C4)C[C@@H](C6)C5)CC3)c3cc[nH]c(=O)c23)cc1,7.41,0.0,1
CHEMBL2971,CN(C)S(=O)(=O)c1ccc(Nc2nn(C3(CC#N)CCN(C(=O)C4CC(F)(F)C4)CC3)c3cc[nH]c(=O)c23)cc1,9.29,0.0,1
CHEMBL2971,CN(C)S(=O)(=O)c1ccc(Nc2nn(C3(CC#N)CCN(C(=O)C4CC4)CC3)c3cc[nH]c(=O)c23)cc1,9.54,0.0,1
CHEMBL2971,CN(C)S(=O)(=O)c1ccc(Nc2nn(C3(CC#N)CCN(C(=O)C4CCCCC4)CC3)c3cc[nH]c(=O)c23)cc1,8.92,0.0,1
CHEMBL2971,CN(C)S(=O)(=O)c1ccc(Nc2nn(C3(CC#N)CCN(C(=O)C4CCOCC4)CC3)c3cc[nH]c(=O)c23)cc1,8.61,0.0,1
CHEMBL2971,CN(C)S(=O)(=O)c1ccc(Nc2nn(C3(CC#N)CCN(C(=O)C4Cc5ccccc5C4)CC3)c3cc[nH]c(=O)c23)cc1,9.41,0.0,1
CHEMBL2971,CN(C)S(=O)(=O)c1ccc(Nc2nn(C3(CC#N)CCN(C(=O)CC#N)CC3)c3cc[nH]c(=O)c23)cc1,9.8,0.0,1
CHEMBL2971,CN(C)S(=O)(=O)c1ccc(Nc2nn(C3(CC#N)CCN(C(=O)CC(C)(C)C)CC3)c3cc[nH]c(=O)c23)cc1,8.88,0.0,1
CHEMBL2971,CN(C)S(=O)(=O)c1ccc(Nc2nn(C3(CC#N)CCN(C(=O)CC(F)(F)F)CC3)c3cc[nH]c(=O)c23)cc1,9.51,0.0,1
CHEMBL2971,CN(C)S(=O)(=O)c1ccc(Nc2nn(C3(CC#N)CCN(C(=O)CC4CC4)CC3)c3cc[nH]c(=O)c23)cc1,8.97,0.0,1
CHEMBL2971,CN(C)S(=O)(=O)c1ccc(Nc2nn(C3(CC#N)CCN(C(=O)CCC#N)CC3)c3cc[nH]c(=O)c23)cc1,9.68,0.0,1
CHEMBL2971,CN(C)S(=O)(=O)c1ccc(Nc2nn(C3(CC#N)CCN(C(=O)CCC(F)(F)F)CC3)c3cc[nH]c(=O)c23)cc1,9.48,0.0,1
CHEMBL2971,CN(C)S(=O)(=O)c1ccc(Nc2nn(C3(CC#N)CCN(C(=O)CCC4CC4)CC3)c3cc[nH]c(=O)c23)cc1,8.94,0.0,1
CHEMBL2971,CN(C)S(=O)(=O)c1ccc(Nc2nn(C3(CC#N)CCN(C(=O)CCc4ccccc4)CC3)c3cc[nH]c(=O)c23)cc1,9.15,0.0,1
CHEMBL2971,CN(C)S(=O)(=O)c1ccc(Nc2nn(C3(CC#N)CCN(C(=O)CN4CCCC4=O)CC3)c3cc[nH]c(=O)c23)cc1,8.5,0.0,1
CHEMBL2971,CN(C)S(=O)(=O)c1ccc(Nc2nn(C3(CC#N)CCN(C(=O)Cc4ccc(C(F)(F)F)cc4)CC3)c3cc[nH]c(=O)c23)cc1,8.17,0.0,1
CHEMBL2971,CN(C)S(=O)(=O)c1ccc(Nc2nn(C3(CC#N)CCN(C(=O)OC(C)(C)C)CC3)c3cc[nH]c(=O)c23)cc1,9.55,0.0,1
CHEMBL2971,CN(C)S(=O)(=O)c1ccc(Nc2nn(C3(CC#N)CCN(C(=O)OC(C)(C)C)CC3)cc2C(N)=O)cc1,9.1,0.0,1
CHEMBL2971,CN(C)S(=O)(=O)c1ccc(Nc2nn(C3(CC#N)CCN(C(=O)OC4CCOC4)CC3)c3cc[nH]c(=O)c23)cc1,9.04,0.0,1
CHEMBL2971,CN(C)S(=O)(=O)c1ccc(Nc2nn(C3(CC#N)CCN(C(=O)OC4CCOCC4)CC3)c3cc[nH]c(=O)c23)cc1,8.87,0.0,1
CHEMBL2971,CN(C)S(=O)(=O)c1ccc(Nc2nn(C3(CC#N)CCN(C(=O)OC4CCSCC4)CC3)c3cc[nH]c(=O)c23)cc1,8.84,0.0,1
CHEMBL2971,CN(C)S(=O)(=O)c1ccc(Nc2nn(C3(CC#N)CCN(C(=O)OCC(C)(C)C)CC3)c3cc[nH]c(=O)c23)cc1,8.51,0.0,1
CHEMBL2971,CN(C)S(=O)(=O)c1ccc(Nc2nn(C3(CC#N)CCN(C(=O)OCC(F)(F)F)CC3)c3cc[nH]c(=O)c23)cc1,9.62,0.0,1
CHEMBL2971,CN(C)S(=O)(=O)c1ccc(Nc2nn(C3(CC#N)CCN(C(=O)O[C@@H]4CCOC4)CC3)c3cc[nH]c(=O)c23)cc1,9.33,0.0,1
CHEMBL2971,CN(C)S(=O)(=O)c1ccc(Nc2nn(C3(CC#N)CCN(C(=O)Oc4ccc(F)cc4)CC3)c3cc[nH]c(=O)c23)cc1,9.01,0.0,1
CHEMBL2971,CN(C)S(=O)(=O)c1ccc(Nc2nn(C3(CC#N)CCN(C(=O)Oc4ccccc4)CC3)c3cc[nH]c(=O)c23)cc1,9.07,0.0,1
CHEMBL2971,CN(C)S(=O)(=O)c1ccc(Nc2nn(C3(CC#N)CCN(C(=O)c4ccc(Cl)cc4)CC3)c3cc[nH]c(=O)c23)cc1,7.92,0.0,1
CHEMBL2971,CN(C)S(=O)(=O)c1ccc(Nc2nn(C3(CC#N)CCN(C(=O)c4cccc(Cl)c4)CC3)c3cc[nH]c(=O)c23)cc1,8.71,0.0,1
CHEMBL2971,CN(C)S(=O)(=O)c1ccc(Nc2nn(C3(CC#N)CCN(C(=O)c4ccccc4)CC3)c3cc[nH]c(=O)c23)cc1,7.78,0.0,1
CHEMBL2971,CN(C)S(=O)(=O)c1ccc(Nc2nn(C3(CC#N)CCN(C(=O)c4ccccc4Cl)CC3)c3cc[nH]c(=O)c23)cc1,8.08,0.0,1
CHEMBL2971,CN(C)S(=O)(=O)c1ccc(Nc2nn(C3(CC#N)CCN(CCCc4ccccc4)CC3)c3cc[nH]c(=O)c23)cc1,8.55,0.0,1
CHEMBL2971,CN(C)S(=O)(=O)c1ccc(Nc2nn(C3(CC#N)CCN(CCc4ccccc4)CC3)c3cc[nH]c(=O)c23)cc1,7.85,0.0,1
CHEMBL2971,CN(C)S(=O)(=O)c1ccc(Nc2nn(C3(CC#N)CCN(Cc4c(F)ccc(F)c4F)CC3)c3cc[nH]c(=O)c23)cc1,9.55,0.0,1
CHEMBL2971,CN(C)S(=O)(=O)c1ccc(Nc2nn(C3(CC#N)CCN(Cc4c(F)cccc4F)CC3)c3cc[nH]c(=O)c23)cc1,9.54,0.0,1
CHEMBL2971,CN(C)S(=O)(=O)c1ccc(Nc2nn(C3(CC#N)CCN(Cc4ccc(-c5ccon5)cc4)CC3)c3cc[nH]c(=O)c23)cc1,9.12,0.0,1
CHEMBL2971,CN(C)S(=O)(=O)c1ccc(Nc2nn(C3(CC#N)CCN(Cc4ccc(C#N)cc4)CC3)c3cc[nH]c(=O)c23)cc1,9.27,0.0,1
CHEMBL2971,CN(C)S(=O)(=O)c1ccc(Nc2nn(C3(CC#N)CCN(Cc4ccc(C(F)(F)F)cc4)CC3)c3cc[nH]c(=O)c23)cc1,8.06,0.0,1
CHEMBL2971,CN(C)S(=O)(=O)c1ccc(Nc2nn(C3(CC#N)CCN(Cc4ccc(F)cc4)CC3)c3cc[nH]c(=O)c23)cc1,9.2,0.0,1
CHEMBL2971,CN(C)S(=O)(=O)c1ccc(Nc2nn(C3(CC#N)CCN(Cc4ccc(N5CCCC5=O)cc4)CC3)c3cc[nH]c(=O)c23)cc1,8.55,0.0,1
CHEMBL2971,CN(C)S(=O)(=O)c1ccc(Nc2nn(C3(CC#N)CCN(Cc4cccc(F)c4)CC3)c3cc[nH]c(=O)c23)cc1,9.28,0.0,1
CHEMBL2971,CN(C)S(=O)(=O)c1ccc(Nc2nn(C3(CC#N)CCN(Cc4cccc5[nH]ccc45)CC3)c3cc[nH]c(=O)c23)cc1,8.08,0.0,1
CHEMBL2971,CN(C)S(=O)(=O)c1ccc(Nc2nn(C3(CC#N)CCN(Cc4ccccc4)CC3)c3cc[nH]c(=O)c23)cc1,9.42,0.0,1
CHEMBL2971,CN(C)S(=O)(=O)c1ccc(Nc2nn(C3(CC#N)CCN(Cc4ccccc4F)CC3)c3cc[nH]c(=O)c23)cc1,9.55,0.0,1
CHEMBL2971,CN(C)S(=O)(=O)c1ccc(Nc2nn(C3(CC#N)CCN(Cc4ncco4)CC3)c3cc[nH]c(=O)c23)cc1,9.0,0.0,1
CHEMBL2971,CN(C)S(=O)(=O)c1ccc(Nc2nn(C3(CC#N)CCN(S(=O)(=O)C4CC4)CC3)c3cc[nH]c(=O)c23)cc1,9.92,0.0,1
CHEMBL2971,CN(C)S(=O)(=O)c1ccc(Nc2nn(C3(CC#N)CCOCC3)c3cc[nH]c(=O)c23)cc1,8.85,0.0,1
CHEMBL2971,CN(C)S(=O)(=O)c1ccc(Nc2nn(C3CCN(S(=O)(=O)CC(F)(F)F)CC3CC#N)c3cc[nH]c(=O)c23)cc1,9.74,0.0,1
CHEMBL2971,CN(C)S(=O)(=O)c1ccc(Nc2nn([C@@]3(CC#N)CCCC[C@H]3F)c3cc[nH]c(=O)c23)cc1,9.65,0.9192388155425123,2
CHEMBL2971,CN(C)S(=O)(=O)c1ccc(Nc2nn([C@@]3(CC#N)CCCOC3)c3cc[nH]c(=O)c23)cc1,7.56,0.0,1
CHEMBL2971,CN(C)S(=O)(=O)c1ccc(Nc2nn([C@@]3(CC#N)CCN(C(=O)OC(C)(C)C)C[C@H]3F)c3cc[nH]c(=O)c23)cc1,9.92,0.0,1
CHEMBL2971,CN(C)S(=O)(=O)c1ccc(Nc2nn([C@@]3(CC#N)COCC[C@H]3F)c3cc[nH]c(=O)c23)cc1,9.02,0.0,1
CHEMBL2971,CN(C)S(=O)(=O)c1ccc(Nc2nn([C@H]3CCC4(CC4)C[C@@H]3C#N)c3cc[nH]c(=O)c23)cc1,5.66,0.0,1
CHEMBL2971,CN(C)S(=O)(=O)c1ccc(Nc2nn([C@H]3CCCC[C@@H]3C#N)c3cc[nH]c(=O)c23)cc1,6.48,0.0,1
CHEMBL2971,CN(C)S(=O)(=O)c1ccc(Nc2nn([C@H]3CCCC[C@@H]3C#N)c3cc[nH]c(=O)c23)cc1CN,5.8,0.0,1
CHEMBL2971,CN(C)S(=O)(=O)c1ccc(Nc2nn([C@H]3CCC[C@@H]3C#N)c3cc[nH]c(=O)c23)cc1,6.52,0.0,1
CHEMBL2971,CN(C)S(=O)(=O)c1ccc(Nc2nn([C@H]3COCC[C@@H]3C#N)c3cc[nH]c(=O)c23)cc1,6.68,0.0,1
CHEMBL2971,CN(C)S(=O)(=O)c1ccc(Nc2nn([C@H]3COCC[C@@H]3C#N)c3cc[nH]c(=O)c23)cn1,5.72,0.0,1
CHEMBL2971,CN(C)S(=O)(=O)c1ccc(Nc2nn([C@]3(CC#N)CCCOC3)c3cc[nH]c(=O)c23)cc1,9.54,0.0,1
CHEMBL2971,CN(C)S(=O)(=O)c1ccc(Nc2nn([C@]3(CC#N)CC[C@@H](C(=O)OC(C)(C)C)OC3)c3cc[nH]c(=O)c23)cc1,9.85,0.0,1
CHEMBL2971,CN(C)S(=O)(=O)c1ccc(Nc2nn([C@]3(CC#N)CC[C@@H](N4CC(F)C4)CC3)c3cc[nH]c(=O)c23)cc1,9.89,0.0,1
CHEMBL2971,CN(C)S(=O)(=O)c1ccc(Nc2nn([C@]3(CC#N)CC[C@H](N4CC(F)C4)CC3)c3cc[nH]c(=O)c23)cc1,8.45,0.0,1
CHEMBL2971,CN(C)S(=O)(=O)c1ccc(Nc2nn([C@]3(CC#N)COCC[C@@H]3F)c3cc[nH]c(=O)c23)cc1,8.73,0.0,1
CHEMBL2971,CN(C)S(=O)(=O)c1ccc(Nc2oc(-c3c(F)cccc3F)nc2C(N)=O)cc1,7.02,0.0,1
CHEMBL2971,CN(C)S(=O)(=O)c1ccc2c(c1)CCN2C[C@H]1CC[C@H](c2nnn3cnc4[nH]ccc4c23)CC1,7.01,0.0,1
CHEMBL2971,CN(C)S(=O)(=O)c1cccc(Nc2nn(C3(CC#N)CCN(Cc4cccnc4)CC3)c3cc[nH]c(=O)c23)c1,8.7,0.0,1
CHEMBL2971,CN(C)[C@@H]1CCC(n2cc(C(N)=O)c(Nc3ccc(S(=O)(=O)C(F)(F)F)cc3)n2)[C@@H](C#N)C1,7.985,0.09192388155425173,2
CHEMBL2971,CN(C)[C@@H]1CCN(C[C@H]2CC[C@H](c3nnn4cnc5[nH]ccc5c34)CC2)C1,6.64,0.0,1
CHEMBL2971,CN(C)[C@@H]1CCN(c2ncc(-c3cnc4[nH]ccc4n3)c(N[C@H]3CCCN(S(C)(=O)=O)C3)n2)C1,10.15,0.0,1
CHEMBL2971,CN(C)[C@@H]1CC[C@@H](n2cc(C(N)=O)c(Nc3ccc(C(F)(F)F)nc3)n2)[C@H](C#N)C1,6.4,0.0,1
CHEMBL2971,CN(C)[C@@H]1CC[C@@H](n2cc(C(N)=O)c(Nc3ccc(OC(F)F)nc3)n2)[C@H](C#N)C1,5.96,0.0,1
CHEMBL2971,CN(C)[C@@H]1CC[C@H](n2cc(C(N)=O)c(Nc3ccc(C(F)(F)F)cc3)n2)[C@@H](C#N)C1,7.68,0.0,1
CHEMBL2971,CN(C)[C@@H]1CC[C@H](n2cc(C(N)=O)c(Nc3ccc(C(F)(F)F)nc3)n2)[C@@H](C#N)C1,6.81,0.0,1
CHEMBL2971,CN(C)[C@@H]1CC[C@H](n2cc(C(N)=O)c(Nc3ccc(Cl)c(F)c3)n2)[C@@H](C#N)C1,6.76,0.0,1
CHEMBL2971,CN(C)[C@@H]1CC[C@H](n2cc(C(N)=O)c(Nc3ccc(Cl)cc3)n2)[C@@H](C#N)C1,7.14,0.0,1
CHEMBL2971,CN(C)[C@@H]1CC[C@H](n2cc(C(N)=O)c(Nc3ccc(OC(F)(F)F)cc3)n2)[C@@H](C#N)C1,7.04,0.0,1
CHEMBL2971,CN(C)[C@@H]1CC[C@H](n2cc(C(N)=O)c(Nc3ccc(OC(F)F)cc3)n2)[C@@H](C#N)C1,7.5,0.0,1
CHEMBL2971,CN(C)[C@@H]1CC[C@H](n2cc(C(N)=O)c(Nc3ccc(OC(F)F)nc3)n2)[C@@H](C#N)C1,7.0,0.0,1
CHEMBL2971,CN(C)[C@@H]1CC[C@H](n2cc(C(N)=O)c(Nc3ccnc(F)c3)n2)[C@@H](C#N)C1,6.59,0.0,1
CHEMBL2971,CN(C)[C@@H]1CC[C@H](n2nc(Nc3ccc(Cl)c(F)c3)c3c(=O)[nH]ccc32)[C@@H](C#N)C1,4.72,0.0,1
CHEMBL2971,CN(C)[C@@H]1CC[C@H](n2nc(Nc3ccc(Cl)cc3)c3c(=O)[nH]ccc32)[C@@H](C#N)C1,4.96,0.0,1
CHEMBL2971,CN(C)[C@@H]1CC[C@H](n2nc(Nc3ccc(OC(F)(F)F)cc3)c3c(=O)[nH]ccc32)[C@@H](C#N)C1,4.66,0.0,1
CHEMBL2971,CN(C)[C@H]1CCC(n2cc(C(N)=O)c(Nc3ccc(S(=O)(=O)C(F)(F)F)cc3)n2)[C@@H](C#N)C1,8.175,0.1767766952966369,2
CHEMBL2971,CN(C)[C@H]1CCCN(c2ccc(C(F)(F)F)cc2NC(=O)c2cc(C#Cc3cnc(N)nc3)ccc2F)C1,6.26,0.0,1
CHEMBL2971,CN(C)[C@H]1CCN(C(=O)c2ccc3[nH]c4c(C(N)=O)cc(-c5ccc(Cl)c(Cl)c5)cc4c3c2)C1,8.51,0.0,1
CHEMBL2971,CN(C)[C@H]1CCN(C[C@H]2CC[C@H](c3nnn4cnc5[nH]ccc5c34)CC2)C1,6.89,0.0,1
CHEMBL2971,CN(C)[C@H]1CC[C@@H](n2cc(C(N)=O)c(Nc3ccc(C(F)(F)F)nc3)n2)[C@H](C#N)C1,6.1,0.0,1
CHEMBL2971,CN(C)[C@H]1CC[C@@](CC#N)(n2nc(Nc3ccc4c(c3)CN(C(C)(C)C)S4(=O)=O)c3c(=O)[nH]ccc32)CC1,6.68,0.0,1
CHEMBL2971,CN(C)[C@H]1CC[C@H](c2nnn3cnc4[nH]ccc4c23)CC1,6.68,0.0,1
CHEMBL2971,CN(C)[C@H]1CC[C@H](n2cc(C(N)=O)c(Nc3ccc(C(F)(F)F)cc3)n2)[C@@H](C#N)C1,7.85,0.0,1
CHEMBL2971,CN(C)[C@H]1CC[C@H](n2cc(C(N)=O)c(Nc3ccc(C(F)(F)F)nc3)n2)[C@@H](C#N)C1,6.84,0.0,1
CHEMBL2971,CN(C)[C@H]1CC[C@H](n2cc(C(N)=O)c(Nc3ccc(Cl)c(F)c3)n2)[C@@H](C#N)C1,7.24,0.0,1
CHEMBL2971,CN(C)[C@H]1CC[C@H](n2cc(C(N)=O)c(Nc3ccc(Cl)cc3)n2)[C@@H](C#N)C1,7.64,0.0,1
CHEMBL2971,CN(C)[C@H]1CC[C@H](n2cc(C(N)=O)c(Nc3ccc(F)cc3)n2)[C@@H](C#N)C1,7.046666666666667,0.7321429732868668,3
CHEMBL2971,CN(C)[C@H]1CC[C@H](n2cc(C(N)=O)c(Nc3ccc(OC(F)(F)F)cc3)n2)[C@@H](C#N)C1,7.75,0.0,1
CHEMBL2971,CN(C)[C@H]1CC[C@H](n2cc(C(N)=O)c(Nc3ccc(OC(F)F)cc3)n2)[C@@H](C#N)C1,7.89,0.0,1
CHEMBL2971,CN(C)[C@H]1CC[C@H](n2cc(C(N)=O)c(Nc3ccccc3)n2)[C@@H](C#N)C1,7.5,0.0,1
CHEMBL2971,CN(C)[C@H]1CC[C@H](n2cc(C(N)=O)c(Nc3ccnc(F)c3)n2)[C@@H](C#N)C1,6.96,0.0,1
CHEMBL2971,CN(C)[C@H]1CC[C@H](n2nc(Nc3ccc(Cl)c(F)c3)c3c(=O)[nH]ccc32)[C@@H](C#N)C1,4.85,0.0,1
CHEMBL2971,CN(C)[C@H]1CC[C@H](n2nc(Nc3ccc(Cl)cc3)c3c(=O)[nH]ccc32)[C@@H](C#N)C1,4.96,0.0,1
CHEMBL2971,CN(C)[C@H]1CC[C@H](n2nc(Nc3ccc(OC(F)(F)F)cc3)c3c(=O)[nH]ccc32)[C@@H](C#N)C1,5.16,0.0,1
CHEMBL2971,CN(C)[C@H]1CC[C@](CC#N)(n2nc(Nc3ccc4c(c3)CN(C(C)(C)C)S4(=O)=O)c3c(=O)[nH]ccc32)CC1,8.35,0.0,1
CHEMBL2971,CN(C)c1ccc(-c2cc(C(N)=O)c3[nH]c4cc(N5CCOCC5)ccc4c3n2)cn1,9.0,0.0,1
CHEMBL2971,CN(C)c1ccc(-c2cc3ncccc3c(-c3ccn(C4(CC#N)CN(S(C)(=O)=O)C4)n3)n2)cn1,7.07,0.0,1
CHEMBL2971,CN(C)c1ccc(C(=O)N2CCC(CC#N)(n3cc(C(N)=O)c(Nc4ccccc4)n3)CC2)cc1,6.64,0.0,1
CHEMBL2971,CN(C)c1ccc(Nc2nc(N)n(C(=O)c3c(F)cccc3F)n2)cc1,5.6,0.0,1
CHEMBL2971,CN(C)c1ccc2cc(Nc3nn([C@]4(CC#N)CCCOC4)c4cc[nH]c(=O)c34)ccc2n1,8.64,0.0,1
CHEMBL2971,CN(C)c1ccc2cc(Nc3nn([C@]4(CC#N)CC[C@@H](C(=O)OC(C)(C)C)OC4)c4cc[nH]c(=O)c34)ccc2n1,9.19,0.0,1
CHEMBL2971,CN(C)c1cccc(-c2cccn3nc(Nc4ccc(C5CCN(C(=O)OC(C)(C)C)CC5)cc4)nc23)c1,6.71,0.0,1
CHEMBL2971,CN(C)c1cccc(-c2cccn3nc(Nc4ccc(C5CCNCC5)cc4)nc23)c1,8.41,0.0,1
CHEMBL2971,CN(C)c1cccc(Nc2nc(N)n(C(=O)c3c(F)cccc3F)n2)c1,5.3,0.0,1
CHEMBL2971,CN(C)c1nc(Nc2ccc(CN3CCNCC3)cc2)c2c(=O)[nH]ncc2n1,7.12,0.0,1
CHEMBL2971,CN(C)c1ncc(-c2cnc3[nH]cc(C#N)c3n2)c(N[C@H]2CCCN(S(C)(=O)=O)C2)n1,9.41,0.0,1
CHEMBL2971,CN(C)c1ncc(-c2cnc3[nH]ccc3n2)c(N[C@H]2CCCN(S(C)(=O)=O)C2)n1,9.86,0.0,1
CHEMBL2971,CN(C12CC(C1)C2)S(=O)(=O)C[C@H]1C[C@@H](N(C)c2ncnc3[nH]ccc23)C1,6.28,0.0,1
CHEMBL2971,CN(C1CC1)S(=O)(=O)N[C@H]1C[C@@H](N(C)c2ncnc3[nH]ccc23)C1,5.905,0.8131727983645299,2
CHEMBL2971,CN(C1CCC1)S(=O)(=O)C[C@H]1C[C@@H](N(C)c2ncnc3[nH]ccc23)C1,6.46,0.0,1
CHEMBL2971,CN(C1CCC1)[C@H]1CC[C@@H](n2cc(C(N)=O)c(Nc3ccc(C(F)(F)F)cc3)n2)[C@H](C#N)C1,6.62,0.0,1
CHEMBL2971,CN(C1CCCC1)[C@@H]1CCN(c2ncnc3[nH]ccc23)C1,9.26,0.0,1
CHEMBL2971,CN(C1CCCOC1)S(=O)(=O)C[C@H]1C[C@@H](N(C)c2ncnc3[nH]ccc23)C1,5.71,0.0,1
CHEMBL2971,CN(C1CCOC1)S(=O)(=O)C[C@H]1C[C@@H](N(C)c2ncnc3[nH]ccc23)C1,5.98,0.0,1
CHEMBL2971,CN(C1NC(C#N)=CS1)[C@@H]1CCN(c2ncnc3[nH]ccc23)C1,10.26,0.0,1
CHEMBL2971,CN(CC#N)C(=O)c1ccc(-c2ccnc(Nc3ccc(N4CCOCC4)cc3)n2)cc1,6.53,0.0,1
CHEMBL2971,CN(CC#N)C[C@H]1CC[C@H](N2CN(C)C(=O)c3cnc4[nH]ccc4c32)CC1,7.68,0.0,1
CHEMBL2971,CN(CC#N)C[C@H]1CC[C@H](N2CN(C3CC3)C(=O)c3cnc4[nH]ccc4c32)CC1,7.0,0.0,1
CHEMBL2971,CN(CC#N)C[C@H]1CC[C@H](N2CN(CC(F)(F)F)C(=O)c3cnc4[nH]ccc4c32)CC1,7.13,0.0,1
CHEMBL2971,CN(CC(F)(F)F)C(=O)C1CCCN(N(C)c2ncnc3[nH]ccc23)C1,6.78,0.0,1
CHEMBL2971,CN(CC(F)(F)F)C[C@H]1CC[C@H](N2CN(C)C(=O)c3cnc4[nH]ccc4c32)CC1,8.51,0.0,1
CHEMBL2971,CN(CC(F)(F)F)C[C@H]1CC[C@H](N2CN(CC#N)C(=O)c3cnc4[nH]ccc4c32)CC1,8.17,0.0,1
CHEMBL2971,CN(CC(F)(F)F)C[C@H]1CC[C@H](N2CNC(=O)c3cnc4[nH]ccc4c32)CC1,8.34,0.0,1
CHEMBL2971,CN(CC(F)(F)F)C[C@H]1CC[C@H](n2c(=O)[nH]c(=O)c3cnc4[nH]ccc4c32)CC1,7.29,0.0,1
CHEMBL2971,CN(CC(F)(F)F)S(=O)(=O)C[C@H]1C[C@@H](N(C)c2ncnc3[nH]ccc23)C1,6.79,0.0,1
CHEMBL2971,CN(CC(F)(F)F)[C@H]1CCC(n2cc(C(N)=O)c(Nc3ccnc(F)c3)n2)[C@@H](C#N)C1,8.22,0.0,1
CHEMBL2971,CN(CC(F)F)[C@H]1CC[C@H](n2cc(C(N)=O)c(Nc3ccc(S(=O)(=O)C(F)(F)F)cc3)n2)[C@@H](C#N)C1,7.54,0.0,1
CHEMBL2971,CN(CC1(C)COC1)[C@H]1CCC(n2cc(C(N)=O)c(Nc3ccc(Cl)cc3)n2)[C@@H](C#N)C1,7.96,0.0,1
CHEMBL2971,CN(CC1CC1)S(=O)(=O)C[C@H]1C[C@@H](N(C)c2ncnc3[nH]ccc23)C1,6.175000000000001,0.7424621202458751,2
CHEMBL2971,CN(CC1CC1)[C@@H]1CC[C@H](n2cc(C(N)=O)c(Nc3ccc(C(F)(F)F)cc3)n2)[C@@H](C#N)C1,6.87,0.0,1
CHEMBL2971,CN(CC1CCCO1)S(=O)(=O)C[C@H]1C[C@@H](N(C)c2ncnc3[nH]ccc23)C1,5.63,0.0,1
CHEMBL2971,CN(CCC#N)C[C@H]1CC[C@H](c2nnn3cnc4[nH]ccc4c23)CC1,7.54,0.0,1
CHEMBL2971,CN(CCC#N)S(=O)(=O)N[C@H]1C[C@@H](N(C)c2ncnc3[nH]ccc23)C1,5.865,0.7283199846221444,2
CHEMBL2971,CN(CCC#N)[C@@H]1CCN(c2ncnc3[nH]ccc23)C1,10.26,0.0,1
CHEMBL2971,CN(CCC(F)(F)F)[C@@H]1CC[C@H](n2cc(C(N)=O)c(Nc3ccc(S(=O)(=O)C(F)(F)F)cc3)n2)[C@@H](C#N)C1,6.75,0.0,1
CHEMBL2971,CN(CCC(F)(F)F)[C@H]1CC[C@H](n2cc(C(N)=O)c(Nc3ccc(S(=O)(=O)C(F)(F)F)cc3)n2)[C@@H](C#N)C1,7.51,0.0,1
CHEMBL2971,CN(CCO)C[C@H]1CC[C@H](c2nnn3cnc4[nH]ccc4c23)CC1,7.0,0.0,1
CHEMBL2971,CN(CCO/N=C1/C(=C2/C(=O)Nc3cc(Br)ccc32)Nc2ccccc21)CC(O)CO,6.245,0.021213203435595972,2
CHEMBL2971,CN(CCOc1cccc(NC2=C(c3c[nH]c4ccccc34)C(=O)NC2=O)c1)c1ccnc(F)c1,6.31,0.0,1
CHEMBL2971,CN(CCS(C)(=O)=O)C1CCC(CC#N)(n2cc(C(N)=O)c(Nc3ccc(F)cc3)n2)CC1,7.43,0.0,1
CHEMBL2971,CN(C[C@@H]1COCCO1)S(=O)(=O)Nc1ccc2ccc3ncc(-c4cnn(C)c4)cc3c(=O)c2c1,6.64,0.0,1
CHEMBL2971,CN(C[C@H]1CC[C@H](N2CN(C3CC3)C(=O)c3cnc4[nH]ccc4c32)CC1)S(C)(=O)=O,8.17,0.0,1
CHEMBL2971,CN(C[C@H]1CC[C@H](N2CN(CC(F)(F)F)C(=O)c3cnc4[nH]ccc4c32)CC1)S(C)(=O)=O,7.54,0.0,1
CHEMBL2971,CN(C[C@H]1CC[C@H](c2nnn3cnc4[nH]ccc4c23)CC1)c1ccc(C#N)cc1,7.62,0.0,1
CHEMBL2971,CN(C[C@H]1CC[C@H](c2nnn3cnc4[nH]ccc4c23)CC1)c1ccc(F)cc1,6.96,0.19798989873223286,2
CHEMBL2971,CN(C[C@H]1[C@@H]2CN(C(=O)C3CC3)C[C@@H]21)c1ncnc2[nH]ccc12,8.7,0.0,1
CHEMBL2971,CN(Cc1cccc(-c2cccn3nc(Nc4ccc(OCCN5CCCC5)cc4)nc23)c1)S(C)(=O)=O,8.13,0.0,1
CHEMBL2971,CN(Cc1ccccc1)C1C[C@H]2CCN(C(=O)OC(C)(C)C)C[C@H]2C1,7.8,0.0,1
CHEMBL2971,CN(Cc1ccccc1CNc1cccn2nc(Nc3ccc(OCCN4CCCC4)cc3)nc12)S(C)(=O)=O,7.01,0.0,1
CHEMBL2971,CN(Cc1ccccc1N(C)S(C)(=O)=O)c1nc(-c2cc(F)c(O)cc2CC(F)(F)F)cc2[nH]ncc12,7.84,0.0,1
CHEMBL2971,CN(Cc1ccccc1Nc1cccn2nc(Nc3ccc(OCCN4CCCC4)cc3)nc12)S(C)(=O)=O,6.84,0.0,1
CHEMBL2971,CN(Cc1cccnc1)S(=O)(=O)C[C@H]1C[C@@H](N(C)c2ncnc3[nH]ccc23)C1,5.99,0.0,1
CHEMBL2971,CN(Cc1ccncc1)S(=O)(=O)C[C@H]1C[C@@H](N(C)c2ncnc3[nH]ccc23)C1,5.97,0.0,1
CHEMBL2971,CN(Cc1cnccn1)S(=O)(=O)C[C@H]1C[C@@H](N(C)c2ncnc3[nH]ccc23)C1,5.77,0.0,1
CHEMBL2971,CN([C@@H]1CCN(c2ncnc3[nH]ccc23)C1)S(=O)(=O)C1CC1,9.26,0.0,1
CHEMBL2971,CN([C@@H]1CCN(c2ncnc3[nH]ccc23)C1)S(=O)(=O)c1cccc(C#N)c1,9.26,0.0,1
CHEMBL2971,CN([C@@H]1CCN(c2ncnc3[nH]ccc23)C1)S(=O)(=O)c1cccc([N+](=O)[O-])c1,9.26,0.0,1
CHEMBL2971,CN([C@@H]1CC[C@H](n2cc(C(N)=O)c(Nc3ccc(Cl)cc3)n2)[C@@H](C#N)C1)S(C)(=O)=O,7.34,0.0,1
CHEMBL2971,CN([C@H]1CCC(n2cc(C(N)=O)c(Nc3ccc(Cl)cc3)n2)[C@@H](C#N)C1)C(C)(C)C1CC1,7.42,0.0,1
CHEMBL2971,CN([C@H]1CCC(n2cc(C(N)=O)c(Nc3ccc(Cl)cc3)n2)[C@@H](C#N)C1)C1(C)COC1,8.15,0.0,1
CHEMBL2971,CN([C@H]1CC[C@H](n2cc(C(N)=O)c(Nc3ccc(Cl)cc3)n2)[C@@H](C#N)C1)C(C)(C)C,7.8,0.0,1
CHEMBL2971,CN([C@H]1CC[C@H](n2cc(C(N)=O)c(Nc3ccc(Cl)cc3)n2)[C@@H](C#N)C1)S(C)(=O)=O,8.22,0.0,1
CHEMBL2971,CN(c1c(F)cc(C#N)cc1F)[C@@H]1CCN(c2ncnc3[nH]ccc23)C1,9.26,0.0,1
CHEMBL2971,CN(c1c(F)cc(C(=O)N[C@H](CO)c2ccccc2)cc1F)[C@@H]1CCN(c2ncnc3[nH]ccc23)C1,10.26,0.0,1
CHEMBL2971,CN(c1cc(O)ccc1CNc1nc(-c2cc(F)c(O)cc2CC(F)(F)F)cc2[nH]nc(C(N)=O)c12)S(C)(=O)=O,7.57,0.0,1
CHEMBL2971,CN(c1cc2cn[nH]c2cn1)[C@@H]1CCN(c2ncnc3[nH]ccc23)C1,10.26,0.0,1
CHEMBL2971,CN(c1ccc(-c2cccn3nc(Nc4ccc(CN5CCS(=O)(=O)CC5)cc4)nc23)cc1)S(C)(=O)=O,9.57,0.0,1
CHEMBL2971,CN(c1ccc(-c2cccs2)cn1)[C@@H]1CCN(c2ncnc3[nH]ccc23)C1,9.26,0.0,1
CHEMBL2971,CN(c1ccc(-c2nn[nH]n2)cn1)[C@@H]1CCN(c2ncnc3[nH]ccc23)C1,9.26,0.0,1
CHEMBL2971,CN(c1ccc(-c2nnn[nH]2)cc1F)[C@@H]1CCN(c2ncnc3[nH]ccc23)C1,10.26,0.0,1
CHEMBL2971,CN(c1ccc(Br)cn1)[C@@H]1CCN(c2ncnc3[nH]ccc23)C1,9.26,0.0,1
CHEMBL2971,CN(c1ccc(C#N)c(Br)c1)[C@@H]1CCN(c2ncnc3[nH]ccc23)C1,10.26,0.0,1
CHEMBL2971,CN(c1ccc(C#N)c(Cl)n1)[C@@H]1CCN(c2ncnc3[nH]ccc23)C1,9.26,0.0,1
CHEMBL2971,CN(c1ccc(C#N)c(F)c1)[C@@H]1CCN(c2ncnc3[nH]ccc23)C1,7.31,0.0,1
CHEMBL2971,CN(c1ccc(C#N)c2ccccc12)[C@@H]1CCN(c2ncnc3[nH]ccc23)C1,10.26,0.0,1
CHEMBL2971,CN(c1ccc(C#N)cc1)[C@@H]1CCN(c2ncnc3[nH]ccc23)C1,10.26,0.0,1
CHEMBL2971,CN(c1ccc(C#N)cc1Br)[C@@H]1CCN(c2ncnc3[nH]ccc23)C1,9.26,0.0,1
CHEMBL2971,CN(c1ccc(C#N)cc1F)[C@@H]1CCN(c2ncnc3[nH]ccc23)C1,10.26,0.0,1
CHEMBL2971,CN(c1ccc(C#N)cc1[N+](=O)[O-])[C@@H]1CCN(c2ncnc3[nH]ccc23)C1,9.26,0.0,1
CHEMBL2971,CN(c1ccc(C#N)cn1)[C@@H]1CCN(c2ncnc3[nH]ccc23)C1,10.26,0.0,1
CHEMBL2971,CN(c1ccc(C#N)cn1)[C@H]1CCN(c2ncnc3[nH]ccc23)C1,10.26,0.0,1
CHEMBL2971,CN(c1ccc(C#N)nn1)[C@@H]1CCN(c2ncnc3[nH]ccc23)C1,10.26,0.0,1
CHEMBL2971,CN(c1ccc(C(=O)NC(CO)c2ccc(Cl)cc2)cc1F)[C@@H]1CCN(c2ncnc3[nH]ccc23)C1,10.26,0.0,1
CHEMBL2971,CN(c1ccc(C(=O)NC(CO)c2ccccc2Cl)cc1F)[C@@H]1CCN(c2ncnc3[nH]ccc23)C1,6.26,0.0,1
CHEMBL2971,CN(c1ccc(C(=O)NC(CO)c2ccccc2Cl)cn1)[C@@H]1CCN(c2ncnc3[nH]ccc23)C1,9.26,0.0,1
CHEMBL2971,CN(c1ccc(C(=O)NC2CC2)cn1)[C@@H]1CCN(c2ncnc3[nH]ccc23)C1,10.26,0.0,1
CHEMBL2971,CN(c1ccc(C(=O)NC2c3ccccc3CC2O)cc1F)[C@@H]1CCN(c2ncnc3[nH]ccc23)C1,10.26,0.0,1
CHEMBL2971,CN(c1ccc(C(=O)NC2c3ccccc3C[C@H]2O)cc1F)[C@@H]1CCN(c2ncnc3[nH]ccc23)C1,9.3,0.0,1
CHEMBL2971,CN(c1ccc(C(=O)NCCO)cn1)[C@@H]1CCN(c2ncnc3[nH]ccc23)C1,10.26,0.0,1
CHEMBL2971,CN(c1ccc(C(=O)NC[C@H](O)c2ccccc2)cc1F)[C@@H]1CCN(c2ncnc3[nH]ccc23)C1,10.26,0.0,1
CHEMBL2971,CN(c1ccc(C(=O)NCc2ccccc2)cc1F)[C@@H]1CCN(c2ncnc3[nH]ccc23)C1,10.26,0.0,1
CHEMBL2971,CN(c1ccc(C(=O)N[C@@H](CO)c2ccccc2)cc1F)[C@@H]1CCN(c2ncnc3[nH]ccc23)C1,10.26,0.0,1
CHEMBL2971,CN(c1ccc(C(=O)N[C@@H](CO)c2ccccc2)cn1)[C@@H]1CCN(c2ncnc3[nH]ccc23)C1,10.26,0.0,1
CHEMBL2971,CN(c1ccc(C(=O)N[C@@H]2c3ccccc3C[C@H]2O)cc1F)[C@@H]1CCN(c2ncnc3[nH]ccc23)C1,9.3,0.0,1
CHEMBL2971,CN(c1ccc(C(=O)N[C@H](CO)c2ccccc2)cn1)[C@@H]1CCN(c2ncnc3[nH]ccc23)C1,10.26,0.0,1
CHEMBL2971,CN(c1ccc(C(=O)N[C@H]2c3ccccc3C[C@@H]2O)cc1F)[C@@H]1CCN(c2ncnc3[nH]ccc23)C1,10.26,0.0,1
CHEMBL2971,CN(c1ccc(C(=O)Nc2cccc(Cl)c2)cc1F)[C@@H]1CCN(c2ncnc3[nH]ccc23)C1,10.26,0.0,1
CHEMBL2971,CN(c1ccc(C(=O)Nc2ccccc2F)cn1)[C@@H]1CCN(c2ncnc3[nH]ccc23)C1,10.26,0.0,1
CHEMBL2971,CN(c1ccc(C(=O)Nc2cccs2)cn1)[C@@H]1CCN(c2ncnc3[nH]ccc23)C1,7.12,0.0,1
CHEMBL2971,CN(c1ccc(C(=O)Nc2nccs2)cn1)[C@@H]1CCN(c2ncnc3[nH]ccc23)C1,7.12,0.0,1
CHEMBL2971,CN(c1ccc(C(=O)O)cn1)[C@@H]1CCN(c2ncnc3[nH]ccc23)C1,9.26,0.0,1
CHEMBL2971,CN(c1ccc(C(F)(F)F)cn1)[C@@H]1CCN(c2ncnc3[nH]ccc23)C1,10.26,0.0,1
CHEMBL2971,CN(c1ccc(C(F)(F)F)nn1)[C@@H]1CCN(c2ncnc3[nH]ccc23)C1,10.26,0.0,1
CHEMBL2971,CN(c1ccc(Cl)cc1CNc1nc(-c2cc(F)c(O)cc2CC(F)(F)F)cc(N)c1C(=N)C(N)=O)S(C)(=O)=O,7.24,0.0,1
CHEMBL2971,CN(c1ccc(Cl)cc1CNc1nc(-c2cc(F)c(O)cc2CC(F)(F)F)cc2[nH]nc(C(N)=O)c12)S(C)(=O)=O,7.24,0.0,1
CHEMBL2971,CN(c1ccc(Cl)cn1)[C@@H]1CCN(c2ncnc3[nH]ccc23)C1,10.26,0.0,1
CHEMBL2971,CN(c1ccc(Cl)nn1)[C@@H]1CCN(c2ncnc3[nH]ccc23)C1,9.26,0.0,1
CHEMBL2971,CN(c1ccc(F)cc1)C1CCC(c2nnn3cnc4[nH]ccc4c23)CC1,7.62,0.0,1
CHEMBL2971,CN(c1ccc(F)cc1CNc1nc(-c2cc(F)c(O)cc2CC(F)(F)F)cc2[nH]nc(C(N)=O)c12)S(C)(=O)=O,7.39,0.0,1
CHEMBL2971,CN(c1ccc(F)cn1)[C@@H]1CCN(c2ncnc3[nH]ccc23)C1,10.26,0.0,1
CHEMBL2971,CN(c1ccc(NS(=O)(=O)c2ccc(F)cc2)cn1)[C@@H]1CCN(c2ncnc3[nH]ccc23)C1,10.26,0.0,1
CHEMBL2971,CN(c1ccc(NS(C)(=O)=O)cn1)[C@@H]1CCN(c2ncnc3[nH]ccc23)C1,9.26,0.0,1
CHEMBL2971,CN(c1ccc(O)cc1CNc1nc(-c2cc(F)c(O)cc2CC(F)(F)F)cc(N)c1C(=N)C(N)=O)S(=O)(=O)c1ccccc1,6.8,0.0,1
CHEMBL2971,CN(c1ccc(O)cc1CNc1nc(-c2cc(F)c(O)cc2CC(F)(F)F)cc2[nH]nc(C(=O)Nc3ccc(NCCO)nc3)c12)S(C)(=O)=O,7.65,0.0,1
CHEMBL2971,CN(c1ccc(O)cc1CNc1nc(-c2cc(F)c(O)cc2CC(F)(F)F)cc2[nH]nc(C(N)=O)c12)S(=O)(=O)c1ccccc1,6.8,0.0,1
CHEMBL2971,CN(c1ccc(O)cc1CNc1nc(-c2cc(F)c(O)cc2CC(F)(F)F)cc2[nH]nc(C(N)=O)c12)S(C)(=O)=O,7.87,0.0,1
CHEMBL2971,CN(c1ccc(O)cc1CNc1nc(-c2cc(F)c(O)cc2CC(F)(F)F)nc(N)c1C(=N)C(=N)NC(=N)C1CCN(C(N)=O)CC1)S(C)(=O)=O,7.8,0.0,1
CHEMBL2971,CN(c1ccc(O)cc1CNc1nc(-c2cc(F)c(O)cc2CC(F)(F)F)nc(N)c1C(=N)C(N)=O)S(C)(=O)=O,7.9,0.0,1
CHEMBL2971,CN(c1ccc(O)cc1CNc1nc(-c2cc(F)c(O)cc2CC(F)(F)F)nc(N)c1C(=N)c1nc2c([nH]1)CCNC2)S(C)(=O)=O,7.45,0.0,1
CHEMBL2971,CN(c1ccc(O)cc1CNc1nc(-c2cc(F)c(O)cc2CC(F)(F)F)nc2[nH]nc(-c3nc4c([nH]3)CCNC4)c12)S(C)(=O)=O,7.45,0.0,1
CHEMBL2971,CN(c1ccc(O)cc1CNc1nc(-c2cc(F)c(O)cc2CC(F)(F)F)nc2[nH]nc(-c3nnc(C4CCN(C(N)=O)CC4)[nH]3)c12)S(C)(=O)=O,7.8,0.0,1
CHEMBL2971,CN(c1ccc(O)cc1CNc1nc(-c2cc(F)c(O)cc2CC(F)(F)F)nc2[nH]nc(C(=O)Nc3ccc(NCCO)nc3)c12)S(C)(=O)=O,7.64,0.0,1
CHEMBL2971,CN(c1ccc(O)cc1CNc1nc(-c2cc(F)c(O)cc2CC(F)(F)F)nc2[nH]nc(C(N)=O)c12)S(=O)(=O)c1ccccc1,6.91,0.0,1
CHEMBL2971,CN(c1ccc(O)cc1CNc1nc(-c2cc(F)c(O)cc2CC(F)(F)F)nc2[nH]nc(C(N)=O)c12)S(C)(=O)=O,7.9,0.0,1
CHEMBL2971,CN(c1ccc(S(=O)(=O)C(F)(F)F)cc1)[C@@H]1CCN(c2ncnc3[nH]ccc23)C1,10.26,0.0,1
CHEMBL2971,CN(c1ccc(S(=O)(=O)N2CCOCC2)cn1)[C@@H]1CCN(c2ncnc3[nH]ccc23)C1,9.26,0.0,1
CHEMBL2971,CN(c1ccc(S(=O)(=O)NC2CC2)cn1)[C@@H]1CCN(c2ncnc3[nH]ccc23)C1,10.26,0.0,1
CHEMBL2971,CN(c1ccc(S(=O)(=O)NC2CCOCC2)cn1)[C@@H]1CCN(c2ncnc3[nH]ccc23)C1,9.26,0.0,1
CHEMBL2971,CN(c1ccc(S(=O)(=O)NC2COC2)cn1)[C@@H]1CCN(c2ncnc3[nH]ccc23)C1,10.26,0.0,1
CHEMBL2971,CN(c1ccc(S(=O)(=O)NCCO)cn1)[C@@H]1CCN(c2ncnc3[nH]ccc23)C1,9.26,0.0,1
CHEMBL2971,CN(c1ccc(S(=O)(=O)NC[C@@H]2CCCO2)cn1)[C@@H]1CCN(c2ncnc3[nH]ccc23)C1,10.26,0.0,1
CHEMBL2971,CN(c1ccc(S(C)(=O)=O)cn1)[C@@H]1CCN(c2ncnc3[nH]ccc23)C1,10.26,0.0,1
CHEMBL2971,CN(c1ccc(S(N)(=O)=O)cn1)[C@@H]1CCN(c2ncnc3[nH]ccc23)C1,7.39,0.0,1
CHEMBL2971,CN(c1ccc([N+](=O)[O-])cn1)[C@@H]1CCN(c2ncnc3[nH]ccc23)C1,9.26,0.0,1
CHEMBL2971,CN(c1ccc2[nH]c(=O)[nH]c2n1)[C@@H]1CCN(c2ncnc3[nH]ccc23)C1,10.26,0.0,1
CHEMBL2971,CN(c1ccc2nc[nH]c2n1)[C@@H]1CCN(c2ncnc3[nH]ccc23)C1,10.26,0.0,1
CHEMBL2971,CN(c1ccc2nn[nH]c2n1)[C@@H]1CCN(c2ncnc3[nH]ccc23)C1,9.26,0.0,1
CHEMBL2971,CN(c1cccc(-c2cccn3nc(Nc4ccc(OCCN5CCCC5)cc4)nc23)c1)S(C)(=O)=O,7.47,0.0,1
CHEMBL2971,CN(c1cccc(C#N)n1)[C@@H]1CCN(c2ncnc3[nH]ccc23)C1,10.26,0.0,1
CHEMBL2971,CN(c1cccc(Nc2nc(NC3CCNCC3)nc3sccc23)c1)S(=O)(=O)C(C)(C)C,5.0,0.0,1
CHEMBL2971,CN(c1ccccc1)C1CCC(CC#N)(n2cc(C(N)=O)c(Nc3ccnc(F)c3)n2)CC1,7.84,1.216223663640861,2
CHEMBL2971,CN(c1ccccc1CNc1cccn2nc(Nc3ccc(OCCN4CCCC4)cc3)nc12)S(C)(=O)=O,7.36,0.0,1
CHEMBL2971,CN(c1ccccc1CNc1cccn2nc(Nc3ccc4c(c3)CCC(N3CCOCC3)CC4)nc12)S(C)(=O)=O,6.87,0.0,1
CHEMBL2971,CN(c1ccccc1CNc1cccn2nc(Nc3ccc4cnccc4c3)nc12)S(C)(=O)=O,6.93,0.0,1
CHEMBL2971,CN(c1ccccc1CNc1cccn2nc(Nc3ccccc3)nc12)S(C)(=O)=O,6.24,0.0,1
CHEMBL2971,CN(c1ccccc1CNc1nc(-c2cc(F)c(O)cc2C2CC2)cc2[nH]nc(C(N)=O)c12)S(C)(=O)=O,7.55,0.0,1
CHEMBL2971,CN(c1ccccc1CNc1nc(-c2cc(F)c(O)cc2CC(F)(F)F)cc(N)c1C(=N)C(N)=O)S(=O)(=O)c1cccnc1,7.52,0.0,1
CHEMBL2971,CN(c1ccccc1CNc1nc(-c2cc(F)c(O)cc2CC(F)(F)F)cc(N)c1C=N)S(C)(=O)=O,8.2,0.0,1
CHEMBL2971,CN(c1ccccc1CNc1nc(-c2cc(F)c(O)cc2CC(F)(F)F)cc2[nH]nc(-n3cccn3)c12)S(C)(=O)=O,6.82,0.0,1
CHEMBL2971,CN(c1ccccc1CNc1nc(-c2cc(F)c(O)cc2CC(F)(F)F)cc2[nH]nc(C(N)=O)c12)S(=O)(=O)CCCN1CCOCC1,7.83,0.0,1
CHEMBL2971,CN(c1ccccc1CNc1nc(-c2cc(F)c(O)cc2CC(F)(F)F)cc2[nH]nc(C(N)=O)c12)S(=O)(=O)c1ccc(N2CCOCC2)nc1,7.08,0.0,1
CHEMBL2971,CN(c1ccccc1CNc1nc(-c2cc(F)c(O)cc2CC(F)(F)F)cc2[nH]nc(C(N)=O)c12)S(=O)(=O)c1ccccc1,7.04,0.0,1
CHEMBL2971,CN(c1ccccc1CNc1nc(-c2cc(F)c(O)cc2CC(F)(F)F)cc2[nH]nc(C(N)=O)c12)S(=O)(=O)c1cccnc1,7.52,0.0,1
CHEMBL2971,CN(c1ccccc1CNc1nc(-c2cc(F)c(O)cc2CC(F)(F)F)cc2[nH]nc(C(N)=O)c12)S(C)(=O)=O,7.78,0.05656854249492385,2
CHEMBL2971,CN(c1ccccc1CNc1nc(-c2cc(F)c(O)cc2CC(F)(F)F)cc2[nH]ncc12)S(C)(=O)=O,8.2,0.0,1
CHEMBL2971,CN(c1ccccc1CNc1nc(-c2cc(F)c(O)cc2CC(F)(F)F)nc(N)c1C(=N)C(N)=O)S(=O)(=O)c1ccccc1,6.91,0.0,1
CHEMBL2971,CN(c1ccccc1CNc1nc(-c2cc(F)c(O)cc2CC(F)(F)F)nc2[nH]nc(-c3nnc(C4CCN(C(=O)CN5CCCC5)CC4)[nH]3)c12)S(C)(=O)=O,7.26,0.0,1
CHEMBL2971,CN(c1ccccc1CNc1nc(-c2cc(F)c(O)cc2CC(F)(F)F)nc2[nH]nc(C(=N)NC(=N)C3CCN(C(=O)CN4CCCC4)CC3)c12)S(C)(=O)=O,7.26,0.0,1
CHEMBL2971,CN(c1ccccc1CNc1nc(-c2cc(F)c(O)cc2CC(F)(F)F)nc2[nH]nc(C(N)=O)c12)S(=O)(=O)c1ccccc1,6.91,0.0,1
CHEMBL2971,CN(c1ccccc1CNc1nc(-c2cc(F)c(O)cc2CC(F)(F)F)nc2[nH]nc(C(N)=O)c12)S(C)(=O)=O,7.74,0.0,1
CHEMBL2971,CN(c1ccccn1)[C@@H]1CCN(c2ncnc3[nH]ccc23)C1,10.26,0.0,1
CHEMBL2971,CN(c1ccnc(C#N)c1)[C@@H]1CCN(c2ncnc3[nH]ccc23)C1,10.26,0.0,1
CHEMBL2971,CN(c1ccnc(Cl)n1)[C@@H]1CCN(c2ncnc3[nH]ccc23)C1,8.26,2.8284271247461903,2
CHEMBL2971,CN(c1ccnc2[nH]ccc12)C1CCCCC1,5.75,0.0,1
CHEMBL2971,CN(c1ccncn1)[C@H]1CCN(c2ncnc3[nH]ccc23)C1,9.26,0.0,1
CHEMBL2971,CN(c1cnc(C#N)cn1)[C@@H]1CCN(c2ncnc3[nH]ccc23)C1,10.26,0.0,1
CHEMBL2971,CN(c1cnc(N2CCOCC2)cn1)[C@@H]1CCN(c2ncnc3[nH]ccc23)C1,10.26,0.0,1
CHEMBL2971,CN(c1cncc(-n2ccnc2)n1)[C@@H]1CCN(c2ncnc3[nH]ccc23)C1,10.26,0.0,1
CHEMBL2971,CN(c1nc(Cl)c(C#N)cc1F)[C@@H]1CCN(c2ncnc3[nH]ccc23)C1,10.26,0.0,1
CHEMBL2971,CN(c1nc(Cl)nc2ccccc12)[C@@H]1CCN(c2ncnc3[nH]ccc23)C1,9.26,0.0,1
CHEMBL2971,CN(c1nc(Nc2ccc(OCCN3CCNCC3)cc2)c2c(=O)[nH]ncc2n1)C1CCCCC1,7.52,0.0,1
CHEMBL2971,CN(c1nc(Nc2cnn(C)c2)ncc1Cl)C1CC2CN(C(=O)CC#N)CC2C1,7.39,0.0,1
CHEMBL2971,CN(c1nc(Nc2cnn(C)c2)ncc1Cl)C1CCC2(CC1)CCN(C(=O)CC#N)C2,7.08,0.0,1
CHEMBL2971,CN(c1nc(Nc2cnn(C)c2)ncc1Cl)C1CCC2(CC1)CCN(C(=O)CC#N)CC2,7.41,0.0,1
CHEMBL2971,CN(c1nc(Nc2cnn(C)c2)ncc1Cl)C1CCC2(CCCN(C(=O)CC#N)C2)C1,8.15,0.0,1
CHEMBL2971,CN(c1nc(Nc2cnn(C)c2)ncc1Cl)C1COC2C(O)COC21,6.16,0.0,1
CHEMBL2971,CN(c1ncc(Br)cc1C#N)[C@@H]1CCN(c2ncnc3[nH]ccc23)C1,9.26,0.0,1
CHEMBL2971,CN(c1ncc(Br)cn1)[C@@H]1CCN(c2ncnc3[nH]ccc23)C1,10.26,0.0,1
CHEMBL2971,CN(c1ncc(C#N)cc1Br)[C@@H]1CCN(c2ncnc3[nH]ccc23)C1,10.26,0.0,1
CHEMBL2971,CN(c1ncc(C#N)cc1Cl)[C@@H]1CCN(c2ncnc3[nH]ccc23)C1,9.26,0.0,1
CHEMBL2971,CN(c1ncc(C#N)cc1F)[C@@H]1CCN(c2ncnc3[nH]ccc23)C1,9.26,0.0,1
CHEMBL2971,CN(c1ncc(C#N)cc1[N+](=O)[O-])[C@@H]1CCN(c2ncnc3[nH]ccc23)C1,9.26,0.0,1
CHEMBL2971,CN(c1ncc(C#N)cn1)[C@H]1CCN(c2ncnc3[nH]ccc23)C1,7.26,0.0,1
CHEMBL2971,CN(c1ncc(Cl)cc1CNc1nc(-c2cc(F)c(O)cc2CC(F)(F)F)cc2[nH]nc(C(N)=O)c12)S(C)(=O)=O,6.87,0.0,1
CHEMBL2971,CN(c1ncc(F)cc1CNc1nc(-c2cc(F)c(O)cc2CC(F)(F)F)cc2[nH]nc(C(N)=O)c12)S(C)(=O)=O,7.41,0.0,1
CHEMBL2971,CN(c1ncccc1C#N)[C@@H]1CCN(c2ncnc3[nH]ccc23)C1,10.26,0.0,1
CHEMBL2971,CN(c1ncccc1CNc1cccn2nc(Nc3ccc(N4CCN(CCO)CC4)cc3)nc12)S(C)(=O)=O,7.44,0.0,1
CHEMBL2971,CN(c1ncccc1CNc1cccn2nc(Nc3ccc(OCCN4CCCC4)cc3)nc12)S(C)(=O)=O,7.38,0.0,1
CHEMBL2971,CN(c1ncccc1CNc1cccn2nc(Nc3ccc(S(C)(=O)=O)cc3)nc12)S(C)(=O)=O,7.76,0.0,1
CHEMBL2971,CN(c1ncccc1CNc1cccn2nc(Nc3cccc(S(C)(=O)=O)c3)nc12)S(C)(=O)=O,7.11,0.0,1
CHEMBL2971,CN(c1ncccc1CNc1nc(-c2cc(F)c(O)cc2CC(F)(F)F)cc2[nH]nc(C(N)=O)c12)S(C)(=O)=O,7.84,0.0,1
CHEMBL2971,CN(c1ncccc1Nc1cccn2nc(Nc3ccc(OCCN4CCCC4)cc3)nc12)S(C)(=O)=O,7.48,0.0,1
CHEMBL2971,CN(c1ncnc2[nH]cc(F)c12)C1C[C@@H]2CN(C(=O)CO)C[C@@H]2C1,6.71,0.0,1
CHEMBL2971,CN(c1ncnc2[nH]cc(F)c12)[C@H]1C[C@@H]2CN(C(=O)CO)C[C@@H]2C1,6.71,0.0,1
CHEMBL2971,CN(c1ncnc2[nH]ccc12)C1CC2CNC(=O)CC2C1,7.64,0.0,1
CHEMBL2971,CN(c1ncnc2[nH]ccc12)C1CCC(CS(=O)(=O)N2CCC(CO)CC2)CC1,7.36,0.0,1
CHEMBL2971,CN(c1ncnc2[nH]ccc12)C1CCC(CS(=O)(=O)N2CC[C@@H](O)C2)CC1,7.74,0.0,1
CHEMBL2971,CN(c1ncnc2[nH]ccc12)C1CCCCC1,4.35,0.0,1
CHEMBL2971,CN(c1ncnc2[nH]ccc12)C1C[C@@H]2CCN(C(=O)CC#N)C[C@@H]2C1,6.95,0.0,1
CHEMBL2971,CN(c1ncnc2[nH]ccc12)C1C[C@@H]2CCN(C(=O)CO)C[C@@H]2C1,7.14,0.0,1
CHEMBL2971,CN(c1ncnc2[nH]ccc12)C1C[C@@H]2CN(C(=O)Nc3nc(CO)ns3)C[C@@H]2C1,8.15,0.0,1
CHEMBL2971,CN(c1ncnc2[nH]ccc12)C1C[C@@H]2CN(C(=O)Nc3nc(OCC(C)(C)O)ns3)C[C@@H]2C1,8.3,0.0,1
CHEMBL2971,CN(c1ncnc2[nH]ccc12)N1CCC(C(=O)NCC#N)C1,7.37,0.0,1
CHEMBL2971,CN(c1ncnc2[nH]ccc12)N1CCC(C(=O)NCC#N)CC1,6.57,0.0,1
CHEMBL2971,CN(c1ncnc2[nH]ccc12)N1CCC(C(=O)NCC(F)(F)F)C1,7.44,0.0,1
CHEMBL2971,CN(c1ncnc2[nH]ccc12)N1CCC(C(=O)NCC(F)(F)F)CC1,6.5,0.0,1
CHEMBL2971,CN(c1ncnc2[nH]ccc12)N1CCC(C)(C(=O)NCC(F)(F)F)C1,5.0,0.0,1
CHEMBL2971,CN(c1ncnc2[nH]ccc12)N1CCCC(C(=O)N2CC(O)C2)C1,6.09,0.0,1
CHEMBL2971,CN(c1ncnc2[nH]ccc12)N1CCCC(C(=O)NCC#N)C1,7.94,0.0,1
CHEMBL2971,CN(c1ncnc2[nH]ccc12)N1CCCC(C(=O)NCC(F)(F)F)C1,7.48,0.0,1
CHEMBL2971,CN(c1ncnc2[nH]ccc12)N1CCCC(C(=O)NCC(F)F)C1,7.79,0.0,1
CHEMBL2971,CN(c1ncnc2[nH]ccc12)N1CCCC(C(=O)NCCC#N)C1,6.29,0.0,1
CHEMBL2971,CN(c1ncnc2[nH]ccc12)N1CCCC(C)(C(=O)NCC#N)C1,5.32,0.0,1
CHEMBL2971,CN(c1ncnc2[nH]ccc12)N1CCCC(N2CCCC2=O)C1,5.46,0.0,1
CHEMBL2971,CN(c1ncnc2[nH]ccc12)N1CCCN(C(=O)CC(F)(F)F)CC1,5.0,0.0,1
CHEMBL2971,CN(c1ncnc2[nH]ccc12)N1CCC[C@@H](C(=O)NCC#N)C1,8.44,0.0,1
CHEMBL2971,CN(c1ncnc2[nH]ccc12)N1CCC[C@@H](C(=O)NCC(F)(F)F)C1,7.89,0.0,1
CHEMBL2971,CN(c1ncnc2[nH]ccc12)N1CC[C@@H](C(=O)NCC(F)(F)F)C1,8.07,0.0,1
CHEMBL2971,CN(c1ncnc2[nH]ccc12)N1CC[C@H](C(=O)NCC(F)(F)F)C1,6.44,0.0,1
CHEMBL2971,CN(c1ncnc2[nH]ccc12)[C@@H]1CCN(C(=O)CC#N)C1,6.62,0.0,1
CHEMBL2971,CN(c1ncnc2[nH]ccc12)[C@@H]1CCN(C(=O)CN=[N+]=[N-])C1,6.77,0.0,1
CHEMBL2971,CN(c1ncnc2[nH]ccc12)[C@@H]1CCN(C(=O)Nc2ccccc2)C1,6.26,0.0,1
CHEMBL2971,CN(c1ncnc2[nH]ccc12)[C@@H]1CCN(CCC#N)C1,5.72,0.0,1
CHEMBL2971,CN(c1ncnc2[nH]ccc12)[C@@H]1CCN(S(=O)(=O)C(F)(F)F)C1,5.35,0.0,1
CHEMBL2971,CN(c1ncnc2[nH]ccc12)[C@@H]1CCN(S(=O)(=O)N2CCCCC2)C1,5.41,0.0,1
CHEMBL2971,CN(c1ncnc2[nH]ccc12)[C@@H]1CCN(S(=O)(=O)N2CCOCC2)C1,5.36,0.0,1
CHEMBL2971,CN(c1ncnc2[nH]ccc12)[C@@H]1CCN(S(=O)(=O)c2ccc(C#N)cc2)C1,5.92,0.0,1
CHEMBL2971,CN(c1ncnc2[nH]ccc12)[C@@H]1CCN(S(=O)(=O)c2ccc(C(F)(F)F)cc2)C1,5.47,0.0,1
CHEMBL2971,CN(c1ncnc2[nH]ccc12)[C@@H]1CCN(S(=O)(=O)c2ccc(F)cc2)C1,6.96,0.0,1
CHEMBL2971,CN(c1ncnc2[nH]ccc12)[C@@H]1CCN(S(=O)(=O)c2ccc([N+](=O)[O-])cc2)C1,7.05,0.0,1
CHEMBL2971,CN(c1ncnc2[nH]ccc12)[C@@H]1CCN(S(=O)(=O)c2ccc3ccccc3c2)C1,6.16,0.0,1
CHEMBL2971,CN(c1ncnc2[nH]ccc12)[C@@H]1CCN(S(=O)(=O)c2cccc(C#N)c2)C1,7.24,0.0,1
CHEMBL2971,CN(c1ncnc2[nH]ccc12)[C@@H]1CCN(S(=O)(=O)c2cccc(F)c2)C1,7.28,0.0,1
CHEMBL2971,CN(c1ncnc2[nH]ccc12)[C@@H]1CCN(S(=O)(=O)c2cccc([N+](=O)[O-])c2)C1,7.75,0.0,1
CHEMBL2971,CN(c1ncnc2[nH]ccc12)[C@@H]1CCN(S(=O)(=O)c2ccccc2)C1,6.37,0.0,1
CHEMBL2971,CN(c1ncnc2[nH]ccc12)[C@@H]1CCN(S(=O)(=O)c2ccccc2C#N)C1,6.43,0.0,1
CHEMBL2971,CN(c1ncnc2[nH]ccc12)[C@@H]1CCN(S(=O)(=O)c2ccccc2F)C1,6.89,0.0,1
CHEMBL2971,CN(c1ncnc2[nH]ccc12)[C@@H]1CCN(S(=O)(=O)c2ccccc2[N+](=O)[O-])C1,5.96,0.0,1
CHEMBL2971,CN(c1ncnc2[nH]ccc12)[C@@H]1CCN(S(=O)(=O)c2cn(C)cn2)C1,4.72,0.0,1
CHEMBL2971,CN(c1ncnc2[nH]ccc12)[C@@H]1CCN(S(C)(=O)=O)C1,5.33,0.0,1
CHEMBL2971,CN(c1ncnc2[nH]ccc12)[C@@H]1C[C@@H]2CCN(C(=O)Nc3nncs3)C[C@@H]2C1,7.64,0.0,1
CHEMBL2971,CN(c1ncnc2[nH]ccc12)[C@@H]1C[C@@H]2CN(C(=O)CCC#N)C[C@@H]2C1,6.81,0.0,1
CHEMBL2971,CN(c1ncnc2[nH]ccc12)[C@@H]1C[C@@H]2CN(C(=O)Nc3nncs3)C[C@@H]2C1,7.33,0.0,1
CHEMBL2971,CN(c1ncnc2[nH]ccc12)[C@@H]1C[C@@H]2CN(CC#N)C[C@@H]2C1,8.4,0.0,1
CHEMBL2971,CN(c1ncnc2[nH]ccc12)[C@@H]1C[C@@H]2CN(CCC#N)C[C@@H]2C1,7.75,0.0,1
CHEMBL2971,CN(c1ncnc2[nH]ccc12)[C@H]1CC2CNC(=O)CC2C1,7.64,0.0,1
CHEMBL2971,CN(c1ncnc2[nH]ccc12)[C@H]1CC[C@@H](CS(=O)(=O)N2CCC[C@H](C#N)C2)CC1,7.12,0.0,1
CHEMBL2971,CN(c1ncnc2[nH]ccc12)[C@H]1CC[C@H](CS(=O)(=O)N2CC(F)C2)CC1,7.7,0.0,1
CHEMBL2971,CN(c1ncnc2[nH]ccc12)[C@H]1CC[C@H](CS(=O)(=O)N2CC(O)C2)CC1,7.46,0.0,1
CHEMBL2971,CN(c1ncnc2[nH]ccc12)[C@H]1CC[C@H](CS(=O)(=O)N2CC(S(=O)(=O)CC3CC3)C2)CC1,7.3,0.0,1
CHEMBL2971,CN(c1ncnc2[nH]ccc12)[C@H]1CC[C@H](CS(=O)(=O)N2CC(S(=O)(=O)c3ccccc3)C2)CC1,8.04,0.0,1
CHEMBL2971,CN(c1ncnc2[nH]ccc12)[C@H]1CC[C@H](CS(=O)(=O)N2CC(c3cccnc3)C2)CC1,7.45,0.0,1
CHEMBL2971,CN(c1ncnc2[nH]ccc12)[C@H]1CC[C@H](CS(=O)(=O)N2CC(c3ncccn3)C2)CC1,7.65,0.0,1
CHEMBL2971,CN(c1ncnc2[nH]ccc12)[C@H]1CC[C@H](CS(=O)(=O)N2CC(c3nnn[nH]3)C2)CC1,8.0,0.0,1
CHEMBL2971,CN(c1ncnc2[nH]ccc12)[C@H]1CC[C@H](CS(=O)(=O)N2CCC(C#N)CC2)CC1,7.17,0.0,1
CHEMBL2971,CN(c1ncnc2[nH]ccc12)[C@H]1CC[C@H](CS(=O)(=O)N2CCC(C(C)(C)O)CC2)CC1,7.17,0.0,1
CHEMBL2971,CN(c1ncnc2[nH]ccc12)[C@H]1CC[C@H](CS(=O)(=O)N2CCC(C)(O)C2)CC1,10.44,0.0,1
CHEMBL2971,CN(c1ncnc2[nH]ccc12)[C@H]1CC[C@H](CS(=O)(=O)N2CCC(C)(O)CC2)CC1,7.38,0.0,1
CHEMBL2971,CN(c1ncnc2[nH]ccc12)[C@H]1CC[C@H](CS(=O)(=O)N2CCC(CC(N)=O)CC2)CC1,7.07,0.0,1
CHEMBL2971,CN(c1ncnc2[nH]ccc12)[C@H]1CC[C@H](CS(=O)(=O)N2CCC(COCC3CC3)CC2)CC1,7.22,0.0,1
CHEMBL2971,CN(c1ncnc2[nH]ccc12)[C@H]1CC[C@H](CS(=O)(=O)N2CCC(CS(=O)(=O)CC3CC3)CC2)CC1,7.05,0.0,1
CHEMBL2971,CN(c1ncnc2[nH]ccc12)[C@H]1CC[C@H](CS(=O)(=O)N2CCC(Cc3ncccn3)CC2)CC1,7.75,0.0,1
CHEMBL2971,CN(c1ncnc2[nH]ccc12)[C@H]1CC[C@H](CS(=O)(=O)N2CCC(N)CC2)CC1,7.01,0.0,1
CHEMBL2971,CN(c1ncnc2[nH]ccc12)[C@H]1CC[C@H](CS(=O)(=O)N2CCC(O)(c3ccccc3)CC2)CC1,8.13,0.0,1
CHEMBL2971,CN(c1ncnc2[nH]ccc12)[C@H]1CC[C@H](CS(=O)(=O)N2CCC(O)CC2)CC1,7.47,0.0,1
CHEMBL2971,CN(c1ncnc2[nH]ccc12)[C@H]1CC[C@H](CS(=O)(=O)N2CCC(c3nc(CS(C)(=O)=O)no3)CC2)CC1,7.18,0.0,1
CHEMBL2971,CN(c1ncnc2[nH]ccc12)[C@H]1CC[C@H](CS(=O)(=O)N2CCC2)CC1,7.41,0.0,1
CHEMBL2971,CN(c1ncnc2[nH]ccc12)[C@H]1CC[C@H](CS(=O)(=O)N2CCCC(C(=O)O)C2)CC1,8.11,0.0,1
CHEMBL2971,CN(c1ncnc2[nH]ccc12)[C@H]1CC[C@H](CS(=O)(=O)N2CCCC(C(F)(F)F)C2)CC1,7.26,0.0,1
CHEMBL2971,CN(c1ncnc2[nH]ccc12)[C@H]1CC[C@H](CS(=O)(=O)N2CCCC(CN3CCCC3)C2)CC1,6.9,0.0,1
CHEMBL2971,CN(c1ncnc2[nH]ccc12)[C@H]1CC[C@H](CS(=O)(=O)N2CCCC(COc3ccc(F)cc3)C2)CC1,7.5,0.0,1
CHEMBL2971,CN(c1ncnc2[nH]ccc12)[C@H]1CC[C@H](CS(=O)(=O)N2CCCC(Cc3ccccn3)C2)CC1,7.48,0.0,1
CHEMBL2971,CN(c1ncnc2[nH]ccc12)[C@H]1CC[C@H](CS(=O)(=O)N2CCCC(F)C2)CC1,7.58,0.0,1
CHEMBL2971,CN(c1ncnc2[nH]ccc12)[C@H]1CC[C@H](CS(=O)(=O)N2CCCC(O)(COc3cccc(F)c3)C2)CC1,7.33,0.0,1
CHEMBL2971,CN(c1ncnc2[nH]ccc12)[C@H]1CC[C@H](CS(=O)(=O)N2CCCC(OCC(N)=O)C2)CC1,7.74,0.0,1
CHEMBL2971,CN(c1ncnc2[nH]ccc12)[C@H]1CC[C@H](CS(=O)(=O)N2CCCC3(CNC(=O)C3)C2)CC1,7.2,0.0,1
CHEMBL2971,CN(c1ncnc2[nH]ccc12)[C@H]1CC[C@H](CS(=O)(=O)N2CCC[C@@H](O)C2)CC1,8.1,0.0,1
CHEMBL2971,CN(c1ncnc2[nH]ccc12)[C@H]1CC[C@H](CS(=O)(=O)N2CCC[C@@H](OC(=O)C(C)(C)C)C2)CC1,9.89,0.0,1
CHEMBL2971,CN(c1ncnc2[nH]ccc12)[C@H]1CC[C@H](CS(=O)(=O)N2CCC[C@@H](OP(=O)(O)O)C2)CC1,9.97,0.0,1
CHEMBL2971,CN(c1ncnc2[nH]ccc12)[C@H]1CC[C@H](CS(=O)(=O)N2CCC[C@@](C)(CO)C2)CC1,7.29,0.0,1
CHEMBL2971,CN(c1ncnc2[nH]ccc12)[C@H]1CC[C@H](CS(=O)(=O)N2CCC[C@@](C)(O)C2)CC1,7.39,0.0,1
CHEMBL2971,CN(c1ncnc2[nH]ccc12)[C@H]1CC[C@H](CS(=O)(=O)N2CCC[C@H](C#N)C2)CC1,7.49,0.0,1
CHEMBL2971,CN(c1ncnc2[nH]ccc12)[C@H]1CC[C@H](CS(=O)(=O)N2CCC[C@H](C(N)=O)C2)CC1,7.69,0.0,1
CHEMBL2971,CN(c1ncnc2[nH]ccc12)[C@H]1CC[C@H](CS(=O)(=O)N2CCC[C@H](CO)C2)CC1,7.7,0.0,1
CHEMBL2971,CN(c1ncnc2[nH]ccc12)[C@H]1CC[C@H](CS(=O)(=O)N2CCC[C@H](CS(C)(=O)=O)C2)CC1,7.04,0.0,1
CHEMBL2971,CN(c1ncnc2[nH]ccc12)[C@H]1CC[C@H](CS(=O)(=O)N2CCC[C@H](CS(N)(=O)=O)C2)CC1,7.66,0.0,1
CHEMBL2971,CN(c1ncnc2[nH]ccc12)[C@H]1CC[C@H](CS(=O)(=O)N2CCC[C@H](O)C2)CC1,7.77,0.02828427124746224,2
CHEMBL2971,CN(c1ncnc2[nH]ccc12)[C@H]1CC[C@H](CS(=O)(=O)N2CCC[C@H]2CN2CCCC2)CC1,7.39,0.0,1
CHEMBL2971,CN(c1ncnc2[nH]ccc12)[C@H]1CC[C@H](CS(=O)(=O)N2CCN(Cc3ccccn3)CC2)CC1,7.3,0.0,1
CHEMBL2971,CN(c1ncnc2[nH]ccc12)[C@H]1CC[C@H](CS(=O)(=O)N2CCN(c3ccccn3)CC2)CC1,7.65,0.0,1
CHEMBL2971,CN(c1ncnc2[nH]ccc12)[C@H]1CC[C@H](CS(=O)(=O)N2CCN(c3ncccc3C#N)CC2)CC1,7.75,0.0,1
CHEMBL2971,CN(c1ncnc2[nH]ccc12)[C@H]1CC[C@H](CS(=O)(=O)N2CCN(c3ncccc3C(=O)NC3CC3)CC2)CC1,7.37,0.0,1
CHEMBL2971,CN(c1ncnc2[nH]ccc12)[C@H]1CC[C@H](CS(=O)(=O)N2CCS(=O)(=O)CC2)CC1,7.35,0.0,1
CHEMBL2971,CN(c1ncnc2[nH]ccc12)[C@H]1CC[C@H](CS(=O)(=O)N2CCSC2)CC1,7.53,0.0,1
CHEMBL2971,CN(c1ncnc2[nH]ccc12)[C@H]1CC[C@H](CS(=O)(=O)N2CC[C@@H](CC#N)C2)CC1,7.28,0.0,1
CHEMBL2971,CN(c1ncnc2[nH]ccc12)[C@H]1CC[C@H](CS(=O)(=O)N2CC[C@@H](CO)C2)CC1,8.08,0.0,1
CHEMBL2971,CN(c1ncnc2[nH]ccc12)[C@H]1CC[C@H](CS(=O)(=O)N2CC[C@@H](F)C2)CC1,7.78,0.0,1
CHEMBL2971,CN(c1ncnc2[nH]ccc12)[C@H]1CC[C@H](CS(=O)(=O)N2CC[C@@H](O)[C@@H](O)C2)CC1,7.5,0.0,1
CHEMBL2971,CN(c1ncnc2[nH]ccc12)[C@H]1CC[C@H](CS(=O)(=O)N2CC[C@@H](O)[C@H](O)C2)CC1,7.93,0.0,1
CHEMBL2971,CN(c1ncnc2[nH]ccc12)[C@H]1CC[C@H](CS(=O)(=O)N2CC[C@@H](c3ccccc3)C2)CC1,7.39,0.0,1
CHEMBL2971,CN(c1ncnc2[nH]ccc12)[C@H]1CC[C@H](CS(=O)(=O)N2CC[C@@](O)(COc3cccc(F)c3)C2)CC1,7.58,0.0,1
CHEMBL2971,CN(c1ncnc2[nH]ccc12)[C@H]1CC[C@H](CS(=O)(=O)N2CC[C@@](O)(CSc3ccccn3)C2)CC1,7.88,0.0,1
CHEMBL2971,CN(c1ncnc2[nH]ccc12)[C@H]1CC[C@H](CS(=O)(=O)N2CC[C@@](O)(Cn3cccn3)C2)CC1,8.03,0.0,1
CHEMBL2971,CN(c1ncnc2[nH]ccc12)[C@H]1CC[C@H](CS(=O)(=O)N2CC[C@@](O)(c3ccccc3)C2)CC1,7.97,0.0,1
CHEMBL2971,CN(c1ncnc2[nH]ccc12)[C@H]1CC[C@H](CS(=O)(=O)N2CC[C@H](CC#N)C2)CC1,7.56,0.0,1
CHEMBL2971,CN(c1ncnc2[nH]ccc12)[C@H]1CC[C@H](CS(=O)(=O)N2CC[C@H](CO)C2)CC1,7.84,0.0,1
CHEMBL2971,CN(c1ncnc2[nH]ccc12)[C@H]1CC[C@H](CS(=O)(=O)N2CC[C@H](COCc3cccnc3)C2)CC1,7.49,0.0,1
CHEMBL2971,CN(c1ncnc2[nH]ccc12)[C@H]1CC[C@H](CS(=O)(=O)N2CC[C@H](Cc3ccccc3)C2)CC1,7.18,0.0,1
CHEMBL2971,CN(c1ncnc2[nH]ccc12)[C@H]1CC[C@H](CS(=O)(=O)N2CC[C@H](Cc3cnccn3)C2)CC1,7.54,0.0,1
CHEMBL2971,CN(c1ncnc2[nH]ccc12)[C@H]1CC[C@H](CS(=O)(=O)N2CC[C@H](F)C2)CC1,7.44,0.0,1
CHEMBL2971,CN(c1ncnc2[nH]ccc12)[C@H]1CC[C@H](CS(=O)(=O)N2CC[C@H](NC(=O)C(F)(F)F)C2)CC1,7.21,0.0,1
CHEMBL2971,CN(c1ncnc2[nH]ccc12)[C@H]1CC[C@H](CS(=O)(=O)N2CC[C@H](NC(=O)OC(C)(C)C)C2)CC1,7.32,0.0,1
CHEMBL2971,CN(c1ncnc2[nH]ccc12)[C@H]1CC[C@H](CS(=O)(=O)N2CC[C@H](O)C2)CC1,7.35,0.0,1
CHEMBL2971,CN(c1ncnc2[nH]ccc12)[C@H]1CC[C@H](CS(=O)(=O)N2CC[C@H](O)[C@H](O)C2)CC1,7.49,0.0,1
CHEMBL2971,CN(c1ncnc2[nH]ccc12)[C@H]1CC[C@H](CS(=O)(=O)N2CC[C@H](OCC(=O)N3CCCC3)C2)CC1,7.53,0.0,1
CHEMBL2971,CN(c1ncnc2[nH]ccc12)[C@H]1CC[C@H](CS(=O)(=O)N2CC[C@H](Oc3ccccc3C#N)C2)CC1,7.63,0.0,1
CHEMBL2971,CN(c1ncnc2[nH]ccc12)[C@H]1CC[C@H](CS(=O)(=O)N2CC[C@H](S(=O)(=O)CCc3ccccc3)C2)CC1,7.78,0.0,1
CHEMBL2971,CN(c1ncnc2[nH]ccc12)[C@H]1CC[C@H](CS(=O)(=O)N2CC[C@H](S(=O)(=O)Cc3ccccc3)C2)CC1,7.76,0.0,1
CHEMBL2971,CN(c1ncnc2[nH]ccc12)[C@H]1CC[C@H](CS(=O)(=O)N2CC[C@H](S(C)(=O)=O)C2)CC1,7.57,0.0,1
CHEMBL2971,CN(c1ncnc2[nH]ccc12)[C@H]1CC[C@H](CS(=O)(=O)N2CC[C@H](c3ccccc3F)C2)CC1,7.43,0.0,1
CHEMBL2971,CN(c1ncnc2[nH]ccc12)[C@H]1CC[C@H](CS(=O)(=O)N2CC[C@H](c3ccccn3)C2)CC1,8.21,0.0,1
CHEMBL2971,CN(c1ncnc2[nH]ccc12)[C@H]1CC[C@H](CS(=O)(=O)N2CC[C@H](c3ncccn3)C2)CC1,8.24,0.0,1
CHEMBL2971,CN(c1ncnc2[nH]ccc12)[C@H]1CC[C@H](CS(=O)(=O)N2CC[C@](C)(O)C2)CC1,7.41,0.0,1
CHEMBL2971,CN(c1ncnc2[nH]ccc12)[C@H]1CC[C@H](CS(=O)(=O)N2CC[C@](CO)(CCO)C2)CC1,7.34,0.0,1
CHEMBL2971,CN(c1ncnc2[nH]ccc12)[C@H]1CC[C@H](CS(=O)(=O)N2CC[C@](O)(c3ccccn3)C2)CC1,7.45,0.0,1
CHEMBL2971,CN(c1ncnc2[nH]ccc12)[C@H]1CC[C@H](CS(=O)(=O)N2C[C@@H](F)[C@H](F)C2)CC1,7.46,0.0,1
CHEMBL2971,CN(c1ncnc2[nH]ccc12)[C@H]1CC[C@H](CS(=O)(=O)N2C[C@@H](O)[C@@H](O)C2)CC1,8.07,0.0,1
CHEMBL2971,CN(c1ncnc2[nH]ccc12)[C@H]1CC[C@H](CS(=O)(=O)N2C[C@@H](O)[C@H](C#N)C2)CC1,7.73,0.0,1
CHEMBL2971,CN(c1ncnc2[nH]ccc12)[C@H]1CC[C@H](CS(=O)(=O)N2C[C@@H](O)[C@H](O)C2)CC1,7.4,0.0,1
CHEMBL2971,CN(c1ncnc2[nH]ccc12)[C@H]1CC[C@H](CS(=O)(=O)N2C[C@@H](O)[C@H](c3ccccc3)C2)CC1,7.82,0.0,1
CHEMBL2971,CN(c1ncnc2[nH]ccc12)[C@H]1CC[C@H](CS(=O)(=O)N2C[C@H](CO)[C@@H](F)C2)CC1,7.73,0.0,1
CHEMBL2971,CN(c1ncnc2[nH]ccc12)[C@H]1CC[C@H](CS(=O)(=O)N2C[C@](C)(CO)[C@](C)(CO)C2)CC1,7.25,0.0,1
CHEMBL2971,CN(c1ncnc2[nH]ccc12)[C@H]1CC[C@H](CS(=O)(=O)NC2CCC2)CC1,7.0,0.0,1
CHEMBL2971,CN(c1ncnc2[nH]ccc12)[C@H]1CN(C(=O)C2CC2)CC12CC2,5.92,0.0,1
CHEMBL2971,CN(c1ncnc2[nH]ccc12)[C@H]1CN(C(=O)CC#N)CC1(C)C,5.23,0.0,1
CHEMBL2971,CN(c1ncnc2[nH]ccc12)[C@H]1CN(C(=O)CC#N)CC12CC2,6.39,0.0,1
CHEMBL2971,CN(c1ncnc2[nH]ccc12)[C@H]1CN(C(=O)CC#N)CC12CCC2,6.35,0.0,1
CHEMBL2971,CN(c1ncnc2[nH]ccc12)[C@H]1CN(C(=O)CN=[N+]=[N-])CC12CC2,6.6,0.0,1
CHEMBL2971,CN(c1ncnc2[nH]ccc12)[C@H]1CN(C(=O)NC2CCCCC2)CC12CC2,5.36,0.0,1
CHEMBL2971,CN(c1ncnc2[nH]ccc12)[C@H]1CN(C(=O)Nc2cc(Cl)ccc2Cl)CC12CC2,5.55,0.0,1
CHEMBL2971,CN(c1ncnc2[nH]ccc12)[C@H]1CN(C(=O)Nc2ccc(Cl)c(Cl)c2)CC12CC2,5.89,0.0,1
CHEMBL2971,CN(c1ncnc2[nH]ccc12)[C@H]1CN(C(=O)Nc2ccc(Cl)cc2Cl)CC12CC2,5.33,0.0,1
CHEMBL2971,CN(c1ncnc2[nH]ccc12)[C@H]1CN(C(=O)Nc2ccc(F)cc2)CC12CC2,6.0,0.0,1
CHEMBL2971,CN(c1ncnc2[nH]ccc12)[C@H]1CN(C(=O)Nc2cccc(Cl)c2Cl)CC12CC2,5.89,0.0,1
CHEMBL2971,CN(c1ncnc2[nH]ccc12)[C@H]1CN(C(=O)Nc2ccccc2)CC12CC2,6.38,0.0,1
CHEMBL2971,CN(c1ncnc2[nH]ccc12)[C@H]1CN(C(=O)Nc2ccccc2-c2ccccc2)CC12CC2,5.04,0.0,1
CHEMBL2971,CN(c1ncnc2[nH]ccc12)[C@H]1CN(C(=O)c2ccc(C#N)cc2)CC12CC2,5.35,0.0,1
CHEMBL2971,CN(c1ncnc2[nH]ccc12)[C@H]1CN(C(=O)c2cccc(C#N)c2)CC12CC2,5.13,0.0,1
CHEMBL2971,CN(c1ncnc2[nH]ccc12)[C@H]1CN(C(=O)c2cccc(C(F)(F)F)c2)CC12CC2,4.96,0.0,1
CHEMBL2971,CN(c1ncnc2[nH]ccc12)[C@H]1CN(C(=O)c2ccccc2)CC12CC2,5.2,0.0,1
CHEMBL2971,CN(c1ncnc2[nH]ccc12)[C@H]1CN(C(=O)c2ccccc2C(F)(F)F)CC12CC2,5.04,0.0,1
CHEMBL2971,CN(c1ncnc2[nH]ccc12)[C@H]1CN(C(=O)c2cccnc2)CC12CC2,5.11,0.0,1
CHEMBL2971,CN(c1ncnc2[nH]ccc12)[C@H]1CN(C(=O)c2ccco2)CC12CC2,6.03,0.0,1
CHEMBL2971,CN(c1ncnc2[nH]ccc12)[C@H]1CN(C(=O)c2ccncc2)CC12CC2,5.19,0.0,1
CHEMBL2971,CN(c1ncnc2[nH]ccc12)[C@H]1CN(C(=S)CC#N)CC12CC2,6.8,0.0,1
CHEMBL2971,CN(c1ncnc2[nH]ccc12)[C@H]1CN(C(=S)Nc2cc(C(F)(F)F)cc(C(F)(F)F)c2)CC12CC2,4.96,0.0,1
CHEMBL2971,CN(c1ncnc2[nH]ccc12)[C@H]1CN(Cc2ccccc2)CC12CC2,4.01,0.0,1
CHEMBL2971,CN(c1ncnc2[nH]ccc12)[C@H]1CN(S(=O)(=O)N2CCCCC2)CC12CC2,6.82,0.0,1
CHEMBL2971,CN(c1ncnc2[nH]ccc12)[C@H]1CN(S(=O)(=O)N2CCOCC2)CC12CC2,6.58,0.0,1
CHEMBL2971,CN(c1ncnc2[nH]ccc12)[C@H]1CN(S(=O)(=O)c2ccc(C#N)cc2)CC12CC2,5.96,0.0,1
CHEMBL2971,CN(c1ncnc2[nH]ccc12)[C@H]1CN(S(=O)(=O)c2ccc(C(F)(F)F)cc2)CC12CC2,5.85,0.0,1
CHEMBL2971,CN(c1ncnc2[nH]ccc12)[C@H]1CN(S(=O)(=O)c2ccc(F)cc2)CC12CC2,7.3,0.0,1
CHEMBL2971,CN(c1ncnc2[nH]ccc12)[C@H]1CN(S(=O)(=O)c2ccc([N+](=O)[O-])cc2)CC12CC2,7.52,0.0,1
CHEMBL2971,CN(c1ncnc2[nH]ccc12)[C@H]1CN(S(=O)(=O)c2ccc3ccccc3c2)CC12CC2,6.82,0.0,1
CHEMBL2971,CN(c1ncnc2[nH]ccc12)[C@H]1CN(S(=O)(=O)c2cccc(C#N)c2)CC12CC2,7.23,0.0,1
CHEMBL2971,CN(c1ncnc2[nH]ccc12)[C@H]1CN(S(=O)(=O)c2cccc(F)c2)CC12CC2,8.08,0.0,1
CHEMBL2971,CN(c1ncnc2[nH]ccc12)[C@H]1CN(S(=O)(=O)c2cccc([N+](=O)[O-])c2)CC12CC2,8.26,0.0,1
CHEMBL2971,CN(c1ncnc2[nH]ccc12)[C@H]1CN(S(=O)(=O)c2ccccc2)CC12CC2,7.29,0.0,1
CHEMBL2971,CN(c1ncnc2[nH]ccc12)[C@H]1CN(S(=O)(=O)c2ccccc2C#N)CC12CC2,6.32,0.0,1
CHEMBL2971,CN(c1ncnc2[nH]ccc12)[C@H]1CN(S(=O)(=O)c2ccccc2F)CC12CC2,7.01,0.0,1
CHEMBL2971,CN(c1ncnc2[nH]ccc12)[C@H]1CN(S(=O)(=O)c2ccccc2[N+](=O)[O-])CC12CC2,6.33,0.0,1
CHEMBL2971,CN(c1ncnc2[nH]ccc12)[C@H]1C[C@@H](CS(=O)(=O)C2CC(C#N)C2)C1,6.87,0.0,1
CHEMBL2971,CN(c1ncnc2[nH]ccc12)[C@H]1C[C@@H](CS(=O)(=O)C2CC(C(F)F)C2)C1,7.57,0.0,1
CHEMBL2971,CN(c1ncnc2[nH]ccc12)[C@H]1C[C@@H](CS(=O)(=O)C2CC(F)(F)C2)C1,10.15,0.0,1
CHEMBL2971,CN(c1ncnc2[nH]ccc12)[C@H]1C[C@@H](CS(=O)(=O)C2CC2)C1,6.24,0.0,1
CHEMBL2971,CN(c1ncnc2[nH]ccc12)[C@H]1C[C@@H](CS(=O)(=O)C2CCC(C#N)C2)C1,6.5,0.0,1
CHEMBL2971,CN(c1ncnc2[nH]ccc12)[C@H]1C[C@@H](CS(=O)(=O)C2CN(C(=O)C3CC3)C2)C1,5.77,0.0,1
CHEMBL2971,CN(c1ncnc2[nH]ccc12)[C@H]1C[C@@H](CS(=O)(=O)C2CN(C3CC3)C2)C1,6.35,0.0,1
CHEMBL2971,CN(c1ncnc2[nH]ccc12)[C@H]1C[C@@H](CS(=O)(=O)C2CN(C3CCC3)C2)C1,6.15,0.0,1
CHEMBL2971,CN(c1ncnc2[nH]ccc12)[C@H]1C[C@@H](CS(=O)(=O)C2CN(CC(F)(F)F)C2)C1,5.77,0.0,1
CHEMBL2971,CN(c1ncnc2[nH]ccc12)[C@H]1C[C@@H](CS(=O)(=O)C2CN(CC(F)F)C2)C1,6.45,0.0,1
CHEMBL2971,CN(c1ncnc2[nH]ccc12)[C@H]1C[C@@H](CS(=O)(=O)C2CN(CC3CC3)C2)C1,5.68,0.0,1
CHEMBL2971,CN(c1ncnc2[nH]ccc12)[C@H]1C[C@@H](CS(=O)(=O)C2COC2)C1,6.27,0.0,1
CHEMBL2971,CN(c1ncnc2[nH]ccc12)[C@H]1C[C@@H](CS(=O)(=O)CC2(C)CC(F)(F)C2)C1,7.16,0.0,1
CHEMBL2971,CN(c1ncnc2[nH]ccc12)[C@H]1C[C@@H](CS(=O)(=O)CC2(C)CCC2)C1,10.3,0.0,1
CHEMBL2971,CN(c1ncnc2[nH]ccc12)[C@H]1C[C@@H](CS(=O)(=O)CC2(C)COC2)C1,6.64,0.0,1
CHEMBL2971,CN(c1ncnc2[nH]ccc12)[C@H]1C[C@@H](CS(=O)(=O)CC2CC(C)(C#N)C2)C1,6.22,0.0,1
CHEMBL2971,CN(c1ncnc2[nH]ccc12)[C@H]1C[C@@H](CS(=O)(=O)CC2CC(F)(F)C2)C1,6.79,0.0,1
CHEMBL2971,CN(c1ncnc2[nH]ccc12)[C@H]1C[C@@H](CS(=O)(=O)CC2CCC(F)(F)CC2)C1,9.22,0.0,1
CHEMBL2971,CN(c1ncnc2[nH]ccc12)[C@H]1C[C@@H](CS(=O)(=O)CC2CCCCC2)C1,6.36,0.0,1
CHEMBL2971,CN(c1ncnc2[nH]ccc12)[C@H]1C[C@@H](CS(=O)(=O)CC2CCOC2)C1,6.17,0.0,1
CHEMBL2971,CN(c1ncnc2[nH]ccc12)[C@H]1C[C@@H](CS(=O)(=O)CCC(C)(F)F)C1,9.24,0.0,1
CHEMBL2971,CN(c1ncnc2[nH]ccc12)[C@H]1C[C@@H](CS(=O)(=O)CCC(F)(F)F)C1,6.59,0.0,1
CHEMBL2971,CN(c1ncnc2[nH]ccc12)[C@H]1C[C@@H](CS(=O)(=O)CCC(F)F)C1,9.96,0.0,1
CHEMBL2971,CN(c1ncnc2[nH]ccc12)[C@H]1C[C@@H](CS(=O)(=O)CCC2CC2)C1,6.37,0.0,1
CHEMBL2971,CN(c1ncnc2[nH]ccc12)[C@H]1C[C@@H](CS(=O)(=O)CCC2CCCC2)C1,6.12,0.0,1
CHEMBL2971,CN(c1ncnc2[nH]ccc12)[C@H]1C[C@@H](CS(=O)(=O)CCCC(F)(F)F)C1,6.68,0.0,1
CHEMBL2971,CN(c1ncnc2[nH]ccc12)[C@H]1C[C@@H](CS(=O)(=O)CCCC(F)F)C1,9.76,0.0,1
CHEMBL2971,CN(c1ncnc2[nH]ccc12)[C@H]1C[C@@H](CS(=O)(=O)CCCCF)C1,9.45,0.0,1
CHEMBL2971,CN(c1ncnc2[nH]ccc12)[C@H]1C[C@@H](CS(=O)(=O)CCCCO)C1,9.0,0.15556349186103965,2
CHEMBL2971,CN(c1ncnc2[nH]ccc12)[C@H]1C[C@@H](CS(=O)(=O)CCCF)C1,6.89,0.0,1
CHEMBL2971,CN(c1ncnc2[nH]ccc12)[C@H]1C[C@@H](CS(=O)(=O)C[C@H]2CC[C@@H](C(F)(F)F)CC2)C1,8.96,0.0,1
CHEMBL2971,CN(c1ncnc2[nH]ccc12)[C@H]1C[C@@H](CS(=O)(=O)C[C@H]2CC[C@H](C(F)(F)F)CC2)C1,8.42,0.0,1
CHEMBL2971,CN(c1ncnc2[nH]ccc12)[C@H]1C[C@@H](CS(=O)(=O)C[C@H]2C[C@@H](C#N)C2)C1,6.32,0.0,1
CHEMBL2971,CN(c1ncnc2[nH]ccc12)[C@H]1C[C@@H](CS(=O)(=O)C[C@H]2C[C@H](C#N)C2)C1,6.23,0.0,1
CHEMBL2971,CN(c1ncnc2[nH]ccc12)[C@H]1C[C@@H](CS(=O)(=O)Cc2ccccc2)C1,5.95,0.0,1
CHEMBL2971,CN(c1ncnc2[nH]ccc12)[C@H]1C[C@@H](CS(=O)(=O)N2CC(C#N)C2)C1,6.88,0.0,1
CHEMBL2971,CN(c1ncnc2[nH]ccc12)[C@H]1C[C@@H](CS(=O)(=O)N2CC(C(F)(F)F)C2)C1,6.59,0.0,1
CHEMBL2971,CN(c1ncnc2[nH]ccc12)[C@H]1C[C@@H](CS(=O)(=O)N2CC(C(F)F)C2)C1,6.82,0.0,1
CHEMBL2971,CN(c1ncnc2[nH]ccc12)[C@H]1C[C@@H](CS(=O)(=O)N2CC(C)(C#N)C2)C1,6.94,0.0,1
CHEMBL2971,CN(c1ncnc2[nH]ccc12)[C@H]1C[C@@H](CS(=O)(=O)N2CC(C)(O)C2)C1,6.22,0.0,1
CHEMBL2971,CN(c1ncnc2[nH]ccc12)[C@H]1C[C@@H](CS(=O)(=O)N2CC(CC(F)F)C2)C1,6.6,0.0,1
CHEMBL2971,CN(c1ncnc2[nH]ccc12)[C@H]1C[C@@H](CS(=O)(=O)N2CC(COC(F)F)C2)C1,6.24,0.0,1
CHEMBL2971,CN(c1ncnc2[nH]ccc12)[C@H]1C[C@@H](CS(=O)(=O)N2CC(Cl)C2)C1,7.22,0.0,1
CHEMBL2971,CN(c1ncnc2[nH]ccc12)[C@H]1C[C@@H](CS(=O)(=O)N2CC(F)(F)C2)C1,6.94,0.0,1
CHEMBL2971,CN(c1ncnc2[nH]ccc12)[C@H]1C[C@@H](CS(=O)(=O)N2CC(F)C2)C1,6.77,0.0,1
CHEMBL2971,CN(c1ncnc2[nH]ccc12)[C@H]1C[C@@H](CS(=O)(=O)N2CC(OC(F)F)C2)C1,6.61,0.0,1
CHEMBL2971,CN(c1ncnc2[nH]ccc12)[C@H]1C[C@@H](CS(=O)(=O)N2CC3(CCO3)C2)C1,5.95,0.0,1
CHEMBL2971,CN(c1ncnc2[nH]ccc12)[C@H]1C[C@@H](CS(=O)(=O)N2CC3(COC3)C2)C1,5.81,0.0,1
CHEMBL2971,CN(c1ncnc2[nH]ccc12)[C@H]1C[C@@H](CS(=O)(=O)N2CC3C(C2)C3C(F)(F)F)C1,5.54,0.0,1
CHEMBL2971,CN(c1ncnc2[nH]ccc12)[C@H]1C[C@@H](CS(=O)(=O)N2CCC(C(F)(F)F)C2)C1,6.24,0.0,1
CHEMBL2971,CN(c1ncnc2[nH]ccc12)[C@H]1C[C@@H](CS(=O)(=O)N2CCC(C(F)(F)F)CC2)C1,6.08,0.0,1
CHEMBL2971,CN(c1ncnc2[nH]ccc12)[C@H]1C[C@@H](CS(=O)(=O)N2CCC(C(F)F)C2)C1,6.33,0.0,1
CHEMBL2971,CN(c1ncnc2[nH]ccc12)[C@H]1C[C@@H](CS(=O)(=O)N2CCC(C(F)F)CC2)C1,9.71,0.0,1
CHEMBL2971,CN(c1ncnc2[nH]ccc12)[C@H]1C[C@@H](CS(=O)(=O)N2CCC(CF)CC2)C1,9.52,0.0,1
CHEMBL2971,CN(c1ncnc2[nH]ccc12)[C@H]1C[C@@H](CS(=O)(=O)N2CCC(COC(F)F)CC2)C1,9.14,0.0,1
CHEMBL2971,CN(c1ncnc2[nH]ccc12)[C@H]1C[C@@H](CS(=O)(=O)N2CCC(F)(F)C2)C1,6.64,0.0,1
CHEMBL2971,CN(c1ncnc2[nH]ccc12)[C@H]1C[C@@H](CS(=O)(=O)N2CCC(F)(F)CC2)C1,6.43,0.0,1
CHEMBL2971,CN(c1ncnc2[nH]ccc12)[C@H]1C[C@@H](CS(=O)(=O)N2CCC(F)C2)C1,6.38,0.0,1
CHEMBL2971,CN(c1ncnc2[nH]ccc12)[C@H]1C[C@@H](CS(=O)(=O)N2CCC(F)CC2)C1,6.33,0.0,1
CHEMBL2971,CN(c1ncnc2[nH]ccc12)[C@H]1C[C@@H](CS(=O)(=O)N2CCC(O)(C(F)(F)F)CC2)C1,7.06,0.0,1
CHEMBL2971,CN(c1ncnc2[nH]ccc12)[C@H]1C[C@@H](CS(=O)(=O)N2CCC(c3cnco3)CC2)C1,9.3,0.0,1
CHEMBL2971,CN(c1ncnc2[nH]ccc12)[C@H]1C[C@@H](CS(=O)(=O)N2CCC(c3ncco3)CC2)C1,9.8,0.0,1
CHEMBL2971,CN(c1ncnc2[nH]ccc12)[C@H]1C[C@@H](CS(=O)(=O)N2CCC3(CC2)CC3(F)F)C1,9.2,0.0,1
CHEMBL2971,CN(c1ncnc2[nH]ccc12)[C@H]1C[C@@H](CS(=O)(=O)N2CCC3(CC2)CC3)C1,6.2,0.0,1
CHEMBL2971,CN(c1ncnc2[nH]ccc12)[C@H]1C[C@@H](CS(=O)(=O)N2CCC3(CCOCC3)C2)C1,5.58,0.0,1
CHEMBL2971,CN(c1ncnc2[nH]ccc12)[C@H]1C[C@@H](CS(=O)(=O)N2CCCC(C(F)(F)F)C2)C1,9.61,0.0,1
CHEMBL2971,CN(c1ncnc2[nH]ccc12)[C@H]1C[C@@H](CS(=O)(=O)N2CCCC2)C1,6.16,0.636396103067893,2
CHEMBL2971,CN(c1ncnc2[nH]ccc12)[C@H]1C[C@@H](CS(=O)(=O)N2CCCC3(COC3)C2)C1,6.34,0.0,1
CHEMBL2971,CN(c1ncnc2[nH]ccc12)[C@H]1C[C@@H](CS(=O)(=O)N2CCCCC2)C1,6.26,0.0,1
CHEMBL2971,CN(c1ncnc2[nH]ccc12)[C@H]1C[C@@H](CS(=O)(=O)N2CCN(C(=O)C3CC3)CC2)C1,5.63,0.0,1
CHEMBL2971,CN(c1ncnc2[nH]ccc12)[C@H]1C[C@@H](CS(=O)(=O)N2CCOC3(CCCC3)C2)C1,5.62,0.0,1
CHEMBL2971,CN(c1ncnc2[nH]ccc12)[C@H]1C[C@@H](CS(=O)(=O)N2CCOCC2)C1,6.01,0.0,1
CHEMBL2971,CN(c1ncnc2[nH]ccc12)[C@H]1C[C@@H](CS(=O)(=O)N2CCS(=O)(=O)CC2)C1,9.73,0.0,1
CHEMBL2971,CN(c1ncnc2[nH]ccc12)[C@H]1C[C@@H](CS(=O)(=O)N2CC[C@@H](C#N)C2)C1,6.75,0.0,1
CHEMBL2971,CN(c1ncnc2[nH]ccc12)[C@H]1C[C@@H](CS(=O)(=O)N2CC[C@@H](F)C2)C1,6.53,0.0,1
CHEMBL2971,CN(c1ncnc2[nH]ccc12)[C@H]1C[C@@H](CS(=O)(=O)N2CC[C@@H](OC(F)F)C2)C1,9.51,0.0,1
CHEMBL2971,CN(c1ncnc2[nH]ccc12)[C@H]1C[C@@H](CS(=O)(=O)N2CC[C@H](C#N)C2)C1,6.43,0.0,1
CHEMBL2971,CN(c1ncnc2[nH]ccc12)[C@H]1C[C@@H](CS(=O)(=O)N2CC[C@H](F)C2)C1,6.25,0.0,1
CHEMBL2971,CN(c1ncnc2[nH]ccc12)[C@H]1C[C@@H](CS(=O)(=O)N2CC[C@H](S(C)(=O)=O)C2)C1,9.41,0.0,1
CHEMBL2971,CN(c1ncnc2[nH]ccc12)[C@H]1C[C@@H](CS(=O)(=O)N2CCc3ccccc3C2)C1,9.92,0.0,1
CHEMBL2971,CN(c1ncnc2[nH]ccc12)[C@H]1C[C@@H](CS(=O)(=O)N2CCn3cccc3C2)C1,10.37,0.0,1
CHEMBL2971,CN(c1ncnc2[nH]ccc12)[C@H]1C[C@@H](CS(=O)(=O)N2CCn3cncc3C2)C1,9.47,0.0,1
CHEMBL2971,CN(c1ncnc2[nH]ccc12)[C@H]1C[C@@H](CS(=O)(=O)N2C[C@@H]3C[C@]3(C#N)C2)C1,6.53,0.0,1
CHEMBL2971,CN(c1ncnc2[nH]ccc12)[C@H]1C[C@@H](CS(=O)(=O)N2Cc3ccccc3C(F)(F)C2)C1,10.21,0.0,1
CHEMBL2971,CN(c1ncnc2[nH]ccc12)[C@H]1C[C@@H](CS(=O)(=O)NCC2CC2)C1,6.7,0.0,1
CHEMBL2971,CN(c1ncnc2[nH]ccc12)[C@H]1C[C@@H](CS(=O)(=O)[C@@H]2CC[C@@H](C#N)C2)C1,6.32,0.31112698372208086,2
CHEMBL2971,CN(c1ncnc2[nH]ccc12)[C@H]1C[C@@H](CS(=O)(=O)[C@H]2CC[C@@H](C#N)C2)C1,6.23,0.0,1
CHEMBL2971,CN(c1ncnc2[nH]ccc12)[C@H]1C[C@@H](CS(=O)(=O)[C@H]2CC[C@H](C#N)C2)C1,6.51,0.0,1
CHEMBL2971,CN(c1ncnc2[nH]ccc12)[C@H]1C[C@@H](CS(=O)(=O)[C@H]2C[C@@H](C#N)C2)C1,6.32,0.0,1
CHEMBL2971,CN(c1ncnc2[nH]ccc12)[C@H]1C[C@@H](CS(=O)(=O)c2cc(C#N)ccn2)C1,6.25,0.0,1
CHEMBL2971,CN(c1ncnc2[nH]ccc12)[C@H]1C[C@@H](CS(=O)(=O)c2cc(C(F)(F)F)ccc2Cl)C1,9.16,0.0,1
CHEMBL2971,CN(c1ncnc2[nH]ccc12)[C@H]1C[C@@H](CS(=O)(=O)c2ccc(C(F)(F)F)c(F)c2)C1,9.01,0.0,1
CHEMBL2971,CN(c1ncnc2[nH]ccc12)[C@H]1C[C@@H](CS(=O)(=O)c2ccc(C(F)(F)F)cc2)C1,9.21,0.0,1
CHEMBL2971,CN(c1ncnc2[nH]ccc12)[C@H]1C[C@@H](CS(=O)(=O)c2ccc(C(F)(F)F)nc2)C1,9.504999999999999,0.36062445840513846,2
CHEMBL2971,CN(c1ncnc2[nH]ccc12)[C@H]1C[C@@H](CS(=O)(=O)c2ccc(Cl)cc2F)C1,9.88,0.0,1
CHEMBL2971,CN(c1ncnc2[nH]ccc12)[C@H]1C[C@@H](CS(=O)(=O)c2ccc(Cl)cn2)C1,8.83,0.0,1
CHEMBL2971,CN(c1ncnc2[nH]ccc12)[C@H]1C[C@@H](CS(=O)(=O)c2ccc(F)c(Cl)c2)C1,7.07,0.0,1
CHEMBL2971,CN(c1ncnc2[nH]ccc12)[C@H]1C[C@@H](CS(=O)(=O)c2ccc(F)cc2)C1,9.97,0.0,1
CHEMBL2971,CN(c1ncnc2[nH]ccc12)[C@H]1C[C@@H](CS(=O)(=O)c2cccc(C(F)(F)F)c2)C1,9.87,0.0,1
CHEMBL2971,CN(c1ncnc2[nH]ccc12)[C@H]1C[C@@H](CS(=O)(=O)c2cccc(F)c2)C1,10.19,0.0,1
CHEMBL2971,CN(c1ncnc2[nH]ccc12)[C@H]1C[C@@H](CS(=O)(=O)c2cccc(OC(F)(F)F)c2)C1,8.89,0.0,1
CHEMBL2971,CN(c1ncnc2[nH]ccc12)[C@H]1C[C@@H](CS(=O)(=O)c2cccc3cccnc23)C1,8.74,0.0,1
CHEMBL2971,CN(c1ncnc2[nH]ccc12)[C@H]1C[C@@H](CS(=O)(=O)c2cccc3cnccc23)C1,9.24,0.0,1
CHEMBL2971,CN(c1ncnc2[nH]ccc12)[C@H]1C[C@@H](CS(=O)(=O)c2cccc3ncccc23)C1,9.71,0.0,1
CHEMBL2971,CN(c1ncnc2[nH]ccc12)[C@H]1C[C@@H](CS(=O)(=O)c2ccccc2)C1,8.215,1.986970055134198,2
CHEMBL2971,CN(c1ncnc2[nH]ccc12)[C@H]1C[C@@H](CS(=O)(=O)c2ccccc2Cl)C1,9.62,0.0,1
CHEMBL2971,CN(c1ncnc2[nH]ccc12)[C@H]1C[C@@H](CS(=O)(=O)c2ccccc2F)C1,9.34,0.0,1
CHEMBL2971,CN(c1ncnc2[nH]ccc12)[C@H]1C[C@@H](CS(=O)(=O)c2ccccc2OC(F)(F)F)C1,8.64,0.0,1
CHEMBL2971,CN(c1ncnc2[nH]ccc12)[C@H]1C[C@@H](CS(=O)(=O)c2cccnc2)C1,9.79,0.0,1
CHEMBL2971,CN(c1ncnc2[nH]ccc12)[C@H]1C[C@@H](CS(=O)(=O)c2ccncc2)C1,9.82,0.0,1
CHEMBL2971,CN(c1ncnc2[nH]ccc12)[C@H]1C[C@@H](CS(=O)(=O)c2cnc(N3CCCC3)nc2)C1,9.07,0.0,1
CHEMBL2971,CN(c1ncnc2[nH]ccc12)[C@H]1C[C@@H](CS(=O)(=O)c2cnc3ccccc3c2)C1,9.67,0.0,1
CHEMBL2971,CN(c1ncnc2[nH]ccc12)[C@H]1C[C@@H](CS(=O)(=O)c2cnc3ccoc3c2)C1,9.69,0.0,1
CHEMBL2971,CN(c1ncnc2[nH]ccc12)[C@H]1C[C@@H](CS(=O)(=O)c2cncc(F)c2)C1,9.63,0.0,1
CHEMBL2971,CN(c1ncnc2[nH]ccc12)[C@H]1C[C@@H](CS(=O)(=O)c2cnccc2C(F)(F)F)C1,9.33,0.0,1
CHEMBL2971,CN(c1ncnc2[nH]ccc12)[C@H]1C[C@@H](NS(=O)(=O)C2CC(F)(F)C2)C1,6.75,0.0,1
CHEMBL2971,CN(c1ncnc2[nH]ccc12)[C@H]1C[C@@H](NS(=O)(=O)C2CC2)C1,5.905,0.28991378028648457,2
CHEMBL2971,CN(c1ncnc2[nH]ccc12)[C@H]1C[C@@H](NS(=O)(=O)C2CN(C3CC3)C2)C1,6.22,0.0,1
CHEMBL2971,CN(c1ncnc2[nH]ccc12)[C@H]1C[C@@H](NS(=O)(=O)CC(F)(F)F)C1,5.9,0.7353910524340098,2
CHEMBL2971,CN(c1ncnc2[nH]ccc12)[C@H]1C[C@@H](NS(=O)(=O)CC2(C)COC2)C1,6.25,0.0,1
CHEMBL2971,CN(c1ncnc2[nH]ccc12)[C@H]1C[C@@H](NS(=O)(=O)CC2CC(F)(F)C2)C1,6.38,0.0,1
CHEMBL2971,CN(c1ncnc2[nH]ccc12)[C@H]1C[C@@H](NS(=O)(=O)CC2CC2)C1,5.52,0.5656854249492376,2
CHEMBL2971,CN(c1ncnc2[nH]ccc12)[C@H]1C[C@@H](NS(=O)(=O)CC2CCC2)C1,6.27,0.0,1
CHEMBL2971,CN(c1ncnc2[nH]ccc12)[C@H]1C[C@@H](NS(=O)(=O)CC2COC2)C1,5.6,0.6081118318204308,2
CHEMBL2971,CN(c1ncnc2[nH]ccc12)[C@H]1C[C@@H](NS(=O)(=O)CCC(F)(F)F)C1,5.720000000000001,0.7212489168102791,2
CHEMBL2971,CN(c1ncnc2[nH]ccc12)[C@H]1C[C@@H](NS(=O)(=O)CCCC#N)C1,6.03,0.0,1
CHEMBL2971,CN(c1ncnc2[nH]ccc12)[C@H]1C[C@@H](NS(=O)(=O)CCCC(F)(F)F)C1,6.31,0.0,1
CHEMBL2971,CN(c1ncnc2[nH]ccc12)[C@H]1C[C@@H](NS(=O)(=O)C[C@]2(C)C[C@@H](CN)C2)C1,6.88,0.0,1
CHEMBL2971,CN(c1ncnc2[nH]ccc12)[C@H]1C[C@@H](NS(=O)(=O)C[C@]2(C)C[C@H](C#N)C2)C1,6.33,0.0,1
CHEMBL2971,CN(c1ncnc2[nH]ccc12)[C@H]1C[C@@H](NS(=O)(=O)Cc2ccccc2)C1,5.7,0.0,1
CHEMBL2971,CN(c1ncnc2[nH]ccc12)[C@H]1C[C@@H](NS(=O)(=O)N2CC(C#N)C2)C1,6.77,0.0,1
CHEMBL2971,CN(c1ncnc2[nH]ccc12)[C@H]1C[C@@H](NS(=O)(=O)N2CC(C)(C#N)C2)C1,6.56,0.0,1
CHEMBL2971,CN(c1ncnc2[nH]ccc12)[C@H]1C[C@@H](NS(=O)(=O)N2CC(CC(F)F)C2)C1,6.5,0.0,1
CHEMBL2971,CN(c1ncnc2[nH]ccc12)[C@H]1C[C@@H](NS(=O)(=O)N2CCC(c3cc[nH]n3)CC2)C1,7.28,0.0,1
CHEMBL2971,CN(c1ncnc2[nH]ccc12)[C@H]1C[C@@H](NS(=O)(=O)N2CCCCC2)C1,5.675000000000001,0.9687362902255705,2
CHEMBL2971,CN(c1ncnc2[nH]ccc12)[C@H]1C[C@@H](NS(=O)(=O)N2CC[C@@H](C#N)C2)C1,6.51,0.0,1
CHEMBL2971,CN(c1ncnc2[nH]ccc12)[C@H]1C[C@@H](NS(=O)(=O)N2CC[C@H](C#N)C2)C1,6.36,0.0,1
CHEMBL2971,CN(c1ncnc2[nH]ccc12)[C@H]1C[C@@H](NS(=O)(=O)N2C[C@@H]3C[C@]3(C#N)C2)C1,6.01,0.0,1
CHEMBL2971,CN(c1ncnc2[nH]ccc12)[C@H]1C[C@@H](NS(=O)(=O)N2C[C@H]3C[C@@H](C2)O3)C1,5.94,0.0,1
CHEMBL2971,CN(c1ncnc2[nH]ccc12)[C@H]1C[C@@H](NS(=O)(=O)N2C[C@H]3C[C@@]3(C#N)C2)C1,6.26,0.0,1
CHEMBL2971,CN(c1ncnc2[nH]ccc12)[C@H]1C[C@@H](NS(=O)(=O)NC2CC2)C1,6.03,0.0,1
CHEMBL2971,CN(c1ncnc2[nH]ccc12)[C@H]1C[C@@H](NS(=O)(=O)NCC2CC2)C1,5.96,0.0,1
CHEMBL2971,CN(c1ncnc2[nH]ccc12)[C@H]1C[C@@H](NS(=O)(=O)NCCCC#N)C1,5.47,0.0,1
CHEMBL2971,CN(c1ncnc2[nH]ccc12)[C@H]1C[C@@H](NS(=O)(=O)[C@@H]2CC[C@H](C#N)C2)C1,6.26,0.0,1
CHEMBL2971,CN(c1ncnc2[nH]ccc12)[C@H]1C[C@@H](NS(=O)(=O)[C@@H]2C[C@H]2CC#N)C1,6.44,0.0,1
CHEMBL2971,CN(c1ncnc2[nH]ccc12)[C@H]1C[C@@H](NS(=O)(=O)[C@H]2CC[C@@H](C#N)C2)C1,5.99,0.0,1
CHEMBL2971,CN(c1ncnc2[nH]ccc12)[C@H]1C[C@@H](NS(=O)(=O)[C@H]2CC[C@H](C#N)C2)C1,6.04,0.0,1
CHEMBL2971,CN(c1ncnc2[nH]ccc12)[C@H]1C[C@@H](NS(=O)(=O)[C@H]2C[C@@H](C#N)C2)C1,6.44,0.0,1
CHEMBL2971,CN(c1ncnc2[nH]ccc12)[C@H]1C[C@@H](NS(=O)(=O)[C@H]2C[C@@H](C(F)F)C2)C1,7.08,0.0,1
CHEMBL2971,CN(c1ncnc2[nH]ccc12)[C@H]1C[C@@H](NS(=O)(=O)[C@H]2C[C@@H](CC#N)C2)C1,5.85,0.0,1
CHEMBL2971,CN(c1ncnc2[nH]ccc12)[C@H]1C[C@@H](NS(=O)(=O)[C@H]2C[C@@H](F)C2)C1,6.58,0.0,1
CHEMBL2971,CN(c1ncnc2[nH]ccc12)[C@H]1C[C@@H](NS(=O)(=O)[C@H]2C[C@@H]2CC#N)C1,6.82,0.0,1
CHEMBL2971,CN(c1ncnc2[nH]ccc12)[C@H]1C[C@@H](NS(=O)(=O)[C@H]2C[C@@](C)(CC#N)C2)C1,5.7,0.0,1
CHEMBL2971,CN(c1ncnc2[nH]ccc12)[C@H]1C[C@@H](NS(=O)(=O)[C@H]2C[C@H](C#N)C2)C1,6.35,0.0,1
CHEMBL2971,CN(c1ncnc2[nH]ccc12)[C@H]1C[C@@H](NS(=O)(=O)[C@H]2C[C@H](C(F)F)C2)C1,6.65,0.0,1
CHEMBL2971,CN(c1ncnc2[nH]ccc12)[C@H]1C[C@@H](NS(=O)(=O)[C@H]2C[C@H](CC#N)C2)C1,6.22,0.0,1
CHEMBL2971,CN(c1ncnc2[nH]ccc12)[C@H]1C[C@@H](NS(=O)(=O)[C@H]2C[C@H](F)C2)C1,6.17,0.0,1
CHEMBL2971,CN(c1ncnc2[nH]ccc12)[C@H]1C[C@@H](NS(=O)(=O)[C@H]2C[C@](C)(CC#N)C2)C1,6.12,0.0,1
CHEMBL2971,CN(c1ncnc2[nH]ccc12)[C@H]1C[C@@H](NS(=O)(=O)c2cc(C#N)ccn2)C1,6.16,0.0,1
CHEMBL2971,CN(c1ncnc2[nH]ccc12)[C@H]1C[C@@H](NS(=O)(=O)c2ccc(F)cc2)C1,5.895,1.0253048327204937,2
CHEMBL2971,CN(c1ncnc2[nH]ccc12)[C@H]1C[C@@H](NS(=O)(=O)c2cccc(C(C)(C)O)c2)C1,5.25,0.0,1
CHEMBL2971,CN(c1ncnc2[nH]ccc12)[C@H]1C[C@@H](NS(=O)(=O)c2cccc3nonc23)C1,7.21,0.0,1
CHEMBL2971,CN(c1ncnc2[nH]ccc12)[C@H]1C[C@@H](NS(=O)(=O)c2ccccc2)C1,6.38,0.0,1
CHEMBL2971,CN(c1ncnc2[nH]ccc12)[C@H]1C[C@@H](NS(C)(=O)=O)C1,5.404999999999999,0.6858935777509506,2
CHEMBL2971,CN(c1ncnc2[nH]ccc12)[C@H]1C[C@@H]2CN(C(=O)CCC#N)C[C@@H]2C1,7.27,0.0,1
CHEMBL2971,CN(c1ncnc2[nH]ccc12)[C@H]1C[C@@H]2CN(C(=O)CO)C[C@@H]2C1,7.35,0.0,1
CHEMBL2971,CN(c1ncnc2[nH]ccc12)[C@H]1C[C@@H]2CN(C(=O)Nc3nc(C4CC4)ns3)C[C@@H]2C1,7.85,0.0,1
CHEMBL2971,CN(c1ncnc2[nH]ccc12)[C@H]1C[C@@H]2CN(C(=O)Nc3nc(CO)ns3)C[C@@H]2C1,8.15,0.0,1
CHEMBL2971,CN(c1ncnc2[nH]ccc12)[C@H]1C[C@@H]2CN(C(=O)Nc3nc(OCC(C)(C)O)ns3)C[C@@H]2C1,8.3,0.0,1
CHEMBL2971,CN(c1ncnc2[nH]ccc12)[C@H]1C[C@@H]2CN(C(=O)Nc3nncs3)C[C@@H]2C1,7.28,0.0,1
CHEMBL2971,CN(c1ncnc2[nH]ccc12)[C@H]1C[C@@H]2CN(C(=O)OCC(F)(F)F)C[C@@H]2C1,6.84,0.0,1
CHEMBL2971,CN(c1ncnc2[nH]ccc12)[C@H]1C[C@@H]2CN(C(=O)OO)C[C@@H]2C1,7.35,0.0,1
CHEMBL2971,CN(c1ncnc2[nH]ccc12)[C@H]1C[C@@H]2CN(C(=O)Oc3nc(OCC(C)(C)O)ns3)C[C@@H]2C1,8.3,0.0,1
CHEMBL2971,CN(c1ncnc2[nH]ccc12)[C@H]1C[C@@H]2CN(C(=O)[C@H](O)CO)C[C@@H]2C1,6.69,0.0,1
CHEMBL2971,CN(c1ncnc2[nH]ccc12)[C@H]1C[C@@H]2CN(CC(F)(F)F)C[C@@H]2C1,7.5,0.0,1
CHEMBL2971,CN(c1ncnc2[nH]ccc12)[C@H]1C[C@H](NS(=O)(=O)CC2CC2)C1,5.14,0.0,1
CHEMBL2971,CN(c1ncnc2[nH]ccc12)[C@H]1C[C@H](NS(=O)(=O)N2CCC(C#N)C2)C1,5.47,0.0,1
CHEMBL2971,CN(c1ncnc2[nH]ccc12)[C@H]1C[C@H]2CNC(=O)C[C@H]2C1,7.970000000000001,0.46669047558312177,2
CHEMBL2971,CN(c1ncnc2ccccc12)[C@@H]1CCN(c2ncnc3[nH]ccc23)C1,10.26,0.0,1
CHEMBL2971,CN/C=C\C(=C/C=O)C(=O)N1CCC(COc2ccc(-c3ncnc(Nc4ccc(N5CCN(C6COC6)CC5)cc4)n3)cc2C#N)CC1,6.0,0.0,1
CHEMBL2971,CN1C(=O)CCc2cc(Nc3ncc4ccn(-c5cccc(NS(=O)(=O)C(C)(C)C)c5)c4n3)ccc21,7.46,0.0,1
CHEMBL2971,CN1C(=O)COc2c1cnc1ccc(Sc3nnc4c(F)cc(-c5cnn(C)c5)cn34)cc21,4.68,0.0,1
CHEMBL2971,CN1C(=O)COc2ccc(-c3cc(-c4cnn(C5(CC#N)CC(C#N)C5)n4)c4cccnc4c3)nc21,7.42,0.16970562748477155,2
CHEMBL2971,CN1C(=O)Cc2cc(Nc3nc4c(NCc5cccnc5N(C)S(C)(=O)=O)cccn4n3)ccc21,7.56,0.0,1
CHEMBL2971,CN1C(=O)[C@@H](N2CCc3cn(CC4CCS(=O)(=O)CC4)nc3C2=O)COc2ccccc21,6.0,0.0,1
CHEMBL2971,CN1C(=O)c2ccccc2-c2n[nH]c3ccnc1c23,5.68,0.0,1
CHEMBL2971,CN1C/C=C/CCOc2cc(F)cc(c2)-c2ccnc(n2)Nc2cccc(c2)C1,6.8,0.0,1
CHEMBL2971,CN1C/C=C/CCOc2cc(ccn2)-c2ccnc(n2)Nc2cccc(c2)C1,6.58,0.0,1
CHEMBL2971,CN1C/C=C/CCOc2cccc(c2)-c2ccnc(n2)Nc2cc(N)cc(c2)C1,7.3,0.0,1
CHEMBL2971,CN1C/C=C/CCOc2cccc(c2)-c2ccnc(n2)Nc2cc(cc(NC(=O)C(F)(F)F)c2)C1,7.3,0.0,1
CHEMBL2971,CN1C/C=C/CCOc2cccc(c2)-c2ccnc(n2)Nc2cc(cc(NC(=O)N3CCOCC3)c2)C1,7.36,0.0,1
CHEMBL2971,CN1C/C=C/CCOc2cccc(c2)-c2ccnc(n2)Nc2ccc(Cl)c(c2)C1,7.09,0.0,1
CHEMBL2971,CN1C/C=C/CCOc2cccc(c2)-c2ccnc(n2)Nc2ccc(N3CCOCC3)c(c2)C1,7.31,0.0,1
CHEMBL2971,CN1C/C=C/CCOc2cccc(c2)-c2ccnc(n2)Nc2ccc(OC(F)(F)F)c(c2)C1,6.82,0.0,1
CHEMBL2971,CN1C/C=C/CCOc2cccc(c2)-c2ccnc(n2)Nc2ccc(OCC(=O)N3CCCC3)c(c2)C1,6.85,0.0,1
CHEMBL2971,CN1C/C=C/CCOc2cccc(c2)-c2ccnc(n2)Nc2ccc(OCCN3CCCC3)c(c2)C1,7.25,0.0,1
CHEMBL2971,CN1C/C=C/CCOc2cccc(c2)-c2ccnc(n2)Nc2ccc(OCCN3CCCCC3)c(c2)C1,7.21,0.0,1
CHEMBL2971,CN1C/C=C/CCOc2cccc(c2)-c2ccnc(n2)Nc2ccc(OCCN3CCOCC3)c(c2)C1,6.92,0.0,1
CHEMBL2971,CN1C/C=C/CCOc2cccc(c2)-c2ccnc(n2)Nc2cccc(c2)C1,6.955,0.261629509039023,2
CHEMBL2971,CN1C/C=C/CCOc2cccc(c2)-c2nc(nc3[nH]cnc23)Nc2cccc(c2)C1,6.35,0.0,1
CHEMBL2971,CN1C/C=C/CCn2ccc3ccc(cc32)-c2ccnc(n2)Nc2cccc(c2)C1,5.8,0.0,1
CHEMBL2971,CN1C/C=C/COCc2ccc(o2)-c2ccnc(n2)Nc2ccc(OCCN3CCCC3)c(c2)C1,6.48,0.0,1
CHEMBL2971,CN1C/C=C/COCc2ccc(o2)-c2ccnc(n2)Nc2cccc(c2)C1,6.09,0.0,1
CHEMBL2971,CN1C/C=C/COCc2ccc(s2)-c2ccnc(n2)Nc2ccc(OCCN3CCCC3)c(c2)C1,7.05,0.0,1
CHEMBL2971,CN1C/C=C/COCc2cccc(c2)-c2ccnc(n2)Nc2cccc(c2)C1,5.77,0.0,1
CHEMBL2971,CN1C/C=C/COCc2cccc(c2)Nc2nccc(n2)-c2cccc(c2)C1,6.64,0.0,1
CHEMBL2971,CN1CC(CC#N)(n2cc(C(N)=O)c(Nc3ccccc3)n2)C1,5.83,0.0,1
CHEMBL2971,CN1CC(Oc2ccc(-c3ncnc(Nc4ccc(N5CCN(C6COC6)CC5)cc4)n3)cc2C#N)CCC1=O,6.07,0.0,1
CHEMBL2971,CN1CC(Oc2ccc(-c3ncnc(Nc4ccc(N5CCN(C6COC6)CC5)cc4)n3)cc2C#N)CNC1=O,4.22,0.0,1
CHEMBL2971,CN1CC2(CCN(c3ccc(-c4ncnc(Nc5ccc(N6CCN(C7COC7)CC6)cc5)n4)cc3C#N)CC2)C1,6.51,0.0,1
CHEMBL2971,CN1CCC(COC(=O)N2CC(CC#N)(n3cc(C(N)=O)c(Nc4ccccc4)n3)C2)CC1,5.83,0.0,1
CHEMBL2971,CN1CCC(COC(=O)N2CCC(CC#N)(n3cc(C(N)=O)c(Nc4ccccc4)n3)CC2)CC1,6.5,0.0,1
CHEMBL2971,CN1CCC(COC(=O)N2CC[C@@H](n3cc(C(N)=O)c(Nc4ccc(F)cc4)n3)[C@H](C#N)C2)CC1,5.96,0.0,1
CHEMBL2971,CN1CCC(N(c2nc3cc[nH]c(=O)c3c3cc(F)ccc23)C2CC2)CC1,6.27,0.0,1
CHEMBL2971,CN1CCC(NC(=O)Cc2nc3cnc4[nH]ccc4c3n2[C@H]2CC[C@H](CC#N)CC2)CC1,8.6,0.0,1
CHEMBL2971,CN1CCC(NC(=O)c2ccc(Nc3ncc4ccn(-c5ccc(F)c(NS(=O)(=O)C(C)(C)C)c5)c4n3)cc2)CC1,6.75,0.0,1
CHEMBL2971,CN1CCC(NC(=O)c2ccc(Nc3ncc4ccn(-c5ccc(F)c(NS(=O)(=O)C(C)(C)C)c5)c4n3)cc2F)CC1,6.89,0.0,1
CHEMBL2971,CN1CCC(NC(=O)c2ccc(Nc3ncc4ccn(-c5ccc(F)c(NS(=O)(=O)C6CC6)c5)c4n3)cc2)CC1,6.82,0.0,1
CHEMBL2971,CN1CCC(NC(=O)c2ccc(Nc3ncc4ccn(-c5ccc(F)c(NS(=O)(=O)C6CC6)c5)c4n3)cc2F)CC1,7.46,0.0,1
CHEMBL2971,CN1CCC(NC(=O)c2ccc(Nc3ncc4ccn(-c5cccc(NS(=O)(=O)C(C)(C)C)c5)c4n3)cc2)CC1,7.58,0.0,1
CHEMBL2971,CN1CCC(NC(=O)c2ccc(Nc3ncc4ccn(-c5cccc(NS(=O)(=O)C(C)(C)C)c5)c4n3)cc2F)CC1,7.94,0.0,1
CHEMBL2971,CN1CCC(NC(=O)c2ccc(Nc3ncc4ccn(-c5cccc(NS(=O)(=O)C6CC6)c5)c4n3)cc2)CC1,7.36,0.0,1
CHEMBL2971,CN1CCC(NC(=O)c2ccc(Nc3ncc4ccn(-c5cccc(NS(=O)(=O)C6CC6)c5)c4n3)cc2F)CC1,7.89,0.0,1
CHEMBL2971,CN1CCC(NC(=O)c2ccc(Nc3oc(-c4c(F)cccc4F)nc3C(N)=O)cc2)CC1,6.72,0.0,1
CHEMBL2971,CN1CCC(NC(=O)c2nc3cnc4[nH]ccc4c3n2[C@H]2CC[C@H](CC#N)CC2)CC1,7.57,0.0,1
CHEMBL2971,CN1CCC(Nc2c(C(N)=O)cnc3[nH]ccc23)CC1,6.51,0.0,1
CHEMBL2971,CN1CCC(Nc2ccc3c(c2)[nH]c2c(C(N)=O)cc(-c4cccc(C(F)(F)F)c4)nc23)CC1,9.0,0.0,1
CHEMBL2971,CN1CCC(Nc2nc(Nc3ccc(Cl)c(NS(=O)(=O)C(C)(C)C)c3)c3ccsc3n2)CC1,5.05,0.0,1
CHEMBL2971,CN1CCC(Nc2nc(Nc3ccc(Cl)c(NS(=O)(=O)C(C)(C)C)c3)c3sccc3n2)CC1,5.0,0.0,1
CHEMBL2971,CN1CCC(Nc2nc(Nc3ccc4c(c3)N(S(=O)(=O)C(C)(C)C)CC4)c3ccsc3n2)CC1,5.0,0.0,1
CHEMBL2971,CN1CCC(Nc2nc(Nc3cccc(N(C)S(=O)(=O)C(C)(C)C)c3)c3ccsc3n2)CC1,5.0,0.0,1
CHEMBL2971,CN1CCC(Nc2nc(Nc3cccc(NS(=O)(=O)C(C)(C)C)c3)c3cc[nH]c3n2)CC1,5.0,0.0,1
CHEMBL2971,CN1CCC(Nc2ncc(-c3cnc4[nH]ccc4n3)c(N[C@H]3CCCN(S(C)(=O)=O)C3)n2)CC1,9.96,0.0,1
CHEMBL2971,CN1CCC(OC(=O)N2CCC(CC#N)(n3cc(C(N)=O)c(Nc4ccccc4)n3)CC2)CC1,6.1,0.0,1
CHEMBL2971,CN1CCC(c2ccc(Nc3nc4c(-c5ccc(S(C)(=O)=O)cc5)cccn4n3)cc2)CC1,8.96,0.0,1
CHEMBL2971,CN1CCC(c2ccc(Nc3nc4c(-c5cccc(CN(C)S(C)(=O)=O)c5)cccn4n3)cc2)CC1,8.14,0.0,1
CHEMBL2971,CN1CCC(c2ccc(Nc3nc4c(NCc5cccc(S(C)(=O)=O)c5)cccn4n3)cc2)CC1,6.49,0.0,1
CHEMBL2971,CN1CCC(c2ccc(Nc3nc4c(NCc5ccccc5CN(C)S(C)(=O)=O)cccn4n3)cc2)CC1,6.94,0.0,1
CHEMBL2971,CN1CCC(c2ccc(Nc3nc4c(NCc5ccccc5N(C)S(C)(=O)=O)cccn4n3)cc2)CC1,7.42,0.0,1
CHEMBL2971,CN1CCC(c2ccc(Nc3nc4c(NCc5ccccc5S(C)(=O)=O)cccn4n3)cc2)CC1,7.65,0.0,1
CHEMBL2971,CN1CCC(c2ccc(Nc3nc4c(NCc5cccnc5N(C)S(C)(=O)=O)cccn4n3)cc2)CC1,7.39,0.0,1
CHEMBL2971,CN1CCC(c2ccc(Nc3nc4c(Nc5ccccc5CN(C)S(C)(=O)=O)cccn4n3)cc2)CC1,6.95,0.0,1
CHEMBL2971,CN1CCC(c2ccc(Nc3nc4c(Nc5ccccc5CS(C)(=O)=O)cccn4n3)cc2)CC1,7.4,0.0,1
CHEMBL2971,CN1CCC(c2ccc(Nc3nc4c(Nc5ccccc5S(C)(=O)=O)cccn4n3)cc2)CC1,8.18,0.0,1
CHEMBL2971,CN1CCC(c2ccc(Nc3nc4c(Nc5cccnc5N(C)S(C)(=O)=O)cccn4n3)cc2)CC1,7.76,0.0,1
CHEMBL2971,CN1CCC(c2ccc(Nc3ncc4ccn(-c5cccc(NS(=O)(=O)C(C)(C)C)c5)c4n3)cc2)CC1,7.13,0.0,1
CHEMBL2971,CN1CCC(c2ccc(Nc3ncc4ccn(-c5cccc(NS(=O)(=O)C6CC6)c5)c4n3)cc2)CC1,7.29,0.0,1
CHEMBL2971,CN1CCC(c2ccc(Nc3ncnc(-c4ccc(O[C@H]5CCOC[C@H]5F)c(C#N)c4)n3)cc2)CC1,6.34,0.0,1
CHEMBL2971,CN1CCC(c2cccc(Nc3nc4c(-c5ccc(S(C)(=O)=O)cc5)cccn4n3)c2)CC1,9.15,0.0,1
CHEMBL2971,CN1CCC(c2cccc(Nc3nc4c(-c5cccc(N(C)S(C)(=O)=O)c5)cccn4n3)c2)CC1,8.05,0.0,1
CHEMBL2971,CN1CCC(c2cccc(Nc3nc4c(-c5ccccc5N(C)S(C)(=O)=O)cccn4n3)c2)CC1,5.92,0.0,1
CHEMBL2971,CN1CCC(n2cc(-c3cc4ncccc4c(-c4ccn(C5(CC#N)CN(CC(F)(F)F)C5)n4)n3)cn2)CC1,7.19,0.0,1
CHEMBL2971,CN1CCCC1(c1ccc(Nc2nn([C@@H](CC#N)C3CC3)c3cc[nH]c(=O)c23)cc1)C(F)(F)F,6.03,0.16970562748477155,2
CHEMBL2971,CN1CCC[C@@H]1C(=O)Nc1ccc(-c2ccnc(Nc3ccc(N4CCOCC4)cc3)n2)cc1,8.28,0.0,1
CHEMBL2971,CN1CCCc2cc(Nc3ncc4ccn(-c5cccc(NS(=O)(=O)C(C)(C)C)c5)c4n3)ccc21,7.16,0.0,1
CHEMBL2971,CN1CCN(C(=O)C(C#N)=Cc2ccc(-c3nc4cnc5[nH]ccc5c4n3C3CCCCC3)o2)CC1,6.12,0.0,1
CHEMBL2971,CN1CCN(C(=O)COc2ccc(Nc3nc(N4CCC(CC#N)CC4)nc4cn[nH]c(=O)c34)cc2)CC1,7.52,0.0,1
CHEMBL2971,CN1CCN(C(=O)Cc2ccc(Nc3ncc4ccn(-c5ccc(F)c(NS(=O)(=O)C(C)(C)C)c5)c4n3)cc2)CC1,6.62,0.0,1
CHEMBL2971,CN1CCN(C(=O)Cc2ccc(Nc3ncc4ccn(-c5cccc(NS(=O)(=O)C(C)(C)C)c5)c4n3)cc2)CC1,6.75,0.0,1
CHEMBL2971,CN1CCN(C(=O)Cc2ccc(Nc3ncc4ccn(-c5cccc(NS(=O)(=O)C6CC6)c5)c4n3)cc2)CC1,6.74,0.0,1
CHEMBL2971,CN1CCN(C(=O)c2cc3c(NC(C)(C)C)nc(-n4cnc5ccncc54)nc3n2C)CC1,6.49,0.0,1
CHEMBL2971,CN1CCN(C(=O)c2cc3c(NCc4ccccc4F)nc(-n4cnc5ccncc54)nc3n2C)CC1,5.73,0.0,1
CHEMBL2971,CN1CCN(C(=O)c2ccc(-c3cccc4nc(NC(=O)C5CC5)nn34)cc2)CC1,6.12,0.0,1
CHEMBL2971,CN1CCN(C(=O)c2ccc(Nc3ncc4ccn(-c5cccc(NS(=O)(=O)C(C)(C)C)c5)c4n3)cc2)CC1,7.55,0.0,1
CHEMBL2971,CN1CCN(C(=O)c2ccc(Nc3ncnc(-c4ccc(O[C@H]5CCN(C(=O)CO)C[C@H]5F)c(C#N)c4)n3)cc2)CC1,6.47,0.0,1
CHEMBL2971,CN1CCN(C(=O)c2ccc3[nH]c4c(C(N)=O)cc(-c5ccc(Cl)cc5)cc4c3c2)CC1,8.96,0.05656854249492323,2
CHEMBL2971,CN1CCN(C(=O)c2ccc3c(c2)[nH]c2c(C(N)=O)cc(-c4ccc(Cl)c(Cl)c4)cc23)CC1,8.215,0.007071067811865952,2
CHEMBL2971,CN1CCN(C(=O)c2ccc3c(c2)[nH]c2c(C(N)=O)cc(-c4ccc(Cl)nc4)cc23)CC1,8.15,0.0,1
CHEMBL2971,CN1CCN(C(=O)c2ccc3c(c2)[nH]c2c(C(N)=O)cc(-c4ccccc4)cc23)CC1,8.22,0.0,1
CHEMBL2971,CN1CCN(C(=O)c2ccc3c(c2)[nH]c2c(C(N)=O)ccc(-c4cccc(NC(=O)c5ccc(N(C)C)cc5)c4F)c23)CC1,5.99,0.0,1
CHEMBL2971,CN1CCN(C(=O)c2ccc3c(c2)[nH]c2c(C(N)=O)ccc(-c4ccccc4F)c23)CC1,7.3,0.0,1
CHEMBL2971,CN1CCN(C(c2ccc(Nc3nn([C@H]4COCC[C@@H]4C#N)c4cc[nH]c(=O)c34)cc2)C(F)(F)F)CC1,6.525,0.06363961030678918,2
CHEMBL2971,CN1CCN(C2CCN(c3ccc(Nc4nc5c(-c6ccc(S(C)(=O)=O)cc6)cccn5n4)cc3)CC2)CC1,8.74,0.0,1
CHEMBL2971,CN1CCN(C2CCN(c3cccc(Nc4nc5c(-c6ccc(S(C)(=O)=O)cc6)cccn5n4)c3)CC2)CC1,8.82,0.0,1
CHEMBL2971,CN1CCN(CC(=O)Nc2ccc(-c3ccnc(Nc4ccc(OCCCCCCC(=O)NO)cc4)n3)cc2)CC1,7.02,0.0,1
CHEMBL2971,CN1CCN(CC(=O)Nc2ccc(-c3ccnc(Nc4cccc(OCCCCCCC(=O)NO)c4)n3)cc2)CC1,6.96,0.0,1
CHEMBL2971,CN1CCN(CCNC(=O)c2cnn3ccc(N4CCCC4c4cc(F)ccc4F)nc23)CC1,8.33,0.0,1
CHEMBL2971,CN1CCN(CCOC(=O)N2CC(CC#N)(n3cc(C(N)=O)c(Nc4ccccc4)n3)C2)CC1,5.93,0.0,1
CHEMBL2971,CN1CCN(CCOC(=O)N2CCC(CC#N)(n3cc(C(N)=O)c(Nc4ccccc4)n3)CC2)CC1,6.5,0.0,1
CHEMBL2971,CN1CCN(CCOC(=O)N2CC[C@@H](n3cc(C(N)=O)c(Nc4ccc(F)cc4)n3)[C@H](C#N)C2)CC1,5.97,0.0,1
CHEMBL2971,CN1CCN(CCOc2ccc(Nc3nc(N4CCCCCC4)nc4cn[nH]c(=O)c34)cc2)CC1,7.52,0.0,1
CHEMBL2971,CN1CCN(CCOc2ccc3cc2CN(C)C/C=C/CCOc2cccc(c2)-c2ccnc(n2)N3)CC1,6.66,0.0,1
CHEMBL2971,CN1CCN(Cc2ccc(-c3cccc4nc(NC(=O)C5CC5)nn34)cc2)CC1,5.29,0.0,1
CHEMBL2971,CN1CCN(Cc2ccc(Nc3nc4c(-c5ccc(S(C)(=O)=O)cc5)cccn4n3)cc2)CC1,8.62,0.0,1
CHEMBL2971,CN1CCN(Cc2ccc(Nc3nc4cccc(-c5ccc(S(C)(=O)=O)cc5)n4n3)cc2)CC1,8.77,0.0,1
CHEMBL2971,CN1CCN(Cc2ccc(Nc3nc4cccc(-c5cccc(S(C)(=O)=O)c5)n4n3)cc2)CC1,7.93,0.0,1
CHEMBL2971,CN1CCN(Cc2ccc(Nc3nccc(-c4ccc(NS(C)(=O)=O)cc4)n3)cc2)CC1,7.75,0.0,1
CHEMBL2971,CN1CCN(Cc2cccc(Nc3nc4c(-c5ccc(S(C)(=O)=O)cc5)cccn4n3)c2)CC1,8.51,0.0,1
CHEMBL2971,CN1CCN(Cc2cccc(Nc3nc4cccc(-c5ccc(S(C)(=O)=O)cc5)n4n3)c2)CC1,8.85,0.0,1
CHEMBL2971,CN1CCN(Cc2cccc(Nc3nccc(-c4ccc(NS(C)(=O)=O)cc4)n3)c2)CC1,7.85,0.0,1
CHEMBL2971,CN1CCN(S(=O)(=O)C[C@H]2CC[C@H](N(C)c3ncnc4[nH]ccc34)CC2)CC1,9.96,0.0,1
CHEMBL2971,CN1CCN(S(=O)(=O)C[C@H]2C[C@@H](N(C)c3ncnc4[nH]ccc34)C2)CC1,5.63,0.0,1
CHEMBL2971,CN1CCN(S(=O)(=O)C[C@H]2C[C@@H](N(C)c3ncnc4[nH]ccc34)C2)CC1=O,8.91,0.0,1
CHEMBL2971,CN1CCN(S(=O)(=O)c2ccc(C3C[C@H]3C(=O)Nc3ccc4cnccc4c3)cc2)CC1,6.71,0.0,1
CHEMBL2971,CN1CCN(c2cc(C(N)=O)c3[nH]c4cc(C(=O)N5CCOCC5)ccc4c3n2)CC1,6.66,0.0,1
CHEMBL2971,CN1CCN(c2cc(Nc3ccccc3Cl)nc(-n3cnc4ccncc43)n2)CC1,6.95,0.0,1
CHEMBL2971,CN1CCN(c2cc(Oc3c(F)cccc3F)nc(-n3cnc4ccncc43)n2)CC1,7.17,0.0,1
CHEMBL2971,CN1CCN(c2cc(Oc3ccccc3Cl)nc(-n3cnc4ccncc43)n2)CC1,7.77,0.0,1
CHEMBL2971,CN1CCN(c2ccc(-c3cc(C(N)=O)c4[nH]c5cc(C(=O)N6CCOCC6)ccc5c4n3)cc2)CC1,8.22,0.0,1
CHEMBL2971,CN1CCN(c2ccc(-c3ccc4[nH]nc(N)c4c3)cc2)CC1,5.07,0.0,1
CHEMBL2971,CN1CCN(c2ccc(-c3cccc4nc(NC(=O)C5CC5)nn34)cc2)CC1,6.12,0.0,1
CHEMBL2971,CN1CCN(c2ccc(-c3cnc4cccc(-c5cc(F)c(CN6CCOCC6)c(F)c5)c4n3)cc2)CC1,8.37,0.0,1
CHEMBL2971,CN1CCN(c2ccc(-c3cnc4cccc(-c5cc(F)c(CN6CCS(=O)(=O)CC6)c(F)c5)c4n3)cn2)CC1,8.17,0.0,1
CHEMBL2971,CN1CCN(c2ccc(C(=O)N3CCC(CC#N)(n4cc(C(N)=O)c(Nc5ccccc5)n4)CC3)cc2)CC1,6.08,0.0,1
CHEMBL2971,CN1CCN(c2ccc(C(=O)Nc3n[nH]c4ccc(Cc5cc(F)cc(F)c5)cc34)c(NC3CCOCC3)c2)CC1,7.4,0.0,1
CHEMBL2971,CN1CCN(c2ccc(NC(=O)Nc3nc4cccc(-c5ccc(S(C)(=O)=O)cc5)n4n3)cc2)CC1,5.82,0.0,1
CHEMBL2971,CN1CCN(c2ccc(NC(=O)Nc3nc4cccc(-c5cccc(S(C)(=O)=O)c5)n4n3)cc2)CC1,6.64,0.0,1
CHEMBL2971,CN1CCN(c2ccc(NC(=O)c3ccc(-c4cccc5nc(NC(=O)C6CC6)nn45)cc3)cn2)CC1,6.12,0.0,1
CHEMBL2971,CN1CCN(c2ccc(NCc3ccc(-c4cccc5nc(NC(=O)C6CC6)nn45)cc3)cn2)CC1,6.52,0.0,1
CHEMBL2971,CN1CCN(c2ccc(Nc3cc(NCc4ccc(NC#N)cc4)ncn3)cc2)CC1,6.3,0.0,1
CHEMBL2971,CN1CCN(c2ccc(Nc3cc(NCc4cccc(NC#N)c4)ncn3)cc2)CC1,6.46,0.0,1
CHEMBL2971,CN1CCN(c2ccc(Nc3cc(NCc4cccc(NC(=O)CC#N)c4)ncn3)cc2)CC1,5.99,0.0,1
CHEMBL2971,CN1CCN(c2ccc(Nc3cc(Nc4cccc(NS(=O)(=O)C(C)(C)C)c4)c4sccc4n3)cc2)CC1,5.33,0.0,1
CHEMBL2971,CN1CCN(c2ccc(Nc3ccc4ccn(-c5cccc(NS(=O)(=O)C(C)(C)C)c5)c4n3)cc2)CC1,5.0,0.0,1
CHEMBL2971,CN1CCN(c2ccc(Nc3nc(-n4ccc(C(=O)NC5CC5)c4)c4ccsc4n3)cc2F)CC1,5.0,0.0,1
CHEMBL2971,CN1CCN(c2ccc(Nc3nc(N4CCC(CC#N)CC4)nc4cn[nH]c(=O)c34)cn2)CC1,7.52,0.0,1
CHEMBL2971,CN1CCN(c2ccc(Nc3nc(N4CCCCCC4)nc4cn[nH]c(=O)c34)cn2)CC1,7.52,0.0,1
CHEMBL2971,CN1CCN(c2ccc(Nc3nc(Nc4ccc(Cl)c(NS(=O)(=O)C(C)(C)C)c4)c4sccc4n3)cc2)CC1,5.0,0.0,1
CHEMBL2971,CN1CCN(c2ccc(Nc3nc(Nc4cccc(NS(=O)(=O)C(C)(C)C)c4)c4cc[nH]c4n3)cc2)CC1,7.5,0.0,1
CHEMBL2971,CN1CCN(c2ccc(Nc3nc(Nc4cccc(NS(=O)(=O)C(C)(C)C)c4)c4ncsc4n3)cc2)CC1,5.0,0.0,1
CHEMBL2971,CN1CCN(c2ccc(Nc3nc4c(-c5ccc(C(F)(F)F)cc5)cccn4n3)cc2)CC1,8.51,0.0,1
CHEMBL2971,CN1CCN(c2ccc(Nc3nc4c(-c5ccc(CS(C)(=O)=O)cc5)cccn4n3)cc2)CC1,9.15,0.0,1
CHEMBL2971,CN1CCN(c2ccc(Nc3nc4c(-c5ccc(N(C)S(C)(=O)=O)cc5)cccn4n3)cc2)CC1,9.22,0.0,1
CHEMBL2971,CN1CCN(c2ccc(Nc3nc4c(-c5ccc(S(=O)(=O)N(C)C)cc5)cccn4n3)cc2)CC1,8.77,0.0,1
CHEMBL2971,CN1CCN(c2ccc(Nc3nc4c(-c5ccc(S(C)(=O)=O)cc5)cc(C(F)(F)F)cn4n3)cc2)CC1,5.0,0.0,1
CHEMBL2971,CN1CCN(c2ccc(Nc3nc4c(-c5ccc(S(C)(=O)=O)cc5)cc(C(F)(F)F)cn4n3)cn2)CC1,6.03,0.0,1
CHEMBL2971,CN1CCN(c2ccc(Nc3nc4c(-c5ccc(S(C)(=O)=O)cc5)cc(F)cn4n3)cc2)CC1,7.5,0.0,1
CHEMBL2971,CN1CCN(c2ccc(Nc3nc4c(-c5ccc(S(C)(=O)=O)cc5)cccn4n3)cc2)CC1,8.62,0.0,1
CHEMBL2971,CN1CCN(c2ccc(Nc3nc4c(-c5cccc(CN(C)S(C)(=O)=O)c5)cccn4n3)cc2)CC1,8.1,0.0,1
CHEMBL2971,CN1CCN(c2ccc(Nc3nc4c(-c5cccc(N(C)S(C)(=O)=O)c5)cccn4n3)cc2)CC1,7.73,0.0,1
CHEMBL2971,CN1CCN(c2ccc(Nc3nc4c(-c5cccc(S(C)(=O)=O)c5)cccn4n3)cc2)CC1,8.48,0.0,1
CHEMBL2971,CN1CCN(c2ccc(Nc3nc4c(-c5ccccc5S(C)(=O)=O)cccn4n3)cc2)CC1,5.88,0.0,1
CHEMBL2971,CN1CCN(c2ccc(Nc3nc4c(/C=C/c5ccccc5N(C)S(C)(=O)=O)cccn4n3)cc2)CC1,7.49,0.0,1
CHEMBL2971,CN1CCN(c2ccc(Nc3nc4c(C#Cc5ccccc5N(C)S(C)(=O)=O)cccn4n3)cc2)CC1,8.58,0.0,1
CHEMBL2971,CN1CCN(c2ccc(Nc3nc4c(CCc5ccccc5N(C)S(C)(=O)=O)cccn4n3)cc2)CC1,6.66,0.0,1
CHEMBL2971,CN1CCN(c2ccc(Nc3nc4c(N(C)Cc5ccccc5N(C)S(C)(=O)=O)cccn4n3)cc2)CC1,7.29,0.0,1
CHEMBL2971,CN1CCN(c2ccc(Nc3nc4c(NCC5CCCN5S(C)(=O)=O)cccn4n3)cc2)CC1,7.93,0.0,1
CHEMBL2971,CN1CCN(c2ccc(Nc3nc4c(NCC5CCN(C(=O)OC(C)(C)C)C5)cccn4n3)cc2)CC1,7.01,0.0,1
CHEMBL2971,CN1CCN(c2ccc(Nc3nc4c(NCc5cccc(N(C)S(C)(=O)=O)c5)cccn4n3)cc2)CC1,6.84,0.0,1
CHEMBL2971,CN1CCN(c2ccc(Nc3nc4c(NCc5cccc(S(C)(=O)=O)c5)cccn4n3)cc2)CC1,6.58,0.0,1
CHEMBL2971,CN1CCN(c2ccc(Nc3nc4c(NCc5ccccc5CN(C)S(C)(=O)=O)cccn4n3)cc2)CC1,7.45,0.0,1
CHEMBL2971,CN1CCN(c2ccc(Nc3nc4c(NCc5ccccc5N(C)S(C)(=O)=O)cccn4n3)cc2)CC1,7.54,0.0,1
CHEMBL2971,CN1CCN(c2ccc(Nc3nc4c(NCc5ccccc5S(C)(=O)=O)cccn4n3)cc2)CC1,7.88,0.0,1
CHEMBL2971,CN1CCN(c2ccc(Nc3nc4c(NCc5cccnc5)cccn4n3)cc2)CC1,6.31,0.0,1
CHEMBL2971,CN1CCN(c2ccc(Nc3nc4c(NCc5cccnc5N(C)S(C)(=O)=O)cccn4n3)cc2)CC1,7.68,0.0,1
CHEMBL2971,CN1CCN(c2ccc(Nc3nc4c(Nc5cccc(S(C)(=O)=O)c5)cccn4n3)cc2)CC1,6.49,0.0,1
CHEMBL2971,CN1CCN(c2ccc(Nc3nc4c(Nc5ccccc5CN(C)S(C)(=O)=O)cccn4n3)cc2)CC1,7.15,0.0,1
CHEMBL2971,CN1CCN(c2ccc(Nc3nc4c(Nc5ccccc5CS(C)(=O)=O)cccn4n3)cc2)CC1,7.66,0.0,1
CHEMBL2971,CN1CCN(c2ccc(Nc3nc4c(Nc5ccccc5S(C)(=O)=O)cccn4n3)cc2)CC1,8.08,0.0,1
CHEMBL2971,CN1CCN(c2ccc(Nc3nc4c(Nc5cccnc5N(C)S(C)(=O)=O)cccn4n3)cc2)CC1,7.94,0.0,1
CHEMBL2971,CN1CCN(c2ccc(Nc3nc4c(O)cccn4n3)cc2)CC1,6.25,0.0,1
CHEMBL2971,CN1CCN(c2ccc(Nc3nc4c(OCc5cccc(Cl)c5)cccn4n3)cc2)CC1,7.36,0.0,1
CHEMBL2971,CN1CCN(c2ccc(Nc3nc4c(OCc5ccccc5C#N)cccn4n3)cc2)CC1,7.82,0.0,1
CHEMBL2971,CN1CCN(c2ccc(Nc3nc4c(OCc5ccccc5N(C)S(C)(=O)=O)cccn4n3)cc2)CC1,7.82,0.0,1
CHEMBL2971,CN1CCN(c2ccc(Nc3nc4ccc(-c5ccc(S(C)(=O)=O)cc5)cn4n3)cc2)CC1,5.53,0.0,1
CHEMBL2971,CN1CCN(c2ccc(Nc3nc4cccc(-c5ccc(CN6CCS(=O)(=O)CC6)cc5)n4n3)cc2)CC1,8.96,0.0,1
CHEMBL2971,CN1CCN(c2ccc(Nc3nc4cccc(-c5ccc(NS(C)(=O)=O)cc5)n4n3)cc2)CC1,8.55,0.0,1
CHEMBL2971,CN1CCN(c2ccc(Nc3nc4cccc(-c5ccc(S(C)(=O)=O)cc5)n4n3)cc2)CC1,8.16,0.0,1
CHEMBL2971,CN1CCN(c2ccc(Nc3nc4cccc(-c5cccc(NS(C)(=O)=O)c5)n4n3)cc2)CC1,7.72,0.0,1
CHEMBL2971,CN1CCN(c2ccc(Nc3nc4cccc(-c5cccc(S(C)(=O)=O)c5)n4n3)cc2)CC1,8.04,0.0,1
CHEMBL2971,CN1CCN(c2ccc(Nc3ncc(Cl)c(NC[C@H]4CCCO4)n3)cc2)CC1,8.22,0.0,1
CHEMBL2971,CN1CCN(c2ccc(Nc3ncc4c(n3)CCN(c3cc(NC(=O)c5cc(F)cc(C(F)(F)F)c5)ccc3Cl)C4=O)cc2)CC1,8.05,0.0,1
CHEMBL2971,CN1CCN(c2ccc(Nc3ncc4c(n3)CCN(c3cc(NC(=O)c5cccc(C(F)(F)F)c5)ccc3Cl)C4)cc2)CC1,8.06,0.0,1
CHEMBL2971,CN1CCN(c2ccc(Nc3ncc4c(n3)CCN(c3cc(NC(=O)c5cccc(C(F)(F)F)c5)ccc3Cl)C4=O)cc2)CC1,8.22,0.0,1
CHEMBL2971,CN1CCN(c2ccc(Nc3ncc4ccc(-c5cccc(S(=O)(=O)NC(C)(C)C)c5)n4n3)cc2)CC1,9.48,0.0,1
CHEMBL2971,CN1CCN(c2ccc(Nc3ncc4ccc(-c5cccc(S(=O)(=O)NC(C)(C)C)c5)n4n3)cc2Cl)CC1,8.92,0.0,1
CHEMBL2971,CN1CCN(c2ccc(Nc3ncc4ccc(-c5cccc(S(=O)(=O)NC(C)(C)C)c5)n4n3)cc2F)CC1,9.0,0.0,1
CHEMBL2971,CN1CCN(c2ccc(Nc3ncc4ccc(-c5ccccc5N(C)S(C)(=O)=O)n4n3)c(Cl)c2)CC1,6.32,0.0,1
CHEMBL2971,CN1CCN(c2ccc(Nc3ncc4ccc(-c5ccccc5N(C)S(C)(=O)=O)n4n3)cc2)CC1,8.8,0.0,1
CHEMBL2971,CN1CCN(c2ccc(Nc3ncc4ccc(-c5ccccc5N(C)S(C)(=O)=O)n4n3)cc2Cl)CC1,8.96,0.0,1
CHEMBL2971,CN1CCN(c2ccc(Nc3ncc4ccc(-c5ccccc5N(C)S(C)(=O)=O)n4n3)cc2F)CC1,8.43,0.0,1
CHEMBL2971,CN1CCN(c2ccc(Nc3ncc4cccc(-c5cccc(NS(=O)(=O)C(C)(C)C)c5)c4n3)cc2)CC1,8.0,0.0,1
CHEMBL2971,CN1CCN(c2ccc(Nc3ncc4ccn(-c5ccc(C#N)c(NS(=O)(=O)C6CC6)c5)c4n3)cc2)CC1,7.11,0.0,1
CHEMBL2971,CN1CCN(c2ccc(Nc3ncc4ccn(-c5ccc(CNS(=O)(=O)C(C)(C)C)cc5)c4n3)cc2)CC1,9.74,0.0,1
CHEMBL2971,CN1CCN(c2ccc(Nc3ncc4ccn(-c5ccc(Cl)c(NS(=O)(=O)C(C)(C)C)c5)c4n3)cc2)CC1,6.78,0.0,1
CHEMBL2971,CN1CCN(c2ccc(Nc3ncc4ccn(-c5ccc(Cl)c(NS(=O)(=O)C6CC6)c5)c4n3)cc2)CC1,7.37,0.0,1
CHEMBL2971,CN1CCN(c2ccc(Nc3ncc4ccn(-c5ccc(F)c(NS(=O)(=O)C(C)(C)C)c5)c4n3)cc2)CC1,7.095000000000001,0.5161879502661797,2
CHEMBL2971,CN1CCN(c2ccc(Nc3ncc4ccn(-c5ccc(F)c(NS(=O)(=O)C(C)(C)C)c5)c4n3)cc2F)CC1,7.21,0.0,1
CHEMBL2971,CN1CCN(c2ccc(Nc3ncc4ccn(-c5ccc(F)c(NS(=O)(=O)C6CC6)c5)c4n3)cc2)CC1,7.82,0.0,1
CHEMBL2971,CN1CCN(c2ccc(Nc3ncc4ccn(-c5ccc(NS(=O)(=O)C(C)(C)C)cc5)c4n3)cc2)CC1,9.15,0.0,1
CHEMBL2971,CN1CCN(c2ccc(Nc3ncc4ccn(-c5ccc6c(c5)CCN6S(=O)(=O)C(C)(C)C)c4n3)cc2)CC1,9.22,0.0,1
CHEMBL2971,CN1CCN(c2ccc(Nc3ncc4ccn(-c5ccc6c(c5)N(S(=O)(=O)C(C)(C)C)CC6)c4n3)cc2)CC1,7.5,0.0,1
CHEMBL2971,CN1CCN(c2ccc(Nc3ncc4ccn(-c5ccc6c(c5)N(S(=O)(=O)C(C)(C)C)CC6)c4n3)cc2F)CC1,7.42,0.0,1
CHEMBL2971,CN1CCN(c2ccc(Nc3ncc4ccn(-c5cccc(CNS(=O)(=O)C(C)(C)C)c5)c4n3)cc2)CC1,8.52,0.0,1
CHEMBL2971,CN1CCN(c2ccc(Nc3ncc4ccn(-c5cccc(N(C)S(=O)(=O)C(C)(C)C)c5)c4n3)cc2)CC1,8.05,0.0,1
CHEMBL2971,CN1CCN(c2ccc(Nc3ncc4ccn(-c5cccc(NC(=O)C(C)(C)C)c5)c4n3)cc2)CC1,7.27,0.0,1
CHEMBL2971,CN1CCN(c2ccc(Nc3ncc4ccn(-c5cccc(NS(=O)(=O)C(C)(C)C)c5)c4n3)cc2)CC1,7.383333333333334,1.3896162539828518,3
CHEMBL2971,CN1CCN(c2ccc(Nc3ncc4ccn(-c5cccc(NS(=O)(=O)C(C)(C)C)c5)c4n3)cc2C#N)CC1,7.72,0.0,1
CHEMBL2971,CN1CCN(c2ccc(Nc3ncc4ccn(-c5cccc(NS(=O)(=O)C(C)(C)C)c5)c4n3)cc2C(N)=O)CC1,7.14,0.0,1
CHEMBL2971,CN1CCN(c2ccc(Nc3ncc4ccn(-c5cccc(NS(=O)(=O)C(C)(C)C)c5)c4n3)cc2Cl)CC1,8.1,0.0,1
CHEMBL2971,CN1CCN(c2ccc(Nc3ncc4ccn(-c5cccc(NS(=O)(=O)C(C)(C)C)c5)c4n3)cc2F)CC1,7.75,0.0,1
CHEMBL2971,CN1CCN(c2ccc(Nc3ncc4ccn(-c5cccc(NS(=O)(=O)C6(C)CC6)c5)c4n3)cc2)CC1,7.92,0.0,1
CHEMBL2971,CN1CCN(c2ccc(Nc3ncc4ccn(-c5cccc(NS(=O)(=O)C6CC6)c5)c4n3)cc2)CC1,8.356666666666667,0.25026652459594595,3
CHEMBL2971,CN1CCN(c2ccc(Nc3ncc4ccn(-c5cccc(NS(=O)(=O)c6ccccc6)c5)c4n3)cc2)CC1,8.52,0.0,1
CHEMBL2971,CN1CCN(c2ccc(Nc3ncc4ccn(-c5cccc6c5CCN6S(=O)(=O)C(C)(C)C)c4n3)cc2)CC1,8.1,0.0,1
CHEMBL2971,CN1CCN(c2ccc(Nc3ncc4ccn(-c5ccccc5NS(=O)(=O)C(C)(C)C)c4n3)cc2)CC1,5.62,0.0,1
CHEMBL2971,CN1CCN(c2ccc(Nc3ncc4nc(Nc5ccccc5)n(C5CCCC5)c4n3)cc2)CC1,5.92,0.0,1
CHEMBL2971,CN1CCN(c2ccc(Nc3ncc4scc(-c5ccc(F)c(NS(=O)(=O)C(C)(C)C)c5)c4n3)cc2F)CC1,7.44,0.0,1
CHEMBL2971,CN1CCN(c2ccc(Nc3ncc4scc(-c5cccc(NS(=O)(=O)C(C)(C)C)c5)c4n3)cc2)CC1,8.32,0.0,1
CHEMBL2971,CN1CCN(c2ccc(Nc3ncc4scc(-c5cccc(NS(=O)(=O)C(C)(C)C)c5)c4n3)cc2F)CC1,7.75,0.0,1
CHEMBL2971,CN1CCN(c2ccc(Nc3nccc(-c4ccc(C(=O)NCC#N)cc4)n3)cc2)CC1,7.39,0.0,1
CHEMBL2971,CN1CCN(c2ccc(Nc3nccc(-c4ccc(NC(=O)CCCCCCC(=O)NO)cc4)n3)cc2)CC1,8.34,0.0,1
CHEMBL2971,CN1CCN(c2ccc(Nc3nccc(-c4cccc5c4CC(=O)N5)n3)cc2)CC1,6.26,0.0,1
CHEMBL2971,CN1CCN(c2ccc(Nc3nccc(Nc4cccc5c4CC(=O)N5)n3)cc2)CC1,6.41,0.0,1
CHEMBL2971,CN1CCN(c2ccc3c(c2)[nH]c2c(C(N)=O)cc(-c4ccc(CN5CCOCC5)c(Cl)c4)cc23)CC1,8.28,0.0,1
CHEMBL2971,CN1CCN(c2ccc3c(c2)[nH]c2c(C(N)=O)cc(-c4ccc5c(cnn5C)c4)cc23)CC1,8.26,0.0,1
CHEMBL2971,CN1CCN(c2ccc3c(c2)[nH]c2c(C(N)=O)cc(-c4cccc(Cl)c4)cc23)CC1,8.54,0.0,1
CHEMBL2971,CN1CCN(c2ccc3c(c2)[nH]c2c(C(N)=O)cc(-c4cccc(Cl)c4)nc23)CC1,9.0,0.0,1
CHEMBL2971,CN1CCN(c2ccc3c(c2)[nH]c2c(C(N)=O)cc(-c4ccccc4)cc23)CC1,8.68,0.0,1
CHEMBL2971,CN1CCN(c2ccc3cc2COCC=CCOCc2cccc(c2)-c2ccnc(n2)N3)CC1,7.39,0.0,1
CHEMBL2971,CN1CCN(c2cccc(N(c3cccc(N4CCN(C)CC4)c3)c3nc4c(-c5ccc(S(C)(=O)=O)cc5)cc(F)cn4n3)c2)CC1,6.49,0.0,1
CHEMBL2971,CN1CCN(c2cccc(Nc3nc4c(-c5ccc(C(F)(F)F)cc5)cccn4n3)c2)CC1,8.43,0.0,1
CHEMBL2971,CN1CCN(c2cccc(Nc3nc4c(-c5ccc(F)cc5)cccn4n3)c2)CC1,7.54,0.0,1
CHEMBL2971,CN1CCN(c2cccc(Nc3nc4c(-c5ccc(N(C)S(C)(=O)=O)cc5)cccn4n3)c2)CC1,9.22,0.0,1
CHEMBL2971,CN1CCN(c2cccc(Nc3nc4c(-c5ccc(N6CCC(N7CCN(C)CC7)CC6)cc5)cccn4n3)c2)CC1,7.35,0.0,1
CHEMBL2971,CN1CCN(c2cccc(Nc3nc4c(-c5ccc(P(C)(C)=O)cc5)cccn4n3)c2)C(=O)C1,7.98,0.0,1
CHEMBL2971,CN1CCN(c2cccc(Nc3nc4c(-c5ccc(P(C)(C)=O)cc5)cccn4n3)c2)CC1,8.76,0.0,1
CHEMBL2971,CN1CCN(c2cccc(Nc3nc4c(-c5ccc(S(C)(=O)=O)cc5)cc(C(F)(F)F)cn4n3)c2)CC1,5.0,0.0,1
CHEMBL2971,CN1CCN(c2cccc(Nc3nc4c(-c5ccc(S(C)(=O)=O)cc5)cccn4n3)c2)C(=O)C1,8.79,0.0,1
CHEMBL2971,CN1CCN(c2cccc(Nc3nc4c(-c5ccc(S(C)(=O)=O)cc5)cccn4n3)c2)CC1,8.555,0.47376154339498616,2
CHEMBL2971,CN1CCN(c2cccc(Nc3nc4c(-c5cccc(CN(C)S(C)(=O)=O)c5)cccn4n3)c2)CC1,8.23,0.0,1
CHEMBL2971,CN1CCN(c2cccc(Nc3nc4c(-c5cccc(S(C)(=O)=O)c5)cccn4n3)c2)CC1,8.19,0.0,1
CHEMBL2971,CN1CCN(c2cccc(Nc3nc4c(-c5ccccc5S(C)(=O)=O)cccn4n3)c2)CC1,5.6,0.0,1
CHEMBL2971,CN1CCN(c2cccc(Nc3nc4c(-c5cnn(-c6ccc(F)cc6)c5)cccn4n3)c2)CC1,8.25,0.0,1
CHEMBL2971,CN1CCN(c2cccc(Nc3nc4c(C#Cc5ccccc5N(C)S(C)(=O)=O)cccn4n3)c2)CC1,7.62,0.0,1
CHEMBL2971,CN1CCN(c2cccc(Nc3nc4c(NCc5ccc(F)cc5)cccn4n3)c2)CC1,5.84,0.0,1
CHEMBL2971,CN1CCN(c2cccc(Nc3nc4c(NCc5cccc(S(C)(=O)=O)c5)cccn4n3)c2)CC1,6.4,0.0,1
CHEMBL2971,CN1CCN(c2cccc(Nc3nc4c(NCc5ccccc5CN(C)S(C)(=O)=O)cccn4n3)c2)CC1,6.66,0.0,1
CHEMBL2971,CN1CCN(c2cccc(Nc3nc4c(NCc5ccccc5F)cccn4n3)c2)CC1,6.74,0.0,1
CHEMBL2971,CN1CCN(c2cccc(Nc3nc4c(NCc5ccccc5N(C)S(C)(=O)=O)cccn4n3)c2)CC1,7.18,0.0,1
CHEMBL2971,CN1CCN(c2cccc(Nc3nc4c(NCc5ccccc5S(C)(=O)=O)cccn4n3)c2)CC1,7.58,0.0,1
CHEMBL2971,CN1CCN(c2cccc(Nc3nc4c(NCc5cccnc5)cccn4n3)c2)CC1,6.19,0.0,1
CHEMBL2971,CN1CCN(c2cccc(Nc3nc4c(NCc5cccnc5N(C)S(C)(=O)=O)cccn4n3)c2)CC1,7.11,0.0,1
CHEMBL2971,CN1CCN(c2cccc(Nc3nc4c(Nc5cccc(S(C)(=O)=O)c5)cccn4n3)c2)CC1,5.88,0.0,1
CHEMBL2971,CN1CCN(c2cccc(Nc3nc4c(Nc5ccccc5CN(C)S(C)(=O)=O)cccn4n3)c2)CC1,6.34,0.0,1
CHEMBL2971,CN1CCN(c2cccc(Nc3nc4c(Nc5ccccc5S(C)(=O)=O)cccn4n3)c2)CC1,7.54,0.0,1
CHEMBL2971,CN1CCN(c2cccc(Nc3nc4c(Nc5cccnc5N(C)S(C)(=O)=O)cccn4n3)c2)CC1,7.22,0.0,1
CHEMBL2971,CN1CCN(c2cccc(Nc3nc4c(OCc5cccc(Cl)c5)cccn4n3)c2)CC1,7.0,0.0,1
CHEMBL2971,CN1CCN(c2cccc(Nc3nc4c(OCc5ccccc5C#N)cccn4n3)c2)CC1,7.57,0.0,1
CHEMBL2971,CN1CCN(c2cccc(Nc3nc4c(OCc5ccccc5C(N)=O)cccn4n3)c2)CC1,6.84,0.0,1
CHEMBL2971,CN1CCN(c2cccc(Nc3nc4c(Oc5ccc(S(C)(=O)=O)cc5)cccn4n3)c2)CC1,5.78,0.0,1
CHEMBL2971,CN1CCN(c2cccc(Nc3nc4cccc(-c5ccc(CN6CCS(=O)(=O)CC6)cc5)n4n3)c2)CC1,9.1,0.0,1
CHEMBL2971,CN1CCN(c2cccc(Nc3nc4cccc(-c5ccc(S(C)(=O)=O)cc5)n4n3)c2)CC1,8.55,0.0,1
CHEMBL2971,CN1CCN(c2cccc(Nc3nc4cncc(-c5ccc(S(C)(=O)=O)cc5)n4n3)c2)CC1,6.51,0.0,1
CHEMBL2971,CN1CCN(c2cccc(Nc3ncc4ccn(-c5cccc(NS(=O)(=O)C(C)(C)C)c5)c4n3)c2)CC1,7.13,0.0,1
CHEMBL2971,CN1CCN(c2cncc(Nc3nc4c(-c5ccc(S(C)(=O)=O)cc5)cccn4n3)n2)CC1,7.52,0.0,1
CHEMBL2971,CN1CCN(c2cncc(Nc3nc4c(NCc5ccccc5N(C)S(C)(=O)=O)cccn4n3)n2)CC1,5.19,0.0,1
CHEMBL2971,CN1CCN(c2cncc(Nc3nc4cncc(-c5ccc(S(C)(=O)=O)cc5)n4n3)c2)CC1,6.03,0.0,1
CHEMBL2971,CN1CCN(c2nc3c(NCc4cccc([N+](=O)[O-])c4)cccn3n2)CC1,5.0,0.0,1
CHEMBL2971,CN1CCN(c2ncc(-c3cnc4[nH]ccc4n3)c(N[C@H]3CCCN(S(=O)(=O)CCC(C)(C)C)C3)n2)CC1,10.76,0.0,1
CHEMBL2971,CN1CCN(c2ncc(-c3cnc4[nH]ccc4n3)c(N[C@H]3CCCN(S(C)(=O)=O)C3)n2)CC1,8.785,2.029396462005392,2
CHEMBL2971,CN1CCN2c3c(F)cc(Nc4ncc5ccn(-c6ccc(F)c(NS(=O)(=O)C(C)(C)C)c6)c5n4)cc3CC2C1,7.25,0.0,1
CHEMBL2971,CN1CCN2c3c(F)cc(Nc4ncc5ccn(-c6cccc(NS(=O)(=O)C(C)(C)C)c6)c5n4)cc3CC2C1,7.85,0.0,1
CHEMBL2971,CN1CCN2c3c(F)cc(Nc4ncc5scc(-c6cccc(NS(=O)(=O)C(C)(C)C)c6)c5n4)cc3CC2C1,8.15,0.0,1
CHEMBL2971,CN1CCN2c3ccc(Nc4ncc5ccn(-c6ccc(F)c(NS(=O)(=O)C(C)(C)C)c6)c5n4)cc3CC2C1,6.86,0.0,1
CHEMBL2971,CN1CCN2c3ccc(Nc4ncc5ccn(-c6cccc(NS(=O)(=O)C(C)(C)C)c6)c5n4)cc3CC2C1,7.85,0.0,1
CHEMBL2971,CN1CCN2c3ccc(Nc4ncc5scc(-c6cccc(NS(=O)(=O)C(C)(C)C)c6)c5n4)cc3CC2C1,8.7,0.0,1
CHEMBL2971,CN1CC[C@H](Oc2ccc(Nc3ncnc(-c4ccc(O[C@H]5CCN(C(=O)[C@@H](O)CO)C[C@H]5F)c(C#N)c4)n3)cc2)[C@H](F)C1,6.12,0.0,1
CHEMBL2971,CN1CN(C2CCCCC2)c2c(cnc3[nH]ccc23)C1=O,7.8,0.0,1
CHEMBL2971,CN1CN([C@H]2CC[C@H](C(F)F)CC2)c2c(cnc3[nH]ccc23)C1=O,7.92,0.0,1
CHEMBL2971,CN1CN([C@H]2CC[C@H](CF)CC2)c2c(cnc3[nH]ccc23)C1=O,8.09,0.0,1
CHEMBL2971,CN1CN([C@H]2CC[C@H](CN(C)S(C)(=O)=O)CC2)c2c(cnc3[nH]ccc23)C1=O,8.12,0.0,1
CHEMBL2971,CN1CN([C@H]2CC[C@H](CN3CC(O)C3)CC2)c2c(cnc3[nH]ccc23)C1=O,7.37,0.0,1
CHEMBL2971,CN1CN([C@H]2CC[C@H](CN3CCCS3(=O)=O)CC2)c2c(cnc3[nH]ccc23)C1=O,9.21,0.0,1
CHEMBL2971,CN1CN([C@H]2CC[C@H](CN3CCN(CCC#N)CC3)CC2)c2c(cnc3[nH]ccc23)C1=O,6.31,0.0,1
CHEMBL2971,CN1CN([C@H]2CC[C@H](CNC3(C#N)CC3)CC2)c2c(cnc3[nH]ccc23)C1=O,7.75,0.0,1
CHEMBL2971,CN1CN([C@H]2CC[C@H](CNC3(C(F)(F)F)CC3)CC2)c2c(cnc3[nH]ccc23)C1=O,8.22,0.0,1
CHEMBL2971,CN1CN([C@H]2CC[C@H](CNC3CC3)CC2)c2c(cnc3[nH]ccc23)C1=O,7.15,0.0,1
CHEMBL2971,CN1CN([C@H]2CC[C@H](CNCC#N)CC2)c2c(cnc3[nH]ccc23)C1=O,7.75,0.0,1
CHEMBL2971,CN1CN([C@H]2CC[C@H](CNCC(F)(F)F)CC2)c2c(cnc3[nH]ccc23)C1=O,7.8,0.0,1
CHEMBL2971,CN1CN([C@H]2CC[C@H](CNCC(F)F)CC2)c2c(cnc3[nH]ccc23)C1=O,8.09,0.0,1
CHEMBL2971,CN1CN([C@H]2CC[C@H](CNS(=O)(=O)CC(F)(F)F)CC2)c2c(cnc3[nH]ccc23)C1=O,8.74,0.0,1
CHEMBL2971,CN1CN([C@H]2CC[C@H](CNS(C)(=O)=O)CC2)c2c(cnc3[nH]ccc23)C1=O,8.57,0.0,1
CHEMBL2971,CN1CN([C@H]2CC[C@H](COCCC#N)CC2)c2c(cnc3[nH]ccc23)C1=O,8.72,0.0,1
CHEMBL2971,CN1Cc2cc(Nc3nn(C4(CC#N)CCCCC4)c4cc[nH]c(=O)c34)ccc2S1(=O)=O,8.43,0.0,1
CHEMBL2971,CN1Cc2cc(Nc3nn(C4(CC#N)CCN(C(=O)OC(C)(C)C)CC4)c4cc[nH]c(=O)c34)ccc2S1(=O)=O,9.72,0.0,1
CHEMBL2971,CN1Cc2cc(Nc3nn([C@@H](CC#N)C4CC4)c4cc[nH]c(=O)c34)ccc2S1(=O)=O,6.16,0.0,1
CHEMBL2971,CN1Cc2cc(Nc3nn([C@@]4(CC#N)CCN(C(=O)OC(C)(C)C)C[C@H]4F)c4cc[nH]c(=O)c34)ccc2S1(=O)=O,10.15,0.0,1
CHEMBL2971,CN1Cc2cc(Nc3nn([C@H]4CCCC[C@@H]4C#N)c4cc[nH]c(=O)c34)ccc2S1(=O)=O,6.54,0.0,1
CHEMBL2971,CN1Cc2cc(Nc3nn([C@H]4CCC[C@@H]4C#N)c4cc[nH]c(=O)c34)ccc2S1(=O)=O,6.18,0.0,1
CHEMBL2971,CN1Cc2cc(Nc3nn([C@H]4COCC[C@@H]4C#N)c4cc[nH]c(=O)c34)ccc2S1(=O)=O,6.47,0.0,1
CHEMBL2971,CN1Cc2cc(Nc3nn([C@]4(CC#N)CC[C@@H](C(=O)OC(C)(C)C)OC4)c4cc[nH]c(=O)c34)ccc2S1(=O)=O,9.92,0.0,1
CHEMBL2971,CN1Cc2cc(Nc3nn([C@]4(CC#N)CC[C@@H](N(C)C)CC4)c4cc[nH]c(=O)c34)ccc2S1(=O)=O,7.92,0.0,1
CHEMBL2971,CN1Cc2cc(Nc3nn([C@]4(CC#N)CC[C@@H](N5CC(F)C5)CC4)c4cc[nH]c(=O)c34)ccc2S1(=O)=O,10.05,0.0,1
CHEMBL2971,CN1Cc2cc(Nc3nn([C@]4(CC#N)CC[C@H](N(C)C)CC4)c4cc[nH]c(=O)c34)ccc2S1(=O)=O,6.23,0.0,1
CHEMBL2971,CN1Cc2cc(Nc3nn([C@]4(CC#N)CC[C@H](N5CC(F)C5)CC4)c4cc[nH]c(=O)c34)ccc2S1(=O)=O,7.77,0.0,1
CHEMBL2971,CN1Cc2ccc(Nc3nc4c(-c5ccc(S(C)(=O)=O)cc5)cccn4n3)cc2C1,9.14,0.0,1
CHEMBL2971,CN1Cc2ccc(Nc3nc4c(C#Cc5ccccc5N(C)S(C)(=O)=O)cccn4n3)cc2C1,7.94,0.0,1
CHEMBL2971,CN1Cc2ccc(Nc3nc4c(NCc5ccccc5N(C)S(C)(=O)=O)cccn4n3)cc2C1,8.04,0.0,1
CHEMBL2971,CN1Cc2ccc(Nc3nc4c(NCc5cccnc5N(C)S(C)(=O)=O)cccn4n3)cc2C1,7.89,0.0,1
CHEMBL2971,CN1Cc2ccc(Nc3nn([C@H]4CCCC[C@@H]4C#N)c4cc[nH]c(=O)c34)cc2C1,5.8,0.0,1
CHEMBL2971,CN=S(=O)(C1CC1)N1CC(CC#N)(n2cc(-c3ncnc4[nH]ccc34)cn2)C1,8.3,0.0,1
CHEMBL2971,CN=S(C)(=O)N1CC(CC#N)(n2cc(-c3ncnc4[nH]ccc34)cn2)C1,8.3,0.0,1
CHEMBL2971,CNC(=O)C(=N)c1c(N)cc(-c2cc(F)c(O)cc2C2CC2)nc1NCc1ccccc1N(C)S(C)(=O)=O,7.71,0.0,1
CHEMBL2971,CNC(=O)C(=N)c1c(N)cc(-c2cc(F)c(O)cc2CC(F)(F)F)nc1NCc1c(F)cccc1N(C)S(C)(=O)=O,7.76,0.0,1
CHEMBL2971,CNC(=O)C(=N)c1c(N)cc(-c2cc(F)c(O)cc2CC(F)(F)F)nc1NCc1cc(C)ccc1N(C)S(C)(=O)=O,7.43,0.0,1
CHEMBL2971,CNC(=O)C(=N)c1c(N)cc(-c2cc(F)c(O)cc2CC(F)(F)F)nc1NCc1cc(O)ccc1N(C)S(=O)(=O)c1cccnc1,7.48,0.0,1
CHEMBL2971,CNC(=O)C(=N)c1c(N)cc(-c2cc(F)c(O)cc2CC(F)(F)F)nc1NCc1cc(O)ccc1N(C)S(C)(=O)=O,7.97,0.0,1
CHEMBL2971,CNC(=O)C(=N)c1c(N)cc(-c2cc(F)c(O)cc2CC(F)(F)F)nc1NCc1cccnc1N(C)S(C)(=O)=O,7.48,0.0,1
CHEMBL2971,CNC(=O)C(=N)c1c(N)cc(-c2cc(F)c(O)cc2CC(F)(F)F)nc1NCc1nccnc1N(C)S(=O)(=O)c1ccccc1,7.07,0.0,1
CHEMBL2971,CNC(=O)C(=N)c1c(N)cc(-c2cc(F)c(O)cc2CC(F)(F)F)nc1NCc1nccnc1N(C)S(C)(=O)=O,7.68,0.0,1
CHEMBL2971,CNC(=O)C1CC(CC#N)(n2ccc(-c3nc(-c4cc[nH]n4)cc4ncccc34)n2)C1,5.41,0.0,1
CHEMBL2971,CNC(=O)C1CCN(S(=O)(=O)C[C@H]2CC[C@H](N(C)c3ncnc4[nH]ccc34)CC2)CC1,7.35,0.0,1
CHEMBL2971,CNC(=O)C1CCN(c2ccc(Nc3ncc4ccn(-c5ccc(F)c(NS(=O)(=O)C(C)(C)C)c5)c4n3)cc2F)CC1,6.91,0.0,1
CHEMBL2971,CNC(=O)CC(=O)N1C[C@H](N(C)c2ncnc3[nH]ccc23)C2(CC2)C1,4.89,0.0,1
CHEMBL2971,CNC(=O)Cc1nc2cnc3[nH]ccc3c2n1C12CCC(CC#N)(CC1)CC2,6.28,0.0,1
CHEMBL2971,CNC(=O)Cc1nc2cnc3[nH]ccc3c2n1[C@H]1CC[C@H](CC#N)CC1,8.68,0.0,1
CHEMBL2971,CNC(=O)N1CCN(c2ccc(Nc3ncc4ccn(-c5cccc(NS(=O)(=O)C(C)(C)C)c5)c4n3)cc2)CC1,7.72,0.0,1
CHEMBL2971,CNC(=O)O[C@@H]1CCC(n2cc(C(N)=O)c(Nc3ccc(F)cc3)n2)[C@@H](C#N)C1,7.92,0.0,1
CHEMBL2971,CNC(=O)O[C@H]1CCC(n2cc(C(N)=O)c(Nc3ccc(F)cc3)n2)[C@@H](C#N)C1,7.29,0.0,1
CHEMBL2971,CNC(=O)c1cc(-c2ccc(OC)cc2)nc2c1[nH]c1cc(OC)ccc12,5.91,0.0,1
CHEMBL2971,CNC(=O)c1cc(-c2ccnc(N)n2)[nH]c1-c1cc(Cl)ccc1C,7.46,0.0,1
CHEMBL2971,CNC(=O)c1cc(-c2cn3nccc3c(-c3cnn([C@]4(CC#N)C[C@@H](OC)C4)c3)n2)[nH]n1,6.3,0.0,1
CHEMBL2971,CNC(=O)c1cc(Nc2nccc(N3C[C@H]4CC[C@@H](C3)N4C(=O)[C@@H]3CC3(F)F)n2)cc(C)n1,6.72,0.0,1
CHEMBL2971,CNC(=O)c1cc(Nc2nccc(N3C[C@H]4CC[C@@H](C3)N4C(=O)[C@@H]3CC3(F)F)n2)cc(CO)n1,6.55,0.0,1
CHEMBL2971,CNC(=O)c1ccc(-c2cccn3nc(Nc4ccccc4OC)nc23)cc1,5.0,0.0,1
CHEMBL2971,CNC(=O)c1ccc(Nc2nc3cccc(-c4cc(F)c(CN5CCOCC5)c(F)c4)c3o2)cc1C,8.3,0.0,1
CHEMBL2971,CNC(=O)c1ccc(Nc2ncc(C(F)(F)F)c(NCc3ccccc3Cl)n2)cc1,7.43,0.0,1
CHEMBL2971,CNC(=O)c1ccc(Nc2ncc(C(F)(F)F)c(NCc3nccnc3N(C)S(C)(=O)=O)n2)cc1,7.55,0.0,1
CHEMBL2971,CNC(=O)c1ccc(Nc2ncc(C(F)(F)F)c(Nc3ccccc3OC)n2)cc1,7.75,0.0,1
CHEMBL2971,CNC(=O)c1ccc(Nc2ncc3c(n2)CCN(c2cc(NC(=O)c4cc(C(F)(F)F)ccn4)ccc2Cl)C3)cc1,8.19,0.0,1
CHEMBL2971,CNC(=O)c1ccc(Nc2ncc3c(n2)CCN(c2cc(NC(=O)c4cc(F)cc(C(F)(F)F)c4)ccc2Cl)C3)cc1,8.0,0.0,1
CHEMBL2971,CNC(=O)c1ccc(Nc2ncc3c(n2)CCN(c2cc(NC(=O)c4cccc(C(F)(F)F)c4)ccc2C)C3)cn1,7.5,0.0,1
CHEMBL2971,CNC(=O)c1ccc(Nc2ncc3c(n2)CCN(c2cc(NC(=O)c4cccc(C(F)(F)F)c4)ccc2Cl)C3)cc1,7.82,0.0,1
CHEMBL2971,CNC(=O)c1ccc(Nc2nccc(N3C[C@H]4CC[C@@H](C3)N4CC3CC3(F)F)n2)cc1C,6.01,0.0,1
CHEMBL2971,CNC(=O)c1ccc(Nc2ncnc(-c3ccc(OC4CCOCC4)c(C#N)c3)n2)cc1,6.07,0.0,1
CHEMBL2971,CNC(=O)c1ccc(Nc2nn(C3(CC#N)CCCC3)c3cc[nH]c(=O)c23)cc1,8.65,0.0,1
CHEMBL2971,CNC(=O)c1ccc(Nc2nn(C3(CC#N)CCN(C(=O)OC(C)(C)C)CC3)cc2C(N)=O)cc1,8.7,0.0,1
CHEMBL2971,CNC(=O)c1ccc(Nc2nn([C@H]3CCCC[C@@H]3C#N)cc2C(N)=O)cc1,8.15,0.0,1
CHEMBL2971,CNC(=O)c1ccc(Nc2nn([C@H]3CCCC[C@H]3C#N)cc2C(N)=O)cc1,6.65,0.0,1
CHEMBL2971,CNC(=O)c1cccc(-c2cccn3nc(Nc4ccccc4OC)nc23)c1,5.0,0.0,1
CHEMBL2971,CNC(=O)c1ccnc(-c2cnc3[nH]ccc3c2N[C@@H]2CCCN(C(=O)CC#N)C2)c1,7.26,0.0,1
CHEMBL2971,CNC(=O)c1cn(C2(CC#N)CCN(C(=O)OC(C)(C)C)CC2)nc1Nc1ccccc1,5.83,0.0,1
CHEMBL2971,CNC(=O)c1cnc2[nH]ccc2c1NC1CC2CCC(C1)N2Cc1ccc(C#N)cc1,7.06,0.0,1
CHEMBL2971,CNC(=O)c1cnc2[nH]ccc2c1NC1CC2CCC(C1)N2Cc1ccc(Cl)cc1,5.59,0.0,1
CHEMBL2971,CNC(=O)c1cnc2[nH]ccc2c1NC1CC2CCC(C1)N2Cc1ccc(OC)cc1,6.79,0.0,1
CHEMBL2971,CNC(=O)c1cnc2[nH]ccc2c1NC1CC2CCC(C1)N2Cc1cccc(Cl)c1,6.82,0.0,1
CHEMBL2971,CNC(=O)c1cnc2[nH]ccc2c1NC1CC2CCC(C1)N2Cc1cccc(OC)c1,7.05,0.0,1
CHEMBL2971,CNC(=O)c1cnc2[nH]ccc2c1NC1CCCN(Cc2ccc(C#N)cc2)CC1,6.82,0.0,1
CHEMBL2971,CNC(=O)c1cnc2[nH]ccc2c1NC1CCCN(Cc2ccc(Cl)cc2)CC1,7.35,0.0,1
CHEMBL2971,CNC(=O)c1cnc2[nH]ccc2c1NC1CCCN(Cc2ccc(OC)cc2)CC1,6.76,0.0,1
CHEMBL2971,CNC(=O)c1cnc2[nH]ccc2c1NC1CCCN(Cc2cccc(Cl)c2)CC1,7.24,0.0,1
CHEMBL2971,CNC(=O)c1cnc2[nH]ccc2c1NC1CCCN(Cc2cccc(OC)c2)CC1,8.36,0.0,1
CHEMBL2971,CNC(=O)c1cnc2[nH]ccc2c1NC1CCCN(Cc2ccccc2)CC1,7.05,0.0,1
CHEMBL2971,CNC(=O)c1cnc2[nH]ccc2c1NC1CCN(Cc2ccc(Cl)cc2)C(C)(C)C1,7.73,0.0,1
CHEMBL2971,CNC(=O)c1cnc2[nH]ccc2c1NC1CCN(Cc2ccc(Cl)cc2)C1,6.3,0.0,1
CHEMBL2971,CNC(=O)c1cnc2[nH]ccc2c1NC1CCN(Cc2ccc(Cl)cc2)CC1(F)F,6.12,0.0,1
CHEMBL2971,CNC(=O)c1cnc2[nH]ccc2c1NC1CCN(Cc2ccc(OC)cc2)CC1,5.45,0.0,1
CHEMBL2971,CNC(=O)c1cnc2[nH]ccc2c1NC1CCN(Cc2cccc(C#N)c2)CC1,6.12,0.0,1
CHEMBL2971,CNC(=O)c1cnc2[nH]ccc2c1NC1CCN(Cc2cccc(Cl)c2)C(C)(C)C1,7.0,0.0,1
CHEMBL2971,CNC(=O)c1cnc2[nH]ccc2c1NC1CCN(Cc2cccc(Cl)c2)C1,6.29,0.0,1
CHEMBL2971,CNC(=O)c1cnc2[nH]ccc2c1NC1CCN(Cc2cccc(OC)c2)CC1,6.33,0.0,1
CHEMBL2971,CNC(=O)c1cnc2[nH]ccc2c1NC1CCN(Cc2ccccc2)CC1,6.18,0.0,1
CHEMBL2971,CNC(=O)c1cnc2[nH]ccc2c1NC1CCN(Cc2ccccc2OC)CC1,5.15,0.0,1
CHEMBL2971,CNC(=O)c1cnc2[nH]ccc2c1NCC1CCN(Cc2ccc(Cl)cc2)CC1,6.15,0.0,1
CHEMBL2971,CNC(=O)c1cnc2[nH]ccc2c1NCC1CCN(Cc2ccc(OC)cc2)CC1,5.97,0.0,1
CHEMBL2971,CNC(=O)c1cnc2[nH]ccc2c1N[C@@H]1CCN(Cc2ccc(C#N)cc2)C[C@@H]1F,7.06,0.0,1
CHEMBL2971,CNC(=O)c1cnc2[nH]ccc2c1N[C@@H]1CCN(Cc2ccc(C#N)cc2)C[C@H]1F,6.59,0.0,1
CHEMBL2971,CNC(=O)c1cnc2[nH]ccc2c1N[C@@H]1CCN(Cc2ccc(C#N)cc2)[C@H](C)C1,8.35,0.0,1
CHEMBL2971,CNC(=O)c1cnc2[nH]ccc2c1N[C@@H]1CCN(Cc2ccc(C#N)cn2)[C@H](C)C1,7.8,0.0,1
CHEMBL2971,CNC(=O)c1cnc2[nH]ccc2c1N[C@@H]1CCN(Cc2ccc(C#N)nc2)[C@H](C)C1,7.57,0.0,1
CHEMBL2971,CNC(=O)c1cnc2[nH]ccc2c1N[C@@H]1CCN(Cc2ccc(C(F)(F)F)cc2)[C@H](C)C1,7.095000000000001,1.4637110370561546,2
CHEMBL2971,CNC(=O)c1cnc2[nH]ccc2c1N[C@@H]1CCN(Cc2ccc(C(F)(F)F)cn2)[C@H](C)C1,7.88,0.0,1
CHEMBL2971,CNC(=O)c1cnc2[nH]ccc2c1N[C@@H]1CCN(Cc2ccc(C(F)(F)F)nc2)[C@H](C)C1,8.06,0.0,1
CHEMBL2971,CNC(=O)c1cnc2[nH]ccc2c1N[C@@H]1CCN(Cc2ccc(Cl)cc2)C[C@@H]1F,7.06,0.0,1
CHEMBL2971,CNC(=O)c1cnc2[nH]ccc2c1N[C@@H]1CCN(Cc2ccc(Cl)cc2)[C@@H](C)C1,6.61,0.0,1
CHEMBL2971,CNC(=O)c1cnc2[nH]ccc2c1N[C@@H]1CCN(Cc2ccc(Cl)cc2)[C@H](C)C1,7.3149999999999995,1.5768481220460002,2
CHEMBL2971,CNC(=O)c1cnc2[nH]ccc2c1N[C@@H]1CCN(Cc2ccc(Cl)cn2)[C@H](C)C1,7.65,0.0,1
CHEMBL2971,CNC(=O)c1cnc2[nH]ccc2c1N[C@@H]1CCN(Cc2ccc(Cl)nc2)[C@H](C)C1,8.07,0.0,1
CHEMBL2971,CNC(=O)c1cnc2[nH]ccc2c1N[C@@H]1CCN(Cc2ccc(F)cc2)[C@H](C)C1,7.37,0.0,1
CHEMBL2971,CNC(=O)c1cnc2[nH]ccc2c1N[C@@H]1CCN(Cc2ccc(OC)cc2)C[C@@H]1F,6.73,0.0,1
CHEMBL2971,CNC(=O)c1cnc2[nH]ccc2c1N[C@@H]1CCN(Cc2ccc(OC)cc2)[C@@H](C)C1,6.09,0.0,1
CHEMBL2971,CNC(=O)c1cnc2[nH]ccc2c1N[C@@H]1CCN(Cc2ccc(OC)cc2)[C@H](C)C1,7.2,0.0,1
CHEMBL2971,CNC(=O)c1cnc2[nH]ccc2c1N[C@@H]1CCN(Cc2cccc(C#N)c2)C[C@@H]1F,7.19,0.0,1
CHEMBL2971,CNC(=O)c1cnc2[nH]ccc2c1N[C@@H]1CCN(Cc2cccc(C#N)c2)C[C@H]1F,6.74,0.0,1
CHEMBL2971,CNC(=O)c1cnc2[nH]ccc2c1N[C@@H]1CCN(Cc2cccc(C#N)n2)[C@H](C)C1,7.61,0.0,1
CHEMBL2971,CNC(=O)c1cnc2[nH]ccc2c1N[C@@H]1CCN(Cc2cccc(Cl)c2)C[C@@H]1F,7.05,0.0,1
CHEMBL2971,CNC(=O)c1cnc2[nH]ccc2c1N[C@@H]1CCN(Cc2cccc(Cl)c2)C[C@H]1F,7.55,0.0,1
CHEMBL2971,CNC(=O)c1cnc2[nH]ccc2c1N[C@@H]1CCN(Cc2cccc(Cl)c2)[C@@H](C)C1,7.54,0.0,1
CHEMBL2971,CNC(=O)c1cnc2[nH]ccc2c1N[C@@H]1CCN(Cc2cccc(Cl)c2)[C@H](C)C1,8.05,0.0,1
CHEMBL2971,CNC(=O)c1cnc2[nH]ccc2c1N[C@@H]1CCN(Cc2cccc(F)c2)[C@H](C)C1,8.05,0.0,1
CHEMBL2971,CNC(=O)c1cnc2[nH]ccc2c1N[C@@H]1CCN(Cc2cccc(OC)c2)C[C@@H]1F,7.96,0.0,1
CHEMBL2971,CNC(=O)c1cnc2[nH]ccc2c1N[C@@H]1CCN(Cc2cccc(OC)c2)C[C@H]1F,6.595000000000001,0.134350288425444,2
CHEMBL2971,CNC(=O)c1cnc2[nH]ccc2c1N[C@@H]1CCN(Cc2cccc(OC)c2)[C@@H](C)C1,7.05,0.0,1
CHEMBL2971,CNC(=O)c1cnc2[nH]ccc2c1N[C@@H]1CCN(Cc2cccc(OC)c2)[C@H](C)C1,7.55,0.0,1
CHEMBL2971,CNC(=O)c1cnc2[nH]ccc2c1N[C@@H]1CCN(Cc2ccccc2)[C@@H](C)C1,6.75,0.0,1
CHEMBL2971,CNC(=O)c1cnc2[nH]ccc2c1N[C@@H]1CCN(Cc2ccccc2F)[C@H](C)C1,7.48,0.0,1
CHEMBL2971,CNC(=O)c1cnc2[nH]ccc2c1N[C@H]1CCN(Cc2ccc(C(F)(F)F)cc2)[C@@H](C)C1,7.78,0.0,1
CHEMBL2971,CNC(=O)c1cnc2[nH]ccc2c1N[C@H]1CCN(Cc2ccc(Cl)cc2)[C@@H](C)C1,8.53,0.0,1
CHEMBL2971,CNC(=O)c1cnc2[nH]ccc2c1N[C@H]1CCN(Cc2ccc(Cl)cn2)[C@@H](C)C1,8.18,0.0,1
CHEMBL2971,CNC(=O)c1cnn2ccc(N3CCCC3c3cncc(F)c3)nc12,7.52,0.0,1
CHEMBL2971,CNC(=O)c1cnn2ccc(N3CCC[C@@H]3c3cc(F)ccc3F)nc12,8.98,0.0,1
CHEMBL2971,CNC(=O)c1cnn2ccc(N3CCC[C@@H]3c3cc(F)cnc3C)nc12,7.24,0.0,1
CHEMBL2971,CNC(=O)c1cnn2ccc(N3CCC[C@@H]3c3cc(F)cnc3OC)nc12,8.68,0.0,1
CHEMBL2971,CNC(=O)c1cnn2ccc(N3C[C@@H](O)C[C@@H]3c3cccc(F)c3)nc12,7.47,0.0,1
CHEMBL2971,CNC(=O)c1cnn2ccc(N3C[C@H](O)C[C@@H]3c3cccc(F)c3)nc12,6.86,0.0,1
CHEMBL2971,CNC(=O)c1coc(-c2cnc3[nH]ccc3c2N[C@@H]2CCCN(C(=O)CC#N)C2)n1,7.26,0.0,1
CHEMBL2971,CNC(=O)c1coc(-c2cnc3[nH]ccc3c2N[C@H]2C[C@@H](C)CN(C(=O)CC#N)C2)n1,6.26,0.0,1
CHEMBL2971,CNC(=O)c1csc(-c2cnc3[nH]ccc3c2N[C@@H]2CCCN(C(=O)CC#N)C2)n1,7.26,0.0,1
CHEMBL2971,CNC(=O)c1n[nH]c2cc(-c3cc(F)c(O)cc3C3CC3)nc(NCc3ccccc3N(C)S(C)(=O)=O)c12,7.71,0.0,1
CHEMBL2971,CNC(=O)c1n[nH]c2cc(-c3cc(F)c(O)cc3C3CC3)nc(NCc3cccnc3N(C)S(C)(=O)=O)c12,6.74,0.0,1
CHEMBL2971,CNC(=O)c1n[nH]c2cc(-c3cc(F)c(O)cc3CC(F)(F)F)nc(NCC(C)C)c12,7.64,0.0,1
CHEMBL2971,CNC(=O)c1n[nH]c2cc(-c3cc(F)c(O)cc3CC(F)(F)F)nc(NCC3CCCC3)c12,7.28,0.0,1
CHEMBL2971,CNC(=O)c1n[nH]c2cc(-c3cc(F)c(O)cc3CC(F)(F)F)nc(NCc3c(F)cccc3N(C)S(C)(=O)=O)c12,7.76,0.0,1
CHEMBL2971,CNC(=O)c1n[nH]c2cc(-c3cc(F)c(O)cc3CC(F)(F)F)nc(NCc3cc(C)ccc3N(C)S(C)(=O)=O)c12,7.43,0.0,1
CHEMBL2971,CNC(=O)c1n[nH]c2cc(-c3cc(F)c(O)cc3CC(F)(F)F)nc(NCc3cc(C)cnc3N(C)S(C)(=O)=O)c12,7.32,0.0,1
CHEMBL2971,CNC(=O)c1n[nH]c2cc(-c3cc(F)c(O)cc3CC(F)(F)F)nc(NCc3cc(Cl)ccc3N(C)S(C)(=O)=O)c12,7.26,0.0,1
CHEMBL2971,CNC(=O)c1n[nH]c2cc(-c3cc(F)c(O)cc3CC(F)(F)F)nc(NCc3cc(F)ccc3N(C)S(C)(=O)=O)c12,7.69,0.0,1
CHEMBL2971,CNC(=O)c1n[nH]c2cc(-c3cc(F)c(O)cc3CC(F)(F)F)nc(NCc3cc(O)ccc3N(C)S(=O)(=O)c3ccccc3)c12,6.6,0.0,1
CHEMBL2971,CNC(=O)c1n[nH]c2cc(-c3cc(F)c(O)cc3CC(F)(F)F)nc(NCc3cc(O)ccc3N(C)S(=O)(=O)c3cccnc3)c12,7.48,0.0,1
CHEMBL2971,CNC(=O)c1n[nH]c2cc(-c3cc(F)c(O)cc3CC(F)(F)F)nc(NCc3cc(O)ccc3N(C)S(C)(=O)=O)c12,7.97,0.0,1
CHEMBL2971,CNC(=O)c1n[nH]c2cc(-c3cc(F)c(O)cc3CC(F)(F)F)nc(NCc3ccc(O)cc3N(C)S(C)(=O)=O)c12,7.6,0.0,1
CHEMBL2971,CNC(=O)c1n[nH]c2cc(-c3cc(F)c(O)cc3CC(F)(F)F)nc(NCc3ccccc3CS(N)(=O)=O)c12,7.96,0.0,1
CHEMBL2971,CNC(=O)c1n[nH]c2cc(-c3cc(F)c(O)cc3CC(F)(F)F)nc(NCc3ccccc3N(C)S(=O)(=O)CCOC)c12,7.54,0.0,1
CHEMBL2971,CNC(=O)c1n[nH]c2cc(-c3cc(F)c(O)cc3CC(F)(F)F)nc(NCc3ccccc3N(C)S(=O)(=O)N(C)C)c12,7.03,0.0,1
CHEMBL2971,CNC(=O)c1n[nH]c2cc(-c3cc(F)c(O)cc3CC(F)(F)F)nc(NCc3ccccc3N(C)S(=O)(=O)N3CCOC3)c12,7.16,0.0,1
CHEMBL2971,CNC(=O)c1n[nH]c2cc(-c3cc(F)c(O)cc3CC(F)(F)F)nc(NCc3ccccc3N(C)S(=O)(=O)NCCO)c12,7.16,0.0,1
CHEMBL2971,CNC(=O)c1n[nH]c2cc(-c3cc(F)c(O)cc3CC(F)(F)F)nc(NCc3ccccc3N(C)S(=O)(=O)c3ccc(C)nc3)c12,7.2,0.0,1
CHEMBL2971,CNC(=O)c1n[nH]c2cc(-c3cc(F)c(O)cc3CC(F)(F)F)nc(NCc3ccccc3N(C)S(=O)(=O)c3cccc(O)c3)c12,6.56,0.0,1
CHEMBL2971,CNC(=O)c1n[nH]c2cc(-c3cc(F)c(O)cc3CC(F)(F)F)nc(NCc3ccccc3N(C)S(=O)(=O)c3cccnc3)c12,7.14,0.0,1
CHEMBL2971,CNC(=O)c1n[nH]c2cc(-c3cc(F)c(O)cc3CC(F)(F)F)nc(NCc3ccccc3N(C)S(=O)(=O)c3cn(C)cn3)c12,7.63,0.0,1
CHEMBL2971,CNC(=O)c1n[nH]c2cc(-c3cc(F)c(O)cc3CC(F)(F)F)nc(NCc3ccccc3N(C)S(=O)(=O)c3cn[nH]c3)c12,7.26,0.0,1
CHEMBL2971,CNC(=O)c1n[nH]c2cc(-c3cc(F)c(O)cc3CC(F)(F)F)nc(NCc3ccccc3N(C)S(C)(=O)=O)c12,7.78,0.0,1
CHEMBL2971,CNC(=O)c1n[nH]c2cc(-c3cc(F)c(O)cc3CC(F)(F)F)nc(NCc3ccccc3N(CCO)S(C)(=O)=O)c12,7.78,0.0,1
CHEMBL2971,CNC(=O)c1n[nH]c2cc(-c3cc(F)c(O)cc3CC(F)(F)F)nc(NCc3cccnc3N(C)S(C)(=O)=O)c12,7.48,0.0,1
CHEMBL2971,CNC(=O)c1n[nH]c2cc(-c3cc(F)c(O)cc3CC(F)(F)F)nc(NCc3cnccc3N(C)S(C)(=O)=O)c12,6.73,0.0,1
CHEMBL2971,CNC(=O)c1n[nH]c2cc(-c3cc(F)c(O)cc3CC(F)(F)F)nc(NCc3ncccc3N(C)S(C)(=O)=O)c12,7.86,0.0,1
CHEMBL2971,CNC(=O)c1n[nH]c2cc(-c3cc(F)c(O)cc3CC(F)(F)F)nc(NCc3nccnc3N(C)S(=O)(=O)c3ccccc3)c12,7.07,0.0,1
CHEMBL2971,CNC(=O)c1n[nH]c2cc(-c3cc(F)c(O)cc3CC(F)(F)F)nc(NCc3nccnc3N(C)S(C)(=O)=O)c12,7.68,0.0,1
CHEMBL2971,CNC(=O)c1n[nH]c2nc(-c3cc(F)c(O)cc3CC(F)(F)F)nc(NCc3cc(F)ccc3N(C)S(C)(=O)=O)c12,7.18,0.0,1
CHEMBL2971,CNC(=O)c1n[nH]c2nc(-c3cc(F)c(O)cc3CC(F)(F)F)nc(NCc3cc(O)ccc3N(C)S(=O)(=O)c3ccccc3)c12,6.725,0.1767766952966369,2
CHEMBL2971,CNC(=O)c1n[nH]c2nc(-c3cc(F)c(O)cc3CC(F)(F)F)nc(NCc3ccccc3N(C)S(=O)(=O)NC)c12,7.22,0.0,1
CHEMBL2971,CNC(=O)c1n[nH]c2nc(-c3cc(F)c(O)cc3CC(F)(F)F)nc(NCc3ccccc3N(C)S(C)(=O)=O)c12,7.56,0.0,1
CHEMBL2971,CNC(=O)c1n[nH]c2nc(-c3cc(F)c(O)cc3CC(F)(F)F)nc(NCc3ccccc3N(C)S(N)(=O)=O)c12,7.51,0.0,1
CHEMBL2971,CNC(=O)c1n[nH]c2nc(-c3cc(F)c(O)cc3CC(F)(F)F)nc(NCc3ccccc3N(CCO)S(C)(=O)=O)c12,7.49,0.0,1
CHEMBL2971,CNC(=O)c1n[nH]c2nc(-c3cc(F)c(O)cc3CC(F)(F)F)nc(NCc3nccnc3N(C)S(C)(=O)=O)c12,6.55,0.0,1
CHEMBL2971,CNC(=O)c1nc2cnc3[nH]ccc3c2n1[C@H]1CC[C@H](CC#N)CC1,8.03,0.0,1
CHEMBL2971,CNC(=O)c1ncc(C#Cc2cc(C(=O)Nc3ccc(CN4CCN(CCO)CC4)c(C(F)(F)F)c3)ccc2C)n1C,6.27,0.0,1
CHEMBL2971,CNC(=O)c1ncc(Nc2ncc(F)c(N3C[C@@H]4[C@H](C)[C@]4(NC(=O)C4CC4)C3)n2)cc1C,5.54,0.0,1
CHEMBL2971,CNC(=O)c1ncc(Nc2ncc(F)c(N3C[C@H]4[C@@H](C)[C@@]4(NC(=O)C4CC4)C3)n2)cc1C,5.37,0.0,1
CHEMBL2971,CNC(=O)c1ncc(Nc2nccc(N3C[C@H]4CC[C@@H](C3)N4C(=O)C3CC3(F)F)n2)cc1F,5.699999999999999,0.8626702730475881,2
CHEMBL2971,CNC(=O)c1ncc(Nc2nccc(N3C[C@H]4CC[C@@H](C3)N4C(=O)C3CC3)n2)cc1C,6.12,0.0,1
CHEMBL2971,CNC(=O)c1ncc(Nc2nccc(N3C[C@H]4CC[C@@H](C3)N4C(=O)C3CC3)n2)cc1Cl,5.67,0.0,1
CHEMBL2971,CNC(=O)c1ncc(Nc2nccc(N3C[C@H]4CC[C@@H](C3)N4C(=O)NCC#N)n2)cc1C,7.12,0.0,1
CHEMBL2971,CNC(=O)c1ncc(Nc2nccc(N3C[C@H]4CC[C@@H](C3)N4C(=O)NCC(F)(F)F)n2)cc1C,7.19,0.0,1
CHEMBL2971,CNC(=O)c1ncc(Nc2nccc(N3C[C@H]4CC[C@@H](C3)N4C(=O)[C@@H]3CC3(F)F)n2)cc1C,6.94,0.0,1
CHEMBL2971,CNC(=O)c1ncc(Nc2nccc(N3C[C@H]4CC[C@@H](C3)N4C(=O)[C@@H]3CC3(F)F)n2)cc1Cl,6.43,0.0,1
CHEMBL2971,CNC(=O)c1ncc(Nc2nccc(N3C[C@H]4CC[C@@H](C3)N4C(=O)[C@@H]3C[C@H]3C#N)n2)cc1C,6.85,0.0,1
CHEMBL2971,CNC(=O)c1ncc(Nc2nccc(N3C[C@H]4CC[C@@H](C3)N4C(=O)[C@@H]3C[C@H]3C#N)n2)cc1Cl,6.4,0.0,1
CHEMBL2971,CNC(=O)c1ncc(Nc2nccc(N3C[C@H]4CC[C@@H](C3)N4C(=O)[C@@H]3C[C@H]3C#N)n2)cc1F,6.19,0.0,1
CHEMBL2971,CNC(=O)c1ncc(Nc2nccc(N3C[C@H]4CC[C@@H](C3)N4C(=O)[C@@H]3C[C@H]3F)n2)cc1C,7.0,0.0,1
CHEMBL2971,CNC(=O)c1ncc(Nc2nccc(N3C[C@H]4CC[C@@H](C3)N4C(=O)[C@H]3C[C@@H]3F)n2)cc1C,6.07,0.0,1
CHEMBL2971,CNC(=O)c1ncc(Nc2nccc(N3C[C@H]4CC[C@@H](C3)N4CC3(C)COC3)n2)cc1C,7.54,0.0,1
CHEMBL2971,CNC(=O)c1ncc(Nc2nccc(N3C[C@H]4CC[C@@H](C3)N4CC3CC3(F)F)n2)cc1C,6.37,0.5091168824543147,2
CHEMBL2971,CNC(=O)c1ncc(Nc2nccc(N3C[C@H]4CC[C@@H](C3)N4Cc3ccno3)n2)cc1C,6.43,0.0,1
CHEMBL2971,CNC(=O)c1ncc(Nc2nccc(N3C[C@H]4CC[C@@H](C3)N4[C@H]3C[C@@H](C#N)C3)n2)cc1C,5.86,0.0,1
CHEMBL2971,CNC(=O)c1ncc(Nc2nccc(N3C[C@H]4CC[C@@H](C3)N4[C@H]3C[C@H](C#N)C3)n2)cc1C,7.36,0.0,1
CHEMBL2971,CNC(=O)c1nnc(NC(=O)C2CC2)cc1Nc1cccc(-c2ncn(C)n2)c1OC,5.725,0.24460853078609804,4
CHEMBL2971,CNC(=O)c1nnc(NC(=O)[C@@H]2CC2(F)F)cc1Nc1cccc(-c2ncn(C)n2)c1OC,5.135,0.03535533905932694,2
CHEMBL2971,CNC(=O)c1nnc(NC(=O)[C@H]2CC2(F)F)cc1Nc1cccc(-c2ncn(C)n2)c1OC,5.095000000000001,0.03535533905932694,2
CHEMBL2971,CNC(=S)Nc1cccc(-c2cnc3ccccc3n2)c1,4.59,0.0,1
CHEMBL2971,CNC1CCC(CC#N)(n2cc(C(N)=O)c(Nc3ccc(F)cc3)n2)CC1,6.58,0.0,1
CHEMBL2971,CNC1CCC(n2cc(C(N)=O)c(Nc3ccc(S(=O)(=O)C(F)(F)F)cc3)n2)[C@@H](C#N)C1,8.3,0.0,1
CHEMBL2971,CNC1CCN(C(=O)c2ccc(Nc3ncc4ccn(-c5cccc(NS(=O)(=O)C(C)(C)C)c5)c4n3)cc2F)CC1,7.54,0.0,1
CHEMBL2971,CNC1CCN(C(=O)c2ccc(Nc3ncc4scc(-c5cccc(NS(=O)(=O)C(C)(C)C)c5)c4n3)cc2F)CC1,7.92,0.0,1
CHEMBL2971,CNC1CCN(c2ccc(Nc3ncc4ccn(-c5ccc(F)c(NS(=O)(=O)C(C)(C)C)c5)c4n3)cc2F)CC1,7.345000000000001,0.09192388155425142,2
CHEMBL2971,CNC1CCN(c2ccc(Nc3ncc4ccn(-c5cccc(NS(=O)(=O)C(C)(C)C)c5)c4n3)cc2)C1,7.77,0.0,1
CHEMBL2971,CNC1CCN(c2ccc(Nc3ncc4ccn(-c5cccc(NS(=O)(=O)C(C)(C)C)c5)c4n3)cc2F)CC1,8.22,0.0,1
CHEMBL2971,CNC1CCN(c2ccc(Nc3ncc4scc(-c5ccc(F)c(NS(=O)(=O)C(C)(C)C)c5)c4n3)cc2F)CC1,7.84,0.2262741699796954,2
CHEMBL2971,CNC1CCN(c2ccc(Nc3ncc4scc(-c5cccc(NS(=O)(=O)C(C)(C)C)c5)c4n3)cc2F)CC1,8.7,0.0,1
CHEMBL2971,CNCC1CCN(c2ccc(Nc3ncc4c(n3)N(c3cccc(NS(=O)(=O)C(C)(C)C)c3)CC4)cc2F)CC1,8.05,0.0,1
CHEMBL2971,CNCC1CCN(c2ccc(Nc3ncc4ccn(-c5cccc(NS(=O)(=O)C(C)(C)C)c5)c4n3)cc2F)CC1,8.15,0.0,1
CHEMBL2971,CNCCCNC(=O)c1ccc(Nc2oc(-c3c(F)cccc3F)nc2C(N)=O)cc1,6.47,0.0,1
CHEMBL2971,CNCCCOc1ccc(Nc2ncc3ccn(-c4cccc(NS(=O)(=O)C(C)(C)C)c4)c3n2)cc1F,7.615,0.06363961030678918,2
CHEMBL2971,CNCCNC(=O)Cc1ccc(Nc2ncc3ccn(-c4ccc(F)c(NS(=O)(=O)C(C)(C)C)c4)c3n2)cc1,6.45,0.0,1
CHEMBL2971,CNCCNC(=O)Cc1ccc(Nc2ncc3ccn(-c4ccc(F)c(NS(=O)(=O)C(C)(C)C)c4)c3n2)cc1F,6.6,0.0,1
CHEMBL2971,CNCCNC(=O)Cc1ccc(Nc2ncc3ccn(-c4cccc(NS(=O)(=O)C(C)(C)C)c4)c3n2)cc1,7.3,0.0,1
CHEMBL2971,CNCCNC(=O)c1cc(-c2ccnc(N)n2)[nH]c1-c1cc(Cl)ccc1C,7.36,0.0,1
CHEMBL2971,CNCCNC(=O)c1cc(-c2ccnc(Nc3cc(C)cc(C)c3)n2)nn1C,8.37,0.0,1
CHEMBL2971,CNCCNC(=O)c1ccc(Nc2oc(-c3c(F)cccc3F)nc2C(N)=O)cc1,6.51,0.0,1
CHEMBL2971,CNCCNc1ccc(Nc2ncc3ccn(-c4cccc(NS(=O)(=O)C(C)(C)C)c4)c3n2)cc1,7.62,0.0,1
CHEMBL2971,CNCCOc1ccc(Nc2ncc3ccn(-c4cccc(NS(=O)(=O)C(C)(C)C)c4)c3n2)cc1F,7.199999999999999,0.1414213562373093,2
CHEMBL2971,CNCCOc1cccc(-c2cnc3[nH]ccc3c2N[C@@H]2CCCN(C(=O)CC#N)C2)n1,6.26,0.0,1
CHEMBL2971,CNCCn1c(C2CCNCC2)nc2cc(C(N)=O)ccc21,5.51,0.0,1
CHEMBL2971,CNCCn1c2ccc(C(N)=O)cc2nc1[C@H]1CC[C@H](O)CC1,5.41,0.0,1
CHEMBL2971,CNC[C@H]1CC[C@H](c2nnn3cnc4[nH]ccc4c23)CC1,7.54,0.0,1
CHEMBL2971,CNS(=O)(=O)C[C@H]1CC[C@H](N(C)c2[nH]cnc3nccc2-3)CC1,7.755,0.007071067811865324,2
CHEMBL2971,CNS(=O)(=O)C[C@H]1CC[C@H](N(C)c2c(C#N)cnc3[nH]ccc23)CC1,5.52,0.0,1
CHEMBL2971,CNS(=O)(=O)C[C@H]1CC[C@H](N(C)c2c([N+](=O)[O-])cnc3[nH]ccc23)CC1,5.92,0.0,1
CHEMBL2971,CNS(=O)(=O)C[C@H]1CC[C@H](N(C)c2ncnc3[nH]c(C)nc23)CC1,5.1,0.0,1
CHEMBL2971,CNS(=O)(=O)C[C@H]1CC[C@H](N(C)c2ncnc3[nH]cnc23)CC1,5.72,0.0,1
CHEMBL2971,CNS(=O)(=O)C[C@H]1CC[C@H](Oc2c([N+](=O)[O-])cnc3[nH]ccc23)CC1,5.44,0.0,1
CHEMBL2971,CNS(=O)(=O)C[C@H]1CC[C@H](n2cnc3cnc4[nH]ccc4c32)CC1,6.58,0.0,1
CHEMBL2971,CNS(=O)(=O)N(C)[C@@H]1CCN(c2ncnc3[nH]ccc23)C1,8.635,2.2980970388562794,2
CHEMBL2971,CNS(=O)(=O)N1CC(CC#N)(n2ccc(-c3nc(-c4cnn(C)c4)cc4ncccc34)n2)C1,6.42,0.0,1
CHEMBL2971,CNS(=O)(=O)[C@H]1CCN(S(=O)(=O)C[C@H]2CC[C@H](N(C)c3ncnc4[nH]ccc34)CC2)C1,7.61,0.0,1
CHEMBL2971,CNS(=O)(=O)c1ccc(-c2cccc3ncc(-c4cc(OC)c(OC)c(OC)c4)nc23)cc1,7.38,0.0,1
CHEMBL2971,CNS(=O)(=O)c1ccc(N(C)[C@@H]2CCN(c3ncnc4[nH]ccc34)C2)nc1,9.26,0.0,1
CHEMBL2971,CNS(=O)(=O)c1ccc(Nc2nn(C3(CC#N)CCCC3)c3cc[nH]c(=O)c23)cc1,9.01,0.0,1
CHEMBL2971,CNS(=O)(=O)c1ccc(Nc2nn([C@@H](CC#N)C3CC3)c3cc[nH]c(=O)c23)cc1,6.42,0.0,1
CHEMBL2971,CNS(=O)(=O)c1ccc(Nc2nn([C@H]3CCCC[C@@H]3C#N)c3cc[nH]c(=O)c23)cc1,6.23,0.0,1
CHEMBL2971,CNS(=O)(=O)c1ccc(Nc2nn([C@]3(CC#N)CC[C@@H](C(=O)OC(C)(C)C)OC3)c3cc[nH]c(=O)c23)cc1,9.74,0.0,1
CHEMBL2971,CNS(=O)(=O)c1ccc(Nc2oc(-c3c(F)cccc3F)nc2C(N)=O)cc1,6.96,0.0,1
CHEMBL2971,CN[C@@H]1CC2OC([C@@H]1OC)n1c3ccccc3c3c4c(c5c6ccccc6n2c5c31)C(=O)NC4,9.485,0.31819805153394776,2
CHEMBL2971,CN[C@@H]1CCC(n2cc(C(N)=O)c(Nc3ccc(F)cc3)n2)[C@@H](C#N)C1,7.6,0.0,1
CHEMBL2971,CN[C@@H]1CC[C@H](n2cc(C(N)=O)c(Nc3ccc(Cl)c(F)c3)n2)[C@@H](C#N)C1,7.46,0.0,1
CHEMBL2971,CN[C@@H]1CC[C@H](n2cc(C(N)=O)c(Nc3ccc(Cl)cc3)n2)[C@@H](C#N)C1,7.44,0.0,1
CHEMBL2971,CN[C@@H]1C[C@H]2O[C@@](C)([C@@H]1OC)n1c3ccccc3c3c4c(c5c6ccccc6n2c5c31)C(=O)NC4,9.229999999999999,0.5682649030161898,9
CHEMBL2971,CN[C@H]1CCC(n2cc(C(N)=O)c(Nc3ccc(F)cc3)n2)[C@@H](C#N)C1,7.25,0.0,1
CHEMBL2971,CN[C@H]1CCC(n2cc(C(N)=O)c(Nc3ccc(S(=O)(=O)C(F)(F)F)cc3)n2)[C@@H](C#N)C1,7.29,0.0,1
CHEMBL2971,CN[C@H]1CC[C@H](c2nnn3cnc4[nH]ccc4c23)CC1,6.96,0.0,1
CHEMBL2971,CN[C@H]1CC[C@H](n2cc(C(N)=O)c(Nc3ccc(Cl)c(F)c3)n2)[C@@H](C#N)C1,7.58,0.0,1
CHEMBL2971,CN[C@H]1CC[C@H](n2cc(C(N)=O)c(Nc3ccc(Cl)cc3)n2)[C@@H](C#N)C1,7.8,0.0,1
CHEMBL2971,CNc1cc(-c2cc(C(N)=O)n(-c3cc(C(F)(F)F)ccc3Cl)c2)ncn1,6.48,0.0,1
CHEMBL2971,CNc1cc(-c2cc(C(N)=O)n(-c3cc(Cl)ccc3C)c2)ncn1,6.88,0.0,1
CHEMBL2971,CNc1cc(-c2cc3ncccc3c(-c3ccn(C4(CC#N)CC(C#N)C4)n3)n2)nn1C,5.855,0.5586143571373728,2
CHEMBL2971,CNc1cc(-n2cc(C(N)=O)c(-c3cc(Cl)ccc3C)c2)ncn1,6.21,0.0,1
CHEMBL2971,CNc1cc(Nc2ncc3ccn(-c4cccc(NS(=O)(=O)C(C)(C)C)c4)c3n2)ccc1N1CCN(C)CC1,7.66,0.0,1
CHEMBL2971,CNc1nc(NC2CCNCC2)nc2c1ccn2-c1cccc(NS(=O)(=O)C(C)(C)C)c1,5.0,0.0,1
CHEMBL2971,CNc1nc(Nc2cnn(CCCCCC(=O)NO)c2)ncc1Cl,7.44,0.0,1
CHEMBL2971,CNc1nc(Nc2cnn(CCCCCCC(=O)NO)c2)ncc1C(F)(F)F,7.07,0.0,1
CHEMBL2971,CNc1nc(Nc2cnn(CCCCCCC(=O)NO)c2)ncc1Cl,7.44,0.0,1
CHEMBL2971,CNc1nc2c(cc(-c3nnnn3C3CC3)n2C[C@H](O)CO)c2c1ncn2C,8.11,0.0,1
CHEMBL2971,CNc1nc2c(cc(C(=O)N(C)C3CC3)n2C[C@H](O)CO)c2c1ncn2C,6.35,0.0,1
CHEMBL2971,CNc1nc2c(cc(C(=O)N(C3CC3)C3CC3)n2CCCO)c2c1ncn2C,8.35,0.0,1
CHEMBL2971,CNc1nc2c(cc(C(=O)N(C3CC3)C3CC3)n2C[C@@H](C)O)c2c1ncn2C,7.85,0.0,1
CHEMBL2971,CNc1nc2c(cc(C(=O)N(C3CC3)C3CC3)n2C[C@H](O)CO)c2c1ncn2C,8.09,0.0,1
CHEMBL2971,CNc1nc2c(cc(C(=O)NC3CC3)n2C[C@H](O)CO)c2c1ncn2C,6.24,0.0,1
CHEMBL2971,CNc1ncc(C(N)=O)c2[nH]c3ccc(F)cc3c12,6.68,0.0,1
CHEMBL2971,CNc1nccc(-c2cc(C(N)=O)c(-c3cc(Cl)ccc3C)[nH]2)n1,7.37,0.0,1
CHEMBL2971,CNc1nccc(-c2nc3cnc4[nH]ccc4c3n2[C@H]2CC[C@H](CC#N)CC2)n1,8.47,0.0,1
CHEMBL2971,CNc1ncnc(-c2cccnc2Oc2cc(NC(=O)c3cccc(OC(F)(F)C(F)F)c3)ccc2C)n1,5.76,0.0,1
CHEMBL2971,CNc1nn(C2(CC#N)CCN(C(=O)OC(C)(C)C)CC2)c2cc[nH]c(=O)c12,6.31,0.0,1
CHEMBL2971,COC(=N)c1cc(Nc2nn(C3COCC[C@@H]3C#N)c3cc[nH]c(=O)c23)ccc1O,5.3,0.0,1
CHEMBL2971,COC(=O)/C=C/CN1CCc2cc(Nc3ncc(C)c(-c4cnn(C(C)C)c4)n3)ccc2C1,8.7,0.0,1
CHEMBL2971,COC(=O)C1CCN(c2cc(-c3c(N)nn4cccnc34)ncn2)C1,7.06,0.0,1
CHEMBL2971,COC(=O)C1CCc2[nH]c(-c3c(N[C@H]4CC[C@@H](N)CC4)cc[nH]c3=O)nc2C1,7.4,0.0,1
CHEMBL2971,COC(=O)CCCCCCOc1ccc(Nc2nccc(-c3ccc(NC(C)=O)cc3)n2)cc1,6.62,0.0,1
CHEMBL2971,COC(=O)CN1C[C@@H]2[C@H](C1)[C@H]2CN(C)c1ncnc2[nH]ccc12,7.22,0.0,1
CHEMBL2971,COC(=O)CN1C[C@H]2C[C@H](N(C)c3ncnc4[nH]ccc34)C[C@H]2C1,7.11,0.0,1
CHEMBL2971,COC(=O)Cc1ccc(Nc2cc(Nc3ccccc3Cl)c(C(N)=O)cn2)nc1,8.0,0.0,1
CHEMBL2971,COC(=O)Cc1ccc(Nc2nn(C3(CC#N)CCN(C(=O)OC(C)(C)C)CC3)cc2C(N)=O)cc1,8.52,0.0,1
CHEMBL2971,COC(=O)Cc1ccc(OC)c(-c2c[nH]c3ncnc(-c4ccccc4)c23)c1,7.03,0.0,1
CHEMBL2971,COC(=O)Cn1c(=O)c2cc(OC)c(OC)cc2c2cnc3[nH]ccc3c21,7.75,0.0,1
CHEMBL2971,COC(=O)N1CCC(CC#N)(n2cc(C(N)=O)c(Nc3ccc(S(=O)(=O)C(F)(F)F)cc3)n2)CC1,8.7,0.0,1
CHEMBL2971,COC(=O)N1CCC(CC#N)(n2cc(C(N)=O)c(Nc3ccc(S(C)(=O)=O)cc3)n2)CC1,7.8,0.0,1
CHEMBL2971,COC(=O)N1CCC(CC#N)(n2cc(C(N)=O)c(Nc3ccccc3)n2)CC1,6.63,0.0,1
CHEMBL2971,COC(=O)N1CCC(CC#N)(n2nc(Nc3ccc(C#N)cc3)c3c(=O)[nH]ccc32)CC1,8.91,0.0,1
CHEMBL2971,COC(=O)N1CCC(CC#N)(n2nc(Nc3ccc(C(C)(O)C(F)(F)F)cc3)c3c(=O)[nH]ccc32)CC1,9.425,0.07778174593052045,2
CHEMBL2971,COC(=O)N1CCC(CC#N)(n2nc(Nc3ccc(C(F)(F)F)cc3)c3c(=O)[nH]ccc32)CC1,8.53,0.0,1
CHEMBL2971,COC(=O)N1CCC(CC#N)(n2nc(Nc3ccc(F)cc3)c3c(=O)[nH]ccc32)CC1,8.7,0.0,1
CHEMBL2971,COC(=O)N1CCC(CC#N)(n2nc(Nc3ccc(S(=O)(=O)C(C)(C)C)cc3)c3c(=O)[nH]ccc32)CC1,9.85,0.0,1
CHEMBL2971,COC(=O)N1CCC(CC#N)(n2nc(Nc3ccc(S(=O)(=O)C(C)C)cc3)c3c(=O)[nH]ccc32)CC1,9.64,0.0,1
CHEMBL2971,COC(=O)N1CCC(CC#N)(n2nc(Nc3ccc4c(c3)CCC4(O)C(F)(F)F)c3c(=O)[nH]ccc32)CC1,9.43,0.3535533905932738,2
CHEMBL2971,COC(=O)N1CCC(CC#N)(n2nc(Nc3ccc4c(c3)CN(C(C)(C)C)S4(=O)=O)c3c(=O)[nH]ccc32)CC1,9.82,0.0,1
CHEMBL2971,COC(=O)N1CCC(CC#N)(n2nc(Nc3ccc4c(c3)CN(C)S4(=O)=O)c3c(=O)[nH]ccc32)CC1,9.24,0.0,1
CHEMBL2971,COC(=O)N1CCC(CC#N)(n2nc(Nc3ccc4c(c3)CN(CC(C)C)S4(=O)=O)c3c(=O)[nH]ccc32)CC1,9.46,0.0,1
CHEMBL2971,COC(=O)N1CCC(CC#N)(n2nc(Nc3ccc4c(c3)CN(CC3CC3)S4(=O)=O)c3c(=O)[nH]ccc32)CC1,9.57,0.0,1
CHEMBL2971,COC(=O)N1CCC(CC#N)(n2nc(Nc3ccc4c(c3)CN(CC3CCCC3)S4(=O)=O)c3c(=O)[nH]ccc32)CC1,9.43,0.0,1
CHEMBL2971,COC(=O)N1CCC(CC#N)(n2nc(Nc3ccc4ncccc4c3)c3c(=O)[nH]ccc32)CC1,9.08,0.0,1
CHEMBL2971,COC(=O)N1CCC(CC#N)(n2nc(Nc3ccnc(F)c3)c3c(=O)[nH]ccc32)CC1,8.26,0.0,1
CHEMBL2971,COC(=O)N1CCC(Nc2ncccc2-c2cnc3[nH]ccc3n2)CC1,10.33,0.0,1
CHEMBL2971,COC(=O)N1CCC(Oc2ccc(-c3ncnc(Nc4ccc(N5CCN(C6COC6)CC5)cc4)n3)cc2C#N)C1,6.18,0.0,1
CHEMBL2971,COC(=O)N1CCC(n2nc(Nc3ccc(S(=O)(=O)N(C)C)cc3)c3c(=O)[nH]ccc32)C(CC#N)C1,9.59,0.0,1
CHEMBL2971,COC(=O)N1CCCC1(c1ccc(Nc2nn([C@@H](CC#N)C3CC3)c3cc[nH]c(=O)c23)cc1)C(F)(F)F,6.25,0.31112698372208053,2
CHEMBL2971,COC(=O)N1CCCCC(Nc2ncccc2-c2cnc3[nH]ccc3n2)C1,10.97,0.0,1
CHEMBL2971,COC(=O)N1CCN(C(=O)c2ccc3c(c2)[nH]c2c(C(N)=O)cc(-c4ccc(OC)c(F)c4)cc23)CC1,9.0,0.0,1
CHEMBL2971,COC(=O)N1CC[C@@H](Nc2ncccc2-c2cnc3[nH]ccc3n2)C1,10.01,0.0,1
CHEMBL2971,COC(=O)N1CC[C@H](Nc2ncccc2-c2cnc3[nH]ccc3n2)C1,10.56,0.0,1
CHEMBL2971,COC(=O)N1CC[C@H](Oc2ccc(-c3ncnc(Nc4ccc(N5CCN(C6COC6)CC5)cc4)n3)cc2C#N)[C@H](F)C1,6.17,0.0,1
CHEMBL2971,COC(=O)N1CC[C@H]2CC(N(C)c3ncnc4[nH]ccc34)C[C@H]2C1,7.12,0.0,1
CHEMBL2971,COC(=O)N1CC[C@H]2C[C@H](N(C)c3ncnc4[nH]ccc34)C[C@H]2C1,7.12,0.0,1
CHEMBL2971,COC(=O)NC1CN(S(=O)(=O)C[C@H]2CC[C@H](N(C)c3ncnc4[nH]ccc34)CC2)C1,7.49,0.0,1
CHEMBL2971,COC(=O)Nc1cc(-c2ccc(OC[C@@](C)(N)CC(C)C)c(C(F)F)n2)ccn1,6.43,0.0,1
CHEMBL2971,COC(=O)Nc1cc(-c2ccc(OC[C@@](C)(N)CC(C)C)c(Cl)n2)ccn1,5.8,0.0,1
CHEMBL2971,COC(=O)[C@@H](C(C)C)n1c(=O)c2cc(OC)c(OC)cc2c2cnc3[nH]ccc3c21,7.2,0.0,1
CHEMBL2971,COC(=O)[C@@H]1CC[C@@](CC#N)(n2nc(Nc3ccc(S(C)(=O)=O)cc3)c3c(=O)[nH]ccc32)CO1,9.350000000000001,0.410121933088197,2
CHEMBL2971,COC(=O)[C@H](C(C)C)n1c(=O)c2cc(OC)c(OC)cc2c2cnc3[nH]ccc3c21,6.66,0.0,1
CHEMBL2971,COC(=O)[C@H]1CCC(n2cc(C(N)=O)c(Nc3ccc(F)cc3)n2)[C@@H](C#N)C1,7.0,0.0,1
CHEMBL2971,COC(=O)[C@H]1CC[C@](CC#N)(n2nc(Nc3ccc(S(C)(=O)=O)cc3)c3c(=O)[nH]ccc32)CO1,7.65,0.0,1
CHEMBL2971,COC(=O)c1ccc(N(C)[C@@H]2CCN(c3ncnc4[nH]ccc34)C2)nc1,10.26,0.0,1
CHEMBL2971,COC(=O)c1ccc(Nc2nn(C3(CC#N)CCN(C(=O)OC(C)(C)C)CC3)cc2C(N)=O)cc1,8.05,0.0,1
CHEMBL2971,COC(=O)c1ccc(Nc2nn(C3(CC#N)CN(C(=O)OC(C)(C)C)C3)c3cc[nH]c(=O)c23)cc1,7.42,0.0,1
CHEMBL2971,COC(=O)c1ccc(Nc2nn([C@H]3CCCC[C@@H]3C#N)cc2C(N)=O)cn1,7.89,0.0,1
CHEMBL2971,COC(=O)c1ccc2c(c1)/C(=C1/Nc3ccccc3/C1=N\OCCN1CCNCC1)C(=O)N2,6.28,0.0,1
CHEMBL2971,COC(=O)c1ccc2c(c1)[nH]c1c(C(N)=O)cc(-c3cccc(OC)c3)cc12,6.51,0.0,1
CHEMBL2971,COC(=O)c1cccc(N2CCC(CC#N)(n3cc(C(N)=O)c(Nc4ccc(F)cc4)n3)CC2)n1,6.55,0.0,1
CHEMBL2971,COC(=O)c1cccc2[nH]c3c(C(N)=O)cc(-c4cccc(OC)c4)cc3c12,6.96,0.0,1
CHEMBL2971,COC(=O)c1ccccc1CN1CCC(CC#N)(n2cc(C(N)=O)c(Nc3ccccc3)n2)CC1,6.4,0.0,1
CHEMBL2971,COC(=O)c1cncc(Nc2nn([C@H]3CCCC[C@@H]3C#N)cc2C(N)=O)c1,7.05,0.0,1
CHEMBL2971,COC(=O)c1ncc(Nc2nn([C@H]3CCCC[C@@H]3C#N)cc2C(N)=O)cc1C,7.77,0.0,1
CHEMBL2971,COC(=O)c1nsc(NC(=O)N2C[C@H]3CC(N(C)c4ncnc5[nH]ccc45)C[C@H]3C2)n1,8.15,0.0,1
CHEMBL2971,COC(C)(C)CNC(=O)Cc1nc2cnc3[nH]ccc3c2n1[C@H]1CC[C@H](CC#N)CC1,8.47,0.0,1
CHEMBL2971,COC(C)(C)CN[C@H]1CCC(n2cc(C(N)=O)c(Nc3ccc(Cl)cc3)n2)[C@@H](C#N)C1,7.32,0.0,1
CHEMBL2971,COC(C)(C)c1ccc(Nc2nn([C@@H]3COCC[C@H]3C#N)cc2C(N)=O)cc1,9.4,0.0,1
CHEMBL2971,COC(C)(C)c1ccc(Nc2nn([C@H]3CC[C@@H](O)C[C@@H]3C#N)cc2C(N)=O)cc1,8.7,0.0,1
CHEMBL2971,COC(C)(C)c1ccc(Nc2nn([C@H]3COCC[C@@H]3C#N)cc2C(N)=O)cc1,7.77,0.0,1
CHEMBL2971,COC(C)(c1ccc(Nc2nn([C@@H](CC#N)C3CC3)c3cc[nH]c(=O)c23)cc1)C(F)(F)F,6.2,0.0,1
CHEMBL2971,COC(C)(c1ccc(Nc2nn([C@H]3CCCC[C@@H]3C#N)c3cc[nH]c(=O)c23)cc1)C(F)(F)F,6.07,0.0,1
CHEMBL2971,COC(C)(c1ccc(Nc2nn([C@H]3COCC[C@@H]3C#N)c3cc[nH]c(=O)c23)cc1)C(F)(F)F,7.05,0.0,1
CHEMBL2971,COC(C)(c1ccc(Nc2nn([C@]3(CC#N)CC[C@@H](C(=O)OC(C)(C)C)OC3)c3cc[nH]c(=O)c23)cc1)C(F)(F)F,8.94,0.0,1
CHEMBL2971,COC(C)C1CCN(S(=O)(=O)C[C@H]2C[C@@H](N(C)c3ncnc4[nH]ccc34)C2)CC1,8.92,0.0,1
CHEMBL2971,COC(C)COC(=O)N1CCC(CC#N)(n2cc(C(N)=O)c(Nc3ccc(F)cc3)n2)CC1,7.02,0.0,1
CHEMBL2971,COC(C)c1ccc(S(=O)(=O)C[C@H]2C[C@@H](N(C)c3ncnc4[nH]ccc34)C2)cc1,9.77,0.0,1
CHEMBL2971,COC(c1ccc(Nc2nn([C@@]3(CC#N)CCN(C(=O)OC(C)(C)C)C[C@H]3F)c3cc[nH]c(=O)c23)cc1)C(F)(F)F,10.05,0.0,1
CHEMBL2971,COC1(C)CN(S(=O)(=O)C[C@H]2C[C@@H](N(C)c3ncnc4[nH]ccc34)C2)C1,5.69,0.0,1
CHEMBL2971,COC1CC(CC#N)(n2cc(-c3cc(-c4c[nH]nc4N)cc4ncccc34)cn2)C1,5.43,0.0,1
CHEMBL2971,COC1CC(CC#N)(n2cc(-c3cc(-c4cnn(C)c4)cc4nccn34)cn2)C1,5.27,0.0,1
CHEMBL2971,COC1CC(CC#N)(n2cc(-c3nc(-c4cc(CO)n[nH]4)cc4ncccc34)cn2)C1,7.045,0.06363961030678918,2
CHEMBL2971,COC1CC(CC#N)(n2cc(-c3nc(-c4cnn(CCO)c4)cc4ncccc34)cn2)C1,6.9350000000000005,0.04949747468305758,2
CHEMBL2971,COC1CC(CC#N)(n2ccc(-c3nc(-c4c[nH]nc4N)cc4ncccc34)n2)C1,6.53,0.1131370849898477,2
CHEMBL2971,COC1CC(CC#N)(n2ccc(-c3nc(-c4cc(CO)n[nH]4)cc4ncccc34)n2)C1,6.18,0.1555634918610406,2
CHEMBL2971,COC1CC(CC#N)(n2ccc(-c3nc(-c4cc(N)[nH]n4)cc4ncccc34)n2)C1,6.515000000000001,0.1626345596729059,2
CHEMBL2971,COC1CC(CC#N)(n2ccc(-c3nc(-c4ccc(=O)[nH]c4)cc4ncccc34)n2)C1,6.11,0.0,1
CHEMBL2971,COC1CC(CC#N)(n2ccc(-c3nc(-c4ccn[nH]4)cc4ncccc34)n2)C1,5.885,0.19091883092036754,2
CHEMBL2971,COC1CC(CC#N)(n2ccc(-c3nc(-c4cn[nH]c4)cc4ncccc34)n2)C1,5.845000000000001,0.261629509039023,2
CHEMBL2971,COC1CC(CC#N)(n2ccc(-c3nc(-c4cnn(C)c4)cc4ncccc34)n2)C1,6.25,0.0,1
CHEMBL2971,COC1CC(CC#N)(n2ccc(-c3nc(-c4cnn(C5COC5)c4)cc4ncccc34)n2)C1,6.41,0.0,1
CHEMBL2971,COC1CC(CC#N)(n2ccc(-c3nc(-c4cnn(CCO)c4)cc4ncccc34)n2)C1,6.0600000000000005,0.21213203435596445,2
CHEMBL2971,COC1CC(CC#N)(n2ncc(-c3cc(-c4cc[nH]n4)cc4ncccc34)n2)C1,6.04,0.08485281374238515,2
CHEMBL2971,COC1CC(CN2CC[C@@H](C#N)[C@H](n3cc(C(N)=O)c(Nc4ccc(F)cc4)n3)C2)C1,6.72,0.0,1
CHEMBL2971,COC1CC(CN2CC[C@@H](n3cc(C(N)=O)c(Nc4ccc(F)cc4)n3)[C@H](C#N)C2)C1,6.78,0.0,1
CHEMBL2971,COC1CC12CCN(S(=O)(=O)C[C@H]1C[C@@H](N(C)c3ncnc4[nH]ccc34)C1)CC2,8.64,0.0,1
CHEMBL2971,COC1CCCN(S(=O)(=O)C[C@H]2C[C@@H](N(C)c3ncnc4[nH]ccc34)C2)C1,5.67,0.0,1
CHEMBL2971,COC1CCN(C(=O)Cc2nc3cnc4[nH]ccc4c3n2[C@H]2CC[C@H](CC#N)CC2)CC1,7.81,0.0,1
CHEMBL2971,COC1CCN(C(=O)c2nc3cnc4[nH]ccc4c3n2[C@H]2CC[C@H](CC#N)CC2)CC1,6.8,0.0,1
CHEMBL2971,COC1CCN(S(=O)(=O)C[C@H]2CC[C@H](N(C)c3ncnc4[nH]ccc34)CC2)CC1,6.97,0.0,1
CHEMBL2971,COC1CCN(S(=O)(=O)C[C@H]2C[C@@H](N(C)c3ncnc4[nH]ccc34)C2)CC1,5.6,0.0,1
CHEMBL2971,COC1CCN(c2ccc(Nc3nc(N4CCC(CC#N)CC4)nc4cn[nH]c(=O)c34)cc2)CC1,7.52,0.0,1
CHEMBL2971,COC1CCN(c2ccc(Nc3nc(N4CCCCCC4)nc4cn[nH]c(=O)c34)cc2)CC1,7.52,0.0,1
CHEMBL2971,COC1CCN(c2ncc(-c3cnc4[nH]ccc4n3)c(N[C@H]3CCCN(S(C)(=O)=O)C3)n2)CC1,9.97,0.0,1
CHEMBL2971,COC1CCN(c2nccc(Nc3cc(NC(=O)c4c(Cl)cccc4Cl)ccn3)n2)CC1,7.36,0.0,1
CHEMBL2971,COC1CCN(c2nccc(Nc3cc4[nH]c(-c5cn[nH]c5)cc4cn3)n2)CC1,7.02,0.0,1
CHEMBL2971,COC1CCN(c2nccc(Nc3cc4c(ccn4C(C)C)cn3)n2)CC1,6.14,0.0,1
CHEMBL2971,COC1CCN(c2nccc(Nc3cc4c(ccn4C4CCCC4)cn3)n2)CC1,6.65,0.0,1
CHEMBL2971,COC1CCN(c2nccc(Nc3cc4c(cn3)cc(-c3cn[nH]c3)n4C(C)C)n2)CC1,6.81,0.0,1
CHEMBL2971,COC1CN(C(=O)Cc2ccc(-c3cccc4nc(NC(=O)C5CC5)nn34)cc2)C1,6.52,0.0,1
CHEMBL2971,COC1CN(C(=O)c2cnn3ccc(N4CCC[C@@H]4c4cncc(F)c4)nc23)C1,6.47,0.0,1
CHEMBL2971,COC1CN(C2CCC(CC#N)(n3cc(C(N)=O)c(Nc4ccc(F)cc4)n3)CC2)C1,7.46,0.0,1
CHEMBL2971,COC1CN(C2CCC(CC#N)(n3cc(C(N)=O)c(Nc4ccnc(F)c4)n3)CC2)C1,8.3,0.0,1
CHEMBL2971,COC1CN(C2CC[C@H](n3cc(C(N)=O)c(Nc4ccc(S(=O)(=O)C(F)(F)F)cc4)n3)[C@@H](C#N)C2)C1,8.3,0.0,1
CHEMBL2971,COC1CN(S(=O)(=O)C[C@H]2C[C@@H](N(C)c3ncnc4[nH]ccc34)C2)C1,5.78,0.0,1
CHEMBL2971,COC1CN(S(=O)(=O)c2ccc(Nc3nn([C@@H](CC#N)C4CC4)c4cc[nH]c(=O)c34)cc2)C1,6.44,0.0,1
CHEMBL2971,COC1CN([C@H]2CC[C@@](CC#N)(n3nc(Nc4ccc(Cl)cc4)c4c(=O)[nH]ccc43)CC2)C1,6.99,0.0,1
CHEMBL2971,COC1CN([C@H]2CC[C@@](CC#N)(n3nc(Nc4ccc(OC(F)(F)F)cc4)c4c(=O)[nH]ccc43)CC2)C1,5.94,0.0,1
CHEMBL2971,COC1CN([C@H]2CC[C@H](n3cc(C(N)=O)c(Nc4ccc(C(F)(F)F)cc4)n3)[C@@H](C#N)C2)C1,7.5,0.0,1
CHEMBL2971,COC1CN([C@H]2CC[C@](CC#N)(n3nc(Nc4ccc(Cl)c(F)c4)c4c(=O)[nH]ccc43)CC2)C1,8.23,0.0,1
CHEMBL2971,COC1CN([C@H]2CC[C@](CC#N)(n3nc(Nc4ccc(Cl)cc4)c4c(=O)[nH]ccc43)CC2)C1,8.6,0.0,1
CHEMBL2971,COC1CN([C@H]2CC[C@](CC#N)(n3nc(Nc4ccc(OC(F)(F)F)cc4)c4c(=O)[nH]ccc43)CC2)C1,8.85,0.0,1
CHEMBL2971,COCC(=O)N1CCC(CC#N)(n2cc(C(N)=O)c(Nc3ccccc3)n2)CC1,7.03,0.0,1
CHEMBL2971,COCC(=O)N1CCC(CC#N)(n2cc(C(N)=O)c(Nc3ccnc(F)c3)n2)CC1,7.02,0.0,1
CHEMBL2971,COCC(=O)N1CCC(CC#N)(n2nc(Nc3ccc(S(=O)(=O)N(C)C)cc3)c3c(=O)[nH]ccc32)CC1,8.79,0.0,1
CHEMBL2971,COCC(=O)N1CC[C@H](Oc2ccc(-c3ncnc(Nc4ccc(C5CCN(C)CC5)c(C)c4)n3)cc2C#N)[C@H](F)C1,6.74,0.0,1
CHEMBL2971,COCC(C)(C)CN1Cc2cc(Nc3nn([C@@H]4CCCCC[C@H]4C#N)c4cc[nH]c(=O)c34)ccc2S1(=O)=O,6.34,0.0,1
CHEMBL2971,COCC(C)(C)CN1Cc2cc(Nc3nn([C@H]4CCCCC[C@@H]4C#N)c4cc[nH]c(=O)c34)ccc2S1(=O)=O,4.68,0.0,1
CHEMBL2971,COCC(C)(C)CN1Cc2cc(Nc3nn([C@H]4CCCC[C@@H]4C#N)c4cc[nH]c(=O)c34)ccc2S1(=O)=O,6.36,0.0,1
CHEMBL2971,COCC(C)(C)N(C)[C@H]1CCC(n2cc(C(N)=O)c(Nc3ccc(Cl)cc3)n2)[C@@H](C#N)C1,7.2,0.0,1
CHEMBL2971,COCC(C)(C)N1Cc2cc(Nc3nn([C@H]4CCCC[C@@H]4C#N)c4cc[nH]c(=O)c34)ccc2S1(=O)=O,6.72,0.0,1
CHEMBL2971,COCC(C)(C)N[C@H]1CCC(n2cc(C(N)=O)c(Nc3ccc(Cl)cc3)n2)[C@@H](C#N)C1,7.37,0.0,1
CHEMBL2971,COCC(C)(C)N[C@H]1CCC(n2cc(C(N)=O)c(Nc3ccccc3)n2)[C@@H](C#N)C1,6.77,0.0,1
CHEMBL2971,COCC(C)(C)OC(=O)N1CCC(CC#N)(n2cc(C(N)=O)c(Nc3ccc(F)cc3)n2)CC1,7.265000000000001,0.19091883092036785,2
CHEMBL2971,COCC(C)(O)c1cc(Nc2nn([C@H]3CCCC[C@@H]3C#N)c3cc[nH]c(=O)c23)ccc1S(C)(=O)=O,5.38,0.0,1
CHEMBL2971,COCC(C)N(C)[C@H]1CCC(n2cc(C(N)=O)c(Nc3ccc(Cl)cc3)n2)[C@@H](C#N)C1,7.5600000000000005,0.01414213562373159,2
CHEMBL2971,COCC(C)NC(=O)c1cnn2ccc(N3CCCC3c3cncc(F)c3)nc12,7.65,0.0,1
CHEMBL2971,COCC(C)NC(=O)c1nc2cnc3[nH]ccc3c2n1[C@H]1CC[C@H](CC#N)CC1,7.68,0.0,1
CHEMBL2971,COCC(C)N[C@H]1CCC(n2cc(C(N)=O)c(Nc3ccc(Cl)cc3)n2)[C@@H](C#N)C1,7.45,0.0424264068711932,2
CHEMBL2971,COCC(C)OC(=O)N1CCC(CC#N)(n2cc(C(N)=O)c(Nc3ccc(F)cc3)n2)CC1,7.4,0.0,1
CHEMBL2971,COCC(C)OC(=O)N1CCC(CC#N)(n2nc(Nc3ccc(S(=O)(=O)N(C)C)cc3)c3c(=O)[nH]ccc32)CC1,9.21,0.0,1
CHEMBL2971,COCC(O)C(=O)N1CC[C@H](Oc2ccc(-c3ncnc(Nc4ccc(N5CCN(C6COC6)CC5)cc4)n3)cc2C#N)[C@H](F)C1,6.04,0.0,1
CHEMBL2971,COCC(O)CNC(=O)c1cnn2ccc(N3CCCC3c3cncc(F)c3)nc12,6.88,0.0,1
CHEMBL2971,COCC/C(=N/O)NCc1nc2cnc3[nH]ccc3c2n1[C@H]1CC[C@H](CC#N)CC1,7.57,0.0,1
CHEMBL2971,COCC/C(N)=N/OCc1nc2cnc3[nH]ccc3c2n1[C@H]1CC[C@H](CC#N)CC1,8.28,0.0,1
CHEMBL2971,COCC1(NC[C@H]2CC[C@H](c3nnn4cnc5[nH]ccc5c34)CC2)CC1,7.0,0.0,1
CHEMBL2971,COCC1CCCN(S(=O)(=O)C[C@H]2C[C@@H](N(C)c3ncnc4[nH]ccc34)C2)C1,6.0,0.0,1
CHEMBL2971,COCC1CCN(S(=O)(=O)C[C@H]2CC[C@H](N(C)c3ncnc4[nH]ccc34)CC2)CC1,7.15,0.0,1
CHEMBL2971,COCC1CCN(S(=O)(=O)C[C@H]2C[C@@H](N(C)c3ncnc4[nH]ccc34)C2)C1,5.63,0.0,1
CHEMBL2971,COCC1CCN(S(=O)(=O)C[C@H]2C[C@@H](N(C)c3ncnc4[nH]ccc34)C2)CC1,5.98,0.0,1
CHEMBL2971,COCC1CN(C2CCN(c3cc(OC)c(Nc4ncc(Br)c(Nc5ccc6c(c5P(C)(C)=O)OCCO6)n4)cc3C)CC2)C1,8.47,0.0,1
CHEMBL2971,COCC1CN(S(=O)(=O)C[C@H]2C[C@@H](N(C)c3ncnc4[nH]ccc34)C2)CCO1,5.83,0.0,1
CHEMBL2971,COCCC(C)(C)N1Cc2cc(Nc3nn([C@H]4CCCC[C@@H]4C#N)c4cc[nH]c(=O)c34)ccc2S1(=O)=O,6.82,0.0,1
CHEMBL2971,COCCC1(C(N)=O)CCN(S(=O)(=O)C[C@H]2CC[C@H](N(C)c3ncnc4[nH]ccc34)CC2)CC1,8.05,0.0,1
CHEMBL2971,COCCCCCCn1cc(Nc2ncc(C(N)=O)c(NCc3c(F)cccc3OC)n2)cn1,9.0,0.0,1
CHEMBL2971,COCCCNC(=O)c1nc2cnc3[nH]ccc3c2n1[C@H]1CC[C@H](CC#N)CC1,7.55,0.0,1
CHEMBL2971,COCCCOC(=O)N1CC(CC#N)(n2cc(C(N)=O)c(Nc3ccccc3)n2)C1,6.22,0.0,1
CHEMBL2971,COCCCOC(=O)N1CC[C@@H](n2cc(C(N)=O)c(Nc3ccc(F)cc3)n2)[C@H](C#N)C1,6.56,0.0,1
CHEMBL2971,COCCCS(=O)(=O)C[C@H]1C[C@@H](N(C)c2ncnc3[nH]ccc23)C1,5.88,0.0,1
CHEMBL2971,COCCCS(=O)(=O)N[C@H]1C[C@@H](N(C)c2ncnc3[nH]ccc23)C1,5.74,0.0,1
CHEMBL2971,COCCCn1cc(-c2cnc(N)c(OC(C)c3cc(F)ccc3Cl)c2)cn1,7.82,0.0,1
CHEMBL2971,COCCCn1cc(Nc2ncc(C(N)=O)c(NCc3ccccc3)n2)cn1,8.04,0.0,1
CHEMBL2971,COCCCn1nc(Nc2cc(O[C@H]3CC[C@@H](NC[C@@H](O)C(F)(F)F)CC3)cc3c2ncn3C)cc1C,5.92,0.0,1
CHEMBL2971,COCCN(C)C[C@H]1CC[C@H](c2nnn3cnc4[nH]ccc4c23)CC1,7.24,0.0,1
CHEMBL2971,COCCN(C)S(=O)(=O)C[C@H]1C[C@@H](N(C)c2ncnc3[nH]ccc23)C1,5.74,0.0,1
CHEMBL2971,COCCN(C)[C@H]1CCC(n2cc(C(N)=O)c(Nc3ccc(Cl)cc3)n2)[C@@H](C#N)C1,7.7,0.0,1
CHEMBL2971,COCCN(C)[C@H]1CC[C@H](n2cc(C(N)=O)c(Nc3ccc(S(=O)(=O)C(F)(F)F)cc3)n2)[C@@H](C#N)C1,7.77,0.0,1
CHEMBL2971,COCCN(CCOC)C[C@H]1CC[C@H](c2nnn3cnc4[nH]ccc4c23)CC1,6.51,0.0,1
CHEMBL2971,COCCN1C/C=C/CCOc2cccc(c2)-c2ccnc(n2)Nc2cccc(c2)C1,5.8,0.0,1
CHEMBL2971,COCCN1CCC(N2Cc3c(cnn3C(C)C)-c3n[nH]c4ccnc2c34)CC1,5.0,0.0,1
CHEMBL2971,COCCN1CCN(Cc2ccc(-c3cc(C(N)=O)c4[nH]c5cc(N6CCOCC6)ccc5c4n3)s2)CC1,8.22,0.0,1
CHEMBL2971,COCCN1CCN(c2ccc(Nc3nc(N4CCC(CC#N)CC4)nc(C=N)c3C(N)=O)cc2)CC1,7.52,0.0,1
CHEMBL2971,COCCN1CN([C@H]2CC[C@H](CNCC(F)(F)F)CC2)c2c(cnc3[nH]ccc23)C1=O,7.8,0.0,1
CHEMBL2971,COCCN1Cc2cc(Nc3nn([C@H]4CCCC[C@@H]4C#N)c4cc[nH]c(=O)c34)ccc2S1(=O)=O,6.26,0.0,1
CHEMBL2971,COCCNC(=O)Cc1nc2cnc3[nH]ccc3c2n1[C@H]1CC[C@H](CC#N)CC1,7.8,0.0,1
CHEMBL2971,COCCNC(=O)OCc1nc2cnc3[nH]ccc3c2n1[C@H]1CC[C@H](CC#N)CC1,7.7,0.0,1
CHEMBL2971,COCCNC(=O)c1cc(-c2ccnc(N)n2)[nH]c1-c1cc(Cl)ccc1C,6.57,0.0,1
CHEMBL2971,COCCNC(=O)c1cc2c(N[C@@H](C)c3ccccc3)nc(-n3cnc4ccncc43)nc2n1C,7.6,0.0,1
CHEMBL2971,COCCNC(=O)c1cnn2ccc(N3CCCC3c3cc(F)ccc3F)nc12,8.6,0.0,1
CHEMBL2971,COCCNC(=O)c1cnn2ccc(N3CCCC3c3cc(F)cnc3C)nc12,7.16,0.0,1
CHEMBL2971,COCCNC(=O)c1nc2cnc3[nH]ccc3c2n1[C@H]1CC[C@H](CC#N)CC1,8.02,0.0,1
CHEMBL2971,COCCNC1CCC(CC#N)(n2cc(C(N)=O)c(Nc3ccc(F)cc3)n2)CC1,6.09,0.0,1
CHEMBL2971,COCCNS(=O)(=O)c1ccc(Nc2nn(C3(CC#N)CCN(C(=O)OC(C)(C)C)CC3)c3cc[nH]c(=O)c23)cc1,9.47,0.0,1
CHEMBL2971,COCCNS(=O)(=O)c1ccc(Nc2nn([C@H]3CCCC[C@@H]3C#N)c3cc[nH]c(=O)c23)cc1,6.1,0.0,1
CHEMBL2971,COCCNS(=O)(=O)c1ccc(Nc2nn([C@H]3CCCC[C@@H]3C#N)cc2C(N)=O)cc1,9.0,0.0,1
CHEMBL2971,COCCN[C@H]1CCC(n2cc(C(N)=O)c(Nc3ccc(Cl)cc3)n2)[C@@H](C#N)C1,7.64,0.0,1
CHEMBL2971,COCCN[C@H]1CCC(n2cc(C(N)=O)c(Nc3ccc(S(=O)(=O)C(F)(F)F)cc3)n2)[C@@H](C#N)C1,7.46,0.0,1
CHEMBL2971,COCCNc1ncc(-c2cnc3[nH]ccc3n2)c(N[C@H]2CCCN(S(C)(=O)=O)C2)n1,10.12,0.0,1
CHEMBL2971,COCCOC(=O)Cc1ccc(Nc2cc(Nc3ccccc3OC)c(C(N)=O)cn2)nc1,8.22,0.0,1
CHEMBL2971,COCCOC(=O)N1CC(CC#N)(n2cc(C(N)=O)c(Nc3ccccc3)n2)C1,6.47,0.0,1
CHEMBL2971,COCCOC(=O)N1CCC(CC#N)(n2cc(C(N)=O)c(Nc3ccc(F)cc3)n2)CC1,7.15,0.0,1
CHEMBL2971,COCCOC(=O)N1CCC(CC#N)(n2cc(C(N)=O)c(Nc3ccc(S(=O)(=O)C(F)(F)F)cc3)n2)CC1,8.22,0.0,1
CHEMBL2971,COCCOC(=O)N1CCC(CC#N)(n2cc(C(N)=O)c(Nc3ccccc3)n2)CC1,7.15,0.0,1
CHEMBL2971,COCCOC(=O)N1CCC(n2nc(Nc3ccc(S(=O)(=O)N(C)C)cc3)c3c(=O)[nH]ccc32)C(CC#N)C1,9.0,0.0,1
CHEMBL2971,COCCOC(=O)N1CC[C@@H](C#N)[C@H](n2cc(C(N)=O)c(Nc3ccc(F)cc3)n2)C1,6.92,0.0,1
CHEMBL2971,COCCOC(=O)N1CC[C@@H](n2cc(C(N)=O)c(Nc3ccc(F)cc3)n2)[C@H](C#N)C1,6.7,0.0,1
CHEMBL2971,COCCOC1CCN(S(=O)(=O)C[C@H]2C[C@@H](N(C)c3ncnc4[nH]ccc34)C2)CC1,6.02,0.0,1
CHEMBL2971,COCCOCCOCCOCCc1nc2cnc3[nH]ccc3c2n1[C@H]1CC[C@H](CC#N)CC1,7.16,0.0,1
CHEMBL2971,COCCOCCOCc1nc2cnc3[nH]ccc3c2n1[C@H]1CC[C@H](CC#N)CC1,6.88,0.0,1
CHEMBL2971,COCCOc1cc(F)cc([C@H]2CCCN2c2ccn3ncc(C(=O)NC4CC4)c3n2)c1,8.27,0.0,1
CHEMBL2971,COCCOc1cc(F)cc([C@H]2CCCN2c2ccn3ncc(C(N)=O)c3n2)c1,7.46,0.0,1
CHEMBL2971,COCCOc1ccc(-c2cc(C(N)=O)c3[nH]c4cc(N5CCOCC5)ccc4c3n2)cc1Cl,8.22,0.0,1
CHEMBL2971,COCCOc1ccc(F)cc1[C@H]1CCCN1c1ccn2ncc(C(=O)NC3CC3)c2n1,7.675,1.9021172413918126,2
CHEMBL2971,COCCOc1ccc(F)cc1[C@H]1CCCN1c1ccn2ncc(C(N)=O)c2n1,8.44,0.0,1
CHEMBL2971,COCCOc1ccc(Nc2nc(N3CCC(CC#N)CC3)nc3cn[nH]c(=O)c23)cc1,7.52,0.0,1
CHEMBL2971,COCCOc1ccc(Nc2nc(N3CCCCCC3)nc3cn[nH]c(=O)c23)cc1,7.52,0.0,1
CHEMBL2971,COCCOc1ccc2cc1CN(C)C/C=C/CCOc1cccc(c1)-c1ccnc(n1)N2,7.21,0.0,1
CHEMBL2971,COCCOc1ccc2cc1CN(C)C/C=C/COCc1ccc(o1)-c1ccnc(n1)N2,5.96,0.0,1
CHEMBL2971,COCCOc1ccc2cc1CN(C)C/C=C/COCc1ccc(s1)-c1ccnc(n1)N2,6.77,0.0,1
CHEMBL2971,COCCS(=O)(=O)N[C@H]1C[C@@H](N(C)c2ncnc3[nH]ccc23)C1,5.57,0.0,1
CHEMBL2971,COCCn1cc(-c2ccc(Nc3nn([C@H]4CCCC[C@@H]4C#N)c4cc[nH]c(=O)c34)cc2)cn1,5.75,0.0,1
CHEMBL2971,COCCn1cc(-c2cnc(N)c(OC(C)c3cc(F)ccc3Cl)c2)cn1,7.96,0.0,1
CHEMBL2971,COCCn1cc(-c2nc(Nc3ccc(NC(=O)CCCCCCC(=O)NO)cc3)nc3[nH]ccc23)cn1,8.64,0.0,1
CHEMBL2971,COCCn1cc(Cc2ncc(C(N)=O)c(NCc3c(F)cccc3F)n2)cn1,8.9,0.0,1
CHEMBL2971,COCCn1cc(Cc2ncc(C(N)=O)c(NCc3c(F)cccc3OC)n2)cn1,9.0,0.0,1
CHEMBL2971,COCCn1cc(Nc2cc(NCc3cccc(NC#N)c3)ncn2)cn1,5.55,0.0,1
CHEMBL2971,COCCn1cc(Nc2ncc(C(N)=O)c(NCc3c(F)cccc3C(F)(F)F)n2)cn1,9.0,0.0,1
CHEMBL2971,COCCn1cc(Nc2ncc(C(N)=O)c(NCc3c(F)cccc3F)n2)cn1,9.01,0.0,1
CHEMBL2971,COCCn1ccc(-c2ccc(Nc3nn([C@@H](CC#N)C4CC4)c4cc[nH]c(=O)c34)cc2)n1,5.61,0.0,1
CHEMBL2971,COCN1CN([C@H]2CC[C@H](CN(C)CC(F)(F)F)CC2)c2c(cnc3[nH]ccc23)C1=O,8.19,0.0,1
CHEMBL2971,COCN1CN([C@H]2CC[C@H](CNCC(F)(F)F)CC2)c2c(cnc3[nH]ccc23)C1=O,8.0,0.0,1
CHEMBL2971,COCN1CN([C@H]2CC[C@H](CNCC(F)F)CC2)c2c(cnc3[nH]ccc23)C1=O,7.75,0.0,1
CHEMBL2971,COCNC(=O)C1CCCN(N(C)c2ncnc3[nH]ccc23)C1,6.83,0.0,1
CHEMBL2971,COC[C@@H](C)OC(=O)Cc1ccc(Nc2cc(Nc3ccccc3OC)c(C(N)=O)cn2)nc1,8.3,0.0,1
CHEMBL2971,COC[C@@H](NC(=O)c1cc(F)c(N(C)[C@@H]2CCN(c3ncnc4[nH]ccc34)C2)c(F)c1)c1ccccc1,10.26,0.0,1
CHEMBL2971,COC[C@@H](O)C(=O)N1CC[C@H](Oc2ccc(-c3ncnc(Nc4ccc(N5CCN(C6COC6)CC5)cc4)n3)cc2C#N)[C@H](F)C1,6.65,0.0,1
CHEMBL2971,COC[C@@H]1CCN(S(=O)(=O)C[C@H]2CC[C@H](N(C)c3ncnc4[nH]ccc34)CC2)C1,7.65,0.0,1
CHEMBL2971,COC[C@H](C)Nc1cc(-c2ccoc2)nc(-n2cnc3ccncc32)n1,6.6,0.3535533905932738,2
CHEMBL2971,COC[C@H](C)Nc1ccnc(-n2cnc3ccc(C#N)cc32)n1,6.91,0.0,1
CHEMBL2971,COC[C@H](C)Nc1nc(-n2cnc3ccncc32)nc2c1cc(C(=O)N1CCN(C)CC1)n2C,6.65,0.0,1
CHEMBL2971,COC[C@H](C)OC(=O)Cc1ccc(Nc2cc(Nc3ccccc3OC)c(C(N)=O)cn2)nc1,8.7,0.0,1
CHEMBL2971,COC[C@H]1CCCN1S(=O)(=O)C[C@H]1CC[C@H](N(C)c2ncnc3[nH]ccc23)CC1,7.25,0.0,1
CHEMBL2971,COC[C@H]1CC[C@H](S(=O)(=O)C[C@H]2C[C@@H](N(C)c3ncnc4[nH]ccc34)C2)CC1,9.47,0.0,1
CHEMBL2971,COC[C@H]1CC[C@H](c2nnn3cnc4[nH]ccc4c23)CC1,6.975,0.7566042558696051,2
CHEMBL2971,COCc1cccc(CC(=O)Nc2ccc(-c3cn[nH]c3)cc2)c1,7.16,0.0,1
CHEMBL2971,COCc1cccc(S(=O)(=O)C[C@H]2C[C@@H](N(C)c3ncnc4[nH]ccc34)C2)c1,9.11,0.0,1
CHEMBL2971,COCc1ccccc1-c1cccc2nc(Nc3ccc4c(c3)CCN(C(=O)OC(C)(C)C)CC4)nn12,6.19,0.0,1
CHEMBL2971,COCc1ccccc1-c1cccc2nc(Nc3ccc4c(c3)CCN(CC(=O)N(C)C)CC4)nn12,7.32,0.0,1
CHEMBL2971,COCc1ccccc1-c1cccc2nc(Nc3ccc4c(c3)CCN(CCS(C)(=O)=O)CC4)nn12,7.56,0.0,1
CHEMBL2971,COCc1ccccc1-c1cccc2nc(Nc3ccc4c(c3)CCNCC4)nn12,5.0,0.0,1
CHEMBL2971,COCc1nc2cnc3[nH]ccc3c2n1[C@H]1CC[C@H](CC#N)CC1,7.99,0.0,1
CHEMBL2971,CONC(=O)c1cc2c(N[C@@H](C)c3ccccc3)nc(-n3cnc4ccncc43)nc2n1C,8.22,0.0,1
CHEMBL2971,CONC(=O)c1cnn2ccc(N3CCC[C@@H]3c3cc(F)ccc3F)nc12,9.22,0.0,1
CHEMBL2971,CONC(=O)c1cnn2ccc(N3CCC[C@@H]3c3cc(F)cnc3CO)nc12,8.75,0.0,1
CHEMBL2971,CONC(=O)c1cnn2ccc(N3CCC[C@@H]3c3cccc(F)c3)nc12,8.16,0.0,1
CHEMBL2971,CONC(=O)c1cnn2ccc(N3CCC[C@@H]3c3cncc(F)c3)nc12,7.31,0.0,1
CHEMBL2971,CO[C@@H](C)C1CCN(S(=O)(=O)C[C@H]2C[C@@H](N(C)c3ncnc4[nH]ccc34)C2)CC1,9.09,0.0,1
CHEMBL2971,CO[C@@H](c1ccc(Nc2nn(C3(CC#N)CCN(C(=O)OC(C)(C)C)CC3)c3cc[nH]c(=O)c23)cc1)C(F)(F)F,8.71,0.0,1
CHEMBL2971,CO[C@@H](c1ccc(Nc2nn([C@]3(CC#N)CC[C@@H](C(=O)OC(C)(C)C)OC3)c3cc[nH]c(=O)c23)cc1)C(F)(F)F,8.99,0.0,1
CHEMBL2971,CO[C@@H]1CCCN(S(=O)(=O)C[C@H]2CC[C@H](N(C)c3ncnc4[nH]ccc34)CC2)C1,7.62,0.0,1
CHEMBL2971,CO[C@@H]1CCCN(S(=O)(=O)C[C@H]2C[C@@H](N(C)c3ncnc4[nH]ccc34)C2)C1,5.88,0.0,1
CHEMBL2971,CO[C@@H]1CCN(C(=O)c2ccc(Nc3nn([C@]4(CC#N)CCCOC4)c4cc[nH]c(=O)c34)cc2C)C1,8.87,0.0,1
CHEMBL2971,CO[C@@H]1CCN(S(=O)(=O)C[C@H]2CC[C@H](N(C)c3ncnc4[nH]ccc34)CC2)C1,7.38,0.0,1
CHEMBL2971,CO[C@@H]1CCN(S(=O)(=O)C[C@H]2C[C@@H](N(C)c3ncnc4[nH]ccc34)C2)C1,5.83,0.0,1
CHEMBL2971,CO[C@@H]1CN(S(=O)(=O)C[C@H]2C[C@@H](N(C)c3ncnc4[nH]ccc34)C2)C[C@H]1F,6.25,0.0,1
CHEMBL2971,CO[C@@H]1C[C@H]2CC[C@@H](C1)N2S(=O)(=O)C[C@H]1C[C@@H](N(C)c2ncnc3[nH]ccc23)C1,5.68,0.0,1
CHEMBL2971,CO[C@H](C)C1CCN(S(=O)(=O)C[C@H]2C[C@@H](N(C)c3ncnc4[nH]ccc34)C2)CC1,8.56,0.0,1
CHEMBL2971,CO[C@H](c1ccc(Nc2nn(C3(CC#N)CCN(C(=O)OC(C)(C)C)CC3)c3cc[nH]c(=O)c23)cc1)C(F)(F)F,8.71,0.0,1
CHEMBL2971,CO[C@H](c1ccc(Nc2nn([C@]3(CC#N)CC[C@@H](C(=O)OC(C)(C)C)OC3)c3cc[nH]c(=O)c23)cc1)C(F)(F)F,9.05,0.0,1
CHEMBL2971,CO[C@H]1CCN(C(=O)c2ccc(Nc3nn([C@]4(CC#N)CCCOC4)c4cc[nH]c(=O)c34)cc2C)C1,8.91,0.0,1
CHEMBL2971,CO[C@H]1CC[C@H](c2nnn3cnc4[nH]ccc4c23)CC1,7.4,0.0,1
CHEMBL2971,CO[C@H]1C[C@@](CC#N)(n2cc(-c3nc(-c4cc(C(N)=O)n[nH]4)cn4nccc34)cn2)C1,6.47,0.0,1
CHEMBL2971,CO[C@H]1C[C@@](CC#N)(n2cc(-c3nc(-c4cc(CO)[nH]n4)cn4nccc34)cn2)C1,6.77,0.0,1
CHEMBL2971,CO[C@H]1C[C@@](CC#N)(n2cc(-c3nc(-c4cnn(C)c4)cn4nccc34)cn2)C1,7.0,0.0,1
CHEMBL2971,CO[C@H]1C[C@H](N2CC(S(=O)(=O)C[C@H]3C[C@@H](N(C)c4ncnc5[nH]ccc45)C3)C2)C1,6.63,0.0,1
CHEMBL2971,CO[C@H]1C[C@](CC#N)(n2cc(-c3nc(-c4cc(CO)[nH]n4)cn4nccc34)cn2)C1,6.6,0.0,1
CHEMBL2971,CO[C@H]1C[C@](CC#N)(n2cc(-c3nc(-c4cc(N)[nH]n4)cn4nccc34)cn2)C1,7.15,0.0,1
CHEMBL2971,CO[C@H]1C[C@](CC#N)(n2cc(-c3nc(-c4cc(N)n(C)n4)cn4nccc34)cn2)C1,6.37,0.0,1
CHEMBL2971,CO[C@H]1C[C@](CC#N)(n2cc(-c3nc(-c4cc(NC(C)=O)[nH]n4)cn4nccc34)cn2)C1,6.33,0.0,1
CHEMBL2971,CO[C@H]1C[C@](CC#N)(n2cc(-c3nc(-c4cn(C)nc4CO)cn4nccc34)cn2)C1,6.49,0.0,1
CHEMBL2971,CO[C@H]1C[C@](CC#N)(n2cc(-c3nc(-c4cnn(C)c4)cn4nccc34)cn2)C1,6.64,0.0,1
CHEMBL2971,CO[C@]1(C(=O)N[C@@H](C)c2ccc(-n3cc(F)cn3)nc2)CC[C@H](c2nc(C)cc(Nc3cc(C)[nH]n3)n2)CC1,8.7,0.0,1
CHEMBL2971,COc1cc(-c2cc(C(N)=O)c3[nH]c4cc(C(=O)N5CCN(C)CC5)ccc4c3c2)ccc1NC(=O)OC(C)(C)C,6.8,0.0,1
CHEMBL2971,COc1cc(-c2cc(C(N)=O)c3[nH]c4ccc(C(=O)N5CCOC(CO)C5)cc4c3c2)cc(OC)c1OC,6.8,0.0,1
CHEMBL2971,COc1cc(-c2cc3c(N[C@@H]4CC[C@](C)(N)C4(C)C)c(C(N)=O)cnn3c2)ccn1,7.44,0.0,1
CHEMBL2971,COc1cc(-c2cc3ncccc3c(-c3ccn(C4(CC#N)CN(S(C)(=O)=O)C4)n3)n2)ccn1,6.14,0.0,1
CHEMBL2971,COc1cc(-c2ccnc(Nc3ccc(N4CCOCC4)cc3)n2)ccc1C(=O)NCC#N,7.52,0.0,1
CHEMBL2971,COc1cc(-c2ccnc(Nc3ccc(N4CCOCC4)cc3)n2)ccc1N,7.8,0.0,1
CHEMBL2971,COc1cc(-c2ccnc(Nc3ccc(N4CCOCC4)cc3)n2)ccc1O,8.52,0.0,1
CHEMBL2971,COc1cc(-c2ccnc(Nc3cccc(N(C)C)c3)n2)ccc1O,7.64,0.0,1
CHEMBL2971,COc1cc(-c2cnc3[nH]cc(C(=O)N[C@H](C)C(=O)N4CC(C#N)C4)c3n2)cc(OC)c1OC,9.1,0.0,1
CHEMBL2971,COc1cc(-c2cnc3cc(C)cc(-c4ccc(CC(=O)N5CCS(=O)(=O)CC5)cc4)c3n2)cc(OC)c1OC,5.38,0.0,1
CHEMBL2971,COc1cc(-c2cnc3cc(F)cc(-c4ccc(CC(=O)N5CCOCC5)cc4)c3n2)cc(OC)c1OC,7.0,0.0,1
CHEMBL2971,COc1cc(-c2cnc3cccc(-c4cc(F)c(CN5CCS(=O)(=O)CC5)c(F)c4)c3n2)ccc1OCCCN1CCOCC1,9.6,0.0,1
CHEMBL2971,COc1cc(-c2cnc3cccc(-c4ccc(C(=O)N5CCOCC5)c(C)c4)c3n2)cc(OC)c1OC,7.7,0.0,1
CHEMBL2971,COc1cc(-c2cnc3cccc(-c4ccc(C(=O)N5CCOCC5)cc4)c3n2)cc(OC)c1OC,7.14,0.0,1
CHEMBL2971,COc1cc(-c2cnc3cccc(-c4ccc(CC(=O)N5CCOCC5)cc4)c3n2)cc(OC)c1OC,7.89,0.0,1
CHEMBL2971,COc1cc(-c2cnc3cccc(-c4ccc(CC(=O)N5CCS(=O)(=O)CC5)cc4)c3n2)cc(OC)c1OC,8.29,0.0,1
CHEMBL2971,COc1cc(-c2cnc3cccc(-c4ccc(CN5CCOCC5)c(C)c4)c3n2)cc(OC)c1OC,6.71,0.0,1
CHEMBL2971,COc1cc(-c2cnc3cccc(-c4ccc(CN5CCOCC5)c(F)c4)c3n2)cc(OC)c1OC,7.7,0.0,1
CHEMBL2971,COc1cc(-c2cnc3cccc(-c4ccc(CN5CCOCC5)cc4)c3n2)cc(OC)c1OC,6.92,0.0,1
CHEMBL2971,COc1cc(-c2cnc3cccc(-c4ccc(CN5CCOCC5)cc4C)c3n2)cc(OC)c1OC,6.16,0.0,1
CHEMBL2971,COc1cc(-c2cnc3cccc(-c4ccc(CN5CCOCC5)cc4F)c3n2)cc(OC)c1OC,6.3,0.0,1
CHEMBL2971,COc1cc(-c2cnc3cccc(-c4ccc(CN5CCS(=O)(=O)CC5)cc4)c3n2)cc(OC)c1OC,7.85,0.0,1
CHEMBL2971,COc1cc(-c2nccc3nc(Nc4ccc5[nH]ccc5c4)nn23)cc(OC)c1OC,7.05,0.0,1
CHEMBL2971,COc1cc(-c2nccc3nc(Nc4ccc5c(ccn5C)c4)nn23)cc(OC)c1OC,6.26,0.0,1
CHEMBL2971,COc1cc(-c2nccc3nc(Nc4cccc5[nH]ccc45)nn23)cc(OC)c1OC,7.13,0.0,1
CHEMBL2971,COc1cc(-c2nccc3nc(Nc4cccc5c4ccn5C)nn23)cc(OC)c1OC,6.15,0.0,1
CHEMBL2971,COc1cc(C(F)(F)F)c(S(=O)(=O)C[C@H]2C[C@@H](N(C)c3ncnc4[nH]ccc34)C2)cn1,9.28,0.0,1
CHEMBL2971,COc1cc(C(F)(F)F)ccc1-c1cccc2nc(Nc3ccc4c(c3)CCN(CCS(C)(=O)=O)CC4)nn12,8.15,0.0,1
CHEMBL2971,COc1cc(C(F)(F)F)ccc1-c1cccc2nc(Nc3ccc4c(c3)CCNCC4)nn12,8.13,0.0,1
CHEMBL2971,COc1cc(C(F)F)ccc1-c1cccn2nc(Nc3ccc(C4CCN(C(=O)OC(C)(C)C)CC4)cc3)nc12,5.85,0.0,1
CHEMBL2971,COc1cc(C(F)F)ccc1-c1cccn2nc(Nc3ccc(C4CCN(CC(=O)N(C)C)CC4)cc3)nc12,7.47,0.0,1
CHEMBL2971,COc1cc(C(F)F)ccc1-c1cccn2nc(Nc3ccc(C4CCNCC4)cc3)nc12,7.18,0.0,1
CHEMBL2971,COc1cc(C)c(S(=O)(=O)C[C@H]2C[C@@H](N(C)c3ncnc4[nH]ccc34)C2)cn1,9.95,0.0,1
CHEMBL2971,COc1cc(CCc2cc(-c3nc4ccc(N5CCN(C)CC5)cc4[nH]3)n[nH]2)cc(OC)c1,5.99,0.0,1
CHEMBL2971,COc1cc(Cl)ccc1-c1cccn2nc(Nc3ccc(C4CCN(CC(=O)N(C)C)CC4)cc3)nc12,7.43,0.0,1
CHEMBL2971,COc1cc(Cl)ccc1-c1cccn2nc(Nc3ccc4c(c3)CCN(CC(=O)N(C)C)C4)nc12,7.67,0.0,1
CHEMBL2971,COc1cc(Cl)ccc1-c1cccn2nc(Nc3ccc4c(c3)CCN(CC(=O)N(C)C)CC4)nc12,8.07,0.0,1
CHEMBL2971,COc1cc(Cl)ccc1-c1cccn2nc(Nc3cccc(C4CCN(CC(=O)N(C)C)CC4)c3)nc12,7.82,0.0,1
CHEMBL2971,COc1cc(Cl)ccc1S(=O)(=O)C[C@H]1C[C@@H](N(C)c2ncnc3[nH]ccc23)C1,9.38,0.0,1
CHEMBL2971,COc1cc(F)c(CC(=O)N2CCN(c3nc(Nc4cc(C)n[nH]4)c4cccn4n3)CC2)c(F)c1,8.74,0.0,1
CHEMBL2971,COc1cc(F)cc(N2CCC(CC#N)(n3cc(C(N)=O)c(Nc4ccc(F)cc4)n3)CC2)c1,7.4,0.0,1
CHEMBL2971,COc1cc(F)ccc1-c1cccn2nc(Nc3ccc4c(c3)CCN(CC(=O)N(C)C)CC4)nc12,7.33,0.0,1
CHEMBL2971,COc1cc(N2CCC(CC#N)(n3cc(C(N)=O)c(Nc4ccc(F)cc4)n3)CC2)ccc1F,7.13,0.0,1
CHEMBL2971,COc1cc(N2CCC(CC#N)(n3cc(C(N)=O)c(Nc4ccc(F)cc4)n3)CC2)ccn1,8.3,0.0,1
CHEMBL2971,COc1cc(N2CCC(N3CCN(C)CC3)CC2)ccc1Nc1ncc(Cl)c(Nc2ccccc2P(C)(C)=O)n1,6.81,0.0,1
CHEMBL2971,COc1cc(N2CCN(C)CC2)ccc1Nc1nc2c(NCc3cccnc3N(C)S(C)(=O)=O)cccn2n1,5.52,0.0,1
CHEMBL2971,COc1cc(N2CCN(C)CC2)ccc1Nc1ncc(Cl)c(NCCc2c(F)cccc2Cl)n1,5.76,0.0,1
CHEMBL2971,COc1cc(N2CCN(C)CC2)ccc1Nc1ncc(Cl)c(NC[C@H]2CCCO2)n1,5.97,0.0,1
CHEMBL2971,COc1cc(N2CCN(C)CC2)ccc1Nc1ncc2ccn(-c3cccc(NS(=O)(=O)C(C)(C)C)c3)c2n1,5.55,0.0,1
CHEMBL2971,COc1cc(N2CCN(C[C@H](C)O)CC2)ccc1Nc1ncc2ccc(-c3ccccc3N(C)S(C)(=O)=O)n2n1,6.42,0.0,1
CHEMBL2971,COc1cc(Nc2cc(N3CCOCC3)nc(N[C@@H](C)c3ncc(F)cn3)n2)n[nH]1,7.76,0.3394112549695431,2
CHEMBL2971,COc1cc(Nc2cc(O[C@H]3CC[C@@H](NC[C@@H](O)C(F)(F)F)CC3)cc3c2ncn3C)nn1C,6.12,0.0,1
CHEMBL2971,COc1cc(Nc2cncc(N[C@@H](C)c3ccc(F)cn3)n2)n[nH]1,8.309999999999999,0.2969848480983493,2
CHEMBL2971,COc1cc(Nc2nc(N[C@@H](C)c3ncc(F)cn3)c(F)c(N3CCOCC3)n2)n[nH]1,7.43,0.0,1
CHEMBL2971,COc1cc(Nc2nc(N[C@@H](C)c3ncc(F)cn3)nc(N3CCOCC3)c2Cl)n[nH]1,7.725,0.9545941546018393,2
CHEMBL2971,COc1cc(Nc2nc(N[C@@H](C)c3ncc(F)cn3)nc(N3CCOCC3)c2F)n[nH]1,8.25,0.21213203435596475,2
CHEMBL2971,COc1cc(Nc2nc(N[C@@H](C)c3ncc(F)cn3)ncc2Br)n[nH]1,7.6850000000000005,1.0111626970967638,2
CHEMBL2971,COc1cc(Nc2nc(N[C@@H](C)c3ncc(F)cn3)ncc2Cl)n[nH]1,7.744999999999999,1.0960155108391483,2
CHEMBL2971,COc1cc(Nc2nc3cccc(-c4ccc(C(=O)N5CCOCC5)cc4)c3o2)cc(OC)c1OC,8.1,0.0,1
CHEMBL2971,COc1cc(Nc2nc3cccc(-c4ccc(CN5CCOCC5)cc4)c3o2)cc(OC)c1OC,7.85,0.0,1
CHEMBL2971,COc1cc(Nc2nc3cccc(-c4ccc(NS(C)(=O)=O)cc4)c3o2)cc(OC)c1OC,8.3,0.0,1
CHEMBL2971,COc1cc(Nc2nc3cccc(-c4ccc5ncccc5c4)c3o2)cc(OC)c1OC,8.1,0.0,1
CHEMBL2971,COc1cc(Nc2nc3cccc(-c4cccc(Cl)c4)c3o2)cc(OC)c1OC,6.36,0.0,1
CHEMBL2971,COc1cc(Nc2nc3cccc(-c4cccc(NS(C)(=O)=O)c4)c3o2)cc(OC)c1OC,6.82,0.0,1
CHEMBL2971,COc1cc(Nc2nc3cccc(-c4cccc5[nH]cnc45)c3o2)cc(OC)c1OC,6.34,0.0,1
CHEMBL2971,COc1cc(Nc2nc3cccc(-c4ccccc4)c3o2)cc(OC)c1OC,7.82,0.0,1
CHEMBL2971,COc1cc(Nc2nc3cccc(-c4ccccn4)c3o2)cc(OC)c1OC,6.96,0.0,1
CHEMBL2971,COc1cc(Nc2ncc(C)c(-c3cc4c(o3)CCN(C(=O)CC#N)C4)n2)cc(OC)c1OC,8.8,0.0,1
CHEMBL2971,COc1cc(Nc2ncc(C)c(N3CCC4(CCNC4=O)CC3)n2)cc(OC)c1OC,8.22,0.0,1
CHEMBL2971,COc1cc(Nc2ncc(F)c(Nc3ccc4c(n3)NC(=O)C(C)(C)O4)n2)cc(OC)c1OC,8.22,0.0,1
CHEMBL2971,COc1cc(Nc2ncc3ccn(-c4ccc(F)c(NS(=O)(=O)C(C)(C)C)c4)c3n2)ccc1N1CCN(C)CC1,7.05,0.0,1
CHEMBL2971,COc1cc(Nc2ncc3ccn(-c4ccc(F)c(NS(=O)(=O)C5CC5)c4)c3n2)ccc1N1CCN(C)CC1,7.54,0.0,1
CHEMBL2971,COc1cc(Nc2ncc3ccn(-c4cccc(NS(=O)(=O)C(C)(C)C)c4)c3n2)ccc1N1CCC(N(C)C)CC1,8.7,0.0,1
CHEMBL2971,COc1cc(Nc2ncc3ccn(-c4cccc(NS(=O)(=O)C(C)(C)C)c4)c3n2)ccc1N1CCN(C)CC1,8.28,0.0,1
CHEMBL2971,COc1cc(Nc2ncc3ccn(-c4cccc(NS(=O)(=O)C(C)(C)C)c4)c3n2)ccc1N1CCNCC1,8.55,0.0,1
CHEMBL2971,COc1cc(Nc2ncc3ccn(-c4cccc(NS(=O)(=O)C5CC5)c4)c3n2)ccc1N1CCN(C)CC1,7.82,0.0,1
CHEMBL2971,COc1cc(Nc2ncc3ccn(-c4ccccn4)c3n2)cc(OC)c1OC,8.23,0.0,1
CHEMBL2971,COc1cc(Nc2ncc3scc(-c4cccc(NS(=O)(=O)C(C)(C)C)c4)c3n2)ccc1N1CCC(N(C)C)CC1,9.0,0.0,1
CHEMBL2971,COc1cc(Nc2ncc3scc(-c4cccc(NS(=O)(=O)C(C)(C)C)c4)c3n2)ccc1N1CCNCC1,8.4,0.0,1
CHEMBL2971,COc1cc(Nc2nccc(-c3cc(C(=O)N[C@@H](C)CN4CCC4)n(C)n3)n2)cc(OC)c1,6.01,0.0,1
CHEMBL2971,COc1cc(Nc2nccc(-c3ccc(Cl)cc3)n2)cc(OC)c1OC,4.67,0.0,1
CHEMBL2971,COc1cc(Nc2ncnc(-c3ccc(OC4CCOCC4)c(C#N)c3)n2)cc(F)c1N1CCN(C2COC2)CC1,6.17,0.0,1
CHEMBL2971,COc1cc(Nc2ncnc(-c3ccc(OC4CCOCC4)c(C#N)c3)n2)ccc1N1CCN(C(C)=O)CC1,4.17,0.0,1
CHEMBL2971,COc1cc(Nc2ncnc(-c3ccc(OC4CCOCC4)c(C#N)c3)n2)ccc1N1CCN(C)CC1,4.28,0.0,1
CHEMBL2971,COc1cc(Nc2ncnc(-c3ccc(OC4CCOCC4)c(C#N)c3)n2)ccc1N1CCN(C2COC2)CC1,6.9,0.0,1
CHEMBL2971,COc1cc(Nc2ncnc(-c3ccc(OC4CCS(=O)(=O)CC4)c(C#N)c3)n2)ccc1N1CCN(C2COC2)CC1,5.73,2.1213203435596424,2
CHEMBL2971,COc1cc(Nc2ncnc(-c3ccc(O[C@@H]4CCC(=O)NC4)c(C#N)c3)n2)ccc1N1CCN(C2COC2)CC1,4.26,0.0,1
CHEMBL2971,COc1cc(Nc2ncnc(-c3ccc(O[C@@H]4CCN(C(=O)CO)C4)c(C#N)c3)n2)ccc1N1CCN(C2COC2)CC1,6.89,0.0,1
CHEMBL2971,COc1cc(Nc2ncnc(-c3ccc(O[C@H]4CCN(C(=O)C5CCC(=O)N5)C[C@H]4F)c(C#N)c3)n2)ccc1N1CCN(C2COC2)CC1,5.86,2.1213203435596424,2
CHEMBL2971,COc1cc(Nc2ncnc(-c3ccc(O[C@H]4CCN(C(=O)CC#N)C[C@H]4F)c(C#N)c3)n2)ccc1N1CCC(N2CCOCC2)CC1,5.71,2.1213203435596424,2
CHEMBL2971,COc1cc(Nc2ncnc(-c3ccc(O[C@H]4CCN(C(=O)CC#N)C[C@H]4F)c(C#N)c3)n2)ccc1N1CCN(C2COC2)CC1,4.58,0.0,1
CHEMBL2971,COc1cc(Nc2ncnc(-c3ccc(O[C@H]4CCN(C(=O)CCO)C[C@H]4F)c(C#N)c3)n2)ccc1N1CCN(C2COC2)CC1,6.96,0.0,1
CHEMBL2971,COc1cc(Nc2ncnc(-c3ccc(O[C@H]4CCN(C(=O)CO)CC4(F)F)c(C#N)c3)n2)ccc1N1CCN(C2COC2)CC1,6.25,2.1213203435596424,2
CHEMBL2971,COc1cc(Nc2ncnc(-c3ccc(O[C@H]4CCN(C(=O)CO)C[C@H]4F)c(C#N)c3)n2)ccc1N1CCC(N2CCOCC2)CC1,4.55,0.0,1
CHEMBL2971,COc1cc(Nc2ncnc(-c3ccc(O[C@H]4CCN(C(=O)CO)C[C@H]4F)c(C#N)c3)n2)ccc1N1CCN(C)C[C@@H]1C,4.31,0.0,1
CHEMBL2971,COc1cc(Nc2ncnc(-c3ccc(O[C@H]4CCN(C(=O)CO)C[C@H]4F)c(C#N)c3)n2)ccc1N1CCN(C2COC2)CC1,4.58,0.0,1
CHEMBL2971,COc1cc(Nc2ncnc(-c3ccc(O[C@H]4CCN(C(=O)[C@@H](O)CO)CC4(F)F)c(C#N)c3)n2)ccc1N1CCN(C2COC2)CC1,4.24,0.0,1
CHEMBL2971,COc1cc(Nc2ncnc(-c3ccc(O[C@H]4CCN(C(=O)[C@@H](O)CO)C[C@H]4F)c(C#N)c3)n2)ccc1N1CCN(C2COC2)CC1,4.16,0.0,1
CHEMBL2971,COc1cc(Nc2ncnc(-c3ccc(O[C@H]4CCN(C(=O)[C@H](C)O)CC4(F)F)c(C#N)c3)n2)ccc1N1CCN(C2COC2)CC1,4.17,0.0,1
CHEMBL2971,COc1cc(Nc2ncnc(-c3ccc(O[C@H]4CCN(C(=O)[C@H](C)O)C[C@H]4F)c(C#N)c3)n2)ccc1N1CCC(N2CCOCC2)CC1,5.64,2.1213203435596424,2
CHEMBL2971,COc1cc(Nc2ncnc(-c3ccc(O[C@H]4CCN(C(=O)[C@H](C)O)C[C@H]4F)c(C#N)c3)n2)ccc1N1CCN(C)C[C@@H]1C,5.6,2.1213203435596424,2
CHEMBL2971,COc1cc(Nc2ncnc(-c3ccc(O[C@H]4CCN(C(=O)[C@H](C)O)C[C@H]4F)c(C#N)c3)n2)ccc1N1CCN(C2COC2)CC1,4.26,0.0,1
CHEMBL2971,COc1cc(Nc2ncnc(-c3ccc(O[C@H]4CCN(C(=O)[C@H](O)CO)C[C@H]4F)c(C#N)c3)n2)ccc1N1CCN(C2COC2)CC1,5.82,2.1213203435596424,2
CHEMBL2971,COc1cc(Nc2nn(C3(CC#N)CCN(C(=O)OC(C)(C)C)CC3)cc2C(N)=O)ccn1,6.84,0.0,1
CHEMBL2971,COc1cc(Nc2nn(C3(CC#N)CCN(C(=O)OCC(F)F)CC3)cc2C(N)=O)ccn1,6.46,0.0,1
CHEMBL2971,COc1cc(Nc2nn(C3COCC[C@@H]3C#N)c3cc[nH]c(=O)c23)ccc1F,5.6,0.0,1
CHEMBL2971,COc1cc(Nc2nn([C@H]3COCC[C@@H]3C#N)cc2C(N)=O)ccc1C#N,8.48,0.0,1
CHEMBL2971,COc1cc(Nc2nn([C@H]3COCC[C@@H]3C#N)cc2C(N)=O)ccc1Cl,8.41,0.0,1
CHEMBL2971,COc1cc(S(=O)(=O)C[C@H]2C[C@@H](N(C)c3ncnc4[nH]ccc34)C2)c(C)cn1,9.5,0.0,1
CHEMBL2971,COc1cc(S(=O)(=O)C[C@H]2C[C@@H](N(C)c3ncnc4[nH]ccc34)C2)ccn1,9.94,0.0,1
CHEMBL2971,COc1cc(S(=O)(=O)C[C@H]2C[C@@H](N(C)c3ncnc4[nH]ccc34)C2)cnc1C,9.74,0.0,1
CHEMBL2971,COc1cc(S(=O)(=O)C[C@H]2C[C@@H](N(C)c3ncnc4[nH]ccc34)C2)cnc1OC,9.65,0.0,1
CHEMBL2971,COc1cc2c(=O)n(C(C(=O)NCC(F)(F)F)C(C)C)c3c4cc[nH]c4ncc3c2cc1OC,6.96,0.0,1
CHEMBL2971,COc1cc2c(=O)n(C3CCCCC3)c3c4cc[nH]c4ncc3c2cc1OC,8.97,0.0,1
CHEMBL2971,COc1cc2c(=O)n(C3CCCCCC3)c3c4cc[nH]c4ncc3c2cc1OC,9.05,0.0,1
CHEMBL2971,COc1cc2c(=O)n(C3CCCCCCC3)c3c4cc[nH]c4ncc3c2cc1OC,8.74,0.0,1
CHEMBL2971,COc1cc2c(=O)n(C3CCCNC3)c3c4cc[nH]c4ncc3c2cc1OC,8.05,0.0,1
CHEMBL2971,COc1cc2c(=O)n(C3CCN(C)CC3)c3c4cc[nH]c4ncc3c2cc1OC,7.43,0.0,1
CHEMBL2971,COc1cc2c(=O)n(C3CCNCC3)c3c4cc[nH]c4ncc3c2cc1OC,7.83,0.0,1
CHEMBL2971,COc1cc2c(=O)n(CC(=O)OC(C)(C)C)c3c4cc[nH]c4ncc3c2cc1OC,7.85,0.0,1
CHEMBL2971,COc1cc2c(=O)n(CC3CCCCC3)c3c4cc[nH]c4ncc3c2cc1OC,8.45,0.0,1
CHEMBL2971,COc1cc2c(=O)n(CCCN(C)C)c3c4cc[nH]c4ncc3c2cc1OC,7.14,0.0,1
CHEMBL2971,COc1cc2c(=O)n([C@@H](C(=O)N3CC(C#N)C3)C(C)C)c3c4cc[nH]c4ncc3c2cc1OC,5.93,0.0,1
CHEMBL2971,COc1cc2c(=O)n([C@@H]3CCCN(C(=O)CC#N)C3)c3c4cc[nH]c4ncc3c2cc1OC,8.51,0.0,1
CHEMBL2971,COc1cc2c(=O)n([C@@H]3CCCNC3)c3c4cc[nH]c4ncc3c2cc1OC,8.05,0.0,1
CHEMBL2971,COc1cc2c(=O)n([C@@H]3CCNC3)c3c4cc[nH]c4ncc3c2cc1OC,7.42,0.0,1
CHEMBL2971,COc1cc2c(Oc3ccc(-c4cnc(Nc5ccc(F)cc5)n(C)c4=O)cc3F)ccnc2cc1OCCCN1CCOCC1,5.47,0.0,1
CHEMBL2971,COc1cc2cc(c1OCCN1CCCC1)CN(C)C/C=C/CCOc1cccc(c1)-c1ccnc(n1)N2,6.68,0.0,1
CHEMBL2971,COc1cc2cc(c1OCCN1CCCC1)COCC=CCOCc1cccc(c1)-c1ccnc(n1)N2,7.44,0.0,1
CHEMBL2971,COc1cc2nccc(Oc3ccc(NC(=O)c4c(C)n(C)n(-c5ccccc5)c4=O)cc3F)c2cc1OC,6.0,0.0,1
CHEMBL2971,COc1cc2ncnc(N(C)[C@@H]3CCN(c4ncnc5[nH]ccc45)C3)c2cc1OC,10.26,0.0,1
CHEMBL2971,COc1ccc(-c2cc(C(N)=O)c3[nH]c4cc(C(=O)N5CCCC(C)(O)C5)ccc4c3c2)cc1F,9.0,0.0,1
CHEMBL2971,COc1ccc(-c2cc(C(N)=O)c3[nH]c4cc(C(=O)N5CCN(C)CC5)ccc4c3c2)cc1,8.26,0.0,1
CHEMBL2971,COc1ccc(-c2cc(C(N)=O)c3[nH]c4cc(C(=O)N5CCN(C)CC5)ccc4c3c2)cc1F,8.22,0.0,1
CHEMBL2971,COc1ccc(-c2cc(C(N)=O)c3[nH]c4cc(C(=O)N5CCOCC5)ccc4c3c2)cc1F,8.205,0.07778174593051983,2
CHEMBL2971,COc1ccc(-c2cc(C(N)=O)c3[nH]c4cc(C(=O)O)ccc4c3c2)cc1F,6.96,0.0,1
CHEMBL2971,COc1ccc(-c2cc(C(N)=O)c3[nH]c4cc(N5CCN(C)CC5)ccc4c3n2)cc1F,9.0,0.0,1
CHEMBL2971,COc1ccc(-c2cc(C(N)=O)c3[nH]c4cc(N5CCOCC5)ccc4c3n2)cc1F,9.0,0.0,1
CHEMBL2971,COc1ccc(-c2cc(C(N)=O)c3[nH]c4ccc(C(=O)N5CCC(O)CC5)cc4c3c2)cc1F,9.0,0.0,1
CHEMBL2971,COc1ccc(-c2cc(C(N)=O)c3[nH]c4ccc(C(=O)N5CCC[C@H](O)C5)cc4c3c2)cc1F,8.7,0.0,1
CHEMBL2971,COc1ccc(-c2cc(C(N)=O)c3[nH]c4ccc(C(=O)N5CCN(C(=O)C6CC6)CC5)cc4c3c2)cc1F,9.0,0.0,1
CHEMBL2971,COc1ccc(-c2cc(C(N)=O)c3[nH]c4ccc(C(=O)N5CCOCC5)cc4c3c2)cc1,8.7,0.0,1
CHEMBL2971,COc1ccc(-c2cc(C(N)=O)c3[nH]c4ccc(C(=O)N5CCOCC5)cc4c3c2)cc1OC,8.22,0.0,1
CHEMBL2971,COc1ccc(-c2cc(C(N)=O)c3[nH]c4ccc(C(=O)N5C[C@@H]6C[C@H]5CO6)cc4c3c2)cc1F,9.0,0.0,1
CHEMBL2971,COc1ccc(-c2cc(C(N)=O)c3nc4[nH]c(OC)ccc-4c3n2)cc1,6.96,0.0,1
CHEMBL2971,COc1ccc(-c2cc(N[C@@H](C)c3ccccc3)nc(-n3cnc4ccncc43)n2)cc1OC,7.92,0.0,1
CHEMBL2971,COc1ccc(-c2cc3c(NC(CO)CO)c(C(N)=O)cnn3c2)cn1,6.62,0.0,1
CHEMBL2971,COc1ccc(-c2cc3c(NC(CO)[C@H](O)C4CC4)c(C(N)=O)cnn3c2)cn1,6.6,1.0606601717798212,2
CHEMBL2971,COc1ccc(-c2cc3c(N[C@@H]4CC[C@](C)(N)C4(C)C)c(C(N)=O)cnn3c2)cc1,7.82,0.0,1
CHEMBL2971,COc1ccc(-c2cc3c(N[C@@H]4CC[C@](C)(N)C4(C)C)c(C(N)=O)cnn3c2)cn1,7.82,0.0,1
CHEMBL2971,COc1ccc(-c2cc3c(N[C@H](CO)CC(C)C)c(C(N)=O)cnn3c2)cn1,7.52,0.0,1
CHEMBL2971,COc1ccc(-c2cc3c(N[C@H](CO)CC4CC4)c(C(N)=O)cnn3c2)cn1,7.6,0.0,1
CHEMBL2971,COc1ccc(-c2cc3c(N[C@H](CO)[C@@H](C)O)c(C(N)=O)cnn3c2)cn1,7.24,0.0,1
CHEMBL2971,COc1ccc(-c2cc3ncc(C(N)=O)c(N[C@@H]4CCN(c5ccc(C#N)nn5)CC4(C)C)n3n2)cc1,7.72,0.0,1
CHEMBL2971,COc1ccc(-c2cc3ncc(C(N)=O)c(N[C@@H]4CCN(c5ccc(C#N)nn5)CC4(C)C)n3n2)cn1,7.56,0.0,1
CHEMBL2971,COc1ccc(-c2cc3ncccc3c(-c3ccn(C4(CC#N)CN(CC(F)(F)F)C4)n3)n2)cn1,6.04,0.0,1
CHEMBL2971,COc1ccc(-c2ccc3cnc(Nc4ccc(C5CCN(C[C@H](C)O)CC5)cc4)nn23)cn1,9.3,0.0,1
CHEMBL2971,COc1ccc(-c2ccc3cnc(Nc4ccc(N5CCN(C)CC5)c(Cl)c4)nn23)cn1,9.4,0.0,1
CHEMBL2971,COc1ccc(-c2ccc3cnc(Nc4ccc(N5CCN(C)CC5)c(F)c4)nn23)cn1,9.4,0.0,1
CHEMBL2971,COc1ccc(-c2ccc3cnc(Nc4ccc(N5CCN(C)CC5)cc4)nn23)cn1,9.52,0.0,1
CHEMBL2971,COc1ccc(-c2cccc(Nc3nn(C4(CC#N)CCN(C(=O)OC(C)(C)C)CC4)cc3C(N)=O)c2)cc1,6.02,0.0,1
CHEMBL2971,COc1ccc(-c2cccc3nc(NC(=O)C4CC4)nn23)cc1,6.86,0.0,1
CHEMBL2971,COc1ccc(-c2cccc3nc(Nc4cc(OC)c(OC)c(OC)c4)oc23)cc1,6.08,0.0,1
CHEMBL2971,COc1ccc(-c2cccn3nc(Nc4ccc(C5CCN(C(=O)OC(C)(C)C)CC5)cc4)nc23)c(F)c1,6.79,0.0,1
CHEMBL2971,COc1ccc(-c2cccn3nc(Nc4ccc(C5CCN(CC(=O)N(C)C)CC5)cc4)nc23)c(F)c1,8.36,0.0,1
CHEMBL2971,COc1ccc(-c2cccn3nc(Nc4ccc(C5CCNCC5)cc4)nc23)c(F)c1,8.04,0.0,1
CHEMBL2971,COc1ccc(-c2cccn3nc(Nc4ccc(N5CCOCC5)cc4)nc23)cn1,7.87,0.0,1
CHEMBL2971,COc1ccc(-c2nc(C(N)=O)c3[nH]c4cc(OC)ccc4c3n2)cc1,6.77,0.0,1
CHEMBL2971,COc1ccc(-c2nc(Nc3ccc(N4CCC5(CC4)CC5C(=O)O)cc3)c3c(=O)[nH]ncc3n2)cc1,7.12,0.0,1
CHEMBL2971,COc1ccc(-c2nc(Nc3cccc(NC(=O)CN)c3)nc3[nH]cnc23)cc1OC,6.48,0.0,1
CHEMBL2971,COc1ccc(-n2cc(Nc3ncc(Cl)c(NC4CC5CN(C(=O)CC#N)CC5C4)n3)cn2)cn1,7.8,0.0,1
CHEMBL2971,COc1ccc(C(=O)N2CCC(CC#N)(n3cc(C(N)=O)c(Nc4ccccc4)n3)CC2)cc1,6.86,0.0,1
CHEMBL2971,COc1ccc(C(=O)N2CCC(CC#N)(n3cc(C(N)=O)c(Nc4ccccc4)n3)CC2)cc1OC,6.35,0.0,1
CHEMBL2971,COc1ccc(C(=O)Nc2c[nH]nc2-c2nc(-c3ccc(CN4CCOCC4)cc3)c[nH]2)cc1,7.85,0.0,1
CHEMBL2971,COc1ccc(C(F)(F)F)cc1-c1cccc2nc(Nc3ccc4c(c3)CCN(CC(=O)N(C)C)CC4)nn12,7.27,0.0,1
CHEMBL2971,COc1ccc(C(F)(F)F)cc1-c1cccc2nc(Nc3ccc4c(c3)CCN(CCSC)CC4)nn12,7.57,0.0,1
CHEMBL2971,COc1ccc(C(F)(F)F)cc1-c1cccc2nc(Nc3ccc4c(c3)CCNCC4)nn12,7.63,0.0,1
CHEMBL2971,COc1ccc(C(F)(F)F)cc1-c1cccn2nc(Nc3ccc(C4CCN(C(=O)OC(C)(C)C)CC4)cc3)nc12,5.19,0.0,1
CHEMBL2971,COc1ccc(C(F)(F)F)cc1-c1cccn2nc(Nc3ccc(C4CCN(CC(=O)N(C)C)CC4)cc3)nc12,7.22,0.0,1
CHEMBL2971,COc1ccc(C(F)(F)F)cc1-c1cccn2nc(Nc3ccc(C4CCNCC4)cc3)nc12,7.1,0.0,1
CHEMBL2971,COc1ccc(C(F)(F)F)cc1-c1cccn2nc(Nc3ccc(N4CCN(C)CC4)cc3)nc12,7.5,0.0,1
CHEMBL2971,COc1ccc(C(F)(F)F)cc1-c1cccn2nc(Nc3ccc(OCCN4CCCC4)cc3)nc12,7.13,0.0,1
CHEMBL2971,COc1ccc(C(F)(F)F)cc1-c1cccn2nc(Nc3ccc(OCCN4CCOCC4)cc3)nc12,7.07,0.0,1
CHEMBL2971,COc1ccc(C(F)(F)F)cc1-c1cccn2nc(Nc3ccc4c(c3)CCN(C(=O)OC(C)(C)C)C4)nc12,5.94,0.0,1
CHEMBL2971,COc1ccc(C(F)(F)F)cc1-c1cccn2nc(Nc3ccc4c(c3)CCN(CC(=O)N(C)C)C4)nc12,7.38,0.0,1
CHEMBL2971,COc1ccc(C(F)(F)F)cc1-c1cccn2nc(Nc3ccc4c(c3)CCN(CC(=O)N(C)C)CC4)nc12,7.26,0.0,1
CHEMBL2971,COc1ccc(C(F)(F)F)cc1-c1cccn2nc(Nc3ccc4c(c3)CCN(CCS(C)(=O)=O)CC4)nc12,7.89,0.0,1
CHEMBL2971,COc1ccc(C(F)(F)F)cc1-c1cccn2nc(Nc3ccc4c(c3)CCNC4)nc12,7.38,0.0,1
CHEMBL2971,COc1ccc(C(F)(F)F)cc1-c1cccn2nc(Nc3cccc(C4CCN(C(=O)OC(C)(C)C)CC4)c3)nc12,5.0,0.0,1
CHEMBL2971,COc1ccc(C(F)(F)F)cc1-c1cccn2nc(Nc3cccc(C4CCN(CC(=O)N(C)C)CC4)c3)nc12,7.12,0.0,1
CHEMBL2971,COc1ccc(C(F)(F)F)cc1-c1cccn2nc(Nc3cccc(C4CCNCC4)c3)nc12,7.54,0.0,1
CHEMBL2971,COc1ccc(C(F)(F)F)cc1-c1cccn2nc(Nc3cccc(N4CCN(C)CC4)c3)nc12,6.8,0.0,1
CHEMBL2971,COc1ccc(C(F)(F)F)cc1Nc1cccn2nc(Nc3cccc(N4CCN(C)CC4)c3)nc12,5.52,0.0,1
CHEMBL2971,COc1ccc(C(N)=O)cc1NCc1ccc(-c2cccc3nc(NC(=O)C4CC4)nn23)cc1,6.12,0.0,1
CHEMBL2971,COc1ccc(C(O)(CN[C@H]2CC[C@H](c3nnn4cnc5[nH]ccc5c34)CC2)C(F)(F)F)cc1,7.6,0.0,1
CHEMBL2971,COc1ccc(C(O)(CN[C@H]2CC[C@H](c3nnn4cnc5[nH]ccc5c34)CC2)C(F)(F)F)cc1OC,7.05,0.0,1
CHEMBL2971,COc1ccc(C(O)(CN[C@H]2CC[C@H](c3nnn4cnc5[nH]ccc5c34)CC2)C(F)(F)F)cn1,7.5,0.0,1
CHEMBL2971,COc1ccc(C)cc1NC(=O)N1CC(CC#N)(n2cc(C(N)=O)c(Nc3ccccc3)n2)C1,6.78,0.0,1
CHEMBL2971,COc1ccc(CC(=O)N2CCC(CC#N)(n3cc(C(N)=O)c(Nc4ccccc4)n3)CC2)cc1,7.08,0.0,1
CHEMBL2971,COc1ccc(CC(=O)N2CCN(c3nc(Nc4cc(C)[nH]n4)c4cccn4n3)CC2)cc1,8.92,0.0,1
CHEMBL2971,COc1ccc(CN(C)C(=O)c2ccc(-c3cccc4nc(NC(=O)C5CC5)nn34)cc2)cc1,6.52,0.0,1
CHEMBL2971,COc1ccc(CN2C3CC2CN(c2ccc(-c4nc(-c5cnn(C)c5)cc5ncccc45)cn2)C3)cc1C#N,5.58,0.0,1
CHEMBL2971,COc1ccc(CN2CCC(CC#N)(n3cc(C(N)=O)c(Nc4ccnc(F)c4)n3)CC2)cc1,7.8,0.0,1
CHEMBL2971,COc1ccc(CN2CCC(c3nnn4cnc5[nH]ccc5c34)CC2)cc1F,6.725,0.06363961030678918,2
CHEMBL2971,COc1ccc(CN2CCC(c3nnn4cnc5[nH]ccc5c34)CC2)cn1,6.96,0.0,1
CHEMBL2971,COc1ccc(CNC[C@H]2CC[C@H](c3nnn4cnc5[nH]ccc5c34)CC2)cc1,7.0,0.0,1
CHEMBL2971,COc1ccc(CNc2cccn3nc(Nc4ccc(N5CCN(C)CC5)cc4)nc23)cc1,5.52,0.0,1
CHEMBL2971,COc1ccc(CNc2cccn3nc(Nc4cccc(N5CCN(C)CC5)c4)nc23)cc1,5.0,0.0,1
CHEMBL2971,COc1ccc(CNc2nccc(-c3cc(C(N)=O)c(-c4cc(Cl)ccc4C)[nH]3)n2)cc1,6.41,0.0,1
CHEMBL2971,COc1ccc(Cl)c(Nc2nc(-n3cnc4ccncc43)nc3c2cc(C(=O)N2CCN(C)CC2)n3C)c1,6.88,0.0,1
CHEMBL2971,COc1ccc(Cl)c(S(=O)(=O)C[C@H]2C[C@@H](N(C)c3ncnc4[nH]ccc34)C2)c1,9.19,0.0,1
CHEMBL2971,COc1ccc(Cl)cc1-c1[nH]c(-c2ccnc(N)n2)cc1C(N)=O,6.51,0.0,1
CHEMBL2971,COc1ccc(F)c(-c2cc3ncc(C(N)=O)c(N[C@@H]4CCN(c5ccc(C#N)nn5)CC4(C)C)n3n2)c1,7.23,0.0,1
CHEMBL2971,COc1ccc(F)cc1-c1c[nH]c2ncnc(-c3ccccc3)c12,7.15,0.0,1
CHEMBL2971,COc1ccc(F)cc1-c1cccn2nc(Nc3ccc4c(c3)CCN(CC(=O)N(C)C)CC4)nc12,7.95,0.0,1
CHEMBL2971,COc1ccc(F)cc1S(=O)(=O)C[C@H]1C[C@@H](N(C)c2ncnc3[nH]ccc23)C1,9.51,0.0,1
CHEMBL2971,COc1ccc(N(C(=O)Oc2c(C)cccc2C)c2ccnc(Nc3cc(OC)c(OCCCN4CCN(C)CC4)c(OC)c3)n2)c(OC)c1,6.62,0.0,1
CHEMBL2971,COc1ccc(N2CCC(CC#N)(n3cc(C(N)=O)c(Nc4ccc(F)cc4)n3)CC2)cc1OC,6.81,0.0,1
CHEMBL2971,COc1ccc(N2CCC(CC#N)(n3cc(C(N)=O)c(Nc4ccc(F)cc4)n3)CC2)cn1,8.05,0.0,1
CHEMBL2971,COc1ccc(NC(=O)N2CC(CC#N)(n3cc(C(N)=O)c(Nc4ccccc4)n3)C2)c(C)c1,6.63,0.0,1
CHEMBL2971,COc1ccc(NC(=O)c2ccc(-c3cccc4nc(NC(=O)C5CC5)nn34)cc2)cn1,6.52,0.0,1
CHEMBL2971,COc1ccc(Nc2nc(N3CCOCC3)c3nc[nH]c3n2)cc1OC,6.96,0.0,1
CHEMBL2971,COc1ccc(Nc2nc(Nc3cnn(CCCCCCC(=O)NO)c3)ncc2Cl)cc1,8.0,0.0,1
CHEMBL2971,COc1ccc(Nc2nc3c(-c4ccc(S(C)(=O)=O)cc4)cccn3n2)cc1,9.0,0.0,1
CHEMBL2971,COc1ccc(Nc2nc3c(-c4cn[nH]c4)cccn3n2)cc1,7.49,0.0,1
CHEMBL2971,COc1ccc(Nc2nc3c(-c4cnn(S(C)(=O)=O)c4)cccn3n2)cc1,8.52,0.0,1
CHEMBL2971,COc1ccc(Nc2nc3c(C4=CCN(S(C)(=O)=O)CC4)cccn3n2)cc1,9.0,0.0,1
CHEMBL2971,COc1ccc(Nc2nc3c(N4CCN(C)CC4)cccn3n2)cc1,6.36,0.0,1
CHEMBL2971,COc1ccc(Nc2nc3c(N4CCN(S(C)(=O)=O)CC4)cccn3n2)cc1,7.22,0.0,1
CHEMBL2971,COc1ccc(Nc2nc3c(N4CCS(=O)(=O)CC4)cccn3n2)cc1,6.25,0.0,1
CHEMBL2971,COc1ccc(Nc2nc3c(NC4CCN(S(C)(=O)=O)CC4)cccn3n2)cc1,6.43,0.0,1
CHEMBL2971,COc1ccc(Nc2nc3c(NCc4ccccc4OC)cccn3n2)cn1,7.37,0.0,1
CHEMBL2971,COc1ccc(Nc2nc3c(Nc4ccc(S(C)(=O)=O)cc4)cccn3n2)cc1,6.33,0.0,1
CHEMBL2971,COc1ccc(Nc2nc3c(Nc4ccccc4S(C)(=O)=O)cccn3n2)cc1,7.89,0.0,1
CHEMBL2971,COc1ccc(Nc2nc3cccc(-c4ccc(CN5CCS(=O)(=O)CC5)cc4)n3n2)cc1,9.0,0.0,1
CHEMBL2971,COc1ccc(Nc2nc3cccc(-c4ccc(S(C)(=O)=O)cc4)n3n2)cc1,8.72,0.0,1
CHEMBL2971,COc1ccc(Nc2nc3ccnc(-c4cc(OC)c(OC)c(OC)c4)n3n2)cc1N,6.49,0.0,1
CHEMBL2971,COc1ccc(Nc2ncc(C)c(N3CCC4(CCNC4=O)CC3)n2)cc1F,6.78,0.0,1
CHEMBL2971,COc1ccc(Nc2ncc(C)c(N3CCC4(CCNC4=O)CC3)n2)cc1N,6.45,0.0,1
CHEMBL2971,COc1ccc(Nc2ncc(C)c(N3CCC4(CCNC4=O)CC3)n2)cc1OC,6.44,0.0,1
CHEMBL2971,COc1ccc(Nc2ncc3ccc(-c4ccccc4OC)n3n2)cc1,9.3,0.0,1
CHEMBL2971,COc1ccc(Nc2nccc(-c3cn(C)c4ccccc34)n2)cc1OCCOCCn1ccnc1[N+](=O)[O-],7.51,0.0,1
CHEMBL2971,COc1ccc(S(=O)(=O)C[C@H]2C[C@@H](N(C)c3ncnc4[nH]ccc34)C2)c(C(F)(F)F)n1,9.72,0.0,1
CHEMBL2971,COc1ccc(S(=O)(=O)C[C@H]2C[C@@H](N(C)c3ncnc4[nH]ccc34)C2)c(C)n1,9.59,0.0,1
CHEMBL2971,COc1ccc(S(=O)(=O)C[C@H]2C[C@@H](N(C)c3ncnc4[nH]ccc34)C2)c(F)c1,9.4,0.0,1
CHEMBL2971,COc1ccc(S(=O)(=O)C[C@H]2C[C@@H](N(C)c3ncnc4[nH]ccc34)C2)cc1,9.64,0.0,1
CHEMBL2971,COc1ccc(S(=O)(=O)C[C@H]2C[C@@H](N(C)c3ncnc4[nH]ccc34)C2)cn1,10.09,0.0,1
CHEMBL2971,COc1ccc(S(=O)(=O)N2CCC(CC#N)(n3cc(C(N)=O)c(Nc4ccccc4)n3)CC2)cc1,8.52,0.0,1
CHEMBL2971,COc1ccc(S(=O)(=O)N2CC[C@@H](N(C)c3ncnc4[nH]ccc34)C2)cc1,5.82,0.0,1
CHEMBL2971,COc1ccc(S(=O)(=O)N2CCc3cc(Nc4ncc(C)c(-c5cnn(C(C)C)c5)n4)ccc32)cc1,7.62,0.0,1
CHEMBL2971,COc1ccc(S(=O)(=O)N2C[C@H](N(C)c3ncnc4[nH]ccc34)C3(CC3)C2)cc1,6.75,0.0,1
CHEMBL2971,COc1ccc(S(=O)(=O)N[C@@H]2C[C@H](NC#N)c3cc(-c4ncnc5[nH]ccc45)ccc32)cc1,5.59,0.0,1
CHEMBL2971,COc1ccc2c(-c3cnc4[nH]cc(C(=O)N[C@H](C)C(=O)N5CC(C#N)C5)c4n3)nn(C)c2c1,7.8,0.0,1
CHEMBL2971,COc1ccc2c(=O)n(-c3cccc(-c4c(Cl)cc(C(N)=O)c5[nH]c6cc(C(C)(C)O)ccc6c45)c3C)c(=O)n(C)c2c1,5.82,0.0,1
CHEMBL2971,COc1ccc2c(Nc3cn(C)cn3)nc(NC(C)c3ncc(F)cn3)nc2c1,7.62,0.0,1
CHEMBL2971,COc1ccc2c(Oc3ccc(NC(=O)c4c(C)n(CC(C)(C)O)n(-c5ccccc5)c4=O)nc3)ccnc2c1,4.6,0.0,1
CHEMBL2971,COc1ccc2c(c1)/C(=C1/Nc3ccccc3/C1=N\OCC(O)CO)C(=O)N2,7.55,0.5939696961966998,2
CHEMBL2971,COc1ccc2c(c1)C(=O)N(c1nc(C(=O)Nc3cnccc3N3CCNCC3)cs1)C2,4.68,0.0,1
CHEMBL2971,COc1ccc2c(c1)CN(S(=O)(=O)C[C@H]1C[C@@H](N(C)c3ncnc4[nH]ccc34)C1)C2,9.89,0.0,1
CHEMBL2971,COc1ccc2c(n1)CCN(S(=O)(=O)C[C@H]1C[C@@H](N(C)c3ncnc4[nH]ccc34)C1)C2,9.3,0.0,1
CHEMBL2971,COc1ccc2cc(CN3CCC(CC#N)(n4cc(C(N)=O)c(Nc5ccccc5)n4)CC3)ccc2c1,6.53,0.0,1
CHEMBL2971,COc1ccc2cc1-c1ccnc(n1)Nc1ccc(OCCN3CCCC3)c(c1)COCC=CCOC2,6.48,0.0,1
CHEMBL2971,COc1ccc2cc1CN(C)C/C=C/CCOc1cccc(c1)-c1ccnc(n1)N2,6.55,0.0,1
CHEMBL2971,COc1ccc2cc1COC/C=C/COCc1cc(ccc1OCCN1CCCC1)Nc1nccc-2n1,7.72,0.0,1
CHEMBL2971,COc1ccc2cc1COC/C=C/COCc1cccc(c1)-c1ccnc(n1)N2,7.16,0.0,1
CHEMBL2971,COc1ccc2cc1COCC=CCCOc1cccc(c1)-c1ccnc(n1)N2,6.89,0.0,1
CHEMBL2971,COc1ccc2cc1COCC=CCOCc1cc(ccc1OCCN1CCCC1)Nc1nccc-2n1,7.72,0.0,1
CHEMBL2971,COc1ccc2cc1COCC=CCOCc1cccc(c1)-c1ccnc(n1)N2,7.16,0.0,1
CHEMBL2971,COc1ccc2cc1COCC=CCOc1cccc(c1)-c1ccnc(n1)N2,6.58,0.0,1
CHEMBL2971,COc1ccc2cc1OCC/C=C/CN(C)Cc1cccc(c1)Nc1nccc-2n1,6.29,0.0,1
CHEMBL2971,COc1ccc2nc(NC(C)c3ncc(F)cn3)nc(Nc3cn(C)cn3)c2c1,6.17,0.0,1
CHEMBL2971,COc1cccc(-c2cc(C(N)=O)c3[nH]c4cc(C(=O)C5O[C@H]6CN[C@H]5C6)ccc4c3c2)c1,8.22,0.0,1
CHEMBL2971,COc1cccc(-c2cc(C(N)=O)c3[nH]c4cc(C(=O)N5CCN(C(=O)C6CC6)CC5)ccc4c3c2)c1,8.15,0.0,1
CHEMBL2971,COc1cccc(-c2cc(C(N)=O)c3[nH]c4cc(C(=O)N5CCN(C)CC5)ccc4c3c2)c1,8.37,0.0,1
CHEMBL2971,COc1cccc(-c2cc(C(N)=O)c3[nH]c4cc(C(=O)N5CCN(Cc6cccnc6)CC5)ccc4c3c2)c1,8.22,0.0,1
CHEMBL2971,COc1cccc(-c2cc(C(N)=O)c3[nH]c4cc(C(=O)N5CCOCC5)ccc4c3c2)c1,8.24,0.0,1
CHEMBL2971,COc1cccc(-c2cc(C(N)=O)c3[nH]c4cc(C(=O)N5CC[C@H](N(C)C)C5)ccc4c3c2)c1,8.46,0.0,1
CHEMBL2971,COc1cccc(-c2cc(C(N)=O)c3[nH]c4cc(C(=O)NCCN(C)C)ccc4c3c2)c1,8.22,0.0,1
CHEMBL2971,COc1cccc(-c2cc(C(N)=O)c3[nH]c4cc(NC(=O)C5CCOCC5)ccc4c3c2)c1,7.99,0.0,1
CHEMBL2971,COc1cccc(-c2cc(C(N)=O)c3[nH]c4cc(NC(=O)OC(C)(C)C)ccc4c3c2)c1,6.8,0.0,1
CHEMBL2971,COc1cccc(-c2cc(C(N)=O)c3[nH]c4cc(NC(=O)OCCN)ccc4c3c2)c1,8.15,0.0,1
CHEMBL2971,COc1cccc(-c2cc(C(N)=O)c3[nH]c4cc(NC(=O)OCc5ccccc5)ccc4c3c2)c1,6.54,0.0,1
CHEMBL2971,COc1cccc(-c2cc(C(N)=O)c3[nH]c4ccc(C(=O)N5CCN(C)CC5)cc4c3c2)c1,8.46,0.0,1
CHEMBL2971,COc1cccc(-c2cc(C(N)=O)c3[nH]c4ccc(C(=O)N5CCOCC5)cc4c3c2)c1,8.55,0.0,1
CHEMBL2971,COc1cccc(-c2cc(C(N)=O)c3[nH]c4cccnc4c3c2)c1,7.54,0.0,1
CHEMBL2971,COc1cccc(-c2cc(C(N)=O)c3[nH]c4ccncc4c3c2)c1,7.47,0.0,1
CHEMBL2971,COc1cccc(-c2cc3c(N[C@@H]4CC[C@](C)(N)C4(C)C)c(C(N)=O)cnn3c2)c1,7.82,0.0,1
CHEMBL2971,COc1cccc(-c2cc3ncc(C(N)=O)c(N[C@@H]4CCN(c5ccc(C#N)nn5)CC4(C)C)n3n2)n1,8.93,0.0,1
CHEMBL2971,COc1cccc(-c2cccn3nc(Nc4ccc(C5CCN(C(=O)OC(C)(C)C)CC5)cc4)nc23)c1F,6.28,0.0,1
CHEMBL2971,COc1cccc(-c2cccn3nc(Nc4ccc(C5CCN(C(=O)OC(C)(C)C)CC5)cc4)nc23)c1OC,6.49,0.0,1
CHEMBL2971,COc1cccc(-c2cccn3nc(Nc4ccc(C5CCN(CC(=O)N(C)C)CC5)cc4)nc23)c1,7.97,0.0,1
CHEMBL2971,COc1cccc(-c2cccn3nc(Nc4ccc(C5CCN(CC(=O)N(C)C)CC5)cc4)nc23)c1F,7.73,0.0,1
CHEMBL2971,COc1cccc(-c2cccn3nc(Nc4ccc(C5CCN(CC(=O)N(C)C)CC5)cc4)nc23)c1OC,7.34,0.0,1
CHEMBL2971,COc1cccc(-c2cccn3nc(Nc4ccc(C5CCNCC5)cc4)nc23)c1,8.12,0.0,1
CHEMBL2971,COc1cccc(-c2cccn3nc(Nc4ccc(C5CCNCC5)cc4)nc23)c1F,7.52,0.0,1
CHEMBL2971,COc1cccc(-c2cccn3nc(Nc4ccc(C5CCNCC5)cc4)nc23)c1OC,7.24,0.0,1
CHEMBL2971,COc1cccc(-c2cccn3nc(Nc4ccc5c(c4)CNC5)nc23)c1,8.18,0.0,1
CHEMBL2971,COc1cccc(-c2nc(Nc3ccc(N4CCC5(CC4)CC5C(=O)O)cc3)c3c(=O)[nH]ncc3n2)c1,7.12,0.0,1
CHEMBL2971,COc1cccc(-c2nc(Nc3ccc(OCCN4CCNCC4)cc3)c3c(=O)[nH]ncc3n2)c1,7.52,0.0,1
CHEMBL2971,COc1cccc(CN2CCC(CC#N)(n3cc(C(N)=O)c(Nc4ccnc(F)c4)n3)CC2)c1,7.7,0.0,1
CHEMBL2971,COc1cccc(CN2CCC(Nc3c(-c4cc[nH]n4)cnc4[nH]ccc34)CC2)c1,8.66,0.0,1
CHEMBL2971,COc1cccc(CN2CCC(Nc3c(-c4cn[nH]c4)cnc4[nH]ccc34)CC2)c1,6.86,0.0,1
CHEMBL2971,COc1cccc(CN2CC[C@@H](Nc3c(C(N)=O)cnc4[nH]ccc34)C[C@H]2C)c1,7.24,0.0,1
CHEMBL2971,COc1cccc(CNc2cccn3nc(Nc4ccc(C)nc4)nc23)c1,5.99,0.0,1
CHEMBL2971,COc1cccc(CNc2cccn3nc(Nc4ccc(N5CCN(C)CC5)cc4)nc23)c1,5.87,0.0,1
CHEMBL2971,COc1cccc(CNc2cccn3nc(Nc4ccc(OC)nc4)nc23)c1,5.0,0.0,1
CHEMBL2971,COc1cccc(CNc2cccn3nc(Nc4cccc(N5CCN(C)CC5)c4)nc23)c1,5.52,0.0,1
CHEMBL2971,COc1cccc(CNc2cccn3nc(Nc4cccnc4)nc23)c1,6.09,0.0,1
CHEMBL2971,COc1cccc(CNc2cccn3nc(Nc4ccnc(C)c4)nc23)c1,6.23,0.0,1
CHEMBL2971,COc1cccc(CNc2cccn3nc(Nc4ccncc4)nc23)c1,6.0,0.0,1
CHEMBL2971,COc1cccc(COC(=O)N2CC(CC#N)(n3cc(C(N)=O)c(Nc4ccccc4)n3)C2)c1,6.37,0.0,1
CHEMBL2971,COc1cccc(Cl)c1CNc1nc(Nc2cnn(CCO)c2)ncc1C(N)=O,9.25,0.0,1
CHEMBL2971,COc1cccc(Cn2ccc3cnc(Nc4cnn(CCCCCC(=O)NO)c4)nc32)c1,6.91,0.0,1
CHEMBL2971,COc1cccc(Cn2ccc3cnc(Nc4cnn(CCCCCCC(=O)NO)c4)nc32)c1,6.68,0.0,1
CHEMBL2971,COc1cccc(F)c1-n1cc(Nc2ncc(C(N)=O)c(NCc3c(F)cccc3F)n2)cn1,9.14,0.0,1
CHEMBL2971,COc1cccc(F)c1CNc1nc(Cc2cnn(C)c2)ncc1C(N)=O,9.24,0.0,1
CHEMBL2971,COc1cccc(F)c1CNc1nc(Nc2cnn(C(C)C)c2)ncc1C(N)=O,9.21,0.0,1
CHEMBL2971,COc1cccc(F)c1CNc1nc(Nc2cnn(C3CC3)c2)ncc1C(N)=O,9.24,0.0,1
CHEMBL2971,COc1cccc(F)c1CNc1nc(Nc2cnn(C3CCC3)c2)ncc1C(N)=O,9.23,0.0,1
CHEMBL2971,COc1cccc(F)c1CNc1nc(Nc2cnn(C3CCN(C)CC3)c2)ncc1C(N)=O,9.52,0.0,1
CHEMBL2971,COc1cccc(F)c1CNc1nc(Nc2cnn(C3CCOCC3)c2)ncc1C(N)=O,9.85,0.0,1
CHEMBL2971,COc1cccc(F)c1CNc1nc(Nc2cnn(CC(C)(C)O)c2)ncc1C(N)=O,9.1,0.0,1
CHEMBL2971,COc1cccc(F)c1CNc1nc(Nc2cnn(CCCCCCN(C)C)c2)ncc1C(N)=O,8.81,0.0,1
CHEMBL2971,COc1cccc(F)c1CNc1nc(Nc2cnn(CCN(C)C)c2)ncc1C(N)=O,9.02,0.0,1
CHEMBL2971,COc1cccc(F)c1CNc1nc(Nc2cnn(CCN3CCCC3)c2)ncc1C(N)=O,9.0,0.0,1
CHEMBL2971,COc1cccc(F)c1CNc1nc(Nc2cnn(CCN3CCCCC3)c2)ncc1C(N)=O,8.72,0.0,1
CHEMBL2971,COc1cccc(F)c1CNc1nc(Nc2cnn(CCN3CCOCC3)c2)ncc1C(N)=O,9.09,0.0,1
CHEMBL2971,COc1cccc(F)c1CNc1nc(Nc2cnn(CCO)c2)ncc1C(N)=O,10.52,0.0,1
CHEMBL2971,COc1cccc(F)c1CNc1nc(Nc2cnn(CCSC)c2)ncc1C(N)=O,9.17,0.0,1
CHEMBL2971,COc1cccc(F)c1Nc1nc(Nc2cnn(C(C)(C)C)c2)ncc1C(N)=O,9.0,0.0,1
CHEMBL2971,COc1cccc(N2CCN(S(=O)(=O)c3ccc(Nc4nn([C@H]5CCCC[C@@H]5C#N)cc4C(N)=O)cc3)CC2)c1,7.62,0.0,1
CHEMBL2971,COc1cccc(Nc2cc(Nc3ccccc3Cl)c(C(N)=O)cn2)n1,7.12,0.0,1
CHEMBL2971,COc1cccc(Nc2nc(Nc3ccc(NC(=O)CCCCCCC(=O)NO)cc3)ncc2C)c1,9.3,0.0,1
CHEMBL2971,COc1cccc(Nc2nc3c(-c4ccc(S(C)(=O)=O)cc4)cccn3n2)c1,9.0,0.0,1
CHEMBL2971,COc1cccc(Nc2nc3cccc(-c4cccc(S(C)(=O)=O)c4)n3n2)c1,7.82,0.0,1
CHEMBL2971,COc1cccc(Nc2nccc(-c3cccc4c3CC(=O)N4)n2)c1,5.65,0.0,1
CHEMBL2971,COc1cccc(Nc2nn(C3(CC#N)CCN(C(=O)OC(C)(C)C)CC3)cc2C(N)=O)n1,6.73,0.0,1
CHEMBL2971,COc1cccc(OCc2cc(C)ccn2)c1-c1ccc2c(c1)CCNCC2,5.0,0.0,1
CHEMBL2971,COc1cccc(S(=O)(=O)N2CCC(CC#N)(n3cc(C(N)=O)c(Nc4ccccc4)n3)CC2)c1,8.52,0.0,1
CHEMBL2971,COc1cccc2c(=O)n(-c3cccc(-c4c(Cl)cc(C(N)=O)c5[nH]c6cc(C(C)(C)O)ccc6c45)c3C)c(=O)n(C)c12,5.8,0.0,1
CHEMBL2971,COc1ccccc1-c1c[nH]c2ncnc(-c3ccccc3)c12,6.74,0.0,1
CHEMBL2971,COc1ccccc1-c1cc2c(N[C@@H]3CC[C@](C)(N)C3(C)C)c(C(N)=O)cnn2c1,7.7,0.0,1
CHEMBL2971,COc1ccccc1-c1ccc2cnc(Nc3ccc(C(=O)N4CCOCC4)cc3)nn12,9.77,0.0,1
CHEMBL2971,COc1ccccc1-c1ccc2cnc(Nc3ccc(C4CCN(C[C@H](C)O)CC4)cc3)nn12,9.22,0.0,1
CHEMBL2971,COc1ccccc1-c1ccc2cnc(Nc3ccc(N4CCN(C)CC4)c(Cl)c3)nn12,9.3,0.0,1
CHEMBL2971,COc1ccccc1-c1ccc2cnc(Nc3ccc(N4CCN(C)CC4)c(F)c3)nn12,9.46,0.0,1
CHEMBL2971,COc1ccccc1-c1ccc2cnc(Nc3ccc(N4CCN(C)CC4)cc3)nn12,9.745000000000001,0.035355339059325995,2
CHEMBL2971,COc1ccccc1-c1ccc2cnc(Nc3ccc(N4CCN(C[C@H](C)O)CC4)c(F)c3)nn12,9.3,0.0,1
CHEMBL2971,COc1ccccc1-c1ccc2cnc(Nc3ccc(N4CCN(C[C@H](C)O)CC4)cc3)nn12,9.33,0.0,1
CHEMBL2971,COc1ccccc1-c1ccc2cnc(Nc3ccc(N4CCOCC4)cc3)nn12,9.64,0.0,1
CHEMBL2971,COc1ccccc1-c1ccc2cnc(Nc3ccc(S(=O)(=O)N(C)C)cc3)nn12,8.68,0.0,1
CHEMBL2971,COc1ccccc1-c1ccc2cnc(Nc3cccc(N4CCN(C)CC4)c3)nn12,9.1,0.0,1
CHEMBL2971,COc1ccccc1-c1ccc2cnc(Nc3cccc(N4CCN(C[C@H](C)O)CC4)c3)nn12,9.27,0.0,1
CHEMBL2971,COc1ccccc1-c1ccc2cnc(Nc3cccc(N4CCOCC4)c3)nn12,9.46,0.0,1
CHEMBL2971,COc1ccccc1-c1cccn2nc(Nc3ccc(N4CCN(C)CC4)cc3)nc12,7.42,0.0,1
CHEMBL2971,COc1ccccc1-c1cccn2nc(Nc3ccc(N4CCOCC4)cc3)nc12,7.7,0.0,1
CHEMBL2971,COc1ccccc1-c1cccn2nc(Nc3ccc4c(c3)CCN(CC(=O)N(C)C)CC4)nc12,7.41,0.0,1
CHEMBL2971,COc1ccccc1-c1cccn2nc(Nc3ccc4c(c3)CCN(CCS(C)(=O)=O)CC4)nc12,7.75,0.0,1
CHEMBL2971,COc1ccccc1-c1cccn2nc(Nc3cccc(N4CCN(C)CC4)c3)nc12,7.57,0.0,1
CHEMBL2971,COc1ccccc1-c1nc(Nc2ccc(CN3CCNCC3)cc2)c2c(=O)[nH]ncc2n1,7.12,0.0,1
CHEMBL2971,COc1ccccc1-c1nc(Nc2ccc(N3CCC4(CC3)CC4C(=O)O)cc2)c2c(=O)[nH]ncc2n1,7.12,0.0,1
CHEMBL2971,COc1ccccc1C(=O)N1CCN(c2nc(Nc3cc(C)[nH]n3)c3cccn3n2)CC1,8.46,0.0,1
CHEMBL2971,COc1ccccc1CCNc1nc(Nc2ccc(N3CCN(C)CC3)cc2OC)ncc1Cl,6.07,0.0,1
CHEMBL2971,COc1ccccc1CN1CCC(CC#N)(n2cc(C(N)=O)c(Nc3ccnc(F)c3)n2)CC1,7.09,0.0,1
CHEMBL2971,COc1ccccc1CNc1cccn2nc(Nc3ccc(C)nc3)nc12,7.56,0.0,1
CHEMBL2971,COc1ccccc1CNc1cccn2nc(Nc3ccc(N4CCN(C)CC4)cc3)nc12,7.91,0.0,1
CHEMBL2971,COc1ccccc1CNc1cccn2nc(Nc3cccc(N4CCN(C)CC4)c3)nc12,7.34,0.0,1
CHEMBL2971,COc1ccccc1CNc1cccn2nc(Nc3cccnc3)nc12,7.49,0.0,1
CHEMBL2971,COc1ccccc1CNc1cccn2nc(Nc3ccnc(C)c3)nc12,7.61,0.0,1
CHEMBL2971,COc1ccccc1CNc1cccn2nc(Nc3ccncc3)nc12,7.26,0.0,1
CHEMBL2971,COc1ccccc1CNc1nc(Cc2cnn(C)c2)ncc1C(N)=O,8.66,0.0,1
CHEMBL2971,COc1ccccc1CNc1nc(Nc2cnn(CCO)c2)ncc1C(N)=O,9.02,0.0,1
CHEMBL2971,COc1ccccc1COC(=O)N1CC(CC#N)(n2cc(C(N)=O)c(Nc3ccccc3)n2)C1,6.17,0.0,1
CHEMBL2971,COc1ccccc1CS(=O)(=O)[C@H]1CCN(S(=O)(=O)C[C@H]2CC[C@H](N(C)c3ncnc4[nH]ccc34)CC2)C1,7.76,0.0,1
CHEMBL2971,COc1ccccc1Nc1cc(Nc2ccc(CC(=O)O)cn2)ncc1C(N)=O,7.96,0.0,1
CHEMBL2971,COc1ccccc1Nc1cc(Nc2ccc(CC(=O)O[C@@H]3CCOC3)cn2)ncc1C(N)=O,8.4,0.0,1
CHEMBL2971,COc1ccccc1Nc1cc(Nc2ccc(CC(=O)O[C@H]3CCOC3)cn2)ncc1C(N)=O,8.3,0.0,1
CHEMBL2971,COc1ccccc1Nc1cc(Nc2cccc(C)n2)ncc1C(N)=O,7.85,0.0,1
CHEMBL2971,COc1ccccc1Nc1cc(Nc2ccccn2)ncc1C(N)=O,8.1,0.0,1
CHEMBL2971,COc1ccccc1Nc1cc(Nc2cccnn2)ncc1C(N)=O,7.54,0.0,1
CHEMBL2971,COc1ccccc1Nc1nc(Nc2cnn(C(C)(C)C)c2)ncc1C(N)=O,9.08,0.0,1
CHEMBL2971,COc1ccccc1Nc1nc2c(-c3ccc(C(F)(F)F)cc3)cccn2n1,5.0,0.0,1
CHEMBL2971,COc1ccccc1Nc1nc2c(-c3ccc(S(C)(=O)=O)cc3)cccn2n1,5.88,0.0,1
CHEMBL2971,COc1ccccc1Nc1nc2c(-c3cccc(C(F)(F)F)c3)cccn2n1,5.52,0.0,1
CHEMBL2971,COc1ccccc1Nc1nc2c(-c3ccccc3)cccn2n1,5.0,0.0,1
CHEMBL2971,COc1ccccc1Nc1nc2cccc(-c3cccc(S(C)(=O)=O)c3)n2n1,5.92,0.0,1
CHEMBL2971,COc1cccn2c(=O)n(-c3cccc(-c4c(Cl)cc(C(N)=O)c5[nH]c6cc(C(C)(C)O)ccc6c45)c3C)c(=O)cc12,6.2,0.0,1
CHEMBL2971,COc1cccnc1N1CCC(CC#N)(n2cc(C(N)=O)c(Nc3ccc(F)cc3)n2)CC1,6.25,0.0,1
CHEMBL2971,COc1ccncc1S(=O)(=O)C[C@H]1C[C@@H](N(C)c2ncnc3[nH]ccc23)C1,9.05,0.0,1
CHEMBL2971,COc1cnc(-c2cccn3nc(Nc4ccc(C5CCN(C(=O)OC(C)(C)C)CC5)cc4)nc23)cn1,5.83,0.0,1
CHEMBL2971,COc1cnc(-c2cccn3nc(Nc4ccc(C5CCN(CC(=O)N(C)C)CC5)cc4)nc23)cn1,6.87,0.0,1
CHEMBL2971,COc1cnc(-c2cccn3nc(Nc4ccc(C5CCNCC5)cc4)nc23)cn1,7.13,0.0,1
CHEMBL2971,COc1cnc(C)c(S(=O)(=O)C[C@H]2C[C@@H](N(C)c3ncnc4[nH]ccc34)C2)c1,9.19,0.0,1
CHEMBL2971,COc1cnc(Nc2ccc(N3CCOCC3)cc2)nc1-c1ccc(C(=O)NCC#N)cc1,6.73,0.0,1
CHEMBL2971,COc1cncc(N2CCC(CC#N)(n3cc(C(N)=O)c(Nc4ccc(F)cc4)n3)CC2)c1,7.77,0.0,1
CHEMBL2971,COc1cncc(S(=O)(=O)C[C@H]2C[C@@H](N(C)c3ncnc4[nH]ccc34)C2)c1,9.915,0.1767766952966369,2
CHEMBL2971,COc1nc(-c2cc(-c3cnn(C4(CC#N)CC(C#N)C4)c3)n3ccnc3c2)ccc1N,6.46,0.0,1
CHEMBL2971,COc1nc(-c2cc(-c3cnn(C4(CC#N)CC(C#N)C4)n3)c3cccnc3c2)ccc1N,7.025,0.6151828996322967,2
CHEMBL2971,COc1nc(-c2cc(-c3cnn(C4(CC#N)CC(C#N)C4)n3)c3cccnc3c2)cnc1N,5.99,0.0,1
CHEMBL2971,COc1nc(-c2cc3ncccc3c(-c3ccn(C4(CC#N)CC(C#N)C4)n3)n2)ccc1N,6.64,0.0,1
CHEMBL2971,COc1nc(C)cc2c1-c1[nH]c3cc(N4CCN(C)CC4)ccc3c1CCN2CCc1ccccc1,5.29,0.0,1
CHEMBL2971,COc1nc(N(C)[C@@H]2CCN(c3ncnc4[nH]ccc34)C2)ccc1C#N,10.26,0.0,1
CHEMBL2971,COc1nc(NC2CCNCC2)nc2c1ccn2-c1cccc(NS(=O)(=O)C(C)(C)C)c1,5.52,0.0,1
CHEMBL2971,COc1nc(Nc2ccc(N3CCN(C)CC3)cc2)nc2c1ccn2-c1cccc(NS(=O)(=O)C(C)(C)C)c1,5.0,0.0,1
CHEMBL2971,COc1ncc(-c2cc3ncc(C(N)=O)c(N[C@@H]4CCN(c5ccc(C#N)nn5)CC4(C)C)n3n2)cn1,7.57,0.0,1
CHEMBL2971,COc1ncc(-c2cnc3[nH]ccc3n2)c(N[C@H]2CCCN(S(C)(=O)=O)C2)n1,10.14,0.0,1
CHEMBL2971,COc1ncc(C(F)(F)F)cc1-c1cccn2nc(Nc3ccc(C4CCN(CC(=O)N(C)C)CC4)cc3)nc12,7.13,0.0,1
CHEMBL2971,COc1ncc(C(F)(F)F)cc1-c1cccn2nc(Nc3ccc(C4CCNCC4)cc3)nc12,6.88,0.0,1
CHEMBL2971,COc1ncc(F)cc1[C@H]1CCCN1c1ccn2ncc(C(=O)N3CC(C)(O)C3)c2n1,7.51,0.0,1
CHEMBL2971,COc1ncc(F)cc1[C@H]1CCCN1c1ccn2ncc(C(=O)N3CC(O)C3)c2n1,7.49,0.0,1
CHEMBL2971,COc1ncc(F)cc1[C@H]1CCCN1c1ccn2ncc(C(=O)NC(CO)CO)c2n1,7.59,0.0,1
CHEMBL2971,COc1ncc(F)cc1[C@H]1CCCN1c1ccn2ncc(C(=O)NC3CCC(O)CC3)c2n1,8.085,1.3647160876900368,2
CHEMBL2971,COc1ncc(F)cc1[C@H]1CCCN1c1ccn2ncc(C(=O)NC3CCC(S(C)(=O)=O)CC3)c2n1,6.35,0.0,1
CHEMBL2971,COc1ncc(F)cc1[C@H]1CCCN1c1ccn2ncc(C(=O)NC3CCN(CCO)CC3)c2n1,8.37,0.0,1
CHEMBL2971,COc1ncc(F)cc1[C@H]1CCCN1c1ccn2ncc(C(=O)NC3CCN(S(C)(=O)=O)CC3)c2n1,7.505,1.6334166645409252,2
CHEMBL2971,COc1ncc(F)cc1[C@H]1CCCN1c1ccn2ncc(C(=O)NCC(C)(C)O)c2n1,8.0,0.0,1
CHEMBL2971,COc1ncc(F)cc1[C@H]1CCCN1c1ccn2ncc(C(=O)NCC(O)CO)c2n1,8.21,0.0,1
CHEMBL2971,COc1ncc(F)cc1[C@H]1CCCN1c1ccn2ncc(C(=O)NCCCCO)c2n1,8.85,0.0,1
CHEMBL2971,COc1ncc(F)cc1[C@H]1CCCN1c1ccn2ncc(C(=O)NCCCNC(=O)OC(C)(C)C)c2n1,8.03,0.0,1
CHEMBL2971,COc1ncc(F)cc1[C@H]1CCCN1c1ccn2ncc(C(=O)NCCCO)c2n1,8.96,0.0,1
CHEMBL2971,COc1ncc(F)cc1[C@H]1CCCN1c1ccn2ncc(C(=O)NCCO)c2n1,9.7,0.0,1
CHEMBL2971,COc1ncc(F)cc1[C@H]1CCCN1c1ccn2ncc(C(=O)NC[C@@H](C)O)c2n1,8.55,0.0,1
CHEMBL2971,COc1ncc(F)cc1[C@H]1CCCN1c1ccn2ncc(C(=O)NC[C@@H](O)CO)c2n1,8.24,0.0,1
CHEMBL2971,COc1ncc(F)cc1[C@H]1CCCN1c1ccn2ncc(C(=O)NC[C@H](C)O)c2n1,8.68,0.0,1
CHEMBL2971,COc1ncc(F)cc1[C@H]1CCCN1c1ccn2ncc(C(=O)NC[C@H](O)CO)c2n1,8.1,0.0,1
CHEMBL2971,COc1ncc(F)cc1[C@H]1CCCN1c1ccn2ncc(C(=O)NOCCOC(C)(C)C)c2n1,7.74,0.0,1
CHEMBL2971,COc1ncc(F)cc1[C@H]1CCCN1c1ccn2ncc(C(=O)N[C@H]3CC[C@H](O)C3)c2n1,7.585000000000001,1.845548698896889,2
CHEMBL2971,COc1ncc(F)cc1[C@H]1CCCN1c1ccn2ncc(C(=O)Nc3cc(C)n[nH]3)c2n1,7.95,0.0,1
CHEMBL2971,COc1ncc(F)cc1[C@H]1CCCN1c1ccn2ncc(C(=O)Nc3cc(C4CC4)n[nH]3)c2n1,8.05,0.0,1
CHEMBL2971,COc1ncc(F)cc1[C@H]1CCCN1c1ccn2ncc(C(=O)Nc3ccc(=O)[nH]c3)c2n1,8.52,0.0,1
CHEMBL2971,COc1ncc(F)cc1[C@H]1CCCN1c1ccn2ncc(C(=O)Nc3ccn(C(C)C)n3)c2n1,7.42,0.0,1
CHEMBL2971,COc1ncc(F)cc1[C@H]1CCCN1c1ccn2ncc(C(=O)Nc3ccn(C)n3)c2n1,7.66,0.0,1
CHEMBL2971,COc1ncc(N2CCC(CC#N)(n3cc(C(N)=O)c(Nc4ccc(F)cc4)n3)CC2)cn1,7.68,0.0,1
CHEMBL2971,COc1ncc(S(=O)(=O)C[C@H]2C[C@@H](N(C)c3ncnc4[nH]ccc34)C2)c(C)n1,9.73,0.0,1
CHEMBL2971,COc1ncc(S(=O)(=O)C[C@H]2C[C@@H](N(C)c3ncnc4[nH]ccc34)C2)cn1,9.81,0.0,1
CHEMBL2971,COc1nccc(-c2cnc3[nH]ccc3c2N[C@@H]2CCCN(C(=O)CC#N)C2)n1,7.26,0.0,1
CHEMBL2971,COc1nccc2cc(NC(=O)[C@@H]3CC3c3ccc(S(=O)(=O)Nc4ccccn4)cc3)ccc12,5.16,0.0,1
CHEMBL2971,COc1ncccc1-c1cccn2nc(Nc3ccc(C4CCN(C(=O)OC(C)(C)C)CC4)cc3)nc12,6.17,0.0,1
CHEMBL2971,COc1ncccc1-c1cccn2nc(Nc3ccc(C4CCN(CC(=O)N(C)C)CC4)cc3)nc12,6.6,0.0,1
CHEMBL2971,COc1ncccc1-c1cccn2nc(Nc3ccc(C4CCNCC4)cc3)nc12,6.42,0.0,1
CHEMBL2971,COc1ncccc1-c1cccn2nc(Nc3ccc4ncccc4c3)nc12,6.72,0.0,1
CHEMBL2971,COc1nn(C)cc1Nc1nccc(-c2c[nH]c3c(NC(=O)[C@@H](C)N4CCN(C)CC4)cccc23)n1,4.83,0.0,1
CHEMBL2971,COc1nnc(C2CCN(c3ccc(Nc4nccc(-c5ccc(C(=O)NCC#N)cc5)n4)cc3)CC2)o1,7.77,0.0,1
CHEMBL2971,COc1nnc(NC(=O)N2C[C@H]3CC(N(C)c4ncnc5[nH]ccc45)C[C@H]3C2)s1,7.39,0.0,1
CHEMBL2971,COc1nnc(NC(=O)N2C[C@H]3C[C@H](N(C)c4ncnc5[nH]ccc45)C[C@H]3C2)s1,7.39,0.0,1
CHEMBL2971,COc1nsc(CC(=O)N2C[C@H]3C[C@H](N(C)c4ccnc5[nH]ccc45)C[C@H]3C2)n1,6.75,0.0,1
CHEMBL2971,COc1nsc(NC(=O)N2CC[C@H]3CC(N(C)c4ncnc5[nH]ccc45)C[C@H]3C2)n1,8.15,0.0,1
CHEMBL2971,COc1nsc(NC(=O)N2C[C@H]3C[C@@H](N(C)c4ncnc5[nH]ccc45)C[C@H]3C2)n1,7.25,0.0,1
CHEMBL2971,COc1nsc(NC(=O)N2C[C@H]3C[C@H](N(C)c4ccnc5[nH]ccc45)C[C@H]3C2)n1,6.75,0.0,1
CHEMBL2971,COc1nsc(NC(=O)N2C[C@H]3C[C@H](N(C)c4ncnc5[nH]ccc45)C[C@H]3C2)n1,8.3,0.0,1
CHEMBL2971,CP(C)(=O)c1ccc(-c2cccn3nc(N(CCS(C)(=O)=O)c4cccc(C5CCN(CCS(C)(=O)=O)CC5)c4)nc23)cc1,7.02,0.0,1
CHEMBL2971,CP(C)(=O)c1ccc(-c2cccn3nc(Nc4cccc(C5CCN(CCS(C)(=O)=O)CC5)c4)nc23)cc1,6.78,0.0,1
CHEMBL2971,CS(=N)(=O)N1CC(CC#N)(n2cc(-c3ncnc4[nH]ccc34)cn2)C1,8.3,0.0,1
CHEMBL2971,CS(=N)(=O)c1ccc(Nc2ncnc(-c3ccc(O[C@H]4CCN(C=O)CC4(F)F)c(C#N)c3)n2)cc1,6.66,0.0,1
CHEMBL2971,CS(=N)(=O)c1ccc(Nc2nn(C3CCCC[C@@H]3C#N)c3cc[nH]c(=O)c23)cc1,6.01,0.0707106781186545,2
CHEMBL2971,CS(=O)(=O)C1CN(C(=O)[C@@H]2CC[C@@H](n3cc(C(N)=O)c(Nc4ccc(Cl)cc4)n3)[C@H](C#N)C2)C1,7.72,0.0,1
CHEMBL2971,CS(=O)(=O)C1CN(C(=O)[C@H]2CC[C@H](n3cc(C(N)=O)c(Nc4ccc(Cl)cc4)n3)[C@@H](C#N)C2)C1,7.31,0.0,1
CHEMBL2971,CS(=O)(=O)C1CN(Cc2ccc(-c3cccc4nc(NC(=O)C5CC5)nn34)cc2)C1,6.3,0.0,1
CHEMBL2971,CS(=O)(=O)C1CN(c2ccc(-c3ncnc(Nc4ccc(N5CCN(C6COC6)CC5)cc4)n3)cc2C#N)C1,4.17,0.0,1
CHEMBL2971,CS(=O)(=O)CC(=O)N1CCC(CC#N)(n2cc(C(N)=O)c(Nc3ccnc(F)c3)n2)CC1,7.66,0.0,1
CHEMBL2971,CS(=O)(=O)CCN1CCC(c2cccc(Nc3nc4c(-c5ccc(S(C)(=O)=O)cc5)cccn4n3)c2)CC1,9.34,0.0,1
CHEMBL2971,CS(=O)(=O)CCN1CCc2ccc(Nc3nc4c(-c5cc(C(F)(F)F)ccc5Cl)cccn4n3)cc2CC1,7.77,0.0,1
CHEMBL2971,CS(=O)(=O)CCN1CCc2ccc(Nc3nc4c(-c5cccc6c5OC(F)(F)O6)cccn4n3)cc2CC1,7.61,0.0,1
CHEMBL2971,CS(=O)(=O)CCNC1CC[C@H](n2cc(C(N)=O)c(Nc3ccc(S(=O)(=O)C(F)(F)F)cc3)n2)[C@@H](C#N)C1,8.4,0.0,1
CHEMBL2971,CS(=O)(=O)CCn1cc(-c2nc(Nc3ccc(NC(=O)CCCCCCC(=O)NO)cc3)nc3[nH]ccc23)cn1,8.11,0.0,1
CHEMBL2971,CS(=O)(=O)C[C@H]1CC[C@H](c2nnn3cnc4[nH]ccc4c23)CC1,7.6899999999999995,0.8202438661763943,2
CHEMBL2971,CS(=O)(=O)N(CCO)c1ccccc1CNc1nc(-c2cc(F)c(O)cc2CC(F)(F)F)cc(N)c1C(=N)C(N)=O,7.83,0.0,1
CHEMBL2971,CS(=O)(=O)N(CCO)c1ccccc1CNc1nc(-c2cc(F)c(O)cc2CC(F)(F)F)cc2[nH]nc(C(N)=O)c12,7.83,0.0,1
CHEMBL2971,CS(=O)(=O)N(CCO)c1ccccc1CNc1nc(-c2cc(F)c(O)cc2CC(F)(F)F)nc2[nH]nc(C(N)=O)c12,7.38,0.0,1
CHEMBL2971,CS(=O)(=O)N1CC(CC#N)(n2cc(-c3c(C#N)cnc4[nH]ccc34)cn2)C1,9.38,0.0,1
CHEMBL2971,CS(=O)(=O)N1CC(CC#N)(n2cc(-c3cc(-c4cc[nH]n4)cc4ncccc34)cn2)C1,6.47,0.0,1
CHEMBL2971,CS(=O)(=O)N1CC(CC#N)(n2cc(-c3cc(-c4ccc(=O)[nH]c4)cc4ncccc34)nn2)C1,5.59,0.0,1
CHEMBL2971,CS(=O)(=O)N1CC(CC#N)(n2cc(-c3cc(-c4cn[nH]c4)cc4ncccc34)cn2)C1,6.28,0.0,1
CHEMBL2971,CS(=O)(=O)N1CC(CC#N)(n2cc(-c3ccnc4[nH]ccc34)cn2)C1,9.39,0.0,1
CHEMBL2971,CS(=O)(=O)N1CC(CC#N)(n2cc(C(N)=O)c(Nc3ccccc3)n2)C1,6.44,0.0,1
CHEMBL2971,CS(=O)(=O)N1CC(CC#N)(n2ccc(-c3cc(-c4cc[nH]n4)cc4ncccc34)n2)C1,5.7,0.0,1
CHEMBL2971,CS(=O)(=O)N1CC(CC#N)(n2ccc(-c3cc(-c4ccc(=O)[nH]c4)cc4ncccc34)n2)C1,5.27,0.0,1
CHEMBL2971,CS(=O)(=O)N1CC(CC#N)(n2ccc(-c3cc(-c4cn[nH]c4)cc4ncccc34)n2)C1,5.6,0.0,1
CHEMBL2971,CS(=O)(=O)N1CC(CC#N)(n2ccc(-c3nc(-c4c[nH]c5cccnc45)cc4ncccc34)n2)C1,5.25,0.0,1
CHEMBL2971,CS(=O)(=O)N1CC(CC#N)(n2ccc(-c3nc(-c4c[nH]c5nccc-5c4)cc4ncccc34)n2)C1,6.07,0.0,1
CHEMBL2971,CS(=O)(=O)N1CC(CC#N)(n2ccc(-c3nc(-c4c[nH]c5ncccc45)cc4ncccc34)n2)C1,6.94,0.0,1
CHEMBL2971,CS(=O)(=O)N1CC(CC#N)(n2ccc(-c3nc(-c4c[nH]nc4N)cc4ncccc34)n2)C1,7.34,0.0,1
CHEMBL2971,CS(=O)(=O)N1CC(CC#N)(n2ccc(-c3nc(-c4ccc(=O)[nH]c4)cc4ncccc34)n2)C1,6.88,0.0,1
CHEMBL2971,CS(=O)(=O)N1CC(CC#N)(n2ccc(-c3nc(-c4ccc(F)cc4O)cc4ncccc34)n2)C1,6.25,0.0,1
CHEMBL2971,CS(=O)(=O)N1CC(CC#N)(n2ccc(-c3nc(-c4ccc(N)nc4)cc4ncccc34)n2)C1,6.36,0.0,1
CHEMBL2971,CS(=O)(=O)N1CC(CC#N)(n2ccc(-c3nc(-c4ccc(N)nc4N)cc4ncccc34)n2)C1,6.35,0.0,1
CHEMBL2971,CS(=O)(=O)N1CC(CC#N)(n2ccc(-c3nc(-c4ccc(O)c(F)c4)cc4ncccc34)n2)C1,6.49,0.0,1
CHEMBL2971,CS(=O)(=O)N1CC(CC#N)(n2ccc(-c3nc(-c4ccc(O)cc4)cc4ncccc34)n2)C1,6.69,0.0,1
CHEMBL2971,CS(=O)(=O)N1CC(CC#N)(n2ccc(-c3nc(-c4ccc(S(N)(=O)=O)nc4)cc4ncccc34)n2)C1,6.36,0.0,1
CHEMBL2971,CS(=O)(=O)N1CC(CC#N)(n2ccc(-c3nc(-c4ccc5nccn5c4)cc4ncccc34)n2)C1,6.26,0.0,1
CHEMBL2971,CS(=O)(=O)N1CC(CC#N)(n2ccc(-c3nc(-c4cccc(O)n4)cc4ncccc34)n2)C1,6.43,0.0,1
CHEMBL2971,CS(=O)(=O)N1CC(CC#N)(n2ccc(-c3nc(-c4ccccc4O)cc4ncccc34)n2)C1,6.93,0.0,1
CHEMBL2971,CS(=O)(=O)N1CC(CC#N)(n2ccc(-c3nc(-c4cccnc4N)cc4ncccc34)n2)C1,6.03,0.0,1
CHEMBL2971,CS(=O)(=O)N1CC(CC#N)(n2ccc(-c3nc(-c4ccn(C5COC5)n4)cc4ncccc34)n2)C1,5.83,0.0,1
CHEMBL2971,CS(=O)(=O)N1CC(CC#N)(n2ccc(-c3nc(-c4ccn5ccnc5c4)cc4ncccc34)n2)C1,6.53,0.0,1
CHEMBL2971,CS(=O)(=O)N1CC(CC#N)(n2ccc(-c3nc(-c4ccn[nH]4)cc4ncccc34)n2)C1,6.33,0.0,1
CHEMBL2971,CS(=O)(=O)N1CC(CC#N)(n2ccc(-c3nc(-c4ccnc(O)c4)cc4ncccc34)n2)C1,6.21,0.0,1
CHEMBL2971,CS(=O)(=O)N1CC(CC#N)(n2ccc(-c3nc(-c4cn[nH]c4)cc4ncccc34)n2)C1,6.35,0.0,1
CHEMBL2971,CS(=O)(=O)N1CC(CC#N)(n2ccc(-c3nc(-c4cnc(N)c(N)c4)cc4ncccc34)n2)C1,6.0,0.0,1
CHEMBL2971,CS(=O)(=O)N1CC(CC#N)(n2ccc(-c3nc(-c4cnc(N)nc4)cc4ncccc34)n2)C1,5.05,0.0,1
CHEMBL2971,CS(=O)(=O)N1CC(CC#N)(n2ccc(-c3nc(-c4cnc5[nH]c(=O)[nH]c5c4)cc4ncccc34)n2)C1,6.62,0.0,1
CHEMBL2971,CS(=O)(=O)N1CC(CC#N)(n2ccc(-c3nc(-c4cnc5c(c4)NCCN5)cc4ncccc34)n2)C1,6.4,0.0,1
CHEMBL2971,CS(=O)(=O)N1CC(CC#N)(n2ccc(-c3nc(-c4cnc5cn[nH]c5c4)cc4ncccc34)n2)C1,6.14,0.0,1
CHEMBL2971,CS(=O)(=O)N1CC(CC#N)(n2ccc(-c3nc(-c4cnc5nccn5c4)cc4ncccc34)n2)C1,5.03,0.0,1
CHEMBL2971,CS(=O)(=O)N1CC(CC#N)(n2ccc(-c3nc(-c4cncc(N)c4)cc4ncccc34)n2)C1,5.78,0.0,1
CHEMBL2971,CS(=O)(=O)N1CC(CC#N)(n2ccc(-c3nc(-c4cnco4)cc4ncccc34)n2)C1,5.75,0.0,1
CHEMBL2971,CS(=O)(=O)N1CC(CC#N)(n2ccc(-c3nc(-c4cnn(C(CO)CCl)c4)cc4ncccc34)n2)C1,7.2,0.0,1
CHEMBL2971,CS(=O)(=O)N1CC(CC#N)(n2ccc(-c3nc(-c4cnn(C(F)(F)F)c4)cc4ncccc34)n2)C1,5.38,0.0,1
CHEMBL2971,CS(=O)(=O)N1CC(CC#N)(n2ccc(-c3nc(-c4cnn(C5COC5)c4)cc4ncccc34)n2)C1,7.0,0.0,1
CHEMBL2971,CS(=O)(=O)N1CC(CC#N)(n2ccc(-c3nc(-c4cnn(CC5(O)COC5)c4)cc4ncccc34)n2)C1,6.64,0.0,1
CHEMBL2971,CS(=O)(=O)N1CC(CC#N)(n2ccc(-c3nc(-c4cnn(CC5COC5)c4)cc4ncccc34)n2)C1,7.16,0.0,1
CHEMBL2971,CS(=O)(=O)N1CC(CC#N)(n2ccc(-c3nc(-c4cnn(CCO)c4)cc4ncccc34)n2)C1,6.79,0.0,1
CHEMBL2971,CS(=O)(=O)N1CC(CC#N)(n2ccc(-c3nc(-c4cnn([C@@H]5CCOC5)c4)cc4ncccc34)n2)C1,7.17,0.0,1
CHEMBL2971,CS(=O)(=O)N1CC(CC#N)(n2ccc(-c3nc(-c4cnn([C@H]5CCOC5)c4)cc4ncccc34)n2)C1,7.27,0.0,1
CHEMBL2971,CS(=O)(=O)N1CC(CC#N)(n2ccc(-c3nc(-c4cnn5ccccc45)cc4ncccc34)n2)C1,6.43,0.0,1
CHEMBL2971,CS(=O)(=O)N1CC(CC#N)(n2ccc(-c3nc(-c4cnn5cccnc45)cc4ncccc34)n2)C1,5.18,0.0,1
CHEMBL2971,CS(=O)(=O)N1CC(CC#N)(n2cnc(-c3cc(-c4ccc(=O)[nH]c4)cc4ncccc34)n2)C1,5.14,0.0,1
CHEMBL2971,CS(=O)(=O)N1CC(CC#N)(n2cnc(-c3cc(-c4ccn[nH]4)cc4ncccc34)n2)C1,5.17,0.0,1
CHEMBL2971,CS(=O)(=O)N1CC(CC#N)(n2cnc(-c3cc(-c4cn[nH]c4)cc4ncccc34)n2)C1,5.5,0.0,1
CHEMBL2971,CS(=O)(=O)N1CC(CC#N)(n2ncc(-c3cc(-c4c[nH]c(=O)[nH]c4=O)cc4ncccc34)n2)C1,5.21,0.0,1
CHEMBL2971,CS(=O)(=O)N1CC(CC#N)(n2ncc(-c3cc(-c4c[nH]c5nccc-5c4)cc4ncccc34)n2)C1,5.26,0.0,1
CHEMBL2971,CS(=O)(=O)N1CC(CC#N)(n2ncc(-c3cc(-c4cc(O)cc(F)c4)cc4ncccc34)n2)C1,5.19,0.0,1
CHEMBL2971,CS(=O)(=O)N1CC(CC#N)(n2ncc(-c3cc(-c4cc[nH]n4)cc4ncccc34)n2)C1,6.62,0.0,1
CHEMBL2971,CS(=O)(=O)N1CC(CC#N)(n2ncc(-c3cc(-c4ccc(=O)[nH]c4)cc4ncccc34)n2)C1,6.01,0.0,1
CHEMBL2971,CS(=O)(=O)N1CC(CC#N)(n2ncc(-c3cc(-c4ccc(F)c(CO)c4)cc4ncccc34)n2)C1,6.02,0.0,1
CHEMBL2971,CS(=O)(=O)N1CC(CC#N)(n2ncc(-c3cc(-c4ccc(N)nc4)cc4ncccc34)n2)C1,6.08,0.0,1
CHEMBL2971,CS(=O)(=O)N1CC(CC#N)(n2ncc(-c3cc(-c4ccc(O)c(F)c4)cc4ncccc34)n2)C1,5.93,0.0,1
CHEMBL2971,CS(=O)(=O)N1CC(CC#N)(n2ncc(-c3cc(-c4ccc(O)cc4)cc4ncccc34)n2)C1,6.21,0.0,1
CHEMBL2971,CS(=O)(=O)N1CC(CC#N)(n2ncc(-c3cc(-c4ccc5c(c4)C(=O)NC5)cc4ncccc34)n2)C1,5.57,0.0,1
CHEMBL2971,CS(=O)(=O)N1CC(CC#N)(n2ncc(-c3cc(-c4cccc(C(N)=O)c4)cc4ncccc34)n2)C1,6.04,0.0,1
CHEMBL2971,CS(=O)(=O)N1CC(CC#N)(n2ncc(-c3cc(-c4cccc(CN)c4)cc4ncccc34)n2)C1,5.765000000000001,0.3747665940288701,2
CHEMBL2971,CS(=O)(=O)N1CC(CC#N)(n2ncc(-c3cc(-c4cccc(CO)c4)cc4ncccc34)n2)C1,5.95,0.0,1
CHEMBL2971,CS(=O)(=O)N1CC(CC#N)(n2ncc(-c3cc(-c4cccc(CO)c4F)cc4ncccc34)n2)C1,5.25,0.0,1
CHEMBL2971,CS(=O)(=O)N1CC(CC#N)(n2ncc(-c3cc(-c4cccc(O)c4)cc4ncccc34)n2)C1,5.71,0.0,1
CHEMBL2971,CS(=O)(=O)N1CC(CC#N)(n2ncc(-c3cc(-c4cn[nH]c4)cc4ncccc34)n2)C1,6.41,0.0,1
CHEMBL2971,CS(=O)(=O)N1CC(CC#N)(n2ncc(-c3nc(-c4cc[nH]n4)cc4ncccc34)n2)C1,7.05,0.0,1
CHEMBL2971,CS(=O)(=O)N1CC(CC(=O)NCC(F)(F)F)(n2cc(-c3ccnc4[nH]ccc34)cn2)C1,7.46,0.0,1
CHEMBL2971,CS(=O)(=O)N1CC(CC(=O)NCC(F)(F)F)(n2cc(-c3ncnc4[nH]ccc34)cn2)C1,7.46,0.0,1
CHEMBL2971,CS(=O)(=O)N1CC(CC(N)=O)(n2cc(-c3ncnc4[nH]ccc34)cn2)C1,7.46,0.0,1
CHEMBL2971,CS(=O)(=O)N1CC(c2nc3cnc4[nH]ccc4c3n2[C@H]2CC[C@H](CC#N)CC2)C1,6.93,0.0,1
CHEMBL2971,CS(=O)(=O)N1CCC(CC#N)(n2cc(-c3c[nH]c4ncccc34)cn2)CC1,7.46,0.0,1
CHEMBL2971,CS(=O)(=O)N1CCC(CC#N)(n2cc(C(N)=O)c(Nc3ccccc3)n2)CC1,8.52,0.0,1
CHEMBL2971,CS(=O)(=O)N1CCC(NC(=O)Nc2cnc3[nH]ccc3n2)CC1,6.63,0.0,1
CHEMBL2971,CS(=O)(=O)N1CCC(NC(=O)c2cnn3ccc(N4CCCC4c4cc(F)ccc4F)nc23)CC1,6.41,0.0,1
CHEMBL2971,CS(=O)(=O)N1CCC(NC(=O)c2cnn3ccc(N4CCC[C@@H]4c4cc(F)ccc4F)nc23)CC1,7.615,1.7041273426595795,2
CHEMBL2971,CS(=O)(=O)N1CCC(NC(=O)c2cnn3ccc(N4CCC[C@@H]4c4cncc(F)c4)nc23)CC1,7.62,0.0,1
CHEMBL2971,CS(=O)(=O)N1CCC(Nc2c(-c3cn[nH]c3)cnc3[nH]ccc23)CC1,7.82,0.0,1
CHEMBL2971,CS(=O)(=O)N1CCC(Nc2c(C(N)=O)cnc3[nH]ccc23)CC1,6.72,0.0,1
CHEMBL2971,CS(=O)(=O)N1CCC(n2c(=O)[nH]c3cnc4[nH]ccc4c32)CC1,6.85,0.0,1
CHEMBL2971,CS(=O)(=O)N1CCCC(NC(=O)Nc2cnc3[nH]ccc3n2)C1,7.32,0.0,1
CHEMBL2971,CS(=O)(=O)N1CCCCC(Nc2ncccc2-c2cnc3[nH]ccc3n2)C1,10.68,0.0,1
CHEMBL2971,CS(=O)(=O)N1CCC[C@@H](Nc2ncccc2-c2cnc3[nH]ccc3n2)C1,10.53,0.0,1
CHEMBL2971,CS(=O)(=O)N1CCC[C@@H](n2c(=O)[nH]c3cnc4[nH]ccc4c32)C1,7.09,0.0,1
CHEMBL2971,CS(=O)(=O)N1CCC[C@H](NC(=O)Nc2cnc3[nH]ccc3n2)C1,7.0,0.0,1
CHEMBL2971,CS(=O)(=O)N1CCC[C@H](Nc2[nH]c(=O)ncc2-c2cnc3[nH]ccc3n2)C1,8.39,2.121320343559643,2
CHEMBL2971,CS(=O)(=O)N1CCC[C@H](Nc2nc(C#N)ncc2-c2cnc3[nH]ccc3n2)C1,9.21,0.0,1
CHEMBL2971,CS(=O)(=O)N1CCC[C@H](Nc2nc(Cl)ncc2-c2cnc3[nH]ccc3n2)C1,9.88,0.0,1
CHEMBL2971,CS(=O)(=O)N1CCC[C@H](Nc2nc(N)ncc2-c2cnc3[nH]ccc3n2)C1,8.65,2.1213203435596424,2
CHEMBL2971,CS(=O)(=O)N1CCC[C@H](Nc2nc(N3CC(C#N)C3)ncc2-c2cnc3[nH]ccc3n2)C1,10.31,0.0,1
CHEMBL2971,CS(=O)(=O)N1CCC[C@H](Nc2nc(N3CCC(CC(=O)O)CC3)ncc2-c2cnc3[nH]ccc3n2)C1,9.95,0.0,1
CHEMBL2971,CS(=O)(=O)N1CCC[C@H](Nc2nc(N3CCC(CC(N)=O)CC3)ncc2-c2cnc3[nH]ccc3n2)C1,10.66,0.0,1
CHEMBL2971,CS(=O)(=O)N1CCC[C@H](Nc2nc(N3CCN(c4ccccn4)CC3)ncc2-c2cnc3[nH]ccc3n2)C1,9.76,0.0,1
CHEMBL2971,CS(=O)(=O)N1CCC[C@H](Nc2nc(N3CCOCC3)ncc2-c2cnc3[nH]ccc3n2)C1,8.49,2.1213203435596424,2
CHEMBL2971,CS(=O)(=O)N1CCC[C@H](Nc2nc(N3CCS(=O)(=O)CC3)ncc2-c2cnc3[nH]ccc3n2)C1,9.59,0.0,1
CHEMBL2971,CS(=O)(=O)N1CCC[C@H](Nc2nc(N3CC[C@@H](O)C3)ncc2-c2cnc3[nH]ccc3n2)C1,8.245000000000001,2.1142492757477767,2
CHEMBL2971,CS(=O)(=O)N1CCC[C@H](Nc2nc(N3CC[C@H](O)C3)ncc2-c2cnc3[nH]ccc3n2)C1,9.77,0.0,1
CHEMBL2971,CS(=O)(=O)N1CCC[C@H](Nc2nc(NC3CCC(C#N)CC3)ncc2-c2cnc3[nH]ccc3n2)C1,9.84,0.0,1
CHEMBL2971,CS(=O)(=O)N1CCC[C@H](Nc2nc(NCCN)ncc2-c2cnc3[nH]ccc3n2)C1,9.78,0.0,1
CHEMBL2971,CS(=O)(=O)N1CCC[C@H](Nc2nc(NCCO)ncc2-c2cnc3[nH]ccc3n2)C1,10.18,0.0,1
CHEMBL2971,CS(=O)(=O)N1CCC[C@H](Nc2nc(Nc3ccncc3)ncc2-c2cnc3[nH]ccc3n2)C1,9.2,0.0,1
CHEMBL2971,CS(=O)(=O)N1CCC[C@H](Nc2ncccc2-c2cnc3[nH]cc(C#N)c3n2)C1,9.91,0.0,1
CHEMBL2971,CS(=O)(=O)N1CCC[C@H](Nc2ncccc2-c2cnc3[nH]cc(C4CC4)c3n2)C1,10.42,0.0,1
CHEMBL2971,CS(=O)(=O)N1CCC[C@H](Nc2ncccc2-c2cnc3[nH]cc(Cl)c3n2)C1,10.4,0.0,1
CHEMBL2971,CS(=O)(=O)N1CCC[C@H](Nc2ncccc2-c2cnc3[nH]ccc3n2)C1,8.59,2.1213203435596424,2
CHEMBL2971,CS(=O)(=O)N1CCC[C@H](Nc2ncccc2-c2cnc3[nH]ncc3n2)C1,9.07,0.0,1
CHEMBL2971,CS(=O)(=O)N1CCC[C@H](Nc2ncccc2-c2cnc3cc[nH]c3n2)C1,8.91,0.0,1
CHEMBL2971,CS(=O)(=O)N1CCC[C@H](Nc2nccnc2-c2cnc3[nH]ccc3n2)C1,8.94,2.121320343559642,2
CHEMBL2971,CS(=O)(=O)N1CCC[C@H](Nc2ncncc2-c2cnc3[nH]ccc3n2)C1,8.24,2.1213203435596424,2
CHEMBL2971,CS(=O)(=O)N1CCC[C@H](n2c(=O)[nH]c3cnc4[nH]ccc4c32)C1,6.07,0.0,1
CHEMBL2971,CS(=O)(=O)N1CCN(c2ccc(Nc3ncc(C(N)=O)c(NC4CC4)n3)cc2)CC1,8.49,0.0,1
CHEMBL2971,CS(=O)(=O)N1CCN(c2ccc(Nc3ncnc(-c4ccc(OC5CCOCC5)c(C#N)c4)n3)cc2)CC1,6.46,0.0,1
CHEMBL2971,CS(=O)(=O)N1CC[C@@H](Nc2ncccc2-c2cnc3[nH]ccc3n2)C1,10.53,0.0,1
CHEMBL2971,CS(=O)(=O)N1CC[C@@H](O)[C@H](Nc2ncccc2-c2cnc3[nH]ccc3n2)C1,10.7,0.0,1
CHEMBL2971,CS(=O)(=O)N1CC[C@@H](Oc2ccc(-c3ncnc(Nc4ccc(N5CCN(C6COC6)CC5)cc4)n3)cc2C#N)C1,6.76,0.0,1
CHEMBL2971,CS(=O)(=O)N1CC[C@H](Nc2ncccc2-c2cnc3[nH]ccc3n2)C1,10.97,0.0,1
CHEMBL2971,CS(=O)(=O)N1C[C@@H](Nc2ncccc2-c2cnc3[nH]ccc3n2)C[C@H](C(F)(F)F)C1,9.26,0.0,1
CHEMBL2971,CS(=O)(=O)NC(=O)C1CC[C@@](CC#N)(n2nc(Nc3ccc(Cl)cc3)c3c(=O)[nH]ccc32)CO1,7.63,0.0,1
CHEMBL2971,CS(=O)(=O)NC(=O)c1ccc(Nc2nn([C@@H](CC#N)C3CC3)c3cc[nH]c(=O)c23)cc1,5.63,0.0,1
CHEMBL2971,CS(=O)(=O)NCCNC(=O)c1cnn2ccc(N3CCC[C@@H]3c3cc(F)ccc3F)nc12,8.48,0.0,1
CHEMBL2971,CS(=O)(=O)NC[C@H]1CC[C@H](N2CN(C3CC3)C(=O)c3cnc4[nH]ccc4c32)CC1,8.31,0.0,1
CHEMBL2971,CS(=O)(=O)NC[C@H]1CC[C@H](N2CN(CC(F)(F)F)C(=O)c3cnc4[nH]ccc4c32)CC1,7.92,0.0,1
CHEMBL2971,CS(=O)(=O)NC[C@H]1CC[C@H](c2nnn3cnc4[nH]ccc4c23)CC1,8.92,0.0,1
CHEMBL2971,CS(=O)(=O)NCc1nc2cnc3[nH]ccc3c2n1[C@@H]1C[C@H]2CC[C@@H]1C2,6.72,0.0,1
CHEMBL2971,CS(=O)(=O)N[C@@H]1CCC(n2cc(C(N)=O)c(Nc3ccc(F)cc3)n2)[C@H](C#N)C1,7.92,0.0,1
CHEMBL2971,CS(=O)(=O)N[C@@H]1CC[C@H](n2cc(C(N)=O)c(Nc3ccc(Cl)cc3)n2)[C@@H](C#N)C1,8.1,0.0,1
CHEMBL2971,CS(=O)(=O)N[C@H]1CCC(n2cc(C(N)=O)c(Nc3ccc(F)cc3)n2)[C@@H](C#N)C1,7.85,0.0,1
CHEMBL2971,CS(=O)(=O)N[C@H]1CC[C@H](n2cc(C(N)=O)c(Nc3ccc(Cl)cc3)n2)[C@@H](C#N)C1,8.3,0.0,1
CHEMBL2971,CS(=O)(=O)Nc1ccc(-c2cc(-c3cnn(C4(CC#N)CC(C#N)C4)n3)c3cccnc3c2)nc1,7.215,0.5444722215136413,2
CHEMBL2971,CS(=O)(=O)Nc1ccc(-c2cc3ncccc3c(-c3ccn(C4(CC#N)CC(C#N)C4)n3)n2)cc1,7.525,0.41719300090006295,2
CHEMBL2971,CS(=O)(=O)Nc1ccc(-c2cc3ncccc3c(-c3ccn(C4(CC#N)CN(S(C)(=O)=O)C4)n3)n2)cn1,6.83,0.0,1
CHEMBL2971,CS(=O)(=O)Nc1ccc(-c2ccnc(Nc3ccc(CN4CCC(O)CC4)cc3)n2)cc1,7.8,0.0,1
CHEMBL2971,CS(=O)(=O)Nc1ccc(-c2ccnc(Nc3ccc(CN4CCCCC4)cc3)n2)cc1,7.96,0.0,1
CHEMBL2971,CS(=O)(=O)Nc1ccc(-c2ccnc(Nc3ccc(CN4CCOCC4)cc3)n2)cc1,8.05,0.0,1
CHEMBL2971,CS(=O)(=O)Nc1ccc(-c2ccnc(Nc3ccc(CN4CCS(=O)(=O)CC4)cc3)n2)cc1,8.7,0.0,1
CHEMBL2971,CS(=O)(=O)Nc1ccc(-c2ccnc(Nc3ccc(N4CCC(C(=O)NCCCC(=O)NO)CC4)cc3)n2)cc1,9.0,0.0,1
CHEMBL2971,CS(=O)(=O)Nc1ccc(-c2ccnc(Nc3ccc(N4CCC(C(=O)NCCCCC(=O)NO)CC4)cc3)n2)cc1,9.0,0.0,1
CHEMBL2971,CS(=O)(=O)Nc1ccc(-c2ccnc(Nc3ccc(N4CCC(C(=O)NCCCCCC(=O)NO)CC4)cc3)n2)cc1,8.52,0.0,1
CHEMBL2971,CS(=O)(=O)Nc1ccc(-c2ccnc(Nc3ccc(N4CCC(C(=O)NCCCCCCC(=O)NO)CC4)cc3)n2)cc1,8.7,0.0,1
CHEMBL2971,CS(=O)(=O)Nc1ccc(-c2ccnc(Nc3ccc(N4CCC(C(=O)NCCCCCCCC(=O)NO)CC4)cc3)n2)cc1,8.7,0.0,1
CHEMBL2971,CS(=O)(=O)Nc1ccc(-c2ccnc(Nc3ccc(N4CCC(C(=O)NCc5ccc(C(=O)NO)cc5)CC4)cc3)n2)cc1,7.75,0.0,1
CHEMBL2971,CS(=O)(=O)Nc1ccc(-c2ccnc(Nc3ccc(N4CCC(C(=O)NO)CC4)cc3)n2)cc1,9.0,0.0,1
CHEMBL2971,CS(=O)(=O)Nc1ccc(-c2ccnc(Nc3ccc(N4CCC(C(=O)Nc5ccc(/C=C/C(=O)NO)cc5)CC4)cc3)n2)cc1,8.1,0.0,1
CHEMBL2971,CS(=O)(=O)Nc1ccc(-c2ccnc(Nc3ccc(N4CCC(C(=O)Nc5ccc(C(=O)NO)cc5)CC4)cc3)n2)cc1,8.7,0.0,1
CHEMBL2971,CS(=O)(=O)Nc1ccc(-c2ccnc(Nc3ccc(N4CCC(C(=O)Nc5ccccc5N)CC4)cc3)n2)cc1,8.7,0.0,1
CHEMBL2971,CS(=O)(=O)Nc1ccc(-c2ccnc(Nc3ccc(N4CCC(CCc5ccc(/C=C/CC(=O)NO)cc5)CC4)cc3)n2)cc1,8.1,0.0,1
CHEMBL2971,CS(=O)(=O)Nc1ccc(-c2ccnc(Nc3ccc(N4CCC(O)CC4)cc3)n2)cc1,8.22,0.0,1
CHEMBL2971,CS(=O)(=O)Nc1ccc(-c2ccnc(Nc3ccc(N4CCN(CC(=O)Nc5ccc(/C=C/C(=O)NO)cc5)CC4)cc3)n2)cc1,9.14,0.0,1
CHEMBL2971,CS(=O)(=O)Nc1ccc(-c2ccnc(Nc3ccc(N4CCN(CC(=O)Nc5ccc(C(=O)NO)cc5)CC4)cc3)n2)cc1,9.31,0.0,1
CHEMBL2971,CS(=O)(=O)Nc1ccc(-c2ccnc(Nc3ccc(N4CCOCC4)cc3)n2)cc1,8.4,0.0,1
CHEMBL2971,CS(=O)(=O)Nc1ccc(-c2ccnc(Nc3cccc(CN4CCC(O)CC4)c3)n2)cc1,7.92,0.0,1
CHEMBL2971,CS(=O)(=O)Nc1ccc(-c2ccnc(Nc3cccc(CN4CCCC4)c3)n2)cc1,8.22,0.0,1
CHEMBL2971,CS(=O)(=O)Nc1ccc(-c2ccnc(Nc3cccc(CN4CCOCC4)c3)n2)cc1,8.1,0.0,1
CHEMBL2971,CS(=O)(=O)Nc1cccc(-c2cc(-c3cnn(C4(CC#N)CC(C#N)C4)n3)c3cccnc3c2)n1,6.744999999999999,0.5020458146424484,2
CHEMBL2971,CS(=O)(=O)Nc1cccc(-c2cnc3ccccc3n2)c1,4.73,0.0,1
CHEMBL2971,CS(=O)(=O)Nc1ccnc(-c2cnc3[nH]ccc3c2N[C@@H]2CCCN(C(=O)CC#N)C2)c1,6.26,0.0,1
CHEMBL2971,CS(=O)(=O)Nc1cncc(-c2cc3ncccc3c(-c3ccn(C4(CC#N)CN(S(C)(=O)=O)C4)n3)n2)c1,5.17,0.0,1
CHEMBL2971,CS(=O)(=O)OC1CN(c2ccc(-c3ncnc(Nc4ccc(N5CCN(C6COC6)CC5)cc4)n3)cc2C#N)C1,4.28,0.0,1
CHEMBL2971,CS(=O)(=O)c1cc(Nc2nn(C3COCC[C@@H]3C#N)c3cc[nH]c(=O)c23)ccc1Cl,5.13,0.0,1
CHEMBL2971,CS(=O)(=O)c1ccc(-c2cc(-c3cnn(C4(CC#N)CC(C#N)C4)n3)c3cccnc3c2)nc1,6.965,0.5868986283848344,2
CHEMBL2971,CS(=O)(=O)c1ccc(-c2cc3ncccc3c(-c3ccn(C4(CC#N)CC(C#N)C4)n3)n2)cn1,6.845000000000001,0.5727564927611035,2
CHEMBL2971,CS(=O)(=O)c1ccc(-c2cc3ncccc3c(-c3ccn(C4(CC#N)CN(S(C)(=O)=O)C4)n3)n2)cn1,6.32,0.0,1
CHEMBL2971,CS(=O)(=O)c1ccc(-c2ccc(-c3nc4cnc5[nH]ccc5c4n3[C@H]3CC[C@H](CC#N)CC3)cc2)cc1,7.52,0.0,1
CHEMBL2971,CS(=O)(=O)c1ccc(-c2ccc3nc(Nc4ccc(N5CCOCC5)cc4)nn3c2)cc1,5.0,0.0,1
CHEMBL2971,CS(=O)(=O)c1ccc(-c2cccc3nc(Nc4ccc(CN5CCOCC5)cc4)nn23)cc1,8.96,0.0,1
CHEMBL2971,CS(=O)(=O)c1ccc(-c2cccc3nc(Nc4ccc(CN5CCS(=O)(=O)CC5)cc4)nn23)cc1,9.18,0.0,1
CHEMBL2971,CS(=O)(=O)c1ccc(-c2cccc3nc(Nc4ccc(N5CCOCC5)cc4)nn23)cc1,9.15,0.0,1
CHEMBL2971,CS(=O)(=O)c1ccc(-c2cccc3nc(Nc4ccc(OCCN5CCCC5)cc4)nn23)cc1,8.68,0.0,1
CHEMBL2971,CS(=O)(=O)c1ccc(-c2cccc3nc(Nc4cccc(CN5CCOCC5)c4)nn23)cc1,9.02,0.0,1
CHEMBL2971,CS(=O)(=O)c1ccc(-c2cccc3nc(Nc4cccc(CN5CCS(=O)(=O)CC5)c4)nn23)cc1,9.26,0.0,1
CHEMBL2971,CS(=O)(=O)c1ccc(-c2cccc3nc(Nc4cccc(S(C)(=O)=O)c4)nn23)cc1,8.03,0.0,1
CHEMBL2971,CS(=O)(=O)c1ccc(-c2cccn3nc(NCCc4ccccn4)nc23)cc1,5.0,0.0,1
CHEMBL2971,CS(=O)(=O)c1ccc(-c2cccn3nc(NCCc4cccnc4)nc23)cc1,5.7,0.0,1
CHEMBL2971,CS(=O)(=O)c1ccc(-c2cccn3nc(NCc4ccccn4)nc23)cc1,5.19,0.0,1
CHEMBL2971,CS(=O)(=O)c1ccc(-c2cccn3nc(NCc4cccnc4)nc23)cc1,5.56,0.0,1
CHEMBL2971,CS(=O)(=O)c1ccc(-c2cccn3nc(Nc4ccc(CN5CCOCC5)cc4)nc23)cc1,8.66,0.0,1
CHEMBL2971,CS(=O)(=O)c1ccc(-c2cccn3nc(Nc4ccc(CN5CCS(=O)(=O)CC5)cc4)nc23)cc1,9.12,0.0,1
CHEMBL2971,CS(=O)(=O)c1ccc(-c2cccn3nc(Nc4ccc(N5CCCCC5)cc4)nc23)cc1,9.22,0.0,1
CHEMBL2971,CS(=O)(=O)c1ccc(-c2cccn3nc(Nc4ccc(N5CCOCC5)cc4)nc23)cc1,9.05,0.0,1
CHEMBL2971,CS(=O)(=O)c1ccc(-c2cccn3nc(Nc4ccc(OCCN5CCCC5)cc4)nc23)cc1,9.0,0.0,1
CHEMBL2971,CS(=O)(=O)c1ccc(-c2cccn3nc(Nc4ccc(OCCN5CCOCC5)cc4)nc23)cc1,8.89,0.0,1
CHEMBL2971,CS(=O)(=O)c1ccc(-c2cccn3nc(Nc4ccc(OS(=O)(=O)C(F)(F)C(F)(F)C(F)(F)C(F)(F)F)cc4)nc23)cc1,6.97,0.0,1
CHEMBL2971,CS(=O)(=O)c1ccc(-c2cccn3nc(Nc4ccc5c(c4)CCC(N4CCOCC4)CC5)nc23)cc1,8.81,0.0,1
CHEMBL2971,CS(=O)(=O)c1ccc(-c2cccn3nc(Nc4ccc5c(c4)CCNCC5)nc23)c(OCC(F)F)c1,7.21,0.0,1
CHEMBL2971,CS(=O)(=O)c1ccc(-c2cccn3nc(Nc4cccc(C5CCN(CC(N)=O)CC5)c4)nc23)cc1,9.39,0.0,1
CHEMBL2971,CS(=O)(=O)c1ccc(-c2cccn3nc(Nc4cccc(CN5CCOCC5)c4)nc23)cc1,9.22,0.0,1
CHEMBL2971,CS(=O)(=O)c1ccc(-c2cccn3nc(Nc4cccc(CN5CCS(=O)(=O)CC5)c4)nc23)cc1,9.17,0.0,1
CHEMBL2971,CS(=O)(=O)c1ccc(-c2cccn3nc(Nc4cccc(N5CCN(CC(N)=O)CC5)c4)nc23)cc1,9.19,0.0,1
CHEMBL2971,CS(=O)(=O)c1ccc(-c2cccn3nc(Nc4cccc(N5CCN(CCCF)CC5)c4)nc23)cc1,8.31,0.0,1
CHEMBL2971,CS(=O)(=O)c1ccc(-c2cccn3nc(Nc4cccc(N5CCN(CCO)CC5)c4)nc23)cc1,8.62,0.0,1
CHEMBL2971,CS(=O)(=O)c1ccc(-c2cccn3nc(Nc4cccc(N5CCNCC5)c4)nc23)cc1,9.01,0.0,1
CHEMBL2971,CS(=O)(=O)c1ccc(-c2cccn3nc(Nc4cccc(N5CCOCC5)c4)nc23)cc1,9.4,0.0,1
CHEMBL2971,CS(=O)(=O)c1ccc(-c2cccn3nc(Nc4cccc(S(C)(=O)=O)c4)nc23)cc1,8.25,0.0,1
CHEMBL2971,CS(=O)(=O)c1ccc(-c2cccn3nc(Nc4cccc([C@@H]5CCN(CC(N)=O)C[C@@H]5O)c4)nc23)cc1,9.26,0.0,1
CHEMBL2971,CS(=O)(=O)c1ccc(-c2cccn3nc(Nc4cccc([C@@H]5CCNC[C@@H]5O)c4)nc23)cc1,8.85,0.0,1
CHEMBL2971,CS(=O)(=O)c1ccc(-c2cccn3nc(Nc4cnn(C5CCNCC5)c4)nc23)cc1,9.15,0.0,1
CHEMBL2971,CS(=O)(=O)c1ccc(-c2cccn3nc(Nc4cnn(CCN5CCCC5)c4)nc23)cc1,7.86,0.0,1
CHEMBL2971,CS(=O)(=O)c1ccc(-n2ccc3cnc(Nc4cnn(CCCCCC(=O)NO)c4)nc32)cc1,8.01,0.0,1
CHEMBL2971,CS(=O)(=O)c1ccc(-n2ccc3cnc(Nc4cnn(CCCCCCC(=O)NO)c4)nc32)cc1,7.8,0.0,1
CHEMBL2971,CS(=O)(=O)c1ccc(CN2CCC(c3nnn4cnc5[nH]ccc5c34)CC2)cc1,7.38,0.0,1
CHEMBL2971,CS(=O)(=O)c1ccc(CNC[C@H]2CC[C@H](c3nnn4cnc5[nH]ccc5c34)CC2)cc1,6.855,0.2757716446627536,2
CHEMBL2971,CS(=O)(=O)c1ccc(Nc2nc3c(-c4ccc(S(C)(=O)=O)cc4)cccn3n2)cc1,8.89,0.0,1
CHEMBL2971,CS(=O)(=O)c1ccc(Nc2nc3cccc(-c4ccc(S(C)(=O)=O)cc4)n3n2)cc1,8.85,0.0,1
CHEMBL2971,CS(=O)(=O)c1ccc(Nc2nn(C3(CC#N)CCC4(CC3)OCCO4)cc2C(N)=O)cc1,6.69,0.0,1
CHEMBL2971,CS(=O)(=O)c1ccc(Nc2nn(C3(CC#N)CCCCC3)cc2C(N)=O)cc1,6.71,0.0,1
CHEMBL2971,CS(=O)(=O)c1ccc(Nc2nn(C3(CC#N)CCN(C(=O)CC#N)CC3)cc2C(N)=O)cc1,8.0,0.0,1
CHEMBL2971,CS(=O)(=O)c1ccc(Nc2nn(C3(CC#N)CCN(c4cc(C(F)(F)F)ccn4)CC3)c3cc[nH]c(=O)c23)cc1,9.43,0.0,1
CHEMBL2971,CS(=O)(=O)c1ccc(Nc2nn(C3(CC#N)CCN(c4ccc(Br)cn4)CC3)c3cc[nH]c(=O)c23)cc1,9.39,0.0,1
CHEMBL2971,CS(=O)(=O)c1ccc(Nc2nn(C3(CC#N)CCN(c4ccc(C#N)cn4)CC3)c3cc[nH]c(=O)c23)cc1,10.4,0.0,1
CHEMBL2971,CS(=O)(=O)c1ccc(Nc2nn(C3(CC#N)CCN(c4ccc(C(F)(F)F)cn4)CC3)c3cc[nH]c(=O)c23)cc1,9.26,0.0,1
CHEMBL2971,CS(=O)(=O)c1ccc(Nc2nn(C3(CC#N)CCN(c4ccc(I)cn4)CC3)c3cc[nH]c(=O)c23)cc1,8.99,0.0,1
CHEMBL2971,CS(=O)(=O)c1ccc(Nc2nn(C3(CC#N)CCOCC3)cc2C(N)=O)cc1,6.74,0.0,1
CHEMBL2971,CS(=O)(=O)c1ccc(Nc2nn(C3(CC#N)CN(C(=O)Nc4cc(F)ccc4F)C3)cc2C(N)=O)cc1,6.62,0.0,1
CHEMBL2971,CS(=O)(=O)c1ccc(Nc2nn(C3(CC#N)CN(C(=O)OC4CCCC4)C3)cc2C(N)=O)cc1,6.88,0.0,1
CHEMBL2971,CS(=O)(=O)c1ccc(Nc2nn(C3(CC#N)CN(C(=O)OC4CCOC4)C3)cc2C(N)=O)cc1,6.66,0.0,1
CHEMBL2971,CS(=O)(=O)c1ccc(Nc2nn(C3(CC#N)CN(C(=O)OC4CCOCC4)C3)cc2C(N)=O)cc1,6.54,0.0,1
CHEMBL2971,CS(=O)(=O)c1ccc(Nc2nn(C3CCCCC3C#N)cc2C(N)=O)cc1,8.05,0.0,1
CHEMBL2971,CS(=O)(=O)c1ccc(Nc2nn(C3CCCC[C@@H]3C#N)cc2C(N)=O)cc1F,8.0,0.0,1
CHEMBL2971,CS(=O)(=O)c1ccc(Nc2nn(C3CCCC[C@H]3C#N)cc2C(N)=O)cc1,7.75,0.0,1
CHEMBL2971,CS(=O)(=O)c1ccc(Nc2nn(C3CCOCC3)cc2C(N)=O)cc1,6.82,0.0,1
CHEMBL2971,CS(=O)(=O)c1ccc(Nc2nn(C3COCC[C@H]3C#N)c3cc[nH]c(=O)c23)cc1,4.94,0.0,1
CHEMBL2971,CS(=O)(=O)c1ccc(Nc2nn([C@@H](CC#N)C3CC3)c3cc[nH]c(=O)c23)cc1,6.03,0.0,1
CHEMBL2971,CS(=O)(=O)c1ccc(Nc2nn([C@@H](CC#N)C3CC3)c3cc[nH]c(=O)c23)cc1F,5.58,0.0,1
CHEMBL2971,CS(=O)(=O)c1ccc(Nc2nn([C@@H]3CCC4(CC4)C[C@@H]3C#N)c3cc[nH]c(=O)c23)cc1,5.32,0.0,1
CHEMBL2971,CS(=O)(=O)c1ccc(Nc2nn([C@@H]3CCC4(CC4)C[C@H]3C#N)c3cc[nH]c(=O)c23)cc1,5.36,0.0,1
CHEMBL2971,CS(=O)(=O)c1ccc(Nc2nn([C@@H]3CCCC[C@H]3C#N)c3cc[nH]c(=O)c23)cc1,4.8,0.0,1
CHEMBL2971,CS(=O)(=O)c1ccc(Nc2nn([C@@H]3CCCC[C@H]3C#N)cc2C(N)=O)cc1,8.335,0.26162950903902266,2
CHEMBL2971,CS(=O)(=O)c1ccc(Nc2nn([C@@H]3CCC[C@H]3C#N)c3cc[nH]c(=O)c23)cc1,4.8,0.0,1
CHEMBL2971,CS(=O)(=O)c1ccc(Nc2nn([C@@]3(CC#N)CCCOC3)c3cc[nH]c(=O)c23)cc1,7.24,0.0,1
CHEMBL2971,CS(=O)(=O)c1ccc(Nc2nn([C@H]3CCCC[C@@H]3C#N)c3cc[nH]c(=O)c23)cc1,6.08,0.0,1
CHEMBL2971,CS(=O)(=O)c1ccc(Nc2nn([C@H]3CCCC[C@@H]3C#N)c3cc[nH]c(=O)c23)cc1CN,5.54,0.0,1
CHEMBL2971,CS(=O)(=O)c1ccc(Nc2nn([C@H]3CCCC[C@@H]3C#N)cc2C(N)=O)cc1,7.57,0.0,1
CHEMBL2971,CS(=O)(=O)c1ccc(Nc2nn([C@H]3CCCC[C@H]3C#N)cc2C(N)=O)cc1,7.07,0.0,1
CHEMBL2971,CS(=O)(=O)c1ccc(Nc2nn([C@H]3CCC[C@@H]3C#N)c3cc[nH]c(=O)c23)cc1,6.16,0.0,1
CHEMBL2971,CS(=O)(=O)c1ccc(Nc2nn([C@H]3CCC[C@@H]3C#N)cc2C(N)=O)cc1,7.96,0.0,1
CHEMBL2971,CS(=O)(=O)c1ccc(Nc2nn([C@H]3CCC[C@H]3C#N)cc2C(N)=O)cc1,7.09,0.0,1
CHEMBL2971,CS(=O)(=O)c1ccc(Nc2nn([C@H]3CC[C@@H](N4CC5(CCC5)C4)C[C@@H]3C#N)cc2C(N)=O)cc1,7.82,0.0,1
CHEMBL2971,CS(=O)(=O)c1ccc(Nc2nn([C@H]3CC[C@@H](O)C[C@@H]3C#N)cc2C(N)=O)cc1,8.52,0.0,1
CHEMBL2971,CS(=O)(=O)c1ccc(Nc2nn([C@H]3CC[C@H](N4CC5(CCC5)C4)C[C@@H]3C#N)cc2C(N)=O)cc1,8.3,0.0,1
CHEMBL2971,CS(=O)(=O)c1ccc(Nc2nn([C@H]3COCC[C@@H]3C#N)c3cc[nH]c(=O)c23)cc1,6.46,0.0,1
CHEMBL2971,CS(=O)(=O)c1ccc(Nc2nn([C@]3(CC#N)CCCOC3)c3cc[nH]c(=O)c23)cc1,8.79,0.0,1
CHEMBL2971,CS(=O)(=O)c1ccc(Nc2nn([C@]3(CC#N)C[C@@H](C#N)C3)cc2C(N)=O)cc1,6.9,0.0,1
CHEMBL2971,CS(=O)(=O)c1ccc(Nc2oc(-c3c(Cl)cccc3Cl)nc2C(N)=O)cc1,7.06,0.0,1
CHEMBL2971,CS(=O)(=O)c1ccc(Nc2oc(-c3c(F)cc(F)cc3F)nc2C(N)=O)cc1,6.38,0.0,1
CHEMBL2971,CS(=O)(=O)c1ccc(Nc2oc(-c3c(F)cccc3Cl)nc2C(N)=O)cc1,7.14,0.0,1
CHEMBL2971,CS(=O)(=O)c1ccc(Nc2oc(-c3c(F)cccc3F)nc2C(N)=O)cc1,6.63,0.0,1
CHEMBL2971,CS(=O)(=O)c1ccc(Nc2oc(-c3cc(F)ccc3F)nc2C(N)=O)cc1,6.18,0.0,1
CHEMBL2971,CS(=O)(=O)c1ccc(Nc2sc(-c3ccccc3)cc2C(N)=O)nc1,7.8,0.0,1
CHEMBL2971,CS(=O)(=O)c1ccc(OCC(F)F)c(-c2cccn3nc(Nc4ccc5c(c4)CCNCC5)nc23)c1,6.22,0.0,1
CHEMBL2971,CS(=O)(=O)c1ccc(Oc2cccn3nc(Nc4cnn(CCN5CCCC5)c4)nc23)cc1,5.52,0.0,1
CHEMBL2971,CS(=O)(=O)c1ccc2c(c1)CCN2C[C@H]1CC[C@H](c2nnn3cnc4[nH]ccc4c23)CC1,7.42,0.0,1
CHEMBL2971,CS(=O)(=O)c1cccc(-c2cccc3nc(Nc4ccc(CN5CCOCC5)cc4)nn23)c1,8.31,0.0,1
CHEMBL2971,CS(=O)(=O)c1cccc(-c2cccc3nc(Nc4ccc(N5CCOCC5)cc4)nn23)c1,8.49,0.0,1
CHEMBL2971,CS(=O)(=O)c1cccc(-c2cccn3nc(Nc4ccc(N5CCOCC5)cc4)nc23)c1,8.07,0.0,1
CHEMBL2971,CS(=O)(=O)c1cccc(-c2cccn3nc(Nc4ccc(OCCN5CCCC5)cc4)nc23)c1,8.52,0.0,1
CHEMBL2971,CS(=O)(=O)c1cccc(-c2cccn3nc(Nc4cccc(N5CCOCC5)c4)nc23)c1,8.25,0.0,1
CHEMBL2971,CS(=O)(=O)c1cccc(-c2cnc3[nH]ccc3c2N[C@@H]2CCCN(C(=O)CC#N)C2)c1,6.26,0.0,1
CHEMBL2971,CS(=O)(=O)c1ccccc1CNc1cccn2nc(Nc3ccc(OCCN4CCCC4)cc3)nc12,7.82,0.0,1
CHEMBL2971,CS(=O)(=O)c1ccccc1Nc1cc(Nc2ccc(F)cn2)ncc1C(N)=O,7.75,0.0,1
CHEMBL2971,CS(=O)(=O)c1ccccc1Nc1cccn2nc(Nc3ccc(OCCN4CCCC4)cc3)nc12,7.84,0.0,1
CHEMBL2971,CS(=O)(=O)c1ccccc1Nc1nc2c(Nc3ccccc3S(C)(=O)=O)cccn2n1,5.0,0.0,1
CHEMBL2971,CS(=O)(=O)c1cnc(-c2cnc3[nH]ccc3c2N[C@@H]2CCCN(C(=O)CC#N)C2)o1,7.26,0.0,1
CHEMBL2971,CS(=O)(=O)c1cnc(-c2cnc3[nH]ccc3c2N[C@@H]2CCCN(CCC#N)C2)s1,7.26,0.0,1
CHEMBL2971,CS(C)(=O)=NCc1nc2cnc3[nH]ccc3c2n1[C@H]1CC[C@H](CC#N)CC1,8.0,0.0,1
CHEMBL2971,CSC(C)C(=O)N1CCC(CC#N)(n2nc(Nc3ccc(S(=O)(=O)N(C)C)cc3)c3c(=O)[nH]ccc32)CC1,9.44,0.0,1
CHEMBL2971,CSCCCN1CCC(CC#N)(n2cc(C(N)=O)c(Nc3ccccc3)n2)CC1,6.62,0.0,1
CHEMBL2971,CSCCCn1cc(Nc2ncc(C(N)=O)c(NCc3c(F)cccc3F)n2)cn1,9.12,0.0,1
CHEMBL2971,CSCCNc1nc(-c2cc(F)c(O)cc2CC(F)(F)F)cc2[nH]nc(-c3nc4c([nH]3)CCN(Cc3ccccc3)C4)c12,6.71,0.0,1
CHEMBL2971,CSCCOC(=O)N1CCC(CC#N)(n2nc(Nc3ccc(S(=O)(=O)N(C)C)cc3)c3c(=O)[nH]ccc32)CC1,8.96,0.0,1
CHEMBL2971,CSCN1CN([C@H]2CC[C@H](CNCC(F)(F)F)CC2)c2c(cnc3[nH]ccc23)C1=O,7.47,0.0,1
CHEMBL2971,CSCc1cc(Cn2ccnn2)cc(Nc2nn([C@H]3CCCC[C@@H]3C#N)c3cc[nH]c(=O)c23)c1,5.36,0.0,1
CHEMBL2971,CSc1cc(Nc2nn([C@H]3COCC[C@@H]3C#N)cc2C(N)=O)ccc1Cl,8.26,0.0,1
CHEMBL2971,CSc1ccc(C(O)(CN[C@H]2CC[C@H](c3nnn4cnc5[nH]ccc5c34)CC2)C(F)(F)F)cc1,7.57,0.0,1
CHEMBL2971,CSc1ncc(-c2cnc3[nH]ccc3n2)c(N[C@H]2CCCN(C(=O)CC#N)C2)n1,9.65,0.0,1
CHEMBL2971,CSc1ncc(-c2cnc3[nH]ccc3n2)c(N[C@H]2CCCN(S(=O)(=O)CC(C)C)C2)n1,10.12,0.0,1
CHEMBL2971,CSc1ncc(-c2cnc3[nH]ccc3n2)c(N[C@H]2CCCN(S(=O)(=O)CCC(C)(C)C)C2)n1,10.53,0.0,1
CHEMBL2971,CSc1ncc(-c2cnc3[nH]ccc3n2)c(N[C@H]2CCCN(S(C)(=O)=O)C2)n1,9.86,0.0,1
CHEMBL2971,CSc1nccc(-c2cnc3[nH]ccc3c2N[C@@H]2CCCN(C(=O)CC#N)C2)n1,7.26,0.0,1
CHEMBL2971,CSc1nccc(-c2nc3cnc4[nH]ccc4c3n2[C@H]2CC[C@H](CC#N)CC2)n1,8.03,0.0,1
CHEMBL2971,C[C@@H](CC(F)(F)F)n1cc(-c2nc(-c3cnn(C[C@@H](O)CO)c3)cn3nccc23)cn1,6.26,0.0,1
CHEMBL2971,C[C@@H](CO)C(=O)N1CC[C@H](Oc2ccc(-c3ncnc(Nc4ccc(N5CCN(C6COC6)CC5)cc4)n3)cc2C#N)[C@H](F)C1,6.26,0.0,1
CHEMBL2971,C[C@@H](CO)NC(=O)c1cnn2ccc(N3CCCC3c3cncc(F)c3)nc12,7.58,0.0,1
CHEMBL2971,C[C@@H](CO)NC(=O)c1cnn2ccc(N3CCC[C@@H]3c3cc(F)ccc3F)nc12,8.74,0.0,1
CHEMBL2971,C[C@@H](CO)c1ccc(Nc2nccc(N3C[C@H]4CC[C@@H](C3)N4C(=O)C3CC3(F)F)n2)cn1,6.85,0.0,1
CHEMBL2971,C[C@@H](N)C(=O)Nc1ccc(-c2ccnc(Nc3ccc(N4CCOCC4)cc3)n2)cc1,8.77,0.0,1
CHEMBL2971,C[C@@H](NC(=O)N1CC(CC#N)(n2cc(C(N)=O)c(Nc3ccccc3)n2)C1)c1ccccc1,6.58,0.0,1
CHEMBL2971,C[C@@H](NC(=O)c1c[nH]c2ncc(-c3cn(C)c4cc(Cl)ccc34)nc12)C(=O)N1CC(C#N)C1,8.48,0.0,1
CHEMBL2971,C[C@@H](NC(=O)c1c[nH]c2ncc(-c3cnc4cc(Cl)ccn34)nc12)C(=O)N1CC(C#N)C1,7.24,0.0,1
CHEMBL2971,C[C@@H](NC(=O)c1c[nH]c2ncc(-c3ncn4cc(F)cc(F)c34)nc12)C(=O)N1CC(C#N)C1,7.43,0.0,1
CHEMBL2971,C[C@@H](NC(=O)c1c[nH]c2ncc(-c3ncn4cc(F)ccc34)nc12)C(=O)N1CC(C#N)C1,8.23,0.0,1
CHEMBL2971,C[C@@H](NC(=O)c1c[nH]c2ncc(-c3nn(C)c4cc(C#N)ccc34)nc12)C(=O)N1CC(C#N)C1,7.42,0.0,1
CHEMBL2971,C[C@@H](NC(=O)c1c[nH]c2ncc(-c3nn(C)c4cc(C(C)(C)C)ccc34)nc12)C(=O)N1CC(C#N)C1,7.89,0.0,1
CHEMBL2971,C[C@@H](NC(=O)c1c[nH]c2ncc(-c3nn(C)c4cc(C5CC5)ccc34)nc12)C(=O)N1CC(C#N)C1,7.82,0.0,1
CHEMBL2971,C[C@@H](NC(=O)c1c[nH]c2ncc(-c3nn(C)c4cc(Cl)cc(F)c34)nc12)C(=O)N1CC(C#N)C1,7.25,0.0,1
CHEMBL2971,C[C@@H](NC(=O)c1c[nH]c2ncc(-c3nn(C)c4cc(Cl)ccc34)nc12)C(=O)N1CC(C#N)C1,7.66,0.0,1
CHEMBL2971,C[C@@H](NC(=O)c1c[nH]c2ncc(-c3nn(C)c4cc(F)ccc34)nc12)C(=O)N1CC(C#N)C1,7.92,0.0,1
CHEMBL2971,C[C@@H](NC(=O)c1c[nH]c2ncc(-c3nn(C)c4ccc(Cl)cc34)nc12)C(=O)N1CC(C#N)C1,7.55,0.0,1
CHEMBL2971,C[C@@H](NC(=O)c1c[nH]c2ncc(-c3nn(C)c4ccccc34)nc12)C(=O)N1CC(C#N)C1,7.7,0.0,1
CHEMBL2971,C[C@@H](NC(=O)c1c[nH]c2ncc(-n3ncc4cc(Cl)ccc43)nc12)C(=O)N1CC(C#N)C1,7.08,0.0,1
CHEMBL2971,C[C@@H](NC(=O)c1c[nH]c2ncc(C3CC3)nc12)C(=O)N(C)C,6.64,0.0,1
CHEMBL2971,C[C@@H](NC(=O)c1c[nH]c2ncc(C3CC3)nc12)C(=O)N1CC(C#N)C1,6.24,1.6829141392239826,2
CHEMBL2971,C[C@@H](NC(=O)c1c[nH]c2ncc(C3CC3)nc12)C(=O)N1CCC(C#N)C1,6.665,1.3788582233137672,2
CHEMBL2971,C[C@@H](NC(=O)c1c[nH]c2ncc(C3CC3)nc12)C(=O)N1CCC1,6.46,0.0,1
CHEMBL2971,C[C@@H](NC(=O)c1c[nH]c2ncc(C3CC3)nc12)C(=O)N1CCCC1,6.92,0.0,1
CHEMBL2971,C[C@@H](NC(=O)c1c[nH]c2ncc(C3CC3)nc12)C(=O)N1CCCCC1,6.91,0.0,1
CHEMBL2971,C[C@@H](NC(=O)c1c[nH]c2ncc(C3CC3)nc12)C(C)(C)O,7.37,0.0,1
CHEMBL2971,C[C@@H](NC(=O)c1ccc(N(C)[C@@H]2CCN(c3ncnc4[nH]ccc34)C2)c(F)c1)c1ccccc1,10.26,0.0,1
CHEMBL2971,C[C@@H](NC(=O)c1ccc(N(C)[C@@H]2CCN(c3ncnc4[nH]ccc34)C2)nc1)c1ccccc1,6.26,0.0,1
CHEMBL2971,C[C@@H](NC(=O)c1cnn2ccc(N3CCC[C@@H]3c3cc(F)cn(C)c3=O)nc12)C1CC1,7.53,1.4424978336205576,2
CHEMBL2971,C[C@@H](NC(=O)c1cnn2ccc(N3CCC[C@@H]3c3cncc(F)c3)nc12)C(F)(F)F,8.1,0.0,1
CHEMBL2971,C[C@@H](NC(=O)c1cnn2ccc(N3CCC[C@@H]3c3cncc(F)c3)nc12)C1CC1,8.19,0.0,1
CHEMBL2971,C[C@@H](NC(=O)c1cnn2ccc(N3[C@H](CO)CC[C@@H]3c3cncc(F)c3)nc12)C(F)(F)F,7.42,0.0,1
CHEMBL2971,C[C@@H](NCC(F)(F)F)c1ccc(Nc2nn([C@H]3CCCC[C@@H]3C#N)c3cc[nH]c(=O)c23)cc1,6.5,0.0,1
CHEMBL2971,C[C@@H](N[C@@H]1CC[C@H](n2cc(C(N)=O)c(Nc3ccc(S(=O)(=O)C(F)(F)F)cc3)n2)[C@@H](C#N)C1)C1CC1,7.21,0.0,1
CHEMBL2971,C[C@@H](N[C@H]1CC[C@H](n2cc(C(N)=O)c(Nc3ccc(S(=O)(=O)C(F)(F)F)cc3)n2)[C@@H](C#N)C1)C1CC1,7.92,0.0,1
CHEMBL2971,C[C@@H](Nc1c(C(N)=O)cnn2cccc12)C(C)(C)C,7.52,0.0,1
CHEMBL2971,C[C@@H](Nc1cc(-c2c(N)nn3cccnc23)ncn1)c1ccc(Cl)cc1,8.1,0.0,1
CHEMBL2971,C[C@@H](Nc1cc(-c2c(N)nn3cccnc23)ncn1)c1ccc(F)cc1,9.7,0.0,1
CHEMBL2971,C[C@@H](Nc1cc(-c2c(N)nn3cccnc23)ncn1)c1ccccc1,8.85,0.0,1
CHEMBL2971,C[C@@H](Nc1nc(-c2cccc(N(C)C)c2)cnc1N)c1ccccc1,6.28,0.0,1
CHEMBL2971,C[C@@H](Nc1nc(-n2cnc3ccncc32)nc2c1cc(C(=O)N1CCN(C)CC1)n2C)c1ccccc1,6.53,0.0,1
CHEMBL2971,C[C@@H](Nc1ncc(C(N)=O)c2[nH]c3cc(-c4cnn(C)c4)ccc3c12)C1CC1,7.96,0.0,1
CHEMBL2971,C[C@@H](Nc1ncc(C(N)=O)c2[nH]c3ccc(F)cc3c12)C(C)(C)C,6.68,0.0,1
CHEMBL2971,C[C@@H](Nc1nccc(-n2cnc3ccncc32)n1)c1ccccc1,7.31,0.0,1
CHEMBL2971,C[C@@H](O)C(=O)N1CCC(Oc2ccc(-c3ncnc(Nc4ccc(N5CCN(C6COC6)CC5)cc4)n3)cc2C#N)C(F)(F)C1,6.73,0.0,1
CHEMBL2971,C[C@@H](O)C(=O)N1CC[C@@H](Oc2ccc(-c3ncnc(Nc4ccc(N5CCN(C6COC6)CC5)cc4)n3)cc2C#N)C(F)(F)C1,6.68,0.0,1
CHEMBL2971,C[C@@H](O)C(=O)N1CC[C@H](Oc2ccc(-c3ncnc(Nc4ccc(N5CCN(C6COC6)CC5)cc4)n3)cc2C#N)C(F)(F)C1,6.77,0.0,1
CHEMBL2971,C[C@@H](O)CC(=O)N1CCC(CC#N)(n2cc(C(N)=O)c(Nc3ccnc(F)c3)n2)CC1,7.33,0.0,1
CHEMBL2971,C[C@@H](O)CN1CCN(c2cccc(Nc3nc4c(-c5ccc(S(C)(=O)=O)cc5)cccn4n3)c2)CC1,8.95,0.0,1
CHEMBL2971,C[C@@H](O)CNC(=O)c1cnn2ccc(N3CCCC3c3cc(F)ccc3F)nc12,8.66,0.0,1
CHEMBL2971,C[C@@H](O)CNC(=O)c1cnn2ccc(N3CCCC3c3cncc(F)c3)nc12,7.43,0.0,1
CHEMBL2971,C[C@@H](O)CNC[C@H]1CC[C@H](c2nnn3cnc4[nH]ccc4c23)CC1,7.29,0.0,1
CHEMBL2971,C[C@@H](O)Cc1nc2cnc3[nH]ccc3c2n1[C@H]1CC[C@H](CC#N)CC1,9.22,0.0,1
CHEMBL2971,C[C@@H](O)Cn1c2ccc(C(N)=O)cc2nc1[C@H]1CC[C@H](O)CC1,4.92,0.0,1
CHEMBL2971,C[C@@H](O)[C@@H](CO)Nc1c(C(N)=O)cnn2cc(-c3ccccc3)cc12,7.16,0.0,1
CHEMBL2971,C[C@@H](O)[C@H](CO)NC(=O)c1cnn2ccc(N3CCCC3c3cc(F)ccc3F)nc12,7.79,0.0,1
CHEMBL2971,C[C@@H](O)[C@H](CO)Nc1c(C(N)=O)cnn2cc(-c3ccccc3)cc12,5.77,0.0,1
CHEMBL2971,C[C@@H](O)c1nc2cnc3[nH]ccc3c2n1[C@H]1CC[C@H](CC#N)CC1,9.22,0.0,1
CHEMBL2971,C[C@@H](OC(=O)N1CCC(CC#N)(n2cc(C(N)=O)c(Nc3ccc(F)cc3)n2)CC1)C(F)(F)F,7.52,0.0,1
CHEMBL2971,C[C@@H](OC(=O)N1CCC(CC#N)(n2cc(C(N)=O)c(Nc3ccnc(F)c3)n2)CC1)C1CC1,7.92,0.0,1
CHEMBL2971,C[C@@H](Oc1cc(-c2cnn(C3CCOCC3)c2)cnc1N)c1cc(F)ccc1Cl,8.52,0.0,1
CHEMBL2971,C[C@@H](Oc1ccc(-c2ncnc(Nc3ccc(N4CCN(C5COC5)CC4)cc3)n2)cc1C#N)C1CCOCC1,6.35,0.0,1
CHEMBL2971,C[C@@H](Oc1ccc2[nH]nc(-c3ccc(N4CC5(C4)CN(S(C)(=O)=O)C5)nc3)c2c1)c1c(Cl)cncc1Cl,7.44,0.0,1
CHEMBL2971,C[C@@H](c1ccccc1)N(C)c1ccnc(-n2cnc3ccncc32)n1,6.82,0.0,1
CHEMBL2971,C[C@@H]1CCC1n1cc(-c2nc(-c3cnn(C[C@@H](O)CO)c3)cn3nccc23)cn1,6.76,0.7071067811865476,2
CHEMBL2971,C[C@@H]1CCCC1OC(=O)N1CCC(CC#N)(n2nc(Nc3ccc(S(=O)(=O)N(C)C)cc3)c3c(=O)[nH]ccc32)CC1,8.77,0.0,1
CHEMBL2971,C[C@@H]1CCCC[C@@H]1Nc1c(C(N)=O)cnc2[nH]ccc12,7.52,0.0,1
CHEMBL2971,C[C@@H]1CCCC[C@@H]1n1c(-c2ccc(/C=C(\C#N)C(=O)N(C)C)o2)nc2cnc3[nH]ccc3c21,6.57,0.0,1
CHEMBL2971,C[C@@H]1CCCC[C@@H]1n1c(=O)[nH]c2cnc3[nH]ccc3c21,8.36,0.0,1
CHEMBL2971,C[C@@H]1CCCC[C@H]1n1cc(-c2nc(-c3cnn(C(CO)CO)c3)cn3nccc23)cn1,7.26,0.0,1
CHEMBL2971,C[C@@H]1CCCC[C@H]1n1cc(-c2nc(-c3cnn(C[C@@H](O)CO)c3)cn3nccc23)cn1,7.26,0.0,1
CHEMBL2971,C[C@@H]1CCCC[C@H]1n1cc(-c2nc(-c3cnn(C[C@H](O)CO)c3)cn3nccc23)cn1,7.26,0.0,1
CHEMBL2971,C[C@@H]1CCCN1S(=O)(=O)C[C@H]1C[C@@H](N(C)c2ncnc3[nH]ccc23)C1,6.3,0.0,1
CHEMBL2971,C[C@@H]1CCN(C(=O)C(C)(C)C#N)C[C@@H]1n1c(=O)[nH]c2cnc3[nH]ccc3c21,7.82,0.0,1
CHEMBL2971,C[C@@H]1CCN(C(=O)CC#N)C[C@@H]1N(C)c1ncnc2[nH]ccc12,8.0675,0.8289597056240954,32
CHEMBL2971,C[C@@H]1CCN(C(=O)CC#N)C[C@@H]1n1c(=O)[nH]c2cnc3[nH]ccc3c21,8.59,0.0,1
CHEMBL2971,C[C@@H]1CCN(C(=O)CC#N)C[C@@H]1n1c(=O)n(C)c2cnc3[nH]ccc3c21,8.14,0.0,1
CHEMBL2971,C[C@@H]1CCN(C(=O)CC#N)C[C@@H]1n1cc(C#N)c2cnc3[nH]ccc3c21,8.66,0.0,1
CHEMBL2971,C[C@@H]1CCN(C(=O)CC#N)C[C@@H]1n1ccc2cnc3[nH]cc(C#N)c3c21,8.620000000000001,0.3252691193458106,2
CHEMBL2971,C[C@@H]1CCN(C(=O)CC#N)C[C@@H]1n1ccc2cnc3[nH]ccc3c21,9.26,0.3676955262170044,2
CHEMBL2971,C[C@@H]1CCN(C(=O)CC#N)C[C@@H]1n1ncc2cnc3[nH]ccc3c21,7.96,0.0,1
CHEMBL2971,C[C@@H]1CCN(C(=O)Cn2cnnn2)C[C@@H]1n1c(=O)[nH]c2cnc3[nH]ccc3c21,8.46,0.0,1
CHEMBL2971,C[C@@H]1CCN(C(=O)N2CCCC2)C[C@@H]1N(C)c1ncnc2[nH]ccc12,8.15,0.0,1
CHEMBL2971,C[C@@H]1CCN(C(=O)N2CCCCC2)C[C@@H]1n1c(=O)[nH]c2cnc3[nH]ccc3c21,8.15,0.0,1
CHEMBL2971,C[C@@H]1CCN(C(=O)N2CCOCC2)C[C@@H]1n1c(=O)[nH]c2cnc3[nH]ccc3c21,7.92,0.0,1
CHEMBL2971,C[C@@H]1CCN(C)C[C@@H]1n1ccc(=O)c2cnc3[nH]ccc3c21,6.42,0.0,1
CHEMBL2971,C[C@@H]1CCN(Cc2cccc(F)c2F)C[C@@H]1n1ccc(=O)c2cnc3[nH]ccc3c21,7.34,0.0,1
CHEMBL2971,C[C@@H]1CCN(c2ccc(C#N)cn2)C[C@@H]1n1c(=O)[nH]c2cnc3[nH]ccc3c21,8.35,0.0,1
CHEMBL2971,C[C@@H]1CC[C@@H]1n1cc(-c2nc(-c3cnn(C[C@@H](O)CO)c3)cn3nccc23)cn1,6.26,0.0,1
CHEMBL2971,C[C@@H]1CN(C(=O)OC(C)(C)C)CC[C@]1(CC#N)n1cc(C(N)=O)c(Nc2ccccc2)n1,7.62,0.0,1
CHEMBL2971,C[C@@H]1CN(C(=O)OC(C)(C)C)CC[C@]1(CC#N)n1nc(Nc2ccc(S(C)(=O)=O)cc2)c2c(=O)[nH]ccc21,9.77,0.0,1
CHEMBL2971,C[C@@H]1CN(Cc2ccc(-c3cccc4nc(NC(=O)C5CC5)nn34)cc2)C[C@H](C)O1,6.52,0.0,1
CHEMBL2971,C[C@@H]1CN(S(=O)(=O)C[C@H]2C[C@@H](N(C)c3ncnc4[nH]ccc34)C2)CCO1,5.93,0.0,1
CHEMBL2971,C[C@@H]1CN(S(=O)(=O)C[C@H]2C[C@@H](N(C)c3ncnc4[nH]ccc34)C2)C[C@H](C)O1,6.28,0.0,1
CHEMBL2971,C[C@@H]1CN(S(=O)(=O)C[C@H]2C[C@@H](N(C)c3ncnc4[nH]ccc34)C2)[C@H](C)CO1,5.89,0.0,1
CHEMBL2971,C[C@@H]1CN(S(=O)(=O)c2ccc(Nc3nn([C@@H](CC#N)C4CC4)c4cc[nH]c(=O)c34)cc2)C[C@H](C)O1,5.91,0.0,1
CHEMBL2971,C[C@@H]1CN(S(=O)(=O)c2ccc(Nc3nn([C@H]4COCC[C@@H]4C#N)c4cc[nH]c(=O)c34)cc2)C[C@H](C)O1,6.16,0.0,1
CHEMBL2971,C[C@@H]1CN(c2ccc(Nc3ncnc(-c4ccc(O[C@@H]5CCN(C(=O)[C@@H](C)O)CC5(F)F)c(C#N)c4)n3)cc2)CCN1C1COC1,6.48,0.0,1
CHEMBL2971,C[C@@H]1CN(c2ccc(Nc3ncnc(-c4ccc(O[C@H]5CCN(C(=O)[C@@H](C)O)CC5(F)F)c(C#N)c4)n3)cc2)CCN1C1COC1,6.73,0.0,1
CHEMBL2971,C[C@@H]1CN(c2ccc3cc(Nc4nn([C@@H](CC#N)C5CC5)c5cc[nH]c(=O)c45)ccc3n2)[C@@H](C)CO1,5.53,0.0,1
CHEMBL2971,C[C@@H]1CN(c2ccc3cc(Nc4nn([C@@H](CC#N)C5CC5)c5cc[nH]c(=O)c45)ccc3n2)[C@H](C)CO1,5.42,0.0,1
CHEMBL2971,C[C@@H]1CN(c2ccc3cc(Nc4nn([C@H]5CCCC[C@@H]5C#N)c5cc[nH]c(=O)c45)ccc3n2)[C@@H](C)CO1,5.48,0.0,1
CHEMBL2971,C[C@@H]1CN(c2ccc3cc(Nc4nn([C@H]5CCCC[C@@H]5C#N)c5cc[nH]c(=O)c45)ccc3n2)[C@H](C)CO1,5.44,0.0,1
CHEMBL2971,C[C@@H]1COCCN1S(=O)(=O)C[C@H]1C[C@@H](N(C)c2ncnc3[nH]ccc23)C1,5.86,0.0,1
CHEMBL2971,C[C@@H]1C[C@@H](C)N1[C@@H]1CC[C@H](n2cc(C(N)=O)c(Nc3ccc(C(F)(F)F)cc3)n2)[C@@H](C#N)C1,6.24,0.0,1
CHEMBL2971,C[C@@H]1C[C@@H](C)N1[C@H]1CC[C@H](n2cc(C(N)=O)c(Nc3ccc(C(F)(F)F)cc3)n2)[C@@H](C#N)C1,7.08,0.0,1
CHEMBL2971,C[C@@H]1C[C@@H](CS(=O)(=O)N2CCC(CO)CC2)CC[C@@H]1N(C)c1ncnc2[nH]ccc12,7.49,0.0,1
CHEMBL2971,C[C@@H]1C[C@@H](CS(=O)(=O)N2CCC[C@@H](O)C2)CC[C@@H]1N(C)c1ncnc2[nH]ccc12,8.16,0.0,1
CHEMBL2971,C[C@@H]1C[C@@H](CS(=O)(=O)N2CCC[C@H](O)C2)CC[C@@H]1N(C)c1ncnc2[nH]ccc12,7.92,0.0,1
CHEMBL2971,C[C@@H]1C[C@@H](CS(=O)(=O)N2CC[C@@H](CO)C2)CC[C@@H]1N(C)c1ncnc2[nH]ccc12,7.75,0.0,1
CHEMBL2971,C[C@@H]1C[C@@H](CS(=O)(=O)N2CC[C@H](CO)C2)CC[C@@H]1N(C)c1ncnc2[nH]ccc12,10.7,0.0,1
CHEMBL2971,C[C@@H]1C[C@@H](O)CN1c1ccc(-c2ncnc(Nc3ccc(N4CCN(C5COC5)CC4)cc3)n2)cc1C#N,5.83,2.1213203435596424,2
CHEMBL2971,C[C@@H]1C[C@@H](Oc2ccc(-c3ncnc(Nc4ccc(N5CCN(C6COC6)CC5)cc4)n3)cc2C#N)CCN1C(=O)CO,6.06,0.0,1
CHEMBL2971,C[C@@H]1C[C@@H](Oc2ccc(-c3ncnc(Nc4ccc(N5CCN(C6COC6)CC5)cc4)n3)cc2C#N)CN1C(=O)CO,6.36,0.0,1
CHEMBL2971,C[C@@H]1C[C@H](C#N)[C@@H](n2cc(C(N)=O)c(Nc3ccnc(F)c3)n2)CO1,7.6,0.0,1
CHEMBL2971,C[C@@H]1C[C@H](Nc2c(-c3ccncn3)cnc3[nH]ccc23)CN(C(=O)CC#N)C1,6.26,0.0,1
CHEMBL2971,C[C@@H]1C[C@H](Nc2c(-c3ncco3)cnc3[nH]ccc23)CN(C(=O)CC#N)C1,6.26,0.0,1
CHEMBL2971,C[C@@H]1C[C@H](Nc2c(C(N)=O)cnc3[nH]ccc23)CCN1Cc1cccc(Cl)c1,7.03,0.0,1
CHEMBL2971,C[C@@H]1C[C@H](Oc2ccc(-c3ncnc(Nc4ccc(N5CCN(C6COC6)CC5)cc4)n3)cc2C#N)CCN1C(=O)CO,6.74,0.0,1
CHEMBL2971,C[C@@H]1C[C@H]2[C@@H]3CCC4=CC(=O)C=C[C@]4(C)[C@@]3(F)[C@@H](O)C[C@]2(C)[C@@]1(O)C(=O)COC(=O)C1CC1C(=O)OCc1ccc([C@@H](CN)C(=O)Nc2ccc3cnccc3c2)cc1,4.38,0.0,1
CHEMBL2971,C[C@@H]1C[C@H]2[C@@H]3CCC4=CC(=O)C=C[C@]4(C)[C@@]3(F)[C@@H](O)C[C@]2(C)[C@@]1(O)C(=O)COC(=O)CCC(=O)OCc1ccc([C@@H](CN)C(=O)Nc2ccc3cnccc3c2)cc1,4.39,0.0,1
CHEMBL2971,C[C@@H]1C[C@H]2[C@@H]3CCC4=CC(=O)C=C[C@]4(C)[C@@]3(F)[C@@H](O)C[C@]2(C)[C@@]1(O)C(=O)COC(=O)C[C@H](N)C(=O)OCc1ccc([C@@H](CN)C(=O)Nc2ccc3cnccc3c2)cc1,4.66,0.0,1
CHEMBL2971,C[C@@H]1C[C@H]2[C@@H]3CCC4=CC(=O)C=C[C@]4(C)[C@@]3(F)[C@@H](O)C[C@]2(C)[C@@]1(O)C(=O)COC(=O)c1ccc(C(=O)OCc2ccc([C@@H](CN)C(=O)Nc3ccc4cnccc4c3)cc2)cc1,4.44,0.0,1
CHEMBL2971,C[C@@H]1C[C@](CC#N)(n2cc(C(N)=O)c(Nc3ccccc3)n2)CCN1C(=O)OC(C)(C)C,6.21,0.0,1
CHEMBL2971,C[C@@H]1Cc2ccc(-c3ncnc4[nH]ccc34)cc2[C@@H]1NC#N,5.73,0.0,1
CHEMBL2971,C[C@@H]1OCC[C@@H]1N(C)S(=O)(=O)C[C@H]1C[C@@H](N(C)c2ncnc3[nH]ccc23)C1,5.76,0.0,1
CHEMBL2971,C[C@@H]1[C@@H](O)c2cc(Nc3nn([C@@H](CC#N)C4CC4)c4cc[nH]c(=O)c34)ccc2S1(=O)=O,5.55,0.0,1
CHEMBL2971,C[C@@H]1[C@@H]2CN(c3nc(Nc4ccc(CCO)nc4)ncc3F)C[C@]12NC(=O)C1CC1,5.16,0.0,1
CHEMBL2971,C[C@@H]1[C@@H]2CN(c3nc(Nc4ccc([C@@H](C)CO)nc4)ncc3F)C[C@]12NC(=O)C1CC1,5.5,0.0,1
CHEMBL2971,C[C@@H]1[C@@H]2CN(c3nc(Nc4cnc(CO)c(Cl)c4)ncc3F)C[C@]12NC(=O)C1CC1,5.21,0.0,1
CHEMBL2971,C[C@@H]1[C@@H]2CN(c3nc(Nc4cnn(C)c4)ncc3F)C[C@]12NC(=O)[C@@H]1CC1(F)F,6.19,0.0,1
CHEMBL2971,C[C@@H]1[C@@H]2CN(c3nc(Nc4cnn(C)c4)ncc3F)C[C@]12NC(=O)[C@@H]1C[C@H]1C#N,6.64,0.0,1
CHEMBL2971,C[C@@H]1[C@@H]2CN(c3nc(Nc4cnn(C)c4)ncc3F)C[C@]12NC(=O)[C@H]1CC1(F)F,5.95,0.0,1
CHEMBL2971,C[C@@H]1[C@@H]2CN(c3nc(Nc4cnn(C)c4)ncc3F)C[C@]12NC(=O)[C@H]1C[C@@H]1C#N,5.93,0.0,1
CHEMBL2971,C[C@@H]1[C@@H]2CN(c3nc(Nc4cnn(C5COC5)c4)ncc3F)C[C@]12NC(=O)[C@@H]1CC1(F)F,6.41,0.0,1
CHEMBL2971,C[C@@H]1[C@@H]2CN(c3nc(Nc4cnn(CCO)c4)ncc3F)C[C@]12NC(=O)C1CC1,5.79,0.0,1
CHEMBL2971,C[C@@H]1[C@@H]2CN(c3nc(Nc4cnn(CCO)c4)ncc3F)C[C@]12NC(=O)[C@@H]1C[C@H]1C#N,6.89,0.0,1
CHEMBL2971,C[C@@H]1[C@@H]2CN(c3nc(Nc4cnn(CCO)c4)ncc3F)C[C@]12NC(=O)[C@H]1C[C@@H]1C#N,6.17,0.0,1
CHEMBL2971,C[C@@H]1[C@H](O)c2cc(Nc3nn([C@@H](CC#N)C4CC4)c4cc[nH]c(=O)c34)ccc2S1(=O)=O,5.7,0.0,1
CHEMBL2971,C[C@@](O)(c1ccc(Nc2nn([C@@H]3COCC[C@H]3C#N)cc2C(N)=O)cc1)C(F)F,8.05,0.0,1
CHEMBL2971,C[C@@](O)(c1ccc(Nc2nn([C@H]3CCCC[C@@H]3C#N)cc2C(N)=O)cn1)C(F)(F)F,7.82,0.0,1
CHEMBL2971,C[C@@](O)(c1ccc(Nc2nn([C@H]3CC[C@@H](N4CCC4)C[C@@H]3C#N)cc2C(N)=O)cc1)C(F)(F)F,8.7,0.0,1
CHEMBL2971,C[C@@](O)(c1ccc(Nc2nn([C@H]3CC[C@@H](O)C[C@@H]3C#N)cc2C(N)=O)cc1)C(F)(F)F,8.7,0.0,1
CHEMBL2971,C[C@@](O)(c1ccc(Nc2nn([C@H]3CC[C@H](N4CCC4)C[C@@H]3C#N)cc2C(N)=O)cc1)C(F)(F)F,8.3,0.0,1
CHEMBL2971,C[C@@](O)(c1ccc(Nc2nn([C@H]3CC[C@H](O)C[C@@H]3C#N)cc2C(N)=O)cc1)C(F)(F)F,9.02,0.0,1
CHEMBL2971,C[C@@](O)(c1ccc(Nc2nn([C@H]3COCC[C@@H]3C#N)cc2C(N)=O)cc1)C(F)F,9.7,0.0,1
CHEMBL2971,C[C@@]1(C#N)CCC[C@H]1Nc1c(C(N)=O)cnn2cccc12,6.92,0.0,1
CHEMBL2971,C[C@@]1(C#N)CS(=O)(=O)C[C@H]1n1cc(C(N)=O)c(Nc2ccc(F)cc2)n1,7.75,0.0,1
CHEMBL2971,C[C@@]1(C(=O)Nc2ccc(F)nc2)CCCN1c1nc(Nc2cc(C3CC3)n[nH]2)c2cccn2n1,6.46,0.0,1
CHEMBL2971,C[C@@]1(CO)CCC[C@H]1Nc1c(C(N)=O)cnn2cccc12,6.42,0.0,1
CHEMBL2971,C[C@@]1(F)CCC[C@@H]1Nc1c(C(N)=O)cnn2cccc12,6.89,0.0,1
CHEMBL2971,C[C@@]1(F)CCC[C@H]1Nc1c(C(N)=O)cnn2cccc12,6.68,0.0,1
CHEMBL2971,C[C@@]1(O)CCC[C@H]1Nc1c(C(N)=O)cnn2cccc12,6.4,0.0,1
CHEMBL2971,C[C@@]1(O)CC[C@H](n2cc(C(N)=O)c(Nc3ccc(Cl)c(F)c3)n2)[C@@H](C#N)C1,7.55,0.0,1
CHEMBL2971,C[C@@]1(O)CC[C@H](n2cc(C(N)=O)c(Nc3ccc(Cl)cc3)n2)[C@@H](C#N)C1,7.77,0.0,1
CHEMBL2971,C[C@@]1(O)CC[C@H](n2cc(C(N)=O)c(Nc3ccc([C@@](C)(O)C(F)(F)F)cc3)n2)[C@@H](C#N)C1,8.4,0.0,1
CHEMBL2971,C[C@@]1(O)CC[C@H](n2cc(C(N)=O)c(Nc3ccc([C@](C)(O)C(F)(F)F)cc3)n2)[C@@H](C#N)C1,8.4,0.0,1
CHEMBL2971,C[C@H](CC(F)(F)F)n1cc(-c2nc(-c3cnn(C[C@@H](O)CO)c3)cn3nccc23)cn1,6.26,0.0,1
CHEMBL2971,C[C@H](CO)C(=O)N1CC[C@H](Oc2ccc(-c3ncnc(Nc4ccc(N5CCN(C6COC6)CC5)cc4)n3)cc2C#N)[C@H](F)C1,6.17,0.0,1
CHEMBL2971,C[C@H](CO)NC(=O)c1cnn2ccc(N3CCCC3c3cncc(F)c3)nc12,7.82,0.0,1
CHEMBL2971,C[C@H](CO)c1ccc(Nc2ncc(F)c(N3C[C@H]4[C@@H](C)[C@@]4(NC(=O)C4CC4)C3)n2)cn1,5.46,0.0,1
CHEMBL2971,C[C@H](CO)c1ccc(Nc2nccc(N3C[C@H]4CC[C@@H](C3)N4C(=O)C3CC3(F)F)n2)cn1,7.1,0.0,1
CHEMBL2971,C[C@H](N)C(=O)N1CC[C@H](Oc2ccc(-c3ncnc(Nc4ccc(N5CCN(C6COC6)CC5)cc4)n3)cc2C#N)[C@H](F)C1,6.06,0.0,1
CHEMBL2971,C[C@H](N)C(=O)Nc1ccc(-c2ccnc(Nc3ccc(N4CCOCC4)cc3)n2)cc1,8.06,0.0,1
CHEMBL2971,C[C@H](N)CNc1cc2nc[nH]c(=O)c2c(Nc2cccc3cc[nH]c23)n1,6.01,0.0,1
CHEMBL2971,C[C@H](NC(=O)c1c[nH]c2ncc(C3CC3)nc12)C(C)(C)C,6.615,1.9162593770155434,2
CHEMBL2971,C[C@H](NC(=O)c1c[nH]c2ncc(C3CC3)nc12)C(C)(C)C#N,6.904999999999999,1.491995308303616,2
CHEMBL2971,C[C@H](NC(=O)c1c[nH]c2ncc(C3CC3)nc12)C(C)(C)O,7.12,0.0,1
CHEMBL2971,C[C@H](NC(=O)c1c[nH]c2ncc(C3CC3)nc12)C1CCCCC1,6.45,0.0,1
CHEMBL2971,C[C@H](NC(=O)c1cnn2ccc(N3CCCC3c3cncc(F)c3)nc12)C(F)(F)F,8.77,0.0,1
CHEMBL2971,C[C@H](NC(=O)c1cnn2ccc(N3CCC[C@@H]3c3cc(F)cn(C)c3=O)nc12)C1CC1,7.52,1.6122034611053289,2
CHEMBL2971,C[C@H](NC(=O)c1cnn2ccc(N3CCC[C@@H]3c3cncc(F)c3)nc12)C1CC1,7.33,1.7111984104714442,2
CHEMBL2971,C[C@H](NC(=O)c1cnn2ccc(N3C[C@@H](O)C[C@@H]3c3cccc(F)c3)nc12)C(F)(F)F,7.34,1.654629867976521,2
CHEMBL2971,C[C@H](NC(=O)c1cnn2ccc(N3[C@@H](c4cncc(F)c4)CC[C@@]3(C)CO)nc12)C(F)(F)F,6.96,0.0,1
CHEMBL2971,C[C@H](NC(=O)c1cnn2ccc(N3[C@H](CO)CC[C@@H]3c3cncc(F)c3)nc12)C(F)(F)F,8.17,0.0,1
CHEMBL2971,C[C@H](NC1CC[C@H](n2cc(C(N)=O)c(Nc3ccc(C(F)(F)F)cc3)n2)[C@@H](C#N)C1)C1CC1,6.98,0.0,1
CHEMBL2971,C[C@H](NCC(F)(F)F)c1ccc(Nc2nn([C@H]3CCCC[C@@H]3C#N)c3cc[nH]c(=O)c23)cc1,6.35,0.0,1
CHEMBL2971,C[C@H](N[C@@H]1CC[C@H](n2cc(C(N)=O)c(Nc3ccc(C(F)(F)F)cc3)n2)[C@@H](C#N)C1)C1CC1,6.57,0.0,1
CHEMBL2971,C[C@H](N[C@@H]1CC[C@H](n2cc(C(N)=O)c(Nc3ccc(C(F)(F)F)nc3)n2)[C@@H](C#N)C1)C1CC1,6.17,0.0,1
CHEMBL2971,C[C@H](N[C@@H]1CC[C@H](n2cc(C(N)=O)c(Nc3ccc(Cl)c(F)c3)n2)[C@@H](C#N)C1)C1CC1,6.67,0.0,1
CHEMBL2971,C[C@H](N[C@@H]1CC[C@H](n2cc(C(N)=O)c(Nc3ccc(Cl)cc3)n2)[C@@H](C#N)C1)C1CC1,6.67,0.0,1
CHEMBL2971,C[C@H](N[C@@H]1CC[C@H](n2cc(C(N)=O)c(Nc3ccc(OC(F)(F)F)cc3)n2)[C@@H](C#N)C1)C1CC1,6.7,0.0,1
CHEMBL2971,C[C@H](N[C@@H]1CC[C@H](n2cc(C(N)=O)c(Nc3ccc(OC(F)F)nc3)n2)[C@@H](C#N)C1)C1CC1,6.76,0.0,1
CHEMBL2971,C[C@H](N[C@@H]1CC[C@H](n2cc(C(N)=O)c(Nc3ccc(S(=O)(=O)C(F)(F)F)cc3)n2)[C@@H](C#N)C1)C1CC1,7.08,0.0,1
CHEMBL2971,C[C@H](N[C@H]1CC[C@H](n2cc(C(N)=O)c(Nc3ccc(C(F)(F)F)nc3)n2)[C@@H](C#N)C1)C1CC1,6.7,0.0,1
CHEMBL2971,C[C@H](N[C@H]1CC[C@H](n2cc(C(N)=O)c(Nc3ccc(Cl)c(F)c3)n2)[C@@H](C#N)C1)C1CC1,7.01,0.0,1
CHEMBL2971,C[C@H](N[C@H]1CC[C@H](n2cc(C(N)=O)c(Nc3ccc(Cl)cc3)n2)[C@@H](C#N)C1)C1CC1,7.07,0.0,1
CHEMBL2971,C[C@H](N[C@H]1CC[C@H](n2cc(C(N)=O)c(Nc3ccc(OC(F)(F)F)cc3)n2)[C@@H](C#N)C1)C1CC1,7.19,0.0,1
CHEMBL2971,C[C@H](N[C@H]1CC[C@H](n2cc(C(N)=O)c(Nc3ccc(OC(F)F)nc3)n2)[C@@H](C#N)C1)C1CC1,6.84,0.0,1
CHEMBL2971,C[C@H](N[C@H]1CC[C@H](n2cc(C(N)=O)c(Nc3ccc(S(=O)(=O)C(F)(F)F)cc3)n2)[C@@H](C#N)C1)C1CC1,7.64,0.0,1
CHEMBL2971,C[C@H](N[C@H]1CC[C@H](n2nc(Nc3ccc(C(F)(F)F)cc3)c3c(=O)[nH]ccc32)[C@@H](C#N)C1)C1CC1,4.16,0.0,1
CHEMBL2971,C[C@H](N[C@H]1CC[C@H](n2nc(Nc3ccc(Cl)c(F)c3)c3c(=O)[nH]ccc32)[C@@H](C#N)C1)C1CC1,4.26,0.0,1
CHEMBL2971,C[C@H](N[C@H]1CC[C@H](n2nc(Nc3ccc(Cl)cc3)c3c(=O)[nH]ccc32)[C@@H](C#N)C1)C1CC1,4.89,0.0,1
CHEMBL2971,C[C@H](N[C@H]1CC[C@H](n2nc(Nc3ccc(OC(F)(F)F)cc3)c3c(=O)[nH]ccc32)[C@@H](C#N)C1)C1CC1,4.43,0.0,1
CHEMBL2971,C[C@H](Nc1c(C(N)=O)cnn2cccc12)C(C)(C)C,6.24,0.0,1
CHEMBL2971,C[C@H](Nc1cc(-c2c(N)nn3cccnc23)ncn1)c1ccccc1,7.68,0.0,1
CHEMBL2971,C[C@H](Nc1cc(-c2ccc(C#N)cc2)nc(-n2cnc3ccncc32)n1)c1ccccc1,7.75,0.0,1
CHEMBL2971,C[C@H](Nc1cc(-c2ccc(N(C)C)cc2)nc(-n2cnc3ccncc32)n1)c1ccccc1,7.7,0.0,1
CHEMBL2971,C[C@H](Nc1cc(-c2cccc(C#N)c2)nc(-n2cnc3ccncc32)n1)c1ccccc1,7.25,0.0,1
CHEMBL2971,C[C@H](Nc1cc(-c2cccc(N(C)C)c2)nc(-n2cnc3ccncc32)n1)c1ccccc1,6.78,0.0,1
CHEMBL2971,C[C@H](Nc1cc(-c2ccoc2)nc(-n2cnc3ccc(C#N)cc32)n1)c1ccccc1,7.54,0.0,1
CHEMBL2971,C[C@H](Nc1cc(-c2ccoc2)nc(-n2cnc3ccncc32)n1)c1ccc(F)cc1,7.55,0.0,1
CHEMBL2971,C[C@H](Nc1cc(-c2ccoc2)nc(-n2cnc3ccncc32)n1)c1ccccc1,7.8,0.0,1
CHEMBL2971,C[C@H](Nc1cc(-c2cnn(C)c2)cc(Nc2cnccn2)n1)c1ccc(F)cc1,9.270000000000001,0.2605762844159077,3
CHEMBL2971,C[C@H](Nc1cc(-c2cnn(C)c2)nc(-n2cnc3ccncc32)n1)c1ccccc1,7.11,0.0,1
CHEMBL2971,C[C@H](Nc1cc(N(C)C)nc(-n2cnc3ccncc32)n1)c1ccccc1,8.15,0.0,1
CHEMBL2971,C[C@H](Nc1cc(N2CCN(C)CC2)nc(-n2cnc3ccncc32)n1)c1ccccc1,7.72,0.0,1
CHEMBL2971,C[C@H](Nc1cc(N2CC[C@@H](O)C2)nc(-n2cnc3ccncc32)n1)c1ccccc1,7.23,0.0,1
CHEMBL2971,C[C@H](Nc1ccc(C(N)=O)c2[nH]c3cc(-c4ccc(Cl)nn4)ccc3c12)C(C)(C)C,7.85,0.0,1
CHEMBL2971,C[C@H](Nc1ccc(C(N)=O)c2[nH]c3cc(-c4ccc(N)nn4)ccc3c12)C(C)(C)C,8.0,0.0,1
CHEMBL2971,C[C@H](Nc1ccc(C(N)=O)c2[nH]c3cc(-c4ccnc(N)n4)ccc3c12)C(C)(C)C,7.92,0.0,1
CHEMBL2971,C[C@H](Nc1ccc(C(N)=O)c2[nH]c3cc(-c4cnc(N)nc4)ccc3c12)C(C)(C)C,7.92,0.0,1
CHEMBL2971,C[C@H](Nc1ccc(C(N)=O)c2[nH]c3cc(-c4cnn(C)c4)ccc3c12)C(C)(C)C,8.3,0.0,1
CHEMBL2971,C[C@H](Nc1ccnc(-n2cnc3ccncc32)n1)c1ccc(Cl)cc1,7.29,0.0,1
CHEMBL2971,C[C@H](Nc1ccnc(-n2cnc3ccncc32)n1)c1ccc(F)cc1,8.1,0.0,1
CHEMBL2971,C[C@H](Nc1ccnc(-n2cnc3ccncc32)n1)c1ccccc1,8.4,0.0,1
CHEMBL2971,C[C@H](Nc1ccnc(-n2cnc3cnccc32)n1)c1ccccc1,7.29,0.0,1
CHEMBL2971,C[C@H](Nc1nc(-n2cnc3ccncc32)nc2c1cc(C(=O)N1CCN(C)CC1)n2C)C(C)(C)O,6.68,0.0,1
CHEMBL2971,C[C@H](Nc1nc(-n2cnc3ccncc32)nc2c1cc(C(=O)N1CCN(C)CC1)n2C)c1ccccc1,7.96,0.0,1
CHEMBL2971,C[C@H](Nc1nc(-n2cnc3ccncc32)nc2c1cc(C(=O)N1CCOCC1)n2C)c1ccccc1,7.68,0.0,1
CHEMBL2971,C[C@H](Nc1nc(-n2cnc3ccncc32)nc2c1cc(C(=O)NCCCN1CCOCC1)n2C)c1ccccc1,7.38,0.0,1
CHEMBL2971,C[C@H](Nc1nc(-n2cnc3ccncc32)nc2c1cc(C(=O)NCCCn1ccnc1)n2C)c1ccccc1,7.28,0.0,1
CHEMBL2971,C[C@H](Nc1nc(-n2cnc3ccncc32)nc2c1cc(C(=O)NCCN(C)C)n2C)c1ccccc1,7.72,0.0,1
CHEMBL2971,C[C@H](Nc1nc(-n2cnc3ccncc32)nc2c1cc(C(=O)NS(=O)(=O)c1ccccc1)n2C)c1ccccc1,6.45,0.0,1
CHEMBL2971,C[C@H](Nc1nc(-n2cnc3ccncc32)nc2c1cc(C(=O)NS(C)(=O)=O)n2C)c1ccccc1,7.26,0.0,1
CHEMBL2971,C[C@H](Nc1nc(Nc2cc(C3CC3)[nH]n2)c(F)cc1C#N)c1ccc(F)cc1,8.52,0.0,1
CHEMBL2971,C[C@H](Nc1nc(Nc2cc(C3CC3)[nH]n2)cnc1C#N)c1ccc(F)cn1,7.6,0.0,1
CHEMBL2971,C[C@H](Nc1nc(Nc2cn(C)cn2)c2cc(F)cnc2n1)c1ncc(F)cn1,6.31,0.0,1
CHEMBL2971,C[C@H](Nc1nc(Nc2cn(C)cn2)c2ccccc2n1)c1ncc(F)cn1,8.52,0.0,1
CHEMBL2971,C[C@H](Nc1nc(Nc2cn(C)cn2)c2ccn(C)c2n1)c1ncc(F)cn1,7.57,0.0,1
CHEMBL2971,C[C@H](Nc1nc(Nc2cn(C)cn2)c2ccn(C3CC3)c2n1)c1ncc(F)cn1,7.57,0.0,1
CHEMBL2971,C[C@H](Nc1nc(Nc2cn(C)cn2)c2ccncc2n1)c1ncc(F)cn1,7.92,0.0,1
CHEMBL2971,C[C@H](Nc1nc(Nc2cn(C)cn2)c2cnn(C)c2n1)c1ncc(F)cn1,7.82,0.0,1
CHEMBL2971,C[C@H](Nc1nc(Nc2cn(C)cn2)c2nccnc2n1)c1ncc(F)cn1,6.1,0.0,1
CHEMBL2971,C[C@H](Nc1ncc(C(N)=O)c2[nH]c3cc(-c4cnn(C)c4)ccc3c12)C1CC1,9.0,0.0,1
CHEMBL2971,C[C@H](Nc1ncc(C(N)=O)c2[nH]c3ccc(F)cc3c12)C(C)(C)C,7.28,0.0,1
CHEMBL2971,C[C@H](Nc1ncc(Cl)c(Nc2cc(N(C)C)[nH]n2)n1)c1ncc(F)cn1,7.18,1.230365799264593,2
CHEMBL2971,C[C@H](Nc1ncc(Cl)c(Nc2cn(C)cn2)n1)c1ncc(F)cn1,6.92,0.0,1
CHEMBL2971,C[C@H](Nc1ncc(F)c(Nc2cc(C3CC3)[nH]n2)n1)c1ncc(F)cn1,8.52,0.0,1
CHEMBL2971,C[C@H](Nc1ncc(F)c(Nc2cc(N(C)C)[nH]n2)n1)c1ncc(F)cn1,6.945,1.2091525958289966,2
CHEMBL2971,C[C@H](O)C(=O)N1CC(F)C(Oc2ccc(-c3ncnc(Nc4ccc(N5CCN(C6COC6)CC5)cc4)n3)cc2C#N)C(C)(C)C1,6.5,0.0,1
CHEMBL2971,C[C@H](O)C(=O)N1CCC(Oc2ccc(-c3ncnc(Nc4ccc(N5CCN(C6COC6)CC5)cc4)n3)cc2C#N)C(F)(F)C1,6.78,0.0,1
CHEMBL2971,C[C@H](O)C(=O)N1CCCC(Oc2ccc(-c3ncnc(Nc4ccc(N5CCN(C6COC6)CC5)cc4)n3)cc2C#N)CC1,6.0,0.0,1
CHEMBL2971,C[C@H](O)C(=O)N1CCC[C@H](Oc2ccc(-c3ncnc(Nc4ccc(N5CCN(C6COC6)CC5)cc4)n3)cc2C#N)C1,6.2,0.0,1
CHEMBL2971,C[C@H](O)C(=O)N1CC[C@@H](Oc2ccc(-c3ncnc(Nc4ccc(N5CCN(C6COC6)CC5)cc4)n3)cc2C#N)C(F)(F)C1,6.71,0.0,1
CHEMBL2971,C[C@H](O)C(=O)N1CC[C@H](Nc2ccc(-c3ncnc(Nc4ccc(N5CCN(C6COC6)CC5)cc4)n3)cc2C#N)[C@H](F)C1,5.66,2.1213203435596424,2
CHEMBL2971,C[C@H](O)C(=O)N1CC[C@H](Oc2ccc(-c3ncnc(Nc4ccc(C5CCN(C6CCOCC6)CC5)c(F)c4)n3)cc2C#N)[C@H](F)C1,6.0,0.0,1
CHEMBL2971,C[C@H](O)C(=O)N1CC[C@H](Oc2ccc(-c3ncnc(Nc4ccc(N5CC(C)(O)C5)cc4)n3)cc2C#N)[C@H](F)C1,6.3,0.0,1
CHEMBL2971,C[C@H](O)C(=O)N1CC[C@H](Oc2ccc(-c3ncnc(Nc4ccc(N5CC6CCC(C5)O6)cc4)n3)cc2C#N)[C@H](F)C1,6.13,0.0,1
CHEMBL2971,C[C@H](O)C(=O)N1CC[C@H](Oc2ccc(-c3ncnc(Nc4ccc(N5CCC(C)(O)CC5)cc4)n3)cc2C#N)[C@H](F)C1,6.32,0.0,1
CHEMBL2971,C[C@H](O)C(=O)N1CC[C@H](Oc2ccc(-c3ncnc(Nc4ccc(N5CCC6(CC5)COC6)cc4)n3)cc2C#N)[C@H](F)C1,6.32,0.0,1
CHEMBL2971,C[C@H](O)C(=O)N1CC[C@H](Oc2ccc(-c3ncnc(Nc4ccc(N5CCN(C)CC5)cc4)n3)cc2C#N)[C@H](F)C1,6.41,0.0,1
CHEMBL2971,C[C@H](O)C(=O)N1CC[C@H](Oc2ccc(-c3ncnc(Nc4ccc(N5CCN(C6(C)COC6)CC5)cc4)n3)cc2C#N)[C@H](F)C1,6.2,0.0,1
CHEMBL2971,C[C@H](O)C(=O)N1CC[C@H](Oc2ccc(-c3ncnc(Nc4ccc(N5CCN(C6COC6)CC5)c(Cl)c4)n3)cc2C#N)[C@H](F)C1,6.76,0.0,1
CHEMBL2971,C[C@H](O)C(=O)N1CC[C@H](Oc2ccc(-c3ncnc(Nc4ccc(N5CCN(C6COC6)CC5)cc4)n3)cc2C#N)C[C@H]1C,6.23,0.0,1
CHEMBL2971,C[C@H](O)C(=O)N1CC[C@H](Oc2ccc(-c3ncnc(Nc4ccc(N5CCN(C6COC6)CC5)cc4)n3)cc2C#N)[C@H](F)C1,6.35,0.0,1
CHEMBL2971,C[C@H](O)C(=O)N1CC[C@H](Oc2ccc(-c3ncnc(Nc4ccc(N5CCN(C6COC6)C[C@@H]5C)cc4)n3)cc2C#N)C(F)(F)C1,6.67,0.0,1
CHEMBL2971,C[C@H](O)C(=O)N1CC[C@H](Oc2ccc(-c3ncnc(Nc4ccc(N5CCN(C6COC6)C[C@@H]5C)cc4)n3)cc2C#N)[C@H](F)C1,6.41,0.0,1
CHEMBL2971,C[C@H](O)C(=O)N1CC[C@H](Oc2ccc(-c3ncnc(Nc4ccc(N5CCN(C6COC6)[C@@H](C)C5)cc4)n3)cc2C#N)C(F)(F)C1,6.81,0.0,1
CHEMBL2971,C[C@H](O)C(=O)N1CC[C@H](Oc2ccc(-c3ncnc(Nc4ccc(N5CCN(C6COC6)[C@@H](CO)C5)cc4)n3)cc2C#N)C(F)(F)C1,6.71,0.0,1
CHEMBL2971,C[C@H](O)C(=O)N1CC[C@H](Oc2ccc(-c3ncnc(Nc4ccc(N5CCN(CCO)CC5)cc4)n3)cc2C#N)[C@H](F)C1,6.32,0.0,1
CHEMBL2971,C[C@H](O)C(=O)N1CC[C@H](Oc2ccc(-c3ncnc(Nc4ccc(N5CCN6CCOC[C@H]6C5)cc4)n3)cc2C#N)[C@H](F)C1,6.44,0.0,1
CHEMBL2971,C[C@H](O)C(=O)N1CC[C@H](Oc2ccc(-c3ncnc(Nc4ccc(N5CCOC[C@H]5CO)cc4)n3)cc2C#N)[C@H](F)C1,6.25,0.0,1
CHEMBL2971,C[C@H](O)C(=O)N1CC[C@H](Oc2ccc(-c3ncnc(Nc4ccc(N5CCO[C@H](C(N)=O)C5)cc4)n3)cc2C#N)[C@H](F)C1,6.46,0.0,1
CHEMBL2971,C[C@H](O)C(=O)N1CC[C@H](Oc2ccc(-c3ncnc(Nc4ccc(N5CCO[C@H](CO)C5)cc4)n3)cc2C#N)[C@H](F)C1,6.48,0.0,1
CHEMBL2971,C[C@H](O)C(=O)N1CC[C@H](Oc2ccc(-c3ncnc(Nc4ccc(N5C[C@@H](C)N(C6COC6)C[C@@H]5C)cc4)n3)cc2C#N)[C@H](F)C1,6.37,0.0,1
CHEMBL2971,C[C@H](O)C(=O)N1CC[C@H](Oc2ccc(-c3ncnc(Nc4ccc5c(c4)NC(=O)C5(C)C)n3)cc2C#N)[C@H](F)C1,6.05,0.0,1
CHEMBL2971,C[C@H](O)C(=O)N1CC[C@H](Oc2ccc(-c3ncnc(Nc4ccc5c(c4)NCCO5)n3)cc2C#N)[C@H](F)C1,6.08,0.0,1
CHEMBL2971,C[C@H](O)C(=O)N1CC[C@H](Oc2ccc(-c3ncnc(Nc4ccc5cnn(C)c5c4)n3)cc2C#N)[C@H](F)C1,6.15,0.0,1
CHEMBL2971,C[C@H](O)C(=O)N1CC[C@H](Oc2ccc(-c3ncnc(Nc4cccc(C(C)(C)O)c4)n3)cc2C#N)[C@H](F)C1,6.0,0.0,1
CHEMBL2971,C[C@H](O)C(=O)N1CC[C@H](Oc2ccc(-c3ncnc(Nc4cnn(C(F)F)c4)n3)cc2C#N)[C@H](F)C1,6.0,0.0,1
CHEMBL2971,C[C@H](O)C(=O)N1C[C@@H](C)[C@H](Oc2ccc(-c3ncnc(Nc4ccc(N5CCN(C6COC6)CC5)cc4)n3)cc2C#N)C(F)(F)C1,6.3,0.0,1
CHEMBL2971,C[C@H](O)C(=O)N1C[C@H]2C[C@H](N(C)c3ncnc4[nH]ccc34)C[C@H]2C1,8.52,0.0,1
CHEMBL2971,C[C@H](O)CN1CCC(c2ccc(Nc3ncc4ccc(-c5cccc(S(=O)(=O)NC(C)(C)C)c5)n4n3)cc2)CC1,8.82,0.0,1
CHEMBL2971,C[C@H](O)CN1CCC(c2ccc(Nc3ncc4ccc(-c5ccccc5N(C)S(C)(=O)=O)n4n3)cc2)CC1,9.05,0.0,1
CHEMBL2971,C[C@H](O)CN1CCN(c2ccc(Nc3ncc4ccc(-c5cccc(S(=O)(=O)NC(C)(C)C)c5)n4n3)cc2F)CC1,9.44,0.0,1
CHEMBL2971,C[C@H](O)CN1CCN(c2ccc(Nc3ncc4ccc(-c5ccccc5N(C)S(C)(=O)=O)n4n3)cc2)CC1,8.94,0.0,1
CHEMBL2971,C[C@H](O)CN1CCN(c2ccc(Nc3ncc4ccc(-c5ccccc5N(C)S(C)(=O)=O)n4n3)cc2F)CC1,9.0,0.0,1
CHEMBL2971,C[C@H](O)CN1CCN(c2cccc(Nc3nc4c(-c5ccc(S(C)(=O)=O)cc5)cccn4n3)c2)CC1,9.12,0.0,1
CHEMBL2971,C[C@H](O)CNC(=O)c1cnn2ccc(N3CCCC3c3cncc(F)c3)nc12,7.43,0.0,1
CHEMBL2971,C[C@H](O)CNC(=O)c1cnn2ccc(N3CCC[C@@H]3c3cc(F)ccc3F)nc12,8.62,0.0,1
CHEMBL2971,C[C@H](O)CNC[C@H]1CC[C@H](c2nnn3cnc4[nH]ccc4c23)CC1,7.38,0.0,1
CHEMBL2971,C[C@H](O)[C@@H](CO)NC(=O)c1cnn2ccc(N3CCCC3c3cc(F)ccc3F)nc12,7.57,0.0,1
CHEMBL2971,C[C@H](O)[C@@H](CO)Nc1c(C(N)=O)cnn2cc(-c3ccccc3)cc12,6.43,0.0,1
CHEMBL2971,C[C@H](O)[C@H](CO)NC(=O)c1cnn2ccc(N3CCCC3c3cc(F)ccc3F)nc12,7.91,0.0,1
CHEMBL2971,C[C@H](O)[C@H](CO)Nc1c(C(N)=O)cnn2cc(-c3ccccc3)cc12,5.75,0.0,1
CHEMBL2971,C[C@H](O)c1nc2ccc3[nH]ccc3c2n1C1CCC(C#N)CC1,9.22,0.0,1
CHEMBL2971,C[C@H](O)c1ncc(Nc2ncc(F)c(N3C[C@H]4[C@@H](C)[C@@]4(NC(=O)C4CC4)C3)n2)cc1Cl,5.03,0.0,1
CHEMBL2971,C[C@H](OC(=O)N1CCC(CC#N)(n2cc(C(N)=O)c(Nc3ccnc(F)c3)n2)CC1)C1CC1,8.05,0.0,1
CHEMBL2971,C[C@H](Oc1cc(-c2cnn(C3CCOCC3)c2)cnc1N)c1cc(F)ccc1Cl,5.85,0.0,1
CHEMBL2971,C[C@H]1CC(C(=O)CC#N)[C@]12CCN(c1ncnc3[nH]ccc13)C2,8.59,0.0,1
CHEMBL2971,C[C@H]1CCCC[C@H]1n1c(=O)[nH]c2cnc3[nH]ccc3c21,7.77,0.0,1
CHEMBL2971,C[C@H]1CCCN(S(=O)(=O)C[C@H]2CC[C@H](N(C)c3ncnc4[nH]ccc34)CC2)C1,7.14,0.0,1
CHEMBL2971,C[C@H]1CCCN(c2ncnc3[nH]cc(-c4cccc(C#N)c4)c23)C1,6.24,0.0,1
CHEMBL2971,C[C@H]1CCCN1S(=O)(=O)C[C@H]1CC[C@H](N(C)c2ncnc3[nH]ccc23)CC1,7.37,0.0,1
CHEMBL2971,C[C@H]1CCC[C@H]1n1cc(-c2nc(-c3cnn(C[C@@H](O)CO)c3)cn3nccc23)cn1,6.76,0.7071067811865476,2
CHEMBL2971,C[C@H]1CCN(C(=O)CC#N)C[C@H]1n1ccc2cnc3[nH]ccc3c21,6.41,0.0,1
CHEMBL2971,C[C@H]1CN(C(=O)CC#N)[C@]12CCN(c1ncnc3[nH]ccc13)C2,8.01,0.8202438661763952,2
CHEMBL2971,C[C@H]1CN(C(=O)CO)CC(F)(F)[C@H]1Oc1ccc(-c2ncnc(Nc3ccc(N4CCN(C5COC5)CC4)cc3)n2)cc1C#N,4.19,0.0,1
CHEMBL2971,C[C@H]1CN(C(=O)CO)C[C@H]1Oc1ccc(-c2ncnc(Nc3ccc(N4CCN(C5COC5)CC4)cc3)n2)cc1C#N,6.2,0.0,1
CHEMBL2971,C[C@H]1CN(C(=O)OC(C)(C)C)CC[C@]1(CC#N)n1cc(C(N)=O)c(Nc2ccccc2)n1,6.994999999999999,0.9687362902255698,2
CHEMBL2971,C[C@H]1CN(C(=O)OC(C)(C)C)CC[C@]1(CC#N)n1nc(Nc2ccc(S(C)(=O)=O)cc2)c2c(=O)[nH]ccc21,8.96,0.0,1
CHEMBL2971,C[C@H]1CN(C)CCN1c1ccc(Nc2ncnc(-c3ccc(O[C@H]4CCN(C(=O)CO)C[C@H]4F)c(C#N)c3)n2)cc1,6.74,0.0,1
CHEMBL2971,C[C@H]1CN(C2COC2)CCN1c1ccc(Nc2ncnc(-c3ccc(O[C@H]4CCN(C(=O)CC#N)CC4(F)F)c(C#N)c3)n2)cc1,4.21,0.0,1
CHEMBL2971,C[C@H]1CN(C2COC2)CCN1c1ccc(Nc2ncnc(-c3ccc(O[C@H]4CCN(C(=O)CC#N)C[C@H]4F)c(C#N)c3)n2)cc1,6.9,0.0,1
CHEMBL2971,C[C@H]1CN(C2COC2)CCN1c1ccc(Nc2ncnc(-c3ccc(O[C@H]4CCN(C(=O)CCO)CC4(F)F)c(C#N)c3)n2)cc1,6.82,0.0,1
CHEMBL2971,C[C@H]1CN(C2COC2)CCN1c1ccc(Nc2ncnc(-c3ccc(O[C@H]4CCN(C(=O)CCO)C[C@H]4F)c(C#N)c3)n2)cc1,6.43,0.0,1
CHEMBL2971,C[C@H]1CN(C2COC2)CCN1c1ccc(Nc2ncnc(-c3ccc(O[C@H]4CCN(C(=O)CO)C[C@H]4F)c(C#N)c3)n2)cc1,6.72,0.0,1
CHEMBL2971,C[C@H]1CN(C2COC2)CCN1c1ccc(Nc2ncnc(-c3ccc(O[C@H]4CCN(C(=O)c5ccn[nH]5)C[C@H]4F)c(C#N)c3)n2)cc1,6.57,0.0,1
CHEMBL2971,C[C@H]1CN(C2COC2)CCN1c1ccc(Nc2ncnc(-c3ccc(O[C@H]4CCN(C(=O)c5cnc[nH]5)CC4(F)F)c(C#N)c3)n2)cc1,5.68,2.1213203435596424,2
CHEMBL2971,C[C@H]1CN(C2COC2)CCN1c1ccc(Nc2ncnc(-c3ccc(O[C@H]4CCN(C(=O)c5cnc[nH]5)C[C@H]4F)c(C#N)c3)n2)cc1,6.84,0.0,1
CHEMBL2971,C[C@H]1CN(C2COC2)CCN1c1ccc(Nc2ncnc(-c3ccc(O[C@H]4CCN(C(=O)c5cnn[nH]5)CC4(F)F)c(C#N)c3)n2)cc1,4.01,0.0,1
CHEMBL2971,C[C@H]1CN(C2COC2)CCN1c1ccc(Nc2ncnc(-c3ccc(O[C@H]4CCN(C(=O)c5nnc[nH]5)CC4(F)F)c(C#N)c3)n2)cc1,4.38,0.0,1
CHEMBL2971,C[C@H]1CN(S(=O)(=O)C[C@H]2CC[C@H](N(C)c3ncnc4[nH]ccc34)CC2)C[C@@H]1CO,10.78,0.0,1
CHEMBL2971,C[C@H]1CN(S(=O)(=O)C[C@H]2CC[C@H](N(C)c3ncnc4[nH]ccc34)CC2)C[C@H]1S(C)(=O)=O,7.49,0.0,1
CHEMBL2971,C[C@H]1CN(S(=O)(=O)C[C@H]2C[C@@H](N(C)c3ncnc4[nH]ccc34)C2)CCO1,5.9,0.0,1
CHEMBL2971,C[C@H]1CN(S(=O)(=O)c2ccc(Nc3nn([C@@H](CC#N)C4CC4)c4cc[nH]c(=O)c34)cc2)C[C@H](C)O1,6.34,0.0,1
CHEMBL2971,C[C@H]1CN(S(=O)(=O)c2ccc(Nc3nn([C@H]4COCC[C@@H]4C#N)c4cc[nH]c(=O)c34)cc2)C[C@H](C)O1,6.09,0.0,1
CHEMBL2971,C[C@H]1CN(c2ccc(C#N)cn2)CC[C@H]1Nc1c(C(N)=O)cnc2[nH]ccc12,7.85,0.0,1
CHEMBL2971,C[C@H]1CN(c2ccc(Nc3ncnc(-c4ccc(O[C@H]5CCN(C(=O)C6CCC(=O)N6)C[C@H]5F)c(C#N)c4)n3)cc2)CCN1C1COC1,6.04,0.0,1
CHEMBL2971,C[C@H]1CN(c2ccc(Nc3ncnc(-c4ccc(O[C@H]5CCN(C(=O)CO)CC5(F)F)c(C#N)c4)n3)cc2)CCN1C1COC1,4.34,0.0,1
CHEMBL2971,C[C@H]1CN(c2ccc(Nc3ncnc(-c4ccc(O[C@H]5CCN(C(=O)CO)C[C@H]5F)c(C#N)c4)n3)cc2)CCN1C1COC1,6.92,0.0,1
CHEMBL2971,C[C@H]1CN(c2ccc(Nc3ncnc(-c4ccc(O[C@H]5CCN(C(=O)c6cnn[nH]6)C[C@H]5F)c(C#N)c4)n3)cc2)CCN1C1COC1,6.8,0.0,1
CHEMBL2971,C[C@H]1CN(c2ccc3cc(Nc4nn([C@@H](CC#N)C5CC5)c5cc[nH]c(=O)c45)ccc3n2)[C@@H](C)CO1,5.52,0.0,1
CHEMBL2971,C[C@H]1CN(c2ccc3cc(Nc4nn([C@H]5CCCC[C@@H]5C#N)c5cc[nH]c(=O)c45)ccc3n2)[C@@H](C)CO1,5.5,0.0,1
CHEMBL2971,C[C@H]1CN(c2ccc3cc(Nc4nn([C@]5(CC#N)CC[C@@H](C(=O)OC(C)(C)C)OC5)c5cc[nH]c(=O)c45)ccc3n2)CCO1,8.97,0.0,1
CHEMBL2971,C[C@H]1CNC(=O)c2cnn3ccc(nc23)N[C@H](C)c2cc(F)ccc2O1,8.98,0.0,1
CHEMBL2971,C[C@H]1C[C@@H](Nc2c(-c3nccs3)cnc3[nH]ccc23)CN(CC2CC2(F)F)C1,7.26,0.0,1
CHEMBL2971,C[C@H]1C[C@@H](O)CN1c1ccc(-c2ncnc(Nc3ccc(N4CCN(C5COC5)CC4)cc3)n2)cc1C#N,5.79,2.1213203435596424,2
CHEMBL2971,C[C@H]1C[C@@H](Oc2ccc(-c3ncnc(Nc4ccc(N5CCN(C6COC6)CC5)cc4)n3)cc2C#N)CCN1C(=O)CC#N,6.74,0.0,1
CHEMBL2971,C[C@H]1C[C@@H](Oc2ccc(-c3ncnc(Nc4ccc(N5CCN(C6COC6)CC5)cc4)n3)cc2C#N)CCN1C(=O)c1cnn[nH]1,6.65,0.0,1
CHEMBL2971,C[C@H]1C[C@H](C)N1[C@@H]1CC[C@H](n2cc(C(N)=O)c(Nc3ccc(C(F)(F)F)cc3)n2)[C@@H](C#N)C1,6.45,0.0,1
CHEMBL2971,C[C@H]1C[C@H](C)N1[C@H]1CC[C@H](n2cc(C(N)=O)c(Nc3ccc(C(F)(F)F)cc3)n2)[C@@H](C#N)C1,6.47,0.0,1
CHEMBL2971,C[C@H]1C[C@H](Nc2nc(N3CCN(C)CC3)ncc2-c2cnc3[nH]ccc3n2)CN(S(=O)(=O)CC#N)C1,10.11,0.0,1
CHEMBL2971,C[C@H]1C[C@H](Nc2nc(N3CCN(C)CC3)ncc2-c2cnc3[nH]ccc3n2)CN(S(C)(=O)=O)C1,9.66,0.0,1
CHEMBL2971,C[C@H]1C[C@H](Nc2ncccc2-c2cnc3[nH]ccc3n2)CN(C2(CC#N)COC2)C1,9.29,0.0,1
CHEMBL2971,C[C@H]1C[C@H](Nc2ncccc2-c2cnc3[nH]ccc3n2)CN(S(=O)(=O)CC#N)C1,10.48,0.0,1
CHEMBL2971,C[C@H]1C[C@H](Nc2ncccc2-c2cnc3[nH]ccc3n2)CN(S(C)(=O)=O)C1,9.85,0.0,1
CHEMBL2971,C[C@H]1C[C@H](Oc2ccc(-c3ncnc(Nc4ccc(N5CCN(C6COC6)CC5)cc4)n3)cc2C#N)CCN1C(=O)CO,6.31,0.0,1
CHEMBL2971,C[C@H]1C[C@](CC#N)(n2cc(C(N)=O)c(Nc3ccccc3)n2)CCN1C(=O)OC(C)(C)C,7.68,0.0,1
CHEMBL2971,C[C@H]1Cc2ccc(-c3ncnc4[nH]ccc34)cc2[C@@H]1NC#N,5.98,0.0,1
CHEMBL2971,C[C@H]1N(CC(F)(F)F)C[C@]1(CC#N)n1cc(-c2nc(-c3cnn(C)c3)cn3nccc23)cn1,6.69,0.0,1
CHEMBL2971,C[C@H]1OCC[C@@H](C#N)[C@@H]1n1cc(C(N)=O)c(Nc2ccnc(F)c2)n1,6.69,0.0,1
CHEMBL2971,C[C@H]1[C@@H](O)c2cc(Nc3nn([C@@H](CC#N)C4CC4)c4cc[nH]c(=O)c34)ccc2S1(=O)=O,6.09,0.0,1
CHEMBL2971,C[C@H]1[C@H](O)c2cc(Nc3nn([C@@H](CC#N)C4CC4)c4cc[nH]c(=O)c34)ccc2S1(=O)=O,6.38,0.0,1
CHEMBL2971,C[C@H]1[C@H]2CN(c3nc(Nc4cnn(C)c4)ncc3F)C[C@]21NC(=O)[C@@H]1CC1(F)F,5.57,0.0,1
CHEMBL2971,C[C@H]1[C@H]2CN(c3nc(Nc4cnn(C)c4)ncc3F)C[C@]21NC(=O)[C@H]1CC1(F)F,5.72,0.0,1
CHEMBL2971,C[C@](O)(c1ccc(Nc2nn([C@@H]3COCC[C@H]3C#N)cc2C(N)=O)cc1)C(F)F,7.92,0.0,1
CHEMBL2971,C[C@](O)(c1ccc(Nc2nn([C@H]3CCCC[C@@H]3C#N)cc2C(N)=O)cn1)C(F)(F)F,7.96,0.0,1
CHEMBL2971,C[C@](O)(c1ccc(Nc2nn([C@H]3CCCC[C@@H]3C#N)cc2C(N)=O)cn1)C(F)F,8.52,0.0,1
CHEMBL2971,C[C@](O)(c1ccc(Nc2nn([C@H]3CC[C@@H](N4CCC4)C[C@@H]3C#N)cc2C(N)=O)cc1)C(F)(F)F,8.1,0.0,1
CHEMBL2971,C[C@](O)(c1ccc(Nc2nn([C@H]3CC[C@@H](O)C[C@@H]3C#N)cc2C(N)=O)cc1)C(F)(F)F,8.4,0.0,1
CHEMBL2971,C[C@](O)(c1ccc(Nc2nn([C@H]3CC[C@H](N4CCC4)C[C@@H]3C#N)cc2C(N)=O)cc1)C(F)(F)F,8.15,0.0,1
CHEMBL2971,C[C@](O)(c1ccc(Nc2nn([C@H]3CC[C@H](O)C[C@@H]3C#N)cc2C(N)=O)cc1)C(F)(F)F,8.7,0.0,1
CHEMBL2971,C[C@](O)(c1ccc(Nc2nn([C@H]3COCC[C@@H]3C#N)cc2C(N)=O)cc1)C(F)F,9.7,0.0,1
CHEMBL2971,C[C@]1(C#N)CCC[C@H]1Nc1c(C(N)=O)cnn2cccc12,7.51,0.0,1
CHEMBL2971,C[C@]1(C#N)CC[C@@H](F)C[C@@H]1n1cc(C(N)=O)c(Nc2ccc(F)cc2)n1,7.96,0.0,1
CHEMBL2971,C[C@]1(C#N)CC[C@H](F)C[C@@H]1n1cc(C(N)=O)c(Nc2ccc(F)cc2)n1,8.1,0.0,1
CHEMBL2971,C[C@]1(C#N)CC[C@H](O)C[C@@H]1n1cc(C(N)=O)c(Nc2ccc(F)cc2)n1,7.66,0.0,1
CHEMBL2971,C[C@]1(C#N)CS(=O)(=O)CC1n1cc(C(N)=O)c(Nc2ccc(F)cc2)n1,8.22,0.0,1
CHEMBL2971,C[C@]1(C#N)CS(=O)(=O)C[C@H]1n1cc(C(N)=O)c(Nc2ccc(F)cc2)n1,6.54,0.0,1
CHEMBL2971,C[C@]1(CO)CCC[C@H]1Nc1c(C(N)=O)cnn2cccc12,6.96,0.0,1
CHEMBL2971,C[C@]1(F)CCC[C@H]1Nc1c(C(N)=O)cnn2cccc12,7.75,0.0,1
CHEMBL2971,C[C@]1(NC#N)CCc2ccc(-c3ncnc4[nH]ccc34)cc21,7.15,0.0,1
CHEMBL2971,C[C@]1(O)CCC[C@H]1Nc1c(C(N)=O)cnn2cccc12,6.82,0.0,1
CHEMBL2971,C[C@]1(O)CC[C@H](n2cc(C(N)=O)c(Nc3ccc(Cl)c(F)c3)n2)[C@@H](C#N)C1,7.96,0.0,1
CHEMBL2971,C[C@]1(O)CC[C@H](n2cc(C(N)=O)c(Nc3ccc(Cl)cc3)n2)[C@@H](C#N)C1,8.05,0.0,1
CHEMBL2971,C[C@]1(O)CC[C@H](n2cc(C(N)=O)c(Nc3ccc([C@@](C)(O)C(F)(F)F)cc3)n2)[C@@H](C#N)C1,9.0,0.0,1
CHEMBL2971,C[C@]1(O)CC[C@H](n2cc(C(N)=O)c(Nc3ccc([C@](C)(O)C(F)(F)F)cc3)n2)[C@@H](C#N)C1,8.4,0.0,1
CHEMBL2971,C[C@]12C=CC(=O)C=C1CC[C@@H]1[C@@H]2[C@@H](O)C[C@@]2(C)[C@H]1CC[C@]2(O)C(=O)COC(=O)C1CC1C(=O)OCc1ccc([C@@H](CN)C(=O)Nc2ccc3cnccc3c2)cc1,4.86,0.0,1
CHEMBL2971,C[C@]12O[C@H](C[C@]1(O)CO)n1c3ccccc3c3c4c(c5c6ccccc6n2c5c31)CNC4=O,8.7775,0.2866327499315695,4
CHEMBL2971,C[N+]1(C2CC[C@H](n3cc(C(N)=O)c(Nc4ccc(Cl)cc4)n3)[C@@H](C#N)C2)CCC1,7.46,0.0,1
CHEMBL2971,C[S+]([O-])c1cc(Nc2nn([C@H]3COCC[C@@H]3C#N)c3cc[nH]c(=O)c23)ccc1Cl,4.83,0.0,1
CHEMBL2971,C[S+]([O-])c1cc(Nc2nn([C@H]3COCC[C@@H]3C#N)c3cc[nH]c(=O)c23)ccc1F,4.995,0.19091883092036754,2
CHEMBL2971,C[S@@](=O)(=NCc1nc2cnc3[nH]ccc3c2n1[C@H]1CC[C@H](CC#N)CC1)c1ccccc1,7.67,0.0,1
CHEMBL2971,C[S@](=O)(=NCc1nc2cnc3[nH]ccc3c2n1[C@H]1CC[C@H](CC#N)CC1)c1ccccc1,6.95,0.0,1
CHEMBL2971,C[Si](C)(C)C1CCC(c2nc3cnc4[nH]ccc4c3n2[C@H]2CC[C@H](CC#N)CC2)CC1,5.71,0.0,1
CHEMBL2971,C[Si](C)(C)CNC(=O)Cc1nc2cnc3[nH]ccc3c2n1[C@H]1CC[C@H](CC#N)CC1,7.51,0.0,1
CHEMBL2971,C[Si](C)(C)COC(=O)N1CCC(CC#N)(n2cc(C(N)=O)c(Nc3ccc(F)cc3)n2)CC1,6.13,0.0,1
CHEMBL2971,C[Si](C)(C)[C@H]1CC[C@@H](NC(=O)Cc2nc3cnc4[nH]ccc4c3n2[C@H]2CC[C@H](CC#N)CC2)CC1,8.4,0.0,1
CHEMBL2971,C[Si](C)(C)[C@H]1CC[C@H](NC(=O)Cc2nc3cnc4[nH]ccc4c3n2[C@H]2CC[C@H](CC#N)CC2)CC1,7.68,0.0,1
CHEMBL2971,Cc1[nH]nc2[nH]c(=O)c(C#N)c(C3CCCCC3)c12,4.77,0.0,1
CHEMBL2971,Cc1[nH]nc2[nH]c(=O)c(CCO)c(C3CCCCC3)c12,5.41,0.0,1
CHEMBL2971,Cc1[nH]nc2[nH]c(=O)c(CO)c(C3CCCCC3)c12,5.55,0.0,1
CHEMBL2971,Cc1[nH]nc2[nH]c(=O)cc(-c3ccccc3)c12,5.38,0.0,1
CHEMBL2971,Cc1[nH]nc2[nH]c(=O)cc(C3CC4CCC3CC4)c12,6.48,0.0,1
CHEMBL2971,Cc1[nH]nc2[nH]c(=O)cc(C3CCCC3)c12,4.89,0.0,1
CHEMBL2971,Cc1[nH]nc2[nH]c(=O)cc(C3CCCCC3)c12,5.89,0.0,1
CHEMBL2971,Cc1[nH]nc2[nH]c(=O)cc(CC3CCC3)c12,6.24,0.0,1
CHEMBL2971,Cc1[nH]nc2[nH]c(=O)cc([C@@H]3C[C@@H]4C[C@H]3C[C@@H]4CC#N)c12,6.82,0.0,1
CHEMBL2971,Cc1[nH]nc2[nH]c(=O)cc([C@@H]3C[C@@H]4C[C@H]3C[C@H]4CC#N)c12,7.03,0.0,1
CHEMBL2971,Cc1[nH]nc2[nH]c(=O)cc([C@@H]3C[C@H]4CC[C@@H]3C4)c12,6.42,0.0,1
CHEMBL2971,Cc1[nH]nc2[nH]c(=O)cc([C@H]3CCCC[C@H]3C)c12,6.47,0.0,1
CHEMBL2971,Cc1[nH]nc2[nH]c(=O)cc([C@H]3CC[C@H](C#N)CC3)c12,5.29,0.0,1
CHEMBL2971,Cc1[nH]nc2[nH]c(=O)cc([C@H]3CC[C@H](C(=O)NC4CC4)CC3)c12,5.03,0.0,1
CHEMBL2971,Cc1[nH]nc2[nH]c(=O)cc([C@H]3CC[C@H](CC#N)CC3)c12,6.44,0.0,1
CHEMBL2971,Cc1[nH]nc2[nH]c(=O)cc([C@H]3CC[C@H](CC(=O)N4CC(C#N)C4)CC3)c12,7.19,0.0,1
CHEMBL2971,Cc1[nH]nc2[nH]c(=O)cc([C@H]3CC[C@H](CC(=O)N4CC(Cc5ccccc5)C4)CC3)c12,7.82,0.0,1
CHEMBL2971,Cc1[nH]nc2[nH]c(=O)cc([C@H]3CC[C@H](CC(=O)N4CCC(C#N)C4)CC3)c12,7.05,0.0,1
CHEMBL2971,Cc1[nH]nc2[nH]c(=O)cc([C@H]3CC[C@H](CC(=O)N4CCC(C)(C)CC4)CC3)c12,7.5,0.0,1
CHEMBL2971,Cc1[nH]nc2[nH]c(=O)cc([C@H]3CC[C@H](CC(=O)N4CCC(c5ccccc5)C4)CC3)c12,7.72,0.0,1
CHEMBL2971,Cc1[nH]nc2[nH]c(=O)cc([C@H]3CC[C@H](CCC#N)CC3)c12,6.8,0.0,1
CHEMBL2971,Cc1[nH]nc2[nH]c(=O)cc([C@H]3CC[C@H](N)CC3)c12,4.75,0.0,1
CHEMBL2971,Cc1[nH]nc2[nH]c(=O)cc([C@H]3CC[C@H](NC(=O)C4CC4)CC3)c12,5.68,0.0,1
CHEMBL2971,Cc1[nH]nc2[nH]c(=O)cc([C@H]3CC[C@H](NC(=O)C4CCCC4)CC3)c12,5.8,0.0,1
CHEMBL2971,Cc1[nH]nc2[nH]c(=O)cc([C@H]3CC[C@H](NC(=O)[C@@H]4CC4(F)F)CC3)c12,6.92,0.0,1
CHEMBL2971,Cc1[nH]nc2[nH]c(=O)cc([C@H]3CC[C@H](NC(=O)[C@H]4CC4(F)F)CC3)c12,5.77,0.0,1
CHEMBL2971,Cc1[nH]nc2[nH]c(=O)cc([C@H]3CC[C@H](NS(=O)(=O)C4CC4)CC3)c12,5.6,0.0,1
CHEMBL2971,Cc1[nH]nc2[nH]c(=O)cc([C@H]3CC[C@H](NS(=O)(=O)CC4CCC4)CC3)c12,6.24,0.0,1
CHEMBL2971,Cc1[nH]nc2[nH]c(=O)cc([C@H]3CC[C@H](O)CC3)c12,5.34,0.0,1
CHEMBL2971,Cc1[nH]nc2[nH]c(=O)cc([C@H]3CC[C@H](OC(=O)[C@@H]4CC4(F)F)CC3)c12,6.92,0.0,1
CHEMBL2971,Cc1[nH]nc2[nH]c(=O)cc([C@H]3C[C@H]4CC[C@@H]3C4)c12,6.37,0.0,1
CHEMBL2971,Cc1[nH]nc2[nH]c(=O)cc([C@H]3C[C@H]4C[C@@H]3C[C@@H]4CC#N)c12,7.92,0.0,1
CHEMBL2971,Cc1[nH]nc2[nH]c(=O)cc([C@H]3C[C@H]4C[C@@H]3C[C@H]4CC#N)c12,6.44,0.0,1
CHEMBL2971,Cc1c(-c2c(C#N)cc(C(N)=O)c3[nH]c4cc(C(C)(C)O)ccc4c23)cccc1-n1c(=O)c2cccc(F)c2n(C)c1=O,5.67,0.0707106781186545,2
CHEMBL2971,Cc1c(-c2c(C#N)cc(C(N)=O)c3[nH]c4cc(C(C)(C)O)ccc4c23)cccc1-n1c(=O)cc2c(Cl)cccn2c1=O,6.11,0.0,1
CHEMBL2971,Cc1c(-c2c(Cl)cc(C(N)=O)c3[nH]c4c(c23)CC[C@H](C(C)(C)O)C4)cccc1-n1c(=O)[nH]c2c(F)cc(F)cc2c1=O,6.57,0.0,1
CHEMBL2971,Cc1c(-c2c(Cl)cc(C(N)=O)c3[nH]c4c(c23)CC[C@H](C(C)(C)O)C4)cccc1-n1c(=O)[nH]c2c(F)cccc2c1=O,5.05,0.0,1
CHEMBL2971,Cc1c(-c2c(Cl)cc(C(N)=O)c3[nH]c4c(c23)CC[C@H](C(C)(C)O)C4)cccc1-n1c(=O)c2cc(F)cc(F)c2n(C)c1=O,4.89,0.0,1
CHEMBL2971,Cc1c(-c2c(Cl)cc(C(N)=O)c3[nH]c4c(c23)CC[C@H](C(C)(C)O)C4)cccc1-n1c(=O)c2cccc(F)c2n(C)c1=O,5.005,0.16263455967290624,2
CHEMBL2971,Cc1c(-c2c(Cl)cc(C(N)=O)c3[nH]c4cc(C(C)(C)O)ccc4c23)cccc1-n1c(=O)[nH]c2c(F)cc(F)cc2c1=O,5.96,0.0,1
CHEMBL2971,Cc1c(-c2c(Cl)cc(C(N)=O)c3[nH]c4cc(C(C)(C)O)ccc4c23)cccc1-n1c(=O)[nH]c2c(F)cccc2c1=O,6.38,0.19798989873223286,2
CHEMBL2971,Cc1c(-c2c(Cl)cc(C(N)=O)c3[nH]c4cc(C(C)(C)O)ccc4c23)cccc1-n1c(=O)c2cccc(C)c2n(C)c1=O,6.46,0.0,1
CHEMBL2971,Cc1c(-c2c(Cl)cc(C(N)=O)c3[nH]c4cc(C(C)(C)O)ccc4c23)cccc1-n1c(=O)c2cccc(F)c2n(C)c1=O,5.82,0.19078784028338922,3
CHEMBL2971,Cc1c(-c2c(Cl)cc(C(N)=O)c3[nH]c4cc(C(C)(C)O)ccc4c23)cccc1-n1c(=O)c2ccccc2n(C)c1=O,5.7,0.0,1
CHEMBL2971,Cc1c(-c2c(Cl)cc(C(N)=O)c3[nH]c4cc(C(C)(C)O)ccc4c23)cccc1-n1c(=O)cc2c(Cl)cccn2c1=O,5.95,0.13910427743243584,5
CHEMBL2971,Cc1c(-c2c(Cl)cc(C(N)=O)c3[nH]c4cc(C(C)(C)O)ccc4c23)cccc1-n1c(=O)cc2c(F)cccn2c1=O,6.293333333333333,0.17214335111567144,3
CHEMBL2971,Cc1c(-c2c(Cl)cc(C(N)=O)c3[nH]c4cc(C(C)(C)O)ccc4c23)cccc1-n1c(=O)cc2sccn2c1=O,6.475,0.06363961030678918,2
CHEMBL2971,Cc1c(-c2c(Cl)cc(C(N)=O)c3[nH]c4cc(C(C)(C)O)ccc4c23)cccc1-n1c(=O)ccn(-c2ccc(F)cc2)c1=O,6.055,0.4313351365237939,2
CHEMBL2971,Cc1c(-c2c(F)cc(C(N)=O)c3[nH]c4c(c23)CC[C@@H](C(C)(C)O)C4)cccc1-n1c(=O)[nH]c2c(F)cccc2c1=O,4.8,0.0,1
CHEMBL2971,Cc1c(-c2c(F)cc(C(N)=O)c3[nH]c4c(c23)CC[C@H](C(C)(C)O)C4)cccc1-n1c(=O)[nH]c2c(Cl)cccc2c1=O,4.96,0.0,1
CHEMBL2971,Cc1c(-c2c(F)cc(C(N)=O)c3[nH]c4c(c23)CC[C@H](C(C)(C)O)C4)cccc1-n1c(=O)c2cccc(F)c2n(C)c1=O,4.5,0.0,1
CHEMBL2971,Cc1c(-c2c(F)cc(C(N)=O)c3[nH]c4c(c23)CC[C@H](C(C)(C)O)C4)cccc1-n1c(=O)cc2c(F)cccn2c1=O,5.74,1.018233764908629,2
CHEMBL2971,Cc1c(-c2c(F)cc(C(N)=O)c3[nH]c4cc(C(C)(C)O)ccc4c23)cccc1-n1c(=O)[nH]c2c(Cl)cccc2c1=O,5.79,0.1838477631085022,2
CHEMBL2971,Cc1c(-c2c(F)cc(C(N)=O)c3[nH]c4cc(C(C)(C)O)ccc4c23)cccc1-n1c(=O)[nH]c2c(F)cc(F)cc2c1=O,6.08,0.2262741699796954,2
CHEMBL2971,Cc1c(-c2c(F)cc(C(N)=O)c3[nH]c4cc(C(C)(C)O)ccc4c23)cccc1-n1c(=O)[nH]c2c(F)cccc2c1=O,5.9425,0.14384598244882177,4
CHEMBL2971,Cc1c(-c2c(F)cc(C(N)=O)c3[nH]c4cc(C(C)(C)O)ccc4c23)cccc1-n1c(=O)c2cccc(F)c2n(C)c1=O,5.892,0.5335447497633162,5
CHEMBL2971,Cc1c(-c2c(F)cc(C(N)=O)c3[nH]c4cc(C(C)(C)O)ccc4c23)cccc1-n1c(=O)cc2c(Cl)cccn2c1=O,5.89,0.0,1
CHEMBL2971,Cc1c(-c2c(F)cc(C(N)=O)c3[nH]c4cc(C(C)(C)O)ccc4c23)cccc1-n1c(=O)cc2c(F)cccn2c1=O,6.09,0.014142135623730649,2
CHEMBL2971,Cc1c(-c2c(F)cc(C(N)=O)c3[nH]c4cc(CCO)ccc4c23)cccc1-n1c(=O)cc2c(F)cccn2c1=O,6.26,0.0,1
CHEMBL2971,Cc1c(-c2ccc(C(N)=O)c3[nH]c4c(c23)CCC(C(C)(C)O)C4)cccc1-n1cnc2ccccc2c1=O,5.24,0.0,1
CHEMBL2971,Cc1c(-c2ccc(C(N)=O)c3[nH]c4cc(C(C)(C)O)ccc4c23)cccc1-n1cnc2ccccc2c1=O,6.62,0.0,1
CHEMBL2971,Cc1c(-c2ncnc3[nH]ccc23)nnn1Cc1ccc(Br)cc1,6.11,0.0,1
CHEMBL2971,Cc1c(-c2ncnc3[nH]ccc23)nnn1Cc1ccc(Cl)cc1,6.02,0.0,1
CHEMBL2971,Cc1c(-c2ncnc3[nH]ccc23)nnn1Cc1ccc(I)cc1,6.08,0.0,1
CHEMBL2971,Cc1c(CN2CCC(CC#N)(n3cc(C(N)=O)c(Nc4ccnc(F)c4)n3)CC2)cnn1C,6.24,0.0,1
CHEMBL2971,Cc1c(CN2CCC(c3nnn4cnc5[nH]ccc5c34)CC2)c(Cl)nn1CC(F)(F)F,6.75,0.0,1
CHEMBL2971,Cc1c(CN2CC[C@@H](C#N)[C@H](n3cc(C(N)=O)c(Nc4ccc(F)cc4)n3)C2)cnn1C,7.7,0.0,1
CHEMBL2971,Cc1c(CN2CC[C@@H](n3cc(C(N)=O)c(Nc4ccc(F)cc4)n3)[C@H](C#N)C2)cnn1C,6.96,0.0,1
CHEMBL2971,Cc1c(Cl)cccc1NC(=O)N1CC(CC#N)(n2cc(C(N)=O)c(Nc3ccccc3)n2)C1,6.6,0.0,1
CHEMBL2971,Cc1c(NC(=O)c2ccc(C(C)(C)C)cc2)cccc1-c1nc(Nc2ccc(C(=O)N3CCOCC3)cc2)c2nc[nH]c2n1,5.51,0.0,1
CHEMBL2971,Cc1c(S(=O)(=O)C[C@H]2C[C@@H](N(C)c3ncnc4[nH]ccc34)C2)ccc(=O)n1C,8.89,0.0,1
CHEMBL2971,Cc1c[nH]c(CN2CCC(CC#N)(n3cc(C(N)=O)c(Nc4ccnc(F)c4)n3)CC2)n1,5.93,0.0,1
CHEMBL2971,Cc1c[nH]c2c(Nc3nc(N[C@@H]4CCCC[C@@H]4N)cc4cc[nH]c(=O)c34)cccc12,6.52,0.0,1
CHEMBL2971,Cc1c[nH]c2c(Nc3nc(N[C@@H]4CCCC[C@@H]4N)cc4nc[nH]c(=O)c34)cccc12,6.72,0.0,1
CHEMBL2971,Cc1c[nH]c2c(Nc3nc(N[C@@H]4CCOC[C@@H]4N)cc4nc[nH]c(=O)c34)cccc12,6.74,0.0,1
CHEMBL2971,Cc1c[nH]c2ncc(-c3cccnc3N[C@H]3CCCN(S(C)(=O)=O)C3)nc12,10.44,0.0,1
CHEMBL2971,Cc1c[nH]c2ncc3ccn([C@H]4CN(C(=O)CC#N)CC[C@H]4C)c3c12,8.31,0.0,1
CHEMBL2971,Cc1c[nH]c2ncc3nc(CC(=O)NCC(C)(C)O)n([C@H]4CC[C@H](CC#N)CC4)c3c12,6.82,0.0,1
CHEMBL2971,Cc1cc(-c2cc(-c3cc[nH]n3)cc3ncccc23)nn1C1(CC#N)CN(S(C)(=O)=O)C1,5.53,0.0,1
CHEMBL2971,Cc1cc(-c2cc(-c3cnn(C4(CC#N)CC(C#N)C4)c3)n3ccnc3c2)[nH]n1,6.57,0.2262741699796954,2
CHEMBL2971,Cc1cc(-c2cc(-c3cnn(C4(CC#N)CN(S(C)(=O)=O)C4)n3)c3cccnc3c2)ccn1,6.01,0.0,1
CHEMBL2971,Cc1cc(-c2cc(-c3cnn(C4(CC#N)CN(S(C)(=O)=O)C4)n3)c3cccnc3c2)cnc1N,5.16,0.0,1
CHEMBL2971,Cc1cc(-c2cc(C(N)=O)c3[nH]c4cc(C5CCN(C(=O)OC(C)(C)C)CC5)ccc4c3c2)ccc1CN1CCOCC1,6.09,0.0,1
CHEMBL2971,Cc1cc(-c2cc(C(N)=O)c3[nH]c4cc(N5CCOCC5)ccc4c3n2)ccc1Cl,8.15,0.0,1
CHEMBL2971,Cc1cc(-c2cc3c(N[C@@H]4CC[C@](C)(N)C4(C)C)c(C(N)=O)cnn3c2)ccn1,8.46,0.0,1
CHEMBL2971,Cc1cc(-c2cc3ncc(C(N)=O)c(N[C@@H]4CCN(c5ccc(C#N)nn5)CC4(C)C)n3n2)ccn1,8.3,0.0,1
CHEMBL2971,Cc1cc(-c2cc3ncccc3c(-c3ccn(C4(CC#N)CC(C#N)C4)n3)n2)cc(N)n1,6.575,0.6434671708797584,2
CHEMBL2971,Cc1cc(-c2cc3ncccc3c(-c3ccn(C4(CC#N)CC(C#N)C4)n3)n2)n[nH]1,7.395,0.502045814642449,2
CHEMBL2971,Cc1cc(-c2cc3ncccc3c(-c3ccn(C4(CC#N)CC(C#N)C4)n3)n2)nn1C,6.665,0.5303300858899106,2
CHEMBL2971,Cc1cc(-c2cc3ncccc3c(-c3ccn(C4(CC#N)CC(C)(C#N)C4)n3)n2)n[nH]1,6.23,0.9475230867899745,2
CHEMBL2971,Cc1cc(-c2cc3ncccc3c(-c3ccn(C4(CC#N)CN(CC(F)(F)F)C4)n3)n2)c[nH]c1=O,6.09,0.0,1
CHEMBL2971,Cc1cc(-c2cc3ncccc3c(-c3ccn(C4(CC#N)CN(CC(F)(F)F)C4)n3)n2)ccn1,6.2,0.0,1
CHEMBL2971,Cc1cc(-c2cc3ncccc3c(-c3ccn(C4(CC#N)CN(CC(F)(F)F)C4)n3)n2)n[nH]1,6.34,0.0,1
CHEMBL2971,Cc1cc(-c2cc3ncccc3c(-c3ccn(C4(CC#N)CN(S(C)(=O)=O)C4)n3)n2)ccn1,6.48,0.0,1
CHEMBL2971,Cc1cc(-c2cc3ncccc3c(-c3ccn(C4(CC#N)CN(S(C)(=O)=O)C4)n3)n2)cnc1N,5.76,0.0,1
CHEMBL2971,Cc1cc(-c2ccc(S(=O)(=O)NC(C)(C)C)cc2)cc2c(N)n[nH]c12,6.11,0.0,1
CHEMBL2971,Cc1cc(-c2cccc3nc(Nc4ccc(N5CCN(C)CC5)cc4)oc23)ccc1C(=O)N1CCOCC1,8.1,0.0,1
CHEMBL2971,Cc1cc(-c2cccc3ncc(-c4ccc(C(=O)N5CCOCC5)c(C)c4)nc23)ccc1CN1CCOCC1,7.89,0.0,1
CHEMBL2971,Cc1cc(-c2ccnc(Nc3ccc(N4CCOCC4)cc3)n2)cc(C)c1O,7.06,0.0,1
CHEMBL2971,Cc1cc(-c2ccnc(Nc3ccc(N4CCOCC4)cc3)n2)ccc1C(=O)NCC#N,7.19,0.0,1
CHEMBL2971,Cc1cc(-c2cn3nccc3c(-c3cnn([C@]4(CC#N)C[C@@H](C#N)C4)c3)n2)n[nH]1,6.8,0.0,1
CHEMBL2971,Cc1cc(-c2cnc3[nH]ccc3c2N[C@@H]2CCCN(C(=O)CC#N)C2)[nH]n1,7.26,0.0,1
CHEMBL2971,Cc1cc(-c2cnc3cccc(-c4cc(F)c(CN5CCOCC5)c(F)c4)c3n2)ccc1C(=O)N1CCOCC1,8.51,0.0,1
CHEMBL2971,Cc1cc(-c2cnc3cccc(-c4ccc(CN5CCOCC5)c(F)c4)c3n2)ccc1C(=O)N1CCOCC1,7.9,0.0,1
CHEMBL2971,Cc1cc(-c2cnc3cccc(-c4ccc(CN5CCS(=O)(=O)CC5)cc4)c3n2)ccc1C(=O)N1CCN(C)CC1,8.15,0.0,1
CHEMBL2971,Cc1cc(-c2nc(-c3cc(N)n(C)n3)cc3ncccc23)nn1C1(CC#N)CC(C#N)C1,6.79,0.7778174593052021,2
CHEMBL2971,Cc1cc(-c2nc(-c3cc[nH]n3)cc3ncccc23)nn1C1(CC#N)CC(C#N)C1,6.915,0.7990306627407993,2
CHEMBL2971,Cc1cc(-c2nc(-c3ccn[nH]3)cc3ncccc23)nn1C1(CC#N)CN(S(C)(=O)=O)C1,6.07,0.0,1
CHEMBL2971,Cc1cc(-c2nc(-c3cn[nH]c3)cc3ncccc23)nn1C1(CC#N)CC(C#N)C1,6.99,0.6788225099390853,2
CHEMBL2971,Cc1cc(-c2nc(-c3cn[nH]c3)cc3ncccc23)nn1C1(CC#N)CN(S(C)(=O)=O)C1,5.86,0.0,1
CHEMBL2971,Cc1cc(-c2nc(-c3cn[nH]c3N)cc3ncccc23)nn1C1(CC#N)CC(C#N)C1,7.7,0.0,1
CHEMBL2971,Cc1cc(-c2nc3cnc4[nH]ccc4c3n2[C@H]2CC[C@H](CC#N)CC2)[nH]n1,8.43,0.0,1
CHEMBL2971,Cc1cc(-n2cnc3ccc(N[C@@H](C)c4ccc(F)cn4)nc32)n[nH]1,8.52,0.0,1
CHEMBL2971,Cc1cc(=O)n(C)cc1S(=O)(=O)C[C@H]1C[C@@H](N(C)c2ncnc3[nH]ccc23)C1,10.0,0.0,1
CHEMBL2971,Cc1cc(C#N)ccc1NC1CCC(c2nnn3cnc4[nH]ccc4c23)CC1,6.984999999999999,0.6858935777509506,2
CHEMBL2971,Cc1cc(C#N)ccc1NC[C@H]1CC[C@H](c2nnn3cnc4[nH]ccc4c23)CC1,6.925,0.2192031021678301,2
CHEMBL2971,Cc1cc(C#N)nc(F)c1N(C)c1cc2c(ncn2C)c(NC(=O)[C@H]2C[C@H]2F)n1,7.12,0.0,1
CHEMBL2971,Cc1cc(C#N)ncc1N(C)c1cc2c(ncn2C)c(NC(=O)[C@H]2C[C@H]2F)n1,6.45,0.0,1
CHEMBL2971,Cc1cc(C(=O)N2CCC(CC#N)(n3cc(C(N)=O)c(Nc4ccccc4)n3)CC2)no1,6.71,0.0,1
CHEMBL2971,Cc1cc(C(N)=O)c2[nH]c3cc(C(C)(C)O)ccc3c2c1-c1cccc(-n2c(=O)[nH]c3c(F)cccc3c2=O)c1C,6.54,0.0,1
CHEMBL2971,Cc1cc(C(N)=O)c2[nH]c3cc(C(C)(C)O)ccc3c2c1-c1cccc(-n2c(=O)[nH]c3c(F)cccc3c2=O)c1Cl,6.54,0.0,1
CHEMBL2971,Cc1cc(C(N)=O)c2[nH]c3cc(C(C)(C)O)ccc3c2c1-c1cccc(-n2c(=O)c3cccc(F)c3n(C)c2=O)c1C,6.1,0.0,1
CHEMBL2971,Cc1cc(C(N)=O)c2[nH]c3cc(C(C)(C)O)ccc3c2c1-c1cccc(-n2c(=O)cc3c(Cl)cccn3c2=O)c1C,6.1,0.0,1
CHEMBL2971,Cc1cc(C)c(NC(=O)N2CC(CC#N)(n3cc(C(N)=O)c(Nc4ccccc4)n3)C2)c(C)c1,5.84,0.0,1
CHEMBL2971,Cc1cc(C)c(S(=O)(=O)C[C@H]2C[C@@H](N(C)c3ncnc4[nH]ccc34)C2)cn1,9.55,0.0,1
CHEMBL2971,Cc1cc(C)cc(NC(=O)N2CC(CC#N)(n3cc(C(N)=O)c(Nc4ccccc4)n3)C2)c1,6.49,0.0,1
CHEMBL2971,Cc1cc(C)cc(Nc2nccc(-c3cc(C(=O)NCC(F)(F)F)n(C)n3)n2)c1,6.16,0.0,1
CHEMBL2971,Cc1cc(C)cc(Nc2nccc(-c3cc(C(=O)NCCN)n(C)n3)n2)c1,5.54,0.0,1
CHEMBL2971,Cc1cc(C)cc(Nc2nccc(-c3cc(C(=O)NCc4ccccn4)n(C)n3)n2)c1,5.31,0.0,1
CHEMBL2971,Cc1cc(C)cc(Nc2nccc(-c3cc(C(=O)NCc4ncc[nH]4)n(C)n3)n2)c1,5.3,0.0,1
CHEMBL2971,Cc1cc(C)cc(Nc2nccc(-c3cc(C(=O)N[C@@H](C)CN4CCC4)n(C)n3)n2)c1,6.08,0.0,1
CHEMBL2971,Cc1cc(C)cc(Nc2nccc(-c3cc(C(=O)N[C@@H](C)CN4CCCC4)n(C)n3)n2)c1,5.99,0.0,1
CHEMBL2971,Cc1cc(C)cc(Nc2nccc(-c3cc(C(=O)N[C@@H](C)CO)n(C)n3)n2)c1,5.63,0.0,1
CHEMBL2971,Cc1cc(C)cc(Nc2nccc(-c3cc(C(=O)N[C@H](C)CO)n(C)n3)n2)c1,5.24,0.0,1
CHEMBL2971,Cc1cc(C)cc(Nc2nccc(-c3cc(C(=O)N[C@H](CN4CCC4)C(C)C)n(C)n3)n2)c1,6.42,0.0,1
CHEMBL2971,Cc1cc(C)cc(Nc2nccc(-c3cc(C(=O)N[C@H](CN4CCCC4)C(C)C)n(C)n3)n2)c1,6.64,0.0,1
CHEMBL2971,Cc1cc(C)cc(Nc2nccc(-c3cc(C(=O)N[C@H](CO)C(C)C)n(C)n3)n2)c1,6.01,0.0,1
CHEMBL2971,Cc1cc(C)cc(Nc2nccc(-c3cc(C(=O)N[C@H](CO)C4CCCCC4)n(C)n3)n2)c1,5.45,0.0,1
CHEMBL2971,Cc1cc(C)cc(Nc2nccc(-c3cc(C(=O)N[C@H]4CCCC[C@H]4N)n(C)n3)n2)c1,6.66,0.0,1
CHEMBL2971,Cc1cc(C)cc(Nc2nn(C3(CC#N)CCN(C(=O)OC(C)(C)C)CC3)c3cc[nH]c(=O)c23)c1,7.9,0.0,1
CHEMBL2971,Cc1cc(C)n(-c2ccc(Nc3nn([C@]4(CC#N)CC[C@@H](C(=O)OC(C)(C)C)OC4)c4cc[nH]c(=O)c34)cc2)n1,9.14,0.0,1
CHEMBL2971,Cc1cc(C)n(CCOc2ccc(-c3ncnc(Nc4ccc(N5CCN(C6COC6)CC5)cc4)n3)cc2C#N)n1,6.62,0.0,1
CHEMBL2971,Cc1cc(CC[C@]2(O)CCN(S(=O)(=O)C[C@H]3CC[C@H](N(C)c4ncnc5[nH]ccc45)CC3)C2)on1,7.33,0.0,1
CHEMBL2971,Cc1cc(CN2CCC(CC#N)(n3cc(C(N)=O)c(Nc4ccnc(F)c4)n3)CC2)no1,6.8,0.0,1
CHEMBL2971,Cc1cc(CN2CC[C@@H](C#N)[C@H](n3cc(C(N)=O)c(Nc4ccc(F)cc4)n3)C2)no1,7.38,0.0,1
CHEMBL2971,Cc1cc(CN2CC[C@@H](n3cc(C(N)=O)c(Nc4ccc(F)cc4)n3)[C@H](C#N)C2)no1,7.04,0.0,1
CHEMBL2971,Cc1cc(Cl)ccc1NC(=O)N1CC(CC#N)(n2cc(C(N)=O)c(Nc3ccccc3)n2)C1,6.48,0.0,1
CHEMBL2971,Cc1cc(Cl)nc(N(C)[C@@H]2CCN(c3ncnc4[nH]ccc34)C2)c1C#N,10.26,0.0,1
CHEMBL2971,Cc1cc(N(C)[C@@H]2CCN(c3ncnc4[nH]ccc34)C2)nc(Cl)c1C#N,9.26,0.0,1
CHEMBL2971,Cc1cc(N(C)[C@@H]2CCN(c3ncnc4[nH]ccc34)C2)ncc1C#N,10.26,0.0,1
CHEMBL2971,Cc1cc(N(C)[C@@H]2CCN(c3ncnc4[nH]ccc34)C2)ncc1[N+](=O)[O-],9.26,0.0,1
CHEMBL2971,Cc1cc(N2CCC(CC#N)(n3cc(C(N)=O)c(Nc4ccc(F)cc4)n3)CC2)ccc1F,6.54,0.0,1
CHEMBL2971,Cc1cc(N2CCC(CC#N)(n3cc(C(N)=O)c(Nc4ccc(F)cc4)n3)CC2)ccn1,6.76,0.0,1
CHEMBL2971,Cc1cc(N2CCC(CC#N)(n3cc(C(N)=O)c(Nc4ccc(F)cc4)n3)CC2)cnc1C,7.31,0.0,1
CHEMBL2971,Cc1cc(N2CCC(CC#N)(n3cc(C(N)=O)c(Nc4ccc(F)cc4)n3)CC2)cnc1F,7.64,0.0,1
CHEMBL2971,Cc1cc(NC(=O)N2CCC(c3nnn4cnc5[nH]ccc5c34)CC2)sn1,6.68,0.0,1
CHEMBL2971,Cc1cc(NC(=O)N2CCCC(c3nnn4cnc5[nH]ccc5c34)C2)sn1,6.425,0.7566042558696061,2
CHEMBL2971,Cc1cc(Nc2cc(-c3cnn(CCC#N)c3)c(Cl)cn2)sn1,4.46,0.0,1
CHEMBL2971,Cc1cc(Nc2cc(C)[nH]n2)nc(N2CCC3(CC2)OCCN([C@@H](C)c2ccc(-n4cc(F)cn4)nc2)C3=O)n1,8.36,0.0,1
CHEMBL2971,Cc1cc(Nc2cc(CN3CCOCC3)c3nc(C)c(Cc4ccc(Cl)cc4F)n3n2)n[nH]1,7.362,1.1223056624645533,5
CHEMBL2971,Cc1cc(Nc2cc(O[C@H]3CC[C@@H](NC[C@@H](O)C(F)F)CC3)cc3c2ncn3C)nn1C,6.12,0.0,1
CHEMBL2971,Cc1cc(Nc2cc3ncccc3c(N[C@H]3CC[C@@H]4C[C@H](C3)N4CCC#N)n2)n[nH]1,7.48,0.0,1
CHEMBL2971,Cc1cc(Nc2ccc3nc(C)n([C@@H]4CCc5ccc(F)cc54)c3c2)[nH]n1,8.7,0.0,1
CHEMBL2971,Cc1cc(Nc2cnc(C#N)c(NC(C)c3ccc(F)cn3)n2)n[nH]1,8.3,0.0,1
CHEMBL2971,Cc1cc(Nc2cnc(C#N)c(N[C@@H](C)c3ccc(F)cn3)n2)n[nH]1,8.52,0.0,1
CHEMBL2971,Cc1cc(Nc2cnc(C#N)c(N[C@@H](C)c3ncc(F)cn3)n2)n[nH]1,8.22,0.0,1
CHEMBL2971,Cc1cc(Nc2cncc(N[C@@H](C)c3ccc(F)cn3)n2)n[nH]1,8.52,0.0,1
CHEMBL2971,Cc1cc(Nc2cncc(N[C@@H](C)c3ncc(F)cn3)n2)n[nH]1,8.52,0.0,1
CHEMBL2971,Cc1cc(Nc2nc(N3CCN(C(=O)CCc4ccccc4)CC3)nn3cccc23)n[nH]1,8.7,0.0,1
CHEMBL2971,Cc1cc(Nc2nc(N3CCN(C(=O)Cc4c(F)cc(Cl)cc4F)CC3)nn3cccc23)n[nH]1,9.0,0.0,1
CHEMBL2971,Cc1cc(Nc2nc(N3CCN(C(=O)Cc4ccc(Cl)cc4)CC3)nn3cccc23)n[nH]1,9.22,0.0,1
CHEMBL2971,Cc1cc(Nc2nc(N3CCN(C(=O)Cc4ccc(F)cc4)CC3)nn3cccc23)n[nH]1,9.05,0.0,1
CHEMBL2971,Cc1cc(Nc2nc(N3CCN(C(=O)Cc4ccc(F)cc4F)CC3)nn3cccc23)n[nH]1,8.62,0.0,1
CHEMBL2971,Cc1cc(Nc2nc(N3CCN(C(=O)Cc4ccccc4)CC3)nn3cccc23)n[nH]1,8.55,0.0,1
CHEMBL2971,Cc1cc(Nc2nc(N3CCN(C(=O)Cc4ccccc4C)CC3)nn3cccc23)n[nH]1,8.28,0.0,1
CHEMBL2971,Cc1cc(Nc2nc(N3CCN(C(=O)Cc4ccccc4F)CC3)nn3cccc23)n[nH]1,8.34,0.0,1
CHEMBL2971,Cc1cc(Nc2nc(N3CCN(C(=O)N(C)C)CC3)nn3cccc23)n[nH]1,8.03,0.0,1
CHEMBL2971,Cc1cc(Nc2nc(N3CCN(C(=O)c4ccc(C#N)cc4)CC3)nn3cccc23)n[nH]1,8.32,0.0,1
CHEMBL2971,Cc1cc(Nc2nc(N3CCN(C(=O)c4ccccc4)CC3)nn3cccc23)n[nH]1,8.66,0.0,1
CHEMBL2971,Cc1cc(Nc2nc(N3CCN(C(=O)c4ccccc4Br)CC3)nn3cccc23)n[nH]1,8.68,0.0,1
CHEMBL2971,Cc1cc(Nc2nc(N3CCN(C(=O)c4ccccc4C#N)CC3)nn3cccc23)n[nH]1,8.22,0.0,1
CHEMBL2971,Cc1cc(Nc2nc(N3CCN(C(=O)c4ccccc4C)CC3)nn3cccc23)n[nH]1,8.52,0.0,1
CHEMBL2971,Cc1cc(Nc2nc(N3CCN(C(=O)c4ccccc4Cl)CC3)nn3cccc23)n[nH]1,8.14,0.0,1
CHEMBL2971,Cc1cc(Nc2nc(N3CCN(C(=O)c4ccccc4S(C)(=O)=O)CC3)nn3cccc23)n[nH]1,8.96,0.0,1
CHEMBL2971,Cc1cc(Nc2nc(N3CCNCC3)nn3cccc23)n[nH]1,7.51,0.0,1
CHEMBL2971,Cc1cc(Nc2nc(NC(C)c3ccc(F)cn3)c(C#N)nc2C)n[nH]1,7.33,0.0,1
CHEMBL2971,Cc1cc(Nc2nc(N[C@@H](C)c3ccc(F)cn3)c(C#N)nc2C)n[nH]1,7.96,0.0,1
CHEMBL2971,Cc1cc(Nc2nc(N[C@@H](C)c3ccc(F)cn3)c(Cl)c(N3CCOCC3)n2)n[nH]1,8.22,0.0,1
CHEMBL2971,Cc1cc(Nc2nc(N[C@@H](C)c3ccc(F)cn3)c(F)c(N3CCN(C)CC3)n2)n[nH]1,7.77,0.0,1
CHEMBL2971,Cc1cc(Nc2nc(N[C@@H](C)c3ccc(F)cn3)c(F)c(N3CCN(S(C)(=O)=O)CC3)n2)n[nH]1,8.52,0.0,1
CHEMBL2971,Cc1cc(Nc2nc(N[C@@H](C)c3ccc(F)cn3)c(F)c(N3CCNCC3)n2)n[nH]1,8.4,0.0,1
CHEMBL2971,Cc1cc(Nc2nc(N[C@@H](C)c3ccc(F)cn3)c(F)c(N3CCOCC3)n2)n[nH]1,8.22,0.0,1
CHEMBL2971,Cc1cc(Nc2nc(N[C@@H](C)c3ccc(F)cn3)c(F)c(N3CCS(=O)(=O)CC3)n2)n[nH]1,8.52,0.0,1
CHEMBL2971,Cc1cc(Nc2nc(N[C@@H](C)c3ccc(F)cn3)cnc2C)n[nH]1,7.75,0.0,1
CHEMBL2971,Cc1cc(Nc2nc(N[C@@H](C)c3ncc(F)cc3F)c(F)c(N3CCOCC3)n2)n[nH]1,8.52,0.0,1
CHEMBL2971,Cc1cc(Nc2nc(N[C@@H](C)c3ncc(F)cn3)c(C#N)nc2C)n[nH]1,7.06,0.0,1
CHEMBL2971,Cc1cc(Nc2nc(N[C@@H](C)c3ncc(F)cn3)c(F)c(N3CCOCC3)n2)n[nH]1,8.52,0.0,1
CHEMBL2971,Cc1cc(Nc2nc(N[C@@H](C)c3ncc(F)cn3)cc(N3CCOCC3)n2)n[nH]1,8.3,0.0,1
CHEMBL2971,Cc1cc(Nc2nc(N[C@@H](C)c3ncc(F)cn3)nc(N3CCOCC3)c2Cl)n[nH]1,8.05,0.0,1
CHEMBL2971,Cc1cc(Nc2nc(N[C@@H](C)c3ncc(F)cn3)ncc2Br)n[nH]1,8.0,0.0,1
CHEMBL2971,Cc1cc(Nc2nc(N[C@@H](C)c3ncc(F)cn3)ncc2C)n[nH]1,8.4,0.0,1
CHEMBL2971,Cc1cc(Nc2nc(N[C@@H](C)c3ncc(F)cn3)ncc2Cl)[nH]n1,8.596666666666666,1.1815385450053388,3
CHEMBL2971,Cc1cc(Nc2nc(N[C@@H](C)c3ncc(F)cn3)ncc2F)n[nH]1,8.3,0.0,1
CHEMBL2971,Cc1cc(Nc2nc(N[C@H](C)c3ccc(F)cn3)c(C#N)nc2C)n[nH]1,6.58,0.7636753236814714,2
CHEMBL2971,Cc1cc(Nc2nc(N[C@H](C)c3ncc(F)cn3)c(C#N)nc2C)n[nH]1,6.140000000000001,1.6404877323527902,2
CHEMBL2971,Cc1cc(Nc2nc(O[C@@H](C)c3ccc(F)cn3)c(C#N)nc2C)n[nH]1,7.625,1.0960155108391492,2
CHEMBL2971,Cc1cc(Nc2nc(O[C@@H](C)c3ccc(F)cn3)c(F)c(N3CCOCC3)n2)n[nH]1,8.4,0.0,1
CHEMBL2971,Cc1cc(Nc2nc(O[C@@H](C)c3ncc(F)cc3F)c(F)c(N3CCOCC3)n2)n[nH]1,8.4,0.0,1
CHEMBL2971,Cc1cc(Nc2nc(O[C@@H](C)c3ncc(F)cn3)ncc2Cl)n[nH]1,7.68,0.0,1
CHEMBL2971,Cc1cc(Nc2nc(O[C@H](C)c3ccc(F)cn3)c(C#N)nc2C)n[nH]1,6.15,1.159655121145938,2
CHEMBL2971,Cc1cc(Nc2nc(O[C@H](C)c3ncc(F)cn3)ncc2Cl)n[nH]1,6.175,0.40305086527633227,2
CHEMBL2971,Cc1cc(Nc2nc3cccc(-c4cc(F)c(CN5CCOCC5)c(F)c4)c3o2)ccc1C(=O)N(C)C,8.3,0.0,1
CHEMBL2971,Cc1cc(Nc2nc3cccc(-c4cc(F)c(CN5CCOCC5)c(F)c4)c3o2)ccc1C(=O)NCCCN(C)C,8.3,0.0,1
CHEMBL2971,Cc1cc(Nc2nc3cccc(-c4ccc(C(=O)N5CCOCC5)cc4)c3o2)ccc1C(=O)N(C)C,8.1,0.0,1
CHEMBL2971,Cc1cc(Nc2ncc(C)c(-c3cnn(CCC#N)c3)n2)sn1,8.7,0.0,1
CHEMBL2971,Cc1cc(Nc2ncc(C)c(N3CC(C4CC4)C3)n2)sn1,8.47,0.0,1
CHEMBL2971,Cc1cc(Nc2ncc(C)c(N3CC(CC#N)(N4CCCC4)C3)n2)sn1,8.15,0.0,1
CHEMBL2971,Cc1cc(Nc2ncc(C)c(N3CC(CC#N)(N4CCCCC4)C3)n2)sn1,8.36,0.0,1
CHEMBL2971,Cc1cc(Nc2ncc(C)c(N3CC(CC#N)(N4CCN(C)CC4)C3)n2)sn1,8.41,0.0,1
CHEMBL2971,Cc1cc(Nc2ncc(C)c(N3CC(CC#N)(OC4CC5(CC5)C4)C3)n2)sn1,8.1,0.0,1
CHEMBL2971,Cc1cc(Nc2ncc(C)c(N3CC(CC#N)C3)n2)sn1,8.05,0.0,1
CHEMBL2971,Cc1cc(Nc2ncc(C)c(N3CC(CCC#N)C3)n2)sn1,7.89,0.0,1
CHEMBL2971,Cc1cc(Nc2ncc(C)c(N3CC(O)(C4CC4)C3)n2)sn1,8.6,0.0,1
CHEMBL2971,Cc1cc(Nc2ncc(C)c(N3CC4CCC(C3)N4CC#N)n2)sn1,8.41,0.0,1
CHEMBL2971,Cc1cc(Nc2ncc(C)c(N3CC4CCC(C3)N4CCC#N)n2)sn1,9.01,0.0,1
CHEMBL2971,Cc1cc(Nc2ncc(C)c(N3CC4CCCC(C3)N4CC#N)n2)sn1,8.27,0.0,1
CHEMBL2971,Cc1cc(Nc2ncc(C)c(N3CC4CCCC(C3)N4CCC#N)n2)sn1,9.01,0.0,1
CHEMBL2971,Cc1cc(Nc2ncc(C)c(N3CCC(CC#N)CC3)n2)sn1,8.41,0.0,1
CHEMBL2971,Cc1cc(Nc2ncc(C)c(N3CCN(CC#N)C(C)C3)n2)sn1,8.52,0.0,1
CHEMBL2971,Cc1cc(Nc2ncc(C)c(N3CCN(CC#N)CC3)n2)sn1,8.47,0.0,1
CHEMBL2971,Cc1cc(Nc2ncc(C)c(N3CCN(CC#N)[C@@H](C)C3)n2)sn1,8.82,0.0,1
CHEMBL2971,Cc1cc(Nc2ncc(Cl)c(-c3cnn(CCC#N)c3)n2)sn1,8.7,0.0,1
CHEMBL2971,Cc1cc(Nc2ncc(Cl)c(NC3CC4CN(C(=O)CC#N)CC4C3)n2)nn1C,7.52,0.0,1
CHEMBL2971,Cc1cc(Nc2ncc(Cl)c(NC3CCC4(CC3)CCN(C(=O)CC#N)CC4)n2)nn1C,7.96,0.0,1
CHEMBL2971,Cc1cc(Nc2ncc(Cl)c(Nc3ccccc3S(=O)(=O)C(C)C)n2)c(OC(C)C)cc1C1CCNCC1,6.21,0.0,1
CHEMBL2971,Cc1cc(Nc2ncc3c(n2)CCN(c2cc(NC(=O)c4cccc(C(F)(F)F)c4)ccc2Cl)C3=O)ccc1N1CCN(C)CC1,7.72,0.0,1
CHEMBL2971,Cc1cc(Nc2ncc3ccn(-c4cccc(NS(=O)(=O)C(C)(C)C)c4)c3n2)ccc1N1CCN(C)CC1,7.96,0.0,1
CHEMBL2971,Cc1cc(Nc2nccc(C)n2)cc(-c2cnc([C@@]3(O)CC[C@H](C(=O)O)C(C)(C)C3)s2)c1,6.62,0.0,1
CHEMBL2971,Cc1cc(Nc2nccc(N3C[C@H]4CC[C@@H](C3)N4C(=O)C3CC3(F)F)n2)cnc1C(N)=O,6.42,0.0,1
CHEMBL2971,Cc1cc(Nc2nccc(N3C[C@H]4CC[C@@H](C3)N4C(=O)C3CC3)n2)cnc1C(N)=O,6.07,0.0,1
CHEMBL2971,Cc1cc(Nc2nccc(N3C[C@H]4CC[C@@H](C3)N4C(=O)[C@@H]3CC3(F)F)n2)cnc1C(N)=O,6.47,0.0,1
CHEMBL2971,Cc1cc(Nc2nccc(Nc3cccc(S(N)(=O)=O)c3)n2)ccc1N1CCN(C)CC1,6.9,0.0,1
CHEMBL2971,Cc1cc(Nc2ncnc(-c3ccc(N4C[C@H](O)C[C@@H]4C)c(C#N)c3)n2)ccc1N1CCN(C2COC2)CC1,4.5,0.0,1
CHEMBL2971,Cc1cc(Nc2ncnc(-c3ccc(O[C@@H]4CCC(=O)NC4)c(C#N)c3)n2)ccc1N1CCN(C2COC2)CC1,4.24,0.0,1
CHEMBL2971,Cc1cc(Nc2ncnc(-c3ccc(O[C@H]4CCN(C(=O)C5CCC(=O)N5)C[C@H]4F)c(C#N)c3)n2)ccc1N1CCN(C2COC2)CC1,7.0,0.0,1
CHEMBL2971,Cc1cc(Nc2ncnc(-c3ccc(O[C@H]4CCN(C(=O)CCO)C[C@H]4F)c(C#N)c3)n2)ccc1N1CCN(C2COC2)CC1,5.56,2.1213203435596424,2
CHEMBL2971,Cc1cc(Nc2ncnc(-c3ccc(O[C@H]4CCN(C(=O)CO)C[C@H]4F)c(C#N)c3)n2)ccc1N1CCN(C2COC2)CC1,5.69,2.1213203435596424,2
CHEMBL2971,Cc1cc(Nc2ncnc(-c3ccc(O[C@H]4CCN(C(=O)[C@@H](O)CO)C[C@H]4F)c(C#N)c3)n2)ccc1N1CCN(C2COC2)CC1,5.71,2.1213203435596424,2
CHEMBL2971,Cc1cc(Nc2ncnc(-c3ccc(O[C@H]4CCN(C(=O)[C@H](C)O)C[C@H]4F)c(C#N)c3)n2)ccc1C1CCN(C=O)CC1,6.11,0.0,1
CHEMBL2971,Cc1cc(Nc2ncnc(-c3ccc(O[C@H]4CCN(C(=O)[C@H](O)CO)C[C@H]4F)c(C#N)c3)n2)ccc1N1CCN(C2COC2)CC1,4.25,0.0,1
CHEMBL2971,Cc1cc(Nc2ncnc(-c3ccc(O[C@H]4CCN(C=O)CC4(F)F)c(C#N)c3)n2)ccc1C1CCNCC1,6.54,0.0,1
CHEMBL2971,Cc1cc(Nc2ncnc(-c3ccc(O[C@H]4CCOC[C@H]4F)c(C#N)c3)n2)ccc1N1CCNCC1,6.43,0.0,1
CHEMBL2971,Cc1cc(Nc2nn(C3(CC#N)CCN(C(=O)OC(C)(C)C)CC3)c3cc[nH]c(=O)c23)ccc1C(=O)N1C2CCC1COC2,9.7,0.0,1
CHEMBL2971,Cc1cc(Nc2nn(C3(CC#N)CCN(C(=O)OC(C)(C)C)CC3)c3cc[nH]c(=O)c23)ccc1C(=O)N1CC2CCC(C1)O2,9.74,0.0,1
CHEMBL2971,Cc1cc(Nc2nn(C3(CC#N)CCN(C(=O)OC(C)(C)C)CC3)c3cc[nH]c(=O)c23)ccc1C(=O)N1CCC(F)(F)CC1,9.42,0.0,1
CHEMBL2971,Cc1cc(Nc2nn(C3(CC#N)CCN(C(=O)OC(C)(C)C)CC3)c3cc[nH]c(=O)c23)ccc1C(=O)N1CCOCC1,9.77,0.0,1
CHEMBL2971,Cc1cc(Nc2nn(C3(CC#N)CCN(C(=O)OC(C)(C)C)CC3)c3cc[nH]c(=O)c23)ccc1C(=O)N1CCSCC1,9.49,0.0,1
CHEMBL2971,Cc1cc(Nc2nn(C3(CC#N)CCN(C(=O)OC(C)(C)C)CC3)c3cc[nH]c(=O)c23)ccc1S(=O)(=O)N(C)C,9.47,0.0,1
CHEMBL2971,Cc1cc(Nc2nn(C3(CC#N)CCN(C(=O)OC(C)(C)C)CC3)cc2C(N)=O)ccn1,6.88,0.0,1
CHEMBL2971,Cc1cc(Nc2nn(C3(CC#N)CCN(C(=O)OC(C)(C)C)CC3)cc2C(N)=O)nc(C)n1,6.75,0.0,1
CHEMBL2971,Cc1cc(Nc2nn(C3(CC#N)CCN(C(=O)OC(C)(C)C)CC3)cc2C(N)=O)ncn1,6.9,0.0,1
CHEMBL2971,Cc1cc(Nc2nn(C3(CC#N)CCN(c4cc(C(F)(F)F)ccn4)CC3)c3cc[nH]c(=O)c23)ccc1C(=O)N1CCC(F)(F)CC1,8.7,0.0,1
CHEMBL2971,Cc1cc(Nc2nn(C3(CC#N)CCN(c4cc(C(F)(F)F)ccn4)CC3)c3cc[nH]c(=O)c23)ccc1C(=O)N1CCSCC1,8.51,0.0,1
CHEMBL2971,Cc1cc(Nc2nn(C3(CC#N)CCN(c4ccc(C#N)cn4)CC3)c3cc[nH]c(=O)c23)ccc1C(=O)N1CCSCC1,9.77,0.0,1
CHEMBL2971,Cc1cc(Nc2nn(C3COCC[C@@H]3CC#N)c3cc[nH]c(=O)c23)ccc1C(=O)N1CCC(F)(F)CC1,9.15,0.0,1
CHEMBL2971,Cc1cc(Nc2nn([C@@H](CC#N)C3CC3)c3cc[nH]c(=O)c23)ccc1C(=O)N(C)C1CCN(C)CC1,5.57,0.0,1
CHEMBL2971,Cc1cc(Nc2nn([C@@H](CC#N)C3CC3)c3cc[nH]c(=O)c23)ccc1C(=O)N(C)C1CCOCC1,6.26,0.0,1
CHEMBL2971,Cc1cc(Nc2nn([C@@H](CC#N)C3CC3)c3cc[nH]c(=O)c23)ccc1C(=O)N(CCN(C)C)CC(F)(F)F,5.6,0.0,1
CHEMBL2971,Cc1cc(Nc2nn([C@@H](CC#N)C3CC3)c3cc[nH]c(=O)c23)ccc1C(=O)N1CC(C)(C)C1,6.1,0.0,1
CHEMBL2971,Cc1cc(Nc2nn([C@@H](CC#N)C3CC3)c3cc[nH]c(=O)c23)ccc1C(=O)N1CC2(CCC2)C1,6.19,0.0,1
CHEMBL2971,Cc1cc(Nc2nn([C@@H](CC#N)C3CC3)c3cc[nH]c(=O)c23)ccc1C(=O)N1CCC(C)(C)C1,6.21,0.0,1
CHEMBL2971,Cc1cc(Nc2nn([C@@H](CC#N)C3CC3)c3cc[nH]c(=O)c23)ccc1C(=O)N1CCC[C@H]1C(F)(F)F,6.14,0.0,1
CHEMBL2971,Cc1cc(Nc2nn([C@@H](CC#N)C3CC3)c3cc[nH]c(=O)c23)ccc1C(=O)N1CCN(C)CC1,5.92,0.0,1
CHEMBL2971,Cc1cc(Nc2nn([C@@H](CC#N)C3CC3)c3cc[nH]c(=O)c23)ccc1C(=O)N1CCOC(C)(C)C1,6.21,0.0,1
CHEMBL2971,Cc1cc(Nc2nn([C@@H](CC#N)C3CC3)c3cc[nH]c(=O)c23)ccc1C(=O)N1CCOCC1,6.21,0.0,1
CHEMBL2971,Cc1cc(Nc2nn([C@@H](CC#N)C3CC3)c3cc[nH]c(=O)c23)ccc1C(=O)N1CCOCC1C(C)C,6.529999999999999,0.09899494936611612,2
CHEMBL2971,Cc1cc(Nc2nn([C@@H](CC#N)C3CC3)c3cc[nH]c(=O)c23)ccc1C(=O)N1CCS(=O)(=O)CC1,6.28,0.0,1
CHEMBL2971,Cc1cc(Nc2nn([C@@H](CC#N)C3CC3)c3cc[nH]c(=O)c23)ccc1C(=O)N1CCSCC1,6.29,0.0,1
CHEMBL2971,Cc1cc(Nc2nn([C@@H](CC#N)C3CC3)c3cc[nH]c(=O)c23)ccc1C(=O)N1CC[C@@H](F)C1,6.09,0.0,1
CHEMBL2971,Cc1cc(Nc2nn([C@@H](CC#N)C3CC3)c3cc[nH]c(=O)c23)ccc1C(=O)N1CC[C@H](F)C1,6.07,0.0,1
CHEMBL2971,Cc1cc(Nc2nn([C@@H](CC#N)C3CC3)c3cc[nH]c(=O)c23)ccc1C(=O)N1[C@H](C)CC[C@H]1C,6.28,0.0,1
CHEMBL2971,Cc1cc(Nc2nn([C@@H](CC#N)C3CC3)c3cc[nH]c(=O)c23)ccc1C(C(C)C)n1ccnn1,6.595,0.1767766952966369,2
CHEMBL2971,Cc1cc(Nc2nn([C@@H](CC#N)C3CC3)c3cc[nH]c(=O)c23)ccc1C(C(C)C)n1nccn1,5.99,0.3535533905932738,2
CHEMBL2971,Cc1cc(Nc2nn([C@@H](CC#N)C3CC3)c3cc[nH]c(=O)c23)ccc1C(C)(O)C(F)(F)F,6.154999999999999,0.07778174593052077,2
CHEMBL2971,Cc1cc(Nc2nn([C@@H](CC#N)C3CC3)c3cc[nH]c(=O)c23)ccc1C(C1CCCC1)n1nccn1,5.779999999999999,0.31112698372208153,2
CHEMBL2971,Cc1cc(Nc2nn([C@@H](CC#N)C3CC3)c3cc[nH]c(=O)c23)ccc1C(N(C)C)C(F)(F)F,6.12,0.05656854249492385,2
CHEMBL2971,Cc1cc(Nc2nn([C@@H](CC#N)C3CC3)c3cc[nH]c(=O)c23)ccc1C(N)C(F)(F)F,6.1,0.1555634918610406,2
CHEMBL2971,Cc1cc(Nc2nn([C@@H](CC#N)C3CC3)c3cc[nH]c(=O)c23)ccc1C(O)C(F)(F)F,5.904999999999999,0.3181980515339468,2
CHEMBL2971,Cc1cc(Nc2nn([C@@H](CC#N)C3CC3)c3cc[nH]c(=O)c23)ccc1C1(C(F)(F)F)CCCN1,6.15,0.2687005768508883,2
CHEMBL2971,Cc1cc(Nc2nn([C@@H](CC#N)C3CC3)c3cc[nH]c(=O)c23)ccc1S(=O)(=O)N(C)C,6.3,0.0,1
CHEMBL2971,Cc1cc(Nc2nn([C@@H](CC#N)C3CC3)c3cc[nH]c(=O)c23)ccc1S(=O)(=O)N1CC2(CCC2)C1,5.58,0.0,1
CHEMBL2971,Cc1cc(Nc2nn([C@@H](CC#N)C3CC3)c3cc[nH]c(=O)c23)ccc1S(=O)(=O)N1CCCC1,6.19,0.0,1
CHEMBL2971,Cc1cc(Nc2nn([C@@H]3CC(F)(F)C[C@@H]3C#N)c3cc[nH]c(=O)c23)ccc1C(=O)N1CCCC1,5.48,0.0,1
CHEMBL2971,Cc1cc(Nc2nn([C@@H]3CC(F)(F)C[C@H]3C#N)c3cc[nH]c(=O)c23)ccc1C(=O)N1CCCC1,6.29,0.0,1
CHEMBL2971,Cc1cc(Nc2nn([C@@H]3CCCCC[C@H]3C#N)c3cc[nH]c(=O)c23)ccc1C(=O)N1CCCC1,6.39,0.0,1
CHEMBL2971,Cc1cc(Nc2nn([C@@H]3CCCCC[C@H]3C#N)c3cc[nH]c(=O)c23)ccc1C(O)C(F)(F)F,5.665,0.36062445840513907,2
CHEMBL2971,Cc1cc(Nc2nn([C@@]3(CC#N)CCCC[C@H]3F)c3cc[nH]c(=O)c23)ccc1C(=O)N1CCC(F)(F)CC1,10.1,0.0,1
CHEMBL2971,Cc1cc(Nc2nn([C@@]3(CC#N)CCCC[C@H]3F)c3cc[nH]c(=O)c23)ccc1C(=O)N1CCOCC1,10.0,0.0,1
CHEMBL2971,Cc1cc(Nc2nn([C@@]3(CC#N)CCCC[C@H]3F)c3cc[nH]c(=O)c23)ccc1C(=O)N1CCSCC1,10.1,0.0,1
CHEMBL2971,Cc1cc(Nc2nn([C@@]3(CC#N)CCN(C(=O)OC(C)(C)C)C[C@H]3F)c3cc[nH]c(=O)c23)ccc1C(=O)N1CCSCC1,9.92,0.0,1
CHEMBL2971,Cc1cc(Nc2nn([C@@]3(CC#N)CCOC[C@H]3F)c3cc[nH]c(=O)c23)ccc1C(=O)N1CCOCC1,8.5,0.0,1
CHEMBL2971,Cc1cc(Nc2nn([C@@]3(CC#N)CCOC[C@H]3F)c3cc[nH]c(=O)c23)ccc1C(=O)N1CCSCC1,8.56,0.0,1
CHEMBL2971,Cc1cc(Nc2nn([C@H]3CC(F)(F)C[C@@H]3C#N)c3cc[nH]c(=O)c23)ccc1C(=O)N1CCCC1,4.77,0.0,1
CHEMBL2971,Cc1cc(Nc2nn([C@H]3CC(F)(F)C[C@H]3C#N)c3cc[nH]c(=O)c23)ccc1C(=O)N1CCCC1,4.48,0.0,1
CHEMBL2971,Cc1cc(Nc2nn([C@H]3CCCCC[C@@H]3C#N)c3cc[nH]c(=O)c23)ccc1C(=O)N1CCCC1,4.85,0.0,1
CHEMBL2971,Cc1cc(Nc2nn([C@H]3CCCC[C@@H]3C#N)c3cc[nH]c(=O)c23)ccc1-c1cnn(CCC#N)c1,5.64,0.0,1
CHEMBL2971,Cc1cc(Nc2nn([C@H]3CCCC[C@@H]3C#N)c3cc[nH]c(=O)c23)ccc1C(=O)N(C)C,6.37,0.0,1
CHEMBL2971,Cc1cc(Nc2nn([C@H]3CCCC[C@@H]3C#N)c3cc[nH]c(=O)c23)ccc1C(=O)N1CCC(F)(F)CC1,6.43,0.0,1
CHEMBL2971,Cc1cc(Nc2nn([C@H]3CCCC[C@@H]3C#N)c3cc[nH]c(=O)c23)ccc1C(=O)N1CCCC1,6.7,0.0,1
CHEMBL2971,Cc1cc(Nc2nn([C@H]3CCCC[C@@H]3C#N)c3cc[nH]c(=O)c23)ccc1C(=O)N1CCOCC1,6.55,0.0,1
CHEMBL2971,Cc1cc(Nc2nn([C@H]3CCCC[C@@H]3C#N)c3cc[nH]c(=O)c23)ccc1C(C(C)C)n1ccnn1,6.71,0.1555634918610409,2
CHEMBL2971,Cc1cc(Nc2nn([C@H]3CCCC[C@@H]3C#N)c3cc[nH]c(=O)c23)ccc1C(C(C)C)n1nccn1,6.0600000000000005,0.24041630560342636,2
CHEMBL2971,Cc1cc(Nc2nn([C@H]3CCCC[C@@H]3C#N)c3cc[nH]c(=O)c23)ccc1C(C)(C)n1ccnn1,6.77,0.0,1
CHEMBL2971,Cc1cc(Nc2nn([C@H]3CCCC[C@@H]3C#N)c3cc[nH]c(=O)c23)ccc1C(C)(C)n1nccn1,6.82,0.0,1
CHEMBL2971,Cc1cc(Nc2nn([C@H]3CCCC[C@@H]3C#N)cc2C(N)=O)cnc1C#N,7.75,0.0,1
CHEMBL2971,Cc1cc(Nc2nn([C@H]3COCC[C@@H]3C#N)c3cc[nH]c(=O)c23)ccc1C(=O)N1CCC(F)(F)CC1,6.8,0.0,1
CHEMBL2971,Cc1cc(Nc2nn([C@]3(CC#N)CCCOC3)c3cc[nH]c(=O)c23)ccc1C(=O)N1CCC(C)(O)CC1,9.06,0.0,1
CHEMBL2971,Cc1cc(Nc2nn([C@]3(CC#N)CCCOC3)c3cc[nH]c(=O)c23)ccc1C(=O)N1CCC(O)(C(F)(F)F)C1,8.88,0.0,1
CHEMBL2971,Cc1cc(Nc2nn([C@]3(CC#N)CCCOC3)c3cc[nH]c(=O)c23)ccc1C(=O)N1CCCC[C@@H]1C,9.21,0.0,1
CHEMBL2971,Cc1cc(Nc2nn([C@]3(CC#N)CCCOC3)c3cc[nH]c(=O)c23)ccc1C(=O)N1CCCC[C@H]1C,9.08,0.0,1
CHEMBL2971,Cc1cc(Nc2nn([C@]3(CC#N)CCCOC3)c3cc[nH]c(=O)c23)ccc1C(=O)N1CCOCC1,9.12,0.0,1
CHEMBL2971,Cc1cc(Nc2nn([C@]3(CC#N)CCCOC3)c3cc[nH]c(=O)c23)ccc1C(=O)N1CC[C@@H](F)C1,9.0,0.0,1
CHEMBL2971,Cc1cc(Nc2nn([C@]3(CC#N)CCN(c4ccc(C#N)cn4)CC3F)c3cc[nH]c(=O)c23)ccc1C(=O)N1CCSCC1,10.05,0.0,1
CHEMBL2971,Cc1cc(Nc2nn([C@]3(CC#N)CCOC[C@@H]3F)c3cc[nH]c(=O)c23)ccc1C(=O)N1CCOCC1,10.1,0.0,1
CHEMBL2971,Cc1cc(Nc2nn([C@]3(CC#N)CCOC[C@@H]3F)c3cc[nH]c(=O)c23)ccc1C(=O)N1CCSCC1,10.1,0.0,1
CHEMBL2971,Cc1cc(Nc2nn([C@]3(CC#N)CC[C@@H](C(=O)OC(C)(C)C)OC3)c3cc[nH]c(=O)c23)ccc1-n1cccn1,8.87,0.0,1
CHEMBL2971,Cc1cc(Nc2nn([C@]3(CC#N)CC[C@@H](C(=O)OC(C)(C)C)OC3)c3cc[nH]c(=O)c23)ccc1C(=O)N(C)CC(F)(F)F,9.29,0.0,1
CHEMBL2971,Cc1cc(Nc2nn([C@]3(CC#N)CC[C@@H](C(=O)OC(C)(C)C)OC3)c3cc[nH]c(=O)c23)ccc1C(=O)N1CC(C)OC(C)C1,9.469999999999999,0.1697056274847722,2
CHEMBL2971,Cc1cc(Nc2nn([C@]3(CC#N)CC[C@@H](C(=O)OC(C)(C)C)OC3)c3cc[nH]c(=O)c23)ccc1C(=O)N1CCC(O)(C(F)(F)F)C1,9.265,0.035355339059325995,2
CHEMBL2971,Cc1cc(Nc2nn([C@]3(CC#N)CC[C@@H](C(=O)OC(C)(C)C)OC3)c3cc[nH]c(=O)c23)ccc1C(=O)N1CCCC1,9.44,0.0,1
CHEMBL2971,Cc1cc(Nc2nn([C@]3(CC#N)CC[C@@H](C(=O)OC(C)(C)C)OC3)c3cc[nH]c(=O)c23)ccc1C(=O)N1CCOC(C)(C)C1,9.72,0.0,1
CHEMBL2971,Cc1cc(Nc2nn([C@]3(CC#N)CC[C@@H](C(=O)OC(C)(C)C)OC3)c3cc[nH]c(=O)c23)ccc1C(=O)N1CCOC(C)C1,9.485,0.035355339059325995,2
CHEMBL2971,Cc1cc(Nc2nn([C@]3(CC#N)CC[C@@H](C(=O)OC(C)(C)C)OC3)c3cc[nH]c(=O)c23)ccc1C(=O)N1CCOCC1,9.72,0.0,1
CHEMBL2971,Cc1cc(Nc2nn([C@]3(CC#N)CC[C@@H](C(=O)OC(C)(C)C)OC3)c3cc[nH]c(=O)c23)ccc1C(=O)N1CCOCC1C,9.785,0.02121320343559723,2
CHEMBL2971,Cc1cc(Nc2nn([C@]3(CC#N)CC[C@@H](C(=O)OC(C)(C)C)OC3)c3cc[nH]c(=O)c23)ccc1C(=O)N1CCSC(C)C1,9.469999999999999,0.07071067811865513,2
CHEMBL2971,Cc1cc(Nc2nn([C@]3(CC#N)CC[C@@H](C(=O)OC(C)(C)C)OC3)c3cc[nH]c(=O)c23)ccc1C(=O)N1CCSC1,9.41,0.0,1
CHEMBL2971,Cc1cc(Nc2nn([C@]3(CC#N)CC[C@@H](C(=O)OC(C)(C)C)OC3)c3cc[nH]c(=O)c23)ccc1C(=O)N1CCSC1C,9.545,0.03535533905932788,2
CHEMBL2971,Cc1cc(Nc2nn([C@]3(CC#N)CC[C@@H](C(=O)OC(C)(C)C)OC3)c3cc[nH]c(=O)c23)ccc1C(=O)N1CCSCC1,9.77,0.0,1
CHEMBL2971,Cc1cc(Nc2nn([C@]3(CC#N)CC[C@@H](C(=O)OC(C)(C)C)OC3)c3cc[nH]c(=O)c23)ccc1C(=O)N1C[C@@H]2C[C@H]1CO2,9.82,0.0,1
CHEMBL2971,Cc1cc(OC(F)(F)F)ccc1NC1CCC(c2nnn3cnc4[nH]ccc4c23)CC1,6.57,0.0,1
CHEMBL2971,Cc1cc(OC(F)(F)F)ccc1NC[C@H]1CC[C@H](c2nnn3cnc4[nH]ccc4c23)CC1,7.34,0.0,1
CHEMBL2971,Cc1cc2c(-c3cnn([C@]4(CC#N)C[C@@H](C#N)C4)c3)nc(-c3cnn(C)c3)cn2n1,6.12,0.0,1
CHEMBL2971,Cc1cc2c(c(=O)[nH]1)-c1[nH]c3ccccc3c1CCN2CCc1ccccc1,4.77,0.0,1
CHEMBL2971,Cc1cc2c(c(Cl)n1)-c1[nH]c3ccccc3c1CCN2CCc1ccccc1,4.47,0.0,1
CHEMBL2971,Cc1cc2c(cn1)CN(C1CCOCC1)c1nccc3[nH]nc-2c13,6.05,0.0,1
CHEMBL2971,Cc1cc2c(ncc3nc(CC(=O)NCC(C)(C)O)n([C@H]4CC[C@H](CC#N)CC4)c32)[nH]1,7.24,0.0,1
CHEMBL2971,Cc1cc2cnc3[nH]ccc3c2n1[C@H]1CN(C(=O)CC#N)CC[C@H]1C,9.52,0.0,1
CHEMBL2971,Cc1ccc(-c2cc(-c3cnn(C4(CC#N)CN(S(C)(=O)=O)C4)n3)c3cccnc3c2)cn1,5.8,0.0,1
CHEMBL2971,Cc1ccc(-c2cc(C(N)=O)c3[nH]c4cc(N5CCC(F)(F)C5)ccc4c3n2)cn1,8.22,0.0,1
CHEMBL2971,Cc1ccc(-c2cc(C(N)=O)c3[nH]c4cc(N5CCOCC5)ccc4c3c2)cn1,8.215,0.007071067811865952,2
CHEMBL2971,Cc1ccc(-c2cc(C(N)=O)c3[nH]c4ccc(C(=O)O)cc4c3c2)c(F)c1,9.0,0.0,1
CHEMBL2971,Cc1ccc(-c2cc3c(N[C@@H]4CC[C@](C)(N)C4(C)C)c(C(N)=O)cnn3c2)cc1,7.85,0.0,1
CHEMBL2971,Cc1ccc(-c2cc3c(N[C@@H]4CC[C@](C)(N)C4(C)C)c(C(N)=O)cnn3c2)cn1,7.66,0.0,1
CHEMBL2971,Cc1ccc(-c2cc3ncccc3c(-c3ccn(C4(CC#N)CN(CC(F)(F)F)C4)n3)n2)cn1,6.1,0.0,1
CHEMBL2971,Cc1ccc(-c2cc3ncccc3c(-c3ccn(C4(CC#N)CN(S(C)(=O)=O)C4)n3)n2)c(N)n1,6.25,0.0,1
CHEMBL2971,Cc1ccc(-c2cc3ncccc3c(-c3ccn(C4(CC#N)CN(S(C)(=O)=O)C4)n3)n2)cn1,5.93,0.0,1
CHEMBL2971,Cc1ccc(-c2cccc(Nc3nn(C4(CC#N)CCN(C(=O)OC(C)(C)C)CC4)cc3C(N)=O)c2)cc1,5.83,0.0,1
CHEMBL2971,Cc1ccc(-c2cccn3nc(Nc4ccc5c(c4)CCNCC5)nc23)c(OCC(C)C)c1,5.55,0.0,1
CHEMBL2971,Cc1ccc(-c2cnc3[nH]cc(Cl)c3n2)c(NC2CCCN(S(=O)(=O)CC3CC3)C2)n1,9.81,0.0,1
CHEMBL2971,Cc1ccc(-c2cnc3[nH]ccc3c2N[C@@H]2CCCN(C(=O)CC#N)C2)nc1,7.26,0.0,1
CHEMBL2971,Cc1ccc(-c2cnc3[nH]ccc3n2)c(NC2CCCN(S(=O)(=O)CC(C)(C)C)C2)n1,9.87,0.0,1
CHEMBL2971,Cc1ccc(-c2cnc3[nH]ccc3n2)c(NC2CCCN(S(=O)(=O)CC3CC3)C2)n1,9.78,0.0,1
CHEMBL2971,Cc1ccc(-c2cnc3[nH]ccc3n2)c(NC2CCCN(S(C)(=O)=O)C2)n1,10.33,0.0,1
CHEMBL2971,Cc1ccc(-c2nc3cc(C(N)=O)ccc3n2CCN)cc1,5.58,0.0,1
CHEMBL2971,Cc1ccc(-c2nnc(-c3n[nH]c4cc(-c5cc(F)c(O)cc5CC(F)(F)F)nc(NCc5ccccc5N(C)S(C)(=O)=O)c34)[nH]2)cn1,7.01,0.0,1
CHEMBL2971,Cc1ccc(-n2cc(-c3cccn4nc(Nc5ccc(C6CCN(C(=O)OC(C)(C)C)CC6)cc5)nc34)cn2)cc1,5.77,0.0,1
CHEMBL2971,Cc1ccc(-n2cc(-c3cccn4nc(Nc5ccc(C6CCNCC6)cc5)nc34)cn2)cc1,8.39,0.0,1
CHEMBL2971,Cc1ccc(-n2ccc3cnc(Nc4ccc(N5CCN(C)CC5)cc4)nc32)cc1NS(=O)(=O)C(C)(C)C,6.64,0.0,1
CHEMBL2971,Cc1ccc(-n2ccc3cnc(Nc4ccc(N5CCN(C)CC5)cc4)nc32)cc1NS(=O)(=O)C1CC1,7.71,0.0,1
CHEMBL2971,Cc1ccc(-n2ccc3cnc(Nc4ccc(N5CCNCC5)cc4)nc32)cc1NS(=O)(=O)C(C)(C)C,6.75,0.0,1
CHEMBL2971,Cc1ccc(-n2ccc3cnc(Nc4ccc(N5CCNCC5)cc4)nc32)cc1NS(=O)(=O)C1CC1,7.51,0.0,1
CHEMBL2971,Cc1ccc(C(=O)/C=C/C(=O)N2CCc3cc(Nc4ncc(C)c(-c5cnn(C(C)C)c5)n4)ccc3C2)cc1,8.52,0.0,1
CHEMBL2971,Cc1ccc(C(=O)/C=C/C(=O)N2CCc3ccc(Nc4ncc(C)c(-c5cnn(C(C)C)c5)n4)cc3C2)cc1,9.05,0.0,1
CHEMBL2971,Cc1ccc(C(=O)N2CCN(c3nc(Nc4cc(C)[nH]n4)c4cccn4n3)CC2)cc1,8.35,0.0,1
CHEMBL2971,Cc1ccc(C(=O)Nc2ccc(CN3CCN(C)CC3)c(C(F)(F)F)c2)cc1C#Cc1cnc2cccnn12,6.77,0.0,1
CHEMBL2971,Cc1ccc(C(F)(F)F)cc1-c1[nH]c(-c2ccnc(N)n2)cc1C(N)=O,8.0,0.0,1
CHEMBL2971,Cc1ccc(C(F)(F)F)cc1-c1c(C(N)=O)cc(-c2ncnc3[nH]ccc23)n1C,7.6,0.0,1
CHEMBL2971,Cc1ccc(C(N)=O)cc1NCc1ccc(-c2cccc3nc(NC(=O)C4CC4)nn23)cc1,6.52,0.0,1
CHEMBL2971,Cc1ccc(C)c(NC(=O)N2CC(CC#N)(n3cc(C(N)=O)c(Nc4ccccc4)n3)C2)c1,6.96,0.0,1
CHEMBL2971,Cc1ccc(C)c(S(=O)(=O)C[C@H]2C[C@@H](N(C)c3ncnc4[nH]ccc34)C2)c1,9.08,0.0,1
CHEMBL2971,Cc1ccc(CC(=O)N2CCN(c3nc(Nc4cc(C)[nH]n4)c4cccn4n3)CC2)cc1,8.96,0.0,1
CHEMBL2971,Cc1ccc(CC2CCN(S(=O)(=O)C[C@H]3CC[C@H](N(C)c4ncnc5[nH]ccc45)CC3)CC2)nn1,7.07,0.0,1
CHEMBL2971,Cc1ccc(CN(C[C@H]2CC[C@H](c3nnn4cnc5[nH]ccc5c34)CC2)C(=O)CC#N)o1,7.4,0.0,1
CHEMBL2971,Cc1ccc(CN2CCC(CC#N)(n3cc(C(N)=O)c(Nc4ccccc4)n3)CC2)cc1,6.87,0.0,1
CHEMBL2971,Cc1ccc(CN2CCC(CC#N)(n3cc(C(N)=O)c(Nc4ccccc4)n3)CC2)cc1C,6.34,0.0,1
CHEMBL2971,Cc1ccc(CN2CCC(CC#N)(n3nc(Nc4ccc(S(=O)(=O)N(C)C)cc4)c4c(=O)[nH]ccc43)CC2)cc1,8.94,0.0,1
CHEMBL2971,Cc1ccc(CN2CCC(c3nnn4cnc5[nH]ccc5c34)CC2)s1,7.28,0.0,1
CHEMBL2971,Cc1ccc(CNC(=O)[C@H]2CC[C@H](c3nnn4cnc5[nH]ccc5c34)CC2)o1,7.32,0.0,1
CHEMBL2971,Cc1ccc(CNC(=O)c2cnn3ccc(N4CCC[C@@H]4c4cc(F)ccc4F)nc23)o1,9.02,0.0,1
CHEMBL2971,Cc1ccc(CNC[C@H]2CC[C@H](c3nnn4cnc5[nH]ccc5c34)CC2)o1,7.41,0.0,1
CHEMBL2971,Cc1ccc(CNC[C@H]2CC[C@H](c3nnn4cnc5[nH]ccc5c34)CC2)s1,6.994999999999999,0.5586143571373723,2
CHEMBL2971,Cc1ccc(Cl)c(-c2[nH]c(-c3ccnc(N)n3)cc2C(N)=O)c1,6.73,0.0,1
CHEMBL2971,Cc1ccc(Cl)cc1-c1[nH]c(-c2ccnc(N)n2)cc1C(=O)N(C)C,5.51,0.0,1
CHEMBL2971,Cc1ccc(Cl)cc1-c1[nH]c(-c2ccnc(N)n2)cc1C(=O)NC1CCN(C)CC1,7.34,0.0,1
CHEMBL2971,Cc1ccc(Cl)cc1-c1[nH]c(-c2ccnc(N)n2)cc1C(=O)NCC(C)C,6.42,0.0,1
CHEMBL2971,Cc1ccc(Cl)cc1-c1[nH]c(-c2ccnc(N)n2)cc1C(=O)NCCF,6.94,0.0,1
CHEMBL2971,Cc1ccc(Cl)cc1-c1[nH]c(-c2ccnc(N)n2)cc1C(=O)NCCO,7.24,0.0,1
CHEMBL2971,Cc1ccc(Cl)cc1-c1[nH]c(-c2ccnc(N)n2)cc1C(=O)NCc1ccccc1,6.81,0.0,1
CHEMBL2971,Cc1ccc(Cl)cc1-c1[nH]c(-c2ccnc(N)n2)cc1C(=O)Nc1ccccc1,6.61,0.0,1
CHEMBL2971,Cc1ccc(Cl)cc1-c1[nH]c(-c2ccnc(N)n2)cc1C(N)=O,7.7,0.0,1
CHEMBL2971,Cc1ccc(Cl)cc1-c1[nH]c(-c2ccnc(Nc3ccc(N4CCN(C)CC4)cc3)n2)cc1C(N)=O,7.23,0.0,1
CHEMBL2971,Cc1ccc(Cl)cc1-c1[nH]c(-c2ccncn2)cc1C(N)=O,5.91,0.0,1
CHEMBL2971,Cc1ccc(Cl)cc1-c1c(C(N)=O)cc(-c2ccnc(N)n2)n1C,7.18,0.0,1
CHEMBL2971,Cc1ccc(Cl)cc1-c1c(C(N)=O)cc(-c2ccnc(Nc3ccc(N4CCN(C)CC4)cc3)n2)n1C,7.66,0.0,1
CHEMBL2971,Cc1ccc(Cl)cc1-c1cc(-c2cc(N)ncn2)[nH]c1C(N)=O,6.16,0.0,1
CHEMBL2971,Cc1ccc(Cl)cc1-c1cc(-c2ncnc3[nH]ccc23)[nH]c1C(N)=O,8.05,0.0,1
CHEMBL2971,Cc1ccc(Cl)cc1-c1cc(-c2ncnc3[nH]ccc23)n(C)c1C(N)=O,8.05,0.0,1
CHEMBL2971,Cc1ccc(Cl)cc1-c1ccc(-c2ccnc(N)n2)[nH]1,6.01,0.0,1
CHEMBL2971,Cc1ccc(Cl)cc1-c1cn(-c2cc(N)ncn2)cc1C#N,8.15,0.0,1
CHEMBL2971,Cc1ccc(Cl)cc1-c1cn(-c2cc(N)ncn2)cc1C(N)=O,6.43,0.0,1
CHEMBL2971,Cc1ccc(Cl)cc1-c1cn(-c2ccnc(N)n2)cc1C(N)=O,6.66,0.0,1
CHEMBL2971,Cc1ccc(Cl)cc1-c1cn(-c2ncnc3[nH]ccc23)cc1C(N)=O,7.785,0.021213203435596916,2
CHEMBL2971,Cc1ccc(Cl)cc1-c1cn(-c2ncnn3cccc23)cc1C(N)=O,5.54,0.0,1
CHEMBL2971,Cc1ccc(Cl)cc1-c1nc(-c2cc(N)ncn2)n(C)c1C(N)=O,7.72,0.0,1
CHEMBL2971,Cc1ccc(Cl)cc1-c1ncc(-c2ccnc(N)n2)[nH]1,5.97,0.0,1
CHEMBL2971,Cc1ccc(Cl)cc1-n1cc(-c2cc(N)ncn2)cc1C(N)=O,7.14,0.0,1
CHEMBL2971,Cc1ccc(Cl)cc1-n1cc(-c2ccnc(N)n2)cc1C(N)=O,6.67,0.0,1
CHEMBL2971,Cc1ccc(Cl)cc1-n1cc(-c2ccnc(N)n2)cn1,6.02,0.0,1
CHEMBL2971,Cc1ccc(Cl)cc1-n1cc(-c2ncnc3[nH]ccc23)cc1C#N,8.4,0.0,1
CHEMBL2971,Cc1ccc(Cl)cc1-n1cc(-c2ncnc3[nH]ccc23)cc1C(N)=O,9.0,0.0,1
CHEMBL2971,Cc1ccc(Cl)cc1-n1cc(-c2ncnc3c2C=NC3)cc1C(N)=O,7.48,0.0,1
CHEMBL2971,Cc1ccc(Cl)cc1-n1cc(-c2ncnn3cccc23)cc1C(N)=O,7.17,0.0,1
CHEMBL2971,Cc1ccc(Cl)cc1NC(=O)N1CC(CC#N)(n2cc(C(N)=O)c(Nc3ccccc3)n2)C1,6.83,0.0,1
CHEMBL2971,Cc1ccc(F)c(CNc2nc(Nc3cnn(CCO)c3)ncc2C(N)=O)c1F,9.11,0.0,1
CHEMBL2971,Cc1ccc(F)cc1NC(=O)N1CC(CC#N)(n2cc(C(N)=O)c(Nc3ccccc3)n2)C1,6.74,0.0,1
CHEMBL2971,Cc1ccc(N(C)S(C)(=O)=O)c(CNc2nc(-c3cc(F)c(O)cc3CC(F)(F)F)cc(N)c2C(=N)C(N)=O)c1,7.57,0.0,1
CHEMBL2971,Cc1ccc(N(C)S(C)(=O)=O)c(CNc2nc(-c3cc(F)c(O)cc3CC(F)(F)F)cc3[nH]nc(C(N)=O)c23)c1,7.57,0.0,1
CHEMBL2971,Cc1ccc(N(C)S(C)(=O)=O)c(CNc2nc(-c3cc(F)c(O)cc3CC(F)(F)F)cc3[nH]ncc23)c1,7.31,0.0,1
CHEMBL2971,Cc1ccc(N(C)[C@@H]2CCN(c3ncnc4[nH]ccc34)C2)nc1,9.26,0.0,1
CHEMBL2971,Cc1ccc(N2CCC(CC#N)(n3cc(C(N)=O)c(Nc4ccc(F)cc4)n3)CC2)cc1,6.93,0.0,1
CHEMBL2971,Cc1ccc(N2CCC(CC#N)(n3cc(C(N)=O)c(Nc4ccc(F)cc4)n3)CC2)cc1F,6.67,0.0,1
CHEMBL2971,Cc1ccc(N2CCC(CC#N)(n3cc(C(N)=O)c(Nc4ccc(F)cc4)n3)CC2)cn1,8.1,0.0,1
CHEMBL2971,Cc1ccc(N2CCN(S(=O)(=O)C[C@H]3CC[C@H](N(C)c4ncnc5[nH]ccc45)CC3)CC2)nc1,7.29,0.0,1
CHEMBL2971,Cc1ccc(N2CCN(S(=O)(=O)C[C@H]3CC[C@H](N(C)c4ncnc5[nH]ccc45)CC3)CC2)nc1C,7.86,0.0,1
CHEMBL2971,Cc1ccc(NC(=O)CC(C)C(F)(F)F)cc1N1CCc2nc(Nc3ccc(N4CCN(C)CC4)cc3)ncc2C1,8.05,0.0,1
CHEMBL2971,Cc1ccc(NC(=O)CC(C)C(F)(F)F)cc1N1CCc2nc(Nc3ccc(OCCN4CCCC4)cc3)ncc2C1,7.75,0.0,1
CHEMBL2971,Cc1ccc(NC(=O)CC(C)C(F)(F)F)cc1N1CCc2nc(Nc3ccc(OCCN4CCN(C)CC4)cc3)ncc2C1,7.82,0.0,1
CHEMBL2971,Cc1ccc(NC(=O)CC2CCCC2)cc1N1CCc2nc(Nc3ccc(OCCN4CCCC4)cc3)ncc2C1,7.92,0.0,1
CHEMBL2971,Cc1ccc(NC(=O)CCC(F)(F)F)cc1N1CCc2nc(Nc3ccc(C(=O)N4CCN(C)CC4)cc3)ncc2C1,7.34,0.0,1
CHEMBL2971,Cc1ccc(NC(=O)CCC(F)(F)F)cc1N1CCc2nc(Nc3ccc(N4CCN(C)CC4)cc3)ncc2C1,7.4,0.0,1
CHEMBL2971,Cc1ccc(NC(=O)CCC(F)(F)F)cc1N1CCc2nc(Nc3ccc(OCCN4CCCC4)cc3)ncc2C1,7.68,0.0,1
CHEMBL2971,Cc1ccc(NC(=O)N2CC(CC#N)(n3cc(C(N)=O)c(Nc4ccc(S(C)(=O)=O)cc4)n3)C2)cc1,6.76,0.0,1
CHEMBL2971,Cc1ccc(NC(=O)N2CC(CC#N)(n3cc(C(N)=O)c(Nc4ccccc4)n3)C2)c(C)c1,6.48,0.0,1
CHEMBL2971,Cc1ccc(NC(=O)N2CC(CC#N)(n3cc(C(N)=O)c(Nc4ccccc4)n3)C2)cc1,7.16,0.0,1
CHEMBL2971,Cc1ccc(NC(=O)N2CC(CC#N)(n3cc(C(N)=O)c(Nc4ccccc4)n3)C2)cc1C,6.72,0.0,1
CHEMBL2971,Cc1ccc(NC(=O)N2CC(CC#N)(n3cc(C(N)=O)c(Nc4ccccc4)n3)C2)cc1Cl,6.47,0.0,1
CHEMBL2971,Cc1ccc(NC(=O)N2CC(CC#N)(n3cc(C(N)=O)c(Nc4ccccc4)n3)C2)cc1F,6.94,0.0,1
CHEMBL2971,Cc1ccc(NC(=O)N2CCCCC2)cc1N1CCc2nc(Nc3ccc(OCCN4CCCC4)cc3)ncc2C1,7.4,0.0,1
CHEMBL2971,Cc1ccc(NC(=O)N2C[C@H](N(C)c3ncnc4[nH]ccc34)C3(CC3)C2)cc1Cl,5.89,0.0,1
CHEMBL2971,Cc1ccc(NC(=O)NC2CCCC2)cc1N1CCc2nc(Nc3ccc(OCCN4CCCC4)cc3)ncc2C1,8.4,0.0,1
CHEMBL2971,Cc1ccc(NC(=O)c2cc(C(F)(F)F)ccn2)cc1N1CCc2nc(Nc3ccc(C(=O)N4CCN(C)CC4)cc3)ncc2C1,8.28,0.0,1
CHEMBL2971,Cc1ccc(NC(=O)c2cc(C(F)(F)F)ccn2)cc1N1CCc2nc(Nc3ccc(C(=O)N4CCN(C)CC4)cc3)ncc2C1=O,7.16,0.0,1
CHEMBL2971,Cc1ccc(NC(=O)c2cc(C(F)(F)F)ccn2)cc1N1CCc2nc(Nc3ccc(N4CCN(C)CC4)cc3)ncc2C1,8.3,0.0,1
CHEMBL2971,Cc1ccc(NC(=O)c2cc(C(F)(F)F)ccn2)cc1N1CCc2nc(Nc3ccc(N4CCN(C)CC4)cc3)ncc2C1=O,7.32,0.0,1
CHEMBL2971,Cc1ccc(NC(=O)c2cc(Cl)cc(C(F)(F)F)c2)cc1N1CCc2nc(Nc3ccc(N4CCN(C)CC4)cc3)ncc2C1=O,7.44,0.0,1
CHEMBL2971,Cc1ccc(NC(=O)c2ccc(C(F)(F)F)s2)cc1N1CCc2nc(Nc3ccc(OCCN4CCCC4)cc3)ncc2C1,7.75,0.0,1
CHEMBL2971,Cc1ccc(NC(=O)c2cccc(Br)c2)cc1N1CCc2nc(Nc3ccc(N4CCN(C)CC4)cc3)ncc2C1=O,7.36,0.0,1
CHEMBL2971,Cc1ccc(NC(=O)c2cccc(C(C)(C)C)c2)cc1N1CCc2nc(Nc3ccc(N4CCN(C)CC4)cc3)ncc2C1=O,7.35,0.0,1
CHEMBL2971,Cc1ccc(NC(=O)c2cccc(C(F)(F)F)c2)cc1N1CCc2nc(Nc3ccc(C(=O)N4CCCC4)cc3)ncc2C1,7.85,0.0,1
CHEMBL2971,Cc1ccc(NC(=O)c2cccc(C(F)(F)F)c2)cc1N1CCc2nc(Nc3ccc(C(=O)N4CCN(C)CC4)cc3)ncc2C1,8.52,0.0,1
CHEMBL2971,Cc1ccc(NC(=O)c2cccc(C(F)(F)F)c2)cc1N1CCc2nc(Nc3ccc(C(=O)N4CCN(C)CC4)nc3)ncc2C1,8.52,0.0,1
CHEMBL2971,Cc1ccc(NC(=O)c2cccc(C(F)(F)F)c2)cc1N1CCc2nc(Nc3ccc(C(=O)NC4CC4)nc3)ncc2C1,7.75,0.0,1
CHEMBL2971,Cc1ccc(NC(=O)c2cccc(C(F)(F)F)c2)cc1N1CCc2nc(Nc3ccc(C(=O)NC4CCN(C)CC4)cc3)ncc2C1,8.15,0.0,1
CHEMBL2971,Cc1ccc(NC(=O)c2cccc(C(F)(F)F)c2)cc1N1CCc2nc(Nc3ccc(C(=O)NC4CCN(C)CC4)nc3)ncc2C1,8.3,0.0,1
CHEMBL2971,Cc1ccc(NC(=O)c2cccc(C(F)(F)F)c2)cc1N1CCc2nc(Nc3ccc(C(=O)NCCO)cc3)ncc2C1,8.15,0.0,1
CHEMBL2971,Cc1ccc(NC(=O)c2cccc(C(F)(F)F)c2)cc1N1CCc2nc(Nc3ccc(C(N)=O)nc3)ncc2C1,8.1,0.0,1
CHEMBL2971,Cc1ccc(NC(=O)c2cccc(C(F)(F)F)c2)cc1N1CCc2nc(Nc3ccc(CC(=O)N4CCN(C)CC4)cc3)ncc2C1=O,7.21,0.0,1
CHEMBL2971,Cc1ccc(NC(=O)c2cccc(C(F)(F)F)c2)cc1N1CCc2nc(Nc3ccc(N4CCN(C)CC4)cc3)ncc2C1=O,7.82,0.0,1
CHEMBL2971,Cc1ccc(NC(=O)c2cccc(C(F)(F)F)c2)cc1N1CCc2nc(Nc3ccc(N4CCNCC4)cc3)ncc2C1=O,8.15,0.0,1
CHEMBL2971,Cc1ccc(NC(=O)c2cccc(C(F)(F)F)c2)cc1N1CCc2nc(Nc3ccc(OCCN4CCCC4)cc3)ncc2C1=O,7.08,0.0,1
CHEMBL2971,Cc1ccc(NC(=O)c2cccc(C(F)(F)F)c2)cc1N1CCc2nc(Nc3ccc(S(=O)(=O)NC4CC4)cc3)ncc2C1,7.27,0.0,1
CHEMBL2971,Cc1ccc(NC(=O)c2cccc(C(F)(F)F)c2)cc1N1CCc2nc(Nc3cccc(CN4CCN(C)CC4)c3)ncc2C1,7.55,0.0,1
CHEMBL2971,Cc1ccc(NC(=O)c2cccc(C(F)(F)F)c2)cc1N1CCc2nc(Nc3cncnc3)ncc2C1,7.72,0.0,1
CHEMBL2971,Cc1ccc(NC(=O)c2cnn3ccc(N4CCC[C@@H]4c4cc(F)cn(C)c4=O)nc23)cn1,7.8,0.0,1
CHEMBL2971,Cc1ccc(NC(=O)c2n[nH]c3cc(-c4cc(F)c(O)cc4CC(F)(F)F)nc(NCc4ccccc4N(C)S(C)(=O)=O)c23)cn1,6.95,0.0,1
CHEMBL2971,Cc1ccc(NCc2ccc(-c3cccc4nc(NC(=O)C5CC5)nn34)cc2)c(F)c1,6.52,0.0,1
CHEMBL2971,Cc1ccc(NCc2ccc(-c3cccc4nc(NC(=O)C5CC5)nn34)cc2)c(F)n1,6.52,0.0,1
CHEMBL2971,Cc1ccc(Nc2n[nH]c(N)n2)cc1C,4.17,0.0,1
CHEMBL2971,Cc1ccc(Nc2nc(N[C@@H]3CCOC[C@@H]3N)ncc2C(N)=O)cc1,5.8,0.0,1
CHEMBL2971,Cc1ccc(Nc2nn([C@H]3COCC[C@@H]3C#N)c3cc[nH]c(=O)c23)cc1C,5.74,0.0,1
CHEMBL2971,Cc1ccc(Nc2sc(-c3ccccc3)cc2C(N)=O)nc1,6.75,0.0,1
CHEMBL2971,Cc1ccc(OCC(C)C)c(-c2cccn3nc(Nc4ccc5c(c4)CCNCC5)nc23)c1,5.51,0.0,1
CHEMBL2971,Cc1ccc(S(=O)(=O)C[C@H]2C[C@@H](N(C)c3ncnc4[nH]ccc34)C2)cn1,9.17,0.2545584412271567,2
CHEMBL2971,Cc1ccc(S(=O)(=O)N(C)c2ccccc2CNc2nc(-c3cc(F)c(O)cc3CC(F)(F)F)cc3[nH]nc(C(N)=O)c23)cn1,7.28,0.0,1
CHEMBL2971,Cc1ccc(S(=O)(=O)N2CC[C@@H](N(C)c3ncnc4[nH]ccc34)C2)cc1,5.75,0.0,1
CHEMBL2971,Cc1ccc2cc(Nc3nn([C@]4(CC#N)CCCOC4)c4cc[nH]c(=O)c34)ccc2n1,8.53,0.0,1
CHEMBL2971,Cc1ccc2cc(Nc3nn([C@]4(CC#N)CC[C@@H](C(=O)OC(C)(C)C)OC4)c4cc[nH]c(=O)c34)ccc2n1,9.11,0.0,1
CHEMBL2971,Cc1cccc(-c2cc(C(N)=O)c3[nH]c4cc(N5CCN(Cc6ccccc6)CC5)ccc4c3c2)c1,6.91,0.0,1
CHEMBL2971,Cc1cccc(-c2cc3c(N[C@@H]4CC[C@](C)(N)C4(C)C)c(C(N)=O)cnn3c2)c1,7.96,0.0,1
CHEMBL2971,Cc1cccc(-c2cnc3[nH]ccc3c2N[C@@H]2CCCN(C(=O)CC#N)C2)n1,7.26,0.0,1
CHEMBL2971,Cc1cccc(C)c1CNc1nc(Cc2cnn(C)c2)ncc1C(N)=O,8.35,0.0,1
CHEMBL2971,Cc1cccc(C)c1CNc1nc(Nc2cnn(CCO)c2)ncc1C(N)=O,8.51,0.0,1
CHEMBL2971,Cc1cccc(C)c1NC(=O)N1CC(CC#N)(n2cc(C(N)=O)c(Nc3ccccc3)n2)C1,6.18,0.0,1
CHEMBL2971,Cc1cccc(C)c1NS(=O)(=O)c1ccc(Nc2nn([C@H]3CCCC[C@@H]3C#N)cc2C(N)=O)cc1,8.05,0.0,1
CHEMBL2971,Cc1cccc(C)c1Nc1nc(Nc2cnn(C(C)(C)C)c2)ncc1C(N)=O,8.05,0.0,1
CHEMBL2971,Cc1cccc(C)c1Nc1nc(Nc2cnn(C3CCOCC3)c2)ncc1C(N)=O,8.79,0.0,1
CHEMBL2971,Cc1cccc(C[C@H]2CCCN2S(=O)(=O)C[C@H]2CC[C@H](N(C)c3ncnc4[nH]ccc34)CC2)n1,7.61,0.0,1
CHEMBL2971,Cc1cccc(Cl)c1CNc1nc(Nc2cnn(CCO)c2)ncc1C(N)=O,8.87,0.0,1
CHEMBL2971,Cc1cccc(Cl)c1NC(=O)N1CC(CC#N)(n2cc(C(N)=O)c(Nc3ccccc3)n2)C1,6.75,0.0,1
CHEMBL2971,Cc1cccc(N2CCC(CC#N)(n3cc(C(N)=O)c(Nc4ccc(F)cc4)n3)CC2)c1F,6.53,0.0,1
CHEMBL2971,Cc1cccc(N2CCC(CC#N)(n3cc(C(N)=O)c(Nc4ccc(F)cc4)n3)CC2)n1,6.99,0.0,1
CHEMBL2971,Cc1cccc(NC(=O)N2CC(CC#N)(n3cc(C(N)=O)c(Nc4ccccc4)n3)C2)c1,7.11,0.0,1
CHEMBL2971,Cc1cccc(Nc2cc(Nc3ccccc3Cl)c(C(N)=O)cn2)n1,7.32,0.0,1
CHEMBL2971,Cc1cccc(Nc2ccnc(Nc3ccc(N4CCN(C)CC4)c(C)c3)n2)c1,7.3,0.0,1
CHEMBL2971,Cc1cccc(Nc2ccnc(Nc3ccc(N4CCN(C)CC4)cc3)n2)c1,6.85,0.0,1
CHEMBL2971,Cc1cccc(Nc2nc(Nc3ccc(NC(=O)CCCCCCC(=O)NO)cc3)ncc2C)c1,9.22,0.0,1
CHEMBL2971,Cc1cccc(Nc2nn(C3(CC#N)CCN(C(=O)OC(C)(C)C)CC3)c3cc[nH]c(=O)c23)c1,8.49,0.0,1
CHEMBL2971,Cc1cccc(Nc2nn(C3(CC#N)CCN(C(=O)OC(C)(C)C)CC3)cc2C(N)=O)n1,6.0,0.0,1
CHEMBL2971,Cc1cccc(Nc2sc(-c3ccc(C(F)(F)F)cc3)cc2C(N)=O)n1,6.42,0.0,1
CHEMBL2971,Cc1cccc(Nc2sc(-c3ccc(F)cc3)cc2C(N)=O)n1,6.85,0.0,1
CHEMBL2971,Cc1cccc(Nc2sc(-c3ccc(F)cc3F)cc2C(N)=O)n1,6.75,0.0,1
CHEMBL2971,Cc1cccc(Nc2sc(-c3cccc(C(F)(F)F)c3)cc2C(N)=O)n1,6.16,0.0,1
CHEMBL2971,Cc1cccc(Nc2sc(-c3cccc(Cl)c3)cc2C(N)=O)n1,6.51,0.0,1
CHEMBL2971,Cc1cccc(Nc2sc(-c3cccc(F)c3)cc2C(N)=O)n1,6.81,0.0,1
CHEMBL2971,Cc1cccc(Nc2sc(-c3cccc(F)c3F)cc2C(N)=O)n1,7.1,0.0,1
CHEMBL2971,Cc1cccc(Nc2sc(-c3ccccc3)cc2C(N)=O)n1,6.57,0.0,1
CHEMBL2971,Cc1cccc(Nc2sc(-c3ccccc3Cl)cc2C(N)=O)n1,7.03,0.0,1
CHEMBL2971,Cc1cccc(Nc2sc(-c3ccccc3F)cc2C(N)=O)n1,7.44,0.0,1
CHEMBL2971,Cc1cccc(S(=O)(=O)N2CC[C@@H](N(C)c3ncnc4[nH]ccc34)C2)c1,6.14,0.0,1
CHEMBL2971,Cc1cccc(S(=O)(=O)N2C[C@H](N(C)c3ncnc4[nH]ccc34)C3(CC3)C2)c1,7.18,0.0,1
CHEMBL2971,Cc1ccccc1-c1[nH]c(-c2ccnc(N)n2)cc1C(N)=O,6.16,0.0,1
CHEMBL2971,Cc1ccccc1-c1cc2c(N[C@@H]3CC[C@](C)(N)C3(C)C)c(C(N)=O)cnn2c1,7.31,0.0,1
CHEMBL2971,Cc1ccccc1-c1cccc(Nc2nn(C3(CC#N)CCN(C(=O)OC(C)(C)C)CC3)cc2C(N)=O)c1,5.83,0.0,1
CHEMBL2971,Cc1ccccc1-c1nnn2cnc3[nH]ccc3c12,6.89,0.0,1
CHEMBL2971,Cc1ccccc1-n1cc(-c2ccn(C)n2)c2[nH]nc(N)c2c1=O,5.77,0.0,1
CHEMBL2971,Cc1ccccc1NC(=O)N1CC(CC#N)(n2cc(C(N)=O)c(Nc3ccccc3)n2)C1,6.79,0.0,1
CHEMBL2971,Cc1ccccc1S(=O)(=O)C[C@H]1C[C@@H](N(C)c2ncnc3[nH]ccc23)C1,9.61,0.0,1
CHEMBL2971,Cc1cccn2nc(Nc3ccc(S(C)(=O)=O)cc3)nc12,5.58,0.0,1
CHEMBL2971,Cc1cccnc1NC(=O)c1cnn2ccc(N3CCC[C@@H]3c3cc(F)ccc3F)nc12,8.64,0.0,1
CHEMBL2971,Cc1ccn(-c2cc3ncccc3c(-c3ccn(C4(CC#N)CN(CC(F)(F)F)C4)n3)n2)n1,5.18,0.0,1
CHEMBL2971,Cc1ccnc(-c2cnc3[nH]ccc3c2N[C@@H]2CCCN(C(=O)CC#N)C2)c1,7.26,0.0,1
CHEMBL2971,Cc1ccnc(-c2cnc3[nH]ccc3c2N[C@@H]2CCCN(C(=O)CC#N)C2)n1,7.26,0.0,1
CHEMBL2971,Cc1ccnc(N2CCC(CC#N)(n3cc(C(N)=O)c(Nc4ccc(F)cc4)n3)CC2)c1,7.36,0.0,1
CHEMBL2971,Cc1ccnc(Nc2sc(-c3ccccc3)cc2C(N)=O)c1,6.4,0.0,1
CHEMBL2971,Cc1ccncc1-c1cc2c(N[C@@H]3CC[C@](C)(N)C3(C)C)c(C(N)=O)cnn2c1,6.85,0.0,1
CHEMBL2971,Cc1ccncc1N1CCC(CC#N)(n2cc(C(N)=O)c(Nc3ccc(F)cc3)n2)CC1,6.99,0.0,1
CHEMBL2971,Cc1ccncc1S(=O)(=O)C[C@H]1C[C@@H](N(C)c2ncnc3[nH]ccc23)C1,9.95,0.0,1
CHEMBL2971,Cc1cn(C2(CC#N)CC(C#N)C2)nc1-c1nc(-c2cc(N)n(C)n2)cc2ncccc12,5.324999999999999,0.44547727214752453,2
CHEMBL2971,Cc1cn(C2(CC#N)CC(C#N)C2)nc1-c1nc(-c2cn[nH]c2N)cc2ncccc12,6.02,0.0,1
CHEMBL2971,Cc1cn(Cc2cccc(Nc3nn([C@H]4CCCC[C@@H]4C#N)c4cc[nH]c(=O)c34)c2)nn1,5.68,0.0,1
CHEMBL2971,Cc1cn[nH]c1C(=O)N1CC[C@H](Oc2ccc(-c3ncnc(Nc4ccc(N5CCN(C6COC6)CC5)cc4)n3)cc2C#N)[C@H](F)C1,6.43,0.0,1
CHEMBL2971,Cc1cnc(-c2cnc3[nH]ccc3c2N[C@@H]2CCCN(CCC#N)C2)o1,7.26,0.0,1
CHEMBL2971,Cc1cnc(CNC[C@H]2CC[C@H](c3nnn4cnc5[nH]ccc5c34)CC2)cn1,7.26,0.0,1
CHEMBL2971,Cc1cnc(F)c(CN2CCC(CC#N)(n3cc(C(N)=O)c(Nc4ccc(F)cc4)n3)CC2)c1,7.66,0.0,1
CHEMBL2971,Cc1cnc(F)c(CN2CCC(CC#N)(n3cc(C(N)=O)c(Nc4ccnc(F)c4)n3)CC2)c1,7.89,0.0,1
CHEMBL2971,Cc1cnc(N(C)S(C)(=O)=O)c(CNc2nc(-c3cc(F)c(O)cc3CC(F)(F)F)cc3[nH]nc(C(N)=O)c23)c1,6.96,0.0,1
CHEMBL2971,Cc1cnc(NC2CCOCC2)nc1-c1cnn(CCC#N)c1,4.38,0.0,1
CHEMBL2971,Cc1cnc(NCCN2CCOCC2)nc1-c1cnn(CCC#N)c1,4.71,0.0,1
CHEMBL2971,Cc1cnc(Nc2cc(F)c(N3CCOCC3)c(F)c2)nc1-c1cc2c(o1)CCN(C(=O)CC#N)C2,8.38,0.0,1
CHEMBL2971,Cc1cnc(Nc2cc(F)c(N3CCOCC3)c(F)c2)nc1-c1cc2c(o1)CCN(S(C)(=O)=O)C2,8.43,0.0,1
CHEMBL2971,Cc1cnc(Nc2cc(N3CCOCC3)nc(N[C@@H](C)c3ccc(F)cn3)n2)s1,8.3,0.0,1
CHEMBL2971,Cc1cnc(Nc2cc(N3CCOCC3)nc(N[C@@H](C)c3ncc(F)cn3)n2)s1,8.52,0.0,1
CHEMBL2971,Cc1cnc(Nc2cc(NC3CCN(c4ccc(C#N)cn4)CC3)c(C(N)=O)cn2)cn1,8.28,0.0,1
CHEMBL2971,Cc1cnc(Nc2ccc(-n3ccnc3)cc2)nc1-c1cc2c(o1)CCN(S(C)(=O)=O)C2,7.97,0.0,1
CHEMBL2971,Cc1cnc(Nc2ccc(C(=O)NC3CCN(C)CC3)c(F)c2)nc1Nc1ccc2c(c1)N(S(=O)(=O)C(C)(C)C)CC2,7.62,0.0,1
CHEMBL2971,Cc1cnc(Nc2ccc(C(F)(F)F)cc2)nc1N1CCC2(CCNC2=O)CC1,6.39,0.0,1
CHEMBL2971,Cc1cnc(Nc2ccc(CNC(=O)/C=C/C(=O)c3ccccc3)cc2)nc1-c1cnn(C(C)C)c1,8.15,0.0,1
CHEMBL2971,Cc1cnc(Nc2ccc(CNC(=O)C3CC3)cc2)nc1-c1cnn(C(C)C)c1,8.4,0.0,1
CHEMBL2971,Cc1cnc(Nc2ccc(CNC(=O)CCl)cc2)nc1-c1cnn(C(C)C)c1,8.52,0.0,1
CHEMBL2971,Cc1cnc(Nc2ccc(CNS(=O)(=O)C3CC3)cc2)nc1-c1cnn(C(C)C)c1,8.3,0.0,1
CHEMBL2971,Cc1cnc(Nc2ccc(F)c(N)c2)nc1N1CCC2(CCNC2=O)CC1,6.75,0.0,1
CHEMBL2971,Cc1cnc(Nc2ccc(F)cc2)nc1-c1cc2c(o1)CCN(C(=O)CC#N)C2,8.04,0.0,1
CHEMBL2971,Cc1cnc(Nc2ccc(F)cc2)nc1-c1cc2c(o1)CCN(S(C)(=O)=O)C2,7.92,0.0,1
CHEMBL2971,Cc1cnc(Nc2ccc(F)cc2)nc1N1CCC2(CCNC2=O)CC1,6.53,0.0,1
CHEMBL2971,Cc1cnc(Nc2ccc(N3C4CCC3COC4)cc2)nc1N1CCC2(CCNC2=O)CC1,8.05,0.0,1
CHEMBL2971,Cc1cnc(Nc2ccc(N3CCC(N(C)CCCO)CC3)c(F)c2)nc1-c1cnn(C(C)C)c1,9.0,0.0,1
CHEMBL2971,Cc1cnc(Nc2ccc(N3CCC(N(C)CCN4CCN(C)CC4)CC3)c(F)c2)nc1-c1cnn(C(C)C)c1,8.52,0.0,1
CHEMBL2971,Cc1cnc(Nc2ccc(N3CCC(N(C)CCO)CC3)c(F)c2)nc1-c1cnn(C(C)C)c1,9.15,0.0,1
CHEMBL2971,Cc1cnc(Nc2ccc(N3CCC(N4CCC5(CCCO5)CC4)CC3)cc2)nc1-c1ccc(C(=O)NCC#N)cc1,8.37,0.0,1
CHEMBL2971,Cc1cnc(Nc2ccc(N3CCC(N4CCCC4=O)CC3)cc2)nc1-c1ccc(C(=O)NCC#N)cc1,8.6,0.0,1
CHEMBL2971,Cc1cnc(Nc2ccc(N3CCC(N4CCOCC4)CC3)cc2)nc1-c1ccc(C(=O)NCC#N)cc1,8.535,0.02121320343559723,2
CHEMBL2971,Cc1cnc(Nc2ccc(N3CCN(C)CC3)c(F)c2)nc1Nc1ccc(S(=O)(=O)NC(C)(C)C)cc1,8.96,0.0,1
CHEMBL2971,Cc1cnc(Nc2ccc(N3CCN(C)CC3)c(F)c2)nc1Nc1ccc2c(c1)N(S(=O)(=O)C(C)(C)C)CC2,7.925,0.007071067811865324,2
CHEMBL2971,Cc1cnc(Nc2ccc(N3CCN(C)CC3)cc2)nc1-c1cc2c(o1)CCN(C(=O)CC#N)C2,8.8,0.0,1
CHEMBL2971,Cc1cnc(Nc2ccc(N3CCN(C)CC3)cc2)nc1-c1ccc(NC(=O)CCCCCCC(=O)NO)cc1,8.37,0.0,1
CHEMBL2971,Cc1cnc(Nc2ccc(N3CCN(C)CC3)cc2)nc1-c1cnn(CCC#N)c1,8.7,0.0,1
CHEMBL2971,Cc1cnc(Nc2ccc(N3CCN(C)CC3)cc2)nc1-n1ccc(C(=O)NC2CC2)c1,7.52,0.0,1
CHEMBL2971,Cc1cnc(Nc2ccc(N3CCN(C)CC3)cc2)nc1-n1ccc2c1CCNC2=O,5.23,0.0,1
CHEMBL2971,Cc1cnc(Nc2ccc(N3CCN(C)CC3)cc2)nc1Nc1ccc(S(=O)(=O)NC(C)(C)C)cc1,9.29,0.0,1
CHEMBL2971,Cc1cnc(Nc2ccc(N3CCN(C)CC3)cc2)nc1Nc1cccc(NS(=O)(=O)C(C)(C)C)c1,7.938461538461539,0.3636584055091201,13
CHEMBL2971,Cc1cnc(Nc2ccc(N3CCN(C)CC3)cc2)nc1Nc1cccc(S(=O)(=O)NC(C)(C)C)c1,8.203999999999999,0.7298150450627882,5
CHEMBL2971,Cc1cnc(Nc2ccc(N3CCOC(C)C3)cc2)nc1N1CCC2(CCNC2=O)CC1,7.24,0.0,1
CHEMBL2971,Cc1cnc(Nc2ccc(N3CCOCC3)c(F)c2)nc1N1CCC2(CCNC2=O)CC1,7.28,0.0,1
CHEMBL2971,Cc1cnc(Nc2ccc(N3CCOCC3)cc2)nc1-c1cc2c(o1)CCN(C(=O)C(C)C)C2,8.19,0.0,1
CHEMBL2971,Cc1cnc(Nc2ccc(N3CCOCC3)cc2)nc1-c1cc2c(o1)CCN(C(=O)CC#N)C2,9.3,0.0,1
CHEMBL2971,Cc1cnc(Nc2ccc(N3CCOCC3)cc2)nc1-c1cc2c(o1)CCN(C(=O)c1ccc(C#N)cc1)C2,7.54,0.0,1
CHEMBL2971,Cc1cnc(Nc2ccc(N3CCOCC3)cc2)nc1-c1cc2c(o1)CCN(C(=O)c1cccc(C#N)c1)C2,7.45,0.0,1
CHEMBL2971,Cc1cnc(Nc2ccc(N3CCOCC3)cc2)nc1-c1ccc(C(=O)NCC#N)cc1,8.1,0.0,1
CHEMBL2971,Cc1cnc(Nc2ccc(N3CCOCC3)cc2)nc1-c1ccc(NC(=O)CCCCCCC(=O)NO)cc1,8.74,0.0,1
CHEMBL2971,Cc1cnc(Nc2ccc(N3CCOCC3)cc2)nc1-c1cnn(CCC#N)c1,8.7,0.0,1
CHEMBL2971,Cc1cnc(Nc2ccc(N3CCOCC3)cc2)nc1N1CCC2(CCNC2=O)CC1,7.26,0.0,1
CHEMBL2971,Cc1cnc(Nc2ccc(NS(=O)(=O)c3ccc(C(F)(F)F)cc3)c(F)c2)nc1-c1cnn(C(C)C)c1,7.6,0.0,1
CHEMBL2971,Cc1cnc(Nc2ccc(OCC(=O)NO)cc2)nc1Nc1cccc(S(=O)(=O)NC(C)(C)C)c1,8.36,0.0,1
CHEMBL2971,Cc1cnc(Nc2ccc(OCCCC(=O)NO)cc2)nc1Nc1cccc(S(=O)(=O)NC(C)(C)C)c1,7.91,0.0,1
CHEMBL2971,Cc1cnc(Nc2ccc(OCCCCCCC(=O)NO)c(F)c2)nc1Nc1cccc(S(=O)(=O)NC(C)(C)C)c1,7.84,0.3394112549695431,2
CHEMBL2971,Cc1cnc(Nc2ccc(OCCCCCCC(=O)NO)cc2)nc1Nc1cccc(S(=O)(=O)NC(C)(C)C)c1,7.96,0.4384062043356589,2
CHEMBL2971,Cc1cnc(Nc2ccc(OCCN3CCCC3)cc2)nc1-c1cc2c(o1)CCN(C(=O)CC#N)C2,8.02,0.0,1
CHEMBL2971,Cc1cnc(Nc2ccc(OCCN3CCCC3)cc2)nc1-c1cc2c(o1)CCN(S(C)(=O)=O)C2,8.39,0.0,1
CHEMBL2971,Cc1cnc(Nc2ccc(OCCN3CCCC3)cc2)nc1N1CCC2(CCNC2=O)CC1,6.71,0.0,1
CHEMBL2971,Cc1cnc(Nc2ccc(OCCN3CCCC3)cc2)nc1Nc1ccc(C(=O)NO)cc1,8.74,0.0,1
CHEMBL2971,Cc1cnc(Nc2ccc(OCCN3CCCC3)cc2)nc1Nc1cccc(NS(=O)(=O)C(C)(C)C)c1,8.64,0.0,1
CHEMBL2971,Cc1cnc(Nc2ccc(OCCN3CCCC3)cc2)nc1Nc1cccc(S(=O)(=O)NC(C)(C)C)c1,8.325,0.24359574891382813,10
CHEMBL2971,Cc1cnc(Nc2ccc(OCCN3CCCC3)cc2)nc1Nc1cccc([S+]([O-])NC(C)(C)C)c1,8.52,0.0,1
CHEMBL2971,Cc1cnc(Nc2ccc(OCCO)nc2)nc1N1C[C@H]2[C@@H](C)[C@@]2(NC(=O)[C@H]2C[C@@H]2C#N)C1,6.83,0.0,1
CHEMBL2971,Cc1cnc(Nc2ccc([N+](=O)[O-])cc2)nc1-c1cc2c(o1)CCN(C(=O)CC#N)C2,7.85,0.0,1
CHEMBL2971,Cc1cnc(Nc2ccc([N+](=O)[O-])cc2)nc1N1CCC2(CCNC2=O)CC1,8.0,0.0,1
CHEMBL2971,Cc1cnc(Nc2ccc3c(c2)CCN(C(=O)/C=C/C(=O)c2ccccc2)C3)nc1-c1cnn(C(C)C)c1,8.0,0.0,1
CHEMBL2971,Cc1cnc(Nc2ccc3c(c2)CCN(C(=O)/C=C/CN(C)C)C3)nc1-c1cnn(C(C)C)c1,8.52,0.0,1
CHEMBL2971,Cc1cnc(Nc2ccc3c(c2)CCN(CC#N)C3)nc1-c1cnn(C(C)C)c1,8.15,0.0,1
CHEMBL2971,Cc1cnc(Nc2ccc3c(c2)CCN3C(=O)C2CC2(F)F)nc1-c1cnn(C(C)C)c1,8.18,0.0,1
CHEMBL2971,Cc1cnc(Nc2ccc3c(c2)CCN3C(=O)C2CC2)nc1-c1cnn(C(C)C)c1,8.41,0.0,1
CHEMBL2971,Cc1cnc(Nc2ccc3c(c2)CCN3C(=O)CCN2CCOCC2)nc1-c1cnn(C(C)C)c1,7.92,0.0,1
CHEMBL2971,Cc1cnc(Nc2ccc3c(c2)CCN3C(=O)CN2CCS(=O)(=O)CC2)nc1-c1cnn(C(C)C)c1,8.52,0.0,1
CHEMBL2971,Cc1cnc(Nc2ccc3c(c2)CCN3C(=O)Cc2ccc(OC(F)(F)F)cc2)nc1-c1cnn(C(C)C)c1,6.4,0.0,1
CHEMBL2971,Cc1cnc(Nc2ccc3c(c2)CCN3C(=O)[C@@H](O)CO)nc1-c1cnn(C(C)C)c1,7.67,0.0,1
CHEMBL2971,Cc1cnc(Nc2ccc3c(c2)CCN3C(=O)[C@@H]2C[C@@H]2F)nc1-c1cnn(C(C)C)c1,7.99,0.0,1
CHEMBL2971,Cc1cnc(Nc2ccc3c(c2)CCN3C(=O)[C@H]2CCCN2)nc1-c1cnn(C(C)C)c1,8.52,0.0,1
CHEMBL2971,Cc1cnc(Nc2ccc3c(c2)CCN3C(=O)[C@H]2CCCN2C(=O)C2(C#N)CC2)nc1-c1cnn(C(C)C)c1,8.42,0.0,1
CHEMBL2971,Cc1cnc(Nc2ccc3c(c2)CCN3C(=O)c2ccc(C(F)(F)F)cc2F)nc1-c1cnn(C(C)C)c1,7.6,0.0,1
CHEMBL2971,Cc1cnc(Nc2ccc3c(c2)CCN3C(=O)c2cccc(C(F)(F)F)c2)nc1-c1cnn(C(C)C)c1,7.18,0.0,1
CHEMBL2971,Cc1cnc(Nc2ccc3c(c2)CCN3S(=O)(=O)C2CC2)nc1-c1cnn(C(C)C)c1,8.62,0.0,1
CHEMBL2971,Cc1cnc(Nc2ccc3c(c2)CCN3S(=O)(=O)c2ccc(C(F)(F)F)cc2)nc1-c1cnn(C(C)C)c1,7.09,0.0,1
CHEMBL2971,Cc1cnc(Nc2ccc3c(c2)CCN3S(=O)(=O)c2ccc(C(F)(F)F)cc2)nc1-c1cnn(C2CC2)c1,6.19,0.0,1
CHEMBL2971,Cc1cnc(Nc2ccc3c(c2)CCN3S(=O)(=O)c2ccc(C(F)(F)F)cc2)nc1-c1cnn(C2CCC2)c1,6.79,0.0,1
CHEMBL2971,Cc1cnc(Nc2ccc3c(c2)CCN3S(=O)(=O)c2ccc(C(F)(F)F)cc2)nc1-c1cnn(CCC#N)c1,7.68,0.0,1
CHEMBL2971,Cc1cnc(Nc2ccc3c(c2)CCN3S(=O)(=O)c2ccc3c(c2)CC(=O)N3)nc1-c1cnn(C(C)C)c1,7.6,0.0,1
CHEMBL2971,Cc1cnc(Nc2ccc3c(c2)CCN3S(=O)(=O)c2ccc3c(c2)CC(=O)N3C)nc1-c1cnn(C(C)C)c1,7.9,0.0,1
CHEMBL2971,Cc1cnc(Nc2ccc3c(c2)CN(C(=O)/C=C/C(=O)c2ccccc2)CC3)nc1-c1cnn(C(C)C)c1,8.7,0.0,1
CHEMBL2971,Cc1cnc(Nc2ccc3c(c2)CN(C(=O)/C=C/CN(C)C)CC3)nc1-c1cnn(C(C)C)c1,8.05,0.0,1
CHEMBL2971,Cc1cnc(Nc2ccc3c(c2)CNC3=O)nc1-c1cnn(CCC#N)c1,8.96,0.0,1
CHEMBL2971,Cc1cnc(Nc2cccc(N3CCN(C)CC3)c2)nc1-c1cc2c(o1)CCN(S(C)(=O)=O)C2,6.95,0.0,1
CHEMBL2971,Cc1cnc(Nc2ccccc2)nc1-c1cc2c(o1)CCN(C(=O)CC#N)C2,8.54,0.0,1
CHEMBL2971,Cc1cnc(Nc2ccccc2)nc1-c1cc2c(o1)CCN(S(C)(=O)=O)C2,8.57,0.0,1
CHEMBL2971,Cc1cnc(Nc2ccccc2)nc1-c1cnn(CCC#N)c1,8.22,0.0,1
CHEMBL2971,Cc1cnc(Nc2cncc(N[C@@H](C)c3ncc(F)cn3)n2)s1,7.855,0.7707463914933377,2
CHEMBL2971,Cc1cnc(Nc2cnn(C(C)C)c2)nc1N1CCC2(CCNC2=O)CC1,7.17,0.0,1
CHEMBL2971,Cc1cnc(Nc2cnn(C(F)F)c2)nc1N1CCC2(CCNC2=O)CC1,6.85,0.0,1
CHEMBL2971,Cc1cnc(Nc2cnn(C)c2)nc1-c1cnn(CCC#N)c1,8.6,0.0,1
CHEMBL2971,Cc1cnc(Nc2cnn(C)c2)nc1-c1cnn([C@H](CC#N)C2CCCC2)c1,9.01,0.0,1
CHEMBL2971,Cc1cnc(Nc2cnn(C)c2)nc1N1C2CCC1COC2,6.32,0.0,1
CHEMBL2971,Cc1cnc(Nc2cnn(C)c2)nc1N1CC(CC#N)(N2CCN(C)CC2)C1,7.47,0.0,1
CHEMBL2971,Cc1cnc(Nc2cnn(C)c2)nc1N1CC2CCCC(C1)N2CC#N,7.21,0.0,1
CHEMBL2971,Cc1cnc(Nc2cnn(C)c2)nc1N1CC2CCCC(C1)N2CCC#N,8.47,0.0,1
CHEMBL2971,Cc1cnc(Nc2cnn(C)c2)nc1N1CCC2(CC1)NC(=O)NC2=O,7.31,0.0,1
CHEMBL2971,Cc1cnc(Nc2cnn(C)c2)nc1N1CCC2(CCNC2=O)CC1,6.4,0.0,1
CHEMBL2971,Cc1cnc(Nc2cnn(C)c2)nc1NC1CCC2(CC1)CCN(C(=O)CC#N)C2,6.89,0.0,1
CHEMBL2971,Cc1cnc(Nc2cnn(C)c2)nc1NC1CCC2(CC1)CCN(C(=O)CC#N)CC2,7.07,0.0,1
CHEMBL2971,Cc1cnc(Nc2nc(N[C@@H](C)c3ncc(F)cn3)c(F)c(N3CCOCC3)n2)s1,7.7,0.0,1
CHEMBL2971,Cc1cnc(Nc2nc(N[C@@H](C)c3ncc(F)cn3)nc(N3CCOCC3)c2F)s1,7.6,0.0,1
CHEMBL2971,Cc1cnc2nc1-c1ccc3ccn(c3c1)C/C=C/COCc1cc(ccc1OCCN1CCCC1)N2,6.43,0.0,1
CHEMBL2971,Cc1cnc2nc1-c1cccc(c1)COC/C=C/COCc1cc(ccc1OCCN1CCCC1)N2,8.15,0.0,1
CHEMBL2971,Cc1cnc2nc1-c1cccc(c1)COCC=CCOCc1cc(ccc1OCCN1CCCC1)N2,8.15,0.0,1
CHEMBL2971,Cc1cnc2nc1-c1cccc(c1)OCC/C=C/CN(C)Cc1cccc(c1)N2,6.75,0.0,1
CHEMBL2971,Cc1cnc2nc1-c1ccnc(c1)OCC/C=C/COCc1cc(ccc1OCCN1CCCC1)N2,7.85,0.0,1
CHEMBL2971,Cc1cnc2nc1Nc1cccc(c1)COC/C=C/COCc1cc(ccc1OCCN1CCCC1)N2,8.22,0.0,1
CHEMBL2971,Cc1cncc(-c2cc(-c3cnn(C4(CC#N)CC(C#N)C4)n3)c3cccnc3c2)n1,5.2,0.0,1
CHEMBL2971,Cc1cncc(-c2cc3ncccc3c(-c3ccn(C4(CC#N)CN(CC(F)(F)F)C4)n3)n2)c1,5.1,0.0,1
CHEMBL2971,Cc1cncc(N2CCC(CC#N)(n3cc(C(N)=O)c(Nc4ccc(F)cc4)n3)CC2)c1,7.58,0.0,1
CHEMBL2971,Cc1cncc(Nc2cc(NC3CCN(c4ccc(C#N)cn4)CC3)c(C(N)=O)cn2)n1,8.4,0.0,1
CHEMBL2971,Cc1cncc(Nc2nn(C3(CC#N)CCN(C(=O)OC(C)(C)C)CC3)cc2C(N)=O)n1,6.75,0.0,1
CHEMBL2971,Cc1cncc(Nc2nn([C@H]3CCCC[C@@H]3C#N)cc2C(N)=O)c1,7.43,0.0,1
CHEMBL2971,Cc1cncc2ccc(NC(=O)CCc3ccc(S(=O)(=O)Nc4ccccn4)cc3)cc12,6.65,0.0,1
CHEMBL2971,Cc1cncc2ccc(NC(=O)[C@@H]3CC3c3ccc(S(=O)(=O)NC[C@@H]4CCCNC4)cc3)cc12,7.89,0.0,1
CHEMBL2971,Cc1cncc2ccc(NC(=O)[C@@H]3CC3c3ccc(S(=O)(=O)Nc4ccc(F)cn4)cc3)cc12,9.19,0.0,1
CHEMBL2971,Cc1cncc2ccc(NC(=O)[C@@H]3CC3c3ccc(S(=O)(=O)Nc4ccccn4)cc3)cc12,8.7,0.0,1
CHEMBL2971,Cc1cncc2ccc(NC(=O)[C@@H]3CC3c3ccc(S(=O)(=O)Nc4cccnc4)cc3)cc12,8.93,0.014142135623730649,2
CHEMBL2971,Cc1cncc2ccc(NC(=O)[C@@H]3CC3c3ccc(S(=O)(=O)Nc4cccnn4)cc3)cc12,9.4,0.0,1
CHEMBL2971,Cc1cncc2ccc(NC(=O)[C@@H]3CC3c3ccc(S(=O)(=O)Nc4cnccn4)cc3)cc12,8.52,0.0,1
CHEMBL2971,Cc1cncc2ccc(NC(=O)[C@@H]3CC3c3ccc(S(=O)(=O)Nc4ncc(F)cn4)cc3)cc12,9.19,0.0,1
CHEMBL2971,Cc1cncc2ccc(NC(=O)[C@@H]3CC3c3ccc(S(=O)(=O)Nc4ncccn4)cc3)cc12,8.85,0.21213203435596475,2
CHEMBL2971,Cc1cncc2ccc(NC(=O)[C@@H]3C[C@H]3c3ccc(S(=O)(=O)NC4CCCNC4)cc3)cc12,7.68,0.0,1
CHEMBL2971,Cc1cncc2ccc(NC(=O)[C@@H]3C[C@H]3c3ccc(S(=O)(=O)NC4CCNC4)cc3)cc12,7.77,0.0,1
CHEMBL2971,Cc1cncc2ccc(NC(=O)[C@@H]3C[C@H]3c3ccc(S(=O)(=O)Nc4ccccn4)cc3)cc12,9.02,0.0,1
CHEMBL2971,Cc1cncc2ccc(NC(=O)[C@@H]3C[C@H]3c3ccc(S(=O)(=O)Nc4cncc(C5=CCNCC5)n4)cc3)cc12,7.97,0.0,1
CHEMBL2971,Cc1cncc2ccc(NC(=O)[C@@H]3C[C@H]3c3ccc(S(=O)(=O)Nc4cncc(C5CCNCC5)n4)cc3)cc12,8.15,0.0,1
CHEMBL2971,Cc1cncc2ccc(NC(=O)[C@@H]3C[C@H]3c3ccc(S(=O)(=O)Nc4ncc(C5CCNCC5)cn4)cc3)cc12,7.72,0.0,1
CHEMBL2971,Cc1cncc2ccc(NC(=O)[C@@H]3C[C@H]3c3ccc(S(=O)(=O)Nc4nccs4)cc3)cc12,9.46,0.0,1
CHEMBL2971,Cc1cnccc1-c1cc2c(N[C@@H]3CC[C@](C)(N)C3(C)C)c(C(N)=O)cnn2c1,7.72,0.0,1
CHEMBL2971,Cc1cnn(CC2CCC(N3C=CC(=O)C4C=Nc5[nH]ccc5C43)CC2)c1,8.72,0.0,1
CHEMBL2971,Cc1cnn2cc(-c3cnn(C)c3)nc(-c3cnn([C@]4(CC#N)C[C@@H](C#N)C4)c3)c12,7.0,0.0,1
CHEMBL2971,Cc1csc2c(Nc3cn(C)cn3)nc(N[C@@H](C)c3ncc(F)cn3)nc12,8.4,0.0,1
CHEMBL2971,Cc1n[nH]c(C(=O)N2CC[C@H](Oc3ccc(-c4ncnc(Nc5ccc(N6CCN(C7COC7)CC6)cc5)n4)cc3C#N)C(F)(F)C2)n1,4.64,0.0,1
CHEMBL2971,Cc1n[nH]c(C(=O)N2CC[C@H](Oc3ccc(-c4ncnc(Nc5ccc(N6CCN(C7COC7)CC6)cc5)n4)cc3C#N)[C@H](F)C2)n1,5.55,2.1213203435596424,2
CHEMBL2971,Cc1n[nH]c(C)c1Nc1nc(Nc2cnn(C)c2)ncc1C(N)=O,8.31,0.0,1
CHEMBL2971,Cc1n[nH]c2cc(Nc3nc(NC4CC4)c4occc4n3)ccc12,5.38,0.0,1
CHEMBL2971,Cc1n[nH]cc1-c1cc2ncccc2c(-c2ccn(C3(CC#N)CC(C#N)C3)n2)n1,6.505000000000001,0.5586143571373723,2
CHEMBL2971,Cc1n[nH]cc1-c1cc2ncccc2c(-c2ccn(C3(CC#N)CN(S(C)(=O)=O)C3)n2)n1,6.06,0.0,1
CHEMBL2971,Cc1nc(-c2cc(-c3cnn(C4(CC#N)CC(C#N)C4)n3)c3cccnc3c2)c[nH]1,7.055,0.6293250352560268,2
CHEMBL2971,Cc1nc(-c2cc(-c3cnn(C4(CC#N)CC(C#N)C4)n3)c3cccnc3c2)ccc1CCO,6.65,0.5374011537017769,2
CHEMBL2971,Cc1nc(-c2cc(-c3cnn(C4(CC#N)CC(C#N)C4)n3)c3cccnc3c2)ccc1O,6.425000000000001,0.6151828996322967,2
CHEMBL2971,Cc1nc(-c2cc3ncccc3c(-c3ccn(C4(CC#N)CN(CC(F)(F)F)C4)n3)n2)c[nH]1,5.47,0.0,1
CHEMBL2971,Cc1nc(-c2cc3ncccc3c(-c3ccn(C4(CC#N)CN(CC(F)(F)F)C4)n3)n2)cn1C,5.78,0.0,1
CHEMBL2971,Cc1nc(-c2ccc(Nc3nn(C4(CC#N)CCN(C(=O)OC(C)(C)C)CC4)cc3C(N)=O)cc2)no1,8.1,0.0,1
CHEMBL2971,Cc1nc(-c2ccccc2Nc2nc(Nc3ccc(CN4CCN(C)CC4)cc3)ncc2Cl)n[nH]1,6.89,0.0,1
CHEMBL2971,Cc1nc(-c2cnc3[nH]ccc3c2N[C@@H]2CCCN(C(=O)CC#N)C2)no1,6.26,0.0,1
CHEMBL2971,Cc1nc(C(N)=O)c2[nH]c3cc(C(C)(C)O)ccc3c2c1-c1cccc(-n2cnc3ccccc3c2=O)c1C,6.7,0.0,1
CHEMBL2971,Cc1nc(C)c(-c2ccc3[nH]nc(N)c3c2)s1,6.5,0.0,1
CHEMBL2971,Cc1nc(C)c(-c2nc3cnc4[nH]ccc4c3n2[C@H]2CC[C@H](CC#N)CC2)o1,7.28,0.0,1
CHEMBL2971,Cc1nc(C)c(-c2nc3cnc4[nH]ccc4c3n2[C@H]2CC[C@H](CC#N)CC2)s1,6.64,0.0,1
CHEMBL2971,Cc1nc(C)c(C(=O)N2CC[C@H](Oc3ccc(-c4ncnc(Nc5ccc(N6CCN(C7COC7)CC6)cc5)n4)cc3C#N)[C@H](F)C2)[nH]1,6.67,0.0,1
CHEMBL2971,Cc1nc(C2CCCCC2)c2c3cc[nH]c3ncn12,6.085,0.6010407640085651,2
CHEMBL2971,Cc1nc(Cl)cc(Nc2c[nH]nc2-c2nc(-c3ccc(CN4CCOCC4)cc3)c[nH]2)n1,8.1,0.0,1
CHEMBL2971,Cc1nc(N(C)[C@@H]2CCN(c3ncnc4[nH]ccc34)C2)ccc1C#N,10.26,0.0,1
CHEMBL2971,Cc1nc([C@](C)(O)CO)sc1-c1cnc(N)c(O[C@H](C)c2cc(F)ccc2-n2nccn2)c1,7.92,0.0,1
CHEMBL2971,Cc1nc2c(-c3cnc(N)nc3)nc(N3CCOCC3)nc2n1C(C)C,7.58,0.0,1
CHEMBL2971,Cc1nc2c(F)cc(-c3nc(Nc4ccc5c(n4)CCN(CCN(C)C)C5)ncc3F)cc2n1C(C)C,6.77,0.0,1
CHEMBL2971,Cc1nc2cc(Nc3cc(NC4CCN(c5ccc(C#N)cn5)CC4)c(C(N)=O)cn3)ccc2o1,6.4,0.0,1
CHEMBL2971,Cc1nc2ccc(-c3cc(-c4cnn(C5(CC#N)CC(C#N)C5)n4)c4cccnc4c3)nc2[nH]1,7.09,0.0,1
CHEMBL2971,Cc1nc2ccc(Nc3cc(NC4CCN(c5ccc(C#N)cn5)CC4)c(C(N)=O)cn3)cc2o1,6.89,0.0,1
CHEMBL2971,Cc1nc2ccc(Nc3nn(C4CCCC[C@@H]4C#N)c4cc[nH]c(=O)c34)cc2s1,5.8,0.0,1
CHEMBL2971,Cc1nc2ccc(Nc3nn(C4COCC[C@@H]4C#N)c4cc[nH]c(=O)c34)cc2s1,6.05,0.0,1
CHEMBL2971,Cc1nc2ccc(Nc3nn([C@@H](CC#N)C4CC4)c4cc[nH]c(=O)c34)cc2s1,5.83,0.0,1
CHEMBL2971,Cc1nc2ccc(Nc3nn([C@@]4(CC#N)CCCOC4)c4cc[nH]c(=O)c34)cc2s1,8.88,0.0,1
CHEMBL2971,Cc1nc2ccc(Nc3nn([C@]4(CC#N)CC[C@@H](C(=O)OC(C)(C)C)OC4)c4cc[nH]c(=O)c34)cc2s1,9.14,0.0,1
CHEMBL2971,Cc1nc2cnc3[nH]ccc3c2n1C1CCCCC1,5.22,0.0,1
CHEMBL2971,Cc1nc2cnc3ccc(-c4cc(Cl)c(O)c(Cl)c4)cc3c2n1C1CCN(C)CC1,7.82,0.0,1
CHEMBL2971,Cc1nc2cnc3ccc(-c4cc(Cl)c(O)c(Cl)c4)cc3c2n1C1CCOCC1,7.65,0.0,1
CHEMBL2971,Cc1nc2cnc3ccc(-c4cc(Cl)c(O)c(Cl)c4)cc3c2n1[C@@H]1CCCN(C)C1,7.87,0.0,1
CHEMBL2971,Cc1nc2cnc3ccc(-c4cc(Cl)c(O)c(Cl)c4)cc3c2n1[C@H]1CC[C@H](CO)CC1,7.9,0.0,1
CHEMBL2971,Cc1nc2cnc3ccc(-c4cc(F)c(O)c(Cl)c4)cc3c2n1C1CCN(C)CC1,6.87,0.0,1
CHEMBL2971,Cc1ncc(-c2cc(-c3cnn(C4(CC#N)CC(C#N)C4)c3)n3ccnc3c2)[nH]1,6.07,0.0,1
CHEMBL2971,Cc1ncc(-c2cc3ncccc3c(-c3ccn(C4(CC#N)CN(S(C)(=O)=O)C4)n3)n2)cc1N,5.79,0.0,1
CHEMBL2971,Cc1ncc(-c2cc3ncccc3c(-c3ccn(C4(CC#N)CN(S(C)(=O)=O)C4)n3)n2)cc1O,5.89,0.0,1
CHEMBL2971,Cc1ncc(-c2cnc3[nH]ccc3c2N[C@@H]2CCCN(C(=O)CC#N)C2)s1,6.26,0.0,1
CHEMBL2971,Cc1ncc(CN2CCC(CC#N)(n3cc(C(N)=O)c(Nc4ccnc(F)c4)n3)CC2)s1,7.75,0.0,1
CHEMBL2971,Cc1ncc(CN2CC[C@@H](C#N)[C@H](n3cc(C(N)=O)c(Nc4ccc(F)cc4)n3)C2)s1,7.72,0.0,1
CHEMBL2971,Cc1ncc(CN2CC[C@@H](n3cc(C(N)=O)c(Nc4ccc(F)cc4)n3)[C@H](C#N)C2)s1,6.98,0.0,1
CHEMBL2971,Cc1ncc(F)cc1C1CCCN1c1ccn2ncc(C(=O)N3CC(O)C3)c2n1,6.36,0.0,1
CHEMBL2971,Cc1ncc(F)cc1C1CCCN1c1ccn2ncc(C(=O)NC3CC3)c2n1,7.77,0.0,1
CHEMBL2971,Cc1ncc(F)cc1C1CCCN1c1ccn2ncc(C(=O)NC3CCC(O)CC3)c2n1,8.219999999999999,0.15556349186104027,2
CHEMBL2971,Cc1ncc(F)cc1C1CCCN1c1ccn2ncc(C(=O)N[C@@H]3CCC[C@H]3O)c2n1,8.32,0.0,1
CHEMBL2971,Cc1ncc(F)cc1C1CCCN1c1ccn2ncc(C(=O)N[C@H]3CC[C@H](O)C3)c2n1,8.17,0.0,1
CHEMBL2971,Cc1ncc(F)cc1C1CCCN1c1ccn2ncc(C(=O)N[C@H]3CN4CCC3CC4)c2n1,6.61,0.0,1
CHEMBL2971,Cc1ncc(F)cc1C1CCCN1c1ccn2ncc(C(N)=O)c2n1,7.21,0.0,1
CHEMBL2971,Cc1ncc(F)cc1[C@H]1CCCN1c1ccn2ncc(C(=O)NC(C)(C)C)c2n1,8.16,0.0,1
CHEMBL2971,Cc1ncc(F)cc1[C@H]1CCCN1c1ccn2ncc(C(=O)NC(C)C)c2n1,8.13,0.0,1
CHEMBL2971,Cc1ncc(F)cc1[C@H]1CCCN1c1ccn2ncc(C(=O)NC3(C)CC3)c2n1,8.62,0.0,1
CHEMBL2971,Cc1ncc(F)cc1[C@H]1CCCN1c1ccn2ncc(C(=O)NC3(CO)CC3)c2n1,7.81,0.0,1
CHEMBL2971,Cc1ncc(F)cc1[C@H]1CCCN1c1ccn2ncc(C(=O)NC3CCC3)c2n1,8.07,0.0,1
CHEMBL2971,Cc1ncc(F)cc1[C@H]1CCCN1c1ccn2ncc(C(=O)NCCO)c2n1,7.08,0.0,1
CHEMBL2971,Cc1ncc(F)cc1[C@H]1CCCN1c1ccn2ncc(C(=O)NC[C@@H](C)O)c2n1,7.12,0.0,1
CHEMBL2971,Cc1ncc(Nc2ncnc(-c3ccc(O[C@H]4CCN(C(=O)CO)C[C@H]4F)c(C#N)c3)n2)s1,6.0,0.0,1
CHEMBL2971,Cc1ncc(S(=O)(=O)C[C@H]2C[C@@H](N(C)c3ncnc4[nH]ccc34)C2)s1,9.3,0.0,1
CHEMBL2971,Cc1ncc(S(=O)(=O)N[C@H]2C[C@@H](N(C)c3ncnc4[nH]ccc34)C2)s1,6.29,0.0,1
CHEMBL2971,Cc1nccc(Nc2cc(NC3CCN(c4ccc(C#N)cc4)CC3)c(C(N)=O)cn2)n1,8.46,0.0,1
CHEMBL2971,Cc1nccc(Nc2cc(NC3CCN(c4ccc(C#N)cn4)CC3)c(C(N)=O)cn2)n1,8.49,0.0,1
CHEMBL2971,Cc1nccc(Nc2cc(N[C@@H]3CCN(c4ccc(C#N)cn4)C[C@@H]3F)c(C(N)=O)cn2)n1,8.96,0.0,1
CHEMBL2971,Cc1nccc(S(=O)(=O)C[C@H]2C[C@@H](N(C)c3ncnc4[nH]ccc34)C2)c1C,9.88,0.0,1
CHEMBL2971,Cc1nccc2cc(NC(=O)[C@@H]3CC3c3ccc(S(=O)(=O)Nc4ccccn4)cc3)ccc12,7.14,0.0,1
CHEMBL2971,Cc1ncccc1N1CCC(CC#N)(n2cc(C(N)=O)c(Nc3ccc(F)cc3)n2)CC1,6.68,0.0,1
CHEMBL2971,Cc1nccn1Cc1ccc(-c2ccnc(Nc3ccc(N4CCOCC4)cc3)n2)cc1,7.09,0.0,1
CHEMBL2971,Cc1ncncc1N1CCC(CC#N)(n2cc(C(N)=O)c(Nc3ccc(F)cc3)n2)CC1,6.74,0.0,1
CHEMBL2971,Cc1ncoc1CN1CC[C@@H](C#N)[C@H](n2cc(C(N)=O)c(Nc3ccc(F)cc3)n2)C1,8.1,0.0,1
CHEMBL2971,Cc1nn(-c2ccc(F)cc2)c(-n2ccnc2)c1C(=O)NCc1cccnc1,6.59,0.0,1
CHEMBL2971,Cc1nn(C)c(C)c1Nc1nc2c(-c3ccc(S(C)(=O)=O)cc3)cccn2n1,5.52,0.0,1
CHEMBL2971,Cc1nn(C)c(C)c1S(=O)(=O)C[C@H]1C[C@@H](N(C)c2ncnc3[nH]ccc23)C1,8.84,0.0,1
CHEMBL2971,Cc1nn(C)c2c1CN(S(=O)(=O)C[C@H]1C[C@@H](N(C)c3ncnc4[nH]ccc34)C1)CC2,9.19,0.0,1
CHEMBL2971,Cc1nn(C2(CC#N)CN(S(=O)(=O)C(C)C)C2)cc1-c1ncnc2[nH]ccc12,8.92,0.0,1
CHEMBL2971,Cc1nn([C@]2(CC#N)C[C@@H](C#N)C2)cc1-c1nc(-c2cnn(C)c2)cn2nccc12,6.96,0.0,1
CHEMBL2971,Cc1nnc(-c2n[nH]c3cc(-c4cc(F)c(O)cc4CC(F)(F)F)nc(NCc4ccccc4N(C)S(C)(=O)=O)c23)[nH]1,6.89,0.0,1
CHEMBL2971,Cc1nnc(C(=O)N2CC[C@H](Oc3ccc(-c4ncnc(Nc5ccc(C6CCN(C)CC6)c(C)c5)n4)cc3C#N)[C@H](F)C2)[nH]1,5.61,2.1213203435596424,2
CHEMBL2971,Cc1nnc(C2CCCN(S(=O)(=O)C[C@H]3CC[C@H](N(C)c4ncnc5[nH]ccc45)CC3)C2)o1,7.71,0.0,1
CHEMBL2971,Cc1nnc(C2CCN(c3ccc(Nc4ncc(C)c(-c5ccc(C(=O)NCC#N)cc5)n4)cc3)CC2)o1,8.59,0.0,1
CHEMBL2971,Cc1nnc(C2CCN(c3ccc(Nc4nccc(-c5ccc(C(=O)NCC#N)cc5)n4)cc3)CC2)o1,8.1,0.0,1
CHEMBL2971,Cc1nnc(C2CCN(c3ccc(Nc4nccc(-c5ccc(C(=O)NCC#N)cc5)n4)cc3)CC2)s1,7.66,0.0,1
CHEMBL2971,Cc1nnc(N2CCN(c3ccc(Nc4nccc(-c5ccc(C(=O)NCC#N)cc5)n4)cc3)CC2)o1,8.17,0.0,1
CHEMBL2971,Cc1nnc(Nc2nc(N3CCN(C(=O)Cc4ccccc4)CC3)nn3cccc23)s1,4.85,0.0,1
CHEMBL2971,Cc1nnsc1COc1ccc(-c2ncnc(Nc3ccc(N4CCN(C5COC5)CC4)cc3)n2)cc1C#N,6.22,0.0,1
CHEMBL2971,Cc1noc(-c2ccc(Nc3nn(C4(CC#N)CCN(C(=O)OC(C)(C)C)CC4)cc3C(N)=O)cc2)n1,8.3,0.0,1
CHEMBL2971,Cc1noc(-c2ccc(Nc3nn([C@H]4CCCC[C@@H]4C#N)cc3C(N)=O)cc2)n1,7.6,0.0,1
CHEMBL2971,Cc1noc(-c2cnc3[nH]ccc3c2N[C@@H]2CCCN(C(=O)CC#N)C2)n1,7.26,0.0,1
CHEMBL2971,Cc1noc(C)c1-c1cc(C(N)=O)c2[nH]c3cc(C(=O)N4CCOCC4)ccc3c2n1,6.84,0.0,1
CHEMBL2971,Cc1noc(C)c1-c1ccc(Nc2nn(C3(CC#N)CCN(C(=O)OC(C)(C)C)CC3)cc2C(N)=O)cc1,7.42,0.0,1
CHEMBL2971,Cc1noc(C)c1-c1ccc2[nH]nc(N)c2c1,4.54,0.0,1
CHEMBL2971,Cc1noc(C)c1-c1cccc(-n2ccc3cnc(Nc4ccc(N5CCN(C)CC5)cc4)nc32)c1,8.52,0.0,1
CHEMBL2971,Cc1noc(C)c1CCOc1ccc(-c2cccc3nc(NC(=O)C4CC4)nn23)cc1,6.52,0.0,1
CHEMBL2971,Cc1noc(C)c1CN1CCC(c2nnn3cnc4[nH]ccc4c23)CC1,7.62,1.2303657992645929,2
CHEMBL2971,Cc1noc(C)c1COc1ccc(-c2cccc3nc(NC(=O)C4CC4)nn23)cc1,6.52,0.0,1
CHEMBL2971,Cc1noc(C)c1S(=O)(=O)C[C@H]1C[C@@H](N(C)c2ncnc3[nH]ccc23)C1,9.42,0.0,1
CHEMBL2971,Cc1noc(N2C[C@H]3C[C@H](N(C)c4ncnc5[nH]ccc45)C[C@H]3C2)n1,7.6,0.0,1
CHEMBL2971,Cc1noc2ccc(Nc3nn([C@H]4COCC[C@@H]4C#N)cc3C(N)=O)cc12,8.52,0.0,1
CHEMBL2971,Cc1nsc(N2C[C@H]3CC(N(C)c4ncnc5[nH]ccc45)C[C@H]3C2)n1,6.75,0.0,1
CHEMBL2971,Cc1nsc(N2C[C@H]3C[C@H](N(C)c4ncnc5[nH]ccc45)C[C@H]3C2)n1,6.75,0.0,1
CHEMBL2971,Cc1nsc(NC(=O)N2C[C@H]3C[C@H](N(C)c4ccnc5[nH]ccc45)C[C@H]3C2)n1,6.85,0.0,1
CHEMBL2971,Cc1sc2c(c1C)C(c1ccc(Cl)cc1)=N[C@@H](CC(=O)OC(C)(C)C)c1nnc(C)n1-2,5.0,0.0,1
CHEMBL2971,ClCCOc1ccc2cc1COCC=CCOCc1cccc(c1)-c1ccnc(n1)N2,6.66,0.0,1
CHEMBL2971,ClC[C@H]1CC[C@H](c2nnn3cnc4[nH]ccc4c23)CC1,8.105,1.2657211383239204,2
CHEMBL2971,Clc1cc(CN2CCC(c3nnn4cnc5[nH]ccc5c34)CC2)ccn1,7.68,0.0,1
CHEMBL2971,Clc1ccc(C2(NC[C@H]3CC[C@H](c4nnn5cnc6[nH]ccc6c45)CC3)COC2)cc1,7.92,0.0,1
CHEMBL2971,Clc1ccc(CCNC[C@H]2CC[C@H](c3nnn4cnc5[nH]ccc5c34)CC2)cc1,7.62,0.0,1
CHEMBL2971,Clc1ccc(CCN[C@H]2CC[C@H](c3nnn4cnc5[nH]ccc5c34)CC2)cc1,7.43,0.0,1
CHEMBL2971,Clc1ccc(CN2CCC(Nc3c(-c4cc[nH]c4)cnc4[nH]ccc34)CC2)cc1,8.18,0.0,1
CHEMBL2971,Clc1ccc(CN2CCC(c3nnn4cnc5[nH]ccc5c34)CC2)c(Cl)n1,7.64,0.0,1
CHEMBL2971,Clc1ccc(CN2CCC(c3nnn4cnc5[nH]ccc5c34)CC2)cc1,7.66,0.2262741699796954,2
CHEMBL2971,Clc1ccc(CN2CCC(c3nnn4cnc5[nH]ccc5c34)CC2)cn1,7.89,0.0,1
CHEMBL2971,Clc1ccc(CN2CCC(c3nnn4cnc5[nH]ccc5c34)CC2)o1,8.36,0.0,1
CHEMBL2971,Clc1ccc(CN2CCC(c3nnn4cnc5[nH]ccc5c34)CC2)s1,7.785,1.1101576464628797,2
CHEMBL2971,Clc1ccc(CNC[C@H]2CC[C@H](c3nnn4cnc5[nH]ccc5c34)CC2)cc1,7.51,0.0,1
CHEMBL2971,Clc1ccc(CN[C@H]2CC[C@@H](c3nnn4cnc5[nH]ccc5c34)CC2)cc1,6.4,0.0,1
CHEMBL2971,Clc1ccc(CN[C@H]2CC[C@H](c3nnn4cnc5[nH]ccc5c34)CC2)cc1,7.35,0.0,1
CHEMBL2971,Clc1ccc(NC2CCC(c3nnn4cnc5[nH]ccc5c34)CC2)cc1,6.6,0.0,1
CHEMBL2971,Clc1ccc(NC[C@H]2CC[C@H](c3nnn4cnc5[nH]ccc5c34)CC2)cc1,6.72,0.0,1
CHEMBL2971,Clc1cccc(-n2cnnn2)c1-c1nc(-c2ccc3[nH]ncc3c2)cs1,5.78,0.0,1
CHEMBL2971,Clc1cccc(CN2CCC(Nc3c(-c4cc[nH]n4)cnc4[nH]ccc34)CC2)c1,6.28,0.0,1
CHEMBL2971,Clc1cccc(CN2CCC(Nc3c(-c4cn[nH]c4)cnc4[nH]ccc34)CC2)c1,6.25,0.0,1
CHEMBL2971,Clc1cccc(Nc2nc(Nc3cn[nH]c3)ncc2Cl)c1,8.68,0.028284271247461298,2
CHEMBL2971,Clc1ccccc1CN1CCC(Nc2c(-c3cc[nH]c3)cnc3[nH]ccc23)CC1,7.78,0.0,1
CHEMBL2971,Clc1ccccc1CN1CCC(Nc2c(-c3cc[nH]n3)cnc3[nH]ccc23)CC1,6.91,0.0,1
CHEMBL2971,Clc1cnccc1CN1CCC(c2nnn3cnc4[nH]ccc4c23)CC1,7.47,0.0,1
CHEMBL2971,Clc1n[nH]c2ccc(CN3CCC(c4nnn5cnc6[nH]ccc6c45)CC3)cc12,6.75,0.0,1
CHEMBL2971,Clc1nc(NCc2ccccn2)c2c(-c3ccccc3)cccc2n1,4.75,0.0,1
CHEMBL2971,Clc1ncc(CN2CCC(c3nnn4cnc5[nH]ccc5c34)CC2)s1,7.15,0.7212489168102791,2
CHEMBL2971,Cn1c(=O)c2cnc3[nH]ccc3c2n(C2CCCCC2)c1=O,6.38,0.0,1
CHEMBL2971,Cn1c(=O)n(-c2cccc(-c3c(Cl)cc(C(N)=O)c4[nH]c5cc(C(C)(C)O)ccc5c34)c2Cl)c(=O)c2cccc(F)c21,5.79,0.5091168824543147,2
CHEMBL2971,Cn1c(=O)n(-c2cccc(-c3c(Cl)cc(C(N)=O)c4[nH]c5cc(C(C)(C)O)ccc5c34)c2Cl)c(=O)c2ccccc21,5.8100000000000005,0.1555634918610406,2
CHEMBL2971,Cn1c(=O)n(-c2cccc(-c3c(F)cc(C(N)=O)c4[nH]c5cc(C(C)(C)O)ccc5c34)c2Cl)c(=O)c2cccc(F)c21,5.996666666666667,0.4966219219218313,3
CHEMBL2971,Cn1c(C(=O)N2CCC(CC#N)(n3cc(C(N)=O)c(Nc4ccccc4)n3)CC2)cc2ccccc21,6.62,0.0,1
CHEMBL2971,Cn1c2ccccc2c2c3c(c4c5ccccc5n(CCC#N)c4c21)CNC3=O,7.17,0.0,1
CHEMBL2971,Cn1cc(-c2cc(-c3ccn(C4(CC#N)CN(CC(F)(F)F)C4)n3)c3cccnc3c2)cn1,5.53,0.0,1
CHEMBL2971,Cn1cc(-c2cc(-c3ccn(C4(CC#N)CN(CC(F)(F)F)C4)n3)n3ccnc3c2)cn1,5.14,0.0,1
CHEMBL2971,Cn1cc(-c2cc(-c3ccn(C4(CC#N)CN(CC(F)(F)F)C4)n3)n3ncnc3c2)cn1,6.31,0.0,1
CHEMBL2971,Cn1cc(-c2cc(-c3ccn(C4(CC#N)CN(S(C)(=O)=O)C4)n3)c3cccnc3c2)cn1,5.74,0.0,1
CHEMBL2971,Cn1cc(-c2cc(-c3cn(C4(CC#N)CN(S(C)(=O)=O)C4)nn3)c3cccnc3c2)cn1,6.82,0.0,1
CHEMBL2971,Cn1cc(-c2cc(-c3cnn(C4(CC#N)CC(C#N)C4)c3)n3ccnc3c2)cn1,6.095000000000001,0.8414570696119921,2
CHEMBL2971,Cn1cc(-c2cc(-c3cnn(C4(CC#N)CC(C#N)C4)n3)c3cccnc3c2)c(CO)n1,6.18,0.0,1
CHEMBL2971,Cn1cc(-c2cc(-c3cnn(C4(CC#N)CC(C#N)C4)n3)c3cccnc3c2)c(N)n1,6.7,0.39597979746446693,2
CHEMBL2971,Cn1cc(-c2cc(-c3cnn(C4(CC#N)CC(C#N)C4)n3)c3cccnc3c2)cn1,7.17,0.4666904755831215,2
CHEMBL2971,Cn1cc(-c2cc(-c3cnn(C4(CC#N)CC(C#N)C4)n3)c3cccnc3c2)nn1,6.84,0.0,1
CHEMBL2971,Cn1cc(-c2cc(-c3cnn(C4(CC#N)CC(C#N)C4)n3)n3ccnc3c2)cn1,5.71,0.0,1
CHEMBL2971,Cn1cc(-c2cc(-c3cnn(C4(CC#N)CN(CC#N)C4)c3)c3cccnc3c2)cn1,7.15,0.0,1
CHEMBL2971,Cn1cc(-c2cc(-c3cnn(C4(CC#N)CN(CC(F)(F)F)C4)c3)n3ccnc3c2)cn1,5.4,0.0,1
CHEMBL2971,Cn1cc(-c2cc(-c3cnn(C4(CC#N)CN(CC(F)(F)F)C4)c3)n3ncnc3c2)cn1,5.16,0.0,1
CHEMBL2971,Cn1cc(-c2cc(-c3cnn(C4(CC#N)CN(S(C)(=O)=O)C4)n3)c3cccnc3c2)ccc1=O,5.89,0.0,1
CHEMBL2971,Cn1cc(-c2cc(-c3cnn(C4(CC#N)CN(S(C)(=O)=O)C4)n3)c3cccnc3c2)cn1,6.61,0.0,1
CHEMBL2971,Cn1cc(-c2cc(Nc3nn([C@H]4CCCC[C@@H]4C#N)cc3C(N)=O)ccn2)cn1,7.22,0.0,1
CHEMBL2971,Cn1cc(-c2cc3ncccc3c(-c3cc(C4(CC#N)CN(CC#N)C4)no3)n2)cn1,7.35,0.0,1
CHEMBL2971,Cn1cc(-c2cc3ncccc3c(-c3ccn(C4(CC#N)CC(C#N)C4)n3)n2)c(CO)n1,7.47,0.0,1
CHEMBL2971,Cn1cc(-c2cc3ncccc3c(-c3ccn(C4(CC#N)CC(C#N)C4)n3)n2)c(N)n1,7.85,0.21213203435596445,2
CHEMBL2971,Cn1cc(-c2cc3ncccc3c(-c3ccn(C4(CC#N)CC(C#N)C4)n3)n2)cn1,7.47,0.5939696961966998,2
CHEMBL2971,Cn1cc(-c2cc3ncccc3c(-c3ccn(C4(CC#N)CN(CC#N)C4)n3)n2)cn1,7.15,0.0,1
CHEMBL2971,Cn1cc(-c2cc3ncccc3c(-c3ccn(C4(CC#N)CN(CC(F)(F)F)C4)n3)n2)ccc1=O,5.94,0.0,1
CHEMBL2971,Cn1cc(-c2cc3ncccc3c(-c3ccn(C4(CC#N)CN(CC(F)(F)F)C4)n3)n2)cn1,6.88,0.0,1
CHEMBL2971,Cn1cc(-c2cc3ncccc3c(-c3ccn(C4(CC#N)CN(CC5CC5)C4)n3)n2)cn1,6.37,0.0,1
CHEMBL2971,Cn1cc(-c2cc3ncccc3c(-c3ccn(C4(CC#N)CN(S(=O)(=O)C5CC5)C4)n3)n2)cn1,6.61,0.0,1
CHEMBL2971,Cn1cc(-c2cc3ncccc3c(-c3ccn(C4(CC#N)CN(S(C)(=O)=O)C4)n3)n2)c(N)n1,7.68,0.0,1
CHEMBL2971,Cn1cc(-c2cc3ncccc3c(-c3ccn(C4(CC#N)CN(S(C)(=O)=O)C4)n3)n2)ccc1=O,6.27,0.0,1
CHEMBL2971,Cn1cc(-c2cc3ncccc3c(-c3ccn(C4(CC#N)CN(S(C)(=O)=O)C4)n3)n2)cn1,6.79,0.0,1
CHEMBL2971,Cn1cc(-c2cc3ncccc3c(-c3ccn(C4(CC#N)CN(S(N)(=O)=O)C4)n3)n2)cn1,7.3,0.0,1
CHEMBL2971,Cn1cc(-c2cc3ncccc3c(-c3cn(C4(CC#N)CN(CC(F)(F)F)C4)nn3)n2)cn1,7.55,0.0,1
CHEMBL2971,Cn1cc(-c2cc3ncccc3c(-c3cnn(C4(CC#N)CN(CC(F)(F)F)C4)c3)n2)cn1,7.58,0.0,1
CHEMBL2971,Cn1cc(-c2cc3ncccc3c(-n3ccc(C4(CC#N)CN(CC(F)(F)F)C4)n3)n2)cn1,6.16,0.0,1
CHEMBL2971,Cn1cc(-c2cc3nccnc3c(-c3ccn(C4(CC#N)CN(CC#N)C4)n3)n2)cn1,5.45,0.0,1
CHEMBL2971,Cn1cc(-c2cc3nccnc3c(-c3cnn(C4(CC#N)CN(CC#N)C4)c3)n2)cn1,7.77,0.0,1
CHEMBL2971,Cn1cc(-c2cc3nccnc3c(-c3cnn(C4(CC#N)CN(CC(F)(F)F)C4)c3)n2)cn1,7.62,0.0,1
CHEMBL2971,Cn1cc(-c2ccc(Nc3nn(C4(CC#N)CCN(C(=O)OCC(F)(F)F)CC4)cc3C(N)=O)cn2)cn1,9.3,0.0,1
CHEMBL2971,Cn1cc(-c2ccc(Nc3nn(C4CCCC[C@@H]4C#N)cc3C(N)=O)cn2)cn1,7.82,0.0,1
CHEMBL2971,Cn1cc(-c2ccc(Nc3nn([C@H]4CCCC[C@@H]4C#N)c4cc[nH]c(=O)c34)cc2Cl)cn1,5.19,0.0,1
CHEMBL2971,Cn1cc(-c2ccc3[nH]c4c(C(N)=O)cnc(NC5CCCCC5)c4c3c2)cn1,7.89,0.0,1
CHEMBL2971,Cn1cc(-c2ccc3c(c2)[nH]c2c(C(N)=O)ccc(NC4CCCCC4)c23)cn1,8.3,0.0,1
CHEMBL2971,Cn1cc(-c2ccc3c(c2)[nH]c2c(C(N)=O)cnc(NC(C4CC4)C4CC4)c23)cn1,8.7,0.0,1
CHEMBL2971,Cn1cc(-c2ccc3c(c2)[nH]c2c(C(N)=O)cnc(N[C@@H](C4CC4)C(F)(F)F)c23)cn1,8.05,0.0,1
CHEMBL2971,Cn1cc(-c2ccc3c(c2)[nH]c2c(C(N)=O)cnc(N[C@H](C4CC4)C(F)(F)F)c23)cn1,9.4,0.0,1
CHEMBL2971,Cn1cc(-c2ccc3c(c2)[nH]c2c(C(N)=O)cnc(N[C@H](C4CCC4)C(F)(F)F)c23)cn1,7.92,0.0,1
CHEMBL2971,Cn1cc(-c2cccc(Nc3nn(C4(CC#N)CCN(C(=O)OCC(F)(F)F)CC4)cc3C(N)=O)c2)cn1,7.68,0.0,1
CHEMBL2971,Cn1cc(-c2ccnc(Nc3cccc(N)c3)n2)c2ccccc21,8.28,0.0,1
CHEMBL2971,Cn1cc(-c2cn3nccc3c(-c3cnn(C4(C)CCCC4)c3)n2)cn1,5.76,0.7071067811865476,2
CHEMBL2971,Cn1cc(-c2cn3nccc3c(-c3cnn(C4(CC#N)CC(O)C4)c3)n2)cn1,6.43,0.0,1
CHEMBL2971,Cn1cc(-c2cn3nccc3c(-c3cnn(C4(CC#N)CCC4)c3)n2)cn1,6.85,0.0,1
CHEMBL2971,Cn1cc(-c2cn3nccc3c(-c3cnn(C4(CC#N)CN(CC#N)C4)c3)n2)cn1,7.43,0.0,1
CHEMBL2971,Cn1cc(-c2cn3nccc3c(-c3cnn(C4(CC#N)CN(S(=O)(=O)C5CC5)C4)c3)n2)cn1,6.9,0.5798275605729689,2
CHEMBL2971,Cn1cc(-c2cn3nccc3c(-c3cnn(C4(CC#N)CN(S(C)(=O)=O)C4)c3)n2)cn1,7.38,0.0,1
CHEMBL2971,Cn1cc(-c2cn3nccc3c(-c3cnn(C4CCCC4CO)c3)n2)cn1,6.26,1.4142135623730951,2
CHEMBL2971,Cn1cc(-c2cn3nccc3c(-c3cnn(C4CCCC4O)c3)n2)cn1,6.76,0.7071067811865476,2
CHEMBL2971,Cn1cc(-c2cn3nccc3c(-c3cnn(C4CCCCCC4)c3)n2)cn1,6.26,0.0,1
CHEMBL2971,Cn1cc(-c2cn3nccc3c(-c3cnn([C@]4(CC#N)C[C@@H](C#N)C4)c3)n2)c(=O)[nH]1,6.78,0.0,1
CHEMBL2971,Cn1cc(-c2cn3nccc3c(-c3cnn([C@]4(CC#N)C[C@@H](C#N)C4)c3)n2)c(CO)n1,6.9,0.0,1
CHEMBL2971,Cn1cc(-c2cn3nccc3c(-c3cnn([C@]4(CC#N)C[C@@H](C#N)C4)c3)n2)c(N)n1,7.58,0.0,1
CHEMBL2971,Cn1cc(-c2cn3nccc3c(-c3cnn([C@]4(CC#N)C[C@@H](C#N)C4)c3)n2)cn1,7.13,0.0,1
CHEMBL2971,Cn1cc(-c2cn3nccc3c(-c3cnn([C@]4(CC#N)C[C@@H](C#N)C4)c3)n2)nn1,6.35,0.0,1
CHEMBL2971,Cn1cc(-c2cn3nccc3c(-c3cnn([C@]4(CC#N)C[C@@H](CC#N)C4)c3)n2)cn1,6.8,0.0,1
CHEMBL2971,Cn1cc(-c2cn3nccc3c(-c3cnn([C@]4(CC#N)C[C@@H](O)C4)c3)n2)cn1,6.43,0.0,1
CHEMBL2971,Cn1cc(-c2cn3nccc3c(-c3cnn([C@]4(CC#N)C[C@@H](c5ccn[nH]5)C4)c3)n2)cn1,6.69,0.0,1
CHEMBL2971,Cn1cc(-c2cn3nccc3c(-c3cnn([C@]4(CC#N)C[C@@](C)(C#N)C4)c3)n2)cn1,6.57,0.0,1
CHEMBL2971,Cn1cc(-c2cn3nccc3c(-c3cnn([C@]4(CC#N)C[C@H](C#N)C4)c3)n2)cn1,8.1,0.0,1
CHEMBL2971,Cn1cc(-c2cn3nccc3c(-c3cnn([C@]4(CC#N)C[C@H](CC#N)C4)c3)n2)cn1,7.42,0.0,1
CHEMBL2971,Cn1cc(-c2cn3nccc3c(-c3cnn([C@]4(CC#N)C[C@H](O)C4)c3)n2)cn1,6.31,0.0,1
CHEMBL2971,Cn1cc(-c2cn3nccc3c(-c3cnn([C@]4(CC#N)C[C@](C)(C#N)C4)c3)n2)cn1,7.72,0.0,1
CHEMBL2971,Cn1cc(-c2cn3ncnc3c(-c3ccn([C@]4(CC#N)C[C@@H](C#N)C4)c3)n2)cn1,5.62,0.0,1
CHEMBL2971,Cn1cc(-c2cn3ncnc3c(-c3ccn([C@]4(CC#N)C[C@H](C#N)C4)c3)n2)cn1,6.86,0.0,1
CHEMBL2971,Cn1cc(-c2cn3ncnc3c(-c3cnn(C4(CC#N)CN(CC#N)C4)c3)n2)cn1,5.58,0.0,1
CHEMBL2971,Cn1cc(-c2cncc(Nc3nn(C4(CC#N)CCN(C(=O)OCC(F)(F)F)CC4)cc3C(N)=O)c2)cn1,7.15,0.0,1
CHEMBL2971,Cn1cc(-c2cncc(Nc3nn(C4CCCC[C@@H]4C#N)cc3C(N)=O)c2)cn1,7.14,0.0,1
CHEMBL2971,Cn1cc(C(=O)N2CCC(CC#N)(n3cc(C(N)=O)c(Nc4ccnc(F)c4)n3)CC2)cn1,7.2,0.0,1
CHEMBL2971,Cn1cc(C(=O)N2CC[C@H](Oc3ccc(-c4ncnc(Nc5ccc(N6CCN(C7COC7)CC6)cc5)n4)cc3C#N)[C@H](F)C2)nn1,6.74,0.0,1
CHEMBL2971,Cn1cc(C(=O)N2C[C@@H](F)[C@@H](Oc3ccc(-c4ncnc(Nc5ccc(N6CCN(C7COC7)CC6)cc5)n4)cc3C#N)C(C)(C)C2)nn1,5.56,2.1213203435596424,2
CHEMBL2971,Cn1cc(C(O)C(=O)N2CC[C@H](Oc3ccc(-c4ncnc(Nc5ccc(N6CCN(C7COC7)CC6)cc5)n4)cc3C#N)[C@H](F)C2)cn1,6.57,0.0,1
CHEMBL2971,Cn1cc(C2=C(Nc3cccc(OCCNc4ccnc(F)c4)c3)C(=O)NC2=O)c2ccccc21,5.79,0.0,1
CHEMBL2971,Cn1cc(CNC(=O)c2cnn3ccc(N4CCC[C@@H]4c4cc(F)ccc4F)nc23)cn1,8.68,0.0,1
CHEMBL2971,Cn1cc(Cc2ncc(C(N)=O)c(NCCC(C)(C)O)n2)cn1,7.95,0.0,1
CHEMBL2971,Cn1cc(Cc2ncc(C(N)=O)c(NCCCCCO)n2)cn1,8.24,0.0,1
CHEMBL2971,Cn1cc(Cc2ncc(C(N)=O)c(NCc3c(Cl)cccc3Cl)n2)cn1,8.78,0.0,1
CHEMBL2971,Cn1cc(Cc2ncc(C(N)=O)c(NCc3ccc([N+](=O)[O-])cc3F)n2)cn1,8.44,0.0,1
CHEMBL2971,Cn1cc(Cc2ncc(C(N)=O)c(NCc3ccccc3)n2)cn1,8.02,0.0,1
CHEMBL2971,Cn1cc(F)cc([C@H]2CCCN2c2ccn3ncc(C(=O)NC(C)(C)C)c3n2)c1=O,7.98,0.0,1
CHEMBL2971,Cn1cc(F)cc([C@H]2CCCN2c2ccn3ncc(C(=O)NC4(C)CC4)c3n2)c1=O,7.445,1.746553749530772,2
CHEMBL2971,Cn1cc(F)cc([C@H]2CCCN2c2ccn3ncc(C(=O)NC4CC4)c3n2)c1=O,7.89,0.0,1
CHEMBL2971,Cn1cc(F)cc([C@H]2CCCN2c2ccn3ncc(C(=O)NC4CCC(O)CC4)c3n2)c1=O,7.51,1.711198410471446,2
CHEMBL2971,Cn1cc(F)cc([C@H]2CCCN2c2ccn3ncc(C(=O)NC4CCC4)c3n2)c1=O,7.35,1.654629867976521,2
CHEMBL2971,Cn1cc(F)cc([C@H]2CCCN2c2ccn3ncc(C(=O)NCC4CC4)c3n2)c1=O,8.35,0.0,1
CHEMBL2971,Cn1cc(F)cc([C@H]2CCCN2c2ccn3ncc(C(=O)N[C@@H]4CCCC[C@H]4O)c3n2)c1=O,7.97,0.0,1
CHEMBL2971,Cn1cc(F)cc([C@H]2CCCN2c2ccn3ncc(C(=O)N[C@H](CO)C(C)(C)C)c3n2)c1=O,7.12,0.0,1
CHEMBL2971,Cn1cc(F)cc([C@H]2CCCN2c2ccn3ncc(C(=O)Nc4ccc(F)cn4)c3n2)c1=O,8.0,0.0,1
CHEMBL2971,Cn1cc(F)cc([C@H]2CCCN2c2ccn3ncc(C(=O)Nc4cccnc4)c3n2)c1=O,8.06,0.0,1
CHEMBL2971,Cn1cc(NC(=O)Cc2nc3cnc4[nH]ccc4c3n2C2CCC(CC#N)CC2)cn1,8.18,0.0,1
CHEMBL2971,Cn1cc(NC(=O)Cc2nc3cnc4[nH]ccc4c3n2[C@H]2CC[C@H](CC#N)CC2)cn1,8.18,0.0,1
CHEMBL2971,Cn1cc(Nc2ncc(C(N)=O)c(NCc3c(F)cccc3F)n2)cn1,9.08,0.0,1
CHEMBL2971,Cn1cc(Nc2ncc(Cl)c(NC3CC4CN(C(=O)C(F)(F)F)CC4C3)n2)cn1,7.77,0.0,1
CHEMBL2971,Cn1cc(Nc2ncc(Cl)c(NC3CC4CN(C(=O)CC#N)CC4C3)n2)cn1,7.75,0.0,1
CHEMBL2971,Cn1cc(Nc2ncc(Cl)c(NC3CC4CN(CC(F)(F)F)CC4C3)n2)cn1,8.1,0.0,1
CHEMBL2971,Cn1cc(Nc2ncc(Cl)c(NC3CC4CN(S(C)(=O)=O)CC4C3)n2)cn1,7.92,0.0,1
CHEMBL2971,Cn1cc(Nc2ncc(Cl)c(NC3CC4CN(c5ccc(C#N)cn5)CC4C3)n2)cn1,8.52,0.0,1
CHEMBL2971,Cn1cc(Nc2ncc(Cl)c(NC3CC4CNCC4C3)n2)cn1,6.75,0.0,1
CHEMBL2971,Cn1cc(Nc2ncc(Cl)c(NC3CCC4(CC3)CCN(C(=O)C(F)(F)F)CC4)n2)cn1,8.3,0.0,1
CHEMBL2971,Cn1cc(Nc2ncc(Cl)c(NC3CCC4(CC3)CCN(C(=O)CC#N)C4)n2)cn1,8.06,0.3394112549695431,2
CHEMBL2971,Cn1cc(Nc2ncc(Cl)c(NC3CCC4(CC3)CCN(C(=O)CC#N)CC4)n2)cn1,8.22,0.0,1
CHEMBL2971,Cn1cc(Nc2ncc(Cl)c(NC3CCC4(CC3)CCN(S(C)(=O)=O)CC4)n2)cn1,8.3,0.0,1
CHEMBL2971,Cn1cc(Nc2ncc(Cl)c(NC3CCC4(CC3)CCN(c3ccc(C#N)cn3)CC4)n2)cn1,7.64,0.0,1
CHEMBL2971,Cn1cc(Nc2ncc(Cl)c(NC3CCC4(CCNC4)CC3)n2)cn1,7.555,0.41719300090006295,2
CHEMBL2971,Cn1cc(Nc2ncc(Cl)c(NC3CCC4CN(C(=O)CC#N)CC4C3)n2)cn1,8.22,0.0,1
CHEMBL2971,Cn1cc(Nc2ncc(Cl)c(NC3COC4C(N)COC34)n2)cn1,7.0,0.0,1
CHEMBL2971,Cn1cc(Nc2ncc(Cl)c(NC3COC4C(NS(C)(=O)=O)COC34)n2)cn1,7.29,0.0,1
CHEMBL2971,Cn1cc(Nc2ncc(Cl)c(NC3COC4C(OCCO)COC34)n2)cn1,7.17,0.0,1
CHEMBL2971,Cn1cc(Nc2ncc(F)c(N3C[C@@]4(CO)C[C@@]4(NC(=O)[C@@H]4CC4(F)F)C3)n2)cn1,5.63,0.0,1
CHEMBL2971,Cn1cc(Nc2ncc(F)c(N3C[C@@]4(CO)C[C@@]4(NC(=O)[C@@H]4C[C@H]4C#N)C3)n2)cn1,6.34,0.0,1
CHEMBL2971,Cn1cc(Nc2ncc(F)c(N3C[C@H]4CC[C@H](C3)N4C(=O)C3CC3)n2)cn1,6.31,0.0,1
CHEMBL2971,Cn1cc(Nc2nccc(-c3cnn(CCC#N)c3)n2)cn1,7.57,0.0,1
CHEMBL2971,Cn1cc(Nc2nccc(N3CC4CCC(C3)N4C(=O)[C@@H]3CC3(F)F)n2)cn1,7.345000000000001,0.3323401871576768,2
CHEMBL2971,Cn1cc(Nc2nccc(N3C[C@H]4CC[C@@H](C3)N4C(=O)C3(F)CC3)n2)cn1,6.28,0.0,1
CHEMBL2971,Cn1cc(Nc2nccc(N3C[C@H]4CC[C@@H](C3)N4C(=O)C3CC(F)(F)C3)n2)cn1,5.93,0.0,1
CHEMBL2971,Cn1cc(Nc2nccc(N3C[C@H]4CC[C@@H](C3)N4C(=O)C3CC3)n2)cn1,6.17,0.0,1
CHEMBL2971,Cn1cc(Nc2nccc(N3C[C@H]4CC[C@@H](C3)N4C(=O)NCC#N)n2)cn1,7.17,0.0,1
CHEMBL2971,Cn1cc(Nc2nccc(N3C[C@H]4CC[C@@H](C3)N4C(=O)NCCC#N)n2)cn1,6.58,0.0,1
CHEMBL2971,Cn1cc(Nc2nccc(N3C[C@H]4CC[C@@H](C3)N4C(=O)Nc3ccc(C(F)(F)F)cn3)n2)cn1,5.6,0.0,1
CHEMBL2971,Cn1cc(Nc2nccc(N3C[C@H]4CC[C@@H](C3)N4C(=O)[C@@H]3CC3(F)F)n2)cn1,7.11,0.0,1
CHEMBL2971,Cn1cc(Nc2nccc(N3C[C@H]4CC[C@@H](C3)N4C(=O)[C@@H]3C[C@@H]3C#N)n2)cn1,5.85,0.0,1
CHEMBL2971,Cn1cc(Nc2nccc(N3C[C@H]4CC[C@@H](C3)N4C(=O)[C@@H]3C[C@@H]3F)n2)cn1,5.55,0.0,1
CHEMBL2971,Cn1cc(Nc2nccc(N3C[C@H]4CC[C@@H](C3)N4C(=O)[C@H]3CC3(F)F)n2)cn1,5.5,0.0,1
CHEMBL2971,Cn1cc(Nc2nccc(N3C[C@H]4CC[C@@H](C3)N4C(=O)[C@H]3C[C@H]3C#N)n2)cn1,5.63,0.0,1
CHEMBL2971,Cn1cc(Nc2nccc(N3C[C@H]4CC[C@@H](C3)N4C(=O)[C@H]3C[C@H]3F)n2)cn1,5.61,0.0,1
CHEMBL2971,Cn1cc(Nc2nccc(N3C[C@H]4CC[C@@H](C3)N4C(N)=O)n2)cn1,5.83,0.0,1
CHEMBL2971,Cn1cc(Nc2nccc(N3C[C@H]4CC[C@@H](C3)N4C3(CC#N)CN(S(C)(=O)=O)C3)n2)cn1,7.68,0.0,1
CHEMBL2971,Cn1cc(Nc2nccc(N3C[C@H]4CC[C@@H](C3)N4C3(CC#N)COC3)n2)cn1,6.81,0.0,1
CHEMBL2971,Cn1cc(Nc2nccc(N3C[C@H]4CC[C@@H](C3)N4C3CC(C#N)C3)n2)cn1,6.63,0.0,1
CHEMBL2971,Cn1cc(Nc2nccc(N3C[C@H]4CC[C@@H](C3)N4C3CN(S(C)(=O)=O)C3)n2)cn1,6.8,0.0,1
CHEMBL2971,Cn1cc(Nc2nccc(N3C[C@H]4CC[C@@H](C3)N4CC3C[C@@H]3C#N)n2)cn1,5.81,0.0,1
CHEMBL2971,Cn1cc(Nc2nccc(N3C[C@H]4CC[C@@H](C3)N4CC3C[C@H]3C#N)n2)cn1,5.24,0.0,1
CHEMBL2971,Cn1cc(Nc2nccc(N3C[C@H]4CC[C@@H](C3)N4C[C@@H]3CC3(F)F)n2)cn1,6.5,0.0,1
CHEMBL2971,Cn1cc(Nc2nccc(N3C[C@H]4CC[C@@H](C3)N4C[C@H]3CC3(F)F)n2)cn1,6.07,0.0,1
CHEMBL2971,Cn1cc(Nc2nccc(N3C[C@H]4CC[C@@H](C3)N4Cc3ccno3)n2)cn1,6.41,0.0,1
CHEMBL2971,Cn1cc(Nc2nccc(N3C[C@H]4CC[C@@H](C3)N4Cc3ccns3)n2)cn1,6.66,0.0,1
CHEMBL2971,Cn1cc(Nc2nccc(N3C[C@H]4CC[C@@H](C3)N4Cc3cnoc3)n2)cn1,6.09,0.0,1
CHEMBL2971,Cn1cc(Nc2nccc(N3C[C@H]4CC[C@@H](C3)N4Cc3nccs3)n2)cn1,5.97,0.0,1
CHEMBL2971,Cn1cc(Nc2nccc(N3C[C@H]4CC[C@@H](C3)N4S(C)(=O)=O)n2)cn1,6.18,0.0,1
CHEMBL2971,Cn1cc(Nc2nccc(N3C[C@H]4CC[C@@H](C3)N4c3cc(C#N)ccn3)n2)cn1,6.58,0.0,1
CHEMBL2971,Cn1cc(Nc2nccc(N3C[C@H]4CC[C@@H](C3)N4c3ncc(C#N)o3)n2)cn1,6.34,0.0,1
CHEMBL2971,Cn1cc(Nc2nccc(N3C[C@H]4CC[C@H](C3)N4C(=O)C3CC3)n2)cn1,6.17,0.0,1
CHEMBL2971,Cn1cc(Nc2nccc(N3C[C@H]4CC[C@H](C3)N4C(=O)NCC#N)n2)cn1,7.17,0.0,1
CHEMBL2971,Cn1cc(Nc2nccc(N3C[C@H]4CC[C@H](C3)N4C(=O)NCC(F)(F)F)n2)cn1,6.84,0.0,1
CHEMBL2971,Cn1cc(Nc2nccc(N3C[C@H]4CC[C@H](C3)N4C(=O)[C@@H]3CC3(F)F)n2)cn1,7.11,0.0,1
CHEMBL2971,Cn1cc(Nc2nccc(N3C[C@H]4CC[C@H](C3)N4C(=O)[C@H]3CC3(F)F)n2)cn1,5.5,0.0,1
CHEMBL2971,Cn1cc(S(=O)(=O)C[C@H]2C[C@@H](N(C)c3ncnc4[nH]ccc34)C2)ccc1=O,9.94,0.0,1
CHEMBL2971,Cn1cc2c(Nc3nc(N[C@@H]4CCOC[C@@H]4N)cc4cc[nH]c(=O)c34)cccc2n1,5.82,0.0,1
CHEMBL2971,Cn1cc2c(n1)C(C)(C)CN(S(=O)(=O)C[C@H]1C[C@@H](N(C)c3ncnc4[nH]ccc34)C1)C2,9.45,0.0,1
CHEMBL2971,Cn1cc2c(n1)CN(S(=O)(=O)N[C@H]1C[C@@H](N(C)c3ncnc4[nH]ccc34)C1)C2,5.97,0.0,1
CHEMBL2971,Cn1cc2cc(S(=O)(=O)C[C@H]3C[C@@H](N(C)c4ncnc5[nH]ccc45)C3)ccc2n1,9.84,0.0,1
CHEMBL2971,Cn1ccc(-c2cc(-c3cnn(C4(CC#N)CC(C#N)C4)n3)c3cccnc3c2)n1,6.855,0.3464823227814075,2
CHEMBL2971,Cn1ccc(-c2cc(-c3cnn(C4(CC#N)CN(S(C)(=O)=O)C4)n3)c3cccnc3c2)n1,6.54,0.0,1
CHEMBL2971,Cn1ccc(-c2cc3ncccc3c(-c3ccn(C4(CC#N)CN(CC(F)(F)F)C4)n3)n2)n1,5.59,0.0,1
CHEMBL2971,Cn1ccc(-c2ccc(Nc3nn(C4(CC#N)CCN(C(=O)OC(C)(C)C)CC4)cc3C(N)=O)cc2)n1,6.86,0.0,1
CHEMBL2971,Cn1ccc(-c2ccc(Nc3nn([C@@H](CC#N)C4CC4)c4cc[nH]c(=O)c34)cc2Cl)n1,5.34,0.0,1
CHEMBL2971,Cn1ccc(-c2cn(-c3ccccc3Cl)c(=O)c3c(N)n[nH]c23)n1,6.04,0.0,1
CHEMBL2971,Cn1ccc(C2CCN(S(=O)(=O)C[C@H]3C[C@@H](N(C)c4ncnc5[nH]ccc45)C3)CC2)n1,10.18,0.0,1
CHEMBL2971,Cn1ccc(CN2CC[C@@H](C#N)[C@H](n3cc(C(N)=O)c(Nc4ccc(F)cc4)n3)C2)n1,7.85,0.0,1
CHEMBL2971,Cn1ccc(CN2CC[C@@H](n3cc(C(N)=O)c(Nc4ccc(F)cc4)n3)[C@H](C#N)C2)n1,6.83,0.0,1
CHEMBL2971,Cn1ccc(COc2ccc(-c3cccc4nc(NC(=O)C5CC5)nn34)cc2)n1,6.52,0.0,1
CHEMBL2971,Cn1ccc(NC(=O)Cc2cccc(Nc3nn([C@@H]4CCCC[C@H]4C#N)c4cc[nH]c(=O)c34)c2)n1,4.52,0.0,1
CHEMBL2971,Cn1ccc(NC(=O)Cc2cccc(Nc3nn([C@H]4CCCC[C@@H]4C#N)c4cc[nH]c(=O)c34)c2)n1,5.48,0.0,1
CHEMBL2971,Cn1ccc(NC(=O)c2cnn3ccc(N4CCC[C@@H]4c4cc(F)ccc4F)nc23)n1,8.81,0.0,1
CHEMBL2971,Cn1ccc2cc(-c3cc(C(N)=O)c4[nH]c5cc(C(=O)N6CCOCC6)ccc5c4n3)ccc21,9.0,0.0,1
CHEMBL2971,Cn1ccc2cc(Nc3ncc(F)c(-c4cnn(CCC#N)c4)n3)ccc21,6.94,0.0,1
CHEMBL2971,Cn1ccc2ncc(-c3cccnc3N[C@H]3CCCN(S(C)(=O)=O)C3)nc21,8.71,0.0,1
CHEMBL2971,Cn1cnc(-c2cc3ncccc3c(-c3ccn(C4(CC#N)CN(CC(F)(F)F)C4)n3)n2)c1,5.88,0.0,1
CHEMBL2971,Cn1cnc(CNC(=O)c2cnn3ccc(N4CCC[C@@H]4c4cc(F)ccc4F)nc23)c1,8.53,0.0,1
CHEMBL2971,Cn1cnc(COc2ccc(-c3cccc4nc(NC(=O)C5CC5)nn34)cc2)n1,6.52,0.0,1
CHEMBL2971,Cn1cnc(Nc2ncc(Cl)c(NC3CC4CN(C(=O)CC#N)CC4C3)n2)c1,6.43,0.0,1
CHEMBL2971,Cn1cnc(Nc2ncc(Cl)c(NC3CCC4(CC3)CCN(C(=O)CC#N)CC4)n2)c1,7.92,0.0,1
CHEMBL2971,Cn1cnc(S(=O)(=O)N2CCC(CC#N)(n3cc(C(N)=O)c(Nc4ccccc4)n3)CC2)c1,8.05,0.0,1
CHEMBL2971,Cn1cnc2c(Nc3cc[nH]n3)cc(OC3CCC(C)(NC[C@@H](O)C(F)(F)F)CC3)cc21,6.62,0.0,1
CHEMBL2971,Cn1cnc2c(Nc3ccn(-c4ccccn4)n3)cc(O[C@H]3CC[C@@H](NC[C@@H](O)C(F)(F)F)CC3)cc21,6.66,0.0,1
CHEMBL2971,Cn1cnc2cc(-c3cc4ncccc4c(-c4ccn(C5(CC#N)CN(S(C)(=O)=O)C5)n4)n3)cnc21,5.33,0.0,1
CHEMBL2971,Cn1cncc1C(=O)N1CC[C@H](Oc2ccc(-c3ncnc(Nc4ccc(N5CCN(C6COC6)CC5)cc4)n3)cc2C#N)[C@H](F)C1,6.39,0.0,1
CHEMBL2971,Cn1cncc1CCNC(=O)c1cnn2ccc(N3CCC[C@@H]3c3cc(F)ccc3F)nc12,8.96,0.0,1
CHEMBL2971,Cn1nc(-c2cc(-c3cnn(C4(CC#N)CC(C#N)C4)n3)c3cccnc3c2)cc1CO,6.79,0.0,1
CHEMBL2971,Cn1nc(-c2cc3ncccc3c(-c3ccn(C4(CC#N)CC(C#N)C4)n3)n2)cc1CN,6.69,0.0,1
CHEMBL2971,Cn1nc(-c2cc3ncccc3c(-c3ccn(C4(CC#N)CC(C#N)C4)n3)n2)cc1CO,6.575,0.8273149339882605,2
CHEMBL2971,Cn1nc(-c2cc3ncccc3c(-c3ccn(C4(CC#N)CC(C#N)C4)n3)n2)cc1N,7.21,0.636396103067893,2
CHEMBL2971,Cn1nc(-c2cc3ncccc3c(-c3ccn(C4(CC#N)CC(C)(C#N)C4)n3)n2)cc1N,5.985,0.8838834764831844,2
CHEMBL2971,Cn1nc(-c2cnc3[nH]cc(C(=O)N[C@@H](C(=O)N4CC(C#N)C4)C(C)(C)C)c3n2)c2ccc(Cl)cc21,8.89,0.0,1
CHEMBL2971,Cn1nc(-c2cnc3[nH]cc(C(=O)N[C@@H](C(=O)N4CC(C#N)C4)C4CC4)c3n2)c2ccc(Cl)cc21,8.96,0.0,1
CHEMBL2971,Cn1nc(C(F)(F)F)cc1-c1cc(C(N)=O)c2[nH]c3cc(C(=O)N4CCOCC4)ccc3c2n1,6.5,0.0,1
CHEMBL2971,Cn1nc(C2CC2)cc1NC(=O)c1ccc(-c2cccc3nc(NC(=O)C4CC4)nn23)cc1,6.52,0.0,1
CHEMBL2971,Cn1nc(C2CCCCC2)c2c3cc[nH]c3ncc21,7.3,0.0,1
CHEMBL2971,Cn1nc(C2NN(C3CCCN(C(=O)CC#N)C3)c3ncnc(N)c32)cc1C(C)(C)O,8.1,0.0,1
CHEMBL2971,Cn1nc(C2NN(C3CCCN(C(=O)CC#N)C3)c3ncnc(N)c32)cc1C=O,8.01,0.0,1
CHEMBL2971,Cn1nc(CO)cc1-c1cc2ncccc2c(-c2ccn(C3(CC#N)CC(C#N)C3)n2)n1,6.475,0.6151828996322967,2
CHEMBL2971,Cn1ncc(-c2cc(-c3cnn(C4(CC#N)CC(C#N)C4)n3)c3cccnc3c2)c1C(N)=O,5.33,0.0,1
CHEMBL2971,Cn1ncc(-c2cc(-c3cnn(C4(CC#N)CC(C#N)C4)n3)c3cccnc3c2)c1CO,5.06,0.0,1
CHEMBL2971,Cn1ncc(-c2cc(-c3cnn(C4(CC#N)CC(C#N)C4)n3)c3cccnc3c2)c1N,5.96,0.24041630560342606,2
CHEMBL2971,Cn1ncc(-c2cc3ncccc3c(-c3ccn(C4(CC#N)CC(C#N)C4)n3)n2)c1CO,6.58,0.0,1
CHEMBL2971,Cn1ncc(-c2cc3ncccc3c(-c3ccn(C4(CC#N)CC(C#N)C4)n3)n2)c1N,7.21,0.4384062043356589,2
CHEMBL2971,Cn1ncc(-c2cc3ncccc3c(-c3ccn(C4(CC#N)CN(CC(F)(F)F)C4)n3)n2)n1,5.5,0.0,1
CHEMBL2971,Cn1ncc(-c2cc3ncccc3c(-c3ccn(C4(CC#N)CN(S(C)(=O)=O)C4)n3)n2)c1N,6.68,0.0,1
CHEMBL2971,Cn1ncc2c(-c3cccn4nc(Nc5ccc6c(c5)CCN(C(=O)OC(C)(C)C)CC6)nc34)cccc21,7.78,0.0,1
CHEMBL2971,Cn1ncc2c(-c3cccn4nc(Nc5ccc6c(c5)CCNCC6)nc34)cccc21,7.78,0.0,1
CHEMBL2971,Cn1ncc2c(S(=O)(=O)C[C@H]3C[C@@H](N(C)c4ncnc5[nH]ccc45)C3)cccc21,9.02,0.0,1
CHEMBL2971,Cn1ncc2c1CN(C1CCOCC1)c1nccc3[nH]nc-2c13,6.04,0.0,1
CHEMBL2971,Cn1ncc2c1CN(S(=O)(=O)C[C@H]1C[C@@H](N(C)c3ncnc4[nH]ccc34)C1)C2,9.68,0.0,1
CHEMBL2971,Cn1ncc2cc(S(=O)(=O)C[C@H]3C[C@@H](N(C)c4ncnc5[nH]ccc45)C3)ccc21,9.25,0.0,1
CHEMBL2971,Cn1ncc2ccc(-c3cc(C(N)=O)c4[nH]c5cc(C(=O)N6CCOCC6)ccc5c4n3)cc21,8.15,0.0,1
CHEMBL2971,Cn1ncc2ccc(S(=O)(=O)C[C@H]3C[C@@H](N(C)c4ncnc5[nH]ccc45)C3)cc21,9.62,0.0,1
CHEMBL2971,Cn1ncc2cccc(S(=O)(=O)C[C@H]3C[C@@H](N(C)c4ncnc5[nH]ccc45)C3)c21,9.83,0.0,1
CHEMBL2971,Cn1nccc1-c1cc2ncccc2c(-c2ccn(C3(CC#N)CN(CC(F)(F)F)C3)n2)n1,5.68,0.0,1
CHEMBL2971,Cn1nccc1C1CC(CC#N)(n2ccc(-c3nc(-c4cn[nH]c4)cc4ncccc34)n2)C1,5.84,0.0,1
CHEMBL2971,Cn1nccc1CN1CCC(CC#N)(n2cc(C(N)=O)c(Nc3ccnc(F)c3)n2)CC1,7.43,0.0,1
CHEMBL2971,Cn1nccc1CN1CC[C@@H](C#N)[C@H](n2cc(C(N)=O)c(Nc3ccc(F)cc3)n2)C1,7.7,0.0,1
CHEMBL2971,FC(F)(Br)CNC[C@H]1CC[C@H](c2nnn3cnc4[nH]ccc4c23)CC1,7.92,0.0,1
CHEMBL2971,FC(F)(Br)CN[C@H]1CC[C@@H](c2nnn3cnc4[nH]ccc4c23)CC1,7.2,0.0,1
CHEMBL2971,FC(F)(Br)CN[C@H]1CC[C@H](c2nnn3cnc4[nH]ccc4c23)CC1,8.55,0.0,1
CHEMBL2971,FC(F)(F)C(F)(F)CNC[C@H]1CC[C@H](c2nnn3cnc4[nH]ccc4c23)CC1,7.47,0.0,1
CHEMBL2971,FC(F)(F)C(F)(F)CN[C@H]1CC[C@@H](c2nnn3cnc4[nH]ccc4c23)CC1,6.43,0.0,1
CHEMBL2971,FC(F)(F)C(F)(F)CN[C@H]1CC[C@H](c2nnn3cnc4[nH]ccc4c23)CC1,7.89,0.0,1
CHEMBL2971,FC(F)(F)C(NC[C@H]1CC[C@H](c2nnn3cnc4[nH]ccc4c23)CC1)C(F)(F)F,7.8,0.0,1
CHEMBL2971,FC(F)(F)C(N[C@H]1CC[C@H](c2nnn3cnc4[nH]ccc4c23)CC1)C(F)(F)F,6.72,0.0,1
CHEMBL2971,FC(F)(F)C1(NC[C@H]2CC[C@H](c3nnn4cnc5[nH]ccc5c34)CC2)CC1,7.77,0.0,1
CHEMBL2971,FC(F)(F)C1CCC(N2CCC(c3nnn4cnc5[nH]ccc5c34)CC2)CC1,6.22,0.0,1
CHEMBL2971,FC(F)(F)C1CCN(C[C@H]2CC[C@H](c3nnn4cnc5[nH]ccc5c34)CC2)CC1,7.09,0.0,1
CHEMBL2971,FC(F)(F)CCNC[C@H]1CC[C@H](c2nnn3cnc4[nH]ccc4c23)CC1,7.21,0.0,1
CHEMBL2971,FC(F)(F)CN(CC1CC1)C[C@H]1CC[C@H](c2nnn3cnc4[nH]ccc4c23)CC1,7.02,0.0,1
CHEMBL2971,FC(F)(F)CN(CC1CC1)[C@H]1CC[C@H](c2nnn3cnc4[nH]ccc4c23)CC1,7.51,0.0,1
CHEMBL2971,FC(F)(F)CN1C/C=C/CCOc2cccc(c2)-c2ccnc(n2)Nc2ccc(OCCN3CCCC3)c(c2)C1,6.66,0.0,1
CHEMBL2971,FC(F)(F)CN1CCC(c2nnn3cnc4[nH]ccc4c23)CC1,6.984999999999999,0.48790367901871773,2
CHEMBL2971,FC(F)(F)CN1CCC[C@H](Nc2ncccc2-c2cnc3[nH]ccc3n2)C1,10.46,0.0,1
CHEMBL2971,FC(F)(F)CNC[C@H]1CC[C@H](c2nnn3cnc4[nH]ccc4c23)CC1,8.08,0.0,1
CHEMBL2971,FC(F)(F)CN[C@H]1CC[C@H](c2nnn3cnc4[nH]ccc4c23)CC1,8.0,0.0,1
CHEMBL2971,FC(F)(F)CNc1nc(Nc2ccc(N3CCOCC3)c(Cl)c2)nc2ccoc12,5.63,0.0,1
CHEMBL2971,FC(F)(F)CNc1nc(Nc2ccc3cn[nH]c3c2)nc2ccoc12,5.31,0.0,1
CHEMBL2971,FC(F)(F)COC1CN(C[C@H]2CC[C@H](c3nnn4cnc5[nH]ccc5c34)CC2)C1,6.77,0.0,1
CHEMBL2971,FC(F)(F)Oc1ccc(CN2CCC(c3nnn4cnc5[nH]ccc5c34)CC2)cc1,7.800000000000001,0.5798275605729695,2
CHEMBL2971,FC(F)(F)Oc1ccc(CNC[C@H]2CC[C@H](c3nnn4cnc5[nH]ccc5c34)CC2)cc1,7.04,0.0,1
CHEMBL2971,FC(F)(F)Oc1ccc(NC[C@H]2CC[C@H](c3nnn4cnc5[nH]ccc5c34)CC2)c(Cl)c1,6.4,0.0,1
CHEMBL2971,FC(F)(F)Oc1ccc(NC[C@H]2CC[C@H](c3nnn4cnc5[nH]ccc5c34)CC2)cc1,6.505,0.19091883092036754,2
CHEMBL2971,FC(F)(F)Sc1ccc(CN2CCC(c3nnn4cnc5[nH]ccc5c34)CC2)cc1,7.525,0.03535533905932694,2
CHEMBL2971,FC(F)(F)[C@H]1CC[C@H](c2nnn3cnc4[nH]ccc4c23)CC1,6.96,0.876812408671319,2
CHEMBL2971,FC(F)(F)c1cc(CN2CCC(c3nnn4cnc5[nH]ccc5c34)CC2)cc(C(F)(F)F)c1,6.64,0.0,1
CHEMBL2971,FC(F)(F)c1cc(CN2CCC(c3nnn4cnc5[nH]ccc5c34)CC2)ccc1Cl,7.38,0.16970562748477155,2
CHEMBL2971,FC(F)(F)c1cc2c(cn1)CN(C1CCOCC1)c1nccc3[nH]nc-2c13,4.64,0.0,1
CHEMBL2971,FC(F)(F)c1ccc(-c2cccn3nc(Nc4cnn(CCN5CCCC5)c4)nc23)cc1,8.04,0.0,1
CHEMBL2971,FC(F)(F)c1ccc(CCN2CCC(c3nnn4cnc5[nH]ccc5c34)CC2)cc1,6.605,0.3040559159102156,2
CHEMBL2971,FC(F)(F)c1ccc(CN2CCC(c3[nH]c(=S)n4cnc5[nH]ccc5c34)CC2)cc1,6.77,0.0,1
CHEMBL2971,FC(F)(F)c1ccc(CN2CCC(c3nnn4cnc5[nH]ccc5c34)CC2)cc1,7.32,0.5656854249492382,2
CHEMBL2971,FC(F)(F)c1ccc(CN2CCC(c3nnn4cnc5[nH]ccc5c34)CC2)cn1,7.75,0.0,1
CHEMBL2971,FC(F)(F)c1ccc(CN2CCC(c3nnn4cnc5[nH]ccc5c34)CC2)o1,7.16,1.5414927829866734,2
CHEMBL2971,FC(F)(F)c1ccc(CN2CCCC(c3nnn4cnc5[nH]ccc5c34)C2)cc1,6.66,0.0,1
CHEMBL2971,FC(F)(F)c1ccc(CNC[C@H]2CC[C@H](c3nnn4cnc5[nH]ccc5c34)CC2)cc1,6.665,0.7000357133746822,2
CHEMBL2971,FC(F)(F)c1ccc(CN[C@H]2CC[C@@H](c3nnn4cnc5[nH]ccc5c34)CC2)cc1,6.13,0.0,1
CHEMBL2971,FC(F)(F)c1ccc(CN[C@H]2CC[C@H](c3nnn4cnc5[nH]ccc5c34)CC2)cc1,7.37,0.0,1
CHEMBL2971,FC(F)(F)c1ccc(NC[C@H]2CC[C@H](c3nnn4cnc5[nH]ccc5c34)CC2)cc1,6.38,0.0,1
CHEMBL2971,FC(F)(F)c1cccc(-c2cccn3nc(Nc4ccc5c(c4)CCNCC5)nc23)c1,7.37,0.0,1
CHEMBL2971,FC(F)(F)c1cccc(CCNC2CCC(c3nnn4cnc5[nH]ccc5c34)CC2)c1,6.37,0.0,1
CHEMBL2971,FC(F)(F)c1cccc(CN2CCC(c3nnn4cnc5[nH]ccc5c34)CC2)c1,7.1850000000000005,0.5161879502661797,2
CHEMBL2971,FC(F)(F)c1nc2cc(NC[C@H]3CC[C@H](c4nnn5cnc6[nH]ccc6c45)CC3)ccc2[nH]1,8.13,0.0,1
CHEMBL2971,FC(F)(F)c1nc2cnc3[nH]ccc3c2n1C1CCCCC1,4.94,0.0,1
CHEMBL2971,FC(F)C(F)(F)Oc1ccc(CN2CCC(c3nnn4cnc5[nH]ccc5c34)CC2)cc1,7.28,0.0,1
CHEMBL2971,FC(F)CNC[C@H]1CC[C@H](c2nnn3cnc4[nH]ccc4c23)CC1,7.82,0.0,1
CHEMBL2971,FC(F)CN[C@H]1CC[C@H](c2nnn3cnc4[nH]ccc4c23)CC1,7.54,0.0,1
CHEMBL2971,FC(F)COc1ccc(C(F)(F)F)cc1-c1cccn2nc(Nc3ccc4c(c3)CCNCC4)nc12,6.59,0.0,1
CHEMBL2971,FC(F)COc1ccc(C(F)F)cc1-c1cccn2nc(Nc3ccc4c(c3)CCNCC4)nc12,6.69,0.0,1
CHEMBL2971,FC(F)COc1ccc(Cl)cc1-c1cccn2nc(Nc3ccc4c(c3)CCNCC4)nc12,7.36,0.0,1
CHEMBL2971,FC(F)COc1ccccc1-c1cccn2nc(Nc3ccc4c(c3)CCNCC4)nc12,6.89,0.0,1
CHEMBL2971,FC(F)Oc1ccc(CN2CCC(c3nnn4cnc5[nH]ccc5c34)CC2)cc1,7.07,0.0,1
CHEMBL2971,FC(F)[C@H]1CC[C@H](c2nnn3cnc4[nH]ccc4c23)CC1,7.949999999999999,0.35355339059327345,2
CHEMBL2971,FC1(F)CC1CN1[C@@H]2CC[C@H]1CN(c1ccnc(Nc3cn[nH]c3)n1)C2,6.415,0.33234018715767777,2
CHEMBL2971,FC1(F)CCC(c2nnn3cnc4[nH]ccc4c23)CC1,6.92,0.0,1
CHEMBL2971,FC1(F)CCN(C[C@H]2CC[C@H](c3nnn4cnc5[nH]ccc5c34)CC2)C1,7.48,0.0,1
CHEMBL2971,FC1(F)CCN(C[C@H]2CC[C@H](c3nnn4cnc5[nH]ccc5c34)CC2)CC1,7.0,0.0,1
CHEMBL2971,FC1(F)CN(C[C@H]2CC[C@H](c3nnn4cnc5[nH]ccc5c34)CC2)C1,7.28,0.0,1
CHEMBL2971,FC1(F)Oc2ccc(CN3CCC(c4nnn5cnc6[nH]ccc6c45)CC3)cc2O1,7.68,0.0,1
CHEMBL2971,FC1(F)Oc2ccc(NC[C@H]3CC[C@H](c4nnn5cnc6[nH]ccc6c45)CC3)cc2O1,7.19,0.0,1
CHEMBL2971,FC1(F)Oc2cccc(-c3cccn4nc(Nc5ccc6c(c5)CCNCC6)nc34)c2O1,7.36,0.0,1
CHEMBL2971,FC1(F)Oc2cccc(CN3CCC(c4nnn5cnc6[nH]ccc6c45)CC3)c2O1,7.06,0.0,1
CHEMBL2971,FC1CN(C[C@H]2CC[C@H](c3nnn4cnc5[nH]ccc5c34)CC2)C1,7.22,0.0,1
CHEMBL2971,FCCNC[C@H]1CC[C@H](c2nnn3cnc4[nH]ccc4c23)CC1,6.74,0.7353910524340098,2
CHEMBL2971,FC[C@H]1CC[C@H](c2nnn3cnc4[nH]ccc4c23)CC1,7.85,0.0,1
CHEMBL2971,F[C@@H]1CCN(C[C@H]2CC[C@H](c3nnn4cnc5[nH]ccc5c34)CC2)C1,6.775,0.4313351365237945,2
CHEMBL2971,F[C@H]1CCN(C[C@H]2CC[C@H](c3nnn4cnc5[nH]ccc5c34)CC2)C1,7.39,0.0,1
CHEMBL2971,Fc1cc(-c2cccc3ncc(-c4cnn(C5CCNCC5)c4)nc23)cc(F)c1CN1CCOCC1,8.9875,0.5661198341929616,4
CHEMBL2971,Fc1cc(C(F)(F)F)cc(F)c1CN1CCC(c2nnn3cnc4[nH]ccc4c23)CC1,7.92,0.0,1
CHEMBL2971,Fc1cc(C(F)(F)F)ccc1CN1CCC(c2nnn3cnc4[nH]ccc4c23)CC1,7.7,0.0,1
CHEMBL2971,Fc1cc(CN2CCC(c3nnn4cnc5[nH]ccc5c34)CC2)ccc1C(F)(F)F,7.52,0.0,1
CHEMBL2971,Fc1cc(CN2CCC(c3nnn4cnc5[nH]ccc5c34)CC2)ccc1Cl,7.96,0.0,1
CHEMBL2971,Fc1cc(Cl)ccc1CN1CCC(c2nnn3cnc4[nH]ccc4c23)CC1,8.36,0.0,1
CHEMBL2971,Fc1cc(NC[C@H]2CC[C@H](c3nnn4cnc5[nH]ccc5c34)CC2)cc(F)c1F,6.75,0.0,1
CHEMBL2971,Fc1cc2cc(c1)-c1ccnc(n1)Nc1ccc(OCCN3CCCC3)c(c1)COCC=CCOC2,7.62,0.0,1
CHEMBL2971,Fc1ccc(-c2cccn3nc(Nc4ccc(C5CCNCC5)cc4)nc23)cc1,8.09,0.0,1
CHEMBL2971,Fc1ccc(-n2cc(-c3cccn4nc(Nc5ccc(C6CCNCC6)cc5)nc34)cn2)cc1,8.67,0.0,1
CHEMBL2971,Fc1ccc(C(F)(F)F)cc1-c1cccn2nc(Nc3ccc4c(c3)CCNCC4)nc12,8.12,0.0,1
CHEMBL2971,Fc1ccc(C2(NC[C@H]3CC[C@H](c4nnn5cnc6[nH]ccc6c45)CC3)CC2)cc1,7.47,0.0,1
CHEMBL2971,Fc1ccc(C2(NC[C@H]3CC[C@H](c4nnn5cnc6[nH]ccc6c45)CC3)CCC2)cc1,7.47,0.0,1
CHEMBL2971,Fc1ccc(C2(NC[C@H]3CC[C@H](c4nnn5cnc6[nH]ccc6c45)CC3)COC2)cc1,8.15,0.0,1
CHEMBL2971,Fc1ccc(CCNC[C@H]2CC[C@H](c3nnn4cnc5[nH]ccc5c34)CC2)cc1,7.57,0.0,1
CHEMBL2971,Fc1ccc(CCN[C@H]2CC[C@H](c3nnn4cnc5[nH]ccc5c34)CC2)cc1,7.18,0.0,1
CHEMBL2971,Fc1ccc(CN2CCC(c3nnn4cnc5[nH]ccc5c34)CC2)c(Cl)c1,7.7,0.0,1
CHEMBL2971,Fc1ccc(CN2CCC(c3nnn4cnc5[nH]ccc5c34)CC2)c(F)c1,7.52,0.0,1
CHEMBL2971,Fc1ccc(CN2CCC(c3nnn4cnc5[nH]ccc5c34)CC2)cc1,7.324999999999999,0.7424621202458744,2
CHEMBL2971,Fc1ccc(CN2CCC(c3nnn4cnc5[nH]ccc5c34)CC2)cc1C(F)(F)F,7.62,0.0,1
CHEMBL2971,Fc1ccc(CN2CCC(c3nnn4cnc5[nH]ccc5c34)CC2)cc1F,7.64,0.0,1
CHEMBL2971,Fc1ccc(CN2CCC(c3nnn4cnc5[nH]ccc5c34)CC2)cn1,6.99,1.1737972567696688,2
CHEMBL2971,Fc1ccc(CN2CCC(c3nnn4cnc5[nH]ccc5c34)CC2)nc1,6.7,0.0,1
CHEMBL2971,Fc1ccc(CNC[C@H]2CC[C@H](c3nnn4cnc5[nH]ccc5c34)CC2)cc1,6.87,0.6646803743153543,2
CHEMBL2971,Fc1ccc(CNC[C@H]2CC[C@H](c3nnn4cnc5[nH]ccc5c34)CC2)cc1C(F)(F)F,6.85,0.3535533905932738,2
CHEMBL2971,Fc1ccc(CN[C@H]2CC[C@@H](c3nnn4cnc5[nH]ccc5c34)CC2)cc1,6.26,0.0,1
CHEMBL2971,Fc1ccc(CN[C@H]2CC[C@H](c3nnn4cnc5[nH]ccc5c34)CC2)cc1,7.38,0.0,1
CHEMBL2971,Fc1ccc(NC2CCC(c3nnn4cnc5[nH]ccc5c34)CC2)cc1,7.5,0.0,1
CHEMBL2971,Fc1ccc(NC[C@H]2CC[C@H](c3nnn4cnc5[nH]ccc5c34)CC2)c(C(F)(F)F)c1,6.255000000000001,0.261629509039023,2
CHEMBL2971,Fc1ccc(NC[C@H]2CC[C@H](c3nnn4cnc5[nH]ccc5c34)CC2)cc1,7.345,0.007071067811865324,2
CHEMBL2971,Fc1ccc(NC[C@H]2CC[C@H](c3nnn4cnc5[nH]ccc5c34)CC2)cc1C(F)(F)F,6.7,0.0,1
CHEMBL2971,Fc1ccc(NC[C@H]2CC[C@H](c3nnn4cnc5[nH]ccc5c34)CC2)cc1F,7.25,0.0,1
CHEMBL2971,Fc1ccc(N[C@H]2CC[C@@H](c3nnn4cnc5[nH]ccc5c34)CC2)cc1,6.66,0.0,1
CHEMBL2971,Fc1ccc(N[C@H]2CC[C@H](c3nnn4cnc5[nH]ccc5c34)CC2)cc1,7.24,0.0,1
CHEMBL2971,Fc1ccc([C@@H]2C[C@H]2CN[C@H]2CC[C@H](c3nnn4cnc5[nH]ccc5c34)CC2)cc1,6.85,0.0,1
CHEMBL2971,Fc1ccc2c(c1)-c1n[nH]c3ccnc(c13)N(C1CCOCC1)C2,6.05,0.0,1
CHEMBL2971,Fc1ccc2c(c1)CCN2C[C@H]1CC[C@H](c2nnn3cnc4[nH]ccc4c23)CC1,7.03,0.0,1
CHEMBL2971,Fc1ccc2cc1COCC=CCOCc1cc(ccc1OCCN1CCCC1)Nc1nccc-2n1,7.6,0.0,1
CHEMBL2971,Fc1cccc(CN2CCC(c3nnn4cnc5[nH]ccc5c34)CC2)c1,7.609999999999999,0.1272792206135793,2
CHEMBL2971,Fc1cccc(Cl)c1-c1nc2c3ccccc3c3ccccc3c2[nH]1,6.05,0.0,1
CHEMBL2971,Fc1ccccc1CN1CCC(c2nnn3cnc4[nH]ccc4c23)CC1,7.85,0.0,1
CHEMBL2971,Fc1cnc2nc1-c1cccc(c1)COCC=CCOCc1cc(ccc1OCCN1CCCC1)N2,7.77,0.0,1
CHEMBL2971,Fc1cnccc1CN1CCC(c2nnn3cnc4[nH]ccc4c23)CC1,7.96,0.0,1
CHEMBL2971,IC[C@H]1CC[C@H](c2nnn3cnc4[nH]ccc4c23)CC1,8.37,0.0,1
CHEMBL2971,Ic1ccc(CN2CCC(c3nnn4cnc5[nH]ccc5c34)CC2)o1,7.2,1.5697770542341358,2
CHEMBL2971,N#C/C(=C\N1CCC(c2nnn3cnc4[nH]ccc4c23)CC1)c1ccc(Cl)cc1,6.43,0.0,1
CHEMBL2971,N#C/C(=C\N1CCC(c2nnn3cnc4[nH]ccc4c23)CC1)c1ccccc1,6.89,0.0,1
CHEMBL2971,N#C/C=C/[C@H]1CC[C@H](c2nnn3cnc4[nH]ccc4c23)CC1,7.51,0.0,1
CHEMBL2971,N#C/C=C/c1ccc(-c2nc3cnc4[nH]ccc4c3n2C2CCCCC2)o1,7.28,0.0,1
CHEMBL2971,N#CC(C#N)=C[C@H]1CC[C@H](c2nnn3cnc4[nH]ccc4c23)CC1,7.89,0.0,1
CHEMBL2971,N#CC(C#N)=Cc1ccc(-c2nc3cnc4[nH]ccc4c3n2C2CCCCC2)o1,6.73,0.0,1
CHEMBL2971,N#CC(C#N)C[C@H]1CC[C@H](c2nnn3cnc4[nH]ccc4c23)CC1,8.06,0.0,1
CHEMBL2971,N#CC(NC(=O)[C@H]1CC[C@H](c2nnn3cnc4[nH]ccc4c23)CC1)c1ccccc1,7.05,0.0,1
CHEMBL2971,N#CC1(C(=O)N2CC3(CCC(c4cccc5nc(NC(=O)C6CC6)nn45)CC3)C2)CC1,6.7,0.0,1
CHEMBL2971,N#CC1(C(=O)N2CC=C(c3cccc4nc(NC(=O)C5CC5)nn34)CC2)CC1,6.36,0.0,1
CHEMBL2971,N#CC1(C(=O)NC2CC=C(c3cccc4nc(NC(=O)C5CC5)nn34)CC2)CC1,5.86,0.0,1
CHEMBL2971,N#CC1(CN2[C@@H]3CC[C@H]2CN(c2ccnc(Nc4cn[nH]c4)n2)C3)CC1,6.34,0.0,1
CHEMBL2971,N#CC1(c2ccccc2)CCN(C[C@H]2CC[C@H](c3nnn4cnc5[nH]ccc5c34)CC2)CC1,6.42,0.0,1
CHEMBL2971,N#CC1CC12CCC(c1nnn3cnc4[nH]ccc4c13)CC2,8.05,0.0,1
CHEMBL2971,N#CC1CCC2(CC1n1cc(C(N)=O)c(Nc3ccccc3)n1)OCCO2,7.33,0.0,1
CHEMBL2971,N#CC1CCCCC1n1nc(Nc2ccc(C(O)C(F)F)cc2)c2c(=O)[nH]ccc21,6.21,0.0,1
CHEMBL2971,N#CC1CCN(C(=O)c2ccc(-c3cccc4nc(NC(=O)C5CC5)nn34)cc2)CC1,6.52,0.0,1
CHEMBL2971,N#CC1CCN(C2CCC(c3nnn4cnc5[nH]ccc5c34)CC2)CC1,6.72,0.0,1
CHEMBL2971,N#CC1CCN(C[C@H]2CC[C@H](c3nnn4cnc5[nH]ccc5c34)CC2)CC1,6.7,0.0,1
CHEMBL2971,N#CC1CCN(Cc2ccc(-c3cccc4nc(NC(=O)C5CC5)nn34)cc2)CC1,6.52,0.0,1
CHEMBL2971,N#CC1CCN(c2nc(Nc3ccc(CN4CCNCC4)cc3)c3c(=O)[nH]ncc3n2)CC1,7.52,0.0,1
CHEMBL2971,N#CC1CN(C(=O)[C@H](NC(=O)c2c[nH]c3ncc(C4CC4)nc23)C2CC2)C1,6.69,0.0,1
CHEMBL2971,N#CC1CN(C(=O)[C@H]2CC[C@H](c3nnn4cnc5[nH]ccc5c34)CC2)C1,6.54,0.0,1
CHEMBL2971,N#CC1CN(C(=O)c2ccc(-c3cccc4nc(NC(=O)C5CC5)nn34)cc2)C1,7.1,0.0,1
CHEMBL2971,N#CC1CN(C[C@H]2CC[C@H](c3nnn4cnc5[nH]ccc5c34)CC2)C1,7.3,0.0,1
CHEMBL2971,N#CC1CN(Cc2ccc(-c3cccc4nc(NC(=O)C5CC5)nn34)cc2)C1,6.52,0.0,1
CHEMBL2971,N#CC1CN(c2ccc(-c3cccc4nc(NC(=O)C5CC5)nn34)cc2)C1,6.52,0.0,1
CHEMBL2971,N#CC=C1CCC(c2nnn3cnc4[nH]ccc4c23)CC1,7.85,0.0,1
CHEMBL2971,N#CCC(=O)N(CC#N)C[C@H]1CC[C@H](c2nnn3cnc4[nH]ccc4c23)CC1,7.89,0.0,1
CHEMBL2971,N#CCC(=O)N(CC(F)(F)F)C[C@H]1CC[C@H](c2nnn3cnc4[nH]ccc4c23)CC1,8.14,0.0,1
CHEMBL2971,N#CCC(=O)N(CC(F)(F)F)C[C@H]1CC[C@H](n2c(=O)[nH]c(=O)c3cnc4[nH]ccc4c32)CC1,7.22,0.0,1
CHEMBL2971,N#CCC(=O)N(C[C@H]1CC[C@H](c2nnn3cnc4[nH]ccc4c23)CC1)C1CC1,7.5,0.0,1
CHEMBL2971,N#CCC(=O)N1CC(c2nc3cnc4[nH]ccc4c3n2[C@H]2CC[C@H](CC#N)CC2)C1,7.06,0.0,1
CHEMBL2971,N#CCC(=O)N1CC2(CCC(c3cccc4nc(NC(=O)C5CC5)nn34)CC2)C1,7.11,0.0,1
CHEMBL2971,N#CCC(=O)N1CC2CC(Nc3nc(Nc4cnn(-c5ccccn5)c4)ncc3Cl)CC2C1,7.7,0.0,1
CHEMBL2971,N#CCC(=O)N1CC=C(c2cccc3nc(NC(=O)C4CC4)nn23)CC1,6.8,0.0,1
CHEMBL2971,N#CCC(=O)N1CCC(CC#N)(n2cc(C(N)=O)c(Nc3ccccc3)n2)CC1,7.11,0.0,1
CHEMBL2971,N#CCC(=O)N1CCC(CC#N)(n2cc(C(N)=O)c(Nc3ccnc(F)c3)n2)CC1,8.05,0.0,1
CHEMBL2971,N#CCC(=O)N1CCC(Nc2c(C(N)=O)cnc3[nH]ccc23)CC1,6.7,0.0,1
CHEMBL2971,N#CCC(=O)N1CCC(Oc2ccc(-c3ncnc(Nc4ccc(N5CCN(C6COC6)CC5)cc4)n3)cc2C#N)CC1,6.35,0.0,1
CHEMBL2971,N#CCC(=O)N1CCC2(CCC(c3cccc4nc(NC(=O)C5CC5)nn34)CC2)C1,6.28,0.0,1
CHEMBL2971,N#CCC(=O)N1CCC2(CCC(c3cccc4nc(NC(=O)C5CC5)nn34)CC2)CC1,7.1,0.0,1
CHEMBL2971,N#CCC(=O)N1CCCC(NC(=O)Nc2cnc3[nH]ccc3n2)C1,6.74,0.0,1
CHEMBL2971,N#CCC(=O)N1CCCC(c2ncn3cnc4[nH]ccc4c23)C1,7.29,0.4101219330881976,2
CHEMBL2971,N#CCC(=O)N1CCC[C@@H](Nc2c(-c3cccc(N)n3)cnc3[nH]ccc23)C1,7.26,0.0,1
CHEMBL2971,N#CCC(=O)N1CCC[C@@H](Nc2c(-c3ccccn3)cnc3[nH]ccc23)C1,7.26,0.0,1
CHEMBL2971,N#CCC(=O)N1CCC[C@@H](Nc2c(-c3ccn(C(F)F)n3)cnc3[nH]ccc23)C1,7.26,0.0,1
CHEMBL2971,N#CCC(=O)N1CCC[C@@H](Nc2c(-c3ccn[nH]3)cnc3[nH]ccc23)C1,7.26,0.0,1
CHEMBL2971,N#CCC(=O)N1CCC[C@@H](Nc2c(-c3ccncn3)cnc3[nH]ccc23)C1,7.26,0.0,1
CHEMBL2971,N#CCC(=O)N1CCC[C@@H](Nc2c(-c3cncs3)cnc3[nH]ccc23)C1,6.26,0.0,1
CHEMBL2971,N#CCC(=O)N1CCC[C@@H](Nc2c(-c3cscn3)cnc3[nH]ccc23)C1,7.26,0.0,1
CHEMBL2971,N#CCC(=O)N1CCC[C@@H](Nc2c(-c3nc(C(N)=O)co3)cnc3[nH]ccc23)C1,7.26,0.0,1
CHEMBL2971,N#CCC(=O)N1CCC[C@@H](Nc2c(-c3ncccn3)cnc3[nH]ccc23)C1,6.26,0.0,1
CHEMBL2971,N#CCC(=O)N1CCC[C@@H](Nc2c(-c3ncon3)cnc3[nH]ccc23)C1,7.26,0.0,1
CHEMBL2971,N#CCC(=O)N1CCC[C@@H](Nc2c(-c3nnc[nH]3)cnc3[nH]ccc23)C1,7.26,0.0,1
CHEMBL2971,N#CCC(=O)N1CCC[C@@H](Nc2c(-c3nnco3)cnc3[nH]ccc23)C1,7.26,0.0,1
CHEMBL2971,N#CCC(=O)N1CCC[C@@H](Nc2c(-c3nncs3)cnc3[nH]ccc23)C1,7.26,0.0,1
CHEMBL2971,N#CCC(=O)N1CCC[C@@H](Nc2c(C#N)cnc3[nH]ccc23)C1,7.26,0.0,1
CHEMBL2971,N#CCC(=O)N1CCC[C@@H](n2c(=O)[nH]c3cnc4[nH]ccc4c32)C1,7.77,0.0,1
CHEMBL2971,N#CCC(=O)N1CC[C@@H](N(CC2CC2)c2ncnc3[nH]ccc23)C1,5.77,0.0,1
CHEMBL2971,N#CCC(=O)N1CC[C@H](Oc2ccc(-c3ncnc(Nc4ccc(N5CCN(C6COC6)CC5)cc4)n3)cc2C#N)C(F)(F)C1,4.03,0.0,1
CHEMBL2971,N#CCC(=O)N1CC[C@H](Oc2ccc(-c3ncnc(Nc4ccc(N5CCO[C@@H](CO)C5)cc4)n3)cc2C#N)[C@H](F)C1,6.77,0.0,1
CHEMBL2971,N#CCC(=O)NC[C@H]1CC[C@H](c2nnn3cnc4[nH]ccc4c23)CC1,7.8,0.0,1
CHEMBL2971,N#CCC(=O)Nc1ccc(-c2ccnc(Nc3ccc(N4CCOCC4)cc3)n2)cc1,8.0,0.0,1
CHEMBL2971,N#CCC(=O)Nc1ccc(-c2ncnc(Nc3ccc(N4CCN(C5COC5)CC4)cc3)n2)cc1C#N,4.92,0.0,1
CHEMBL2971,N#CCC(=O)Nc1ccc(CNc2cc(Nc3ccc(N4CCOCC4)cc3)ncn2)cc1,5.84,0.0,1
CHEMBL2971,N#CCC(=O)Nc1cccc(-c2ccnc(Nc3ccc(N4CCOCC4)cc3)n2)c1,6.52,0.0,1
CHEMBL2971,N#CCC(=O)Nc1cccc(-c2cnc3ccccc3n2)c1,4.74,0.0,1
CHEMBL2971,N#CCC(=O)Nc1cccc(CNc2c(C(N)=O)cnn3cccc23)c1,6.18,0.0,1
CHEMBL2971,N#CCC(C1CCCC1)n1cc(-c2ncnc3[nH]ccc23)cn1,8.55,0.0,1
CHEMBL2971,N#CCC(N1CCC[C@H](Nc2ncccc2-c2cnc3[nH]ccc3n2)C1)C(F)(F)F,9.64,0.0,1
CHEMBL2971,N#CCC1(C2C=C(C(N)=O)C(Nc3ccc(F)cc3)=N2)CCC(NC2CCOCC2)CC1,6.89,0.0,1
CHEMBL2971,N#CCC1(C2C=C(C(N)=O)C(Nc3ccnc(F)c3)=N2)CCC(N2CCC(O)CC2)CC1,6.8,0.0,1
CHEMBL2971,N#CCC1(C2C=C(C(N)=O)C(Nc3ccnc(F)c3)=N2)CCC(NC2CCOCC2)CC1,6.99,0.0,1
CHEMBL2971,N#CCC1(COC(=O)N2CC[C@@H](C#N)[C@H](n3cc(C(N)=O)c(Nc4ccc(F)cc4)n3)C2)CC1,7.82,0.0,1
CHEMBL2971,N#CCC1(COC(=O)N2CC[C@@H](n3cc(C(N)=O)c(Nc4ccc(F)cc4)n3)[C@H](C#N)C2)CC1,6.37,0.0,1
CHEMBL2971,N#CCC1(N2CCC[C@H](Nc3ncccc3-c3cnc4[nH]ccc4n3)C2)COC1,9.66,0.0,1
CHEMBL2971,N#CCC1(n2c(CC(=O)NCC3CCOCC3)nc3cnc4[nH]ccc4c32)CCCCC1,8.85,0.0,1
CHEMBL2971,N#CCC1(n2cc(-c3c(C#N)cnc4[nH]ccc34)cn2)CN(S(=O)(=O)CCC(F)(F)F)C1,8.41,0.0,1
CHEMBL2971,N#CCC1(n2cc(-c3c[nH]c4ncccc34)cn2)CCS(=O)(=O)CC1,7.46,0.0,1
CHEMBL2971,N#CCC1(n2cc(-c3cc(-c4c[nH]nc4N)cc4nccn34)cn2)CC(C#N)C1,5.9,0.0,1
CHEMBL2971,N#CCC1(n2cc(-c3cc(-c4cc[nH]n4)cc4nccn34)cn2)CC(C#N)C1,5.79,0.7636753236814714,2
CHEMBL2971,N#CCC1(n2cc(-c3cc(-c4ccc(N)nc4)cc4nccn34)cn2)CC(C#N)C1,5.98,0.0,1
CHEMBL2971,N#CCC1(n2cc(-c3cc(-c4ccc(O)cc4)cc4nccn34)cn2)CC(C#N)C1,5.91,0.0,1
CHEMBL2971,N#CCC1(n2cc(-c3cc(-c4cccc(C(N)=O)n4)cc4nccn34)cn2)CC(C#N)C1,6.83,0.0,1
CHEMBL2971,N#CCC1(n2cc(-c3cc(-c4cn[nH]c4)cc4nccn34)cn2)CC(C#N)C1,6.09,0.0,1
CHEMBL2971,N#CCC1(n2cc(-c3cc(-c4cn[nH]c4N)cc4ncccc34)cn2)CC(C#N)C1,5.76,0.0,1
CHEMBL2971,N#CCC1(n2cc(-c3cc(-c4nc(CO)cs4)cc4nccn34)cn2)CC(C#N)C1,6.29,0.0,1
CHEMBL2971,N#CCC1(n2cc(-c3ccnc4[nH]ccc34)cn2)CN(S(=O)(=O)C2CC2)C1,9.43,0.0,1
CHEMBL2971,N#CCC1(n2cc(-c3ccnc4[nH]ccc34)cn2)CN(S(=O)(=O)CCC(F)(F)F)C1,8.67,0.0,1
CHEMBL2971,N#CCC1(n2cc(-c3ccnc4[nH]ccc34)cn2)CN(S(=O)(=O)N2CCCC2)C1,8.85,0.0,1
CHEMBL2971,N#CCC1(n2cc(-c3nc(-c4cc(CO)[nH]n4)cn4nccc34)cn2)CN(CC2CC2)C1,6.52,0.0,1
CHEMBL2971,N#CCC1(n2cc(-c3nc(-c4cn[nH]c4)cc4ncccc34)cn2)CN(CC(F)(F)F)C1,7.41,0.0,1
CHEMBL2971,N#CCC1(n2cc(-c3nc(-c4cnn(C5CCOCC5)c4)cc4ncccc34)cn2)CN(CC(F)(F)F)C1,7.85,0.0,1
CHEMBL2971,N#CCC1(n2cc(-c3nc(-c4cnn(CCO)c4)cc4ncccc34)cn2)CC(C#N)C1,7.58,0.5939696961966998,2
CHEMBL2971,N#CCC1(n2cc(-c3ncnc4[nH]ccc34)cn2)CCS(=O)(=O)CC1,7.5600000000000005,0.1414213562373093,2
CHEMBL2971,N#CCC1(n2cc(-c3ncnc4[nH]ccc34)cn2)CN(C2CCN(C(=O)c3ccnc(C(F)(F)F)c3F)CC2)C1,7.234999999999999,0.049497474683058214,2
CHEMBL2971,N#CCC1(n2cc(-c3ncnc4[nH]ccc34)cn2)CN(S(=N)(=O)C2CC2)C1,8.3,0.0,1
CHEMBL2971,N#CCC1(n2cc(-c3ncnc4[nH]ccc34)cn2)CN(S(=N)(=O)c2ccccc2)C1,7.26,0.0,1
CHEMBL2971,N#CCC1(n2cc(-c3ncnc4[nH]ccc34)cn2)CN(S(=O)(=NC2CC2)C2CC2)C1,8.3,0.0,1
CHEMBL2971,N#CCC1(n2cc(C(N)=O)c(Nc3ccc(-c4cn[nH]c4)nc3)n2)CCN(C(=O)OCC(F)(F)F)CC1,9.22,0.0,1
CHEMBL2971,N#CCC1(n2cc(C(N)=O)c(Nc3ccc(C(F)(F)F)cc3)n2)CCC(N2CC(F)C2)CC1,8.52,0.0,1
CHEMBL2971,N#CCC1(n2cc(C(N)=O)c(Nc3ccc(C(O)C(F)(F)F)nc3)n2)CCN(C(=O)OCC(F)(F)F)CC1,9.22,0.0,1
CHEMBL2971,N#CCC1(n2cc(C(N)=O)c(Nc3ccc(C4CC4)nc3)n2)CCN(C(=O)OCC(F)F)CC1,7.96,0.0,1
CHEMBL2971,N#CCC1(n2cc(C(N)=O)c(Nc3ccc(C4CCC4)nc3)n2)CCN(C(=O)OCC(F)F)CC1,8.52,0.0,1
CHEMBL2971,N#CCC1(n2cc(C(N)=O)c(Nc3ccc(Cl)cc3)n2)CCC(N2CC(F)C2)CC1,8.7,0.0,1
CHEMBL2971,N#CCC1(n2cc(C(N)=O)c(Nc3ccc(F)cc3)n2)CCC(=O)CC1,7.41,0.0,1
CHEMBL2971,N#CCC1(n2cc(C(N)=O)c(Nc3ccc(F)cc3)n2)CCC(N2CC(F)C2)CC1,6.67,0.0,1
CHEMBL2971,N#CCC1(n2cc(C(N)=O)c(Nc3ccc(F)cc3)n2)CCC(N2CCC(F)(F)CC2)CC1,8.05,0.0,1
CHEMBL2971,N#CCC1(n2cc(C(N)=O)c(Nc3ccc(F)cc3)n2)CCC(N2CCC(O)CC2)CC1,6.56,0.0,1
CHEMBL2971,N#CCC1(n2cc(C(N)=O)c(Nc3ccc(F)cc3)n2)CCC(N2CCC2)CC1,6.49,0.0,1
CHEMBL2971,N#CCC1(n2cc(C(N)=O)c(Nc3ccc(F)cc3)n2)CCC(N2CCc3ccccc32)CC1,6.86,0.0,1
CHEMBL2971,N#CCC1(n2cc(C(N)=O)c(Nc3ccc(F)cc3)n2)CCC(N2Cc3ccccc3C2)CC1,7.08,0.0,1
CHEMBL2971,N#CCC1(n2cc(C(N)=O)c(Nc3ccc(F)cc3)n2)CCC(NC2CCCCC2)CC1,7.32,0.0,1
CHEMBL2971,N#CCC1(n2cc(C(N)=O)c(Nc3ccc(F)cc3)n2)CCC(NCC(F)(F)F)CC1,7.035,0.6717514421272206,2
CHEMBL2971,N#CCC1(n2cc(C(N)=O)c(Nc3ccc(F)cc3)n2)CCC(NCC(F)F)CC1,7.89,0.0,1
CHEMBL2971,N#CCC1(n2cc(C(N)=O)c(Nc3ccc(F)cc3)n2)CCC(NCC2CC2)CC1,6.18,0.0,1
CHEMBL2971,N#CCC1(n2cc(C(N)=O)c(Nc3ccc(F)cc3)n2)CCC(NCCF)CC1,6.88,0.0,1
CHEMBL2971,N#CCC1(n2cc(C(N)=O)c(Nc3ccc(F)cc3)n2)CCC(NCCO)CC1,6.01,0.0,1
CHEMBL2971,N#CCC1(n2cc(C(N)=O)c(Nc3ccc(F)cc3)n2)CCC(NCc2ccc(C#N)cc2)CC1,5.98,0.0,1
CHEMBL2971,N#CCC1(n2cc(C(N)=O)c(Nc3ccc(F)cc3)n2)CCC(NCc2ccccc2)CC1,9.7,0.0,1
CHEMBL2971,N#CCC1(n2cc(C(N)=O)c(Nc3ccc(F)cc3)n2)CCC(Nc2cc(F)ccc2F)CC1,8.22,0.0,1
CHEMBL2971,N#CCC1(n2cc(C(N)=O)c(Nc3ccc(F)cc3)n2)CCC(Nc2ccc(Cl)cc2)CC1,7.7,0.0,1
CHEMBL2971,N#CCC1(n2cc(C(N)=O)c(Nc3ccc(F)cc3)n2)CCC(Nc2ccc(F)c(F)c2)CC1,7.52,0.0,1
CHEMBL2971,N#CCC1(n2cc(C(N)=O)c(Nc3ccc(F)cc3)n2)CCC(Nc2ccc(F)cc2)CC1,8.0,0.0,1
CHEMBL2971,N#CCC1(n2cc(C(N)=O)c(Nc3ccc(F)cc3)n2)CCC(Nc2cccc(Cl)c2)CC1,7.22,0.0,1
CHEMBL2971,N#CCC1(n2cc(C(N)=O)c(Nc3ccc(F)cc3)n2)CCC(Nc2cccc(F)c2)CC1,7.75,0.0,1
CHEMBL2971,N#CCC1(n2cc(C(N)=O)c(Nc3ccc(F)cc3)n2)CCC(Nc2ccccc2)CC1,8.61,0.12727922061357835,2
CHEMBL2971,N#CCC1(n2cc(C(N)=O)c(Nc3ccc(F)cc3)n2)CCC(Nc2ccccc2F)CC1,7.135,1.4354267658086912,2
CHEMBL2971,N#CCC1(n2cc(C(N)=O)c(Nc3ccc(F)cc3)n2)CCC(Nc2ccccn2)CC1,7.14,0.0,1
CHEMBL2971,N#CCC1(n2cc(C(N)=O)c(Nc3ccc(F)cc3)n2)CCC(Nc2cccnc2)CC1,7.135,1.4354267658086919,2
CHEMBL2971,N#CCC1(n2cc(C(N)=O)c(Nc3ccc(F)cc3)n2)CCC2(CC1)OCCO2,7.32,0.0,1
CHEMBL2971,N#CCC1(n2cc(C(N)=O)c(Nc3ccc(F)cc3)n2)CCN(C(=O)CC(F)(F)F)CC1,8.3,0.0,1
CHEMBL2971,N#CCC1(n2cc(C(N)=O)c(Nc3ccc(F)cc3)n2)CCN(C(=O)OC(CF)CF)CC1,8.3,0.0,1
CHEMBL2971,N#CCC1(n2cc(C(N)=O)c(Nc3ccc(F)cc3)n2)CCN(C(=O)OC2CCC2)CC1,7.48,0.0,1
CHEMBL2971,N#CCC1(n2cc(C(N)=O)c(Nc3ccc(F)cc3)n2)CCN(C(=O)OC2CCCOC2)CC1,6.92,0.0,1
CHEMBL2971,N#CCC1(n2cc(C(N)=O)c(Nc3ccc(F)cc3)n2)CCN(C(=O)OC2CCOC2)CC1,7.43,0.0,1
CHEMBL2971,N#CCC1(n2cc(C(N)=O)c(Nc3ccc(F)cc3)n2)CCN(C(=O)OC2CCOCC2)CC1,6.99,0.0,1
CHEMBL2971,N#CCC1(n2cc(C(N)=O)c(Nc3ccc(F)cc3)n2)CCN(C(=O)OC2COC2)CC1,7.36,0.0,1
CHEMBL2971,N#CCC1(n2cc(C(N)=O)c(Nc3ccc(F)cc3)n2)CCN(C(=O)OCC(F)(F)CO)CC1,7.96,0.0,1
CHEMBL2971,N#CCC1(n2cc(C(N)=O)c(Nc3ccc(F)cc3)n2)CCN(C(=O)OCC(F)(F)F)CC1,7.82,0.0,1
CHEMBL2971,N#CCC1(n2cc(C(N)=O)c(Nc3ccc(F)cc3)n2)CCN(C(=O)OCC(F)F)CC1,8.05,0.0,1
CHEMBL2971,N#CCC1(n2cc(C(N)=O)c(Nc3ccc(F)cc3)n2)CCN(C(=O)OCC2(O)CC2)CC1,7.7,0.0,1
CHEMBL2971,N#CCC1(n2cc(C(N)=O)c(Nc3ccc(F)cc3)n2)CCN(C(=O)OCC2CC2(F)F)CC1,7.42,0.0,1
CHEMBL2971,N#CCC1(n2cc(C(N)=O)c(Nc3ccc(F)cc3)n2)CCN(C(=O)OCC2CC2)CC1,7.43,0.0,1
CHEMBL2971,N#CCC1(n2cc(C(N)=O)c(Nc3ccc(F)cc3)n2)CCN(C(=O)OCC2CCC2)CC1,6.92,0.0,1
CHEMBL2971,N#CCC1(n2cc(C(N)=O)c(Nc3ccc(F)cc3)n2)CCN(C(=O)OCC2CCOC2)CC1,6.91,0.0,1
CHEMBL2971,N#CCC1(n2cc(C(N)=O)c(Nc3ccc(F)cc3)n2)CCN(C(=O)OCC2CCOCC2)CC1,6.84,0.0,1
CHEMBL2971,N#CCC1(n2cc(C(N)=O)c(Nc3ccc(F)cc3)n2)CCN(C(=O)OCCC(F)(F)F)CC1,7.01,0.0,1
CHEMBL2971,N#CCC1(n2cc(C(N)=O)c(Nc3ccc(F)cc3)n2)CCN(C(=O)O[C@@H]2CCOC2)CC1,7.21,0.0,1
CHEMBL2971,N#CCC1(n2cc(C(N)=O)c(Nc3ccc(F)cc3)n2)CCN(C(=O)O[C@H]2CCOC2)CC1,7.33,0.0,1
CHEMBL2971,N#CCC1(n2cc(C(N)=O)c(Nc3ccc(F)cc3)n2)CCN(CC2CC2)CC1,6.04,0.0,1
CHEMBL2971,N#CCC1(n2cc(C(N)=O)c(Nc3ccc(F)cc3)n2)CCN(CC2CCCCC2)CC1,6.68,0.0,1
CHEMBL2971,N#CCC1(n2cc(C(N)=O)c(Nc3ccc(F)cc3)n2)CCN(CCF)CC1,7.23,0.0,1
CHEMBL2971,N#CCC1(n2cc(C(N)=O)c(Nc3ccc(F)cc3)n2)CCN(Cc2cc(F)ccn2)CC1,7.8,0.0,1
CHEMBL2971,N#CCC1(n2cc(C(N)=O)c(Nc3ccc(F)cc3)n2)CCN(Cc2cc3ccccc3[nH]2)CC1,7.19,0.0,1
CHEMBL2971,N#CCC1(n2cc(C(N)=O)c(Nc3ccc(F)cc3)n2)CCN(Cc2ccc(F)cn2)CC1,7.14,0.0,1
CHEMBL2971,N#CCC1(n2cc(C(N)=O)c(Nc3ccc(F)cc3)n2)CCN(Cc2ccc3[nH]ccc3c2)CC1,7.28,0.0,1
CHEMBL2971,N#CCC1(n2cc(C(N)=O)c(Nc3ccc(F)cc3)n2)CCN(Cc2ccc3cc[nH]c3c2)CC1,7.34,0.0,1
CHEMBL2971,N#CCC1(n2cc(C(N)=O)c(Nc3ccc(F)cc3)n2)CCN(Cc2cccc(F)n2)CC1,7.02,0.0,1
CHEMBL2971,N#CCC1(n2cc(C(N)=O)c(Nc3ccc(F)cc3)n2)CCN(Cc2cccc3[nH]ccc23)CC1,6.55,0.0,1
CHEMBL2971,N#CCC1(n2cc(C(N)=O)c(Nc3ccc(F)cc3)n2)CCN(Cc2cccc3cc[nH]c23)CC1,6.89,0.0,1
CHEMBL2971,N#CCC1(n2cc(C(N)=O)c(Nc3ccc(F)cc3)n2)CCN(Cc2ccccc2)CC1,7.89,0.0,1
CHEMBL2971,N#CCC1(n2cc(C(N)=O)c(Nc3ccc(F)cc3)n2)CCN(Cc2cccnc2)CC1,8.05,0.0,1
CHEMBL2971,N#CCC1(n2cc(C(N)=O)c(Nc3ccc(F)cc3)n2)CCN(Cc2cccnn2)CC1,7.0,0.0,1
CHEMBL2971,N#CCC1(n2cc(C(N)=O)c(Nc3ccc(F)cc3)n2)CCN(Cc2ccco2)CC1,7.55,0.0,1
CHEMBL2971,N#CCC1(n2cc(C(N)=O)c(Nc3ccc(F)cc3)n2)CCN(Cc2ccnc3[nH]ccc23)CC1,7.06,0.0,1
CHEMBL2971,N#CCC1(n2cc(C(N)=O)c(Nc3ccc(F)cc3)n2)CCN(Cc2ccon2)CC1,7.47,0.0,1
CHEMBL2971,N#CCC1(n2cc(C(N)=O)c(Nc3ccc(F)cc3)n2)CCN(Cc2cncc(F)c2)CC1,7.54,0.0,1
CHEMBL2971,N#CCC1(n2cc(C(N)=O)c(Nc3ccc(F)cc3)n2)CCN(Cc2cnccn2)CC1,7.6,0.0,1
CHEMBL2971,N#CCC1(n2cc(C(N)=O)c(Nc3ccc(F)cc3)n2)CCN(c2cc(C(F)(F)F)ccn2)CC1,7.12,0.0,1
CHEMBL2971,N#CCC1(n2cc(C(N)=O)c(Nc3ccc(F)cc3)n2)CCN(c2cc(F)cc(F)c2)CC1,7.17,0.0,1
CHEMBL2971,N#CCC1(n2cc(C(N)=O)c(Nc3ccc(F)cc3)n2)CCN(c2cc(F)ccn2)CC1,8.22,0.0,1
CHEMBL2971,N#CCC1(n2cc(C(N)=O)c(Nc3ccc(F)cc3)n2)CCN(c2ccc(C#N)cc2)CC1,8.52,0.0,1
CHEMBL2971,N#CCC1(n2cc(C(N)=O)c(Nc3ccc(F)cc3)n2)CCN(c2ccc(C(F)(F)F)nc2)CC1,7.58,0.0,1
CHEMBL2971,N#CCC1(n2cc(C(N)=O)c(Nc3ccc(F)cc3)n2)CCN(c2ccc(C(O)C(F)(F)F)cc2)CC1,7.43,0.0,1
CHEMBL2971,N#CCC1(n2cc(C(N)=O)c(Nc3ccc(F)cc3)n2)CCN(c2ccc(F)c(F)c2)CC1,7.16,0.0,1
CHEMBL2971,N#CCC1(n2cc(C(N)=O)c(Nc3ccc(F)cc3)n2)CCN(c2ccc(F)cc2)CC1,7.43,0.0,1
CHEMBL2971,N#CCC1(n2cc(C(N)=O)c(Nc3ccc(F)cc3)n2)CCN(c2ccc(F)nc2)CC1,7.92,0.0,1
CHEMBL2971,N#CCC1(n2cc(C(N)=O)c(Nc3ccc(F)cc3)n2)CCN(c2ccc(OC(F)F)cn2)CC1,7.75,0.0,1
CHEMBL2971,N#CCC1(n2cc(C(N)=O)c(Nc3ccc(F)cc3)n2)CCN(c2ccc(OC(F)F)nc2)CC1,7.68,0.0,1
CHEMBL2971,N#CCC1(n2cc(C(N)=O)c(Nc3ccc(F)cc3)n2)CCN(c2cccc(C#N)n2)CC1,7.05,0.0,1
CHEMBL2971,N#CCC1(n2cc(C(N)=O)c(Nc3ccc(F)cc3)n2)CCN(c2cccc(C3CC3)c2)CC1,6.11,0.0,1
CHEMBL2971,N#CCC1(n2cc(C(N)=O)c(Nc3ccc(F)cc3)n2)CCN(c2cccc(CF)n2)CC1,7.41,0.0,1
CHEMBL2971,N#CCC1(n2cc(C(N)=O)c(Nc3ccc(F)cc3)n2)CCN(c2cccc(F)c2)CC1,7.62,0.0,1
CHEMBL2971,N#CCC1(n2cc(C(N)=O)c(Nc3ccc(F)cc3)n2)CCN(c2cccc(F)n2)CC1,8.4,0.0,1
CHEMBL2971,N#CCC1(n2cc(C(N)=O)c(Nc3ccc(F)cc3)n2)CCN(c2cccc(OCCO)n2)CC1,7.33,0.0,1
CHEMBL2971,N#CCC1(n2cc(C(N)=O)c(Nc3ccc(F)cc3)n2)CCN(c2ccccn2)CC1,8.7,0.0,1
CHEMBL2971,N#CCC1(n2cc(C(N)=O)c(Nc3ccc(F)cc3)n2)CCN(c2cccnc2)CC1,8.22,0.0,1
CHEMBL2971,N#CCC1(n2cc(C(N)=O)c(Nc3ccc(F)cc3)n2)CCN(c2cccnc2F)CC1,9.22,0.0,1
CHEMBL2971,N#CCC1(n2cc(C(N)=O)c(Nc3ccc(F)cc3)n2)CCN(c2ccnc3ccccc23)CC1,6.31,0.0,1
CHEMBL2971,N#CCC1(n2cc(C(N)=O)c(Nc3ccc(F)cc3)n2)CCN(c2ccncc2)CC1,7.11,0.0,1
CHEMBL2971,N#CCC1(n2cc(C(N)=O)c(Nc3ccc(F)cc3)n2)CCN(c2ccncn2)CC1,8.3,0.0,1
CHEMBL2971,N#CCC1(n2cc(C(N)=O)c(Nc3ccc(F)cc3)n2)CCN(c2cncc(C#N)c2)CC1,7.7,0.0,1
CHEMBL2971,N#CCC1(n2cc(C(N)=O)c(Nc3ccc(F)cc3)n2)CCN(c2cncc(C(F)(F)F)c2)CC1,7.27,0.0,1
CHEMBL2971,N#CCC1(n2cc(C(N)=O)c(Nc3ccc(F)cc3)n2)CCN(c2cncc(F)c2)CC1,8.4,0.0,1
CHEMBL2971,N#CCC1(n2cc(C(N)=O)c(Nc3ccc(F)cc3)n2)CCN(c2cncc3ccccc23)CC1,6.38,0.0,1
CHEMBL2971,N#CCC1(n2cc(C(N)=O)c(Nc3ccc(F)cc3)n2)CCN(c2cncnc2)CC1,8.7,0.0,1
CHEMBL2971,N#CCC1(n2cc(C(N)=O)c(Nc3ccc(F)cc3)n2)CCS(=O)(=O)CC1,6.09,0.0,1
CHEMBL2971,N#CCC1(n2cc(C(N)=O)c(Nc3ccc(F)cc3)n2)CCSCC1,6.95,0.0,1
CHEMBL2971,N#CCC1(n2cc(C(N)=O)c(Nc3ccc(OC4CCC4)nc3)n2)CCN(C(=O)OCC(F)F)CC1,8.52,0.0,1
CHEMBL2971,N#CCC1(n2cc(C(N)=O)c(Nc3ccc(S(=O)(=O)C(F)(F)F)cc3)n2)CCN(C(=O)Nc2ccc(C#N)cc2)CC1,9.3,0.0,1
CHEMBL2971,N#CCC1(n2cc(C(N)=O)c(Nc3ccc(S(=O)(=O)C(F)(F)F)cc3)n2)CCN(C(=O)OC2COC2)CC1,8.52,0.0,1
CHEMBL2971,N#CCC1(n2cc(C(N)=O)c(Nc3ccc(S(=O)(=O)C(F)(F)F)cc3)n2)CCN(C(=O)OCC(F)(F)F)CC1,8.4,0.0,1
CHEMBL2971,N#CCC1(n2cc(C(N)=O)c(Nc3ccc(S(=O)(=O)C(F)F)cc3)n2)CCC(N2CC(F)C2)CC1,7.745,1.7748380207782342,2
CHEMBL2971,N#CCC1(n2cc(C(N)=O)c(Nc3ccc(S(=O)(=O)C(F)F)cc3)n2)CCC(N2CCC(F)(F)CC2)CC1,8.7,0.0,1
CHEMBL2971,N#CCC1(n2cc(C(N)=O)c(Nc3ccc(S(=O)(=O)C(F)F)cc3)n2)CCC(N2CCC(O)CC2)CC1,6.98,1.2303657992645924,2
CHEMBL2971,N#CCC1(n2cc(C(N)=O)c(Nc3ccc(S(=O)(=O)C(F)F)cc3)n2)CCC(NC2CCOCC2)CC1,8.3,0.0,1
CHEMBL2971,N#CCC1(n2cc(C(N)=O)c(Nc3ccc(S(=O)(=O)C(F)F)cc3)n2)CCC(NCC(F)(F)F)CC1,8.015,2.3829498525986654,2
CHEMBL2971,N#CCC1(n2cc(C(N)=O)c(Nc3ccc(S(=O)(=O)C(F)F)cc3)n2)CCC(NCC(F)F)CC1,8.52,0.0,1
CHEMBL2971,N#CCC1(n2cc(C(N)=O)c(Nc3ccc(S(=O)(=O)C(F)F)cc3)n2)CCC(Nc2ccc(O)cc2)CC1,7.44,0.0,1
CHEMBL2971,N#CCC1(n2cc(C(N)=O)c(Nc3ccc(S(=O)(=O)C(F)F)cc3)n2)CCC(Nc2ccccc2)CC1,9.0,0.0,1
CHEMBL2971,N#CCC1(n2cc(C(N)=O)c(Nc3ccc(S(=O)(=O)C(F)F)cc3)n2)CCC(Nc2ccccc2O)CC1,8.22,0.0,1
CHEMBL2971,N#CCC1(n2cc(C(N)=O)c(Nc3ccc(S(=O)(=O)C(F)F)cc3)n2)CCC(Nc2cccnc2)CC1,7.335000000000001,1.2515790027001898,2
CHEMBL2971,N#CCC1(n2cc(C(N)=O)c(Nc3ccc([S+]([O-])C(F)F)cc3)n2)CCC(NC2CCCCC2)CC1,7.5,0.0,1
CHEMBL2971,N#CCC1(n2cc(C(N)=O)c(Nc3ccc([S+]([O-])C(F)F)cc3)n2)CCC(Nc2ccc(O)cc2)CC1,8.52,0.0,1
CHEMBL2971,N#CCC1(n2cc(C(N)=O)c(Nc3ccc([S+]([O-])C(F)F)cc3)n2)CCC(Nc2cccc(O)c2)CC1,8.145,1.3505739520663056,2
CHEMBL2971,N#CCC1(n2cc(C(N)=O)c(Nc3ccc([S+]([O-])C(F)F)cc3)n2)CCC(Nc2ccccc2O)CC1,6.75,0.0,1
CHEMBL2971,N#CCC1(n2cc(C(N)=O)c(Nc3cccc(-c4cc[nH]n4)c3)n2)CCN(C(=O)OCC(F)(F)F)CC1,7.54,0.0,1
CHEMBL2971,N#CCC1(n2cc(C(N)=O)c(Nc3cccc(Cn4nnc5ccccc54)c3)n2)CCN(C(=O)OCC(F)(F)F)CC1,7.64,0.0,1
CHEMBL2971,N#CCC1(n2cc(C(N)=O)c(Nc3ccccc3)n2)CCCCC1,7.04,0.0,1
CHEMBL2971,N#CCC1(n2cc(C(N)=O)c(Nc3ccccc3)n2)CCN(C(=O)/C=C/c2cccnc2)CC1,6.8,0.0,1
CHEMBL2971,N#CCC1(n2cc(C(N)=O)c(Nc3ccccc3)n2)CCN(C(=O)C(c2ccccc2)c2ccccc2)CC1,6.15,0.0,1
CHEMBL2971,N#CCC1(n2cc(C(N)=O)c(Nc3ccccc3)n2)CCN(C(=O)C2CC2)CC1,7.8,0.0,1
CHEMBL2971,N#CCC1(n2cc(C(N)=O)c(Nc3ccccc3)n2)CCN(C(=O)C2CCCCC2)CC1,7.36,0.0,1
CHEMBL2971,N#CCC1(n2cc(C(N)=O)c(Nc3ccccc3)n2)CCN(C(=O)C2CCCO2)CC1,6.97,0.0,1
CHEMBL2971,N#CCC1(n2cc(C(N)=O)c(Nc3ccccc3)n2)CCN(C(=O)CN2CCCC2=O)CC1,6.71,0.0,1
CHEMBL2971,N#CCC1(n2cc(C(N)=O)c(Nc3ccccc3)n2)CCN(C(=O)CO)CC1,6.61,0.0,1
CHEMBL2971,N#CCC1(n2cc(C(N)=O)c(Nc3ccccc3)n2)CCN(C(=O)Cc2ccc(C(F)(F)F)cc2)CC1,6.44,0.0,1
CHEMBL2971,N#CCC1(n2cc(C(N)=O)c(Nc3ccccc3)n2)CCN(C(=O)Nc2ccc(C#N)cc2)CC1,8.22,0.0,1
CHEMBL2971,N#CCC1(n2cc(C(N)=O)c(Nc3ccccc3)n2)CCN(C(=O)OC2CCCC2)CC1,7.3,0.0,1
CHEMBL2971,N#CCC1(n2cc(C(N)=O)c(Nc3ccccc3)n2)CCN(C(=O)OC2CCCCC2)CC1,6.5,0.0,1
CHEMBL2971,N#CCC1(n2cc(C(N)=O)c(Nc3ccccc3)n2)CCN(C(=O)OC2CCOC2)CC1,7.4,0.0,1
CHEMBL2971,N#CCC1(n2cc(C(N)=O)c(Nc3ccccc3)n2)CCN(C(=O)OC2CCOCC2)CC1,6.99,0.0,1
CHEMBL2971,N#CCC1(n2cc(C(N)=O)c(Nc3ccccc3)n2)CCN(C(=O)OC2Cc3ccccc3C2)CC1,7.08,0.0,1
CHEMBL2971,N#CCC1(n2cc(C(N)=O)c(Nc3ccccc3)n2)CCN(C(=O)OCCN2CCOCC2)CC1,6.47,0.0,1
CHEMBL2971,N#CCC1(n2cc(C(N)=O)c(Nc3ccccc3)n2)CCN(C(=O)OCc2cccc(F)c2)CC1,7.06,0.0,1
CHEMBL2971,N#CCC1(n2cc(C(N)=O)c(Nc3ccccc3)n2)CCN(C(=O)OCc2ccccc2)CC1,7.07,0.0,1
CHEMBL2971,N#CCC1(n2cc(C(N)=O)c(Nc3ccccc3)n2)CCN(C(=O)OCc2ccccc2F)CC1,7.4,0.0,1
CHEMBL2971,N#CCC1(n2cc(C(N)=O)c(Nc3ccccc3)n2)CCN(C(=O)OCc2ccccn2)CC1,6.81,0.0,1
CHEMBL2971,N#CCC1(n2cc(C(N)=O)c(Nc3ccccc3)n2)CCN(C(=O)OCc2cccnc2)CC1,7.42,0.0,1
CHEMBL2971,N#CCC1(n2cc(C(N)=O)c(Nc3ccccc3)n2)CCN(C(=O)OCc2ccncc2)CC1,7.24,0.0,1
CHEMBL2971,N#CCC1(n2cc(C(N)=O)c(Nc3ccccc3)n2)CCN(C(=O)c2cc3ccccc3[nH]2)CC1,6.75,0.0,1
CHEMBL2971,N#CCC1(n2cc(C(N)=O)c(Nc3ccccc3)n2)CCN(C(=O)c2ccc(Cl)cc2)CC1,6.74,0.0,1
CHEMBL2971,N#CCC1(n2cc(C(N)=O)c(Nc3ccccc3)n2)CCN(C(=O)c2ccc(N3CCOCC3)cc2)CC1,6.15,0.0,1
CHEMBL2971,N#CCC1(n2cc(C(N)=O)c(Nc3ccccc3)n2)CCN(C(=O)c2ccc3ccccc3n2)CC1,6.78,0.0,1
CHEMBL2971,N#CCC1(n2cc(C(N)=O)c(Nc3ccccc3)n2)CCN(C(=O)c2cccc(Cl)c2)CC1,7.2,0.0,1
CHEMBL2971,N#CCC1(n2cc(C(N)=O)c(Nc3ccccc3)n2)CCN(C(=O)c2cccc(N3CCOCC3)c2)CC1,5.98,0.0,1
CHEMBL2971,N#CCC1(n2cc(C(N)=O)c(Nc3ccccc3)n2)CCN(C(=O)c2cccc3ccccc23)CC1,6.46,0.0,1
CHEMBL2971,N#CCC1(n2cc(C(N)=O)c(Nc3ccccc3)n2)CCN(C(=O)c2ccccc2)CC1,7.03,0.0,1
CHEMBL2971,N#CCC1(n2cc(C(N)=O)c(Nc3ccccc3)n2)CCN(C(=O)c2ccccc2-c2ccccc2)CC1,5.83,0.0,1
CHEMBL2971,N#CCC1(n2cc(C(N)=O)c(Nc3ccccc3)n2)CCN(C(=O)c2ccccc2Cl)CC1,6.94,0.0,1
CHEMBL2971,N#CCC1(n2cc(C(N)=O)c(Nc3ccccc3)n2)CCN(C(=O)c2ccccn2)CC1,6.43,0.0,1
CHEMBL2971,N#CCC1(n2cc(C(N)=O)c(Nc3ccccc3)n2)CCN(C(=O)c2cccnc2)CC1,6.72,0.0,1
CHEMBL2971,N#CCC1(n2cc(C(N)=O)c(Nc3ccccc3)n2)CCN(C(=O)c2cccs2)CC1,8.1,0.0,1
CHEMBL2971,N#CCC1(n2cc(C(N)=O)c(Nc3ccccc3)n2)CCN(C(=O)c2ccncc2)CC1,6.5,0.0,1
CHEMBL2971,N#CCC1(n2cc(C(N)=O)c(Nc3ccccc3)n2)CCN(C(=O)c2ccsc2)CC1,7.46,0.0,1
CHEMBL2971,N#CCC1(n2cc(C(N)=O)c(Nc3ccccc3)n2)CCN(C(=O)c2cnccn2)CC1,6.55,0.0,1
CHEMBL2971,N#CCC1(n2cc(C(N)=O)c(Nc3ccccc3)n2)CCN(C/C=C/c2ccccc2)CC1,6.68,0.0,1
CHEMBL2971,N#CCC1(n2cc(C(N)=O)c(Nc3ccccc3)n2)CCN(CC#Cc2ccccc2)CC1,6.13,0.0,1
CHEMBL2971,N#CCC1(n2cc(C(N)=O)c(Nc3ccccc3)n2)CCN(CC2CCCCC2)CC1,6.5,0.0,1
CHEMBL2971,N#CCC1(n2cc(C(N)=O)c(Nc3ccccc3)n2)CCN(Cc2c(Cl)cccc2Cl)CC1,6.65,0.0,1
CHEMBL2971,N#CCC1(n2cc(C(N)=O)c(Nc3ccccc3)n2)CCN(Cc2c(F)ccc(F)c2F)CC1,7.96,0.0,1
CHEMBL2971,N#CCC1(n2cc(C(N)=O)c(Nc3ccccc3)n2)CCN(Cc2c(F)cccc2F)CC1,7.89,0.0,1
CHEMBL2971,N#CCC1(n2cc(C(N)=O)c(Nc3ccccc3)n2)CCN(Cc2cc3ccccc3o2)CC1,6.98,0.0,1
CHEMBL2971,N#CCC1(n2cc(C(N)=O)c(Nc3ccccc3)n2)CCN(Cc2ccc(-c3ccccc3)cc2)CC1,7.34,0.0,1
CHEMBL2971,N#CCC1(n2cc(C(N)=O)c(Nc3ccccc3)n2)CCN(Cc2ccc(C#N)cc2)CC1,6.61,0.0,1
CHEMBL2971,N#CCC1(n2cc(C(N)=O)c(Nc3ccccc3)n2)CCN(Cc2ccc(C(F)(F)F)cc2)CC1,6.34,0.0,1
CHEMBL2971,N#CCC1(n2cc(C(N)=O)c(Nc3ccccc3)n2)CCN(Cc2ccc(Cl)cc2F)CC1,7.36,0.0,1
CHEMBL2971,N#CCC1(n2cc(C(N)=O)c(Nc3ccccc3)n2)CCN(Cc2ccc3c(c2)OCO3)CC1,7.11,0.0,1
CHEMBL2971,N#CCC1(n2cc(C(N)=O)c(Nc3ccccc3)n2)CCN(Cc2cccc(C#N)c2)CC1,6.63,0.0,1
CHEMBL2971,N#CCC1(n2cc(C(N)=O)c(Nc3ccccc3)n2)CCN(Cc2cccc(F)c2)CC1,7.14,0.0,1
CHEMBL2971,N#CCC1(n2cc(C(N)=O)c(Nc3ccccc3)n2)CCN(Cc2cccc(O)c2)CC1,8.22,0.0,1
CHEMBL2971,N#CCC1(n2cc(C(N)=O)c(Nc3ccccc3)n2)CCN(Cc2cccc3ccccc23)CC1,5.89,0.0,1
CHEMBL2971,N#CCC1(n2cc(C(N)=O)c(Nc3ccccc3)n2)CCN(Cc2ccccc2Cl)CC1,7.26,0.0,1
CHEMBL2971,N#CCC1(n2cc(C(N)=O)c(Nc3ccccc3)n2)CCN(Cc2cccnc2)CC1,7.96,0.0,1
CHEMBL2971,N#CCC1(n2cc(C(N)=O)c(Nc3ccccc3)n2)CCN(S(=O)(=O)C(F)(F)F)CC1,8.22,0.0,1
CHEMBL2971,N#CCC1(n2cc(C(N)=O)c(Nc3ccccc3)n2)CCN(S(=O)(=O)C2CC2)CC1,8.52,0.0,1
CHEMBL2971,N#CCC1(n2cc(C(N)=O)c(Nc3ccccc3)n2)CCN(S(=O)(=O)Cc2ccccc2)CC1,7.46,0.0,1
CHEMBL2971,N#CCC1(n2cc(C(N)=O)c(Nc3ccccc3)n2)CCN(S(=O)(=O)c2ccc(-c3ccccc3)cc2)CC1,7.62,0.0,1
CHEMBL2971,N#CCC1(n2cc(C(N)=O)c(Nc3ccccc3)n2)CCN(S(=O)(=O)c2ccc(C(F)(F)F)cc2)CC1,8.1,0.0,1
CHEMBL2971,N#CCC1(n2cc(C(N)=O)c(Nc3ccccc3)n2)CCN(S(=O)(=O)c2cccc(Cl)c2)CC1,8.7,0.0,1
CHEMBL2971,N#CCC1(n2cc(C(N)=O)c(Nc3ccccc3)n2)CCN(S(=O)(=O)c2ccccc2)CC1,9.0,0.0,1
CHEMBL2971,N#CCC1(n2cc(C(N)=O)c(Nc3ccccc3)n2)CCN(S(=O)(=O)c2ccccc2Cl)CC1,8.05,0.0,1
CHEMBL2971,N#CCC1(n2cc(C(N)=O)c(Nc3ccccc3)n2)CCN(S(=O)(=O)c2ccco2)CC1,8.7,0.0,1
CHEMBL2971,N#CCC1(n2cc(C(N)=O)c(Nc3ccccc3)n2)CCOCC1,6.88,0.0,1
CHEMBL2971,N#CCC1(n2cc(C(N)=O)c(Nc3ccccc3)n2)CN(C(=O)NC2CCCCC2)C1,6.2,0.0,1
CHEMBL2971,N#CCC1(n2cc(C(N)=O)c(Nc3ccccc3)n2)CN(C(=O)Nc2cc(F)ccc2F)C1,6.8,0.0,1
CHEMBL2971,N#CCC1(n2cc(C(N)=O)c(Nc3ccccc3)n2)CN(C(=O)Nc2ccc(C#N)cc2)C1,7.68,0.0,1
CHEMBL2971,N#CCC1(n2cc(C(N)=O)c(Nc3ccccc3)n2)CN(C(=O)Nc2ccc(F)c(Cl)c2)C1,6.55,0.0,1
CHEMBL2971,N#CCC1(n2cc(C(N)=O)c(Nc3ccccc3)n2)CN(C(=O)Nc2ccc(F)c(F)c2)C1,6.76,0.0,1
CHEMBL2971,N#CCC1(n2cc(C(N)=O)c(Nc3ccccc3)n2)CN(C(=O)Nc2ccc(F)cc2F)C1,7.1,0.0,1
CHEMBL2971,N#CCC1(n2cc(C(N)=O)c(Nc3ccccc3)n2)CN(C(=O)Nc2cccc(F)c2)C1,7.17,0.0,1
CHEMBL2971,N#CCC1(n2cc(C(N)=O)c(Nc3ccccc3)n2)CN(C(=O)OC2CCCC2)C1,7.12,0.0,1
CHEMBL2971,N#CCC1(n2cc(C(N)=O)c(Nc3ccccc3)n2)CN(C(=O)OC2CCCCC2)C1,6.33,0.0,1
CHEMBL2971,N#CCC1(n2cc(C(N)=O)c(Nc3ccccc3)n2)CN(C(=O)OC2CCOC2)C1,6.99,0.0,1
CHEMBL2971,N#CCC1(n2cc(C(N)=O)c(Nc3ccccc3)n2)CN(C(=O)OC2CCOCC2)C1,6.59,0.0,1
CHEMBL2971,N#CCC1(n2cc(C(N)=O)c(Nc3ccccc3)n2)CN(C(=O)OCCCc2cccnc2)C1,6.35,0.0,1
CHEMBL2971,N#CCC1(n2cc(C(N)=O)c(Nc3ccccc3)n2)CN(C(=O)OCCF)C1,7.57,0.0,1
CHEMBL2971,N#CCC1(n2cc(C(N)=O)c(Nc3ccccc3)n2)CN(C(=O)OCCN2CCCC2=O)C1,5.83,0.0,1
CHEMBL2971,N#CCC1(n2cc(C(N)=O)c(Nc3ccccc3)n2)CN(C(=O)OCCN2CCOCC2)C1,6.31,0.0,1
CHEMBL2971,N#CCC1(n2cc(C(N)=O)c(Nc3ccccc3)n2)CN(C(=O)OCCc2cccc3ccccc23)C1,5.83,0.0,1
CHEMBL2971,N#CCC1(n2cc(C(N)=O)c(Nc3ccccc3)n2)CN(C(=O)OCCc2ccccc2)C1,6.09,0.0,1
CHEMBL2971,N#CCC1(n2cc(C(N)=O)c(Nc3ccccc3)n2)CN(C(=O)OCCc2ccccn2)C1,6.07,0.0,1
CHEMBL2971,N#CCC1(n2cc(C(N)=O)c(Nc3ccccc3)n2)CN(C(=O)OCc2ccccc2)C1,6.58,0.0,1
CHEMBL2971,N#CCC1(n2cc(C(N)=O)c(Nc3ccccc3)n2)CN(C(=O)OCc2cccnc2)C1,6.57,0.0,1
CHEMBL2971,N#CCC1(n2cc(C(N)=O)c(Nc3ccccc3)n2)CN(C(=O)OCc2ccncc2)C1,6.45,0.0,1
CHEMBL2971,N#CCC1(n2cc(C(N)=O)c(Nc3ccccc3)n2)CN(C(=O)c2ccccn2)C1,6.27,0.0,1
CHEMBL2971,N#CCC1(n2cc(C(N)=O)c(Nc3ccccc3)n2)CN(CC(F)(F)F)C1,6.06,0.0,1
CHEMBL2971,N#CCC1(n2cc(C(N)=O)c(Nc3ccccc3)n2)CN(S(=O)(=O)C(F)(F)F)C1,6.23,0.0,1
CHEMBL2971,N#CCC1(n2cc(C(N)=O)c(Nc3ccccc3)n2)CN(S(=O)(=O)Cc2ccccc2)C1,6.28,0.0,1
CHEMBL2971,N#CCC1(n2cc(C(N)=O)c(Nc3ccccc3)n2)CN(S(=O)(=O)c2ccccc2)C1,6.33,0.0,1
CHEMBL2971,N#CCC1(n2cc(C(N)=O)c(Nc3ccccc3)n2)CN(S(=O)(=O)c2ccco2)C1,6.61,0.0,1
CHEMBL2971,N#CCC1(n2cc(C(N)=O)c(Nc3ccccc3)n2)COC1,6.62,0.0,1
CHEMBL2971,N#CCC1(n2cc(C(N)=O)c(Nc3cccnc3)n2)CCN(C(=O)OCC(F)(F)F)CC1,8.4,0.0,1
CHEMBL2971,N#CCC1(n2cc(C(N)=O)c(Nc3ccnc(C4CC4)c3)n2)CCN(C(=O)OCC(F)F)CC1,6.7,0.0,1
CHEMBL2971,N#CCC1(n2cc(C(N)=O)c(Nc3ccnc(F)c3)n2)CCC(N)CC1,6.79,0.0,1
CHEMBL2971,N#CCC1(n2cc(C(N)=O)c(Nc3ccnc(F)c3)n2)CCC(N2CC(F)C2)CC1,7.154999999999999,1.138441917710342,2
CHEMBL2971,N#CCC1(n2cc(C(N)=O)c(Nc3ccnc(F)c3)n2)CCC(N2CCC3C=CC=CC32)CC1,7.62,0.0,1
CHEMBL2971,N#CCC1(n2cc(C(N)=O)c(Nc3ccnc(F)c3)n2)CCC(NC2CCCCC2)CC1,6.62,0.0,1
CHEMBL2971,N#CCC1(n2cc(C(N)=O)c(Nc3ccnc(F)c3)n2)CCC(NCC(F)(F)F)CC1,6.1,0.0,1
CHEMBL2971,N#CCC1(n2cc(C(N)=O)c(Nc3ccnc(F)c3)n2)CCC(NCC(F)F)CC1,6.28,0.0,1
CHEMBL2971,N#CCC1(n2cc(C(N)=O)c(Nc3ccnc(F)c3)n2)CCC(NCC2CCCCC2)CC1,6.82,0.0,1
CHEMBL2971,N#CCC1(n2cc(C(N)=O)c(Nc3ccnc(F)c3)n2)CCC(NCc2ccc(C#N)cc2)CC1,6.07,0.0,1
CHEMBL2971,N#CCC1(n2cc(C(N)=O)c(Nc3ccnc(F)c3)n2)CCC(NCc2ccc(Cl)cc2)CC1,7.529999999999999,1.6546298679765208,2
CHEMBL2971,N#CCC1(n2cc(C(N)=O)c(Nc3ccnc(F)c3)n2)CCC(NCc2ccc(F)cc2)CC1,7.01,1.4707821048680192,2
CHEMBL2971,N#CCC1(n2cc(C(N)=O)c(Nc3ccnc(F)c3)n2)CCC(NCc2ccc(F)cc2F)CC1,7.68,1.4424978336205563,2
CHEMBL2971,N#CCC1(n2cc(C(N)=O)c(Nc3ccnc(F)c3)n2)CCC(NCc2ccc(O)cc2)CC1,6.12,0.0,1
CHEMBL2971,N#CCC1(n2cc(C(N)=O)c(Nc3ccnc(F)c3)n2)CCC(NCc2cccc(C#N)c2)CC1,5.85,0.0,1
CHEMBL2971,N#CCC1(n2cc(C(N)=O)c(Nc3ccnc(F)c3)n2)CCC(NCc2cccc(Cl)c2)CC1,6.805,1.3647160876900366,2
CHEMBL2971,N#CCC1(n2cc(C(N)=O)c(Nc3ccnc(F)c3)n2)CCC(NCc2cccc(F)c2)CC1,7.0200000000000005,1.4566399692442884,2
CHEMBL2971,N#CCC1(n2cc(C(N)=O)c(Nc3ccnc(F)c3)n2)CCC(NCc2cccc(O)c2)CC1,6.22,0.0,1
CHEMBL2971,N#CCC1(n2cc(C(N)=O)c(Nc3ccnc(F)c3)n2)CCC(NCc2ccccc2)CC1,7.0649999999999995,1.3222896808188436,2
CHEMBL2971,N#CCC1(n2cc(C(N)=O)c(Nc3ccnc(F)c3)n2)CCC(NCc2ccccc2Cl)CC1,7.369999999999999,1.8809040379562156,2
CHEMBL2971,N#CCC1(n2cc(C(N)=O)c(Nc3ccnc(F)c3)n2)CCC(NCc2ccccc2F)CC1,7.6049999999999995,1.5485638507985389,2
CHEMBL2971,N#CCC1(n2cc(C(N)=O)c(Nc3ccnc(F)c3)n2)CCC(NCc2ccccc2O)CC1,6.33,0.0,1
CHEMBL2971,N#CCC1(n2cc(C(N)=O)c(Nc3ccnc(F)c3)n2)CCC(NCc2ccccn2)CC1,5.86,0.0,1
CHEMBL2971,N#CCC1(n2cc(C(N)=O)c(Nc3ccnc(F)c3)n2)CCC(NCc2cccnc2)CC1,5.98,0.0,1
CHEMBL2971,N#CCC1(n2cc(C(N)=O)c(Nc3ccnc(F)c3)n2)CCC(NCc2ccncc2)CC1,6.0,0.0,1
CHEMBL2971,N#CCC1(n2cc(C(N)=O)c(Nc3ccnc(F)c3)n2)CCC(NS(=O)(=O)c2cccc(F)c2)CC1,6.47,0.0,1
CHEMBL2971,N#CCC1(n2cc(C(N)=O)c(Nc3ccnc(F)c3)n2)CCC(Nc2cc(F)ccc2F)CC1,6.45,0.0,1
CHEMBL2971,N#CCC1(n2cc(C(N)=O)c(Nc3ccnc(F)c3)n2)CCC(Nc2ccc(Cl)cc2)CC1,7.3149999999999995,1.7041273426595793,2
CHEMBL2971,N#CCC1(n2cc(C(N)=O)c(Nc3ccnc(F)c3)n2)CCC(Nc2ccc(F)c(F)c2)CC1,7.37,0.0,1
CHEMBL2971,N#CCC1(n2cc(C(N)=O)c(Nc3ccnc(F)c3)n2)CCC(Nc2ccc(F)cc2)CC1,8.05,0.0,1
CHEMBL2971,N#CCC1(n2cc(C(N)=O)c(Nc3ccnc(F)c3)n2)CCC(Nc2ccc(F)cc2F)CC1,8.133333333333333,1.5885003409925138,3
CHEMBL2971,N#CCC1(n2cc(C(N)=O)c(Nc3ccnc(F)c3)n2)CCC(Nc2cccc(Cl)c2)CC1,7.24,1.6404877323527904,2
CHEMBL2971,N#CCC1(n2cc(C(N)=O)c(Nc3ccnc(F)c3)n2)CCC(Nc2cccc(F)c2)CC1,7.545,1.6334166645409243,2
CHEMBL2971,N#CCC1(n2cc(C(N)=O)c(Nc3ccnc(F)c3)n2)CCC(Nc2ccccc2)CC1,9.22,0.0,1
CHEMBL2971,N#CCC1(n2cc(C(N)=O)c(Nc3ccnc(F)c3)n2)CCC(Nc2ccccc2Cl)CC1,7.09,1.4990663761154805,2
CHEMBL2971,N#CCC1(n2cc(C(N)=O)c(Nc3ccnc(F)c3)n2)CCC(Nc2ccccc2F)CC1,7.87,1.5980613254815972,2
CHEMBL2971,N#CCC1(n2cc(C(N)=O)c(Nc3ccnc(F)c3)n2)CCC(Nc2ccccn2)CC1,6.343333333333334,0.42335957923889395,3
CHEMBL2971,N#CCC1(n2cc(C(N)=O)c(Nc3ccnc(F)c3)n2)CCN(C(=O)C(C2CCC2)C(F)(F)F)CC1,7.43,0.0,1
CHEMBL2971,N#CCC1(n2cc(C(N)=O)c(Nc3ccnc(F)c3)n2)CCN(C(=O)C2(C(F)(F)F)CC2)CC1,7.4,0.0,1
CHEMBL2971,N#CCC1(n2cc(C(N)=O)c(Nc3ccnc(F)c3)n2)CCN(C(=O)C2CC(F)(F)C2)CC1,7.82,0.0,1
CHEMBL2971,N#CCC1(n2cc(C(N)=O)c(Nc3ccnc(F)c3)n2)CCN(C(=O)CC(F)(F)F)CC1,8.0,0.0,1
CHEMBL2971,N#CCC1(n2cc(C(N)=O)c(Nc3ccnc(F)c3)n2)CCN(C(=O)CC2CC2)CC1,7.34,0.0,1
CHEMBL2971,N#CCC1(n2cc(C(N)=O)c(Nc3ccnc(F)c3)n2)CCN(C(=O)CC2CCCO2)CC1,7.38,0.0,1
CHEMBL2971,N#CCC1(n2cc(C(N)=O)c(Nc3ccnc(F)c3)n2)CCN(C(=O)CCC(F)(F)F)CC1,8.05,0.0,1
CHEMBL2971,N#CCC1(n2cc(C(N)=O)c(Nc3ccnc(F)c3)n2)CCN(C(=O)Cn2ccnc2)CC1,6.81,0.0,1
CHEMBL2971,N#CCC1(n2cc(C(N)=O)c(Nc3ccnc(F)c3)n2)CCN(C(=O)OC2CCOC2)CC1,7.42,0.0,1
CHEMBL2971,N#CCC1(n2cc(C(N)=O)c(Nc3ccnc(F)c3)n2)CCN(C(=O)OC2CCOCC2)CC1,7.02,0.0,1
CHEMBL2971,N#CCC1(n2cc(C(N)=O)c(Nc3ccnc(F)c3)n2)CCN(C(=O)OCC(F)(F)F)CC1,8.1,0.0,1
CHEMBL2971,N#CCC1(n2cc(C(N)=O)c(Nc3ccnc(F)c3)n2)CCN(C(=O)OCC(F)F)CC1,8.3,0.0,1
CHEMBL2971,N#CCC1(n2cc(C(N)=O)c(Nc3ccnc(F)c3)n2)CCN(C(=O)OCC2CC2)CC1,7.75,0.0,1
CHEMBL2971,N#CCC1(n2cc(C(N)=O)c(Nc3ccnc(F)c3)n2)CCN(C(=O)O[C@@H]2CCOC2)CC1,7.7,0.0,1
CHEMBL2971,N#CCC1(n2cc(C(N)=O)c(Nc3ccnc(F)c3)n2)CCN(C(=O)O[C@H]2CCOC2)CC1,7.66,0.0,1
CHEMBL2971,N#CCC1(n2cc(C(N)=O)c(Nc3ccnc(F)c3)n2)CCN(CC2CCCCC2)CC1,7.24,0.0,1
CHEMBL2971,N#CCC1(n2cc(C(N)=O)c(Nc3ccnc(F)c3)n2)CCN(CCc2ccccc2)CC1,6.81,0.0,1
CHEMBL2971,N#CCC1(n2cc(C(N)=O)c(Nc3ccnc(F)c3)n2)CCN(Cc2cc3ccccc3[nH]2)CC1,7.85,0.0,1
CHEMBL2971,N#CCC1(n2cc(C(N)=O)c(Nc3ccnc(F)c3)n2)CCN(Cc2cc3ccccn3n2)CC1,6.79,0.0,1
CHEMBL2971,N#CCC1(n2cc(C(N)=O)c(Nc3ccnc(F)c3)n2)CCN(Cc2ccc(C#N)cc2)CC1,8.05,0.0,1
CHEMBL2971,N#CCC1(n2cc(C(N)=O)c(Nc3ccnc(F)c3)n2)CCN(Cc2ccc(Cl)cc2)CC1,8.4,0.0,1
CHEMBL2971,N#CCC1(n2cc(C(N)=O)c(Nc3ccnc(F)c3)n2)CCN(Cc2ccc(F)cc2)CC1,8.4,0.0,1
CHEMBL2971,N#CCC1(n2cc(C(N)=O)c(Nc3ccnc(F)c3)n2)CCN(Cc2ccc(F)cn2)CC1,7.01,0.0,1
CHEMBL2971,N#CCC1(n2cc(C(N)=O)c(Nc3ccnc(F)c3)n2)CCN(Cc2ccc(O)cc2)CC1,8.22,0.0,1
CHEMBL2971,N#CCC1(n2cc(C(N)=O)c(Nc3ccnc(F)c3)n2)CCN(Cc2ccc(O)nc2)CC1,8.1,0.0,1
CHEMBL2971,N#CCC1(n2cc(C(N)=O)c(Nc3ccnc(F)c3)n2)CCN(Cc2ccc3[nH]ccc3c2)CC1,7.51,0.0,1
CHEMBL2971,N#CCC1(n2cc(C(N)=O)c(Nc3ccnc(F)c3)n2)CCN(Cc2cccc(=O)[nH]2)CC1,7.17,0.0,1
CHEMBL2971,N#CCC1(n2cc(C(N)=O)c(Nc3ccnc(F)c3)n2)CCN(Cc2cccc(C#N)c2)CC1,7.48,0.0,1
CHEMBL2971,N#CCC1(n2cc(C(N)=O)c(Nc3ccnc(F)c3)n2)CCN(Cc2cccc(Cl)c2)CC1,8.0,0.0,1
CHEMBL2971,N#CCC1(n2cc(C(N)=O)c(Nc3ccnc(F)c3)n2)CCN(Cc2cccc(F)c2)CC1,8.52,0.0,1
CHEMBL2971,N#CCC1(n2cc(C(N)=O)c(Nc3ccnc(F)c3)n2)CCN(Cc2cccc(F)n2)CC1,7.08,0.0,1
CHEMBL2971,N#CCC1(n2cc(C(N)=O)c(Nc3ccnc(F)c3)n2)CCN(Cc2cccc(O)c2)CC1,9.0,0.0,1
CHEMBL2971,N#CCC1(n2cc(C(N)=O)c(Nc3ccnc(F)c3)n2)CCN(Cc2cccc3cc[nH]c23)CC1,7.39,0.0,1
CHEMBL2971,N#CCC1(n2cc(C(N)=O)c(Nc3ccnc(F)c3)n2)CCN(Cc2cccc3ccnn23)CC1,7.09,0.0,1
CHEMBL2971,N#CCC1(n2cc(C(N)=O)c(Nc3ccnc(F)c3)n2)CCN(Cc2ccccc2)CC1,8.22,0.0,1
CHEMBL2971,N#CCC1(n2cc(C(N)=O)c(Nc3ccnc(F)c3)n2)CCN(Cc2ccccc2C#N)CC1,7.89,0.0,1
CHEMBL2971,N#CCC1(n2cc(C(N)=O)c(Nc3ccnc(F)c3)n2)CCN(Cc2ccccc2Cl)CC1,8.15,0.0,1
CHEMBL2971,N#CCC1(n2cc(C(N)=O)c(Nc3ccnc(F)c3)n2)CCN(Cc2ccccc2F)CC1,8.7,0.0,1
CHEMBL2971,N#CCC1(n2cc(C(N)=O)c(Nc3ccnc(F)c3)n2)CCN(Cc2cccnc2)CC1,8.3,0.0,1
CHEMBL2971,N#CCC1(n2cc(C(N)=O)c(Nc3ccnc(F)c3)n2)CCN(Cc2cccnc2F)CC1,8.22,0.0,1
CHEMBL2971,N#CCC1(n2cc(C(N)=O)c(Nc3ccnc(F)c3)n2)CCN(Cc2cccnn2)CC1,6.84,0.0,1
CHEMBL2971,N#CCC1(n2cc(C(N)=O)c(Nc3ccnc(F)c3)n2)CCN(Cc2ccco2)CC1,7.6,0.0,1
CHEMBL2971,N#CCC1(n2cc(C(N)=O)c(Nc3ccnc(F)c3)n2)CCN(Cc2ccn[nH]2)CC1,7.41,0.0,1
CHEMBL2971,N#CCC1(n2cc(C(N)=O)c(Nc3ccnc(F)c3)n2)CCN(Cc2ccnc3[nH]ccc23)CC1,7.14,0.0,1
CHEMBL2971,N#CCC1(n2cc(C(N)=O)c(Nc3ccnc(F)c3)n2)CCN(Cc2ccon2)CC1,7.33,0.0,1
CHEMBL2971,N#CCC1(n2cc(C(N)=O)c(Nc3ccnc(F)c3)n2)CCN(Cc2cn[nH]c2)CC1,7.16,0.0,1
CHEMBL2971,N#CCC1(n2cc(C(N)=O)c(Nc3ccnc(F)c3)n2)CCN(Cc2cncc(F)c2)CC1,8.3,0.0,1
CHEMBL2971,N#CCC1(n2cc(C(N)=O)c(Nc3ccnc(F)c3)n2)CCN(Cc2cnccn2)CC1,7.55,0.0,1
CHEMBL2971,N#CCC1(n2cc(C(N)=O)c(Nc3ccnc(F)c3)n2)CCN(Cc2cnn3ccccc23)CC1,6.3,0.0,1
CHEMBL2971,N#CCC1(n2cc(C(N)=O)c(Nc3ccnc(F)c3)n2)CCN(Cc2cocn2)CC1,6.93,0.0,1
CHEMBL2971,N#CCC1(n2cc(C(N)=O)c(Nc3ccnc(F)c3)n2)CCN(Cc2cscn2)CC1,6.68,0.0,1
CHEMBL2971,N#CCC1(n2cc(C(N)=O)c(Nc3ccnc(F)c3)n2)CCN(Cc2nc3ccccc3[nH]2)CC1,6.19,0.0,1
CHEMBL2971,N#CCC1(n2cc(C(N)=O)c(Nc3ccnc(F)c3)n2)CCN(Cc2ncco2)CC1,7.14,0.0,1
CHEMBL2971,N#CCC1(n2cc(C(N)=O)c(Nc3cncc(Cl)c3)n2)CCN(C(=O)OCC(F)(F)F)CC1,7.82,0.0,1
CHEMBL2971,N#CCC1(n2cc(C(N)=O)c(Nc3cncc(F)c3)n2)CCN(C(=O)CC(F)(F)F)CC1,7.46,0.0,1
CHEMBL2971,N#CCC1(n2cc(C(N)=O)c(Nc3cncc(F)c3)n2)CCN(C(=O)OCC(F)(F)F)CC1,7.68,0.0,1
CHEMBL2971,N#CCC1(n2cc(C(N)=O)c(Nc3cncc(F)c3)n2)CCN(C(=O)OCC(F)F)CC1,7.72,0.0,1
CHEMBL2971,N#CCC1(n2ccc(-c3nc(-c4c[nH]nc4N)cc4ncccc34)n2)CC(C#N)C1,7.8500000000000005,0.5232590180780453,2
CHEMBL2971,N#CCC1(n2ccc(-c3nc(-c4cc(CO)[nH]n4)cc4ncccc34)n2)CC(C#N)C1,7.47,0.4666904755831215,2
CHEMBL2971,N#CCC1(n2ccc(-c3nc(-c4cc(CO)no4)cc4ncccc34)n2)CC(C#N)C1,7.0,0.0,1
CHEMBL2971,N#CCC1(n2ccc(-c3nc(-c4cc(N)[nH]n4)cc4ncccc34)n2)CC(C#N)C1,7.68,0.0,1
CHEMBL2971,N#CCC1(n2ccc(-c3nc(-c4cc(N)cnn4)cc4ncccc34)n2)CC(C#N)C1,5.42,0.0,1
CHEMBL2971,N#CCC1(n2ccc(-c3nc(-c4cc5n(n4)CCNC5)cc4ncccc34)n2)CC(C#N)C1,7.005000000000001,0.4454772721475252,2
CHEMBL2971,N#CCC1(n2ccc(-c3nc(-c4cc[nH]n4)cc4ncccc34)n2)CC(C(N)=O)C1,5.414999999999999,0.5020458146424484,2
CHEMBL2971,N#CCC1(n2ccc(-c3nc(-c4cc[nH]n4)cc4ncccc34)n2)CC2(COC2)C1,5.55,0.0,1
CHEMBL2971,N#CCC1(n2ccc(-c3nc(-c4cc[nH]n4)cc4ncccc34)n2)CN(CC(F)(F)F)C1,6.37,0.0,1
CHEMBL2971,N#CCC1(n2ccc(-c3nc(-c4ccc(=O)[nH]c4)cc4ncccc34)n2)CN(S(=O)(=O)C2CC2)C1,6.01,0.0,1
CHEMBL2971,N#CCC1(n2ccc(-c3nc(-c4ccc(N)c(C(N)=O)n4)cc4ncccc34)n2)CC(C#N)C1,5.973333333333334,0.9400177303292386,3
CHEMBL2971,N#CCC1(n2ccc(-c3nc(-c4ccc(N)cn4)cc4ncccc34)n2)CC(C#N)C1,6.22,0.0,1
CHEMBL2971,N#CCC1(n2ccc(-c3nc(-c4ccc(N)nc4)cc4ncccc34)n2)CC(C#N)C1,7.07,0.6222539674441621,2
CHEMBL2971,N#CCC1(n2ccc(-c3nc(-c4ccc(N)nc4)cc4ncccc34)n2)CN(CC(F)(F)F)C1,6.08,0.0,1
CHEMBL2971,N#CCC1(n2ccc(-c3nc(-c4ccc(O)nc4)cc4ncccc34)n2)CN(C2CC(F)(F)C2)C1,5.68,0.0,1
CHEMBL2971,N#CCC1(n2ccc(-c3nc(-c4ccc(O)nc4)cc4ncccc34)n2)CN(CC(F)(F)F)C1,6.4,0.0,1
CHEMBL2971,N#CCC1(n2ccc(-c3nc(-c4ccc(S(N)(=O)=O)nc4)cc4ncccc34)n2)CC(C#N)C1,6.965,0.6293250352560277,2
CHEMBL2971,N#CCC1(n2ccc(-c3nc(-c4ccc5nncn5c4)cc4ncccc34)n2)CN(CC(F)(F)F)C1,5.89,0.0,1
CHEMBL2971,N#CCC1(n2ccc(-c3nc(-c4cccc(C(N)=O)n4)cc4ncccc34)n2)CC(C#N)C1,6.33,0.0,1
CHEMBL2971,N#CCC1(n2ccc(-c3nc(-c4cccc(CO)n4)cc4ncccc34)n2)CC(C#N)C1,6.05,0.0,1
CHEMBL2971,N#CCC1(n2ccc(-c3nc(-c4cccc(O)n4)cc4ncccc34)n2)CC(C#N)C1,6.78,0.1838477631085022,2
CHEMBL2971,N#CCC1(n2ccc(-c3nc(-c4cccnc4)cc4ncccc34)n2)CN(CC(F)(F)F)C1,6.01,0.0,1
CHEMBL2971,N#CCC1(n2ccc(-c3nc(-c4ccn(C5COC5)n4)cc4ncccc34)n2)CN(CC(F)(F)F)C1,5.63,0.0,1
CHEMBL2971,N#CCC1(n2ccc(-c3nc(-c4ccn[nH]4)cc4ncccc34)n2)CC(C#N)C1,6.96,0.4808326112068521,2
CHEMBL2971,N#CCC1(n2ccc(-c3nc(-c4ccn[nH]4)cc4ncccc34)n2)CC(CO)C1,5.6899999999999995,0.08485281374238547,2
CHEMBL2971,N#CCC1(n2ccc(-c3nc(-c4ccn[nH]4)cc4ncccc34)n2)CN(S(=O)(=O)C2CC2)C1,6.09,0.0,1
CHEMBL2971,N#CCC1(n2ccc(-c3nc(-c4ccn[nH]4)cc4ncccc34)n2)CN(S(=O)(=O)C2COC2)C1,6.73,0.0,1
CHEMBL2971,N#CCC1(n2ccc(-c3nc(-c4ccnc(C(N)=O)c4)cc4ncccc34)n2)CC(C#N)C1,6.93,0.0,1
CHEMBL2971,N#CCC1(n2ccc(-c3nc(-c4ccnc(C(N)=O)c4)cc4ncccc34)n2)CN(CC(F)(F)F)C1,5.66,0.0,1
CHEMBL2971,N#CCC1(n2ccc(-c3nc(-c4ccnc(C(N)=O)n4)cc4ncccc34)n2)CC(C#N)C1,6.14,0.0,1
CHEMBL2971,N#CCC1(n2ccc(-c3nc(-c4ccnc(CO)c4)cc4ncccc34)n2)CC(C#N)C1,7.34,0.0,1
CHEMBL2971,N#CCC1(n2ccc(-c3nc(-c4ccnc(N)c4)cc4ncccc34)n2)CC(C#N)C1,7.1,0.5656854249492376,2
CHEMBL2971,N#CCC1(n2ccc(-c3nc(-c4ccnc(N)c4)cc4ncccc34)n2)CN(CC(F)(F)F)C1,6.16,0.0,1
CHEMBL2971,N#CCC1(n2ccc(-c3nc(-c4ccncc4)cc4ncccc34)n2)CN(CC(F)(F)F)C1,6.41,0.0,1
CHEMBL2971,N#CCC1(n2ccc(-c3nc(-c4ccncc4F)cc4ncccc34)n2)CN(CC(F)(F)F)C1,5.01,0.0,1
CHEMBL2971,N#CCC1(n2ccc(-c3nc(-c4ccnnc4)cc4ncccc34)n2)CN(CC(F)(F)F)C1,5.21,0.0,1
CHEMBL2971,N#CCC1(n2ccc(-c3nc(-c4cn(C5COC5)cn4)cc4ncccc34)n2)CN(CC(F)(F)F)C1,5.86,0.0,1
CHEMBL2971,N#CCC1(n2ccc(-c3nc(-c4cn[nH]c4)cc4ncccc34)n2)CC(C#N)C1,7.050000000000001,0.6081118318204314,2
CHEMBL2971,N#CCC1(n2ccc(-c3nc(-c4cn[nH]c4)cc4ncccc34)n2)CC(c2ccn[nH]2)C1,6.99,0.0,1
CHEMBL2971,N#CCC1(n2ccc(-c3nc(-c4cn[nH]c4)cc4ncccc34)n2)CN(CC(F)(F)F)C1,6.57,0.0,1
CHEMBL2971,N#CCC1(n2ccc(-c3nc(-c4cn[nH]c4CO)cc4ncccc34)n2)CC(C#N)C1,7.23,0.6081118318204308,2
CHEMBL2971,N#CCC1(n2ccc(-c3nc(-c4cn[nH]n4)cc4ncccc34)n2)CN(CC(F)(F)F)C1,5.47,0.0,1
CHEMBL2971,N#CCC1(n2ccc(-c3nc(-c4cnc5c(c4)CCC5)cc4ncccc34)n2)CN(CC(F)(F)F)C1,5.24,0.0,1
CHEMBL2971,N#CCC1(n2ccc(-c3nc(-c4cnc5cc[nH]c5c4)cc4ncccc34)n2)CN(CC(F)(F)F)C1,6.18,0.0,1
CHEMBL2971,N#CCC1(n2ccc(-c3nc(-c4cncc(F)c4)cc4ncccc34)n2)CN(CC(F)(F)F)C1,5.17,0.0,1
CHEMBL2971,N#CCC1(n2ccc(-c3nc(-c4cnn(C5CCCCO5)n4)cc4ncccc34)n2)CN(CC(F)(F)F)C1,5.56,0.0,1
CHEMBL2971,N#CCC1(n2ccc(-c3nc(-c4cnn(C5CCNCC5)c4)cc4ncccc34)n2)CN(CC(F)(F)F)C1,7.27,0.0,1
CHEMBL2971,N#CCC1(n2ccc(-c3nc(-c4cnn(C5CNC5)c4)cc4ncccc34)n2)CN(CC(F)(F)F)C1,6.49,0.0,1
CHEMBL2971,N#CCC1(n2ccc(-c3nc(-c4cnn(C5COC5)c4)cc4ncccc34)n2)CN(CC(F)(F)F)C1,7.09,0.0,1
CHEMBL2971,N#CCC1(n2ccc(-c3nc(-c4cnn(CCO)c4)cc4ncccc34)n2)CC(C#N)C1,7.3100000000000005,0.5515432893255069,2
CHEMBL2971,N#CCC1(n2ccc(-c3nc(-c4cnnc(N)c4)cc4ncccc34)n2)CC(C#N)C1,6.15,0.28284271247461834,2
CHEMBL2971,N#CCC1(n2ccc(-c3nc(-c4nc(CO)cs4)cc4ncccc34)n2)CC(C#N)C1,6.09,0.0,1
CHEMBL2971,N#CCC1(n2ccc(-c3nc(-c4ncc[nH]4)cc4ncccc34)n2)CN(CC(F)(F)F)C1,5.59,0.0,1
CHEMBL2971,N#CCC1(n2ccc(-c3nc(Oc4cccc(N)n4)cc4ncccc34)n2)CC(C#N)C1,5.48,0.0,1
CHEMBL2971,N#CCC1(n2nc(Nc3ccc(C#N)cc3)c3c(=O)[nH]ccc32)CCCC1,8.43,0.0,1
CHEMBL2971,N#CCC1(n2nc(Nc3ccc(C(F)(F)F)cc3)c3c(=O)[nH]ccc32)CCC(O)CC1,7.07,0.0,1
CHEMBL2971,N#CCC1(n2nc(Nc3ccc(C(F)(F)F)cc3)c3c(=O)[nH]ccc32)CCC2(CC1)OCCO2,7.67,0.0,1
CHEMBL2971,N#CCC1(n2nc(Nc3ccc(C(N)C(F)(F)F)cc3)c3c(=O)[nH]ccc32)CCCC1,8.785,0.03535533905932788,2
CHEMBL2971,N#CCC1(n2nc(Nc3ccc(C(N)C(F)F)cc3)c3c(=O)[nH]ccc32)CCCCC1,6.29,0.0,1
CHEMBL2971,N#CCC1(n2nc(Nc3ccc(Cl)cc3)c3c(=O)[nH]ccc32)CCC(O)CC1,7.42,0.0,1
CHEMBL2971,N#CCC1(n2nc(Nc3ccc(F)cc3)c3c(=O)[nH]ccc32)CCN(C(=O)C2CC2)CC1,8.72,0.0,1
CHEMBL2971,N#CCC1(n2nc(Nc3ccc(S(=O)(=O)C(F)F)cc3)c3c(=O)[nH]ccc32)CCN(c2ccc(C#N)cn2)CC1,9.59,0.0,1
CHEMBL2971,N#CCC1(n2nc(Nc3ccc(S(=O)(=O)N4CCC4)cc3)c3c(=O)[nH]ccc32)CCCC1,9.17,0.0,1
CHEMBL2971,N#CCC1(n2nc(Nc3ccc([C@@H](O)C(F)(F)F)cc3)c3c(=O)[nH]ccc32)CCN(c2cc(C(F)(F)F)ccn2)CC1,8.32,0.0,1
CHEMBL2971,N#CCC1(n2nc(Nc3ccc([C@H](O)C(F)(F)F)cc3)c3c(=O)[nH]ccc32)CCN(c2cc(C(F)(F)F)ccn2)CC1,8.42,0.0,1
CHEMBL2971,N#CCC1(n2nc(Nc3ccc4c(c3)CN(CC(F)(F)F)C4=O)c3c(=O)[nH]ccc32)CCCC1,8.82,0.0,1
CHEMBL2971,N#CCC1(n2nc(Nc3ccc4c(c3)COC4=O)c3c(=O)[nH]ccc32)CCCC1,8.57,0.0,1
CHEMBL2971,N#CCC1(n2ncc(-c3cc(-c4c[nH]nc4CO)cc4ncccc34)n2)CC(C#N)C1,6.470000000000001,0.5515432893255069,2
CHEMBL2971,N#CCC1(n2ncc(-c3cc(-c4cc(CO)[nH]n4)cc4ncccc34)n2)CC(C#N)C1,6.88,0.0,1
CHEMBL2971,N#CCC1(n2ncc(-c3cc(-c4cc(CO)ns4)cc4ncccc34)n2)CC(C#N)C1,5.73,0.0,1
CHEMBL2971,N#CCC1(n2ncc(-c3cc(-c4cc(N)[nH]n4)cc4ncccc34)n2)CC(C#N)C1,7.14,0.537401153701776,2
CHEMBL2971,N#CCC1(n2ncc(-c3cc(-c4cc(N)ncn4)cc4ncccc34)n2)CC(C#N)C1,6.11,0.0,1
CHEMBL2971,N#CCC1(n2ncc(-c3cc(-c4cc5c(cn4)CCN5)cc4ncccc34)n2)CC(C#N)C1,6.09,0.0,1
CHEMBL2971,N#CCC1(n2ncc(-c3cc(-c4cc[nH]c(=O)c4)cc4ncccc34)n2)CC(C#N)C1,6.225,0.6434671708797584,2
CHEMBL2971,N#CCC1(n2ncc(-c3cc(-c4cc[nH]n4)cc4ncccc34)n2)CC(C#N)C1,7.15,0.5515432893255069,2
CHEMBL2971,N#CCC1(n2ncc(-c3cc(-c4cc[nH]n4)cc4ncccc34)n2)CN(CC(F)(F)F)C1,6.22,0.0,1
CHEMBL2971,N#CCC1(n2ncc(-c3cc(-c4cc[nH]n4)cc4ncccc34)n2)CN(CC2(F)CC2)C1,5.61,0.0,1
CHEMBL2971,N#CCC1(n2ncc(-c3cc(-c4cc[nH]n4)cc4ncccc34)n2)CN(S(=O)(=O)C2CC2)C1,6.6,0.0,1
CHEMBL2971,N#CCC1(n2ncc(-c3cc(-c4cc[nH]n4)cc4ncccc34)n2)CN(S(N)(=O)=O)C1,6.91,0.0,1
CHEMBL2971,N#CCC1(n2ncc(-c3cc(-c4ccc(-c5nnn[nH]5)cc4)cc4ncccc34)n2)CC(C#N)C1,6.8,0.0,1
CHEMBL2971,N#CCC1(n2ncc(-c3cc(-c4ccc(C(=O)O)cc4)cc4ncccc34)n2)CC(C#N)C1,6.35,0.5656854249492376,2
CHEMBL2971,N#CCC1(n2ncc(-c3cc(-c4ccc(C(N)=O)cc4)cc4ncccc34)n2)CC(C#N)C1,6.535,0.5727564927611039,2
CHEMBL2971,N#CCC1(n2ncc(-c3cc(-c4ccc(C(N)=O)cn4)cc4ncccc34)n2)CC(C#N)C1,6.5649999999999995,0.5727564927611035,2
CHEMBL2971,N#CCC1(n2ncc(-c3cc(-c4ccc(F)cn4)cc4ncccc34)n2)CC(C#N)C1,6.5,0.6222539674441624,2
CHEMBL2971,N#CCC1(n2ncc(-c3cc(-c4ccc(N)cn4)cc4ncccc34)n2)CC(C#N)C1,6.805,0.5020458146424484,2
CHEMBL2971,N#CCC1(n2ncc(-c3cc(-c4ccc(N)nc4)cc4ncccc34)n2)CC(C#N)C1,6.405,0.5303300858899106,2
CHEMBL2971,N#CCC1(n2ncc(-c3cc(-c4ccc(N)nn4)cc4ncccc34)n2)CC(C#N)C1,6.8,0.5232590180780453,2
CHEMBL2971,N#CCC1(n2ncc(-c3cc(-c4ccc(OCCN)cc4)cc4ncccc34)n2)CC(C#N)C1,6.09,0.0,1
CHEMBL2971,N#CCC1(n2ncc(-c3cc(-c4cccc(C(=O)O)n4)cc4ncccc34)n2)CC(C#N)C1,6.125,0.4737615433949868,2
CHEMBL2971,N#CCC1(n2ncc(-c3cc(-c4cccc(C(N)=O)c4)cc4ncccc34)n2)CC(C#N)C1,6.375,0.558614357137372,2
CHEMBL2971,N#CCC1(n2ncc(-c3cc(-c4cccc(C(N)=O)n4)cc4ncccc34)n2)CC(C#N)C1,7.3,0.4242640687119283,2
CHEMBL2971,N#CCC1(n2ncc(-c3cc(-c4cccc(N)n4)cc4ncccc34)n2)CC(C#N)C1,6.605,0.6151828996322961,2
CHEMBL2971,N#CCC1(n2ncc(-c3cc(-c4cccc5c4NC(=O)C5)cc4ncccc34)n2)CC(C#N)C1,5.19,0.0,1
CHEMBL2971,N#CCC1(n2ncc(-c3cc(-c4ccccn4)cc4ncccc34)n2)CC(C#N)C1,6.91,0.0,1
CHEMBL2971,N#CCC1(n2ncc(-c3cc(-c4ccn[nH]4)cc4ncccc34)n2)CN(S(=O)(=O)C2COC2)C1,6.71,0.0,1
CHEMBL2971,N#CCC1(n2ncc(-c3cc(-c4ccnc(N)c4)cc4ncccc34)n2)CC(C#N)C1,5.89,0.0,1
CHEMBL2971,N#CCC1(n2ncc(-c3cc(-c4cn5ccnc5c(N)n4)cc4ncccc34)n2)CC(C#N)C1,6.74,0.0,1
CHEMBL2971,N#CCC1(n2ncc(-c3cc(-c4cn[nH]c4)cc4ncccc34)n2)CC(C#N)C1,6.995,0.45961940777125615,2
CHEMBL2971,N#CCC1(n2ncc(-c3cc(-c4cn[nH]c4N)cc4ncccc34)n2)CC(C#N)C1,6.695,0.5868986283848344,2
CHEMBL2971,N#CCC1(n2ncc(-c3cc(-c4cnc(CO)s4)cc4ncccc34)n2)CC(C#N)C1,6.0,0.0,1
CHEMBL2971,N#CCC1(n2ncc(-c3cc(-c4cnc(N)cn4)cc4ncccc34)n2)CC(C#N)C1,5.98,0.0,1
CHEMBL2971,N#CCC1(n2ncc(-c3cc(-c4cnc(N)nc4)cc4ncccc34)n2)CC(C#N)C1,5.28,0.0,1
CHEMBL2971,N#CCC1(n2ncc(-c3cc(-c4cnc5[nH]ccc5n4)cc4ncccc34)n2)CC(C#N)C1,5.64,0.0,1
CHEMBL2971,N#CCC1(n2ncc(-c3cc(-c4cnc5c(N)nccn45)cc4ncccc34)n2)CC(C#N)C1,5.83,0.0,1
CHEMBL2971,N#CCC1(n2ncc(-c3cc(-c4cnc5cccnn45)cc4ncccc34)n2)CC(C#N)C1,6.45,0.0,1
CHEMBL2971,N#CCC1(n2ncc(-c3cc(-c4cnc5ncccn45)cc4ncccc34)n2)CC(C#N)C1,5.8149999999999995,1.0253048327204937,2
CHEMBL2971,N#CCC1(n2ncc(-c3cc(-c4cncc(N)n4)cc4ncccc34)n2)CC(C#N)C1,5.4399999999999995,0.5515432893255069,2
CHEMBL2971,N#CCC1(n2ncc(-c3cc(-c4cnccn4)cc4ncccc34)n2)CC(C#N)C1,5.51,0.0,1
CHEMBL2971,N#CCC1(n2ncc(-c3cc(-c4cncnc4)cc4ncccc34)n2)CC(C#N)C1,5.01,0.0,1
CHEMBL2971,N#CCC1(n2ncc(-c3cc(-c4cnn(CCO)c4)cc4ncccc34)n2)CC(C#N)C1,7.3149999999999995,0.04949747468305758,2
CHEMBL2971,N#CCC1(n2ncc(-c3cc(-c4cnn5cccnc45)cc4ncccc34)n2)CC(C#N)C1,6.234999999999999,0.6576093065034894,2
CHEMBL2971,N#CCC1(n2ncc(-c3cc(-c4nc(CO)cs4)cc4ncccc34)n2)CC(C#N)C1,6.61,0.5939696961966998,2
CHEMBL2971,N#CCC1(n2ncc(-c3cc(-c4ncc(CO)s4)cc4ncccc34)n2)CC(C#N)C1,6.18,0.0,1
CHEMBL2971,N#CCC12CCC(NC(=O)Cc3nc4cnc5[nH]ccc5c4n3[C@H]3CC[C@H](CC#N)CC3)(CC1)C2,8.364999999999998,0.247487373415292,2
CHEMBL2971,N#CCC12CCC(n3c(CC(=O)N4CCCCC4)nc4cnc5[nH]ccc5c43)(CC1)CC2,6.31,0.0,1
CHEMBL2971,N#CCC12CCC(n3c(CC(=O)NCC4CCCCC4)nc4cnc5[nH]ccc5c43)(CC1)CC2,6.36,0.0,1
CHEMBL2971,N#CCC12CCC(n3c(CC(=O)Nc4ccccc4)nc4cnc5[nH]ccc5c43)(CC1)CC2,6.7,0.0,1
CHEMBL2971,N#CCC12CCC(n3c(CC(N)=O)nc4cnc5[nH]ccc5c43)(CC1)CC2,6.68,0.0,1
CHEMBL2971,N#CCC1CC(CC#N)(n2cc(-c3nc(-c4cn[nH]c4)cc4ncccc34)cn2)C1,7.24,0.4808326112068521,2
CHEMBL2971,N#CCC1CC(CC#N)(n2ccc(-c3nc(-c4ccn[nH]4)cc4ncccc34)n2)C1,6.359999999999999,0.43840620433565985,2
CHEMBL2971,N#CCC1CC(CC#N)(n2ccc(-c3nc(-c4cn[nH]c4)cc4ncccc34)n2)C1,6.545,0.6151828996322961,2
CHEMBL2971,N#CCC1CCC(n2c(-c3c[nH]cn3)nc3cnc4[nH]ccc4c32)CC1,9.0,0.0,1
CHEMBL2971,N#CCC1CCC(n2c(CC(=O)NC34CCC(CC#N)(CC3)C4)nc3cnc4[nH]ccc4c32)CC1,8.19,0.0,1
CHEMBL2971,N#CCC1CCC(n2c(CC(=O)NC3CCOCC3)nc3cnc4[nH]ccc4c32)CC1,8.68,0.0,1
CHEMBL2971,N#CCC1CCC(n2c(CC(=O)NCC3(O)CC3)nc3cnc4[nH]ccc4c32)CC1,8.03,0.0,1
CHEMBL2971,N#CCC1CCC(n2c(CC(=O)NCC3(O)CCC3)nc3cnc4[nH]ccc4c32)CC1,8.15,0.0,1
CHEMBL2971,N#CCC1CCC(n2c(CC(=O)NCC3CC3)nc3cnc4[nH]ccc4c32)CC1,8.21,0.0,1
CHEMBL2971,N#CCC1CCC(n2c(CC(=O)Nc3cc[nH]n3)nc3cnc4[nH]ccc4c32)CC1,8.8,0.0,1
CHEMBL2971,N#CCC1CCN(c2ccc(Nc3nc(N4CCC(CC#N)CC4)nc4cn[nH]c(=O)c34)cn2)CC1,7.52,0.0,1
CHEMBL2971,N#CCC1CCN(c2nc(C=N)c(C(N)=O)c(Nc3ccc(CCN4CCN(CCO)CC4)cc3)n2)CC1,7.52,0.0,1
CHEMBL2971,N#CCC1CCN(c2nc(C=N)c(C(N)=O)c(Nc3ccc(N4CCC(CCCO)CC4)cc3)n2)CC1,7.52,0.0,1
CHEMBL2971,N#CCC1CCN(c2nc(C=N)c(C(N)=O)c(Nc3ccc(N4CCC(O)CC4)cc3)n2)CC1,7.52,0.0,1
CHEMBL2971,N#CCC1CCN(c2nc(C=N)c(C(N)=O)c(Nc3ccc(N4CCC5(CC4)CC5CO)cc3)n2)CC1,7.52,0.0,1
CHEMBL2971,N#CCC1CCN(c2nc(C=N)c(C(N)=O)c(Nc3ccc(N4CCN(CCCO)CC4)cc3)n2)CC1,7.52,0.0,1
CHEMBL2971,N#CCC1CCN(c2nc(C=N)c(C(N)=O)c(Nc3ccc(N4CCN(CCN)CC4)cc3)n2)CC1,7.52,0.0,1
CHEMBL2971,N#CCC1CCN(c2nc(C=N)c(C(N)=O)c(Nc3ccc(N4CCNCC4)nc3)n2)CC1,7.12,0.0,1
CHEMBL2971,N#CCC1CCN(c2nc(C=N)c(C(N)=O)c(Nc3ccc(OCCN)cc3)n2)CC1,7.52,0.0,1
CHEMBL2971,N#CCC1CCN(c2nc(C=N)c(C(N)=O)c(Nc3ccc(OCCN4CCC(CO)CC4)cc3)n2)CC1,7.52,0.0,1
CHEMBL2971,N#CCC1CCN(c2nc(Nc3ccc(-c4nn[nH]n4)cc3)c3c(=O)[nH]ncc3n2)CC1,7.52,0.0,1
CHEMBL2971,N#CCC1CCN(c2nc(Nc3ccc(CCC(=O)O)cc3)c3c(=O)[nH]ncc3n2)CC1,7.52,0.0,1
CHEMBL2971,N#CCC1CCN(c2nc(Nc3ccc(CCCF)cc3)c3c(=O)[nH]ncc3n2)CC1,7.52,0.0,1
CHEMBL2971,N#CCC1CCN(c2nc(Nc3ccc(CCCN4CCNCC4)cc3)c3c(=O)[nH]ncc3n2)CC1,7.52,0.0,1
CHEMBL2971,N#CCC1CCN(c2nc(Nc3ccc(CCCO)cc3)c3c(=O)[nH]ncc3n2)CC1,7.52,0.0,1
CHEMBL2971,N#CCC1CCN(c2nc(Nc3ccc(CCO)cc3)c3c(=O)[nH]ncc3n2)CC1,7.52,0.0,1
CHEMBL2971,N#CCC1CCN(c2nc(Nc3ccc(N4CCC(CC(=O)O)CC4)nc3)c3c(=O)[nH]ncc3n2)CC1,7.52,0.0,1
CHEMBL2971,N#CCC1CCN(c2nc(Nc3ccc(N4CCC(CCC(=O)O)CC4)cc3)c3c(=O)[nH]ncc3n2)CC1,7.52,0.0,1
CHEMBL2971,N#CCC1CCN(c2nc(Nc3ccc(N4CCC(CCF)CC4)cc3)c3c(=O)[nH]ncc3n2)CC1,7.52,0.0,1
CHEMBL2971,N#CCC1CCN(c2nc(Nc3ccc(N4CCC(F)CC4)cc3)c3c(=O)[nH]ncc3n2)CC1,7.52,0.0,1
CHEMBL2971,N#CCC1CCN(c2nc(Nc3ccc(N4CCC(O)CC4)cc3)c3c(=O)[nH]ncc3n2)CC1,8.4,0.0,1
CHEMBL2971,N#CCC1CCN(c2nc(Nc3ccc(N4CCC5(CC4)CC5C(=O)O)nc3)c3c(=O)[nH]ncc3n2)CC1,7.52,0.0,1
CHEMBL2971,N#CCC1CCN(c2nc(Nc3ccc(N4CCCC(CC(=O)O)C4)nc3)c3c(=O)[nH]ncc3n2)CC1,7.52,0.0,1
CHEMBL2971,N#CCC1CCN(c2nc(Nc3ccc(N4CCCC(CCO)C4)cc3)c3c(=O)[nH]ncc3n2)CC1,7.52,0.0,1
CHEMBL2971,N#CCC1CCN(c2nc(Nc3ccc(N4CCCC(O)C4)nc3)c3c(=O)[nH]ncc3n2)CC1,7.52,0.0,1
CHEMBL2971,N#CCC1CCN(c2nc(Nc3ccc(N4CCN(CCF)CC4)cc3)c3c(=O)[nH]ncc3n2)CC1,7.52,0.0,1
CHEMBL2971,N#CCC1CCN(c2nc(Nc3ccc(OC4CCN(CCO)CC4)cc3)c3c(=O)[nH]ncc3n2)CC1,7.52,0.0,1
CHEMBL2971,N#CCC1CCN(c2nc(Nc3ccc(OCCC4CCNCC4)cc3)c3c(=O)[nH]ncc3n2)CC1,7.52,0.0,1
CHEMBL2971,N#CCC1CCN(c2nc(Nc3ccc(OCCCO)cc3)c3c(=O)[nH]ncc3n2)CC1,7.52,0.0,1
CHEMBL2971,N#CCC1CCN(c2nc(Nc3ccc(OCCO)cc3)c3c(=O)[nH]ncc3n2)CC1,7.52,0.0,1
CHEMBL2971,N#CCC1CCN(c2nc(Nc3ccc4[nH]c(=O)[nH]c4c3)c3c(=O)[nH]ncc3n2)CC1,7.52,0.0,1
CHEMBL2971,N#CCC1CCN(c2nc(Nc3ccc4[nH]nnc4c3)c3c(=O)[nH]ncc3n2)CC1,7.52,0.0,1
CHEMBL2971,N#CCCC(=O)N1CC[C@H](Oc2ccc(-c3ncnc(Nc4ccc(N5CCN(C6COC6)CC5)cc4)n3)cc2C#N)[C@H](F)C1,6.16,0.0,1
CHEMBL2971,N#CCCC(=O)NCc1nc2cnc3[nH]ccc3c2n1[C@H]1CC[C@H](CC#N)CC1,7.13,0.0,1
CHEMBL2971,N#CCCCN1CCC(CC#N)(n2cc(C(N)=O)c(Nc3ccccc3)n2)CC1,6.5,0.0,1
CHEMBL2971,N#CCCCN1CN([C@H]2CC[C@H](CNCC(F)(F)F)CC2)c2c(cnc3[nH]ccc23)C1=O,7.44,0.0,1
CHEMBL2971,N#CCCN(CCC#N)C1CCC(c2nnn3cnc4[nH]ccc4c23)CC1,8.6,0.0,1
CHEMBL2971,N#CCCN(CCC#N)C[C@H]1CC[C@H](c2nnn3cnc4[nH]ccc4c23)CC1,8.72,0.0,1
CHEMBL2971,N#CCCN(C[C@H]1CC[C@H](c2nnn3cnc4[nH]ccc4c23)CC1)c1ccccc1,7.23,0.0,1
CHEMBL2971,N#CCCN1CC2(CCC(c3cccc4nc(NC(=O)C5CC5)nn34)CC2)C1,6.1,0.0,1
CHEMBL2971,N#CCCN1CCC(Nc2c(-c3cn[nH]c3)cnc3[nH]ccc23)CC1,8.57,0.0,1
CHEMBL2971,N#CCCN1CCC[C@@H](Nc2c(-c3ncco3)cnc3[nH]ccc23)C1,7.26,0.0,1
CHEMBL2971,N#CCCN1CCN(C[C@H]2CC[C@H](N3CN(C4CC4)C(=O)c4cnc5[nH]ccc5c43)CC2)CC1,6.1,0.0,1
CHEMBL2971,N#CCCN1CCN(C[C@H]2CC[C@H](c3nnn4cnc5[nH]ccc5c34)CC2)CC1,6.72,0.0,1
CHEMBL2971,N#CCCN1[C@@H]2CC[C@H]1CN(c1ccnc(Nc3cn[nH]c3)n1)C2,6.39,0.0,1
CHEMBL2971,N#CCCNC(=O)Cc1nc2cnc3[nH]ccc3c2n1C1CCC(CC#N)CC1,8.18,0.0,1
CHEMBL2971,N#CCCNC(=O)Cc1nc2cnc3[nH]ccc3c2n1[C@H]1CC[C@H](CC#N)CC1,7.615,0.7990306627407984,2
CHEMBL2971,N#CCCNC(=O)[C@H]1CC[C@H](c2nnn3cnc4[nH]ccc4c23)CC1,7.44,0.0,1
CHEMBL2971,N#CCCNC(=O)c1nc2cnc3[nH]ccc3c2n1[C@H]1CC[C@H](CC#N)CC1,7.72,0.0,1
CHEMBL2971,N#CCCNC[C@H]1CC[C@H](c2nnn3cnc4[nH]ccc4c23)CC1,7.58,0.0,1
CHEMBL2971,N#CCCN[C@H]1CC[C@H](c2nnn3cnc4[nH]ccc4c23)CC1,7.05,0.0,1
CHEMBL2971,N#CCCS(=O)(=O)NCc1nc2cnc3[nH]ccc3c2n1[C@H]1CC[C@H](CC#N)CC1,8.15,0.0,1
CHEMBL2971,N#CCC[C@H]1CC[C@H](c2nnn3cnc4[nH]ccc4c23)CC1,8.34,0.0,1
CHEMBL2971,N#CCC[C@H]1CC[C@H](n2c(=O)[nH]c(=O)c3cnc4[nH]ccc4c32)CC1,7.6,0.0,1
CHEMBL2971,N#CCCc1ccc(-c2nc3cnc4[nH]ccc4c3n2C2CCCCC2)o1,7.32,0.0,1
CHEMBL2971,N#CCCn1cc(-c2ccc(Nc3nn([C@H]4CCCC[C@@H]4C#N)c4cc[nH]c(=O)c34)cc2)cn1,5.96,0.0,1
CHEMBL2971,N#CCCn1cc(-c2nc(Nc3ccc(NC(=O)CCCCCCC(=O)NO)cc3)nc3[nH]ccc23)cn1,10.4,0.0,1
CHEMBL2971,N#CCCn1cc(-c2nc(Nc3ccc4c(c3)CCN4)ncc2F)cn1,6.54,0.0,1
CHEMBL2971,N#CCCn1cc(-c2nc(Nc3ccc4c(c3)CCN4C(=O)C3(C#N)CC3)ncc2F)cn1,7.55,0.0,1
CHEMBL2971,N#CCCn1cc(-c2nc(Nc3ccc4c(c3)CCN4C(=O)CN3CCS(=O)(=O)CC3)ncc2F)cn1,7.85,0.0,1
CHEMBL2971,N#CCCn1cc(-c2nc(Nc3ccc4c(c3)CCN4C(=O)c3ccc(C(F)(F)F)cc3)ncc2F)cn1,6.82,0.0,1
CHEMBL2971,N#CCCn1cc(-c2nc(Nc3ccc4c(c3)CCN4S(=O)(=O)C(F)(F)F)ncc2F)cn1,6.71,0.0,1
CHEMBL2971,N#CCCn1cc(-c2nc(Nc3ccc4c(c3)CCN4S(=O)(=O)c3ccc(C(F)(F)F)cc3)ncc2F)cn1,7.4,0.0,1
CHEMBL2971,N#CCCn1cc(-c2nc(Nc3ccc4c(c3)CNC4=O)ncc2F)cn1,7.24,0.0,1
CHEMBL2971,N#CCCn1cc(-c2nc(Nc3ccc4c(ccn4C(=O)C4CC4)c3)ncc2F)cn1,6.52,0.0,1
CHEMBL2971,N#CCCn1cc(-c2nc(Nc3ccc4c(ccn4S(=O)(=O)C(F)(F)F)c3)ncc2F)cn1,6.8,0.0,1
CHEMBL2971,N#CCCn1ccc(-c2ccc(Nc3nn([C@@H](CC#N)C4CC4)c4cc[nH]c(=O)c34)cc2Cl)n1,5.91,0.0,1
CHEMBL2971,N#CCN(C1CC1)[C@@H]1CCN(c2ncnc3[nH]ccc23)C1,9.26,0.0,1
CHEMBL2971,N#CCN(C1CCC1)[C@@H]1CCN(c2ncnc3[nH]ccc23)C1,9.26,0.0,1
CHEMBL2971,N#CCN(CC1CC1)C[C@H]1CC[C@H](c2nnn3cnc4[nH]ccc4c23)CC1,6.89,0.0,1
CHEMBL2971,N#CCN(C[C@H]1CC[C@H](c2nnn3cnc4[nH]ccc4c23)CC1)C(=O)CC(F)(F)F,8.25,0.0,1
CHEMBL2971,N#CCN1C/C=C/CCOc2cccc(c2)-c2ccnc(n2)Nc2ccc(OCCN3CCCC3)c(c2)C1,6.82,0.0,1
CHEMBL2971,N#CCN1CC(CC#N)(n2ccc(-c3nc(-c4cnn(C5COC5)c4)cc4ncccc34)n2)C1,7.55,0.0,1
CHEMBL2971,N#CCN1CC2(CCC(c3cccc4nc(NC(=O)C5CC5)nn34)CC2)C1,5.99,0.0,1
CHEMBL2971,N#CCN1CCC(Nc2c(-c3cn[nH]c3)cnc3[nH]ccc23)CC1,8.58,0.0,1
CHEMBL2971,N#CCN1CCC(c2nnn3cnc4[nH]ccc4c23)CC1,7.72,0.0,1
CHEMBL2971,N#CCN1CN(C2CCCCC2)c2c(cnc3[nH]ccc23)C1=O,7.62,0.0,1
CHEMBL2971,N#CCN1CN([C@H]2CC[C@H](CF)CC2)c2c(cnc3[nH]ccc23)C1=O,7.62,0.0,1
CHEMBL2971,N#CCN1CN([C@H]2CC[C@H](CNC3(C(F)(F)F)CC3)CC2)c2c(cnc3[nH]ccc23)C1=O,7.82,0.0,1
CHEMBL2971,N#CCN1CN([C@H]2CC[C@H](CNC3CC3)CC2)c2c(cnc3[nH]ccc23)C1=O,6.82,0.0,1
CHEMBL2971,N#CCN1CN([C@H]2CC[C@H](CNCC(F)(F)F)CC2)c2c(cnc3[nH]ccc23)C1=O,7.8,0.0,1
CHEMBL2971,N#CCN1CN([C@H]2CC[C@H](CNCC(F)F)CC2)c2c(cnc3[nH]ccc23)C1=O,7.54,0.0,1
CHEMBL2971,N#CCN1CN([C@H]2CC[C@H](CO)CC2)c2c(cnc3[nH]ccc23)C1=O,7.52,0.0,1
CHEMBL2971,N#CCNC(=O)C[C@H]1CC[C@@H](c2nnn3cnc4[nH]ccc4c23)CC1,7.22,0.0,1
CHEMBL2971,N#CCNC(=O)C[C@H]1CC[C@H](c2nnn3cnc4[nH]ccc4c23)CC1,7.52,0.0,1
CHEMBL2971,N#CCNC(=O)N1CC=C(c2cccc3nc(NC(=O)C4CC4)nn23)CC1,6.76,0.0,1
CHEMBL2971,N#CCNC(=O)[C@H]1CC[C@H](c2nnn3cnc4[nH]ccc4c23)CC1,7.48,0.0,1
CHEMBL2971,N#CCNC(=O)c1ccc(-c2cccc3nc(NC(=O)C4CC4)nn23)cc1,6.52,0.0,1
CHEMBL2971,N#CCNC(=O)c1ccc(-c2ccnc(Nc3ccc(CN4CCOCC4)cc3)n2)cc1,6.79,0.0,1
CHEMBL2971,N#CCNC(=O)c1ccc(-c2ccnc(Nc3ccc(CN4CCS(=O)(=O)CC4)cc3)n2)cc1,7.28,0.0,1
CHEMBL2971,N#CCNC(=O)c1ccc(-c2ccnc(Nc3ccc(N4CCC(C(=O)NO)CC4)cc3)n2)cc1,8.4,0.0,1
CHEMBL2971,N#CCNC(=O)c1ccc(-c2ccnc(Nc3ccc(N4CCC(C(=O)Nc5ccc(/C=C/C(=O)NO)cc5)CC4)cc3)n2)cc1,7.82,0.0,1
CHEMBL2971,N#CCNC(=O)c1ccc(-c2ccnc(Nc3ccc(N4CCC(C(=O)Nc5ccc(C(=O)NO)cc5)CC4)cc3)n2)cc1,7.8,0.0,1
CHEMBL2971,N#CCNC(=O)c1ccc(-c2ccnc(Nc3ccc(N4CCC(C(=O)Nc5ccccc5N)CC4)cc3)n2)cc1,8.1,0.0,1
CHEMBL2971,N#CCNC(=O)c1ccc(-c2ccnc(Nc3ccc(N4CCC(C5=NCCN5)CC4)cc3)n2)cc1,7.7,0.0,1
CHEMBL2971,N#CCNC(=O)c1ccc(-c2ccnc(Nc3ccc(N4CCC(C5COC5)CC4)cc3)n2)cc1,8.0,0.0,1
CHEMBL2971,N#CCNC(=O)c1ccc(-c2ccnc(Nc3ccc(N4CCC(N5C6CCC5COC6)CC4)cc3)n2)cc1,8.37,0.0,1
CHEMBL2971,N#CCNC(=O)c1ccc(-c2ccnc(Nc3ccc(N4CCC(N5CC6CC(C5)O6)CC4)cc3)n2)cc1,8.1,0.0,1
CHEMBL2971,N#CCNC(=O)c1ccc(-c2ccnc(Nc3ccc(N4CCC(N5CC6OCCOC6C5)C4)cc3)n2)cc1,7.68,0.0,1
CHEMBL2971,N#CCNC(=O)c1ccc(-c2ccnc(Nc3ccc(N4CCC(N5CC6OCCOC6C5)CC4)cc3)n2)cc1,8.3,0.0,1
CHEMBL2971,N#CCNC(=O)c1ccc(-c2ccnc(Nc3ccc(N4CCC(N5CCC6(CCC(=O)O6)CC5)CC4)cc3)n2)cc1,8.22,0.0,1
CHEMBL2971,N#CCNC(=O)c1ccc(-c2ccnc(Nc3ccc(N4CCC(N5CCC6(CCCO6)CC5)CC4)cc3)n2)cc1,8.3,0.0,1
CHEMBL2971,N#CCNC(=O)c1ccc(-c2ccnc(Nc3ccc(N4CCC(N5CCCC5)C4)cc3)n2)cc1,7.72,0.0,1
CHEMBL2971,N#CCNC(=O)c1ccc(-c2ccnc(Nc3ccc(N4CCC(N5CCCC5=O)CC4)cc3)n2)cc1,8.25,0.0,1
CHEMBL2971,N#CCNC(=O)c1ccc(-c2ccnc(Nc3ccc(N4CCC(N5CCCS5(=O)=O)CC4)cc3)n2)cc1,8.4,0.0,1
CHEMBL2971,N#CCNC(=O)c1ccc(-c2ccnc(Nc3ccc(N4CCC(N5CCNC5=O)CC4)cc3)n2)cc1,7.96,0.0,1
CHEMBL2971,N#CCNC(=O)c1ccc(-c2ccnc(Nc3ccc(N4CCC(N5CCOC5=O)CC4)cc3)n2)cc1,7.75,0.0,1
CHEMBL2971,N#CCNC(=O)c1ccc(-c2ccnc(Nc3ccc(N4CCC(N5CCOCC5)CC4)cc3)n2)cc1,8.165,0.0212132034355966,2
CHEMBL2971,N#CCNC(=O)c1ccc(-c2ccnc(Nc3ccc(N4CCC(c5n[nH]c(=O)o5)CC4)cc3)n2)cc1,7.68,0.0,1
CHEMBL2971,N#CCNC(=O)c1ccc(-c2ccnc(Nc3ccc(N4CCC(c5nnco5)CC4)cc3)n2)cc1,8.15,0.0,1
CHEMBL2971,N#CCNC(=O)c1ccc(-c2ccnc(Nc3ccc(N4CCC(n5cccn5)CC4)cc3)n2)cc1,7.28,0.0,1
CHEMBL2971,N#CCNC(=O)c1ccc(-c2ccnc(Nc3ccc(N4CCC(n5cncn5)CC4)cc3)n2)cc1,7.77,0.0,1
CHEMBL2971,N#CCNC(=O)c1ccc(-c2ccnc(Nc3ccc(N4CCN(C5=NCCN5)CC4)cc3)n2)cc1,7.96,0.0,1
CHEMBL2971,N#CCNC(=O)c1ccc(-c2ccnc(Nc3ccc(N4CCN(C5CCOCC5)CC4)cc3)n2)cc1,7.96,0.0,1
CHEMBL2971,N#CCNC(=O)c1ccc(-c2ccnc(Nc3ccc(N4CCN(C5CCS(=O)(=O)C5)CC4)cc3)n2)cc1,8.1,0.0,1
CHEMBL2971,N#CCNC(=O)c1ccc(-c2ccnc(Nc3ccc(N4CCN(C5CCS(=O)(=O)CC5)CC4)cc3)n2)cc1,7.92,0.0,1
CHEMBL2971,N#CCNC(=O)c1ccc(-c2ccnc(Nc3ccc(N4CCOCC4)c(C(F)(F)F)c3)n2)cc1,6.43,0.0,1
CHEMBL2971,N#CCNC(=O)c1ccc(-c2ccnc(Nc3ccc(N4CCOCC4)c(F)c3)n2)cc1,6.94,0.0,1
CHEMBL2971,N#CCNC(=O)c1ccc(-c2ccnc(Nc3ccc(N4CCOCC4)cc3)n2)cc1,7.723999999999999,0.21078424988599137,5
CHEMBL2971,N#CCNC(=O)c1ccc(-c2ccnc(Nc3ccc(N4CCSCC4)cc3)n2)cc1,7.16,0.0,1
CHEMBL2971,N#CCNC(=O)c1ccc(-c2ccnc(Nc3cccc(N4CCOCC4)c3)n2)cc1,6.95,0.0,1
CHEMBL2971,N#CCNC(=O)c1ccc(-c2nc(Nc3ccc(N4CCC(N5CCOCC5)CC4)cc3)ncc2Cl)cc1,8.52,0.0,1
CHEMBL2971,N#CCNC(=O)c1ccc(-c2nc(Nc3ccc(N4CCC(N5CCOCC5)CC4)cc3)ncc2F)cc1,8.305,0.007071067811865952,2
CHEMBL2971,N#CCNC(=O)c1cccc(-c2ccnc(Nc3ccc(N4CCOCC4)cc3)n2)c1,6.26,0.0,1
CHEMBL2971,N#CCNC(=O)c1cnn2ccc(N3CCC[C@@H]3c3cc(F)ccc3F)nc12,9.15,0.0,1
CHEMBL2971,N#CCNC[C@H]1CC[C@H](N2CN(C3CC3)C(=O)c3cnc4[nH]ccc4c32)CC1,7.77,0.0,1
CHEMBL2971,N#CCNC[C@H]1CC[C@H](N2CN(CC(F)(F)F)C(=O)c3cnc4[nH]ccc4c32)CC1,7.36,0.0,1
CHEMBL2971,N#CCNC[C@H]1CC[C@H](N2CNC(=O)c3cnc4[nH]ccc4c32)CC1,8.15,0.0,1
CHEMBL2971,N#CCNC[C@H]1CC[C@H](c2nnn3cnc4[nH]ccc4c23)CC1,8.09,0.0,1
CHEMBL2971,N#CCNCc1cccc(-c2ccnc(Nc3ccc(N4CCOCC4)cc3)n2)c1,6.88,0.0,1
CHEMBL2971,N#CCNS(=O)(=O)C[C@H]1CC[C@H](c2nnn3cnc4[nH]ccc4c23)CC1,8.21,0.0,1
CHEMBL2971,N#CCN[C@H]1CC[C@H](c2nnn3cnc4[nH]ccc4c23)CC1,7.52,0.0,1
CHEMBL2971,N#CCOc1ccc(CN2CCC(c3nnn4cnc5[nH]ccc5c34)CC2)cc1,6.72,0.0,1
CHEMBL2971,N#CCS(=O)(=O)N1CCC[C@H](Nc2ncccc2-c2cnc3[nH]ccc3n2)C1,9.055,1.4212846301849609,2
CHEMBL2971,N#CC[C@@H](C1CC1)n1nc(Nc2cc(F)c(F)c(F)c2)c2c(=O)[nH]ccc21,4.87,0.0,1
CHEMBL2971,N#CC[C@@H](C1CC1)n1nc(Nc2ccc(-c3cnco3)cc2)c2c(=O)[nH]ccc21,5.66,0.0,1
CHEMBL2971,N#CC[C@@H](C1CC1)n1nc(Nc2ccc(-c3ncco3)cc2)c2c(=O)[nH]ccc21,5.57,0.0,1
CHEMBL2971,N#CC[C@@H](C1CC1)n1nc(Nc2ccc(C#N)cc2)c2c(=O)[nH]ccc21,5.71,0.0,1
CHEMBL2971,N#CC[C@@H](C1CC1)n1nc(Nc2ccc(C(=O)O)cc2)c2c(=O)[nH]ccc21,5.54,0.0,1
CHEMBL2971,N#CC[C@@H](C1CC1)n1nc(Nc2ccc(C(F)(F)F)cc2)c2c(=O)[nH]ccc21,5.31,0.0,1
CHEMBL2971,N#CC[C@@H](C1CC1)n1nc(Nc2ccc(C(N3CCC3)C(F)(F)F)cc2)c2c(=O)[nH]ccc21,6.425,0.12020815280171303,2
CHEMBL2971,N#CC[C@@H](C1CC1)n1nc(Nc2ccc(C(N3CCCC3)C(F)(F)F)cc2)c2c(=O)[nH]ccc21,6.244999999999999,0.14849242404917465,2
CHEMBL2971,N#CC[C@@H](C1CC1)n1nc(Nc2ccc(C(N3CCSCC3)C(F)(F)F)cc2)c2c(=O)[nH]ccc21,5.9399999999999995,0.240416305603427,2
CHEMBL2971,N#CC[C@@H](C1CC1)n1nc(Nc2ccc(C(O)(c3ccccn3)C(F)(F)F)cc2)c2c(=O)[nH]ccc21,6.375,0.021213203435595972,2
CHEMBL2971,N#CC[C@@H](C1CC1)n1nc(Nc2ccc(C(O)(c3ccncc3)C(F)(F)F)cc2)c2c(=O)[nH]ccc21,6.58,0.141421356237309,2
CHEMBL2971,N#CC[C@@H](C1CC1)n1nc(Nc2ccc(C(O)C(F)(F)F)c(Cl)c2)c2c(=O)[nH]ccc21,5.46,0.05656854249492385,2
CHEMBL2971,N#CC[C@@H](C1CC1)n1nc(Nc2ccc(C(O)C(F)(F)F)c(F)c2)c2c(=O)[nH]ccc21,5.735,0.1767766952966369,2
CHEMBL2971,N#CC[C@@H](C1CC1)n1nc(Nc2ccc(C3(C(F)(F)F)CC3)cc2)c2c(=O)[nH]ccc21,5.28,0.0,1
CHEMBL2971,N#CC[C@@H](C1CC1)n1nc(Nc2ccc(C3(C(F)(F)F)CCCCN3)cc2)c2c(=O)[nH]ccc21,7.109999999999999,0.1555634918610406,2
CHEMBL2971,N#CC[C@@H](C1CC1)n1nc(Nc2ccc(C3(C(F)(F)F)CCCN3)cc2)c2c(=O)[nH]ccc21,6.6899999999999995,0.15556349186103996,2
CHEMBL2971,N#CC[C@@H](C1CC1)n1nc(Nc2ccc(C3(C(F)(F)F)CCCO3)cc2)c2c(=O)[nH]ccc21,5.885,0.007071067811865324,2
CHEMBL2971,N#CC[C@@H](C1CC1)n1nc(Nc2ccc(Cl)cc2)c2c(=O)[nH]ccc21,5.45,0.0,1
CHEMBL2971,N#CC[C@@H](C1CC1)n1nc(Nc2ccc(S(=O)(=O)N3CC(F)C3)cc2)c2c(=O)[nH]ccc21,5.88,0.0,1
CHEMBL2971,N#CC[C@@H](C1CC1)n1nc(Nc2ccc(S(=O)(=O)N3CC(O)C3)cc2)c2c(=O)[nH]ccc21,5.72,0.0,1
CHEMBL2971,N#CC[C@@H](C1CC1)n1nc(Nc2ccc(S(=O)(=O)N3CCC(C(F)(F)F)C3)cc2)c2c(=O)[nH]ccc21,6.0,0.12727922061357835,2
CHEMBL2971,N#CC[C@@H](C1CC1)n1nc(Nc2ccc(S(=O)(=O)N3CCC(O)(C(F)(F)F)C3)cc2)c2c(=O)[nH]ccc21,6.109999999999999,0.28284271247461834,2
CHEMBL2971,N#CC[C@@H](C1CC1)n1nc(Nc2ccc(S(=O)(=O)N3CCC3)cc2)c2c(=O)[nH]ccc21,6.29,0.0,1
CHEMBL2971,N#CC[C@@H](C1CC1)n1nc(Nc2ccc(S(=O)(=O)N3CCCC3)cc2)c2c(=O)[nH]ccc21,6.4,0.0,1
CHEMBL2971,N#CC[C@@H](C1CC1)n1nc(Nc2ccc(S(=O)(=O)N3CCCC3C(F)(F)F)cc2)c2c(=O)[nH]ccc21,5.975,0.049497474683058214,2
CHEMBL2971,N#CC[C@@H](C1CC1)n1nc(Nc2ccc(S(=O)(=O)N3CCCCC3)cc2)c2c(=O)[nH]ccc21,6.54,0.0,1
CHEMBL2971,N#CC[C@@H](C1CC1)n1nc(Nc2ccc(S(=O)(=O)N3CCOC4CCC[C@@H]43)cc2)c2c(=O)[nH]ccc21,6.08,0.0,1
CHEMBL2971,N#CC[C@@H](C1CC1)n1nc(Nc2ccc(S(=O)(=O)N3CCOC4CCC[C@H]43)cc2)c2c(=O)[nH]ccc21,5.89,0.0,1
CHEMBL2971,N#CC[C@@H](C1CC1)n1nc(Nc2ccc(S(=O)(=O)N3CCOCC3)cc2)c2c(=O)[nH]ccc21,6.27,0.0,1
CHEMBL2971,N#CC[C@@H](C1CC1)n1nc(Nc2ccc(S(=O)(=O)N3CC[C@@H](O)C3)cc2)c2c(=O)[nH]ccc21,6.17,0.0,1
CHEMBL2971,N#CC[C@@H](C1CC1)n1nc(Nc2ccc(S(=O)(=O)N3CC[C@H](O)C3)cc2)c2c(=O)[nH]ccc21,5.46,0.0,1
CHEMBL2971,N#CC[C@@H](C1CC1)n1nc(Nc2ccc3c(c2)C(O)C2(CCCCC2)S3(=O)=O)c2c(=O)[nH]ccc21,6.4350000000000005,0.3464823227814075,2
CHEMBL2971,N#CC[C@@H](C1CC1)n1nc(Nc2ccc3c(c2)CC(O)(C(F)(F)F)C3)c2c(=O)[nH]ccc21,5.885,0.07778174593052013,2
CHEMBL2971,N#CC[C@@H](C1CC1)n1nc(Nc2ccc3c(c2)CC2(CCCC2)S3(=O)=O)c2c(=O)[nH]ccc21,6.39,0.0,1
CHEMBL2971,N#CC[C@@H](C1CC1)n1nc(Nc2ccc3c(c2)CC2(CCCCC2)S3(=O)=O)c2c(=O)[nH]ccc21,6.33,0.0,1
CHEMBL2971,N#CC[C@@H](C1CC1)n1nc(Nc2ccc3c(c2)CCC3(O)C(F)(F)F)c2c(=O)[nH]ccc21,6.325,0.2192031021678301,2
CHEMBL2971,N#CC[C@@H](C1CC1)n1nc(Nc2ccc3c(c2)CCC3=O)c2c(=O)[nH]ccc21,5.86,0.0,1
CHEMBL2971,N#CC[C@@H](C1CC1)n1nc(Nc2ccc3c(c2)CCO3)c2c(=O)[nH]ccc21,5.73,0.0,1
CHEMBL2971,N#CC[C@@H](C1CC1)n1nc(Nc2ccc3c(c2)CCS3(=O)=O)c2c(=O)[nH]ccc21,6.14,0.0,1
CHEMBL2971,N#CC[C@@H](C1CC1)n1nc(Nc2ccc3c(c2)CN(C2(C(F)(F)F)CCCCC2)C3=O)c2c(=O)[nH]ccc21,6.23,0.0,1
CHEMBL2971,N#CC[C@@H](C1CC1)n1nc(Nc2ccc3c(c2)CN(C2CCCC2)C3=O)c2c(=O)[nH]ccc21,6.4,0.0,1
CHEMBL2971,N#CC[C@@H](C1CC1)n1nc(Nc2ccc3c(c2)CN(C2CCCCC2)C3=O)c2c(=O)[nH]ccc21,6.26,0.0,1
CHEMBL2971,N#CC[C@@H](C1CC1)n1nc(Nc2ccc3c(c2)CN(C2CCCCC2)S3(=O)=O)c2c(=O)[nH]ccc21,6.05,0.0,1
CHEMBL2971,N#CC[C@@H](C1CC1)n1nc(Nc2ccc3c(c2)CN(CC(F)(F)F)C3=O)c2c(=O)[nH]ccc21,6.17,0.0,1
CHEMBL2971,N#CC[C@@H](C1CC1)n1nc(Nc2ccc3c(c2)CN(Cc2ccccc2)S3(=O)=O)c2c(=O)[nH]ccc21,5.98,0.0,1
CHEMBL2971,N#CC[C@@H](C1CC1)n1nc(Nc2ccc3c(c2)OCO3)c2c(=O)[nH]ccc21,5.37,0.0,1
CHEMBL2971,N#CC[C@@H](C1CC1)n1nc(Nc2ccc3nc(N4CCOCC4)ccc3c2)c2c(=O)[nH]ccc21,5.82,0.0,1
CHEMBL2971,N#CC[C@@H](C1CC1)n1nc(Nc2ccc3ncccc3c2)c2c(=O)[nH]ccc21,5.88,0.0,1
CHEMBL2971,N#CC[C@@H](C1CC1)n1nc(Nc2ccc3nccnc3c2)c2c(=O)[nH]ccc21,5.25,0.0,1
CHEMBL2971,N#CC[C@@H](C1CC1)n1nc(Nc2ccnc(F)c2)c2c(=O)[nH]ccc21,5.0,0.0,1
CHEMBL2971,N#CC[C@@H](NCC1CCC(N2C=CC(=O)C3C=Nc4[nH]ccc4C32)CC1)C(F)(F)F,8.29,0.0,1
CHEMBL2971,N#CC[C@@H](NCC1CCC([C@@H]2C(=O)NC(=O)C3C=Nc4[nH]ccc4C32)CC1)C(F)(F)F,8.34,0.0,1
CHEMBL2971,N#CC[C@@]1(n2cc(C(N)=O)c(Nc3ccnc(F)c3)n2)CCN(C(=O)OCC(F)F)C[C@@H]1F,10.0,0.0,1
CHEMBL2971,N#CC[C@@]1(n2nc(Nc3cc(F)c4nccc(Cl)c4c3)c3c(=O)[nH]ccc32)CCOC1,7.0,0.0,1
CHEMBL2971,N#CC[C@@]1(n2nc(Nc3ccc(C#N)cc3)c3c(=O)[nH]ccc32)CCOC1,7.78,0.0,1
CHEMBL2971,N#CC[C@@]1(n2nc(Nc3ccc(C(N)C(F)(F)F)cc3)c3c(=O)[nH]ccc32)CCCOC1,9.355,0.16263455967290624,2
CHEMBL2971,N#CC[C@@]1(n2nc(Nc3ccc(C(N4CCCC4)C(F)(F)F)cc3)c3c(=O)[nH]ccc32)CCCOC1,9.445,0.049497474683058526,2
CHEMBL2971,N#CC[C@@]1(n2nc(Nc3ccc(C4(C(F)(F)F)CC4)cc3)c3c(=O)[nH]ccc32)CCCOC1,8.52,0.0,1
CHEMBL2971,N#CC[C@@]1(n2nc(Nc3ccc(Cl)cc3)c3c(=O)[nH]ccc32)CCOC1,7.63,0.0,1
CHEMBL2971,N#CC[C@@]1(n2nc(Nc3ccc(S(=O)(=O)C4CCCC4)cc3)c3c(=O)[nH]ccc32)CCCOC1,9.28,0.0,1
CHEMBL2971,N#CC[C@@]1(n2nc(Nc3ccc(S(=O)(=O)C4CCCCC4)cc3)c3c(=O)[nH]ccc32)CCCOC1,9.18,0.0,1
CHEMBL2971,N#CC[C@@]1(n2nc(Nc3ccc(S(=O)(=O)N4CCC4)cc3)c3c(=O)[nH]ccc32)CCCOC1,9.26,0.0,1
CHEMBL2971,N#CC[C@@]1(n2nc(Nc3ccc(S(=O)(=O)N4CCOCC4)cc3)c3c(=O)[nH]ccc32)CCCOC1,9.32,0.0,1
CHEMBL2971,N#CC[C@@]1(n2nc(Nc3ccc([C@@]4(C(F)(F)F)CCCCN4)cc3)c3c(=O)[nH]ccc32)CCOC[C@@H]1F,10.4,0.0,1
CHEMBL2971,N#CC[C@@]1(n2nc(Nc3ccc([C@]4(C(F)(F)F)CCCCN4)cc3)c3c(=O)[nH]ccc32)CCOC[C@@H]1F,10.4,0.0,1
CHEMBL2971,N#CC[C@@]1(n2nc(Nc3ccc4c(c3)CN(C3CCCC3)C4=O)c3c(=O)[nH]ccc32)CCCOC1,8.95,0.0,1
CHEMBL2971,N#CC[C@@]1(n2nc(Nc3ccc4c(c3)CN(C3CCN(CC(F)(F)F)CC3)S4(=O)=O)c3c(=O)[nH]ccc32)CCOC[C@@H]1F,10.3,0.0,1
CHEMBL2971,N#CC[C@@]1(n2nc(Nc3ccc4c(c3)CN(C3CCNCC3)S4(=O)=O)c3c(=O)[nH]ccc32)CCOC[C@@H]1F,10.0,0.0,1
CHEMBL2971,N#CC[C@@]1(n2nc(Nc3ccc4nccc(F)c4c3)c3c(=O)[nH]ccc32)CCOC1,7.37,0.0,1
CHEMBL2971,N#CC[C@@]1(n2nc(Nc3ccccc3)c3c(=O)[nH]ccc32)CCCOC1,8.55,0.0,1
CHEMBL2971,N#CC[C@H](C1CCCC1)n1cc(-c2ncnc3[nH]ccc23)cn1,8.44217391304348,1.1586236212213927,23
CHEMBL2971,N#CC[C@H](C1CCCC1)n1cc(-c2ncnc3c2CCN3)cn1,8.24,0.0,1
CHEMBL2971,N#CC[C@H](OCC1CCC(N2C=CC(=O)C3C=Nc4[nH]ccc4C32)CC1)C(F)(F)F,8.7,0.0,1
CHEMBL2971,N#CC[C@H]1CC[C@@H](c2nnn3cnc4[nH]ccc4c23)CC1,7.68,0.0,1
CHEMBL2971,N#CC[C@H]1CC[C@H](NC(=O)Cc2nc3cnc4[nH]ccc4c3n2[C@H]2CC[C@H](CC#N)CC2)CC1,8.62,0.0,1
CHEMBL2971,N#CC[C@H]1CC[C@H](c2nnn3cnc4[nH]ccc4c23)CC1,8.6,0.0,1
CHEMBL2971,N#CC[C@H]1CC[C@H](n2c(-c3c[nH]cn3)nc3cnc4[nH]ccc4c32)CC1,9.0,0.0,1
CHEMBL2971,N#CC[C@H]1CC[C@H](n2c(-c3cc[nH]n3)nc3cnc4[nH]ccc4c32)CC1,8.77,0.0,1
CHEMBL2971,N#CC[C@H]1CC[C@H](n2c(-c3ccc(C#N)cc3)nc3cnc4[nH]ccc4c32)CC1,7.47,0.0,1
CHEMBL2971,N#CC[C@H]1CC[C@H](n2c(-c3ccc(C#N)nc3)nc3cnc4[nH]ccc4c32)CC1,7.13,0.0,1
CHEMBL2971,N#CC[C@H]1CC[C@H](n2c(-c3ccc(C(=O)c4ccc(CO)cc4)cc3)nc3cnc4[nH]ccc4c32)CC1,7.94,0.0,1
CHEMBL2971,N#CC[C@H]1CC[C@H](n2c(-c3ccc(C(=O)c4ccccc4)cc3)nc3cnc4[nH]ccc4c32)CC1,7.93,0.0,1
CHEMBL2971,N#CC[C@H]1CC[C@H](n2c(-c3ccc(S(F)(F)(F)(F)F)cc3)nc3cnc4[nH]ccc4c32)CC1,7.42,0.0,1
CHEMBL2971,N#CC[C@H]1CC[C@H](n2c(-c3cccnc3N)nc3cnc4[nH]ccc4c32)CC1,7.08,0.0,1
CHEMBL2971,N#CC[C@H]1CC[C@H](n2c(-c3ccnc(N)n3)nc3cnc4[nH]ccc4c32)CC1,8.49,0.0,1
CHEMBL2971,N#CC[C@H]1CC[C@H](n2c(-c3cn[nH]n3)nc3cnc4[nH]ccc4c32)CC1,8.92,0.0,1
CHEMBL2971,N#CC[C@H]1CC[C@H](n2c(-c3cnc(N)nc3)nc3cnc4[nH]ccc4c32)CC1,8.49,0.0,1
CHEMBL2971,N#CC[C@H]1CC[C@H](n2c(-c3cncs3)nc3cnc4[nH]ccc4c32)CC1,8.06,0.0,1
CHEMBL2971,N#CC[C@H]1CC[C@H](n2c(-c3cnn(CC(=O)NC4CC4)c3)nc3cnc4[nH]ccc4c32)CC1,7.7,0.0,1
CHEMBL2971,N#CC[C@H]1CC[C@H](n2c(-c3cnn(Cc4cocn4)c3)nc3cnc4[nH]ccc4c32)CC1,7.77,0.0,1
CHEMBL2971,N#CC[C@H]1CC[C@H](n2c(-c3cocn3)nc3cnc4[nH]ccc4c32)CC1,9.1,0.0,1
CHEMBL2971,N#CC[C@H]1CC[C@H](n2c(-c3n[nH]cc3Cl)nc3cnc4[nH]ccc4c32)CC1,8.26,0.0,1
CHEMBL2971,N#CC[C@H]1CC[C@H](n2c(-c3nc[nH]n3)nc3cnc4[nH]ccc4c32)CC1,9.52,0.0,1
CHEMBL2971,N#CC[C@H]1CC[C@H](n2c(-c3ncc[nH]3)nc3cnc4[nH]ccc4c32)CC1,8.72,0.0,1
CHEMBL2971,N#CC[C@H]1CC[C@H](n2c(-c3nn[nH]n3)nc3cnc4[nH]ccc4c32)CC1,8.66,0.0,1
CHEMBL2971,N#CC[C@H]1CC[C@H](n2c(=O)[nH]c3cnc(Nc4ccc[nH]c4=O)nc32)CC1,6.66,0.0,1
CHEMBL2971,N#CC[C@H]1CC[C@H](n2c(C(=O)N3CCC(C#N)CC3)nc3cnc4[nH]ccc4c32)CC1,6.79,0.0,1
CHEMBL2971,N#CC[C@H]1CC[C@H](n2c(C(=O)N3CCC(O)(c4ccccc4)C3)nc3cnc4[nH]ccc4c32)CC1,8.4,0.0,1
CHEMBL2971,N#CC[C@H]1CC[C@H](n2c(C(=O)N3CCC(O)(c4ccccn4)CC3)nc3cnc4[nH]ccc4c32)CC1,7.36,0.0,1
CHEMBL2971,N#CC[C@H]1CC[C@H](n2c(C(=O)N3CCC(O)CC3)nc3cnc4[nH]ccc4c32)CC1,6.48,0.0,1
CHEMBL2971,N#CC[C@H]1CC[C@H](n2c(C(=O)N3CCOCC3)nc3cnc4[nH]ccc4c32)CC1,6.83,0.0,1
CHEMBL2971,N#CC[C@H]1CC[C@H](n2c(C(=O)NC3CC3)nc3cnc4[nH]ccc4c32)CC1,7.56,0.0,1
CHEMBL2971,N#CC[C@H]1CC[C@H](n2c(C(=O)NC3CCOCC3)nc3cnc4[nH]ccc4c32)CC1,7.22,0.0,1
CHEMBL2971,N#CC[C@H]1CC[C@H](n2c(C(=O)NC3COC3)nc3cnc4[nH]ccc4c32)CC1,7.68,0.0,1
CHEMBL2971,N#CC[C@H]1CC[C@H](n2c(C(=O)NCC3(O)CCCCCC3)nc3cnc4[nH]ccc4c32)CC1,8.22,0.0,1
CHEMBL2971,N#CC[C@H]1CC[C@H](n2c(C(=O)NCC3(O)COC3)nc3cnc4[nH]ccc4c32)CC1,8.68,0.0,1
CHEMBL2971,N#CC[C@H]1CC[C@H](n2c(C(=O)NCC3CC3)nc3cnc4[nH]ccc4c32)CC1,7.24,0.0,1
CHEMBL2971,N#CC[C@H]1CC[C@H](n2c(C(=O)NCCO)nc3cnc4[nH]ccc4c32)CC1,8.32,0.0,1
CHEMBL2971,N#CC[C@H]1CC[C@H](n2c(C(=O)Nc3cn[nH]c3)nc3cnc4[nH]ccc4c32)CC1,8.07,0.0,1
CHEMBL2971,N#CC[C@H]1CC[C@H](n2c(C3CCN(c4ccc(C#N)cc4)CC3)nc3cnc4[nH]ccc4c32)CC1,7.63,0.0,1
CHEMBL2971,N#CC[C@H]1CC[C@H](n2c(C3CNC3)nc3cnc4[nH]ccc4c32)CC1,7.24,0.0,1
CHEMBL2971,N#CC[C@H]1CC[C@H](n2c(C3NC(C4CC4)=NO3)nc3cnc4[nH]ccc4c32)CC1,8.35,0.0,1
CHEMBL2971,N#CC[C@H]1CC[C@H](n2c(CC(=O)N3CC(O)C3)nc3cnc4[nH]ccc4c32)CC1,7.45,0.0,1
CHEMBL2971,N#CC[C@H]1CC[C@H](n2c(CC(=O)N3CCC(C#N)CC3)nc3cnc4[nH]ccc4c32)CC1,7.71,0.0,1
CHEMBL2971,N#CC[C@H]1CC[C@H](n2c(CC(=O)N3CCC(C(F)(F)F)CC3)nc3cnc4[nH]ccc4c32)CC1,8.37,0.0,1
CHEMBL2971,N#CC[C@H]1CC[C@H](n2c(CC(=O)N3CCC(CO)CC3)nc3cnc4[nH]ccc4c32)CC1,7.7,0.0,1
CHEMBL2971,N#CC[C@H]1CC[C@H](n2c(CC(=O)N3CCC(Cc4ccccc4)CC3)nc3cnc4[nH]ccc4c32)CC1,7.56,0.0,1
CHEMBL2971,N#CC[C@H]1CC[C@H](n2c(CC(=O)N3CCC(F)(F)CC3)nc3cnc4[nH]ccc4c32)CC1,7.74,0.0,1
CHEMBL2971,N#CC[C@H]1CC[C@H](n2c(CC(=O)N3CCC(N4CCOCC4)CC3)nc3cnc4[nH]ccc4c32)CC1,7.41,1.1313708498984767,2
CHEMBL2971,N#CC[C@H]1CC[C@H](n2c(CC(=O)N3CCC(O)CC3)nc3cnc4[nH]ccc4c32)CC1,8.04,0.0,1
CHEMBL2971,N#CC[C@H]1CC[C@H](n2c(CC(=O)N3CCCC3)nc3cnc4[nH]ccc4c32)CC1,7.36,0.0,1
CHEMBL2971,N#CC[C@H]1CC[C@H](n2c(CC(=O)N3CCCCC3)nc3cnc4[nH]ccc4c32)CC1,8.09,0.0,1
CHEMBL2971,N#CC[C@H]1CC[C@H](n2c(CC(=O)N3CCC[C@@H]3CO)nc3cnc4[nH]ccc4c32)CC1,7.26,0.0,1
CHEMBL2971,N#CC[C@H]1CC[C@H](n2c(CC(=O)N3CCC[C@H]3CO)nc3cnc4[nH]ccc4c32)CC1,7.47,0.0,1
CHEMBL2971,N#CC[C@H]1CC[C@H](n2c(CC(=O)N3CCS(=O)(=O)CC3)nc3cnc4[nH]ccc4c32)CC1,7.91,0.0,1
CHEMBL2971,N#CC[C@H]1CC[C@H](n2c(CC(=O)N3CC[C@@H](O)C3)nc3cnc4[nH]ccc4c32)CC1,7.16,0.0,1
CHEMBL2971,N#CC[C@H]1CC[C@H](n2c(CC(=O)N3CC[C@H](O)C3)nc3cnc4[nH]ccc4c32)CC1,7.61,0.0,1
CHEMBL2971,N#CC[C@H]1CC[C@H](n2c(CC(=O)NC34CC5CC(CC(C5)C3)C4)nc3cnc4[nH]ccc4c32)CC1,8.89,0.0,1
CHEMBL2971,N#CC[C@H]1CC[C@H](n2c(CC(=O)NC34CC5CC(CC(O)(C5)C3)C4)nc3cnc4[nH]ccc4c32)CC1,8.77,0.0,1
CHEMBL2971,N#CC[C@H]1CC[C@H](n2c(CC(=O)NC34CCC(C#N)(CC3)C4)nc3cnc4[nH]ccc4c32)CC1,8.85,0.0,1
CHEMBL2971,N#CC[C@H]1CC[C@H](n2c(CC(=O)NC34CCC(C(N)=O)(CC3)C4)nc3cnc4[nH]ccc4c32)CC1,8.68,0.0,1
CHEMBL2971,N#CC[C@H]1CC[C@H](n2c(CC(=O)NC34CCC(C(N)=O)(CC3)CC4)nc3cnc4[nH]ccc4c32)CC1,7.703333333333333,1.7327819635872634,3
CHEMBL2971,N#CC[C@H]1CC[C@H](n2c(CC(=O)NC34CCC(CO)(CC3)C4)nc3cnc4[nH]ccc4c32)CC1,8.25,0.0,1
CHEMBL2971,N#CC[C@H]1CC[C@H](n2c(CC(=O)NC3CC4CCC3C4)nc3cnc4[nH]ccc4c32)CC1,7.95,0.0,1
CHEMBL2971,N#CC[C@H]1CC[C@H](n2c(CC(=O)NC3CCCCC3)nc3cnc4[nH]ccc4c32)CC1,8.62,0.0,1
CHEMBL2971,N#CC[C@H]1CC[C@H](n2c(CC(=O)NC3CCOCC3)nc3cnc4[nH]ccc4c32)CC1,8.68,0.0,1
CHEMBL2971,N#CC[C@H]1CC[C@H](n2c(CC(=O)NC3CCSCC3)nc3cnc4[nH]ccc4c32)CC1,8.39,0.0,1
CHEMBL2971,N#CC[C@H]1CC[C@H](n2c(CC(=O)NCC(F)(F)F)nc3cnc4[nH]ccc4c32)CC1,7.83,0.5939696961966998,2
CHEMBL2971,N#CC[C@H]1CC[C@H](n2c(CC(=O)NCC(O)CO)nc3cnc4[nH]ccc4c32)CC1,7.84,0.0,1
CHEMBL2971,N#CC[C@H]1CC[C@H](n2c(CC(=O)NCC(O)c3ccccc3)nc3cnc4[nH]ccc4c32)CC1,7.94,0.0,1
CHEMBL2971,N#CC[C@H]1CC[C@H](n2c(CC(=O)NCC3(O)CC3)nc3cnc4[nH]ccc4c32)CC1,8.120000000000001,0.127279220613579,2
CHEMBL2971,N#CC[C@H]1CC[C@H](n2c(CC(=O)NCC3(O)CCC3)nc3cnc4[nH]ccc4c32)CC1,8.33,0.2545584412271567,2
CHEMBL2971,N#CC[C@H]1CC[C@H](n2c(CC(=O)NCC3(O)COC3)nc3cnc4[nH]ccc4c32)CC1,8.31,0.0,1
CHEMBL2971,N#CC[C@H]1CC[C@H](n2c(CC(=O)NCC34CC5CC(CC(C5)C3)C4)nc3cnc4[nH]ccc4c32)CC1,8.44,0.0,1
CHEMBL2971,N#CC[C@H]1CC[C@H](n2c(CC(=O)NCC34CC5CC(CC(O)(C5)C3)C4)nc3cnc4[nH]ccc4c32)CC1,8.89,0.0,1
CHEMBL2971,N#CC[C@H]1CC[C@H](n2c(CC(=O)NCC3CC3)nc3cnc4[nH]ccc4c32)CC1,8.21,0.0,1
CHEMBL2971,N#CC[C@H]1CC[C@H](n2c(CC(=O)NCC3CCCCC3)nc3cnc4[nH]ccc4c32)CC1,8.39,0.0,1
CHEMBL2971,N#CC[C@H]1CC[C@H](n2c(CC(=O)NCC3CCOCC3)nc3cnc4[nH]ccc4c32)CC1,8.85,0.0,1
CHEMBL2971,N#CC[C@H]1CC[C@H](n2c(CC(=O)NCCO)nc3cnc4[nH]ccc4c32)CC1,8.14,0.0,1
CHEMBL2971,N#CC[C@H]1CC[C@H](n2c(CC(=O)NCCOCCOCCN)nc3cnc4[nH]ccc4c32)CC1,8.0,0.0,1
CHEMBL2971,N#CC[C@H]1CC[C@H](n2c(CC(=O)NCCOc3ccncc3)nc3cnc4[nH]ccc4c32)CC1,8.29,0.0,1
CHEMBL2971,N#CC[C@H]1CC[C@H](n2c(CC(=O)NCc3ccc(C#N)cc3)nc3cnc4[nH]ccc4c32)CC1,8.28,0.0,1
CHEMBL2971,N#CC[C@H]1CC[C@H](n2c(CC(=O)NCc3ccc(CO)cc3)nc3cnc4[nH]ccc4c32)CC1,8.09,0.0,1
CHEMBL2971,N#CC[C@H]1CC[C@H](n2c(CC(=O)NCc3ccc(F)cc3)nc3cnc4[nH]ccc4c32)CC1,7.933333333333334,0.3426854728950927,3
CHEMBL2971,N#CC[C@H]1CC[C@H](n2c(CC(=O)NCc3ccc(OC(F)F)cc3)nc3cnc4[nH]ccc4c32)CC1,7.97,0.0,1
CHEMBL2971,N#CC[C@H]1CC[C@H](n2c(CC(=O)NCc3ccccc3)nc3cnc4[nH]ccc4c32)CC1,8.28,0.0,1
CHEMBL2971,N#CC[C@H]1CC[C@H](n2c(CC(=O)NCc3ccncn3)nc3cnc4[nH]ccc4c32)CC1,8.74,0.0,1
CHEMBL2971,N#CC[C@H]1CC[C@H](n2c(CC(=O)NCc3cnccn3)nc3cnc4[nH]ccc4c32)CC1,8.44,0.0,1
CHEMBL2971,N#CC[C@H]1CC[C@H](n2c(CC(=O)NCc3ncc[nH]3)nc3cnc4[nH]ccc4c32)CC1,9.1,0.0,1
CHEMBL2971,N#CC[C@H]1CC[C@H](n2c(CC(=O)N[C@H]3CC[C@@H](O)CC3)nc3cnc4[nH]ccc4c32)CC1,8.64,0.0,1
CHEMBL2971,N#CC[C@H]1CC[C@H](n2c(CC(=O)N[C@H]3CC[C@H](CO)CC3)nc3cnc4[nH]ccc4c32)CC1,8.54,0.0,1
CHEMBL2971,N#CC[C@H]1CC[C@H](n2c(CC(=O)N[C@H]3CC[C@H](O)CC3)nc3cnc4[nH]ccc4c32)CC1,7.726666666666667,1.1758117763202296,3
CHEMBL2971,N#CC[C@H]1CC[C@H](n2c(CC(=O)N[C@H]3C[C@H](O)C3)nc3cnc4[nH]ccc4c32)CC1,8.34,0.0,1
CHEMBL2971,N#CC[C@H]1CC[C@H](n2c(CC(=O)Nc3cc[nH]n3)nc3cnc4[nH]ccc4c32)CC1,8.8,0.0,1
CHEMBL2971,N#CC[C@H]1CC[C@H](n2c(CC(=O)Nc3ccc(C(O)(C(F)(F)F)C(F)(F)F)cc3)nc3cnc4[nH]ccc4c32)CC1,7.76,0.0,1
CHEMBL2971,N#CC[C@H]1CC[C@H](n2c(CC(=O)Nc3ccc(CO)cc3)nc3cnc4[nH]ccc4c32)CC1,9.22,0.0,1
CHEMBL2971,N#CC[C@H]1CC[C@H](n2c(CC(=O)Nc3ccccc3)nc3cnc4[nH]ccc4c32)CC1,8.92,0.0,1
CHEMBL2971,N#CC[C@H]1CC[C@H](n2c(CC(=O)Nc3cccnc3)nc3cnc4[nH]ccc4c32)CC1,8.4,0.0,1
CHEMBL2971,N#CC[C@H]1CC[C@H](n2c(CC(=O)Nc3ccncc3)nc3cnc4[nH]ccc4c32)CC1,8.46,0.0,1
CHEMBL2971,N#CC[C@H]1CC[C@H](n2c(CC(=O)Nc3cn[nH]c3)nc3cnc4[nH]ccc4c32)CC1,8.25,0.0,1
CHEMBL2971,N#CC[C@H]1CC[C@H](n2c(CC(N)=O)nc3cnc4[nH]ccc4c32)CC1,8.72,0.0,1
CHEMBL2971,N#CC[C@H]1CC[C@H](n2c(CN/C(=N/O)C3CCCCC3)nc3cnc4[nH]ccc4c32)CC1,7.88,0.0,1
CHEMBL2971,N#CC[C@H]1CC[C@H](n2c(CN/C(=N\O)C3CC3)nc3cnc4[nH]ccc4c32)CC1,7.54,0.0,1
CHEMBL2971,N#CC[C@H]1CC[C@H](n2c(CN/C(=N\O)c3ccccc3)nc3cnc4[nH]ccc4c32)CC1,8.635,0.40305086527633227,2
CHEMBL2971,N#CC[C@H]1CC[C@H](n2c(CN/C(CC3CCCCC3)=N/O)nc3cnc4[nH]ccc4c32)CC1,9.22,0.0,1
CHEMBL2971,N#CC[C@H]1CC[C@H](n2c(CN/C(Cc3ccccc3)=N\O)nc3cnc4[nH]ccc4c32)CC1,7.6,0.0,1
CHEMBL2971,N#CC[C@H]1CC[C@H](n2c(CNC(=N)C34CC5CC(CC(C5)C3)C4)nc3cnc4[nH]ccc4c32)CC1,7.47,0.0,1
CHEMBL2971,N#CC[C@H]1CC[C@H](n2c(CNC(=N)c3ccccc3)nc3cnc4[nH]ccc4c32)CC1,8.18,0.0,1
CHEMBL2971,N#CC[C@H]1CC[C@H](n2c(CNC(=O)C3CCCCC3)nc3cnc4[nH]ccc4c32)CC1,7.17,0.0,1
CHEMBL2971,N#CC[C@H]1CC[C@H](n2c(CNC(=O)CC3CC3)nc3cnc4[nH]ccc4c32)CC1,7.416666666666667,0.44769781475157244,3
CHEMBL2971,N#CC[C@H]1CC[C@H](n2c(CNC(=O)NCC3CCCCC3)nc3cnc4[nH]ccc4c32)CC1,7.31,0.0,1
CHEMBL2971,N#CC[C@H]1CC[C@H](n2c(CNC(=O)Nc3ccccc3)nc3cnc4[nH]ccc4c32)CC1,8.0,0.0,1
CHEMBL2971,N#CC[C@H]1CC[C@H](n2c(CNC(=O)Oc3ccccc3)nc3cnc4[nH]ccc4c32)CC1,7.84,0.0,1
CHEMBL2971,N#CC[C@H]1CC[C@H](n2c(CNC(=O)c3ccc(C#N)cc3)nc3cnc4[nH]ccc4c32)CC1,7.87,0.0,1
CHEMBL2971,N#CC[C@H]1CC[C@H](n2c(CNC(=O)c3ccccc3)nc3cnc4[nH]ccc4c32)CC1,7.3,0.0,1
CHEMBL2971,N#CC[C@H]1CC[C@H](n2c(CNC(=O)c3cn[nH]c3)nc3cnc4[nH]ccc4c32)CC1,7.37,0.0,1
CHEMBL2971,N#CC[C@H]1CC[C@H](n2c(CNC(N)=O)nc3cnc4[nH]ccc4c32)CC1,9.0,0.0,1
CHEMBL2971,N#CC[C@H]1CC[C@H](n2c(CNS(=O)(=O)C3CCCCC3)nc3cnc4[nH]ccc4c32)CC1,7.02,0.0,1
CHEMBL2971,N#CC[C@H]1CC[C@H](n2c(CNS(=O)(=O)c3ccc(C#N)cc3)nc3cnc4[nH]ccc4c32)CC1,7.35,0.0,1
CHEMBL2971,N#CC[C@H]1CC[C@H](n2c(CNS(=O)(=O)c3ccccc3)nc3cnc4[nH]ccc4c32)CC1,7.41,0.0,1
CHEMBL2971,N#CC[C@H]1CC[C@H](n2c(CO/N=C(\N)C34CC5CC(CC(C5)C3)C4)nc3cnc4[nH]ccc4c32)CC1,7.67,0.0,1
CHEMBL2971,N#CC[C@H]1CC[C@H](n2c(CO/N=C(\N)C3CC3)nc3cnc4[nH]ccc4c32)CC1,7.97,0.0,1
CHEMBL2971,N#CC[C@H]1CC[C@H](n2c(CO/N=C(\N)CC3CC3)nc3cnc4[nH]ccc4c32)CC1,8.44,0.0,1
CHEMBL2971,N#CC[C@H]1CC[C@H](n2c(CO/N=C(\N)CN3CCCCC3)nc3cnc4[nH]ccc4c32)CC1,7.37,0.0,1
CHEMBL2971,N#CC[C@H]1CC[C@H](n2c(CO/N=C(\N)c3ccccc3)nc3cnc4[nH]ccc4c32)CC1,8.36,0.0,1
CHEMBL2971,N#CC[C@H]1CC[C@H](n2c(COC(=O)NC34CC5CC(CC(C5)C3)C4)nc3cnc4[nH]ccc4c32)CC1,7.38,0.0,1
CHEMBL2971,N#CC[C@H]1CC[C@H](n2c(COC(=O)NCC3CCCCC3)nc3cnc4[nH]ccc4c32)CC1,7.75,0.0,1
CHEMBL2971,N#CC[C@H]1CC[C@H](n2c(COC(=O)Nc3ccccc3)nc3cnc4[nH]ccc4c32)CC1,8.12,0.0,1
CHEMBL2971,N#CC[C@H]1CC[C@H](n2c(Cc3ccn[nH]3)nc3cnc4[nH]ccc4c32)CC1,8.33,0.0,1
CHEMBL2971,N#CC[C@H]1CC[C@H](n2c(Cc3cscn3)nc3cnc4[nH]ccc4c32)CC1,9.4,0.0,1
CHEMBL2971,N#CC[C@H]1CC[C@H](n2c(Cn3c(-c4ccccc4)noc3=O)nc3cnc4[nH]ccc4c32)CC1,6.82,0.0,1
CHEMBL2971,N#CC[C@H]1CC[C@H](n2c(Cn3c(C4CC4)noc3=O)nc3cnc4[nH]ccc4c32)CC1,6.91,0.0,1
CHEMBL2971,N#CC[C@]1(n2cc(-c3nc(-c4cc(C(N)=O)no4)cn4nccc34)cn2)C[C@H](C#N)C1,5.52,0.0,1
CHEMBL2971,N#CC[C@]1(n2cc(-c3nc(-c4cc(CO)on4)cn4nccc34)cn2)C[C@@H](C#N)C1,6.85,0.7778174593052023,2
CHEMBL2971,N#CC[C@]1(n2cc(C(N)=O)c(Nc3ccc(F)cc3)n2)CC[C@@H](NCc2ccccc2)CC1,8.7,0.0,1
CHEMBL2971,N#CC[C@]1(n2cc(C(N)=O)c(Nc3ccc(F)cc3)n2)CC[C@@H](n2cc(C3CC3)nn2)CC1,6.71,0.0,1
CHEMBL2971,N#CC[C@]1(n2cc(C(N)=O)c(Nc3ccc(F)cc3)n2)CC[C@H](n2cc(C3CC3)nn2)CC1,5.83,0.0,1
CHEMBL2971,N#CC[C@]1(n2cc(C(N)=O)c(Nc3ccc(S(=O)(=O)C(F)F)cc3)n2)CC[C@@H](N)CC1,7.48,0.0,1
CHEMBL2971,N#CC[C@]1(n2cc(C(N)=O)c(Nc3ccccc3)n2)CC[C@@H](C(=O)NCC(F)(F)F)CC1,6.52,0.0,1
CHEMBL2971,N#CC[C@]1(n2cc(C(N)=O)c(Nc3ccccc3)n2)CC[C@H](C(=O)NCC(F)(F)F)CC1,5.83,0.0,1
CHEMBL2971,N#CC[C@]1(n2cc(C(N)=O)c(Nc3ccccc3)n2)C[C@@H](C#N)C1,6.39,0.0,1
CHEMBL2971,N#CC[C@]1(n2nc(Nc3cc(F)c4nccc(Cl)c4c3)c3c(=O)[nH]ccc32)CCOC1,6.46,0.0,1
CHEMBL2971,N#CC[C@]1(n2nc(Nc3ccc(C#N)cc3)c3c(=O)[nH]ccc32)CCOC1,7.1,0.0,1
CHEMBL2971,N#CC[C@]1(n2nc(Nc3ccc(C(F)(F)F)cc3)c3c(=O)[nH]ccc32)CC[C@@H](N2CC(F)C2)CC1,8.11,1.3010764773832464,2
CHEMBL2971,N#CC[C@]1(n2nc(Nc3ccc(C(F)(F)F)cc3)c3c(=O)[nH]ccc32)CC[C@@H](Nc2ccccc2)CC1,5.89,0.0,1
CHEMBL2971,N#CC[C@]1(n2nc(Nc3ccc(C(F)(F)F)cc3)c3c(=O)[nH]ccc32)CC[C@H](Nc2ccccc2)CC1,6.99,0.0,1
CHEMBL2971,N#CC[C@]1(n2nc(Nc3ccc(C(N)C(F)(F)F)cc3)c3c(=O)[nH]ccc32)CCCC[C@H]1F,9.925,0.1767766952966369,2
CHEMBL2971,N#CC[C@]1(n2nc(Nc3ccc(Cl)c(F)c3)c3c(=O)[nH]ccc32)CC[C@H](NC2CCCCC2)CC1,7.19,0.0,1
CHEMBL2971,N#CC[C@]1(n2nc(Nc3ccc(Cl)c(F)c3)c3c(=O)[nH]ccc32)CC[C@H](Nc2ccccc2)CC1,7.26,0.0,1
CHEMBL2971,N#CC[C@]1(n2nc(Nc3ccc(Cl)cc3)c3c(=O)[nH]ccc32)CCOC1,6.89,0.0,1
CHEMBL2971,N#CC[C@]1(n2nc(Nc3ccc(Cl)cc3)c3c(=O)[nH]ccc32)CC[C@@H](N2CC(F)C2)CC1,7.7,0.0,1
CHEMBL2971,N#CC[C@]1(n2nc(Nc3ccc(Cl)cc3)c3c(=O)[nH]ccc32)CC[C@@H](NCC(F)(F)F)CC1,5.99,0.0,1
CHEMBL2971,N#CC[C@]1(n2nc(Nc3ccc(Cl)cc3)c3c(=O)[nH]ccc32)CC[C@H](N2CC(F)C2)CC1,8.76,0.0,1
CHEMBL2971,N#CC[C@]1(n2nc(Nc3ccc(Cl)cc3)c3c(=O)[nH]ccc32)CC[C@H](NCC(F)(F)F)CC1,8.66,0.0,1
CHEMBL2971,N#CC[C@]1(n2nc(Nc3ccc(Cl)cc3)c3c(=O)[nH]ccc32)CC[C@H](Nc2ccccc2)CC1,7.49,0.0,1
CHEMBL2971,N#CC[C@]1(n2nc(Nc3ccc(OC(F)(F)F)cc3)c3c(=O)[nH]ccc32)CC[C@@H](Nc2ccccc2)CC1,5.96,0.0,1
CHEMBL2971,N#CC[C@]1(n2nc(Nc3ccc(OC(F)(F)F)cc3)c3c(=O)[nH]ccc32)CC[C@H](NC2CCCCC2)CC1,7.44,0.0,1
CHEMBL2971,N#CC[C@]1(n2nc(Nc3ccc(OC(F)(F)F)cc3)c3c(=O)[nH]ccc32)CC[C@H](Nc2ccccc2)CC1,7.26,0.0,1
CHEMBL2971,N#CC[C@]1(n2nc(Nc3ccc(S(=O)(=O)C(F)F)cc3)c3c(=O)[nH]ccc32)CC[C@@H](N2CC(F)C2)CC1,8.04,0.0,1
CHEMBL2971,N#CC[C@]1(n2nc(Nc3ccc(S(=O)(=O)C(F)F)cc3)c3c(=O)[nH]ccc32)CC[C@H](N2CC(F)C2)CC1,9.96,0.0,1
CHEMBL2971,N#CC[C@]1(n2nc(Nc3ccc([C@@]4(C(F)(F)F)CCCCN4)cc3)c3c(=O)[nH]ccc32)CCOC[C@H]1F,9.1,0.0,1
CHEMBL2971,N#CC[C@]1(n2nc(Nc3ccc([C@]4(C(F)(F)F)CCCCN4)cc3)c3c(=O)[nH]ccc32)CCOC[C@H]1F,9.11,0.0,1
CHEMBL2971,N#CC[C@]1(n2nc(Nc3ccc4c(c3)CN(C3CCN(CC(F)(F)F)CC3)S4(=O)=O)c3c(=O)[nH]ccc32)CCOC[C@H]1F,8.58,0.0,1
CHEMBL2971,N#CC[C@]1(n2nc(Nc3ccc4c(c3)CN(C3CCNCC3)S4(=O)=O)c3c(=O)[nH]ccc32)CCOC[C@H]1F,8.48,0.0,1
CHEMBL2971,N#CC[C@]1(n2nc(Nc3ccc4nccc(F)c4c3)c3c(=O)[nH]ccc32)CCOC1,6.76,0.0,1
CHEMBL2971,N#CC[C@]1(n2nc(Nc3ccnc(F)c3)c3c(=O)[nH]ccc32)CCCC[C@H]1F,9.17,0.0,1
CHEMBL2971,N#CCc1ccc(NC(=O)Cc2nc3cnc4[nH]ccc4c3n2[C@H]2CC[C@H](CC#N)CC2)cc1,9.3,0.0,1
CHEMBL2971,N#CCc1ccc(NC[C@H]2CC[C@H](c3nnn4cnc5[nH]ccc5c34)CC2)cc1,7.5,0.0,1
CHEMBL2971,N#CCc1cncc2ccc(NC(=O)[C@@H]3CC3c3ccc(S(=O)(=O)Nc4ncccn4)cc3)cc12,8.7,0.0,1
CHEMBL2971,N#CNC1CCOc2ccc(-c3ncnc4[nH]ccc34)cc21,6.11,0.0,1
CHEMBL2971,N#CNC1CCc2ccc(-c3ncnc4[nH]ccc34)cc21,5.81,0.0,1
CHEMBL2971,N#CN[C@@H]1CCOc2ccc(-c3ncnc4[nH]ccc34)cc21,6.33,0.0,1
CHEMBL2971,N#CN[C@@H]1CCc2ccc(-c3ncnc4[nH]ccc34)cc21,5.95,0.0,1
CHEMBL2971,N#CN[C@@H]1c2cc(-c3ncnc4[nH]ccc34)ccc2C[C@H]1O,5.3,0.0,1
CHEMBL2971,N#CN[C@H]1CCOc2ccc(-c3ncnc4[nH]ccc34)cc21,6.06,0.0,1
CHEMBL2971,N#CN[C@H]1CCc2ccc(-c3ncnc4[nH]ccc34)cc21,5.78,0.0,1
CHEMBL2971,N#CN[C@H]1C[C@@H](NS(=O)(=O)c2cccc(C#N)c2)c2ccc(-c3ncnc4[nH]ccc34)cc21,5.62,0.0,1
CHEMBL2971,N#CN[C@H]1C[C@@H](NS(=O)(=O)c2cccc(F)c2)c2ccc(-c3ncnc4[nH]ccc34)cc21,5.52,0.0,1
CHEMBL2971,N#CN[C@H]1C[C@H](O)c2ccc(-c3ncnc4[nH]ccc34)cc21,5.61,0.0,1
CHEMBL2971,N#CNc1ccc(CNc2cc(Nc3ccc(N4CCOCC4)cc3)ncn2)cc1,6.46,0.0,1
CHEMBL2971,N#C[C@@H]1C(n2cc(C(N)=O)c(Nc3ccccc3)n2)CCC[C@@H]1O,7.31,0.0,1
CHEMBL2971,N#C[C@@H]1C(n2cc(C(N)=O)c(Nc3ccccc3)n2)CCC[C@H]1O,6.7,0.0,1
CHEMBL2971,N#C[C@@H]1CC(CN)CCC1n1cc(C(N)=O)c(Nc2ccc(F)cc2)n1,6.61,0.0,1
CHEMBL2971,N#C[C@@H]1CC(CO)CCC1n1cc(C(N)=O)c(Nc2ccc(F)cc2)n1,7.66,0.0,1
CHEMBL2971,N#C[C@@H]1CC2(CCC1n1cc(C(N)=O)c(Nc3ccnc(F)c3)n1)CC2,7.72,0.0,1
CHEMBL2971,N#C[C@@H]1CCCC(F)[C@@H]1n1cc(C(N)=O)c(Nc2ccccc2)n1,6.67,0.0,1
CHEMBL2971,N#C[C@@H]1CCCC1n1nc(Nc2ccnc(F)c2)c2c(=O)[nH]ccc21,4.32,0.0,1
CHEMBL2971,N#C[C@@H]1CCCCC1n1cc(C(N)=O)c(Nc2ccc(S(=O)(=O)CC(F)(F)F)cc2)n1,8.375,0.8838834764831844,2
CHEMBL2971,N#C[C@@H]1CCCCC1n1cc(C(N)=O)c(Nc2ccccc2)n1,6.86,0.0,1
CHEMBL2971,N#C[C@@H]1CCCCC[C@H]1n1nc(Nc2ccc3c(c2)CN(C(=O)N2CCCCC2)C3)c2c(=O)[nH]ccc21,5.96,0.0,1
CHEMBL2971,N#C[C@@H]1CCCCC[C@H]1n1nc(Nc2ccc3c(c2)CN(C2CCCC2)C3=O)c2c(=O)[nH]ccc21,6.52,0.0,1
CHEMBL2971,N#C[C@@H]1CCCC[C@@H]1n1cc(C(N)=O)c(Nc2ccc(F)cc2)n1,7.12,0.0,1
CHEMBL2971,N#C[C@@H]1CCCC[C@@H]1n1cc(C(N)=O)c(Nc2ccc(F)nc2)n1,7.12,0.0,1
CHEMBL2971,N#C[C@@H]1CCCC[C@@H]1n1cc(C(N)=O)c(Nc2ccc(S(=O)(=O)C(F)(F)F)cc2)n1,8.05,0.0,1
CHEMBL2971,N#C[C@@H]1CCCC[C@@H]1n1nc(Nc2ccc(F)cc2)c2c(=O)[nH]ccc21,4.44,0.0,1
CHEMBL2971,N#C[C@@H]1CCCC[C@H]1n1cc(C(N)=O)c(Nc2ccc(C(F)F)nc2)n1,6.59,0.0,1
CHEMBL2971,N#C[C@@H]1CCCC[C@H]1n1cc(C(N)=O)c(Nc2ccc(Cl)nc2)n1,7.75,0.0,1
CHEMBL2971,N#C[C@@H]1CCCC[C@H]1n1cc(C(N)=O)c(Nc2ccc(F)nc2)n1,7.26,0.0,1
CHEMBL2971,N#C[C@@H]1CCCC[C@H]1n1cc(C(N)=O)c(Nc2ccc(S(=O)(=O)C(F)F)cc2)n1,8.125,0.8131727983645289,2
CHEMBL2971,N#C[C@@H]1CCCC[C@H]1n1cc(C(N)=O)c(Nc2ccc(S(=O)(=O)N3CCC(Cc4ccccc4)CC3)cc2)n1,7.17,0.0,1
CHEMBL2971,N#C[C@@H]1CCCC[C@H]1n1cc(C(N)=O)c(Nc2ccc(S(=O)(=O)NCC3CC3)cc2)n1,9.0,0.0,1
CHEMBL2971,N#C[C@@H]1CCCC[C@H]1n1cc(C(N)=O)c(Nc2ccc(S(=O)(=O)NCCN3CCOCC3)cc2)n1,9.0,0.0,1
CHEMBL2971,N#C[C@@H]1CCCC[C@H]1n1cc(C(N)=O)c(Nc2ccc(S(=O)(=O)Nc3ccccn3)cc2)n1,8.05,0.0,1
CHEMBL2971,N#C[C@@H]1CCCC[C@H]1n1cc(C(N)=O)c(Nc2ccc3c(c2)CCS3(=O)=O)n1,7.95,0.636396103067893,2
CHEMBL2971,N#C[C@@H]1CCCC[C@H]1n1cc(C(N)=O)c(Nc2ccc3c(c2)CN(CC(F)(F)F)C3=O)n1,8.4,0.0,1
CHEMBL2971,N#C[C@@H]1CCCC[C@H]1n1nc(Nc2ccc(CS(=O)(=O)N3CCCC3)cc2)c2c(=O)[nH]ccc21,4.68,0.0,1
CHEMBL2971,N#C[C@@H]1CCCC[C@H]1n1nc(Nc2cccc(CNC(=O)c3cnco3)c2)c2c(=O)[nH]ccc21,4.6,0.0,1
CHEMBL2971,N#C[C@@H]1CCCC[C@H]1n1nc(Nc2cccc(CNC(=O)c3ncccn3)c2)c2c(=O)[nH]ccc21,4.17,0.0,1
CHEMBL2971,N#C[C@@H]1CCCC[C@H]1n1nc(Nc2ccnc(F)c2)c2c(=O)[nH]ccc21,4.01,0.0,1
CHEMBL2971,N#C[C@@H]1CCC[C@@H]1n1cc(C(N)=O)c(Nc2ccccc2)n1,6.16,0.0,1
CHEMBL2971,N#C[C@@H]1CCN(C(=O)OC(CF)CF)C[C@H]1n1cc(C(N)=O)c(Nc2ccc(F)cc2)n1,7.36,0.0,1
CHEMBL2971,N#C[C@@H]1CCN(C(=O)OC2CCOCC2)C[C@H]1n1cc(C(N)=O)c(Nc2ccc(F)cc2)n1,7.06,0.0,1
CHEMBL2971,N#C[C@@H]1CCN(C(=O)OC2COC2)C[C@H]1n1cc(C(N)=O)c(Nc2ccc(F)cc2)n1,7.37,0.0,1
CHEMBL2971,N#C[C@@H]1CCN(C(=O)OCC(F)(F)CO)C[C@H]1n1cc(C(N)=O)c(Nc2ccc(F)cc2)n1,7.85,0.0,1
CHEMBL2971,N#C[C@@H]1CCN(C(=O)OCC(F)(F)F)C[C@H]1n1cc(C(N)=O)c(Nc2ccc(F)cc2)n1,7.21,0.0,1
CHEMBL2971,N#C[C@@H]1CCN(C(=O)OCC2CC2)C[C@H]1n1cc(C(N)=O)c(Nc2ccc(F)cc2)n1,7.28,0.0,1
CHEMBL2971,N#C[C@@H]1CCN(C(=O)OCCC2CC2)C[C@H]1n1cc(C(N)=O)c(Nc2ccc(F)cc2)n1,7.12,0.0,1
CHEMBL2971,N#C[C@@H]1CCN(C(=O)OCCF)C[C@H]1n1cc(C(N)=O)c(Nc2ccc(F)cc2)n1,7.25,0.0,1
CHEMBL2971,N#C[C@@H]1CCN(C(=O)OCCN2CCOCC2)C[C@H]1n1cc(C(N)=O)c(Nc2ccc(F)cc2)n1,7.07,0.0,1
CHEMBL2971,N#C[C@@H]1CCN(C(=O)OCc2ccccc2)C[C@H]1n1cc(C(N)=O)c(Nc2ccc(F)cc2)n1,7.28,0.0,1
CHEMBL2971,N#C[C@@H]1CCN(CC2CCC2)C[C@H]1n1cc(C(N)=O)c(Nc2ccc(F)cc2)n1,7.48,0.0,1
CHEMBL2971,N#C[C@@H]1CCN(CC2CCOC2)C[C@H]1n1cc(C(N)=O)c(Nc2ccc(F)cc2)n1,7.2,0.0,1
CHEMBL2971,N#C[C@@H]1CCN(CCC2CCOCC2)C[C@H]1n1cc(C(N)=O)c(Nc2ccc(F)cc2)n1,7.13,0.0,1
CHEMBL2971,N#C[C@@H]1CCN(C[C@H]2CC[C@H](c3nnn4cnc5[nH]ccc5c34)CC2)C1,7.14,0.0,1
CHEMBL2971,N#C[C@@H]1CCN(Cc2cc(F)ccn2)C[C@H]1n1cc(C(N)=O)c(Nc2ccc(F)cc2)n1,7.33,0.0,1
CHEMBL2971,N#C[C@@H]1CCN(Cc2ccc(F)cn2)C[C@H]1n1cc(C(N)=O)c(Nc2ccc(F)cc2)n1,7.85,0.0,1
CHEMBL2971,N#C[C@@H]1CCN(Cc2cccnc2F)C[C@H]1n1cc(C(N)=O)c(Nc2ccc(F)cc2)n1,7.92,0.0,1
CHEMBL2971,N#C[C@@H]1CCN(Cc2cccnn2)C[C@H]1n1cc(C(N)=O)c(Nc2ccc(F)cc2)n1,7.11,0.0,1
CHEMBL2971,N#C[C@@H]1CCN(Cc2ccon2)C[C@H]1n1cc(C(N)=O)c(Nc2ccc(F)cc2)n1,7.89,0.0,1
CHEMBL2971,N#C[C@@H]1CCN(Cc2cnccn2)C[C@H]1n1cc(C(N)=O)c(Nc2ccc(F)cc2)n1,7.58,0.0,1
CHEMBL2971,N#C[C@@H]1CCN(Cc2cncs2)C[C@H]1n1cc(C(N)=O)c(Nc2ccc(F)cc2)n1,8.22,0.0,1
CHEMBL2971,N#C[C@@H]1CCN(Cc2cocn2)C[C@H]1n1cc(C(N)=O)c(Nc2ccc(F)cc2)n1,7.75,0.0,1
CHEMBL2971,N#C[C@@H]1CCN(Cc2cscn2)C[C@H]1n1cc(C(N)=O)c(Nc2ccc(F)cc2)n1,7.72,0.0,1
CHEMBL2971,N#C[C@@H]1CCN(Cc2ncco2)C[C@H]1n1cc(C(N)=O)c(Nc2ccc(F)cc2)n1,7.66,0.0,1
CHEMBL2971,N#C[C@@H]1CCOC[C@H]1n1cc(C(N)=O)c(Nc2ccc(C(F)(F)F)nc2)n1,6.8,0.0,1
CHEMBL2971,N#C[C@@H]1CCOC[C@H]1n1cc(C(N)=O)c(Nc2ccc(C(F)F)nc2)n1,8.52,0.0,1
CHEMBL2971,N#C[C@@H]1CCOC[C@H]1n1cc(C(N)=O)c(Nc2ccc(Cl)c(Cl)c2)n1,8.3,0.0,1
CHEMBL2971,N#C[C@@H]1CCOC[C@H]1n1cc(C(N)=O)c(Nc2ccc(Cl)c(F)c2)n1,8.4,0.0,1
CHEMBL2971,N#C[C@@H]1CCOC[C@H]1n1cc(C(N)=O)c(Nc2ccc(Cl)cc2)n1,7.21,0.0,1
CHEMBL2971,N#C[C@@H]1CCOC[C@H]1n1cc(C(N)=O)c(Nc2ccc(Cl)nc2)n1,8.4,0.0,1
CHEMBL2971,N#C[C@@H]1CCOC[C@H]1n1cc(C(N)=O)c(Nc2ccc([C@@H](O)C(F)(F)F)cc2)n1,7.68,0.0,1
CHEMBL2971,N#C[C@@H]1CCOC[C@H]1n1cc(C(N)=O)c(Nc2ccc([C@H](O)C(F)(F)F)cc2)n1,7.57,0.0,1
CHEMBL2971,N#C[C@@H]1CCOC[C@H]1n1cc(C(N)=O)c(Nc2ccccc2)n1,8.52,0.0,1
CHEMBL2971,N#C[C@@H]1CCOC[C@H]1n1cc(C(N)=O)c(Nc2ccnc(F)c2)n1,6.96,0.0,1
CHEMBL2971,N#C[C@@H]1CCOC[C@H]1n1cc(C(N)=O)c(Nc2cnc3cc(Cl)ccc3c2)n1,6.93,0.0,1
CHEMBL2971,N#C[C@@H]1CCOC[C@H]1n1cc(C(N)=O)c(Nc2cncc(F)c2)n1,8.15,0.0,1
CHEMBL2971,N#C[C@@H]1CN(C(=O)OC(CF)CF)CC[C@@H]1n1cc(C(N)=O)c(Nc2ccc(F)cc2)n1,5.87,0.0,1
CHEMBL2971,N#C[C@@H]1CN(C(=O)OC(CF)CF)CC[C@H]1n1cc(C(N)=O)c(Nc2ccc(F)cc2)n1,6.88,0.0,1
CHEMBL2971,N#C[C@@H]1CN(C(=O)OC2CCCC2)CC[C@H]1n1cc(C(N)=O)c(Nc2ccc(F)cc2)n1,6.12,0.0,1
CHEMBL2971,N#C[C@@H]1CN(C(=O)OC2CCOC2)CC[C@H]1n1cc(C(N)=O)c(Nc2ccc(F)cc2)n1,6.59,0.0,1
CHEMBL2971,N#C[C@@H]1CN(C(=O)OC2CCOCC2)CC[C@H]1n1cc(C(N)=O)c(Nc2ccc(F)cc2)n1,6.37,0.0,1
CHEMBL2971,N#C[C@@H]1CN(C(=O)OC2COC2)CC[C@@H]1n1cc(C(N)=O)c(Nc2ccc(F)cc2)n1,5.96,0.0,1
CHEMBL2971,N#C[C@@H]1CN(C(=O)OC2COC2)CC[C@H]1n1cc(C(N)=O)c(Nc2ccc(F)cc2)n1,6.73,0.0,1
CHEMBL2971,N#C[C@@H]1CN(C(=O)OCC(F)(F)CO)CC[C@@H]1n1cc(C(N)=O)c(Nc2ccc(F)cc2)n1,5.92,0.0,1
CHEMBL2971,N#C[C@@H]1CN(C(=O)OCC(F)(F)CO)CC[C@H]1n1cc(C(N)=O)c(Nc2ccc(F)cc2)n1,6.97,0.0,1
CHEMBL2971,N#C[C@@H]1CN(C(=O)OCC(F)(F)F)CC[C@@H]1n1cc(C(N)=O)c(Nc2ccc(F)cc2)n1,6.0,0.0,1
CHEMBL2971,N#C[C@@H]1CN(C(=O)OCC(F)(F)F)CC[C@H]1n1cc(C(N)=O)c(Nc2ccc(F)cc2)n1,6.57,0.0,1
CHEMBL2971,N#C[C@@H]1CN(C(=O)OCC(F)F)CC[C@@H]1n1cc(C(N)=O)c(Nc2ccc(F)cc2)n1,5.96,0.0,1
CHEMBL2971,N#C[C@@H]1CN(C(=O)OCC(F)F)CC[C@H]1n1cc(C(N)=O)c(Nc2ccc(F)cc2)n1,6.88,0.0,1
CHEMBL2971,N#C[C@@H]1CN(C(=O)OCC2(N)CC2)CC[C@H]1n1cc(C(N)=O)c(Nc2ccc(F)cc2)n1,6.15,0.0,1
CHEMBL2971,N#C[C@@H]1CN(C(=O)OCC2CC2)CC[C@H]1n1cc(C(N)=O)c(Nc2ccc(F)cc2)n1,6.54,0.0,1
CHEMBL2971,N#C[C@@H]1CN(C(=O)OCCC2CC2)CC[C@H]1n1cc(C(N)=O)c(Nc2ccc(F)cc2)n1,6.37,0.0,1
CHEMBL2971,N#C[C@@H]1CN(C(=O)OCCCc2ccccc2)CC[C@H]1n1cc(C(N)=O)c(Nc2ccc(F)cc2)n1,6.0,0.0,1
CHEMBL2971,N#C[C@@H]1CN(C(=O)OCCF)CC[C@@H]1n1cc(C(N)=O)c(Nc2ccc(F)cc2)n1,5.95,0.0,1
CHEMBL2971,N#C[C@@H]1CN(C(=O)OCCF)CC[C@H]1n1cc(C(N)=O)c(Nc2ccc(F)cc2)n1,6.98,0.0,1
CHEMBL2971,N#C[C@@H]1CN(C(=O)OCCN2CCCC2)CC[C@H]1n1cc(C(N)=O)c(Nc2ccc(F)cc2)n1,5.96,0.0,1
CHEMBL2971,N#C[C@@H]1CN(C(=O)OCCN2CCCC2=O)CC[C@H]1n1cc(C(N)=O)c(Nc2ccc(F)cc2)n1,6.39,0.0,1
CHEMBL2971,N#C[C@@H]1CN(C(=O)OCCN2CCOCC2)CC[C@H]1n1cc(C(N)=O)c(Nc2ccc(F)cc2)n1,6.08,0.0,1
CHEMBL2971,N#C[C@@H]1CN(C(=O)OCCc2ccccc2)CC[C@H]1n1cc(C(N)=O)c(Nc2ccc(F)cc2)n1,6.08,0.0,1
CHEMBL2971,N#C[C@@H]1CN(C(=O)OCc2ccccc2)CC[C@H]1n1cc(C(N)=O)c(Nc2ccc(F)cc2)n1,6.43,0.0,1
CHEMBL2971,N#C[C@@H]1CN(CC2CCC2)CC[C@H]1n1cc(C(N)=O)c(Nc2ccc(F)cc2)n1,7.18,0.0,1
CHEMBL2971,N#C[C@@H]1CN(CCC2CCOCC2)CC[C@H]1n1cc(C(N)=O)c(Nc2ccc(F)cc2)n1,6.59,0.0,1
CHEMBL2971,N#C[C@@H]1CN(Cc2cccc(F)n2)CC[C@H]1n1cc(C(N)=O)c(Nc2ccc(F)cc2)n1,7.62,0.0,1
CHEMBL2971,N#C[C@@H]1CN(Cc2cccnc2F)CC[C@H]1n1cc(C(N)=O)c(Nc2ccc(F)cc2)n1,7.1,0.0,1
CHEMBL2971,N#C[C@@H]1CN(Cc2cccnn2)CC[C@H]1n1cc(C(N)=O)c(Nc2ccc(F)cc2)n1,6.66,0.0,1
CHEMBL2971,N#C[C@@H]1CN(Cc2ccn[nH]2)CC[C@H]1n1cc(C(N)=O)c(Nc2ccc(F)cc2)n1,7.46,0.0,1
CHEMBL2971,N#C[C@@H]1CN(Cc2ccon2)CC[C@H]1n1cc(C(N)=O)c(Nc2ccc(F)cc2)n1,7.47,0.0,1
CHEMBL2971,N#C[C@@H]1CN(Cc2cncc(F)c2)CC[C@H]1n1cc(C(N)=O)c(Nc2ccc(F)cc2)n1,7.24,0.0,1
CHEMBL2971,N#C[C@@H]1CN(Cc2cnccn2)CC[C@H]1n1cc(C(N)=O)c(Nc2ccc(F)cc2)n1,7.12,0.0,1
CHEMBL2971,N#C[C@@H]1CN(Cc2cocn2)CC[C@H]1n1cc(C(N)=O)c(Nc2ccc(F)cc2)n1,7.28,0.0,1
CHEMBL2971,N#C[C@@H]1CN(Cc2cscn2)CC[C@H]1n1cc(C(N)=O)c(Nc2ccc(F)cc2)n1,7.43,0.0,1
CHEMBL2971,N#C[C@@H]1CN(Cc2ncco2)CC[C@H]1n1cc(C(N)=O)c(Nc2ccc(F)cc2)n1,7.33,0.0,1
CHEMBL2971,N#C[C@@H]1CNCCC1n1cc(C(N)=O)c(Nc2ccc(F)cc2)n1,6.2,0.0,1
CHEMBL2971,N#C[C@@H]1CNCC[C@H]1n1cc(C(N)=O)c(Nc2ccc(F)cc2)n1,7.09,0.0,1
CHEMBL2971,N#C[C@@H]1COCC[C@H]1n1cc(C(N)=O)c(Nc2ccnc(F)c2)n1,6.49,0.0,1
CHEMBL2971,N#C[C@@H]1CS(=O)(=O)CC[C@@H]1n1cc(C(N)=O)c(Nc2ccc(C(F)(F)F)cc2)n1,6.43,0.0,1
CHEMBL2971,N#C[C@@H]1CS(=O)(=O)CC[C@H]1n1cc(C(N)=O)c(Nc2ccc(C(F)(F)F)cc2)n1,6.81,0.6854925236645548,3
CHEMBL2971,N#C[C@@H]1CS(=O)(=O)C[C@H]1n1cc(C(N)=O)c(Nc2ccc(F)cc2)n1,7.62,0.0,1
CHEMBL2971,N#C[C@@H]1CS(=O)(=O)C[C@H]1n1cc(C(N)=O)c(Nc2ccc(S(=O)(=O)C(F)(F)F)cc2)n1,7.82,0.0,1
CHEMBL2971,N#C[C@@H]1C[C@@H](N(CC2CC2)C2CCC2)CC[C@H]1n1cc(C(N)=O)c(Nc2ccc(C(F)(F)F)cc2)n1,6.21,0.0,1
CHEMBL2971,N#C[C@@H]1C[C@@H](NC2CC3(CCCC3)C2)CC[C@H]1n1cc(C(N)=O)c(Nc2ccc(C(F)(F)F)cc2)n1,6.18,0.0,1
CHEMBL2971,N#C[C@@H]1C[C@@H](NC2CCC2)CC[C@H]1n1cc(C(N)=O)c(Nc2ccc(C(F)(F)F)cc2)n1,6.87,0.0,1
CHEMBL2971,N#C[C@@H]1C[C@@H](NC2COC2)CC[C@H]1n1cc(C(N)=O)c(Nc2ccc(C(F)(F)F)cc2)n1,7.77,0.0,1
CHEMBL2971,N#C[C@@H]1C[C@@H](NCC2CCC2)CC[C@H]1n1cc(C(N)=O)c(Nc2ccc(C(F)(F)F)cc2)n1,6.62,0.0,1
CHEMBL2971,N#C[C@@H]1C[C@@H](O)CC[C@@H]1n1cc(C(N)=O)c(Nc2ccc(S(=O)(=O)C(F)(F)F)cc2)n1,8.3,0.0,1
CHEMBL2971,N#C[C@@H]1C[C@@H](OCC2CC2)CC[C@H]1n1cc(C(N)=O)c(Nc2ccc(F)cc2)n1,6.99,0.0,1
CHEMBL2971,N#C[C@@H]1C[C@H](C(=O)N2CC(F)(F)C2)CC[C@H]1n1cc(C(N)=O)c(Nc2ccc(Cl)cc2)n1,7.55,0.0,1
CHEMBL2971,N#C[C@@H]1C[C@H](C(=O)N2CC(F)C2)CC[C@H]1n1cc(C(N)=O)c(Nc2ccc(Cl)cc2)n1,6.7,0.0,1
CHEMBL2971,N#C[C@@H]1C[C@H](C(=O)N2CC3(CCC3)C2)CC[C@H]1n1cc(C(N)=O)c(Nc2ccc(Cl)cc2)n1,6.88,0.0,1
CHEMBL2971,N#C[C@@H]1C[C@H](C(=O)N2CC3(COC3)C2)CC[C@H]1n1cc(C(N)=O)c(Nc2ccc(Cl)cc2)n1,6.96,0.0,1
CHEMBL2971,N#C[C@@H]1C[C@H](C(=O)N2CCC(F)(F)C2)CC[C@H]1n1cc(C(N)=O)c(Nc2ccc(Cl)cc2)n1,7.22,0.0,1
CHEMBL2971,N#C[C@@H]1C[C@H](C(=O)NC(C2CC2)C2CC2)CC[C@H]1n1cc(C(N)=O)c(Nc2ccc(Cl)cc2)n1,6.77,0.0,1
CHEMBL2971,N#C[C@@H]1C[C@H](C(=O)NC2CC(F)(F)C2)CC[C@H]1n1cc(C(N)=O)c(Nc2ccc(Cl)cc2)n1,6.87,0.0,1
CHEMBL2971,N#C[C@@H]1C[C@H](C(=O)NC2CC2)CC[C@H]1n1cc(C(N)=O)c(Nc2ccc(Cl)cc2)n1,7.64,0.0,1
CHEMBL2971,N#C[C@@H]1C[C@H](C(=O)NC2CCC2)CC[C@H]1n1cc(C(N)=O)c(Nc2ccc(Cl)cc2)n1,7.11,0.0,1
CHEMBL2971,N#C[C@@H]1C[C@H](C(=O)NC2COC2)CC[C@H]1n1cc(C(N)=O)c(Nc2ccc(Cl)cc2)n1,7.42,0.0,1
CHEMBL2971,N#C[C@@H]1C[C@H](C(=O)NCC(F)(F)F)CCC1n1cc(C(N)=O)c(Nc2ccc(Cl)cc2)n1,7.42,0.0,1
CHEMBL2971,N#C[C@@H]1C[C@H](C(=O)N[C@@H](C2CC2)C(F)(F)F)CC[C@H]1n1cc(C(N)=O)c(Nc2ccc(Cl)cc2)n1,7.24,0.0,1
CHEMBL2971,N#C[C@@H]1C[C@H](C(=O)N[C@H](C2CC2)C(F)(F)F)CC[C@H]1n1cc(C(N)=O)c(Nc2ccc(Cl)cc2)n1,6.51,0.0,1
CHEMBL2971,N#C[C@@H]1C[C@H](N2CCC2)CC[C@H]1n1cc(C(N)=O)c(Nc2ccc(C(F)(F)F)cc2)n1,6.62,0.0,1
CHEMBL2971,N#C[C@@H]1C[C@H](OCC2CC2)CC[C@H]1n1cc(C(N)=O)c(Nc2ccc([C@@H](O)C(F)(F)F)cc2)n1,7.72,0.0,1
CHEMBL2971,N#C[C@@H]1C[C@H](OCC2CC2)CC[C@H]1n1cc(C(N)=O)c(Nc2ccc([C@H](O)C(F)(F)F)cc2)n1,7.5,0.0,1
CHEMBL2971,N#C[C@@H]1C[C@H]1C(=O)N[C@@]12C[C@@H]1CN(c1nc(Nc3cnn(CCO)c3)ncc1F)C2,6.47,0.0,1
CHEMBL2971,N#C[C@H]1C(n2cc(C(N)=O)c(Nc3ccccc3)n2)CCC[C@@H]1O,7.0,0.0,1
CHEMBL2971,N#C[C@H]1C(n2cc(C(N)=O)c(Nc3ccccc3)n2)CCC[C@H]1O,6.2,0.0,1
CHEMBL2971,N#C[C@H]1CC(F)CCC1n1cc(C(N)=O)c(Nc2ccccc2)n1,7.55,0.0,1
CHEMBL2971,N#C[C@H]1CC(N(C2CC2)C2CC2)CC[C@@H]1n1cc(C(N)=O)c(Nc2ccc(S(=O)(=O)C(F)(F)F)cc2)n1,7.8,0.0,1
CHEMBL2971,N#C[C@H]1CC(N2CCC[C@@H]2CF)CC[C@@H]1n1cc(C(N)=O)c(Nc2ccc(S(=O)(=O)C(F)(F)F)cc2)n1,7.85,0.0,1
CHEMBL2971,N#C[C@H]1CC(N2CCC[C@H]2CF)CC[C@@H]1n1cc(C(N)=O)c(Nc2ccc(S(=O)(=O)C(F)(F)F)cc2)n1,7.55,0.0,1
CHEMBL2971,N#C[C@H]1CC(N2CC[C@@H](F)C2)CC[C@@H]1n1cc(C(N)=O)c(Nc2ccc(S(=O)(=O)C(F)(F)F)cc2)n1,7.75,0.0,1
CHEMBL2971,N#C[C@H]1CC(N2CC[C@H](F)C2)CC[C@@H]1n1cc(C(N)=O)c(Nc2ccc(S(=O)(=O)C(F)(F)F)cc2)n1,7.77,0.0,1
CHEMBL2971,N#C[C@H]1CC(NC(C2CC2)C2CC2)CC[C@@H]1n1cc(C(N)=O)c(Nc2ccc(S(=O)(=O)C(F)(F)F)cc2)n1,6.65,0.0,1
CHEMBL2971,N#C[C@H]1CC(NC2CC2)CCC1n1cc(C(N)=O)c(Nc2ccc(S(=O)(=O)C(F)(F)F)cc2)n1,8.15,0.0,1
CHEMBL2971,N#C[C@H]1CC(NC2CCS(=O)(=O)C2)CC[C@@H]1n1cc(C(N)=O)c(Nc2ccc(S(=O)(=O)C(F)(F)F)cc2)n1,8.15,0.0,1
CHEMBL2971,N#C[C@H]1CC(NC2COC2)CC[C@@H]1n1cc(C(N)=O)c(Nc2ccc(S(=O)(=O)C(F)(F)F)cc2)n1,8.52,0.0,1
CHEMBL2971,N#C[C@H]1CC(NCC(=O)O)CC[C@@H]1n1cc(C(N)=O)c(Nc2ccc(S(=O)(=O)C(F)(F)F)cc2)n1,9.0,0.0,1
CHEMBL2971,N#C[C@H]1CC(NCC(F)F)CC[C@@H]1n1cc(C(N)=O)c(Nc2ccc(S(=O)(=O)C(F)F)cc2)n1,8.22,0.0,1
CHEMBL2971,N#C[C@H]1CC(NCC2CCS(=O)(=O)C2)CC[C@@H]1n1cc(C(N)=O)c(Nc2ccc(S(=O)(=O)C(F)(F)F)cc2)n1,8.0,0.0,1
CHEMBL2971,N#C[C@H]1CC(NCCO)CCC1n1cc(C(N)=O)c(Nc2ccc(S(=O)(=O)C(F)(F)F)cc2)n1,7.96,0.0,1
CHEMBL2971,N#C[C@H]1CC([N+]2(CC3CC3)CCC2)CC[C@@H]1n1cc(C(N)=O)c(Nc2ccc(Cl)cc2)n1,7.55,0.0,1
CHEMBL2971,N#C[C@H]1CCC2(CC1n1cc(C(N)=O)c(Nc3ccccc3)n1)OCCO2,6.63,0.0,1
CHEMBL2971,N#C[C@H]1CCC2(C[C@@H]1n1cc(C(N)=O)c(Nc3ccccc3)n1)OCCO2,7.815,0.8273149339882605,2
CHEMBL2971,N#C[C@H]1CCC2(C[C@H]1n1cc(C(N)=O)c(Nc3ccccc3)n1)OCCO2,6.51,0.0,1
CHEMBL2971,N#C[C@H]1CCCC(F)[C@@H]1n1cc(C(N)=O)c(Nc2ccccc2)n1,7.22,0.0,1
CHEMBL2971,N#C[C@H]1CCCCC1n1cc(C(N)=O)c(Nc2ccc(-c3cn[nH]c3)nc2)n1,7.8,0.0,1
CHEMBL2971,N#C[C@H]1CCCCC1n1cc(C(N)=O)c(Nc2ccc(F)cc2)n1,7.433333333333334,0.537152988759565,3
CHEMBL2971,N#C[C@H]1CCCCC1n1cc(C(N)=O)c(Nc2ccc(S(=O)(=O)C(F)(F)F)cc2)n1,7.77,0.0,1
CHEMBL2971,N#C[C@H]1CCCCC1n1cc(C(N)=O)c(Nc2ccc(S(=O)(=O)C(F)F)c(CO)c2)n1,7.85,0.0,1
CHEMBL2971,N#C[C@H]1CCCCC1n1cc(C(N)=O)c(Nc2ccc(S(=O)(=O)C(F)F)cc2)n1,8.3,0.0,1
CHEMBL2971,N#C[C@H]1CCCCC1n1cc(C(N)=O)c(Nc2ccc(S(=O)(=O)CC(F)(F)F)cc2)n1,8.3,0.0,1
CHEMBL2971,N#C[C@H]1CCCCC1n1cc(C(N)=O)c(Nc2ccc(S(=O)(=O)CF)cc2)n1,8.7,0.0,1
CHEMBL2971,N#C[C@H]1CCCCC1n1cc(C(N)=O)c(Nc2ccc3c(c2)C(O)CS3(=O)=O)n1,8.7,0.0,1
CHEMBL2971,N#C[C@H]1CCCCC1n1cc(C(N)=O)c(Nc2ccc3c(c2)C=CS3(=O)=O)n1,7.96,0.0,1
CHEMBL2971,N#C[C@H]1CCCCC1n1cc(C(N)=O)c(Nc2ccc3c(c2)CCC(=O)N3)n1,8.1,0.0,1
CHEMBL2971,N#C[C@H]1CCCCC1n1cc(C(N)=O)c(Nc2ccc3c(c2)CCS3(=O)=O)n1,8.22,0.0,1
CHEMBL2971,N#C[C@H]1CCCCC1n1cc(C(N)=O)c(Nc2ccccc2)n1,7.52,0.0,1
CHEMBL2971,N#C[C@H]1CCCCC1n1nc(Nc2ccc(-c3ccno3)cc2)c2c(=O)[nH]ccc21,5.5,0.0,1
CHEMBL2971,N#C[C@H]1CCCCC1n1nc(Nc2ccc(-c3ccon3)cc2)c2c(=O)[nH]ccc21,5.8,0.0,1
CHEMBL2971,N#C[C@H]1CCCCC1n1nc(Nc2ccc(-c3cnco3)cc2)c2c(=O)[nH]ccc21,6.57,0.0,1
CHEMBL2971,N#C[C@H]1CCCCC1n1nc(Nc2ccc(-c3nccs3)cc2)c2c(=O)[nH]ccc21,5.44,0.0,1
CHEMBL2971,N#C[C@H]1CCCCC1n1nc(Nc2ccc(-c3ncno3)cc2)c2c(=O)[nH]ccc21,5.44,0.0,1
CHEMBL2971,N#C[C@H]1CCCCC1n1nc(Nc2ccc(-c3ncon3)cc2)c2c(=O)[nH]ccc21,5.44,0.0,1
CHEMBL2971,N#C[C@H]1CCCCC1n1nc(Nc2ccc(C3(O)COC3)cc2)c2c(=O)[nH]ccc21,5.96,0.0,1
CHEMBL2971,N#C[C@H]1CCCCC[C@@H]1n1nc(Nc2ccc(C3(C(F)(F)F)CCCCN3)cc2)c2c(=O)[nH]ccc21,6.4350000000000005,0.049497474683058214,2
CHEMBL2971,N#C[C@H]1CCCCC[C@@H]1n1nc(Nc2ccc3c(c2)CN(C2CCCC2)C3=O)c2c(=O)[nH]ccc21,4.85,0.0,1
CHEMBL2971,N#C[C@H]1CCCCC[C@@H]1n1nc(Nc2ccc3c(c2)CN(C2CCOCC2)S3(=O)=O)c2c(=O)[nH]ccc21,6.4,0.0,1
CHEMBL2971,N#C[C@H]1CCCC[C@@H]1n1cc(C(N)=O)c(Nc2cc(Cl)cc(Cl)c2)n1,6.92,0.0,1
CHEMBL2971,N#C[C@H]1CCCC[C@@H]1n1cc(C(N)=O)c(Nc2cc(F)cc(Cl)c2)n1,7.38,0.0,1
CHEMBL2971,N#C[C@H]1CCCC[C@@H]1n1cc(C(N)=O)c(Nc2ccc(Br)cc2)n1,7.96,0.0,1
CHEMBL2971,N#C[C@H]1CCCC[C@@H]1n1cc(C(N)=O)c(Nc2ccc(C(F)(F)F)cc2)n1,7.72,0.0,1
CHEMBL2971,N#C[C@H]1CCCC[C@@H]1n1cc(C(N)=O)c(Nc2ccc(C(F)(F)F)nc2)n1,7.315,1.0394469683442253,2
CHEMBL2971,N#C[C@H]1CCCC[C@@H]1n1cc(C(N)=O)c(Nc2ccc(C(F)F)nc2)n1,7.89,0.0,1
CHEMBL2971,N#C[C@H]1CCCC[C@@H]1n1cc(C(N)=O)c(Nc2ccc(C3CC3)nc2)n1,7.58,0.0,1
CHEMBL2971,N#C[C@H]1CCCC[C@@H]1n1cc(C(N)=O)c(Nc2ccc(C=O)cc2)n1,8.52,0.0,1
CHEMBL2971,N#C[C@H]1CCCC[C@@H]1n1cc(C(N)=O)c(Nc2ccc(CN)cc2)n1,8.0,0.0,1
CHEMBL2971,N#C[C@H]1CCCC[C@@H]1n1cc(C(N)=O)c(Nc2ccc(Cl)c(Cl)c2)n1,7.03,0.0,1
CHEMBL2971,N#C[C@H]1CCCC[C@@H]1n1cc(C(N)=O)c(Nc2ccc(Cl)c(F)c2)n1,7.505,0.10606601717798238,2
CHEMBL2971,N#C[C@H]1CCCC[C@@H]1n1cc(C(N)=O)c(Nc2ccc(Cl)cc2)n1,7.493333333333333,0.5281413952090229,3
CHEMBL2971,N#C[C@H]1CCCC[C@@H]1n1cc(C(N)=O)c(Nc2ccc(Cl)nc2)n1,6.75,0.0,1
CHEMBL2971,N#C[C@H]1CCCC[C@@H]1n1cc(C(N)=O)c(Nc2ccc(F)c(Cl)c2)n1,7.38,0.0,1
CHEMBL2971,N#C[C@H]1CCCC[C@@H]1n1cc(C(N)=O)c(Nc2ccc(F)c(F)c2)n1,7.47,0.0,1
CHEMBL2971,N#C[C@H]1CCCC[C@@H]1n1cc(C(N)=O)c(Nc2ccc(F)nc2)n1,7.75,0.0,1
CHEMBL2971,N#C[C@H]1CCCC[C@@H]1n1cc(C(N)=O)c(Nc2ccc(OC(F)(F)F)cc2)n1,8.0,0.0,1
CHEMBL2971,N#C[C@H]1CCCC[C@@H]1n1cc(C(N)=O)c(Nc2ccc(OC(F)F)cc2)n1,8.3,0.0,1
CHEMBL2971,N#C[C@H]1CCCC[C@@H]1n1cc(C(N)=O)c(Nc2ccc(OC(F)F)nc2)n1,7.41,0.0,1
CHEMBL2971,N#C[C@H]1CCCC[C@@H]1n1cc(C(N)=O)c(Nc2ccc(S(=O)(=O)C(F)(F)F)c(CO)c2)n1,8.3,0.0,1
CHEMBL2971,N#C[C@H]1CCCC[C@@H]1n1cc(C(N)=O)c(Nc2ccc(S(=O)(=O)C(F)(F)F)cc2)n1,6.92,0.0,1
CHEMBL2971,N#C[C@H]1CCCC[C@@H]1n1cc(C(N)=O)c(Nc2ccc(S(=O)(=O)N3CCC4(CC3)OCCO4)cc2)n1,8.52,0.0,1
CHEMBL2971,N#C[C@H]1CCCC[C@@H]1n1cc(C(N)=O)c(Nc2ccc(S(=O)(=O)N3CCOCC3)cc2)n1,9.0,0.0,1
CHEMBL2971,N#C[C@H]1CCCC[C@@H]1n1cc(C(N)=O)c(Nc2ccc(S(=O)(=O)NC3CCCCC3)cc2)n1,9.0,0.0,1
CHEMBL2971,N#C[C@H]1CCCC[C@@H]1n1cc(C(N)=O)c(Nc2ccc(S(=O)(=O)NCCN3CCCC3)cc2)n1,8.7,0.0,1
CHEMBL2971,N#C[C@H]1CCCC[C@@H]1n1cc(C(N)=O)c(Nc2ccc(S(=O)(=O)NCc3ccc(C(F)(F)F)cc3)cc2)n1,8.15,0.0,1
CHEMBL2971,N#C[C@H]1CCCC[C@@H]1n1cc(C(N)=O)c(Nc2ccc(S(=O)(=O)NCc3ccc(Cl)cc3)cc2)n1,8.4,0.0,1
CHEMBL2971,N#C[C@H]1CCCC[C@@H]1n1cc(C(N)=O)c(Nc2ccc(S(=O)(=O)NCc3ccccc3)cc2)n1,9.05,0.0,1
CHEMBL2971,N#C[C@H]1CCCC[C@@H]1n1cc(C(N)=O)c(Nc2ccc(S(=O)(=O)NCc3ccccc3Cl)cc2)n1,8.7,0.0,1
CHEMBL2971,N#C[C@H]1CCCC[C@@H]1n1cc(C(N)=O)c(Nc2ccc(S(=O)(=O)NCc3ccccn3)cc2)n1,8.4,0.0,1
CHEMBL2971,N#C[C@H]1CCCC[C@@H]1n1cc(C(N)=O)c(Nc2ccc(S(=O)(=O)NCc3cccnc3)cc2)n1,9.0,0.0,1
CHEMBL2971,N#C[C@H]1CCCC[C@@H]1n1cc(C(N)=O)c(Nc2ccc(S(=O)(=O)NCc3ccncc3)cc2)n1,9.02,0.0,1
CHEMBL2971,N#C[C@H]1CCCC[C@@H]1n1cc(C(N)=O)c(Nc2ccc(S(=O)(=O)Nc3ccc(C(F)(F)F)cc3)cc2)n1,7.51,0.0,1
CHEMBL2971,N#C[C@H]1CCCC[C@@H]1n1cc(C(N)=O)c(Nc2ccc(S(=O)(=O)Nc3ccc4cccnc4c3)cc2)n1,7.48,0.0,1
CHEMBL2971,N#C[C@H]1CCCC[C@@H]1n1cc(C(N)=O)c(Nc2ccc(S(=O)(=O)Nc3ccncc3)cc2)n1,8.7,0.0,1
CHEMBL2971,N#C[C@H]1CCCC[C@@H]1n1cc(C(N)=O)c(Nc2ccc([C@@H](O)C(F)(F)F)cc2)n1,8.7,0.0,1
CHEMBL2971,N#C[C@H]1CCCC[C@@H]1n1cc(C(N)=O)c(Nc2ccc([C@@H](O)C(F)(F)F)nc2)n1,8.52,0.0,1
CHEMBL2971,N#C[C@H]1CCCC[C@@H]1n1cc(C(N)=O)c(Nc2ccc([C@@H](O)C(F)F)nc2)n1,8.4,0.0,1
CHEMBL2971,N#C[C@H]1CCCC[C@@H]1n1cc(C(N)=O)c(Nc2ccc([C@H](O)C(F)(F)F)nc2)n1,8.7,0.0,1
CHEMBL2971,N#C[C@H]1CCCC[C@@H]1n1cc(C(N)=O)c(Nc2ccc([C@H](O)C(F)F)nc2)n1,8.52,0.0,1
CHEMBL2971,N#C[C@H]1CCCC[C@@H]1n1cc(C(N)=O)c(Nc2ccc3c(c2)CN(CC(F)(F)F)C3=O)n1,9.1,0.0,1
CHEMBL2971,N#C[C@H]1CCCC[C@@H]1n1cc(C(N)=O)c(Nc2cccnc2)n1,7.44,0.0,1
CHEMBL2971,N#C[C@H]1CCCC[C@@H]1n1cc(C(N)=O)c(Nc2ccnc(C(F)(F)F)c2)n1,6.91,0.0,1
CHEMBL2971,N#C[C@H]1CCCC[C@@H]1n1cc(C(N)=O)c(Nc2ccnc(Cl)c2)n1,7.51,0.0,1
CHEMBL2971,N#C[C@H]1CCCC[C@@H]1n1cc(C(N)=O)c(Nc2ccnc(F)c2)n1,7.68,0.0,1
CHEMBL2971,N#C[C@H]1CCCC[C@@H]1n1cc(C(N)=O)c(Nc2ccnnc2)n1,7.55,0.0,1
CHEMBL2971,N#C[C@H]1CCCC[C@@H]1n1cc(C(N)=O)c(Nc2cnc3c(c2)CNC3=O)n1,8.15,0.0,1
CHEMBL2971,N#C[C@H]1CCCC[C@@H]1n1cc(C(N)=O)c(Nc2cnc3cc(Cl)ccc3c2)n1,7.68,0.0,1
CHEMBL2971,N#C[C@H]1CCCC[C@@H]1n1cc(C(N)=O)c(Nc2cnc3cc(F)ccc3c2)n1,7.8,0.0,1
CHEMBL2971,N#C[C@H]1CCCC[C@@H]1n1cc(C(N)=O)c(Nc2cnc3ccc(Cl)cc3c2)n1,7.64,0.0,1
CHEMBL2971,N#C[C@H]1CCCC[C@@H]1n1cc(C(N)=O)c(Nc2cnc3ccc(F)cc3c2)n1,7.85,0.0,1
CHEMBL2971,N#C[C@H]1CCCC[C@@H]1n1cc(C(N)=O)c(Nc2cncc(Cl)c2)n1,7.41,0.0,1
CHEMBL2971,N#C[C@H]1CCCC[C@@H]1n1nc(Nc2cc(F)cc(CN)c2)c2c(=O)[nH]ccc21,5.64,0.0,1
CHEMBL2971,N#C[C@H]1CCCC[C@@H]1n1nc(Nc2ccc(-c3ncco3)cc2)c2c(=O)[nH]ccc21,5.72,0.0,1
CHEMBL2971,N#C[C@H]1CCCC[C@@H]1n1nc(Nc2ccc(-c3noc(=O)[nH]3)cc2)c2c(=O)[nH]ccc21,5.54,0.0,1
CHEMBL2971,N#C[C@H]1CCCC[C@@H]1n1nc(Nc2ccc(C(=O)N3CCCC3)cc2)c2c(=O)[nH]ccc21,5.32,0.0,1
CHEMBL2971,N#C[C@H]1CCCC[C@@H]1n1nc(Nc2ccc(C(=O)O)cc2)c2c(=O)[nH]ccc21,5.47,0.0,1
CHEMBL2971,N#C[C@H]1CCCC[C@@H]1n1nc(Nc2ccc(C(N)C(F)F)cc2)c2c(=O)[nH]ccc21,6.33,0.0,1
CHEMBL2971,N#C[C@H]1CCCC[C@@H]1n1nc(Nc2ccc(C(O)C(F)(F)F)cc2)c2c(=O)[nH]ccc21,6.18,0.12727922061357835,2
CHEMBL2971,N#C[C@H]1CCCC[C@@H]1n1nc(Nc2ccc(C(O)C(F)F)cc2)c2c(=O)[nH]ccc21,6.21,0.0,1
CHEMBL2971,N#C[C@H]1CCCC[C@@H]1n1nc(Nc2ccc(C3(C(F)(F)F)CC3)cc2)c2c(=O)[nH]ccc21,5.09,0.0,1
CHEMBL2971,N#C[C@H]1CCCC[C@@H]1n1nc(Nc2ccc(C3(C(F)(F)F)CCCCN3)cc2)c2c(=O)[nH]ccc21,6.904999999999999,0.021213203435596288,2
CHEMBL2971,N#C[C@H]1CCCC[C@@H]1n1nc(Nc2ccc(C3(C(F)(F)F)CCCN3)cc2)c2c(=O)[nH]ccc21,6.574999999999999,0.14849242404917465,2
CHEMBL2971,N#C[C@H]1CCCC[C@@H]1n1nc(Nc2ccc(C3(N)CCC3)cc2)c2c(=O)[nH]ccc21,6.5,0.0,1
CHEMBL2971,N#C[C@H]1CCCC[C@@H]1n1nc(Nc2ccc(C3(O)CCC(C(=O)O)CC3)cc2)c2c(=O)[nH]ccc21,6.42,0.0,1
CHEMBL2971,N#C[C@H]1CCCC[C@@H]1n1nc(Nc2ccc(C3CC4CCC(C3)N4)cc2)c2c(=O)[nH]ccc21,6.24,0.0,1
CHEMBL2971,N#C[C@H]1CCCC[C@@H]1n1nc(Nc2ccc(C3CCCN3)cc2)c2c(=O)[nH]ccc21,6.285,0.021213203435596288,2
CHEMBL2971,N#C[C@H]1CCCC[C@@H]1n1nc(Nc2ccc(C3CCNCC3)cc2)c2c(=O)[nH]ccc21,6.01,0.0,1
CHEMBL2971,N#C[C@H]1CCCC[C@@H]1n1nc(Nc2ccc(CN)cc2)c2c(=O)[nH]ccc21,6.09,0.0,1
CHEMBL2971,N#C[C@H]1CCCC[C@@H]1n1nc(Nc2ccc(CNC(=O)c3cnco3)cc2)c2c(=O)[nH]ccc21,5.82,0.0,1
CHEMBL2971,N#C[C@H]1CCCC[C@@H]1n1nc(Nc2ccc(CNC(=O)c3ncccn3)cc2)c2c(=O)[nH]ccc21,5.7,0.0,1
CHEMBL2971,N#C[C@H]1CCCC[C@@H]1n1nc(Nc2ccc(CNCC(F)(F)F)cc2)c2c(=O)[nH]ccc21,6.28,0.0,1
CHEMBL2971,N#C[C@H]1CCCC[C@@H]1n1nc(Nc2ccc(Cl)cc2)c2c(=O)[nH]ccc21,4.99,0.0,1
CHEMBL2971,N#C[C@H]1CCCC[C@@H]1n1nc(Nc2ccc(Cn3ccnn3)cc2)c2c(=O)[nH]ccc21,6.47,0.0,1
CHEMBL2971,N#C[C@H]1CCCC[C@@H]1n1nc(Nc2ccc(Cn3nccn3)cc2)c2c(=O)[nH]ccc21,6.38,0.0,1
CHEMBL2971,N#C[C@H]1CCCC[C@@H]1n1nc(Nc2ccc(F)c(CN)c2)c2c(=O)[nH]ccc21,5.64,0.0,1
CHEMBL2971,N#C[C@H]1CCCC[C@@H]1n1nc(Nc2ccc(F)cc2)c2c(=O)[nH]ccc21,5.12,0.0,1
CHEMBL2971,N#C[C@H]1CCCC[C@@H]1n1nc(Nc2ccc(S(=O)(=O)N3CCCCC3)cc2)c2c(=O)[nH]ccc21,6.32,0.0,1
CHEMBL2971,N#C[C@H]1CCCC[C@@H]1n1nc(Nc2ccc(S(=O)(=O)N3CCOCC3)cc2)c2c(=O)[nH]ccc21,6.33,0.0,1
CHEMBL2971,N#C[C@H]1CCCC[C@@H]1n1nc(Nc2ccc(S(=O)(=O)NC3CCCCC3)cc2)c2c(=O)[nH]ccc21,5.92,0.0,1
CHEMBL2971,N#C[C@H]1CCCC[C@@H]1n1nc(Nc2ccc(S(=O)(=O)NCC3CC3)cc2)c2c(=O)[nH]ccc21,6.22,0.0,1
CHEMBL2971,N#C[C@H]1CCCC[C@@H]1n1nc(Nc2ccc(S(=O)(=O)NCc3ccccc3)cc2)c2c(=O)[nH]ccc21,5.92,0.0,1
CHEMBL2971,N#C[C@H]1CCCC[C@@H]1n1nc(Nc2ccc(S(N)(=O)=O)cc2)c2c(=O)[nH]ccc21,6.07,0.0,1
CHEMBL2971,N#C[C@H]1CCCC[C@@H]1n1nc(Nc2ccc([C@@H](N)C(F)(F)F)cc2)c2c(=O)[nH]ccc21,6.43,0.0,1
CHEMBL2971,N#C[C@H]1CCCC[C@@H]1n1nc(Nc2ccc([C@H](N)C(F)(F)F)cc2)c2c(=O)[nH]ccc21,6.39,0.0,1
CHEMBL2971,N#C[C@H]1CCCC[C@@H]1n1nc(Nc2ccc([C@H]3C[C@H]4CC[C@@H](C3)N4)cc2)c2c(=O)[nH]ccc21,6.41,0.0,1
CHEMBL2971,N#C[C@H]1CCCC[C@@H]1n1nc(Nc2ccc([C@]3(O)CC[C@H](C(=O)O)CC3)cc2)c2c(=O)[nH]ccc21,5.57,0.0,1
CHEMBL2971,N#C[C@H]1CCCC[C@@H]1n1nc(Nc2ccc3c(c2)C(O)(CO)CCS3(=O)=O)c2c(=O)[nH]ccc21,4.75,0.0,1
CHEMBL2971,N#C[C@H]1CCCC[C@@H]1n1nc(Nc2ccc3c(c2)C(O)C2(CCCCC2)S3(=O)=O)c2c(=O)[nH]ccc21,6.445,0.19091883092036785,2
CHEMBL2971,N#C[C@H]1CCCC[C@@H]1n1nc(Nc2ccc3c(c2)C(O)C2(CCOCC2)S3(=O)=O)c2c(=O)[nH]ccc21,6.48,0.1272792206135787,2
CHEMBL2971,N#C[C@H]1CCCC[C@@H]1n1nc(Nc2ccc3c(c2)CC(C(=O)O)C3)c2c(=O)[nH]ccc21,5.47,0.0,1
CHEMBL2971,N#C[C@H]1CCCC[C@@H]1n1nc(Nc2ccc3c(c2)CC2(CC2)C3(O)C(F)(F)F)c2c(=O)[nH]ccc21,6.3,0.3394112549695431,2
CHEMBL2971,N#C[C@H]1CCCC[C@@H]1n1nc(Nc2ccc3c(c2)CC2(CCCCC2)S3(=O)=O)c2c(=O)[nH]ccc21,5.55,1.2303657992645929,2
CHEMBL2971,N#C[C@H]1CCCC[C@@H]1n1nc(Nc2ccc3c(c2)CC2(CCOCC2)S3(=O)=O)c2c(=O)[nH]ccc21,6.75,0.0,1
CHEMBL2971,N#C[C@H]1CCCC[C@@H]1n1nc(Nc2ccc3c(c2)CCNC3)c2c(=O)[nH]ccc21,5.58,0.0,1
CHEMBL2971,N#C[C@H]1CCCC[C@@H]1n1nc(Nc2ccc3c(c2)CCS3(=O)=O)c2c(=O)[nH]ccc21,6.15,0.0,1
CHEMBL2971,N#C[C@H]1CCCC[C@@H]1n1nc(Nc2ccc3c(c2)CN(C(=O)c2cnc(N4CCCCC4)cn2)C3)c2c(=O)[nH]ccc21,5.82,0.0,1
CHEMBL2971,N#C[C@H]1CCCC[C@@H]1n1nc(Nc2ccc3c(c2)CN(C2CCCC2)C3=O)c2c(=O)[nH]ccc21,6.35,0.0,1
CHEMBL2971,N#C[C@H]1CCCC[C@@H]1n1nc(Nc2ccc3c(c2)CN(C2CCCCC2)C3=O)c2c(=O)[nH]ccc21,6.21,0.0,1
CHEMBL2971,N#C[C@H]1CCCC[C@@H]1n1nc(Nc2ccc3c(c2)CN(C2CCOCC2)C3=O)c2c(=O)[nH]ccc21,6.39,0.0,1
CHEMBL2971,N#C[C@H]1CCCC[C@@H]1n1nc(Nc2ccc3c(c2)CN(C2CCOCC2)S3(=O)=O)c2c(=O)[nH]ccc21,6.6,0.0,1
CHEMBL2971,N#C[C@H]1CCCC[C@@H]1n1nc(Nc2ccc3c(c2)CN(C2CCSCC2)C3=O)c2c(=O)[nH]ccc21,6.29,0.0,1
CHEMBL2971,N#C[C@H]1CCCC[C@@H]1n1nc(Nc2ccc3c(c2)CN(CC(F)(F)F)C3)c2c(=O)[nH]ccc21,5.96,0.0,1
CHEMBL2971,N#C[C@H]1CCCC[C@@H]1n1nc(Nc2ccc3c(c2)CN(CC(F)(F)F)C3=O)c2c(=O)[nH]ccc21,6.37,0.0,1
CHEMBL2971,N#C[C@H]1CCCC[C@@H]1n1nc(Nc2ccc3c(c2)CN(CC(F)(F)F)S3(=O)=O)c2c(=O)[nH]ccc21,6.24,0.0,1
CHEMBL2971,N#C[C@H]1CCCC[C@@H]1n1nc(Nc2ccc3c(c2)CN(CC2CC2)C3)c2c(=O)[nH]ccc21,5.64,0.0,1
CHEMBL2971,N#C[C@H]1CCCC[C@@H]1n1nc(Nc2ccc3c(c2)CN(CC2CC2)S3(=O)=O)c2c(=O)[nH]ccc21,6.27,0.0,1
CHEMBL2971,N#C[C@H]1CCCC[C@@H]1n1nc(Nc2ccc3c(c2)CN(CC2CCCC2)C3)c2c(=O)[nH]ccc21,6.04,0.0,1
CHEMBL2971,N#C[C@H]1CCCC[C@@H]1n1nc(Nc2ccc3c(c2)CN(CC2CCCC2)S3(=O)=O)c2c(=O)[nH]ccc21,6.19,0.0,1
CHEMBL2971,N#C[C@H]1CCCC[C@@H]1n1nc(Nc2ccc3c(c2)CN(CCO)S3(=O)=O)c2c(=O)[nH]ccc21,6.04,0.0,1
CHEMBL2971,N#C[C@H]1CCCC[C@@H]1n1nc(Nc2ccc3c(c2)CN([C@H]2CC[C@@H](C(=O)O)CC2)S3(=O)=O)c2c(=O)[nH]ccc21,6.33,0.0,1
CHEMBL2971,N#C[C@H]1CCCC[C@@H]1n1nc(Nc2ccc3c(c2)CN([C@H]2CC[C@H](C(=O)O)CC2)S3(=O)=O)c2c(=O)[nH]ccc21,6.85,0.0,1
CHEMBL2971,N#C[C@H]1CCCC[C@@H]1n1nc(Nc2ccc3c(c2)CNC3)c2c(=O)[nH]ccc21,6.07,0.0,1
CHEMBL2971,N#C[C@H]1CCCC[C@@H]1n1nc(Nc2ccc3c(c2)CNC3C(F)F)c2c(=O)[nH]ccc21,6.17,0.0424264068711932,2
CHEMBL2971,N#C[C@H]1CCCC[C@@H]1n1nc(Nc2ccc3c(c2)CNCC3)c2c(=O)[nH]ccc21,6.06,0.0,1
CHEMBL2971,N#C[C@H]1CCCC[C@@H]1n1nc(Nc2ccc3c(c2)CNS3(=O)=O)c2c(=O)[nH]ccc21,6.21,0.0,1
CHEMBL2971,N#C[C@H]1CCCC[C@@H]1n1nc(Nc2cccc(CN)c2)c2c(=O)[nH]ccc21,5.28,0.0,1
CHEMBL2971,N#C[C@H]1CCCC[C@@H]1n1nc(Nc2cccc(CN3CCOCC3)c2)c2c(=O)[nH]ccc21,5.77,0.0,1
CHEMBL2971,N#C[C@H]1CCCC[C@@H]1n1nc(Nc2cccc(CNC(=O)c3cnco3)c2)c2c(=O)[nH]ccc21,5.64,0.0,1
CHEMBL2971,N#C[C@H]1CCCC[C@@H]1n1nc(Nc2cccc(CNC(=O)c3ncccn3)c2)c2c(=O)[nH]ccc21,5.24,0.0,1
CHEMBL2971,N#C[C@H]1CCCC[C@@H]1n1nc(Nc2cccc(CNCC(F)(F)F)c2)c2c(=O)[nH]ccc21,5.75,0.0,1
CHEMBL2971,N#C[C@H]1CCCC[C@@H]1n1nc(Nc2cccc(Cn3cccn3)c2)c2c(=O)[nH]ccc21,5.77,0.0,1
CHEMBL2971,N#C[C@H]1CCCC[C@@H]1n1nc(Nc2cccc(Cn3ccnc3)c2)c2c(=O)[nH]ccc21,5.66,0.0,1
CHEMBL2971,N#C[C@H]1CCCC[C@@H]1n1nc(Nc2cccc(Cn3ccnn3)c2)c2c(=O)[nH]ccc21,6.31,0.0,1
CHEMBL2971,N#C[C@H]1CCCC[C@@H]1n1nc(Nc2cccc(Cn3cncn3)c2)c2c(=O)[nH]ccc21,5.89,0.0,1
CHEMBL2971,N#C[C@H]1CCCC[C@@H]1n1nc(Nc2cccc(Cn3cnnc3)c2)c2c(=O)[nH]ccc21,5.92,0.0,1
CHEMBL2971,N#C[C@H]1CCCC[C@@H]1n1nc(Nc2cccc(Cn3nccn3)c2)c2c(=O)[nH]ccc21,6.03,0.0,1
CHEMBL2971,N#C[C@H]1CCCC[C@@H]1n1nc(Nc2cccc([C@@H](N)C(F)(F)F)c2)c2c(=O)[nH]ccc21,5.66,0.0,1
CHEMBL2971,N#C[C@H]1CCCC[C@@H]1n1nc(Nc2cccc([C@H](N)C(F)(F)F)c2)c2c(=O)[nH]ccc21,5.82,0.0,1
CHEMBL2971,N#C[C@H]1CCCC[C@@H]1n1nc(Nc2ccccc2)c2c(=O)[nH]ccc21,5.5,0.0,1
CHEMBL2971,N#C[C@H]1CCCC[C@@H]1n1nc(Nc2ccnc(F)c2)c2c(=O)[nH]ccc21,5.27,0.0,1
CHEMBL2971,N#C[C@H]1CCC[C@@H](O)C1n1cc(C(N)=O)c(Nc2ccccc2)n1,6.0,0.0,1
CHEMBL2971,N#C[C@H]1CCC[C@@H]1n1cc(C(N)=O)c(Nc2ccccc2)n1,7.0,0.0,1
CHEMBL2971,N#C[C@H]1CCC[C@@H]1n1nc(Nc2ccc(C(N)C(F)(F)F)cc2)c2c(=O)[nH]ccc21,6.195,0.049497474683058526,2
CHEMBL2971,N#C[C@H]1CCC[C@@H]1n1nc(Nc2ccc(C(O)C(F)(F)F)cc2)c2c(=O)[nH]ccc21,6.28,0.0,1
CHEMBL2971,N#C[C@H]1CCC[C@@H]1n1nc(Nc2ccc(C3(C(F)(F)F)CCCCN3)cc2)c2c(=O)[nH]ccc21,7.0600000000000005,0.01414213562373159,2
CHEMBL2971,N#C[C@H]1CCC[C@@H]1n1nc(Nc2ccc(S(N)(=O)=O)cc2)c2c(=O)[nH]ccc21,6.29,0.0,1
CHEMBL2971,N#C[C@H]1CCC[C@@H]1n1nc(Nc2ccc3c(c2)CN(CC(F)(F)F)C3=O)c2c(=O)[nH]ccc21,6.36,0.0,1
CHEMBL2971,N#C[C@H]1CCC[C@@H]1n1nc(Nc2ccc3c(c2)CN(CC(F)(F)F)S3(=O)=O)c2c(=O)[nH]ccc21,6.3,0.0,1
CHEMBL2971,N#C[C@H]1CCC[C@@H]1n1nc(Nc2ccnc(F)c2)c2c(=O)[nH]ccc21,5.24,0.0,1
CHEMBL2971,N#C[C@H]1CCC[C@H](O)C1n1cc(C(N)=O)c(Nc2ccccc2)n1,6.5,0.0,1
CHEMBL2971,N#C[C@H]1CCN(C(=O)[C@H](NC(=O)c2c[nH]c3ncc(C4CC4)nc23)C2CC2)C1,7.8950000000000005,1.9869700551341989,2
CHEMBL2971,N#C[C@H]1CCN(C(=O)[C@H]2CC[C@H](c3nnn4cnc5[nH]ccc5c34)CC2)C1,6.48,0.0,1
CHEMBL2971,N#C[C@H]1CCN(C[C@H]2CC[C@H](c3nnn4cnc5[nH]ccc5c34)CC2)C1,7.42,0.0,1
CHEMBL2971,N#C[C@H]1CCNC[C@@H]1n1cc(C(N)=O)c(Nc2ccc(F)cc2)n1,6.9,0.0,1
CHEMBL2971,N#C[C@H]1CCOCC1n1nc(Nc2ccc(C(O)(c3ccccn3)C(F)(F)F)cc2)c2c(=O)[nH]ccc21,6.785,0.049497474683058526,2
CHEMBL2971,N#C[C@H]1CCOCC1n1nc(Nc2ccc(C(O)(c3ccncc3)C(F)(F)F)cc2)c2c(=O)[nH]ccc21,6.9350000000000005,0.1626345596729053,2
CHEMBL2971,N#C[C@H]1CCOCC1n1nc(Nc2ccc(C3(C(F)(F)F)CCNC3)cc2)c2c(=O)[nH]ccc21,6.785,0.021213203435596288,2
CHEMBL2971,N#C[C@H]1CCOCC1n1nc(Nc2ccnc(F)c2)c2c(=O)[nH]ccc21,5.33,0.0,1
CHEMBL2971,N#C[C@H]1CCOC[C@@H]1n1cc(C(N)=O)c(Nc2ccc(C(F)(F)F)nc2)n1,8.4,0.0,1
CHEMBL2971,N#C[C@H]1CCOC[C@@H]1n1cc(C(N)=O)c(Nc2ccc(C(F)F)nc2)n1,6.87,0.0,1
CHEMBL2971,N#C[C@H]1CCOC[C@@H]1n1cc(C(N)=O)c(Nc2ccc(Cl)c(Cl)c2)n1,7.12,0.7212489168102781,2
CHEMBL2971,N#C[C@H]1CCOC[C@@H]1n1cc(C(N)=O)c(Nc2ccc(Cl)c(F)c2)n1,6.92,0.0,1
CHEMBL2971,N#C[C@H]1CCOC[C@@H]1n1cc(C(N)=O)c(Nc2ccc(Cl)cc2)n1,8.620000000000001,0.14142135623730964,2
CHEMBL2971,N#C[C@H]1CCOC[C@@H]1n1cc(C(N)=O)c(Nc2ccc(Cl)nc2)n1,6.87,0.0,1
CHEMBL2971,N#C[C@H]1CCOC[C@@H]1n1cc(C(N)=O)c(Nc2ccc(F)nc2)n1,8.3,0.0,1
CHEMBL2971,N#C[C@H]1CCOC[C@@H]1n1cc(C(N)=O)c(Nc2ccc(OC(F)(F)F)cc2)n1,8.383333333333333,0.9577229940506456,3
CHEMBL2971,N#C[C@H]1CCOC[C@@H]1n1cc(C(N)=O)c(Nc2ccc(OCC(F)(F)F)nc2)n1,8.52,0.0,1
CHEMBL2971,N#C[C@H]1CCOC[C@@H]1n1cc(C(N)=O)c(Nc2ccc([C@@H](O)C(F)(F)F)cc2)n1,9.22,0.0,1
CHEMBL2971,N#C[C@H]1CCOC[C@@H]1n1cc(C(N)=O)c(Nc2ccc([C@H](O)C(F)(F)F)cc2)n1,9.15,0.0,1
CHEMBL2971,N#C[C@H]1CCOC[C@@H]1n1cc(C(N)=O)c(Nc2ccccc2)n1,7.17,0.0,1
CHEMBL2971,N#C[C@H]1CCOC[C@@H]1n1cc(C(N)=O)c(Nc2ccnc(F)c2)n1,8.7,0.0,1
CHEMBL2971,N#C[C@H]1CCOC[C@@H]1n1cc(C(N)=O)c(Nc2cnc3cc(Cl)ccc3c2)n1,8.3,0.0,1
CHEMBL2971,N#C[C@H]1CCOC[C@@H]1n1cc(C(N)=O)c(Nc2cncc(F)c2)n1,6.51,0.0,1
CHEMBL2971,N#C[C@H]1CCOC[C@@H]1n1nc(Nc2ccc(C(N)C(F)(F)F)cc2)c2c(=O)[nH]ccc21,6.6,0.08485281374238547,2
CHEMBL2971,N#C[C@H]1CCOC[C@@H]1n1nc(Nc2ccc(C(N3CCC3)C(F)(F)F)cc2)c2c(=O)[nH]ccc21,6.755,0.1343502884254437,2
CHEMBL2971,N#C[C@H]1CCOC[C@@H]1n1nc(Nc2ccc(C(N3CCCC3)C(F)(F)F)cc2)c2c(=O)[nH]ccc21,6.994999999999999,0.14849242404917526,2
CHEMBL2971,N#C[C@H]1CCOC[C@@H]1n1nc(Nc2ccc(C(N3CCNCC3)C(F)(F)F)cc2)c2c(=O)[nH]ccc21,6.83,0.0848528137423861,2
CHEMBL2971,N#C[C@H]1CCOC[C@@H]1n1nc(Nc2ccc(C(N3CCSCC3)C(F)(F)F)cc2)c2c(=O)[nH]ccc21,6.720000000000001,0.14142135623730995,2
CHEMBL2971,N#C[C@H]1CCOC[C@@H]1n1nc(Nc2ccc(C(NC3CC3)C(F)(F)F)cc2)c2c(=O)[nH]ccc21,6.82,0.0,1
CHEMBL2971,N#C[C@H]1CCOC[C@@H]1n1nc(Nc2ccc(C(NC3CCC3)C(F)(F)F)cc2)c2c(=O)[nH]ccc21,6.84,0.16970562748477155,2
CHEMBL2971,N#C[C@H]1CCOC[C@@H]1n1nc(Nc2ccc(C(NC3CCCC3)C(F)(F)F)cc2)c2c(=O)[nH]ccc21,6.835,0.021213203435595972,2
CHEMBL2971,N#C[C@H]1CCOC[C@@H]1n1nc(Nc2ccc(C3(C(F)(F)F)CCCCN3)cc2)c2c(=O)[nH]ccc21,7.26,0.05656854249492385,2
CHEMBL2971,N#C[C@H]1CCOC[C@@H]1n1nc(Nc2ccc(S(=O)(=O)N3CCC3)cc2)c2c(=O)[nH]ccc21,6.52,0.0,1
CHEMBL2971,N#C[C@H]1CCOC[C@@H]1n1nc(Nc2ccc3c(c2)CN(CC(F)(F)F)S3(=O)=O)c2c(=O)[nH]ccc21,6.54,0.0,1
CHEMBL2971,N#C[C@H]1CCOC[C@@H]1n1nc(Nc2ccccc2)c2c(=O)[nH]ccc21,5.86,0.0,1
CHEMBL2971,N#C[C@H]1CC[C@@H](NCc2ccccc2)C[C@@H]1n1cc(C(N)=O)c(Nc2ccc(F)cc2)n1,6.77,0.0,1
CHEMBL2971,N#C[C@H]1CC[C@@H](O)CC1n1cc(C(N)=O)c(Nc2ccccc2)n1,6.73,0.0,1
CHEMBL2971,N#C[C@H]1CC[C@H](NCc2ccccc2)C[C@@H]1n1cc(C(N)=O)c(Nc2ccc(F)cc2)n1,7.26,0.0,1
CHEMBL2971,N#C[C@H]1CC[C@H](O)CC1n1cc(C(N)=O)c(Nc2ccccc2)n1,7.1,0.0,1
CHEMBL2971,N#C[C@H]1CC[C@H](c2nnn3cnc4[nH]ccc4c23)CC1,7.31,0.0,1
CHEMBL2971,N#C[C@H]1COCC[C@@H]1n1cc(C(N)=O)c(Nc2ccnc(F)c2)n1,7.85,0.0,1
CHEMBL2971,N#C[C@H]1CS(=O)(=O)CC[C@@H]1n1cc(C(N)=O)c(Nc2ccc(F)cc2)n1,7.22,0.0,1
CHEMBL2971,N#C[C@H]1CS(=O)(=O)CC[C@H]1n1cc(C(N)=O)c(Nc2ccc(F)cc2)n1,7.025,0.10606601717798143,2
CHEMBL2971,N#C[C@H]1CS(=O)(=O)C[C@H]1n1cc(C(N)=O)c(Nc2ccc(F)cc2)n1,7.65,0.2121320343559638,2
CHEMBL2971,N#C[C@H]1CS(=O)(=O)C[C@H]1n1cc(C(N)=O)c(Nc2ccnc(F)c2)n1,7.02,0.0,1
CHEMBL2971,N#C[C@H]1C[C@@H](C(=O)N2CC(F)C2)CC[C@@H]1n1cc(C(N)=O)c(Nc2ccc(Cl)cc2)n1,7.64,0.0,1
CHEMBL2971,N#C[C@H]1C[C@@H](C(=O)N2CC3(CCC3)C2)CC[C@@H]1n1cc(C(N)=O)c(Nc2ccc(Cl)cc2)n1,6.32,0.0,1
CHEMBL2971,N#C[C@H]1C[C@@H](C(=O)N2CCC(F)(F)C2)CC[C@@H]1n1cc(C(N)=O)c(Nc2ccc(Cl)cc2)n1,6.94,0.0,1
CHEMBL2971,N#C[C@H]1C[C@@H](C(=O)NC(C2CC2)C2CC2)CC[C@@H]1n1cc(C(N)=O)c(Nc2ccc(Cl)cc2)n1,6.3,0.0,1
CHEMBL2971,N#C[C@H]1C[C@@H](C(=O)NC2CC(F)(F)C2)CC[C@@H]1n1cc(C(N)=O)c(Nc2ccc(Cl)cc2)n1,6.76,0.0,1
CHEMBL2971,N#C[C@H]1C[C@@H](C(=O)NC2CC2)CC[C@@H]1n1cc(C(N)=O)c(Nc2ccc(Cl)cc2)n1,6.53,0.0,1
CHEMBL2971,N#C[C@H]1C[C@@H](C(=O)NC2CCC2)CC[C@@H]1n1cc(C(N)=O)c(Nc2ccc(Cl)cc2)n1,6.99,0.0,1
CHEMBL2971,N#C[C@H]1C[C@@H](C(=O)NC2COC2)CC[C@@H]1n1cc(C(N)=O)c(Nc2ccc(Cl)cc2)n1,6.61,0.0,1
CHEMBL2971,N#C[C@H]1C[C@@H](C(=O)NCC(F)(F)F)CC[C@@H]1n1cc(C(N)=O)c(Nc2ccc(Cl)cc2)n1,6.66,0.0,1
CHEMBL2971,N#C[C@H]1C[C@@H](N)CCC1n1cc(C(N)=O)c(Nc2ccc(F)cc2)n1,7.46,0.0,1
CHEMBL2971,N#C[C@H]1C[C@@H](N2CC(F)C2)CC[C@@H]1n1cc(C(N)=O)c(Nc2ccc(C(F)(F)F)cc2)n1,7.52,0.0,1
CHEMBL2971,N#C[C@H]1C[C@@H](N2CC(F)C2)CC[C@@H]1n1cc(C(N)=O)c(Nc2ccc(S(=O)(=O)C(F)(F)F)cc2)n1,7.89,0.0,1
CHEMBL2971,N#C[C@H]1C[C@@H](N2CC(O)(C(F)(F)F)C2)CCC1n1cc(C(N)=O)c(Nc2ccc(Cl)cc2)n1,7.92,0.0,1
CHEMBL2971,N#C[C@H]1C[C@@H](N2CC(O)(C(F)(F)F)C2)CC[C@@H]1n1cc(C(N)=O)c(Nc2ccc(C(F)(F)F)cc2)n1,7.64,0.0,1
CHEMBL2971,N#C[C@H]1C[C@@H](N2CC(O)C2)CC[C@@H]1n1cc(C(N)=O)c(Nc2ccc(S(=O)(=O)C(F)(F)F)cc2)n1,9.0,0.0,1
CHEMBL2971,N#C[C@H]1C[C@@H](N2CC(O)C2)CC[C@@H]1n1nc(Nc2ccc(Cl)cc2)c2c(=O)[nH]ccc21,5.52,0.0,1
CHEMBL2971,N#C[C@H]1C[C@@H](N2CC3(CCC3)C2)CC[C@@H]1n1cc(C(N)=O)c(Nc2ccc(C(F)(F)F)cc2)n1,6.92,0.0,1
CHEMBL2971,N#C[C@H]1C[C@@H](N2CC3(CCC3)C2)CC[C@@H]1n1cc(C(N)=O)c(Nc2ccc([C@@H](O)C(F)(F)F)cc2)n1,8.05,0.0,1
CHEMBL2971,N#C[C@H]1C[C@@H](N2CC3(CCC3)C2)CC[C@@H]1n1cc(C(N)=O)c(Nc2ccc([C@H](O)C(F)(F)F)cc2)n1,8.15,0.0,1
CHEMBL2971,N#C[C@H]1C[C@@H](N2CC3(CCC3)C2)CC[C@@H]1n1cc(C(N)=O)c(Nc2ccccc2)n1,7.21,0.0,1
CHEMBL2971,N#C[C@H]1C[C@@H](N2CC3(CCC3)C2)CC[C@@H]1n1cc(C(N)=O)c(Nc2ccnc(F)c2)n1,7.44,0.0,1
CHEMBL2971,N#C[C@H]1C[C@@H](N2CC3(COC3)C2)CC[C@@H]1n1cc(C(N)=O)c(Nc2ccc(C(F)(F)F)cc2)n1,7.7,0.0,1
CHEMBL2971,N#C[C@H]1C[C@@H](N2CCC2)CC[C@@H]1n1cc(C(N)=O)c(Nc2ccc(C(F)(F)F)cc2)n1,5.57,0.0,1
CHEMBL2971,N#C[C@H]1C[C@@H](N2CCC2)CC[C@@H]1n1cc(C(N)=O)c(Nc2ccc(C(F)(F)F)nc2)n1,7.12,0.0,1
CHEMBL2971,N#C[C@H]1C[C@@H](N2CCC2)CC[C@@H]1n1cc(C(N)=O)c(Nc2ccc(C=O)cc2)n1,7.8,0.0,1
CHEMBL2971,N#C[C@H]1C[C@@H](N2CCC2)CC[C@@H]1n1cc(C(N)=O)c(Nc2ccc(CC(F)(F)F)cc2)n1,7.8,0.0,1
CHEMBL2971,N#C[C@H]1C[C@@H](N2CCC2)CC[C@@H]1n1cc(C(N)=O)c(Nc2ccc(Cl)c(F)c2)n1,7.08,0.0,1
CHEMBL2971,N#C[C@H]1C[C@@H](N2CCC2)CC[C@@H]1n1cc(C(N)=O)c(Nc2ccc(Cl)cc2)n1,7.39,0.0,1
CHEMBL2971,N#C[C@H]1C[C@@H](N2CCC2)CC[C@@H]1n1cc(C(N)=O)c(Nc2ccc(OC(F)(F)F)cc2)n1,7.64,0.0,1
CHEMBL2971,N#C[C@H]1C[C@@H](N2CCC2)CC[C@@H]1n1cc(C(N)=O)c(Nc2ccc(OC(F)F)cc2)n1,7.37,0.48538644398046354,3
CHEMBL2971,N#C[C@H]1C[C@@H](N2CCC2)CC[C@@H]1n1cc(C(N)=O)c(Nc2ccc(S(=O)(=O)C(F)(F)F)cc2)n1,8.4,0.0,1
CHEMBL2971,N#C[C@H]1C[C@@H](N2CCC2)CC[C@@H]1n1cc(C(N)=O)c(Nc2ccc([C@@H](O)C(F)(F)F)cc2)n1,7.89,0.0,1
CHEMBL2971,N#C[C@H]1C[C@@H](N2CCC2)CC[C@@H]1n1cc(C(N)=O)c(Nc2ccc([C@H](O)C(F)(F)F)cc2)n1,7.96,0.0,1
CHEMBL2971,N#C[C@H]1C[C@@H](N2CCC2)CC[C@@H]1n1cc(C(N)=O)c(Nc2ccccc2)n1,7.41,0.0,1
CHEMBL2971,N#C[C@H]1C[C@@H](N2CCC2)CC[C@@H]1n1cc(C(N)=O)c(Nc2ccnc(F)c2)n1,7.43,0.0,1
CHEMBL2971,N#C[C@H]1C[C@@H](N2CCC2)CC[C@@H]1n1nc(Nc2ccc(C(F)(F)F)cc2)c2c(=O)[nH]ccc21,4.66,0.0,1
CHEMBL2971,N#C[C@H]1C[C@@H](N2CCC2)CC[C@@H]1n1nc(Nc2ccc(Cl)c(F)c2)c2c(=O)[nH]ccc21,4.51,0.0,1
CHEMBL2971,N#C[C@H]1C[C@@H](N2CCC2)CC[C@@H]1n1nc(Nc2ccc(Cl)cc2)c2c(=O)[nH]ccc21,4.89,0.0,1
CHEMBL2971,N#C[C@H]1C[C@@H](N2CCC2)CC[C@@H]1n1nc(Nc2ccc(OC(F)(F)F)cc2)c2c(=O)[nH]ccc21,4.51,0.0,1
CHEMBL2971,N#C[C@H]1C[C@@H](N2CCC23COC3)CC[C@@H]1n1cc(C(N)=O)c(Nc2ccc(Cl)cc2)n1,8.4,0.0,1
CHEMBL2971,N#C[C@H]1C[C@@H](N2CCOCC2)CCC1n1cc(C(N)=O)c(Nc2ccc(S(=O)(=O)C(F)(F)F)cc2)n1,8.22,0.0,1
CHEMBL2971,N#C[C@H]1C[C@@H](N2C[C@@H]3[C@@H](CO)[C@@H]3C2)CC[C@@H]1n1cc(C(N)=O)c(Nc2ccc(C(F)(F)F)cc2)n1,7.7,0.0,1
CHEMBL2971,N#C[C@H]1C[C@@H](NC(C2CC2)C2CC2)CC[C@@H]1n1cc(C(N)=O)c(Nc2ccc(S(=O)(=O)C(F)(F)F)cc2)n1,7.41,0.0,1
CHEMBL2971,N#C[C@H]1C[C@@H](NC2(C(F)(F)F)CC2)CC[C@@H]1n1cc(C(N)=O)c(Nc2ccc(Cl)cc2)n1,7.44,0.0,1
CHEMBL2971,N#C[C@H]1C[C@@H](NC2(CO)CC2)CCC1n1cc(C(N)=O)c(Nc2ccc(Cl)cc2)n1,7.85,0.0,1
CHEMBL2971,N#C[C@H]1C[C@@H](NC2CC2)CC[C@@H]1n1cc(C(N)=O)c(Nc2ccc(C(F)(F)F)cc2)n1,7.66,0.0,1
CHEMBL2971,N#C[C@H]1C[C@@H](NC2CCOCC2)CCC1n1cc(C(N)=O)c(Nc2ccc(Cl)cc2)n1,6.99,0.0,1
CHEMBL2971,N#C[C@H]1C[C@@H](NC2COC2)CC[C@@H]1n1cc(C(N)=O)c(Nc2ccc(CC(F)(F)F)cc2)n1,8.52,0.0,1
CHEMBL2971,N#C[C@H]1C[C@@H](NCC(F)(F)F)CCC1n1cc(C(N)=O)c(Nc2ccc(S(=O)(=O)C(F)(F)F)cc2)n1,8.22,0.0,1
CHEMBL2971,N#C[C@H]1C[C@@H](NCC(F)(F)F)CCC1n1cc(C(N)=O)c(Nc2ccc(S(=O)(=O)C(F)F)cc2)n1,8.0,0.0,1
CHEMBL2971,N#C[C@H]1C[C@@H](NCC(F)(F)F)CC[C@@H]1n1cc(C(N)=O)c(Nc2ccc(Cl)cc2)n1,7.47,0.0,1
CHEMBL2971,N#C[C@H]1C[C@@H](NCC(F)(F)F)CC[C@@H]1n1cc(C(N)=O)c(Nc2ccc(S(=O)(=O)C(F)(F)F)cc2)n1,7.51,0.0,1
CHEMBL2971,N#C[C@H]1C[C@@H](NCC(F)(F)F)CC[C@@H]1n1cc(C(N)=O)c(Nc2ccnc(F)c2)n1,7.8,0.0,1
CHEMBL2971,N#C[C@H]1C[C@@H](NCC(F)F)CCC1n1cc(C(N)=O)c(Nc2ccc(S(=O)(=O)C(F)(F)F)cc2)n1,7.96,0.0,1
CHEMBL2971,N#C[C@H]1C[C@@H](NCC(F)F)CC[C@@H]1n1cc(C(N)=O)c(Nc2ccc(Cl)c(F)c2)n1,7.46,0.0,1
CHEMBL2971,N#C[C@H]1C[C@@H](NCC(F)F)CC[C@@H]1n1cc(C(N)=O)c(Nc2ccc(F)c(Cl)c2)n1,7.39,0.0,1
CHEMBL2971,N#C[C@H]1C[C@@H](NCC(F)F)CC[C@@H]1n1cc(C(N)=O)c(Nc2ccc(S(=O)(=O)C(F)(F)F)cc2)n1,8.4,0.0,1
CHEMBL2971,N#C[C@H]1C[C@@H](NCC(F)F)CC[C@@H]1n1cc(C(N)=O)c(Nc2ccc(S(=O)(=O)C(F)F)cc2)n1,8.3,0.0,1
CHEMBL2971,N#C[C@H]1C[C@@H](NCC(F)F)CC[C@@H]1n1cc(C(N)=O)c(Nc2ccnc(F)c2)n1,7.48,0.0,1
CHEMBL2971,N#C[C@H]1C[C@@H](NCC2(O)CC2)CC[C@@H]1n1cc(C(N)=O)c(Nc2ccc(C(F)(F)F)cc2)n1,7.64,0.0,1
CHEMBL2971,N#C[C@H]1C[C@@H](NCC2CC2)CC[C@@H]1n1cc(C(N)=O)c(Nc2ccc(C(F)(F)F)cc2)n1,7.19,0.0,1
CHEMBL2971,N#C[C@H]1C[C@@H](NCC2CC2)CC[C@@H]1n1cc(C(N)=O)c(Nc2ccc(S(=O)(=O)C(F)(F)F)cc2)n1,8.1,0.0,1
CHEMBL2971,N#C[C@H]1C[C@@H](NCCC(F)(F)F)CC[C@@H]1n1cc(C(N)=O)c(Nc2ccc(S(=O)(=O)C(F)(F)F)cc2)n1,7.26,0.0,1
CHEMBL2971,N#C[C@H]1C[C@@H](NCc2ccccc2)CC[C@@H]1n1cc(C(N)=O)c(Nc2ccnc(F)c2)n1,8.05,0.0,1
CHEMBL2971,N#C[C@H]1C[C@@H](N[C@@H](C2CC2)C(F)(F)F)CC[C@@H]1n1cc(C(N)=O)c(Nc2ccc(C(F)(F)F)cc2)n1,6.82,0.0,1
CHEMBL2971,N#C[C@H]1C[C@@H](N[C@H](C2CC2)C(F)(F)F)CC[C@@H]1n1cc(C(N)=O)c(Nc2ccc(C(F)(F)F)cc2)n1,7.17,0.0,1
CHEMBL2971,N#C[C@H]1C[C@@H](O)CCC1n1cc(C(N)=O)c(Nc2ccc(F)cc2)n1,7.89,0.0,1
CHEMBL2971,N#C[C@H]1C[C@@H](O)CC[C@@H]1n1cc(C(N)=O)c(Nc2ccc(C(F)(F)F)cc2)n1,7.05,0.0,1
CHEMBL2971,N#C[C@H]1C[C@@H](O)CC[C@@H]1n1cc(C(N)=O)c(Nc2ccc(C(F)(F)F)nc2)n1,7.19,0.0,1
CHEMBL2971,N#C[C@H]1C[C@@H](O)CC[C@@H]1n1cc(C(N)=O)c(Nc2ccc(C(F)F)nc2)n1,7.48,0.0,1
CHEMBL2971,N#C[C@H]1C[C@@H](O)CC[C@@H]1n1cc(C(N)=O)c(Nc2ccc(C3CC3)cc2)n1,8.0,0.0,1
CHEMBL2971,N#C[C@H]1C[C@@H](O)CC[C@@H]1n1cc(C(N)=O)c(Nc2ccc(Cl)c(Cl)c2)n1,7.7,0.0,1
CHEMBL2971,N#C[C@H]1C[C@@H](O)CC[C@@H]1n1cc(C(N)=O)c(Nc2ccc(Cl)c(F)c2)n1,7.92,0.0,1
CHEMBL2971,N#C[C@H]1C[C@@H](O)CC[C@@H]1n1cc(C(N)=O)c(Nc2ccc(Cl)cc2)n1,8.22,0.0,1
CHEMBL2971,N#C[C@H]1C[C@@H](O)CC[C@@H]1n1cc(C(N)=O)c(Nc2ccc(Cl)nc2)n1,7.85,0.0,1
CHEMBL2971,N#C[C@H]1C[C@@H](O)CC[C@@H]1n1cc(C(N)=O)c(Nc2ccc(OC(F)(F)F)cc2)n1,8.3,0.0,1
CHEMBL2971,N#C[C@H]1C[C@@H](O)CC[C@@H]1n1cc(C(N)=O)c(Nc2ccc(OC(F)F)cc2)n1,7.12,0.0,1
CHEMBL2971,N#C[C@H]1C[C@@H](O)CC[C@@H]1n1cc(C(N)=O)c(Nc2ccc(OC(F)F)nc2)n1,7.77,0.0,1
CHEMBL2971,N#C[C@H]1C[C@@H](O)CC[C@@H]1n1cc(C(N)=O)c(Nc2ccc(S(=O)(=O)C(F)(F)F)cc2)n1,8.375,0.4596194077712549,2
CHEMBL2971,N#C[C@H]1C[C@@H](O)CC[C@@H]1n1cc(C(N)=O)c(Nc2ccc([C@@H](O)C(F)(F)F)cc2)n1,8.52,0.0,1
CHEMBL2971,N#C[C@H]1C[C@@H](O)CC[C@@H]1n1cc(C(N)=O)c(Nc2ccc([C@H](O)C(F)(F)F)cc2)n1,8.7,0.0,1
CHEMBL2971,N#C[C@H]1C[C@@H](OC(=O)NC2CCCCC2)CCC1n1cc(C(N)=O)c(Nc2ccc(F)cc2)n1,6.79,0.0,1
CHEMBL2971,N#C[C@H]1C[C@@H](OC(=O)Nc2ccccc2)CCC1n1cc(C(N)=O)c(Nc2ccc(F)cc2)n1,6.97,0.0,1
CHEMBL2971,N#C[C@H]1C[C@@H](OCC2CC2)CC[C@@H]1n1cc(C(N)=O)c(Nc2ccc(F)cc2)n1,7.48,0.0,1
CHEMBL2971,N#C[C@H]1C[C@@H]1C(=O)N[C@@]12C[C@@H]1CN(c1nc(Nc3cnn(CCO)c3)ncc1F)C2,5.66,0.0,1
CHEMBL2971,N#C[C@H]1C[C@@](O)(C2CC2)CC[C@@H]1n1cc(C(N)=O)c(Nc2ccc(Cl)cc2)n1,7.14,0.0,1
CHEMBL2971,N#C[C@H]1C[C@H](N(CC2CC2)C2CCC2)CC[C@@H]1n1cc(C(N)=O)c(Nc2ccc(C(F)(F)F)cc2)n1,5.82,0.0,1
CHEMBL2971,N#C[C@H]1C[C@H](N(CC2CC2)C2COC2)CC[C@@H]1n1cc(C(N)=O)c(Nc2ccc(C(F)(F)F)cc2)n1,5.92,0.0,1
CHEMBL2971,N#C[C@H]1C[C@H](N2CC(F)C2)CC[C@@H]1n1cc(C(N)=O)c(Nc2ccc(S(=O)(=O)C(F)(F)F)cc2)n1,8.22,0.0,1
CHEMBL2971,N#C[C@H]1C[C@H](N2CC(O)(C(F)(F)F)C2)CC[C@@H]1n1cc(C(N)=O)c(Nc2ccc(C(F)(F)F)cc2)n1,7.21,0.0,1
CHEMBL2971,N#C[C@H]1C[C@H](N2CC(O)C2)CC[C@@H]1n1cc(C(N)=O)c(Nc2ccc(S(=O)(=O)C(F)(F)F)cc2)n1,8.7,0.0,1
CHEMBL2971,N#C[C@H]1C[C@H](N2CC(O)C2)CC[C@@H]1n1nc(Nc2ccc(Cl)cc2)c2c(=O)[nH]ccc21,5.6,0.0,1
CHEMBL2971,N#C[C@H]1C[C@H](N2CC3(CCC3)C2)CC[C@@H]1n1cc(C(N)=O)c(Nc2ccc(C(F)(F)F)cc2)n1,6.62,0.0,1
CHEMBL2971,N#C[C@H]1C[C@H](N2CC3(CCC3)C2)CC[C@@H]1n1cc(C(N)=O)c(Nc2ccc([C@@H](O)C(F)(F)F)cc2)n1,7.57,0.0,1
CHEMBL2971,N#C[C@H]1C[C@H](N2CC3(CCC3)C2)CC[C@@H]1n1cc(C(N)=O)c(Nc2ccc([C@H](O)C(F)(F)F)cc2)n1,7.43,0.0,1
CHEMBL2971,N#C[C@H]1C[C@H](N2CC3(CCC3)C2)CC[C@@H]1n1cc(C(N)=O)c(Nc2ccnc(F)c2)n1,6.91,0.0,1
CHEMBL2971,N#C[C@H]1C[C@H](N2CC3(COC3)C2)CC[C@@H]1n1cc(C(N)=O)c(Nc2ccc(C(F)(F)F)cc2)n1,7.64,0.0,1
CHEMBL2971,N#C[C@H]1C[C@H](N2CCC2)CC[C@@H]1n1cc(C(N)=O)c(Nc2ccc(C(F)(F)F)cc2)n1,7.29,0.0,1
CHEMBL2971,N#C[C@H]1C[C@H](N2CCC2)CC[C@@H]1n1cc(C(N)=O)c(Nc2ccc(C(F)(F)F)nc2)n1,6.75,0.0,1
CHEMBL2971,N#C[C@H]1C[C@H](N2CCC2)CC[C@@H]1n1cc(C(N)=O)c(Nc2ccc(C(F)F)nc2)n1,7.33,0.0,1
CHEMBL2971,N#C[C@H]1C[C@H](N2CCC2)CC[C@@H]1n1cc(C(N)=O)c(Nc2ccc(CC(F)(F)F)cc2)n1,8.1,0.0,1
CHEMBL2971,N#C[C@H]1C[C@H](N2CCC2)CC[C@@H]1n1cc(C(N)=O)c(Nc2ccc(Cl)c(F)c2)n1,6.92,0.0,1
CHEMBL2971,N#C[C@H]1C[C@H](N2CCC2)CC[C@@H]1n1cc(C(N)=O)c(Nc2ccc(Cl)cc2)n1,6.96,0.0,1
CHEMBL2971,N#C[C@H]1C[C@H](N2CCC2)CC[C@@H]1n1cc(C(N)=O)c(Nc2ccc(OC(F)(F)F)cc2)n1,7.4,0.0,1
CHEMBL2971,N#C[C@H]1C[C@H](N2CCC2)CC[C@@H]1n1cc(C(N)=O)c(Nc2ccc(S(=O)(=O)C(F)(F)F)cc2)n1,8.3,0.0,1
CHEMBL2971,N#C[C@H]1C[C@H](N2CCC2)CC[C@@H]1n1cc(C(N)=O)c(Nc2ccc([C@@H](O)C(F)(F)F)cc2)n1,7.77,0.0,1
CHEMBL2971,N#C[C@H]1C[C@H](N2CCC2)CC[C@@H]1n1cc(C(N)=O)c(Nc2ccc([C@H](O)C(F)(F)F)cc2)n1,7.92,0.0,1
CHEMBL2971,N#C[C@H]1C[C@H](N2CCC2)CC[C@@H]1n1cc(C(N)=O)c(Nc2ccnc(F)c2)n1,7.16,0.0,1
CHEMBL2971,N#C[C@H]1C[C@H](N2CCC2)CC[C@@H]1n1nc(Nc2ccc(C(F)(F)F)cc2)c2c(=O)[nH]ccc21,4.22,0.0,1
CHEMBL2971,N#C[C@H]1C[C@H](N2CCC2)CC[C@@H]1n1nc(Nc2ccc(Cl)c(F)c2)c2c(=O)[nH]ccc21,4.4,0.0,1
CHEMBL2971,N#C[C@H]1C[C@H](N2CCC2)CC[C@@H]1n1nc(Nc2ccc(Cl)cc2)c2c(=O)[nH]ccc21,4.48,0.0,1
CHEMBL2971,N#C[C@H]1C[C@H](N2CCC2)CC[C@@H]1n1nc(Nc2ccc(OC(F)(F)F)cc2)c2c(=O)[nH]ccc21,4.51,0.0,1
CHEMBL2971,N#C[C@H]1C[C@H](N2C[C@@H]3[C@@H](CO)[C@@H]3C2)CC[C@@H]1n1cc(C(N)=O)c(Nc2ccc(C(F)(F)F)cc2)n1,7.66,0.0,1
CHEMBL2971,N#C[C@H]1C[C@H](NC2(C(F)(F)F)CC2)CC[C@@H]1n1cc(C(N)=O)c(Nc2ccc(Cl)cc2)n1,6.73,0.0,1
CHEMBL2971,N#C[C@H]1C[C@H](NC2(O)CC2)CCC1n1cc(C(N)=O)c(Nc2ccc(Cl)cc2)n1,7.52,0.0,1
CHEMBL2971,N#C[C@H]1C[C@H](NC2CC2)CC[C@@H]1n1cc(C(N)=O)c(Nc2ccc(C(F)(F)F)cc2)n1,6.95,0.0,1
CHEMBL2971,N#C[C@H]1C[C@H](NC2CCC2)CC[C@@H]1n1cc(C(N)=O)c(Nc2ccc(C(F)(F)F)cc2)n1,5.98,0.0,1
CHEMBL2971,N#C[C@H]1C[C@H](NC2COC2)CC[C@@H]1n1cc(C(N)=O)c(Nc2ccc(CC(F)(F)F)cc2)n1,8.4,0.0,1
CHEMBL2971,N#C[C@H]1C[C@H](NCC(F)(F)F)CC[C@@H]1n1cc(C(N)=O)c(Nc2ccc(Cl)cc2)n1,7.29,0.0,1
CHEMBL2971,N#C[C@H]1C[C@H](NCC(F)F)CC[C@@H]1n1cc(C(N)=O)c(Nc2ccnc(F)c2)n1,7.28,0.0,1
CHEMBL2971,N#C[C@H]1C[C@H](NCC2(O)CC2)CC[C@@H]1n1cc(C(N)=O)c(Nc2ccc(C(F)(F)F)cc2)n1,7.32,0.0,1
CHEMBL2971,N#C[C@H]1C[C@H](NCC2CC2)CC[C@@H]1n1cc(C(N)=O)c(Nc2ccc(S(=O)(=O)C(F)(F)F)cc2)n1,7.62,0.0,1
CHEMBL2971,N#C[C@H]1C[C@H](NCCC(F)(F)F)CC[C@@H]1n1cc(C(N)=O)c(Nc2ccc(S(=O)(=O)C(F)(F)F)cc2)n1,7.09,0.0,1
CHEMBL2971,N#C[C@H]1C[C@H](NCc2c(F)cccc2F)CC[C@@H]1n1cc(C(N)=O)c(Nc2ccc(C(F)(F)F)cc2)n1,6.3,0.0,1
CHEMBL2971,N#C[C@H]1C[C@H](NCc2ccccc2)CC[C@@H]1n1cc(C(N)=O)c(Nc2ccnc(F)c2)n1,7.25,0.0,1
CHEMBL2971,N#C[C@H]1C[C@H](N[C@@H](C2CC2)C(F)(F)F)CC[C@@H]1n1cc(C(N)=O)c(Nc2ccc(C(F)(F)F)cc2)n1,6.43,0.0,1
CHEMBL2971,N#C[C@H]1C[C@H](N[C@H](C2CC2)C(F)(F)F)CC[C@@H]1n1cc(C(N)=O)c(Nc2ccc(C(F)(F)F)cc2)n1,6.0,0.0,1
CHEMBL2971,N#C[C@H]1C[C@H](O)CCC1n1cc(C(N)=O)c(Nc2ccc(F)cc2)n1,7.34,0.0,1
CHEMBL2971,N#C[C@H]1C[C@H](O)CCC1n1cc(C(N)=O)c(Nc2ccc(S(=O)(=O)C(F)(F)F)cc2)n1,8.015,0.7141778489984122,2
CHEMBL2971,N#C[C@H]1C[C@H](O)CCC1n1cc(C(N)=O)c(Nc2ccc(S(=O)(=O)C(F)F)cc2)n1,8.52,0.0,1
CHEMBL2971,N#C[C@H]1C[C@H](O)CCC1n1cc(C(N)=O)c(Nc2ccccc2)n1,7.16,0.0,1
CHEMBL2971,N#C[C@H]1C[C@H](O)CCC1n1cc(C(N)=O)c(Nc2ccnc(F)c2)n1,7.326666666666667,0.6401041581909414,3
CHEMBL2971,N#C[C@H]1C[C@H](O)CC[C@@H]1n1cc(C(N)=O)c(Nc2ccc(C(F)(F)F)c(F)c2)n1,7.55,0.0,1
CHEMBL2971,N#C[C@H]1C[C@H](O)CC[C@@H]1n1cc(C(N)=O)c(Nc2ccc(C(F)(F)F)cc2)n1,7.640000000000001,0.7118988692223076,3
CHEMBL2971,N#C[C@H]1C[C@H](O)CC[C@@H]1n1cc(C(N)=O)c(Nc2ccc(C(F)(F)F)nc2)n1,7.77,0.0,1
CHEMBL2971,N#C[C@H]1C[C@H](O)CC[C@@H]1n1cc(C(N)=O)c(Nc2ccc(C(F)F)nc2)n1,8.0,0.0,1
CHEMBL2971,N#C[C@H]1C[C@H](O)CC[C@@H]1n1cc(C(N)=O)c(Nc2ccc(C3CC3)cc2)n1,7.6,0.0,1
CHEMBL2971,N#C[C@H]1C[C@H](O)CC[C@@H]1n1cc(C(N)=O)c(Nc2ccc(Cl)c(Cl)c2)n1,7.7,0.0,1
CHEMBL2971,N#C[C@H]1C[C@H](O)CC[C@@H]1n1cc(C(N)=O)c(Nc2ccc(Cl)c(F)c2)n1,7.58,0.0,1
CHEMBL2971,N#C[C@H]1C[C@H](O)CC[C@@H]1n1cc(C(N)=O)c(Nc2ccc(Cl)cc2)n1,7.8566666666666665,0.5030241876225579,3
CHEMBL2971,N#C[C@H]1C[C@H](O)CC[C@@H]1n1cc(C(N)=O)c(Nc2ccc(Cl)nc2)n1,7.7,0.0,1
CHEMBL2971,N#C[C@H]1C[C@H](O)CC[C@@H]1n1cc(C(N)=O)c(Nc2ccc(OC(F)F)cc2)n1,8.1,0.0,1
CHEMBL2971,N#C[C@H]1C[C@H](O)CC[C@@H]1n1cc(C(N)=O)c(Nc2ccc(OC(F)F)nc2)n1,7.08,0.0,1
CHEMBL2971,N#C[C@H]1C[C@H](O)CC[C@@H]1n1cc(C(N)=O)c(Nc2ccc(S(=O)(=O)C(F)(F)F)cc2)n1,8.52,0.0,1
CHEMBL2971,N#C[C@H]1C[C@H](O)CC[C@@H]1n1cc(C(N)=O)c(Nc2ccc([C@@H](O)C(F)(F)F)cc2)n1,8.52,0.0,1
CHEMBL2971,N#C[C@H]1C[C@H](O)CC[C@@H]1n1cc(C(N)=O)c(Nc2ccc([C@H](O)C(F)(F)F)cc2)n1,8.52,0.0,1
CHEMBL2971,N#C[C@H]1C[C@H](O)CC[C@@H]1n1cc(C(N)=O)c(Nc2ccccc2)n1,7.58,0.0,1
CHEMBL2971,N#C[C@H]1C[C@H](O)CC[C@@H]1n1nc(Nc2ccc(C(F)(F)F)cc2)c2c(=O)[nH]ccc21,5.39,0.0,1
CHEMBL2971,N#C[C@H]1C[C@H](O)CC[C@@H]1n1nc(Nc2ccc(Cl)cc2)c2c(=O)[nH]ccc21,5.14,0.0,1
CHEMBL2971,N#C[C@H]1C[C@H](OC(=O)NC2CCCCC2)CCC1n1cc(C(N)=O)c(Nc2ccc(F)cc2)n1,7.06,0.0,1
CHEMBL2971,N#C[C@H]1C[C@H](OC(=O)Nc2ccccc2)CCC1n1cc(C(N)=O)c(Nc2ccc(F)cc2)n1,7.89,0.0,1
CHEMBL2971,N#C[C@H]1C[C@H](OCC2CC2)CC[C@@H]1n1cc(C(N)=O)c(Nc2ccc([C@@H](O)C(F)(F)F)cc2)n1,7.85,0.0,1
CHEMBL2971,N#C[C@H]1C[C@H](OCC2CC2)CC[C@@H]1n1cc(C(N)=O)c(Nc2ccc([C@H](O)C(F)(F)F)cc2)n1,8.05,0.0,1
CHEMBL2971,N#C[C@H]1C[C@](O)(C2CC2)CC[C@@H]1n1cc(C(N)=O)c(Nc2ccc(Cl)cc2)n1,8.0,0.0,1
CHEMBL2971,N#C[C@]1(C2CC2)C(=O)N2C[C@H]1COC/C=C/COCc1cccc(n1)Nc1cc2ccn1,6.85,0.0,1
CHEMBL2971,N#C[C@]1(C2CC2)C(=O)N2C[C@H]1COC/C=C\COCc1cccc(n1)Nc1cc2ccn1,6.89,0.0,1
CHEMBL2971,N#C[C@]1(C2CC2)C(=O)N2C[C@H]1COCC(=O)NCCCc1cccc(n1)Nc1cc2ccn1,7.0,0.0,1
CHEMBL2971,N#C[C@]1(C2CC2)C(=O)N2C[C@H]1COCC(=O)NCCc1cccc(n1)Nc1cc2ccn1,6.75,0.0,1
CHEMBL2971,N#C[C@]1(C2CC2)C(=O)N2C[C@H]1COCC(=O)NCc1cccc(n1)Nc1cc2ccn1,6.0,0.0,1
CHEMBL2971,N#C[C@]1(C2CC2)C(=O)N2C[C@H]1COCCCCOCc1cccc(n1)Nc1cc2ccn1,6.89,0.0,1
CHEMBL2971,N#Cc1cc(-c2cc(C(N)=O)c3[nH]c4cc(C(=O)N5CCOCC5)ccc4c3c2)ccc1F,6.0,0.0,1
CHEMBL2971,N#Cc1cc(-c2ncnc(Nc3ccc(C(N)=O)cc3)n2)ccc1O[C@@H]1CCN(C(=O)CO)C1,6.17,0.0,1
CHEMBL2971,N#Cc1cc(-c2ncnc(Nc3ccc(C4CCN(C5COC5)CC4)cc3)n2)ccc1OC1CCS(=O)(=O)CC1,6.09,0.0,1
CHEMBL2971,N#Cc1cc(-c2ncnc(Nc3ccc(N4CCN(C(=O)CO)CC4)cc3)n2)ccc1OC1CCOCC1,6.46,0.0,1
CHEMBL2971,N#Cc1cc(-c2ncnc(Nc3ccc(N4CCN(C5CCOCC5)CC4)c(F)c3)n2)ccc1O[C@H]1CCN(C(=O)CO)C[C@H]1F,6.57,0.0,1
CHEMBL2971,N#Cc1cc(-c2ncnc(Nc3ccc(N4CCN(C5COC5)CC4)c(C(F)(F)F)c3)n2)ccc1OC1CCN(C(=O)CO)C[C@H]1F,6.65,0.0,1
CHEMBL2971,N#Cc1cc(-c2ncnc(Nc3ccc(N4CCN(C5COC5)CC4)c(F)c3)n2)ccc1OC1CCS(=O)(=O)CC1,6.28,0.0,1
CHEMBL2971,N#Cc1cc(-c2ncnc(Nc3ccc(N4CCN(C5COC5)CC4)c(F)c3)n2)ccc1O[C@H]1CCN(C(=O)CO)C[C@H]1F,6.7,0.0,1
CHEMBL2971,N#Cc1cc(-c2ncnc(Nc3ccc(N4CCN(C5COC5)CC4)c(F)c3)n2)ccc1O[C@H]1CCN(C(=O)[C@@H](O)CO)C[C@H]1F,6.49,0.0,1
CHEMBL2971,N#Cc1cc(-c2ncnc(Nc3ccc(N4CCN(C5COC5)CC4)c(OC(F)F)c3)n2)ccc1O[C@H]1CCN(C(=O)CO)C[C@H]1F,6.04,2.1213203435596424,2
CHEMBL2971,N#Cc1cc(-c2ncnc(Nc3ccc(N4CCN(C5COC5)CC4)cc3)n2)cc(F)c1O[C@H]1CCN(C(=O)c2nc(N)n[nH]2)C[C@H]1F,7.1,0.0,1
CHEMBL2971,N#Cc1cc(-c2ncnc(Nc3ccc(N4CCN(C5COC5)CC4)cc3)n2)ccc1N1CCC2(C1)OCCO2,6.48,0.0,1
CHEMBL2971,N#Cc1cc(-c2ncnc(Nc3ccc(N4CCN(C5COC5)CC4)cc3)n2)ccc1N1CCC2(COC2)C1,6.63,0.0,1
CHEMBL2971,N#Cc1cc(-c2ncnc(Nc3ccc(N4CCN(C5COC5)CC4)cc3)n2)ccc1N1CCCC1,6.47,0.0,1
CHEMBL2971,N#Cc1cc(-c2ncnc(Nc3ccc(N4CCN(C5COC5)CC4)cc3)n2)ccc1N1CCCC1=O,6.23,0.0,1
CHEMBL2971,N#Cc1cc(-c2ncnc(Nc3ccc(N4CCN(C5COC5)CC4)cc3)n2)ccc1N1CC[C@@H](O)C1,6.72,0.0,1
CHEMBL2971,N#Cc1cc(-c2ncnc(Nc3ccc(N4CCN(C5COC5)CC4)cc3)n2)ccc1N1CC[C@H](F)C1,5.66,2.1213203435596424,2
CHEMBL2971,N#Cc1cc(-c2ncnc(Nc3ccc(N4CCN(C5COC5)CC4)cc3)n2)ccc1N1CC[C@H](O)C1,6.5,0.0,1
CHEMBL2971,N#Cc1cc(-c2ncnc(Nc3ccc(N4CCN(C5COC5)CC4)cc3)n2)ccc1NC(=O)CC(F)(F)F,5.1,0.0,1
CHEMBL2971,N#Cc1cc(-c2ncnc(Nc3ccc(N4CCN(C5COC5)CC4)cc3)n2)ccc1NC1CCOCC1,4.5,0.0,1
CHEMBL2971,N#Cc1cc(-c2ncnc(Nc3ccc(N4CCN(C5COC5)CC4)cc3)n2)ccc1OC1CC2CCC(C1)N2C(=O)CO,6.58,0.0,1
CHEMBL2971,N#Cc1cc(-c2ncnc(Nc3ccc(N4CCN(C5COC5)CC4)cc3)n2)ccc1OC1CCN(C(=O)CNC=O)CC1,6.39,0.0,1
CHEMBL2971,N#Cc1cc(-c2ncnc(Nc3ccc(N4CCN(C5COC5)CC4)cc3)n2)ccc1OC1CCN(C(=O)CO)C1,6.41,0.0,1
CHEMBL2971,N#Cc1cc(-c2ncnc(Nc3ccc(N4CCN(C5COC5)CC4)cc3)n2)ccc1OC1CCN(C(=O)c2ccc[nH]2)CC1(F)F,6.23,0.0,1
CHEMBL2971,N#Cc1cc(-c2ncnc(Nc3ccc(N4CCN(C5COC5)CC4)cc3)n2)ccc1OC1CCN(C(=O)c2ncc[nH]2)CC1,6.54,0.0,1
CHEMBL2971,N#Cc1cc(-c2ncnc(Nc3ccc(N4CCN(C5COC5)CC4)cc3)n2)ccc1OC1CCN(C(=O)c2ncc[nH]2)CC1(F)F,6.61,0.0,1
CHEMBL2971,N#Cc1cc(-c2ncnc(Nc3ccc(N4CCN(C5COC5)CC4)cc3)n2)ccc1OC1CCOC1,6.26,0.0,1
CHEMBL2971,N#Cc1cc(-c2ncnc(Nc3ccc(N4CCN(C5COC5)CC4)cc3)n2)ccc1OC1CCS(=O)(=O)CC1,6.27,0.0,1
CHEMBL2971,N#Cc1cc(-c2ncnc(Nc3ccc(N4CCN(C5COC5)CC4)cc3)n2)ccc1OC1CC[S+]([O-])CC1,6.39,0.0,1
CHEMBL2971,N#Cc1cc(-c2ncnc(Nc3ccc(N4CCN(C5COC5)CC4)cc3)n2)ccc1OC1CNC(=O)C(F)(F)C1,6.82,0.0,1
CHEMBL2971,N#Cc1cc(-c2ncnc(Nc3ccc(N4CCN(C5COC5)CC4)cc3)n2)ccc1OC1CNCC1(F)F,6.51,0.0,1
CHEMBL2971,N#Cc1cc(-c2ncnc(Nc3ccc(N4CCN(C5COC5)CC4)cc3)n2)ccc1OC1COC1,6.57,0.0,1
CHEMBL2971,N#Cc1cc(-c2ncnc(Nc3ccc(N4CCN(C5COC5)CC4)cc3)n2)ccc1OCC1(C(N)=O)CC1,4.04,0.0,1
CHEMBL2971,N#Cc1cc(-c2ncnc(Nc3ccc(N4CCN(C5COC5)CC4)cc3)n2)ccc1OCC1(F)COC1,6.96,0.0,1
CHEMBL2971,N#Cc1cc(-c2ncnc(Nc3ccc(N4CCN(C5COC5)CC4)cc3)n2)ccc1OCC1CNC(=O)O1,6.79,0.0,1
CHEMBL2971,N#Cc1cc(-c2ncnc(Nc3ccc(N4CCN(C5COC5)CC4)cc3)n2)ccc1OCCC1CCNC(=O)C1,6.0,0.0,1
CHEMBL2971,N#Cc1cc(-c2ncnc(Nc3ccc(N4CCN(C5COC5)CC4)cc3)n2)ccc1OCCNC(=O)c1cccnc1,6.28,0.0,1
CHEMBL2971,N#Cc1cc(-c2ncnc(Nc3ccc(N4CCN(C5COC5)CC4)cc3)n2)ccc1OCCc1cnc2ncnn2c1,6.29,0.0,1
CHEMBL2971,N#Cc1cc(-c2ncnc(Nc3ccc(N4CCN(C5COC5)CC4)cc3)n2)ccc1OCCn1ccnc1,6.62,0.0,1
CHEMBL2971,N#Cc1cc(-c2ncnc(Nc3ccc(N4CCN(C5COC5)CC4)cc3)n2)ccc1O[C@@H]1CCCN(C(=O)CO)C1,6.02,0.0,1
CHEMBL2971,N#Cc1cc(-c2ncnc(Nc3ccc(N4CCN(C5COC5)CC4)cc3)n2)ccc1O[C@@H]1CCN(C(=O)C(F)F)C1,6.25,0.0,1
CHEMBL2971,N#Cc1cc(-c2ncnc(Nc3ccc(N4CCN(C5COC5)CC4)cc3)n2)ccc1O[C@@H]1CCN(C(=O)CCO)C1,6.45,0.0,1
CHEMBL2971,N#Cc1cc(-c2ncnc(Nc3ccc(N4CCN(C5COC5)CC4)cc3)n2)ccc1O[C@@H]1CCN(C(=O)CO)CC1(F)F,4.25,0.0,1
CHEMBL2971,N#Cc1cc(-c2ncnc(Nc3ccc(N4CCN(C5COC5)CC4)cc3)n2)ccc1O[C@@H]1CCN(C(=O)CO)C[C@@H]1F,6.72,0.0,1
CHEMBL2971,N#Cc1cc(-c2ncnc(Nc3ccc(N4CCN(C5COC5)CC4)cc3)n2)ccc1O[C@@H]1CCN(C(=O)CO)C[C@H]1F,6.5,0.0,1
CHEMBL2971,N#Cc1cc(-c2ncnc(Nc3ccc(N4CCN(C5COC5)CC4)cc3)n2)ccc1O[C@@H]1CCN(C(N)=O)C1,6.42,0.0,1
CHEMBL2971,N#Cc1cc(-c2ncnc(Nc3ccc(N4CCN(C5COC5)CC4)cc3)n2)ccc1O[C@@H]1CCNCC1(F)F,6.57,0.0,1
CHEMBL2971,N#Cc1cc(-c2ncnc(Nc3ccc(N4CCN(C5COC5)CC4)cc3)n2)ccc1O[C@@H]1CN(C(=O)CO)CC1(F)F,6.93,0.0,1
CHEMBL2971,N#Cc1cc(-c2ncnc(Nc3ccc(N4CCN(C5COC5)CC4)cc3)n2)ccc1O[C@H]1CCC(C(=O)C2CCCCN2)C[C@H]1F,6.0,0.0,1
CHEMBL2971,N#Cc1cc(-c2ncnc(Nc3ccc(N4CCN(C5COC5)CC4)cc3)n2)ccc1O[C@H]1CCC(C(=O)C2CCCN2)C[C@H]1F,6.0,0.0,1
CHEMBL2971,N#Cc1cc(-c2ncnc(Nc3ccc(N4CCN(C5COC5)CC4)cc3)n2)ccc1O[C@H]1CCC(C(=O)[C@@H]2CC(F)(F)CN2)C[C@H]1F,6.0,0.0,1
CHEMBL2971,N#Cc1cc(-c2ncnc(Nc3ccc(N4CCN(C5COC5)CC4)cc3)n2)ccc1O[C@H]1CCCC[C@H]1N,6.32,0.0,1
CHEMBL2971,N#Cc1cc(-c2ncnc(Nc3ccc(N4CCN(C5COC5)CC4)cc3)n2)ccc1O[C@H]1CCCN(C(=O)CO)C1,6.41,0.0,1
CHEMBL2971,N#Cc1cc(-c2ncnc(Nc3ccc(N4CCN(C5COC5)CC4)cc3)n2)ccc1O[C@H]1CCN(C(=O)C(F)F)C[C@H]1F,6.5,0.0,1
CHEMBL2971,N#Cc1cc(-c2ncnc(Nc3ccc(N4CCN(C5COC5)CC4)cc3)n2)ccc1O[C@H]1CCN(C(=O)C(O)CO)CC1(F)F,6.78,0.0,1
CHEMBL2971,N#Cc1cc(-c2ncnc(Nc3ccc(N4CCN(C5COC5)CC4)cc3)n2)ccc1O[C@H]1CCN(C(=O)C2(C#N)CC2)C[C@H]1F,6.63,0.0,1
CHEMBL2971,N#Cc1cc(-c2ncnc(Nc3ccc(N4CCN(C5COC5)CC4)cc3)n2)ccc1O[C@H]1CCN(C(=O)C2(O)CNC2)C[C@H]1F,6.57,0.0,1
CHEMBL2971,N#Cc1cc(-c2ncnc(Nc3ccc(N4CCN(C5COC5)CC4)cc3)n2)ccc1O[C@H]1CCN(C(=O)C2(O)COC2)C[C@H]1F,6.01,0.0,1
CHEMBL2971,N#Cc1cc(-c2ncnc(Nc3ccc(N4CCN(C5COC5)CC4)cc3)n2)ccc1O[C@H]1CCN(C(=O)C2CCCC(=O)N2)C[C@H]1F,6.47,0.0,1
CHEMBL2971,N#Cc1cc(-c2ncnc(Nc3ccc(N4CCN(C5COC5)CC4)cc3)n2)ccc1O[C@H]1CCN(C(=O)C2CCS(=O)(=O)N2)C[C@H]1F,6.55,0.0,1
CHEMBL2971,N#Cc1cc(-c2ncnc(Nc3ccc(N4CCN(C5COC5)CC4)cc3)n2)ccc1O[C@H]1CCN(C(=O)C2CNC(=O)N2)C[C@H]1F,6.79,0.0,1
CHEMBL2971,N#Cc1cc(-c2ncnc(Nc3ccc(N4CCN(C5COC5)CC4)cc3)n2)ccc1O[C@H]1CCN(C(=O)CCO)CC1(F)F,6.76,0.0,1
CHEMBL2971,N#Cc1cc(-c2ncnc(Nc3ccc(N4CCN(C5COC5)CC4)cc3)n2)ccc1O[C@H]1CCN(C(=O)CCO)C[C@H]1F,6.39,0.0,1
CHEMBL2971,N#Cc1cc(-c2ncnc(Nc3ccc(N4CCN(C5COC5)CC4)cc3)n2)ccc1O[C@H]1CCN(C(=O)CO)CC1(F)F,4.12,0.0,1
CHEMBL2971,N#Cc1cc(-c2ncnc(Nc3ccc(N4CCN(C5COC5)CC4)cc3)n2)ccc1O[C@H]1CCN(C(=O)CO)C[C@@H]1C(F)(F)F,4.82,0.0,1
CHEMBL2971,N#Cc1cc(-c2ncnc(Nc3ccc(N4CCN(C5COC5)CC4)cc3)n2)ccc1O[C@H]1CCN(C(=O)CO)C[C@@H]1F,6.59,0.0,1
CHEMBL2971,N#Cc1cc(-c2ncnc(Nc3ccc(N4CCN(C5COC5)CC4)cc3)n2)ccc1O[C@H]1CCN(C(=O)CO)C[C@H]1C(F)(F)F,4.68,0.0,1
CHEMBL2971,N#Cc1cc(-c2ncnc(Nc3ccc(N4CCN(C5COC5)CC4)cc3)n2)ccc1O[C@H]1CCN(C(=O)CO)C[C@H]1F,6.88,0.05656854249492385,2
CHEMBL2971,N#Cc1cc(-c2ncnc(Nc3ccc(N4CCN(C5COC5)CC4)cc3)n2)ccc1O[C@H]1CCN(C(=O)Cc2ccn[nH]2)C[C@H]1F,6.9,0.0,1
CHEMBL2971,N#Cc1cc(-c2ncnc(Nc3ccc(N4CCN(C5COC5)CC4)cc3)n2)ccc1O[C@H]1CCN(C(=O)Cc2cnn[nH]2)C[C@H]1F,6.99,0.0,1
CHEMBL2971,N#Cc1cc(-c2ncnc(Nc3ccc(N4CCN(C5COC5)CC4)cc3)n2)ccc1O[C@H]1CCN(C(=O)Cn2cnnc2)C[C@H]1F,4.06,0.0,1
CHEMBL2971,N#Cc1cc(-c2ncnc(Nc3ccc(N4CCN(C5COC5)CC4)cc3)n2)ccc1O[C@H]1CCN(C(=O)N2CC[C@@H](O)C2)C[C@H]1F,6.23,0.0,1
CHEMBL2971,N#Cc1cc(-c2ncnc(Nc3ccc(N4CCN(C5COC5)CC4)cc3)n2)ccc1O[C@H]1CCN(C(=O)NCCO)C[C@H]1F,6.22,0.0,1
CHEMBL2971,N#Cc1cc(-c2ncnc(Nc3ccc(N4CCN(C5COC5)CC4)cc3)n2)ccc1O[C@H]1CCN(C(=O)NO)C[C@H]1F,6.87,0.0,1
CHEMBL2971,N#Cc1cc(-c2ncnc(Nc3ccc(N4CCN(C5COC5)CC4)cc3)n2)ccc1O[C@H]1CCN(C(=O)[C@@H](O)CO)CC1(F)F,4.07,0.0,1
CHEMBL2971,N#Cc1cc(-c2ncnc(Nc3ccc(N4CCN(C5COC5)CC4)cc3)n2)ccc1O[C@H]1CCN(C(=O)[C@@H]2CC(=O)N2)C[C@H]1F,6.45,0.0,1
CHEMBL2971,N#Cc1cc(-c2ncnc(Nc3ccc(N4CCN(C5COC5)CC4)cc3)n2)ccc1O[C@H]1CCN(C(=O)[C@@H]2COC(=O)N2)CC1(F)F,6.74,0.0,1
CHEMBL2971,N#Cc1cc(-c2ncnc(Nc3ccc(N4CCN(C5COC5)CC4)cc3)n2)ccc1O[C@H]1CCN(C(=O)[C@@H]2CSC(=O)N2)C[C@H]1F,6.54,0.0,1
CHEMBL2971,N#Cc1cc(-c2ncnc(Nc3ccc(N4CCN(C5COC5)CC4)cc3)n2)ccc1O[C@H]1CCN(C(=O)[C@@H]2C[C@H](O)C(=O)N2)C[C@H]1F,6.35,0.0,1
CHEMBL2971,N#Cc1cc(-c2ncnc(Nc3ccc(N4CCN(C5COC5)CC4)cc3)n2)ccc1O[C@H]1CCN(C(=O)[C@H](O)CO)CC1(F)F,4.01,0.0,1
CHEMBL2971,N#Cc1cc(-c2ncnc(Nc3ccc(N4CCN(C5COC5)CC4)cc3)n2)ccc1O[C@H]1CCN(C(=O)[C@H](O)CO)C[C@H]1F,6.53,0.0,1
CHEMBL2971,N#Cc1cc(-c2ncnc(Nc3ccc(N4CCN(C5COC5)CC4)cc3)n2)ccc1O[C@H]1CCN(C(=O)c2[nH]nc(N)c2Cl)C[C@H]1F,4.12,0.0,1
CHEMBL2971,N#Cc1cc(-c2ncnc(Nc3ccc(N4CCN(C5COC5)CC4)cc3)n2)ccc1O[C@H]1CCN(C(=O)c2[nH]ncc2Cl)C[C@H]1F,6.72,0.0,1
CHEMBL2971,N#Cc1cc(-c2ncnc(Nc3ccc(N4CCN(C5COC5)CC4)cc3)n2)ccc1O[C@H]1CCN(C(=O)c2cc(Cl)n[nH]2)C[C@H]1F,6.62,0.0,1
CHEMBL2971,N#Cc1cc(-c2ncnc(Nc3ccc(N4CCN(C5COC5)CC4)cc3)n2)ccc1O[C@H]1CCN(C(=O)c2cc[nH]c(=O)c2)C[C@H]1F,6.68,0.0,1
CHEMBL2971,N#Cc1cc(-c2ncnc(Nc3ccc(N4CCN(C5COC5)CC4)cc3)n2)ccc1O[C@H]1CCN(C(=O)c2ccc[nH]2)C[C@H]1F,6.45,0.0,1
CHEMBL2971,N#Cc1cc(-c2ncnc(Nc3ccc(N4CCN(C5COC5)CC4)cc3)n2)ccc1O[C@H]1CCN(C(=O)c2ccn[nH]2)CC1(F)F,6.81,0.0,1
CHEMBL2971,N#Cc1cc(-c2ncnc(Nc3ccc(N4CCN(C5COC5)CC4)cc3)n2)ccc1O[C@H]1CCN(C(=O)c2ccncc2N)C[C@H]1F,4.43,0.0,1
CHEMBL2971,N#Cc1cc(-c2ncnc(Nc3ccc(N4CCN(C5COC5)CC4)cc3)n2)ccc1O[C@H]1CCN(C(=O)c2ccncn2)C[C@H]1F,6.24,0.0,1
CHEMBL2971,N#Cc1cc(-c2ncnc(Nc3ccc(N4CCN(C5COC5)CC4)cc3)n2)ccc1O[C@H]1CCN(C(=O)c2ccnn2CCO)C[C@H]1F,6.67,0.0,1
CHEMBL2971,N#Cc1cc(-c2ncnc(Nc3ccc(N4CCN(C5COC5)CC4)cc3)n2)ccc1O[C@H]1CCN(C(=O)c2cn(CCO)nn2)C[C@H]1F,6.9,0.0,1
CHEMBL2971,N#Cc1cc(-c2ncnc(Nc3ccc(N4CCN(C5COC5)CC4)cc3)n2)ccc1O[C@H]1CCN(C(=O)c2cn[nH]c2)C[C@H]1F,6.26,0.0,1
CHEMBL2971,N#Cc1cc(-c2ncnc(Nc3ccc(N4CCN(C5COC5)CC4)cc3)n2)ccc1O[C@H]1CCN(C(=O)c2cnc(N)[nH]2)C[C@H]1F,4.08,0.0,1
CHEMBL2971,N#Cc1cc(-c2ncnc(Nc3ccc(N4CCN(C5COC5)CC4)cc3)n2)ccc1O[C@H]1CCN(C(=O)c2cnc(N)cn2)C[C@H]1F,6.82,0.0,1
CHEMBL2971,N#Cc1cc(-c2ncnc(Nc3ccc(N4CCN(C5COC5)CC4)cc3)n2)ccc1O[C@H]1CCN(C(=O)c2cnc[nH]2)CC1(F)F,6.98,0.0,1
CHEMBL2971,N#Cc1cc(-c2ncnc(Nc3ccc(N4CCN(C5COC5)CC4)cc3)n2)ccc1O[C@H]1CCN(C(=O)c2cnc[nH]2)C[C@H]1F,6.81,0.0,1
CHEMBL2971,N#Cc1cc(-c2ncnc(Nc3ccc(N4CCN(C5COC5)CC4)cc3)n2)ccc1O[C@H]1CCN(C(=O)c2cnccc2N)C[C@H]1F,7.43,0.0,1
CHEMBL2971,N#Cc1cc(-c2ncnc(Nc3ccc(N4CCN(C5COC5)CC4)cc3)n2)ccc1O[C@H]1CCN(C(=O)c2cnccn2)C[C@H]1F,6.05,0.0,1
CHEMBL2971,N#Cc1cc(-c2ncnc(Nc3ccc(N4CCN(C5COC5)CC4)cc3)n2)ccc1O[C@H]1CCN(C(=O)c2cnn[nH]2)CC1(F)F,4.08,0.0,1
CHEMBL2971,N#Cc1cc(-c2ncnc(Nc3ccc(N4CCN(C5COC5)CC4)cc3)n2)ccc1O[C@H]1CCN(C(=O)c2cnn[nH]2)C[C@H]1F,5.58,2.1213203435596424,2
CHEMBL2971,N#Cc1cc(-c2ncnc(Nc3ccc(N4CCN(C5COC5)CC4)cc3)n2)ccc1O[C@H]1CCN(C(=O)c2coc(=O)[nH]2)C[C@H]1F,6.41,0.0,1
CHEMBL2971,N#Cc1cc(-c2ncnc(Nc3ccc(N4CCN(C5COC5)CC4)cc3)n2)ccc1O[C@H]1CCN(C(=O)c2nc(=O)[nH][nH]2)C[C@H]1F,6.96,0.0,1
CHEMBL2971,N#Cc1cc(-c2ncnc(Nc3ccc(N4CCN(C5COC5)CC4)cc3)n2)ccc1O[C@H]1CCN(C(=O)c2nc(N)n[nH]2)C[C@H]1F,4.1,0.0,1
CHEMBL2971,N#Cc1cc(-c2ncnc(Nc3ccc(N4CCN(C5COC5)CC4)cc3)n2)ccc1O[C@H]1CCN(C(=O)c2nccnc2N)C[C@H]1F,5.77,2.1213203435596424,2
CHEMBL2971,N#Cc1cc(-c2ncnc(Nc3ccc(N4CCN(C5COC5)CC4)cc3)n2)ccc1O[C@H]1CCN(C(=O)c2nnc[nH]2)CC1(F)F,4.28,0.0,1
CHEMBL2971,N#Cc1cc(-c2ncnc(Nc3ccc(N4CCN(C5COC5)CC4)cc3)n2)ccc1O[C@H]1CCN(C(=O)c2nnc[nH]2)C[C@H]1F,6.98,0.0,1
CHEMBL2971,N#Cc1cc(-c2ncnc(Nc3ccc(N4CCN(C5COC5)CC4)cc3)n2)ccc1O[C@H]1CCN(Cc2nc(=O)[nH][nH]2)C[C@H]1F,6.81,0.0,1
CHEMBL2971,N#Cc1cc(-c2ncnc(Nc3ccc(N4CCN(C5COC5)CC4)cc3)n2)ccc1O[C@H]1CCNCC1(F)F,6.48,0.0,1
CHEMBL2971,N#Cc1cc(-c2ncnc(Nc3ccc(N4CCN(C5COC5)CC4)cc3)n2)ccc1O[C@H]1CN(C(=O)CO)CC1(F)F,5.55,2.1213203435596424,2
CHEMBL2971,N#Cc1cc(-c2ncnc(Nc3ccc(N4CCN5CCOC[C@H]5C4)cc3)n2)ccc1O[C@H]1CCN(C(=O)[C@@H]2CCC(=O)N2)C[C@H]1F,6.38,0.0,1
CHEMBL2971,N#Cc1cc(-c2ncnc(Nc3ccc(N4CCNCC4)cc3)n2)ccc1OC1CCOCC1,6.57,0.0,1
CHEMBL2971,N#Cc1cc(-c2ncnc(Nc3ccc(N4CCOCC4)cc3)n2)ccc1NC(=O)C1CC1,6.12,2.1213203435596424,2
CHEMBL2971,N#Cc1cc(-c2ncnc(Nc3ccc(N4CCOCC4)cc3)n2)ccc1NC(=O)C1CCCN1,6.49,0.0,1
CHEMBL2971,N#Cc1cc(-c2ncnc(Nc3ccc(N4CCOCC4)cc3)n2)ccc1OC1CCOCC1,6.36,0.0,1
CHEMBL2971,N#Cc1cc(-c2ncnc(Nc3ccc(N4CCOCC4)cc3)n2)ccc1O[C@@H]1CCN(C(=O)CO)C1,6.58,0.0,1
CHEMBL2971,N#Cc1cc(-c2ncnc(Nc3ccc(N4CCOCC4)cc3)n2)ccc1O[C@@H]1CCNC1,6.41,0.0,1
CHEMBL2971,N#Cc1cc(-c2ncnc(Nc3ccc(N4CCOCC4)cc3)n2)ccc1O[C@H]1CCN(C(=O)[C@@H](O)CO)C[C@H]1F,6.13,0.0,1
CHEMBL2971,N#Cc1cc(-c2ncnc(Nc3ccc(N4CCOC[C@H]4CO)cc3)n2)ccc1O[C@H]1CCN(C(=O)CO)C[C@H]1F,6.72,0.0,1
CHEMBL2971,N#Cc1cc(-c2ncnc(Nc3ccc(N4CCO[C@@H](CO)C4)cc3)n2)ccc1OC1CCN(C(=O)CO)CC1,6.48,0.0,1
CHEMBL2971,N#Cc1cc(-c2ncnc(Nc3ccc(N4CCO[C@@H](CO)C4)cc3)n2)ccc1OC1CCNCC1(F)F,6.51,0.0,1
CHEMBL2971,N#Cc1cc(-c2ncnc(Nc3ccc(N4CCO[C@@H](CO)C4)cc3)n2)ccc1O[C@H]1CCN(C(=O)CO)C[C@H]1F,6.72,0.0,1
CHEMBL2971,N#Cc1cc(-c2ncnc(Nc3ccc(N4CCO[C@H](CO)C4)cc3)n2)ccc1O[C@H]1CCN(C(=O)CO)C[C@H]1F,6.89,0.0,1
CHEMBL2971,N#Cc1cc(-c2ncnc(Nc3ccc(N4CCS(=O)(=O)CC4)cc3)n2)ccc1OC1CCOCC1,6.44,0.0,1
CHEMBL2971,N#Cc1cc(-c2ncnc(Nc3cccc(N4CCOCC4)c3)n2)ccc1OC1CCOCC1,6.03,0.0,1
CHEMBL2971,N#Cc1cc(-c2ncnc(Nc3cccc(N4CCOCC4)c3)n2)ccc1O[C@@H]1CCN(C(=O)CO)C1,6.54,0.0,1
CHEMBL2971,N#Cc1cc(-c2ncnc(Nc3cccc(N4CCOCC4)c3)n2)ccc1O[C@@H]1CCNC1,6.19,0.0,1
CHEMBL2971,N#Cc1cc(-c2ncnc(Nc3cnn(C(F)F)c3)n2)ccc1O[C@H]1CCN(C(=O)CCO)C[C@H]1F,6.0,0.0,1
CHEMBL2971,N#Cc1cc(-c2ncnc(Nc3cnn(C(F)F)c3)n2)ccc1O[C@H]1CCN(C(=O)CO)C[C@H]1F,6.21,0.0,1
CHEMBL2971,N#Cc1cc(-c2ncnc(Nc3cnn(C(F)F)c3)n2)ccc1O[C@H]1CCN(C(=O)[C@@H](O)CO)C[C@H]1F,6.01,0.0,1
CHEMBL2971,N#Cc1cc(-c2ncnc(Nc3cnn(C4CCNCC4)c3)n2)ccc1O[C@H]1CCCC[C@H]1F,6.81,0.0,1
CHEMBL2971,N#Cc1cc(-c2ncnc(Nc3cnn(CC(F)F)c3)n2)ccc1O[C@H]1CCN(C(=O)CO)C[C@H]1F,6.5,0.0,1
CHEMBL2971,N#Cc1cc(-c2ncnc(Nc3cnn(CCO)c3)n2)ccc1O[C@H]1CCN(C(=O)CO)C[C@H]1F,6.22,0.0,1
CHEMBL2971,N#Cc1cc(CN2CCC(c3nnn4cnc5[nH]ccc5c34)CC2)ccc1C(F)(F)F,6.54,0.0,1
CHEMBL2971,N#Cc1cc(CN2CCC(c3nnn4cnc5[nH]ccc5c34)CC2)ccc1F,7.51,0.0,1
CHEMBL2971,N#Cc1cc(F)c(CN2CCC(c3nnn4cnc5[nH]ccc5c34)CC2)c(F)c1,8.07,1.0606601717798212,2
CHEMBL2971,N#Cc1cc(F)ccc1NC[C@H]1CC[C@H](c2nnn3cnc4[nH]ccc4c23)CC1,7.71,0.2969848480983499,2
CHEMBL2971,N#Cc1cc(NC[C@H]2CC[C@H](c3nnn4cnc5[nH]ccc5c34)CC2)ccc1Cl,6.66,0.0,1
CHEMBL2971,N#Cc1cc(NC[C@H]2CC[C@H](c3nnn4cnc5[nH]ccc5c34)CC2)ccc1F,7.22,0.0,1
CHEMBL2971,N#Cc1cc(OC[C@H]2CCN(C(=O)CO)C2)cc(-c2ncnc(Nc3ccc(N4CCN(C5COC5)CC4)cc3)n2)c1,6.18,0.0,1
CHEMBL2971,N#Cc1ccc(-c2ccc(-c3cccc4nc(NC(=O)C5CC5)nn34)cc2)cn1,6.52,0.0,1
CHEMBL2971,N#Cc1ccc(-c2cccn3nc(Nc4ccc(C5CCNCC5)cc4)nc23)cc1,8.24,0.0,1
CHEMBL2971,N#Cc1ccc(-c2ccnc(Nc3ccc(N4CCOCC4)cc3)n2)cc1,6.27,0.0,1
CHEMBL2971,N#Cc1ccc(-c2nc3cc(C(N)=O)ccc3n2CCN)cc1,5.58,0.0,1
CHEMBL2971,N#Cc1ccc(CCN2CCC(c3nnn4cnc5[nH]ccc5c34)CC2)cc1,6.48,0.0,1
CHEMBL2971,N#Cc1ccc(CCNC(=O)[C@H]2CC[C@H](c3nnn4cnc5[nH]ccc5c34)CC2)cc1,7.24,0.0,1
CHEMBL2971,N#Cc1ccc(CCNC[C@H]2CC[C@H](c3nnn4cnc5[nH]ccc5c34)CC2)cc1,7.16,0.0,1
CHEMBL2971,N#Cc1ccc(CCN[C@H]2CC[C@H](c3nnn4cnc5[nH]ccc5c34)CC2)cc1,6.41,0.0,1
CHEMBL2971,N#Cc1ccc(CN2CCC(Nc3c(-c4cc[nH]c4)cnc4[nH]ccc34)CC2)cc1,6.79,0.0,1
CHEMBL2971,N#Cc1ccc(CN2CCC(Nc3c(-c4cn[nH]c4)cnc4[nH]ccc34)CC2)cc1,6.21,0.0,1
CHEMBL2971,N#Cc1ccc(CN2CCC(c3ncn4cnc5[nH]ccc5c34)CC2)cc1,7.72,0.0,1
CHEMBL2971,N#Cc1ccc(CN2CCC(c3nnn4cnc5[nH]cc(Cl)c5c34)CC2)cc1,7.77,0.0,1
CHEMBL2971,N#Cc1ccc(CN2CCC(c3nnn4cnc5[nH]ccc5c34)CC2)c(F)c1,7.244999999999999,1.3364318164425744,2
CHEMBL2971,N#Cc1ccc(CN2CCC(c3nnn4cnc5[nH]ccc5c34)CC2)cc1,7.263333333333333,1.0428966072115358,3
CHEMBL2971,N#Cc1ccc(CN2CCC(c3nnn4cnc5[nH]ccc5c34)CC2)cc1C#N,7.28,0.0,1
CHEMBL2971,N#Cc1ccc(CN2CCC(c3nnn4cnc5[nH]ccc5c34)CC2)cc1C(F)(F)F,7.42,0.0,1
CHEMBL2971,N#Cc1ccc(CN2CCC(c3nnn4cnc5[nH]ccc5c34)CC2)cc1F,7.48,0.0,1
CHEMBL2971,N#Cc1ccc(CN2CCC(c3nnn4cnc5[nH]ccc5c34)CC2)s1,7.28,1.5839191898578666,2
CHEMBL2971,N#Cc1ccc(CN2CCCC(c3nnn4cnc5[nH]ccc5c34)C2)cc1,6.4,0.2121320343559638,2
CHEMBL2971,N#Cc1ccc(CNC(=O)[C@H]2CC[C@H](c3nnn4cnc5[nH]ccc5c34)CC2)cc1,7.33,0.0,1
CHEMBL2971,N#Cc1ccc(CNC[C@H]2CC[C@H](c3nnn4cnc5[nH]ccc5c34)CC2)cc1,7.21,0.0,1
CHEMBL2971,N#Cc1ccc(CN[C@H]2CC[C@@H](c3nnn4cnc5[nH]ccc5c34)CC2)cc1,6.31,0.0,1
CHEMBL2971,N#Cc1ccc(CN[C@H]2CC[C@H](c3nnn4cnc5[nH]ccc5c34)CC2)cc1,7.41,0.0,1
CHEMBL2971,N#Cc1ccc(COC2CN(C(=O)c3ccc(-c4cccc5nc(NC(=O)C6CC6)nn45)cc3)C2)cc1,6.52,0.0,1
CHEMBL2971,N#Cc1ccc(COC2CN(c3ccc(-c4cccc5nc(NC(=O)C6CC6)nn45)cc3)C2)cc1,6.12,0.0,1
CHEMBL2971,N#Cc1ccc(COc2ccc(-c3cccc4nc(NC(=O)C5CC5)nn34)cc2)cn1,7.52,0.0,1
CHEMBL2971,N#Cc1ccc(N(C2CC2)[C@@H]2CCN(c3ncnc4[nH]ccc34)C2)nc1,10.26,0.0,1
CHEMBL2971,N#Cc1ccc(N(CC2CC2)[C@@H]2CCN(c3ncnc4[nH]ccc34)C2)nc1,10.26,0.0,1
CHEMBL2971,N#Cc1ccc(N2CCC(Nc3c(C(N)=O)cnc4[nH]ccc34)CC2)cc1,7.31,0.0,1
CHEMBL2971,N#Cc1ccc(N2CCC(Nc3c(C(N)=O)cnc4[nH]ccc34)CC2)nc1,7.75,0.0,1
CHEMBL2971,N#Cc1ccc(N2CCC(Nc3c(C(N)=O)cnc4[nH]ccc34)CC2)nn1,7.92,0.0,1
CHEMBL2971,N#Cc1ccc(N2CCC(Nc3cc(Nc4ccccc4)ncc3C(N)=O)CC2)nc1,6.72,0.0,1
CHEMBL2971,N#Cc1ccc(N2CCC(Nc3cc(Nc4ccccn4)ncc3C(N)=O)CC2)nc1,8.31,0.0,1
CHEMBL2971,N#Cc1ccc(N2CCC(Nc3cc(Nc4ccncn4)ncc3C(N)=O)CC2)nc1,8.26,0.0,1
CHEMBL2971,N#Cc1ccc(N2CCC(Nc3cc(Nc4cnccn4)ncc3C(N)=O)CC2)nc1,8.39,0.0,1
CHEMBL2971,N#Cc1ccc(N2CCC(c3nnn4cnc5[nH]ccc5c34)CC2)cc1,6.72,0.0,1
CHEMBL2971,N#Cc1ccc(N2CC[C@@H](Nc3c(C(N)=O)cnc4[nH]ccc34)[C@@H](F)C2)nc1,8.49,0.0,1
CHEMBL2971,N#Cc1ccc(N2CC[C@H](Nc3c(C(N)=O)cnc4[nH]ccc34)[C@H](F)C2)nc1,7.77,0.0,1
CHEMBL2971,N#Cc1ccc(NC2CCC(c3nnn4cnc5[nH]ccc5c34)CC2)c(F)c1,6.93,0.25455844122715704,2
CHEMBL2971,N#Cc1ccc(NC2CCC(c3nnn4cnc5[nH]ccc5c34)CC2)cc1,7.029999999999999,0.49497474683058307,2
CHEMBL2971,N#Cc1ccc(NC2CCN(c3ncnc4[nH]ccc34)C2)nc1,10.26,0.0,1
CHEMBL2971,N#Cc1ccc(NC[C@H]2CC[C@H](c3nnn4cnc5[nH]ccc5c34)CC2)c2ccccc12,6.85,0.0,1
CHEMBL2971,N#Cc1ccc(NC[C@H]2CC[C@H](c3nnn4cnc5[nH]ccc5c34)CC2)cc1C#N,7.35,0.0,1
CHEMBL2971,N#Cc1ccc(NC[C@H]2CC[C@H](c3nnn4cnc5[nH]ccc5c34)CC2)cc1C(F)(F)F,6.72,0.0,1
CHEMBL2971,N#Cc1ccc(NC[C@H]2CC[C@H](c3nnn4cnc5[nH]ccc5c34)CC2)cc1Cl,7.05,0.0,1
CHEMBL2971,N#Cc1ccc(N[C@H]2CC[C@@H](c3nnn4cnc5[nH]ccc5c34)CC2)cc1,7.02,0.0,1
CHEMBL2971,N#Cc1ccc(N[C@H]2CC[C@H](c3nnn4cnc5[nH]ccc5c34)CC2)cc1,7.62,0.0,1
CHEMBL2971,N#Cc1ccc(Nc2nccc(C(=O)Nc3cnccc3-c3ccc(F)cc3)n2)cc1,4.89,0.0,1
CHEMBL2971,N#Cc1ccc(Nc2nn([C@H]3CCCC[C@@H]3C#N)cc2C(N)=O)cc1,8.05,0.0,1
CHEMBL2971,N#Cc1ccc(Nc2nn([C@H]3CCCC[C@@H]3C#N)cc2C(N)=O)cn1,7.66,0.0,1
CHEMBL2971,N#Cc1ccc(Nc2nn([C@H]3CCCC[C@H]3C#N)cc2C(N)=O)cc1,7.44,0.0,1
CHEMBL2971,N#Cc1ccc(Nc2nn([C@H]3CCC[C@@H]3C#N)c3cc[nH]c(=O)c23)cc1,5.92,0.0,1
CHEMBL2971,N#Cc1ccc(Nc2nn([C@H]3CC[C@@H](O)C[C@@H]3C#N)cc2C(N)=O)cc1,8.52,0.0,1
CHEMBL2971,N#Cc1ccc(Nc2nn([C@H]3CC[C@H](NCC(F)F)C[C@@H]3C#N)cc2C(N)=O)cc1,8.05,0.0,1
CHEMBL2971,N#Cc1ccc(Nc2nn([C@H]3CC[C@H](O)C[C@@H]3C#N)cc2C(N)=O)cc1,8.52,0.0,1
CHEMBL2971,N#Cc1ccc(Nc2nn([C@H]3COCC[C@@H]3C#N)c3cc[nH]c(=O)c23)cc1,6.02,0.0,1
CHEMBL2971,N#Cc1ccc(Nc2nn([C@H]3COCC[C@@H]3C#N)c3cc[nH]c(=O)c23)cc1F,5.68,0.0,1
CHEMBL2971,N#Cc1ccc(Nc2nn([C@H]3COCC[C@@H]3C#N)cc2C(N)=O)cc1,9.030000000000001,0.1697056274847722,2
CHEMBL2971,N#Cc1ccc(Nc2sc(-c3ccccc3)cc2C(N)=O)nc1,6.84,0.0,1
CHEMBL2971,N#Cc1ccc(OC2CN(Cc3ccc(-c4cccc5nc(NC(=O)C6CC6)nn45)cc3)C2)cc1,6.52,0.0,1
CHEMBL2971,N#Cc1ccc(OCC2CN(Cc3ccc(-c4cccc5nc(NC(=O)C6CC6)nn45)cc3)C2)cc1,6.52,0.0,1
CHEMBL2971,N#Cc1ccc2c(c1)CCN2[C@@H]1CCN(c2ncnc3[nH]ccc23)C1,10.26,0.0,1
CHEMBL2971,N#Cc1ccc2ncn(-c3ncc4[nH]c(=O)n(C5CCOCC5)c4n3)c2c1,6.33,0.0,1
CHEMBL2971,N#Cc1ccc2ncn(-c3ncc4[nH]c(=O)n(Cc5c(Cl)cccc5Cl)c4n3)c2c1,5.81,0.0,1
CHEMBL2971,N#Cc1ccc2ncn(-c3ncc4[nH]c(=O)n(Cc5c(F)cccc5F)c4n3)c2c1,7.55,0.0,1
CHEMBL2971,N#Cc1ccc2ncn(-c3ncc4[nH]c(=O)n(Cc5cccc(F)c5F)c4n3)c2c1,6.57,0.0,1
CHEMBL2971,N#Cc1ccc2ncn(-c3ncc4[nH]c(=O)n([C@@H]5CCOc6c(F)cccc65)c4n3)c2c1,8.3,0.0,1
CHEMBL2971,N#Cc1cccc(-c2ncnc(Nc3ccc(N4CCN(C5COC5)CC4)cc3)n2)c1,6.18,0.0,1
CHEMBL2971,N#Cc1cccc(C#N)c1-c1nc2c3ccc(Cl)cc3c3ccccc3c2[nH]1,7.0,0.0,1
CHEMBL2971,N#Cc1cccc(CN2CCC(Nc3c(-c4cc[nH]n4)cnc4[nH]ccc34)CC2)c1,9.0,0.0,1
CHEMBL2971,N#Cc1cccc(CN2CCC(Nc3c(-c4cn[nH]c4)cnc4[nH]ccc34)CC2)c1,6.07,0.0,1
CHEMBL2971,N#Cc1cccc(CN2CCC(Nc3c(C(N)=O)cnc4[nH]ccc34)CC2)c1,7.34,0.0,1
CHEMBL2971,N#Cc1cccc(CN2CCC(c3nnn4cnc5[nH]ccc5c34)CC2)c1,7.41,0.5091168824543144,2
CHEMBL2971,N#Cc1cccc(S(=O)(=O)N2CC[C@@H](N(CC3CC3)c3ncnc4[nH]ccc34)C2)c1,5.85,0.0,1
CHEMBL2971,N#Cc1cccc(S(=O)(=O)N2CC[C@@H](Nc3ncnc4[nH]ccc34)C2)c1,5.72,0.0,1
CHEMBL2971,N#Cc1ccccc1CN1CCC(Nc2c(-c3cc[nH]c3)cnc3[nH]ccc23)CC1,7.65,0.0,1
CHEMBL2971,N#Cc1cnc(N2CCC(Nc3c(C(N)=O)cnc4[nH]ccc34)CC2)cn1,7.39,0.0,1
CHEMBL2971,N#Cc1cnc(NC2CCN(c3ncnc4[nH]ccc34)C2)c([N+](=O)[O-])c1,9.26,0.0,1
CHEMBL2971,N#Cc1cnc(N[C@@H]2CCN(c3ncnc4[nH]ccc34)C2)c([N+](=O)[O-])c1,6.26,0.0,1
CHEMBL2971,N#Cc1cncc(Nc2nn([C@H]3CCCC[C@@H]3C#N)cc2C(N)=O)c1,7.31,0.0,1
CHEMBL2971,N#Cc1cncc2ccc(NC(=O)[C@@H]3CC3c3ccc(S(=O)(=O)NC[C@@H]4CCCNC4)cc3)cc12,7.82,0.0,1
CHEMBL2971,N#Cc1cncc2ccc(NC(=O)[C@@H]3CC3c3ccc(S(=O)(=O)Nc4ccccn4)cc3)cc12,9.05,0.0,1
CHEMBL2971,N#Cc1cncc2ccc(NC(=O)[C@@H]3CC3c3ccc(S(=O)(=O)Nc4ncc(F)cn4)cc3)cc12,9.0,0.0,1
CHEMBL2971,N#Cc1ncc(Nc2nn([C@H]3CCCC[C@@H]3C#N)cc2C(N)=O)cc1F,7.4,0.0,1
CHEMBL2971,N=C(N)NS(=O)(=O)c1ccc(C2C[C@H]2C(=O)Nc2ccc3cnccc3c2)cc1,8.35,0.0,1
CHEMBL2971,N=Cc1c(N)nc(-c2cc(F)c(O)cc2CC(F)(F)F)nc1NCCC1CC1,6.64,0.0,1
CHEMBL2971,N=Cc1nc(N2CCCCC2)nc(Nc2ccc(OCCN3CCC(O)CC3)cc2)c1C(N)=O,7.52,0.0,1
CHEMBL2971,N=Cc1nc(N2CCCCCC2)nc(Nc2ccc(-c3nnn(CC(=O)O)n3)cc2)c1C(N)=O,7.52,0.0,1
CHEMBL2971,N=Cc1nc(N2CCCCCC2)nc(Nc2ccc(CCN3CCN(CCO)CC3)cc2)c1C(N)=O,7.52,0.0,1
CHEMBL2971,N=Cc1nc(N2CCCCCC2)nc(Nc2ccc(N3CCC(CCO)CC3)nc2)c1C(N)=O,7.52,0.0,1
CHEMBL2971,N=Cc1nc(N2CCCCCC2)nc(Nc2ccc(N3CCC(O)CC3)cc2)c1C(N)=O,7.12,0.0,1
CHEMBL2971,N=Cc1nc(N2CCCCCC2)nc(Nc2ccc(N3CCC(O)CC3)nc2)c1C(N)=O,7.52,0.0,1
CHEMBL2971,N=Cc1nc(N2CCCCCC2)nc(Nc2ccc(N3CCN(CCCO)CC3)cc2)c1C(N)=O,7.52,0.0,1
CHEMBL2971,N=Cc1nc(N2CCCCCC2)nc(Nc2ccc(OCCN3CCN(CCO)CC3)cc2)c1C(N)=O,7.52,0.0,1
CHEMBL2971,NC(=O)C1CCCCN1C(=O)c1ccc(-c2cccc3nc(NC(=O)C4CC4)nn23)cc1,6.52,0.0,1
CHEMBL2971,NC(=O)C1CCCN(c2cc(-c3c(N)nn4cccnc34)ncn2)C1,7.08,0.0,1
CHEMBL2971,NC(=O)C1CCN(C(=O)c2ccc(-c3cccc4nc(NC(=O)C5CC5)nn34)cc2)CC1,6.12,0.0,1
CHEMBL2971,NC(=O)C1CCN(C[C@H]2CC[C@H](c3nnn4cnc5[nH]ccc5c34)CC2)CC1,7.04,0.0,1
CHEMBL2971,NC(=O)C1CCN(Cc2ccc(-c3cccc4nc(NC(=O)C5CC5)nn34)cc2)CC1,5.49,0.537401153701776,2
CHEMBL2971,NC(=O)C1CCN(c2cc(-c3c(N)nn4cccnc34)ncn2)CC1,6.72,0.0,1
CHEMBL2971,NC(=O)CC1CCN(c2ccc(Nc3nc(N4CCCCCC4)nc4cn[nH]c(=O)c34)cn2)CC1,7.52,0.0,1
CHEMBL2971,NC(=O)N1CCN(c2ccc(Nc3ncc4ccn(-c5cccc(NS(=O)(=O)C6CC6)c5)c4n3)cc2)CC1,7.96,0.0,1
CHEMBL2971,NC(=O)Nc1sc(-c2ccccc2)cc1C(N)=O,7.21,0.0,1
CHEMBL2971,NC(=O)[C@H]1CC[C@H](c2nnn3cnc4[nH]ccc4c23)CC1,7.29,0.0,1
CHEMBL2971,NC(=O)c1cc(-c2cc(CN3CCOCC3)co2)nc2c1[nH]c1cc(N3CCOCC3)ccc12,8.22,0.0,1
CHEMBL2971,NC(=O)c1cc(-c2cc(N)ncn2)cn1-c1cc(C(F)(F)F)ccc1Cl,7.15,0.0,1
CHEMBL2971,NC(=O)c1cc(-c2ccc(C3CC3)nc2)nc2c1[nH]c1cc(N3CCOCC3)ccc12,9.0,0.0,1
CHEMBL2971,NC(=O)c1cc(-c2ccc(CN3CCOCC3)c(Cl)c2)cc2c1[nH]c1cc(-c3ccc(N4CCOCC4)nc3)ccc12,6.04,0.0,1
CHEMBL2971,NC(=O)c1cc(-c2ccc(CN3CCOCC3)c(Cl)c2)cc2c1[nH]c1cc(-c3cccnc3)ccc12,6.88,0.0,1
CHEMBL2971,NC(=O)c1cc(-c2ccc(CN3CCOCC3)cc2)nc2c1[nH]c1cc(N)ccc12,9.0,0.0,1
CHEMBL2971,NC(=O)c1cc(-c2ccc(CN3CCOCC3)cc2)nc2c1[nH]c1cc(N3CCS(=O)(=O)CC3)ccc12,9.0,0.0,1
CHEMBL2971,NC(=O)c1cc(-c2ccc(CN3CCOCC3)s2)nc2c1[nH]c1cc(N3CCOCC3)ccc12,9.0,0.0,1
CHEMBL2971,NC(=O)c1cc(-c2ccc(CN3CCOCC3)s2)nc2c1[nH]c1cc(N3CCOCC3=O)ccc12,9.0,0.0,1
CHEMBL2971,NC(=O)c1cc(-c2ccc(CO)nc2)nc2c1[nH]c1cc(N3CCOCC3)ccc12,8.22,0.0,1
CHEMBL2971,NC(=O)c1cc(-c2ccc(Cl)c(Cl)c2)cc2c1[nH]c1ccc(C(=O)N3CCOC(CO)C3)cc12,8.7,0.0,1
CHEMBL2971,NC(=O)c1cc(-c2ccc(Cl)c(Cl)c2)cc2c1[nH]c1ccc(C(=O)N3CCOCC3)cc12,8.62,0.0,1
CHEMBL2971,NC(=O)c1cc(-c2ccc(Cl)c(Cl)c2)cc2c1[nH]c1ccc(C(=O)NCCN3CCOCC3)cc12,8.22,0.0,1
CHEMBL2971,NC(=O)c1cc(-c2ccc(Cl)c(Cl)c2)cc2c1[nH]c1ccc(C(=O)NCCn3ccnc3)cc12,8.22,0.0,1
CHEMBL2971,NC(=O)c1cc(-c2ccc(Cl)c(Cl)c2)cc2c1[nH]c1ccc(C(=O)N[C@@H]3CCNC3)cc12,8.22,0.0,1
CHEMBL2971,NC(=O)c1cc(-c2ccc(Cl)c(Cl)c2)cc2c3c([nH]c12)CCC(C(=O)N1CCOCC1)C3,7.07,0.0,1
CHEMBL2971,NC(=O)c1cc(-c2ccc(Cl)c(Cl)c2)nc2c1[nH]c1cc(OCCN3CCOCC3)ccc12,8.15,0.0,1
CHEMBL2971,NC(=O)c1cc(-c2ccc(Cl)cc2)cc2c1[nH]c1ccc(C(=O)N3CCOCC3)cc12,8.59,0.0,1
CHEMBL2971,NC(=O)c1cc(-c2ccc(Cl)cc2)nc2c1[nH]c1cc(C(=O)N3CCOCC3)ccc12,8.7,0.0,1
CHEMBL2971,NC(=O)c1cc(-c2ccc(Cl)cc2Cl)cc2c1[nH]c1ccc(C(=O)N3CCOCC3)cc12,8.16,0.014142135623730649,2
CHEMBL2971,NC(=O)c1cc(-c2ccc(F)c(Cl)c2)cc2c1[nH]c1cc(C(=O)N3CCOCC3)ccc12,6.05,0.0,1
CHEMBL2971,NC(=O)c1cc(-c2ccc(F)c(F)c2)nc2c1[nH]c1cc(C(=O)N3CCOCC3)ccc12,8.15,0.0,1
CHEMBL2971,NC(=O)c1cc(-c2ccc(N3CCOCC3)nc2)nc2c1[nH]c1cc(N3CCOCC3)ccc12,9.0,0.0,1
CHEMBL2971,NC(=O)c1cc(-c2ccc(OC(F)(F)F)cc2)cc2c1[nH]c1cc(C(=O)N3CCOCC3)ccc12,8.22,0.0,1
CHEMBL2971,NC(=O)c1cc(-c2ccc(OC3CCNCC3)c(Cl)c2)nc2c1[nH]c1cc(N3CCOCC3)ccc12,8.15,0.0,1
CHEMBL2971,NC(=O)c1cc(-c2ccc(OCCN3CCCOCC3)c(Cl)c2)nc2c1[nH]c1cc(N3CCOCC3)ccc12,8.22,0.0,1
CHEMBL2971,NC(=O)c1cc(-c2ccc(OCCN3CCOCC3)c(Cl)c2)nc2c1[nH]c1cc(N3CCOCC3)ccc12,9.0,0.0,1
CHEMBL2971,NC(=O)c1cc(-c2ccc3sccc3c2)nc2c1[nH]c1cc(C(=O)N3CCOCC3)ccc12,9.0,0.0,1
CHEMBL2971,NC(=O)c1cc(-c2ccc3scnc3c2)cc2c1[nH]c1cc(C(=O)N3CCOCC3)ccc12,8.22,0.0,1
CHEMBL2971,NC(=O)c1cc(-c2ccc3scnc3c2)nc2c1[nH]c1cc(C(=O)N3CCOCC3)ccc12,9.0,0.0,1
CHEMBL2971,NC(=O)c1cc(-c2cccc(C(F)(F)F)c2)nc2c1[nH]c1cc(N3CCNCC3)ccc12,8.22,0.0,1
CHEMBL2971,NC(=O)c1cc(-c2cccc(Cl)c2)cc2c1[nH]c1ccc(C(=O)N3CCOC(CO)C3)cc12,9.0,0.0,1
CHEMBL2971,NC(=O)c1cc(-c2cccc(Cl)c2)cc2c1[nH]c1ccc(C(=O)N3CCOCC3)cc12,8.885,0.16263455967290624,2
CHEMBL2971,NC(=O)c1cc(-c2cccc(Cl)c2)nc2c1[nH]c1ccc(CN3CCOCC3)cc12,9.0,0.0,1
CHEMBL2971,NC(=O)c1cc(-c2ccccc2)cc2c1[nH]c1cc(C(=O)N3CCOCC3)ccc12,8.13,0.0,1
CHEMBL2971,NC(=O)c1cc(-c2ccccc2)cc2c1[nH]c1cc(N3CCOCC3)ccc12,8.13,0.0,1
CHEMBL2971,NC(=O)c1cc(-c2ccccc2)cc2c1[nH]c1ccc(C(=O)N3CCOCC3)cc12,8.59,0.0,1
CHEMBL2971,NC(=O)c1cc(-c2ccccc2)sc1Nc1cc(F)ccn1,6.64,0.0,1
CHEMBL2971,NC(=O)c1cc(-c2ccccc2)sc1Nc1ccc(F)cn1,6.79,0.0,1
CHEMBL2971,NC(=O)c1cc(-c2ccccc2)sc1Nc1cccc(C(F)(F)F)n1,6.05,0.0,1
CHEMBL2971,NC(=O)c1cc(-c2ccccc2)sc1Nc1ccccc1,6.0,0.0,1
CHEMBL2971,NC(=O)c1cc(-c2ccccc2)sc1Nc1ccccn1,7.19,0.0,1
CHEMBL2971,NC(=O)c1cc(-c2ccccc2)sc1Nc1cccnc1,6.5,0.0,1
CHEMBL2971,NC(=O)c1cc(-c2ccccc2)sc1Nc1ccncc1,6.76,0.0,1
CHEMBL2971,NC(=O)c1cc(-c2ccccc2F)sc1Nc1cccc(CN2CCOCC2)n1,7.47,0.0,1
CHEMBL2971,NC(=O)c1cc(-c2ccnc(N)n2)[nH]c1-c1cc(C(F)(F)F)ccc1C(F)(F)F,7.68,0.0,1
CHEMBL2971,NC(=O)c1cc(-c2ccnc(N)n2)[nH]c1-c1cc(C(F)(F)F)ccc1Cl,8.1,0.0,1
CHEMBL2971,NC(=O)c1cc(-c2ccnc(N)n2)[nH]c1-c1cc(Cl)ccc1C(F)(F)F,7.28,0.0,1
CHEMBL2971,NC(=O)c1cc(-c2ccnc(N)n2)[nH]c1-c1cc(Cl)ccc1Cl,7.92,0.0,1
CHEMBL2971,NC(=O)c1cc(-c2ccnc(N)n2)[nH]c1-c1cc(OC(F)(F)F)ccc1Cl,7.62,0.0,1
CHEMBL2971,NC(=O)c1cc(-c2ccnc(N)n2)[nH]c1-c1cccc(Cl)c1,6.21,0.0,1
CHEMBL2971,NC(=O)c1cc(-c2ccnc(N)n2)[nH]c1-c1ccccc1,5.49,0.014142135623730649,2
CHEMBL2971,NC(=O)c1cc(-c2ccnc(N)n2)[nH]c1-c1ccccc1Cl,6.21,0.0,1
CHEMBL2971,NC(=O)c1cc(-c2cnc(N3CCOCC3)nc2)cc2c1[nH]c1cc(C(=O)N3CCOCC3)ccc12,6.97,0.0,1
CHEMBL2971,NC(=O)c1cc(-c2cnoc2)nc2c1[nH]c1cc(C(=O)N3CCOCC3)ccc12,6.95,0.0,1
CHEMBL2971,NC(=O)c1cc(-c2ncccn2)cc2c1[nH]c1cc(C(=O)N3CCOCC3)ccc12,9.0,0.0,1
CHEMBL2971,NC(=O)c1cc(-c2ncnc(Nc3ccc(N4CCN(C5COC5)CC4)cc3)n2)ccc1OC1CNC(=O)C(F)(F)C1,4.82,0.0,1
CHEMBL2971,NC(=O)c1cc(-c2ncnc3[nH]ccc23)cn1-c1cc(C(F)(F)F)ccc1Cl,9.0,0.0,1
CHEMBL2971,NC(=O)c1cc(-c2ncnc3[nH]cnc23)cn1-c1cc(C(F)(F)F)ccc1Cl,7.57,0.0,1
CHEMBL2971,NC(=O)c1cc(-c2ncnn3cccc23)cn1-c1cc(C(F)(F)F)ccc1Cl,7.07,0.0,1
CHEMBL2971,NC(=O)c1cc(Cc2ccccc2)cc2c1[nH]c1ccc(C(=O)N3CCOCC3)cc12,7.77,0.0,1
CHEMBL2971,NC(=O)c1cc(N2CCC(N)CC2)nc2c1[nH]c1cc(C(=O)N3CCOCC3)ccc12,6.2,0.0,1
CHEMBL2971,NC(=O)c1cc(N2CCC(N3CCOCC3)CC2)nc2c1[nH]c1cc(C(=O)N3CCOCC3)ccc12,6.58,0.0,1
CHEMBL2971,NC(=O)c1cc(N2CCOCC2)nc2c1[nH]c1cc(C(=O)N3CCOCC3)ccc12,6.85,0.0,1
CHEMBL2971,NC(=O)c1ccc(-c2ccnc(Nc3ccc(N4CCOCC4)cc3)n2)cc1,6.49,0.0,1
CHEMBL2971,NC(=O)c1ccc(CN2CCC(c3nnn4cnc5[nH]ccc5c34)CC2)cc1,6.77,0.0,1
CHEMBL2971,NC(=O)c1ccc(N2CCC(Nc3c(C(N)=O)cnc4[nH]ccc34)CC2)nc1,7.39,0.0,1
CHEMBL2971,NC(=O)c1ccc(NC2CCCCC2)c2c1[nH]c1cc(-c3cn[nH]c3)ccc12,7.89,0.0,1
CHEMBL2971,NC(=O)c1ccc(Nc2ncc(F)c(Nc3ccccc3)n2)cc1,7.29,0.0,1
CHEMBL2971,NC(=O)c1ccc(Nc2ncc(F)c(Nc3ccccc3Cl)n2)cc1,7.48,0.0,1
CHEMBL2971,NC(=O)c1ccc2c(c1)nc([C@H]1CC[C@H](O)CC1)n2CCCO,4.53,0.0,1
CHEMBL2971,NC(=O)c1ccc2c(c1)nc([C@H]1CC[C@H](O)CC1)n2CCO,5.5,0.0,1
CHEMBL2971,NC(=O)c1cccc(OCc2ccc(-c3cccc4nc(NC(=O)C5CC5)nn34)cc2)c1,6.52,0.0,1
CHEMBL2971,NC(=O)c1ccccc1Nc1cc(Nc2ccc(F)cn2)ncc1C(N)=O,7.62,0.0,1
CHEMBL2971,NC(=O)c1cn2ccc(Nc3ncc(F)c(N4C[C@H]5CC[C@@H](C4)N5C(=O)C4CC4)n3)cc2n1,5.71,0.0,1
CHEMBL2971,NC(=O)c1cnc(N2CCCC2)c2c1[nH]c1ccc(F)cc12,6.64,0.0,1
CHEMBL2971,NC(=O)c1cnc(N2CCCCC2)c2c1[nH]c1ccc(F)cc12,6.72,0.0,1
CHEMBL2971,NC(=O)c1cnc(NC(C2CC2)C2CC2)c2c1[nH]c1cc(-c3cccnn3)ccc12,8.7,0.0,1
CHEMBL2971,NC(=O)c1cnc(NC(C2CC2)C2CC2)c2c1[nH]c1cc(-c3cn[nH]c3)ccc12,8.52,0.0,1
CHEMBL2971,NC(=O)c1cnc(NC(C2CC2)C2CC2)c2c1[nH]c1cc(-c3cnc(N)cn3)ccc12,8.4,0.0,1
CHEMBL2971,NC(=O)c1cnc(NC(C2CC2)C2CC2)c2c1[nH]c1cc(-c3cnc(N)nc3)ccc12,9.0,0.0,1
CHEMBL2971,NC(=O)c1cnc(NC2CCC2)c2c1[nH]c1ccc(F)cc12,7.08,0.0,1
CHEMBL2971,NC(=O)c1cnc(NC2CCCC2)c2c1[nH]c1ccc(F)cc12,7.29,0.0,1
CHEMBL2971,NC(=O)c1cnc(NC2CCCCC2)c2c1[nH]c1cc(-c3ccccc3)ccc12,7.16,0.0,1
CHEMBL2971,NC(=O)c1cnc(NC2CCCCC2)c2c1[nH]c1cc(-c3ccn[nH]3)ccc12,7.64,0.0,1
CHEMBL2971,NC(=O)c1cnc(NC2CCCCC2)c2c1[nH]c1cc(Cl)ccc12,7.64,0.0,1
CHEMBL2971,NC(=O)c1cnc(NC2CCCCC2)c2c1[nH]c1ccc(-c3ccccc3)cc12,6.75,0.0,1
CHEMBL2971,NC(=O)c1cnc(NC2CCCCC2)c2c1[nH]c1ccc(F)cc12,7.77,0.0,1
CHEMBL2971,NC(=O)c1cnc(NC2CCCCC2)c2c1[nH]c1cccc(Cl)c12,6.96,0.0,1
CHEMBL2971,NC(=O)c1cnc(NC2CCCCC2)c2c1[nH]c1ccccc12,7.23,0.0,1
CHEMBL2971,NC(=O)c1cnc(NC2CCCCCC2)c2c1[nH]c1ccc(F)cc12,7.72,0.0,1
CHEMBL2971,NC(=O)c1cnc(NC2CCOCC2)c2c1[nH]c1ccc(F)cc12,7.75,0.0,1
CHEMBL2971,NC(=O)c1cnc(N[C@@H]2CCCC[C@@H]2N)nc1Nc1cccc(-n2nccn2)c1,5.76,0.0,1
CHEMBL2971,NC(=O)c1cnc(N[C@H](C2CC2)C(F)(F)F)c2c1[nH]c1cc(-c3ccc(N)nc3)ccc12,8.7,0.0,1
CHEMBL2971,NC(=O)c1cnc(N[C@H](C2CC2)C(F)(F)F)c2c1[nH]c1cc(-c3ccc(N4CCS(=O)(=O)CC4)nn3)ccc12,8.7,0.0,1
CHEMBL2971,NC(=O)c1cnc(N[C@H](C2CC2)C(F)(F)F)c2c1[nH]c1cc(-c3cn[nH]c3)ccc12,9.0,0.0,1
CHEMBL2971,NC(=O)c1cnc(N[C@H](C2CC2)C(F)(F)F)c2c1[nH]c1cc(-c3cnc(N)nc3)ccc12,9.1,0.0,1
CHEMBL2971,NC(=O)c1cnc(N[C@H](C2CC2)C(F)(F)F)c2c1[nH]c1cc(-c3cnc(N4CCOCC4)nc3)ccc12,8.1,0.0,1
CHEMBL2971,NC(=O)c1cnc(N[C@H]2CC[C@H](N)CC2)c2nc(-c3ccc(Cl)cc3)cn12,4.89,0.0,1
CHEMBL2971,NC(=O)c1cnc(Nc2ccc(CC(=O)O)cn2)cc1Nc1ccccc1Cl,7.72,0.0,1
CHEMBL2971,NC(=O)c1cnc(Nc2ccc(O)cn2)cc1Nc1ccccc1Cl,7.7,0.0,1
CHEMBL2971,NC(=O)c1cnc(Nc2cccc(O)n2)cc1Nc1ccccc1Cl,5.5,0.0,1
CHEMBL2971,NC(=O)c1cnc(Nc2ccccc2)cc1NCc1ccccc1,6.69,0.0,1
CHEMBL2971,NC(=O)c1cnc(Nc2ccccn2)cc1Nc1ccccc1Cl,7.57,0.0,1
CHEMBL2971,NC(=O)c1cnc(Nc2cnn(C3CC3)c2)nc1NCc1c(F)cccc1F,8.92,0.0,1
CHEMBL2971,NC(=O)c1cnc(Nc2cnn(C3CC3)c2)nc1Nc1c(F)cccc1Cl,9.12,0.0,1
CHEMBL2971,NC(=O)c1cnc(Nc2cnn(C3CCC3)c2)nc1NCc1c(F)cccc1F,9.21,0.0,1
CHEMBL2971,NC(=O)c1cnc(Nc2cnn(C3CCC3)c2)nc1Nc1c(F)cccc1Cl,9.14,0.0,1
CHEMBL2971,NC(=O)c1cnc(Nc2cnn(C3CCCC3)c2)nc1Nc1c(F)cccc1Cl,8.8,0.0,1
CHEMBL2971,NC(=O)c1cnc(Nc2cnn(C3CCCCC3)c2)nc1Nc1c(F)cccc1Cl,8.49,0.0,1
CHEMBL2971,NC(=O)c1cnc(Nc2cnn(C3CCOC3)c2)nc1NCc1c(F)cccc1F,9.24,0.0,1
CHEMBL2971,NC(=O)c1cnc(Nc2cnn(C3CCOCC3)c2)nc1NCc1c(F)cccc1F,9.57,0.0,1
CHEMBL2971,NC(=O)c1cnc(Nc2cnn(C3CCOCC3)c2)nc1Nc1c(F)cccc1Cl,9.38,0.0,1
CHEMBL2971,NC(=O)c1cnc(Nc2cnn(CC3CCCO3)c2)nc1NCc1c(F)cccc1F,8.91,0.0,1
CHEMBL2971,NC(=O)c1cnc(Nc2cnn(CC3CCOC3)c2)nc1NCc1c(F)cccc1F,9.15,0.0,1
CHEMBL2971,NC(=O)c1cnc(Nc2cnn(CC3CCOCC3)c2)nc1NCc1c(F)cccc1F,9.17,0.0,1
CHEMBL2971,NC(=O)c1cnc(Nc2cnn(CCCN3CCOCC3)c2)nc1NCc1c(F)cccc1F,9.13,0.0,1
CHEMBL2971,NC(=O)c1cnc(Nc2cnn(CCO)c2)nc1NCc1c(Cl)cccc1Cl,9.38,0.0,1
CHEMBL2971,NC(=O)c1cnc(Nc2cnn(CCO)c2)nc1NCc1c(F)ccc(F)c1Cl,9.11,0.0,1
CHEMBL2971,NC(=O)c1cnc(Nc2cnn(CCO)c2)nc1NCc1c(F)ccc(F)c1F,9.07,0.0,1
CHEMBL2971,NC(=O)c1cnc(Nc2cnn(CCO)c2)nc1NCc1c(F)cccc1C(F)(F)F,9.17,0.0,1
CHEMBL2971,NC(=O)c1cnc(Nc2cnn(CCO)c2)nc1NCc1c(F)cccc1F,9.335,0.0494974746830579,2
CHEMBL2971,NC(=O)c1cnc2[nH]ccc2c1NC1C2CC3CC1CC(C2)C3O,8.3,0.0,1
CHEMBL2971,NC(=O)c1cnc2[nH]ccc2c1NC1C2CC3CC1CC(O)(C3)C2,8.3,0.0,1
CHEMBL2971,NC(=O)c1cnc2[nH]ccc2c1NC1CCN(Cc2ccccc2)CC1,7.08,0.0,1
CHEMBL2971,NC(=O)c1cnc2[nH]ccc2c1NC1CCN(c2ccc(C(F)(F)F)cn2)CC1,6.43,0.0,1
CHEMBL2971,NC(=O)c1cnc2[nH]ccc2c1NC1CCN(c2ccc(CO)cn2)CC1,7.0,0.0,1
CHEMBL2971,NC(=O)c1cnc2[nH]ccc2c1N[C@@H]1CCCN(Cc2ccccc2)C1,6.37,0.0,1
CHEMBL2971,NC(=O)c1cnc2[nH]ccc2c1N[C@@H]1[C@@H]2CC3C[C@H]1C[C@@](O)(C3)C2,7.775,0.7424621202458754,2
CHEMBL2971,NC(=O)c1cnc2[nH]ccc2c1N[C@H]1CCCN(Cc2ccccc2)C1,6.19,0.0,1
CHEMBL2971,NC(=O)c1cnn2cc(-c3ccccc3)cc2c1NC1CCCC1,7.3,0.0,1
CHEMBL2971,NC(=O)c1cnn2cc(-c3ccccc3)cc2c1NCc1ccccc1,6.36,0.0,1
CHEMBL2971,NC(=O)c1cnn2ccc(N3CCCC3c3cncc(F)c3)nc12,7.35,0.0,1
CHEMBL2971,NC(=O)c1cnn2ccc(N3CCC[C@@H]3c3cc(F)cc(OCC(O)CO)c3)nc12,7.77,0.0,1
CHEMBL2971,NC(=O)c1cnn2ccc(N3CCC[C@@H]3c3cc(F)cc(OCCN4CCOCC4)c3)nc12,7.05,0.0,1
CHEMBL2971,NC(=O)c1cnn2ccc(N3CCC[C@@H]3c3cc(F)ccc3C(F)(F)F)nc12,7.5200000000000005,1.8101933598375621,2
CHEMBL2971,NC(=O)c1cnn2ccc(N3CCC[C@@H]3c3cc(F)ccc3F)nc12,8.71,0.0,1
CHEMBL2971,NC(=O)c1cnn2ccc(N3CCC[C@@H]3c3cc(F)ccc3OCC(O)CO)nc12,8.38,0.0,1
CHEMBL2971,NC(=O)c1cnn2ccc(N3CCC[C@@H]3c3cc(F)ccc3OCCN3CCOCC3)nc12,7.57,0.0,1
CHEMBL2971,NC(=O)c1cnn2ccc(N3CCC[C@@H]3c3cc(F)cnc3CO)nc12,8.59,0.0,1
CHEMBL2971,NC(=O)c1cnn2ccc(N3CCC[C@@H]3c3cccc(F)c3)nc12,7.9,0.0,1
CHEMBL2971,NC(=O)c1cnn2cccc2c1NC1CCCC1,6.6,0.0,1
CHEMBL2971,NC(=O)c1cnn2cccc2c1NCc1cccc(NC(=O)Cn2sc3ccccc3c2=O)c1,6.13,0.0,1
CHEMBL2971,NC(=O)c1coc(-c2cnc3[nH]ccc3c2N[C@H]2CC[C@@H](O)C2)n1,7.26,0.0,1
CHEMBL2971,NC(=O)c1nc(-c2c(F)cccc2F)oc1Nc1ccc(C(=O)N2CCC[C@@H]2CO)cc1,7.44,0.0,1
CHEMBL2971,NC(=O)c1nc(-c2c(F)cccc2F)oc1Nc1ccc(C(=O)N2CCOCC2)cc1,6.57,0.0,1
CHEMBL2971,NC(=O)c1nc(-c2c(F)cccc2F)oc1Nc1ccc(C(=O)NC2CCNC2)cc1,6.640000000000001,0.1414213562373093,2
CHEMBL2971,NC(=O)c1nc(-c2c(F)cccc2F)oc1Nc1ccc(C(=O)NC2CCNCC2)cc1,6.78,0.0,1
CHEMBL2971,NC(=O)c1nc(-c2c(F)cccc2F)oc1Nc1ccc(C(=O)NCCCO)cc1,6.92,0.0,1
CHEMBL2971,NC(=O)c1nc(-c2c(F)cccc2F)oc1Nc1ccc(C(=O)NCCO)cc1,7.0,0.0,1
CHEMBL2971,NC(=O)c1nc(-c2c(F)cccc2F)oc1Nc1ccc(C(=O)N[C@@H]2CCCNC2)cc1,6.58,0.0,1
CHEMBL2971,NC(=O)c1nc(-c2c(F)cccc2F)oc1Nc1ccc(C(=O)N[C@@H]2CCNC2)cc1,6.54,0.0,1
CHEMBL2971,NC(=O)c1nc(-c2c(F)cccc2F)oc1Nc1ccc(C(=O)N[C@H]2CCCNC2)cc1,6.57,0.0,1
CHEMBL2971,NC(=O)c1nc(-c2c(F)cccc2F)oc1Nc1ccc(C(=O)N[C@H]2CCNC2)cc1,6.74,0.0,1
CHEMBL2971,NC(=O)c1nc(-c2c(F)cccc2F)oc1Nc1ccc(S(N)(=O)=O)cc1,6.83,0.0,1
CHEMBL2971,NC(=O)c1nc(-c2ccccc2)cc2c1[nH]c1cc(C(=O)N3CCOCC3)ccc12,7.96,0.0,1
CHEMBL2971,NC(=O)c1ncc(Nc2nccc(N3C[C@H]4CC[C@@H](C3)N4C(=O)[C@@H]3CC3(F)F)n2)cc1F,6.34,0.0,1
CHEMBL2971,NC(=O)c1nnc(-c2c(F)cccc2Cl)cc1Nc1ccc(N2CCOCC2)cc1,8.05,0.0,1
CHEMBL2971,NC(=O)c1nnc(-c2c(F)cccc2F)cc1Nc1ccc(N2CCOCC2)cn1,8.4,0.0,1
CHEMBL2971,NC(=O)c1nnc(-c2c(F)cccc2F)cc1Nc1ccc(N2CCOCC2=O)cn1,8.3,0.0,1
CHEMBL2971,NC1CCN(c2nc3c(NCc4cccnc4)cccn3n2)CC1,5.0,0.0,1
CHEMBL2971,NCC(=O)N1CCN(c2ccc(Nc3nc(-c4ccccc4)nc4cn[nH]c(=O)c34)cc2)CC1,7.12,0.0,1
CHEMBL2971,NCCCNC(=O)c1ccc(Nc2oc(-c3c(F)cccc3F)nc2C(N)=O)cc1,6.53,0.0,1
CHEMBL2971,NCCCNC(=O)c1cnn2ccc(N3CCC[C@@H]3c3cc(F)c[nH]c3=O)nc12,7.9,0.0,1
CHEMBL2971,NCCCc1nc2cc(C(N)=O)ccc2n1CCN,5.8,0.0,1
CHEMBL2971,NCCCn1c(-c2ccccc2)nc2cc(C(N)=O)ccc21,4.69,0.0,1
CHEMBL2971,NCCCn1c(C2CCNCC2)nc2cc(C(N)=O)ccc21,4.56,0.0,1
CHEMBL2971,NCCCn1c(CCN)nc2cc(C(N)=O)ccc21,5.66,0.0,1
CHEMBL2971,NCCCn1c2ccc(C(N)=O)cc2nc1[C@H]1CC[C@H](O)CC1,4.73,0.0,1
CHEMBL2971,NCCc1nc2cc(C(N)=O)ccc2n1CCN,5.54,0.0,1
CHEMBL2971,NCCn1c(-c2ccc(C(F)(F)F)cc2)nc2cc(C(N)=O)ccc21,5.32,0.0,1
CHEMBL2971,NCCn1c(-c2ccc(O)cc2)nc2cc(C(N)=O)ccc21,5.89,0.0,1
CHEMBL2971,NCCn1c(-c2ccc(O)cc2O)nc2cc(C(N)=O)ccc21,5.6,0.0,1
CHEMBL2971,NCCn1c(-c2ccccc2)nc2cc(C(N)=O)ccc21,5.55,0.0,1
CHEMBL2971,NCCn1c(-c2cccnc2N)nc2cc(C(N)=O)ccc21,5.33,0.0,1
CHEMBL2971,NCCn1c(-c2ccncc2)nc2cc(C(N)=O)ccc21,4.87,0.0,1
CHEMBL2971,NCCn1c(-c2cncnc2)nc2cc(C(N)=O)ccc21,5.8,0.0,1
CHEMBL2971,NCCn1c(C2CCCCC2)nc2cc(C(N)=O)ccc21,5.39,0.0,1
CHEMBL2971,NCCn1c(C2CCNCC2)nc2cc(C(N)=O)ccc21,5.5,0.0,1
CHEMBL2971,NCCn1c(Cc2ccccc2)nc2cc(C(N)=O)ccc21,5.57,0.0,1
CHEMBL2971,NC[C@H]1CC[C@H](c2nnn3cnc4[nH]ccc4c23)CC1,7.46,0.0,1
CHEMBL2971,NS(=O)(=O)CCNC(=O)c1cnn2ccc(N3CCC[C@@H]3c3cc(F)ccc3F)nc12,8.82,0.0,1
CHEMBL2971,NS(=O)(=O)N1CCC(NC(=O)c2cnn3ccc(N4CCCC4c4cc(F)ccc4F)nc23)CC1,6.71,0.0,1
CHEMBL2971,NS(=O)(=O)N1CCC(NC(=O)c2cnn3ccc(N4CCC[C@@H]4c4cc(F)ccc4F)nc23)CC1,7.779999999999999,1.5132085117392118,2
CHEMBL2971,NS(=O)(=O)OCCn1cnc2c(Nc3ccc(F)cc3)nc(NCc3ccc(C4CCCCC4)cc3)nc21,4.78,0.0,1
CHEMBL2971,NS(=O)(=O)c1cc(Cl)c(Nc2nc3ccncc3c3c(=O)[nH]ccc23)c(Cl)c1,9.82,0.0,1
CHEMBL2971,NS(=O)(=O)c1ccc(-c2ccnc(Nc3ccc(N4CCOCC4)cc3)n2)cc1,7.08,0.0,1
CHEMBL2971,NS(=O)(=O)c1ccc(Nc2ncc(F)c(N3C[C@H]4CC[C@@H](C3)N4C(=O)C3CC3)n2)cn1,5.54,0.0,1
CHEMBL2971,NS(=O)(=O)c1cccc(Nc2ccnc(Nc3ccc(N4CCOCC4)cc3)n2)c1,6.89,0.0,1
CHEMBL2971,NS(=O)(=O)c1cncc(-c2nc(NCc3ccccn3)c3c(-c4ccccc4)cccc3n2)c1,4.3,0.0,1
CHEMBL2971,N[C@H](CO)C(=O)Nc1ccc(-c2ccnc(Nc3ccc(N4CCOCC4)cc3)n2)cc1,8.57,0.0,1
CHEMBL2971,N[C@H]1CCCC[C@H]1Nc1cc2cc[nH]c(=O)c2c(Nc2cccc3c(Cl)c[nH]c23)n1,5.91,0.0,1
CHEMBL2971,N[C@H]1CCCC[C@H]1Nc1cc2nc[nH]c(=O)c2c(Nc2cccc(-n3nccn3)c2)n1,6.92,0.0,1
CHEMBL2971,N[C@H]1CCCC[C@H]1Nc1cc2nc[nH]c(=O)c2c(Nc2cccc3[nH]ccc23)n1,7.08,0.0,1
CHEMBL2971,N[C@H]1CCCC[C@H]1Nc1cc2nc[nH]c(=O)c2c(Nc2cccc3c(Cl)c[nH]c23)n1,5.74,0.0,1
CHEMBL2971,N[C@H]1CCCC[C@H]1Nc1cc2nc[nH]c(=O)c2c(Nc2cccc3cc[nH]c23)n1,6.98,0.0,1
CHEMBL2971,N[C@H]1CC[C@@H](Nc2cc[nH]c(=O)c2-c2nc3ccccc3[nH]2)CC1,8.4,0.0,1
CHEMBL2971,N[C@H]1CC[C@H](c2nnn3cnc4[nH]ccc4c23)CC1,6.74,0.1131370849898477,2
CHEMBL2971,N[C@H]1COCC[C@H]1Nc1cc2cc[nH]c(=O)c2c(Nc2cccc3cc[nH]c23)n1,6.17,0.0,1
CHEMBL2971,N[C@H]1COCC[C@H]1Nc1cc2nc[nH]c(=O)c2c(Nc2cccc3cc[nH]c23)n1,6.54,0.0,1
CHEMBL2971,Nc1cc2cc(c1)Nc1nccc(n1)-c1cccc(c1)COCC=CCOC2,7.46,0.0,1
CHEMBL2971,Nc1cccc(-c2ccnc(Nc3ccc(N4CCOCC4)cc3)n2)c1,6.49,0.0,1
CHEMBL2971,Nc1cccc2cc[nH]c(=O)c12,4.67,0.0,1
CHEMBL2971,Nc1ccccc1NC(=O)c1ccc(-c2ccnc(Nc3ccc(N4CCOCC4)cc3)n2)cc1,6.96,0.0,1
CHEMBL2971,Nc1n[nH]c2c(-c3ccccn3)cn(-c3ccccc3Cl)c(=O)c12,6.26,0.0,1
CHEMBL2971,Nc1n[nH]c2cc(-c3ccccc3)ccc12,3.84,0.0,1
CHEMBL2971,Nc1n[nH]c2cc(Br)ccc12,3.88,0.0,1
CHEMBL2971,Nc1n[nH]c2ccc(-c3cc[nH]n3)cc12,5.03,0.0,1
CHEMBL2971,Nc1n[nH]c2ccc(-c3ccc(C(=O)N4CCOCC4)cc3)cc12,5.8,0.0,1
CHEMBL2971,Nc1n[nH]c2ccc(-c3ccc(CN4CCOCC4)cc3)cc12,5.96,0.0,1
CHEMBL2971,Nc1n[nH]c2ccc(-c3ccc(S(=O)(=O)N4CCOCC4)cc3)cc12,6.48,0.0,1
CHEMBL2971,Nc1n[nH]c2ccc(-c3cccc(Cl)c3)cc12,6.13,0.0,1
CHEMBL2971,Nc1n[nH]c2ccc(-c3cccc(Cl)n3)cc12,5.24,0.0,1
CHEMBL2971,Nc1n[nH]c2ccc(-c3ccccc3)cc12,5.8,0.0,1
CHEMBL2971,Nc1n[nH]c2ccc(-c3ccccc3Cl)cc12,6.305,0.1767766952966369,2
CHEMBL2971,Nc1n[nH]c2ccc(-c3ccncc3)cc12,5.71,0.0,1
CHEMBL2971,Nc1n[nH]c2ccc(-c3cnc(-c4ccccc4-n4cnnn4)s3)cc12,5.49,0.0,1
CHEMBL2971,Nc1n[nH]c2ccc(Br)cc12,4.39,0.0,1
CHEMBL2971,Nc1n[nH]c2ccc(C(=O)N3CCC[C@H]3c3ccc(Cl)cc3)cc12,6.54,0.0,1
CHEMBL2971,Nc1n[nH]c2ccc(C(=O)Nc3c(Cl)cccc3Cl)cc12,7.55,0.0,1
CHEMBL2971,Nc1n[nH]c2ccc(C(=O)Nc3cc(Cl)ccc3Cl)cc12,7.42,0.0,1
CHEMBL2971,Nc1n[nH]c2ccc(C(=O)Nc3ccccc3)cc12,5.49,0.0,1
CHEMBL2971,Nc1n[nH]c2ccc(C(=O)Nc3ccccc3Cl)cc12,6.9,0.0,1
CHEMBL2971,Nc1n[nH]c2ccc(NC(=O)c3c(Cl)cccc3-n3cnnn3)cc12,4.12,0.0,1
CHEMBL2971,Nc1n[nH]c2ccc(NC(=O)c3cc(Cl)ccc3Cl)cc12,7.64,0.0,1
CHEMBL2971,Nc1n[nH]c2ccc(NC(=O)c3cccc(Cl)c3)cc12,6.23,0.0,1
CHEMBL2971,Nc1n[nH]c2ccc(NC(=O)c3cccc(Cl)c3Cl)cc12,6.39,0.0,1
CHEMBL2971,Nc1n[nH]c2ccc(NC(=O)c3ccccc3)cc12,5.56,0.0,1
CHEMBL2971,Nc1n[nH]c2ccc(NC(=O)c3ccccc3-n3cnnn3)cc12,5.2,0.0,1
CHEMBL2971,Nc1n[nH]c2ccc(NC(=O)c3ccccc3Cl)cc12,7.0,0.0,1
CHEMBL2971,Nc1n[nH]c2ccn(-c3ccccc3Cl)c(=O)c12,5.85,0.0,1
CHEMBL2971,Nc1nc(Nc2ccc(C(=O)O)cc2)nn1C(=O)c1c(F)cccc1F,5.68,0.0,1
CHEMBL2971,Nc1nc(Nc2cccc(S(N)(=O)=O)c2)nn1C(=O)c1c(F)cccc1F,5.6,0.0,1
CHEMBL2971,Nc1ncc(-c2cnn(CC(=O)N3CCOCC3)c2)c2scc(-c3ccc(Oc4ccccc4)cc3)c12,5.16,0.0,1
CHEMBL2971,Nc1ncc(F)cc1[C@H]1CCCN1c1ccn2ncc(C(=O)N3CCC3)c2n1,7.31,0.0,1
CHEMBL2971,Nc1ncc(NC(=O)c2cc(NC(=O)c3cccc(C(F)(F)F)c3)ccc2Cl)cc1Cl,4.54,0.0,1
CHEMBL2971,Nc1ncnc2c1c(-c1cccc(O)c1)cn2[C@H]1C[C@@H](CN2CCC2)C1,5.96,0.0,1
CHEMBL2971,Nc1nn2cccnc2c1-c1cc(N2CCCC(O)C2)ncn1,7.16,0.0,1
CHEMBL2971,Nc1nn2cccnc2c1-c1cc(N2CCCC2c2ccc(F)cc2)ncn1,8.47,0.0,1
CHEMBL2971,Nc1nn2cccnc2c1-c1cc(N2CCCCC2)ncn1,7.36,0.0,1
CHEMBL2971,Nc1nn2cccnc2c1-c1cc(N2CCOCC2)ncn1,6.68,0.0,1
CHEMBL2971,Nc1nn2cccnc2c1-c1cc(NCc2ccc(Cl)cc2)ncn1,8.85,0.0,1
CHEMBL2971,Nc1nn2cccnc2c1-c1cc(NCc2ccc(F)cc2)ncn1,8.82,0.0,1
CHEMBL2971,Nc1nn2cccnc2c1-c1cc(NCc2ccccc2)ncn1,8.22,0.0,1
CHEMBL2971,Nc1nn2cccnc2c1-c1cc(NCc2ccccn2)ncn1,7.66,0.0,1
CHEMBL2971,Nc1nn2cccnc2c1-c1cc(NCc2cccnc2)ncn1,7.44,0.0,1
CHEMBL2971,Nc1nn2cccnc2c1-c1cc(N[C@@H]2CCc3ccccc32)ncn1,7.96,0.0,1
CHEMBL2971,Nc1nn2cccnc2c1-c1cc(N[C@H]2CCc3ccccc32)ncn1,7.28,0.0,1
CHEMBL2971,Nc1nn2cccnc2c1-c1cc(OCc2ccc(F)cc2)ncn1,8.11,0.0,1
CHEMBL2971,O/N=C/[C@H]1CC[C@H](c2nnn3cnc4[nH]ccc4c23)CC1,7.46,0.0,1
CHEMBL2971,O=C(/C=C/c1ccc(Cn2cc(Nc3ncc(Cl)c(Nc4ccc(F)cc4)n3)cn2)cc1)NO,7.37,0.0,1
CHEMBL2971,O=C(/C=C/c1ccc(NCCCn2cc(-c3ncnc4[nH]ccc34)cn2)cc1)NO,6.3,0.0,1
CHEMBL2971,O=C(C1CC1)N1C2CCC1CN(c1nc(Nc3cnn(CCO)c3)ncc1F)C2,6.58,0.0,1
CHEMBL2971,O=C(C1CC1)N1[C@@H]2CC[C@@H]1CN(c1nc(Nc3cnn(CCO)c3)ncc1F)C2,6.58,0.0,1
CHEMBL2971,O=C(C1CC1)N1[C@@H]2CC[C@H]1CN(c1ccnc(Nc3cn[nH]c3)n1)C2,6.21,0.0,1
CHEMBL2971,O=C(C1CC1)N1[C@@H]2CC[C@H]1CN(c1ccnc(Nc3cnn(CCO)c3)n1)C2,6.38,0.0,1
CHEMBL2971,O=C(C1CC1)N1[C@@H]2CC[C@H]1CN(c1ccnc(Nc3cnsc3)n1)C2,5.91,0.0,1
CHEMBL2971,O=C(CC(F)(F)F)N(CC(F)(F)F)C[C@H]1CC[C@H](c2nnn3cnc4[nH]ccc4c23)CC1,7.82,0.0,1
CHEMBL2971,O=C(CC(F)(F)F)N1CCC(c2nnn3cnc4[nH]ccc4c23)CC1,6.595,0.1767766952966369,2
CHEMBL2971,O=C(CC(F)(F)F)N1CCCC(c2nnn3cnc4[nH]ccc4c23)C1,7.41,0.4101219330881976,2
CHEMBL2971,O=C(CC(F)(F)F)NC[C@H]1CC[C@H](c2nnn3cnc4[nH]ccc4c23)CC1,7.96,0.0,1
CHEMBL2971,O=C(CCCCC(=O)N1C/C=C/CCOc2cccc(c2)-c2ccnc(n2)Nc2cccc(c2)C1)NO,6.61,0.0,1
CHEMBL2971,O=C(CCCCC(=O)N1C/C=C/COCc2cccc(c2)-c2ccnc(n2)Nc2cccc(c2)C1)NO,6.26,0.0,1
CHEMBL2971,O=C(CCCCCC(=O)Nc1ccc(NCCOc2ccc3cc2COC/C=C/COCc2cccc(c2)-c2ccnc(n2)N3)cc1)NO,8.16,0.0,1
CHEMBL2971,O=C(CCCCCCC(=O)N1C/C=C/CCOc2cccc(c2)-c2ccnc(n2)Nc2cccc(c2)C1)NO,6.25,0.0,1
CHEMBL2971,O=C(CCCCCCC(=O)N1C/C=C/COCc2cccc(c2)-c2ccnc(n2)Nc2cccc(c2)C1)NO,6.17,0.0,1
CHEMBL2971,O=C(CCCCCCC(=O)Nc1ccc(-c2ccnc(Nc3ccc(N4CCCCC4)cc3)n2)cc1)NO,7.75,0.0,1
CHEMBL2971,O=C(CCCCCCC(=O)Nc1ccc(-c2ccnc(Nc3ccc(N4CCOCC4)cc3)n2)cc1)NO,8.51,0.0,1
CHEMBL2971,O=C(CCCCCCC(=O)Nc1ccc(-c2ccnc(Nc3cccc(N4CCCCC4)c3)n2)cc1)NO,8.18,0.0,1
CHEMBL2971,O=C(CCCCCCC(=O)Nc1ccc(-c2ccnc(Nc3ccccc3)n2)cc1)NO,7.38,0.0,1
CHEMBL2971,O=C(CCCCCCC(=O)Nc1ccc(CCCn2cc(-c3ncnc4[nH]ccc34)cn2)cc1)NO,6.06,0.0,1
CHEMBL2971,O=C(CCCCCCC(=O)Nc1ccc(NC(=O)CCCn2cc(-c3ncnc4[nH]ccc34)cn2)cc1)NO,5.92,0.0,1
CHEMBL2971,O=C(CCCCCCC(=O)Nc1ccc(NCCCn2cc(-c3ncnc4[nH]ccc34)cn2)cc1)NO,6.58,0.0,1
CHEMBL2971,O=C(CCCCCCC(=O)Nc1ccc(NCCOc2ccc3cc2COC/C=C/COCc2cccc(c2)-c2ccnc(n2)N3)cc1)NO,7.52,0.0,1
CHEMBL2971,O=C(CCCCCCC(=O)Nc1ccc(Nc2nc(-c3cn[nH]c3)c3cc[nH]c3n2)cc1)NO,9.02,0.0,1
CHEMBL2971,O=C(CCCCCCC(=O)Nc1ccc(Nc2nc(-c3cnn(CC4CCCC4)c3)c3cc[nH]c3n2)cc1)NO,8.52,0.0,1
CHEMBL2971,O=C(CCCCCCC(=O)Nc1ccc(Nc2nc(-c3cnn(CCCCCCOc4ccccc4)c3)c3cc[nH]c3n2)cc1)NO,7.72,0.0,1
CHEMBL2971,O=C(CCCCCCC(=O)Nc1ccc(Nc2nc(-c3cnn(CCCCCOc4ccccc4)c3)c3cc[nH]c3n2)cc1)NO,7.68,0.0,1
CHEMBL2971,O=C(CCCCCCC(=O)Nc1ccc(Nc2nc(-c3cnn(CCCCOc4ccccc4)c3)c3cc[nH]c3n2)cc1)NO,7.4,0.0,1
CHEMBL2971,O=C(CCCCCCCC(=O)N1C/C=C/CCOc2cccc(c2)-c2ccnc(n2)Nc2cccc(c2)C1)NO,5.83,0.0,1
CHEMBL2971,O=C(CCCCCCCC(=O)N1C/C=C/COCc2cccc(c2)-c2ccnc(n2)Nc2cccc(c2)C1)NO,6.08,0.0,1
CHEMBL2971,O=C(CCCCCCCCCCn1cc(-c2ncnc3[nH]ccc23)cn1)NO,7.37,0.0,1
CHEMBL2971,O=C(CCCCCCCOc1ccc2cc1COC/C=C/COCc1cccc(c1)-c1ccnc(n1)N2)NO,8.3,0.0,1
CHEMBL2971,O=C(CCCCCCCn1cc(-c2ncnc3[nH]ccc23)cn1)NO,6.32,0.0,1
CHEMBL2971,O=C(CCCCCCCn1cc(Nc2ncc(Cl)c(Nc3ccc(F)cc3)n2)cn1)NO,7.21,0.0,1
CHEMBL2971,O=C(CCCCCCN1C/C=C/CCOc2cccc(c2)-c2ccnc(n2)Nc2cccc(c2)C1)NO,6.16,0.0,1
CHEMBL2971,O=C(CCCCCCN1C/C=C/COCc2cccc(c2)-c2ccnc(n2)Nc2cccc(c2)C1)NO,6.21,0.0,1
CHEMBL2971,O=C(CCCCCCOc1ccc2cc1COC/C=C/COCc1cccc(c1)-c1ccnc(n1)N2)NO,8.85,0.0,1
CHEMBL2971,O=C(CCCCCCn1cc(-c2ncnc3[nH]ccc23)cn1)NO,7.12,0.0,1
CHEMBL2971,O=C(CCCCCCn1cc(Nc2nc(Nc3cccc(Cl)c3)c3ccccc3n2)cn1)NO,5.03,0.0,1
CHEMBL2971,O=C(CCCCCCn1cc(Nc2ncc(Cl)c(N3CCCCC3)n2)cn1)NO,7.3,0.0,1
CHEMBL2971,O=C(CCCCCCn1cc(Nc2ncc(Cl)c(N3CCOCC3)n2)cn1)NO,7.7,0.0,1
CHEMBL2971,O=C(CCCCCCn1cc(Nc2ncc(Cl)c(NC3CC3)n2)cn1)NO,8.3,0.0,1
CHEMBL2971,O=C(CCCCCCn1cc(Nc2ncc(Cl)c(Nc3ccc(Cl)cc3)n2)cn1)NO,7.85,0.0,1
CHEMBL2971,O=C(CCCCCCn1cc(Nc2ncc(Cl)c(Nc3ccc(F)cc3)n2)cn1)NO,7.82,0.0,1
CHEMBL2971,O=C(CCCCCCn1cc(Nc2ncc(Cl)c(Nc3cccc(Cl)c3)n2)cn1)NO,8.0,0.0,1
CHEMBL2971,O=C(CCCCCCn1cc(Nc2ncc(Cl)c(Nc3ccccc3)n2)cn1)NO,7.92,0.0,1
CHEMBL2971,O=C(CCCCCCn1cc(Nc2ncc(Cl)c(Nc3ccccc3Cl)n2)cn1)NO,7.34,0.0,1
CHEMBL2971,O=C(CCCCCCn1cc(Nc2ncc3ccn(-c4ccc(Br)cc4)c3n2)cn1)NO,7.26,0.0,1
CHEMBL2971,O=C(CCCCCCn1cc(Nc2ncc3ccn(-c4ccc(Cl)cc4)c3n2)cn1)NO,7.32,0.0,1
CHEMBL2971,O=C(CCCCCCn1cc(Nc2ncc3ccn(-c4ccc(F)cc4)c3n2)cn1)NO,7.48,0.0,1
CHEMBL2971,O=C(CCCCCCn1cc(Nc2ncc3ccn(-c4ccccc4)c3n2)cn1)NO,7.78,0.0,1
CHEMBL2971,O=C(CCCCCCn1cc(Nc2ncc3ccn(CC4CCCCC4)c3n2)cn1)NO,7.16,0.0,1
CHEMBL2971,O=C(CCCCCCn1cc(Nc2ncc3ccn(Cc4cccc(Cl)c4)c3n2)cn1)NO,7.4,0.0,1
CHEMBL2971,O=C(CCCCCCn1cc(Nc2ncc3ccn(Cc4cccc(F)c4)c3n2)cn1)NO,7.8,0.0,1
CHEMBL2971,O=C(CCCCCCn1cc(Nc2ncc3ccn(Cc4ccccc4)c3n2)cn1)NO,7.29,0.0,1
CHEMBL2971,O=C(CCCCCCn1cc(Nc2ncc3ccn(Cc4ccccc4Cl)c3n2)cn1)NO,7.51,0.0,1
CHEMBL2971,O=C(CCCCCCn1cc(Nc2ncc3ccn(Cc4ccccc4F)c3n2)cn1)NO,7.48,0.0,1
CHEMBL2971,O=C(CCCCCCn1cc(Nc2nccc(-c3cc(F)cc(F)c3)n2)cn1)NO,5.58,0.0,1
CHEMBL2971,O=C(CCCCCN1C/C=C/CCOc2cccc(c2)-c2ccnc(n2)Nc2cccc(c2)C1)NO,5.98,0.0,1
CHEMBL2971,O=C(CCCCCN1C/C=C/COCc2cccc(c2)-c2ccnc(n2)Nc2cccc(c2)C1)NO,6.23,0.0,1
CHEMBL2971,O=C(CCCCCOc1ccc2cc1COC/C=C/COCc1cccc(c1)-c1ccnc(n1)N2)NO,8.37,0.0,1
CHEMBL2971,O=C(CCCCCn1cc(-c2ncnc3[nH]ccc23)cn1)NO,6.7,0.0,1
CHEMBL2971,O=C(CCCCCn1cc(Nc2ncc(Cl)c(Nc3ccc(Cl)cc3)n2)cn1)NO,8.4,0.0,1
CHEMBL2971,O=C(CCCCCn1cc(Nc2ncc(Cl)c(Nc3ccc(F)cc3)n2)cn1)NO,8.3,0.0,1
CHEMBL2971,O=C(CCCCCn1cc(Nc2ncc(Cl)c(Nc3cccc(Cl)c3)n2)cn1)NO,8.15,0.0,1
CHEMBL2971,O=C(CCCCCn1cc(Nc2ncc(Cl)c(Nc3ccccc3Cl)n2)cn1)NO,7.75,0.0,1
CHEMBL2971,O=C(CCCCCn1cc(Nc2ncc3ccn(-c4ccc(Br)cc4)c3n2)cn1)NO,7.76,0.0,1
CHEMBL2971,O=C(CCCCCn1cc(Nc2ncc3ccn(Cc4cccc(Cl)c4)c3n2)cn1)NO,7.75,0.0,1
CHEMBL2971,O=C(CCCCCn1cc(Nc2ncc3ccn(Cc4cccc(F)c4)c3n2)cn1)NO,8.39,0.0,1
CHEMBL2971,O=C(CCCCCn1cc(Nc2ncc3ccn(Cc4ccccc4)c3n2)cn1)NO,7.48,0.0,1
CHEMBL2971,O=C(CCCCCn1cc(Nc2ncc3ccn(Cc4ccccc4Cl)c3n2)cn1)NO,7.61,0.0,1
CHEMBL2971,O=C(CCCCCn1cc(Nc2ncc3ccn(Cc4ccccc4F)c3n2)cn1)NO,8.0,0.0,1
CHEMBL2971,O=C(CCCCN1C/C=C/CCOc2cccc(c2)-c2ccnc(n2)Nc2cccc(c2)C1)NO,6.53,0.0,1
CHEMBL2971,O=C(CCCCN1C/C=C/COCc2cccc(c2)-c2ccnc(n2)Nc2cccc(c2)C1)NO,6.41,0.0,1
CHEMBL2971,O=C(CCCCOc1ccc2cc1COC/C=C/COCc1cccc(c1)-c1ccnc(n1)N2)NO,8.61,0.0,1
CHEMBL2971,O=C(CCCCn1cc(-c2ncnc3[nH]ccc23)cn1)NO,6.66,0.0,1
CHEMBL2971,O=C(CCCCn1cc(Nc2ncc(Cl)c(Nc3ccc(F)cc3)n2)cn1)NO,7.34,0.0,1
CHEMBL2971,O=C(CCCOc1ccc2cc1COC/C=C/COCc1cccc(c1)-c1ccnc(n1)N2)NO,8.33,0.0,1
CHEMBL2971,O=C(CCCn1cc(-c2ncnc3[nH]ccc23)cn1)NO,5.45,0.0,1
CHEMBL2971,O=C(CCCn1cc(Nc2ncc(Cl)c(Nc3ccc(F)cc3)n2)cn1)NO,8.0,0.0,1
CHEMBL2971,O=C(CCc1ccc(S(=O)(=O)Nc2ccccn2)cc1)Nc1ccc2cncc(Cl)c2c1,7.85,0.0,1
CHEMBL2971,O=C(CCc1nc2ccccc2c(=O)[nH]1)Nc1ncc(Cc2ccc(F)c(F)c2)s1,5.43,0.0,1
CHEMBL2971,O=C(CCn1cc(Nc2ncc(Cl)c(Nc3ccc(F)cc3)n2)cn1)NO,7.66,0.0,1
CHEMBL2971,O=C(CN1CCN(c2ccccc2)CC1)Nc1cccc(-c2cnc3ccccc3n2)c1,4.75,0.0,1
CHEMBL2971,O=C(CNC[C@H]1CC[C@H](c2nnn3cnc4[nH]ccc4c23)CC1)NCC(F)(F)F,7.23,0.0,1
CHEMBL2971,O=C(CN[C@H]1CC[C@@H](c2nnn3cnc4[nH]ccc4c23)CC1)NCC(F)(F)F,6.25,0.0,1
CHEMBL2971,O=C(CN[C@H]1CC[C@H](c2nnn3cnc4[nH]ccc4c23)CC1)NCC(F)(F)F,7.1,0.0,1
CHEMBL2971,O=C(COc1ccc(-c2cccc3nc(NC(=O)C4CC4)nn23)cc1)Nc1cccc(F)c1,6.52,0.0,1
CHEMBL2971,O=C(C[C@H]1CC[C@@H](c2nnn3cnc4[nH]ccc4c23)CC1)NCC(F)(F)F,7.21,0.0,1
CHEMBL2971,O=C(C[C@H]1CC[C@H](c2nnn3cnc4[nH]ccc4c23)CC1)NCC(F)(F)F,7.85,0.0,1
CHEMBL2971,O=C(Cc1ccc(-c2cccc3nc(NC(=O)C4CC4)nn23)cc1)Nc1cccnc1,6.52,0.0,1
CHEMBL2971,O=C(Cc1ccccc1)N1CCN(c2nc(Nc3ccccn3)c3cccn3n2)CC1,6.72,0.0,1
CHEMBL2971,O=C(Cc1ccccc1)N1CCN(c2nc(Nc3nccs3)c3cccn3n2)CC1,7.23,0.0,1
CHEMBL2971,O=C(Cc1ccccc1)Nc1ccc(-c2cccc3nc(NC(=O)C4CC4)nn23)cc1,6.52,0.0,1
CHEMBL2971,O=C(Cc1cccnn1)c1ccc(-c2cccc3nc(NC(=O)C4CC4)nn23)cc1,6.52,0.0,1
CHEMBL2971,O=C(NC(CO)CO)c1cnn2ccc(N3CCC[C@@H]3c3cc(F)ccc3F)nc12,8.82,0.0,1
CHEMBL2971,O=C(NC1(C(=O)O)CC1)c1cnn2ccc(N3CCC[C@@H]3c3cc(F)ccc3F)nc12,7.68,0.0,1
CHEMBL2971,O=C(NC1(C(F)(F)F)CC1)c1cnn2ccc(N3CCC[C@@H]3c3cncc(F)c3)nc12,8.05,0.0,1
CHEMBL2971,O=C(NC1(CO)CC1)c1cnn2ccc(N3CCCC3c3cncc(F)c3)nc12,7.79,0.0,1
CHEMBL2971,O=C(NC1(CO)CC1)c1cnn2ccc(N3CCC[C@@H]3c3cc(F)ccc3F)nc12,9.05,0.0,1
CHEMBL2971,O=C(NC1=CC2C(=C1)C=CC=C2c1ccc(CNC(=O)N2CCOCC2)cc1)C1CC1,6.12,0.0,1
CHEMBL2971,O=C(NC1CC1)[C@H]1CC[C@H](c2nnn3cnc4[nH]ccc4c23)CC1,6.66,0.0,1
CHEMBL2971,O=C(NC1CC1)c1cc(Nc2nc(N3CCN(C(=O)Cc4ccccc4)CC3)nn3cccc23)n[nH]1,5.57,0.0,1
CHEMBL2971,O=C(NC1CC1)c1cnc2[nH]ccc2c1NC1CCN(Cc2ccccc2)CC1,6.63,0.0,1
CHEMBL2971,O=C(NC1CC1)c1cnn2ccc(N3CCCC3c3cc(F)ccc3CO)nc12,6.37,0.0,1
CHEMBL2971,O=C(NC1CC1)c1cnn2ccc(N3CCCC3c3cc(F)cnc3CO)nc12,6.16,0.0,1
CHEMBL2971,O=C(NC1CC1)c1cnn2ccc(N3CCC[C@@H]3c3cc(F)cc(OCC(O)CO)c3)nc12,8.77,0.0,1
CHEMBL2971,O=C(NC1CC1)c1cnn2ccc(N3CCC[C@@H]3c3cc(F)cc(OCCN4CCOCC4)c3)nc12,8.03,0.0,1
CHEMBL2971,O=C(NC1CC1)c1cnn2ccc(N3CCC[C@@H]3c3cc(F)ccc3CO)nc12,7.795,2.0152543263816614,2
CHEMBL2971,O=C(NC1CC1)c1cnn2ccc(N3CCC[C@@H]3c3cc(F)ccc3F)nc12,9.3,0.0,1
CHEMBL2971,O=C(NC1CC1)c1cnn2ccc(N3CCC[C@@H]3c3cc(F)ccc3OCC(O)CO)nc12,8.48,0.0,1
CHEMBL2971,O=C(NC1CC1)c1cnn2ccc(N3CCC[C@@H]3c3cc(F)ccc3OCCN3CCOCC3)nc12,7.79,0.0,1
CHEMBL2971,O=C(NC1CC1)c1cnn2ccc(N3CCC[C@@H]3c3cc(F)cnc3CO)nc12,7.525,1.930401512639275,2
CHEMBL2971,O=C(NC1CC1)c1cnn2ccc(N3CCC[C@@H]3c3cccc(F)c3)nc12,8.78,0.0,1
CHEMBL2971,O=C(NC1CC1)c1cnn2ccc(N3CCC[C@@H]3c3cncc(F)c3)nc12,8.13,0.0,1
CHEMBL2971,O=C(NC1CC1)c1cnn2ccc(N3C[C@H](O)C[C@@H]3c3cccc(F)c3)nc12,7.54,0.0,1
CHEMBL2971,O=C(NC1CCC(C(=O)O)CC1)c1cnn2ccc(N3CCCC3c3cc(F)ccc3F)nc12,7.63,0.0,1
CHEMBL2971,O=C(NC1CCC(O)CC1)c1cnn2ccc(N3CCCC3c3cc(F)ccc3CO)nc12,7.37,0.0,1
CHEMBL2971,O=C(NC1CCC(O)CC1)c1cnn2ccc(N3CCC[C@@H]3c3cncc(F)c3)nc12,8.24,0.12727922061357835,2
CHEMBL2971,O=C(NC1CCC1)c1cnn2ccc(N3CCC[C@@H]3c3cc(F)ccc3F)nc12,7.795,2.071822868876584,2
CHEMBL2971,O=C(NC1CCC1)c1cnn2ccc(N3CCC[C@@H]3c3cncc(F)c3)nc12,7.93,0.0,1
CHEMBL2971,O=C(NC1CCCCC1)c1ccc(-c2cccc3nc(NC(=O)C4CC4)nn23)cc1,6.52,0.0,1
CHEMBL2971,O=C(NC1CCC[C@@H]1O)c1cnn2ccc(N3CCCC3c3cncc(F)c3)nc12,7.64,0.0,1
CHEMBL2971,O=C(NC1CCNCC1)c1ccc(Nc2ncc3ccn(-c4cccc(NS(=O)(=O)C5CC5)c4)c3n2)cc1,7.4,0.0,1
CHEMBL2971,O=C(NC1CCNCC1)c1ccc(Nc2ncc3ccn(-c4cccc(NS(=O)(=O)C5CC5)c4)c3n2)cc1F,7.16,0.0,1
CHEMBL2971,O=C(NC1CCOCC1)c1cnn2ccc(N3CCC[C@@H]3c3cc(F)ccc3F)nc12,7.905,1.8596908345206207,2
CHEMBL2971,O=C(NC1CCOCC1)c1cnn2ccc(N3CCC[C@@H]3c3cncc(F)c3)nc12,7.35,0.0,1
CHEMBL2971,O=C(NC1N=C2C=CC=C(C3CCC(NC(=O)C4CC4(F)F)CC3)C2S1)C1CC1,6.59,0.0,1
CHEMBL2971,O=C(NCC(F)(F)F)C1(Nc2nc(-c3c[nH]c4ncccc34)ncc2F)CCN(S(=O)(=O)C2CC2)CC1,7.46,0.0,1
CHEMBL2971,O=C(NCC(F)(F)F)C1(Nc2nc(-c3c[nH]c4ncccc34)ncc2F)CCS(=O)(=O)CC1,7.46,0.0,1
CHEMBL2971,O=C(NCC(F)(F)F)C1CN(C[C@H]2CC[C@H](c3nnn4cnc5[nH]ccc5c34)CC2)C1,7.21,0.0,1
CHEMBL2971,O=C(NCC(F)(F)F)[C@H]1CC[C@H](c2nnn3cnc4[nH]ccc4c23)CC1,7.58,0.0,1
CHEMBL2971,O=C(NCC(F)(F)F)c1ccc(-c2cccc3nc(NC(=O)C4CC4)nn23)cc1,6.67,0.0,1
CHEMBL2971,O=C(NCC(F)(F)F)c1cnn2ccc(N3CCCC3c3cncc(F)c3)nc12,8.3,0.0,1
CHEMBL2971,O=C(NCC(F)CCl)c1cnn2ccc(N3CCC[C@@H]3c3cncc(F)c3)nc12,8.21,0.0,1
CHEMBL2971,O=C(NCC(F)F)c1cnn2ccc(N3CCCC3c3cncc(F)c3)nc12,8.13,0.0,1
CHEMBL2971,O=C(NCC(O)(c1ccc(F)cc1)C(F)(F)F)[C@H]1CC[C@H](c2nnn3cnc4[nH]ccc4c23)CC1,6.96,0.0,1
CHEMBL2971,O=C(NCC(O)(c1ccccc1)C(F)(F)F)[C@H]1CC[C@H](c2nnn3cnc4[nH]ccc4c23)CC1,7.22,0.0,1
CHEMBL2971,O=C(NCC1CC1)c1cnn2ccc(N3CCCC3c3cncc(F)c3)nc12,8.11,0.0,1
CHEMBL2971,O=C(NCCCc1ccccc1)c1ccc(-c2cccc3nc(NC(=O)C4CC4)nn23)cc1,6.52,0.0,1
CHEMBL2971,O=C(NCCN1CCC(O)CC1)c1cnn2ccc(N3CCC[C@@H]3c3cc(F)ccc3F)nc12,7.94,0.0,1
CHEMBL2971,O=C(NCCN1CCNC1=O)c1cnn2ccc(N3CCC[C@@H]3c3cc(F)ccc3F)nc12,8.44,0.0,1
CHEMBL2971,O=C(NCCN1CCOCC1)c1cnn2ccc(N3CCC[C@@H]3c3cc(F)ccc3CO)nc12,8.65,0.0,1
CHEMBL2971,O=C(NCCN1CCOCC1)c1cnn2ccc(N3CCC[C@@H]3c3cc(F)ccc3F)nc12,9.02,0.0,1
CHEMBL2971,O=C(NCCO)[C@H]1CC[C@H](c2nnn3cnc4[nH]ccc4c23)CC1,7.0,0.0,1
CHEMBL2971,O=C(NCCO)c1cnn2ccc(N3CCCC3c3cc(F)ccc3F)nc12,8.96,0.0,1
CHEMBL2971,O=C(NCCO)c1cnn2ccc(N3CCCC3c3cncc(F)c3)nc12,7.51,0.0,1
CHEMBL2971,O=C(NCCc1ccc(Cl)cc1)[C@H]1CC[C@H](c2nnn3cnc4[nH]ccc4c23)CC1,7.54,0.0,1
CHEMBL2971,O=C(NCCc1ccc(F)cc1)[C@H]1CC[C@H](c2nnn3cnc4[nH]ccc4c23)CC1,7.48,0.0,1
CHEMBL2971,O=C(NCCc1ccccc1)c1ccc(-c2cccc3nc(NC(=O)C4CC4)nn23)c(F)c1,6.52,0.0,1
CHEMBL2971,O=C(NCCc1cnc[nH]1)c1cnn2ccc(N3CCC[C@@H]3c3cc(F)ccc3F)nc12,9.4,0.0,1
CHEMBL2971,O=C(NCCn1ccnc1)c1cnn2ccc(N3CCC[C@@H]3c3cc(F)ccc3F)nc12,8.55,0.0,1
CHEMBL2971,O=C(NCS(=O)(=O)c1ccccc1)[C@H]1CC[C@H](c2nnn3cnc4[nH]ccc4c23)CC1,7.96,0.0,1
CHEMBL2971,O=C(NC[C@@H](O)CO)c1cnn2ccc(N3CCC[C@@H]3c3cc(F)ccc3C(F)(F)F)nc12,8.34,0.0,1
CHEMBL2971,O=C(NC[C@@H](O)CO)c1cnn2ccc(N3CCC[C@@H]3c3cc(F)ccc3CO)nc12,8.62,0.0,1
CHEMBL2971,O=C(NC[C@@H](O)CO)c1cnn2ccc(N3CCC[C@@H]3c3cc(F)ccc3F)nc12,8.89,0.0,1
CHEMBL2971,O=C(NC[C@@H](O)c1ccccc1)[C@H]1CC[C@H](c2nnn3cnc4[nH]ccc4c23)CC1,7.51,0.0,1
CHEMBL2971,O=C(NC[C@H](O)CO)c1cnn2ccc(N3CCC[C@@H]3c3cc(F)ccc3C(F)(F)F)nc12,8.6,0.0,1
CHEMBL2971,O=C(NC[C@H](O)CO)c1cnn2ccc(N3CCC[C@@H]3c3cc(F)ccc3CO)nc12,9.0,0.0,1
CHEMBL2971,O=C(NC[C@H](O)CO)c1cnn2ccc(N3CCC[C@@H]3c3cc(F)ccc3F)nc12,8.89,0.0,1
CHEMBL2971,O=C(NCc1ccc(-c2cccc3nc(NC(=O)C4CC4)nn23)cc1)C1CC1,6.52,0.0,1
CHEMBL2971,O=C(NCc1ccc(-c2cccc3nc(NC(=O)C4CC4)nn23)cc1)C1CCC1,6.52,0.0,1
CHEMBL2971,O=C(NCc1ccc(F)cc1)[C@H]1CC[C@H](c2nnn3cnc4[nH]ccc4c23)CC1,7.26,0.0,1
CHEMBL2971,O=C(NCc1cccc(F)c1)c1ccc(-c2cccc3nc(NC(=O)C4CC4)nn23)cc1,6.52,0.0,1
CHEMBL2971,O=C(NCc1ccccc1)c1ccc(-c2cccc3nc(NC(=O)C4CC4)nn23)cc1,6.52,0.0,1
CHEMBL2971,O=C(NCc1ccco1)c1ccc(-c2ccnc(Nc3ccc(N4CCOCC4)cc3)n2)cc1,6.7,0.0,1
CHEMBL2971,O=C(NCc1ncccn1)c1cccc([C@@H]2C[C@H]2C(=O)Nc2ccc3cncc(C(F)(F)F)c3c2)c1,8.13,0.0,1
CHEMBL2971,O=C(NCc1ncccn1)c1csc(C2C[C@H]2C(=O)Nc2ccc3cncc(Cl)c3c2)c1,8.7,0.0,1
CHEMBL2971,O=C(NO)C1CCN(CCOc2ccc3cc2COC/C=C/COCc2cccc(c2)-c2ccnc(n2)N3)CC1,9.01,0.0,1
CHEMBL2971,O=C(NO)c1ccc(-c2ccnc(Nc3ccc(N4CCOCC4)cc3)n2)cc1,7.07,0.0,1
CHEMBL2971,O=C(NO)c1ccc(Cn2cc(Nc3ncc(Cl)c(Nc4ccc(F)cc4)n3)cn2)cc1,7.68,0.0,1
CHEMBL2971,O=C(NO)c1ccc(Cn2cnc3c(Nc4ccc(F)c(Cl)c4)ncnc32)cc1,4.46,0.0,1
CHEMBL2971,O=C(NO)c1ccc(NCCOc2ccc3cc2COC/C=C/COCc2cccc(c2)-c2ccnc(n2)N3)cc1,8.77,0.0,1
CHEMBL2971,O=C(NO)c1ccc(OCCOc2ccc3cc2COC/C=C/COCc2cccc(c2)-c2ccnc(n2)N3)cc1,8.9,0.0,1
CHEMBL2971,O=C(NO)c1cccc(NCCOc2ccc3cc2COC/C=C/COCc2cccc(c2)-c2ccnc(n2)N3)c1,8.05,0.0,1
CHEMBL2971,O=C(NOCC1CC1)c1cnn2ccc(N3CCC[C@@H]3c3cc(F)ccc3F)nc12,9.24,0.0,1
CHEMBL2971,O=C(NOCCO)c1cnn2ccc(N3CCC[C@@H]3c3cc(F)cnc3Cl)nc12,7.28,0.0,1
CHEMBL2971,O=C(NOC[C@@H](O)CO)c1cnn2ccc(N3CCC[C@@H]3c3cc(F)ccc3F)nc12,8.21,0.0,1
CHEMBL2971,O=C(N[C@@H]1C2CC[C@@H](C2)[C@@H]1CO)c1cnn2ccc(N3CCC[C@@H]3c3cncc(F)c3)nc12,7.46,0.0,1
CHEMBL2971,O=C(N[C@@H]1CCCC[C@H]1O)c1cnn2ccc(N3CCC[C@@H]3c3cncc(F)c3)nc12,7.58,0.0,1
CHEMBL2971,O=C(N[C@@H]1CCC[C@@H]1O)c1cnn2ccc(N3CCCC3c3cncc(F)c3)nc12,6.85,0.0,1
CHEMBL2971,O=C(N[C@@H]1CCC[C@H]1O)c1cnn2ccc(N3CCCC3c3cncc(F)c3)nc12,7.8,0.0,1
CHEMBL2971,O=C(N[C@@H]1CCN(C[C@H]2CC[C@H](c3nnn4cnc5[nH]ccc5c34)CC2)C1)C(F)(F)F,7.24,0.0,1
CHEMBL2971,O=C(N[C@@H]1CCNC[C@@H]1F)c1cnn2ccc(N3CCC[C@@H]3c3cc(F)ccc3F)nc12,7.4350000000000005,1.8031222920256966,2
CHEMBL2971,O=C(N[C@@]12CC1CN(c1nc(Nc3cnn(CCO)c3)ncc1Cl)C2)C1CC1,6.75,0.0,1
CHEMBL2971,O=C(N[C@@]12C[C@@H]1CN(c1nc(Nc3cnn(CCO)c3)ncc1F)C2)C1CC1,5.25,0.0,1
CHEMBL2971,O=C(N[C@H]1CC2CCC1C2)c1cnn2ccc(N3CCC[C@@H]3c3cc(F)ccc3F)nc12,8.015,1.70412734265958,2
CHEMBL2971,O=C(N[C@H]1CCC[C@@H]1O)c1cnn2ccc(N3CCCC3c3cncc(F)c3)nc12,7.06,0.0,1
CHEMBL2971,O=C(N[C@H]1CCC[C@H]1O)c1cnn2ccc(N3CCCC3c3cncc(F)c3)nc12,7.08,0.0,1
CHEMBL2971,O=C(N[C@H]1CCN(C[C@H]2CC[C@H](c3nnn4cnc5[nH]ccc5c34)CC2)C1)C(F)(F)F,6.68,0.0,1
CHEMBL2971,O=C(N[C@H]1CCN(Cc2ccccc2)C1)c1ccc(-c2cccc3nc(NC(=O)C4CC4)nn23)cc1,6.52,0.0,1
CHEMBL2971,O=C(N[C@H]1CC[C@H](C(=O)O)CC1)c1cnn2ccc(N3CCC[C@@H]3c3cc(F)ccc3F)nc12,8.225,0.8414570696119921,2
CHEMBL2971,O=C(N[C@H]1CC[C@H](O)C1)c1cnn2ccc(N3CCCC3c3cncc(F)c3)nc12,7.59,0.0,1
CHEMBL2971,O=C(N[C@H]1CC[C@H](O)C1)c1cnn2ccc(N3CCC[C@@H]3c3cc(F)ccc3F)nc12,7.585000000000001,2.0718228688765845,2
CHEMBL2971,O=C(N[C@H]1CC[C@H](O)CC1)c1cnn2ccc(N3CCC[C@@H]3c3cc(F)ccc3CO)nc12,8.165000000000001,1.1242997820866107,2
CHEMBL2971,O=C(N[C@H]1CC[C@H](O)CC1)c1cnn2ccc(N3CCC[C@@H]3c3cc(F)ccc3F)nc12,8.16,1.6829141392239826,2
CHEMBL2971,O=C(N[C@H]1CC[C@H](O)CC1)c1cnn2ccc(N3CCC[C@@H]3c3cccc(F)c3)nc12,7.74,1.668772003600252,2
CHEMBL2971,O=C(N[C@H]1CC[C@H](c2nnn3cnc4[nH]ccc4c23)CC1)OCc1ccccc1,6.91,0.8343860018001259,2
CHEMBL2971,O=C(N[C@]12CC1CN(c1nc(Nc3cnn(CCO)c3)ncc1Cl)C2)C1CC1,5.83,0.0,1
CHEMBL2971,O=C(Nc1c[nH]nc1-c1nc(-c2ccc(CN3CCCCC3)cc2)c[nH]1)c1cccc(Cl)c1,7.8,0.0,1
CHEMBL2971,O=C(Nc1c[nH]nc1-c1nc(-c2ccc(CN3CCOCC3)cc2)c[nH]1)c1ccc(Cl)cc1,7.03,0.0,1
CHEMBL2971,O=C(Nc1c[nH]nc1-c1nc(-c2ccc(CN3CCOCC3)cc2)c[nH]1)c1ccc([N+](=O)[O-])cc1,5.93,0.0,1
CHEMBL2971,O=C(Nc1c[nH]nc1-c1nc(-c2ccc(CN3CCOCC3)cc2)c[nH]1)c1cccc(Cl)c1,6.78,0.0,1
CHEMBL2971,O=C(Nc1c[nH]nc1-c1nc2ccc(CN3CCOCC3)cc2[nH]1)NC1CC1,7.8,1.324046826966479,7
CHEMBL2971,O=C(Nc1cc2c(Cl)cncc2s1)[C@@H]1C[C@H]1c1ccc(S(=O)(=O)Nc2ccc(F)cn2)cc1,7.92,0.0,1
CHEMBL2971,O=C(Nc1ccc(-c2cccc3nc(NC(=O)C4CC4)nn23)cc1)c1ccc(C(F)(F)F)cc1,6.52,0.0,1
CHEMBL2971,O=C(Nc1ccc(-c2cccc3nc(NC(=O)C4CC4)nn23)cc1)c1ccccc1,6.52,0.0,1
CHEMBL2971,O=C(Nc1ccc(-c2ccnc(Nc3ccc(N4CCOCC4)cc3)n2)cc1)[C@H]1CCCN1,8.66,0.0,1
CHEMBL2971,O=C(Nc1ccc(-c2ccnc(Nc3ccc(N4CCOCC4)cc3)n2)cc1)[C@H]1CCNC1,8.24,0.0,1
CHEMBL2971,O=C(Nc1ccc(CNc2cc(Nc3ccc(N4CCOCC4)cc3)ncn2)cc1)C(F)(F)F,6.55,0.0,1
CHEMBL2971,O=C(Nc1ccc(F)cn1)c1cnn2ccc(N3CCC[C@@H]3c3cncc(F)c3)nc12,8.27,0.0,1
CHEMBL2971,O=C(Nc1ccc(N2CCOCC2)nc1)c1ccc(-c2cccc3nc(NC(=O)C4CC4)nn23)cc1,6.52,0.0,1
CHEMBL2971,O=C(Nc1ccc([N+](=O)[O-])cc1Cl)c1cc(Cl)ccc1O,5.0,0.0,1
CHEMBL2971,O=C(Nc1ccc2[nH]ncc2c1)c1c(Cl)cccc1-n1cnnn1,6.09,0.0,1
CHEMBL2971,O=C(Nc1ccc2[nH]ncc2c1)c1cccc(-n2cnnn2)c1,6.14,0.0,1
CHEMBL2971,O=C(Nc1ccc2[nH]ncc2c1)c1cccc(Cn2cnnn2)c1,4.82,0.0,1
CHEMBL2971,O=C(Nc1ccc2[nH]ncc2c1)c1ccccc1,4.86,0.0,1
CHEMBL2971,O=C(Nc1ccc2[nH]ncc2c1)c1ccccc1-n1cnnn1,5.62,0.0,1
CHEMBL2971,O=C(Nc1ccc2[nH]ncc2c1)c1ccccc1Cl,6.34,0.0,1
CHEMBL2971,O=C(Nc1ccc2[nH]ncc2c1)c1ccccc1Cn1cnnn1,5.45,0.0,1
CHEMBL2971,O=C(Nc1ccc2cncc(C(F)(F)F)c2c1)[C@@H]1CC1c1ccc(S(=O)(=O)NC[C@@H]2CCCNC2)cc1,7.52,0.0,1
CHEMBL2971,O=C(Nc1ccc2cncc(C(F)(F)F)c2c1)[C@@H]1CC1c1ccc(S(=O)(=O)Nc2ccccn2)cc1,9.05,0.0,1
CHEMBL2971,O=C(Nc1ccc2cncc(C(F)(F)F)c2c1)[C@@H]1CC1c1ccc(S(=O)(=O)Nc2ncccn2)cc1,9.0,0.0,1
CHEMBL2971,O=C(Nc1ccc2cncc(C(F)(F)F)c2c1)[C@@H]1C[C@H]1c1ccc(S(=O)(=O)Nc2nccs2)cc1,8.7,0.0,1
CHEMBL2971,O=C(Nc1ccc2cncc(C3CC3)c2c1)[C@@H]1C[C@H]1c1ccc(S(=O)(=O)Nc2ccccn2)cc1,8.86,0.2262741699796954,2
CHEMBL2971,O=C(Nc1ccc2cncc(CC(F)(F)F)c2c1)[C@@H]1CC1c1ccc(S(=O)(=O)Nc2ccccn2)cc1,8.23,0.0,1
CHEMBL2971,O=C(Nc1ccc2cncc(Cl)c2c1)[C@@H]1CC1c1ccc(S(=O)(=O)NCC2CCCCN2)cc1,6.97,0.0,1
CHEMBL2971,O=C(Nc1ccc2cncc(Cl)c2c1)[C@@H]1CC1c1ccc(S(=O)(=O)NC[C@@H]2CCCNC2)cc1,8.094999999999999,0.37476659402887036,2
CHEMBL2971,O=C(Nc1ccc2cncc(Cl)c2c1)[C@@H]1CC1c1ccc(S(=O)(=O)Nc2ccc(F)cn2)cc1,8.85,0.21213203435596475,2
CHEMBL2971,O=C(Nc1ccc2cncc(Cl)c2c1)[C@@H]1CC1c1ccc(S(=O)(=O)Nc2ccccn2)cc1,9.075,0.10606601717798175,2
CHEMBL2971,O=C(Nc1ccc2cncc(Cl)c2c1)[C@@H]1CC1c1ccc(S(=O)(=O)Nc2cccnc2)cc1,8.835,0.021213203435595344,2
CHEMBL2971,O=C(Nc1ccc2cncc(Cl)c2c1)[C@@H]1CC1c1ccc(S(=O)(=O)Nc2ncccn2)cc1,8.985,0.2333452377915601,2
CHEMBL2971,O=C(Nc1ccc2cncc(Cl)c2c1)[C@@H]1C[C@H]1c1ccc(S(=O)(=O)NC2CCNCC2(F)F)cc1,7.93,0.0,1
CHEMBL2971,O=C(Nc1ccc2cncc(Cl)c2c1)[C@@H]1C[C@H]1c1ccc(S(=O)(=O)Nc2ncc(C3CCNCC3)cn2)cc1,8.935,0.16263455967290624,2
CHEMBL2971,O=C(Nc1ccc2cncc(F)c2c1)[C@@H]1CC1c1ccc(S(=O)(=O)Nc2ccccn2)cc1,8.91,0.12727922061357835,2
CHEMBL2971,O=C(Nc1ccc2cnccc2c1)[C@@H]1CC1c1cc(F)ccc1S(=O)(=O)Nc1ccccn1,5.3,0.0,1
CHEMBL2971,O=C(Nc1ccc2cnccc2c1)[C@@H]1CC1c1ccc(S(=O)(=O)N2CCNCC2)cc1,6.19,0.0,1
CHEMBL2971,O=C(Nc1ccc2cnccc2c1)[C@@H]1CC1c1ccc(S(=O)(=O)NC2CCNCC2)cc1,7.23,0.0,1
CHEMBL2971,O=C(Nc1ccc2cnccc2c1)[C@@H]1CC1c1ccc(S(=O)(=O)NCC2CCNCC2)cc1,7.14,0.0,1
CHEMBL2971,O=C(Nc1ccc2cnccc2c1)[C@@H]1CC1c1ccc(S(=O)(=O)NC[C@@H]2CCCNC2)cc1,7.36,0.0,1
CHEMBL2971,O=C(Nc1ccc2cnccc2c1)[C@@H]1CC1c1ccc(S(=O)(=O)NC[C@H]2CCCNC2)cc1,7.19,0.0,1
CHEMBL2971,O=C(Nc1ccc2cnccc2c1)[C@@H]1CC1c1ccc(S(=O)(=O)NCc2cccnc2)cc1,6.05,0.0,1
CHEMBL2971,O=C(Nc1ccc2cnccc2c1)[C@@H]1CC1c1ccc(S(=O)(=O)Nc2ccccc2)cc1,7.77,0.0,1
CHEMBL2971,O=C(Nc1ccc2cnccc2c1)[C@@H]1CC1c1ccc(S(=O)(=O)Nc2ccccn2)c(F)c1,8.6,0.0,1
CHEMBL2971,O=C(Nc1ccc2cnccc2c1)[C@@H]1CC1c1ccc(S(=O)(=O)Nc2ccccn2)cc1,8.96,0.3676955262170063,2
CHEMBL2971,O=C(Nc1ccc2cnccc2c1)[C@@H]1CC1c1ccc(S(=O)(=O)Nc2cccnc2)cc1,7.92,0.0,1
CHEMBL2971,O=C(Nc1ccc2cnccc2c1)[C@@H]1CC1c1ccc(S(=O)(=O)Nc2cccnn2)cc1,8.03,0.0,1
CHEMBL2971,O=C(Nc1ccc2cnccc2c1)[C@@H]1CC1c1ccc(S(=O)(=O)Nc2ncccn2)cc1,8.7,0.0,1
CHEMBL2971,O=C(Nc1ccc2cnccc2c1F)[C@@H]1CC1c1ccc(S(=O)(=O)Nc2ccccn2)cc1,7.68,0.0,1
CHEMBL2971,O=C(Nc1ccc2cnccc2c1F)[C@@H]1CC1c1ccc(S(=O)(=O)Nc2cccnc2)cc1,6.77,0.0,1
CHEMBL2971,O=C(Nc1cccc(-c2cnc3ccccc3n2)c1)C1CC1,4.6,0.0,1
CHEMBL2971,O=C(Nc1cccc(-c2cnc3ccccc3n2)c1)c1ccco1,4.61,0.0,1
CHEMBL2971,O=C(Nc1cccc(C(F)(F)F)c1)N1CCC(c2nnn3cnc4[nH]ccc4c23)CC1,6.6,0.0,1
CHEMBL2971,O=C(Nc1cccc(CNc2cc(Nc3ccc(N4CCOCC4)cc3)ncn2)c1)C(F)(F)F,6.44,0.0,1
CHEMBL2971,O=C(Nc1ccccn1)c1cnn2ccc(N3CCC[C@@H]3c3cc(F)ccc3F)nc12,9.15,0.0,1
CHEMBL2971,O=C(Nc1cccnc1)c1ccc(-c2cccc3nc(NC(=O)C4CC4)nn23)cc1,6.52,0.0,1
CHEMBL2971,O=C(Nc1cccnn1)c1ccc(C2C[C@H]2C(=O)Nc2ccc3cnccc3c2)cc1,7.16,0.0,1
CHEMBL2971,O=C(Nc1ccncc1)c1ccc(-c2cccc3nc(NC(=O)C4CC4)nn23)cc1,6.52,0.0,1
CHEMBL2971,O=C(Nc1cnc2[nH]ccc2n1)NC1CCCCC1,7.33,0.0,1
CHEMBL2971,O=C(Nc1cnc2[nH]ccc2n1)NC1CCCN(CC(F)(F)F)C1,8.15,0.0,1
CHEMBL2971,O=C(Nc1cnccc1-c1ccc(F)cc1)c1ccnc(Nc2ccc(F)cc2)n1,4.85,0.0,1
CHEMBL2971,O=C(Nc1n[nH]c2cc(C(=O)N[C@H](CN3CCCC3)c3ccccc3)sc12)c1ccc(N2CCOCC2)cc1,5.76,0.0,1
CHEMBL2971,O=C(Nc1nc2cccc(-c3ccc(-c4ccccc4)cc3)n2n1)C1CC1,6.52,0.0,1
CHEMBL2971,O=C(Nc1nc2cccc(-c3ccc(-c4cccnc4)cc3)n2n1)C1CC1,6.52,0.0,1
CHEMBL2971,O=C(Nc1nc2cccc(-c3ccc(-c4cccs4)cc3)n2n1)C1CC1,6.12,0.0,1
CHEMBL2971,O=C(Nc1nc2cccc(-c3ccc(C(=O)N4CC(F)(F)C4)cc3)n2n1)C1CC1,6.86,0.0,1
CHEMBL2971,O=C(Nc1nc2cccc(-c3ccc(C(=O)N4CCC(C(=O)c5ccccc5)CC4)cc3)n2n1)C1CC1,6.52,0.0,1
CHEMBL2971,O=C(Nc1nc2cccc(-c3ccc(C(=O)N4CCC(COc5cccnc5)CC4)cc3)n2n1)C1CC1,6.52,0.0,1
CHEMBL2971,O=C(Nc1nc2cccc(-c3ccc(C(=O)N4CCC(F)(F)CC4)cc3)n2n1)C1CC1,6.4,0.0,1
CHEMBL2971,O=C(Nc1nc2cccc(-c3ccc(C(=O)N4CCC(O)(c5ccccc5)CC4)cc3)n2n1)C1CC1,6.12,0.0,1
CHEMBL2971,O=C(Nc1nc2cccc(-c3ccc(C(=O)N4CCC(O)CC4)cc3)n2n1)C1CC1,6.52,0.0,1
CHEMBL2971,O=C(Nc1nc2cccc(-c3ccc(C(=O)N4CCCC(CO)C4)cc3)n2n1)C1CC1,6.52,0.0,1
CHEMBL2971,O=C(Nc1nc2cccc(-c3ccc(C(=O)N4CCCC(O)C4)cc3)n2n1)C1CC1,6.52,0.0,1
CHEMBL2971,O=C(Nc1nc2cccc(-c3ccc(C(=O)N4CCCC4)cc3)n2n1)C1CC1,6.52,0.0,1
CHEMBL2971,O=C(Nc1nc2cccc(-c3ccc(C(=O)N4CCCCC4)cc3)n2n1)C1CC1,6.52,0.0,1
CHEMBL2971,O=C(Nc1nc2cccc(-c3ccc(C(=O)N4CCCN(Cc5ccccc5)CC4)cc3)n2n1)C1CC1,6.52,0.0,1
CHEMBL2971,O=C(Nc1nc2cccc(-c3ccc(C(=O)N4CCOCC4)cc3)n2n1)C1CC1,6.52,0.0,1
CHEMBL2971,O=C(Nc1nc2cccc(-c3ccc(C(=O)N4CCS(=O)(=O)CC4)cc3)n2n1)C1CC1,7.18,0.0,1
CHEMBL2971,O=C(Nc1nc2cccc(-c3ccc(C(=O)N4CCc5ccccc5C4)cc3)n2n1)C1CC1,6.52,0.0,1
CHEMBL2971,O=C(Nc1nc2cccc(-c3ccc(C(=O)N4C[C@@H]5C[C@H]4CO5)cc3)n2n1)C1CC1,6.12,0.0,1
CHEMBL2971,O=C(Nc1nc2cccc(-c3ccc(CC(=O)N4CCC(C(F)(F)F)CC4)cc3)n2n1)C1CC1,6.52,0.0,1
CHEMBL2971,O=C(Nc1nc2cccc(-c3ccc(CC(=O)N4CCC4)cc3)n2n1)C1CC1,6.52,0.0,1
CHEMBL2971,O=C(Nc1nc2cccc(-c3ccc(CC(=O)N4CCCCC4)cc3)n2n1)C1CC1,6.52,0.0,1
CHEMBL2971,O=C(Nc1nc2cccc(-c3ccc(CC(=O)N4CCS(=O)(=O)CC4)cc3)n2n1)C1CC1,6.52,0.0,1
CHEMBL2971,O=C(Nc1nc2cccc(-c3ccc(CN4CC(F)(F)C4)cc3)n2n1)C1CC1,6.52,0.0,1
CHEMBL2971,O=C(Nc1nc2cccc(-c3ccc(CN4CCC(CO)CC4)cc3)n2n1)C1CC1,6.12,0.0,1
CHEMBL2971,O=C(Nc1nc2cccc(-c3ccc(CN4CCC(F)(F)C4)cc3)n2n1)C1CC1,6.52,0.0,1
CHEMBL2971,O=C(Nc1nc2cccc(-c3ccc(CN4CCC(F)(F)CC4)cc3)n2n1)C1CC1,7.81,0.0,1
CHEMBL2971,O=C(Nc1nc2cccc(-c3ccc(CN4CCC(O)CC4)cc3)n2n1)C1CC1,6.12,0.0,1
CHEMBL2971,O=C(Nc1nc2cccc(-c3ccc(CN4CCCC(O)C4)cc3)n2n1)C1CC1,6.52,0.0,1
CHEMBL2971,O=C(Nc1nc2cccc(-c3ccc(CN4CCCC4)cc3)n2n1)C1CC1,6.52,0.0,1
CHEMBL2971,O=C(Nc1nc2cccc(-c3ccc(CN4CCCCC4)cc3)n2n1)C1CC1,5.19,0.0,1
CHEMBL2971,O=C(Nc1nc2cccc(-c3ccc(CN4CCN(CC(F)(F)F)CC4)cc3)n2n1)C1CC1,6.52,0.0,1
CHEMBL2971,O=C(Nc1nc2cccc(-c3ccc(CN4CCOC(c5ccccc5)C4)cc3)n2n1)C1CC1,6.52,0.0,1
CHEMBL2971,O=C(Nc1nc2cccc(-c3ccc(CN4CCOCC4)cc3)n2n1)C1CC1,6.986666666666667,0.36936883102575574,3
CHEMBL2971,O=C(Nc1nc2cccc(-c3ccc(CN4CCOCC4=O)cc3)n2n1)C1CC1,6.12,0.0,1
CHEMBL2971,O=C(Nc1nc2cccc(-c3ccc(CN4CCS(=O)(=O)CC4)cc3)n2n1)C1CC1,6.795384615384616,0.8238488472267974,13
CHEMBL2971,O=C(Nc1nc2cccc(-c3ccc(CN4C[C@@H]5C[C@H]4CO5)cc3)n2n1)C1CC1,6.52,0.0,1
CHEMBL2971,O=C(Nc1nc2cccc(-c3ccc(CNC4CC4)cc3)n2n1)C1CC1,6.52,0.0,1
CHEMBL2971,O=C(Nc1nc2cccc(-c3ccc(CNc4ccc(N5CCOCC5)nc4)cc3)n2n1)C1CC1,6.12,0.0,1
CHEMBL2971,O=C(Nc1nc2cccc(-c3ccc(CNc4ccccc4)cc3)n2n1)C1CC1,6.52,0.0,1
CHEMBL2971,O=C(Nc1nc2cccc(-c3ccc(CNc4cccnc4)cc3)n2n1)C1CC1,6.12,0.0,1
CHEMBL2971,O=C(Nc1nc2cccc(-c3ccc(CNc4cccnn4)cc3)n2n1)C1CC1,6.52,0.0,1
CHEMBL2971,O=C(Nc1nc2cccc(-c3ccc(N4CCOCC4)cc3)n2n1)C1CC1,5.75,0.0,1
CHEMBL2971,O=C(Nc1nc2cccc(-c3ccc(NCc4ccccc4)nc3)n2n1)C1CC1,6.52,0.0,1
CHEMBL2971,O=C(Nc1nc2cccc(-c3ccc(NS(=O)(=O)CCc4cccc(F)c4)cc3)n2n1)C1CC1,6.52,0.0,1
CHEMBL2971,O=C(Nc1nc2cccc(-c3ccc(NS(=O)(=O)Cc4ccccc4)cc3)n2n1)C1CC1,6.52,0.0,1
CHEMBL2971,O=C(Nc1nc2cccc(-c3ccc(OCC4CCCCC4)cc3)n2n1)C1CC1,6.52,0.0,1
CHEMBL2971,O=C(Nc1nc2cccc(-c3ccc(OCCOc4ccc(F)cc4)cc3)n2n1)C1CC1,6.52,0.0,1
CHEMBL2971,O=C(Nc1nc2cccc(-c3ccc(OCCn4cccn4)cc3)n2n1)C1CC1,6.52,0.0,1
CHEMBL2971,O=C(Nc1nc2cccc(-c3ccc(OCc4ccc[n+]([O-])c4)cc3)n2n1)C1CC1,6.52,0.0,1
CHEMBL2971,O=C(Nc1nc2cccc(-c3ccc(Oc4ccccc4)cc3)n2n1)C1CC1,6.52,0.0,1
CHEMBL2971,O=C(Nc1nc2cccc(-c3cccc(OCc4ccccc4)c3)n2n1)C1CC1,6.12,0.0,1
CHEMBL2971,O=C(Nc1nc2cccc(C3=CCC(NC(=O)C4(F)CC4)CC3)n2n1)C1CC1,6.17,0.0,1
CHEMBL2971,O=C(Nc1nc2cccc(C3=CCC(NC(=O)C4CC4(F)F)CC3)n2n1)C1CC1,6.62,0.0,1
CHEMBL2971,O=C(Nc1nc2cccc(C3=CCC(NC(=O)C4CC4)CC3)n2n1)C1CC1,6.115,0.3747665940288701,2
CHEMBL2971,O=C(Nc1nc2cccc(C3=CCN(C(=O)C4(C(F)(F)F)CC4)CC3)n2n1)C1CC1,6.5,0.0,1
CHEMBL2971,O=C(Nc1nc2cccc(C3=CCN(C(=O)C4(F)CC4)C3)n2n1)C1CC1,5.95,0.0,1
CHEMBL2971,O=C(Nc1nc2cccc(C3=CCN(C(=O)C4(F)CC4F)C3)n2n1)C1CC1,5.88,0.0,1
CHEMBL2971,O=C(Nc1nc2cccc(C3=CCN(C(=O)C4CC4(F)F)C3)n2n1)C1CC1,6.68,0.0,1
CHEMBL2971,O=C(Nc1nc2cccc(C3=CCN(C(=O)C4CC4(F)F)CC3)n2n1)C1CC1,6.72,0.0,1
CHEMBL2971,O=C(Nc1nc2cccc(C3=CCN(C(=O)C4CC4)CC3)n2n1)C1CC1,6.38,0.0,1
CHEMBL2971,O=C(Nc1nc2cccc(C3=CCN(C(=O)NCC(F)(F)F)CC3)n2n1)C1CC1,6.46,0.0,1
CHEMBL2971,O=C(Nc1nc2cccc(C3=CC[C@@H](NC(=O)C4CC4F)CC3)n2n1)C1CC1,6.35,0.0,1
CHEMBL2971,O=C(Nc1nc2cccc(C3=CC[C@@H](NC(=O)[C@@H]4CC4(F)F)CC3)n2n1)C1CC1,6.85,0.0,1
CHEMBL2971,O=C(Nc1nc2cccc(C3=CC[C@H](NC(=O)C4CC4F)CC3)n2n1)C1CC1,5.77,0.0,1
CHEMBL2971,O=C(Nc1nc2cccc(C3=CC[C@H](NC(=O)[C@@H]4CC4(F)F)CC3)n2n1)C1CC1,6.85,0.0,1
CHEMBL2971,O=C(Nc1nc2cccc(C3=CC[C@H](NC(=O)[C@H]4CC4(F)F)CC3)n2n1)C1CC1,6.9,0.0,1
CHEMBL2971,O=C(Nc1nc2cccc(C3CCC(CNC4=C(F)C=CC(C(F)(F)F)C4)CC3)n2n1)C1CC1,6.52,0.0,1
CHEMBL2971,O=C(Nc1nc2cccc(C3CCC(NC(=O)C4(F)CC4)CC3)n2n1)C1CC1,6.165,0.38890872965260165,2
CHEMBL2971,O=C(Nc1nc2cccc(C3CCC(NC(=O)C4CC4(F)F)CC3)n2n1)C1CC1,7.64,0.0,1
CHEMBL2971,O=C(Nc1nc2cccc(C3CCC(NC(=O)[C@@H]4CC4(F)F)CC3)n2n1)C1CC1,5.655,0.5868986283848344,2
CHEMBL2971,O=C(Nc1nc2cccc(C3CCC(NC(=O)[C@H]4CC4(F)F)CC3)n2n1)C1CC1,6.545,1.5768481220460013,2
CHEMBL2971,O=C(Nc1nc2cccc(C3CCC4(CC3)CCN(C(=O)CC(F)(F)F)C4)n2n1)C1CC1,5.56,0.0,1
CHEMBL2971,O=C(Nc1nc2cccc(C3CCC4(CC3)CCN(C(=O)CC(F)(F)F)CC4)n2n1)C1CC1,6.53,0.0,1
CHEMBL2971,O=C(Nc1nc2cccc(C3CCC4(CC3)CCN(C(=O)[C@@H]3CC3(F)F)C4)n2n1)C1CC1,6.49,0.0,1
CHEMBL2971,O=C(Nc1nc2cccc(C3CCC4(CC3)CCN(C(=O)[C@@H]3CC3(F)F)CC4)n2n1)C1CC1,7.4,0.0,1
CHEMBL2971,O=C(Nc1nc2cccc(C3CCC4(CC3)CCN(C(=O)[C@H]3CC3(F)F)C4)n2n1)C1CC1,6.1,0.0,1
CHEMBL2971,O=C(Nc1nc2cccc(C3CCC4(CC3)CN(C(=O)C3(F)CC3)C4)n2n1)C1CC1,6.5,0.0,1
CHEMBL2971,O=C(Nc1nc2cccc(C3CCC4(CC3)CN(C(=O)C3CC3(F)F)C4)n2n1)C1CC1,7.22,0.0,1
CHEMBL2971,O=C(Nc1nc2cccc(C3CCC4(CC3)CN(C(=O)CC(F)(F)F)C4)n2n1)C1CC1,6.37,0.0,1
CHEMBL2971,O=C(Nc1nc2cccc(C3CCC4(CC3)CN(C(=O)CC(F)F)C4)n2n1)C1CC1,6.84,0.0,1
CHEMBL2971,O=C(Nc1nc2cccc(C3CCC4(CC3)CN(C(=O)[C@@H]3CC3(F)F)C4)n2n1)C1CC1,7.43,0.0,1
CHEMBL2971,O=C(Nc1nc2cccc(C3CCC4(CC3)CN(C(=O)[C@H]3CC3(F)F)C4)n2n1)C1CC1,6.28,0.0,1
CHEMBL2971,O=C(Nc1nc2cccc([C@@H]3CCC4(C3)CN(C(=O)[C@@H]3CC3(F)F)C4)n2n1)C1CC1,5.64,0.0,1
CHEMBL2971,O=C(Nc1nc2cccc([C@@H]3CCC4(CCN(C(=O)[C@@H]5CC5(F)F)CC4)C3)n2n1)C1CC1,5.72,0.0,1
CHEMBL2971,O=C(Nc1nc2cccc([C@H]3CCC4(C3)CN(C(=O)[C@@H]3CC3(F)F)C4)n2n1)C1CC1,5.79,0.0,1
CHEMBL2971,O=C(Nc1nc2cccc([C@H]3CCC4(CCN(C(=O)[C@@H]5CC5(F)F)CC4)C3)n2n1)C1CC1,6.0,0.0,1
CHEMBL2971,O=C(Nc1nc2cccc([C@H]3CC[C@@H](NC(=O)[C@@H]4CC4(F)F)CC3)n2n1)C1CC1,7.66,0.0,1
CHEMBL2971,O=C(Nc1nc2cccc([C@H]3CC[C@@H](NC(=O)[C@H]4CC4(F)F)CC3)n2n1)C1CC1,6.02,0.0,1
CHEMBL2971,O=C(Nc1nc2cccc([C@H]3CC[C@H](NC(=O)[C@@H]4CC4(F)F)CC3)n2n1)C1CC1,5.32,0.0,1
CHEMBL2971,O=C(Nc1nc2cccc([C@H]3CC[C@H](NC(=O)[C@H]4CC4(F)F)CC3)n2n1)C1CC1,5.09,0.0,1
CHEMBL2971,O=C(Nc1nncs1)N1CCC(c2nnn3cnc4[nH]ccc4c23)CC1,7.19,0.0,1
CHEMBL2971,O=C(Nc1nncs1)N1CCCC(c2nnn3cnc4[nH]ccc4c23)C1,6.65,1.202081528017131,2
CHEMBL2971,O=C(O)C1CC12CCC(c1ccc(Nc3nc(-c4ccccc4)nc4cn[nH]c(=O)c34)cc1)CC2,7.52,0.0,1
CHEMBL2971,O=C(O)C1CC12CCC(c1ccc(Nc3nc(N4CCCCC4)nc4cn[nH]c(=O)c34)cc1)CC2,7.52,0.0,1
CHEMBL2971,O=C(O)C1CC12CCC(c1ccc(Nc3nc(NC4CCCCC4)nc4cn[nH]c(=O)c34)cc1)CC2,7.52,0.0,1
CHEMBL2971,O=C(O)C1CC12CCN(c1ccc(Nc3nc(-c4ccc(F)cc4)nc4cn[nH]c(=O)c34)cc1)CC2,7.52,0.0,1
CHEMBL2971,O=C(O)C1CC12CCN(c1ccc(Nc3nc(-c4ccsc4)nc4cn[nH]c(=O)c34)cc1)CC2,7.52,0.0,1
CHEMBL2971,O=C(O)C1CC12CCN(c1ccc(Nc3nc(N4CCCNCC4)nc4cn[nH]c(=O)c34)cc1)CC2,7.12,0.0,1
CHEMBL2971,O=C(O)C1CC12CCN(c1ccc(Nc3nc(N4CCOCC4)nc4cn[nH]c(=O)c34)cc1)CC2,7.52,0.0,1
CHEMBL2971,O=C(O)C1CC12CCN(c1nc(Nc3ccc(CN4CCNCC4)cc3)c3c(=O)[nH]ncc3n1)CC2,7.12,0.0,1
CHEMBL2971,O=C(O)C1CCN(C(=O)c2cnn3ccc(N4CCC[C@@H]4c4cc(F)ccc4F)nc23)CC1,6.11,0.0,1
CHEMBL2971,O=C(O)C1CCN(CCOc2ccc(Nc3nc(N4CCCCCC4)nc4cn[nH]c(=O)c34)cc2)CC1,7.52,0.0,1
CHEMBL2971,O=C(O)C1CCN(Cc2ccc(Nc3nc(-c4ccccc4)nc4cn[nH]c(=O)c34)cc2)CC1,7.52,0.0,1
CHEMBL2971,O=C(O)C1CN(C[C@H]2CC[C@H](c3nnn4cnc5[nH]ccc5c34)CC2)C1,7.47,0.0,1
CHEMBL2971,O=C(O)CC1CCC(c2ccc(Nc3nc(-c4ccccc4)nc4cn[nH]c(=O)c34)cc2)CC1,7.12,0.0,1
CHEMBL2971,O=C(O)CC1CCC(c2ccc(Nc3nc(N4CCCCCC4)nc4cn[nH]c(=O)c34)cc2)CC1,7.52,0.0,1
CHEMBL2971,O=C(O)CC1CCN(C(=O)c2cnn3ccc(N4CCC[C@@H]4c4cc(F)ccc4F)nc23)CC1,6.62,0.0,1
CHEMBL2971,O=C(O)CC1CCN(CCCOc2ccc(Nc3nc(N4CCCCCC4)nc4cn[nH]c(=O)c34)cc2)CC1,7.52,0.0,1
CHEMBL2971,O=C(O)CC1CCN(c2ccc(Nc3nc(-c4ccccc4)nc4cn[nH]c(=O)c34)cc2)CC1,7.52,0.0,1
CHEMBL2971,O=C(O)CC1CCN(c2ccc(Nc3nc(C4CCCCCC4)nc4cn[nH]c(=O)c34)cc2)CC1,7.52,0.0,1
CHEMBL2971,O=C(O)CC1CCN(c2nc(Nc3ccc(CN4CCNCC4)cc3)c3c(=O)[nH]ncc3n2)CC1,7.12,0.0,1
CHEMBL2971,O=C(O)CCCCCCC(=O)Nc1ccc(NCCOc2ccc3cc2COC/C=C/COCc2cccc(c2)-c2ccnc(n2)N3)cc1,8.64,0.0,1
CHEMBL2971,O=C(O)CCCCCCOc1ccc2cc1COC/C=C/COCc1cccc(c1)-c1ccnc(n1)N2,8.59,0.0,1
CHEMBL2971,O=C(O)CCCOc1ccc(Nc2nc(N3CCCCCC3)nc3cn[nH]c(=O)c23)cc1,7.52,0.0,1
CHEMBL2971,O=C(O)CCCOc1ccc2cc1COC/C=C/COCc1cccc(c1)-c1ccnc(n1)N2,7.33,0.0,1
CHEMBL2971,O=C(O)CN1CCC(Oc2ccc(Nc3nc(N4CCCCCC4)nc4cn[nH]c(=O)c34)cc2)CC1,7.52,0.0,1
CHEMBL2971,O=C(O)CN1CCC(c2ccc(Nc3nc(-c4ccccc4)nc4cn[nH]c(=O)c34)cc2)CC1,7.52,0.0,1
CHEMBL2971,O=C(O)CN1CCCN(c2ccc(Nc3nc(N4CCCCC4)nc4cn[nH]c(=O)c34)cc2)CC1,7.52,0.0,1
CHEMBL2971,O=C(O)CN1CCN(CCOc2ccc(Nc3nc(N4CCCCCC4)nc4cn[nH]c(=O)c34)cc2)CC1,7.52,0.0,1
CHEMBL2971,O=C(O)CN1CCN(c2ccc(Nc3nc(N4CCCCCC4)nc4cn[nH]c(=O)c34)cn2)CC1,7.12,0.0,1
CHEMBL2971,O=C(O)Cc1cnc(Nc2n[nH]c3ccc(-c4ncccc4Cl)cc23)s1,5.15,0.0,1
CHEMBL2971,O=C(O)[C@H]1CC[C@H](c2nnn3cnc4[nH]ccc4c23)CC1,7.7,0.0,1
CHEMBL2971,O=C(O)c1ccc(Nc2ncc(F)c(Nc3ccccc3Cl)n2)cc1,7.04,0.0,1
CHEMBL2971,O=C(OCc1ccccc1)N1CC(c2nnn3cnc4[nH]ccc4c23)C1,6.42,0.0,1
CHEMBL2971,O=C(OCc1ccccc1)N1CCC(c2[nH]c(=S)n3cnc4[nH]ccc4c23)CC1,6.34,0.24041630560342606,2
CHEMBL2971,O=C(OCc1ccccc1)N1CCC(c2ncn3cnc4[nH]ccc4c23)CC1,7.05,0.0,1
CHEMBL2971,O=C(OCc1ccccc1)N1CCC(c2nnn3cnc4[nH]ccc4c23)C1,6.13,0.0,1
CHEMBL2971,O=C(OCc1ccccc1)N1CCC(c2nnn3cnc4[nH]ccc4c23)CC1,7.205,0.4590206967011398,4
CHEMBL2971,O=C(OCc1ccccc1)N1CCCC(c2ncn3cnc4[nH]ccc4c23)C1,6.855,0.049497474683058214,2
CHEMBL2971,O=C(OCc1ccccc1)N1CCCC(c2nnn3cnc4[nH]ccc4c23)C1,6.96,0.0,1
CHEMBL2971,O=C([C@@H]1CC1(F)F)N1[C@@H]2CC[C@H]1CN(c1ccnc(Nc3cn[nH]c3)n1)C2,7.01,0.0,1
CHEMBL2971,O=C([C@@H]1CC1(F)F)N1[C@@H]2CC[C@H]1CN(c1ccnc(Nc3cnc(CCO)c(Cl)c3)n1)C2,6.48,0.0,1
CHEMBL2971,O=C([C@@H]1CC1(F)F)N1[C@@H]2CC[C@H]1CN(c1ccnc(Nc3cnc(CCO)c(F)c3)n1)C2,6.4,0.0,1
CHEMBL2971,O=C([C@@H]1CC1(F)F)N1[C@@H]2CC[C@H]1CN(c1ccnc(Nc3cnc(CO)c(F)c3)n1)C2,6.33,0.0,1
CHEMBL2971,O=C([C@@H]1CC1(F)F)N1[C@@H]2CC[C@H]1CN(c1ccnc(Nc3cnc(N4CC(O)C4)c(F)c3)n1)C2,6.51,0.0,1
CHEMBL2971,O=C([C@@H]1CC1(F)F)N1[C@@H]2CC[C@H]1CN(c1ccnc(Nc3cnc(N4CC[C@@H](O)C4)c(F)c3)n1)C2,6.36,0.0,1
CHEMBL2971,O=C([C@@H]1CC1(F)F)N1[C@@H]2CC[C@H]1CN(c1ccnc(Nc3cnc(N4CC[C@H](O)C4)c(F)c3)n1)C2,6.46,0.0,1
CHEMBL2971,O=C([C@@H]1CC1(F)F)N1[C@@H]2CC[C@H]1CN(c1ccnc(Nc3cnc(OCCO)c(Cl)c3)n1)C2,6.3,0.0,1
CHEMBL2971,O=C([C@H]1CC1(F)F)N1[C@@H]2CC[C@H]1CN(c1ccnc(Nc3cn[nH]c3)n1)C2,5.47,0.0,1
CHEMBL2971,O=C([C@H]1CC[C@H](c2nnn3cnc4[nH]ccc4c23)CC1)N1CC(O)C1,6.6,0.0,1
CHEMBL2971,O=C([C@H]1CC[C@H](c2nnn3cnc4[nH]ccc4c23)CC1)N1CC[C@H](F)C1,6.38,0.0,1
CHEMBL2971,O=C([C@H]1CC[C@H](c2nnn3cnc4[nH]ccc4c23)CC1)N1CC[C@H](O)C1,6.04,0.0,1
CHEMBL2971,O=C([O-])c1cc(-c2nc(-c3ccc(F)cc3)c(-c3cc[nH]c(=O)c3)[nH]2)ccc1O,5.43,0.0,1
CHEMBL2971,O=C([O-])c1ccc(-c2nc(-c3ccc(F)cc3)c(-c3cc[nH]c(=O)c3)[nH]2)cc1,6.56,0.0,1
CHEMBL2971,O=C(c1ccc(C(F)(F)F)cc1)N1CCC(c2nnn3cnc4[nH]ccc4c23)CC1,6.165,0.10606601717798238,2
CHEMBL2971,O=C(c1ccccc1)c1ccc(-c2cccc3nc(NC(=O)C4CC4)nn23)cc1,6.52,0.0,1
CHEMBL2971,O=C(c1ccno1)N1[C@@H]2CC[C@H]1CN(c1ccnc(Nc3cn[nH]c3)n1)C2,5.47,0.0,1
CHEMBL2971,O=C(c1cnn2ccc(N3CCCC3c3cncc(F)c3)nc12)N1CC(O)C1,5.92,0.0,1
CHEMBL2971,O=C(c1cnn2ccc(N3CCCC3c3cncc(F)c3)nc12)N1CCC1,6.66,0.0,1
CHEMBL2971,O=C(c1cnn2ccc(N3CCC[C@@H]3c3cc(F)ccc3F)nc12)N1CC(O)C1,7.97,0.0,1
CHEMBL2971,O=C(c1cnn2ccc(N3CCC[C@@H]3c3cc(F)ccc3F)nc12)N1CC[C@@H](O)C1,7.13,0.0,1
CHEMBL2971,O=C(c1cnn2ccc(N3CCC[C@@H]3c3cc(F)ccc3F)nc12)N1CC[C@H](O)C1,7.42,0.0,1
CHEMBL2971,O=C(c1cnn2ccc(N3CCC[C@@H]3c3cncc(F)c3)nc12)N1CC(CO)C1,6.33,0.0,1
CHEMBL2971,O=C(c1cnn2ccc(N3CCC[C@@H]3c3cncc(F)c3)nc12)N1CCCC1,6.25,0.0,1
CHEMBL2971,O=C(c1cnn2ccc(N3CCC[C@@H]3c3cncc(F)c3)nc12)N1CCCCC1,6.1,0.0,1
CHEMBL2971,O=C(c1cnn2ccc(N3CCC[C@@H]3c3cncc(F)c3)nc12)N1CC[C@H](O)C1,5.59,0.0,1
CHEMBL2971,O=C1/C(=C/c2ccc(O)c(O)c2)Oc2cc(O)ccc21,5.03,0.0,1
CHEMBL2971,O=C1C=CC2(C=C1)OCC(=O)N2c1nc(-c2cccc3ccccc23)nn1-c1ccccc1,4.23,0.0,1
CHEMBL2971,O=C1C=CN(C2CCC(COCC(F)(F)F)CC2)C2c3cc[nH]c3N=CC12,8.7,0.0,1
CHEMBL2971,O=C1C=CN(C2CCC(COCCC(F)(F)F)CC2)C2c3cc[nH]c3N=CC12,8.8,0.0,1
CHEMBL2971,O=C1CC/C=C\COc2cccc(c2)-c2ccnc(n2)Nc2cccc(c2)N1,5.76,0.0,1
CHEMBL2971,O=C1CCC(c2nnn3cnc4[nH]ccc4c23)CC1,7.1,0.8202438661763952,2
CHEMBL2971,O=C1CCCN1CCOc1ccc2cc1COCC=CCOCc1cccc(c1)-c1ccnc(n1)N2,7.66,0.0,1
CHEMBL2971,O=C1CCN(CCOc2ccc3cc2COCC=CCOCc2cccc(c2)-c2ccnc(n2)N3)C1,7.66,0.0,1
CHEMBL2971,O=C1CC[C@H](C(=O)Nc2ccc(-c3ccnc(Nc4ccc(N5CCOCC5)cc4)n3)cc2)N1,9.05,0.0,1
CHEMBL2971,O=C1CN(C(=O)c2ccc(-c3cccc4nc(NC(=O)C5CC5)nn34)cc2)CCN1,6.52,0.0,1
CHEMBL2971,O=C1CN(CCOc2ccc(Nc3nc(N4CCCCCC4)nc4cn[nH]c(=O)c34)cc2)CCN1,7.52,0.0,1
CHEMBL2971,O=C1CN(C[C@H]2CC[C@H](c3nnn4cnc5[nH]ccc5c34)CC2)CCN1,7.32,0.0,1
CHEMBL2971,O=C1CN(Cc2ccc(-c3cccc4nc(NC(=O)C5CC5)nn34)cc2)CCN1,6.52,0.0,1
CHEMBL2971,O=C1COc2cc(NC[C@H]3CC[C@H](c4nnn5cnc6[nH]ccc6c45)CC3)ccc2N1,7.68,0.0,1
CHEMBL2971,O=C1COc2ccc(CN3CCC(c4nnn5cnc6[nH]ccc6c45)CC3)cc2N1,6.7,0.0,1
CHEMBL2971,O=C1COc2ccc(NC[C@H]3CC[C@H](c4nnn5cnc6[nH]ccc6c45)CC3)cc2N1,7.54,0.0,1
CHEMBL2971,O=C1Cc2c(cccc2-c2ccnc(Nc3ccccc3)n2)N1,5.17,0.0,1
CHEMBL2971,O=C1NC(=O)C(c2c[nH]c3ccccc23)=C1Nc1ccc(OCCCNc2ccnc(F)c2)cc1,5.9,0.0,1
CHEMBL2971,O=C1NC(=O)C(c2c[nH]c3ccccc23)=C1Nc1ccc(OCCNc2ccnc(F)c2)cc1,5.01,0.0,1
CHEMBL2971,O=C1NC(=O)C(c2c[nH]c3ccccc23)=C1Nc1cccc(OC2CCN(c3ccnc(F)c3)C2)c1,5.91,0.0,1
CHEMBL2971,O=C1NC(=O)C(c2c[nH]c3ccccc23)=C1Nc1cccc(OC2CCN(c3ccnc(F)c3)CC2)c1,5.9,0.0,1
CHEMBL2971,O=C1NC(=O)C(c2c[nH]c3ccccc23)=C1Nc1cccc(OC2CN(c3ccnc(F)c3)C2)c1,5.0,0.0,1
CHEMBL2971,O=C1NC(=O)C(c2c[nH]c3ccccc23)=C1Nc1cccc(OCCNc2ccnc(F)c2)c1,5.67,0.0,1
CHEMBL2971,O=C1NC(=O)C(c2c[nH]c3ccccc23)=C1Nc1cccc(O[C@H]2CCN(c3ccnc(F)c3)C2)c1,5.83,0.0,1
CHEMBL2971,O=C1NC(=O)C(c2ccccc2)=C1Nc1cccc(OCCNc2ccnc(F)c2)c1,4.96,0.0,1
CHEMBL2971,O=C1NC(=O)C(c2cn(CCCn3ccnc3)c3ccccc23)=C1Nc1ccccc1,5.42,0.0,1
CHEMBL2971,O=C1NC(=O)[C@@H](C2CCC(COCCC(F)(F)F)CC2)C2c3cc[nH]c3N=CC12,8.82,0.0,1
CHEMBL2971,O=C1NCCN1CCNC[C@H]1CC[C@H](c2nnn3cnc4[nH]ccc4c23)CC1,7.08,0.0,1
CHEMBL2971,O=C1NCN(C2CCCCC2)c2c1cnc1[nH]ccc21,7.85,0.0,1
CHEMBL2971,O=C1NCN([C@H]2CC[C@H](CN3CC[C@@H](F)C3)CC2)c2c1cnc1[nH]ccc21,7.17,0.0,1
CHEMBL2971,O=C1NCN([C@H]2CC[C@H](CNC3(C(F)(F)F)CC3)CC2)c2c1cnc1[nH]ccc21,8.19,0.0,1
CHEMBL2971,O=C1NCN([C@H]2CC[C@H](CNCC(F)(F)Br)CC2)c2c1cnc1[nH]ccc21,8.68,0.0,1
CHEMBL2971,O=C1NCN([C@H]2CC[C@H](CNCC(F)(F)F)CC2)c2c1cnc1[nH]ccc21,8.34,0.0,1
CHEMBL2971,O=C1NN(c2ccccc2)C(=O)/C1=C/c1ccc(-c2ccccc2Cl)o1,5.22,0.0,1
CHEMBL2971,O=C1NN(c2ccccc2)C(=O)/C1=C\c1cc(Cl)ccc1OCc1ccccc1,4.82,0.0,1
CHEMBL2971,O=C1NOC[C@H]1NC[C@H]1CC[C@H](c2nnn3cnc4[nH]ccc4c23)CC1,6.82,0.0,1
CHEMBL2971,O=C1Nc2cc(Br)ccc2/C1=C1/Nc2ccccc2/C1=N\O,5.1,0.0,1
CHEMBL2971,O=C1Nc2cc(Br)ccc2/C1=C1/Nc2ccccc2/C1=N\OCCN1CCCC1,5.245,0.16263455967290624,2
CHEMBL2971,O=C1Nc2cc(Br)ccc2/C1=C1/Nc2ccccc2/C1=N\OCCN1CCNCC1,7.1,0.6363961030678927,2
CHEMBL2971,O=C1Nc2ccc(-c3cccnc3)cc2/C1=C/c1ccc[nH]1,6.22,0.0,1
CHEMBL2971,O=C1Nc2ccc3c(oc4ccccc43)c2/C1=N/Nc1ccncc1,4.96,0.0,1
CHEMBL2971,O=C1OCCC1NC[C@H]1CC[C@H](c2nnn3cnc4[nH]ccc4c23)CC1,7.36,0.0,1
CHEMBL2971,O=C1SCCC1NC[C@H]1CC[C@H](c2nnn3cnc4[nH]ccc4c23)CC1,8.18,0.0,1
CHEMBL2971,O=C1c2ccccc2-c2n[nH]c3ccnc(c23)N1C1CC1,5.66,0.0,1
CHEMBL2971,O=C1c2ccccc2-c2n[nH]c3ccnc(c23)N1C1CCC1,6.24,0.0,1
CHEMBL2971,O=C1c2ccccc2-c2n[nH]c3ccnc(c23)N1C1CCOCC1,6.08,0.0,1
CHEMBL2971,O=C1c2cnc3[nH]ccc3c2N([C@H]2CC[C@H](CF)CC2)CN1C1CC1,7.48,0.0,1
CHEMBL2971,O=C1c2cnc3[nH]ccc3c2N([C@H]2CC[C@H](CN3CCCS3(=O)=O)CC2)CN1C1CC1,8.12,0.0,1
CHEMBL2971,O=C1c2cnc3[nH]ccc3c2N([C@H]2CC[C@H](CN3CCCS3(=O)=O)CC2)CN1CC(F)(F)F,7.55,0.0,1
CHEMBL2971,O=C1c2cnc3[nH]ccc3c2N([C@H]2CC[C@H](CNCC(F)(F)F)CC2)CN1C1CC1,7.96,0.0,1
CHEMBL2971,O=C1c2cnc3[nH]ccc3c2N([C@H]2CC[C@H](CNCC(F)(F)F)CC2)CN1CC(F)(F)F,7.46,0.0,1
CHEMBL2971,O=C1c2cnc3[nH]ccc3c2N([C@H]2CC[C@H](CNCC(F)(F)F)CC2)CN1CC1CC1,7.57,0.0,1
CHEMBL2971,O=C1c2cnc3[nH]ccc3c2N([C@H]2CC[C@H](CNCC(F)(F)F)CC2)CN1CC1CCCO1,8.24,0.0,1
CHEMBL2971,O=C1c2cnc3[nH]ccc3c2N([C@H]2CC[C@H](CNCC(F)F)CC2)CN1C1CC1,7.72,0.0,1
CHEMBL2971,O=C1c2cnc3[nH]ccc3c2N([C@H]2CC[C@H](CNS(=O)(=O)C3CC3)CC2)CN1CC(F)(F)F,7.5,0.0,1
CHEMBL2971,O=C1c2oc(-c3ccc(Cl)cc3)cc2Cc2cc(N3CCNCC3)ccc2N1Cc1ccccc1-c1cccnc1,4.96,0.0,1
CHEMBL2971,O=C[C@H]1CC[C@@H](c2nnn3cnc4[nH]ccc4c23)CC1,7.52,0.0,1
CHEMBL2971,O=C[C@H]1CC[C@H](c2nnn3cnc4[nH]ccc4c23)CC1,7.5,0.4525483399593908,2
CHEMBL2971,O=S(=O)(CC1CC1)N1CCC[C@H](Nc2ncccc2-c2cnc3[nH]ccc3n2)C1,10.38,0.0,1
CHEMBL2971,O=S(=O)(C[C@H]1CC[C@H](c2nnn3cnc4[nH]ccc4c23)CC1)C(F)(F)F,8.21,0.0,1
CHEMBL2971,O=S(=O)(C[C@H]1CC[C@H](c2nnn3cnc4[nH]ccc4c23)CC1)C1CC1,7.55,0.0,1
CHEMBL2971,O=S(=O)(C[C@H]1CC[C@H](c2nnn3cnc4[nH]ccc4c23)CC1)NC1CC1,7.58,0.0,1
CHEMBL2971,O=S(=O)(C[C@H]1CC[C@H](c2nnn3cnc4[nH]ccc4c23)CC1)NCC(F)(F)F,7.82,0.0,1
CHEMBL2971,O=S(=O)(C[C@H]1CC[C@H](c2nnn3cnc4[nH]ccc4c23)CC1)c1ccc(F)cc1,7.8,0.0,1
CHEMBL2971,O=S(=O)(C[C@H]1CC[C@H](c2nnn3cnc4[nH]ccc4c23)CC1)c1ccccc1,7.96,0.0,1
CHEMBL2971,O=S(=O)(Nc1cc(-n2ccc3cnc(Nc4ccc(N5CCNCC5)cc4)nc32)ccc1F)C1CC1,7.84,0.0,1
CHEMBL2971,O=S(=O)(Nc1cccc(-c2cnc3ccccc3n2)c1)c1cccs1,4.26,0.0,1
CHEMBL2971,O=S(=O)(Nc1cccc(-n2ccc3cnc(Nc4ccc(C5CCNCC5)cc4)nc32)c1)C1CC1,7.15,0.0,1
CHEMBL2971,O=S(=O)(Nc1cccc(-n2ccc3cnc(Nc4ccc(N5CCNCC5)cc4)nc32)c1)C1CC1,8.406666666666666,0.2571640202931445,3
CHEMBL2971,O=S(=O)(O)C[C@H]1CC[C@H](c2nnn3cnc4[nH]ccc4c23)CC1,7.33,0.0,1
CHEMBL2971,O=S(=O)(c1ccc(NC[C@H]2CC[C@H](c3nnn4cnc5[nH]ccc5c34)CC2)cc1)C(F)(F)F,6.58,0.0,1
CHEMBL2971,O=S1(=O)CCN(C[C@H]2CC[C@H](c3nnn4cnc5[nH]ccc5c34)CC2)CC1,7.58,0.0,1
CHEMBL2971,O=[N+]([O-])c1cccc(CNc2cccn3nc(N4CCOCC4)nc23)c1,5.0,0.0,1
CHEMBL2971,O=c1[nH]c(C2CCCCC2)c2c3cc[nH]c3ncn12,7.685,0.48790367901871745,2
CHEMBL2971,O=c1[nH]c(CSc2nnc(NCC3CCCO3)s2)nc2sc(-c3ccccc3)cc12,5.05,0.0,1
CHEMBL2971,O=c1[nH]c2cnc(-n3cnc4cc(C(F)(F)F)ccc43)nc2n1C1CCOCC1,5.75,0.0,1
CHEMBL2971,O=c1[nH]c2cnc(-n3cnc4ccc(C(F)(F)F)cc43)nc2n1C1CCOCC1,6.25,0.0,1
CHEMBL2971,O=c1[nH]c2cnc(-n3cnc4ccc(Cl)cc43)nc2n1C1CCOCC1,6.41,0.0,1
CHEMBL2971,O=c1[nH]c2cnc(-n3cnc4ccc(Cl)cc43)nc2n1[C@@H]1CCOc2c(F)cccc21,7.25,0.0,1
CHEMBL2971,O=c1[nH]c2cnc(-n3cnc4ccc(F)cc43)nc2n1C1CCOCC1,5.47,0.0,1
CHEMBL2971,O=c1[nH]c2cnc(-n3cnc4ccc(F)cc43)nc2n1Cc1c(F)cccc1F,6.5,0.0,1
CHEMBL2971,O=c1[nH]c2cnc(-n3cnc4ccc(F)cc43)nc2n1Cc1cccc(F)c1F,6.0,0.0,1
CHEMBL2971,O=c1[nH]c2cnc(-n3cnc4ccccc43)nc2n1C1CCOCC1,5.49,0.0,1
CHEMBL2971,O=c1[nH]c2cnc(-n3cnc4ccccc43)nc2n1C1CCOc2c(Cl)cccc21,6.08,0.0,1
CHEMBL2971,O=c1[nH]c2cnc(-n3cnc4ccccc43)nc2n1C1CCOc2c(F)cccc21,6.54,0.0,1
CHEMBL2971,O=c1[nH]c2cnc(-n3cnc4ccccc43)nc2n1C1CCOc2cc(F)ccc21,7.02,0.0,1
CHEMBL2971,O=c1[nH]c2cnc(-n3cnc4ccccc43)nc2n1C1CCOc2ccc(Cl)cc21,6.3,0.0,1
CHEMBL2971,O=c1[nH]c2cnc(-n3cnc4ccccc43)nc2n1C1CCOc2ccc(F)cc21,7.08,0.0,1
CHEMBL2971,O=c1[nH]c2cnc(-n3cnc4ccccc43)nc2n1C1CCOc2cccc(F)c21,7.01,0.0,1
CHEMBL2971,O=c1[nH]c2cnc(-n3cnc4ccccc43)nc2n1C1CCOc2ccccc21,6.77,0.0,1
CHEMBL2971,O=c1[nH]c2cnc(-n3cnc4ccccc43)nc2n1[C@@H]1CCOc2c(F)cccc21,6.48,0.0,1
CHEMBL2971,O=c1[nH]c2cnc(-n3cnc4ccccc43)nc2n1[C@H]1CCOc2c(F)cccc21,5.16,0.0,1
CHEMBL2971,O=c1[nH]c2cnc3[nH]ccc3c2n1C1CCCC1,7.01,0.0,1
CHEMBL2971,O=c1[nH]c2cnc3[nH]ccc3c2n1C1CCCCC1,7.37,0.0,1
CHEMBL2971,O=c1[nH]c2cnc3[nH]ccc3c2n1C1CCCCCC1,7.64,0.0,1
CHEMBL2971,O=c1[nH]c2cnc3[nH]ccc3c2n1C1CCNCC1,5.89,0.0,1
CHEMBL2971,O=c1[nH]c2cnc3[nH]ccc3c2n1C1CCOCC1,6.3,0.0,1
CHEMBL2971,O=c1[nH]c2cnc3[nH]ccc3c2n1CC1CCCCC1,7.06,0.0,1
CHEMBL2971,O=c1[nH]ccc(NC2CCOCC2)c1-c1nc2ccccc2[nH]1,8.3,0.0,1
CHEMBL2971,O=c1[nH]ccc2c(NC3CC3)nc3ccc(F)cc3c12,6.7,0.0,1
CHEMBL2971,O=c1[nH]ccc2c(Nc3c(Cl)cc(-c4ccn[nH]4)cc3Cl)nc3ccncc3c12,9.0,0.0,1
CHEMBL2971,O=c1[nH]ccc2c(Nc3c(Cl)cc(C(F)(F)F)cc3Cl)nc3ccncc3c12,9.0,0.0,1
CHEMBL2971,O=c1[nH]ccc2c(Nc3c(Cl)cc(C(O)C(F)F)cc3Cl)nc3ccncc3c12,9.7,0.0,1
CHEMBL2971,O=c1[nH]ccc2c(Nc3c(Cl)cc(F)cc3Cl)nc3ccncc3c12,9.1,0.0,1
CHEMBL2971,O=c1[nH]ccc2c(Nc3c(Cl)cc(OC(F)(F)F)cc3Cl)nc3ccncc3c12,8.52,0.0,1
CHEMBL2971,O=c1[nH]ccc2c(Nc3c(Cl)cncc3Cl)nc3ccncc3c12,8.7,0.0,1
CHEMBL2971,O=c1[nH]ccc2c(Nc3c(F)cc(F)cc3Cl)nc3ccncc3c12,9.05,0.0,1
CHEMBL2971,O=c1[nH]ccc2c(Nc3c(F)cc(F)cc3F)nc3ccncc3c12,8.15,0.0,1
CHEMBL2971,O=c1[nH]ccc2c(Nc3c(F)cccc3C(F)(F)F)nc3ccncc3c12,8.05,0.0,1
CHEMBL2971,O=c1[nH]ccc2c1c1cc(F)ccc1n2-c1ccccc1,5.96,0.0,1
CHEMBL2971,O=c1[nH]ccc2c3[nH]c(-c4c(F)cccc4Cl)nc3c3ccc(F)cc3c12,9.7,0.0,1
CHEMBL2971,O=c1[nH]ccc2c3[nH]c(-c4ccccc4Cl)nc3c3ccc(F)cc3c12,8.52,0.0,1
CHEMBL2971,O=c1[nH]ccc2nc(N3CCC(F)(F)C3)c(-c3ccc(F)cc3)cc12,4.93,0.0,1
CHEMBL2971,O=c1[nH]ccc2nc(NC3CC(F)(F)C3)c3ccc(F)cc3c12,6.12,0.0,1
CHEMBL2971,O=c1[nH]ccc2nc(NC3CC3)c3ccc(F)cc3c12,7.0,0.0,1
CHEMBL2971,O=c1[nH]ccc2nc(NC3CCC3)c3ccc(F)cc3c12,7.12,0.0,1
CHEMBL2971,O=c1[nH]ccc2nc(NCC3CCS(=O)(=O)C3)c3ccc(F)cc3c12,6.29,0.0,1
CHEMBL2971,O=c1[nH]ccc2nc(NCc3c(Cl)cccc3Cl)c3ccc(F)cc3c12,7.28,0.0,1
CHEMBL2971,O=c1[nH]ccc2nc(NCc3ccccn3)c3ccc(F)cc3c12,5.95,0.0,1
CHEMBL2971,O=c1[nH]ccc2nc(NCc3ccncc3)c(-c3ccccc3)cc12,5.85,0.0,1
CHEMBL2971,O=c1[nH]ccc2nc(Nc3c(Cl)cccc3Cl)c3ccc(F)cc3c12,7.85,0.0,1
CHEMBL2971,O=c1[nH]ccc2nc(Nc3c(F)cc(F)cc3Cl)c3ccc(F)cc3c12,8.4,0.0,1
CHEMBL2971,O=c1[nH]ccc2nc(Nc3cccc(F)c3)c3ccc(F)cc3c12,5.39,0.0,1
CHEMBL2971,O=c1[nH]cccc1-c1cccn2nc(Nc3ccc4ncccc4c3)nc12,6.65,0.0,1
CHEMBL2971,O=c1[nH]cnc2[nH]c(-c3ccnc(/C=C/c4ccc(CN5CCOCC5)cc4)c3)cc12,5.89,0.0,1
CHEMBL2971,O=c1[nH]cnc2cc(N[C@@H]3CCCNC3)nc(Nc3cccc4cc[nH]c34)c12,6.02,0.0,1
CHEMBL2971,O=c1[nH]nc2cc(CO)c3ccc(-c4ccc[nH]4)cc3n12,6.19,0.0,1
CHEMBL2971,O=c1[nH]ncc2nc(-c3ccccc3)nc(Nc3ccc(CN4CCC5(CC4)COC5)cc3)c12,7.12,0.0,1
CHEMBL2971,O=c1[nH]ncc2nc(-c3ccccc3)nc(Nc3ccc(CN4CCNCC4)cc3)c12,7.52,0.0,1
CHEMBL2971,O=c1[nH]ncc2nc(-c3ccccc3)nc(Nc3ccc(CN4CCOCC4)cc3)c12,7.52,0.0,1
CHEMBL2971,O=c1[nH]ncc2nc(-c3ccccc3)nc(Nc3ccc(N(CCO)CCO)cc3)c12,7.12,0.0,1
CHEMBL2971,O=c1[nH]ncc2nc(-c3ccccc3)nc(Nc3ccc(N4CCOCC4)cc3)c12,7.52,0.0,1
CHEMBL2971,O=c1[nH]ncc2nc(-c3ccccc3)nc(Nc3cnn(CCN4CCOCC4)c3)c12,7.52,0.0,1
CHEMBL2971,O=c1[nH]ncc2nc(-c3ccsc3)nc(Nc3ccc(CN4CCNCC4)cc3)c12,7.12,0.0,1
CHEMBL2971,O=c1[nH]ncc2nc(N3CCC4(CC3)CC4)nc(Nc3ccc(N4CCOCC4)cc3)c12,7.52,0.0,1
CHEMBL2971,O=c1[nH]ncc2nc(N3CCCC3)nc(Nc3ccc(CN4CCNCC4)cc3)c12,7.12,0.0,1
CHEMBL2971,O=c1[nH]ncc2nc(N3CCCCC3)nc(Nc3ccc(CN4CCNCC4)cc3)c12,7.52,0.0,1
CHEMBL2971,O=c1[nH]ncc2nc(N3CCCCC3)nc(Nc3ccc(OCCN4CCCNCC4)cc3)c12,7.52,0.0,1
CHEMBL2971,O=c1[nH]ncc2nc(N3CCCCC3)nc(Nc3ccc(OCCN4CCNCC4)cc3)c12,7.12,0.0,1
CHEMBL2971,O=c1[nH]ncc2nc(N3CCCCCC3)nc(Nc3ccc(-c4nnn(CCO)n4)cc3)c12,7.52,0.0,1
CHEMBL2971,O=c1[nH]ncc2nc(N3CCCCCC3)nc(Nc3ccc(CCCN4CCNCC4)cc3)c12,7.52,0.0,1
CHEMBL2971,O=c1[nH]ncc2nc(N3CCCCCC3)nc(Nc3ccc(N4CCCC(CO)C4)cc3)c12,7.52,0.0,1
CHEMBL2971,O=c1[nH]ncc2nc(N3CCCCCC3)nc(Nc3ccc(N4CCCC(O)C4)nc3)c12,7.52,0.0,1
CHEMBL2971,O=c1[nH]ncc2nc(N3CCCCCC3)nc(Nc3ccc(OCCC4CCNCC4)cc3)c12,7.52,0.0,1
CHEMBL2971,O=c1[nH]ncc2nc(N3CCCCCC3)nc(Nc3ccc(OCCCN4CCNCC4)cc3)c12,7.52,0.0,1
CHEMBL2971,O=c1[nH]ncc2nc(N3CCCCCC3)nc(Nc3ccc(OCCN4CCNCC4)cc3)c12,7.52,0.0,1
CHEMBL2971,O=c1[nH]ncc2nc(N3CCCCCC3)nc(Nc3ccc(OCCN4CCOCC4)cc3)c12,7.52,0.0,1
CHEMBL2971,O=c1[nH]ncc2nc(N3CCCCCC3)nc(Nc3ccc(OCCO)cc3)c12,7.52,0.0,1
CHEMBL2971,O=c1[nH]ncc2nc(N3CCCCCC3)nc(Nc3ccc(OC[C@@H]4CO[C@@H](CO)CO4)cc3)c12,7.52,0.0,1
CHEMBL2971,O=c1[nH]ncc2nc(N3CCCCCC3)nc(Nc3ccc4[nH]nnc4c3)c12,7.52,0.0,1
CHEMBL2971,O=c1[nH]ncc2nc(N3CCOCC3)nc(Nc3ccc(CN4CCNCC4)cc3)c12,7.12,0.0,1
CHEMBL2971,O=c1c2cnc3[nH]ccc3c2n(C2CCCCC2)c(=O)n1CC(F)(F)F,6.11,0.0,1
CHEMBL2971,O=c1cc(-c2[nH]c(-c3ccc(-c4cn(CCO)nn4)cc3)nc2-c2ccc(F)cc2)cc[nH]1,6.3,0.0,1
CHEMBL2971,O=c1cc(-c2[nH]c(-c3ccc(-c4cn(CCP(=O)([O-])[O-])nn4)cc3)nc2-c2ccc(F)cc2)cc[nH]1,4.34,0.0,1
CHEMBL2971,O=c1cc(-c2[nH]c(-c3ccc(-c4nnn[n-]4)cc3)nc2-c2ccc(F)cc2)cc[nH]1,7.21,0.0,1
CHEMBL2971,O=c1cc(-c2[nH]c(-c3ccc(O)cc3)nc2-c2ccc(F)cc2)cc[nH]1,6.04,0.0,1
CHEMBL2971,O=c1cc(-c2[nH]c(C3CCNCC3)nc2-c2ccc(F)cc2)cc[nH]1,5.18,0.0,1
CHEMBL2971,O=c1cc(-c2ccccc2)nc2c(-c3cccc([N+](=O)[O-])c3)c(C(F)(F)F)[nH]n12,4.85,0.0,1
CHEMBL2971,O=c1cc(-c2ccccc2)nc2c(-c3ccccc3)c(C(F)(F)F)[nH]n12,4.465,0.19091883092036754,2
CHEMBL2971,O=c1cc(C2CCCCC2)c2c(C3CC3)[nH]nc2[nH]1,5.89,0.0,1
CHEMBL2971,O=c1cc(C2CCCCC2)c2c[nH]nc2[nH]1,4.46,0.0,1
CHEMBL2971,O=c1ccn(C2CCN(Cc3ccc(C(F)(F)F)cc3)CC2)c2c1cnc1[nH]ccc12,6.62,0.0,1
CHEMBL2971,OC(CN1CCC(c2nnn3cnc4[nH]ccc4c23)CC1)c1ccc(C(F)(F)F)cc1,7.33,0.0,1
CHEMBL2971,OC(CNC[C@H]1CC[C@H](c2nnn3cnc4[nH]ccc4c23)CC1)(c1ccccc1)C(F)(F)F,7.03,0.0,1
CHEMBL2971,OC(CNC[C@H]1CC[C@H](c2nnn3cnc4[nH]ccc4c23)CC1)C(F)(F)F,7.2,0.0,1
CHEMBL2971,OC(CNC[C@H]1CC[C@H](c2nnn3cnc4[nH]ccc4c23)CC1)c1ccccc1,7.57,0.0,1
CHEMBL2971,OC(CN[C@H]1CC[C@@H](c2nnn3cnc4[nH]ccc4c23)CC1)(c1ccccc1)C(F)(F)F,6.12,0.0,1
CHEMBL2971,OC(CN[C@H]1CC[C@H](c2nnn3cnc4[nH]ccc4c23)CC1)(c1ccc(Cl)cc1)C(F)(F)F,7.46,0.0,1
CHEMBL2971,OC(CN[C@H]1CC[C@H](c2nnn3cnc4[nH]ccc4c23)CC1)(c1ccc(F)cc1)C(F)(F)F,7.5,0.0,1
CHEMBL2971,OC(CN[C@H]1CC[C@H](c2nnn3cnc4[nH]ccc4c23)CC1)(c1ccccc1)C(F)(F)F,7.44,0.0,1
CHEMBL2971,OC(CN[C@H]1CC[C@H](c2nnn3cnc4[nH]ccc4c23)CC1)(c1cccnc1)C(F)(F)F,7.51,0.0,1
CHEMBL2971,OC(CN[C@H]1CC[C@H](c2nnn3cnc4[nH]ccc4c23)CC1)c1ccccc1,7.07,0.0,1
CHEMBL2971,OC1(C(F)(F)F)CN(C[C@H]2CC[C@H](c3nnn4cnc5[nH]ccc5c34)CC2)C1,7.66,0.0,1
CHEMBL2971,OC1(CNC[C@H]2CC[C@H](c3nnn4cnc5[nH]ccc5c34)CC2)CCCCC1,7.29,0.0,1
CHEMBL2971,OC1(c2ccc(Cl)c(C(F)(F)F)c2)CCN(C[C@H]2CC[C@H](c3nnn4cnc5[nH]ccc5c34)CC2)CC1,7.01,0.0,1
CHEMBL2971,OC12CC3CC(C1)C(NC[C@H]1CC[C@H](c4nnn5cnc6[nH]ccc6c45)CC1)C(C3)C2,6.515000000000001,0.07778174593052013,2
CHEMBL2971,OC12CC3CC(C1)CC(c1nnn4cnc5[nH]ccc5c14)(C3)C2,6.89,0.0,1
CHEMBL2971,OC1CCN(C[C@H]2CC[C@H](c3nnn4cnc5[nH]ccc5c34)CC2)CC1,7.2,0.0,1
CHEMBL2971,OC1CN(C[C@H]2CC[C@@H](c3nnn4cnc5[nH]ccc5c34)CC2)C1,6.52,0.0,1
CHEMBL2971,OC1CN(C[C@H]2CC[C@H](c3nnn4cnc5[nH]ccc5c34)CC2)C1,7.8,0.0,1
CHEMBL2971,OCC1(NC[C@H]2CC[C@H](c3nnn4cnc5[nH]ccc5c34)CC2)CC1,7.27,0.0,1
CHEMBL2971,OCCN(CCO)C[C@H]1CC[C@H](c2nnn3cnc4[nH]ccc4c23)CC1,6.96,0.0,1
CHEMBL2971,OCCN(C[C@H]1CC[C@H](c2nnn3cnc4[nH]ccc4c23)CC1)C1CCCCC1,7.27,0.0,1
CHEMBL2971,OCCN(Cc1ccccc1)C[C@H]1CC[C@H](c2nnn3cnc4[nH]ccc4c23)CC1,7.44,0.0,1
CHEMBL2971,OCCN1C/C=C/CCOc2cccc(c2)-c2ccnc(n2)Nc2cccc(c2)C1,6.14,0.0,1
CHEMBL2971,OCCN1CCN(C[C@H]2CC[C@H](c3nnn4cnc5[nH]ccc5c34)CC2)CC1,6.7,0.0,1
CHEMBL2971,OCCN1CCN(c2ccc3cc2COC/C=C/COCc2cccc(c2)-c2ccnc(n2)N3)CC1,7.08,0.0,1
CHEMBL2971,OCCN1CCN(c2ccc3cc2COCC=CCOCc2cccc(c2)-c2ccnc(n2)N3)CC1,7.08,0.0,1
CHEMBL2971,OCCNC[C@H]1CC[C@H](c2nnn3cnc4[nH]ccc4c23)CC1,7.28,0.0,1
CHEMBL2971,OCCOc1ccc(CN2CCC(c3nnn4cnc5[nH]ccc5c34)CC2)cc1,6.15,0.0,1
CHEMBL2971,OCCn1cc(Nc2ncc(Cl)c(NCc3cc(F)ccc3F)n2)cn1,9.5,0.0,1
CHEMBL2971,OC[C@@H]1CCCN1C[C@H]1CC[C@H](c2nnn3cnc4[nH]ccc4c23)CC1,6.96,0.0,1
CHEMBL2971,OC[C@H](O)Cn1cc(-c2cn3nccc3c(-c3cnn(C(C4CC4)C4CC4)c3)n2)cn1,6.26,0.0,1
CHEMBL2971,OC[C@H]1CCCN1C[C@H]1CC[C@H](c2nnn3cnc4[nH]ccc4c23)CC1,6.75,0.0,1
CHEMBL2971,OC[C@H]1CC[C@@H](c2nnn3cnc4[nH]ccc4c23)CC1,7.44,0.0,1
CHEMBL2971,OC[C@H]1CC[C@H](c2nnn3cnc4[nH]ccc4c23)CC1,7.404999999999999,0.5423713365090996,4
CHEMBL2971,OCc1ccc(-c2nnn3cnc4[nH]ccc4c23)cc1,7.005,0.5727564927611039,2
CHEMBL2971,O[C@@H](CNC[C@H]1CC[C@H](c2nnn3cnc4[nH]ccc4c23)CC1)c1ccccc1,7.31,0.0,1
CHEMBL2971,O[C@@H](CN[C@H]1CC[C@H](c2nnn3cnc4[nH]ccc4c23)CC1)c1ccccc1,6.72,0.0,1
CHEMBL2971,O[C@@H]1CCN(C[C@H]2CC[C@@H](c3nnn4cnc5[nH]ccc5c34)CC2)C1,6.6,0.0,1
CHEMBL2971,O[C@@H]1CCN(C[C@H]2CC[C@H](c3nnn4cnc5[nH]ccc5c34)CC2)C1,7.5,0.0,1
CHEMBL2971,O[C@@H]1Cc2ccccc2[C@@H]1NC1CCC(c2nnn3cnc4[nH]ccc4c23)CC1,6.96,0.0,1
CHEMBL2971,O[C@H](CNC[C@H]1CC[C@H](c2nnn3cnc4[nH]ccc4c23)CC1)c1ccccc1,7.48,0.0,1
CHEMBL2971,O[C@H](CN[C@H]1CC[C@H](c2nnn3cnc4[nH]ccc4c23)CC1)c1ccccc1,6.8,0.0,1
CHEMBL2971,O[C@H]1CCCC[C@H]1CNC[C@H]1CC[C@H](c2nnn3cnc4[nH]ccc4c23)CC1,7.35,0.0,1
CHEMBL2971,O[C@H]1CCN(C[C@H]2CC[C@@H](c3nnn4cnc5[nH]ccc5c34)CC2)C1,6.46,0.0,1
CHEMBL2971,O[C@H]1CCN(C[C@H]2CC[C@H](c3nnn4cnc5[nH]ccc5c34)CC2)C1,7.41,0.0,1
CHEMBL2971,O[C@H]1CC[C@@H](Nc2c(-c3ccccn3)cnc3[nH]ccc23)C1,6.26,0.0,1
CHEMBL2971,O[C@H]1CC[C@@H](Nc2c(-c3ncco3)cnc3[nH]ccc23)C1,7.26,0.0,1
CHEMBL2971,O[C@H]1CC[C@@H](c2nnn3cnc4[nH]ccc4c23)CC1,7.345000000000001,0.03535533905932694,2
CHEMBL2971,O[C@H]1CC[C@H](NC[C@H]2CC[C@H](c3nnn4cnc5[nH]ccc5c34)CC2)CC1,6.54,0.0,1
CHEMBL2971,O[C@H]1CC[C@H](c2nnn3cnc4[nH]ccc4c23)CC1,8.040000000000001,1.0748023074035522,2
CHEMBL2971,O[C@H]1Cc2ccccc2[C@H]1NC1CCC(c2nnn3cnc4[nH]ccc4c23)CC1,7.15,0.0,1
CHEMBL2971,O[C@]12C[C@@H]3C[C@H](C1)[C@@H](Nc1c(-c4cn[nH]c4)cnc4[nH]ccc14)[C@@H](C3)C2,8.33,0.0,1
CHEMBL2971,O[C@]12C[C@@H]3C[C@H](C1)[C@H](Nc1c(-c4cn[nH]c4)cnc4[nH]ccc14)[C@@H](C3)C2,9.37,0.0,1
CHEMBL2971,O[C@]12C[C@H]3C[C@H](C[C@H](C1)[C@@H]3Nc1c(-c3cn[nH]c3)cnc3[nH]ccc13)C2,8.42,0.0,1
CHEMBL2971,Oc1cc(CC(F)(F)F)c(-c2nc(NCC3CC3)c3cn[nH]c3n2)cc1F,6.77,0.0,1
CHEMBL2971,Oc1cc(CC(F)(F)F)c(-c2nc(NCCC3CC3)c3cn[nH]c3n2)cc1F,6.64,0.0,1
CHEMBL2971,Oc1ccc(-c2nc(Nc3cccc(Cl)c3)nc3[nH]cnc23)cc1,6.08,0.0,1
CHEMBL2971,Oc1ccc2cc1COCC=CCOCc1cccc(c1)-c1ccnc(n1)N2,7.28,0.0,1
CHEMBL2971,Oc1cccn2nc(Nc3ccc(C(F)(F)F)cc3)nc12,5.52,0.0,1
CHEMBL2971,S=c1[nH]c(C2CCCCC2)c2c3cc[nH]c3ncn12,7.32,0.28284271247461895,2
CHEMBL2971,SC[C@H]1CC[C@H](c2nnn3cnc4[nH]ccc4c23)CC1,7.505,1.6334166645409252,2
CHEMBL2971,[2H]C([2H])([2H])n1cc(Nc2ncc(C)c(N3CCC4(CCNC4=O)CC3)n2)cn1,6.8,0.0,1
CHEMBL2971,[C-]#[N+]C1=CCC[C@@H](OCC2CC2)C1,7.13,0.0,1
CHEMBL2971,[C-]#[N+][C@@H]1CCCC[C@@H]1n1cc(C(N)=O)c(Nc2ccc(CC(=O)O)cc2)n1,6.96,0.0,1
CHEMBL2971,[C-]#[N+][C@@H]1C[C@@H](N(C)C2COC2)CC[C@H]1n1cc(C(N)=O)c(Nc2ccc(C(F)(F)F)cc2)n1,6.97,0.0,1
CHEMBL2971,[C-]#[N+][C@@H]1C[C@H](C(=O)N2CC(C)(C)C2)CC[C@H]1n1cc(C(N)=O)c(Nc2ccc(Cl)cc2)n1,6.54,0.0,1
CHEMBL2971,[C-]#[N+][C@@H]1C[C@H](N2CCC2)CC[C@H]1n1cc(C(N)=O)c(Nc2ccc(C(F)(F)F)cc2)n1,6.62,0.0,1
CHEMBL2971,[C-]#[N+][C@@H]1C[C@H](OCC2CC2)CC[C@@H]1n1cc(C(N)=O)c(Nc2ccnc(F)c2)n1,6.82,0.0,1
CHEMBL2971,[C-]#[N+][C@@H]1C[C@H](OCC2CC2)CC[C@H]1n1cc(C(N)=O)c(Nc2ccnc(F)c2)n1,8.05,0.0,1
CHEMBL2971,[C-]#[N+][C@H]1CCCC[C@@H]1n1cc(C(N)=O)c(Nc2ccc(/C(C)=N/OC)cc2)n1,8.7,0.0,1
CHEMBL2971,[C-]#[N+][C@H]1CCCC[C@@H]1n1cc(C(N)=O)c(Nc2ccc(/C=N/OC)cc2)n1,8.7,0.0,1
CHEMBL2971,[C-]#[N+][C@H]1CCCC[C@@H]1n1cc(C(N)=O)c(Nc2ccc(CC(=O)O)cc2)n1,7.31,0.0,1
CHEMBL2971,[C-]#[N+][C@H]1CCCC[C@@H]1n1cc(C(N)=O)c(Nc2ccccc2)n1,7.44,0.0,1
CHEMBL2971,[C-]#[N+][C@H]1C[C@@H](C(=O)N2CC(C)(C)C2)CC[C@@H]1n1cc(C(N)=O)c(Nc2ccc(Cl)cc2)n1,7.35,0.0,1
CHEMBL2971,[C-]#[N+][C@H]1C[C@@H](C(C)(C)O)CC[C@@H]1n1cc(C(N)=O)c(Nc2ccc(Cl)cc2)n1,8.05,0.49497474683058373,2
CHEMBL2971,[C-]#[N+][C@H]1C[C@@H](CF)CC[C@@H]1n1cc(C(N)=O)c(Nc2ccnc(F)c2)n1,7.89,0.0,1
CHEMBL2971,[C-]#[N+][C@H]1C[C@@H](N2CCC2)CC[C@@H]1n1cc(C(N)=O)c(Nc2ccc(C(F)(F)F)cc2)n1,6.605,1.4637110370561532,2
CHEMBL2971,[C-]#[N+][C@H]1C[C@@H](N2CCC2)CC[C@@H]1n1cc(Nc2ccc(OC(F)F)nc2)c(C(N)=O)c1,7.17,0.0,1
CHEMBL2971,[C-]#[N+][C@H]1C[C@@H]([N+]2(C)CCC2)CC[C@@H]1n1cc(C(N)=O)c(Nc2ccc(C(F)(F)F)cc2)n1,7.48,0.0,1
CHEMBL2971,[C-]#[N+][C@H]1C[C@@](O)(C2CC2)CC[C@@H]1n1cc(C(N)=O)c(Nc2ccc(Cl)c(F)c2)n1,7.23,0.0,1
CHEMBL2971,[C-]#[N+][C@H]1C[C@H](N2CCC2)CC[C@@H]1n1cc(Nc2ccc(OC(F)F)nc2)c(C(N)=O)c1,7.06,0.0,1
CHEMBL2971,[C-]#[N+][C@H]1C[C@H](O)CC[C@@H]1n1cc(C(N)=O)c(Nc2ccc(C(F)(F)F)cc2)n1,6.82,0.0,1
CHEMBL2971,[C-]#[N+][C@H]1C[C@H](O)CC[C@@H]1n1cc(C(N)=O)c(Nc2ccc(OC(F)(F)F)cc2)n1,7.21,0.0,1
CHEMBL2971,[C-]#[N+][C@H]1C[C@H](OC(C)=O)[C@@H](O)C[C@@H]1n1cc(C(N)=O)c(Nc2ccc(C(F)(F)F)cc2)n1,6.74,0.0,1
CHEMBL2971,[C-]#[N+][C@H]1C[C@H](OCC2CC2)CC[C@H]1n1cc(C(N)=O)c(Nc2ccnc(F)c2)n1,7.12,0.0,1
CHEMBL2971,[N-]=[N+]=NC[C@H]1CC[C@H](c2nnn3cnc4[nH]ccc4c23)CC1,8.77,0.0,1
CHEMBL2971,c1cc(-c2ccc3[nH]ccc3c2)nc(Nc2ccc(N3CCOCC3)cc2)n1,7.48,0.0,1
CHEMBL2971,c1cc(-c2ccncc2)c2nc(Nc3ccc(N4CCOCC4)cc3)nn2c1,8.26,0.0,1
CHEMBL2971,c1cc(-c2ccncc2)c2nc(Nc3ccc(OCCN4CCCC4)cc3)nn2c1,5.52,0.0,1
CHEMBL2971,c1cc(CCNC2CCC(c3nnn4cnc5[nH]ccc5c34)CC2)ccn1,6.32,0.01414213562373159,2
CHEMBL2971,c1cc(CN2CCC(c3nnn4cnc5[nH]ccc5c34)CC2)[nH]n1,7.14,0.0,1
CHEMBL2971,c1cc(CN2CCC(c3nnn4cnc5[nH]ccc5c34)CC2)ccn1,7.46,0.0,1
CHEMBL2971,c1cc2[nH]nc3c2c(n1)N(C1CCC1)CCC3,5.08,0.0,1
CHEMBL2971,c1cc2[nH]nc3c2c(n1)N(C1CCCC1)CCC3,5.18,0.0,1
CHEMBL2971,c1cc2[nH]nc3c2c(n1)N(C1CCOCC1)CCC3,4.77,0.0,1
CHEMBL2971,c1cc2c(NC3CCCC3)c(-c3cn[nH]c3)cnc2[nH]1,8.02,0.0,1
CHEMBL2971,c1cc2c(NC3CCCCC3)c(-c3cn[nH]c3)cnc2[nH]1,8.16,0.0,1
CHEMBL2971,c1cc2c(NC3CCCCCC3)c(-c3cn[nH]c3)cnc2[nH]1,8.8,0.0,1
CHEMBL2971,c1cc2c(ncc3[nH]nc(C4CCCCC4)c32)[nH]1,8.0,0.0,1
CHEMBL2971,c1cc2c(ncc3ncn(C4CCCCC4)c32)[nH]1,5.24,0.0,1
CHEMBL2971,c1cc2c(ncc3nnc(C4CCCCC4)n32)[nH]1,7.05,0.0,1
CHEMBL2971,c1cc2c(ncc3onc(C4CCCCC4)c32)[nH]1,7.52,0.0,1
CHEMBL2971,c1cc2c(ncn3cnc(C4CCCCC4)c23)[nH]1,6.744999999999999,1.449568901432422,2
CHEMBL2971,c1cc2c(ncn3nnc(C4CC5CCC4C5)c23)[nH]1,7.425,0.657609306503489,2
CHEMBL2971,c1cc2c(ncn3nnc(C4CCC(N5CCOCC5)CC4)c23)[nH]1,6.425,0.30405591591021525,2
CHEMBL2971,c1cc2c(ncn3nnc(C4CCC(NCCN5CCOCC5)CC4)c23)[nH]1,6.44,0.0,1
CHEMBL2971,c1cc2c(ncn3nnc(C4CCC4)c23)[nH]1,6.7,0.0,1
CHEMBL2971,c1cc2c(ncn3nnc(C4CCCC4)c23)[nH]1,5.62,0.0,1
CHEMBL2971,c1cc2c(ncn3nnc(C4CCCCC4)c23)[nH]1,7.92,0.0,1
CHEMBL2971,c1cc2c(ncn3nnc(C4CCCCCC4)c23)[nH]1,7.369999999999999,0.7353910524340092,2
CHEMBL2971,c1cc2c(ncn3nnc(C4CCCN(Cc5cncs5)C4)c23)[nH]1,6.23,0.48083261120685306,2
CHEMBL2971,c1cc2c(ncn3nnc(C4CCCNC4)c23)[nH]1,5.6,0.0,1
CHEMBL2971,c1cc2c(ncn3nnc(C4CCN(C5CCCC5)CC4)c23)[nH]1,6.44,0.0,1
CHEMBL2971,c1cc2c(ncn3nnc(C4CCN(Cc5cnc(N6CCOCC6)s5)CC4)c23)[nH]1,6.06,0.0,1
CHEMBL2971,c1cc2c(ncn3nnc(C4CCN(Cc5cncs5)CC4)c23)[nH]1,7.355,0.7566042558696057,2
CHEMBL2971,c1cc2c(ncn3nnc(C4CCN(Cc5cocn5)CC4)c23)[nH]1,7.09,0.0,1
CHEMBL2971,c1cc2c(ncn3nnc(C4CCN(Cc5cscn5)CC4)c23)[nH]1,6.96,0.0,1
CHEMBL2971,c1cc2c(ncn3nnc(C4CCN(Cc5csnn5)CC4)c23)[nH]1,7.555,1.2374368670764582,2
CHEMBL2971,c1cc2c(ncn3nnc(C4CCNCC4)c23)[nH]1,7.4,0.0,1
CHEMBL2971,c1cc2c(ncn3nnc([C@H]4CC[C@@H](CNC5CC5)CC4)c23)[nH]1,6.25,0.0,1
CHEMBL2971,c1cc2c(ncn3nnc([C@H]4CC[C@@H](NN5CCOCC5)CC4)c23)[nH]1,6.4,0.0,1
CHEMBL2971,c1cc2c(ncn3nnc([C@H]4CC[C@H](CN5CCC5)CC4)c23)[nH]1,7.46,0.0,1
CHEMBL2971,c1cc2c(ncn3nnc([C@H]4CC[C@H](CN5CCCC5)CC4)c23)[nH]1,7.11,0.0,1
CHEMBL2971,c1cc2c(ncn3nnc([C@H]4CC[C@H](CN5CCOCC5)CC4)c23)[nH]1,7.03,0.0,1
CHEMBL2971,c1cc2c(ncn3nnc([C@H]4CC[C@H](CN5CCSC5)CC4)c23)[nH]1,7.62,0.0,1
CHEMBL2971,c1cc2c(ncn3nnc([C@H]4CC[C@H](CNC56CC(C5)C6)CC4)c23)[nH]1,7.0,0.0,1
CHEMBL2971,c1cc2c(ncn3nnc([C@H]4CC[C@H](CNC5CC5)CC4)c23)[nH]1,7.21,0.0,1
CHEMBL2971,c1cc2c(ncn3nnc([C@H]4CC[C@H](CNC5CCC5)CC4)c23)[nH]1,6.96,0.0,1
CHEMBL2971,c1cc2c(ncn3nnc([C@H]4CC[C@H](CNC5CCCC5)CC4)c23)[nH]1,6.82,0.0,1
CHEMBL2971,c1cc2c(ncn3nnc([C@H]4CC[C@H](CNC5COC5)CC4)c23)[nH]1,6.92,0.0,1
CHEMBL2971,c1cc2c(ncn3nnc([C@H]4CC[C@H](CNC5CSC5)CC4)c23)[nH]1,7.17,0.0,1
CHEMBL2971,c1cc2c(ncn3nnc([C@H]4CC[C@H](CNCC5CC5)CC4)c23)[nH]1,6.92,0.0,1
CHEMBL2971,c1cc2c(ncn3nnc([C@H]4CC[C@H](CNC[C@@H]5CCCO5)CC4)c23)[nH]1,6.42,0.39597979746446693,2
CHEMBL2971,c1cc2c(ncn3nnc([C@H]4CC[C@H](CNC[C@H]5CCCO5)CC4)c23)[nH]1,6.82,0.0,1
CHEMBL2971,c1cc2c(ncn3nnc([C@H]4CC[C@H](CNc5ccc(N6CCOCC6)cc5)CC4)c23)[nH]1,6.965,0.7000357133746822,2
CHEMBL2971,c1cc2c(ncn3nnc([C@H]4CC[C@H](NC5CC5)CC4)c23)[nH]1,7.1,0.0,1
CHEMBL2971,c1cc2c(ncn3nnc([C@H]4CC[C@H](NCC5CC5)CC4)c23)[nH]1,6.72,0.0,1
CHEMBL2971,c1cc2c(ncn3nnc([C@H]4CC[C@H](NN5CCOCC5)CC4)c23)[nH]1,7.12,0.0,1
CHEMBL2971,c1cc[n+]2cc(CN3CCC(c4nnn5cnc6[nH]ccc6c45)CC3)sc2c1,7.48,0.0,1
CHEMBL2971,c1ccc(-c2cccc3nc(-c4cncnc4)nc(NCc4ccccn4)c23)cc1,4.62,0.0,2
CHEMBL2971,c1ccc(-c2cccc3nc(Nc4ccc(OCCN5CCCC5)cc4)nn23)cc1,5.0,0.0,1
CHEMBL2971,c1ccc(-c2cccn3nc(Nc4ccc5c(c4)CCNCC5)nc23)c(OCC2CC2)c1,6.95,0.0,1
CHEMBL2971,c1ccc(-c2ccnc(Nc3ccc(N4CCOCC4)cc3)n2)cc1,6.33,0.0,1
CHEMBL2971,c1ccc(-n2cnnn2)c(-c2cc(-c3ccc4[nH]ncc4c3)on2)c1,5.7,0.0,1
CHEMBL2971,c1ccc(-n2cnnn2)c(-c2cn(-c3ccc4[nH]ncc4c3)nn2)c1,5.02,0.0,1
CHEMBL2971,c1ccc(-n2cnnn2)c(-c2nc(-c3ccc4[nH]ncc4c3)cs2)c1,5.81,0.0,1
CHEMBL2971,c1ccc(CCCN2CCC(c3nnn4cnc5[nH]ccc5c34)CC2)cc1,6.71,1.0040916292848974,2
CHEMBL2971,c1ccc(CCCN[C@H]2CC[C@H](c3nnn4cnc5[nH]ccc5c34)CC2)cc1,6.54,0.0,1
CHEMBL2971,c1ccc(CCNC2CCC(c3nnn4cnc5[nH]ccc5c34)CC2)cc1,6.72,0.0,1
CHEMBL2971,c1ccc(CCNC[C@H]2CC[C@H](c3nnn4cnc5[nH]ccc5c34)CC2)cc1,7.14,0.0,1
CHEMBL2971,c1ccc(CCN[C@H]2CC[C@@H](c3nnn4cnc5[nH]ccc5c34)CC2)cc1,6.03,0.0,1
CHEMBL2971,c1ccc(CCN[C@H]2CC[C@H](c3nnn4cnc5[nH]ccc5c34)CC2)cc1,7.03,0.0,1
CHEMBL2971,c1ccc(CN2CCC(c3nnn4cnc5[nH]ccc5c34)CC2)cc1,6.775,0.9404520189781083,2
CHEMBL2971,c1ccc(CN2CCCC(c3nnn4cnc5[nH]ccc5c34)C2)cc1,6.65,0.5798275605729682,2
CHEMBL2971,c1ccc(CNC[C@H]2CC[C@H](c3nnn4cnc5[nH]ccc5c34)CC2)cc1,7.39,0.0,1
CHEMBL2971,c1ccc(CN[C@H]2CC[C@@H](c3nnn4cnc5[nH]ccc5c34)CC2)cc1,6.13,0.0,1
CHEMBL2971,c1ccc(CN[C@H]2CC[C@H](c3nnn4cnc5[nH]ccc5c34)CC2)cc1,7.34,0.0,1
CHEMBL2971,c1ccc(Nc2nc3ccccn3n2)cc1,5.96,0.0,1
CHEMBL2971,c1ccc2c(c1)CCCN2c1nc2cccc(N3CCCc4ccccc43)n2n1,5.0,0.0,1
CHEMBL2971,c1ccc2c(c1)CCC[C@@H]2Nc1ccnc(-n2cnc3ccncc32)n1,5.14,0.0,1
CHEMBL2971,c1ccc2sc(CN3CCC(c4nnn5cnc6[nH]ccc6c45)CC3)nc2c1,7.48,0.0,1
CHEMBL2971,c1cn(-c2ccc(CN3CCC(c4nnn5cnc6[nH]ccc6c45)CC3)cc2)cn1,7.05,0.0,1
CHEMBL2971,c1cn2cc(-c3ccc4cn[nH]c4c3)nc(Nc3ccc(N4CCOCC4)cc3)c2n1,6.84,0.0,1
CHEMBL2971,c1cnc2cc(CN3CCC(c4nnn5cnc6[nH]ccc6c45)CC3)ccc2n1,6.85,0.0,1
CHEMBL2971,c1cncc(-c2cccn3nc(Nc4ccc(N5CCOCC5)cc4)nc23)c1,7.59,0.0,1
CHEMBL2971,c1cncc(CN2CCC(c3nnn4cnc5[nH]ccc5c34)CC2)c1,6.550000000000001,1.202081528017131,2
CHEMBL2971,c1cncc(CN2CCCC(c3nnn4cnc5[nH]ccc5c34)C2)c1,6.5649999999999995,0.502045814642449,2
CHEMBL2971,c1cncc(CNc2cccn3nc(NCCN4CCOCC4)nc23)c1,5.0,0.0,1
CHEMBL2971,c1cncc(CNc2cccn3nc(Nc4ccc(OCCN5CCCC5)cc4)nc23)c1,6.24,0.0,1
CHEMBL2971,c1coc(CN2CCC(c3nnn4cnc5[nH]ccc5c34)CC2)c1,7.7,0.0,1
CHEMBL2971,c1csc(CN2CCC(c3nnn4cnc5[nH]ccc5c34)CC2)c1,8.0,0.0,1
CHEMBL2971,c1csc(CN2CCC(c3nnn4cnc5[nH]ccc5c34)CC2)n1,7.27,0.0,1
CHEMBL2971,c1nc(-c2cn(CC3CO3)nn2)c2cc[nH]c2n1,5.61,0.0,1
CHEMBL2971,c1nc(CCNC[C@H]2CC[C@H](c3nnn4cnc5[nH]ccc5c34)CC2)c[nH]1,7.42,0.0,1
CHEMBL2971,c1nc2c(NC3CCCCC3)nc(Nc3ccc(N4CCOCC4)cc3)nc2[nH]1,5.926666666666667,0.22722969289539016,3
