chembl_id,smiles,pchembl_value,pchembl_std,n_records
CHEMBL1978,Brc1cc(Br)c2oc(Cn3ccnc3)cc2c1,5.09,0.0,1
CHEMBL1978,Brc1ccc(-c2csc(-c3cccnc3)n2)cn1,5.13,0.0,1
CHEMBL1978,Brc1ccc(-c2csc(-c3ccncc3)n2)cn1,5.57,0.0,1
CHEMBL1978,Brc1ccc(-c2nc(-c3cccnc3)cs2)cc1,5.1,0.0,1
CHEMBL1978,Brc1ccc(C(c2ccc(Br)cc2)n2ccnc2)cc1,8.05,0.0,1
CHEMBL1978,Brc1ccc(C2CCCc3cncn32)cc1,8.12,0.0,2
CHEMBL1978,Brc1ccc2[nH]c(-c3ccccc3)cc2c1,4.4,0.0,1
CHEMBL1978,Brc1ccc2c(c1)CC/C2=C/c1cccnc1,5.13,0.0,1
CHEMBL1978,Brc1ccc2c(c1)CC/C2=C/c1ccncc1,5.4,0.0,1
CHEMBL1978,Brc1ccc2c(c1)CC/C2=C\c1cccnc1,5.11,0.0,1
CHEMBL1978,Brc1ccc2c(c1)CC/C2=C\c1ccncc1,5.47,0.0,1
CHEMBL1978,Brc1ccc2oc(Cn3ccnc3)cc2c1,5.41,0.0,1
CHEMBL1978,Brc1cccc(-c2nc(-c3cccnc3)ns2)c1,5.17,0.0,1
CHEMBL1978,Brc1cccc(Cn2cc(Cn3ccnc3)c3ccccc32)c1,7.15,0.0,1
CHEMBL1978,Brc1ccccc1Cn1cc(Cn2ccnc2)c2ccccc21,7.17,0.0,1
CHEMBL1978,C#CCOc1ccc(C(=O)c2ccc(Cn3ccnc3)cc2)cc1,6.68,0.0,1
CHEMBL1978,C#CCOc1ccc(C(=O)c2cccc(Cn3ccnc3)c2)cc1,6.19,0.0,1
CHEMBL1978,C#Cc1c(-c2ccccc2)[nH]c2ccccc12,5.79,0.0,1
CHEMBL1978,C(/Cn1ccnc1)=C1/CCCc2occc21,5.62,0.0,1
CHEMBL1978,C(/Cn1ccnc1)=C1/CCCc2sccc21,6.17,0.0,1
CHEMBL1978,C(/Cn1ccnc1)=C1\CCCc2occc21,5.62,0.0,1
CHEMBL1978,C(/Cn1ccnc1)=C1\CCCc2sccc21,5.41,0.0,1
CHEMBL1978,C(=C(c1ccccc1)c1ccccc1)c1cccnc1,5.43,0.0,1
CHEMBL1978,C(=C1/CC(c2ccccc2)c2ccccc21)/c1cccnc1,5.39,0.0,1
CHEMBL1978,C(=C1/CCCc2ccccc21)/c1cccnc1,5.18,0.0,1
CHEMBL1978,C(=C1/CCCc2ccccc21)/c1ccncc1,6.19,0.0,1
CHEMBL1978,C(=C1/CCc2ccccc21)/c1cccnc1,5.69,0.0,1
CHEMBL1978,C(=C1/CCc2ccccc21)/c1ccncc1,5.17,0.0,1
CHEMBL1978,C(=C1\CCCc2ccccc21)/c1cccnc1,5.42,0.0,1
CHEMBL1978,C(=C1\CCc2ccccc21)/c1cccnc1,5.45,0.0,1
CHEMBL1978,C(=C1\CCc2ccccc21)/c1ccncc1,4.89,0.0,1
CHEMBL1978,C(=C1c2ccccc2-c2ccccc21)c1cccnc1,5.32,0.0,1
CHEMBL1978,C(=C1c2ccccc2-c2ccccc21)c1ccncc1,5.56,0.0,1
CHEMBL1978,C(=C\c1ccccc1)/CCN(Cc1cccc2ccccc12)n1cncn1,4.88,0.0,1
CHEMBL1978,C/C(=C(/c1ccc(O)cc1)c1ccc(OCCN)cc1)c1ccccc1,6.47,0.0,1
CHEMBL1978,C/C(=C(\c1ccccc1)c1ccc(NC(=O)C(=O)O)cc1)c1ccc(Cl)cc1,5.94,0.0,1
CHEMBL1978,C/C(=C(\c1ccccc1)c1ccc(NC(=O)C(=O)O)cc1)c1cccc(Br)c1,5.67,0.0,1
CHEMBL1978,C/C(=C(\c1ccccc1)c1ccc(NC(=O)C(=O)O)cc1)c1ccccc1,6.16,0.0,1
CHEMBL1978,C/C(=C(\c1ccccc1)c1ccc(NCCCCCn2cc(C(=O)C(=O)O)c3ccccc32)cc1)c1cccc(Br)c1,6.1,0.0,1
CHEMBL1978,C/C(=C(\c1ccccc1)c1ccc(NCCCCn2cc(C(=O)C(=O)O)c3ccccc32)cc1)c1cccc(Br)c1,5.17,0.0,1
CHEMBL1978,C/C=C1\CC[C@@]2(C)[C@@H](CC[C@@H]3[C@@H]2CC[C@]2(C)C4=NN(C)[C@H](c5ccc(OC)cc5)[C@H]4C[C@@H]32)C1,5.47,0.0,1
CHEMBL1978,C/C=C1\CC[C@@]2(C)[C@@H](CC[C@@H]3[C@@H]2CC[C@]2(C)C4=NN(C)[C@H](c5ccccc5)[C@H]4C[C@@H]32)C1,5.46,0.0,1
CHEMBL1978,C/C=C1\CC[C@@]2(C)[C@@H](CC[C@@H]3[C@@H]2CC[C@]2(C)C4=NN(c5ccccc5)[C@H](c5ccc(OC)cc5)[C@H]4C[C@@H]32)C1,5.49,0.0,1
CHEMBL1978,C/C=C1\CC[C@@]2(C)[C@@H](CC[C@@H]3[C@@H]2CC[C@]2(C)C4=NN(c5ccccc5)[C@H](c5ccccc5)[C@H]4C[C@@H]32)C1,5.48,0.0,1
CHEMBL1978,C1=C(CCCn2ccnc2)c2cccnc2CC1,6.66,0.0,1
CHEMBL1978,C1=C(CCn2ccnc2)c2cccnc2CC1,6.3,0.0,1
CHEMBL1978,C1=C(Cn2ccnc2)c2cccnc2CC1,6.295,0.6717514421272196,2
CHEMBL1978,C1=NC=NC1C(CCCCc1ccccc1)c1ccccc1,4.6,0.0,1
CHEMBL1978,C1=NC=NC1C(CCc1ccccc1)c1ccccc1,5.35,0.0,1
CHEMBL1978,C1=NC=NC1C(c1ccccc1)c1ccccc1,4.6,0.0,1
CHEMBL1978,C1=NC=NC1CC(CCc1ccccc1)c1ccccc1,5.26,0.0,1
CHEMBL1978,C1=NC=NC1CC(Cc1ccccc1)c1ccccc1,4.35,0.0,1
CHEMBL1978,C1=NC=NC1CC(c1ccccc1)c1ccccc1,4.31,0.0,1
CHEMBL1978,C1=NC=NC1CCC(Cc1ccccc1)c1ccccc1,5.12,0.0,1
CHEMBL1978,C1=NC=NC1CCC(c1ccccc1)c1ccccc1,4.82,0.0,1
CHEMBL1978,C1=NC=NC1CCCC(Cc1ccccc1)c1ccccc1,5.33,0.0,1
CHEMBL1978,C1=NC=NC1CCCC(c1ccccc1)c1ccccc1,5.7,0.0,1
CHEMBL1978,C1=NC=NC1CCCCC(c1ccccc1)c1ccccc1,5.77,0.0,1
CHEMBL1978,C1=NC=NC1CCCCCC(c1ccccc1)c1ccccc1,4.84,0.0,1
CHEMBL1978,C1=NC=NC1CCCCCc1ccccc1,4.3,0.0,1
CHEMBL1978,C1=NC=NC1CCCCc1ccccc1,4.92,0.0,1
CHEMBL1978,C1=NC=NC1CCCc1ccccc1,4.46,0.0,1
CHEMBL1978,C=C(c1ccc(C#N)cc1)n1ccnc1,9.15,0.0,1
CHEMBL1978,C=C(c1ccncc1)c1cc2c3c(c1)CCN3C(=O)CC2,6.25,0.0,1
CHEMBL1978,C=C1C[C@@H]2[C@H](CC[C@]3(C)C(=O)CC[C@@H]23)[C@@]2(C)C=CC(=O)C=C12,7.14,0.7071067811865476,2
CHEMBL1978,C=C1C[C@@]2(C)C(=CC1=O)CC[C@@H]1[C@@H]2CC[C@]2(C)C(=O)CC[C@@H]12,6.26,0.0,1
CHEMBL1978,C=CCN(c1ccc(C(=O)NCCCn2ccnc2)cc1)S(C)(=O)=O,5.6,0.0,1
CHEMBL1978,C=CCN1C(=O)C2CC2(c2ccc(N)cc2)C1=O,6.16,0.0,1
CHEMBL1978,C=CCOC(=O)N1Cc2[nH]c3ccccc3c2C[C@H]1C(=O)OC,4.35,0.0,1
CHEMBL1978,C=CC[C@@H]1CC2=CC(=O)C=C[C@]2(C)[C@H]2CC[C@]3(C)C(=O)CC[C@H]3[C@H]12,6.33,0.0,1
CHEMBL1978,C=C[C@@]1(C)CC(=O)C2=C(CC[C@H]3C(C)(C)CCC[C@]23C)C1,5.1,0.0,1
CHEMBL1978,C=C[C@]1(C)C=C2CC[C@H]3C(C)(C)CCC[C@]3(C)[C@H]2CC1,4.98,0.0,1
CHEMBL1978,CC(=C(c1ccc(O)cc1)c1ccc(O)cc1)c1c[nH]cn1,6.22,0.0,1
CHEMBL1978,CC(=C(c1ccccc1)c1ccc(NCCCCCn2cc(C(=O)C(=O)O)c3ccccc32)cc1)c1ccccc1,5.5,0.0,1
CHEMBL1978,CC(=C(c1ccccc1)c1ccc(NCCCCn2cc(C(=O)C(=O)O)c3ccccc32)cc1)c1ccccc1,5.86,0.0,1
CHEMBL1978,CC(=C(c1ccccc1)c1ccc(NCCCn2cc(C(=O)C(=O)O)c3ccccc32)cc1)c1ccccc1,6.75,0.0,1
CHEMBL1978,CC(=C(c1ccccc1)c1ccc(NCCn2cc(C(=O)C(=O)O)c3ccccc32)cc1)c1ccccc1,5.01,0.0,1
CHEMBL1978,CC(=C(c1ccccc1)c1ccccc1)c1ccc(NC(=O)C(=O)O)cc1,5.51,0.0,1
CHEMBL1978,CC(=O)N1CCN(c2ccc(/C=C/c3cc(F)cc(-c4ccncc4)c3)cc2)CC1,5.0,0.0,1
CHEMBL1978,CC(=O)N1CCN(c2ccc(CO[C@H]3CO[C@](Cn4ccnc4)(c4ccc(Cl)cc4Cl)OC3)cc2)CC1,6.46,0.0,1
CHEMBL1978,CC(=O)N1CCN(c2ccc(OCC3COC(Cn4ccnc4)(c4ccc(Cl)cc4Cl)O3)cc2)CC1,5.6362499999999995,0.548450740072173,8
CHEMBL1978,CC(=O)N1CCN(c2ccc(OC[C@@H]3CO[C@](Cn4ccnc4)(c4ccc(Cl)cc4Cl)O3)cc2)CC1,4.42,0.0,1
CHEMBL1978,CC(=O)N1CCN(c2ccc(OC[C@H]3CO[C@@](Cn4ccnc4)(c4ccc(Cl)cc4Cl)O3)cc2)CC1,5.4,0.0,1
CHEMBL1978,CC(=O)N1N=C2[C@H](C[C@H]3[C@@H]4CCC5=CC(=O)C=C[C@]5(C)[C@H]4CC[C@]23C)[C@H]1c1ccccc1,5.54,0.0,1
CHEMBL1978,CC(=O)N1N=C2[C@H](C[C@H]3[C@@H]4CC[C@H]5CC(=O)CC[C@]5(C)[C@H]4CC[C@]23C)[C@H]1c1ccccc1,5.31,0.0,1
CHEMBL1978,CC(=O)N1N=C2[C@H](C[C@H]3[C@@H]4CC[C@H]5C[C@@H](OC(=O)C(F)(F)F)CC[C@]5(C)[C@H]4CC[C@]23C)[C@H]1c1ccccc1,5.18,0.0,1
CHEMBL1978,CC(=O)O[C@@H]1C[C@@H]2[C@H](CC[C@]3(C)C(=O)CC[C@@H]23)[C@@]2(C)C=CC(=O)C=C12,5.3,0.0,1
CHEMBL1978,CC(=O)O[C@@H]1C[C@@H]2[C@H](CC[C@]3(C)C(=O)CC[C@@H]23)[C@@]2(C)CCC(=O)C=C12,4.7,0.0,1
CHEMBL1978,CC(=O)O[C@H]1C[C@@H]2[C@H](CC[C@]3(C)C(=O)CC[C@@H]23)[C@@]2(C)C=CC(=O)C=C12,5.96,0.0,1
CHEMBL1978,CC(=O)O[C@H]1C[C@@H]2[C@H](CC[C@]3(C)C(=O)CC[C@@H]23)[C@@]2(C)CCC(=O)C=C12,5.4,0.0,1
CHEMBL1978,CC(=O)O[C@H]1[C@@H](n2ccnc2)C[C@H]2[C@@H]3CC=C4C[C@@H](N5CCCC5)CC[C@]4(C)[C@H]3CC[C@@]21C,5.31,0.0,1
CHEMBL1978,CC(=O)O[C@H]1[C@@H]2[C@H](CC[C@]3(C)C(=O)CC[C@@H]23)[C@@]2(C)CCC(=O)C=C2[C@@H]1N=[N+]=[N-],6.4,0.0,1
CHEMBL1978,CC(=O)Oc1cc(/C=C/c2ccc(N)cc2)cc(OC(C)=O)c1,5.54,0.014142135623730649,2
CHEMBL1978,CC(=O)[C@@]1(C)CC[C@H]2[C@@H](C=CC3=CC(=O)CC[C@@]32C)[C@@H]1CC#N,6.66,0.0,1
CHEMBL1978,CC(=O)[C@@]1(C)CC[C@H]2[C@@H](CCC3=CC(=O)CC[C@@]32C)[C@@H]1CC#N,6.38,0.0,1
CHEMBL1978,CC(=O)c1ccc(S(=O)(=O)N2CCOC(Cn3ccnc3)C2)cc1,7.18,0.0,1
CHEMBL1978,CC(=O)c1ccccc1OCc1cn(-c2ccc(S(=O)(=O)N3CCc4ccccc4C3)cc2)nn1,4.9,0.0,1
CHEMBL1978,CC(C(=O)OC12CC3CC(CC(C3)C1)C2)c1cccnc1,5.04,0.0,1
CHEMBL1978,CC(C(=O)OC1CCCCC1)c1ccncc1,5.68,0.0,1
CHEMBL1978,CC(C(=O)O[C@H]1C[C@H]2C[C@@H]([C@@H]1C)C2(C)C)c1cccnc1,5.05,0.0,1
CHEMBL1978,CC(C(=O)O[C@H]1C[C@H]2C[C@@H]([C@@H]1C)C2(C)C)c1ccncc1,5.88,0.0,1
CHEMBL1978,CC(C)(C#N)c1cc(/C=C/c2ccc(OS(N)(=O)=O)cc2)cc(Cn2cncn2)c1,7.59,0.0,1
CHEMBL1978,CC(C)(C#N)c1cc(Cn2cncn2)cc(C(C)(C)C#N)c1,8.28,0.4762352359916268,3
CHEMBL1978,CC(C)(C#N)c1cc(Cn2cncn2)cc(Oc2ccc(OS(N)(=O)=O)cc2)c1,8.26,0.0,1
CHEMBL1978,CC(C)(C#N)c1cc(Cn2cncn2)cc(Sc2ccc(OS(N)(=O)=O)c(Br)c2)c1,8.3,0.0,1
CHEMBL1978,CC(C)(C#N)c1cc(Cn2cncn2)cc(Sc2ccc(OS(N)(=O)=O)c(Cl)c2)c1,8.38,0.0,1
CHEMBL1978,CC(C)(C#N)c1cc(Cn2cncn2)cc(Sc2ccc(OS(N)(=O)=O)cc2)c1,8.46,0.0,1
CHEMBL1978,CC(C)(C#N)c1cc(Cn2cncn2)cc(Sc2ccccc2)c1,8.64,0.0,1
CHEMBL1978,CC(C)(C(=O)Nc1ccccc1Oc1ccc(F)cc1)n1cncn1,4.88,0.0,1
CHEMBL1978,CC(C)(C(=O)OC1(C)C2CC3CC(C2)CC1C3)c1cccnc1,4.4,0.0,1
CHEMBL1978,CC(C)(C(=O)OC12CC3CC(CC(C3)C1)C2)c1cccnc1,4.46,0.0,1
CHEMBL1978,CC(C)(C(=O)OC1CCCCC1)c1ccncc1,4.89,0.0,1
CHEMBL1978,CC(C)(C)CN1C(=O)C2CC2(c2ccc(N)cc2)C1=O,6.7,0.0,1
CHEMBL1978,CC(C)(C)[C@H]1CC[C@H](OC(=O)Cc2ccncc2)CC1,6.51,0.0,1
CHEMBL1978,CC(C)(C)c1ccc(CC(Cc2ccc(-c3ccccc3)cc2)n2ccnc2)cc1,6.0,0.0,1
CHEMBL1978,CC(C)(C)c1ccc(CN(CC/C=C/c2ccccc2)n2cncn2)cc1,5.3,0.0,1
CHEMBL1978,CC(C)(C)c1ccc(CN(Cc2ccc(-c3ccccc3)cc2)n2ccnc2)cc1,5.67,0.0,1
CHEMBL1978,CC(C)(C)c1ccc(CN(Cc2ccc(Cl)cc2Cl)n2ccnc2)cc1,5.82,0.0,1
CHEMBL1978,CC(C)(C)c1ccc(CN(Cc2cccc3ccccc23)n2ccnc2)cc1,5.34,0.0,1
CHEMBL1978,CC(C)(C)c1ccc(CN(Cc2cccs2)n2ccnc2)cc1,6.24,0.0,1
CHEMBL1978,CC(C)(C)c1ccc(CN(Cc2cccs2)n2cncn2)cc1,5.04,0.0,1
CHEMBL1978,CC(C)(O)c1cncc(-c2nc3cc(F)c(F)cc3n2C2CC2)c1,5.9,0.0,1
CHEMBL1978,CC(C)(O)c1cncc(-c2nc3ccc(F)cc3n2C2CC2)c1,5.99,0.0,1
CHEMBL1978,CC(C)(O)c1cncc(-n2ncc3c(C(F)(F)F)cccc32)c1,5.34,0.0,1
CHEMBL1978,CC(C)(OC(=O)C12CC3CC(CC(C3)C1)C2)c1cccnc1,4.29,0.0,1
CHEMBL1978,CC(C)(OC(=O)C12CC3CC(CC(C3)C1)C2)c1ccncc1,4.7,0.0,1
CHEMBL1978,CC(C)/C(=C(/c1ccc(O)cc1)c1ccc(OCCN)cc1)c1ccccc1,6.48,0.0,1
CHEMBL1978,CC(C)=CCc1c(O)cc(O)c(CC=C(C)C)c1/C=C/c1ccc(O)cc1,5.57,0.0,1
CHEMBL1978,CC(C)=CCc1c(O)cc2c(c1/C=C/c1ccc(O)cc1)CC(C(C)(C)O)O2,5.03,0.0,1
CHEMBL1978,CC(C)=CCc1c(O)cc2c(c1/C=C\c1ccc(O)cc1)CCC(C)(C)O2,5.41,0.0,1
CHEMBL1978,CC(C)=CCc1cc(C2CC(=O)c3ccc(O)cc3O2)ccc1O,4.94,1.112160060422959,3
CHEMBL1978,CC(C)=CCc1cc([C@@H]2CC(=O)c3ccc(O)cc3O2)ccc1O,4.39,0.0,1
CHEMBL1978,CC(C)C(c1ccncc1)c1cc2c3c(c1)CCN3C(=O)CC2,6.05,0.0,1
CHEMBL1978,CC(C)C1(c2ccc(N)cc2)CCC(=O)NC1=O,4.8,0.0,1
CHEMBL1978,CC(C)CC(C)OC(=O)Cc1ccncc1,5.01,0.0,1
CHEMBL1978,CC(C)CC1(c2ccc(N)cc2)CCC(=O)NC1=O,5.52,0.0,1
CHEMBL1978,CC(C)CCC1(c2ccc(N)cc2)CCC(=O)NC1=O,6.4,0.0,1
CHEMBL1978,CC(C)CCOC(=O)Cc1ccncc1,4.93,0.0,1
CHEMBL1978,CC(C)CN1C(=O)C2CC(c3ccc(N)cc3)(C2)C1=O,7.21,0.0,1
CHEMBL1978,CC(C)CN1Cc2[nH]c3ccccc3c2C[C@H]1C(=O)O,4.14,0.0,1
CHEMBL1978,CC(C)N1C(=O)C2CC2(c2ccc(N)cc2)C1=O,5.4,0.0,1
CHEMBL1978,CC(C)S(=O)(=O)N1CCN(c2ccc(OC[C@@H]3CO[C@@](Cn4ccnc4)(c4ccc(Cl)cc4Cl)O3)cc2)CC1,5.92,0.0,1
CHEMBL1978,CC(C)[C@H]1CC[C@H](C)C[C@@H]1OC(=O)Cc1ccncc1,6.62,0.0,1
CHEMBL1978,CC(C)c1cc(O)c2c(c1)CC[C@H]1C(C)(C)CCC[C@]21C,5.43,0.0,1
CHEMBL1978,CC(C)c1cc(O)c2c(c1)[C@H](O)C[C@H]1C(C)(C)CCC[C@]21C,5.14,0.0,1
CHEMBL1978,CC(C)n1cc(C(Cc2ccc(F)cc2)n2ccnc2)c2cc(Br)ccc21,6.47,0.0,1
CHEMBL1978,CC(CCc1c[nH]cn1)=C(c1ccc(O)cc1)c1ccc(O)cc1,7.2,0.0,1
CHEMBL1978,CC(CCc1cccnc1)=C(c1ccc(O)cc1)c1ccc(O)cc1,5.49,0.0,1
CHEMBL1978,CC(Cc1cccnc1)=C(c1ccc(O)cc1)c1ccc(O)cc1,6.07,0.0,1
CHEMBL1978,CC(Cn1ccnc1)=C(c1ccc(O)cc1)c1ccc(O)cc1,6.0,0.0,1
CHEMBL1978,CC(c1ccc(Cl)cc1)(c1ccc(Cl)cc1)c1cccnc1,6.84,0.0,1
CHEMBL1978,CC(c1ccc(Cl)cc1)(c1ccc(Cl)cc1)c1cncnc1,7.09,0.0,1
CHEMBL1978,CC(c1ccncc1)c1cc2c3c(c1)CCN3C(=O)CC2,5.82,0.0,1
CHEMBL1978,CC/C(=C(/c1ccc(N)cc1)c1ccc(OCCN)cc1)c1ccc(O)cc1,7.32,0.0,1
CHEMBL1978,CC/C(=C(/c1ccc(N)cc1)c1ccc(OCCN)cc1)c1ccccc1,7.28,0.0,1
CHEMBL1978,CC/C(=C(/c1ccc(O)cc1)c1ccc(CCCN)cc1)c1ccc(O)cc1,6.31,0.0,1
CHEMBL1978,CC/C(=C(/c1ccc(O)cc1)c1ccc(CCCN)cc1)c1ccccc1,5.13,0.0,1
CHEMBL1978,CC/C(=C(/c1ccc(O)cc1)c1ccc(OCC(=O)O)cc1)c1ccccc1,5.43,0.0,1
CHEMBL1978,CC/C(=C(/c1ccc(O)cc1)c1ccc(OCCCN)cc1)c1ccccc1,5.91,0.0,1
CHEMBL1978,CC/C(=C(/c1ccc(O)cc1)c1ccc(OCCN)cc1)c1ccc(F)cc1,5.99,0.0,1
CHEMBL1978,CC/C(=C(/c1ccc(O)cc1)c1ccc(OCCN)cc1)c1ccc(O)cc1,7.35,0.0,1
CHEMBL1978,CC/C(=C(/c1ccc(O)cc1)c1ccc(OCCN)cc1)c1ccccc1,6.99,0.0,1
CHEMBL1978,CC/C(=C(/c1ccc(O)cc1)c1ccc(OCCO)cc1)c1ccccc1,4.52,0.0,1
CHEMBL1978,CC/C(=C(/c1ccccc1)c1ccc(OCCN)cc1)c1ccccc1,6.04,0.0,1
CHEMBL1978,CC/C(=C(\c1ccc(O)cc1)c1ccc(OCCNC)cc1)c1ccccc1,5.21,0.0,1
CHEMBL1978,CC1(C)C[C@@]2(C)C(=CC1=O)CC[C@@H]1[C@@H]2CC[C@]2(C)C(=O)CC[C@@H]12,7.05,0.0,1
CHEMBL1978,CC1(C)C[C@@]2(C=O)C(=CC1=O)CC[C@@H]1[C@@H]2CC[C@]2(C)C(=O)CC[C@@H]12,6.22,0.0,1
CHEMBL1978,CC1(C)C[C@@]2(CO)C(=CC1=O)CC[C@@H]1[C@@H]2CC[C@]2(C)C(=O)CC[C@@H]12,5.29,0.0,1
CHEMBL1978,CC1(C)Oc2ccc(S(=O)(=O)NCCCn3ccnc3)cc2NC1=O,6.3,0.0,1
CHEMBL1978,CC1(C)[C@H]2CC[C@]1(C)[C@H](OC(=O)Cc1ccncc1)C2,7.01,0.0,1
CHEMBL1978,CC1(OC(=O)Cc2cccnc2)C2CC3CC(C2)CC1C3,4.97,0.0,1
CHEMBL1978,CC1(c2ccc(N)cc2)CC(=O)NC1=O,4.95,0.0707106781186545,2
CHEMBL1978,CC12CCC(O)CC1=CCC1C2CCC2(C)C(CC3CN3)CCC12,5.15,0.0,1
CHEMBL1978,CC12CCC3C(C1CCC2=O)[C@H](Sc1ccccc1)CC1=C(Oc2ccccc2)C(=O)CCC13C,5.78,0.0,1
CHEMBL1978,CC12CCC3C(CCC4=C(Oc5ccccc5)C(=O)CCC43C)C1CCC2=O,6.28,0.0,1
CHEMBL1978,CC12CCC3C(CCC4=C(Sc5ccccc5)C(=O)CCC43C)C1CCC2=O,6.72,0.0,1
CHEMBL1978,CC1=C(O)C(=O)C[C@]2(C)[C@H]3CCc4cocc4[C@]3(CO)CCC12O,4.46,0.0,1
CHEMBL1978,CC1C/C(=C/c2cccnc2)c2ccccc21,5.55,0.0,1
CHEMBL1978,CC1CCC(OC(=O)Cc2ccncc2)C1,5.7,0.0,1
CHEMBL1978,CC1CCCCC1OC(=O)Cc1ccncc1,5.5,0.0,1
CHEMBL1978,CCC#CCO[C@@H]1C[C@@H]2[C@H](CC[C@]3(C)C(=O)CC[C@@H]23)[C@@]2(C)C=CC(=O)C=C12,7.92,0.0,1
CHEMBL1978,CCC#CCOc1cc(Cn2ccnc2)c2c(=O)c3ccccc3oc2c1,5.54,0.0,1
CHEMBL1978,CCC#CCOc1cc(Cn2ccnc2)c2oc3ccccc3c(=O)c2c1,5.26,0.0,1
CHEMBL1978,CCC#CCOc1ccc(C(=O)c2ccc(Cn3ccnc3)cc2)cc1,5.85,0.0,1
CHEMBL1978,CCC#CCOc1ccc(C(=O)c2cccc(Cn3ccnc3)c2)cc1,8.05,0.0,1
CHEMBL1978,CCC#CCOc1ccc2c(=O)c3ccc(Cn4ccnc4)cc3oc2c1,6.11,0.0,1
CHEMBL1978,CCC(=C(c1ccc(O)cc1)c1ccc(O)cc1)c1c[nH]cn1,6.02,0.0,1
CHEMBL1978,CCC(=C(c1ccc(O)cc1)c1ccc(O)cc1)c1ccccc1,4.6,0.0,1
CHEMBL1978,CCC(=C(c1ccc(O)cc1)c1ccc(O)cc1)c1cccnc1,5.9,0.0,1
CHEMBL1978,CCC(=O)N1N=C2[C@H](C[C@H]3[C@@H]4CC[C@H]5C[C@@H](OC(=O)C(F)(F)F)CC[C@]5(C)[C@H]4CC[C@]23C)[C@H]1c1ccc(OC)cc1,5.18,0.0,1
CHEMBL1978,CCC(=O)N1N=C2[C@H](C[C@H]3[C@@H]4CC[C@H]5C[C@@H](OC(=O)C(F)(F)F)CC[C@]5(C)[C@H]4CC[C@]23C)[C@H]1c1ccccc1,5.17,0.0,1
CHEMBL1978,CCC(=O)O[C@@H]1C[C@@H]2[C@H](CC[C@]3(C)C(=O)CC[C@@H]23)[C@@]2(C)CCC(=O)C=C12,5.66,0.0,1
CHEMBL1978,CCC(=O)O[C@H]1C[C@@H]2[C@H](CC[C@]3(C)C(=O)CC[C@@H]23)[C@@]2(C)CCC(=O)C=C12,6.68,0.0,1
CHEMBL1978,CCC(C(=O)O[C@H]1C[C@H]2C[C@@H]([C@@H]1C)C2(C)C)c1ccncc1,5.4,0.0,1
CHEMBL1978,CCC(C)C1(c2ccc(N)cc2)CCC(=O)NC1=O,5.52,0.0,1
CHEMBL1978,CCC(C)CC1(c2ccc(N)cc2)CCC(=O)NC1=O,5.96,0.0,1
CHEMBL1978,CCC(CC)(C(=O)O[C@H]1C[C@H]2C[C@@H]([C@@H]1C)C2(C)C)c1ccncc1,4.26,0.0,1
CHEMBL1978,CCC(CC)=C(c1ccc(O)cc1)c1ccc(OCCN)cc1,5.88,0.0,1
CHEMBL1978,CCC(CCc1c[nH]cn1)=C(c1ccc(O)cc1)c1ccc(O)cc1,7.28,0.0,1
CHEMBL1978,CCC(CCc1cccnc1)=C(c1ccc(O)cc1)c1ccc(O)cc1,6.05,0.0,1
CHEMBL1978,CCC(Cc1cccnc1)=C(c1ccc(O)cc1)c1ccc(O)cc1,7.64,0.0,1
CHEMBL1978,CCC(Cn1ccnc1)=C(c1ccc(O)cc1)c1ccc(O)cc1,7.46,0.0,1
CHEMBL1978,CCC(c1ccc(Cl)cc1)(c1ccc(Cl)cc1)c1cncnc1,5.53,0.0,1
CHEMBL1978,CCC/C(=C(/c1ccc(O)cc1)c1ccc(OCCN)cc1)c1ccccc1,6.58,0.0,1
CHEMBL1978,CCC1(c2ccc(N)cc2)CC(=O)NC1=O,4.975,0.14849242404917526,2
CHEMBL1978,CCC1(c2ccc(N)cc2)CCC(=O)NC1=O,5.155,0.7195832127002408,8
CHEMBL1978,CCCC(=O)O[C@@H]1C[C@@H]2[C@H](CC[C@]3(C)C(=O)CC[C@@H]23)[C@@]2(C)CCC(=O)C=C12,5.57,0.0,1
CHEMBL1978,CCCC(=O)O[C@H]1C[C@@H]2[C@H](CC[C@]3(C)C(=O)CC[C@@H]23)[C@@]2(C)CCC(=O)C=C12,6.7,0.0,1
CHEMBL1978,CCCC(C)C1(c2ccc(N)cc2)CCC(=O)NC1=O,6.22,0.0,1
CHEMBL1978,CCCC1(c2ccc(N)cc2)CC(=O)NC1=O,4.11,0.0,1
CHEMBL1978,CCCC1(c2ccc(N)cc2)CCC(=O)NC1=O,4.96,0.0,1
CHEMBL1978,CCCCC(=O)O[C@@H]1C[C@@H]2[C@H](CC[C@]3(C)C(=O)CC[C@@H]23)[C@@]2(C)CCC(=O)C=C12,5.82,0.0,1
CHEMBL1978,CCCCC(=O)O[C@H]1C[C@@H]2[C@H](CC[C@]3(C)C(=O)CC[C@@H]23)[C@@]2(C)CCC(=O)C=C12,6.85,0.0,1
CHEMBL1978,CCCCC1(c2ccc(N)cc2)CC(=O)NC1=O,5.42,0.0,1
CHEMBL1978,CCCCC1(c2ccc(N)cc2)CCC(=O)NC1=O,5.64,0.0,1
CHEMBL1978,CCCCCC(=O)O[C@@H]1C[C@@H]2[C@H](CC[C@]3(C)C(=O)CC[C@@H]23)[C@@]2(C)C=CC(=O)C=C12,5.75,0.0,1
CHEMBL1978,CCCCCC(=O)O[C@@H]1C[C@@H]2[C@H](CC[C@]3(C)C(=O)CC[C@@H]23)[C@@]2(C)CCC(=O)C=C12,6.28,0.0,1
CHEMBL1978,CCCCCC(=O)O[C@H]1C[C@@H]2[C@H](CC[C@]3(C)C(=O)CC[C@@H]23)[C@@]2(C)C=CC(=O)C=C12,6.68,0.0,1
CHEMBL1978,CCCCCC(=O)O[C@H]1C[C@@H]2[C@H](CC[C@]3(C)C(=O)CC[C@@H]23)[C@@]2(C)CCC(=O)C=C12,7.06,0.0,1
CHEMBL1978,CCCCCC1(c2ccc(N)cc2)CC(=O)NC1=O,5.91,0.0,1
CHEMBL1978,CCCCCC1(c2ccc(N)cc2)CCC(=O)NC1=O,5.89,0.0,1
CHEMBL1978,CCCCCCC(=O)O[C@@H]1C[C@@H]2[C@H](CC[C@]3(C)C(=O)CC[C@@H]23)[C@@]2(C)CCC(=O)C=C12,5.82,0.0,1
CHEMBL1978,CCCCCCC(=O)O[C@H]1C[C@@H]2[C@H](CC[C@]3(C)C(=O)CC[C@@H]23)[C@@]2(C)CCC(=O)C=C12,7.02,0.0,1
CHEMBL1978,CCCCCCC1(c2ccc(N)cc2)CCC(=O)NC1=O,5.82,0.0,1
CHEMBL1978,CCCCCCC1(c2ccc(N)cc2)CCNC1=O,5.76,0.0,1
CHEMBL1978,CCCCCCCC(=O)O[C@@H]1C[C@@H]2[C@H](CC[C@]3(C)C(=O)CC[C@@H]23)[C@@]2(C)CCC(=O)C=C12,5.82,0.0,1
CHEMBL1978,CCCCCCCC(=O)O[C@H]1C[C@@H]2[C@H](CC[C@]3(C)C(=O)CC[C@@H]23)[C@@]2(C)CCC(=O)C=C12,6.82,0.0,1
CHEMBL1978,CCCCCCCC1(c2ccc(N)cc2)CC(=O)NC1=O,4.48,0.0,1
CHEMBL1978,CCCCCCCC1(c2ccc(N)cc2)CCC(=O)NC1=O,5.77,0.0,1
CHEMBL1978,CCCCCCCCCCc1cn(C(c2ccc(C#N)cc2)c2ccc(C#N)cc2)nn1,4.79,0.0,1
CHEMBL1978,CCCCCCCCCCc1cn(C(c2ccccc2)c2ccccc2)nn1,4.87,0.0,1
CHEMBL1978,CCCCCCCCCCc1cn(Cc2ccc(C#N)cc2)nn1,5.1,0.0,1
CHEMBL1978,CCCCCCCCCCc1cn(Cc2ccccc2)nn1,5.19,0.0,1
CHEMBL1978,CCCCCCCCC[C@H]1C[C@](CC)(c2ccncc2)C(=O)NC1=O,5.39,0.0,1
CHEMBL1978,CCCCCCCCN1C(=O)C2CC(c3ccc(N)cc3)(C2)C1=O,6.65,0.0,1
CHEMBL1978,CCCCCCCCN1C(=O)CCC(CC)(c2ccncc2)C1=O,5.05,0.0,1
CHEMBL1978,CCCCCCCC[C@H]1C[C@@](CC)(c2ccncc2)C(=O)NC1=O,5.52,0.0,1
CHEMBL1978,CCCCCCCC[C@H]1C[C@](CC)(c2ccncc2)C(=O)NC1=O,5.585,0.049497474683058526,2
CHEMBL1978,CCCCCCCC[C@H]1C[C@](CCCCCCCC)(c2ccncc2)C(=O)NC1=O,4.58,0.0,1
CHEMBL1978,CCCCCCCC[C@]1(c2ccncc2)CCC(=O)NC1=O,5.8,0.0,1
CHEMBL1978,CCCCCCCN1C(=O)C2CC(c3ccc(N)cc3)(C2)C1=O,7.31,0.0,1
CHEMBL1978,CCCCCCCN1C(=O)CC(c2ccc(N)cc2)C1=O,5.92,0.0,1
CHEMBL1978,CCCCCCCc1cn(C(c2ccc(C#N)cc2)c2ccc(C#N)cc2)nn1,4.97,0.0,1
CHEMBL1978,CCCCCCCc1cn(C(c2ccccc2)c2ccccc2)nn1,4.71,0.0,1
CHEMBL1978,CCCCCCCc1cn(Cc2ccc(C#N)cc2)nn1,5.51,0.0,1
CHEMBL1978,CCCCCCCc1cn(Cc2ccccc2)nn1,5.02,0.0,1
CHEMBL1978,CCCCCCN1C(=O)CC(c2ccc(N)cc2)C1=O,6.4,0.0,1
CHEMBL1978,CCCCCCc1cn(C(c2ccc(C#N)cc2)c2ccc(C#N)cc2)nn1,5.29,0.0,1
CHEMBL1978,CCCCCCc1cn(C(c2ccccc2)c2ccccc2)nn1,4.83,0.0,1
CHEMBL1978,CCCCCCc1cn(Cc2ccc(C#N)cc2)nn1,5.28,0.0,1
CHEMBL1978,CCCCCCc1cn(Cc2ccccc2)nn1,5.13,0.0,1
CHEMBL1978,CCCCCN1C(=O)C2CC(c3ccc(N)cc3)(C2)C1=O,7.51,0.0,1
CHEMBL1978,CCCCCN1C(=O)C2CC2(c2ccc(N)cc2)C1=O,7.07,0.0,1
CHEMBL1978,CCCCCN1C(=O)CC(c2ccc(N)cc2)C1=O,6.1,0.0,1
CHEMBL1978,CCCCCOc1ccc(C(=O)c2ccc(Cn3ccnc3)cc2)cc1,5.89,0.0,1
CHEMBL1978,CCCCCOc1ccc(C(=O)c2cccc(Cn3ccnc3)c2)cc1,7.38,0.0,1
CHEMBL1978,CCCCCc1c(CC=C(C)C)c(O)cc(O)c1CC=C(C)C,5.09,0.0,1
CHEMBL1978,CCCCN1C(=O)C2CC2(c2ccc(N)cc2)C1=O,7.4,0.0,1
CHEMBL1978,CCCCN1C(=O)CC(c2ccc(N)cc2)C1=O,5.56,0.0,1
CHEMBL1978,CCCCO[C@@H]1C[C@@H]2[C@H](CC[C@]3(C)C(=O)CC[C@@H]23)[C@@]2(C)C=CC(=O)C=C12,6.34,0.0,1
CHEMBL1978,CCCCO[C@@H]1C[C@@H]2[C@H](CC[C@]3(C)C(=O)CC[C@@H]23)[C@@]2(C)CCC(=O)C=C12,6.38,0.0,1
CHEMBL1978,CCCCO[C@H]1C[C@@H]2[C@H](CC[C@]3(C)C(=O)CC[C@@H]23)[C@@]2(C)C=CC(=O)C=C12,6.18,0.0,1
CHEMBL1978,CCCCO[C@H]1C[C@@H]2[C@H](CC[C@]3(C)C(=O)CC[C@@H]23)[C@@]2(C)CCC(=O)C=C12,6.11,0.0,1
CHEMBL1978,CCCCOc1ccc(-c2cc(C)[nH]n2)cc1,4.8,0.0,1
CHEMBL1978,CCCCOc1ccc(-c2cc(C)no2)cc1,5.22,0.0,1
CHEMBL1978,CCCCOc1ccc(-c2cc[nH]c2)cc1,5.22,0.0,1
CHEMBL1978,CCCCOc1ccc(-c2cc[nH]n2)cc1,5.5,0.0,1
CHEMBL1978,CCCCOc1ccc(-c2ccccn2)cc1,5.45,0.0,1
CHEMBL1978,CCCCOc1ccc(-c2cccnc2)cc1,5.07,0.0,1
CHEMBL1978,CCCCOc1ccc(-c2ccn(C)n2)cc1,4.63,0.0,1
CHEMBL1978,CCCCOc1ccc(-c2ccnn2C)cc1,5.71,0.0,1
CHEMBL1978,CCCCOc1ccc(-c2ccno2)cc1,5.26,0.0,1
CHEMBL1978,CCCCOc1ccc(-c2ccon2)cc1,5.43,0.0,1
CHEMBL1978,CCCCOc1ccc(-c2cnccn2)cc1,5.11,0.0,1
CHEMBL1978,CCCCOc1ccc(-c2ncc[nH]2)cc1,4.73,0.0,1
CHEMBL1978,CCCCOc1ccc(-c2nn[nH]n2)cc1,6.5,0.0,1
CHEMBL1978,CCCCOc1ccc(-c2nocc2C)cc1,5.51,0.0,1
CHEMBL1978,CCCCOc1ccc(-c2oncc2C)cc1,6.32,0.0,1
CHEMBL1978,CCCCOc1ccc(-n2ccnc2)cc1,8.15,0.0,1
CHEMBL1978,CCCCOc1ccc(-n2ccnc2C)cc1,6.11,0.0,1
CHEMBL1978,CCCCOc1ccc(-n2ccnn2)cc1,7.17,0.0,1
CHEMBL1978,CCCCOc1ccc(-n2cnc(C)c2)cc1,6.44,0.0,1
CHEMBL1978,CCCCOc1ccc(N/C=N\O)cc1,6.57,0.0,1
CHEMBL1978,CCCCOc1cccc(-c2ccno2)c1,5.79,0.0,1
CHEMBL1978,CCCCOc1ccccc1-c1ccno1,4.85,0.0,1
CHEMBL1978,CCCC[C@H]1C[C@](CC)(c2ccncc2)C(=O)NC1=O,5.06,0.0,1
CHEMBL1978,CCCN1C(=O)C2CC(c3ccc(N)cc3)(C2)C1=O,6.96,0.0,1
CHEMBL1978,CCCN1C(=O)C2CC2(c2ccc(N)cc2)C1=O,6.22,0.0,1
CHEMBL1978,CCCN1C(=O)CC(c2ccc(N)cc2)C1=O,5.05,0.0,1
CHEMBL1978,CCCO[C@@H]1C[C@@H]2[C@H](CC[C@]3(C)C(=O)CC[C@@H]23)[C@@]2(C)CCC(=O)C=C12,6.26,0.0,1
CHEMBL1978,CCCO[C@H]1C[C@@H]2[C@H](CC[C@]3(C)C(=O)CC[C@@H]23)[C@@]2(C)CCC(=O)C=C12,5.89,0.0,1
CHEMBL1978,CCCOc1ccc(C(=O)c2ccc(Cn3ccnc3)cc2)cc1,6.43,0.0,1
CHEMBL1978,CCCOc1ccc(C(=O)c2cccc(Cn3ccnc3)c2)cc1,8.7,0.0,1
CHEMBL1978,CCCc1cn(C(c2ccc(C#N)cc2)c2ccc(C#N)cc2)nn1,5.33,0.0,1
CHEMBL1978,CCCc1cn(C(c2ccccc2)c2ccccc2)nn1,4.96,0.0,1
CHEMBL1978,CCCc1cn(Cc2ccc(C#N)cc2)nn1,5.36,0.0,1
CHEMBL1978,CCCc1cn(Cc2ccccc2)nn1,4.9,0.0,1
CHEMBL1978,CCCn1cc(C(Cc2ccc(F)cc2)n2ccnc2)c2cc(Br)ccc21,6.5,0.0,1
CHEMBL1978,CCN(CC)c1ccc2cc(-c3cc4ccc(N(CC)CC)cc4oc3=O)c(=O)oc2c1,7.54,0.0,1
CHEMBL1978,CCN(CC)c1ccc2cc(-c3cnco3)c(=O)oc2c1,5.51,0.0,1
CHEMBL1978,CCN(CC)c1ccc2cc(-c3nc(C)cs3)c(=O)oc2c1,5.96,0.0,1
CHEMBL1978,CCN1C(=O)C2CC2(c2ccc(N)cc2)C1=O,5.16,0.0,1
CHEMBL1978,CCN1CCc2cc(Br)cc(C(Cc3ccc(F)cc3)n3ccnc3)c21,7.05,0.0,1
CHEMBL1978,CCN1CCc2cc(Cl)cc(C(Cc3ccc(F)cc3)n3ccnc3)c21,7.2,0.0,1
CHEMBL1978,CCN1CCc2cccc(C(Cc3ccc(F)cc3)n3ccnc3)c21,7.21,0.0,1
CHEMBL1978,CCN1CCc2cccc(C(Cc3ccc(F)cc3)n3ccnn3)c21,5.54,0.0,1
CHEMBL1978,CCN1CCc2cccc(C(Cc3cccc(Cl)c3)n3ccnc3)c21,6.96,0.0,1
CHEMBL1978,CCOC(=O)C(=O)Nc1ccc(/C(=C(/C)c2ccc(Cl)cc2)c2ccccc2)cc1,7.08,0.0,1
CHEMBL1978,CCOC(=O)C(=O)Nc1ccc(/C(=C(/C)c2ccc(OC)cc2)c2ccccc2)cc1,7.21,0.0,1
CHEMBL1978,CCOC(=O)C(=O)Nc1ccc(/C(=C(/C)c2cccc(Br)c2)c2ccccc2)cc1,6.46,0.0,1
CHEMBL1978,CCOC(=O)C(=O)Nc1ccc(/C(=C(/C)c2ccccc2)c2ccccc2)cc1,5.92,0.0,1
CHEMBL1978,CCOC(=O)C(=O)Nc1ccc(/C(=C(/C)c2ccccc2OC)c2ccccc2)cc1,6.75,0.0,1
CHEMBL1978,CCOC(=O)C(=O)Nc1ccc(C(C)=C(c2ccccc2)c2ccccc2)cc1,4.92,0.0,1
CHEMBL1978,CCOC(=O)C(=O)c1cn(CCCCCCNc2ccc(C(=C(C)c3ccccc3)c3ccccc3)cc2)c2ccccc12,5.71,0.0,1
CHEMBL1978,CCOC(=O)C(=O)c1cn(CCCCCNc2ccc(/C(=C(/C)c3cccc(Br)c3)c3ccccc3)cc2)c2ccccc12,6.1,0.0,1
CHEMBL1978,CCOC(=O)C(=O)c1cn(CCCCCNc2ccc(/C(=C(/C)c3ccccc3OC)c3ccccc3)cc2)c2ccccc12,6.88,0.0,1
CHEMBL1978,CCOC(=O)C(=O)c1cn(CCCCCNc2ccc(C(=C(C)c3ccccc3)c3ccccc3)cc2)c2ccccc12,7.27,0.0,1
CHEMBL1978,CCOC(=O)C(=O)c1cn(CCCCNc2ccc(/C(=C(/C)c3cccc(Br)c3)c3ccccc3)cc2)c2ccccc12,5.41,0.0,1
CHEMBL1978,CCOC(=O)C(=O)c1cn(CCCCNc2ccc(/C(=C(/C)c3ccccc3OC)c3ccccc3)cc2)c2ccccc12,5.5,0.0,1
CHEMBL1978,CCOC(=O)C(=O)c1cn(CCCCNc2ccc(C(=C(C)c3ccccc3)c3ccccc3)cc2)c2ccccc12,6.3,0.0,1
CHEMBL1978,CCOC(=O)C(=O)c1cn(CCCNc2ccc(C(=C(C)c3ccccc3)c3ccccc3)cc2)c2ccccc12,6.19,0.0,1
CHEMBL1978,CCOC(=O)C(=O)c1cn(CCNc2ccc(C(=C(C)c3ccccc3)c3ccccc3)cc2)c2ccccc12,5.86,0.0,1
CHEMBL1978,CCOC(=O)Cc1csc(N/N=C/c2ccc3cc(OC)ccc3c2)n1,7.51,0.0,1
CHEMBL1978,CCOC(=O)c1ccc(C2CCCc3cncn32)cc1,7.68,0.0,2
CHEMBL1978,CCOC(=O)c1csc(-c2cc3ccc(N(CC)CC)cc3oc2=O)n1,5.96,0.0,1
CHEMBL1978,CCOC1=C[C@@H]2[C@H](CC[C@]3(C)C(=O)CC[C@@H]23)[C@@]2(C)C=CC(=O)C=C12,6.02,0.0,1
CHEMBL1978,CCOC1=C[C@@H]2[C@H](CC[C@]3(C)C(=O)CC[C@@H]23)[C@@]2(C)CCC(=O)C=C12,6.12,0.0,1
CHEMBL1978,CCO[C@@H]1C[C@@H]2[C@H](CC[C@]3(C)C(=O)CC[C@@H]23)[C@@]2(C)C=CC(=O)C=C12,6.25,0.0,1
CHEMBL1978,CCO[C@@H]1C[C@@H]2[C@H](CC[C@]3(C)C(=O)CC[C@@H]23)[C@@]2(C)CCC(=O)C=C12,6.3,0.0,1
CHEMBL1978,CCO[C@@H]1C[C@@]2(C)C(=CC1=O)CC[C@@H]1[C@@H]2CC[C@]2(C)C(=O)CC[C@@H]12,4.93,0.0,1
CHEMBL1978,CCO[C@H]1C[C@@H]2[C@H](CC[C@]3(C)C(=O)CC[C@@H]23)[C@@]2(C)C=CC(=O)C=C12,5.82,0.0,1
CHEMBL1978,CCO[C@H]1C[C@@H]2[C@H](CC[C@]3(C)C(=O)CC[C@@H]23)[C@@]2(C)CCC(=O)C=C12,5.85,0.0,1
CHEMBL1978,CCOc1ccc(-c2csc(-c3ccncc3)n2)cn1,5.87,0.0,1
CHEMBL1978,CCOc1ccc(S(=O)(=O)NCCCn2ccnc2)c2ccccc12,6.12,0.0,1
CHEMBL1978,CCOc1ccc2c(c1)CC/C2=C/c1cccnc1,5.12,0.0,1
CHEMBL1978,CCOc1ccc2c(c1)CC/C2=C\c1cccnc1,5.15,0.0,1
CHEMBL1978,CCS(=O)(=O)N1CCN(c2ccc(/C=C/c3cc(F)cc(-c4ccncc4)c3)cc2)CC1,5.0,0.0,1
CHEMBL1978,CCS(=O)(=O)N1CCN(c2ccc(OC[C@@H]3CO[C@@](Cn4ccnc4)(c4ccc(Cl)cc4Cl)O3)cc2)CC1,5.8,0.0,1
CHEMBL1978,CCS(=O)(=O)NCc1cncc(-c2c(C#N)c3ccc(Cl)cc3n2C)c1,5.47,0.0,1
CHEMBL1978,CC[C@@H]1C[C@@]2(C)C(=CC1=O)CC[C@@H]1[C@@H]2CC[C@]2(C)C(=O)CC[C@@H]12,6.32,0.0,1
CHEMBL1978,CC[C@H](Nc1cc(C)nc(Nc2cccc(O)c2)n1)c1nccs1,5.29,0.0,1
CHEMBL1978,CC[C@H]1CC[C@@H](OC(=O)Cc2ccncc2)CC1,6.92,0.0,1
CHEMBL1978,CC[C@]1(c2ccc(N)cc2)CCC(=O)NC1=O,4.72,0.0,1
CHEMBL1978,CC[C@]1(c2ccncc2)CCC(=O)NC1=O,4.2,0.0,1
CHEMBL1978,CC[C@]1(c2ccncc2)C[C@@H](C)C(=O)NC1=O,4.03,0.0,1
CHEMBL1978,CC[C@]1(c2ccncc2)C[C@H](C)C(=O)NC1=O,4.64,0.0,1
CHEMBL1978,CCc1[nH]c2ccc(C(=O)NCC(C)n3cncn3)cc2c1C,4.97,0.0,1
CHEMBL1978,CCc1c(F)cncc1-c1nc2ccc(F)cn2c1C1CC1,6.92,0.0,1
CHEMBL1978,CCc1ccc(C(CCCc2c[nH]cn2)c2ccccc2)cc1,5.07,0.0,1
CHEMBL1978,CCc1ccc(C(c2cc3ccc(OC)cc3o2)n2cncn2)cc1,5.91,0.0,1
CHEMBL1978,CCc1nc(C)cn1Cc1ccccc1CC(=O)O,5.21,0.0,1
CHEMBL1978,CCn1c(C(Cc2ccc(Cl)cc2)n2ccnc2)c(C)c2cc(Br)ccc21,6.39,0.0,1
CHEMBL1978,CCn1c(C(Cc2ccc(Cl)cc2)n2ccnn2)c(C)c2cc(Br)ccc21,5.73,0.0,1
CHEMBL1978,CCn1c(C(Cc2ccc(F)cc2)n2ccnc2)c(C)c2ccccc21,6.92,0.0,1
CHEMBL1978,CCn1c(C(Cc2ccc(F)cc2)n2ccnn2)c(C)c2cc(Br)ccc21,5.46,0.0,1
CHEMBL1978,CCn1c(C(Cc2cccc(Cl)c2)n2ccnc2)c(C)c2cc(Br)ccc21,6.03,0.0,1
CHEMBL1978,CCn1c(C(Cc2cccc(Cl)c2)n2ccnn2)c(C)c2cc(Br)ccc21,4.76,0.0,1
CHEMBL1978,CCn1c(C(Cc2ccccc2)n2ccnc2)c(C)c2cc(Br)ccc21,6.38,0.0,1
CHEMBL1978,CCn1c(C(Cc2ccccc2)n2ccnn2)c(C)c2cc(Br)ccc21,5.49,0.0,1
CHEMBL1978,CCn1c(C(c2ccc(F)cc2)n2ccnc2)c(C)c2cc(Br)ccc21,6.62,0.0,1
CHEMBL1978,CCn1c(C)c(C(Cc2ccc(F)cc2)n2ccnc2)c2ccccc21,7.5,0.0,1
CHEMBL1978,CCn1c2ccccc2c2ccc(C(c3[nH]c4ccccc4c3CCNS(=O)(=O)c3ccc(Cl)cc3)c3[nH]c4ccccc4c3CCNS(=O)(=O)c3ccc(Cl)cc3)cc21,5.41,0.0,1
CHEMBL1978,CCn1cc(C(Cc2ccc(Cl)cc2Cl)n2ccnc2)c2cc(Br)ccc21,6.21,0.0,1
CHEMBL1978,CCn1cc(C(Cc2ccc(F)cc2)n2ccnc2)c2cc(Br)ccc21,6.02,0.0,1
CHEMBL1978,CCn1cc(C(Cc2ccc(F)cc2)n2ccnc2)c2cc(C#N)ccc21,6.85,0.0,1
CHEMBL1978,CCn1cc(C(Cc2ccc(F)cc2)n2ccnc2)c2cc(Cl)ccc21,6.82,0.0,1
CHEMBL1978,CCn1cc(C(Cc2ccc(F)cc2)n2ccnc2)c2cc(F)ccc21,7.22,0.0,1
CHEMBL1978,CCn1cc(C(c2ccc(Cl)cc2)n2ccnc2)c2cc(Br)ccc21,6.93,0.0,1
CHEMBL1978,CCn1cc(C(c2ccc(Cl)cc2)n2ccnn2)c2cc(Br)ccc21,5.06,0.0,1
CHEMBL1978,CCn1cc(C(c2ccc(F)cc2)n2ccnc2)c2cc(Br)ccc21,7.29,0.0,1
CHEMBL1978,CCn1cc(C(c2ccc(F)cc2)n2ccnc2)c2ccccc21,7.24,0.0,1
CHEMBL1978,CCn1cc(C(c2ccccc2)n2ccnc2)c2cc(Br)ccc21,6.99,0.0,1
CHEMBL1978,CCn1cc(C(c2ccccc2)n2ccnc2)c2ccccc21,7.0,0.0,1
CHEMBL1978,CCn1cc(C(c2ccccc2)n2ccnn2)c2cc(Br)ccc21,5.51,0.0,1
CHEMBL1978,CCn1cc(Cn2ccnc2)c2ccccc21,5.45,0.0,1
CHEMBL1978,CCn1ccc2c3c(C(=O)O)cc(-c4ccccc4)nc3ccc21,5.83,0.0,1
CHEMBL1978,CCn1ccc2c3c(Cn4ccnc4)cc(-c4ccccc4)nc3ccc21,8.51,0.0,1
CHEMBL1978,CCn1ccc2c3c(Cn4cncn4)cc(-c4ccccc4)nc3ccc21,7.88,0.0,1
CHEMBL1978,CCn1ccc2c3nc(-c4ccccc4)cc(Cn4ccnc4)c3ccc21,8.28,0.0,1
CHEMBL1978,CCn1ccc2cc(Br)cc(C(Cc3ccc(F)cc3)n3ccnc3)c21,6.7,0.0,1
CHEMBL1978,CCn1ccc2cc(C(c3ccc(F)cc3)n3ccnc3)ccc21,7.395,0.007071067811866266,2
CHEMBL1978,CCn1ccc2cc(C(c3ccccc3)n3ccnc3)ccc21,6.69,0.0,1
CHEMBL1978,CCn1ccc2cccc(C(Cc3ccc(Br)cc3)n3ccnc3)c21,7.16,0.0,1
CHEMBL1978,CCn1ccc2cccc(C(Cc3ccc(Cl)cc3)n3ccnc3)c21,7.26,0.0,1
CHEMBL1978,CCn1ccc2cccc(C(Cc3ccc(F)cc3)n3ccnc3)c21,7.21,0.0,1
CHEMBL1978,CCn1ccc2cccc(C(Cc3cccc(Cl)c3)n3ccnc3)c21,6.77,0.0,1
CHEMBL1978,CN(C)S(=O)(=O)Oc1ccc(C(c2ccc(C#N)cc2)n2cncn2)cc1Br,7.64,0.0,1
CHEMBL1978,CN(CCN(c1ccc(C#N)cc1)n1cnnc1)S(=O)(=O)c1ccc(O)cc1,8.26,0.0,1
CHEMBL1978,CN(CCN(c1ccc(C#N)cc1)n1cnnc1)S(=O)(=O)c1ccc(OS(N)(=O)=O)cc1,8.0,0.0,1
CHEMBL1978,CN1C(=O)C2CC2(c2ccc(N)cc2)C1=O,4.85,0.0,1
CHEMBL1978,CN1C(=O)CC(C)(c2ccc(N)cc2)C1=O,4.9,0.1414213562373093,2
CHEMBL1978,CN1C(=O)CC(c2ccc(N)cc2)C1=O,4.890000000000001,0.15556349186103996,2
CHEMBL1978,CN1C(=O)CCc2cc(-c3cccnc3)ccc21,7.0,0.0,1
CHEMBL1978,CN1N=C2[C@H](C[C@H]3[C@@H]4CCC5=CC(=O)C=C[C@]5(C)[C@H]4CC[C@]23C)[C@H]1c1ccccc1,5.675000000000001,0.09192388155425142,2
CHEMBL1978,CN1N=C2[C@H](C[C@H]3[C@@H]4CC[C@H]5CC(=O)CC[C@]5(C)[C@H]4CC[C@]23C)[C@H]1c1ccccc1,5.32,0.0,1
CHEMBL1978,CN1N=C2[C@H](C[C@H]3[C@@H]4CC[C@H]5C[C@@H](O)CC[C@]5(C)[C@H]4CC[C@]23C)[C@H]1c1ccccc1,5.2,0.0,1
CHEMBL1978,CN1N=C2[C@H](C[C@H]3[C@@H]4CC[C@H]5C[C@@H](OC(=O)C(F)(F)F)CC[C@]5(C)[C@H]4CC[C@]23C)[C@H]1c1ccccc1,5.24,0.0,1
CHEMBL1978,COC(=O)C1=C(C)NC(C)=C(C(=O)OC)C1C[C@H]1C[C@@H]2[C@H](CC[C@]3(C)C(=O)CC[C@@H]23)[C@@]2(C)C=CC(=O)C=C12,5.0,0.0,1
CHEMBL1978,COC(=O)[C@@H]1Cc2c([nH]c3ccccc23)CN1C(=O)NC(C)C,4.33,0.0,1
CHEMBL1978,COC(=O)[C@@H]1Cc2c([nH]c3ccccc23)CN1CC(C)C,4.19,0.0,1
CHEMBL1978,COC(=O)[C@@H]1Cc2c([nH]c3ccccc23)CN1CC1CC1,4.23,0.0,1
CHEMBL1978,COC(=O)[C@@H]1Cc2c([nH]c3ccccc23)CN1Cc1ccc(O)cc1,4.24,0.0,1
CHEMBL1978,COC(=O)[C@@H]1Cc2c([nH]c3ccccc23)CN1S(=O)(=O)c1ccc(C)cc1,4.2,0.0,1
CHEMBL1978,COC(=O)[C@H]1Cc2c([nH]c3ccccc23)CN1S(C)(=O)=O,4.17,0.0,1
CHEMBL1978,COC(=O)[C@]1(c2ccc(C#N)cc2Cl)CCc2cncn21,7.3,0.0,1
CHEMBL1978,COC(=O)c1ccc(NCC2=CC(=O)c3ccccc3C2=O)cc1,4.02,0.0,1
CHEMBL1978,COC(=O)c1ccccc1OCc1cn(-c2ccc(S(=O)(=O)N3CCc4cc(OC)c(OC)cc4C3)cc2)nn1,4.9,0.0,1
CHEMBL1978,COC(=O)c1ccccc1S(=O)(=O)N1CCCC(Cn2ccnc2)C1,7.28,0.0,1
CHEMBL1978,COC(C)(C)c1cncc(-c2ccc3c(c2)CCc2nnc(C)n2-3)c1,4.95,0.0,1
CHEMBL1978,COC(c1ccc(Cl)cc1)(c1ccc(Cl)cc1)c1cccnc1,5.8,0.0,1
CHEMBL1978,COC1=C[C@@H]2[C@H](CC[C@]3(C)C(=O)CC[C@@H]23)[C@@]2(C)C=CC(=O)C=C12,6.1,0.0,1
CHEMBL1978,COC1=C[C@@H]2[C@H](CC[C@]3(C)C(=O)CC[C@@H]23)[C@@]2(C)CCC(=O)C=C12,6.16,0.0,1
CHEMBL1978,COC1C(F)=Cc2cc(Cn3ccnc3)ccc2C1F,6.12,0.0,1
CHEMBL1978,COCCS(=O)(=O)N1CCN(c2ccc(OC[C@@H]3CO[C@@](Cn4ccnc4)(c4ccc(Cl)cc4Cl)O3)cc2)CC1,5.0,0.0,1
CHEMBL1978,COCOC1=C2CCC3C(CC[C@]4(C)C(=O)CCC34)[C@@]2(C)CCC1=O,5.36,0.0,1
CHEMBL1978,COCOC1=C2CC[C@@H]3[C@H](CC[C@]4(C)C(=O)CC[C@@H]34)[C@@]2(C)CCC1=O,5.36,0.0,1
CHEMBL1978,COCOc1ccc(C2CC(=O)c3ccc(OC)cc3O2)cc1CC=C(C)C,4.6,0.0,1
CHEMBL1978,COCOc1ccc2c(c1)OC(c1ccc(OC)c(CC=C(C)C)c1)CC2=O,5.12,0.0,1
CHEMBL1978,COCOc1ccc2c(c1)OC(c1ccc(OCOC)c(CC=C(C)C)c1)CC2=O,4.86,0.0,1
CHEMBL1978,COCSC1=C2CCC3C(CC[C@]4(C)C(=O)CCC34)[C@@]2(C)CCC1=O,5.0,0.0,1
CHEMBL1978,COCSC1=C2CC[C@@H]3[C@H](CC[C@]4(C)C(=O)CC[C@@H]34)[C@@]2(C)CCC1=O,5.0,0.0,1
CHEMBL1978,CO[C@@H]1C[C@@H]2[C@H](CC[C@]3(C)C(=O)CC[C@@H]23)[C@@]2(C)C=CC(=O)C=C12,6.21,0.0,1
CHEMBL1978,CO[C@@H]1C[C@@H]2[C@H](CC[C@]3(C)C(=O)CC[C@@H]23)[C@@]2(C)CCC(=O)C=C12,6.77,0.0,1
CHEMBL1978,CO[C@@H]1C[C@@]2(C)C(=CC1=O)CC[C@@H]1[C@@H]2CC[C@]2(C)C(=O)CC[C@@H]12,4.93,0.0,1
CHEMBL1978,CO[C@H]1C[C@@H]2[C@H](CC[C@]3(C)C(=O)CC[C@@H]23)[C@@]2(C)C=CC(=O)C=C12,6.36,0.0,1
CHEMBL1978,CO[C@H]1C[C@@H]2[C@H](CC[C@]3(C)C(=O)CC[C@@H]23)[C@@]2(C)CCC(=O)C=C12,6.27,0.0,1
CHEMBL1978,COc1c(C)cc(S(=O)(=O)N2CCCC(Cn3ccnc3)C2)c(C)c1C,7.35,0.0,1
CHEMBL1978,COc1c(C)cc(S(=O)(=O)N2CCCC(Cn3ccnc3)C2)cc1C,7.68,0.0,1
CHEMBL1978,COc1c(F)cc2c(C)c(Cn3ccnc3)ccc2c1F,6.02,0.0,1
CHEMBL1978,COc1c(OC)c(OC)c2c(C)cc(=O)[nH]c2c1OC,5.25,0.0,1
CHEMBL1978,COc1c(OC)c(OC)c2c(c(C)cc(=O)n2C)c1OC,6.12,0.0,1
CHEMBL1978,COc1cc(-c2nc(-c3cccnc3)cs2)ccn1,7.64,0.0,1
CHEMBL1978,COc1cc(/C=C(\Cn2ccnc2)c2ccc(N)cc2)cc(OC)c1,7.42,0.028284271247461613,2
CHEMBL1978,COc1cc(/C=C(\Cn2ccnc2)c2ccc([N+](=O)[O-])cc2)cc(OC)c1,7.1899999999999995,0.04242640687119289,2
CHEMBL1978,COc1cc(/C=C/c2ccc(N)cc2)c(OC)c(OC)c1,5.63,0.014142135623730649,2
CHEMBL1978,COc1cc(/C=C/c2ccc(N)cc2)cc(OC)c1,6.37,0.19798989873223286,2
CHEMBL1978,COc1cc(/C=C/c2ccc(N)cc2)cc(OC)c1OC,6.05,0.0,1
CHEMBL1978,COc1cc(/C=C/c2cccc(N)c2)cc(OC)c1OC,4.79,0.0,1
CHEMBL1978,COc1cc(/C=C/c2ccccc2[N+](=O)[O-])cc(OC)c1,5.41,0.0,1
CHEMBL1978,COc1cc(/C=C2\Cc3ccccc3C2=O)ccc1OCCCn1ccnc1,6.26,0.0,1
CHEMBL1978,COc1cc(=O)n(C)c2c3c(ccc12)OCO3,5.41,0.0,1
CHEMBL1978,COc1cc(C2CC(=O)Oc3cc4c(cc32)OCO4)cc(OC)c1O,4.92,0.0,1
CHEMBL1978,COc1cc(C2CC(=O)Oc3cc4c(cc32)OCO4)cc(OC)c1OC(C)=O,4.92,0.0,1
CHEMBL1978,COc1cc(CC(=O)N2CCOC(Cn3ccnc3)C2)cc(OC)c1OC,7.23,0.0,1
CHEMBL1978,COc1cc(CCc2ccc(N)cc2)cc(OC)c1,5.555,0.007071067811865324,2
CHEMBL1978,COc1cc(CCc2ccc(N)cc2)cc(OC)c1OC,5.55,0.0,1
CHEMBL1978,COc1cc(Cl)c(S(=O)(=O)NCCCn2ccnc2)cc1Cl,7.2,0.0,1
CHEMBL1978,COc1cc(Cl)ccc1C(O)(c1ccccc1)c1cccnc1,5.75,0.0,1
CHEMBL1978,COc1cc(Cn2ccnc2)c2ccc(=O)oc2c1,6.775,0.007071067811866266,2
CHEMBL1978,COc1cc(O)c(C(=O)/C=C/c2ccccc2)c(O)c1,4.84,0.0,1
CHEMBL1978,COc1cc(O)c([C@@H]2C[C@@H](c3ccccc3)Oc3c(C=O)c(O)cc(O)c32)c(O)c1C(=O)/C=C/c1ccccc1,5.48,0.0,1
CHEMBL1978,COc1cc(O)c([C@H]2C[C@@H](c3ccccc3)Oc3c(C=O)c(O)cc(O)c32)c(O)c1C(=O)/C=C/c1ccccc1,5.75,0.0,1
CHEMBL1978,COc1cc(O)c2c(c1)O[C@]1(C)[C@@H](O)[C@@H](C)C[C@H](O)[C@@H]1C2=O,4.55,0.0,1
CHEMBL1978,COc1cc(OC)c(OC)cc1CCc1ccc(N)cc1,5.55,0.0,1
CHEMBL1978,COc1cc(OC)c2[nH]c(=O)cc(C)c2c1OC,4.83,0.0,1
CHEMBL1978,COc1cc(OC)c2c(c(C)cc(=O)n2C)c1OC,7.0,0.0,1
CHEMBL1978,COc1cc(OC)c2c(c1)c(C)cc(=O)n2C,6.02,0.0,1
CHEMBL1978,COc1cc([N+](=O)[O-])ccc1S(=O)(=O)N1CCCC(Cn2ccnc2)C1,6.89,0.0,1
CHEMBL1978,COc1cc2c(C)cc(=O)[nH]c2c(OC)c1OC,4.73,0.0,1
CHEMBL1978,COc1cc2c(C)cc(=O)n(C)c2c(OC)c1OC,5.57,0.0,1
CHEMBL1978,COc1cc2c(cc1-c1cccnc1)CCC(=O)N2C,7.31,0.0,1
CHEMBL1978,COc1cc2c(cc1-c1cncn1CCCn1ccnc1C)OCCCO2,6.3,0.0,1
CHEMBL1978,COc1cc2c(cc1Br)CCC1C(c3ccncc3)C21,5.85,0.0,1
CHEMBL1978,COc1cc2c(cc1OC)/C(=C/c1cccnc1)CCC2,6.01,0.0,1
CHEMBL1978,COc1cc2c(cc1OC)/C(=C/c1ccncc1)CCC2,5.55,2.1213203435596424,2
CHEMBL1978,COc1cc2c(cc1OC)CN(S(=O)(=O)c1ccc(-n3cc(COc4cc(C=O)ccc4OC)nn3)cc1)CC2,4.9,0.0,1
CHEMBL1978,COc1cc2c(cc1OC)CN(S(=O)(=O)c1ccc(-n3cc(COc4ccc([N+](=O)[O-])cc4)nn3)cc1)CC2,4.9,0.0,1
CHEMBL1978,COc1cc2c(cc1OC)CN(S(=O)(=O)c1ccc(-n3cc(COc4ccccc4C(C)=O)nn3)cc1)CC2,4.9,0.0,1
CHEMBL1978,COc1cc2c(cc1OC)CN(S(=O)(=O)c1ccc(-n3cc(COc4ccccc4C)nn3)cc1)CC2,4.9,0.0,1
CHEMBL1978,COc1cc2c(cc1OC)CN(S(=O)(=O)c1cccc(-n3cc(COc4cc(=O)oc5ccccc45)nn3)c1)CC2,5.75,0.0,1
CHEMBL1978,COc1cc2c(cc1OC)CN(S(=O)(=O)c1cccc(-n3cc(COc4ccc5ccc(=O)oc5c4)nn3)c1)CC2,6.7,0.0,1
CHEMBL1978,COc1cc2c(cc1OC)CN(S(=O)(=O)c1cccc(-n3cc(COc4ccc5ccccc5c4)nn3)c1)CC2,7.16,0.0,1
CHEMBL1978,COc1cc2ccc(Cn3ccnc3)c(C)c2cc1F,6.24,0.0,1
CHEMBL1978,COc1cc2ccc(Cn3ccnc3)cc2cc1F,6.77,0.0,1
CHEMBL1978,COc1ccc(-c2[nH]c3cc(Cl)ccc3c2Cn2ccnc2)cc1,6.56,0.0,1
CHEMBL1978,COc1ccc(-c2[nH]c3cc(Cl)ccc3c2Cn2cncn2)cc1,6.71,0.0,1
CHEMBL1978,COc1ccc(-c2[nH]c3cc(F)ccc3c2Cn2ccnc2)cc1,7.44,0.0,1
CHEMBL1978,COc1ccc(-c2[nH]c3cc(F)ccc3c2Cn2cncn2)cc1,7.85,0.0,1
CHEMBL1978,COc1ccc(-c2c(-n3ccnc3)oc3cc(OC)ccc3c2=O)cc1,5.7,0.0,1
CHEMBL1978,COc1ccc(-c2c(-n3ccnc3)oc3cc(OCc4ccccc4)ccc3c2=O)cc1,5.33,0.0,1
CHEMBL1978,COc1ccc(-c2c(SCc3ccncc3)oc3cc(O)ccc3c2=O)cc1,6.66,0.0,1
CHEMBL1978,COc1ccc(-c2c(SCc3ccncc3)oc3cc(OC)ccc3c2=O)cc1,5.51,0.0,1
CHEMBL1978,COc1ccc(-c2c(SCc3ccncc3)oc3cc(OCc4ccccc4)ccc3c2=O)cc1,6.28,0.0,1
CHEMBL1978,COc1ccc(-c2cc(CO)c3ccc4[nH]ccc4c3n2)cc1,6.04,0.0,1
CHEMBL1978,COc1ccc(-c2cc(Cn3ccnc3)c3ccc4[nH]ccc4c3n2)cc1,6.34,0.0,1
CHEMBL1978,COc1ccc(-c2cc3c(=O)cc(O)oc3cc2SCc2ccncc2)cc1,6.66,0.0,1
CHEMBL1978,COc1ccc(-c2cnnn2Cc2ccco2)cc1,5.51,0.0,1
CHEMBL1978,COc1ccc(-c2csc(-c3cccnc3)n2)cn1,6.23,0.0,1
CHEMBL1978,COc1ccc(-c2csc(-c3ccncc3)n2)cn1,5.98,0.0,1
CHEMBL1978,COc1ccc(-c2csc(-c3ncccn3)n2)cc1,5.5,0.0,1
CHEMBL1978,COc1ccc(-c2nc(-c3cccnc3)cs2)cc1,4.75,0.0,1
CHEMBL1978,COc1ccc(-c2oc3ccccc3c(=O)c2Cn2ccnc2)cc1,7.1,0.0,1
CHEMBL1978,COc1ccc(/C(=N/Nc2cnnc(Cl)c2Cl)c2ccccc2)cc1,5.25,0.0,1
CHEMBL1978,COc1ccc(/C(C)=C(/c2ccccc2)c2ccc(NC(=O)C(=O)O)cc2)cc1,6.05,0.0,1
CHEMBL1978,COc1ccc(/C=C/C(=O)c2ccc(O)cc2O)cc1CC=C(C)C,4.08,0.0,1
CHEMBL1978,COc1ccc(/C=C/c2c(CC=C(C)C)c(O)cc(O)c2CC(O)=C(C)C)cc1,5.0,0.0,1
CHEMBL1978,COc1ccc(/C=C/c2c(CC=C(C)C)c(O)cc(O)c2CC=C(C)C)cc1,5.11,0.0,1
CHEMBL1978,COc1ccc(/C=C/c2c(CC=C(C)C)c(O)cc(O)c2CC=C(C)C)cc1O,5.28,0.0,1
CHEMBL1978,COc1ccc(/C=C/c2c(CC=C(C)C)c(O)cc3c2CC(C(C)(C)O)O3)cc1,4.96,0.0,1
CHEMBL1978,COc1ccc(/C=C/c2c(CC=C(C)C)c(O)cc3c2CC(O)C(C)(C)O3)cc1,5.09,0.0,1
CHEMBL1978,COc1ccc(/C=C/c2c(CC=C(C)C)c(O)cc3c2CC(O)C(C)(C)O3)cc1O,5.02,0.0,1
CHEMBL1978,COc1ccc(/C=C/c2c(CC=C(C)C)c(O)cc3c2CCC(C)(C)O3)cc1O,5.3,0.0,1
CHEMBL1978,COc1ccc(/C=C/c2cc(OC)cc(OC)c2)cc1,4.87,0.0,1
CHEMBL1978,COc1ccc(/C=C/c2ccc(N)cc2)c(OC)c1,6.12,0.0,1
CHEMBL1978,COc1ccc(/C=C/c2ccc(N)cc2)c(OC)c1OC,5.45,0.0,1
CHEMBL1978,COc1ccc(/C=C/c2ccc(N)cc2)cc1OC,4.84,0.0,1
CHEMBL1978,COc1ccc(/C=C/c2ccc([N+](=O)[O-])cc2)cc1OC,6.17,0.0,1
CHEMBL1978,COc1ccc(/C=C/c2cccc(N)c2)c(OC)c1,4.95,0.0,1
CHEMBL1978,COc1ccc(/C=C/c2ccccc2[N+](=O)[O-])cc1OC,5.5,0.0,1
CHEMBL1978,COc1ccc(/C=C2/C[C@H]3[C@@H]4CC[C@H]5C[C@@H](O)CC[C@]5(C)[C@H]4CC[C@]3(C)C2=O)cc1,5.15,0.0,1
CHEMBL1978,COc1ccc(/C=C2/C[C@H]3[C@@H]4CC[C@H]5C[C@@H](OC(=O)C(F)(F)F)CC[C@]5(C)[C@H]4CC[C@]3(C)C2=O)cc1,5.16,0.0,1
CHEMBL1978,COc1ccc(/C=C2\Cc3ccccc3C2=O)cc1OCCCn1ccnc1,5.87,0.0,1
CHEMBL1978,COc1ccc(/C=C\c2c(CC=C(C)C)c(O)cc(O)c2CC=C(C)C)cc1,5.37,0.0,1
CHEMBL1978,COc1ccc(/C=C\c2c(CC=C(C)C)c(O)cc(O)c2CC=C(C)C)cc1O,5.22,0.0,1
CHEMBL1978,COc1ccc(/C=C\c2c(CC=C(C)C)c(O)cc3c2CC(C(C)(C)O)O3)cc1O,4.95,0.0,1
CHEMBL1978,COc1ccc(/C=C\c2c(CC=C(C)C)c(O)cc3c2CCC(C)(C)O3)cc1O,5.03,0.0,1
CHEMBL1978,COc1ccc(Br)c2c1CCC1C(c3ccncc3)C21,5.37,0.0,1
CHEMBL1978,COc1ccc(C(=O)CC(O)c2ccc(OC)c(CC=C(C)C)c2)c(O)c1,4.26,0.0,1
CHEMBL1978,COc1ccc(C(=O)OC(COc2ccccc2)Cn2ccnc2)cc1,7.78,0.0,1
CHEMBL1978,COc1ccc(C(=O)c2cccc(Cn3ccnc3)c2)cc1,7.89,0.0,1
CHEMBL1978,COc1ccc(C(C)NC(=O)c2ccccc2Cn2cncn2)cc1F,5.51,0.0,1
CHEMBL1978,COc1ccc(C(CCc2c[nH]cn2)c2ccc(C#N)cc2)cc1,6.07,0.0,1
CHEMBL1978,COc1ccc(C(CCc2c[nH]cn2)c2ccc(OC)cc2)cc1,5.07,0.0,1
CHEMBL1978,COc1ccc(C(Cn2ccnc2)Sc2ccc(Cl)c(Cl)c2)cc1,7.6,0.0,1
CHEMBL1978,COc1ccc(C(O)(c2cccnc2)c2cc3ccc(OC)cc3o2)cc1,6.8,0.0,1
CHEMBL1978,COc1ccc(C(O)(c2cccnc2)c2cc3ccccc3o2)cc1,5.89,0.0,1
CHEMBL1978,COc1ccc(C(O)(c2cncnc2)C2CCCCCCC2)cc1,5.21,0.0,1
CHEMBL1978,COc1ccc(C(O)(c2cncnc2)c2ccc(C)c(C)c2)cc1C,5.85,0.0,1
CHEMBL1978,COc1ccc(C(c2cc3c(cc2O)OCO3)n2ccnc2)cc1,7.26,0.0,1
CHEMBL1978,COc1ccc(C(c2cc3ccc(OC)cc3o2)n2ccnc2)cc1,6.89,0.0,1
CHEMBL1978,COc1ccc(C(c2cc3ccc(OC)cc3o2)n2cncn2)cc1,6.89,0.0,1
CHEMBL1978,COc1ccc(C(c2ccc(C)cc2)n2ccnc2)cc1,7.98,0.0,1
CHEMBL1978,COc1ccc(C(c2ccc(Cl)cc2)n2ccnc2)cc1,8.08,0.0,1
CHEMBL1978,COc1ccc(C(c2ccc(OC)cc2)n2ccnc2)cc1,7.9,0.0,1
CHEMBL1978,COc1ccc(C(c2ccncc2)c2cc3c4c(c2)CCN4C(=O)CC3)cc1,6.836666666666666,0.2482606157515393,3
CHEMBL1978,COc1ccc(C2CC(=O)c3c(O)cc(O)cc3O2)cc1O,5.48,0.0,1
CHEMBL1978,COc1ccc(C2CC(=O)c3ccc(O)cc3O2)cc1CC=C(C)C,5.39,0.0,1
CHEMBL1978,COc1ccc(C2CC(=O)c3ccc(OC)cc3O2)cc1,5.73,0.0,1
CHEMBL1978,COc1ccc(C2CC(=O)c3ccccc3O2)cc1CC=C(C)C,4.92,0.0,1
CHEMBL1978,COc1ccc(CC(Cc2ccc(-c3ccccc3)cc2)n2ccnc2)cc1,5.78,0.0,1
CHEMBL1978,COc1ccc(CCC(=O)c2c(O)cc(O)cc2O)cc1O,4.62,0.0,1
CHEMBL1978,COc1ccc(CCNS(=O)(=O)c2ccc(-n3cc(-c4ccccc4)nn3)cc2)cc1OC,5.34,0.0,1
CHEMBL1978,COc1ccc(CCNS(=O)(=O)c2ccc(-n3cc(COc4ccc([N+](=O)[O-])cc4)nn3)cc2)cc1OC,5.57,0.0,1
CHEMBL1978,COc1ccc(CCc2ccc(N)cc2)cc1OC,5.96,0.2969848480983499,2
CHEMBL1978,COc1ccc(CN(Cc2ccc(-c3ccccc3)cc2)n2ccnc2)cc1,5.82,0.0,1
CHEMBL1978,COc1ccc(CN2C(=O)C3CC(c4ccc(N)cc4)(C3)C2=O)cc1,6.62,0.0,1
CHEMBL1978,COc1ccc(O)c(-c2csc(-c3ncccn3)n2)c1,5.52,0.0,1
CHEMBL1978,COc1ccc(OC)c(/C=C/c2ccc(N)cc2)c1,6.125,0.5444722215136413,2
CHEMBL1978,COc1ccc(OC)c2c(C)cc(=O)[nH]c12,4.57,0.0,1
CHEMBL1978,COc1ccc(OC)c2c1c(C)cc(=O)n2C,6.02,0.0,1
CHEMBL1978,COc1ccc(OCc2cn(C(c3ccc(C#N)cc3)c3ccc(C#N)cc3)nn2)cc1,4.92,0.0,1
CHEMBL1978,COc1ccc(OCc2cn(C(c3ccccc3)c3ccccc3)nn2)cc1,4.82,0.0,1
CHEMBL1978,COc1ccc(OCc2cn(Cc3ccc(C#N)cc3)nn2)cc1,5.63,0.0,1
CHEMBL1978,COc1ccc(OCc2cn(Cc3ccccc3)nn2)cc1,4.76,0.0,1
CHEMBL1978,COc1ccc(S(=O)(=O)N(Cc2nc3ccccc3[nH]2)c2ccc(/N=N/c3ccccc3)cc2)c(OC)c1,5.24,0.0,1
CHEMBL1978,COc1ccc(S(=O)(=O)N2CCCC(Cn3ccnc3)C2)c(C)c1C,7.23,0.0,1
CHEMBL1978,COc1ccc(S(=O)(=O)N2CCCC(Cn3ccnc3)C2)c(OC)c1,6.88,0.0,1
CHEMBL1978,COc1ccc(S(=O)(=O)N2CCCC(Cn3ccnc3)C2)cc1Br,8.22,0.0,1
CHEMBL1978,COc1ccc(S(=O)(=O)N2CCCC(Cn3ccnc3)C2)cc1C(C)(C)C,8.04,0.014142135623732533,2
CHEMBL1978,COc1ccc(S(=O)(=O)N2CCCC(Cn3ccnc3)C2)cc1F,7.85,0.0,1
CHEMBL1978,COc1ccc(S(=O)(=O)N2CCCC(Cn3ccnc3)C2)cc1OC,7.38,0.0,1
CHEMBL1978,COc1ccc(S(=O)(=O)N2CCOC(Cn3ccnc3)C2)cc1,7.1,0.0,1
CHEMBL1978,COc1ccc(S(=O)(=O)NCCCn2ccnc2)cc1C,7.21,0.0,1
CHEMBL1978,COc1ccc(S(=O)(=O)NCCCn2ccnc2)cc1C(C)(C)C,6.36,0.0,1
CHEMBL1978,COc1ccc(S(=O)(=O)NCCCn2ccnc2)cc1F,7.0,0.0,1
CHEMBL1978,COc1ccc(S(=O)(=O)NCCc2c(C(c3cc(OC)c(O)c(OC)c3)c3[nH]c4ccccc4c3CCNS(=O)(=O)c3ccc(OC)cc3)[nH]c3ccccc23)cc1,5.6,0.0,1
CHEMBL1978,COc1ccc(S(=O)(=O)NCCc2c(C(c3ccc(O)cc3)c3[nH]c4ccccc4c3CCNS(=O)(=O)c3ccc(OC)cc3)[nH]c3ccccc23)cc1,6.16,0.0,1
CHEMBL1978,COc1ccc(S(=O)(=O)NCCc2c(C(c3ccccc3)c3[nH]c4ccccc4c3CCNS(=O)(=O)c3ccc(OC)cc3)[nH]c3ccccc23)cc1,5.46,0.0,1
CHEMBL1978,COc1ccc(S(=O)(=O)NCCc2c(C(c3ccccc3O)c3[nH]c4ccccc4c3CCNS(=O)(=O)c3ccc(OC)cc3)[nH]c3ccccc23)cc1,6.1,0.0,1
CHEMBL1978,COc1ccc(S(=O)(=O)NCCc2c(C3(c4[nH]c5ccccc5c4CCNS(=O)(=O)c4ccc(OC)cc4)C(=O)Nc4ccccc43)[nH]c3ccccc23)cc1,5.55,0.0,1
CHEMBL1978,COc1ccc(S(=O)(=O)Nc2ccc(/N=N/c3ccccc3)cc2)c(OC)c1,5.8,0.0,1
CHEMBL1978,COc1ccc([C@@H]2CC(=O)c3c(O)cc(O)c(CC=C(C)C)c3O2)cc1,6.3,0.0,1
CHEMBL1978,COc1ccc([C@@H]2[C@H]3C[C@H]4[C@@H]5CCC6=CC(=O)C=C[C@]6(C)[C@H]5CC[C@]4(C)C3=NN2C(C)=O)cc1,5.58,0.0,1
CHEMBL1978,COc1ccc([C@@H]2[C@H]3C[C@H]4[C@@H]5CCC6=CC(=O)C=C[C@]6(C)[C@H]5CC[C@]4(C)C3=NN2C)cc1,5.71,0.0424264068711932,2
CHEMBL1978,COc1ccc([C@@H]2[C@H]3C[C@H]4[C@@H]5CCC6=CC(=O)C=C[C@]6(C)[C@H]5CC[C@]4(C)C3=NN2c2ccccc2)cc1,5.74,0.0,1
CHEMBL1978,COc1ccc([C@@H]2[C@H]3C[C@H]4[C@@H]5CC[C@H]6CC(=O)CC[C@]6(C)[C@H]5CC[C@]4(C)C3=NN2C(C)=O)cc1,5.31,0.0,1
CHEMBL1978,COc1ccc([C@@H]2[C@H]3C[C@H]4[C@@H]5CC[C@H]6CC(=O)CC[C@]6(C)[C@H]5CC[C@]4(C)C3=NN2C)cc1,5.34,0.0,1
CHEMBL1978,COc1ccc([C@@H]2[C@H]3C[C@H]4[C@@H]5CC[C@H]6CC(=O)CC[C@]6(C)[C@H]5CC[C@]4(C)C3=NN2c2ccccc2)cc1,5.38,0.0,1
CHEMBL1978,COc1ccc([C@@H]2[C@H]3C[C@H]4[C@@H]5CC[C@H]6C[C@@H](O)CC[C@]6(C)[C@H]5CC[C@]4(C)C3=NN2C)cc1,5.21,0.0,1
CHEMBL1978,COc1ccc([C@@H]2[C@H]3C[C@H]4[C@@H]5CC[C@H]6C[C@@H](O)CC[C@]6(C)[C@H]5CC[C@]4(C)C3=NN2c2ccccc2)cc1,5.23,0.0,1
CHEMBL1978,COc1ccc([C@@H]2[C@H]3C[C@H]4[C@@H]5CC[C@H]6C[C@@H](OC(=O)C(F)(F)F)CC[C@]6(C)[C@H]5CC[C@]4(C)C3=NN2C(C)=O)cc1,5.19,0.0,1
CHEMBL1978,COc1ccc([C@@H]2[C@H]3C[C@H]4[C@@H]5CC[C@H]6C[C@@H](OC(=O)C(F)(F)F)CC[C@]6(C)[C@H]5CC[C@]4(C)C3=NN2C)cc1,5.24,0.0,1
CHEMBL1978,COc1ccc([C@@H]2[C@H]3C[C@H]4[C@@H]5CC[C@H]6C[C@@H](OC(=O)C(F)(F)F)CC[C@]6(C)[C@H]5CC[C@]4(C)C3=NN2c2ccccc2)cc1,5.26,0.0,1
CHEMBL1978,COc1ccc([C@H]2NN=C3[C@@H]2C[C@H]2[C@@H]4CCC5=CC(=O)C=C[C@]5(C)[C@H]4CC[C@]32C)cc1,5.54,0.0,1
CHEMBL1978,COc1ccc([C@H]2NN=C3[C@@H]2C[C@H]2[C@@H]4CC[C@H]5CC(=O)CC[C@]5(C)[C@H]4CC[C@]32C)cc1,5.31,0.0,1
CHEMBL1978,COc1ccc([C@H]2NN=C3[C@@H]2C[C@H]2[C@@H]4CC[C@H]5C[C@@H](O)CC[C@]5(C)[C@H]4CC[C@]32C)cc1,5.17,0.0,1
CHEMBL1978,COc1ccc([C@](O)(c2cccnc2)c2cc3ccc(OC)cc3o2)cc1,6.8,0.0,1
CHEMBL1978,COc1ccc2c(-c3ccccc3)c(Cn3ccnc3)c(=O)oc2c1,6.97,0.0,1
CHEMBL1978,COc1ccc2c(=O)c(-c3ccc(C)cc3)c(SCc3ccncc3)oc2c1,5.52,0.0,1
CHEMBL1978,COc1ccc2c(=O)c(-c3ccccc3)c(-n3ccnc3)oc2c1,6.11,0.0,1
CHEMBL1978,COc1ccc2c(=O)c(-c3ccccc3)c(-n3cncn3)oc2c1,4.75,0.0,1
CHEMBL1978,COc1ccc2c(=O)c(-c3ccccc3)c(SCc3cccnc3)oc2c1,5.04,0.0,1
CHEMBL1978,COc1ccc2c(=O)c(-c3ccccc3)c(SCc3ccncc3)oc2c1,5.8,0.0,1
CHEMBL1978,COc1ccc2c(=O)c(Cn3ccnc3)c(-c3ccc(Br)cc3)oc2c1,5.39,0.0,1
CHEMBL1978,COc1ccc2c(=O)c(Cn3ccnc3)c(-c3ccc(C#N)cc3)oc2c1,5.745,0.007071067811865324,2
CHEMBL1978,COc1ccc2c(=O)c(Cn3ccnc3)c(-c3ccc([N+](=O)[O-])cc3)oc2c1,6.33,0.0,1
CHEMBL1978,COc1ccc2c(=O)c(Cn3ccnc3)c(-c3ccccc3)oc2c1,6.26,0.0,1
CHEMBL1978,COc1ccc2c(=O)cc(-c3ccccc3)oc2c1,5.17,1.5839191898578666,2
CHEMBL1978,COc1ccc2c(C)cc(=O)[nH]c2c1OC,4.5,0.0,1
CHEMBL1978,COc1ccc2c(C)cc(=O)n(C)c2c1OC,5.24,0.0,1
CHEMBL1978,COc1ccc2c(Cc3ccc(O)cc3)cncc2c1O,4.53,0.0,1
CHEMBL1978,COc1ccc2c(Cc3cccc([N+](=O)[O-])c3)cncc2c1O,5.85,0.0,1
CHEMBL1978,COc1ccc2c(Cn3ccnc3)c(-c3ccc(Cl)cc3)[nH]c2c1,5.98,0.0,1
CHEMBL1978,COc1ccc2c(Cn3ccnc3)c(-c3ccc(F)cc3)[nH]c2c1,6.96,0.0,1
CHEMBL1978,COc1ccc2c(Cn3ccnc3)cc(=O)oc2c1,6.55,0.0,1
CHEMBL1978,COc1ccc2c(Cn3cncn3)c(-c3ccc(Cl)cc3)[nH]c2c1,5.11,0.0,1
CHEMBL1978,COc1ccc2c(Cn3cncn3)c(-c3ccc(F)cc3)[nH]c2c1,6.62,0.0,1
CHEMBL1978,COc1ccc2c(Cn3cncn3)cc(=O)oc2c1,5.44,0.0,1
CHEMBL1978,COc1ccc2c(Cn3cnnc3)cc(=O)oc2c1,5.44,0.0,1
CHEMBL1978,COc1ccc2c(OCCn3ccnc3)cc(=O)oc2c1,4.0,0.0,1
CHEMBL1978,COc1ccc2c(c1)/C(=C/c1ccncc1)CC2,6.55,0.0,1
CHEMBL1978,COc1ccc2c(c1)/C(=C\c1ccncc1)CC2,6.11,0.0,1
CHEMBL1978,COc1ccc2c(c1)C(=O)/C(=C/c1c[nH]cn1)CC2,7.39,0.0,1
CHEMBL1978,COc1ccc2c(c1)C(=O)/C(=C/c1ccncc1)CC2,4.89,0.0,1
CHEMBL1978,COc1ccc2c(c1)C(=O)C(Cc1ccncc1)CC2,5.0633333333333335,0.04041451884327388,3
CHEMBL1978,COc1ccc2c(c1)C(N)=C(CC1=CCNC=C1)C2=O,5.46,0.0,1
CHEMBL1978,COc1ccc2c(c1)C/C(=C/c1ccncc1)C2=O,5.32,0.0,1
CHEMBL1978,COc1ccc2c(c1)C1C(CC2)C1(C)c1ccncc1,6.43,0.0,1
CHEMBL1978,COc1ccc2c(c1)C1C(CC2)C1c1ccncc1,7.21,0.0,1
CHEMBL1978,COc1ccc2c(c1)C=C(c1cccnc1)C2,5.24,0.0,1
CHEMBL1978,COc1ccc2c(c1)CC(Cc1ccncc1)C2,6.62,0.0,1
CHEMBL1978,COc1ccc2c(c1)CC(Cc1ccncc1)C2=O,5.47,0.0,1
CHEMBL1978,COc1ccc2c(c1)CC(Cc1ccncc1)CC2,5.37,0.0,1
CHEMBL1978,COc1ccc2c(c1)CC/C(=C\c1ccncc1)C2=O,5.05,0.0,1
CHEMBL1978,COc1ccc2c(c1)CC/C2=C/c1cccnc1,5.25,0.0,1
CHEMBL1978,COc1ccc2c(c1)CC/C2=C/c1ccncc1,5.43,0.0,1
CHEMBL1978,COc1ccc2c(c1)CC/C2=C/c1cncs1,5.32,0.0,1
CHEMBL1978,COc1ccc2c(c1)CC/C2=C\c1cccnc1,5.37,0.0,1
CHEMBL1978,COc1ccc2c(c1)CC/C2=C\c1cncs1,5.36,0.0,1
CHEMBL1978,COc1ccc2c(c1)CCC(CC1C=NC=N1)=C2C,4.77,0.0,1
CHEMBL1978,COc1ccc2c(c1)CCC(Cc1ccncc1)C2,6.64,0.0,1
CHEMBL1978,COc1ccc2c(c1)CCC(Cc1ccncc1)C2=O,5.48,0.0,1
CHEMBL1978,COc1ccc2c(c1)CCC/C2=C/c1cccnc1,5.4,0.0,1
CHEMBL1978,COc1ccc2c(c1)CCC/C2=C/c1ccncc1,6.0,0.0,1
CHEMBL1978,COc1ccc2c(c1)CCC/C2=C\c1cccnc1,5.95,0.0,1
CHEMBL1978,COc1ccc2c(c1)CCC/C2=C\c1ccncc1,6.1,0.0,1
CHEMBL1978,COc1ccc2c(c1)CCC1C(c3ccncc3)C21,7.16,0.0,1
CHEMBL1978,COc1ccc2c(c1)CCC1C(c3cnc[nH]3)C21,5.8,0.0,1
CHEMBL1978,COc1ccc2c(c1)OC(c1cc(O)cc(O)c1)CC2=O,5.46,0.0,1
CHEMBL1978,COc1ccc2c(c1)OC(c1ccc(O)c(CC=C(C)C)c1)CC2=O,5.32,0.0,1
CHEMBL1978,COc1ccc2c(c1)OC(c1ccc(O)c(O)c1)CC2=O,5.6,0.0,1
CHEMBL1978,COc1ccc2c(c1)OC(c1ccc(O)c(OC)c1)CC2=O,5.27,0.0,1
CHEMBL1978,COc1ccc2c(c1)OC(c1ccc(O)cc1)CC2=O,5.43,0.0,1
CHEMBL1978,COc1ccc2c(c1)OC(c1ccc(OC)c(CC=C(C)C)c1)CC2=O,5.43,0.0,1
CHEMBL1978,COc1ccc2c(c1)OC(c1ccc(OC)c(O)c1)CC2=O,5.21,0.0,1
CHEMBL1978,COc1ccc2c(c1)OC(c1ccc(OC)c(OC)c1OC)CC2=O,5.32,0.0,1
CHEMBL1978,COc1ccc2c(c1)OC(c1ccc(OC)cc1OC)CC2=O,5.1,0.0,1
CHEMBL1978,COc1ccc2c(c1)OC(c1ccc(OCC=C(C)C)cc1)CC2=O,4.54,0.0,1
CHEMBL1978,COc1ccc2c(c1)OC(c1cccc(CC=C(C)C)c1)CC2=O,5.33,0.0,1
CHEMBL1978,COc1ccc2c(c1)OC(c1cccc(O)c1)CC2=O,5.46,0.0,1
CHEMBL1978,COc1ccc2c(c1)OC(c1cccc(OC)c1OC)CC2=O,5.18,0.0,1
CHEMBL1978,COc1ccc2c(c1)OC(c1ccccc1)/C(=C\c1ccncc1)C2=O,6.21,0.0,1
CHEMBL1978,COc1ccc2c(c1)OC(c1ccccc1)CC2=O,4.09,0.0,1
CHEMBL1978,COc1ccc2c(c1)OC(c1ccccc1OC)CC2=O,5.18,0.0,1
CHEMBL1978,COc1ccc2c(c1)OC1(CCN(C(=O)Cn3cncn3)CC1)CC2=O,5.24,0.0,1
CHEMBL1978,COc1ccc2c(c1)O[C@@H](c1ccccc1)C[C@@H]2n1ccnc1,7.04,0.0,1
CHEMBL1978,COc1ccc2cc(/C=N/NC3=NC(=O)CS3)ccc2c1,7.38,0.0,1
CHEMBL1978,COc1ccc2cc(C(O)(c3ccc(Cl)cc3)c3cccnc3)oc2c1,7.31,0.0,1
CHEMBL1978,COc1ccc2cc(C(O)(c3ccc(F)cc3)c3cccnc3)oc2c1,7.36,0.0,1
CHEMBL1978,COc1ccc2cc(C(c3ccc(C#N)cc3)n3cncn3)oc2c1,8.0,0.0,1
CHEMBL1978,COc1ccc2cc(C(c3ccc(C(F)(F)F)cc3)n3cncn3)oc2c1,6.89,0.0,1
CHEMBL1978,COc1ccc2cc(C(c3ccc(C)cc3)n3cncn3)oc2c1,7.0,0.0,1
CHEMBL1978,COc1ccc2cc(C(c3ccc(Cl)cc3)n3cncn3)oc2c1,7.36,0.0,1
CHEMBL1978,COc1ccc2cc(C(c3ccc(F)cc3)n3cncn3)oc2c1,7.31,0.0,1
CHEMBL1978,COc1ccc2cc(C(c3ccc([N+](=O)[O-])cc3)n3cncn3)oc2c1,6.22,0.0,1
CHEMBL1978,COc1ccc2cc(Cn3ccnc3)c(=O)oc2c1,5.55,0.0,1
CHEMBL1978,COc1ccc2cc(Cn3ccnc3)ccc2c1,5.77,0.0,1
CHEMBL1978,COc1ccc2ccc(=O)oc2c1Cn1ccnc1,4.5,0.0,1
CHEMBL1978,COc1ccc2nc3cc(Cl)ccc3c(Nc3cccnc3)c2c1,7.12,0.0,1
CHEMBL1978,COc1cccc(-c2csc(-c3ncccn3)n2)c1,6.75,0.0,1
CHEMBL1978,COc1cccc(-c2nc(-c3cccnc3)ns2)c1,4.83,0.0,1
CHEMBL1978,COc1cccc(/C=C/c2ccc(N)cc2)c1,5.51,0.0,1
CHEMBL1978,COc1cccc(/C=C/c2ccc(N)cc2)c1OC,6.01,0.0,1
CHEMBL1978,COc1cccc(C(O)(c2ccc(Cl)cc2)c2cncnc2)c1Cl,5.37,0.0,1
CHEMBL1978,COc1cccc(C(c2ccncc2)c2cc3c4c(c2)CCN4C(=O)CC3)c1,7.23,0.0,1
CHEMBL1978,COc1cccc(C2=CC(=O)c3ccc4c(c3=N2)=CC=N4)c1,6.23,0.0,1
CHEMBL1978,COc1cccc2c(C)cc(=O)n(C)c12,5.7,0.0,1
CHEMBL1978,COc1cccc2c1C/C(=C/c1ccncc1)C2=O,4.64,0.0,1
CHEMBL1978,COc1cccc2c1CC(Cc1ccncc1)C2,5.19,0.0,1
CHEMBL1978,COc1cccc2c1CC(Cc1ccncc1)C2=O,4.85,0.0,1
CHEMBL1978,COc1cccc2c1CC/C(=C\c1ccncc1)C2=O,5.2,0.0,1
CHEMBL1978,COc1cccc2c1CCC(Cc1ccncc1)C2,6.23,0.0,1
CHEMBL1978,COc1cccc2c1CCC(Cc1ccncc1)C2=O,5.66,0.0,1
CHEMBL1978,COc1cccc2c1CCC1C(c3ccncc3)C21,5.47,0.0,1
CHEMBL1978,COc1cccc2cc(Cn3ccnc3)c(=O)oc12,5.55,0.0,1
CHEMBL1978,COc1ccccc1-c1csc(-c2ncccn2)n1,5.93,0.0,1
CHEMBL1978,COc1ccccc1/C(C)=C(/c1ccccc1)c1ccc(NC(=O)C(=O)O)cc1,6.5,0.0,1
CHEMBL1978,COc1ccccc1/C(C)=C(/c1ccccc1)c1ccc(NCCCCCn2cc(C(=O)C(=O)O)c3ccccc32)cc1,4.91,0.0,1
CHEMBL1978,COc1ccccc1/C(C)=C(/c1ccccc1)c1ccc(NCCCCn2cc(C(=O)C(=O)O)c3ccccc32)cc1,6.26,0.0,1
CHEMBL1978,COc1ccccc1/C=C/c1ccc(OC)c(OC)c1,4.07,0.0,1
CHEMBL1978,COc1ccccc1C(c1ccccc1)n1ccnc1,7.18,0.0,1
CHEMBL1978,COc1ccccc1C(c1cccnc1)c1cc2c3c(c1)CCN3C(=O)CC2,5.44,0.0,1
CHEMBL1978,COc1ccccc1C(c1ccncc1)c1cc2c3c(c1)CCN3C(=O)CC2,7.09,0.0,1
CHEMBL1978,COc1ccccc1CC(Cc1ccc(-c2ccccc2)cc1)n1ccnc1,6.29,0.0,1
CHEMBL1978,COc1ccccc1CN(Cc1ccc(-c2ccccc2)cc1)n1ccnc1,5.82,0.0,1
CHEMBL1978,CS(=O)(=O)CS(=O)(=O)N1CCN(c2ccc(OC[C@@H]3CO[C@@](Cn4ccnc4)(c4ccc(Cl)cc4Cl)O3)cc2)CC1,6.0,0.0,1
CHEMBL1978,CS(=O)(=O)N1CCN(c2ccc(OC[C@@H]3CO[C@@](Cn4ccnc4)(c4ccc(Cl)cc4Cl)O3)cc2)CC1,6.01,0.0,1
CHEMBL1978,CS(=O)(=O)c1ccc(S(=O)(=O)N2CCCC(Cn3ccnc3)C2)cc1,7.32,0.0,1
CHEMBL1978,CSC1=C2CCC3C(CC[C@]4(C)C(=O)CCC34)[C@@]2(C)CCC1=O,5.36,0.0,1
CHEMBL1978,CSC1=C2CC[C@@H]3[C@H](CC[C@]4(C)C(=O)CC[C@@H]34)[C@@]2(C)CCC1=O,5.36,0.0,1
CHEMBL1978,CSCSC1=C2CCC3C(CC[C@]4(C)C(=O)CCC34)[C@@]2(C)CCC1=O,5.92,0.0,1
CHEMBL1978,CSCSC1=C2CC[C@@H]3C(=CC[C@]4(C)C(=O)CC[C@@H]34)[C@@]2(C)CCC1=O,5.92,0.0,1
CHEMBL1978,CSc1nc2ccccn2c(=N)c1S(=O)(=O)c1ccccc1,6.07,0.0,1
CHEMBL1978,C[C@@H](OC(=O)C12CC3CC(CC(C3)C1)C2)c1cccnc1,5.34,0.0,1
CHEMBL1978,C[C@@H](OC(=O)C12CC3CC(CC(C3)C1)C2)c1ccncc1,5.25,0.0,1
CHEMBL1978,C[C@@H]1CC[C@]23C[C@@H]1C(C)(C)[C@@H]2CC[C@@]3(C)OC(=O)C(C)(C)c1ccccn1,4.09,0.0,1
CHEMBL1978,C[C@@H]1CC[C@]23C[C@@H]1C(C)(C)[C@@H]2CC[C@@]3(C)OC(=O)Cc1cccnc1,5.77,0.0,1
CHEMBL1978,C[C@@H]1CC[C@]23C[C@@H]1C(C)(C)[C@@H]2CC[C@@]3(C)OC(=O)Cc1ccncc1,6.36,0.0,1
CHEMBL1978,C[C@@H]1C[C@@]2(C)C(=CC1=O)CC[C@@H]1[C@@H]2CC[C@]2(C)C(=O)CC[C@@H]12,6.47,0.1838477631085022,2
CHEMBL1978,C[C@@H]1C[C@@]2(C=O)C(=CC1=O)CC[C@@H]1[C@@H]2CC[C@]2(C)C(=O)CC[C@@H]12,4.92,0.0,1
CHEMBL1978,C[C@@H]1C[C@@]2(CO)C(=CC1=O)CC[C@@H]1[C@@H]2CC[C@]2(C)C(=O)CC[C@@H]12,4.96,0.0,1
CHEMBL1978,C[C@@H]1OC(=O)C[C@H]2[C@@H]3CC=C4CC(O)CC[C@]4(C)[C@H]3CC[C@]12C,6.6,0.0,1
CHEMBL1978,C[C@@H]1O[C@@H](O[C@H]2[C@H](Oc3cc(O)c4c(c3)O[C@H](c3ccc(O)cc3)CC4=O)O[C@H](CO)[C@@H](O)[C@@H]2O)[C@H](O)[C@H](O)[C@H]1O,5.3,0.0,1
CHEMBL1978,C[C@@H]1O[C@]2(C(C)(C)O)C=C3CC[C@H]4C(C)(C)CCC[C@]4(C)[C@@]31OO2,4.97,0.0,1
CHEMBL1978,C[C@@H]1[C@@H](OC(=O)C(C)(C)c2cccnc2)C[C@H]2C[C@@H]1C2(C)C,4.52,0.0,1
CHEMBL1978,C[C@@H]1[C@@H](OC(=O)C(C)(C)c2ccncc2)C[C@H]2C[C@@H]1C2(C)C,5.42,0.0,1
CHEMBL1978,C[C@@H]1[C@@H](OC(=O)Cc2cccnc2)C[C@H]2C[C@@H]1C2(C)C,5.25,0.0,1
CHEMBL1978,C[C@@H]1[C@@H](OC(=O)Cc2ccncc2)C[C@H]2C[C@]1(C)C2(C)C,6.92,0.0,1
CHEMBL1978,C[C@@H]1[C@H]2C[C@@H](C[C@H]1OC(=O)Cc1ccncc1)C2(C)C,7.02,0.0,1
CHEMBL1978,C[C@H](NC(=O)/C=C/c1ccccc1)c1cccc(N2CCOCC2)c1,4.89,0.0,1
CHEMBL1978,C[C@H](O)C/C=C/CCCCC1Cc2cc(O)cc(O)c2C(=O)O1,4.91,0.0,1
CHEMBL1978,C[C@H](OC(=O)C12CC3CC(CC(C3)C1)C2)c1cccnc1,4.44,0.0,1
CHEMBL1978,C[C@H](OC(=O)C12CC3CC(CC(C3)C1)C2)c1ccncc1,4.8,0.0,1
CHEMBL1978,C[C@H]1CC[C@@H](OC(=O)Cc2ccncc2)CC1,5.7,0.0,1
CHEMBL1978,C[C@H]1C[C@@]2(C)C(=CC1=O)CC[C@@H]1[C@@H]2CC[C@]2(C)C(=O)CC[C@@H]12,6.6,0.0,1
CHEMBL1978,C[C@H]1C[C@]2(O)O[C@@]1(C)C=C1CC[C@H]3C(C)(C)CCC[C@]3(C)[C@H]12,4.93,0.0,1
CHEMBL1978,C[C@](O)(c1cncc(-c2nc3ccc(F)cn3c2C2CC2)c1)C(F)(F)F,5.11,0.0,1
CHEMBL1978,C[C@](O)(c1cncc(-n2nc(C(F)(F)F)c3ccccc32)c1)C(F)(F)F,5.27,0.0,1
CHEMBL1978,C[C@]12C=CC(=O)C=C1C=C(CCc1ccccc1)[C@@H]1[C@@H]2CC[C@]2(C)C(=O)CC[C@@H]12,6.76,0.0,1
CHEMBL1978,C[C@]12C=CC(=O)C=C1C=C(Cc1ccccc1)[C@@H]1[C@@H]2CC[C@]2(C)C(=O)CC[C@@H]12,7.21,0.0,1
CHEMBL1978,C[C@]12C=CC(=O)C=C1C=C(c1ccccc1)[C@@H]1[C@@H]2CC[C@]2(C)C(=O)CC[C@@H]12,5.65,0.0,1
CHEMBL1978,C[C@]12C=CC(=O)C=C1CC[C@@H]1[C@@H]2CC[C@]2(C)C(=O)C(Br)C[C@@H]12,4.88,0.0,1
CHEMBL1978,C[C@]12C=CC(=O)C=C1CC[C@@H]1[C@@H]2CC[C@]2(C)C(=O)[C@@H](n3ccnc3)C[C@@H]12,6.79,0.014142135623730649,2
CHEMBL1978,C[C@]12C=CC(=O)C=C1CC[C@@H]1[C@@H]2CC[C@]2(C)C3=NN(c4ccccc4)[C@H](c4ccccc4)[C@H]3C[C@@H]12,5.720000000000001,0.02828427124746224,2
CHEMBL1978,C[C@]12C=CC(=O)C=C1CC[C@@H]1[C@@H]2CC[C@]2(C)C3=NN[C@H](c4ccccc4)[C@H]3C[C@@H]12,5.52,0.0,1
CHEMBL1978,C[C@]12C=CC(=O)C=C1C[C@@H](CCCc1ccc([N+](=O)[O-])cc1)[C@@H]1[C@@H]2CC[C@]2(C)C(=O)CC[C@@H]12,7.89,0.0,1
CHEMBL1978,C[C@]12C=CC(=O)C=C1C[C@@H](CCCc1ccccc1)[C@@H]1[C@@H]2CC[C@]2(C)C(=O)CC[C@@H]12,8.11,0.0,1
CHEMBL1978,C[C@]12C=CC(=O)C=C1C[C@@H](CCc1ccc(N)cc1)[C@@H]1[C@@H]2CC[C@]2(C)C(=O)CC[C@@H]12,7.73,0.0,1
CHEMBL1978,C[C@]12C=CC(=O)C=C1C[C@@H](CCc1ccc([N+](=O)[O-])cc1)[C@@H]1[C@@H]2CC[C@]2(C)C(=O)CC[C@@H]12,7.83,0.0,1
CHEMBL1978,C[C@]12C=CC(=O)C=C1C[C@@H](CCc1ccccc1)[C@@H]1[C@@H]2CC[C@]2(C)C(=O)CC[C@@H]12,7.78,0.0,1
CHEMBL1978,C[C@]12C=CC(=O)C=C1C[C@@H](Cc1ccccc1)[C@@H]1[C@@H]2CC[C@]2(C)C(=O)CC[C@@H]12,6.63,0.0,1
CHEMBL1978,C[C@]12C=CC(=O)C=C1C[C@H](c1ccc(N)cc1)[C@@H]1[C@@H]2CC[C@]2(C)C(=O)CC[C@@H]12,8.0,0.0,1
CHEMBL1978,C[C@]12C=CC(=O)C=C1[C@@H](CC=O)C[C@@H]1[C@@H]2CC[C@]2(C)C(=O)CC[C@@H]12,5.6,0.0,1
CHEMBL1978,C[C@]12C=CC(=O)C=C1[C@@H](CC[N+](=O)[O-])C[C@@H]1[C@@H]2CC[C@]2(C)C(=O)CC[C@@H]12,6.04,0.0,1
CHEMBL1978,C[C@]12C=CC(=O)C=C1[C@@H](OCc1ccccc1)C[C@@H]1[C@@H]2CC[C@]2(C)C(=O)CC[C@@H]12,5.72,0.0,1
CHEMBL1978,C[C@]12C=CC(=O)C=C1[C@@H](Oc1ccccc1)C[C@@H]1[C@@H]2CC[C@]2(C)C(=O)CC[C@@H]12,6.28,0.0,1
CHEMBL1978,C[C@]12C=CC(=O)C=C1[C@H](OCc1ccccc1)C[C@@H]1[C@@H]2CC[C@]2(C)C(=O)CC[C@@H]12,6.82,0.0,1
CHEMBL1978,C[C@]12C=CC(=O)C=C1[C@H](Oc1ccccc1)C[C@@H]1[C@@H]2CC[C@]2(C)C(=O)CC[C@@H]12,4.8,0.0,1
CHEMBL1978,C[C@]12CC(C#N)=C(O)C(=O)[C@@H]1CC[C@@H]1[C@@H]2CC[C@]2(C)[C@@H](O)CC[C@@H]12,6.0,0.0,1
CHEMBL1978,C[C@]12CCC(=O)C(O)=C1CCC1C2=CC[C@]2(C)C(=O)CCC12,6.46,0.0,1
CHEMBL1978,C[C@]12CCC(=O)C(O)=C1CC[C@@H]1C2=CC[C@]2(C)C(=O)CC[C@@H]12,6.46,0.0,1
CHEMBL1978,C[C@]12CCC(=O)C(O)=C1CC[C@@H]1[C@@H]2CC[C@]2(C)C(=O)CC[C@@H]12,6.1274999999999995,1.3750242422105388,4
CHEMBL1978,C[C@]12CCC(=O)C(S)=C1CCC1C2=CC[C@]2(C)C(=O)CCC12,5.42,0.0,1
CHEMBL1978,C[C@]12CCC(=O)C(S)=C1CCC1C2CC[C@]2(C)C(=O)CCC12,5.46,0.0,1
CHEMBL1978,C[C@]12CCC(=O)C(S)=C1CC[C@@H]1C2=CC[C@]2(C)C(=O)CC[C@@H]12,5.42,0.0,1
CHEMBL1978,C[C@]12CCC(=O)C(S)=C1CC[C@@H]1[C@@H]2CC[C@]2(C)C(=O)CC[C@@H]12,5.46,0.0,1
CHEMBL1978,C[C@]12CCC(=O)C(SC(F)F)=C1CC[C@@H]1[C@@H]2CC[C@]2(C)C(=O)CC[C@@H]12,5.57,0.0,1
CHEMBL1978,C[C@]12CCC(=O)C(SCC#N)=C1CC[C@@H]1[C@@H]2CC[C@]2(C)C(=O)CC[C@@H]12,5.43,0.0,1
CHEMBL1978,C[C@]12CCC(=O)C(SCCl)=C1CCC1C2=CC[C@]2(C)C(=O)CCC12,6.07,0.0,1
CHEMBL1978,C[C@]12CCC(=O)C(SCCl)=C1CCC1C2CC[C@]2(C)C(=O)CCC12,6.03,0.0,1
CHEMBL1978,C[C@]12CCC(=O)C(SCCl)=C1CC[C@@H]1C2=CC[C@]2(C)C(=O)CC[C@@H]12,6.07,0.0,1
CHEMBL1978,C[C@]12CCC(=O)C(SCCl)=C1CC[C@@H]1[C@@H]2CC[C@]2(C)C(=O)CC[C@@H]12,6.03,0.0,1
CHEMBL1978,C[C@]12CCC(=O)C(SCF)=C1CCC1C2CC[C@]2(C)C(=O)CCC12,6.1,0.0,1
CHEMBL1978,C[C@]12CCC(=O)C(SCF)=C1CC[C@@H]1[C@@H]2CC[C@]2(C)C(=O)CC[C@@H]12,6.1,0.0,1
CHEMBL1978,C[C@]12CCC(=O)C=C1C(=O)C[C@@H]1[C@@H]2CC[C@]2(C)C(=O)CC[C@@H]12,6.255,0.41719300090006295,2
CHEMBL1978,C[C@]12CCC(=O)C=C1C=C(CCc1ccc(N)cc1)[C@@H]1[C@@H]2CC[C@]2(C)C(=O)CC[C@@H]12,5.9,0.0,1
CHEMBL1978,C[C@]12CCC(=O)C=C1C=C(CCc1ccc([N+](=O)[O-])cc1)[C@@H]1[C@@H]2CC[C@]2(C)C(=O)CC[C@@H]12,5.35,0.0,1
CHEMBL1978,C[C@]12CCC(=O)C=C1C=C(CCc1ccccc1)[C@@H]1[C@@H]2CC[C@]2(C)C(=O)CC[C@@H]12,6.18,0.0,1
CHEMBL1978,C[C@]12CCC(=O)C=C1C=C(Cc1ccc(N)cc1)[C@@H]1[C@@H]2CC[C@]2(C)C(=O)CC[C@@H]12,6.31,0.0,1
CHEMBL1978,C[C@]12CCC(=O)C=C1C=C(Cc1ccc([N+](=O)[O-])cc1)[C@@H]1[C@@H]2CC[C@]2(C)C(=O)CC[C@@H]12,6.03,0.0,1
CHEMBL1978,C[C@]12CCC(=O)C=C1C=C(Cc1ccccc1)[C@@H]1[C@@H]2CC[C@]2(C)C(=O)CC[C@@H]12,6.22,0.0,1
CHEMBL1978,C[C@]12CCC(=O)C=C1CCC1C2CC[C@]2(C)C(c3cccnc3)=CCC12,5.75,0.0,1
CHEMBL1978,C[C@]12CCC(=O)C=C1CC[C@@H]1[C@@H]2CC[C@]2(C)C(=O)/C(=C/c3cccc(OCCCn4ccnc4)c3)C[C@@H]12,5.36,0.0,1
CHEMBL1978,C[C@]12CCC(=O)C=C1CC[C@@H]1[C@@H]2CC[C@]2(C)C(=O)/C(=C/c3ccncc3)C[C@@H]12,5.28,0.0,1
CHEMBL1978,C[C@]12CCC(=O)C=C1CC[C@@H]1[C@@H]2CC[C@]2(C)C(=O)C(Br)C[C@@H]12,5.58,0.0,1
CHEMBL1978,C[C@]12CCC(=O)C=C1CC[C@@H]1[C@@H]2CC[C@]2(C)C(=O)[C@@H](n3ccnc3)C[C@@H]12,6.75,0.0,1
CHEMBL1978,C[C@]12CCC(=O)C=C1C[C@@H](Sc1ccccc1)[C@@H]1[C@@H]2CC[C@]2(C)C(=O)CC[C@@H]12,6.19,0.0,1
CHEMBL1978,C[C@]12CCC(=O)C=C1[C@@H](OCc1ccccc1)C[C@@H]1[C@@H]2CC[C@]2(C)C(=O)CC[C@@H]12,5.6,0.0,1
CHEMBL1978,C[C@]12CCC(=O)C=C1[C@@H](Oc1ccccc1)C[C@@H]1[C@@H]2CC[C@]2(C)C(=O)CC[C@@H]12,7.0,0.0,1
CHEMBL1978,C[C@]12CCC(=O)C=C1[C@H](OCc1ccccc1)C[C@@H]1[C@@H]2CC[C@]2(C)C(=O)CC[C@@H]12,7.07,0.0,1
CHEMBL1978,C[C@]12CCC(=O)C=C1[C@H](Oc1ccccc1)C[C@@H]1[C@@H]2CC[C@]2(C)C(=O)CC[C@@H]12,4.64,0.0,1
CHEMBL1978,C[C@]12CCC(=O)C[C@@H]1C(=O)C[C@@H]1[C@@H]2CC[C@]2(C)C(=O)CC[C@@H]12,5.4,0.0,1
CHEMBL1978,C[C@]12CCC(=O)C[C@@H]1CC[C@@H]1[C@@H]2CC[C@]2(C)C(=O)CC[C@@H]12,6.05,0.0,1
CHEMBL1978,C[C@]12CCC(=O)C[C@@H]1CC[C@@H]1[C@@H]2CC[C@]2(C)C3=NN(c4ccccc4)[C@H](c4ccccc4)[C@H]3C[C@@H]12,5.37,0.0,1
CHEMBL1978,C[C@]12CCC(=O)C[C@@H]1CC[C@@H]1[C@@H]2CC[C@]2(C)C3=NN[C@H](c4ccccc4)[C@H]3C[C@@H]12,5.28,0.0,1
CHEMBL1978,C[C@]12CCC3C(CCC4=C(O)C(=O)CC[C@@]43C(F)F)C1CCC2=O,5.48,0.0,1
CHEMBL1978,C[C@]12CCCC[C@@H]1CC[C@@H]1[C@@H]2CC[C@]2(C)C(=O)CC[C@@H]12,5.64,0.0,1
CHEMBL1978,C[C@]12CC[C@@H](O)C(=O)[C@H]1CC[C@@H]1[C@@H]2CC[C@]2(C)[C@@H](O)CC[C@@H]12,5.41,0.0,1
CHEMBL1978,C[C@]12CC[C@@H]3C4CCC(=O)C=C4C(=O)C[C@H]3[C@@H]1CCC2=O,4.92,0.0,1
CHEMBL1978,C[C@]12CC[C@@H]3C4CCC(=O)C=C4CC[C@H]3[C@@H]1CCC2=O,5.92,0.0,1
CHEMBL1978,C[C@]12CC[C@H](O)CC1=CC[C@@H]1[C@@H]2CC[C@]2(C)C(=O)[C@@H](n3ccnc3)C[C@@H]12,5.48,0.0,1
CHEMBL1978,C[C@]12CC[C@H](O)C[C@@H]1CC[C@@H]1[C@@H]2CC[C@]2(C)C(=O)/C(=C\c3ccccc3)C[C@@H]12,5.14,0.0,1
CHEMBL1978,C[C@]12CC[C@H](O)C[C@@H]1CC[C@@H]1[C@@H]2CC[C@]2(C)C3=NN(c4ccccc4)[C@H](c4ccccc4)[C@H]3C[C@@H]12,5.22,0.0,1
CHEMBL1978,C[C@]12CC[C@H](O)C[C@@H]1CC[C@@H]1[C@@H]2CC[C@]2(C)C3=NN[C@H](c4ccccc4)[C@H]3C[C@@H]12,5.16,0.0,1
CHEMBL1978,C[C@]12CC[C@H](OC(=O)C(F)(F)F)C[C@@H]1CC[C@@H]1[C@@H]2CC[C@]2(C)C(=O)/C(=C\c3ccccc3)C[C@@H]12,5.15,0.0,1
CHEMBL1978,C[C@]12CC[C@H](OC(=O)C(F)(F)F)C[C@@H]1CC[C@@H]1[C@@H]2CC[C@]2(C)C3=NN(c4ccccc4)[C@H](c4ccccc4)[C@H]3C[C@@H]12,5.25,0.0,1
CHEMBL1978,C[C@]12CC[C@H]3[C@@H](CCC4=C(O)C(=O)CC[C@@]43C)[C@@H]1CC[C@@H]2O,4.33,0.0,1
CHEMBL1978,C[C@]12CC[C@H]3[C@@H](CCC4=C(Sc5ccccc5)C(=O)CC[C@@]43C)[C@@H]1C[C@H](C#N)[C@@H]2O,6.77,0.0,1
CHEMBL1978,C[C@]12CC[C@H]3[C@@H](CCC4=CC(=O)CC[C@@]43C(=O)C(F)(F)F)[C@@H]1CCC2=O,4.58,0.0,1
CHEMBL1978,C[C@]12CC[C@H]3[C@@H](CC[C@@]4(O)[C@@H](O)C(=O)CC[C@]34C)[C@@H]1CCC2=O,4.54,0.0,1
CHEMBL1978,C[C@]12CC[C@H]3[C@@H](C[C@H]4OC[C@@]35CCC(=O)C=C45)[C@@H]1CCC2=O,4.36,0.0,1
CHEMBL1978,C[C@]12C[C@@H](Br)C(=O)C=C1CC[C@@H]1[C@@H]2CC[C@]2(C)C(=O)CC[C@@H]12,5.66,0.0,1
CHEMBL1978,C[C@]12C[C@@H](Cl)C(=O)C=C1CC[C@@H]1[C@@H]2CC[C@]2(C)C(=O)CC[C@@H]12,5.85,0.0,1
CHEMBL1978,C[C@]12C[C@@H](F)C(=O)C=C1CC[C@@H]1[C@@H]2CC[C@]2(C)C(=O)CC[C@@H]12,6.005,0.007071067811865324,2
CHEMBL1978,C[C@]12C[C@@H](O)C(=O)C=C1CC[C@@H]1[C@@H]2CC[C@]2(C)C(=O)CC[C@@H]12,4.82,0.0,1
CHEMBL1978,C[C@]12C[C@@H](O)[C@H]3[C@@H](CCC4=C(O)C(=O)CC[C@@]43C)[C@@H]1CC[C@@H]2O,4.96,0.0,1
CHEMBL1978,C[C@]12Cc3cn[nH]c3C(=O)[C@@H]1CC[C@@H]1[C@@H]2CC[C@]2(C)[C@@H](O)CC[C@@H]12,6.29,0.0,1
CHEMBL1978,C[n+]1ccc(/C=C/c2cc3c(O)c(c2)Cc2cc(C(C)(C)C)cc(c2OCCCn2cc(CN4C(=O)C(=O)c5cc(Br)ccc54)nn2)Cc2cc(/C=C/c4cc[n+](C)cc4)cc(c2O)Cc2cc(C(C)(C)C)cc(c2OCCCn2cc(CN4C(=O)C(=O)c5cc(Br)ccc54)nn2)C3)cc1,6.5,0.0,1
CHEMBL1978,C[n+]1ccc(/C=C/c2cc3c(O)c(c2)Cc2cc(C(C)(C)C)cc(c2OCCCn2cc(CN4C(=O)C(=O)c5cc(Cl)ccc54)nn2)Cc2cc(/C=C/c4cc[n+](C)cc4)cc(c2O)Cc2cc(C(C)(C)C)cc(c2OCCCn2cc(CN4C(=O)C(=O)c5cc(Cl)ccc54)nn2)C3)cc1,6.98,0.0,1
CHEMBL1978,C[n+]1ccc(/C=C/c2cc3c(O)c(c2)Cc2cc(C(C)(C)C)cc(c2OCCCn2cc(CN4C(=O)C(=O)c5cc(F)ccc54)nn2)Cc2cc(/C=C/c4cc[n+](C)cc4)cc(c2O)Cc2cc(C(C)(C)C)cc(c2OCCCn2cc(CN4C(=O)C(=O)c5cc(F)ccc54)nn2)C3)cc1,6.15,0.0,1
CHEMBL1978,C[n+]1ccc(/C=C/c2cc3c(O)c(c2)Cc2cc(C(C)(C)C)cc(c2OCCCn2cc(CN4C(=O)C(=O)c5cc(I)ccc54)nn2)Cc2cc(/C=C/c4cc[n+](C)cc4)cc(c2O)Cc2cc(C(C)(C)C)cc(c2OCCCn2cc(CN4C(=O)C(=O)c5cc(I)ccc54)nn2)C3)cc1,5.99,0.0,1
CHEMBL1978,C[n+]1ccc(/C=C/c2cc3c(O)c(c2)Cc2cc(C(C)(C)C)cc(c2OCCCn2cc(CN4C(=O)C(=O)c5ccccc54)nn2)Cc2cc(/C=C/c4cc[n+](C)cc4)cc(c2O)Cc2cc(C(C)(C)C)cc(c2OCCCn2cc(CN4C(=O)C(=O)c5ccccc54)nn2)C3)cc1,6.29,0.0,1
CHEMBL1978,Cc1[nH]c2ccccc2c1/C=N\Nc1ccc(Cl)cc1,5.06,0.0,1
CHEMBL1978,Cc1c(-c2csc(Cl)n2)c(=O)n(-c2ccccc2)n1C,8.48,0.0,1
CHEMBL1978,Cc1c(-c2nocc2SC#N)c(=O)n(-c2ccccc2)n1C,8.64,0.0,1
CHEMBL1978,Cc1c(Cn2ccnc2)ccc2c(F)cc(F)cc12,6.75,0.0,1
CHEMBL1978,Cc1c(Cn2ccnc2)ccc2ccc(F)cc12,6.29,0.0,1
CHEMBL1978,Cc1c(F)cncc1-c1nc2ccc(F)cn2c1C1CC1,6.38,0.0,1
CHEMBL1978,Cc1cc(-n2ccc3ccncc32)ccc1Cl,7.23,0.0,1
CHEMBL1978,Cc1cc(=O)n(C)c2c3c(ccc12)OCO3,5.9,0.0,1
CHEMBL1978,Cc1cc(C(=O)O)c2ccc3[nH]ccc3c2n1,5.21,0.0,1
CHEMBL1978,Cc1cc(C)c(S(=O)(=O)NCCCn2ccnc2)cc1C,6.76,0.0,1
CHEMBL1978,Cc1cc(CO)c2ccc3[nH]ccc3c2n1,5.38,0.0,1
CHEMBL1978,Cc1cc(Cn2ccnc2)c2ccc3[nH]ccc3c2n1,8.22,0.0,1
CHEMBL1978,Cc1cc(F)ccc1S(=O)(=O)N1CCCC(Cn2ccnc2)C1,7.32,0.0,1
CHEMBL1978,Cc1cc(O)c2c(c1-c1ccc3c(c1O)C(=O)C[C@](C)([C@@H]1OC(=O)C[C@@H]1C)O3)O[C@](C)([C@@H]1OC(=O)C[C@H]1O)CC2=O,4.61,0.0,1
CHEMBL1978,Cc1cc(O)cc2c1Oc1cc(O)cc(C)c1C(=O)O2,5.28,0.0,1
CHEMBL1978,Cc1cc(S(=O)(=O)N2CCCC(Cn3ccnc3)C2)ccc1F,7.62,0.0,1
CHEMBL1978,Cc1cc2c(c(O)c1-c1ccc3c(c1O)C(=O)C[C@](C)([C@@H]1OC(=O)C[C@@H]1C)O3)C(=O)C[C@@](C)([C@@H]1OC(=O)C[C@H]1O)O2,4.78,0.0,1
CHEMBL1978,Cc1ccc(C(=O)NCCCn2ccnc2)cc1[N+](=O)[O-],6.0,0.0,1
CHEMBL1978,Cc1ccc(C(=O)NCCCn2ccnc2)cn1,4.97,0.0,1
CHEMBL1978,Cc1ccc(C(CCCc2c[nH]cn2)c2ccc(C)cc2)cc1,5.46,0.0,1
CHEMBL1978,Cc1ccc(C(CCc2c[nH]cn2)c2ccc(C)cc2)cc1,4.85,0.0,1
CHEMBL1978,Cc1ccc(C(CCc2c[nH]cn2)c2ccccc2)cc1,5.15,0.0,1
CHEMBL1978,Cc1ccc(C(O)(c2ccc(C)cc2)c2cncnc2)cc1,6.39,0.0,1
CHEMBL1978,Cc1ccc(C(O)(c2ccc(Cl)cc2)c2cccnc2)cc1,6.64,0.0,1
CHEMBL1978,Cc1ccc(C(O)(c2ccccc2)c2cncnc2)cc1C,5.5,0.0,1
CHEMBL1978,Cc1ccc(C(c2cc3ccccc3o2)n2cncn2)cc1,6.23,0.0,1
CHEMBL1978,Cc1ccc(C(c2ccc(C)cc2)n2ccnc2)cc1,8.19,0.0,1
CHEMBL1978,Cc1ccc(C2CCCc3cncn32)cc1,7.75,0.0,2
CHEMBL1978,Cc1ccc(CC(Cc2ccc(-c3ccccc3)cc2)n2ccnc2)cc1,5.88,0.0,1
CHEMBL1978,Cc1ccc(CCCCC(c2ccc(F)cc2)c2c[nH]cn2)cc1,5.07,0.0,1
CHEMBL1978,Cc1ccc(CN(Cc2ccc(-c3ccccc3)cc2)n2ccnc2)cc1,5.66,0.0,1
CHEMBL1978,Cc1ccc(Cn2ccnc2)cc1,4.61,0.0,1
CHEMBL1978,Cc1ccc(O)c(-c2csc(-c3ncccn3)n2)c1,5.45,0.0,1
CHEMBL1978,Cc1ccc(OCc2cn(-c3ccc(S(=O)(=O)NCCc4ccccc4)cc3)nn2)cc1,5.1,0.0,1
CHEMBL1978,Cc1ccc(OCc2cn(C(c3ccc(C#N)cc3)c3ccc(C#N)cc3)nn2)cc1,4.96,0.0,1
CHEMBL1978,Cc1ccc(OCc2cn(C(c3ccccc3)c3ccccc3)nn2)cc1,4.57,0.0,1
CHEMBL1978,Cc1ccc(OCc2cn(Cc3ccc(C#N)cc3)nn2)cc1,5.38,0.0,1
CHEMBL1978,Cc1ccc(OCc2cn(Cc3ccccc3)nn2)cc1,5.64,0.0,1
CHEMBL1978,Cc1ccc(S(=O)(=O)NCCc2c(C(c3ccccc3)c3[nH]c4ccccc4c3CCNS(=O)(=O)c3ccc(C)cc3)[nH]c3ccccc23)cc1,4.92,0.0,1
CHEMBL1978,Cc1ccc(S(=O)(=O)NCCc2c(C(c3ccccc3O)c3[nH]c4ccccc4c3CCNS(=O)(=O)c3ccc(C)cc3)[nH]c3ccccc23)cc1,5.39,0.0,1
CHEMBL1978,Cc1ccc(S(=O)(=O)Nc2ccc3cc[nH]c3c2)cc1,6.31,0.0,1
CHEMBL1978,Cc1ccc(S(=O)(=O)n2cc(C(c3ccccc3)n3ccnc3)c3ccccc32)cc1,5.27,0.0,1
CHEMBL1978,Cc1ccc(S(=O)(=O)n2cc(Cn3ccnc3)c3ccccc32)cc1,5.66,0.0,1
CHEMBL1978,Cc1ccc2c(c1)/C(=C/c1cccnc1)CC2,5.41,0.0,1
CHEMBL1978,Cc1ccc2c(c1)/C(=C/c1ccncc1)CC2,5.89,0.0,1
CHEMBL1978,Cc1ccc2c(c1)/C(=C\c1cccnc1)CC2,5.34,0.0,1
CHEMBL1978,Cc1ccc2c(c1)/C(=C\c1ccncc1)CC2,5.77,0.0,1
CHEMBL1978,Cc1ccc2c(c1)C(=O)C(=O)N2Cc1cn(CCCOc2c3cc(C(C)(C)C)cc2Cc2cc(/C=C/c4cc[n+](C)cc4)cc(c2O)Cc2cc(C(C)(C)C)cc(c2OCCCn2cc(CN4C(=O)C(=O)c5cc(C)ccc54)nn2)Cc2cc(/C=C/c4cc[n+](C)cc4)cc(c2O)C3)nn1,6.66,0.0,1
CHEMBL1978,Cc1cccc(C(=O)OCCOc2ccc(S(N)(=O)=O)cc2)c1N,4.36,0.0,1
CHEMBL1978,Cc1cccc(C(CCCc2c[nH]cn2)c2cccc(C)c2)c1,4.55,0.0,1
CHEMBL1978,Cc1cccc(C(CCCc2c[nH]cn2)c2ccccc2)c1,5.6,0.0,1
CHEMBL1978,Cc1cccc(C(CCc2c[nH]cn2)c2cccc(C)c2)c1,4.7,0.0,1
CHEMBL1978,Cc1cccc(C(c2ccncc2)c2cc3c4c(c2)CCN4C(=O)CC3)c1,7.5,0.0,1
CHEMBL1978,Cc1cccc(CCCCC(c2ccc(F)cc2)c2c[nH]cn2)c1,5.42,0.0,1
CHEMBL1978,Cc1cccc2c1CC/C2=C/c1cccnc1,4.9,0.0,1
CHEMBL1978,Cc1cccc2c1CC/C2=C\c1cccnc1,5.33,0.0,1
CHEMBL1978,Cc1ccccc1-c1cc2cc([N+](=O)[O-])ccc2[nH]1,5.16,0.0,1
CHEMBL1978,Cc1ccccc1C(CCCc1c[nH]cn1)c1ccccc1,5.47,0.0,1
CHEMBL1978,Cc1ccccc1C(CCc1c[nH]cn1)c1ccccc1C,4.48,0.0,1
CHEMBL1978,Cc1ccccc1CC(Cc1ccc(-c2ccccc2)cc1)n1ccnc1,5.98,0.0,1
CHEMBL1978,Cc1ccccc1CCCCC(c1ccc(F)cc1)c1c[nH]cn1,5.46,0.0,1
CHEMBL1978,Cc1ccccc1CN(Cc1ccc(-c2ccccc2)cc1)n1ccnc1,5.53,0.0,1
CHEMBL1978,Cc1ccccc1OCc1cn(-c2ccc(S(=O)(=O)NCCc3ccccc3)cc2)nn1,5.47,0.0,1
CHEMBL1978,Cc1cn2cc(-c3ccc(O)c(O)c3O)nc2s1,5.5,0.0,1
CHEMBL1978,Cc1cnccc1-c1nc(-c2cccnc2)cs1,7.11,0.0,1
CHEMBL1978,Cc1cncn1Cc1ccc(C#N)cc1,7.82,0.0,1
CHEMBL1978,Cc1nc2ccc(Cl)c(-n3ccnc3)c2cc1CCn1ccnc1,7.02,0.0,1
CHEMBL1978,Cc1ncc(CNc2ccc(OCC(O)Cn3ccnc3)cc2)cn1,5.46,0.0,1
CHEMBL1978,Cc1ncc2c(n1)-c1ccccc1C2n1ccnc1,5.55,0.0,1
CHEMBL1978,Cc1ncsc1-c1ccc([C@@H](C)NC(=O)[C@H]2C[C@H](O)CN2C(=O)[C@H](NC(=O)COCCOCCOCCOc2ccc(N(CC(F)(F)F)S(=O)(=O)C3CC4OC3C(c3ccc(-n5ccnc5)cc3)=C4c3ccc(O)cc3)cc2)C(C)(C)C)cc1,5.58,0.0,1
CHEMBL1978,Cc1ncsc1-c1ccc([C@H](C)NC(=O)[C@@H]2C[C@@H](O)CN2C(=O)[C@@H](NC(=O)CCCCCCCOc2ccc(N(CC(F)(F)F)S(=O)(=O)C3CC4OC3C(c3ccc(-n5ccnc5)cc3)=C4c3ccc(O)cc3)cc2)C(C)(C)C)cc1,5.0,0.0,1
CHEMBL1978,Cc1ncsc1-c1ccc([C@H](C)NC(=O)[C@@H]2C[C@@H](O)CN2C(=O)[C@@H](NC(=O)CCCCCCOc2ccc(N(CC(F)(F)F)S(=O)(=O)C3CC4OC3C(c3ccc(-n5ccnc5)cc3)=C4c3ccc(O)cc3)cc2)C(C)(C)C)cc1,5.28,0.0,1
CHEMBL1978,Cc1ncsc1-c1ccc([C@H](C)NC(=O)[C@@H]2C[C@@H](O)CN2C(=O)[C@@H](NC(=O)CCCCCOc2ccc(N(CC(F)(F)F)S(=O)(=O)C3CC4OC3C(c3ccc(-n5ccnc5)cc3)=C4c3ccc(O)cc3)cc2)C(C)(C)C)cc1,5.34,0.0,1
CHEMBL1978,Cc1ncsc1-c1ccc([C@H](C)NC(=O)[C@@H]2C[C@@H](O)CN2C(=O)[C@@H](NC(=O)CCCCOc2ccc(N(CC(F)(F)F)S(=O)(=O)C3CC4OC3C(c3ccc(-n5ccnc5)cc3)=C4c3ccc(O)cc3)cc2)C(C)(C)C)cc1,6.5,0.0,1
CHEMBL1978,Cc1ncsc1-c1ccc([C@H](C)NC(=O)[C@@H]2C[C@@H](O)CN2C(=O)[C@@H](NC(=O)CCCOc2ccc(N(CC(F)(F)F)S(=O)(=O)C3CC4OC3C(c3ccc(-n5ccnc5)cc3)=C4c3ccc(O)cc3)cc2)C(C)(C)C)cc1,5.92,0.0,1
CHEMBL1978,Cc1ncsc1-c1ccc([C@H](C)NC(=O)[C@@H]2C[C@@H](O)CN2C(=O)[C@@H](NC(=O)COCCOCCOCCOCCOc2ccc(N(CC(F)(F)F)S(=O)(=O)C3CC4OC3C(c3ccc(-n5ccnc5)cc3)=C4c3ccc(O)cc3)cc2)C(C)(C)C)cc1,6.19,0.0,1
CHEMBL1978,Cc1ncsc1-c1ccc([C@H](C)NC(=O)[C@@H]2C[C@@H](O)CN2C(=O)[C@@H](NC(=O)COCCOCCOc2ccc(N(CC(F)(F)F)S(=O)(=O)C3CC4OC3C(c3ccc(-n5ccnc5)cc3)=C4c3ccc(O)cc3)cc2)C(C)(C)C)cc1,6.5,0.0,1
CHEMBL1978,Cc1ncsc1-c1ccc([C@H](C)NC(=O)[C@@H]2C[C@@H](O)CN2C(=O)[C@@H](NC(=O)COCCOc2ccc(N(CC(F)(F)F)S(=O)(=O)C3CC4OC3C(c3ccc(-n5ccnc5)cc3)=C4c3ccc(O)cc3)cc2)C(C)(C)C)cc1,5.41,0.0,1
CHEMBL1978,Cc1nn(-c2cncc(C(C)(C)O)c2)c2cccc(F)c12,5.16,0.0,1
CHEMBL1978,Cc1nn(-c2cncc([C@@](C)(O)C(F)(F)F)c2)c2ccccc12,5.21,0.0,1
CHEMBL1978,Cc1nn(-c2cncc([C@](C)(O)C(F)(F)F)c2)c2ccccc12,5.2,0.0,1
CHEMBL1978,Clc1cc(-c2nc(-c3cccnc3)cs2)ccn1,6.79,0.0,1
CHEMBL1978,Clc1cc(Cl)c2oc(Cn3ccnc3)cc2c1,5.2,0.0,1
CHEMBL1978,Clc1ccc(-c2[nH]c3cc(Cl)ccc3c2Cn2ccnc2)cc1,6.58,0.0,1
CHEMBL1978,Clc1ccc(-c2[nH]c3cc(Cl)ccc3c2Cn2cncn2)cc1,6.68,0.0,1
CHEMBL1978,Clc1ccc(-c2[nH]c3cc4c(cc3c2Cn2ccnc2)OCO4)cc1,5.58,0.0,1
CHEMBL1978,Clc1ccc(-c2[nH]c3cc4c(cc3c2Cn2cncn2)OCO4)cc1,6.17,0.0,1
CHEMBL1978,Clc1ccc(-c2csc(-c3ncccn3)n2)cc1,5.47,0.0,1
CHEMBL1978,Clc1ccc(-c2nc(-c3cccnc3)cs2)cc1,5.62,0.0,1
CHEMBL1978,Clc1ccc(-n2ccc3ccncc32)cc1,6.28,0.0,1
CHEMBL1978,Clc1ccc(C(Cc2ccccc2)(c2ccc(Cl)cc2)c2cncnc2)cc1,6.0,0.0,1
CHEMBL1978,Clc1ccc(C(Cl)(c2ccc(Cl)cc2)c2cccnc2)cc1,6.7,0.0,1
CHEMBL1978,Clc1ccc(C(Cl)(c2ccc(Cl)cc2)c2cncnc2)cc1,6.56,0.0,1
CHEMBL1978,Clc1ccc(C(c2cc3ccccc3o2)n2cncn2)c(Cl)c1,6.06,0.0,1
CHEMBL1978,Clc1ccc(C(c2cc3ccccc3o2)n2cncn2)cc1,6.7,0.0,1
CHEMBL1978,Clc1ccc(C(c2cc3ccccc3o2)n2cnnn2)c(Cl)c1,4.28,0.0,1
CHEMBL1978,Clc1ccc(C(c2cc3ccccc3o2)n2cnnn2)cc1,5.52,0.0,1
CHEMBL1978,Clc1ccc(C(c2ccc(Cl)cc2)(c2c[nH]cn2)n2ccnc2)cc1,7.8,0.0,1
CHEMBL1978,Clc1ccc(C(c2ccc(Cl)cc2)(c2c[nH]nn2)n2ccnc2)cc1,7.75,0.0,1
CHEMBL1978,Clc1ccc(C(c2ccc(Cl)cc2)(c2cc[nH]n2)n2ccnc2)cc1,7.21,0.0,1
CHEMBL1978,Clc1ccc(C(c2ccc(Cl)cc2)(c2ccccn2)n2ccnc2)cc1,7.54,0.0,1
CHEMBL1978,Clc1ccc(C(c2ccc(Cl)cc2)(c2cccnc2)n2ccnc2)cc1,7.3,0.0,1
CHEMBL1978,Clc1ccc(C(c2ccc(Cl)cc2)(c2ccsn2)n2ccnc2)cc1,7.24,0.0,1
CHEMBL1978,Clc1ccc(C(c2ccc(Cl)cc2)(c2cn[nH]c2)n2ccnc2)cc1,7.96,0.0,1
CHEMBL1978,Clc1ccc(C(c2ccc(Cl)cc2)(c2cscn2)n2ccnc2)cc1,7.77,0.0,1
CHEMBL1978,Clc1ccc(C(c2ccc(Cl)cc2)(c2nc[nH]n2)n2ccnc2)cc1,7.95,0.0,1
CHEMBL1978,Clc1ccc(C(c2ccc(Cl)cc2)(c2ncc[nH]2)n2ccnc2)cc1,8.03,0.0,1
CHEMBL1978,Clc1ccc(C(c2ccc(Cl)cc2)N2CCNCC2)cc1,5.71,0.0,1
CHEMBL1978,Clc1ccc(C(c2ccc(Cl)cc2)c2cccnc2)cc1,7.08,0.0,1
CHEMBL1978,Clc1ccc(C(c2ccc(Cl)cc2)c2cncnc2)cc1,7.26,0.0,1
CHEMBL1978,Clc1ccc(C(c2ccc(Cl)cc2)n2ccnc2)cc1,7.38,0.0,1
CHEMBL1978,Clc1ccc(C(c2ccc(Cl)cc2)n2ccnn2)cc1,7.73,0.0,1
CHEMBL1978,Clc1ccc(C(c2ccc(Cl)cc2)n2cncn2)cc1,8.06,0.0,1
CHEMBL1978,Clc1ccc(C(c2ccc(Cl)cc2)n2cnnc2)cc1,8.03,0.0,1
CHEMBL1978,Clc1ccc(C(c2ccc(Cl)cc2)n2ncnn2)cc1,6.82,0.0,1
CHEMBL1978,Clc1ccc(C(c2ccc3[nH]ccc3c2)n2ccnc2)cc1,7.739999999999999,0.356791255498226,3
CHEMBL1978,Clc1ccc(C(c2ccccc2)n2ccnc2)cc1,7.7,0.0,1
CHEMBL1978,Clc1ccc(C(c2ccncc2)(c2ccc(Cl)cc2)n2ccnc2)cc1,7.3,0.0,1
CHEMBL1978,Clc1ccc(C(c2ccncc2)c2ccc(Cl)cc2)cc1,6.8,0.0,1
CHEMBL1978,Clc1ccc(CC(Cc2ccc(-c3ccccc3)cc2)n2ccnc2)c(Cl)c1,5.91,0.0,1
CHEMBL1978,Clc1ccc(CC(Cc2ccc(-c3ccccc3)cc2)n2ccnc2)s1,5.97,0.0,1
CHEMBL1978,Clc1ccc(CC(Cc2ccccc2)n2ccnc2)s1,6.06,0.0,1
CHEMBL1978,Clc1ccc(CC(c2ccc3[nH]ccc3c2)n2ccnc2)cc1,7.82,0.0,1
CHEMBL1978,Clc1ccc(CN(CC/C=C/c2ccccc2)n2cncn2)c(Cl)c1,4.76,0.0,1
CHEMBL1978,Clc1ccc(CN(Cc2ccc(-c3ccccc3)cc2)n2ccnc2)c(Cl)c1,5.44,0.0,1
CHEMBL1978,Clc1ccc(CN(Cc2ccc(-c3ccccc3)cc2)n2ccnc2)cc1,5.93,0.0,1
CHEMBL1978,Clc1ccc(CN(Cc2ccc(-c3ccccc3)cc2)n2ccnc2)s1,5.98,0.0,1
CHEMBL1978,Clc1ccc(CN(Cc2ccc(Cl)s2)n2ccnc2)c(Cl)c1,6.5,0.0,1
CHEMBL1978,Clc1ccc(CN(Cc2cccc3ccccc23)n2ccnc2)c(Cl)c1,5.4,0.0,1
CHEMBL1978,Clc1ccc(CN(Cc2cccc3ccsc23)n2ccnc2)c(Cl)c1,5.6,0.0,1
CHEMBL1978,Clc1ccc(CN(Cc2ccccc2)n2ccnc2)s1,5.97,0.0,1
CHEMBL1978,Clc1ccc(COC(Cn2cccc2)c2ccc(Cl)cc2Cl)cc1,7.52,0.0,1
CHEMBL1978,Clc1ccc(Cn2cc(Cn3ccnc3)c3ccccc32)cc1,7.16,0.0,1
CHEMBL1978,Clc1ccc(Cn2cc(Cn3cncn3)c3ccccc32)cc1,6.74,0.0,1
CHEMBL1978,Clc1ccc(Cn2ccnc2)cc1,7.16,0.0,1
CHEMBL1978,Clc1ccc(OCc2cn(C(c3ccccc3)c3ccccc3)nn2)cc1,4.87,0.0,1
CHEMBL1978,Clc1ccc(OCc2cn(Cc3ccccc3)nn2)cc1,5.3,0.0,1
CHEMBL1978,Clc1ccc2[nH]c(-c3ccccc3)cc2c1,4.64,0.0,1
CHEMBL1978,Clc1ccc2c(c1)CC/C2=C/c1cccnc1,5.39,0.0,1
CHEMBL1978,Clc1ccc2c(c1)CC/C2=C/c1ccncc1,5.7,0.0,1
CHEMBL1978,Clc1ccc2c(c1)CC/C2=C\c1cccnc1,5.37,0.0,1
CHEMBL1978,Clc1ccc2c(c1)CC/C2=C\c1ccncc1,5.26,0.0,1
CHEMBL1978,Clc1ccc2oc(Cn3ccnc3)cc2c1,5.41,0.0,1
CHEMBL1978,Clc1cccc(-c2csc(-c3ncccn3)n2)c1,5.49,0.0,1
CHEMBL1978,Clc1cccc(C(c2ccc3[nH]ccc3c2)n2ccnc2)c1,7.53,0.0,1
CHEMBL1978,Clc1cccc(CC(c2ccc3[nH]ccc3c2)n2ccnc2)c1,7.53,0.0,1
CHEMBL1978,Clc1cccc2c1CC/C2=C/c1cccnc1,6.64,0.0,1
CHEMBL1978,Clc1cccc2c1CC/C2=C\c1cccnc1,6.89,0.0,1
CHEMBL1978,Clc1ccccc1-c1csc(-c2ncccn2)n1,5.77,0.0,1
CHEMBL1978,Clc1ccccc1C(c1ccccc1Cl)n1ccnc1,7.12,0.0,1
CHEMBL1978,Clc1ccccc1CC(Cc1ccc(-c2ccccc2)cc1)n1ccnc1,5.96,0.0,1
CHEMBL1978,Clc1ccccc1CC(c1cn(Cc2ccccc2Cl)c2ccc(Br)cc12)n1ccnn1,6.01,0.0,1
CHEMBL1978,Clc1ccccc1CN(Cc1ccc(-c2ccccc2)cc1)n1ccnc1,6.52,0.0,1
CHEMBL1978,Clc1ccccc1Cn1cc(Cc2c[nH]nn2)c2ccccc21,5.46,0.0,1
CHEMBL1978,Clc1ccccc1Cn1cc(Cn2ccnc2)c2ccccc21,7.27,0.0,1
CHEMBL1978,Clc1ccccc1Cn1cc(Cn2ccnn2)c2ccccc21,6.76,0.0,1
CHEMBL1978,Cn1c(-c2ccccc2)cc2cc([N+](=O)[O-])ccc21,5.41,0.0,1
CHEMBL1978,Cn1c(-c2csc(-c3ncccn3)n2)nc2ccccc21,5.7,0.0,1
CHEMBL1978,Cn1cc(C(c2ccc(F)cc2)n2ccnc2)c2cc(Br)ccc21,7.11,0.0,1
CHEMBL1978,Cn1cc(CCN(c2ccc(C#N)cc2)n2cnnc2)c2cc(O)ccc21,8.82,0.0,1
CHEMBL1978,Cn1cc(CCN(c2ccc(C#N)cc2)n2cnnc2)c2cc(OS(N)(=O)=O)ccc21,8.64,0.0,1
CHEMBL1978,Cn1ccc2cc(C(Cc3ccc(Br)cc3)n3ccnc3)ccc21,7.62,0.0,1
CHEMBL1978,Cn1ccc2cc(C(c3ccc(Cl)cc3)n3ccnc3)ccc21,7.62,0.0,1
CHEMBL1978,Cn1ccnc1S(=O)(=O)N1CCN(c2ccc(OC[C@@H]3CO[C@@](Cn4ccnc4)(c4ccc(Cl)cc4Cl)O3)cc2)CC1,5.0,0.0,1
CHEMBL1978,Cn1nnc2ccc(C(c3ccc(Cl)cc3)n3cncn3)cc21,8.85,0.0,1
CHEMBL1978,Cn1nnc2ccc(C(c3ccc(O)cc3)n3cncn3)cc21,8.42,0.0,1
CHEMBL1978,Cn1nnc2ccc(C(c3ccc(OS(N)(=O)=O)cc3)n3cncn3)cc21,7.54,0.0,1
CHEMBL1978,FC(F)(F)c1ccc(C(CCc2c[nH]cn2)c2ccc(C(F)(F)F)cc2)cc1,4.5,0.0,1
CHEMBL1978,FC(F)(F)c1ccc(C(c2ccc(Cl)cc2)n2ccnc2)cc1,7.97,0.0,1
CHEMBL1978,FC(c1ccc(Cl)cc1)(c1ccc(Cl)cc1)c1cccnc1,6.7,0.0,1
CHEMBL1978,FC(c1ccc(Cl)cc1)(c1ccc(Cl)cc1)c1cncnc1,7.11,0.0,1
CHEMBL1978,Fc1cc(F)c2ccc(Cn3ccnc3)cc2c1,6.44,0.0,1
CHEMBL1978,Fc1cc2nc(-c3cncnc3C(F)(F)F)n(C3CC3)c2cc1F,5.19,0.0,1
CHEMBL1978,Fc1ccc(-c2[nH]c3cc(Cl)ccc3c2Cn2ccnc2)cc1,7.49,0.0,1
CHEMBL1978,Fc1ccc(-c2[nH]c3cc(Cl)ccc3c2Cn2cncn2)cc1,7.01,0.0,1
CHEMBL1978,Fc1ccc(-c2[nH]c3cc(F)ccc3c2Cn2ccnc2)cc1,7.29,0.0,1
CHEMBL1978,Fc1ccc(-c2[nH]c3cc(F)ccc3c2Cn2cncn2)cc1,7.26,0.0,1
CHEMBL1978,Fc1ccc(-c2[nH]c3cc4c(cc3c2Cn2ccnc2)OCO4)cc1,6.68,0.0,1
CHEMBL1978,Fc1ccc(-c2[nH]c3cc4c(cc3c2Cn2cncn2)OCO4)cc1,7.23,0.0,1
CHEMBL1978,Fc1ccc(-c2cc(-n3cccc3)c3ccccc3n2)cc1,6.1,0.0,1
CHEMBL1978,Fc1ccc(-c2nc(-c3cccnc3)cs2)cc1,4.75,0.0,1
CHEMBL1978,Fc1ccc(C(CCCc2c[nH]cn2)c2ccc(F)cc2)cc1,5.48,0.0,1
CHEMBL1978,Fc1ccc(C(CCCc2c[nH]cn2)c2ccccc2)cc1,5.55,0.0,1
CHEMBL1978,Fc1ccc(C(CCCc2ccccc2)c2c[nH]cn2)cc1,6.1,0.0,1
CHEMBL1978,Fc1ccc(C(CCc2c[nH]cn2)c2ccc(C(F)(F)F)cc2)cc1,5.28,0.0,1
CHEMBL1978,Fc1ccc(C(CCc2c[nH]cn2)c2ccc(F)cc2)cc1,5.3,0.0,1
CHEMBL1978,Fc1ccc(C(CCc2c[nH]cn2)c2ccccc2)cc1,5.0,0.0,1
CHEMBL1978,Fc1ccc(C(CCc2ccccc2)Cc2c[nH]cn2)cc1,5.66,0.0,1
CHEMBL1978,Fc1ccc(C(CCc2ccccc2)c2c[nH]cn2)cc1,6.16,0.0,1
CHEMBL1978,Fc1ccc(C(CCn2ccnc2)c2ccc(F)cc2)cc1,5.66,0.0,1
CHEMBL1978,Fc1ccc(C(CCn2ccnc2)c2ccccc2)cc1,5.3,0.0,1
CHEMBL1978,Fc1ccc(C(CCn2cncn2)c2ccc(F)cc2)cc1,4.44,0.0,1
CHEMBL1978,Fc1ccc(C(Cc2ccccc2)Cc2c[nH]cn2)cc1,5.36,0.0,1
CHEMBL1978,Fc1ccc(C(F)(c2ccc(Cl)cc2)c2cncnc2)cc1,6.71,0.0,1
CHEMBL1978,Fc1ccc(C(F)(c2cncnc2)c2ccccc2Cl)cc1,5.92,0.0,1
CHEMBL1978,Fc1ccc(C(c2cc3ccccc3o2)n2cncn2)cc1,6.72,0.0,1
CHEMBL1978,Fc1ccc(C(c2cc3ccccc3o2)n2cnnn2)cc1,5.66,0.0,1
CHEMBL1978,Fc1ccc(C(c2ccc(F)cc2)n2ccnc2)cc1,7.4,0.0,1
CHEMBL1978,Fc1ccc(C(c2ccc3[nH]ccc3c2)n2ccnc2)cc1,7.58,0.0,1
CHEMBL1978,Fc1ccc(CC(Cc2ccc(-c3ccccc3)cc2)n2ccnc2)c(F)c1,6.58,0.0,1
CHEMBL1978,Fc1ccc(CC(Cc2ccc(-c3ccccc3)cc2)n2ccnc2)cc1,6.96,0.0,1
CHEMBL1978,Fc1ccc(CC(c2ccc3[nH]ccc3c2)n2ccnc2)cc1,7.58,0.0,1
CHEMBL1978,Fc1ccc(CC(c2cn(Cc3ccc(F)cc3)c3ccc(Br)cc23)n2ccnn2)cc1,5.15,0.0,1
CHEMBL1978,Fc1ccc(CCC(Cc2c[nH]cn2)c2ccc(F)cc2)cc1,5.89,0.0,1
CHEMBL1978,Fc1ccc(CCC(c2ccc(F)cc2)c2c[nH]cn2)cc1,5.66,0.0,1
CHEMBL1978,Fc1ccc(CCC(c2ccc(F)cc2)n2cncn2)cc1,5.4,0.0,1
CHEMBL1978,Fc1ccc(CCCC(c2ccc(F)cc2)c2c[nH]cn2)cc1,6.2,0.0,1
CHEMBL1978,Fc1ccc(CN(Cc2ccc(-c3ccccc3)cc2)n2ccnc2)c(F)c1,6.46,0.0,1
CHEMBL1978,Fc1ccc(CN(Cc2ccc(-c3ccccc3)cc2)n2ccnc2)cc1,6.72,0.0,1
CHEMBL1978,Fc1ccc(Cn2cc(Cn3ccnc3)c3ccccc32)cc1,7.14,0.0,1
CHEMBL1978,Fc1ccc(Cn2cc(Cn3ccnn3)c3ccccc32)cc1,6.69,0.0,1
CHEMBL1978,Fc1ccc(Cn2ccnc2)cc1,6.06,0.0,1
CHEMBL1978,Fc1ccc2c(Cn3ccnc3)c(-c3ccc(Cl)cc3)[nH]c2c1,7.08,0.0,1
CHEMBL1978,Fc1ccc2c(Cn3cncn3)c(-c3ccc(Cl)cc3)[nH]c2c1,6.66,0.0,1
CHEMBL1978,Fc1ccc2c(c1)CC/C2=C/c1cccc2cnccc12,5.71,0.0,1
CHEMBL1978,Fc1ccc2c(c1)CC/C2=C/c1cccnc1,5.6,0.0,1
CHEMBL1978,Fc1ccc2c(c1)CC/C2=C/c1ccncc1,6.1,0.0,1
CHEMBL1978,Fc1ccc2c(c1)CC/C2=C\c1cccc2cnccc12,6.14,0.0,1
CHEMBL1978,Fc1ccc2c(c1)CC/C2=C\c1cccnc1,5.59,0.0,1
CHEMBL1978,Fc1ccc2c(c1)CC/C2=C\c1ccncc1,5.81,0.0,1
CHEMBL1978,Fc1ccc2c(c1)CC/C2=C\c1cncnc1,5.13,0.0,1
CHEMBL1978,Fc1ccc2ccc(Cn3ccnc3)cc2c1,6.8,0.0,1
CHEMBL1978,Fc1ccc2nc(-c3cncc4ccccc34)c(C3CC3)n2c1,6.1,0.0,1
CHEMBL1978,Fc1cccc(C(CCc2c[nH]cn2)c2cccc(F)c2)c1,4.72,0.0,1
CHEMBL1978,Fc1cccc(Cn2cc(Cn3ccnn3)c3ccccc32)c1,6.51,0.0,1
CHEMBL1978,Fc1cccc2c1CC/C2=C/c1cccnc1,6.75,0.0,1
CHEMBL1978,Fc1cccc2c1CC/C2=C\c1cccnc1,5.74,0.0,1
CHEMBL1978,Fc1ccccc1C(CCCc1c[nH]cn1)c1ccccc1,4.8,0.0,1
CHEMBL1978,Fc1ccccc1CC(Cc1ccc(-c2ccccc2)cc1)n1ccnc1,5.86,0.0,1
CHEMBL1978,Fc1ccccc1CN(Cc1ccc(-c2ccccc2)cc1)n1ccnc1,6.34,0.0,1
CHEMBL1978,Fc1ccccc1Cn1cc(Cc2c[nH]nn2)c2ccccc21,5.14,0.0,1
CHEMBL1978,Fc1ccccc1Cn1cc(Cn2ccnn2)c2ccccc21,6.38,0.0,1
CHEMBL1978,Fc1cncc(-c2nc3cc(F)c(Cl)cn3c2C2CC2)c1,5.64,0.0,1
CHEMBL1978,Fc1cncc(-c2nc3cc(F)c(F)cc3n2C2CC2)c1,5.35,0.0,1
CHEMBL1978,Fc1cncc(-c2nc3ccc(F)cn3c2C2CC2)c1,5.66,0.0,1
CHEMBL1978,N#CC(C#N)=Cc1ccc(O)c(O)c1,4.15,0.0,1
CHEMBL1978,N#CC/C(=C(/c1ccc(O)cc1)c1ccc(OCCN)cc1)c1ccccc1,7.31,0.0,1
CHEMBL1978,N#CC1(c2cc(Cn3cncn3)cc(Sc3ccc(OS(N)(=O)=O)c(Cl)c3)c2)CCC1,7.01,0.0,1
CHEMBL1978,N#CC1(c2cc(Cn3cncn3)cc(Sc3ccc(OS(N)(=O)=O)cc3)c2)CC1,8.47,0.0,1
CHEMBL1978,N#CC1(c2cc(Cn3cncn3)cc(Sc3ccc(OS(N)(=O)=O)cc3)c2)CCC1,7.68,0.0,1
CHEMBL1978,N#CCC(=C(c1ccc(O)cc1)c1ccc(O)cc1)c1ccc(N)cc1,7.44,0.0,1
CHEMBL1978,N#CCC(=C(c1ccc(O)cc1)c1ccc(O)cc1)c1ccc(O)c(F)c1,4.76,0.0,1
CHEMBL1978,N#CCC(=C(c1ccc(O)cc1)c1ccc(O)cc1)c1ccc(O)cc1,4.82,0.0,1
CHEMBL1978,N#CCC(=C(c1ccc(O)cc1)c1ccc(O)cc1)c1ccccc1,4.89,0.0,1
CHEMBL1978,N#CCCCC1CCCc2cncn21,7.03,0.0,1
CHEMBL1978,N#CCS(=O)(=O)N1CCN(c2ccc(OC[C@@H]3CO[C@@](Cn4ccnc4)(c4ccc(Cl)cc4Cl)O3)cc2)CC1,5.55,0.0,1
CHEMBL1978,N#Cc1ccc(-c2oc3ccccc3c(=O)c2Cn2ccnc2)cc1,7.16,0.0,1
CHEMBL1978,N#Cc1ccc(-n2ccc3ccncc32)cc1,7.03,0.0,1
CHEMBL1978,N#Cc1ccc(-n2ccc3ccncc32)cc1Oc1ccccc1,6.94,0.0,1
CHEMBL1978,N#Cc1ccc(/C(=C\CCc2ccc(F)cc2)C2C=NC=N2)cc1,6.72,0.0,1
CHEMBL1978,N#Cc1ccc(/C(=C\CCc2ccc(F)cc2)n2ccnc2)cc1,7.22,0.0,1
CHEMBL1978,N#Cc1ccc(/C(=C\CCc2ccc(F)cc2)n2cncn2)cc1,6.85,0.0,1
CHEMBL1978,N#Cc1ccc(/C(=C\Cc2ccc(F)cc2)C2C=NC=N2)cc1,6.72,0.0,1
CHEMBL1978,N#Cc1ccc(/C(=C\Cc2ccc(F)cc2)n2cncn2)cc1,7.3,0.0,1
CHEMBL1978,N#Cc1ccc(/C(=N\c2ccc(Br)cc2)n2ccnc2)cc1,8.11,0.0,1
CHEMBL1978,N#Cc1ccc(C(CCCc2c[nH]cn2)c2ccc(C#N)cc2)cc1,5.8,0.0,1
CHEMBL1978,N#Cc1ccc(C(CCCc2ccc(F)cc2)c2c[nH]cn2)cc1,6.64,0.0,1
CHEMBL1978,N#Cc1ccc(C(CCCc2ccc(F)cc2)n2ccnc2)cc1,7.4,0.0,1
CHEMBL1978,N#Cc1ccc(C(CCCc2ccc(F)cc2)n2cncn2)cc1,6.92,0.0,1
CHEMBL1978,N#Cc1ccc(C(CCCc2ccccc2)c2c[nH]cn2)cc1,6.68,0.0,1
CHEMBL1978,N#Cc1ccc(C(CCc2c[nH]cn2)c2ccc(C#N)cc2)cc1,6.07,0.0,1
CHEMBL1978,N#Cc1ccc(C(CCc2c[nH]cn2)c2ccc(C(F)(F)F)cc2)cc1,5.62,0.0,1
CHEMBL1978,N#Cc1ccc(C(CCc2c[nH]cn2)c2ccc(F)cc2)cc1,6.3,0.0,1
CHEMBL1978,N#Cc1ccc(C(CCc2c[nH]cn2)c2ccccc2)cc1,6.32,0.0,1
CHEMBL1978,N#Cc1ccc(C(CCc2ccc(F)cc2)Cc2c[nH]cn2)cc1,6.3,0.0,1
CHEMBL1978,N#Cc1ccc(C(CCc2ccc(F)cc2)n2ccnc2)cc1,7.3,0.0,1
CHEMBL1978,N#Cc1ccc(C(CCc2ccc(F)cc2)n2cncn2)cc1,6.72,0.0,1
CHEMBL1978,N#Cc1ccc(C(CCc2ccc(O)c(Br)c2)n2cncn2)cc1,10.7,0.0,1
CHEMBL1978,N#Cc1ccc(C(CCc2ccc(O)cc2)n2cncn2)cc1,9.8,0.0,1
CHEMBL1978,N#Cc1ccc(C(CCc2ccc(OS(N)(=O)=O)c(Br)c2)n2cncn2)cc1,9.92,0.0,1
CHEMBL1978,N#Cc1ccc(C(CCc2ccc(OS(N)(=O)=O)cc2)n2cncn2)cc1,9.66,0.0,1
CHEMBL1978,N#Cc1ccc(C(Cc2ccc(O)c(Br)c2)n2cncn2)cc1,9.68,0.0,1
CHEMBL1978,N#Cc1ccc(C(Cc2ccc(O)cc2)n2cncn2)cc1,8.54,0.0,1
CHEMBL1978,N#Cc1ccc(C(Cc2ccc(OS(N)(=O)=O)c(Br)c2)n2cncn2)cc1,9.06,0.0,1
CHEMBL1978,N#Cc1ccc(C(Cc2ccc(OS(N)(=O)=O)cc2)n2cncn2)cc1,8.55,0.0,1
CHEMBL1978,N#Cc1ccc(C(c2[nH]c3ccccc3c2CCNS(=O)(=O)c2ccc(C(F)(F)F)cc2)c2[nH]c3ccccc3c2CCNS(=O)(=O)c2ccc(C(F)(F)F)cc2)cc1,4.82,0.0,1
CHEMBL1978,N#Cc1ccc(C(c2[nH]c3ccccc3c2CCNS(=O)(=O)c2ccc(Cl)cc2)c2[nH]c3ccccc3c2CCNS(=O)(=O)c2ccc(Cl)cc2)cc1,5.26,0.0,1
CHEMBL1978,N#Cc1ccc(C(c2[nH]c3ccccc3c2CCNS(=O)(=O)c2ccc(F)cc2)c2[nH]c3ccccc3c2CCNS(=O)(=O)c2ccc(F)cc2)cc1,5.01,0.0,1
CHEMBL1978,N#Cc1ccc(C(c2cc3ccc(O)cc3o2)n2cncn2)cc1,7.7,0.0,1
CHEMBL1978,N#Cc1ccc(C(c2cc3ccccc3o2)n2cncn2)cc1,6.68,0.0,1
CHEMBL1978,N#Cc1ccc(C(c2ccc(C#N)cc2)n2cc(-c3ccccc3)nn2)cc1,4.99,0.0,1
CHEMBL1978,N#Cc1ccc(C(c2ccc(C#N)cc2)n2cc(C3CCCCC3)nn2)cc1,4.71,0.0,1
CHEMBL1978,N#Cc1ccc(C(c2ccc(C#N)cc2)n2cc(COc3ccc(-c4ccccc4)cc3)nn2)cc1,4.88,0.0,1
CHEMBL1978,N#Cc1ccc(C(c2ccc(C#N)cc2)n2cc(COc3ccc(Cl)cc3)nn2)cc1,4.79,0.0,1
CHEMBL1978,N#Cc1ccc(C(c2ccc(C#N)cc2)n2cc(COc3ccc([N+](=O)[O-])cc3)nn2)cc1,5.11,0.0,1
CHEMBL1978,N#Cc1ccc(C(c2ccc(C#N)cc2)n2cc(COc3ccccc3)nn2)cc1,4.96,0.0,1
CHEMBL1978,N#Cc1ccc(C(c2ccc(C#N)cc2)n2ccnc2)cc1,8.43,0.04242640687119383,2
CHEMBL1978,N#Cc1ccc(C(c2ccc(C#N)cc2)n2ccnn2)cc1,8.1,0.0,1
CHEMBL1978,N#Cc1ccc(C(c2ccc(C#N)cc2)n2cncn2)cc1,8.197777777777778,0.621227963799551,18
CHEMBL1978,N#Cc1ccc(C(c2ccc(C#N)cc2)n2nccn2)cc1,4.1,0.0,1
CHEMBL1978,N#Cc1ccc(C(c2ccc3[nH]ccc3c2)n2ccnc2)cc1,7.71,0.0,1
CHEMBL1978,N#Cc1ccc(C2(c3ccc(C#N)cc3)CCCc3cncn32)cc1,6.63,0.0,1
CHEMBL1978,N#Cc1ccc(C2CCCCc3cncn32)cc1,7.85,0.0,1
CHEMBL1978,N#Cc1ccc(C2CCCc3cncn32)cc1,7.481999999999999,0.7254699626219312,10
CHEMBL1978,N#Cc1ccc(C2CCc3cncn32)cc1,8.7,0.0,2
CHEMBL1978,N#Cc1ccc(CC(c2ccc3cc[nH]c3c2)n2ccnc2)cc1,7.94,0.0,1
CHEMBL1978,N#Cc1ccc(CC(c2ccc3cc[nH]c3c2)n2ccnn2)cc1,7.03,0.0,1
CHEMBL1978,N#Cc1ccc(CC(c2cccc3[nH]ccc23)n2ccnc2)cc1,7.73,0.0,1
CHEMBL1978,N#Cc1ccc(CC(c2cccc3[nH]ccc23)n2ccnn2)cc1,5.79,0.0,1
CHEMBL1978,N#Cc1ccc(CC/C=C(\c2ccc(C#N)cc2)C2C=NC=N2)cc1,6.3,0.0,1
CHEMBL1978,N#Cc1ccc(Cn2cc(-c3ccccc3)nn2)cc1,5.47,0.0,1
CHEMBL1978,N#Cc1ccc(Cn2cc(C(O)n3ccnc3)c3ccccc32)cc1,7.3,0.0,1
CHEMBL1978,N#Cc1ccc(Cn2cc(C3CCCCC3)nn2)cc1,4.97,0.0,1
CHEMBL1978,N#Cc1ccc(Cn2cc(COc3ccc(-c4ccccc4)cc3)nn2)cc1,4.94,0.0,1
CHEMBL1978,N#Cc1ccc(Cn2cc(COc3ccc(C#N)cc3)nn2)cc1,5.04,0.0,1
CHEMBL1978,N#Cc1ccc(Cn2cc(COc3ccc(Cl)cc3)nn2)cc1,5.41,0.0,1
CHEMBL1978,N#Cc1ccc(Cn2cc(COc3ccc([N+](=O)[O-])cc3)nn2)cc1,5.25,0.0,1
CHEMBL1978,N#Cc1ccc(Cn2cc(COc3ccccc3)nn2)cc1,5.21,0.0,1
CHEMBL1978,N#Cc1ccc(Cn2cc(Cn3ccnc3)c3ccccc32)cc1,7.3,0.0,1
CHEMBL1978,N#Cc1ccc(Cn2cc(Cn3ccnn3)c3ccccc32)cc1,6.85,0.0,1
CHEMBL1978,N#Cc1ccc(Cn2ccnc2)c2c(=O)c3ccccc3oc12,5.64,0.0,1
CHEMBL1978,N#Cc1ccc(Cn2ccnc2)c2oc3ccccc3c(=O)c12,7.37,0.0,1
CHEMBL1978,N#Cc1ccc(Cn2ccnc2)c2occc(=O)c12,6.62,0.0,1
CHEMBL1978,N#Cc1ccc(Cn2ccnc2)cc1,7.296666666666667,1.20359184665456,3
CHEMBL1978,N#Cc1ccc(Cn2ccnn2)cc1,7.0,0.0,1
CHEMBL1978,N#Cc1ccc(Cn2cncn2)cc1,6.82,0.0,1
CHEMBL1978,N#Cc1ccc(Cn2nccn2)cc1,4.91,0.0,1
CHEMBL1978,N#Cc1ccc(N(CC2CCc3cc(O)ccc3C2)n2cnnc2)cc1,9.6,0.0,1
CHEMBL1978,N#Cc1ccc(N(CC2CCc3cc(OS(N)(=O)=O)ccc3C2)n2cnnc2)cc1,8.28,0.0,1
CHEMBL1978,N#Cc1ccc(N(CCCCCCCCCCSc2ccc(O)cc2)n2cnnc2)cc1,9.38,0.0,1
CHEMBL1978,N#Cc1ccc(N(CCCCCCCCCCSc2ccc(OS(N)(=O)=O)cc2)n2cnnc2)cc1,8.26,0.0,1
CHEMBL1978,N#Cc1ccc(N(CCCCCSc2ccc(O)cc2)n2cnnc2)cc1,9.22,0.0,1
CHEMBL1978,N#Cc1ccc(N(CCCCCSc2ccc(OS(N)(=O)=O)cc2)n2cnnc2)cc1,9.14,0.0,1
CHEMBL1978,N#Cc1ccc(N(CCCCOc2ccc(O)cc2)n2cnnc2)cc1,8.36,0.0,1
CHEMBL1978,N#Cc1ccc(N(CCCCOc2ccc(OS(N)(=O)=O)cc2)n2cnnc2)cc1,7.51,0.0,1
CHEMBL1978,N#Cc1ccc(N(CCCCSc2ccc(O)cc2)n2cnnc2)cc1,9.0,0.0,1
CHEMBL1978,N#Cc1ccc(N(CCCCSc2ccc(OS(N)(=O)=O)cc2)n2cnnc2)cc1,8.7,0.0,1
CHEMBL1978,N#Cc1ccc(N(CCCOc2ccc(O)cc2)n2cnnc2)cc1,8.82,0.0,1
CHEMBL1978,N#Cc1ccc(N(CCCOc2ccc(OS(N)(=O)=O)cc2)n2cnnc2)cc1,8.52,0.0,1
CHEMBL1978,N#Cc1ccc(N(CCCS(=O)(=O)c2ccc(O)cc2)n2cnnc2)cc1,7.82,0.0,1
CHEMBL1978,N#Cc1ccc(N(CCCSc2ccc(O)cc2)n2cnnc2)cc1,9.55,0.0,1
CHEMBL1978,N#Cc1ccc(N(CCCSc2ccc(OS(N)(=O)=O)cc2)n2cnnc2)cc1,9.29,0.0,1
CHEMBL1978,N#Cc1ccc(N(CCCc2ccc(O)c(Br)c2)n2cnnc2)cc1,9.44,0.0,1
CHEMBL1978,N#Cc1ccc(N(CCCc2ccc(O)c(Cl)c2)n2cnnc2)cc1,9.41,0.0,1
CHEMBL1978,N#Cc1ccc(N(CCCc2ccc(O)c(F)c2)n2cnnc2)cc1,9.0,0.0,1
CHEMBL1978,N#Cc1ccc(N(CCCc2ccc(O)cc2)n2cnnc2)cc1,8.8,0.0,1
CHEMBL1978,N#Cc1ccc(N(CCCc2ccc(OS(N)(=O)=O)c(Br)c2)n2cnnc2)cc1,8.82,0.0,1
CHEMBL1978,N#Cc1ccc(N(CCCc2ccc(OS(N)(=O)=O)c(Cl)c2)n2cnnc2)cc1,8.68,0.0,1
CHEMBL1978,N#Cc1ccc(N(CCCc2ccc(OS(N)(=O)=O)c(F)c2)n2cnnc2)cc1,8.6,0.0,1
CHEMBL1978,N#Cc1ccc(N(CCCc2ccc(OS(N)(=O)=O)cc2)n2cnnc2)cc1,9.05,0.0,1
CHEMBL1978,N#Cc1ccc(N(CCOc2ccc(O)cc2)n2cnnc2)cc1,7.58,0.0,1
CHEMBL1978,N#Cc1ccc(N(CCOc2ccc(OS(N)(=O)=O)cc2)n2cnnc2)cc1,6.12,0.0,1
CHEMBL1978,N#Cc1ccc(N(CCSCc2ccc(O)cc2)n2cnnc2)cc1,9.19,0.0,1
CHEMBL1978,N#Cc1ccc(N(CCSCc2ccc(OS(N)(=O)=O)cc2)n2cnnc2)cc1,9.43,0.0,1
CHEMBL1978,N#Cc1ccc(N(CCSc2ccc(O)c(Cl)c2)n2cnnc2)cc1,9.59,0.0,1
CHEMBL1978,N#Cc1ccc(N(CCSc2ccc(O)cc2)n2cnnc2)cc1,9.55,0.0,1
CHEMBL1978,N#Cc1ccc(N(CCSc2ccc(OS(N)(=O)=O)c(Cl)c2)n2cnnc2)cc1,9.35,0.0,1
CHEMBL1978,N#Cc1ccc(N(CCSc2ccc(OS(N)(=O)=O)cc2)n2cnnc2)cc1,9.38,0.0,1
CHEMBL1978,N#Cc1ccc(N(CCSc2cccc(O)c2)n2cnnc2)cc1,9.51,0.0,1
CHEMBL1978,N#Cc1ccc(N(CCSc2cccc(OS(N)(=O)=O)c2)n2cnnc2)cc1,8.77,0.0,1
CHEMBL1978,N#Cc1ccc(N(CCc2c(F)cc(O)cc2F)C2C=NN=C2)cc1,9.85,0.0,1
CHEMBL1978,N#Cc1ccc(N(CCc2c(F)cc(OS(N)(=O)=O)cc2F)n2cnnc2)cc1,8.4,0.0,1
CHEMBL1978,N#Cc1ccc(N(CCc2ccc(O)c(Br)c2)n2cnnc2)cc1,9.44,0.0,1
CHEMBL1978,N#Cc1ccc(N(CCc2ccc(O)c(Cl)c2)n2cnnc2)cc1,9.55,0.0,1
CHEMBL1978,N#Cc1ccc(N(CCc2ccc(O)c(F)c2)n2cnnc2)cc1,9.39,0.0,1
CHEMBL1978,N#Cc1ccc(N(CCc2ccc(O)cc2)n2cnnc2)cc1,8.89,0.0,1
CHEMBL1978,N#Cc1ccc(N(CCc2ccc(OS(N)(=O)=O)c(Br)c2)n2cnnc2)cc1,8.96,0.0,1
CHEMBL1978,N#Cc1ccc(N(CCc2ccc(OS(N)(=O)=O)c(Cl)c2)n2cnnc2)cc1,8.77,0.0,1
CHEMBL1978,N#Cc1ccc(N(CCc2ccc(OS(N)(=O)=O)c(F)c2)n2cnnc2)cc1,8.7,0.0,1
CHEMBL1978,N#Cc1ccc(N(CCc2ccc(OS(N)(=O)=O)cc2)n2cnnc2)cc1,8.68,0.0,1
CHEMBL1978,N#Cc1ccc(N(CCc2coc3cc(O)ccc23)n2cnnc2)cc1,8.82,0.0,1
CHEMBL1978,N#Cc1ccc(N(CCc2coc3cc(OS(N)(=O)=O)ccc23)n2cnnc2)cc1,8.4,0.0,1
CHEMBL1978,N#Cc1ccc(N(CCn2ccc3cc(O)ccc32)n2cnnc2)cc1,8.49,0.0,1
CHEMBL1978,N#Cc1ccc(N(CCn2ccc3cc(OS(N)(=O)=O)ccc32)n2cnnc2)cc1,8.57,0.0,1
CHEMBL1978,N#Cc1ccc(N(CSc2ccc(O)cc2)n2cnnc2)cc1,8.77,0.0,1
CHEMBL1978,N#Cc1ccc(N(CSc2ccc(OS(N)(=O)=O)cc2)n2cnnc2)cc1,8.26,0.0,1
CHEMBL1978,N#Cc1ccc(N(CSc2cccc(O)c2)n2cnnc2)cc1,9.42,0.0,1
CHEMBL1978,N#Cc1ccc(N(CSc2cccc(OS(N)(=O)=O)c2)n2cnnc2)cc1,8.41,0.0,1
CHEMBL1978,N#Cc1ccc(N(Cc2c(Cl)cc(O)cc2Cl)n2cnnc2)cc1,8.64,0.0,1
CHEMBL1978,N#Cc1ccc(N(Cc2c(Cl)cc(OS(N)(=O)=O)cc2Cl)n2cnnc2)cc1,9.22,0.0,1
CHEMBL1978,N#Cc1ccc(N(Cc2c(F)cc(O)cc2F)n2cnnc2)cc1,8.89,0.0,1
CHEMBL1978,N#Cc1ccc(N(Cc2c(F)cc(OS(N)(=O)=O)cc2F)n2cnnc2)cc1,8.89,0.0,1
CHEMBL1978,N#Cc1ccc(N(Cc2c[nH]c3ccc(O)cc23)n2cnnc2)cc1,7.8,0.0,1
CHEMBL1978,N#Cc1ccc(N(Cc2ccc(O)c(C(F)F)c2)n2ccnc2)cc1,8.82,0.0,1
CHEMBL1978,N#Cc1ccc(N(Cc2ccc(O)c(F)c2F)n2cnnc2)cc1,8.17,0.0,1
CHEMBL1978,N#Cc1ccc(N(Cc2ccc(O)cc2Br)n2cnnc2)cc1,8.96,0.0,1
CHEMBL1978,N#Cc1ccc(N(Cc2ccc(O)cc2Cl)n2cnnc2)cc1,8.52,0.0,1
CHEMBL1978,N#Cc1ccc(N(Cc2ccc(O)cc2F)n2ccnc2)cc1,10.55,0.0,1
CHEMBL1978,N#Cc1ccc(N(Cc2ccc(O)cc2F)n2cnnc2)cc1,8.41,0.0,1
CHEMBL1978,N#Cc1ccc(N(Cc2ccc(OS(N)(=O)=O)c(Br)c2)n2cnnc2)cc1,9.09,0.0,1
CHEMBL1978,N#Cc1ccc(N(Cc2ccc(OS(N)(=O)=O)c(C(F)F)c2)n2cnnc2)cc1,8.36,0.0,1
CHEMBL1978,N#Cc1ccc(N(Cc2ccc(OS(N)(=O)=O)c(Cl)c2)n2cnnc2)cc1,8.64,0.0,1
CHEMBL1978,N#Cc1ccc(N(Cc2ccc(OS(N)(=O)=O)c(F)c2F)n2cnnc2)cc1,8.15,0.0,1
CHEMBL1978,N#Cc1ccc(N(Cc2ccc(OS(N)(=O)=O)cc2Br)n2cnnc2)cc1,8.59,0.0,1
CHEMBL1978,N#Cc1ccc(N(Cc2ccc(OS(N)(=O)=O)cc2Cl)n2cnnc2)cc1,7.75,0.0,1
CHEMBL1978,N#Cc1ccc(N(Cc2ccc(OS(N)(=O)=O)cc2F)n2ccnc2)cc1,9.7,0.0,1
CHEMBL1978,N#Cc1ccc(N(Cc2ccc(OS(N)(=O)=O)cc2F)n2cnnc2)cc1,8.555,1.6192745289171933,2
CHEMBL1978,N#Cc1ccc(N(Cc2ccc3c(Br)c(O)ccc3c2)n2cnnc2)cc1,10.0,0.0,1
CHEMBL1978,N#Cc1ccc(N(Cc2ccc3c(Br)c(OS(N)(=O)=O)ccc3c2)n2cnnc2)cc1,9.6,0.0,1
CHEMBL1978,N#Cc1ccc(N(Cc2ccc3c(Cl)c(O)ccc3c2)n2cnnc2)cc1,8.42,0.0,1
CHEMBL1978,N#Cc1ccc(N(Cc2ccc3c(Cl)c(OS(N)(=O)=O)ccc3c2)n2cnnc2)cc1,8.129999999999999,0.7778174593052014,2
CHEMBL1978,N#Cc1ccc(N(Cc2ccc3cc(O)ccc3c2)n2cnnc2)cc1,7.85,0.0,1
CHEMBL1978,N#Cc1ccc(N(Cc2ccc3cc(OS(N)(=O)=O)ccc3c2)n2cnnc2)cc1,7.51,0.0,1
CHEMBL1978,N#Cc1ccc(N(Cc2nc3ccc(O)cc3o2)n2cnnc2)cc1,7.8,0.0,1
CHEMBL1978,N#Cc1ccc(N(n2cnnc2)C(F)(F)c2ccc(O)cc2)cc1,6.53,0.0,1
CHEMBL1978,N#Cc1ccc(N(n2cnnc2)C(F)(F)c2ccc(OS(N)(=O)=O)cc2)cc1,5.99,0.0,1
CHEMBL1978,N#Cc1ccc(OCc2cn(C(c3ccc(C#N)cc3)c3ccc(C#N)cc3)nn2)cc1,5.33,0.0,1
CHEMBL1978,N#Cc1ccc(OCc2cn(C(c3ccccc3)c3ccccc3)nn2)cc1,4.79,0.0,1
CHEMBL1978,N#Cc1ccc(OCc2cn(Cc3ccccc3)nn2)cc1,5.87,0.0,1
CHEMBL1978,N#Cc1ccc(Oc2cccnc2)c(Oc2cccc(Cl)c2)c1,6.64,0.0,1
CHEMBL1978,N#Cc1ccc(Oc2cccnc2)cc1,6.54,0.0,1
CHEMBL1978,N#Cc1ccc(Oc2cccnc2)cc1C#N,5.3,0.0,1
CHEMBL1978,N#Cc1ccc(Oc2cccnc2)cc1NCc1ccccc1,6.01,0.0,1
CHEMBL1978,N#Cc1ccc(Oc2cccnc2)cc1Oc1cccnc1,6.52,0.0,1
CHEMBL1978,N#Cc1ccc(S(=O)(=O)N2CCCC(Cn3ccnc3)C2)c(Cl)c1,7.1,0.0,1
CHEMBL1978,N#Cc1ccc(S(=O)(=O)N2CCCC(Cn3ccnc3)C2)cc1,7.44,0.0,1
CHEMBL1978,N#Cc1ccc(S(=O)(=O)Nc2ccc(/N=N/c3ccccc3)cc2)cc1,5.1,0.0,1
CHEMBL1978,N#Cc1ccc([C@@H](c2coc3ccccc3c2=O)n2ccnc2)cc1,6.2,0.0,1
CHEMBL1978,N#Cc1ccc([C@H](c2coc3ccccc3c2=O)n2ccnc2)cc1,6.96,0.0,1
CHEMBL1978,N#Cc1ccc([C@H]2CCCCc3cncn32)c(F)c1,5.96,0.0,1
CHEMBL1978,N#Cc1ccc([C@H]2CCCc3cncn32)cc1,5.66,0.6222539674441614,2
CHEMBL1978,N#Cc1ccc([C@H]2CCc3cncn32)c(F)c1,5.696666666666666,0.4343193909248513,3
CHEMBL1978,N#Cc1ccc2[nH]c(-c3ccccc3)cc2c1,5.48,0.0,1
CHEMBL1978,N#Cc1ccc2[nH]c(-c3cccnc3)cc2c1,4.94,0.0,1
CHEMBL1978,N#Cc1ccc2c(c1)CCC=C2n1ccnc1,8.54,0.0,1
CHEMBL1978,N#Cc1cccc(CN(c2ccc([N+](=O)[O-])c(-c3ccccc3)c2)n2cnnc2)c1,7.14,0.0,1
CHEMBL1978,N#Cc1cccc(CN(c2ccc([N+](=O)[O-])c(Br)c2)n2cnnc2)c1,7.24,0.0,1
CHEMBL1978,N#Cc1ccccc1CN(c1ccc([N+](=O)[O-])c(Br)c1)n1cnnc1,7.23,0.0,1
CHEMBL1978,NCCOc1ccc(/C(=C(/Cn2cnnc2)c2ccccc2)c2ccc(O)cc2)cc1,6.15,0.0,1
CHEMBL1978,NCCOc1ccc(/C(=C(\CCCl)c2ccccc2)c2ccc(O)cc2)cc1,6.84,0.0,1
CHEMBL1978,NCCOc1ccc(/C(=C(\Cn2ccnc2)c2ccccc2)c2ccc(O)cc2)cc1,7.77,0.0,1
CHEMBL1978,NCCOc1ccc(/C(=C(\Cn2cncn2)c2ccccc2)c2ccc(O)cc2)cc1,6.76,0.0,1
CHEMBL1978,NCCOc1ccc(/C(=C(\Cn2cnnc2)c2ccccc2)c2ccc(O)cc2)cc1,6.16,0.0,1
CHEMBL1978,NCCOc1ccc(/C(=C/c2ccccc2)c2ccc(O)cc2)cc1,5.2,0.0,1
CHEMBL1978,NCCOc1ccc(/C(=C2\CCc3ccccc32)c2ccc(O)cc2)cc1,6.31,0.0,1
CHEMBL1978,NCCOc1ccc(C(=C(c2ccccc2)c2ccccc2)c2ccc(O)cc2)cc1,5.71,0.0,1
CHEMBL1978,NS(=O)(=O)Oc1ccc(C(c2ccc(Cl)cc2)n2cncn2)cc1Br,8.6,0.0,1
CHEMBL1978,NS(=O)(=O)Oc1ccc(CC(c2ccc(Cl)cc2)n2cncn2)cc1,7.41,0.0,1
CHEMBL1978,NS(=O)(=O)Oc1ccc(CC(c2ccc(Cl)cc2)n2cncn2)cc1Br,8.85,0.0,1
CHEMBL1978,NS(=O)(=O)Oc1ccc(CN(c2cc(F)cc(F)c2)n2cnnc2)cc1,6.12,0.0,1
CHEMBL1978,NS(=O)(=O)Oc1ccc(CN(c2ccc3c(c2)OC(F)(F)O3)n2cnnc2)cc1,5.39,0.0,1
CHEMBL1978,NS(=O)(=O)Oc1ccc(CN(c2ccccc2)n2cnnc2)cc1,5.61,0.0,1
CHEMBL1978,N[C@@H]1CCN(Cc2cc(O)c3cc(F)ccc3n2)C[C@H]1O,4.68,0.0,1
CHEMBL1978,Nc1ccc(-c2nsc(-c3ccc(N)cc3)n2)cc1,4.58,0.0,1
CHEMBL1978,Nc1ccc(/C=C/c2cc(N)cc(N)c2)cc1,5.07,0.0,1
CHEMBL1978,Nc1ccc(/C=C/c2cc(O)cc(O)c2)cc1,5.33,0.0424264068711932,2
CHEMBL1978,Nc1ccc(/C=C/c2ccc3c(c2)OCO3)cc1,5.07,0.0,1
CHEMBL1978,Nc1ccc(/C=C/c2cccc(N)c2)cc1,5.13,0.0,1
CHEMBL1978,Nc1ccc(/C=C/c2ccccc2)cc1,4.66,0.0,1
CHEMBL1978,Nc1ccc(C(=O)Cn2ccnc2)cc1,5.74,0.0,1
CHEMBL1978,Nc1ccc(C(CCCc2c[nH]cn2)c2ccc(N)cc2)cc1,4.58,0.0,1
CHEMBL1978,Nc1ccc(C(Cn2ccnc2)=C(c2ccc(O)cc2)c2ccc(O)cc2)cc1,8.28,0.0,1
CHEMBL1978,Nc1ccc(C(Cn2cncn2)=C(c2ccc(O)cc2)c2ccc(O)cc2)cc1,6.98,0.0,1
CHEMBL1978,Nc1ccc(C(Cn2cnnc2)=C(c2ccc(O)cc2)c2ccc(O)cc2)cc1,7.75,0.0,1
CHEMBL1978,Nc1ccc(C(O)Cn2ccnc2)cc1,5.27,0.0,1
CHEMBL1978,Nc1ccc(C2(C3CCCC3)CCC(=O)NC2=O)cc1,5.92,0.0,1
CHEMBL1978,Nc1ccc(C2(C3CCCCC3)CCC(=O)NC2=O)cc1,6.226666666666667,0.7823895023153963,3
CHEMBL1978,Nc1ccc(C23CC(C2)C(=O)N(C2CCCCC2)C3=O)cc1,7.89,0.0,1
CHEMBL1978,Nc1ccc(C23CC(C2)C(=O)N(Cc2ccccc2)C3=O)cc1,7.01,0.0,1
CHEMBL1978,Nc1ccc(C23CC(C2)C(=O)NC3=O)cc1,5.7,0.0,1
CHEMBL1978,Nc1ccc(C23CC2C(=O)N(CC2CCCCC2)C3=O)cc1,7.5600000000000005,1.0465180361560906,2
CHEMBL1978,Nc1ccc(C23CC2C(=O)N(Cc2ccccc2)C3=O)cc1,5.16,0.0,1
CHEMBL1978,Nc1ccc(C23CC2C(=O)NC3=O)cc1,4.96,0.0,1
CHEMBL1978,Nc1ccc(C2CC(=O)NC2=O)cc1,4.845000000000001,0.2050609665440985,2
CHEMBL1978,Nc1ccc(CCc2cccc(N)c2)cc1,5.49,0.0,1
CHEMBL1978,Nc1cccc(/C=C/c2ccc3c(c2)OCO3)c1,4.66,0.0,1
CHEMBL1978,Nc1cccc(/C=C/c2ccccc2)c1,5.38,0.0,1
CHEMBL1978,Nc1cccc(C(Cn2ccnc2)=C(c2ccc(O)cc2)c2ccc(O)cc2)c1,6.36,0.0,1
CHEMBL1978,O=C(/C=C/c1ccc(O)c(O)c1)OC[C@H]1O[C@@H](OCCc2ccc(O)c(O)c2)[C@H](O)[C@@H](O)[C@@H]1O,4.45,0.0,1
CHEMBL1978,O=C(/C=C/c1ccc(O)c(O)c1)OC[C@H]1O[C@@H](OCCc2ccc(O)c(O)c2)[C@H](O[C@@H]2OC[C@](O)(CO)[C@H]2O)[C@@H](O)[C@@H]1O,4.49,0.0,1
CHEMBL1978,O=C(/C=C/c1ccc(O)c(O)c1)O[C@H]1[C@H](O)[C@@H](CO)O[C@@H](OCCc2ccc(O)c(O)c2)[C@@H]1O[C@@H]1OC[C@](O)(CO)[C@H]1O,4.57,0.0,1
CHEMBL1978,O=C(/C=C/c1ccc(O)c(O)c1)O[C@H]1[C@H](O)[C@@H](O[C@@H]2OC[C@](O)(CO)[C@H]2O)[C@H](OCCc2ccc(O)cc2)O[C@@H]1CO,4.51,0.0,1
CHEMBL1978,O=C(/C=C/c1ccc(O)cc1)c1ccc(O)cc1O,5.42,0.0,1
CHEMBL1978,O=C(/C=C/c1ccccc1)c1ccc(O)cc1,4.51,0.0,1
CHEMBL1978,O=C(C(=Cc1ccccc1)n1cncn1)c1ccc(Cl)cc1Cl,6.36,0.0,1
CHEMBL1978,O=C(CCc1ccc(O)c(Cl)c1)NCc1csc(=O)[nH]1,4.66,0.0,1
CHEMBL1978,O=C(CCc1ccc(O)c(O)c1)c1c(O)cc(O)cc1O,5.55,0.0,1
CHEMBL1978,O=C(CCc1ccc(O)cc1)c1c(O)cc(O)cc1O,5.58,0.0,1
CHEMBL1978,O=C(CCc1ccc(O)cc1)c1ccccc1O,4.46,0.0,1
CHEMBL1978,O=C(CCn1ccnc1)NC[C@H]1CC[C@H](c2ncncc2-c2ccccn2)CC1,5.51,0.0,1
CHEMBL1978,O=C(Cc1ccc(F)cc1)N1CCOC(Cn2ccnc2)C1,7.46,0.0,1
CHEMBL1978,O=C(Cc1ccc2c(c1)OCO2)N1CCOC(Cn2ccnc2)C1,7.33,0.0,1
CHEMBL1978,O=C(Cc1cccnc1)OC12CC3CC(CC(C3)C1)C2,5.05,0.0,1
CHEMBL1978,O=C(Cc1ccncc1)OC12CC3CC(CC(C3)C1)C2,7.05,0.0,1
CHEMBL1978,O=C(Cc1ccncc1)OC1CCCC1,5.64,0.0,1
CHEMBL1978,O=C(Cc1ccncc1)OC1CCCCC1,6.52,0.0,1
CHEMBL1978,O=C(Cc1ccncc1)O[C@H]1C[C@H]2CC[C@@H]1C2,6.47,0.0,1
CHEMBL1978,O=C(Cc1ccncc1)Oc1ccccc1,4.86,0.0,1
CHEMBL1978,O=C(Cn1ccnc1)Nc1ccccc1Oc1ccc(F)cc1,6.61,0.0,1
CHEMBL1978,O=C(Cn1ccnc1)c1ccc([N+](=O)[O-])cc1,6.71,0.014142135623730649,2
CHEMBL1978,O=C(Cn1cncn1)NC(CCc1ccccc1)c1ccc2c(c1)OCCO2,6.0,0.0,1
CHEMBL1978,O=C(NCc1ccccc1)OC(Cn1ccnc1)c1ccccc1,6.09,0.0,1
CHEMBL1978,O=C(NCc1cccnc1)C12CC3CC(CC(C3)C1)C2,5.5,0.0,1
CHEMBL1978,O=C(NCc1ccncc1)C12CC3CC(CC(C3)C1)C2,5.82,0.0,1
CHEMBL1978,O=C(Nc1ccc(Cl)cc1)OC(COc1ccccc1)Cn1ccnc1,6.07,0.0,1
CHEMBL1978,O=C(O)[C@@H]1Cc2c([nH]c3ccccc23)CN1Cc1ccc(O)cc1,4.98,0.0,1
CHEMBL1978,O=C(O)c1cc(S(=O)(=O)N2CCCC(Cn3ccnc3)C2)ccc1O,6.47,0.0,1
CHEMBL1978,O=C(OCc1cccnc1)C12CC3CC(CC(C3)C1)C2,5.1,0.0,1
CHEMBL1978,O=C(OCc1ccncc1)C12CC3CC(CC(C3)C1)C2,6.24,0.0,1
CHEMBL1978,O=C(c1ccc(O)cc1)c1cccc(Cn2ccnc2)c1,7.89,0.0,1
CHEMBL1978,O=C1/C(=C/c2c[nH]cn2)CCc2ccccc21,6.58,0.0,1
CHEMBL1978,O=C1/C(=C/c2cc[nH]n2)CCc2ccccc21,4.75,0.0,1
CHEMBL1978,O=C1/C(=C/c2cccc(OCCCn3ccnc3)c2)Cc2ccccc21,6.16,0.0,1
CHEMBL1978,O=C1/C(=C/c2ccccc2OCCCn2ccnc2)Cc2ccccc21,5.96,0.0,1
CHEMBL1978,O=C1/C(=C/c2cccnc2)CCc2ccccc21,5.04,0.0,1
CHEMBL1978,O=C1/C(=C/c2ccncc2)C(c2ccccc2)Oc2ccccc21,6.1,0.0,1
CHEMBL1978,O=C1/C(=C/c2ccncc2)CCc2c(O)cccc21,6.16,0.0,1
CHEMBL1978,O=C1/C(=C/c2ccncc2)CCc2c1ccc1c2CCCC1,5.0,0.0,1
CHEMBL1978,O=C1/C(=C/c2ccncc2)CCc2cc(O)ccc21,5.07,0.0,1
CHEMBL1978,O=C1/C(=C/c2ccncc2)CCc2ccc(O)cc21,5.52,0.0,1
CHEMBL1978,O=C1/C(=C/c2ccncc2)CCc2ccccc21,4.92,0.0,1
CHEMBL1978,O=C1/C(=C/c2cnccn2)CCc2ccccc21,4.42,0.0,1
CHEMBL1978,O=C1/C(=C/c2cncs2)CCc2ccccc21,5.96,0.0,1
CHEMBL1978,O=C1/C(=C\c2cccnc2)C(c2ccc(Cl)cc2)Cn2cccc21,6.96,0.0,1
CHEMBL1978,O=C1/C(=C\c2cccnc2)C(c2ccc(OC(F)(F)F)cc2)n2cccc21,5.8,0.0,1
CHEMBL1978,O=C1/C(=C\c2cccnc2)C(c2ccccc2)n2cccc21,5.52,0.0,1
CHEMBL1978,O=C1/C(=C\c2ccncc2)C(c2ccc(Cl)cc2)Cn2cccc21,6.76,0.0848528137423861,2
CHEMBL1978,O=C1/C(=C\c2ccncc2)C(c2ccccc2)c2ccccc21,6.1,0.0,1
CHEMBL1978,O=C1/C(=C\c2ccncc2)C(c2ccccc2)n2cccc21,6.19,0.0,1
CHEMBL1978,O=C1/C(=C\c2ccncc2)Cc2c(O)cccc21,4.66,0.0,1
CHEMBL1978,O=C1/C(=C\c2ccncc2)Cc2ccccc21,4.6,0.0,1
CHEMBL1978,O=C1CC(c2ccc(O)c(O)c2)Oc2cc(O)cc(O)c21,6.22,0.0,1
CHEMBL1978,O=C1CC(c2ccc(O)cc2)Oc2cc(O)cc(O)c21,4.04,0.0,1
CHEMBL1978,O=C1CC(c2ccccc2)Oc2cc(O)ccc21,5.62,0.0,1
CHEMBL1978,O=C1CC(c2ccccc2)Oc2ccccc21,4.98,0.16970562748477125,2
CHEMBL1978,O=C1CC(c2ccncc2)Cc2ccccc21,4.66,0.0,1
CHEMBL1978,O=C1CCc2cc(C(C3CC3)n3ccnc3)cc3c2N1CC3,6.64,0.0,1
CHEMBL1978,O=C1CCc2cc(C(O)(c3ccccc3)c3ccncc3)cc3c2N1CC3,6.98,0.0,1
CHEMBL1978,O=C1CCc2cc(C(c3ccc(F)cc3)c3cccnc3)cc3c2N1CC3,6.85,0.0,1
CHEMBL1978,O=C1CCc2cc(C(c3ccccc3)c3cccnc3)cc3c2N1CC3,5.67,0.0,1
CHEMBL1978,O=C1CCc2cc(C(c3ccccc3)c3ccncc3)cc3c2N1CC3,6.06,0.0,1
CHEMBL1978,O=C1CCc2cc(C(c3cccnc3)c3cccc(Cl)c3)cc3c2N1CC3,5.87,0.0,1
CHEMBL1978,O=C1CCc2cc(C(c3ccncc3)C3CCCCC3)cc3c2N1CC3,7.13,0.0,1
CHEMBL1978,O=C1CCc2cc(C(c3ccncc3)c3cc(C(F)(F)F)cc(C(F)(F)F)c3)cc3c2N1CC3,6.61,0.0,1
CHEMBL1978,O=C1CCc2cc(C(c3ccncc3)c3ccc(Cl)cc3)cc3c2N1CC3,7.26,0.0,1
CHEMBL1978,O=C1CCc2cc(C(c3ccncc3)c3ccc(F)cc3)cc3c2N1CC3,6.94,0.0,1
CHEMBL1978,O=C1CCc2cc(C(c3ccncc3)c3cccc(Cl)c3)cc3c2N1CC3,7.72,0.0,1
CHEMBL1978,O=C1CCc2cc(C(c3ccncc3)c3cccc(F)c3)cc3c2N1CC3,7.13,0.0,1
CHEMBL1978,O=C1CCc2cc(Cc3cccnc3)cc3c2N1CC3,5.48,0.0,1
CHEMBL1978,O=C1CCc2cc(Cc3ccncc3)cc3c2N1CC3,5.67,0.0,1
CHEMBL1978,O=C1COc2cc(NC(=O)c3cc(NC(=O)c4cn[nH]c4)ccc3Cl)ccc2N1,7.22,0.0,1
CHEMBL1978,O=C1COc2cc(NCc3cccc(C(=O)Nc4ccccc4O)c3)ccc2N1,5.07,0.0,1
CHEMBL1978,O=C1COc2cc(NCc3cccc(C(=O)Nc4cccnc4)c3)c(Cl)cc2N1,4.84,0.0,1
CHEMBL1978,O=C1COc2cc(NCc3cccc(C(=O)Nc4cccnc4)c3)c(O)cc2N1,5.23,0.0,1
CHEMBL1978,O=C1COc2cc(NCc3cccc(C(=O)Nc4cccnc4)c3)ccc2N1,5.24,0.0,1
CHEMBL1978,O=C1C[C@@H](c2ccc(O)c(O)c2)Oc2cc(O)ccc21,5.02,0.0,1
CHEMBL1978,O=C1C[C@@H](c2ccc(O)cc2)Oc2cc(O)cc(O)c21,6.01,0.4781910357447806,4
CHEMBL1978,O=C1C[C@@H](c2ccc(O)cc2)Oc2cc(O)ccc21,6.47,0.0,1
CHEMBL1978,O=C1C[C@@H](c2ccccc2)Oc2cc(O)cc(O)c21,6.05,0.0,1
CHEMBL1978,O=C1Nc2ccccc2C1(c1[nH]c2ccccc2c1CCNS(=O)(=O)c1ccc(Cl)cc1)c1[nH]c2ccccc2c1CCNS(=O)(=O)c1ccc(Cl)cc1,5.08,0.0,1
CHEMBL1978,O=C1Nc2ccccc2C1(c1[nH]c2ccccc2c1CCNS(=O)(=O)c1cccc([N+](=O)[O-])c1)c1[nH]c2ccccc2c1CCNS(=O)(=O)c1cccc([N+](=O)[O-])c1,4.92,0.0,1
CHEMBL1978,O=C1Nc2ccccc2C1(c1[nH]c2ccccc2c1CCNS(=O)(=O)c1ccccc1[N+](=O)[O-])c1[nH]c2ccccc2c1CCNS(=O)(=O)c1ccccc1[N+](=O)[O-],5.01,0.0,1
CHEMBL1978,O=C1c2c(O)ccc(O)c2C(=O)c2c(NCCCO)ccc(NCCCO)c21,4.96,0.0,1
CHEMBL1978,O=C1c2cc(O)ccc2CCC1Cc1ccncc1,5.31,0.0,1
CHEMBL1978,O=C1c2ccc(O)cc2CC1Cc1ccncc1,5.03,0.0,1
CHEMBL1978,O=C1c2ccc(O)cc2CCC1Cc1ccncc1,5.21,0.0,1
CHEMBL1978,O=C1c2ccc3c(c2CCC1Cc1ccncc1)CCCC3,5.33,0.0,1
CHEMBL1978,O=C1c2cccc(O)c2CC1Cc1ccncc1,5.38,0.0,1
CHEMBL1978,O=C1c2cccc(O)c2CCC1Cc1ccncc1,6.716666666666666,0.04725815626252596,3
CHEMBL1978,O=C1c2ccccc2-c2nnc(Cn3ccnc3)cc21,4.575,0.007071067811865324,2
CHEMBL1978,O=C1c2ccccc2CC1Cc1ccncc1,4.77,0.0,1
CHEMBL1978,O=C1c2ccccc2CCC1C(O)c1ccncn1,4.57,0.0,1
CHEMBL1978,O=C1c2ccccc2CCC1CCc1ccncc1,5.33,0.0,1
CHEMBL1978,O=C1c2ccccc2CCC1Cc1ccncc1,5.37,0.0,1
CHEMBL1978,O=C1c2ccccc2CCC1c1ccncc1,5.13,0.0,1
CHEMBL1978,O=Cc1c(Cn2ccnc2)c2cc([N+](=O)[O-])ccc2n1Cc1ccccc1,6.72,0.0,1
CHEMBL1978,O=Cc1ccc(OCc2cn(-c3ccc(S(=O)(=O)NCCc4ccccc4)cc3)nn2)cc1,5.1,0.0,1
CHEMBL1978,O=S(=O)(C(F)F)N1CCN(c2ccc(OC[C@@H]3CO[C@@](Cn4ccnc4)(c4ccc(Cl)cc4Cl)O3)cc2)CC1,5.42,0.0,1
CHEMBL1978,O=S(=O)(C1CC1)N1CCN(c2ccc(/C=C/c3cc(F)cc(-c4ccncc4)c3)cc2)CC1,5.0,0.0,1
CHEMBL1978,O=S(=O)(C1CC1)N1CCN(c2ccc(OC[C@@H]3CO[C@@](Cn4ccnc4)(c4ccc(Cl)cc4Cl)O3)cc2)CC1,5.74,0.0,1
CHEMBL1978,O=S(=O)(C1CCOCC1)N1CCN(c2ccc(OC[C@@H]3CO[C@@](Cn4ccnc4)(c4ccc(Cl)cc4Cl)O3)cc2)CC1,5.91,0.0,1
CHEMBL1978,O=S(=O)(Cc1ccccc1)NCCc1c[nH]c2ccccc12,6.12,0.0,1
CHEMBL1978,O=S(=O)(Cc1ccccc1)Nc1ccc2[nH]ccc2c1,6.8,0.0,1
CHEMBL1978,O=S(=O)(N1CCN(c2ccc(/C=C/c3cc(F)cc(-c4ccncc4)c3)cc2)CC1)C(F)(F)F,6.0,0.0,1
CHEMBL1978,O=S(=O)(N1CCN(c2ccc(OC[C@@H]3CO[C@@](Cn4ccnc4)(c4ccc(Cl)cc4Cl)O3)cc2)CC1)C(F)(F)F,6.1,0.0,1
CHEMBL1978,O=S(=O)(NCCCn1ccnc1)c1ccc2c(c1)OCCO2,6.92,0.0,1
CHEMBL1978,O=S(=O)(NCCc1c(C(c2ccc(Br)cc2)c2[nH]c3ccccc3c2CCNS(=O)(=O)c2ccc(C(F)(F)F)cc2)[nH]c2ccccc12)c1ccc(C(F)(F)F)cc1,5.47,0.0,1
CHEMBL1978,O=S(=O)(NCCc1c(C(c2ccc(Br)cc2)c2[nH]c3ccccc3c2CCNS(=O)(=O)c2ccc(Cl)cc2)[nH]c2ccccc12)c1ccc(Cl)cc1,5.57,0.0,1
CHEMBL1978,O=S(=O)(NCCc1c(C(c2ccc(C(F)(F)F)cc2)c2[nH]c3ccccc3c2CCNS(=O)(=O)c2ccc(Br)cc2)[nH]c2ccccc12)c1ccc(Br)cc1,5.42,0.0,1
CHEMBL1978,O=S(=O)(NCCc1c(C(c2ccc(C(F)(F)F)cc2)c2[nH]c3ccccc3c2CCNS(=O)(=O)c2ccc(C(F)(F)F)cc2)[nH]c2ccccc12)c1ccc(C(F)(F)F)cc1,5.64,0.0,1
CHEMBL1978,O=S(=O)(NCCc1c(C(c2ccc(C(F)(F)F)cc2)c2[nH]c3ccccc3c2CCNS(=O)(=O)c2ccc(Cl)cc2)[nH]c2ccccc12)c1ccc(Cl)cc1,5.5,0.0,1
CHEMBL1978,O=S(=O)(NCCc1c(C(c2ccc(F)cc2)c2[nH]c3ccccc3c2CCNS(=O)(=O)c2ccc(Br)cc2)[nH]c2ccccc12)c1ccc(Br)cc1,5.12,0.0,1
CHEMBL1978,O=S(=O)(NCCc1c(C(c2ccc(F)cc2)c2[nH]c3ccccc3c2CCNS(=O)(=O)c2ccc(C(F)(F)F)cc2)[nH]c2ccccc12)c1ccc(C(F)(F)F)cc1,5.36,0.0,1
CHEMBL1978,O=S(=O)(NCCc1c(C(c2ccc(F)cc2)c2[nH]c3ccccc3c2CCNS(=O)(=O)c2ccc(Cl)cc2)[nH]c2ccccc12)c1ccc(Cl)cc1,5.27,0.0,1
CHEMBL1978,O=S(=O)(NCCc1c(C(c2ccc(O)cc2)c2[nH]c3ccccc3c2CCNS(=O)(=O)c2ccc(C(F)(F)F)cc2)[nH]c2ccccc12)c1ccc(C(F)(F)F)cc1,5.89,0.0,1
CHEMBL1978,O=S(=O)(NCCc1c(C(c2ccc(O)cc2)c2[nH]c3ccccc3c2CCNS(=O)(=O)c2ccc(Cl)cc2)[nH]c2ccccc12)c1ccc(Cl)cc1,5.85,0.0,1
CHEMBL1978,O=S(=O)(NCCc1c(C(c2ccc3c(c2)Cc2ccccc2-3)c2[nH]c3ccccc3c2CCNS(=O)(=O)c2ccc(Cl)cc2)[nH]c2ccccc12)c1ccc(Cl)cc1,5.06,0.0,1
CHEMBL1978,O=S(=O)(NCCc1c(C(c2ccccc2O)c2[nH]c3ccccc3c2CCNS(=O)(=O)c2ccc(Cl)cc2)[nH]c2ccccc12)c1ccc(Cl)cc1,5.38,0.0,1
CHEMBL1978,O=S(=O)(NCCc1c[nH]c2ccccc12)c1ccccc1,6.7,0.0,1
CHEMBL1978,O=S(=O)(NCCc1ccccc1)c1ccc(-n2cc(-c3ccccc3)nn2)cc1,4.9,0.0,1
CHEMBL1978,O=S(=O)(NCCc1ccccc1)c1ccc(-n2cc(COc3ccc4ccccc4c3)nn2)cc1,5.89,0.0,1
CHEMBL1978,O=S(=O)(NCCc1ccccc1)c1ccc(-n2cc(COc3cccc4ccccc34)nn2)cc1,5.47,0.0,1
CHEMBL1978,O=S(=O)(NCCc1ccccc1)c1ccc(-n2cc(COc3ccccc3)nn2)cc1,5.03,0.0,1
CHEMBL1978,O=S(=O)(c1ccc(F)c(Cl)c1)N1CCCC(Cn2ccnc2)C1,7.85,0.0,1
CHEMBL1978,O=S(=O)(c1ccc(F)c(F)c1)N1CCCC(Cn2ccnc2)C1,7.37,0.0,1
CHEMBL1978,O=S(=O)(c1ccc(F)c(F)c1F)N1CCCC(Cn2ccnc2)C1,7.34,0.0,1
CHEMBL1978,O=S(=O)(c1ccc(F)cc1)N1CCCC(Cn2ccnc2)C1,7.29,0.0,1
CHEMBL1978,O=S(=O)(c1ccc(OC2CCCC2)c(F)c1)N1CCCC(Cn2ccnc2)C1,7.66,0.0,1
CHEMBL1978,O=S(=O)(c1ccc(OC2CCCC2)cc1)N1CCCC(Cn2ccnc2)C1,7.85,0.0,1
CHEMBL1978,O=S(=O)(c1ccc2c(c1)OCCO2)N1CCCC(Cn2ccnc2)C1,7.89,0.0,1
CHEMBL1978,O=S(=O)(c1ccc2nsnc2c1)N1CCCC(Cn2ccnc2)C1,8.15,0.0,1
CHEMBL1978,O=S(=O)(c1cccc(OC(F)(F)F)c1)N1CCN(c2ccc(/C=C/c3cc(Cl)cc(Cn4ccnc4)c3)cc2)CC1,5.0,0.0,1
CHEMBL1978,O=S(=O)(c1cccc2nsnc12)N1CCCC(Cn2ccnc2)C1,7.27,0.0,1
CHEMBL1978,O=S(=O)(c1cccs1)N1CCN(c2ccc(OC[C@@H]3CO[C@@](Cn4ccnc4)(c4ccc(Cl)cc4Cl)O3)cc2)CC1,5.0,0.0,1
CHEMBL1978,O=[N+]([O-])c1cc(-c2cc([N+](=O)[O-])cc([N+](=O)[O-])c2)cc([N+](=O)[O-])c1,5.37,0.0,1
CHEMBL1978,O=[N+]([O-])c1ccc(/C=C/c2cccc([N+](=O)[O-])c2)cc1,5.08,0.0,1
CHEMBL1978,O=[N+]([O-])c1ccc(C(CCCc2c[nH]cn2)c2ccc([N+](=O)[O-])cc2)cc1,4.7,0.0,1
CHEMBL1978,O=[N+]([O-])c1ccc(C(O)(c2ccccc2)c2cncnc2)cc1,6.57,0.0,1
CHEMBL1978,O=[N+]([O-])c1ccc(C(c2[nH]c3ccccc3c2CCNS(=O)(=O)c2ccc(Br)cc2)c2[nH]c3ccccc3c2CCNS(=O)(=O)c2ccc(Br)cc2)cc1,5.57,0.0,1
CHEMBL1978,O=[N+]([O-])c1ccc(C(c2[nH]c3ccccc3c2CCNS(=O)(=O)c2ccc(C(F)(F)F)cc2)c2[nH]c3ccccc3c2CCNS(=O)(=O)c2ccc(C(F)(F)F)cc2)cc1,5.4,0.0,1
CHEMBL1978,O=[N+]([O-])c1ccc(C(c2[nH]c3ccccc3c2CCNS(=O)(=O)c2ccc(F)cc2)c2[nH]c3ccccc3c2CCNS(=O)(=O)c2ccc(F)cc2)cc1,5.46,0.0,1
CHEMBL1978,O=[N+]([O-])c1ccc(C(c2cc3ccc(O)cc3o2)n2cncn2)cc1,7.22,0.0,1
CHEMBL1978,O=[N+]([O-])c1ccc(C(c2ccc([N+](=O)[O-])cc2)n2ccnc2)cc1,7.4,0.0,1
CHEMBL1978,O=[N+]([O-])c1ccc(Cn2ccnc2)cc1,6.89,0.0,1
CHEMBL1978,O=[N+]([O-])c1ccc(N(Cc2ccc(C(F)(F)F)cc2)n2cnnc2)cc1-c1ccccc1,7.84,0.0,1
CHEMBL1978,O=[N+]([O-])c1ccc(N(Cc2ccc(C(F)(F)F)cc2)n2cnnc2)cc1Br,7.36,0.0,1
CHEMBL1978,O=[N+]([O-])c1ccc(N(Cc2ccc(Cl)cc2)n2cnnc2)cc1Br,8.04,0.0,1
CHEMBL1978,O=[N+]([O-])c1ccc(N(Cc2cccc(C(F)(F)F)c2)n2cnnc2)cc1-c1ccccc1,7.76,0.0,1
CHEMBL1978,O=[N+]([O-])c1ccc(N(Cc2cccc(C(F)(F)F)c2)n2cnnc2)cc1Br,7.76,0.0,1
CHEMBL1978,O=[N+]([O-])c1ccc(N(Cc2ccccc2)n2cnnc2)cc1-c1ccccc1,7.52,0.0,1
CHEMBL1978,O=[N+]([O-])c1ccc(N(Cc2ccccc2)n2cnnc2)cc1Br,7.4,0.0,1
CHEMBL1978,O=[N+]([O-])c1ccc(Nn2cnnc2)cc1Br,7.04,0.0,1
CHEMBL1978,O=[N+]([O-])c1ccc(OCc2cn(-c3ccc(S(=O)(=O)NCCc4ccccc4)cc3)nn2)cc1,5.54,0.0,1
CHEMBL1978,O=[N+]([O-])c1ccc(OCc2cn(C(c3ccccc3)c3ccccc3)nn2)cc1,4.93,0.0,1
CHEMBL1978,O=[N+]([O-])c1ccc(OCc2cn(Cc3ccccc3)nn2)cc1,5.56,0.0,1
CHEMBL1978,O=[N+]([O-])c1ccc(S(=O)(=O)N2CCCC(Cn3ccnc3)C2)cc1C(F)(F)F,7.8,0.0,1
CHEMBL1978,O=[N+]([O-])c1ccc(S(=O)(=O)NCCc2c(C(c3ccccc3)c3[nH]c4ccccc4c3CCNS(=O)(=O)c3ccc([N+](=O)[O-])cc3)[nH]c3ccccc23)cc1,4.95,0.0,1
CHEMBL1978,O=[N+]([O-])c1ccc(S(=O)(=O)NCCc2c(C(c3ccccc3O)c3[nH]c4ccccc4c3CCNS(=O)(=O)c3ccc([N+](=O)[O-])cc3)[nH]c3ccccc23)cc1,5.55,0.0,1
CHEMBL1978,O=[N+]([O-])c1ccc2[nH]c(-c3ccccc3)cc2c1,5.05,0.0,1
CHEMBL1978,O=[N+]([O-])c1ccc2c(c1)nc(-c1ccccn1)n2CCc1ccncc1,5.68,0.0,1
CHEMBL1978,O=[N+]([O-])c1cccc(CN(c2ccc([N+](=O)[O-])c(-c3ccccc3)c2)n2cnnc2)c1,7.71,0.0,1
CHEMBL1978,O=[N+]([O-])c1cccc(CN(c2ccc([N+](=O)[O-])c(Br)c2)n2cnnc2)c1,7.92,0.0,1
CHEMBL1978,O=[N+]([O-])c1cccc(Cc2nncc3ccccc23)c1,4.42,0.0,1
CHEMBL1978,O=[N+]([O-])c1cccc(Cl)c1Oc1cccc(S(=O)(=O)N2CCCC(Cn3ccnc3)C2)c1,8.05,0.0,1
CHEMBL1978,O=[N+]([O-])c1cccc(S(=O)(=O)NCCc2c(C(c3ccc(O)cc3)c3[nH]c4ccccc4c3CCNS(=O)(=O)c3cccc([N+](=O)[O-])c3)[nH]c3ccccc23)c1,5.64,0.0,1
CHEMBL1978,O=[N+]([O-])c1cccc(S(=O)(=O)NCCc2c(C(c3ccccc3O)c3[nH]c4ccccc4c3CCNS(=O)(=O)c3cccc([N+](=O)[O-])c3)[nH]c3ccccc23)c1,5.77,0.0,1
CHEMBL1978,O=[N+]([O-])c1ccccc1S(=O)(=O)NCCc1c(C(c2ccccc2O)c2[nH]c3ccccc3c2CCNS(=O)(=O)c2ccccc2[N+](=O)[O-])[nH]c2ccccc12,5.34,0.0,1
CHEMBL1978,O=c1c(-c2ccc(O)cc2)c(SCc2ccncc2)oc2cc(O)ccc12,6.55,0.0,1
CHEMBL1978,O=c1c(-c2ccccc2)c(-n2ccnc2)oc2cc(OCc3ccccc3)ccc12,6.28,0.0,1
CHEMBL1978,O=c1c(-c2ccccc2)c(SCc2cccnc2)oc2cc(O)ccc12,5.44,0.0,1
CHEMBL1978,O=c1c(-c2ccccc2)c(SCc2ccncc2)oc2cc(O)ccc12,6.21,0.0,1
CHEMBL1978,O=c1c(-c2ccccc2)c(SCc2ccncc2)oc2cc(OCc3ccccc3)ccc12,6.68,0.0,1
CHEMBL1978,O=c1c(Cn2ccnc2)c(-c2ccc(Br)cc2)oc2ccccc12,6.36,0.0,1
CHEMBL1978,O=c1c(Cn2ccnc2)c(-c2ccc([N+](=O)[O-])cc2)oc2ccccc12,7.35,0.0,1
CHEMBL1978,O=c1c(Cn2ccnc2)c(-c2ccccc2)oc2ccccc12,7.15,0.0,1
CHEMBL1978,O=c1c(O)c(-c2cc(O)c(O)c(O)c2)oc2cc(O)cc(O)c12,5.0,0.0,1
CHEMBL1978,O=c1c(O)c(-c2ccc(O)c(O)c2)oc2c(O)c(O)cc(O)c12,4.96,0.0,1
CHEMBL1978,O=c1c([C@@H](c2ccc(Br)cc2)n2ccnc2)coc2ccccc12,7.31,0.0,1
CHEMBL1978,O=c1c([C@@H](c2ccc([N+](=O)[O-])cc2)n2ccnc2)coc2ccccc12,8.64,0.0,1
CHEMBL1978,O=c1c([C@H](c2ccc(Br)cc2)n2ccnc2)coc2ccccc12,6.54,0.0,1
CHEMBL1978,O=c1c([C@H](c2ccc([N+](=O)[O-])cc2)n2ccnc2)coc2ccccc12,7.02,0.0,1
CHEMBL1978,O=c1c2ccccc2oc2c(Br)ccc(Cn3ccnc3)c12,6.03,0.0,1
CHEMBL1978,O=c1c2ccccc2oc2c(Cn3ccnc3)ccc(Br)c12,7.05,0.0,1
CHEMBL1978,O=c1c2ccccc2oc2c(Cn3ccnc3)ccc([N+](=O)[O-])c12,7.4,0.0,1
CHEMBL1978,O=c1c2ccccc2oc2c([N+](=O)[O-])ccc(Cn3ccnc3)c12,6.01,0.0,1
CHEMBL1978,O=c1c2ccccc2oc2cc(Cn3ccnc3)ccc12,6.41,0.0,1
CHEMBL1978,O=c1c2ccccc2sc2c(Cn3ccnc3)ccc([N+](=O)[O-])c12,7.78,0.0,1
CHEMBL1978,O=c1cc(-c2ccc(O)c(O)c2)oc2cc(O)cc(O)c12,5.92,0.0,1
CHEMBL1978,O=c1cc(-c2ccc(O)cc2)oc2cc(O)cc(O)c12,5.73,0.2687005768508883,2
CHEMBL1978,O=c1cc(-c2ccccc2)oc2c(O)c(O)ccc12,4.08,0.0,1
CHEMBL1978,O=c1cc(-c2ccccc2)oc2c1ccc1ccccc12,6.3,0.0,1
CHEMBL1978,O=c1cc(-c2ccccc2)oc2cc(O)cc(O)c12,6.095,0.20157711510321122,4
CHEMBL1978,O=c1cc(-c2ccccc2)oc2cc(O)ccc12,6.199999999999999,0.6788225099390859,2
CHEMBL1978,O=c1cc(-c2ccccc2)oc2ccccc12,4.66,0.4808326112068521,2
CHEMBL1978,O=c1cc(Cn2ccnc2)c2ccc(OCc3ccccc3)cc2o1,6.82,0.0,1
CHEMBL1978,O=c1cc(Cn2ccnc2)c2ccc(Oc3ccccc3)cc2o1,7.29,0.0,1
CHEMBL1978,O=c1cc(Cn2ccnc2)c2ccccc2o1,5.68,0.0,1
CHEMBL1978,O=c1cc(OCCn2ccnc2)c2ccccc2o1,6.12,0.0,1
CHEMBL1978,O=c1cc(OCc2cn(-c3ccc(S(=O)(=O)N4CCc5ccccc5C4)cc3)nn2)c2ccccc2o1,4.9,0.0,1
CHEMBL1978,O=c1cc(OCc2cn(-c3ccc(S(=O)(=O)NCCc4ccccc4)cc3)nn2)c2ccccc2o1,5.75,0.0,1
CHEMBL1978,O=c1cc(OCc2cn(-c3cccc(S(=O)(=O)N4CCc5ccccc5C4)c3)nn2)c2ccccc2o1,4.9,0.0,1
CHEMBL1978,O=c1ccc2cc(Cn3ccnc3)ccc2o1,6.395,0.6293250352560268,2
CHEMBL1978,O=c1ccc2ccc(-c3cccnc3)cc2o1,7.52,0.0,1
CHEMBL1978,O=c1ccc2ccc(-c3ccncc3)cc2o1,5.58,0.0,1
CHEMBL1978,O=c1ccc2ccc(Cn3ccnc3)cc2o1,6.17,0.0,1
CHEMBL1978,O=c1ccc2ccc(Cn3cnnc3)cc2o1,4.5,0.0,1
CHEMBL1978,O=c1ccc2ccc(OCCn3ccnc3)cc2o1,4.5,0.0,1
CHEMBL1978,O=c1ccc2ccc(OCc3cn(-c4ccc(S(=O)(=O)NCCc5ccccc5)cc4)nn3)cc2o1,4.9,0.0,1
CHEMBL1978,O=c1ccoc2c(Cn3ccnc3)ccc(Br)c12,5.68,0.0,1
CHEMBL1978,O=c1ccoc2c(Cn3ccnc3)ccc([N+](=O)[O-])c12,5.96,0.0,1
CHEMBL1978,O=c1ccoc2cc(Cn3ccnc3)ccc12,7.0,0.0,1
CHEMBL1978,O=c1ccoc2cc(Cn3cnnc3)ccc12,5.43,0.0,1
CHEMBL1978,O=c1oc2cc(OCC(O)Cn3cncn3)ccc2c2c1CCC2,4.66,0.0,1
CHEMBL1978,O=c1oc2ccccc2c(Cn2ccnc2)c1-c1ccccc1,5.29,0.0,1
CHEMBL1978,OC(c1ccc(Br)cc1)(c1cncnc1)C1CC1,5.27,0.0,1
CHEMBL1978,OC(c1ccc(Cl)cc1)(c1ccc(C(F)(F)F)cc1)c1cncnc1,7.18,0.0,1
CHEMBL1978,OC(c1ccc(Cl)cc1)(c1ccc(Cl)cc1)c1c[nH]cn1,7.55,0.0,1
CHEMBL1978,OC(c1ccc(Cl)cc1)(c1ccc(Cl)cc1)c1cc[nH]n1,7.05,0.0,1
CHEMBL1978,OC(c1ccc(Cl)cc1)(c1ccc(Cl)cc1)c1cccnc1,6.82,0.0,1
CHEMBL1978,OC(c1ccc(Cl)cc1)(c1ccc(Cl)cc1)c1ccncn1,6.49,0.0,1
CHEMBL1978,OC(c1ccc(Cl)cc1)(c1ccc(Cl)cc1)c1ccsn1,7.72,0.0,1
CHEMBL1978,OC(c1ccc(Cl)cc1)(c1ccc(Cl)cc1)c1cn[nH]c1,7.52,0.0,1
CHEMBL1978,OC(c1ccc(Cl)cc1)(c1ccc(Cl)cc1)c1cnccn1,7.03,0.0,1
CHEMBL1978,OC(c1ccc(Cl)cc1)(c1ccc(Cl)cc1)c1cncnc1,7.15,0.0,1
CHEMBL1978,OC(c1ccc(Cl)cc1)(c1ccc(Cl)cc1)c1cscn1,8.02,0.0,1
CHEMBL1978,OC(c1ccc(Cl)cc1)(c1ccc(Cl)cc1)c1ncc[nH]1,6.17,0.0,1
CHEMBL1978,OC(c1ccc(Cl)cc1)(c1cccnc1)c1cc2ccccc2o1,5.37,0.0,1
CHEMBL1978,OC(c1ccc(Cl)cc1)(c1cccnc1)c1cccc(C(F)(F)F)c1,6.19,0.0,1
CHEMBL1978,OC(c1ccc(Cl)cc1)(c1cncnc1)C1CC1,5.24,0.0,1
CHEMBL1978,OC(c1ccc(Cl)cc1)(c1cncnc1)C1CC2CCC1C2,5.11,0.0,1
CHEMBL1978,OC(c1ccc(Cl)cc1)(c1cncnc1)C1CCCCC1,5.4,0.0,1
CHEMBL1978,OC(c1ccc(Cl)cc1)(c1cncnc1)c1cccc(Cl)c1,6.46,0.0,1
CHEMBL1978,OC(c1ccc(Cl)cc1)(c1cncnc1)c1cccc(F)c1,5.78,0.0,1
CHEMBL1978,OC(c1ccc(Cl)cc1)(c1cncnc1)c1ccccc1Cl,5.39,0.0,1
CHEMBL1978,OC(c1ccc(F)cc1)(c1ccc(Cl)cc1)c1cncnc1,6.75,0.0,1
CHEMBL1978,OC(c1ccc(F)cc1)(c1ccc(F)cc1)c1cncnc1,6.28,0.0,1
CHEMBL1978,OC(c1ccc(F)cc1)(c1cccnc1)c1cc2ccccc2o1,5.16,0.0,1
CHEMBL1978,OC(c1ccc(F)cc1)(c1cccnc1)c1ccc(Cl)cc1Cl,6.5,0.0,1
CHEMBL1978,OC(c1ccc(F)cc1)(c1cncnc1)C1CC1,5.38,0.0,1
CHEMBL1978,OC(c1ccc(F)cc1)(c1cncnc1)c1cccc(F)c1,5.94,0.0,1
CHEMBL1978,OC(c1ccccc1)(c1ccc(C(F)(F)F)cc1)c1cncnc1,5.71,0.0,1
CHEMBL1978,OC(c1ccccc1)(c1cncnc1)c1ccc(Cl)c(Cl)c1,6.0,0.0,1
CHEMBL1978,OC(c1cccnc1)(c1cccc(Cl)c1)c1cccc(Cl)c1,5.35,0.0,1
CHEMBL1978,OC(c1ccncc1)(c1ccc(Cl)cc1)c1ccc(Cl)cc1,7.08,0.0,1
CHEMBL1978,OC(c1cn(Cc2cccc(F)c2)c2ccccc12)n1ccnc1,7.09,0.0,1
CHEMBL1978,OC(c1cn(Cc2ccccc2Cl)c2ccccc12)n1ccnc1,7.27,0.0,1
CHEMBL1978,OC(c1cn(Cc2ccccc2F)c2ccccc12)n1ccnc1,6.91,0.0,1
CHEMBL1978,OCc1cc(-c2ccccc2)nc2c1ccc1[nH]ccc12,5.67,0.0,1
CHEMBL1978,OCc1ccc(C2CCCc3cncn32)cc1,7.84,0.0,1
CHEMBL1978,Oc1cc2c(cc1C(c1ccc(F)cc1)n1ccnc1)OCO2,8.28,0.0,1
CHEMBL1978,Oc1cc2c(cc1C(c1ccc3c(c1)OCO3)n1ccnc1)OCO2,7.6,0.0,1
CHEMBL1978,Oc1ccc(-c2csc(-c3ncccn3)n2)cc1,5.24,0.0,1
CHEMBL1978,Oc1ccc(-c2nc(-c3cccnc3)c(-c3ccc(Cl)cc3)[nH]2)cc1,7.32,0.0,1
CHEMBL1978,Oc1ccc(-c2nc(-c3cccnc3)cs2)cc1,4.95,0.0,1
CHEMBL1978,Oc1ccc(/C=C/c2cc(O)cc(O)c2)cc1,4.484999999999999,0.2580051679068983,4
CHEMBL1978,Oc1ccc(/C=C/c2cc(O)cc(OCc3ccccc3)c2)cc1,5.57,0.0,1
CHEMBL1978,Oc1ccc(C(=C(Cn2ccnc2)c2ccc(O)c(F)c2)c2ccc(O)cc2)cc1,7.03,0.0,1
CHEMBL1978,Oc1ccc(C(=C(Cn2ccnc2)c2cccc(O)c2)c2ccc(O)cc2)cc1,7.22,0.0,1
CHEMBL1978,Oc1ccc(C(=C(Cn2ccnc2)c2ccccc2)c2ccc(O)cc2)cc1,8.32,0.0,1
CHEMBL1978,Oc1ccc(C(=C(Cn2cncn2)c2ccc(O)c(F)c2)c2ccc(O)cc2)cc1,5.53,0.0,1
CHEMBL1978,Oc1ccc(C(=C(Cn2cncn2)c2ccccc2)c2ccc(O)cc2)cc1,6.86,0.0,1
CHEMBL1978,Oc1ccc(C(=C(Cn2cnnc2)c2ccc(O)c(F)c2)c2ccc(O)cc2)cc1,4.85,0.0,1
CHEMBL1978,Oc1ccc(C(Cn2ccnc2)=C(c2ccc(O)cc2)c2ccc(O)cc2)cc1,7.22,0.0,1
CHEMBL1978,Oc1ccc(C(Cn2cncn2)=C(c2ccc(O)cc2)c2ccc(O)cc2)cc1,5.52,0.0,1
CHEMBL1978,Oc1ccc(C(Cn2cnnc2)=C(c2ccc(O)cc2)c2ccc(O)cc2)cc1,4.9,0.0,1
CHEMBL1978,Oc1ccc(C(c2ccc(Cl)cc2)n2cncn2)cc1Br,8.64,0.0,1
CHEMBL1978,Oc1ccc(CC(c2ccc(Cl)cc2)n2cncn2)cc1,7.1,0.0,1
CHEMBL1978,Oc1ccc(CC(c2ccc(Cl)cc2)n2cncn2)cc1Br,8.74,0.0,1
CHEMBL1978,Oc1ccc(CN(c2cc(F)cc(F)c2)n2cnnc2)cc1,5.6,0.0,1
CHEMBL1978,Oc1ccc(CN(c2ccc3c(c2)OC(F)(F)O3)C2C=NN=C2)cc1,5.26,0.0,1
CHEMBL1978,Oc1ccc(CN(c2ccccc2)n2cnnc2)cc1,5.4,0.0,1
CHEMBL1978,Oc1ccc(Cl)cc1-c1csc(-c2ncccn2)n1,5.45,0.0,1
CHEMBL1978,Oc1ccc(O)c(-c2cn3ccsc3n2)c1,5.58,0.0,1
CHEMBL1978,Oc1ccc2c(c1)C1C(CC2)C1c1ccncc1,7.18,0.0,1
CHEMBL1978,Oc1ccc2c(c1)CC(Cc1ccncc1)C2,5.72,0.0,1
CHEMBL1978,Oc1ccc2c(c1)CC(Cc1ccncc1)CC2,5.89,0.0,1
CHEMBL1978,Oc1ccc2c(c1)CCC(Cc1ccncc1)C2,6.12,0.0,1
CHEMBL1978,Oc1ccc2c(c1)CCC1C(c3ccncc3)C21,6.48,0.0,1
CHEMBL1978,Oc1ccc2c(c1)O[C@@H](c1ccccc1)C[C@@H]2n1ccnc1,7.39,0.0,1
CHEMBL1978,Oc1ccc2cc(-c3cccnc3)ccc2c1,5.57,0.0,1
CHEMBL1978,Oc1ccc2cc(C(c3ccc(Cl)cc3)n3cncn3)oc2c1,5.84,0.0,1
CHEMBL1978,Oc1cccc(-c2csc(-c3ncccn3)n2)c1,5.52,0.0,1
CHEMBL1978,Oc1cccc2c1CC(Cc1ccncc1)C2,6.0,0.0,1
CHEMBL1978,Oc1cccc2c1CCC(Cc1ccncc1)C2,6.28,0.0,1
CHEMBL1978,Oc1cccc2c1CCC1C(c3ccncc3)C21,5.3,0.0,1
CHEMBL1978,Oc1ccccc1-c1csc(-c2ncccn2)n1,9.38,0.0,1
CHEMBL1978,S=c1ccc2cc(Cn3ccnc3)ccc2o1,5.95,0.0,1
CHEMBL1978,c1cc(-c2nsc(-c3ccncc3)n2)ccn1,6.1,0.0,1
CHEMBL1978,c1cc(CCn2ccnc2)c2cccnc2c1,6.46,0.0,1
CHEMBL1978,c1cc(CCn2ccnc2)c2ccsc2c1,5.45,0.0,1
CHEMBL1978,c1cc2cc(-n3ccnc3)ccc2cn1,5.51,0.0,1
CHEMBL1978,c1cc2cc(Cn3ccnc3)ccc2cn1,5.86,0.0,1
CHEMBL1978,c1cc2ccc(Cn3ccnc3)cc2cn1,5.5649999999999995,0.4171930009000639,2
CHEMBL1978,c1ccc(-c2cc(-c3cccnc3)nc(-c3cccnc3)c2)cc1,4.33,0.0,1
CHEMBL1978,c1ccc(-c2cc(Cn3ccnc3)c3ccc4[nH]ccc4c3n2)cc1,7.94,0.0,1
CHEMBL1978,c1ccc(-c2ccc(OCc3cn(C(c4ccccc4)c4ccccc4)nn3)cc2)cc1,4.81,0.0,1
CHEMBL1978,c1ccc(-c2cn(C(c3ccccc3)c3ccccc3)nn2)cc1,4.89,0.0,1
CHEMBL1978,c1ccc(-c2csc(-c3ncccn3)n2)nc1,5.96,0.0,1
CHEMBL1978,c1ccc(-c2nc(-c3cccnc3)cs2)cc1,6.05,0.0,1
CHEMBL1978,c1ccc(-c2nnc3n2-c2ccc(-c4cccnc4)cc2CC3)cc1,7.68,0.0,1
CHEMBL1978,c1ccc(C(CCCn2ccnc2)c2ccccc2)cc1,4.8,0.0,1
CHEMBL1978,c1ccc(C(CCn2ccnc2)c2ccccc2)cc1,4.7,0.0,1
CHEMBL1978,c1ccc(C(c2ccccc2)n2cc(C3CCCCC3)nn2)cc1,4.86,0.0,1
CHEMBL1978,c1ccc(C(c2ccccc2)n2ccnc2)cc1,7.300000000000001,0.5656854249492382,2
CHEMBL1978,c1ccc(C(c2ccccc2)n2ccnn2)cc1,5.34,0.0,1
CHEMBL1978,c1ccc(C(c2ccccc2)n2cncn2)cc1,5.96,0.0,1
CHEMBL1978,c1ccc(C(c2ccccc2)n2nccn2)cc1,4.92,0.0,1
CHEMBL1978,c1ccc(C2(n3ccnc3)c3ccccc3-c3ccccc32)cc1,7.13,0.0,1
CHEMBL1978,c1ccc(C2(n3cncn3)c3ccccc3-c3ccccc32)cc1,5.4,0.0,1
CHEMBL1978,c1ccc(CC(Cc2ccc(-c3ccccc3)cc2)n2ccnc2)cc1,6.02,0.0,1
CHEMBL1978,c1ccc(CN(Cc2ccc(-c3ccccc3)cc2)n2ccnc2)cc1,5.92,0.0,1
CHEMBL1978,c1ccc(CN(Cc2cccc3ccsc23)n2ccnc2)cc1,5.0,0.0,1
CHEMBL1978,c1ccc(Cn2c3ccccc3c3ccccc32)cc1,5.57,0.0,1
CHEMBL1978,c1ccc(Cn2cc(-c3ccccc3)nn2)cc1,5.01,0.0,1
CHEMBL1978,c1ccc(Cn2cc(C3CCCCC3)nn2)cc1,5.1,0.0,1
CHEMBL1978,c1ccc(Cn2cc(COc3ccc(-c4ccccc4)cc3)nn2)cc1,4.97,0.0,1
CHEMBL1978,c1ccc(Cn2cc(COc3ccccc3)nn2)cc1,4.97,0.0,1
CHEMBL1978,c1ccc(Cn2cc(Cc3c[nH]nn3)c3ccccc32)cc1,4.95,0.0,1
CHEMBL1978,c1ccc(Cn2cc(Cn3ccnc3)c3ccccc32)cc1,7.0,0.0,1
CHEMBL1978,c1ccc(Cn2cc(Cn3ccnn3)c3ccccc32)cc1,6.5,0.0,1
CHEMBL1978,c1ccc(Cn2cc(Cn3cncn3)c3ccccc32)cc1,6.5,0.0,1
CHEMBL1978,c1ccc(Cn2cc(Cn3cnnc3)c3ccccc32)cc1,4.95,0.0,1
CHEMBL1978,c1ccc(Cn2ccnc2)cc1,6.82,0.0,1
CHEMBL1978,c1ccc(Cn2ccnn2)cc1,4.92,0.0,1
CHEMBL1978,c1ccc(Cn2cncn2)cc1,5.39,0.0,1
CHEMBL1978,c1ccc(Cn2nccn2)cc1,4.79,0.0,1
CHEMBL1978,c1ccc(OCc2cn(C(c3ccccc3)c3ccccc3)nn2)cc1,4.5,0.0,1
CHEMBL1978,c1ccc2c(Cn3ccnc3)c[nH]c2c1,5.06,0.0,1
CHEMBL1978,c1ccc2c(c1)-c1ccccc1C2n1ccnc1,5.545,0.007071067811865324,2
CHEMBL1978,c1ccc2c(c1)CC(Cc1ccncc1)C2,5.62,0.0,1
CHEMBL1978,c1ccc2c(c1)CCC(Cc1ccncc1)C2,5.92,0.0,1
CHEMBL1978,c1ccc2c(c1)CCC1C(c3c[nH]cn3)C21,6.22,0.0,1
CHEMBL1978,c1ccc2c(c1)CCC1C(c3cc[nH]n3)C21,4.29,0.0,1
CHEMBL1978,c1ccc2c(c1)CCC1C(c3ccncc3)C21,6.43,0.0,1
CHEMBL1978,c1ccc2c(c1)CCCC2CCn1ccnc1,6.16,0.0,1
CHEMBL1978,c1ccc2cc(-n3ccnc3)ccc2c1,5.55,0.0,1
CHEMBL1978,c1ccc2cc(Cn3ccnc3)ccc2c1,6.01,0.0,1
CHEMBL1978,c1ccc2oc(Cn3ccnc3)cc2c1,5.13,0.0,1
CHEMBL1978,c1cn(CCC2CCCc3occc32)cn1,6.04,0.0,1
CHEMBL1978,c1cn(CCC2CCCc3sccc32)cn1,6.36,0.0,1
CHEMBL1978,c1cnc(-c2nc(-c3cc4ccccc4o3)cs2)nc1,5.48,0.0,1
CHEMBL1978,c1cnc(-c2nc(-c3cc4ccccc4s3)cs2)nc1,5.74,0.0,1
CHEMBL1978,c1cnc(-c2nc(-c3cccnc3)cs2)nc1,5.48,0.0,1
CHEMBL1978,c1cnc(-c2nc(-c3ccco3)cs2)nc1,5.58,0.0,1
CHEMBL1978,c1cnc(-c2nc(-c3cccs3)cs2)nc1,5.46,0.0,1
CHEMBL1978,c1cnc(-c2nc(-c3ccncc3)cs2)nc1,6.03,0.0,1
CHEMBL1978,c1cnc(-c2nc(-c3nc4ccccc4s3)cs2)nc1,6.0,0.0,1
CHEMBL1978,c1cnc2c(c1)C(CCCn1ccnc1)CCC2,6.46,0.0,1
CHEMBL1978,c1cnc2c(c1)C(CCn1ccnc1)CCC2,6.42,0.0,1
CHEMBL1978,c1cnc2c(c1)C(Cn1ccnc1)CCC2,6.8,0.0,1
CHEMBL1978,c1cnc2c(c1)C(n1ccnc1)CCC2,5.19,0.0,1
CHEMBL1978,c1cncc(-c2cc3ccccc3[nH]2)c1,5.52,0.0,1
CHEMBL1978,c1cncc(-c2csc(-c3cccnc3)n2)c1,8.4,0.0,1
CHEMBL1978,c1cncc(-c2csc(-c3ccncc3)n2)c1,8.4,0.0,1
CHEMBL1978,c1cncc(-c2nsc(-c3cccnc3)n2)c1,6.66,0.05656854249492385,2
CHEMBL1978,c1cncc(C2C3CCc4ccccc4C32)c1,4.89,0.0,1
