chembl_id,smiles,pchembl_value,pchembl_std,n_records
CHEMBL4439,Brc1cccc(-c2[nH]ncc2-c2ccnc3ccccc23)n1,7.51,0.0,1
CHEMBL4439,C#CCN1C[C@@H]2C[C@]2(c2ccc(-c3cnc(N)c(C(=O)N[C@H]4CC[C@H](O)CC4)c3)cc2)C1,5.7,0.0,1
CHEMBL4439,C#CCN1C[C@H]2C[C@@]2(c2ccc(-c3cnc(N)c(C(=O)N[C@H]4CC[C@H](O)CC4)c3)cc2)C1,5.28,0.0,1
CHEMBL4439,C#CCn1cc(N(c2nc(C(N)=O)c(-c3cc(C(=O)N4CCOCC4)c[nH]3)s2)C2CC2)cn1,8.55,0.0,1
CHEMBL4439,C#CCn1cc(N(c2nc(C(N)=O)c(-c3ccc[nH]3)s2)C2CC2)cn1,7.48,0.0,1
CHEMBL4439,C#Cc1ccc(CNc2nc(-c3ccc4c(c3)OCO4)c(-c3cccc(C)n3)[nH]2)cc1,6.82,0.0,1
CHEMBL4439,C#Cc1ccc(NCc2nc(-c3ccc4c(c3)OCO4)c(-c3cccc(C)n3)[nH]2)cc1,6.76,0.0,1
CHEMBL4439,C#Cc1cccc(NCc2nc(-c3ccc4nccnc4c3)c(-c3cccc(CC)n3)[nH]2)c1,6.92,0.0,1
CHEMBL4439,C#Cc1cnc2ccc(-c3c(-c4ccc(F)cc4)ncn3C(COC)C3CC3)nn12,8.64,0.0,1
CHEMBL4439,C=C(C)C(=O)N[C@@H](CO)C(=O)O,7.43,0.0,1
CHEMBL4439,C=C(C)c1c(Nc2ccncc2C(=O)NC[C@H](C)O)cc(-c2cc(Cl)ccc2F)nc1N,7.77,0.0,1
CHEMBL4439,C=C(C)c1c(Nc2ccncc2C(=O)OC)cc(-c2cc(Cl)ccc2F)nc1NC(=O)OC(C)(C)C,7.77,0.0,1
CHEMBL4439,C=C(C)c1cnc(-c2cc(Cl)ccc2F)cc1Nc1ccncc1C(=O)N1CCCC1,7.11,0.0,1
CHEMBL4439,C=C(C)c1cnc(-c2cc(Cl)ccc2F)cc1Nc1ccncc1C(=O)NC(C)(C)CO,7.0,0.0,1
CHEMBL4439,C=C(C)c1cnc(-c2cc(Cl)ccc2F)cc1Nc1ccncc1C(=O)NC(C)CO,7.27,0.0,1
CHEMBL4439,C=C(C)c1cnc(-c2cc(Cl)ccc2F)cc1Nc1ccncc1C(=O)NC1CC1,7.55,0.0,1
CHEMBL4439,C=C(C)c1cnc(-c2cc(Cl)ccc2F)cc1Nc1ccncc1C(=O)NCCO,7.99,0.0,1
CHEMBL4439,C=C(C)c1cnc(-c2cc(Cl)ccc2F)cc1Nc1ccncc1C(=O)NC[C@H](C)O,7.34,0.0,1
CHEMBL4439,C=C(C)c1cnc(-c2cc(Cl)ccc2F)cc1Nc1ccncc1C(=O)N[C@@H](CC)CO,7.18,0.0,1
CHEMBL4439,C=C(C)c1cnc(-c2cc(Cl)ccc2F)cc1Nc1ccncc1C(=O)N[C@@H](CO)C(C)C,5.55,0.0,1
CHEMBL4439,C=C(C)c1cnc(-c2cc(Cl)ccc2F)cc1Nc1ccncc1C(=O)N[C@@H](O)CC,7.79,0.0,1
CHEMBL4439,C=C(C)c1cnc(-c2cc(Cl)ccc2F)cc1Nc1ccncc1C(=O)N[C@H](C)CC,7.27,0.0,1
CHEMBL4439,C=C(C)c1cnc(-c2cc(Cl)ccc2F)cc1Nc1ccncc1C(=O)N[C@H](C)CO,7.27,0.0,1
CHEMBL4439,C=C(C)c1cnc(-c2cc(Cl)ccc2F)cc1Nc1ccncc1C(=O)N[C@H](CO)C(C)C,6.0,0.0,1
CHEMBL4439,C=C(C)c1cnc(-c2cc(Cl)ccc2F)cc1Nc1ncncc1C(=O)NC[C@H](C)O,7.55,0.0,1
CHEMBL4439,C=CCOc1cnccc1Nc1nc(-c2ccccn2)nn2cccc12,7.89,0.0,1
CHEMBL4439,C=CCn1cc(N(c2nc(C(N)=O)c(-c3cc(C(=O)N4CCOCC4)c[nH]3)s2)C2CC2)cn1,8.52,0.0,1
CHEMBL4439,C=CCn1cc(N(c2nc(C(N)=O)c(-c3ccc[nH]3)s2)C2CC2)cn1,7.43,0.0,1
CHEMBL4439,C=Cc1cc2c(Nc3ccncc3F)nc(-c3cccc(OC)n3)nn2c1,7.52,0.0,1
CHEMBL4439,C=Cc1cn2ncc(-c3ccnc(OC)c3)c2nc1NC,5.85,0.0,1
CHEMBL4439,C=Cc1cnc2ccc(-c3c(-c4ccc(F)cc4)ncn3CC(F)F)nn12,8.8,0.0,1
CHEMBL4439,C=Cn1cnc2ccc(-c3ccnn3-c3cccc(C)n3)cc2c1=O,8.4,0.0,1
CHEMBL4439,CC#CCN1C[C@@H]2C[C@]2(c2ccc(-c3cnc(N)c(C(=O)N[C@H]4CC[C@H](O)CC4)c3)cc2)C1,5.96,0.0,1
CHEMBL4439,CC#CCN1C[C@H]2C[C@@]2(c2ccc(-c3cnc(N)c(C(=O)N[C@H]4CC[C@H](O)CC4)c3)cc2)C1,5.2,0.0,1
CHEMBL4439,CC#CCn1cc(N(C)c2nc(C(N)=O)c(-c3cc(C(=O)N(C)C)c[nH]3)s2)cn1,7.37,0.0,1
CHEMBL4439,CC#CCn1cc(N(CC(C)C)c2nc(C(N)=O)c(-c3cc(C(=O)N(C)C)c[nH]3)s2)cn1,7.61,0.0,1
CHEMBL4439,CC#CCn1cc(N(CC)c2nc(C(N)=O)c(-c3cc(C(=O)N(C)C)c[nH]3)s2)cn1,7.76,0.0,1
CHEMBL4439,CC#CCn1cc(N(CC2CC2(F)F)c2nc(C(N)=O)c(-c3cc(C(=O)N(C)C)c[nH]3)s2)cn1,7.5,0.0,1
CHEMBL4439,CC#CCn1cc(N(CC2CC2)c2nc(C(N)=O)c(-c3cc(C(=O)N(C)C)c[nH]3)s2)cn1,8.33,0.0,1
CHEMBL4439,CC#CCn1cc(N(CCC)c2nc(C(N)=O)c(-c3cc(C(=O)N(C)C)c[nH]3)s2)cn1,7.75,0.0,1
CHEMBL4439,CC#CCn1cc(N(c2nc(C(N)=O)c(-c3cc(C(=O)N(C)C)c[nH]3)s2)C(C)C)cn1,6.36,0.0,1
CHEMBL4439,CC#CCn1cc(N(c2nc(C(N)=O)c(-c3cc(C(=O)N(C)C)c[nH]3)s2)C2CC2)cn1,8.21,0.0,1
CHEMBL4439,CC#CCn1cc(N(c2nc(C(N)=O)c(-c3cc(C(=O)N(CC)CC)c[nH]3)s2)C2CC2)cn1,7.63,0.0,1
CHEMBL4439,CC#CCn1cc(N(c2nc(C(N)=O)c(-c3cc(C(=O)N4CCC4)c[nH]3)s2)C2CC2)cn1,8.35,0.0,1
CHEMBL4439,CC#CCn1cc(N(c2nc(C(N)=O)c(-c3cc(C(=O)N4CCCC4)c[nH]3)s2)C2CC2)cn1,8.7,0.0,1
CHEMBL4439,CC#CCn1cc(N(c2nc(C(N)=O)c(-c3cc(C(=O)N4CCCCC4)c[nH]3)s2)C2CC2)cn1,8.2,0.0,1
CHEMBL4439,CC#CCn1cc(N(c2nc(C(N)=O)c(-c3cc(C(=O)N4CCOCC4)c[nH]3)s2)C2CC2)cn1,8.89,0.0,1
CHEMBL4439,CC#CCn1cc(N(c2nc(C(N)=O)c(-c3cc(C(N)=O)c[nH]3)s2)C2CC2)cn1,8.6,0.0,1
CHEMBL4439,CC#CCn1cc(N(c2nc(C(N)=O)c(-c3ccc[nH]3)s2)C2CC2)cn1,7.1,0.0,1
CHEMBL4439,CC(=O)COc1ccc(-c2cc(-c3c[nH]nc3-c3ccccn3)ccn2)cc1,7.6,0.0,1
CHEMBL4439,CC(=O)N1CC(n2cnc(-c3ccc(F)cc3)c2-c2ccc3ncc(C#N)n3n2)C1,7.14,0.0,1
CHEMBL4439,CC(=O)N1CCC(CCn2nc(-c3cc4cc[nH]c4cc3C)c3c(N)ncnc32)CC1,6.56,0.0,1
CHEMBL4439,CC(=O)N1CCC(CCn2nc(-c3ccc(N)cc3C)c3c(N)ncnc32)CC1,6.41,0.0,1
CHEMBL4439,CC(=O)N1CCC(CCn2nc(-c3ccc4[nH]c(C)cc4c3)c3c(N)ncnc32)CC1,6.22,0.0,1
CHEMBL4439,CC(=O)N1CCC(CCn2nc(-c3ccc4[nH]cc(C)c4c3)c3c(N)ncnc32)CC1,7.76,0.0,1
CHEMBL4439,CC(=O)N1CCC(CCn2nc(-c3ccc4[nH]ccc4c3)c3c(N)ncnc32)CC1,7.32,0.0,1
CHEMBL4439,CC(=O)N1CCC(CCn2nc(-c3ccc4[nH]ncc4c3)c3c(N)ncnc32)CC1,6.51,0.0,1
CHEMBL4439,CC(=O)N1CCC(CCn2nc(-c3ccc4c(ccn4C)c3)c3c(N)ncnc32)CC1,6.86,0.0,1
CHEMBL4439,CC(=O)N1CCC(CCn2nc(-c3ccc4ncsc4c3)c3c(N)ncnc32)CC1,7.04,0.0,1
CHEMBL4439,CC(=O)N1CCN(CC(=O)Nc2cc(Nc3nc(-c4cccc(C(F)(F)F)n4)nn4cccc34)ccn2)CC1,9.07,0.0,1
CHEMBL4439,CC(=O)N1CCn2c(nc(-c3ccc(F)cc3)c2-c2ccc3ncc(C(N)=O)n3c2)C1,7.39,0.0,1
CHEMBL4439,CC(=O)NCCCc1nc(-c2nc(C)cs2)c(-c2ccc3ncsc3c2)[nH]1,7.58,0.0,1
CHEMBL4439,CC(=O)NCCNC(=O)c1cnccc1Nc1cc(-c2cc(Cl)ccc2F)ncc1C(C)C,7.54,0.1131370849898477,2
CHEMBL4439,CC(=O)NCc1cnc2ccc(-c3c(-c4ccc(F)cc4)ncn3CC(F)F)nn12,7.92,0.0,1
CHEMBL4439,CC(=O)Nc1cc(-c2[nH]c3cccnc3c2-c2ccc(C)cn2)ccn1,8.3,0.0,1
CHEMBL4439,CC(=O)Nc1cc(-c2[nH]c3cccnc3c2-c2ccc(Cl)cn2)ccn1,8.7,0.0,1
CHEMBL4439,CC(=O)Nc1cc(-c2[nH]c3cccnc3c2-c2ccc(F)cn2)ccn1,8.52,0.0,1
CHEMBL4439,CC(=O)Nc1cc(-c2[nH]c3cccnc3c2-c2ccc(F)nc2)ccn1,7.66,0.0,1
CHEMBL4439,CC(=O)Nc1cc(-c2[nH]c3cccnc3c2-c2ccc(OC(F)F)cn2)ccn1,7.96,0.0,1
CHEMBL4439,CC(=O)Nc1cc(-c2[nH]c3cccnc3c2-c2cccc(C(F)(F)F)n2)ccn1,8.7,0.0,1
CHEMBL4439,CC(=O)Nc1cc(-c2[nH]c3cccnc3c2-c2cccc(C(F)F)n2)ccn1,8.085,1.2940054095713813,2
CHEMBL4439,CC(=O)Nc1cc(-c2[nH]c3cccnc3c2-c2cccc(C)n2)ccn1,8.7,0.0,1
CHEMBL4439,CC(=O)Nc1cc(Nc2nc(-c3ccc(C(F)(F)F)cn3)nc3[nH]ccc23)ccn1,8.33,0.0,1
CHEMBL4439,CC(=O)Nc1cc(Nc2nc(-c3ccc(C(F)(F)F)cn3)nn3cccc23)ccn1,7.33,0.0,1
CHEMBL4439,CC(=O)Nc1cc(Nc2nc(-c3ccc(F)c(C(F)F)n3)nc3[nH]ccc23)c(F)cn1,8.89,0.0,1
CHEMBL4439,CC(=O)Nc1cc(Nc2nc(-c3ccc(F)c(C(F)F)n3)nn3cccc23)ccn1,8.21,0.0,1
CHEMBL4439,CC(=O)Nc1cc(Nc2nc(-c3ccc(F)c(C)n3)nc3[nH]ccc23)ccn1,9.11,0.0,1
CHEMBL4439,CC(=O)Nc1cc(Nc2nc(-c3ccc(F)c(C)n3)nn3cccc23)c(F)cn1,8.44,0.0,1
CHEMBL4439,CC(=O)Nc1cc(Nc2nc(-c3ccc(F)c(C)n3)nn3cccc23)ccn1,9.08,0.0,1
CHEMBL4439,CC(=O)Nc1cc(Nc2nc(-c3ccc(F)cn3)nn3cccc23)c(F)cn1,7.8,0.0,1
CHEMBL4439,CC(=O)Nc1cc(Nc2nc(-c3ccc(F)cn3)nn3cccc23)ccn1,8.44,0.0,1
CHEMBL4439,CC(=O)Nc1cc(Nc2nc(-c3cccc(C(F)(F)F)n3)nc3[nH]ccc23)ccn1,9.17,0.0,1
CHEMBL4439,CC(=O)Nc1cc(Nc2nc(-c3cccc(C(F)(F)F)n3)nn3ccc(CNCC(C)(C)O)c23)ccn1,8.7,0.0,1
CHEMBL4439,CC(=O)Nc1cc(Nc2nc(-c3cccc(C(F)(F)F)n3)nn3cccc23)c(F)cn1,7.66,0.0,1
CHEMBL4439,CC(=O)Nc1cc(Nc2nc(-c3cccc(C(F)(F)F)n3)nn3cccc23)ccn1,8.82,0.0,1
CHEMBL4439,CC(=O)Nc1cc(Nc2nc(-c3cccc(C(F)F)n3)nc3[nH]cc(C)c23)ccn1,8.82,0.0,1
CHEMBL4439,CC(=O)Nc1cc(Nc2nc(-c3cccc(C(F)F)n3)nc3[nH]cc(CNCC(C)(C)O)c23)c(F)cn1,8.59,0.0,1
CHEMBL4439,CC(=O)Nc1cc(Nc2nc(-c3cccc(C(F)F)n3)nc3[nH]cc(CNCC(C)(C)O)c23)ccn1,9.12,0.0,1
CHEMBL4439,CC(=O)Nc1cc(Nc2nc(-c3cccc(C(F)F)n3)nc3[nH]ccc23)c(F)cn1,9.15,0.0,1
CHEMBL4439,CC(=O)Nc1cc(Nc2nc(-c3cccc(C(F)F)n3)nc3[nH]ccc23)ccn1,9.11,0.0,1
CHEMBL4439,CC(=O)Nc1cc(Nc2nc(-c3cccc(C(F)F)n3)nn3cccc23)c(F)cn1,8.29,0.0,1
CHEMBL4439,CC(=O)Nc1cc(Nc2nc(-c3cccc(C(F)F)n3)nn3cccc23)ccn1,9.72,0.0,1
CHEMBL4439,CC(=O)Nc1cc(Nc2nc(-c3cccc(C)n3)nc3[nH]ccc23)ccn1,9.0,0.0,1
CHEMBL4439,CC(=O)Nc1cc(Nc2nc(-c3cccc(F)n3)nn3cccc23)c(F)cn1,8.48,0.0,1
CHEMBL4439,CC(=O)Nc1cc(Nc2nc(-c3cccc(F)n3)nn3cccc23)ccn1,9.07,0.0,1
CHEMBL4439,CC(=O)Nc1cc(Nc2nc(-c3ccccn3)nc3[nH]ccc23)ccn1,9.05,0.0,1
CHEMBL4439,CC(=O)Nc1cc(Nc2nc(-c3ccccn3)nn3ccc(CN4CCC(F)(F)CC4)c23)ccn1,9.4,0.0,1
CHEMBL4439,CC(=O)Nc1cc(Nc2nc(-c3ccccn3)nn3ccc(CN4CCN(CCO)CC4)c23)ccn1,8.92,0.0,1
CHEMBL4439,CC(=O)Nc1cc(Nc2nc(-c3ccccn3)nn3ccc(CN4CCOCC4)c23)ccn1,9.6,0.0,1
CHEMBL4439,CC(=O)Nc1cc(Nc2nc(-c3ccccn3)nn3ccc(CNCC(C)(C)O)c23)ccn1,9.07,0.0,1
CHEMBL4439,CC(=O)Nc1ccc(-c2ccc3ncc(C(N)=O)n3c2)c(-c2cccc(C)n2)n1,6.45,0.0,1
CHEMBL4439,CC(=O)Nc1ccc2c(-c3c(-c4ccccn4)nn4c3CCC4)ccnc2c1,7.06,0.0,1
CHEMBL4439,CC(=O)Nc1cccc(-c2nc(Nc3ccncc3F)c3cccn3n2)n1,7.38,0.0,1
CHEMBL4439,CC(=O)Nc1cccc(-c2ncccc2-c2ccc3ncc(C#N)n3c2)n1,6.04,0.0,1
CHEMBL4439,CC(=O)Nc1cccc(-c2ncn(CC(F)F)c2-c2ccc3ncc(C#N)n3n2)c1,7.31,0.0,1
CHEMBL4439,CC(=O)Nc1ccnc(-c2cccc(C)n2)c1-c1ccc2ncc(C#N)n2c1,4.95,0.0,1
CHEMBL4439,CC(=O)Nc1ccnc(-c2cccc(C)n2)c1-c1ccc2ncc(C(N)=O)n2c1,6.14,0.0,1
CHEMBL4439,CC(=O)Nc1cn2cc(-c3cccnc3-c3ccc(F)c(C)n3)ccc2n1,8.4,0.0,1
CHEMBL4439,CC(=O)Nc1cn2cc(-c3cccnc3-c3cccc(C)n3)ccc2n1,9.0,0.0,1
CHEMBL4439,CC(=O)Nc1cnc(-c2cccc(C)n2)c(-c2ccc3ncc(C#N)n3c2)c1,7.37,0.0,1
CHEMBL4439,CC(=O)Nc1cnc(-c2cccc(C)n2)c(-c2ccc3ncc(C(N)=O)n3c2)c1,8.3,0.0,1
CHEMBL4439,CC(=O)Nc1cnc2ccc(-c3c(-c4ccc(F)cc4)ncn3CC(F)F)nn12,8.03,0.0,1
CHEMBL4439,CC(=O)Nc1nc(-c2ccc(F)cc2)c(-c2ccc3ncc(C#N)n3c2)n1CC(F)F,6.27,0.0,1
CHEMBL4439,CC(=O)Nc1nc(-c2ccc(F)cc2)c(-c2ccc3nccn3c2)[nH]1,7.26,0.0,1
CHEMBL4439,CC(=O)Nc1nc(-c2nc(C)cs2)c(-c2ccc3c(c2)OCO3)[nH]1,5.96,0.0,1
CHEMBL4439,CC(=O)Nc1nccc(Nc2nc(-c3cccc(C(F)(F)F)n3)nc3[nH]ccc23)c1F,8.77,0.0,1
CHEMBL4439,CC(=O)Nc1nccc(Nc2nc(-c3cccc(C(F)(F)F)n3)nn3cccc23)c1F,7.1,0.0,1
CHEMBL4439,CC(=O)Nc1nccc(Nc2nc(-c3cccc(C(F)F)n3)nc3[nH]ccc23)c1F,9.43,0.0,1
CHEMBL4439,CC(=O)Nc1nccc(Nc2nc(-c3cccc(C(F)F)n3)nn3cccc23)c1F,8.29,0.0,1
CHEMBL4439,CC(=O)c1c[nH]c(-c2sc(N(c3cn[nH]c3)C3CC3)nc2C(N)=O)c1,7.76,0.0,1
CHEMBL4439,CC(=O)c1c[nH]c(-c2sc(N(c3cnn(-c4ccncc4CO)c3)C3CC3)nc2C(N)=O)c1,8.24,0.0,1
CHEMBL4439,CC(=O)c1c[nH]c(-c2sc(N(c3cnn(-c4ccncc4F)c3)C3CC3)nc2C(N)=O)c1,8.49,0.0848528137423864,2
CHEMBL4439,CC(=O)c1cccc(-c2ncccc2-c2ccc3ncc(C#N)n3c2)n1,6.09,0.0,1
CHEMBL4439,CC(C)(C)C(=O)N1CCC(CCn2nc(-c3ccc4[nH]ccc4c3)c3c(N)ncnc32)CC1,6.75,0.0,1
CHEMBL4439,CC(C)(C)C(=O)NCc1cnc2ccc(-c3c(-c4ccc(F)cc4)ncn3CC(F)F)nn12,7.36,0.0,1
CHEMBL4439,CC(C)(C)C(=O)Nc1cc(Nc2nc(-c3cccc(C(F)(F)F)n3)nn3cccc23)ccn1,6.8,0.0,1
CHEMBL4439,CC(C)(C)C(=O)c1c[nH]c(-c2sc(N(c3cn[nH]c3)C3CC3)nc2C(N)=O)c1,7.03,0.0,1
CHEMBL4439,CC(C)(C)CC(=O)Nc1cc(Nc2nc(-c3cccc(C(F)(F)F)n3)nc3[nH]ccc23)ccn1,8.57,0.0,1
CHEMBL4439,CC(C)(C)CC(=O)Nc1cc(Nc2nc(-c3cccc(C(F)(F)F)n3)nn3cccc23)ccn1,7.04,0.0,1
CHEMBL4439,CC(C)(C)Cn1cnc(-c2ccc(F)cc2)c1-c1ccc2ncc(C#N)n2n1,7.0,0.0,1
CHEMBL4439,CC(C)(C)NC(=O)N1CC(n2cnc(-c3ccc(F)cc3)c2-c2ccc3ncc(C#N)n3n2)C1,6.64,0.0,1
CHEMBL4439,CC(C)(C)NC(=O)N1CC(n2cnc(-c3ccc(F)cc3)c2-c2ccc3ncc(C(N)=O)n3n2)C1,6.36,0.0,1
CHEMBL4439,CC(C)(C)NC(=O)NCc1cnc2ccc(-c3c(-c4ccc(F)cc4)ncn3CC(F)F)nn12,8.02,0.0,1
CHEMBL4439,CC(C)(C)OC(=O)CNC(=O)c1cnccc1Nc1nc(-c2cccc(C(F)F)n2)nn2cccc12,6.64,0.0,1
CHEMBL4439,CC(C)(C)OC(=O)N1CC(n2cnc(-c3ccc(F)cc3)c2-c2ccc3ncc(C(N)=O)n3n2)C1,6.61,0.0,1
CHEMBL4439,CC(C)(C)OC(=O)N1CCC(Cn2nc(-c3ccc4[nH]ccc4c3)c3c(N)ncnc32)C1,6.81,0.0,1
CHEMBL4439,CC(C)(C)OC(=O)N1CCC(Cn2nc(-c3ccc4[nH]ccc4c3)c3c(N)ncnc32)CC1,6.28,0.0,1
CHEMBL4439,CC(C)(C)OC(=O)N1CCN(CCNC(=O)c2cnccc2Nc2nc(-c3ccccn3)nn3cccc23)CC1,6.68,0.0,1
CHEMBL4439,CC(C)(C)OCCNC(=O)c1cnccc1Nc1nc(-c2cccc(C(F)F)n2)nn2cccc12,7.32,0.0,1
CHEMBL4439,CC(C)(C)c1nc(C2CC2)sc1Oc1ccnc(Nc2ccnc(C(C)(C)O)c2)c1,5.17,0.0,1
CHEMBL4439,CC(C)(C)n1nc(C2CC2)cc1Oc1ccnc(Nc2ccc(S(N)(=O)=O)cc2)c1,7.03,0.0,1
CHEMBL4439,CC(C)(F)Cn1cnc(-c2ccc(F)c(Cl)c2)c1-c1ccc2ncc(C#N)n2n1,8.82,0.0,1
CHEMBL4439,CC(C)(F)Cn1cnc(-c2ccc(F)cc2)c1-c1ccc2ncc(C#N)n2n1,8.72,0.0,1
CHEMBL4439,CC(C)(N)CNC(=O)c1cnccc1Nc1cc(-c2ccc(F)cc2F)nc2[nH]ccc12,6.4,0.0,1
CHEMBL4439,CC(C)(NCc1ccn2nc(-c3ccccn3)nc(Nc3ccncc3F)c12)c1ccccn1,9.24,0.0,1
CHEMBL4439,CC(C)(O)C(=O)N[C@@H](CO)C(=O)O,6.22,0.0,1
CHEMBL4439,CC(C)(O)C12CC(NC(=O)c3cc(-c4ccc([C@@]56C[C@@H]5CN(C5CCOCC5)C6)cc4)cnc3N)(C1)C2,5.0,0.0,1
CHEMBL4439,CC(C)(O)C1CN(c2cc(Nc3cc(Oc4cn(C5CC5)nc4C4CCOCC4)ccn3)ccn2)C1,7.55,0.0,1
CHEMBL4439,CC(C)(O)CCNC(=O)c1cnccc1Nc1nc(-c2cccc(C(F)F)n2)nn2cccc12,7.68,0.0,1
CHEMBL4439,CC(C)(O)CCn1cnc(-c2ccc(F)c(Cl)c2)c1-c1ccc2ncc(C#N)n2n1,8.6,0.0,1
CHEMBL4439,CC(C)(O)CCn1cnc(-c2ccc(F)c(Cl)c2)c1-c1ccc2ncc(C(N)=O)n2n1,8.28,0.0,1
CHEMBL4439,CC(C)(O)CCn1cnc(-c2ccc(F)cc2)c1-c1ccc2ncc(C#N)n2n1,8.68,0.0,1
CHEMBL4439,CC(C)(O)CCn1cnc(-c2ccc(F)cc2)c1-c1ccc2ncc(C(N)=O)n2n1,7.55,0.0,1
CHEMBL4439,CC(C)(O)CNC(=O)c1cc(Nc2nc(-c3cccc(C(F)(F)F)n3)nn3cccc23)ccn1,5.36,0.0,1
CHEMBL4439,CC(C)(O)CNC(=O)c1cnccc1Nc1nc(-c2cccc(C(F)F)n2)nn2cccc12,7.31,0.0,1
CHEMBL4439,CC(C)(O)CNCC(=O)Nc1cc(Nc2nc(-c3cccc(C(F)(F)F)n3)nn3cccc23)ccn1,9.22,0.0,1
CHEMBL4439,CC(C)(O)CNCc1c[nH]c2nc(-c3cccc(C(F)F)n3)nc(Nc3ccncc3F)c12,8.85,0.0,1
CHEMBL4439,CC(C)(O)CNCc1ccn2nc(-c3cccc(C(F)(F)F)n3)nc(Nc3ccncc3F)c12,8.22,0.0,1
CHEMBL4439,CC(C)(O)CNCc1ccn2nc(-c3cccc(C(F)F)n3)nc(Nc3ccncc3F)c12,8.64,0.0,1
CHEMBL4439,CC(C)(O)CNCc1ccn2nc(-c3ccccn3)nc(Nc3ccncc3F)c12,8.8,0.0,1
CHEMBL4439,CC(C)(O)Cn1cc(Nc2cc(Oc3cn(C4CC4)nc3C3CCOCC3)ccn2)cn1,7.11,0.0,1
CHEMBL4439,CC(C)(O)Cn1cnc(-c2ccc(F)cc2)c1-c1ccc2ncc(C#N)n2c1,6.97,0.0,1
CHEMBL4439,CC(C)(O)Cn1cnc(-c2ccc(F)cc2)c1-c1ccc2ncc(C#N)n2n1,7.03,0.0,1
CHEMBL4439,CC(C)(O)Cn1cnc(-c2ccc(F)cc2)c1-c1ccc2ncc(C(N)=O)n2c1,8.04,0.0,1
CHEMBL4439,CC(C)(O)c1cc(Nc2cc(Oc3c(C4CCOCC4)nn4c3CCC4)ccn2)ccn1,7.6,0.0,1
CHEMBL4439,CC(C)(O)c1cc(Nc2cc(Oc3cc(C(F)(F)F)nn3-c3c(F)cccc3F)ccn2)ccn1,7.89,0.0,1
CHEMBL4439,CC(C)(O)c1cc(Nc2cc(Oc3cc(C(F)(F)F)nn3-c3ccc(C#N)cc3)ccn2)ccn1,6.85,0.0,1
CHEMBL4439,CC(C)(O)c1cc(Nc2cc(Oc3cc(C(F)(F)F)nn3-c3ccc(Cl)cc3)ccn2)ccn1,6.8,0.0,1
CHEMBL4439,CC(C)(O)c1cc(Nc2cc(Oc3cc(C(F)(F)F)nn3-c3ccc(F)cc3)ccn2)ccn1,7.07,0.0,1
CHEMBL4439,CC(C)(O)c1cc(Nc2cc(Oc3cc(C(F)(F)F)nn3-c3cccc(Cl)c3)ccn2)ccn1,7.25,0.0,1
CHEMBL4439,CC(C)(O)c1cc(Nc2cc(Oc3cc(C(F)(F)F)nn3-c3ccccc3)ccn2)ccn1,7.92,0.0,1
CHEMBL4439,CC(C)(O)c1cc(Nc2cc(Oc3cc(C(F)(F)F)nn3-c3ccccc3C#N)ccn2)ccn1,7.26,0.0,1
CHEMBL4439,CC(C)(O)c1cc(Nc2cc(Oc3cc(C(F)(F)F)nn3-c3ccccc3Cl)ccn2)ccn1,7.15,0.0,1
CHEMBL4439,CC(C)(O)c1cc(Nc2cc(Oc3cc(C(F)(F)F)nn3-c3ccccc3F)ccn2)ccn1,7.75,0.0,1
CHEMBL4439,CC(C)(O)c1cc(Nc2cc(Oc3cc(C(F)(F)F)nn3-c3ccccn3)ccn2)ccn1,7.92,0.0,1
CHEMBL4439,CC(C)(O)c1cc(Nc2cc(Oc3cc(C(F)(F)F)nn3-c3cccnc3)ccn2)ccn1,6.55,0.0,1
CHEMBL4439,CC(C)(O)c1cc(Nc2cc(Oc3cc(C(F)(F)F)nn3-c3ccncc3)ccn2)ccn1,6.88,0.0,1
CHEMBL4439,CC(C)(O)c1cc(Nc2cc(Oc3cc(C(F)(F)F)nn3-c3cncnc3)ccn2)ccn1,6.58,0.0,1
CHEMBL4439,CC(C)(O)c1cc(Nc2cc(Oc3cc(C(F)(F)F)nn3C(C)(C)C)ccn2)ccn1,7.47,0.0,1
CHEMBL4439,CC(C)(O)c1cc(Nc2cc(Oc3cc(C(F)(F)F)nn3C3CC3)ccn2)ccn1,6.745,0.7000357133746822,2
CHEMBL4439,CC(C)(O)c1cc(Nc2cc(Oc3cc(C(F)(F)F)nn3C3CCCNC3)ccn2)ccn1,7.31,0.0,1
CHEMBL4439,CC(C)(O)c1cc(Nc2cc(Oc3cc(C(F)(F)F)nn3C3CCNC3)ccn2)ccn1,6.06,0.0,1
CHEMBL4439,CC(C)(O)c1cc(Nc2cc(Oc3cc(C(F)(F)F)nn3C3CCNCC3)ccn2)ccn1,7.06,0.0,1
CHEMBL4439,CC(C)(O)c1cc(Nc2cc(Oc3cc(C(F)(F)F)nn3C3CCOCC3)ccn2)ccn1,7.28,0.0,1
CHEMBL4439,CC(C)(O)c1cc(Nc2cc(Oc3cc(C(F)(F)F)nn3C3CNC3)ccn2)ccn1,6.65,0.0,1
CHEMBL4439,CC(C)(O)c1cc(Nc2cc(Oc3cc(C(F)(F)F)nn3CC3CC3)ccn2)ccn1,7.32,0.0,1
CHEMBL4439,CC(C)(O)c1cc(Nc2cc(Oc3cc(C(F)(F)F)nn3[C@@H]3C[C@H]4CC[C@@H](C3)O4)ccn2)ccn1,7.5,0.0,1
CHEMBL4439,CC(C)(O)c1cc(Nc2cc(Oc3cc(C(F)(F)F)nn3[C@H]3C[C@H]4CC[C@@H](C3)O4)ccn2)ccn1,6.95,0.0,1
CHEMBL4439,CC(C)(O)c1cc(Nc2cc(Oc3cc(C(F)F)nn3C3CCOCC3)ccn2)ccn1,6.76,0.0,1
CHEMBL4439,CC(C)(O)c1cc(Nc2cc(Oc3cc(C4CC4)nn3C(C)(C)C)ccn2)ccn1,7.34,0.0,1
CHEMBL4439,CC(C)(O)c1cc(Nc2cc(Oc3cc(C4CC4)nn3C3CC3)ccn2)ccn1,7.37,0.0,1
CHEMBL4439,CC(C)(O)c1cc(Nc2cc(Oc3cc(C4CC4)nn3C3CCOCC3)ccn2)ccn1,7.21,0.0,1
CHEMBL4439,CC(C)(O)c1cc(Nc2cc(Oc3cc(C4CC4)nn3C3CCOCC3)ncn2)ccn1,6.08,0.0,1
CHEMBL4439,CC(C)(O)c1cc(Nc2cc(Oc3cc(C4CC4)nn3CC(F)(F)F)ccn2)ccn1,7.43,0.0,1
CHEMBL4439,CC(C)(O)c1cc(Nc2cc(Oc3cc(C4CC4)nn3[C@@H]3C[C@H]4CC[C@@H](C3)O4)ccn2)ccn1,7.72,0.0,1
CHEMBL4439,CC(C)(O)c1cc(Nc2cc(Oc3cc(C4CC4)nn3[C@H]3C[C@H]4CC[C@@H](C3)O4)ccn2)ccn1,7.46,0.0,1
CHEMBL4439,CC(C)(O)c1cc(Nc2cc(Oc3ccc(C(F)(F)F)nc3C3CCOCC3)ccn2)ccn1,7.3,0.0,1
CHEMBL4439,CC(C)(O)c1cc(Nc2cc(Oc3ccc(C4CC4)nc3C3CCOCC3)ccn2)ccn1,6.94,0.0,1
CHEMBL4439,CC(C)(O)c1cc(Nc2cc(Oc3cccnc3C3CCOCC3)ccn2)ccn1,7.25,0.0,1
CHEMBL4439,CC(C)(O)c1cc(Nc2cc(Oc3cn(C4CC4)nc3-c3ccc(C#N)cc3)ccn2)ccn1,7.5,0.0,1
CHEMBL4439,CC(C)(O)c1cc(Nc2cc(Oc3cn(C4CC4)nc3-c3ccc(C(=O)O)cc3)ccn2)ccn1,6.09,0.0,1
CHEMBL4439,CC(C)(O)c1cc(Nc2cc(Oc3cn(C4CC4)nc3-c3ccc(C(N)=O)cc3)ccn2)ccn1,6.55,0.0,1
CHEMBL4439,CC(C)(O)c1cc(Nc2cc(Oc3cn(C4CC4)nc3-c3ccc(F)cc3)ccn2)ccn1,7.71,0.0,1
CHEMBL4439,CC(C)(O)c1cc(Nc2cc(Oc3cn(C4CC4)nc3-c3ccc4c(c3)OCO4)ccn2)ccn1,7.66,0.0,1
CHEMBL4439,CC(C)(O)c1cc(Nc2cc(Oc3cn(C4CC4)nc3-c3cccc4c3OCCO4)ccn2)ccn1,7.36,0.0,1
CHEMBL4439,CC(C)(O)c1cc(Nc2cc(Oc3cn(C4CC4)nc3-c3ccccc3)ccn2)ccn1,7.58,0.0,1
CHEMBL4439,CC(C)(O)c1cc(Nc2cc(Oc3cn(C4CC4)nc3-c3ccncc3)ccn2)ccn1,7.08,0.0,1
CHEMBL4439,CC(C)(O)c1cc(Nc2cc(Oc3cn(C4CC4)nc3C(=O)Nc3ccccc3F)ccn2)ccn1,7.265000000000001,0.03535533905932694,2
CHEMBL4439,CC(C)(O)c1cc(Nc2cc(Oc3cn(C4CC4)nc3C3C4COCC43)ccn2)ccn1,7.33,0.0,1
CHEMBL4439,CC(C)(O)c1cc(Nc2cc(Oc3cn(C4CC4)nc3C3CC(F)(F)C3)ccn2)ccn1,7.36,0.0,1
CHEMBL4439,CC(C)(O)c1cc(Nc2cc(Oc3cn(C4CC4)nc3C3CC(O)(C(F)(F)F)C3)ccn2)ccn1,8.09,0.0,1
CHEMBL4439,CC(C)(O)c1cc(Nc2cc(Oc3cn(C4CC4)nc3C3CCC(F)(F)CC3)ccn2)ccn1,7.824999999999999,0.07778174593052013,2
CHEMBL4439,CC(C)(O)c1cc(Nc2cc(Oc3cn(C4CC4)nc3C3CCOCC3)ccn2)ccc1S(C)(=O)=O,8.34,0.0,1
CHEMBL4439,CC(C)(O)c1cc(Nc2cc(Oc3cn(C4CC4)nc3C3CCOCC3)ccn2)ccn1,7.54,0.16970562748477155,2
CHEMBL4439,CC(C)(O)c1cc(Nc2cc(Oc3cn(C4CC4)nc3C3CN(C(=O)C4CC4)C3)ccn2)ccn1,6.51,0.0,1
CHEMBL4439,CC(C)(O)c1cc(Nc2cc(Oc3cn(C4CC4)nc3C3CN(CC(F)(F)F)C3)ccn2)ccn1,6.28,0.0,1
CHEMBL4439,CC(C)(O)c1cc(Nc2cc(Oc3cn(C4CCC4)nc3C3CCOCC3)ccn2)ccn1,7.29,0.0,1
CHEMBL4439,CC(C)(O)c1cc(Nc2cc(Oc3cn(C4CCCC4)nc3C3CCOCC3)ccn2)ccn1,6.2,0.0,1
CHEMBL4439,CC(C)(O)c1cc(Nc2cc(Oc3cn(CC(F)(F)F)nc3C3CCOCC3)ccn2)ccn1,6.34,0.0,1
CHEMBL4439,CC(C)(O)c1cc(Nc2cc(Oc3sc(C4CC4)nc3C3CCOCC3)ccn2)ccn1,6.96,0.0,1
CHEMBL4439,CC(C)(O)c1cc(Nc2cc(Sc3cn(C4CC4)nc3C3CCOCC3)ccn2)ccn1,7.1,0.0,1
CHEMBL4439,CC(C)(O)c1cc2cc(Nc3cc(Oc4cn(C5CC5)nc4C4CCOCC4)ccn3)ccc2cn1,7.55,0.0,1
CHEMBL4439,CC(C)(O)c1ccc(Nc2cc(Oc3cc(C(F)(F)F)nn3-c3c(F)cccc3F)ccn2)cn1,7.75,0.0,1
CHEMBL4439,CC(C)(O)c1ccc(Nc2cc(Oc3cc(C(F)(F)F)nn3-c3ccccc3F)ccn2)cn1,7.68,0.0,1
CHEMBL4439,CC(C)(O)c1ccc(Nc2cc(Oc3cc(C(F)(F)F)nn3C3CCOCC3)ccn2)cn1,7.62,0.0,1
CHEMBL4439,CC(C)(O)c1ccc(Nc2cc(Oc3cn(C4CC4)nc3C3CCOCC3)ccn2)cc1C(F)(F)F,8.3,0.0,1
CHEMBL4439,CC(C)(O)c1cccc(-c2ncccc2-c2ccc3ncc(C#N)n3c2)n1,4.82,0.0,1
CHEMBL4439,CC(C)(O)c1cccc(-c2ncn(CC(F)F)c2-c2ccc3ncc(C#N)n3n2)c1,8.01,0.0,1
CHEMBL4439,CC(C)(O)c1cnc2ccc(-c3c(-c4ccc(F)cc4)ncn3CC(F)F)cn12,6.74,0.0,1
CHEMBL4439,CC(C)(O)c1cnc2ccc(-c3c(-c4ccc(F)cc4)ncn3CC(F)F)nn12,8.92,0.0,1
CHEMBL4439,CC(C)C(=O)N[C@@H](CO)C(=O)O,8.52,0.0,1
CHEMBL4439,CC(C)C(=O)c1c[nH]c(-c2sc(N(c3cn[nH]c3)C3CC3)nc2C(N)=O)c1,7.7,0.0,1
CHEMBL4439,CC(C)C(C)n1cnc(-c2ccc(F)cc2)c1-c1ccc2ncc(C#N)n2c1,6.0,0.0,1
CHEMBL4439,CC(C)CC(=O)Nc1cc(Nc2nc(-c3cccc(C(F)(F)F)n3)nc3[nH]ccc23)ccn1,9.07,0.0,1
CHEMBL4439,CC(C)CC(=O)Nc1cc(Nc2nc(-c3cccc(C(F)(F)F)n3)nn3cccc23)ccn1,8.25,0.0,1
CHEMBL4439,CC(C)CCn1cnc(-c2ccc(F)c(Cl)c2)c1-c1ccc2ncc(C#N)n2n1,8.85,0.0,1
CHEMBL4439,CC(C)CCn1cnc(-c2ccc(F)c(Cl)c2)c1-c1ccc2ncc(C(N)=O)n2n1,8.96,0.0,1
CHEMBL4439,CC(C)CN1C(=O)Cc2cc(-c3cncc(-c4ccc(=O)n(C(C)C)c4)c3)ccc21,5.72,0.0,1
CHEMBL4439,CC(C)CN1c2ccc(-c3cncc(-c4ccc(=O)n(C(C)C)c4)c3)cc2CS1(=O)=O,5.62,0.0,1
CHEMBL4439,CC(C)Cn1cc(-c2cncc(-c3ccc4c(c3)CC(=O)N4C)c2)ccc1=O,5.04,0.0,1
CHEMBL4439,CC(C)Cn1cnc(-c2ccc(F)cc2)c1-c1ccc2ncc(C#N)n2c1,7.14,0.0,1
CHEMBL4439,CC(C)Cn1cnc(-c2ccc(F)cc2)c1-c1ccc2ncc(C(N)=O)n2c1,8.96,0.0,1
CHEMBL4439,CC(C)N1C(=O)Cc2cc(-c3cncc(-c4ccc(=O)n(C(C)C)c4)c3)ccc21,5.75,0.0,1
CHEMBL4439,CC(C)N1CCC(c2ccc(-c3cnc(N)c(C(=O)N[C@H]4CC[C@H](O)CC4)c3)cc2)C1,5.72,0.0,1
CHEMBL4439,CC(C)N1CCN(c2cc(Nc3cc(Oc4cn(C5CC5)nc4C4CCOCC4)ccn3)ccn2)CC1,7.89,0.0,1
CHEMBL4439,CC(C)N1CCN(c2ccc(-c3cnc(N)c(C(=O)N[C@H]4CC[C@H](O)CC4)c3)c(F)c2)CC1,5.4,0.0,1
CHEMBL4439,CC(C)N1C[C@@H]2C[C@]2(c2ccc(-c3cnc(N)c(C(=O)NC45CC(CO)(C4)C5)c3)cc2)C1,5.0,0.0,1
CHEMBL4439,CC(C)N1C[C@@H]2C[C@]2(c2ccc(-c3cnc(N)c(C(=O)N[C@H]4CC[C@@H](O)CC4)c3)cc2)C1,5.52,0.0,1
CHEMBL4439,CC(C)N1C[C@@H]2C[C@]2(c2ccc(-c3cnc(N)c(C(=O)N[C@H]4CC[C@H](O)CC4)c3)cc2)C1,5.305,0.275771644662753,2
CHEMBL4439,CC(C)N1C[C@@H]2C[C@]2(c2ccc(-c3cnc(N)c(C(=O)N[C@H]4CC[C@](C)(O)CC4)c3)cc2)C1,5.5,0.0,1
CHEMBL4439,CC(C)N1C[C@H]2C[C@@]2(c2ccc(-c3cnc(N)c(C(=O)NC45CC(CO)(C4)C5)c3)cc2)C1,5.0,0.0,1
CHEMBL4439,CC(C)N1C[C@H]2C[C@@]2(c2ccc(-c3cnc(N)c(C(=O)N[C@H]4CC[C@H](O)CC4)c3)cc2)C1,5.66,0.0,1
CHEMBL4439,CC(C)N1C[C@H]2C[C@@]2(c2ccc(-c3cnc(N)c(C(=O)N[C@H]4CC[C@](C)(O)CC4)c3)cc2)C1,5.17,0.0,1
CHEMBL4439,CC(C)NC(=O)c1ccc2c(c1)NC(=O)/C2=C(\Nc1ccc(CN2CCCCC2)cc1)c1ccccc1,6.5,0.0,1
CHEMBL4439,CC(C)NC(=O)c1cnccc1Nc1nc(-c2cccc(C(F)F)n2)nn2cccc12,6.96,0.0,1
CHEMBL4439,CC(C)Nc1cc(-c2ccc3c(N)n[nH]c3c2)nc(N)n1,6.3,0.0,1
CHEMBL4439,CC(C)OC(=O)NCc1cnc2ccc(-c3c(-c4ccc(F)cc4)ncn3CC(F)F)nn12,8.3,0.0,1
CHEMBL4439,CC(C)OCCn1cnc(-c2ccc(F)cc2)c1-c1ccc2ncc(C#N)n2n1,8.52,0.0,1
CHEMBL4439,CC(C)OCCn1cnc(-c2ccc(F)cc2)c1-c1ccc2ncc(C(N)=O)n2n1,8.6,0.0,1
CHEMBL4439,CC(C)Oc1ccc(-c2ncn(CC(F)F)c2-c2ccc3ncc(C#N)n3n2)cc1,6.77,0.0,1
CHEMBL4439,CC(C)Oc1cccc(-c2cc(-c3ccc(N4CCNCC4)cc3)cnc2N)c1,5.85,0.0,1
CHEMBL4439,CC(C)S(=O)(=O)N1CCC(CCn2nc(-c3ccc4[nH]ccc4c3)c3c(N)ncnc32)CC1,7.19,0.0,1
CHEMBL4439,CC(C)c1cc(-c2ccc3c(N)n[nH]c3c2)nc(N)n1,5.7,0.0,1
CHEMBL4439,CC(C)c1ccc(-c2cc(-c3c[nH]nc3-c3ccccn3)ccn2)cc1,7.5,0.0,1
CHEMBL4439,CC(C)c1cccc(-c2ncccc2-c2ccc3ncc(C#N)n3c2)n1,6.51,0.0,1
CHEMBL4439,CC(C)c1cccc(-c2ncccc2-c2ccc3ncc(C#N)n3n2)n1,5.71,0.0,1
CHEMBL4439,CC(C)c1cccc(-c2ncccc2-c2ccc3ncc(C(N)=O)n3c2)n1,7.8,0.0,1
CHEMBL4439,CC(C)c1cccc(-c2ncccc2-c2ccc3ncc(C(N)=O)n3n2)n1,6.25,0.0,1
CHEMBL4439,CC(C)c1cccc(-c2ncccc2-c2ccc3ncnc(N)c3c2)n1,6.76,0.0,1
CHEMBL4439,CC(C)c1cccc(-c2nn3c(c2-c2ccnc4ccccc24)CCC3)n1,5.89,0.0,1
CHEMBL4439,CC(C)c1cnc(-c2cc(Cl)ccc2F)cc1Nc1ccncc1,8.3,0.0,1
CHEMBL4439,CC(C)c1cnc(-c2cc(Cl)ccc2F)cc1Nc1ccncc1C(=O)NC(CO)CO,7.609999999999999,0.010000000000000009,3
CHEMBL4439,CC(C)c1cnc(-c2cc(Cl)ccc2F)cc1Nc1ccncc1C(=O)NC1COC1,7.92,0.0,1
CHEMBL4439,CC(C)c1cnc(-c2cc(Cl)ccc2F)cc1Nc1ccncc1C(=O)NCC(N)=O,7.805,0.007071067811865324,2
CHEMBL4439,CC(C)c1cnc(-c2cc(Cl)ccc2F)cc1Nc1ccncc1C(=O)NCCN,8.15,0.0,1
CHEMBL4439,CC(C)c1cnc(-c2cc(Cl)ccc2F)cc1Nc1ccncc1C(=O)NCCNC(=O)OC(C)(C)C,8.17,0.0,1
CHEMBL4439,CC(C)c1cnc(-c2cc(Cl)ccc2F)cc1Nc1ccncc1C(=O)NCCNS(C)(=O)=O,7.4350000000000005,0.03535533905932694,2
CHEMBL4439,CC(C)c1cnc(-c2cc(Cl)ccc2F)cc1Nc1ccncc1C(=O)NC[C@H](C)O,7.655,0.049497474683058526,2
CHEMBL4439,CC(C)c1cnc(-c2cc(Cl)ccc2F)cc1Nc1ccncc1C(=O)N[C@@H](C)CO,7.75,0.0707106781186545,2
CHEMBL4439,CC(C)c1cnc(-c2cc(Cl)ccc2F)cc1Nc1ccncc1C(=O)O,8.15,0.0,1
CHEMBL4439,CC(C)c1cnc(-c2cc(Cl)ccc2F)cc1Nc1ccncc1C(N)=O,8.52,0.0,1
CHEMBL4439,CC(C)c1cnc(-c2cc(Cl)ccc2F)cc1Nc1ncncc1C(=O)NC[C@H](C)O,7.76,0.0,1
CHEMBL4439,CC(C)c1cnc(-c2ccccc2)cc1Nc1ccncc1C(=O)NC[C@H](C)O,6.26,0.0,1
CHEMBL4439,CC(C)c1nc(-c2ccc(F)c(NS(=O)(=O)c3c(F)cccc3F)c2)c(-c2ccnc(Nc3ccc(N4CCOCC4)nc3)n2)s1,8.0,0.0,1
CHEMBL4439,CC(C)c1nc(C2CCOCC2)c(Oc2ccnc(Nc3ccnc(C(C)(C)O)c3)c2)s1,7.05,0.0,1
CHEMBL4439,CC(C)n1cc(-c2cc(-c3ccc4c(c3)CC(=O)N4C)cnc2N)ccc1=O,5.25,0.0,1
CHEMBL4439,CC(C)n1cc(-c2cncc(-c3cc(F)c4c(c3)CC(=O)N4C)c2)ccc1=O,5.03,0.0,1
CHEMBL4439,CC(C)n1cc(-c2cncc(-c3cc4c(cc3F)N(C)C(=O)C4)c2)ccc1=O,5.28,0.0,1
CHEMBL4439,CC(C)n1cc(-c2cncc(-c3ccc4c(c3)CC(=O)N4)c2)ccc1=O,5.47,0.0,1
CHEMBL4439,CC(C)n1cc(-c2cncc(-c3ccc4c(c3)CC(=O)N4C)c2)ccc1=O,5.91,0.4666904755831215,2
CHEMBL4439,CC(C)n1cc(-c2cncc(-c3ccc4c(c3)CC(=O)N4C)n2)ccc1=O,5.3,0.0,1
CHEMBL4439,CC(C)n1cc(-c2cncc(-c3ccc4c(c3)CC(=O)N4CC3CCC3)c2)ccc1=O,5.47,0.0,1
CHEMBL4439,CC(C)n1cc(-c2cncc(-c3ccc4c(c3)CC(=O)N4CCCO)c2)ccc1=O,5.38,0.0,1
CHEMBL4439,CC(C)n1cc(-c2cncc(-c3ccc4c(c3)CC(=O)N4CCO)c2)ccc1=O,5.3,0.0,1
CHEMBL4439,CC(C)n1cc(-c2cncc(-c3ccc4c(c3)CCCC(=O)N4C)c2)ccc1=O,5.85,0.0,1
CHEMBL4439,CC(C)n1cc(-c2cncc(-c3ccc4c(c3)CS(=O)(=O)N4C)c2)ccc1=O,5.62,0.0,1
CHEMBL4439,CC(C)n1cc(-c2cncc(-c3ccc4c(c3)CS(=O)(=O)N4CC3CCC3)c2)ccc1=O,5.57,0.0,1
CHEMBL4439,CC(C)n1cc(-c2cncc(-c3ccc4c(c3)NC(=O)C4(C)C)c2)ccc1=O,6.16,0.0,1
CHEMBL4439,CC(C)n1cc(-c2nc(-c3ccc4c(c3)CC(=O)N4C)cnc2N)ccc1=O,6.0,0.0,1
CHEMBL4439,CC(C)n1cc(N(c2nc(C(N)=O)c(-c3ccc[nH]3)s2)C2CC2)cn1,6.51,0.0,1
CHEMBL4439,CC(C)n1cc(NCc2ccn3nc(-c4ccccn4)nc(Nc4ccncc4F)c23)cn1,8.77,0.0,1
CHEMBL4439,CC(C)n1ccc(-c2nc(-c3ccc(C(N)=O)cc3)[nH]c2-c2ccc3nccnc3c2)n1,6.05,0.0,1
CHEMBL4439,CC(C)n1ccc(-c2nc(CNc3cc(F)cc(C#N)c3)[nH]c2-c2ccc3nccnc3c2)n1,6.86,0.0,1
CHEMBL4439,CC(C)n1ccc(-c2nc(CNc3cc(F)cc(C(N)=O)c3)[nH]c2-c2ccc3nccnc3c2)n1,7.11,0.0,1
CHEMBL4439,CC(C)n1ccc(-c2nc(CNc3cc(F)cc(F)c3)[nH]c2-c2ccc3nccnc3c2)n1,7.33,0.0,1
CHEMBL4439,CC(C)n1ccc(-c2nc(CNc3cc(F)cc(F)c3)[nH]c2-c2ccc3ncnn3c2)n1,6.99,0.0,1
CHEMBL4439,CC(C)n1ccc(-c2nc(CNc3ccc(Cl)c(Cl)c3)[nH]c2-c2ccc3nccnc3c2)n1,6.58,0.0,1
CHEMBL4439,CC(C)n1ccc(-c2nc(CNc3cccc(C#N)c3)[nH]c2-c2ccc3nccnc3c2)n1,7.48,0.0,1
CHEMBL4439,CC(C)n1ccc(-c2nc(CNc3cccc(Cl)c3)[nH]c2-c2ccc3nccnc3c2)n1,7.51,0.0,1
CHEMBL4439,CC(C)n1ccc(-c2nc(CNc3cccc(F)c3)[nH]c2-c2ccc3ncc(C(N)=O)n3n2)n1,7.31,0.0,1
CHEMBL4439,CC(C)n1ccc(-c2nc(CNc3ccccc3)[nH]c2-c2ccc3ncnn3c2)n1,6.58,0.0,1
CHEMBL4439,CC(C)n1ccc(-c2nc(CNc3ccccc3F)[nH]c2-c2ccc3nccnc3c2)n1,6.89,0.0,1
CHEMBL4439,CC(C)n1cnc(-c2ccc(F)c(Cl)c2)c1-c1ccc2ncc(C#N)n2n1,9.22,0.0,1
CHEMBL4439,CC(C)n1cnc(-c2ccc(F)c(Cl)c2)c1-c1ccc2ncc(C(N)=O)n2n1,9.05,0.0,1
CHEMBL4439,CC(C)n1cnc(-c2ccc(F)cc2)c1-c1ccc2ncc(C#N)n2c1,7.26,0.0,1
CHEMBL4439,CC(C)n1cnc(-c2ccc(F)cc2)c1-c1ccc2ncc(C#N)n2n1,9.4,0.0,1
CHEMBL4439,CC(C)n1cnc(-c2ccc(F)cc2)c1-c1ccc2ncc(C(N)=O)n2c1,9.3,0.0,1
CHEMBL4439,CC(C)n1cnc(-c2ccc(F)cc2)c1-c1ccc2ncc(C(N)=O)n2n1,9.15,0.0,1
CHEMBL4439,CC(C)n1nc(-c2cncc(-c3ccc4c(c3)CC(=O)N4C)c2)ccc1=O,5.24,0.0,1
CHEMBL4439,CC(C)n1nc(C(F)(F)F)cc1Oc1ccnc(Nc2ccnc(C(C)(C)O)c2)c1,7.18,0.0,1
CHEMBL4439,CC(C1CC1)n1cnc(-c2ccc(F)cc2)c1-c1ccc2ncc(C#N)n2c1,7.71,0.0,1
CHEMBL4439,CC(C1CC1)n1cnc(-c2ccc(F)cc2)c1-c1ccc2ncc(C(N)=O)n2c1,9.22,0.0,1
CHEMBL4439,CC(CCO)n1cnc(-c2ccc(F)cc2)c1-c1ccc2ncc(C#N)n2c1,7.51,0.0,1
CHEMBL4439,CC(CCO)n1cnc(-c2ccc(F)cc2)c1-c1ccc2ncc(C(N)=O)n2c1,8.64,0.0,1
CHEMBL4439,CC(CO)n1cnc(-c2ccc(F)cc2)c1-c1ccc2ncc(C#N)n2c1,7.05,0.0,1
CHEMBL4439,CC(CO)n1cnc(-c2ccc(F)cc2)c1-c1ccc2ncc(C(N)=O)n2c1,8.83,0.18384776310850345,2
CHEMBL4439,CC(F)(F)CN1C[C@@H]2C[C@]2(c2ccc(-c3cnc(N)c(C(=O)N[C@H]4CC[C@H](O)CC4)c3)cc2)C1,5.03,0.0,1
CHEMBL4439,CC(F)(F)CN1C[C@H]2C[C@@]2(c2ccc(-c3cnc(N)c(C(=O)N[C@H]4CC[C@H](O)CC4)c3)cc2)C1,5.19,0.0,1
CHEMBL4439,CC(F)(F)Cn1cnc(-c2ccc(F)c(Cl)c2)c1-c1ccc2ncc(C#N)n2n1,9.1,0.0,1
CHEMBL4439,CC(F)(F)Cn1cnc(-c2ccc(F)c(Cl)c2)c1-c1ccc2ncc(C(N)=O)n2n1,9.22,0.0,1
CHEMBL4439,CC(F)(F)Cn1cnc(-c2ccc(F)cc2)c1-c1ccc2ncc(C#N)n2n1,8.92,0.0,1
CHEMBL4439,CC(F)(F)Cn1cnc(-c2ccc(F)cc2)c1-c1ccc2ncc(C(N)=O)n2n1,9.22,0.0,1
CHEMBL4439,CC(O)(c1cc(Nc2cc(Oc3cn(C4CC4)nc3C3CC(F)(F)C3)ccn2)ccn1)C(F)(F)F,7.46,0.0,1
CHEMBL4439,CC(O)(c1cc(Nc2cc(Oc3cn(C4CC4)nc3C3CCOCC3)ccn2)ccn1)C1CC1,8.04,0.0,1
CHEMBL4439,CC(O)CCNCc1ccn2nc(-c3ccccn3)nc(Nc3ccncc3F)c12,9.28,0.0,1
CHEMBL4439,CC(O)CCn1cnc(-c2ccc(F)cc2)c1-c1ccc2ncc(C#N)n2c1,6.82,0.0,1
CHEMBL4439,CC(O)CCn1cnc(-c2ccc(F)cc2)c1-c1ccc2ncc(C(N)=O)n2c1,8.37,0.0,1
CHEMBL4439,CC(O)CNC(=O)c1cnccc1Nc1cc(-c2cc(Cl)ccc2F)ncc1Br,6.6,0.0,1
CHEMBL4439,CC(O)CNC(=O)c1cnccc1Nc1cc(-c2ccccc2)ncc1C(C)C,6.26,0.0,1
CHEMBL4439,CC(O)CNCc1ccn2nc(-c3ccccn3)nc(Nc3ccncc3F)c12,8.92,0.0,1
CHEMBL4439,CC(O)Cn1cnc(-c2ccc(F)cc2)c1-c1ccc2ncc(C(N)=O)n2c1,8.239999999999998,0.05656854249492448,2
CHEMBL4439,CC(O)c1cccc(-c2nc(Nc3ccncc3F)c3cccn3n2)n1,7.16,0.0,1
CHEMBL4439,CC(O)c1cnc2ccc(-c3c(-c4ccc(F)cc4)ncn3CC(F)F)cn12,6.86,0.0,1
CHEMBL4439,CC(O)c1cnc2ccc(-c3c(-c4ccc(F)cc4)ncn3CC(F)F)nn12,8.96,0.0,1
CHEMBL4439,CC(c1ccc(-c2cnc3c(-c4ccc(S(N)(=O)=O)c5ccccc45)cnn3c2)cc1)N1CCCC1,4.73,0.0,1
CHEMBL4439,CC1(C#N)CN(c2cc(Nc3cc(Oc4cn(C5CC5)nc4C4CCOCC4)ccn3)ccn2)C1,7.85,0.0,1
CHEMBL4439,CC1(C)OC(=N)c2ccc(Nc3cc(Oc4cc(C5CC5)nn4C4CCOCC4)ccn3)cc21,7.18,0.0,1
CHEMBL4439,CC1(C)OC(=N)c2ccc(Nc3cc(Oc4cn(C5CC5)nc4C4CCOCC4)ccn3)cc21,7.66,0.0,1
CHEMBL4439,CC1(C)OC(=O)c2ccc(Nc3cc(Oc4cc(C5CC5)nn4C4CCOCC4)ccn3)cc21,6.99,0.0,1
CHEMBL4439,CC1(C)OC(=O)c2ccc(Nc3cc(Oc4cn(C5CC5)nc4C4CCOCC4)ccn3)cc21,7.54,0.0,1
CHEMBL4439,CC1(CNCc2ccn3nc(-c4ccccn4)nc(Nc4ccncc4F)c23)CCC1,9.57,0.0,1
CHEMBL4439,CC1(Cn2cc(Nc3cc(Oc4cn(C5CC5)nc4C4CCOCC4)ccn3)cn2)COC1,7.5,0.0,1
CHEMBL4439,CC1(Cn2cnc(-c3ccc(F)c(Cl)c3)c2-c2ccc3ncc(C#N)n3n2)CC1,8.8,0.0,1
CHEMBL4439,CC1(Cn2cnc(-c3ccc(F)c(Cl)c3)c2-c2ccc3ncc(C#N)n3n2)COC1,8.64,0.0,1
CHEMBL4439,CC1(O)CCC(c2nn(C3CC3)cc2Oc2ccnc(Nc3ccnc(C(C)(C)O)c3)c2)CC1,8.09,0.0,1
CHEMBL4439,CC1(O)CN(C(=O)c2cc(Nc3cc(Oc4cn(C5CC5)nc4C4CCOCC4)ccn3)ccc2C#N)C1,6.68,0.0,1
CHEMBL4439,CC1(O)CN(C(=O)c2cc(Nc3cc(Oc4cn(C5CC5)nc4C4CCOCC4)ccn3)ccc2F)C1,6.91,0.0,1
CHEMBL4439,CC1(O)CN(c2cc(Nc3cc(Oc4cn(C5CC5)nc4C4CCOCC4)ccn3)ccc2C#N)C1,7.85,0.0,1
CHEMBL4439,CC1(n2cnc(-c3ccc(F)c(Cl)c3)c2-c2ccc3ncc(C#N)n3n2)CC1,9.05,0.0,1
CHEMBL4439,CC1(n2cnc(-c3ccc(F)c(Cl)c3)c2-c2ccc3ncc(C#N)n3n2)COC1,8.57,0.0,1
CHEMBL4439,CC1C(=O)Nc2cc(-c3cncc(-c4ccc(=O)n(C(C)C)c4)c3)ccc21,5.57,0.0,1
CHEMBL4439,CC1COCC(C)N1Cc1cc(Nc2cc(Oc3cn(C4CC4)nc3C3CC(F)(F)C3)ccn2)ccn1,6.38,0.0,1
CHEMBL4439,CC=Cc1cnc(-c2cc(Cl)ccc2F)cc1Nc1ccncc1C(=O)N[C@@H](C)CO,7.79,0.0,1
CHEMBL4439,CCC#CCn1cc(N(c2nc(C(N)=O)c(-c3ccc[nH]3)s2)C2CC2)cn1,7.08,0.0,1
CHEMBL4439,CCC(=O)NCCc1nc(-c2nc(C)cs2)c(-c2ccc3ncsc3c2)[nH]1,7.6,0.0,1
CHEMBL4439,CCC(=O)Nc1cc(Nc2nc(-c3cccc(C(F)(F)F)n3)nc3[nH]ccc23)ccn1,9.13,0.0,1
CHEMBL4439,CCC(=O)Nc1cc(Nc2nc(-c3cccc(C(F)(F)F)n3)nn3cccc23)ccn1,9.05,0.0,1
CHEMBL4439,CCC(C)(C)n1cnc(-c2ccc(F)cc2)c1-c1ccc2ncc(C#N)n2n1,8.04,0.0,1
CHEMBL4439,CCC(C)n1cc(-c2cncc(-c3ccc4c(c3)CC(=O)N4C)c2)ccc1=O,5.36,0.0,1
CHEMBL4439,CCC(C)n1cnc(-c2ccc(F)cc2)c1-c1ccc2ncc(C#N)n2c1,7.25,0.0,1
CHEMBL4439,CCC(C)n1cnc(-c2ccc(F)cc2)c1-c1ccc2ncc(C(N)=O)n2c1,9.22,0.0,1
CHEMBL4439,CCC(CC)CN1C(=O)Cc2cc(-c3cncc(-c4ccc(=O)n(C(C)C)c4)c3)ccc21,5.38,0.0,1
CHEMBL4439,CCC(CC)n1cnc(-c2ccc(F)cc2)c1-c1ccc2ncc(C#N)n2c1,6.82,0.0,1
CHEMBL4439,CCC(CF)n1cnc(-c2ccc(F)cc2)c1-c1ccc2ncc(C#N)n2n1,8.74,0.0,1
CHEMBL4439,CCC(CF)n1cnc(-c2ccc(F)cc2)c1-c1ccc2ncc(C(N)=O)n2n1,8.82,0.0,1
CHEMBL4439,CCC(CO)n1cnc(-c2ccc(F)cc2)c1-c1ccc2ncc(C#N)n2c1,6.72,0.0,1
CHEMBL4439,CCC(CO)n1cnc(-c2ccc(F)cc2)c1-c1ccc2ncc(C(N)=O)n2c1,8.66,0.0,1
CHEMBL4439,CCC(O)Cn1cnc(-c2ccc(F)cc2)c1-c1ccc2ncc(C#N)n2c1,6.91,0.0,1
CHEMBL4439,CCC(O)Cn1cnc(-c2ccc(F)cc2)c1-c1ccc2ncc(C(N)=O)n2c1,8.2,0.0,1
CHEMBL4439,CCCC(=O)CCc1nc(-c2nc(C)cs2)c(-c2ccc3ncsc3c2)[nH]1,8.05,0.0,1
CHEMBL4439,CCCC(=O)N(C)Cc1nc(-c2nc(C)cs2)c(-c2ccc3ncsc3c2)[nH]1,7.55,0.0,1
CHEMBL4439,CCCC(=O)NCCCc1nc(-c2nc(C)cs2)c(-c2ccc3c(c2)OCO3)[nH]1,6.22,0.0,1
CHEMBL4439,CCCC(=O)NCCc1nc(-c2nc(C)cs2)c(-c2ccc3c(c2)OCO3)[nH]1,6.38,0.0,1
CHEMBL4439,CCCC(=O)NCc1nc(-c2nc(C)cs2)c(-c2ccc(F)cc2)[nH]1,5.75,0.0,1
CHEMBL4439,CCCC(=O)NCc1nc(-c2nc(C)cs2)c(-c2ccc(O)cc2)[nH]1,6.89,0.0,1
CHEMBL4439,CCCC(=O)NCc1nc(-c2nc(C)cs2)c(-c2ccc3c(c2)OCO3)[nH]1,7.2,0.0,1
CHEMBL4439,CCCC(=O)NCc1nc(-c2nc(C)cs2)c(-c2ccc3ncsc3c2)[nH]1,8.09,0.0,1
CHEMBL4439,CCCCCCc1nc(-c2nc(C)cs2)c(-c2ccc3ncsc3c2)[nH]1,8.15,0.0,1
CHEMBL4439,CCCCCOC(=O)NCc1nc(-c2nc(C)cs2)c(-c2ccc3ncsc3c2)[nH]1,7.96,0.0,1
CHEMBL4439,CCCCNC(=O)c1ccc2c(c1)NC(=O)/C2=C(\Nc1ccc(CN2CCCCC2)cc1)c1ccccc1,7.04,0.0,1
CHEMBL4439,CCCCNC(=O)c1nc(-c2nc(C)cs2)c(-c2ccc3ncsc3c2)[nH]1,7.35,0.0,1
CHEMBL4439,CCCCNCc1nc(-c2nc(C)cs2)c(-c2ccc3ncsc3c2)[nH]1,7.89,0.0,1
CHEMBL4439,CCCCOC(=O)NCc1nc(-c2nc(C)cs2)c(-c2ccc3ncsc3c2)[nH]1,8.04,0.0,1
CHEMBL4439,CCCCS(=O)(=O)N1CCC(CCn2nc(-c3ccc4[nH]ccc4c3)c3c(N)ncnc32)CC1,7.17,0.0,1
CHEMBL4439,CCCCc1nnn(-c2cccc(C)n2)c1-c1ccc2nccnc2c1,5.13,0.0,1
CHEMBL4439,CCCN1C(=O)Cc2cc(-c3cncc(-c4ccc(=O)n(C(C)C)c4)c3)ccc21,5.82,0.0,1
CHEMBL4439,CCCNC(=O)CCCCc1nc(-c2nc(C)cs2)c(-c2ccc3c(c2)OCO3)[nH]1,6.89,0.0,1
CHEMBL4439,CCCNC(=O)CCCc1nc(-c2nc(C)cs2)c(-c2ccc3c(c2)OCO3)[nH]1,6.29,0.0,1
CHEMBL4439,CCCNC(=O)CCc1nc(-c2nc(C)cs2)c(-c2ccc3c(c2)OCO3)[nH]1,6.42,0.0,1
CHEMBL4439,CCCNC(=O)c1cnccc1Nc1nc(-c2cccc(C(F)F)n2)nn2cccc12,7.85,0.0,1
CHEMBL4439,CCCOC(=O)NCc1nc(-c2nc(C)cs2)c(-c2ccc3ncsc3c2)[nH]1,8.14,0.0,1
CHEMBL4439,CCCS(=O)(=O)N1CCC(CCn2nc(-c3ccc4[nH]ccc4c3)c3c(N)ncnc32)CC1,7.1,0.0,1
CHEMBL4439,CCCS(=O)(=O)NCc1nc(-c2nc(C)cs2)c(-c2ccc3ncsc3c2)[nH]1,7.77,0.0,1
CHEMBL4439,CCC[C@@H](CO)NCc1ccn2nc(-c3ccccn3)nc(Nc3ccncc3F)c12,8.8,0.0,1
CHEMBL4439,CCCc1nc(-c2nc(C)cs2)c(-c2ccc3ncsc3c2)[nH]1,8.09,0.0,1
CHEMBL4439,CCCn1cc(N(c2nc(C(N)=O)c(-c3ccc[nH]3)s2)C2CC2)cn1,7.15,0.0,1
CHEMBL4439,CCCn1cnc(-c2ccc(F)cc2)c1-c1ccc2ncc(C#N)n2c1,7.39,0.0,1
CHEMBL4439,CCCn1cnc(-c2ccc(F)cc2)c1-c1ccc2ncc(C(N)=O)n2c1,8.96,0.0,1
CHEMBL4439,CCN(C)C(=O)c1ccc2c(c1)NC(=O)/C2=C(\Nc1ccc(C(=O)O)cc1)c1ccccc1,6.11,0.0,1
CHEMBL4439,CCN(C)C(=O)c1ccc2c(c1)NC(=O)/C2=C(\Nc1ccc(C(=O)OC)cc1)c1ccccc1,5.71,0.0,1
CHEMBL4439,CCN(C)C(=O)c1ccc2c(c1)NC(=O)/C2=C(\Nc1ccc(CCN(C)C)cc1)c1ccccc1,7.19,0.0,1
CHEMBL4439,CCN(C)C(=O)c1ccc2c(c1)NC(=O)/C2=C(\Nc1ccc(CN2CCCCC2)cc1)c1ccccc1,7.47,0.0,1
CHEMBL4439,CCN(C)C(=O)c1ccc2c(c1)NC(=O)/C2=C(\Nc1ccc(N(C)C(=O)CN(C)C)cc1)c1ccccc1,7.54,0.0,1
CHEMBL4439,CCN(C)C(=O)c1ccc2c(c1)NC(=O)/C2=C(\Nc1ccc(N(C)C(=O)CN2CCN(C)CC2)cc1)c1ccccc1,8.15,0.0,1
CHEMBL4439,CCN(C)C(=O)c1ccc2c(c1)NC(=O)/C2=C(\Nc1ccc(N(C)S(C)(=O)=O)cc1)c1ccccc1,6.64,0.0,1
CHEMBL4439,CCN(C)C(=O)c1ccc2c(c1)NC(=O)/C2=C(\Nc1ccc(N(CC(=O)N(C)C)S(C)(=O)=O)cc1)c1ccccc1,7.07,0.0,1
CHEMBL4439,CCN(C)C(=O)c1ccc2c(c1)NC(=O)/C2=C(\Nc1ccc(N(CCCN(C)C)C(C)=O)cc1)c1ccccc1,8.05,0.0,1
CHEMBL4439,CCN(C)C(=O)c1ccc2c(c1)NC(=O)/C2=C(\Nc1ccc(N(CCN(C)C)C(C)=O)cc1)c1ccccc1,8.1,0.0,1
CHEMBL4439,CCN(C)C(=O)c1ccc2c(c1)NC(=O)/C2=C(\Nc1ccc(N(CCN(C)C)S(C)(=O)=O)cc1)c1ccccc1,8.15,0.0,1
CHEMBL4439,CCN(C)C(=O)c1ccc2c(c1)NC(=O)/C2=C(\Nc1ccccc1)c1ccccc1,5.59,0.0,1
CHEMBL4439,CCN(CC)C(=O)c1ccc2c(c1)NC(=O)/C2=C(\Nc1ccc(CN2CCCCC2)cc1)c1ccccc1,6.2,0.0,1
CHEMBL4439,CCN(CC)CCCn1cnc2ccc(-c3c(-c4cccc(C)n4)nn4c3CCC4)cc21,6.91,0.0,1
CHEMBL4439,CCN(CC)CCNC(=O)c1ccc(N/C(=C2\C(=O)Nc3cc(C(=O)N(C)CC)ccc32)c2ccccc2)cc1,7.19,0.0,1
CHEMBL4439,CCN(CC)CCNC(=O)c1cnccc1Nc1nc(-c2ccccn2)nn2cccc12,7.72,0.0,1
CHEMBL4439,CCN(CC)Cc1cccc(N/C(=C2\C(=O)Nc3cc(C(=O)N(C)CC)ccc32)c2ccccc2)c1,6.21,0.0,1
CHEMBL4439,CCN(c1cn[nH]c1)c1nc(C(N)=O)c(-c2ccc[nH]2)s1,6.92,0.0,1
CHEMBL4439,CCN1C(=O)Cc2cc(-c3cncc(-c4ccc(=O)n(C(C)C)c4)c3)ccc21,5.6,0.0,1
CHEMBL4439,CCN1c2ccc(-c3cncc(-c4ccc(=O)n(C(C)C)c4)c3)cc2CS1(=O)=O,5.54,0.0,1
CHEMBL4439,CCNC(=O)/C=C/c1c(-c2c(-c3cccc(C)n3)nn3c2CCC3)ccc2ncnn12,6.51,0.0,1
CHEMBL4439,CCNC(=O)CCc1nc(-c2nc(C)cs2)c(-c2ccc3ncsc3c2)[nH]1,7.92,0.0,1
CHEMBL4439,CCNC(=O)NCc1nc(-c2nc(C)cs2)c(-c2ccc3ncsc3c2)[nH]1,7.96,0.0,1
CHEMBL4439,CCNC(=O)Nc1cc2c(Nc3ccncc3F)nc(-c3cccc(OC)n3)nn2c1,6.43,0.0,1
CHEMBL4439,CCNC(=O)OCc1nc(-c2nc(C)cs2)c(-c2ccc3ncsc3c2)[nH]1,8.14,0.0,1
CHEMBL4439,CCNC(=O)c1c(OC)cc(-n2cnc3cc(-c4cnn(C)c4)ccc32)cc1OC,6.17,0.0,1
CHEMBL4439,CCNC(=O)c1c(OC)cc(-n2cnc3cc(-c4cnn(C5CCOCC5)c4)ccc32)cc1OC,5.73,0.0,1
CHEMBL4439,CCNC(=O)c1c(OC)cc(-n2cnc3cc(-c4cnn(CC#N)c4)ccc32)cc1OC,5.6,0.0,1
CHEMBL4439,CCNC(=O)c1c(OC)cc(-n2cnc3cc(-c4cnn(CC)c4)ccc32)cc1OC,6.26,0.0,1
CHEMBL4439,CCNC(=O)c1c(OC)cc(-n2cnc3cc(-c4cnn(CC)c4)ccc32)cc1OC(F)F,5.92,0.0,1
CHEMBL4439,CCNC(=O)c1c(OC)cc(-n2cnc3cc(-c4cnn(CCOC)c4)ccc32)cc1OC,5.96,0.0,1
CHEMBL4439,CCNC(=O)c1ccc(-c2nc(-c3ccn(C)n3)c(-c3ccc4ncsc4c3)[nH]2)cc1,7.33,0.0,1
CHEMBL4439,CCNC(=O)c1ccc2c(c1)NC(=O)/C2=C(\Nc1ccc(C(=O)NCCN(CC)CC)cc1)c1ccccc1,7.48,0.0,1
CHEMBL4439,CCNC(=O)c1ccc2c(c1)NC(=O)/C2=C(\Nc1ccc(CCN(C)C)cc1)c1ccccc1,7.33,0.0,1
CHEMBL4439,CCNC(=O)c1ccc2c(c1)NC(=O)/C2=C(\Nc1ccc(CN(C)C)cc1)c1ccccc1,7.72,0.0,1
CHEMBL4439,CCNC(=O)c1ccc2c(c1)NC(=O)/C2=C(\Nc1ccc(CN2CCCCC2)cc1)c1ccccc1,7.62,0.0,1
CHEMBL4439,CCNC(=O)c1ccc2c(c1)NC(=O)/C2=C(\Nc1ccc(N(C)C(=O)CN(C)C)cc1)c1ccccc1,7.46,0.0,1
CHEMBL4439,CCNC(=O)c1ccc2c(c1)NC(=O)/C2=C(\Nc1ccc(N(C)C(=O)CN2CCN(C)CC2)cc1)c1ccccc1,8.05,0.0,1
CHEMBL4439,CCNC(=O)c1ccc2c(c1)NC(=O)/C2=C(\Nc1ccc(N(CCCN(C)C)C(C)=O)cc1)c1ccccc1,8.52,0.0,1
CHEMBL4439,CCNC(=O)c1ccc2c(c1)NC(=O)/C2=C(\Nc1ccc(N(CCN(C)C)C(C)=O)cc1)c1ccccc1,8.52,0.0,1
CHEMBL4439,CCNC(=O)c1ccc2c(c1)NC(=O)/C2=C(\Nc1ccc(N(CCN(C)C)S(C)(=O)=O)cc1)c1ccccc1,9.0,0.0,1
CHEMBL4439,CCNC(=O)c1ccc2c(c1)NC(=O)/C2=C\Nc1ccc(CN2CCCCC2)cc1,7.16,0.0,1
CHEMBL4439,CCNC(=O)c1ccc2c(c1)NC(=O)/C2=C\Nc1ccc(N(C)C(=O)CN(C)C)cc1,7.28,0.0,1
CHEMBL4439,CCNC(=O)c1ccc2c(c1)NC(=O)/C2=C\Nc1ccc(N(C)C(=O)CN2CCN(C)CC2)cc1,7.82,0.0,1
CHEMBL4439,CCNC(=O)c1ccc2c(c1)NC(=O)/C2=C\Nc1ccc(N(CCCN(C)C)C(C)=O)cc1,7.77,0.0,1
CHEMBL4439,CCNCc1ccc(N/C(=C2\C(=O)Nc3cc(C(=O)N(C)CC)ccc32)c2ccccc2)cc1,7.5,0.0,1
CHEMBL4439,CCNS(=O)(=O)c1cccc(Nc2cc(Oc3cn(C4CC4)nc3C3CCOCC3)ccn2)c1,7.92,0.0,1
CHEMBL4439,CCNc1cc(-c2ccc3c(N)[nH]nc3c2)nc(N)n1,6.3,0.0,1
CHEMBL4439,CCNc1cc(Nc2nc(-c3ccccn3)nn3ccc(CNCC(C)(C)O)c23)ccn1,8.35,0.0,1
CHEMBL4439,CCOC(=O)/C=C/c1c(-c2c(-c3cccc(C)n3)nn3c2CCC3)ccc2ncnn12,6.49,0.0,1
CHEMBL4439,CCOC(=O)CCNC(=O)c1cnccc1Nc1nc(-c2cccc(C(F)F)n2)nn2cccc12,7.28,0.0,1
CHEMBL4439,CCOC(=O)CNC(=O)c1cnccc1Nc1nc(-c2cccc(C(F)F)n2)nn2cccc12,7.66,0.0,1
CHEMBL4439,CCOC(=O)NCc1nc(-c2nc(C)cs2)c(-c2ccc3ncsc3c2)[nH]1,8.35,0.0,1
CHEMBL4439,CCOC(=O)c1cc2c(Nc3ccncc3)nc(-c3cccc(C)n3)nn2c1,7.48,0.0,1
CHEMBL4439,CCOC(=O)c1cnc2ccc(-c3c(-c4ccc(F)cc4)ncn3CC(F)F)cn12,8.15,0.0,1
CHEMBL4439,CCOC(=O)c1cnc2ccc(/C=C\c3cccc(OC)n3)cn12,7.25,0.0,1
CHEMBL4439,CCOC(=O)c1cnn2ccc(-c3cccnc3-c3ccc(F)c(C)n3)nc12,7.85,0.0,1
CHEMBL4439,CCOC(=O)c1cnn2ccc(-c3cccnc3-c3cccc(C(F)(F)F)n3)nc12,7.34,0.0,1
CHEMBL4439,CCOC(=O)c1cnn2ccc(-c3cccnc3-c3cccc(C(F)F)n3)nc12,7.55,0.0,1
CHEMBL4439,CCOCCCNC(=O)c1cnccc1Nc1nc(-c2cccc(C(F)F)n2)nn2cccc12,7.62,0.0,1
CHEMBL4439,CCOCCn1cnc(-c2ccc(F)cc2)c1-c1ccc2ncc(C#N)n2c1,7.73,0.0,1
CHEMBL4439,CCOCCn1cnc(-c2ccc(F)cc2)c1-c1ccc2ncc(C(N)=O)n2c1,8.72,0.0,1
CHEMBL4439,CCOc1ccc2c(-c3c(-c4cccc(C)n4)nn4c3CCC4)ccnc2c1,7.06,0.0,1
CHEMBL4439,CCOc1cccc(-c2nc(Nc3ccncc3F)c3cccn3n2)n1,7.82,0.0,1
CHEMBL4439,CCS(=O)(=O)N1CCC(CCn2nc(-c3ccc4[nH]ccc4c3)c3c(N)ncnc32)CC1,6.39,0.0,1
CHEMBL4439,CCS(=O)(=O)c1ccc2c(-c3c(-c4ccccn4)nn4c3CCC4)ccnc2c1,5.03,0.0,1
CHEMBL4439,CCSc1ccc2c(-c3c(-c4ccccn4)nn4c3CCC4)ccnc2c1,6.96,0.0,1
CHEMBL4439,CC[C@@H](CO)NC(=O)c1cnccc1Nc1cc(-c2cc(Cl)ccc2F)ncc1C(C)C,7.39,0.0,1
CHEMBL4439,CC[C@@H](CO)n1cnc(-c2ccc(F)cc2)c1-c1ccc2ncc(C#N)n2n1,8.3,0.0,1
CHEMBL4439,CC[C@@H](CO)n1cnc(-c2ccc(F)cc2)c1-c1ccc2ncc(C(N)=O)n2n1,8.59,0.0,1
CHEMBL4439,CC[C@H](CO)n1cnc(-c2ccc(F)cc2)c1-c1ccc2ncc(C#N)n2n1,8.3,0.0,1
CHEMBL4439,CCc1c[nH]c(-c2sc(N(c3cn[nH]c3)C3CC3)nc2C(N)=O)c1,5.5,0.0,1
CHEMBL4439,CCc1cc(-c2cc3cnccc3s2)n(-c2cccc(C)n2)n1,6.97,0.0,1
CHEMBL4439,CCc1cc(-c2ccc3ncn(C)c(=O)c3c2)n(-c2cccc(C)n2)n1,9.0,0.0,1
CHEMBL4439,CCc1cc(-c2cncc(-c3ccc4c(c3)CC(=O)N4C)c2)cn(C(C)C)c1=O,6.14,0.0,1
CHEMBL4439,CCc1cc2c(Nc3ccncc3F)nc(-c3cccc(OC)n3)nn2c1,7.3,0.7071067811865476,2
CHEMBL4439,CCc1ccc(-c2sc(N(c3cn[nH]c3)C3CC3)nc2C(N)=O)[nH]1,5.27,0.0,1
CHEMBL4439,CCc1cccc(-c2[nH]c(CNc3ccc(C#N)cc3)nc2-c2ccc3c(c2)OCO3)n1,6.44,0.0,1
CHEMBL4439,CCc1cccc(-c2[nH]c(CNc3ccc(C#N)cc3)nc2-c2ccc3nccnc3c2)n1,7.33,0.0,1
CHEMBL4439,CCc1cccc(-c2[nH]c(CNc3ccc(C(N)=O)cc3)nc2-c2ccc3c(c2)OCO3)n1,7.34,0.0,1
CHEMBL4439,CCc1cccc(-c2[nH]c(CNc3ccc(C(N)=O)cc3)nc2-c2ccc3nccnc3c2)n1,7.04,0.0,1
CHEMBL4439,CCc1cccc(-c2[nH]c(CNc3cccc(C#N)c3)nc2-c2ccc3c(c2)OCO3)n1,7.14,0.0,1
CHEMBL4439,CCc1cccc(-c2nc(-n3ccc4cnccc43)c3cccn3n2)n1,8.92,0.0,1
CHEMBL4439,CCc1cccc(-c2ncccc2-c2ccc3ncnc(N)c3c2)n1,8.05,0.0,1
CHEMBL4439,CCc1cccc(-c2nn3c(c2-c2ccc4ncnn4c2/C=C/C(N)=O)CCC3)n1,6.38,0.0,1
CHEMBL4439,CCc1cccc(-c2nn3c(c2-c2ccnc4ccccc24)CCC3)n1,7.15,0.0,1
CHEMBL4439,CCc1cn2ncc(-c3ccnc(OC)c3)c2nc1NC,5.72,0.0,1
CHEMBL4439,CCc1cnc(-c2cc(Cl)ccc2F)cc1Nc1ccncc1C(=O)NC[C@H](C)O,7.47,0.0,1
CHEMBL4439,CCc1cnn(-c2cccc(C)n2)c1-c1cc2cnccc2s1,8.364999999999998,0.007071067811865952,2
CHEMBL4439,CCc1cnn(-c2cccc(C)n2)c1-c1ccc2nc[nH]c(=O)c2c1,8.7,0.0,1
CHEMBL4439,CCc1csc(-c2nc(-c3ccc(C(N)=O)cc3)[nH]c2-c2ccc3c(c2)OCO3)n1,6.47,0.0,1
CHEMBL4439,CCc1nc(-c2ccc(F)c(C)c2)c(-c2ccc3cn[nH]c3c2)[nH]1,8.72,0.0,1
CHEMBL4439,CCc1nc(-c2ccc(OC)cc2)[nH]c1-c1ccncc1,4.52,0.0,1
CHEMBL4439,CCc1nc(-c2cccc(C)c2)c(-c2ccc3ncnn3c2)[nH]1,8.34,0.0,1
CHEMBL4439,CCc1nc(-c2nc(C)cs2)c(-c2ccc3ncsc3c2)[nH]1,8.05,0.0,1
CHEMBL4439,CCc1nnc(CNC(=O)c2cnccc2Nc2nc(-c3cccc(C(F)F)n3)nn3cccc23)o1,7.8,0.0,1
CHEMBL4439,CCn1c(=O)n(-c2cc(-c3cc(Cl)ccc3F)ncc2C)c2ccncc21,7.9,0.0,1
CHEMBL4439,CCn1cc(-c2ccc3c(c2)ncn3-c2cc(OC)c(C(=O)NC)c(OC)c2)cn1,6.33,0.0,1
CHEMBL4439,CCn1cc(-c2ccc3c(c2)ncn3-c2cc(OC)c(C(=O)NC3CC3)c(OC)c2)cn1,5.99,0.0,1
CHEMBL4439,CCn1cc(-c2ccc3c(c2)ncn3-c2cc(OC)c(C(=O)NCC(F)(F)F)c(OC)c2)cn1,5.81,0.0,1
CHEMBL4439,CCn1cc(-c2ccc3c(c2)ncn3-c2cc(OC)c(C(=O)O)c(OC)c2)cn1,6.71,0.0,1
CHEMBL4439,CCn1cc(-c2ccc3c(c2)ncn3-c2cc(OC)c(C(=O)OC)c(OC)c2)cn1,6.6,0.0,1
CHEMBL4439,CCn1cc(-c2ccc3c(c2)ncn3-c2cc(OC)c(C(N)=O)c(OC)c2)cn1,8.38,0.0,1
CHEMBL4439,CCn1cc(-c2ccc3c(c2)ncn3-c2cc(OC)c(CO)c(OC)c2)cn1,6.71,0.0,1
CHEMBL4439,CCn1cc(N(c2nc(C(N)=O)c(-c3ccc[nH]3)s2)C2CC2)cn1,6.98,0.0,1
CHEMBL4439,CCn1cnc(-c2ccc(F)c(Cl)c2)c1-c1ccc2ncc(C#N)n2c1,7.88,0.0,1
CHEMBL4439,CCn1cnc(-c2ccc(F)c(Cl)c2)c1-c1ccc2ncc(C#N)n2n1,9.05,0.0,1
CHEMBL4439,CCn1cnc(-c2ccc(F)c(Cl)c2)c1-c1ccc2ncc(C(N)=O)n2c1,9.4,0.0,1
CHEMBL4439,CCn1cnc(-c2ccc(F)c(Cl)c2)c1-c1ccc2ncc(C(N)=O)n2n1,9.22,0.0,1
CHEMBL4439,CCn1cnc(-c2ccc(F)cc2)c1-c1ccc2ncc(C#N)n2c1,7.44,0.0,1
CHEMBL4439,CCn1cnc(-c2ccc(F)cc2)c1-c1ccc2ncc(C#N)n2n1,8.6,0.0,1
CHEMBL4439,CCn1cnc(-c2ccc(F)cc2)c1-c1ccc2ncc(C(N)=O)n2c1,9.1,0.0,1
CHEMBL4439,CCn1cnc(-c2ccc(F)cc2)c1-c1ccc2ncc(C(N)=O)n2n1,9.15,0.0,1
CHEMBL4439,CCn1cnc2ccc(-c3ccnn3-c3cccc(C)n3)cc2c1=O,7.16,0.0,1
CHEMBL4439,CCn1nc(C(F)(F)F)cc1Oc1ccnc(Nc2ccnc(C(C)(C)O)c2)c1,7.27,0.0,1
CHEMBL4439,CN(C(=O)c1ccc(-c2cc(-c3c[nH]nc3-c3ccccn3)ccn2)cc1)C1CCOCC1,6.67,0.0,1
CHEMBL4439,CN(C)C(=O)N[C@@H](CO)C(=O)O,7.85,0.0,1
CHEMBL4439,CN(C)C(=O)c1ccc(-c2nc(-c3ccn(C)n3)c(-c3ccc4ncsc4c3)[nH]2)cc1,6.54,0.0,1
CHEMBL4439,CN(C)C(=O)c1ccc2c(c1)/C(=C(/Nc1ccc(CN3CCCCC3)cc1)c1ccccc1)C(=O)N2,6.73,0.0,1
CHEMBL4439,CN(C)C(=O)c1ccc2c(c1)NC(=O)/C2=C(\Nc1ccc(CN2CCCCC2)cc1)c1ccccc1,7.46,0.0,1
CHEMBL4439,CN(C)C(=O)c1cnc2ccc(-c3c(-c4ccc(F)cc4)ncn3CC(F)F)nn12,8.52,0.0,1
CHEMBL4439,CN(C)C1CCC(NCc2ccn3nc(-c4ccccn4)nc(Nc4ccncc4F)c23)CC1,9.0,0.0,1
CHEMBL4439,CN(C)CC(=O)Nc1ccc2c(-c3c(-c4ccccn4)nn4c3CCC4)ccnc2c1,7.19,0.0,1
CHEMBL4439,CN(C)CCCNC(=O)Nc1ccc2c(-c3c(-c4ccccn4)nn4c3CCC4)ccnc2c1,6.59,0.0,1
CHEMBL4439,CN(C)CCCOc1ccc(-c2cnc3c(-c4ccnc5ccccc45)cnn3c2)cc1,6.0,0.0,1
CHEMBL4439,CN(C)CCCc1cccc(-c2cc(-c3c[nH]nc3-c3ccccn3)ccn2)c1,7.82,0.0,1
CHEMBL4439,CN(C)CCCn1cnc(-c2ccc(F)cc2)c1-c1ccc2ncc(C(N)=O)n2c1,7.5,0.0,1
CHEMBL4439,CN(C)CCCn1cnc2cc(-c3c(-c4ccccn4)nn4c3CCC4)ccc21,6.4,0.0,1
CHEMBL4439,CN(C)CCNC(=O)Nc1ccc2c(-c3c(-c4ccccn4)nn4c3CCC4)ccnc2c1,7.75,0.0,1
CHEMBL4439,CN(C)CCNCc1ccn2nc(-c3ccccn3)nc(Nc3ccncc3F)c12,8.85,0.0,1
CHEMBL4439,CN(C)CCOc1ccc(-c2cc(-c3c[nH]nc3-c3ccccn3)ccn2)cc1,7.82,0.0,1
CHEMBL4439,CN(C)CCn1cc(N(c2nc(C(N)=O)c(-c3cc(C(=O)N4CCOCC4)c[nH]3)s2)C2CC2)cn1,6.36,0.0,1
CHEMBL4439,CN(C)c1cc(-c2ccc3c(N)n[nH]c3c2)nc(N)n1,5.3,0.0,1
CHEMBL4439,CN(c1ccncc1)c1nc(-c2cccc(C(F)(F)F)n2)nc2[nH]ccc12,9.23,0.0,1
CHEMBL4439,CN(c1ccncc1)c1nc(-c2cccc(NS(C)(=O)=O)n2)nc2[nH]ccc12,8.37,0.0,1
CHEMBL4439,CN1C(=O)Cc2cc(-c3cncc(-c4ccc(=O)n(C5CCC5)c4)c3)ccc21,5.28,0.0,1
CHEMBL4439,CN1C(=O)Cc2cc(-c3cncc(-c4ccc(=O)n(C5CCCC5)c4)c3)ccc21,5.02,0.0,1
CHEMBL4439,CN1C(=O)[C@@H](N2CCc3c(nn(Cc4ccccc4)c3Br)C2=O)COc2ccccc21,6.0,0.0,1
CHEMBL4439,CN1C(=O)[C@@H](N2CCc3cn(CC4CCS(=O)(=O)CC4)nc3C2=O)COc2ccccc21,6.0,0.0,1
CHEMBL4439,CN1C(=O)[C@@H](N2CCc3cn(Cc4ccccc4)nc3C2=O)COc2ccccc21,6.0,0.0,1
CHEMBL4439,CN1CCC(CCNCc2ccn3nc(-c4ccccn4)nc(Nc4ccncc4F)c23)CC1,8.27,0.0,1
CHEMBL4439,CN1CCC(N(C)Cc2ccn3nc(-c4ccccn4)nc(Nc4ccncc4F)c23)CC1,7.92,0.0,1
CHEMBL4439,CN1CCC(OCc2ccn3nc(-c4ccccn4)nc(Nc4ccncc4F)c23)CC1,7.89,0.0,1
CHEMBL4439,CN1CCN(C(=O)c2ccc(-c3cnc(N)c(C(=O)NC4CCCCC4)c3)cc2)CC1,5.57,0.0,1
CHEMBL4439,CN1CCN(CC(=O)Nc2cc(Nc3nc(-c4cccc(C(F)(F)F)n4)nc4[nH]ccc34)ccn2)CC1,9.28,0.0,1
CHEMBL4439,CN1CCN(CC(=O)Nc2cc(Nc3nc(-c4cccc(C(F)(F)F)n4)nn4cccc34)ccn2)CC1,9.0,0.0,1
CHEMBL4439,CN1CCN(CCCNC(=O)c2cnccc2Nc2nc(-c3cccc(C(F)F)n3)nn3cccc23)CC1,8.07,0.0,1
CHEMBL4439,CN1CCN(CCCNCc2ccn3nc(-c4ccccn4)nc(Nc4ccncc4F)c23)CC1,7.92,0.0,1
CHEMBL4439,CN1CCN(CCNC(=O)c2ccc(-c3cnc(N)c(C(=O)NC4CCCCC4)c3)cc2)CC1,5.77,0.0,1
CHEMBL4439,CN1CCN(Cc2c[nH]c3nc(-c4cccc(C(F)F)n4)nc(Nc4ccncc4F)c23)CC1,8.43,0.0,1
CHEMBL4439,CN1CCN(Cc2ccn3nc(-c4ccc(F)cn4)nc(Nc4ccncc4F)c23)CC1,8.52,0.0,1
CHEMBL4439,CN1CCN(Cc2ccn3nc(-c4cccc(C(F)(F)F)n4)nc(Nc4ccncc4F)c23)CC1,7.5,0.0,1
CHEMBL4439,CN1CCN(Cc2ccn3nc(-c4cccc(C(F)F)n4)nc(Nc4ccncc4F)c23)CC1,8.23,0.014142135623730649,2
CHEMBL4439,CN1CCN(Cc2ccn3nc(-c4ccccn4)nc(Nc4ccncc4F)c23)CC1,8.04,0.0,1
CHEMBL4439,CN1CCN(c2ccc(-c3cnc4c(-c5ccnc6ccccc56)cnn4c3)cc2)CC1,7.12,0.0,1
CHEMBL4439,CN1CCn2c(nc(-c3ccc(F)cc3)c2-c2ccc3ncc(C(N)=O)n3c2)C1,7.36,0.0,1
CHEMBL4439,CNC(=O)/C(=C/c1cccc(C)n1)c1ccc2ncc(C(N)=O)n2c1,6.68,0.0,1
CHEMBL4439,CNC(=O)/C=C/c1c(-c2c(-c3cccc(C)n3)nn3c2CCC3)ccc2ncnn12,6.61,0.0,1
CHEMBL4439,CNC(=O)CCCc1nc(-c2nc(C)cs2)c(-c2ccc3ncsc3c2)[nH]1,7.43,0.0,1
CHEMBL4439,CNC(=O)c1cc2c(Nc3ccncc3)nc(-c3cccc(C)n3)nn2c1,7.96,0.0,1
CHEMBL4439,CNC(=O)c1ccc(-c2nc(-c3ccn(C)n3)c(-c3ccc4ncsc4c3)[nH]2)cc1,7.35,0.0,1
CHEMBL4439,CNC(=O)c1ccc2c(c1)NC(=O)/C2=C(\Nc1ccc(CN2CCCCC2)cc1)c1ccccc1,7.5,0.0,1
CHEMBL4439,CNC(=O)c1cnc2ccc(-c3c(-c4ccc(F)cc4)ncn3CC(F)F)nn12,9.05,0.0,1
CHEMBL4439,CNC(=O)c1cnc2ccc(-c3cc(F)ccc3-c3cccc(C)n3)cn12,7.89,0.0,1
CHEMBL4439,CNC(=O)c1cnc2ccc(-c3ccccc3-c3cccc(C)n3)cn12,7.645,0.10606601717798207,2
CHEMBL4439,CNC(=O)c1cnc2ccc(-c3cccnc3-c3cccc(C)n3)cn12,8.7,0.0,1
CHEMBL4439,CNC(=O)c1cnc2ccc(-c3ncccc3-c3cccc(C)n3)cn12,7.12,0.0,1
CHEMBL4439,CNC(=O)c1cnc2ccc(/C=C/c3cccc(C)n3)cn12,7.06,0.0,1
CHEMBL4439,CNC(=O)c1cnc2ccc(/C=C\c3cccc(C)n3)cn12,8.04,0.0,1
CHEMBL4439,CNC(=O)c1cnn2ccc(-c3cccnc3-c3cccc(C(F)(F)F)n3)nc12,6.47,0.0,1
CHEMBL4439,CNC(=O)c1cnn2ccc(-c3cccnc3-c3cccc(C)n3)nc12,6.89,0.0,1
CHEMBL4439,CNCCNC(=O)c1cnccc1Nc1cc(-c2ccc(F)cc2F)nc2[nH]ccc12,7.9,0.0,1
CHEMBL4439,CNCc1cnc2ccc(-c3c(-c4ccc(F)cc4)ncn3CC(F)F)nn12,7.62,0.0,1
CHEMBL4439,CNS(=O)(=O)c1cccc(Nc2cc(Oc3cn(C4CC4)nc3C3CCOCC3)ccn2)c1,7.82,0.0,1
CHEMBL4439,CN[C@@H]1C[C@H]2O[C@@](C)([C@@H]1OC)n1c3ccccc3c3c4c(c5c6ccccc6n2c5c31)C(=O)NC4,5.16,0.0,1
CHEMBL4439,CNc1cc(-c2ccc3c(N)n[nH]c3c2)nc(N)n1,6.4,0.0,1
CHEMBL4439,CNc1ccn2ncc(-c3ccnc(OC)c3)c2n1,5.39,0.0,1
CHEMBL4439,CNc1nc2c(-c3ccnc(OC)c3)cnn2cc1C,5.7,0.0,1
CHEMBL4439,CNc1nc2c(-c3ccnc(OC)c3)cnn2cc1C1CC1,5.05,0.0,1
CHEMBL4439,CNc1nc2c(-c3ccnc(OC)c3)cnn2cc1OC,6.15,0.0,1
CHEMBL4439,COC(=O)/C(=C/c1cccc(C)n1)c1ccc2ncc(C(N)=O)n2c1,8.13,0.0,1
CHEMBL4439,COC(=O)C(=O)N[C@@H](CO)C(=O)O,6.43,0.0,1
CHEMBL4439,COC(=O)N1CC(n2cnc(-c3ccc(F)cc3)c2-c2ccc3ncc(C#N)n3n2)C1,7.28,0.0,1
CHEMBL4439,COC(=O)N1CCn2c(nc(-c3ccc(F)cc3)c2-c2ccc3ncc(C(N)=O)n3c2)C1,7.52,0.0,1
CHEMBL4439,COC(=O)NCc1cnc2ccc(-c3c(-c4ccc(F)cc4)ncn3CC(F)F)nn12,7.92,0.0,1
CHEMBL4439,COC(=O)NCc1nc(-c2nc(C)cs2)c(-c2ccc3ncsc3c2)[nH]1,8.11,0.0,1
CHEMBL4439,COC(=O)N[C@@H](CO)C(=O)O,7.1,0.0,1
CHEMBL4439,COC(=O)Nc1cc(Nc2nc(-c3cccc(C(F)(F)F)n3)nc3[nH]ccc23)ccn1,8.6,0.0,1
CHEMBL4439,COC(=O)Nc1cc(Nc2nc(-c3cccc(C(F)(F)F)n3)nn3cccc23)ccn1,9.06,0.0,1
CHEMBL4439,COC(=O)Nc1cc(Nc2nc(-c3cccc(C(F)F)n3)nc3[nH]ccc23)ccn1,9.12,0.0,1
CHEMBL4439,COC(=O)Nc1cc(Nc2nc(-c3cccc(OC)n3)nn3cccc23)ccn1,8.3,0.0,1
CHEMBL4439,COC(=O)Nc1cc2c(Nc3ccncc3F)nc(-c3cccc(OC)n3)nn2c1,7.13,0.0,1
CHEMBL4439,COC(=O)Nc1ccc2c(-c3c(-c4ccccn4)nn4c3CCC4)ccnc2c1,7.4,0.0,1
CHEMBL4439,COC(=O)Nc1cnc2ccc(-c3c(-c4ccc(F)cc4)ncn3CC(F)F)cn12,6.37,0.0,1
CHEMBL4439,COC(=O)Nc1cnc2ccc(-c3c(-c4ccc(F)cc4)ncn3CC(F)F)nn12,8.35,0.0,1
CHEMBL4439,COC(=O)c1ccc(-c2cc(-c3c(-c4cccc(C)n4)nc4n3C3CCC4C3)ccn2)cc1,7.06,0.0,1
CHEMBL4439,COC(=O)c1ccc(-c2cc(-c3c[nH]nc3-c3ccccn3)ccn2)cc1,7.57,0.0,1
CHEMBL4439,COC(=O)c1ccc(-c2ncccc2-c2ccc3ncc(C#N)n3c2)nc1,5.35,0.0,1
CHEMBL4439,COC(=O)c1ccc(-c2ncccc2-c2ccc3ncc(C(N)=O)n3c2)nc1,5.12,0.0,1
CHEMBL4439,COC(=O)c1ccnc(-c2cccc(C)n2)c1-c1ccc2ncc(C#N)n2c1,6.19,0.0,1
CHEMBL4439,COC(=O)c1cnccc1Nc1cc(-c2cc(Cl)ccc2F)ncc1C(C)C,7.4,0.0,1
CHEMBL4439,COC(C)(C)c1cnc(-c2cc(Cl)ccc2F)cc1Nc1ccncc1C(=O)NCC(C)O,7.29,0.0,1
CHEMBL4439,COCC(=O)Nc1cc(Nc2nc(-c3cccc(C(F)(F)F)n3)nn3cccc23)ccn1,8.8,0.0,1
CHEMBL4439,COCC(C1CC1)n1cnc(-c2ccc(F)cc2)c1-c1ccc2ncc(C#N)n2n1,8.64,0.0,1
CHEMBL4439,COCC(C1CC1)n1cnc(-c2ccc(F)cc2)c1-c1ccc2ncc(C(N)=O)n2n1,8.68,0.0,1
CHEMBL4439,COCCC(=O)Nc1cc(Nc2nc(-c3cccc(C(F)(F)F)n3)nn3cccc23)ccn1,8.74,0.0,1
CHEMBL4439,COCCC(=O)Nc1ccc2c(-c3c(-c4ccccn4)nn4c3CCC4)ccnc2c1,7.47,0.0,1
CHEMBL4439,COCCCN1C(=O)Cc2cc(-c3cncc(-c4ccc(=O)n(C(C)C)c4)c3)ccc21,5.22,0.0,1
CHEMBL4439,COCCN1C(=O)Cc2cc(-c3cncc(-c4ccc(=O)n(C(C)C)c4)c3)ccc21,5.17,0.0,1
CHEMBL4439,COCCN1C[C@@H]2C[C@]2(c2ccc(-c3cnc(N)c(C(=O)NC45CCC(O)(CC4)CC5)c3)cc2)C1,5.26,0.0,1
CHEMBL4439,COCCN1C[C@@H]2C[C@]2(c2ccc(-c3cnc(N)c(C(=O)N[C@H]4CC[C@H](O)CC4)c3)cc2)C1,5.42,0.0,1
CHEMBL4439,COCCN1C[C@H]2C[C@@]2(c2ccc(-c3cnc(N)c(C(=O)N[C@H]4CC[C@H](O)CC4)c3)cc2)C1,5.34,0.0,1
CHEMBL4439,COCCNC(=O)c1ccc(-c2cc(-c3c[nH]nc3-c3ccccn3)ccn2)cc1,7.04,0.0,1
CHEMBL4439,COCCNC(=O)c1cnc2ccc(-c3cccnc3-c3cccc(C)n3)cn12,8.4,0.0,1
CHEMBL4439,COCCn1cc(N(c2nc(C(N)=O)c(-c3cc(C(=O)N4CCOCC4)c[nH]3)s2)C2CC2)cn1,7.79,0.0,1
CHEMBL4439,COCCn1cnc(-c2ccc(F)c(Cl)c2)c1-c1ccc2ncc(C#N)n2n1,8.82,0.0,1
CHEMBL4439,COCCn1cnc(-c2ccc(F)c(Cl)c2)c1-c1ccc2ncc(C(N)=O)n2n1,8.89,0.0,1
CHEMBL4439,COCc1noc(CNC(=O)c2cnccc2Nc2nc(-c3cccc(C(F)F)n3)nn3cccc23)n1,7.66,0.0,1
CHEMBL4439,CONC(=O)c1cnc2ccc(-c3c(-c4ccc(F)cc4)ncn3CC(F)F)nn12,9.15,0.0,1
CHEMBL4439,COc1cc(-c2cc(-c3ccc(N4CCNCC4)cc3)cnc2C)cc(OC)c1OC,5.52,0.0,1
CHEMBL4439,COc1cc(-c2cc(-c3ccc(N4CCNCC4)cc3)cnc2N)cc(OC)c1OC,6.73,0.0,1
CHEMBL4439,COc1cc(-c2cc(-c3ccc(N4CCNCC4)cc3)cnc2N)ccc1C,4.68,0.0,1
CHEMBL4439,COc1cc(-c2cc(-c3ccc(N4CCNCC4)cc3)cnc2N)ccc1Cl,5.72,0.0,1
CHEMBL4439,COc1cc(-c2cc(-c3cccc(N4CCNCC4)c3)cnc2N)cc(OC)c1OC,7.31,0.0,1
CHEMBL4439,COc1cc(-c2cc(-c3cccc(NS(C)(=O)=O)c3)cnc2N)cc(OC)c1OC,6.75,0.0,1
CHEMBL4439,COc1cc(-c2cc(-c3cccc(O)c3)cnc2N)cc(OC)c1OC,6.55,0.0,1
CHEMBL4439,COc1cc(-c2ccc3c(N)n[nH]c3c2)nc(N)n1,5.5,0.0,1
CHEMBL4439,COc1cc(-c2cn(C)c(=O)c3cnccc23)c(OC)cc1CN(C)C,5.29,0.0,1
CHEMBL4439,COc1cc(-c2cn(C)c(=O)c3cnccc23)cc(OC)c1CN(C)C,5.42,0.0,1
CHEMBL4439,COc1cc(-c2cncc(-c3ccc(C4=CCN(C)CC4)cc3)c2C)cc(OC)c1OC,5.6,0.0,1
CHEMBL4439,COc1cc(-c2cncc(-c3ccc(C4CCNCC4)cc3)c2C)cc(OC)c1OC,5.76,0.0,1
CHEMBL4439,COc1cc(-c2cncc(-c3ccc(CN4CCN(C)CC4)cc3)c2C)cc(OC)c1OC,5.58,0.0,1
CHEMBL4439,COc1cc(-c2cncc(-c3ccc(N4CCCNCC4)cc3)c2C)cc(OC)c1OC,5.52,0.0,1
CHEMBL4439,COc1cc(-c2cncc(-c3ccc(N4CCN(C(C)=O)CC4)cc3)c2C)cc(OC)c1OC,5.6,0.0,1
CHEMBL4439,COc1cc(-c2cncc(-c3ccc(N4CCN(C(C)C)CC4)cc3)c2C)cc(F)c1C(N)=O,5.6899999999999995,0.02828427124746224,2
CHEMBL4439,COc1cc(-c2cncc(-c3ccc(N4CCN(C(C)C)CC4)cc3)c2C)cc(OC)c1C(N)=O,7.18,0.0,1
CHEMBL4439,COc1cc(-c2cncc(-c3ccc(N4CCN(C(C)C)CC4)cc3)c2C)cc(OC)c1OC,5.65,0.0,1
CHEMBL4439,COc1cc(-c2cncc(-c3ccc(N4CCN(C)CC4)cc3)c2C)cc(F)c1C(N)=O,5.98,0.0,1
CHEMBL4439,COc1cc(-c2cncc(-c3ccc(N4CCN(C)CC4)cc3)c2C)cc(OC)c1C(N)=O,7.12,0.0,1
CHEMBL4439,COc1cc(-c2cncc(-c3ccc(N4CCN(C)CC4)cc3)c2C)cc(OC)c1OC,5.32,0.0,1
CHEMBL4439,COc1cc(-c2cncc(-c3ccc(N4CCN(CCF)CC4)cc3)c2C)cc(OC)c1OC,5.49,0.0,1
CHEMBL4439,COc1cc(-c2cncc(-c3ccc(N4CCN(S(C)(=O)=O)CC4)cc3)c2C)cc(OC)c1OC,5.7,0.0,1
CHEMBL4439,COc1cc(-c2cncc(-c3ccc(N4CCNCC4)cc3)c2)cc(OC)c1OC,6.375,0.34648232278140845,2
CHEMBL4439,COc1cc(-c2cncc(-c3ccc(N4CCNCC4)cc3)c2C#N)cc(OC)c1F,6.31,0.0,1
CHEMBL4439,COc1cc(-c2cncc(-c3ccc(N4CCNCC4)cc3)c2C#N)cc(OC)c1OC,6.14,0.0,1
CHEMBL4439,COc1cc(-c2cncc(-c3ccc(N4CCNCC4)cc3)c2C)cc(Cl)c1C(N)=O,5.68,0.0,1
CHEMBL4439,COc1cc(-c2cncc(-c3ccc(N4CCNCC4)cc3)c2C)cc(F)c1C(N)=O,5.72,0.0,1
CHEMBL4439,COc1cc(-c2cncc(-c3ccc(N4CCNCC4)cc3)c2C)cc(OC)c1C(N)=O,7.34,0.0,1
CHEMBL4439,COc1cc(-c2cncc(-c3ccc(N4CCNCC4)cc3)c2C)cc(OC)c1F,5.66,0.0,1
CHEMBL4439,COc1cc(-c2cncc(-c3ccc(N4CCNCC4)cc3)c2C)cc(OC)c1OC,5.68,0.08485281374238547,2
CHEMBL4439,COc1cc(-c2cncc(-c3ccc(N4CCNCC4)cc3)c2C)ccc1C(N)=O,6.24,0.0,1
CHEMBL4439,COc1cc(-c2cncc(-c3ccc(N4CCNCC4)cc3)c2C2CC2)cc(OC)c1OC,5.33,0.0,1
CHEMBL4439,COc1cc(-c2cncc(-c3ccc(N4CCNCC4)cc3)c2Cl)cc(OC)c1OC,5.88,0.0,1
CHEMBL4439,COc1cc(-c2cncc(-c3ccc(N4CCNCC4)cc3)c2F)cc(OC)c1OC,6.06,0.0,1
CHEMBL4439,COc1cc(-c2cncc(-c3ccc(N4CCOCC4)cc3)c2C)cc(OC)c1OC,5.63,0.0,1
CHEMBL4439,COc1cc(-c2cncc(-c3ccc(N4CCS(=O)(=O)CC4)cc3)c2C)cc(OC)c1OC,5.91,0.0,1
CHEMBL4439,COc1cc(-c2cncc(-c3ccc(N4C[C@@H](C)N(C)[C@@H](C)C4)cc3)c2C)cc(F)c1C(N)=O,5.54,0.0,1
CHEMBL4439,COc1cc(-c2cncc(-c3ccc(N4C[C@@H](C)N(C)[C@@H](C)C4)cc3)c2C)cc(OC)c1C(N)=O,7.28,0.0,1
CHEMBL4439,COc1cc(-c2cncc(-c3ccc(N4C[C@@H](C)N[C@@H](C)C4)cc3)c2C)cc(OC)c1OC,5.98,0.0,1
CHEMBL4439,COc1cc(-c2cncc(-c3ccc(OC4CCN(C)CC4)cc3)c2C)cc(OC)c1OC,5.78,0.0,1
CHEMBL4439,COc1cc(-c2cncc(-c3ccc(OC4CCNCC4)cc3)c2C)cc(OC)c1OC,5.54,0.0,1
CHEMBL4439,COc1cc(-c2cncc(-c3ccc4c(c3)CC(=O)N4C)c2)cn(C(C)C)c1=O,6.21,0.0,1
CHEMBL4439,COc1cc(-c2cnn3cc(-c4ccc(N5CCNCC5)cc4)cnc23)cc(OC)c1OC,7.52,0.0,1
CHEMBL4439,COc1cc(-c2ncn(CC(F)F)c2-c2ccc3ncc(C#N)n3n2)ccc1F,8.28,0.0,1
CHEMBL4439,COc1cc(O)c2c(c1)CCC[C@H](O)[C@H](O)C(=O)CCC[C@H](C)OC2=O,5.14,0.0,1
CHEMBL4439,COc1cc(OC)cc(-c2cc(-c3ccc(N4CCNCC4)cc3)cnc2N)c1,6.0,0.0,1
CHEMBL4439,COc1cc(Oc2ccnc(Nc3ccnc(C(C)(C)O)c3)c2)n(C2CCOCC2)n1,6.9,0.0,1
CHEMBL4439,COc1cc2nccc(Oc3cc(C)c(C)cc3C(C)=O)c2cc1OC,6.2,0.0,1
CHEMBL4439,COc1cc2nccc(Oc3ccc(C)cc3C(=O)c3ccccc3)c2cc1OC,5.57,0.0,1
CHEMBL4439,COc1cc2nccc(Oc3ccc(C)cc3C(C)=O)c2cc1OC,5.36,0.0,1
CHEMBL4439,COc1cc2nccc(Oc3ccccc3C(=O)c3ccccc3)c2cc1OC,4.8,0.0,1
CHEMBL4439,COc1ccc(-c2c(-c3ccccn3)nc3n2CCC3)cc1,5.29,0.0,1
CHEMBL4439,COc1ccc(-c2c(-c3ccccn3)nn3c2CCC3)cc1,6.19,0.0,1
CHEMBL4439,COc1ccc(-c2c(-c3ccnc(NC(C)=O)c3)[nH]c3cccnc23)cn1,8.52,0.0,1
CHEMBL4439,COc1ccc(-c2c(-c3ccnc(NC(C)=O)c3)[nH]c3cccnc23)nc1,8.22,0.0,1
CHEMBL4439,COc1ccc(-c2cc(-c3c[nH]nc3-c3ccccn3)ccn2)cc1,7.62,0.0,1
CHEMBL4439,COc1ccc(-c2cc(-c3ccc(N4CCNCC4)cc3)cnc2N)cc1OC,5.16,0.0,1
CHEMBL4439,COc1ccc(-c2cccc(C)n2)c(-c2ccc3ncc(C(N)=O)n3c2)c1,7.42,0.0,1
CHEMBL4439,COc1ccc(-c2cn(C)nc2-c2cccc(C)n2)cc1,7.36,0.0,1
CHEMBL4439,COc1ccc(-c2cnc3c(-c4ccnc5ccccc45)cnn3c2)cc1,4.48,0.0,1
CHEMBL4439,COc1ccc(-c2ncn(CC(F)F)c2-c2ccc3ncc(C#N)n3n2)cc1,8.3,0.0,1
CHEMBL4439,COc1ccc(Cn2ccc3c(Nc4cc(-c5cc(Cl)ccc5F)ncc4C(C)C)ncnc32)cc1,8.09,0.0,1
CHEMBL4439,COc1ccc(Cn2ccc3c(Nc4cc(-c5ncccc5F)ncc4C(C)C)ccnc32)cc1,7.79,0.0,1
CHEMBL4439,COc1ccc(Cn2ccc3c(Nc4cc(-c5ncccc5F)ncc4C(C)C)ncnc32)cc1,7.58,0.0,1
CHEMBL4439,COc1ccc(Cn2ncc3c(Nc4cc(-c5cc(Cl)ccc5F)ncc4C(C)C)ncnc32)cc1,7.75,0.0,1
CHEMBL4439,COc1ccc(NS(=O)(=O)c2c[nH]c3ncccc23)cc1,5.97,0.0,1
CHEMBL4439,COc1ccc(OC)c(/C=C/C(=O)Nc2sc3c(c2C#N)CCC3)c1,7.055,0.007071067811865324,2
CHEMBL4439,COc1ccc(OC)c(/C=C/C(=O)Nc2sc3c(c2C#N)CCCC3)c1,7.06,0.0,1
CHEMBL4439,COc1ccc(Oc2ccnc(Nc3ccnc(C(C)(C)O)c3)c2)c(C)n1,7.5,0.0,1
CHEMBL4439,COc1ccc(Oc2ccnc(Nc3ccnc(C(C)(C)O)c3)c2)c(C2CCOCC2)n1,6.66,0.0,1
CHEMBL4439,COc1ccc(S(=O)(=O)N2CCC(CCn3nc(-c4ccc5[nH]ccc5c4)c4c(N)ncnc43)CC2)cc1,6.19,0.0,1
CHEMBL4439,COc1ccc2c(Nc3nc(-c4cccc(C(F)(F)F)n4)nn4cccc34)ccnc2c1,8.38,0.0,1
CHEMBL4439,COc1ccc2c(Nc3nc(-c4cccc(C(F)F)n4)nn4cccc34)ccnc2c1,8.74,0.0,1
CHEMBL4439,COc1ccc2c(Nc3nc(-c4cccc(C)n4)nn4cccc34)ccnc2c1,8.96,0.0,1
CHEMBL4439,COc1ccc2cc(-c3c(-c4ccncc4)nc(-c4ccc([S+](C)[O-])cc4C)n3C)ccc2c1,6.53,0.0,1
CHEMBL4439,COc1ccc2nccc(Nc3nc(-c4cccc(C)n4)nn4cccc34)c2c1,8.19,0.0,1
CHEMBL4439,COc1cccc(-c2cc(-c3c[nH]nc3-c3ccccn3)ccn2)c1,6.94,0.0,1
CHEMBL4439,COc1cccc(-c2cc(-c3ccc(N4CCNCC4)cc3)cnc2N)c1,4.91,0.0,1
CHEMBL4439,COc1cccc(-c2ccccc2-c2ccc3ncc(C(N)=O)n3c2)n1,7.35,0.0,1
CHEMBL4439,COc1cccc(-c2nc(-n3ccc4cnccc43)c3c(Cl)ccn3n2)n1,8.0,0.0,1
CHEMBL4439,COc1cccc(-c2nc(-n3ccc4cnccc43)c3cccn3n2)n1,8.21,0.0,1
CHEMBL4439,COc1cccc(-c2nc(-n3ncc4cnccc43)c3cccn3n2)n1,7.17,0.0,1
CHEMBL4439,COc1cccc(-c2nc(NCc3ccncc3)c3cccn3n2)n1,6.09,0.0,1
CHEMBL4439,COc1cccc(-c2nc(Nc3ccc4ncccc4c3)c3cccn3n2)n1,4.89,0.0,1
CHEMBL4439,COc1cccc(-c2nc(Nc3ccnc(C)c3)c3cccn3n2)n1,5.82,0.0,1
CHEMBL4439,COc1cccc(-c2nc(Nc3ccnc(Cl)c3)c3cccn3n2)n1,5.18,0.0,1
CHEMBL4439,COc1cccc(-c2nc(Nc3ccnc(F)c3)c3c(C)ccn3n2)n1,6.19,0.0,1
CHEMBL4439,COc1cccc(-c2nc(Nc3ccnc(F)c3)c3cccn3n2)n1,6.2,0.0,1
CHEMBL4439,COc1cccc(-c2nc(Nc3ccnc(N4CCOCC4)c3)c3cccn3n2)n1,5.54,0.0,1
CHEMBL4439,COc1cccc(-c2nc(Nc3ccnc(NC(C)=O)c3)c3cccn3n2)n1,8.54,0.0,1
CHEMBL4439,COc1cccc(-c2nc(Nc3ccnc(NCC(C)(C)O)c3)c3c(C)ccn3n2)n1,5.18,0.0,1
CHEMBL4439,COc1cccc(-c2nc(Nc3ccnc(NCC(C)(C)O)c3)c3cccn3n2)n1,5.48,0.0,1
CHEMBL4439,COc1cccc(-c2nc(Nc3ccnc(NCCC(C)(C)O)c3)c3cccn3n2)n1,6.44,0.0,1
CHEMBL4439,COc1cccc(-c2nc(Nc3ccnc(NCCCN(C)C)c3)c3cccn3n2)n1,7.06,0.0,1
CHEMBL4439,COc1cccc(-c2nc(Nc3ccnc(NCCN4CCC(F)(F)CC4)c3)c3cccn3n2)n1,6.32,0.0,1
CHEMBL4439,COc1cccc(-c2nc(Nc3ccnc(NCCN4CCC(O)CC4)c3)c3c(C)ccn3n2)n1,6.14,0.0,1
CHEMBL4439,COc1cccc(-c2nc(Nc3ccnc(NCCN4CCC(O)CC4)c3)c3cccn3n2)n1,6.16,0.0,1
CHEMBL4439,COc1cccc(-c2nc(Nc3ccnc(NCCN4CCOCC4)c3)c3c(C)ccn3n2)n1,6.92,0.0,1
CHEMBL4439,COc1cccc(-c2nc(Nc3ccnc(NCCN4CCOCC4)c3)c3cccn3n2)n1,6.72,0.0,1
CHEMBL4439,COc1cccc(-c2nc(Nc3ccncc3)c3c(C)ccn3n2)n1,8.03,0.0,1
CHEMBL4439,COc1cccc(-c2nc(Nc3ccncc3)c3c(Cl)ccn3n2)n1,7.31,0.0,1
CHEMBL4439,COc1cccc(-c2nc(Nc3ccncc3)c3cccn3n2)n1,7.89,0.0,1
CHEMBL4439,COc1cccc(-c2nc(Nc3ccncc3C(F)F)c3cccn3n2)n1,8.0,0.0,1
CHEMBL4439,COc1cccc(-c2nc(Nc3ccncc3C(N)=O)c3cccn3n2)n1,8.04,0.0,1
CHEMBL4439,COc1cccc(-c2nc(Nc3ccncc3CO)c3cccn3n2)n1,8.04,0.0,1
CHEMBL4439,COc1cccc(-c2nc(Nc3ccncc3COCCCN3CCOCC3)c3cccn3n2)n1,6.17,0.0,1
CHEMBL4439,COc1cccc(-c2nc(Nc3ccncc3Cl)c3cccn3n2)n1,8.27,0.0,1
CHEMBL4439,COc1cccc(-c2nc(Nc3ccncc3F)c3c(C(C)(C)O)ccn3n2)n1,7.5,0.0,1
CHEMBL4439,COc1cccc(-c2nc(Nc3ccncc3F)c3c(C(O)CN4CCC(F)(F)CC4)ccn3n2)n1,7.42,0.0,1
CHEMBL4439,COc1cccc(-c2nc(Nc3ccncc3F)c3c(C(O)CN4CCC(N(C)C)CC4)ccn3n2)n1,6.58,0.0,1
CHEMBL4439,COc1cccc(-c2nc(Nc3ccncc3F)c3c(C(O)CN4CCN(C)CC4)ccn3n2)n1,6.02,0.0,1
CHEMBL4439,COc1cccc(-c2nc(Nc3ccncc3F)c3c(C(O)CNCCN4CCCCC4)ccn3n2)n1,6.27,0.0,1
CHEMBL4439,COc1cccc(-c2nc(Nc3ccncc3F)c3c(C(O)CNCCN4CCS(=O)(=O)CC4)ccn3n2)n1,7.25,0.0,1
CHEMBL4439,COc1cccc(-c2nc(Nc3ccncc3F)c3c(C(O)CO)ccn3n2)n1,7.8,0.0,1
CHEMBL4439,COc1cccc(-c2nc(Nc3ccncc3F)c3c(CCN4CCC(N)CC4)ccn3n2)n1,6.58,0.0,1
CHEMBL4439,COc1cccc(-c2nc(Nc3ccncc3F)c3c(CCN4CCN(C)CC4)ccn3n2)n1,6.44,0.0,1
CHEMBL4439,COc1cccc(-c2nc(Nc3ccncc3F)c3c(CCN4CCOCC4)ccn3n2)n1,6.92,0.0,1
CHEMBL4439,COc1cccc(-c2nc(Nc3ccncc3F)c3c(CCO)ccn3n2)n1,8.52,0.0,1
CHEMBL4439,COc1cccc(-c2nc(Nc3ccncc3F)c3c(CN4CCC(F)(F)CC4)ccn3n2)n1,8.05,0.0,1
CHEMBL4439,COc1cccc(-c2nc(Nc3ccncc3F)c3c(CN4CCN(C)CC4)ccn3n2)n1,7.66,0.0,1
CHEMBL4439,COc1cccc(-c2nc(Nc3ccncc3F)c3c(CNCC(C)(C)O)ccn3n2)n1,8.01,0.0,1
CHEMBL4439,COc1cccc(-c2nc(Nc3ccncc3F)c3c(CNCCN4CCCC4)ccn3n2)n1,7.2,0.0,1
CHEMBL4439,COc1cccc(-c2nc(Nc3ccncc3F)c3c(CNC[C@@H](F)C(C)(C)O)ccn3n2)n1,7.01,0.0,1
CHEMBL4439,COc1cccc(-c2nc(Nc3ccncc3F)c3c(OCCN4CCCC4)ccn3n2)n1,5.31,0.0,1
CHEMBL4439,COc1cccc(-c2nc(Nc3ccncc3F)c3cc(/C=C/CCO)cn3n2)n1,7.52,0.0,1
CHEMBL4439,COc1cccc(-c2nc(Nc3ccncc3F)c3cc(C(C)(C)O)cn3n2)n1,5.8,0.0,1
CHEMBL4439,COc1cccc(-c2nc(Nc3ccncc3F)c3cc(CCCCN4CCN(C)CC4)cn3n2)n1,5.66,0.0,1
CHEMBL4439,COc1cccc(-c2nc(Nc3ccncc3F)c3cc(CCN4CCN(C)CC4)cn3n2)n1,5.77,0.0,1
CHEMBL4439,COc1cccc(-c2nc(Nc3ccncc3F)c3cc(CN4CCC(F)(F)CC4)cn3n2)n1,6.64,0.0,1
CHEMBL4439,COc1cccc(-c2nc(Nc3ccncc3F)c3cc(CNCC(C)(C)O)cn3n2)n1,5.77,0.0,1
CHEMBL4439,COc1cccc(-c2nc(Nc3ccncc3F)c3cc(CNCCCN4CCS(=O)(=O)CC4)cn3n2)n1,5.11,0.0,1
CHEMBL4439,COc1cccc(-c2nc(Nc3ccncc3F)c3cc(CNC[C@@H](F)C(C)(C)O)cn3n2)n1,6.06,0.0,1
CHEMBL4439,COc1cccc(-c2nc(Nc3ccncc3F)c3cc(N)cn3n2)n1,6.85,0.0,1
CHEMBL4439,COc1cccc(-c2nc(Nc3ccncc3F)c3cc(NC(=O)CN)cn3n2)n1,5.8,0.0,1
CHEMBL4439,COc1cccc(-c2nc(Nc3ccncc3F)c3cc(NC(=O)CN4CCOCC4)cn3n2)n1,5.85,0.0,1
CHEMBL4439,COc1cccc(-c2nc(Nc3ccncc3F)c3cc(NC(=O)CNC(=O)OC(C)(C)C)cn3n2)n1,6.48,0.0,1
CHEMBL4439,COc1cccc(-c2nc(Nc3ccncc3F)c3cc(NC(=O)CNS(C)(=O)=O)cn3n2)n1,6.89,0.0,1
CHEMBL4439,COc1cccc(-c2nc(Nc3ccncc3F)c3cc(NC(=O)N4CCOCC4)cn3n2)n1,6.16,0.0,1
CHEMBL4439,COc1cccc(-c2nc(Nc3ccncc3F)c3cc(NC(C)=O)cn3n2)n1,7.07,0.0,1
CHEMBL4439,COc1cccc(-c2nc(Nc3ccncc3F)c3cc(NS(=O)(=O)C4CC4)cn3n2)n1,7.09,0.0,1
CHEMBL4439,COc1cccc(-c2nc(Nc3ccncc3F)c3cc(NS(C)(=O)=O)cn3n2)n1,7.25,0.0,1
CHEMBL4439,COc1cccc(-c2nc(Nc3ccncc3F)c3ccc(F)n3n2)n1,7.06,0.0,1
CHEMBL4439,COc1cccc(-c2nc(Nc3ccncc3F)c3cccn3n2)n1,8.4,0.0,1
CHEMBL4439,COc1cccc(-c2nc(Nc3ccncc3N)c3cccn3n2)n1,7.7,0.0,1
CHEMBL4439,COc1cccc(-c2nc(Nc3ccncc3NC(=O)CN3CCOCC3)c3cccn3n2)n1,5.52,0.0,1
CHEMBL4439,COc1cccc(-c2nc(Nc3ccncc3NC(C)=O)c3cccn3n2)n1,6.75,0.0,1
CHEMBL4439,COc1cccc(-c2nc(Nc3ccncn3)c3cccn3n2)n1,7.26,0.0,1
CHEMBL4439,COc1cccc(-c2ncccc2-c2ccc3ncc(C#N)n3c2)n1,8.05,0.0,1
CHEMBL4439,COc1cccc(-c2ncccc2-c2ccc3ncc(C#N)n3n2)n1,7.37,0.0,1
CHEMBL4439,COc1cccc(-c2ncccc2-c2ccc3ncc(C(N)=O)n3c2)n1,9.0,0.0,1
CHEMBL4439,COc1cccc(-c2ncccc2-c2ccc3ncc(C(N)=O)n3n2)n1,7.68,0.0,1
CHEMBL4439,COc1cccc(/C=C\c2ccc3ncc(C(N)=O)n3c2)n1,7.82,0.0,1
CHEMBL4439,COc1ccccc1-c1nnn(-c2cccc(C)n2)c1-c1ccc2nccnc2c1,4.46,0.0,1
CHEMBL4439,COc1cnc(-c2cc(Cl)ccc2F)cc1Nc1ccncc1C(=O)NC[C@H](C)O,7.15,0.0,1
CHEMBL4439,COc1cnccc1-n1cc(N(c2nc(C(N)=O)c(-c3cc(C(C)=O)c[nH]3)s2)C2CC2)cn1,8.66,0.0,1
CHEMBL4439,COc1cnccc1Nc1nc(-c2ccc(F)c(C)n2)nc2[nH]ccc12,9.1,0.0,1
CHEMBL4439,COc1cnccc1Nc1nc(-c2cccc(C(F)(F)F)n2)nc2[nH]ccc12,8.77,0.0,1
CHEMBL4439,COc1nc(-c2nc(Nc3ccncc3F)c3cccn3n2)cs1,8.24,0.0,1
CHEMBL4439,COc1nccc(-c2nc(Nc3ccncc3F)c3cccn3n2)n1,6.28,0.0,1
CHEMBL4439,CS(=O)(=O)N(c1cc2c(Nc3ccncc3F)nc(-c3cccc(C(F)(F)F)n3)nn2c1)S(C)(=O)=O,7.28,0.0,1
CHEMBL4439,CS(=O)(=O)N1CCC(N2C[C@H]3C[C@@]3(c3ccc(-c4cnc(N)c(C(=O)N[C@H]5CC[C@H](O)CC5)c4)cc3)C2)CC1,6.25,0.0,1
CHEMBL4439,CS(=O)(=O)Nc1cc(Nc2nc(-c3cccc(C(F)(F)F)n3)nc3[nH]ccc23)ccn1,6.01,0.0,1
CHEMBL4439,CS(=O)(=O)Nc1cc(Nc2nc(-c3cccc(C(F)(F)F)n3)nn3cccc23)ccn1,5.4,0.0,1
CHEMBL4439,CS(=O)(=O)Nc1cccc(-c2nc(-n3ccc4cnccc43)c3cccn3n2)n1,7.48,0.0,1
CHEMBL4439,CS(=O)(=O)Nc1cccc(-c2nc(Nc3ccncc3)c3cccn3n2)n1,7.92,0.0,1
CHEMBL4439,CS(=O)(=O)Nc1cccc(-c2nc(Nc3ccncc3Cl)c3cc[nH]c3n2)n1,8.66,0.0,1
CHEMBL4439,CS(=O)(=O)Nc1cccc(-c2nc(Nc3ccncc3Cl)c3cccn3n2)n1,8.06,0.0,1
CHEMBL4439,CS(=O)(=O)Nc1cccc(-c2nc(Nc3ccncc3F)c3cccn3n2)n1,7.92,0.0,1
CHEMBL4439,CS(=O)(=O)Nc1cccc(-c2ncccc2-c2ccc3ncc(C#N)n3c2)n1,5.7,0.0,1
CHEMBL4439,CS(=O)(=O)Nc1cccc(-c2ncn(CC(F)F)c2-c2ccc3ncc(C#N)n3n2)c1,8.11,0.0,1
CHEMBL4439,CS(=O)(=O)Nc1ccccc1-c1ncn(CC(F)F)c1-c1ccc2ncc(C#N)n2n1,6.28,0.0,1
CHEMBL4439,CS(=O)(=O)c1ccc(-c2c(-c3ccccn3)nn3c2CCC3)cc1,4.71,0.0,1
CHEMBL4439,CS(=O)(=O)c1ccc(-c2cc(-c3c(-c4ccccn4)nc4n3[C@H]3CC[C@@H]4C3)ccn2)cc1,7.47,0.0,1
CHEMBL4439,CS(=O)(=O)c1cccc(-c2ncn(CC(F)F)c2-c2ccc3ncc(C#N)n3n2)c1,6.12,0.0,1
CHEMBL4439,CSc1nccc(-c2nc(-n3ccc4cnccc43)c3cccn3n2)n1,8.66,0.0,1
CHEMBL4439,CSc1nccc(-c2nc(Nc3ccncc3)c3cccn3n2)n1,8.16,0.0,1
CHEMBL4439,C[C@@H](NCc1ccn2nc(-c3ccccn3)nc(Nc3ccncc3F)c12)C(C)(C)C,8.48,0.0,1
CHEMBL4439,C[C@@H](O)Cn1cnc(-c2ccc(F)cc2)c1-c1ccc2ncc(C#N)n2c1,6.52,0.0,1
CHEMBL4439,C[C@@H](O)Cn1cnc(-c2ccc(F)cc2)c1-c1ccc2ncc(C(N)=O)n2c1,8.26,0.0,1
CHEMBL4439,C[C@@H](c1ccc(-c2cnc(N)c(C(=O)N[C@H]3CC[C@H](O)CC3)c2)cc1)N1CC2(COC2)C1,5.61,0.0,1
CHEMBL4439,C[C@@H]1CC(c2nn(C3CC3)cc2Oc2ccnc(Nc3ccnc(C(C)(C)O)c3)c2)C[C@H](C)O1,7.77,0.0,1
CHEMBL4439,C[C@@H]1CCCCN1c1cc(-c2ccc3c(N)n[nH]c3c2)nc(N)n1,5.1,0.0,1
CHEMBL4439,C[C@@H]1CCCN1Cc1ccc(-c2cnc(N)c(C(=O)N[C@H]3CC[C@H](O)CC3)c2)cc1,5.46,0.0,1
CHEMBL4439,C[C@@H]1CCCN1Cc1ccc(-c2cnc(N)c(C(=O)N[C@H]3CC[C@](C)(O)CC3)c2)c(Cl)c1,5.0,0.0,1
CHEMBL4439,C[C@@H]1CCCN1Cc1ccc(-c2cnc(N)c(C(=O)N[C@H]3CC[C@](C)(O)CC3)c2)c(F)c1,5.24,0.0,1
CHEMBL4439,C[C@@H]1CCCN1Cc1ccc(-c2cnc(N)c(C(=O)N[C@H]3CC[C@](C)(O)CC3)c2)c(F)c1F,5.0,0.0,1
CHEMBL4439,C[C@@H]1CCCN1Cc1ccc(-c2cnc(N)c(C(=O)N[C@H]3CC[C@](C)(O)CC3)c2)cc1,5.0,0.0,1
CHEMBL4439,C[C@@H]1CCCN1Cc1ccc(-c2cnc(N)c(C(=O)N[C@H]3CC[C@](C)(O)CC3)c2)cc1Cl,5.0,0.0,1
CHEMBL4439,C[C@@H]1CCCN1Cc1ccc(-c2cnc(N)c(C(=O)N[C@H]3CC[C@](C)(O)CC3)c2)cc1F,5.0,0.0,1
CHEMBL4439,C[C@@H]1CC[C@H](C(=O)Nc2ccccc2)CN1c1cc(-c2ccc3c(N)[nH]nc3c2)nc(N)n1,5.2,0.0,1
CHEMBL4439,C[C@@H]1CN(CCNC(=O)c2cnccc2Nc2nc(-c3ccccn3)nn3cccc23)C[C@H](C)O1,6.77,0.0,1
CHEMBL4439,C[C@@H]1C[C@@H](n2nc(C(F)(F)F)cc2Oc2ccnc(Nc3ccnc(C(C)(C)O)c3)c2)C[C@H](C)O1,7.05,0.0,1
CHEMBL4439,C[C@@H]1C[C@H](n2nc(C(F)(F)F)cc2Oc2ccnc(Nc3ccnc(C(C)(C)O)c3)c2)C[C@H](C)O1,5.98,0.0,1
CHEMBL4439,C[C@@H]1C[C@H](n2nc(C3CC3)cc2Oc2ccnc(Nc3ccnc(C(C)(C)O)c3)c2)C[C@H](C)O1,5.11,0.0,1
CHEMBL4439,C[C@H](O)CNC(=O)c1cnccc1Nc1cc(-c2cc(Cl)ccc2F)nc2[nH]ccc12,7.9,0.0,1
CHEMBL4439,C[C@H](O)CNC(=O)c1cnccc1Nc1cc(-c2cc(Cl)ccc2F)ncc1Br,6.6,0.0,1
CHEMBL4439,C[C@H](O)CNC(=O)c1cnccc1Nc1cc(-c2cc(Cl)ccc2F)ncc1C1CC1,7.98,0.0,1
CHEMBL4439,C[C@H](O)CNC(=O)c1cnccc1Nc1cc(-c2cc(Cl)ccc2F)ncc1N(C)C,7.38,0.0,1
CHEMBL4439,C[C@H](O)CNC(=O)c1cnccc1Nc1cc(-c2ccc(F)cc2F)nc2[nH]ccc12,7.8,0.0,1
CHEMBL4439,C[C@H](O)Cn1cnc(-c2ccc(F)cc2)c1-c1ccc2ncc(C#N)n2c1,6.9,0.0,1
CHEMBL4439,C[C@H](O)Cn1cnc(-c2ccc(F)cc2)c1-c1ccc2ncc(C(N)=O)n2c1,8.57,0.0,1
CHEMBL4439,C[C@H](c1ccc(-c2cnc(N)c(C(=O)NC34CC5CC(CC(O)(C5)C3)C4)c2)cc1)N1CC2(COC2)C1,5.0,0.0,1
CHEMBL4439,C[C@H](c1ccc(-c2cnc(N)c(C(=O)N[C@H]3CC[C@H](O)CC3)c2)c(Cl)c1)N1CC2(COC2)C1,5.3,0.0,1
CHEMBL4439,C[C@H](c1ccc(-c2cnc(N)c(C(=O)N[C@H]3CC[C@H](O)CC3)c2)cc1)N1CC2(COC2)C1,5.67,0.0,1
CHEMBL4439,C[C@H](c1ccc(-c2cnc(N)c(C(=O)N[C@H]3CC[C@](C)(O)CC3)c2)cc1)N1CC2(COC2)C1,5.04,0.0,1
CHEMBL4439,C[C@H](c1ccc(-c2cnc(N)c(C(=O)N[C@]3(C)CC[C@@H](O)CC3)c2)cc1)N1CC2(COC2)C1,5.0,0.0,1
CHEMBL4439,C[C@]1(O)CC[C@H](NC(=O)c2cc(-c3ccc([C@@]45C[C@@H]4CN(C4CCC(F)(F)CC4)C5)cc3)cnc2N)CC1,5.0,0.0,1
CHEMBL4439,C[C@]1(O)CC[C@H](NC(=O)c2cc(-c3ccc([C@@]45C[C@@H]4CN(C4CCOCC4)C5)cc3)cnc2N)CC1,5.0,0.0,1
CHEMBL4439,C[C@]1(O)CC[C@H](NC(=O)c2cc(-c3ccc([C@]45C[C@H]4CN(C4CCC(F)(F)CC4)C5)cc3)cnc2N)CC1,5.12,0.0,1
CHEMBL4439,C[C@]1(O)CC[C@H](NC(=O)c2cc(-c3ccc([C@]45C[C@H]4CN(C4CCOCC4)C5)cc3)cnc2N)CC1,5.06,0.0,1
CHEMBL4439,C[S+]([O-])c1ccc(-c2nc(-c3ccc(F)cc3)c(-c3ccncc3)[nH]2)cc1,4.869999999999999,0.49497474683058373,2
CHEMBL4439,C[S+]([O-])c1ccc(C2=NC(c3ccc(F)cc3)C(c3ccncc3)N2)cc1,5.22,0.0,1
CHEMBL4439,Cc1c[nH]c(-c2sc(N(c3cn[nH]c3)C3CC3)nc2C(N)=O)c1,5.49,0.0,1
CHEMBL4439,Cc1c[nH]c2nc(-c3cccc(C(F)(F)F)n3)nc(Nc3ccncc3F)c12,8.35,0.0,1
CHEMBL4439,Cc1c[nH]c2nc(-c3cccc(C(F)F)n3)nc(Nc3ccncc3F)c12,9.12,0.0,1
CHEMBL4439,Cc1cc(-c2ccc3c(N)n[nH]c3c2)nc(N)n1,5.1,0.0,1
CHEMBL4439,Cc1cc(-c2cnc3cc(-c4ccc(C5CNCCN5)cc4)ccn23)c2cc(F)cc(F)c2n1,6.14,0.0,1
CHEMBL4439,Cc1cc(-c2cnc3cc(-c4ccc(C5CNCCN5)cc4)ccn23)c2ccccc2n1,6.51,0.0,1
CHEMBL4439,Cc1cc(-c2cnc3cc(-c4ccc(N5CCNCC5)cc4)ccn23)c2cc(F)cc(F)c2n1,5.89,0.0,1
CHEMBL4439,Cc1cc(-c2cnc3cc(-c4ccc(N5CCNCC5)cc4)ccn23)c2cc(F)ccc2n1,5.9,0.0,1
CHEMBL4439,Cc1cc(-c2cnc3cc(-c4ccc(N5CCNCC5)cc4)ccn23)c2ccccc2n1,5.9,0.0,1
CHEMBL4439,Cc1cc(-c2cncc(-c3ccc(=O)n(C(C)C)c3)c2)cc2c1N(C)C(=O)C2,5.24,0.0,1
CHEMBL4439,Cc1cc(-c2cncc(-c3ccc4c(c3)CC(=O)N4C)c2)cn(C(C)C)c1=O,6.18,0.0,1
CHEMBL4439,Cc1cc(-c2coc3cc(-c4ccc(N5CCNCC5)cc4)cnc23)c2ccccc2n1,6.19,0.0,1
CHEMBL4439,Cc1cc(-c2nc(C)n(C)c2-c2ccc3ncsc3c2)ccc1F,8.17,0.0,1
CHEMBL4439,Cc1cc(-c2nc[nH]c2-c2ccc3cn[nH]c3c2)ccc1F,8.17,0.0,1
CHEMBL4439,Cc1cc(C(N)=O)cc(C)c1-c1nc(-c2ccn(C)n2)c(-c2ccc3ncsc3c2)[nH]1,6.4,0.0,1
CHEMBL4439,Cc1cc(C)nc(-c2ncccc2-c2ccc3ncc(C(N)=O)n3c2)c1,7.68,0.0,1
CHEMBL4439,Cc1cc(C)nc(-c2nn3c(c2-c2ccc4ncnn4c2/C=C/C(N)=O)CCC3)c1,5.49,0.0,1
CHEMBL4439,Cc1cc(CN2CCC[C@H]2C)ccc1-c1cnc(N)c(C(=O)N[C@H]2CC[C@](C)(O)CC2)c1,5.0,0.0,1
CHEMBL4439,Cc1cc(Nc2nc(-c3cccc(C(F)(F)F)n3)nn3cccc23)ccn1,6.18,0.0,1
CHEMBL4439,Cc1cc(Oc2ccnc(Nc3ccnc(C(C)(C)O)c3)c2)n(C2CCOCC2)n1,7.22,0.0,1
CHEMBL4439,Cc1ccc(-c2c(-c3cccc(C)n3)nn3c2CCC3)cc1,5.4,0.0,1
CHEMBL4439,Cc1ccc(-c2cc(-c3c[nH]nc3-c3ccccn3)ccn2)cc1,7.55,0.0,1
CHEMBL4439,Cc1ccc(-c2ccc3ncc(C(N)=O)n3c2)c(-c2cccc(C(F)F)n2)n1,7.89,0.0,1
CHEMBL4439,Cc1ccc(-c2nc(-n3ccc4cnccc43)c3cccn3n2)nc1,7.92,0.0,1
CHEMBL4439,Cc1ccc(-c2ncccc2-c2ccc3ncc(C#N)n3n2)nc1,5.28,0.0,1
CHEMBL4439,Cc1ccc(-c2ncccc2-c2ccc3ncc(C(N)=O)n3n2)nc1,5.28,0.0,1
CHEMBL4439,Cc1ccc(-c2ncn(CC(F)F)c2-c2ccc3ncc(C#N)n3n2)cc1,6.76,0.0,1
CHEMBL4439,Cc1ccc(-c2sc(N(c3cn[nH]c3)C3CC3)nc2C(N)=O)[nH]1,5.46,0.0,1
CHEMBL4439,Cc1ccc(-n2cc(N(c3nc(C(N)=O)c(-c4ccc[nH]4)s3)C3CC3)cn2)cc1,6.44,0.0,1
CHEMBL4439,Cc1ccc(-n2nc(C(F)(F)F)cc2Oc2ccnc(Nc3ccnc(C(C)(C)O)c3)c2)cc1,7.38,0.0,1
CHEMBL4439,Cc1ccc(F)c(-c2ccccc2-c2ccc3ncc(C(N)=O)n3c2)n1,7.92,0.0,1
CHEMBL4439,Cc1ccc(F)c(-c2nc(-n3ccc4cnccc43)c3cccn3n2)n1,7.75,0.0,1
CHEMBL4439,Cc1ccc(F)c(/C=C\c2ccc3ncc(C(N)=O)n3c2)n1,8.07,0.0,1
CHEMBL4439,Cc1ccc(NS(=O)(=O)c2c[nH]c3ncccc23)cc1,5.69,0.0,1
CHEMBL4439,Cc1ccc(NS(=O)(=O)c2c[nH]c3ncccc23)cc1F,5.66,0.0,1
CHEMBL4439,Cc1ccc(Nc2cc(Oc3cn(C4CC4)nc3C3CCOCC3)ccn2)cc1S(N)(=O)=O,7.8,0.0,1
CHEMBL4439,Cc1ccc(Oc2ccnc(Nc3ccc(C(C)(C)O)nc3)c2)c(C)n1,7.54,0.0,1
CHEMBL4439,Cc1ccc(Oc2ccnc(Nc3ccc(S(N)(=O)=O)cc3)c2)c(C2CCOCC2)n1,7.5,0.0,1
CHEMBL4439,Cc1ccc(Oc2ccnc(Nc3ccnc(C(C)(C)O)c3)c2)c(C(F)(F)F)n1,7.09,0.0,1
CHEMBL4439,Cc1ccc(Oc2ccnc(Nc3ccnc(C(C)(C)O)c3)c2)c(C)n1,7.68,0.0,1
CHEMBL4439,Cc1ccc(Oc2ccnc(Nc3ccnc(C(C)(C)O)c3)c2)c(C2CC2)n1,7.41,0.0,1
CHEMBL4439,Cc1ccc(Oc2ccnc(Nc3ccnc(C(C)(C)O)c3)c2)c(C2CCOCC2)n1,7.46,0.0,1
CHEMBL4439,Cc1ccc(Oc2ccnc(Nc3ccnc(C(C)(C)O)c3)c2)c(CC(C)C)n1,8.4,0.0,1
CHEMBL4439,Cc1ccc(S(=O)(=O)N2CCC(CCn3nc(-c4ccc5[nH]ccc5c4)c4c(N)ncnc43)CC2)cc1,6.74,0.0,1
CHEMBL4439,Cc1ccc2nccc(-c3sc(N)nc3-c3ccccn3)c2n1,6.42,0.0,1
CHEMBL4439,Cc1cccc(-c2[nH]c(C(C)(C)C)nc2-c2ccc3c(c2)OCO3)n1,7.33,0.0,2
CHEMBL4439,Cc1cccc(-c2[nH]c(C(C)(C)C)nc2-c2ccc3nccnc3c2)n1,7.84,0.0,1
CHEMBL4439,Cc1cccc(-c2[nH]c(C34CCC(C(N)=O)(CC3)CC4)nc2-c2ccc3c(c2)OCO3)n1,7.33,0.0,1
CHEMBL4439,Cc1cccc(-c2[nH]c(CNc3ccc(C#N)cc3)nc2-c2ccc3c(c2)OCO3)n1,7.34,0.0,1
CHEMBL4439,Cc1cccc(-c2[nH]c(CNc3ccc(C(N)=O)cc3)nc2-c2ccc3c(c2)OCO3)n1,7.68,0.0,1
CHEMBL4439,Cc1cccc(-c2[nH]c(CNc3ccc(C(N)=O)cc3)nc2-c2ccc3nccnc3c2)n1,7.12,0.0,1
CHEMBL4439,Cc1cccc(-c2[nH]c(CNc3cccc(C(N)=O)c3)nc2-c2ccc3nccnc3c2)n1,8.0,0.0,1
CHEMBL4439,Cc1cccc(-c2[nH]c(CNc3cccc(F)c3)nc2-c2ccc3[nH]ncc3c2)n1,8.4,0.0,1
CHEMBL4439,Cc1cccc(-c2[nH]c(CNc3ccccc3F)nc2-c2ccc3ncnn3c2)n1,8.093333333333334,0.29365512652316006,3
CHEMBL4439,Cc1cccc(-c2[nH]c(Cc3cccc(C(N)=O)c3)nc2-c2ccc3nccnc3c2)n1,7.87,0.4203569911396733,3
CHEMBL4439,Cc1cccc(-c2[nH]c(NCc3ccc(C#N)cc3)nc2-c2ccc3c(c2)OCO3)n1,7.62,0.0,1
CHEMBL4439,Cc1cccc(-c2[nH]c(NCc3ccccc3F)nc2-c2ccc3[nH]cnc3c2)n1,6.78,0.0,1
CHEMBL4439,Cc1cccc(-c2[nH]c(NCc3ccccc3F)nc2-c2ccc3[nH]ncc3c2)n1,7.05,0.0,1
CHEMBL4439,Cc1cccc(-c2[nH]c(NCc3ccccc3F)nc2-c2ccc3[nH]nnc3c2)n1,6.72,0.0,1
CHEMBL4439,Cc1cccc(-c2[nH]nc(C)c2-c2ccnc3ccccc23)n1,7.09,0.0,1
CHEMBL4439,Cc1cccc(-c2[nH]ncc2-c2ccc(Cl)cc2)n1,7.24,0.0,1
CHEMBL4439,Cc1cccc(-c2[nH]ncc2-c2ccc(F)c(F)c2)n1,6.82,0.0,1
CHEMBL4439,Cc1cccc(-c2[nH]ncc2-c2ccc(F)cc2)n1,7.16,0.0,1
CHEMBL4439,Cc1cccc(-c2[nH]ncc2-c2ccccc2)n1,6.26,0.0,1
CHEMBL4439,Cc1cccc(-c2[nH]ncc2-c2ccnc3ccccc23)n1,7.535,0.09192388155425078,2
CHEMBL4439,Cc1cccc(-c2c(F)cccc2-c2ccc3ncc(C(N)=O)n3c2)n1,7.09,0.0,1
CHEMBL4439,Cc1cccc(-c2cc(-c3c[nH]nc3-c3ccccn3)ccn2)c1,6.72,0.0,1
CHEMBL4439,Cc1cccc(-c2cc(C)sc2-c2ccc3ncc(C(N)=O)n3c2)n1,8.03,0.0,1
CHEMBL4439,Cc1cccc(-c2cc(F)ccc2-c2ccc3ncc(C(N)=O)n3c2)n1,7.46,0.0,1
CHEMBL4439,Cc1cccc(-c2cc(Nc3ccncc3)c3cc[nH]c3n2)n1,7.1,0.0,1
CHEMBL4439,Cc1cccc(-c2cc3ccccc3n2-c2ccc3ncc(C(N)=O)n3c2)n1,7.85,0.0,1
CHEMBL4439,Cc1cccc(-c2cc3nccn3cc2-c2ccc3ncc(C(N)=O)n3c2)n1,7.25,0.0,1
CHEMBL4439,Cc1cccc(-c2ccc(C#N)cc2-c2ccc3ncc(C(N)=O)n3c2)n1,7.14,0.0,1
CHEMBL4439,Cc1cccc(-c2ccc(C(N)=O)cc2-c2ccc3ncc(C(N)=O)n3c2)n1,7.2,0.0,1
CHEMBL4439,Cc1cccc(-c2ccc(F)cc2-c2ccc3ncc(C(=O)N(C)C)n3c2)n1,7.32,0.0,1
CHEMBL4439,Cc1cccc(-c2ccc(F)cc2-c2ccc3ncc(C(N)=O)n3c2)n1,7.8,0.0,1
CHEMBL4439,Cc1cccc(-c2ccc(OCc3ccccc3F)cc2-c2ccc3ncc(C(N)=O)n3c2)n1,7.89,0.0,1
CHEMBL4439,Cc1cccc(-c2ccc(Oc3ccccc3F)cc2-c2ccc3ncc(C(N)=O)n3c2)n1,7.41,0.0,1
CHEMBL4439,Cc1cccc(-c2cccc(F)c2-c2ccc3ncc(C(N)=O)n3c2)n1,7.35,0.0,1
CHEMBL4439,Cc1cccc(-c2ccccc2-c2ccc3[nH]ncc3c2)n1,5.89,0.0,1
CHEMBL4439,Cc1cccc(-c2ccccc2-c2ccc3nc(C)c(C(N)=O)n3c2)n1,5.53,0.0,1
CHEMBL4439,Cc1cccc(-c2ccccc2-c2ccc3nc[nH]c(=O)c3c2)n1,6.99,0.0,1
CHEMBL4439,Cc1cccc(-c2ccccc2-c2ccc3ncc(-c4nnn[nH]4)n3c2)n1,7.14,0.0,1
CHEMBL4439,Cc1cccc(-c2ccccc2-c2ccc3ncc(C#N)n3c2)n1,6.27,0.0,1
CHEMBL4439,Cc1cccc(-c2ccccc2-c2ccc3ncc(C(=N)N)n3c2)n1,6.24,0.0,1
CHEMBL4439,Cc1cccc(-c2ccccc2-c2ccc3ncc(C(=O)N(C)C)n3c2)n1,6.61,0.0,1
CHEMBL4439,Cc1cccc(-c2ccccc2-c2ccc3ncc(C(=O)NC4CC4)n3c2)n1,7.34,0.0,1
CHEMBL4439,Cc1cccc(-c2ccccc2-c2ccc3ncc(C(=O)NC4CCOCC4)n3c2)n1,6.94,0.0,1
CHEMBL4439,Cc1cccc(-c2ccccc2-c2ccc3ncc(C(=O)NCCN4CCOCC4)n3c2)n1,7.19,0.0,1
CHEMBL4439,Cc1cccc(-c2ccccc2-c2ccc3ncc(C(=O)NO)n3c2)n1,7.35,0.0,1
CHEMBL4439,Cc1cccc(-c2ccccc2-c2ccc3ncc(C(=O)O)n3c2)n1,6.72,0.0,1
CHEMBL4439,Cc1cccc(-c2ccccc2-c2ccc3ncc(C(N)=O)n3c2)n1,7.800000000000001,0.028284271247461613,2
CHEMBL4439,Cc1cccc(-c2ccccc2-c2ccc3ncc(C(N)=O)n3n2)n1,7.01,0.0,1
CHEMBL4439,Cc1cccc(-c2ccccc2-c2ccc3ncc(C(N)=O)nc3c2)n1,6.38,0.0,1
CHEMBL4439,Cc1cccc(-c2ccccc2-c2ccc3ncc(C)n3c2)n1,6.9,0.0,1
CHEMBL4439,Cc1cccc(-c2ccccc2-c2ccc3ncc(CN)n3c2)n1,5.24,0.0,1
CHEMBL4439,Cc1cccc(-c2ccccc2-c2ccc3ncc(N)n3c2)n1,6.25,0.0,1
CHEMBL4439,Cc1cccc(-c2ccccc2-c2ccc3ncc(NC=O)n3c2)n1,6.17,0.0,1
CHEMBL4439,Cc1cccc(-c2ccccc2-c2ccc3ncc(S(N)(=O)=O)n3c2)n1,6.24,0.0,1
CHEMBL4439,Cc1cccc(-c2ccccc2-c2ccc3nccc(C#N)c3c2)n1,6.19,0.0,1
CHEMBL4439,Cc1cccc(-c2ccccc2-c2ccc3nccn3c2)n1,6.84,0.0,1
CHEMBL4439,Cc1cccc(-c2ccccc2-c2ccc3ncnc(N)c3c2)n1,6.47,0.0,1
CHEMBL4439,Cc1cccc(-c2ccccc2-c2ccc3ncnn3c2)n1,6.44,0.0,1
CHEMBL4439,Cc1cccc(-c2ccccc2-c2ccc3nnc(C(N)=O)n3c2)n1,5.32,0.0,1
CHEMBL4439,Cc1cccc(-c2ccccc2-c2ccc3occ(C(N)=O)c3c2)n1,6.66,0.0,1
CHEMBL4439,Cc1cccc(-c2ccccc2-c2ccn3ncc(C(N)=O)c3c2)n1,7.28,0.0,1
CHEMBL4439,Cc1cccc(-c2cccn2-c2ccc3ncc(C(N)=O)n3c2)n1,7.89,0.0,1
CHEMBL4439,Cc1cccc(-c2cccnc2-c2ccc3ncc(C(N)=O)n3c2)n1,7.12,0.0,1
CHEMBL4439,Cc1cccc(-c2ccncc2-c2ccc3ncc(C(N)=O)n3c2)n1,6.96,0.0,1
CHEMBL4439,Cc1cccc(-c2ccsc2-c2ccc3ncc(C(N)=O)n3c2)n1,8.28,0.0,1
CHEMBL4439,Cc1cccc(-c2cncn2-c2ccc3ncc(C(N)=O)n3c2)n1,6.87,0.0,1
CHEMBL4439,Cc1cccc(-c2cncn2-c2ccc3ncnn3c2)n1,5.21,0.0,1
CHEMBL4439,Cc1cccc(-c2cnsc2-c2ccc3nccn3c2)n1,6.78,0.0,1
CHEMBL4439,Cc1cccc(-c2cscc2-c2ccc3ncc(C(N)=O)n3c2)n1,8.16,0.0,1
CHEMBL4439,Cc1cccc(-c2n[nH]cc2-c2ccc(F)c(-c3cnn(CCO)c3)c2)n1,8.6,0.0,1
CHEMBL4439,Cc1cccc(-c2n[nH]cc2-c2ccc(O)cc2)n1,7.51,0.0,1
CHEMBL4439,Cc1cccc(-c2n[nH]cc2-c2ccc3ncccc3n2)n1,7.913333333333333,0.42253205006642225,3
CHEMBL4439,Cc1cccc(-c2nc(-n3ccc4cnccc43)c3cccn3n2)n1,9.02,0.0,1
CHEMBL4439,Cc1cccc(-c2nc(C(C)C)[nH]c2-c2ccnc(-c3ccc(C(=O)NC4CCOCC4)cc3)c2)n1,7.6,0.0,1
CHEMBL4439,Cc1cccc(-c2nc(C(F)(F)F)ccc2-c2ccc3ncc(C#N)n3c2)n1,5.47,0.0,1
CHEMBL4439,Cc1cccc(-c2nc(C(F)(F)F)ccc2-c2ccc3ncc(C(N)=O)n3c2)n1,7.08,0.0,1
CHEMBL4439,Cc1cccc(-c2nc(C)ccc2-c2ccc3ncc(C#N)n3c2)n1,6.73,0.0,1
CHEMBL4439,Cc1cccc(-c2nc(C)ccc2-c2ccc3ncc(C(N)=O)n3c2)n1,7.82,0.0,1
CHEMBL4439,Cc1cccc(-c2nc(N)sc2-c2ccc3ncccc3n2)n1,7.7,0.0,1
CHEMBL4439,Cc1cccc(-c2nc(Nc3c(F)cncc3F)c3cccn3n2)n1,8.62,0.0,1
CHEMBL4439,Cc1cccc(-c2nc(Nc3ccc4[nH]ncc4c3)c3cccn3n2)n1,8.82,0.0,1
CHEMBL4439,Cc1cccc(-c2nc(Nc3ccnc4cc(C(F)(F)F)ccc34)c3cccn3n2)n1,8.85,0.0,1
CHEMBL4439,Cc1cccc(-c2nc(Nc3ccnc4ccc(Br)cc34)c3cccn3n2)n1,6.55,0.0,1
CHEMBL4439,Cc1cccc(-c2nc(Nc3ccnc4ccc(C(F)(F)F)cc34)c3cccn3n2)n1,6.03,0.0,1
CHEMBL4439,Cc1cccc(-c2nc(Nc3ccnc4ccc(Cl)cc34)c3cccn3n2)n1,8.33,0.0,1
CHEMBL4439,Cc1cccc(-c2nc(Nc3ccnc4ccc(F)cc34)c3cccn3n2)n1,8.18,0.0,1
CHEMBL4439,Cc1cccc(-c2nc(Nc3ccnc4ccccc34)c3cccn3n2)n1,7.54,0.0,1
CHEMBL4439,Cc1cccc(-c2nc(Nc3ccnc4cccnc34)c3cccn3n2)n1,8.29,0.0,1
CHEMBL4439,Cc1cccc(-c2nc(Nc3ccnc4ccncc34)c3cccn3n2)n1,8.36,0.0,1
CHEMBL4439,Cc1cccc(-c2nc(Nc3ccncc3)c3cc(C(=O)N(C)C)cn3n2)n1,6.89,0.0,1
CHEMBL4439,Cc1cccc(-c2nc(Nc3ccncc3)c3cc(C(=O)NCCCN4CCCC4)cn3n2)n1,7.12,0.0,1
CHEMBL4439,Cc1cccc(-c2nc(Nc3ccncc3)c3cc(C(=O)Nc4ccccc4)cn3n2)n1,8.11,0.0,1
CHEMBL4439,Cc1cccc(-c2nc(Nc3ccncc3)c3cc(C(N)=O)cn3n2)n1,8.0,0.0,1
CHEMBL4439,Cc1cccc(-c2nc(Nc3ccncc3)c3cccn3n2)n1,8.82,0.0,1
CHEMBL4439,Cc1cccc(-c2nc(Nc3ccncc3C(=O)N(C)CCN(C)C)c3cccn3n2)n1,6.96,0.0,1
CHEMBL4439,Cc1cccc(-c2nc(Nc3ccncc3C(=O)N3CCOCC3)c3cccn3n2)n1,7.52,0.0,1
CHEMBL4439,Cc1cccc(-c2nc(Nc3ccncc3C(=O)NC(C)(C)CO)c3cccn3n2)n1,7.47,0.0,1
CHEMBL4439,Cc1cccc(-c2nc(Nc3ccncc3C(=O)NC(C)C)c3cccn3n2)n1,7.35,0.0,1
CHEMBL4439,Cc1cccc(-c2nc(Nc3ccncc3C(=O)NC3CCOC3)c3cccn3n2)n1,7.55,0.0,1
CHEMBL4439,Cc1cccc(-c2nc(Nc3ccncc3C(=O)NC3CCOCC3)c3cccn3n2)n1,7.12,0.0,1
CHEMBL4439,Cc1cccc(-c2nc(Nc3ccncc3C(=O)NC3COC3)c3cccn3n2)n1,7.85,0.0,1
CHEMBL4439,Cc1cccc(-c2nc(Nc3ccncc3C(=O)NCC(C)(C)O)c3cccn3n2)n1,7.3,0.0,1
CHEMBL4439,Cc1cccc(-c2nc(Nc3ccncc3C(=O)NCC3(O)CCN(C)CC3)c3cccn3n2)n1,7.48,0.0,1
CHEMBL4439,Cc1cccc(-c2nc(Nc3ccncc3C(=O)NCCCN3CCCC3)c3cccn3n2)n1,8.4,0.0,1
CHEMBL4439,Cc1cccc(-c2nc(Nc3ccncc3C(=O)NCCCN3CCN(C)CC3)c3cccn3n2)n1,8.46,0.0,1
CHEMBL4439,Cc1cccc(-c2nc(Nc3ccncc3C(=O)NCCCN3CCS(=O)(=O)CC3)c3cccn3n2)n1,8.52,0.0,1
CHEMBL4439,Cc1cccc(-c2nc(Nc3ccncc3C(=O)NCCCO)c3cccn3n2)n1,8.32,0.0,1
CHEMBL4439,Cc1cccc(-c2nc(Nc3ccncc3C(=O)NCCN3CCCC3)c3cccn3n2)n1,8.28,0.0,1
CHEMBL4439,Cc1cccc(-c2nc(Nc3ccncc3C(=O)NCCN3CCCCC3)c3cccn3n2)n1,8.17,0.0,1
CHEMBL4439,Cc1cccc(-c2nc(Nc3ccncc3C(=O)NCCN3CCS(=O)(=O)CC3)c3cccn3n2)n1,7.66,0.0,1
CHEMBL4439,Cc1cccc(-c2nc(Nc3ccncc3C(=O)NC[C@H](O)CO)c3cccn3n2)n1,8.1,0.0,1
CHEMBL4439,Cc1cccc(-c2nc(Nc3ccncc3Cl)c3cccn3n2)n1,8.8,0.0,1
CHEMBL4439,Cc1cccc(-c2nc(Nc3ccncc3F)c3c(C)c[nH]c3n2)n1,9.6,0.0,1
CHEMBL4439,Cc1cccc(-c2nc(Nc3ccncc3F)c3c(CN4CCC(F)(F)CC4)ccn3n2)n1,9.6,0.0,1
CHEMBL4439,Cc1cccc(-c2nc(Nc3ccncc3F)c3c(CN4CCN(CCO)CC4)ccn3n2)n1,9.03,0.0,1
CHEMBL4439,Cc1cccc(-c2nc(Nc3ccncc3F)c3c(CN4CC[C@H](O)C4)ccn3n2)n1,9.31,0.0,1
CHEMBL4439,Cc1cccc(-c2nc(Nc3ccncc3F)c3cc[nH]c3n2)n1,9.15,0.0,1
CHEMBL4439,Cc1cccc(-c2nc(Nc3ccncc3F)c3ccc(C(=O)O)n3n2)n1,7.46,0.0,1
CHEMBL4439,Cc1cccc(-c2nc(Nc3ccncc3F)c3cccn3n2)n1,9.03,0.0,1
CHEMBL4439,Cc1cccc(-c2nc(Nc3ccncc3OCCCCN(C)C)c3cccn3n2)n1,7.52,0.0,1
CHEMBL4439,Cc1cccc(-c2nc(Nc3ccncc3OCCCN3CCOCC3)c3cccn3n2)n1,7.17,0.0,1
CHEMBL4439,Cc1cccc(-c2nc(Nc3ccncn3)c3cccn3n2)n1,8.66,0.0,1
CHEMBL4439,Cc1cccc(-c2nc3n(c2-c2cc4cnccc4s2)C2CCC3C2)n1,7.6,0.0,1
CHEMBL4439,Cc1cccc(-c2nc3n(c2-c2cc4cnccc4s2)CCN3)n1,8.21,0.0,1
CHEMBL4439,Cc1cccc(-c2nc3n(c2-c2ccc4ncc(OCCO)nc4c2)C2CCC3C2)n1,7.7,0.0,1
CHEMBL4439,Cc1cccc(-c2nc3n(c2-c2ccc4nccc(C(N)=O)c4c2)C2CCC3C2)n1,7.85,0.0,1
CHEMBL4439,Cc1cccc(-c2nc3n(c2-c2ccc4nccc(C(N)=O)c4c2)[C@@H]2CC[C@H]3C2)n1,7.8,0.0,1
CHEMBL4439,Cc1cccc(-c2nc3n(c2-c2ccc4nccc(C(N)=O)c4c2)[C@H]2CC[C@@H]3C2)n1,8.05,0.0,1
CHEMBL4439,Cc1cccc(-c2nc3n(c2-c2ccc4nccc(OC5CCNCC5)c4c2)C2CCC3C2)n1,7.22,0.0,1
CHEMBL4439,Cc1cccc(-c2nc3n(c2-c2ccc4nccnc4c2)C2CCC3C2)n1,7.58,0.0,1
CHEMBL4439,Cc1cccc(-c2nc3n(c2-c2ccc4nccnc4c2)[C@@H]2CC[C@H]3C2)n1,8.1,0.0,1
CHEMBL4439,Cc1cccc(-c2nc3n(c2-c2ccc4nccnc4c2)[C@H]2CC[C@@H]3C2)n1,8.15,0.0,1
CHEMBL4439,Cc1cccc(-c2nc3n(c2-c2ccc4ncnn4c2)C2CCC3C2)n1,7.8,0.0,1
CHEMBL4439,Cc1cccc(-c2nc3n(c2-c2ccc4nnc(C(N)=O)n4c2)[C@@H]2CC[C@H]3C2)n1,8.52,0.0,1
CHEMBL4439,Cc1cccc(-c2nc3n(c2-c2ccc4nnc(C(N)=O)n4c2)[C@H]2CC[C@@H]3C2)n1,8.52,0.0,1
CHEMBL4439,Cc1cccc(-c2nc3n(c2-c2ccnc(-c4ccc(C(=O)NC5CCOCC5)cc4)c2)C2CCC3C2)n1,7.42,0.0,1
CHEMBL4439,Cc1cccc(-c2nc3n(c2-c2ccnc(-c4ccc(C(=O)NC5CCOCC5)cc4)c2)[C@@H]2CC[C@H]3C2)n1,7.55,0.0,1
CHEMBL4439,Cc1cccc(-c2nc3n(c2-c2ccnc(-c4ccc(C(=O)NC5CCOCC5)cc4)c2)[C@H]2CC[C@@H]3C2)n1,7.55,0.0,1
CHEMBL4439,Cc1cccc(-c2nc3n(c2-c2ccnc(-c4ccc(C(N)=O)cc4)c2)C2CCC3C2)n1,7.54,0.0,1
CHEMBL4439,Cc1cccc(-c2nc3n(c2-c2ccnc(-c4ccc(C(N)=O)cc4)c2)[C@@H]2CC[C@H]3C2)n1,7.75,0.0,1
CHEMBL4439,Cc1cccc(-c2nc3n(c2-c2ccnc(-c4ccc(C(N)=O)cc4)c2)[C@H]2CC[C@@H]3C2)n1,8.7,0.0,1
CHEMBL4439,Cc1cccc(-c2nc3n(c2-c2ccnc(-c4ccc(S(C)(=O)=O)cc4)c2)[C@@H]2CC[C@H]3C2)n1,7.64,0.0,1
CHEMBL4439,Cc1cccc(-c2nc3n(c2-c2ccnc(-c4ccc(S(C)(=O)=O)cc4)c2)[C@H]2CC[C@@H]3C2)n1,8.4,0.0,1
CHEMBL4439,Cc1cccc(-c2nc3n(c2-c2ccnc(-c4ccc(S(N)(=O)=O)cc4)c2)[C@H]2CC[C@@H]3C2)n1,7.96,0.0,1
CHEMBL4439,Cc1cccc(-c2nc3n(c2-c2ccnc(-c4cnn(C)c4)c2)C2CCC3C2)n1,8.05,0.0,1
CHEMBL4439,Cc1cccc(-c2nc3n(c2-c2ccnc(-c4cnn(C)c4)c2)[C@@H]2CC[C@H]3C2)n1,8.15,0.0,1
CHEMBL4439,Cc1cccc(-c2nc3n(c2-c2ccnc(-c4cnn(C)c4)c2)[C@H]2CC[C@@H]3C2)n1,8.22,0.0,1
CHEMBL4439,Cc1cccc(-c2nc3n(c2-c2ccnc(-c4cnn(S(C)(=O)=O)c4)c2)C2CCC3C2)n1,7.68,0.0,1
CHEMBL4439,Cc1cccc(-c2nc3n(c2-c2ccnc(N)c2)C2CCC3C2)n1,8.05,0.0,1
CHEMBL4439,Cc1cccc(-c2nc3n(c2-c2ccnc(NC(=O)OC(C)(C)C)c2)C2CCC3C2)n1,7.26,0.0,1
CHEMBL4439,Cc1cccc(-c2nc3n(c2-c2ccnc(NCCN4CCOCC4)c2)[C@H]2CC[C@@H]3C2)n1,7.11,0.0,1
CHEMBL4439,Cc1cccc(-c2nc3n(c2-c2ccnc(NCCO)c2)C2CCC3C2)n1,7.23,0.0,1
CHEMBL4439,Cc1cccc(-c2nc3n(c2-c2ccnc(NCCO)c2)[C@H]2CC[C@@H]3C2)n1,7.34,0.0,1
CHEMBL4439,Cc1cccc(-c2nc3n(c2-c2ccnc(NC[C@H](C)O)c2)[C@H]2CC[C@@H]3C2)n1,7.1,0.0,1
CHEMBL4439,Cc1cccc(-c2nc3n(c2-c2ccnc(Nc4ccc(S(N)(=O)=O)cc4)c2)C2CCC3C2)n1,7.51,0.0,1
CHEMBL4439,Cc1cccc(-c2nc3n(c2-c2ccnc4ccc(C(N)=O)cc24)C2CCC3C2)n1,7.07,0.0,1
CHEMBL4439,Cc1cccc(-c2ncc(F)cc2-c2ccc3ncc(C#N)n3c2)n1,7.8,0.0,1
CHEMBL4439,Cc1cccc(-c2ncc(F)cc2-c2ccc3ncc(C(N)=O)n3c2)n1,9.0,0.0,1
CHEMBL4439,Cc1cccc(-c2ncc(N)cc2-c2ccc3ncc(C(=O)O)n3c2)n1,8.4,0.0,1
CHEMBL4439,Cc1cccc(-c2ncc(N)cc2-c2ccc3ncc(C(N)=O)n3c2)n1,8.7,0.0,1
CHEMBL4439,Cc1cccc(-c2nccc(C(F)F)c2-c2ccc3ncc(C#N)n3c2)n1,4.82,0.0,1
CHEMBL4439,Cc1cccc(-c2nccc(C(F)F)c2-c2ccc3ncc(C(N)=O)n3c2)n1,4.82,0.0,1
CHEMBL4439,Cc1cccc(-c2nccc(CO)c2-c2ccc3ncc(C#N)n3c2)n1,6.31,0.0,1
CHEMBL4439,Cc1cccc(-c2nccc(N)c2-c2ccc3ncc(C(N)=O)n3c2)n1,8.3,0.0,1
CHEMBL4439,Cc1cccc(-c2ncccc2-c2ccc3nc(C(N)=O)cn3c2)n1,5.99,0.0,1
CHEMBL4439,Cc1cccc(-c2ncccc2-c2ccc3ncc(C#N)n3n2)n1,7.46,0.0,1
CHEMBL4439,Cc1cccc(-c2ncccc2-c2ccc3ncc(C(=O)NC4CC4)n3n2)n1,7.6,0.0,1
CHEMBL4439,Cc1cccc(-c2ncccc2-c2ccc3ncc(C(=O)NC4COC4)n3n2)n1,6.97,0.0,1
CHEMBL4439,Cc1cccc(-c2ncccc2-c2ccc3ncc(C(=O)NCC(F)(F)F)n3c2)n1,8.15,0.0,1
CHEMBL4439,Cc1cccc(-c2ncccc2-c2ccc3ncc(C(=O)NCC(F)F)n3c2)n1,8.4,0.0,1
CHEMBL4439,Cc1cccc(-c2ncccc2-c2ccc3ncc(C(=O)O)n3c2)n1,8.4,0.0,1
CHEMBL4439,Cc1cccc(-c2ncccc2-c2ccc3ncc(C(=O)O)n3n2)n1,7.58,0.0,1
CHEMBL4439,Cc1cccc(-c2ncccc2-c2ccc3ncc(C(N)=O)n3n2)n1,7.72,0.0,1
CHEMBL4439,Cc1cccc(-c2ncccc2-c2ccc3ncc(NC(=O)C(F)(F)F)n3c2)n1,7.43,0.0,1
CHEMBL4439,Cc1cccc(-c2ncccc2-c2ccc3nccn3c2)n1,8.52,0.0,1
CHEMBL4439,Cc1cccc(-c2ncccc2-c2ccc3nccnc3c2)n1,8.05,0.0,1
CHEMBL4439,Cc1cccc(-c2ncccc2-c2ccn3ncc(C#N)c3n2)n1,7.23,0.0,1
CHEMBL4439,Cc1cccc(-c2ncccc2-c2ccn3ncc(C(=O)NC4CC4)c3n2)n1,7.48,0.0,1
CHEMBL4439,Cc1cccc(-c2ncccc2-c2ccn3ncc(C(=O)NC4COC4)c3n2)n1,7.54,0.0,1
CHEMBL4439,Cc1cccc(-c2ncccc2-c2ccn3ncc(C(N)=O)c3n2)n1,8.22,0.0,1
CHEMBL4439,Cc1cccc(-c2ncccc2-c2ccn3nccc3n2)n1,8.3,0.0,1
CHEMBL4439,Cc1cccc(-c2nccn2-c2ccc3ncc(C(N)=O)n3c2)n1,8.15,0.0,1
CHEMBL4439,Cc1cccc(-c2ncn(C)c2-c2ccc3nccn3c2)c1,7.77,0.0,1
CHEMBL4439,Cc1cccc(-c2ncn(C)c2-c2ccc3nccnc3c2)c1,8.82,0.0,1
CHEMBL4439,Cc1cccc(-c2ncn(CC(F)F)c2-c2ccc3ncc(C(N)=O)n3c2)n1,9.15,0.0,1
CHEMBL4439,Cc1cccc(-c2ncn(CC(F)F)c2-c2ccc3nccn3c2)n1,9.0,0.0,1
CHEMBL4439,Cc1cccc(-c2nn(C(=S)Nc3ccccc3)cc2-c2ccnc3ccccc23)n1,7.92,0.0,1
CHEMBL4439,Cc1cccc(-c2nn(C(C)C)cc2-c2ccc3ncnn3c2/C=C/C(N)=O)n1,6.37,0.0,1
CHEMBL4439,Cc1cccc(-c2nn(C)c(C)c2-c2ccc3ncnn3c2/C=C/C(N)=O)n1,6.6,0.0,1
CHEMBL4439,Cc1cccc(-c2nn(C3CC3)cc2-c2ccnc(-c3ccc(S(C)(=O)=O)cc3)c2)n1,6.57,0.0,1
CHEMBL4439,Cc1cccc(-c2nn(C3CCC3)cc2-c2ccnc(-c3ccc(S(C)(=O)=O)cc3)c2)n1,6.68,0.0,1
CHEMBL4439,Cc1cccc(-c2nn(C3CCCC3)cc2-c2ccc3ncnn3c2/C=C/C(N)=O)n1,6.56,0.0,1
CHEMBL4439,Cc1cccc(-c2nn(C3CCCC3)cc2-c2ccnc(-c3ccc(S(C)(=O)=O)cc3)c2)n1,6.62,0.0,1
CHEMBL4439,Cc1cccc(-c2nn(CC(=O)Nc3ccccc3)cc2-c2cc3cnccc3s2)n1,7.41,0.0,1
CHEMBL4439,Cc1cccc(-c2nn(CC(=S)Nc3cccc(F)c3)cc2-c2cc3cnccc3s2)n1,6.9,0.0,1
CHEMBL4439,Cc1cccc(-c2nn(CC(=S)Nc3cccc(F)c3)cc2-c2ccc3nsnc3c2)n1,7.52,0.0,1
CHEMBL4439,Cc1cccc(-c2nn(Cc3cccc(C#N)c3)cc2-c2ccc3ncnn3c2CCC(N)=O)n1,6.65,0.0,1
CHEMBL4439,Cc1cccc(-c2nn(Cc3cccc(C(F)F)c3)cc2-c2ccc3ncnn3c2/C=C/C(N)=O)n1,6.79,0.0,1
CHEMBL4439,Cc1cccc(-c2nn([C@@H]3CCN(S(C)(=O)=O)C3)cc2-c2ccnc(-c3ccc(S(C)(=O)=O)cc3)c2)n1,6.43,0.0,1
CHEMBL4439,Cc1cccc(-c2nn3c(c2-c2ccc(F)c(F)c2)CCC3)n1,6.46,0.0,1
CHEMBL4439,Cc1cccc(-c2nn3c(c2-c2ccc(F)cc2)CCC3)n1,5.88,0.0,1
CHEMBL4439,Cc1cccc(-c2nn3c(c2-c2ccc(O)cc2)CCC3)n1,7.33,0.0,1
CHEMBL4439,Cc1cccc(-c2nn3c(c2-c2ccc4c(c2)ncn4C)CCC3)n1,5.77,0.0,1
CHEMBL4439,Cc1cccc(-c2nn3c(c2-c2ccc4nccc(C(N)=O)c4c2)C2CCC3CC2)n1,7.68,0.0,1
CHEMBL4439,Cc1cccc(-c2nn3c(c2-c2ccc4ncccc4c2/C=C/C(N)=O)CCC3)n1,6.01,0.0,1
CHEMBL4439,Cc1cccc(-c2nn3c(c2-c2ccc4nccn4c2/C=C/C(N)=O)CCC3)n1,5.99,0.0,1
CHEMBL4439,Cc1cccc(-c2nn3c(c2-c2ccc4ncn(CCCN5CCOCC5)c4c2)CCC3)n1,7.16,0.0,1
CHEMBL4439,Cc1cccc(-c2nn3c(c2-c2ccc4ncn(CCCO)c4c2)CCC3)n1,7.39,0.0,1
CHEMBL4439,Cc1cccc(-c2nn3c(c2-c2ccc4ncnn4c2)C2CCC3CC2)n1,8.05,0.0,1
CHEMBL4439,Cc1cccc(-c2nn3c(c2-c2ccc4ncnn4c2/C=C/C(=O)NC2CC2)CCC3)n1,6.55,0.0,1
CHEMBL4439,Cc1cccc(-c2nn3c(c2-c2ccc4ncnn4c2/C=C/C(=O)NCCO)CCC3)n1,6.55,0.0,1
CHEMBL4439,Cc1cccc(-c2nn3c(c2-c2ccc4ncnn4c2/C=C/C(=O)NO)CCC3)n1,7.38,0.0,1
CHEMBL4439,Cc1cccc(-c2nn3c(c2-c2ccc4ncnn4c2/C=C/C(=O)O)CCC3)n1,7.12,0.0,1
CHEMBL4439,Cc1cccc(-c2nn3c(c2-c2ccc4ncnn4c2/C=C/C(C)(C)O)CCC3)n1,7.08,0.0,1
CHEMBL4439,Cc1cccc(-c2nn3c(c2-c2ccc4ncnn4c2/C=C/C(N)=O)CCC3)n1,7.4,0.0,1
CHEMBL4439,Cc1cccc(-c2nn3c(c2-c2ccc4ncnn4c2/C=C/C(N)=O)CCCC3)n1,6.87,0.0,1
CHEMBL4439,Cc1cccc(-c2nn3c(c2-c2ccc4ncnn4c2C(N)=O)CCC3)n1,5.37,0.0,1
CHEMBL4439,Cc1cccc(-c2nn3c(c2-c2ccc4ncnn4c2CCC(N)=O)CCC3)n1,6.03,0.0,1
CHEMBL4439,Cc1cccc(-c2nn3c(c2-c2ccc4ncnn4c2CNc2cc[nH]n2)CCC3)n1,6.44,0.0,1
CHEMBL4439,Cc1cccc(-c2nn3c(c2-c2ccc4ncsc4c2/C=C/C(N)=O)CCC3)n1,6.68,0.0,1
CHEMBL4439,Cc1cccc(-c2nn3c(c2-c2ccnc(-c4ccc(S(C)(=O)=O)cc4)c2)C2CCC3CC2)n1,7.47,0.0,1
CHEMBL4439,Cc1cccc(-c2nn3c(c2-c2ccnc(-c4cccc(C(N)=O)c4)c2)CCC3)n1,5.46,0.0,1
CHEMBL4439,Cc1cccc(-c2nn3c(c2-c2ccnc(Nc4ccc(C(N)=O)cc4)c2)CCC3)n1,7.04,0.0,1
CHEMBL4439,Cc1cccc(-c2nn3c(c2-c2ccnc(Nc4ccc(S(N)(=O)=O)cc4)c2)CCC3)n1,7.08,0.0,1
CHEMBL4439,Cc1cccc(-c2nn3c(c2-c2ccnc4cc(Cl)ccc24)CCC3)n1,7.32,0.0,1
CHEMBL4439,Cc1cccc(-c2nn3c(c2-c2ccnc4ccc(C(N)=O)cc24)C2CCC3C2)n1,7.92,0.0,1
CHEMBL4439,Cc1cccc(-c2nn3c(c2-c2ccnc4ccc(C(N)=O)cc24)C2CCC3CC2)n1,7.92,0.0,1
CHEMBL4439,Cc1cccc(-c2nn3c(c2-c2ccnc4ccc(C(N)=O)cc24)CCC3)n1,6.9399999999999995,0.29297326385411593,7
CHEMBL4439,Cc1cccc(-c2nn3c(c2-c2ccnc4ccc(C(N)=O)cc24)[C@@H]2CC[C@H]3C2)n1,7.6,0.0,1
CHEMBL4439,Cc1cccc(-c2nn3c(c2-c2ccnc4ccc(C(N)=O)cc24)[C@H]2CC[C@@H]3C2)n1,7.41,0.0,1
CHEMBL4439,Cc1cccc(-c2nn3c(c2-c2ccnc4ccccc24)CCC3)n1,7.11,0.0,1
CHEMBL4439,Cc1cccc(-n2cc(-c3ccc4ncnn4c3)nc2CNc2ccccc2F)n1,7.96,0.0,1
CHEMBL4439,Cc1cccc(-n2cc(N(c3nc(C(N)=O)c(-c4ccc[nH]4)s3)C3CC3)cn2)c1,6.64,0.0,1
CHEMBL4439,Cc1cccc(-n2cccc2-c2ccc3ncc(C(=O)N(C)C)n3c2)n1,6.98,0.0,1
CHEMBL4439,Cc1cccc(-n2cccc2-c2ccc3ncc(C(N)=O)n3c2)n1,7.72,0.0,1
CHEMBL4439,Cc1cccc(-n2nc(C)c(C)c2-c2cc3cnccc3s2)n1,7.45,0.0,1
CHEMBL4439,Cc1cccc(-n2nc(C)cc2-c2cc3cnccc3s2)n1,7.03,0.0,1
CHEMBL4439,Cc1cccc(-n2nc(C)cc2-c2ccc3ncn(C)c(=O)c3c2)n1,8.52,0.0,1
CHEMBL4439,Cc1cccc(-n2nc3c(c2-c2cc4ccncc4s2)CCC3)n1,7.72,0.0,1
CHEMBL4439,Cc1cccc(-n2nc3c(c2-c2cc4cnccc4s2)CCC3)n1,7.89,0.0,1
CHEMBL4439,Cc1cccc(-n2nc3c(c2-c2ccc4nc[nH]c(=O)c4c2)CCC3)n1,8.3,0.0,1
CHEMBL4439,Cc1cccc(-n2ncc(C)c2-c2cc3ccncc3s2)n1,8.1,0.0,1
CHEMBL4439,Cc1cccc(-n2ncc(C)c2-c2cc3cnccc3s2)n1,8.18,0.0,1
CHEMBL4439,Cc1cccc(-n2ncc(C)c2-c2ccc3nc[nH]c(=O)c3c2)n1,9.0,0.0,1
CHEMBL4439,Cc1cccc(-n2ncc(C)c2-c2ccc3ncn(C)c(=O)c3c2)n1,8.4,0.0,1
CHEMBL4439,Cc1cccc(-n2nccc2-c2cc3cnccc3s2)n1,7.63,0.0,1
CHEMBL4439,Cc1cccc(-n2nccc2-c2ccc3nc[nH]c(=O)c3c2)n1,8.22,0.0,1
CHEMBL4439,Cc1cccc(-n2nccc2-c2ccc3ncn(C)c(=O)c3c2)n1,7.89,0.0,1
CHEMBL4439,Cc1cccc(-n2nnc(CCC(C)C)c2-c2ccc3nccnc3c2)n1,5.07,0.0,1
CHEMBL4439,Cc1cccc(-n2nnc(CCCCO)c2-c2ccc3nccnc3c2)n1,4.29,0.0,1
CHEMBL4439,Cc1cccc(-n2nnc(Cc3ccccc3)c2-c2ccc3nccnc3c2)n1,5.33,0.0,1
CHEMBL4439,Cc1cccc(/C=C(/C(=O)N2CCCCC2)c2ccc3ncc(C#N)n3c2)n1,5.31,0.0,1
CHEMBL4439,Cc1cccc(/C=C(/C(=O)N2CCCCC2)c2ccc3ncc(C(N)=O)n3c2)n1,7.24,0.0,1
CHEMBL4439,Cc1cccc(/C=C(/C(=O)O)c2ccc3ncc(C(N)=O)n3c2)n1,6.84,0.8909545442950497,2
CHEMBL4439,Cc1cccc(/C=C(/C(=O)OC(C)(C)C)c2ccc3ncc(C(N)=O)n3c2)n1,8.18,0.0,1
CHEMBL4439,Cc1cccc(/C=C(/C(N)=O)c2ccc3ncc(C(N)=O)n3c2)n1,6.48,0.0,1
CHEMBL4439,Cc1cccc(/C=C/c2ccc3ncc(C(N)=O)n3c2)n1,6.43,0.0,1
CHEMBL4439,Cc1cccc(/C=C\c2ccc3ncc(-c4nnn[nH]4)n3c2)n1,7.68,0.0,1
CHEMBL4439,Cc1cccc(/C=C\c2ccc3ncc(C#N)n3c2)n1,7.6,0.0,1
CHEMBL4439,Cc1cccc(/C=C\c2ccc3ncc(C(=O)NC4CC4)n3c2)n1,7.77,0.0,1
CHEMBL4439,Cc1cccc(/C=C\c2ccc3ncc(C(=O)NCCN4CCOCC4)n3c2)n1,7.36,0.0,1
CHEMBL4439,Cc1cccc(/C=C\c2ccc3ncc(C(=O)NOC4CCCCO4)n3c2)n1,7.46,0.0,1
CHEMBL4439,Cc1cccc(/C=C\c2ccc3ncc(C(N)=O)n3c2)n1,7.96,0.19798989873223286,2
CHEMBL4439,Cc1cccc(/C=C\c2ccc3ncc(C(N)=O)nc3c2)n1,7.11,0.0,1
CHEMBL4439,Cc1cccc(/C=C\c2ccn3ncc(C(N)=O)c3c2)n1,8.29,0.0,1
CHEMBL4439,Cc1cccc(C2=C(c3ccc4ncc(C(N)=O)n4c3)CCCC2)n1,7.32,0.0,1
CHEMBL4439,Cc1cccc(NS(=O)(=O)c2c[nH]c3ncccc23)n1,6.06,0.0,1
CHEMBL4439,Cc1cccc2c(Nc3nc(Nc4cc(CN5CCNCC5)ccc4F)ncc3F)cnnc12,8.0,0.0,1
CHEMBL4439,Cc1cccc2ccc(-c3sc(N)nc3-c3ccccn3)nc12,7.52,0.0,1
CHEMBL4439,Cc1ccccc1-c1cc(-c2c[nH]nc2-c2ccccn2)ccn1,5.4,0.0,1
CHEMBL4439,Cc1ccccc1-n1cc(N(c2nc(C(N)=O)c(-c3ccc[nH]3)s2)C2CC2)cn1,6.99,0.0,1
CHEMBL4439,Cc1ccccc1NS(=O)(=O)c1c[nH]c2ncccc12,5.5,0.0,1
CHEMBL4439,Cc1cccnc1-c1nc(N)sc1-c1ccc2ncccc2n1,8.22,0.0,1
CHEMBL4439,Cc1ccn(-c2ccccc2-c2ccc3ncc(C(N)=O)n3c2)n1,6.47,0.0,1
CHEMBL4439,Cc1ccnc(-c2ccccc2-c2ccc3ncc(C(N)=O)n3c2)n1,6.84,0.0,1
CHEMBL4439,Cc1ccnc(-c2nc(Nc3ccncc3F)c3cccn3n2)c1,5.77,0.0,1
CHEMBL4439,Cc1ccnc2ccc(-c3sc(N)nc3-c3ccccn3)nc12,7.52,0.0,1
CHEMBL4439,Cc1cnc(-c2cc(Cl)ccc2F)cc1-n1c(=O)n(C)c2cnccc21,7.5,0.0,1
CHEMBL4439,Cc1cnc(-c2cc(Cl)ccc2F)cc1-n1c(=O)n(CC(N)=O)c2cnccc21,6.903333333333333,0.6058327602014713,3
CHEMBL4439,Cc1cnc(CNCc2ccn3nc(-c4ccccn4)nc(Nc4ccncc4F)c23)cn1,8.59,0.0,1
CHEMBL4439,Cc1cncc(-c2ccccc2-c2ccc3ncc(C(N)=O)n3c2)n1,6.49,0.0,1
CHEMBL4439,Cc1cncc(-c2nc(Nc3ccncc3Cl)c3cccn3n2)n1,7.17,0.0,1
CHEMBL4439,Cc1cncc(-c2nc(Nc3ccncc3F)c3cccn3n2)n1,7.02,0.0,1
CHEMBL4439,Cc1cnccc1Nc1nc(-c2ccc(F)c(C)n2)nc2[nH]ccc12,9.0,0.0,1
CHEMBL4439,Cc1cnccc1Nc1nc(-c2cccc(C(F)(F)F)n2)nc2[nH]ccc12,9.06,0.0,1
CHEMBL4439,Cc1coc(-c2ccccc2-c2ccc3ncc(C(N)=O)n3c2)n1,7.13,0.0,1
CHEMBL4439,Cc1csc(-c2ccccc2-c2ccc3ncc(C(N)=O)n3c2)n1,7.42,0.0,1
CHEMBL4439,Cc1csc(-c2nc(-c3ccc(C(N)=O)cc3)[nH]c2-c2ccc3c(c2)OCO3)n1,7.27,0.0,1
CHEMBL4439,Cc1csc(-c2nc(C(=O)O)[nH]c2-c2ccc3c(c2)OCO3)n1,6.72,0.0,1
CHEMBL4439,Cc1csc(-c2nc(C(C)(C)C)[nH]c2-c2ccc3ncsc3c2)n1,7.85,0.0,1
CHEMBL4439,Cc1csc(-c2nc(C(C)C)[nH]c2-c2ccc3ncsc3c2)n1,8.09,0.0,1
CHEMBL4439,Cc1csc(-c2nc(C(F)(F)F)[nH]c2-c2ccc3ncsc3c2)n1,8.24,0.0,1
CHEMBL4439,Cc1csc(-c2nc(C)[nH]c2-c2ccc3ncsc3c2)n1,8.24,0.0,1
CHEMBL4439,Cc1csc(-c2nc(C3CC3)[nH]c2-c2ccc3ncsc3c2)n1,8.06,0.0,1
CHEMBL4439,Cc1csc(-c2nc(C3CCC(=O)CC3)[nH]c2-c2ccc3ncsc3c2)n1,7.64,0.0,1
CHEMBL4439,Cc1csc(-c2nc(C3CCCC3)[nH]c2-c2ccc3ncsc3c2)n1,8.06,0.0,1
CHEMBL4439,Cc1csc(-c2nc(C3CCCCC3)[nH]c2-c2ccc3ncsc3c2)n1,7.92,0.0,1
CHEMBL4439,Cc1csc(-c2nc(C3CCNCC3)[nH]c2-c2ccc3ncsc3c2)n1,6.62,0.0,1
CHEMBL4439,Cc1csc(-c2nc(C3CCOCC3)[nH]c2-c2ccc3ncsc3c2)n1,7.68,0.0,1
CHEMBL4439,Cc1csc(-c2nc(CC(C)C)[nH]c2-c2ccc3ncsc3c2)n1,8.05,0.0,1
CHEMBL4439,Cc1csc(-c2nc(CCC(=O)O)[nH]c2-c2ccc3c(c2)OCO3)n1,6.28,0.0,1
CHEMBL4439,Cc1csc(-c2nc(CCCC(=O)O)[nH]c2-c2ccc3c(c2)OCO3)n1,6.89,0.0,1
CHEMBL4439,Cc1csc(-c2nc(CCCCC(=O)Nc3ccccc3)[nH]c2-c2ccc3c(c2)OCO3)n1,6.77,0.0,1
CHEMBL4439,Cc1csc(-c2nc(CCCCC(=O)O)[nH]c2-c2ccc3c(c2)OCO3)n1,7.52,0.0,1
CHEMBL4439,Cc1csc(-c2nc(CCCCC(N)=O)[nH]c2-c2ccc3c(c2)OCO3)n1,6.96,0.0,1
CHEMBL4439,Cc1csc(-c2nc(CCCCC(N)=O)[nH]c2-c2ccc3ncsc3c2)n1,8.08,0.0,1
CHEMBL4439,Cc1csc(-c2nc(CCCN)[nH]c2-c2ccc3c(c2)OCO3)n1,6.09,0.0,1
CHEMBL4439,Cc1csc(-c2nc(CCN)[nH]c2-c2ccc3c(c2)OCO3)n1,5.66,0.0,1
CHEMBL4439,Cc1csc(-c2nc(CN)[nH]c2-c2ccc3c(c2)OCO3)n1,6.1,0.0,1
CHEMBL4439,Cc1csc(-c2nc(CN3CCCC3=O)[nH]c2-c2ccc3ncsc3c2)n1,7.58,0.0,1
CHEMBL4439,Cc1csc(-c2nc(CN3CCOC3=O)[nH]c2-c2ccc3ncsc3c2)n1,8.09,0.0,1
CHEMBL4439,Cc1csc(-c2nc(CNC(=O)OC(C)C)[nH]c2-c2ccc3ncsc3c2)n1,8.07,0.0,1
CHEMBL4439,Cc1csc(-c2nc(CNC(=O)OCC(C)(C)C)[nH]c2-c2ccc3ncsc3c2)n1,8.03,0.0,1
CHEMBL4439,Cc1csc(-c2nc(CNC(=O)OCC(C)C)[nH]c2-c2ccc3ncsc3c2)n1,8.26,0.0,1
CHEMBL4439,Cc1csc(-c2nc(CNC(=O)c3ccccc3)[nH]c2-c2ccc3c(c2)OCO3)n1,6.82,0.0,1
CHEMBL4439,Cc1csc(-c2nc(N)[nH]c2-c2ccc3c(c2)OCO3)n1,7.05,0.0,1
CHEMBL4439,Cc1csc(-c2nc(Nc3ccncc3)c3cccn3n2)n1,8.82,0.0,1
CHEMBL4439,Cc1csc(-c2nc(Nc3ccncc3Cl)c3cccn3n2)n1,9.04,0.0,1
CHEMBL4439,Cc1csc(-c2nc(Nc3ccncc3F)c3cccn3n2)n1,9.1,0.0,1
CHEMBL4439,Cc1csc(-c2nc[nH]c2-c2ccc3ncsc3c2)n1,8.565000000000001,0.007071067811865952,2
CHEMBL4439,Cc1csc(-c2ncccc2-c2ccc3ncc(C(N)=O)n3c2)n1,7.68,0.0,1
CHEMBL4439,Cc1csc(/C=C\c2ccc3ncc(C(N)=O)n3c2)n1,7.48,0.0,1
CHEMBL4439,Cc1nc(-c2cc(F)c(F)c(F)c2)c(-c2ccc3ncsc3c2)[nH]1,6.24,0.0,1
CHEMBL4439,Cc1nc(-c2ccc(F)cc2)c(-c2ccc3[nH]ncc3c2)n1CC(F)F,7.53,0.0,1
CHEMBL4439,Cc1nc(-c2ccc(F)cc2)c(-c2ccc3ncc(C#N)n3c2)n1CC(F)F,6.6,0.0,1
CHEMBL4439,Cc1nc(-c2ccc(F)cc2)c(-c2ccc3ncc(C#N)n3n2)n1CC(F)F,6.6,0.0,1
CHEMBL4439,Cc1nc(-c2ccc(F)cc2)c(-c2ccc3ncc(C(N)=O)n3c2)n1CC(F)F,7.98,0.0,1
CHEMBL4439,Cc1nc(-c2ccc(F)cc2)c(-c2ccc3nccn3c2)n1CC(F)F,6.76,0.0,1
CHEMBL4439,Cc1nc(-c2cccc(Cl)c2)c(-c2ccc3cn[nH]c3c2)[nH]1,8.62,0.0,1
CHEMBL4439,Cc1nc(-c2cccc(Cl)c2)c(-c2ccc3ncccc3c2)[nH]1,9.05,0.0,1
CHEMBL4439,Cc1nc(-c2ccccc2-c2ccc3ncc(C(N)=O)n3c2)ccc1Cl,6.71,0.0,1
CHEMBL4439,Cc1nc(-c2ccccc2-c2ccc3ncc(C(N)=O)n3c2)ccc1F,7.75,0.0,1
CHEMBL4439,Cc1nc(-c2ccccc2-c2ccc3ncc(C(N)=O)n3c2)cs1,6.71,0.0,1
CHEMBL4439,Cc1nc(-c2ccn(C)n2)c(-c2ccc3ncsc3c2)[nH]1,8.18,0.0,1
CHEMBL4439,Cc1nc(-c2nc(-c3ccc(C(N)=O)cc3)[nH]c2-c2ccc3c(c2)OCO3)cs1,6.43,0.0,1
CHEMBL4439,Cc1nc(-c2nc(-n3ccc4cnccc43)c3cccn3n2)ccc1F,8.89,0.0,1
CHEMBL4439,Cc1nc(-c2nc(Nc3cc(Cl)ncc3F)c3cc[nH]c3n2)ccc1F,8.4,0.0,1
CHEMBL4439,Cc1nc(-c2nc(Nc3ccnc(NC(=O)C4CC4)c3)c3cc[nH]c3n2)ccc1F,8.85,0.0,1
CHEMBL4439,Cc1nc(-c2nc(Nc3ccnc(NC(=O)C4CC4)c3)c3cccn3n2)ccc1F,8.85,0.0,1
CHEMBL4439,Cc1nc(-c2nc(Nc3ccncc3)c3cccn3n2)ccc1F,8.72,0.0,1
CHEMBL4439,Cc1nc(-c2nc(Nc3ccncc3C(=O)NCCCN3CCS(=O)(=O)CC3)c3cccn3n2)ccc1F,8.51,0.0,1
CHEMBL4439,Cc1nc(-c2nc(Nc3ccncc3C(=O)NCCN3CCCCC3)c3cccn3n2)ccc1F,8.3,0.0,1
CHEMBL4439,Cc1nc(-c2nc(Nc3ccncc3C(=O)NCCN3CCS(=O)(=O)CC3)c3cccn3n2)ccc1F,7.66,0.0,1
CHEMBL4439,Cc1nc(-c2nc(Nc3ccncc3Cl)c3cccn3n2)ccc1F,9.09,0.0,1
CHEMBL4439,Cc1nc(-c2nc(Nc3ccncc3F)c3cc[nH]c3n2)ccc1F,9.22,0.0,1
CHEMBL4439,Cc1nc(-c2nc(Nc3ccncc3F)c3cccn3n2)ccc1F,8.21,0.0,1
CHEMBL4439,Cc1nc(-c2ncc(F)cc2-c2ccc3ncc(C(N)=O)n3c2)ccc1F,8.7,0.0,1
CHEMBL4439,Cc1nc(-c2ncccc2-c2ccc3[nH]ncc3c2)ccc1F,8.7,0.0,1
CHEMBL4439,Cc1nc(-c2ncccc2-c2ccc3nc(C(N)=O)cn3c2)ccc1F,4.82,0.0,1
CHEMBL4439,Cc1nc(-c2ncccc2-c2ccc3ncc(C#N)n3c2)ccc1F,8.0,0.0,1
CHEMBL4439,Cc1nc(-c2ncccc2-c2ccc3ncc(C#N)n3n2)ccc1F,7.5,0.0,1
CHEMBL4439,Cc1nc(-c2ncccc2-c2ccc3ncc(C(N)=O)n3c2)ccc1F,9.0,0.0,1
CHEMBL4439,Cc1nc(-c2ncccc2-c2ccc3ncc(C(N)=O)n3n2)ccc1F,7.77,0.0,1
CHEMBL4439,Cc1nc(-c2ncccc2-c2ccc3nccnc3c2)ccc1F,7.92,0.0,1
CHEMBL4439,Cc1nc(-c2ncccc2-c2ccc3ncnc(N)c3c2)ccc1F,8.7,0.0,1
CHEMBL4439,Cc1nc(-c2ncccc2-c2ccc3ncnc(N)c3n2)ccc1F,8.4,0.0,1
CHEMBL4439,Cc1nc(-c2ncccc2-c2ccn3ncc(C#N)c3n2)ccc1F,6.62,0.0,1
CHEMBL4439,Cc1nc(-c2ncccc2-c2ccn3ncc(C(=O)NC4CC4)c3n2)ccc1F,7.44,0.0,1
CHEMBL4439,Cc1nc(-c2ncccc2-c2ccn3ncc(C(=O)NC4COC4)c3n2)ccc1F,7.62,0.0,1
CHEMBL4439,Cc1nc(-c2ncccc2-c2ccn3ncc(C(=O)O)c3n2)ccc1F,6.68,0.0,1
CHEMBL4439,Cc1nc(-c2ncccc2-c2ccn3nccc3n2)ccc1F,8.1,0.0,1
CHEMBL4439,Cc1nc(-c2nn3c(c2-c2ccc4ncnn4c2/C=C/C(N)=O)CCC3)ccc1Cl,5.31,0.0,1
CHEMBL4439,Cc1nc(C(F)(F)F)ccc1Oc1ccnc(Nc2ccnc(C(C)(C)O)c2)c1,7.85,0.0,1
CHEMBL4439,Cc1nc(NS(=O)(=O)c2c[nH]c3ncccc23)ccc1Cl,6.37,0.0,1
CHEMBL4439,Cc1nc2ccc(NCc3ccn4nc(-c5ccccn5)nc(Nc5ccncc5F)c34)cc2s1,7.52,0.0,1
CHEMBL4439,Cc1nccc(-c2ccccc2-c2ccc3ncc(C(N)=O)n3c2)n1,6.62,0.0,1
CHEMBL4439,Cc1nnc(NCc2ccn3nc(-c4ccccn4)nc(Nc4ccncc4F)c23)s1,8.33,0.0,1
CHEMBL4439,Cc1noc(C)c1-c1nn(C2CC2)cc1Oc1ccnc(Nc2ccnc(C(C)(C)O)c2)c1,5.17,0.0,1
CHEMBL4439,ClCCOc1ccc(-c2cc(-c3c[nH]nc3-c3ccccn3)ccn2)cc1,7.72,0.0,1
CHEMBL4439,Clc1ccc(-c2cc(-c3c[nH]nc3-c3ccccn3)ccn2)cc1,7.37,0.0,1
CHEMBL4439,Clc1ccc(-c2n[nH]cc2-c2ccnc3ccccc23)nc1,5.75,0.0,1
CHEMBL4439,Clc1ccc2c(-c3c(-c4ccccn4)nn4c3CCC4)ccnc2c1,7.27,0.0,1
CHEMBL4439,Clc1cccc(-c2nc(-n3ccc4cnccc43)c3cccn3n2)n1,8.33,0.0,1
CHEMBL4439,Clc1cnccc1Nc1nc(-c2ccccn2)nn2cccc12,8.8,0.0,1
CHEMBL4439,Cn1c(=O)n(-c2cc(-c3cc(Cl)ccc3F)nc3[nH]ccc23)c2ccncc21,8.2,0.0,1
CHEMBL4439,Cn1c(=O)n(-c2cc(-c3ccc(F)cc3F)nc3[nH]ccc23)c2ccncc21,7.7,0.0,1
CHEMBL4439,Cn1cc(-c2cc(-c3c(-c4ccc(F)cn4)nc4n3[C@H]3CC[C@@H]4C3)ccn2)cn1,8.0,0.0,1
CHEMBL4439,Cn1cc(-c2nn(C3CC3)cc2Oc2ccnc(Nc3ccnc(C(C)(C)O)c3)c2)cn1,7.52,0.0,1
CHEMBL4439,Cn1cc(C#Cc2cc(Nc3cc(Oc4cn(C5CC5)nc4C4CCOCC4)ccn3)ccn2)cn1,6.91,0.0,1
CHEMBL4439,Cn1cc(N(c2nc(C(N)=O)c(-c3ccc[nH]3)s2)C2CC2)cn1,7.32,0.0,1
CHEMBL4439,Cn1ccc(-c2ccccc2-c2ccc3ncc(C(N)=O)n3c2)n1,6.9,0.0,1
CHEMBL4439,Cn1ccc(-c2nc(-c3ccc(C(N)=O)cc3)[nH]c2-c2ccc3c(c2)OCO3)n1,7.3,0.0,1
CHEMBL4439,Cn1ccc(-c2nc(-c3ccc(C(N)=O)cc3)[nH]c2-c2ccc3ncsc3c2)n1,8.25,0.0,1
CHEMBL4439,Cn1ccc(-c2nc(C(N)=O)[nH]c2-c2ccc3ncsc3c2)n1,7.34,0.0,1
CHEMBL4439,Cn1ccc(-c2nc(CNc3ccc(F)cc3)[nH]c2-c2ccc3ncnn3c2)n1,6.09,0.0,1
CHEMBL4439,Cn1ccc(-c2nc(CNc3cccc(F)c3)[nH]c2-c2ccc3ncnn3c2)n1,6.45,0.0,1
CHEMBL4439,Cn1ccc(-c2nc(CNc3ccccc3)[nH]c2-c2ccc3ncnn3c2)n1,5.86,0.0,1
CHEMBL4439,Cn1ccc(-c2nc(CNc3ccccc3F)[nH]c2-c2ccc3ncnn3c2)n1,5.86,0.0,1
CHEMBL4439,Cn1ccc(-c2nc[nH]c2-c2ccc3nccnc3c2)n1,7.36,0.0,1
CHEMBL4439,Cn1ccc(-c2nc[nH]c2-c2ccc3ncsc3c2)n1,8.33,0.0,1
CHEMBL4439,Cn1cnc(-c2ccc(F)c(Cl)c2)c1-c1ccc2ncc(C#N)n2c1,7.76,0.0,1
CHEMBL4439,Cn1cnc(-c2ccc(F)c(Cl)c2)c1-c1ccc2ncc(C#N)n2n1,8.64,0.0,1
CHEMBL4439,Cn1cnc(-c2ccc(F)c(Cl)c2)c1-c1ccc2nccn2c1,8.22,0.0,1
CHEMBL4439,Cn1cnc(-c2ccc(F)c(F)c2)c1-c1ccc2cn[nH]c2c1,7.2,0.0,1
CHEMBL4439,Cn1cnc(-c2ccc(F)cc2)c1-c1ccc2ncc(C#N)n2n1,8.0,0.0,1
CHEMBL4439,Cn1cnc(-c2ccc(F)cc2)c1-c1ccc2ncc(C(N)=O)n2n1,8.41,0.0,1
CHEMBL4439,Cn1cnc2ccc(Nc3nc(-c4ccccn4)nn4cccc34)cc21,6.62,0.0,1
CHEMBL4439,Cn1nc(C(C)(C)O)c2cc(Nc3cc(Oc4cn(C5CC5)nc4C4CCOCC4)ccn3)ccc21,8.17,0.0,1
CHEMBL4439,Cn1nc(C(F)(F)F)cc1Oc1ccnc(Nc2ccnc(C(C)(C)O)c2)c1,7.42,0.0,1
CHEMBL4439,Cn1nccc1-c1nc(Nc2ccncc2Cl)c2cccn2n1,6.44,0.0,1
CHEMBL4439,Cn1nccc1-c1nc(Nc2ccncc2F)c2cccn2n1,6.21,0.0,1
CHEMBL4439,FC(F)(F)c1cc(-c2cc(Nc3cc(Oc4cn(C5CC5)nc4C4CCOCC4)ccn3)ccn2)ccn1,6.89,0.0,1
CHEMBL4439,FC(F)(F)c1cc(-c2coc3cc(-c4ccc(N5CCNCC5)cc4)cnc23)c2ccccc2n1,5.81,0.0,1
CHEMBL4439,FC(F)(F)c1cc(Nc2cc(Nc3cc(Oc4cn(C5CC5)nc4C4CCOCC4)ccn3)ccn2)ccn1,7.2,0.0,1
CHEMBL4439,FC(F)(F)c1ccc(-c2cc(-c3c[nH]nc3-c3ccccn3)ccn2)cc1,7.62,0.0,1
CHEMBL4439,FC(F)(F)c1cccc(-c2cc(-c3c[nH]nc3-c3ccccn3)ccn2)c1,6.62,0.0,1
CHEMBL4439,FC(F)(F)c1cccc(-c2n[nH]cc2-c2ccnc3ccccc23)c1,6.66,0.0,1
CHEMBL4439,FC(F)(F)c1cccc(-c2nc(-n3ccc4cnccc43)c3cccn3n2)n1,8.42,0.0,1
CHEMBL4439,FC(F)(F)c1cccc(-c2nc(Nc3ccnc(-c4cc[nH]n4)c3)c3cccn3n2)n1,7.0,0.0,1
CHEMBL4439,FC(F)(F)c1cccc(-c2nc(Nc3ccnc(Cl)c3)c3cccn3n2)n1,5.57,0.0,1
CHEMBL4439,FC(F)(F)c1cccc(-c2nc(Nc3ccnc4cccnc34)c3cccn3n2)n1,7.7,0.0,1
CHEMBL4439,FC(F)(F)c1cccc(-c2nc(Nc3ccncc3)c3cccn3n2)n1,8.33,0.0,1
CHEMBL4439,FC(F)(F)c1cccc(-c2nc(Nc3ccncc3C(F)(F)F)c3cc[nH]c3n2)n1,9.19,0.0,1
CHEMBL4439,FC(F)(F)c1cccc(-c2nc(Nc3ccncc3Cl)c3cc[nH]c3n2)n1,9.22,0.0,1
CHEMBL4439,FC(F)(F)c1cccc(-c2nc(Nc3ccncc3Cl)c3cccn3n2)n1,8.72,0.0,1
CHEMBL4439,FC(F)(F)c1cccc(-c2nc(Nc3ccncc3OCCCN3CCOCC3)c3cccn3n2)n1,6.68,0.0,1
CHEMBL4439,FC(F)(F)c1cccc(-c2nc(Nc3ccncn3)c3cccn3n2)n1,7.55,0.0,1
CHEMBL4439,FC(F)(F)c1cccc(-c2ncccc2-c2ccc3nccnc3c2)n1,7.8,0.0,1
CHEMBL4439,FC(F)(F)c1cccc(-c2ncccc2-c2ccn3nccc3n2)n1,7.82,0.0,1
CHEMBL4439,FC(F)(F)c1ccccc1-c1cc(-c2c[nH]nc2-c2ccccn2)ccn1,5.03,0.0,1
CHEMBL4439,FC(F)c1cccc(-c2nc(-n3ccc4cnccc43)c3cc[nH]c3n2)n1,9.19,0.0,1
CHEMBL4439,FC(F)c1cccc(-c2nc(-n3ccc4cnccc43)c3cccn3n2)n1,8.54,0.0,1
CHEMBL4439,FC(F)c1cccc(-c2nc(Nc3ccnc(Cl)n3)c3cc[nH]c3n2)n1,6.8,0.0,1
CHEMBL4439,FC(F)c1cccc(-c2nc(Nc3ccnc4cccnc34)c3cccn3n2)n1,8.24,0.0,1
CHEMBL4439,FC(F)c1cccc(-c2nc(Nc3ccncc3Cl)c3cccn3n2)n1,8.96,0.0,1
CHEMBL4439,FC(F)c1cccc(-c2ncccc2-c2ccc3[nH]nc(C(F)F)c3c2)n1,6.37,0.0,1
CHEMBL4439,FC(F)c1cccc(-c2ncccc2-c2ccc3[nH]ncc3c2)n1,8.52,0.0,1
CHEMBL4439,FC(F)c1cnccc1Nc1nc(-c2cccc(C(F)(F)F)n2)nn2cccc12,7.96,0.0,1
CHEMBL4439,FC1(F)CC(c2nn(C3CC3)cc2Oc2ccnc(Nc3ccnc(N4CCOCC4)c3)c2)C1,7.58,0.0,1
CHEMBL4439,FC1(F)CN(c2cc(Nc3cc(Oc4cn(C5CC5)nc4C4CCOCC4)ccn3)ccn2)C1,7.82,0.0,1
CHEMBL4439,FC1(F)CN(c2cc(Nc3cc(Oc4cn(C5CC5)nc4C4CCOCC4)ccn3)ccn2)CC1(F)F,7.44,0.0,1
CHEMBL4439,FC1(F)Oc2ccc(Nc3cc(Oc4cn(C5CC5)nc4C4CCOCC4)ccn3)cc2O1,6.28,0.0,1
CHEMBL4439,FCCCn1cnc(-c2ccc(F)c(Cl)c2)c1-c1ccc2nccn2c1,7.67,0.0,1
CHEMBL4439,FCCn1cnc(-c2ccc(F)c(Cl)c2)c1-c1ccc2nccn2c1,8.48,0.0,1
CHEMBL4439,Fc1c(Nc2nc(-c3cccc(C(F)F)n3)nn3cccc23)ccnc1Cl,7.06,0.0,1
CHEMBL4439,Fc1cc(F)c(-c2cc(Nc3ccncc3)c3cc[nH]c3n2)cc1Cl,7.4,0.0,1
CHEMBL4439,Fc1cc(F)c(-c2ncn(CC(F)F)c2-c2ccc3nccn3c2)cc1Cl,8.66,0.0,1
CHEMBL4439,Fc1cc(F)cc(NCc2nc(-c3ccn(C4CC4)n3)c(-c3ccc4nccnc4c3)[nH]2)c1,8.92,0.0,1
CHEMBL4439,Fc1cc(F)cc(NCc2nc(-c3ccn(C4CC4)n3)c(-c3ccc4ncnn4c3)[nH]2)c1,8.52,0.0,1
CHEMBL4439,Fc1cc(Nc2nc(-c3cccc(C(F)(F)F)n3)nn3cccc23)ccn1,6.6,0.0,1
CHEMBL4439,Fc1cc(Nc2nc(-c3ccccn3)nn3cccc23)ccn1,7.16,0.0,1
CHEMBL4439,Fc1ccc(-c2c(-c3cccc(C(F)(F)F)n3)nn3c2CCC3)cc1,6.06,0.0,1
CHEMBL4439,Fc1ccc(-c2c(-c3ccccn3)nc3n2CCC3)cc1,5.24,0.0,1
CHEMBL4439,Fc1ccc(-c2c(-c3ccccn3)nc3n2CCS3)cc1,5.8,0.0,1
CHEMBL4439,Fc1ccc(-c2c[nH]nc2-c2ccccn2)cc1,6.56,0.0,1
CHEMBL4439,Fc1ccc(-c2cc(-c3c[nH]nc3-c3ccccn3)ccn2)cc1,7.32,0.0,1
CHEMBL4439,Fc1ccc(-c2cc(Nc3ccncc3)c3cc[nH]c3n2)c(F)c1,7.5,0.0,1
CHEMBL4439,Fc1ccc(-c2cc(Nc3ccncc3)c3cc[nH]c3n2)cc1F,4.2,0.0,1
CHEMBL4439,Fc1ccc(-c2n[nH]cc2-c2ccnc3ccccc23)nc1,7.04,0.0,1
CHEMBL4439,Fc1ccc(-c2nc(-n3ccc4cnccc43)c3cccn3n2)nc1,7.62,0.0,1
CHEMBL4439,Fc1ccc(-c2nc(Nc3cc(Cl)ncc3F)c3cccn3n2)nc1,5.52,0.0,1
CHEMBL4439,Fc1ccc(-c2nc(Nc3ccncc3Cl)c3cccn3n2)nc1,9.23,0.0,1
CHEMBL4439,Fc1ccc(-c2nc(Nc3ccncc3F)c3cc[nH]c3n2)nc1,9.04,0.0,1
CHEMBL4439,Fc1ccc(-c2nc(Nc3ccncc3F)c3cccn3n2)nc1,9.1,0.0,1
CHEMBL4439,Fc1ccc(-c2nc[nH]c2-c2ccc3nccn3c2)cc1F,8.59,0.0,1
CHEMBL4439,Fc1ccc(-c2ncccc2-c2ccc3[nH]ncc3c2)nc1,7.85,0.0,1
CHEMBL4439,Fc1ccc(-c2ncccc2-c2ccc3nccn3c2)nc1C(F)F,7.58,0.0,1
CHEMBL4439,Fc1ccc(-c2ncn(C3(C(F)F)CC3)c2-c2ccc3nccn3n2)cc1,8.8,0.0,1
CHEMBL4439,Fc1ccc(-c2ncn(C3CC(F)(F)C3)c2-c2ccc3nccn3c2)cc1Cl,7.26,0.0,1
CHEMBL4439,Fc1ccc(-c2ncn(CC(F)F)c2-c2ccc3ncc(-c4cnco4)n3n2)cc1,9.05,0.0,1
CHEMBL4439,Fc1ccc(-c2ncn(CC(F)F)c2-c2ccc3ncc(C(F)F)n3c2)cc1,7.68,0.0,1
CHEMBL4439,Fc1ccc(-c2ncn(CC(F)F)c2-c2ccc3ncc(C(F)F)n3n2)cc1,9.1,0.0,1
CHEMBL4439,Fc1ccc(-c2ncn(CC(F)F)c2-c2ccc3ncc(C4CC4)n3c2)cc1,7.41,0.0,1
CHEMBL4439,Fc1ccc(-c2ncn(CC(F)F)c2-c2ccc3ncc(CNC4CC(F)(F)C4)n3c2)cc1,6.0,0.0,1
CHEMBL4439,Fc1ccc(-c2ncn(CC(F)F)c2-c2ccc3ncc(CNCC(F)F)n3c2)cc1,6.92,0.0,1
CHEMBL4439,Fc1ccc(-c2ncn(CC(F)F)c2-c2ccc3ncc(F)n3c2)cc1,7.25,0.0,1
CHEMBL4439,Fc1ccc(-c2ncn(CC(F)F)c2-c2ccc3ncc(N4CCOCC4)n3c2)cc1,6.42,0.0,1
CHEMBL4439,Fc1ccc(-c2ncn(CC(F)F)c2-c2ccc3nccn3c2)c(F)c1,8.17,0.0,1
CHEMBL4439,Fc1ccc(-c2ncn(CC(F)F)c2-c2ccc3nccn3c2)cc1,7.2,0.0,1
CHEMBL4439,Fc1ccc(-c2ncn(CC(F)F)c2-c2ccc3nccn3c2)cc1Cl,8.0,0.0,1
CHEMBL4439,Fc1ccc(-c2ncn(CC(F)F)c2-c2ccc3nccn3c2)cc1F,7.38,0.0,1
CHEMBL4439,Fc1ccc(-c2ncn(CC(F)F)c2-c2ccc3nncn3c2)cc1,6.28,0.0,1
CHEMBL4439,Fc1ccc(-c2ncn(CC(F)F)c2-c2ccn3ncnc3c2)cc1,7.89,0.0,1
CHEMBL4439,Fc1ccc(-c2ncn(CCC(F)(F)F)c2-c2ccc3nccn3c2)cc1Cl,7.29,0.0,1
CHEMBL4439,Fc1ccc(-c2ncn([C@@H]3CCC(F)(F)C3)c2-c2ccc3nccn3c2)cc1Cl,7.52,0.0,1
CHEMBL4439,Fc1ccc(-c2ncn([C@H]3CCC(F)(F)C3)c2-c2ccc3nccn3c2)cc1Cl,6.64,0.0,1
CHEMBL4439,Fc1ccc(-c2nn3c(c2-c2ccnc4ccccc24)CCC3)nc1,6.82,0.0,1
CHEMBL4439,Fc1ccc(C2C(c3ccncc3)NC3SCCN32)cc1,4.3,0.0,1
CHEMBL4439,Fc1ccc(Cl)cc1-c1cc(Nc2ccnc3[nH]ccc23)c(C2CC2)cn1,8.21,0.0,1
CHEMBL4439,Fc1ccc(Cl)cc1-c1cc(Nc2ccncc2)c2cc[nH]c2n1,8.5,0.0,1
CHEMBL4439,Fc1ccc(Cl)cc1-c1nc(Nc2ccncc2)c2nccnc2n1,7.353333333333334,0.09451631252505201,3
CHEMBL4439,Fc1ccc(Cl)cc1-c1ncn(CC(F)F)c1-c1ccc2nccn2c1,8.54,0.0,1
CHEMBL4439,Fc1cccc(-c2nc(-n3ccc4cnccc43)c3cccn3n2)n1,8.85,0.0,1
CHEMBL4439,Fc1cccc(-c2nc(Nc3ccncc3)c3cccn3n2)n1,7.85,0.0,1
CHEMBL4439,Fc1cccc(-c2nc(Nc3ccncc3Cl)c3cccn3n2)n1,9.41,0.0,1
CHEMBL4439,Fc1cccc(-c2nc(Nc3ccncc3F)c3cccn3n2)n1,9.1,0.0,1
CHEMBL4439,Fc1cccc(NCc2nc(-c3ccn(C(F)F)n3)c(-c3ccc4nccnc4c3)[nH]2)c1,8.25,0.0,1
CHEMBL4439,Fc1ccccc1-c1cc(-c2c[nH]nc2-c2ccccn2)ccn1,7.23,0.0,1
CHEMBL4439,Fc1cnccc1Nc1nc(-c2cc(Cl)ccn2)nn2cccc12,6.82,0.0,1
CHEMBL4439,Fc1cnccc1Nc1nc(-c2ccc(C(F)(F)F)cn2)nn2cccc12,7.16,0.0,1
CHEMBL4439,Fc1cnccc1Nc1nc(-c2ccc(F)c(C(F)F)n2)nn2cccc12,9.34,0.0,1
CHEMBL4439,Fc1cnccc1Nc1nc(-c2ccc[nH]2)nn2cccc12,6.72,0.0,1
CHEMBL4439,Fc1cnccc1Nc1nc(-c2cccc(C(F)(F)F)n2)nc2[nH]ccc12,9.25,0.0,1
CHEMBL4439,Fc1cnccc1Nc1nc(-c2cccc(C(F)(F)F)n2)nn2ccc(CN3CCC(F)(F)CC3)c12,7.89,0.0,1
CHEMBL4439,Fc1cnccc1Nc1nc(-c2cccc(C(F)(F)F)n2)nn2cccc12,8.43,0.0,1
CHEMBL4439,Fc1cnccc1Nc1nc(-c2cccc(C(F)F)n2)nc2[nH]ccc12,9.6,0.0,1
CHEMBL4439,Fc1cnccc1Nc1nc(-c2cccc(C(F)F)n2)nn2ccc(CN3CCC(F)(F)CC3)c12,8.96,0.0,1
CHEMBL4439,Fc1cnccc1Nc1nc(-c2cccc(C(F)F)n2)nn2cccc12,9.04,0.0,1
CHEMBL4439,Fc1cnccc1Nc1nc(-c2cccc(OC(F)(F)F)n2)nn2cccc12,8.52,0.0,1
CHEMBL4439,Fc1cnccc1Nc1nc(-c2ccccn2)nc2[nH]ccc12,9.59,0.0,1
CHEMBL4439,Fc1cnccc1Nc1nc(-c2ccccn2)nn2ccc(CN3CCC(F)(F)CC3)c12,8.89,0.0,1
CHEMBL4439,Fc1cnccc1Nc1nc(-c2ccccn2)nn2ccc(CN3CCN(c4ncccn4)CC3)c12,8.8,0.0,1
CHEMBL4439,Fc1cnccc1Nc1nc(-c2ccccn2)nn2ccc(CN3CCOCC3)c12,8.92,0.0,1
CHEMBL4439,Fc1cnccc1Nc1nc(-c2ccccn2)nn2ccc(CNC34CC5CC(CC(C5)C3)C4)c12,7.82,0.0,1
CHEMBL4439,Fc1cnccc1Nc1nc(-c2ccccn2)nn2ccc(CNC3CCCNC3)c12,8.62,0.0,1
CHEMBL4439,Fc1cnccc1Nc1nc(-c2ccccn2)nn2ccc(CNC3CCNCC3)c12,8.04,0.0,1
CHEMBL4439,Fc1cnccc1Nc1nc(-c2ccccn2)nn2ccc(CNC3CNC3)c12,7.89,0.0,1
CHEMBL4439,Fc1cnccc1Nc1nc(-c2ccccn2)nn2ccc(CNCC(F)(F)F)c12,8.96,0.0,1
CHEMBL4439,Fc1cnccc1Nc1nc(-c2ccccn2)nn2ccc(CNCC3CCC3)c12,8.92,0.0,1
CHEMBL4439,Fc1cnccc1Nc1nc(-c2ccccn2)nn2ccc(CNCC3CCCCN3)c12,8.17,0.0,1
CHEMBL4439,Fc1cnccc1Nc1nc(-c2ccccn2)nn2ccc(CNCC3CCCO3)c12,9.0,0.0,1
CHEMBL4439,Fc1cnccc1Nc1nc(-c2ccccn2)nn2ccc(CNCC3CCNCC3)c12,8.54,0.0,1
CHEMBL4439,Fc1cnccc1Nc1nc(-c2ccccn2)nn2ccc(CNCC3CNC3)c12,8.0,0.0,1
CHEMBL4439,Fc1cnccc1Nc1nc(-c2ccccn2)nn2ccc(CNCC3CNCCO3)c12,7.64,0.0,1
CHEMBL4439,Fc1cnccc1Nc1nc(-c2ccccn2)nn2ccc(CNCCC3CCCN3)c12,8.44,0.0,1
CHEMBL4439,Fc1cnccc1Nc1nc(-c2ccccn2)nn2ccc(CNCCCN3CCOCC3)c12,8.41,0.0,1
CHEMBL4439,Fc1cnccc1Nc1nc(-c2ccccn2)nn2ccc(CNCCCn3ccnc3)c12,8.8,0.0,1
CHEMBL4439,Fc1cnccc1Nc1nc(-c2ccccn2)nn2ccc(CNCCN3CCCCC3)c12,8.36,0.0,1
CHEMBL4439,Fc1cnccc1Nc1nc(-c2ccccn2)nn2ccc(CNCCN3CCNCC3)c12,8.38,0.0,1
CHEMBL4439,Fc1cnccc1Nc1nc(-c2ccccn2)nn2ccc(CNCCc3ccccn3)c12,8.6,0.0,1
CHEMBL4439,Fc1cnccc1Nc1nc(-c2ccccn2)nn2ccc(CNCc3ccc4c(c3)OCO4)c12,9.4,0.0,1
CHEMBL4439,Fc1cnccc1Nc1nc(-c2ccccn2)nn2ccc(CN[C@H]3CCN(Cc4ccccc4)C3)c12,8.92,0.0,1
CHEMBL4439,Fc1cnccc1Nc1nc(-c2ccccn2)nn2ccc(CNc3cc(-c4ccccc4)[nH]n3)c12,7.57,0.0,1
CHEMBL4439,Fc1cnccc1Nc1nc(-c2ccccn2)nn2ccc(CNc3ccc(-c4cnco4)cc3)c12,7.15,0.0,1
CHEMBL4439,Fc1cnccc1Nc1nc(-c2ccccn2)nn2ccc(CNc3ccc4[nH]nnc4c3)c12,8.28,0.0,1
CHEMBL4439,Fc1cnccc1Nc1nc(-c2ccccn2)nn2cccc12,8.82,0.0,1
CHEMBL4439,Fc1cnccc1Nc1nc(-c2ccnc(C(F)(F)F)n2)nn2cccc12,7.82,0.0,1
CHEMBL4439,Fc1cnccc1Nc1nc(-c2cscn2)nn2cccc12,8.09,0.0,1
CHEMBL4439,Fc1cnccc1Nc1nc(-c2nc(C(F)(F)F)cs2)nn2cccc12,9.14,0.0,1
CHEMBL4439,Fc1cnccc1Nc1nc(-c2ncccc2F)nn2cccc12,8.49,0.0,1
CHEMBL4439,N#CC1(n2cnc(-c3ccc(F)cc3)c2-c2ccc3nccn3n2)CC1,8.7,0.0,1
CHEMBL4439,N#CC1CN(c2cc(Nc3cc(Oc4cn(C5CC5)nc4C4CCOCC4)ccn3)ccc2F)C1,8.37,0.0,1
CHEMBL4439,N#CC1CN(c2cc(Nc3cc(Oc4cn(C5CC5)nc4C4CCOCC4)ccn3)ccn2)C1,7.34,0.0,1
CHEMBL4439,N#CCCC(=O)Nc1cc(Nc2nc(-c3cccc(C(F)(F)F)n3)nn3cccc23)ccn1,9.1,0.0,1
CHEMBL4439,N#CCCN1C[C@@H]2C[C@]2(c2ccc(-c3cnc(N)c(C(=O)N[C@H]4CC[C@H](O)CC4)c3)cc2)C1,5.85,0.0,1
CHEMBL4439,N#CCCn1cnc(-c2ccc(F)cc2)c1-c1ccc2ncc(C#N)n2n1,7.72,0.0,1
CHEMBL4439,N#CCN1CC(n2cnc(-c3ccc(F)cc3)c2-c2ccc3ncc(C#N)n3n2)C1,7.99,0.0,1
CHEMBL4439,N#CCNC(=O)c1ccc(-c2ccnc(Nc3ccc(N4CCOCC4)cc3)n2)cc1,6.69,0.0,1
CHEMBL4439,N#CCn1cc(N(c2nc(C(N)=O)c(-c3ccc[nH]3)s2)C2CC2)cn1,5.96,0.0,1
CHEMBL4439,N#Cc1c(NC(=O)/C=C/c2ccc(O)cc2)sc2c1CCC2,7.06,0.0,1
CHEMBL4439,N#Cc1cc(-c2ncn(CC(F)F)c2-c2ccc3ncc(C#N)n3n2)ccc1F,8.1,0.0,1
CHEMBL4439,N#Cc1cc(Nc2nc(-c3cccc(C(F)(F)F)n3)nn3cccc23)ccn1,6.44,0.0,1
CHEMBL4439,N#Cc1ccc(-c2cc(-c3c[nH]nc3-c3ccccn3)ccn2)cc1,7.46,0.0,1
CHEMBL4439,N#Cc1ccc(-c2nc(-c3ccc4c(c3)OCO4)c(-c3ccccn3)[nH]2)cc1,5.53,0.0,1
CHEMBL4439,N#Cc1ccc(-c2nc(-c3ccn(C(F)F)n3)c(-c3ccc4ncsc4c3)[nH]2)cc1,7.14,0.0,1
CHEMBL4439,N#Cc1ccc(-c2ncn(CC(F)F)c2-c2ccc3ncc(C#N)n3n2)cc1,6.45,0.0,1
CHEMBL4439,N#Cc1ccc(Nc2cc(Oc3cc(C(F)(F)F)nn3C3CCOCC3)ccn2)cc1,6.88,0.0,1
CHEMBL4439,N#Cc1ccc(Nc2cc(Oc3cn(C4CC4)nc3C3CCOCC3)ccn2)cc1N1CC(O)C1,7.89,0.0,1
CHEMBL4439,N#Cc1cccc(-c2ncn(CC(F)F)c2-c2ccc3ncc(C#N)n3n2)c1,8.68,0.0,1
CHEMBL4439,N#Cc1cccc(NCc2nc(-c3ccn(C(F)F)n3)c(-c3ccc4nccnc4c3)[nH]2)c1,8.18,0.0,1
CHEMBL4439,N#Cc1cccc(Nc2cc(Oc3cc(C(F)(F)F)nn3C3CCOCC3)ccn2)c1,6.79,0.0,1
CHEMBL4439,N#Cc1cnc2ccc(-c3[nH]cnc3-c3ccc(F)cc3)nn12,7.98,0.0,1
CHEMBL4439,N#Cc1cnc2ccc(-c3c(-c4cc(Cl)c(F)cc4F)ncn3CC(F)F)cn12,8.07,0.0,1
CHEMBL4439,N#Cc1cnc2ccc(-c3c(-c4cc(Cl)cc(Cl)c4)ncn3CC(F)F)nn12,7.4,0.0,1
CHEMBL4439,N#Cc1cnc2ccc(-c3c(-c4cc(Cl)ccc4F)ncn3CC(F)F)cn12,8.43,0.0,1
CHEMBL4439,N#Cc1cnc2ccc(-c3c(-c4ccc(C(F)(F)F)cc4)ncn3CC(F)F)nn12,6.26,0.0,1
CHEMBL4439,N#Cc1cnc2ccc(-c3c(-c4ccc(F)c(C(F)(F)F)c4)ncn3CC(F)F)nn12,8.06,0.0,1
CHEMBL4439,N#Cc1cnc2ccc(-c3c(-c4ccc(F)c(Cl)c4)ncn3C34CC(C3)C4)nn12,8.96,0.0,1
CHEMBL4439,N#Cc1cnc2ccc(-c3c(-c4ccc(F)c(Cl)c4)ncn3C3CC(F)(F)C3)cn12,7.18,0.0,1
CHEMBL4439,N#Cc1cnc2ccc(-c3c(-c4ccc(F)c(Cl)c4)ncn3C3CC(F)(F)C3)nn12,8.68,0.0,1
CHEMBL4439,N#Cc1cnc2ccc(-c3c(-c4ccc(F)c(Cl)c4)ncn3C3CC(F)C3)nn12,9.3,0.0,1
CHEMBL4439,N#Cc1cnc2ccc(-c3c(-c4ccc(F)c(Cl)c4)ncn3C3CC3)nn12,8.89,0.0,1
CHEMBL4439,N#Cc1cnc2ccc(-c3c(-c4ccc(F)c(Cl)c4)ncn3C3CCC(F)(F)C3)nn12,8.29,0.0,1
CHEMBL4439,N#Cc1cnc2ccc(-c3c(-c4ccc(F)c(Cl)c4)ncn3C3CCC3)nn12,9.1,0.0,1
CHEMBL4439,N#Cc1cnc2ccc(-c3c(-c4ccc(F)c(Cl)c4)ncn3C3CCOC3)nn12,8.82,0.0,1
CHEMBL4439,N#Cc1cnc2ccc(-c3c(-c4ccc(F)c(Cl)c4)ncn3C3CCOCC3)nn12,8.51,0.0,1
CHEMBL4439,N#Cc1cnc2ccc(-c3c(-c4ccc(F)c(Cl)c4)ncn3C3COC3)cn12,6.85,0.0,1
CHEMBL4439,N#Cc1cnc2ccc(-c3c(-c4ccc(F)c(Cl)c4)ncn3CC(F)F)cn12,8.0,0.0,1
CHEMBL4439,N#Cc1cnc2ccc(-c3c(-c4ccc(F)c(Cl)c4)ncn3CC(F)F)nn12,9.0,0.0,1
CHEMBL4439,N#Cc1cnc2ccc(-c3c(-c4ccc(F)c(Cl)c4)ncn3CC(O)C(F)(F)F)nn12,8.17,0.0,1
CHEMBL4439,N#Cc1cnc2ccc(-c3c(-c4ccc(F)c(Cl)c4)ncn3CC3CC3)cn12,7.03,0.0,1
CHEMBL4439,N#Cc1cnc2ccc(-c3c(-c4ccc(F)c(Cl)c4)ncn3CCC(F)(F)F)nn12,8.59,0.0,1
CHEMBL4439,N#Cc1cnc2ccc(-c3c(-c4ccc(F)c(Cl)c4)ncn3CCC3CC3)nn12,9.1,0.0,1
CHEMBL4439,N#Cc1cnc2ccc(-c3c(-c4ccc(F)c(Cl)c4)ncn3CCC3CCC3)nn12,9.22,0.0,1
CHEMBL4439,N#Cc1cnc2ccc(-c3c(-c4ccc(F)c(Cl)c4)ncn3CCCCl)nn12,8.92,0.0,1
CHEMBL4439,N#Cc1cnc2ccc(-c3c(-c4ccc(F)c(Cl)c4)ncn3CCCF)cn12,7.63,0.0,1
CHEMBL4439,N#Cc1cnc2ccc(-c3c(-c4ccc(F)c(Cl)c4)ncn3CCCF)nn12,9.1,0.0,1
CHEMBL4439,N#Cc1cnc2ccc(-c3c(-c4ccc(F)c(Cl)c4)ncn3CCCO)nn12,9.0,0.0,1
CHEMBL4439,N#Cc1cnc2ccc(-c3c(-c4ccc(F)c(Cl)c4)ncn3CCCl)nn12,9.05,0.0,1
CHEMBL4439,N#Cc1cnc2ccc(-c3c(-c4ccc(F)c(Cl)c4)ncn3CCF)nn12,9.05,0.0,1
CHEMBL4439,N#Cc1cnc2ccc(-c3c(-c4ccc(F)c(Cl)c4)ncn3CCN3CCOCC3)cn12,7.12,0.0,1
CHEMBL4439,N#Cc1cnc2ccc(-c3c(-c4ccc(F)c(Cl)c4)ncn3CCO)cn12,7.94,0.0,1
CHEMBL4439,N#Cc1cnc2ccc(-c3c(-c4ccc(F)c(Cl)c4)ncn3CCO)nn12,8.77,0.042426406871192576,2
CHEMBL4439,N#Cc1cnc2ccc(-c3c(-c4ccc(F)c(Cl)c4)ncn3C[C@@H]3CCCO3)nn12,8.74,0.0,1
CHEMBL4439,N#Cc1cnc2ccc(-c3c(-c4ccc(F)c(Cl)c4)ncn3[C@@H]3CCC(F)(F)C3)nn12,9.05,0.0,1
CHEMBL4439,N#Cc1cnc2ccc(-c3c(-c4ccc(F)c(Cl)c4)ncn3[C@H]3CCC(F)(F)C3)nn12,8.29,0.0,1
CHEMBL4439,N#Cc1cnc2ccc(-c3c(-c4ccc(F)c(Cl)c4)ncn3[C@H]3C[C@@H](O)C3)nn12,9.05,0.0,1
CHEMBL4439,N#Cc1cnc2ccc(-c3c(-c4ccc(F)c(F)c4)ncn3CC(F)F)cn12,7.13,0.0,1
CHEMBL4439,N#Cc1cnc2ccc(-c3c(-c4ccc(F)cc4)nc(N)n3CC(F)F)cn12,7.35,0.0,1
CHEMBL4439,N#Cc1cnc2ccc(-c3c(-c4ccc(F)cc4)nc4n3CCC4)cn12,7.86,0.0,1
CHEMBL4439,N#Cc1cnc2ccc(-c3c(-c4ccc(F)cc4)ncn3C(CO)CO)cn12,6.84,0.0,1
CHEMBL4439,N#Cc1cnc2ccc(-c3c(-c4ccc(F)cc4)ncn3C3(C#N)CC3)nn12,9.52,0.0,1
CHEMBL4439,N#Cc1cnc2ccc(-c3c(-c4ccc(F)cc4)ncn3C34CC(C3)C4)nn12,8.59,0.0,1
CHEMBL4439,N#Cc1cnc2ccc(-c3c(-c4ccc(F)cc4)ncn3C3CC(CO)C3)nn12,9.22,0.0,1
CHEMBL4439,N#Cc1cnc2ccc(-c3c(-c4ccc(F)cc4)ncn3C3CC(F)(F)C3)cn12,6.38,0.0,1
CHEMBL4439,N#Cc1cnc2ccc(-c3c(-c4ccc(F)cc4)ncn3C3CC(F)(F)C3)nn12,7.85,0.0,1
CHEMBL4439,N#Cc1cnc2ccc(-c3c(-c4ccc(F)cc4)ncn3C3CC3)cn12,7.7,0.0,1
CHEMBL4439,N#Cc1cnc2ccc(-c3c(-c4ccc(F)cc4)ncn3C3CC3)nn12,8.62,0.0,1
CHEMBL4439,N#Cc1cnc2ccc(-c3c(-c4ccc(F)cc4)ncn3C3CCC(F)(F)C3)nn12,8.26,0.0,1
CHEMBL4439,N#Cc1cnc2ccc(-c3c(-c4ccc(F)cc4)ncn3C3CCC(F)(F)CC3)nn12,7.75,0.0,1
CHEMBL4439,N#Cc1cnc2ccc(-c3c(-c4ccc(F)cc4)ncn3C3CCCC3)cn12,7.02,0.0,1
CHEMBL4439,N#Cc1cnc2ccc(-c3c(-c4ccc(F)cc4)ncn3C3CCCCC3O)nn12,8.46,0.0,1
CHEMBL4439,N#Cc1cnc2ccc(-c3c(-c4ccc(F)cc4)ncn3C3CN(C(=O)C4CC4)C3)nn12,6.64,0.0,1
CHEMBL4439,N#Cc1cnc2ccc(-c3c(-c4ccc(F)cc4)ncn3C3CNC3)nn12,7.06,0.0,1
CHEMBL4439,N#Cc1cnc2ccc(-c3c(-c4ccc(F)cc4)ncn3C3COC3)cn12,6.25,0.0,1
CHEMBL4439,N#Cc1cnc2ccc(-c3c(-c4ccc(F)cc4)ncn3C3COC3)nn12,7.77,0.0,1
CHEMBL4439,N#Cc1cnc2ccc(-c3c(-c4ccc(F)cc4)ncn3CC(F)F)cn12,7.18,0.0,1
CHEMBL4439,N#Cc1cnc2ccc(-c3c(-c4ccc(F)cc4)ncn3CC(F)F)nn12,8.8,0.0,1
CHEMBL4439,N#Cc1cnc2ccc(-c3c(-c4ccc(F)cc4)ncn3CC(O)C(F)(F)F)cn12,6.24,0.0,1
CHEMBL4439,N#Cc1cnc2ccc(-c3c(-c4ccc(F)cc4)ncn3CC3CCC3)cn12,7.17,0.0,1
CHEMBL4439,N#Cc1cnc2ccc(-c3c(-c4ccc(F)cc4)ncn3CC3CCCO3)nn12,8.72,0.0,1
CHEMBL4439,N#Cc1cnc2ccc(-c3c(-c4ccc(F)cc4)ncn3CCC(F)(F)F)nn12,8.17,0.0,1
CHEMBL4439,N#Cc1cnc2ccc(-c3c(-c4ccc(F)cc4)ncn3CCC(F)F)nn12,8.66,0.0,1
CHEMBL4439,N#Cc1cnc2ccc(-c3c(-c4ccc(F)cc4)ncn3CCCF)cn12,6.92,0.0,1
CHEMBL4439,N#Cc1cnc2ccc(-c3c(-c4ccc(F)cc4)ncn3CCCF)nn12,8.72,0.0,1
CHEMBL4439,N#Cc1cnc2ccc(-c3c(-c4ccc(F)cc4)ncn3CCCO)cn12,6.7,0.0,1
CHEMBL4439,N#Cc1cnc2ccc(-c3c(-c4ccc(F)cc4)ncn3CCCO)nn12,8.7,0.0,1
CHEMBL4439,N#Cc1cnc2ccc(-c3c(-c4ccc(F)cc4)ncn3CCF)nn12,8.72,0.0,1
CHEMBL4439,N#Cc1cnc2ccc(-c3c(-c4ccc(F)cc4)ncn3CCO)nn12,8.225,0.07778174593051983,2
CHEMBL4439,N#Cc1cnc2ccc(-c3c(-c4ccc(F)cc4)ncn3C[C@@H](O)CO)cn12,6.77,0.0,1
CHEMBL4439,N#Cc1cnc2ccc(-c3c(-c4ccc(F)cc4)ncn3C[C@H](O)CO)cn12,6.58,0.0,1
CHEMBL4439,N#Cc1cnc2ccc(-c3c(-c4ccc(F)cc4)ncn3[C@@H](CO)CC(F)(F)F)nn12,9.0,0.0,1
CHEMBL4439,N#Cc1cnc2ccc(-c3c(-c4ccc(F)cc4)ncn3[C@@]34CC5C[C@@H](C[C@@](O)(C5)C3)C4)nn12,5.92,0.0,1
CHEMBL4439,N#Cc1cnc2ccc(-c3c(-c4ccc(F)cc4)ncn3[C@H](CO)CC(F)(F)F)nn12,8.19,0.0,1
CHEMBL4439,N#Cc1cnc2ccc(-c3c(-c4ccc(F)cc4)ncn3[C@H]3C[C@@H](O)C3)nn12,8.64,0.0,1
CHEMBL4439,N#Cc1cnc2ccc(-c3c(-c4ccc(F)cc4C(F)(F)F)ncn3CC(F)F)nn12,7.05,0.0,1
CHEMBL4439,N#Cc1cnc2ccc(-c3c(-c4ccc(F)cc4F)ncn3CC(F)F)cn12,8.09,0.0,1
CHEMBL4439,N#Cc1cnc2ccc(-c3c(-c4ccc(N)cc4)ncn3CC(F)F)nn12,6.29,0.0,1
CHEMBL4439,N#Cc1cnc2ccc(-c3c(-c4ccc(O)cc4)ncn3CC(F)F)nn12,6.87,0.0,1
CHEMBL4439,N#Cc1cnc2ccc(-c3c(-c4ccc5c(c4)OCO5)ncn3CC(F)F)nn12,7.84,0.0,1
CHEMBL4439,N#Cc1cnc2ccc(-c3c(-c4cccc(-c5ccccc5)c4)ncn3CC(F)F)nn12,7.19,0.0,1
CHEMBL4439,N#Cc1cnc2ccc(-c3c(-c4cccc(C(F)(F)F)c4)ncn3CC(F)F)nn12,8.74,0.0,1
CHEMBL4439,N#Cc1cnc2ccc(-c3c(-c4cccc(C(N)=O)c4)ncn3CC(F)F)nn12,6.06,0.0,1
CHEMBL4439,N#Cc1cnc2ccc(-c3c(-c4cccc(CO)c4)ncn3CC(F)F)nn12,8.3,0.0,1
CHEMBL4439,N#Cc1cnc2ccc(-c3c(-c4cccc(N)c4)ncn3CC(F)F)nn12,7.84,0.0,1
CHEMBL4439,N#Cc1cnc2ccc(-c3c(-c4cccc(O)c4)ncn3CC(F)F)nn12,8.66,0.0,1
CHEMBL4439,N#Cc1cnc2ccc(-c3c(-c4cccc(OC(F)(F)F)c4)ncn3CC(F)F)nn12,9.0,0.0,1
CHEMBL4439,N#Cc1cnc2ccc(-c3c(-c4ccccc4)ncn3CC(F)F)nn12,8.54,0.0,1
CHEMBL4439,N#Cc1cnc2ccc(-c3c(-c4ccccc4C(F)(F)F)ncn3CC(F)F)nn12,6.84,0.0,1
CHEMBL4439,N#Cc1cnc2ccc(-c3c(-c4ccccc4C(N)=O)ncn3CC(F)F)nn12,7.13,0.0,1
CHEMBL4439,N#Cc1cnc2ccc(-c3c(-c4ccccc4CO)ncn3CC(F)F)nn12,8.15,0.0,1
CHEMBL4439,N#Cc1cnc2ccc(-c3c(-c4ccccc4O)ncn3CC(F)F)nn12,9.15,0.0,1
CHEMBL4439,N#Cc1cnc2ccc(-c3cc(F)cnc3-c3cccc(C(F)F)n3)cn12,7.66,0.0,1
CHEMBL4439,N#Cc1cnc2ccc(-c3cccnc3-c3cc(F)ccn3)cn12,6.68,0.0,1
CHEMBL4439,N#Cc1cnc2ccc(-c3cccnc3-c3cc(F)ccn3)nn12,6.04,0.0,1
CHEMBL4439,N#Cc1cnc2ccc(-c3cccnc3-c3ccc(F)c(C(F)F)n3)cn12,6.89,0.0,1
CHEMBL4439,N#Cc1cnc2ccc(-c3cccnc3-c3ccc(F)cn3)cn12,6.99,0.0,1
CHEMBL4439,N#Cc1cnc2ccc(-c3cccnc3-c3ccc(F)cn3)nn12,6.22,0.0,1
CHEMBL4439,N#Cc1cnc2ccc(-c3cccnc3-c3cccc(C(F)(F)F)n3)cn12,7.96,0.0,1
CHEMBL4439,N#Cc1cnc2ccc(-c3cccnc3-c3cccc(C(F)F)n3)cn12,8.05,0.0,1
CHEMBL4439,N#Cc1cnc2ccc(-c3cccnc3-c3cccc(C(F)F)n3)nn12,7.21,0.0,1
CHEMBL4439,N#Cc1cnc2ccc(-c3cccnc3-c3cccc(C4CC4)n3)cn12,7.72,0.0,1
CHEMBL4439,N#Cc1cnc2ccc(-c3cccnc3-c3cccc(F)n3)cn12,6.92,0.0,1
CHEMBL4439,N#Cc1cnc2ccc(-c3cccnc3-c3cccc(F)n3)nn12,6.4,0.0,1
CHEMBL4439,N#Cc1cnc2ccc(-c3cccnc3-c3cccc(OCc4ccccc4)n3)cn12,5.72,0.0,1
CHEMBL4439,N#Cc1cnc2ccc(-c3cccnc3-c3ccccn3)cn12,6.99,0.0,1
CHEMBL4439,N#Cc1cnn2ccc(-c3cccnc3-c3cccc(C(F)(F)F)n3)nc12,6.07,0.0,1
CHEMBL4439,N=C(NO)c1cnc2ccc(-c3c(-c4ccc(F)cc4)ncn3CC(F)F)nn12,8.96,0.0,1
CHEMBL4439,NC(=O)C(=O)N[C@@H](CO)C(=O)O,5.13,0.0,1
CHEMBL4439,NC(=O)CNC(=O)c1cnc2ccc(-c3c(-c4ccc(F)cc4)ncn3CC(F)F)cn12,8.49,0.0,1
CHEMBL4439,NC(=O)c1cc(Nc2nc(-c3cccc(C(F)(F)F)n3)nn3cccc23)ccn1,6.05,0.0,1
CHEMBL4439,NC(=O)c1ccc(-c2cc(-c3c(-c4ccc(F)cn4)nc4n3[C@H]3CC[C@@H]4C3)ccn2)cc1,7.55,0.0,1
CHEMBL4439,NC(=O)c1ccc(-c2cnc(N)c(C(=O)N[C@H]3CC[C@@H](O)CC3)c2)cc1,5.39,0.0,1
CHEMBL4439,NC(=O)c1ccc(-c2nc(-c3ccc4c(c3)OCCO4)c(-c3ccccn3)[nH]2)cc1,6.3,0.0,1
CHEMBL4439,NC(=O)c1ccc(-c2nc(-c3ccccn3)c(-c3ccc4c(c3)OCO4)[nH]2)cc1,7.06,0.11189280584559508,6
CHEMBL4439,NC(=O)c1ccc(-c2nc(-c3ccn(C(F)F)n3)c(-c3ccc4ncsc4c3)[nH]2)cc1,8.12,0.0,1
CHEMBL4439,NC(=O)c1ccc(-c2nc(-c3nc(Br)cs3)c(-c3ccc4c(c3)OCO4)[nH]2)cc1,6.57,0.0,1
CHEMBL4439,NC(=O)c1ccc(-c2nc(-c3nccs3)c(-c3ccc4c(c3)OCO4)[nH]2)cc1,5.96,0.0,1
CHEMBL4439,NC(=O)c1ccc(C2=NC(c3ccc4c(c3)OCO4)C(c3ccccn3)N2)cc1,6.97,0.0,1
CHEMBL4439,NC(=O)c1ccc2c(c1)NC(=O)/C2=C(\Nc1ccc(CN2CCCCC2)cc1)c1ccccc1,6.43,0.0,1
CHEMBL4439,NC(=O)c1cccc(-c2nc(Nc3ccncc3F)c3cccn3n2)n1,7.19,0.0,1
CHEMBL4439,NC(=O)c1ccnc2ccc(-c3c(-c4ccc(F)cn4)nc4n3[C@H]3CC[C@@H]4C3)cc12,7.58,0.0,1
CHEMBL4439,NC(=O)c1ccnc2ccc(-c3c(-c4ccccn4)nc4n3[C@H]3CC[C@@H]4C3)cc12,7.54,0.0,1
CHEMBL4439,NC(=O)c1cn2cc(-c3cccnc3-c3cccc(C(F)(F)F)n3)ccc2n1,4.82,0.0,1
CHEMBL4439,NC(=O)c1cnc2ccc(-c3c(-c4cc(Cl)c(F)cc4F)ncn3CC(F)F)cn12,9.0,0.0,1
CHEMBL4439,NC(=O)c1cnc2ccc(-c3c(-c4cc(Cl)ccc4F)ncn3CC(F)F)cn12,8.96,0.0,1
CHEMBL4439,NC(=O)c1cnc2ccc(-c3c(-c4ccc(F)c(Cl)c4)ncn3C(CO)CO)cn12,8.74,0.0,1
CHEMBL4439,NC(=O)c1cnc2ccc(-c3c(-c4ccc(F)c(Cl)c4)ncn3C3CC(F)(F)C3)cn12,8.96,0.0,1
CHEMBL4439,NC(=O)c1cnc2ccc(-c3c(-c4ccc(F)c(Cl)c4)ncn3C3CC(F)(F)C3)nn12,8.85,0.0,1
CHEMBL4439,NC(=O)c1cnc2ccc(-c3c(-c4ccc(F)c(Cl)c4)ncn3C3CC(F)C3)nn12,9.1,0.0,1
CHEMBL4439,NC(=O)c1cnc2ccc(-c3c(-c4ccc(F)c(Cl)c4)ncn3C3CC(O)C3)nn12,8.55,0.0,1
CHEMBL4439,NC(=O)c1cnc2ccc(-c3c(-c4ccc(F)c(Cl)c4)ncn3C3CCOC3)nn12,8.83,0.0848528137423864,2
CHEMBL4439,NC(=O)c1cnc2ccc(-c3c(-c4ccc(F)c(Cl)c4)ncn3C3CCOCC3)nn12,8.39,0.0,1
CHEMBL4439,NC(=O)c1cnc2ccc(-c3c(-c4ccc(F)c(Cl)c4)ncn3CC(F)F)cn12,9.22,0.0,1
CHEMBL4439,NC(=O)c1cnc2ccc(-c3c(-c4ccc(F)c(Cl)c4)ncn3CC(F)F)nn12,9.05,0.0,1
CHEMBL4439,NC(=O)c1cnc2ccc(-c3c(-c4ccc(F)c(Cl)c4)ncn3CCC(F)(F)F)nn12,8.34,0.0,1
CHEMBL4439,NC(=O)c1cnc2ccc(-c3c(-c4ccc(F)c(Cl)c4)ncn3CCC3CCC3)nn12,8.92,0.0,1
CHEMBL4439,NC(=O)c1cnc2ccc(-c3c(-c4ccc(F)c(Cl)c4)ncn3CCCCl)nn12,8.77,0.0,1
CHEMBL4439,NC(=O)c1cnc2ccc(-c3c(-c4ccc(F)c(Cl)c4)ncn3CCCO)nn12,8.8,0.0,1
CHEMBL4439,NC(=O)c1cnc2ccc(-c3c(-c4ccc(F)c(Cl)c4)ncn3CCF)nn12,8.89,0.0,1
CHEMBL4439,NC(=O)c1cnc2ccc(-c3c(-c4ccc(F)c(Cl)c4)ncn3CCN3CCCC3)nn12,8.04,0.0,1
CHEMBL4439,NC(=O)c1cnc2ccc(-c3c(-c4ccc(F)c(Cl)c4)ncn3CCN3CCOCC3)cn12,8.19,0.0,1
CHEMBL4439,NC(=O)c1cnc2ccc(-c3c(-c4ccc(F)c(Cl)c4)ncn3CCO)nn12,9.15,0.0,1
CHEMBL4439,NC(=O)c1cnc2ccc(-c3c(-c4ccc(F)c(Cl)c4)ncn3C[C@@H]3CCCO3)nn12,8.66,0.0,1
CHEMBL4439,NC(=O)c1cnc2ccc(-c3c(-c4ccc(F)c(Cl)c4)ncn3[C@H]3C[C@@H](O)C3)nn12,8.55,0.0,1
CHEMBL4439,NC(=O)c1cnc2ccc(-c3c(-c4ccc(F)c(F)c4)ncn3CC(F)F)cn12,8.74,0.0,1
CHEMBL4439,NC(=O)c1cnc2ccc(-c3c(-c4ccc(F)cc4)nc4n3CCC4)cn12,9.05,0.0,1
CHEMBL4439,NC(=O)c1cnc2ccc(-c3c(-c4ccc(F)cc4)nc4n3CCN(CC(F)F)C4)cn12,7.57,0.0,1
CHEMBL4439,NC(=O)c1cnc2ccc(-c3c(-c4ccc(F)cc4)nc4n3CCNC4)cn12,7.67,0.0,1
CHEMBL4439,NC(=O)c1cnc2ccc(-c3c(-c4ccc(F)cc4)ncn3C(CO)CO)cn12,8.08,0.0,1
CHEMBL4439,NC(=O)c1cnc2ccc(-c3c(-c4ccc(F)cc4)ncn3C(CO)CO)nn12,8.29,0.0,1
CHEMBL4439,NC(=O)c1cnc2ccc(-c3c(-c4ccc(F)cc4)ncn3C34CC(C3)C4)nn12,7.91,0.0,1
CHEMBL4439,NC(=O)c1cnc2ccc(-c3c(-c4ccc(F)cc4)ncn3C3CC(F)(F)C3)cn12,8.43,0.0,1
CHEMBL4439,NC(=O)c1cnc2ccc(-c3c(-c4ccc(F)cc4)ncn3C3CC(F)(F)C3)nn12,8.655000000000001,0.6293250352560258,2
CHEMBL4439,NC(=O)c1cnc2ccc(-c3c(-c4ccc(F)cc4)ncn3C3CC(F)C3)nn12,8.31,0.0,1
CHEMBL4439,NC(=O)c1cnc2ccc(-c3c(-c4ccc(F)cc4)ncn3C3CC3)nn12,8.6,0.0,1
CHEMBL4439,NC(=O)c1cnc2ccc(-c3c(-c4ccc(F)cc4)ncn3C3CCC(F)(F)C3)nn12,8.68,0.0,1
CHEMBL4439,NC(=O)c1cnc2ccc(-c3c(-c4ccc(F)cc4)ncn3C3CCC(F)(F)CC3)nn12,7.69,0.0,1
CHEMBL4439,NC(=O)c1cnc2ccc(-c3c(-c4ccc(F)cc4)ncn3C3CCC3)cn12,9.3,0.0,1
CHEMBL4439,NC(=O)c1cnc2ccc(-c3c(-c4ccc(F)cc4)ncn3C3CCCC3)cn12,9.1,0.0,1
CHEMBL4439,NC(=O)c1cnc2ccc(-c3c(-c4ccc(F)cc4)ncn3C3CNC3)nn12,7.34,0.0,1
CHEMBL4439,NC(=O)c1cnc2ccc(-c3c(-c4ccc(F)cc4)ncn3C3COC3)cn12,8.18,0.0,1
CHEMBL4439,NC(=O)c1cnc2ccc(-c3c(-c4ccc(F)cc4)ncn3C3COC3)nn12,8.13,0.0,1
CHEMBL4439,NC(=O)c1cnc2ccc(-c3c(-c4ccc(F)cc4)ncn3CC(F)F)cn12,8.77,0.0,1
CHEMBL4439,NC(=O)c1cnc2ccc(-c3c(-c4ccc(F)cc4)ncn3CC(F)F)nn12,9.05,0.0,1
CHEMBL4439,NC(=O)c1cnc2ccc(-c3c(-c4ccc(F)cc4)ncn3CC(O)C(F)(F)F)cn12,7.67,0.0,1
CHEMBL4439,NC(=O)c1cnc2ccc(-c3c(-c4ccc(F)cc4)ncn3CC3CCC3)cn12,9.1,0.0,1
CHEMBL4439,NC(=O)c1cnc2ccc(-c3c(-c4ccc(F)cc4)ncn3CCC(F)(F)F)nn12,8.72,0.0,1
CHEMBL4439,NC(=O)c1cnc2ccc(-c3c(-c4ccc(F)cc4)ncn3CCCF)cn12,8.72,0.0,1
CHEMBL4439,NC(=O)c1cnc2ccc(-c3c(-c4ccc(F)cc4)ncn3CCCO)cn12,8.515,0.28991378028648457,2
CHEMBL4439,NC(=O)c1cnc2ccc(-c3c(-c4ccc(F)cc4)ncn3CCCO)nn12,8.33,0.0,1
CHEMBL4439,NC(=O)c1cnc2ccc(-c3c(-c4ccc(F)cc4)ncn3CCF)nn12,9.1,0.0,1
CHEMBL4439,NC(=O)c1cnc2ccc(-c3c(-c4ccc(F)cc4)ncn3CCO)nn12,8.51,0.0,1
CHEMBL4439,NC(=O)c1cnc2ccc(-c3c(-c4ccc(F)cc4)ncn3C[C@@H](O)CO)cn12,8.24,0.0,1
CHEMBL4439,NC(=O)c1cnc2ccc(-c3c(-c4ccc(F)cc4)ncn3C[C@H](O)CO)cn12,8.17,0.0,1
CHEMBL4439,NC(=O)c1cnc2ccc(-c3c(-c4ccc(F)cc4)ncn3[C@H]3C[C@@H](O)C3)nn12,8.38,0.0,1
CHEMBL4439,NC(=O)c1cnc2ccc(-c3c(-c4ccc(F)cc4F)ncn3CC(F)F)cn12,9.0,0.0,1
CHEMBL4439,NC(=O)c1cnc2ccc(-c3cc(F)cnc3-c3cccc(C(F)F)n3)cn12,9.0,0.0,1
CHEMBL4439,NC(=O)c1cnc2ccc(-c3ccccc3-c3cccc(C(F)(F)F)n3)cn12,7.82,0.0,1
CHEMBL4439,NC(=O)c1cnc2ccc(-c3ccccc3-c3ccccn3)cn12,7.07,0.0,1
CHEMBL4439,NC(=O)c1cnc2ccc(-c3cccnc3-c3cc(F)ccn3)cn12,8.3,0.0,1
CHEMBL4439,NC(=O)c1cnc2ccc(-c3cccnc3-c3cc(F)ccn3)nn12,6.79,0.0,1
CHEMBL4439,NC(=O)c1cnc2ccc(-c3cccnc3-c3ccc(C(=O)O)cn3)cn12,4.84,0.0,1
CHEMBL4439,NC(=O)c1cnc2ccc(-c3cccnc3-c3ccc(F)cn3)cn12,8.3,0.0,1
CHEMBL4439,NC(=O)c1cnc2ccc(-c3cccnc3-c3ccc(F)cn3)nn12,6.59,0.0,1
CHEMBL4439,NC(=O)c1cnc2ccc(-c3cccnc3-c3cccc(C(F)(F)F)n3)cn12,9.0,0.0,1
CHEMBL4439,NC(=O)c1cnc2ccc(-c3cccnc3-c3cccc(C(F)F)n3)cn12,9.0,0.0,1
CHEMBL4439,NC(=O)c1cnc2ccc(-c3cccnc3-c3cccc(C(F)F)n3)nn12,7.52,0.0,1
CHEMBL4439,NC(=O)c1cnc2ccc(-c3cccnc3-c3cccc(C4CC4)n3)cn12,9.0,0.0,1
CHEMBL4439,NC(=O)c1cnc2ccc(-c3cccnc3-c3cccc(Cl)n3)cn12,9.4,0.0,1
CHEMBL4439,NC(=O)c1cnc2ccc(-c3cccnc3-c3cccc(F)n3)cn12,8.4,0.0,1
CHEMBL4439,NC(=O)c1cnc2ccc(-c3cccnc3-c3ccccn3)cn12,8.22,0.0,1
CHEMBL4439,NC(=O)c1cnc2ccc(/C=C\c3cccc(C(F)(F)F)n3)cn12,8.0,0.0,1
CHEMBL4439,NC(=O)c1cnccc1Nc1nc(-c2ccc(F)c(C(F)F)n2)nn2cccc12,8.85,0.0,1
CHEMBL4439,NC(=O)c1cnccc1Nc1nc(-c2cccc(C(F)F)n2)nn2cccc12,8.8,0.0,1
CHEMBL4439,NC(=O)c1cnccc1Nc1nc(-c2ccccn2)nn2cccc12,9.12,0.0,1
CHEMBL4439,NC(=O)c1nc(N(c2cn[nH]c2)C2CC2)sc1-c1cc(C(=O)C2CC2)c[nH]1,7.76,0.0,1
CHEMBL4439,NC(=O)c1nc(N(c2cn[nH]c2)C2CC2)sc1-c1cc(C(=O)c2ccccc2)c[nH]1,7.03,0.0,1
CHEMBL4439,NC(=O)c1nc(N(c2cn[nH]c2)C2CC2)sc1-c1ccc[nH]1,7.495,0.007071067811865324,2
CHEMBL4439,NC(=O)c1nc(N(c2cnn(-c3ccc(F)cc3)c2)C2CC2)sc1-c1ccc[nH]1,7.19,0.0,1
CHEMBL4439,NC(=O)c1nc(N(c2cnn(-c3cccc(F)c3)c2)C2CC2)sc1-c1ccc[nH]1,7.2,0.0,1
CHEMBL4439,NC(=O)c1nc(N(c2cnn(-c3ccccc3)c2)C2CC2)sc1-c1ccc[nH]1,7.23,0.0,1
CHEMBL4439,NC(=O)c1nc(N(c2cnn(-c3ccccc3F)c2)C2CC2)sc1-c1ccc[nH]1,7.39,0.0,1
CHEMBL4439,NC(=O)c1nc(N(c2cnn(-c3ccccn3)c2)C2CC2)sc1-c1ccc[nH]1,7.42,0.0,1
CHEMBL4439,NC(=O)c1nc(N(c2cnn(-c3cccnc3)c2)C2CC2)sc1-c1ccc[nH]1,6.79,0.0,1
CHEMBL4439,NC(=O)c1nc(N(c2cnn(-c3ccncc3)c2)C2CC2)sc1-c1ccc[nH]1,7.45,0.0,1
CHEMBL4439,NC(=O)c1nc(N(c2cnn(-c3ccncc3F)c2)C2CC2)sc1-c1cc(C(=O)N2CCCC2)c[nH]1,8.23,0.0,1
CHEMBL4439,NC(=O)c1nc(N(c2cnn(-c3ccncc3F)c2)C2CC2)sc1-c1cc(C(=O)N2CCOCC2)c[nH]1,8.57,0.0,1
CHEMBL4439,NC(=O)c1nc(N(c2cnn(-c3ccncc3F)c2)C2CC2)sc1-c1ccc[nH]1,7.84,0.0,1
CHEMBL4439,NC(=O)c1nc(N(c2cnn(-c3ccncn3)c2)C2CC2)sc1-c1ccc[nH]1,6.82,0.0,1
CHEMBL4439,NC(=O)c1nc(N(c2cnn(-c3ncccn3)c2)C2CC2)sc1-c1ccc[nH]1,7.46,0.0,1
CHEMBL4439,NC(=O)c1nc(N(c2cnn(C3CC3)c2)C2CC2)sc1-c1ccc[nH]1,6.53,0.0,1
CHEMBL4439,NC(=O)c1nc(N(c2cnn(CCO)c2)C2CC2)sc1-c1cc(C(=O)N2CCOCC2)c[nH]1,7.27,0.0,1
CHEMBL4439,NC(=O)c1nnc2cc(-c3c(-c4ccccn4)nc4n3[C@H]3CC[C@@H]4C3)ccn12,7.41,0.0,1
CHEMBL4439,NC(=O)c1nnc2ccc(-c3c(-c4ccc(F)cn4)nc4n3C3CCC4C3)cn12,7.37,0.0,1
CHEMBL4439,NC(=O)c1nnc2ccc(-c3c(-c4ccc(F)cn4)nc4n3[C@@H]3CC[C@H]4C3)cn12,7.89,0.0,1
CHEMBL4439,NC(=O)c1nnc2ccc(-c3c(-c4ccc(F)cn4)nc4n3[C@H]3CC[C@@H]4C3)cn12,7.89,0.0,1
CHEMBL4439,NCCCNCc1ccn2nc(-c3ccccn3)nc(Nc3ccncc3F)c12,8.54,0.0,1
CHEMBL4439,NCc1cnc2ccc(-c3c(-c4ccc(F)cc4)ncn3CC(F)F)nn12,7.7,0.0,1
CHEMBL4439,NNC(=O)c1cnc2ccc(-c3c(-c4ccc(F)cc4)ncn3CC(F)F)nn12,8.74,0.0,1
CHEMBL4439,NS(=O)(=O)c1cc(Nc2cc(Oc3cn(C4CC4)nc3C3CCOCC3)ccn2)ccc1F,7.55,0.0,1
CHEMBL4439,NS(=O)(=O)c1ccc(Nc2cc(Oc3cc(C(F)(F)F)nn3C3CCOCC3)ccn2)cc1,7.55,0.0,1
CHEMBL4439,NS(=O)(=O)c1ccc(Nc2cc(Oc3cc(C4CC4)nn3C3CC3)ccn2)cc1,7.36,0.0,1
CHEMBL4439,NS(=O)(=O)c1ccc(Nc2cc(Oc3cc(C4CC4)nn3C3CCOCC3)ccn2)cc1,7.43,0.0,1
CHEMBL4439,NS(=O)(=O)c1ccc(Nc2cc(Oc3cn(C4CC4)nc3C3CCOCC3)ccn2)cc1,7.85,0.0,1
CHEMBL4439,NS(=O)(=O)c1cccc(Nc2cc(Oc3cn(C4CC4)nc3C3CCOCC3)ccn2)c1,8.04,0.0,1
CHEMBL4439,N[C@@H]1CCN(Cc2ccn3nc(-c4ccccn4)nc(Nc4ccncc4F)c23)C[C@H]1O,8.8,0.0,1
CHEMBL4439,N[C@H]1CCN(Cc2ccn3nc(-c4ccccn4)nc(Nc4ccncc4F)c23)C[C@@H]1O,8.54,0.0,1
CHEMBL4439,N[C@H]1CC[C@H](NCc2ccn3nc(-c4ccccn4)nc(Nc4ccncc4F)c23)CC1,8.54,0.0,1
CHEMBL4439,Nc1ccc2c(-c3c(-c4ccccn4)nn4c3CCC4)ccnc2c1,7.23,0.0,1
CHEMBL4439,Nc1cccc(-c2nc(Nc3ccncc3F)c3cccn3n2)n1,8.8,0.0,1
CHEMBL4439,Nc1cnc2ccc(-c3c(-c4ccc(F)cc4)ncn3CC(F)F)cn12,8.92,0.0,1
CHEMBL4439,Nc1nc(-c2cc(Cl)ccn2)c(-c2ccnc3ccccc23)s1,5.99,0.0,1
CHEMBL4439,Nc1nc(-c2ccc(Cl)cn2)c(-c2ccnc3ccccc23)s1,5.75,0.0,1
CHEMBL4439,Nc1nc(-c2ccc(F)cc2)c(-c2ccc3ncccc3n2)s1,7.68,0.39597979746446665,2
CHEMBL4439,Nc1nc(-c2ccc(F)cc2)c(-c2ccc3nccn3c2)n1CC(F)F,6.96,0.0,1
CHEMBL4439,Nc1nc(-c2cccc(Cl)c2)c(-c2ccc3ncccc3n2)s1,7.795,0.1343502884254437,2
CHEMBL4439,Nc1nc(-c2cccc(Cl)n2)c(-c2ccnc3ccccc23)s1,5.75,0.0,1
CHEMBL4439,Nc1nc(-c2ccccc2)cc(-c2ccc3c(N)n[nH]c3c2)n1,5.5,0.0,1
CHEMBL4439,Nc1nc(-c2ccccc2F)c(-c2ccnc3ccccc23)s1,5.9,0.0,1
CHEMBL4439,Nc1nc(-c2ccccn2)c(-c2ccc3ccccc3n2)s1,5.45,0.0,1
CHEMBL4439,Nc1nc(-c2ccccn2)c(-c2ccc3ncccc3n2)s1,7.550000000000001,0.2121320343559638,2
CHEMBL4439,Nc1nc(-c2ccccn2)c(-c2cccc3ccccc23)s1,4.96,0.0,1
CHEMBL4439,Nc1nc(-c2ccccn2)c(-c2ccnc3ccccc23)s1,6.35,0.2969848480983499,2
CHEMBL4439,Nc1nc(-c2ccccn2)c(-c2ccnc3ncccc23)s1,5.1,0.0,1
CHEMBL4439,Nc1nc(-c2cccnc2)c(-c2ccnc3ccccc23)s1,5.4,0.0,1
CHEMBL4439,Nc1nc(-c2nccs2)c(-c2ccnc3ccccc23)s1,5.93,0.0,1
CHEMBL4439,Nc1nc(NC2CCCC2)cc(-c2ccc3c(N)n[nH]c3c2)n1,6.4,0.0,1
CHEMBL4439,Nc1nc(Nc2ccccc2)cc(-c2ccc3c(N)n[nH]c3c2)n1,7.6,0.0,1
CHEMBL4439,Nc1ncc(-c2ccc(C(=O)N3CCOCC3)cc2)cc1C(=O)NC1CCCCC1,5.28,0.0,1
CHEMBL4439,Nc1ncc(-c2ccc(C3CCNC3)cc2)cc1C(=O)N[C@H]1CC[C@H](O)CC1,5.57,0.0,1
CHEMBL4439,Nc1ncc(-c2ccc(CN3CC4(CCC4)C3)cc2)cc1C(=O)N[C@H]1CC[C@H](O)CC1,5.57,0.0,1
CHEMBL4439,Nc1ncc(-c2ccc(CN3CCC(N4CCOCC4)CC3)cc2Cl)nc1C(=O)NC12CCC(O)(CC1)CC2,5.66,0.0,1
CHEMBL4439,Nc1ncc(-c2ccc(N3CCCCC3)cc2)cc1C(=O)NC1CCCCC1,5.14,0.0,1
CHEMBL4439,Nc1ncc(-c2ccc(N3CCNCC3)cc2)cc1-c1ccc2c(c1)OCCO2,4.82,0.0,1
CHEMBL4439,Nc1ncc(-c2ccc(N3CCNCC3)cc2)cc1-c1cccc2ncccc12,4.0,0.0,1
CHEMBL4439,Nc1ncc(-c2ccc(N3CCNCC3)cc2)cc1-c1ccnc2ccccc12,4.68,0.0,1
CHEMBL4439,Nc1ncc(-c2ccc(N3CCNCC3)cc2F)cc1C(=O)N[C@H]1CC[C@H](O)CC1,5.4,0.0,1
CHEMBL4439,Nc1ncc(-c2ccc(N3CCOCC3)cc2)cc1C(=O)NC1CCCCC1,5.47,0.0,1
CHEMBL4439,Nc1ncc(-c2ccc(OCCCN3CCCCC3)cc2)cc1C(=O)NC1CCCCC1,5.46,0.0,1
CHEMBL4439,Nc1ncc(-c2ccc(OCCCN3CCOCC3)cc2)cc1C(=O)NC1CCCCC1,5.07,0.0,1
CHEMBL4439,Nc1ncc(-c2ccc([C@@]34C[C@@H]3CN(C(CF)CF)C4)cc2)cc1C(=O)N[C@H]1CC[C@H](O)CC1,5.0,0.0,1
CHEMBL4439,Nc1ncc(-c2ccc([C@@]34C[C@@H]3CN(C3CCC(F)(F)CC3)C4)cc2)cc1C(=O)NC12CCC(O)(CC1)CC2,5.18,0.0,1
CHEMBL4439,Nc1ncc(-c2ccc([C@@]34C[C@@H]3CN(C3CCC(F)(F)CC3)C4)cc2)cc1C(=O)N[C@H]1CC[C@H](O)CC1,5.85,0.0,1
CHEMBL4439,Nc1ncc(-c2ccc([C@@]34C[C@@H]3CN(C3CCN(CC(F)(F)F)CC3)C4)cc2)cc1C(=O)N[C@H]1CC[C@H](O)CC1,5.8,0.0,1
CHEMBL4439,Nc1ncc(-c2ccc([C@@]34C[C@@H]3CN(C3CCOCC3)C4)cc2)cc1C(=O)NC12CC(CO)(C1)C2,5.4,0.0,1
CHEMBL4439,Nc1ncc(-c2ccc([C@@]34C[C@@H]3CN(C3CCOCC3)C4)cc2)cc1C(=O)NC12CCC(O)(CC1)CC2,5.2,0.0,1
CHEMBL4439,Nc1ncc(-c2ccc([C@@]34C[C@@H]3CN(C3CCOCC3)C4)cc2)cc1C(=O)N[C@@H]1CC[C@@H](O)[C@@H](F)C1,6.05,0.0,1
CHEMBL4439,Nc1ncc(-c2ccc([C@@]34C[C@@H]3CN(C3CCOCC3)C4)cc2)cc1C(=O)N[C@H]1CC[C@@H](O)CC1,5.6,0.0,1
CHEMBL4439,Nc1ncc(-c2ccc([C@@]34C[C@@H]3CN(C3CCOCC3)C4)cc2)cc1C(=O)N[C@H]1CC[C@H](O)CC1,5.73,0.0,1
CHEMBL4439,Nc1ncc(-c2ccc([C@@]34C[C@@H]3CN(C3CCS(=O)(=O)CC3)C4)cc2)cc1C(=O)N[C@H]1CC[C@H](O)CC1,5.5,0.0,1
CHEMBL4439,Nc1ncc(-c2ccc([C@@]34C[C@@H]3CN(C3COC3)C4)cc2)cc1C(=O)NC12CCC(O)(CC1)CC2,5.12,0.0,1
CHEMBL4439,Nc1ncc(-c2ccc([C@@]34C[C@@H]3CN(CC(F)(F)F)C4)cc2)cc1C(=O)N[C@H]1CC[C@H](O)CC1,5.0,0.0,1
CHEMBL4439,Nc1ncc(-c2ccc([C@@]34C[C@@H]3CN(CC3COC3)C4)cc2)cc1C(=O)N[C@H]1CC[C@H](O)CC1,5.03,0.0,1
CHEMBL4439,Nc1ncc(-c2ccc([C@@]34C[C@@H]3CN(CCC(F)(F)F)C4)cc2)cc1C(=O)N[C@H]1CC[C@H](O)CC1,5.33,0.0,1
CHEMBL4439,Nc1ncc(-c2ccc([C@@]34C[C@@H]3CN(CCF)C4)cc2)cc1C(=O)NC12CCC(O)(CC1)CC2,5.36,0.0,1
CHEMBL4439,Nc1ncc(-c2ccc([C@@]34C[C@@H]3CN(CCF)C4)cc2)cc1C(=O)N[C@H]1CC[C@H](O)CC1,5.28,0.0,1
CHEMBL4439,Nc1ncc(-c2ccc([C@@]34C[C@@H]3CN(CCN3CCOCC3)C4)cc2)cc1C(=O)NC12CCC(O)(CC1)CC2,5.42,0.0,1
CHEMBL4439,Nc1ncc(-c2ccc([C@@]34C[C@@H]3CN(CCN3CCOCC3)C4)cc2)cc1C(=O)N[C@H]1CC[C@H](O)CC1,5.58,0.0,1
CHEMBL4439,Nc1ncc(-c2ccc([C@@]34C[C@@H]3CN(CCOCC(F)(F)F)C4)cc2)cc1C(=O)N[C@H]1CC[C@H](O)CC1,5.17,0.0,1
CHEMBL4439,Nc1ncc(-c2ccc([C@]34C[C@H]3CN(C(CF)CF)C4)cc2)cc1C(=O)N[C@H]1CC[C@H](O)CC1,5.0,0.0,1
CHEMBL4439,Nc1ncc(-c2ccc([C@]34C[C@H]3CN(C3CCC(F)(F)CC3)C4)cc2)cc1C(=O)NC12CCC(O)(CC1)CC2,5.24,0.0,1
CHEMBL4439,Nc1ncc(-c2ccc([C@]34C[C@H]3CN(C3CCC(F)(F)CC3)C4)cc2)cc1C(=O)N[C@H]1CC[C@H](O)CC1,5.89,0.0,1
CHEMBL4439,Nc1ncc(-c2ccc([C@]34C[C@H]3CN(C3CCOCC3)C4)cc2)cc1C(=O)NC12CC(CO)(C1)C2,5.03,0.0,1
CHEMBL4439,Nc1ncc(-c2ccc([C@]34C[C@H]3CN(C3CCOCC3)C4)cc2)cc1C(=O)NC12CCC(O)(CC1)CC2,5.32,0.0,1
CHEMBL4439,Nc1ncc(-c2ccc([C@]34C[C@H]3CN(C3CCOCC3)C4)cc2)cc1C(=O)N[C@H]1CC[C@H](O)CC1,5.75,0.0,1
CHEMBL4439,Nc1ncc(-c2ccc([C@]34C[C@H]3CN(C3COC3)C4)cc2)cc1C(=O)NC12CCC(O)(CC1)CC2,5.17,0.0,1
CHEMBL4439,Nc1ncc(-c2ccc([C@]34C[C@H]3CN(C3COC3)C4)cc2)cc1C(=O)N[C@H]1CC[C@H](O)CC1,5.37,0.0,1
CHEMBL4439,Nc1ncc(-c2ccc([C@]34C[C@H]3CN(CC(F)(F)F)C4)cc2)cc1C(=O)N[C@H]1CC[C@H](O)CC1,5.0,0.0,1
CHEMBL4439,Nc1ncc(-c2ccc([C@]34C[C@H]3CN(CC3COC3)C4)cc2)cc1C(=O)N[C@H]1CC[C@H](O)CC1,5.82,0.0,1
CHEMBL4439,Nc1ncc(-c2ccc([C@]34C[C@H]3CN(CCC(F)(F)F)C4)cc2)cc1C(=O)N[C@H]1CC[C@H](O)CC1,5.8,0.0,1
CHEMBL4439,Nc1ncc(-c2ccc([C@]34C[C@H]3CN(CCCN3CCOCC3)C4)cc2)cc1C(=O)N[C@H]1CC[C@H](O)CC1,5.66,0.0,1
CHEMBL4439,Nc1ncc(-c2ccc([C@]34C[C@H]3CN(CCF)C4)cc2)cc1C(=O)NC12CCC(O)(CC1)CC2,5.16,0.0,1
CHEMBL4439,Nc1ncc(-c2ccc([C@]34C[C@H]3CN(CCF)C4)cc2)cc1C(=O)N[C@H]1CC[C@H](O)CC1,5.62,0.0,1
CHEMBL4439,Nc1ncc(-c2ccc([C@]34C[C@H]3CN(CCN3CCOCC3)C4)cc2)cc1C(=O)NC12CCC(O)(CC1)CC2,5.41,0.0,1
CHEMBL4439,Nc1ncc(-c2ccc([C@]34C[C@H]3CN(CCN3CCOCC3)C4)cc2)cc1C(=O)N[C@H]1CC[C@H](O)CC1,5.51,0.0,1
CHEMBL4439,Nc1ncc(-c2cccc(C(=O)N3CCN(CCO)CC3)c2)cc1C(=O)NC1CCCCC1,4.7,0.0,1
CHEMBL4439,Nc1ncc(-c2cccc(C(=O)N3CCOCC3)c2)cc1C(=O)NC1CCCCC1,4.7,0.0,1
CHEMBL4439,Nc1ncc(-c2cccc(N3CCNCC3)c2)cc1-c1ccnc2ccccc12,5.3,0.0,1
CHEMBL4439,Nc1nccc(-c2ccc3c(N)n[nH]c3c2)n1,5.8,0.0,1
CHEMBL4439,Nc1ncnc2c1c(-c1ccc3[nH]ccc3c1)nn2CCC1CCN(C(=O)c2ccccc2)CC1,6.88,0.0,1
CHEMBL4439,Nc1ncnc2c1c(-c1ccc3[nH]ccc3c1)nn2CCC1CCN(S(=O)(=O)C2CC2)CC1,6.58,0.0,1
CHEMBL4439,Nc1ncnc2c1c(-c1ccc3[nH]ccc3c1)nn2CCC1CCN(S(=O)(=O)c2ccc(C(F)(F)F)cc2)CC1,6.57,0.0,1
CHEMBL4439,Nc1ncnc2c1c(-c1ccc3[nH]ccc3c1)nn2CCC1CCN(S(=O)(=O)c2ccccc2F)CC1,6.06,0.0,1
CHEMBL4439,Nc1ncnc2ccc(-c3cccnc3-c3ccc(F)cn3)nc12,7.38,0.0,1
CHEMBL4439,Nc1ncnc2ccc(-c3cccnc3-c3cccc(C(F)F)n3)cc12,8.7,0.0,1
CHEMBL4439,Nc1ncnc2ccc(-c3cccnc3-c3cccc(C(F)F)n3)nc12,8.52,0.0,1
CHEMBL4439,Nc1ncnc2ccc(-c3cccnc3-c3cccc(C4CC4)n3)cc12,8.7,0.0,1
CHEMBL4439,Nc1ncnc2ccc(-c3cccnc3-c3cccc(C4CC4)n3)nc12,8.4,0.0,1
CHEMBL4439,O=C(C1CC1)N1CC2(C1)CC(O)(c1cc(Nc3cc(Oc4cn(C5CC5)nc4C4CC(F)(F)C4)ccn3)ccn1)C2,7.21,0.0,1
CHEMBL4439,O=C(CC(F)(F)F)Nc1cc(Nc2nc(-c3cccc(C(F)(F)F)n3)nn3cccc23)ccn1,8.29,0.0,1
CHEMBL4439,O=C(CCC(F)(F)F)Nc1cc(Nc2nc(-c3cccc(C(F)(F)F)n3)nn3cccc23)ccn1,8.48,0.0,1
CHEMBL4439,O=C(CCN1CC(F)(F)C1)Nc1cc(Nc2nc(-c3cccc(C(F)(F)F)n3)nn3cccc23)ccn1,8.57,0.0,1
CHEMBL4439,O=C(CCN1CCC(O)CC1)Nc1cc(Nc2nc(-c3cccc(C(F)(F)F)n3)nn3cccc23)ccn1,8.92,0.0,1
CHEMBL4439,O=C(CCN1CC[C@@H](O)C1)Nc1cc(Nc2nc(-c3cccc(C(F)(F)F)n3)nn3cccc23)ccn1,8.74,0.0,1
CHEMBL4439,O=C(CCO)N[C@@H](CO)C(=O)O,7.15,0.0,1
CHEMBL4439,O=C(CCO)Nc1ccc2c(-c3c(-c4ccccn4)nn4c3CCC4)ccnc2c1,7.5,0.0,1
CHEMBL4439,O=C(CN1CCCC1)Nc1cc(Nc2nc(-c3cccc(C(F)(F)F)n3)nc3[nH]ccc23)ccn1,9.38,0.0,1
CHEMBL4439,O=C(CN1CCCC1)Nc1cc(Nc2nc(-c3cccc(C(F)F)n3)nn3cccc23)ccn1,9.05,0.0,1
CHEMBL4439,O=C(CN1CCCC1)Nc1ccc(-c2cc(-c3c[nH]nc3-c3ccccn3)ccn2)cc1,6.96,0.0,1
CHEMBL4439,O=C(CN1CCCCC1)Nc1cc(Nc2nc(-c3cccc(C(F)(F)F)n3)nn3cccc23)ccn1,8.77,0.0,1
CHEMBL4439,O=C(CN1CCN(CCO)CC1)Nc1cc(Nc2nc(-c3cccc(C(F)(F)F)n3)nn3cccc23)ccn1,8.74,0.0,1
CHEMBL4439,O=C(CN1CCNCC1)Nc1cc(Nc2nc(-c3cccc(C(F)(F)F)n3)nn3cccc23)ccn1,8.89,0.0,1
CHEMBL4439,O=C(CN1CCOCC1)Nc1cc(Nc2nc(-c3cccc(C(F)(F)F)n3)nc3[nH]ccc23)ccn1,9.11,0.0,1
CHEMBL4439,O=C(CN1CCOCC1)Nc1cc(Nc2nc(-c3cccc(C(F)(F)F)n3)nn3cccc23)ccn1,8.59,0.0,1
CHEMBL4439,O=C(CN1CC[C@@H](O)C1)Nc1cc(Nc2nc(-c3cccc(C(F)(F)F)n3)nn3cccc23)ccn1,9.52,0.0,1
CHEMBL4439,O=C(CN1CC[C@H](O)C1)Nc1cc(Nc2nc(-c3cccc(C(F)(F)F)n3)nn3cccc23)ccn1,8.0,0.0,1
CHEMBL4439,O=C(NC(CO)CO)c1cnccc1Nc1cc(-c2cc(Cl)ccc2F)ncc1N1CCCC1,7.1,0.0,1
CHEMBL4439,O=C(NC1CC1)c1cnc2ccc(-c3c(-c4ccc(F)cc4)ncn3CC(F)F)cn12,8.02,0.0,1
CHEMBL4439,O=C(NC1CC1)c1cnc2ccc(-c3c(-c4ccc(F)cc4)ncn3CC(F)F)nn12,8.92,0.0,1
CHEMBL4439,O=C(NC1CC1)c1cnccc1Nc1cc(-c2cc(Cl)ccc2F)nc2[nH]ccc12,7.7,0.0,1
CHEMBL4439,O=C(NC1CC1)c1cnccc1Nc1cc(-c2ccc(F)cc2F)nc2[nH]ccc12,7.9,0.0,1
CHEMBL4439,O=C(NC1CC1)c1cnn2ccc(-c3cccnc3-c3cccc(C(F)(F)F)n3)nc12,7.03,0.0,1
CHEMBL4439,O=C(NC1CCC(F)(F)CC1)c1cnccc1Nc1nc(-c2cccc(C(F)F)n2)nn2cccc12,6.39,0.0,1
CHEMBL4439,O=C(NC1CCC1)c1cnccc1Nc1nc(-c2cccc(C(F)F)n2)nn2cccc12,7.64,0.0,1
CHEMBL4439,O=C(NC1CCOC1)c1cnccc1Nc1nc(-c2cccc(C(F)F)n2)nn2cccc12,7.68,0.0,1
CHEMBL4439,O=C(NC1CCOCC1)c1ccc(-c2cc(-c3c[nH]nc3-c3ccccn3)ccn2)cc1,7.75,0.0,1
CHEMBL4439,O=C(NC1CCOCC1)c1cnccc1Nc1nc(-c2cccc(C(F)F)n2)nn2cccc12,6.66,0.0,1
CHEMBL4439,O=C(NCCC(F)(F)F)c1cnccc1Nc1nc(-c2cccc(C(F)F)n2)nn2cccc12,6.85,0.0,1
CHEMBL4439,O=C(NCCCN1CCCC1)c1cnccc1Nc1nc(-c2cccc(C(F)(F)F)n2)nn2cccc12,7.33,0.0,1
CHEMBL4439,O=C(NCCCN1CCCC1)c1cnccc1Nc1nc(-c2ccccn2)nn2cccc12,7.8,0.0,1
CHEMBL4439,O=C(NCCCN1CCCC1=O)c1cnccc1Nc1nc(-c2cc(Br)ccc2F)nc2nccnc12,8.49,0.0,1
CHEMBL4439,O=C(NCCCN1CCCC1=O)c1cnccc1Nc1nc(-c2ccccn2)nn2cccc12,7.31,0.0,1
CHEMBL4439,O=C(NCCCN1CCOCC1)c1cnccc1Nc1nc(-c2cccc(C(F)(F)F)n2)nn2cccc12,7.35,0.0,1
CHEMBL4439,O=C(NCCCN1CCS(=O)(=O)CC1)c1cnccc1Nc1nc(-c2cccc(C(F)F)n2)nn2cccc12,8.07,0.0,1
CHEMBL4439,O=C(NCCCN1CCS(=O)(=O)CC1)c1cnccc1Nc1nc(-c2ccccn2)nn2cccc12,7.08,0.0,1
CHEMBL4439,O=C(NCCN1CCCC1)c1cnccc1Nc1nc(-c2cccc(C(F)(F)F)n2)nn2cccc12,7.77,0.0,1
CHEMBL4439,O=C(NCCN1CCCC1)c1cnccc1Nc1nc(-c2ccccn2)nn2cccc12,7.72,0.0,1
CHEMBL4439,O=C(NCCN1CCCCC1)c1cnccc1Nc1nc(-c2cccc(C(F)(F)F)n2)nn2cccc12,6.92,0.0,1
CHEMBL4439,O=C(NCCN1CCCCC1)c1cnccc1Nc1nc(-c2ccccn2)nn2cccc12,7.6,0.0,1
CHEMBL4439,O=C(NCCN1CCNCC1)c1cnccc1Nc1nc(-c2ccccn2)nn2cccc12,7.31,0.0,1
CHEMBL4439,O=C(NCCN1CCS(=O)(=O)CC1)c1cnccc1Nc1nc(-c2cccc(C(F)(F)F)n2)nn2cccc12,6.58,0.0,1
CHEMBL4439,O=C(NCCN1CCS(=O)(=O)CC1)c1cnccc1Nc1nc(-c2cccc(C(F)F)n2)nn2cccc12,7.21,0.0,1
CHEMBL4439,O=C(NCCN1CCS(=O)(=O)CC1)c1cnccc1Nc1nc(-c2ccccn2)nn2cccc12,5.58,0.0,1
CHEMBL4439,O=C(NCCO)c1cnccc1Nc1nc(-c2cccc(C(F)F)n2)nn2cccc12,8.41,0.0,1
CHEMBL4439,O=C(NCCOCCO)c1cnccc1Nc1nc(-c2cccc(C(F)F)n2)nn2cccc12,7.64,0.0,1
CHEMBL4439,O=C(NCc1ccccn1)c1cnccc1Nc1nc(-c2cccc(C(F)F)n2)nn2cccc12,7.5,0.0,1
CHEMBL4439,O=C(NCc1ccn[nH]1)c1cnccc1Nc1nc(-c2cccc(C(F)F)n2)nn2cccc12,7.38,0.0,1
CHEMBL4439,O=C(NCc1cnc2ccc(-c3c(-c4ccc(F)cc4)ncn3CC(F)F)nn12)C1CC1,8.28,0.0,1
CHEMBL4439,O=C(NCc1cocn1)c1cnccc1Nc1nc(-c2cccc(C(F)F)n2)nn2cccc12,7.58,0.0,1
CHEMBL4439,O=C(NCc1nc[nH]n1)c1cnccc1Nc1nc(-c2cccc(C(F)F)n2)nn2cccc12,7.19,0.0,1
CHEMBL4439,O=C(NCc1nccs1)c1cnccc1Nc1nc(-c2cccc(C(F)F)n2)nn2cccc12,7.36,0.0,1
CHEMBL4439,O=C(N[C@@H](CO)C(=O)O)C1CC1,7.68,0.0,1
CHEMBL4439,O=C(N[C@@H]1CCCC[C@H]1O)c1cnccc1Nc1nc(-c2cccc(C(F)F)n2)nn2cccc12,6.42,0.0,1
CHEMBL4439,O=C(N[C@@H]1CCC[C@@H]1O)c1cnccc1Nc1nc(-c2cccc(C(F)F)n2)nn2cccc12,6.85,0.0,1
CHEMBL4439,O=C(N[C@H]1CCCC[C@@H]1O)c1cnccc1Nc1nc(-c2cccc(C(F)F)n2)nn2cccc12,6.32,0.0,1
CHEMBL4439,O=C(N[C@H]1CCC[C@@H]1O)c1cnccc1Nc1nc(-c2cccc(C(F)F)n2)nn2cccc12,7.21,0.0,1
CHEMBL4439,O=C(Nc1cc(Nc2nc(-c3cccc(C(F)(F)F)n3)nc3[nH]ccc23)ccn1)C1CC1,9.06,0.0,1
CHEMBL4439,O=C(Nc1cc(Nc2nc(-c3cccc(C(F)(F)F)n3)nn3cccc23)ccn1)C1CC1,9.43,0.0,1
CHEMBL4439,O=C(Nc1cc(Nc2nc(-c3cccc(C(F)(F)F)n3)nn3cccc23)ccn1)[C@@H]1CCCN1,7.06,0.0,1
CHEMBL4439,O=C(Nc1ccc(-c2cc(-c3c[nH]nc3-c3ccccn3)ccn2)cc1)C1CCOCC1,6.95,0.0,1
CHEMBL4439,O=C(Nc1ccc2c(-c3c(-c4ccccn4)nn4c3CCC4)ccnc2c1)OCCO,7.1,0.0,1
CHEMBL4439,O=C(Nc1ccccc1)c1ccc(-c2cc(-c3c[nH]nc3-c3ccccn3)ccn2)cc1,7.75,0.0,1
CHEMBL4439,O=C(O)C1CN(c2cc(Nc3cc(Oc4cn(C5CC5)nc4C4CCOCC4)ccn3)ccn2)C1,6.63,0.0,1
CHEMBL4439,O=C(O)[C@H](CO)NC(=O)N1CCCC1,7.12,0.0,1
CHEMBL4439,O=C(O)c1ccc(-c2cc(-c3c[nH]nc3-c3ccccn3)ccn2)cc1,7.57,0.0,1
CHEMBL4439,O=C(O)c1ccc(-c2nc(-c3ccc(F)cc3)c(-c3ccccn3)[nH]2)cc1,5.82,0.0,1
CHEMBL4439,O=C(O)c1ccc(-c2nc(-c3ccc(F)cc3)c(-c3ccncc3)[nH]2)cc1,6.4,0.0,1
CHEMBL4439,O=C(O)c1ccc(-c2nc(-c3ccc4c(c3)OCO4)c(-c3ccccn3)[nH]2)cc1,6.77,0.0,1
CHEMBL4439,O=C(O)c1cnn2ccc(-c3cccnc3-c3cccc(C(F)(F)F)n3)nc12,6.86,0.0,1
CHEMBL4439,O=C(O)c1cnn2ccc(-c3cccnc3-c3cccc(C(F)F)n3)nc12,6.97,0.0,1
CHEMBL4439,O=C(c1cc(Nc2cc(Oc3cn(C4CC4)nc3C3CCOCC3)ccn2)ccc1F)N1CCOCC1,6.94,0.0,1
CHEMBL4439,O=C(c1ccc(-c2cc(-c3c[nH]nc3-c3ccccn3)ccn2)cc1)N1CCCC1,6.96,0.0,1
CHEMBL4439,O=C(c1ccc(-c2cc(-c3c[nH]nc3-c3ccccn3)ccn2)cc1)N1CCOCC1,6.91,0.0,1
CHEMBL4439,O=C(c1cnccc1Nc1nc(-c2cccc(C(F)F)n2)nn2cccc12)N1CCC(F)(F)CC1,6.12,0.0,1
CHEMBL4439,O=C(c1cnccc1Nc1nc(-c2cccc(C(F)F)n2)nn2cccc12)N1CCC(O)(c2ccccc2)CC1,5.92,0.0,1
CHEMBL4439,O=C(c1cnccc1Nc1nc(-c2cccc(C(F)F)n2)nn2cccc12)N1CCC(O)CC1,5.46,0.0,1
CHEMBL4439,O=C(c1cnccc1Nc1nc(-c2cccc(C(F)F)n2)nn2cccc12)N1CCC1,8.37,0.0,1
CHEMBL4439,O=C(c1cnccc1Nc1nc(-c2cccc(C(F)F)n2)nn2cccc12)N1CCCC1,7.5,0.0,1
CHEMBL4439,O=C1CCCN1c1cc(Nc2nc(-c3cccc(C(F)F)n3)nc3[nH]ccc23)ccn1,8.24,0.0,1
CHEMBL4439,O=C1Nc2cc(C(=O)C3CCCN3)ccc2/C1=C(/Nc1ccc(CN2CCCCC2)cc1)c1ccccc1,6.61,0.0,1
CHEMBL4439,O=C1Nc2cc(C(=O)NCCO)ccc2/C1=C(/Nc1ccc(CN2CCCCC2)cc1)c1ccccc1,6.37,0.0,1
CHEMBL4439,O=C1Nc2cc(C(=O)NCc3ccccc3)ccc2/C1=C(/Nc1ccc(CN2CCCCC2)cc1)c1ccccc1,5.82,0.0,1
CHEMBL4439,O=C1Nc2ccccc2/C1=C(/Nc1ccc(CN2CCCCC2)cc1)c1ccccc1,5.46,0.0,1
CHEMBL4439,O=S(=O)(Nc1ccc(Cl)cc1)c1c[nH]c2ncccc12,5.63,0.0,1
CHEMBL4439,O=S(=O)(Nc1ccc(Cl)cn1)c1c[nH]c2ncccc12,6.24,0.0,1
CHEMBL4439,O=S(=O)(Nc1ccc(F)c(Cl)c1)c1c[nH]c2ncccc12,5.42,0.0,1
CHEMBL4439,O=S(=O)(Nc1ccc(F)cc1)c1c[nH]c2ncccc12,5.58,0.0,1
CHEMBL4439,O=S(=O)(Nc1ccc(F)cc1F)c1c[nH]c2ncccc12,5.52,0.0,1
CHEMBL4439,O=S(=O)(Nc1ccc(OC(F)(F)Cl)cc1)c1c[nH]c2ncccc12,5.36,0.0,1
CHEMBL4439,O=S(=O)(Nc1ccccc1Cl)c1c[nH]c2ncccc12,5.46,0.0,1
CHEMBL4439,O=S(=O)(Nc1ccccc1F)c1c[nH]c2ncccc12,5.54,0.0,1
CHEMBL4439,O=S1(=O)CCN(c2cc(Nc3cc(Oc4cn(C5CC5)nc4C4CCOCC4)ccn3)ccc2C(F)(F)F)CC1,7.44,0.0,1
CHEMBL4439,O=c1[nH]c2ccccc2n1C1CCN(Cc2ccn3nc(-c4ccccn4)nc(Nc4ccncc4F)c23)CC1,8.74,0.0,1
CHEMBL4439,O=c1[nH]c2cnccc2n1-c1cc(-c2cc(Cl)ccc2F)nc2[nH]ccc12,8.4,0.0,1
CHEMBL4439,O=c1[nH]c2cnccc2n1-c1cc(-c2ccc(F)cc2F)nc2[nH]ccc12,7.9,0.0,1
CHEMBL4439,OC(c1cc(Nc2cc(Oc3cn(C4CC4)nc3C3CC(F)(F)C3)ccn2)ccn1)C(F)(F)F,7.88,0.0,1
CHEMBL4439,OC(c1cnc2ccc(-c3c(-c4ccc(F)cc4)ncn3CC(F)F)nn12)C(F)(F)F,8.64,0.0,1
CHEMBL4439,OC1(C(F)(F)F)CCN(c2cc(Nc3cc(Oc4cn(C5CC5)nc4C4CC(F)(F)C4)ccn3)ccn2)CC1,7.61,0.0,1
CHEMBL4439,OC1(C(F)(F)F)CN(c2cc(Nc3cc(Oc4cn(C5CC5)nc4C4CCOCC4)ccn3)ccn2)C1,8.24,0.0,1
CHEMBL4439,OC1(CCNCc2ccn3nc(-c4ccccn4)nc(Nc4ccncc4F)c23)CCCC1,9.15,0.0,1
CHEMBL4439,OC1(c2cc(Nc3cc(Oc4cn(C5CC5)nc4C4CC(F)(F)C4)ccn3)ccn2)CCC(F)(F)CC1,7.56,0.0,1
CHEMBL4439,OC1(c2cc(Nc3cc(Oc4cn(C5CC5)nc4C4CC(F)(F)C4)ccn3)ccn2)CCOCC1,7.94,0.0,1
CHEMBL4439,OC1(c2cc(Nc3cc(Oc4cn(C5CC5)nc4C4CC(F)(F)C4)ccn3)ccn2)CN(CC(F)(F)F)C1,7.16,0.0,1
CHEMBL4439,OC1(c2cc(Nc3cc(Oc4cn(C5CC5)nc4C4CC(F)(F)C4)ccn3)ccn2)COC1,7.5,0.0,1
CHEMBL4439,OC1(c2cc(Nc3cc(Oc4cn(C5CC5)nc4C4CCOCC4)ccn3)ccc2F)COC1,8.26,0.0,1
CHEMBL4439,OC1(c2cc(Nc3cc(Oc4cn(C5CC5)nc4C4CCOCC4)ccn3)ccn2)CCC(F)(F)CC1,7.89,0.0,1
CHEMBL4439,OC1(c2cc(Nc3cc(Oc4cn(C5CC5)nc4C4CCOCC4)ccn3)ccn2)CCC(O)(C(F)(F)F)CC1,8.38,0.0,1
CHEMBL4439,OC1(c2cc(Nc3cc(Oc4cn(C5CC5)nc4C4CCOCC4)ccn3)ccn2)COC1,7.66,0.0,1
CHEMBL4439,OC1(c2ccccc2)CCN(Cc2ccn3nc(-c4ccccn4)nc(Nc4ccncc4F)c23)CC1,8.82,0.0,1
CHEMBL4439,OC12CC3CC(C1)CC(NCc1ccn4nc(-c5ccccn5)nc(Nc5ccncc5F)c14)(C3)C2,8.92,0.0,1
CHEMBL4439,OC1CCC(NCc2ccn3nc(-c4ccccn4)nc(Nc4ccncc4F)c23)CC1,8.66,0.0,1
CHEMBL4439,OC1CCCCC1NCc1ccn2nc(-c3ccccn3)nc(Nc3ccncc3F)c12,8.96,0.0,1
CHEMBL4439,OC1CCN(Cc2ccn3nc(-c4ccccn4)nc(Nc4ccncc4F)c23)CC1,9.24,0.0,1
CHEMBL4439,OCC(CO)NCc1ccn2nc(-c3ccccn3)nc(Nc3ccncc3F)c12,8.77,0.0,1
CHEMBL4439,OCC1(NCc2ccn3nc(-c4ccccn4)nc(Nc4ccncc4F)c23)CCCC1,8.2,0.0,1
CHEMBL4439,OCCN1CCN(Cc2ccn3nc(-c4cccc(C(F)F)n4)nc(Nc4ccncc4F)c23)CC1,8.92,0.0,1
CHEMBL4439,OCCN1CCN(Cc2ccn3nc(-c4ccccn4)nc(Nc4ccncc4F)c23)CC1,8.64,0.0,1
CHEMBL4439,OCCN1CCN(c2ccc(Nc3cc(Oc4cn(C5CC5)nc4C4CCOCC4)ccn3)cc2C(F)(F)F)CC1,7.6,0.0,1
CHEMBL4439,OCCc1cnc2ccc(-c3c(-c4ccc(F)cc4)ncn3CC(F)F)nn12,8.49,0.0,1
CHEMBL4439,OC[C@@H](O)CNCc1ccn2nc(-c3ccccn3)nc(Nc3ccncc3F)c12,9.08,0.0,1
CHEMBL4439,OCc1ccc(-c2nc(-c3ccccn3)c(-c3ccc4c(c3)OCO4)[nH]2)cc1,6.58,0.0,1
CHEMBL4439,OCc1cccc(-c2nn3c(c2-c2ccc(F)cc2)CCC3)n1,5.58,0.0,1
CHEMBL4439,OCc1cnc2ccc(-c3c(-c4ccc(F)cc4)ncn3CC(F)F)cn12,7.03,0.0,1
CHEMBL4439,OCc1cnc2ccc(-c3c(-c4ccc(F)cc4)ncn3CC(F)F)nn12,8.66,0.0,1
CHEMBL4439,O[C@@H](CNCc1ccn2nc(-c3ccccn3)nc(Nc3ccncc3F)c12)c1ccccc1,8.4,0.0,1
CHEMBL4439,O[C@@H]1CCN(Cc2ccn3nc(-c4ccccn4)nc(Nc4ccncc4F)c23)C1,9.07,0.0,1
CHEMBL4439,O[C@H]1CCN(Cc2ccn3nc(-c4cccc(C(F)F)n4)nc(Nc4ccncc4F)c23)C1,9.23,0.0,1
CHEMBL4439,O[C@H]1CCN(Cc2ccn3nc(-c4ccccn4)nc(Nc4ccncc4F)c23)C1,9.03,0.0,1
CHEMBL4439,O[C@H]1CC[C@H](NCc2ccn3nc(-c4ccccn4)nc(Nc4ccncc4F)c23)CC1,8.49,0.0,1
CHEMBL4439,Oc1cc(Nc2ccnc3cc(-c4ccccc4)ccc23)ccc1Cl,7.1,0.0,1
CHEMBL4439,Oc1cccc(N2CCN(Cc3ccn4nc(-c5ccccn5)nc(Nc5ccncc5F)c34)CC2)c1,9.33,0.0,1
CHEMBL4439,[2H]C([2H])([2H])Oc1ccc(-c2c(-c3ccnc(NC(C)=O)c3)[nH]c3cccnc23)nc1,7.5249999999999995,1.6617009357883865,2
CHEMBL4439,[C-]#[N+]c1cnc2ccc(-c3c(-c4ccc(F)cc4F)ncn3CC(F)F)cn12,8.09,0.0,1
CHEMBL4439,c1cc(-c2cnn3cc(-c4ccc(N5CCNCC5)cc4)cnc23)c2cccnc2c1,5.4,0.0,1
CHEMBL4439,c1cc(-c2cnn3cc(-c4ccc(OCCN5CCCCC5)cc4)cnc23)ccn1,4.913333333333333,0.12503332889007412,3
CHEMBL4439,c1cc(-c2nc(-n3ccc4cnccc43)c3cccn3n2)nc(C2CC2)c1,8.89,0.0,1
CHEMBL4439,c1cc(N2CCNCC2)ccc1-c1cnc2c(-c3cn[nH]c3)cnn2c1,5.48,0.0,1
CHEMBL4439,c1cc(N2CCOCC2)ccc1-c1cnc2c(-c3cn[nH]c3)cnn2c1,4.96,0.0,1
CHEMBL4439,c1cc(Oc2cn(C3CC3)nc2C2CCOCC2)cc(Nc2ccn3ncnc3c2)n1,6.62,0.0,1
CHEMBL4439,c1cc(Oc2cn(C3CC3)nc2C2CCOCC2)cc(Nc2ccnc(NC3CCOCC3)c2)n1,7.77,0.0,1
CHEMBL4439,c1cc(Oc2cn(C3CC3)nc2C2CCOCC2)cc(Nc2cnn(C3CCOCC3)c2)n1,7.68,0.0,1
CHEMBL4439,c1cc2cc(c1)-c1cnn3ccc(nc13)NCCOCCO2,5.36,0.0,1
CHEMBL4439,c1ccc(-c2c[nH]nc2-c2ccccn2)cc1,5.4,0.0,1
CHEMBL4439,c1ccc(-c2c[nH]nc2-c2ccnc3ccccc23)nc1,6.82,0.0,1
CHEMBL4439,c1ccc(-c2cc(-c3c[nH]nc3-c3ccccn3)ccn2)cc1,6.97,0.0,1
CHEMBL4439,c1ccc(-c2ccc3c(Nc4ccc5scnc5c4)ccnc3c2)cc1,5.6,0.0,1
CHEMBL4439,c1ccc(-c2cnn3cc(-c4ccc(N5CCNCC5)cc4)cnc23)cc1,6.25,0.0,1
CHEMBL4439,c1ccc(-c2n[nH]c(C3CC3)c2-c2ccnc3ccccc23)nc1,6.69,0.0,1
CHEMBL4439,c1ccc(-c2n[nH]cc2-c2ccc3ncccc3n2)nc1,7.619999999999999,0.14142135623730995,2
CHEMBL4439,c1ccc(-c2n[nH]cc2-c2ccnc(-c3ccc(CN4CCCC4)cc3)c2)nc1,7.72,0.0,1
CHEMBL4439,c1ccc(-c2n[nH]cc2-c2ccnc(-c3ccc(CN4CCOCC4)cc3)c2)nc1,7.38,0.0,2
CHEMBL4439,c1ccc(-c2n[nH]cc2-c2ccnc(-c3ccc(CNC4CCCOC4)cc3)c2)nc1,7.33,0.0,1
CHEMBL4439,c1ccc(-c2n[nH]cc2-c2ccnc(-c3ccc(CNC4CCOCC4)cc3)c2)nc1,7.33,0.0,1
CHEMBL4439,c1ccc(-c2n[nH]cc2-c2ccnc(-c3ccc(OCCC4CCCCC4)cc3)c2)nc1,7.09,0.0,1
CHEMBL4439,c1ccc(-c2n[nH]cc2-c2ccnc(-c3ccc(OCCN4CCCC4)cc3)c2)nc1,7.4,0.0,1
CHEMBL4439,c1ccc(-c2n[nH]cc2-c2ccnc(-c3ccc(OCCN4CCOCC4)cc3)c2)nc1,7.92,0.0,1
CHEMBL4439,c1ccc(-c2n[nH]cc2-c2ccnc(-c3ccc(OCCn4ccnc4)cc3)c2)nc1,7.52,0.0,1
CHEMBL4439,c1ccc(-c2n[nH]cc2-c2ccnc3ccccc23)cc1,6.42,0.0,1
CHEMBL4439,c1ccc(-c2n[nH]cc2-c2ccnc3ccccc23)nc1,6.812,1.2599682535683192,5
CHEMBL4439,c1ccc(-c2nc(-n3ccc4ccncc43)c3cccn3n2)nc1,6.51,0.0,1
CHEMBL4439,c1ccc(-c2nc(-n3ccc4cnccc43)c3cc[nH]c3n2)nc1,8.92,0.0,1
CHEMBL4439,c1ccc(-c2nc(-n3ccc4cnccc43)c3cccn3n2)nc1,8.96,0.0,1
CHEMBL4439,c1ccc(-c2nc(-n3cnc4cnccc43)c3cccn3n2)nc1,8.29,0.0,1
CHEMBL4439,c1ccc(-c2nc(Nc3ccncc3)c3cccn3n2)nc1,8.6,0.0,1
CHEMBL4439,c1ccc(-c2nc3n(c2-c2ccc4c(c2)OCO4)CCC3)nc1,6.34,0.0,1
CHEMBL4439,c1ccc(-c2nn3c(c2-c2ccc4ncn(CCCN5CCCC5)c4c2)CCC3)nc1,6.61,0.0,1
CHEMBL4439,c1ccc(-c2nn3c(c2-c2ccnc4cc(OCCN5CCOCC5)ccc24)CCC3)nc1,7.42,0.0,1
CHEMBL4439,c1ccc(-c2nn3c(c2-c2ccnc4ccccc24)CCC3)nc1,6.98,0.0,1
CHEMBL4439,c1ccc(Cn2cc(-c3ccnc4ccccc34)c(-c3ccccn3)n2)cc1,6.43,0.0,1
CHEMBL4439,c1ccc2c(-c3cnn4cc(-c5ccc(N6CCNCC6)cc5)cnc34)ccnc2c1,6.338333333333334,0.781342861147823,6
CHEMBL4439,c1ccc2c(-c3cnn4cc(-c5ccc(N6CCOCC6)cc5)cnc34)ccnc2c1,6.75,0.0,1
CHEMBL4439,c1ccc2c(-c3cnn4cc(-c5ccc(OCCN6CCOCC6)cc5)cnc34)ccnc2c1,5.8,0.0,1
CHEMBL4439,c1csc(-c2n[nH]cc2-c2ccnc3ccccc23)c1,6.45,0.0,1
