chembl_id,smiles,pchembl_value,pchembl_std,n_records
CHEMBL1907611,Brc1ccc(C2Oc3ccccc3C3=C2C(c2ccc(Br)cc2)n2ncnc2N3)cc1,5.41,0.0,1
CHEMBL1907611,Brc1ccc([C@H]2C3=C(N=C4NC=NN42)c2ccccc2O[C@@H]3c2ccc(Br)cc2)cc1,5.91,0.0,1
CHEMBL1907611,C#CCN1C(=O)CN(/N=C/c2ccc([N+](=O)[O-])o2)C1=O,6.23,0.0,1
CHEMBL1907611,C#Cc1ccc(C2Oc3ccccc3C3=C2C(c2ccc(Br)cc2)n2ncnc2N3C)cc1,5.61,0.0,1
CHEMBL1907611,C#Cc1ccc(CN2C(=O)c3cc(C(C)(C)O)cc(F)c3C2(OCC2(CO)CC2)c2ccc(Cl)cc2)cc1,8.11,0.0,1
CHEMBL1907611,C#Cc1ccc(CN2C(=O)c3cc([C@](C)(O)CO)cc(F)c3[C@]2(OCC2(CO)CC2)c2ccc(Cl)cc2)cc1,8.28,0.0,1
CHEMBL1907611,C#Cc1ccc2c(c1)C(=O)N([C@H](C(=O)O)c1ccc(Cl)cc1)[C@@H](c1ccc(Cl)cc1)C(=O)N2,6.06,0.0,1
CHEMBL1907611,C=C(C)c1ccc2c(c1)C(=O)N(Cc1ccc(C#N)cc1)C2(OCC1(CO)CC1)c1ccc(Cl)cc1,7.19,0.0,1
CHEMBL1907611,C=C(CC)[C@H]1N2CC(=O)N(CCCN(C)C)N=C2C[C@@H](c2cccc(Cl)c2)[C@]12C(=O)Nc1cc(Cl)ccc12,7.0,0.0,1
CHEMBL1907611,C=CCN1C2=C(C(c3ccc(Br)cc3)Oc3ccccc32)C(c2ccc(Br)cc2)n2ncnc21,5.62,0.0,1
CHEMBL1907611,C=CCNc1nccc(C(F)(F)F)c1C(=O)N1CCC[C@@](Oc2csc(C(F)(F)F)c2)(C(=O)N2CCN(c3ccccc3OCCO)CC2)[C@H]1CCC,6.0,0.0,1
CHEMBL1907611,C=CCOc1nccc(C(F)(F)F)c1C(=O)N1CCC[C@@](Oc2csc(C(F)(F)F)c2)(C(=O)N2CCN(c3ccccc3OCCO)CC2)[C@H]1CCC,7.55,0.0,1
CHEMBL1907611,C=CC[C@@]1(C)C[C@H](c2ccc(F)c(Cl)c2)[C@@H](c2ccc(Cl)cc2)N(C(C)C)C1=O,8.3,0.0,1
CHEMBL1907611,C=CC[C@@]1(C)C[C@H](c2cccc(Cl)c2)[C@@H](c2ccc(Cl)cc2)N([C@@H](CC)COc2cccnc2)C1=O,7.52,0.0,1
CHEMBL1907611,C=CC[C@H]1C[C@H](c2cccc(Cl)c2)[C@@H](c2ccc(Cl)cc2)N(CC2CC2)C1=O,5.19,0.0,1
CHEMBL1907611,C=CC[C@H]1N(C(=O)c2cnccc2C(F)(F)F)CCC[C@@]1(Oc1cc(C2CC2)cs1)C(=O)N1CCN(c2ccccc2OCCCC(=O)O)CC1,5.46,0.0,1
CHEMBL1907611,CC#Cc1ccc(C2Oc3ccccc3C3=C2C(c2ccc(Br)cc2)n2ncnc2N3C)cc1,5.04,0.0,1
CHEMBL1907611,CC(=O)N1CCC(Oc2ccc(I)cc2[C@@H]2NC(=O)C[C@H](c3cccc(Cl)c3)[C@@]23C(=O)Nc2cc(Cl)ccc23)CC1,7.47,0.0,1
CHEMBL1907611,CC(=O)N1CCCC([C@]2(Cc3cccc(Cl)c3)C(=O)Nc3cc(Cl)ccc32)C1,5.41,0.0,1
CHEMBL1907611,CC(=O)N1CCN(C(=O)C2(Oc3ccc(C(F)(F)F)cc3)CCCN(C(=O)c3cnccc3C(F)(F)F)C2)CC1,4.44,0.0,1
CHEMBL1907611,CC(=O)N1CCN(C(=O)[C@@H]2CCCN2C(=O)C2=C(C(C)C)N3C(=N[C@@](C)(c4ccc(Cl)cc4)[C@H]3c3ccc(Cl)cc3)S2)CC1,7.18,0.0,1
CHEMBL1907611,CC(=O)N1CCN(C(=O)[C@@H]2CC[C@@H](C)N2C(=O)C2=C(C(C)C)N3C(=N[C@@](C)(c4ccc(Cl)cc4)[C@H]3c3ccc(Cl)cc3)S2)CC1,7.58,0.0,1
CHEMBL1907611,CC(=O)N1CCN(C(=O)[C@@H]2CC[C@@H](C)N2C(=O)C2=C(C(C)C)N3C(=N[C@@](C)(c4ccc(Cl)cc4)[C@H]3c3ccc(Cl)cc3)S2)C[C@@H]1C,7.43,0.0,1
CHEMBL1907611,CC(=O)N1CCN(C(=O)[C@@H]2CC[C@@H](C)N2C(=O)C2=C(C(C)C)N3C(=N[C@@](C)(c4ccc(Cl)cc4)[C@H]3c3ccc(Cl)cc3)S2)C[C@H]1C,7.52,0.0,1
CHEMBL1907611,CC(=O)N1CC[C@H]2[C@@H]1[C@H](c1cccc(Cl)c1F)[C@]1(C(=O)Nc3cc(Cl)ccc31)N2CC1CC1,6.67,0.0,1
CHEMBL1907611,CC(=O)NCCN1C(=O)c2ccccc2C1(OCc1ccc(C(C)(C)C)cc1)c1ccc(Cl)cc1,4.04,0.0,1
CHEMBL1907611,CC(=O)NCCN1C(=O)c2ccccc2C1(OCc1ccc(C(C)(C)C)cc1)c1ccccc1,4.84,0.0,1
CHEMBL1907611,CC(=O)N[C@@H](CC(C)C)C(=O)N[C@H](C(=O)N[C@@H](Cc1ccccc1)C(=O)N[C@@H](CS)C(=O)N[C@@H](Cc1cnc[nH]1)C(=O)N[C@@H](Cc1ccc(O)cc1)C(=O)N[C@@H](Cc1c[nH]c2ccccc12)C(=O)N[C@@H](C)C(=O)N[C@@H](CCC(N)=O)C(=O)N[C@@H](CC(C)C)C(=O)N[C@@H](CS)C(=O)N[C@@H](CO)C(N)=O)[C@@H](C)O,7.24,0.0,1
CHEMBL1907611,CC(=O)N[C@@H](CC(C)C)C(=O)N[C@H](C(=O)N[C@@H](Cc1ccccc1)C(=O)N[C@@H]1CSCc2ccc(cn2)-c2ccc(nc2)CSC[C@@H](C(=O)N[C@@H](CO)C(=O)NCCCNCCCCNCCCN)NC(=O)[C@H](C(C)C)NC(=O)[C@H](CCC(N)=O)NC(=O)[C@H](C)NC(=O)[C@H](Cc2c[nH]c3ccccc23)NC(=O)[C@H](Cc2ccc(O)cc2)NC(=O)[C@H](Cc2cnc[nH]2)NC1=O)[C@@H](C)O,7.75,0.0,1
CHEMBL1907611,CC(=O)N[C@@H](CC(C)C)C(=O)N[C@H](C(=O)N[C@@H](Cc1ccccc1)C(=O)N[C@@H]1CSCc2ccc(cn2)-c2ccc(nc2)CSC[C@@H](C(=O)N[C@@H](CO)C(N)=O)NC(=O)[C@H](C(C)C)NC(=O)[C@H](CCC(N)=O)NC(=O)[C@H](C)NC(=O)[C@H](Cc2c[nH]c3ccccc23)NC(=O)[C@H](Cc2ccc(O)cc2)NC(=O)[C@H](Cc2cnc[nH]2)NC1=O)[C@@H](C)O,8.3,0.0,1
CHEMBL1907611,CC(=O)N[C@@H](CC(C)C)C(=O)N[C@H](C(=O)N[C@@H](Cc1ccccc1)C(=O)N[C@@H]1CSCc2ccc(cn2)-c2ccc(nc2)CSC[C@@H](C(=O)N[C@@H](CO)C(N)=O)NC(=O)[C@H](C(C)C)NC(=O)[C@H](CCCNC(=N)N)NC(=O)[C@H](C)NC(=O)[C@H](Cc2c[nH]c3ccccc23)NC(=O)[C@H](Cc2ccc(O)cc2)NC(=O)[C@H](CCCNC(=N)N)NC1=O)[C@@H](C)O,6.99,0.0,1
CHEMBL1907611,CC(=O)N[C@@H](CC(C)C)C(=O)N[C@H](C(=O)N[C@@H](Cc1ccccc1)C(=O)N[C@H](CS)C(=O)N[C@@H](Cc1cnc[nH]1)C(=O)N[C@@H](Cc1ccc(O)cc1)C(=O)N[C@@H](Cc1c[nH]c2ccccc12)C(=O)N[C@@H](C)C(=O)N[C@@H](CCC(N)=O)C(=O)N[C@@H](CC(C)C)C(=O)N[C@@H](CS)C(=O)N[C@@H](CO)C(N)=O)[C@@H](C)O,7.89,0.0,1
CHEMBL1907611,CC(=O)N[C@@H](CC(C)C)C(=O)N[C@H](C(=O)N[C@@H](Cc1ccccc1)C(=O)N[C@H]1CSCc2ccc(cn2)-c2ccc(nc2)CSC[C@@H](C(=O)N[C@@H](CO)C(=O)NCCCNCCCCNCCCN)NC(=O)[C@H](C(C)C)NC(=O)[C@H](CCC(N)=O)NC(=O)[C@H](C)NC(=O)[C@H](Cc2c[nH]c3ccccc23)NC(=O)[C@H](Cc2ccc(O)cc2)NC(=O)[C@H](Cc2cnc[nH]2)NC1=O)[C@@H](C)O,7.34,0.0,1
CHEMBL1907611,CC(=O)N[C@@H](CC(C)C)C(=O)N[C@H](C(=O)N[C@@H](Cc1ccccc1)C(=O)N[C@H]1CSCc2ccc(cn2)-c2ccc(nc2)CSC[C@@H](C(=O)N[C@@H](CO)C(N)=O)NC(=O)[C@H](C(C)C)NC(=O)[C@H](CCC(N)=O)NC(=O)[C@H](C)NC(=O)[C@H](Cc2c[nH]c3ccccc23)NC(=O)[C@H](Cc2ccc(O)cc2)NC(=O)[C@H](Cc2cnc[nH]2)NC1=O)[C@@H](C)O,7.46,0.0,1
CHEMBL1907611,CC(=O)N[C@@H](CC(C)C)C(=O)N[C@H](C(=O)N[C@@H](Cc1ccccc1)C(=O)N[C@H]1CSCc2ccc(cn2)-c2ccc(nc2)CSC[C@@H](C(=O)N[C@@H](CO)C(N)=O)NC(=O)[C@H](C(C)C)NC(=O)[C@H](CCCNC(=N)N)NC(=O)[C@H](C)NC(=O)[C@H](Cc2c[nH]c3ccccc23)NC(=O)[C@H](Cc2ccc(O)cc2)NC(=O)[C@H](CCCNC(=N)N)NC1=O)[C@@H](C)O,6.62,0.0,1
CHEMBL1907611,CC(=O)N[C@@H]1C(n2cc(-c3ccc(F)cc3F)nn2)O[C@H](COCc2ccccc2)[C@H](OCc2ccccc2)[C@@H]1OCc1ccccc1,8.93,0.0,1
CHEMBL1907611,CC(=O)N[C@@H]1C(n2cc([C@@](C)(O)c3cccc(F)c3)nn2)O[C@H](COCc2ccccc2)[C@H](OCc2ccccc2)[C@@H]1OCc1ccccc1,7.96,0.0,1
CHEMBL1907611,CC(=O)N[C@@H]1[C@H](C)N(CC2CC2)[C@@]2(C(=O)Nc3cc(Cl)ccc32)[C@H]1c1cccc(Cl)c1F,6.64,0.0,1
CHEMBL1907611,CC(=O)Nc1ccccc1N1CCN(C(=O)C2(Oc3ccc(C(F)(F)F)cc3)CCCN(C(=O)c3cnccc3C(F)(F)F)C2)CC1,6.42,0.0,1
CHEMBL1907611,CC(=O)c1ccc2c(c1)C(=O)N(Cc1ccc(Cl)cc1Br)C2(O)c1ccc(Cl)cc1,8.72,0.0,1
CHEMBL1907611,CC(=O)c1ccc2c(c1)C(=O)N(Cc1ccc(Cl)cc1S(=O)(=O)N1CCOCC1)C2(OCC1(CO)CC1)c1ccc(Cl)cc1,8.34,0.0,1
CHEMBL1907611,CC(C)(C)C(=O)N1CCCC(Oc2ccc(C(F)(F)F)cc2)(C(=O)N2CCN(c3ccccn3)CC2)C1,4.66,0.0,1
CHEMBL1907611,CC(C)(C)C(=O)ONCCCN1C2=C(C(c3ccc(Br)cc3)Oc3ccccc32)C(c2ccc(Br)cc2)n2ncnc21,5.36,0.0,1
CHEMBL1907611,CC(C)(C)CC(=O)N1CCCC(Oc2ccc(C(F)(F)F)cc2)(C(=O)N2CCN(c3ccccn3)CC2)C1,5.52,0.0,1
CHEMBL1907611,CC(C)(C)CC1C=C(C(=O)NC2CC(C)(O)C2)C(c2cccc(Cl)c2F)C12C(=O)Nc1cc(Cl)ccc12,5.835,0.44547727214752547,2
CHEMBL1907611,CC(C)(C)CC1C=C(C(=O)NC2CCC(O)CC2)C(c2cccc(Cl)c2F)C12C(=O)Nc1cc(Cl)ccc12,5.975,0.7707463914933367,2
CHEMBL1907611,CC(C)(C)CC1C=C(C(=O)NCCN2CCOCC2)C(c2cccc(Cl)c2F)C12C(=O)Nc1cc(Cl)ccc12,6.78,1.1879393923933996,2
CHEMBL1907611,CC(C)(C)CC1C=C(C(=O)Nc2ccc(C(=O)O)cc2)C(c2cccc(Cl)c2F)C12C(=O)Nc1cc(Cl)ccc12,6.08,0.141421356237309,2
CHEMBL1907611,CC(C)(C)CC1C=C(C(=O)O)C(c2cccc(Cl)c2F)C12C(=O)Nc1cc(Cl)ccc12,7.39,1.5839191898578666,2
CHEMBL1907611,CC(C)(C)CCN1CCCC(Oc2ccc(C(F)(F)F)cc2)(C(=O)N2CCN(c3ccccn3)CC2)C1,5.16,0.0,1
CHEMBL1907611,CC(C)(C)CN1C[C@@H](N)[C@H](c2cccc(Cl)c2)[C@]12C(=O)Nc1cc(Cl)ccc12,6.09,0.0,1
CHEMBL1907611,CC(C)(C)CN1[C@H]2COc3c4ccc(C(=O)O)cc4nn3[C@H]2[C@H](c2cccc(Cl)c2F)[C@]12C(=O)Nc1cc(Cl)ccc12,7.885,0.2333452377915617,2
CHEMBL1907611,CC(C)(C)C[C@@H]1C=C(C(=O)NCCN2CCOCC2)[C@@H](c2cccc(Cl)c2F)[C@]12C(=O)Nc1cc(Cl)ccc12,5.47,0.0,1
CHEMBL1907611,CC(C)(C)C[C@@H]1C=C(C(=O)NCCN2CCOCC2)[C@H](c2cccc(Cl)c2F)[C@]12C(=O)Nc1cc(Cl)ccc12,7.48,0.0,1
CHEMBL1907611,CC(C)(C)C[C@@H]1C=C(C(=O)N[C@H]2CC[C@H](O)CC2)[C@H](c2cccc(Cl)c2F)[C@]12C(=O)Nc1cc(Cl)ccc12,6.21,0.0,1
CHEMBL1907611,CC(C)(C)C[C@@H]1C=C(C(=O)N[C@H]2C[C@@](C)(O)C2)[C@H](c2cccc(Cl)c2F)[C@]12C(=O)Nc1cc(Cl)ccc12,5.9,0.0,1
CHEMBL1907611,CC(C)(C)C[C@@H]1C=C(C(=O)Nc2ccc(C(=O)O)cc2)[C@H](c2cccc(Cl)c2F)[C@]12C(=O)Nc1cc(Cl)ccc12,6.46,0.0,1
CHEMBL1907611,CC(C)(C)C[C@@H]1C=C(C(=O)O)[C@H](c2cccc(Cl)c2F)[C@]12C(=O)Nc1cc(Cl)ccc12,8.0,0.0,1
CHEMBL1907611,CC(C)(C)C[C@@H]1N[C@@H](C(=O)NCC=N)[C@H](c2cccc(Cl)c2F)[C@]12C(=O)Nc1cc(Cl)ccc12,7.6,0.0,1
CHEMBL1907611,CC(C)(C)C[C@@H]1N[C@@H](C(=O)NCCCCO)[C@@H](c2cccc(Cl)c2)[C@@]1(C#N)c1ccc(Cl)cc1,6.51,0.0,1
CHEMBL1907611,CC(C)(C)C[C@@H]1N[C@@H](C(=O)NCC[C@H](O)CO)[C@@H](c2cc(F)cc(Cl)c2)[C@@]1(C#N)c1ccc(Cl)cc1F,6.78,0.0,1
CHEMBL1907611,CC(C)(C)C[C@@H]1N[C@@H](C(=O)Nc2ccc(C#N)cc2F)[C@H](c2cccc(Cl)c2F)[C@]12C(=O)Nc1cc(Cl)ccc12,8.15,0.0,1
CHEMBL1907611,CC(C)(C)C[C@@H]1N[C@@H](C(=O)Nc2ccc(C(N)=O)cc2)[C@H](c2cccc(Cl)c2F)[C@]12C(=O)Nc1cc(Cl)c(F)cc12,8.22,0.0,1
CHEMBL1907611,CC(C)(C)C[C@@H]1N[C@@H](C(=O)Nc2ccc(C(N)=O)cc2)[C@H](c2cccc(Cl)c2F)[C@]12C(=O)Nc1cc(Cl)ccc12,8.3,0.0,1
CHEMBL1907611,CC(C)(C)C[C@@H]1N[C@@H](C(=O)Nc2ccc(OCCO)cc2)[C@H](c2cccc(Cl)c2F)[C@]12C(=O)Nc1cc(Cl)ccc12,8.125,0.03535533905932788,2
CHEMBL1907611,CC(C)(C)C[C@H]1C=C(C(=O)NCCN2CCOCC2)[C@@H](c2cccc(Cl)c2F)[C@]12C(=O)Nc1cc(Cl)ccc12,5.43,0.0,1
CHEMBL1907611,CC(C)(C)C[C@H]1C=C(C(=O)NCCN2CCOCC2)[C@H](c2cccc(Cl)c2F)[C@]12C(=O)Nc1cc(Cl)ccc12,6.13,0.0,1
CHEMBL1907611,CC(C)(C)C[C@H]1N[C@@H](C(=O)NCCN2CCOCC2)[C@H](c2cccc(Cl)c2F)[C@@]12C(=O)Nc1cc(Cl)ccc12,7.865,0.26162950903902327,2
CHEMBL1907611,CC(C)(C)NS(=O)(=O)C[C@H](C1CC1)N1C(=O)[C@@](C)(CC(=O)O)C[C@H](c2cccc(Cl)c2)C1c1ccc(Cl)cc1,10.0,0.0,1
CHEMBL1907611,CC(C)(C)OC(=O)[C@H](C1CC1)N1C(=O)[C@@H](CC(=O)O)C[C@H](c2cccc(Cl)c2)[C@H]1c1ccc(Cl)cc1,7.87,0.494974746830584,2
CHEMBL1907611,CC(C)(C)S(=O)(=O)C[C@H](C1CC1)N1C(=O)[C@@](C)(CC(=O)O)C[C@H](c2cccc(Cl)c2)[C@H]1c1ccc(Cl)cc1,10.0,0.0,1
CHEMBL1907611,CC(C)(C)S(=O)(=O)N(C[C@H](C1CC1)N1C(=O)[C@@](C)(CC(=O)O)C[C@H](c2cccc(Cl)c2)[C@H]1c1ccc(Cl)cc1)C(F)F,9.52,0.0,1
CHEMBL1907611,CC(C)(C)[C@@H](CS(C)(=O)=O)N1C(=O)[C@@](C)(CC(=O)O)C[C@H](c2cccc(Cl)c2)[C@H]1c1ccc(Cl)cc1,9.7,0.0,1
CHEMBL1907611,CC(C)(C)c1ccc(COC2(c3ccc(Cl)cc3)c3ccccc3C(=O)N2Cc2ccccc2)cc1,4.0,0.0,1
CHEMBL1907611,CC(C)(C)c1ccc(COC2(c3ccccc3)c3ccccc3C(=O)N2Cc2ccccc2)cc1,4.04,0.0,1
CHEMBL1907611,CC(C)(C)c1ccc([C@@H](C(=O)O)N2C(=O)c3cc(I)ccc3NC(=O)[C@@H]2c2ccc(Cl)cc2)cc1,5.64,0.0,1
CHEMBL1907611,CC(C)(C)c1ccc2c(c1)C(=O)N(Cc1ccc([N+](=O)[O-])cc1)C2(OCC1(CO)CC1)c1ccc(Cl)cc1,6.82,0.0,1
CHEMBL1907611,CC(C)(C)c1ccc2c(c1)C(=O)N([C@H](C(=O)O)c1ccc(Cl)cc1)[C@@H](c1ccc(Cl)cc1)C(=O)N2,5.64,0.0,1
CHEMBL1907611,CC(C)(C)c1ccc2c(c1)C(OCC1(CO)CC1)(c1ccc(Cl)cc1)N(Cc1ccc([N+](=O)[O-])cc1)C2=O,6.13,0.0,1
CHEMBL1907611,CC(C)(C)c1n[nH]c2c1C(c1ccc(Cl)cc1)N(c1cccc(Cl)c1)C2=O,7.75,0.0,1
CHEMBL1907611,CC(C)(C)c1ncc(C2=N[C@@](C)(c3ccc(Cl)cc3)[C@@](C)(c3ccc(Cl)cc3)N2C(=O)N2CCN(CCOCCO)CC2)cn1,7.51,0.0,1
CHEMBL1907611,CC(C)(O)CCO[C@]1(c2ccc(Cl)cc2)c2ccc(C(C)(C)O)cc2C(=O)N1Cc1ccc(Cl)cc1,6.85,0.0,1
CHEMBL1907611,CC(C)(O)CN1C2=C(C(c3ccc(Br)cc3)Oc3ccccc32)C(c2ccc(Br)cc2)n2ncnc21,6.43,0.0,1
CHEMBL1907611,CC(C)(O)c1cc(F)c2c(c1)C(=O)N(Cc1ccc(C#N)cc1)C2(OCC1(CO)CC1)c1ccc(Cl)cc1,8.12,0.0,1
CHEMBL1907611,CC(C)(O)c1cc(F)c2c(c1)C(=O)N(Cc1ccc(Cl)cc1)[C@@]2(OCC1(CO)CC1)c1ccc(Cl)cc1,8.34,0.0,1
CHEMBL1907611,CC(C)(O)c1cc(F)c2c(c1)C(=O)N(Cc1ccc(Cl)cc1Br)[C@@]2(OCC1(C#N)CC1)c1ccc(Cl)cc1,8.66,0.0,1
CHEMBL1907611,CC(C)(O)c1cc(F)c2c(c1)C(=O)N(Cc1ccc(Cl)cc1CO)[C@@]2(OCC1(C#N)CC1)c1ccc(Cl)cc1,8.82,0.0,1
CHEMBL1907611,CC(C)(O)c1cc(F)c2c(c1)C(=O)N(Cc1ccc(Cl)cc1P(C)(C)=O)[C@@]2(OCC1(CO)CC1)c1ccc(Cl)cc1,8.6,0.0,1
CHEMBL1907611,CC(C)(O)c1cc(F)c2c(c1)C(=O)N(Cc1ccc(Cl)cc1S(C)(=O)=O)[C@@]2(OCC1(C(N)=O)CC1)c1ccc(Cl)cc1,8.74,0.0,1
CHEMBL1907611,CC(C)(O)c1cc(F)c2c(c1)C(=O)N(Cc1ccc(Cl)cc1S(C)(=O)=O)[C@@]2(OCC1(CO)CC1)c1ccc(Cl)cc1,8.513333333333334,0.6591914238924328,3
CHEMBL1907611,CC(C)(O)c1cc(F)c2c(c1)C(=O)N([C@@H](CC(=O)O)c1ccc(Cl)cc1)[C@@]2(O[C@H]1CCOC1)c1ccc(Cl)cc1,8.7,0.0,1
CHEMBL1907611,CC(C)(O)c1ccc2c(c1)C(=O)N(Cc1ccc(C#N)cc1)[C@@]2(OCC1(CO)CC1)c1ccc(Cl)cc1,8.14,0.0,1
CHEMBL1907611,CC(C)(O)c1ccc2c(c1)C(=O)N(Cc1ccc(Cl)cc1)C2(OCC1(O[Si](c2ccccc2)(c2ccccc2)C(C)(C)C)CC1)c1ccc(Cl)cc1,6.96,0.0,1
CHEMBL1907611,CC(C)(O)c1ccc2c(c1)C(=O)N(Cc1ccc(Cl)cc1)[C@@]2(OCC(F)(F)CO)c1ccc(Cl)cc1,6.89,0.0,1
CHEMBL1907611,CC(C)(O)c1ccc2c(c1)C(=O)N(Cc1ccc(Cl)cc1)[C@@]2(OCC1(C#N)CC1)c1ccc(Cl)cc1,7.35,0.0,1
CHEMBL1907611,CC(C)(O)c1ccc2c(c1)C(=O)N(Cc1ccc(Cl)cc1)[C@@]2(OCC1(C(=O)O)CC1)c1ccc(Cl)cc1,6.85,0.0,1
CHEMBL1907611,CC(C)(O)c1ccc2c(c1)C(=O)N(Cc1ccc(Cl)cc1)[C@@]2(OCC1(CO)CC1)c1ccc(Cl)cc1,8.030000000000001,0.15556349186104027,2
CHEMBL1907611,CC(C)(O)c1ccc2c(c1)C(=O)N(Cc1ccc(Cl)cc1)[C@@]2(OCC1(CO)COC1)c1ccc(Cl)cc1,7.37,0.0,1
CHEMBL1907611,CC(C)(O)c1ccc2c(c1)C(=O)N(Cc1ccc(Cl)cc1)[C@@]2(OCCCO)c1ccc(Cl)cc1,7.09,0.0,1
CHEMBL1907611,CC(C)(O)c1ccc2c(c1)C(=O)N(Cc1ccc(Cl)cc1)[C@@]2(OCCO)c1ccc(Cl)cc1,7.03,0.0,1
CHEMBL1907611,CC(C)(O)c1ccc2c(c1)C(=O)N(Cc1ccc(Cl)cc1)[C@@]2(OC[C@@H]1CCOC1)c1ccc(Cl)cc1,7.17,0.0,1
CHEMBL1907611,CC(C)(O)c1ccc2c(c1)C(=O)N(Cc1ccc(Cl)cc1)[C@@]2(OC[C@@H]1CC[C@@H]1CO)c1ccc(Cl)cc1,6.92,0.0,1
CHEMBL1907611,CC(C)(O)c1ccc2c(c1)C(=O)N(Cc1ccc(Cl)cc1)[C@@]2(OC[C@H]1CCOC1)c1ccc(Cl)cc1,7.2,0.0,1
CHEMBL1907611,CC(C)(O)c1ccc2c(c1)C(=O)N(Cc1ccc(Cl)cc1)[C@@]2(OC[C@H]1CC[C@H]1CO)c1ccc(Cl)cc1,6.82,0.0,1
CHEMBL1907611,CC(C)(O)c1ccc2c(c1)C(=O)N(Cc1ccc(Cl)cc1)[C@@]2(OCc1cn[nH]c1)c1ccc(Cl)cc1,7.2,0.0,1
CHEMBL1907611,CC(C)(O)c1ccc2c(c1)C(=O)N(Cc1ccc(Cl)cc1)[C@@]2(O[C@@H]1CCOC1)c1ccc(Cl)cc1,7.58,0.0,1
CHEMBL1907611,CC(C)(O)c1ccc2c(c1)C(=O)N(Cc1ccc(Cl)cc1)[C@@]2(O[C@H]1CCOC1)c1ccc(Cl)cc1,7.39,0.0,1
CHEMBL1907611,CC(C)(O)c1ccc2c(c1)C(=O)N(Cc1ccc(Cl)cc1S(C)(=O)=O)[C@@]2(OCC1(CO)CC1)c1ccc(Cl)cc1,8.72,0.0,1
CHEMBL1907611,CC(C)(O)c1ccc2c(c1)C(=O)N([C@@H](CC(=O)O)c1ccc(Cl)cc1)[C@@]2(OCC1(CO)CC1)c1ccc(Cl)cc1,8.3,0.0,1
CHEMBL1907611,CC(C)=CCC/C(C)=C/Cc1c(O)cc2c(c1O)C(=O)C[C@@H](c1ccc(O)cc1)O2,5.43,0.0,1
CHEMBL1907611,CC(C)=CCN1[C@H]2COc3c4ccc(C(=O)O)cc4nn3[C@H]2[C@H](c2cccc(Cl)c2F)[C@]12C(=O)Nc1cc(Cl)ccc12,7.4,0.0,1
CHEMBL1907611,CC(C)C1=C(C(=O)N(C)C)SC2=NC(C)(c3ccc(Cl)cc3)C(c3ccc(Cl)cc3)N21,7.38,0.0,1
CHEMBL1907611,CC(C)C1=C(C(=O)N(C)C)SC2=N[C@@](C)(c3ccc(Cl)cc3)[C@@H](c3ccc(Cl)cc3)N21,7.58,0.0,1
CHEMBL1907611,CC(C)C1=C(C(=O)N2CCCC2)SC2=NC(C)(c3ccc(Cl)cc3)C(c3ccc(Cl)cc3)N21,6.7,0.0,1
CHEMBL1907611,CC(C)C1=C(C(=O)N2CCCC[C@H]2C(=O)N(C)C)SC2=NC(C)(c3ccc(Cl)cc3)C(c3ccc(Cl)cc3)N21,6.77,0.0,1
CHEMBL1907611,CC(C)C1=C(C(=O)N2CCC[C@@H]2C(=O)N(C)C)SC2=NC(C)(c3ccc(Cl)cc3)C(c3ccc(Cl)cc3)N21,6.13,0.0,1
CHEMBL1907611,CC(C)C1=C(C(=O)N2CCC[C@H]2C(=O)N(C)C)SC2=NC(C)(c3ccc(Cl)cc3)C(c3ccc(Cl)cc3)N21,7.23,0.0,1
CHEMBL1907611,CC(C)C1=C(C(=O)N2CCC[C@H]2C(=O)N(C)C)SC2=N[C@@](C)(c3ccc(Cl)cc3)[C@@H](c3ccc(Cl)cc3)N21,8.059999999999999,0.02828427124746318,2
CHEMBL1907611,CC(C)C1=C(C(=O)N2CCC[C@H]2C(=O)N(C)C)SC2=N[C@@](C)(c3ccc(Cl)nc3)[C@@H](c3ccc(Cl)cc3)N21,7.85,0.0,1
CHEMBL1907611,CC(C)C1=C(C(=O)N2CCC[C@H]2C(=O)N2CCN(C)CC2)SC2=N[C@@](C)(c3ccc(Cl)cc3)[C@@H](c3ccc(Cl)cc3)N21,7.64,0.0,1
CHEMBL1907611,CC(C)C1=C(C(=O)N2CCC[C@H]2C(=O)N2CCNC(=O)C2)SC2=N[C@@](C)(c3ccc(Cl)cc3)[C@@H](c3ccc(Cl)cc3)N21,7.1,0.0,1
CHEMBL1907611,CC(C)C1=C(C(=O)N2CCC[C@H]2C(=O)N2CCOCC2)SC2=N[C@@](C)(c3ccc(Cl)cc3)[C@@H](c3ccc(Cl)cc3)N21,7.58,0.0,1
CHEMBL1907611,CC(C)C1=C(C(=O)N2CCC[C@H]2C(=O)N2C[C@@H](C)N[C@@H](C)C2)SC2=N[C@@](C)(c3ccc(Cl)cc3)[C@@H](c3ccc(Cl)cc3)N21,7.43,0.0,1
CHEMBL1907611,CC(C)C1=C(C(=O)N2CCNC(=O)C2)SC2=NC(C)(c3ccc(Cl)cc3)C(c3ccc(Cl)cc3)N21,6.39,0.0,1
CHEMBL1907611,CC(C)C1=C(C(=O)N2CCNC(=O)C2)SC2=N[C@@](C)(c3ccc(Cl)cc3)[C@@H](c3ccc(Cl)cc3)N21,7.04,0.0,1
CHEMBL1907611,CC(C)C1=C(C(=O)N2CCNC(=O)C2)SC2=N[C@](C)(c3ccc(Cl)cc3)[C@H](c3ccc(Cl)cc3)N21,5.82,0.0,1
CHEMBL1907611,CC(C)C1=C(C(=O)N2CNC(=O)C2)SC2=NC(C)(c3ccc(Cl)cc3)C(c3ccc(Cl)cc3)N21,6.03,0.0,1
CHEMBL1907611,CC(C)C1=C(C(=O)N2C[C@H](F)C[C@H]2C(=O)N2CCNC3(CC3)C2)SC2=N[C@@](C)(c3ccc(Cl)nc3)[C@@H](c3ccc(Cl)c(F)c3)N21,8.55,0.0,1
CHEMBL1907611,CC(C)C1=C(C(=O)N2[C@@H](C)CC[C@H]2C(=O)N(C)C)SC2=N[C@@](C)(c3ccc(Cl)cc3)[C@@H](c3ccc(Cl)cc3)N21,7.85,0.0,1
CHEMBL1907611,CC(C)C1=C(C(=O)N2[C@H](C)CC[C@H]2C(=O)N(C)C)SC2=N[C@@](C)(c3ccc(Cl)cc3)[C@@H](c3ccc(Cl)cc3)N21,7.85,0.0,1
CHEMBL1907611,CC(C)C1=C(C(=O)N2[C@H](C)CC[C@H]2C(=O)N2CCN(C)C(C)(C)C2)SC2=N[C@@](C)(c3ccc(Cl)cc3)[C@@H](c3ccc(Cl)cc3)N21,7.75,0.0,1
CHEMBL1907611,CC(C)C1=C(C(=O)N2[C@H](C)CC[C@H]2C(=O)N2CCN(C)CC2)SC2=N[C@@](C)(c3ccc(Cl)cc3)[C@@H](c3ccc(Cl)cc3)N21,7.8,0.0,1
CHEMBL1907611,CC(C)C1=C(C(=O)N2[C@H](C)CC[C@H]2C(=O)N2CCN(C)[C@@H](C)C2)SC2=N[C@@](C)(c3ccc(Cl)cc3)[C@@H](c3ccc(Cl)cc3)N21,7.8,0.0,1
CHEMBL1907611,CC(C)C1=C(C(=O)N2[C@H](C)CC[C@H]2C(=O)N2CCN(C)[C@H](C)C2)SC2=N[C@@](C)(c3ccc(Cl)cc3)[C@@H](c3ccc(Cl)cc3)N21,7.82,0.0,1
CHEMBL1907611,CC(C)C1=C(C(N)=O)SC2=NC(C)(c3ccc(Cl)cc3)C(c3ccc(Cl)cc3)N21,6.11,0.0,1
CHEMBL1907611,CC(C)CCN(CC(=O)N(CCS(N)(=O)=O)CC(=O)N(CC(N)=O)Cc1ccc([N+](=O)[O-])cc1)C(=O)CN(CCCP(=O)(O)O)C(=O)CN(Cc1ccc([N+](=O)[O-])cc1)C(=O)CN(CCc1c[nH]c2ccccc12)C(=O)CN(CCCCP(=O)(O)O)C(=O)CN(Cc1ccc([N+](=O)[O-])cc1)C(=O)CN(CCc1ccccc1)C(=O)CNCc1ccc([N+](=O)[O-])cc1,5.18,0.0,1
CHEMBL1907611,CC(C)CCN1[C@@H](C)[C@@H](N)[C@H](c2cccc(Cl)c2)[C@]12C(=O)Nc1cc(Cl)ccc12,5.97,0.0,1
CHEMBL1907611,CC(C)CCN1[C@@H](Cn2cncn2)[C@@H](N)[C@H](c2cccc(Cl)c2)[C@]12C(=O)Nc1cc(Cl)ccc12,5.68,0.0,1
CHEMBL1907611,CC(C)CCN1[C@H]2COc3c4ccc(C(=O)O)cc4nn3[C@H]2[C@H](c2cccc(Cl)c2F)[C@]12C(=O)Nc1cc(Cl)ccc12,7.32,0.0,1
CHEMBL1907611,CC(C)CC[C@@H](C(=O)O)N1C(=O)c2cc(I)ccc2NC(=O)[C@@H]1c1ccc(Cl)cc1,4.92,0.0,1
CHEMBL1907611,CC(C)CCn1cnc(-c2ccccc2)c1-c1c[nH]c2cc(Cl)ccc12,6.05,0.0,1
CHEMBL1907611,CC(C)CN1C(=O)CC[C@H](c2cccc(Cl)c2)[C@H]1c1ccc(Cl)cc1,5.64,0.0,1
CHEMBL1907611,CC(C)CN1C(=O)[C@H](CC(=O)O)CC(c2cccc(Cl)c2)[C@H]1c1ccc(Cl)cc1,6.35,0.0,1
CHEMBL1907611,CC(C)CN1C[C@@H](N)[C@H](c2cccc(Cl)c2)[C@]12C(=O)Nc1cc(Cl)ccc12,6.03,0.0,1
CHEMBL1907611,CC(C)CN1[C@@H]2COc3c4ccc(C(=O)O)cc4nn3[C@@H]2[C@@H](c2cccc(Cl)c2F)[C@@]12C(=O)Nc1cc(Cl)ccc12,6.1,0.0,1
CHEMBL1907611,CC(C)CN1[C@H]2COc3c4ccc(C(=O)O)cc4nn3[C@H]2[C@H](c2cccc(Cl)c2F)[C@]12C(=O)Nc1cc(Cl)ccc12,7.859999999999999,0.0848528137423861,2
CHEMBL1907611,CC(C)C[C@@H]1NC(=O)[C@H](Cc2c[nH]c3ccc(Cl)cc23)NC(=O)[C@H](CCC(=O)O)NC(=O)[C@H](Cc2ccccc2)NC(=O)[C@@H]2CCCN2C(=O)[C@H]2CCCN2C(=O)[C@H](Cc2ccccc2)NC(=O)[C@H](CCC(=O)O)NC(=O)[C@H](Cc2c[nH]c3ccccc23)NC(=O)[C@H](CC(=O)O)NC1=O,6.85,0.0,1
CHEMBL1907611,CC(C)C[C@H](NC(=O)[C@H](CC(=O)O)NC(=O)[C@H](CO)NC(=O)[C@H](Cc1ccccc1)NC(=O)[C@@H](NC(=O)[C@H](CCC(=O)O)NC(=O)[C@@H](N)CCC(N)=O)[C@@H](C)O)C(=O)N[C@@H](Cc1c[nH]c2ccccc12)C(=O)N[C@@H](CCCCN)C(=O)N[C@@H](CC(C)C)C(=O)N[C@@H](CC(C)C)C(=O)N1CCC[C@H]1C(=O)O,4.89,0.0,1
CHEMBL1907611,CC(C)C[C@H](NC(=O)c1ccc(NC(=O)[C@@H](N)Cc2ccccc2)c(OCCc2c[nH]c3ccccc23)c1)C(=O)O,4.82,0.0,1
CHEMBL1907611,CC(C)N1C(=O)[C@@H](CC(=O)O)C[C@H](c2cccc(Cl)c2)[C@@]1(C)c1ccc(Cl)cc1,8.47,0.0,1
CHEMBL1907611,CC(C)N1C(=O)[C@@](C)(CC(=O)O)C[C@H](c2cccc(Cl)c2)[C@H]1c1ccc(Cl)cc1,7.87,0.494974746830584,2
CHEMBL1907611,CC(C)N1C(=O)[C@@](C)(Cc2nnn[nH]2)C[C@H](c2cccc(Cl)c2)[C@H]1c1ccc(Cl)cc1,8.0,0.0,1
CHEMBL1907611,CC(C)N1C(=O)[C@@](C)(Cc2noc(=O)[nH]2)C[C@H](c2cccc(Cl)c2)[C@H]1c1ccc(Cl)cc1,7.52,0.0,1
CHEMBL1907611,CC(C)N1C(=O)[C@@](C)(Cc2nsc(=O)[nH]2)C[C@H](c2cccc(Cl)c2)[C@H]1c1ccc(Cl)cc1,5.7,0.0,1
CHEMBL1907611,CC(C)N1C(=O)[C@H](CC(=O)O)C[C@H](c2cccc(Cl)c2)[C@@]1(C)c1ccc(Cl)cc1,7.74,0.0,1
CHEMBL1907611,CC(C)N1C(=O)[C@](C)(CC(=O)O)C[C@H](c2cc(F)cc(Cl)c2)[C@H]1c1ccc(Cl)cc1,6.91,0.0,1
CHEMBL1907611,CC(C)N1[C@H](c2ccc(Cl)cc2)[C@@H](c2cccc(Cl)c2)C[C@@H](CC(=O)O)S1(=O)=O,6.19,0.0,1
CHEMBL1907611,CC(C)N1[C@H](c2ccc(Cl)cc2)[C@@H](c2cccc(Cl)c2)C[C@@](C)(CC(=O)O)S1(=O)=O,6.25,0.0,1
CHEMBL1907611,CC(C)N1[C@H](c2ccc(Cl)cc2)[C@@H](c2cccc(Cl)c2)C[C@H](CC(=O)O)S1(=O)=O,6.15,0.0,1
CHEMBL1907611,CC(C)N1[C@H](c2ccc(Cl)cc2)[C@@H](c2cccc(Cl)c2)C[C@](C)(CC(=O)O)S1(=O)=O,6.92,0.0,1
CHEMBL1907611,CC(C)NS(=O)(=O)C[C@H](C1CC1)N1C(=O)[C@@](C)(CC(=O)O)C[C@H](c2cccc(Cl)c2)[C@H]1c1ccc(Cl)cc1,10.0,0.0,1
CHEMBL1907611,CC(C)Oc1cc(NC(=O)[C@H](Cc2ccccc2)NC(=O)c2ccc(N)c(OCc3ccccc3)c2)ccc1C(=O)NCC(=O)O,4.92,0.0,1
CHEMBL1907611,CC(C)Oc1ccc(C(=O)NS(=O)(=O)c2ccc(NN=C3C(=O)N(c4ccccc4)N(c4ccccc4)C3=O)cc2)cc1,4.51,0.014142135623730649,2
CHEMBL1907611,CC(C)S(=O)(=O)C[C@@H](N1C(=O)[C@@](C)(CC(=O)O)C[C@H](c2cccc(Cl)c2)[C@H]1c1ccc(Cl)cc1)C(C)(C)C,9.1,0.0,1
CHEMBL1907611,CC(C)S(=O)(=O)C[C@H](C1CC1)N1C(=O)[C@@](C)(CC(=O)O)C[C@H](c2cccc(Cl)c2)[C@H]1c1ccc(Cl)cc1,10.0,0.0,1
CHEMBL1907611,CC(C)S(=O)(=O)N1CCCC(Oc2ccc(C(F)(F)F)cc2)(C(=O)N2CCN(c3ccccn3)CC2)C1,5.16,0.0,1
CHEMBL1907611,CC(C)S(=O)(=O)NC[C@H](C1CC1)N1C(=O)[C@@](C)(CC(=O)O)C[C@H](c2cccc(Cl)c2)[C@H]1c1ccc(Cl)cc1,8.7,0.0,1
CHEMBL1907611,CC(C)[C@@H](CN(C)S(=O)(=O)C1CC1)N1C(=O)[C@@](C)(CC(=O)O)C[C@H](c2cccc(Cl)c2)[C@H]1c1ccc(Cl)cc1,8.74,0.0,1
CHEMBL1907611,CC(C)[C@@H](CNS(=O)(=O)C1CC1)N1C(=O)[C@@](C)(CC(=O)O)C[C@H](c2cccc(Cl)c2)[C@H]1c1ccc(Cl)cc1,8.36,0.0,1
CHEMBL1907611,CC(C)[C@@H](CS(=O)(=O)C(C)(C)C)N1C(=O)[C@@](C)(CC(=O)O)C[C@H](c2cccc(Cl)c2)[C@H]1c1ccc(Cl)cc1,9.22,0.0,1
CHEMBL1907611,CC(C)[C@@H](CS(=O)(=O)C(C)C)N1C(=O)[C@@](C)(CC(=O)O)C[C@H](c2cccc(Cl)c2)[C@H]1c1ccc(Cl)cc1,9.11,0.15556349186104154,2
CHEMBL1907611,CC(C)[C@@H](CS(=O)(=O)CC(F)(F)F)N1C(=O)[C@@](C)(CC(=O)O)C[C@H](c2cccc(Cl)c2)[C@H]1c1ccc(Cl)cc1,8.74,0.0,1
CHEMBL1907611,CC(C)[C@@H](CS(C)(=O)=O)N1C(=O)[C@@](C)(CC(=O)O)C[C@H](c2cccc(Cl)c2)[C@H]1c1ccc(Cl)cc1,9.52,0.0,1
CHEMBL1907611,CC(C)[C@@H]([C@H](C)O)N1C(=O)[C@@](C)(CC(=O)O)C[C@H](c2cccc(Cl)c2)[C@H]1c1ccc(Cl)cc1,9.0,0.0,1
CHEMBL1907611,CC(C)[C@@H](c1ccccn1)N1C(=O)[C@@](C)(CC(=O)O)C[C@H](c2cccc(Cl)c2)[C@H]1c1ccc(Cl)cc1,7.785,0.37476659402887097,2
CHEMBL1907611,CC(C)[C@@H]1NC(=O)Cn2cc(nn2)C[C@@H](C(N)=O)NC(=O)[C@@H]2C[C@@H](CN2C(=O)c2ccccc2)NC(=O)[C@H](Cc2cccc(C(F)(F)F)c2)NC(=O)[C@@H](C(C)C)CNC(=O)CNC(=O)[C@H](Cc2ccccc2)NC(=O)[C@H](Cc2c[nH]c3ccccc23)NC1=O,7.37,0.0,1
CHEMBL1907611,CC(C)[C@@H]1NC(=O)Cn2cc(nn2)C[C@H](C(N)=O)NC(=O)[C@@H]2C[C@@H](CN2C(=O)c2ccccc2)NC(=O)[C@H](Cc2cccc(C(F)(F)F)c2)NC(=O)[C@@H](C(C)C)CNC(=O)CNC(=O)[C@H](Cc2ccccc2)NC(=O)[C@H](Cc2c[nH]c3ccccc23)NC1=O,8.05,0.0,1
CHEMBL1907611,CC(C)[Si](C#Cc1ccc(CN2C(=O)c3cc(C(C)(C)O)ccc3C2(OCC2(CO)CC2)c2ccc(Cl)cc2)cc1)(C(C)C)C(C)C,7.96,0.0,1
CHEMBL1907611,CC(C)c1ccc([C@@H](C(=O)O)N2C(=O)c3cc(I)ccc3NC(=O)[C@@H]2c2ccc(Cl)cc2)cc1,5.81,0.0,1
CHEMBL1907611,CC(C)c1ccc([C@H]2C(=O)Nc3ccc(I)cc3C(=O)N2[C@H](C(=O)O)c2ccccc2)cc1,4.75,0.0,1
CHEMBL1907611,CC(C)c1ccc2c(c1)C(=O)N([C@H](C(=O)O)c1ccc(Cl)cc1)[C@@H](c1ccc(Cl)cc1)C(=O)N2,5.99,0.0,1
CHEMBL1907611,CC(C)c1cccc(-c2nc3nc(C(=O)O)nc(N[C@H](C)C4CCC4)c3n2Cc2ccc(C(F)(F)F)cc2)c1,7.82,0.0,1
CHEMBL1907611,CC(C)c1ccnc(-c2nc3nc(C(=O)O)nc(N[C@H](C)C4CCC4)c3n2C[C@H]2CC[C@@H](C)CC2)c1,6.46,0.0,1
CHEMBL1907611,CC(C)c1ccnc(-c2nc3nc(C(=O)O)nc(N[C@H](C)C4CCC4)c3n2C[C@H]2CC[C@H](C)CC2)c1,8.66,0.0,1
CHEMBL1907611,CC(C)c1ccnc(-c2nc3nc(C(=O)O)nc(N[C@H](C)C4CCC4)c3n2Cc2ccc(C(F)(F)F)cc2)c1,8.4,0.0,1
CHEMBL1907611,CC(C)c1ccnc(-c2nc3nc(C(=O)O)nc(N[C@H](C)C4CCC4)c3n2Cc2ccc(C(F)(F)F)s2)c1,7.57,0.0,1
CHEMBL1907611,CC(C)c1ccnc(-c2nc3nc(C(=O)O)nc(N[C@H](C)C4CCC4)c3n2Cc2ccc(OC(F)(F)F)c(F)c2)c1,8.02,0.0,1
CHEMBL1907611,CC(C)c1ccnc(-c2nc3nc(C(=O)O)nc(N[C@H](C)C4CCC4)c3n2Cc2ccc(OC(F)(F)F)cc2)c1,7.92,0.0,1
CHEMBL1907611,CC(C)c1n[nH]c2c1C(c1ccc(Cl)cc1)N(c1cccc(Cl)c1)C2=O,7.5,0.0,1
CHEMBL1907611,CC(O)(CO)c1ccc2c(c1)C(=O)N(Cc1ccc(C#N)cc1)[C@@]2(OCC1(CO)CC1)c1ccc(Cl)cc1,7.58,0.0,1
CHEMBL1907611,CC1(C)CCC2(CC1)N[C@@H](C(=O)N[C@@H]1CC[C@@H](C(N)=O)OC1)[C@H](c1ccnc(Cl)c1F)[C@]21C(=O)Nc2cc(Cl)ccc21,8.25,0.0,1
CHEMBL1907611,CC1(C)CCCC1CN1C(=O)[C@@H](CC(=O)O)C[C@H](c2cccc(Cl)c2)[C@H]1c1ccc(Cl)cc1,6.52,0.0,1
CHEMBL1907611,CC1(C)NC(=O)N(C[C@H](C2CC2)N2C(=O)[C@@](C)(CC(=O)O)C[C@H](c3cccc(Cl)c3)[C@H]2c2ccc(Cl)cc2)C1=O,8.15,0.0,1
CHEMBL1907611,CC1(CO[C@]2(c3ccc(Cl)cc3)c3ccc(C(C)(C)O)cc3C(=O)N2Cc2ccc(Cl)cc2)COC1,7.5,0.0,1
CHEMBL1907611,CC1(CS(=O)(=O)C[C@H](C2CC2)N2C(=O)[C@@](C)(CC(=O)O)C[C@H](c3cccc(Cl)c3)[C@H]2c2ccc(Cl)cc2)COC1,10.0,0.0,1
CHEMBL1907611,CC1=C(C)C(OCC2(CO)CC2)(c2ccc(Cl)cc2)N(Cc2ccccc2)C1=O,5.46,0.0,1
CHEMBL1907611,CC1CC1CN1[C@H]2COc3c4ccc(C(=O)O)cc4nn3[C@H]2[C@H](c2cccc(Cl)c2F)[C@]12C(=O)Nc1cc(Cl)ccc12,7.01,0.0,1
CHEMBL1907611,CCC(=O)N[C@H]1CC[C@H](CN(C)c2ccc(N3C(=O)Cc4cc(OC)c(O[C@H](C)CC)cc4[C@@H]3c3ccc(Cl)cc3)cc2)CC1,7.7,0.0,1
CHEMBL1907611,CCC(=O)Nc1ccccc1N1CCN(C(=O)C2(Oc3ccc(C(F)(F)F)cc3)CCCN(C(=O)c3cnccc3C(F)(F)F)C2)CC1,6.43,0.0,1
CHEMBL1907611,CCC(C(=O)CC(C)C)N1C(=O)[C@@](C)(CC(=O)O)C[C@H](c2cccc(Cl)c2)[C@H]1c1ccc(Cl)cc1,8.7,0.0,1
CHEMBL1907611,CCC(C)(C)S(=O)(=O)C[C@H](C1CC1)N1C(=O)[C@@](C)(CC(=O)O)C[C@H](c2cccc(Cl)c2)[C@H]1c1ccc(Cl)cc1,9.22,0.0,1
CHEMBL1907611,CCC(C)CN(C(=O)c1ccc(N(Cc2ccc3ccccc3c2)C(=O)c2ccc(NCC(C)C)cc2)cc1)c1ccc(C(=O)N[C@H](C(=O)O)C(C)CC)cc1,5.03,0.0,1
CHEMBL1907611,CCC(CC(C)(C)C#N)N1C(=O)[C@@](C)(CC(=O)O)C[C@H](c2cccc(Cl)c2)[C@H]1c1ccc(Cl)cc1,8.35,0.49497474683058273,2
CHEMBL1907611,CCC(CC)CN1C(=O)[C@@H](CC(=O)O)C[C@H](c2cccc(Cl)c2)[C@H]1c1ccc(Cl)cc1,7.22,0.0,1
CHEMBL1907611,CCC(CC)N1C(=O)[C@@](C)(CC(=O)NS(=O)(=O)C(F)(F)F)C[C@H](c2cccc(Cl)c2)[C@H]1c1ccc(Cl)cc1,6.28,0.0,1
CHEMBL1907611,CCC(CC)N1C(=O)[C@@](C)(CC(=O)O)CC(c2cccc(Cl)c2)[C@H]1c1ccc(Cl)cc1,8.11,0.5798275605729689,2
CHEMBL1907611,CCC(CC)N1C(=O)[C@@](C)(CC(=O)O)C[C@H](c2cccc(Cl)c2)[C@H]1c1ccc(Cl)cc1,7.995000000000001,0.7848885271170677,2
CHEMBL1907611,CCC(CC)N1C(=O)[C@@](C)(CC(=O)O)C[C@H](c2cccc(Cl)c2)[C@H]1c1ccc(Cl)cn1,7.63,0.4666904755831215,2
CHEMBL1907611,CCC(CC)N1C(=O)[C@@](C)(CC2OC(=O)NC2=O)C[C@H](c2cccc(Cl)c2)[C@H]1c1ccc(Cl)cc1,6.31,0.0,1
CHEMBL1907611,CCC(CC)N1C(=O)[C@@](C)(CS(C)(=O)=O)C[C@H](c2cccc(Cl)c2)[C@H]1c1ccc(Cl)cc1,6.08,0.0,1
CHEMBL1907611,CCC(CC)N1C(=O)[C@@](C)(Cc2cc(O)n[nH]2)C[C@H](c2cccc(Cl)c2)[C@H]1c1ccc(Cl)cc1,6.24,0.0,1
CHEMBL1907611,CCC(CC)N1C(=O)[C@@](C)(Cc2cc(O)no2)C[C@H](c2cccc(Cl)c2)[C@H]1c1ccc(Cl)cc1,7.1,0.0,1
CHEMBL1907611,CCC(CC)N1C(=O)[C@@](C)(Cc2n[nH]c(=O)[nH]2)C[C@H](c2cccc(Cl)c2)[C@H]1c1ccc(Cl)cc1,6.66,0.0,1
CHEMBL1907611,CCC(CC)N1C(=O)[C@@](C)(Cc2n[nH]c(=O)o2)C[C@H](c2cccc(Cl)c2)[C@H]1c1ccc(Cl)cc1,6.58,0.0,1
CHEMBL1907611,CCC(CC)N1C(=O)[C@@](C)(Cc2nnn[nH]2)C[C@H](c2cccc(Cl)c2)[C@H]1c1ccc(Cl)cc1,8.11,0.5798275605729689,2
CHEMBL1907611,CCC(CC)N1C(=O)[C@@](C)(Cc2noc(=O)[nH]2)C[C@H](c2cccc(Cl)c2)[C@H]1c1ccc(Cl)cc1,7.7,0.0,1
CHEMBL1907611,CCC(CC)N1C(=O)[C@@](C)(Cc2nsc(=O)[nH]2)C[C@H](c2cccc(Cl)c2)[C@H]1c1ccc(Cl)cc1,5.75,0.0,1
CHEMBL1907611,CCC(CC)N1C(=O)[C@@](CC)(CC(=O)O)C[C@H](c2cccc(Cl)c2)[C@H]1c1ccc(Cl)cc1,7.7,0.0,1
CHEMBL1907611,CCC(CC)N1C(=O)[C@H](CC(=O)O)C[C@H](c2cccc(Cl)c2)[C@H]1c1ccc(Cl)cc1,6.57,0.0,1
CHEMBL1907611,CCC(CC)N1C(=O)[C@](C)(CC(=O)O)C[C@H](c2cccc(Cl)c2)[C@H]1c1ccc(Cl)cn1,6.04,0.0,1
CHEMBL1907611,CCC(CC)S(=O)(=O)C[C@H](C1CC1)N1C(=O)[C@@](C)(CC(=O)O)C[C@H](c2cccc(Cl)c2)[C@H]1c1ccc(Cl)cc1,10.0,0.0,1
CHEMBL1907611,CCC(CN(C)S(=O)(=O)C1CC1)N1C(=O)[C@@](C)(CC(=O)NS(C)(=O)=O)C[C@H](c2cccc(Cl)c2)[C@H]1c1ccc(Cl)cc1,8.22,0.0,1
CHEMBL1907611,CCC(CN(C)S(=O)(=O)C1CC1)N1C(=O)[C@@](CCN2CCS(=O)(=O)CC2)(CC(N)=O)C[C@H](c2cccc(Cl)c2)[C@H]1c1ccc(Cl)cc1,9.0,0.0,1
CHEMBL1907611,CCC(CN(C)S(=O)(=O)C1CC1)N1C(=O)[C@@]2(C[C@H](c3cccc(Cl)c3)C1c1ccc(Cl)cc1)C[C@H]2C(=O)O,7.62,0.0,1
CHEMBL1907611,CCC(CN(C)S(=O)(=O)C1CC1)N1C(=O)[C@H](CC(=O)O)C[C@H](c2cccc(Cl)c2)[C@H]1c1ccc(Cl)cc1,7.92,0.0,1
CHEMBL1907611,CCC(CN(C)S(C)(=O)=O)N1C(=O)[C@@](C)(CC(N)=O)C[C@H](c2cccc(Cl)c2)[C@H]1c1ccc(Cl)cc1,7.0,0.0,1
CHEMBL1907611,CCC(CN1CCCS1(=O)=O)N1C(=O)[C@@](C)(CC(=O)O)C[C@H](c2cccc(Cl)c2)[C@H]1c1ccc(Cl)cc1,9.0,0.0,1
CHEMBL1907611,CCC(CS(=O)(=O)CC)N1C(=O)[C@@](CC)(CC(=O)O)C[C@H](c2cccc(Cl)c2)[C@H]1c1ccc(Cl)cc1,9.4,0.0,1
CHEMBL1907611,CCC(O)(c1cc(F)c2c(c1)C(=O)N([C@@H](CCC(=O)O)c1ccc(Cl)cc1)[C@@]2(OC)c1ccc(Cl)cc1)c1ccn(C)n1,8.2,0.0,1
CHEMBL1907611,CCC([C@H](C)C(C)(C)O)N1C(=O)[C@@](C)(CC(=O)O)C[C@H](c2cccc(Cl)c2)[C@H]1c1ccc(Cl)cc1,7.8100000000000005,0.5798275605729691,2
CHEMBL1907611,CCC1(COC2(c3ccc(Cl)cc3)c3ccc(C(C)(C)O)cc3C(=O)N2Cc2ccc(Cl)cc2)CC1,7.66,0.0,1
CHEMBL1907611,CCCC1N(C(=O)c2cnccc2C(F)(F)F)CCCC1(Oc1csc(C(F)(F)F)c1)C(=O)N1CCN(c2ccccc2OCCO)CC1,7.82,0.0,1
CHEMBL1907611,CCCCN1C(=O)CC[C@H](c2cccc(Cl)c2)[C@H]1c1ccc(Cl)cc1,5.57,0.0,1
CHEMBL1907611,CCCCOc1ccc(C(=O)O)cc1-c1cc(-c2cccc(OC)c2OC)n(CCc2ccccc2)n1,4.85,0.0,1
CHEMBL1907611,CCCCOc1ccc(C(=O)O)cc1-c1cc(-c2ccccc2OCC)n(CCc2ccccc2)n1,4.78,0.0,1
CHEMBL1907611,CCCCOc1ccc(CC(=O)O)cc1-c1cc(-c2ccccc2OCC)n(CCc2ccccc2)n1,4.27,0.0,1
CHEMBL1907611,CCCCS(=O)(=O)C[C@H](C1CC1)N1C(=O)[C@@](CC)(CC(=O)O)C[C@H](c2cccc(Cl)c2)[C@H]1c1ccc(Cl)cc1,9.7,0.0,1
CHEMBL1907611,CCCC[C@@H](C(=O)O)N1C(=O)c2cc(I)ccc2NC(=O)[C@@H]1c1ccc(Cl)cc1,4.85,0.0,1
CHEMBL1907611,CCCCc1nc(COC2(c3ccccc3)c3ccccc3C(=O)N2Cc2ccccc2)c[nH]1,4.11,0.0,1
CHEMBL1907611,CCCN1C(=O)C(C)=C(C)C1(OCC1(CO)CC1)c1ccc(Cl)cc1,5.05,0.0,1
CHEMBL1907611,CCCN1C(=O)CC[C@H](c2cccc(Cl)c2)[C@H]1c1ccc(Cl)cc1,5.72,0.0,1
CHEMBL1907611,CCCN1C(=O)[C@H](CC(=O)O)CC(c2cccc(Cl)c2)[C@H]1c1ccc(Cl)cc1,6.39,0.0,1
CHEMBL1907611,CCCN1C(=O)c2ccccc2C1(NC(=O)c1ccc(C(C)(C)C)cc1)c1ccc(OCOCC[Si](C)(C)C)cc1,4.57,0.0,1
CHEMBL1907611,CCCN1C(=O)c2ccccc2C1(NC(=O)c1ccccc1)c1ccc(C(C)(C)C)cc1,4.18,0.0,1
CHEMBL1907611,CCCN1C(=O)c2ccccc2C1(OCCCO)c1ccc(Cl)cc1,4.79,0.0,1
CHEMBL1907611,CCCN1C(=O)c2ccccc2C1(OCCN1CCNC1=O)c1ccc(C(C)(C)C)cc1,4.13,0.0,1
CHEMBL1907611,CCCN1C(=O)c2ccccc2C1(OCCNC(=O)c1ccccc1O)c1ccc(C(C)(C)C)cc1,4.15,0.0,1
CHEMBL1907611,CCCN1C(=O)c2ccccc2C1(OCCc1ccc(O)cc1)c1ccc(C(C)(C)C)cc1,4.16,0.0,1
CHEMBL1907611,CCCN1C(=O)c2ccccc2C1(OCCc1ccccn1)c1ccc(Cl)cc1,4.24,0.0,1
CHEMBL1907611,CCCN1C(=O)c2ccccc2C1(OCCc1ccccn1)c1ccccc1,4.0,0.0,1
CHEMBL1907611,CCCN1C(=O)c2ccccc2C1(OCc1[nH]cnc1C)c1ccc(C(C)(C)C)cc1,4.19,0.0,1
CHEMBL1907611,CCCN1C(=O)c2ccccc2C1(OCc1cc(OC)c(O)c(OC)c1)c1ccc(Cl)cc1,5.28,0.0,1
CHEMBL1907611,CCCN1C(=O)c2ccccc2C1(OCc1cc(OC)c(O)c(OC)c1)c1ccccc1,4.09,0.0,1
CHEMBL1907611,CCCN1C(=O)c2ccccc2C1(OCc1cc2c(cc1[N+](=O)[O-])OCO2)c1ccc(C(C)(C)C)cc1,4.15,0.0,1
CHEMBL1907611,CCCN1CCCC(Oc2ccc(C(F)(F)F)cc2)(C(=O)N2CCN(c3ccccn3)CC2)C1,5.19,0.0,1
CHEMBL1907611,CCCOC1(c2ccccc2)c2ccccc2C(=O)N1C(Cc1ccc(O)cc1)C(=O)OC,4.05,0.0,1
CHEMBL1907611,CCCOC1(c2ccccc2)c2ccccc2C(=O)N1CCCC(OC)OC,4.16,0.0,1
CHEMBL1907611,CCCOC1(c2ccccc2)c2ccccc2C(=O)N1[C@@H](CCCCN)C(=O)OC,4.1,0.0,1
CHEMBL1907611,CCCOC1(c2ccccc2)c2ccccc2C(=O)N1[C@H](C(=O)OC)c1ccc(O)cc1,4.05,0.0,1
CHEMBL1907611,CCCOc1ccc(C(=O)O)cc1-c1cc(-c2cccc(OC)c2OC)n(CCc2ccccc2)n1,5.18,0.0,1
CHEMBL1907611,CCCOc1ccc(C(=O)O)cc1-c1cc(-c2cccc(OC)c2OC)n(Cc2ccccc2)n1,4.1,0.0,1
CHEMBL1907611,CCCOc1ccc(C(=O)O)cc1-c1cc(-c2ccccc2OCC)n(Cc2ccccc2)n1,4.16,0.0,1
CHEMBL1907611,CCCOc1ccc(CC(=O)O)cc1-c1cc(-c2cccc(OC)c2OC)n(CCc2ccccc2)n1,4.22,0.0,1
CHEMBL1907611,CCCOc1ccc(CC(=O)O)cc1-c1cc(-c2ccccc2OCC)n(CCc2ccccc2)n1,4.14,0.0,1
CHEMBL1907611,CCCS(=O)(=O)C[C@H](C1CC1)N1C(=O)[C@@](CC)(CC(=O)O)C[C@H](c2cccc(Cl)c2)[C@H]1c1ccc(Cl)cc1,9.7,0.0,1
CHEMBL1907611,CCCS(=O)(=O)C[C@H](CC)N1C(=O)[C@@](C)(CC(=O)O)C[C@H](c2cccc(Cl)c2)[C@H]1c1ccc(Cl)cc1,9.4,0.0,1
CHEMBL1907611,CCCS(=O)(=O)NC[C@H](C1CC1)N1C(=O)[C@@](C)(CC(=O)O)C[C@H](c2cccc(Cl)c2)[C@H]1c1ccc(Cl)cc1,9.3,0.0,1
CHEMBL1907611,CCC[C@@H](C(=O)OCC)N1C(=O)CC[C@H](c2cccc(Cl)c2)[C@H]1c1ccc(Cl)cc1,5.85,0.0,1
CHEMBL1907611,CCC[C@@H](C(=O)OCC)N1C(=O)[C@@H](CC(=O)O)C[C@H](c2cccc(Cl)c2)C1c1ccc(Cl)cc1,6.57,0.0,1
CHEMBL1907611,CCC[C@@H](c1ccccn1)N1C(=O)[C@@](C)(CC(=O)O)C[C@H](c2cccc(Cl)c2)[C@H]1c1ccc(Cl)cc1,7.1,0.0,1
CHEMBL1907611,CCC[C@@H]1N(C(=O)c2cnccc2C(F)(F)F)CCC[C@]1(Oc1cc(C(F)(F)F)cs1)C(=O)N1CCN(c2ccccc2OCCO)CC1,6.77,0.0,1
CHEMBL1907611,CCC[C@@H]1N(C(=O)c2cnccc2C(F)(F)F)CCC[C@]1(Oc1cc(C(F)(F)F)n(C)n1)C(=O)N1CCN(c2ccccc2OCCO)CC1,5.2,0.0,1
CHEMBL1907611,CCC[C@@H]1N(C(=O)c2cnccc2C(F)(F)F)CCC[C@]1(Oc1ccc(C(F)(F)F)cc1)C(=O)N1CCN(c2ccccc2OCCO)CC1,7.4,0.0,1
CHEMBL1907611,CCC[C@@H]1N(C(=O)c2cnccc2C(F)(F)F)CCC[C@]1(Oc1csc(C(F)(F)C(F)(F)F)c1)C(=O)N1CCN(c2ccccc2OCCO)CC1,7.6,0.0,1
CHEMBL1907611,CCC[C@@H]1N(C(=O)c2cnccc2C(F)(F)F)CCC[C@]1(Oc1csc(C(F)(F)F)c1)C(=O)N1CCN(c2ccccc2OCC(=O)NC)CC1,8.4,0.0,1
CHEMBL1907611,CCC[C@@H]1N(C(=O)c2cnccc2C(F)(F)F)CCC[C@]1(Oc1csc(C(F)(F)F)c1)C(=O)N1CCN(c2ccccc2OCC2(CC(=O)O)CC2)CC1,7.48,0.0,1
CHEMBL1907611,CCC[C@@H]1N(C(=O)c2cnccc2C(F)(F)F)CCC[C@]1(Oc1csc(C(F)(F)F)c1)C(=O)N1CCN(c2ccccc2OCCC(C)(C)C(=O)O)CC1,8.0,0.0,1
CHEMBL1907611,CCC[C@@H]1N(C(=O)c2cnccc2C(F)(F)F)CCC[C@]1(Oc1csc(C(F)(F)F)c1)C(=O)N1CCN(c2ccccc2OCCO)CC1,7.82,0.0,1
CHEMBL1907611,CCC[C@@H]1N(C(=O)c2cnccc2C(F)(F)F)CCC[C@]1(Oc1nc(C(F)(F)F)cs1)C(=O)N1CCN(c2ccccc2OCCO)CC1,5.96,0.0,1
CHEMBL1907611,CCC[C@H]1N(C(=O)c2c(C(F)(F)F)ccc[n+]2[O-])CCC[C@@]1(Oc1csc(C(F)(F)F)c1)C(=O)N1CCN(c2ccccc2OCCO)CC1,7.66,0.0,1
CHEMBL1907611,CCC[C@H]1N(C(=O)c2c(C(F)(F)F)ccnc2O)CCC[C@@]1(Oc1csc(C(F)(F)F)c1)C(=O)N1CCN(c2ccccc2OC)CC1,7.5,0.0,1
CHEMBL1907611,CCC[C@H]1N(C(=O)c2c(C(F)(F)F)ccnc2O)CCC[C@@]1(Oc1csc(C(F)(F)F)c1)C(=O)N1CCN(c2ccccc2OCCCC(=O)O)CC1,7.96,0.0,1
CHEMBL1907611,CCC[C@H]1N(C(=O)c2c(C(F)(F)F)ccnc2O)CCC[C@@]1(Oc1csc(C(F)(F)F)c1)C(=O)N1CCN(c2ccccc2OCCO)CC1,7.36,0.0,1
CHEMBL1907611,CCC[C@H]1N(C(=O)c2c(C(F)(F)F)ccnc2OCC(=O)NC)CCC[C@@]1(Oc1csc(C(F)(F)F)c1)C(=O)N1CCN(c2ccccc2OCCO)CC1,6.61,0.0,1
CHEMBL1907611,CCC[C@H]1N(C(=O)c2c(C(F)(F)F)ccnc2OCC(=O)O)CCC[C@@]1(Oc1csc(C(F)(F)F)c1)C(=O)N1CCN(c2ccccc2OCCO)CC1,7.6,0.0,1
CHEMBL1907611,CCC[C@H]1N(C(=O)c2c(C(F)(F)F)ccnc2OCCN(C)C)CCC[C@@]1(Oc1csc(C(F)(F)F)c1)C(=O)N1CCN(c2ccccc2OCCO)CC1,8.0,0.0,1
CHEMBL1907611,CCC[C@H]1N(C(=O)c2c(C(F)(F)F)ccnc2OCCO)CCC[C@@]1(Oc1csc(C(F)(F)F)c1)C(=O)N1CCN(c2ccccc2OCCO)CC1,6.99,0.0,1
CHEMBL1907611,CCC[C@H]1N(C(=O)c2c(F)cccc2C(F)(F)F)CCC[C@@]1(Oc1csc(C(F)(F)F)c1)C(=O)N1CCN(c2ccccc2OCCO)CC1,7.19,0.0,1
CHEMBL1907611,CCC[C@H]1N(C(=O)c2c(N)cccc2C(F)(F)F)CCC[C@@]1(Oc1csc(C(F)(F)F)c1)C(=O)N1CCN(c2ccccc2OCCO)CC1,5.17,0.0,1
CHEMBL1907611,CCC[C@H]1N(C(=O)c2cc(F)ccc2C(F)(F)F)CCC[C@@]1(Oc1csc(C(F)(F)F)c1)C(=O)N1CCN(c2ccccc2OCCO)CC1,7.47,0.0,1
CHEMBL1907611,CCC[C@H]1N(C(=O)c2cccnc2)CCC[C@@]1(Oc1csc(C(F)(F)F)c1)C(=O)N1CCN(c2ccccc2OCCO)CC1,5.75,0.0,1
CHEMBL1907611,CCC[C@H]1N(C(=O)c2cccnc2C(F)(F)F)CCC[C@@]1(Oc1csc(C(F)(F)F)c1)C(=O)N1CCN(c2ccccc2OCCO)CC1,6.93,0.0,1
CHEMBL1907611,CCC[C@H]1N(C(=O)c2ccncc2C(F)(F)F)CCC[C@@]1(Oc1csc(C(F)(F)F)c1)C(=O)N1CCN(c2ccccc2OCCO)CC1,7.18,0.0,1
CHEMBL1907611,CCC[C@H]1N(C(=O)c2cnccc2C(F)(F)F)CCC[C@@]1(Oc1cc(C(F)(F)F)sc1C)C(=O)N1CCN(c2ccccc2OCCO)CC1,6.33,0.0,1
CHEMBL1907611,CCC[C@H]1N(C(=O)c2cnccc2C(F)(F)F)CCC[C@@]1(Oc1cc(I)cs1)C(=O)N1CCN(c2ccccc2OCCO)CC1,7.05,0.0,1
CHEMBL1907611,CCC[C@H]1N(C(=O)c2cnccc2C(F)(F)F)CCC[C@@]1(Oc1cccs1)C(=O)N1CCN(c2ccccc2OCCO)CC1,5.54,0.0,1
CHEMBL1907611,CCC[C@H]1N(C(=O)c2cnccc2C(F)(F)F)CCC[C@@]1(Oc1csc(C(F)(F)F)c1)C(=O)N1CCN(c2ccccc2OC(C)(C)C(=O)O)CC1,7.96,0.0,1
CHEMBL1907611,CCC[C@H]1N(C(=O)c2cnccc2C(F)(F)F)CCC[C@@]1(Oc1csc(C(F)(F)F)c1)C(=O)N1CCN(c2ccccc2OC(C)(C)CO)CC1,7.6,0.0,1
CHEMBL1907611,CCC[C@H]1N(C(=O)c2cnccc2C(F)(F)F)CCC[C@@]1(Oc1csc(C(F)(F)F)c1)C(=O)N1CCN(c2ccccc2OC)CC1,7.52,0.0,1
CHEMBL1907611,CCC[C@H]1N(C(=O)c2cnccc2C(F)(F)F)CCC[C@@]1(Oc1csc(C(F)(F)F)c1)C(=O)N1CCN(c2ccccc2OCC(=O)O)CC1,8.7,0.0,1
CHEMBL1907611,CCC[C@H]1N(C(=O)c2cnccc2C(F)(F)F)CCC[C@@]1(Oc1csc(C(F)(F)F)c1)C(=O)N1CCN(c2ccccc2OCC(C)(C)C(=O)O)CC1,8.4,0.0,1
CHEMBL1907611,CCC[C@H]1N(C(=O)c2cnccc2C(F)(F)F)CCC[C@@]1(Oc1csc(C(F)(F)F)c1)C(=O)N1CCN(c2ccccc2OCC(C)(C)O)CC1,7.64,0.0,1
CHEMBL1907611,CCC[C@H]1N(C(=O)c2cnccc2C(F)(F)F)CCC[C@@]1(Oc1csc(C(F)(F)F)c1)C(=O)N1CCN(c2ccccc2OCCCC(=O)O)CC1,8.15,0.0,1
CHEMBL1907611,CCC[C@H]1N(C(=O)c2cnccc2C(F)(F)F)CCC[C@@]1(Oc1csc(C(F)(F)F)c1)C(=O)N1CCN(c2ccccc2OCCCCC(=O)O)CC1,8.15,0.0,1
CHEMBL1907611,CCC[C@H]1N(C(=O)c2cnccc2C(F)(F)F)CCC[C@@]1(Oc1csc(C(F)(F)F)c1C)C(=O)N1CCN(c2ccccc2OCCO)CC1,7.24,0.0,1
CHEMBL1907611,CCC[C@H]1N(C(=O)c2cnccc2C(F)(F)F)CCC[C@@]1(Oc1csc(C(F)(F)F)c1Cl)C(=O)N1CCN(c2ccccc2OCCO)CC1,6.89,0.0,1
CHEMBL1907611,CCC[C@H]1N(C(=O)c2cnccc2C)CCC[C@@]1(Oc1csc(C(F)(F)F)c1)C(=O)N1CCN(c2ccccc2OCCO)CC1,7.47,0.0,1
CHEMBL1907611,CCC[C@H]1N(C(=O)c2ncccc2C(F)(F)F)CCC[C@@]1(Oc1csc(C(F)(F)F)c1)C(=O)N1CCN(c2ccccc2OCCO)CC1,8.15,0.0,1
CHEMBL1907611,CCN(CC)C(=O)CCCNC(=O)N1C(c2ccc(OC)cc2OC(C)C)=N[C@H](c2ccc(Cl)cc2)[C@@H]1c1ccc(Cl)cc1,5.38,0.0,1
CHEMBL1907611,CCN(CC)C(=O)CCNC(=O)N1C(c2ccc(OC)cc2OC(C)C)=N[C@H](c2ccc(Cl)cc2)[C@@H]1c1ccc(Cl)cc1,6.19,0.0,1
CHEMBL1907611,CCN(CC)C(=O)CNC(=O)N1C(c2ccc(OC)cc2OC(C)C)=N[C@H](c2ccc(Cl)cc2)[C@@H]1c1ccc(Cl)cc1,5.03,0.0,1
CHEMBL1907611,CCN(CC)C(=O)[C@@H](C)NC(=O)N1C(c2ccc(OC)cc2OC(C)C)=N[C@H](c2ccc(Cl)cc2)[C@@H]1c1ccc(Cl)cc1,5.3,0.0,1
CHEMBL1907611,CCN(CC)C(=O)[C@H](C)NC(=O)N1C(c2ccc(OC)cc2OC(C)C)=N[C@H](c2ccc(Cl)cc2)[C@@H]1c1ccc(Cl)cc1,4.9,0.0,1
CHEMBL1907611,CCN(CC)C(=O)c1ccc2c3n(nc2c1)[C@@H]1[C@H](CO3)N(CC2CC2)[C@@]2(C(=O)Nc3cc(Cl)ccc32)[C@H]1c1cccc(Cl)c1F,7.02,0.0,1
CHEMBL1907611,CCN(CC)N1C(=O)[C@@](C)(CC(=O)O)C[C@H](c2cccc(Cl)c2)[C@H]1c1ccc(Cl)cc1,8.309999999999999,0.4384062043356595,2
CHEMBL1907611,CCN1C2=C(C(c3ccc(Br)cc3)Oc3ccccc32)C(c2ccc(Br)cc2)n2ncnc21,5.75,0.0,1
CHEMBL1907611,CCN1[C@H]2Cc3c4ccc(C(=O)O)cc4nn3[C@H]2[C@H](c2cccc(Cl)c2F)[C@]12C(=O)Nc1cc(Cl)ccc12,8.7,0.0,1
CHEMBL1907611,CCNC(=O)[C@H](CC)N1C(=O)[C@@H](CC(=O)O)C[C@H](c2cccc(Cl)c2)[C@H]1c1ccc(Cl)cc1,6.39,0.0,1
CHEMBL1907611,CCNC[C@@H](CC)N1C(=O)[C@@H](CC(=O)O)C[C@H](c2cccc(Cl)c2)[C@H]1c1ccc(Cl)cc1,6.31,0.0,1
CHEMBL1907611,CCOC(=O)CCCNC(=O)N1C(c2ccc(OC)cc2OC(C)C)=N[C@H](c2ccc(Cl)cc2)[C@@H]1c1ccc(Cl)cc1,5.78,0.0,1
CHEMBL1907611,CCOC(=O)CCNC(=O)N1C(c2ccc(OC)cc2OC(C)C)=N[C@H](c2ccc(Cl)cc2)[C@@H]1c1ccc(Cl)cc1,5.47,0.0,1
CHEMBL1907611,CCOC(=O)CNC(=O)C[C@H]1C[C@H](c2cccc(Cl)c2)[C@@H](c2ccc(Cl)cc2)N(CC2CC2)C1=O,5.62,0.0,1
CHEMBL1907611,CCOC(=O)CNC(=O)N1C(c2ccc(OC)cc2OC(C)C)=N[C@H](c2ccc(Cl)cc2)[C@@H]1c1ccc(Cl)cc1,5.37,0.0,1
CHEMBL1907611,CCOC(=O)Cc1cnc(OC)c(-c2cc3c(n2C(C)C)C(c2ccc(C#N)cc2)N(c2cccc(Cl)c2F)C3=O)c1,8.38,0.0,1
CHEMBL1907611,CCOC(=O)N1CCN(C(=O)[C@@]2(Sc3ccccc3)CC(=O)N(Cc3ccc(C#N)cc3)[C@@H]2c2c[nH]c3cc(Cl)ccc23)CC1,6.0,0.0,1
CHEMBL1907611,CCOC(=O)[C@@H](C)NC(=O)N1C(c2ccc(OC)cc2OC(C)C)=N[C@H](c2ccc(Cl)cc2)[C@@H]1c1ccc(Cl)cc1,6.23,0.0,1
CHEMBL1907611,CCOC(=O)[C@@H](CC)N1C(=O)CC[C@H](c2cccc(Cl)c2)[C@H]1c1ccc(Cl)cc1,5.46,0.0,1
CHEMBL1907611,CCOC(=O)[C@@]1(c2ccc(Cl)cc2)N=C(c2ccc(OC)cc2OC(C)C)N(C(=O)N2CCN(C(C)=O)CC2)[C@@H]1c1ccc(Cl)cc1,7.16,0.0,1
CHEMBL1907611,CCOC(=O)[C@H](C)N1C(=O)CC[C@H](c2cccc(Cl)c2)[C@H]1c1ccc(Cl)cc1,5.77,0.0,1
CHEMBL1907611,CCOC(=O)[C@H](C)NC(=O)N1C(c2ccc(OC)cc2OC(C)C)=N[C@H](c2ccc(Cl)cc2)[C@@H]1c1ccc(Cl)cc1,6.08,0.0,1
CHEMBL1907611,CCOC(=O)[C@H](C1CC1)N1C(=O)[C@@H](CC(=O)O)C[C@H](c2cccc(Cl)c2)[C@H]1c1ccc(Cl)cc1,7.4,0.0,1
CHEMBL1907611,CCOC(=O)[C@H](C1CC1)N1C(=O)[C@@](C)(CC(=O)O)C[C@H](c2cccc(Cl)c2)C1c1ccc(Cl)cc1,8.5,0.7071067811865476,2
CHEMBL1907611,CCOC(=O)[C@H](CC(C)C)N1C(=O)[C@@H](CC(=O)O)C[C@H](c2cccc(Cl)c2)C1c1ccc(Cl)cc1,6.72,0.0,1
CHEMBL1907611,CCOC(=O)[C@H](CC)N1C(=O)CC[C@H](c2cccc(Cl)c2)[C@H]1c1ccc(Cl)cc1,5.380000000000001,0.9192388155425113,2
CHEMBL1907611,CCOC(=O)[C@H](CC)N1C(=O)[C@@H](CC(=O)NCCCN2CCOCC2)C[C@H](c2cccc(Cl)c2)[C@H]1c1ccc(Cl)cc1,5.68,0.0,1
CHEMBL1907611,CCOC(=O)[C@H](CC)N1C(=O)[C@@H](CC(=O)NS(C)(=O)=O)C[C@H](c2cccc(Cl)c2)[C@H]1c1ccc(Cl)cc1,6.89,0.0,1
CHEMBL1907611,CCOC(=O)[C@H](CC)N1C(=O)[C@@H](CC(=O)O)C[C@H](c2cccc(Cl)c2)C1c1ccc(Cl)cc1,7.609999999999999,0.5515432893255076,2
CHEMBL1907611,CCOC(=O)[C@H](CC)N1C(=O)[C@@H](CC(=O)O)C[C@H](c2cccc(Cl)c2)[C@H]1c1ccc(Cl)cc1,7.595,0.7424621202458742,2
CHEMBL1907611,CCOC(=O)[C@H](CC)N1C(=O)[C@@](C)(CC(=O)O)CC(c2cccc(Cl)c2)[C@H]1c1ccc(Cl)cc1,8.11,0.5798275605729689,2
CHEMBL1907611,CCOC(=O)c1c2c(n(C(C)C)c1-c1cnc(OC)nc1OC)C(c1ccc(Cl)cc1)N(c1cc(Cl)c(=O)n(C)c1)C2=O,9.87,0.0,1
CHEMBL1907611,CCOC(c1nc2cc(-c3noc(=O)[nH]3)nc(-c3cncc(Cl)c3)c2n1C[C@H]1CC[C@H](C)CC1)C1CC1,8.92,0.0,1
CHEMBL1907611,CCO[C@@H](c1nc2cc(-c3noc(=O)[nH]3)nc(-c3cncc(Cl)c3)c2n1[C@H](C)[C@H]1CC[C@H](C)CC1)C1CC1,9.46,0.0,1
CHEMBL1907611,CCOc1cc(OC)ccc1C1=N[C@@H](c2ccc(Br)cc2)[C@@H](c2ccc(Br)cc2)N1C(=O)N1CCN(CCO)CC1,6.85,0.0,1
CHEMBL1907611,CCOc1cc2c(cc1OCC)C(c1ccc(Cl)cc1)N(c1ccc(C)cc1OCc1nn[nH]n1)C(=O)C2,6.42,0.0,1
CHEMBL1907611,CCOc1cc2c(cc1OCC)C(c1ccc(Cl)cc1)N(c1ccc(Cl)cc1)C(=O)C2,6.0,0.0,1
CHEMBL1907611,CCOc1cc2c(cc1OCC)C(c1ccc(Cl)cc1)N(c1ccc(OC)cc1)C(=O)C2,6.27,0.0,1
CHEMBL1907611,CCOc1cc2c(cc1OCC)C(c1ccc(Cl)cc1)N(c1cccc(Cl)c1)C(=O)C2,5.85,0.0,1
CHEMBL1907611,CCOc1ccc(C(=O)O)cc1-c1cc(-c2cccc(OC)c2OC)n(CCc2ccccc2)n1,4.85,0.0,1
CHEMBL1907611,CCOc1ccc(C(=O)O)cc1-c1cc(-c2ccccc2OCC)n(CCc2ccccc2)n1,4.97,0.0,1
CHEMBL1907611,CCOc1ccc(CCC(=O)O)cc1-c1cc(-c2ccc(F)cc2)n(CCc2ccccc2)n1,4.45,0.0,1
CHEMBL1907611,CCOc1cccc(CN2[C@@H](C)[C@@H](N)[C@H](c3cccc(Cl)c3F)[C@]23C(=O)Nc2cc(Cl)ccc23)c1,7.355,0.1626345596729053,2
CHEMBL1907611,CCOc1cccc(CN2[C@@H]3COc4c5ccc(C(=O)O)cc5nn4[C@@H]3[C@@H](c3cccc(Cl)c3F)[C@@]23C(=O)Nc2cc(Cl)ccc23)c1,5.67,0.0,1
CHEMBL1907611,CCOc1cccc(CN2[C@H]3CCN(CC(=O)O)[C@H]3[C@H](c3cccc(Cl)c3F)[C@]23C(=O)Nc2cc(Cl)ccc23)c1,8.7,0.0,1
CHEMBL1907611,CCOc1cccc(CN2[C@H]3CCn4c(nc5cc(C(=O)O)ccc54)[C@H]3[C@H](c3cccc(Cl)c3F)[C@]23C(=O)Nc2cc(Cl)ccc23)c1,8.7,0.0,1
CHEMBL1907611,CCOc1cccc(CN2[C@H]3CCn4c(nc5cc(C(=O)O)ccc54)[C@H]3[C@H](c3cccc(Cl)c3F)[C@]23C(=O)Nc2nc(Cl)ccc23)c1,8.15,0.0,1
CHEMBL1907611,CCOc1cccc(CN2[C@H]3COc4c5cc(C(=O)O)ccc5nn4[C@H]3[C@H](c3cccc(Cl)c3F)[C@]23C(=O)Nc2cc(Cl)ccc23)c1,8.4,0.0,1
CHEMBL1907611,CCOc1cccc(CN2[C@H]3COc4c5ccc(C(=O)O)cc5nn4[C@H]3[C@H](c3cccc(Cl)c3F)[C@]23C(=O)Nc2cc(Cl)ccc23)c1,8.335,0.26162950903902144,2
CHEMBL1907611,CCOc1cccc(CN2[C@H]3C[C@H](c4ccc(C(=O)O)cc4)N[C@H]3[C@H](c3cccc(Cl)c3F)[C@]23C(=O)Nc2cc(Cl)ccc23)c1,8.7,0.0,1
CHEMBL1907611,CCOc1cccc(CN2[C@H]3Cc4c5cc(C)c(C(=O)NC)cc5nn4[C@H]3[C@H](c3cccc(Cl)c3F)[C@]23C(=O)Nc2nc(Cl)ccc23)c1,8.3,0.0,1
CHEMBL1907611,CCOc1cccc2c1C1=C(C(c3ccc(Br)cc3)O2)C(c2ccc(Br)cc2)n2ncnc2N1C,6.04,0.0,1
CHEMBL1907611,CCOc1ccccc1-c1cc(-c2cc(C(=O)O)ccc2OCC(C)C)nn1CCc1ccccc1,4.85,0.0,1
CHEMBL1907611,CCOc1ccccc1-c1cc(-c2cc(CC(=O)O)ccc2OCC(C)C)nn1CCc1ccccc1,4.31,0.0,1
CHEMBL1907611,CCOc1ccccc1-c1cc(-c2cc(CC(=O)O)ccc2OCc2cccc(Cl)c2)nn1Cc1ccccc1,4.26,0.0,1
CHEMBL1907611,CCOc1ccccc1-c1cc(-c2ccc(C(=O)O)cc2)nn1CCc1ccccc1,4.04,0.0,1
CHEMBL1907611,CCOc1ccccc1N1CCN(C(=O)C2(Oc3ccc(C(F)(F)F)cc3)CCCN(C(=O)c3cnccc3C(F)(F)F)C2)CC1,6.23,0.0,1
CHEMBL1907611,CCS(=O)(=O)C[C@@H](N1C(=O)[C@@](C)(CC(=O)O)C[C@H](c2cccc(Cl)c2)[C@H]1c1ccc(Cl)cc1)C(C)(C)C,9.52,0.0,1
CHEMBL1907611,CCS(=O)(=O)C[C@H](C(C)C)N1C(=O)[C@@](C)(CC(=O)O)C[C@H](c2cccc(Cl)c2)[C@H]1c1ccc(Cl)cc1,9.3,0.0,1
CHEMBL1907611,CCS(=O)(=O)C[C@H](C1CC1)N1C(=O)[C@@](C)(CC(=O)CO)C[C@H](c2cccc(Cl)c2)[C@H]1c1ccc(Cl)cc1,8.39,0.0,1
CHEMBL1907611,CCS(=O)(=O)C[C@H](C1CC1)N1C(=O)[C@@](C)(CC(=O)O)C[C@H](c2cccc(Cl)c2)[C@H]1c1ccc(Cl)cc1,10.0,0.0,1
CHEMBL1907611,CCS(=O)(=O)N(C[C@H](C1CC1)N1C(=O)[C@@](C)(CC(=O)O)C[C@H](c2cccc(Cl)c2)[C@H]1c1ccc(Cl)cc1)C(F)F,10.0,0.0,1
CHEMBL1907611,CCS(=O)(=O)N(C[C@H](C1CC1)N1C(=O)[C@@](C)(CC(=O)O)C[C@H](c2cccc(Cl)c2)[C@H]1c1ccc(Cl)cc1)c1cccc(F)c1,9.7,0.0,1
CHEMBL1907611,CCS(=O)(=O)N(C[C@H](C1CC1)N1C(=O)[C@@](C)(CC(=O)O)C[C@H](c2cccc(Cl)c2)[C@H]1c1ccc(Cl)cc1)c1ccccc1,9.52,0.0,1
CHEMBL1907611,CCS(=O)(=O)N(C[C@H](C1CC1)N1C(=O)[C@@](C)(CC(=O)O)C[C@H](c2cccc(Cl)c2)[C@H]1c1ccc(Cl)cc1)c1ccccc1F,10.0,0.0,1
CHEMBL1907611,CCS(=O)(=O)NC[C@H](C(C)C)N1C(=O)[C@@](C)(CC(=O)O)C[C@H](c2cccc(Cl)c2)[C@H]1c1ccc(Cl)cc1,7.79,0.0,1
CHEMBL1907611,CCS(=O)(=O)NC[C@H](C1CC1)N1C(=O)[C@@](C)(CC(=O)O)C[C@H](c2cccc(Cl)c2)[C@H]1c1ccc(Cl)cc1,9.3,0.0,1
CHEMBL1907611,CC[C@@H](C(=O)N(C)S(=O)(=O)C1CC1)N1C(=O)[C@@](C)(CC(=O)O)C[C@H](c2cccc(Cl)c2)[C@H]1c1ccc(Cl)cc1,7.28,0.0,1
CHEMBL1907611,CC[C@@H](C(=O)NC(C)(C)C)N1C(=O)[C@@](C)(CC(=O)O)C[C@H](c2cccc(Cl)c2)[C@H]1c1ccc(Cl)cc1,7.960000000000001,0.36769552621700474,2
CHEMBL1907611,CC[C@@H](C(=O)NCC(C)(C)C)N1C(=O)[C@@](C)(CC(=O)O)C[C@H](c2cccc(Cl)c2)[C@H]1c1ccc(Cl)cc1,7.960000000000001,0.36769552621700474,2
CHEMBL1907611,CC[C@@H](C(=O)OC(C)(C)C)N1C(=O)[C@@H](CC(=O)O)CC(c2cccc(Cl)c2)[C@H]1c1ccc(Cl)cc1,7.9,0.7071067811865476,2
CHEMBL1907611,CC[C@@H](C(=O)OC(C)(C)C)N1C(=O)[C@@H](CC(=O)O)C[C@H](c2cccc(Cl)c2)[C@H]1c1ccc(Cl)cc1,7.870000000000001,0.7212489168102785,2
CHEMBL1907611,CC[C@@H](C(=O)OC(C)(C)C)N1C(=O)[C@@H](Cc2nnco2)C[C@H](c2cccc(Cl)c2)[C@H]1c1ccc(Cl)cc1,5.72,0.0,1
CHEMBL1907611,CC[C@@H](C(=O)OC(C)(C)C)N1C(=O)[C@@H](Cc2nnn[nH]2)C[C@H](c2cccc(Cl)c2)[C@H]1c1ccc(Cl)cc1,8.215,0.7424621202458751,2
CHEMBL1907611,CC[C@@H](C(=O)OC(C)(C)C)N1C(=O)[C@@](C)(CC(=O)O)CC(c2cccc(Cl)c2)[C@H]1c1ccc(Cl)cc1,8.2,0.7071067811865472,2
CHEMBL1907611,CC[C@@H](C(=O)OC(C)(C)C)N1C(=O)[C@@](C)(CC(=O)O)C[C@H](c2cc(Cl)ccn2)[C@H]1c1ccc(Cl)cc1,8.0,0.4242640687119292,2
CHEMBL1907611,CC[C@@H](C(=O)OC(C)(C)C)N1C(=O)[C@@](C)(CC(=O)O)C[C@H](c2cccc(Cl)c2)[C@H]1c1ccc(Cl)cc1,8.18,0.6788225099390853,2
CHEMBL1907611,CC[C@@H](C(=O)OC(C)(C)C)N1C(=O)[C@@](C)(CC(=O)O)C[C@H](c2cccc(Cl)c2)[C@H]1c1ccc(Cl)cn1,7.7,0.0,1
CHEMBL1907611,CC[C@@H](C(=O)OC(C)(C)C)N1C(=O)[C@@](C)(Cc2nnn[nH]2)C[C@H](c2cccc(Cl)c2)[C@H]1c1ccc(Cl)cc1,8.525,0.5780715065341543,4
CHEMBL1907611,CC[C@@H](C(=O)OC(C)(C)C)N1C(=O)[C@H](CC(=O)O)C[C@H](c2cccc(Cl)c2)[C@H]1c1ccc(Cl)cc1,6.7,0.0,1
CHEMBL1907611,CC[C@@H](C(=O)OC(C)(C)C)N1C(=O)[C@](C)(CC(=O)O)CC(c2cccc(Cl)c2)[C@H]1c1ccc(Cl)cc1,6.51,0.0,1
CHEMBL1907611,CC[C@@H](C(C)=O)N1C(=O)[C@@](C)(CC(=O)O)C[C@H](c2cccc(Cl)c2)[C@H]1c1ccc(Cl)cc1,7.960000000000001,0.36769552621700474,2
CHEMBL1907611,CC[C@@H](C(C)NS(=O)(=O)C(C)C)N1C(=O)[C@@](C)(CC(=O)O)C[C@H](c2cccc(Cl)c2)C1c1ccc(Cl)cc1,8.52,0.0,1
CHEMBL1907611,CC[C@@H](C(C)NS(=O)(=O)C1CC1)N1C(=O)[C@@](C)(CC(=O)O)C[C@H](c2cccc(Cl)c2)C1c1ccc(Cl)cc1,8.85,0.21213203435596475,2
CHEMBL1907611,CC[C@@H](C(O)C(F)(F)F)N1C(=O)[C@@H](CC(=O)O)C[C@H](c2cccc(Cl)c2)[C@H]1c1ccc(Cl)cc1,7.58,0.5939696961966998,2
CHEMBL1907611,CC[C@@H](C)Oc1cc2c(cc1OC)CC(=O)N(c1ccc(N(C)C)cc1)C2c1ccc(Cl)cc1,6.92,0.0,1
CHEMBL1907611,CC[C@@H](C)Oc1cc2c(cc1OC)CC(=O)N(c1ccc(N(C)CC3CCNCC3)cc1)C2c1ccc(Cl)cc1,8.4,0.0,1
CHEMBL1907611,CC[C@@H](C)Oc1cc2c(cc1OC)CC(=O)N(c1ccc(N(C)C[C@H]3CC[C@H](N(C)C)CC3)cc1)C2c1ccc(Cl)cc1,8.52,0.0,1
CHEMBL1907611,CC[C@@H](C)Oc1cc2c(cc1OC)CC(=O)N(c1ccc(N(C)C[C@H]3CC[C@H](N(C)C)CC3)cc1)[C@H]2c1ccc(Cl)cc1,8.72,0.0,1
CHEMBL1907611,CC[C@@H](C)Oc1cc2c(cc1OC)CC(=O)N(c1ccc(N(C)C[C@H]3CC[C@H](N)CC3)cc1)C2c1ccc(Cl)cc1,8.52,0.0,1
CHEMBL1907611,CC[C@@H](C)Oc1cc2c(cc1OC)CC(=O)N(c1ccc(N(C)Cc3ccc(F)cc3)cc1)C2c1ccc(Cl)cc1,6.92,0.0,1
CHEMBL1907611,CC[C@@H](C)Oc1cc2c(cc1OC)CC(=O)N(c1ccc(N(C)Cc3cccc(F)c3)cc1)C2c1ccc(Cl)cc1,6.77,0.0,1
CHEMBL1907611,CC[C@@H](C)Oc1cc2c(cc1OC)CC(=O)N(c1ccc(N(C)Cc3cccnc3)cc1)C2c1ccc(Cl)cc1,7.82,0.0,1
CHEMBL1907611,CC[C@@H](C)Oc1cc2c(cc1OC)CC(=O)N(c1ccc(N(C)Cc3ccncc3)cc1)C2c1ccc(Cl)cc1,8.1,0.0,1
CHEMBL1907611,CC[C@@H](C)Oc1cc2c(cc1OC)CC(=O)N(c1ccc(N(C)Cc3ccncc3)cc1)[C@@H]2c1ccc(Cl)cc1,5.925,0.007071067811865324,2
CHEMBL1907611,CC[C@@H](C)Oc1cc2c(cc1OC)CC(=O)N(c1ccc(N(C)Cc3ccncc3)cc1)[C@H]2c1ccc(Cl)cc1,8.64,0.0,1
CHEMBL1907611,CC[C@@H](C1=NC(C)(C)CO1)N1C(=O)[C@@](C)(CC(=O)O)C[C@H](c2cccc(Cl)c2)[C@H]1c1ccc(Cl)cc1,7.4,0.0,1
CHEMBL1907611,CC[C@@H](C1CCC(=O)O1)N1C(=O)[C@@](C)(CC(=O)O)C[C@H](c2cccc(Cl)c2)[C@H]1c1ccc(Cl)cc1,8.05,0.49497474683058307,2
CHEMBL1907611,CC[C@@H](C1CCCCO1)N1C(=O)[C@@](C)(CC(=O)O)C[C@H](c2cccc(Cl)c2)[C@H]1c1ccc(Cl)cc1,8.85,0.21213203435596475,2
CHEMBL1907611,CC[C@@H](C1CCCO1)N1C(=O)[C@@](C)(CC(=O)O)C[C@H](c2cccc(Cl)c2)[C@H]1c1ccc(Cl)cc1,8.305,0.5739628327107372,4
CHEMBL1907611,CC[C@@H](CC(C)(C)O)N1C(=O)[C@@](C)(CC(=O)O)C[C@H](c2cccc(Cl)c2)[C@H]1c1ccc(Cl)cc1,7.16,0.0,1
CHEMBL1907611,CC[C@@H](CC(C)(O)C(F)(F)F)N1C(=O)[C@@](C)(CC(=O)O)C[C@H](c2cccc(Cl)c2)[C@H]1c1ccc(Cl)cc1,7.695,0.8144323176298932,4
CHEMBL1907611,CC[C@@H](CC(C)=O)N1C(=O)[C@@](C)(CC(=O)O)C[C@H](c2cccc(Cl)c2)[C@H]1c1ccc(Cl)cc1,8.26,0.3676955262170044,2
CHEMBL1907611,CC[C@@H](CC(C)O)N1C(=O)[C@@](C)(CC(=O)O)C[C@H](c2cccc(Cl)c2)C1c1ccc(Cl)cc1,8.2,0.2828427124746199,2
CHEMBL1907611,CC[C@@H](CC(O)(C1CC1)C(F)(F)F)N1C(=O)[C@@](C)(CC(=O)O)C[C@H](c2cccc(Cl)c2)[C@H]1c1ccc(Cl)cc1,8.0,0.0,1
CHEMBL1907611,CC[C@@H](CC(O)(O)C(F)(F)F)N1C(=O)[C@@](C)(CC(=O)O)C[C@H](c2cccc(Cl)c2)[C@H]1c1ccc(Cl)cc1,8.35,0.49497474683058273,2
CHEMBL1907611,CC[C@@H](CC(O)C(F)(F)F)N1C(=O)[C@@](C)(CC(=O)O)C[C@H](c2cccc(Cl)c2)C1c1ccc(Cl)cc1,7.6225,0.2010596926288305,4
CHEMBL1907611,CC[C@@H](CCC#N)N1C(=O)[C@@H](CC(=O)O)C[C@H](c2cccc(Cl)c2)[C@H]1c1ccc(Cl)cc1,7.96,0.6222539674441624,2
CHEMBL1907611,CC[C@@H](CCC(C)(C)O)N1C(=O)[C@@](C)(CC(=O)O)C[C@H](c2cccc(Cl)c2)[C@H]1c1ccc(Cl)cc1,8.5,0.7071067811865476,2
CHEMBL1907611,CC[C@@H](CCC(C)(O)C(F)(F)F)N1C(=O)[C@@](C)(CC(=O)O)C[C@H](c2cccc(Cl)c2)C1c1ccc(Cl)cc1,9.0,0.0,1
CHEMBL1907611,CC[C@@H](CCC(C)(O)C(F)(F)F)N1C(=O)[C@@](C)(CC(=O)O)C[C@H](c2cccc(Cl)c2)[C@H]1c1ccc(Cl)cc1,8.35,0.49497474683058273,2
CHEMBL1907611,CC[C@@H](CCCC(C)(C)O)N1C(=O)[C@@](C)(CC(=O)O)C[C@H](c2cccc(Cl)c2)C1c1ccc(Cl)cc1,8.2,0.2828427124746199,2
CHEMBL1907611,CC[C@@H](CCO)N1C(=O)[C@@](C)(CC(=O)O)C[C@H](c2cccc(Cl)c2)[C@H]1c1ccc(Cl)cc1,8.35,0.49497474683058273,2
CHEMBL1907611,CC[C@@H](CCS(=O)(=O)C(C)C)N1C(=O)[C@@](C)(CC(=O)O)C[C@H](c2cccc(Cl)c2)C1c1ccc(Cl)cc1,8.26,0.3676955262170044,2
CHEMBL1907611,CC[C@@H](CCS(=O)(=O)CC)N1C(=O)[C@@](C)(CC(=O)O)C[C@H](c2cccc(Cl)c2)C1c1ccc(Cl)cc1,8.5,0.7071067811865476,2
CHEMBL1907611,CC[C@@H](CCS(=O)(=O)CC1CC1)N1C(=O)[C@@](C)(CC(=O)O)C[C@H](c2cccc(Cl)c2)C1c1ccc(Cl)cc1,7.7250000000000005,0.45961940777125615,2
CHEMBL1907611,CC[C@@H](CCS(C)(=O)=O)N1C(=O)[C@@H](CC(=O)O)C[C@H](c2cccc(Cl)c2)[C@H]1c1ccc(Cl)cc1,7.3,0.0,1
CHEMBL1907611,CC[C@@H](CCc1ccccn1)N1C(=O)[C@@H](CC(=O)O)C[C@H](c2cccc(Cl)c2)[C@H]1c1ccc(Cl)cc1,7.05,0.0,1
CHEMBL1907611,CC[C@@H](CN(C)C1COC1)N1C(=O)[C@@](C)(CC(=O)O)C[C@H](c2cccc(Cl)c2)[C@H]1c1ccc(Cl)cc1,8.02,0.7071067811865476,2
CHEMBL1907611,CC[C@@H](CN(C)S(=O)(=O)C(C)(C)C)N1C(=O)[C@@](C)(CC(=O)O)C[C@H](c2cccc(Cl)c2)[C@H]1c1ccc(Cl)cc1,8.4,0.0,1
CHEMBL1907611,CC[C@@H](CN(C)S(=O)(=O)C1(C)CC1)N1C(=O)[C@@](C)(CC(=O)O)C[C@H](c2cccc(Cl)c2)[C@H]1c1ccc(Cl)cc1,9.0,0.0,1
CHEMBL1907611,CC[C@@H](CN(C)S(=O)(=O)C1CC1)N1C(=O)[C@@](C)(C(C)C(=O)O)C[C@H](c2cccc(Cl)c2)C1c1ccc(Cl)cc1,7.82,0.0,1
CHEMBL1907611,CC[C@@H](CN(C)S(=O)(=O)C1CC1)N1C(=O)[C@@](C)(CC(=O)NC#N)C[C@H](c2cccc(Cl)c2)[C@H]1c1ccc(Cl)cc1,8.7,0.0,1
CHEMBL1907611,CC[C@@H](CN(C)S(=O)(=O)C1CC1)N1C(=O)[C@@](C)(CC(=O)NCCC(O)CO)C[C@H](c2cccc(Cl)c2)C1c1ccc(Cl)cc1,7.55,0.0,1
CHEMBL1907611,CC[C@@H](CN(C)S(=O)(=O)C1CC1)N1C(=O)[C@@](C)(CC(=O)NCCCO)C[C@H](c2cccc(Cl)c2)[C@H]1c1ccc(Cl)cc1,7.28,0.0,1
CHEMBL1907611,CC[C@@H](CN(C)S(=O)(=O)C1CC1)N1C(=O)[C@@](C)(CC(=O)NCCN(C)C)C[C@H](c2cccc(Cl)c2)[C@H]1c1ccc(Cl)cc1,6.97,0.0,1
CHEMBL1907611,CC[C@@H](CN(C)S(=O)(=O)C1CC1)N1C(=O)[C@@](C)(CC(=O)NCCO)C[C@H](c2cccc(Cl)c2)[C@H]1c1ccc(Cl)cc1,7.31,0.0,1
CHEMBL1907611,CC[C@@H](CN(C)S(=O)(=O)C1CC1)N1C(=O)[C@@](C)(CC(=O)NC[C@@H](O)CO)C[C@H](c2cccc(Cl)c2)[C@H]1c1ccc(Cl)cc1,7.19,0.0,1
CHEMBL1907611,CC[C@@H](CN(C)S(=O)(=O)C1CC1)N1C(=O)[C@@](C)(CC(=O)NC[C@H](O)CO)C[C@H](c2cccc(Cl)c2)[C@H]1c1ccc(Cl)cc1,7.24,0.0,1
CHEMBL1907611,CC[C@@H](CN(C)S(=O)(=O)C1CC1)N1C(=O)[C@@](C)(CC(=O)NO)C[C@H](c2cccc(Cl)c2)[C@H]1c1ccc(Cl)cc1,7.58,0.0,1
CHEMBL1907611,CC[C@@H](CN(C)S(=O)(=O)C1CC1)N1C(=O)[C@@](C)(CC(=O)NOC)C[C@H](c2cccc(Cl)c2)[C@H]1c1ccc(Cl)cc1,7.36,0.0,1
CHEMBL1907611,CC[C@@H](CN(C)S(=O)(=O)C1CC1)N1C(=O)[C@@](C)(CC(=O)O)C[C@H](c2cccc(Cl)c2)C1c1ccc(Cl)cc1,9.0,0.0,1
CHEMBL1907611,CC[C@@H](CN(C)S(=O)(=O)C1CC1)N1C(=O)[C@@](C)(CC(=O)O)C[C@H](c2cncc(Cl)c2)[C@H]1c1ccc(Cl)cc1,8.4,0.0,1
CHEMBL1907611,CC[C@@H](CN(C)S(=O)(=O)C1CC1)N1C(=O)[C@@](CC)(CC(=O)O)C[C@H](c2cccc(Cl)c2)[C@H]1c1ccc(Cl)cc1,8.7,0.0,1
CHEMBL1907611,CC[C@@H](CN(C)S(=O)(=O)C1CC1)N1C(=O)[C@@](CCN2CCCC2)(CC(=O)O)C[C@H](c2cccc(Cl)c2)[C@H]1c1ccc(Cl)cc1,8.59,0.0,1
CHEMBL1907611,CC[C@@H](CN(C)S(=O)(=O)C1CC1)N1C(=O)[C@@](CCN2CCOCC2)(CC(=O)O)C[C@H](c2cccc(Cl)c2)[C@H]1c1ccc(Cl)cc1,8.46,0.0,1
CHEMBL1907611,CC[C@@H](CN(C)S(=O)(=O)C1CC1)N1C(=O)[C@H](C(C)C(=O)O)C[C@H](c2cccc(Cl)c2)[C@H]1c1ccc(Cl)cc1,7.7,0.0,1
CHEMBL1907611,CC[C@@H](CN(C)S(=O)(=O)C1CC1)N1C(=O)[C@](C)(CCC(=O)O)C[C@H](c2cccc(Cl)c2)[C@H]1c1ccc(Cl)cc1,7.36,0.0,1
CHEMBL1907611,CC[C@@H](CN(C)S(=O)(=O)C1CC1)N1C(=O)[C@](CC(=O)O)(OC)C[C@H](c2cccc(Cl)c2)[C@H]1c1ccc(Cl)cc1,9.0,0.0,1
CHEMBL1907611,CC[C@@H](CN(C)S(=O)(=O)CC)N1C(=O)[C@@](C)(CC(=O)O)C[C@H](c2cc(F)cc(Cl)c2)[C@H]1c1ccc(Cl)cc1,9.4,0.0,1
CHEMBL1907611,CC[C@@H](CN(C)S(C)(=O)=O)N1C(=O)[C@@](C)(CC(=O)O)C[C@H](c2cccc(Cl)c2)[C@H]1c1ccc(Cl)cc1,8.35,0.49497474683058273,2
CHEMBL1907611,CC[C@@H](CN(C1CC1)S(C)(=O)=O)N1C(=O)[C@@](C)(CC(=O)O)C[C@H](c2cccc(Cl)c2)C1c1ccc(Cl)cc1,8.5,0.7071067811865476,2
CHEMBL1907611,CC[C@@H](CN(CC(F)(F)F)C(C)=O)N1C(=O)[C@@](C)(CC(=O)O)C[C@H](c2cccc(Cl)c2)[C@H]1c1ccc(Cl)cc1,7.81,0.4101219330881976,2
CHEMBL1907611,CC[C@@H](CN(CC(F)(F)F)S(C)(=O)=O)N1C(=O)[C@@](C)(CC(=O)O)C[C@H](c2cccc(Cl)c2)C1c1ccc(Cl)cc1,8.35,0.49497474683058273,2
CHEMBL1907611,CC[C@@H](CN(CC)S(=O)(=O)C(C)C)N1C(=O)[C@@](C)(CC(=O)O)C[C@H](c2cccc(Cl)c2)[C@H]1c1ccc(Cl)cc1,7.89,0.0,1
CHEMBL1907611,CC[C@@H](CN(CC)S(=O)(=O)C1CCC1)N1C(=O)[C@@](C)(CC(=O)O)C[C@H](c2cccc(Cl)c2)[C@H]1c1ccc(Cl)cc1,8.0,0.0,1
CHEMBL1907611,CC[C@@H](CN1C(C)(C)c2ccccc2S1(=O)=O)N1C(=O)[C@@](C)(CC(=O)O)C[C@H](c2cccc(Cl)c2)[C@H]1c1ccc(Cl)cc1,8.7,0.0,1
CHEMBL1907611,CC[C@@H](CN1CC(C)(C)OC1=O)N1C(=O)[C@@](C)(CC(=O)O)C[C@H](c2cccc(Cl)c2)[C@H]1c1ccc(Cl)cc1,7.7,0.0,1
CHEMBL1907611,CC[C@@H](CN1CC(C)OC(C)C1)N1C(=O)[C@@](C)(CC(=O)O)C[C@H](c2cccc(Cl)c2)[C@H]1c1ccc(Cl)cc1,8.0,0.0,1
CHEMBL1907611,CC[C@@H](CN1CC(F)(F)C1)N1C(=O)[C@@](C)(CC(=O)O)C[C@H](c2cccc(Cl)c2)[C@H]1c1ccc(Cl)cc1,7.91,0.5515432893255079,2
CHEMBL1907611,CC[C@@H](CN1CC(O)(C(F)(F)F)C1)N1C(=O)[C@@](C)(CC(=O)O)C[C@H](c2cccc(Cl)c2)[C@H]1c1ccc(Cl)cc1,7.8100000000000005,0.5798275605729691,2
CHEMBL1907611,CC[C@@H](CN1CC2CCC(C1)O2)N1C(=O)[C@@](C)(CC(=O)O)C[C@H](c2cccc(Cl)c2)[C@H]1c1ccc(Cl)cc1,7.52,0.0,1
CHEMBL1907611,CC[C@@H](CN1CCCC1)N1C(=O)[C@@H](CC(=O)O)C[C@H](c2cccc(Cl)c2)[C@H]1c1ccc(Cl)cc1,6.24,0.0,1
CHEMBL1907611,CC[C@@H](CN1CCCC1=O)N1C(=O)[C@@](C)(CC(=O)O)C[C@H](c2cccc(Cl)c2)[C@H]1c1ccc(Cl)cc1,7.925000000000001,0.3181980515339462,2
CHEMBL1907611,CC[C@@H](CN1CCCS1(=O)=O)N1C(=O)[C@@H](Cc2cccc(O)n2)C[C@H](c2cccc(Cl)c2)[C@H]1c1ccc(Cl)cc1,7.64,0.0,1
CHEMBL1907611,CC[C@@H](CN1CCCS1(=O)=O)N1C(=O)[C@@H](Cc2cccc(OC)n2)C[C@H](c2cccc(Cl)c2)[C@H]1c1ccc(Cl)cc1,6.71,0.0,1
CHEMBL1907611,CC[C@@H](CN1CCCS1(=O)=O)N1C(=O)[C@@](C)(Cc2cccc(O)n2)C[C@H](c2cccc(Cl)c2)[C@H]1c1ccc(Cl)cc1,6.92,0.0,1
CHEMBL1907611,CC[C@@H](CN1CCCS1(=O)=O)N1C(=O)[C@@](C)(Cc2cccc(OC)n2)C[C@H](c2cccc(Cl)c2)[C@H]1c1ccc(Cl)cc1,6.56,0.0,1
CHEMBL1907611,CC[C@@H](CN1CCCS1(=O)=O)N1C(=O)[C@H](Cc2cccc(O)n2)C[C@H](c2cccc(Cl)c2)[C@H]1c1ccc(Cl)cc1,6.98,0.0,1
CHEMBL1907611,CC[C@@H](CN1CCCS1(=O)=O)N1C(=O)[C@H](Cc2cccc(OC)n2)C[C@H](c2cccc(Cl)c2)[C@H]1c1ccc(Cl)cc1,6.91,0.0,1
CHEMBL1907611,CC[C@@H](CN1CCCS1(=O)=O)N1C(=O)[C@](C)(Cc2cccc(O)n2)C[C@H](c2cccc(Cl)c2)[C@H]1c1ccc(Cl)cc1,7.28,0.0,1
CHEMBL1907611,CC[C@@H](CN1CCCS1(=O)=O)N1C(=O)[C@](C)(Cc2cccc(OC)n2)C[C@H](c2cccc(Cl)c2)[C@H]1c1ccc(Cl)cc1,6.89,0.0,1
CHEMBL1907611,CC[C@@H](CN1CCN(C(=O)C2CC2)CC1)N1C(=O)[C@@](C)(CC(=O)O)C[C@H](c2cccc(Cl)c2)[C@H]1c1ccc(Cl)cc1,8.2,0.2828427124746199,2
CHEMBL1907611,CC[C@@H](CN1CCN(C(C)=O)CC1)N1C(=O)[C@@](C)(CC(=O)O)C[C@H](c2cccc(Cl)c2)[C@H]1c1ccc(Cl)cc1,8.35,0.49497474683058273,2
CHEMBL1907611,CC[C@@H](CN1CCN(S(=O)(=O)C2CC2)CC1)N1C(=O)[C@@](C)(CC(=O)O)C[C@H](c2cccc(Cl)c2)[C@H]1c1ccc(Cl)cc1,7.785,0.37476659402887097,2
CHEMBL1907611,CC[C@@H](CN1CCN(S(C)(=O)=O)CC1)N1C(=O)[C@@](C)(CC(=O)O)C[C@H](c2cccc(Cl)c2)[C@H]1c1ccc(Cl)cc1,7.9,0.28284271247461834,2
CHEMBL1907611,CC[C@@H](CN1CCOC(C)(C)C1)N1C(=O)[C@@](C)(CC(=O)O)C[C@H](c2cccc(Cl)c2)[C@H]1c1ccc(Cl)cc1,8.26,0.3676955262170044,2
CHEMBL1907611,CC[C@@H](CN1CCOC1=O)N1C(=O)[C@@](C)(CC(=O)O)C[C@H](c2cccc(Cl)c2)[C@H]1c1ccc(Cl)cc1,7.91,0.5515432893255079,2
CHEMBL1907611,CC[C@@H](CN1CCOCC1(C)C)N1C(=O)[C@@](C)(CC(=O)O)C[C@H](c2cccc(Cl)c2)[C@H]1c1ccc(Cl)cc1,8.11,0.5798275605729689,2
CHEMBL1907611,CC[C@@H](CN1CCOCC1)N1C(=O)[C@@H](CC(=O)O)C[C@H](c2cccc(Cl)c2)[C@H]1c1ccc(Cl)cc1,7.16,0.0,1
CHEMBL1907611,CC[C@@H](CN1CCOCC1)N1C(=O)[C@@](C)(CC(=O)O)C[C@H](c2cccc(Cl)c2)[C@H]1c1ccc(Cl)cc1,8.2,0.2828427124746199,2
CHEMBL1907611,CC[C@@H](CN1CCOCC1)N1C(=O)[C@@](C)(CC(=O)O)C[C@H](c2cccc(Cl)c2)[C@H]1c1ccc(Cl)cn1,7.3,0.0,1
CHEMBL1907611,CC[C@@H](CN1CCOCC1)N1C(=O)[C@@](C)(Cc2noc(=O)[nH]2)C[C@H](c2cccc(Cl)c2)[C@H]1c1ccc(Cl)cc1,8.35,0.49497474683058273,2
CHEMBL1907611,CC[C@@H](CN1CCOCC1C)N1C(=O)[C@@](C)(CC(=O)O)C[C@H](c2cccc(Cl)c2)[C@H]1c1ccc(Cl)cc1,8.35,0.49497474683058273,2
CHEMBL1907611,CC[C@@H](CN1CCS(=O)(=O)CC1)N1C(=O)[C@@H](CC(=O)O)C[C@H](c2cccc(Cl)c2)[C@H]1c1ccc(Cl)cc1,6.89,0.0,1
CHEMBL1907611,CC[C@@H](CN1CCS(=O)(=O)CC1)N1C(=O)[C@@](C)(CC(=O)O)C[C@H](c2cccc(Cl)c2)[C@H]1c1ccc(Cl)cc1,8.05,0.49497474683058307,2
CHEMBL1907611,CC[C@@H](CN1C[C@H]2C[C@@H]1CO2)N1C(=O)[C@@](C)(CC(=O)O)C[C@H](c2cccc(Cl)c2)[C@H]1c1ccc(Cl)cc1,7.605,0.6293250352560277,2
CHEMBL1907611,CC[C@@H](CN1Cc2ccccc2S1(=O)=O)N1C(=O)[C@@](C)(CC(=O)O)C[C@H](c2cccc(Cl)c2)[C@H]1c1ccc(Cl)cc1,8.3,0.0,1
CHEMBL1907611,CC[C@@H](CNC(C)=O)N1C(=O)[C@@H](CC(=O)O)C[C@H](c2cccc(Cl)c2)[C@H]1c1ccc(Cl)cc1,6.75,0.0,1
CHEMBL1907611,CC[C@@H](CNCC(F)(F)F)N1C(=O)[C@@H](CC(=O)O)C[C@H](c2cccc(Cl)c2)[C@H]1c1ccc(Cl)cc1,6.77,0.0,1
CHEMBL1907611,CC[C@@H](CNCC(F)(F)F)N1C(=O)[C@@](C)(CC(=O)O)C[C@H](c2cccc(Cl)c2)[C@H]1c1ccc(Cl)cc1,7.4,0.0,1
CHEMBL1907611,CC[C@@H](CNS(=O)(=O)C(C)(C)C)N1C(=O)[C@@](C)(CC(=O)O)C[C@H](c2cccc(Cl)c2)[C@H]1c1ccc(Cl)cc1,8.7,0.0,1
CHEMBL1907611,CC[C@@H](CNS(=O)(=O)C(C)C)N1C(=O)[C@@](C)(CC(=O)O)C[C@H](c2cccc(Cl)c2)[C@H]1c1ccc(Cl)cc1,8.52,0.0,1
CHEMBL1907611,CC[C@@H](CNS(=O)(=O)C(F)(F)F)N1C(=O)[C@@](C)(CC(=O)O)C[C@H](c2cccc(Cl)c2)[C@H]1c1ccc(Cl)cc1,8.15,0.0,1
CHEMBL1907611,CC[C@@H](CNS(=O)(=O)C1(C)CC1)N1C(=O)[C@@](C)(CC(=O)O)C[C@H](c2cccc(Cl)c2)[C@H]1c1ccc(Cl)cc1,9.0,0.0,1
CHEMBL1907611,CC[C@@H](CNS(=O)(=O)C1CC1)N1C(=O)[C@@](C)(CC(=O)O)C[C@H](c2cccc(Cl)c2)C1c1ccc(Cl)cc1,9.0,0.0,1
CHEMBL1907611,CC[C@@H](CNS(=O)(=O)C1CC1)N1C(=O)[C@@](C)(CC(=O)O)C[C@H](c2cncc(Cl)c2)[C@H]1c1ccc(Cl)cc1,8.34,0.0,1
CHEMBL1907611,CC[C@@H](CNS(=O)(=O)C1CCC1)N1C(=O)[C@@](C)(CC(=O)O)C[C@H](c2cccc(Cl)c2)[C@H]1c1ccc(Cl)cc1,8.89,0.0,1
CHEMBL1907611,CC[C@@H](CNS(=O)(=O)CC)N1C(=O)[C@@](C)(CC(=O)O)C[C@H](c2cc(F)cc(Cl)c2)[C@H]1c1ccc(Cl)cc1,9.15,0.0,1
CHEMBL1907611,CC[C@@H](CNS(=O)(=O)c1ccc(C)cc1)N1C(=O)[C@@](C)(CC(=O)O)C[C@H](c2cccc(Cl)c2)[C@H]1c1ccc(Cl)cc1,9.0,0.0,1
CHEMBL1907611,CC[C@@H](CNS(=O)(=O)c1ccc(Cl)cc1)N1C(=O)[C@@](C)(CC(=O)O)C[C@H](c2cccc(Cl)c2)[C@H]1c1ccc(Cl)cc1,8.52,0.0,1
CHEMBL1907611,CC[C@@H](CNS(=O)(=O)c1ccc(OC)cc1)N1C(=O)[C@@](C)(CC(=O)O)C[C@H](c2cccc(Cl)c2)[C@H]1c1ccc(Cl)cc1,9.0,0.0,1
CHEMBL1907611,CC[C@@H](CNS(=O)(=O)c1ccccc1)N1C(=O)[C@@](C)(CC(=O)O)C[C@H](c2cccc(Cl)c2)[C@H]1c1ccc(Cl)cc1,9.0,0.0,1
CHEMBL1907611,CC[C@@H](CNS(=O)(=O)c1ccccc1C)N1C(=O)[C@@](C)(CC(=O)O)C[C@H](c2cccc(Cl)c2)[C@H]1c1ccc(Cl)cc1,8.3,0.0,1
CHEMBL1907611,CC[C@@H](CNS(=O)(=O)c1ccccc1Cl)N1C(=O)[C@@](C)(CC(=O)O)C[C@H](c2cccc(Cl)c2)[C@H]1c1ccc(Cl)cc1,8.52,0.0,1
CHEMBL1907611,CC[C@@H](CNS(=O)(=O)c1ccccn1)N1C(=O)[C@@](C)(CC(=O)O)C[C@H](c2cccc(Cl)c2)[C@H]1c1ccc(Cl)cc1,9.0,0.0,1
CHEMBL1907611,CC[C@@H](CNS(C)(=O)=O)N1C(=O)[C@@H](CC(=O)O)C[C@H](c2cccc(Cl)c2)[C@H]1c1ccc(Cl)cc1,7.52,0.0,1
CHEMBL1907611,CC[C@@H](CNS(C)(=O)=O)N1C(=O)[C@@](C)(CC(=O)O)C[C@H](c2cccc(Cl)c2)[C@H]1c1ccc(Cl)cc1,8.5,0.7071067811865476,2
CHEMBL1907611,CC[C@@H](CNc1nccs1)N1C(=O)[C@@H](CC(=O)O)C[C@H](c2cccc(Cl)c2)[C@H]1c1ccc(Cl)cc1,6.1850000000000005,1.1525840533340728,2
CHEMBL1907611,CC[C@@H](CO)N1C(=O)[C@@H](CC(=O)O)C[C@H](c2cccc(Cl)c2)C1c1ccc(Cl)cc1,7.3,0.0,1
CHEMBL1907611,CC[C@@H](CO)N1C(=O)[C@@](C)(C2CC2C(=O)O)C[C@H](c2cccc(Cl)c2)[C@H]1c1ccc(Cl)cc1,7.0,0.0,1
CHEMBL1907611,CC[C@@H](CO)N1C(=O)[C@@](C)(CC(=O)O)C[C@H](c2cccc(Cl)c2)[C@H]1c1ccc(Cl)cc1,8.335,0.5009657340244604,4
CHEMBL1907611,CC[C@@H](COC)N1C(=O)[C@@H](CC(=O)O)C[C@H](c2cccc(Cl)c2)C1c1ccc(Cl)cc1,7.16,0.0,1
CHEMBL1907611,CC[C@@H](COC)N1C(=O)[C@H](CC(=O)O)C[C@H](c2cccc(Cl)c2)[C@H]1c1ccc(Cl)cc1,6.54,0.0,1
CHEMBL1907611,CC[C@@H](COCC(C)(C)O)N1C(=O)[C@H](CC(=O)O)C[C@H](c2cccc(Cl)c2)C1c1ccc(Cl)cc1,6.96,0.0,1
CHEMBL1907611,CC[C@@H](COCC1(C#N)CC1)N1C(=O)[C@@H](CC(=O)O)C[C@H](c2cccc(Cl)c2)C1c1ccc(Cl)cc1,7.4,0.0,1
CHEMBL1907611,CC[C@@H](COCC1(C(N)=O)CC1)N1C(=O)[C@@H](CC(=O)O)C[C@H](c2cccc(Cl)c2)C1c1ccc(Cl)cc1,7.16,0.0,1
CHEMBL1907611,CC[C@@H](COCC1(C(N)=O)CC1)N1C(=O)[C@H](CC(=O)O)C[C@H](c2cccc(Cl)c2)C1c1ccc(Cl)cc1,6.62,0.0,1
CHEMBL1907611,CC[C@@H](COCC1CC1)N1C(=O)[C@@H](CC(=O)O)C[C@H](c2cccc(Cl)c2)C1c1ccc(Cl)cc1,7.52,0.0,1
CHEMBL1907611,CC[C@@H](COCC1CC1)N1C(=O)[C@@](C)(CC(=O)O)CC(c2cccc(Cl)c2)[C@H]1c1ccc(Cl)cc1,8.11,0.8343860018001259,2
CHEMBL1907611,CC[C@@H](COCC1CC1)N1C(=O)[C@H](CC(=O)O)C[C@H](c2cccc(Cl)c2)[C@H]1c1ccc(Cl)cc1,6.96,0.0,1
CHEMBL1907611,CC[C@@H](COCCOC)N1C(=O)[C@@H](CC(=O)O)C[C@H](c2cccc(Cl)c2)C1c1ccc(Cl)cc1,7.05,0.0,1
CHEMBL1907611,CC[C@@H](COCCOC)N1C(=O)[C@H](CC(=O)O)C[C@H](c2cccc(Cl)c2)[C@H]1c1ccc(Cl)cc1,6.62,0.0,1
CHEMBL1907611,CC[C@@H](CS(=O)(=O)C(C)(C)C)N1C(=O)[C@@](C)(CC(=O)O)C[C@H](c2cc(F)cc(Cl)c2)[C@H]1c1ccc(Cl)cc1,10.0,0.0,1
CHEMBL1907611,CC[C@@H](CS(=O)(=O)C(C)(C)C)N1C(=O)[C@@](C)(CC(=O)O)C[C@H](c2cccc(Cl)c2)[C@H]1c1ccc(Cl)cc1,10.0,0.0,1
CHEMBL1907611,CC[C@@H](CS(=O)(=O)C(C)(C)C)N1C(=O)[C@@](C)(CC(=O)O)C[C@H](c2cncc(Cl)c2)[C@H]1c1ccc(Cl)cc1,8.82,0.0,1
CHEMBL1907611,CC[C@@H](CS(=O)(=O)C(C)(C)C)N1C(=O)[C@@](CC)(CC(=O)O)C[C@H](c2cccc(Cl)c2)[C@H]1c1ccc(Cl)cc1,10.0,0.0,1
CHEMBL1907611,CC[C@@H](CS(=O)(=O)C(C)C)N1C(=O)[C@@](C)(CC(=O)O)C[C@H](c2cc(F)cc(Cl)c2)[C@H]1c1ccc(Cl)cc1,10.0,0.0,1
CHEMBL1907611,CC[C@@H](CS(=O)(=O)C(C)C)N1C(=O)[C@@](C)(CC(=O)O)C[C@H](c2cccc(Cl)c2)[C@H]1c1ccc(Cl)cc1,9.7,0.0,1
CHEMBL1907611,CC[C@@H](CS(=O)(=O)C(C)C)N1C(=O)[C@@](CC)(CC(=O)O)C[C@H](c2cccc(Cl)c2)[C@H]1c1ccc(Cl)cc1,9.7,0.0,1
CHEMBL1907611,CC[C@@H](CS(=O)(=O)C1CC1)N1C(=O)[C@@](C)(CC(=O)O)C[C@H](c2cc(F)cc(Cl)c2)[C@H]1c1ccc(Cl)cc1,9.7,0.0,1
CHEMBL1907611,CC[C@@H](CS(=O)(=O)C1CC1)N1C(=O)[C@@](C)(CC(=O)O)C[C@H](c2cccc(Cl)c2)[C@H]1c1ccc(Cl)cc1,9.7,0.0,1
CHEMBL1907611,CC[C@@H](CS(=O)(=O)C1CC1)N1C(=O)[C@@](C)(CC(=O)O)C[C@H](c2cncc(Cl)c2)[C@H]1c1ccc(Cl)cc1,8.42,0.0,1
CHEMBL1907611,CC[C@@H](CS(=O)(=O)C1CC1)N1C(=O)[C@@](CC)(CC(=O)O)C[C@H](c2cccc(Cl)c2)[C@H]1c1ccc(Cl)cc1,9.52,0.0,1
CHEMBL1907611,CC[C@@H](CS(=O)(=O)C1CCC1)N1C(=O)[C@@](C)(CC(=O)O)C[C@H](c2cccc(Cl)c2)[C@H]1c1ccc(Cl)cc1,9.7,0.0,1
CHEMBL1907611,CC[C@@H](CS(=O)(=O)C1CCC1)N1C(=O)[C@@](CC)(CC(=O)O)C[C@H](c2cccc(Cl)c2)[C@H]1c1ccc(Cl)cc1,9.52,0.0,1
CHEMBL1907611,CC[C@@H](CS(=O)(=O)C1CCCC1)N1C(=O)[C@@](C)(CC(=O)O)C[C@H](c2cccc(Cl)c2)[C@H]1c1ccc(Cl)cc1,9.52,0.0,1
CHEMBL1907611,CC[C@@H](CS(=O)(=O)C1CCOCC1)N1C(=O)[C@@](C)(CC(=O)O)C[C@H](c2cccc(Cl)c2)[C@H]1c1ccc(Cl)cc1,9.7,0.0,1
CHEMBL1907611,CC[C@@H](CS(=O)(=O)C1COC1)N1C(=O)[C@@](C)(CC(=O)O)C[C@H](c2cccc(Cl)c2)[C@H]1c1ccc(Cl)cc1,9.52,0.0,1
CHEMBL1907611,CC[C@@H](CS(=O)(=O)CC(C)(C)O)N1C(=O)[C@@](C)(CC(=O)O)C[C@H](c2cccc(Cl)c2)[C@H]1c1ccc(Cl)cc1,9.7,0.0,1
CHEMBL1907611,CC[C@@H](CS(=O)(=O)CC(C)C)N1C(=O)[C@@](C)(CC(=O)O)C[C@H](c2cccc(Cl)c2)[C@H]1c1ccc(Cl)cc1,9.3,0.0,1
CHEMBL1907611,CC[C@@H](CS(=O)(=O)CC)N1C(=O)[C@@](C)(CC(=O)O)C[C@H](c2cc(F)cc(Cl)c2)[C@H]1c1ccc(Cl)cc1,9.7,0.0,1
CHEMBL1907611,CC[C@@H](CS(=O)(=O)CC)N1C(=O)[C@@](C)(CC(=O)O)C[C@H](c2cccc(Cl)c2)[C@H]1c1ccc(Cl)cc1,9.52,0.0,1
CHEMBL1907611,CC[C@@H](CS(=O)(=O)CC)N1C(=O)[C@@](C)(CC(=O)O)C[C@H](c2cccc(Cl)c2)[C@H]1c1ccc(Cl)cn1,9.05,0.0,1
CHEMBL1907611,CC[C@@H](CS(=O)(=O)CC1(C)COC1)N1C(=O)[C@@](C)(CC(=O)O)C[C@H](c2cccc(Cl)c2)[C@H]1c1ccc(Cl)cc1,10.0,0.0,1
CHEMBL1907611,CC[C@@H](CS(=O)(=O)CC1CC1)N1C(=O)[C@@](C)(CC(=O)O)C[C@H](c2cccc(Cl)c2)[C@H]1c1ccc(Cl)cc1,9.52,0.0,1
CHEMBL1907611,CC[C@@H](CS(=O)(=O)CC1CCC1)N1C(=O)[C@@](C)(CC(=O)O)C[C@H](c2cccc(Cl)c2)[C@H]1c1ccc(Cl)cc1,9.3,0.0,1
CHEMBL1907611,CC[C@@H](CS(=O)(=O)NC1COC1)N1C(=O)[C@@](C)(CC(=O)O)C[C@H](c2cccc(Cl)c2)[C@H]1c1ccc(Cl)cc1,9.7,0.0,1
CHEMBL1907611,CC[C@@H](CS(=O)(=O)NCC1(C)COC1)N1C(=O)[C@@](C)(CC(=O)O)C[C@H](c2cccc(Cl)c2)[C@H]1c1ccc(Cl)cc1,9.7,0.0,1
CHEMBL1907611,CC[C@@H](CS(=O)(=O)NCC1COC1)N1C(=O)[C@@](C)(CC(=O)O)C[C@H](c2cccc(Cl)c2)[C@H]1c1ccc(Cl)cc1,9.7,0.0,1
CHEMBL1907611,CC[C@@H](CS(=O)(=O)[C@H](C)CC)N1C(=O)[C@@](C)(CC(=O)O)C[C@H](c2cccc(Cl)c2)[C@H]1c1ccc(Cl)cc1,8.975,1.449568901432422,2
CHEMBL1907611,CC[C@@H](CS(C)(=O)=O)N1C(=O)[C@@](C)(CC(=O)O)C[C@H](c2cc(F)cc(Cl)c2)[C@H]1c1ccc(Cl)cc1,9.3,0.0,1
CHEMBL1907611,CC[C@@H](CS(C)(=O)=O)N1C(=O)[C@@](C)(CC(=O)O)C[C@H](c2cccc(Cl)c2)[C@H]1c1ccc(Cl)cc1,9.52,0.0,1
CHEMBL1907611,CC[C@@H](C[S@@+]([O-])C(C)C)N1C(=O)[C@@](C)(CC(=O)O)C[C@H](c2cccc(Cl)c2)[C@H]1c1ccc(Cl)cc1,8.655000000000001,0.0919238815542511,2
CHEMBL1907611,CC[C@@H](Cn1cc(C(F)(F)F)ccc1=O)N1C(=O)[C@@](C)(CC(=O)O)C[C@H](c2cccc(Cl)c2)[C@H]1c1ccc(Cl)cc1,7.72,0.2828427124746193,2
CHEMBL1907611,CC[C@@H](Cn1ccccc1=O)N1C(=O)[C@@](C)(CC(=O)O)C[C@H](c2cccc(Cl)c2)[C@H]1c1ccc(Cl)cc1,7.41,0.43840620433565924,2
CHEMBL1907611,CC[C@@H](O)[C@H](C1CC1)N1C(=O)[C@@](C)(CC(=O)O)C[C@H](c2cccc(Cl)c2)C1c1ccc(Cl)cc1,7.22,0.0,1
CHEMBL1907611,CC[C@@H](O)[C@H](CC)N1C(=O)[C@@](C)(CC(=O)O)C[C@H](c2cccc(Cl)c2)[C@H]1c1ccc(Cl)cc1,8.0,0.0,1
CHEMBL1907611,CC[C@@H]([C@@H](C)O)N1C(=O)[C@@](C)(CC(=O)O)C[C@H](c2cccc(Cl)c2)[C@H]1c1ccc(Cl)cc1,8.35,0.49497474683058273,2
CHEMBL1907611,CC[C@@H]([C@@H](C)S(=O)(=O)CC)N1C(=O)[C@@](C)(CC(=O)O)C[C@H](c2cccc(Cl)c2)[C@H]1c1ccc(Cl)cc1,9.4,0.0,1
CHEMBL1907611,CC[C@@H]([C@@H](C)S(C)(=O)=O)N1C(=O)[C@@](C)(CC(=O)O)C[C@H](c2cccc(Cl)c2)[C@H]1c1ccc(Cl)cc1,9.22,0.0,1
CHEMBL1907611,CC[C@@H]([C@H](C)CO)N1C(=O)[C@@](C)(CC(=O)O)C[C@H](c2cccc(Cl)c2)[C@H]1c1ccc(Cl)cc1,8.7,0.0,1
CHEMBL1907611,CC[C@@H]([C@H](C)O)N1C(=O)[C@@](C)(CC(=O)O)C[C@H](c2cccc(Cl)c2)[C@H]1c1ccc(Cl)cc1,8.585,0.4820442579957432,4
CHEMBL1907611,CC[C@@H]([C@H](C)O)N1C(=O)[C@@](C)(C[C@@H](O)CO)C[C@H](c2cccc(Cl)c2)[C@H]1c1ccc(Cl)cc1,7.0,0.0,1
CHEMBL1907611,CC[C@@H]([C@H](C)O)N1C(=O)[C@@](C)(C[C@H](O)CO)C[C@H](c2cccc(Cl)c2)[C@H]1c1ccc(Cl)cc1,6.43,0.0,1
CHEMBL1907611,CC[C@@H]([C@H](C)S(=O)(=O)CC)N1C(=O)[C@@](C)(CC(=O)O)C[C@H](c2cccc(Cl)c2)[C@H]1c1ccc(Cl)cc1,10.0,0.0,1
CHEMBL1907611,CC[C@@H]([C@H](O)C1CC1)N1C(=O)[C@@](C)(CC(=O)O)C[C@H](c2cccc(Cl)c2)[C@H]1c1ccc(Cl)cc1,8.89,0.0,1
CHEMBL1907611,CC[C@@H]([C@H](O)CO)N1C(=O)[C@@](C)(CC(=O)O)C[C@H](c2cccc(Cl)c2)[C@H]1c1ccc(Cl)cc1,8.785,0.30405591591021525,2
CHEMBL1907611,CC[C@@H](c1cc(C)no1)N1C(=O)[C@@](C)(CC(=O)O)C[C@H](c2cccc(Cl)c2)[C@H]1c1ccc(Cl)cc1,7.4,0.0,1
CHEMBL1907611,CC[C@@H](c1cccc(C(F)(F)F)n1)N1C(=O)[C@@](C)(CC(=O)O)C[C@H](c2cccc(Cl)c2)[C@H]1c1ccc(Cl)cc1,9.0,0.0,1
CHEMBL1907611,CC[C@@H](c1cccc(C)n1)N1C(=O)[C@@](C)(CC(=O)O)C[C@H](c2cccc(Cl)c2)[C@H]1c1ccc(Cl)cc1,8.0,0.0,1
CHEMBL1907611,CC[C@@H](c1cccc(Cl)n1)N1C(=O)[C@@](C)(CC(=O)O)C[C@H](c2cccc(Cl)c2)[C@H]1c1ccc(Cl)cc1,9.0,0.0,1
CHEMBL1907611,CC[C@@H](c1ccccn1)N1C(=O)[C@@](C)(CC(=O)O)C[C@H](c2cccc(Cl)c2)[C@H]1c1ccc(Cl)cc1,7.76,0.3394112549695431,2
CHEMBL1907611,CC[C@@H](c1cccnc1)N1C(=O)[C@@](C)(CC(=O)O)C[C@H](c2cccc(Cl)c2)[C@H]1c1ccc(Cl)cc1,7.1,0.0,1
CHEMBL1907611,CC[C@@H](c1ccncc1)N1C(=O)[C@@](C)(CC(=O)O)C[C@H](c2cccc(Cl)c2)[C@H]1c1ccc(Cl)cc1,7.7250000000000005,0.45961940777125615,2
CHEMBL1907611,CC[C@@H](c1cnccn1)N1C(=O)[C@@](C)(CC(=O)O)C[C@H](c2cccc(Cl)c2)[C@H]1c1ccc(Cl)cc1,7.63,0.4666904755831215,2
CHEMBL1907611,CC[C@@H](c1nc(C2CC2)no1)N1C(=O)[C@@](C)(CC(=O)O)C[C@H](c2cccc(Cl)c2)[C@H]1c1ccc(Cl)cc1,7.1,0.0,1
CHEMBL1907611,CC[C@@H](c1nc2ccccc2s1)N1C(=O)[C@@](C)(CC(=O)O)C[C@H](c2cccc(Cl)c2)[C@H]1c1ccc(Cl)cc1,7.16,0.0,1
CHEMBL1907611,CC[C@@H](c1ncccn1)N1C(=O)[C@@](C)(CC(=O)O)C[C@H](c2cccc(Cl)c2)[C@H]1c1ccc(Cl)cc1,7.22,0.0,1
CHEMBL1907611,CC[C@@H](c1nccs1)N1C(=O)[C@@](C)(CC(=O)O)C[C@H](c2cccc(Cl)c2)[C@H]1c1ccc(Cl)cc1,7.3,0.0,1
CHEMBL1907611,CC[C@@H](c1nnc(C)o1)N1C(=O)[C@@H](CC(=O)O)CC(c2cccc(Cl)c2)[C@H]1c1ccc(Cl)cc1,6.15,0.0,1
CHEMBL1907611,CC[C@@H]1CC[C@@H](C(=O)N(C)C)N1C(=O)C1=C(C(C)C)N2C(=N[C@@](C)(c3ccc(Cl)cc3)[C@H]2c2ccc(Cl)cc2)S1,7.75,0.0,1
CHEMBL1907611,CC[C@@H]1CC[C@@H](C(=O)N2CCN(C(C)=O)CC2)N1C(=O)C1=C(C(C)C)N2C(=N[C@@](C)(c3ccc(Cl)cc3)[C@H]2c2ccc(Cl)cc2)S1,7.37,0.0,1
CHEMBL1907611,CC[C@@H]1CC[C@@H](C(=O)N2CCN(C(C)=O)[C@@H](C)C2)N1C(=O)C1=C(C(C)C)N2C(=N[C@@](C)(c3ccc(Cl)cc3)[C@H]2c2ccc(Cl)cc2)S1,7.23,0.0,1
CHEMBL1907611,CC[C@@H]1CC[C@@H](C(=O)N2CCN(C(C)=O)[C@H](C)C2)N1C(=O)C1=C(C(C)C)N2C(=N[C@@](C)(c3ccc(Cl)cc3)[C@H]2c2ccc(Cl)cc2)S1,7.24,0.0,1
CHEMBL1907611,CC[C@@H]1CC[C@@H](C(=O)N2CCN(C)CC2)N1C(=O)C1=C(C(C)C)N2C(=N[C@@](C)(c3ccc(Cl)cc3)[C@H]2c2ccc(Cl)cc2)S1,7.52,0.0,1
CHEMBL1907611,CC[C@@H]1CC[C@@H](C(=O)N2CCN(C)[C@@H](C)C2)N1C(=O)C1=C(C(C)C)N2C(=N[C@@](C)(c3ccc(Cl)cc3)[C@H]2c2ccc(Cl)cc2)S1,7.52,0.0,1
CHEMBL1907611,CC[C@@H]1CC[C@@H](C(=O)N2CCN(C)[C@H](C)C2)N1C(=O)C1=C(C(C)C)N2C(=N[C@@](C)(c3ccc(Cl)cc3)[C@H]2c2ccc(Cl)cc2)S1,7.54,0.0,1
CHEMBL1907611,CC[C@@H]1CC[C@@H](C(=O)N2CCOCC2)N1C(=O)C1=C(C(C)C)N2C(=N[C@@](C)(c3ccc(Cl)cc3)[C@H]2c2ccc(Cl)cc2)S1,7.17,0.0,1
CHEMBL1907611,CC[C@@](O)(c1cc(F)c2c(c1)C(=O)N(Cc1ccc(C#N)cc1)[C@@]2(O[C@H]1CCOC1)c1ccc(Cl)cc1)c1cn(C)cn1,4.35,0.0,1
CHEMBL1907611,CC[C@@](O)(c1cc(F)c2c(c1)C(=O)N(Cc1ccc(Cl)cc1)[C@@]2(OC)c1ccc(Cl)cc1)C1CCN(CC(=O)O)CC1,8.96,0.0,1
CHEMBL1907611,CC[C@@](O)(c1cc(F)c2c(c1)C(=O)N(Cc1ccc(Cl)cc1)[C@@]2(OC)c1ccc(Cl)cc1)C1CCN(CCC(=O)OC)CC1,9.065000000000001,0.24748737341529076,2
CHEMBL1907611,CC[C@H](CN1CCCC1=O)N1C(=O)[C@@H](CC(=O)O)C[C@H](c2cccc(Cl)c2)[C@H]1c1ccc(Cl)cc1,6.85,0.0,1
CHEMBL1907611,CC[C@H](N1C(=O)[C@@](C)(CC(=O)O)C[C@H](c2cccc(Cl)c2)[C@H]1c1ccc(Cl)cc1)C(C)(C)O,8.35,0.49497474683058273,2
CHEMBL1907611,CC[C@H](N1C(=O)[C@@](C)(CC(=O)O)C[C@H](c2cccc(Cl)c2)[C@H]1c1ccc(Cl)cc1)C(C)(O)C(F)(F)F,8.0,0.0,1
CHEMBL1907611,CC[C@H]([C@H](C)O)N1C(=O)[C@@](C)(CC(=O)O)C[C@H](c2cccc(Cl)c2)[C@H]1c1ccc(Cl)cc1,7.96,0.0,1
CHEMBL1907611,CC[C@H](c1cccc(C(C)(C)O)n1)N1C(=O)[C@@](C)(CC(=O)O)C[C@H](c2cccc(Cl)c2)[C@H]1c1ccc(Cl)cc1,8.11,0.5798275605729689,2
CHEMBL1907611,CC[C@H](c1cccc(C2CC2)n1)N1C(=O)[C@@](C)(CC(=O)O)C[C@H](c2cccc(Cl)c2)[C@H]1c1ccc(Cl)cc1,7.52,0.0,1
CHEMBL1907611,CC[C@H](c1nc(C2CC2)no1)N1C(=O)[C@@](C)(CC(=O)O)C[C@H](c2cccc(Cl)c2)[C@H]1c1ccc(Cl)cc1,7.4,0.0,1
CHEMBL1907611,CC[C@H](c1nc2ccccc2s1)N1C(=O)[C@@](C)(CC(=O)O)C[C@H](c2cccc(Cl)c2)[C@H]1c1ccc(Cl)cc1,7.05,0.0,1
CHEMBL1907611,CC[C@H]1CC[C@@H](C(=O)N(C)C)N1C(=O)C1=C(C(C)C)N2C(=N[C@@](C)(c3ccc(Cl)cc3)[C@H]2c2ccc(Cl)cc2)S1,7.41,0.0,1
CHEMBL1907611,CC[C@H]1[C@H](C)O[C@]23OC(=O)C[C@@]2(C)C[C@H](c2cccc(Cl)c2)[C@@H](c2ccc(Cl)cc2)N13,8.74,0.0,1
CHEMBL1907611,CC[C@](C)(O)c1cc(F)c2c(c1)C(=O)N([C@@H](CC(=O)O)c1ccc(Cl)cc1)[C@@]2(OCC1(F)COC1)c1ccc(Cl)cc1,8.72,0.0,1
CHEMBL1907611,CC[C@](O)(c1cc(F)c2c(c1)C(=O)N(Cc1ccc(C#N)cc1)[C@@]2(O[C@H]1CCOC1)c1ccc(Cl)cc1)c1cn(C)cn1,9.19,0.0,1
CHEMBL1907611,CC[C@](O)(c1cc(F)c2c(c1)C(=O)N([C@@H](CC(=O)O)c1ccc(Cl)cc1)[C@@]2(OC)c1ccc(Cl)cc1)C1(F)CCOCC1,7.77,0.0,1
CHEMBL1907611,CC[C@](O)(c1cc(F)c2c(c1)C(=O)N([C@@H](CC(=O)O)c1ccc(Cl)cc1)[C@@]2(OC)c1ccc(Cl)cc1)c1ccccn1,8.35,0.0,1
CHEMBL1907611,CC[C@](O)(c1cc(F)c2c(c1)C(=O)N([C@@H](CCC(=O)O)c1ccc(Cl)cc1)[C@@]2(OC)c1ccc(Cl)cc1)C1CCOCC1,8.21,0.0,1
CHEMBL1907611,CC[C@]1(CC(=O)O)C[C@H](c2cccc(Cl)c2)C(c2ccc(Cl)cc2)N([C@H](CN(C)S(=O)(=O)C2CC2)C2CC2)C1=O,9.0,0.0,1
CHEMBL1907611,CC[C@]1(CC(=O)O)C[C@H](c2cccc(Cl)c2)C(c2ccc(Cl)cc2)N([C@H](CNS(=O)(=O)C(C)C)C2CC2)C1=O,9.05,0.0,1
CHEMBL1907611,CC[C@]1(CC(=O)O)C[C@H](c2cccc(Cl)c2)[C@@H](c2ccc(Cl)cc2)N([C@H](CNS(=O)(=O)C2CCC2)C2CC2)C1=O,9.1,0.0,1
CHEMBL1907611,CC[C@]1(CC(=O)O)C[C@H](c2cccc(Cl)c2)[C@@H](c2ccc(Cl)cc2)N([C@H](CNS(=O)(=O)C2CCCC2)C2CC2)C1=O,9.15,0.0,1
CHEMBL1907611,CC[C@]1(CC(=O)O)C[C@H](c2cccc(Cl)c2)[C@@H](c2ccc(Cl)cc2)N([C@H](CS(=O)(=O)C(C)(C)C)C2CC2)C1=O,9.7,0.0,1
CHEMBL1907611,CC[C@]1(CC(=O)O)C[C@H](c2cccc(Cl)c2)[C@@H](c2ccc(Cl)cc2)N([C@H](CS(=O)(=O)C(C)C)C2CC2)C1=O,10.0,0.0,1
CHEMBL1907611,CC[C@]1(CC(=O)O)C[C@H](c2cccc(Cl)c2)[C@@H](c2ccc(Cl)cc2)N([C@H](CS(=O)(=O)C2CC2)C2CC2)C1=O,9.52,0.0,1
CHEMBL1907611,CC[C@]1(CC(=O)O)C[C@H](c2cccc(Cl)c2)[C@@H](c2ccc(Cl)cc2)N([C@H](CS(=O)(=O)C2CCCC2)C2CC2)C1=O,9.7,0.0,1
CHEMBL1907611,CC[C@]1(CC(=O)O)C[C@H](c2cccc(Cl)c2)[C@@H](c2ccc(Cl)cc2)N([C@H](CS(=O)(=O)C2CCCCC2)C2CC2)C1=O,10.0,0.0,1
CHEMBL1907611,CC[C@]1(CC(=O)O)C[C@H](c2cccc(Cl)c2)[C@@H](c2ccc(Cl)cc2)N([C@H](CS(=O)(=O)CC)C2CC2)C1=O,9.7,0.0,1
CHEMBL1907611,CC[C@]1(CC(=O)O)C[C@H](c2cccc(Cl)c2)[C@@H](c2ccc(Cl)cc2)N([C@H](CS(=O)(=O)CCC(C)C)C2CC2)C1=O,9.52,0.0,1
CHEMBL1907611,CC[C@]1(CC(=O)O)C[C@H](c2cccc(Cl)c2)[C@@H](c2ccc(Cl)cc2)N([C@H](CS(=O)(=O)c2ccc(F)cc2)C2CC2)C1=O,8.8,0.0,1
CHEMBL1907611,CC[C@]1(CC(=O)O)C[C@H](c2cccc(Cl)c2)[C@@H](c2ccc(Cl)cc2)N([C@H](CS(=O)(=O)c2cccc(F)c2)C2CC2)C1=O,8.85,0.0,1
CHEMBL1907611,CC[C@]1(CC(=O)O)C[C@H](c2cccc(Cl)c2)[C@@H](c2ccc(Cl)cc2)N([C@H](CS(=O)(=O)c2ccccc2)C2CC2)C1=O,8.8,0.0,1
CHEMBL1907611,CC[C@]1(CC(=O)O)C[C@H](c2cccc(Cl)c2)[C@@H](c2ccc(Cl)cc2)N([C@H](CS(=O)(=O)c2ccccc2Cl)C2CC2)C1=O,9.4,0.0,1
CHEMBL1907611,CC[C@]1(CC(=O)O)C[C@H](c2cccc(Cl)c2)[C@@H](c2ccc(Cl)cc2)N([C@H](CS(=O)(=O)c2ccccc2F)C2CC2)C1=O,9.4,0.0,1
CHEMBL1907611,CC[C@]1(CC(=O)O)C[C@H](c2cccc(Cl)c2)[C@@H](c2ccc(Cl)cc2)N([C@H](CS(C)(=O)=O)C2CC2)C1=O,9.52,0.0,1
CHEMBL1907611,CCc1ccc([C@H]2C(=O)Nc3ccc(I)cc3C(=O)N2[C@H](C(=O)O)c2ccccc2)cc1,5.12,0.0,1
CHEMBL1907611,CCc1ccc2c(c1)C(=O)N([C@H](C(=O)O)c1ccc(Cl)cc1)[C@@H](c1ccc(Cl)cc1)C(=O)N2,5.82,0.0,1
CHEMBL1907611,CCc1ccc2c(c1)C1=C(C(c3ccc(Br)cc3)O2)C(c2ccc(Br)cc2)n2ncnc2N1C,5.5,0.0,1
CHEMBL1907611,CCn1c(-c2cnc(OC)nc2OC)cc2c1C(c1ccc(Cl)cc1)N(c1cc(Cl)ccc1C)C2=O,7.06,0.0,1
CHEMBL1907611,CN(C)C(=O)COC1(c2ccc(Cl)cc2)c2ccc(Br)cc2C(=O)N1Cc1ccc(Cl)cc1,7.07,0.0,1
CHEMBL1907611,CN(C)C(=O)[C@@](C)(O)c1ccc2c(c1)C(=O)N(Cc1ccc(Cl)cc1)[C@@]2(OCC1(CO)CC1)c1ccc(Cl)cc1,7.21,0.0,1
CHEMBL1907611,CN(C)C(=O)[C@](C)(O)c1ccc2c(c1)C(=O)N(Cc1ccc(Cl)cc1)[C@@]2(OCC1(CO)CC1)c1ccc(Cl)cc1,6.92,0.0,1
CHEMBL1907611,CN(C)CC(=O)Nc1ccccc1N1CCN(C(=O)C2(Oc3ccc(C(F)(F)F)cc3)CCCN(C(=O)c3cnccc3C(F)(F)F)C2)CC1,6.17,0.0,1
CHEMBL1907611,CN(C)CCC(=O)Nc1ccccc1N1CCN(C(=O)C2(Oc3ccc(C(F)(F)F)cc3)CCCN(C(=O)c3cnccc3C(F)(F)F)C2)CC1,6.23,0.0,1
CHEMBL1907611,CN(C)CCCC(=O)Nc1ccccc1N1CCN(C(=O)C2(Oc3ccc(C(F)(F)F)cc3)CCCN(C(=O)c3cnccc3C(F)(F)F)C2)CC1,5.97,0.0,1
CHEMBL1907611,CN(C)CCCN1C2=C(C(c3ccc(Br)cc3)Oc3ccccc32)C(c2ccc(Br)cc2)n2ncnc21,5.12,0.0,1
CHEMBL1907611,CN(C)C[C@@](C)(O)c1ccc2c(c1)C(=O)N(Cc1ccc(Cl)cc1)[C@@]2(OCC1(CO)CC1)c1ccc(Cl)cc1,8.24,0.0,1
CHEMBL1907611,CN(C)C[C@](C)(O)c1ccc2c(c1)C(=O)N(Cc1ccc(Cl)cc1)[C@@]2(OCC1(CO)CC1)c1ccc(Cl)cc1,6.92,0.0,1
CHEMBL1907611,CN(C)N1C(=O)[C@@](C)(CC(=O)O)C[C@H](c2cccc(Cl)c2)[C@H]1c1ccc(Cl)cc1,7.7,0.0,1
CHEMBL1907611,CN(C)S(=O)(=O)C[C@H](C1CC1)N1C(=O)[C@@](C)(CC(=O)O)C[C@H](c2cccc(Cl)c2)[C@H]1c1ccc(Cl)cc1,9.7,0.0,1
CHEMBL1907611,CN(C)S(=O)(=O)N(C)C[C@H](C1CC1)N1C(=O)[C@@](C)(CC(=O)O)C[C@H](c2cccc(Cl)c2)[C@H]1c1ccc(Cl)cc1,9.3,0.0,1
CHEMBL1907611,CN(C)S(=O)(=O)NC[C@H](C1CC1)N1C(=O)[C@@](C)(CC(=O)O)C[C@H](c2cccc(Cl)c2)[C@H]1c1ccc(Cl)cc1,9.3,0.0,1
CHEMBL1907611,CN(C[C@@H](C1CC1)N1C(=O)[C@@](C)(CC(=O)O)C[C@H](c2cccc(Cl)c2)[C@H]1c1ccc(Cl)cc1)S(=O)(=O)C1CC1,8.15,0.0,1
CHEMBL1907611,CN(C[C@H](C1CC1)N1C(=O)[C@@](C)(CC(=O)O)C[C@H](c2cccc(Cl)c2)[C@H]1c1ccc(Cl)cc1)S(=O)(=O)c1ccc(Cl)s1,9.3,0.0,1
CHEMBL1907611,CN(C[C@H](C1CC1)N1C(=O)[C@@](C)(CC(=O)O)C[C@H](c2cccc(Cl)c2)[C@H]1c1ccc(Cl)cc1)S(=O)(=O)c1cccs1,9.52,0.0,1
CHEMBL1907611,CN1C(=O)N(C[C@H](C2CC2)N2C(=O)[C@@](C)(CC(=O)O)C[C@H](c3cccc(Cl)c3)[C@H]2c2ccc(Cl)cc2)C(=O)C1(C)C,8.74,0.0,1
CHEMBL1907611,CN1C2=C(C(c3ccc(Br)cc3)Oc3c(Cl)cccc32)C(c2ccc(Br)cc2)n2ncnc21,5.46,0.0,1
CHEMBL1907611,CN1C2=C(C(c3ccc(Br)cc3)Oc3cc(Cl)ccc32)C(c2ccc(Br)cc2)n2ncnc21,4.82,0.0,1
CHEMBL1907611,CN1C2=C(C(c3ccc(Br)cc3)Oc3cc(F)ccc32)C(c2ccc(Br)cc2)n2ncnc21,6.0,0.0,1
CHEMBL1907611,CN1C2=C(C(c3ccc(Br)cc3)Oc3ccc(C#N)cc32)C(c2ccc(Br)cc2)n2ncnc21,5.51,0.0,1
CHEMBL1907611,CN1C2=C(C(c3ccc(Br)cc3)Oc3ccc(Cl)cc32)C(c2ccc(Br)cc2)n2ncnc21,5.85,0.0,1
CHEMBL1907611,CN1C2=C(C(c3ccc(Br)cc3)Oc3ccc(F)cc32)C(c2ccc(Br)cc2)n2ncnc21,5.76,0.0,1
CHEMBL1907611,CN1C2=C(C(c3ccc(Br)cc3)Oc3cccc(F)c32)C(c2ccc(Br)cc2)n2ncnc21,5.76,0.0,1
CHEMBL1907611,CN1C2=C(C(c3ccc(Br)cc3)Oc3ccccc32)C(c2ccc(Br)cc2)n2ncnc21,5.93,0.0,1
CHEMBL1907611,CN1C2=C(C(c3ccc(Br)cc3)Oc3ccccc32)C(c2ccc(C#N)cc2)n2ncnc21,5.23,0.0,1
CHEMBL1907611,CN1C2=C(C(c3ccc(Br)cc3)Oc3ccccc32)C(c2ccc(F)cc2)n2ncnc21,5.73,0.0,1
CHEMBL1907611,CN1C2=C(C(c3ccc(C#N)cc3)Oc3ccccc32)C(c2ccc(Br)cc2)n2ncnc21,5.68,0.0,1
CHEMBL1907611,CN1C2=C(C(c3ccc(Cl)cc3)Oc3ccccc32)C(c2ccc(Br)cc2)n2ncnc21,6.05,0.0,1
CHEMBL1907611,CN1C2=C(C(c3ccc(Cl)cc3)Oc3ccccc32)C(c2ccc(Cl)cc2)n2ncnc21,5.92,0.0,1
CHEMBL1907611,CN1C2=C(C(c3ccc(F)cc3)Oc3ccccc32)C(c2ccc(Br)cc2)n2ncnc21,5.18,0.0,1
CHEMBL1907611,CN1C2=C(C(c3ccc(F)cc3)Oc3ccccc32)C(c2ccc(F)cc2)n2ncnc21,4.83,0.0,1
CHEMBL1907611,CN1C2=C([C@H](c3ccc(Br)cc3)n3ncnc31)[C@@H](c1ccc(Br)cc1)Oc1ccccc12,5.85,0.0,1
CHEMBL1907611,CN1CCC(C(C)(O)c2cc(F)c3c(c2)C(=O)N(Cc2ccc(Cl)cc2S(C)(=O)=O)C3(O)c2ccc(Cl)cc2)CC1,8.59,0.0,1
CHEMBL1907611,CN1CCN(C(=O)C2(Oc3ccc(C(F)(F)F)cc3)CCCN(C(=O)c3cnccc3C(F)(F)F)C2)CC1,4.92,0.0,1
CHEMBL1907611,CN1CCN(CC(C)(O)c2cc(F)c3c(c2)C(=O)N(Cc2ccc(Cl)cc2S(C)(=O)=O)[C@@]3(OCC2(CO)CC2)c2ccc(Cl)cc2)CC1,8.34,0.0,1
CHEMBL1907611,CN1CCN(CC(C)(O)c2cc(F)c3c(c2)C(=O)N(Cc2ccc(Cl)cc2S(C)(=O)=O)[C@@]3(O[C@@H]2CCOC2)c2ccc(Cl)cc2)CC1,8.15,0.0,1
CHEMBL1907611,CN1CCN(C[C@@](C)(O)c2cc(F)c3c(c2)C(=O)N(Cc2ccc(Cl)cc2S(C)(=O)=O)[C@@]3(O[C@H]2CCOC2)c2ccc(Cl)cc2)CC1,9.15,0.0,1
CHEMBL1907611,CN1CCN(C[C@](C)(O)c2cc(F)c3c(c2)C(=O)N(Cc2ccc(Cl)cc2S(C)(=O)=O)[C@@]3(O[C@H]2CCOC2)c2ccc(Cl)cc2)CC1,8.24,0.0,1
CHEMBL1907611,CNC(=O)C1=C(C(C)C)N2C(=NC(C)(c3ccc(Cl)cc3)C2c2ccc(Cl)cc2)S1,5.96,0.0,1
CHEMBL1907611,CNC(=O)Cc1cc(-c2cc3c(n2C(C)C)C(c2ccc(C#N)cc2)N(c2cccc(Cl)c2F)C3=O)c(OC)cn1,9.48,0.0,1
CHEMBL1907611,CNC(=O)Cc1ccc(OC)c(-c2cc3c(n2C(C)C)C(c2ccc(Cl)cc2)N(c2cc(Cl)ccc2C)C3=O)c1,9.83,0.0,1
CHEMBL1907611,CNC(=O)Cc1cnc(OC)c(-c2cc3c(n2C(C)C)C(c2ccc(C#N)cc2)N(c2cccc(Cl)c2F)C3=O)c1,8.5,0.0,1
CHEMBL1907611,CNC(=O)N1CCC(N2C(=O)c3cc(-c4cnc(OC)nc4OC)n(C(C)C)c3C2c2ccc(Cl)cc2)CC1,8.545,0.03535533905932788,2
CHEMBL1907611,CNC(=O)[C@@](C)(O)c1ccc2c(c1)C(=O)N(Cc1ccc(Cl)cc1)[C@@]2(OCC1(CO)CC1)c1ccc(Cl)cc1,8.39,0.0,1
CHEMBL1907611,CNC(=O)[C@](C)(O)c1ccc2c(c1)C(=O)N(Cc1ccc(Cl)cc1)[C@@]2(OCC1(CO)CC1)c1ccc(Cl)cc1,7.75,0.0,1
CHEMBL1907611,CNC(=O)c1ccc(OC)c(-c2cc3c(n2C(C)C)C(c2ccc(Cl)cc2)N(C2CCOCC2)C3=O)c1,8.96,0.0,1
CHEMBL1907611,CNC(=O)c1ccc(OC)c(-c2cc3c(n2C(C)C)C(c2ccc(Cl)cc2)N([C@H]2CC[C@H](O)CC2)C3=O)c1,9.0,0.0,1
CHEMBL1907611,CNC(=O)c1ccc(OC)c(-c2cc3c(n2C(C)C)C(c2ccc(Cl)cc2)N(c2cc(Cl)c(=O)n(C)c2)C3=O)c1,9.86,0.0,1
CHEMBL1907611,CNC(=O)c1ccc(OC)c(-c2cc3c(n2C(C)C)C(c2ccc(Cl)cc2)N(c2cc(Cl)ccc2C#N)C3=O)c1,9.42,0.0,1
CHEMBL1907611,CNC(=O)c1ccc(OC)c(-c2cc3c(n2C(C)C)C(c2ccc(Cl)cc2)N(c2cc(Cl)ccc2C)C3=O)c1,9.495000000000001,0.6293250352560258,2
CHEMBL1907611,CNC(=O)c1ccc(OC)c(-c2cc3c(n2C(C)C)C(c2ccc(Cl)cc2)N(c2ccc(F)c(Cl)c2)C3=O)c1,9.49,0.0,1
CHEMBL1907611,CNC(=O)c1ccc(OC)c(-c2cc3c(n2C(C)C)C(c2ccc(Cl)cc2C)N([C@H]2CC[C@H](O)CC2)C3=O)c1,7.885,0.021213203435596288,2
CHEMBL1907611,CNC(=O)c1ccc(OC)c(-c2cc3c(n2C(C)C)C(c2ccc(Cl)cc2C)N(c2cc(Cl)c(=O)n(C)c2)C3=O)c1,9.73,0.0,1
CHEMBL1907611,CNC(=O)c1ccc(OC)c(-c2cc3c(n2C(C)C)C(c2ccc(Cl)cc2C)N(c2cc(Cl)ccc2C)C3=O)c1,9.73,0.0,1
CHEMBL1907611,CNC(=O)c1ccc(OC)c(-c2cc3c(n2C(C)C)C(c2ccc(Cl)cc2C)N(c2cccc(Cl)c2F)C3=O)c1,8.829999999999998,0.4101219330881982,2
CHEMBL1907611,CNC(=O)c1ccc(OC)c(-c2cc3c(n2C(C)C)[C@@H](c2ccc(Cl)cc2)N(c2cc(Cl)ccc2C)C3=O)c1,6.74,0.0,1
CHEMBL1907611,CNC(=O)c1ccc(OC)c(-c2cc3c(n2C(C)C)[C@@H](c2ccc(Cl)cc2C)N(c2cc(Cl)ccc2C)C3=O)c1,7.35,0.0,1
CHEMBL1907611,CNC(=O)c1ccc(OC)c(-c2cc3c(n2C(C)C)[C@@H](c2ccc(Cl)cc2C)N(c2cccc(Cl)c2F)C3=O)c1,7.31,0.0,1
CHEMBL1907611,CNC(=O)c1ccc(OC)c(-c2cc3c(n2C(C)C)[C@H](c2ccc(Cl)cc2)N(c2cc(Cl)ccc2C)C3=O)c1,10.02,0.0,1
CHEMBL1907611,CNC(=O)c1ccc(OC)c(-c2cc3c(n2C(C)C)[C@H](c2ccc(Cl)cc2C)N(c2cc(Cl)ccc2C)C3=O)c1,9.665,0.5161879502661794,2
CHEMBL1907611,CNC(=O)c1ccc(OC)c(-c2cc3c(n2C(C)C)[C@H](c2ccc(Cl)cc2C)N(c2cccc(Cl)c2F)C3=O)c1,9.57,0.49497474683058273,2
CHEMBL1907611,CNC(=O)c1ccc(OC)c(-c2nc3c(n2C(C)C)C(c2ccc(Cl)cc2C)N(c2cc(Cl)ccc2C)C(=O)N3)c1,6.68,0.0,1
CHEMBL1907611,CNC(=O)c1ccc2c(c1)nc1n2CC[C@H]2[C@@H]1[C@H](c1cccc(Cl)c1F)[C@]1(C(=O)Nc3cc(Cl)ccc31)N2CC1CC1,8.52,0.0,1
CHEMBL1907611,CNS(=O)(=O)C[C@H](C1CC1)N1C(=O)[C@@](C)(CC(=O)O)C[C@H](c2cccc(Cl)c2)[C@H]1c1ccc(Cl)cc1,9.0,0.0,1
CHEMBL1907611,CNS(=O)(=O)c1ccc(OC)c(-c2cc3c(n2C(C)C)C(c2ccc(Cl)cc2)N(c2cc(Cl)ccc2C)C3=O)c1,9.77,0.0,1
CHEMBL1907611,CNc1ncc(-c2cc3c(n2C(C)C)C(c2ccc(C#N)cc2)N(c2c[nH]c(=O)c(Cl)c2)C3=O)c(OC)n1,9.49,0.0,1
CHEMBL1907611,CNc1ncc(-c2cc3c(n2C(C)C)C(c2ccc(C#N)cc2)N(c2cc(Cl)c(=O)n(C)c2)C3=O)c(OC)n1,9.48,0.0,1
CHEMBL1907611,CNc1ncc(-c2cc3c(n2C(C)C)C(c2ccc(C#N)cc2)N(c2cc(Cl)c[nH]c2=O)C3=O)c(OC)n1,9.28,0.0,1
CHEMBL1907611,CNc1ncc(-c2cc3c(n2C(C)C)C(c2ccc(C#N)cc2)N(c2cc(Cl)cn(C)c2=O)C3=O)c(OC)n1,8.97,0.0,1
CHEMBL1907611,CNc1ncc(-c2cc3c(n2C(C)C)C(c2ccc(Cl)cc2)N(c2c[nH]c(=O)c(Cl)c2)C3=O)c(OC)n1,9.78,0.0,1
CHEMBL1907611,CNc1ncc(-c2cc3c(n2C(C)C)C(c2ccc(Cl)cc2)N(c2cc(Cl)c[nH]c2=O)C3=O)c(OC)n1,9.73,0.0,1
CHEMBL1907611,CNc1ncc(-c2cc3c(n2C(C)C)C(c2ccc(Cl)cc2)N(c2cc(Cl)ccc2C)C3=O)c(OC)n1,9.71,0.0,1
CHEMBL1907611,CNc1ncc(-c2cc3c(n2C(C)C)C(c2ccc(Cl)cc2)N(c2cc(Cl)cn(C)c2=O)C3=O)c(OC)n1,9.53,0.0,1
CHEMBL1907611,CNc1ncc(-c2cc3c(n2C(C)C)C(c2ccc(Cl)cc2C)N(c2cc(Cl)c(=O)n(C)c2)C3=O)c(OC)n1,9.61,0.0,1
CHEMBL1907611,CNc1ncc(-c2cc3c(n2C(C)C)[C@@H](c2ccc(C#N)cc2)N(c2cc(Cl)cn(C)c2=O)C3=O)c(OC)n1,6.53,0.0,1
CHEMBL1907611,CNc1ncc(-c2cc3c(n2C(C)C)[C@H](c2ccc(C#N)cc2)N(c2cc(Cl)cn(C)c2=O)C3=O)c(OC)n1,9.24,0.0,1
CHEMBL1907611,COC(=O)C(Cc1ccc(O)cc1)N1C(=O)c2ccccc2C1(OCCN(CCC#N)c1ccccc1)c1ccccc1,4.06,0.0,1
CHEMBL1907611,COC(=O)CN1C(=O)CC[C@H](c2cccc(Cl)c2)[C@H]1c1ccc(Cl)cc1,5.26,0.0,1
CHEMBL1907611,COC(=O)C[C@H]1C[C@H](c2cccc(Cl)c2)[C@@H](c2ccc(Cl)cc2)N(CC2CC2)C1=O,5.77,0.46669047558312055,2
CHEMBL1907611,COC(=O)c1ccc([C@H]2C[C@H]3[C@@H](N2)[C@H](c2cccc(Cl)c2F)[C@]2(C(=O)Nc4cc(Cl)ccc42)N3CC2CC2)cc1,7.09,0.0,1
CHEMBL1907611,COC(=O)c1cccc(S(=O)(=O)N2c3ccc(C(=O)N4CCN(C)CC4)c(=O)n3[C@@H](c3ccc(Cl)cc3)[C@H]2c2ccc(Cl)cc2)c1,6.34,0.0,1
CHEMBL1907611,COCC(=O)Nc1ccccc1N1CCN(C(=O)C2(Oc3ccc(C(F)(F)F)cc3)CCCN(C(=O)c3cnccc3C(F)(F)F)C2)CC1,6.27,0.0,1
CHEMBL1907611,COCC(C)c1nc2cc(-c3noc(=O)[nH]3)nc(-c3cncc(Cl)c3)c2n1C[C@H]1CC[C@H](C)CC1,8.05,0.0,1
CHEMBL1907611,COCC(C)c1nc2cc(-c3noc(=O)[nH]3)nc(-c3cncc(Cl)c3)c2n1[C@H](C)[C@H]1CC[C@H](C)CC1,8.8,0.0,1
CHEMBL1907611,COCC(c1ccccc1)c1nc2cc(-c3noc(=O)[nH]3)nc(-c3cncc(Cl)c3)c2n1C[C@H]1CC[C@H](C)CC1,8.7,0.0,1
CHEMBL1907611,COCC1(CO[C@]2(c3ccc(Cl)cc3)c3ccc(C(C)(C)O)cc3C(=O)N2Cc2ccc(Cl)cc2)CC1,7.42,0.0,1
CHEMBL1907611,COCCN(C)C(=O)[C@@H]1CCCN1C(=O)C1=C(C(C)C)N2C(=N[C@@](C)(c3ccc(Cl)cc3)[C@H]2c2ccc(Cl)cc2)S1,7.34,0.0,1
CHEMBL1907611,COCCOCCNC(=O)c1ccc2c(c1)nc1n2CC[C@H]2[C@@H]1[C@H](c1cccc(Cl)c1F)[C@]1(C(=O)Nc3cc(Cl)ccc31)N2CC1CC1,8.3,0.0,1
CHEMBL1907611,COCCOc1ccccc1N1CCN(C(=O)C2(Oc3ccc(C(F)(F)F)cc3)CCCN(C(=O)c3cnccc3C(F)(F)F)C2)CC1,6.640000000000001,0.2262741699796951,2
CHEMBL1907611,COCCOc1ccccc1N1CCN(C(=O)[C@]2(Oc3ccc(C(F)(F)F)cc3)CCCN(C(=O)c3cnccc3C(F)(F)F)[C@@H]2CCO)CC1,7.62,0.0,1
CHEMBL1907611,COC[C@@H](C)n1c(-c2cnc(N)nc2OC)cc2c1C(c1ccc(C#N)cc1)N(c1ccc(F)c(Cl)c1)C2=O,9.2,0.0,1
CHEMBL1907611,COC[C@@H](C)n1c(-c2cnc(N)nc2OC)cc2c1C(c1ccc(Cl)cc1)N(c1ccc(F)c(Cl)c1)C2=O,9.44,0.0,1
CHEMBL1907611,COC[C@@H](C)n1c(-c2cnc(N)nc2OC)cc2c1[C@@H](c1ccc(Cl)cc1)N(c1ccc(F)c(Cl)c1)C2=O,6.55,0.0,1
CHEMBL1907611,COC[C@@H](C)n1c(-c2cnc(N)nc2OC)cc2c1[C@H](c1ccc(Cl)cc1)N(c1ccc(F)c(Cl)c1)C2=O,10.11,0.0,1
CHEMBL1907611,COC[C@@H](C)n1c(-c2cnc(OC)nc2OC)cc2c1C(c1ccc(C#N)cc1)N(c1ccc(F)c(Cl)c1)C2=O,9.52,0.0,1
CHEMBL1907611,COC[C@@H](C)n1c(-c2cnc(OC)nc2OC)cc2c1C(c1ccc(Cl)cc1)N(c1cc(Cl)c(=O)n(C)c1)C2=O,9.56,0.0,1
CHEMBL1907611,COC[C@@](C)(O)c1cc(F)c2c(c1)C(=O)N(Cc1ccc(Cl)cc1S(C)(=O)=O)[C@@]2(OCC1(CO)CC1)c1ccc(Cl)cc1,8.68,0.0,1
CHEMBL1907611,COC[C@@](C)(O)c1ccc2c(c1)C(=O)N([C@@H](C)c1ccc(Cl)cc1)[C@@]2(OCC1(CO)CC1)c1ccc(Cl)cc1,7.48,0.0,1
CHEMBL1907611,COC[C@](C)(O)c1ccc2c(c1)C(=O)N([C@@H](C)c1ccc(Cl)cc1)[C@@]2(OCC1(CO)CC1)c1ccc(Cl)cc1,8.43,0.0,1
CHEMBL1907611,CO[C@]1(c2ccc(Cl)cc2)c2c(F)cc([C@@](C)(O)C3(F)CCOCC3)cc2C(=O)N1[C@@H](CC(=O)O)c1ccc(Cl)cc1,7.92,0.0,1
CHEMBL1907611,CO[C@]1(c2ccc(Cl)cc2)c2c(F)cc([C@@](C)(O)C3CCOCC3)cc2C(=O)N1[C@@H](CC(=O)O)c1ccc(Cl)cc1,9.1,0.0,1
CHEMBL1907611,CO[C@]1(c2ccc(Cl)cc2)c2c(F)cc([C@](C)(O)C3(F)CCOCC3)cc2C(=O)N1[C@@H](CC(=O)O)c1ccc(Cl)cc1,9.1,0.0,1
CHEMBL1907611,CO[C@]1(c2ccc(Cl)cc2)c2c(F)cc([C@](C)(O)C3CCOCC3)cc2C(=O)N1[C@@H](CC(=O)O)c1ccc(Cl)cc1,7.92,0.0,1
CHEMBL1907611,CO[C@]1(c2ccc(Cl)cc2)c2ccc(C(C)(C)O)cc2C(=O)N1Cc1ccc(Cl)cc1,6.37,0.0,1
CHEMBL1907611,COc1c(C(=O)O)ccc2c3n(nc12)[C@@H]1[C@H](C3)N(CC2CC2)[C@@]2(C(=O)Nc3cc(Cl)ccc32)[C@H]1c1cccc(Cl)c1F,8.3,0.0,1
CHEMBL1907611,COc1c(C)ccc2c1C1=C(C(c3ccc(Br)cc3)O2)C(c2ccc(Br)cc2)n2ncnc2N1C,5.41,0.0,1
CHEMBL1907611,COc1cc(C(=O)N(C)[C@@H](Cc2c[nH]c3ccccc23)C(=O)N2CCN(c3ccc([N+](=O)[O-])cc3)CC2)c([N+](=O)[O-])cc1OC,7.52,0.0,1
CHEMBL1907611,COc1cc(C(=O)O)ccc1NC(=O)[C@@H]1N[C@@H](CC(C)(C)C)[C@@]2(C(=O)Nc3cc(Cl)ccc32)[C@H]1c1cccc(Cl)c1F,8.3,0.0,1
CHEMBL1907611,COc1cc(C(=O)O)ccc1NC(=O)[C@@H]1N[C@@H](CC(C)(C)C)[C@](C#N)(c2ccc(Cl)cc2F)[C@H]1c1cccc(Cl)c1F,8.090000000000002,0.11532562594670845,3
CHEMBL1907611,COc1cc(C(N)=O)ccc1-c1ccccc1NC(=O)[C@@H]1N[C@@H](CC(C)(C)C)[C@@]2(C(=O)Nc3cc(Cl)ccc32)[C@H]1c1cccc(Cl)c1F,8.3,0.0,1
CHEMBL1907611,COc1cc(C(N)=O)ccc1NC(=O)[C@@H]1N[C@@H](CC(C)(C)C)[C@@]2(C(=O)Nc3c2ccc(Cl)c3F)[C@H]1c1cccc(Cl)c1F,7.785,0.049497474683058526,2
CHEMBL1907611,COc1cc(C(N)=O)ccc1NC(=O)[C@@H]1N[C@@H](CC(C)(C)C)[C@@]2(C(=O)Nc3cc(Cl)cc(F)c32)[C@H]1c1cccc(Cl)c1F,8.260000000000002,0.05656854249492448,2
CHEMBL1907611,COc1cc(COC2(c3ccc(Cl)cc3)c3ccccc3C(=O)N2CCNC(C)=O)cc(OC)c1O,4.12,0.0,1
CHEMBL1907611,COc1cc(COC2(c3ccc(Cl)cc3)c3ccccc3C(=O)N2Cc2ccccc2)cc(OC)c1O,4.38,0.0,1
CHEMBL1907611,COc1cc(COC2(c3ccccc3)c3ccccc3C(=O)N2Cc2ccccc2)cc(OC)c1O,4.75,0.0,1
CHEMBL1907611,COc1cc(Cc2c(-c3ccn(S(=O)(=O)c4ccccc4)c3)[nH]c3ccccc23)cc(OC)c1OC,7.97,0.0,1
CHEMBL1907611,COc1cc(NC(=O)[C@@H]2N[C@@H](CC(C)(C)C)[C@@]3(C(=O)Nc4cc(Cl)ccc43)[C@H]2c2cccc(Cl)c2F)ccc1C(=O)O,8.4,0.0,1
CHEMBL1907611,COc1cc(NC(=O)[C@@H]2N[C@@H](CC(C)(C)C)[C@@]3(C(=O)Nc4cc(Cl)ccc43)[C@H]2c2cccc(Cl)c2F)ccc1C(N)=O,8.3,0.0,1
CHEMBL1907611,COc1cc(NC(=O)[C@H]2N[C@H](CC(C)(C)C)[C@]3(C(=O)Nc4cc(Cl)ccc43)[C@@H]2c2cccc(Cl)c2F)ccc1C(=O)O,5.47,0.05656854249492385,2
CHEMBL1907611,COc1cc(OC)c(C(=O)/C=C/c2ccc(Br)cc2)c(OCC=C(C)C)c1,5.68,0.0,1
CHEMBL1907611,COc1cc(OCCO)ccc1NC(=O)[C@@H]1N[C@@H](CC(C)(C)C)[C@@]2(C(=O)Nc3cc(Cl)ccc32)[C@H]1c1cccc(Cl)c1F,8.3,0.0,1
CHEMBL1907611,COc1cc2c(cc1OC(C)C)[C@H](c1ccc(Cl)cc1)N(c1ccc(N(C)C[C@H]3CC[C@H](N(C)C)CC3)cc1)C(=O)C2,8.96,0.0,1
CHEMBL1907611,COc1cc2c(cc1OC(C)C)[C@H](c1ccc(Cl)cc1)N(c1ccc(N(C)C[C@H]3CC[C@H](N(C)C)CC3)nc1)C(=O)C2,8.8,0.0,1
CHEMBL1907611,COc1cc2c(cc1OC(C)C)[C@H](c1ccc(Cl)cc1)N(c1ccc(N(C)C[C@H]3CC[C@H](N4CC(=O)N(C)C4)CC3)nc1)C(=O)C2,7.94,0.0,1
CHEMBL1907611,COc1cc2c(cc1OC(C)C)[C@H](c1ccc(Cl)cc1)N(c1ccc(N(C)C[C@H]3CC[C@H](N4CCN(C)C(=O)C4)CC3)cc1)C(=O)C2,7.71,1.4990663761154803,2
CHEMBL1907611,COc1cc2c(cc1OC(C)C)[C@H](c1ccc(Cl)cc1)N(c1ccc(N(C)C[C@H]3CC[C@H](N4CCN(C)C(=O)C4)CC3)cn1)C(=O)C2,8.7,0.0,1
CHEMBL1907611,COc1cc2c(cc1OC(C)C)[C@H](c1ccc(Cl)cc1)N(c1ccc(N(C)C[C@H]3CC[C@H](N4CCN(C)C(=O)C4)CC3)nc1)C(=O)C2,8.6,0.0,1
CHEMBL1907611,COc1cc2c(cc1OC(C)C)[C@H](c1ccc(Cl)cc1)N(c1ccc(N(C)C[C@H]3CC[C@H](N4CCNC(=O)C4)CC3)cc1)C(=O)C2,8.8,0.0,1
CHEMBL1907611,COc1cc2c(cc1OC(C)C)[C@H](c1ccc(Cl)cc1)N(c1ccc(N(C)C[C@H]3CC[C@H](N4CNC(=O)C4)CC3)cc1)C(=O)C2,8.77,0.0,1
CHEMBL1907611,COc1cc2c(cc1OC(C)C)[C@H](c1ccc(Cl)cc1)N(c1cnc(N(C)C[C@H]3CC[C@H](N4CCN(C)C(=O)C4)CC3)cn1)C(=O)C2,8.12,0.0,1
CHEMBL1907611,COc1cc2c3n(nc2cc1C(=O)O)[C@@H]1[C@H](CCO3)N(CC2CC2)[C@@]2(C(=O)Nc3cc(Cl)ccc32)[C@H]1c1cccc(Cl)c1F,7.43,0.0,1
CHEMBL1907611,COc1cc2c3n(nc2cc1C(=O)O)[C@@H]1[C@H](CO3)N(CC2CC2)[C@@]2(C(=O)Nc3cc(Cl)ccc32)[C@H]1c1cccc(Cl)c1F,8.175,0.1767766952966369,2
CHEMBL1907611,COc1cc2c3n(nc2cc1C(=O)O)[C@H]1[C@@H](CO3)N(CC2CC2)[C@]2(C(=O)Nc3cc(Cl)ccc32)[C@@H]1c1cccc(Cl)c1F,6.09,0.0,1
CHEMBL1907611,COc1cc2nn3c(c2cc1C#N)OC[C@H]1[C@@H]3[C@H](c2cccc(Cl)c2F)[C@]2(C(=O)Nc3cc(Cl)ccc32)N1CC1CC1,6.48,0.0,1
CHEMBL1907611,COc1cc2nn3c(c2cc1C(=O)O)OC[C@@H]1[C@H]3[C@@H](c2cccc(Cl)c2F)[C@@]2(C(=O)Nc3cc(Cl)ccc32)N1CC1CC1,6.01,0.0,1
CHEMBL1907611,COc1cc2nn3c(c2cc1C(=O)O)OC[C@H]1[C@@H]3[C@H](c2cccc(Cl)c2F)[C@]2(C(=O)Nc3cc(Cl)ccc32)N1CC1CC1,7.875,0.1767766952966369,2
CHEMBL1907611,COc1ccc(-c2cc(=O)c3c(OC)c(OC)c(OC)cc3o2)cc1OC,5.5,0.0,1
CHEMBL1907611,COc1ccc(-c2cc3c(n2C(C)C)C(c2ccc(Cl)cc2)N(c2cc(Cl)ccc2C)C3=O)c(OC)c1,9.35,0.0,1
CHEMBL1907611,COc1ccc(-c2cc3c(n2C(C)C)C(c2ccc(Cl)cc2)N(c2cc(Cl)ccc2C)C3=O)c(OC)n1,9.49,0.0,1
CHEMBL1907611,COc1ccc(-c2nnn[nH]2)cc1-c1cc2c(n1C(C)C)C(c1ccc(Cl)cc1)N(c1cc(Cl)ccc1C)C2=O,9.73,0.0,1
CHEMBL1907611,COc1ccc(C#N)cc1-c1cc2c(n1C(C)C)C(c1ccc(Cl)cc1)N(C1CCOCC1)C2=O,8.82,0.0,1
CHEMBL1907611,COc1ccc(C#N)cc1-c1cc2c(n1C(C)C)C(c1ccc(Cl)cc1)N([C@H]1CC[C@H](O)CC1)C2=O,8.6,0.0,1
CHEMBL1907611,COc1ccc(C#N)cc1-c1cc2c(n1C(C)C)C(c1ccc(Cl)cc1)N(c1cc(Cl)ccc1C)C2=O,9.55,0.0,1
CHEMBL1907611,COc1ccc(C#N)cc1-c1nc2c(n1C(C)C)C(c1ccc(Cl)cc1C)N(c1cc(Cl)ccc1C)C(=O)N2,6.38,0.0,1
CHEMBL1907611,COc1ccc(C(=O)N(C)C)cc1-c1cc2c(n1C(C)C)C(c1ccc(Cl)cc1)N(c1cc(Cl)ccc1C)C2=O,9.88,0.0,1
CHEMBL1907611,COc1ccc(C(=O)N(C)C)cc1-c1cc2c(n1C(C)C)[C@@H](c1ccc(Cl)cc1)N(c1cc(Cl)ccc1C)C2=O,6.21,0.0,1
CHEMBL1907611,COc1ccc(C(=O)N(C)C)cc1-c1cc2c(n1C(C)C)[C@H](c1ccc(Cl)cc1)N(c1cc(Cl)ccc1C)C2=O,10.12,0.0,1
CHEMBL1907611,COc1ccc(C(=O)N(C)C)cc1-c1nc2c(n1C(C)C)C(c1ccc(Cl)cc1C)N(c1cc(Cl)ccc1C)C(=O)N2,6.37,0.0,1
CHEMBL1907611,COc1ccc(C(=O)N2CCOCC2)cc1-c1cc2c(n1C(C)C)C(c1ccc(Cl)cc1)N(c1cc(Cl)c(=O)n(C)c1)C2=O,9.82,0.0,1
CHEMBL1907611,COc1ccc(C(=O)N2CCOCC2)cc1-c1cc2c(n1C(C)C)C(c1ccc(Cl)cc1)N(c1cc(Cl)ccc1C)C2=O,9.97,0.0,1
CHEMBL1907611,COc1ccc(C(=O)N2CCOCC2)cc1-c1cc2c(n1C(C)C)C(c1ccc(Cl)cc1)N(c1ccc(F)c(Cl)c1)C2=O,9.54,0.0,1
CHEMBL1907611,COc1ccc(C(=O)NCCO)cc1-c1nc2c(n1C(C)C)C(c1ccc(Cl)cc1C)N(c1cc(Cl)ccc1C)C(=O)N2,6.35,0.0,1
CHEMBL1907611,COc1ccc(C(=O)NCCS(C)(=O)=O)cc1-c1cc2c(n1C(C)C)C(c1ccc(Cl)cc1)N(c1cc(Cl)ccc1C)C2=O,9.94,0.0,1
CHEMBL1907611,COc1ccc(C(=O)NOCCO)cc1-c1cc2c(n1C(C)C)C(c1ccc(Cl)cc1)N(c1cc(Cl)ccc1C)C2=O,9.43,0.664680374315355,2
CHEMBL1907611,COc1ccc(C(=O)O)cc1-c1cc2c(n1C(C)C)C(c1ccc(Cl)cc1)N([C@H]1CC[C@H](O)CC1)C2=O,8.11,0.2828427124746199,2
CHEMBL1907611,COc1ccc(C(=O)O)cc1-c1cc2c(n1C(C)C)C(c1ccc(Cl)cc1)N(c1cc(Cl)c(=O)n(C)c1)C2=O,9.63,0.0,1
CHEMBL1907611,COc1ccc(C(=O)O)cc1-c1cc2c(n1C(C)C)C(c1ccc(Cl)cc1)N(c1cc(Cl)ccc1C)C2=O,9.77,0.0,1
CHEMBL1907611,COc1ccc(C(=O)O)cc1-c1cc2c(n1C(C)C)C(c1ccc(Cl)cc1)N(c1ccc(F)c(Cl)c1)C2=O,9.46,0.0,1
CHEMBL1907611,COc1ccc(C(=O)O)cc1-c1cc2c(n1C(C)C)[C@@H](c1ccc(Cl)cc1)N(c1cc(Cl)ccc1C)C2=O,8.21,0.0,1
CHEMBL1907611,COc1ccc(C(=O)O)cc1-c1cc2c(n1C(C)C)[C@H](c1ccc(Cl)cc1)N(c1cc(Cl)ccc1C)C2=O,10.1,0.0,1
CHEMBL1907611,COc1ccc(C(N)=O)cc1-c1cc2c(n1C(C)C)C(c1ccc(Cl)cc1)N(c1cc(Cl)ccc1C)C2=O,9.98,0.0,1
CHEMBL1907611,COc1ccc(C(O)CNC2(c3ccccc3)c3ccccc3C(=O)N2Cc2ccccc2)cc1,4.16,0.0,1
CHEMBL1907611,COc1ccc(C2=NC(c3ccc(Cl)cc3)C(c3ccc(Cl)cc3)N2C(=O)N2CCN(C(C)=O)CC2)c(OC(C)C)c1,5.32,0.0,1
CHEMBL1907611,COc1ccc(C2=N[C@@H](c3ccc(Cl)cc3)[C@@H](c3ccc(Cl)cc3)N2C(=O)N2CCNC(=O)C2)c(OC(C)C)c1,7.265000000000001,1.1107479962219655,10
CHEMBL1907611,COc1ccc(C2=N[C@H](c3ccc(Cl)cc3)[C@H](c3ccc(Cl)cc3)N2C(=O)NCC(=O)N2CCCC2)c(OC(C)C)c1,4.99,0.0,1
CHEMBL1907611,COc1ccc(C2=N[C@H](c3ccc(Cl)cc3)[C@H](c3ccc(Cl)cc3)N2C(=O)NCC(=O)N2CCN(C(C)=O)CC2)c(OC(C)C)c1,5.265,0.007071067811865324,2
CHEMBL1907611,COc1ccc(C2=N[C@H](c3ccc(Cl)cc3)[C@H](c3ccc(Cl)cc3)N2C(=O)NCC(=O)N2CCN(C)CC2)c(OC(C)C)c1,4.68,0.0,1
CHEMBL1907611,COc1ccc(C2=N[C@H](c3ccc(Cl)cc3)[C@H](c3ccc(Cl)cc3)N2C(=O)NCC(=O)N2CCOCC2)c(OC(C)C)c1,5.26,0.028284271247461613,2
CHEMBL1907611,COc1ccc(C2=N[C@H](c3ccc(Cl)cc3)[C@H](c3ccc(Cl)cc3)N2C(=O)NCC(=O)O)c(OC(C)C)c1,5.21,0.0,1
CHEMBL1907611,COc1ccc(C2=N[C@H](c3ccc(Cl)cc3)[C@H](c3ccc(Cl)cc3)N2C(=O)NCCC(=O)N2CCN(C)CC2)c(OC(C)C)c1,5.23,0.0,1
CHEMBL1907611,COc1ccc(C2=N[C@H](c3ccc(Cl)cc3)[C@H](c3ccc(Cl)cc3)N2C(=O)NCCC(=O)N2CCOCC2)c(OC(C)C)c1,5.65,0.0,1
CHEMBL1907611,COc1ccc(C2=N[C@H](c3ccc(Cl)cc3)[C@H](c3ccc(Cl)cc3)N2C(=O)NCCC(=O)O)c(OC(C)C)c1,5.97,0.0,1
CHEMBL1907611,COc1ccc(C2=N[C@H](c3ccc(Cl)cc3)[C@H](c3ccc(Cl)cc3)N2C(=O)NCCCC(=O)O)c(OC(C)C)c1,5.69,0.0,1
CHEMBL1907611,COc1ccc(C2=N[C@H](c3ccc(Cl)cc3)[C@H](c3ccc(Cl)cc3)N2C(=O)N[C@@H](C)C(=O)N2CCN(C)CC2)c(OC(C)C)c1,5.22,0.0,1
CHEMBL1907611,COc1ccc(C2=N[C@H](c3ccc(Cl)cc3)[C@H](c3ccc(Cl)cc3)N2C(=O)N[C@@H](C)C(=O)O)c(OC(C)C)c1,5.47,0.0,1
CHEMBL1907611,COc1ccc(C2=N[C@H](c3ccc(Cl)cc3)[C@H](c3ccc(Cl)cc3)N2C(=O)N[C@H](C)C(=O)N2CCN(C)CC2)c(OC(C)C)c1,5.22,0.0,1
CHEMBL1907611,COc1ccc(C2=N[C@H](c3ccc(Cl)cc3)[C@H](c3ccc(Cl)cc3)N2C(=O)N[C@H](C)C(=O)O)c(OC(C)C)c1,5.49,0.0,1
CHEMBL1907611,COc1ccc(CC(=O)N(C)C)cc1-c1cc2c(n1C(C)C)C(c1ccc(Cl)cc1)N(c1cc(Cl)ccc1C)C2=O,9.82,0.0,1
CHEMBL1907611,COc1ccc(CC(=O)O)cc1-c1cc2c(n1C(C)C)C(c1ccc(Cl)cc1)N(c1cc(Cl)c(=O)n(C)c1)C2=O,9.51,0.0,1
CHEMBL1907611,COc1ccc(CC(=O)O)cc1-c1cc2c(n1C(C)C)C(c1ccc(Cl)cc1)N(c1cc(Cl)ccc1C)C2=O,9.81,0.0,1
CHEMBL1907611,COc1ccc(CC(=O)O)cc1-c1cc2c(n1C(C)C)[C@@H](c1ccc(Cl)cc1)N(c1cc(Cl)ccc1C)C2=O,7.38,0.0,1
CHEMBL1907611,COc1ccc(CC(=O)O)cc1-c1cc2c(n1C(C)C)[C@H](c1ccc(Cl)cc1)N(c1cc(Cl)ccc1C)C2=O,10.21,0.0,1
CHEMBL1907611,COc1ccc(CC(N)=O)cc1-c1cc2c(n1C(C)C)C(c1ccc(Cl)cc1)N(c1cc(Cl)ccc1C)C2=O,9.94,0.0,1
CHEMBL1907611,COc1ccc(CCC(=O)O)cc1-c1cc(-c2ccc(Cl)cc2)n(CCc2ccccc2)n1,4.41,0.0,1
CHEMBL1907611,COc1ccc(CCC(=O)O)cc1-c1cc(-c2ccc(Cl)cc2)n(Cc2ccccc2)n1,4.06,0.0,1
CHEMBL1907611,COc1ccc(CCC(=O)O)cc1-c1cc(-c2ccc(F)cc2)n(Cc2ccccc2)n1,4.77,0.0,1
CHEMBL1907611,COc1ccc(CO)cc1-c1cc2c(n1C(C)C)C(c1ccc(Cl)cc1)N(c1cc(Cl)ccc1C)C2=O,9.95,0.0,1
CHEMBL1907611,COc1ccc(CO)cc1-c1cc2c(n1C(C)C)C(c1ccc(Cl)cc1C)N(c1cccc(Cl)c1F)C2=O,9.54,0.0,1
CHEMBL1907611,COc1ccc(CO)cc1-c1nc2c(n1C(C)C)C(c1ccc(Cl)cc1C)N(c1cc(Cl)ccc1C)C(=O)N2,6.43,0.0,1
CHEMBL1907611,COc1ccc(Cn2c(C)nc(Cc3ccc(N)cc3)c2Cc2ccc(Cl)cc2)cc1,5.47,0.0,1
CHEMBL1907611,COc1ccc(F)cc1-c1cc2c(n1C(C)C)C(c1ccc(Cl)cc1C)N(c1cccc(Cl)c1F)C2=O,8.22,0.0,1
CHEMBL1907611,COc1ccc(F)cc1-c1nc2c(n1C(C)C)C(c1ccc(Cl)cc1C)N(c1cc(Cl)ccc1C)C(=O)N2,6.28,0.0,1
CHEMBL1907611,COc1ccc(N2CCN(C(=O)C3(Oc4ccc(C(F)(F)F)cc4)CCCN(C(=O)c4cnccc4C(F)(F)F)C3)CC2)cc1,4.64,0.0,1
CHEMBL1907611,COc1ccc(OC2(C(=O)N3CCN(c4ccccn4)CC3)CCCN(C(=O)c3cnccc3C(F)(F)F)C2)cc1,4.48,0.0,1
CHEMBL1907611,COc1ccc(S(C)(=O)=O)cc1-c1cc2c(n1C(C)C)C(c1ccc(Cl)cc1)N(c1cc(Cl)c(=O)n(C)c1)C2=O,9.78,0.0,1
CHEMBL1907611,COc1ccc(S(C)(=O)=O)cc1-c1cc2c(n1C(C)C)C(c1ccc(Cl)cc1)N(c1cc(Cl)ccc1C)C2=O,9.73,0.0,1
CHEMBL1907611,COc1ccc(S(C)(=O)=O)cc1-c1cc2c(n1C(C)C)C(c1ccc(Cl)cc1)N(c1cn(C)nc1C)C2=O,8.59,0.0,1
CHEMBL1907611,COc1ccc2cc1Oc1ccc(cc1)C[C@@H]1c3cc(c(OC)cc3CCN1C)Oc1c(OC)c(OC)cc3c1[C@@H](C2)N(C)CC3,6.75,0.0,1
CHEMBL1907611,COc1cccc(-c2cc(-c3cc(C(=O)O)ccc3OCC(C)C)nn2CCc2ccccc2)c1OC,5.08,0.0,1
CHEMBL1907611,COc1cccc(-c2cc(-c3cc(CC(=O)O)ccc3OCC(C)C)nn2CCc2ccccc2)c1OC,4.17,0.0,1
CHEMBL1907611,COc1cccc(-c2cc(-c3cc(CCC(=O)O)ccc3OCc3cccc(Cl)c3)nn2CCc2ccccc2)c1OC,4.47,0.0,1
CHEMBL1907611,COc1cccc(-c2cc(-c3cc(CCC(=O)O)ccc3OCc3cccc(Cl)c3)nn2Cc2ccccc2)c1OC,4.5,0.0,1
CHEMBL1907611,COc1cccc(C2(Cc3cccc(Cl)c3)C(=O)Nc3cc(Cl)ccc32)c1,6.34,0.0,1
CHEMBL1907611,COc1cccc(CN(C[C@H](C2CC2)N2C(=O)[C@@](C)(CC(=O)O)C[C@H](c3cccc(Cl)c3)[C@H]2c2ccc(Cl)cc2)S(C)(=O)=O)c1,8.82,0.0,1
CHEMBL1907611,COc1cccc([C@]2(Cc3cccc(Cl)c3)C(=O)Nc3cc(Cl)ccc32)c1,6.55,0.0,1
CHEMBL1907611,COc1cccc2c1C1=C(C(c3ccc(Br)cc3)O2)C(c2ccc(Br)cc2)n2ncnc2N1C,6.52,0.0,1
CHEMBL1907611,COc1ccccc1-c1c(C#N)c2c(n1C(C)C)C(c1ccc(Cl)cc1)N(c1cc(Cl)ccc1C)C2=O,9.79,0.0,1
CHEMBL1907611,COc1ccccc1-c1c(F)c2c(n1C(C)C)C(c1ccc(Cl)cc1)N(c1cc(Cl)ccc1C)C2=O,9.31,0.0,1
CHEMBL1907611,COc1ccccc1-c1cc2c(n1C(C)C)C(C)(c1ccc(Cl)cc1)N(c1cc(Cl)ccc1C)C2=O,9.3,0.0,1
CHEMBL1907611,COc1ccccc1-c1cc2c(n1C(C)C)C(c1ccc(Cl)cc1)N(C1CCOCC1)C2=O,8.59,0.0,1
CHEMBL1907611,COc1ccccc1-c1cc2c(n1C(C)C)C(c1ccc(Cl)cc1)N([C@H]1CC[C@H](O)CC1)C2=O,8.09,0.0,1
CHEMBL1907611,COc1ccccc1-c1cc2c(n1C(C)C)C(c1ccc(Cl)cc1)N(c1cc(Cl)c(=O)n(C)c1)C2=O,9.69,0.0,1
CHEMBL1907611,COc1ccccc1-c1cc2c(n1C(C)C)C(c1ccc(Cl)cc1)N(c1cc(Cl)ccc1C#N)C2=O,8.71,0.0,1
CHEMBL1907611,COc1ccccc1-c1cc2c(n1C(C)C)C(c1ccc(Cl)cc1)N(c1cc(Cl)ccc1C)C2=O,9.375,0.21920310216782884,2
CHEMBL1907611,COc1ccccc1-c1cc2c(n1C(C)C)C(c1ccc(Cl)cc1C)N(C1CCOCC1)C2=O,7.81,0.0,1
CHEMBL1907611,COc1ccccc1-c1cc2c(n1C(C)C)C(c1ccc(Cl)cc1C)N([C@H]1CC[C@H](O)CC1)C2=O,7.535,0.049497474683058526,2
CHEMBL1907611,COc1ccccc1-c1cc2c(n1C(C)C)C(c1ccc(Cl)cc1C)N(c1cc(Cl)c(=O)n(C)c1)C2=O,9.26,0.0,1
CHEMBL1907611,COc1ccccc1-c1cc2c(n1C(C)C)C(c1ccc(Cl)cc1C)N(c1cc(Cl)ccc1C)C2=O,9.43,0.0,1
CHEMBL1907611,COc1ccccc1-c1cc2c(n1C(C)C)C(c1ccc(Cl)cc1C)N(c1cccc(Cl)c1F)C2=O,8.02,0.0,1
CHEMBL1907611,COc1ccccc1-c1nc2c(n1C(C)C)C(c1ccc(C#N)cc1)N(c1cc(Cl)ccc1C)C(=O)N2,6.14,0.0,1
CHEMBL1907611,COc1ccccc1-c1nc2c(n1C(C)C)C(c1ccc(C#N)cc1)N(c1cccc(Cl)c1F)C(=O)N2,6.33,0.0,1
CHEMBL1907611,COc1ccccc1-c1nc2c(n1C(C)C)C(c1ccc(Cl)cc1)N(c1cccc(Cl)c1F)C(=O)N2,7.375,1.873832970144351,2
CHEMBL1907611,COc1ccccc1-c1nc2c(n1C(C)C)C(c1ccc(Cl)cc1C)N(c1cc(Cl)ccc1C)C(=O)N2,8.74,0.0,1
CHEMBL1907611,COc1ccccc1-c1nc2c(n1C(C)C)C(c1ccc(Cl)cc1C)N(c1cccc(Cl)c1F)C(=O)N2,7.395,1.8172644276494263,2
CHEMBL1907611,COc1ccccc1-n1nc2c(c1C(C)C)C(c1ccc(Cl)cc1C)N(c1cc(Cl)ccc1OCCN(C)C)C2=O,6.89,0.0,1
CHEMBL1907611,COc1ccccc1-n1nc2c(c1C(C)C)[C@H](c1ccc(Cl)cc1C)N(c1cc(Cl)cc(OCCN(C)C)c1)C2=O,9.89,0.0,1
CHEMBL1907611,COc1ccccc1-n1nc2c(c1C(C)C)[C@H](c1ccc(Cl)cc1C)N(c1cc(Cl)ccc1C)C2=O,6.89,0.0,1
CHEMBL1907611,COc1ccccc1N1CCN(C(=O)C2(Oc3ccc(C(F)(F)F)cc3)CCCN(C(=O)c3cnccc3C(F)(F)F)C2)CC1,6.234999999999999,0.021213203435596288,2
CHEMBL1907611,COc1cccnc1-c1cc2c(n1C(C)C)C(c1ccc(Cl)cc1)N(c1cc(Cl)ccc1C)C2=O,9.67,0.0,1
CHEMBL1907611,COc1ccncc1-c1cc2c(n1C(C)C)C(c1ccc(Cl)cc1)N(c1cc(Cl)ccc1C)C2=O,9.75,0.0,1
CHEMBL1907611,COc1ccncc1-c1cc2c(n1C(C)C)C(c1ccc(Cl)cc1C)N(c1cccc(Cl)c1F)C2=O,9.76,0.0,1
CHEMBL1907611,COc1ccncc1-c1nc2c(n1C(C)C)C(c1ccc(Cl)cc1)N(c1cccc(Cl)c1F)C(=O)N2,8.07,0.0,1
CHEMBL1907611,COc1ccncc1-c1nc2c(n1C(C)C)C(c1ccc(Cl)cc1C)N(c1cc(Cl)ccc1C)C(=O)N2,8.51,0.0,1
CHEMBL1907611,COc1cn(C)c(=O)cc1-c1cc2c(n1C(C)C)C(c1ccc(Cl)cc1)N(c1c(F)c(C)nn1C)C2=O,9.06,0.0,1
CHEMBL1907611,COc1cn(C)c(=O)cc1-c1cc2c(n1C(C)C)C(c1ccc(Cl)cc1)N(c1cc(C)nn1C)C2=O,8.97,0.0,1
CHEMBL1907611,COc1cn(C)c(=O)cc1-c1cc2c(n1C(C)C)C(c1ccc(Cl)cc1)N(c1cc(Cl)c(=O)n(C)c1)C2=O,9.6,0.0,1
CHEMBL1907611,COc1cn(C)c(=O)cc1-c1cc2c(n1C(C)C)C(c1ccc(Cl)cc1)N(c1cc(Cl)ccc1C)C2=O,9.96,0.0,1
CHEMBL1907611,COc1cn(C)c(=O)cc1-c1cc2c(n1C(C)C)C(c1ccc(Cl)cc1)N(c1cc(Cl)cnc1OC)C2=O,9.7,0.0,1
CHEMBL1907611,COc1cn(C)c(=O)cc1-c1cc2c(n1C(C)C)C(c1ccc(Cl)cc1)N(c1cn(C)nc1C)C2=O,8.25,0.0,1
CHEMBL1907611,COc1cnc(CC#N)cc1-c1cc2c(n1C(C)C)C(c1ccc(C#N)cc1)N(c1cccc(Cl)c1F)C2=O,9.45,0.0,1
CHEMBL1907611,COc1cnc(CC(=O)O)cc1-c1cc2c(n1C(C)C)C(c1ccc(C#N)cc1)N(c1cccc(Cl)c1F)C2=O,9.32,0.0,1
CHEMBL1907611,COc1nc(N(C)C)ncc1-c1c(C#N)c2c(n1C(C)C)C(c1ccc(Cl)cc1)N(c1cc(Cl)c(=O)n(C)c1)C2=O,9.92,0.0,1
CHEMBL1907611,COc1nc(N(C)C)ncc1-c1c(C(=O)O)c2c(n1C(C)C)C(c1ccc(Cl)cc1)N(c1cc(Cl)c(=O)n(C)c1)C2=O,9.88,0.0,1
CHEMBL1907611,COc1nc(N(C)C)ncc1-c1cc2c(n1C(C)C)C(c1ccc(C#N)c(F)c1)N(c1cc(Cl)c(=O)n(C)c1)C2=O,9.71,0.0,1
CHEMBL1907611,COc1nc(N(C)C)ncc1-c1cc2c(n1C(C)C)C(c1ccc(C#N)c(F)c1)N(c1cc(Cl)c[nH]c1=O)C2=O,9.6,0.0,1
CHEMBL1907611,COc1nc(N(C)C)ncc1-c1cc2c(n1C(C)C)C(c1ccc(C#N)c(F)c1)N(c1cc(Cl)cn(C)c1=O)C2=O,9.59,0.0,1
CHEMBL1907611,COc1nc(N(C)C)ncc1-c1cc2c(n1C(C)C)C(c1ccc(C#N)cc1)N(C1CCOCC1)C2=O,8.87,0.0,1
CHEMBL1907611,COc1nc(N(C)C)ncc1-c1cc2c(n1C(C)C)C(c1ccc(C#N)cc1)N([C@H]1CC[C@H](O)CC1)C2=O,8.78,0.0,1
CHEMBL1907611,COc1nc(N(C)C)ncc1-c1cc2c(n1C(C)C)C(c1ccc(C#N)cc1)N(c1c(F)c(C)nn1C)C2=O,9.65,0.0,1
CHEMBL1907611,COc1nc(N(C)C)ncc1-c1cc2c(n1C(C)C)C(c1ccc(C#N)cc1)N(c1c[nH]c(=O)c(Cl)c1)C2=O,9.88,0.0,1
CHEMBL1907611,COc1nc(N(C)C)ncc1-c1cc2c(n1C(C)C)C(c1ccc(C#N)cc1)N(c1cc(C)nn1C)C2=O,9.19,0.0,1
CHEMBL1907611,COc1nc(N(C)C)ncc1-c1cc2c(n1C(C)C)C(c1ccc(C#N)cc1)N(c1cc(Cl)c(=O)n(C)c1)C2=O,9.65,0.0,1
CHEMBL1907611,COc1nc(N(C)C)ncc1-c1cc2c(n1C(C)C)C(c1ccc(C#N)cc1)N(c1cc(Cl)c[nH]c1=O)C2=O,9.45,0.0,1
CHEMBL1907611,COc1nc(N(C)C)ncc1-c1cc2c(n1C(C)C)C(c1ccc(C#N)cc1)N(c1cc(Cl)ccc1C)C2=O,9.71,0.0,1
CHEMBL1907611,COc1nc(N(C)C)ncc1-c1cc2c(n1C(C)C)C(c1ccc(C#N)cc1)N(c1cc(Cl)cn(C)c1=O)C2=O,9.53,0.0,1
CHEMBL1907611,COc1nc(N(C)C)ncc1-c1cc2c(n1C(C)C)C(c1ccc(C#N)cc1)N(c1cc(Cl)cnc1OC)C2=O,9.73,0.0,1
CHEMBL1907611,COc1nc(N(C)C)ncc1-c1cc2c(n1C(C)C)C(c1ccc(C#N)cc1)N(c1ccc(F)c(Cl)c1)C2=O,9.44,0.0,1
CHEMBL1907611,COc1nc(N(C)C)ncc1-c1cc2c(n1C(C)C)C(c1ccc(C#N)cc1)N(c1cccc(Cl)c1F)C2=O,9.73,0.0,1
CHEMBL1907611,COc1nc(N(C)C)ncc1-c1cc2c(n1C(C)C)C(c1ccc(Cl)c(F)c1)N(c1cc(Cl)c(=O)n(C)c1)C2=O,9.86,0.0,1
CHEMBL1907611,COc1nc(N(C)C)ncc1-c1cc2c(n1C(C)C)C(c1ccc(Cl)c(F)c1)N(c1cc(Cl)c[nH]c1=O)C2=O,9.92,0.0,1
CHEMBL1907611,COc1nc(N(C)C)ncc1-c1cc2c(n1C(C)C)C(c1ccc(Cl)c(F)c1)N(c1cc(Cl)cn(C)c1=O)C2=O,9.45,0.0,1
CHEMBL1907611,COc1nc(N(C)C)ncc1-c1cc2c(n1C(C)C)C(c1ccc(Cl)cc1)N(C1CCOCC1)C2=O,9.37,0.0,1
CHEMBL1907611,COc1nc(N(C)C)ncc1-c1cc2c(n1C(C)C)C(c1ccc(Cl)cc1)N(C1CN(C)C(=O)N(C)C1)C2=O,9.79,0.0,1
CHEMBL1907611,COc1nc(N(C)C)ncc1-c1cc2c(n1C(C)C)C(c1ccc(Cl)cc1)N([C@H]1CC[C@H](O)CC1)C2=O,9.11,0.0,1
CHEMBL1907611,COc1nc(N(C)C)ncc1-c1cc2c(n1C(C)C)C(c1ccc(Cl)cc1)N([C@H]1CC[C@H](OC)CC1)C2=O,9.13,0.0,1
CHEMBL1907611,COc1nc(N(C)C)ncc1-c1cc2c(n1C(C)C)C(c1ccc(Cl)cc1)N(c1c(F)c(C)nn1C)C2=O,9.8,0.0,1
CHEMBL1907611,COc1nc(N(C)C)ncc1-c1cc2c(n1C(C)C)C(c1ccc(Cl)cc1)N(c1c[nH]c(=O)c(Cl)c1)C2=O,9.64,0.0,1
CHEMBL1907611,COc1nc(N(C)C)ncc1-c1cc2c(n1C(C)C)C(c1ccc(Cl)cc1)N(c1cc(C)nn1C)C2=O,9.29,0.0,1
CHEMBL1907611,COc1nc(N(C)C)ncc1-c1cc2c(n1C(C)C)C(c1ccc(Cl)cc1)N(c1cc(Cl)c(=O)n(C)c1)C2=O,9.86,0.0,1
CHEMBL1907611,COc1nc(N(C)C)ncc1-c1cc2c(n1C(C)C)C(c1ccc(Cl)cc1)N(c1cc(Cl)c[nH]c1=O)C2=O,9.97,0.0,1
CHEMBL1907611,COc1nc(N(C)C)ncc1-c1cc2c(n1C(C)C)C(c1ccc(Cl)cc1)N(c1cc(Cl)ccc1C#N)C2=O,9.5,0.0,1
CHEMBL1907611,COc1nc(N(C)C)ncc1-c1cc2c(n1C(C)C)C(c1ccc(Cl)cc1)N(c1cc(Cl)ccc1C)C2=O,9.65,0.0,1
CHEMBL1907611,COc1nc(N(C)C)ncc1-c1cc2c(n1C(C)C)C(c1ccc(Cl)cc1)N(c1cc(Cl)cn(C)c1=O)C2=O,9.79,0.0,1
CHEMBL1907611,COc1nc(N(C)C)ncc1-c1cc2c(n1C(C)C)C(c1ccc(Cl)cc1)N(c1ccc(F)c(Cl)c1)C2=O,9.34,0.0,1
CHEMBL1907611,COc1nc(N(C)C)ncc1-c1cc2c(n1C(C)C)C(c1ccc(Cl)cc1)N(c1cn(C)c(=O)cc1C)C2=O,9.41,0.0,1
CHEMBL1907611,COc1nc(N(C)C)ncc1-c1cc2c(n1C(C)C)C(c1ccc(Cl)cc1)N(c1cn(C)nc1C)C2=O,9.18,0.0,1
CHEMBL1907611,COc1nc(N(C)C)ncc1-c1cc2c(n1C(C)C)C(c1ccc(Cl)cc1C)N(c1cc(Cl)c(=O)n(C)c1)C2=O,9.79,0.0,1
CHEMBL1907611,COc1nc(N(C)C)ncc1-c1cc2c(n1C(C)C)C(c1ccc(Cl)cc1F)N(c1cc(C)nn1C)C2=O,9.11,0.0,1
CHEMBL1907611,COc1nc(N(C)C)ncc1-c1cc2c(n1C(C)C)C(c1ccc(Cl)cn1)N(c1cccc(Cl)c1F)C2=O,9.18,0.0,1
CHEMBL1907611,COc1nc(N(C)C)ncc1-c1cc2c(n1C(C)C)[C@@H](c1ccc(C#N)cc1)N(C1CCOCC1)C2=O,6.55,0.0,1
CHEMBL1907611,COc1nc(N(C)C)ncc1-c1cc2c(n1C(C)C)[C@@H](c1ccc(C#N)cc1)N(c1cc(Cl)c(=O)n(C)c1)C2=O,7.22,0.0,1
CHEMBL1907611,COc1nc(N(C)C)ncc1-c1cc2c(n1C(C)C)[C@@H](c1ccc(C#N)cc1)N(c1cc(Cl)c[nH]c1=O)C2=O,6.97,0.0,1
CHEMBL1907611,COc1nc(N(C)C)ncc1-c1cc2c(n1C(C)C)[C@@H](c1ccc(C#N)cc1)N(c1ccc(F)c(Cl)c1)C2=O,7.5,0.0,1
CHEMBL1907611,COc1nc(N(C)C)ncc1-c1cc2c(n1C(C)C)[C@@H](c1ccc(Cl)c(F)c1)N(c1cc(Cl)c[nH]c1=O)C2=O,7.31,0.0,1
CHEMBL1907611,COc1nc(N(C)C)ncc1-c1cc2c(n1C(C)C)[C@@H](c1ccc(Cl)cc1)N(c1c[nH]c(=O)c(Cl)c1)C2=O,7.97,0.0,1
CHEMBL1907611,COc1nc(N(C)C)ncc1-c1cc2c(n1C(C)C)[C@H](c1ccc(C#N)cc1)N(C1CCOCC1)C2=O,9.2,0.0,1
CHEMBL1907611,COc1nc(N(C)C)ncc1-c1cc2c(n1C(C)C)[C@H](c1ccc(C#N)cc1)N(c1cc(Cl)c(=O)n(C)c1)C2=O,10.16,0.0,1
CHEMBL1907611,COc1nc(N(C)C)ncc1-c1cc2c(n1C(C)C)[C@H](c1ccc(C#N)cc1)N(c1cc(Cl)c[nH]c1=O)C2=O,9.445,0.4879036790187168,2
CHEMBL1907611,COc1nc(N(C)C)ncc1-c1cc2c(n1C(C)C)[C@H](c1ccc(C#N)cc1)N(c1ccc(F)c(Cl)c1)C2=O,9.45,0.0,1
CHEMBL1907611,COc1nc(N(C)C)ncc1-c1cc2c(n1C(C)C)[C@H](c1ccc(Cl)c(F)c1)N(c1cc(Cl)c[nH]c1=O)C2=O,10.15,0.0,1
CHEMBL1907611,COc1nc(N(C)C)ncc1-c1cc2c(n1C(C)C)[C@H](c1ccc(Cl)cc1)N(c1c[nH]c(=O)c(Cl)c1)C2=O,10.1,0.0,1
CHEMBL1907611,COc1nc(N(C)C)ncc1-c1nc2c(n1C(C)C)C(c1ccc(Cl)c(F)c1)N(c1cc(Cl)c[nH]c1=O)C(=O)N2,6.45,0.0,1
CHEMBL1907611,COc1nc(N(C)C)ncc1-c1nc2c(n1C(C)C)C(c1ccc(Cl)c(F)c1)N(c1cc(Cl)cn(C)c1=O)C(=O)N2,6.13,0.0,1
CHEMBL1907611,COc1nc(N(C)C)ncc1-c1nc2c(n1C(C)C)C(c1ccc(Cl)c(F)c1)N(c1ccc(F)c(Cl)c1)C(=O)N2,6.42,0.0,1
CHEMBL1907611,COc1nc(N(C)C)ncc1-c1nc2c(n1C(C)C)C(c1ccc(Cl)cc1)N(c1cc(Cl)cn(C)c1=O)C(=O)N2,6.23,0.0,1
CHEMBL1907611,COc1nc(N)ncc1-c1cc2c(n1C(C)C)C(c1ccc(C#N)cc1)N(c1c[nH]c(=O)c(Cl)c1)C2=O,8.9,0.0,1
CHEMBL1907611,COc1nc(N)ncc1-c1cc2c(n1C(C)C)C(c1ccc(C#N)cc1)N(c1cc(Cl)c[nH]c1=O)C2=O,8.49,0.0,1
CHEMBL1907611,COc1nc(N)ncc1-c1cc2c(n1C(C)C)C(c1ccc(C#N)cc1)N(c1cc(Cl)ccc1C)C2=O,9.4,0.0,1
CHEMBL1907611,COc1nc(N)ncc1-c1cc2c(n1C(C)C)C(c1ccc(C#N)cc1)N(c1cc(Cl)cn(C)c1=O)C2=O,8.25,0.0,1
CHEMBL1907611,COc1nc(N)ncc1-c1cc2c(n1C(C)C)C(c1ccc(C#N)cc1)N(c1ccc(F)c(Cl)c1)C2=O,9.26,0.0,1
CHEMBL1907611,COc1nc(N)ncc1-c1cc2c(n1C(C)C)C(c1ccc(C#N)cc1)N(c1cccc(Cl)c1F)C2=O,9.46,0.0,1
CHEMBL1907611,COc1nc(N)ncc1-c1cc2c(n1C(C)C)C(c1ccc(Cl)cc1)N(C1CCC(=O)N(C)C1)C2=O,8.455,0.03535533905932788,2
CHEMBL1907611,COc1nc(N)ncc1-c1cc2c(n1C(C)C)C(c1ccc(Cl)cc1)N(C1CCOCC1)C2=O,8.18,0.15556349186103965,2
CHEMBL1907611,COc1nc(N)ncc1-c1cc2c(n1C(C)C)C(c1ccc(Cl)cc1)N([C@H]1CC[C@H](O)CC1)C2=O,7.875,0.03535533905932788,2
CHEMBL1907611,COc1nc(N)ncc1-c1cc2c(n1C(C)C)C(c1ccc(Cl)cc1)N([C@H]1CC[C@H](OC)CC1)C2=O,8.16,0.0,1
CHEMBL1907611,COc1nc(N)ncc1-c1cc2c(n1C(C)C)C(c1ccc(Cl)cc1)N(c1c(F)c(C)nn1C)C2=O,8.41,0.0,1
CHEMBL1907611,COc1nc(N)ncc1-c1cc2c(n1C(C)C)C(c1ccc(Cl)cc1)N(c1c[nH]c(=O)c(Cl)c1)C2=O,9.47,0.0,1
CHEMBL1907611,COc1nc(N)ncc1-c1cc2c(n1C(C)C)C(c1ccc(Cl)cc1)N(c1cc(C)nn1C)C2=O,8.43,0.0,1
CHEMBL1907611,COc1nc(N)ncc1-c1cc2c(n1C(C)C)C(c1ccc(Cl)cc1)N(c1cc(Cl)c(=O)n(C)c1)C2=O,9.34,0.0,1
CHEMBL1907611,COc1nc(N)ncc1-c1cc2c(n1C(C)C)C(c1ccc(Cl)cc1)N(c1cc(Cl)ccc1C#N)C2=O,8.84,0.0,1
CHEMBL1907611,COc1nc(N)ncc1-c1cc2c(n1C(C)C)C(c1ccc(Cl)cc1)N(c1cc(Cl)ccc1C)C2=O,9.58,0.0,1
CHEMBL1907611,COc1nc(N)ncc1-c1cc2c(n1C(C)C)C(c1ccc(Cl)cc1)N(c1cc(Cl)cn(C)c1=O)C2=O,9.2,0.0,1
CHEMBL1907611,COc1nc(N)ncc1-c1cc2c(n1C(C)C)C(c1ccc(Cl)cc1)N(c1cc(Cl)cnc1OC)C2=O,9.29,0.0,1
CHEMBL1907611,COc1nc(N)ncc1-c1cc2c(n1C(C)C)C(c1ccc(Cl)cc1C)N(c1cc(Cl)c(=O)n(C)c1)C2=O,9.23,0.0,1
CHEMBL1907611,COc1nc(N)ncc1-c1cc2c(n1C(C)C)[C@@H](c1ccc(C#N)cc1)N(c1ccc(F)c(Cl)c1)C2=O,6.94,0.0,1
CHEMBL1907611,COc1nc(N)ncc1-c1cc2c(n1C(C)C)[C@@H](c1ccc(C#N)cc1)N(c1cccc(Cl)c1F)C2=O,7.37,0.0,1
CHEMBL1907611,COc1nc(N)ncc1-c1cc2c(n1C(C)C)[C@H](c1ccc(C#N)cc1)N(c1ccc(F)c(Cl)c1)C2=O,9.16,0.0,1
CHEMBL1907611,COc1nc(N)ncc1-c1cc2c(n1C(C)C)[C@H](c1ccc(C#N)cc1)N(c1cccc(Cl)c1F)C2=O,9.48,0.0,1
CHEMBL1907611,COc1nc(N)ncc1-c1nc2c(n1C(C)C)C(c1ccc(Cl)cc1)N(c1cc(Cl)cn(C)c1=O)C(=O)N2,5.37,0.0,1
CHEMBL1907611,COc1ncc(-c2c(C#N)c3c(n2C(C)C)C(c2ccc(Cl)cc2)N(c2cc(Cl)c(=O)n(C)c2)C3=O)c(OC)n1,9.78,0.0,1
CHEMBL1907611,COc1ncc(-c2c(C(=O)O)c3c(n2C(C)C)C(c2ccc(Cl)cc2)N(c2cc(Cl)c(=O)n(C)c2)C3=O)c(OC)n1,9.85,0.0,1
CHEMBL1907611,COc1ncc(-c2cc3c(n2C(C)C)C(C)(c2ccc(Cl)cc2)N(c2cc(Cl)c(=O)n(C)c2)C3=O)c(OC)n1,9.68,0.0,1
CHEMBL1907611,COc1ncc(-c2cc3c(n2C(C)C)C(c2ccc(C#N)c(F)c2)N(c2cc(Cl)c(=O)n(C)c2)C3=O)c(OC)n1,9.6,0.0,1
CHEMBL1907611,COc1ncc(-c2cc3c(n2C(C)C)C(c2ccc(C#N)c(F)c2)N(c2cc(Cl)c[nH]c2=O)C3=O)c(OC)n1,9.43,0.0,1
CHEMBL1907611,COc1ncc(-c2cc3c(n2C(C)C)C(c2ccc(C#N)c(F)c2)N(c2cc(Cl)cn(C)c2=O)C3=O)c(OC)n1,9.16,0.0,1
CHEMBL1907611,COc1ncc(-c2cc3c(n2C(C)C)C(c2ccc(C#N)cc2)N(C2CCOCC2)C3=O)c(OC)n1,8.1,0.0,1
CHEMBL1907611,COc1ncc(-c2cc3c(n2C(C)C)C(c2ccc(C#N)cc2)N([C@H]2CC[C@H](O)CC2)C3=O)c(OC)n1,7.87,0.0,1
CHEMBL1907611,COc1ncc(-c2cc3c(n2C(C)C)C(c2ccc(C#N)cc2)N(c2c(F)c(C)nn2C)C3=O)c(OC)n1,8.78,0.0,1
CHEMBL1907611,COc1ncc(-c2cc3c(n2C(C)C)C(c2ccc(C#N)cc2)N(c2c[nH]c(=O)c(Cl)c2)C3=O)c(OC)n1,9.37,0.0,1
CHEMBL1907611,COc1ncc(-c2cc3c(n2C(C)C)C(c2ccc(C#N)cc2)N(c2cc(C)nn2C)C3=O)c(OC)n1,8.46,0.0,1
CHEMBL1907611,COc1ncc(-c2cc3c(n2C(C)C)C(c2ccc(C#N)cc2)N(c2cc(Cl)c(=O)n(C)c2)C3=O)c(OC)n1,9.38,0.0,1
CHEMBL1907611,COc1ncc(-c2cc3c(n2C(C)C)C(c2ccc(C#N)cc2)N(c2cc(Cl)c[nH]c2=O)C3=O)c(OC)n1,9.11,0.0,1
CHEMBL1907611,COc1ncc(-c2cc3c(n2C(C)C)C(c2ccc(C#N)cc2)N(c2cc(Cl)ccc2C)C3=O)c(OC)n1,9.78,0.0,1
CHEMBL1907611,COc1ncc(-c2cc3c(n2C(C)C)C(c2ccc(C#N)cc2)N(c2cc(Cl)cn(C)c2=O)C3=O)c(OC)n1,8.94,0.0,1
CHEMBL1907611,COc1ncc(-c2cc3c(n2C(C)C)C(c2ccc(C#N)cc2)N(c2ccc(F)c(Cl)c2)C3=O)c(OC)n1,9.32,0.0,1
CHEMBL1907611,COc1ncc(-c2cc3c(n2C(C)C)C(c2ccc(C#N)cc2)N(c2cccc(Cl)c2F)C3=O)c(OC)n1,9.61,0.0,1
CHEMBL1907611,COc1ncc(-c2cc3c(n2C(C)C)C(c2ccc(Cl)c(F)c2)N(c2cc(Cl)c(=O)n(C)c2)C3=O)c(OC)n1,9.89,0.0,1
CHEMBL1907611,COc1ncc(-c2cc3c(n2C(C)C)C(c2ccc(Cl)c(F)c2)N(c2cc(Cl)c[nH]c2=O)C3=O)c(OC)n1,9.7,0.0,1
CHEMBL1907611,COc1ncc(-c2cc3c(n2C(C)C)C(c2ccc(Cl)c(F)c2)N(c2cc(Cl)cn(C)c2=O)C3=O)c(OC)n1,9.4,0.0,1
CHEMBL1907611,COc1ncc(-c2cc3c(n2C(C)C)C(c2ccc(Cl)cc2)N(C2CCC(=O)N(C)C2)C3=O)c(OC)n1,8.8,0.0,1
CHEMBL1907611,COc1ncc(-c2cc3c(n2C(C)C)C(c2ccc(Cl)cc2)N(C2CCNCC2)C3=O)c(OC)n1,6.04,0.0,1
CHEMBL1907611,COc1ncc(-c2cc3c(n2C(C)C)C(c2ccc(Cl)cc2)N(C2CCOCC2)C3=O)c(OC)n1,8.79,0.0,1
CHEMBL1907611,COc1ncc(-c2cc3c(n2C(C)C)C(c2ccc(Cl)cc2)N(C2CN(C)C(=O)N(C)C2)C3=O)c(OC)n1,9.13,0.0,1
CHEMBL1907611,COc1ncc(-c2cc3c(n2C(C)C)C(c2ccc(Cl)cc2)N([C@H]2CC[C@H](O)CC2)C3=O)c(OC)n1,8.86,0.0,1
CHEMBL1907611,COc1ncc(-c2cc3c(n2C(C)C)C(c2ccc(Cl)cc2)N([C@H]2CC[C@H](OC)CC2)C3=O)c(OC)n1,8.77,0.0,1
CHEMBL1907611,COc1ncc(-c2cc3c(n2C(C)C)C(c2ccc(Cl)cc2)N(c2c[nH]c(=O)c(Cl)c2)C3=O)c(OC)n1,9.57,0.0,1
CHEMBL1907611,COc1ncc(-c2cc3c(n2C(C)C)C(c2ccc(Cl)cc2)N(c2cc(C)cn(C)c2=O)C3=O)c(OC)n1,8.94,0.0,1
CHEMBL1907611,COc1ncc(-c2cc3c(n2C(C)C)C(c2ccc(Cl)cc2)N(c2cc(C)nn2C)C3=O)c(OC)n1,9.06,0.0,1
CHEMBL1907611,COc1ncc(-c2cc3c(n2C(C)C)C(c2ccc(Cl)cc2)N(c2cc(Cl)c(=O)n(C)c2)C3=O)c(OC)n1,9.73,0.0,1
CHEMBL1907611,COc1ncc(-c2cc3c(n2C(C)C)C(c2ccc(Cl)cc2)N(c2cc(Cl)c(=O)n(C)c2F)C3=O)c(OC)n1,9.91,0.0,1
CHEMBL1907611,COc1ncc(-c2cc3c(n2C(C)C)C(c2ccc(Cl)cc2)N(c2cc(Cl)c[nH]c2=O)C3=O)c(OC)n1,9.71,0.0,1
CHEMBL1907611,COc1ncc(-c2cc3c(n2C(C)C)C(c2ccc(Cl)cc2)N(c2cc(Cl)ccc2C#N)C3=O)c(OC)n1,9.5,0.0,1
CHEMBL1907611,COc1ncc(-c2cc3c(n2C(C)C)C(c2ccc(Cl)cc2)N(c2cc(Cl)ccc2C)C3=O)c(OC)n1,10.17,0.0,1
CHEMBL1907611,COc1ncc(-c2cc3c(n2C(C)C)C(c2ccc(Cl)cc2)N(c2cc(Cl)cn(C)c2=O)C3=O)c(OC)n1,9.63,0.0,1
CHEMBL1907611,COc1ncc(-c2cc3c(n2C(C)C)C(c2ccc(Cl)cc2)N(c2ccc(F)c(Cl)c2)C3=O)c(OC)n1,9.57,0.0,1
CHEMBL1907611,COc1ncc(-c2cc3c(n2C(C)C)C(c2ccc(Cl)cc2)N(c2cn(C)c(=O)cc2C)C3=O)c(OC)n1,8.73,0.0,1
CHEMBL1907611,COc1ncc(-c2cc3c(n2C(C)C)C(c2ccc(Cl)cc2)N(c2cn(C)nc2C)C3=O)c(OC)n1,8.62,0.0,1
CHEMBL1907611,COc1ncc(-c2cc3c(n2C(C)C)C(c2ccc(Cl)cc2C)N(C2CCOCC2)C3=O)c(OC)n1,7.915,0.10606601717798238,2
CHEMBL1907611,COc1ncc(-c2cc3c(n2C(C)C)C(c2ccc(Cl)cc2C)N([C@H]2CC[C@H](O)CC2)C3=O)c(OC)n1,7.6,0.1131370849898477,2
CHEMBL1907611,COc1ncc(-c2cc3c(n2C(C)C)C(c2ccc(Cl)cc2C)N(c2cc(Cl)c(=O)n(C)c2)C3=O)c(OC)n1,9.67,0.0,1
CHEMBL1907611,COc1ncc(-c2cc3c(n2C(C)C)C(c2ccc(Cl)cn2)N(c2cc(Cl)ccc2C)C3=O)c(OC)n1,8.14,0.0,1
CHEMBL1907611,COc1ncc(-c2cc3c(n2C(C)C)C(c2ccc(Cl)cn2)N(c2cc(Cl)cn(C)c2=O)C3=O)c(OC)n1,7.85,0.0,1
CHEMBL1907611,COc1ncc(-c2cc3c(n2C(C)C)C(c2ccc(Cl)cn2)N(c2ccc(F)c(Cl)c2)C3=O)c(OC)n1,8.72,0.0,1
CHEMBL1907611,COc1ncc(-c2cc3c(n2C(C)C)[C@@H](c2ccc(C#N)c(F)c2)N(c2cc(Cl)c(=O)n(C)c2)C3=O)c(OC)n1,6.9,0.0,1
CHEMBL1907611,COc1ncc(-c2cc3c(n2C(C)C)[C@@H](c2ccc(C#N)cc2)N(c2cc(Cl)c(=O)n(C)c2)C3=O)c(OC)n1,6.84,0.0,1
CHEMBL1907611,COc1ncc(-c2cc3c(n2C(C)C)[C@@H](c2ccc(C#N)cc2)N(c2cc(Cl)cn(C)c2=O)C3=O)c(OC)n1,6.05,0.0,1
CHEMBL1907611,COc1ncc(-c2cc3c(n2C(C)C)[C@@H](c2ccc(Cl)cc2)N(c2cc(Cl)c(=O)n(C)c2)C3=O)c(OC)n1,7.33,0.31112698372208053,2
CHEMBL1907611,COc1ncc(-c2cc3c(n2C(C)C)[C@@H](c2ccc(Cl)cc2)N(c2cc(Cl)ccc2C)C3=O)c(OC)n1,7.53,0.0,1
CHEMBL1907611,COc1ncc(-c2cc3c(n2C(C)C)[C@@H](c2ccc(Cl)cc2C)N(c2cc(Cl)c(=O)n(C)c2)C3=O)c(OC)n1,6.51,0.0,1
CHEMBL1907611,COc1ncc(-c2cc3c(n2C(C)C)[C@@](C)(c2ccc(Cl)cc2)N(c2cc(Cl)c(=O)n(C)c2)C3=O)c(OC)n1,7.37,0.0,1
CHEMBL1907611,COc1ncc(-c2cc3c(n2C(C)C)[C@H](c2ccc(C#N)c(F)c2)N(c2cc(Cl)c(=O)n(C)c2)C3=O)c(OC)n1,9.97,0.0,1
CHEMBL1907611,COc1ncc(-c2cc3c(n2C(C)C)[C@H](c2ccc(C#N)cc2)N(c2cc(Cl)c(=O)n(C)c2)C3=O)c(OC)n1,9.97,0.0,1
CHEMBL1907611,COc1ncc(-c2cc3c(n2C(C)C)[C@H](c2ccc(C#N)cc2)N(c2cc(Cl)cn(C)c2=O)C3=O)c(OC)n1,9.28,0.0,1
CHEMBL1907611,COc1ncc(-c2cc3c(n2C(C)C)[C@H](c2ccc(Cl)cc2)N(c2cc(Cl)c(=O)n(C)c2)C3=O)c(OC)n1,9.75,0.46119410230400826,3
CHEMBL1907611,COc1ncc(-c2cc3c(n2C(C)C)[C@H](c2ccc(Cl)cc2)N(c2cc(Cl)ccc2C)C3=O)c(OC)n1,10.19,0.0,1
CHEMBL1907611,COc1ncc(-c2cc3c(n2C(C)C)[C@H](c2ccc(Cl)cc2C)N(c2cc(Cl)c(=O)n(C)c2)C3=O)c(OC)n1,9.84,0.0,1
CHEMBL1907611,COc1ncc(-c2cc3c(n2C(C)C)[C@](C)(c2ccc(Cl)cc2)N(c2cc(Cl)c(=O)n(C)c2)C3=O)c(OC)n1,7.31,0.0,1
CHEMBL1907611,COc1ncc(-c2cc3c(n2C2CC2)C(c2ccc(Cl)cc2)N(c2cc(C)c(=O)n(C)c2)C3=O)c(OC)n1,7.48,0.0,1
CHEMBL1907611,COc1ncc(-c2cc3c(n2C2CC2)C(c2ccc(Cl)cc2)N(c2cc(C)c(=O)n(C)c2)C3=O)cn1,5.41,0.0,1
CHEMBL1907611,COc1ncc(-c2nc3c(n2C(C)C)C(c2ccc(Cl)c(F)c2)N(c2cc(Cl)c(=O)n(C)c2)C(=O)N3)c(OC)n1,6.03,0.0,1
CHEMBL1907611,COc1ncc(-c2nc3c(n2C(C)C)C(c2ccc(Cl)c(F)c2)N(c2cc(Cl)c[nH]c2=O)C(=O)N3)c(OC)n1,6.45,0.0,1
CHEMBL1907611,COc1ncc(-c2nc3c(n2C(C)C)C(c2ccc(Cl)c(F)c2)N(c2cc(Cl)cn(C)c2=O)C(=O)N3)c(OC)n1,5.78,0.0,1
CHEMBL1907611,COc1ncc(-c2nc3c(n2C(C)C)C(c2ccc(Cl)c(F)c2)N(c2ccc(F)c(Cl)c2)C(=O)N3)c(OC)n1,6.35,0.0,1
CHEMBL1907611,COc1ncc(-c2nc3c(n2C(C)C)C(c2ccc(Cl)cc2)N(c2cc(Cl)cn(C)c2=O)C(=O)N3)c(OC)n1,5.54,0.0,1
CHEMBL1907611,COc1ncc(-c2nc3c(n2C(C)C)C(c2ccc(Cl)cc2C)N(c2cc(Cl)c(=O)n(C)c2)C(=O)N3)c(OC)n1,5.51,0.0,1
CHEMBL1907611,COc1ncc(-c2nc3c(n2C(C)C)[C@H](c2ccc(Cl)cc2)N([C@@H](C)c2cccc(Cl)c2)C3=O)c(OC)n1,8.05,0.0,1
CHEMBL1907611,COc1ncc(CC#N)cc1-c1cc2c(n1C(C)C)C(c1ccc(C#N)cc1)N(c1cccc(Cl)c1F)C2=O,8.79,0.0,1
CHEMBL1907611,COc1ncccc1-c1cc2c(n1C(C)C)C(c1ccc(Cl)cc1)N(c1cc(Cl)ccc1C)C2=O,9.31,0.0,1
CHEMBL1907611,COc1ncccc1-c1cc2c(n1C(C)C)C(c1ccc(Cl)cc1C)N(c1cccc(Cl)c1F)C2=O,8.77,0.0,1
CHEMBL1907611,COc1ncncc1-c1cc2c(n1C(C)C)C(c1ccc(C#N)cc1)N(c1cc(Cl)c(=O)n(C)c1)C2=O,8.53,0.0,1
CHEMBL1907611,COc1ncncc1-c1cc2c(n1C(C)C)C(c1ccc(Cl)cc1)N(c1cc(Cl)ccc1C)C2=O,9.51,0.0,1
CHEMBL1907611,CS(=O)(=O)CN1C2=C(C(c3ccc(Br)cc3)Oc3ccccc32)C(c2ccc(Br)cc2)n2ncnc21,6.29,0.0,1
CHEMBL1907611,CS(=O)(=O)NC(=O)C[C@@H]1CC(c2cccc(Cl)c2)[C@@H](c2ccc(Cl)cc2)N(CC2CC2)C1=O,6.16,0.0,1
CHEMBL1907611,CS(=O)(=O)c1cc(Cl)ccc1CN1C(=O)c2cc([C@H](O)C3CCOCC3)cc(F)c2[C@]1(OCC1(CO)CC1)c1ccc(Cl)cc1,9.0,0.0,1
CHEMBL1907611,CS(=O)(=O)c1ccc2c3n(nc2c1)[C@@H]1[C@H](CO3)N(CC2CC2)[C@@]2(C(=O)Nc3cc(Cl)ccc32)[C@H]1c1cccc(Cl)c1F,7.175,0.16263455967290624,2
CHEMBL1907611,CS(=O)(=O)c1ccc2c3n(nc2c1)[C@H]1[C@@H](CO3)N(CC2CC2)[C@]2(C(=O)Nc3cc(Cl)ccc32)[C@@H]1c1cccc(Cl)c1F,6.58,0.0,1
CHEMBL1907611,CSC[C@@H]1N[C@@]2(C(=O)Nc3cc(Cl)ccc32)[C@@H](c2cccc(Cl)c2)[C@@H]1[N+](=O)[O-],4.61,0.0,1
CHEMBL1907611,CSc1cc(Cl)ccc1CN1C(=O)c2cc(C(C)(C)O)cc(F)c2[C@]1(OCC1(CO)CC1)c1ccc(Cl)cc1,7.85,0.0,1
CHEMBL1907611,C[C@@H](Nc1nc(-c2n[nH]c(=O)n2C)nc2nc(N3CCOC[C@H]3c3ccccc3)n(C[C@H]3CC[C@H](C)CC3)c12)C1CCC1,7.82,0.0,1
CHEMBL1907611,C[C@@H](Nc1nc(-c2n[nH]c(=O)o2)nc2nc(N3CCOC[C@H]3c3ccccc3)n(C[C@H]3CC[C@H](C)CC3)c12)C1CCC1,8.7,0.0,1
CHEMBL1907611,C[C@@H](Nc1nc(-c2nc(=O)n(C)[nH]2)nc2nc(N3CCOC[C@H]3c3ccccc3)n(C[C@H]3CC[C@H](C)CC3)c12)C1CCC1,8.82,0.0,1
CHEMBL1907611,C[C@@H](Nc1nc(-c2nnc[nH]2)nc2nc(N3CCOC[C@H]3c3ccccc3)n(C[C@H]3CC[C@H](C)CC3)c12)C1CCC1,7.96,0.0,1
CHEMBL1907611,C[C@@H](Nc1nc(-c2noc(=O)[nH]2)nc2nc(N3CCOC[C@H]3c3ccccc3)n(C[C@H]3CC[C@H](C)CC3)c12)C1CCC1,9.2,0.0,1
CHEMBL1907611,C[C@@H](Nc1nc(C(=O)O)nc2nc(-c3ccc4sccc4c3)n(Cc3ccc(Cl)cc3)c12)C1CC1,6.58,0.0,1
CHEMBL1907611,C[C@@H](Nc1nc(C(=O)O)nc2nc(N3CCOC[C@@H]3c3ccccc3)n(Cc3ccc(C(F)(F)F)cc3)c12)C1CCC1,6.92,0.0,1
CHEMBL1907611,C[C@@H](Nc1nc(C(=O)O)nc2nc(N3CCOC[C@H]3c3ccccc3)n(C[C@H]3CC[C@H](C)CC3)c12)C1CCC1,9.7,0.0,1
CHEMBL1907611,C[C@@H](Nc1nc(C(=O)O)nc2nc(N3CCOC[C@H]3c3ccccc3)n(Cc3ccc(C(F)(F)F)cc3)c12)C1CCC1,8.74,0.0,1
CHEMBL1907611,C[C@@H](Nc1nc(C(=O)O)nc2nc(NC3CCCCC3)n(Cc3ccc(C(F)(F)F)cc3)c12)C1CCC1,8.12,0.0,1
CHEMBL1907611,C[C@@H](Nc1nc(C(=O)O)nc2nc(N[C@@H](CO)c3ccccc3)n(Cc3ccc(C(F)(F)F)cc3)c12)C1CCC1,8.82,0.0,1
CHEMBL1907611,C[C@@H](Nc1nc(CO)nc2nc(N3CCOC[C@H]3c3ccccc3)n(C[C@H]3CC[C@H](C)CC3)c12)C1CCC1,7.1,0.0,1
CHEMBL1907611,C[C@@H](O)[C@H](C1CC1)N1C(=O)[C@@](C)(CC(=O)O)C[C@H](c2cccc(Cl)c2)[C@H]1c1ccc(Cl)cc1,9.0,0.0,1
CHEMBL1907611,C[C@@H](c1ccc(Cl)cc1)N1C(=O)c2cc(C(C)(C)O)ccc2[C@]1(OC1COC[C@@H]1O)c1ccc(Cl)cc1,4.97,0.0,1
CHEMBL1907611,C[C@@H](c1ccc(Cl)cc1)N1C(=O)c2cc(C(C)(C)O)ccc2[C@]1(OC1COC[C@H]1O)c1ccc(Cl)cc1,6.64,0.0,1
CHEMBL1907611,C[C@@H](c1ccc(Cl)cc1)N1C(=O)c2cc(C(C)(C)O)ccc2[C@]1(OCC(C)(O)CO)c1ccc(Cl)cc1,6.92,0.0,1
CHEMBL1907611,C[C@@H](c1ccc(Cl)cc1)N1C(=O)c2cc(C(C)(C)O)ccc2[C@]1(OCC1(CO)CC1)c1ccc(Cl)cc1,8.18,0.0,1
CHEMBL1907611,C[C@@H](c1ccc(Cl)cc1)N1C(=O)c2cc(C(C)(O)CO)ccc2[C@]1(OCC1(CO)CC1)c1ccc(Cl)cc1,7.72,0.0,1
CHEMBL1907611,C[C@@H]1COC[C@@H](C)N1c1nc2cc(-c3noc(=O)[nH]3)nc(-c3cncc(Cl)c3)c2n1C[C@H]1CC[C@H](C)CC1,8.74,0.0,1
CHEMBL1907611,C[C@@H]1N[C@@]2(C(=O)Nc3cc(Cl)ccc32)[C@@H](c2cccc(Cl)c2)[C@@H]1N,4.13,0.0,1
CHEMBL1907611,C[C@@H]1N[C@@]2(C(=O)Nc3cc(Cl)ccc32)[C@@H](c2cccc(Cl)c2)[C@@H]1[N+](=O)[O-],4.4,0.0,1
CHEMBL1907611,C[C@@H]1Oc2c3ccc(C(=O)O)cc3nn2[C@@H]2[C@H]1N(CC1CC1)[C@@]1(C(=O)Nc3cc(Cl)ccc31)[C@H]2c1cccc(Cl)c1F,8.0,0.0,1
CHEMBL1907611,C[C@@H]1Oc2c3ccc(C(=O)O)cc3nn2[C@H]2[C@@H]1N(CC1CC1)[C@]1(C(=O)Nc3cc(Cl)ccc31)[C@@H]2c1cccc(Cl)c1F,7.0,0.0,1
CHEMBL1907611,C[C@@](O)(CO)c1cc(F)c2c(c1)C(=O)N(Cc1ccc(Cl)cc1S(C)(=O)=O)[C@@]2(OCC1(CO)CC1)c1ccc(Cl)cc1,8.74,0.0,1
CHEMBL1907611,C[C@@](O)(CO)c1ccc2c(c1)C(=O)N(Cc1ccc(Cl)cc1)[C@@]2(OCC1(CO)CC1)c1ccc(Cl)cc1,7.96,0.0,1
CHEMBL1907611,C[C@@](O)(c1cc(F)c2c(c1)C(=O)N(Cc1ccc(Cl)cc1S(C)(=O)=O)[C@@]2(OCC1(C(N)=O)CC1)c1ccc(Cl)cc1)C1CCOCC1,4.25,0.0,1
CHEMBL1907611,C[C@@]1(CC(=O)O)C[C@H](c2cccc(Cl)c2)C(c2ccc(Cl)cc2)N(C(C2CC2)C2CC2)C1=O,6.41,0.0,1
CHEMBL1907611,C[C@H](O)[C@H](C1CC1)N1C(=O)[C@@](C)(CC(=O)O)C[C@H](c2cccc(Cl)c2)[C@H]1c1ccc(Cl)cc1,7.8999999999999995,1.1313708498984758,2
CHEMBL1907611,C[C@H](c1ccc(Cl)cc1)N1C(=O)c2cc(I)ccc2N(CCCCC(=O)O)C(=O)[C@H]1c1ccc(Cl)cc1,8.0,0.0,1
CHEMBL1907611,C[C@H]1CC(N2[C@H]3COc4c5ccc(C(=O)O)cc5nn4[C@H]3[C@H](c3cccc(Cl)c3F)[C@]23C(=O)Nc2cc(Cl)ccc23)C[C@@H]1C,7.12,0.0,1
CHEMBL1907611,C[C@H]1CC[C@H](Cn2c(N3CCC[C@H]3C(F)(F)F)nc3cc(-c4noc(=O)[nH]4)nc(-c4cncc(Cl)c4)c32)CC1,9.12,0.0,1
CHEMBL1907611,C[C@H]1CC[C@H](Cn2c(N3CCC[C@H]3CF)nc3cc(-c4noc(=O)[nH]4)nc(-c4cncc(Cl)c4)c32)CC1,8.89,0.0,1
CHEMBL1907611,C[C@H]1CC[C@H](Cn2c(N3CCOC[C@H]3c3ccccc3)nc3cc(-c4noc(=O)[nH]4)nc(-c4cncc(Cl)c4)c32)CC1,9.21,0.0,1
CHEMBL1907611,C[C@H]1CC[C@H](Cn2c(N3CCOC[C@H]3c3ccccc3)nc3nc(-c4noc(=O)[nH]4)nc(-c4cccc(Cl)c4)c32)CC1,8.89,0.0,1
CHEMBL1907611,C[C@H]1CC[C@H](Cn2c(N3CCOC[C@H]3c3ccccc3)nc3nc(-c4noc(=O)[nH]4)nc(-c4ccccc4)c32)CC1,8.0,0.0,1
CHEMBL1907611,C[C@H]1CC[C@H](Cn2c(N3CCOC[C@H]3c3ccccc3)nc3nc(-c4noc(=O)[nH]4)nc(-c4cncc(Cl)c4)c32)CC1,9.28,0.0,1
CHEMBL1907611,C[C@H]1CC[C@H](Cn2c(N3CCO[C@@H]4CCC[C@H]43)nc3cc(-c4noc(=O)[nH]4)nc(-c4cncc(Cl)c4)c32)CC1,9.19,0.0,1
CHEMBL1907611,C[C@H]1Oc2c3ccc(C(=O)O)cc3nn2[C@@H]2[C@H]1N(CC1CC1)[C@@]1(C(=O)Nc3cc(Cl)ccc31)[C@H]2c1cccc(Cl)c1F,7.29,0.0,1
CHEMBL1907611,C[C@H]1Oc2c3ccc(C(=O)O)cc3nn2[C@H]2[C@@H]1N(CC1CC1)[C@]1(C(=O)Nc3cc(Cl)ccc31)[C@@H]2c1cccc(Cl)c1F,6.28,0.0,1
CHEMBL1907611,C[C@H]1[C@@H](N)[C@H](c2cccc(Cl)c2)[C@]2(C(=O)Nc3cc(Cl)ccc32)N1CC1CC1,6.25,0.0,1
CHEMBL1907611,C[C@H]1[C@@H](N)[C@H](c2cccc(Cl)c2F)[C@]2(C(=O)Nc3cc(Cl)ccc32)N1CC1CC1,6.8,0.0,1
CHEMBL1907611,C[C@H]1[C@@H](NCC(=O)O)[C@H](c2cccc(Cl)c2F)[C@]2(C(=O)Nc3cc(Cl)ccc32)N1CC1CC1,7.21,0.0,1
CHEMBL1907611,C[C@H]1[C@@H](NCc2ccc(C(=O)O)cc2)[C@H](c2cccc(Cl)c2F)[C@]2(C(=O)Nc3cc(Cl)ccc32)N1CC1CC1,6.97,0.0,1
CHEMBL1907611,C[C@](O)(C(=O)N1CCCC1)c1ccc2c(c1)C(=O)N(Cc1ccc(Cl)cc1)[C@@]2(OCC1(CO)CC1)c1ccc(Cl)cc1,6.82,0.0,1
CHEMBL1907611,C[C@](O)(CN1CCNCC1)c1cc(F)c2c(c1)C(=O)N(Cc1ccc(Cl)cc1S(C)(=O)=O)[C@@]2(OCC1(CO)CC1)c1ccc(Cl)cc1,8.24,0.0,1
CHEMBL1907611,C[C@](O)(CO)c1cc(F)c2c(c1)C(=O)N(Cc1ccc(Cl)cc1S(C)(=O)=O)[C@@]2(OCC1(CO)CC1)c1ccc(Cl)cc1,8.52,0.0,1
CHEMBL1907611,C[C@](O)(CO)c1ccc2c(c1)C(=O)N(Cc1ccc(Cl)cc1)[C@@]2(OCC1(CO)CC1)c1ccc(Cl)cc1,8.33,0.0,1
CHEMBL1907611,C[C@](O)(c1cc(F)c2c(c1)C(=O)N(Cc1ccc(Cl)cc1S(C)(=O)=O)[C@@]2(OCC1(C(N)=O)CC1)c1ccc(Cl)cc1)C1CCOCC1,9.31,0.0,1
CHEMBL1907611,C[C@](O)(c1cc(F)c2c(c1)C(=O)N(Cc1ccc(Cl)cc1S(C)(=O)=O)[C@@]2(OCC1(CO)CC1)c1ccc(Cl)cc1)C1CCOCC1,8.8,0.0,1
CHEMBL1907611,C[C@](O)(c1cccc(F)c1)c1cn(C2O[C@H](CO)[C@@H](O)[C@H](O)[C@H]2O)nn1,10.89,0.0,1
CHEMBL1907611,C[C@](O)(c1cccc(F)c1)c1cn(CSc2ccccc2)nn1,8.89,0.0,1
CHEMBL1907611,C[C@]1(C2(C(=O)O)CC2)C[C@H](c2cccc(Cl)c2)[C@@H](c2ccc(Cl)cc2)N([C@H](CNS(=O)(=O)C2CC2)C2CC2)C1=O,8.26,0.0,1
CHEMBL1907611,C[C@]1(CC(=O)O)C[C@H](c2cccc(Cl)c2)C(c2ccc(Cl)cc2)N([C@H](CN(c2ccccn2)S(C)(=O)=O)C2CC2)C1=O,7.87,0.0,1
CHEMBL1907611,C[C@]1(CC(=O)O)C[C@H](c2cccc(Cl)c2)C(c2ccc(Cl)cc2)N([C@H](CNS(=O)(=O)Cc2ccccc2)C2CC2)C1=O,9.1,0.0,1
CHEMBL1907611,C[C@]1(CC(=O)O)C[C@H](c2cccc(Cl)c2)C(c2ccc(Cl)cc2)N([C@H](CNS(=O)(=O)Cc2ccccn2)C2CC2)C1=O,9.22,0.0,1
CHEMBL1907611,C[C@]1(CC(=O)O)C[C@H](c2cccc(Cl)c2)C(c2ccc(Cl)cc2)N([C@H](CNS(=O)(=O)Cc2cccnc2)C2CC2)C1=O,9.52,0.0,1
CHEMBL1907611,C[C@]1(CC(=O)O)C[C@H](c2cccc(Cl)c2)C(c2ccc(Cl)cc2)N([C@H](CNS(C)(=O)=O)C2CC2)C1=O,9.52,0.0,1
CHEMBL1907611,C[C@]1(CC(=O)O)C[C@H](c2cccc(Cl)c2)C(c2ccc(Cl)cc2)N([C@H](CO)C2CC2)C1=O,8.5,0.7071067811865476,2
CHEMBL1907611,C[C@]1(CC(=O)O)C[C@H](c2cccc(Cl)c2)[C@@H](c2ccc(Cl)cc2)N(C(C2CC2)C2CC2)C1=O,9.0,0.0,1
CHEMBL1907611,C[C@]1(CC(=O)O)C[C@H](c2cccc(Cl)c2)[C@@H](c2ccc(Cl)cc2)N(C2CCC2)C1=O,7.16,0.0,1
CHEMBL1907611,C[C@]1(CC(=O)O)C[C@H](c2cccc(Cl)c2)[C@@H](c2ccc(Cl)cc2)N(C2CCCC2)C1=O,7.91,0.5515432893255079,2
CHEMBL1907611,C[C@]1(CC(=O)O)C[C@H](c2cccc(Cl)c2)[C@@H](c2ccc(Cl)cc2)N(C2CCCOC2)C1=O,6.68,0.0,1
CHEMBL1907611,C[C@]1(CC(=O)O)C[C@H](c2cccc(Cl)c2)[C@@H](c2ccc(Cl)cc2)N(C2CC[C@@H](O)C2)C1=O,6.72,0.0,1
CHEMBL1907611,C[C@]1(CC(=O)O)C[C@H](c2cccc(Cl)c2)[C@@H](c2ccc(Cl)cc2)N(CC2CC2)C1=O,7.22,0.0,1
CHEMBL1907611,C[C@]1(CC(=O)O)C[C@H](c2cccc(Cl)c2)[C@@H](c2ccc(Cl)cc2)N([C@@H](CC(F)(F)F)c2ccccn2)C1=O,7.52,0.0,1
CHEMBL1907611,C[C@]1(CC(=O)O)C[C@H](c2cccc(Cl)c2)[C@@H](c2ccc(Cl)cc2)N([C@@H](CC(F)F)c2ccccn2)C1=O,7.4,0.0,1
CHEMBL1907611,C[C@]1(CC(=O)O)C[C@H](c2cccc(Cl)c2)[C@@H](c2ccc(Cl)cc2)N([C@@H](CC2CC2)c2ccccn2)C1=O,7.1,0.0,1
CHEMBL1907611,C[C@]1(CC(=O)O)C[C@H](c2cccc(Cl)c2)[C@@H](c2ccc(Cl)cc2)N([C@@H](c2ccccn2)C2CC2)C1=O,8.11,0.5798275605729689,2
CHEMBL1907611,C[C@]1(CC(=O)O)C[C@H](c2cccc(Cl)c2)[C@@H](c2ccc(Cl)cc2)N([C@@H]2CC[C@H](O)[C@@H]2O)C1=O,6.55,0.0,1
CHEMBL1907611,C[C@]1(CC(=O)O)C[C@H](c2cccc(Cl)c2)[C@@H](c2ccc(Cl)cc2)N([C@H](CN(C(F)F)S(=O)(=O)C2CC2)C2CC2)C1=O,10.0,0.0,1
CHEMBL1907611,C[C@]1(CC(=O)O)C[C@H](c2cccc(Cl)c2)[C@@H](c2ccc(Cl)cc2)N([C@H](CN(Cc2cccs2)S(C)(=O)=O)C2CC2)C1=O,9.15,0.0,1
CHEMBL1907611,C[C@]1(CC(=O)O)C[C@H](c2cccc(Cl)c2)[C@@H](c2ccc(Cl)cc2)N([C@H](CN(c2ccccc2)S(=O)(=O)C2CC2)C2CC2)C1=O,9.7,0.0,1
CHEMBL1907611,C[C@]1(CC(=O)O)C[C@H](c2cccc(Cl)c2)[C@@H](c2ccc(Cl)cc2)N([C@H](CN(c2ccccc2)S(C)(=O)=O)C2CC2)C1=O,9.22,0.0,1
CHEMBL1907611,C[C@]1(CC(=O)O)C[C@H](c2cccc(Cl)c2)[C@@H](c2ccc(Cl)cc2)N([C@H](CN(c2ccccc2F)S(C)(=O)=O)C2CC2)C1=O,9.7,0.0,1
CHEMBL1907611,C[C@]1(CC(=O)O)C[C@H](c2cccc(Cl)c2)[C@@H](c2ccc(Cl)cc2)N([C@H](CN(c2cccnc2)S(C)(=O)=O)C2CC2)C1=O,9.7,0.0,1
CHEMBL1907611,C[C@]1(CC(=O)O)C[C@H](c2cccc(Cl)c2)[C@@H](c2ccc(Cl)cc2)N([C@H](CNS(=O)(=O)c2ccc(Cl)s2)C2CC2)C1=O,9.3,0.0,1
CHEMBL1907611,C[C@]1(CC(=O)O)C[C@H](c2cccc(Cl)c2)[C@@H](c2ccc(Cl)cc2)N([C@H](CNS(=O)(=O)c2cccs2)C2CC2)C1=O,9.7,0.0,1
CHEMBL1907611,C[C@]1(CC(=O)O)C[C@H](c2cccc(Cl)c2)[C@@H](c2ccc(Cl)cc2)N([C@H](CS(=O)(=O)C(F)(F)F)C2CC2)C1=O,9.52,0.0,1
CHEMBL1907611,C[C@]1(CC(=O)O)C[C@H](c2cccc(Cl)c2)[C@@H](c2ccc(Cl)cc2)N([C@H](CS(=O)(=O)C2CC2)C2CC2)C1=O,10.0,0.0,1
CHEMBL1907611,C[C@]1(CC(=O)O)C[C@H](c2cccc(Cl)c2)[C@@H](c2ccc(Cl)cc2)N([C@H](CS(=O)(=O)C2CCC2)C2CC2)C1=O,9.7,0.0,1
CHEMBL1907611,C[C@]1(CC(=O)O)C[C@H](c2cccc(Cl)c2)[C@@H](c2ccc(Cl)cc2)N([C@H](CS(=O)(=O)C2CCCC2)C2CC2)C1=O,9.7,0.0,1
CHEMBL1907611,C[C@]1(CC(=O)O)C[C@H](c2cccc(Cl)c2)[C@@H](c2ccc(Cl)cc2)N([C@H](CS(=O)(=O)CC(F)(F)F)C2CC2)C1=O,9.7,0.0,1
CHEMBL1907611,C[C@]1(CC(=O)O)C[C@H](c2cccc(Cl)c2)[C@@H](c2ccc(Cl)cc2)N([C@H](CS(=O)(=O)CC2CC2)C2CC2)C1=O,10.0,0.0,1
CHEMBL1907611,C[C@]1(CC(=O)O)C[C@H](c2cccc(Cl)c2)[C@@H](c2ccc(Cl)cc2)N([C@H](CS(=O)(=O)N2CCC2)C2CC2)C1=O,9.7,0.0,1
CHEMBL1907611,C[C@]1(CC(=O)O)C[C@H](c2cccc(Cl)c2)[C@@H](c2ccc(Cl)cc2)N([C@H](CS(=O)(=O)N2CCCC2)C2CC2)C1=O,10.0,0.0,1
CHEMBL1907611,C[C@]1(CC(=O)O)C[C@H](c2cccc(Cl)c2)[C@@H](c2ccc(Cl)cc2)N([C@H](CS(=O)(=O)N2CCCCC2)C2CC2)C1=O,9.22,0.0,1
CHEMBL1907611,C[C@]1(CC(=O)O)C[C@H](c2cccc(Cl)c2)[C@@H](c2ccc(Cl)cc2)N([C@H](CS(=O)(=O)N2CCOCC2)C2CC2)C1=O,10.0,0.0,1
CHEMBL1907611,C[C@]1(CC(=O)O)C[C@H](c2cccc(Cl)c2)[C@@H](c2ccc(Cl)cc2)N([C@H](CS(=O)(=O)c2ccc(Cl)cc2)C2CC2)C1=O,8.54,0.0,1
CHEMBL1907611,C[C@]1(CC(=O)O)C[C@H](c2cccc(Cl)c2)[C@@H](c2ccc(Cl)cc2)N([C@H](CS(=O)(=O)c2ccc(F)cc2)C2CC2)C1=O,8.62,0.0,1
CHEMBL1907611,C[C@]1(CC(=O)O)C[C@H](c2cccc(Cl)c2)[C@@H](c2ccc(Cl)cc2)N([C@H](CS(=O)(=O)c2ccc(F)cc2Cl)C2CC2)C1=O,8.89,0.0,1
CHEMBL1907611,C[C@]1(CC(=O)O)C[C@H](c2cccc(Cl)c2)[C@@H](c2ccc(Cl)cc2)N([C@H](CS(=O)(=O)c2ccc(F)cc2F)C2CC2)C1=O,9.05,0.0,1
CHEMBL1907611,C[C@]1(CC(=O)O)C[C@H](c2cccc(Cl)c2)[C@@H](c2ccc(Cl)cc2)N([C@H](CS(=O)(=O)c2ccccc2)C2CC2)C1=O,8.85,0.0,1
CHEMBL1907611,C[C@]1(CC(=O)O)C[C@H](c2cccc(Cl)c2)[C@@H](c2ccc(Cl)cc2)N([C@H](CS(=O)(=O)c2ccccc2Cl)C2CC2)C1=O,8.92,0.0,1
CHEMBL1907611,C[C@]1(CC(=O)O)C[C@H](c2cccc(Cl)c2)[C@@H](c2ccc(Cl)cc2)N([C@H](CS(=O)(=O)c2ccncc2)C2CC2)C1=O,9.3,0.0,1
CHEMBL1907611,C[C@]1(CC(=O)O)C[C@H](c2cccc(Cl)c2)[C@@H](c2ccc(Cl)cc2)N([C@H](CS(C)(=O)=O)C2CC2)C1=O,10.0,0.0,1
CHEMBL1907611,C[C@]1(CC(=O)O)C[C@H](c2cccc(Cl)c2)[C@@H](c2ccc(Cl)cc2)N([C@H](Cn2c(=O)[nH]c3ccccc32)C2CC2)C1=O,8.85,0.0,1
CHEMBL1907611,C[C@]1(CC(=O)O)C[C@H](c2cccc(Cl)c2)[C@@H](c2ccc(Cl)cc2)N([C@H]2CCCN(CC(F)(F)F)C2)C1=O,6.68,1.0182337649086284,2
CHEMBL1907611,C[C@]1(CC(=O)O)C[C@H](c2cccc(Cl)c2)[C@@H](c2ccc(Cl)cc2)N([C@H]2CC[C@@H](O)[C@H]2O)C1=O,7.3,0.0,1
CHEMBL1907611,C[C@]1(CC(=O)O)C[C@H](c2cccc(Cl)c2)[C@@H](c2ccc(Cl)cc2)N(c2ccnc(Cl)n2)C1=O,6.21,0.0,1
CHEMBL1907611,C[C@]1(CC(=O)O)C[C@H](c2cccc(Cl)c2)[C@@H](c2ccc(Cl)cc2)N(c2ccncn2)C1=O,6.47,0.0,1
CHEMBL1907611,C[C@]1(CC(=O)O)C[C@H](c2cccc(Cl)c2)[C@@H](c2ccc(Cl)cc2)N(c2cnccn2)C1=O,6.96,0.0,1
CHEMBL1907611,C[C@]1(CC(=O)O)C[C@H](c2cccc(Cl)c2)[C@@H](c2ccc(Cl)cc2)N(c2ncccn2)C1=O,6.64,0.0,1
CHEMBL1907611,Cc1c(C(=O)N2CCCCC2)ccn2c3c(nc12)[C@@H]1[C@H](CC3)N(CC2CC2)[C@@]2(C(=O)Nc3cc(Cl)ccc32)[C@H]1c1ccnc(Cl)c1F,8.0,0.0,1
CHEMBL1907611,Cc1c(C(=O)O)ccc2nn3c(c12)OC[C@@H]1[C@H]3[C@@H](c2cccc(Cl)c2F)[C@@]2(C(=O)Nc3cc(Cl)ccc32)N1CC1CC1,6.21,0.0,1
CHEMBL1907611,Cc1c(C(=O)O)ccc2nn3c(c12)OC[C@H]1[C@@H]3[C@H](c2cccc(Cl)c2F)[C@]2(C(=O)Nc3cc(Cl)ccc32)N1CC1CC1,8.055,0.13435028842544464,2
CHEMBL1907611,Cc1c(Cl)ccc2c(/C=C3/NC(=O)N(C(C(=O)NC(CO)CO)c4ccc(F)c(F)c4)C3=O)c[nH]c12,7.77,0.0,1
CHEMBL1907611,Cc1c(Cl)ccc2c(/C=C3\NC(=O)N(C(C(=O)NC(CO)CO)c4ccc(F)c(F)c4)C3=O)c[nH]c12,7.76,0.0,1
CHEMBL1907611,Cc1cc(CC(=O)Nc2ccccc2N2CCN(C(=O)C3(Oc4ccc(C(F)(F)F)cc4)CCCN(C(=O)c4cnccc4C(F)(F)F)C3)CC2)on1,6.2,0.0,1
CHEMBL1907611,Cc1cc(C[C@@H]2C[C@H](c3cccc(Cl)c3)[C@@H](c3ccc(Cl)cc3)N(CC3CC3)C2=O)no1,6.51,0.0,1
CHEMBL1907611,Cc1cc(Cl)ccc1C1c2c(C(C)C)n[nH]c2C(=O)N1c1cc(Cl)ccc1C,8.38,0.0,1
CHEMBL1907611,Cc1cc(N2C(=O)c3cc(-c4ccn(C)c(=O)c4)n(C4CC4)c3C2c2ccc(Cl)cc2)cn(C)c1=O,5.69,0.0,1
CHEMBL1907611,Cc1cc2c(cc1F)OC(c1ccc(Br)cc1)C1=C2N(C)c2ncnn2C1c1ccc(Br)cc1,6.32,0.0,1
CHEMBL1907611,Cc1cc2nn3c(c2cc1C(=O)O)OCC[C@H]1[C@@H]3[C@H](c2cccc(Cl)c2F)[C@]2(C(=O)Nc3cc(Cl)ccc32)N1CC1CC1,8.22,0.0,1
CHEMBL1907611,Cc1cc2nn3c(c2cc1C(=O)O)OC[C@H]1[C@@H]3[C@H](c2cccc(Cl)c2F)[C@]2(C(=O)Nc3cc(Cl)ccc32)N1CC1CC1,7.82,0.0,1
CHEMBL1907611,Cc1ccc(C2C3=C(c4ccccc4OC3c3ccc(Br)cc3)N(C)c3ncnn32)cc1,5.32,0.0,1
CHEMBL1907611,Cc1ccc(C2Oc3ccccc3C3=C2C(c2ccc(Br)cc2)n2ncnc2N3C)cc1,5.33,0.0,1
CHEMBL1907611,Cc1ccc(CN2C(=O)c3ccccc3C2(O[C@H]2C=C[C@@H](O)C2)c2ccc(Cl)cc2)cc1,5.85,0.0,1
CHEMBL1907611,Cc1ccc(Cl)cc1N1C(=O)c2cc(-c3ccccc3O)n(C(C)C)c2C1c1ccc(Cl)cc1,9.51,0.0,1
CHEMBL1907611,Cc1ccc(F)cc1[C@@H]1NC(=O)C[C@H](c2cc(Cl)cnc2CC(C)(C)C(=O)O)[C@@]12C(=O)Nc1cc(Cl)ccc12,6.84,0.0,1
CHEMBL1907611,Cc1ccc(F)cc1[C@@H]1NC(=O)C[C@H](c2ccccc2OC(C)(C)C(=O)N2CCC(F)(F)CC2)[C@@]12C(=O)Nc1cc(Cl)ccc12,7.27,0.0,1
CHEMBL1907611,Cc1ccc(F)cc1[C@H]1NC(=O)C=C(c2cccc(Cl)c2)[C@]12C(=O)Nc1cc(Cl)ccc12,7.18,0.0,1
CHEMBL1907611,Cc1ccc(N2C(=O)c3[nH]nc(C)c3C2c2ccc(Cl)cc2)cc1,5.82,0.0,1
CHEMBL1907611,Cc1ccc(OC2(C(=O)N3CCN(c4ccccn4)CC3)CCCN(C(=O)c3cnccc3C(F)(F)F)C2)cc1,5.82,0.0,1
CHEMBL1907611,Cc1ccc([C@@H](C(=O)O)N2C(=O)c3cc(I)ccc3NC(=O)[C@@H]2c2ccc(Cl)cc2)cc1,5.8,0.0,1
CHEMBL1907611,Cc1ccc([C@H]2C(=O)Nc3ccc(I)cc3C(=O)N2[C@H](C(=O)O)c2ccccc2)cc1,4.88,0.0,1
CHEMBL1907611,Cc1ccc2c(c1)C(OCC1(CO)CC1)(c1ccc(Cl)cc1)N(Cc1ccc([N+](=O)[O-])cc1)C2=O,6.31,0.0,1
CHEMBL1907611,Cc1ccc2c(c1)C1=C(C(c3ccc(Br)cc3)O2)C(c2ccc(Br)cc2)n2ncnc2N1C,6.36,0.0,1
CHEMBL1907611,Cc1cccc(-c2nc3nc(C(=O)O)nc(NCC4CC4)c3n2CC2CCCCC2)c1,5.08,0.0,1
CHEMBL1907611,Cc1cccc([C@H]2N(CC(=O)O)C(=O)C[C@@H](c3cccc(Cl)c3)[C@]23C(=O)Nc2cc(Cl)ccc23)c1,6.43,0.0,1
CHEMBL1907611,Cc1cccc2c1C(OCC1(CO)CC1)(c1ccc(Cl)cc1)N(Cc1ccc([N+](=O)[O-])cc1)C2=O,6.56,0.0,1
CHEMBL1907611,Cc1ccccc1S(=O)(=O)C[C@H](C1CC1)N1C(=O)[C@@](C)(CC(=O)O)C[C@H](c2cccc(Cl)c2)[C@H]1c1ccc(Cl)cc1,8.54,0.0,1
CHEMBL1907611,Cc1cccnc1N1C(=O)[C@@](C)(CC(=O)O)C[C@H](c2cccc(Cl)c2)[C@H]1c1ccc(Cl)cc1,7.52,0.0,1
CHEMBL1907611,Cc1ccnc(N2C(=O)[C@@](C)(CC(=O)O)C[C@H](c3cccc(Cl)c3)[C@H]2c2ccc(Cl)cc2)c1,7.52,0.0,1
CHEMBL1907611,Cc1cncc(-c2nc(-c3noc(=O)[nH]3)nc3nc(N4CCOC[C@H]4c4ccccc4)n(C[C@H]4CC[C@H](C)CC4)c23)c1,8.41,0.0,1
CHEMBL1907611,Cc1n[nH]c2c1C(c1ccc(Cl)cc1)N(c1cccc(Cl)c1)C2=O,6.46,0.0,1
CHEMBL1907611,Cc1nc(Nc2n[nH]c3c2CN(C(=O)N[C@H](CN(C)C)c2ccccc2)C3(C)C)c2sccc2n1,8.25,0.0,1
CHEMBL1907611,Cc1nc2cc(OC3(C(=O)N4CCN(c5ccccn5)CC4)CCCN(C(=O)c4cnccc4C(F)(F)F)C3)ccc2s1,4.39,0.0,1
CHEMBL1907611,Cc1nnc(C[C@H]2C[C@H](c3cccc(Cl)c3)[C@@H](c3ccc(Cl)cc3)N(CC3CC3)C2=O)o1,5.8,0.0,1
CHEMBL1907611,Clc1ccc(Cn2cnc(-c3ccccc3)c2-c2c[nH]c3cc(Cl)ccc23)cc1,6.7,0.0,1
CHEMBL1907611,Cn1cc(C(C)(O)c2cc(F)c3c(c2)C(=O)N(Cc2ccc(Cl)cc2S(C)(=O)=O)[C@@]3(OCC2(O)CC2)c2ccc(Cl)cc2)cn1,8.02,0.0,1
CHEMBL1907611,Cn1cc(N2C(=O)[C@@](C)(CC(=O)O)C[C@H](c3cccc(Cl)c3)[C@H]2c2ccc(Cl)cc2)cn1,6.52,0.0,1
CHEMBL1907611,Cn1cc([C@@](C)(O)c2cc(F)c3c(c2)C(=O)N(Cc2ccc(Cl)cc2S(C)(=O)=O)[C@@]3(OCC2(C(N)=O)CC2)c2ccc(Cl)cc2)cn1,7.92,0.0,1
CHEMBL1907611,Cn1cc([C@](C)(O)c2cc(F)c3c(c2)C(=O)N(Cc2ccc(Cl)cc2S(C)(=O)=O)[C@@]3(OCC2(C(N)=O)CC2)c2ccc(Cl)cc2)cn1,9.3,0.0,1
CHEMBL1907611,Fc1ccc(-c2cn(CSc3ccccc3)nn2)c(F)c1,8.83,0.0,1
CHEMBL1907611,N#CCN1C2=C(C(c3ccc(Br)cc3)Oc3ccccc32)C(c2ccc(Br)cc2)n2ncnc21,6.14,0.0,1
CHEMBL1907611,N#CC[C@H]1C[C@H](c2cccc(Cl)c2)[C@@H](c2ccc(Cl)cc2)N(CC2CC2)C1=O,5.63,0.0,1
CHEMBL1907611,N#Cc1ccc(CN2C(=O)c3cccc(Cl)c3C2(OCC2(CO)CC2)c2ccc(Cl)cc2)cc1,6.330000000000001,0.8170679286326202,3
CHEMBL1907611,N#Cc1ccc(CN2C(=O)c3ccccc3C2(OCC2(CO)CC2)c2ccc(Cl)cc2)cc1,5.75,0.0,1
CHEMBL1907611,N#Cc1ccc2c(c1)C(=O)N([C@H](C(=O)O)c1ccc(Cl)cc1)[C@@H](c1ccc(Cl)cc1)C(=O)N2,4.83,0.0,1
CHEMBL1907611,NC(=O)CC[C@@H]1N[C@@]2(C(=O)Nc3cc(Cl)ccc32)[C@@H](c2cccc(Cl)c2)[C@@H]1[N+](=O)[O-],4.87,0.0,1
CHEMBL1907611,NC(=O)CN1C2=C(C(c3ccc(Br)cc3)Oc3ccccc32)C(c2ccc(Br)cc2)n2ncnc21,6.27,0.0,1
CHEMBL1907611,NC(=O)C[C@@H]1C[C@H](c2cccc(Cl)c2)[C@@H](c2ccc(Cl)cc2)N(CC2CC2)C1=O,6.06,0.0,1
CHEMBL1907611,NC(=O)C[C@H]1C[C@H](c2cccc(Cl)c2)[C@@H](c2ccc(Cl)cc2)N(CC2CC2)C1=O,5.8500000000000005,0.7250517222929684,3
CHEMBL1907611,NC(=O)c1ccc([C@H]2C[C@H]3[C@@H](N2)[C@H](c2cccc(Cl)c2F)[C@]2(C(=O)Nc4cc(Cl)ccc42)N3CC2CC2)cc1,7.8,0.0,1
CHEMBL1907611,NC(=O)c1ccc2c3n(nc2c1)[C@@H]1[C@H](CO3)N(CC2CC2)[C@@]2(C(=O)Nc3cc(Cl)ccc32)[C@H]1c1ccnc(Cl)c1F,7.89,0.0,1
CHEMBL1907611,NC(=O)c1ccc2nn3c(c2c1)OC[C@H]1[C@@H]3[C@H](c2cccc(Cl)c2F)[C@]2(C(=O)Nc3cc(Cl)ccc32)N1CC1CC1,7.58,0.0,1
CHEMBL1907611,NC(=O)c1cccc(C[C@@H]2N[C@@]3(C(=O)Nc4cc(Cl)ccc43)[C@@H](c3cccc(Cl)c3)[C@@H]2[N+](=O)[O-])c1,4.74,0.0,1
CHEMBL1907611,NCCCN1C2=C(C(c3ccc(Br)cc3)Oc3ccccc32)C(c2ccc(Br)cc2)n2ncnc21,5.43,0.0,1
CHEMBL1907611,NNC(=O)C[C@H]1C[C@H](c2cccc(Cl)c2)[C@@H](c2ccc(Cl)cc2)N(CC2CC2)C1=O,5.51,0.0,1
CHEMBL1907611,NS(=O)(=O)c1ccc(-n2cc(CN3C(=O)CN(/N=C/c4ccc([N+](=O)[O-])o4)C3=O)nn2)cc1,6.39,0.0,1
CHEMBL1907611,O=C(CC1NC(=O)NC1=O)Nc1ccccc1N1CCN(C(=O)C2(Oc3ccc(C(F)(F)F)cc3)CCCN(C(=O)c3cnccc3C(F)(F)F)C2)CC1,6.57,0.0,1
CHEMBL1907611,O=C(CN1C(=O)CN(/N=C/c2ccc([N+](=O)[O-])o2)C1=O)c1ccc(Cl)cc1,6.17,0.0,1
CHEMBL1907611,O=C(C[C@H]1C[C@H](c2cccc(Cl)c2)[C@@H](c2ccc(Cl)cc2)N(CC2CC2)C1=O)NO,5.77,0.0,1
CHEMBL1907611,O=C(N1CCN(c2ccccn2)CC1)C1(Oc2ccc(C(F)(F)F)cc2)CCCN(C(=O)C2(c3ccc(Cl)cc3)CC2)C1,5.72,0.0,1
CHEMBL1907611,O=C(N1CCN(c2ccccn2)CC1)C1(Oc2ccc(C(F)(F)F)cc2)CCCN(CC2CCCCC2)C1,5.29,0.0,1
CHEMBL1907611,O=C(N1CCN(c2ccccn2)CC1)C1(Oc2ccc(C(F)(F)F)cc2)CCCN(Cc2ccccc2C(F)(F)F)C1,4.85,0.0,1
CHEMBL1907611,O=C(N1CCN(c2ccccn2)CC1)C1(Oc2ccc(C(F)(F)F)cc2)CCCN(S(=O)(=O)c2ccc(Cl)cc2)C1,4.3,0.0,1
CHEMBL1907611,O=C(N1CCN(c2ccccn2)CC1)C1(Oc2ccc(C(F)(F)F)cc2)CCCN(S(=O)(=O)c2ccccc2)C1,4.58,0.0,1
CHEMBL1907611,O=C(N1CCN(c2ccccn2)CC1)C1(Oc2ccc(C(F)(F)F)cc2)CCCN(S(=O)(=O)c2ccccc2C(F)(F)F)C1,4.39,0.0,1
CHEMBL1907611,O=C(N1CCN(c2ccccn2)CC1)C1(Oc2ccc(C(F)(F)F)cc2)CCCN(S(=O)(=O)c2ccccc2Cl)C1,4.51,0.0,1
CHEMBL1907611,O=C(NCCN1CCOCC1)c1[nH]c2cc(Cl)ccc2c1-c1c(-c2ccccc2)ncn1Cc1ccc(Cl)cc1,7.52,0.0,1
CHEMBL1907611,O=C(NCCOC1(c2ccccc2)c2ccccc2C(=O)N1Cc1ccccc1)c1ccc(O)cc1O,4.02,0.0,1
CHEMBL1907611,O=C(NCCc1ccccc1)C1(Oc2ccc(C(F)(F)F)cc2)CCCN(C(=O)C2(c3ccc(Cl)cc3)CC2)C1,5.85,0.0,1
CHEMBL1907611,O=C(N[C@@H](Cn1cc(-c2ccc(F)cc2F)nn1)C(=O)O)OCC1c2ccccc2-c2ccccc21,9.01,0.0,1
CHEMBL1907611,O=C(O)C(c1ccccc1)N1C(=O)c2cc(I)ccc2NC(=O)C1c1ccc(C(F)(F)F)cc1,4.51,0.0,1
CHEMBL1907611,O=C(O)CCCCN1C2=C(C(c3ccc(Br)cc3)Oc3ccccc32)C(c2ccc(Br)cc2)n2ncnc21,6.12,0.0,1
CHEMBL1907611,O=C(O)CCCCN1C2=C([C@H](c3ccc(Br)cc3)n3ncnc31)[C@@H](c1ccc(Br)cc1)Oc1ccccc12,6.46,0.0,1
CHEMBL1907611,O=C(O)CCCN1C2=C(C(c3ccc(Br)cc3)Oc3ccccc32)C(c2ccc(Br)cc2)n2ncnc21,6.19,0.0,1
CHEMBL1907611,O=C(O)CCN1C2=C(C(c3ccc(Br)cc3)Oc3ccccc32)C(c2ccc(Br)cc2)n2ncnc21,6.29,0.0,1
CHEMBL1907611,O=C(O)CC[C@@H]1C[C@H](c2cccc(Cl)c2)[C@@H](c2ccc(Cl)cc2)N(CC2CC2)C1=O,5.824999999999999,0.9121677477306467,2
CHEMBL1907611,O=C(O)CC[C@@H]1N[C@@]2(C(=O)Nc3cc(Cl)ccc32)[C@@H](c2cccc(Cl)c2)[C@@H]1[N+](=O)[O-],4.8,0.0,1
CHEMBL1907611,O=C(O)CC[C@H]1C[C@H](c2cccc(Cl)c2)[C@@H](c2ccc(Cl)cc2)N(CC2CC2)C1=O,5.71,0.7495331880577407,2
CHEMBL1907611,O=C(O)CCc1ccc(OCc2cccc(Cl)c2)c(-c2cc(-c3ccc(F)cc3)n(CCc3ccccc3)n2)c1,4.32,0.0,1
CHEMBL1907611,O=C(O)CCc1ccc(OCc2cccc(Cl)c2)c(-c2cc(-c3ccc(F)cc3)n(Cc3ccccc3)n2)c1,4.29,0.0,1
CHEMBL1907611,O=C(O)CN1C2=C(C(c3ccc(Br)cc3)Oc3ccccc32)C(c2ccc(Br)cc2)n2ncnc21,6.04,0.0,1
CHEMBL1907611,O=C(O)CN1C2=C([C@H](c3ccc(Br)cc3)n3ncnc31)[C@@H](c1ccc(Br)cc1)Oc1ccccc12,6.32,0.0,1
CHEMBL1907611,O=C(O)CN1CC[C@H]2[C@@H]1[C@H](c1cccc(Cl)c1)[C@]1(C(=O)Nc3cc(Cl)ccc31)N2CC1CC1,7.1,0.0,1
CHEMBL1907611,O=C(O)CN1CC[C@H]2[C@@H]1[C@H](c1cccc(Cl)c1F)[C@]1(C(=O)Nc3cc(Cl)ccc31)N2CC1CC1,7.41,0.0,1
CHEMBL1907611,O=C(O)CNC(=O)C[C@H]1C[C@H](c2cccc(Cl)c2)[C@@H](c2ccc(Cl)cc2)N(CC2CC2)C1=O,6.08,0.0,1
CHEMBL1907611,O=C(O)C[C@@H]1CC(c2cccc(Cl)c2)[C@@H](c2ccc(Cl)cc2)N(CC2CC2)C1=O,6.5,0.0,1
CHEMBL1907611,O=C(O)C[C@@H]1CC(c2cccc(Cl)c2)[C@@H](c2ccc(Cl)cc2)N(CC2CCC2)C1=O,5.71,0.0,1
CHEMBL1907611,O=C(O)C[C@@H]1CC(c2cccc(Cl)c2)[C@@H](c2ccc(Cl)cc2)N(CC2CCCC2)C1=O,6.26,0.0,1
CHEMBL1907611,O=C(O)C[C@@H]1CC(c2cccc(Cl)c2)[C@@H](c2ccc(Cl)s2)N(CC2CC2)C1=O,6.66,0.0,1
CHEMBL1907611,O=C(O)C[C@@H]1C[C@@H](c2cccc(Cl)c2)[C@@H](c2ccc(Cl)cc2)N(CC2CC2)C1=O,5.17,0.636396103067893,2
CHEMBL1907611,O=C(O)C[C@@H]1C[C@H](c2cccc(Cl)c2)[C@@H](c2ccc(Cl)cc2)N(CC2CC2)C1=O,6.54,0.8202438661763952,2
CHEMBL1907611,O=C(O)C[C@@H]1N[C@@]2(C(=O)Nc3cc(Cl)ccc32)[C@@H](c2cccc(Cl)c2)[C@@H]1[N+](=O)[O-],4.73,0.0,1
CHEMBL1907611,O=C(O)C[C@@]1(CCN2CCCC2)C[C@H](c2cccc(Cl)c2)[C@@H](c2ccc(Cl)cc2)N(CC2CC2)C1=O,7.22,0.0,1
CHEMBL1907611,O=C(O)C[C@@]1(CCN2CCOCC2)C[C@H](c2cccc(Cl)c2)[C@@H](c2ccc(Cl)cc2)N(CC2CC2)C1=O,6.89,0.0,1
CHEMBL1907611,O=C(O)C[C@H]1CC(c2cccc(Cl)c2)[C@@H](c2ccc(Cl)cc2)N(CC2CC2)C1=O,7.17,0.49497474683058273,2
CHEMBL1907611,O=C(O)C[C@H]1C[C@H](c2cccc(Cl)c2)[C@@H](c2ccc(Cl)cc2)N(CC2CC2)C1=O,6.949999999999999,0.7353910524340098,2
CHEMBL1907611,O=C(O)C[C@H]1C[C@H](c2cccc(Cl)c2)[C@@H](c2ccc(Cl)cc2)N(CC2CCCC2)C1=O,6.72,0.0,1
CHEMBL1907611,O=C(O)C[C@H]1C[C@H](c2cccc(Cl)c2)[C@@H](c2ccc(Cl)cc2)N(CC2CCCCC2)C1=O,6.77,0.0,1
CHEMBL1907611,O=C(O)C[C@H]1C[C@H](c2cccc(Cl)c2)[C@@H](c2ccc(Cl)cc2)N([C@H](CO)C2CC2)C1=O,7.4,0.0,1
CHEMBL1907611,O=C(O)C[C@H]1C[C@H](c2cccc(Cl)c2)[C@@H](c2ccc(Cl)s2)C(CC2CC2)C1=O,6.37,0.0,1
CHEMBL1907611,O=C(O)C[C@H]1C[C@H](c2cccc(Cl)c2)[C@]2(C(=O)Nc3cc(Cl)ccc32)N(CC2CC2)C1=O,7.05,0.0,1
CHEMBL1907611,O=C(O)[C@H](c1ccc(Br)cc1)N1C(=O)c2cc(I)ccc2NC(=O)[C@@H]1c1ccc(Cl)cc1,6.21,0.0,1
CHEMBL1907611,O=C(O)[C@H](c1ccc(C(F)(F)F)cc1)N1C(=O)c2cc(I)ccc2NC(=O)[C@@H]1c1ccc(Cl)cc1,6.17,0.0,1
CHEMBL1907611,O=C(O)[C@H](c1ccc(Cl)cc1)N1C(=O)c2cc(Br)ccc2NC(=O)[C@@H]1c1ccc(Cl)cc1,6.08,0.0,1
CHEMBL1907611,O=C(O)[C@H](c1ccc(Cl)cc1)N1C(=O)c2cc(CCO)ccc2NC(=O)[C@@H]1c1ccc(Cl)cc1,5.62,0.0,1
CHEMBL1907611,O=C(O)[C@H](c1ccc(Cl)cc1)N1C(=O)c2cc(CO)ccc2NC(=O)[C@@H]1c1ccc(Cl)cc1,5.48,0.0,1
CHEMBL1907611,O=C(O)[C@H](c1ccc(Cl)cc1)N1C(=O)c2cc(Cl)ccc2NC(=O)[C@@H]1c1ccc(Cl)cc1,6.08,0.0,1
CHEMBL1907611,O=C(O)[C@H](c1ccc(Cl)cc1)N1C(=O)c2cc(I)c(Cl)cc2NC(=O)[C@@H]1c1ccc(Cl)cc1,6.16,0.0,1
CHEMBL1907611,O=C(O)[C@H](c1ccc(Cl)cc1)N1C(=O)c2cc(I)ccc2NC(=O)[C@@H]1c1ccc(C(F)(F)F)cc1,6.21,0.0,1
CHEMBL1907611,O=C(O)[C@H](c1ccc(Cl)cc1)N1C(=O)c2cc(I)ccc2NC(=O)[C@@H]1c1ccc(Cl)cc1,6.38,0.0,1
CHEMBL1907611,O=C(O)[C@H](c1ccc(Cl)cc1)N1C(=O)c2cc(I)ccc2NC(=O)[C@@H]1c1ccc(Cl)nc1,5.13,0.0,1
CHEMBL1907611,O=C(O)[C@H](c1ccc(Cl)cc1)N1C(=O)c2cc(I)ccc2NC(=O)[C@@H]1c1ccc(OC(F)(F)F)cc1,7.08,0.0,1
CHEMBL1907611,O=C(O)[C@H](c1ccc(Cl)cc1)N1C(=O)c2cc(I)ccc2NC[C@@H]1c1ccc(Cl)cc1,6.31,0.0,1
CHEMBL1907611,O=C(O)[C@H](c1ccc(Cl)cc1)N1C(=O)c2ccc(Cl)cc2NC(=O)[C@@H]1c1ccc(Cl)cc1,5.2,0.0,1
CHEMBL1907611,O=C(O)[C@H](c1ccc(Cl)cc1)N1C(=O)c2ccccc2NC(=O)[C@@H]1c1ccc(Cl)cc1,4.83,0.0,1
CHEMBL1907611,O=C(O)[C@H](c1ccc(Cl)nc1)N1C(=O)c2cc(I)ccc2NC(=O)[C@@H]1c1c[nH]c2ccccc12,4.26,0.0,1
CHEMBL1907611,O=C(O)[C@H](c1ccc(Cl)nc1)N1C(=O)c2cc(I)ccc2NC(=O)[C@@H]1c1cc2ccccc2[nH]1,5.1,0.0,1
CHEMBL1907611,O=C(O)[C@H](c1ccc(Cl)nc1)N1C(=O)c2cc(I)ccc2NC(=O)[C@@H]1c1ccc(Cl)cc1,5.83,0.0,1
CHEMBL1907611,O=C(O)[C@H](c1ccc(O)cc1)N1C(=O)c2cc(I)ccc2NC(=O)[C@@H]1c1ccc(Cl)cc1,4.78,0.0,1
CHEMBL1907611,O=C(O)[C@H](c1cccc(Cl)c1)N1C(=O)c2cc(I)ccc2NC(=O)[C@@H]1c1ccc(Cl)cc1,5.57,0.0,1
CHEMBL1907611,O=C(O)[C@H](c1ccccc1)N1C(=O)c2cc(I)ccc2NC(=O)[C@@H]1c1ccc(C(F)(F)F)cc1,5.66,0.0,1
CHEMBL1907611,O=C(O)[C@H](c1ccccc1)N1C(=O)c2cc(I)ccc2NC(=O)[C@@H]1c1ccc(Cl)cc1,5.6,0.0,1
CHEMBL1907611,O=C(O)[C@H](c1ccccc1)N1C(=O)c2cc(I)ccc2NC(=O)[C@@H]1c1ccc(OC(F)(F)F)cc1,5.88,0.0,1
CHEMBL1907611,O=C(O)[C@H](c1ccccc1)N1C(=O)c2cc(I)ccc2NC(=O)[C@@H]1c1cccc(C(F)(F)F)c1,4.35,0.0,1
CHEMBL1907611,O=C(O)[C@H](c1ccccc1)N1C(=O)c2cc(I)ccc2NC(=O)[C@@H]1c1ccccc1,4.42,0.0,1
CHEMBL1907611,O=C(O)c1cc2c3n(nc2cc1F)[C@@H]1[C@H](CO3)N(CC2CC2)[C@@]2(C(=O)Nc3cc(Cl)ccc32)[C@H]1c1cccc(Cl)c1F,7.89,0.0,1
CHEMBL1907611,O=C(O)c1cc2nn3c(c2cc1F)OC[C@H]1[C@@H]3[C@H](c2cccc(Cl)c2F)[C@]2(C(=O)Nc3cc(Cl)ccc32)N1CC1CC1,7.75,0.0,1
CHEMBL1907611,O=C(O)c1ccc([C@H]2C[C@H]3[C@@H](N2)[C@H](c2cccc(Cl)c2F)[C@]2(C(=O)Nc4cc(Cl)ccc42)N3CC2CC2)cc1,8.4,0.0,1
CHEMBL1907611,O=C(O)c1ccc2c(c1)nc1n2CC[C@@H]2[C@H]1[C@H](c1cccc(Cl)c1F)[C@]1(C(=O)Nc3cc(Cl)ccc31)N2CC1CC1,7.1,0.0,1
CHEMBL1907611,O=C(O)c1ccc2c3n(nc2c1)[C@@H]1[C@H](C3)N(CC2CC2)[C@@]2(C(=O)Nc3cc(Cl)ccc32)[C@H]1c1cccc(Cl)c1F,8.7,0.0,1
CHEMBL1907611,O=C(O)c1ccc2c3n(nc2c1)[C@@H]1[C@H](C3)N(CC2CC2)[C@@]2(C(=O)Nc3nc(Cl)ccc32)[C@H]1c1cccc(Cl)c1F,8.7,0.0,1
CHEMBL1907611,O=C(O)c1ccc2c3n(nc2c1)[C@@H]1[C@H](CCO3)N(CC2CC2)[C@@]2(C(=O)Nc3cc(Cl)ccc32)[C@H]1c1cccc(Cl)c1F,7.46,0.0,1
CHEMBL1907611,O=C(O)c1ccc2c3n(nc2c1)[C@@H]1[C@H](CO3)N(C2CCCC2)[C@@]2(C(=O)Nc3cc(Cl)ccc32)[C@H]1c1cccc(Cl)c1F,7.5,0.0,1
CHEMBL1907611,O=C(O)c1ccc2c3n(nc2c1)[C@@H]1[C@H](CO3)N(C2CCCCC2)[C@@]2(C(=O)Nc3cc(Cl)ccc32)[C@H]1c1cccc(Cl)c1F,7.44,0.0,1
CHEMBL1907611,O=C(O)c1ccc2c3n(nc2c1)[C@@H]1[C@H](CO3)N(C2CCCCCC2)[C@@]2(C(=O)Nc3cc(Cl)ccc32)[C@H]1c1cccc(Cl)c1F,7.5,0.0,1
CHEMBL1907611,O=C(O)c1ccc2c3n(nc2c1)[C@@H]1[C@H](CO3)N(CC2CC2(F)F)[C@@]2(C(=O)Nc3cc(Cl)ccc32)[C@H]1c1cccc(Cl)c1F,7.72,0.0,1
CHEMBL1907611,O=C(O)c1ccc2c3n(nc2c1)[C@@H]1[C@H](CO3)N(CC2CC2)[C@@]2(C(=O)Nc3cc(Cl)ccc32)[C@H]1c1cc(Cl)cc(Cl)c1F,7.89,0.0,1
CHEMBL1907611,O=C(O)c1ccc2c3n(nc2c1)[C@@H]1[C@H](CO3)N(CC2CC2)[C@@]2(C(=O)Nc3cc(Cl)ccc32)[C@H]1c1cc(Cl)nc(Cl)c1,8.1,0.0,1
CHEMBL1907611,O=C(O)c1ccc2c3n(nc2c1)[C@@H]1[C@H](CO3)N(CC2CC2)[C@@]2(C(=O)Nc3cc(Cl)ccc32)[C@H]1c1ccc(F)c(Cl)c1F,7.89,0.0,1
CHEMBL1907611,O=C(O)c1ccc2c3n(nc2c1)[C@@H]1[C@H](CO3)N(CC2CC2)[C@@]2(C(=O)Nc3cc(Cl)ccc32)[C@H]1c1cccc(Br)c1F,7.92,0.0,1
CHEMBL1907611,O=C(O)c1ccc2c3n(nc2c1)[C@@H]1[C@H](CO3)N(CC2CC2)[C@@]2(C(=O)Nc3cc(Cl)ccc32)[C@H]1c1cccc(Cl)c1F,8.175,0.1767766952966369,2
CHEMBL1907611,O=C(O)c1ccc2c3n(nc2c1)[C@@H]1[C@H](CO3)N(CC2CC2)[C@@]2(C(=O)Nc3cc(Cl)ccc32)[C@H]1c1ccnc(Br)c1F,8.22,0.0,1
CHEMBL1907611,O=C(O)c1ccc2c3n(nc2c1)[C@@H]1[C@H](CO3)N(CC2CC2)[C@@]2(C(=O)Nc3cc(Cl)ccc32)[C@H]1c1ccnc(Cl)c1F,8.15,0.0,1
CHEMBL1907611,O=C(O)c1ccc2c3n(nc2c1)[C@@H]1[C@H](CO3)N(CC2CC2)[C@@]2(C(=O)Nc3nc(Cl)ccc32)[C@H]1c1cccc(Cl)c1F,7.48,0.0,1
CHEMBL1907611,O=C(O)c1ccc2c3n(nc2c1)[C@@H]1[C@H](CO3)N(CC2CCC2)[C@@]2(C(=O)Nc3cc(Cl)ccc32)[C@H]1c1cccc(Cl)c1F,7.7,0.0,1
CHEMBL1907611,O=C(O)c1ccc2c3n(nc2c1)[C@@H]1[C@H](CO3)N(CC2CCCC2)[C@@]2(C(=O)Nc3cc(Cl)ccc32)[C@H]1c1cccc(Cl)c1F,7.43,0.0,1
CHEMBL1907611,O=C(O)c1ccc2c3n(nc2c1)[C@@H]1[C@H](CO3)N(CC2CCCCC2)[C@@]2(C(=O)Nc3cc(Cl)ccc32)[C@H]1c1cccc(Cl)c1F,7.31,0.0,1
CHEMBL1907611,O=C(O)c1ccc2c3n(nc2c1)[C@@H]1[C@H](CO3)N(CC2CCCOC2)[C@@]2(C(=O)Nc3cc(Cl)ccc32)[C@H]1c1cccc(Cl)c1F,7.82,0.0,1
CHEMBL1907611,O=C(O)c1ccc2c3n(nc2c1)[C@@H]1[C@H](CO3)N(CC2CCOC2)[C@@]2(C(=O)Nc3cc(Cl)ccc32)[C@H]1c1cccc(Cl)c1F,7.39,0.0,1
CHEMBL1907611,O=C(O)c1ccc2c3n(nc2c1)[C@@H]1[C@H](CO3)N(CC2CCOCC2)[C@@]2(C(=O)Nc3cc(Cl)ccc32)[C@H]1c1cccc(Cl)c1F,7.51,0.0,1
CHEMBL1907611,O=C(O)c1ccc2c3n(nc2c1)[C@@H]1[C@H](CO3)N(CCC2CC2)[C@@]2(C(=O)Nc3cc(Cl)ccc32)[C@H]1c1cccc(Cl)c1F,7.1,0.0,1
CHEMBL1907611,O=C(O)c1ccc2c3n(nc2c1)[C@H]1[C@@H](CO3)N(CC2CC2)[C@]2(C(=O)Nc3cc(Cl)ccc32)[C@@H]1c1cccc(Cl)c1F,6.25,0.0,1
CHEMBL1907611,O=C(O)c1ccc2nn3c(c2c1)C[C@H]1[C@@H]3[C@H](c2cccc(Cl)c2F)[C@]2(C(=O)Nc3cc(Cl)ccc32)N1CC1CC1,8.7,0.0,1
CHEMBL1907611,O=C(O)c1ccc2nn3c(c2c1)OCC[C@H]1[C@@H]3[C@H](c2cccc(Cl)c2F)[C@]2(C(=O)Nc3cc(Cl)ccc32)N1CC1CC1,8.0,0.0,1
CHEMBL1907611,O=C(O)c1ccc2nn3c(c2c1)OC[C@@H]1[C@H]3[C@@H](c2cccc(Cl)c2F)[C@@]2(C(=O)Nc3cc(Cl)ccc32)N1CC1CC1,6.21,0.0,1
CHEMBL1907611,O=C(O)c1ccc2nn3c(c2c1)OC[C@H]1[C@@H]3[C@H](c2cccc(Cl)c2F)[C@]2(C(=O)Nc3cc(Cl)ccc32)N1CC1CC1,8.125,0.03535533905932788,2
CHEMBL1907611,O=C(O)c1cnc2nn3c(c2c1)OC[C@@H]1[C@H]3[C@@H](c2cccc(Cl)c2F)[C@@]2(C(=O)Nc3cc(Cl)ccc32)N1CC1CC1,6.84,0.0,1
CHEMBL1907611,O=C(O)c1cnc2nn3c(c2c1)OC[C@H]1[C@@H]3[C@H](c2cccc(Cl)c2F)[C@]2(C(=O)Nc3cc(Cl)ccc32)N1CC1CC1,8.225000000000001,0.24748737341529076,2
CHEMBL1907611,O=C(c1ccccc1C(F)(F)F)N1CCCC(Oc2ccc(C(F)(F)F)cc2)(C(=O)N2CCN(c3ccccn3)CC2)C1,5.19,0.0,1
CHEMBL1907611,O=C(c1cnccc1C(F)(F)F)N1CCCC(Oc2ccc(-c3ccccc3)cc2)(C(=O)N2CCN(c3ccccn3)CC2)C1,4.32,0.0,1
CHEMBL1907611,O=C(c1cnccc1C(F)(F)F)N1CCCC(Oc2ccc(Br)c(F)c2)(C(=O)N2CCN(c3ccccn3)CC2)C1,5.54,0.0,1
CHEMBL1907611,O=C(c1cnccc1C(F)(F)F)N1CCCC(Oc2ccc(Br)cc2)(C(=O)N2CCN(c3ccccn3)CC2)C1,5.72,0.0,1
CHEMBL1907611,O=C(c1cnccc1C(F)(F)F)N1CCCC(Oc2ccc(C(F)(F)F)cc2)(C(=O)N2CC=C(c3ccccc3)CC2)C1,5.85,0.0,1
CHEMBL1907611,O=C(c1cnccc1C(F)(F)F)N1CCCC(Oc2ccc(C(F)(F)F)cc2)(C(=O)N2CCC(c3ccccn3)C2)C1,5.43,0.0,1
CHEMBL1907611,O=C(c1cnccc1C(F)(F)F)N1CCCC(Oc2ccc(C(F)(F)F)cc2)(C(=O)N2CCN(C3CCCCC3)CC2)C1,5.38,0.0,1
CHEMBL1907611,O=C(c1cnccc1C(F)(F)F)N1CCCC(Oc2ccc(C(F)(F)F)cc2)(C(=O)N2CCN(Cc3ccccc3)CC2)C1,4.41,0.0,1
CHEMBL1907611,O=C(c1cnccc1C(F)(F)F)N1CCCC(Oc2ccc(C(F)(F)F)cc2)(C(=O)N2CCN(c3ccccc3)CC2)C1,5.55,0.0,1
CHEMBL1907611,O=C(c1cnccc1C(F)(F)F)N1CCCC(Oc2ccc(C(F)(F)F)cc2)(C(=O)N2CCN(c3ccccc3O)CC2)C1,6.01,0.0,1
CHEMBL1907611,O=C(c1cnccc1C(F)(F)F)N1CCCC(Oc2ccc(C(F)(F)F)cc2)(C(=O)N2CCN(c3ccccn3)CC2)C1,5.64,0.0,1
CHEMBL1907611,O=C(c1cnccc1C(F)(F)F)N1CCCC(Oc2ccc(C(F)(F)F)cc2)(C(=O)N2CCN(c3ccncn3)CC2)C1,4.75,0.0,1
CHEMBL1907611,O=C(c1cnccc1C(F)(F)F)N1CCCC(Oc2ccc(C(F)(F)F)cc2)(C(=O)N2CCN(c3ncccn3)CC2)C1,4.46,0.0,1
CHEMBL1907611,O=C(c1cnccc1C(F)(F)F)N1CCCC(Oc2ccc(C(F)(F)F)cc2)(C(=O)N2CCc3ccccc3C2)C1,5.85,0.0,1
CHEMBL1907611,O=C(c1cnccc1C(F)(F)F)N1CCCC(Oc2ccc(C(F)(F)F)cc2)(C(=O)NCCc2ccccc2)C1,5.46,0.0,1
CHEMBL1907611,O=C(c1cnccc1C(F)(F)F)N1CCCC(Oc2ccc(C(F)(F)F)cc2)(C(=O)NCc2ccc(Cl)cc2)C1,5.82,0.0,1
CHEMBL1907611,O=C(c1cnccc1C(F)(F)F)N1CCCC(Oc2ccc(Cl)c(F)c2)(C(=O)N2CCN(c3ccccn3)CC2)C1,5.85,0.0,1
CHEMBL1907611,O=C(c1cnccc1C(F)(F)F)N1CCCC(Oc2ccc(Cl)cc2)(C(=O)N2CCN(c3ccccn3)CC2)C1,5.17,0.0,1
CHEMBL1907611,O=C(c1cnccc1C(F)(F)F)N1CCCC(Oc2ccc(F)cc2)(C(=O)N2CCN(c3ccccn3)CC2)C1,5.22,0.0,1
CHEMBL1907611,O=C(c1cnccc1C(F)(F)F)N1CCCC(Oc2cccc(Cl)c2)(C(=O)N2CCN(c3ccccn3)CC2)C1,5.28,0.0,1
CHEMBL1907611,O=C(c1cnccc1C(F)(F)F)N1CCCC(Oc2ccccc2Cl)(C(=O)N2CCN(c3ccccn3)CC2)C1,4.68,0.0,1
CHEMBL1907611,O=C1C2=C(CCCC2)C(OCC2(CO)CC2)(c2ccc(Cl)cc2)N1Cc1ccc([N+](=O)[O-])cc1,5.46,0.0,1
CHEMBL1907611,O=C1CC[C@H](c2cccc(Cl)c2)[C@@H](c2ccc(Cl)cc2)N1,5.0,0.0,1
CHEMBL1907611,O=C1CC[C@H](c2cccc(Cl)c2)[C@@H](c2ccc(Cl)cc2)N1CC1CC1,5.955,0.19091883092036754,2
CHEMBL1907611,O=C1CC[C@H](c2cccc(Cl)c2)[C@@H](c2ccc(Cl)cc2)N1Cc1ccccc1,5.27,0.0,1
CHEMBL1907611,O=C1CN(/N=C/c2ccc([N+](=O)[O-])o2)C(=O)N1,5.8,0.0,1
CHEMBL1907611,O=C1Nc2cc(Cl)ccc2[C@@]12[C@@H](c1cccc(Cl)c1F)[C@@H]1NCC[C@@H]1N2CC1CC1,6.86,0.0,1
CHEMBL1907611,O=C1Nc2cc(Cl)ccc2[C@]12CNC[C@@H]2c1cccc(Cl)c1,4.44,0.0,1
CHEMBL1907611,O=C1Nc2cc(Cl)ccc2[C@]12NC[C@@H]([N+](=O)[O-])[C@@H]2c1cccc(Cl)c1,4.44,0.0,1
CHEMBL1907611,O=C1Nc2cc(Cl)ccc2[C@]12N[C@@H](CO)[C@@H]([N+](=O)[O-])[C@@H]2c1cccc(Cl)c1,4.51,0.0,1
CHEMBL1907611,O=C1Nc2cc(Cl)ccc2[C@]12N[C@@H](Cc1c[nH]cn1)[C@@H]([N+](=O)[O-])[C@@H]2c1cccc(Cl)c1,4.82,0.0,1
CHEMBL1907611,O=C1Nc2cc(Cl)ccc2[C@]12N[C@@H](Cc1ccccc1)[C@@H]([N+](=O)[O-])[C@@H]2c1cccc(Cl)c1,4.81,0.0,1
CHEMBL1907611,O=C1Nc2cc(Cl)ccc2[C@]12N[C@@H](Cn1cncn1)[C@@H]([N+](=O)[O-])[C@@H]2c1cccc(Cl)c1,5.26,0.0,1
CHEMBL1907611,O=C1Nc2ccc(I)cc2C(=O)N([C@@H](Cc2ccccc2)C(=O)O)[C@H]1c1ccc(Cl)cc1,4.92,0.0,1
CHEMBL1907611,O=C1Nc2ccc(I)cc2C(=O)N([C@H](C(=O)O)C2CCCCC2)[C@H]1c1ccc(Cl)cc1,4.19,0.0,1
CHEMBL1907611,O=C1Nc2ccc(I)cc2C(=O)N([C@H](C(=O)O)c2ccccc2Cl)[C@H]1c1ccc(Cl)cc1,4.7,0.0,1
CHEMBL1907611,O=C1[C@@H](Cc2nnn[nH]2)C[C@H](c2cccc(Cl)c2)[C@@H](c2ccc(Cl)cc2)N1CC1CC1,7.206666666666666,0.5810622456616271,3
CHEMBL1907611,O=C1[C@H](Cc2nnn[nH]2)C[C@H](c2cccc(Cl)c2)[C@@H](c2ccc(Cl)cc2)N1CC1CC1,6.8,0.0,1
CHEMBL1907611,O=C1c2cc(Br)ccc2C(OCC2(CO)CC2)(c2ccc(Cl)cc2)N1Cc1ccc([N+](=O)[O-])cc1,5.99,0.0,1
CHEMBL1907611,O=C1c2cc(Cl)c(Cl)cc2C(OCC2(CO)CC2)(c2ccc(Cl)cc2)N1Cc1ccc([N+](=O)[O-])cc1,5.43,0.0,1
CHEMBL1907611,O=C1c2cc(F)ccc2C(OCC2(CO)CC2)(c2ccc(Cl)cc2)N1Cc1ccc([N+](=O)[O-])cc1,6.07,0.0,1
CHEMBL1907611,O=C1c2ccc(Br)cc2C(OCC2(CO)CC2)(c2ccc(Cl)cc2)N1Cc1ccc([N+](=O)[O-])cc1,6.04,0.0,1
CHEMBL1907611,O=C1c2ccc(F)cc2C(OCC2(CO)CC2)(c2ccc(Cl)cc2)N1Cc1ccc([N+](=O)[O-])cc1,6.53,0.0,1
CHEMBL1907611,O=C1c2cccc(Cl)c2C(OCC2(CO)CC2)(c2ccc(Cl)cc2)N1Cc1ccc(Br)cc1,6.343333333333334,0.8181890572070327,3
CHEMBL1907611,O=C1c2cccc(Cl)c2C(OCC2(CO)CC2)(c2ccc(Cl)cc2)N1Cc1ccc(S(=O)(=O)C(F)(F)F)cc1,5.05,0.0,1
CHEMBL1907611,O=C1c2cccc(Cl)c2C(OCC2(CO)CC2)(c2ccc(Cl)cc2)N1Cc1ccc([N+](=O)[O-])cc1,6.836666666666667,0.6422097269065095,3
CHEMBL1907611,O=C1c2ccccc2C(NC(CO)C(O)c2ccccc2)(c2ccccc2)N1Cc1ccccc1,4.07,0.0,1
CHEMBL1907611,O=C1c2ccccc2C(NCC(O)c2cccc(O)c2)(c2ccccc2)N1Cc1ccccc1,4.08,0.0,1
CHEMBL1907611,O=C1c2ccccc2C(N[C@@H](CO)[C@@H](O)c2ccccc2)(c2ccccc2)N1Cc1ccccc1,4.07,0.0,1
CHEMBL1907611,O=C1c2ccccc2C(OCC2(CO)CC2)(c2ccc(Cl)cc2)N1Cc1ccc(Br)cc1,5.92,0.0,1
CHEMBL1907611,O=C1c2ccccc2C(OCC2(CO)CC2)(c2ccc(Cl)cc2)N1Cc1ccc([N+](=O)[O-])cc1,6.65,0.0,1
CHEMBL1907611,O=C1c2ccccc2C(OCCCO)(c2ccc(Cl)cc2)N1Cc1ccccc1,4.8,0.0,1
CHEMBL1907611,O=C1c2ccccc2C(OCCc2ccccn2)(c2ccc(Cl)cc2)N1Cc1ccccc1,4.58,0.0,1
CHEMBL1907611,O=C1c2ccccc2C(OCc2ccc(O)cc2)(c2ccccc2)N1Cc1ccccc1,4.1,0.0,1
CHEMBL1907611,O=C1c2ccccc2C(OCc2cccc(O)c2)(c2ccccc2)N1Cc1ccccc1,4.24,0.0,1
CHEMBL1907611,O=Cc1ccc(COC2(c3ccccc3)c3ccccc3C(=O)N2Cc2ccccc2)o1,4.01,0.0,1
CHEMBL1907611,OCCCN1C2=C(C(c3ccc(Br)cc3)Oc3ccccc32)C(c2ccc(Br)cc2)n2ncnc21,6.37,0.0,1
CHEMBL1907611,OC[C@H]1OC(n2cc(-c3ccc(F)cc3F)nn2)[C@H](O)[C@@H](O)[C@@H]1O,10.72,0.0,1
CHEMBL1907611,[C-]#[N+]c1cccc(N(C[C@H](C2CC2)N2C(=O)[C@@](C)(CC(=O)O)C[C@H](c3cccc(Cl)c3)[C@H]2c2ccc(Cl)cc2)S(C)(=O)=O)c1,9.52,0.0,1
CHEMBL1907611,[C-]#[N+]c1ccccc1N(C[C@H](C1CC1)N1C(=O)[C@@](C)(CC(=O)O)C[C@H](c2cccc(Cl)c2)[C@H]1c1ccc(Cl)cc1)S(C)(=O)=O,9.7,0.0,1
