chembl_id,smiles,pchembl_value,pchembl_std,n_records
CHEMBL2093869,C#CC(CC(=O)O)Cc1nc(CCCc2ccc3c(n2)NCCC3)no1,5.92,0.0,1
CHEMBL2093869,C#CC(CC(=O)O)NC(=O)CCNC(=O)c1cc2cc(C(=N)N)ccc2o1,6.96,0.6222539674441624,2
CHEMBL2093869,C#CC/N=C(\N)c1ccc(C(=O)Nc2ccc3c(c2)CC(CC(=O)O)CC3)cc1,9.8,0.0,1
CHEMBL2093869,C#CC/N=C(\N)c1ccc(C(=O)Nc2ccc3c(c2)CC(CC(=O)O)CO3)cc1,9.89,0.0,1
CHEMBL2093869,C#CCN(C(=O)c1ccc(C(=N)N)cc1)C(CCCC)C(C)(C)C(=O)N1CCC(CC(=O)O)CC1,6.44,0.0,1
CHEMBL2093869,C#C[C@H](CC(=O)O)NC(=O)CCC(=O)Nc1ccc(C(=N)N)cc1,7.46,0.0,1
CHEMBL2093869,C#C[C@H](CC(=O)OCC)NC(=O)CCC(=O)Nc1ccc(C(=N)N)cc1,8.7,0.0,1
CHEMBL2093869,C#Cc1cncc([C@H](CC(=O)O)NC(=O)[C@@H]2CCCN(C(=O)CCC3CCNCC3)C2)c1,9.62,0.0,1
CHEMBL2093869,C/C=C/C(NC(=O)c1ccc(C(=N)N)cc1)C(C)(C)C(=O)N1CCC(CC(=O)O)CC1,7.89,0.0,1
CHEMBL2093869,C=CC/N=C(\N)c1ccc(C(=O)Nc2ccc3c(c2)CC(CC(=O)O)CC3)cc1,9.59,0.0,1
CHEMBL2093869,C=CCCOC(=O)N[C@@H](CNC(=O)CC1CC(c2ccc(C(=N)N)cc2)=NO1)C(=O)O,7.36,0.0,1
CHEMBL2093869,C=CCOP(=O)(NC(CNC(=O)CC1CC(c2ccc(C(=N)N)cc2)=NO1)C(=O)O)OCC=C,6.78,0.1838477631085022,2
CHEMBL2093869,C=CS(=O)(=O)N[C@@H](CNC(=O)c1ccc(CCC(=O)NC2=NCCCN2)s1)C(=O)O,7.4,0.0,1
CHEMBL2093869,CC(=N)Nc1cccc(C(=O)NNC(=O)CC(CC(=O)O)c2ccc(Cl)cc2)c1,5.1,0.0,1
CHEMBL2093869,CC(=O)N(C)C(CCCN=C(N)N)C(=O)NCC1=CC(CC(=O)O)C(=O)N(c2ccccc2)CC1,6.14,0.0,1
CHEMBL2093869,CC(=O)NC(Cc1ccc(NC(=O)c2cccc(NC(=N)N)c2)cc1)C(=O)O,6.83,0.0,1
CHEMBL2093869,CC(=O)NCC(=O)N[C@@H](CCCN=C(N)N)C(=O)NCC(=O)N[C@@H](CC(=O)O)C(=O)N[C@H](C(=O)O)C(C)C,6.015000000000001,2.694076836320746,2
CHEMBL2093869,CC(=O)NCC(=O)N[C@@H](CCCN=C(N)N)C(=O)NCC(=O)N[C@@H](CC(=O)O)C(=O)N[C@H](C(N)=O)C(C)C,6.36,0.0,1
CHEMBL2093869,CC(=O)N[C@@H](CCCCN)C(=O)N1CCCC(C(=O)NCCC(=O)O)C1,6.8,0.4666904755831215,2
CHEMBL2093869,CC(=O)N[C@@H](CCCN=C(N)N)C(=O)NCC(=O)N[C@@H](CC(=O)O)C(=O)NCCc1ccccc1,4.12,0.0,1
CHEMBL2093869,CC(=O)N[C@@H](CCCN=C(N)N)C(=O)NCC(=O)N[C@@H](CC(=O)O)C(=O)N[C@@H](CO)C(N)=O,4.04,0.0,1
CHEMBL2093869,CC(=O)N[C@@H](CCCN=C(N)N)C(=O)NCC(=O)N[C@@H](CC(=O)O)C(=O)N[C@H](C(N)=O)C(C)C,4.415,0.2192031021678301,2
CHEMBL2093869,CC(=O)N[C@@H](CCCN=C(N)N)C(=O)NCC(=O)N[C@@H](CC(=O)O)C(=O)N[C@H](C(N)=O)c1ccc2ccccc2c1,4.39,0.0,1
CHEMBL2093869,CC(=O)N[C@@H](CCCN=C(N)N)C(=O)NCC(=O)N[C@H](CCC(=O)O)C(=O)N[C@@H](CO)C(N)=O,4.01,0.0,1
CHEMBL2093869,CC(=O)N[C@@H](CS)C(=O)N(C)[C@@H](CCCN=C(N)N)C(=O)NCC(=O)N[C@@H](CC(=O)O)C(=O)N[C@H](C(N)=O)C(C)(C)S,6.45,0.0,1
CHEMBL2093869,CC(=O)N[C@@H](CS)C(=O)N(C)[C@H](CCCN=C(N)N)C(=O)NCC(=O)N[C@@H](CC(=O)O)C(=O)N[C@H](C(N)=O)C(C)(C)S,5.75,0.0,1
CHEMBL2093869,CC(=O)N[C@@H](CS)C(=O)N[C@@H](CCCN=C(N)N)C(=O)NCC(=O)N[C@@H](CC(=O)O)C(=O)N[C@@H](C(N)=O)C(C)(C)S,5.38,0.0,1
CHEMBL2093869,CC(=O)N[C@@H](CS)C(=O)N[C@@H](CCCN=C(N)N)C(=O)NCC(=O)N[C@@H](CC(=O)O)C(=O)N[C@H](C(N)=O)C(C)(C)S,4.69,0.0,1
CHEMBL2093869,CC(=O)N[C@@H](CS)C(=O)N[C@H](CCCN=C(N)N)C(=O)NCC(=O)N[C@@H](CC(=O)O)C(=O)N[C@H](C(N)=O)C(C)(C)S,5.39,0.0,1
CHEMBL2093869,CC(=O)N[C@@H](Cc1c[nH]cn1)C(=O)N[C@@H](Cc1c[nH]cn1)C(=O)N[C@@H](CC(C)C)C(=O)NCC(=O)NCC(=O)N[C@@H](C)C(=O)N[C@@H](CCCCN)C(=O)N[C@H]1CSSC(C)(C)[C@H](C(N)=O)NC(=O)[C@H](CC(=O)O)NC(=O)CNC(=O)[C@H](CCCN=C(N)N)NC1=O,5.02,0.0,1
CHEMBL2093869,CC(=O)N[C@@H]1CSSC(C)(C)[C@H](C(C)=O)NC(=O)[C@H](CC(=O)O)NC(=O)CNC(=O)[C@@](CCN=C(N)N)(CCC(=N)N)NC1=O,4.09,0.0,1
CHEMBL2093869,CC(=O)N[C@@H]1CSSC(C)(C)[C@H](C(N)=O)NC(=O)[C@@H](CC(=O)O)NC(=O)CN(C)C(=O)[C@@H](CCCN=C(N)N)NC1=O,4.13,0.0,1
CHEMBL2093869,CC(=O)N[C@@H]1CSSC(C)(C)[C@H](C(N)=O)NC(=O)[C@@H](CC(=O)O)NC(=O)CNC(=O)[C@@H](CCCCN)NC1=O,4.26,0.0,1
CHEMBL2093869,CC(=O)N[C@@H]1CSSC(C)(C)[C@H](C(N)=O)NC(=O)[C@@H](CC(=O)O)NC(=O)CNC(=O)[C@@H](CCCN=C(N)N)N(C)C1=O,6.45,0.0,1
CHEMBL2093869,CC(=O)N[C@@H]1CSSC(C)(C)[C@H](C(N)=O)NC(=O)[C@H](CC(=O)O)NC(=O)CNC(=O)[C@@H](CCCN=C(N)N)NC1=O,5.39,0.0,1
CHEMBL2093869,CC(=O)N[C@@H]1CSSC(C)(C)[C@H](C(N)=O)NC(=O)[C@H](CC(=O)O)NC(=O)CNC(=O)[C@H](CCCN=C(N)N)NC(=O)CNC1=O,4.94,0.0,1
CHEMBL2093869,CC(=O)N[C@@H]1CSSC(C)(C)[C@H](C(N)=O)NC(=O)[C@H](CC(=O)O)NC(=O)CNC(=O)[C@H](CCCN=C(N)N)NC1=O,5.38,0.0,1
CHEMBL2093869,CC(=O)N[C@@H]1CSSC[C@@H](C(N)=O)NC(=O)[C@H](CC(=O)O)NC(=O)CNC(=O)[C@H](CCCN=C(N)N)NC(=O)CNC1=O,4.28,0.0,1
CHEMBL2093869,CC(=O)N[C@@H]1CSSC[C@@H](C(N)=O)NC(=O)[C@H](CO)NC(=O)[C@@H](CC(=O)O)NC(=O)CNC(=O)[C@@H](CCCN=C(N)N)NC1=O,4.49,0.0,1
CHEMBL2093869,CC(=O)N[C@@H]1CSSC[C@H](C(N)=O)NC(=O)[C@@H](CC(=O)O)NC(=O)CNC(=O)[C@@H](CCCN=C(N)N)NC1=O,4.79,0.0,1
CHEMBL2093869,CC(=O)N[C@H](CCCCN)C(=O)N1CCCC(C(=O)NCC(=O)O)C1,4.62,0.0,1
CHEMBL2093869,CC(=O)N[C@H](CCCCN)C(=O)N1CCCC(C(=O)NCCC(=O)O)C1,7.13,0.0,1
CHEMBL2093869,CC(=O)N[C@H](CCCCN=C(N)N)C(=O)NCC(=O)N[C@@H](CC(=O)O)C(=O)N[C@@H](CO)C(N)=O,4.17,0.0,1
CHEMBL2093869,CC(=O)N[C@H]1C(=O)N(C)[C@@H](CCCN=C(N)N)C(=O)NCC(=O)N[C@@H](CC(=O)O)C(=O)N[C@@H](C(N)=O)C(C)(C)SSC1(C)C,6.43,0.0,1
CHEMBL2093869,CC(=O)N[C@H]1C(=O)N[C@@H](CCCN=C(N)N)C(=O)NCC(=O)N[C@@H](CC(=O)O)C(=O)N[C@H](C(N)=O)CSSC1(C)C,5.1,0.0,1
CHEMBL2093869,CC(=O)N[C@H]1CSSC[C@@H](C(N)=O)NC(=O)[C@H](CC(=O)O)NC(=O)CNC(=O)[C@H](CCCN=C(N)N)N(C)C1=O,7.103333333333334,1.2542859854647714,3
CHEMBL2093869,CC(=O)N[C@H]1CSSC[C@@H](C(N)=O)NC(=O)[C@H](CCCN=C(N)N)NC(=O)[C@@H](Cc2ccc([N+](=O)[O-])cc2)NC(=O)[C@H](CC(=O)O)NC(=O)CNC(=O)[C@H](CCCN=C(N)N)NC(=O)[C@H]2CCCN2C(=O)[C@H](CC(N)=O)NC1=O,7.77,0.0,1
CHEMBL2093869,CC(=O)Nc1cc(C[C@H](NS(=O)(=O)c2cccc(C(F)(F)F)c2)C(=O)O)ccc1OCCCCNc1cc(C)ccn1,7.42,0.0,1
CHEMBL2093869,CC(=O)Nc1cc(C[C@H](NS(=O)(=O)c2cccc(C(F)(F)F)c2)C(=O)O)ccc1OCCCc1ccc2c(n1)NCCC2,7.15,0.0,1
CHEMBL2093869,CC(=O)Nc1cccc(SC(CC(=O)O)c2cccnc2)c1,4.52,0.0,1
CHEMBL2093869,CC(=O)Nc1ccccc1SC(CC(=O)O)c1cccnc1,4.35,0.0,1
CHEMBL2093869,CC(C)(/C=C/C(=O)c1ccc(C(=N)N)cc1)C(=O)N1CCC(CC(=O)O)CC1,7.44,0.0,1
CHEMBL2093869,CC(C)(C(=O)N1CCC(CC(=O)O)CC1)C(CCc1ccccc1)NC(=O)c1ccc(C(=N)N)cc1,7.33,0.0,1
CHEMBL2093869,CC(C)(C(=O)N1CCC(CC(=O)O)CC1)C(NC(=O)c1ccc(C(=N)N)cc1)c1ccc(Cl)cc1,7.46,0.0,1
CHEMBL2093869,CC(C)(C(=O)N1CCC(CC(=O)O)CC1)C(NC(=O)c1ccc(C(=N)N)cc1)c1ccc(O)cc1,7.62,0.0,1
CHEMBL2093869,CC(C)(C(=O)N1CCC(CC(=O)O)CC1)C(NC(=O)c1ccc(C(=N)N)cc1)c1ccc2ccccc2c1,7.68,0.0,1
CHEMBL2093869,CC(C)(C(=O)N1CCC(CC(=O)O)CC1)C(NC(=O)c1ccc(C(=N)N)cc1)c1cccc(Cl)c1,7.5,0.0,1
CHEMBL2093869,CC(C)(C(=O)N1CCC(CC(=O)O)CC1)C(NC(=O)c1ccc(C(=N)N)cc1)c1cccc(O)c1,8.59,0.0,1
CHEMBL2093869,CC(C)(C(=O)N1CCC(CC(=O)O)CC1)C(NC(=O)c1ccc(C(=N)N)cc1)c1ccccc1,7.6,0.0,1
CHEMBL2093869,CC(C)(C(=O)N1CCC(CC(=O)O)CC1)C(NC(=O)c1ccc(C(=N)N)cc1Cl)c1ccccc1,7.56,0.0,1
CHEMBL2093869,CC(C)(C)C#C[C@@H](CC(=O)O)NC(=O)[C@@H]1CCCN(C(=O)CCC2CCNCC2)C1,7.38,0.0,1
CHEMBL2093869,CC(C)(C)C#C[C@H](CC(=O)O)NC(=O)[C@@H]1CCCN(C(=O)CCC2CCNCC2)C1,7.965,0.40305086527633227,2
CHEMBL2093869,CC(C)(C)C[C@@H]1NC(=O)CSC[C@@H](C(=O)O)NC(=O)[C@H](CC(=O)O)NC(=O)CNC(=O)[C@H](CCCN=C(N)N)NC1=O,8.44,0.0,1
CHEMBL2093869,CC(C)(C)C[C@H](NC(=O)[C@H](CC(=O)O)NC(=O)CCCOc1ccc(C(=N)N)cc1)C(=O)O,6.64,0.0,1
CHEMBL2093869,CC(C)(C)C[C@H]1NC(=O)CSC[C@@H](C(=O)O)NC(=O)[C@H](CC(=O)O)NC(=O)CNC(=O)[C@H](CCCN=C(N)N)NC1=O,7.66,0.0,1
CHEMBL2093869,CC(C)(C)NC(=O)NC(Cc1ccc(NC(=O)c2cccc(NC(=N)N)c2)cc1)C(=O)O,6.54,0.0,1
CHEMBL2093869,CC(C)(C)OC(=O)NC(Cc1ccc(NC(=O)c2cccc(NC(=N)N)c2)cc1)C(=O)O,7.84,0.0,1
CHEMBL2093869,CC(C)(C)OC(=O)N[C@@H](CCCCN)C(=O)N1CCCC(C(=O)NCC(=O)O)C1,4.3,0.0,1
CHEMBL2093869,CC(C)(C)OC(=O)N[C@@H](CCCCN)C(=O)N1CCCC(C(=O)NCCC(=O)O)C1,7.54,0.0,1
CHEMBL2093869,CC(C)(C)OC(=O)N[C@@H](CCCCN)C(=O)N1CCCC(C(=O)NCCCC(=O)O)C1,5.12,0.0,1
CHEMBL2093869,CC(C)(C)OC(=O)N[C@@H](CCCCN)C(=O)N1CCC[C@@H](C(=O)NCCC(=O)O)C1,8.1,0.0,1
CHEMBL2093869,CC(C)(C)OC(=O)N[C@@H](CCCCN)C(=O)N1CCC[C@H](C(=O)NCCC(=O)O)C1,7.55,0.0,1
CHEMBL2093869,CC(C)(C)OC(=O)N[C@@H](CCCCNC(=O)OCc1ccccc1)C(=O)N1CCC[C@@H](C(=O)NCCC(=O)O)C1,4.7,0.0,1
CHEMBL2093869,CC(C)(C)OC(=O)N[C@H](CCCCN)C(=O)N1CCCC(C(=O)NCCC(=O)O)C1,6.13,0.0,1
CHEMBL2093869,CC(C)(C)OC(=O)N[C@H](CCCCN)C(=O)N1CCCC(C(=O)NCCCC(=O)O)C1,4.23,0.0,1
CHEMBL2093869,CC(C)(C)OC(=O)N[C@H](CCCN=C(N)N)C(=O)N1CCCC(C(=O)NCCC(=O)O)C1,5.57,0.0,1
CHEMBL2093869,CC(C)(C)c1ccc(S(=O)(=O)N[C@@H](CNC(=O)c2ccc(CCC(=O)NC3=NCCCN3)s2)C(=O)O)cc1,7.19,0.0,1
CHEMBL2093869,CC(C)(CC(=O)O)Cc1nc(CCCc2ccc3c(n2)NCCC3)no1,4.9,0.0,1
CHEMBL2093869,CC(C)(CC(=O)O)NC(=O)CC1CC(c2ccc(C(=N)N)cc2)=NO1,4.41,0.0,1
CHEMBL2093869,CC(C)(CNC(=O)c1ccc(C(=N)N)cc1)C(=O)N1CCC(CC(=O)O)CC1,6.9,0.0,1
CHEMBL2093869,CC(C)(COC(=O)N1CCC2(CC1)CC(=O)N(c1ccc(C(=N)N)cc1)C2)C(=O)O,5.130000000000001,0.43840620433565924,2
CHEMBL2093869,CC(C)C(NC(=O)c1ccc(C(=N)N)cc1)C(C)(C)C(=O)N1CCC(CC(=O)O)CC1,8.07,0.0,1
CHEMBL2093869,CC(C)CC(=O)N[C@@H](CCCNC(=O)Cc1ccc(C(=N)N)cc1)CC(=O)O,8.77,0.0,1
CHEMBL2093869,CC(C)CC(=O)N[C@H](CCCCNC(=O)c1ccc(C(=N)N)cc1)CC(=O)O,9.27,0.0,1
CHEMBL2093869,CC(C)CC(CC(=O)O)NC(=O)C1CCCN(C(=O)CCC2CCNCC2)C1,8.7,0.0,1
CHEMBL2093869,CC(C)CC(NC(=O)c1ccc(C(=N)N)cc1)C(C)(C)C(=O)N1CCC(CC(=O)O)CC1,8.57,0.0,1
CHEMBL2093869,CC(C)CNC(=O)[C@@H](CCCNC(=O)Cc1ccc(C(=N)N)cc1)CC(=O)O,8.1,0.0,1
CHEMBL2093869,CC(C)COC(=O)N[C@@H](CNC(=O)C1CCCn2c(/C=C/C3CCNCC3)nnc21)C(=O)O,9.22,0.0,1
CHEMBL2093869,CC(C)COC(=O)N[C@@H](CNC(=O)CC1CC(c2ccc(C(=N)N)cc2)=NO1)C(=O)O,7.33,0.0,1
CHEMBL2093869,CC(C)C[C@@H]1NC(=O)CSC[C@@H](C(=O)O)NC(=O)[C@H](CC(=O)O)NC(=O)CNC(=O)[C@H](CCCN=C(N)N)NC1=O,7.609999999999999,1.2869343417595158,2
CHEMBL2093869,CC(C)C[C@@H]1NC(=O)C[S+]([O-])C[C@@H](C(=O)O)NC(=O)[C@H](CC(=O)O)NC(=O)CNC(=O)[C@H](CCCN=C(N)N)NC1=O,7.669999999999999,0.7076015828133796,3
CHEMBL2093869,CC(C)C[C@@H]1NC(=O)[C@@H](CC(=O)O)NC(=O)CNC(=O)[C@@H](CCCN=C(N)N)NC(=O)[C@H](Cc2c[nH]cn2)NC(=O)CNC(=O)[C@H](N)CCC/N=C(/N)NC(=O)[C@@H](N)C(C)(C)SSC[C@H](C(=O)N[C@@H](CCCN=C(N)N)C(=O)O)NC(=O)[C@@H](CCCN=C(N)N)NC1=O,6.82,0.0,1
CHEMBL2093869,CC(C)C[C@@H]1NC(=O)[C@@H](CC(=O)O)NC(=O)CNC(=O)[C@@H](CCCN=C(N)N)NC(=O)[C@H](Cc2c[nH]cn2)NC(=O)CNC(=O)[C@H](N)CCC/N=C(/N)NC(=O)[C@H](N)C(C)(C)SSC[C@@H](C(=O)N[C@@H](CCCN=C(N)N)C(=O)O)NC(=O)[C@@H](CCCN=C(N)N)NC1=O,7.4,0.0,1
CHEMBL2093869,CC(C)C[C@@H]1NC(=O)[C@@H](Cc2ccccc2)N(C)C(=O)[C@H](CC(=O)O)NC(=O)CNC(=O)[C@H](CCCNC(=N)N)N(C)C(=O)CNC1=O,6.78,0.0,1
CHEMBL2093869,CC(C)C[C@@H]1NC(=O)[C@@H](Cc2ccccc2)N(C)C(=O)[C@H](CC(=O)O)NC(=O)CNC(=O)[C@H](CCCNC(=N)N)NC(=O)CNC1=O,5.7,0.0,1
CHEMBL2093869,CC(C)C[C@@H]1NC(=O)[C@@H](Cc2ccccc2)NC(=O)[C@H](CC(=O)O)NC(=O)CNC(=O)[C@H](CCCNC(=N)N)N(C)C(=O)CNC1=O,7.92,0.0,1
CHEMBL2093869,CC(C)C[C@@H]1NC(=O)[C@@H](Cc2ccccc2)NC(=O)[C@H](CC(=O)O)NC(=O)CNC(=O)[C@H](CCCNC(=N)N)NC(=O)CNC1=O,6.71,0.0,1
CHEMBL2093869,CC(C)C[C@H](NC(=O)[C@H](CC(=O)O)NC(=O)CCCOc1ccc(C(=N)N)cc1)C(=O)O,6.87,0.0,1
CHEMBL2093869,CC(C)C[C@H](NC(=O)[C@H](CC(=O)O)NC(=O)CNC(=O)[C@@H](N)CCCN=C(N)N)C(=O)O,6.98,0.0,1
CHEMBL2093869,CC(C)C[C@H](NC(=O)[C@H](CC(=O)O)NC(=O)CNC(=O)[C@H](CCCN=C(N)N)NC(=O)CN)C(=O)O,6.3,0.0,1
CHEMBL2093869,CC(C)C[C@H](NC(=O)[C@H](Cc1c[nH]cn1)NC(=O)[C@@H](N)Cc1c[nH]cn1)C(=O)NCC(=O)NCC(=O)N[C@@H](C)C(=O)N[C@@H](CCCCN)C(=O)N[C@@H](CCC(N)=O)C(=O)N[C@@H](C)C(=O)NCC(=O)N[C@@H](CC(=O)O)C(=O)N[C@H](C(=O)O)C(C)C,5.39,0.0,1
CHEMBL2093869,CC(C)C[C@H]1C(=O)NCC(=O)N(C)[C@@H](CCCNC(=N)N)C(=O)NCC(=O)N[C@@H](CC(=O)O)C(=O)N(C)[C@H](Cc2ccccc2)C(=O)N1C,7.52,0.0,1
CHEMBL2093869,CC(C)C[C@H]1C(=O)NCC(=O)N(C)[C@@H](CCCNC(=N)N)C(=O)NCC(=O)N[C@@H](CC(=O)O)C(=O)N[C@H](Cc2ccccc2)C(=O)N1C,7.82,0.0,1
CHEMBL2093869,CC(C)C[C@H]1C(=O)NCC(=O)N[C@@H](CCCNC(=N)N)C(=O)NCC(=O)N[C@@H](CC(=O)O)C(=O)N(C)[C@H](Cc2ccccc2)C(=O)N1C,6.21,0.0,1
CHEMBL2093869,CC(C)C[C@H]1C(=O)NCC(=O)N[C@@H](CCCNC(=N)N)C(=O)NCC(=O)N[C@@H](CC(=O)O)C(=O)N[C@H](Cc2ccccc2)C(=O)N1C,6.25,0.0,1
CHEMBL2093869,CC(C)C[C@H]1NC(=O)CSC[C@@H](C(=O)O)NC(=O)[C@H](CC(=O)O)NC(=O)CNC(=O)[C@H](CCCN=C(N)N)NC1=O,7.42,0.0,1
CHEMBL2093869,CC(C)C[C@H]1NC(=O)[C@H](CC(=O)O)NC(=O)CNC(=O)[C@H](CCCN=C(N)N)NC(=O)[C@@H](Cc2c[nH]cn2)NC(=O)CNC(=O)CC2(CCCCC2)SSC[C@@H](C(=O)N[C@@H](C)C(=O)O)NC(=O)[C@H](CCCN=C(N)N)NC1=O,7.7,0.0,1
CHEMBL2093869,CC(C)C[C@H]1NC(=O)[C@H](CC(=O)O)NC(=O)CNC(=O)[C@H](CCCN=C(N)N)NC(=O)[C@@H](Cc2c[nH]cn2)NC(=O)CNC(=O)CNC(=O)[C@H](N)C(C)(C)SSC[C@@H](C(=O)N[C@@H](C)C(=O)O)NC(=O)[C@H](CCCN=C(N)N)NC1=O,6.140000000000001,0.9616652224137046,2
CHEMBL2093869,CC(C)C[C@H]1NC(=O)[C@H](CC(=O)O)NC(=O)CNC(=O)[C@H](CCCN=C(N)N)NC(=O)[C@@H](Cc2c[nH]cn2)NC(=O)CNC(=O)[C@@H](N)CCC/N=C(/N)NC(=O)[C@H](N)C2(CCCC2)SSC[C@@H](C(=O)N[C@@H](CCCN=C(N)N)C(=O)O)NC(=O)[C@H](CCCN=C(N)N)NC1=O,7.52,0.0,1
CHEMBL2093869,CC(C)C[C@H]1NC(=O)[C@H](CC(=O)O)NC(=O)CNC(=O)[C@H](CCCN=C(N)N)NC(=O)[C@@H](Cc2c[nH]cn2)NC(=O)CNC(=O)[C@@H](N)CCC/N=C(/N)NC(=O)[C@H](N)C2(CCCCC2)SSC[C@@H](C(=O)N[C@@H](CCCN=C(N)N)C(=O)O)NC(=O)[C@H](CCCN=C(N)N)NC1=O,6.4,0.0,1
CHEMBL2093869,CC(C)NCCCCC(NC(=O)OC(C)(C)C)C(=O)NC12CC3CC(CC(NCC(=O)O)(C3)C1)C2,4.52,0.0,1
CHEMBL2093869,CC(C)NCCCC[C@@H](NC(=O)OC(C)(C)C)C(=O)N1CCCC(C(=O)NCCC(=O)O)C1,4.7,0.0,1
CHEMBL2093869,CC(C)NCCCNC(=O)c1cnn(-c2nc(-c3cccc(C(F)(F)F)c3)cs2)c1C(F)(F)F,4.95,0.0,1
CHEMBL2093869,CC(C)OC(=O)COc1ccc(C(=O)CN(C)C(=O)c2ccc(C(=N)N)cc2)cc1OCC(=O)OC(C)C,6.05,0.0,1
CHEMBL2093869,CC(C)OC(=O)NC(Cc1ccc(NC(=O)c2cccc(NC(=N)N)c2)cc1)C(=O)O,7.66,0.0,1
CHEMBL2093869,CC(C)OC(=O)NC(Cc1ccc(NC(=O)c2cccc(NC3=NC(=O)CN3)c2)cc1)C(=O)O,5.9,0.0,1
CHEMBL2093869,CC(C)OC(=O)N[C@@H](CNC(=O)CC1CC(c2ccc(C(=N)N)cc2)=NO1)C(=O)O,6.89,0.0,1
CHEMBL2093869,CC(C)OP(=O)(NC(CNC(=O)CC1CC(c2ccc(C(=N)N)cc2)=NO1)C(=O)O)OC(C)C,6.835,0.2192031021678301,2
CHEMBL2093869,CC(C)Oc1ccc(C(CC(=O)O)NC(=O)CCC(=O)Nc2ccc3c(c2)CNC3)cc1,6.98,0.0,1
CHEMBL2093869,CC(C)Oc1ccc(C(CC(=O)O)NC(=O)CCC(=O)Nc2ccc3c(c2)CNCC3)cc1,7.06,0.0,1
CHEMBL2093869,CC(C)[C@@H]1C(=O)N[C@@H](CCCN=C(N)N)C(=O)NCC(=O)N[C@H](CC(=O)O)C(=O)N[C@H](Cc2ccccc2)C(=O)N1C,6.07,0.0,1
CHEMBL2093869,CC(C)[C@@H]1NC(=O)CSC[C@@H](C(=O)O)NC(=O)[C@H](CC(=O)O)NC(=O)CNC(=O)[C@H](CCCN=C(N)N)NC1=O,7.8999999999999995,1.1313708498984758,2
CHEMBL2093869,CC(C)[C@@H]1NC(=O)C[S+]([O-])C[C@@H](C(=O)O)NC(=O)[C@H](CC(=O)O)NC(=O)CNC(=O)[C@H](CCCN=C(N)N)NC1=O,7.7425,0.866270742897392,4
CHEMBL2093869,CC(C)[C@@H]1NC(=O)Cc2csc(n2)NC(=O)[C@H](CC(=O)O)NC(=O)CNC(=O)[C@H](CCCN=C(N)N)N(C)C1=O,6.4,0.0,1
CHEMBL2093869,CC(C)[C@@H]1NC(=O)[C@@H](Cc2ccccc2)NC(=O)[C@H](CC(=O)O)NC(=O)CNC(=O)[C@H](CCCN=C(N)N)NC1=O,4.92,0.0,1
CHEMBL2093869,CC(C)[C@@H]1NC(=O)[C@H](CCCN=C(N)N)NC(=O)CNC(=O)[C@H](CC(=O)O)NC(=O)[C@H](Cc2ccccc2)NC1=O,6.07,0.0,1
CHEMBL2093869,CC(C)[C@@H]1NC(=O)c2ccc([nH]2)CNC(=O)[C@H](CC(=O)O)NC(=O)CNC(=O)[C@H](CCCN=C(N)N)N(C)C1=O,7.0,0.0,1
CHEMBL2093869,CC(C)[C@@H]1NC(=O)c2ccc(o2)CNC(=O)[C@H](CC(=O)O)NC(=O)CNC(=O)[C@H](CCCN=C(N)N)N(C)C1=O,7.3,0.0,1
CHEMBL2093869,CC(C)[C@@H]1NC(=O)c2ccc(s2)CNC(=O)[C@H](CC(=O)O)NC(=O)CNC(=O)[C@H](CCCN=C(N)N)N(C)C1=O,7.0,0.0,1
CHEMBL2093869,CC(C)[C@@H]1NC(=O)c2cccc(c2)CNC(=O)[C@H](CC(=O)O)NC(=O)CNC(=O)[C@H](CCCN=C(N)N)N(C)C1=O,7.7,0.0,1
CHEMBL2093869,CC(C)[C@@H]1NC(=O)c2cccc(c2F)CNC(=O)[C@H](CC(=O)O)NC(=O)CNC(=O)[C@H](CCCN=C(N)N)N(C)C1=O,7.7,0.0,1
CHEMBL2093869,CC(C)[C@@H]1NC(=O)c2cccc(n2)CNC(=O)[C@H](CC(=O)O)NC(=O)CNC(=O)[C@H](CCCN=C(N)N)N(C)C1=O,5.7,0.0,1
CHEMBL2093869,CC(C)[C@H](NC(=O)[C@H](CC(=O)O)NC(=O)CCCCOc1ccc(C(=N)N)cc1)C(=O)O,6.64,0.0,1
CHEMBL2093869,CC(C)[C@H](NC(=O)[C@H](CC(=O)O)NC(=O)CCCOc1ccc(C(=N)N)cc1)C(=O)O,6.975,0.021213203435596916,2
CHEMBL2093869,CC(C)[C@H](NC(=O)[C@H](CC(=O)O)NC(=O)CNC(=O)[C@H](CCCN=C(N)N)NC(=O)CN)C(=O)O,5.82,2.4041630560342613,2
CHEMBL2093869,CC(C)[C@H]1C(=O)N[C@@H](CCCNC(=N)N)C(=O)NCC(=O)N[C@@H](CC(=O)O)C(=O)N[C@H](Cc2ccccc2)C(=O)N1C,5.38,0.0,1
CHEMBL2093869,CC(C)[C@H]1NC(=O)/C=C\CCNC(=O)[C@@H](CC(=O)O)NC(=O)CNC(=O)[C@@H](CCCN=C(N)N)N(C)C1=O,6.7,0.0,1
CHEMBL2093869,CC(C)[C@H]1NC(=O)C/C=C\CNC(=O)[C@@H](CC(=O)O)NC(=O)CNC(=O)[C@@H](CCCN=C(N)N)N(C)C1=O,6.7,0.0,1
CHEMBL2093869,CC(C)[C@H]1NC(=O)CSC[C@@H](C(=O)O)NC(=O)[C@H](CC(=O)O)NC(=O)CNC(=O)[C@H](CCCN=C(N)N)NC1=O,6.414999999999999,1.9162593770155434,2
CHEMBL2093869,CC(C)[C@H]1NC(=O)[C@@H](Cc2ccccc2)NC(=O)[C@@H](CC(=O)O)NC(=O)CNC(=O)[C@H](CCCN=C(N)N)N(C)C1=O,5.28,0.0,1
CHEMBL2093869,CC(C)[C@H]1NC(=O)[C@@H](Cc2ccccc2)NC(=O)[C@@H](CC(=O)O)NC(=O)CNC(=O)[C@H](CCCN=C(N)N)NC1=O,5.77,0.0,1
CHEMBL2093869,CC(C)[C@H]1NC(=O)[C@H](CC(=O)O)NC(=O)CNC(=O)[C@H](CCCN=C(N)N)NC(=O)[C@@H](Cc2c[nH]cn2)NC(=O)CNC(=O)[C@@H](N)CCC/N=C(/N)NC(=O)[C@H](N)C2(CCCCC2)SSC[C@@H](C(=O)N[C@@H](CCCN=C(N)N)C(=O)O)NC(=O)[C@H](CCCN=C(N)N)NC1=O,6.82,0.0,1
CHEMBL2093869,CC(C)c1ccc(S(=O)(=O)N[C@@H](CNC(=O)c2ccc(CCC(=O)NC3=NCCCN3)s2)C(=O)O)cc1,7.77,0.0,1
CHEMBL2093869,CC(CC(=O)NC(CC(=O)O)c1ccccc1)NC(=O)c1cc2cc(C(=N)N)ccc2[nH]1,5.449999999999999,0.21213203435596445,2
CHEMBL2093869,CC(CC(=O)NC(CC(=O)O)c1ccccc1)NC(=O)c1cc2cc(C(=N)N)ccc2o1,7.0,0.9899494936611668,2
CHEMBL2093869,CC(CC(=O)O)(Cc1nc(CCCc2ccc3c(n2)NCCC3)no1)c1ccccc1,4.45,0.0,1
CHEMBL2093869,CC(CC(=O)O)(Cc1nc(CCCc2ccc3c(n2)NCCC3)no1)c1cccnc1,6.02,0.0,1
CHEMBL2093869,CC(CC(=O)O)Cc1nc(CCCc2ccc3c(n2)NCCC3)no1,5.03,0.0,1
CHEMBL2093869,CC(CC(=O)O)N1CCC(C(=O)N2CCC3(CC2)CCN(c2ccncc2)C3)CC1,6.65,0.0,1
CHEMBL2093869,CC(CC(=O)O)NC(=O)C1CCCN(C(=O)CCC2CCNCC2)C1,8.52,0.0,1
CHEMBL2093869,CC(CC(=O)O)NC(=O)N1CCC2(CC1)CCN(c1ccc(C(=N)N)cc1)C2=O,7.655,1.053589103967956,2
CHEMBL2093869,CC(CCCCCNC(=O)c1cc2cc(C(=N)N)ccc2[nH]1)C(=O)O,4.76,0.5656854249492376,2
CHEMBL2093869,CC(CCCCNC(=O)c1cc2cc(C(=N)N)ccc2[nH]1)CC(=O)O,6.029999999999999,0.6788225099390853,2
CHEMBL2093869,CC(CNC(=O)C1CCC2(CC1)CCN(c1ccncc1)CC2)CC(=O)O,6.48,0.0,1
CHEMBL2093869,CC(NC(=O)c1ccc(C(=N)N)cc1)C(C)(C)C(=O)N1CCC(CC(=O)O)CC1,8.28,0.0,1
CHEMBL2093869,CC(NC(=O)c1ccc(C(=N)N)cc1F)C(C)(C)C(=O)N1CCC(CC(=O)O)CC1,8.37,0.0,1
CHEMBL2093869,CC/N=C(\N)c1ccc(N2CCC3(CCN(C(=O)CCCC(=O)O)CC3)C2=O)cc1,5.6,0.6788225099390853,2
CHEMBL2093869,CC1(C(=O)NC[C@H](NC(=O)OCc2ccccc2)C(=O)O)CCCn2c(CCC3CCNCC3)nnc21,7.74,0.0,1
CHEMBL2093869,CC1(C)SSCCC(=O)N[C@@H](CCCN=C(N)N)C(=O)NCC(=O)N[C@@H](CC(=O)O)C(=O)N[C@@H](Cc2c[nH]c3ccccc23)C(=O)N2CCC[C@H]2C(=O)N[C@@H]1C(N)=O,7.0,0.0,1
CHEMBL2093869,CCC(=O)Nc1cccc(SC(CC(=O)O)c2cccnc2)c1,4.52,0.0,1
CHEMBL2093869,CCC(CC(=O)O)N1CCc2cc(OCc3ccc(C(=N)N)cc3)ccc2C1=O,6.93,0.5798275605729691,2
CHEMBL2093869,CCC(CCCCCNC(=O)c1cc2cc(C(=N)N)ccc2[nH]1)C(=O)O,4.57,0.0,1
CHEMBL2093869,CCC(CCCCNC(=O)c1cc2cc(C(=N)N)ccc2[nH]1)CC(=O)O,5.82,0.7636753236814714,2
CHEMBL2093869,CCC(NC(=O)c1ccc(C(=N)N)cc1)C(C)(C)C(=O)N1CCC(CC(=O)O)CC1,8.3,0.0,1
CHEMBL2093869,CCC(NC(=O)c1ccc(C(=N)N)cc1F)C(C)(C)C(=O)N1CCC(CC(=O)O)CC1,8.57,0.0,1
CHEMBL2093869,CCC/N=C(\N)c1ccc(C(=O)Nc2ccc3c(c2)CC(CC(=O)O)CC3)cc1,9.89,0.0,1
CHEMBL2093869,CCC1SC[C@@H](C(=O)O)NC(=O)[C@H](CC(=O)O)NC(=O)CNC(=O)[C@H](CCCN=C(N)N)NC(=O)CNC1=O,7.076666666666667,1.551912798237496,3
CHEMBL2093869,CCCC(=O)NC(Cc1ccc2cc(OCCCN3CCNCC3)ccc2c1)C(=O)O,5.27,0.0,1
CHEMBL2093869,CCCC(=O)NC(Cc1ccc2cc(OCc3ccc(C(=N)N)cc3)ccc2c1)C(=O)O,5.97,0.0,1
CHEMBL2093869,CCCC(C(=O)O)N1CCc2cc(OCc3ccc(C(=N)N)cc3)ccc2C1=O,5.77,0.0,1
CHEMBL2093869,CCCC(CC(=O)O)N1CCc2cc(OCc3ccc(C(=N)N)cc3)ccc2C1=O,6.984999999999999,0.48790367901871773,2
CHEMBL2093869,CCCC(CN1CCc2cc(OCc3ccc(C(=N)N)cc3)ccc2C1=O)C(=O)O,5.75,0.0,1
CHEMBL2093869,CCCC(NC(=O)c1ccc(C(=N)N)cc1)C(C)(C)C(=O)N1CCC(CC(=O)O)CC1,8.29,0.0,1
CHEMBL2093869,CCCC1SC[C@@H](C(=O)O)NC(=O)[C@H](CC(=O)O)NC(=O)CNC(=O)[C@H](CCCN=C(N)N)NC(=O)CNC1=O,7.256666666666667,1.2786842195527919,3
CHEMBL2093869,CCCCC(CC(=O)O)N1CCc2cc(OCc3ccc(C(=N)N)cc3)ccc2C1=O,6.8100000000000005,0.8343860018001268,2
CHEMBL2093869,CCCCC(CCCCCNC(=O)c1cc2cc(C(=N)N)ccc2[nH]1)C(=O)O,4.8,0.0,1
CHEMBL2093869,CCCCC(CCCCNC(=O)c1cc2cc(C(=N)N)ccc2[nH]1)CC(=O)O,5.35,1.0606601717798212,2
CHEMBL2093869,CCCCC(NC(=O)c1ccc(C(=N)N)cc1)C(C)(C)C(=O)N1CCC(CC(=O)O)CC1,8.42,0.0,1
CHEMBL2093869,CCCCC(NC(=O)c1ccc(C(=N)N)cc1F)C(C)(C)C(=O)N1CCC(CC(=O)O)CC1,8.24,0.0,1
CHEMBL2093869,CCCCCC(CC(=O)O)N1CCc2cc(OCc3ccc(C(=N)N)cc3)ccc2C1=O,7.065,0.6069321763316445,4
CHEMBL2093869,CCCCCC(NC(=O)c1ccc(C(=N)N)cc1)C(C)(C)C(=O)N1CCC(CC(=O)O)CC1,7.65,0.0,1
CHEMBL2093869,CCCCCCC(CC(=O)O)N1CCc2cc(OCc3ccc(C(=N)N)cc3)ccc2C1=O,6.63,0.8256310717667226,4
CHEMBL2093869,CCCCCCC(CCCCNC(=O)c1cc2cc(C(=N)N)ccc2[nH]1)CC(=O)O,5.23,1.4142135623730951,2
CHEMBL2093869,CCCCCCOC(=O)N[C@@H](CNC(=O)CC1CC(c2ccc(C(=N)N)cc2)=NO1)C(=O)O,7.39,0.0,1
CHEMBL2093869,CCCCN(Cc1ccccc1)C(=O)[C@H](CC(=O)O)NC(=O)CC1CC(c2ccc(C(=N)N)cc2)=NO1,6.75,0.0,1
CHEMBL2093869,CCCCOC(=O)N1C[C@@]2(CC(C(=O)NC[C@H](NS(=O)(=O)c3c(C)cc(C)cc3C)C(=O)O)=NO2)C[C@H]1CNc1ncc[nH]1,4.96,0.0,1
CHEMBL2093869,CCCCOC(=O)N[C@@H](CCC(=O)N1CCC2(CC1)C(=O)N(c1ccc(C(=N)N)cc1)C(=O)N2C)C(=O)O,7.445,0.36062445840513907,2
CHEMBL2093869,CCCCOC(=O)N[C@@H](CCC(=O)N1CCC2(CC1)CC(=O)N(c1ccc(C(=N)N)cc1)C2=O)C(=O)O,7.045,0.6717514421272196,2
CHEMBL2093869,CCCCOC(=O)N[C@@H](CCC(=O)N1CCC2(CC1)CCN(c1ccc(C(=N)N)cc1)C2=O)C(=O)O,7.74,0.7919595949289339,2
CHEMBL2093869,CCCCOC(=O)N[C@@H](CCC(=O)N1CCC2(CC1)CCN(c1ccncc1)C2)C(=O)O,7.77,0.0,1
CHEMBL2093869,CCCCOC(=O)N[C@@H](CCC(=O)N1CCC2(CC1)CCN(c1ccncc1)CC2)C(=O)O,8.4,0.0,1
CHEMBL2093869,CCCCOC(=O)N[C@@H](CN(C)C(=O)CC1CC(c2ccc(C(=N)N)cc2)=NO1)C(=O)O,6.7,0.0,1
CHEMBL2093869,CCCCOC(=O)N[C@@H](CNC(=O)C1CCC2(CC1)CCN(c1ccncc1)CC2)C(=O)O,8.1,0.0,1
CHEMBL2093869,CCCCOC(=O)N[C@@H](CNC(=O)CC1=NOC(c2ccc(C(=N)N)cc2)C1)C(=O)OC,4.47,0.0,1
CHEMBL2093869,CCCCOC(=O)N[C@@H](CNC(=O)CC1CC(C2CCNCC2)=NO1)C(=O)O,5.2,0.0,1
CHEMBL2093869,CCCCOC(=O)N[C@@H](CNC(=O)CC1CC(CC2CCNCC2)=NO1)C(=O)O,5.0,0.0,1
CHEMBL2093869,CCCCOC(=O)N[C@@H](CNC(=O)CC1CC(CCC2CCNCC2)=NO1)C(=O)O,6.75,0.0,1
CHEMBL2093869,CCCCOC(=O)N[C@@H](CNC(=O)CC1CC(CCCC2CCNCC2)=NO1)C(=O)O,6.75,0.0,1
CHEMBL2093869,CCCCOC(=O)N[C@@H](CNC(=O)CC1CC(CCCN=C(N)N)=NO1)C(=O)O,5.68,0.0,1
CHEMBL2093869,CCCCOC(=O)N[C@@H](CNC(=O)CC1CC(c2ccc(C(=N)N)cc2)=NO1)C(=O)O,7.25,0.1838477631085022,2
CHEMBL2093869,CCCCOC(=O)N[C@@H](CNC(=O)CC1CC(c2ccc(C(=N)N)cc2)=NO1)C(=O)OC,7.52,0.0,1
CHEMBL2093869,CCCCOC(=O)N[C@@H](CNC(=O)CC1CC(c2ccc(C(=N)N)cc2F)=NO1)C(=O)O,7.14,0.0,1
CHEMBL2093869,CCCCOC(=O)N[C@@H](CNC(=O)CC1CC(c2ccc(NC(=N)N)cc2)=NO1)C(=O)O,7.06,0.0,1
CHEMBL2093869,CCCCOC(=O)N[C@@H](CNC(=O)C[C@@H]1CC(c2ccc(C(=N)N)cc2)=NO1)C(=O)O,7.5,0.0,1
CHEMBL2093869,CCCCOC(=O)N[C@@H](CNC(=O)C[C@H]1CC(c2ccc(C(=N)N)cc2)=NO1)C(=O)O,7.260000000000001,0.06928203230275515,3
CHEMBL2093869,CCCCOC(=O)N[C@H](CCNC(=O)CC1CC(CC2CCNCC2)=NO1)C(=O)O,4.46,0.0,1
CHEMBL2093869,CCCCOC(=O)N[C@H](CNC(=O)C[C@@H]1CC(c2ccc(C(=N)N)cc2)=NO1)C(=O)O,7.0,0.0,1
CHEMBL2093869,CCCCOC(=O)N[C@H](CNC(=O)C[C@H]1CC(c2ccc(C(=N)N)cc2)=NO1)C(=O)O,7.57,0.0,1
CHEMBL2093869,CCCCOP(=O)(NC(CNC(=O)CC1CC(c2ccc(C(=N)N)cc2)=NO1)C(=O)O)OCCCC,6.800000000000001,0.1979898987322338,2
CHEMBL2093869,CCCCOc1ccc(C[C@@H]2NC(=O)[C@@H](CC(=O)O)NC(=O)CNC(=O)[C@@H](CCCN=C(N)N)NC(=O)[C@@H]3CCCN3C(=O)[C@@H]([C@@H](C)CC)NC(=O)[C@H](NC(C)=O)CSSC[C@H](C(N)=O)NC(=O)[C@@H](CCCN=C(N)N)NC2=O)cc1,7.8,0.0,1
CHEMBL2093869,CCCCOc1ccc(C[C@@H]2NC(=O)[C@H](CC(=O)O)NC(=O)CNC(=O)[C@H](CCCN=C(N)N)NC(=O)[C@@H](Cc3c[nH]cn3)NC(=O)CNC(=O)[C@@H](N)CCC/N=C(/N)NC(=O)[C@H](N)C3(CCCCC3)SSC[C@@H](C(=O)N[C@@H](CCCN=C(N)N)C(=O)O)NC(=O)[C@H](CCCN=C(N)N)NC2=O)cc1,7.52,0.0,1
CHEMBL2093869,CCCCOc1ccc(C[C@@H]2NC(=O)[C@H](Cc3ccc(OC)cc3)NC(=O)[C@@H](CC(=O)O)NC(=O)CNC(=O)[C@@H](CCCN=C(N)N)NC(=O)[C@@H]3CCCN3C(=O)[C@@H](CC(N)=O)NC(=O)[C@@H](NC(C)=O)CSSC[C@@H](C(N)=O)NC2=O)cc1,7.3,0.0,1
CHEMBL2093869,CCCCOc1ccc(C[C@H]2NC(=O)[C@H](CC(=O)O)NC(=O)CNC(=O)[C@H](CCCN=C(N)N)NC(=O)[C@H]3CCCN3C(=O)[C@H](CC(N)=O)NC(=O)[C@@H](NC(C)=O)CSSC[C@@H](C(N)=O)NC(=O)[C@H](CCCN=C(N)N)NC2=O)cc1,8.22,0.0,1
CHEMBL2093869,CCCCS(=O)(=O)NC(CNC(=O)CCNC(=O)c1[nH]nc2cc(C(=N)N)ccc12)C(=O)O,7.99,1.0040916292848965,2
CHEMBL2093869,CCCCS(=O)(=O)NC(CNC(=O)CCNC(=O)c1c[nH]c2cc(C(=N)N)ccc12)C(=O)O,8.0,0.9899494936611658,2
CHEMBL2093869,CCCCS(=O)(=O)NC(CNC(=O)CCNC(=O)c1cc2ccc(C(=N)N)cc2[nH]1)C(=O)O,7.26,0.0,1
CHEMBL2093869,CCCCS(=O)(=O)NC(CNC(=O)CN1C(=O)N[C@@H](CCCN=C(N)N)C1=O)C(=O)O,6.46,0.0,1
CHEMBL2093869,CCCCS(=O)(=O)NC(Cc1ccc2cc(OCCCN3CCNCC3)ccc2c1)C(=O)O,6.28,0.0,1
CHEMBL2093869,CCCCS(=O)(=O)NC(Cc1ccc2cc(OCc3ccc(C(=N)N)cc3)ccc2c1)C(=O)O,5.48,0.0,1
CHEMBL2093869,CCCCS(=O)(=O)N[C@@H](CCC(=O)N1CCC2(CC1)CCN(c1ccncc1)CC2)C(=O)O,7.64,0.0,1
CHEMBL2093869,CCCCS(=O)(=O)N[C@@H](CNC(=O)C1CCC2(CC1)CCN(c1ccncc1)CC2)C(=O)O,8.52,0.0,1
CHEMBL2093869,CCCCS(=O)(=O)N[C@@H](CNC(=O)CC1CC(CCC2CCNCC2)=NO1)C(=O)O,6.64,0.0,1
CHEMBL2093869,CCCCS(=O)(=O)N[C@@H](CNC(=O)CC1CC(c2ccc(C(=N)N)cc2)=NO1)C(=O)O,7.51,0.0,1
CHEMBL2093869,CCCCS(=O)(=O)N[C@@H](CNC(=O)CCNC(=O)c1cc2cc(C(=N)N)ccc2o1)C(=O)O,8.08,0.8768124086713182,2
CHEMBL2093869,CCCCS(=O)(=O)N[C@@H](CNC(=O)CCNC(=O)c1ccc2c(c1)CNCC2)C(=O)O,6.5,0.0,1
CHEMBL2093869,CCCCS(=O)(=O)N[C@@H](CNC(=O)c1ccc(CCC(=O)NC2=NCCCN2)s1)C(=O)O,6.03,0.0,1
CHEMBL2093869,CCCCS(=O)(=O)N[C@@H](Cc1ccc(OCCCCC2CCNCC2)cc1)C(=O)O,8.153333333333332,1.0562670116973263,9
CHEMBL2093869,CCCCS(=O)(=O)N[C@H](CNC(=O)CCNC(=O)c1ccc2c(c1)CNCC2)C(=O)O,6.17,0.0,1
CHEMBL2093869,CCCC[C@H](NC(=O)[C@H](CC(=O)O)NC(=O)CCCOc1ccc(C(=N)N)cc1)C(=O)O,7.12,0.0,1
CHEMBL2093869,CCCCn1c(C)c(C(=O)NCCC(=O)O)s/c1=N\C(=O)c1ccc(C(=N)N)cc1,9.89,0.0,1
CHEMBL2093869,CCCCn1nc(CC(CC(=O)O)c2ccc3c(c2)OCO3)cc1OCCc1ccc2c(n1)NCCC2,7.41,0.0,1
CHEMBL2093869,CCCNCCCNC(=O)c1cnn(-c2nc(-c3cccc(C(F)(F)F)c3)cs2)c1C(F)(F)F,5.0,0.0,1
CHEMBL2093869,CCCS(=O)(=O)N[C@@H](CNC(=O)c1ccc(CCC(=O)NC2=NCCCN2)s1)C(=O)O,6.98,0.0,1
CHEMBL2093869,CCN(CC)CCCNC(=O)c1cnn(-c2nc(-c3ccc(C(F)(F)F)cc3)cs2)c1C(F)(F)F,4.4,0.0,1
CHEMBL2093869,CCN(CC)CCCNC(=O)c1cnn(-c2nc(-c3ccc(C)cc3)cs2)c1C(F)(F)F,4.16,0.0,1
CHEMBL2093869,CCN(CC)CCCNC(=O)c1cnn(-c2nc(-c3ccc(Cl)cc3)cs2)c1C(F)(F)F,4.35,0.0,1
CHEMBL2093869,CCN(CC)CCCNC(=O)c1cnn(-c2nc(-c3cccc(C(F)(F)F)c3)c(Br)s2)c1C(F)(F)F,5.89,0.0,1
CHEMBL2093869,CCN(CC)CCCNC(=O)c1cnn(-c2nc(-c3cccc(C(F)(F)F)c3)cs2)c1C(F)(F)F,5.39,0.0,1
CHEMBL2093869,CCN(CC)CCCNC(=O)c1cnn(-c2nc(-c3cccc(C)c3)cs2)c1C(F)(F)F,4.3,0.0,1
CHEMBL2093869,CCN(CC)CCCNC(=O)c1cnn(-c2nc(-c3ccccc3)cs2)c1C(F)(F)F,4.3,0.0,1
CHEMBL2093869,CCOC(=O)C(=O)N(Cc1ccccc1)c1ccc2c(c1)N(C)CC(C)(COc1ccc(C(=N)N)cc1)O2,4.31,0.0,1
CHEMBL2093869,CCOC(=O)C(=O)N(Cc1ccccc1)c1ccc2c(c1)OC(C)(COc1ccc(C(=N)N)cc1)CN2C,4.28,0.0,1
CHEMBL2093869,CCOC(=O)C1CCN(c2ccc(N3C[C@@H](CNC(=O)c4ccc(C(=N)N)cc4)OC3=O)cc2)CC1,4.02,0.0,1
CHEMBL2093869,CCOC(=O)C1CCN(c2ccc(N3C[C@@H](CNCc4ccc(C(=N)N)cc4)OC3=O)cc2)CC1,4.46,0.0,1
CHEMBL2093869,CCOC(=O)C1CCN(c2ccc(N3C[C@H](CNC(=O)c4ccc(C(=N)N)cc4)OC3=O)cc2)CC1,4.85,0.0,1
CHEMBL2093869,CCOC(=O)C1CCN(c2ccc(N3C[C@H](CNCc4ccc(C(=N)N)cc4)OC3=O)cc2)CC1,4.26,0.0,1
CHEMBL2093869,CCOC(=O)CC1CCN(C(=O)C(C)(C)C(CC)NC(=O)c2ccc(C(=N)N)cc2F)CC1,8.57,0.0,1
CHEMBL2093869,CCOC(=O)CC1CCN(C(=O)C(C)(C)C(CC)NC(=O)c2ccc(C(=N)N3CCC(O)CC3)cc2F)CC1,8.24,0.0,1
CHEMBL2093869,CCOC(=O)CC1CCN(C(=O)C(C)(C)C(CC)NC(=O)c2ccc(C(=N)N3CCCC3)cc2F)CC1,8.15,0.0,1
CHEMBL2093869,CCOC(=O)CC1CCN(C(=O)C(C)(C)C(CC)NC(=O)c2ccc(C(=N)N3CCN(C)CC3)cc2F)CC1,8.27,0.0,1
CHEMBL2093869,CCOC(=O)CC1CCN(C(=O)C(C)(C)C(CC)NC(=O)c2ccc(C(=N)N3CCN(c4ccc(F)cc4)CC3)cc2F)CC1,8.25,0.0,1
CHEMBL2093869,CCOC(=O)CC1CCN(C(=O)C(C)(C)C(CC)NC(=O)c2ccc(C(=N)N3CCOCC3)cc2F)CC1,8.4,0.0,1
CHEMBL2093869,CCOC(=O)CC1CCN(C(=O)C(C)(C)C(CC)NC(=O)c2ccc(C(=N)N3CCSC3)cc2F)CC1,8.64,0.0,1
CHEMBL2093869,CCOC(=O)CC1CCN(C(=O)CC(CC)NC(=O)c2ccc(C(=N)N3CCSC3)cc2F)CC1,8.64,0.0,1
CHEMBL2093869,CCOC(=O)CCNC(=O)N[C@H]1CCN(c2ccc(C(=N)N)cc2)C1=O,7.895,1.0253048327204934,2
CHEMBL2093869,CCOC(=O)CN(Cc1ccccc1)c1ccc2c(c1)N(C)CC(C)(COc1ccc(C(=N)N)cc1)O2,4.27,0.0,1
CHEMBL2093869,CCOC(=O)CN(Cc1ccccc1)c1ccc2c(c1)OC(C)(COc1ccc(C(=N)N)cc1)CN2C,4.55,0.0,1
CHEMBL2093869,CCOC(=O)COC1CCN(C(=O)[C@H](C)NC(=O)c2ccc(/C(N)=N/O)cc2)CC1,7.883333333333333,0.9174057626444978,3
CHEMBL2093869,CCOC(=O)COC1CCN(C(=O)[C@H](C)NC(=O)c2ccc(C(=N)N)cc2)CC1,6.79,0.0,1
CHEMBL2093869,CCOC(=O)COC1CCN(C(=O)[C@H](Cc2ccc(O)cc2)NC(=O)c2ccc(C(=N)N)cc2)CC1,7.29,0.0,1
CHEMBL2093869,CCOC(=O)C[C@@H](NC(=O)[C@@H]1CCCN(C(=O)CCC2CCNCC2)C1)c1ccc2c(c1)OCO2,7.32,0.0,1
CHEMBL2093869,CCOC(=O)NC(=N)c1ccc(C(=O)N[C@@H](Cc2ccc(O)cc2)C(=O)N2CCC(OCC(=O)O)CC2)cc1,7.05,0.0,1
CHEMBL2093869,CCOCCCC(CC(=O)O)N1CCc2cc(OCc3ccc(C(=N)N)cc3)ccc2C1=O,6.92,0.4029061098237817,4
CHEMBL2093869,CCOP(=O)(NC(CNC(=O)CC1CC(c2ccc(C(=N)N)cc2)=NO1)C(=O)O)OCC,6.775,0.21920310216782976,2
CHEMBL2093869,CCOc1ccc(C(CC(=O)O)NC(=O)CCC(=O)Nc2ccc3c(c2)CNCC3)cc1OC,6.29,0.0,1
CHEMBL2093869,CCOc1ccc(C[C@H]2NC(=O)[C@H](CC(=O)O)NC(=O)CNC(=O)[C@H](CCCN=C(N)N)NC(=O)[C@H]3CCCN3C(=O)[C@H](CC(N)=O)NC(=O)[C@@H](NC(C)=O)CSSC[C@@H](C(N)=O)NC(=O)[C@H](CCCN=C(N)N)NC2=O)cc1,8.4,0.0,1
CHEMBL2093869,CC[C@@H](C)[C@H]1NC(=O)CSC[C@@H](C(=O)O)NC(=O)[C@H](CC(=O)O)NC(=O)CNC(=O)[C@H](CCCN=C(N)N)NC1=O,6.484999999999999,1.7889801564019652,2
CHEMBL2093869,CC[C@@H]1NC(=O)c2cccc(c2)CNC(=O)[C@H](CC(=O)O)NC(=O)CNC(=O)[C@H](CCCN=C(N)N)N(C)C1=O,8.64,0.0,1
CHEMBL2093869,CC[C@H](C)[C@@H]1NC(=O)CSC[C@@H](C(=O)O)NC(=O)[C@H](CC(=O)O)NC(=O)CNC(=O)[C@H](CCCN=C(N)N)NC1=O,7.3950000000000005,1.1667261889578036,2
CHEMBL2093869,CC[C@H](C)[C@@H]1NC(=O)[C@@H](N)CCC/N=C(/N)NC(=O)[C@H](N)C2(CCCCC2)SSC[C@@H](C(=O)N[C@@H](CCCN=C(N)N)C(=O)O)NC(=O)[C@H](CCCN=C(N)N)NC(=O)[C@H](Cc2ccc(OC)cc2)NC(=O)[C@H](CC(=O)O)NC(=O)CNC(=O)[C@H](CCCN=C(N)N)NC(=O)[C@@H](Cc2c[nH]cn2)NC1=O,7.22,0.0,1
CHEMBL2093869,CC[C@H](C)[C@H](NC(=O)[C@H](CC(=O)O)NC(=O)CCCOc1ccc(C(=N)N)cc1)C(=O)O,6.85,0.0,1
CHEMBL2093869,CC[C@H](C)[C@H]1NC(=O)[C@H](NC(C)=O)C(C)(C)SSC[C@H](C(N)=O)NC(=O)[C@@H](CCCN=C(N)N)NC(=O)[C@H](Cc2ccc(OC)cc2)NC(=O)[C@@H](CC(=O)O)NC(=O)CNC(=O)[C@@H](CCCN=C(N)N)NC(=O)[C@@H]2CCCN2C1=O,8.7,0.0,1
CHEMBL2093869,CC[C@H](C)[C@H]1NC(=O)[C@H](NC(C)=O)CSSC[C@H](C(N)=O)NC(=O)[C@@H](CCCN=C(N)N)NC(=O)[C@H](Cc2ccc(O)cc2)NC(=O)[C@@H](CC(=O)O)NC(=O)CNC(=O)[C@@H](CCCN=C(N)N)NC(=O)[C@@H]2CCCN2C1=O,8.52,0.0,1
CHEMBL2093869,CC[C@H](C)[C@H]1NC(=O)[C@H](NC(C)=O)CSSC[C@H](C(N)=O)NC(=O)[C@@H](CCCN=C(N)N)NC(=O)[C@H](Cc2ccc(OC)cc2)NC(=O)[C@@H](CC(=O)O)NC(=O)CNC(=O)[C@@H](CCCN=C(N)N)NC(=O)[C@@H]2CCCN2C1=O,8.52,0.0,1
CHEMBL2093869,CC[C@H](C)[C@H]1NC(=O)[C@H](NC(C)=O)CSSC[C@H](C(N)=O)NC(=O)[C@@H](CCCN=C(N)N)NC(=O)[C@H](Cc2ccc([N+](=O)[O-])cc2)NC(=O)[C@@H](CC(=O)O)NC(=O)CNC(=O)[C@@H](CCCN=C(N)N)NC(=O)[C@@H]2CCCN2C1=O,6.37,0.0,1
CHEMBL2093869,CC[C@H](C)[C@H]1NC(=O)[C@H](NC(C)=O)CSSC[C@H](C(N)=O)NC(=O)[C@@H](CCCN=C(N)N)NC(=O)[C@H](Cc2ccccc2)NC(=O)[C@@H](CC(=O)O)NC(=O)CNC(=O)[C@@H](CCCN=C(N)N)NC(=O)[C@@H]2CCCN2C1=O,7.85,0.0,1
CHEMBL2093869,CC[C@H](CC(=O)O)NC(=O)C[C@H]1CC(c2ccc(C(=N)N)cc2)=NO1,7.27,0.0,1
CHEMBL2093869,CCc1cc(/C=C/C(=O)O)ccc1NC(=O)c1cccc(NC(=N)N)c1,7.82,0.0,1
CHEMBL2093869,CCc1cc(/C=C/C(=O)O)ccc1NC(=O)c1cccc(NC2=NCCCN2)c1,6.36,0.0,1
CHEMBL2093869,CCc1cc(/C=C/C(=O)O)ccc1NC(=O)c1cccc(NC2=NCCN2)c1,6.9,0.0,1
CHEMBL2093869,CCc1cc(F)cc(C)c1C(=O)NC(Cc1ccc(N2CCC(CNc3ccccn3)CC2)cc1)C(=O)O,4.14,0.0,1
CHEMBL2093869,CCc1ccc(C(=O)N[C@@H](CNC(=O)CC2CC(c3ccc(C(=N)N)cc3)=NO2)C(=O)O)cc1,7.31,0.0,1
CHEMBL2093869,CCc1cccc(C)c1C(=O)NC(Cc1ccc(N2CCC(CNc3ccccn3)CC2)cc1)C(=O)O,4.06,0.0,1
CHEMBL2093869,CCc1nn2c(=O)cc(N3CCNCC3)nc2s1,4.89,0.0,1
CHEMBL2093869,CCn1c(C)c(C(=O)NCCC(=O)O)s/c1=N\C(=O)c1ccc(C(=N)N)cc1,9.92,0.0,1
CHEMBL2093869,CN(C(=O)[C@H](CC(=O)O)NC(=O)CCCCOc1ccc(C(=N)N)cc1)[C@@H](Cc1ccc(O)cc1)C(=O)O,6.57,0.0,1
CHEMBL2093869,CN(C(=O)[C@H](CC(=O)O)NC(=O)CCCOc1ccc(C(=N)N)cc1)[C@@H](Cc1ccc(O)cc1)C(=O)O,6.89,0.0,1
CHEMBL2093869,CN(C(=O)c1ccc(C(=N)N)cc1)C(c1ccccc1)C(C)(C)C(=O)N1CCC(CC(=O)O)CC1,7.67,0.0,1
CHEMBL2093869,CN(C(=O)c1ccc2c(c1)CN(CCc1ccccc1)C(=O)C(CC(=O)O)N2)c1ccc(C(=N)N)cc1,6.8,0.0,1
CHEMBL2093869,CN(C(=O)c1ccc2c(c1)NC(CC(=O)O)C(=O)N(CCc1ccccc1)C2)c1ccc(C(=N)N)cc1,7.19,0.0,1
CHEMBL2093869,CN(C(=O)c1ccccc1)C(CCCN=C(N)N)C(=O)NCC1=CC(CC(=O)O)C(=O)N(c2ccccc2)CC1,5.96,0.0,1
CHEMBL2093869,CN(C(=O)c1ccccc1S)[C@@H](CCCN=C(N)N)C(=O)NCC(=O)N[C@@H](CC(=O)O)C(=O)Nc1ccccc1S,7.05,0.0,1
CHEMBL2093869,CN(C)/C=N/CCCNC(=O)c1cnn(-c2nc(-c3cccc(C(F)(F)F)c3)cs2)c1C(F)(F)F,4.81,0.0,1
CHEMBL2093869,CN(C)c1cccc2c(S(=O)(=O)N[C@@H](CNC(=O)CCNC(=O)c3cc4cc(C(=N)N)ccc4o3)C(=O)O)cccc12,7.945,1.0677312395916856,2
CHEMBL2093869,CN(CC(=O)NC(CC(=O)O)c1ccccc1)C(=O)c1cc2cc(C(=N)N)ccc2[nH]1,4.8,0.2828427124746193,2
CHEMBL2093869,CN(CC(=O)O)C1CCN(C(=O)N2CCC3(CC2)CCN(c2ccncc2)C3)CC1,5.92,0.0,1
CHEMBL2093869,CN(CC(=O)c1ccc(OCC(=O)O)c(OCC(=O)O)c1)C(=O)c1ccc(C(=N)N)cc1,9.4,0.0,1
CHEMBL2093869,CN(CCC(=O)NC(CC(=O)O)c1ccccc1)C(=O)c1cc2cc(C(=N)N)ccc2[nH]1,6.5,1.6970562748477143,2
CHEMBL2093869,CN(CCC(=O)NC(CC(=O)O)c1ccccc1)C(=O)c1cc2cc(C(=N)N)ccc2o1,6.71,0.1555634918610409,2
CHEMBL2093869,CN(CCC(=O)O)C(=O)C1CCCN(C(=O)CCC2CCNCC2)C1,6.7,0.0,1
CHEMBL2093869,CN(CCCC(=O)NCC1=CCc2ccccc2C(CC(=O)O)C1)c1ccccn1,6.18,0.0,1
CHEMBL2093869,CN(CCCCCCC(=O)O)C(=O)c1cc2cc(C(=N)N)ccc2[nH]1,5.994999999999999,0.6717514421272199,2
CHEMBL2093869,CN(C[C@@H](C(=O)O)N(C)C(=O)OCc1ccccc1)C(=O)CC1CC(c2ccc(C(=N)N)cc2)=NO1,6.24,0.0,1
CHEMBL2093869,CN([C@@H](CNC(=O)C1=NOC(CCCCNc2ccccn2)C1)C(=O)O)S(=O)(=O)c1ccc(-c2ccccc2)cc1,4.16,0.0,1
CHEMBL2093869,CN1C(=O)CN(CCC(=O)O)C(=O)c2cc(C#Cc3ccc(C(=N)N)cc3)ccc21,7.4399999999999995,0.7353910524340092,2
CHEMBL2093869,CN1C(=O)N(c2ccc(C(=N)N)cc2)C(=O)C12CCN(C(=O)CC(CC(=O)O)c1ccccc1)CC2,7.21,0.4101219330881976,2
CHEMBL2093869,CN1C(=O)N(c2ccc(C(=N)N)cc2)C(=O)C12CCN(C(=O)CCCC(=O)O)CC2,6.58,0.5939696961966998,2
CHEMBL2093869,CN1C(=O)N(c2ccc(C(=N)N)cc2)C(=O)C12CCN(C(=O)NC(CC(=O)O)c1ccccc1)CC2,7.145,0.21920310216782915,2
CHEMBL2093869,CN1C(=O)N(c2ccc(C(=N)N)cc2)C(=O)C12CCN(C(=O)NCCC(=O)O)CC2,6.975,0.4596194077712552,2
CHEMBL2093869,CN1C(=O)N(c2ccc(C(=N)N)cc2)C(=O)C12CCN(CCCCC(=O)O)CC2,5.155,0.049497474683058526,2
CHEMBL2093869,CN1C(=O)N(c2ccc(C(=N)N)cc2)CC12CCN(C(=O)CC(CC(=O)O)c1ccccc1)CC2,7.4,0.4242640687119292,2
CHEMBL2093869,CN1C(=O)N(c2ccc(C(=N)N)cc2)CC12CCN(C(=O)CCCC(=O)O)CC2,6.08,0.12727922061357835,2
CHEMBL2093869,CN1C(=O)N(c2ccc(C(=N)N)cc2)CC12CCN(C(=O)NCCC(=O)O)CC2,6.535,0.19091883092036754,2
CHEMBL2093869,CN1C(=O)[C@H](Cc2ccccc2)NC(=O)[C@H](CC(=O)O)NC(=O)CNC(=O)[C@H](CCCNC(=N)N)NC(=O)CCc2cccc3c(c[nH]c23)C[C@@H]1C(N)=O,5.3,0.0,1
CHEMBL2093869,CN1C(=O)[C@H](Cc2ccccc2)NC(=O)[C@H](CC(=O)O)NC(=O)CNC(=O)[C@H](CCCNC(=N)N)NC(=O)c2cccc(c2)-c2cccc3c(c[nH]c23)C[C@@H]1C(N)=O,5.24,0.0,1
CHEMBL2093869,CN1C(=O)c2ccccc2SSc2ccccc2NC(=O)[C@H](CC(=O)O)NC(=O)CNC(=O)[C@@H]1CCCN=C(N)N,7.05,0.0,1
CHEMBL2093869,CN1CC(C)(COc2ccc(C(=N)N)cc2)Oc2cc(N(CC(=O)O)Cc3cc(F)cc(F)c3)ccc21,4.35,0.0,1
CHEMBL2093869,CN1CC(C)(COc2ccc(C(=N)N)cc2)Oc2cc(N(CC(=O)O)Cc3ccc(F)c(F)c3)ccc21,4.1,0.0,1
CHEMBL2093869,CN1CC(C)(COc2ccc(C(=N)N)cc2)Oc2cc(N(CC(=O)O)Cc3ccc(F)cc3)ccc21,4.31,0.0,1
CHEMBL2093869,CN1CC(C)(COc2ccc(C(=N)N)cc2)Oc2cc(N(CC(=O)O)Cc3cccc(F)c3)ccc21,4.22,0.0,1
CHEMBL2093869,CN1CC(C)(COc2ccc(C(=N)N)cc2)Oc2cc(N(Cc3cc(F)cc(F)c3)C(=O)C(=O)O)ccc21,4.51,0.0,1
CHEMBL2093869,CN1CC(C)(COc2ccc(C(=N)N)cc2)Oc2cc(N(Cc3ccc(F)c(F)c3)C(=O)C(=O)O)ccc21,4.51,0.0,1
CHEMBL2093869,CN1CC(C)(COc2ccc(C(=N)N)cc2)Oc2cc(N(Cc3ccc(F)cc3)C(=O)C(=O)O)ccc21,4.47,0.0,1
CHEMBL2093869,CN1CC(C)(COc2ccc(C(=N)N)cc2)Oc2cc(N(Cc3cccc(F)c3)C(=O)C(=O)O)ccc21,4.48,0.0,1
CHEMBL2093869,CN1CC(C)(COc2ccc(C(=N)N)cc2)Oc2cc(N(Cc3ccccc3)C(=O)C(=O)O)ccc21,4.41,0.0,1
CHEMBL2093869,CN1CC(C)(COc2ccc(C(=N)N)cc2)Oc2ccc(N(CC(=O)O)Cc3cc(F)cc(F)c3)cc21,5.6,0.0,1
CHEMBL2093869,CN1CC(C)(COc2ccc(C(=N)N)cc2)Oc2ccc(N(CC(=O)O)Cc3ccc(F)c(F)c3)cc21,5.96,0.0,1
CHEMBL2093869,CN1CC(C)(COc2ccc(C(=N)N)cc2)Oc2ccc(N(CC(=O)O)Cc3ccc(F)cc3)cc21,5.7,0.0,1
CHEMBL2093869,CN1CC(C)(COc2ccc(C(=N)N)cc2)Oc2ccc(N(CC(=O)O)Cc3cccc(F)c3)cc21,5.82,0.0,1
CHEMBL2093869,CN1CC(C)(COc2ccc(C(=N)N)cc2)Oc2ccc(N(Cc3cc(F)cc(F)c3)C(=O)C(=O)O)cc21,5.47,0.0,1
CHEMBL2093869,CN1CC(C)(COc2ccc(C(=N)N)cc2)Oc2ccc(N(Cc3ccc(F)c(F)c3)C(=O)C(=O)O)cc21,5.6,0.0,1
CHEMBL2093869,CN1CC(C)(COc2ccc(C(=N)N)cc2)Oc2ccc(N(Cc3ccc(F)cc3)C(=O)C(=O)O)cc21,5.75,0.0,1
CHEMBL2093869,CN1CC(C)(COc2ccc(C(=N)N)cc2)Oc2ccc(N(Cc3cccc(F)c3)C(=O)C(=O)O)cc21,5.66,0.0,1
CHEMBL2093869,CN1CC(C)(COc2ccc(C(=N)N)cc2)Oc2ccc(N(Cc3ccccc3)C(=O)C(=O)O)cc21,5.55,0.0,1
CHEMBL2093869,CN1CCC(CCC(=O)N2CCCC(C(=O)NCCC(=O)O)C2)CC1,8.22,0.0,1
CHEMBL2093869,CN1CCC(CCC(=O)N2CCC[C@@H](C(=O)N[C@H](CC(=O)O)c3ccc4c(c3)OCO4)C2)CC1,9.62,0.0,1
CHEMBL2093869,CN1CCNc2nc(CCOc3cc(CC(CC(=O)O)c4ccc5c(c4)OCO5)nn3C)ccc21,7.44,0.0,1
CHEMBL2093869,CN1Cc2cc(C(=O)N3CCC(C4CCNCC4)CC3)ccc2N[C@@H](CC(=O)O)C1=O,7.55,0.0,1
CHEMBL2093869,CNCC(=O)Nc1cccc(SC(CC(=O)O)c2cccnc2)c1,4.68,0.0,1
CHEMBL2093869,CNc1cccc(CCCc2noc(CC(CC(=O)O)c3ccc4c(c3)OCO4)n2)n1,6.56,0.0,1
CHEMBL2093869,CNc1cccc(CCOc2cc(CC(CC(=O)O)c3ccc4c(c3)OCO4)nn2C)n1,7.09,0.0,1
CHEMBL2093869,COC(=O)C(CC(=O)O)NC(=O)C1CCCN(C(=O)CCC2CCNCC2)C1,8.52,0.0,1
CHEMBL2093869,COC(=O)CC(CN(C)C)NC(=O)CC1CC(c2ccc(C(=N)N)cc2)=NO1,5.57,0.0,1
CHEMBL2093869,COC(=O)C[C@@H](CC(C)C)NC(=O)CC1CC(c2ccc(C(=N)N)cc2)=NO1,7.3,0.0,1
CHEMBL2093869,COC(=O)C[C@H](CN(C)C)NC(=O)CC1CC(c2ccc(C(=N)N)cc2)=NO1,5.16,0.0,1
CHEMBL2093869,COC(=O)C[C@H](CN1CCCC1)NC(=O)CC1CC(c2ccc(C(=N)N)cc2)=NO1,5.48,0.0,1
CHEMBL2093869,COC(=O)C[C@H](NC(=O)[C@@H]1CCCN(C(=O)CCC2CCNCC2)C1)c1cccnc1,8.14,0.0,1
CHEMBL2093869,COC(=O)N1C[C@@]2(CC(C(=O)NC[C@H](NS(=O)(=O)c3c(C)cc(C)cc3C)C(=O)O)=NO2)C[C@H]1CNc1ncc[nH]1,5.14,0.0,1
CHEMBL2093869,COC(=O)N[C@@H](CNC(=O)CC1CC(c2ccc(C(=N)N)cc2)=NO1)C(=O)O,7.19,0.0,1
CHEMBL2093869,COC(=O)[C@H](CC(=O)O)NC(=O)C1CCCN(C(=O)[C@H](CCCCN)NC(=O)OC(C)(C)C)C1,7.54,0.0,1
CHEMBL2093869,COC(=O)[C@H](CN(C)C(=O)CC1CC(c2ccc(C(=N)N)cc2)=NO1)NC(=O)OCc1ccccc1,6.8,0.0,1
CHEMBL2093869,COC(=O)[C@H](CNC(=O)CC1CC(c2ccc(C(=N)N)cc2)=NO1)NC(=O)Nc1ccccc1,7.16,0.0,1
CHEMBL2093869,COC(=O)[C@H](Cc1ccc(O)cc1)NC(=O)[C@H](CC(=O)O)NC(=O)CCCCOc1ccc(C(=N)N)cc1,5.35,0.0,1
CHEMBL2093869,COC(=O)c1cc(NC(=O)c2cccc(NC(=N)N)c2)ccc1/C=C/C(=O)O,7.1,0.0,1
CHEMBL2093869,COC(=O)c1cc(NC(=O)c2cccc(NC3=NCCCN3)c2)ccc1/C=C/C(=O)O,6.09,0.0,1
CHEMBL2093869,COC(=O)c1ccc(C(CC(=O)O)N2CCc3cc(OCc4ccc(C(=N)N)cc4)ccc3C2=O)cc1,7.44,1.1030865786510144,2
CHEMBL2093869,COCCCC(CC(=O)O)N1CCc2cc(OCc3ccc(C(=N)N)cc3)ccc2C1=O,6.734999999999999,0.7283199846221438,2
CHEMBL2093869,COCCOCC(CC(=O)O)N1CCc2cc(OCc3ccc(C(=N)N)cc3)ccc2C1=O,6.609999999999999,0.6222539674441614,2
CHEMBL2093869,COCCOCCOCCOCC(=O)Nc1cc(C[C@H](NS(=O)(=O)c2cccc(C(F)(F)F)c2)C(=O)O)ccc1OCCCCNc1cc(C)ccn1,7.21,0.0,1
CHEMBL2093869,COCCOCCOCCOCC(=O)Nc1cc(C[C@H](NS(=O)(=O)c2cccc(C(F)(F)F)c2)C(=O)O)ccc1OCCCNc1ccc2c(n1)NCCC2,7.7,0.0,1
CHEMBL2093869,COP(=O)(NC(CNC(=O)CC1CC(c2ccc(C(=N)N)cc2)=NO1)C(=O)O)OC,6.845000000000001,0.1909188309203685,2
CHEMBL2093869,COP(=O)(O)[C@@H](CNC(=O)c1ccc(OCCC2CCNCC2)cc1)NS(=O)(=O)c1ccccc1,5.94,0.0,1
CHEMBL2093869,COP(=O)(O)[C@H](CNC(=O)c1ccc(OCCC2CCNCC2)cc1)NS(=O)(=O)c1ccccc1,8.48,0.0,1
CHEMBL2093869,COc1cc(/C=C/C(=O)O)ccc1NC(=O)c1cccc(NC(=N)N)c1,7.42,0.0,1
CHEMBL2093869,COc1cc(NC(=O)c2cccc(NC(=N)N)c2)ccc1/C=C/C(=O)O,7.16,0.0,1
CHEMBL2093869,COc1cc(NC(=O)c2cccc(NC(=N)N)c2)ccc1CC(NC(=O)OC(C)C)C(=O)O,6.6,0.0,1
CHEMBL2093869,COc1cc(NC(=O)c2cccc(NC(=N)N)c2)ccc1CCC(=O)O,6.76,0.0,1
CHEMBL2093869,COc1cc(NC(=O)c2cccc(NC(=N)N)c2)ccc1OCC(=O)O,7.27,0.0,1
CHEMBL2093869,COc1cc(NC(=O)c2cccc(NC3=NCCCN3)c2)ccc1/C=C/C(=O)O,6.18,0.0,1
CHEMBL2093869,COc1cc(NC(=O)c2cccc(NC3=NCCCN3)c2)ccc1CC(NC(=O)OC(C)C)C(=O)O,6.0,0.0,1
CHEMBL2093869,COc1cc(NC(=O)c2cccc(NC3=NCCCN3)c2)ccc1CCC(=O)O,5.5,0.0,1
CHEMBL2093869,COc1cc(NC(=O)c2cccc(NC3=NCCCN3)c2)ccc1OCC(=O)O,6.11,0.0,1
CHEMBL2093869,COc1cc(OC)cc(C(CC(=O)O)Cc2csc(CCCc3ccc4c(n3)NCCC4)n2)c1,6.46,0.0,1
CHEMBL2093869,COc1ccc(-c2cncc(C(CC(=O)O)NC(=O)C3CCCN(C(=O)CCC4CCNCC4)C3)c2)cc1,7.96,0.0,1
CHEMBL2093869,COc1ccc(C(=O)NC(Cc2ccc3cc(OCCCN4CCNCC4)ccc3c2)C(=O)O)cc1,4.9,0.0,1
CHEMBL2093869,COc1ccc(C(CC(=O)O)Cc2csc(CCCc3ccc4c(n3)NCCC4)n2)cc1F,6.39,0.0,1
CHEMBL2093869,COc1ccc(C(CC(=O)O)Cc2nc(CCCc3ccc4c(n3)NCCC4)no2)cn1,6.73,0.0,1
CHEMBL2093869,COc1ccc(C(CC(=O)O)N2CCc3cc(OCc4ccc(C(=N)N)cc4)ccc3C2=O)cc1,7.34,1.074802307403552,2
CHEMBL2093869,COc1ccc(C(CC(=O)O)NC(=O)CCC(=O)Nc2ccc3c(c2)CNC3)cc1,6.8,0.0,1
CHEMBL2093869,COc1ccc(C(CC(=O)O)NC(=O)CCC(=O)Nc2ccc3c(c2)CNC3)cc1OC,6.05,0.0,1
CHEMBL2093869,COc1ccc(C(CC(=O)O)NC(=O)CCC(=O)Nc2ccc3c(c2)CNCC3)cc1,6.51,0.0,1
CHEMBL2093869,COc1ccc(C(CC(=O)O)NC(=O)CCC(=O)Nc2ccc3c(c2)CNCC3)cc1OC,7.19,0.0,1
CHEMBL2093869,COc1ccc(C(CC(=O)O)NC(=O)CCCC(=O)Nc2ccc3c(c2)CNCC3)cc1,5.38,0.0,1
CHEMBL2093869,COc1ccc(C(CC(=O)O)NC(=O)CCCC(=O)Nc2ccc3c(c2)CNCC3)cc1OC,6.9,0.0,1
CHEMBL2093869,COc1ccc(C(CC(=O)O)NC(=O)CCNC(=O)c2cc3cc(C(=N)N)ccc3o2)cc1OC,6.96,0.6222539674441624,2
CHEMBL2093869,COc1ccc(C(CC(=O)O)NC(=O)c2cccc(C(=O)Nc3ccc4c(c3)CNCC4)c2)cc1,7.77,0.0,1
CHEMBL2093869,COc1ccc(C(CC(=O)O)NC(=O)c2cccc(C(=O)Nc3ccc4c(c3)CNCC4)c2)cc1OC,7.94,0.0,1
CHEMBL2093869,COc1ccc(CCC(=O)N[C@@H](CCCNC(=O)Cc2ccc(C(=N)N)cc2)CC(=O)O)cc1,8.96,0.0,1
CHEMBL2093869,COc1ccc(CCC(=O)N[C@H](CCCCNC(=O)c2ccc(C(=N)N)cc2)CC(=O)O)cc1,9.44,0.0,1
CHEMBL2093869,COc1ccc(CCNC(=O)C(CC(=O)O)NC(=O)CCCCCCCN=C(N)N)cc1,5.05,0.0,1
CHEMBL2093869,COc1ccc(CCS(=O)(=O)N[C@H](CCCCNC(=O)c2ccc(C(=N)N)cc2)CC(=O)O)cc1,9.0,0.0,1
CHEMBL2093869,COc1ccc(C[C@@H]2NC(=O)[C@@H](CC(=O)O)NC(=O)CNC(=O)[C@@H](CCCN=C(N)N)NC(=O)[C@@H]3CCCN3C(=O)[C@@H](CC(N)=O)NC(=O)[C@@H](NC(C)=O)CSSC[C@@H](C(N)=O)NC(=O)[C@H](C)NC2=O)cc1,7.3,0.0,1
CHEMBL2093869,COc1ccc(C[C@@H]2NC(=O)[C@@H](CC(=O)O)NC(=O)CNC(=O)[C@@H](CCCN=C(N)N)NC(=O)[C@@H]3CCCN3C(=O)[C@@H](CC(N)=O)NC(=O)[C@@H](NC(C)=O)CSSC[C@@H](C(N)=O)NC(=O)[C@H](CCCN=C(N)N)NC2=O)cc1,6.66,0.0,1
CHEMBL2093869,COc1ccc(C[C@@H]2NC(=O)[C@@H](CC(=O)O)NC(=O)CNC(=O)[C@@H](CCCN=C(N)N)NC(=O)[C@@H]3CCCN3C(=O)[C@@H](CC(N)=O)NC(=O)[C@@H](NC(C)=O)CSSC[C@@H](C(N)=O)NC(=O)[C@H](CCCNC(N)=O)NC2=O)cc1,6.45,0.0,1
CHEMBL2093869,COc1ccc(C[C@@H]2NC(=O)[C@@H](CC(=O)O)NC(=O)CNC(=O)[C@@H](CCCN=C(N)N)NC(=O)[C@@H]3CCCN3C(=O)[C@@H](CC(N)=O)NC(=O)[C@H](NC(C)=O)CSSC[C@H](C(N)=O)NC(=O)[C@@H](CCCCN)NC2=O)cc1,7.42,0.0,1
CHEMBL2093869,COc1ccc(C[C@@H]2NC(=O)[C@@H](CC(=O)O)NC(=O)CNC(=O)[C@@H](CCCN=C(N)N)NC(=O)[C@@H]3CCCN3C(=O)[C@@H](CC(N)=O)NC(=O)[C@H](NC(C)=O)CSSC[C@H](C(N)=O)NC(=O)[C@H](CCC(=O)O)NC2=O)cc1,7.7,0.0,1
CHEMBL2093869,COc1ccc(C[C@@H]2NC(=O)[C@@H](CC(=O)O)NC(=O)CNC(=O)[C@@H](CCCN=C(N)N)NC(=O)[C@H](Cc3c[nH]cn3)NC(=O)[C@H](CC(=O)O)NC(=O)[C@H](N)CCC/N=C(/N)NC(=O)[C@H](N)C3(CCCCC3)SSC[C@@H](C(=O)N[C@@H](CCCN=C(N)N)C(=O)O)NC(=O)[C@@H](CCCN=C(N)N)NC2=O)cc1,6.68,0.0,1
CHEMBL2093869,COc1ccc(C[C@@H]2NC(=O)[C@H](CC(=O)O)NC(=O)CNC(=O)[C@H](CCCN=C(N)N)NC(=O)[C@@H](Cc3c[nH]cn3)NC(=O)CNC(=O)[C@@H](N)CCC/N=C(/N)NC(=O)[C@H](N)C3(CCCCC3)SSC[C@@H](C(=O)N[C@@H](CCCN=C(N)N)C(=O)O)NC(=O)[C@H](CCCN=C(N)N)NC2=O)cc1,7.7,0.0,1
CHEMBL2093869,COc1ccc(C[C@@H]2NC(=O)[C@H](CC(=O)O)NC(=O)CNC(=O)[C@H](CCCN=C(N)N)NC(=O)[C@@H](Cc3c[nH]cn3)NC(=O)[C@H](CC(N)=O)NC(=O)[C@@H](N)CCC/N=C(/N)NC(=O)[C@H](N)C3(CCCCC3)SSC[C@@H](C(=O)N[C@@H](CCCN=C(N)N)C(=O)O)NC(=O)[C@H](CCCN=C(N)N)NC2=O)cc1,7.05,0.0,1
CHEMBL2093869,COc1ccc(C[C@@H]2NC(=O)[C@H](CC(=O)O)NC(=O)CNC(=O)[C@H](CCCN=C(N)N)NC(=O)[C@@H](Cc3c[nH]cn3)NC(=O)[C@H](CCCN=C(N)N)NC(=O)[C@@H](N)CCC/N=C(/N)NC(=O)[C@H](N)C3(CCCCC3)SSC[C@@H](C(=O)N[C@@H](CCCN=C(N)N)C(=O)O)NC(=O)[C@H](CCCN=C(N)N)NC2=O)cc1,7.16,0.0,1
CHEMBL2093869,COc1ccc(C[C@@H]2NC(=O)[C@H](CC(=O)O)NC(=O)CNC(=O)[C@H](CCCN=C(N)N)NC(=O)[C@@H](Cc3c[nH]cn3)NC(=O)[C@H](CO)NC(=O)[C@@H](N)CCC/N=C(/N)NC(=O)[C@H](N)C3(CCCCC3)SSC[C@@H](C(=O)N[C@@H](CCCN=C(N)N)C(=O)O)NC(=O)[C@H](CCCN=C(N)N)NC2=O)cc1,6.92,0.0,1
CHEMBL2093869,COc1ccc(C[C@@H]2NC(=O)[C@H](CC(=O)O)NC(=O)CNC(=O)[C@H](CCCN=C(N)N)NC(=O)[C@@H](Cc3ccc(O)cc3)NC(=O)CNC(=O)[C@@H](N)CCC/N=C(/N)NC(=O)[C@H](N)C3(CCCCC3)SSC[C@@H](C(=O)N[C@@H](CCCN=C(N)N)C(=O)O)NC(=O)[C@H](CCCN=C(N)N)NC2=O)cc1,8.0,0.0,1
CHEMBL2093869,COc1ccc(C[C@@H]2NC(=O)[C@H](CC(=O)O)NC(=O)CNC(=O)[C@H](CCCN=C(N)N)NC(=O)[C@@H]3CCCN3C(=O)CNC(=O)[C@@H](N)CCC/N=C(/N)NC(=O)[C@H](N)C3(CCCCC3)SSC[C@@H](C(=O)N[C@@H](CCCN=C(N)N)C(=O)O)NC(=O)[C@H](CCCN=C(N)N)NC2=O)cc1,8.0,0.0,1
CHEMBL2093869,COc1ccc(C[C@@H]2NC(=O)[C@H](CC(=O)O)NC(=O)CNC(=O)[C@H](CCCN=C(N)N)NC(=O)[C@@H]3CCCN3C(=O)[C@H](CC(N)=O)NC(=O)[C@@H](NC(C)=O)CSSC[C@@H](C(N)=O)NC(=O)[C@H](CCCN=C(N)N)NC2=O)cc1,7.54,0.0,1
CHEMBL2093869,COc1ccc(C[C@@H]2NC(=O)[C@H](CC(=O)O)NC(=O)CNC(=O)[C@H](CCCN=C(N)N)NC(=O)[C@H](Cc3c[nH]cn3)NC(=O)CNC(=O)[C@@H](N)CCC/N=C(/N)NC(=O)[C@H](N)C3(CCCCC3)SSC[C@@H](C(=O)N[C@@H](CCCN=C(N)N)C(=O)O)NC(=O)[C@H](CCCN=C(N)N)NC2=O)cc1,8.0,0.0,1
CHEMBL2093869,COc1ccc(C[C@@H]2NC(=O)[C@H](CC(=O)O)NC(=O)CNC(=O)[C@H](CCCN=C(N)N)NC(=O)[C@H](Cc3ccc(O)cc3)NC(=O)CNC(=O)[C@@H](N)CCC/N=C(/N)NC(=O)[C@H](N)C3(CCCCC3)SSC[C@@H](C(=O)N[C@@H](CCCN=C(N)N)C(=O)O)NC(=O)[C@H](CCCN=C(N)N)NC2=O)cc1,7.52,0.0,1
CHEMBL2093869,COc1ccc(C[C@H](NC(=O)[C@H](CC(=O)O)NC(=O)CNC(=O)[C@@H](N)CCCNC(=N)N)C(N)=O)cc1,4.57,0.0,1
CHEMBL2093869,COc1ccc(C[C@H]2NC(=O)[C@H](CC(=O)O)NC(=O)CNC(=O)[C@H](CCCN=C(N)N)NC(=O)[C@H]3CCCN3C(=O)[C@H](CC(N)=O)NC(=O)CC3(CCCC3)SSC[C@@H](C(N)=O)NC(=O)[C@H](CCCN=C(N)N)NC2=O)cc1,7.51,0.0,1
CHEMBL2093869,COc1ccc(C[C@H]2NC(=O)[C@H](CC(=O)O)NC(=O)CNC(=O)[C@H](CCCN=C(N)N)NC(=O)[C@H]3CCCN3C(=O)[C@H](CC(N)=O)NC(=O)[C@@H](NC(C)=O)C(C)(C)SSC[C@@H](C(N)=O)NC(=O)[C@H](CCCN=C(N)N)NC2=O)cc1,9.0,0.0,1
CHEMBL2093869,COc1ccc(C[C@H]2NC(=O)[C@H](CC(=O)O)NC(=O)CNC(=O)[C@H](CCCN=C(N)N)NC(=O)[C@H]3CCCN3C(=O)[C@H](CC(N)=O)NC(=O)[C@@H](NC(C)=O)C3(CCCCC3)SSC[C@@H](C(N)=O)NC(=O)[C@H](CCCN=C(N)N)NC2=O)cc1,7.8,0.0,1
CHEMBL2093869,COc1ccc(C[C@H]2NC(=O)[C@H](CC(=O)O)NC(=O)CNC(=O)[C@H](CCCN=C(N)N)NC(=O)[C@H]3CCCN3C(=O)[C@H](CC(N)=O)NC(=O)[C@@H](NC(C)=O)CSSC[C@@H](C(N)=O)NC(=O)[C@H](CC(C)C)NC2=O)cc1,6.61,0.0,1
CHEMBL2093869,COc1ccc(C[C@H]2NC(=O)[C@H](CC(=O)O)NC(=O)CNC(=O)[C@H](CCCN=C(N)N)NC(=O)[C@H]3CCCN3C(=O)[C@H](CC(N)=O)NC(=O)[C@@H](NC(C)=O)CSSC[C@@H](C(N)=O)NC(=O)[C@H](CCCN=C(N)N)NC2=O)cc1,7.54,0.0,1
CHEMBL2093869,COc1ccc(C[C@H]2NC(=O)[C@H](CC(=O)O)NC(=O)CNC(=O)[C@H](CCCN=C(N)N)NC(=O)[C@H]3CCCN3C(=O)[C@H](CC(N)=O)NC(=O)[C@H](C)SSC[C@@H](C(N)=O)NC(=O)[C@H](CCCN=C(N)N)NC2=O)cc1,7.82,0.0,1
CHEMBL2093869,COc1ccc(S(=O)(=O)NC(Cc2ccc3cc(OCCCN4CCNCC4)ccc3c2)C(=O)O)cc1,5.78,0.0,1
CHEMBL2093869,COc1ccc([C@@H](CC(=O)O)CC2CCN(C(=O)CCc3ccc4c(n3)NCCC4)CC2)cn1,5.48,0.38183766184073537,2
CHEMBL2093869,COc1cccc(-c2cncc(C(CC(=O)O)NC(=O)C3CCCN(C(=O)CCC4CCNCC4)C3)c2)c1,7.96,0.0,1
CHEMBL2093869,COc1ccccc1-c1cncc(C(CC(=O)O)NC(=O)C2CCCN(C(=O)CCC3CCNCC3)C2)c1,7.92,0.0,1
CHEMBL2093869,COc1ccnc(NCC2CCN(c3ccc(CC(NC(=O)c4c(C)cc(C)cc4C)C(=O)O)cc3)CC2)c1,4.46,0.0,1
CHEMBL2093869,COc1ccnc(NCCCCc2noc(C[C@@H](CC(=O)O)c3ccc4c(c3)OCO4)n2)c1,7.19,0.0,1
CHEMBL2093869,COc1ccnc(NC[C@@H]2C[C@@H](OCC(=O)NC[C@H](NC(=O)c3c(C)cc(C)cc3C)C(=O)O)CN2C(=O)OCc2ccccc2)c1,4.3,0.0,1
CHEMBL2093869,COc1ccnc(NC[C@@H]2C[C@@H](OCC(=O)NC[C@H](NS(=O)(=O)c3c(C)cc(C)cc3C)C(=O)O)CN2C(=O)CC(C)(C)C)c1,4.96,0.0,1
CHEMBL2093869,COc1ccnc(NC[C@@H]2C[C@@H](OCC(=O)NC[C@H](NS(=O)(=O)c3c(C)cc(C)cc3C)C(=O)O)CN2C(=O)OCc2ccccc2)c1,8.11,0.0,1
CHEMBL2093869,COc1ncc(C(CC(=O)O)CC2CCN(C(=O)CCc3ccc4c(n3)NCCC4)CC2)c(OC)n1,5.83,0.0,1
CHEMBL2093869,COc1ncc([C@H](CC(=O)O)NC(=O)[C@@H]2CCCN(C(=O)CCC3CCNCC3)C2)cc1Cl,8.42,0.0,1
CHEMBL2093869,CS(=O)(=O)NC(Cc1ccc(NC(=O)c2cccc(NC(=N)N)c2)cc1)C(=O)O,7.81,0.0,1
CHEMBL2093869,CS(=O)(=O)N[C@@H](CNC(=O)c1ccc(CCC(=O)NC2=NCCCN2)s1)C(=O)O,5.87,0.0,1
CHEMBL2093869,CSCC[C@@H]1NC(=O)CSC[C@@H](C(=O)O)NC(=O)[C@H](CC(=O)O)NC(=O)CNC(=O)[C@H](CCCN=C(N)N)NC1=O,7.1850000000000005,1.7182694782833112,2
CHEMBL2093869,CSCC[C@H]1NC(=O)CSC[C@@H](C(=O)O)NC(=O)[C@H](CC(=O)O)NC(=O)CNC(=O)[C@H](CCCN=C(N)N)NC1=O,7.55,0.0,1
CHEMBL2093869,C[C@@H](CC(=O)O)CC(=O)N1CCC2(CC1)CCN(c1ccc(C(=N)N)cc1)C2=O,8.4,0.0,1
CHEMBL2093869,C[C@@H](CC(=O)O)N1CC(=O)N(C(C)(C)C)c2c(Cl)cc(C#Cc3ccc(C(=N)N)cc3)cc2C1=O,7.21,1.2040764095355405,4
CHEMBL2093869,C[C@@H](CC(=O)O)N1CC(=O)N(C(C)(C)C)c2ccc(C#Cc3ccc(C(=N)N)cc3)cc2C1=O,7.826666666666667,0.744401325451085,3
CHEMBL2093869,C[C@@H](CC(=O)O)N1CC(=O)N(C)c2c(Cl)cc(C#Cc3ccc(C(=N)N)cc3)cc2C1=O,7.475,0.9545941546018393,2
CHEMBL2093869,C[C@@H](CC(=O)O)N1CC(=O)N(C)c2ccc(C#Cc3ccc(C(=N)N)cc3)cc2C1=O,7.705,0.8414570696119915,2
CHEMBL2093869,C[C@@H](CC(=O)O)NC(=O)C1CCC2(CC1)CCN(c1ccncc1)CC2,6.21,0.0,1
CHEMBL2093869,C[C@@H](COc1ccc(N2CCN(c3ccncc3)CC2)cc1)CC(=O)O,7.3,0.0,1
CHEMBL2093869,C[C@@H](O)[C@@H]1NC(=O)CSC[C@@H](C(=O)O)NC(=O)[C@H](CC(=O)O)NC(=O)CNC(=O)[C@H](CCCN=C(N)N)NC1=O,7.755000000000001,1.6051323932934636,2
CHEMBL2093869,C[C@@H](O)[C@@H]1NC(=O)C[S+]([O-])C[C@@H](C(=O)O)NC(=O)[C@H](CC(=O)O)NC(=O)CNC(=O)[C@H](CCCN=C(N)N)NC1=O,7.913333333333334,0.8732315462312007,3
CHEMBL2093869,C[C@@H](O)[C@@H]1Nc2cccc(c2)CCSC[C@@H](C(=O)O)NC(=O)[C@H](CC(=O)O)NC(=O)CNC(=O)[C@H](CCCN=C(N)N)NC1=O,7.994999999999999,1.0960155108391483,2
CHEMBL2093869,C[C@@H]1NC(=O)CSC[C@@H](C(=O)O)NC(=O)[C@H](CC(=O)O)NC(=O)CNC(=O)[C@H](CCCN=C(N)N)NC1=O,7.415,1.675843071412117,2
CHEMBL2093869,C[C@@H]1NC(=O)C[S+]([O-])C[C@@H](C(=O)O)NC(=O)[C@H](CC(=O)O)NC(=O)CNC(=O)[C@H](CCCN=C(N)N)NC1=O,7.585,1.1922108314667614,4
CHEMBL2093869,C[C@H](CC(=O)O)CC(=O)N1CCC2(CC1)CCN(c1ccc(C(=N)N)cc1)C2=O,7.380000000000001,1.3010764773832482,2
CHEMBL2093869,C[C@H](CC(=O)O)N1CC(=O)N(C(C)(C)C)c2c(Cl)cc(C#Cc3ccc(C(=N)N)cc3)cc2C1=O,6.9433333333333325,0.9542187030934439,3
CHEMBL2093869,C[C@H](CC(=O)O)N1CC(=O)N(C)c2ccc(C#Cc3ccc(C(=N)N)cc3)cc2C1=O,6.654999999999999,0.7990306627407984,2
CHEMBL2093869,C[C@H](CC(=O)O)NC(=O)N1CCC2(CC1)CCN(c1ccc(C(=N)N)cc1)C2=O,7.735,0.7990306627407993,2
CHEMBL2093869,C[C@H](CC(=O)O)NC(=O)[C@@H]1CCCN(C(=O)CCC2CCNCC2)C1,7.87,0.0,1
CHEMBL2093869,C[C@H](NC(=O)[C@H](CS)NC(=O)[C@@H]1CCCN1C(=O)[C@H](CO)NC(=O)[C@H](CC(=O)O)NC(=O)CNC(=O)[C@H](CCCN=C(N)N)NC(=O)CNC(=O)[C@@H](NC(=O)CN)C(C)(C)S)C(=O)O,5.0,0.0,1
CHEMBL2093869,C[C@H](NC(=O)c1ccc(C(=N)N)cc1)C(=O)N1CCC(OCC(=O)O)CC1,8.07,0.9192388155425123,2
CHEMBL2093869,C[C@H](NC(=O)c1ccc(C(=N)NO)cc1)C(=O)N1CCC(OCC(=O)O)CC1,6.23,0.0,1
CHEMBL2093869,C[C@H](O)[C@H]1NC(=O)CSC[C@@H](C(=O)O)NC(=O)[C@H](CC(=O)O)NC(=O)CNC(=O)[C@H](CCCN=C(N)N)NC1=O,6.74,1.6970562748477143,2
CHEMBL2093869,C[C@H](O)[C@H]1Nc2cccc(c2)CCSC[C@@H](C(=O)O)NC(=O)[C@H](CC(=O)O)NC(=O)CNC(=O)[C@H](CCCN=C(N)N)NC1=O,6.82,1.8809040379562165,2
CHEMBL2093869,C[C@H]1NC(=O)CSC[C@@H](C(=O)O)NC(=O)[C@H](CC(=O)O)NC(=O)CNC(=O)[C@H](CCCN=C(N)N)NC1=O,6.71,1.852619766708754,2
CHEMBL2093869,Cc1c(C(=O)N(C)CCC(=O)O)s/c(=N\C(=O)c2ccc(C(=N)N)cc2)n1C,9.05,0.0,1
CHEMBL2093869,Cc1c(C(=O)NCC(=O)c2ccc(OCC(=O)O)c(OCC(=O)O)c2)sc2c1CNCC2,7.75,0.0,1
CHEMBL2093869,Cc1c(C(=O)NCCC(=O)O)s/c(=N\C(=O)c2ccc(C(=N)N)cc2)n1Cc1ccccc1,10.05,0.0,1
CHEMBL2093869,Cc1c(C(=O)NCCCCCCC(=O)O)[nH]c2ccc(C(=N)N)cc12,5.58,0.2687005768508883,2
CHEMBL2093869,Cc1c(CCC(=O)O)s/c(=N\C(=O)c2ccc(C(=N)N)cc2)n1C,8.08,1.1110130512284726,5
CHEMBL2093869,Cc1cc(-c2ccccc2)cc(C)c1S(=O)(=O)N[C@@H](CNC(=O)C1=NOC(CCCCNc2ncc[nH]2)C1)C(=O)O,5.51,0.0,1
CHEMBL2093869,Cc1cc(/C=C/C(=O)O)cc(C)c1NC(=O)c1cccc(NC(=N)N)c1,5.66,0.0,1
CHEMBL2093869,Cc1cc(/C=C/C(=O)O)cc(C)c1NC(=O)c1cccc(NC2=NCCCN2)c1,5.08,0.0,1
CHEMBL2093869,Cc1cc(/C=C/C(=O)O)cc(C)c1NC(=O)c1cccc(NC2=NCCN2)c1,5.74,0.0,1
CHEMBL2093869,Cc1cc(/C=C/C(=O)O)ccc1NC(=O)c1cccc(NC(=N)N)c1,8.02,0.0,1
CHEMBL2093869,Cc1cc(/C=C/C(=O)O)ccc1NC(=O)c1cccc(NC2=NCCCN2)c1,6.74,0.0,1
CHEMBL2093869,Cc1cc(C)c(C(=O)NC(Cc2ccc(N3CCC(CNc4ccccn4)CC3)cc2)C(=O)O)c(C)c1,4.4,0.0,1
CHEMBL2093869,Cc1cc(C)c(S(=O)(=O)N[C@@H](CCC(=O)N2CCN(c3cccc(NC4=NCCCN4)c3)CC2)C(=O)O)c(C)c1,7.52,0.0,1
CHEMBL2093869,Cc1cc(C)c(S(=O)(=O)N[C@@H](CNC(=O)C2=NOC(CCCC(=O)Nc3ncc[nH]3)C2)C(=O)O)c(C)c1,4.21,0.0,1
CHEMBL2093869,Cc1cc(C)c(S(=O)(=O)N[C@@H](CNC(=O)C2=NOC(CCCCN=C(N)N)C2)C(=O)O)c(C)c1,6.8,0.0,1
CHEMBL2093869,Cc1cc(C)c(S(=O)(=O)N[C@@H](CNC(=O)C2=NOC(CCCCNC3=NCCN3)C2)C(=O)O)c(C)c1,6.16,0.0,1
CHEMBL2093869,Cc1cc(C)c(S(=O)(=O)N[C@@H](CNC(=O)C2=NOC(CCCCNc3cc4ccccc4cn3)C2)C(=O)O)c(C)c1,4.96,0.0,1
CHEMBL2093869,Cc1cc(C)c(S(=O)(=O)N[C@@H](CNC(=O)C2=NOC(CCCCNc3ccccn3)C2)C(=O)O)c(C)c1,4.8,0.0,1
CHEMBL2093869,Cc1cc(C)c(S(=O)(=O)N[C@@H](CNC(=O)C2=NOC(CCCCNc3ncc[nH]3)C2)C(=O)O)c(C)c1,6.07,0.0,1
CHEMBL2093869,Cc1cc(C)c(S(=O)(=O)N[C@@H](CNC(=O)C2=NOC(CCCCNc3nccc4ccccc34)C2)C(=O)O)c(C)c1,4.11,0.0,1
CHEMBL2093869,Cc1cc(C)c(S(=O)(=O)N[C@@H](CNC(=O)C2=NOC(CCCc3c[nH]c(N)n3)C2)C(=O)O)c(C)c1,6.55,0.0,1
CHEMBL2093869,Cc1cc(C)c(S(=O)(=O)N[C@@H](CNC(=O)C2=NOC(CCCc3cccc(N)n3)C2)C(=O)O)c(C)c1,4.11,0.0,1
CHEMBL2093869,Cc1cc(C)c(S(=O)(=O)N[C@@H](CNC(=O)C2=NOC(CCNc3ncc[nH]3)C2)C(=O)O)c(C)c1,5.33,0.0,1
CHEMBL2093869,Cc1cc(C)c(S(=O)(=O)N[C@@H](CNC(=O)C2=NO[C@@]3(C2)C[C@@H](CNC2NC=CN2)N(C(=O)OCc2ccccc2)C3)C(=O)O)c(C)c1,5.04,0.0,1
CHEMBL2093869,Cc1cc(C)c(S(=O)(=O)N[C@@H](CNC(=O)C2=NO[C@]3(C2)C[C@@H](CNC2NC=CN2)N(C(=O)OCc2ccccc2)C3)C(=O)O)c(C)c1,5.14,0.0,1
CHEMBL2093869,Cc1cc(C)c(S(=O)(=O)N[C@@H](CNC(=O)C2=NO[C@]3(C2)C[C@@H](CNc2ncc[nH]2)N(C(=O)OCc2ccccc2)C3)C(=O)O)c(C)c1,4.47,0.0,1
CHEMBL2093869,Cc1cc(C)c(S(=O)(=O)N[C@@H](CNC(=O)C2=NO[C@]3(C2)C[C@@H](CNc2ncc[nH]2)N(C(=O)OCc2cccnc2)C3)C(=O)O)c(C)c1,5.25,0.0,1
CHEMBL2093869,Cc1cc(C)c(S(=O)(=O)N[C@@H](CNC(=O)C2=NO[C@]3(CN[C@H](CNc4ncc[nH]4)C3)C2)C(=O)O)c(C)c1,5.85,0.0,1
CHEMBL2093869,Cc1cc(C)c(S(=O)(=O)N[C@@H](CNC(=O)CO[C@@H]2C[C@@H](CNc3ccccn3)N(C(=O)CC(C)(C)C)C2)C(=O)O)c(C)c1,5.1,0.0,1
CHEMBL2093869,Cc1cc(C)c(S(=O)(=O)N[C@@H](CNC(=O)CO[C@@H]2C[C@@H](CNc3ccccn3)N(C(=O)OCc3ccccc3)C2)C(=O)O)c(C)c1,5.05,0.0,1
CHEMBL2093869,Cc1cc(C)c(S(=O)(=O)N[C@@H](CNC(=O)c2ccc(-c3cccc(CN=C(N)N)c3)s2)C(=O)O)c(C)c1,9.75,0.07071067811865576,2
CHEMBL2093869,Cc1cc(C)c(S(=O)(=O)N[C@@H](CNC(=O)c2ccc(-c3cccc(NC(=N)N)c3)s2)C(=O)O)c(C)c1,9.51,0.0,1
CHEMBL2093869,Cc1cc(C)c(S(=O)(=O)N[C@@H](CNC(=O)c2ccc(CCC(=O)NC3=NCCCN3)s2)C(=O)O)c(C)c1,7.96,0.0,1
CHEMBL2093869,Cc1cc(C)c(S(=O)(=O)N[C@H](CNC(=O)C2=NOC(CCCCNc3ncc[nH]3)C2)C(=O)O)c(C)c1,4.17,0.0,1
CHEMBL2093869,Cc1cc(NC(=O)c2cccc(NC(=N)N)c2)ccc1/C=C/C(=O)O,6.92,0.0,1
CHEMBL2093869,Cc1ccc(-c2cncc(C(CC(=O)O)NC(=O)C3CCCN(C(=O)CCC4CCNCC4)C3)c2)cc1,7.62,0.0,1
CHEMBL2093869,Cc1ccc(C(CC(=O)O)Cc2csc(CCCc3ccc4c(n3)NCCC4)n2)cc1,5.7,0.0,1
CHEMBL2093869,Cc1ccc(C(CC(=O)O)NC(=O)CCC(=O)Nc2ccc3c(c2)CNCC3)cc1,7.02,0.0,1
CHEMBL2093869,Cc1ccc(S(=O)(=O)NC(Cc2ccc3cc(OCc4ccc(C(=N)N)cc4)ccc3c2)C(=O)O)cc1,5.4,0.0,1
CHEMBL2093869,Cc1ccc(S(=O)(=O)N[C@@H](CCC(=O)N2CCC3(CC2)CCN(c2ccncc2)CC3)C(=O)O)cc1,8.7,0.0,1
CHEMBL2093869,Cc1ccc(S(=O)(=O)N[C@@H](CCCNC(=O)Cc2ccc(C(=N)N)cc2)C(=O)O)cc1,4.32,0.0,1
CHEMBL2093869,Cc1ccc(S(=O)(=O)N[C@@H](CCCNC(=O)Cc2ccc(C(=N)N)cc2)CC(=O)O)cc1,8.12,0.0,1
CHEMBL2093869,Cc1ccc(S(=O)(=O)N[C@@H](CCCNC(=O)OCc2ccccc2)C(=O)O)cc1,4.7,0.0,1
CHEMBL2093869,Cc1ccc(S(=O)(=O)N[C@@H](CNC(=O)C2CCC3(CC2)CCN(c2ccncc2)CC3)C(=O)O)cc1,9.0,0.0,1
CHEMBL2093869,Cc1ccc(S(=O)(=O)N[C@@H](CNC(=O)N2CCC3(CC2)C(=O)N(c2ccc(C(=N)N)cc2)C(=O)N3C)C(=O)O)cc1,7.965,1.039446968344224,2
CHEMBL2093869,Cc1ccc(S(=O)(=O)N[C@@H](CNC(=O)N2CCC3(CC2)CCN(c2ccc(C(=N)N)cc2)C3=O)C(=O)O)cc1,8.09,1.2869343417595167,2
CHEMBL2093869,Cc1ccc([C@H](CC(=O)O)NC(=O)[C@@H]2CCCN(C(=O)CCC3CCNCC3)C2)cn1,9.89,0.0,1
CHEMBL2093869,Cc1cccc(C)c1C(=O)NC(Cc1ccc(N2CCC(CNc3ccccn3)CC2)cc1)C(=O)O,4.11,0.0,1
CHEMBL2093869,Cc1cccc(Cl)c1S(=O)(=O)N[C@@H](CNC(=O)C1=NOC(CCCCNc2ncc[nH]2)C1)C(=O)O,6.41,0.0,1
CHEMBL2093869,Cc1cccc(NCCCCOc2ccc(C[C@H](NS(=O)(=O)c3cccc(C(F)(F)F)c3)C(=O)O)cc2N)n1,6.92,0.0,1
CHEMBL2093869,Cc1ccnc(NCC2CC(=O)N(c3ccc(C[C@H](NC(=O)c4c(C)cc(C)cc4C)C(=O)O)cc3)C2)c1,5.64,0.0,1
CHEMBL2093869,Cc1ccnc(NCC2CCN(c3ccc(CC(NC(=O)c4c(C)cc(C)cc4C)C(=O)O)cc3)CC2)c1,5.135,0.7141778489984129,2
CHEMBL2093869,Cc1ccnc(NCCCCOc2ccc(C[C@H](NS(=O)(=O)c3cccc(C(F)(F)F)c3)C(=O)O)cc2N)c1,6.97,0.0,1
CHEMBL2093869,Cc1ccnc(NCCCCOc2ccc(C[C@H](NS(=O)(=O)c3cccc(C(F)(F)F)c3)C(=O)O)cc2NC(=O)COCCOCCOCCN)c1,7.55,0.0,1
CHEMBL2093869,Cc1ccnc(NCCCCOc2ccc(C[C@H](NS(=O)(=O)c3cccc(C(F)(F)F)c3)C(=O)O)cc2NC(=O)COCCOCCOCCOCCOCCOCCN)c1,7.42,0.0,1
CHEMBL2093869,Cc1ccnc(NCCCCc2noc(C[C@@H](CC(=O)O)c3ccc4c(c3)OCO4)n2)c1,7.04,0.0,1
CHEMBL2093869,Cc1ccnc(NCc2cc(-c3ccc(C[C@H](NC(=O)c4c(C)cc(C)cc4C)C(=O)O)cc3)on2)c1,4.93,0.0,1
CHEMBL2093869,Cc1ccnc(NCc2ccc(-c3ccc(CC(NC(=O)c4c(C)cc(C)cc4C)C(=O)O)cc3)cc2)c1,4.78,0.0,1
CHEMBL2093869,Cc1ccnc(NCc2cccc(-c3ccc(CC(NC(=O)c4c(C)cc(C)cc4C)C(=O)O)cc3)c2)c1,4.75,0.0,1
CHEMBL2093869,Cc1ccnc(NCc2cn(-c3ccc(C[C@H](NC(=O)c4c(C)cc(C)cc4C)C(=O)O)cc3)nn2)c1,5.05,0.0,1
CHEMBL2093869,Cc1ccnc(NCc2cnc(-c3ccc(C[C@H](NC(=O)c4c(C)cc(C)cc4C)C(=O)O)cc3)s2)c1,4.82,0.0,1
CHEMBL2093869,Cc1ccnc(NCc2coc(-c3ccc(C[C@H](NC(=O)c4c(C)cc(C)cc4C)C(=O)O)cc3)c2)c1,5.28,0.0,1
CHEMBL2093869,Cc1ccnc(NCc2csc(-c3ccc(C[C@H](NC(=O)c4c(C)cc(C)cc4C)C(=O)O)cc3)c2)c1,5.01,0.0,1
CHEMBL2093869,Cc1ccnc(NCc2sccc2-c2ccc(C[C@H](NC(=O)c3c(C)cc(C)cc3C)C(=O)O)cc2)c1,5.11,0.0,1
CHEMBL2093869,Cc1cn(C[C@@H](CC(=O)O)NC(=O)OCc2ccccc2)c(=O)nc1NCCCNc1nc2ccccc2[nH]1,5.3,0.0,1
CHEMBL2093869,Cc1cn(C[C@H](NC(=O)OCc2ccccc2)C(=O)O)c(=O)nc1N1CCC(CNc2nc3ccccc3[nH]2)CC1,5.7,0.0,1
CHEMBL2093869,Cc1nc(N(C)C(=O)c2ccc(C(=N)N)cc2)sc1CCC(=O)O,9.0,0.0,1
CHEMBL2093869,Cc1nc(NC(=O)c2ccc(C(=N)N)cc2)sc1CCC(=O)O,9.24,0.0,1
CHEMBL2093869,Cc1nc2cc(C(CC(=O)O)Cc3csc(CCCc4ccc5c(n4)NCCC5)n3)ccc2s1,7.02,0.0,1
CHEMBL2093869,Cc1ncc(C(CC(=O)O)CC2CCN(C(=O)CCc3ccc4c(n3)NCCC4)CC2)cn1,6.01,0.0,1
CHEMBL2093869,Cc1ncc(C(CC(=O)O)Cc2nc(CCCc3ccc4c(n3)NCCC4)no2)s1,6.37,0.0,1
CHEMBL2093869,Cc1noc(C)c1S(=O)(=O)N[C@@H](CCC(=O)N1CCC2(CC1)C(=O)N(c1ccc(C(=N)N)cc1)C(=O)N2C)C(=O)O,7.365,0.6151828996322967,2
CHEMBL2093869,Cc1noc(C)c1S(=O)(=O)N[C@@H](CCC(=O)N1CCC2(CC1)CCN(c1ccc(C(=N)N)cc1)C2=O)C(=O)O,7.870000000000001,0.6081118318204314,2
CHEMBL2093869,Cc1noc(C)c1S(=O)(=O)N[C@@H](CCC(=O)N1CCC2(CC1)CCN(c1ccncc1)CC2)C(=O)O,8.7,0.0,1
CHEMBL2093869,Cc1noc(C)c1S(=O)(=O)N[C@@H](CNC(=O)C1=NOC(CCCCNc2ncc[nH]2)C1)C(=O)O,5.82,0.0,1
CHEMBL2093869,Cc1noc(C)c1S(=O)(=O)N[C@@H](CNC(=O)C1CCC2(CC1)CCN(c1ccncc1)CC2)C(=O)O,9.0,0.0,1
CHEMBL2093869,Cc1noc(C)c1S(=O)(=O)N[C@@H](CNC(=O)C[C@H]1CC(c2ccc(C(=N)N)cc2)=NO1)C(=O)O,8.38,1.141753038095366,3
CHEMBL2093869,Cc1noc(C)c1S(=O)(=O)N[C@@H](CNC(=O)N1CCC2(CC1)CCN(c1ccncc1)CC2)C(=O)O,9.0,0.0,1
CHEMBL2093869,Cn1c(C(=O)NCCCCCCC(=O)O)cc2cc(C(=N)N)ccc21,5.33,0.2969848480983499,2
CHEMBL2093869,Cn1c2c(s/c1=N\C(=O)c1ccc(C(=N)N)cc1)C(=O)N(CCC(=O)O)C2,8.32,0.0,1
CHEMBL2093869,Cn1nc(CC(CC(=O)O)c2ccc3c(c2)OCO3)cc1OCCCNC1=NCCCC1,7.79,0.0,1
CHEMBL2093869,Cn1nc(CC(CC(=O)O)c2ccc3c(c2)OCO3)cc1OCCc1ccc2c(n1)NCCC2,7.62,0.0,1
CHEMBL2093869,Cn1nc(CC(CC(=O)O)c2ccc3c(c2)OCO3)cc1SCCc1ccc2c(n1)NCCC2,7.42,0.0,1
CHEMBL2093869,Cn1nc(CC(CC(=O)O)c2cnc(-c3ccc(Cl)cc3)s2)cc1OCCc1ccc2c(n1)NCCC2,7.24,0.0,1
CHEMBL2093869,N#Cc1cc(-c2cncc([C@H](CC(=O)O)NC(=O)[C@@H]3CCCN(C(=O)CCC4CCNCC4)C3)c2)ccc1F,7.68,0.0,1
CHEMBL2093869,N#Cc1cc(COc2cncc([C@H](CC(=O)O)NC(=O)[C@@H]3CCCN(C(=O)CCC4CCNCC4)C3)c2)ccc1F,8.1,0.0,1
CHEMBL2093869,N#Cc1ccc(-c2cncc([C@H](CC(=O)O)NC(=O)[C@@H]3CCCN(C(=O)CCC4CCNCC4)C3)c2)cc1F,7.82,0.0,1
CHEMBL2093869,N#Cc1ccc(COc2cncc([C@H](CC(=O)O)NC(=O)[C@@H]3CCCN(C(=O)CCC4CCNCC4)C3)c2)cc1F,8.15,0.0,1
CHEMBL2093869,N#Cc1ccc([C@H](CC(=O)O)NC(=O)[C@@H]2CCCN(C(=O)CCC3CCNCC3)C2)cc1F,7.82,0.0,1
CHEMBL2093869,N/C(=N\Cc1ccco1)c1ccc(C(=O)Nc2ccc3c(c2)CC(CC(=O)O)CC3)cc1,9.7,0.0,1
CHEMBL2093869,N/C(=N\Cc1ccncc1)Nc1cccc(C(=O)N2CCC(C(=O)NC(CC(=O)O)c3ccc4c(c3)OCO4)CC2)c1,7.25,0.0,1
CHEMBL2093869,N/C(=N\N1CCOCC1)c1ccc(N2CCC3(CCN(C(=O)CCCC(=O)O)CC3)C2=O)cc1,5.32,0.0848528137423861,2
CHEMBL2093869,N=C(N)CCCNC(=O)c1cnn(-c2nc(-c3cccc(C(F)(F)F)c3)cs2)c1C(F)(F)F,4.64,0.0,1
CHEMBL2093869,N=C(N)N1CCN(c2ccc(C(=O)NC[C@H](NS(=O)(=O)c3c(O)ccc4ccccc34)C(=O)O)cc2[N+](=O)[O-])CC1,7.85,0.0,1
CHEMBL2093869,N=C(N)NC(=O)CCc1ccc(C(=O)NC(CC(=O)O)c2ccc3c(c2)OCO3)s1,5.0,0.0,1
CHEMBL2093869,N=C(N)NC(=O)CCc1ccc(C(=O)NC[C@H](NC(=O)OCc2ccccc2)C(=O)O)s1,5.54,0.0,1
CHEMBL2093869,N=C(N)NCC(=O)Nc1ccc(SC(CC(=O)O)c2cccnc2)cc1,4.09,0.0,1
CHEMBL2093869,N=C(N)NCC(=O)Nc1cccc(SC(CC(=O)O)c2cccnc2)c1,4.51,0.0,1
CHEMBL2093869,N=C(N)NCCC(=O)Nc1ccc(SC(CC(=O)O)c2cccnc2)cc1,4.06,0.0,1
CHEMBL2093869,N=C(N)NCCC(=O)Nc1cccc(SC(CC(=O)O)c2cccnc2)c1,4.98,0.0,1
CHEMBL2093869,N=C(N)NCCC(=O)Nc1ccccc1SC(CC(=O)O)c1cccnc1,4.0,0.0,1
CHEMBL2093869,N=C(N)NCCCC(=O)Nc1cccc(SC(CC(=O)O)c2cccnc2)c1,5.62,0.0,1
CHEMBL2093869,N=C(N)NCCCCC(=O)NCC(=O)NC(CC(=O)O)c1cccnc1,8.05,0.0,1
CHEMBL2093869,N=C(N)NCCCCC(=O)NNC(=O)NC(CC(=O)O)c1ccccc1,6.0,0.0,1
CHEMBL2093869,N=C(N)NCCCCCCCC(=O)N[C@@H](CC(=O)O)C(=O)NCCc1ccccc1,4.52,0.0,1
CHEMBL2093869,N=C(N)NCCCCCCCC(=O)N[C@@H](CC(=O)O)C(=O)N[C@@H](Cc1ccccc1)C(=O)O,6.22,0.0,1
CHEMBL2093869,N=C(N)NCCCCCCCC(=O)N[C@@H](CC(=O)O)C(=O)N[C@@H](Cc1ccccc1)C1N=NN=N1,5.7,0.0,1
CHEMBL2093869,N=C(N)NCCCCCCOc1ccc2c(c1)CCN(CC(=O)O)C2=O,4.92,0.0,1
CHEMBL2093869,N=C(N)NCCCCCOc1ccc2c(c1)CCN(CC(=O)O)C2=O,5.05,0.0,1
CHEMBL2093869,N=C(N)NCCCCOc1ccc(C[C@H](NS(=O)(=O)c2cccc(C(F)(F)F)c2)C(=O)O)cc1N,8.14,0.0,1
CHEMBL2093869,N=C(N)NCCCCOc1ccc2c(c1)C(=O)N(CC(=O)O)CC2,4.34,0.0,1
CHEMBL2093869,N=C(N)NCCCCOc1ccc2c(c1)CCN(CC(=O)O)C2=O,5.0,0.0,1
CHEMBL2093869,N=C(N)NCCCC[C@@H]1NC(=O)N(CC(=O)NCC(NC(=O)OCc2ccccc2)C(=O)O)C1=O,6.07,0.0,1
CHEMBL2093869,N=C(N)NCCCNC(=O)c1cnn(-c2nc(-c3cccc(C(F)(F)F)c3)cs2)c1C(F)(F)F,4.76,0.0,1
CHEMBL2093869,N=C(N)NCCCOc1ccc(C[C@H](NS(=O)(=O)c2cccc(C(F)(F)F)c2)C(=O)O)cc1N,7.57,0.0,1
CHEMBL2093869,N=C(N)NCCCOc1ccc2c(c1)CCN(CC(=O)O)C2=O,4.36,0.0,1
CHEMBL2093869,N=C(N)NCCC[C@@H]1NC(=O)CCNC(=O)CSC[C@@H](C(=O)O)NC(=O)[C@H](CC(=O)O)NC(=O)CNC1=O,6.1899999999999995,2.4465894629054543,2
CHEMBL2093869,N=C(N)NCCC[C@@H]1NC(=O)CNC(=O)C(c2ccc(-c3ccccc3)cc2)SC[C@@H](C(=O)O)NC(=O)[C@H](CC(=O)O)NC(=O)CNC1=O,7.4725,1.2093352168305807,4
CHEMBL2093869,N=C(N)NCCC[C@@H]1NC(=O)CNC(=O)C(c2ccc(C(F)(F)F)cc2)SC[C@@H](C(=O)O)NC(=O)[C@H](CC(=O)O)NC(=O)CNC1=O,7.066666666666666,1.2065791865158846,3
CHEMBL2093869,N=C(N)NCCC[C@@H]1NC(=O)CNC(=O)C(c2ccc3ccccc3c2)SC[C@@H](C(=O)O)NC(=O)[C@H](CC(=O)O)NC(=O)CNC1=O,7.1850000000000005,1.3822324937096029,4
CHEMBL2093869,N=C(N)NCCC[C@@H]1NC(=O)CNC(=O)C(c2cccc(C(F)(F)F)c2)SC[C@@H](C(=O)O)NC(=O)[C@H](CC(=O)O)NC(=O)CNC1=O,7.85,0.5515432893255076,2
CHEMBL2093869,N=C(N)NCCC[C@@H]1NC(=O)CNC(=O)C(c2cccc3ccccc23)SC[C@@H](C(=O)O)NC(=O)[C@H](CC(=O)O)NC(=O)CNC1=O,7.734999999999999,1.1806918875529435,4
CHEMBL2093869,N=C(N)NCCC[C@@H]1NC(=O)CNC(=O)C(c2ccccc2)SC[C@@H](C(=O)O)NC(=O)[C@H](CC(=O)O)NC(=O)CNC1=O,7.963333333333334,1.2710756599562965,3
CHEMBL2093869,N=C(N)NCCC[C@@H]1NC(=O)CNC(=O)C(c2ccccc2C(F)(F)F)SC[C@@H](C(=O)O)NC(=O)[C@H](CC(=O)O)NC(=O)CNC1=O,7.676666666666667,0.8755760008893194,3
CHEMBL2093869,N=C(N)NCCC[C@@H]1NC(=O)CNC(=O)CCSC[C@@H](C(=O)O)NC(=O)[C@H](CC(=O)O)NC(=O)CNC1=O,5.655,2.071822868876584,2
CHEMBL2093869,N=C(N)NCCC[C@@H]1NC(=O)CNC(=O)CS(=O)(=O)C[C@@H](C(=O)O)NC(=O)[C@H](CC(=O)O)NC(=O)CNC1=O,6.43,1.866761902332485,2
CHEMBL2093869,N=C(N)NCCC[C@@H]1NC(=O)CNC(=O)CSC[C@@H](C(=O)O)NC(=O)[C@H](CC(=O)O)NC(=O)CNC1=O,6.84,2.177888886054567,2
CHEMBL2093869,N=C(N)NCCC[C@@H]1NC(=O)CNC(=O)CSC[C@@H](C(N)=O)NC(=O)[C@H](CC(=O)O)NC(=O)CNC1=O,7.92,0.0,1
CHEMBL2093869,N=C(N)NCCC[C@@H]1NC(=O)CNC(=O)C[S+]([O-])C[C@@H](C(=O)O)NC(=O)[C@H](CC(=O)O)NC(=O)CNC1=O,7.626666666666666,1.2102203656084016,3
CHEMBL2093869,N=C(N)NCCC[C@@H]1NC(=O)CNC(=O)[C@@H](Cc2ccccc2)SC[C@@H](C(=O)O)NC(=O)[C@H](CC(=O)O)NC(=O)CNC1=O,6.35,1.6829141392239826,2
CHEMBL2093869,N=C(N)NCCC[C@@H]1NC(=O)CNC(=O)[C@H](CC(=O)O)N[C@H](C(=O)O)C[S+]([O-])CC(=O)N[C@H](Cc2ccc(O)cc2)C1=O,8.82,0.0,1
CHEMBL2093869,N=C(N)NCCC[C@@H]1NC(=O)CNC(=O)[C@H](Cc2ccccc2)SC[C@@H](C(=O)O)NC(=O)[C@H](CC(=O)O)NC(=O)CNC1=O,6.785,1.5061374439273465,2
CHEMBL2093869,N=C(N)NCCC[C@@H]1NC(=O)CSC[C@@H](C(=O)O)NC(=O)[C@H](CC(=O)O)NC(=O)CNC1=O,6.88,0.0,1
CHEMBL2093869,N=C(N)NCCC[C@@H]1NC(=O)N(CC(=O)NCC(/N=C(\S)NCc2ccccc2)C(=O)O)C1=O,5.0,0.0,1
CHEMBL2093869,N=C(N)NCCC[C@@H]1NC(=O)N(CC(=O)NCC(NC(=O)CCc2ccccc2)C(=O)O)C1=O,6.26,0.0,1
CHEMBL2093869,N=C(N)NCCC[C@@H]1NC(=O)N(CC(=O)NCC(NC(=O)NCc2ccccc2)C(=O)O)C1=O,6.75,0.0,1
CHEMBL2093869,N=C(N)NCCC[C@@H]1NC(=O)N(CC(=O)NCC(NC(=O)OCc2ccccc2)C(=O)O)C1=O,5.62,0.0,1
CHEMBL2093869,N=C(N)NCCC[C@@H]1NC(=O)N(CC(=O)NCC(NC(=O)c2ccc3ccccc3c2)C(=O)O)C1=O,6.7,0.0,1
CHEMBL2093869,N=C(N)NCCC[C@@H]1NC(=O)[C@@H](CC(=O)O)NC(=O)CSC[C@@H](C(=O)O)NC(=O)[C@H](CC(=O)O)NC(=O)CNC1=O,6.3,0.0,1
CHEMBL2093869,N=C(N)NCCC[C@@H]1NC(=O)[C@@H](CCC(=O)O)NC(=O)CSC[C@@H](C(=O)O)NC(=O)[C@H](CC(=O)O)NC(=O)CNC1=O,6.58,0.0,1
CHEMBL2093869,N=C(N)NCCC[C@@H]1NC(=O)[C@@H](CO)NC(=O)CSC[C@@H](C(=O)O)NC(=O)[C@H](CC(=O)O)NC(=O)CNC1=O,7.66,0.0,1
CHEMBL2093869,N=C(N)NCCC[C@@H]1NC(=O)[C@@H](Cc2c[nH]c3ccccc23)NC(=O)CSC[C@@H](C(=O)O)NC(=O)[C@H](CC(=O)O)NC(=O)CNC1=O,6.43,1.5697770542341352,2
CHEMBL2093869,N=C(N)NCCC[C@@H]1NC(=O)[C@@H](Cc2c[nH]cn2)NC(=O)CSC[C@@H](C(=O)O)NC(=O)[C@H](CC(=O)O)NC(=O)CNC1=O,7.07,1.555634918610405,2
CHEMBL2093869,N=C(N)NCCC[C@@H]1NC(=O)[C@@H](Cc2ccc(O)cc2)NC(=O)CSC[C@@H](C(=O)O)NC(=O)[C@H](CC(=O)O)NC(=O)CNC1=O,6.58,1.5839191898578666,2
CHEMBL2093869,N=C(N)NCCC[C@@H]1NC(=O)[C@@H](Cc2ccc(O)cc2)NC(=O)C[S+]([O-])C[C@@H](C(=O)O)NC(=O)[C@H](CC(=O)O)NC(=O)CNC1=O,6.995,1.1039776567787356,4
CHEMBL2093869,N=C(N)NCCC[C@@H]1NC(=O)[C@@H](Cc2ccccc2)NC(=O)CSC[C@@H](C(=O)O)NC(=O)[C@H](CC(=O)O)NC(=O)CNC1=O,6.095000000000001,1.9304015126392746,2
CHEMBL2093869,N=C(N)NCCC[C@@H]1NC(=O)[C@@H](Cc2ccccc2)NC(=O)C[S+]([O-])C[C@@H](C(=O)O)NC(=O)[C@H](CC(=O)O)NC(=O)CNC1=O,7.363333333333333,0.950385886539427,3
CHEMBL2093869,N=C(N)NCCC[C@@H]1NC(=O)[C@@H]2CCCN2C(=O)CSC[C@@H](C(=O)O)NC(=O)[C@H](CC(=O)O)NC(=O)CNC1=O,7.6850000000000005,1.8596908345206202,2
CHEMBL2093869,N=C(N)NCCC[C@@H]1NC(=O)[C@H](CC(=O)O)NC(=O)CSC[C@@H](C(=O)O)NC(=O)[C@H](CC(=O)O)NC(=O)CNC1=O,7.6,0.0,1
CHEMBL2093869,N=C(N)NCCC[C@@H]1NC(=O)[C@H](CC(=O)O)NC(=O)C[S+]([O-])C[C@@H](C(=O)O)NC(=O)[C@H](CC(=O)O)NC(=O)CNC1=O,6.023333333333333,2.0430451128972495,3
CHEMBL2093869,N=C(N)NCCC[C@@H]1NC(=O)[C@H](CCC(=O)O)NC(=O)CSC[C@@H](C(=O)O)NC(=O)[C@H](CC(=O)O)NC(=O)CNC1=O,6.58,1.753624817342638,2
CHEMBL2093869,N=C(N)NCCC[C@@H]1NC(=O)[C@H](CCC(=O)O)NC(=O)C[S+]([O-])C[C@@H](C(=O)O)NC(=O)[C@H](CC(=O)O)NC(=O)CNC1=O,6.58,1.5239860016854923,4
CHEMBL2093869,N=C(N)NCCC[C@@H]1NC(=O)[C@H](CO)NC(=O)CSC[C@@H](C(=O)O)NC(=O)[C@H](CC(=O)O)NC(=O)CNC1=O,7.36,1.470782104868019,2
CHEMBL2093869,N=C(N)NCCC[C@@H]1NC(=O)[C@H](CO)NC(=O)C[S+]([O-])C[C@@H](C(=O)O)NC(=O)[C@H](CC(=O)O)NC(=O)CNC1=O,7.236666666666667,0.8966790581547747,3
CHEMBL2093869,N=C(N)NCCC[C@@H]1NC(=O)[C@H](Cc2c[nH]c3ccccc23)NC(=O)CSC[C@@H](C(=O)O)NC(=O)[C@H](CC(=O)O)NC(=O)CNC1=O,7.37,1.4566399692442884,2
CHEMBL2093869,N=C(N)NCCC[C@@H]1NC(=O)[C@H](Cc2c[nH]cn2)NC(=O)CSC[C@@H](C(=O)O)NC(=O)[C@H](CC(=O)O)NC(=O)CNC1=O,7.395,1.590990257669732,2
CHEMBL2093869,N=C(N)NCCC[C@@H]1NC(=O)[C@H](Cc2ccc(O)cc2)NC(=O)CS(=O)(=O)C[C@@H](C(=O)O)NC(=O)[C@H](CC(=O)O)NC(=O)CNC1=O,7.68,1.4142135623730951,2
CHEMBL2093869,N=C(N)NCCC[C@@H]1NC(=O)[C@H](Cc2ccc(O)cc2)NC(=O)CSC[C@@H](C(=O)O)NC(=O)[C@H](CC(=O)O)NC(=O)CNC1=O,7.82,1.4142135623730951,2
CHEMBL2093869,N=C(N)NCCC[C@@H]1NC(=O)[C@H](Cc2ccc(O)cc2)NC(=O)CSC[C@@H](C(N)=O)NC(=O)[C@H](CC(=O)O)NC(=O)CNC1=O,7.38,1.7253405460951756,2
CHEMBL2093869,N=C(N)NCCC[C@@H]1NC(=O)[C@H](Cc2ccc(O)cc2)NC(=O)C[S+]([O-])C[C@@H](C(=O)O)NC(=O)[C@H](CC(=O)O)NC(=O)CNC1=O,7.7524999999999995,1.0774468277676943,4
CHEMBL2093869,N=C(N)NCCC[C@@H]1NC(=O)[C@H](Cc2ccc(O)cc2)NC(=O)C[S+]([O-])C[C@@H](C(N)=O)NC(=O)[C@H](CC(=O)O)NC(=O)CNC1=O,7.525,1.1667261889578033,2
CHEMBL2093869,N=C(N)NCCC[C@@H]1NC(=O)[C@H](Cc2ccccc2)NC(=O)CSC[C@@H](C(=O)O)NC(=O)[C@H](CC(=O)O)NC(=O)CNC1=O,7.405,1.053589103967956,2
CHEMBL2093869,N=C(N)NCCC[C@@H]1NC(=O)[C@H](Cc2ccccc2)NC(=O)C[S+]([O-])C[C@@H](C(=O)O)NC(=O)[C@H](CC(=O)O)NC(=O)CNC1=O,6.9475,1.2314591615911044,4
CHEMBL2093869,N=C(N)NCCC[C@@H]1NC(=O)[C@H]2CCCN2C(=O)CSC[C@@H](C(=O)O)NC(=O)[C@H](CC(=O)O)NC(=O)CNC1=O,6.825,1.5768481220460013,2
CHEMBL2093869,N=C(N)NCCC[C@@H]1NC(=O)c2cccc(c2)CSC[C@@H](C(=O)O)NC(=O)[C@H](CC(=O)O)NC(=O)CNC1=O,6.115,2.269812767608818,2
CHEMBL2093869,N=C(N)NCCC[C@H](N)C(=O)NCC(=O)N[C@@H](CC(=O)O)C(=O)N[C@@H](CO)C(=O)O,4.79,0.4849054890732145,4
CHEMBL2093869,N=C(N)NCCC[C@H](N)C(=O)NCC(=O)N[C@@H](CC(=O)O)C(=O)N[C@@H](Cc1ccccc1)C(=O)O,5.6433333333333335,1.6519483446322805,3
CHEMBL2093869,N=C(N)NCCC[C@H](NC(=O)CN)C(=O)NCC(=O)N[C@@H](CC(=O)O)C(=O)N[C@@H](CO)C(=O)O,6.9,0.028284271247461613,2
CHEMBL2093869,N=C(N)NCCC[C@H](NC(=O)OCc1ccccc1)[C@H]1CC[C@H](C(=O)NC[C@H](NC(=O)OCc2ccccc2)C(=O)O)O1,7.17,0.0,1
CHEMBL2093869,N=C(N)NCCC[C@H](NC(=O)c1ccccc1S)C(=O)NCC(=O)N[C@@H](CC(=O)O)C(=O)Nc1ccccc1S,6.54,0.0,1
CHEMBL2093869,N=C(N)NCCC[C@H]1NC(=O)[C@@H]2CCCN2C(=O)CNC(=O)[C@@H]2CCCN2C(=O)[C@@H](CC(=O)O)NC(=O)CNC1=O,4.12,0.0,1
CHEMBL2093869,N=C(N)NCCC[C@H]1NC(=O)[C@@H]2CCCN2C(=O)[C@@H](Cc2ccccc2)NC(=O)CNC(=O)[C@@H](CC(=O)O)NC(=O)CNC1=O,4.75,0.0,1
CHEMBL2093869,N=C(N)NCCC[C@H]1NC(=O)[C@@H]2CCCN2C(=O)[C@H]2CCCN2C(=O)CNC(=O)[C@@H](CC(=O)O)NC(=O)CNC1=O,5.28,0.0,1
CHEMBL2093869,N=C(N)NCC[C@@H]1NC(=O)N(CC(=O)NCC(NC(=O)OCc2ccccc2)C(=O)O)C1=O,5.0,0.0,1
CHEMBL2093869,N=C(N)NC[C@@H]1NC(=O)N(CC(=O)NCC(NC(=O)OCc2ccccc2)C(=O)O)C1=O,5.0,0.0,1
CHEMBL2093869,N=C(N)NCc1ccc(-c2ccc(C(=O)NC[C@H](NS(=O)(=O)c3ccccc3)C(=O)O)s2)cc1,8.21,0.0,1
CHEMBL2093869,N=C(N)NCc1ccc(COc2ccc3c(c2)CCN(CC(=O)O)C3=O)cc1,5.4,0.0,1
CHEMBL2093869,N=C(N)NCc1cccc(-c2ccc(C(=O)NC[C@H](NS(=O)(=O)c3ccccc3)C(=O)O)s2)c1,9.495000000000001,0.035355339059325995,2
CHEMBL2093869,N=C(N)NCc1cccc(COc2ccc3c(c2)CCN(CC(=O)O)C3=O)c1,4.85,0.0,1
CHEMBL2093869,N=C(N)NOCCOc1ccc2[nH]c(C(=O)NCC(NS(=O)(=O)c3cc(Cl)cc(Cl)c3)C(=O)O)cc2c1,7.6,0.0,1
CHEMBL2093869,N=C(N)NOCCOc1ccc2[nH]c(C(=O)NCC(NS(=O)(=O)c3ccccc3)C(=O)O)cc2c1,7.89,0.0,1
CHEMBL2093869,N=C(N)Nc1ccc(C(=O)Nc2ccc(SC(CC(=O)O)c3cccnc3)cc2)cc1,4.47,0.0,1
CHEMBL2093869,N=C(N)Nc1ccc(C(=O)Nc2cccc(SC(CC(=O)O)c3cccnc3)c2)cc1,7.7,0.0,1
CHEMBL2093869,N=C(N)Nc1ccc(C(=O)Oc2ccc3cc(C(=N)N)ccc3c2)cc1,4.9,0.0,1
CHEMBL2093869,N=C(N)Nc1cccc(-c2ccc(C(=O)NC[C@H](NS(=O)(=O)c3ccccc3)C(=O)O)s2)c1,9.23,0.0,1
CHEMBL2093869,N=C(N)Nc1cccc(C(=O)NNC(=O)CC(CC(=O)O)c2cc(Cl)cc(Cl)c2)c1,6.0,0.0,1
CHEMBL2093869,N=C(N)Nc1cccc(C(=O)NNC(=O)CC(CC(=O)O)c2ccc(-c3ccccc3)cc2)c1,6.0,0.0,1
CHEMBL2093869,N=C(N)Nc1cccc(C(=O)NNC(=O)NC(CC(=O)O)c2ccc(Cl)cc2)c1,5.26,0.0,1
CHEMBL2093869,N=C(N)Nc1cccc(C(=O)NNC(=O)NC(CC(=O)O)c2ccc(F)cc2)c1,6.0,0.0,1
CHEMBL2093869,N=C(N)Nc1cccc(C(=O)NNC(=O)NC(CC(=O)O)c2ccccc2)c1,5.07,0.0,1
CHEMBL2093869,N=C(N)Nc1cccc(C(=O)Nc2cc(Cl)c(/C=C/C(=O)O)c(Cl)c2)c1,4.6,0.0,1
CHEMBL2093869,N=C(N)Nc1cccc(C(=O)Nc2ccc(/C=C/C(=O)O)c(C(=O)O)c2)c1,8.04,0.0,1
CHEMBL2093869,N=C(N)Nc1cccc(C(=O)Nc2ccc(/C=C/C(=O)O)c(C(F)(F)F)c2)c1,6.82,0.0,1
CHEMBL2093869,N=C(N)Nc1cccc(C(=O)Nc2ccc(/C=C/C(=O)O)c(Cl)c2)c1,7.35,0.0,1
CHEMBL2093869,N=C(N)Nc1cccc(C(=O)Nc2ccc(/C=C/C(=O)O)cc2)c1,8.15,0.0,1
CHEMBL2093869,N=C(N)Nc1cccc(C(=O)Nc2ccc(/C=C/C(=O)O)cc2C(F)(F)F)c1,6.17,0.0,1
CHEMBL2093869,N=C(N)Nc1cccc(C(=O)Nc2ccc(/C=C/C(=O)O)cc2Cl)c1,7.96,0.0,1
CHEMBL2093869,N=C(N)Nc1cccc(C(=O)Nc2ccc(/C=C/C(=O)O)cc2F)c1,7.85,0.0,1
CHEMBL2093869,N=C(N)Nc1cccc(C(=O)Nc2ccc(C3CC3C(=O)O)cc2)c1,6.27,0.0,1
CHEMBL2093869,N=C(N)Nc1cccc(C(=O)Nc2ccc(CC(N)C(=O)O)cc2)c1,4.66,0.0,1
CHEMBL2093869,N=C(N)Nc1cccc(C(=O)Nc2ccc(CC(NS(=O)(=O)c3ccccc3)C(=O)O)cc2)c1,9.15,0.0,1
CHEMBL2093869,N=C(N)Nc1cccc(C(=O)Nc2ccc(CCC(=O)O)c(C(=O)O)c2)c1,7.24,0.0,1
CHEMBL2093869,N=C(N)Nc1cccc(C(=O)Nc2ccc(CCC(=O)O)cc2)c1,7.03,0.0,1
CHEMBL2093869,N=C(N)Nc1cccc(C(=O)Nc2ccc(OCC(=O)O)cc2)c1,6.89,0.0,1
CHEMBL2093869,N=C(N)Nc1cccc(C(=O)Nc2ccc(SC(CC(=O)O)c3cccnc3)cc2)c1,5.01,0.0,1
CHEMBL2093869,N=C(N)Nc1cccc(C(=O)Nc2cccc(SC(CC(=O)O)c3cccnc3)c2)c1,5.85,0.0,1
CHEMBL2093869,N=C(N)Nc1cccc(C(=O)Nc2ccccc2SC(CC(=O)O)c2cccnc2)c1,4.8,0.0,1
CHEMBL2093869,N=C(N)Nc1ccccc1-c1ccc(C(=O)NC[C@H](NS(=O)(=O)c2ccccc2)C(=O)O)s1,9.6,0.0,1
CHEMBL2093869,N=C(N)c1cc(F)c(C(=O)Nc2ccc3c(c2)CCC(CC(=O)O)C3=O)c(F)c1,8.3,0.0,1
CHEMBL2093869,N=C(N)c1ccc(-c2ccc(OC[C@@H]3C[C@@H](CC(=O)O)C(=O)N3)cc2)cc1,7.1,0.0,1
CHEMBL2093869,N=C(N)c1ccc(/C=C/c2ccc3c(c2)CCN(CC(=O)O)C3=O)cc1,7.32,0.0,1
CHEMBL2093869,N=C(N)c1ccc(/C=C\c2ccc3c(c2)CCN(CC(=O)O)C3=O)cc1,6.54,0.0,1
CHEMBL2093869,N=C(N)c1ccc(C#Cc2ccc3c(c2)CCN(CC(=O)O)C3=O)cc1,7.48,0.0,1
CHEMBL2093869,N=C(N)c1ccc(C(=O)N2CCC3(CCC(C(=O)NCC(=O)O)CC3)CC2)cc1,5.01,0.0,1
CHEMBL2093869,N=C(N)c1ccc(C(=O)N2CCC3(CCC(C(=O)O)CC3)CC2)cc1,4.82,0.0,1
CHEMBL2093869,N=C(N)c1ccc(C(=O)N2CCC3(CCN(C(=O)CC(=O)O)CC3)CC2)cc1,5.01,0.0,1
CHEMBL2093869,N=C(N)c1ccc(C(=O)N2CCC3(CCN(C(=O)CCC(=O)O)CC3)CC2)cc1,4.82,0.0,1
CHEMBL2093869,N=C(N)c1ccc(C(=O)N2CCC3(CCN(C(=O)CCCC(=O)O)CC3)CC2)cc1,5.46,0.0,1
CHEMBL2093869,N=C(N)c1ccc(C(=O)NCCCC[C@H](CC(=O)O)NC(=O)Cc2cccc3ccccc23)cc1,9.44,0.0,1
CHEMBL2093869,N=C(N)c1ccc(C(=O)NC[C@@H]2CN(c3ccc(N4CCC(C(=O)O)CC4)cc3)C(=O)O2)cc1,5.33,0.0,1
CHEMBL2093869,N=C(N)c1ccc(C(=O)NC[C@H]2CN(c3ccc(N4CCC(C(=O)O)CC4)cc3)C(=O)O2)cc1,4.92,0.0,1
CHEMBL2093869,N=C(N)c1ccc(C(=O)N[C@@H](Cc2ccc(O)cc2)C(=O)N2CCC(OCC(=O)O)CC2)cc1,8.85,0.0,1
CHEMBL2093869,N=C(N)c1ccc(C(=O)Nc2ccc3c(c2)CC(CC(=O)O)CC3)cc1,9.92,0.0,1
CHEMBL2093869,N=C(N)c1ccc(C(=O)Nc2ccc3c(c2)CC(CC(=O)O)CO3)cc1,10.14,0.0,1
CHEMBL2093869,N=C(N)c1ccc(C(=O)Nc2ccc3c(c2)CCC(CC(=O)O)C3)cc1,8.3,0.0,1
CHEMBL2093869,N=C(N)c1ccc(C(=O)Nc2ccc3c(c2)CCC(CC(=O)O)C3=O)c(C(F)(F)F)c1,7.14,0.0,1
CHEMBL2093869,N=C(N)c1ccc(C(=O)Nc2ccc3c(c2)CCC(CC(=O)O)C3=O)c(Cl)c1,7.96,0.0,1
CHEMBL2093869,N=C(N)c1ccc(C(=O)Nc2ccc3c(c2)CCC(CC(=O)O)C3=O)c(F)c1,8.52,0.0,1
CHEMBL2093869,N=C(N)c1ccc(C(=O)Nc2ccc3c(c2)CCC(CC(=O)O)C3=O)cc1,8.7,0.0,1
CHEMBL2093869,N=C(N)c1ccc(C(=O)Nc2ccc3c(c2)CCC(CC(=O)O)C3=O)cn1,8.05,0.0,1
CHEMBL2093869,N=C(N)c1ccc(C(=O)Nc2ccc3c(c2)CCC(CC(=O)O)C3=O)s1,6.68,0.0,1
CHEMBL2093869,N=C(N)c1ccc(C(=O)Nc2ccc3c(c2)CCC(CC(=O)O)O3)cc1,8.7,0.0,1
CHEMBL2093869,N=C(N)c1ccc(C(=O)Nc2ccc3c(c2)CCN(CC(=O)O)C3)cc1,8.3,0.0,1
CHEMBL2093869,N=C(N)c1ccc(C(=O)Nc2ccc3c(c2)CCN(CC(=O)O)C3=O)cc1,7.563333333333333,0.8292365967161203,3
CHEMBL2093869,N=C(N)c1ccc(C(=O)Nc2cccc(CCC(=O)O)c2)cc1,9.26,0.0,1
CHEMBL2093869,N=C(N)c1ccc(C2=NOC(CC(=O)N3CCC(=O)C(C(=O)O)C3)C2)cc1,5.19,0.0,1
CHEMBL2093869,N=C(N)c1ccc(C2=NOC(CC(=O)N3CCC(C(=O)O)CC3)C2)cc1,5.6,0.0,1
CHEMBL2093869,N=C(N)c1ccc(C2=NOC(CC(=O)N3CCCC(C(=O)O)C3)C2)cc1,5.28,0.0,1
CHEMBL2093869,N=C(N)c1ccc(C2=NOC(CC(=O)N3CCCC3CC(=O)O)C2)cc1,5.96,0.0,1
CHEMBL2093869,N=C(N)c1ccc(C2=NOC(CC(=O)N3CCCCC3CC(=O)O)C2)cc1,6.31,0.7975587752636164,3
CHEMBL2093869,N=C(N)c1ccc(C2=NOC(CC(=O)N3CCCCCC3CC(=O)O)C2)cc1,5.43,0.0,1
CHEMBL2093869,N=C(N)c1ccc(C2=NOC(CC(=O)N3CCCC[C@@H]3C(=O)O)C2)cc1,4.41,0.0,1
CHEMBL2093869,N=C(N)c1ccc(C2=NOC(CC(=O)NC(CC(=O)O)CC(=O)O)C2)cc1,6.68,0.0,1
CHEMBL2093869,N=C(N)c1ccc(C2=NOC(CC(=O)NCC(NP(=O)(O)O)C(=O)O)C2)cc1,6.5,0.1131370849898477,2
CHEMBL2093869,N=C(N)c1ccc(C2=NOC(CC(=O)NCCC(=O)O)C2)cc1,7.134,1.078369139024296,5
CHEMBL2093869,N=C(N)c1ccc(C2=NOC(CC(=O)NC[C@H](N)C(=O)O)C2)cc1,7.04,0.0,1
CHEMBL2093869,N=C(N)c1ccc(C2=NOC(CC(=O)NC[C@H](NC(=O)CCc3ccccc3)C(=O)O)C2)cc1,7.51,0.0,1
CHEMBL2093869,N=C(N)c1ccc(C2=NOC(CC(=O)NC[C@H](NC(=O)NCc3ccccc3)C(=O)O)C2)cc1,7.17,0.0,1
CHEMBL2093869,N=C(N)c1ccc(C2=NOC(CC(=O)NC[C@H](NC(=O)OCCC(F)(F)F)C(=O)O)C2)cc1,7.51,0.0,1
CHEMBL2093869,N=C(N)c1ccc(C2=NOC(CC(=O)NC[C@H](NC(=O)OCCC3CC3)C(=O)O)C2)cc1,7.44,0.0,1
CHEMBL2093869,N=C(N)c1ccc(C2=NOC(CC(=O)NC[C@H](NC(=O)OCCC3CCCC3)C(=O)O)C2)cc1,7.5,0.0,1
CHEMBL2093869,N=C(N)c1ccc(C2=NOC(CC(=O)NC[C@H](NC(=O)OCCc3ccccc3)C(=O)O)C2)cc1,7.26,0.0,1
CHEMBL2093869,N=C(N)c1ccc(C2=NOC(CC(=O)NC[C@H](NC(=O)OCc3ccc(Br)cc3)C(=O)O)C2)cc1,7.36,0.0,1
CHEMBL2093869,N=C(N)c1ccc(C2=NOC(CC(=O)NC[C@H](NC(=O)OCc3ccccc3)C(=O)O)C2)cc1,7.33,0.0,1
CHEMBL2093869,N=C(N)c1ccc(C2=NOC(CC(=O)NC[C@H](NC(=O)OCc3ccccc3Cl)C(=O)O)C2)cc1,7.5,0.0,1
CHEMBL2093869,N=C(N)c1ccc(C2=NOC(CC(=O)NC[C@H](NC(=O)c3ccc(-c4ccccc4)cc3)C(=O)O)C2)cc1,7.17,0.0,1
CHEMBL2093869,N=C(N)c1ccc(C2=NOC(CC(=O)NC[C@H](NC(=O)c3ccc4ccccc4c3)C(=O)O)C2)cc1,7.21,0.0,1
CHEMBL2093869,N=C(N)c1ccc(C2=NOC(CC(=O)N[C@@H](CC(=O)O)C(=O)N3CCC4CCC(CC4)C3)C2)cc1,6.68,0.0,1
CHEMBL2093869,N=C(N)c1ccc(C2=NOC(CC(=O)N[C@@H](CC(=O)O)C(=O)N3CCSCC3)C2)cc1,6.44,0.0,1
CHEMBL2093869,N=C(N)c1ccc(C2=NOC(CC(=O)N[C@@H](CC(=O)O)C(=O)N3CCc4ccccc4C3)C2)cc1,6.77,0.0,1
CHEMBL2093869,N=C(N)c1ccc(C2=NOC(CC(=O)N[C@@H](CC(=O)O)C(=O)NC3C4CC5CC(C4)CC3C5)C2)cc1,6.85,0.0,1
CHEMBL2093869,N=C(N)c1ccc(C2=NOC(CC(=O)N[C@@H](CC(=O)O)C(=O)NCC34CC5CC(CC(C5)C3)C4)C2)cc1,7.02,0.0,1
CHEMBL2093869,N=C(N)c1ccc(C2=NOC(CC(=O)N[C@@H](CC(=O)O)C(=O)NCCc3ccccc3)C2)cc1,7.17,0.0,1
CHEMBL2093869,N=C(N)c1ccc(C2=NOC(CC(=O)N[C@@H](CC(=O)O)Cc3ccccc3)C2)cc1,7.11,0.0,1
CHEMBL2093869,N=C(N)c1ccc(C2=NOC(CC(=O)N[C@H](CC(=O)O)Cc3ccccc3)C2)cc1,5.85,0.0,1
CHEMBL2093869,N=C(N)c1ccc(C2=NOC(CC(=O)N[C@H](CCc3ccccn3)CC(=O)O)C2)cc1,6.75,0.0,1
CHEMBL2093869,N=C(N)c1ccc(C2=NOC(CC(=O)N[C@H](CCc3cccnc3)CC(=O)O)C2)cc1,6.44,0.0,1
CHEMBL2093869,N=C(N)c1ccc(C2=NOC(CC(=O)N[C@H](CCc3ccncc3)CC(=O)O)C2)cc1,6.3,0.0,1
CHEMBL2093869,N=C(N)c1ccc(C2=NO[C@@H](CC(=O)NCCC(=O)O)C2)cc1,6.92,0.4242640687119283,2
CHEMBL2093869,N=C(N)c1ccc(C2=NO[C@@H](CC(=O)N[C@@H](CC(=O)O)c3cccnc3)C2)cc1,6.77,0.0,1
CHEMBL2093869,N=C(N)c1ccc(CC(=O)NCCC[C@@H](CC(=O)O)NC(=O)CC23C[C@H]4C[C@@H](C2)C[C@@H](C3)C4)cc1,8.66,0.0,1
CHEMBL2093869,N=C(N)c1ccc(CC(=O)NCCC[C@@H](CC(=O)O)NC(=O)CCC23C[C@H]4C[C@@H](C2)C[C@@H](C3)C4)cc1,9.43,0.0,1
CHEMBL2093869,N=C(N)c1ccc(CCCCC(=O)N[C@@H](CC(=O)O)C(=O)N[C@@H](Cc2ccccc2)C(=O)O)cc1,7.14,0.0,1
CHEMBL2093869,N=C(N)c1ccc(CCOc2ccc3c(c2)CCN(CC(=O)O)C3=O)cc1,5.22,0.0,1
CHEMBL2093869,N=C(N)c1ccc(CCc2ccc3c(c2)CCN(CC(=O)O)C3=O)cc1,6.96,0.0,1
CHEMBL2093869,N=C(N)c1ccc(CNC[C@H]2CN(c3ccc(N4CCC(C(=O)O)CC4)cc3)C(=O)O2)cc1,5.66,0.0,1
CHEMBL2093869,N=C(N)c1ccc(COc2ccc(C(=O)NCC(=O)O)cc2)cc1,5.3,0.0,1
CHEMBL2093869,N=C(N)c1ccc(COc2ccc3c(=O)n(CC(=O)O)ccc3c2)cc1,5.38,0.0,1
CHEMBL2093869,N=C(N)c1ccc(COc2ccc3c(c2)C(=O)N(CC(=O)O)CC3)cc1,5.4,0.0,1
CHEMBL2093869,N=C(N)c1ccc(COc2ccc3c(c2)CC(=O)N(CC(=O)O)C3)cc1,5.24,0.0,1
CHEMBL2093869,N=C(N)c1ccc(COc2ccc3c(c2)CCC(CC(=O)O)C3)cc1,6.58,0.0,1
CHEMBL2093869,N=C(N)c1ccc(COc2ccc3c(c2)CCC(CC(=O)O)C3=O)cc1,7.57,0.0,1
CHEMBL2093869,N=C(N)c1ccc(COc2ccc3c(c2)CCC(CC(=O)O)O3)cc1,7.41,0.0,1
CHEMBL2093869,N=C(N)c1ccc(COc2ccc3c(c2)CCCN(CC(=O)O)C3=O)cc1,6.22,0.0,1
CHEMBL2093869,N=C(N)c1ccc(COc2ccc3c(c2)CCN(C(CC(=O)O)c2ccccc2)C3=O)cc1,7.425000000000001,1.0253048327204943,2
CHEMBL2093869,N=C(N)c1ccc(COc2ccc3c(c2)CCN(CC(=O)O)C3)cc1,7.52,0.0,1
CHEMBL2093869,N=C(N)c1ccc(COc2ccc3c(c2)CCN(CC(=O)O)C3=O)cc1,5.369999999999999,1.2020815280171306,2
CHEMBL2093869,N=C(N)c1ccc(COc2ccc3c(c2)CCN(CCC(=O)O)C3=O)cc1,6.4399999999999995,0.08485281374238547,2
CHEMBL2093869,N=C(N)c1ccc(COc2ccc3c(c2)CN(CC(=O)O)C3=O)cc1,5.92,0.0,1
CHEMBL2093869,N=C(N)c1ccc(COc2ccc3cc(CC(NC(=O)c4ccc([N+](=O)[O-])cc4)C(=O)O)ccc3c2)cc1,5.68,0.0,1
CHEMBL2093869,N=C(N)c1ccc(COc2ccc3cc(CC(NS(=O)(=O)c4ccccc4)C(=O)O)ccc3c2)cc1,4.9775,0.7358611735012708,4
CHEMBL2093869,N=C(N)c1ccc(N2C(=O)CC3(CCN(C(=O)CCCC(=O)O)CC3)C2=O)cc1,6.255,0.16263455967290624,2
CHEMBL2093869,N=C(N)c1ccc(N2C(=O)CC3(CCN(C(=O)NCCC(=O)O)CC3)C2=O)cc1,6.29,0.141421356237309,2
CHEMBL2093869,N=C(N)c1ccc(N2C(=O)NC3(CCN(C(=O)CCCC(=O)O)CC3)C2=O)cc1,6.955,1.0253048327204934,2
CHEMBL2093869,N=C(N)c1ccc(N2C(=O)NC3(CCN(C(=O)NCCC(=O)O)CC3)C2=O)cc1,6.405,0.10606601717798238,2
CHEMBL2093869,N=C(N)c1ccc(N2CC3(CCN(C(=O)CC(=O)O)CC3)CC2=O)cc1,4.865,0.3747665940288701,2
CHEMBL2093869,N=C(N)c1ccc(N2CC3(CCN(C(=O)CC(CC(=O)O)c4ccccc4)CC3)CC2=O)cc1,7.3,0.4242640687119283,2
CHEMBL2093869,N=C(N)c1ccc(N2CC3(CCN(C(=O)CCC(=O)O)CC3)CC2=O)cc1,5.11,0.1838477631085022,2
CHEMBL2093869,N=C(N)c1ccc(N2CC3(CCN(C(=O)CCCC(=O)O)CC3)CC2=O)cc1,6.1850000000000005,0.007071067811866266,2
CHEMBL2093869,N=C(N)c1ccc(N2CC3(CCN(C(=O)CCCC(=O)O)CC3)NC2=O)cc1,6.055,0.09192388155425078,2
CHEMBL2093869,N=C(N)c1ccc(N2CC3(CCN(C(=O)CCCCC(=O)O)CC3)CC2=O)cc1,5.265,0.1767766952966369,2
CHEMBL2093869,N=C(N)c1ccc(N2CC3(CCN(C(=O)NCCC(=O)O)CC3)CC2=O)cc1,6.615,0.21920310216782915,2
CHEMBL2093869,N=C(N)c1ccc(N2CC3(CCN(C(=O)NCCC(=O)O)CC3)NC2=O)cc1,5.605,0.261629509039023,2
CHEMBL2093869,N=C(N)c1ccc(N2CCC3(CCC(C(=O)NCCC(=O)O)CC3)CC2)cc1,7.22,0.0,1
CHEMBL2093869,N=C(N)c1ccc(N2CCC3(CCC(C(=O)NCCCC(=O)O)CC3)CC2)cc1,5.3,0.0,1
CHEMBL2093869,N=C(N)c1ccc(N2CCC3(CCN(C(=O)CC(=O)O)CC3)C2=O)cc1,4.85,0.07071067811865545,2
CHEMBL2093869,N=C(N)c1ccc(N2CCC3(CCN(C(=O)CC(CC(=O)O)c4ccccc4)CC3)C2=O)cc1,6.9399999999999995,0.15556349186103996,2
CHEMBL2093869,N=C(N)c1ccc(N2CCC3(CCN(C(=O)CCC(=O)O)CC3)C2=O)cc1,5.6899999999999995,0.6222539674441621,2
CHEMBL2093869,N=C(N)c1ccc(N2CCC3(CCN(C(=O)CCCC(=O)O)CC3)C2=O)cc1,7.835,0.7990306627407993,2
CHEMBL2093869,N=C(N)c1ccc(N2CCC3(CCN(C(=O)CCCCC(=O)O)CC3)C2=O)cc1,5.345,0.1767766952966369,2
CHEMBL2093869,N=C(N)c1ccc(N2CCC3(CCN(C(=O)COCC(=O)O)CC3)C2=O)cc1,7.369999999999999,0.5656854249492376,2
CHEMBL2093869,N=C(N)c1ccc(N2CCC3(CCN(C(=O)NCCC(=O)O)CC3)C2=O)cc1,8.03,0.6495382975621993,3
CHEMBL2093869,N=C(N)c1ccc(N2CCC3(CCN(CCC(=O)O)CC3)CC2)cc1,6.8,0.0,1
CHEMBL2093869,N=C(N)c1ccc(N2CCC3(CCN(CCCCC(=O)O)CC3)C2=O)cc1,5.2,0.12727922061357835,2
CHEMBL2093869,N=C(N)c1ccc(N2CCN(C3CCN(CC(=O)O)CC3)CC2)cc1,7.23,0.0,1
CHEMBL2093869,N=C(N)c1ccc(N2CCN(c3ccc(OCC(=O)O)cc3)CC2)cc1,7.7,0.0,1
CHEMBL2093869,N=C(N)c1ccc(NC(=O)CCC(=O)NC(CC(=O)O)c2ccccc2)cc1,6.54,0.0,1
CHEMBL2093869,N=C(N)c1ccc(NC(=O)CCC(=O)NCCC(=O)O)cc1,5.96,0.0,1
CHEMBL2093869,N=C(N)c1ccc(NC(=O)c2ccc3c(c2)CCN(CC(=O)O)C3=O)cc1,8.52,0.0,1
CHEMBL2093869,N=C(N)c1ccc(NCC(=O)NCCCCCCC(=O)O)cc1,4.404999999999999,0.3323401871576768,2
CHEMBL2093869,N=C(N)c1ccc(OCC(=O)NCCCCCCC(=O)O)cc1,5.77,0.26870057685088766,2
CHEMBL2093869,N=C(N)c1ccc(OCCCC(=O)N[C@@H](CC(=O)O)C(=O)N[C@@H](Cc2ccc(O)cc2)C(=O)O)cc1,6.8,0.0,1
CHEMBL2093869,N=C(N)c1ccc(OCCCCC(=O)N[C@@H](CC(=O)O)C(=O)N[C@@H](CO)C(=O)O)cc1,4.92,0.0,1
CHEMBL2093869,N=C(N)c1ccc(OCCCCC(=O)N[C@@H](CC(=O)O)C(=O)N[C@@H](Cc2ccc(O)cc2)C(=O)O)cc1,6.19,0.0,1
CHEMBL2093869,N=C(N)c1ccc(OC[C@@H]2COc3cc(N(Cc4ccccc4)C(=O)C(=O)O)ccc3O2)cc1,5.92,0.0,1
CHEMBL2093869,N=C(N)c1ccc(OC[C@@H]2COc3ccc(N(Cc4ccccc4)C(=O)C(=O)O)cc3O2)cc1,4.75,0.0,1
CHEMBL2093869,N=C(N)c1ccc(OC[C@H]2COc3cc(N(Cc4ccccc4)C(=O)C(=O)O)ccc3O2)cc1,6.18,0.0,1
CHEMBL2093869,N=C(N)c1ccc(OC[C@H]2COc3ccc(N(Cc4ccccc4)C(=O)C(=O)O)cc3O2)cc1,4.37,0.0,1
CHEMBL2093869,N=C(N)c1ccc2[nH]c(C(=O)N3CCC(C(=O)NC(CC(=O)O)c4ccccc4)CC3)cc2c1,4.91,0.43840620433565924,2
CHEMBL2093869,N=C(N)c1ccc2[nH]c(C(=O)N3CCC[C@H]3C(=O)NC(CC(=O)O)c3ccccc3)cc2c1,5.3,0.0,1
CHEMBL2093869,N=C(N)c1ccc2[nH]c(C(=O)NC(CC(=O)NC(CC(=O)O)c3ccccc3)C(F)(F)F)cc2c1,4.65,0.49497474683058307,2
CHEMBL2093869,N=C(N)c1ccc2[nH]c(C(=O)NCC(=O)NC(CC(=O)O)c3ccccc3)cc2c1,4.65,0.49497474683058307,2
CHEMBL2093869,N=C(N)c1ccc2[nH]c(C(=O)NCC(=O)NCCCC(=O)O)cc2c1,4.65,0.49497474683058373,2
CHEMBL2093869,N=C(N)c1ccc2[nH]c(C(=O)NCCC(=O)NC(CC(=O)O)c3ccccc3)cc2c1,5.55,0.636396103067893,2
CHEMBL2093869,N=C(N)c1ccc2[nH]c(C(=O)NCCC(=O)NCCC(=O)O)cc2c1,5.78,0.4808326112068521,2
CHEMBL2093869,N=C(N)c1ccc2[nH]c(C(=O)NCCCC(=O)NCC(=O)O)cc2c1,4.8149999999999995,0.44547727214752453,2
CHEMBL2093869,N=C(N)c1ccc2[nH]c(C(=O)NCCCCC(=O)O)cc2c1,4.32,0.0,1
CHEMBL2093869,N=C(N)c1ccc2[nH]c(C(=O)NCCCCC(CC(=O)O)c3ccccc3)cc2c1,5.824999999999999,0.7283199846221438,2
CHEMBL2093869,N=C(N)c1ccc2[nH]c(C(=O)NCCCCCC(=O)O)cc2c1,4.52,0.0,1
CHEMBL2093869,N=C(N)c1ccc2[nH]c(C(=O)NCCCCCCC(=O)O)cc2c1,5.859999999999999,0.43840620433565924,2
CHEMBL2093869,N=C(N)c1ccc2[nH]c(C(=O)NCCCCCCCC(=O)O)cc2c1,5.01,0.0,1
CHEMBL2093869,N=C(N)c1ccc2[nH]c(C(=O)NCc3ccc(CC(=O)O)cc3)cc2c1,4.59,0.3676955262170044,2
CHEMBL2093869,N=C(N)c1ccc2[nH]c(C(=O)NCc3ccc(CCC(=O)O)cc3)cc2c1,4.905,0.7000357133746822,2
CHEMBL2093869,N=C(N)c1ccc2[nH]c(C(=O)Nc3cccc(C(=O)NC(CC(=O)O)c4ccccc4)c3)cc2c1,4.449999999999999,0.2121320343559638,2
CHEMBL2093869,N=C(N)c1ccc2c(C(=O)NCCC(=O)NC(CC(=O)O)c3ccccc3)[nH]nc2c1,6.2,0.0,1
CHEMBL2093869,N=C(N)c1ccc2c(C(=O)NCCC(=O)NC(CC(=O)O)c3ccccc3)c[nH]c2c1,5.66,0.0,1
CHEMBL2093869,N=C(N)c1ccc2c(C(=O)NCCCCCCC(=O)O)[nH]nc2c1,7.275,0.6010407640085661,2
CHEMBL2093869,N=C(N)c1ccc2c(C(=O)NCCCCCCC(=O)O)c[nH]c2c1,6.595000000000001,0.5727564927611035,2
CHEMBL2093869,N=C(N)c1ccc2c(c1)CC(C(=O)NCCCCCCC(=O)O)O2,5.765,0.41719300090006295,2
CHEMBL2093869,N=C(N)c1ccc2c(c1)cc(C(=O)NCCCCCCC(=O)O)n2Cc1ccccc1,5.365,0.9687362902255705,2
CHEMBL2093869,N=C(N)c1ccc2cc(C(=O)NCCC(=O)NC(CC(=O)O)c3ccccc3)[nH]c2c1,5.87,0.0,1
CHEMBL2093869,N=C(N)c1ccc2cc(C(=O)NCCCCCCC(=O)O)[nH]c2c1,6.355,0.6576093065034899,2
CHEMBL2093869,N=C(N)c1ccc2cc(C(=O)NCCCCCCC(=O)O)oc2c1,5.55,0.5798275605729691,2
CHEMBL2093869,N=C(N)c1ccc2oc(C(=O)N3CCCC(C(=O)NC(CC(=O)O)c4ccccc4)C3)cc2c1,6.5,0.141421356237309,2
CHEMBL2093869,N=C(N)c1ccc2oc(C(=O)N3CCC[C@@H]3C(=O)NC(CC(=O)O)c3ccccc3)cc2c1,5.85,0.21213203435596445,2
CHEMBL2093869,N=C(N)c1ccc2oc(C(=O)N3CCC[C@H]3C(=O)NC(CC(=O)O)c3ccccc3)cc2c1,4.3,0.0,1
CHEMBL2093869,N=C(N)c1ccc2oc(C(=O)N3Cc4ccccc4CC3C(=O)NC(CC(=O)O)c3ccccc3)cc2c1,5.8,0.7071067811865476,2
CHEMBL2093869,N=C(N)c1ccc2oc(C(=O)NCC(=O)NC(CC(=O)O)c3ccccc3)cc2c1,6.109999999999999,0.5798275605729689,2
CHEMBL2093869,N=C(N)c1ccc2oc(C(=O)NCCC(=O)NC(CC(=O)O)C(F)(F)F)cc2c1,7.0,0.5656854249492386,2
CHEMBL2093869,N=C(N)c1ccc2oc(C(=O)NCCC(=O)NC(CC(=O)O)c3cc(F)cc(F)c3)cc2c1,6.73,0.38183766184073537,2
CHEMBL2093869,N=C(N)c1ccc2oc(C(=O)NCCC(=O)NC(CC(=O)O)c3cc(F)ccc3F)cc2c1,6.71,0.2687005768508886,2
CHEMBL2093869,N=C(N)c1ccc2oc(C(=O)NCCC(=O)NC(CC(=O)O)c3ccc(F)c(F)c3)cc2c1,6.5,0.2828427124746193,2
CHEMBL2093869,N=C(N)c1ccc2oc(C(=O)NCCC(=O)NC(CC(=O)O)c3ccccc3)cc2c1,6.71,0.1555634918610409,2
CHEMBL2093869,N=C(N)c1ccc2oc(C(=O)NCCC(=O)NC(CC(=O)O)c3cccnc3)cc2c1,7.050000000000001,0.49497474683058307,2
CHEMBL2093869,N=C(N)c1ccc2oc(C(=O)NCCC(=O)NC(CCc3c[nH]c4ccccc34)CC(=O)O)cc2c1,6.22,0.0,1
CHEMBL2093869,N=C(N)c1ccc2oc(C(=O)NCCC(=O)NCCC(=O)O)cc2c1,7.125,0.8131727983645299,2
CHEMBL2093869,N=C(N)c1ccc2oc(C(=O)NCCC(=O)NC[C@H](N)C(=O)O)cc2c1,7.050000000000001,0.49497474683058307,2
CHEMBL2093869,N=C(N)c1ccc2oc(C(=O)NCCC(=O)NC[C@H](NS(=O)(=O)c3ccc(I)cc3)C(=O)O)cc2c1,8.149999999999999,0.7778174593052026,2
CHEMBL2093869,N=C(N)c1ccc2oc(C(=O)NCCC(=O)NC[C@H](NS(=O)(=O)c3ccccc3)C(=O)O)cc2c1,8.1,0.9050966799187813,2
CHEMBL2093869,N=C(N)c1ccc2oc(C(=O)NCCCCCC(=O)O)cc2c1,5.22,0.5939696961966998,2
CHEMBL2093869,N=C(N)c1ccc2oc(C(=O)NCCCCCCC(=O)O)cc2c1,6.985,0.5868986283848344,2
CHEMBL2093869,N=C(N)c1ccc2oc(C(=O)NCCCCCCCC(=O)O)cc2c1,5.025,0.6434671708797584,2
CHEMBL2093869,N=C(N)c1ccc2sc(C(=O)NCCCCCCC(=O)O)cc2c1,5.605,0.6576093065034899,2
CHEMBL2093869,N=C(N)c1cccc(NCC(=O)NCCCCCCC(=O)O)c1,4.19,0.0,1
CHEMBL2093869,N=C(c1ccc(C(=O)Nc2ccc3c(c2)CC(CC(=O)O)CC3)cc1)N1CCOCC1,9.82,0.0,1
CHEMBL2093869,N=C(c1ccc(C(=O)Nc2ccc3c(c2)CC(CC(=O)O)CO3)cc1)N1CCOCC1,10.01,0.0,1
CHEMBL2093869,N=C(c1ccc(C(=O)Nc2ccc3c(c2)C[C@@H](CC(=O)O)CO3)cc1)N1CCOCC1,9.92,0.0,1
CHEMBL2093869,N=C(c1ccc(C(=O)Nc2ccc3c(c2)C[C@H](CC(=O)O)CO3)cc1)N1CCOCC1,8.59,0.0,1
CHEMBL2093869,N=CN1CCC(CCC(=O)N2CCC[C@@H](C(=O)N[C@@H](CC(=O)O)c3cccnc3)C2)CC1,9.12,0.0,1
CHEMBL2093869,NC(=O)CC[C@@H]1NC(=O)CSC[C@@H](C(=O)O)NC(=O)[C@H](CC(=O)O)NC(=O)CNC(=O)[C@H](CCCN=C(N)N)NC1=O,6.77,0.8485281374238568,2
CHEMBL2093869,NC(=O)CC[C@H]1NC(=O)CSC[C@@H](C(=O)O)NC(=O)[C@H](CC(=O)O)NC(=O)CNC(=O)[C@H](CCCN=C(N)N)NC1=O,6.96,0.0,1
CHEMBL2093869,NC(=O)C[C@@H]1NC(=O)CSC[C@@H](C(=O)O)NC(=O)[C@H](CC(=O)O)NC(=O)CNC(=O)[C@H](CCCN=C(N)N)NC1=O,7.54,1.4566399692442884,2
CHEMBL2093869,NC(=O)C[C@@H]1NC(=O)C[S+]([O-])C[C@@H](C(=O)O)NC(=O)[C@H](CC(=O)O)NC(=O)CNC(=O)[C@H](CCCN=C(N)N)NC1=O,7.15,1.2922847983320087,4
CHEMBL2093869,NC(=O)C[C@H](NC(=O)[C@@H]1CCC(=O)N1)C(=O)N[C@@H](Cc1c[nH]c2ccccc12)C(=O)O,4.9,0.0,1
CHEMBL2093869,NC(=O)C[C@H]1NC(=O)CSC[C@@H](C(=O)O)NC(=O)[C@H](CC(=O)O)NC(=O)CNC(=O)[C@H](CCCN=C(N)N)NC1=O,7.46,0.0,1
CHEMBL2093869,NC(N)=NCCCC[C@H](N)C(=O)NCC(=O)N[C@@H](CC(=O)O)C(=O)N[C@@H](Cc1cc2ccccc2[nH]1)C(=O)O,5.77,0.0,1
CHEMBL2093869,NC(N)=NCCC[C@H](N)C(=O)NCC(=O)N[C@@H](CC(=O)O)C(=O)N[C@@H](CS)C(=O)O,6.0,0.0,1
CHEMBL2093869,NC(N)=NCCC[C@H](N)C(=O)NCC(=O)N[C@@H](CC(=O)O)C(=O)N[C@@H](Cc1ccc(O)cc1)C(=O)O,5.595000000000001,2.213244225113894,2
CHEMBL2093869,NC(N)=NCCC[C@H](N)C(=O)NCC(=O)N[C@@H](CC(=O)O)C(=O)O,6.123333333333334,0.8919828099987873,3
CHEMBL2093869,NC(N)=NCCC[C@H](NC(=O)[C@@H]1CSSC2(CCCCC2)C(N)C(=O)N/C(N)=N\CCC[C@H](N)C(=O)NCC(=O)N[C@H](Cc2c[nH]cn2)C(=O)N[C@@H](CCCN=C(N)N)C(=O)NCC(=O)N[C@@H](CC(=O)O)C(=O)N[C@@H](Cc2ccc(O)cc2)C(=O)N[C@@H](CCCN=C(N)N)C(=O)N1)C(=O)O,6.82,0.0,1
CHEMBL2093869,NC(N)=NCCC[C@H](NC(=O)[C@@H]1CSSC2(CCCCC2)[C@@H](N)C(=O)N/C(N)=N\CCC[C@H](N)C(=O)NCC(=O)N[C@H](Cc2c[nH]cn2)C(=O)N[C@@H](CCCN=C(N)N)C(=O)NCC(=O)N[C@@H](CC(=O)O)C(=O)N[C@@H](CCc2ccccc2)C(=O)N[C@@H](CCCN=C(N)N)C(=O)N1)C(=O)O,7.7,0.0,1
CHEMBL2093869,NC(N)=NCCC[C@H](NC(=O)[C@@H]1CSSC2(CCCCC2)[C@@H](N)C(=O)N/C(N)=N\CCC[C@H](N)C(=O)NCC(=O)N[C@H](Cc2c[nH]cn2)C(=O)N[C@@H](CCCN=C(N)N)C(=O)NCC(=O)N[C@@H](CC(=O)O)C(=O)N[C@@H](Cc2ccc(Cl)cc2)C(=O)N[C@@H](CCCN=C(N)N)C(=O)N1)C(=O)O,7.7,0.0,1
CHEMBL2093869,NC(N)=NCCC[C@H](NC(=O)[C@@H]1CSSC2(CCCCC2)[C@@H](N)C(=O)N/C(N)=N\CCC[C@H](N)C(=O)NCC(=O)N[C@H](Cc2c[nH]cn2)C(=O)N[C@@H](CCCN=C(N)N)C(=O)NCC(=O)N[C@@H](CC(=O)O)C(=O)N[C@@H](Cc2ccc(I)cc2)C(=O)N[C@@H](CCCN=C(N)N)C(=O)N1)C(=O)O,8.0,0.0,1
CHEMBL2093869,NC(N)=NCCC[C@H](NC(=O)[C@@H]1CSSC2(CCCCC2)[C@@H](N)C(=O)N/C(N)=N\CCC[C@H](N)C(=O)NCC(=O)N[C@H](Cc2c[nH]cn2)C(=O)N[C@@H](CCCN=C(N)N)C(=O)NCC(=O)N[C@@H](CC(=O)O)C(=O)N[C@@H](Cc2ccc3ccccc3c2)C(=O)N[C@@H](CCCN=C(N)N)C(=O)N1)C(=O)O,7.16,0.0,1
CHEMBL2093869,NC(N)=NCCC[C@H](NC(=O)[C@@H]1CSSC2(CCCCC2)[C@@H](N)C(=O)N/C(N)=N\CCC[C@H](N)C(=O)NCC(=O)N[C@H](Cc2c[nH]cn2)C(=O)N[C@@H](CCCN=C(N)N)C(=O)NCC(=O)N[C@@H](CC(=O)O)C(=O)N[C@@H](Cc2ccccc2)C(=O)N[C@@H](CCCN=C(N)N)C(=O)N1)C(=O)O,7.4,0.0,1
CHEMBL2093869,NC(N)=NCCC[C@H](NC(=O)[C@@H]1CSSC2(CCCCC2)[C@@H](N)C(=O)N/C(N)=N\CCC[C@H](N)C(=O)NCC(=O)N[C@H](Cc2c[nH]cn2)C(=O)N[C@@H](CCCN=C(N)N)C(=O)NCC(=O)N[C@@H](CC(=O)O)C(=O)N[C@@H](c2ccccc2)C(=O)N[C@@H](CCCN=C(N)N)C(=O)N1)C(=O)O,7.7,0.0,1
CHEMBL2093869,NCC(=O)N[C@@H](CCCN=C(N)N)C(=O)NCC(=O)N[C@@H](CC(=O)O)C(=O)N[C@@H](CC(=O)O)C(=O)O,6.64,0.0,1
CHEMBL2093869,NCC(=O)N[C@@H](CCCN=C(N)N)C(=O)NCC(=O)N[C@@H](CC(=O)O)C(=O)N[C@@H](Cc1ccc(O)cc1)C(=O)O,6.62,0.0,1
CHEMBL2093869,NCC(=O)N[C@@H](CCCN=C(N)N)C(=O)NCC(=O)N[C@@H](CC(=O)O)C(=O)N[C@@H](Cc1ccccc1)C(=O)O,5.890000000000001,1.6829141392239833,2
CHEMBL2093869,NCC(=O)Nc1ccc(SC(CC(=O)O)c2cccnc2)cc1,4.52,0.0,1
CHEMBL2093869,NCC(=O)Nc1cccc(-c2nn3c(=O)cc(N4CCNCC4)nc3s2)c1,7.02,0.0,1
CHEMBL2093869,NCC(=O)Nc1cccc(SC(CC(=O)O)c2cccnc2)c1,4.52,0.0,1
CHEMBL2093869,NCC1CCC(C(=O)NCC(=O)c2ccc(OCC(=O)O)c(OCC(=O)O)c2)CC1,6.14,0.0,1
CHEMBL2093869,NCCC(=O)Nc1ccc(SC(CC(=O)O)c2cccnc2)cc1,4.52,0.0,1
CHEMBL2093869,NCCC(=O)Nc1ccc2nc(N3CCNCC3)[nH]c(=O)c2c1,6.82,0.0,1
CHEMBL2093869,NCCCC(=O)Nc1ccc(SC(CC(=O)O)c2cccnc2)cc1,4.62,0.0,1
CHEMBL2093869,NCCCC(=O)Nc1ccc2nc(N3CCNCC3)[nH]c(=O)c2c1,7.96,0.0,1
CHEMBL2093869,NCCCC(=O)Nc1cccc(SC(CC(=O)O)c2cccnc2)c1,5.05,0.0,1
CHEMBL2093869,NCCCCCC(=O)N1CCCC(C(=O)NCCC(=O)O)C1,7.89,0.0,1
CHEMBL2093869,NCCCCCC(=O)N1CCCC(CNCCC(=O)O)C1,5.24,0.0,1
CHEMBL2093869,NCCCCCCOc1ccc2c(c1)CCN(CC(=O)O)C2=O,4.72,0.0,1
CHEMBL2093869,NCCCCCOc1ccc2c(c1)CCN(CC(=O)O)C2=O,4.55,0.0,1
CHEMBL2093869,NCCCCNC(=O)c1cnn(-c2nc(-c3cccc(C(F)(F)F)c3)cs2)c1C(F)(F)F,4.74,0.0,1
CHEMBL2093869,NCCCCOc1ccc(C[C@H](NS(=O)(=O)c2cccc(C(F)(F)F)c2)C(=O)O)cc1N,6.81,0.0,1
CHEMBL2093869,NCCCCOc1ccc2c(c1)CCN(CC(=O)O)C2=O,4.75,0.0,1
CHEMBL2093869,NCCCC[C@@H](N)C(=O)N1CCCC(C(=O)NCCC(=O)O)C1,5.58,0.0,1
CHEMBL2093869,NCCCC[C@@H]1NC(=O)CSC[C@@H](C(=O)O)NC(=O)[C@H](CC(=O)O)NC(=O)CNC(=O)[C@H](CCCN=C(N)N)NC1=O,7.17,1.3435028842544403,2
CHEMBL2093869,NCCCC[C@@H]1NC(=O)C[S+]([O-])C[C@@H](C(=O)O)NC(=O)[C@H](CC(=O)O)NC(=O)CNC(=O)[C@H](CCCN=C(N)N)NC1=O,7.26,1.3019472595564947,4
CHEMBL2093869,NCCCC[C@H](N)C(=O)N1CCCC(C(=O)NCCC(=O)O)C1,6.12,0.0,1
CHEMBL2093869,NCCCC[C@H](NC(=O)[C@@H]1CCCN1C(=O)[C@H](CO)NC(=O)[C@H](CC(=O)O)NC(=O)CNC(=O)[C@H](CCCN=C(N)N)NC(=O)CN)C(=O)O,5.77,0.0,1
CHEMBL2093869,NCCCC[C@H]1NC(=O)CSC[C@@H](C(=O)O)NC(=O)[C@H](CC(=O)O)NC(=O)CNC(=O)[C@H](CCCN=C(N)N)NC1=O,7.7,0.0,1
CHEMBL2093869,NCCCNC(=O)c1cnn(-c2nc(-c3cccc(C(F)(F)F)c3)cs2)c1C(F)(F)F,4.91,0.0,1
CHEMBL2093869,NCCCOc1ccc(C[C@H](NS(=O)(=O)c2cccc(C(F)(F)F)c2)C(=O)O)cc1N,6.37,0.0,1
CHEMBL2093869,NCCCOc1ccc2c(c1)CCN(CC(=O)O)C2=O,4.32,0.0,1
CHEMBL2093869,NCCC[C@@H]1NC(=O)CSC[C@@H](C(=O)O)NC(=O)[C@H](CC(=O)O)NC(=O)CNC(=O)[C@H](CCCN=C(N)N)NC1=O,7.425,1.1667261889578036,2
CHEMBL2093869,NCCC[C@H]1NC(=O)CSC[C@@H](C(=O)O)NC(=O)[C@H](CC(=O)O)NC(=O)CNC(=O)[C@H](CCCN=C(N)N)NC1=O,7.51,0.0,1
CHEMBL2093869,NCCOCCOCCOCC(=O)Nc1cc(C[C@H](NS(=O)(=O)c2cccc(C(F)(F)F)c2)C(=O)O)ccc1OCCCNc1ccc2c(n1)NCCC2,7.6,0.0,1
CHEMBL2093869,NCCOCCOCCOCCOCCOCCOCC(=O)Nc1cc(C[C@H](NS(=O)(=O)c2cccc(C(F)(F)F)c2)C(=O)O)ccc1OCCCNc1ccc2c(n1)NCCC2,7.29,0.0,1
CHEMBL2093869,NCc1ccc(COc2ccc3c(c2)CCN(CC(=O)O)C3=O)cc1,4.92,0.0,1
CHEMBL2093869,NCc1cccc(COc2ccc3c(c2)CCN(CC(=O)O)C3=O)c1,4.11,0.0,1
CHEMBL2093869,N[C@@H](CNC(=O)C1=NOC(CCCCNc2ncc[nH]2)C1)C(=O)O,4.08,0.0,1
CHEMBL2093869,N[C@@H](CNC(=O)C1CCC2(CC1)CCN(c1ccncc1)CC2)C(=O)O,6.08,0.0,1
CHEMBL2093869,Nc1cc(C(=O)NC[C@@H]2CN(c3ccc(N4CCC(C(=O)O)CC4)cc3)C(=O)O2)ccc1Cl,4.89,0.0,1
CHEMBL2093869,Nc1cc(C(=O)NC[C@H]2CN(c3ccc(N4CCC(C(=O)O)CC4)cc3)C(=O)O2)ccc1Cl,4.59,0.0,1
CHEMBL2093869,Nc1cc(C[C@H](NS(=O)(=O)c2cccc(C(F)(F)F)c2)C(=O)O)ccc1OCCCCNC1=NCCCN1,7.0,0.0,1
CHEMBL2093869,Nc1cc(C[C@H](NS(=O)(=O)c2cccc(C(F)(F)F)c2)C(=O)O)ccc1OCCCCNc1ccccn1,7.16,0.0,1
CHEMBL2093869,Nc1cc(C[C@H](NS(=O)(=O)c2cccc(C(F)(F)F)c2)C(=O)O)ccc1OCCCCc1ccc2c(n1)NCCC2,6.45,0.0,1
CHEMBL2093869,Nc1cc(C[C@H](NS(=O)(=O)c2cccc(C(F)(F)F)c2)C(=O)O)ccc1OCCCNC1=NCCCN1,7.67,0.0,1
CHEMBL2093869,Nc1cc(C[C@H](NS(=O)(=O)c2cccc(C(F)(F)F)c2)C(=O)O)ccc1OCCCNc1ccccn1,7.44,0.0,1
CHEMBL2093869,Nc1cc(C[C@H](NS(=O)(=O)c2cccc(C(F)(F)F)c2)C(=O)O)ccc1OCCCc1ccc2c(n1)NCCC2,6.85,0.0,1
CHEMBL2093869,Nc1cccc(-c2cncc(C(CC(=O)O)NC(=O)C3CCCN(C(=O)CCC4CCNCC4)C3)c2)c1,8.44,0.0,1
CHEMBL2093869,Nc1ncc(C(=O)NC[C@@H]2CN(c3ccc(N4CCC(C(=O)O)CC4)cc3)C(=O)O2)s1,4.78,0.0,1
CHEMBL2093869,Nc1ncc(C(=O)NC[C@H]2CN(c3ccc(N4CCC(C(=O)O)CC4)cc3)C(=O)O2)s1,4.11,0.0,1
CHEMBL2093869,O=C(/C=C/c1ccc(C(=O)NC[C@H](NC(=O)OCC23CC4CC(CC(C4)C2)C3)C(=O)O)s1)NC1=NCCCN1,6.0,0.0,1
CHEMBL2093869,O=C(CC1CC(CCC2CCNCC2)=NO1)NC[C@H](NC(=O)OCc1ccccc1)C(=O)O,6.68,0.0,1
CHEMBL2093869,O=C(CCCC1CCNCC1)NCC(=O)N[C@H](CCc1c[nH]c2ccccc12)C(=O)O,7.03,0.0,1
CHEMBL2093869,O=C(CCNC(=O)c1ccc2c(c1)CNCC2)NC[C@@H](NS(=O)(=O)c1ccccc1)C(=O)O,7.6,0.0,1
CHEMBL2093869,O=C(CCNC(=O)c1ccc2c(c1)CNCC2)NC[C@H](NS(=O)(=O)c1ccccc1)C(=O)O,8.21,0.0,1
CHEMBL2093869,O=C(CCc1ccc(C(=O)NC[C@H](NC(=O)OCC23CC4CC(CC(C4)C2)C3)C(=O)O)s1)NC1=NCCCN1,6.32,0.0,1
CHEMBL2093869,O=C(CCc1ccc(C(=O)NC[C@H](NC(=O)OCc2ccccc2)C(=O)O)s1)NC1=NCCCN1,5.35,0.0,1
CHEMBL2093869,O=C(CCc1ccc(C(=O)NC[C@H](NS(=O)(=O)CC(F)(F)F)C(=O)O)s1)NC1=NCCCN1,6.3,0.0,1
CHEMBL2093869,O=C(CCc1ccc(C(=O)NC[C@H](NS(=O)(=O)CCCCl)C(=O)O)s1)NC1=NCCCN1,7.77,0.0,1
CHEMBL2093869,O=C(CCc1ccc(C(=O)NC[C@H](NS(=O)(=O)CCl)C(=O)O)s1)NC1=NCCCN1,6.59,0.0,1
CHEMBL2093869,O=C(CCc1ccc(C(=O)NC[C@H](NS(=O)(=O)c2ccc(-c3ccccc3)cc2)C(=O)O)s1)NC1=NCCCN1,8.05,0.0,1
CHEMBL2093869,O=C(CCc1ccc(C(=O)NC[C@H](NS(=O)(=O)c2ccc(C(F)(F)F)cc2)C(=O)O)s1)NC1=NCCCN1,7.46,0.0,1
CHEMBL2093869,O=C(CCc1ccc(C(=O)NC[C@H](NS(=O)(=O)c2ccc(Cl)cc2)C(=O)O)s1)NC1=NCCCN1,7.26,0.0,1
CHEMBL2093869,O=C(CCc1ccc(C(=O)NC[C@H](NS(=O)(=O)c2cccc3ccccc23)C(=O)O)s1)NC1=NCCCN1,7.1,0.0,1
CHEMBL2093869,O=C(CCc1ccc(C(=O)NC[C@H](NS(=O)(=O)c2cccc3cccnc23)C(=O)O)s1)NC1=NCCCN1,6.63,0.0,1
CHEMBL2093869,O=C(CO[C@@H]1C[C@@H](CNc2ccccn2)N(C(=O)OCc2ccccc2)C1)NC[C@H](NS(=O)(=O)c1ccccc1)C(=O)O,4.92,0.0,1
CHEMBL2093869,O=C(C[C@@H]1NC(=O)N(CC(=O)NCC(NC(=O)OCc2ccccc2)C(=O)O)C1=O)NCc1nc2ccccc2[nH]1,5.3,0.0,1
CHEMBL2093869,O=C(C[C@H](NC(=O)[C@@H]1CCCN(C(=O)CCC2CCNCC2)C1)c1cccnc1)OCCC1CCCCC1,8.42,0.0,1
CHEMBL2093869,O=C(Cc1cccnc1)N[C@@H](CNC(=O)C1CCCn2c(/C=C/C3CCNCC3)nnc21)C(=O)O,8.87,0.0,1
CHEMBL2093869,O=C(NC(Cc1ccc2cc(OCCCN3CCNCC3)ccc2c1)C(=O)O)c1cc(Cl)cc(Cl)c1,4.61,0.0,1
CHEMBL2093869,O=C(NC(Cc1ccc2cc(OCCCN3CCNCC3)ccc2c1)C(=O)O)c1ccc(F)cc1,5.12,0.0,1
CHEMBL2093869,O=C(NC(Cc1ccc2cc(OCCCN3CCNCC3)ccc2c1)C(=O)O)c1ccc([N+](=O)[O-])cc1,5.47,0.0,1
CHEMBL2093869,O=C(NC(Cc1ccc2cc(OCCCN3CCNCC3)ccc2c1)C(=O)O)c1cccc(F)c1,5.2,0.0,1
CHEMBL2093869,O=C(NC(Cc1ccc2cc(OCCCN3CCNCC3)ccc2c1)C(=O)O)c1ccccc1,5.1,0.0,1
CHEMBL2093869,O=C(NCC(NS(=O)(=O)c1ccccc1)C(=O)O)c1cc2cc(OCCONC3=NCCN3)ccc2[nH]1,6.77,0.0,1
CHEMBL2093869,O=C(NCCCN1CCCCC1)c1cnn(-c2nc(-c3cccc(C(F)(F)F)c3)cs2)c1C(F)(F)F,4.52,0.0,1
CHEMBL2093869,O=C(NCCCNC1CCCCC1)c1cnn(-c2nc(-c3cccc(C(F)(F)F)c3)cs2)c1C(F)(F)F,4.6,0.0,1
CHEMBL2093869,O=C(NCCS(=O)(=O)O)C1CCCN(C(=O)CCC2CCNCC2)C1,6.7,0.0,1
CHEMBL2093869,O=C(NCCc1nnn[nH]1)C1CCCN(C(=O)CCC2CCNCC2)C1,6.22,0.0,1
CHEMBL2093869,O=C(NC[C@@H](NS(=O)(=O)c1ccccc1)C(=O)O)c1ccc(OCCC2CCNCC2)cc1,8.36,0.0,1
CHEMBL2093869,O=C(NC[C@@H](NS(=O)(=O)c1ccccc1)P(=O)(O)O)c1ccc(OCCC2CCNCC2)cc1,6.87,0.0,1
CHEMBL2093869,O=C(NC[C@@H](NS(=O)(=O)c1ccccc1)P(O)(O)=S)c1ccc(OCCC2CCNCC2)cc1,5.88,0.0,1
CHEMBL2093869,O=C(NC[C@@H](NS(=O)(=O)c1ccccc1)[PH](=O)O)c1ccc(OCCC2CCNCC2)cc1,8.2,0.0,1
CHEMBL2093869,O=C(NC[C@@H]1CN(c2ccc(N3CCC(C(=O)O)CC3)cc2)C(=O)O1)c1ccc(-c2noc(=O)[nH]2)cc1,6.06,0.0,1
CHEMBL2093869,O=C(NC[C@H](NS(=O)(=O)Cc1ccccc1)C(=O)O)C1CCCn2c(/C=C/C3CCNCC3)nnc21,9.29,0.0,1
CHEMBL2093869,O=C(NC[C@H](NS(=O)(=O)c1c(Cl)cc(-c2ccccc2)cc1Cl)C(=O)O)C1=NOC(CCCCNc2ncc[nH]2)C1,5.8,0.0,1
CHEMBL2093869,O=C(NC[C@H](NS(=O)(=O)c1c(Cl)cccc1Cl)C(=O)O)C1=NOC(CCCCNc2ncc[nH]2)C1,6.46,0.0,1
CHEMBL2093869,O=C(NC[C@H](NS(=O)(=O)c1ccc(-c2ccccc2)cc1)C(=O)O)C1=NOC(CCCCNc2ncc[nH]2)C1,4.37,0.0,1
CHEMBL2093869,O=C(NC[C@H](NS(=O)(=O)c1cccc2ccccc12)C(=O)O)C1=NOC(CCCCNc2ncc[nH]2)C1,5.11,0.0,1
CHEMBL2093869,O=C(NC[C@H](NS(=O)(=O)c1ccccc1)C(=O)O)C1=NOC(CCCCNc2ccccn2)C1,4.52,0.0,1
CHEMBL2093869,O=C(NC[C@H](NS(=O)(=O)c1ccccc1)C(=O)O)C1=NOC(CCCCNc2ncc[nH]2)C1,6.005,0.007071067811865324,2
CHEMBL2093869,O=C(NC[C@H](NS(=O)(=O)c1ccccc1)C(=O)O)c1ccc(OCCC2CCNCC2)cc1,9.09,0.0,1
CHEMBL2093869,O=C(NC[C@H](NS(=O)(=O)c1ccccc1)C(=O)O)c1cnc(N2CCN(C3CCNCC3)CC2)s1,8.46,0.0,1
CHEMBL2093869,O=C(NC[C@H](NS(=O)(=O)c1ccccc1)P(=O)(O)O)c1ccc(OCCC2CCNCC2)cc1,7.64,0.0,1
CHEMBL2093869,O=C(NC[C@H](NS(=O)(=O)c1ccccc1)P(O)(O)=S)c1ccc(OCCC2CCNCC2)cc1,7.2,0.0,1
CHEMBL2093869,O=C(NC[C@H](NS(=O)(=O)c1ccccc1)[PH](=O)O)c1ccc(OCCC2CCNCC2)cc1,8.92,0.0,1
CHEMBL2093869,O=C(NC[C@H]1CN(c2ccc(N3CCC(C(=O)O)CC3)cc2)C(=O)O1)c1ccc(-c2noc(=O)[nH]2)cc1,4.8,0.0,1
CHEMBL2093869,O=C(NC[C@H]1CN(c2ccc(N3CCC(C(=O)O)CC3)cc2)C(=O)O1)c1ccc(Cl)c(-c2noc(=O)[nH]2)c1,4.82,0.0,1
CHEMBL2093869,O=C(N[C@@H](CCC(=O)N1CCC2(CC1)CCN(c1ccncc1)C2)C(=O)O)OCc1ccccc1,7.6,0.0,1
CHEMBL2093869,O=C(N[C@@H](CCC(=O)N1CCC2(CC1)CCN(c1ccncc1)CC2)C(=O)O)OCc1ccccc1,8.15,0.0,1
CHEMBL2093869,O=C(N[C@@H](CCC(=O)N1CCN(c2cccc(NC3=NCC(F)CN3)c2)CC1)C(=O)O)OCc1ccccc1,6.27,0.0,1
CHEMBL2093869,O=C(N[C@@H](CCC(=O)N1CCN(c2cccc(NC3=NCC(O)CN3)c2)CC1)C(=O)O)OCc1ccccc1,6.47,0.0,1
CHEMBL2093869,O=C(N[C@@H](CCC(=O)N1CCN(c2cccc(NC3=NCCCN3)c2)CC1)C(=O)O)OCc1ccccc1,6.18,0.0,1
CHEMBL2093869,O=C(N[C@@H](CCC(=O)N1CCN(c2cccc(NC3=NCCN3)c2)CC1)C(=O)O)OCc1ccccc1,6.14,0.0,1
CHEMBL2093869,O=C(N[C@@H](CNC(=O)C1=NOC(CCCCNc2ccccn2)C1)C(=O)O)OCc1ccccc1,4.0,0.0,1
CHEMBL2093869,O=C(N[C@@H](CNC(=O)C1CCC2(CC1)CCN(c1ccncc1)CC2)C(=O)O)OCc1ccccc1,8.7,0.0,1
CHEMBL2093869,O=C(N[C@@H](CNC(=O)C1CCCn2c(/C=C/C3CCNCC3)nnc21)C(=O)O)OCc1ccccc1,9.49,0.0,1
CHEMBL2093869,O=C(N[C@@H](CNC(=O)C1CCCn2c(CCC3CCNCC3)nnc21)C(=O)O)OCc1ccccc1,9.32,0.0,1
CHEMBL2093869,O=C(N[C@@H](CNC(=O)[C@@H]1CCCN(C(=O)CCC2CCNCC2)C1)C(=O)O)OCc1ccccc1,9.77,0.0,1
CHEMBL2093869,O=C(N[C@@H](CNC(=O)c1ccc(C2CC2C(=O)NC2=NCCCN2)s1)C(=O)O)OCC12CC3CC(CC(C3)C1)C2,5.55,0.0,1
CHEMBL2093869,O=C(N[C@@H](CNC(=O)c1ccc(C2CC2C(=O)NC2=NCCCN2)s1)C(=O)O)OCc1ccccc1,5.61,0.0,1
CHEMBL2093869,O=C(N[C@@H](Cc1ccc(N2CCC(CNc3ccccn3)CC2)cc1)C(=O)O)c1ccccc1,4.83,0.0,1
CHEMBL2093869,O=C(N[C@H](Cc1ccccc1)[C@@H](O)C(=O)O)[C@@H]1CCCN(C(=O)CCC2CCNCC2)C1,7.75,0.0,1
CHEMBL2093869,O=C(Nc1ccc(C2CC2C(=O)O)cc1)c1cccc(NC2=NCCCN2)c1,5.32,0.0,1
CHEMBL2093869,O=C(Nc1ccc(CC(NS(=O)(=O)c2ccccc2)C(=O)O)cc1)c1cccc(NC2=NCCCN2)c1,8.22,0.0,1
CHEMBL2093869,O=C(Nc1ccc(CC(NS(=O)(=O)c2ccccc2)C(=O)O)cc1)c1cccc(NC2=NCCN2)c1,7.9,0.0,1
CHEMBL2093869,O=C(Nc1ccc2nc(N3CCNCC3)[nH]c(=O)c2c1)C1CCNCC1,7.0,0.0,1
CHEMBL2093869,O=C(O)/C=C/c1ccc(NC(=O)c2cccc(NC3=NCCCN3)c2)c(Cl)c1,6.63,0.0,1
CHEMBL2093869,O=C(O)/C=C/c1ccc(NC(=O)c2cccc(NC3=NCCCN3)c2)cc1,6.28,0.0,1
CHEMBL2093869,O=C(O)/C=C/c1ccc(NC(=O)c2cccc(NC3=NCCCN3)c2)cc1C(=O)O,7.01,0.0,1
CHEMBL2093869,O=C(O)/C=C/c1ccc(NC(=O)c2cccc(NC3=NCCCN3)c2)cc1Cl,6.19,0.0,1
CHEMBL2093869,O=C(O)/C=C/c1ccc(NC(=O)c2cccc(NC3=NCCN3)c2)c(Cl)c1,7.1,0.0,1
CHEMBL2093869,O=C(O)C(Cc1ccc2cc(OCCCCN3CCNCC3)ccc2c1)NS(=O)(=O)c1ccc(Br)cc1,4.73,0.0,1
CHEMBL2093869,O=C(O)C(Cc1ccc2cc(OCCCN3CCNCC3)ccc2c1)NS(=O)(=O)c1ccc(Br)cc1,6.43,0.0,1
CHEMBL2093869,O=C(O)C(Cc1ccc2cc(OCCCN3CCNCC3)ccc2c1)NS(=O)(=O)c1ccc(F)cc1,6.55,0.0,1
CHEMBL2093869,O=C(O)C(Cc1ccc2cc(OCCCN3CCNCC3)ccc2c1)NS(=O)(=O)c1ccc([N+](=O)[O-])cc1,6.7,0.0,1
CHEMBL2093869,O=C(O)C(Cc1ccc2cc(OCCCN3CCNCC3)ccc2c1)NS(=O)(=O)c1ccccc1,6.2275,0.3865553000542096,4
CHEMBL2093869,O=C(O)C(Cc1ccc2cc(OCCN3CCNCC3)ccc2c1)NS(=O)(=O)c1ccc(Br)cc1,4.89,0.0,1
CHEMBL2093869,O=C(O)C(O)CNC(=O)C1CCCN(C(=O)CCC2CCNCC2)C1,8.3,0.0,1
CHEMBL2093869,O=C(O)C(O)CNC(=O)[C@@H]1CCCN(C(=O)CCC2CCNCC2)C1,8.46,0.0,1
CHEMBL2093869,O=C(O)C1CCN(C(=O)N2CCC3(CC2)CCN(c2ccncc2)C3)CC1,5.38,0.0,1
CHEMBL2093869,O=C(O)C1CCN(c2ccc(N3C[C@@H](CNCc4ccc(-c5noc(=O)[nH]5)cc4)OC3=O)cc2)CC1,6.58,0.0,1
CHEMBL2093869,O=C(O)C1CCN(c2ccc(N3C[C@H](CNCc4ccc(-c5noc(=O)[nH]5)cc4)OC3=O)cc2)CC1,6.05,0.0,1
CHEMBL2093869,O=C(O)C1CN(C(=O)C2CCCN(C(=O)CCC3CCNCC3)C2)CCC1=O,8.05,0.0,1
CHEMBL2093869,O=C(O)CC(=O)N1CCC(C(=O)N2CCC3(CC2)CCN(c2ccncc2)C3)CC1,8.4,0.0,1
CHEMBL2093869,O=C(O)CC(=O)N1CCC(C(=O)N2CCC3(CC2)CCN(c2ccncc2)CC3)CC1,7.37,0.0,1
CHEMBL2093869,O=C(O)CC(=O)N1CCC(C(=O)N2CCC3(CCN(c4ccncc4)CC3)C2)CC1,6.95,0.0,1
CHEMBL2093869,O=C(O)CC(=O)N1CCC2(CCC(C(=O)N3CCC(C4CCNCC4)CC3)CC2)CC1,5.62,0.0,1
CHEMBL2093869,O=C(O)CC(=O)N1CCCN(C(=O)N2CCC3(CC2)CCN(c2ccncc2)C3)CC1,7.6,0.0,1
CHEMBL2093869,O=C(O)CC(=O)N1CCN(C(=O)N2CCC3(CC2)CCN(c2ccncc2)C3)CC1,6.87,0.0,1
CHEMBL2093869,O=C(O)CC(=O)NC1CCN(C(=O)N2CCC3(CC2)CCN(c2ccncc2)C3)C1,6.35,0.0,1
CHEMBL2093869,O=C(O)CC(CC(=O)NNC(=O)CCCCNc1ccccn1)c1ccc(-c2ccccc2)cc1,5.52,0.0,1
CHEMBL2093869,O=C(O)CC(CC(=O)NNC(=O)CCCCNc1ccccn1)c1ccc(Br)cc1,5.05,0.0,1
CHEMBL2093869,O=C(O)CC(CC1CCN(C(=O)CCCc2ccc3c(n2)NCCC3)CC1)c1ccc2c(c1)OCO2,5.37,0.0,1
CHEMBL2093869,O=C(O)CC(CC1CCN(C(=O)CCc2ccc3c(n2)NCCC3)CC1)C1CNc2ccccc2C1,4.85,0.0,1
CHEMBL2093869,O=C(O)CC(CC1CCN(C(=O)CCc2ccc3c(n2)NCCC3)CC1)c1ccc2c(c1)OCO2,5.6,0.0,1
CHEMBL2093869,O=C(O)CC(CC1CCN(C(=O)CCc2ccc3c(n2)NCCC3)CC1)c1cccnc1,5.18,0.0,1
CHEMBL2093869,O=C(O)CC(CCC1CCN(C(=O)CCCNc2ccccn2)CC1)c1ccc2c(c1)OCO2,4.96,0.0,1
CHEMBL2093869,O=C(O)CC(CCC1CCN(C(=O)CCc2ccc3c(n2)NCCC3)CC1)c1ccc2c(c1)OCO2,5.36,0.0,1
CHEMBL2093869,O=C(O)CC(CCC1CCN(C(=O)c2cccc(NC3=CCC(O)CN3)c2)CC1)c1ccc2c(c1)OCO2,5.8,0.0,1
CHEMBL2093869,O=C(O)CC(Cc1cc(OCCc2ccc3c(n2)NCCC3)[nH]n1)c1ccc2c(c1)OCO2,7.09,0.0,1
CHEMBL2093869,O=C(O)CC(Cc1cc(OCCc2ccc3c(n2)NCCC3)n(-c2ccccc2)n1)c1ccc2c(c1)OCO2,7.61,0.0,1
CHEMBL2093869,O=C(O)CC(Cc1cc(OCCc2ccc3c(n2)NCCC3)n(CC(F)(F)F)n1)c1ccc2c(c1)OCO2,7.49,0.0,1
CHEMBL2093869,O=C(O)CC(Cc1cc(OCCc2ccc3c(n2)NCCC3)n(Cc2ccccc2)n1)c1ccc2c(c1)OCO2,7.87,0.0,1
CHEMBL2093869,O=C(O)CC(Cc1csc(CCCc2ccc3c(n2)NCCC3)n1)c1ccc(Cl)cc1,6.2,0.0,1
CHEMBL2093869,O=C(O)CC(Cc1csc(CCCc2ccc3c(n2)NCCC3)n1)c1ccc(F)c(F)c1,6.32,0.0,1
CHEMBL2093869,O=C(O)CC(Cc1csc(CCCc2ccc3c(n2)NCCC3)n1)c1ccc2c(c1)OCO2,6.58,0.0,1
CHEMBL2093869,O=C(O)CC(Cc1csc(CCCc2ccc3c(n2)NCCC3)n1)c1cccc(F)c1,6.25,0.0,1
CHEMBL2093869,O=C(O)CC(Cc1csc(CCCc2ccc3c(n2)NCCC3)n1)c1cnc(-c2ccc(Cl)cc2)s1,6.25,0.0,1
CHEMBL2093869,O=C(O)CC(Cc1csc(CCCc2ccc3c(n2)NCCC3)n1)c1cnc(-c2ccccc2)s1,6.6,0.0,1
CHEMBL2093869,O=C(O)CC(Cc1nc(CCCc2ccc3c(n2)NCCC3)no1)c1ccc2c(c1)OCC2,6.65,0.0,1
CHEMBL2093869,O=C(O)CC(Cc1nc(CCCc2ccc3c(n2)NCCC3)no1)c1ccc2ncoc2c1,7.18,0.0,1
CHEMBL2093869,O=C(O)CC(Cc1nc(CCCc2ccc3c(n2)NCCC3)no1)c1cccc(F)c1,6.38,0.0,1
CHEMBL2093869,O=C(O)CC(Cc1nc(CCCc2ccc3c(n2)NCCC3)no1)c1ccccc1,6.13,0.0,1
CHEMBL2093869,O=C(O)CC(Cc1nc(CCCc2ccc3c(n2)NCCC3)no1)c1cccnc1,6.32,0.0,1
CHEMBL2093869,O=C(O)CC(Cc1nc(CCCc2ccc3c(n2)NCCC3)no1)c1cnc(C2CC2)s1,6.78,0.0,1
CHEMBL2093869,O=C(O)CC(Cc1nc(CCCc2ccc3c(n2)NCCC3)no1)c1cnc2ccccc2c1,7.75,0.0,1
CHEMBL2093869,O=C(O)CC(Cc1nc(CCCc2ccc3c(n2)NCCC3)no1)c1cnn(-c2ccccc2)c1,6.67,0.0,1
CHEMBL2093869,O=C(O)CC(NC(=O)C1CCCN(C(=O)CCC2CCNCC2)C1)c1ccccc1,8.52,0.0,1
CHEMBL2093869,O=C(O)CC(NC(=O)C1CCCN(C(=O)CCC2CCNCC2)C1)c1cccnc1,8.52,0.0,1
CHEMBL2093869,O=C(O)CC(NC(=O)C1CCCN(C(=O)CCC2CCNCC2)C1)c1cncc(-c2cc3ccccc3o2)c1,7.44,0.0,1
CHEMBL2093869,O=C(O)CC(NC(=O)C1CCCN(C(=O)CCC2CCNCC2)C1)c1cncc(-c2ccc(Cl)s2)c1,7.24,0.0,1
CHEMBL2093869,O=C(O)CC(NC(=O)C1CCCN(C(=O)CCC2CCNCC2)C1)c1cncc(-c2ccc3ccccc3c2)c1,7.24,0.0,1
CHEMBL2093869,O=C(O)CC(NC(=O)C1CCCN(C(=O)CCC2CCNCC2)C1)c1cncc(-c2cccc([N+](=O)[O-])c2)c1,7.85,0.0,1
CHEMBL2093869,O=C(O)CC(NC(=O)C1CCCN(C(=O)CCC2CCNCC2)C1)c1cncc(-c2cccc3ccccc23)c1,7.58,0.0,1
CHEMBL2093869,O=C(O)CC(NC(=O)C1CCCN(C(=O)CCC2CCNCC2)C1)c1cncc(-c2ccccc2)c1,8.74,0.0,1
CHEMBL2093869,O=C(O)CC(NC(=O)C1CCCN(C(=O)CCC2CCNCC2)C1)c1cncc(-c2cccs2)c1,8.82,0.0,1
CHEMBL2093869,O=C(O)CC(NC(=O)C1CCCN(C(=O)CCC2CCNCC2)C1)c1cncc(-c2ccsc2)c1,8.7,0.0,1
CHEMBL2093869,O=C(O)CC(NC(=O)C1CCCN(C(=O)CCC2CCNCC2)C1)c1cncc(Br)c1,8.52,0.0,1
CHEMBL2093869,O=C(O)CC(NC(=O)C1CCN(C(=O)CCCNC2=NCCN2)CC1)c1cccnc1,5.745,0.007071067811865324,2
CHEMBL2093869,O=C(O)CC(NC(=O)C1CCN(C(=O)CCCNC2=NCCN2)CC1)c1cnc2ccccc2c1,7.1,0.0,1
CHEMBL2093869,O=C(O)CC(NC(=O)C1CCN(C(=O)CCc2ccc3c(n2)NCCC3)CC1)c1ccc2c(c1)OCO2,4.8,0.0,1
CHEMBL2093869,O=C(O)CC(NC(=O)C1CCN(C(=O)CCc2ccc3c(n2)NCCC3)CC1)c1cnc2ccccc2c1,5.54,0.0,1
CHEMBL2093869,O=C(O)CC(NC(=O)C1CCN(C(=O)c2cccc(NC3=CCC(O)CN3)c2)CC1)c1cnc2ccccc2c1,6.75,0.0,1
CHEMBL2093869,O=C(O)CC(NC(=O)C1CCN(C(=O)c2cccc(NC3=CCCCN3)c2)CC1)c1ccc2c(c1)OCO2,6.68,0.0,1
CHEMBL2093869,O=C(O)CC(NC(=O)CCC(=O)Nc1ccc2c(c1)CNC2)c1ccc2c(c1)OCO2,7.51,0.0,1
CHEMBL2093869,O=C(O)CC(NC(=O)CCC(=O)Nc1ccc2c(c1)CNC2)c1ccccc1,6.07,0.0,2
CHEMBL2093869,O=C(O)CC(NC(=O)CCC(=O)Nc1ccc2c(c1)CNCC2)c1ccc(Cl)cc1,5.7,0.0,1
CHEMBL2093869,O=C(O)CC(NC(=O)CCC(=O)Nc1ccc2c(c1)CNCC2)c1ccc(F)cc1,8.05,0.0,1
CHEMBL2093869,O=C(O)CC(NC(=O)CCC(=O)Nc1ccc2c(c1)CNCC2)c1ccc2c(c1)OCO2,7.05,0.0,1
CHEMBL2093869,O=C(O)CC(NC(=O)CCC(=O)Nc1ccc2c(c1)CNCC2)c1cccc(F)c1,5.0,0.0,1
CHEMBL2093869,O=C(O)CC(NC(=O)CCC(=O)Nc1ccc2c(c1)CNCC2)c1cccc2ccccc12,5.28,0.0,1
CHEMBL2093869,O=C(O)CC(NC(=O)CCC(=O)Nc1ccc2c(c1)CNCC2)c1ccccc1,7.89,0.0,1
CHEMBL2093869,O=C(O)CC(NC(=O)CCC(=O)Nc1ccc2c(c1)CNCC2)c1ccccc1F,6.24,0.0,1
CHEMBL2093869,O=C(O)CC(NC(=O)CCCC(=O)Nc1ccc2c(c1)CNCC2)c1ccc2c(c1)OCO2,7.28,0.0,1
CHEMBL2093869,O=C(O)CC(NC(=O)NNC(=O)CCCCNc1ccccn1)c1ccc(Cl)cc1,5.16,0.0,1
CHEMBL2093869,O=C(O)CC(NC(=O)c1cccc(C(=O)Nc2ccc3c(c2)CNCC3)c1)c1ccccc1,7.6,0.0,1
CHEMBL2093869,O=C(O)CC(Sc1cccc(NC(=O)[C@H]2CCCN2)c1)c1cccnc1,4.72,0.0,1
CHEMBL2093869,O=C(O)CC(c1ccc2c(c1)OCO2)C1CCN(C(=O)CCCc2ccc3c(n2)NCCC3)CC1,5.39,0.0,1
CHEMBL2093869,O=C(O)CC(c1ccc2c(c1)OCO2)C1CCN(C(=O)CCc2ccc3c(n2)NCCC3)CC1,5.21,0.0,1
CHEMBL2093869,O=C(O)CC(c1ccc2c(c1)OCO2)N1CCc2cc(Oc3cccc4c3nc3n4CCCN3)ccc2C1=O,6.78,0.0,1
CHEMBL2093869,O=C(O)CC(c1cccnc1)N1CCc2cc(Oc3cccc4c3nc3n4CCCN3)ccc2C1=O,6.49,0.0,1
CHEMBL2093869,O=C(O)CC1(Cc2nc(CCCc3ccc4c(n3)NCCC4)no2)CCCC1,5.09,0.0,1
CHEMBL2093869,O=C(O)CC1CC(CNC(=O)CCCCNc2ccccn2)=CCc2ccccc21,5.92,0.0,1
CHEMBL2093869,O=C(O)CC1CC(CNC(=O)CCCNC2=NCCCN2)=CCc2ccccc21,6.48,0.0,1
CHEMBL2093869,O=C(O)CC1CC(CNC(=O)CCCNC2=NCCN2)=CCc2ccccc21,6.96,0.0,1
CHEMBL2093869,O=C(O)CC1CC(CNC(=O)CCCNc2ccccn2)=CCc2ccccc21,5.36,0.0,1
CHEMBL2093869,O=C(O)CC1CC(CNC(=O)CCCNc2nc3ccccc3[nH]2)=CCc2ccccc21,5.99,0.0,1
CHEMBL2093869,O=C(O)CC1CC(CNC(=O)CCCc2ccc3c(n2)NCCC3)=CCc2ccccc21,5.83,0.0,1
CHEMBL2093869,O=C(O)CC1CC(CNC(=O)CCNCc2ccccn2)=CCc2ccccc21,6.26,0.0,1
CHEMBL2093869,O=C(O)CC1CC(CNC(=O)CCNc2ccccn2)=CCc2ccccc21,5.77,0.0,1
CHEMBL2093869,O=C(O)CC1CCN(C(=O)N2CCC3(CC2)CCN(c2ccncc2)C3)CC1,6.94,0.0,1
CHEMBL2093869,O=C(O)CC1CCc2cc(NC(=O)/C=C/C3CCNCC3)ccc2C1=O,7.58,0.0,1
CHEMBL2093869,O=C(O)CC1CCc2cc(NC(=O)CCC3CCNCC3)ccc2C1=O,7.15,0.0,1
CHEMBL2093869,O=C(O)CC1CCc2cc(NC(=O)COC3CCNCC3)ccc2C1=O,5.92,0.0,1
CHEMBL2093869,O=C(O)CC1CCc2cc(NC(=O)OCC3CCNCC3)ccc2C1=O,6.48,0.0,1
CHEMBL2093869,O=C(O)CC1CCc2cc(NCCCC3CCNCC3)ccc2C1=O,6.21,0.0,1
CHEMBL2093869,O=C(O)CCC(=O)N1CCC2(CCC(C(=O)N3CCC(C4CCNCC4)CC3)CC2)CC1,4.0,0.0,1
CHEMBL2093869,O=C(O)CCC(=O)N1CCN(C(=O)N2CCC3(CC2)CCN(c2ccncc2)C3)CC1,5.82,0.0,1
CHEMBL2093869,O=C(O)CCCC(=O)N1CCC2(CC1)CCN(c1ccncc1)CC2,6.62,0.0,1
CHEMBL2093869,O=C(O)CCCC(=O)N1CCC2(CCC(C(=O)N3CCC(C4CCNCC4)CC3)CC2)CC1,4.0,0.0,1
CHEMBL2093869,O=C(O)CCCCC(=O)N1CCC2(CC1)CCN(c1ccncc1)CC2,6.58,0.0,1
CHEMBL2093869,O=C(O)CCCCCC(=O)N1CCC2(CC1)CCN(c1ccncc1)CC2,6.57,0.0,1
CHEMBL2093869,O=C(O)CCCCCC(=O)N1CCC2(CCN(c3ccncc3)CC2)C1,7.37,0.0,1
CHEMBL2093869,O=C(O)CCCCCCC(=O)N1CCC2(CC1)CCN(c1ccncc1)CC2,5.94,0.0,1
CHEMBL2093869,O=C(O)CCCCCCC(=O)N1CCC2(CCN(c3ccncc3)CC2)C1,6.71,0.0,1
CHEMBL2093869,O=C(O)CCCCNC(=O)N1CCC2(CC1)CCN(c1ccncc1)C2,4.92,0.0,1
CHEMBL2093869,O=C(O)CCCNC(=O)C1CCC2(CC1)CCN(c1ccncc1)CC2,6.5,0.0,1
CHEMBL2093869,O=C(O)CCCc1nc(CCCc2ccc3c(n2)NCCC3)no1,4.49,0.0,1
CHEMBL2093869,O=C(O)CCN1CCC(C(=O)N2CCC3(CC2)CCN(c2ccncc2)C3)CC1,7.77,0.0,1
CHEMBL2093869,O=C(O)CCN1CCC2(CCC(C(=O)N3CCN(c4ccncc4)CC3)CC2)CC1,5.46,0.0,1
CHEMBL2093869,O=C(O)CCN1CCCN(C(=O)N2CCC3(CC2)CCN(c2ccncc2)C3)CC1,6.59,0.0,1
CHEMBL2093869,O=C(O)CCN1CCN(C(=O)N2CCC3(CC2)CCN(c2ccncc2)C3)CC1,7.06,0.0,1
CHEMBL2093869,O=C(O)CCN1CCN(C(=O)N2CCC3(CCN(c4ccncc4)CC3)C2)CC1=O,6.62,0.0,1
CHEMBL2093869,O=C(O)CCN1CCc2cc(Oc3cccc4c3nc3n4CCCN3)ccc2C1=O,5.2,0.0,1
CHEMBL2093869,O=C(O)CCNC(=O)C1CCCCN(C(=O)CCC2CCNCC2)C1,8.0,0.0,1
CHEMBL2093869,O=C(O)CCNC(=O)C1CCCN(C(=O)CCC2CCNCC2)C1,8.135000000000002,0.1202081528017124,2
CHEMBL2093869,O=C(O)CCNC(=O)C1CCCN(C(=O)CCN2CCNCC2)C1,8.7,0.0,1
CHEMBL2093869,O=C(O)CCNC(=O)C1CCCN(C(=O)NCC2CCNCC2)C1,7.7,0.0,1
CHEMBL2093869,O=C(O)CCNC(=O)C1CCCN(C(=O)OCC2CCNCC2)C1,7.7,0.0,1
CHEMBL2093869,O=C(O)CCNC(=O)C1CCCN(S(=O)(=O)CCC2CCNCC2)C1,7.7,0.0,1
CHEMBL2093869,O=C(O)CCNC(=O)C1CCN(C(=O)CCC2CCNCC2)C1,8.15,0.0,1
CHEMBL2093869,O=C(O)CCNC(=O)CCC(=O)Nc1ccc2c(c1)CNC2,5.56,0.0,1
CHEMBL2093869,O=C(O)CCNC(=O)CCC(=O)Nc1ccc2c(c1)CNCC2,7.52,0.0,1
CHEMBL2093869,O=C(O)CCNC(=O)N1CCC2(CC1)CCN(c1ccncc1)C2,4.54,0.0,1
CHEMBL2093869,O=C(O)CCNC(=O)[C@@H]1CCCN(C(=O)CCC2CCNCC2)C1,8.27,0.07071067811865388,2
CHEMBL2093869,O=C(O)CCNC(=O)[C@H]1CCCN(C(=O)CCC2CCNCC2)C1,8.4,0.0,1
CHEMBL2093869,O=C(O)CCNC1CCC2(CC1)CCN(c1ccncc1)CC2,4.3,0.0,1
CHEMBL2093869,O=C(O)CCc1ccc(C(=O)CNC(=O)c2cc3c(s2)CCNC3)cc1,7.1,0.0,1
CHEMBL2093869,O=C(O)CCc1ccc(NC(=O)c2cccc(NC3=NCCCN3)c2)cc1C(=O)O,5.33,0.0,1
CHEMBL2093869,O=C(O)CCn1ccc2cc(C(=O)N3CCC4(CC3)CCN(c3ccncc3)C4)ccc21,5.75,0.0,1
CHEMBL2093869,O=C(O)CN1CCC(C(=O)N2CCC3(CC2)CCN(c2ccncc2)C3)CC1,6.5,0.0,1
CHEMBL2093869,O=C(O)CN1CCC2(CCC(C(=O)N3CCC(C4CCCCC4)CC3)CC2)CC1,6.6,0.0,1
CHEMBL2093869,O=C(O)CN1CCC2(CCC(C(=O)N3CCN(c4ccncc4)CC3)CC2)CC1,6.44,0.0,1
CHEMBL2093869,O=C(O)CN1CCN(C(=O)N2CCC3(CC2)CCN(c2ccncc2)C3)CC1,6.6,0.0,1
CHEMBL2093869,O=C(O)CN1CCN(C(=O)N2CCC3(CCN(c4ccncc4)CC3)C2)CC1=O,7.6,0.0,1
CHEMBL2093869,O=C(O)CN1CCc2cc(OCC3CCNCC3)ccc2C1=O,4.26,0.0,1
CHEMBL2093869,O=C(O)CN1CCc2cc(OCCC3CCNCC3)ccc2C1=O,4.96,0.0,1
CHEMBL2093869,O=C(O)CN1CCc2cc(OCCCC3CCNCC3)ccc2C1=O,5.22,0.0,1
CHEMBL2093869,O=C(O)CN1CCc2cc(OCCCCC3CCNCC3)ccc2C1=O,5.75,0.0,1
CHEMBL2093869,O=C(O)CNC1CCC2(CC1)CCN(c1ccncc1)CC2,6.8,0.0,1
CHEMBL2093869,O=C(O)COC1CCC2(CC1)CCN(c1ccncc1)CC2,6.6,0.0,1
CHEMBL2093869,O=C(O)COC1CCN(C(=O)N2CCC3(CC2)CCN(c2ccncc2)C3)CC1,6.86,0.0,1
CHEMBL2093869,O=C(O)COC1CCN(C(=O)N2CCC3(CC2)CCN(c2ccncc2)CC3)CC1,6.68,0.0,1
CHEMBL2093869,O=C(O)COC1CCN(C(=O)N2CCC3(CCN(c4ccncc4)CC3)C2)CC1,6.82,0.0,1
CHEMBL2093869,O=C(O)COCC1CCN(C(=O)N2CCC3(CC2)CCN(c2ccncc2)C3)CC1,6.97,0.0,1
CHEMBL2093869,O=C(O)COc1ccc(C(=O)CNC(=O)CCC2CCNCC2)cc1OCC(=O)O,7.38,0.0,1
CHEMBL2093869,O=C(O)COc1ccc(C(=O)CNC(=O)c2cc3c(s2)CCCNC3)cc1OCC(=O)O,8.06,0.0,1
CHEMBL2093869,O=C(O)COc1ccc(C(=O)CNC(=O)c2cc3c(s2)CCNC3)cc1,7.51,0.0,1
CHEMBL2093869,O=C(O)COc1ccc(C(=O)CNC(=O)c2cc3c(s2)CCNC3)cc1OCC(=O)O,8.043333333333333,0.42910760111344226,3
CHEMBL2093869,O=C(O)COc1ccc(C(=O)CNC(=O)c2cc3c(s2)CCNC3)nc1,7.0,0.0,1
CHEMBL2093869,O=C(O)COc1ccc(C(=O)CNC(=O)c2cc3c(s2)CCNCC3)cc1OCC(=O)O,8.22,0.0,1
CHEMBL2093869,O=C(O)COc1ccc(C(=O)CNC(=O)c2cc3c(s2)CNCC3)cc1OCC(=O)O,8.85,0.0,1
CHEMBL2093869,O=C(O)COc1ccc(C(=O)CNC(=O)c2sc3c(c2Cc2ccccc2)CNCC3)cc1OCC(=O)O,7.21,0.0,1
CHEMBL2093869,O=C(O)COc1ccc(C(=O)N2CCC3(CC2)CCN(c2ccncc2)C3)cc1,6.16,0.0,1
CHEMBL2093869,O=C(O)COc1cccc(C(=O)N2CCC3(CC2)CCN(c2ccncc2)C3)c1,6.06,0.0,1
CHEMBL2093869,O=C(O)COc1cnc(C(=O)CNC(=O)c2cc3c(s2)CCNC3)cc1OCC(=O)O,8.01,0.0,1
CHEMBL2093869,O=C(O)CS(=O)(=O)N1CCC(C(=O)N2CCC3(CC2)CCN(c2ccncc2)C3)CC1,7.05,0.0,1
CHEMBL2093869,O=C(O)C[C@@H](C#Cc1ccccc1)NC(=O)[C@@H]1CCCN(C(=O)CCC2CCNCC2)C1,9.03,0.7212489168102781,2
CHEMBL2093869,O=C(O)C[C@@H](C1CCN(C(=O)CCCc2ccc3c(n2)NCCC3)CC1)C1CNc2ccccc2C1,4.826666666666667,0.06027713773341728,3
CHEMBL2093869,O=C(O)C[C@@H](CC1CCN(C(=O)CCc2ccc3c(n2)NCCC3)CC1)c1cnc2c(c1)CCCC2,5.246666666666666,0.3231614663497697,3
CHEMBL2093869,O=C(O)C[C@@H](CC1CCN(C(=O)CCc2ccc3c(n2)NCCC3)CC1)c1cnc2ccccc2c1,5.96,0.0,1
CHEMBL2093869,O=C(O)C[C@@H](Cc1ccccc1)NC(=O)[C@@H]1CCCN(C(=O)CCC2CCNCC2)C1,9.43,0.0,1
CHEMBL2093869,O=C(O)C[C@@H](NC(=O)C1CCC2(CC1)CCN(c1ccncc1)CC2)c1ccccc1,4.52,0.0,1
CHEMBL2093869,O=C(O)C[C@@H](NC(=O)[C@@H]1CCCN(C(=O)CCC2CCNCC2)C1)c1ccc(Cl)s1,10.0,0.0,1
CHEMBL2093869,O=C(O)C[C@@H](NC(=O)[C@@H]1CCCN(C(=O)CCC2CCNCC2)C1)c1ccc2c(c1)OCO2,9.3,0.0,1
CHEMBL2093869,O=C(O)C[C@@H](NC(=O)[C@@H]1CCCN(C(=O)CCC2CCNCC2)C1)c1cccnc1,9.44,0.0,1
CHEMBL2093869,O=C(O)C[C@@H](NC(=O)[C@@H]1CCCN(C(=O)CCC2CCNCC2)C1)c1cccs1,10.0,0.0,1
CHEMBL2093869,O=C(O)C[C@@H](NC(=O)[C@@H]1CCCN(C(=O)CCC2CCNCC2)C1)c1cnc2ccccc2c1,9.585,0.21920310216782946,2
CHEMBL2093869,O=C(O)C[C@@H](NC(=O)[C@@H]1CCCN(C(=O)CCC2CCNCC2)C1)c1ncc(C(F)(F)F)cc1Cl,7.17,0.0,1
CHEMBL2093869,O=C(O)C[C@@H]1Cc2ccc(OCCCNc3ccccn3)cc2Cc2ccccc21,5.92,0.0,1
CHEMBL2093869,O=C(O)C[C@H](C#Cc1ccccc1)NC(=O)[C@@H]1CCCN(C(=O)CCC2CCNCC2)C1,9.66,0.0,1
CHEMBL2093869,O=C(O)C[C@H](Cc1nc(CCCCNc2cc(N3CCOCC3)ccn2)no1)c1ccc2c(c1)OCO2,7.77,0.0,1
CHEMBL2093869,O=C(O)C[C@H](Cc1nc(CCCCNc2cc(N3CCSCC3)ccn2)no1)c1ccc2c(c1)OCO2,7.66,0.0,1
CHEMBL2093869,O=C(O)C[C@H](Cc1nc(CCCCNc2ccccn2)no1)c1ccc2c(c1)OCO2,6.9,0.0,1
CHEMBL2093869,O=C(O)C[C@H](Cc1nc(CCCc2ccc3c(n2)NCCC3)no1)c1ccc2c(c1)OCO2,7.57,0.0,1
CHEMBL2093869,O=C(O)C[C@H](NC(=O)C1CCCn2c(/C=C/C3CCNCC3)nnc21)c1cccnc1,9.68,0.0,1
CHEMBL2093869,O=C(O)C[C@H](NC(=O)C1CCCn2c(/C=C/C3CCNCC3)nnc21)c1cnc2ccccc2c1,9.36,0.0,1
CHEMBL2093869,O=C(O)C[C@H](NC(=O)C1CCCn2c(CCC3CCNCC3)nnc21)c1cccnc1,9.28,0.0,1
CHEMBL2093869,O=C(O)C[C@H](NC(=O)C1CCN(C(=O)CCCNC2=NCCN2)CC1)c1cnc2ccccc2c1,6.77,0.0,1
CHEMBL2093869,O=C(O)C[C@H](NC(=O)C1CCN(C(=O)CCc2ccc3c(n2)NCCC3)CC1)c1cnc2ccccc2c1,5.54,0.0,1
CHEMBL2093869,O=C(O)C[C@H](NC(=O)CNC(=O)c1cc(O)cc(NC2=NCC(O)CN2)c1)c1cc(Cl)cc(Br)c1O,6.59,0.0,1
CHEMBL2093869,O=C(O)C[C@H](NC(=O)CNC(=O)c1cncc(NC2=NCC(O)CN2)c1)c1cc(Cl)cc(Br)c1O,6.42,0.0,1
CHEMBL2093869,O=C(O)C[C@H](NC(=O)[C@@H]1CCCN(C(=O)/C=C/C2CCNCC2)C1)c1cccnc1,9.09,0.0,1
CHEMBL2093869,O=C(O)C[C@H](NC(=O)[C@@H]1CCCN(C(=O)C2CCN(C3CCNCC3)CC2)C1)c1cccnc1,9.19,0.0,1
CHEMBL2093869,O=C(O)C[C@H](NC(=O)[C@@H]1CCCN(C(=O)CCC2CCNCC2)C1)c1cc(F)cc(-c2ccc(OCCF)cc2)c1,7.46,0.0,1
CHEMBL2093869,O=C(O)C[C@H](NC(=O)[C@@H]1CCCN(C(=O)CCC2CCNCC2)C1)c1ccc(-c2ccsc2)nc1,9.43,0.0,1
CHEMBL2093869,O=C(O)C[C@H](NC(=O)[C@@H]1CCCN(C(=O)CCC2CCNCC2)C1)c1ccc(Cl)nc1,9.85,0.0,1
CHEMBL2093869,O=C(O)C[C@H](NC(=O)[C@@H]1CCCN(C(=O)CCC2CCNCC2)C1)c1ccc(OCCF)cc1,7.54,0.0,1
CHEMBL2093869,O=C(O)C[C@H](NC(=O)[C@@H]1CCCN(C(=O)CCC2CCNCC2)C1)c1ccc2c(c1)OCO2,9.3,0.0,1
CHEMBL2093869,O=C(O)C[C@H](NC(=O)[C@@H]1CCCN(C(=O)CCC2CCNCC2)C1)c1cccc(OCCF)c1,7.0,0.0,1
CHEMBL2093869,O=C(O)C[C@H](NC(=O)[C@@H]1CCCN(C(=O)CCC2CCNCC2)C1)c1cccc(OCCOCCOCCF)c1,7.08,0.0,1
CHEMBL2093869,O=C(O)C[C@H](NC(=O)[C@@H]1CCCN(C(=O)CCC2CCNCC2)C1)c1cccnc1,9.629999999999999,0.26870057685088927,2
CHEMBL2093869,O=C(O)C[C@H](NC(=O)[C@@H]1CCCN(C(=O)CCC2CCNCC2)C1)c1cccs1,10.0,0.0,1
CHEMBL2093869,O=C(O)C[C@H](NC(=O)[C@@H]1CCCN(C(=O)CCC2CCNCC2)C1)c1cnc(Cl)c(Cl)c1,9.47,0.0,1
CHEMBL2093869,O=C(O)C[C@H](NC(=O)[C@@H]1CCCN(C(=O)CCC2CCNCC2)C1)c1cnc2ccccc2c1,10.0,0.0,1
CHEMBL2093869,O=C(O)C[C@H](NC(=O)[C@@H]1CCCN(C(=O)CCC2CCNCC2)C1)c1cncc(-c2ccc(F)c([N+](=O)[O-])c2)c1,7.85,0.0,1
CHEMBL2093869,O=C(O)C[C@H](NC(=O)[C@@H]1CCCN(C(=O)CCC2CCNCC2)C1)c1cncc(-c2ccc(OCCF)cc2)c1,7.96,0.0,1
CHEMBL2093869,O=C(O)C[C@H](NC(=O)[C@@H]1CCCN(C(=O)CCC2CCNCC2)C1)c1cncc(-c2cccc(OCCF)c2)c1,7.8,0.0,1
CHEMBL2093869,O=C(O)C[C@H](NC(=O)[C@@H]1CCCN(C(=O)CCC2CCNCC2)C1)c1cncc(-c2ccccc2)c1,9.28,0.0,1
CHEMBL2093869,O=C(O)C[C@H](NC(=O)[C@@H]1CCCN(C(=O)CCC2CCNCC2)C1)c1cncc(-c2ccccc2OCCF)c1,7.85,0.0,1
CHEMBL2093869,O=C(O)C[C@H](NC(=O)[C@@H]1CCCN(C(=O)CCC2CCNCC2)C1)c1cncc(/C=C/c2cccc(OCCF)c2)c1,8.15,0.0,1
CHEMBL2093869,O=C(O)C[C@H](NC(=O)[C@@H]1CCCN(C(=O)CCC2CCNCC2)C1)c1cncc(Br)c1,9.68,0.0,1
CHEMBL2093869,O=C(O)C[C@H](NC(=O)[C@@H]1CCCN(C(=O)CCC2CCNCC2)C1)c1cncc(C#Cc2ccc(OCCF)cc2)c1,8.3,0.0,1
CHEMBL2093869,O=C(O)C[C@H](NC(=O)[C@@H]1CCCN(C(=O)CCC2CCNCC2)C1)c1cncc(C#Cc2cccc(OCCF)c2)c1,8.22,0.0,1
CHEMBL2093869,O=C(O)C[C@H](NC(=O)[C@@H]1CCCN(C(=O)CCC2CCNCC2)C1)c1cncc(C#Cc2ccccc2)c1,9.07,0.0,1
CHEMBL2093869,O=C(O)C[C@H](NC(=O)[C@@H]1CCCN(C(=O)CCC2CCNCC2)C1)c1cncc(CCc2ccc(OCCF)cc2)c1,8.52,0.0,1
CHEMBL2093869,O=C(O)C[C@H](NC(=O)[C@@H]1CCCN(C(=O)CCC2CCNCC2)C1)c1cncc(CCc2cccc(OCCF)c2)c1,8.52,0.0,1
CHEMBL2093869,O=C(O)C[C@H](NC(=O)[C@@H]1CCCN(C(=O)CCC2CCNCC2)C1)c1cncc(CCc2ccccc2)c1,9.18,0.0,1
CHEMBL2093869,O=C(O)C[C@H](NC(=O)[C@@H]1CCCN(C(=O)CCC2CCNCC2)C1)c1cncc(OCCF)c1,7.7,0.0,1
CHEMBL2093869,O=C(O)C[C@H](NC(=O)[C@@H]1CCCN(C(=O)CCC2CCNCC2)C1)c1cncc(OCCOCCOCCF)c1,7.8,0.0,1
CHEMBL2093869,O=C(O)C[C@H](NC(=O)[C@@H]1CCN(C(=O)/C=C/C2CCNCC2)C1)c1cccnc1,9.24,0.0,1
CHEMBL2093869,O=C(O)C[C@H](NC(=O)[C@H]1CN(C(=O)CCC2CCNCC2)CCN1)c1cccnc1,8.77,0.0,1
CHEMBL2093869,O=C(O)C[C@H](NC(=O)c1cccn2c(/C=C/C3CCNCC3)nnc12)c1cccnc1,6.36,0.0,1
CHEMBL2093869,O=C(O)C[C@H](NC(=O)c1cccn2c(CCC3CCNCC3)nnc12)c1cccnc1,8.38,0.0,1
CHEMBL2093869,O=C(O)C[C@H](c1cnc2ccccc2c1)C1CCN(C(=O)CCCc2ccc3c(n2)NCCC3)CC1,6.06,0.0,1
CHEMBL2093869,O=C(O)Cn1ccc2cc(C(=O)N3CCC4(CC3)CCN(c3ccncc3)C4)ccc21,7.33,0.0,1
CHEMBL2093869,O=C(O)[C@H](CCC(=O)N1CCC2(CC1)CCN(c1ccncc1)C2)NS(=O)(=O)c1cnoc1,8.7,0.0,1
CHEMBL2093869,O=C(O)[C@H](CCC(=O)N1CCN(c2cccc(NC3=NCCCN3)c2)CC1)NS(=O)(=O)c1ccccc1,7.06,0.0,1
CHEMBL2093869,O=C(O)[C@H](Cc1ccc(N2CCC(CNc3ccccn3)CC2)cc1)N1Cc2ccccc2C1=O,4.12,0.0,1
