chembl_id,smiles,pchembl_value,pchembl_std,n_records
CHEMBL3267,Brc1ccc2c(c1)-c1nc3cc(Br)ccc3n1CCO2,4.71,0.0,1
CHEMBL3267,C#CCNc1nc(C)nc(-n2c(Nc3cc[nH]n3)nc3ccccc32)n1,5.43,0.0,1
CHEMBL3267,C#Cc1ccc(-c2cc3c(c(-c4cnc(OC)c(NS(C)(=O)=O)c4)c2)CNC3=O)cn1,7.07,0.0,1
CHEMBL3267,C#Cc1cccc2nc(C(C)NC(=O)c3c(N)nn4cccnc34)n(-c3ccc(F)c(F)c3)c(=O)c12,5.52,0.0,1
CHEMBL3267,C#Cc1cccc2nc(C(C)NC(=O)c3c(N)nn4cccnc34)n(-c3ccc(F)cc3)c(=O)c12,5.52,0.0,1
CHEMBL3267,C#Cc1cccc2nc(C(C)NC(=O)c3c(N)nn4cccnc34)n(-c3ccccc3)c(=O)c12,5.52,0.0,1
CHEMBL3267,C#Cc1cccc2nc(C(C)NC(=O)c3c(N)nn4cccnc34)n(C)c(=O)c12,5.52,0.0,1
CHEMBL3267,C#Cc1cccc2nc(C(C)NC(=O)c3nccnc3N)n(-c3ccc(F)cc3)c(=O)c12,5.52,0.0,1
CHEMBL3267,C#Cc1cccc2nc(C(C)NC(=O)c3nccnc3N)n(-c3ccccc3)c(=O)c12,5.52,0.0,1
CHEMBL3267,C#Cc1cccc2nc(Cn3nc(-c4cccc(O)c4)c4c(N)ncnc43)n(Cc3cccc(OC)c3)c(=O)c12,6.54,0.0,1
CHEMBL3267,C#Cc1cccc2nc(Cn3nc(-c4cccc(O)c4)c4c(N)ncnc43)n(Cc3ccccc3Cl)c(=O)c12,6.63,0.0,1
CHEMBL3267,C#Cc1cccc2nc([C@H](C)NC(=O)c3c(N)nn4cccnc34)n(-c3ccc(F)c(F)c3)c(=O)c12,5.609999999999999,0.1272792206135787,2
CHEMBL3267,C#Cc1cccc2nc([C@H](C)NC(=O)c3c(N)nn4cccnc34)n(-c3ccc(F)cc3)c(=O)c12,5.609999999999999,0.1272792206135787,2
CHEMBL3267,C#Cc1cccc2nc([C@H](C)NC(=O)c3c(N)nn4cccnc34)n(-c3ccccc3)c(=O)c12,5.609999999999999,0.1272792206135787,2
CHEMBL3267,C#Cc1cccc2nc([C@H](C)NC(=O)c3c(N)nn4cccnc34)n(C)c(=O)c12,5.609999999999999,0.1272792206135787,2
CHEMBL3267,C#Cc1cccc2nc([C@H](C)NC(=O)c3nccnc3N)n(-c3ccc(F)cc3)c(=O)c12,5.609999999999999,0.1272792206135787,2
CHEMBL3267,C#Cc1cccc2nc([C@H](C)NC(=O)c3nccnc3N)n(-c3ccccc3)c(=O)c12,5.609999999999999,0.1272792206135787,2
CHEMBL3267,C(#Cc1n[nH]c2ccccc12)c1ccncc1,4.4,0.0,1
CHEMBL3267,C/C=C/c1cccc2cc([C@H](C)NC(=O)c3c(N)nn4cccnc34)n(-c3ccccc3)c(=O)c12,5.609999999999999,0.1272792206135787,2
CHEMBL3267,C=C1C[C@@H](c2nc3cccc(Cl)c3c(=O)n2-c2ccccc2)N(c2ncnc(N)c2C#N)C1,6.6,0.0,1
CHEMBL3267,C=CC(=O)Nc1cc(Nc2ncnc3ccc(-c4cnc5ccccc5c4)cc23)ccc1C,5.9,0.0,1
CHEMBL3267,C=CC(=O)Nc1ccc(-n2c(=O)ccc3oc4ccc(-c5cccnc5)cc4c32)cc1,6.17,0.0,1
CHEMBL3267,C=CC(=O)Nc1cccc(-n2c(=O)ccc3oc4ccc(-c5cccnc5)cc4c32)c1,5.66,0.0,1
CHEMBL3267,C=CCN(/C=C1/C(=O)O[C@H](COC)[C@@]2(C)C1=C(O)C(=O)C1=C2[C@H](OC(C)=O)C[C@]2(C)C(=O)CC[C@@H]12)CC=C,8.525,0.6717514421272196,2
CHEMBL3267,C=CCN1CCN(Cc2cc3nc(-n4c(CC)nc5ccccc54)nc(N4CCOCC4)c3s2)C(=O)C1,6.58,0.0,1
CHEMBL3267,C=CCNc1nc(-c2sc(NC(C)=O)nc2C)cs1,6.7,0.0,1
CHEMBL3267,C=CCn1nc(-c2ccc(OCC)c(OC)c2)c2c(N)ncnc21,6.51,0.0,1
CHEMBL3267,C=CCn1nc(-c2ccc3ccccc3c2)c2c(N)ncnc21,5.44,0.0,1
CHEMBL3267,C=Cc1ccc(-c2ccc3ncnc(Nc4ccc(CC#N)cc4)c3c2)cc1,6.28,0.0,1
CHEMBL3267,CC#Cc1cccc2cc(C(C)NC(=O)c3c(N)nn4cccnc34)c(-c3ccccc3)nc12,5.609999999999999,0.1272792206135787,2
CHEMBL3267,CC#Cc1cccc2cc(C(C)NC(=O)c3c(N)nn4cccnc34)n(-c3ccccc3)c(=O)c12,5.52,0.0,1
CHEMBL3267,CC#Cc1cccc2cc([C@H](C)Nc3ncnc(N)c3-c3nc(C)no3)n(-c3ccccc3)c(=O)c12,7.58,0.0,1
CHEMBL3267,CC#Cc1cccc2nc(C(C)NC(=O)c3c(N)nn4cccnc34)n(-c3ccccc3)c(=O)c12,5.52,0.0,1
CHEMBL3267,CC#Cc1cccc2nc([C@H](C)NC(=O)c3c(N)nn4cccnc34)n(-c3ccccc3)c(=O)c12,5.609999999999999,0.1272792206135787,2
CHEMBL3267,CC#Cc1cccc2nc([C@H](C)Nc3ncnc(N)c3-c3nc(C)no3)n(-c3ccccc3)c(=O)c12,7.33,0.0,1
CHEMBL3267,CC#Cc1cccc2nc([C@H](C)Nc3ncnc(N)c3-c3nnc(C)o3)n(-c3ccccc3)c(=O)c12,6.47,0.0,1
CHEMBL3267,CC#Cc1cccc2nc([C@H](CC)Nc3ncnc(N)c3-c3nc(C)no3)n(-c3ccccc3)c(=O)c12,7.82,0.0,1
CHEMBL3267,CC#Cc1cccc2nc([C@H](CC)Nc3ncnc(N)c3-c3nnc(C)o3)n(-c3ccccc3)c(=O)c12,6.15,0.0,1
CHEMBL3267,CC(=O)/N=c1/[nH]c(C)c(-c2ccc(Cl)c(S(=O)(=O)NCCO)c2)s1,7.52,0.395979797464466,2
CHEMBL3267,CC(=O)N(C)C1CCCN(Cc2cc3nc(-c4cccc5[nH]ccc45)nc(N4CCOCC4)c3s2)C1,5.6,0.0,1
CHEMBL3267,CC(=O)N(C)C1CCCN(Cc2cc3nc(-c4cccc5[nH]ncc45)nc(N4CCOCC4)c3s2)C1,6.3,0.0,1
CHEMBL3267,CC(=O)N(C)C1CCCN(Cc2cc3nc(-c4cnc(N)nc4)nc(N4CCOCC4)c3s2)C1,7.0,0.0,1
CHEMBL3267,CC(=O)N(C)C1CCN(Cc2cc3nc(-c4cccc5[nH]ccc45)nc(N4CCOCC4)c3s2)C1,6.2,0.0,1
CHEMBL3267,CC(=O)N(C)C1CCN(Cc2cc3nc(-c4cccc5[nH]ccc45)nc(N4CCOCC4)c3s2)CC1,5.8,0.0,1
CHEMBL3267,CC(=O)N(C)C1CCN(Cc2cc3nc(-c4cccc5[nH]ncc45)nc(N4CCOCC4)c3s2)C1,6.0,0.0,1
CHEMBL3267,CC(=O)N(C)C1CCN(Cc2cc3nc(-c4cccc5[nH]ncc45)nc(N4CCOCC4)c3s2)CC1,6.0,0.0,1
CHEMBL3267,CC(=O)N(C)C1CCN(Cc2cc3nc(-c4cnc(N)nc4)nc(N4CCOCC4)c3s2)C1,7.4,0.0,1
CHEMBL3267,CC(=O)N(C)C1CCN(Cc2cc3nc(-c4cnc(N)nc4)nc(N4CCOCC4)c3s2)CC1,7.4,0.0,1
CHEMBL3267,CC(=O)N(C)CCNc1nc(N2CCOCC2)nc(-n2c(C(F)F)nc3ccccc32)n1,7.26,0.0,1
CHEMBL3267,CC(=O)N(C)[C@@H]1CCN(Cc2cc3nc(-c4cnc(N)nc4)nc(N4CCOCC4)c3s2)C1,7.6,0.0,1
CHEMBL3267,CC(=O)N(C)[C@H]1CCN(Cc2cc3nc(-c4cnc(N)nc4)nc(N4CCOCC4)c3s2)C1,7.8,0.0,1
CHEMBL3267,CC(=O)N(C)c1cccc(Nc2nc(C)c(-c3cc4c(c(S(C)(=O)=O)c3)C(=O)N([C@@H](C)C3CC3)C4)s2)n1,9.1,0.0,1
CHEMBL3267,CC(=O)N1CCC(C#Cc2cccc3cc([C@H](C)NC(=O)c4c(N)nn5cccnc45)n(-c4ccccc4)c(=O)c23)CC1,5.609999999999999,0.1272792206135787,2
CHEMBL3267,CC(=O)N1CCC(n2cnc3c(N4CCOCC4)nc(-c4cccc(CO)c4)nc32)CC1,5.86,0.0,1
CHEMBL3267,CC(=O)N1CCC(n2nc(-c3cc4cc(O)cc(Cl)c4[nH]3)c3c(N)ncnc32)CC1,7.3,0.0,1
CHEMBL3267,CC(=O)N1CCN(C(=O)c2cccc(-c3ncnc4ccc(-c5cnc6ccccc6c5)cc34)c2)CC1,5.25,0.0,1
CHEMBL3267,CC(=O)N1CCN(c2cc(-c3cc(C(F)(F)F)c4c(N)ncnn34)ccc2C#N)C(=O)C1(C)C,7.08,0.43840620433565924,2
CHEMBL3267,CC(=O)N1CCN(c2ccc(Nc3c(C(N)=O)cnc4ccc(-c5cnc6ccccc6c5)cc34)cc2C(F)(F)F)CC1,6.03,0.0,1
CHEMBL3267,CC(=O)N1CCN(c2cccc(-c3cc(-c4ccnn4C4CCOCC4)c4c(N)ncnn34)c2)C(=O)C1(C)C,7.68,0.0,1
CHEMBL3267,CC(=O)N1CCN(c2cnc3ccc(-c4cnc(Cl)c(NS(=O)(=O)c5ccc(F)cc5)c4)cc3n2)CC1,9.15,0.0,1
CHEMBL3267,CC(=O)N1CCN(c2nc(N3CCOCC3)nc(-n3c(C(F)F)nc4ccccc43)n2)CC1,7.68,0.0,1
CHEMBL3267,CC(=O)N1C[C@@H](C)N(c2cccc(-c3cc(-c4ccnn4C4CCOCC4)c4c(N)ncnn34)c2)[C@@H](C)C1,8.89,0.0,1
CHEMBL3267,CC(=O)NC1CCCN(Cc2cc3nc(-c4cccc5[nH]ccc45)nc(N4CCOCC4)c3s2)C1,5.6,0.0,1
CHEMBL3267,CC(=O)NC1CCCN(Cc2cc3nc(-c4cccc5[nH]ncc45)nc(N4CCOCC4)c3s2)C1,5.9,0.0,1
CHEMBL3267,CC(=O)NC1CCCN(Cc2cc3nc(-c4cnc(N)nc4)nc(N4CCOCC4)c3s2)C1,6.8,0.0,1
CHEMBL3267,CC(=O)NC1CCN(Cc2cc3nc(-c4cccc5[nH]ccc45)nc(N4CCOCC4)c3s2)C1,5.7,0.0,1
CHEMBL3267,CC(=O)NC1CCN(Cc2cc3nc(-c4cccc5[nH]ccc45)nc(N4CCOCC4)c3s2)CC1,5.7,0.0,1
CHEMBL3267,CC(=O)NC1CCN(Cc2cc3nc(-c4cccc5[nH]ncc45)nc(N4CCOCC4)c3s2)C1,5.9,0.0,1
CHEMBL3267,CC(=O)NC1CCN(Cc2cc3nc(-c4cccc5[nH]ncc45)nc(N4CCOCC4)c3s2)CC1,5.8,0.0,1
CHEMBL3267,CC(=O)NC1CCN(Cc2cc3nc(-c4cnc(N)nc4)nc(N4CCOCC4)c3s2)C1,7.1,0.0,1
CHEMBL3267,CC(=O)NC1CCN(Cc2cc3nc(-c4cnc(N)nc4)nc(N4CCOCC4)c3s2)CC1,6.8,0.0,1
CHEMBL3267,CC(=O)NCC(=O)N1CCN(c2nc(N3CCOCC3)nc(-n3c(C(F)F)nc4ccccc43)n2)CC1,6.42,0.0,1
CHEMBL3267,CC(=O)NCCCn1c([C@@H](Nc2nc(N)nc(N)c2C#N)C2CC2)nc2cccc(Cl)c2c1=O,6.72,0.0,1
CHEMBL3267,CC(=O)NCCCn1c([C@H](C)Nc2ncnc(N)c2C#N)nc2cccc(Cl)c2c1=O,5.26,0.0,1
CHEMBL3267,CC(=O)NCCNc1nc(-c2sc(NC(C)=O)nc2C)cs1,6.72,0.0,1
CHEMBL3267,CC(=O)NCCNc1nc(N2CCOCC2)nc(-n2c(C(F)F)nc3ccccc32)n1,7.27,0.0,1
CHEMBL3267,CC(=O)NNC(=O)c1c(N)ncnc1N[C@@H](C)c1cc2ncc(Cl)n2nc1-c1ccccc1,7.01,0.0,1
CHEMBL3267,CC(=O)N[C@@H]1CCN(Cc2cc3nc(-c4cnc(N)nc4)nc(N4CCOCC4)c3s2)C1,6.9,0.0,1
CHEMBL3267,CC(=O)N[C@H]1CCN(Cc2cc3nc(-c4cnc(N)nc4)nc(N4CCOCC4)c3s2)C1,6.6,0.0,1
CHEMBL3267,CC(=O)Nc1cc(-c2cc(Cl)c3c(c2)CN([C@@H](C)C2CC2)C3=O)on1,6.8,0.0,1
CHEMBL3267,CC(=O)Nc1cc(-c2cnc3[nH]cc(-c4cnn(C)c4)c3c2)cc2c1C(=O)N([C@@H](C)C1CC1)C2,8.6,0.0,1
CHEMBL3267,CC(=O)Nc1cc(Nc2ccccc2)cc(-c2ccnc(NC(=O)C3CCOCC3)c2)c1,4.77,0.0,1
CHEMBL3267,CC(=O)Nc1cc2nc(C)cc(C)n2n1,4.72,0.0,1
CHEMBL3267,CC(=O)Nc1ccc(-c2csc3c(=O)cc(N4CCOCC4)oc23)cc1,6.36,0.0,1
CHEMBL3267,CC(=O)Nc1ccc(Nc2nc3ccccc3n2-c2nc(C)nc(N)n2)cc1,7.7,0.0,1
CHEMBL3267,CC(=O)Nc1cccc(Nc2nc(C)c(-c3cc4c(c(S(C)(=O)=O)c3)C(=O)N([C@@H](C)C3CC3)C4)s2)n1,9.0,0.0,1
CHEMBL3267,CC(=O)Nc1cccc(Nc2nc3ccccc3n2-c2nc(C)nc(N)n2)c1,6.96,0.0,1
CHEMBL3267,CC(=O)Nc1cn2cc(-c3cnc(N)c(C(F)(F)F)c3)ccc2n1,8.09,0.0,1
CHEMBL3267,CC(=O)Nc1cn2cc(-c3cnc(N)c(OC(C)C(F)(F)F)n3)ccc2n1,7.3,0.0,1
CHEMBL3267,CC(=O)Nc1cn2cc(/C=C3\SC(=O)NC3=O)ccc2n1,6.795,0.9545941546018389,2
CHEMBL3267,CC(=O)Nc1cnc2ccc(-c3cnc4ccccc4c3)cc2c1Nc1ccc(N2CCN(C(C)=O)CC2)c(C(F)(F)F)c1,6.3,0.0,1
CHEMBL3267,CC(=O)Nc1nc(C)c(-c2cc(C)c3c(c2)CN([C@@H](C)C2CC2)C3=O)s1,9.2,0.0,1
CHEMBL3267,CC(=O)Nc1nc(C)c(-c2cc(C)c3c(c2)CNC3=O)s1,7.2,0.0,1
CHEMBL3267,CC(=O)Nc1nc(C)c(-c2cc(Cl)c3c(c2)CN([C@@H](C)C2CC2)C3=O)s1,9.1,0.0,1
CHEMBL3267,CC(=O)Nc1nc(C)c(-c2cc(Cl)c3c(c2)CN([C@H](C)C2CC2)C3=O)s1,8.9,0.0,1
CHEMBL3267,CC(=O)Nc1nc(C)c(-c2cc3c(c(NC(C)=O)c2)C(=O)N([C@@H](C)C2CC2)C3)s1,9.0,0.0,1
CHEMBL3267,CC(=O)Nc1nc(C)c(-c2cc3c(c(NS(=O)(=O)C(C)(C)C)c2)C(=O)N([C@@H](C)C2CC2)C3)s1,9.0,0.0,1
CHEMBL3267,CC(=O)Nc1nc(C)c(-c2cc3c(c(NS(=O)(=O)C4CC4)c2)C(=O)N([C@@H](C)C2CC2)C3)s1,9.2,0.0,1
CHEMBL3267,CC(=O)Nc1nc(C)c(-c2cc3c(c(NS(=O)(=O)CC4CC4)c2)C(=O)N([C@@H](C)C2CC2)C3)s1,9.1,0.0,1
CHEMBL3267,CC(=O)Nc1nc(C)c(-c2cc3c(c(NS(=O)(=O)c4cn(C)nc4C)c2)C(=O)N([C@@H](C)C2CC2)C3)s1,8.9,0.0,1
CHEMBL3267,CC(=O)Nc1nc(C)c(-c2cc3c(c(NS(C)(=O)=O)c2)C(=O)N([C@@H](C)C2CC2)C3)s1,9.149999999999999,0.07071067811865388,2
CHEMBL3267,CC(=O)Nc1nc(C)c(-c2cc3c(c(S(=O)(=O)CCCO)c2)C(=O)N([C@@H](C)C2CC2)C3)s1,8.9,0.0,1
CHEMBL3267,CC(=O)Nc1nc(C)c(-c2cc3c(c(S(=O)(=O)N(C)C)c2)C(=O)N([C@@H](C)C2CC2)C3)s1,9.1,0.0,1
CHEMBL3267,CC(=O)Nc1nc(C)c(-c2cc3c(c(S(=O)(=O)N(C)c4ccc(CN(C)C)cc4)c2)C(=O)N([C@@H](C)C2CC2)C3)s1,8.6,0.0,1
CHEMBL3267,CC(=O)Nc1nc(C)c(-c2cc3c(c(S(=O)(=O)N(C)c4cccc(C#N)c4)c2)C(=O)N([C@@H](C)C2CC2)C3)s1,9.1,0.0,1
CHEMBL3267,CC(=O)Nc1nc(C)c(-c2cc3c(c(S(=O)(=O)NC4CC(F)(F)C4)c2)C(=O)N([C@@H](C)C2CC2)C3)s1,8.9,0.0,1
CHEMBL3267,CC(=O)Nc1nc(C)c(-c2cc3c(c(S(=O)(=O)NC4CC4)c2)C(=O)N([C@@H](C)C2CC2)C3)s1,9.0,0.0,1
CHEMBL3267,CC(=O)Nc1nc(C)c(-c2cc3c(c(S(=O)(=O)NC4CCC4)c2)C(=O)N([C@@H](C)C2CC2)C3)s1,8.9,0.0,1
CHEMBL3267,CC(=O)Nc1nc(C)c(-c2cc3c(c(S(=O)(=O)NC4COC4)c2)C(=O)N([C@@H](C)C2CC2)C3)s1,9.2,0.0,1
CHEMBL3267,CC(=O)Nc1nc(C)c(-c2cc3c(c(S(=O)(=O)NCC(F)(F)F)c2)C(=O)N([C@@H](C)C2CC2)C3)s1,9.2,0.0,1
CHEMBL3267,CC(=O)Nc1nc(C)c(-c2cc3c(c(S(=O)(=O)NCC4(CCF)CC4)c2)C(=O)N([C@@H](C)C2CC2)C3)s1,9.4,0.0,1
CHEMBL3267,CC(=O)Nc1nc(C)c(-c2cc3c(c(S(=O)(=O)NCC4CC4)c2)C(=O)N([C@@H](C)C2CC2)C3)s1,9.0,0.0,1
CHEMBL3267,CC(=O)Nc1nc(C)c(-c2cc3c(c(S(=O)(=O)Nc4cc(C#N)cc(S(C)(=O)=O)c4)c2)C(=O)N([C@@H](C)C2CC2)C3)s1,8.9,0.0,1
CHEMBL3267,CC(=O)Nc1nc(C)c(-c2cc3c(c(S(=O)(=O)Nc4ccc(C#N)cc4)c2)C(=O)N([C@@H](C)C2CC2)C3)s1,9.0,0.0,1
CHEMBL3267,CC(=O)Nc1nc(C)c(-c2cc3c(c(S(=O)(=O)Nc4ccc(CN(C)C)cc4)c2)C(=O)N([C@@H](C)C2CC2)C3)s1,8.6,0.0,1
CHEMBL3267,CC(=O)Nc1nc(C)c(-c2cc3c(c(S(=O)(=O)Nc4ccc(S(C)(=O)=O)cc4)c2)C(=O)N([C@@H](C)C2CC2)C3)s1,9.0,0.0,1
CHEMBL3267,CC(=O)Nc1nc(C)c(-c2cc3c(c(S(=O)(=O)Nc4cccc(C#N)c4)c2)C(=O)N(C(C)C)C3)s1,9.0,0.0,1
CHEMBL3267,CC(=O)Nc1nc(C)c(-c2cc3c(c(S(=O)(=O)Nc4cccc(C#N)c4)c2)C(=O)N([C@@H](C)C2CC2)C3)s1,9.2,0.1414213562373109,2
CHEMBL3267,CC(=O)Nc1nc(C)c(-c2cc3c(c(S(=O)(=O)Nc4cccc(CN(C)C)c4)c2)C(=O)N([C@@H](C)C2CC2)C3)s1,8.7,0.0,1
CHEMBL3267,CC(=O)Nc1nc(C)c(-c2cc3c(c(S(=O)(=O)Nc4cccc(S(C)(=O)=O)c4)c2)C(=O)N([C@@H](C)C2CC2)C3)s1,8.9,0.0,1
CHEMBL3267,CC(=O)Nc1nc(C)c(-c2cc3c(c(S(=O)(=O)Nc4ccccc4)c2)C(=O)N([C@@H](C)C2CC2)C3)s1,9.0,0.0,1
CHEMBL3267,CC(=O)Nc1nc(C)c(-c2cc3c(c(S(C)(=O)=O)c2)C(=O)N(C(C)C)C3)s1,8.8,0.0,1
CHEMBL3267,CC(=O)Nc1nc(C)c(-c2cc3c(c(S(C)(=O)=O)c2)C(=O)N([C@@H](C)C2CC2)C3)s1,8.799999999999999,0.608276253029822,3
CHEMBL3267,CC(=O)Nc1nc(C)c(-c2cc3c(c(S(N)(=O)=O)c2)C(=O)N(C(C)C)C3)s1,8.9,0.0,1
CHEMBL3267,CC(=O)Nc1nc(C)c(-c2cc3c(c(S(N)(=O)=O)c2)C(=O)N([C@@H](C)C2CC2)C3)s1,9.05,0.21213203435596414,2
CHEMBL3267,CC(=O)Nc1nc(C)c(-c2ccc(S(C)(=O)=O)c(F)c2)s1,6.06,0.0,1
CHEMBL3267,CC(=O)Nc1nc(C)c(-c2cnc(-c3cccnc3)o2)s1,8.52,0.0,1
CHEMBL3267,CC(=O)Nc1nc(C)c(-c2cnc(C(C)(C)C)o2)s1,8.52,0.0,1
CHEMBL3267,CC(=O)Nc1nc(C)c(-c2cnc(C(C)(C)O)o2)s1,7.6,0.0,1
CHEMBL3267,CC(=O)Nc1nc(C)c(-c2cnc(C)o2)s1,6.74,0.0,1
CHEMBL3267,CC(=O)Nc1nc(C)c(-c2cnc(CC(F)(F)F)o2)s1,8.0,0.0,1
CHEMBL3267,CC(=O)Nc1nc(C)c(-c2cnc(CO)o2)s1,6.79,0.0,1
CHEMBL3267,CC(=O)Nc1nc(C)c(-c2cnc(Cc3cccc(C(=O)O)c3)o2)s1,6.65,0.0,1
CHEMBL3267,CC(=O)Nc1nc(C)c(-c2cnc(Cc3cccnc3)o2)s1,7.02,0.0,1
CHEMBL3267,CC(=O)Nc1nc(C)c(-c2cnc(Cl)c(NS(=O)(=O)c3ccccc3)c2)s1,8.22,0.0,1
CHEMBL3267,CC(=O)Nc1nc(C)c(-c2cnc(N(C)C)o2)s1,7.34,0.0,1
CHEMBL3267,CC(=O)Nc1nc(C)c(-c2cnc(N3CCCC(O)C3)o2)s1,7.85,0.0,1
CHEMBL3267,CC(=O)Nc1nc(C)c(-c2cnc(N3CCOCC3)o2)s1,7.62,0.0,1
CHEMBL3267,CC(=O)Nc1nc(C)c(-c2cnc(Nc3ccc(Cl)cc3)o2)s1,6.46,0.0,1
CHEMBL3267,CC(=O)Nc1nc(C)c(-c2cnc(Nc3ccc(Cl)nc3)o2)s1,7.62,0.0,1
CHEMBL3267,CC(=O)Nc1nc(C)c(-c2cnc(Nc3cccc(C(=O)O)c3)o2)s1,7.92,0.0,1
CHEMBL3267,CC(=O)Nc1nc(C)c(-c2cnc(Nc3cccnc3)o2)s1,7.92,0.0,1
CHEMBL3267,CC(=O)Nc1nc(C)c(-c2cnc(Oc3cccnc3)o2)s1,6.93,0.0,1
CHEMBL3267,CC(=O)Nc1nc(C)c(-c2cnc(S(C)(=O)=O)o2)s1,7.92,0.0,1
CHEMBL3267,CC(=O)Nc1nc(C)c(-c2cnc(Sc3cccnc3)o2)s1,7.8,0.0,1
CHEMBL3267,CC(=O)Nc1nc(C)c(-c2csc(C(C)C)n2)s1,5.92,0.0,1
CHEMBL3267,CC(=O)Nc1nc(C)c(-c2csc(N)n2)s1,6.24,0.0,1
CHEMBL3267,CC(=O)Nc1nc(C)c(-c2csc(N3CCCCC3)n2)s1,6.2,0.0,1
CHEMBL3267,CC(=O)Nc1nc(C)c(-c2csc(N3CCOCC3)n2)s1,6.07,0.0,1
CHEMBL3267,CC(=O)Nc1nc(C)c(-c2csc(NC(C)(C)C)n2)s1,6.5,0.0,1
CHEMBL3267,CC(=O)Nc1nc(C)c(-c2csc(NCC(O)c3ccccc3)n2)s1,7.16,0.0,1
CHEMBL3267,CC(=O)Nc1nc(C)c(-c2csc(NCCC(N)=O)n2)s1,7.19,0.0,1
CHEMBL3267,CC(=O)Nc1nc(C)c(-c2csc(NCCN3CCOCC3)n2)s1,6.06,0.0,1
CHEMBL3267,CC(=O)Nc1nc(C)c(-c2csc(NCCc3n[nH]c(=O)o3)n2)s1,6.42,0.0,1
CHEMBL3267,CC(=O)Nc1nc(C)c(-c2csc(Nc3cccc(-c4nnn[nH]4)c3)n2)s1,8.05,0.0,1
CHEMBL3267,CC(=O)Nc1nc(C)c(-c2csc(Nc3cccc(C(=O)O)c3)n2)s1,8.15,0.21213203435596475,2
CHEMBL3267,CC(=O)Nc1nc(C)c(-c2csc(Nc3cccc(CCC(=O)O)c3)n2)s1,7.19,0.0,1
CHEMBL3267,CC(=O)Nc1nc(C)c(-c2csc(Nc3cccnc3)n2)s1,7.03,0.0,1
CHEMBL3267,CC(=O)Nc1nc(C)c(-c2csc(Nc3cccnc3F)n2)s1,7.42,0.0,1
CHEMBL3267,CC(=O)Nc1nc(C)c(-c2nc(C(C)(C)C)no2)s1,7.85,0.0,1
CHEMBL3267,CC(=O)Nc1nc(C)c(-c2nc(C(C)(C)CCO)no2)s1,7.21,0.0,1
CHEMBL3267,CC(=O)Nc1nc(C)c(-c2nc(C(C)(C)CO)no2)s1,7.28,0.0,1
CHEMBL3267,CC(=O)Nc1nc(C)c(-c2nc(C3CCOC3)no2)s1,7.24,0.0,1
CHEMBL3267,CC(=O)Nc1nc(C)c(-c2nc(CC(C)(C)C(C)O)no2)s1,7.77,0.0,1
CHEMBL3267,CC(=O)Nc1nc(C)c(-c2nc(CC(C)(C)CO)no2)s1,8.14,0.0,1
CHEMBL3267,CC(=O)Nc1nc(C)c(-c2nc(CC(C)(C)O)no2)s1,7.17,0.0,1
CHEMBL3267,CC(=O)Nc1nc(C)c(-c2nc(CC(F)(F)F)no2)s1,7.55,0.0,1
CHEMBL3267,CC(=O)Nc1nc(C)c(-c2nc(CCC(C)(C)O)no2)s1,6.69,0.0,1
CHEMBL3267,CC(=O)Nc1nc(C)c(-c2nc(CCCO)no2)s1,6.92,0.0,1
CHEMBL3267,CC(=O)Nc1nc(C)c(-c2nc(CCO)no2)s1,6.8,0.0,1
CHEMBL3267,CC(=O)Nc1nc(C)c(-c2nc(N3CCCC(O)C3)no2)s1,7.54,0.0,1
CHEMBL3267,CC(=O)Nc1nc(C)c(-c2nc(N3CCOCC3)no2)s1,7.0,0.0,1
CHEMBL3267,CC(=O)Nc1nc2c(C)cc(-c3cncc(S(C)(=O)=O)c3)cn2n1,7.0,0.0,1
CHEMBL3267,CC(=O)Nc1nc2c(F)cc(-c3cncc(S(C)(=O)=O)c3)cn2n1,6.9,0.0,1
CHEMBL3267,CC(=O)Nc1nc2ccc(-c3cc(C)c(O)c(C)c3)cn2n1,5.7,0.0,1
CHEMBL3267,CC(=O)Nc1nc2ccc(-c3cccc(NS(C)(=O)=O)c3)cn2n1,6.5,0.0,1
CHEMBL3267,CC(=O)Nc1nc2ccc(-c3cccc(S(=O)(=O)NCc4ccccc4)c3)cn2n1,6.3,0.0,1
CHEMBL3267,CC(=O)Nc1nc2ccc(-c3cccc(S(C)(=O)=O)c3)cn2n1,6.3,0.0,1
CHEMBL3267,CC(=O)Nc1nc2ccc(-c3cccnc3)cn2n1,6.6,0.0,1
CHEMBL3267,CC(=O)Nc1nc2ccc(-c3ccncc3)cn2n1,5.8,0.0,1
CHEMBL3267,CC(=O)Nc1nc2ccc(-c3ccsc3)cn2n1,6.4,0.0,1
CHEMBL3267,CC(=O)Nc1nc2ccc(-c3cncc(CS(N)(=O)=O)c3)cn2n1,8.1,0.0,1
CHEMBL3267,CC(=O)Nc1nc2ccc(-c3cncc(S(=O)(=O)NCc4ccccc4)c3)cn2n1,7.4,0.0,1
CHEMBL3267,CC(=O)Nc1nc2ccc(-c3cncc(S(C)(=O)=O)c3)c(C)n2n1,6.0,0.0,1
CHEMBL3267,CC(=O)Nc1nc2ccc(-c3cncc(S(C)(=O)=O)c3)cn2n1,7.1,0.0,1
CHEMBL3267,CC(=O)Nc1nc2ccc(-c3cncc4ccccc34)cn2n1,5.5,0.0,1
CHEMBL3267,CC(=O)Nc1nc2ccc(-c3cncnc3)cn2n1,5.4,0.0,1
CHEMBL3267,CC(=O)Nc1nc2ccc(-c3cnn(C)c3)cn2n1,5.4,0.0,1
CHEMBL3267,CC(=O)Nc1nc2ccc(-c3nn(Cc4cc5ccccc5nc4N4CCN(C)CC4)c4ncnc(N)c34)cc2s1,6.73,0.0,1
CHEMBL3267,CC(=O)Nc1ncc(-c2cc(Cl)c3c(c2)CN([C@@H](C)C2CC2)C3=O)s1,8.9,0.0,1
CHEMBL3267,CC(=O)Nc1ncc(-c2cc3c(c(S(C)(=O)=O)c2)C(=O)N([C@@H](C)C2CC2)C3)s1,9.0,0.0,1
CHEMBL3267,CC(=O)Nc1ncc(-c2nc(N3CCOCC3)c3ncccc3n2)cn1,4.91,0.0,1
CHEMBL3267,CC(=O)Oc1c(Br)cc(Br)cc1C1OC(c2ccc3c(c2)OCCO3)=NN1C(C)=O,5.7,0.0,1
CHEMBL3267,CC(=O)Oc1c(Cl)cc(Cl)cc1C1OC(c2ccc3c(c2)OCCO3)=NN1C(C)=O,5.76,0.0,1
CHEMBL3267,CC(=O)Oc1ccc(Br)cc1C1OC(c2ccc3c(c2)OCCO3)=NN1C(C)=O,5.88,0.0,1
CHEMBL3267,CC(=O)Oc1ccc(Cl)cc1C1OC(c2ccc3c(c2)OCCO3)=NN1C(C)=O,6.01,0.0,1
CHEMBL3267,CC(=O)Oc1ccccc1C1OC(c2ccc3c(c2)OCCO3)=NN1C(C)=O,5.69,0.0,1
CHEMBL3267,CC(=O)c1c(C)n(-c2ccc(C)cc2)c2ccc(OCC(O)CNCc3ccc(Cl)cc3)cc12,5.4,0.0,1
CHEMBL3267,CC(=O)c1ccc(-c2ccc3ncnc(Nc4ccc(CC#N)cc4)c3c2)cc1,6.82,0.0,1
CHEMBL3267,CC(=O)c1ccc(-c2nn(C(C)C)c3ncnc(N)c23)cc1,6.07,0.0,1
CHEMBL3267,CC(=O)c1ccc2c(c1)N(c1nc3c(s1)C(=O)NC(C)(C)C3)CCO2,6.5,0.0,1
CHEMBL3267,CC(=O)c1cccc(-c2nn(C(C)C)c3ncnc(N)c23)c1,5.92,0.0,1
CHEMBL3267,CC(=O)c1cccc(C#Cc2c(N)ncnc2N[C@@H](C)c2nc3cccc(Cl)c3c(=O)n2-c2ccccc2)n1,6.26,0.0,1
CHEMBL3267,CC(C)(C)C(=O)NCCCn1c([C@@H](Nc2nc(N)nc(N)c2C#N)C2CC2)nc2cccc(Cl)c2c1=O,5.92,0.0,1
CHEMBL3267,CC(C)(C)NS(=O)(=O)c1cncc(-c2cc(F)c3nc(N)nn3c2)c1,7.585,0.021213203435595972,2
CHEMBL3267,CC(C)(C)NS(=O)(=O)c1cncc(-c2cc(F)n3nc(N)nc3c2)c1,7.8,0.0,1
CHEMBL3267,CC(C)(C)NS(=O)(=O)c1cncc(-c2ccc3nc(N)nn3c2)c1,7.6,0.0,1
CHEMBL3267,CC(C)(C)NS(=O)(=O)c1cncc(-c2ccn3nc(N)nc3c2)c1,7.755000000000001,0.2050609665440991,2
CHEMBL3267,CC(C)(C)NS(=O)(=O)c1cncc(-c2cn3nc(N)nc3cc2F)c1,4.6,0.0,1
CHEMBL3267,CC(C)(C)OC(=O)N1CCC(n2ncc3c(N4CCOCC4)nc(-c4ccc(N)cc4)nc32)CC1,6.3,0.0,1
CHEMBL3267,CC(C)(C)OC(=O)N1CCC(n2ncc3c(N4CCOCC4)nc(-c4ccc(NC(=O)NC5CC5)cc4)nc32)CC1,5.89,0.0,1
CHEMBL3267,CC(C)(C)OC(=O)N1CCC(n2ncc3c(N4CCOCC4)nc(-c4ccc(NC(=O)NCCF)cc4)nc32)CC1,5.6,0.0,1
CHEMBL3267,CC(C)(C)OC(=O)n1ccc2cc(-c3nn(C4CCCC4)c4ncnc(N)c34)ccc21,6.06,0.0,1
CHEMBL3267,CC(C)(C)S(=O)(=O)c1cncc(-c2ccc3nc(N)nn3c2)c1,6.8,0.0,1
CHEMBL3267,CC(C)(C)c1cc(NC(=O)Nc2cccc(-c3csc4c(=O)cc(N5CCOCC5)oc34)c2)no1,5.06,0.0,1
CHEMBL3267,CC(C)(C)c1ccc(-c2n[nH]c3ncnc(N)c23)cc1,4.82,0.0,1
CHEMBL3267,CC(C)(C)c1ccc(CCN2C(=O)COc3ccc(/C=C4\SC(=S)NC4=O)cc32)cc1,7.165,0.44547727214752547,2
CHEMBL3267,CC(C)(C)c1ccc(CN2C(=O)COc3ccc(/C=C4\SC(=S)NC4=O)cc32)cc1,8.305,0.44547727214752425,2
CHEMBL3267,CC(C)(C)c1ccc(S(=O)(=O)N2CCN(Cn3cc4c(=O)oc5ccccc5c4n3)CC2)cc1,5.88,0.0,1
CHEMBL3267,CC(C)(C)c1ccc(S(=O)(=O)n2cc3c(=O)oc4ccccc4c3n2)cc1,4.75,0.0,1
CHEMBL3267,CC(C)(C)c1nc2c(s1)CCc1nc(NC(=O)N3CCC[C@H]3C(N)=O)sc1-2,6.8,0.0,1
CHEMBL3267,CC(C)(C)c1nc2c(s1)CCc1nc(NC(=O)N3CC[C@@H]4C[C@@]43C(N)=O)sc1-2,5.1,0.0,1
CHEMBL3267,CC(C)(C)c1ncc2c(n1)-c1sc(NC(=O)N3CCC[C@@]3(C)C(N)=O)nc1CC2,7.15,0.0,1
CHEMBL3267,CC(C)(C)c1ncc2c(n1)-c1sc(NC(=O)N3CCC[C@H]3C(N)=O)nc1CC2,7.8,0.0,1
CHEMBL3267,CC(C)(C)c1ncc2c(n1)-c1sc(NC(=O)N3CC[C@@H]4C[C@@]43C(N)=O)nc1CC2,6.75,0.0,1
CHEMBL3267,CC(C)(C)n1nc(-c2ccc3ccccc3c2)c2c(N)ncnc21,4.0,0.0,1
CHEMBL3267,CC(C)(NS(=O)(=O)c1cncc(-c2ccn3nc(N)nc3c2)c1)C(F)(F)F,7.7,0.0,1
CHEMBL3267,CC(C)(O)C1CCN(Cc2ccc3nc(-c4c(F)ccc5[nH]ccc45)nc(N4CCOCC4)c3n2)CC1,5.8,0.0,1
CHEMBL3267,CC(C)(O)CNc1ncc(-c2ccnc(Nc3ccnc(Cl)c3)n2)c(CC2CC2)n1,5.57,0.0,1
CHEMBL3267,CC(C)(O)Cn1cc(-c2ccc3c(c2)N(c2nc4c(s2)C(=O)NC(C)(C)C4)CCO3)cn1,7.3,0.0,1
CHEMBL3267,CC(C)(O)c1cc2nc(-c3cnc(N)nc3)nc(N3CCOCC3)c2s1,7.8,0.0,1
CHEMBL3267,CC(C)(c1cc(-c2cnc(NC(=O)N3CCC[C@H]3C(N)=O)s2)ccn1)C(F)(F)F,6.08,0.0,1
CHEMBL3267,CC(C)(c1cc(-c2sc(NC(=O)N3CCC[C@H]3C(N)=O)nc2Cl)ccn1)C(F)(F)F,5.85,0.0,1
CHEMBL3267,CC(C)=CC(=O)CCC(=O)N1CCN(Cc2cc3nc(-c4cccc5[nH]ncc45)nc(N4CCOCC4)c3s2)CC1,6.62,0.0,1
CHEMBL3267,CC(C)C#Cc1cccc2cc([C@H](C)NC(=O)c3c(N)nn4cccnc34)n(-c3ccccc3)c(=O)c12,5.609999999999999,0.1272792206135787,2
CHEMBL3267,CC(C)C(=O)CN1c2nc(N3CCOC[C@H]3C)cc(=O)n2CC[C@H]1C(F)(F)F,5.6,0.0,1
CHEMBL3267,CC(C)CCn1nc(-c2ccc3ccccc3c2)c2c(N)ncnc21,4.8,0.0,1
CHEMBL3267,CC(C)N1CCN(C(=O)c2ccc(NC(=O)Nc3ccc(-c4nc(C5CCOCC5)nc(N5C6CCC5COC6)n4)cc3)cc2)CC1,5.9,0.0,1
CHEMBL3267,CC(C)N1CCN(Cc2cnc(-c3cc(-c4cccc5[nH]ccc45)cc4[nH]ncc34)o2)CC1,5.2,0.0,1
CHEMBL3267,CC(C)NC(=O)CCCC#Cc1cccc2nc(Cn3nc(-c4ccc(O)cc4)c4c(N)ncnc43)n(Cc3ccccc3Cl)c(=O)c12,7.66,0.0,1
CHEMBL3267,CC(C)NCC(O)CCn1c([C@H](C)Nc2nc(N)nc(N)c2C#N)nc2cccc(Cl)c2c1=O,5.79,0.0,1
CHEMBL3267,CC(C)NS(=O)(=O)c1cncc(-c2ccc3nc(N)nn3c2)c1,7.5,0.0,1
CHEMBL3267,CC(C)NS(=O)(=O)c1cncc(-c2ccn3nc(N)nc3c2)c1,7.6,0.0,1
CHEMBL3267,CC(C)Nc1ccc2cnn(-c3cncc(-c4ccc(C(=O)O)cc4)n3)c2c1,8.0,0.0,1
CHEMBL3267,CC(C)OC(=O)N1CCC(n2ncc3c(N4CCOCC4)nc(-c4ccc(NC(=O)NC5CC5)cc4)nc32)CC1,5.45,0.0,1
CHEMBL3267,CC(C)OC(=O)N1CCC(n2ncc3c(N4CCOCC4)nc(-c4ccc(NC(=O)NCCF)cc4)nc32)CC1,5.42,0.0,1
CHEMBL3267,CC(C)Oc1ccc(-c2ccc3nc(N)sc3c2)cn1,4.9,0.0,1
CHEMBL3267,CC(C)Oc1ccc(-c2nn([C@@H](C)c3oc4ccc(F)cc4c(=O)c3-c3cccc(F)c3)c3ncnc(N)c23)cc1F,5.85,0.0,1
CHEMBL3267,CC(C)Oc1cncc(-c2ccc3nc(N)sc3c2)c1,6.6,0.0,1
CHEMBL3267,CC(C)S(=O)(=O)c1cc(-c2ccn3nc(N)c(C(=O)NC4CC4)c3n2)cc2c1C(=O)N([C@@H](C)C1CC1)C2,8.38,0.0,1
CHEMBL3267,CC(C)[C@H](N1Cc2cc(-c3ccn4nc(N)c(C(=O)NC5CC5)c4n3)cc(NS(C)(=O)=O)c2C1=O)C(F)(F)F,8.07,0.0,1
CHEMBL3267,CC(C)c1cc(-c2ccn3nc(N)c(C(=O)NC4CC4)c3n2)cc2c1C(=O)N([C@@H](C)C1CC1)C2,8.34,0.0,1
CHEMBL3267,CC(C)c1cc(-c2cnc3[nH]cc(-c4cnn(C)c4)c3c2)cc2c1C(=O)N([C@@H](C)C1CC1)C2,8.38,0.0,1
CHEMBL3267,CC(C)c1cc(C(C)C)c(S(=O)(=O)N2CCN(Cn3cc4c(=O)oc5ccccc5c4n3)CC2)c(C(C)C)c1,6.96,0.0,1
CHEMBL3267,CC(C)c1cc(C(C)C)c(S(=O)(=O)n2cc3c(=O)oc4ccccc4c3n2)c(C(C)C)c1,6.55,0.0,1
CHEMBL3267,CC(C)c1ccccc1Nc1nccc(-c2ccc(Br)cc2)n1,6.5,0.0,1
CHEMBL3267,CC(C)c1nn2cccnc2c1C#N,3.4,0.0,1
CHEMBL3267,CC(C)n1c([C@H](C)NC(=O)c2c(N)nn3cccnc23)cc2cccc(C#Cc3cnn(C)c3)c2c1=O,5.609999999999999,0.1272792206135787,2
CHEMBL3267,CC(C)n1cc(-c2ccc3nc(N)sc3c2)cn1,5.4,0.0,1
CHEMBL3267,CC(C)n1cc(-c2cccc(O)c2)c2c(N)ncnc21,5.19,0.0,1
CHEMBL3267,CC(C)n1nc(-c2cc(C=O)co2)c2c(N)ncnc21,6.03,0.0,1
CHEMBL3267,CC(C)n1nc(-c2cc(F)c(C=O)c(F)c2)c2c(N)ncnc21,5.38,0.0,1
CHEMBL3267,CC(C)n1nc(-c2cc(F)c(O)cc2F)c2c(N)ncnc21,6.93,0.0,1
CHEMBL3267,CC(C)n1nc(-c2cc(F)c3cn[nH]c3c2)c2c(N)ncnc21,6.2,0.0,1
CHEMBL3267,CC(C)n1nc(-c2cc(O)cc(Br)c2)c2c(N)ncnc21,6.57,0.0,1
CHEMBL3267,CC(C)n1nc(-c2cc(O)cc(F)c2)c2c(N)ncnc21,6.47,0.0,1
CHEMBL3267,CC(C)n1nc(-c2cc3cc(C=O)ccc3s2)c2c(N)ncnc21,5.62,0.0,1
CHEMBL3267,CC(C)n1nc(-c2cc3cc(O)cc(F)c3[nH]2)c2c(N)ncnc21,7.0,0.0,1
CHEMBL3267,CC(C)n1nc(-c2cc3cc(O)ccc3[nH]2)c2c(N)ncnc21,5.89,0.0,1
CHEMBL3267,CC(C)n1nc(-c2cc3cccc(O)c3[nH]2)c2c(N)ncnc21,7.0,0.0,1
CHEMBL3267,CC(C)n1nc(-c2cc3ccccc3nc2Cl)c2c(N)ncnc21,4.0,0.0,1
CHEMBL3267,CC(C)n1nc(-c2ccc(Br)c(O)c2)c2c(N)ncnc21,7.0,0.0,1
CHEMBL3267,CC(C)n1nc(-c2ccc(C#N)c(F)c2)c2c(N)ncnc21,5.21,0.0,1
CHEMBL3267,CC(C)n1nc(-c2ccc(C#N)c(O)c2)c2c(N)ncnc21,7.55,0.0,1
CHEMBL3267,CC(C)n1nc(-c2ccc(C=O)c(F)c2)c2c(N)ncnc21,5.62,0.0,1
CHEMBL3267,CC(C)n1nc(-c2ccc(CC#N)cc2)c2c(N)ncnc21,5.0,0.0,1
CHEMBL3267,CC(C)n1nc(-c2ccc(Cl)c(O)c2)c2c(N)ncnc21,6.85,0.0,1
CHEMBL3267,CC(C)n1nc(-c2ccc(F)c(C#N)c2)c2c(N)ncnc21,5.46,0.0,1
CHEMBL3267,CC(C)n1nc(-c2ccc(F)c(O)c2)c2c(N)ncnc21,6.68,0.0,1
CHEMBL3267,CC(C)n1nc(-c2ccc(N)c(O)c2)c2c(N)ncnc21,5.84,0.0,1
CHEMBL3267,CC(C)n1nc(-c2ccc(NS(C)(=O)=O)cc2)c2c(N)ncnc21,5.14,0.0,1
CHEMBL3267,CC(C)n1nc(-c2ccc(O)c(F)c2)c2c(N)ncnc21,6.73,0.0,1
CHEMBL3267,CC(C)n1nc(-c2ccc(O)cc2)c2c(N)ncnc21,6.17,0.0,1
CHEMBL3267,CC(C)n1nc(-c2ccc(S(N)(=O)=O)cc2)c2c(N)ncnc21,5.4,0.0,1
CHEMBL3267,CC(C)n1nc(-c2ccc3[nH]c(=O)[nH]c3c2)c2c(N)ncnc21,4.66,0.0,1
CHEMBL3267,CC(C)n1nc(-c2ccc3[nH]c(=O)ccc3c2)c2c(N)ncnc21,4.0,0.0,1
CHEMBL3267,CC(C)n1nc(-c2ccc3[nH]ccc3c2)c2c(N)ncnc21,6.91,0.0,1
CHEMBL3267,CC(C)n1nc(-c2ccc3[nH]ncc3c2)c2c(N)ncnc21,6.95,0.0,1
CHEMBL3267,CC(C)n1nc(-c2ccc3c(C=O)c[nH]c3c2)c2c(N)ncnc21,6.85,0.0,1
CHEMBL3267,CC(C)n1nc(-c2ccc3c(N)n[nH]c3c2)c2c(N)ncnc21,7.0,0.0,1
CHEMBL3267,CC(C)n1nc(-c2ccc3c(c2)CCO3)c2c(N)ncnc21,6.37,0.0,1
CHEMBL3267,CC(C)n1nc(-c2ccc3c(c2)OCCO3)c2c(N)ncnc21,5.96,0.0,1
CHEMBL3267,CC(C)n1nc(-c2ccc3c(ccn3C(=O)OC(C)(C)C)c2)c2c(N)ncnc21,6.1,0.0,1
CHEMBL3267,CC(C)n1nc(-c2ccc3c(ccn3C)c2)c2c(N)ncnc21,6.2,0.0,1
CHEMBL3267,CC(C)n1nc(-c2ccc3cc(O)ccc3c2)c2c(N)ncnc21,6.23,0.0,1
CHEMBL3267,CC(C)n1nc(-c2ccc3cc[nH]c3c2)c2c(N)ncnc21,5.7,0.0,1
CHEMBL3267,CC(C)n1nc(-c2ccc3ccccc3c2)c2c(N)ncnc21,5.35,0.0,1
CHEMBL3267,CC(C)n1nc(-c2ccc3ccncc3c2)c2c(N)ncnc21,6.78,0.0,1
CHEMBL3267,CC(C)n1nc(-c2ccc3cn[nH]c3c2)c2c(N)ncnc21,6.48,0.0,1
CHEMBL3267,CC(C)n1nc(-c2ccc3cnccc3c2)c2c(N)ncnc21,4.0,0.0,1
CHEMBL3267,CC(C)n1nc(-c2ccc3nc(Cl)ccc3c2)c2c(N)ncnc21,6.74,0.0,1
CHEMBL3267,CC(C)n1nc(-c2ccc3nc(N)ccc3c2)c2c(N)ncnc21,6.62,0.0,1
CHEMBL3267,CC(C)n1nc(-c2ccc3nc(NN)ccc3c2)c2c(N)ncnc21,6.23,0.0,1
CHEMBL3267,CC(C)n1nc(-c2ccc3nc[nH]c(=O)c3c2)c2c(N)ncnc21,7.05,0.0,1
CHEMBL3267,CC(C)n1nc(-c2ccc3nccc(N)c3c2)c2c(N)ncnc21,5.16,0.0,1
CHEMBL3267,CC(C)n1nc(-c2ccc3nccc(NC(=O)OC(C)(C)C)c3c2)c2c(N)ncnc21,5.14,0.0,1
CHEMBL3267,CC(C)n1nc(-c2ccc3ncccc3c2)c2c(N)ncnc21,7.37,0.0,1
CHEMBL3267,CC(C)n1nc(-c2ccc3nccnc3c2)c2c(N)ncnc21,7.02,0.0,1
CHEMBL3267,CC(C)n1nc(-c2ccc3nonc3c2)c2c(N)ncnc21,5.23,0.0,1
CHEMBL3267,CC(C)n1nc(-c2ccc3oc(N)nc3c2)c2cncnc21,6.64,0.0,1
CHEMBL3267,CC(C)n1nc(-c2ccc3occc(=O)c3c2)c2c(N)ncnc21,5.52,0.0,1
CHEMBL3267,CC(C)n1nc(-c2ccc3occc3c2)c2c(N)ncnc21,6.46,0.0,1
CHEMBL3267,CC(C)n1nc(-c2cccc(C#N)c2)c2c(N)ncnc21,5.62,0.0,1
CHEMBL3267,CC(C)n1nc(-c2cccc(C(=O)NC3=NCCS3)c2)c2c(N)ncnc21,6.0,0.0,1
CHEMBL3267,CC(C)n1nc(-c2cccc(CC#N)c2)c2c(N)ncnc21,5.89,0.0,1
CHEMBL3267,CC(C)n1nc(-c2cccc(CO)c2)c2c(N)ncnc21,6.05,0.0,1
CHEMBL3267,CC(C)n1nc(-c2cccc(NS(C)(=O)=O)c2)c2c(N)ncnc21,6.17,0.0,1
CHEMBL3267,CC(C)n1nc(-c2cccc(O)c2)c2c(N)ncnc21,5.82,0.0,1
CHEMBL3267,CC(C)n1nc(-c2cccc(O)c2F)c2c(N)ncnc21,5.83,0.0,1
CHEMBL3267,CC(C)n1nc(-c2cccc(S(N)(=O)=O)c2)c2c(N)ncnc21,6.05,0.0,1
CHEMBL3267,CC(C)n1nc(-c2cccc3[nH]ccc23)c2c(N)ncnc21,5.99,0.0,1
CHEMBL3267,CC(C)n1nc(-c2cccnc2)c2c(N)ncnc21,5.64,0.0,1
CHEMBL3267,CC(C)n1nc(-c2ccn3ccnc3c2)c2c(N)ncnc21,4.0,0.0,1
CHEMBL3267,CC(C)n1nc(-c2cnc3[nH]ccc3c2)c2c(N)ncnc21,5.89,0.0,1
CHEMBL3267,CC(C)n1nc(-c2cnc3ccccc3c2)c2c(N)ncnc21,5.57,0.0,1
CHEMBL3267,CC(C)n1nc(-c2cnc3nccnc3c2)c2c(N)ncnc21,4.0,0.0,1
CHEMBL3267,CC(C)n1nc(-c2cncnc2)c2c(N)ncnc21,4.0,0.0,1
CHEMBL3267,CC(C)n1nc(C#Cc2cccc(O)c2)c2c(N)ncnc21,7.16,0.0,1
CHEMBL3267,CC(C)n1nc(C#Cc2cccnc2)c2c(N)ncnc21,6.95,0.0,1
CHEMBL3267,CC(C)n1nnc2c(N3CCOCC3)nc(-c3ccc(NC(=O)Nc4ccc(C(N)=O)cc4)cc3)nc21,7.76,0.0,1
CHEMBL3267,CC(C)n1nnc2c(N3CCOCC3)nc(-c3ccc(NC(=O)Nc4ccc(CO)cc4)cc3)nc21,7.61,0.0,1
CHEMBL3267,CC(C)n1nnc2c(N3CCOCC3)nc(-c3ccc(NC(=O)Nc4ccc(N(C)C)cc4)cc3)nc21,7.16,0.0,1
CHEMBL3267,CC(C)n1nnc2c(N3CCOCC3)nc(-c3ccc(NC(=O)Nc4ccc(N5CCOCC5)cc4)cc3)nc21,7.11,0.0,1
CHEMBL3267,CC(C)n1nnc2c(N3CCOCC3)nc(-c3ccc(NC(=O)Nc4cccnc4)cc3)nc21,7.31,0.0,1
CHEMBL3267,CC(C)n1nnc2c(N3CCOCC3)nc(-c3ccc(NC(=O)Nc4ccncc4)cc3)nc21,7.67,0.0,1
CHEMBL3267,CC(CCO)n1c([C@H](C)Nc2ncnc(N)c2C#N)nc2cccc(Cl)c2c1=O,5.54,0.0,1
CHEMBL3267,CC(NC(=O)c1c(N)nn2cccnc12)c1cc2cccc(C#CC3(O)CN4CCC3CC4)c2c(=O)n1-c1ccccc1,5.52,0.0,1
CHEMBL3267,CC(NC(=O)c1c(N)nn2cccnc12)c1cc2cccc(C#CC3CC3)c2c(=O)n1C1CC1,5.52,0.0,1
CHEMBL3267,CC(NC(=O)c1c(N)nn2cccnc12)c1cc2cccc(C#CC3CCNCC3)c2c(=O)n1-c1ccccc1,5.52,0.0,1
CHEMBL3267,CC(NC(=O)c1c(N)nn2cccnc12)c1cc2cccc(C#CC=O)c2c(=O)n1-c1ccccc1,5.52,0.0,1
CHEMBL3267,CC(NC(=O)c1c(N)nn2cccnc12)c1cc2cccc(C#Cc3cc[nH]c(=O)c3)c2c(=O)n1-c1ccccc1,5.52,0.0,1
CHEMBL3267,CC(NC(=O)c1c(N)nn2cccnc12)c1cc2cccc(C#Cc3ccn[nH]3)c2c(=O)n1-c1ccccc1,5.52,0.0,1
CHEMBL3267,CC(NC(=O)c1c(N)nn2cccnc12)c1cc2cccc(C#Cc3cn[nH]c3)c2c(=O)n1-c1ccccc1,5.52,0.0,1
CHEMBL3267,CC(NC(=O)c1c(N)nn2cccnc12)c1cc2cccc(C#Cc3cncn3C)c2c(=O)n1C1CC1,5.52,0.0,1
CHEMBL3267,CC(NC(=O)c1c(N)nn2cccnc12)c1cc2cccc(C#Cc3cnn(C)c3)c2c(=O)n1-c1ccccc1,5.52,0.0,1
CHEMBL3267,CC(NC(=O)c1c(N)nn2cccnc12)c1cc2cccc(C#Cc3cnn(C)c3)c2c(=O)n1C1CC1,5.52,0.0,1
CHEMBL3267,CC(NC(=O)c1c(N)nn2cccnc12)c1cc2cccc(C#Cc3cnn(C)c3)c2nc1-c1ccccc1,5.52,0.0,1
CHEMBL3267,CC(NC(=O)c1c(N)nn2cccnc12)c1nc2cccc(C#CC(C)(C)C)c2c(=O)n1-c1ccccc1,5.52,0.0,1
CHEMBL3267,CC(NC(=O)c1c(N)nn2cccnc12)c1nc2cccc(C#Cc3cnn(C)c3)c2c(=O)n1-c1ccccc1,5.52,0.0,1
CHEMBL3267,CC(NC(=O)c1c(N)nn2cccnc12)c1oc2cccc(C#Cc3cnn(C)c3)c2c(=O)c1-c1ccccc1,5.52,0.0,1
CHEMBL3267,CC(NC(=O)c1cncc2cccnc12)c1cc2cccc(C#Cc3cnn(C)c3)c2c(=O)n1-c1ccccc1,5.52,0.0,1
CHEMBL3267,CC(NC(=O)c1cnn2cccnc12)c1cc2cccc(C#Cc3cnn(C)c3)c2c(=O)n1-c1ccccc1,5.52,0.0,1
CHEMBL3267,CC(NC(=O)c1nccnc1N)c1cc2cccc(C#Cc3cnn(C)c3)c2c(=O)n1-c1ccccc1,5.52,0.0,1
CHEMBL3267,CC(Nc1cc(Cl)cc(Cl)c1)c1cc(C(=O)N(C)C)cc2c(=O)cc(N3CCOCC3)oc12,6.2,0.0,1
CHEMBL3267,CC(Nc1cc(F)cc(F)c1)c1cc(C(=O)N(C)CCO)cc2c(=O)cc(N3CCOCC3)oc12,6.28,0.0,1
CHEMBL3267,CC(Nc1cc(F)cc(F)c1)c1cc(C(=O)N2CCC(O)CC2)cc2c(=O)cc(N3CCOCC3)oc12,6.08,0.0,1
CHEMBL3267,CC(Nc1cc(F)cc(F)c1)c1cc(C(=O)N2CCCC2)cc2c(=O)cc(N3CCOCC3)oc12,6.16,0.0,1
CHEMBL3267,CC(Nc1cc(F)cc(F)c1)c1cc(C(=O)N2CCCCC2)cc2c(=O)cc(N3CCOCC3)oc12,6.0,0.0,1
CHEMBL3267,CC(Nc1cc(F)cc(F)c1)c1cc(C(=O)N2CCOCC2)cc2c(=O)cc(N3CCOCC3)oc12,5.62,0.0,1
CHEMBL3267,CC(Nc1cc(F)ccc1F)c1cc(C(=O)N(C)C)cc2c(=O)cc(N3CCOCC3)oc12,5.22,0.0,1
CHEMBL3267,CC(Nc1ccc(F)c(Cl)c1)c1cc(C(=O)N(C)C)cc2c(=O)cc(N3CCOCC3)oc12,5.75,0.0,1
CHEMBL3267,CC(Nc1ccc(F)c(F)c1)c1cc(C(=O)N(C)C)cn2c(=O)cc(N3CCOCC3)nc12,5.52,0.0,1
CHEMBL3267,CC(Nc1ccc(F)cc1)c1cc(C(=O)N(C)C)cc2c(=O)cc(N3CCOCC3)oc12,4.89,0.0,1
CHEMBL3267,CC(Nc1ccc(F)cc1)c1cc(C(=O)N(C)C)cn2c(=O)cc(N3CCOCC3)nc12,4.87,0.0,1
CHEMBL3267,CC(Nc1cccc(Cl)c1)c1cc(C(=O)N(C)C)cc2c(=O)cc(N3CCOCC3)oc12,6.16,0.0,1
CHEMBL3267,CC(Nc1cccc(Cl)c1F)c1cc(C(=O)NCCN(C)C)cn2c(=O)cc(N3CCOCC3)nc12,6.17,0.0,1
CHEMBL3267,CC(Nc1cccc(F)c1)c1cc(C(=O)N(C)C)cc2c(=O)cc(N3CCOCC3)oc12,5.58,0.0,1
CHEMBL3267,CC(Nc1cccc(F)c1F)c1cc(C(=O)N(C)C)cc2c(=O)cc(N3CCOCC3)oc12,5.38,0.0,1
CHEMBL3267,CC(Nc1ccccc1)c1cc(C(=O)N(C)C)cn2c(=O)cc(N3CCOCC3)nc12,5.22,0.0,1
CHEMBL3267,CC(Nc1ccccc1)c1cc(C(=O)NCCN(C)C)cn2c(=O)cc(N3CCOCC3)nc12,5.16,0.0,1
CHEMBL3267,CC(Nc1nc(N)nc(N)c1C#N)c1c(-c2ccccc2)[nH]c2c(Cl)cccc2c1=O,8.24,0.0,1
CHEMBL3267,CC(Nc1ncnc(N)c1-c1nn[nH]n1)c1cc2ncc(Cl)n2nc1-c1ccccc1,6.37,0.0,1
CHEMBL3267,CC(Nc1ncnc(N)c1C#N)c1cc2ncc(Cl)n2nc1-c1ccccc1,7.005000000000001,0.3181980515339462,2
CHEMBL3267,CC(Nc1ncnc(N)c1C#N)c1nc2ccc(F)cc2c(C#N)c1-c1ccccn1,5.85,0.0,1
CHEMBL3267,CC(Nc1ncnc(N)c1C#N)c1nc2ccc(F)cc2c(Cl)c1-c1ccccn1,6.6,0.0,1
CHEMBL3267,CC(Nc1ncnc(N)c1C#N)c1nc2ccc(F)cc2c(N(C)C)c1-c1ccccn1,6.54,0.0,1
CHEMBL3267,CC(Nc1ncnc(N)c1C#N)c1nc2ccc(F)cc2c(NCCO)c1-c1ccccc1,6.92,0.0,1
CHEMBL3267,CC(Nc1ncnc(N)c1C#N)c1nc2ccc(F)cc2c(O)c1-c1ccccc1,6.68,0.0,1
CHEMBL3267,CC(Nc1ncnc(N)c1C#N)c1nc2ccc(F)cc2cc1-c1ccccn1,5.96,0.0,1
CHEMBL3267,CC(O)c1cccc(C#Cc2c(N)ncnc2N[C@@H](C)c2nc3cccc(Cl)c3c(=O)n2-c2ccccc2)n1,6.26,0.0,1
CHEMBL3267,CC(c1cc(C(=O)N2CCCC2)cc2c(=O)cc(N3CCOCC3)oc12)N(C)c1cc(F)cc(F)c1,5.46,0.0,1
CHEMBL3267,CC(c1ccccc1)n1cnc(=O)c2sc(N3CCOCC3)nc21,5.3,0.0,1
CHEMBL3267,CC1(C)CC(=O)c2sc(-c3ccncc3)nc2C1,4.45,0.0,1
CHEMBL3267,CC1(C)CC(=O)c2sc(N3CCOCC3)nc2C1,5.62,0.2262741699796954,2
CHEMBL3267,CC1(C)CC(=O)c2sc(N3CCOCC3Cc3c[nH]c4ncccc34)nc2C1,7.2,0.0,1
CHEMBL3267,CC1(C)CC(=O)c2sc(N3CCOCC3Cc3ccc4ccccc4c3)nc2C1,5.78,0.0,1
CHEMBL3267,CC1(C)CC(=O)c2sc(N3CCOCC3Cc3cccc4ccccc34)nc2C1,6.41,0.0,1
CHEMBL3267,CC1(C)CC(=O)c2sc(N3CCOC[C@@H]3Cc3c[nH]c4ccccc34)nc2C1,7.31,0.0,1
CHEMBL3267,CC1(C)CC(=O)c2sc(N3CCOC[C@@H]3Cc3ccccc3)nc2C1,5.68,0.0,1
CHEMBL3267,CC1(C)CC(=O)c2sc(N3CCOC[C@@H]3Cc3csc4ccccc34)nc2C1,6.65,0.0,1
CHEMBL3267,CC1(C)CC(=O)c2sc(N3CCOC[C@H]3Cc3c[nH]c4ccccc34)nc2C1,5.46,0.0,1
CHEMBL3267,CC1(C)CC(=O)c2sc(N3CCOc4cc(Br)ccc43)nc2C1,5.5,0.0,1
CHEMBL3267,CC1(C)CC(=O)c2sc(N3CCOc4ccc(-c5ccccc5)cc43)nc2C1,6.07,0.0,1
CHEMBL3267,CC1(C)CC(=O)c2sc(N3CCOc4ccc(-c5ccccn5)cc43)nc2C1,6.59,0.0,1
CHEMBL3267,CC1(C)CC(=O)c2sc(N3CCOc4ccc(-c5cccnc5)cc43)nc2C1,6.95,0.0,1
CHEMBL3267,CC1(C)CC(=O)c2sc(N3CCOc4ccc(-c5ccncc5)cc43)nc2C1,6.8,0.0,1
CHEMBL3267,CC1(C)CC(=O)c2sc(N3CCOc4ccc(-c5cn[nH]c5)cc43)nc2C1,7.11,0.0,1
CHEMBL3267,CC1(C)CC(=O)c2sc(N3CCOc4ccc(Br)cc43)nc2C1,6.08,0.0,1
CHEMBL3267,CC1(C)CC(=O)c2sc(N3CCOc4ccccc43)nc2C1,6.08,0.0,1
CHEMBL3267,CC1(C)CC(=O)c2sc(N3CCOc4ncccc43)nc2C1,5.18,0.0,1
CHEMBL3267,CC1(C)CCCC2(C)c3c(oc4c(B(O)O)c(O)c(O)cc34)CCC12,4.07,0.0,1
CHEMBL3267,CC1(C)CCN1S(=O)(=O)c1cncc(-c2ccn3nc(N)nc3c2)c1,7.6,0.0,1
CHEMBL3267,CC1(C)CN(c2cc(=O)n3ccn(Cc4cccc(Cl)c4Cl)c3n2)CCO1,5.8,0.0,1
CHEMBL3267,CC1(C)CNC(=O)c2sc(N3CCOC[C@@H]3Cc3c[nH]c4ccccc34)nc2C1,7.51,0.0,1
CHEMBL3267,CC1(C)Cc2nc(N3CCOCC3)sc2C(=O)N1,5.28,0.0,1
CHEMBL3267,CC1(C)Cc2nc(N3CCOc4c(F)cccc43)sc2C(=O)N1,4.77,0.0,1
CHEMBL3267,CC1(C)Cc2nc(N3CCOc4cc(F)ccc43)sc2C(=O)N1,6.45,0.0,1
CHEMBL3267,CC1(C)Cc2nc(N3CCOc4ccc(-c5ccc(N)nn5)cc43)sc2C(=O)N1,6.76,0.0,1
CHEMBL3267,CC1(C)Cc2nc(N3CCOc4ccc(-c5ccc(N6CCNCC6)nn5)cc43)sc2C(=O)N1,6.12,0.0,1
CHEMBL3267,CC1(C)Cc2nc(N3CCOc4ccc(-c5ccccc5)cc43)sc2C(=O)N1,7.1,0.0,1
CHEMBL3267,CC1(C)Cc2nc(N3CCOc4ccc(-c5ccn[nH]5)cc43)sc2C(=O)N1,6.84,0.0,1
CHEMBL3267,CC1(C)Cc2nc(N3CCOc4ccc(-c5cn[nH]c5)cc43)sc2C(=O)N1,7.66,0.0,1
CHEMBL3267,CC1(C)Cc2nc(N3CCOc4ccc(-c5cnc[nH]5)cc43)sc2C(=O)N1,6.79,0.0,1
CHEMBL3267,CC1(C)Cc2nc(N3CCOc4ccc(-c5cnn(CCN)c5)cc43)sc2C(=O)N1,6.88,0.0,1
CHEMBL3267,CC1(C)Cc2nc(N3CCOc4ccc(-c5cnn(Cc6ccccc6)c5)cc43)sc2C(=O)N1,7.32,0.0,1
CHEMBL3267,CC1(C)Cc2nc(N3CCOc4ccc(-c5cnn(Cc6cccnc6)c5)cc43)sc2C(=O)N1,7.46,0.0,1
CHEMBL3267,CC1(C)Cc2nc(N3CCOc4ccc(-c5ncccn5)cc43)sc2C(=O)N1,6.72,0.0,1
CHEMBL3267,CC1(C)Cc2nc(N3CCOc4ccc(Br)cc43)sc2C(=O)N1,6.49,0.0,1
CHEMBL3267,CC1(C)Cc2nc(N3CCOc4ccc(C5CC5)cc43)sc2C(=O)N1,6.68,0.0,1
CHEMBL3267,CC1(C)Cc2nc(N3CCOc4ccc(Nc5ccc(-c6ccccc6)nn5)cc43)sc2C(=O)N1,7.47,0.0,1
CHEMBL3267,CC1(C)Cc2nc(N3CCOc4ccc(Nc5ccc(N6CCNCC6)nn5)cc43)sc2C(=O)N1,7.47,0.0,1
CHEMBL3267,CC1(C)Cc2nc(N3CCOc4ccccc43)sc2C(=O)N1,6.02,0.0,1
CHEMBL3267,CC1(C)OCCN(c2cc(-c3cc(-c4ccnn4CC(F)(F)F)c4c(N)ncnn34)ccc2C#N)C1=O,8.33,0.0,1
CHEMBL3267,CC1(C)OCCN(c2cc(-c3cc(C(F)(F)F)c4c(N)ncnn34)ccc2C#N)C1=O,7.21,0.0,1
CHEMBL3267,CC1(C)OCCN(c2cc(-c3cc(Cl)c4c(N)ncnn34)ccc2C#N)C1=O,7.7,0.0,1
CHEMBL3267,CC1(C)OCCN(c2cccc(-c3cc(-c4ccnn4CC(F)(F)F)c4c(N)ncnn34)c2)C1=O,7.0,0.0,1
CHEMBL3267,CC1(C)OCCN(c2cccc(-c3cc(C(F)(F)F)c4c(N)ncnn34)c2)C1=O,6.66,0.0,1
CHEMBL3267,CC1(C)OCCN(c2cccc(-c3cc(Cl)c4c(N)ncnn34)c2)C1=O,6.89,0.0,1
CHEMBL3267,CC1(C)OCCn2c1nc1c(N3CCOCC3)nc(-c3cnc(N)nc3)nc12,8.0,0.0,1
CHEMBL3267,CC1CC(=O)c2sc(N3CCOCC3)nc2C1,4.78,0.0,1
CHEMBL3267,CC1CCC(n2nc(-c3ccc(F)c(O)c3)c3c(N)ncnc32)C1,6.55,0.0,1
CHEMBL3267,CC1CCN(c2cnnc3ccc(-c4cnc(Cl)c(NS(=O)(=O)c5ccccc5)c4)cc23)CC1,8.44,0.0,1
CHEMBL3267,CC1CN(C(=O)Cc2nc(N3CCOCC3)sc2C(N)=O)c2ccccc21,5.38,0.0,1
CHEMBL3267,CC1CN(c2cc(=O)n3ccn(Cc4cccc(Cl)c4Cl)c3n2)CCO1,6.45,0.0707106781186545,2
CHEMBL3267,CC1Cc2c(Br)cccc2N1C(=O)Cc1nc(N2CCOCC2)sc1C(=O)O,5.18,0.25455844122715765,2
CHEMBL3267,CC1Cc2c(Br)cccc2N1C(=O)Cc1nc(N2CCOCC2)sc1C(N)=O,5.49,0.0,1
CHEMBL3267,CCC(=O)N1CCN(c2ccc(-n3c(=O)ccc4cnc5ccc(-c6cnc7ccccc7c6)cc5c43)cc2C(F)(F)F)CC1,6.77,0.0,1
CHEMBL3267,CCC(=O)N1CC[C@@H](Oc2cnc3ccc(-c4ccc(OC)c(OC)c4)cc3n2)C1,6.44,0.0,1
CHEMBL3267,CCC(=O)N1CC[C@H](Nc2ncnc3c2CN(c2cnc(OC)c(C(F)(F)F)c2)CC3)C1,5.845000000000001,0.275771644662753,2
CHEMBL3267,CCC(=O)N1CC[C@H](Nc2ncnc3sc(-c4cnc(OC)c(OC)c4)cc23)C1,5.57,0.0,1
CHEMBL3267,CCC(=O)N1CC[C@H](Oc2ccnc3ccc(-c4ccc(OC)nc4)cc23)C1,6.08,0.0,1
CHEMBL3267,CCC(=O)N1CC[C@H](Oc2ccnc3ccc(-c4ccc(OC)nc4)nc23)C1,5.53,0.0,1
CHEMBL3267,CCC(=O)N1CC[C@H](Oc2cnc3ccc(-c4ccc(OC)c(OC)c4)cc3n2)C1,5.42,0.0,1
CHEMBL3267,CCC(=O)N1CC[C@H](Oc2ncnc3ccc(-c4ccc(OC)nc4)cc23)C1,6.16,0.0,1
CHEMBL3267,CCC(=O)N1CC[C@H](Oc2ncnc3ccc(-c4cnc(OC)c(C#N)c4)cc23)C1,6.01,0.0,1
CHEMBL3267,CCC(=O)NCc1cccc(Nc2cc3nc(-c4cnc(OC)c(OC)c4)ccn3n2)n1,8.79,0.0,1
CHEMBL3267,CCC(=O)Nc1nc(C)c(-c2cnc(Cl)c(NS(=O)(=O)c3ccccc3)c2)s1,7.77,0.0,1
CHEMBL3267,CCC(C)[C@H](N)C(=O)Nc1nc(C)c(-c2cnc(Cl)c(NS(=O)(=O)c3ccccc3)c2)s1,6.05,0.0,1
CHEMBL3267,CCC(C)n1nc(-c2ccc(C)c(O)c2)c2c(N)ncnc21,6.11,0.0,1
CHEMBL3267,CCC(Nc1ncnc(N)c1C#N)c1cc2ncc(Cl)n2nc1-c1ccccc1F,5.71,0.0,1
CHEMBL3267,CCC(Nc1ncnc2[nH]cnc12)c1cc2ncc(Cl)n2nc1-c1ccccc1,6.21,0.0,1
CHEMBL3267,CCC(Nc1ncnc2[nH]cnc12)c1cc2ncc(Cl)n2nc1-c1ccccc1F,5.59,0.0,1
CHEMBL3267,CCC(Nc1ncnc2[nH]cnc12)c1nc2cccc(F)c2c(=O)n1-c1ccccc1,8.6,0.0,1
CHEMBL3267,CCCC1CC(=O)c2sc(N3CCOCC3)nc2C1,4.7,0.0,1
CHEMBL3267,CCCCCC(=O)Nc1nc(C)c(-c2ccc(OC)c(S(=O)(=O)NCCNC(=O)OC(C)(C)C)c2)s1,5.96,0.0,1
CHEMBL3267,CCCCCC(=O)Nc1nc(C)c(-c2ccc(OC)c(S(=O)(=O)NCc3ccc(F)cc3F)c2)s1,5.78,0.0,1
CHEMBL3267,CCCCNC(=O)c1ccc(NC(=O)Nc2ccc(-c3nc(N4CCOCC4)c4nnn(CC)c4n3)cc2)cc1,7.48,0.0,1
CHEMBL3267,CCCCNS(=O)(=O)c1cccc(-c2ccc3nc(NC(C)=O)nn3c2)c1,6.7,0.0,1
CHEMBL3267,CCCNS(=O)(=O)c1cncc(-c2ccn3nc(N)nc3c2)c1,7.5,0.0,1
CHEMBL3267,CCCONS(=O)(=O)c1ccc(C)c(-c2cnc(N)c(-c3nc(C)no3)c2)c1,7.54,0.0,1
CHEMBL3267,CCCS(=O)(=O)Nc1cc(-c2sc(NC(C)=O)nc2C)cc2c1C(=O)N([C@@H](C)C1CC1)C2,9.0,0.0,1
CHEMBL3267,CCCS(=O)(=O)Nc1nc2ccccc2nc1Nc1cc(OC)ccc1CCCO,7.31,0.0,1
CHEMBL3267,CCCS(=O)(=O)Nc1nc2ccccc2nc1Nc1cc(OC)ccc1CCO,7.36,0.0,1
CHEMBL3267,CCCS(=O)(=O)Nc1nc2ccccc2nc1Nc1cc(OC)ccc1CCS(C)(=O)=O,7.06,0.0,1
CHEMBL3267,CCCc1cc(-c2cc(-c3cc(S(=O)(=O)NCC(C)(C)O)ccc3C)cnc2N)on1,8.1,0.0,1
CHEMBL3267,CCCn1cc(-c2ccc3nc(N)sc3c2)cn1,5.8,0.0,1
CHEMBL3267,CCN(C)C(=O)c1cc(C(C)Nc2cc(F)cc(F)c2)c2oc(N3CCOCC3)cc(=O)c2c1,6.03,0.0,1
CHEMBL3267,CCN(C)c1ccc(-c2ccc3nc(N)sc3c2)cn1,5.4,0.0,1
CHEMBL3267,CCN(CC)C(=O)c1cc(C(C)Nc2cc(F)cc(F)c2)c2oc(N3CCOCC3)cc(=O)c2c1,5.92,0.0,1
CHEMBL3267,CCN(CC)C(=O)c1cccc(Nc2nc(C)c(-c3cc4c(c(S(=O)(=O)NC)c3)C(=O)N([C@@H](C)C3CC3)C4)s2)n1,8.5,0.0,1
CHEMBL3267,CCN(CC)CCNC(=O)Nc1nc2ccc(-c3cnc(OC)c(NS(=O)(=O)c4ccc(F)cc4)c3)cn2n1,7.66,0.0,1
CHEMBL3267,CCN(CC)CCNC(=O)c1c(C)[nH]c(/C=C2\C(=O)Nc3ccc(F)cc32)c1C,4.89,0.0,1
CHEMBL3267,CCN(CC)S(=O)(=O)c1cc(Nc2nccc(-c3ccnc(-c4ccc(NC(=O)NC)cc4)c3)n2)ccc1C,7.03,0.0,1
CHEMBL3267,CCN(CC)S(=O)(=O)c1cc(Nc2nccc(-c3ccnc(-c4ccc(NC(=O)NC)cc4)c3)n2)ccc1Cl,7.22,0.0,1
CHEMBL3267,CCN(CC)S(=O)(=O)c1cccc(Nc2nccc(-c3ccnc(-c4ccc(NC(=O)NC)cc4)c3)n2)c1,7.23,0.0,1
CHEMBL3267,CCN(CC)S(=O)(=O)c1cncc(-c2ccn3nc(N)nc3c2)c1,8.1,0.0,1
CHEMBL3267,CCN(CC)c1nccc(-c2sc(NC(=O)N3CCC[C@H]3C(N)=O)nc2C)n1,6.39,0.0,1
CHEMBL3267,CCN1CCCC1CNS(=O)(=O)c1ccc(C)c(-c2cnc(N)c(-c3cc(C)no3)c2)c1,6.325,0.30405591591021525,2
CHEMBL3267,CCN1CCN(CC(=O)Nc2ccc(-c3cccc4c(=O)cc(N5CCOCC5)oc34)c3sc4ccccc4c23)CC1,6.23,0.0,1
CHEMBL3267,CCN1Cc2cc(-c3ccn4nc(N)c(C(=O)NC5CC5)c4n3)cc(C)c2C1=O,8.25,0.0,1
CHEMBL3267,CCNC(=O)Nc1ccc(-c2cnc(Cl)c(NS(=O)(=O)c3ccccc3)c2)cn1,6.75,0.0,1
CHEMBL3267,CCNC(=O)Nc1ccc(-c2nc(N3CCOCC3)nc(N3CCOCC3)n2)cc1,6.09,0.0,1
CHEMBL3267,CCNC(=O)c1cc(C(C)Nc2cc(F)cc(F)c2)c2oc(N3CCOCC3)cc(=O)c2c1,6.15,0.0,1
CHEMBL3267,CCNC(=O)c1ccc(NC(=O)Nc2ccc(-c3nc(N4CCOCC4)c4nnn(CC)c4n3)cc2)cc1,7.76,0.0,1
CHEMBL3267,CCNS(=O)(=O)c1cc(-c2sc(NC(C)=O)nc2C)cc2c1C(=O)N([C@@H](C)C1CC1)C2,9.4,0.0,1
CHEMBL3267,CCNS(=O)(=O)c1cccc(-n2c([C@H](C)Nc3ncnc(N)c3C#Cc3ccccn3)nc3cccc(Cl)c3c2=O)c1,6.26,0.0,1
CHEMBL3267,CCNc1ccc(-c2ccc3nc(N)sc3c2)cn1,5.4,0.0,1
CHEMBL3267,CCOC(=O)N1CCN(CC#Cc2ccnc3ccc(-c4cnc(OC)c(NS(=O)(=O)c5ccc(F)cc5F)c4)cc23)CC1,8.4,0.0,1
CHEMBL3267,CCOC(=O)c1ccc(-c2csc3c(=O)cc(N4CCOCC4)oc23)cc1,5.93,0.0,1
CHEMBL3267,CCOC(=O)c1nn(-c2ccccc2)c(=O)c2c(N)c(C#N)c(-c3cccs3)cc12,4.9,0.0,1
CHEMBL3267,CCOC(C#Cc1cccc2cc([C@H](C)NC(=O)c3c(N)nn4cccnc34)n(-c3ccccc3)c(=O)c12)OCC,5.609999999999999,0.1272792206135787,2
CHEMBL3267,CCOC(CCNc1nc(-c2sc(NC(C)=O)nc2C)cs1)OCC,6.21,0.0,1
CHEMBL3267,CCOC(Cn1nc(-c2ccc3oc(N)nc3c2)c2c(N)ncnc21)OCC,5.87,0.0,1
CHEMBL3267,CCOCCNC(=O)Nc1cc2nc(-c3cnc(OC)c(OC)c3)ccn2n1,8.89,0.0,1
CHEMBL3267,CCOCCn1c([C@H](C)Nc2nc(N)nc(N)c2C#N)nc2cccc(Cl)c2c1=O,6.39,0.0,1
CHEMBL3267,CCONS(=O)(=O)c1ccc(C)c(-c2cnc(N)c(-c3cc(C)no3)c2)c1,7.5,0.0,1
CHEMBL3267,CCOc1cc(-c2ccn3nc(NC(=O)NCCOc4cccnc4)cc3c2)cnc1OC,8.0,0.0,1
CHEMBL3267,CCOc1cc(-c2ccn3nc(NC(=O)NCCOc4cccnc4)cc3c2)cnc1OCC,6.4,0.0,1
CHEMBL3267,CCOc1cc(-c2nn(C(C)C)c3ncnc(N)c23)ccc1OC,6.14,0.0,1
CHEMBL3267,CCOc1cc(-c2nn(CCO)c3ncnc(N)c23)ccc1OC,5.7,0.0,1
CHEMBL3267,CCOc1cc2c(c(-c3cnc(OC)c(NS(C)(=O)=O)c3)c1)CNC2=O,5.6,0.0,1
CHEMBL3267,CCOc1ccc(-c2ccc3nc(N)sc3c2)cn1,5.7,0.0,1
CHEMBL3267,CCOc1ccc(-c2n[nH]c3ncnc(N)c23)cc1OC,6.04,0.0,1
CHEMBL3267,CCOc1ccc(-c2nn(C(C)C)c3ncnc(N)c23)cc1OC,5.29,0.0,1
CHEMBL3267,CCOc1ccc(-c2nn(C3CCCC3)c3ncnc(N)c23)cc1O,6.42,0.0,1
CHEMBL3267,CCOc1ccc(-c2nn(C3CCCC3)c3ncnc(N)c23)cc1OC,6.94,0.0,1
CHEMBL3267,CCOc1ccc(-c2nn(C3CCCCC3)c3ncnc(N)c23)cc1OC,6.45,0.0,1
CHEMBL3267,CCOc1ccc2cc(-c3nn(C)c4ncnc(N)c34)ccc2c1,5.57,0.0,1
CHEMBL3267,CCOc1cnnc2ccc(-c3cnc(Cl)c(NS(=O)(=O)c4ccccc4)c3)cc12,8.32,0.0,1
CHEMBL3267,CCOc1ncc(-c2c(F)ccc3nc([C@@H]4C[C@H](O)CN4c4nc(N)nc(C)c4C#N)n(-c4ccccc4)c(=O)c23)cn1,7.89,0.0,1
CHEMBL3267,CCOc1ncc(-c2cccc3nc([C@@H]4CCCN4c4nc(N)nc(C)c4C#N)n(-c4ccccc4)c(=O)c23)cn1,6.85,0.0,1
CHEMBL3267,CCS(=O)(=O)Nc1cc(-c2ccc3ncnc(Nc4ccc(F)c(Cl)c4)c3c2)cnc1OC,5.45,0.0,1
CHEMBL3267,CCS(=O)(=O)Nc1cc(-c2ccc3ncnc(Nc4cccc(C(=O)OC)c4)c3c2)cnc1OC,5.75,0.0,1
CHEMBL3267,CCS(=O)(=O)Nc1cc(-c2sc(NC(C)=O)nc2C)cc2c1C(=O)N([C@@H](C)C1CC1)C2,9.1,0.0,1
CHEMBL3267,CCS(=O)(=O)Nc1nc2ccccc2nc1Nc1cc(OC)ccc1CCCO,7.23,0.0,1
CHEMBL3267,CCS(=O)(=O)Nc1nc2ccccc2nc1Nc1cc(OC)ccc1CCO,7.22,0.0,1
CHEMBL3267,CCS(=O)(=O)Nc1nc2ccccc2nc1Nc1cc(OC)ccc1CCS(C)(=O)=O,7.06,0.0,1
CHEMBL3267,CCS(=O)(=O)c1cc(-c2ccn3nc(N)c(C(=O)NC4CC4)c3n2)cc2c1C(=O)N([C@@H](C)C1CC1)C2,8.32,0.0,1
CHEMBL3267,CCSc1ccc(-c2ccc3nc(N)sc3c2)cn1,6.0,0.0,1
CHEMBL3267,CC[C@@H](C1CC1)N1Cc2cc(-c3cnc4[nH]cc(-c5ccncc5)c4c3)cc(C)c2C1=O,8.22,0.0,1
CHEMBL3267,CC[C@@H](N)C(=O)Nc1nc(C)c(-c2cnc(Cl)c(NS(=O)(=O)c3ccccc3)c2)s1,6.39,0.0,1
CHEMBL3267,CC[C@@H](Nc1ncnc2[nH]cnc12)c1cc2ncc(Cl)n2nc1-c1ccccc1F,5.59,0.0,1
CHEMBL3267,CC[C@H](N)C(=O)Nc1nc(C)c(-c2cnc(Cl)c(NS(=O)(=O)c3ccccc3)c2)s1,6.59,0.0,1
CHEMBL3267,CC[C@H](N1Cc2cc(-c3ccn4nc(N)c(C(=O)NC5CC5)c4n3)cc(NS(C)(=O)=O)c2C1=O)C(F)(F)F,8.48,0.0,1
CHEMBL3267,CC[C@H](NC(=O)c1c(N)nn2cccnc12)c1cc2cccc(C#Cc3cnn(C)c3)c2c(=O)n1-c1ccccc1,5.609999999999999,0.1272792206135787,2
CHEMBL3267,CC[C@H](Nc1nc(N)nc(C(F)F)c1C#N)c1nc2c(Cl)cc(F)cc2c(=O)n1-c1cc[nH]n1,5.11,0.0,1
CHEMBL3267,CC[C@H](Nc1nc(N)nc(C(F)F)c1C#N)c1nc2cccc(NCc3ccc(C(=O)NO)cc3)c2c(=O)n1-c1ccccc1,6.65,0.0,1
CHEMBL3267,CC[C@H](Nc1nc(N)nc(C)c1C#N)c1nc2cccc(CCCCCC(=O)NO)c2c(=O)n1-c1ccccc1,8.7,0.0,1
CHEMBL3267,CC[C@H](Nc1nc(N)nc(C)c1C#N)c1nc2cccc(NCCCCC(=O)NO)c2c(=O)n1-c1ccccc1,8.1,0.0,1
CHEMBL3267,CC[C@H](Nc1nc(N)nc(C)c1C#N)c1nc2cccc(NCc3ccc(C(=O)NO)cc3)c2c(=O)n1-c1ccccc1,8.05,0.0,1
CHEMBL3267,CC[C@H](Nc1nc(N)nc(N)c1C#N)c1nc2c(F)ccc(Cl)c2c(=O)n1-c1cccnc1,6.28,0.0,1
CHEMBL3267,CC[C@H](Nc1nc(N)nc(N)c1C#N)c1nc2cccc(C#CCCCC(=O)N3CCCC3)c2c(=O)n1-c1ccccc1,6.9,0.0,1
CHEMBL3267,CC[C@H](Nc1nc(N)nc(N)c1C#N)c1nc2cccc(C#CCCCC(=O)N3CCOCC3)c2c(=O)n1-c1ccccc1,7.04,0.0,1
CHEMBL3267,CC[C@H](Nc1nc(N)nc(N)c1C#N)c1nc2cccc(CCCCCC(=O)NO)c2c(=O)n1-c1ccccc1,8.52,0.0,1
CHEMBL3267,CC[C@H](Nc1nc(N)nc(N)c1C#N)c1nc2cccc(CCc3ccc(C(=O)NO)cc3)c2c(=O)n1-c1ccccc1,8.7,0.0,1
CHEMBL3267,CC[C@H](Nc1nc(N)nc(N)c1C#N)c1nc2cccc(Cl)c2c(=O)n1CCCC#N,6.72,0.0,1
CHEMBL3267,CC[C@H](Nc1nc(N)nc(N)c1C#N)c1nc2cccc(Cl)c2c(=O)n1CCCCC#N,6.27,0.0,1
CHEMBL3267,CC[C@H](Nc1nc(N)nc(N)c1C#N)c1nc2cccc(Cl)c2c(=O)n1CCCN,5.09,0.0,1
CHEMBL3267,CC[C@H](Nc1nc(N)nc(N)c1C#N)c1nc2cccc(Cl)c2c(=O)n1CCCS(C)(=O)=O,5.52,0.0,1
CHEMBL3267,CC[C@H](Nc1nc(N)nc(N)c1C#N)c1nc2cccc(NCc3ccc(C(=O)NO)cc3)c2c(=O)n1-c1ccccc1,7.35,0.0,1
CHEMBL3267,CC[C@H](Nc1nc(N)ncc1C)c1nc2cccc(CCCCCC(=O)NO)c2c(=O)n1-c1ccccc1,5.75,0.0,1
CHEMBL3267,CC[C@H](Nc1ncnc(N)c1-c1nc(C)no1)c1nc2cccc(C#CCO)c2c(=O)n1-c1ccccc1,7.52,0.0,1
CHEMBL3267,CC[C@H](Nc1ncnc(N)c1-c1nc(C)no1)c1nc2cccc(C#CCO)c2c(=O)n1C1CC1,7.11,0.0,1
CHEMBL3267,CC[C@H](Nc1ncnc(N)c1-c1nc(C)no1)c1nc2cccc(Cl)c2c(=O)n1-c1ccccc1,7.18,0.0,1
CHEMBL3267,CC[C@H](Nc1ncnc(N)c1-c1nc(C)no1)c1nc2cccc(Cl)c2c(=O)n1C1CC1,6.59,0.0,1
CHEMBL3267,CC[C@H](Nc1ncnc(N)c1-c1nc(C)no1)c1nc2cccc(F)c2c(=O)n1-c1ccccc1,6.05,0.0,1
CHEMBL3267,CC[C@H](Nc1ncnc(N)c1-c1nnc(C)o1)c1cc2cccc(Cl)c2c(=O)n1-c1ccccc1,6.41,0.0,1
CHEMBL3267,CC[C@H](Nc1ncnc(N)c1-c1nnc(C)o1)c1nc2cccc(C#CCO)c2c(=O)n1-c1ccccc1,6.36,0.0,1
CHEMBL3267,CC[C@H](Nc1ncnc(N)c1-c1nnc(C)o1)c1nc2cccc(Cl)c2c(=O)n1-c1ccccc1,6.42,0.0,1
CHEMBL3267,CC[C@H](Nc1ncnc(N)c1-c1nnc(C)o1)c1nc2cccc(Cl)c2c(=O)n1C1CC1,5.71,0.0,1
CHEMBL3267,CC[C@H](Nc1ncnc(N)c1C#N)c1nc2cccc(NCc3ccc(C(=O)NO)cc3)c2c(=O)n1-c1ccccc1,6.12,0.0,1
CHEMBL3267,CC[C@H](Nc1ncnc2[nH]ccc12)c1nc2cccc(F)c2c(=O)n1-c1ccc(OCC(F)(F)F)cc1,5.27,0.0,1
CHEMBL3267,CC[C@H](Nc1ncnc2[nH]ccc12)c1nc2cccc(F)c2c(=O)n1-c1cccc(CC(F)(F)F)c1,5.89,0.0,1
CHEMBL3267,CC[C@H](Nc1ncnc2[nH]ccc12)c1nc2cccc(F)c2c(=O)n1-c1cccc(OCC(F)(F)F)c1,5.52,0.0,1
CHEMBL3267,CC[C@H](Nc1ncnc2[nH]ccc12)c1nc2cccc(F)c2c(=O)n1-c1ccccc1,5.92,0.0,1
CHEMBL3267,CC[C@H](Nc1ncnc2[nH]cnc12)c1nc2cccc(CCCCCC(=O)NO)c2c(=O)n1-c1ccccc1,7.37,0.0,1
CHEMBL3267,CC[C@H](Nc1ncnc2[nH]cnc12)c1nc2cccc(CNC(=O)c3ccc(C(=O)NO)cc3)c2c(=O)n1-c1ccccc1,6.63,0.0,1
CHEMBL3267,CC[C@H](Nc1ncnc2[nH]cnc12)c1nc2cccc(CNc3ncc(C(=O)NO)cn3)c2c(=O)n1-c1ccccc1,6.0,0.0,1
CHEMBL3267,CC[C@H](Nc1ncnc2[nH]cnc12)c1nc2cccc(F)c2c(=O)n1-c1ccc(O)cc1,5.37,0.0,1
CHEMBL3267,CC[C@H](Nc1ncnc2[nH]cnc12)c1nc2cccc(F)c2c(=O)n1-c1cccc(CC(F)(F)F)c1,6.52,0.0,1
CHEMBL3267,CC[C@H](Nc1ncnc2[nH]cnc12)c1nc2cccc(F)c2c(=O)n1-c1cccc(OCC(F)(F)F)c1,6.13,0.0,1
CHEMBL3267,CC[C@H](Nc1ncnc2[nH]cnc12)c1nc2cccc(F)c2c(=O)n1-c1ccccc1,6.743125,0.43507422738348156,16
CHEMBL3267,CC[C@H](Nc1ncnc2[nH]cnc12)c1nc2cccc(NCc3ccc(C(=O)N(C)O)cc3)c2c(=O)n1-c1ccccc1,6.79,0.0,1
CHEMBL3267,CC[C@H](Nc1ncnc2[nH]cnc12)c1nc2cccc(NCc3ccc(C(=O)NO)c(C)c3)c2c(=O)n1-c1ccccc1,6.69,0.0,1
CHEMBL3267,CC[C@H](Nc1ncnc2[nH]cnc12)c1nc2cccc(NCc3ccc(C(=O)NO)cc3)c2c(=O)n1-c1ccccc1,6.99,0.0,1
CHEMBL3267,CC[C@H](Nc1ncnc2[nH]cnc12)c1nc2cccc(NCc3ccc(C(=O)NO)cn3)c2c(=O)n1-c1ccccc1,6.87,0.0,1
CHEMBL3267,CC[C@H](Nc1ncnc2[nH]cnc12)c1oc2ccccc2c(=O)c1-c1cccc(F)c1,7.48,0.0,1
CHEMBL3267,CCc1cc(-c2c[nH]c3ncc(-c4cn[nH]c4)cc23)nc(N)n1,5.16,0.0,1
CHEMBL3267,CCc1cc(-c2cc(-c3cc(S(=O)(=O)NCC(C)(C)O)ccc3C)cnc2N)on1,7.68,0.0,1
CHEMBL3267,CCc1cn2c(=O)cc(N3CCOCC3)nc2n1Cc1cccc(C(F)(F)F)c1C,5.8,0.0,1
CHEMBL3267,CCc1nc(=O)c2sc(N3CCOCC3)nc2n1Cc1cccc(C(F)(F)F)c1C,5.89,0.0,1
CHEMBL3267,CCc1nc2ccccc2n1-c1nc(N2CCOCC2)c2nc(CN3CCN(C(=O)C4CCC4)CC3=O)n(C)c2n1,6.52,0.0,1
CHEMBL3267,CCc1nc2ccccc2n1-c1nc(N2CCOCC2)c2sc(CN3CCN(C(=O)C4CC4)CC3=O)cc2n1,6.73,0.0,1
CHEMBL3267,CCc1nc2ccccc2n1-c1nc(N2CCOCC2)c2sc(CN3CCN(C(=O)C4CCC4)CC3=O)cc2n1,6.52,0.0,1
CHEMBL3267,CCc1nc2ccccc2n1-c1nc(N2CCOCC2)c2sc(CN3CCN(C4CCCC4)CC3=O)cc2n1,6.43,0.0,1
CHEMBL3267,CCc1nccn1Cc1cccc(Nc2cc3nc(-c4cnc(OC)c(OC)c4)ccn3n2)n1,8.04,0.0,1
CHEMBL3267,CCc1nn2c(O)cc(-c3ccncc3)nc2c1Cc1cccc(Cl)c1Cl,6.4,0.0,1
CHEMBL3267,CCc1noc(-c2cc(-c3cc(S(=O)(=O)NCC(C)(C)O)ccc3C)cnc2N)n1,7.58,0.0,1
CHEMBL3267,CCn1c(=O)c(-c2cc[nH]n2)cc2c(C)nc(N)nc21,8.05,0.0,1
CHEMBL3267,CCn1c(=O)c2ccnn2c2cc(N)c(C(=O)NCc3cccnc3)cc21,5.85,0.0,1
CHEMBL3267,CCn1c(=O)c2ccnn2c2cc(N)c(C(=O)NCc3cncnc3)cc21,6.08,0.0,1
CHEMBL3267,CCn1c(N)nc2ccc(-c3cnc(OC)c(S(=O)(=O)Nc4ccc(F)cc4F)c3)cc2c1=O,6.8,0.0,1
CHEMBL3267,CCn1cc(-c2c(N)nn3ccc(-c4cnc(OC)c(OC)c4)nc23)cn1,8.28,0.0,1
CHEMBL3267,CCn1cc(-c2ccc3c(c2)N(c2nc4c(s2)C(=O)NC(C)(C)C4)CCO3)cn1,7.16,0.0,1
CHEMBL3267,CCn1cc(-c2ccc3nc(N)sc3c2)cn1,5.5,0.0,1
CHEMBL3267,CCn1cc(C(=O)O)c(=O)c2cc(F)c(N3CCN(C(=O)c4c(C)cccc4O)CC3)cc21,6.76,0.0,1
CHEMBL3267,CCn1cc(C(=O)O)c(=O)c2cc(F)c(N3CCN(C(=O)c4cc(Br)ccc4O)CC3)cc21,6.96,0.0,1
CHEMBL3267,CCn1cc(C(=O)O)c(=O)c2cc(F)c(N3CCN(C(=O)c4cc(Cl)ccc4O)CC3)cc21,7.01,0.0,1
CHEMBL3267,CCn1cc(C(=O)O)c(=O)c2cc(F)c(N3CCN(C(=O)c4cc(OC)ccc4O)CC3)cc21,6.95,0.0,1
CHEMBL3267,CCn1cc(C(=O)O)c(=O)c2cc(F)c(N3CCN(C(=O)c4ccc(OC)nc4)CC3)cc21,6.55,0.0,1
CHEMBL3267,CCn1cc(C(=O)O)c(=O)c2cc(F)c(N3CCN(C(=O)c4cccnc4Cl)CC3)cc21,6.59,0.0,1
CHEMBL3267,CCn1ccc(-c2ccc3nc(N)sc3c2)cc1=O,5.5,0.0,1
CHEMBL3267,CCn1nc(-c2ccc(OC)c(O)c2)c2c(N)ncnc21,6.45,0.0,1
CHEMBL3267,CCn1nc(C)c(-c2ccc3c(c2)N(c2nc4c(s2)C(=O)NC(C)(C)C4)CCO3)c1C,6.75,0.0,1
CHEMBL3267,CCn1nnc(CCNC(=O)Nc2nc(C)c(-c3ccc(S(C)(=O)=O)c(F)c3)s2)n1,6.77,0.0,1
CHEMBL3267,CCn1nnc2c(N3CCOCC3)nc(-c3ccc(NC(=O)Nc4ccc(C(=O)N(C)C)cc4)cc3)nc21,7.91,0.0,1
CHEMBL3267,CCn1nnc2c(N3CCOCC3)nc(-c3ccc(NC(=O)Nc4ccc(C(=O)N5CCN(C)CC5)cc4)cc3)nc21,7.92,0.16970562748477125,2
CHEMBL3267,CCn1nnc2c(N3CCOCC3)nc(-c3ccc(NC(=O)Nc4ccc(C(=O)NCCCN(C)C)cc4)cc3)nc21,8.05,0.0,1
CHEMBL3267,CCn1nnc2c(N3CCOCC3)nc(-c3ccc(NC(=O)Nc4ccc(C(=O)NCCN(C)C)cc4)cc3)nc21,7.92,0.0,1
CHEMBL3267,CCn1nnc2c(N3CCOCC3)nc(-c3ccc(NC(=O)Nc4ccc(C(=O)NCCN5CCN(C)CC5)cc4)cc3)nc21,7.6,0.0,1
CHEMBL3267,CCn1nnc2c(N3CCOCC3)nc(-c3ccc(NC(=O)Nc4ccc(C(=O)NCCc5ccccn5)cc4)cc3)nc21,7.66,0.0,1
CHEMBL3267,CCn1nnc2c(N3CCOCC3)nc(-c3ccc(NC(=O)Nc4ccc(C(=O)OC)cc4)cc3)nc21,7.07,0.0,1
CHEMBL3267,CCn1nnc2c(N3CCOCC3)nc(-c3ccc(NC(=O)Nc4ccc(C(N)=O)cc4)cc3)nc21,7.91,0.0,1
CHEMBL3267,CCn1nnc2c(N3CCOCC3)nc(-c3ccc(NC(=O)Nc4cccnc4)cc3)nc21,7.6,0.0,1
CHEMBL3267,CCn1nnc2c(N3CCOCC3)nc(-c3ccc(NC(=O)Nc4cccs4)cc3)nc21,7.94,0.0,1
CHEMBL3267,CCn1nnc2c(N3CCOCC3)nc(-c3ccc(NC(=O)Nc4ccnc(C)c4)cc3)nc21,7.43,0.0,1
CHEMBL3267,CCn1nnc2c(N3CCOCC3)nc(-c3ccc(NC(=O)Nc4ccncc4)cc3)nc21,7.73,0.0,1
CHEMBL3267,CN(C)C(=O)/C=C/c1cnc2oc3c(N4CCOCC4)nc(-c4cccc5[nH]ccc45)nc3c2c1,5.78,0.0,1
CHEMBL3267,CN(C)C(=O)c1cc(CN(C)c2cc(F)cc(F)c2)c2oc(N3CCOCC3)cc(=O)c2c1,5.85,0.0,1
CHEMBL3267,CN(C)C(=O)c1cc(CN2CCOc3c(F)cc(F)cc32)c2oc(N3CCOCC3)cc(=O)c2c1,6.14,0.0,1
CHEMBL3267,CN(C)C(=O)c1cc(CN2CCOc3c(F)cccc32)c2oc(N3CCOCC3)cc(=O)c2c1,6.24,0.0,1
CHEMBL3267,CN(C)C(=O)c1cc(CN2CCOc3ccc(F)cc32)c2oc(N3CCOCC3)cc(=O)c2c1,5.72,0.0,1
CHEMBL3267,CN(C)C(=O)c1cc(CNc2cc(F)cc(F)c2)c2oc(N3CCOCC3)cc(=O)c2c1,5.5,0.0,1
CHEMBL3267,CN(C)C(=O)c1cc([C@H]2CCCN2c2ccc(F)cc2)c2oc(N3CCOCC3)cc(=O)c2c1,6.48,0.0,1
CHEMBL3267,CN(C)C(=O)c1ccc(-c2ccc3nc(N)sc3c2)cn1,4.7,0.0,1
CHEMBL3267,CN(C)C1CCN(C(=O)c2ccc(NC(=O)Nc3ccc(-c4nc(N5CCOCC5)nc(N5CCOCC5)n4)cc3)cc2)CC1,7.956666666666667,0.5000333322222967,3
CHEMBL3267,CN(C)C1CCN(C(=O)c2cccc(NC(=O)Nc3ccc(-c4nc(N5CCOCC5)nc(N5CCOCC5)n4)cc3)c2)CC1,4.38,0.0,1
CHEMBL3267,CN(C)CC(=O)N1CCC(c2nc(-c3cnc(N)c(-n4nnc5ccccc54)n3)n(C)n2)CC1,6.19,0.0,1
CHEMBL3267,CN(C)CC(=O)N1CCC(n2cc(-c3cnc(N)c(-n4nnc5ccccc54)n3)cn2)CC1,6.55,0.0,1
CHEMBL3267,CN(C)CCCOc1ccc(CN2CCC(n3cnc4c(N5CCOCC5)nc(-c5cccc(CO)c5)nc43)CC2)cc1,6.58,0.0,1
CHEMBL3267,CN(C)CCCn1cc(-c2ccc3c(c2)N(c2nc4c(s2)C(=O)NC(C)(C)C4)CCO3)cn1,6.12,0.0,1
CHEMBL3267,CN(C)CCN(C)C(=O)c1ccc(NC(=O)Nc2ccc(-c3nc(N4CCOCC4)nc(N4CCOCC4)n3)cc2)cc1,8.05,0.0,1
CHEMBL3267,CN(C)CCNC(=O)c1ccc(NC(=O)Nc2ccc(-c3nc(N4CCOCC4)nc(N4CCOCC4)n3)cc2)cc1,8.1,0.0,1
CHEMBL3267,CN(C)CCOc1ccc(NC(=O)Nc2ccc(-c3nc(N4CCOCC4)nc(N4C5CCC4COC5)n3)cc2)cc1,7.0,0.0,1
CHEMBL3267,CN(C)C[C@@H]1CCN(C(=O)Nc2nc3c(s2)-c2nc(C(C)(C)C)sc2CC3)[C@@H]1C(N)=O,6.0,0.0,1
CHEMBL3267,CN(C)C[C@@]1(C(N)=O)CCCN1C(=O)Nc1nc2c(s1)-c1nc(C(C)(C)C)ncc1CC2,5.82,0.0,1
CHEMBL3267,CN(C)Cc1cnc2oc3c(N4CCOCC4)nc(-c4cccc5[nH]ccc45)nc3c2c1,6.67,0.0,1
CHEMBL3267,CN(C)S(=O)(=O)n1cc(-c2nc(-c3nc(C4(c5ccccc5)CC4)n(C)n3)cnc2N)cn1,6.2,0.0,1
CHEMBL3267,CN(C)[C@@H]1C[C@@H](C(N)=O)N(C(=O)Nc2nc3c(s2)-c2nc(C(C)(C)C)ncc2CC3)C1,6.64,0.0,1
CHEMBL3267,CN(C)[C@@H]1C[C@@H](C(N)=O)N(C(=O)c2ccc(NC(=O)Nc3ccc(-c4nc(N5CCOCC5)nc(N5CCOCC5)n4)cc3)cc2)C1,7.71,0.0,1
CHEMBL3267,CN(C)c1ccc(-c2ccc3c(c2)N(c2nc4c(s2)C(=O)NC(C)(C)C4)CCO3)nn1,6.86,0.0,1
CHEMBL3267,CN(C)c1ccc(-c2csc3c(=O)cc(N4CCOCC4)oc23)cc1,6.68,0.0,1
CHEMBL3267,CN(C)c1ccc(NC(=O)Nc2ccc(-c3nc(N4CCOCC4)nc(N4C5CCC4COC5)n3)cc2)cc1,6.14,0.0,1
CHEMBL3267,CN(C)c1ccc(Nc2ccc3c(c2)N(c2nc4c(s2)C(=O)NC(C)(C)C4)CCO3)nn1,7.62,0.0,1
CHEMBL3267,CN(C)c1nc2ccc(-c3cncc(S(C)(=O)=O)c3)cn2n1,5.5,0.0,1
CHEMBL3267,CN(C)c1nc2ccccc2n1-c1nc(N2CCOCC2)c2nc(CN3CCC(C(C)(C)O)CC3)n(C)c2n1,6.27,0.0,1
CHEMBL3267,CN(C1CCCN(Cc2cc3nc(-c4cccc5[nH]ccc45)nc(N4CCOCC4)c3s2)C1)S(C)(=O)=O,6.3,0.0,1
CHEMBL3267,CN(C1CCCN(Cc2cc3nc(-c4cccc5[nH]ncc45)nc(N4CCOCC4)c3s2)C1)S(C)(=O)=O,6.1,0.0,1
CHEMBL3267,CN(C1CCCN(Cc2cc3nc(-c4cnc(N)nc4)nc(N4CCOCC4)c3s2)C1)S(C)(=O)=O,7.6,0.0,1
CHEMBL3267,CN(C1CCN(Cc2cc3nc(-c4cccc5[nH]ccc45)nc(N4CCOCC4)c3s2)C1)S(C)(=O)=O,6.3,0.0,1
CHEMBL3267,CN(C1CCN(Cc2cc3nc(-c4cccc5[nH]ccc45)nc(N4CCOCC4)c3s2)CC1)S(C)(=O)=O,6.1,0.0,1
CHEMBL3267,CN(C1CCN(Cc2cc3nc(-c4cccc5[nH]ncc45)nc(N4CCOCC4)c3s2)C1)S(C)(=O)=O,6.4,0.0,1
CHEMBL3267,CN(C1CCN(Cc2cc3nc(-c4cccc5[nH]ncc45)nc(N4CCOCC4)c3s2)CC1)S(C)(=O)=O,6.1,0.0,1
CHEMBL3267,CN(C1CCN(Cc2cc3nc(-c4cnc(N)nc4)nc(N4CCOCC4)c3s2)C1)S(C)(=O)=O,7.9,0.0,1
CHEMBL3267,CN(C1CCN(Cc2cc3nc(-c4cnc(N)nc4)nc(N4CCOCC4)c3s2)CC1)S(C)(=O)=O,7.6,0.0,1
CHEMBL3267,CN(CC1OCCO1)C(=O)c1cc(Nc2ccccc2)cc(-c2ccnc(NC(=O)C3CC3)c2)c1,5.33,0.0,1
CHEMBL3267,CN1C(=O)c2sccc2N(C)c2nc(Nc3ccc(S(N)(=O)=O)cc3)ncc21,7.42,0.0,1
CHEMBL3267,CN1CCC(NC(=O)c2ccc(-c3ccc(-n4c(=O)ccc5cnc6ccc(-c7cnc8ccccc8c7)cc6c54)cc3C(F)(F)F)cc2)CC1,5.93,0.0,1
CHEMBL3267,CN1CCCC1CCNC(=O)c1nc2c(N3CCOCC3)nc(-c3cnn(C)c3)nc2[nH]1,5.21,0.0,1
CHEMBL3267,CN1CCN(C(=O)/C=C/c2cnc3oc4c(N5CCOCC5)nc(-c5cccc6[nH]ccc56)nc4c3c2)CC1,6.57,0.0,1
CHEMBL3267,CN1CCN(C(=O)C/C=C\c2cnc3oc4c(N5CCOCC5)nc(-c5cccc6[nH]ccc56)nc4c3c2)CC1,6.57,0.0,1
CHEMBL3267,CN1CCN(C(=O)c2ccc(NC(=O)Nc3ccc(-c4nc(N5CCOCC5)nc(N5CCOCC5)n4)cc3)cc2)CC1,8.05,0.0,1
CHEMBL3267,CN1CCN(C(=O)c2ccc(NC(=S)Nc3ccc(-c4nc(N5CCOCC5)nc(N5CCOCC5)n4)cc3)cc2)CC1,6.18,0.0,1
CHEMBL3267,CN1CCN(C2(c3nc(-c4cnc(N)c(-n5nnc6ccccc65)n4)nn3C)CC2)CC1,5.0,0.0,1
CHEMBL3267,CN1CCN(Cc2ccc(NC(=O)Nc3ccc(-c4nc(N5CCOCC5)nc(N5C6CCC5COC6)n4)cc3)cc2)CC1,6.72,0.0,1
CHEMBL3267,CN1CCN(Cc2cnc3oc4c(N5CCOCC5)nc(-c5cccc6[nH]ccc56)nc4c3c2)CC1,5.98,0.0,1
CHEMBL3267,CN1CCN(c2ccc(-c3ccc4c(c3)N(c3nc5c(s3)C(=O)NC(C)(C)C5)CCO4)nn2)CC1,5.89,0.0,1
CHEMBL3267,CN1CCN(c2ccc(NC(=O)Nc3ccc(-c4nc(N5CCOCC5)nc(N5C6CCC5COC6)n4)cc3)cc2)CC1,7.34,0.0,1
CHEMBL3267,CN1CCN(c2ccc(Nc3ccc4c(c3)N(c3nc5c(s3)C(=O)NC(C)(C)C5)CCO4)nn2)CC1,7.46,0.0,1
CHEMBL3267,CN1CCN(c2nc3ccccc3cc2Cn2nc(-c3ccc4nc(N)sc4c3)c3c(N)ncnc32)CC1,8.4,0.0,1
CHEMBL3267,CN1CCN(c2ncc(-c3csc4c(=O)cc(N5CCOCC5)oc34)cn2)CC1,5.97,0.0,1
CHEMBL3267,CNC(=O)CCNc1nc(N2CCOCC2)nc(-n2c(C(F)F)nc3ccccc32)n1,7.17,0.0,1
CHEMBL3267,CNC(=O)N(C)C1CCCN(Cc2cc3nc(-c4cccc5[nH]ccc45)nc(N4CCOCC4)c3s2)C1,5.2,0.0,1
CHEMBL3267,CNC(=O)N(C)C1CCCN(Cc2cc3nc(-c4cnc(N)nc4)nc(N4CCOCC4)c3s2)C1,6.7,0.0,1
CHEMBL3267,CNC(=O)N(C)C1CCN(Cc2cc3nc(-c4cccc5[nH]ncc45)nc(N4CCOCC4)c3s2)C1,5.8,0.0,1
CHEMBL3267,CNC(=O)NC1CCCN(Cc2cc3nc(-c4cccc5[nH]ccc45)nc(N4CCOCC4)c3s2)C1,5.6,0.0,1
CHEMBL3267,CNC(=O)NC1CCCN(Cc2cc3nc(-c4cccc5[nH]ncc45)nc(N4CCOCC4)c3s2)C1,5.5,0.0,1
CHEMBL3267,CNC(=O)NC1CCCN(Cc2cc3nc(-c4cnc(N)nc4)nc(N4CCOCC4)c3s2)C1,6.8,0.0,1
CHEMBL3267,CNC(=O)NC1CCN(Cc2cc3nc(-c4cccc5[nH]ccc45)nc(N4CCOCC4)c3s2)C1,5.4,0.0,1
CHEMBL3267,CNC(=O)NC1CCN(Cc2cc3nc(-c4cccc5[nH]ccc45)nc(N4CCOCC4)c3s2)CC1,5.2,0.0,1
CHEMBL3267,CNC(=O)NC1CCN(Cc2cc3nc(-c4cccc5[nH]ncc45)nc(N4CCOCC4)c3s2)C1,5.9,0.0,1
CHEMBL3267,CNC(=O)NC1CCN(Cc2cc3nc(-c4cccc5[nH]ncc45)nc(N4CCOCC4)c3s2)CC1,5.9,0.0,1
CHEMBL3267,CNC(=O)NC1CCN(Cc2cc3nc(-c4cnc(N)nc4)nc(N4CCOCC4)c3s2)C1,6.8,0.0,1
CHEMBL3267,CNC(=O)NC1CCN(Cc2cc3nc(-c4cnc(N)nc4)nc(N4CCOCC4)c3s2)CC1,7.2,0.0,1
CHEMBL3267,CNC(=O)Nc1ccc(-c2cc(-c3ccnc(Nc4ccc(C)c(S(=O)(=O)N(C)C)c4)n3)ccn2)cc1,7.14,0.0,1
CHEMBL3267,CNC(=O)Nc1ccc(-c2cc(-c3ccnc(Nc4ccc(C)c(S(=O)(=O)NC)c4)n3)ccn2)cc1,7.2,0.0,1
CHEMBL3267,CNC(=O)Nc1ccc(-c2cc(-c3ccnc(Nc4ccc(Cl)c(S(=O)(=O)N(C)C)c4)n3)ccn2)cc1,7.27,0.0,1
CHEMBL3267,CNC(=O)Nc1ccc(-c2cc(-c3ccnc(Nc4cccc(S(=O)(=O)NC)c4)n3)ccn2)cc1,7.09,0.0,1
CHEMBL3267,CNC(=O)Nc1ccc(-c2cc(-c3ccnc(Nc4cccc(S(N)(=O)=O)c4)n3)ccn2)cc1,7.04,0.0,1
CHEMBL3267,CNC(=O)Nc1ccc(-c2nc(N3CCOCC3)c3cnn(C4CCN(C(=O)OC(C)(C)C)CC4)c3n2)cc1,6.39,0.0,1
CHEMBL3267,CNC(=O)Nc1ccc(-c2nc(N3CCOCC3)c3cnn(C4CCN(C(=O)OC(C)C)CC4)c3n2)cc1,5.84,0.0,1
CHEMBL3267,CNC(=O)Nc1ccc(-c2nc(N3CCOCC3)c3cnn(C4CCN(C(=O)OC)CC4)c3n2)cc1,6.83,0.0,1
CHEMBL3267,CNC(=O)Nc1ccc(-c2nc(N3CCOCC3)c3ncccc3n2)cc1,6.64,0.0,1
CHEMBL3267,CNC(=O)Nc1ccc(-c2nc(N3CCOCC3)nc(N3CCOCC3)n2)cc1,6.1,0.0,1
CHEMBL3267,CNC(=O)Nc1ccc(Nc2nc3ccccc3n2-c2nc(C)nc(N)n2)cc1,7.89,0.0,1
CHEMBL3267,CNC(=O)[C@@H]1CCCN1C(=O)Nc1nc(C)c(-c2ccnc(C(C)(C)C)c2)s1,5.34,0.0,1
CHEMBL3267,CNC(=O)c1cc(-c2cnc3[nH]cc(-c4cnn(C)c4)c3c2)cc2c1C(=O)N([C@@H](C)C1CC1)C2,8.1,0.0,1
CHEMBL3267,CNC(=O)c1cc(Nc2ccccc2)cc(-c2ccnc(NC(=O)C3CCOCC3)c2)c1,4.66,0.0,1
CHEMBL3267,CNC(=O)c1cc([C@@H](C)Nc2cc(F)cc(F)c2)c2oc(N3CCOCC3)cc(=O)c2c1,6.6,0.0,1
CHEMBL3267,CNC(=O)c1cc2c(N3CCOCC3)nc(-c3cnc(N)cc3C(F)(F)F)nn2c1,6.18,0.0,1
CHEMBL3267,CNC(=O)c1ccc(-c2cnc3cnc(C(=O)N(C)c4ccc(Cl)cc4)cn23)cc1,5.23,0.0,1
CHEMBL3267,CNC(=O)c1ccc(NC(=O)Nc2ccc(-c3nc(N4CCOCC4)nc(N4CCOCC4)n3)cc2)cc1,7.7,0.0,1
CHEMBL3267,CNC(=O)c1ccc(Nc2nc3ccccc3n2-c2nc(C)nc(N)n2)o1,7.58,0.0,1
CHEMBL3267,CNC(=O)c1ccc2c(c1)OCCc1cc(C(=O)N(C)c3ccc(C(=O)N(C)C)cc3Cl)sc1-2,8.3,0.0,1
CHEMBL3267,CNC(=O)c1cccc(-c2ccc3nc(NC(C)=O)nn3c2)c1,6.2,0.0,1
CHEMBL3267,CNC(=O)c1cccc(-n2nc(C(C)n3nc(C)c4c(N)ncnc43)c3ccc(Cl)cc32)c1,5.53,0.0,1
CHEMBL3267,CNC(=O)c1cncc(-c2cnc(Cl)c(NS(=O)(=O)c3ccccc3)c2)c1,6.49,0.0,1
CHEMBL3267,CNC(=O)c1nc(-c2cc(C)c3c(c2)CN([C@@H](C)C2CC2)C3=O)cnc1N,8.1,0.0,1
CHEMBL3267,CNC(=O)c1nc(-c2ccc(Cl)c(S(=O)(=O)Nc3ccc(F)c(F)c3)c2)cnc1N,6.96,0.0,1
CHEMBL3267,CNC(=O)c1nc(-c2nc(-c3cnc4ccccn34)c(C)nc2N)n(C)n1,7.37,0.0,1
CHEMBL3267,CNC(=O)c1nnc2ccc(-c3ccc(OCCCN(C)C)nc3)cc2c1N[C@@H](C)C1CCOCC1,5.52,0.0,1
CHEMBL3267,CNCCCn1c([C@@H](Nc2nc(N)nc(N)c2C#N)C2CC2)nc2cccc(Cl)c2c1=O,5.6,0.0,1
CHEMBL3267,CNCCCn1c([C@H](C)Nc2nc(N)nc(C)c2C#N)nc2cccc(Cl)c2c1=O,5.75,0.0,1
CHEMBL3267,CNCCCn1c([C@H](C)Nc2nc(N)nc(N)c2C#N)nc2cccc(Cl)c2c1=O,5.62,0.0,1
CHEMBL3267,CNCCN(CCO)c1nc(N2CCOCC2)nc(-n2c(C(F)F)nc3ccccc32)n1,6.06,0.0,1
CHEMBL3267,CNCCNc1nc(N2CCOCC2)nc(-n2c(C(F)F)nc3ccccc32)n1,6.17,0.0,1
CHEMBL3267,CNCc1ccc(-c2ccc3nc(N)sc3c2)cn1,4.3,0.0,1
CHEMBL3267,CNCc1cccc(Cc2c([C@H](C)Nc3ncnc(N)c3C#N)cc3scc(C)n3c2=O)c1,6.2,0.0,1
CHEMBL3267,CNS(=O)(=O)CCn1c([C@H](C)NC(=O)c2c(N)nn3cccnc23)cc2cccc(C#Cc3cnn(C)c3)c2c1=O,5.609999999999999,0.1272792206135787,2
CHEMBL3267,CNS(=O)(=O)c1cc(-c2ccn3nc(N)c(C(=O)NC4CC4)c3n2)cc2c1C(=O)N([C@@H](C)C1CC1)C2,8.57,0.0,1
CHEMBL3267,CNS(=O)(=O)c1cc(-c2ccn3nc(N)c(C(=O)N[C@@H](CO)C4CC4)c3n2)cc2c1C(=O)N([C@@H](C)C(F)(F)F)C2,8.89,0.0,1
CHEMBL3267,CNS(=O)(=O)c1cc(-c2ccn3nc(N)c(C(=O)N[C@H]4CC[C@](C)(O)CC4)c3n2)cc2c1C(=O)N([C@@H](C)C(F)(F)F)C2,9.05,0.0,1
CHEMBL3267,CNS(=O)(=O)c1cc(-c2cnc(NC(C)=O)s2)cc2c1C(=O)N([C@@H](C)C1CC1)C2,9.0,0.0,1
CHEMBL3267,CNS(=O)(=O)c1cc(-c2cnc3[nH]cc(-c4cnn(C)c4)c3c2)cc2c1C(=O)N([C@@H](C)C1CC1)C2,8.4,0.0,1
CHEMBL3267,CNS(=O)(=O)c1cc(-c2cnc3c(N)nccn23)cc2c1C(=O)N([C@@H](C)C1CC1)C2,8.7,0.0,1
CHEMBL3267,CNS(=O)(=O)c1cc(-c2sc(NC(C)=O)nc2C)cc2c1C(=O)N(C(C)(C)C)C2,8.8,0.0,1
CHEMBL3267,CNS(=O)(=O)c1cc(-c2sc(NC(C)=O)nc2C)cc2c1C(=O)N(C(C)(C)C1CC1)C2,9.0,0.0,1
CHEMBL3267,CNS(=O)(=O)c1cc(-c2sc(NC(C)=O)nc2C)cc2c1C(=O)N(C(C)C)C2,8.8,0.0,1
CHEMBL3267,CNS(=O)(=O)c1cc(-c2sc(NC(C)=O)nc2C)cc2c1C(=O)N([C@@H](C)C(C)(C)C)C2,8.8,0.0,1
CHEMBL3267,CNS(=O)(=O)c1cc(-c2sc(NC(C)=O)nc2C)cc2c1C(=O)N([C@@H](C)C(F)(F)F)C2,9.0,0.0,1
CHEMBL3267,CNS(=O)(=O)c1cc(-c2sc(NC(C)=O)nc2C)cc2c1C(=O)N([C@@H](C)C1CC1)C2,9.0,0.141421356237309,2
CHEMBL3267,CNS(=O)(=O)c1cc(-c2sc(Nc3ccc(C(=O)NCCCN(C)C)cn3)nc2C)cc2c1C(=O)N([C@@H](C)C1CC1)C2,8.9,0.0,1
CHEMBL3267,CNS(=O)(=O)c1cc(-c2sc(Nc3cccc(C(=O)NCCCN(C)C)n3)nc2C)cc2c1C(=O)N([C@@H](C)C1CC1)C2,8.5,0.0,1
CHEMBL3267,CNS(=O)(=O)c1cc(-c2sc(Nc3cccc(C)n3)nc2C)cc2c1C(=O)N([C@@H](C)C1CC1)C2,9.0,0.0,1
CHEMBL3267,CNS(=O)(=O)c1cc(-c2sc(Nc3cccc(N(C)C(C)=O)n3)nc2C)cc2c1C(=O)N([C@@H](C)C1CC1)C2,9.1,0.0,1
CHEMBL3267,CNS(=O)(=O)c1cccc(-c2ccc3nc(NC(C)=O)nn3c2)c1,6.6,0.0,1
CHEMBL3267,CNS(=O)(=O)c1cncc(-c2ccn3nc(N)nc3c2)c1,7.6,0.0,1
CHEMBL3267,CN[C@@H](C)C(=O)N1CCN(c2nc(N3CCOCC3)nc(-n3c(C(F)F)nc4ccccc43)n2)CC1,5.1,0.0,1
CHEMBL3267,CNc1ccc(-c2csc3c(=O)cc(N4CCOCC4)oc23)cc1,6.39,0.0,1
CHEMBL3267,CNc1nc(-c2ccc3c(N)n[nH]c3c2)cc(N2C[C@@H](C(=O)NC3CCCCC3)CC[C@H]2C)n1,4.6,0.0,1
CHEMBL3267,CNc1nc(C)c2cc(-c3cnc(OC)c(NS(=O)(=O)c4ccc(F)cc4F)c3)cc(OC3CCOCC3)c2n1,8.77,0.0,1
CHEMBL3267,CNc1nc(C)c2cc(-c3cnc(OC)c(NS(=O)(=O)c4ccc(F)cc4F)c3)cc(O[C@@H]3CCOC3)c2n1,9.03,0.0,1
CHEMBL3267,CNc1nc(C)nc(-n2c(Nc3cc[nH]n3)nc3ccccc32)n1,5.5,0.0,1
CHEMBL3267,CNc1nc2ccc(-c3cncc(S(C)(=O)=O)c3)cn2n1,6.5,0.0,1
CHEMBL3267,CNc1ncc(-c2ccnc(N[C@H]3CC[C@H](O)CC3)n2)c(CC2CC2)n1,5.07,0.0,1
CHEMBL3267,CNc1ncc(-c2ccnc(Nc3ccncc3)n2)c(CC2CC2)n1,5.72,0.0,1
CHEMBL3267,CNc1ncnc2c1c(-c1cccc(O)c1)nn2C(C)C,4.0,0.0,1
CHEMBL3267,COC(=O)CCc1ccc(S(=O)(=O)Nc2nc3ccccc3nc2Nc2cc(OC)ccc2CCO)cc1,7.16,0.0,1
CHEMBL3267,COC(=O)N1CCC(n2ncc3c(N4CCOCC4)nc(-c4ccc(N)cc4)nc32)CC1,5.21,0.0,1
CHEMBL3267,COC(=O)N1CCC(n2ncc3c(N4CCOCC4)nc(-c4ccc(NC(=O)NC5CC5)cc4)nc32)CC1,5.75,0.0,1
CHEMBL3267,COC(=O)N1CCC(n2ncc3c(N4CCOCC4)nc(-c4ccc(NC(=O)NCCF)cc4)nc32)CC1,5.77,0.0,1
CHEMBL3267,COC(=O)Nc1ccc(-c2nc(N3CCOCC3)c3cnn(C4CCN(C(=O)OC)CC4)c3n2)cc1,5.2,0.0,1
CHEMBL3267,COC(=O)c1ccc(-c2ccc(/C=C3\SC(=O)NC3=O)o2)c(O)c1,7.54,0.0,1
CHEMBL3267,COC(=O)c1ccc(-c2csc3c(=O)cc(N4CCOCC4)oc23)cc1,6.26,0.0,1
CHEMBL3267,COC(=O)c1ccc(C#Cc2c(N)ncnc2N[C@@H](C)c2nc3cccc(Cl)c3c(=O)n2-c2ccccc2)nc1,6.26,0.0,1
CHEMBL3267,COC(=O)c1ccc(NC(=O)Nc2ccc(-c3nc(N4CCOCC4)nc(N4CCOCC4)n3)cc2)cc1,7.07,0.0,1
CHEMBL3267,COC(=O)c1ccc(OC)cc1Nc1nc2ccccc2nc1NS(=O)(=O)c1cccnc1,7.06,0.0,1
CHEMBL3267,COC(=O)c1ccc(OC)cc1Nc1nc2ccccc2nc1NS(=O)(=O)c1cn(C)cn1,7.68,0.0,1
CHEMBL3267,COC(=O)c1ccc(OC)cc1Nc1nc2ccccc2nc1NS(C)(=O)=O,5.78,0.0,1
CHEMBL3267,COC(=O)c1ccc2nc(NC(C)=O)sc2c1,5.38,0.0,1
CHEMBL3267,COC(=O)c1cccc(-c2ccc(/C=C3\SC(=O)NC3=O)o2)c1,4.87,0.0,1
CHEMBL3267,COC(C)(C)CCn1c([C@H](C)Nc2nc(N)nc(N)c2C#N)nc2cccc(Cl)c2c1=O,6.28,0.0,1
CHEMBL3267,COC(C)C#Cc1cccc2cc(C(C)NC(=O)c3c(N)nn4cccnc34)n(-c3ccccc3)c(=O)c12,5.52,0.0,1
CHEMBL3267,COC(C)C#Cc1cccc2cc([C@H](C)NC(=O)c3c(N)nn4cccnc34)n(-c3ccccc3)c(=O)c12,5.609999999999999,0.1272792206135787,2
CHEMBL3267,COC(Cn1nc(-c2ccc3oc(N)nc3c2)c2c(N)ncnc21)OC,7.0,0.0,1
CHEMBL3267,COC1(C)CN(S(=O)(=O)c2ccc(C)c(-c3cnc(N)c(-c4cc(C)no4)c3)c2)C1,6.89,0.0,1
CHEMBL3267,COCC#Cc1cccc2cc([C@H](C)NC(=O)c3c(N)nn4cccnc34)n(-c3ccccc3)c(=O)c12,5.609999999999999,0.1272792206135787,2
CHEMBL3267,COCC#Cc1cccc2nc(Cn3nc(-c4cccc(O)c4)c4c(N)ncnc43)n(Cc3cccc(C(F)(F)F)c3)c(=O)c12,5.79,0.0,1
CHEMBL3267,COCC(=O)N(C)C1CCCN(Cc2cc3nc(-c4cccc5[nH]ccc45)nc(N4CCOCC4)c3s2)C1,5.7,0.0,1
CHEMBL3267,COCC(=O)N(C)C1CCCN(Cc2cc3nc(-c4cccc5[nH]ncc45)nc(N4CCOCC4)c3s2)C1,5.5,0.0,1
CHEMBL3267,COCC(=O)N(C)C1CCCN(Cc2cc3nc(-c4cnc(N)nc4)nc(N4CCOCC4)c3s2)C1,6.9,0.0,1
CHEMBL3267,COCC(=O)N(C)C1CCN(Cc2cc3nc(-c4cccc5[nH]ccc45)nc(N4CCOCC4)c3s2)C1,6.0,0.0,1
CHEMBL3267,COCC(=O)N(C)C1CCN(Cc2cc3nc(-c4cccc5[nH]ccc45)nc(N4CCOCC4)c3s2)CC1,5.7,0.0,1
CHEMBL3267,COCC(=O)N(C)C1CCN(Cc2cc3nc(-c4cccc5[nH]ncc45)nc(N4CCOCC4)c3s2)C1,6.0,0.0,1
CHEMBL3267,COCC(=O)N(C)C1CCN(Cc2cc3nc(-c4cccc5[nH]ncc45)nc(N4CCOCC4)c3s2)CC1,5.9,0.0,1
CHEMBL3267,COCC(=O)N(C)C1CCN(Cc2cc3nc(-c4cnc(N)nc4)nc(N4CCOCC4)c3s2)C1,8.1,0.0,1
CHEMBL3267,COCC(=O)N(C)C1CCN(Cc2cc3nc(-c4cnc(N)nc4)nc(N4CCOCC4)c3s2)CC1,6.9,0.0,1
CHEMBL3267,COCC(=O)NC1CCCN(Cc2cc3nc(-c4cccc5[nH]ccc45)nc(N4CCOCC4)c3s2)C1,5.7,0.0,1
CHEMBL3267,COCC(=O)NC1CCCN(Cc2cc3nc(-c4cccc5[nH]ncc45)nc(N4CCOCC4)c3s2)C1,5.6,0.0,1
CHEMBL3267,COCC(=O)NC1CCCN(Cc2cc3nc(-c4cnc(N)nc4)nc(N4CCOCC4)c3s2)C1,6.2,0.0,1
CHEMBL3267,COCC(=O)NC1CCN(Cc2cc3nc(-c4cccc5[nH]ccc45)nc(N4CCOCC4)c3s2)C1,5.6,0.0,1
CHEMBL3267,COCC(=O)NC1CCN(Cc2cc3nc(-c4cccc5[nH]ccc45)nc(N4CCOCC4)c3s2)CC1,5.4,0.0,1
CHEMBL3267,COCC(=O)NC1CCN(Cc2cc3nc(-c4cccc5[nH]ncc45)nc(N4CCOCC4)c3s2)C1,6.1,0.0,1
CHEMBL3267,COCC(=O)NC1CCN(Cc2cc3nc(-c4cccc5[nH]ncc45)nc(N4CCOCC4)c3s2)CC1,5.8,0.0,1
CHEMBL3267,COCC(=O)NC1CCN(Cc2cc3nc(-c4cnc(N)nc4)nc(N4CCOCC4)c3s2)C1,7.3,0.0,1
CHEMBL3267,COCC(=O)NC1CCN(Cc2cc3nc(-c4cnc(N)nc4)nc(N4CCOCC4)c3s2)CC1,7.2,0.0,1
CHEMBL3267,COCC(=O)NCc1cccc(Nc2cc3nc(-c4cnc(OC)c(OC)c4)ccn3n2)n1,9.77,0.0,1
CHEMBL3267,COCC(C)(C)Cc1noc(-c2sc(NC(C)=O)nc2C)n1,7.17,0.0,1
CHEMBL3267,COCC(COC)n1c([C@H](C)Nc2nc(N)nc(N)c2C#N)nc2cccc(Cl)c2c1=O,5.85,0.0,1
CHEMBL3267,COCC(NS(=O)(=O)c1ccc(C)c(-c2cnc(N)c(-c3cc(C)no3)c2)c1)C(C)C,7.25,0.0,1
CHEMBL3267,COCC(O)Cn1cc(-c2ccc3c(c2)N(c2nc4c(s2)C(=O)NC(C)(C)C4)CCO3)cn1,7.28,0.0,1
CHEMBL3267,COCC1CCN(S(=O)(=O)c2ccc(C)c(-c3cnc(N)c(-c4cc(C)no4)c3)c2)CC1,6.75,0.0,1
CHEMBL3267,COCCCn1c([C@H](C)Nc2nc(N)nc(N)c2C#N)nc2c(Cl)ccc(Cl)c2c1=O,5.77,0.0,1
CHEMBL3267,COCCCn1c([C@H](C)Nc2nc(N)nc(N)c2C#N)nc2c(F)ccc(F)c2c1=O,5.66,0.0,1
CHEMBL3267,COCCCn1c([C@H](C)Nc2ncnc(N)c2C#N)nc2cccc(Cl)c2c1=O,5.08,0.0,1
CHEMBL3267,COCCN(C)C(=O)c1cc(C(C)Nc2cc(F)cc(F)c2)c2oc(N3CCOCC3)cc(=O)c2c1,5.58,0.0,1
CHEMBL3267,COCCN(C)Cc1cnc2oc3c(N4CCOCC4)nc(-c4cccc5[nH]ccc45)nc3c2c1,5.74,0.0,1
CHEMBL3267,COCCN(CCO)c1nc(N2CCOCC2)nc(-n2c(C(F)F)nc3ccccc32)n1,7.51,0.0,1
CHEMBL3267,COCCN(CCOC)C(=O)CCCC#Cc1cccc2nc(Cn3nc(-c4cccc(O)c4)c4c(N)ncnc43)n(Cc3ccccc3Cl)c(=O)c12,7.609999999999999,0.01414213562373159,2
CHEMBL3267,COCCN(CCOC)c1nc(N2CCOCC2)nc(-n2c(C(F)F)nc3ccccc32)n1,7.19,0.0,1
CHEMBL3267,COCCNC(=O)Nc1cc2nc(-c3cnc(OC)c(OC)c3)ccn2n1,7.42,0.0,1
CHEMBL3267,COCCNC(=O)Nc1ccc(-c2cnc(Cl)c(NS(=O)(=O)c3ccccc3)c2)cn1,6.61,0.0,1
CHEMBL3267,COCCNC(=O)c1cc(C(C)Nc2cc(F)cc(F)c2)c2oc(N3CCOCC3)cc(=O)c2c1,6.28,0.0,1
CHEMBL3267,COCCNC(=O)c1cc(Nc2nc3ccccc3nc2NS(=O)(=O)c2cn(C)cn2)cc(OC)c1,6.4,0.0,1
CHEMBL3267,COCCNC(=O)c1cccc(Nc2nc(C)c(-c3cc4c(c(S(C)(=O)=O)c3)C(=O)N([C@@H](C)C3CC3)C4)s2)n1,9.1,0.0,1
CHEMBL3267,COCCNCc1cccc(Cc2c([C@H](C)Nc3ncnc(N)c3C#N)cc3scc(C)n3c2=O)c1,6.4,0.0,1
CHEMBL3267,COCCNS(=O)(=O)c1cc(-c2sc(NC(C)=O)nc2C)cc2c1C(=O)N([C@@H](C)C1CC1)C2,8.95,0.07071067811865513,2
CHEMBL3267,COCCNc1c(-c2ccccc2)c([C@H](C)Nc2ncnc(N)c2C#N)nc2ccc(F)cc12,7.89,0.0,1
CHEMBL3267,COCCNc1nc(-c2sc(NC(C)=O)nc2C)cs1,6.45,0.0,1
CHEMBL3267,COCCOCCNC(=O)CCCC#Cc1cccc2nc(Cn3nc(-c4cccc(O)c4)c4c(N)ncnc43)n(Cc3ccccc3Cl)c(=O)c12,7.33,0.0,1
CHEMBL3267,COCCOCCOCC#Cc1cccc2nc(Cn3nc(-c4cc(O)cc(F)c4)c4c(N)ncnc43)n(Cc3ccccc3C(F)(F)F)c(=O)c12,7.55,0.0,1
CHEMBL3267,COCCOCCOCC#Cc1cccc2nc(Cn3nc(-c4cccc(O)c4)c4c(N)ncnc43)n(Cc3ccccc3F)c(=O)c12,6.92,0.0,1
CHEMBL3267,COCCOc1ccc(-c2ccc3nc(N)sc3c2)cn1,5.5,0.0,1
CHEMBL3267,COCCOn1ccc(-c2ccc3nc(N)sc3c2)cc1=O,5.0,0.0,1
CHEMBL3267,COCCS(=O)(=O)Nc1cc(-c2sc(NC(C)=O)nc2C)cc2c1C(=O)N([C@@H](C)C1CC1)C2,9.0,0.0,1
CHEMBL3267,COCCc1ccc(OC)cc1Nc1nc2ccccc2nc1NS(=O)(=O)C1CCN(C(C)=O)CC1,6.52,0.0,1
CHEMBL3267,COCCc1ccc(OC)cc1Nc1nc2ccccc2nc1NS(=O)(=O)C1CCNCC1,7.01,0.0,1
CHEMBL3267,COCCc1ccc(OC)cc1Nc1nc2ccccc2nc1NS(=O)(=O)c1cn(C)c(CS(C)(=O)=O)n1,6.7,0.0,1
CHEMBL3267,COCCc1ccc(OC)cc1Nc1nc2ccccc2nc1NS(=O)(=O)c1cn(C)cn1,7.08,0.0,1
CHEMBL3267,COCCn1cc(-c2c(N)nn3ccc(-c4cnc(OC)c(OC)c4)nc23)cn1,8.54,0.0,1
CHEMBL3267,COCOc1cc(-c2nn(C(C)C)c3ncnc(N)c23)ccc1Br,5.1,0.0,1
CHEMBL3267,COC[C@@H](O)Cn1cc(-c2ccc3c(c2)N(c2nc4c(s2)C(=O)NC(C)(C)C4)CCO3)cn1,7.34,0.0,1
CHEMBL3267,COC[C@@H]1COCCN1S(=O)(=O)c1ccc(C)c(-c2cnc(N)c(-c3cc(C)no3)c2)c1,6.4,0.0,1
CHEMBL3267,COC[C@H](C)N1Cc2cc(-c3cnc4[nH]cc(-c5ccncc5)c4c3)cc(C)c2C1=O,8.05,0.0,1
CHEMBL3267,COC[C@H](C)n1c([C@H](C)Nc2nc(N)nc(N)c2C#N)nc2cccc(Cl)c2c1=O,6.48,0.0,1
CHEMBL3267,COC[C@H](O)Cn1cc(-c2ccc3c(c2)N(c2nc4c(s2)C(=O)NC(C)(C)C4)CCO3)cn1,7.29,0.0,1
CHEMBL3267,COC[C@H]1OC(=O)/C(=C/N(C)CCCN(C)C)C2=C(O)C(=O)C3=C([C@H](OC(C)=O)C[C@]4(C)[C@@H](O)CC[C@@H]34)[C@]21C,5.1,0.0,1
CHEMBL3267,COC[C@H]1OC(=O)c2coc3c2[C@@]1(C)C1=C(C3=O)[C@@H]2CCC(=O)[C@@]2(C)C[C@H]1OC(C)=O,6.8325,1.7894389251010123,4
CHEMBL3267,COCc1c(-c2ccccn2)c([C@H](C)Nc2ncnc(N)c2C#N)nc2ccc(F)cc12,5.3,0.0,1
CHEMBL3267,COCc1ccc(-c2cc3c(N[C@@H](C)c4ccn(C)n4)c(C(N)=O)cnc3cc2F)cn1,5.15,0.0,1
CHEMBL3267,CON(C)S(=O)(=O)c1ccc(C)c(-c2cnc(N)c(-c3cc(C)no3)c2)c1,6.82,0.0,1
CHEMBL3267,CONS(=O)(=O)c1ccc(C)c(-c2cnc(N)c(-c3nc(C)no3)c2)c1,7.17,0.0,1
CHEMBL3267,CO[C@@H](C)Cn1c(=O)n(C)c2cnc3ccc(-c4cncc(C(C)(C)O)c4)cc3c21,7.52,0.14142135623730995,2
CHEMBL3267,CO[C@H]1C[C@@H](c2nc3cccc(-c4cnn(C)c4)c3c(=O)n2-c2ccccc2)N(c2nc(N)nc(C)c2C#N)C1,7.42,0.0,1
CHEMBL3267,CO[C@H]1C[C@@H](c2nc3cccc(-c4cnn(C)c4)c3c(=O)n2-c2ccccc2)N(c2nc(N)nc3[nH]cnc23)C1,6.64,0.0,1
CHEMBL3267,CO[C@H]1C[C@@H](c2nc3cccc(Cl)c3c(=O)n2-c2ccccc2)N(c2ncnc(N)c2C#N)C1,7.46,0.0,1
CHEMBL3267,COc1c(-c2ccccc2)c([C@H](C)Nc2ncnc(N)c2C#N)nc2ccc(F)cc12,7.96,0.0,1
CHEMBL3267,COc1c(OCCCCCC(=O)NO)ccc2c1N=C(NC(=O)c1ccccc1)N1CCN=C21,7.6,0.0,1
CHEMBL3267,COc1c(OCCCN2CCOCC2)ccc2c1N=C(NC(=O)c1cnc(N)nc1)N1CCN=C21,8.419999999999998,0.5397221507405459,5
CHEMBL3267,COc1cc(-c2c[nH]c3ncc(-c4cc(C)c5c(c4)CN([C@@H](C)C4CC4)C5=O)cc23)ccc1C(=O)O,8.82,0.0,1
CHEMBL3267,COc1cc(-c2c[nH]c3ncnc(N[C@@H](C)c4nn5ccc(C)c5c(=O)n4-c4ccccc4)c23)ccc1O,9.52,0.0,1
CHEMBL3267,COc1cc(-c2cc3c(N[C@H]4CCN(C(=O)C5CCC5)C4)ncnc3s2)cnc1OC,5.7,0.0,1
CHEMBL3267,COc1cc(-c2cc3c(O[C@H]4CCN(C(=O)C5CCC5)C4)ncnc3s2)cnc1OC,5.54,0.0,1
CHEMBL3267,COc1cc(-c2ccc3[nH]c(NC(=O)NCCOc4cccnc4)nc3c2)cnc1OC,7.29,0.0,1
CHEMBL3267,COc1cc(-c2ccc3c(n2)[C@@H](C)N(c2cnn(CC(F)(F)F)c2)C3=O)cnc1OC,6.574999999999999,0.3889087296526007,2
CHEMBL3267,COc1cc(-c2ccc3nc(NC(=O)NCCOc4cccnc4)cn3n2)cnc1OC,8.85,0.0,1
CHEMBL3267,COc1cc(-c2ccc3nc(NC(=O)NCCOc4cccnc4)nn3c2)cnc1OC,8.19,0.0,1
CHEMBL3267,COc1cc(-c2ccn3nc(N)c(-c4ccoc4)c3n2)cnc1OC,7.68,0.0,1
CHEMBL3267,COc1cc(-c2ccn3nc(N)c(-c4cn(C)nc4C)c3n2)cnc1OC,7.87,0.0,1
CHEMBL3267,COc1cc(-c2ccn3nc(N)c(-c4cncs4)c3n2)cnc1OC,8.89,0.0,1
CHEMBL3267,COc1cc(-c2ccn3nc(N)c(-c4cnn(C(C)C)c4)c3n2)cnc1OC,8.2,0.0,1
CHEMBL3267,COc1cc(-c2ccn3nc(N)c(-c4cnn(C(F)F)c4)c3n2)cnc1OC,8.43,0.0,1
CHEMBL3267,COc1cc(-c2ccn3nc(N)c(-c4cnn(C)c4)c3n2)cnc1OC,8.4,0.0,1
CHEMBL3267,COc1cc(-c2ccn3nc(N)c(-c4cnn(CC(F)F)c4)c3n2)cnc1OC,8.41,0.0,1
CHEMBL3267,COc1cc(-c2ccn3nc(N)c(C(=O)NC4CC4)c3n2)cc2c1C(=O)N([C@@H](C)C1CC1)C2,8.42,0.0,1
CHEMBL3267,COc1cc(-c2ccn3nc(N)cc3n2)cnc1OC,8.51,0.0,1
CHEMBL3267,COc1cc(-c2ccn3nc(NC(=O)CCCOc4ccccc4)cc3n2)cnc1OC,6.86,0.0,1
CHEMBL3267,COc1cc(-c2ccn3nc(NC(=O)NCCN4CCOCC4)cc3n2)cnc1OC,8.07,0.0,1
CHEMBL3267,COc1cc(-c2ccn3nc(NC(=O)NCCOC(C)C)cc3n2)cnc1OC,9.1,0.0,1
CHEMBL3267,COc1cc(-c2ccn3nc(NC(=O)NCCOCC4CC4)cc3n2)cnc1OC,8.07,0.0,1
CHEMBL3267,COc1cc(-c2ccn3nc(NC(=O)NCCOc4ccccc4)cc3n2)cnc1OC,8.35,0.0,1
CHEMBL3267,COc1cc(-c2ccn3nc(NC(=O)NCCOc4cccnc4)cc3c2)cnc1OC,8.82,0.0,1
CHEMBL3267,COc1cc(-c2ccn3nc(NC(=O)NCCOc4cccnc4)cc3n2)cnc1OC,9.3,0.0,1
CHEMBL3267,COc1cc(-c2ccn3nc(NC(=O)NCCOc4cccnc4)nc3c2)cnc1OC,8.14,0.0,1
CHEMBL3267,COc1cc(-c2ccn3nc(Nc4cccc(CN)n4)cc3n2)cnc1OC,7.46,0.0,1
CHEMBL3267,COc1cc(-c2ccn3nc(Nc4cccc(CN5CCN(C)C5=O)n4)cc3n2)cnc1OC,8.14,0.0,1
CHEMBL3267,COc1cc(-c2ccn3nc(Nc4cccc(CNC(=O)C(F)F)n4)cc3n2)cnc1OC,8.64,0.0,1
CHEMBL3267,COc1cc(-c2ccn3nc(Nc4cccc(CNC(=O)C5CC5)n4)cc3n2)cnc1OC,8.79,0.0,1
CHEMBL3267,COc1cc(-c2ccn3nc(Nc4cccc(CNC(=O)C5CCCC5)n4)cc3n2)cnc1OC,8.66,0.0,1
CHEMBL3267,COc1cc(-c2ccn3nc(Nc4cccc(CNC(=O)C5CCCCC5)n4)cc3n2)cnc1OC,8.38,0.0,1
CHEMBL3267,COc1cc(-c2ccn3nc(Nc4cccc(CNC(=O)CC(F)F)n4)cc3n2)cnc1OC,8.52,0.0,1
CHEMBL3267,COc1cc(-c2ccn3nc(Nc4cccc(CNC(=O)CCc5ccccc5)n4)cc3n2)cnc1OC,7.27,0.0,1
CHEMBL3267,COc1cc(-c2ccn3nc(Nc4cccc(CNC(=O)c5c(F)cccc5F)n4)cc3n2)cnc1OC,8.15,0.0,1
CHEMBL3267,COc1cc(-c2ccn3nc(Nc4cccc(CNC(=O)c5ccc(C(F)(F)F)cc5)n4)cc3n2)cnc1OC,7.78,0.0,1
CHEMBL3267,COc1cc(-c2ccn3nc(Nc4cccc(CNC(=O)c5ccc(F)cc5)n4)cc3n2)cnc1OC,8.43,0.0,1
CHEMBL3267,COc1cc(-c2ccn3nc(Nc4cccc(CNC(=O)c5ccc(OC(C)C)cc5)n4)cc3n2)cnc1OC,7.51,0.0,1
CHEMBL3267,COc1cc(-c2ccn3nc(Nc4cccc(CNC(=O)c5ccc(OC(F)(F)F)cc5)n4)cc3n2)cnc1OC,7.38,0.0,1
CHEMBL3267,COc1cc(-c2ccn3nc(Nc4cccc(CNC(=O)c5cccc(F)c5)n4)cc3n2)cnc1OC,8.51,0.0,1
CHEMBL3267,COc1cc(-c2ccn3nc(Nc4cccc(CNC(=O)c5cccc6c5OCCO6)n4)cc3n2)cnc1OC,8.29,0.0,1
CHEMBL3267,COc1cc(-c2ccn3nc(Nc4cccc(CNC(=O)c5cccc6c5OCO6)n4)cc3n2)cnc1OC,8.62,0.0,1
CHEMBL3267,COc1cc(-c2ccn3nc(Nc4cccc(CNC(=O)c5ccccc5)n4)cc3n2)cnc1OC,8.48,0.0,1
CHEMBL3267,COc1cc(-c2ccn3nc(Nc4cccc(CNC(=O)c5ccccc5F)n4)cc3n2)cnc1OC,8.88,0.0,1
CHEMBL3267,COc1cc(-c2ccn3nc(Nc4cccc(CNC(=O)c5ccccn5)n4)cc3n2)cnc1OC,8.49,0.0,1
CHEMBL3267,COc1cc(-c2ccn3nc(Nc4cccc(CNC(=O)c5ccco5)n4)cc3n2)cnc1OC,8.65,0.0,1
CHEMBL3267,COc1cc(-c2ccn3nc(Nc4cccc(CNC(=O)c5ccoc5)n4)cc3n2)cnc1OC,8.31,0.0,1
CHEMBL3267,COc1cc(-c2ccn3nc(Nc4cccc(CNC(=O)c5cn(C)cn5)n4)cc3n2)cnc1OC,9.21,0.0,1
CHEMBL3267,COc1cc(-c2ccn3nc(Nc4cccc(CNC(C)=O)n4)cc3n2)cnc1OC,9.62,0.0,1
CHEMBL3267,COc1cc(-c2ccn3nc(Nc4cccc(Cn5cnc(C)c5)n4)cc3n2)cnc1OC,7.89,0.0,1
CHEMBL3267,COc1cc(-c2ccn3nc(Nc4cccc(N)n4)cc3n2)cnc1OC,9.21,0.0,1
CHEMBL3267,COc1cc(-c2ccn3nc(Nc4ccccn4)cc3n2)cnc1OC,8.08,0.0,1
CHEMBL3267,COc1cc(-c2ccn3nc(Nc4cccnc4)cc3n2)cnc1OC,7.92,0.0,1
CHEMBL3267,COc1cc(-c2ccn3nc(Nc4ccncc4)cc3n2)cnc1OC,7.9,0.0,1
CHEMBL3267,COc1cc(-c2cnc3[nH]cc(-c4cnn(C)c4)c3c2)cc2c1C(=O)N([C@@H](C)C1CC1)C2,8.37,0.0,1
CHEMBL3267,COc1cc(-c2cnc3ccc(NCc4ccco4)nn23)ccc1O,5.16,0.0,1
CHEMBL3267,COc1cc(-c2cnn3ccc(Nc4ccc(C(C)C)cc4)nc23)ccc1O,5.62,0.0,1
CHEMBL3267,COc1cc(-c2nn(C(C)C)c3ncnc(N)c23)cc(OC)c1OC,4.0,0.0,1
CHEMBL3267,COc1cc(-c2nn(C(C)C)c3ncnc(N)c23)ccc1F,6.26,0.0,1
CHEMBL3267,COc1cc(-c2nn(C(C)C)c3ncnc(N)c23)ccc1N,6.16,0.0,1
CHEMBL3267,COc1cc(-c2nn(C(C)C)c3ncnc(N)c23)ccc1NC(=O)OC(C)(C)C,5.75,0.0,1
CHEMBL3267,COc1cc(-c2nn(C(C)C)c3ncnc(N)c23)ccc1NC(C)CO,4.0,0.0,1
CHEMBL3267,COc1cc(-c2nn(C(C)C)c3ncnc(N)c23)ccc1O,6.72,0.0,1
CHEMBL3267,COc1cc(-c2nn(C3CCCC3)c3ncnc(N)c23)ccc1N,6.57,0.0,1
CHEMBL3267,COc1cc(-c2nnc(SCc3c(F)cccc3F)o2)ccc1OCc1c(F)cccc1F,5.24,0.0,1
CHEMBL3267,COc1cc(-c2nnc(SCc3ccc(C)cc3)o2)ccc1O,5.13,0.0,1
CHEMBL3267,COc1cc(-c2nnc(SCc3ccccc3)o2)ccc1O,5.87,0.0,1
CHEMBL3267,COc1cc(-c2nnc(SCc3ccccc3C)o2)ccc1O,5.19,0.0,1
CHEMBL3267,COc1cc(-c2nnc(SCc3ccccc3F)o2)ccc1OCc1ccccc1F,5.29,0.0,1
CHEMBL3267,COc1cc(Br)cc(-c2nn(C(C)C)c3ncnc(N)c23)c1,5.37,0.0,1
CHEMBL3267,COc1cc(C#Cc2cccc3cc([C@H](C)NC(=O)c4c(N)nn5cccnc45)n(-c4ccccc4)c(=O)c23)ccn1,5.609999999999999,0.1272792206135787,2
CHEMBL3267,COc1cc(CCN2C(=O)COc3ccc(/C=C4\SC(=S)NC4=O)cc32)cc(OC)c1,8.24,0.4384062043356602,2
CHEMBL3267,COc1cc(CN(C)C)cc(Nc2nc3ccccc3nc2NS(=O)(=O)c2cn(C)cn2)c1,5.96,0.0,1
CHEMBL3267,COc1cc(CN(c2cc(-c3cc(OC4CCOCC4)c4ncnc(C)c4c3)cnc2OC)S(=O)(=O)c2ccc(F)cc2F)c([N+](=O)[O-])cc1OC,5.35,0.0,1
CHEMBL3267,COc1cc(CN2CCN(C)CC2)cc(Nc2nc3ccccc3nc2NS(=O)(=O)c2cccnc2)c1,6.01,0.0,1
CHEMBL3267,COc1cc(COC(=O)n2ncc3cc(-c4cnc(Cl)c(NS(=O)(=O)c5ccccc5)c4)cnc32)c([N+](=O)[O-])cc1OC,7.08,0.0,1
CHEMBL3267,COc1cc(F)c(-c2nn(C(C)C)c3ncnc(N)c23)cc1F,6.09,0.0,1
CHEMBL3267,COc1cc(F)c2[nH]c(-c3c(C)nn(C)c3C)c(/C=C3/Oc4ccc(NC(=O)Nc5ccc(C(=O)N(C)CCN(C)C)cc5)cc4C3=O)c2c1,8.62,0.0,1
CHEMBL3267,COc1cc(F)cc(C#Cc2c(N)ncnc2N[C@@H](C)c2nc3cccc(Cl)c3c(=O)n2-c2ccccc2)c1,6.26,0.0,1
CHEMBL3267,COc1cc(F)cc(NC(C)c2cc(C(=O)N(C)C)cc3c(=O)cc(N4CCOCC4)oc23)c1,5.8,0.0,1
CHEMBL3267,COc1cc(N)cc2c1nc(C(F)F)n2-c1nc(N2CCOCC2)nc(N2CCOCC2)n1,7.5,0.0,1
CHEMBL3267,COc1cc(Nc2ccn3ncc(-c4cccc(C(N)=O)c4)c3n2)cc(OC)c1OC,5.21,0.0,1
CHEMBL3267,COc1cc(Nc2nc3ccccc3nc2NS(=O)(=O)CCCS(C)(=O)=O)cc(C(=O)NCCO)c1,6.46,0.0,1
CHEMBL3267,COc1cc(Nc2nc3ccccc3nc2NS(=O)(=O)c2ccc(F)cc2)cc(OC)c1,5.0,0.0,1
CHEMBL3267,COc1cc(Nc2nc3ccccc3nc2NS(=O)(=O)c2ccc(NC(=O)c3ccc(C)c(OC)c3)cc2)cc(OC)c1,8.05,0.0,1
CHEMBL3267,COc1cc(Nc2nc3ccccc3nc2NS(=O)(=O)c2cccnc2)cc(C(=O)N2CCN(C)CC2)c1,5.48,0.0,1
CHEMBL3267,COc1cc(Nc2nc3ccccc3nc2NS(=O)(=O)c2cccnc2)cc(C(=O)N2CCOCC2)c1,5.51,0.0,1
CHEMBL3267,COc1cc(Nc2nc3ccccc3nc2NS(=O)(=O)c2cn(C)cn2)cc(C(=O)N(C)C)c1,6.12,0.0,1
CHEMBL3267,COc1cc(Nc2nc3ccccc3nc2NS(=O)(=O)c2cn(C)cn2)cc(C(=O)NCCO)c1,7.0,0.0,1
CHEMBL3267,COc1cc(Nc2nc3ccccc3nc2NS(C)(=O)=O)cc(C(=O)N2CCOCC2)c1,5.25,0.0,1
CHEMBL3267,COc1cc(Nc2nccc(-c3ccc(Cl)cc3)n2)cc(OC)c1OC,7.19,0.0,1
CHEMBL3267,COc1cc(O)cc(/C=C2\SC(=S)NC2=O)c1,6.795,0.44547727214752453,2
CHEMBL3267,COc1cc(OC)c(/C=C/C(=O)c2c(OC)cc(OC)c(C3CCN(C)CC3)c2O)c(OC)c1,5.0,0.0,1
CHEMBL3267,COc1cc(OC)cc(C(=O)NCc2cccc(Nc3cc4nc(-c5cnc(OC)c(OC)c5)ccn4n3)n2)c1,7.52,0.0,1
CHEMBL3267,COc1cc2c(c(-c3cnc(OC)c(NS(C)(=O)=O)c3)c1)CNC2=O,5.79,0.0,1
CHEMBL3267,COc1cc2c(cc1OC)C1=NCCN1C(NC(=O)c1cccnc1)=N2,7.22,0.0,1
CHEMBL3267,COc1cc2ncnc(Nc3ccc(CC#N)cc3)c2cc1OC,4.4,0.0,1
CHEMBL3267,COc1ccc(-c2cc(-c3ccnn3CC(F)(F)F)c3c(N)ncnn23)cc1N1CCOC(C)(C)C1=O,7.8,0.0,1
CHEMBL3267,COc1ccc(-c2cc(C(=O)N/N=C(\C=C\c3ccc(Cl)cc3)c3ccc(N)cc3)c3ccccc3n2)cc1,7.28,0.0,1
CHEMBL3267,COc1ccc(-c2cc(C(F)(F)F)c3c(N)ncnn23)cc1N1CCOC(C)(C)C1=O,6.72,0.0,1
CHEMBL3267,COc1ccc(-c2cc(CNc3ccc(S(=O)(=O)Nc4nnc(C)s4)cc3)cc(C(=O)NC(CO)CO)c2)cn1,7.6,0.0,1
CHEMBL3267,COc1ccc(-c2cc(CNc3ccc(S(=O)(=O)Nc4nnc(C)s4)cc3)cc(C(=O)NCCC(C)C)c2)cn1,8.0,0.0,1
CHEMBL3267,COc1ccc(-c2cc(CNc3ccc(S(=O)(=O)Nc4nnc(C)s4)cc3)cc(C(=O)NCCc3ccccc3F)c2)cn1,8.36,0.0,1
CHEMBL3267,COc1ccc(-c2cc(CNc3ccc(S(=O)(=O)Nc4nnc(C)s4)cc3)cc(C(=O)O)c2)cn1,8.59,0.0,1
CHEMBL3267,COc1ccc(-c2cc(Cl)c3c(N)ncnn23)cc1N1CCOC(C)(C)C1=O,6.82,0.0,1
CHEMBL3267,COc1ccc(-c2cc(OCCN(C)c3ncc(C(=O)NO)cn3)c3ncnc(C)c3c2)cn1,6.33,0.0,1
CHEMBL3267,COc1ccc(-c2cc(O[C@@H]3CCN(C(=O)C4CC4)C3)cc3c2CNC3=O)cn1,5.32,0.0,1
CHEMBL3267,COc1ccc(-c2cc3c(C)nc(N)nc3n([C@H]3CC[C@H](OCCO)CC3)c2=O)cn1,8.72,0.0,1
CHEMBL3267,COc1ccc(-c2ccc3c(c2)N(c2nc4c(s2)C(=O)NC(C)(C)C4)CCO3)nn1,6.65,0.0,1
CHEMBL3267,COc1ccc(-c2ccc3nc(C)c(-c4cnc(N)c(C(F)(F)F)c4)n3n2)cc1OC,6.8,0.0,1
CHEMBL3267,COc1ccc(-c2ccc3nc(N)n(-c4ccccc4)c(=O)c3c2)cc1NS(=O)(=O)c1ccc(F)cc1F,6.5,0.0,1
CHEMBL3267,COc1ccc(-c2ccc3nc(N)sc3c2)cn1,6.4,0.0,1
CHEMBL3267,COc1ccc(-c2ccc3nc(NC(C)=O)nn3c2)cc1,6.0,0.0,1
CHEMBL3267,COc1ccc(-c2ccc3nc(NC(C)=O)nn3c2)cc1OC,7.4,0.0,1
CHEMBL3267,COc1ccc(-c2ccc3ncc4c(c3c2)n(-c2ccc(N3CCNCC3)c(C(F)(F)F)c2)c(=O)n4C)cn1,7.42,0.0,1
CHEMBL3267,COc1ccc(-c2ccc3ncnc(-c4cccc(C(=O)N5CCN(C(C)=O)CC5)c4)c3c2)cc1OC,6.66,0.0,1
CHEMBL3267,COc1ccc(-c2ccc3ncnc(-c4cccc(C(=O)N5CCN(C(C)=O)CC5)c4)c3c2)cn1,5.57,0.0,1
CHEMBL3267,COc1ccc(-c2ccc3ncnc(-c4cccc(C(=O)N5CCN(C)CC5)c4)c3c2)cc1OC,6.13,0.0,1
CHEMBL3267,COc1ccc(-c2ccc3ncnc(-c4cccc(C(=O)N5CCN(C)CC5)c4)c3c2)cn1,5.1,0.0,1
CHEMBL3267,COc1ccc(-c2ccc3ncnc(N4CCC[C@H](C(=O)N5CCN(C)CC5)C4)c3c2)cn1,5.35,0.0,1
CHEMBL3267,COc1ccc(-c2ccc3ncnc(N[C@H]4CCN(C(=O)C5CC5)C4)c3c2)cn1,6.65,0.0,1
CHEMBL3267,COc1ccc(-c2ccc3ncnc(O[C@@H]4CCN(C(=O)OC(C)(C)C)C4)c3c2)cc1OC,6.19,0.0,1
CHEMBL3267,COc1ccc(-c2ccc3ncnc(O[C@@H]4CCN(C(C)=O)C4)c3c2)cc1OC,5.91,0.0,1
CHEMBL3267,COc1ccc(-c2ccc3ncnc(O[C@@H]4CCN(C)C4)c3c2)cc1OC,5.68,0.0,1
CHEMBL3267,COc1ccc(-c2ccc3ncnc(O[C@H]4CCN(C(=O)OC(C)(C)C)C4)c3c2)cc1OC,6.55,0.0,1
CHEMBL3267,COc1ccc(-c2ccc3ncnc(O[C@H]4CCN(C(C)=O)C4)c3c2)cc1OC,6.71,0.0,1
CHEMBL3267,COc1ccc(-c2ccc3ncnc(O[C@H]4CCN(C)C4)c3c2)cc1OC,5.92,0.0,1
CHEMBL3267,COc1ccc(-c2cccc(CNc3ccc(S(=O)(=O)Nc4nnc(C)s4)cc3)c2)cn1,7.28,0.0,1
CHEMBL3267,COc1ccc(-c2cccc3nc([C@@H]4CCCN4c4nc(N)nc(C)c4C#N)n(-c4ccccc4)c(=O)c23)cn1,6.57,0.0,1
CHEMBL3267,COc1ccc(-c2cccc3nc([C@@H]4C[C@H](O)CN4c4nc(N)nc(C)c4C#N)n(-c4ccccc4)c(=O)c23)cn1,7.24,0.0,1
CHEMBL3267,COc1ccc(-c2ccccc2)cc1Nc1nccc(-c2ccc(C(N)=O)cc2)n1,5.1,0.0,1
CHEMBL3267,COc1ccc(-c2ccn3nc(NC(=O)NCCOc4cccnc4)cc3c2)cc1OC,7.41,0.0,1
CHEMBL3267,COc1ccc(-c2ccn3nc(NC(=O)NCCOc4cccnc4)cc3c2)cn1,6.83,0.0,1
CHEMBL3267,COc1ccc(-c2ccnc(Nc3ccc(Cl)cc3)n2)cc1,6.78,0.0,1
CHEMBL3267,COc1ccc(-c2ccnc(Nc3ccc(Cl)cc3Cl)n2)cc1,6.63,0.0,1
CHEMBL3267,COc1ccc(-c2ccnc(Nc3ccc([N+](=O)[O-])cc3)n2)cc1,6.84,0.0,1
CHEMBL3267,COc1ccc(-c2ccnc(Nc3cccc(OC)c3)n2)cc1,6.71,0.0,1
CHEMBL3267,COc1ccc(-c2cn(Cc3nc4cccc(C)c4c(=O)n3-c3ccccc3C)nn2)c(C)c1,5.52,0.0,1
CHEMBL3267,COc1ccc(-c2csc3c(=O)cc(N4CCOCC4)oc23)cc1,6.26,0.0,1
CHEMBL3267,COc1ccc(-c2n[nH]c3ncnc(N)c23)cc1O,6.28,0.0,1
CHEMBL3267,COc1ccc(-c2nc(N3CCOCC3)c3sc(CN(C)c4ncc(C(=O)NO)cn4)cc3n2)cn1,6.956666666666667,0.4500370355130045,3
CHEMBL3267,COc1ccc(-c2ncnc3ccc(-c4cnc5ccccc5c4)cc23)cc1OC,5.58,0.0,1
CHEMBL3267,COc1ccc(-c2nn(C(C)(C)C)c3ncnc(N)c23)cc1OC,5.97,0.0,1
CHEMBL3267,COc1ccc(-c2nn(C(C)C)c3ncnc(N)c23)cc1,5.85,0.0,1
CHEMBL3267,COc1ccc(-c2nn(C(C)C)c3ncnc(N)c23)cc1O,6.47,0.0,1
CHEMBL3267,COc1ccc(-c2nn(C(C)C)c3ncnc(N)c23)cc1OC,6.7,0.0,1
CHEMBL3267,COc1ccc(-c2nn(C)c3ncnc(N)c23)cc1O,6.7,0.0,1
CHEMBL3267,COc1ccc(-c2nn(C3CCC(C)C3)c3ncnc(N)c23)cc1O,6.95,0.0,1
CHEMBL3267,COc1ccc(-c2nn(C3CCC3)c3ncnc(N)c23)cc1OC,7.14,0.0,1
CHEMBL3267,COc1ccc(-c2nn(C3CCCC3)c3ncnc(N)c23)cc1O,6.92,0.0,1
CHEMBL3267,COc1ccc(-c2nn(C3CCCC3)c3ncnc(N)c23)cc1OC,7.06,0.0,1
CHEMBL3267,COc1ccc(-c2nn(C3CNC3)c3ncnc(N)c23)cc1O,6.34,0.0,1
CHEMBL3267,COc1ccc(-c2nn(C[C@@H](C)CO)c3ncnc(N)c23)cc1OC,5.64,0.0,1
CHEMBL3267,COc1ccc(-c2nn(C[C@H](C)CO)c3ncnc(N)c23)cc1OC,5.72,0.0,1
CHEMBL3267,COc1ccc(-c2nn(Cc3nc4cccc(F)c4c(=O)n3-c3c(C)cccc3C)c3ncnc(N)c23)cc1OC,7.21,0.0,1
CHEMBL3267,COc1ccc(-c2nn([C@@H]3CCNC3)c3ncnc(N)c23)cc1O,5.9,0.0,1
CHEMBL3267,COc1ccc(-c2sc(NC(=O)CCCCC(C)=O)nc2C)cc1S(=O)(=O)NCCNC(=O)OC(C)(C)C,6.5,0.0,1
CHEMBL3267,COc1ccc(-n2c(=O)n(C)c3cnc4ccc(-c5ccncc5)cc4c32)cc1,6.5,0.0,1
CHEMBL3267,COc1ccc(C#Cc2c(N)ncnc2N[C@@H](C)c2nc3c(Cl)ccc(Cl)c3c(=O)n2-c2ccccc2)nc1,6.26,0.0,1
CHEMBL3267,COc1ccc(C#Cc2c(N)ncnc2N[C@@H](C)c2nc3c(F)cccc3c(=O)n2-c2ccccc2)nc1,6.26,0.0,1
CHEMBL3267,COc1ccc(C#Cc2cccc3cc(C(C)Nc4ncnc5[nH]cnc45)n(-c4ccccc4)c(=O)c23)cc1,6.68,0.0,1
CHEMBL3267,COc1ccc(C#Cc2cccc3cc([C@H](C)NC(=O)c4c(N)nn5cccnc45)n(-c4ccccc4)c(=O)c23)cn1,5.609999999999999,0.1272792206135787,2
CHEMBL3267,COc1ccc(C#Cc2csc3c(=O)cc(N4CCOCC4)oc23)cc1,6.3,0.0,1
CHEMBL3267,COc1ccc(C(=O)N2CCN(c3cc4c(cc3F)c(=O)c(C(=O)O)cn4C3CC3)CC2)c(O)c1,7.05,0.0,1
CHEMBL3267,COc1ccc(C(=O)N2CCN(c3cc4c(cc3F)c(=O)c(C(=O)O)cn4C3CC3)CC2)cn1,6.54,0.0,1
CHEMBL3267,COc1ccc(C(=O)NNC(=O)c2cc3nc(-c4cnc(N)nc4)nc(N4CCOCC4)c3s2)cc1,7.89,0.0,1
CHEMBL3267,COc1ccc(C(=O)O)c(Nc2nc3ccccc3nc2NS(=O)(=O)c2cccnc2)c1,5.33,0.0,1
CHEMBL3267,COc1ccc(C(C)C)c(Nc2nc3ccccc3nc2NS(=O)(=O)c2cn(C)cn2)c1,6.7,0.0,1
CHEMBL3267,COc1ccc(C(CO)CO)c(Nc2nc3ccccc3nc2NS(=O)(=O)c2cn(C)cn2)c1,6.26,0.0,1
CHEMBL3267,COc1ccc(CC(O)CO)c(Nc2nc3ccccc3nc2NS(=O)(=O)c2cn(C)cn2)c1,6.92,0.0,1
CHEMBL3267,COc1ccc(CC2CC(C)(C)N(C)C(C)(C)C2)c(Nc2nc3ccccc3nc2NS(=O)(=O)c2cn(C)cn2)c1,6.38,0.0,1
CHEMBL3267,COc1ccc(CC2CCC(O)CC2)c(Nc2nc3ccccc3nc2NS(=O)(=O)c2ccc(CN(C)C)cc2)c1,7.58,0.0,1
CHEMBL3267,COc1ccc(CC2CCC(O)CC2)c(Nc2nc3ccccc3nc2NS(=O)(=O)c2cccnc2)c1,7.7,0.0,1
CHEMBL3267,COc1ccc(CC2CCC(O)CC2)c(Nc2nc3ccccc3nc2NS(=O)(=O)c2cn(C)cn2)c1,7.75,0.0,1
CHEMBL3267,COc1ccc(CC2CCCC2)c(Nc2nc3ccccc3nc2NS(=O)(=O)c2cn(C)cn2)c1,6.75,0.0,1
CHEMBL3267,COc1ccc(CC2CCCCC2)c(Nc2nc3ccccc3nc2NS(=O)(=O)c2ccc(CN(C)C)cc2)c1,6.12,0.0,1
CHEMBL3267,COc1ccc(CC2CCCCC2)c(Nc2nc3ccccc3nc2NS(=O)(=O)c2cccnc2)c1,6.31,0.0,1
CHEMBL3267,COc1ccc(CC2CCCCC2)c(Nc2nc3ccccc3nc2NS(=O)(=O)c2cn(C)cn2)c1,6.35,0.0,1
CHEMBL3267,COc1ccc(CC2CCN(C(=O)CN(C)C)CC2)c(Nc2nc3ccccc3nc2NS(=O)(=O)c2cn(C)cn2)c1,7.0,0.0,1
CHEMBL3267,COc1ccc(CC2CCN(C(C)=O)CC2)c(Nc2nc3ccccc3nc2NS(=O)(=O)c2cccnc2)c1,7.29,0.0,1
CHEMBL3267,COc1ccc(CC2CCN(C(C)=O)CC2)c(Nc2nc3ccccc3nc2NS(=O)(=O)c2cn(C)cn2)c1,7.05,0.0,1
CHEMBL3267,COc1ccc(CC2CCN(C(C)=O)CC2)c(Nc2nc3ccccc3nc2NS(C)(=O)=O)c1,6.77,0.0,1
CHEMBL3267,COc1ccc(CC2CCN(C)CC2)c(Nc2nc3ccccc3nc2NS(=O)(=O)c2cccnc2)c1,7.35,0.0,1
CHEMBL3267,COc1ccc(CC2CCN(C)CC2)c(Nc2nc3ccccc3nc2NS(=O)(=O)c2cn(C)cn2)c1,7.37,0.0,1
CHEMBL3267,COc1ccc(CC2CCN(C)CC2)c(Nc2nc3ccccc3nc2NS(C)(=O)=O)c1,6.96,0.0,1
CHEMBL3267,COc1ccc(CC2CCN(S(C)(=O)=O)CC2)c(Nc2nc3ccccc3nc2NS(=O)(=O)c2cn(C)cn2)c1,6.8,0.0,1
CHEMBL3267,COc1ccc(CC2CCOCC2)c(Nc2nc3ccccc3nc2NS(=O)(=O)c2ccc(CN(C)C)cc2)c1,7.52,0.0,1
CHEMBL3267,COc1ccc(CC2CCOCC2)c(Nc2nc3ccccc3nc2NS(=O)(=O)c2ccc(F)cc2)c1,6.82,0.0,1
CHEMBL3267,COc1ccc(CC2CCOCC2)c(Nc2nc3ccccc3nc2NS(=O)(=O)c2cccnc2)c1,7.57,0.0,1
CHEMBL3267,COc1ccc(CC2CCOCC2)c(Nc2nc3ccccc3nc2NS(=O)(=O)c2cn(C)cn2)c1,7.31,0.0,1
CHEMBL3267,COc1ccc(CC2CCOCC2)c(Nc2nc3ccccc3nc2NS(C)(=O)=O)c1,6.89,0.0,1
CHEMBL3267,COc1ccc(CC2CCS(=O)(=O)CC2)c(Nc2nc3ccccc3nc2NS(=O)(=O)c2ccc(CN(C)C)cc2)c1,8.0,0.0,1
CHEMBL3267,COc1ccc(CC2CCS(=O)(=O)CC2)c(Nc2nc3ccccc3nc2NS(=O)(=O)c2cn(C)cn2)c1,7.52,0.0,1
CHEMBL3267,COc1ccc(CC2CCSCC2)c(Nc2nc3ccccc3nc2NS(=O)(=O)c2ccc(CN(C)C)cc2)c1,7.46,0.0,1
CHEMBL3267,COc1ccc(CC2CCSCC2)c(Nc2nc3ccccc3nc2NS(=O)(=O)c2cn(C)cn2)c1,7.0,0.0,1
CHEMBL3267,COc1ccc(CC2C[C@H]3CC[C@@H](C2)N3C)c(Nc2nc3ccccc3nc2NS(=O)(=O)c2cn(C)cn2)c1,6.96,0.0,1
CHEMBL3267,COc1ccc(CCCN(C)C)c(Nc2nc3ccccc3nc2NS(=O)(=O)c2cn(C)cn2)c1,7.96,0.0,1
CHEMBL3267,COc1ccc(CCCO)c(Nc2nc3ccccc3nc2NS(=O)(=O)C(C)C)c1,7.14,0.0,1
CHEMBL3267,COc1ccc(CCCO)c(Nc2nc3ccccc3nc2NS(=O)(=O)C2CCN(C(=O)OCc3ccccc3)CC2)c1,6.14,0.0,1
CHEMBL3267,COc1ccc(CCCO)c(Nc2nc3ccccc3nc2NS(=O)(=O)C2CCNCC2)c1,7.58,0.0,1
CHEMBL3267,COc1ccc(CCCO)c(Nc2nc3ccccc3nc2NS(=O)(=O)C2CCS(=O)(=O)C2)c1,6.89,0.0,1
CHEMBL3267,COc1ccc(CCCO)c(Nc2nc3ccccc3nc2NS(=O)(=O)CCCS(C)(=O)=O)c1,6.92,0.0,1
CHEMBL3267,COc1ccc(CCCO)c(Nc2nc3ccccc3nc2NS(=O)(=O)c2c(C)noc2C)c1,6.89,0.0,1
CHEMBL3267,COc1ccc(CCCO)c(Nc2nc3ccccc3nc2NS(=O)(=O)c2ccc(NC(=O)CN(C)C)cc2)c1,7.5,0.0,1
CHEMBL3267,COc1ccc(CCCO)c(Nc2nc3ccccc3nc2NS(=O)(=O)c2cccc(NC(=O)CN(C)C)c2)c1,7.52,0.0,1
CHEMBL3267,COc1ccc(CCCO)c(Nc2nc3ccccc3nc2NS(=O)(=O)c2cccc(NC(=O)CO)c2)c1,7.92,0.0,1
CHEMBL3267,COc1ccc(CCCO)c(Nc2nc3ccccc3nc2NS(=O)(=O)c2cccc(NC(=O)COCc3ccccc3)c2)c1,6.32,0.0,1
CHEMBL3267,COc1ccc(CCCO)c(Nc2nc3ccccc3nc2NS(=O)(=O)c2cn(C)c(CN(C)C)n2)c1,7.55,0.0,1
CHEMBL3267,COc1ccc(CCCO)c(Nc2nc3ccccc3nc2NS(=O)(=O)c2cn(C)c(CO)n2)c1,7.08,0.0,1
CHEMBL3267,COc1ccc(CCCO)c(Nc2nc3ccccc3nc2NS(=O)(=O)c2cn(C)c(CS(C)(=O)=O)n2)c1,7.06,0.0,1
CHEMBL3267,COc1ccc(CCCO)c(Nc2nc3ccccc3nc2NS(=O)(=O)c2cn(C)cn2)c1,7.68,0.0,1
CHEMBL3267,COc1ccc(CCCO)c(Nc2nc3ccccc3nc2NS(C)(=O)=O)c1,7.19,0.0,1
CHEMBL3267,COc1ccc(CCCS(C)(=O)=O)c(Nc2nc3ccccc3nc2NS(=O)(=O)c2cn(C)cn2)c1,7.3,0.0,1
CHEMBL3267,COc1ccc(CCN2C(=O)COc3ccc(/C=C4\SC(=S)NC4=O)cc32)cc1,7.869999999999999,0.43840620433565924,2
CHEMBL3267,COc1ccc(CCO)c(Nc2nc3ccccc3nc2NS(=O)(=O)C2CCCCC2)c1,7.24,0.0,1
CHEMBL3267,COc1ccc(CCO)c(Nc2nc3ccccc3nc2NS(=O)(=O)C2CCS(=O)(=O)C2)c1,7.07,0.0,1
CHEMBL3267,COc1ccc(CCO)c(Nc2nc3ccccc3nc2NS(=O)(=O)CCCS(C)(=O)=O)c1,6.92,0.0,1
CHEMBL3267,COc1ccc(CCO)c(Nc2nc3ccccc3nc2NS(=O)(=O)CCCSC)c1,7.12,0.0,1
CHEMBL3267,COc1ccc(CCO)c(Nc2nc3ccccc3nc2NS(=O)(=O)c2c(C)noc2C)c1,6.54,0.0,1
CHEMBL3267,COc1ccc(CCO)c(Nc2nc3ccccc3nc2NS(=O)(=O)c2ccc(C#N)cc2)c1,7.66,0.0,1
CHEMBL3267,COc1ccc(CCO)c(Nc2nc3ccccc3nc2NS(=O)(=O)c2ccc(C(=O)N(C)C)cc2)c1,6.6,0.0,1
CHEMBL3267,COc1ccc(CCO)c(Nc2nc3ccccc3nc2NS(=O)(=O)c2ccc(C)[n+]([O-])c2)c1,6.97,0.0,1
CHEMBL3267,COc1ccc(CCO)c(Nc2nc3ccccc3nc2NS(=O)(=O)c2ccc(CCCO)cc2)c1,7.44,0.0,1
CHEMBL3267,COc1ccc(CCO)c(Nc2nc3ccccc3nc2NS(=O)(=O)c2ccc(CN(C)C)cc2)c1,7.58,0.0,1
CHEMBL3267,COc1ccc(CCO)c(Nc2nc3ccccc3nc2NS(=O)(=O)c2ccc(CN3CCC(F)CC3)cc2)c1,7.37,0.0,1
CHEMBL3267,COc1ccc(CCO)c(Nc2nc3ccccc3nc2NS(=O)(=O)c2ccc(F)cc2)c1,7.64,0.0,1
CHEMBL3267,COc1ccc(CCO)c(Nc2nc3ccccc3nc2NS(=O)(=O)c2ccc(NC(=O)CN(C)C)cc2)c1,7.57,0.0,1
CHEMBL3267,COc1ccc(CCO)c(Nc2nc3ccccc3nc2NS(=O)(=O)c2ccc(NC(=O)CO)cc2)c1,7.19,0.0,1
CHEMBL3267,COc1ccc(CCO)c(Nc2nc3ccccc3nc2NS(=O)(=O)c2ccc(OCCO)cc2)c1,7.47,0.0,1
CHEMBL3267,COc1ccc(CCO)c(Nc2nc3ccccc3nc2NS(=O)(=O)c2cccnc2)c1,7.4,0.0,1
CHEMBL3267,COc1ccc(CCO)c(Nc2nc3ccccc3nc2NS(=O)(=O)c2cn(C)cn2)c1,7.32,0.0,1
CHEMBL3267,COc1ccc(CCO)c(Nc2nc3ccccc3nc2NS(C)(=O)=O)c1,7.02,0.0,1
CHEMBL3267,COc1ccc(CCOC(=O)[C@@H](N)C(C)C)c(Nc2nc3ccccc3nc2NS(=O)(=O)c2cn(C)cn2)c1,7.0,0.0,1
CHEMBL3267,COc1ccc(CCOC(=O)[C@@H](NC(=O)OCC2c3ccccc3-c3ccccc32)C(C)C)c(Nc2nc3ccccc3nc2NS(=O)(=O)c2cn(C)cn2)c1,5.74,0.0,1
CHEMBL3267,COc1ccc(CCS(C)(=O)=O)c(Nc2nc3ccccc3nc2NS(=O)(=O)C(C)C)c1,6.8,0.0,1
CHEMBL3267,COc1ccc(CCS(C)(=O)=O)c(Nc2nc3ccccc3nc2NS(=O)(=O)CCCS(C)(=O)=O)c1,6.46,0.0,1
CHEMBL3267,COc1ccc(CCS(C)(=O)=O)c(Nc2nc3ccccc3nc2NS(=O)(=O)CCCSC)c1,6.85,0.0,1
CHEMBL3267,COc1ccc(CCS(C)(=O)=O)c(Nc2nc3ccccc3nc2NS(=O)(=O)c2c(C)noc2C)c1,6.72,0.0,1
CHEMBL3267,COc1ccc(CCS(C)(=O)=O)c(Nc2nc3ccccc3nc2NS(=O)(=O)c2ccccc2)c1,7.38,0.0,1
CHEMBL3267,COc1ccc(CCS(C)(=O)=O)c(Nc2nc3ccccc3nc2NS(=O)(=O)c2cn(C)c(CN(C)C)n2)c1,7.06,0.0,1
CHEMBL3267,COc1ccc(CCS(C)(=O)=O)c(Nc2nc3ccccc3nc2NS(=O)(=O)c2cn(C)cn2)c1,7.08,0.0,1
CHEMBL3267,COc1ccc(CCS(C)(=O)=O)c(Nc2nc3ccccc3nc2NS(C)(=O)=O)c1,6.7,0.0,1
CHEMBL3267,COc1ccc(CN(Cc2ccc(OC)cc2)c2cc([C@H](C)N[S+]([O-])C(C)(C)C)c(-c3ccccc3C)nn2)cc1,6.84,0.0,1
CHEMBL3267,COc1ccc(CN2CCC(n3cnc4c(N5CCOCC5)nc(-c5cccc(O)c5)nc43)CC2)cn1,6.51,0.0,1
CHEMBL3267,COc1ccc(CN2CCN(C)CC2)c(Nc2nc3ccccc3nc2NS(=O)(=O)c2ccc(F)cc2)c1,6.96,0.0,1
CHEMBL3267,COc1ccc(CN2CCN(C)CC2)c(Nc2nc3ccccc3nc2NS(=O)(=O)c2cccnc2)c1,7.31,0.0,1
CHEMBL3267,COc1ccc(CN2CCOCC2)c(Nc2nc3ccccc3nc2NS(=O)(=O)c2cccnc2)c1,7.14,0.0,1
CHEMBL3267,COc1ccc(CO)c(Nc2nc3ccccc3nc2NS(=O)(=O)c2cn(C)cn2)c1,6.33,0.0,1
CHEMBL3267,COc1ccc(Cl)c(Nc2nc3ccccc3nc2NS(=O)(=O)c2cccc(NC(=O)C(C)(C)N)c2)c1,7.166666666666667,0.6543189843901318,3
CHEMBL3267,COc1ccc(Cn2c(=O)n(C)c3c4cc(-c5cnc(OC)c(NS(C)(=O)=O)c5)ccc4ncc32)cc1,6.95,0.0,1
CHEMBL3267,COc1ccc(Cn2c(=O)n(C)c3c4cc(-c5cnc6ccccc6c5)ccc4ncc32)cc1,7.42,0.0,1
CHEMBL3267,COc1ccc(Cn2c(=O)n(C)c3cnc4ccc(-c5cnc(OC)c(NS(C)(=O)=O)c5)cc4c32)cc1,7.38,0.0,1
CHEMBL3267,COc1ccc(NC(=O)Nc2ccc(-c3nc(N4CCOCC4)nc(N4C5CCC4COC5)n3)cc2)cc1OC,6.45,0.0,1
CHEMBL3267,COc1ccc(Nc2cc(-c3cnc(N)nc3)nc(N3CCOCC3)n2)cc1OC,6.85,0.0,1
CHEMBL3267,COc1ccc(Nc2cc(-c3cnc(N)nc3)nc(N3CCOCC3)n2)cn1,8.05,0.0,1
CHEMBL3267,COc1ccc(Nc2cc3c(cn2)n(C)c(=O)n3C2CCCC2)c(C)c1,5.75,0.0,1
CHEMBL3267,COc1ccc(Nc2cc3c(cn2)n(C)c(=O)n3C2CCOCC2)c(C)c1,4.97,0.0,1
CHEMBL3267,COc1ccc(Nc2ccc3c(c2)N(c2nc4c(s2)C(=O)NC(C)(C)C4)CCO3)nn1,7.7,0.0,1
CHEMBL3267,COc1ccc(S(=O)(=O)NCCO)c(Nc2nc3ccccc3nc2NS(=O)(=O)CCCS(C)(=O)=O)c1,6.52,0.0,1
CHEMBL3267,COc1ccc(S(=O)(=O)n2cc3c(=O)oc4ccccc4c3n2)cc1,4.74,0.0,1
CHEMBL3267,COc1ccc([C@@H](O)c2cc(-c3ncnc4cc(N5CCOCC5)ccc34)c(F)cc2Cl)nn1,6.43,0.0,1
CHEMBL3267,COc1ccc2[nH]c(-c3ccccc3)c(/C=C3\Oc4cc(O)cc(O)c4C3=O)c2c1,7.96,0.0,1
CHEMBL3267,COc1ccc2[nH]c(-c3cccnc3)c(/C=C3\Oc4cc(O)cc(O)c4C3=O)c2c1,8.0,0.0,1
CHEMBL3267,COc1ccc2[nH]c(C)c(/C=C3\Oc4cc(O)cc(O)c4C3=O)c2c1,7.6,0.0,1
CHEMBL3267,COc1ccc2[nH]cc(/C=C3\Oc4cc(O)cc(O)c4C3=O)c2c1,6.57,0.0,1
CHEMBL3267,COc1ccc2c(c1)OCCN2c1nc2c(s1)C(=O)NC(C)(C)C2,6.36,0.0,1
CHEMBL3267,COc1ccc2c(c1)c(/C=C1\Oc3cc(O)cc(O)c3C1=O)c(C)n2C,7.27,0.0,1
CHEMBL3267,COc1ccc2c(c1)c(/C=C1\Oc3cc(O)cc(O)c3C1=O)c(C)n2CCCN(C)C,6.39,0.0,1
CHEMBL3267,COc1ccc2c(c1)c(/C=C1\Oc3cc(O)cc(O)c3C1=O)c(C)n2CCCN1CCN(C)CC1,6.4,0.0,1
CHEMBL3267,COc1ccc2c(c1)c(/C=C1\Oc3cc(O)cc(O)c3C1=O)c(C)n2CCCN1CCN(CCO)CC1,6.96,0.0,1
CHEMBL3267,COc1ccc2c(c1)c(/C=C1\Oc3cc(O)cc(O)c3C1=O)c(C)n2CCCN1CCOCC1,7.12,0.0,1
CHEMBL3267,COc1ccc2c(c1)c(/C=C1\Oc3cc(O)cc(O)c3C1=O)c(C)n2CCN(C)C,6.55,0.0,1
CHEMBL3267,COc1ccc2c(c1)c(/C=C1\Oc3cc(O)cc(O)c3C1=O)c(C)n2CCN1CCN(C)CC1,6.33,0.0,1
CHEMBL3267,COc1ccc2c(c1)c(/C=C1\Oc3cc(O)cc(O)c3C1=O)c(C)n2CCN1CCN(CCCO)CC1,6.49,0.0,1
CHEMBL3267,COc1ccc2c(c1)c(/C=C1\Oc3cc(O)cc(O)c3C1=O)c(C)n2CCN1CCOCC1,6.81,0.0,1
CHEMBL3267,COc1ccc2c(c1)c(/C=C1\Oc3cc(O)cc(O)c3C1=O)cn2C,6.23,0.0,1
CHEMBL3267,COc1ccc2c(c1)c(/C=C1\Oc3cc(O)cc(O)c3C1=O)cn2CCCN(C)C,5.62,0.0,1
CHEMBL3267,COc1ccc2c(c1)c(/C=C1\Oc3cc(O)cc(O)c3C1=O)cn2CCCN1CCN(CCO)CC1,5.87,0.0,1
CHEMBL3267,COc1ccc2c(c1)c(/C=C1\Oc3cc(O)cc(O)c3C1=O)cn2CCCN1CCOCC1,6.19,0.0,1
CHEMBL3267,COc1ccc2c(c1)c(/C=C1\Oc3cc(O)cc(O)c3C1=O)cn2CCN1CCN(CCCO)CC1,6.01,0.0,1
CHEMBL3267,COc1ccc2c(c1OC)N=C(NC(=O)c1cccnc1)N1CCN=C21,7.25,0.7071067811865476,2
CHEMBL3267,COc1ccc2c(nc(C(F)F)n2-c2nc(N3CCOCC3)nc(N3CCOCC3)n2)c1O,7.28,0.0,1
CHEMBL3267,COc1cccc(-c2c[nH]c3ncnc(N[C@@H](C)c4nn5ccc(C)c5c(=O)n4-c4ccccc4)c23)c1O,7.09,0.0,1
CHEMBL3267,COc1cccc(-c2ccc(/C=C3\SC(=O)NC3=O)o2)c1,5.58,0.0,1
CHEMBL3267,COc1cccc(-c2ccc3nc(NC(C)=O)nn3c2)c1,6.8,0.0,1
CHEMBL3267,COc1cccc(-c2csc3c(=O)cc(N4CCOCC4)oc23)c1,5.96,0.0,1
CHEMBL3267,COc1cccc(-c2nc3nc(N)nc(N)c3nc2-c2cccc(OC)c2)c1,7.9,0.0,1
CHEMBL3267,COc1cccc(-c2nn(C(C)C)c3ncnc(N)c23)c1,5.96,0.0,1
CHEMBL3267,COc1cccc(-c2nn(C(C)C)c3ncnc(N)c23)c1OC,4.0,0.0,1
CHEMBL3267,COc1cccc(CCN2C(=O)COc3ccc(/C=C4\SC(=S)NC4=O)cc32)c1,8.26,0.43840620433565924,2
CHEMBL3267,COc1cccc(CSc2nnc(-c3ccc(O)c(OC)c3)o2)c1,5.54,0.0,1
CHEMBL3267,COc1cccc(Nc2nccc(-c3ccc(Br)cc3)n2)c1,6.45,0.0,1
CHEMBL3267,COc1cccc(Nc2nccc(-c3ccc(Cl)c(Cl)c3)n2)c1,6.66,0.0,1
CHEMBL3267,COc1cccc(Nc2nccc(-c3ccc(Cl)cc3Cl)n2)c1,6.56,0.0,1
CHEMBL3267,COc1cccc(Nc2nccc(-c3ccc(F)cc3)n2)c1,6.48,0.0,1
CHEMBL3267,COc1cccc2cc(-c3nc([C@H]4CC[C@H](C(=O)O)CC4)n4ncnc(N)c34)[nH]c12,6.38,0.0,1
CHEMBL3267,COc1cccc2cc(-c3nn(C4CCOCC4)c4ncnc(N)c34)[nH]c12,8.0,0.0,1
CHEMBL3267,COc1cccc2nc([C@@H]3CCCN3c3ncnc(N)c3C#N)n(-c3ccccc3)c(=O)c12,5.28,0.0,1
CHEMBL3267,COc1ccccc1-c1ccc(/C=C2\SC(=O)NC2=O)o1,6.0,0.0,1
CHEMBL3267,COc1ccccc1-c1ccc2nc(NC(C)=O)nn2c1,5.4,0.0,1
CHEMBL3267,COc1ccccc1-c1nn2c(Cl)cnc2cc1[C@H](C)Nc1ncnc(N)c1C#N,7.64,0.0,1
CHEMBL3267,COc1ccccc1-n1c(CSc2ncnc3[nH]cnc23)nc2cccc(C)c2c1=O,5.74,0.0,1
CHEMBL3267,COc1ccccc1-n1c(CSc2ncnc3[nH]cnc23)nc2cccc(Cl)c2c1=O,5.23,0.650538238691624,2
CHEMBL3267,COc1ccccc1-n1c(SCC(=O)Nc2ccc3nccnc3c2)nc2c(c1=O)CCCC2,4.7,0.0,1
CHEMBL3267,COc1ccccc1CNc1cc(C)cc2c(=O)cc(N3CCOCC3)[nH]c12,4.97,0.0,1
CHEMBL3267,COc1ccccc1Nc1ncc(Cl)c(-c2ccc(C(N)=O)c(C(C)C)c2)n1,5.2,0.0,1
CHEMBL3267,COc1ccccc1Nc1ncc(F)c(-c2ccc(C(=O)O)c(C(C)C)c2)n1,5.2,0.0,1
CHEMBL3267,COc1ccccc1Nc1nccc(-c2ccc(C(=O)O)c(C(C)C)c2)n1,5.8,0.0,1
CHEMBL3267,COc1ccccc1Nc1nccc(-c2ccc(C(=O)O)cc2)n1,5.4,0.0,1
CHEMBL3267,COc1ccccc1Nc1nccc(-c2ccc(C(N)=O)c(C(C)C)c2)n1,5.6,0.0,1
CHEMBL3267,COc1cnc(C(=O)NC(C)c2cc3cccc(C#Cc4cnn(C)c4)c3c(=O)n2-c2ccccc2)c(C)n1,5.52,0.0,1
CHEMBL3267,COc1cnc(C(=O)N[C@@H](C)c2cc3cccc(C#Cc4cnn(C)c4)c3c(=O)n2-c2ccccc2)c(N)n1,5.7,0.0,1
CHEMBL3267,COc1cncc(-c2ccc3nc(NC(C)=O)nn3c2)c1,7.2,0.0,1
CHEMBL3267,COc1cncc(-c2cccc3nc([C@@H]4CCCN4c4nc(N)nc(C)c4C#N)n(-c4ccccc4)c(=O)c23)c1,7.05,0.0,1
CHEMBL3267,COc1cncc(-c2cccc3nc([C@@H]4C[C@H](O)CN4c4nc(N)nc(C)c4C#N)n(-c4ccccc4)c(=O)c23)c1,7.19,0.0,1
CHEMBL3267,COc1cncc(-c2cnn3ccc(NC4CCC(O)CC4)nc23)c1,5.24,0.0,1
CHEMBL3267,COc1cncc(-n2c([C@H](C)Nc3nc(N)nc(N)c3C#N)nc3cccc(Cl)c3c2=O)c1,6.08,0.0,1
CHEMBL3267,COc1nc(-c2ccc(NC(=O)Nc3ccc(C(=O)NCCCCCC(=O)Nc4ccccc4N)cc3)cc2)nc(N2CCOCC2)n1,7.02,0.0,1
CHEMBL3267,COc1nc(=O)c2sc(N3CCOCC3)nc2n1Cc1cccc(Cl)c1C,6.4,0.0,1
CHEMBL3267,COc1ncc(-c2c(F)ccc3nc([C@@H]4C[C@H](O)CN4c4nc(N)nc(C)c4C#N)n(-c4ccccc4)c(=O)c23)cn1,6.96,0.0,1
CHEMBL3267,COc1ncc(-c2c(F)ccc3nc([C@@H]4C[C@H](O)CN4c4nc(N)nc(C)c4C#N)n(-c4ccccc4)c(=O)c23)s1,7.75,0.0,1
CHEMBL3267,COc1ncc(-c2cc(-c3ccnc(N4C[C@@H](C)O[C@@H](C)C4)c3)cc3c2CNC3=O)cc1NS(C)(=O)=O,6.8,0.0,1
CHEMBL3267,COc1ncc(-c2cc(-c3ncc(CN4C[C@@H](C)O[C@@H](C)C4)o3)c3cn[nH]c3c2)cc1NS(C)(=O)=O,6.4,0.14142135623730995,2
CHEMBL3267,COc1ncc(-c2cc(OC(C)C)cc3c2CNC3=O)cc1NS(C)(=O)=O,6.46,0.0,1
CHEMBL3267,COc1ncc(-c2cc(OC3CCC3)cc3c2CNC3=O)cc1NS(C)(=O)=O,7.0,0.0,1
CHEMBL3267,COc1ncc(-c2cc(OC3CCOCC3)c3nc(N)nc(C)c3c2)cc1NS(=O)(=O)c1ccc(F)cc1F,8.89,0.0,1
CHEMBL3267,COc1ncc(-c2cc(OC3CCOCC3)c3ncnc(C)c3c2)cc1/N=N/c1ccccc1F,7.94,0.0,1
CHEMBL3267,COc1ncc(-c2cc(OC3CCOCC3)c3ncnc(C)c3c2)cc1/N=N\c1ccccc1F,8.52,0.0,1
CHEMBL3267,COc1ncc(-c2cc(OC3CCOCC3)c3ncnc(C)c3c2)cc1NS(=O)(=O)c1ccc(F)cc1F,8.68,0.0,1
CHEMBL3267,COc1ncc(-c2cc(OC3CN(C(=O)C4CC4)C3)cc3c2CNC3=O)cc1NS(C)(=O)=O,5.56,0.0,1
CHEMBL3267,COc1ncc(-c2cc(OCC3CCC3)cc3c2CNC3=O)cc1NS(C)(=O)=O,6.89,0.0,1
CHEMBL3267,COc1ncc(-c2cc(OCCCCCCC(=O)Nc3ccccc3N)c3ncnc(C)c3c2)cc1NS(=O)(=O)c1ccc(F)cc1F,8.74,0.0,1
CHEMBL3267,COc1ncc(-c2cc(OCCCCCCCCCCCCNc3cccc4c3C(=O)N(C3CCC(=O)NC3=O)C4=O)c3ncnc(C)c3c2)cc1NS(=O)(=O)c1ccc(C#N)cc1,6.3,0.0,1
CHEMBL3267,COc1ncc(-c2cc(OCCCCCCCCCCCCNc3cccc4c3C(=O)N(C3CCC(=O)NC3=O)C4=O)c3ncnc(C)c3c2)cc1NS(=O)(=O)c1ccccc1,5.75,0.0,1
CHEMBL3267,COc1ncc(-c2cc(OCCCc3ccc(C(=O)Nc4ccccc4N)cc3)c3ncnc(C)c3c2)cc1NS(=O)(=O)c1ccc(F)cc1F,7.82,0.0,1
CHEMBL3267,COc1ncc(-c2cc(O[C@@H]3CCN(C(=O)C4CC4)C3)cc3c2CNC3=O)cc1NS(C)(=O)=O,5.97,0.0,1
CHEMBL3267,COc1ncc(-c2cc(O[C@@H]3CCOC3)c3nc(N)nc(C)c3c2)cc1NS(=O)(=O)c1ccc(F)cc1F,8.92,0.0,1
CHEMBL3267,COc1ncc(-c2cc3c(-c4ccncc4)ncnc3s2)cc1NS(=O)(=O)c1ccc(F)cc1F,7.68,0.0,1
CHEMBL3267,COc1ncc(-c2cc3c(C)nc(N)nc3s2)cc1NS(=O)(=O)c1ccc(F)cc1F,8.0,0.0,1
CHEMBL3267,COc1ncc(-c2cc3c(C)nc(NC(C)=O)nc3s2)cc1NS(=O)(=O)c1ccc(F)cc1F,7.96,0.0,1
CHEMBL3267,COc1ncc(-c2cc3cc(-c4ccccc4)c(N)nc3cn2)cc1NS(=O)(=O)c1ccc(F)cc1F,5.9,0.0,1
CHEMBL3267,COc1ncc(-c2ccc3c(c2)COC3)cc1NS(C)(=O)=O,5.5,0.0,1
CHEMBL3267,COc1ncc(-c2ccc3c(c2)N(CCCN2CCOCC2)C(=O)CO3)cc1NS(=O)(=O)c1ccc(F)cc1F,6.73,0.0,1
CHEMBL3267,COc1ncc(-c2ccc3ccncc3c2)cc1NS(C)(=O)=O,6.1,0.0,1
CHEMBL3267,COc1ncc(-c2ccc3cn[nH]c3c2)cc1NS(C)(=O)=O,5.6,0.0,1
CHEMBL3267,COc1ncc(-c2ccc3nc(N)c(-c4ccc(N5CCOCC5)cc4)cc3c2)cc1NS(=O)(=O)c1ccc(F)cc1F,6.2,0.0,1
CHEMBL3267,COc1ncc(-c2ccc3nc(N)c(-c4ccccc4)cc3c2)cc1NS(=O)(=O)c1ccc(F)cc1F,7.2,0.0,1
CHEMBL3267,COc1ncc(-c2ccc3nc(N)c(-c4ccccc4)cc3n2)cc1NS(=O)(=O)c1ccc(F)cc1F,4.6,0.0,1
CHEMBL3267,COc1ncc(-c2ccc3nc(N)c(-c4ccccc4)nc3c2)cc1NS(=O)(=O)c1ccc(F)cc1F,8.1,0.0,1
CHEMBL3267,COc1ncc(-c2ccc3nc(N)n(-c4ccc(C(F)(F)F)cc4)c(=O)c3c2)cc1S(=O)(=O)Nc1ccc(F)cc1F,6.4,0.0,1
CHEMBL3267,COc1ncc(-c2ccc3nc(N)n(-c4cccc(C(F)(F)F)c4)c(=O)c3c2)cc1S(=O)(=O)Nc1ccc(F)cc1F,5.8,0.0,1
CHEMBL3267,COc1ncc(-c2ccc3nc(N)n(-c4ccccc4)c(=O)c3c2)cc1N(C)S(=O)(=O)c1ccc(F)cc1F,5.4,0.0,1
CHEMBL3267,COc1ncc(-c2ccc3nc(N)n(-c4ccccc4)c(=O)c3c2)cc1NS(=O)(=O)C(C)C,6.3,0.0,1
CHEMBL3267,COc1ncc(-c2ccc3nc(N)n(-c4ccccc4)c(=O)c3c2)cc1NS(=O)(=O)c1ccc(C#N)cc1,7.3,0.0,1
CHEMBL3267,COc1ncc(-c2ccc3nc(N)n(-c4ccccc4)c(=O)c3c2)cc1NS(=O)(=O)c1ccc(F)cc1F,8.4,0.0,1
CHEMBL3267,COc1ncc(-c2ccc3nc(N)n(-c4ccccc4)c(=O)c3c2)cc1NS(=O)(=O)c1cccc(C)c1,7.3,0.0,1
CHEMBL3267,COc1ncc(-c2ccc3nc(N)n(-c4ccccc4)c(=O)c3c2)cc1NS(=O)(=O)c1ccccc1C,7.4,0.0,1
CHEMBL3267,COc1ncc(-c2ccc3nc(N)n(-c4ccccc4)c(=O)c3c2)cc1NS(=O)(=O)c1cccnc1,8.2,0.0,1
CHEMBL3267,COc1ncc(-c2ccc3nc(N)n(-c4ccccc4)c(=O)c3c2)cc1NS(C)(=O)=O,6.1,0.0,1
CHEMBL3267,COc1ncc(-c2ccc3nc(N)n(-c4ccccc4)c(=O)c3c2)cc1S(=O)(=O)Nc1ccc(F)cc1F,5.9,0.0,1
CHEMBL3267,COc1ncc(-c2ccc3nc(N)n(-c4ccccc4C(C)C)c(=O)c3c2)cc1S(=O)(=O)Nc1ccc(F)cc1F,6.0,0.0,1
CHEMBL3267,COc1ncc(-c2ccc3nc(N)n(-c4ccccc4C(F)(F)F)c(=O)c3c2)cc1S(=O)(=O)Nc1ccc(F)cc1F,5.55,0.0707106781186545,2
CHEMBL3267,COc1ncc(-c2ccc3nc(N)n(-c4ccccc4C)c(=O)c3c2)cc1S(=O)(=O)Nc1ccc(F)cc1F,6.5,0.0,1
CHEMBL3267,COc1ncc(-c2ccc3nc(N)n(C4CCOCC4)c(=O)c3c2)cc1S(=O)(=O)Nc1ccc(F)cc1F,6.3,0.0,1
CHEMBL3267,COc1ncc(-c2ccc3nc(NC(=O)NC4CC4)nn3c2)cc1NS(=O)(=O)c1ccc(F)cc1,7.85,0.0,1
CHEMBL3267,COc1ncc(-c2ccc3ncc(-c4cn(CCCN5CCOCC5)nn4)n3n2)cc1NS(=O)(=O)c1ccc(F)cc1F,9.14,0.0,1
CHEMBL3267,COc1ncc(-c2ccc3ncc(-c4nnc(CCN5CCN(C)CC5)o4)n3c2)cc1NS(=O)(=O)c1ccc(F)cc1F,8.92,0.0,1
CHEMBL3267,COc1ncc(-c2ccc3ncc(Cl)c(=O)n3c2)cc1NS(=O)(=O)c1ccc(F)cc1F,9.0,0.0,1
CHEMBL3267,COc1ncc(-c2ccc3nccc(-c4ccc(CN(C)C)cc4)c3c2)cc1NS(=O)(=O)c1ccc(F)cc1F,8.82,0.0,1
CHEMBL3267,COc1ncc(-c2ccc3nccc(-c4ccc(CN(C)CCO)cc4)c3c2)cc1NS(=O)(=O)c1ccc(F)cc1F,8.96,0.0,1
CHEMBL3267,COc1ncc(-c2ccc3nccc(-c4ccc(Cn5cncn5)cc4)c3c2)cc1NS(=O)(=O)c1ccc(F)cc1F,9.13,0.0,1
CHEMBL3267,COc1ncc(-c2ccc3nccc(-c4ccnnc4)c3c2)cc1NS(=O)(=O)c1ccc(F)cc1F,9.347142857142858,0.5826295073690847,7
CHEMBL3267,COc1ncc(-c2ccc3nccc(C#CCN4CCN(S(C)(=O)=O)CC4)c3c2)cc1NS(=O)(=O)c1ccc(F)cc1F,8.57,0.0,1
CHEMBL3267,COc1ncc(-c2ccc3ncnc(-c4cccc(C(=O)N5CCN(C(C)=O)CC5)c4)c3c2)cc1C#N,5.33,0.0,1
CHEMBL3267,COc1ncc(-c2ccc3ncnc(-c4cccc(C(=O)N5CCN(C(C)=O)CC5)c4)c3c2)cc1C(F)(F)F,5.85,0.0,1
CHEMBL3267,COc1ncc(-c2ccc3ncnc(-c4cccc(C(=O)N5CCN(C)CC5)c4)c3c2)cc1C#N,5.04,0.0,1
CHEMBL3267,COc1ncc(-c2ccc3ncnc(-c4cccc(C(=O)N5CCN(C)CC5)c4)c3c2)cc1C(F)(F)F,5.03,0.0,1
CHEMBL3267,COc1ncc(-c2ccc3ncnc(N4CCOCC4)c3c2)cc1NS(=O)(=O)c1ccc(F)cc1F,8.6,0.0,1
CHEMBL3267,COc1ncc(-c2ccc3ncnc(NCCN4CCOCC4)c3c2)cc1C#N,6.03,0.0,1
CHEMBL3267,COc1ncc(-c2ccc3ncnc(NCCN4CCOCC4)c3c2)cc1NS(C)(=O)=O,8.22,0.0,1
CHEMBL3267,COc1ncc(-c2ccc3ncnc(N[C@H]4CCCN(C(=O)C(C)N)C4)c3c2)cc1C#N,6.68,0.0,1
CHEMBL3267,COc1ncc(-c2ccc3ncnc(N[C@H]4CCCN(C(=O)CN(C)C)C4)c3c2)cc1C#N,6.6,0.0,1
CHEMBL3267,COc1ncc(-c2ccc3ncnc(N[C@H]4CCCN(C(=O)c5cccnc5)C4)c3c2)cc1C#N,8.7,0.0,1
CHEMBL3267,COc1ncc(-c2ccc3ncnc(N[C@H]4CCCN(C(=O)c5coc([N+](=O)[O-])c5)C4)c3c2)cc1C#N,7.71,0.0,1
CHEMBL3267,COc1ncc(-c2ccc3ncnc(N[C@H]4CCN(C(=O)C5CCN(CCCCCCCCCC(=O)N[C@H](C(=O)N6C[C@H](O)C[C@H]6C(=O)N[C@@H](C)c6ccc(-c7scnc7C)cc6)C(C)(C)C)CC5)C4)c3n2)cc1C(=O)Oc1ccccc1,6.22,0.0,1
CHEMBL3267,COc1ncc(-c2ccc3ncnc(N[C@H]4CCN(C(=O)C5CCOCC5)C4)c3c2)cc1C#N,6.76,0.0,1
CHEMBL3267,COc1ncc(-c2ccc3ncnc(N[C@H]4CCN(C(=O)C5CCOCC5)C4)c3c2)cc1C(=O)Oc1ccc(F)cc1,6.68,0.0,1
CHEMBL3267,COc1ncc(-c2ccc3ncnc(N[C@H]4CCN(C(=O)C5CCOCC5)C4)c3c2)cc1C(=O)Oc1ccccc1,6.18,0.0,1
CHEMBL3267,COc1ncc(-c2ccc3ncnc(N[C@H]4CCN(C(=O)C5CCOCC5)C4)c3c2)cc1NS(C)(=O)=O,8.19,0.0,1
CHEMBL3267,COc1ncc(-c2ccc3ncnc(N[C@H]4CCN(C(=O)C5CCOCC5)C4)c3c2)cc1[N+](=O)[O-],6.7,0.0,1
CHEMBL3267,COc1ncc(-c2ccc3ncnc(N[C@H]4CCN(C(=O)C5CCOCC5)C4)c3n2)cc1C(=O)Oc1ccc(F)cc1,7.2,0.0,1
CHEMBL3267,COc1ncc(-c2ccc3ncnc(N[C@H]4CCN(C(=O)C5CCOCC5)C4)c3n2)cc1C(=O)Oc1ccccc1,7.03,0.0,1
CHEMBL3267,COc1ncc(-c2ccc3ncnc(N[C@H]4CCN(C(C)=O)C4)c3c2)cc1NS(C)(=O)=O,8.37,0.0,1
CHEMBL3267,COc1ncc(-c2ccc3ncnc(Nc4cnn(CCO)c4)c3c2)cc1NS(=O)(=O)c1ccc(F)cc1F,9.24,0.0,1
CHEMBL3267,COc1ncc(-c2cccc3c2CNC3=O)cc1NS(C)(=O)=O,5.41,0.0,1
CHEMBL3267,COc1ncc(-c2cccc3nc([C@@H]4CCCN4c4nc(N)nc(C)c4C#N)n(-c4ccccc4)c(=O)c23)cn1,7.09,0.0,1
CHEMBL3267,COc1ncc(-c2cccc3nc([C@@H]4CCCN4c4ncnc(N)c4C#N)n(-c4ccccc4)c(=O)c23)cn1,5.92,0.0,1
CHEMBL3267,COc1ncc(-c2cccc3nc([C@@H]4C[C@H](O)CN4c4nc(N)nc(C)c4C#N)n(-c4ccccc4)c(=O)c23)cn1,6.89,0.0,1
CHEMBL3267,COc1ncc(-c2cccc3nc([C@@H]4C[C@H](OC)CN4c4nc(N)nc(C)c4C#N)n(-c4ccccc4)c(=O)c23)cn1,6.68,0.0,1
CHEMBL3267,COc1ncc(-c2ccn3nc(NC(=O)NCCOc4cccnc4)cc3c2)cc1C(F)(F)F,8.12,0.0,1
CHEMBL3267,COc1ncc(-c2ccn3nc(NC(=O)NCCOc4cccnc4)cc3c2)cc1F,8.85,0.0,1
CHEMBL3267,COc1ncc(-c2ccn3nc(NC(=O)NCCOc4cccnc4)cc3c2)cc1NS(C)(=O)=O,8.26,0.0,1
CHEMBL3267,COc1ncc(-c2ccn3nc(NC(=O)NCCOc4cccnc4)cc3c2)cc1OC(C)C,7.58,0.0,1
CHEMBL3267,COc1ncc(-c2ccn3nc(NC(=O)NCCOc4cccnc4)cc3c2)cc1OC(F)F,8.4,0.0,1
CHEMBL3267,COc1ncc(-c2ccn3nc(NC(=O)NCCOc4cccnc4)cc3c2)nc1OC,7.71,0.0,1
CHEMBL3267,COc1ncc(-c2ccncc2)cc1NS(C)(=O)=O,5.6,0.0,1
CHEMBL3267,COc1ncc(-c2cnc3nc(N)c(-c4ccccc4)cc3c2)cc1NS(=O)(=O)c1ccc(F)cc1F,5.2,0.0,1
CHEMBL3267,COc1ncc(-c2nc(N3CCOCC3)c3ncn(CCCCCCC(=O)NO)c3n2)cn1,6.16,0.0,1
CHEMBL3267,COc1ncc(-c2nn(C(C)C)c3ncnc(N)c23)c(OC)n1,5.1,0.0,1
CHEMBL3267,COc1ncc(-c2sc(NC(=O)CC3CCOCC3)nc2C)cc1S(=O)(=O)NC1CCCC(O)C1,4.26,0.0,1
CHEMBL3267,COc1ncc(-c2sc(NC(=O)CC3CCOCC3)nc2C)cc1S(=O)(=O)N[C@H]1CC[C@@H](O)CC1,4.26,0.0,1
CHEMBL3267,COc1ncc(-c2sc(NC(=O)CC3CCOCC3)nc2C)cc1S(=O)(=O)Nc1ccc(O)cc1,5.26,0.0,1
CHEMBL3267,COc1ncc(-c2sc(NC(=O)CC3CCOCC3)nc2C)cc1S(=O)(=O)Nc1cccc(O)c1,4.26,0.0,1
CHEMBL3267,COc1ncc(-c2sc(NC(=O)CN)nc2C)cc1NS(=O)(=O)c1ccccc1,6.52,0.0,1
CHEMBL3267,COc1ncc(-c2sc(NC(C)=O)nc2C)o1,6.6,0.0,1
CHEMBL3267,COc1ncc(C#Cc2cccc3cc([C@H](C)NC(=O)c4c(N)nn5cccnc45)n(-c4ccccc4)c(=O)c23)cn1,5.609999999999999,0.1272792206135787,2
CHEMBL3267,COc1ncc(C2=CCOCC2)cc1NS(=O)(=O)c1ccccc1,5.9,0.0,1
CHEMBL3267,COc1ncc(C2=CCOCC2)cc1NS(=O)(=O)c1cn(Cc2ccccc2)c(C)n1,6.0,0.0,1
CHEMBL3267,COc1ncc(N2CCOc3ccc(CN(C)C)cc32)cc1NS(C)(=O)=O,4.6,0.0,1
CHEMBL3267,COc1ncc(N2CCc3ncnc(N[C@H]4CCN(C(=O)C5CCOCC5)C4)c3C2)cc1C,5.48,0.0,1
CHEMBL3267,COc1ncc(N2CCc3ncnc(N[C@H]4CCN(C(=O)C5CCOCC5)C4)c3C2)cc1C(F)(F)F,5.97,0.0,1
CHEMBL3267,COc1ncc(N2CCc3ncnc(O[C@H]4CCN(C(=O)C5CCOCC5)C4)c3C2)cc1C,5.18,0.0,1
CHEMBL3267,COc1ncc2cc1NS(=O)(=O)CCN(C)Cc1ccc3c(c1)N2CCO3,5.8,0.0,1
CHEMBL3267,COc1nn2c(O)cc(-c3ccncc3)nc2c1Cc1cccc(Cl)c1Cl,6.3,0.0,1
CHEMBL3267,CS(=O)(=O)CCCCn1c([C@@H](Nc2nc(N)nc(N)c2C#N)C2CC2)nc2cccc(Cl)c2c1=O,6.92,0.0,1
CHEMBL3267,CS(=O)(=O)CCCn1c([C@@H](Nc2nc(N)nc(N)c2C#N)C2CC2)nc2c(Cl)cc(F)cc2c1=O,5.72,0.0,1
CHEMBL3267,CS(=O)(=O)CCCn1c([C@@H](Nc2nc(N)nc(N)c2C#N)C2CC2)nc2c(Cl)ccc(Cl)c2c1=O,5.96,0.0,1
CHEMBL3267,CS(=O)(=O)CCCn1c([C@@H](Nc2nc(N)nc(N)c2C#N)C2CC2)nc2cccc(Cl)c2c1=O,6.24,0.0,1
CHEMBL3267,CS(=O)(=O)N1CCN(Cc2cc3nc(-c4ccc(N)cc4)nc(N4CCOCC4)c3s2)CC1,5.89,0.0,1
CHEMBL3267,CS(=O)(=O)N1CCN(Cc2cc3nc(-c4ccc(N)nc4)nc(N4CCOCC4)c3s2)CC1,7.48,0.0,1
CHEMBL3267,CS(=O)(=O)N1CCN(Cc2cc3nc(-c4cccc(CO)c4)nc(N4CCOCC4)c3s2)CC1,7.82,0.0,1
CHEMBL3267,CS(=O)(=O)N1CCN(Cc2cc3nc(-c4cccc(O)c4)nc(N4CCOCC4)c3s2)CC1,7.7,0.0,1
CHEMBL3267,CS(=O)(=O)N1CCN(Cc2cc3nc(-c4cccc5[nH]ncc45)nc(N4CCOCC4)c3s2)CC1,6.97,0.5621387729022079,9
CHEMBL3267,CS(=O)(=O)N1CCN(Cc2cc3nc(-c4cccnc4)nc(N4CCOCC4)c3s2)CC1,7.72,0.0,1
CHEMBL3267,CS(=O)(=O)N1CCN(Cc2cc3nc(-c4ccncc4)nc(N4CCOCC4)c3s2)CC1,5.29,0.0,1
CHEMBL3267,CS(=O)(=O)N1CCN(Cc2cc3nc(-c4cnc(N)nc4)nc(N4CCOCC4)c3s2)CC1,8.08,0.0,1
CHEMBL3267,CS(=O)(=O)N1CCc2c(-c3cnc(N)nc3)nc(N3CCOCC3)nc21,7.44,0.0,1
CHEMBL3267,CS(=O)(=O)NC1CCCN(Cc2cc3nc(-c4cccc5[nH]ccc45)nc(N4CCOCC4)c3s2)C1,6.0,0.0,1
CHEMBL3267,CS(=O)(=O)NC1CCCN(Cc2cc3nc(-c4cccc5[nH]ncc45)nc(N4CCOCC4)c3s2)C1,5.8,0.0,1
CHEMBL3267,CS(=O)(=O)NC1CCCN(Cc2cc3nc(-c4cnc(N)nc4)nc(N4CCOCC4)c3s2)C1,7.4,0.0,1
CHEMBL3267,CS(=O)(=O)NC1CCN(Cc2cc3nc(-c4cccc5[nH]ccc45)nc(N4CCOCC4)c3s2)C1,5.8,0.0,1
CHEMBL3267,CS(=O)(=O)NC1CCN(Cc2cc3nc(-c4cccc5[nH]ccc45)nc(N4CCOCC4)c3s2)CC1,6.0,0.0,1
CHEMBL3267,CS(=O)(=O)NC1CCN(Cc2cc3nc(-c4cccc5[nH]ncc45)nc(N4CCOCC4)c3s2)C1,5.9,0.0,1
CHEMBL3267,CS(=O)(=O)NC1CCN(Cc2cc3nc(-c4cccc5[nH]ncc45)nc(N4CCOCC4)c3s2)CC1,6.1,0.0,1
CHEMBL3267,CS(=O)(=O)NC1CCN(Cc2cc3nc(-c4cnc(N)nc4)nc(N4CCOCC4)c3s2)C1,7.7,0.0,1
CHEMBL3267,CS(=O)(=O)NC1CCN(Cc2cc3nc(-c4cnc(N)nc4)nc(N4CCOCC4)c3s2)CC1,7.2,0.0,1
CHEMBL3267,CS(=O)(=O)Nc1cc(-c2ccc3ccncc3c2)cnc1Cl,6.1,0.0,1
CHEMBL3267,CS(=O)(=O)Nc1cc(-c2ccc3cn[nH]c3c2)cnc1Cl,5.6,0.0,1
CHEMBL3267,CS(=O)(=O)Nc1cc(-c2ccn3nc(N)c(C(=O)NC4CC4)c3n2)cc2c1C(=O)N([C@@H](C1CC1)C(F)(F)F)C2,8.77,0.0,1
CHEMBL3267,CS(=O)(=O)Nc1cc(-c2ccncc2)cnc1Cl,5.4,0.0,1
CHEMBL3267,CS(=O)(=O)Nc1cc(-c2cnc(N)nc2)cnc1Cl,6.7,0.0,1
CHEMBL3267,CS(=O)(=O)Nc1cc(C2=CCOCC2)cnc1Cl,5.5,0.0,1
CHEMBL3267,CS(=O)(=O)Nc1cccc(-c2ccc3nc(NC(=O)C4CCCCC4)nn3c2)c1,6.5,0.0,1
CHEMBL3267,CS(=O)(=O)Nc1cccc(-c2nc(N3CCOCC3)c3nc[nH]c3n2)c1,5.1,0.0,1
CHEMBL3267,CS(=O)(=O)c1ccc(-c2ccc3nc(N)sc3c2)cn1,5.0,0.0,1
CHEMBL3267,CS(=O)(=O)c1ccc(-c2csc3c(=O)cc(N4CCOCC4)oc23)cc1,5.12,0.0,1
CHEMBL3267,CS(=O)(=O)c1ccc(-c2nc(N3CCOCC3)c3nc[nH]c3n2)cc1,5.23,0.0,1
CHEMBL3267,CS(=O)(=O)c1cccc(-c2nc(N3CCOCC3)c3nc[nH]c3n2)c1,5.1,0.0,1
CHEMBL3267,CS(=O)(=O)c1cncc(-c2cc(Cl)c3nc(N)nn3c2)c1,5.7,0.0,1
CHEMBL3267,CS(=O)(=O)c1cncc(-c2ccc3nc(N)nn3c2)c1,7.0,0.0,1
CHEMBL3267,CS(=O)(=O)c1cncc(-c2ccc3nc(N)sc3c2)c1,6.9,0.0,1
CHEMBL3267,CS(=O)(=O)c1cncc(-c2ccn3nc(N)nc3c2)c1,7.1,0.0,1
CHEMBL3267,CSc1nc(=O)c2sc(N3CCOCC3)nc2n1Cc1cccc(Cl)c1C,5.6,0.0,1
CHEMBL3267,CSc1ncc(-c2sc(NC(C)=O)nc2C)o1,7.66,0.0,1
CHEMBL3267,CSc1nn2c(=O)cc(-c3ccncc3)nc2n1Cc1cccc(Cl)c1Cl,5.7,0.0,1
CHEMBL3267,CSc1nn2c(=O)cc(N3CCOC(C)C3)nc2n1Cc1cccc(C(F)(F)F)c1C,6.7,0.0,1
CHEMBL3267,CSc1nn2c(=O)cc(N3CCOCC3)nc2n1Cc1cccc(C(F)(F)F)c1C,5.89,0.0,1
CHEMBL3267,CSc1nn2c(=O)cc(N3CCOCC3)nc2n1Cc1cccc(Cl)c1Cl,6.3,0.0,1
CHEMBL3267,C[C@@H](C1CC1)N1Cc2cc(-c3ccn4nc(N)c(C(=O)NC5CC5)c4n3)cc(C(F)(F)F)c2C1=O,8.44,0.0,1
CHEMBL3267,C[C@@H](C1CC1)N1Cc2cc(-c3ccn4nc(N)c(C(=O)NC5CC5)c4n3)cc(C3CC3)c2C1=O,8.33,0.0,1
CHEMBL3267,C[C@@H](C1CC1)N1Cc2cc(-c3ccn4nc(N)c(C(=O)NC5CC5)c4n3)cc(Cl)c2C1=O,8.62,0.0,1
CHEMBL3267,C[C@@H](C1CC1)N1Cc2cc(-c3ccn4nc(N)c(C(=O)NC5CC5)c4n3)cc(NS(C)(=O)=O)c2C1=O,8.57,0.0,1
CHEMBL3267,C[C@@H](C1CC1)N1Cc2cc(-c3ccn4nc(N)c(C(=O)NC5CC5)c4n3)cc(OC(F)(F)F)c2C1=O,8.44,0.0,1
CHEMBL3267,C[C@@H](C1CC1)N1Cc2cc(-c3ccn4nc(N)c(C(=O)NC5CC5)c4n3)cc(OC(F)F)c2C1=O,8.74,0.0,1
CHEMBL3267,C[C@@H](C1CC1)N1Cc2cc(-c3ccn4nc(N)c(C(=O)NC5CC5)c4n3)cc(S(=O)(=O)C3CC3)c2C1=O,8.77,0.0,1
CHEMBL3267,C[C@@H](C1CC1)N1Cc2cc(-c3ccn4nc(N)c(C(=O)NC5CC5)c4n3)cc(S(=O)(=O)C3CCC3)c2C1=O,8.52,0.0,1
CHEMBL3267,C[C@@H](C1CC1)N1Cc2cc(-c3ccn4nc(N)c(C(=O)NC5CC5)c4n3)cc(S(C)(=O)=O)c2C1=O,8.62,0.0,1
CHEMBL3267,C[C@@H](C1CC1)N1Cc2cc(-c3ccn4nc(N)c(C(=O)N[C@@H](CO)C5CC5)c4n3)cc(NS(C)(=O)=O)c2C1=O,9.1,0.0,1
CHEMBL3267,C[C@@H](C1CC1)N1Cc2cc(-c3ccn4nc(N)c(C(=O)N[C@@H](CO)C5CC5)c4n3)cc(OC(F)(F)F)c2C1=O,8.55,0.0,1
CHEMBL3267,C[C@@H](C1CC1)N1Cc2cc(-c3ccn4nc(N)c(C(=O)N[C@@H](CO)C5CC5)c4n3)cc(OC(F)F)c2C1=O,8.51,0.0,1
CHEMBL3267,C[C@@H](C1CC1)N1Cc2cc(-c3ccn4nc(N)c(C(=O)N[C@H]5CC[C@@](C)(O)CC5)c4n3)cc(OC(F)(F)F)c2C1=O,8.55,0.0,1
CHEMBL3267,C[C@@H](C1CC1)N1Cc2cc(-c3ccn4nc(N)c(C(=O)N[C@H]5CC[C@@](C)(O)CC5)c4n3)cc(OC(F)F)c2C1=O,8.72,0.0,1
CHEMBL3267,C[C@@H](C1CC1)N1Cc2cc(-c3ccn4nc(N)c(C(=O)N[C@H]5CC[C@](C)(O)CC5)c4n3)cc(NS(C)(=O)=O)c2C1=O,9.05,0.0,1
CHEMBL3267,C[C@@H](C1CC1)N1Cc2cc(-c3ccn4nc(N)c(C(=O)N[C@H]5CC[C@](O)(C(F)(F)F)CC5)c4n3)cc(NS(C)(=O)=O)c2C1=O,8.68,0.0,1
CHEMBL3267,C[C@@H](C1CC1)N1Cc2cc(-c3cnc(N)nc3)cc(Cl)c2C1=O,8.0,0.0,1
CHEMBL3267,C[C@@H](C1CC1)N1Cc2cc(-c3cnc4[nH]cc(-c5ccc(C6(C(=O)O)CC6)cc5)c4c3)cc(C(F)(F)F)c2C1=O,8.44,0.0,1
CHEMBL3267,C[C@@H](C1CC1)N1Cc2cc(-c3cnc4[nH]cc(-c5cnn(C)c5)c4c3)cc(C#N)c2C1=O,8.43,0.0,1
CHEMBL3267,C[C@@H](C1CC1)N1Cc2cc(-c3cnc4[nH]cc(-c5cnn(C)c5)c4c3)cc(C(F)(F)F)c2C1=O,8.62,0.0,1
CHEMBL3267,C[C@@H](C1CC1)N1Cc2cc(-c3cnc4[nH]cc(-c5cnn(C)c5)c4c3)cc(Cl)c2C1=O,8.62,0.0,1
CHEMBL3267,C[C@@H](C1CC1)N1Cc2cc(-c3cnc4[nH]cc(-c5cnn(C)c5)c4c3)cc(NS(C)(=O)=O)c2C1=O,8.4,0.0,1
CHEMBL3267,C[C@@H](C1CC1)N1Cc2cc(-c3cnc4[nH]cc(-c5cnn(C)c5)c4c3)cc(S(=O)(=O)N(C)C)c2C1=O,8.59,0.0,1
CHEMBL3267,C[C@@H](C1CC1)N1Cc2cc(-c3cnc4[nH]cc(-c5cnn(C)c5)c4c3)cc(S(C)(=O)=O)c2C1=O,8.82,0.0,1
CHEMBL3267,C[C@@H](CN)n1nc(-c2ccc(Cl)c(O)c2)c2c(N)ncnc21,7.1,0.0,1
CHEMBL3267,C[C@@H](CN)n1nc(-c2ccc(F)c(O)c2)c2c(N)ncnc21,6.22,0.0,1
CHEMBL3267,C[C@@H](N)C(=O)N1CCN(c2nc(N3CCOCC3)nc(-n3c(C(F)F)nc4ccccc43)n2)CC1,5.7,0.0,1
CHEMBL3267,C[C@@H](NC(=O)c1c(N)nn2cccnc12)c1cc2cccc(/C=C/c3cnn(C)c3)c2c(=O)n1-c1ccccc1,5.52,0.0,1
CHEMBL3267,C[C@@H](NC(=O)c1c(N)nn2cccnc12)c1cc2cccc(/C=C\c3cnn(C)c3)c2c(=O)n1-c1ccccc1,5.52,0.0,1
CHEMBL3267,C[C@@H](NC(=O)c1c(N)nn2cccnc12)c1cc2cccc(C#Cc3cnn(C)c3)c2nc1-c1ccccc1,5.52,0.0,1
CHEMBL3267,C[C@@H](NC(=O)c1c(N)nn2cccnc12)c1nc2cccc(C#Cc3cnn(C)c3)c2cc1-c1ccccc1,5.52,0.0,1
CHEMBL3267,C[C@@H](NC(=O)c1c(N)nn2cccnc12)c1oc2cccc(C#Cc3cnn(C)c3)c2c(=O)c1-c1ccccc1,5.52,0.0,1
CHEMBL3267,C[C@@H](NC(=O)c1ccc(NC(=O)Nc2ccc(-c3nc(N4CCOCC4)nc(N4CCOCC4)n3)cc2)cc1)C(N)=O,7.55,0.0,1
CHEMBL3267,C[C@@H](Nc1c(C(N)=O)cnc2ccc(-c3cccnc3)cc12)c1ccc(Cl)cc1,7.35,0.0,1
CHEMBL3267,C[C@@H](Nc1c(C(N)=O)cnc2ccc(C#N)cc12)c1ccc(Cl)cc1,6.69,0.0,1
CHEMBL3267,C[C@@H](Nc1cc(F)c(F)c(F)c1)c1cc(C(=O)N(C)C)cc2c(=O)cc(N3CCOCC3)oc12,5.85,0.0,1
CHEMBL3267,C[C@@H](Nc1cc(F)cc(Cl)c1)c1cc(C(=O)N(C)C)cc2c(=O)cc(N3CCOCC3)oc12,6.68,0.0,1
CHEMBL3267,C[C@@H](Nc1cc(F)cc(F)c1)c1cc(C(=O)N(C)C)cc2c(=O)cc(N3CCOCC3)oc12,5.695,0.6717514421272206,2
CHEMBL3267,C[C@@H](Nc1cc(F)cc(F)c1)c1cc(C(=O)N(C)C)cn2c(=O)cc(N3CCOCC3)nc12,6.29,0.0,1
CHEMBL3267,C[C@@H](Nc1cc(F)cc(F)c1)c1cc(C(=O)N2CCC2)cc2c(=O)cc(N3CCOCC3)oc12,6.46,0.0,1
CHEMBL3267,C[C@@H](Nc1cc(F)cc(F)c1F)c1cc(C(=O)N(C)C)cc2c(=O)cc(N3CCOCC3)oc12,5.82,0.0,1
CHEMBL3267,C[C@@H](Nc1ccc(F)c(F)c1)c1cc(C(=O)N(C)C)cc2c(=O)cc(N3CCOCC3)oc12,5.6,0.0,1
CHEMBL3267,C[C@@H](Nc1cccc(Cl)c1F)c1cc(C(=O)N(C)C)cc2c(=O)cc(N3CCOCC3)oc12,6.5,0.0,1
CHEMBL3267,C[C@@H](Nc1nc2ccc(-c3ccn(CC4CC4)c(=O)c3)cc2s1)C1CCOCC1,4.2,0.0,1
CHEMBL3267,C[C@@H](Nc1ncnc2[nH]cc(C#N)c12)c1cc2ncc(Cl)n2nc1-c1ccccc1,7.34,0.0,1
CHEMBL3267,C[C@@H](Nc1ncnc2[nH]cnc12)c1cc2ncc(Cl)n2nc1-c1ccccc1,7.03,0.0,1
CHEMBL3267,C[C@@H](Oc1cc(-n2cnc3ccc(OC4CCN(C)CC4)cc32)sc1C(N)=O)c1ccccc1C(F)(F)F,6.41,0.0,1
CHEMBL3267,C[C@@H](Oc1cc(F)cc(F)c1)c1cc(C(=O)N(C)C)cc2c(=O)cc(N3CCOCC3)oc12,4.89,0.0,1
CHEMBL3267,C[C@@H](Oc1ccccc1)c1cc(C(=O)N(C)CCO)cn2c(=O)cc(N3CCOCC3)nc12,4.08,0.0,1
CHEMBL3267,C[C@@H](c1ccccc1)c1nc(-c2cnc(N)c(-n3nnc4ccccc43)n2)nn1C,6.3,0.0,1
CHEMBL3267,C[C@@H](c1nc(-c2cnc(N)c(-n3nnc4ccccc43)n2)nn1C)N1CCOCC1,5.8,0.0,1
CHEMBL3267,C[C@@H]1CCN(C(=O)Nc2nc3c(s2)-c2cc(C(C)(C)C(F)(F)F)ncc2OC3)[C@@H]1C(N)=O,6.7,0.0,1
CHEMBL3267,C[C@@H]1CCN(C(=O)Nc2nc3c(s2)-c2nc(C(C)(C)C(F)(F)F)ncc2CC3)[C@@H]1C(N)=O,7.82,0.0,1
CHEMBL3267,C[C@@H]1CCN(C(=O)Nc2nc3c(s2)-c2nc(C(C)(C)C(F)(F)F)sc2CC3)[C@@H]1C(N)=O,6.8,0.0,1
CHEMBL3267,C[C@@H]1CCN(C(=O)Nc2nc3c(s2)-c2nc(C(C)(C)C)ncc2CC3)[C@@H]1C(N)=O,8.3,0.0,1
CHEMBL3267,C[C@@H]1CCN(C(=O)Nc2nc3c(s2)-c2nc(C(C)(C)C)sc2CC3)[C@@H]1C(N)=O,6.7,0.0,1
CHEMBL3267,C[C@@H]1CN(C2CCN(C(=O)c3nc4c(N5CCOCC5)nc(-c5cn[nH]c5)nc4[nH]3)CC2)C[C@H](C)O1,5.01,0.0,1
CHEMBL3267,C[C@@H]1CN(C2CCN(C(=O)c3nc4c(N5CCOCC5)nc(-c5cnn(C)c5)nc4[nH]3)CC2)C[C@H](C)O1,5.93,0.0,1
CHEMBL3267,C[C@@H]1CN(Cc2nnc(-c3cc4c(c(-c5cc(O)cc(F)c5)c3)CNC4=O)o2)C[C@H](C)O1,5.13,0.0,1
CHEMBL3267,C[C@@H]1CN(c2cc(-c3cc4c(c(-c5cc(O)cc(F)c5)c3)CNC4=O)ccn2)C[C@H](C)O1,6.28,0.0,1
CHEMBL3267,C[C@@H]1CN(c2cc(=O)c3cc(C(=O)N(C)C)cc(CN(C)c4cc(F)cc(F)c4)c3o2)CCO1,6.62,0.0,1
CHEMBL3267,C[C@@H]1CN(c2cc(=O)c3cc(C(=O)N(C)C)cc(CN4CCOc5c(F)cc(F)cc54)c3o2)CCO1,6.85,0.0,1
CHEMBL3267,C[C@@H]1CN(c2cc(=O)c3cc(C(=O)N(C)C)cc(CN4CCOc5c(F)cccc54)c3o2)CCO1,6.92,0.0,1
CHEMBL3267,C[C@@H]1CN(c2cc(=O)c3cc(C(=O)N(C)C)cc(CN4CCOc5ccc(F)cc54)c3o2)CCO1,6.36,0.0,1
CHEMBL3267,C[C@@H]1CN(c2nc(-c3cccc(O)c3)nc3cccnc23)C[C@H](C)O1,6.24,0.0,1
CHEMBL3267,C[C@@H]1COCCN1c1nc(N2CCOC[C@@H]2C)nc2[nH]c(-c3cccc4[nH]ccc34)nc12,5.18,0.0,1
CHEMBL3267,C[C@H](CN)n1nc(-c2ccc(Cl)c(O)c2)c2c(N)ncnc21,6.2,0.0,1
CHEMBL3267,C[C@H](CN)n1nc(-c2ccc(F)c(O)c2)c2c(N)ncnc21,6.09,0.0,1
CHEMBL3267,C[C@H](N)C(=O)N1CCN(c2nc(N3CCOCC3)nc(-n3c(C(F)F)nc4ccccc43)n2)CC1,5.44,0.0,1
CHEMBL3267,C[C@H](N1Cc2cc(-c3ccn4nc(N)c(C(=O)NC5CC5)c4n3)cc(NS(C)(=O)=O)c2C1=O)C(F)(F)F,9.1,0.0,1
CHEMBL3267,C[C@H](N1Cc2cc(-c3ccn4nc(N)c(C(=O)N[C@@H](CO)C5CC5)c4n3)cc(C3CC3)c2C1=O)C(F)(F)F,8.6,0.0,1
CHEMBL3267,C[C@H](N1Cc2cc(-c3ccn4nc(N)c(C(=O)N[C@@H](CO)C5CC5)c4n3)cc(Cl)c2C1=O)C(F)(F)F,8.51,0.0,1
CHEMBL3267,C[C@H](N1Cc2cc(-c3ccn4nc(N)c(C(=O)N[C@@H](CO)C5CC5)c4n3)cc(NS(C)(=O)=O)c2C1=O)C(F)(F)F,8.46,0.0,1
CHEMBL3267,C[C@H](N1Cc2cc(-c3ccn4nc(N)c(C(=O)N[C@@H](CO)C5CC5)c4n3)cc(OC(F)F)c2C1=O)C(F)(F)F,8.47,0.0,1
CHEMBL3267,C[C@H](N1Cc2cc(-c3ccn4nc(N)c(C(=O)N[C@H]5CC[C@@](C)(O)CC5)c4n3)cc(NS(C)(=O)=O)c2C1=O)C(F)(F)F,8.49,0.0,1
CHEMBL3267,C[C@H](NC(=O)c1c(N)ncc2ccccc12)c1cc2cccc(Cl)c2c(=O)n1-c1ccccc1,5.52,0.0,1
CHEMBL3267,C[C@H](NC(=O)c1c(N)nn2ccccc12)c1cc2cccc(C#Cc3cnn(C)c3)c2c(=O)n1-c1ccccc1,5.52,0.0,1
CHEMBL3267,C[C@H](NC(=O)c1c(N)nn2ccccc12)c1cc2cccc(Cl)c2c(=O)n1-c1ccccc1,5.52,0.0,1
CHEMBL3267,C[C@H](NC(=O)c1c(N)nn2cccnc12)c1cc2ccc3ccccc3c2c(=O)n1-c1ccccc1,5.609999999999999,0.1272792206135787,2
CHEMBL3267,C[C@H](NC(=O)c1c(N)nn2cccnc12)c1cc2cccc(/C=C/c3ccccc3)c2c(=O)n1-c1ccccc1,5.609999999999999,0.1272792206135787,2
CHEMBL3267,C[C@H](NC(=O)c1c(N)nn2cccnc12)c1cc2cccc(/C=C/c3cnn(C)c3)c2c(=O)n1-c1ccccc1,5.609999999999999,0.1272792206135787,2
CHEMBL3267,C[C@H](NC(=O)c1c(N)nn2cccnc12)c1cc2cccc(/C=C\c3cnn(C)c3)c2c(=O)n1-c1ccccc1,5.609999999999999,0.1272792206135787,2
CHEMBL3267,C[C@H](NC(=O)c1c(N)nn2cccnc12)c1cc2cccc(C#CC(C)(C)C)c2c(=O)n1-c1ccccc1,5.609999999999999,0.1272792206135787,2
CHEMBL3267,C[C@H](NC(=O)c1c(N)nn2cccnc12)c1cc2cccc(C#CC(C)(C)N)c2c(=O)n1-c1ccccc1,5.609999999999999,0.1272792206135787,2
CHEMBL3267,C[C@H](NC(=O)c1c(N)nn2cccnc12)c1cc2cccc(C#CC(C)(C)O)c2c(=O)n1-c1ccccc1,5.609999999999999,0.1272792206135787,2
CHEMBL3267,C[C@H](NC(=O)c1c(N)nn2cccnc12)c1cc2cccc(C#CC(F)(F)F)c2c(=O)n1-c1ccccc1,5.609999999999999,0.1272792206135787,2
CHEMBL3267,C[C@H](NC(=O)c1c(N)nn2cccnc12)c1cc2cccc(C#CC3(O)CN4CCC3CC4)c2c(=O)n1-c1ccccc1,5.609999999999999,0.1272792206135787,2
CHEMBL3267,C[C@H](NC(=O)c1c(N)nn2cccnc12)c1cc2cccc(C#CC3CC3)c2c(=O)n1-c1ccccc1,5.609999999999999,0.1272792206135787,2
CHEMBL3267,C[C@H](NC(=O)c1c(N)nn2cccnc12)c1cc2cccc(C#CC3CC3)c2c(=O)n1C1CC1,5.609999999999999,0.1272792206135787,2
CHEMBL3267,C[C@H](NC(=O)c1c(N)nn2cccnc12)c1cc2cccc(C#CC3CCCC3)c2c(=O)n1-c1ccccc1,5.609999999999999,0.1272792206135787,2
CHEMBL3267,C[C@H](NC(=O)c1c(N)nn2cccnc12)c1cc2cccc(C#CC3CCCCC3)c2c(=O)n1-c1ccccc1,5.609999999999999,0.1272792206135787,2
CHEMBL3267,C[C@H](NC(=O)c1c(N)nn2cccnc12)c1cc2cccc(C#CC3CCN(C)CC3)c2c(=O)n1-c1ccccc1,5.609999999999999,0.1272792206135787,2
CHEMBL3267,C[C@H](NC(=O)c1c(N)nn2cccnc12)c1cc2cccc(C#CC3CCN(S(C)(=O)=O)CC3)c2c(=O)n1-c1ccccc1,5.609999999999999,0.1272792206135787,2
CHEMBL3267,C[C@H](NC(=O)c1c(N)nn2cccnc12)c1cc2cccc(C#CC3CCNCC3)c2c(=O)n1-c1ccccc1,5.609999999999999,0.1272792206135787,2
CHEMBL3267,C[C@H](NC(=O)c1c(N)nn2cccnc12)c1cc2cccc(C#CC3CCOC3)c2c(=O)n1-c1ccccc1,5.609999999999999,0.1272792206135787,2
CHEMBL3267,C[C@H](NC(=O)c1c(N)nn2cccnc12)c1cc2cccc(C#CC3CCOCC3)c2c(=O)n1-c1ccccc1,5.609999999999999,0.1272792206135787,2
CHEMBL3267,C[C@H](NC(=O)c1c(N)nn2cccnc12)c1cc2cccc(C#CC3CNC3)c2c(=O)n1-c1ccccc1,5.609999999999999,0.1272792206135787,2
CHEMBL3267,C[C@H](NC(=O)c1c(N)nn2cccnc12)c1cc2cccc(C#CC=O)c2c(=O)n1-c1ccccc1,5.609999999999999,0.1272792206135787,2
CHEMBL3267,C[C@H](NC(=O)c1c(N)nn2cccnc12)c1cc2cccc(C#CCN(C)C)c2c(=O)n1-c1ccccc1,5.609999999999999,0.1272792206135787,2
CHEMBL3267,C[C@H](NC(=O)c1c(N)nn2cccnc12)c1cc2cccc(C#CCN3CCCC3=O)c2c(=O)n1-c1ccccc1,5.609999999999999,0.1272792206135787,2
CHEMBL3267,C[C@H](NC(=O)c1c(N)nn2cccnc12)c1cc2cccc(C#CCN3CCN(C)CC3)c2c(=O)n1-c1ccccc1,5.609999999999999,0.1272792206135787,2
CHEMBL3267,C[C@H](NC(=O)c1c(N)nn2cccnc12)c1cc2cccc(C#CCN3CCOCC3)c2c(=O)n1-c1ccccc1,5.609999999999999,0.1272792206135787,2
CHEMBL3267,C[C@H](NC(=O)c1c(N)nn2cccnc12)c1cc2cccc(C#CCO)c2c(=O)n1-c1ccccc1,5.609999999999999,0.1272792206135787,2
CHEMBL3267,C[C@H](NC(=O)c1c(N)nn2cccnc12)c1cc2cccc(C#C[C@@H](C)O)c2c(=O)n1-c1ccccc1,5.609999999999999,0.1272792206135787,2
CHEMBL3267,C[C@H](NC(=O)c1c(N)nn2cccnc12)c1cc2cccc(C#Cc3cc[nH]c(=O)c3)c2c(=O)n1-c1ccccc1,5.609999999999999,0.1272792206135787,2
CHEMBL3267,C[C@H](NC(=O)c1c(N)nn2cccnc12)c1cc2cccc(C#Cc3ccc(=O)[nH]c3)c2c(=O)n1-c1ccccc1,5.609999999999999,0.1272792206135787,2
CHEMBL3267,C[C@H](NC(=O)c1c(N)nn2cccnc12)c1cc2cccc(C#Cc3ccc(=O)n(C)c3)c2c(=O)n1-c1ccccc1,5.609999999999999,0.1272792206135787,2
CHEMBL3267,C[C@H](NC(=O)c1c(N)nn2cccnc12)c1cc2cccc(C#Cc3ccccc3)c2c(=O)n1-c1ccccc1,5.609999999999999,0.1272792206135787,2
CHEMBL3267,C[C@H](NC(=O)c1c(N)nn2cccnc12)c1cc2cccc(C#Cc3ccccn3)c2c(=O)n1-c1ccccc1,5.609999999999999,0.1272792206135787,2
CHEMBL3267,C[C@H](NC(=O)c1c(N)nn2cccnc12)c1cc2cccc(C#Cc3cccnc3)c2c(=O)n1-c1ccccc1,5.609999999999999,0.1272792206135787,2
CHEMBL3267,C[C@H](NC(=O)c1c(N)nn2cccnc12)c1cc2cccc(C#Cc3ccn(C)n3)c2c(=O)n1-c1ccccc1,5.609999999999999,0.1272792206135787,2
CHEMBL3267,C[C@H](NC(=O)c1c(N)nn2cccnc12)c1cc2cccc(C#Cc3ccn[nH]3)c2c(=O)n1-c1ccccc1,5.609999999999999,0.1272792206135787,2
CHEMBL3267,C[C@H](NC(=O)c1c(N)nn2cccnc12)c1cc2cccc(C#Cc3ccncc3)c2c(=O)n1-c1ccccc1,5.609999999999999,0.1272792206135787,2
CHEMBL3267,C[C@H](NC(=O)c1c(N)nn2cccnc12)c1cc2cccc(C#Cc3ccnn3C)c2c(=O)n1-c1ccccc1,5.609999999999999,0.1272792206135787,2
CHEMBL3267,C[C@H](NC(=O)c1c(N)nn2cccnc12)c1cc2cccc(C#Cc3cn(C)cn3)c2c(=O)n1-c1ccccc1,5.609999999999999,0.1272792206135787,2
CHEMBL3267,C[C@H](NC(=O)c1c(N)nn2cccnc12)c1cc2cccc(C#Cc3cn[nH]c3)c2c(=O)n1-c1ccccc1,5.609999999999999,0.1272792206135787,2
CHEMBL3267,C[C@H](NC(=O)c1c(N)nn2cccnc12)c1cc2cccc(C#Cc3cncn3C)c2c(=O)n1-c1ccccc1,5.609999999999999,0.1272792206135787,2
CHEMBL3267,C[C@H](NC(=O)c1c(N)nn2cccnc12)c1cc2cccc(C#Cc3cncn3C)c2c(=O)n1C1CC1,5.609999999999999,0.1272792206135787,2
CHEMBL3267,C[C@H](NC(=O)c1c(N)nn2cccnc12)c1cc2cccc(C#Cc3cncs3)c2c(=O)n1-c1ccccc1,5.609999999999999,0.1272792206135787,2
CHEMBL3267,C[C@H](NC(=O)c1c(N)nn2cccnc12)c1cc2cccc(C#Cc3cnn(C)c3)c2c(=O)[nH]1,5.609999999999999,0.1272792206135787,2
CHEMBL3267,C[C@H](NC(=O)c1c(N)nn2cccnc12)c1cc2cccc(C#Cc3cnn(C)c3)c2c(=O)n1-c1ccc(F)c(F)c1,5.609999999999999,0.1272792206135787,2
CHEMBL3267,C[C@H](NC(=O)c1c(N)nn2cccnc12)c1cc2cccc(C#Cc3cnn(C)c3)c2c(=O)n1-c1ccc(F)cc1,5.609999999999999,0.1272792206135787,2
CHEMBL3267,C[C@H](NC(=O)c1c(N)nn2cccnc12)c1cc2cccc(C#Cc3cnn(C)c3)c2c(=O)n1-c1cccc(F)c1,5.609999999999999,0.1272792206135787,2
CHEMBL3267,C[C@H](NC(=O)c1c(N)nn2cccnc12)c1cc2cccc(C#Cc3cnn(C)c3)c2c(=O)n1-c1ccccc1,6.919999999999999,2.270770794245865,3
CHEMBL3267,C[C@H](NC(=O)c1c(N)nn2cccnc12)c1cc2cccc(C#Cc3cnn(C)c3)c2c(=O)n1C,5.609999999999999,0.1272792206135787,2
CHEMBL3267,C[C@H](NC(=O)c1c(N)nn2cccnc12)c1cc2cccc(C#Cc3cnn(C)c3)c2c(=O)n1C1CC1,5.609999999999999,0.1272792206135787,2
CHEMBL3267,C[C@H](NC(=O)c1c(N)nn2cccnc12)c1cc2cccc(C#Cc3cnn(C)c3)c2c(=O)n1C1CCCCC1,5.609999999999999,0.1272792206135787,2
CHEMBL3267,C[C@H](NC(=O)c1c(N)nn2cccnc12)c1cc2cccc(C#Cc3cnn(C)c3)c2c(=O)n1CCS(=O)(=O)N(C)C,5.609999999999999,0.1272792206135787,2
CHEMBL3267,C[C@H](NC(=O)c1c(N)nn2cccnc12)c1cc2cccc(C#Cc3cnn(C)c3)c2nc1-c1ccccc1,5.52,0.0,1
CHEMBL3267,C[C@H](NC(=O)c1c(N)nn2cccnc12)c1cc2cccc(C#Cc3cnn(C)c3C(F)(F)F)c2c(=O)n1-c1ccccc1,5.609999999999999,0.1272792206135787,2
CHEMBL3267,C[C@H](NC(=O)c1c(N)nn2cccnc12)c1cc2cccc(C#Cc3cocn3)c2c(=O)n1-c1ccccc1,5.609999999999999,0.1272792206135787,2
CHEMBL3267,C[C@H](NC(=O)c1c(N)nn2cccnc12)c1cc2cccc(C#Cc3cscn3)c2c(=O)n1-c1ccccc1,5.609999999999999,0.1272792206135787,2
CHEMBL3267,C[C@H](NC(=O)c1c(N)nn2cccnc12)c1cc2cccc(C#Cc3nccs3)c2c(=O)n1-c1ccccc1,5.609999999999999,0.1272792206135787,2
CHEMBL3267,C[C@H](NC(=O)c1c(N)nn2cccnc12)c1cc2cccc(CC(=O)c3cn[nH]c3)c2c(=O)n1-c1ccccc1,5.609999999999999,0.1272792206135787,2
CHEMBL3267,C[C@H](NC(=O)c1c(N)nn2cccnc12)c1cc2cccc(CC(=O)c3cnn(C)c3)c2c(=O)n1-c1ccccc1,5.609999999999999,0.1272792206135787,2
CHEMBL3267,C[C@H](NC(=O)c1c(N)nn2cccnc12)c1cc2cccc(N)c2c(=O)n1-c1ccccc1,5.609999999999999,0.1272792206135787,2
CHEMBL3267,C[C@H](NC(=O)c1c(N)nn2cccnc12)c1cc2cccc(NC(=O)c3cnn(C)c3)c2c(=O)n1-c1ccccc1,5.609999999999999,0.1272792206135787,2
CHEMBL3267,C[C@H](NC(=O)c1c(N)nn2cccnc12)c1cc2ccccc2c(=O)n1-c1ccccc1,5.52,0.0,1
CHEMBL3267,C[C@H](NC(=O)c1c(N)nn2cccnc12)c1nc2cccc(C#Cc3cnn(C)c3)c2c(=O)n1-c1ccccc1,5.52,0.0,1
CHEMBL3267,C[C@H](NC(=O)c1c(N)nn2cccnc12)c1nc2cccc(C#Cc3cnn(C)c3)c2c(=O)n1C,5.609999999999999,0.1272792206135787,2
CHEMBL3267,C[C@H](NC(=O)c1c(N)nn2cccnc12)c1nc2cccc(C#Cc3cnn(C)c3)c2cc1-c1ccccc1,5.52,0.0,1
CHEMBL3267,C[C@H](NC(=O)c1c(N)nn2cccnc12)c1nc2cccc(Cl)c2c(=O)n1CCCN,5.5,0.0,1
CHEMBL3267,C[C@H](NC(=O)c1c(N)nn2cccnc12)c1oc2cccc(C#Cc3cnn(C)c3)c2c(=O)c1-c1ccccc1,5.52,0.0,1
CHEMBL3267,C[C@H](NC(=O)c1ccc(NC(=O)Nc2ccc(-c3nc(N4CCOCC4)nc(N4CCOC[C@@H]4C)n3)cc2)cc1)C(N)=O,7.47,0.0,1
CHEMBL3267,C[C@H](NC(=O)c1cnc2ccc(-c3ccc4oc(N)nc4c3)cn12)C(N)=O,6.63,0.0,1
CHEMBL3267,C[C@H](NC(=O)c1cncc2cccnc12)c1cc2cccc(C#Cc3cnn(C)c3)c2c(=O)n1-c1ccccc1,5.609999999999999,0.1272792206135787,2
CHEMBL3267,C[C@H](NC(=O)c1cnn2cccnc12)c1cc2cccc(C#Cc3cnn(C)c3)c2c(=O)n1-c1ccccc1,5.609999999999999,0.1272792206135787,2
CHEMBL3267,C[C@H](NC(=O)c1nc(Br)c(N)nc1N)c1nc2cccc(Cl)c2c(=O)n1CCCN,5.34,0.0,1
CHEMBL3267,C[C@H](NC(=O)c1nccnc1N)c1cc2cccc(C#Cc3cnn(C)c3)c2c(=O)n1-c1ccccc1,5.609999999999999,0.1272792206135787,2
CHEMBL3267,C[C@H](Nc1c(C(N)=O)nnc2ccc(-c3ccc(OCCCN(C)C)nc3)cc12)C1CCOCC1,5.54,0.0,1
CHEMBL3267,C[C@H](Nc1cc(F)cc(F)c1)c1cc(C(=O)N(C)C)cc2c(=O)cc(N3CCO[C@@H](C)C3)oc12,5.54,0.0,1
CHEMBL3267,C[C@H](Nc1nc(N)nc(C(F)F)c1C#N)c1nc2c(Cl)cc(F)cc2c(=O)n1-c1cc[nH]n1,5.89,0.0,1
CHEMBL3267,C[C@H](Nc1nc(N)nc(C(F)F)c1C#N)c1nc2c(F)cc(F)cc2c(=O)n1-c1cc[nH]n1,5.64,0.0,1
CHEMBL3267,C[C@H](Nc1nc(N)nc(C(F)F)c1C#N)c1nc2c(F)cccc2c(=O)n1-c1cc[nH]n1,5.37,0.0,1
CHEMBL3267,C[C@H](Nc1nc(N)nc(C(F)F)c1C#N)c1nc2ccc(F)cc2c(=O)n1-c1cc[nH]n1,5.1,0.0,1
CHEMBL3267,C[C@H](Nc1nc(N)nc(N)c1C#Cc1ccc(F)cn1)c1nc2cccc(Cl)c2c(=O)n1-c1cc(F)cc(F)c1,6.26,0.0,1
CHEMBL3267,C[C@H](Nc1nc(N)nc(N)c1C#Cc1ccc(F)cn1)c1nc2cccc(Cl)c2c(=O)n1-c1ccccc1,6.26,0.0,1
CHEMBL3267,C[C@H](Nc1nc(N)nc(N)c1C#N)c1c(-c2ccccc2)c(=O)n2cc(F)ccc2c1-c1ccc(F)cc1,7.75,0.0,1
CHEMBL3267,C[C@H](Nc1nc(N)nc(N)c1C#N)c1nc2c(Cl)cc(F)cc2c(=O)n1-c1cnc(N)cn1,5.31,0.0,1
CHEMBL3267,C[C@H](Nc1nc(N)nc(N)c1C#N)c1nc2c(Cl)cc(F)cc2c(=O)n1[C@H]1C[C@@H](O)C1,5.62,0.0,1
CHEMBL3267,C[C@H](Nc1nc(N)nc(N)c1C#N)c1nc2c(Cl)cc(F)cc2c(=O)n1[C@H]1C[C@H](O)C1,5.5,0.0,1
CHEMBL3267,C[C@H](Nc1nc(N)nc(N)c1C#N)c1nc2c(Cl)ccc(Cl)c2c(=O)n1-c1cccnc1,6.48,0.0,1
CHEMBL3267,C[C@H](Nc1nc(N)nc(N)c1C#N)c1nc2c(Cl)ccc(Cl)c2c(=O)n1-c1cnc(N)cn1,5.82,0.0,1
CHEMBL3267,C[C@H](Nc1nc(N)nc(N)c1C#N)c1nc2c(Cl)ccc(Cl)c2c(=O)n1[C@H]1C[C@@H](O)C1,5.58,0.0,1
CHEMBL3267,C[C@H](Nc1nc(N)nc(N)c1C#N)c1nc2c(Cl)ccc(Cl)c2c(=O)n1[C@H]1C[C@H](O)C1,5.5,0.0,1
CHEMBL3267,C[C@H](Nc1nc(N)nc(N)c1C#N)c1nc2c(Cl)cccc2c(=O)n1-c1cccnc1,5.96,0.0,1
CHEMBL3267,C[C@H](Nc1nc(N)nc(N)c1C#N)c1nc2c(F)cc(F)cc2c(=O)n1-c1cnc(N)cn1,5.82,0.0,1
CHEMBL3267,C[C@H](Nc1nc(N)nc(N)c1C#N)c1nc2c(F)ccc(Cl)c2c(=O)n1-c1cccnc1,7.29,0.0,1
CHEMBL3267,C[C@H](Nc1nc(N)nc(N)c1C#N)c1nc2c(F)ccc(Cl)c2c(=O)n1-c1cnc(N)cn1,6.2,0.0,1
CHEMBL3267,C[C@H](Nc1nc(N)nc(N)c1C#N)c1nc2c(F)ccc(Cl)c2c(=O)n1-c1cncc(F)c1,6.92,0.0,1
CHEMBL3267,C[C@H](Nc1nc(N)nc(N)c1C#N)c1nc2c(F)ccc(F)c2c(=O)n1-c1cccnc1,6.03,0.0,1
CHEMBL3267,C[C@H](Nc1nc(N)nc(N)c1C#N)c1nc2cccc(CNC(=O)c3ccc(C(=O)NO)cc3)c2c(=O)n1-c1ccccc1,8.0,0.0,1
CHEMBL3267,C[C@H](Nc1nc(N)nc(N)c1C#N)c1nc2cccc(CNc3ncc(C(=O)NO)cn3)c2c(=O)n1-c1ccccc1,7.82,0.0,1
CHEMBL3267,C[C@H](Nc1nc(N)nc(N)c1C#N)c1nc2cccc(Cl)c2c(=O)n1-c1cc[nH]n1,7.27,0.0,1
CHEMBL3267,C[C@H](Nc1nc(N)nc(N)c1C#N)c1nc2cccc(Cl)c2c(=O)n1-c1ccccc1,8.15,0.0,1
CHEMBL3267,C[C@H](Nc1nc(N)nc(N)c1C#N)c1nc2cccc(Cl)c2c(=O)n1-c1cccnc1,7.14,0.0,1
CHEMBL3267,C[C@H](Nc1nc(N)nc(N)c1C#N)c1nc2cccc(Cl)c2c(=O)n1-c1cnc(N)cn1,6.55,0.0,1
CHEMBL3267,C[C@H](Nc1nc(N)nc(N)c1C#N)c1nc2cccc(Cl)c2c(=O)n1-c1cncc(C#N)c1,6.16,0.0,1
CHEMBL3267,C[C@H](Nc1nc(N)nc(N)c1C#N)c1nc2cccc(Cl)c2c(=O)n1-c1cncc(C(F)(F)F)c1,5.89,0.0,1
CHEMBL3267,C[C@H](Nc1nc(N)nc(N)c1C#N)c1nc2cccc(Cl)c2c(=O)n1-c1cncc(C2CC2)c1,5.64,0.0,1
CHEMBL3267,C[C@H](Nc1nc(N)nc(N)c1C#N)c1nc2cccc(Cl)c2c(=O)n1-c1cncc(Cl)c1,5.92,0.0,1
CHEMBL3267,C[C@H](Nc1nc(N)nc(N)c1C#N)c1nc2cccc(Cl)c2c(=O)n1-c1cncc(F)c1,6.82,0.0,1
CHEMBL3267,C[C@H](Nc1nc(N)nc(N)c1C#N)c1nc2cccc(Cl)c2c(=O)n1CCC#N,7.11,0.0,1
CHEMBL3267,C[C@H](Nc1nc(N)nc(N)c1C#N)c1nc2cccc(Cl)c2c(=O)n1CCC(=O)N(C)C,6.55,0.0,1
CHEMBL3267,C[C@H](Nc1nc(N)nc(N)c1C#N)c1nc2cccc(Cl)c2c(=O)n1CCC(O)CNC(C)(C)C,5.64,0.0,1
CHEMBL3267,C[C@H](Nc1nc(N)nc(N)c1C#N)c1nc2cccc(Cl)c2c(=O)n1CCCC#N,6.75,0.0,1
CHEMBL3267,C[C@H](Nc1nc(N)nc(N)c1C#N)c1nc2cccc(Cl)c2c(=O)n1CCCN,5.85,0.0,1
CHEMBL3267,C[C@H](Nc1nc(N)nc(N)c1C#N)c1nc2cccc(Cl)c2c(=O)n1CCCN(C)CC(F)(F)F,6.02,0.0,1
CHEMBL3267,C[C@H](Nc1nc(N)nc(N)c1C#N)c1nc2cccc(Cl)c2c(=O)n1CCCN(C)Cc1ccccc1,5.19,0.0,1
CHEMBL3267,C[C@H](Nc1nc(N)nc(N)c1C#N)c1nc2cccc(Cl)c2c(=O)n1CCCN1CCOCC1,6.14,0.0,1
CHEMBL3267,C[C@H](Nc1nc(N)nc(N)c1C#N)c1nc2cccc(Cl)c2c(=O)n1CCCNCc1ccccc1,5.77,0.0,1
CHEMBL3267,C[C@H](Nc1nc(N)nc(N)c1C#N)c1nc2cccc(Cl)c2c(=O)n1CCCNc1ccccn1,5.66,0.0,1
CHEMBL3267,C[C@H](Nc1nc(N)nc(N)c1C#N)c1nc2cccc(Cl)c2c(=O)n1CCCNc1ncccn1,6.18,0.0,1
CHEMBL3267,C[C@H](Nc1nc(N)nc(N)c1C#N)c1nc2cccc(Cl)c2c(=O)n1CCCS(C)(=O)=O,6.28,0.0,1
CHEMBL3267,C[C@H](Nc1nc(N)nc(N)c1C#N)c1nc2cccc(Cl)c2c(=O)n1CCN(C)C,5.18,0.0,1
CHEMBL3267,C[C@H](Nc1nc(N)nc(N)c1C#N)c1nc2cccc(Cl)c2c(=O)n1CCc1ccn[nH]1,6.23,0.0,1
CHEMBL3267,C[C@H](Nc1nc(N)nc(N)c1C#N)c1nc2cccc(Cl)c2c(=O)n1C[C@@H]1CCCNC1,5.5,0.0,1
CHEMBL3267,C[C@H](Nc1nc(N)nc(N)c1C#N)c1nc2cccc(Cl)c2c(=O)n1C[C@@H]1CCNC1,5.6,0.0,1
CHEMBL3267,C[C@H](Nc1nc(N)nc(N)c1C#N)c1nc2cccc(Cl)c2c(=O)n1C[C@H]1CCCNC1,5.89,0.0,1
CHEMBL3267,C[C@H](Nc1nc(N)nc(N)c1C#N)c1nc2cccc(Cl)c2c(=O)n1C[C@H]1CCNC1,5.64,0.0,1
CHEMBL3267,C[C@H](Nc1nc(N)nc(N)c1C#N)c1nc2cccc(Cl)c2c(=O)n1Cc1cc[nH]n1,6.8,0.0,1
CHEMBL3267,C[C@H](Nc1nc(N)nc(N)c1C#N)c1nc2cccc(Cl)c2c(=O)n1Cc1cn[nH]c1,6.42,0.0,1
CHEMBL3267,C[C@H](Nc1nc(N)nc(N)c1C#N)c1nc2cccc(Cl)c2c(=O)n1Cc1nc[nH]n1,6.5,0.0,1
CHEMBL3267,C[C@H](Nc1nc(N)nc(N)c1C#N)c1nc2cccc(Cl)c2c(=O)n1Cc1ncc[nH]1,5.62,0.0,1
CHEMBL3267,C[C@H](Nc1nc(N)nc(N)c1C#N)c1nc2cccc(Cl)c2c(=O)n1N(C)CCN,5.744999999999999,0.03535533905932756,2
CHEMBL3267,C[C@H](Nc1nc(N)nc(N)c1C#N)c1nc2cccc(Cl)c2c(=O)n1[C@H]1C[C@@H](O)C1,6.8,0.0,1
CHEMBL3267,C[C@H](Nc1nc(N)nc(N)c1C#N)c1nc2cccc(NCc3ccc(C(=O)NO)cc3)c2c(=O)n1-c1ccccc1,8.4,0.0,1
CHEMBL3267,C[C@H](Nc1nc(N)nc(N)c1C#N)c1nn(-c2cccnc2)c2cc(Cl)ccc12,6.56,0.0,1
CHEMBL3267,C[C@H](Nc1nc(N)nc(N)c1Cl)c1nc2c(F)cc(F)cc2c(=O)n1-c1cc[nH]n1,5.36,0.0,1
CHEMBL3267,C[C@H](Nc1nc(N)nc(N)c1Cl)c1nc2cccc(Cl)c2c(=O)n1-c1cc[nH]n1,5.9,0.0,1
CHEMBL3267,C[C@H](Nc1nc(N)nc(N)c1Cl)c1nc2cccc(Cl)c2c(=O)n1-c1ccon1,6.3,0.0,1
CHEMBL3267,C[C@H](Nc1nc(N)nc(N)c1Cl)c1nc2cccc(Cl)c2c(=O)n1-c1cnc(N)cn1,5.4,0.0,1
CHEMBL3267,C[C@H](Nc1nc(N)nc(N)c1Cl)c1nc2cccc(Cl)c2c(=O)n1[C@H]1C[C@@H](O)C1,5.8,0.0,1
CHEMBL3267,C[C@H](Nc1ncnc(N)c1-c1nn[nH]n1)c1cc2ncc(Cl)n2nc1-c1ccccc1,6.37,0.0,1
CHEMBL3267,C[C@H](Nc1ncnc(N)c1C#Cc1cc(C(F)(F)F)ccn1)c1nc2cccc(Cl)c2c(=O)n1-c1ccccc1,6.26,0.0,1
CHEMBL3267,C[C@H](Nc1ncnc(N)c1C#Cc1cc(C(N)=O)ccn1)c1nc2cccc(Cl)c2c(=O)n1-c1ccccc1,6.26,0.0,1
CHEMBL3267,C[C@H](Nc1ncnc(N)c1C#Cc1ccc(C(F)(F)F)cn1)c1nc2cccc(Cl)c2c(=O)n1-c1cc(F)cc(F)c1,6.26,0.0,1
CHEMBL3267,C[C@H](Nc1ncnc(N)c1C#Cc1ccc(C(N)=O)cn1)c1nc2cccc(Cl)c2c(=O)n1-c1cc(F)cc(F)c1,6.26,0.0,1
CHEMBL3267,C[C@H](Nc1ncnc(N)c1C#Cc1ccc(F)cn1)c1nc2c(F)ccc(Cl)c2c(=O)n1-c1cc(F)cc(F)c1,6.26,0.0,1
CHEMBL3267,C[C@H](Nc1ncnc(N)c1C#Cc1ccc(F)cn1)c1nc2c(F)ccc(Cl)c2c(=O)n1-c1ccccc1,6.26,0.0,1
CHEMBL3267,C[C@H](Nc1ncnc(N)c1C#Cc1ccc(F)cn1)c1nc2cccc(C(F)F)c2c(=O)n1-c1ccccc1,6.26,0.0,1
CHEMBL3267,C[C@H](Nc1ncnc(N)c1C#Cc1ccc(F)cn1)c1nc2cccc(Cl)c2c(=O)n1-c1ccccc1,6.26,0.0,1
CHEMBL3267,C[C@H](Nc1ncnc(N)c1C#Cc1ccc(N)cn1)c1nc2cccc(Cl)c2c(=O)n1-c1cc(F)cc(F)c1,6.26,0.0,1
CHEMBL3267,C[C@H](Nc1ncnc(N)c1C#Cc1ccc(OC(F)(F)F)cc1)c1nc2cccc(Cl)c2c(=O)n1-c1ccccc1,6.26,0.0,1
CHEMBL3267,C[C@H](Nc1ncnc(N)c1C#Cc1cccc(C(F)(F)F)n1)c1nc2cccc(Cl)c2c(=O)n1-c1ccccc1,6.26,0.0,1
CHEMBL3267,C[C@H](Nc1ncnc(N)c1C#Cc1cccc(N)n1)c1nc2cccc(Cl)c2c(=O)n1-c1cc(F)cc(F)c1,6.26,0.0,1
CHEMBL3267,C[C@H](Nc1ncnc(N)c1C#Cc1ccccc1)c1nc2cccc(C#N)c2c(=O)n1-c1ccccc1,6.26,0.0,1
CHEMBL3267,C[C@H](Nc1ncnc(N)c1C#Cc1ccccc1)c1nc2cccc(F)c2c(=O)n1-c1cccc(F)c1,6.26,0.0,1
CHEMBL3267,C[C@H](Nc1ncnc(N)c1C#Cc1ccccc1)c1nc2cccc(S(C)(=O)=O)c2c(=O)n1-c1ccccc1,6.26,0.0,1
CHEMBL3267,C[C@H](Nc1ncnc(N)c1C#Cc1ccccn1)c1nc2cccc(Cl)c2c(=O)n1-c1cccc(S(N)(=O)=O)c1,6.26,0.0,1
CHEMBL3267,C[C@H](Nc1ncnc(N)c1C#Cc1ccccn1)c1nc2cccc(Cl)c2c(=O)n1-c1ccccc1,6.26,0.0,1
CHEMBL3267,C[C@H](Nc1ncnc(N)c1C#Cc1cccnc1)c1nc2cccc(Cl)c2c(=O)n1-c1cc(F)cc(F)c1,6.26,0.0,1
CHEMBL3267,C[C@H](Nc1ncnc(N)c1C#Cc1cnc(N)nc1)c1nc2cccc(Cl)c2c(=O)n1-c1cc(F)cc(F)c1,6.26,0.0,1
CHEMBL3267,C[C@H](Nc1ncnc(N)c1C#Cc1cnccn1)c1nc2cccc(C(F)F)c2c(=O)n1-c1ccccc1,6.26,0.0,1
CHEMBL3267,C[C@H](Nc1ncnc(N)c1C#Cc1cnccn1)c1nc2cccc(Cl)c2c(=O)n1-c1cccc(CNS(C)(=O)=O)c1,6.26,0.0,1
CHEMBL3267,C[C@H](Nc1ncnc(N)c1C#Cc1cnccn1)c1nc2cccc(Cl)c2c(=O)n1-c1cccc(Cl)c1,6.26,0.0,1
CHEMBL3267,C[C@H](Nc1ncnc(N)c1C#Cc1cnccn1)c1nc2cccc(Cl)c2c(=O)n1-c1ccccc1,6.26,0.0,1
CHEMBL3267,C[C@H](Nc1ncnc(N)c1C#Cc1cncnc1)c1nc2cccc(Cl)c2c(=O)n1-c1ccccc1,6.26,0.0,1
CHEMBL3267,C[C@H](Nc1ncnc(N)c1C#Cc1ncccc1C(F)(F)F)c1nc2cccc(Cl)c2c(=O)n1-c1ccccc1,6.26,0.0,1
CHEMBL3267,C[C@H](Nc1ncnc(N)c1C#Cc1ncccc1F)c1nc2cccc(Cl)c2c(=O)n1-c1ccccc1,6.26,0.0,1
CHEMBL3267,C[C@H](Nc1ncnc(N)c1C#Cc1ncccn1)c1nc2cccc(Cl)c2c(=O)n1-c1ccccc1,6.26,0.0,1
CHEMBL3267,C[C@H](Nc1ncnc(N)c1C#N)c1cc2ncc(Cl)n2cc1-c1ccccc1,7.06,0.0,1
CHEMBL3267,C[C@H](Nc1ncnc(N)c1C#N)c1cc2ncc(Cl)n2nc1-c1cc(F)cc(Cl)c1,5.95,0.0,1
CHEMBL3267,C[C@H](Nc1ncnc(N)c1C#N)c1cc2ncc(Cl)n2nc1-c1cc(F)cc(F)c1,6.39,0.0,1
CHEMBL3267,C[C@H](Nc1ncnc(N)c1C#N)c1cc2ncc(Cl)n2nc1-c1ccc(F)c(F)c1,6.98,0.0,1
CHEMBL3267,C[C@H](Nc1ncnc(N)c1C#N)c1cc2ncc(Cl)n2nc1-c1ccc(O)cc1,6.84,0.0,1
CHEMBL3267,C[C@H](Nc1ncnc(N)c1C#N)c1cc2ncc(Cl)n2nc1-c1ccc2c(c1)OCCO2,5.7,0.0,1
CHEMBL3267,C[C@H](Nc1ncnc(N)c1C#N)c1cc2ncc(Cl)n2nc1-c1cccc(C#N)c1,6.21,0.0,1
CHEMBL3267,C[C@H](Nc1ncnc(N)c1C#N)c1cc2ncc(Cl)n2nc1-c1cccc(C(F)(F)F)c1,5.88,0.0,1
CHEMBL3267,C[C@H](Nc1ncnc(N)c1C#N)c1cc2ncc(Cl)n2nc1-c1cccc(Cl)c1,6.3,0.0,1
CHEMBL3267,C[C@H](Nc1ncnc(N)c1C#N)c1cc2ncc(Cl)n2nc1-c1cccc(F)c1,6.41,0.0,1
CHEMBL3267,C[C@H](Nc1ncnc(N)c1C#N)c1cc2ncc(Cl)n2nc1-c1cccc(F)c1F,6.61,0.0,1
CHEMBL3267,C[C@H](Nc1ncnc(N)c1C#N)c1cc2ncc(Cl)n2nc1-c1cccc(O)c1,6.65,0.0,1
CHEMBL3267,C[C@H](Nc1ncnc(N)c1C#N)c1cc2ncc(Cl)n2nc1-c1cccc(S(C)(=O)=O)c1,7.3,0.0,1
CHEMBL3267,C[C@H](Nc1ncnc(N)c1C#N)c1cc2ncc(Cl)n2nc1-c1ccccc1,7.325,0.1343502884254437,2
CHEMBL3267,C[C@H](Nc1ncnc(N)c1C#N)c1cc2ncc(Cl)n2nc1-c1ccccc1C(F)(F)F,6.71,0.0,1
CHEMBL3267,C[C@H](Nc1ncnc(N)c1C#N)c1cc2ncc(Cl)n2nc1-c1ccccc1F,6.26,0.0,1
CHEMBL3267,C[C@H](Nc1ncnc(N)c1C#N)c1cc2ncc(Cl)n2nc1-c1ccccc1S(C)(=O)=O,6.46,0.0,1
CHEMBL3267,C[C@H](Nc1ncnc(N)c1C#N)c1cc2ncc(Cl)n2nc1-c1cccnc1,6.36,0.0,1
CHEMBL3267,C[C@H](Nc1ncnc(N)c1C#N)c1cc2ncc(Cl)n2nc1-c1ccsc1,7.32,0.0,1
CHEMBL3267,C[C@H](Nc1ncnc(N)c1C#N)c1cc2ncc(Cl)n2nc1-c1cnn(C)c1,6.29,0.0,1
CHEMBL3267,C[C@H](Nc1ncnc(N)c1C#N)c1cc2ncc(F)n2nc1-c1ccccc1,6.15,0.0,1
CHEMBL3267,C[C@H](Nc1ncnc(N)c1C#N)c1nc2ccc(F)cc2c(-c2ccccn2)c1-c1ccccn1,6.07,0.0,1
CHEMBL3267,C[C@H](Nc1ncnc(N)c1C#N)c1nc2ccc(F)cc2c(C#N)c1-c1ccccc1,7.21,0.0,1
CHEMBL3267,C[C@H](Nc1ncnc(N)c1C#N)c1nc2ccc(F)cc2c(N2CC(O)C2)c1-c1ccccn1,6.29,0.0,1
CHEMBL3267,C[C@H](Nc1ncnc(N)c1C#N)c1nc2ccc(F)cc2c(N2CCOCC2)c1-c1ccccn1,6.7,0.0,1
CHEMBL3267,C[C@H](Nc1ncnc(N)c1C#N)c1nc2ccc(F)cc2c(NCCN(C)C)c1-c1ccccc1,5.8,0.0,1
CHEMBL3267,C[C@H](Nc1ncnc(N)c1C#N)c1nc2ccc(F)cc2c(NCCS(C)(=O)=O)c1-c1ccccc1,7.72,0.0,1
CHEMBL3267,C[C@H](Nc1ncnc(N)c1C#N)c1nc2ccc(F)cc2c(S(C)(=O)=O)c1-c1ccccc1,6.66,0.0,1
CHEMBL3267,C[C@H](Nc1ncnc(N)c1C#N)c1nc2ccc(F)cc2c([S+]([O-])CCO)c1-c1ccccc1,6.42,0.0,1
CHEMBL3267,C[C@H](Nc1ncnc(N)c1C#N)c1nc2cccc(Cl)c2c(=O)n1-c1cc[nH]n1,6.0,0.0,1
CHEMBL3267,C[C@H](Nc1ncnc(N)c1C#N)c1nc2cccc(Cl)c2c(=O)n1-c1ccc(O)cc1,6.73,0.0,1
CHEMBL3267,C[C@H](Nc1ncnc(N)c1C#N)c1nc2cccc(Cl)c2c(=O)n1-c1ccccc1,6.81,0.0,1
CHEMBL3267,C[C@H](Nc1ncnc(N)c1C#N)c1nc2cccc(Cl)c2c(=O)n1-c1cn[nH]c1,6.0,0.0,1
CHEMBL3267,C[C@H](Nc1ncnc(N)c1C#N)c1nc2cccc(Cl)c2c(=O)n1CCCN,5.03,0.0,1
CHEMBL3267,C[C@H](Nc1ncnc(N)c1C#N)c1nc2cccc(Cl)c2c(=O)n1CCCO,5.54,0.0,1
CHEMBL3267,C[C@H](Nc1ncnc(N)c1C#N)c1nc2cccc(Cl)c2c(=O)n1C[C@H](O)CO,5.37,0.0,1
CHEMBL3267,C[C@H](Nc1ncnc(N)c1C#N)c1nc2cccc(Cl)c2c(=O)n1Cc1cc[nH]n1,5.16,0.0,1
CHEMBL3267,C[C@H](Nc1ncnc(N)c1C#N)c1nc2cccc(Cl)c2c(=O)n1[C@H]1CC[C@H](O)CC1,5.92,0.0,1
CHEMBL3267,C[C@H](Nc1ncnc(N)c1C#N)c1nc2cccc(Cl)c2c(=O)n1[C@H]1C[C@@H](O)C1,5.64,0.0,1
CHEMBL3267,C[C@H](Nc1ncnc(N)c1C#N)c1nn2cccc2c(=O)n1-c1ccccc1,6.55,0.0,1
CHEMBL3267,C[C@H](Nc1ncnc2[nH]cc(C#N)c12)c1cc2ncc(Cl)n2nc1-c1ccccc1,7.34,0.0,1
CHEMBL3267,C[C@H](Nc1ncnc2[nH]cc(F)c12)c1nc2cccc(F)c2c(=O)n1-c1cccc(OCC(F)(F)F)c1,5.92,0.0,1
CHEMBL3267,C[C@H](Nc1ncnc2[nH]ccc12)c1nc2cccc(Cl)c2c(=O)n1-c1cccc(OCC(F)(F)F)c1,6.34,0.0,1
CHEMBL3267,C[C@H](Nc1ncnc2[nH]ccc12)c1nc2cccc(F)c2c(=O)n1-c1ccc(OCC(F)(F)F)cc1,6.13,0.0,1
CHEMBL3267,C[C@H](Nc1ncnc2[nH]ccc12)c1nc2cccc(F)c2c(=O)n1-c1cccc(OCC(F)(F)C(F)(F)F)c1,5.35,0.0,1
CHEMBL3267,C[C@H](Nc1ncnc2[nH]cnc12)c1cc2ncc(Cl)n2nc1-c1cccc(F)c1,6.49,0.0,1
CHEMBL3267,C[C@H](Nc1ncnc2[nH]cnc12)c1cc2ncc(Cl)n2nc1-c1ccccc1,7.03,0.0,1
CHEMBL3267,C[C@H](Nc1ncnc2[nH]cnc12)c1cc2ncc(Cl)n2nc1-c1ccccc1F,6.32,0.0,1
CHEMBL3267,C[C@H](Nc1ncnc2[nH]cnc12)c1nc2ccc(F)cc2c(=O)n1-c1ccccc1,5.52,0.0,1
CHEMBL3267,C[C@H](Nc1ncnc2[nH]cnc12)c1nc2cccc(Cl)c2c(=O)n1-c1ccccc1,7.805,0.1626345596729053,2
CHEMBL3267,C[C@H](Nc1ncnc2nc[nH]c12)c1cc2cccc(Cl)c2c(=O)n1-c1ccccc1,7.790000000000001,0.5035871324805673,5
CHEMBL3267,C[C@H](Nc1ncnc2scnc12)c1nc2cccc(Cl)c2c(=O)n1CCCN,5.1,0.0,1
CHEMBL3267,C[C@H](Nc1ncnn2ccnc12)c1nc2cccc(Cl)c2c(=O)n1Cc1cc[nH]n1,5.52,0.0,1
CHEMBL3267,C[C@H](O)C#Cc1cccc2cc([C@H](C)NC(=O)c3c(N)nn4cccnc34)n(-c3ccccc3)c(=O)c12,5.609999999999999,0.1272792206135787,2
CHEMBL3267,C[C@H](Oc1ccc2c(c1)OCc1ccc(-c3cc[nH]n3)cc1-2)C(N)=O,5.89,0.0,1
CHEMBL3267,C[C@H](Oc1ccc2c(c1)OCc1ccc(-c3ccncc3)cc1-2)C(N)=O,6.03,0.0,1
CHEMBL3267,C[C@H](Oc1ccc2c(c1)OCc1ccc(-c3ncccn3)cc1-2)C(N)=O,5.15,0.0,1
CHEMBL3267,C[C@H](Oc1ccc2c(c1)OCc1ccc(-c3ncnn3C)cc1-2)C(N)=O,5.29,0.0,1
CHEMBL3267,C[C@H](c1cc(C(=O)N(C)C)cc2c(=O)cc(N3CCOCC3)oc12)N(C)c1cc(F)cc(F)c1,5.46,0.0,1
CHEMBL3267,C[C@H](c1cc(C(=O)N(C)CCO)cc2c(=O)cc(N3CCOCC3)oc12)N(C)c1cc(F)cc(F)c1,5.92,0.0,1
CHEMBL3267,C[C@H](c1cc(C(=O)N2CCC(O)CC2)cc2c(=O)cc(N3CCOCC3)oc12)N(C)c1cc(F)cc(F)c1,5.8,0.0,1
CHEMBL3267,C[C@H]1CCN(C(=O)Nc2nc3c(s2)-c2nc(C(C)(C)C)sc2CC3)[C@@H]1C(N)=O,6.48,0.0,1
CHEMBL3267,C[C@H]1CC[C@@H](c2nc3cccc(Cl)c3c(=O)n2-c2cccc(F)c2)N1c1nc(N)nc2[nH]cnc12,8.05,0.0,1
CHEMBL3267,C[C@H]1CC[C@@H](c2nc3cccc(Cl)c3c(=O)n2-c2cccc(F)c2)N1c1ncnc(N)c1C#N,6.7,0.0,1
CHEMBL3267,C[C@H]1CC[C@@H](c2nc3cccc(Cl)c3c(=O)n2-c2cccc(F)c2)N1c1ncnc2[nH]ccc12,7.13,0.0,1
CHEMBL3267,C[C@H]1CC[C@@H](c2nc3cccc(Cl)c3c(=O)n2-c2cccc(F)c2)N1c1ncnc2[nH]cnc12,6.57,0.0,1
CHEMBL3267,C[C@H]1CC[C@@H](c2nc3cccc(Cl)c3c(=O)n2-c2ccccc2)N1c1nc(N)nc2[nH]cnc12,7.42,0.0,1
CHEMBL3267,C[C@H]1CC[C@@H](c2nc3cccc(Cl)c3c(=O)n2-c2ccccc2)N1c1ncnc(N)c1C#N,6.84,0.0,1
CHEMBL3267,C[C@H]1CC[C@@H](c2nc3cccc(Cl)c3c(=O)n2-c2cccnc2)N1c1ncnc(N)c1C#N,6.46,0.0,1
CHEMBL3267,C[C@H]1CC[C@@H](c2nc3cccc(Cl)c3c(=O)n2N2CCOCC2)N1c1ncnc(N)c1C#N,6.53,0.0,1
CHEMBL3267,C[C@H]1CN(c2cc(=O)c3cc(C(=O)N(C)C)cc([C@@H](C)Nc4cc(F)cc(F)c4)c3o2)CCO1,6.85,0.0,1
CHEMBL3267,C[C@H]1COCCN1c1cc(C2(S(=O)(=O)C3CC3)CC2)nc(-c2ccc(NC(=S)NCCO)cc2)n1,5.2,0.0,1
CHEMBL3267,C[C@H]1COCCN1c1nc(-c2ccc(NC(=O)Nc3ccc4c(c3)COC4=O)cc2)nc(N2CCOCC2)n1,6.14,0.0,1
CHEMBL3267,C[C@H]1OC(=O)N(c2nc(-c3cnc(N)nc3C(F)(F)F)cc(N3CCOCC3)n2)[C@H]1CO,6.64,0.0,1
CHEMBL3267,Cc1[nH]c2ccc(Br)cc2c1/C=C1\Oc2cc(O)cc(O)c2C1=O,5.65,0.0,1
CHEMBL3267,Cc1c(-c2ccccn2)nc2cc(F)ccc2c1N1CC(C)(C)c2ccc(-c3ccncc3)cc21,5.85,0.0,1
CHEMBL3267,Cc1c(-c2ccccn2)nc2cc(F)ccc2c1N1CC(C)(C)c2ccc(N3CCOCC3)cc21,5.7,0.0,1
CHEMBL3267,Cc1c(C#Cc2cccc3cc([C@H](C)NC(=O)c4c(N)nn5cccnc45)n(-c4ccccc4)c(=O)c23)cnn1C,5.609999999999999,0.1272792206135787,2
CHEMBL3267,Cc1c(C#Cc2cccc3nc([C@H](C)NC(=O)c4c(N)nn5cccnc45)n(-c4ccccc4)c(=O)c23)cnn1C,5.609999999999999,0.1272792206135787,2
CHEMBL3267,Cc1c(C)n2c(=O)cc(N3CCOCC3)nc2n1Cc1cccc(Cl)c1Cl,5.6,0.0,1
CHEMBL3267,Cc1c(CN2CCN(C(=O)C(C)(C)N)CC2)sc2c(N3CCOCC3)nc(-c3cnc(N)nc3)nc12,7.7,0.0,1
CHEMBL3267,Cc1c(CN2CCN(C(=O)C(C)(C)O)CC2)sc2c(N3CCOCC3)nc(-c3cnc(N)nc3)nc12,7.6,0.0,1
CHEMBL3267,Cc1c(CN2CCN(C(=O)CN)CC2)sc2c(N3CCOCC3)nc(-c3cnc(N)nc3)nc12,7.77,0.0,1
CHEMBL3267,Cc1c(CN2CCN(C(=O)CO)CC2)sc2c(N3CCOCC3)nc(-c3cnc(N)nc3)nc12,8.0,0.0,1
CHEMBL3267,Cc1c(CN2CCN(C(=O)[C@@H](C)O)CC2)sc2c(N3CCOCC3)nc(-c3cnc(N)nc3)nc12,7.825,0.48790367901871745,2
CHEMBL3267,Cc1c(CN2CCN(C(=O)[C@H](C)N)CC2)sc2c(N3CCOCC3)nc(-c3cnc(N)nc3)nc12,7.43,0.0,1
CHEMBL3267,Cc1c(CN2CCN(C(=O)[C@H](C)O)CC2)sc2c(N3CCOCC3)nc(-c3cnc(N)nc3)nc12,7.85,0.0,1
CHEMBL3267,Cc1c(CN2CCN(C(=O)c3cc(Cc4n[nH]c(=O)c5ccccc45)ccc3F)CC2)sc2c(N3CCOCC3)nc(-c3cnc(N)nc3)nc12,7.6,0.0,1
CHEMBL3267,Cc1c(CN2CCN(C(=O)c3cc4cccc(C(N)=O)c4o3)CC2)sc2c(N3CCOCC3)nc(-c3cnc(N)nc3)nc12,7.14,0.0,1
CHEMBL3267,Cc1c(CN2CCN(S(C)(=O)=O)CC2)sc2c(N3CCOCC3)nc(-c3cnc(N)nc3)nc12,7.82,0.0,1
CHEMBL3267,Cc1c(Cc2cnn3c(O)cc(-c4ccncc4)nc23)cccc1C(F)(F)F,6.5,0.0,1
CHEMBL3267,Cc1c(Cc2cnn3c(O)cc(N4CCOCC4)nc23)cccc1C(F)(F)F,6.3,0.0,1
CHEMBL3267,Cc1c(Cl)cccc1Cn1c(C)nc(=O)c2sc(N3CCOCC3)nc21,6.0,0.0,1
CHEMBL3267,Cc1c(Cl)cccc1Cn1c(CO)nc(=O)c2sc(N3CCOCC3)nc21,6.6,0.0,1
CHEMBL3267,Cc1c(Cl)cccc1Cn1c(N)nc(=O)c2sc(N3CCOCC3)nc21,6.3,0.0,1
CHEMBL3267,Cc1c(Cl)cccc1Cn1c(SCC(=O)O)nc(=O)c2sc(N3CCOCC3)nc21,6.8,0.0,1
CHEMBL3267,Cc1c(Cl)cccc1Cn1cnc(=O)c2sc(N3CCOCC3)nc21,5.6,0.0,1
CHEMBL3267,Cc1c(Cn2c(-c3ccccc3)nc(=O)c3sc(N4CCOCC4)nc32)cccc1C(F)(F)F,5.4,0.0,1
CHEMBL3267,Cc1c(Cn2c(C)c(C)n3c(=O)cc(N4CCOCC4)nc23)cccc1C(F)(F)F,5.4,0.0,1
CHEMBL3267,Cc1c(Cn2c(C)cn3c(=O)cc(N4CCOCC4)nc23)cccc1C(F)(F)F,6.0,0.0,1
CHEMBL3267,Cc1c(Cn2c(C)nc(=O)c3sc(N4CCOCC4)nc32)cccc1C(F)(F)F,6.1,0.0,1
CHEMBL3267,Cc1c(Cn2c(C)nn3c(=O)cc(N4CCOC(C)C4)nc23)cccc1C(F)(F)F,6.706666666666666,0.5658032638058333,3
CHEMBL3267,Cc1c(Cn2c(C)nn3c(=O)cc(N4CCOCC4)nc23)cccc1C(F)(F)F,6.1,0.0,1
CHEMBL3267,Cc1c(Cn2c(C3CC3)nc(=O)c3sc(N4CCOCC4)nc32)cccc1C(F)(F)F,6.0,0.0,1
CHEMBL3267,Cc1c(Cn2c(C3CC3)nn3c(=O)cc(N4CCOCC4)nc23)cccc1C(F)(F)F,5.8,0.0,1
CHEMBL3267,Cc1c(Cn2c(CO)nc(=O)c3sc(N4CCOCC4)nc32)cccc1C(F)(F)F,6.6,0.0,1
CHEMBL3267,Cc1c(Cn2c(Cc3ccccc3)nc(=O)c3sc(N4CCOCC4)nc32)cccc1C(F)(F)F,5.7,0.0,1
CHEMBL3267,Cc1c(Cn2c3ccccc3n3c(=O)cc(N4CCOCC4)nc23)cccc1C(F)(F)F,5.8,0.0,1
CHEMBL3267,Cc1c(Cn2ccn3c(=O)cc(N4CCOC(C)C4)nc23)cccc1C(F)(F)F,5.89,0.0,1
CHEMBL3267,Cc1c(Cn2ccn3c(=O)cc(N4CCOCC4)nc23)cccc1C(F)(F)F,5.5,0.0,1
CHEMBL3267,Cc1c(Cn2ccn3c(=O)cc(N4CCO[C@@H](C)C4)nc23)cccc1C(F)(F)F,5.5,0.0,1
CHEMBL3267,Cc1c(Cn2ccn3c(=O)cc(N4CCO[C@H](C)C4)nc23)cccc1C(F)(F)F,6.4,0.0,1
CHEMBL3267,Cc1c(Cn2cnc(=O)c3sc(N4CCOCC4)nc32)cccc1C(F)(F)F,5.8,0.0,1
CHEMBL3267,Cc1c(F)cncc1-n1c([C@H](C)Nc2nc(N)nc(N)c2C#N)nc2cccc(Cl)c2c1=O,6.38,1.7253405460951756,2
CHEMBL3267,Cc1c(OCc2cccnc2)ccc2c(=O)nc(N3CCOCC3)oc12,6.14,0.0,1
CHEMBL3267,Cc1cc(-c2c[nH]c3ncc(-c4cc(C)c5c(c4)CN([C@@H](C)C4CC4)C5=O)cc23)cc(C)c1C(=O)O,8.66,0.0,1
CHEMBL3267,Cc1cc(-c2c[nH]c3ncc(-c4cc(C)c5c(c4)CN([C@@H](C)C4CC4)C5=O)cc23)ccc1C(=O)O,8.55,0.0,1
CHEMBL3267,Cc1cc(-c2c[nH]c3ncc(-c4cc(C)c5c(c4)CN([C@@H](C)C4CC4)C5=O)cc23)ccc1CC(=O)O,8.48,0.0,1
CHEMBL3267,Cc1cc(-c2c[nH]c3ncc(-c4cc5c(c(C(F)(F)F)c4)C(=O)N([C@@H](C)C4CC4)C5)cc23)cc(C)c1C(=O)O,8.55,0.0,1
CHEMBL3267,Cc1cc(-c2c[nH]c3ncc(-c4cc5c(c(C(F)(F)F)c4)C(=O)N([C@@H](C)C4CC4)C5)cc23)ccc1C(=O)O,8.92,0.0,1
CHEMBL3267,Cc1cc(-c2cc(-c3cc(S(=O)(=O)N4CC(C)(O)C4)ccc3C)cnc2N)on1,6.51,0.0,1
CHEMBL3267,Cc1cc(-c2cc(-c3cc(S(=O)(=O)N4CC(CO)C4)ccc3C)cnc2N)on1,7.22,0.0,1
CHEMBL3267,Cc1cc(-c2cc(-c3cc(S(=O)(=O)N4CC(N(C)C)C4)ccc3C)cnc2N)on1,6.42,0.0,1
CHEMBL3267,Cc1cc(-c2cc(-c3cc(S(=O)(=O)N4CC5(CCOC5)C4)ccc3C)cnc2N)on1,6.85,0.0,1
CHEMBL3267,Cc1cc(-c2cc(-c3cc(S(=O)(=O)N4CCCC(C)(O)CC4)ccc3C)cnc2N)on1,7.8,0.0,1
CHEMBL3267,Cc1cc(-c2cc(-c3cc(S(=O)(=O)N4CCCC4(C)C)ccc3C)cnc2N)on1,6.7,0.0,1
CHEMBL3267,Cc1cc(-c2cc(-c3cc(S(=O)(=O)N4CCC[C@H]4CO)ccc3C)cnc2N)on1,7.3,0.0,1
CHEMBL3267,Cc1cc(-c2cc(-c3cc(S(=O)(=O)N4CCNC(=O)C4)ccc3C)cnc2N)on1,6.89,0.0,1
CHEMBL3267,Cc1cc(-c2cc(-c3cc(S(=O)(=O)N4CCOC[C@@H]4C)ccc3C)cnc2N)on1,6.72,0.0,1
CHEMBL3267,Cc1cc(-c2cc(-c3cc(S(=O)(=O)N4CCOC[C@H]4C)ccc3C)cnc2N)on1,6.82,0.0,1
CHEMBL3267,Cc1cc(-c2cc(-c3cc(S(=O)(=O)N4CC[C@@H](O)C4)ccc3C)cnc2N)on1,6.7,0.0,1
CHEMBL3267,Cc1cc(-c2cc(-c3cc(S(=O)(=O)N4CC[C@H](N(C)C)C4)ccc3C)cnc2N)on1,6.29,0.0,1
CHEMBL3267,Cc1cc(-c2cc(-c3cc(S(=O)(=O)N4C[C@H](C)[C@@H](O)C4)ccc3C)cnc2N)on1,6.89,0.0,1
CHEMBL3267,Cc1cc(-c2cc(-c3cc(S(=O)(=O)NC(C)(C)C)ccc3C)cnc2N)on1,6.64,0.0,1
CHEMBL3267,Cc1cc(-c2cc(-c3cc(S(=O)(=O)NC4CC4)ccc3C)cnc2N)on1,7.48,0.0,1
CHEMBL3267,Cc1cc(-c2cc(-c3cc(S(=O)(=O)NC4CCC[C@H]4O)ccc3C)cnc2N)on1,7.4,0.0,1
CHEMBL3267,Cc1cc(-c2cc(-c3cc(S(=O)(=O)NC4CCOC4=O)ccc3C)cnc2N)on1,7.36,0.0,1
CHEMBL3267,Cc1cc(-c2cc(-c3cc(S(=O)(=O)NC4CCOCC4)ccc3C)cnc2N)on1,7.48,0.0,1
CHEMBL3267,Cc1cc(-c2cc(-c3cc(S(=O)(=O)NC4CC[C@@H](O)C4)ccc3C)cnc2N)on1,8.05,0.0,1
CHEMBL3267,Cc1cc(-c2cc(-c3cc(S(=O)(=O)NC4COC[C@H]4O)ccc3C)cnc2N)on1,7.4,0.0,1
CHEMBL3267,Cc1cc(-c2cc(-c3cc(S(=O)(=O)NCC(C)(C)C)ccc3C)cnc2N)on1,7.11,0.0,1
CHEMBL3267,Cc1cc(-c2cc(-c3cc(S(=O)(=O)NCC(C)(C)CO)ccc3C)cnc2N)on1,7.5,0.0,1
CHEMBL3267,Cc1cc(-c2cc(-c3cc(S(=O)(=O)NCC(C)(C)O)c(Cl)cc3C)cnc2N)on1,7.89,0.0,1
CHEMBL3267,Cc1cc(-c2cc(-c3cc(S(=O)(=O)NCC(C)(C)O)c(F)cc3C)cnc2N)on1,7.34,0.0,1
CHEMBL3267,Cc1cc(-c2cc(-c3cc(S(=O)(=O)NCC(C)(C)O)ccc3C)cnc2N)on1,7.62,0.0,1
CHEMBL3267,Cc1cc(-c2cc(-c3cc(S(=O)(=O)NCC(C)(C)O)ccc3C)cnc2N)sn1,6.82,0.0,1
CHEMBL3267,Cc1cc(-c2cc(-c3cc(S(=O)(=O)NCC(F)(F)F)ccc3C)cnc2N)on1,7.02,0.0,1
CHEMBL3267,Cc1cc(-c2cc(-c3cc(S(=O)(=O)NCC(F)F)ccc3C)cnc2N)on1,7.16,0.0,1
CHEMBL3267,Cc1cc(-c2cc(-c3cc(S(=O)(=O)NCC4(C)COC4)ccc3C)cnc2N)on1,8.0,0.0,1
CHEMBL3267,Cc1cc(-c2cc(-c3cc(S(=O)(=O)NCC4(CO)CCC4)ccc3C)cnc2N)on1,7.57,0.0,1
CHEMBL3267,Cc1cc(-c2cc(-c3cc(S(=O)(=O)NCC4(CO)CCCC4)ccc3C)cnc2N)on1,6.8,0.0,1
CHEMBL3267,Cc1cc(-c2cc(-c3cc(S(=O)(=O)NCC4(CO)CCCCC4)ccc3C)cnc2N)on1,8.4,0.0,1
CHEMBL3267,Cc1cc(-c2cc(-c3cc(S(=O)(=O)NCC4(CO)COC4)ccc3C)cnc2N)on1,7.35,0.0,1
CHEMBL3267,Cc1cc(-c2cc(-c3cc(S(=O)(=O)NCC4(O)CC4)ccc3C)cnc2N)on1,7.55,0.0,1
CHEMBL3267,Cc1cc(-c2cc(-c3cc(S(=O)(=O)NCC4(O)CCCC4)ccc3C)cnc2N)on1,7.03,0.0,1
CHEMBL3267,Cc1cc(-c2cc(-c3cc(S(=O)(=O)NCC4(O)CCCCC4)ccc3C)cnc2N)on1,7.37,0.0,1
CHEMBL3267,Cc1cc(-c2cc(-c3cc(S(=O)(=O)NCC4(O)CCOCC4)ccc3C)cnc2N)on1,7.0,0.0,1
CHEMBL3267,Cc1cc(-c2cc(-c3cc(S(=O)(=O)NCC4COC4)ccc3C)cnc2N)on1,7.37,0.0,1
CHEMBL3267,Cc1cc(-c2cc(-c3cc(S(=O)(=O)NCCC(C)(C)O)ccc3C)cnc2N)ccn1,7.06,0.0,1
CHEMBL3267,Cc1cc(-c2cc(-c3cc(S(=O)(=O)NCCC(C)(C)O)ccc3C)cnc2N)on1,7.89,0.0,1
CHEMBL3267,Cc1cc(-c2cc(-c3cc(S(=O)(=O)NCCC(F)(F)F)ccc3C)cnc2N)on1,7.15,0.0,1
CHEMBL3267,Cc1cc(-c2cc(-c3cc(S(=O)(=O)NCCC4(O)CCCC4)ccc3C)cnc2N)on1,7.07,0.0,1
CHEMBL3267,Cc1cc(-c2cc(-c3cc(S(=O)(=O)NCCC4(O)CCCCC4)ccc3C)cnc2N)on1,6.21,0.0,1
CHEMBL3267,Cc1cc(-c2cc(-c3cc(S(=O)(=O)NCCC4CCOCC4)ccc3C)cnc2N)on1,7.57,0.0,1
CHEMBL3267,Cc1cc(-c2cc(-c3cc(S(=O)(=O)NC[C@@H](C)O)ccc3C)cnc2N)on1,7.39,0.0,1
CHEMBL3267,Cc1cc(-c2cc(-c3cc(S(=O)(=O)NC[C@@H]4CCCCO4)ccc3C)cnc2N)on1,7.555,0.30405591591021525,2
CHEMBL3267,Cc1cc(-c2cc(-c3cc(S(=O)(=O)NC[C@@H]4CCCOC4)ccc3C)cnc2N)on1,7.57,0.0,1
CHEMBL3267,Cc1cc(-c2cc(-c3cc(S(=O)(=O)NC[C@@H]4CCOC4)ccc3C)cnc2N)on1,7.42,0.0,1
CHEMBL3267,Cc1cc(-c2cc(-c3cc(S(=O)(=O)NC[C@H](C)O)ccc3C)cnc2N)on1,7.46,0.0,1
CHEMBL3267,Cc1cc(-c2cc(-c3cc(S(=O)(=O)NC[C@H]4CCCOC4)ccc3C)cnc2N)on1,7.33,0.0,1
CHEMBL3267,Cc1cc(-c2cc(-c3cc(S(=O)(=O)NC[C@H]4C[C@@H](O)C4)ccc3C)cnc2N)on1,8.1,0.0,1
CHEMBL3267,Cc1cc(-c2cc(-c3cc(S(=O)(=O)NOCC(C)(C)O)c(F)cc3C)cnc2N)on1,7.66,0.0,1
CHEMBL3267,Cc1cc(-c2cc(-c3cc(S(=O)(=O)NOCC(C)(C)O)ccc3C)cnc2N)on1,7.8,0.0,1
CHEMBL3267,Cc1cc(-c2cc(-c3cc(S(=O)(=O)NO[C@@H]4CCOC4)ccc3C)cnc2N)on1,8.3,0.0,1
CHEMBL3267,Cc1cc(-c2cc(-c3cc(S(=O)(=O)NO[C@H]4CCOC4)ccc3C)cnc2N)on1,7.89,0.0,1
CHEMBL3267,Cc1cc(-c2cc(-c3cc(S(=O)(=O)NO[C@H]4C[C@H](O)C4)ccc3C)cnc2N)on1,7.85,0.0,1
CHEMBL3267,Cc1cc(-c2cc(-c3cc(S(=O)(=O)N[C@@H](C)C4CC4)ccc3C)cnc2N)on1,7.32,0.0,1
CHEMBL3267,Cc1cc(-c2cc(-c3cc(S(=O)(=O)N[C@@H](CO)C(F)(F)F)ccc3C)cnc2N)on1,7.14,0.0,1
CHEMBL3267,Cc1cc(-c2cc(-c3cc(S(=O)(=O)N[C@@H]4CCNC(=O)C4)ccc3C)cnc2N)on1,7.89,0.0,1
CHEMBL3267,Cc1cc(-c2cc(-c3cc(S(=O)(=O)N[C@@H]4CNC[C@H]4O)ccc3C)cnc2N)on1,7.29,0.0,1
CHEMBL3267,Cc1cc(-c2cc(-c3cc(S(=O)(=O)N[C@H](CO)C(F)(F)F)ccc3C)cnc2N)on1,7.35,0.0,1
CHEMBL3267,Cc1cc(-c2cc(-c3cc(S(=O)(=O)N[C@H]4CCC[C@H](O)C4)ccc3C)cnc2N)on1,7.85,0.0,1
CHEMBL3267,Cc1cc(-c2cc(-c3cc(S(=O)(=O)N[C@H]4CC[C@H](CO)CC4)ccc3C)cnc2N)ccn1,7.51,0.0,1
CHEMBL3267,Cc1cc(-c2cc(-c3cc(S(=O)(=O)N[C@H]4CC[C@H](N)CC4)ccc3C)cnc2N)on1,7.41,0.0,1
CHEMBL3267,Cc1cc(-c2cc(-c3cc(S(=O)(=O)N[C@H]4CC[C@H](O)CC4)ccc3C)cnc2N)ccn1,7.68,0.0,1
CHEMBL3267,Cc1cc(-c2cc(-c3cc(S(=O)(=O)N[C@H]4CC[C@H](O)CC4)ccc3C)cnc2N)on1,7.66,0.0,1
CHEMBL3267,Cc1cc(-c2cc(-c3cc(S(=O)(=O)N[C@H]4C[C@@H](O)C4)ccc3C)cnc2N)on1,7.68,0.0,1
CHEMBL3267,Cc1cc(-c2cc(-c3cc(S(=O)(=O)N[C@H]4C[C@H](O)C4)ccc3C)cnc2N)on1,7.68,0.0,1
CHEMBL3267,Cc1cc(-c2cc(-c3cc(S(N)(=O)=O)ccc3C)cnc2N)on1,7.21,0.0,1
CHEMBL3267,Cc1cc(-c2cc(-c3cccc(S(=O)(=O)NCC(C)(C)O)c3)cnc2N)on1,5.85,0.0,1
CHEMBL3267,Cc1cc(-c2ccn3nc(N)c(-c4cnn(C)c4)c3n2)cc2c1C(=O)N([C@@H](C)C1CC1)C2,8.54,0.0,1
CHEMBL3267,Cc1cc(-c2ccn3nc(N)c(C(=O)NC4CC4)c3n2)cc2c1C(=O)N(CC1CC1)C2,8.0,0.0,1
CHEMBL3267,Cc1cc(-c2ccn3nc(N)c(C(=O)NC4CC4)c3n2)cc2c1C(=O)N([C@@H](C)C1CC1)C2,8.44,0.0,1
CHEMBL3267,Cc1cc(-c2ccn3nc(N)c(C(=O)NC4CC4)c3n2)cc2c1C(=O)N([C@@H](C1CC1)C(F)(F)F)C2,7.75,0.0,1
CHEMBL3267,Cc1cc(-c2ccn3nc(N)c(C(=O)NC4CCC4)c3n2)cc2c1C(=O)N([C@@H](C)C1CC1)C2,8.64,0.0,1
CHEMBL3267,Cc1cc(-c2ccn3nc(N)c(C(=O)NC4COC4)c3n2)cc2c1C(=O)N([C@@H](C)C1CC1)C2,8.74,0.0,1
CHEMBL3267,Cc1cc(-c2ccn3nc(N)c(C(=O)N[C@@H](CO)C4CC4)c3n2)cc2c1C(=O)N([C@@H](C)C1CC1)C2,8.54,0.0,1
CHEMBL3267,Cc1cc(-c2ccn3nc(N)c(C(=O)N[C@@H]4CC[C@@H](O)C4)c3n2)cc2c1C(=O)N([C@@H](C)C1CC1)C2,8.38,0.0,1
CHEMBL3267,Cc1cc(-c2ccn3nc(N)c(C(=O)N[C@H](C)CO)c3n2)cc2c1C(=O)N([C@@H](C)C1CC1)C2,8.46,0.0,1
CHEMBL3267,Cc1cc(-c2ccn3nc(N)c(C(=O)N[C@H]4CCOC4)c3n2)cc2c1C(=O)N([C@@H](C)C1CC1)C2,8.74,0.0,1
CHEMBL3267,Cc1cc(-c2ccn3nc(N)c(C(=O)N[C@H]4CC[C@@](C)(O)CC4)c3n2)cc2c1C(=O)N([C@@H](C)C1CC1)C2,8.32,0.0,1
CHEMBL3267,Cc1cc(-c2ccn3nc(N)c(C(=O)N[C@H]4CC[C@H](C(=O)O)CC4)c3n2)cc2c1C(=O)N([C@@H](C)C1CC1)C2,8.68,0.0,1
CHEMBL3267,Cc1cc(-c2ccn3nc(N)c(C(=O)N[C@H]4CC[C@H](N)CC4)c3n2)cc2c1C(=O)N([C@@H](C)C1CC1)C2,8.7,0.0,1
CHEMBL3267,Cc1cc(-c2ccn3nc(N)c(C(=O)N[C@H]4CC[C@H](O)CC4)c3n2)cc2c1C(=O)N([C@@H](C)C1CC1)C2,8.92,0.0,1
CHEMBL3267,Cc1cc(-c2ccn3nc(N)c(C(=O)N[C@H]4CC[C@](C)(O)CC4)c3n2)cc2c1C(=O)N([C@@H](C)C1CC1)C2,8.52,0.0,1
CHEMBL3267,Cc1cc(-c2ccn3nc(N)c(C(=O)N[C@H]4CNC(=O)C4)c3n2)cc2c1C(=O)N([C@@H](C)C1CC1)C2,8.74,0.0,1
CHEMBL3267,Cc1cc(-c2ccn3nc(N)c(C(=O)N[C@H]4C[C@H](O)C4)c3n2)cc2c1C(=O)N([C@@H](C)C1CC1)C2,8.72,0.0,1
CHEMBL3267,Cc1cc(-c2ccn3nc(N)c(C(=O)Nc4cnn(C)c4)c3n2)cc2c1C(=O)N([C@@H](C)C1CC1)C2,8.47,0.0,1
CHEMBL3267,Cc1cc(-c2ccn3ncc(-c4cnn(C)c4)c3n2)cc2c1C(=O)N([C@@H](C)C1CC1)C2,8.04,0.0,1
CHEMBL3267,Cc1cc(-c2ccn3ncc(C(=O)Nc4cnn(C)c4)c3n2)cc2c1C(=O)N([C@@H](C)C1CC1)C2,7.47,0.0,1
CHEMBL3267,Cc1cc(-c2cnc3[nH]c(=O)ccc3c2)cc2c1C(=O)N(C(C)C1CC1)C2,6.28,0.0,1
CHEMBL3267,Cc1cc(-c2cnc3[nH]cc(-c4cc(C)c(C(=O)O)c(C5CC5)c4)c3c2)cc2c1C(=O)N([C@@H](C)C1CC1)C2,8.92,0.0,1
CHEMBL3267,Cc1cc(-c2cnc3[nH]cc(-c4ccc(C#N)cc4)c3c2)cc2c1C(=O)N([C@@H](C)C1CC1)C2,7.38,0.0,1
CHEMBL3267,Cc1cc(-c2cnc3[nH]cc(-c4ccc(C(=O)O)c(C(C)C)c4)c3c2)cc2c1C(=O)N([C@@H](C)C1CC1)C2,8.68,0.0,1
CHEMBL3267,Cc1cc(-c2cnc3[nH]cc(-c4ccc(C(=O)O)c(C(F)(F)F)c4)c3c2)cc2c1C(=O)N([C@@H](C)C1CC1)C2,8.79,0.0,1
CHEMBL3267,Cc1cc(-c2cnc3[nH]cc(-c4ccc(C(=O)O)c(C5CC5)c4)c3c2)cc2c1C(=O)N([C@@H](C)C1CC1)C2,8.8,0.0,1
CHEMBL3267,Cc1cc(-c2cnc3[nH]cc(-c4ccc(C(=O)O)c(F)c4)c3c2)cc2c1C(=O)N([C@@H](C)C1CC1)C2,8.51,0.0,1
CHEMBL3267,Cc1cc(-c2cnc3[nH]cc(-c4ccc(C(=O)O)c(N5CCCC5)c4)c3c2)cc2c1C(=O)N([C@@H](C)C1CC1)C2,8.4,0.0,1
CHEMBL3267,Cc1cc(-c2cnc3[nH]cc(-c4ccc(C(=O)O)cc4)c3c2)cc2c1C(=O)N([C@@H](C)C1CC1)C2,8.6,0.0,1
CHEMBL3267,Cc1cc(-c2cnc3[nH]cc(-c4ccc(C(C)(C)C(=O)O)cc4)c3c2)cc2c1C(=O)N([C@@H](C)C1CC1)C2,8.68,0.0,1
CHEMBL3267,Cc1cc(-c2cnc3[nH]cc(-c4ccc(C(C)(C)O)nc4)c3c2)cc2c1C(=O)N([C@@H](C)C1CC1)C2,8.48,0.0,1
CHEMBL3267,Cc1cc(-c2cnc3[nH]cc(-c4ccc(C(N)=O)cc4)c3c2)cc2c1C(=O)N([C@@H](C)C1CC1)C2,8.59,0.0,1
CHEMBL3267,Cc1cc(-c2cnc3[nH]cc(-c4ccc(C5(C(=O)O)CC5)cc4)c3c2)cc2c1C(=O)N([C@@H](C)C1CC1)C2,8.48,0.0,1
CHEMBL3267,Cc1cc(-c2cnc3[nH]cc(-c4ccc(CC(=O)O)cc4)c3c2)cc2c1C(=O)N([C@@H](C)C1CC1)C2,8.59,0.0,1
CHEMBL3267,Cc1cc(-c2cnc3[nH]cc(-c4ccc(S(N)(=O)=O)cc4)c3c2)cc2c1C(=O)N([C@@H](C)C1CC1)C2,8.3,0.0,1
CHEMBL3267,Cc1cc(-c2cnc3[nH]cc(-c4cccc(C(=O)O)c4)c3c2)cc2c1C(=O)N([C@@H](C)C1CC1)C2,8.57,0.0,1
CHEMBL3267,Cc1cc(-c2cnc3[nH]cc(-c4ccccc4C(=O)O)c3c2)cc2c1C(=O)N([C@@H](C)C1CC1)C2,6.75,0.0,1
CHEMBL3267,Cc1cc(-c2cnc3[nH]cc(-c4ccccn4)c3c2)cc2c1C(=O)N([C@@H](C)C1CC1)C2,7.48,0.0,1
CHEMBL3267,Cc1cc(-c2cnc3[nH]cc(-c4cccnc4)c3c2)cc2c1C(=O)N(C(C)C1CC1)C2,8.15,0.0,1
CHEMBL3267,Cc1cc(-c2cnc3[nH]cc(-c4ccn(C)c(=O)c4)c3c2)cc2c1C(=O)N([C@@H](C)C1CC1)C2,7.58,0.0,1
CHEMBL3267,Cc1cc(-c2cnc3[nH]cc(-c4ccnc(C(F)(F)F)c4)c3c2)cc2c1C(=O)N([C@@H](C)C1CC1)C2,7.8,0.0,1
CHEMBL3267,Cc1cc(-c2cnc3[nH]cc(-c4ccnc(N)c4)c3c2)cc2c1C(=O)N([C@@H](C)C1CC1)C2,8.24,0.0,1
CHEMBL3267,Cc1cc(-c2cnc3[nH]cc(-c4ccncc4)c3c2)cc2c1C(=O)N(C(C)(C)C)C2,7.58,0.0,1
CHEMBL3267,Cc1cc(-c2cnc3[nH]cc(-c4ccncc4)c3c2)cc2c1C(=O)N(C(C)(C)C1CC1)C2,7.55,0.0,1
CHEMBL3267,Cc1cc(-c2cnc3[nH]cc(-c4ccncc4)c3c2)cc2c1C(=O)N(C(C1CC1)C1CC1)C2,8.17,0.0,1
CHEMBL3267,Cc1cc(-c2cnc3[nH]cc(-c4ccncc4)c3c2)cc2c1C(=O)N(C1CCOCC1)C2,7.3,0.0,1
CHEMBL3267,Cc1cc(-c2cnc3[nH]cc(-c4ccncc4)c3c2)cc2c1C(=O)N(CC(F)(F)F)C2,7.6,0.0,1
CHEMBL3267,Cc1cc(-c2cnc3[nH]cc(-c4ccncc4)c3c2)cc2c1C(=O)N([C@@H](C)C1CC1)C2,8.47,0.0,1
CHEMBL3267,Cc1cc(-c2cnc3[nH]cc(-c4ccncc4)c3c2)cc2c1C(=O)N([C@@H](C)c1ccc(F)cc1)C2,7.4,0.0,1
CHEMBL3267,Cc1cc(-c2cnc3[nH]cc(-c4ccncc4)c3c2)cc2c1C(=O)N([C@H](C)C1CC1)C2,8.05,0.0,1
CHEMBL3267,Cc1cc(-c2cnc3[nH]cc(-c4cnn(C)c4)c3c2)cc2c1C(=O)N([C@@H](C)C1CC1)C2,8.49,0.0,1
CHEMBL3267,Cc1cc(-c2cnc3[nH]cc(C(=O)NC4CCOCC4)c3c2)cc2c1C(=O)N([C@@H](C)C1CC1)C2,8.35,0.0,1
CHEMBL3267,Cc1cc(-c2cnc3[nH]cc(C(=O)Nc4ccncc4)c3c2)cc2c1C(=O)N([C@@H](C)C1CC1)C2,7.92,0.0,1
CHEMBL3267,Cc1cc(-c2cnc3[nH]cc(C(=O)O)c3c2)cc2c1C(=O)N([C@@H](C)C1CC1)C2,7.89,0.0,1
CHEMBL3267,Cc1cc(-c2cnc3[nH]cc(C4CCNC4)c3c2)cc2c1C(=O)N([C@@H](C)C1CC1)C2,6.55,0.0,1
CHEMBL3267,Cc1cc(-c2cnc3[nH]ccc3c2)cc2c1C(=O)N([C@@H](C)C1CC1)C2,7.3,0.0,1
CHEMBL3267,Cc1cc(-c2cnc3[nH]ccc3n2)cc2c1C(=O)N([C@@H](C)C1CC1)C2,8.2,0.0,1
CHEMBL3267,Cc1cc(-c2cnc3[nH]nc(-c4ccncc4)c3c2)cc2c1C(=O)N([C@@H](C)C1CC1)C2,8.1,0.0,1
CHEMBL3267,Cc1cc(-c2cnc3[nH]ncc3c2)cc2c1C(=O)N(C(C)C1CC1)C2,7.05,0.0,1
CHEMBL3267,Cc1cc(-c2cnc3[nH]ncc3c2)cc2c1C(=O)N([C@@H](C)C1CC1)C2,7.46,0.0,1
CHEMBL3267,Cc1cc(-c2cnc3[nH]ncc3n2)cc2c1C(=O)N([C@@H](C)C1CC1)C2,7.1,0.0,1
CHEMBL3267,Cc1cc(-c2cnc3[nH]nnc3c2)cc2c1C(=O)N(C(C)C1CC1)C2,5.8,0.0,1
CHEMBL3267,Cc1cc(-c2cnc3c(c2)CC(=O)N3)cc2c1C(=O)N(C(C)C1CC1)C2,6.22,0.0,1
CHEMBL3267,Cc1cc(-c2cnc3cn[nH]c3c2)cc2c1C(=O)N(C(C)C1CC1)C2,6.31,0.0,1
CHEMBL3267,Cc1cc(-c2cncc(-c3cc(S(=O)(=O)NC[C@H]4C[C@@H](O)C4)ccc3C)n2)n(C)n1,7.42,0.0,1
CHEMBL3267,Cc1cc(-c2nc(-c3cc(S(=O)(=O)NCC(C)(C)O)ccc3C)cnc2N)on1,7.85,0.0,1
CHEMBL3267,Cc1cc(-c2nccnc2N)cc2c1C(=O)N([C@@H](C)C1CC1)C2,7.6,0.0,1
CHEMBL3267,Cc1cc(-c2nn(C(C)C)c3ncnc(N)c23)sc1C=O,5.85,0.0,1
CHEMBL3267,Cc1cc(C(C)Nc2ccccc2)c2oc(-c3ccncc3)cc(=O)c2c1,5.0,0.0,1
CHEMBL3267,Cc1cc(C(C)Nc2ccccc2)c2oc(N3CCOCC3)cc(=O)c2c1,5.39,0.0,1
CHEMBL3267,Cc1cc(C)c(Nc2ccc3c(c2)N(c2nc4c(s2)C(=O)NC(C)(C)C4)CCO3)nn1,6.69,0.0,1
CHEMBL3267,Cc1cc(C)c(S(=O)(=O)N2CCN(Cn3cc4c(=O)oc5ccccc5c4n3)CC2)c(C)c1,6.85,0.0,1
CHEMBL3267,Cc1cc(C)c(S(=O)(=O)n2cc3c(=O)oc4ccccc4c3n2)c(C)c1,6.1,0.0,1
CHEMBL3267,Cc1cc(C)cc(CCN2C(=O)COc3ccc(/C=C4\SC(=S)NC4=O)cc32)c1,8.265,0.4454772721475252,2
CHEMBL3267,Cc1cc(C)n2nc(N)c(C(=O)N[C@@H](C)c3cc4cccc(C#Cc5cnn(C)c5)c4c(=O)n3-c3ccccc3)c2n1,5.609999999999999,0.1272792206135787,2
CHEMBL3267,Cc1cc(C)n2nc(N)cc2n1,3.04,0.0,1
CHEMBL3267,Cc1cc(F)cc(-c2nn3c(Cl)cnc3cc2[C@H](C)Nc2ncnc(N)c2C#N)c1,5.94,0.0,1
CHEMBL3267,Cc1cc(F)cc(NC(C)c2cc(C(=O)N(C)C)cc3c(=O)cc(N4CCOCC4)oc23)c1,5.66,0.0,1
CHEMBL3267,Cc1cc(F)ccc1NCc1cc(C(=O)O)cc(-c2ccc(O)cc2)n1,4.0,0.0,1
CHEMBL3267,Cc1cc(F)ccc1NCc1cc(C(=O)O)cc(-c2cccc(O)c2)n1,4.38,0.0,1
CHEMBL3267,Cc1cc(F)ccc1NCc1cc(C(=O)O)cc(-c2ccncc2)n1,4.38,0.0,1
CHEMBL3267,Cc1cc(F)ccc1NCc1cc(C(=O)O)cc(N2CCOCC2)n1,4.47,0.0,1
CHEMBL3267,Cc1cc(F)ccc1NCc1cc(C=O)cc(N2CCOCC2)n1,4.0,0.0,1
CHEMBL3267,Cc1cc(F)ccc1OCc1cc(C(=O)NO)cc(N2CCOCC2)n1,5.0,0.0,1
CHEMBL3267,Cc1cc(F)ccc1OCc1cc(C(=O)O)cc(N2CCOCC2)n1,4.64,0.0,1
CHEMBL3267,Cc1cc(F)ccc1Oc1cccc2c(=O)cc(N3CCOCC3)[nH]c12,4.74,0.0,1
CHEMBL3267,Cc1cc(NC(=O)Cc2nc(N3CCOCC3)cc(=O)[nH]2)ccc1F,5.1,0.0,1
CHEMBL3267,Cc1cc(NCc2ccccc2C)c2nc(N3CCOCC3)cc(=O)n2c1,4.0,0.0,1
CHEMBL3267,Cc1cc(O)ccc1-c1nn(C(C)C)c2ncnc(N)c12,5.82,0.0,1
CHEMBL3267,Cc1cc(Oc2ccccc2C)c2[nH]c(N3CCOCC3)cc(=O)c2c1,4.0,0.0,1
CHEMBL3267,Cc1cc([C@@H](C)Nc2ccccc2C(=O)O)c2nc(N3CCOCC3)cc(=O)n2c1,6.01,0.0707106781186545,2
CHEMBL3267,Cc1cc([C@H](C)Nc2ccccc2C(=O)O)c2nc(N3CCOCC3)cc(=O)n2c1,6.06,0.0,1
CHEMBL3267,Cc1cc2ncnn2cc1Nc1ncc2c(n1)n(C1CCOCC1)c(=O)n2C,6.03,0.0,1
CHEMBL3267,Cc1ccc(-c2c[nH]c3ncc(-c4cc(C)c5c(c4)CN([C@@H](C)C4CC4)C5=O)cc23)cc1C(=O)O,8.3,0.0,1
CHEMBL3267,Cc1ccc(-c2cc(C(=O)N/N=C(\C=C\c3ccc(Cl)cc3)c3ccc(N)cc3)c3ccccc3n2)cc1,6.71,0.0,1
CHEMBL3267,Cc1ccc(-c2ccc3c(c2)N(c2nc4c(s2)C(=O)CC(C)(C)C4)CCO3)cn1,7.14,0.0,1
CHEMBL3267,Cc1ccc(-c2ccc3c(c2)N(c2nc4c(s2)C(=O)NC(C)(C)C4)CCO3)cn1,7.55,0.0,1
CHEMBL3267,Cc1ccc(-c2ccc3c(c2)N(c2nc4c(s2)C(=O)NC(C)(C)C4)CCO3)nn1,6.97,0.0,1
CHEMBL3267,Cc1ccc(-c2ccc3nc(N)sc3c2)cn1,5.9,0.0,1
CHEMBL3267,Cc1ccc(-c2ccnc(Nc3ccc(Cl)cc3Cl)n2)cc1,6.43,0.0,1
CHEMBL3267,Cc1ccc(-c2csc3c(=O)cc(N4CCOCC4)oc23)cc1,5.86,0.0,1
CHEMBL3267,Cc1ccc(-c2n[nH]c3ncnc(N)c23)cc1,5.11,0.0,1
CHEMBL3267,Cc1ccc(-c2n[nH]c3ncnc(N)c23)cc1O,6.07,0.0,1
CHEMBL3267,Cc1ccc(-c2n[nH]c3ncnc(N)c23)cc1OCc1ccccc1,5.48,0.0,1
CHEMBL3267,Cc1ccc(-c2nn(-c3ccccc3)cc2/C=N/OCc2ccccc2Cl)cc1,4.67,0.0,1
CHEMBL3267,Cc1ccc(-c2nn(C(C)C)c3ncnc(N)c23)cc1O,6.36,0.0,1
CHEMBL3267,Cc1ccc(-c2nn(C)c3ncnc(N)c23)cc1O,6.26,0.0,1
CHEMBL3267,Cc1ccc(-n2c(=O)n(C)c3cnc4ccc(-c5ccncc5)cc4c32)cc1,6.6,0.0,1
CHEMBL3267,Cc1ccc(-n2c([C@H](C)NC(=O)c3c(N)nn4cccnc34)cc3cccc(C#Cc4cnn(C)c4)c3c2=O)cc1,5.609999999999999,0.1272792206135787,2
CHEMBL3267,Cc1ccc(C#Cc2c(N)ncnc2N[C@@H](C)c2nc3cccc(Cl)c3c(=O)n2-c2cc(F)cc(F)c2)nc1,6.26,0.0,1
CHEMBL3267,Cc1ccc(C#Cc2cccc3cc([C@H](C)NC(=O)c4c(N)nn5cccnc45)n(-c4ccccc4)c(=O)c23)cn1,5.609999999999999,0.1272792206135787,2
CHEMBL3267,Cc1ccc(C(=O)N/N=C/c2cc(Br)cc(Br)c2O)c(O)c1,5.15,0.0,1
CHEMBL3267,Cc1ccc(C(=O)N/N=C/c2cc(Br)ccc2O)c(O)c1,5.58,0.0,1
CHEMBL3267,Cc1ccc(C(=O)N/N=C/c2cc(Cl)cc(Cl)c2O)c(O)c1,5.32,0.0,1
CHEMBL3267,Cc1ccc(C(=O)N/N=C/c2cc(Cl)ccc2O)c(O)c1,5.43,0.0,1
CHEMBL3267,Cc1ccc(C(=O)N/N=C/c2ccccc2O)c(O)c1,5.66,0.0,1
CHEMBL3267,Cc1ccc(C)c(S(=O)(=O)N2CCN(Cn3cc4c(=O)oc5ccccc5c4n3)CC2)c1,6.09,0.0,1
CHEMBL3267,Cc1ccc(C)c(S(=O)(=O)n2cc3c(=O)oc4ccccc4c3n2)c1,5.72,0.0,1
CHEMBL3267,Cc1ccc(CCN2C(=O)COc3ccc(/C=C4\SC(=S)NC4=O)cc32)cc1,7.74,0.4384062043356602,2
CHEMBL3267,Cc1ccc(CN2C(=O)COc3ccc(/C=C4\SC(=S)NC4=O)cc32)cc1,7.220000000000001,0.43840620433565985,2
CHEMBL3267,Cc1ccc(CN2C(=O)COc3ccc(/C=C4\SC(=S)NC4=O)cc32)cc1C,8.275,0.4454772721475252,2
CHEMBL3267,Cc1ccc(CN2CCC(n3cnc4c(N5CCOCC5)nc(-c5cncc(O)c5)nc43)CC2)cc1,6.69,0.0,1
CHEMBL3267,Cc1ccc(F)c2nc([C@H](C)Nc3ncnc(N)c3C#Cc3ccc(F)cn3)n(-c3ccccc3)c(=O)c12,6.26,0.0,1
CHEMBL3267,Cc1ccc(F)c2nc([C@H](C)Nc3ncnc(N)c3C#Cc3cnccn3)n(-c3ccccc3)c(=O)c12,6.26,0.0,1
CHEMBL3267,Cc1ccc(NC(=O)Nc2ccc(-c3nc(N4CCOCC4)nc(N4C5CCC4COC5)n3)cc2)cc1,6.91,0.0,1
CHEMBL3267,Cc1ccc(NC(=O)Nc2ccc(-c3nc(N4CCOCC4)nc(N4CCOCC4)n3)cc2)cc1,6.36,0.0,1
CHEMBL3267,Cc1ccc(Nc2ccc3c(c2)N(c2nc4c(s2)C(=O)NC(C)(C)C4)CCO3)nn1,7.7,0.0,1
CHEMBL3267,Cc1ccc(O)c(-c2ccc(/C=C3\SC(=O)NC3=O)o2)c1,7.41,0.0,1
CHEMBL3267,Cc1ccc(S(=O)(=O)NC2CC3(CC(O)C3)C2)cc1-c1cnc(N)c(-c2cn(C)nc2C)c1,7.17,0.0,1
CHEMBL3267,Cc1ccc(S(=O)(=O)NC2CC3(CC(O)C3)C2)cc1-c1cncc(-c2cn(C)nc2C)n1,7.89,0.0,1
CHEMBL3267,Cc1ccc(S(=O)(=O)NCC(C)(C)CO)cc1-c1cncc(-c2cn(C)nc2C)n1,7.7,0.0,1
CHEMBL3267,Cc1ccc(S(=O)(=O)NCC(C)(C)O)cc1-c1cnc(N)c(-c2cc(C(=O)N(C)C)no2)c1,7.18,0.0,1
CHEMBL3267,Cc1ccc(S(=O)(=O)NCC(C)(C)O)cc1-c1cnc(N)c(-c2cc(C(=O)N3CCOCC3)no2)c1,7.25,0.0,1
CHEMBL3267,Cc1ccc(S(=O)(=O)NCC(C)(C)O)cc1-c1cnc(N)c(-c2cc(C(C)(C)C)no2)c1,7.15,0.0,1
CHEMBL3267,Cc1ccc(S(=O)(=O)NCC(C)(C)O)cc1-c1cnc(N)c(-c2cc(C(C)C)no2)c1,7.39,0.0,1
CHEMBL3267,Cc1ccc(S(=O)(=O)NCC(C)(C)O)cc1-c1cnc(N)c(-c2cc(C(F)(F)F)no2)c1,6.67,0.0,1
CHEMBL3267,Cc1ccc(S(=O)(=O)NCC(C)(C)O)cc1-c1cnc(N)c(-c2cc(C3CC3)no2)c1,7.48,0.0,1
CHEMBL3267,Cc1ccc(S(=O)(=O)NCC(C)(C)O)cc1-c1cnc(N)c(-c2cc(CC(F)(F)F)no2)c1,7.8,0.0,1
CHEMBL3267,Cc1ccc(S(=O)(=O)NCC(C)(C)O)cc1-c1cnc(N)c(-c2cc(CN(C)C)no2)c1,6.85,0.0,1
CHEMBL3267,Cc1ccc(S(=O)(=O)NCC(C)(C)O)cc1-c1cnc(N)c(-c2cc(CO)no2)c1,7.55,0.0,1
CHEMBL3267,Cc1ccc(S(=O)(=O)NCC(C)(C)O)cc1-c1cnc(N)c(-c2ccn(C)c2)c1,6.92,0.0,1
CHEMBL3267,Cc1ccc(S(=O)(=O)NCC(C)(C)O)cc1-c1cnc(N)c(-c2ccn(C)n2)c1,6.82,0.0,1
CHEMBL3267,Cc1ccc(S(=O)(=O)NCC(C)(C)O)cc1-c1cnc(N)c(-c2ccno2)c1,7.31,0.0,1
CHEMBL3267,Cc1ccc(S(=O)(=O)NCC(C)(C)O)cc1-c1cnc(N)c(-c2cn(C)nc2C)c1,6.48,0.0,1
CHEMBL3267,Cc1ccc(S(=O)(=O)NCC(C)(C)O)cc1-c1cnc(N)c(-c2cn(C)nc2C)n1,7.55,0.0,1
CHEMBL3267,Cc1ccc(S(=O)(=O)NCC(C)(C)O)cc1-c1cnc(N)c(-c2cn(C)nn2)c1,6.45,0.0,1
CHEMBL3267,Cc1ccc(S(=O)(=O)NCC(C)(C)O)cc1-c1cnc(N)c(-c2cnc(C3CC3)o2)c1,7.89,0.0,1
CHEMBL3267,Cc1ccc(S(=O)(=O)NCC(C)(C)O)cc1-c1cnc(N)c(-c2cnco2)c1,6.75,0.0,1
CHEMBL3267,Cc1ccc(S(=O)(=O)NCC(C)(C)O)cc1-c1cnc(N)c(-c2cnn(C)c2)c1,7.06,0.0,1
CHEMBL3267,Cc1ccc(S(=O)(=O)NCC(C)(C)O)cc1-c1cnc(N)c(-c2cnn(C)c2C)c1,5.865,0.13435028842544464,2
CHEMBL3267,Cc1ccc(S(=O)(=O)NCC(C)(C)O)cc1-c1cnc(N)c(-c2cnn(C)n2)c1,6.72,0.0707106781186545,2
CHEMBL3267,Cc1ccc(S(=O)(=O)NCC(C)(C)O)cc1-c1cnc(N)c(-c2cnn(C)n2)n1,7.6,0.0,1
CHEMBL3267,Cc1ccc(S(=O)(=O)NCC(C)(C)O)cc1-c1cnc(N)c(-c2cnoc2C)c1,5.58,0.0,1
CHEMBL3267,Cc1ccc(S(=O)(=O)NCC(C)(C)O)cc1-c1cnc(N)c(-c2nc(C(C)C)no2)c1,7.55,0.0,1
CHEMBL3267,Cc1ccc(S(=O)(=O)NCC(C)(C)O)cc1-c1cnc(N)c(-c2nc(C(F)F)no2)c1,7.33,0.0,1
CHEMBL3267,Cc1ccc(S(=O)(=O)NCC(C)(C)O)cc1-c1cnc(N)c(-c2nc(C3CC3)no2)c1,6.7,0.0,1
CHEMBL3267,Cc1ccc(S(=O)(=O)NCC(C)(C)O)cc1-c1cnc(N)c(-c2ncco2)c1,7.12,0.0,1
CHEMBL3267,Cc1ccc(S(=O)(=O)NCC(C)(C)O)cc1-c1cnc(N)c(-c2nn(C)nc2C)n1,8.4,0.0,1
CHEMBL3267,Cc1ccc(S(=O)(=O)NCC(C)(C)O)cc1-c1cnc(N)c(-n2cncn2)c1,5.75,0.0,1
CHEMBL3267,Cc1ccc(S(=O)(=O)NCC(C)(C)O)cc1-c1cnc(N)c(-n2cncn2)n1,7.44,0.0,1
CHEMBL3267,Cc1ccc(S(=O)(=O)NCC(C)(C)O)cc1-c1cncc(-c2cn(C)nc2C)n1,7.72,0.0,1
CHEMBL3267,Cc1ccc(S(=O)(=O)NCC2(C)COC2)cc1-c1cncc(-c2cn(C)nc2C)n1,7.85,0.0,1
CHEMBL3267,Cc1ccc(S(=O)(=O)NCCC(C)(C)O)cc1-c1cnc(N)c(-c2cc(C(C)C)no2)c1,7.48,0.0,1
CHEMBL3267,Cc1ccc(S(=O)(=O)NCCC(C)(C)O)cc1-c1cnc(N)c(-c2ccncc2)c1,7.24,0.0,1
CHEMBL3267,Cc1ccc(S(=O)(=O)NCCC(C)(C)O)cc1-c1cnc(N)c(-c2cnn(C)c2)c1,7.19,0.0,1
CHEMBL3267,Cc1ccc(S(=O)(=O)NCCC(C)(C)O)cc1-c1cnc(N)c(-c2cnn(C)n2)c1,7.89,0.0,1
CHEMBL3267,Cc1ccc(S(=O)(=O)NCCC(C)(C)O)cc1-c1cnc(N)c(-c2cnn(CC(F)(F)F)c2)c1,7.36,0.0,1
CHEMBL3267,Cc1ccc(S(=O)(=O)NCCC(C)(C)O)cc1-c1cnc(N)c(-c2nc(CC(F)(F)F)no2)c1,7.47,0.0,1
CHEMBL3267,Cc1ccc(S(=O)(=O)NCCC(C)(C)O)cc1-c1cncc(-c2cn(C)nc2C)n1,7.32,0.0,1
CHEMBL3267,Cc1ccc(S(=O)(=O)NCCC(C)(C)O)cc1-c1cncc(-c2cn(CCN3CCOCC3)nc2C)n1,7.57,0.0,1
CHEMBL3267,Cc1ccc(S(=O)(=O)NCCC(C)(C)O)cc1-c1cncc(-c2cnn(CCN3CCOCC3)c2)n1,6.8,0.0,1
CHEMBL3267,Cc1ccc(S(=O)(=O)NC[C@H]2C[C@@H](O)C2)cc1-c1cncc(-c2cn(C)nc2C)n1,7.96,0.0,1
CHEMBL3267,Cc1ccc(S(=O)(=O)NOCC(C)(C)O)cc1-c1cnc(N)c(-c2cnn(CC(F)(F)F)c2)c1,7.23,0.0,1
CHEMBL3267,Cc1ccc(S(=O)(=O)N[C@H]2CC[C@H](O)CC2)cc1-c1cnc(N)c(-c2cc(C(C)(C)C)no2)c1,8.05,0.0,1
CHEMBL3267,Cc1ccc(S(=O)(=O)N[C@H]2CC[C@H](O)CC2)cc1-c1cnc(N)c(-c2cnn(C)c2)c1,7.75,0.0,1
CHEMBL3267,Cc1ccc(S(=O)(=O)N[C@H]2CC[C@H](O)CC2)cc1-c1cnc(N)c(-c2cnn(C)n2)c1,6.24,0.0,1
CHEMBL3267,Cc1ccc(S(=O)(=O)N[C@H]2CC[C@H](O)CC2)cc1-c1cnc(N)c(-c2cnn(CC(F)(F)F)c2)c1,8.1,0.0,1
CHEMBL3267,Cc1ccc(S(=O)(=O)N[C@H]2CC[C@H](O)CC2)cc1-c1cnc(N)c(-c2nc(C(F)F)no2)c1,7.33,0.0,1
CHEMBL3267,Cc1ccc(S(=O)(=O)N[C@H]2CC[C@H](O)CC2)cc1-c1cnc(N)c(-c2nc(CC(F)(F)F)no2)c1,7.75,0.0,1
CHEMBL3267,Cc1ccc(S(=O)(=O)N[C@H]2CC[C@H](O)CC2)cc1-c1cnc(N)c(C(=O)C2CC2)n1,7.62,0.0,1
CHEMBL3267,Cc1ccc(S(=O)(=O)N[C@H]2CC[C@H](O)CC2)cc1-c1cncc(-c2cccnc2)n1,7.06,0.0,1
CHEMBL3267,Cc1ccc(S(=O)(=O)N[C@H]2CC[C@H](O)CC2)cc1-c1cncc(-c2csc(CN3CCOCC3)c2)n1,8.22,0.0,1
CHEMBL3267,Cc1ccc(S(=O)(=O)Nc2cc(-c3sc(NC(=O)[C@@H](N)C(C)C)nc3C)cnc2Cl)cc1,6.71,0.0,1
CHEMBL3267,Cc1ccc(S(=O)(=O)Nc2nc3ccccc3nc2Nc2ccc3nsnc3c2)cc1,7.64,0.0,1
CHEMBL3267,Cc1ccc(S(=O)(=O)n2cc3c(=O)oc4ccccc4c3n2)cc1,4.98,0.0,1
CHEMBL3267,Cc1ccc([N+](=O)[O-])cc1S(=O)(=O)N(C)/N=C/c1cnn2ccc(C#N)cc12,7.85,0.0,1
CHEMBL3267,Cc1ccc([N+](=O)[O-])cc1S(=O)(=O)N(CCO)/N=C/c1cnn2ccc(C#N)cc12,7.96,0.0,1
CHEMBL3267,Cc1ccc([N+](=O)[O-])cc1S(=O)(=O)c1nc(-c2cnc3ccc(Cl)cn23)cs1,6.64,0.0,1
CHEMBL3267,Cc1ccc2c(c1)-c1nc3cc(Br)ccc3n1CCO2,4.36,0.0,1
CHEMBL3267,Cc1ccc2c(c1)-c1nc3cc(C(F)(F)F)ccc3n1CCO2,4.38,0.0,1
CHEMBL3267,Cc1ccc2c(c1)-c1nc3cc(C)ccc3n1CCO2,4.77,0.0,1
CHEMBL3267,Cc1ccc2c(c1)-c1nc3cc(F)ccc3n1CCO2,4.46,0.0,1
CHEMBL3267,Cc1ccc2c(c1)-c1nc3cc([N+](=O)[O-])ccc3n1CCO2,5.03,0.0,1
CHEMBL3267,Cc1ccc2c(c1)N(c1nc3c(s1)C(=O)NC(C)(C)C3)CCO2,6.21,0.0,1
CHEMBL3267,Cc1ccc2c(c1)OCCN2c1nc2c(s1)C(=O)NC(C)(C)C2,6.28,0.0,1
CHEMBL3267,Cc1ccc2cc(-c3nn(C(C)C)c4ncnc(N)c34)ccc2n1,6.34,0.0,1
CHEMBL3267,Cc1ccc2ccc(-c3nn(C(C)C)c4ncnc(N)c34)cc2n1,6.64,0.0,1
CHEMBL3267,Cc1cccc(-c2csc3c(=O)cc(N4CCOCC4)oc23)c1,6.18,0.0,1
CHEMBL3267,Cc1cccc(-c2n[nH]c3ncnc(N)c23)c1,5.62,0.0,1
CHEMBL3267,Cc1cccc(-c2n[nH]c3ncnc(N)c23)c1C,4.82,0.0,1
CHEMBL3267,Cc1cccc(-c2nn3c(Cl)cnc3cc2[C@H](C)Nc2ncnc(N)c2C#N)c1,6.61,0.0,1
CHEMBL3267,Cc1cccc(-n2c([C@H](C)NC(=O)c3c(N)nn4cccnc34)cc3cccc(C#Cc4cnn(C)c4)c3c2=O)c1,5.609999999999999,0.1272792206135787,2
CHEMBL3267,Cc1cccc(C#Cc2c(N)ncnc2N[C@@H](C)c2nc3cccc(Cl)c3c(=O)n2-c2ccccc2)n1,6.26,0.0,1
CHEMBL3267,Cc1cccc(C)c1-n1c(Cn2nc(-c3ccc4[nH]ccc4c3)c3c(N)ncnc32)nc2cccc(F)c2c1=O,6.44,0.0,1
CHEMBL3267,Cc1cccc(CCN2C(=O)COc3ccc(/C=C4\SC(=S)NC4=O)cc32)c1,7.99,0.4384062043356602,2
CHEMBL3267,Cc1cccc(CN2C(=O)COc3ccc(/C=C4\SC(=S)NC4=O)cc32)c1,7.045,0.44547727214752453,2
CHEMBL3267,Cc1cccc(Cn2ccn3c(=O)cc(N4CCOCC4)nc23)c1,5.0,0.0,1
CHEMBL3267,Cc1cccc(NC(=O)Cc2nc(N3CCOCC3)cc(=O)[nH]2)c1,5.15,0.0,1
CHEMBL3267,Cc1cccc(NS(=O)(=O)c2ccc(C)c(-c3cnc(N)c(-c4cnn(C)c4)c3)c2)n1,8.0,0.0,1
CHEMBL3267,Cc1cccc(NS(=O)(=O)c2ccc(C)c(-c3cnc(N)c(-c4cnn(CC(F)(F)F)c4)c3)c2)n1,8.15,0.0,1
CHEMBL3267,Cc1cccc(NS(=O)(=O)c2ccc(C)c(-c3cnc(N)c(-c4nc(C)no4)c3)c2)n1,7.21,0.0,1
CHEMBL3267,Cc1cccc(Nc2nccc(-c3ccc(Br)cc3)n2)c1,6.47,0.0,1
CHEMBL3267,Cc1cccc(Nc2nccc(-c3ccc(Cl)cc3Cl)n2)c1,6.56,0.0,1
CHEMBL3267,Cc1cccc(S(=O)(=O)Nc2cc(-c3sc(NC(=O)[C@@H](N)C(C)C)nc3C)cnc2Cl)c1,6.69,0.0,1
CHEMBL3267,Cc1cccc2nc(CSc3ncnc4[nH]cnc34)n(-c3ccccc3Cl)c(=O)c12,5.21,0.0,1
CHEMBL3267,Cc1cccc2nc([C@H](C)Nc3ncnc(N)c3C#Cc3ccc(F)cn3)n(-c3ccccc3)c(=O)c12,6.26,0.0,1
CHEMBL3267,Cc1cccc2nc([C@H](C)Nc3ncnc(N)c3C#Cc3ccccn3)n(-c3ccccc3)c(=O)c12,6.26,0.0,1
CHEMBL3267,Cc1cccc2nc([C@H](C)Nc3ncnc(N)c3C#Cc3cnccn3)n(-c3ccccc3)c(=O)c12,6.26,0.0,1
CHEMBL3267,Cc1cccc2nc([C@H](C)Nc3ncnc(N)c3C#Cc3ncccn3)n(-c3ccccc3)c(=O)c12,6.26,0.0,1
CHEMBL3267,Cc1ccccc1-c1n[nH]c2ncnc(N)c12,4.6,0.0,1
CHEMBL3267,Cc1ccccc1-c1nn2c(Cl)cnc2cc1[C@H](C)Nc1ncnc(N)c1C#N,6.84,0.0,1
CHEMBL3267,Cc1ccccc1-n1c(CSc2ncnc3[nH]cnc23)nc2cccc(Cl)c2c1=O,5.59,0.0,1
CHEMBL3267,Cc1ccccc1-n1c(Cn2cc(-c3ccccc3)nn2)nc2cccc(C)c2c1=O,6.0,0.0,1
CHEMBL3267,Cc1ccccc1-n1c(Cn2cnc3c(N)ncnc32)nc2cccc(C)c2c1=O,4.303333333333334,0.20647840887931443,3
CHEMBL3267,Cc1ccccc1-n1c(Cn2nc(-c3cc(O)cc(F)c3)c3c(N)ncnc32)nc2cccc(C)c2c1=O,7.48,0.0,1
CHEMBL3267,Cc1ccccc1-n1c(Cn2nc(-c3ccc(O)c(F)c3)c3c(N)ncnc32)nc2cccc(C)c2c1=O,7.7,0.0,1
CHEMBL3267,Cc1ccccc1-n1c(Cn2nc(-c3cccc(O)c3)c3c(N)ncnc32)nc2cccc(C)c2c1=O,6.7,0.0,1
CHEMBL3267,Cc1ccccc1-n1c(Cn2nc(C#CCO)c3c(N)ncnc32)nc2cccc(C)c2c1=O,5.89,0.0,1
CHEMBL3267,Cc1ccccc1-n1c([C@@H]2CCCN2c2ncnc(N)c2C#N)nc2cccc(-c3cnn(C)c3)c2c1=O,6.48,0.0,1
CHEMBL3267,Cc1ccccc1-n1c([C@@H]2CCCN2c2ncnc(N)c2C#N)nc2cccc(Cl)c2c1=O,7.16,0.0,1
CHEMBL3267,Cc1ccccc1-n1c([C@H](C)NC(=O)c2c(N)nn3cccnc23)cc2cccc(C#Cc3cnn(C)c3)c2c1=O,5.609999999999999,0.1272792206135787,2
CHEMBL3267,Cc1ccccc1Cn1ccn2c(=O)cc(N3CCOCC3)nc12,5.3,0.0,1
CHEMBL3267,Cc1ccccc1Cn1cnc(=O)c2sc(N3CCOCC3)nc21,5.6,0.0,1
CHEMBL3267,Cc1ccccc1S(=O)(=O)Nc1cc(-c2sc(NC(=O)[C@@H](N)C(C)C)nc2C)cnc1Cl,6.61,0.0,1
CHEMBL3267,Cc1cccnc1C#Cc1c(N)ncnc1N[C@@H](C)c1nc2cccc(Cl)c2c(=O)n1-c1ccccc1,6.26,0.0,1
CHEMBL3267,Cc1ccn(-c2nc(-c3cc(S(=O)(=O)NCC(C)(C)O)ccc3C)cnc2N)n1,7.44,0.0,1
CHEMBL3267,Cc1ccn2nc(N)c(C(=O)N[C@@H](C)c3cc4cccc(C#Cc5cnn(C)c5)c4c(=O)n3-c3ccccc3)c2n1,5.609999999999999,0.1272792206135787,2
CHEMBL3267,Cc1ccn2nc([C@H](C)Nc3ncnc(N)c3-c3cc(O)cc(C(F)(F)F)c3)n(-c3ccccc3)c(=O)c12,8.17,0.0,1
CHEMBL3267,Cc1ccn2nc([C@H](C)Nc3ncnc(N)c3-c3cc(O)cc(F)c3)n(-c3ccccc3)c(=O)c12,7.4,0.0,1
CHEMBL3267,Cc1ccn2nc([C@H](C)Nc3ncnc(N)c3-c3cc(O)cc(NS(C)(=O)=O)c3)n(-c3ccccc3)c(=O)c12,7.82,0.0,1
CHEMBL3267,Cc1ccn2nc([C@H](C)Nc3ncnc(N)c3-c3ccc(O)c(F)c3)n(-c3ccccc3)c(=O)c12,7.96,0.0,1
CHEMBL3267,Cc1ccn2nc([C@H](C)Nc3ncnc(N)c3-c3ccc(O)cc3)n(-c3ccccc3)c(=O)c12,6.8,0.0,1
CHEMBL3267,Cc1ccn2nc([C@H](C)Nc3ncnc(N)c3-c3ccc4cc[nH]c4c3)n(-c3ccccc3)c(=O)c12,6.38,0.0,1
CHEMBL3267,Cc1ccn2nc([C@H](C)Nc3ncnc(N)c3-c3ccc4oc(=O)[nH]c4c3)n(-c3ccccc3)c(=O)c12,6.37,0.0,1
CHEMBL3267,Cc1ccn2nc([C@H](C)Nc3ncnc(N)c3-c3cccc(NS(C)(=O)=O)c3)n(-c3ccccc3)c(=O)c12,8.77,0.0,1
CHEMBL3267,Cc1ccn2nc([C@H](C)Nc3ncnc(N)c3-c3cnc(N)nc3)n(-c3ccccc3)c(=O)c12,6.92,0.0,1
CHEMBL3267,Cc1ccn2nc([C@H](C)Nc3ncnc(N)c3C#N)n(-c3ccccc3)c(=O)c12,7.19,0.0,1
CHEMBL3267,Cc1ccn2nc([C@H](C)Nc3ncnc(N)c3C(=O)Nc3cccc(O)c3)n(-c3ccccc3)c(=O)c12,8.0,0.0,1
CHEMBL3267,Cc1ccn2nc([C@H](C)Nc3ncnc(N)c3Sc3cccc(O)c3)n(-c3ccccc3)c(=O)c12,7.35,0.0,1
CHEMBL3267,Cc1ccn2nc([C@H](C)Nc3ncnc4[nH]cc(-c5cc(C(F)(F)F)ccc5O)c34)n(-c3ccccc3)c(=O)c12,8.48,0.0,1
CHEMBL3267,Cc1ccn2nc([C@H](C)Nc3ncnc4[nH]cc(-c5cc(NS(C)(=O)=O)cc6[nH]ccc56)c34)n(-c3ccccc3)c(=O)c12,7.44,0.0,1
CHEMBL3267,Cc1ccn2nc([C@H](C)Nc3ncnc4[nH]cc(-c5cc(O)cc(F)c5)c34)n(-c3ccccc3)c(=O)c12,9.22,0.0,1
CHEMBL3267,Cc1ccn2nc([C@H](C)Nc3ncnc4[nH]cc(-c5cc(O)cc(NS(C)(=O)=O)c5)c34)n(-c3ccccc3)c(=O)c12,9.15,0.0,1
CHEMBL3267,Cc1ccn2nc([C@H](C)Nc3ncnc4[nH]cc(-c5ccc(O)cc5)c34)n(-c3ccccc3)c(=O)c12,9.15,0.0,1
CHEMBL3267,Cc1ccn2nc([C@H](C)Nc3ncnc4[nH]cc(-c5cccc(F)c5O)c34)n(-c3ccccc3)c(=O)c12,7.92,0.0,1
CHEMBL3267,Cc1ccn2nc([C@H](C)Nc3ncnc4[nH]cc(-c5cccc(NS(C)(=O)=O)c5)c34)n(-c3ccccc3)c(=O)c12,8.51,0.0,1
CHEMBL3267,Cc1ccn2nc([C@H](C)Nc3ncnc4[nH]cc(-c5cccc6[nH]ccc56)c34)n(-c3ccccc3)c(=O)c12,7.77,0.0,1
CHEMBL3267,Cc1ccn2nc([C@H](C)Nc3ncnc4[nH]cc(-c5cnn(C)c5)c34)n(-c3ccccc3)c(=O)c12,8.44,0.0,1
CHEMBL3267,Cc1ccn2nc([C@H](C)Nc3ncnc4[nH]cc(C(=O)Nc5cccc(O)c5)c34)n(-c3ccccc3)c(=O)c12,7.89,0.0,1
CHEMBL3267,Cc1ccn2nc([C@H](C)Nc3ncnc4[nH]cc(Cc5cccc(O)c5)c34)n(-c3ccccc3)c(=O)c12,7.19,0.0,1
CHEMBL3267,Cc1ccnc(C#Cc2c(N)ncnc2N[C@@H](C)c2nc3cccc(Cl)c3c(=O)n2-c2ccccc2)c1,6.26,0.0,1
CHEMBL3267,Cc1ccnc2c(C(=O)N[C@@H](C)c3cc4cccc(C#Cc5cnn(C)c5)c4c(=O)n3-c3ccccc3)cnn12,5.609999999999999,0.1272792206135787,2
CHEMBL3267,Cc1ccncc1-n1c([C@H](C)Nc2nc(N)nc(N)c2C#N)nc2cccc(Cl)c2c1=O,6.525,0.898025612106916,2
CHEMBL3267,Cc1ccncc1C#Cc1cccc2cc([C@H](C)NC(=O)c3c(N)nn4cccnc34)n(-c3ccccc3)c(=O)c12,5.609999999999999,0.1272792206135787,2
CHEMBL3267,Cc1cn2c(=O)cc(N3CCOCC3)nc2n1Cc1cccc(Cl)c1Cl,5.8,0.0,1
CHEMBL3267,Cc1cnc(-c2cc(-c3cc(S(=O)(=O)NCC(C)(C)O)ccc3C)cnc2N)s1,7.92,0.0,1
CHEMBL3267,Cc1cnc(-c2cc(-c3cc(S(=O)(=O)NCCC(C)(C)O)ccc3C)cnc2N)s1,7.8,0.0,1
CHEMBL3267,Cc1cnc(-c2cc(-c3cc(S(=O)(=O)N[C@H]4CC[C@H](O)CC4)ccc3C)cnc2N)o1,8.15,0.0,1
CHEMBL3267,Cc1cnc(C(=O)N[C@@H](C)c2cc3cccc(C#Cc4cnn(C)c4)c3c(=O)n2-c2ccccc2)c(N)n1,5.609999999999999,0.1272792206135787,2
CHEMBL3267,Cc1cnc2cc([C@H](C)Nc3ncnc(N)c3C#N)c(-c3ccccc3)nn12,6.49,0.0,1
CHEMBL3267,Cc1cnc2cc([C@H](C)Nc3ncnc4[nH]ccc34)c(-c3ccccc3)nn12,6.46,0.0,1
CHEMBL3267,Cc1cnc2cc([C@H](C)Nc3ncnc4[nH]cnc34)c(-c3ccccc3)nn12,6.46,0.0,1
CHEMBL3267,Cc1cncc(-c2ccn3nc(NC(=O)NCCOc4cccnc4)cc3c2)c1,7.53,0.0,1
CHEMBL3267,Cc1cnn(-c2cc(-c3cc(S(=O)(=O)NCC(C)(C)O)ccc3C)cnc2N)c1,6.06,0.0,1
CHEMBL3267,Cc1csc(C#Cc2cccc3cc([C@H](C)NC(=O)c4c(N)nn5cccnc45)n(-c4ccccc4)c(=O)c23)n1,5.609999999999999,0.1272792206135787,2
CHEMBL3267,Cc1csc2cc([C@H](C)Nc3ncnc(N)c3C#N)c(-c3cccc(CC4CCN(C(C)C)CC4)c3)c(=O)n12,6.6,0.0,1
CHEMBL3267,Cc1csc2cc([C@H](C)Nc3ncnc(N)c3C#N)c(-c3cccc(OCCN(C)C)c3)c(=O)n12,6.5,0.0,1
CHEMBL3267,Cc1csc2cc([C@H](C)Nc3ncnc(N)c3C#N)c(-c3ccccc3)c(=O)n12,7.9,0.0,1
CHEMBL3267,Cc1csc2cc([C@H](C)Nc3ncnc(N)c3C#N)c(Cc3cccc(CN(C)C)c3)c(=O)n12,6.2,0.0,1
CHEMBL3267,Cc1csc2cc([C@H](C)Nc3ncnc(N)c3C#N)c(Cc3cccc(CN)c3)c(=O)n12,6.7,0.0,1
CHEMBL3267,Cc1csc2cc([C@H](C)Nc3ncnc(N)c3C#N)c(Cc3cccc(CN4CCC4)c3)c(=O)n12,6.3,0.0,1
CHEMBL3267,Cc1csc2cc([C@H](C)Nc3ncnc(N)c3C#N)c(Cc3cccc(CNCCCCOCCc4ccccc4)c3)c(=O)n12,6.5,0.0,1
CHEMBL3267,Cc1csc2nc(C(C)Nc3nc(N)nc4[nH]cnc34)c(-c3cc(F)cc(F)c3)c(=O)n12,6.52,0.0,1
CHEMBL3267,Cc1csc2nc(C(C)Nc3nc(N)nc4[nH]cnc34)c(-c3cccc(F)c3)c(=O)n12,6.52,0.0,1
CHEMBL3267,Cc1csc2nc(C(C)Nc3nc(N)nc4[nH]cnc34)c(-c3ccccc3)c(=O)n12,7.12,0.0,1
CHEMBL3267,Cc1csc2nc([C@H](C)Nc3ncnc4[nH]cnc34)c(-c3cccc(F)c3)c(=O)n12,5.64,0.0,1
CHEMBL3267,Cc1n[nH]c(C)c1-c1ccc2c(c1)N(c1nc3c(s1)C(=O)NC(C)(C)C3)CCO2,6.7,0.0,1
CHEMBL3267,Cc1nc(-c2c(N)ncnc2N[C@@H](C)c2cc3cccc(Cl)c3c(=O)n2C2CC2)no1,6.43,0.0,1
CHEMBL3267,Cc1nc(-c2cc(-c3cc(S(=O)(=O)NCC(C)(C)O)ccc3C)cnc2N)cs1,6.55,0.0,1
CHEMBL3267,Cc1nc(-c2cc(-c3cc(S(=O)(=O)NCCC(C)(C)O)ccc3C)cnc2N)cs1,7.24,0.0,1
CHEMBL3267,Cc1nc(-c2cc(-c3cc(S(=O)(=O)N[C@H]4CC[C@H](O)CC4)ccc3C)cnc2N)cs1,7.89,0.0,1
CHEMBL3267,Cc1nc(-c2ccc3c(c2)N(c2nc4c(s2)C(=O)NC(C)(C)C4)CCO3)c[nH]1,6.97,0.0,1
CHEMBL3267,Cc1nc(-c2cccc(Nc3nc(C)c(-c4cc5c(c(S(C)(=O)=O)c4)C(=O)N([C@@H](C)C4CC4)C5)s3)n2)n(C)n1,9.0,0.0,1
CHEMBL3267,Cc1nc(-c2cn3c(n2)-c2ccc(-c4cnn(C(C)(C)C(N)=O)c4)cc2OCC3)n(C(C)C)n1,9.04,0.0,1
CHEMBL3267,Cc1nc(C#Cc2cccc3cc([C@H](C)NC(=O)c4c(N)nn5cccnc45)n(-c4ccccc4)c(=O)c23)cs1,5.609999999999999,0.1272792206135787,2
CHEMBL3267,Cc1nc(C#Cc2cccc3nc(C(C)NC(=O)c4c(N)nn5cccnc45)n(-c4ccccc4)c(=O)c23)cs1,5.52,0.0,1
CHEMBL3267,Cc1nc(C#Cc2cccc3nc([C@H](C)NC(=O)c4c(N)nn5cccnc45)n(-c4ccccc4)c(=O)c23)cs1,5.52,0.0,1
CHEMBL3267,Cc1nc(C(=O)Nc2cc(-c3cnc(Cl)c(NS(=O)(=O)c4ccccc4)c3)cc3[nH]ncc23)cs1,7.3,0.0,1
CHEMBL3267,Cc1nc(C)c(C#Cc2cccc3cc([C@H](C)NC(=O)c4c(N)nn5cccnc45)n(-c4ccccc4)c(=O)c23)s1,5.609999999999999,0.1272792206135787,2
CHEMBL3267,Cc1nc(N)c(C#N)c(N[C@@H](C)c2cc3ncc(Cl)n3nc2-c2ccccc2)n1,6.61,0.0,1
CHEMBL3267,Cc1nc(N)nc(-n2c(NC3CCOCC3)nc3ccccc32)n1,7.52,0.0,1
CHEMBL3267,Cc1nc(N)nc(-n2c(Nc3cc(O)cc(O)c3)nc3ccccc32)n1,8.3,0.0,1
CHEMBL3267,Cc1nc(N)nc(-n2c(Nc3cc[nH]n3)nc3cc(F)c(F)cc32)n1,6.6,0.0,1
CHEMBL3267,Cc1nc(N)nc(-n2c(Nc3cc[nH]n3)nc3ccccc32)n1,6.5,0.0,1
CHEMBL3267,Cc1nc(N)nc(-n2c(Nc3ccc4cc[nH]c4c3)nc3ccccc32)n1,6.47,0.0,1
CHEMBL3267,Cc1nc(N)nc(-n2c(Nc3ccc4cn[nH]c4c3)nc3ccccc32)n1,6.7,0.0,1
CHEMBL3267,Cc1nc(N)nc(-n2c(Nc3cccc(C(N)=O)c3)nc3ccccc32)n1,6.32,0.0,1
CHEMBL3267,Cc1nc(N)nc(-n2c(Nc3cccc(O)c3)nc3ccccc32)n1,8.1,0.0,1
CHEMBL3267,Cc1nc(N)nc(-n2c(Nc3ccccc3)nc3ccccc32)n1,6.33,0.0,1
CHEMBL3267,Cc1nc(N)nc(-n2c(Nc3ccn(C(F)F)n3)nc3ccccc32)n1,6.07,0.0,1
CHEMBL3267,Cc1nc(N)nc(-n2c(Nc3ccn(C)n3)nc3ccccc32)n1,5.39,0.0,1
CHEMBL3267,Cc1nc(N)nc(-n2c(Nc3ccnn3C)nc3ccccc32)n1,5.64,0.0,1
CHEMBL3267,Cc1nc(N)nc(-n2c(Nc3ccon3)nc3ccccc32)n1,5.64,0.0,1
CHEMBL3267,Cc1nc(N)nc(-n2c(Nc3cn[nH]c3)nc3ccccc32)n1,6.21,0.0,1
CHEMBL3267,Cc1nc(N)nc(-n2c(Nc3n[nH]c4ccccc34)nc3ccccc32)n1,6.72,0.0,1
CHEMBL3267,Cc1nc(N)nc(N2CCC[C@H]2c2nc3ccc(F)c(-c4cnn(C)c4)c3c(=O)n2-c2ccccc2)c1C#N,7.25,0.0,1
CHEMBL3267,Cc1nc(N)nc(N2CCC[C@H]2c2nc3cccc(-c4cccnc4)c3c(=O)n2-c2ccccc2)c1C#N,6.85,0.0,1
CHEMBL3267,Cc1nc(N)nc(N2CCC[C@H]2c2nc3cccc(-c4cncnc4)c3c(=O)n2-c2ccccc2)c1C#N,6.03,0.0,1
CHEMBL3267,Cc1nc(N)nc(N2CCC[C@H]2c2nc3cccc(-c4cnn(C)c4)c3c(=O)n2-c2ccccc2)c1C#N,6.92,0.0,1
CHEMBL3267,Cc1nc(N)nc(N2CCC[C@H]2c2nc3cccc(C#CCCCC(=O)N4CCCC4)c3c(=O)n2-c2ccccc2)c1C#N,6.88,0.0,1
CHEMBL3267,Cc1nc(N)nc(N2C[C@@H](F)C[C@H]2c2nc3cccc(-c4cnn(C)c4)c3c(=O)n2-c2ccccc2)c1C#N,7.62,0.0,1
CHEMBL3267,Cc1nc(N)nc(N2C[C@@H](O)C[C@H]2c2nc3ccc(F)c(-c4cn(C)cn4)c3c(=O)n2-c2ccccc2)c1C#N,6.96,0.0,1
CHEMBL3267,Cc1nc(N)nc(N2C[C@@H](O)C[C@H]2c2nc3ccc(F)c(-c4cnn(C)c4)c3c(=O)n2-c2ccccc2)c1C#N,7.55,0.0,1
CHEMBL3267,Cc1nc(N)nc(N2C[C@@H](O)C[C@H]2c2nc3cccc(-c4cccnc4)c3c(=O)n2-c2ccccc2)c1C#N,7.09,0.0,1
CHEMBL3267,Cc1nc(N)nc(N2C[C@@H](O)C[C@H]2c2nc3cccc(-c4cncnc4)c3c(=O)n2-c2ccccc2)c1C#N,6.39,0.0,1
CHEMBL3267,Cc1nc(N)nc(N2C[C@@H](O)C[C@H]2c2nc3cccc(-c4cnn(C)c4)c3c(=O)n2-c2ccccc2)c1C#N,7.32,0.0,1
CHEMBL3267,Cc1nc(N)nc(N2C[C@@H](O)C[C@H]2c2nc3cccc(-c4cnn(CCO)c4)c3c(=O)n2-c2ccccc2)c1C#N,7.68,0.0,1
CHEMBL3267,Cc1nc(N)nc(N[C@@H](C)c2c(-c3ccccc3)c(=O)n3cc(F)ccc3c2-c2ccc(F)cc2)c1C#N,7.05,0.0,1
CHEMBL3267,Cc1nc(N)nc(N[C@@H](C)c2nc3cccc(Cl)c3c(=O)n2CCCN(C)Cc2ccccc2)c1C#N,5.18,0.0,1
CHEMBL3267,Cc1nc(N)nc(N[C@@H](C)c2nc3cccc(NCc4ccc(C(=O)NO)cc4)c3c(=O)n2-c2ccccc2)c1C#N,8.7,0.0,1
CHEMBL3267,Cc1nc(N)nc(N[C@H](c2nc3cccc(Cl)c3c(=O)n2-c2cc[nH]n2)C2CC2)c1C#N,6.57,0.0,1
CHEMBL3267,Cc1nc(N)nc(N[C@H](c2nc3cccc(Cl)c3c(=O)n2CCCN)C2CC2)c1C#N,6.12,0.0,1
CHEMBL3267,Cc1nc(N)ncc1-c1nc(N2CCOCC2)c2sc(C(C)(C)O)cc2n1,7.82,0.0,1
CHEMBL3267,Cc1nc(N)ncc1-c1nc(N2CCOCC2)c2sc(CN3CCN(S(C)(=O)=O)CC3)cc2n1,8.28,0.0,1
CHEMBL3267,Cc1nc(N)sc1-c1cnc(C(C)(C)C)o1,7.09,0.0,1
CHEMBL3267,Cc1nc(N)sc1-c1nc(C(C)(C)C)no1,7.17,0.0,1
CHEMBL3267,Cc1nc(NC(=O)C(C)(C)N)sc1-c1cnc(Cl)c(NS(=O)(=O)c2ccccc2)c1,7.51,0.0,1
CHEMBL3267,Cc1nc(NC(=O)C(N)C2CC2)sc1-c1cnc(Cl)c(NS(=O)(=O)c2ccccc2)c1,5.58,0.0,1
CHEMBL3267,Cc1nc(NC(=O)C2(N)CC2)sc1-c1cnc(Cl)c(NS(=O)(=O)c2ccccc2)c1,6.15,0.0,1
CHEMBL3267,Cc1nc(NC(=O)CN)sc1-c1ccc(Cl)c(NS(=O)(=O)c2ccccc2)c1,5.92,0.0,1
CHEMBL3267,Cc1nc(NC(=O)CN)sc1-c1cnc(Cl)c(NS(=O)(=O)c2ccccc2)c1,7.55,0.0,1
CHEMBL3267,Cc1nc(NC(=O)CN)sc1-c1cnc(O)c(NS(=O)(=O)c2ccccc2)c1,6.63,0.0,1
CHEMBL3267,Cc1nc(NC(=O)CN)sc1-c1cncc(NS(=O)(=O)c2ccccc2)c1,5.8,0.0,1
CHEMBL3267,Cc1nc(NC(=O)N2CCCC2)sc1-c1ccnc(C(C)(C)C)c1,6.03,0.0,1
CHEMBL3267,Cc1nc(NC(=O)N2CCC[C@H]2C(N)=O)sc1-c1ccnc(C(C)(C)C(F)(F)F)c1,6.816666666666666,0.19857828011475295,3
CHEMBL3267,Cc1nc(NC(=O)N2CCC[C@H]2C(N)=O)sc1-c1ccnc(C(C)(C)C)c1,6.37,0.0,1
CHEMBL3267,Cc1nc(NC(=O)N2CCC[C@H]2C(N)=O)sc1-c1ccnc(C(C)(C)C)n1,6.66,0.02828427124746224,2
CHEMBL3267,Cc1nc(NC(=O)N2CCC[C@H]2C(N)=O)sc1-c1ccnc(C(C)C)n1,5.85,0.0,1
CHEMBL3267,Cc1nc(NC(=O)N2CCC[C@H]2C(N)=O)sc1-c1ccnc(C2(C#N)CC2)c1,5.96,0.0,1
CHEMBL3267,Cc1nc(NC(=O)N2CCC[C@H]2C(N)=O)sc1-c1ccnc(C2(C)CC2)n1,6.16,0.0,1
CHEMBL3267,Cc1nc(NC(=O)N2CCC[C@H]2C(N)=O)sc1-c1ccnc(C2CCC2)n1,6.21,0.0,1
CHEMBL3267,Cc1nc(NC(=O)N2CCC[C@H]2C(N)=O)sc1-c1csc(-c2cccnc2)n1,5.52,0.0,1
CHEMBL3267,Cc1nc(NC(=O)N2CCC[C@H]2C(N)=O)sc1-c1csc(C(C)(C)C)n1,5.1,0.0,1
CHEMBL3267,Cc1nc(NC(=O)N2CCC[C@H]2C(N)=O)sc1-c1csc(C2(C(F)(F)F)CC2)n1,5.54,0.0,1
CHEMBL3267,Cc1nc(NC(=O)N2CCC[C@H]2C(N)=O)sc1-c1csc(C2CCC2)n1,5.21,0.0,1
CHEMBL3267,Cc1nc(NC(=O)N2CCC[C@H]2C(N)=O)sc1-c1csc(CC2CC2)n1,5.2,0.0,1
CHEMBL3267,Cc1nc(NC(=O)N2CC[C@@H](C)[C@H]2C(N)=O)sc1-c1ccnc(C(C)(C)C(F)(F)F)c1,6.64,0.0,1
CHEMBL3267,Cc1nc(NC(=O)N2CC[C@@H](C)[C@H]2C(N)=O)sc1-c1csc(C2(C(F)(F)F)CC2)n1,5.6,0.0,1
CHEMBL3267,Cc1nc(NC(=O)N2CC[C@@H](O)[C@H]2C(N)=O)sc1-c1csc(C2(C(F)(F)F)CC2)n1,5.3,0.0,1
CHEMBL3267,Cc1nc(NC(=O)N2CC[C@H]2C(N)=O)sc1-c1ccnc(C(C)(C)C)n1,6.5,0.0,1
CHEMBL3267,Cc1nc(NC(=O)N2C[C@H](F)C[C@H]2C(N)=O)sc1-c1csc(C(C)(C)C)n1,5.08,0.0,1
CHEMBL3267,Cc1nc(NC(=O)N2C[C@H](NC(=O)c3ccc(C(=O)NO)cn3)C[C@H]2C(N)=O)sc1-c1ccnc(C(C)(C)C(F)(F)F)c1,6.5,0.0,1
CHEMBL3267,Cc1nc(NC(=O)N2C[C@H](NS(=O)(=O)Cc3ccc(C(=O)NO)cc3)C[C@H]2C(N)=O)sc1-c1ccnc(C(C)(C)C(F)(F)F)c1,6.54,0.0,1
CHEMBL3267,Cc1nc(NC(=O)N2C[C@H](O)C[C@H]2C(N)=O)sc1-c1csc(C(C)(C)C)n1,5.1,0.0,1
CHEMBL3267,Cc1nc(NC(=O)[C@@H](C)N)sc1-c1cncc(NS(=O)(=O)c2ccccc2)c1,7.33,0.0,1
CHEMBL3267,Cc1nc(NC(=O)[C@@H](N)C(C)C)sc1-c1cnc(Cl)c(NS(=O)(=O)c2c(F)cccc2F)c1,6.93,0.0,1
CHEMBL3267,Cc1nc(NC(=O)[C@@H](N)C(C)C)sc1-c1cnc(Cl)c(NS(=O)(=O)c2cc(Cl)ccc2Cl)c1,7.12,0.0,1
CHEMBL3267,Cc1nc(NC(=O)[C@@H](N)C(C)C)sc1-c1cnc(Cl)c(NS(=O)(=O)c2ccc(-c3ccccc3)cc2)c1,5.8,0.0,1
CHEMBL3267,Cc1nc(NC(=O)[C@@H](N)C(C)C)sc1-c1cnc(Cl)c(NS(=O)(=O)c2ccc(C(C)(C)C)cc2)c1,5.72,0.0,1
CHEMBL3267,Cc1nc(NC(=O)[C@@H](N)C(C)C)sc1-c1cnc(Cl)c(NS(=O)(=O)c2ccc(C(C)C)cc2)c1,6.22,0.0,1
CHEMBL3267,Cc1nc(NC(=O)[C@@H](N)C(C)C)sc1-c1cnc(Cl)c(NS(=O)(=O)c2ccc(C(F)(F)F)cc2)c1,6.59,0.0,1
CHEMBL3267,Cc1nc(NC(=O)[C@@H](N)C(C)C)sc1-c1cnc(Cl)c(NS(=O)(=O)c2ccc(Cl)c(Cl)c2)c1,6.77,0.0,1
CHEMBL3267,Cc1nc(NC(=O)[C@@H](N)C(C)C)sc1-c1cnc(Cl)c(NS(=O)(=O)c2ccc(Cl)cc2)c1,6.84,0.0,1
CHEMBL3267,Cc1nc(NC(=O)[C@@H](N)C(C)C)sc1-c1cnc(Cl)c(NS(=O)(=O)c2ccc(Cl)cc2Cl)c1,6.85,0.0,1
CHEMBL3267,Cc1nc(NC(=O)[C@@H](N)C(C)C)sc1-c1cnc(Cl)c(NS(=O)(=O)c2cccc(Cl)c2)c1,6.22,0.0,1
CHEMBL3267,Cc1nc(NC(=O)[C@@H](N)C(C)C)sc1-c1cnc(Cl)c(NS(=O)(=O)c2cccc(Cl)c2Cl)c1,7.19,0.0,1
CHEMBL3267,Cc1nc(NC(=O)[C@@H](N)C(C)C)sc1-c1cnc(Cl)c(NS(=O)(=O)c2ccccc2)c1,6.92,0.0,1
CHEMBL3267,Cc1nc(NC(=O)[C@@H](N)C(C)C)sc1-c1cnc(Cl)c(NS(=O)(=O)c2ccccc2Cl)c1,6.96,0.0,1
CHEMBL3267,Cc1nc(NC(=O)[C@@H](N)CC(C)C)sc1-c1cnc(Cl)c(NS(=O)(=O)c2ccccc2)c1,6.34,0.0,1
CHEMBL3267,Cc1nc(NC(=O)[C@@H](N)CO)sc1-c1cnc(Cl)c(NS(=O)(=O)c2ccccc2)c1,7.39,0.0,1
CHEMBL3267,Cc1nc(NC(=O)[C@@H](N)Cc2ccccc2)sc1-c1cnc(Cl)c(NS(=O)(=O)c2ccccc2)c1,6.45,0.0,1
CHEMBL3267,Cc1nc(NC(=O)[C@@H](N)[C@@H](C)O)sc1-c1cnc(Cl)c(NS(=O)(=O)c2ccccc2)c1,6.12,0.0,1
CHEMBL3267,Cc1nc(NC(=O)[C@H](C)N)sc1-c1cncc(NS(=O)(=O)c2ccccc2)c1,7.21,0.0,1
CHEMBL3267,Cc1nc(NC(=O)[C@H](N)C(C)C)sc1-c1cnc(Cl)c(NS(=O)(=O)c2ccccc2)c1,5.99,0.0,1
CHEMBL3267,Cc1nc(NCC#N)nc(-n2c(Nc3cc[nH]n3)nc3ccccc32)n1,5.44,0.0,1
CHEMBL3267,Cc1nc(NCCC#N)nc(-n2c(Nc3cc[nH]n3)nc3ccccc32)n1,5.21,0.0,1
CHEMBL3267,Cc1nc(Nc2cccc(-c3nc(C)n(C)n3)n2)sc1-c1cc2c(c(S(C)(=O)=O)c1)C(=O)N([C@@H](C)C1CC1)C2,9.0,0.0,1
CHEMBL3267,Cc1nc(Nc2cccc(-c3ocnc3CO)n2)sc1-c1cc2c(c(S(C)(=O)=O)c1)C(=O)N([C@@H](C)C1CC1)C2,9.2,0.0,1
CHEMBL3267,Cc1nc2c(-c3cnc(N)nc3)nc(N3CCOCC3)nc2n1C(C)C,7.6433333333333335,0.14011899704655775,3
CHEMBL3267,Cc1nc2c(-c3nnc[nH]3)cc(-c3ccnc(C#N)c3)cc2n1-c1ccnc2c(F)ccc(F)c12,5.18,0.0,1
CHEMBL3267,Cc1nc2c(-c3nnc[nH]3)cc(-c3ccnc(C(F)F)c3)cc2n1-c1ccnc2c(F)ccc(F)c12,5.03,0.0,1
CHEMBL3267,Cc1nc2c(-c3nnc[nH]3)cc(-c3ccnc(Cl)c3)cc2n1-c1ccnc2c(F)ccc(F)c12,5.2,0.0,1
CHEMBL3267,Cc1nc2c(-c3nnc[nH]3)cc(-c3ccnc(N)c3F)cc2n1-c1ccnc2c(F)ccc(F)c12,5.375,0.007071067811865324,2
CHEMBL3267,Cc1nc2c(N)cc(N3CCOCC3)nn2c1Cc1cccc(F)c1C1CCNCC1,5.7,0.0,1
CHEMBL3267,Cc1nc2cc([C@H](C)Nc3ncnc(N)c3C#N)c(-c3ccccc3)nn2c1Cl,5.62,0.0,1
CHEMBL3267,Cc1nc2ccccc2c(N2CC(C)(C)c3ccc(N4CCOCC4)cc32)c1C,4.75,0.0,1
CHEMBL3267,Cc1nc2cnc3ccc(-c4cnc5[nH]ccc5c4)cc3c2n1-c1ccc(C(C)(C)C#N)nc1,7.7,0.8485281374238578,2
CHEMBL3267,Cc1nc2cnc3ccc(C#Cc4cccnc4)cc3c2n1-c1ccc(C(C)C#N)cc1,6.93,0.0,1
CHEMBL3267,Cc1nc2sc1-c1cc3c(c(c1)S(=O)(=O)NCCCCCNC(=O)c1cccc(n1)N2)C(=O)N([C@@H](C)C1CC1)C3,8.9,0.0,1
CHEMBL3267,Cc1nc2sc1-c1cc3c(c(c1)S(=O)(=O)NCCN(C)CCCNC(=O)c1cccc(n1)N2)C(=O)N([C@@H](C)C1CC1)C3,9.1,0.0,1
CHEMBL3267,Cc1nc2sc1-c1cc3c(c(c1)S(=O)(=O)NCCN(C)CCNC(=O)c1cccc(n1)N2)C(=O)N([C@@H](C)C1CC1)C3,8.8,0.0,1
CHEMBL3267,Cc1nc2sc1-c1cc3c(c(c1)S(=O)(=O)NCCOCCNC(=O)c1cccc(n1)N2)C(=O)N([C@@H](C)C1CC1)C3,8.6,0.0,1
CHEMBL3267,Cc1nc2sc1-c1cc3c(c(c1)S(=O)(=O)Nc1ccc(cc1)CN(C)CCCCNC(=O)c1cccc(n1)N2)C(=O)N([C@@H](C)C1CC1)C3,8.0,0.0,1
CHEMBL3267,Cc1nc2sc1-c1cc3c(c(c1)S(=O)(=O)Nc1ccc(cc1)CN(C)CCCNC(=O)c1cccc(n1)N2)C(=O)N([C@@H](C)C1CC1)C3,8.1,0.0,1
CHEMBL3267,Cc1ncc(-c2cc(-c3cc(S(=O)(=O)NC(CO)C(F)(F)F)ccc3C)cnc2N)o1,6.92,0.0,1
CHEMBL3267,Cc1ncc(-c2cc(-c3cc(S(=O)(=O)NC4CC(CO)C4)ccc3C)cnc2N)s1,6.77,0.0,1
CHEMBL3267,Cc1ncc(-c2cc(-c3cc(S(=O)(=O)NC4CC4)ccc3C)cnc2N)o1,7.14,0.0,1
CHEMBL3267,Cc1ncc(-c2cc(-c3cc(S(=O)(=O)NC4CC5(CC(O)C5)C4)ccc3C)cnc2N)s1,6.89,0.0,1
CHEMBL3267,Cc1ncc(-c2cc(-c3cc(S(=O)(=O)NC4CCC(O)(C(F)(F)F)C4)ccc3C)cnc2N)o1,7.31,0.0,1
CHEMBL3267,Cc1ncc(-c2cc(-c3cc(S(=O)(=O)NC4CCC(O)C4)ccc3C)cnc2N)o1,7.27,0.0848528137423861,2
CHEMBL3267,Cc1ncc(-c2cc(-c3cc(S(=O)(=O)NCC(C)(C)CO)ccc3C)cnc2N)o1,6.55,0.0,1
CHEMBL3267,Cc1ncc(-c2cc(-c3cc(S(=O)(=O)NCC(C)(C)CO)ccc3C)cnc2N)s1,7.42,0.0,1
CHEMBL3267,Cc1ncc(-c2cc(-c3cc(S(=O)(=O)NCC(C)(C)O)ccc3C)cnc2N)o1,7.42,0.02828427124746224,2
CHEMBL3267,Cc1ncc(-c2cc(-c3cc(S(=O)(=O)NCC(C)(C)O)ccc3C)cnc2N)s1,7.92,0.0,1
CHEMBL3267,Cc1ncc(-c2cc(-c3cc(S(=O)(=O)NCC(C)O)ccc3C)cnc2N)o1,7.52,0.0,1
CHEMBL3267,Cc1ncc(-c2cc(-c3cc(S(=O)(=O)NCC(F)(F)F)ccc3C)cnc2N)o1,7.04,0.0,1
CHEMBL3267,Cc1ncc(-c2cc(-c3cc(S(=O)(=O)NCC(F)F)ccc3C)cnc2N)o1,7.32,0.0,1
CHEMBL3267,Cc1ncc(-c2cc(-c3cc(S(=O)(=O)NCC4(C)COC4)ccc3C)cnc2N)o1,7.47,0.0,1
CHEMBL3267,Cc1ncc(-c2cc(-c3cc(S(=O)(=O)NCC4(CO)CCOCC4)ccc3C)cnc2N)o1,6.96,0.0,1
CHEMBL3267,Cc1ncc(-c2cc(-c3cc(S(=O)(=O)NCC4(CO)COC4)ccc3C)cnc2N)o1,8.05,0.0,1
CHEMBL3267,Cc1ncc(-c2cc(-c3cc(S(=O)(=O)NCC4(CO)COC4)ccc3C)cnc2N)s1,7.64,0.0,1
CHEMBL3267,Cc1ncc(-c2cc(-c3cc(S(=O)(=O)NCC4(O)CC4)ccc3C)cnc2N)o1,7.11,0.0,1
CHEMBL3267,Cc1ncc(-c2cc(-c3cc(S(=O)(=O)NCC4(O)CCOCC4)ccc3C)cnc2N)o1,6.92,0.0,1
CHEMBL3267,Cc1ncc(-c2cc(-c3cc(S(=O)(=O)NCC4(O)COC4)ccc3C)cnc2N)o1,7.89,0.0,1
CHEMBL3267,Cc1ncc(-c2cc(-c3cc(S(=O)(=O)NCC4CC(O)C4)ccc3C)cnc2N)o1,6.92,0.0,1
CHEMBL3267,Cc1ncc(-c2cc(-c3cc(S(=O)(=O)NCC4CC4)ccc3C)cnc2N)o1,7.16,0.0,1
CHEMBL3267,Cc1ncc(-c2cc(-c3cc(S(=O)(=O)NCC4CCCOC4)ccc3C)cnc2N)o1,7.25,0.0,1
CHEMBL3267,Cc1ncc(-c2cc(-c3cc(S(=O)(=O)NCC4COC4)ccc3C)cnc2N)o1,7.06,0.0,1
CHEMBL3267,Cc1ncc(-c2cc(-c3cc(S(=O)(=O)NCC4COC4)ccc3C)cnc2N)s1,7.41,0.0,1
CHEMBL3267,Cc1ncc(-c2cc(-c3cc(S(=O)(=O)NCCC(C)(C)O)ccc3C)cnc2N)o1,7.8,0.0,1
CHEMBL3267,Cc1ncc(-c2cc(-c3cc(S(=O)(=O)NCCC(C)(C)O)ccc3C)cnc2N)s1,7.96,0.0,1
CHEMBL3267,Cc1ncc(-c2cc(-c3cc(S(=O)(=O)NCCCO)ccc3C)cnc2N)o1,7.04,0.0,1
CHEMBL3267,Cc1ncc(-c2cc(-c3cc(S(=O)(=O)NCCCO)ccc3C)cnc2N)s1,7.85,0.0,1
CHEMBL3267,Cc1ncc(-c2cc(-c3cc(S(=O)(=O)NCCO)ccc3C)cnc2N)o1,6.64,0.0,1
CHEMBL3267,Cc1ncc(-c2cc(-c3cc(S(=O)(=O)NCCO)ccc3C)cnc2N)s1,7.07,0.0,1
CHEMBL3267,Cc1ncc(-c2cc(-c3cc(S(=O)(=O)NOCC(C)(C)O)ccc3C)cnc2N)o1,7.62,0.0,1
CHEMBL3267,Cc1ncc(-c2cc(-c3cc(S(=O)(=O)N[C@H]4CCC[C@H](O)C4)ccc3C)cnc2N)o1,7.42,0.0,1
CHEMBL3267,Cc1ncc(-c2cc(-c3cc(S(=O)(=O)N[C@H]4CC[C@H](CO)CC4)ccc3C)cnc2N)o1,8.15,0.0,1
CHEMBL3267,Cc1ncc(-c2cc(-c3cc(S(=O)(=O)N[C@H]4CC[C@H](O)CC4)ccc3C)cnc2N)o1,7.82,0.0,1
CHEMBL3267,Cc1ncc(-c2cc(-c3cc(S(=O)(=O)N[C@H]4CC[C@H](O)CC4)ccc3C)cnc2N)s1,7.92,0.0,1
CHEMBL3267,Cc1ncc(-c2cc(-c3cc(S(=O)(=O)N[C@H]4C[C@@H](O)C4)ccc3C)cnc2N)o1,7.39,0.0,1
CHEMBL3267,Cc1ncc(-c2cc(-c3cc(S(=O)(=O)N[C@H]4C[C@H](O)C4)ccc3C)cnc2N)o1,7.42,0.0,1
CHEMBL3267,Cc1ncc(-c2cc(-c3cc(S(N)(=O)=O)ccc3C)cnc2N)o1,7.02,0.0,1
CHEMBL3267,Cc1ncc(-c2cc(-c3cc(S(N)(=O)=O)ccc3C)cnc2N)s1,7.22,0.0,1
CHEMBL3267,Cc1ncc(-c2cc(O[C@@H]3CCN(C(=O)C4CC4)C3)cc3c2CNC3=O)cc1NS(C)(=O)=O,5.52,0.0,1
CHEMBL3267,Cc1ncc(-c2cccc3nc([C@@H]4CCCN4c4nc(N)nc(C)c4C#N)n(-c4ccccc4)c(=O)c23)cn1,6.41,0.0,1
CHEMBL3267,Cc1ncc(-c2cncc(-c3cc(S(=O)(=O)NCCCO)ccc3C)n2)s1,7.66,0.0,1
CHEMBL3267,Cc1ncc(-c2cncc(-c3cc(S(=O)(=O)N[C@H]4CC[C@H](O)CC4)ccc3C)n2)s1,7.82,0.0,1
CHEMBL3267,Cc1ncc(-c2nc(-c3cc(S(=O)(=O)NC4CCC(F)(F)CC4)ccc3C)cnc2N)s1,7.58,0.0,1
CHEMBL3267,Cc1ncc(-c2nc(-c3cc(S(=O)(=O)NCC(C)(C)O)ccc3C)cnc2N)s1,8.22,0.0,1
CHEMBL3267,Cc1ncc(-c2nc(-c3cc(S(=O)(=O)NCCC(C)(C)O)ccc3C)cnc2N)s1,8.05,0.0,1
CHEMBL3267,Cc1ncc(-c2nc(-c3cc(S(=O)(=O)NCCCO)ccc3C)cnc2N)s1,7.89,0.0,1
CHEMBL3267,Cc1ncc(-c2nc(-c3cc(S(=O)(=O)NCCO)ccc3C)cnc2N)s1,7.85,0.0,1
CHEMBL3267,Cc1ncc(-c2nc(-c3cc(S(=O)(=O)N[C@H]4CC[C@H](O)CC4)ccc3C)cnc2N)s1,7.85,0.0,1
CHEMBL3267,Cc1ncc(C#Cc2cccc3cc([C@H](C)NC(=O)c4c(N)nn5cccnc45)n(-c4ccccc4)c(=O)c23)n1C,5.609999999999999,0.1272792206135787,2
CHEMBL3267,Cc1ncc(C#Cc2cccc3cc([C@H](C)NC(=O)c4c(N)nn5cccnc45)n(-c4ccccc4)c(=O)c23)s1,5.609999999999999,0.1272792206135787,2
CHEMBL3267,Cc1nccc(-c2cc(-c3nnc[nH]3)c3nc(C)n(-c4ccnc5c(F)ccc(F)c45)c3c2)n1,5.57,0.0,1
CHEMBL3267,Cc1ncccc1-n1c([C@H](C)Nc2nc(N)nc(N)c2C#N)nc2cccc(Cl)c2c1=O,6.495,0.43133513652379357,2
CHEMBL3267,Cc1ncccc1C#Cc1cccc2cc([C@H](C)NC(=O)c3c(N)nn4cccnc34)n(-c3ccccc3)c(=O)c12,5.609999999999999,0.1272792206135787,2
CHEMBL3267,Cc1ncsc1C#Cc1cccc2cc([C@H](C)NC(=O)c3c(N)nn4cccnc34)n(-c3ccccc3)c(=O)c12,5.609999999999999,0.1272792206135787,2
CHEMBL3267,Cc1nn(-c2ccccc2)nc1Cn1nc(-c2ccc(F)c(O)c2)c2c(N)ncnc21,5.97,0.0,1
CHEMBL3267,Cc1nn(C(C)c2nn(-c3ccc(C(N)=O)cc3)c3cc(Cl)ccc23)c2ncnc(N)c12,5.11,0.0,1
CHEMBL3267,Cc1nn(C(C)c2nn(-c3cccc(C(N)=O)c3)c3cc(Cl)ccc23)c2ncnc(N)c12,5.05,0.0,1
CHEMBL3267,Cc1nn(C(C)c2nn(-c3cccc(S(C)(=O)=O)c3)c3cc(Cl)ccc23)c2ncnc(N)c12,5.79,0.0,1
CHEMBL3267,Cc1nn(C)c(C)c1-c1ccc2c(c1)N(c1nc3c(s1)C(=O)NC(C)(C)C3)CCO2,6.49,0.0,1
CHEMBL3267,Cc1nn(C)c(C)c1C#Cc1cccc2cc([C@H](C)NC(=O)c3c(N)nn4cccnc34)n(-c3ccccc3)c(=O)c12,5.609999999999999,0.1272792206135787,2
CHEMBL3267,Cc1nn(C)cc1-c1cc(N2CCOCC2)c2nc(C(=O)N3CCC(N4CCOCC4)CC3)[nH]c2n1,5.52,0.0,1
CHEMBL3267,Cc1nn(C)cc1-c1ccc2c(c1)N(c1nc3c(s1)C(=O)NC(C)(C)C3)CCO2,7.75,0.0,1
CHEMBL3267,Cc1nn(C)cc1-c1nc(N2CCOCC2)c2nc(C(=O)N3CCC(N4CCOCC4)CC3)[nH]c2n1,5.68,0.0,1
CHEMBL3267,Cc1nn(C)cc1-c1nc(N2CCOCC2)c2nc(C(=O)N3CCN(C(C)(C)C(N)=O)CC3)[nH]c2n1,5.18,0.0,1
CHEMBL3267,Cc1nn(C)cc1-c1nc2[nH]c(C(=O)N3CCC(N(C)C)CC3)nc2c(N2CCOCC2)c1F,6.02,0.0,1
CHEMBL3267,Cc1nn(C)cc1-c1nc2[nH]c(C(=O)N3CCC(O)CC3)nc2c(N2CCOCC2)c1F,5.07,0.0,1
CHEMBL3267,Cc1nn(C)cc1C#Cc1cccc2cc([C@H](C)NC(=O)c3c(N)nn4cccnc34)n(-c3ccccc3)c(=O)c12,5.609999999999999,0.1272792206135787,2
CHEMBL3267,Cc1nn(CC(C)(C)O)c(C)c1-c1ccc2c(c1)N(c1nc3c(s1)C(=O)NC(C)(C)C3)CCO2,6.59,0.0,1
CHEMBL3267,Cc1nn(CCCN)cc1-c1ccc2c(c1)N(c1nc3c(s1)C(=O)NC(C)(C)C3)CCO2,7.29,0.0,1
CHEMBL3267,Cc1nn([C@@H](C)c2nn(-c3ccncc3)c3cc(Cl)ccc23)c2ncnc(N)c12,5.07,0.0,1
CHEMBL3267,Cc1nn2c(=O)cc(N3CCOC(C)C3)nc2n1Cc1cccc(Cl)c1Cl,6.0,0.7937253933193772,3
CHEMBL3267,Cc1nn2c(=O)cc(N3CCOCC3)nc2n1Cc1cccc(Cl)c1Cl,6.3,0.0,1
CHEMBL3267,Cc1nn2c(NCCO)cc(C3CCOCC3)nc2c1Cc1cccc(C(F)(F)F)c1C,5.3,0.0,1
CHEMBL3267,Cc1nn2c(O)cc(C3CCOCC3)nc2c1Cc1cccc(C(F)(F)F)c1C,5.6,0.0,1
CHEMBL3267,Cc1nn2c(O)cc(N3CCOC(C)C3)nc2c1Cc1cccc(C(F)(F)F)c1C,6.4,0.0,1
CHEMBL3267,Cc1nn2c(O)cc(N3CCOCC3)nc2c1Cc1cccc(C(F)(F)F)c1C,6.5,0.0,1
CHEMBL3267,Cc1nn2c(O)cc(N3CCOCC3)nc2c1Cc1cccc2ccccc12,6.2,0.0,1
CHEMBL3267,Cc1nn2c(O)cc(N3CCOCC3=O)nc2c1Cc1cccc(C(F)(F)F)c1C,5.5,0.0,1
CHEMBL3267,Cc1nn2ccc(C3CCOCC3)nc2c1Cc1cccc(C(F)(F)F)c1C,5.7,0.0,1
CHEMBL3267,Cc1nn2cccnc2c1C#N,3.11,0.0,1
CHEMBL3267,Cc1nnc(-c2c(N)ncnc2N[C@@H](C)c2cc3cccc(-c4cnn(C)c4)c3c(=O)n2-c2ccccc2)o1,6.62,0.0,1
CHEMBL3267,Cc1nnc(-c2c(N)ncnc2N[C@@H](C)c2cc3cccc(-c4cnn(C)c4)c3c(=O)n2C2CC2)o1,6.49,0.0,1
CHEMBL3267,Cc1nnc(-c2c(N)ncnc2N[C@@H](C)c2cc3cccc(Cl)c3c(=O)n2-c2ccccc2)o1,6.59,0.0,1
CHEMBL3267,Cc1nnc(-c2c(N)ncnc2N[C@@H](C)c2cc3cccc(Cl)c3c(=O)n2C2CC2)o1,6.41,0.0,1
CHEMBL3267,Cc1nnc(-c2c(N)ncnc2N[C@@H](C)c2cc3ncc(Cl)n3nc2-c2ccccc2)o1,7.01,0.0,1
CHEMBL3267,Cc1nnc(-c2c(N)ncnc2N[C@@H](C)c2nc3cccc(Cl)c3c(=O)n2-c2ccccc2)o1,6.95,0.0,1
CHEMBL3267,Cc1nnc(-c2cc(-c3cc(S(=O)(=O)NCC(C)(C)O)ccc3C)cnc2N)o1,7.18,0.0,1
CHEMBL3267,Cc1nnc(-c2cc(-c3cc(S(=O)(=O)NCC(C)(C)O)ccc3C)cnc2N)s1,7.26,0.0,1
CHEMBL3267,Cc1nnc(-c2cc(-c3cc(S(=O)(=O)NCCC(C)(C)O)ccc3C)cnc2N)o1,7.96,0.0,1
CHEMBL3267,Cc1nnc(-c2cc(-c3cc(S(=O)(=O)NCCC(C)(C)O)ccc3C)cnc2N)s1,8.03,0.0,1
CHEMBL3267,Cc1nnc(C#Cc2cccc3cc([C@H](C)NC(=O)c4c(N)nn5cccnc45)n(-c4ccccc4)c(=O)c23)s1,5.609999999999999,0.1272792206135787,2
CHEMBL3267,Cc1nnc(NS(=O)(=O)c2ccc(NCc3cc(C(=O)O)cc(-c4ccc5c(c4)OCCO5)c3)cc2)s1,8.7,0.0,1
CHEMBL3267,Cc1nnc(NS(=O)(=O)c2ccc(NCc3cc(C(=O)O)cc(-c4ccc5c(c4)OCO5)c3)cc2)s1,8.4,0.0,1
CHEMBL3267,Cc1nnc2n1[C@H]1CCN(Cc3cc4nc(-c5cccc(O)c5)nc(N5CCOCC5)c4s3)C[C@@H]1CC2,6.3,0.0,1
CHEMBL3267,Cc1nnc2n1[C@H]1CCN(Cc3cc4nc(-c5cccc6[nH]ccc56)nc(N5CCOCC5)c4s3)C[C@@H]1CC2,6.1,0.0,1
CHEMBL3267,Cc1nnc2n1[C@H]1CCN(Cc3cc4nc(-c5cccc6[nH]ccc56)nc(N5CCOCC5)c4s3)C[C@H]1CC2,5.8,0.0,1
CHEMBL3267,Cc1nnc2n1[C@H]1CCN(Cc3cc4nc(-c5cccc6[nH]ncc56)nc(N5CCOCC5)c4s3)C[C@@H]1CC2,6.5,0.0,1
CHEMBL3267,Cc1nnc2n1[C@H]1CCN(Cc3cc4nc(-c5cccc6[nH]ncc56)nc(N5CCOCC5)c4s3)C[C@H]1CC2,5.9,0.0,1
CHEMBL3267,Cc1nncn1C1CCN(Cc2cc3nc(-c4cccc(O)c4)nc(N4CCOCC4)c3s2)CC1,6.7,0.0,1
CHEMBL3267,Cc1nncn1C1CCN(Cc2cc3nc(-c4cccc5[nH]ccc45)nc(N4CCOCC4)c3s2)CC1,5.7,0.0,1
CHEMBL3267,Cc1nncn1C1CCN(Cc2cc3nc(-c4cccc5[nH]ncc45)nc(N4CCOCC4)c3s2)CC1,6.0,0.0,1
CHEMBL3267,Cc1noc(-c2c(N)ncnc2N[C@@H](C)c2cc3cccc(-c4cnn(C)c4)c3c(=O)n2-c2ccccc2)n1,6.98,0.0,1
CHEMBL3267,Cc1noc(-c2c(N)ncnc2N[C@@H](C)c2cc3cccc(-c4cnn(C)c4)c3c(=O)n2C2CC2)n1,7.19,0.0,1
CHEMBL3267,Cc1noc(-c2c(N)ncnc2N[C@@H](C)c2cc3cccc(C#CCO)c3c(=O)n2C)n1,7.36,0.0,1
CHEMBL3267,Cc1noc(-c2c(N)ncnc2N[C@@H](C)c2cc3cccc(C#CCO)c3c(=O)n2C2CC2)n1,6.93,0.0,1
CHEMBL3267,Cc1noc(-c2c(N)ncnc2N[C@@H](C)c2cc3cccc(Cl)c3c(=O)n2-c2ccccc2)n1,7.13,0.0,1
CHEMBL3267,Cc1noc(-c2c(N)ncnc2N[C@@H](C)c2cc3cccc(Cl)c3c(=O)n2C2CC2)n1,7.82,0.0,1
CHEMBL3267,Cc1noc(-c2c(N)ncnc2N[C@@H](C)c2cc3ncc(Cl)n3nc2-c2ccccc2)n1,6.69,0.0,1
CHEMBL3267,Cc1noc(-c2c(N)ncnc2N[C@@H](C)c2cc3nccn3nc2-c2ccccc2)n1,6.69,0.0,1
CHEMBL3267,Cc1noc(-c2c(N)ncnc2N[C@@H](C)c2nc3ccc(F)c(C#CCO)c3c(=O)n2-c2ccccc2)n1,6.46,0.0,1
CHEMBL3267,Cc1noc(-c2c(N)ncnc2N[C@@H](C)c2nc3cccc(C#CC(C)O)c3c(=O)n2-c2ccccc2)n1,6.29,0.0,1
CHEMBL3267,Cc1noc(-c2c(N)ncnc2N[C@@H](C)c2nc3cccc(C#CCO)c3c(=O)n2-c2ccccc2)n1,6.72,0.0,1
CHEMBL3267,Cc1noc(-c2c(N)ncnc2N[C@@H](C)c2nc3cccc(Cl)c3c(=O)n2-c2ccccc2)n1,7.43,0.0,1
CHEMBL3267,Cc1noc(-c2c(N)ncnc2N[C@@H](C)c2nc3cccc(Cl)c3c(=O)n2C2CC2)n1,6.58,0.0,1
CHEMBL3267,Cc1noc(-c2c(N)ncnc2N[C@@H](C)c2nc3cccc(F)c3c(=O)n2-c2ccccc2)n1,6.57,0.0,1
CHEMBL3267,Cc1noc(-c2cc(-c3cc(S(=O)(=O)N4CC(CO)C4)ccc3C)cnc2N)n1,6.39,0.0,1
CHEMBL3267,Cc1noc(-c2cc(-c3cc(S(=O)(=O)N4CC[C@H](O)C4)ccc3C)cnc2N)n1,6.16,0.0,1
CHEMBL3267,Cc1noc(-c2cc(-c3cc(S(=O)(=O)NC(CO)C4CCOC4)ccc3C)cnc2N)n1,6.92,0.0,1
CHEMBL3267,Cc1noc(-c2cc(-c3cc(S(=O)(=O)NC4CC(F)(F)C4)ccc3C)cnc2N)n1,7.0,0.0,1
CHEMBL3267,Cc1noc(-c2cc(-c3cc(S(=O)(=O)NC4CC(O)C4)ccc3C)cnc2N)n1,7.68,0.0,1
CHEMBL3267,Cc1noc(-c2cc(-c3cc(S(=O)(=O)NC4CC5(CC(O)C5)C4)ccc3C)cnc2N)n1,8.4,0.0,1
CHEMBL3267,Cc1noc(-c2cc(-c3cc(S(=O)(=O)NC4CCN(C(C)C)CC4)ccc3C)cnc2N)n1,5.26,0.0,1
CHEMBL3267,Cc1noc(-c2cc(-c3cc(S(=O)(=O)NC4CCOCC4)ccc3C)cnc2N)n1,7.05,0.0,1
CHEMBL3267,Cc1noc(-c2cc(-c3cc(S(=O)(=O)NCC(C)(C)CO)ccc3C)cnc2N)n1,6.96,0.0,1
CHEMBL3267,Cc1noc(-c2cc(-c3cc(S(=O)(=O)NCC(C)(C)O)c(C)cc3C)cnc2N)n1,7.62,0.0,1
CHEMBL3267,Cc1noc(-c2cc(-c3cc(S(=O)(=O)NCC(C)(C)O)c(C)cc3F)cnc2N)n1,6.52,0.0,1
CHEMBL3267,Cc1noc(-c2cc(-c3cc(S(=O)(=O)NCC(C)(C)O)c(Cl)cc3C)cnc2N)n1,7.82,0.0,1
CHEMBL3267,Cc1noc(-c2cc(-c3cc(S(=O)(=O)NCC(C)(C)O)c(F)cc3C)cnc2N)n1,7.7,0.0,1
CHEMBL3267,Cc1noc(-c2cc(-c3cc(S(=O)(=O)NCC(C)(C)O)ccc3C)cnc2N)n1,7.4,0.0,1
CHEMBL3267,Cc1noc(-c2cc(-c3cc(S(=O)(=O)NCC(C)(F)F)ccc3C)cnc2N)n1,6.6,0.0,1
CHEMBL3267,Cc1noc(-c2cc(-c3cc(S(=O)(=O)NCC(C)O)ccc3C)cnc2N)n1,7.39,0.0,1
CHEMBL3267,Cc1noc(-c2cc(-c3cc(S(=O)(=O)NCC4(C)COC4)ccc3C)cnc2N)n1,7.34,0.0,1
CHEMBL3267,Cc1noc(-c2cc(-c3cc(S(=O)(=O)NCC4(CO)CCC4)ccc3C)cnc2N)n1,6.55,0.0,1
CHEMBL3267,Cc1noc(-c2cc(-c3cc(S(=O)(=O)NCC4(CO)CCCC4)ccc3C)cnc2N)n1,7.2,0.0,1
CHEMBL3267,Cc1noc(-c2cc(-c3cc(S(=O)(=O)NCC4(CO)CCOCC4)ccc3C)cnc2N)n1,7.37,0.0,1
CHEMBL3267,Cc1noc(-c2cc(-c3cc(S(=O)(=O)NCC4(CO)COC4)ccc3C)cnc2N)n1,7.07,0.0,1
CHEMBL3267,Cc1noc(-c2cc(-c3cc(S(=O)(=O)NCC4(O)CC4)ccc3C)cnc2N)n1,6.92,0.0,1
CHEMBL3267,Cc1noc(-c2cc(-c3cc(S(=O)(=O)NCC4(O)CCC4)ccc3C)cnc2N)n1,7.11,0.0,1
CHEMBL3267,Cc1noc(-c2cc(-c3cc(S(=O)(=O)NCC4(O)CCOCC4)ccc3C)cnc2N)n1,7.21,0.0,1
CHEMBL3267,Cc1noc(-c2cc(-c3cc(S(=O)(=O)NCC4(O)COC4)ccc3C)cnc2N)n1,7.1,0.0,1
CHEMBL3267,Cc1noc(-c2cc(-c3cc(S(=O)(=O)NCC4CCCO4)ccc3C)cnc2N)n1,6.72,0.0,1
CHEMBL3267,Cc1noc(-c2cc(-c3cc(S(=O)(=O)NCC4CCOC4)ccc3C)cnc2N)n1,6.85,0.0,1
CHEMBL3267,Cc1noc(-c2cc(-c3cc(S(=O)(=O)NCCC(C)(C)O)ccc3C)cnc2N)n1,7.96,0.0,1
CHEMBL3267,Cc1noc(-c2cc(-c3cc(S(=O)(=O)NCCC(F)(F)F)ccc3C)cnc2N)n1,7.14,0.0,1
CHEMBL3267,Cc1noc(-c2cc(-c3cc(S(=O)(=O)NCCC4(O)CCCC4)ccc3C)cnc2N)n1,7.34,0.0,1
CHEMBL3267,Cc1noc(-c2cc(-c3cc(S(=O)(=O)NCCC4(O)CCCCC4)ccc3C)cnc2N)n1,6.16,0.0,1
CHEMBL3267,Cc1noc(-c2cc(-c3cc(S(=O)(=O)NCCN)ccc3C)cnc2N)n1,6.46,0.0,1
CHEMBL3267,Cc1noc(-c2cc(-c3cc(S(=O)(=O)NC[C@@H]4CCOC4)ccc3C)cnc2N)n1,6.85,0.0,1
CHEMBL3267,Cc1noc(-c2cc(-c3cc(S(=O)(=O)NC[C@H]4CCCO4)ccc3C)cnc2N)n1,7.75,0.0,1
CHEMBL3267,Cc1noc(-c2cc(-c3cc(S(=O)(=O)NC[C@H]4CCOC4)ccc3C)cnc2N)n1,7.19,0.0,1
CHEMBL3267,Cc1noc(-c2cc(-c3cc(S(=O)(=O)NOC(C)(C)C)ccc3C)cnc2N)n1,7.03,0.0,1
CHEMBL3267,Cc1noc(-c2cc(-c3cc(S(=O)(=O)NOC(C)C)ccc3C)cnc2N)n1,6.96,0.0,1
CHEMBL3267,Cc1noc(-c2cc(-c3cc(S(=O)(=O)NOCC(C)(C)O)ccc3C)cnc2N)n1,7.92,0.0,1
CHEMBL3267,Cc1noc(-c2cc(-c3cc(S(=O)(=O)NO[C@H]4C[C@H](O)C4)ccc3C)cnc2N)n1,8.1,0.0,1
CHEMBL3267,Cc1noc(-c2cc(-c3cc(S(=O)(=O)N[C@@H]4CCNC(=O)C4)ccc3C)cnc2N)n1,6.66,0.0,1
CHEMBL3267,Cc1noc(-c2cc(-c3cc(S(=O)(=O)N[C@H]4CC5(C[C@@H](O)C5)C4)ccc3C)cnc2N)n1,8.035,0.37476659402887097,2
CHEMBL3267,Cc1noc(-c2cc(-c3cc(S(=O)(=O)N[C@H]4CC[C@H](O)CC4)ccc3C)cnc2N)n1,8.1,0.0,1
CHEMBL3267,Cc1noc(-c2cc(-c3cc(S(=O)(=O)N[C@H]4C[C@@H](CO)C4)ccc3C)cnc2N)n1,7.16,0.0,1
CHEMBL3267,Cc1noc(-c2cc(-c3cc(S(=O)(=O)N[C@H]4C[C@@H](O)C4)ccc3C)cnc2N)n1,6.96,0.0,1
CHEMBL3267,Cc1noc(-c2cc(-c3cc(S(=O)(=O)N[C@H]4C[C@H](CO)C4)ccc3C)cnc2N)n1,7.42,0.0,1
CHEMBL3267,Cc1noc(-c2cc(-c3cc(S(N)(=O)=O)ccc3C)cnc2N)n1,7.12,0.0,1
CHEMBL3267,Cc1scnc1C#Cc1cccc2cc([C@H](C)NC(=O)c3c(N)nn4cccnc34)n(-c3ccccc3)c(=O)c12,5.609999999999999,0.1272792206135787,2
CHEMBL3267,Clc1ccc(-c2nn(-c3ccccc3)cc2/C=N/OCc2ccc(Cl)cc2Cl)cc1,5.03,0.0,1
CHEMBL3267,Clc1ccc(-c2nn(-c3ccccc3)cc2/C=N/OCc2ccccc2Cl)cc1,4.86,0.0,1
CHEMBL3267,Clc1ccc(Nc2nccc(-c3ccc(Br)cc3)n2)c(Cl)c1,6.64,0.0,1
CHEMBL3267,Clc1ccc(Nc2nccc(-c3ccc(Br)cc3)n2)cc1,6.52,0.0,1
CHEMBL3267,Clc1ccc(Nc2nccc(-c3ccc(Cl)c(Cl)c3)n2)c(Cl)c1,6.6,0.0,1
CHEMBL3267,Clc1ccc(Nc2nccc(-c3ccc(Cl)cc3Cl)n2)c(Cl)c1,6.57,0.0,1
CHEMBL3267,Clc1ccc2c(c1)-c1nc3cc(Cl)ccc3n1CCO2,4.61,0.0,1
CHEMBL3267,Clc1ccc2c(c1)nc1n2CCOc2ccc(Br)cc2-1,4.93,0.0,1
CHEMBL3267,Clc1cccc2c(-n3cnc4c(-c5nnc[nH]5)cc(-c5ccncc5)cc43)ccnc12,5.28,0.0,1
CHEMBL3267,Clc1cccc2c(-n3cnc4c(-c5nnc[nH]5)cc(N5CCOCC5)cc43)ccnc12,6.46,0.0,1
CHEMBL3267,Cn1c(=O)c2cc(S(=O)(=O)NC3CC3)ccc2n(C)c1=O,4.8,0.0,1
CHEMBL3267,Cn1c(=O)c2cc(S(N)(=O)=O)ccc2n(C)c1=O,4.76,0.0,1
CHEMBL3267,Cn1c(=O)n(-c2ccc(C(C)(C)C#N)cc2)c2c3cc(-c4cnc5ccccc5c4)ccc3ncc21,7.276666666666667,0.7155968053860976,12
CHEMBL3267,Cn1c(=O)n(-c2ccc(C(C)(C)C#N)cc2)c2c3cc(C#Cc4cccnc4)ccc3ncc21,6.42,0.0,1
CHEMBL3267,Cn1c(=O)n(-c2ccc(C(C)(C)C#N)cc2)c2c3ccccc3ncc21,5.7,0.0,1
CHEMBL3267,Cn1c(=O)n(C(C)(C)C#N)c2c3cc(-c4cnc5ccccc5c4)ccc3ncc21,8.3,0.0,1
CHEMBL3267,Cn1c(=O)n(C)c2ccc3ccc4ccc1c2c43,5.61,0.0,1
CHEMBL3267,Cn1c(=O)n(Cc2ccccc2)c(=O)c2c1nc(SCCO)n2Cc1ccccc1,4.6,0.0,1
CHEMBL3267,Cn1c(CC(=O)Nc2ccc(F)c(Cl)c2)nc(N2CCOCC2)cc1=O,5.08,0.0,1
CHEMBL3267,Cn1c2c(c3ccc(Cl)c(Cl)c31)C(C#N)C1(CCNCC1)NC2=O,5.51,0.0,1
CHEMBL3267,Cn1cc(-c2c(F)ccc3nc([C@@H]4CCCN4c4ncnc(N)c4C#N)n(-c4ccccc4)c(=O)c23)cn1,7.07,0.0,1
CHEMBL3267,Cn1cc(-c2c(F)ccc3nc([C@@H]4C[C@H](O)CN4c4ncnc(N)c4C#N)n(-c4ccccc4)c(=O)c23)cn1,6.12,0.0,1
CHEMBL3267,Cn1cc(-c2cc(N3CCOCC3)c3nc(C(=O)N4CCC5(CC4)COC5)[nH]c3n2)cn1,6.19,0.0,1
CHEMBL3267,Cn1cc(-c2ccc3c(c2)N(c2nc4c(s2)C(=O)CC(C)(C)C4)CCO3)cn1,7.28,0.0,1
CHEMBL3267,Cn1cc(-c2ccc3c(c2)N(c2nc4c(s2)C(=O)NC(C)(C)C4)CCO3)cn1,7.11,0.0,1
CHEMBL3267,Cn1cc(-c2ccc3nc(N)sc3c2)cn1,5.6,0.0,1
CHEMBL3267,Cn1cc(-c2ccc3ncc4c(c3c2)n(-c2ccc(C(C)(C)C#N)cc2)c(=O)n4C)cn1,6.9,0.0,1
CHEMBL3267,Cn1cc(-c2cccc3nc([C@@H]4CCCN4c4ncnc(N)c4C#N)n(-c4ccccc4)c(=O)c23)cn1,6.82,0.0,1
CHEMBL3267,Cn1cc(-c2nc(N3CCOCC3)c3nc(C(=O)N4CCC(C(C)(C)O)CC4)[nH]c3n2)cn1,6.23,0.0,1
CHEMBL3267,Cn1cc(-c2nc(N3CCOCC3)c3nc(C(=O)N4CCN(C(C)(C)C(N)=O)CC4)[nH]c3n2)cn1,6.6,0.0,1
CHEMBL3267,Cn1cc(-c2nc(N3CCOCC3)c3sc(CN4CCC(C(C)(C)O)CC4)cc3n2)c2cc[nH]c2c1=O,6.04,0.0,1
CHEMBL3267,Cn1cc(/C=C2\Oc3cc(O)cc(O)c3C2=O)c2ccccc21,5.16,0.0,1
CHEMBL3267,Cn1cc(C#Cc2cccc3cc(CNC(=O)c4c(N)nn5cccnc45)n(-c4ccccc4)c(=O)c23)cn1,5.609999999999999,0.1272792206135787,2
CHEMBL3267,Cn1ccc(-c2ccc3nc(N)sc3c2)n1,5.6,0.0,1
CHEMBL3267,Cn1ccc2cc(-c3nn(C4CCCC4)c4ncnc(N)c34)ccc21,4.51,0.0,1
CHEMBL3267,Cn1ccnc1-c1ccc2c(c1)N(c1nc3c(s1)C(=O)NC(C)(C)C3)CCO2,6.09,0.0,1
CHEMBL3267,Cn1cnc(N)c2ncnc1-2,4.22,0.0,1
CHEMBL3267,Cn1cnc2c(N3CCC[C@H]3c3nc4cccc(Cl)c4c(=O)n3-c3ccccc3)nc(N)nc21,6.52,0.0,1
CHEMBL3267,Cn1nc(-c2cc3ccccc3s2)c2c(N)ncnc21,5.8,0.0,1
CHEMBL3267,Cn1nc(-c2ccc(Br)c(O)c2)c2c(N)ncnc21,7.41,0.0,1
CHEMBL3267,Cn1nc(-c2ccc(OCc3ccccc3)cc2)c2c(N)ncnc21,4.0,0.0,1
CHEMBL3267,Cn1nc(-c2ccc3cc[nH]c3c2)c2c(N)ncnc21,5.75,0.0,1
CHEMBL3267,Cn1nc(-c2ccc3ccccc3c2)c2c(N)ncnc21,6.24,0.0,1
CHEMBL3267,Cn1nc(-c2ccc3ncccc3c2)c2c(N)ncnc21,6.66,0.0,1
CHEMBL3267,Cn1nc(-c2ccc3occc(=O)c3c2)c2c(N)ncnc21,5.52,0.0,1
CHEMBL3267,Cn1nc(-c2cccc(-c3ccccc3)c2)c2c(N)ncnc21,4.0,0.0,1
CHEMBL3267,Cn1nc(-c2cnc(N)c(-c3c[nH]c4ccccc34)n2)nc1C1(c2ccccc2)CC1,6.4,0.0,1
CHEMBL3267,Cn1nc(-c2cnc(N)c(-c3cc[nH]n3)n2)nc1C1(c2ccccc2)CC1,5.2,0.0,1
CHEMBL3267,Cn1nc(-c2cnc(N)c(-c3ccc(C(N)=O)c(F)c3)n2)nc1C1(c2ccccc2)CC1,5.8,0.0,1
CHEMBL3267,Cn1nc(-c2cnc(N)c(-c3ccc(C(N)=O)cc3)n2)nc1C1(c2ccccc2)CC1,6.0,0.0,1
CHEMBL3267,Cn1nc(-c2cnc(N)c(-c3ccc(F)nc3)n2)nc1C1(c2ccccc2)CC1,4.8,0.0,1
CHEMBL3267,Cn1nc(-c2cnc(N)c(-c3ccc(N)nc3)n2)nc1C1(c2ccccc2)CC1,5.2,0.0,1
CHEMBL3267,Cn1nc(-c2cnc(N)c(-c3cn[nH]c3)n2)nc1C1(c2ccccc2)CC1,5.6,0.0,1
CHEMBL3267,Cn1nc(-c2cnc(N)c(-c3cnn(C(N)=O)c3)n2)nc1C1(c2ccccc2)CC1,5.4,0.0,1
CHEMBL3267,Cn1nc(-c2cnc(N)c(-c3nnc(C(C)(C)C)o3)n2)nc1C1(c2ccccc2)CC1,6.6,0.0,1
CHEMBL3267,Cn1nc(-c2cnc(N)c(-n3cc(C(N)=O)cn3)n2)nc1C1(c2ccccc2)CC1,6.0,0.0,1
CHEMBL3267,Cn1nc(-c2cnc(N)c(-n3ccc(C(N)=O)n3)n2)nc1C1(c2ccccc2)CC1,5.2,0.0,1
CHEMBL3267,Cn1nc(-c2cnc(N)c(-n3cnc4ccccc43)n2)nc1C1(c2ccccc2)CC1,5.1,0.0,1
CHEMBL3267,Cn1nc(-c2cnc(N)c(-n3ncc4ccccc43)n2)nc1C1(c2ccccc2)CC1,5.6,0.0,1
CHEMBL3267,Cn1nc(-c2cnc(N)c(-n3nnc4ccccc43)n2)nc1C(C)(C)C1CCOCC1,6.4,0.0,1
CHEMBL3267,Cn1nc(-c2cnc(N)c(-n3nnc4ccccc43)n2)nc1C1(CO)CC1,6.3,0.0,1
CHEMBL3267,Cn1nc(-c2cnc(N)c(-n3nnc4ccccc43)n2)nc1C1(Cc2ccccc2)CC1,6.4,0.0,1
CHEMBL3267,Cn1nc(-c2cnc(N)c(-n3nnc4ccccc43)n2)nc1C1(N2CCOCC2)CC1,6.1,0.0,1
CHEMBL3267,Cn1nc(-c2cnc(N)c(-n3nnc4ccccc43)n2)nc1C1(S(C)(=O)=O)CC1,6.2,0.0,1
CHEMBL3267,Cn1nc(-c2cnc(N)c(-n3nnc4ccccc43)n2)nc1C1(c2ccccc2)CC1,6.3,0.0,1
CHEMBL3267,Cn1nc(-c2cnc(N)c(-n3nnc4ccccc43)n2)nc1CC1CCOCC1,6.5,0.0,1
CHEMBL3267,Cn1nc(-c2cnc(N)c(-n3nnc4ccccc43)n2)nc1CN1CCOCC1,6.4,0.0,1
CHEMBL3267,Cn1nc(-c2cnc(N)c(-n3nnc4ccccc43)n2)nc1Cc1ccccc1,6.5,0.0,1
CHEMBL3267,Cn1nc(-c2cnc3[nH]ccc3c2)c2c(N)ncnc21,6.19,0.0,1
CHEMBL3267,Cn1ncc(-c2ccc3c(c2)N(c2nc4c(s2)C(=O)NC(C)(C)C4)CCO3)c1N,7.16,0.0,1
CHEMBL3267,Cn1ncc2c(Oc3ccc(S(C)(=O)=O)cc3)cc(-c3cccc4[nH]ncc34)nc21,8.1,0.0,1
CHEMBL3267,Cn1nccc1-c1ccc2nc(N)sc2c1,5.6,0.0,1
CHEMBL3267,Cn1nccc1-n1c([C@@H]2CSCN2c2ncnc3[nH]cnc23)nc2cccc(Cl)c2c1=O,6.38,0.0,1
CHEMBL3267,Cn1nnc2c(N3CCOCC3)nc(-c3ccc(NC(=O)Nc4cccnc4)cc3)nc21,7.31,0.0,1
CHEMBL3267,Cn1nnc2c(N3CCOCC3)nc(-c3ccc(NC(=O)Nc4cccs4)cc3)nc21,7.66,0.0,1
CHEMBL3267,FC(F)(F)c1cc(Nc2nc3ccccc3s2)cc(C(F)(F)F)c1,5.26,0.0,1
CHEMBL3267,FC(F)(F)c1nnc2n1[C@H]1CCN(Cc3cc4nc(-c5cccc6[nH]ccc56)nc(N5CCOCC5)c4s3)C[C@@H]1CC2,6.4,0.0,1
CHEMBL3267,FC(F)(F)c1nnc2n1[C@H]1CCN(Cc3cc4nc(-c5cccc6[nH]ccc56)nc(N5CCOCC5)c4s3)C[C@H]1CC2,6.2,0.0,1
CHEMBL3267,FC(F)(F)c1nnc2n1[C@H]1CCN(Cc3cc4nc(-c5cccc6[nH]ncc56)nc(N5CCOCC5)c4s3)C[C@@H]1CC2,6.0,0.0,1
CHEMBL3267,FC(F)(F)c1nnc2n1[C@H]1CCN(Cc3cc4nc(-c5cccc6[nH]ncc56)nc(N5CCOCC5)c4s3)C[C@H]1CC2,6.1,0.0,1
CHEMBL3267,FC(F)(F)c1nncn1C1CCN(Cc2cc3nc(-c4cccc5[nH]ccc45)nc(N4CCOCC4)c3s2)CC1,5.5,0.0,1
CHEMBL3267,FC(F)(F)c1nncn1C1CCN(Cc2cc3nc(-c4cccc5[nH]ncc45)nc(N4CCOCC4)c3s2)CC1,6.1,0.0,1
CHEMBL3267,FC(F)Oc1cccc2c1nc(C(F)F)n2-c1nc(N2CCOCC2)nc(N2CCOCC2)n1,7.25,0.0,1
CHEMBL3267,FC(F)c1nc2ccccc2n1-c1nc(N2CCNCC2)nc(N2CCOCC2)n1,5.73,0.0,1
CHEMBL3267,FC(F)c1nc2ccccc2n1-c1nc(N2CCOCC2)nc(N2CCOCC2)n1,7.688333333333333,0.5261336965702409,6
CHEMBL3267,Fc1ccc(-c2nn(-c3ccccc3)cc2/C=N/OCc2ccc(Cl)cc2Cl)cc1,5.9,0.0,1
CHEMBL3267,Fc1ccc(-c2nn(-c3ccccc3)cc2/C=N/OCc2ccccc2Cl)cc1,5.51,0.0,1
CHEMBL3267,Fc1ccc(-c2nn(-c3ccccc3)cc2/C=N/OCc2ccccc2F)cc1,6.55,0.0,1
CHEMBL3267,Fc1ccc2c(c1)nc1n2CCOc2ccc(Br)cc2-1,4.55,0.0,1
CHEMBL3267,Fc1ccc2c(c1)nc1n2CCOc2ccc(Cl)cc2-1,4.66,0.0,1
CHEMBL3267,Fc1ccccc1CO/N=C/c1cn(-c2ccccc2)nc1-c1ccc(Cl)cc1,4.91,0.0,1
CHEMBL3267,Fc1ccccc1CO/N=C/c1cn(-c2ccccc2)nc1-c1ccccc1,5.18,0.0,1
CHEMBL3267,N#CCCCCn1c([C@@H](Nc2nc(N)nc(N)c2C#N)C2CC2)nc2cccc(Cl)c2c1=O,6.89,0.0,1
CHEMBL3267,N#CCCCCn1nc(-c2ccc(F)c(O)c2)c2c(N)ncnc21,6.35,0.0,1
CHEMBL3267,N#CCCCn1c([C@@H](Nc2nc(N)nc(N)c2C#N)C2CC2)nc2cccc(Cl)c2c1=O,7.23,0.0,1
CHEMBL3267,N#CCCCn1nc(-c2ccc(F)c(O)c2)c2c(N)ncnc21,6.3,0.0,1
CHEMBL3267,N#CCCN1CCN(Cc2cnc3oc4c(N5CCOCC5)nc(-c5cccc6[nH]ccc56)nc4c3c2)CC1,5.6,0.0,1
CHEMBL3267,N#CCCn1c([C@@H](Nc2nc(N)nc(N)c2C#N)C2CC2)nc2cccc(Cl)c2c1=O,7.21,0.0,1
CHEMBL3267,N#CCCn1c([C@@H](Nc2nc(N)nc(N)c2Cl)C2CC2)nc2cccc(Cl)c2c1=O,6.1,0.0,1
CHEMBL3267,N#CCNc1ncnc(-n2c(Nc3cccc(O)c3)nc3ccccc32)n1,7.0,0.0,1
CHEMBL3267,N#CCc1ccc(-n2cnc3cnc4ccc(C#Cc5cccnc5)cc4c32)cc1,7.17,0.0,1
CHEMBL3267,N#CCc1ccc(Nc2ncnc3ccc(-c4ccc5[nH]ccc5c4)cc23)cc1,6.12,0.0,1
CHEMBL3267,N#CCc1ccc(Nc2ncnc3ccc(-c4ccc5c(c4)OCCO5)cc23)cc1,5.86,0.0,1
CHEMBL3267,N#CCc1ccc(Nc2ncnc3ccc(-c4ccc5c(c4)OCO5)cc23)cc1,6.72,0.0,1
CHEMBL3267,N#CCc1ccc(Nc2ncnc3ccc(-c4cccc(O)c4)cc23)cc1,5.74,0.0,1
CHEMBL3267,N#CCc1ccc(Nc2ncnc3ccc(-c4cccc([N+](=O)[O-])c4)cc23)cc1,6.07,0.0,1
CHEMBL3267,N#CCc1ccc(Nc2ncnc3ccc(-c4ccccc4)cc23)cc1,5.16,0.0,1
CHEMBL3267,N#CCc1ccc(Nc2ncnc3ccc(-c4ccncc4)cc23)cc1,6.44,0.0,1
CHEMBL3267,N#CCc1ccc(Nc2ncnc3ccc(-c4cncc5ccccc45)cc23)cc1,5.07,0.0,1
CHEMBL3267,N#Cc1c(Cl)nc(N)nc1N[C@H](c1nc2cccc(Cl)c2c(=O)n1-c1cc[nH]n1)C1CC1,5.89,0.0,1
CHEMBL3267,N#Cc1c(Cl)nc(N)nc1N[C@H](c1nc2cccc(Cl)c2c(=O)n1CCCN)C1CC1,5.22,0.0,1
CHEMBL3267,N#Cc1c(N)nc(N)nc1N1CC2(CC2)C[C@H]1c1nc2cccc(Cl)c2c(=O)n1Cc1ccc(C(=O)NO)s1,7.52,0.0,1
CHEMBL3267,N#Cc1c(N)nc(N)nc1N[C@H](c1nc2c(Cl)cc(F)cc2c(=O)n1-c1cc[nH]n1)C1CC1,6.2,0.0,1
CHEMBL3267,N#Cc1c(N)nc(N)nc1N[C@H](c1nc2c(Cl)cc(F)cc2c(=O)n1CCCC(N)=O)C1CC1,6.12,0.0,1
CHEMBL3267,N#Cc1c(N)nc(N)nc1N[C@H](c1nc2c(Cl)cc(F)cc2c(=O)n1[C@H]1C[C@@H](O)C1)C1CC1,5.96,0.0,1
CHEMBL3267,N#Cc1c(N)nc(N)nc1N[C@H](c1nc2c(Cl)cc(F)cc2c(=O)n1[C@H]1C[C@H](O)C1)C1CC1,5.55,0.0,1
CHEMBL3267,N#Cc1c(N)nc(N)nc1N[C@H](c1nc2c(Cl)ccc(Cl)c2c(=O)n1-c1cnc(N)cn1)C1CC1,5.51,0.0,1
CHEMBL3267,N#Cc1c(N)nc(N)nc1N[C@H](c1nc2c(Cl)ccc(Cl)c2c(=O)n1CCCC(N)=O)C1CC1,6.33,0.0,1
CHEMBL3267,N#Cc1c(N)nc(N)nc1N[C@H](c1nc2c(Cl)ccc(Cl)c2c(=O)n1[C@H]1C[C@@H](O)C1)C1CC1,6.02,0.0,1
CHEMBL3267,N#Cc1c(N)nc(N)nc1N[C@H](c1nc2c(Cl)ccc(Cl)c2c(=O)n1[C@H]1C[C@H](O)C1)C1CC1,5.54,0.0,1
CHEMBL3267,N#Cc1c(N)nc(N)nc1N[C@H](c1nc2c(F)ccc(Cl)c2c(=O)n1-c1cccnc1)C1CC1,6.72,0.0,1
CHEMBL3267,N#Cc1c(N)nc(N)nc1N[C@H](c1nc2cccc(Cl)c2c(=O)n1-c1cc[nH]n1)C1CC1,6.7,0.0,1
CHEMBL3267,N#Cc1c(N)nc(N)nc1N[C@H](c1nc2cccc(Cl)c2c(=O)n1-c1cnc(N)cn1)C1CC1,6.05,0.0,1
CHEMBL3267,N#Cc1c(N)nc(N)nc1N[C@H](c1nc2cccc(Cl)c2c(=O)n1CCCC(N)=O)C1CC1,7.01,0.0,1
CHEMBL3267,N#Cc1c(N)nc(N)nc1N[C@H](c1nc2cccc(Cl)c2c(=O)n1CCCCC(N)=O)C1CC1,6.96,0.0,1
CHEMBL3267,N#Cc1c(N)nc(N)nc1N[C@H](c1nc2cccc(Cl)c2c(=O)n1CCCN)C1CC1,5.96,0.0,1
CHEMBL3267,N#Cc1c(N)nc(N)nc1N[C@H](c1nc2cccc(Cl)c2c(=O)n1CCCNC1CCC(F)(F)CC1)C1CC1,6.27,0.0,1
CHEMBL3267,N#Cc1c(N)nc(N)nc1N[C@H](c1nc2cccc(Cl)c2c(=O)n1CCCNC1CCC1)C1CC1,6.08,0.0,1
CHEMBL3267,N#Cc1c(N)nc(N)nc1N[C@H](c1nc2cccc(Cl)c2c(=O)n1CCCNC1COC1)C1CC1,6.55,0.0,1
CHEMBL3267,N#Cc1c(N)ncnc1N1CC2(CC2)C[C@H]1c1nc2cccc(Cl)c2c(=O)n1-c1ccccc1,6.18,0.0,1
CHEMBL3267,N#Cc1c(N)ncnc1N1CCC[C@H]1c1nc2cccc(C#CCCCC(=O)N3CCOCC3)c2c(=O)n1-c1ccccc1,6.54,0.0,1
CHEMBL3267,N#Cc1c(N)ncnc1N1CCC[C@H]1c1nc2cccc(C#CCO)c2c(=O)n1-c1ccccc1,7.09,0.0,1
CHEMBL3267,N#Cc1c(N)ncnc1N1CCC[C@H]1c1nc2cccc(C(F)(F)F)c2c(=O)n1-c1ccccc1,6.85,0.0,1
CHEMBL3267,N#Cc1c(N)ncnc1N1CCC[C@H]1c1nc2cccc(Cl)c2c(=O)n1-c1ccccc1,7.62,0.0,1
CHEMBL3267,N#Cc1c(N)ncnc1N1CCC[C@H]1c1nc2cccc(Cl)c2c(=O)n1-c1cccnc1,6.82,0.0,1
CHEMBL3267,N#Cc1c(N)ncnc1N1CCC[C@H]1c1nc2cccc(Cl)c2c(=O)n1C1CCOCC1,6.55,0.0,1
CHEMBL3267,N#Cc1c(N)ncnc1N1CCC[C@H]1c1nc2cccc(Cl)c2c(=O)n1N1CCOCC1,6.7,0.0,1
CHEMBL3267,N#Cc1c(N)ncnc1N1CCC[C@H]1c1nc2cccc(F)c2c(=O)n1C1CCCC1,6.45,0.0,1
CHEMBL3267,N#Cc1c(N)ncnc1N1CCC[C@H]1c1nc2cccc(F)c2c(=O)n1Cc1ccccc1,6.23,0.0,1
CHEMBL3267,N#Cc1c(N)ncnc1N1CSC[C@H]1c1nc2cccc(Cl)c2c(=O)n1-c1ccccc1,6.89,0.0,1
CHEMBL3267,N#Cc1c(N)ncnc1N1CSC[C@H]1c1nc2cccc(Cl)c2c(=O)n1-c1cccs1,5.96,0.0,1
CHEMBL3267,N#Cc1c(N[C@H](c2nc3c(Cl)cc(F)cc3c(=O)n2-c2cc[nH]n2)C2CC2)nc(N)nc1C(F)F,5.46,0.0,1
CHEMBL3267,N#Cc1c(N[C@H](c2nc3cccc(Cl)c3c(=O)n2-c2cc[nH]n2)C2CC2)nc(N)nc1C(F)F,5.95,0.0,1
CHEMBL3267,N#Cc1c[nH]c2ncnc(N3CCC[C@H]3c3nn4cccc4c(=O)n3-c3ccccc3)c12,7.38,0.0,1
CHEMBL3267,N#Cc1ccc(-c2csc3c(=O)cc(N4CCOCC4)oc23)cc1,5.64,0.0,1
CHEMBL3267,N#Cc1ccc(CN2C(=O)COc3ccc(/C=C4\SC(=S)NC4=O)cc32)cc1,7.130000000000001,0.43840620433565985,2
CHEMBL3267,N#Cc1ccc(NC(=O)Nc2ccc(-c3nc(N4CCOCC4)nc(N4C5CCC4COC5)n3)cc2)cc1,6.54,0.0,1
CHEMBL3267,N#Cc1ccc(O)c(-c2ccc(/C=C3\SC(=O)NC3=O)o2)c1,7.4,0.0,1
CHEMBL3267,N#Cc1cccc(-c2nc(N3CCOCC3)c3nc[nH]c3n2)c1,5.08,0.0,1
CHEMBL3267,N#Cc1cnc(N)nc1N1CCC[C@H]1c1nc2cccc(C(F)(F)F)c2c(=O)n1-c1ccccc1,6.64,0.0,1
CHEMBL3267,N#Cc1ncccc1Nc1ccc2c(N3CCOCC3)nc(-c3cnc(N)nc3)nc2c1,7.19,0.0,1
CHEMBL3267,N=C(N)NCCCC(NC(=O)CCC(=O)OC[N+]1(c2cc(=O)c3cccc(-c4ccccc4)c3o2)CCOCC1)C(=O)NCC(=O)NC(CC(=O)O)C(=O)NC(CO)C(=O)[O-],5.75,0.0,1
CHEMBL3267,NC(=O)CCCCn1c([C@@H](Nc2nc(N)nc(N)c2Cl)C2CC2)nc2cccc(Cl)c2c1=O,5.66,0.0,1
CHEMBL3267,NC(=O)CCCn1c([C@@H](Nc2nc(N)nc(N)c2Cl)C2CC2)nc2cccc(Cl)c2c1=O,5.89,0.0,1
CHEMBL3267,NC(=O)CCn1c([C@@H](Nc2nc(N)nc(N)c2Cl)C2CC2)nc2cccc(Cl)c2c1=O,6.0,0.0,1
CHEMBL3267,NC(=O)Cn1nc(-c2ccc3ccccc3c2)c2c(N)ncnc21,5.29,0.0,1
CHEMBL3267,NC(=O)[C@@H]1CC(O)CN1C(=O)c1ccc(NC(=O)Nc2ccc(-c3nc(N4CCOCC4)nc(N4CCOCC4)n3)cc2)cc1,7.0,0.0,1
CHEMBL3267,NC(=O)[C@@H]1CCCN1C(=O)Nc1nc2c(s1)-c1nc(CC3CC3)sc1CC2,5.96,0.0,1
CHEMBL3267,NC(=O)[C@@H]1CCCN1C(=O)Nc1nc2ccc(-c3cnc(N)c(C(F)(F)F)c3)cc2s1,5.92,0.0,1
CHEMBL3267,NC(=O)[C@@H]1CCCN1C(=O)c1ccc(NC(=O)Nc2ccc(-c3nc(N4CCOCC4)nc(N4CCOCC4)n3)cc2)cc1,8.06,0.0,1
CHEMBL3267,NC(=O)[C@H]1CCCN1C(=O)c1ccc(NC(=O)Nc2ccc(-c3nc(N4CCOCC4)nc(N4CCOCC4)n3)cc2)cc1,8.13,0.0,1
CHEMBL3267,NC(=O)c1cc(-c2ccc3ncnc(-c4cccc(C(=O)NCCN5CCOCC5)c4)c3c2)ccc1Cl,7.77,0.0,1
CHEMBL3267,NC(=O)c1ccc(-c2ccnc(Nc3cccc(-c4ccccc4)c3)n2)cc1,7.0,0.0,1
CHEMBL3267,NC(=O)c1ccc(-c2nc(N3CCOCC3)c3nc[nH]c3n2)cc1,5.0,0.0,1
CHEMBL3267,NC(=O)c1cccc2cc(C(=O)N3CCN(Cc4cc5nc(-c6cnc(N)nc6)nc(N6CCOCC6)c5o4)CC3)oc12,6.85,0.0,1
CHEMBL3267,NC(=O)c1cccc2cc(C(=O)N3CCN(Cc4cc5nc(-c6cnc(N)nc6)nc(N6CCOCC6)c5s4)CC3)oc12,7.51,0.0,1
CHEMBL3267,NC(=O)c1cccc2cc(C(=O)N3CCN(c4nc(-c5cnc(NC(=O)CN6CCOCC6)cc5C(F)(F)F)nc(N5CCOCC5)n4)CC3)oc12,5.96,0.0,1
CHEMBL3267,NC(=O)c1sc(N2CCOCC2)nc1CC(=O)N1CCc2c(Br)cccc21,5.09,0.0,1
CHEMBL3267,NCC(=O)N1CCN(c2nc(N3CCOCC3)nc(-n3c(C(F)F)nc4ccccc43)n2)CC1,5.0,0.0,1
CHEMBL3267,NCCC(=O)N1CCN(c2nc(N3CCOCC3)nc(-n3c(C(F)F)nc4ccccc43)n2)CC1,5.41,0.0,1
CHEMBL3267,NCCCn1c([C@@H](Nc2ncnc3[nH]cc(Br)c23)C2CC2)nc2cccc(Cl)c2c1=O,5.47,0.0,1
CHEMBL3267,NCCCn1c([C@@H](Nc2ncnc3ccc(Cl)nc23)C2CC2)nc2cccc(Cl)c2c1=O,6.05,0.0,1
CHEMBL3267,NCCCn1c([C@@H](Nc2ncnc3cccnc23)C2CC2)nc2cccc(Cl)c2c1=O,5.32,0.0,1
CHEMBL3267,NCCCn1c([C@@H](Nc2ncnc3scnc23)C2CC2)nc2cccc(Cl)c2c1=O,5.68,0.0,1
CHEMBL3267,NCCNc1nc(N2CCOCC2)nc(-n2c(C(F)F)nc3ccccc32)n1,6.11,0.0,1
CHEMBL3267,NOCCOCCOCCOCCC(=O)N1CCN(c2cnc3ccc(-c4cnc(Cl)c(NS(=O)(=O)c5ccc(F)cc5)c4)cc3n2)CC1,8.88,0.0,1
CHEMBL3267,NOCCOCCOCCOCCN(CCO)c1nc(N2CCOCC2)nc(-n2c(C(F)F)nc3ccccc32)n1,6.86,0.0,1
CHEMBL3267,NOCCOCCOCCOCCNc1nc(N2CCOCC2)nc(-n2c(C(F)F)nc3ccccc32)n1,6.3,0.0,1
CHEMBL3267,N[C@@H](Cc1ccccc1)C(=O)N1CCN(c2nc(N3CCOCC3)nc(-n3c(C(F)F)nc4ccccc43)n2)CC1,4.0,0.0,1
CHEMBL3267,Nc1cc(C(F)(F)F)c(-c2cc(N3CCOCC3)nc(N3CCOCC3)n2)cn1,6.25,0.41833001326703784,4
CHEMBL3267,Nc1cc(C(F)(F)F)c(-c2nc(N3CCOCC3)nc(N3CCOCC3)n2)cn1,6.15,0.0,1
CHEMBL3267,Nc1cc(C(F)(F)F)c(-c2nc3c(c(N4CCOCC4)n2)CCN(C(=O)c2cc(Cc4n[nH]c(=O)c5ccccc45)ccc2F)C3)cn1,6.08,0.0,1
CHEMBL3267,Nc1ccc(-c2ccc3ncc4ccc(=O)n(-c5cccc(C(F)(F)F)c5)c4c3c2)cn1,8.25,0.0,1
CHEMBL3267,Nc1ccc(-c2cccc3c(=O)nc(N4CCOCC4)oc23)c(F)c1,4.75,0.0,1
CHEMBL3267,Nc1ccc(-c2cccc3c(=O)nc(N4CCOCC4)oc23)cc1,4.69,0.0,1
CHEMBL3267,Nc1ccc(-c2n[nH]c3ncnc(N)c23)cc1,4.96,0.0,1
CHEMBL3267,Nc1ccc(-c2nc(N3CCOCC3)c3ncccc3n2)cn1,7.06,0.0,1
CHEMBL3267,Nc1ccc(-c2nc(N3CCOCC3)c3ncn(CCCCCCC(=O)NO)c3n2)cn1,6.1,0.0,1
CHEMBL3267,Nc1ccc(-c2nn(C3CCCC3)c3ncnc(N)c23)cc1O,6.13,0.0,1
CHEMBL3267,Nc1ccc2nc(-c3cccc(O)c3)c(-c3cccc(O)c3)nc2c1,4.77,0.0,1
CHEMBL3267,Nc1cccc(-c2csc3c(=O)cc(N4CCOCC4)oc23)c1,5.2,0.0,1
CHEMBL3267,Nc1cccc(-c2n[nH]c3ncnc(N)c23)c1,5.02,0.0,1
CHEMBL3267,Nc1cccc(-c2nc(N3CCOCC3)c3ncccc3n2)c1,5.2,0.0,1
CHEMBL3267,Nc1cn2cc(Br)ccc2n1,3.81,0.0,1
CHEMBL3267,Nc1nc(N)c(Cl)c(N[C@H](c2nc3cccc(Cl)c3c(=O)n2-c2cc[nH]n2)C2CC2)n1,5.38,0.0,1
CHEMBL3267,Nc1nc(N)c2nc(-c3ccc(O)c(O)c3)c(-c3ccc(O)c(O)c3)nc2n1,6.56,0.0,1
CHEMBL3267,Nc1nc(N)c2nc(-c3ccc(O)c(O)c3)cnc2n1,6.71,0.0,1
CHEMBL3267,Nc1nc(N)c2nc(-c3ccc(O)cc3)c(-c3ccc(O)cc3)nc2n1,5.57,0.0,1
CHEMBL3267,Nc1nc(N)c2nc(-c3ccc(O)cc3)cnc2n1,5.92,0.0,1
CHEMBL3267,Nc1nc(N)c2nc(-c3cccc(O)c3)c(-c3cccc(O)c3)nc2n1,7.08,0.0,1
CHEMBL3267,Nc1nc(N)c2nc(-c3cccc(O)c3)cnc2n1,7.15,0.3535533905932738,2
CHEMBL3267,Nc1nc(N)c2nc(-c3cccc(OCC(O)CO)c3)c(-c3cccc(OCC(O)CO)c3)nc2n1,4.49,0.0,1
CHEMBL3267,Nc1nc(N)c2nc(-c3ccccc3)c(-c3ccccc3)nc2n1,5.07,0.0,1
CHEMBL3267,Nc1nc(N)c2ncc(-c3ccc(O)c(O)c3)nc2n1,5.23,0.0,1
CHEMBL3267,Nc1nc(N)c2ncc(-c3ccc(O)cc3)nc2n1,5.33,0.0,1
CHEMBL3267,Nc1nc(N)c2ncc(-c3cccc(O)c3)nc2n1,5.52,0.0,1
CHEMBL3267,Nc1nc(NCCCN2CCOCC2)c2nc(-c3cccc(O)c3)c(-c3cccc(O)c3)nc2n1,4.29,0.0,1
CHEMBL3267,Nc1nc(O)c2nc(-c3cccc(O)c3)c(-c3cccc(O)c3)nc2n1,4.32,0.0,1
CHEMBL3267,Nc1nc2cc(-c3ccc4ncc(C(=O)N5CCOCC5)n4c3)ccc2o1,6.0600000000000005,0.48083261120685244,2
CHEMBL3267,Nc1nc2cc(-c3ccc4ncc(N5C[C@@H]6OCCO[C@@H]6C5)nc4c3)ccc2o1,6.7,0.0,1
CHEMBL3267,Nc1nc2cc(-c3ccncc3)ccc2s1,4.11,0.0,1
CHEMBL3267,Nc1nc2cc(-c3cncc(S(=O)(=O)NCC(F)(F)F)c3)ccn2n1,7.7,0.0,1
CHEMBL3267,Nc1nc2cc(-c3cncc(S(=O)(=O)NCc4ccccc4)c3)ccn2n1,7.0,0.0,1
CHEMBL3267,Nc1nc2cc(-c3cncc(S(=O)(=O)Nc4ccccc4)c3)ccn2n1,7.4,0.0,1
CHEMBL3267,Nc1nc2cc(-c3cncc(S(N)(=O)=O)c3)ccn2n1,7.7,0.0,1
CHEMBL3267,Nc1nc2cc(-c3nc(N4CCOCC4)nc(N4CCOCC4)n3)ccc2o1,6.89,0.0,1
CHEMBL3267,Nc1nc2cc(-c3nn(CC4CCCC4)c4ncnc(N)c34)ccc2o1,8.3,0.0,1
CHEMBL3267,Nc1nc2cc(-c3nn(CC4CCCO4)c4ncnc(N)c34)ccc2o1,7.11,0.0,1
CHEMBL3267,Nc1nc2cc(-c3nn(CC4OCCO4)c4ncnc(N)c34)ccc2o1,6.52,0.0,1
CHEMBL3267,Nc1nc2cc(-c3nn(CC4SSCC4OC(=O)c4ccccc4)c4ncnc(N)c34)ccc2o1,5.26,0.0,1
CHEMBL3267,Nc1nc2ccc(-c3cc[nH]c(=O)c3)cc2s1,5.9,0.0,1
CHEMBL3267,Nc1nc2ccc(-c3ccc(=O)[nH]c3)cc2s1,5.0,0.0,1
CHEMBL3267,Nc1nc2ccc(-c3ccc(C(F)(F)F)nc3)cc2s1,6.0,0.0,1
CHEMBL3267,Nc1nc2ccc(-c3ccc(OCCO)nc3)cc2s1,5.9,0.0,1
CHEMBL3267,Nc1nc2ccc(-c3cccc(O)c3)cc2s1,5.04,0.0,1
CHEMBL3267,Nc1nc2ccc(-c3ccccn3)cc2s1,4.9,0.0,1
CHEMBL3267,Nc1nc2ccc(-c3ccn(CC4CC4)c(=O)c3)cc2s1,5.8,0.0,1
CHEMBL3267,Nc1nc2ccc(-c3ccncc3)cc2s1,5.01,0.0,1
CHEMBL3267,Nc1nc2ccc(-c3cncc(NS(=O)(=O)c4ccc(Cl)cc4)c3)cn2n1,8.2,0.0,1
CHEMBL3267,Nc1nc2ccc(-c3cncc(S(=O)(=O)NCC4CC4)c3)cn2n1,7.8,0.0,1
CHEMBL3267,Nc1nc2ccc(-c3cncc(S(=O)(=O)NCc4ccccc4)c3)cn2n1,6.6,0.0,1
CHEMBL3267,Nc1nc2ccc(-c3cncc(S(=O)(=O)Nc4ccc(Cl)cc4)c3)cn2n1,6.2,0.0,1
CHEMBL3267,Nc1nc2ccc(-c3cncc(S(=O)(=O)Nc4cccc5ccccc45)c3)cn2n1,8.1,0.0,1
CHEMBL3267,Nc1nc2ccc(-c3cnccn3)cc2s1,5.4,0.0,1
CHEMBL3267,Nc1nc2ccc(-c3cnn(C4CC4)c3)cc2s1,6.0,0.0,1
CHEMBL3267,Nc1nc2ccc(-c3cnn(CC4CC4)c3)cc2s1,5.9,0.0,1
CHEMBL3267,Nc1nc2ccc(-c3cnn(Cc4ccccc4)c3)cc2s1,5.7,0.0,1
CHEMBL3267,Nc1nc2ccc(-c3ncccn3)cc2s1,4.5,0.0,1
CHEMBL3267,Nc1nc2ccc(Cl)cc2c2nc(-c3ccco3)nn12,6.96,0.0,1
CHEMBL3267,Nc1nc2ccc(Cl)cc2o1,3.42,0.0,1
CHEMBL3267,Nc1nc2nc(-c3ccncc3)ccn2n1,4.26,0.0,1
CHEMBL3267,Nc1ncc(-c2ccnc(Nc3ccncc3)n2)c(CC2CC2)n1,5.52,0.0,1
CHEMBL3267,Nc1ncc(-c2nc(N3CCOCC3)c3cccnc3n2)cn1,5.33,0.0,1
CHEMBL3267,Nc1ncc(-c2nc(N3CCOCC3)c3ccn(CCCCCCC(=O)NO)c3n2)cn1,7.04,0.0,1
CHEMBL3267,Nc1ncc(-c2nc(N3CCOCC3)c3ncccc3n2)cn1,7.09,0.0,1
CHEMBL3267,Nc1ncc(-c2nc(N3CCOCC3)c3ncn(CCCCCCC(=O)NO)c3n2)cn1,7.01,0.0,1
CHEMBL3267,Nc1nccc(-c2cc(-c3nnc[nH]3)c3ncn(-c4ccnc5c(F)ccc(F)c45)c3c2)c1F,6.36,0.0,1
CHEMBL3267,Nc1nccn2c1c(-c1cc3cccc(Cl)c3[nH]1)nc2[C@H]1CC[C@H](C(=O)O)CC1,6.34,0.0,1
CHEMBL3267,Nc1ncnc(N2CCC[C@H]2c2nc3cccc(Cl)c3c(=O)n2-c2ccccc2)c1C#Cc1ccccn1,6.26,0.0,1
CHEMBL3267,Nc1ncnc2[nH]nc(-c3ccc(-c4ccccc4)cc3)c12,4.0,0.0,1
CHEMBL3267,Nc1ncnc2[nH]nc(-c3ccc(NC(=O)c4ccc(-c5ccccc5)cc4)cc3)c12,4.6,0.0,1
CHEMBL3267,Nc1ncnc2[nH]nc(-c3ccc(Oc4ccccc4)cc3)c12,4.3,0.0,1
CHEMBL3267,Nc1ncnc2[nH]nc(-c3ccc([N+](=O)[O-])cc3)c12,4.0,0.0,1
CHEMBL3267,Nc1ncnc2[nH]nc(-c3ccc4c(c3)OCO4)c12,5.4,0.0,1
CHEMBL3267,Nc1ncnc2[nH]nc(-c3ccc4ccccc4c3)c12,6.01,0.0,1
CHEMBL3267,Nc1ncnc2[nH]nc(-c3cccc(O)c3)c12,5.77,0.0,1
CHEMBL3267,Nc1ncnc2[nH]nc(-c3cccc(OCc4c(Cl)cccc4Cl)c3)c12,4.0,0.0,1
CHEMBL3267,Nc1ncnc2[nH]nc(-c3cccc(OCc4ccccc4)c3)c12,4.7,0.0,1
CHEMBL3267,Nc1ncnc2[nH]nc(-c3cccc(Oc4ccccc4)c3)c12,4.0,0.0,1
CHEMBL3267,Nc1ncnc2[nH]nc(-c3cccc([N+](=O)[O-])c3)c12,5.52,0.0,1
CHEMBL3267,Nc1ncnc2[nH]nc(-c3ccccc3)c12,4.96,0.0,1
CHEMBL3267,Nc1ncnc2[nH]nc(-c3ccccc3O)c12,4.3,0.0,1
CHEMBL3267,Nc1ncnc2[nH]nc(C3CCc4ccccc4C3)c12,4.3,0.0,1
CHEMBL3267,Nc1ncnc2c1c(-c1cc(O)cc(F)c1)nn2C1CCCC1,6.19,0.0,1
CHEMBL3267,Nc1ncnc2c1c(-c1cc3cc(O)cc(Cl)c3[nH]1)nn2C1CCOCC1,7.6,0.0,1
CHEMBL3267,Nc1ncnc2c1c(-c1ccc(Br)c(O)c1)nn2C1CCC1,7.36,0.0,1
CHEMBL3267,Nc1ncnc2c1c(-c1ccc(Br)c(O)c1)nn2C1CCCC1,7.27,0.0,1
CHEMBL3267,Nc1ncnc2c1c(-c1ccc(Cl)c(O)c1)nn2C1CCC1,6.53,0.0,1
CHEMBL3267,Nc1ncnc2c1c(-c1ccc(Cl)c(O)c1)nn2C1CCCC1,6.83,0.0,1
CHEMBL3267,Nc1ncnc2c1c(-c1ccc(Cl)c(O)c1)nn2CC1CCCN1,5.74,0.0,1
CHEMBL3267,Nc1ncnc2c1c(-c1ccc(Cl)c(O)c1)nn2CC1CCCNC1,4.9,0.0,1
CHEMBL3267,Nc1ncnc2c1c(-c1ccc(Cl)c(O)c1)nn2CC1CCNC1,5.86,0.0,1
CHEMBL3267,Nc1ncnc2c1c(-c1ccc(Cl)c(O)c1)nn2CC1CCNCC1,5.82,0.0,1
CHEMBL3267,Nc1ncnc2c1c(-c1ccc(Cl)c(O)c1)nn2CCC1CCCNC1,5.62,0.0,1
CHEMBL3267,Nc1ncnc2c1c(-c1ccc(Cl)c(O)c1)nn2[C@@H]1CCNC1,6.44,0.0,1
CHEMBL3267,Nc1ncnc2c1c(-c1ccc(Cl)c(O)c1)nn2[C@@H]1CCOC1,7.37,0.0,1
CHEMBL3267,Nc1ncnc2c1c(-c1ccc(Cl)c(O)c1)nn2[C@H]1CCOC1,7.24,0.0,1
CHEMBL3267,Nc1ncnc2c1c(-c1ccc(F)c(O)c1)nn2C1CCC1,5.97,0.0,1
CHEMBL3267,Nc1ncnc2c1c(-c1ccc(F)c(O)c1)nn2C1CCCC1,6.59,0.0,1
CHEMBL3267,Nc1ncnc2c1c(-c1ccc(F)c(O)c1)nn2C1CCCCCC1,6.09,0.0,1
CHEMBL3267,Nc1ncnc2c1c(-c1ccc(F)c(O)c1)nn2C1CNC1,6.2,0.0,1
CHEMBL3267,Nc1ncnc2c1c(-c1ccc(F)c(O)c1)nn2CC1CCNCC1,4.79,0.0,1
CHEMBL3267,Nc1ncnc2c1c(-c1ccc(F)c(O)c1)nn2Cc1ocnc1-c1ccccc1,4.0,0.0,1
CHEMBL3267,Nc1ncnc2c1c(-c1ccc(F)c(O)c1)nn2[C@@H]1CCNC1,5.92,0.0,1
CHEMBL3267,Nc1ncnc2c1c(-c1ccc(F)c(O)c1)nn2[C@@H]1CCOC1,6.47,0.0,1
CHEMBL3267,Nc1ncnc2c1c(-c1ccc(F)c(O)c1)nn2[C@H]1CCNC1,6.11,0.0,1
CHEMBL3267,Nc1ncnc2c1c(-c1ccc(F)c(O)c1)nn2[C@H]1CCOC1,6.26,0.0,1
CHEMBL3267,Nc1ncnc2c1c(-c1ccc(O)cc1)nn2Cc1nc2cccc(C#CCCCC(=O)N3CCCC3)c2c(=O)n1Cc1ccccc1Cl,7.33,0.0,1
CHEMBL3267,Nc1ncnc2c1c(-c1ccc(O)cc1)nn2Cc1nc2cccc(C#CCCCC(=O)N3CCOCC3)c2c(=O)n1Cc1ccccc1Cl,7.8,0.0,1
CHEMBL3267,Nc1ncnc2c1c(-c1ccc(O)cc1)nn2Cc1nc2cccc(C#CCCCC(=O)O)c2c(=O)n1Cc1ccccc1Cl,7.7,0.0,1
CHEMBL3267,Nc1ncnc2c1c(-c1ccc3[nH]c(=O)ccc3c1)nn2C1CCCC1,4.0,0.0,1
CHEMBL3267,Nc1ncnc2c1c(-c1ccc3[nH]ccc3c1)nn2C1CCCC1,6.36,0.0,1
CHEMBL3267,Nc1ncnc2c1c(-c1ccc3[nH]ncc3c1)nn2C1CCCC1,7.05,0.0,1
CHEMBL3267,Nc1ncnc2c1c(-c1ccc3cc[nH]c3c1)nn2C1CCCC1,5.82,0.0,1
CHEMBL3267,Nc1ncnc2c1c(-c1ccc3ccccc3c1)nn2C1CCCC1,5.17,0.0,1
CHEMBL3267,Nc1ncnc2c1c(-c1ccc3ccccc3c1)nn2CC1CC1,5.4,0.0,1
CHEMBL3267,Nc1ncnc2c1c(-c1ccc3ccccc3c1)nn2CCc1ccccc1,5.2,0.0,1
CHEMBL3267,Nc1ncnc2c1c(-c1ccc3ccccc3c1)nn2Cc1ccccc1,4.77,0.0,1
CHEMBL3267,Nc1ncnc2c1c(-c1ccc3cn[nH]c3c1)nn2C1CCCC1,6.08,0.0,1
CHEMBL3267,Nc1ncnc2c1c(-c1ccc3ncccc3c1)nn2C1CCCC1,6.23,0.0,1
CHEMBL3267,Nc1ncnc2c1c(-c1ccc3occc(=O)c3c1)nn2C1CCCC1,7.22,0.0,1
CHEMBL3267,Nc1ncnc2c1c(-c1ccc3occc3c1)nn2C1CCCC1,6.62,0.0,1
CHEMBL3267,Nc1ncnc2c1c(-c1cccc(O)c1)cn2[C@H]1C[C@@H](CN2CCC2)C1,6.01,0.0,1
CHEMBL3267,Nc1ncnc2c1c(-c1cccc(O)c1F)nn2C1CCCC1,5.92,0.0,1
CHEMBL3267,Nc1ncnc2c1c(-c1cccc(OCc3ccccc3)c1)cn2[C@H]1C[C@@H](CN2CCC2)C1,5.5,0.0,1
CHEMBL3267,Nc1ncnc2c1c(-c1cccc3[nH]ccc13)nn2C1CCCC1,5.94,0.0,1
CHEMBL3267,Nc1ncnc2c1c(-c1ccn3ccnc3c1)nn2C1CCCC1,5.62,0.0,1
CHEMBL3267,Nc1ncnc2c1c(-c1cnc3[nH]ccc3c1)nn2C1CCCC1,5.96,0.0,1
CHEMBL3267,Nc1ncnc2c1c(-c1cnc3ccccc3c1)nn2C1CCCC1,5.89,0.0,1
CHEMBL3267,Nc1ncnc2nc(-c3ccc(O)c(O)c3)c(-c3ccc(O)c(O)c3)nc12,6.01,0.0,1
CHEMBL3267,Nc1ncnc2nc(-c3ccc(O)c(O)c3)cnc12,5.29,0.0,1
CHEMBL3267,Nc1ncnc2nc(-c3ccc(O)cc3)c(-c3ccc(O)cc3)nc12,5.4,0.0,1
CHEMBL3267,Nc1ncnc2nc(-c3cccc(O)c3)c(-c3cccc(O)c3)nc12,5.4,0.0,1
CHEMBL3267,Nc1ncnc2ncc(-c3ccc(O)c(O)c3)nc12,5.89,0.0,1
CHEMBL3267,Nc1ncnc2sc(-c3ccncc3)nc12,4.36,0.0,1
CHEMBL3267,Nc1ncnn2c(-c3cccc(N4CCOCC4=O)c3)cc(-c3ccnn3CC(F)(F)F)c12,7.57,0.0,1
CHEMBL3267,Nc1ncnn2c(-c3cccc(N4CCOCC4=O)c3)cc(C(F)(F)F)c12,6.41,0.0,1
CHEMBL3267,Nc1ncnn2c(-c3cccc(N4CCOCC4=O)c3)cc(Cl)c12,7.54,0.0,1
CHEMBL3267,Nc1nnc2cc(Cl)ccc2n1,4.28,0.0,1
CHEMBL3267,O/C(=C\C1=Nc2ccccc2C2=NCCN12)c1ccccc1,6.09,0.0,1
CHEMBL3267,O=C(CCCCCCn1cnc2c(N3CCOCC3)nc(-c3cccc(CO)c3)nc21)NO,6.75,0.0,1
CHEMBL3267,O=C(Cc1nc(N2CCOCC2)cc(=O)[nH]1)Nc1ccc(Cl)cc1,5.29,0.0,1
CHEMBL3267,O=C(Cc1nc(N2CCOCC2)cc(=O)[nH]1)Nc1ccc(F)c(Br)c1,5.18,0.0,1
CHEMBL3267,O=C(Cc1nc(N2CCOCC2)cc(=O)[nH]1)Nc1ccc(F)c(Cl)c1,5.17,0.0,1
CHEMBL3267,O=C(Cc1nnc(-c2ccc3ncccc3c2)o1)NCCc1ccc(Cl)cc1,5.01,0.0,1
CHEMBL3267,O=C(NC1=Nc2ccccc2C2=NCCN12)c1cccnc1,7.22,0.0,1
CHEMBL3267,O=C(NCCOc1cccnc1)Nc1cc2cc(-c3cnc4c(c3)OCCO4)ccn2n1,6.03,0.0,1
CHEMBL3267,O=C(NCCOc1cccnc1)Nc1cc2cc(-c3cncc(F)c3)ccn2n1,7.17,0.0,1
CHEMBL3267,O=C(NCCOc1cccnc1)Nc1cc2cc(-c3cncc(OC(F)F)c3)ccn2n1,7.7,0.0,1
CHEMBL3267,O=C(NO)c1ccc(-c2csc3c(=O)cc(N4CCOCC4)oc23)cc1,6.09,0.0,1
CHEMBL3267,O=C(NO)c1ccc(/C=N/NC(=O)c2cc(N3CCOCC3)nc(-c3cccc(O)c3)n2)cc1,5.89,0.0,1
CHEMBL3267,O=C(NOCCOCCOCCOCCC(=O)N1CCN(c2cnc3ccc(-c4cnc(Cl)c(NS(=O)(=O)c5ccc(F)cc5)c4)cc3n2)CC1)c1ccc(F)c(F)c1Nc1ccc(I)cc1F,7.47,0.0,1
CHEMBL3267,O=C(NOCCOCCOCCOCCN(CCO)c1nc(N2CCOCC2)nc(-n2c(C(F)F)nc3ccccc32)n1)c1ccc(F)c(F)c1Nc1ccc(I)cc1F,5.59,0.0,1
CHEMBL3267,O=C(NOCCOCCOCCOCCNc1nc(N2CCOCC2)nc(-n2c(C(F)F)nc3ccccc32)n1)c1ccc(F)c(F)c1Nc1ccc(I)cc1F,5.56,0.0,1
CHEMBL3267,O=C(Nc1cc(-c2ccc(O)cc2)cc2[nH]ncc12)c1ccccn1,5.3,0.0,1
CHEMBL3267,O=C(Nc1cc(-c2ccc3cc[nH]c3c2)cc2[nH]ncc12)c1ccccn1,4.8,0.0,1
CHEMBL3267,O=C(Nc1cc(-c2cccc(O)c2)cc2[nH]ncc12)C1CC1,5.1,0.0,1
CHEMBL3267,O=C(Nc1cc(-c2cccc(O)c2)cc2[nH]ncc12)c1ccccn1,5.1,0.0,1
CHEMBL3267,O=C(Nc1cc(-c2cccc3[nH]ccc23)cc2[nH]ncc12)c1ccccn1,5.2,0.0,1
CHEMBL3267,O=C(Nc1cc(-c2ccccc2)cc2[nH]ncc12)C1CC1,4.6,0.0,1
CHEMBL3267,O=C(Nc1ccc(-c2cc(N3CCOCC3)c3nc(N4CCOCC4)sc3c2)cc1)Nc1cccnc1,5.12,0.0,1
CHEMBL3267,O=C(Nc1ccc(-c2csc3c(=O)cc(N4CCOCC4)oc23)cc1)c1ccncc1,6.25,0.0,1
CHEMBL3267,O=C(Nc1ccc(-c2nc(N3CCOCC3)c3ncccc3n2)cc1)Nc1cccc(CO)c1,7.21,0.0,1
CHEMBL3267,O=C(Nc1ccc(-c2nc(N3CCOCC3)c3ncccc3n2)cc1)Nc1cccc(O)c1,6.45,0.0,1
CHEMBL3267,O=C(Nc1ccc(-c2nc(N3CCOCC3)c3ncccc3n2)cc1)Nc1cccnc1,7.1,0.0,1
CHEMBL3267,O=C(Nc1ccc(-c2nc(N3CCOCC3)c3nnn(C4CC4)c3n2)cc1)Nc1cccnc1,7.31,0.0,1
CHEMBL3267,O=C(Nc1ccc(-c2nc(N3CCOCC3)c3nnn(C4CC4)c3n2)cc1)Nc1cccs1,7.71,0.0,1
CHEMBL3267,O=C(Nc1ccc(-c2nc(N3CCOCC3)nc(N3C4CCC3COC4)n2)cc1)Nc1ccc(-c2cccnc2)nc1,7.36,0.0,1
CHEMBL3267,O=C(Nc1ccc(-c2nc(N3CCOCC3)nc(N3C4CCC3COC4)n2)cc1)Nc1ccc2c(c1)COC2=O,5.71,0.0,1
CHEMBL3267,O=C(Nc1ccc(-c2nc(N3CCOCC3)nc(N3C4CCC3COC4)n2)cc1)Nc1cccnc1,6.82,0.0,1
CHEMBL3267,O=C(Nc1ccc(-c2nc(N3CCOCC3)nc(N3C4CCC3COC4)n2)cc1)Nc1ccnc(Cl)c1,7.0,0.0,1
CHEMBL3267,O=C(Nc1ccc(-c2nc(N3CCOCC3)nc(N3C4CCC3COC4)n2)cc1)Nc1ccnnc1,6.83,0.0,1
CHEMBL3267,O=C(Nc1ccc(-c2nc(N3CCOCC3)nc(N3C4CCC3COC4)n2)cc1)Nc1cncnc1,6.62,0.0,1
CHEMBL3267,O=C(Nc1ccc(-c2nc(N3CCOCC3)nc(N3CCOCC3)n2)cc1)NN1CCCCC1,5.13,0.0,1
CHEMBL3267,O=C(Nc1ccc(-c2nc(N3CCOCC3)nc(N3CCOCC3)n2)cc1)Nc1ccc(F)cc1F,6.28,0.0,1
CHEMBL3267,O=C(Nc1ccc(-c2nc(N3CCOCC3)nc(N3CCOCC3)n2)cc1)Nc1ccc2c(c1)CNC2=O,7.59,0.0,1
CHEMBL3267,O=C(Nc1ccc(-c2nc(N3CCOCC3)nc(N3CCOCC3)n2)cc1)Nc1ccc2c(c1)COC2=O,6.79,0.0,1
CHEMBL3267,O=C(Nc1ccc(-c2nc(N3CCOCC3)nc(N3CCOCC3)n2)cc1)Nc1cccnc1,7.47,0.0,1
CHEMBL3267,O=C(Nc1ccc(-c2nc(N3CCOCC3)nc(N3CCOCC3)n2)cc1)Nc1cccs1,7.64,0.0,1
CHEMBL3267,O=C(Nc1ccc(-c2nc(N3CCOCC3)nc(N3CCOCC3)n2)cc1)Nc1ccnnc1,7.19,0.0,1
CHEMBL3267,O=C(Nc1ccc(-c2nc(N3CCOCC3)nc(N3CCO[C@@H](CO)C3)n2)cc1)Nc1ccc2c(c1)COC2=O,6.64,0.0,1
CHEMBL3267,O=C(Nc1ccc(-c2nc(N3CCOCC3)nc(N3CCO[C@H](CO)C3)n2)cc1)Nc1ccc2c(c1)COC2=O,6.64,0.0,1
CHEMBL3267,O=C(Nc1ccc(C(=O)N2CCC(N3CCCC3)CC2)cc1)Nc1ccc(-c2nc(N3CCOCC3)nc(N3CCOCC3)n2)cc1,8.0,0.0,1
CHEMBL3267,O=C(Nc1ccc(C(=O)N2CCC(N3CCCCC3)CC2)cc1)Nc1ccc(-c2nc(N3CCOCC3)nc(N3CCOCC3)n2)cc1,8.0,0.0,1
CHEMBL3267,O=C(Nc1ccc(C(=O)N2CCC[C@@H]2CO)cc1)Nc1ccc(-c2nc(N3CCOCC3)nc(N3CCOCC3)n2)cc1,7.49,0.0,1
CHEMBL3267,O=C(Nc1ccc(C(=O)N2CCC[C@H]2CO)cc1)Nc1ccc(-c2nc(N3CCOCC3)nc(N3CCOCC3)n2)cc1,8.32,0.0,1
CHEMBL3267,O=C(Nc1ccc(C(=O)O)cc1)Nc1ccc(-c2nc(N3CCOCC3)nc(N3CCOCC3)n2)cc1,7.31,0.0,1
CHEMBL3267,O=C(Nc1ccc(CCO)cc1)Nc1ccc(-c2nc(N3CCOCC3)nc(N3C4CCC3COC4)n2)cc1,7.13,0.0,1
CHEMBL3267,O=C(Nc1ccc(CCO)cc1)Nc1ccc(-c2nc(N3CCOCC3)nc(N3CCOCC3)n2)cc1,7.67,0.0,1
CHEMBL3267,O=C(Nc1ccc(CO)cc1)Nc1ccc(-c2nc(N3CCOCC3)c3ncccc3n2)cc1,7.58,0.0,1
CHEMBL3267,O=C(Nc1ccc(CO)cc1)Nc1ccc(-c2nc(N3CCOCC3)nc(N3C4CCC3COC4)n2)cc1,7.01,0.0,1
CHEMBL3267,O=C(Nc1ccc(CO)cc1)Nc1ccc(-c2nc(N3CCOCC3)nc(N3CCOCC3)n2)cc1,7.84,0.0,1
CHEMBL3267,O=C(Nc1ccc(CO)cc1)Nc1cccc(-c2nc(N3CCOCC3)c3ncccc3n2)c1,4.66,0.0,1
CHEMBL3267,O=C(Nc1ccc(Cl)cc1)Nc1ccc(-c2nc(N3CCOCC3)nc(N3CCOCC3)n2)cc1,6.66,0.0,1
CHEMBL3267,O=C(Nc1ccc(F)cc1)Nc1ccc(-c2nc(N3CCOCC3)nc(N3C4CCC3COC4)n2)cc1,6.81,0.0,1
CHEMBL3267,O=C(Nc1ccc(F)cc1)Nc1ccc(-c2nc(N3CCOCC3)nc(N3CCOCC3)n2)cc1,7.28,0.0,1
CHEMBL3267,O=C(Nc1ccc(O)cc1)Nc1ccc(-c2nc(N3CCOCC3)c3ncccc3n2)cc1,6.58,0.0,1
CHEMBL3267,O=C(Nc1ccccc1)Nc1ccc(-c2nc(N3CCOCC3)nc(N3C4CCC3COC4)n2)cc1,7.29,0.0,1
CHEMBL3267,O=C(Nc1ccccc1)Nc1ccc(-c2nc(N3CCOCC3)nc(N3CCOCC3)n2)cc1,7.57,0.0,1
CHEMBL3267,O=C(Nc1ccncc1)Nc1ccc(-c2nc(N3CCOCC3)c3ncccc3n2)cc1,6.82,0.0,1
CHEMBL3267,O=C(Nc1ccncc1)Nc1ccc(-c2nc(N3CCOCC3)c3nnn(C4CC4)c3n2)cc1,7.87,0.0,1
CHEMBL3267,O=C(Nc1ccncc1)Nc1ccc(-c2nc(N3CCOCC3)nc(N3C4CCC3COC4)n2)cc1,7.13,0.0,1
CHEMBL3267,O=C(Nc1ccncc1)Nc1ccc(-c2nc(N3CCOCC3)nc(N3C4COCC3[C@@H](O)C4)n2)cc1,7.48,0.0,1
CHEMBL3267,O=C(Nc1ccncc1)Nc1ccc(-c2nc(N3CCOCC3)nc(N3CCOCC3)n2)cc1,7.54,0.0,1
CHEMBL3267,O=C(O)CCNc1nc(N2CCOCC2)nc(-n2c(C(F)F)nc3ccccc32)n1,7.65,0.0,1
CHEMBL3267,O=C(O)c1ccc(-c2ccnc(Nc3cccc(-c4ccccc4)c3)n2)cc1,7.9,0.0,1
CHEMBL3267,O=C(O)c1ccc(-c2csc3c(=O)cc(N4CCOCC4)oc23)cc1,6.59,0.0,1
CHEMBL3267,O=C(O)c1ccc(CNc2nc3ccc(-c4nc(N5CCOCC5)nc(N5CCOCC5)n4)cc3o2)cc1,5.46,0.0,1
CHEMBL3267,O=C(O)c1cn(C2CC2)c2cc(N3CCN(C(=O)c4cc(Br)ccc4O)CC3)c(F)cc2c1=O,6.77,0.0,1
CHEMBL3267,O=C(O)c1cn(C2CC2)c2cc(N3CCN(C(=O)c4cc(Cl)ccc4O)CC3)c(F)cc2c1=O,6.76,0.0,1
CHEMBL3267,O=C(O)c1cn(C2CC2)c2cc(N3CCN(C(=O)c4cc([N+](=O)[O-])cc([N+](=O)[O-])c4O)CC3)c(F)cc2c1=O,7.25,0.0,1
CHEMBL3267,O=C(O)c1cn(C2CC2)c2cc(N3CCN(C(=O)c4cc([N+](=O)[O-])ccc4O)CC3)c(F)cc2c1=O,6.73,0.0,1
CHEMBL3267,O=C(O)c1cn(C2CC2)c2cc(N3CCN(C(=O)c4cccnc4Cl)CC3)c(F)cc2c1=O,6.58,0.0,1
CHEMBL3267,O=C(c1cc([C@H]2CCCN2c2cc(F)cc(F)c2)c2oc(N3CCOCC3)cc(=O)c2c1)N1CCOCC1,6.72,0.0,1
CHEMBL3267,O=C(c1cc([C@H]2CCCN2c2cccc(F)c2)c2oc(N3CCOCC3)cc(=O)c2c1)N1CCOCC1,6.47,0.0,1
CHEMBL3267,O=C(c1ccc(NC(=S)Nc2ccc(-c3nc(N4CCOCC4)nc(N4CCOCC4)n3)cc2)cc1)N1CCC[C@H]1CO,6.91,0.0,1
CHEMBL3267,O=C(c1ccc(Nc2nc3ccccc3n3nnnc23)cc1)N1CCN(c2ncccn2)CC1,4.5,0.0,1
CHEMBL3267,O=C(c1ccccc1)c1ccc(N2CCOCC2)cc1O,4.0,0.0,1
CHEMBL3267,O=C(c1nc2c(N3CCOCC3)nc(-c3c[nH]nc3C(F)(F)F)nc2[nH]1)N1CCC(N2CCOCC2)CC1,5.25,0.0,1
CHEMBL3267,O=C1/C(=C/c2c(-c3ccc(Cl)cc3)[nH]c3ccccc23)Oc2cc(O)cc(O)c21,5.84,0.0,1
CHEMBL3267,O=C1/C(=C/c2c(-c3ccc4ccccc4c3)[nH]c3ccccc23)Oc2cc(O)cc(O)c21,5.74,0.0,1
CHEMBL3267,O=C1/C(=C/c2c(-c3ccccc3)[nH]c3ccccc23)Oc2cc(O)cc(O)c21,5.56,0.0,1
CHEMBL3267,O=C1/C(=C/c2c[nH]c3ccc(Br)cc23)Oc2cc(O)cc(O)c21,5.79,0.0,1
CHEMBL3267,O=C1/C(=C/c2c[nH]c3ccc(Cl)cc23)Oc2cc(O)cc(O)c21,5.44,0.0,1
CHEMBL3267,O=C1CC2(CCCC2)Cc2nc(N3CCOCC3)sc21,4.79,0.0,1
CHEMBL3267,O=C1CC2(CCCCC2)Cc2nc(N3CCOCC3)sc21,5.2,0.0,1
CHEMBL3267,O=C1CCCc2nc(N3CCOCC3)sc21,4.78,0.0,1
CHEMBL3267,O=C1NC(=O)/C(=C/c2ccc(-c3cc(C(=O)O)ccc3O)o2)S1,6.28,0.0,1
CHEMBL3267,O=C1NC(=O)/C(=C/c2ccc(-c3cc(Cl)ccc3O)o2)S1,7.37,0.0,1
CHEMBL3267,O=C1NC(=O)/C(=C/c2ccc(-c3cc(F)cc(F)c3O)o2)S1,7.54,0.0,1
CHEMBL3267,O=C1NC(=O)/C(=C/c2ccc(-c3cc(F)cc(F)c3O)s2)S1,7.54,0.0,1
CHEMBL3267,O=C1NC(=O)/C(=C/c2ccc(-c3cc(F)ccc3O)o2)S1,7.43,0.0,1
CHEMBL3267,O=C1NC(=O)/C(=C/c2ccc(-c3cc(O)ccc3O)o2)S1,7.7,0.0,1
CHEMBL3267,O=C1NC(=O)/C(=C/c2ccc(-c3cc(OC(F)(F)F)ccc3O)o2)S1,7.25,0.0,1
CHEMBL3267,O=C1NC(=O)/C(=C/c2ccc(-c3ccc(F)cc3F)o2)S1,5.42,0.0,1
CHEMBL3267,O=C1NC(=O)/C(=C/c2ccc(-c3ccc(F)cc3O)o2)S1,7.5,0.028284271247461298,2
CHEMBL3267,O=C1NC(=O)/C(=C/c2ccc(-c3ccc(O)cc3)o2)S1,6.42,0.0,1
CHEMBL3267,O=C1NC(=O)/C(=C/c2ccc(-c3ccc(O)cc3F)o2)S1,6.58,0.0,1
CHEMBL3267,O=C1NC(=O)/C(=C/c2ccc(-c3ccc(O)cc3O)o2)S1,7.7,0.0,1
CHEMBL3267,O=C1NC(=O)/C(=C/c2ccc(-c3ccc([N+](=O)[O-])o3)o2)S1,4.7,0.0,1
CHEMBL3267,O=C1NC(=O)/C(=C/c2ccc(-c3ccc4c(c3)OCO4)o2)S1,4.7,0.0,1
CHEMBL3267,O=C1NC(=O)/C(=C/c2ccc(-c3cccc(C(=O)O)c3)o2)S1,5.37,0.0,1
CHEMBL3267,O=C1NC(=O)/C(=C/c2ccc(-c3cccc(O)c3)o2)S1,6.54,0.0,1
CHEMBL3267,O=C1NC(=O)/C(=C/c2ccc(-c3cccc([N+](=O)[O-])c3O)o2)S1,7.1,0.0,1
CHEMBL3267,O=C1NC(=O)/C(=C/c2ccc(-c3ccccc3)o2)S1,4.7,0.0,1
CHEMBL3267,O=C1NC(=O)/C(=C/c2ccc(-c3ccccc3Cl)o2)S1,4.7,0.0,1
CHEMBL3267,O=C1NC(=O)/C(=C/c2ccc(-c3ccccc3F)o2)S1,5.92,0.0,1
CHEMBL3267,O=C1NC(=O)/C(=C/c2ccc(-c3ccccc3O)o2)S1,7.52,0.0,1
CHEMBL3267,O=C1NC(=O)/C(=C/c2ccc(-c3ccccn3)o2)S1,6.96,0.0,1
CHEMBL3267,O=C1NC(=O)/C(=C/c2ccc(-c3cccnc3)o2)S1,6.02,0.0,1
CHEMBL3267,O=C1NC(=O)/C(=C/c2ccc(-c3ccoc3)o2)S1,6.08,0.0,1
CHEMBL3267,O=C1NC(=O)/C(=C/c2ccc3nccc(-c4ccncc4)c3c2)S1,8.3,0.0,1
CHEMBL3267,O=C1NC(=O)/C(=C/c2ccc3nccn3c2)S1,6.64,0.0,1
CHEMBL3267,O=C1NC(=O)/C(=C/c2ccc3nccnc3c2)S1,8.075,0.035355339059325995,2
CHEMBL3267,O=C1NC(=O)/C(=C\c2ccc3c(c2)OC(F)(F)O3)S1,6.6,0.0,1
CHEMBL3267,O=C1NC(=S)S/C1=C/c1ccc2c(c1)N(Cc1ccc(F)c(Cl)c1)C(=O)CO2,7.27,0.0,1
CHEMBL3267,O=C1NC(=S)S/C1=C\c1ccc(-c2cc([N+](=O)[O-])ccc2Br)o1,5.44,0.0,1
CHEMBL3267,O=C1NC(=S)S/C1=C\c1ccc(-c2cc([N+](=O)[O-])ccc2O)o1,6.7,0.0,1
CHEMBL3267,O=C1NC(=S)S/C1=C\c1ccc(-c2ccc([N+](=O)[O-])cc2Br)o1,5.44,0.0,1
CHEMBL3267,O=C1NC(=S)S/C1=C\c1ccc(-c2cccc(C(=O)O)c2)o1,6.04,0.0,1
CHEMBL3267,O=C1NC(=S)S/C1=C\c1ccc2c(c1)N(CCc1ccc(Br)cc1)C(=O)CO2,8.315000000000001,0.44547727214752614,2
CHEMBL3267,O=C1NC(=S)S/C1=C\c1ccc2c(c1)N(CCc1ccc(C(F)(F)F)cc1)C(=O)CO2,8.405000000000001,0.44547727214752614,2
CHEMBL3267,O=C1NC(=S)S/C1=C\c1ccc2c(c1)N(CCc1ccc(Cl)c(Cl)c1)C(=O)CO2,8.05,0.4384062043356595,2
CHEMBL3267,O=C1NC(=S)S/C1=C\c1ccc2c(c1)N(CCc1ccc(Cl)cc1)C(=O)CO2,8.01,0.43840620433565924,2
CHEMBL3267,O=C1NC(=S)S/C1=C\c1ccc2c(c1)N(CCc1ccc(Cl)cc1Cl)C(=O)CO2,8.055,0.44547727214752425,2
CHEMBL3267,O=C1NC(=S)S/C1=C\c1ccc2c(c1)N(CCc1ccc(F)c(F)c1)C(=O)CO2,8.0,0.43840620433565924,2
CHEMBL3267,O=C1NC(=S)S/C1=C\c1ccc2c(c1)N(CCc1cccc(Cl)c1)C(=O)CO2,8.059999999999999,0.4384062043356583,2
CHEMBL3267,O=C1NC(=S)S/C1=C\c1ccc2c(c1)N(CCc1ccccc1)C(=O)CO2,7.300000000000001,0.43840620433565985,2
CHEMBL3267,O=C1NC(=S)S/C1=C\c1ccc2c(c1)N(Cc1ccc(C(F)(F)F)cc1)C(=O)CO2,7.25,0.4384062043356589,2
CHEMBL3267,O=C1NC(=S)S/C1=C\c1ccc2c(c1)N(Cc1ccc(Cl)cc1)C(=O)CO2,7.83,0.4384062043356602,2
CHEMBL3267,O=C1NC(=S)S/C1=C\c1ccc2c(c1)N(Cc1ccccc1)C(=O)CO2,7.324999999999999,0.44547727214752453,2
CHEMBL3267,O=C1NC(=S)S/C1=C\c1ccc2ncccc2c1,8.64,0.0,1
CHEMBL3267,O=C1NC(=S)S/C1=C\c1ccc2ncsc2c1,8.64,0.0,1
CHEMBL3267,O=C1NCc2c1cc(NCCCc1ccccc1)cc2-c1cc(O)cc(F)c1,5.7,0.0,1
CHEMBL3267,O=C1NCc2c1cc(NCCCc1ccccc1)cc2-c1cccc(O)c1,5.36,0.0,1
CHEMBL3267,O=C1NCc2c1cc(O[C@@H]1CCN(C(=O)C3CC(F)(F)C3)C1)cc2-c1cc(O)cc(F)c1,5.87,0.0,1
CHEMBL3267,O=C1NCc2c1cc(O[C@@H]1CCN(C(=O)C3CC3)C1)cc2-c1cc(O)cc(F)c1,5.75,0.0,1
CHEMBL3267,O=C1NCc2c1cc(O[C@@H]1CCN(C(=O)C3CC3)C1)cc2-c1cnc(F)c(O)c1,5.96,0.0,1
CHEMBL3267,O=C1NCc2c1cc(O[C@@H]1CCN(C(=O)C3CC3)C1)cc2-c1cncc(O)c1,5.51,0.0,1
CHEMBL3267,O=C1NCc2c1cc(O[C@@H]1CCN(C(=O)C3CCOCC3)C1)cc2-c1cc(O)cc(F)c1,5.5,0.0,1
CHEMBL3267,O=Cc1ccc(N2CCOCC2)cc1O,4.43,0.0,1
CHEMBL3267,O=S(=O)(Nc1cc(-c2cc3c(-c4ccncc4)ncnc3s2)cnc1Cl)c1ccc(F)cc1F,7.99,0.0,1
CHEMBL3267,O=S(=O)(Nc1cc(-c2ccc3ncc(N4CCNCC4)nc3c2)cnc1Cl)c1ccc(F)cc1,8.29,0.0,1
CHEMBL3267,O=S(=O)(Nc1cc(-c2ccc3nncc(-c4ccc(N5CCOCC5)cc4)c3c2)cnc1Cl)c1ccccc1,8.64,0.0,1
CHEMBL3267,O=S(=O)(Nc1cc(-c2ccc3nncc(-c4ccc(N5CCOCC5)nc4)c3c2)cnc1Cl)c1ccccc1,8.72,0.0,1
CHEMBL3267,O=S(=O)(Nc1cc(-c2ccc3nncc(-c4ccncc4)c3c2)cnc1Cl)c1ccccc1,8.65,0.0,1
CHEMBL3267,O=S(=O)(Nc1cc(-c2ccc3nncc(-c4cnc(N5CCOCC5)nc4)c3c2)cnc1Cl)c1ccccc1,8.36,0.0,1
CHEMBL3267,O=S(=O)(Nc1cc(-c2ccc3nncc(-n4ccnc4)c3c2)cnc1Cl)c1ccccc1,8.4,0.0,1
CHEMBL3267,O=S(=O)(Nc1cc(-c2ccc3nncc(N4CCCC4)c3c2)cnc1Cl)c1ccccc1,8.22,0.0,1
CHEMBL3267,O=S(=O)(Nc1cc(-c2ccc3nncc(N4CCCCC4)c3c2)cnc1Cl)c1ccccc1,8.5,0.0,1
CHEMBL3267,O=S(=O)(Nc1cc(-c2ccc3nncc(N4CCOCC4)c3c2)cnc1Cl)c1ccccc1,8.36,0.0,1
CHEMBL3267,O=S(=O)(Nc1cc(-c2ccccc2)cnc1Cl)c1ccccc1,4.9,0.0,1
CHEMBL3267,O=S(=O)(Nc1cc(-c2cnc3[nH]cc(-c4ccc(N5CCOCC5)nc4)c3c2)cnc1Cl)c1ccccc1,9.52,0.0,1
CHEMBL3267,O=S(=O)(Nc1cc(-c2cnc3[nH]cc(-c4cnn(CCN5CCOCC5)c4)c3c2)cnc1Cl)c1ccccc1,9.52,0.0,1
CHEMBL3267,O=S(=O)(Nc1cc(-c2cnc3[nH]ccc3n2)cnc1Cl)c1ccccc1,7.24,0.0,1
CHEMBL3267,O=S(=O)(Nc1cc(-c2cnc3[nH]cnc3c2)cnc1Cl)c1ccccc1,7.68,0.0,1
CHEMBL3267,O=S(=O)(Nc1cc(-c2cnc3[nH]nc(-c4ccncc4)c3c2)cnc1Cl)c1ccc(F)cc1,9.19,0.0,1
CHEMBL3267,O=S(=O)(Nc1cc(-c2cnc3[nH]nc(-c4ccncc4)c3c2)cnc1Cl)c1ccccc1,8.13,0.0,1
CHEMBL3267,O=S(=O)(Nc1cc(-c2cnc3[nH]ncc3c2)cnc1Cl)c1ccccc1,7.43,0.0,1
CHEMBL3267,O=S(=O)(Nc1cc(C2=CCOCC2)cnc1Cl)c1ccccc1,6.3,0.0,1
CHEMBL3267,O=S(=O)(c1ccc(O)cc1)N1CCN(c2nc(NCCN3CCOCC3)nc(N3CCOCC3)n2)CC1,7.61,0.0,1
CHEMBL3267,O=[N+]([O-])c1ccc(Nc2nccc(-c3ccc(Br)cc3)n2)cc1,6.58,0.0,1
CHEMBL3267,O=[N+]([O-])c1ccc(Nc2nccc(-c3ccc(Cl)c(Cl)c3)n2)cc1,6.81,0.0,1
CHEMBL3267,O=[N+]([O-])c1ccc(Nc2nccc(-c3ccc(Cl)cc3Cl)n2)cc1,6.41,0.0,1
CHEMBL3267,O=[N+]([O-])c1ccc(Nc2nccc(-c3ccc(F)cc3)n2)cc1,6.61,0.0,1
CHEMBL3267,O=c1c(F)c(N2CCOCC2)nc2n(Cc3cccc(Cl)c3Cl)ccn12,5.89,0.0,1
CHEMBL3267,O=c1c(O)c(-c2cc(O)c(O)c(O)c2)oc2cc(O)cc(O)c12,5.33,0.0,1
CHEMBL3267,O=c1c(O)c(-c2ccc(O)c(O)c2)oc2cc(O)cc(O)c12,4.86,0.0,1
CHEMBL3267,O=c1c2c(Cl)cccc2nc(CSc2ncnc3[nH]cnc23)n1-c1ccccc1-c1ccccc1,5.12,0.0,1
CHEMBL3267,O=c1c2c(Cl)cccc2nc(CSc2ncnc3[nH]cnc23)n1-c1ccccc1Cl,5.26,0.0,1
CHEMBL3267,O=c1c2c(Cl)cccc2nc(CSc2ncnc3[nH]cnc23)n1-c1ccccc1F,5.44,0.0,1
CHEMBL3267,O=c1c2c(F)cccc2nc(CSc2ncnc3[nH]cnc23)n1-c1ccccc1Cl,4.88,0.0,1
CHEMBL3267,O=c1c2c(F)cccc2nc([C@H](CC(F)(F)F)Nc2ncnc3[nH]cnc23)n1-c1ccccc1,5.75,0.0,1
CHEMBL3267,O=c1c2ccccc2nc(CSc2[nH]cnc3ncnc2-3)n1-c1ccccc1Cl,4.55,0.0,1
CHEMBL3267,O=c1cc(-c2ccc3nc(NCC4CCOCC4)sc3c2)ccn1CC1CC1,4.8,0.0,1
CHEMBL3267,O=c1cc(-c2ccc3nc(NCC4CCS(=O)(=O)CC4)sc3c2)ccn1CC1CC1,4.3,0.0,1
CHEMBL3267,O=c1cc(-c2ccc3nc(NC[C@H]4CC[C@H](C(=O)O)CC4)sc3c2)ccn1CC1CC1,5.0,0.0,1
CHEMBL3267,O=c1cc(N2CCOC(CO)C2)nc2n(Cc3cccc(Cl)c3Cl)ccn12,5.6,0.0,1
CHEMBL3267,O=c1cc(N2CCOCC2)[nH]c2c(Cc3ccccc3)cccc12,4.96,0.0,1
CHEMBL3267,O=c1cc(N2CCOCC2)[nH]c2c(OCc3ccccc3)cccc12,4.96,0.0,1
CHEMBL3267,O=c1cc(N2CCOCC2)[nH]c2c(Oc3ccc(F)cc3)cccc12,4.74,0.0,1
CHEMBL3267,O=c1cc(N2CCOCC2)[nH]c2c(Oc3ccccc3F)cccc12,5.14,0.0,1
CHEMBL3267,O=c1cc(N2CCOCC2)nc(NCc2cccc3ccccc23)[nH]1,4.73,0.0,1
CHEMBL3267,O=c1cc(N2CCOCC2)nc2n(Cc3cccc(Cl)c3Cl)c(C3CC3)nn12,5.6,0.0,1
CHEMBL3267,O=c1cc(N2CCOCC2)nc2n(Cc3cccc(Cl)c3Cl)ccn12,5.89,0.0,1
CHEMBL3267,O=c1cc(N2CCOCC2)nc2n(Cc3cccc4ccccc34)c3ccccc3n12,5.1,0.0,1
CHEMBL3267,O=c1cc(N2CCOCC2)nc2n(Cc3cccc4ccccc34)ccn12,5.5,0.0,1
CHEMBL3267,O=c1cc(N2CCOCC2)nc2n(Cc3ccccc3F)ccn12,5.2,0.0,1
CHEMBL3267,O=c1cc(N2CCOCC2)oc2c(-c3cc4ccccc4[nH]3)csc12,6.5,0.0,1
CHEMBL3267,O=c1cc(N2CCOCC2)oc2c(-c3ccc(C(F)(F)F)cc3)csc12,6.09,0.0,1
CHEMBL3267,O=c1cc(N2CCOCC2)oc2c(-c3ccc(Cl)c(Cl)c3)csc12,5.25,0.0,1
CHEMBL3267,O=c1cc(N2CCOCC2)oc2c(-c3ccc(Cl)cc3)csc12,6.23,0.0,1
CHEMBL3267,O=c1cc(N2CCOCC2)oc2c(-c3ccc4[nH]ccc4c3)csc12,5.3,0.0,1
CHEMBL3267,O=c1cc(N2CCOCC2)oc2c(-c3ccc4c(c3)OCCO4)csc12,6.426666666666667,0.483873261643308,3
CHEMBL3267,O=c1cc(N2CCOCC2)oc2c(-c3ccc4c(c3)OCO4)csc12,6.42,0.0,1
CHEMBL3267,O=c1cc(N2CCOCC2)oc2c(-c3cccc4c3sc3ccccc34)cccc12,6.66,0.0,1
CHEMBL3267,O=c1cc(N2CCOCC2)oc2c(-c3ccccc3)cccc12,5.680000000000001,0.3740320841853008,13
CHEMBL3267,O=c1cc(N2CCOCC2)oc2c(-c3ccccc3)csc12,5.8,0.0,1
CHEMBL3267,O=c1cc(N2CCOCC2)oc2c(-c3cccnc3)csc12,5.06,0.0,1
CHEMBL3267,O=c1cc(N2CCOCC2)oc2c(-c3ccco3)csc12,5.38,0.0,1
CHEMBL3267,O=c1cc(N2CCOCC2)oc2c(-c3cccs3)csc12,5.28,0.0,1
CHEMBL3267,O=c1cc(N2CCOCC2)oc2c(-c3ccncc3)csc12,5.26,0.0,1
CHEMBL3267,O=c1cc(N2CCOCC2)oc2c(-c3ccoc3)csc12,6.8,0.0,1
CHEMBL3267,O=c1cc(N2CCOCC2)oc2c(-c3ccsc3)csc12,5.04,0.0,1
CHEMBL3267,O=c1cc(N2CCOCC2)oc2c(Br)csc12,5.66,0.0,1
CHEMBL3267,O=c1cc(N2CCSCC2)nc2n(Cc3cccc(Cl)c3Cl)ccn12,5.8,0.0,1
CHEMBL3267,O=c1cc(N2CCSCC2)oc2c(-c3ccc4c(c3)OCCO4)csc12,5.33,0.0,1
CHEMBL3267,O=c1cc(N2CCSCC2)oc2c(Br)csc12,5.01,0.0,1
CHEMBL3267,O=c1nc(N2CCOCC2)oc2c(-c3ccccc3)cccc12,5.82,0.0,1
CHEMBL3267,O=c1ncn(CCc2ccccc2)c2nc(N3CCOCC3)sc12,5.5,0.0,1
CHEMBL3267,O=c1ncn(Cc2cccc(Cl)c2Cl)c2nc(N3CCOCC3)sc12,5.89,0.0,1
CHEMBL3267,O=c1ncn(Cc2ccccc2)c2nc(N3CCOCC3)sc12,5.2,0.0,1
CHEMBL3267,O=c1ncn(Cc2ccccc2Cl)c2nc(N3CCOCC3)sc12,5.1,0.0,1
CHEMBL3267,O=c1ncn(Cc2ccsc2Cl)c2nc(N3CCOCC3)sc12,5.4,0.0,1
CHEMBL3267,O=c1oc2ccccc2c2nn(CN3CCN(S(=O)(=O)c4ccc(C(F)(F)F)cc4)CC3)cc12,5.64,0.0,1
CHEMBL3267,O=c1oc2ccccc2c2nn(CN3CCN(S(=O)(=O)c4ccc(Cl)c([N+](=O)[O-])c4)CC3)cc12,7.09,0.0,1
CHEMBL3267,O=c1oc2ccccc2c2nn(CN3CCN(S(=O)(=O)c4ccc(Cl)cc4)CC3)cc12,5.58,0.0,1
CHEMBL3267,O=c1oc2ccccc2c2nn(CN3CCN(S(=O)(=O)c4ccc(F)cc4)CC3)cc12,5.12,0.0,1
CHEMBL3267,O=c1oc2ccccc2c2nn(CN3CCN(S(=O)(=O)c4ccc([N+](=O)[O-])cc4)CC3)cc12,5.4,0.0,1
CHEMBL3267,O=c1oc2ccccc2c2nn(CN3CCN(S(=O)(=O)c4cccc([N+](=O)[O-])c4)CC3)cc12,5.03,0.0,1
CHEMBL3267,O=c1oc2ccccc2c2nn(CN3CCN(S(=O)(=O)c4ccccc4[N+](=O)[O-])CC3)cc12,5.08,0.0,1
CHEMBL3267,O=c1oc2ccccc2c2nn(S(=O)(=O)c3ccc(Br)cc3)cc12,4.49,0.0,1
CHEMBL3267,O=c1oc2ccccc2c2nn(S(=O)(=O)c3ccc(C(F)(F)F)cc3)cc12,5.46,0.0,1
CHEMBL3267,O=c1oc2ccccc2c2nn(S(=O)(=O)c3ccc(Cl)c([N+](=O)[O-])c3)cc12,5.73,0.0,1
CHEMBL3267,O=c1oc2ccccc2c2nn(S(=O)(=O)c3ccc(Cl)cc3)cc12,4.61,0.0,1
CHEMBL3267,O=c1oc2ccccc2c2nn(S(=O)(=O)c3ccc(F)cc3)cc12,4.37,0.0,1
CHEMBL3267,O=c1oc2ccccc2c2nn(S(=O)(=O)c3ccc([N+](=O)[O-])cc3)cc12,5.29,0.0,1
CHEMBL3267,O=c1oc2ccccc2c2nn(S(=O)(=O)c3cccc([N+](=O)[O-])c3)cc12,5.02,0.0,1
CHEMBL3267,O=c1oc2ccccc2c2nn(S(=O)(=O)c3ccccc3)cc12,4.42,0.0,1
CHEMBL3267,O=c1oc2ccccc2c2nn(S(=O)(=O)c3ccccc3[N+](=O)[O-])cc12,4.72,0.0,1
CHEMBL3267,OCCN(CCO)c1nc(N2CCOCC2)nc(-n2c(C(F)F)nc3ccccc32)n1,7.84,0.0,1
CHEMBL3267,OCCNc1nc(N2CCOCC2)nc(-n2c(C(F)F)nc3ccccc32)n1,7.27,0.0,1
CHEMBL3267,OCc1ccc(-c2nc(N3CCOCC3)c3nc[nH]c3n2)cc1,5.1,0.0,1
CHEMBL3267,OCc1ccc(-c2nc(N3CCOCC3)c3ncccc3n2)cc1,4.51,0.0,1
CHEMBL3267,OCc1cccc(-c2nc(N3CCOCC3)c3ccn(C4CCNCC4)c3n2)c1,6.29,0.0,1
CHEMBL3267,OCc1cccc(-c2nc(N3CCOCC3)c3cnn(C4CCN(Cc5ccccc5)CC4)c3n2)c1,6.01,0.0,1
CHEMBL3267,OCc1cccc(-c2nc(N3CCOCC3)c3ncccc3n2)c1,6.74,0.0,1
CHEMBL3267,OCc1cccc(-c2nc(N3CCOCC3)c3ncn(C4CCN(Cc5ccc(-c6ccncc6)cc5)CC4)c3n2)c1,6.65,0.0,1
CHEMBL3267,OCc1cccc(-c2nc(N3CCOCC3)c3ncn(C4CCN(Cc5ccc(F)cc5)CC4)c3n2)c1,6.23,0.0,1
CHEMBL3267,OCc1cccc(-c2nc(N3CCOCC3)c3ncn(C4CCN(Cc5ccccc5)CC4)c3n2)c1,5.95,0.0,1
CHEMBL3267,OCc1cccc(-c2nc(N3CCOCC3)c3ncn(C4CCN(Cc5ccccc5F)CC4)c3n2)c1,5.96,0.0,1
CHEMBL3267,OCc1cccc(-c2nc(N3CCOCC3)c3ncn(C4CCN(Cc5ccccn5)CC4)c3n2)c1,6.11,0.0,1
CHEMBL3267,OCc1cccc(-c2nc(N3CCOCC3)c3ncn(C4CCN(c5ccc(F)cc5F)CC4)c3n2)c1,6.19,0.0,1
CHEMBL3267,OCc1cccc(-c2nc(N3CCOCC3)c3ncn(C4CCNCC4)c3n2)c1,6.17,0.0,1
CHEMBL3267,OCc1cccc(-c2nc(N3CCOCC3)c3ncn(CC4CCN(Cc5ccccc5)CC4)c3n2)c1,5.78,0.0,1
CHEMBL3267,OCc1cccc(-c2nc(N3CCOCC3)c3nnn(C4CCN(Cc5ccccc5)CC4)c3n2)c1,6.36,0.0,1
CHEMBL3267,Oc1cc(-c2ccncc2)nc2c(Cc3cccc(Cl)c3Cl)c(C(F)(F)F)nn12,6.4,0.0,1
CHEMBL3267,Oc1cc(N2CCOCC2)nc2c(Cc3cccc(Cl)c3Cl)c(C(F)(F)F)nn12,6.6,0.0,1
CHEMBL3267,Oc1ccc(-c2nc(N3CCOCC3)c3nc[nH]c3n2)cc1,5.07,0.0,1
CHEMBL3267,Oc1ccc(-c2nc(N3CCOCC3)c3ncccc3n2)cc1,5.19,0.0,1
CHEMBL3267,Oc1cccc(-c2cc(N3CCOCC3)nc(NCCc3ccccn3)n2)c1,6.42,0.0,1
CHEMBL3267,Oc1cccc(-c2cc(NCCc3ccccn3)nc(N3CCOCC3)n2)c1,6.08,0.0,1
CHEMBL3267,Oc1cccc(-c2cc(NCCc3cccnc3)nc(N3CCOCC3)n2)c1,6.02,0.0,1
CHEMBL3267,Oc1cccc(-c2cc(NCCc3ccncc3)nc(N3CCOCC3)n2)c1,6.13,0.0,1
CHEMBL3267,Oc1cccc(-c2cc(NCc3ccccn3)nc(N3CCOCC3)n2)c1,5.12,0.0,1
CHEMBL3267,Oc1cccc(-c2cc(Nc3ccc4[nH]ncc4c3)nc(N3CCOCC3)n2)c1,6.24,0.0,1
CHEMBL3267,Oc1cccc(-c2cc(OCc3ccccn3)nc(N3CCOCC3)n2)c1,6.14,0.0,1
CHEMBL3267,Oc1cccc(-c2nc(-c3ccccn3)cc(N3CCOCC3)n2)c1,7.36,0.0,1
CHEMBL3267,Oc1cccc(-c2nc(-c3cccnc3)cc(N3CCOCC3)n2)c1,6.47,0.0,1
CHEMBL3267,Oc1cccc(-c2nc(-c3ccncc3)cc(N3CCOCC3)n2)c1,6.82,0.0,1
CHEMBL3267,Oc1cccc(-c2nc(N3CCCCC3)c3nc[nH]c3n2)c1,4.99,0.0,1
CHEMBL3267,Oc1cccc(-c2nc(N3CCOCC3)c3cccnc3n2)c1,6.13,0.0,1
CHEMBL3267,Oc1cccc(-c2nc(N3CCOCC3)c3cnn(C4CCN(Cc5ccccc5)CC4)c3n2)c1,5.63,0.0,1
CHEMBL3267,Oc1cccc(-c2nc(N3CCOCC3)c3cnn(C4CCNCC4)c3n2)c1,6.0,0.0,1
CHEMBL3267,Oc1cccc(-c2nc(N3CCOCC3)c3nc[nH]c3n2)c1,5.63,0.0,1
CHEMBL3267,Oc1cccc(-c2nc(N3CCOCC3)c3ncccc3n2)c1,7.51,0.0,1
CHEMBL3267,Oc1cccc(-c2nc(N3CCOCC3)c3ncn(C4CCN(Cc5ccc(N6CCOCC6)nc5)CC4)c3n2)c1,6.43,0.0,1
CHEMBL3267,Oc1cccc(-c2nc(N3CCOCC3)c3ncn(C4CCN(Cc5ccccc5)CC4)c3n2)c1,4.984999999999999,0.021213203435596288,2
CHEMBL3267,Oc1cccc(-c2nc(N3CCOCC3)c3ncn(C4CCN(Cc5cccnc5)CC4)c3n2)c1,6.23,0.0,1
CHEMBL3267,Oc1cccc(-c2nc(N3CCOCC3)c3ncn(C4CCN(Cc5cncc(Cl)c5)CC4)c3n2)c1,6.47,0.0,1
CHEMBL3267,Oc1cccc(-c2nc(N3CCOCC3)c3ncn(C4CCNCC4)c3n2)c1,6.88,0.0,1
CHEMBL3267,Oc1cccc(-c2nc(N3CCOCC3)c3ncn(CC4CCN(Cc5ccccc5)CC4)c3n2)c1,5.62,0.0,1
CHEMBL3267,Oc1cccc(-c2nc(N3CCOCC3)c3oc4ncccc4c3n2)c1,7.232500000000001,0.3986140762920721,12
CHEMBL3267,Oc1cccc(-c2nc(N3CCOCC3)c3sc(CN4CCC(n5cnnc5C(F)(F)F)CC4)cc3n2)c1,6.8,0.0,1
CHEMBL3267,Oc1cccc(-c2nc(N3CCOCC3)c3sc(CN4CC[C@H]5[C@@H](CCc6nnc(C(F)(F)F)n65)C4)cc3n2)c1,6.7,0.0,1
CHEMBL3267,Oc1cccc(-c2nc(N3CCOCC3)c3sc(CN4CC[C@H]5[C@H](CCc6nnc(C(F)(F)F)n65)C4)cc3n2)c1,6.8,0.0,1
CHEMBL3267,Oc1cccc(-c2nc(N3CCOCC3)c3sccc3n2)c1,6.18,0.0,1
CHEMBL3267,Oc1cccc(-c2nc3cncnc3nc2-c2cccc(O)c2)c1,5.05,0.0,1
CHEMBL3267,Oc1cccc(-c2nc3nc(O)nc(O)c3nc2-c2cccc(O)c2)c1,4.34,0.0,1
CHEMBL3267,Oc1cccc2c1nc(C(F)F)n2-c1nc(N2CCOCC2)nc(N2CCOCC2)n1,8.22,0.0,1
CHEMBL3267,Oc1ccccc1-c1nc(N2CCOCC2)c2nc[nH]c2n1,5.29,0.0,1
CHEMBL3267,Oc1ccccc1-c1nc(N2CCOCC2)c2ncccc2n1,5.03,0.0,1
CHEMBL3267,Oc1cncc(-c2nc(N3CCOCC3)c3nc[nH]c3n2)c1,7.33,0.0,1
CHEMBL3267,Oc1cncc(-c2nc(N3CCOCC3)c3ncn(C4CCN(Cc5ccc(Cl)cc5)CC4)c3n2)c1,6.92,0.0,1
CHEMBL3267,Oc1cncc(-c2nc(N3CCOCC3)c3ncn(C4CCN(Cc5ccc(F)nc5)CC4)c3n2)c1,7.21,0.0,1
CHEMBL3267,Oc1cncc(-c2nc(N3CCOCC3)c3ncn(C4CCNCC4)c3n2)c1,7.36,0.0,1
CHEMBL3267,S=c1cc(N2CCOCC2)oc2c(-c3ccccc3)cccc12,5.4,0.0,1
CHEMBL3267,c1cc(-c2ccc3ccncc3c2)c2cc[nH]c2c1,4.8,0.0,1
CHEMBL3267,c1cc(-c2cnc3[nH]ccc3c2)ccn1,4.16,0.0,1
CHEMBL3267,c1cc(-c2cnc3oc4c(N5CCOCC5)nc(-c5cccc6[nH]ccc56)nc4c3c2)c2cc[nH]c2c1,6.2,0.0,1
CHEMBL3267,c1cc(-c2nc(N3CCOCC3)c3oc4ncc(CN5CCCCC5)cc4c3n2)c2cc[nH]c2c1,5.31,0.0,1
CHEMBL3267,c1cc(-c2nc(N3CCOCC3)c3oc4ncc(CN5CCOCC5)cc4c3n2)c2cc[nH]c2c1,5.58,0.0,1
CHEMBL3267,c1cc(-c2nc(N3CCOCC3)c3oc4ncc(N5CCOCC5)cc4c3n2)c2cc[nH]c2c1,6.66,0.0,1
CHEMBL3267,c1cc(-c2nc(N3CCOCC3)c3oc4ncccc4c3n2)c2cc[nH]c2c1,6.5,0.0,1
CHEMBL3267,c1cc(-c2nc(N3CCOCC3)c3sc4ncccc4c3n2)c2cc[nH]c2c1,6.06,0.0,1
CHEMBL3267,c1cc(-c2nnc(CN3CCOCC3)o2)c2cn[nH]c2c1,4.6,0.0,1
CHEMBL3267,c1cc2ccc(-c3nc(N4CCOCC4)c4nc[nH]c4n3)cc2[nH]1,5.13,0.0,1
CHEMBL3267,c1ccc(-c2ncnc3ccc(-c4cnc5ccccc5c4)cc23)cc1,5.25,0.0,1
CHEMBL3267,c1cnc2c(N3CCOCC3)nc(-c3ccc4cn[nH]c4c3)nc2c1,5.1,0.0,1
CHEMBL3267,c1cnc2c(N3CCOCC3)nc(-c3cccc4[nH]ncc34)nc2c1,5.47,0.0,1
CHEMBL3267,c1cnc2ccc(Nc3nc(NC4CC4)c4nc[nH]c4n3)cc2c1,7.05,0.0,1
CHEMBL3267,c1cnc2oc3c(N4CCOCC4)nc(-c4ccnc5[nH]ccc45)nc3c2c1,6.99,0.0,1
CHEMBL3267,c1csc(-c2nc(N3CCOCC3)c3nc[nH]c3n2)c1,5.17,0.0,1
CHEMBL3267,c1nc2c(N3CCOCC3)nc(-c3ccc4c(c3)OCCO4)nc2[nH]1,5.12,0.0,1
CHEMBL3267,c1nc2c(N3CCOCC3)nc(-c3ccc4c(c3)OCO4)nc2[nH]1,5.16,0.0,1
CHEMBL3267,c1nc2c(N3CCOCC3)nc(-c3ccoc3)nc2[nH]1,4.96,0.0,1
CHEMBL3267,c1nc2c(N3CCOCC3)nc(-c3ccsc3)nc2[nH]1,5.1,0.0,1
