chembl_id,smiles,pchembl_value,pchembl_std,n_records
CHEMBL262,Brc1cccc(-n2ncc3c(N/N=C/c4ccncc4)ncnc32)c1,6.6,0.0,1
CHEMBL262,Brc1cnn2c(NCOc3cccnc3)cc(-c3ccccc3)nc12,6.22,0.0,1
CHEMBL262,Brc1cnn2c(NCc3cccnc3)cc(-c3ccccc3)nc12,6.24,0.0,1
CHEMBL262,Brc1cnn2c(NCc3cccnc3)cc(-c3ccco3)nc12,6.51,0.0,1
CHEMBL262,Brc1cnn2c(NCc3cccnc3)cc(-c3cccs3)nc12,6.32,0.0,1
CHEMBL262,Brc1cnn2c(NCc3cccnc3)cc(C3CC3)nc12,5.95,0.0,1
CHEMBL262,Brc1cnn2c(NCc3cccnc3)cc(C3CCCCC3)nc12,7.57,0.0,1
CHEMBL262,Brc1cnn2c(NCc3cccnc3)cc(C3CCCNC3)nc12,6.75,0.0,1
CHEMBL262,Brc1cnn2c(NCc3cccnc3)cc(C3CCNCC3)nc12,6.39,0.0,1
CHEMBL262,C#CC(=O)c1ccc2nc(NC(=O)NCc3ccc(OC)cc3)[nH]c2c1,5.61,0.0,1
CHEMBL262,C#CC(=O)c1ccc2nc(NC(=O)NCc3ccc(OC)cc3)sc2c1,5.38,0.0,1
CHEMBL262,C#CCOc1ccc2c(C3=C(c4cn(C)c5ccc(Br)cc45)C(=O)NC3=O)coc2c1,7.6,0.0,1
CHEMBL262,C#Cc1ccc2c(c1)[nH]c1ncnc(N(C)C3CCCN(CCC#N)C3)c12,7.619999999999999,0.028284271247461613,2
CHEMBL262,C#Cc1ccc2c(c1)[nH]c1ncnc(N(C)[C@H]3CCCN(CCC#N)C3)c12,8.21,0.014142135623732533,2
CHEMBL262,C#Cc1ccc2c(c1)[nH]c1ncnc(N3CCC4CCN(CCC#N)CC43)c12,8.7,0.0,1
CHEMBL262,C#Cc1cnn2c(NCc3cccnc3)cc(-c3ccccc3)nc12,5.01,0.0,1
CHEMBL262,C#Cc1nc(Nc2ccccc2)nc2[nH]cnc12,5.13,0.0,1
CHEMBL262,C(=N\Nc1ncnc2c1cnn2-c1cccc(NCC2CC2)c1)/c1ccncc1,5.7,0.0,1
CHEMBL262,C(=N\Nc1ncnc2c1cnn2-c1ccccc1)/c1ccncc1,7.0,0.0,1
CHEMBL262,C(=N\Nc1ncnc2c1cnn2-c1ccccn1)/c1ccncc1,5.9,0.0,1
CHEMBL262,C(=N\Nc1ncnc2c1cnn2-c1cccnc1)/c1ccncc1,7.5,0.0,1
CHEMBL262,C(=N\Nc1ncnc2c1cnn2-c1ccncc1)/c1ccncc1,8.5,0.0,1
CHEMBL262,C(=N\Nc1ncnc2c1cnn2-c1nccs1)/c1ccncc1,7.4,0.0,1
CHEMBL262,C/C(=C1/SC(=N)NC1=O)c1ccc(-c2ccc(S(N)(=O)=O)cc2)o1,6.37,0.0,1
CHEMBL262,C/C(=C\C=C\[C@@H](C)CC/C=C(\C)CC1OC(=O)C(=O)C1=O)CCCc1ccoc1,5.12,0.0,1
CHEMBL262,C/C=C/C(=O)NCCCN1CCC(CNC(=O)c2n[nH]c3ccc(OC)cc23)CC1,5.965,0.2050609665440991,2
CHEMBL262,C/C=C/c1ccc2c(NC(=O)CCC)n[nH]c2c1,5.61,0.0,1
CHEMBL262,C1=C(c2nccc3c2[nH]c2ccccc23)C2CCN3CCCC/C=C\C/C=C/1[C@@H]1N4CCCC/C=C\[C@H]4C[C@]21C3,5.27,0.0,1
CHEMBL262,C1=CC2C(c3ccnc(Nc4ccccc4)n3)=C(c3ccccc3)NN2C=C1,7.22,0.0,1
CHEMBL262,C1=CC2C(c3ccnc(Nc4ccccc4)n3)=CNN2C=C1,6.82,0.0,1
CHEMBL262,C=C(C)C=Cn1c(=O)c(C(=O)NNC(=O)CCCCCCC)c(O)c2ccccc21,5.15,0.0,1
CHEMBL262,C=C(C)C=Cn1c(=O)c(C(=O)NNC(=O)CCCCCCCCCCC)c(O)c2ccccc21,5.11,0.0,1
CHEMBL262,C=C(C)c1ccncc1NC(=O)c1ccnc(NC(=O)C2CC2)c1,8.36,0.0,1
CHEMBL262,C=CC(=O)N1C(=O)CC(C)Sc2ccccc21,4.7,0.0,1
CHEMBL262,C=CC(=O)N1C(=O)CC(c2ccc(-c3ccccc3)cc2)Sc2ccccc21,5.24,0.0,1
CHEMBL262,C=CC(=O)N1C(=O)CC(c2ccc(Br)cc2)Sc2ccccc21,5.19,0.0,1
CHEMBL262,C=CC(=O)N1C(=O)CC(c2ccc(C#N)cc2)Sc2ccccc21,5.21,0.0,1
CHEMBL262,C=CC(=O)N1C(=O)CC(c2ccc(C(=O)OC)cc2)Sc2ccccc21,5.22,0.0,1
CHEMBL262,C=CC(=O)N1C(=O)CC(c2ccc(C(F)(F)F)cc2)Sc2ccccc21,4.82,0.0,1
CHEMBL262,C=CC(=O)N1C(=O)CC(c2ccc(C)cc2)Sc2ccccc21,5.32,0.0,1
CHEMBL262,C=CC(=O)N1C(=O)CC(c2ccc(Cl)cc2)Sc2ccccc21,5.17,0.0,1
CHEMBL262,C=CC(=O)N1C(=O)CC(c2ccc(F)cc2)Sc2ccccc21,5.18,0.0,1
CHEMBL262,C=CC(=O)N1C(=O)CC(c2ccc(N3CCOCC3)cc2)Sc2ccccc21,4.82,0.0,1
CHEMBL262,C=CC(=O)N1C(=O)CC(c2ccc(OC)cc2)Sc2ccccc21,5.21,0.0,1
CHEMBL262,C=CC(=O)N1C(=O)CC(c2ccc([N+](=O)[O-])cc2)Sc2ccccc21,5.12,0.0,1
CHEMBL262,C=CC(=O)N1C(=O)CC(c2cccc(Cl)c2)Sc2ccccc21,5.4,0.0,1
CHEMBL262,C=CC(=O)N1C(=O)CC(c2ccccc2)Sc2ccccc21,5.18,0.0,1
CHEMBL262,C=CC(=O)N1C(=O)CC(c2ccccc2C(F)(F)F)Sc2ccccc21,5.55,0.0,1
CHEMBL262,C=CC(=O)N1C(=O)CC(c2ccccc2Cl)Sc2ccccc21,5.6,0.0,1
CHEMBL262,C=CC(=O)N1C(=O)CC(c2cccs2)Sc2ccccc21,5.31,0.0,1
CHEMBL262,C=CC(=O)N1C(=O)CCSc2ccccc21,4.77,0.0,1
CHEMBL262,C=CC(=O)Nc1cccc(C2=C(c3cn(C(C)C)c4ncccc34)C(=O)NC2=O)c1,7.47,0.0,1
CHEMBL262,C=CC(=O)Nc1cccc(C2=C(c3cn(C)c4cc(F)ccc34)C(=O)NC2=O)c1,6.7,0.0,1
CHEMBL262,C=CC(=O)Nc1cccc(C2=C(c3cn(C)c4cc(OC)ccc34)C(=O)NC2=O)c1,6.16,0.0,1
CHEMBL262,C=CC(=O)Nc1cccc(C2=C(c3cn(C)c4ccc(F)cc34)C(=O)NC2=O)c1,6.82,0.0,1
CHEMBL262,C=CC(=O)c1ccc2nc(NC(=O)NCc3ccc(OC)cc3)[nH]c2c1,5.74,0.0,1
CHEMBL262,C=CC(=O)c1ccc2nc(NC(=O)NCc3ccc(OC)cc3)sc2c1,5.39,0.0,1
CHEMBL262,C=CCOC(=O)c1cc(-c2ccc(/C=C3/NC(=S)NC3=O)o2)ccc1Cl,6.66,0.0,1
CHEMBL262,C=CCOc1ccc(/C=N/Nc2ncnc3c2cnn3-c2cccc(OC)c2)cc1,6.8,0.0,1
CHEMBL262,C=CCOc1ccc2c(C3=C(c4cn(C)c5ccc(Br)cc45)C(=O)NC3=O)coc2c1,7.32,0.0,1
CHEMBL262,C=Cc1ccc2c(-c3ccnc(NC4CC4)n3)cnn2n1,5.5,0.0,1
CHEMBL262,C=Cn1cc(C2=C(c3nn(CCCN(C)C)c4ccccc34)C(=O)NC2=O)c2ccccc21,7.31,0.0,1
CHEMBL262,CC#CC(=O)NCCCN1CCC(CNC(=O)c2n[nH]c3ccc(OC)cc23)CC1,6.17,0.1555634918610409,2
CHEMBL262,CC(/C=C1\SC(=S)N(CC(=O)O)C1=O)=C\c1ccccc1,7.68,0.0,1
CHEMBL262,CC(=O)/N=C1/NC(=O)/C(=C\c2ccc(-c3ccc(C(=O)O)cc3)o2)S1,5.43,0.0,1
CHEMBL262,CC(=O)C1=C(c2c[nH]c3ccccc23)C(=O)NC1=O,5.35,0.0,1
CHEMBL262,CC(=O)C1=C(c2cn(C)c3ccccc23)C(=O)NC1=O,6.05,0.0,1
CHEMBL262,CC(=O)N(C)c1ccc2ccn(-c3cc(NC4CC4)n4ncc(C#N)c4n3)c2c1,5.85,0.0,1
CHEMBL262,CC(=O)N1CCC(Nc2ncc3c(n2)-c2c(c(C(N)=O)nn2C)CC3)CC1,7.55,0.0,1
CHEMBL262,CC(=O)N1CCN(C(=O)c2cc(CSc3cnc(NC(=O)c4ccc(CNC(C)C(C)(C)C)cc4)s3)cc(C)c2C)CC1,4.32,0.0,1
CHEMBL262,CC(=O)N1CCN(c2nc(-c3ccncn3)cc(=O)n2C)[C@H](C)C1,7.31,0.0,1
CHEMBL262,CC(=O)N1CC[C@@H](Nc2cncc(C(=O)c3cn(C(C)C)c4ncnc(N)c34)n2)[C@H]1c1ccc(F)cc1,6.47,0.0,1
CHEMBL262,CC(=O)N1CC[C@@H](Nc2cncc(C(=O)c3cn(C(C)C)c4ncnc(N)c34)n2)[C@H]1c1ccccc1,6.07,0.0,1
CHEMBL262,CC(=O)NCCSc1cnn2c(NCc3cccnc3)cc(-c3ccccc3)nc12,7.47,0.0,1
CHEMBL262,CC(=O)N[C@@H]1CCC[C@H](C(=O)Nc2cc(-c3cnn4c3CC(C)(C)C4)c(Cl)cn2)C1,6.61,0.0,1
CHEMBL262,CC(=O)Nc1cc(-c2[nH]c(C(N)=O)nc2-c2ccc(F)cc2)ccn1,7.33,0.0,1
CHEMBL262,CC(=O)Nc1cc(-c2[nH]c(SCc3ccccc3)nc2-c2ccc(F)cc2)ccn1,6.25,0.0,1
CHEMBL262,CC(=O)Nc1cc(-c2nnc(SCc3ccc(-c4ccccc4C#N)cc3)o2)ccn1,7.77,0.0,1
CHEMBL262,CC(=O)Nc1cc(-c2nnc(SCc3cccc(C#N)c3)o2)ccn1,7.72,0.0,1
CHEMBL262,CC(=O)Nc1cc(-c2nnc(SCc3ccccc3)o2)ccn1,7.46,0.0,1
CHEMBL262,CC(=O)Nc1cc(Nc2cc(NC3CC3)n3ncc(C#N)c3n2)ccc1C,5.58,0.0,1
CHEMBL262,CC(=O)Nc1ccc(-c2c(-c3cccnc3)oc3ncnc(N)c23)cc1,5.79,0.0,1
CHEMBL262,CC(=O)Nc1ccc2[nH]cc(-c3cc(NC4CC4)n4ncc(C#N)c4n3)c2c1,6.6,0.0,1
CHEMBL262,CC(=O)Nc1ccc2c(c1)/C(=C\c1ccc(O)cc1)C(=O)N2,4.46,0.0,1
CHEMBL262,CC(=O)Nc1ccc2c(c1)c(-c1cc(NC3CC3)n3ncc(C#N)c3n1)cn2CCC(=O)O,5.22,0.0,1
CHEMBL262,CC(=O)Nc1ccc2ccn(-c3cc(NC4CC4)n4ncc(C#N)c4n3)c2c1,6.89,0.0,1
CHEMBL262,CC(=O)Nc1ccc2ccn(-c3cc(NCCCN(C)C)n4ncc(C#N)c4n3)c2c1,5.58,0.0,1
CHEMBL262,CC(=O)Nc1ccc2cnn(-c3cc(NC4CC4)n4ncc(C#N)c4n3)c2c1,6.16,0.0,1
CHEMBL262,CC(=O)Nc1cccc(-n2ncc3c(N/N=C/c4ccncc4)ncnc32)c1,6.8,0.0,1
CHEMBL262,CC(=O)Nc1cccc(S(=O)(=O)Nc2ccc(-c3nc(-c4ccnc(Nc5ccc(OC(F)(F)F)cc5)c4)no3)cc2)c1,5.66,0.0,1
CHEMBL262,CC(=O)Nc1cnc2ccn(-c3cc(NC4CC4)n4ncc(C#N)c4n3)c2c1,6.0,0.0,1
CHEMBL262,CC(=O)Nc1n[nH]c2ncc(-c3ccccc3)cc12,6.54,0.0,1
CHEMBL262,CC(=O)Nc1nc(C)c(S(=O)(=O)Oc2cccc3c2[nH]c2c(C4=C[C@@]5(O)CC/C=C\CCCCN6CCC4[C@]4(C[C@@H]7CCC(=O)CCCN7[C@H]45)C6)nccc23)s1,5.07,0.0,1
CHEMBL262,CC(=O)O[C@H]1C[C@@H](O)C[C@H](O)C[C@@H](O)[C@@H]2O[C@H]2[C@@H](C)[C@@H]([C@@H](C)[C@@H](O)[C@H](C)[C@@H](O)[C@@H](C)[C@@H](C)O[C@H]2CC[C@H](O[C@@H]3CC[C@@H](OC(=O)[C@H](C)[C@@H](O)/C(C)=C/c4ccc5c(c4)C(=O)C=CC5=O)[C@H](C)O3)[C@H](C)O2)OC(=O)/C=C/[C@H](C)[C@@H](O)C[C@H](O)/C=C/CC[C@@H](C)[C@@H](O)[C@H](O)[C@@]2(O)O[C@@H](C1)C[C@@H](O)[C@@H]2O,5.66,0.0,1
CHEMBL262,CC(=O)Oc1[nH]c2ccccc2c1-c1ccc(C)cc1,4.3,0.0,1
CHEMBL262,CC(=O)Oc1[nH]c2ccccc2c1-c1cccc2ccccc12,5.0,0.0,1
CHEMBL262,CC(=O)Oc1cccc2c1[nH]c1c(C3=C/C4=C/C/C=C\CCCCN5CCC3[C@]3(C[C@@H]6/C=C\CCCCN6[C@@H]43)C5)nccc12,5.32,0.0,1
CHEMBL262,CC(=O)c1c(C)c2cnc(Nc3ccc(N4CCNCC4)cn3)nc2n(C2CCCC2)c1=O,4.95,0.0,1
CHEMBL262,CC(=O)c1ccc(-c2c[nH]c3ncc(/C=C/C(=O)NCCc4ccccn4)cc23)cc1,8.86,0.0,1
CHEMBL262,CC(=O)c1ccc(-c2c[nH]c3ncc(/C=C/C(=O)NCc4ccncc4)cc23)cc1,8.85,0.0,1
CHEMBL262,CC(=O)c1ccc(-c2coc3ccc(-c4ccc(C)o4)cc23)cc1,7.0,0.0,1
CHEMBL262,CC(=O)c1ccc(C(=O)CCl)s1,4.3,0.0,1
CHEMBL262,CC(=O)c1ccc(S(=O)(=O)Nc2ccc(-c3nc(-c4ccnc(Nc5ccc(OC(F)(F)F)cc5)c4)no3)cc2)cc1,5.99,0.0,1
CHEMBL262,CC(=O)c1ccncc1NC(=O)c1ccnc(NC(=O)C2CC2)c1,9.07,0.0,1
CHEMBL262,CC(=O)c1csc(C(=O)CCl)c1,5.1,0.0,1
CHEMBL262,CC(C)(C)C(=O)N1Cc2c(NC(=O)c3cc(F)cc(F)c3)n[nH]c2C1(C)C,5.44,0.0,1
CHEMBL262,CC(C)(C)C(=O)Nc1cc(C(=O)Nc2cncc(-c3cccc(F)c3F)c2)ccn1,7.62,0.0,1
CHEMBL262,CC(C)(C)C(=O)Nc1cc(C(=O)Nc2cnccc2N2CCC(F)(F)CC2)ccn1,8.38,0.0,1
CHEMBL262,CC(C)(C)CN1CCC(NC(=O)c2csc(NC(=O)c3ccc4cc5n(c4c3)C3(CCC3)CNC5=O)n2)CC1,6.04,0.0,1
CHEMBL262,CC(C)(C)CNC(=O)CC1CNC(=O)c2cc(-c3ccncc3)cn21,5.34,0.0,1
CHEMBL262,CC(C)(C)COc1ccncc1NC(=O)c1ccnc(NC(=O)C2CC2)c1,9.0,0.0,1
CHEMBL262,CC(C)(C)c1ccc(-c2ccncc2NC(=O)c2ccnc(NC(=O)C3CC3)c2)cc1,7.72,0.0,1
CHEMBL262,CC(C)(C)c1ccc(C(=O)Nc2cn3cc(-n4ccnc4)ccc3n2)cc1,6.08,0.0,1
CHEMBL262,CC(C)(C)c1ccc(C2=C(c3cn(CCCn4ccnc4)c4ccc(Br)cc34)C(=O)NC2=O)cc1,6.38,0.0,1
CHEMBL262,CC(C)(C)c1ccc(Nc2cc(-c3noc(-c4ccc(NS(=O)(=O)c5ccc(C(C)(C)C)cc5)cc4)n3)ccn2)cc1,6.25,0.0,1
CHEMBL262,CC(C)(C)c1ccc(Nc2nc3ccc(C#N)cc3[nH]2)cc1,4.35,0.0,1
CHEMBL262,CC(C)(C)c1ccc(Nc2nccc(-c3cnn4ncccc34)n2)cc1,7.3,0.0,1
CHEMBL262,CC(C)(C)c1ccc(S(=O)(=O)Nc2ccc(-c3nc(-c4ccnc(Nc5ccc(C(F)(F)F)cc5)c4)no3)cc2)cc1,5.83,0.0,1
CHEMBL262,CC(C)(C)c1ccc(S(=O)(=O)Nc2ccc(-c3nc(-c4ccnc(Nc5ccc(Cl)cc5F)c4)no3)cc2)cc1,5.54,0.0,1
CHEMBL262,CC(C)(C)c1ccc(S(=O)(=O)Nc2ccc(-c3nc(-c4ccnc(Nc5ccc(F)c(C(F)(F)F)c5)c4)no3)cc2)cc1,5.41,0.0,1
CHEMBL262,CC(C)(C)c1ccc(S(=O)(=O)Nc2ccc(-c3nc(-c4ccnc(Nc5ccc(F)c(F)c5)c4)no3)cc2)cc1,5.88,0.0,1
CHEMBL262,CC(C)(C)c1ccc(S(=O)(=O)Nc2ccc(-c3nc(-c4ccnc(Nc5ccc(OC(F)(F)F)cc5)c4)no3)cc2)cc1,5.12,0.0,1
CHEMBL262,CC(C)(C)c1ccc(S(=O)(=O)Nc2ccc(-c3nc(-c4ccnc(Nc5cccc(Cl)c5)c4)no3)cc2)cc1,6.72,0.0,1
CHEMBL262,CC(C)(C)c1ccnc(N[C@H]2CO[C@H]3[C@@H]2OC[C@@H]3NC(=O)Nc2cccc(C(F)(F)F)c2)n1,4.85,0.0,1
CHEMBL262,CC(C)(C)c1cnc(CSc2cnc(NC(=O)C3CCNCC3)s2)o1,6.18,0.0,1
CHEMBL262,CC(C)(C)n1c(=O)n(-c2ccccc2)c2nc(Nc3ccccc3)ncc21,5.62,0.0,1
CHEMBL262,CC(C)(O)C(=O)N1CCN(c2ccc(C(F)(F)F)c(C3=C(c4c[nH]c5ccccc45)C(=O)NC3=O)c2)CC1,8.52,0.0,1
CHEMBL262,CC(C)(O)c1ccc(Nc2nc3ccc(C#N)cc3[nH]2)cc1,4.22,0.0,1
CHEMBL262,CC(C)(O)c1ccncc1NC(=O)c1ccnc(NC(=O)C2CC2)c1,10.0,0.0,1
CHEMBL262,CC(C)=CC(O)C/C(C)=C/COc1c2ccoc2cc2oc(=O)ccc12,6.0,0.0,1
CHEMBL262,CC(C)C(=O)Nc1cc(C(=O)Nc2cncc(-c3cc(F)ccc3F)c2)ccn1,8.34,0.0,1
CHEMBL262,CC(C)C(=O)Nc1cc(C(=O)Nc2cncc(-c3ccccc3F)c2)ccn1,8.25,0.0,1
CHEMBL262,CC(C)C(=O)Nc1cc(C(=O)Nc2cnccc2-c2ccc(Cl)cc2)ccn1,7.7,0.0,1
CHEMBL262,CC(C)C(=O)Nc1cc(C(=O)Nc2cnccc2-c2ccccc2)ccn1,8.85,0.0,1
CHEMBL262,CC(C)C(=O)Nc1cc(C(=O)Nc2cnccc2OCC(C)(F)F)ccn1,8.85,0.0,1
CHEMBL262,CC(C)C(=O)Nc1cc(C(=O)Nc2cnccc2OCC(F)(F)F)ccn1,9.14,0.0,1
CHEMBL262,CC(C)C(=O)Nc1cc(C(=O)Nc2cnccc2OCC(F)F)ccn1,8.74,0.0,1
CHEMBL262,CC(C)C(=O)Nc1cc(C(=O)Nc2cnccc2OCCC(C)(C)O)ccn1,8.55,0.0,1
CHEMBL262,CC(C)C(=O)Nc1cc(C(=O)Nc2cnccc2OCCN2CCOCC2)ccn1,8.64,0.0,1
CHEMBL262,CC(C)C(=O)Nc1n[nH]c2cc(-c3cccc(NC(=O)Nc4ccc(C#N)cc4)c3)sc12,6.38,0.0,1
CHEMBL262,CC(C)C(=O)Nc1n[nH]c2cc(-c3cccc(NC(=O)Nc4ccc(Cl)c(C(F)(F)F)c4)c3)sc12,6.22,0.0,1
CHEMBL262,CC(C)C(=O)Nc1n[nH]c2cc(-c3cccc(NC(=O)Nc4ccc(Cl)c(F)c4)c3)sc12,6.57,0.0,1
CHEMBL262,CC(C)C(=O)Nc1n[nH]c2cc(-c3cccc(NC(=O)Nc4ccc(Cl)cc4)c3)sc12,6.79,0.0,1
CHEMBL262,CC(C)C(=O)Nc1n[nH]c2cc(-c3cccc(NC(=O)Nc4ccc(F)c(F)c4)c3)sc12,6.44,0.0,1
CHEMBL262,CC(C)C(=O)Nc1n[nH]c2cc(-c3cccc(NC(=O)Nc4ccc(F)cc4)c3)sc12,6.43,0.0,1
CHEMBL262,CC(C)C(=O)Nc1n[nH]c2cc(-c3cccc(NC(=O)Nc4ccc(OC(F)(F)F)cc4)c3)sc12,6.31,0.0,1
CHEMBL262,CC(C)C(=O)Nc1n[nH]c2cc(-c3cccc(NC(=O)Nc4cccc(Cl)c4)c3)sc12,6.69,0.0,1
CHEMBL262,CC(C)C(=O)Nc1n[nH]c2cc(-c3cccc(NC(=O)Nc4cccc(F)c4)c3)sc12,6.71,0.0,1
CHEMBL262,CC(C)C(=O)Nc1n[nH]c2cc(-c3cccc(NC(=O)Nc4cccc(OC(F)(F)F)c4)c3)sc12,6.09,0.0,1
CHEMBL262,CC(C)C(=O)Nc1n[nH]c2cc(-c3cccc(NC(=O)Nc4ccccc4)c3)sc12,7.13,0.0,1
CHEMBL262,CC(C)C(=O)Nc1n[nH]c2cc(-c3cccc(NC(=O)Nc4ccccc4Cl)c3)sc12,6.38,0.0,1
CHEMBL262,CC(C)C(=O)Nc1n[nH]c2cc(-c3cccnc3)sc12,8.51,0.0,1
CHEMBL262,CC(C)C(=O)Nc1n[nH]c2ncc(-c3ccccc3)cc12,7.72,0.0,1
CHEMBL262,CC(C)C1CN(c2nc(-c3ccncc3F)cc(=O)n2C)CCO1,7.77,0.0,1
CHEMBL262,CC(C)CC(=O)Nc1n[nH]c2c1CN(C(=O)C1CCN(C)CC1)C2(C)C,7.1,0.0,1
CHEMBL262,CC(C)CN(C)C(=O)c1ccc2cc(-c3n[nH]cc3-c3ccccc3)[nH]c2c1,5.17,0.0,1
CHEMBL262,CC(C)COc1cc(Nc2ccc(S(=O)(=O)N(C)C)cc2)n2ncc(C(C)C)c2n1,4.3,0.0,1
CHEMBL262,CC(C)COc1cc(Nc2ccc(S(C)(=O)=O)cc2)n2ncc(C(C)C)c2n1,4.92,0.0,1
CHEMBL262,CC(C)C[C@H](N)c1cc(C#N)c2cc(-c3ccncc3)ccc2n1,6.95,0.0,1
CHEMBL262,CC(C)Cc1nc(-c2ccncc2)cc(=O)[nH]1,5.62,0.0,1
CHEMBL262,CC(C)N1CCN(c2nc(-c3ccncn3)cc(=O)n2C)[C@H](C)C1,7.89,0.0,1
CHEMBL262,CC(C)Nc1c(F)c(N)c2c(=O)c(C(=O)O)cn(C3CC3)c2c1F,5.92,0.0,1
CHEMBL262,CC(C)Nc1ccc2cnn(-c3cncc(-c4ccc(C(=O)O)cc4)n3)c2c1,6.58,0.0,1
CHEMBL262,CC(C)OC(=O)N1CCn2cc(C3=C(c4cnc5ccccn45)C(=O)NC3=O)c3cccc(c32)C1,8.89,0.0,1
CHEMBL262,CC(C)OC1Cn2cc(C3=C(c4cnc5ccccn45)C(=O)NC3=O)c3cccc(c32)CN1C=O,8.89,0.0,1
CHEMBL262,CC(C)OCCCC(=O)c1n[nH]cc1NC(=O)c1ccccc1,8.7,0.0,1
CHEMBL262,CC(C)OCCCNc1c(F)c(N)c2c(=O)c(C(=O)O)cn(C3CC3)c2c1F,6.96,0.0,1
CHEMBL262,CC(C)Oc1cc(-c2ccnc(NC(=O)C3CC3)c2)ncc1C(N)=O,8.36,0.0,1
CHEMBL262,CC(C)Oc1ccc(F)c(-c2cnc(N)c(C(=O)Nc3cnccc3N3CCCC(C(=O)O)C3)n2)c1,7.4,0.0,1
CHEMBL262,CC(C)Oc1ccc2c(-c3ccnc(NC4CC4)n3)cnn2n1,4.6,0.0,1
CHEMBL262,CC(C)Oc1ccc2c(-c3ccnc(Nc4ccc(N5CCN(C)CC5)cc4)n3)cnn2n1,6.07,0.0,1
CHEMBL262,CC(C)Oc1cccc(-c2ccc3[nH]nc(C(=O)NCC4CCOCC4)c3c2)c1,8.4,0.0,1
CHEMBL262,CC(C)Oc1cccc(-c2ccc3cnc(C(=O)NCC4CCOCC4)n3c2)c1,7.14,0.0,1
CHEMBL262,CC(C)Oc1ccncc1NC(=O)c1ccnc(NC(=O)C2CC2)c1,8.72,0.0,1
CHEMBL262,CC(C)Oc1cncc(-c2ccc3[nH]nc(C(=O)NCC4CCOC4)c3c2)c1,7.77,0.0,1
CHEMBL262,CC(C)Oc1cncc(-c2ccc3[nH]nc(C(=O)NCC4CCOCC4)c3c2)c1,8.4,0.0,1
CHEMBL262,CC(C)Oc1cncc(-c2ccc3[nH]nc(C(=O)NCC4CCS(=O)(=O)C4)c3c2)c1,7.92,0.0,1
CHEMBL262,CC(C)Oc1cncc(-c2ccc3cnc(C(=O)NCC4CCOCC4)n3c2)c1,7.14,0.0,1
CHEMBL262,CC(C)Oc1nc(-c2ccnc(NC(=O)C3CC3)c2)ncc1C(N)=O,9.08,0.0,1
CHEMBL262,CC(C)Oc1nc(-c2ccnc(NC(=O)C3CC3)c2)sc1C(N)=O,9.35,0.0,1
CHEMBL262,CC(C)[C@@H]1COCCN1c1nc(-c2ccncc2F)cc(=O)n1C,7.85,0.0,1
CHEMBL262,CC(C)[C@@H]1COc2c(NCCNc3ccccn3)c(F)c(N)c3c(=O)c(C(=O)O)cn1c23,7.51,0.0,1
CHEMBL262,CC(C)[C@H]1COc2c(NCCNc3ccccn3)c(F)c(N)c3c(=O)c(C(=O)O)cn1c23,7.12,0.0,1
CHEMBL262,CC(C)c1c(-c2ccc(Cl)cc2)[nH]c2nccnc12,6.12,0.0,1
CHEMBL262,CC(C)c1c2cc(-c3ccnc(Nc4ccc5c(N6CCN(C)CC6)ccnc5c4)n3)ccc2nn1C,9.1,0.0,1
CHEMBL262,CC(C)c1cc(NCc2cccnc2)n2ncc(Br)c2n1,6.38,0.0,1
CHEMBL262,CC(C)c1ccc(-c2c3cn[nH]c3nc3c2oc2cc(O)ccc23)cc1,6.59,0.0,1
CHEMBL262,CC(C)c1ccc(Nc2cc(-c3noc(-c4ccc(NS(=O)(=O)c5ccc(C(C)(C)C)cc5)cc4)n3)ccn2)cc1,5.68,0.0,1
CHEMBL262,CC(C)c1ccc(Nc2nccc(-c3cnn4ncccc34)n2)cc1,7.8,0.0,1
CHEMBL262,CC(C)c1ccc2[nH]nc(C(=O)NCC3CCN(CC(=O)O)CC3)c2c1,5.41,0.0,1
CHEMBL262,CC(C)c1ccncc1NC(=O)c1ccnc(NC(=O)C2CC2)c1,7.64,0.0,1
CHEMBL262,CC(C)c1cnn2c(Nc3ccc(S(=O)(=O)N(C)C)cc3)cc(N[C@H]3CC[C@H](N)CC3)nc12,4.4,0.0,1
CHEMBL262,CC(C)c1cnn2c(Nc3ccc(S(=O)(=O)N(C)C)cc3)cc(O[C@H]3CC[C@H](N)CC3)nc12,4.55,0.0,1
CHEMBL262,CC(C)c1n[nH]c(Cl)c1-c1ccnc(Nc2ccc(N3CCC(N(C)C)CC3)cn2)n1,5.02,0.0,1
CHEMBL262,CC(C)c1nc(-c2ccncc2)cc(=O)[nH]1,5.68,0.0,1
CHEMBL262,CC(C)c1nn(-c2c(Cl)cccc2Cl)c2nc(Cc3ccc(OCCO)cc3)[nH]c(=O)c12,6.12,0.0,1
CHEMBL262,CC(C)n1c(=O)n(-c2ccccc2)c2nc(Nc3ccccc3)ncc21,5.54,0.0,1
CHEMBL262,CC(C)n1cc(-c2ccnc3[nH]c(C4CCN(CC(=O)N(C)C)CC4)cc23)ccc1=O,5.68,0.0,1
CHEMBL262,CC(C)n1cc(-c2ccnc3[nH]c(C4CCN(CC(=O)N5CCCC5)CC4)cc23)ccc1=O,5.82,0.0,1
CHEMBL262,CC(C)n1cc(-c2ccnc3[nH]c(C4CCN(CC(=O)N5CCCCC5)CC4)cc23)ccc1=O,5.8,0.0,1
CHEMBL262,CC(C)n1cc(C(=O)c2cncc(N[C@@H]3CCN(C=O)[C@@H]3c3ccc(F)cc3)n2)c2c(N)ncnc21,6.75,0.0,1
CHEMBL262,CC(C)n1cc(C2=C(c3cccc(NC(=O)CF)c3)C(=O)NC2=O)c2cccnc21,7.77,0.0,1
CHEMBL262,CC(C)n1cnc2/c(=N/c3cccc(Cl)c3)nc(NCCO)[nH]c21,7.52,0.0,1
CHEMBL262,CC(F)C(=O)Nc1cc(C(=O)Nc2cnccc2-c2ccccc2)ccn1,7.31,0.0,1
CHEMBL262,CC(O)c1cc(NCc2cccnc2)n2ncc(Br)c2n1,6.3,0.0,1
CHEMBL262,CC(O)c1ccncc1NC(=O)c1ccnc(NC(=O)C2CC2)c1,9.6,0.0,1
CHEMBL262,CC1(C)CC(=O)C2=C(C1)Nc1n[nH]c(C(F)(F)F)c1C2c1cc(F)ccc1F,6.26,0.0,1
CHEMBL262,CC1(C)CC(=O)C2=C(C1)Nc1n[nH]c(C(F)(F)F)c1C2c1cc(F)ccc1OC(F)(F)F,6.26,0.0,1
CHEMBL262,CC1(C)CC(=O)C2=C(C1)Nc1n[nH]c(C(F)(F)F)c1C2c1ccc(F)cc1C(F)(F)F,6.26,0.0,1
CHEMBL262,CC1(C)CC(=O)C2=C(C1)Nc1n[nH]c(C3CC3)c1[C@]2(C)c1ccccc1,8.3,0.0,1
CHEMBL262,CC1(C)CC(=O)C2=C(C1)Nc1n[nH]cc1[C@]2(C)c1ccccc1,6.65,0.0,1
CHEMBL262,CC1(C)CC(=O)C2=C(C1)Nc1ncsc1[C@@]2(C)c1cccc(F)c1,4.9,0.0,1
CHEMBL262,CC1(C)CC(=O)C2=C(C1)Nc1ncsc1[C@@]2(C)c1ccccc1,4.54,0.0,1
CHEMBL262,CC1(C)CC(=O)C2=C(C1)Nc1ncsc1[C@]2(C)c1cccc(F)c1,6.34,0.0,1
CHEMBL262,CC1(C)CC(=O)C2=C(C1)Nc1ncsc1[C@]2(C)c1ccccc1,6.42,0.0,1
CHEMBL262,CC1(C)CC(C(=O)Nc2cc(C(=O)Nc3cnccc3-c3ccccc3)ccn2)C1,8.77,0.0,1
CHEMBL262,CC1(C)CN(c2ccncc2NC(=O)c2ccnc(NC(=O)C3CC3)c2)CCO1,9.1,0.0,1
CHEMBL262,CC1(C)COCCN1c1ccncc1NC(=O)c1ccnc(NC(=O)C2CC2)c1,9.82,0.0,1
CHEMBL262,CC1(C)COc2c(NCCNc3ccccn3)c(F)c(N)c3c(=O)c(C(=O)O)cn(c23)C1,6.8,0.0,1
CHEMBL262,CC1(C)COc2c(NCCNc3ccccn3)c(F)c(N)c3c(=O)c(C(=O)O)cn1c23,7.31,0.0,1
CHEMBL262,CC1(C)Cn2cc(C(=O)O)c(=O)c3c(N)c(F)c(NCCNc4ccccn4)c(c32)O1,6.36,0.0,1
CHEMBL262,CC1=C(O)/C(=C/[C@H](C)CC/C=C(/C)CCCc2coc(Cc3ccoc3)c2)OC1=O,5.635,0.007071067811865324,2
CHEMBL262,CC1=C(O)/C(=C/[C@H](C)CCC/C(C)=C/CCc2coc(Cc3ccoc3)c2)OC1=O,6.1,0.0,1
CHEMBL262,CC1=C(O)[C@@H](C/C(C)=C/CCC(C)/C=C/C=C(\C)CCCc2ccoc2)OC1=O,5.56,0.1538397434561908,4
CHEMBL262,CC1=C(O)[C@@H](C/C(C)=C/CC[C@H](C)/C=C/C=C(\C)CCCc2ccoc2)OC1=O,5.35,0.0,1
CHEMBL262,CC1CC2(CCC2)n2cc(C(=O)O)c(=O)c3c(N)c(F)c(NCCNc4ccccn4)c(c32)O1,6.6,0.0,1
CHEMBL262,CC1CN(c2ccncc2NC(=O)c2ccnn3cc(-c4ccccc4)nc23)CCO1,9.42,0.3959797974644657,2
CHEMBL262,CC1COc2c(NCCNc3ccccn3)c(F)c(N)c3c(=O)c(C(=O)O)cn(c23)C12CCC2,8.0,0.0,1
CHEMBL262,CC1N(c2nc(-c3ccncc3F)cc(=O)n2C)CCOC1(C)C,8.01,0.0,1
CHEMBL262,CCC(=O)NCCCN1CCC(CNC(=O)c2n[nH]c3ccc(OC)cc23)CC1,5.984999999999999,0.049497474683058214,2
CHEMBL262,CCC(=O)Nc1n[nH]c2ncc(-c3ccccc3)cc12,7.37,0.0,1
CHEMBL262,CCC(CC)CNc1c(C(N)=O)cnc2ccc(C#N)cc12,6.26,0.0,1
CHEMBL262,CCC(CO)Nc1nc(Nc2cccc(-c3ccccn3)c2)c2ncn(C(C)C)c2n1,5.39,0.0,1
CHEMBL262,CCCC(=O)NCCCN1CCC(CNC(=O)c2n[nH]c3ccc(OC)cc23)CC1,6.0649999999999995,0.07778174593052013,2
CHEMBL262,CCCC(=O)Nc1cccc(-n2ncc3c(N/N=C/c4ccncc4)ncnc32)c1,6.2,0.0,1
CHEMBL262,CCCC(=O)Nc1n[nH]c2c(Cl)c(Cl)c(-c3ccccc3)cc12,7.92,0.0,1
CHEMBL262,CCCC(=O)Nc1n[nH]c2c(F)c(Cl)c(-c3ccccc3)cc12,8.22,0.0,1
CHEMBL262,CCCC(=O)Nc1n[nH]c2cc(-c3cc(Cl)cc(Cl)c3)ccc12,5.27,0.0,1
CHEMBL262,CCCC(=O)Nc1n[nH]c2cc(-c3cc(F)cc(F)c3)ccc12,5.555,0.021213203435596916,2
CHEMBL262,CCCC(=O)Nc1n[nH]c2cc(-c3ccc(C(C)(C)C)cc3)ccc12,5.42,0.0,1
CHEMBL262,CCCC(=O)Nc1n[nH]c2cc(-c3ccc(C(F)(F)F)cc3)ccc12,4.98,0.0,1
CHEMBL262,CCCC(=O)Nc1n[nH]c2cc(-c3ccc(F)cc3)ccc12,5.3,0.0,1
CHEMBL262,CCCC(=O)Nc1n[nH]c2cc(-c3ccc(N(C)C)cc3)ccc12,4.91,0.0,1
CHEMBL262,CCCC(=O)Nc1n[nH]c2cc(-c3ccc(N)cc3)ccc12,7.12,0.0,1
CHEMBL262,CCCC(=O)Nc1n[nH]c2cc(-c3ccc(N)nc3)ccc12,5.96,0.0,1
CHEMBL262,CCCC(=O)Nc1n[nH]c2cc(-c3ccc(O)c(O)c3)ccc12,7.57,0.0,1
CHEMBL262,CCCC(=O)Nc1n[nH]c2cc(-c3ccc(O)cc3)c(-c3ccc(CC)cc3)cc12,7.31,0.0,1
CHEMBL262,CCCC(=O)Nc1n[nH]c2cc(-c3ccc(O)cc3)c(-c3ccc(O)cc3)cc12,7.25,0.0,1
CHEMBL262,CCCC(=O)Nc1n[nH]c2cc(-c3ccc(O)cc3)c(-c3ccccc3)cc12,7.26,0.0,1
CHEMBL262,CCCC(=O)Nc1n[nH]c2cc(-c3ccc(O)cc3)c(-c3cccnc3)cc12,6.83,0.0,1
CHEMBL262,CCCC(=O)Nc1n[nH]c2cc(-c3ccc(O)cc3)c(-c3ccco3)cc12,7.85,0.0,1
CHEMBL262,CCCC(=O)Nc1n[nH]c2cc(-c3ccc(O)cc3)c(-c3ccoc3)cc12,7.01,0.0,1
CHEMBL262,CCCC(=O)Nc1n[nH]c2cc(-c3ccc(O)cc3)c(Br)cc12,7.73,0.8061017305526645,2
CHEMBL262,CCCC(=O)Nc1n[nH]c2cc(-c3ccc(O)cc3)ccc12,6.01,1.909188309203678,2
CHEMBL262,CCCC(=O)Nc1n[nH]c2cc(-c3ccc(O)cc3Cl)ccc12,7.26,0.0,1
CHEMBL262,CCCC(=O)Nc1n[nH]c2cc(-c3ccc(O)nc3)ccc12,4.78,0.0,1
CHEMBL262,CCCC(=O)Nc1n[nH]c2cc(-c3ccc(OC(F)(F)F)cc3)ccc12,5.26,0.0,1
CHEMBL262,CCCC(=O)Nc1n[nH]c2cc(-c3ccc(OCc4ccccc4)cc3)ccc12,5.93,0.0,1
CHEMBL262,CCCC(=O)Nc1n[nH]c2cc(-c3ccc(SC)cc3)ccc12,5.14,0.0,1
CHEMBL262,CCCC(=O)Nc1n[nH]c2cc(-c3ccc4c(c3)COO4)ccc12,4.6,0.0,1
CHEMBL262,CCCC(=O)Nc1n[nH]c2cc(-c3cccc(O)c3)ccc12,7.03,0.0,1
CHEMBL262,CCCC(=O)Nc1n[nH]c2cc(-c3ccccc3)c(-c3ccccc3)cc12,5.76,0.0,1
CHEMBL262,CCCC(=O)Nc1n[nH]c2cc(-c3ccccc3)ccc12,6.15,0.36769552621700474,2
CHEMBL262,CCCC(=O)Nc1n[nH]c2cc(-c3ccccc3Cl)ccc12,5.87,0.0,1
CHEMBL262,CCCC(=O)Nc1n[nH]c2cc(-c3cccnc3)ccc12,5.095000000000001,0.19091883092036785,2
CHEMBL262,CCCC(=O)Nc1n[nH]c2cc(-c3ccncc3)ccc12,6.18,0.0,1
CHEMBL262,CCCC(=O)Nc1n[nH]c2cc(-c3ccoc3)ccc12,6.58,0.0,1
CHEMBL262,CCCC(=O)Nc1n[nH]c2cc(-c3ccsc3)ccc12,6.03,0.0,1
CHEMBL262,CCCC(=O)Nc1n[nH]c2cc(Br)ccc12,6.7,0.0,1
CHEMBL262,CCCC(=O)Nc1n[nH]c2cc(C(F)(F)F)ccc12,6.71,0.0,1
CHEMBL262,CCCC(=O)Nc1n[nH]c2cc(CCc3ccccc3)ccc12,5.07,0.0,1
CHEMBL262,CCCC(=O)Nc1n[nH]c2cc(Cc3ccccc3)ccc12,5.38,0.0,1
CHEMBL262,CCCC(=O)Nc1n[nH]c2cc(Cl)c(-c3ccc(C)cc3)cc12,7.85,0.0,1
CHEMBL262,CCCC(=O)Nc1n[nH]c2cc(Cl)c(-c3ccc(CC)cc3)cc12,7.92,0.0,1
CHEMBL262,CCCC(=O)Nc1n[nH]c2cc(Cl)c(-c3ccc(F)cc3)cc12,7.275,0.5444722215136423,2
CHEMBL262,CCCC(=O)Nc1n[nH]c2cc(Cl)c(-c3ccc(N)cc3)cc12,8.1,0.0,1
CHEMBL262,CCCC(=O)Nc1n[nH]c2cc(Cl)c(-c3ccc(O)cc3)cc12,7.55,0.636396103067893,2
CHEMBL262,CCCC(=O)Nc1n[nH]c2cc(Cl)c(-c3ccc(OCc4ccccc4)cc3)cc12,7.64,0.0,1
CHEMBL262,CCCC(=O)Nc1n[nH]c2cc(Cl)c(-c3ccc([N+](=O)[O-])cc3)cc12,7.75,0.0,1
CHEMBL262,CCCC(=O)Nc1n[nH]c2cc(Cl)c(-c3ccccc3)cc12,7.625,0.7424621202458754,2
CHEMBL262,CCCC(=O)Nc1n[nH]c2cc(Cl)c(-c3ccncc3)cc12,7.3,0.0,1
CHEMBL262,CCCC(=O)Nc1n[nH]c2cc(Cl)c(-c3ccoc3)cc12,7.74,0.31112698372208153,2
CHEMBL262,CCCC(=O)Nc1n[nH]c2cc(Cl)c(Br)cc12,7.26,0.0,1
CHEMBL262,CCCC(=O)Nc1n[nH]c2cc(Cl)ccc12,6.45,0.0,1
CHEMBL262,CCCC(=O)Nc1n[nH]c2ccc(-c3ccccc3)cc12,7.0,0.0,1
CHEMBL262,CCCC(=O)Nc1n[nH]c2cnc(-c3ccccc3)cc12,8.15,0.0,1
CHEMBL262,CCCC(=O)Nc1n[nH]c2cnc(-c3ccccc3)nc12,5.57,0.0,1
CHEMBL262,CCCC(=O)Nc1n[nH]c2ncc(-c3ccc(-c4ccccc4)cc3)cc12,6.07,0.0,1
CHEMBL262,CCCC(=O)Nc1n[nH]c2ncc(-c3ccc4ccccc4c3)cc12,6.77,0.0,1
CHEMBL262,CCCC(=O)Nc1n[nH]c2ncc(-c3cccc(F)c3)cc12,7.7,0.0,1
CHEMBL262,CCCC(=O)Nc1n[nH]c2ncc(-c3cccc(F)c3F)cc12,8.15,0.0,1
CHEMBL262,CCCC(=O)Nc1n[nH]c2ncc(-c3cccc4ccccc34)cc12,6.62,0.0,1
CHEMBL262,CCCC(=O)Nc1n[nH]c2ncc(-c3ccccc3)cc12,7.25,0.0,1
CHEMBL262,CCCC(=O)Nc1n[nH]c2ncc(-c3ccccc3Cl)cc12,7.57,0.0,1
CHEMBL262,CCCC(=O)Nc1n[nH]c2ncc(-c3ccccc3F)cc12,7.75,0.0,1
CHEMBL262,CCCC(=O)Nc1n[nH]c2ncc(-c3cccnc3)cc12,7.96,0.0,1
CHEMBL262,CCCC(=O)Nc1n[nH]c2ncc(-c3ccncc3)cc12,6.35,0.0,1
CHEMBL262,CCCC(=O)Nc1n[nH]c2ncc(B3OC(C)(C)C(C)(C)O3)cc12,6.45,0.0,1
CHEMBL262,CCCC(=O)Nc1n[nH]c2ncccc12,5.63,0.0,1
CHEMBL262,CCCC(=O)Nc1n[nH]c2nnc(-c3ccccc3)c(-c3ccccc3)c12,6.16,0.0,1
CHEMBL262,CCCC1=C(c2nnc(C)o2)C(c2cccc(C#N)c2Br)c2c[nH]nc2N1,9.15,0.0,1
CHEMBL262,CCCCC(=O)Nc1ncnc2[nH]c(-c3cccc(C#N)c3)nc12,5.91,0.0,1
CHEMBL262,CCCCC/N=c1\nc(-c2ccc(OC)cc2)n(-c2ccccc2)s1,6.24,0.395979797464466,2
CHEMBL262,CCCCC/N=c1\nc(-c2ccccc2)n(-c2ccccc2)s1,5.85,0.0,1
CHEMBL262,CCCCC1CN(c2nc(-c3ccncc3F)cc(=O)n2C)CCO1,7.92,0.0,1
CHEMBL262,CCCCCC(=O)Nc1ncnc2oc(-c3ccc(OC)cc3)cc12,6.36,0.0,1
CHEMBL262,CCCCCCCC(=O)NNC(=O)c1c(O)c2cc(Br)ccc2n(C)c1=O,5.2,0.0,1
CHEMBL262,CCCCCCCC(=O)NNC(=O)c1c(O)c2cc(Br)ccc2n(CC)c1=O,5.13,0.0,1
CHEMBL262,CCCCCCCC(=O)NNC(=O)c1c(O)c2cc(Cl)ccc2n(C)c1=O,5.07,0.0,1
CHEMBL262,CCCCCCCC(=O)NNC(=O)c1c(O)c2cc(Cl)ccc2n(CC)c1=O,5.03,0.0,1
CHEMBL262,CCCCCCCC(=O)NNC(=O)c1c(O)c2ccc(Cl)cc2[nH]c1=O,5.05,0.0,1
CHEMBL262,CCCCCCCC(=O)NNC(=O)c1c(O)c2ccc(Cl)cc2n(C)c1=O,5.18,0.0,1
CHEMBL262,CCCCCCCC(=O)NNC(=O)c1c(O)c2ccc(Cl)cc2n(CC)c1=O,5.32,0.0,1
CHEMBL262,CCCCCCCC(=O)NNC(=O)c1c(O)c2ccc(Cl)cc2n(Cc2ccccc2)c1=O,5.22,0.0,1
CHEMBL262,CCCCCCCC(=O)NNC(=O)c1c(O)c2ccccc2n(C)c1=O,5.06,0.0,1
CHEMBL262,CCCCCCCCCC(=O)OC[C@H](O)[C@H]1OC(=O)C(O)=C1O,5.21,0.0,1
CHEMBL262,CCCCCCCCCCC(=O)NNC(=O)c1c(O)c2ccccc2n(C)c1=O,5.13,0.0,1
CHEMBL262,CCCCCCCCCCCC(=O)N(Cc1ccccc1)NC(=O)c1c(O)c2ccccc2n(Cc2ccccc2)c1=O,5.17,0.0,1
CHEMBL262,CCCCCCCCCCCC(=O)N1CCN(C(=O)C2Sc3ccccc3N(CC)C2=O)CC1,4.63,0.0,1
CHEMBL262,CCCCCCCCCCCC(=O)NNC(=O)C1Sc2ccccc2N(CC)C1=O,5.1,0.0,1
CHEMBL262,CCCCCCCCCCCC(=O)NNC(=O)C1Sc2ccccc2N(Cc2ccccc2)C1=O,5.0,0.0,1
CHEMBL262,CCCCCCCCCCCC(=O)NNC(=O)c1c(O)c2cc(Br)ccc2[nH]c1=O,5.45,0.0,1
CHEMBL262,CCCCCCCCCCCC(=O)NNC(=O)c1c(O)c2cc(Br)ccc2n(C)c1=O,5.37,0.0,1
CHEMBL262,CCCCCCCCCCCC(=O)NNC(=O)c1c(O)c2cc(Br)ccc2n(CC)c1=O,5.7,0.0,1
CHEMBL262,CCCCCCCCCCCC(=O)NNC(=O)c1c(O)c2cc(Cl)ccc2[nH]c1=O,5.42,0.0,1
CHEMBL262,CCCCCCCCCCCC(=O)NNC(=O)c1c(O)c2cc(Cl)ccc2n(C)c1=O,5.22,0.0,1
CHEMBL262,CCCCCCCCCCCC(=O)NNC(=O)c1c(O)c2cc(Cl)ccc2n(CC)c1=O,5.5,0.0,1
CHEMBL262,CCCCCCCCCCCC(=O)NNC(=O)c1c(O)c2cc(F)ccc2[nH]c1=O,5.24,0.0,1
CHEMBL262,CCCCCCCCCCCC(=O)NNC(=O)c1c(O)c2ccc(Cl)cc2[nH]c1=O,5.51,0.0,1
CHEMBL262,CCCCCCCCCCCC(=O)NNC(=O)c1c(O)c2ccc(Cl)cc2n(C)c1=O,5.39,0.0,1
CHEMBL262,CCCCCCCCCCCC(=O)NNC(=O)c1c(O)c2ccc(Cl)cc2n(CC)c1=O,5.61,0.0,1
CHEMBL262,CCCCCCCCCCCC(=O)NNC(=O)c1c(O)c2ccc(Cl)cc2n(Cc2ccccc2)c1=O,5.22,0.0,1
CHEMBL262,CCCCCCCCCCCC(=O)NNC(=O)c1c(O)c2ccccc2n(C)c1=O,5.24,0.15556349186103996,2
CHEMBL262,CCCCCCCCCCCC(=O)NNC(=O)c1c(O)c2ccccc2n(CC)c1=O,5.529999999999999,0.01414213562373159,2
CHEMBL262,CCCCCCCCCCCC(=O)NNC(=O)c1c(O)c2ccccc2n(CC2CC2)c1=O,5.28,0.0,1
CHEMBL262,CCCCCCCCCCCC(=O)NNC(=O)c1c(O)c2ccccc2n(Cc2ccccc2)c1=O,5.26,0.0,1
CHEMBL262,CCCCCCCCCCCCC(=O)NNC(=O)c1c(O)c2ccccc2n(CC)c1=O,5.35,0.0,1
CHEMBL262,CCCCCCCCCCCCCC(=O)N1CCN(C(=O)C2Sc3ccccc3N(CC)C2=O)CC1,4.72,0.0,1
CHEMBL262,CCCCCCCCCCCCCC(=O)NCC(=O)N[C@@H](CCCCN)C(=O)N[C@@H](CCC(=O)O)C(=O)N[C@@H](C)C(=O)N1CCC[C@H]1C(=O)N1CCC[C@H]1C(=O)N[C@@H](C)C(=O)N1CCC[C@H]1C(=O)N1CCC[C@H]1C(=O)N[C@@H](CCC(N)=O)C(=O)N[C@@H](CCP(=O)(O)O)C(=O)N1CCC[C@@H]1C(=O)O,4.4,0.0,1
CHEMBL262,CCCCCCCCCCCCCC(=O)NCC(=O)N[C@@H](CCCCN)C(=O)N[C@@H](CCC(=O)O)C(=O)N[C@@H](C)C(=O)N1CCC[C@H]1C(=O)N1CCC[C@H]1C(=O)N[C@@H](C)C(=O)N1CCC[C@H]1C(=O)N1CCC[C@H]1C(=O)N[C@@H](CCC(N)=O)C(=O)N[C@@H](COP(=O)(O)O)C(=O)N1CCC[C@@H]1C(=O)O,4.4,0.0,1
CHEMBL262,CCCCCCCCCCCCCC(=O)NCC(=O)N[C@@H](CCCCN)C(=O)N[C@@H](CCC(=O)O)C(=O)N[C@@H](C)C(=O)N1CCC[C@H]1C(=O)N1CCC[C@H]1C(=O)N[C@@H](C)C(=O)N1CCC[C@H]1C(=O)N1CCC[C@H]1C(=O)N[C@@H](CCC(N)=O)C(=O)N[C@@H](COP(=O)(O)O)C(=O)N1CCC[C@H]1C(N)=O,4.4,0.0,1
CHEMBL262,CCCCCCCCCCCCCC(=O)N[C@@H](CCCCN)C(=O)N[C@@H](CCC(=O)O)C(=O)N[C@@H](C)C(=O)N1CCC[C@H]1C(=O)N1CCC[C@H]1C(=O)N[C@@H](CO)C(=O)N1CCC[C@H]1C(=O)N1CCC[C@H]1C(=O)N[C@@H](CCC(N)=O)C(=O)N[C@@H](COP(=O)(O)O)C(=O)N1CCC[C@H]1C(=O)O,6.0,0.0,1
CHEMBL262,CCCCCCCCCCCCCC(=O)OC[C@H](O)[C@H]1OC(=O)C(O)=C1O,5.24,0.0,1
CHEMBL262,CCCCCCCCCCCCCCC(=O)NC1CCN(C(=O)C2Sc3ccccc3N(CC)C2=O)CC1,4.65,0.0,1
CHEMBL262,CCCCCCCCCCCCCCCC(=O)N1CCN(C(=O)C2Sc3ccccc3N(CC)C2=O)CC1,5.06,0.0,1
CHEMBL262,CCCCCCCCCCCCCCCC(=O)NC1CCN(C(=O)C2Sc3ccccc3N(CC)C2=O)CC1,4.93,0.0,1
CHEMBL262,CCCCCc1ccc2[nH]nc(C(=O)NCC3CCN(CC(=O)O)CC3)c2c1,5.69,0.0,1
CHEMBL262,CCCCCc1n/c(=N\Cc2cccnc2)sn1-c1ccccc1,6.1,0.0,1
CHEMBL262,CCCCNC(=O)N1Cc2n[nH]c(NC(=O)Cc3ccc(N4CCCC4)cc3)c2C1,6.52,0.0,1
CHEMBL262,CCCCNC(=O)N1Cc2n[nH]c(NC(=O)[C@@H](C)c3ccc4ccccc4c3)c2C1,7.3,0.0,1
CHEMBL262,CCCCNc1nccc(-c2cc(C(=O)NCCCc3cccnc3)c(=O)[nH]n2)n1,7.44,0.0,1
CHEMBL262,CCCCOC(=O)c1cc(-c2ccc(/C=C3/NC(=S)NC3=O)o2)ccc1Cl,5.92,0.0,1
CHEMBL262,CCCCOc1ccc(C2=C(c3cn(CCCn4cncc4C)c4ccccc34)C(=O)NC2=O)cc1,7.28,0.0,1
CHEMBL262,CCCCc1c(-c2ccc(O)cc2)[nH]c2nccnc12,6.005000000000001,0.2616295090390223,2
CHEMBL262,CCCCc1nc(-c2ccncc2)cc(=O)[nH]1,5.89,0.0,1
CHEMBL262,CCCCn1c(=O)sn(CC)c1=O,4.16,0.0,1
CHEMBL262,CCCNC(=O)c1ccc(Nc2nc(NCC(F)(F)F)c3cc[nH]c3n2)cc1,5.03,0.0,1
CHEMBL262,CCCNC1=NC(c2ccc(F)cc2)NC(=O)N1,5.36,0.0,1
CHEMBL262,CCCNc1cccc(-n2ncc3c(N/N=C/c4ccncc4)ncnc32)c1,5.4,0.0,1
CHEMBL262,CCCOC(=O)c1cc(-c2ccc(/C=C3/NC(=S)NC3=O)o2)ccc1Cl,6.39,0.0,1
CHEMBL262,CCCOc1ccc(C2=C(c3cn(CCCn4cncc4C)c4ccccc34)C(=O)NC2=O)cc1,6.82,0.0,1
CHEMBL262,CCCc1nn(-c2cccc(OC)c2)c2ncnc(N/N=C/c3ccncc3)c12,8.0,0.0,1
CHEMBL262,CCCn1c(CCCc2ccccc2)nc(-c2ccncc2)cc1=O,5.01,0.0,1
CHEMBL262,CCCn1cnc(C2C=C(C3=C(c4noc5ccccc45)C(=O)NC3=O)c3ccccc32)c1,9.14,0.0,1
CHEMBL262,CCCn1sc(=O)n(CC)c1=O,5.0,0.0,1
CHEMBL262,CCN(CC)CCNC(=O)c1cccc(Nc2nccc(-c3cnn4ncccc34)n2)c1,7.7,0.0,1
CHEMBL262,CCN(CC)Cc1c(C(=O)N/N=C/c2ccncc2)nnn1-c1nonc1N,6.39,0.0,1
CHEMBL262,CCN(CC)Cc1c(C(=O)NCCc2ccncc2)nnn1-c1nonc1N,4.93,0.0,1
CHEMBL262,CCN(CC)Cc1c(C(=O)NN)nnn1-c1nonc1N,4.77,0.0,1
CHEMBL262,CCN(CC)Cc1cccc(Nc2nccc(-c3cnn4ncccc34)n2)c1,7.1,0.0,1
CHEMBL262,CCN(CC)S(=O)(=O)c1cc(Nc2nccc(-c3ccnc(-c4ccc(NC(=O)NC)cc4)c3)n2)ccc1Cl,6.48,0.0,1
CHEMBL262,CCN(CC)c1cc(Nc2ccc(S(N)(=O)=O)cc2)n2ncnc2n1,4.96,0.0,1
CHEMBL262,CCN(CC)c1ccc(-c2nc3c(C(=O)Nc4cnccc4C)ccnc3[nH]2)cc1,8.52,0.0,1
CHEMBL262,CCN(CC)c1ccc(/C=C2\NC(=O)NC2=O)cc1,5.38,0.0,1
CHEMBL262,CCN(CC)c1ccc(/C=N/Nc2ncnc3c2cnn3-c2cccc(OC)c2)cc1,5.6,0.0,1
CHEMBL262,CCN1C(=O)C(C)(C)c2cc3[nH]c4c(c3cc21)CCCc1c(C)n[nH]c1-4,5.11,0.0,1
CHEMBL262,CCN1C(=O)C(c2cccc3ccccc23)Oc2cc3c(cc21)OCO3,4.59,0.0,1
CHEMBL262,CCN1CCN(C(=O)c2ccc(CCNC(=O)c3ccc(O)c4[nH]c(-c5cccs5)nc34)cc2)CC1,7.34,0.0,1
CHEMBL262,CCN1CCN(CCCC(=O)Nc2n[nH]c3nc(-c4ccc(O)cc4)c(Br)cc23)CC1,8.4,0.0,1
CHEMBL262,CCN1CCN(CCCC(=O)Nc2n[nH]c3nc(-c4cccc(O)c4)ccc23)CC1,7.68,0.0,1
CHEMBL262,CCN1CCN(CCCC(=O)Nc2n[nH]c3nnc(-c4ccccc4)cc23)CC1,8.15,0.0,1
CHEMBL262,CCN1CCN(CCCCC(=O)Nc2n[nH]c3nnc(-c4ccccc4)cc23)CC1,8.3,0.0,1
CHEMBL262,CCN1CCN(Cc2ccc(Nc3ncc(F)c(-c4cc(F)c5nc(C)n(C(C)C)c5c4)n3)nc2)CC1,7.390000000000001,0.9475230867899739,2
CHEMBL262,CCN1CCOCCN(CC)CCn2cc(c3ccccc32)C2=C(C(=O)NC2=O)c2cn(c3ccccc23)CCOCC1,7.51,0.0,1
CHEMBL262,CCN1CCOCCOCCn2cc(c3ccccc32)C2=C(C(=O)NC2=O)c2cn(c3ccccc23)CC1,8.4,0.0,1
CHEMBL262,CCN1CCOCCn2cc(c3ccccc32)C2=C(C(=O)NC2=O)c2cn(c3ccccc23)CCOCC1,7.675,0.10606601717798238,2
CHEMBL262,CCNC(=O)/N=c1\sn(CC)c(=O)n1-c1ccccc1,4.12,0.0,1
CHEMBL262,CCNC(=O)N[C@H]1CO[C@H]2[C@@H]1OC[C@@H]2Nc1nccc(-c2ccc(OC)cc2)n1,6.93,0.0,1
CHEMBL262,CCNC(=O)Nc1n[nH]c2ncc(-c3ccccc3)cc12,5.55,0.0,1
CHEMBL262,CCNC(=O)c1nnn(-c2nonc2N)c1CN1CCCCC1,6.55,0.0,1
CHEMBL262,CCNC1=NC(c2ccc(F)cc2)NC(=O)N1,5.0025,0.18080837001274785,4
CHEMBL262,CCNCc1ccc(/C=N/Nc2ncnc3c2cnn3-c2cccc(OC)c2)cc1,8.4,0.0,1
CHEMBL262,CCOC(=O)/N=c1\sn(C(=O)OCC)c(=S)n1-c1ccccc1,4.0,0.0,1
CHEMBL262,CCOC(=O)C/N=c1\nc(-c2ccc(OC)cc2)n(-c2ccccc2)s1,6.3,0.0,1
CHEMBL262,CCOC(=O)C/N=c1\nc(-c2ccccc2)n(-c2ccc(OC)cc2)s1,5.7,0.0,1
CHEMBL262,CCOC(=O)C/N=c1\nc(-c2ccccc2)n(-c2ccc([N+](=O)[O-])cc2)s1,6.0,0.0,1
CHEMBL262,CCOC(=O)C/N=c1\nc(-c2ccccc2)n(-c2ccccc2)s1,5.455,0.41719300090006295,2
CHEMBL262,CCOC(=O)C1Cc2nc(-c3ccc(Cl)c(Cl)c3)n(-c3ccnc(N[C@@H]4CCCN(C(=O)C5CC5)C4)n3)c2C1,6.71,0.0,1
CHEMBL262,CCOC(=O)C1Cc2nc(-c3ccc(Cl)c(Cl)c3)n(-c3ccnc(N[C@H]4CCCN(C(=O)C5CC5)C4)n3)c2C1,5.31,0.0,1
CHEMBL262,CCOC(=O)C1Cc2nc(-c3ccc4ccccc4c3)n(-c3ccnc(N[C@@H]4CCCN(C(=O)C5CC5)C4)n3)c2C1,5.9,0.0,1
CHEMBL262,CCOC(=O)C1Cc2nc(-c3ccc4ccccc4c3)n(-c3ccnc(N[C@H]4CCCN(C(=O)C5CC5)C4)n3)c2C1,5.65,0.0,1
CHEMBL262,CCOC(=O)CCc1cccc2c(C3=C(c4coc5ccccc45)C(=O)NC3=O)cn(C)c12,7.99,0.0,1
CHEMBL262,CCOC(=O)CN1CCC(CNC(=O)c2n[nH]c3ccc(Br)cc23)CC1,6.28,0.0,1
CHEMBL262,CCOC(=O)Cn1sc(=O)n(-c2ccc(C(=O)OCC)cc2)c1=O,6.0,0.0,1
CHEMBL262,CCOC(=O)Cn1sc(=O)n(-c2cccc(C(=O)OCC)c2)c1=O,6.33,0.0,1
CHEMBL262,CCOC(=O)Cn1sc(=O)n(CC(=O)N2CCCCC2)c1=O,6.27,0.0,1
CHEMBL262,CCOC(=O)c1[nH]ncc1/C=C1\C(=O)Nc2ccc([N+](=O)[O-])cc21,5.75,0.0,1
CHEMBL262,CCOC(=O)c1cc(NCc2cccnc2)n2ncc(Br)c2n1,6.1,0.0,1
CHEMBL262,CCOC(=O)c1cc2c(N3CCCC(Nc4nc(N)c(C(C)=O)s4)C3)nc(-c3ccc(Cl)cc3Cl)cn2n1,8.1,0.0,1
CHEMBL262,CCOC(=O)c1ccc(CN2CCC(CNC(=O)c3n[nH]c4ccc(Br)cc34)CC2)o1,6.58,0.0,1
CHEMBL262,CCOC(=O)c1ccc(CN2CCC(CNC(=O)c3n[nH]c4ccc(OC)cc34)CC2)o1,6.48,0.0,1
CHEMBL262,CCOC(=O)c1nc(-c2ccc(F)cc2)c(-c2ccnc(NC(=O)C3CC3)c2)[nH]1,6.05,0.0,1
CHEMBL262,CCOC(=O)c1nc(CN2CCC(CNC(=O)c3n[nH]c4ccc(OC)cc34)CC2)cs1,6.02,0.0,1
CHEMBL262,CCOC(=O)c1ncc(-c2ccnc(NC(=O)C3CC3)c2)[nH]1,6.13,0.0,1
CHEMBL262,CCOC(=O)c1sc(-c2ccnc(NC(=O)C3CC3)c2)nc1OCCF,7.17,0.0,1
CHEMBL262,CCOC(=O)c1sc(-c2ccnc(NC(=O)C3CC3)c2)nc1OCCOCCF,6.38,0.0,1
CHEMBL262,CCOC(=O)c1sc(-c2ccnc(NC(=O)C3CC3)c2)nc1OCCOCCOCCF,6.46,0.0,1
CHEMBL262,CCOC(=O)c1sc(SC(C)=O)cc1O,4.6,0.0,1
CHEMBL262,CCOc1cc(/C=C2\Oc3ccc(OC)cc3C2=O)ccc1O,5.3,0.0,1
CHEMBL262,CCOc1cc(F)c(F)cc1-c1ccc2[nH]nc(C(=O)NCC3CCN(CCOC)CC3)c2c1,5.97,0.0,1
CHEMBL262,CCOc1cccc(-n2ncc3c(N/N=C/c4ccncc4)ncnc32)c1,7.0,0.0,1
CHEMBL262,CCOc1cccc2c3ccnc(C4=C[C@@]5(O)CC/C=C\CCCCN6CCC4[C@]4(C[C@@H]7/C=C\CCCCN7[C@H]45)C6)c3n(CC)c12,4.98,0.0,1
CHEMBL262,CCOc1ccccc1C1CN(c2nc(-c3ccncc3)cc(=O)n2C)CCN1,7.6,0.0,1
CHEMBL262,CCOc1ccccc1C1CN(c2nc(-c3ccncn3)cc(=O)n2C)CCN1,7.7,0.0,1
CHEMBL262,CCOc1ccncc1NC(=O)c1ccnc(NC(=O)C2CC2)c1,8.4,0.0,1
CHEMBL262,CCOc1ccncc1NC(=O)c1ccnc(NC(=O)C2CCC2)c1,8.66,0.0,1
CHEMBL262,CCOc1ccncc1NC(=O)c1ccnc(NC(=O)C2CCCC2)c1,9.21,0.0,1
CHEMBL262,CCOc1ccncc1NC(=O)c1ccnc2[nH]c(-c3ccc(F)cc3)nc12,8.52,0.0,1
CHEMBL262,CCOc1ccncc1NC(=O)c1ccnc2[nH]c(-c3cccc(OC)c3)nc12,8.15,0.0,1
CHEMBL262,CCOc1ccncc1NC(=O)c1ccnc2[nH]c(-c3cccnc3)nc12,8.52,0.0,1
CHEMBL262,CCS(=O)(=O)Nc1ccc(CCNC(=O)c2ccc(O)c3[nH]c(-c4ccc(Cl)cc4Cl)nc23)cc1,7.52,0.0,1
CHEMBL262,CCS(=O)(=O)Nc1ccc(CCNC(=O)c2ccc(O)c3[nH]c(-c4ccc(F)cc4Cl)nc23)cc1,8.7,0.0,1
CHEMBL262,CCS(=O)(=O)Nc1ccc(CCNC(=O)c2ccc(O)c3[nH]c(-c4ccccc4)nc23)cc1,7.33,0.0,1
CHEMBL262,CCS(=O)(=O)Nc1ccc(CCNC(=O)c2ccnc3[nH]c(-c4ccc(F)cc4)nc23)cc1,8.4,0.0,1
CHEMBL262,CCS(=O)(=O)Nc1ccc(CCNC(=O)c2ccnc3[nH]c(-c4ccc(F)cc4F)nc23)cc1,8.7,0.0,1
CHEMBL262,CCS(=O)(=O)Nc1ccc(CCNC(=O)c2ccnc3[nH]c(-c4ccccc4)nc23)cc1,7.85,0.0,1
CHEMBL262,CCS(=O)(=O)Nc1ccc(CCNC(=O)c2ccnc3[nH]c(-c4cccs4)nc23)cc1,7.92,0.0,1
CHEMBL262,CCS(=O)(=O)Nc1ccc(CCNC(=O)c2ccnc3[nH]c(-c4ccoc4)nc23)cc1,9.0,0.0,1
CHEMBL262,CCS(=O)(=O)Nc1ccc(CCNC(=O)c2ccnc3[nH]c(-c4ccsc4)nc23)cc1,8.52,0.0,1
CHEMBL262,CCS(=O)(=O)c1ccc(-c2coc3ccc(-c4ccc(C)o4)cc23)cc1,7.42,0.0,1
CHEMBL262,CCSc1ccc(/C=C2\NC(=O)NC2=O)cc1,5.11,0.0,1
CHEMBL262,CC[C@@H]1CN(Cc2ccccc2)CCN1c1nc(-c2ccncn2)cc(=O)n1C,7.37,0.0,1
CHEMBL262,CC[C@@H]1COCCN1c1nc(-c2ccncc2F)cc(=O)n1C,7.72,0.0,1
CHEMBL262,CC[C@@]1(c2cccc(C)c2)C2=C(CC(C)(C)CC2=O)Nc2ncsc21,6.61,0.0,1
CHEMBL262,CC[C@@]1(c2cccc(Cl)c2)C2=C(CC(C)(C)CC2=O)Nc2ncsc21,5.93,0.0,1
CHEMBL262,CC[C@@]1(c2cccc(F)c2)C2=C(CC(C)(C)CC2=O)Nc2ncsc21,5.64,0.0,1
CHEMBL262,CC[C@@]1(c2cccc(OC)c2)C2=C(CC(C)(C)CC2=O)Nc2ncsc21,6.96,0.0,1
CHEMBL262,CC[C@@]1(c2ccccc2)C2=C(CC(C)(C)CC2=O)Nc2n[nH]cc21,6.29,0.0,1
CHEMBL262,CC[C@@]1(c2ccccc2)C2=C(CC(C)(C)CC2=O)Nc2ncsc21,7.19,0.0,1
CHEMBL262,CC[C@@]1(c2ccccc2)C2=C(CC3(CCCCC3)CC2=O)Nc2ncsc21,6.35,0.0,1
CHEMBL262,CC[C@H]1COCCN1c1nc(-c2ccncc2F)cc(=O)n1C,7.52,0.0,1
CHEMBL262,CC[C@]1(c2cccc(C)c2)C2=C(CC(C)(C)CC2=O)Nc2ncsc21,4.93,0.0,1
CHEMBL262,CC[C@]1(c2cccc(OC)c2)C2=C(CC(C)(C)CC2=O)Nc2ncsc21,4.98,0.0,1
CHEMBL262,CC[C@]1(c2ccccc2)C2=C(CC3(CCCCC3)CC2=O)Nc2ncsc21,5.72,0.0,1
CHEMBL262,CC[S+]([O-])c1ccc(-c2coc3ccc(-c4ccc(C)o4)cc23)cc1,7.46,0.0,1
CHEMBL262,CC[S@+]([O-])c1ccc(-c2coc3ccc(-c4ccc(C)o4)cc23)cc1,7.7,0.0,1
CHEMBL262,CC[S@@+]([O-])c1ccc(-c2coc3ccc(-c4ccc(C)o4)cc23)cc1,6.72,0.0,1
CHEMBL262,CCc1cc(NCc2cccnc2)n2ncc(Br)c2n1,6.04,0.0,1
CHEMBL262,CCc1cc2c(c3cc(OC)c(OC)cc13)C(=O)NC2=O,7.04,0.0,1
CHEMBL262,CCc1ccc(-n2cc(CSC3=NC(c4ccccc4)CC(=O)N3C)nn2)cc1,7.03,0.0,1
CHEMBL262,CCc1ccc(-n2cc(CSc3nnc(Cn4c(C(F)(F)F)nc5ccccc54)o3)nn2)cc1,6.41,0.0,1
CHEMBL262,CCc1ccc(Nc2cc(-c3noc(-c4ccc(NS(=O)(=O)c5ccc(C(C)(C)C)cc5)cc4)n3)ccn2)cc1,5.49,0.0,1
CHEMBL262,CCc1ccc2[nH]nc(C(=O)NCC3CCN(CC(=O)O)CC3)c2c1,6.145,0.1767766952966369,2
CHEMBL262,CCc1cnn2c(NCc3ccc[n+]([O-])c3)cc(N3CCCC[C@H]3CCO)nc12,6.49,0.0,1
CHEMBL262,CCc1cnn2c(NCc3cccnc3)cc(-c3ccccc3)nc12,5.55,0.0,1
CHEMBL262,CCc1nc(-c2ccc(F)cc2)c(-c2ccnc(NC(=O)C3CC3)c2)[nH]1,6.91,0.57662812973354,3
CHEMBL262,CCc1nn(-c2cccc(OC)c2)c2ncnc(N/N=C/c3ccncc3)c12,7.9,0.0,1
CHEMBL262,CCn1c(=O)sn(C(C)C)c1=O,4.46,0.0,1
CHEMBL262,CCn1c(=O)sn(C)c1=O,5.3,0.0,1
CHEMBL262,CCn1c(=O)sn(C2CCCCC2)c1=O,5.0,0.0,1
CHEMBL262,CCn1c(=S)n(C)s/c1=N\c1cccnc1,5.0,0.0,1
CHEMBL262,CCn1c(CCCc2ccccc2)nc(-c2ccncc2)cc1=O,5.72,0.0,1
CHEMBL262,CCn1cc(C2=C(c3cn(CCCO)c4ncccc34)C(=O)NC2=O)c2cccnc21,7.19,0.0,1
CHEMBL262,CCn1sc(=N)n(-c2ccccc2)c1=O,4.19,0.0,1
CHEMBL262,CCn1sc(=O)n(CC)c1=O,4.6,0.0,1
CHEMBL262,CCn1sc(=O)n(CC)c1=S,4.7,0.0,1
CHEMBL262,CCn1sc(=O)n(Cc2ccccc2)c1=O,5.155,0.007071067811865324,2
CHEMBL262,CCn1sc(=O)n(Cc2ccccc2)c1=S,5.22,0.0,1
CHEMBL262,CN(C)C(=O)N1CCn2cc(C3=C(c4cnc5ccccn45)C(=O)NC3=O)c3cccc(c32)C1,8.8,0.0,1
CHEMBL262,CN(C)C(=O)c1sc(-c2ccnc(NC(=O)C3CC3)c2)nc1OCCF,6.82,0.0,1
CHEMBL262,CN(C)C(=O)c1sc(-c2ccnc(NC(=O)C3CC3)c2)nc1OCCOCCF,6.83,0.0,1
CHEMBL262,CN(C)C(=O)c1sc(-c2ccnc(NC(=O)C3CC3)c2)nc1OCCOCCOCCF,6.37,0.0,1
CHEMBL262,CN(C)C1Cn2cc(C3=C(c4cnc5ccccn45)C(=O)NC3=O)c3cccc(c32)CN1C=O,8.8,0.0,1
CHEMBL262,CN(C)CC(O)COc1ccc(Nc2nccc(-c3cnn4nc(N5CCOCC5)ccc34)n2)cc1,6.16,0.0,1
CHEMBL262,CN(C)CCCC(=O)Nc1n[nH]c2nnc(-c3ccccc3)cc12,7.66,0.0,1
CHEMBL262,CN(C)CCCn1cc(C2=C(c3c[nH]c4ccccc34)C(=O)NC2=O)c2ccccc21,6.72,0.0,1
CHEMBL262,CN(C)CCCn1cc(C2=C(c3cccc4ccccc34)C(=O)NC2=O)c2cccnc21,6.85,0.0,1
CHEMBL262,CN(C)CCCn1cc(C2=C(c3ccccc3Cl)C(=O)NC2=O)c2cccnc21,7.82,0.0,1
CHEMBL262,CN(C)CCCn1nc(C2=C(c3cn(-c4ccc5ccccc5c4)c4ccccc34)C(=O)NC2=O)c2ccccc21,5.72,0.0,1
CHEMBL262,CN(C)CCCn1nc(C2=C(c3cn(-c4cccc5ccccc45)c4ccccc34)C(=O)NC2=O)c2ccccc21,6.05,0.0,1
CHEMBL262,CN(C)CCCn1nc(C2=C(c3cn(-c4ccccc4)c4ccccc34)C(=O)NC2=O)c2ccccc21,6.57,0.0,1
CHEMBL262,CN(C)CCCn1nc(C2=C(c3cn(-c4cccnc4)c4ccccc34)C(=O)NC2=O)c2ccccc21,6.82,0.0,1
CHEMBL262,CN(C)CCCn1nc(C2=C(c3cn(-c4cccs4)c4ccccc34)C(=O)NC2=O)c2ccccc21,6.43,0.0,1
CHEMBL262,CN(C)CCCn1nc(C2=C(c3cn(-c4cnc5ccccc5c4)c4ccccc34)C(=O)NC2=O)c2ccccc21,5.41,0.0,1
CHEMBL262,CN(C)CCCn1nc(C2=C(c3cn(-c4cncc5ccccc45)c4ccccc34)C(=O)NC2=O)c2ccccc21,5.89,0.0,1
CHEMBL262,CN(C)CCCn1nc(C2=C(c3cn(-c4csc5ccccc45)c4ccccc34)C(=O)NC2=O)c2ccccc21,5.32,0.0,1
CHEMBL262,CN(C)CCNS(=O)(=O)c1ccc(-c2ccc(/C=C3\SC(=N)NC3=O)o2)cc1,6.29,0.0,1
CHEMBL262,CN(C)CCOc1ccc(/C=C/c2cc(-c3cc4c(=O)[nH]cnc4[nH]3)ccn2)cc1,6.28,0.0,1
CHEMBL262,CN(C)CCn1cc(-c2ccn3c(-c4ccc(C(N)=O)c(OCc5cccc(F)c5)c4)cnc3c2)cn1,7.04,0.0,1
CHEMBL262,CN(C)C[C@@H](OC(=O)N1Cc2c(NC(=O)C(C)(C)C)n[nH]c2C1(C)C)c1ccccc1,6.64,0.0,1
CHEMBL262,CN(C)C[C@H]1CCn2c(c(C3=C(c4cn(C)c5ccccc45)C(=O)NC3=O)c3ccccc32)C1,7.7,0.0,1
CHEMBL262,CN(C)Cc1c(-c2n[nH]c(-c3ccncc3)n2)nnn1-c1nonc1N,5.16,0.0,1
CHEMBL262,CN(C)Cc1ccncc1-c1ccc2[nH]nc(C(=O)NCC3CCOCC3)c2c1,6.66,0.0,1
CHEMBL262,CN(C)Cc1cncc(-c2ccc3[nH]nc(C(=O)NCC4CCOCC4)c3c2)c1,7.64,0.0,1
CHEMBL262,CN(C)S(=O)(=O)Nc1ccc(CCNC(=O)c2ccnc3[nH]c(-c4ccc(F)cc4)nc23)cc1,7.57,0.0,1
CHEMBL262,CN(C)S(=O)(=O)Nc1ccc(CCNC(=O)c2ccnc3[nH]c(-c4ccsc4)nc23)cc1,8.05,0.0,1
CHEMBL262,CN(C)S(=O)(=O)c1ccc(Nc2cc(N[C@H]3CC[C@H](N)CC3)nc3c(Br)cnn23)cc1,5.47,0.0,1
CHEMBL262,CN(C)S(=O)(=O)c1ccc(Nc2cc(N[C@H]3CC[C@H](N)CC3)nc3c(Br)cnn23)cc1Cl,5.06,0.0,1
CHEMBL262,CN(C)S(=O)(=O)c1ccc(Nc2cc(N[C@H]3CC[C@H](N)CC3)nc3c(C#N)cnn23)cc1,6.34,0.0,1
CHEMBL262,CN(C)S(=O)(=O)c1ccc(Nc2cc(N[C@H]3CC[C@H](N)CC3)nc3c(C4CCCC4)cnn23)cc1,4.66,0.0,1
CHEMBL262,CN(C)S(=O)(=O)c1ccc(Nc2cc(N[C@H]3CC[C@H](N)CC3)nc3c(Cl)cnn23)cc1,5.29,0.0,1
CHEMBL262,CN(C)S(=O)(=O)c1ccc(Nc2cc(N[C@H]3CC[C@H](N)CC3)nc3ncnn23)cc1,4.7,0.0,1
CHEMBL262,CN(C)c1cc2cc(n1)CCCn1cc(c3ccccc31)C1=C(C(=O)NC1=O)c1cn(c3ccccc13)CCC2,8.15,0.0,1
CHEMBL262,CN(C)c1ccc(-c2ccnc(N[C@H]3CO[C@H]4[C@@H]3OC[C@@H]4NC(=O)Nc3cccc(C(F)(F)F)c3)n2)cc1,5.25,0.0,1
CHEMBL262,CN(C)c1cccc(/C=C2\SC(=O)NC2=O)c1,5.07,0.0,1
CHEMBL262,CN(C)c1ccccc1/C=C1\SC(=O)NC1=O,5.04,0.0,1
CHEMBL262,CN(C)c1nc2ccc1CCCCn1cc(c3ccccc31)C1=C(C(=O)NC1=O)c1cn(c3ccccc13)CCC2,8.52,0.0,1
CHEMBL262,CN(C)c1nc2ccc1CCCN1C=C(C3=C(C(=O)NC3=O)c3cn(c4ccccc34)CCC2)N2C=CC=CC12,8.15,0.0,1
CHEMBL262,CN(C)c1nc2ccc1CCCn1cc(c3ccccc31)C1=C(C(=O)NC1=O)c1cn(c3ccccc13)CC2,8.52,0.0,1
CHEMBL262,CN(C)c1nc2ccc1CCCn1cc(c3ccccc31)C1=C(C(=O)NC1=O)c1cn(c3ccccc13)CCC2,7.43,0.0,1
CHEMBL262,CN(C1=C(c2ccc(Cl)cc2)C(=O)NC1=O)c1ccccc1,5.64,0.0,1
CHEMBL262,CN(C1=C(c2cccc([N+](=O)[O-])c2)C(=O)NC1=O)c1ccccc1,5.85,0.0,1
CHEMBL262,CN(C1=C(c2ccccc2)C(=O)NC1=O)c1ccccc1,5.58,0.0,1
CHEMBL262,CN(Cc1ccccc1)Cc1c(O)ccc2c1O/C(=C\c1ccc3c(c1)OCO3)C2=O,6.51,0.0,1
CHEMBL262,CN(c1ncnc2[nH]c3cc(-c4ccccc4)ccc3c12)C1CCCN(CCC#N)C1,5.295,0.007071067811865324,2
CHEMBL262,CN(c1ncnc2[nH]c3cc(-c4ccco4)ccc3c12)C1CCCN(CCC#N)C1,5.29,0.014142135623730649,2
CHEMBL262,CN(c1ncnc2[nH]c3cc(Br)ccc3c12)C1CCCN(CCC#N)C1,6.405,0.007071067811865324,2
CHEMBL262,CN(c1ncnc2[nH]c3cc(Br)ccc3c12)[C@@H]1CCCN(CCC#N)C1,6.395,0.007071067811866266,2
CHEMBL262,CN(c1ncnc2[nH]c3cc(Br)ccc3c12)[C@H]1CCCN(CCC#N)C1,6.5,0.0,1
CHEMBL262,CN(c1ncnc2[nH]c3cc(C#N)ccc3c12)C1CCCN(CCC#N)C1,5.91,0.014142135623730649,2
CHEMBL262,CN(c1ncnc2[nH]c3cc(Cl)ccc3c12)C1CCCN(C(=O)CC#N)C1,5.7,0.0,1
CHEMBL262,CN(c1ncnc2[nH]c3cc(Cl)ccc3c12)C1CCCN(CCC#N)C1,6.109999999999999,0.014142135623730963,2
CHEMBL262,CN(c1ncnc2[nH]c3cc(Cl)ccc3c12)[C@@H]1CCCN(CCC#N)C1,6.125,0.03535533905932788,2
CHEMBL262,CN(c1ncnc2[nH]c3cc(Cl)ccc3c12)[C@H]1CCCN(CCC#N)C1,6.305,0.007071067811865324,2
CHEMBL262,CN(c1ncnc2[nH]c3cc(F)ccc3c12)C1CCCN(CCC#N)C1,6.005,0.007071067811865324,2
CHEMBL262,CN(c1ncnc2[nH]c3cc(I)ccc3c12)C1CCCN(CCC#N)C1,5.880000000000001,0.028284271247461613,2
CHEMBL262,CN(c1ncnc2[nH]c3ccc(Br)cc3c12)C1CCCN(CCC#N)C1,5.205,0.007071067811865324,2
CHEMBL262,CN(c1ncnc2[nH]c3ccc(Cl)cc3c12)C1CCCN(CCC#N)C1,5.41,0.014142135623730649,2
CHEMBL262,CN(c1ncnc2[nH]c3cccc(Cl)c3c12)C1CCCN(CCC#N)C1,5.095,0.007071067811865324,2
CHEMBL262,CN(c1ncnc2[nH]c3ccccc3c12)C1CCCN(CCC#N)C1,6.3100000000000005,0.01414213562373159,2
CHEMBL262,CN1C(=N)NC(=O)/C1=C\c1ccc(-c2ccc(F)cc2)o1,5.72,0.0,1
CHEMBL262,CN1C(=O)CC(c2ccccc2)N=C1SCc1cn(-c2ccc(C(C)(C)C)cc2)nn1,5.87,0.0,1
CHEMBL262,CN1C(=O)CC(c2ccccc2)N=C1SCc1cn(-c2cccc([N+](=O)[O-])c2)nn1,6.82,0.0,1
CHEMBL262,CN1C(=O)CC(c2ccccc2)N=C1SCc1cn(-c2ccccc2)nn1,6.04,0.0,1
CHEMBL262,CN1C(=O)CC(c2ccccc2)N=C1SCc1cn(-c2ccccc2F)nn1,6.91,0.0,1
CHEMBL262,CN1C(=O)COc2c1cnc1ccc(Sc3nnc4c(F)cc(-c5cnn(C)c5)cn34)cc21,4.79,0.0,1
CHEMBL262,CN1C(=O)[C@@H](N2CCc3c(nn(Cc4ccccc4)c3Br)C2=O)COc2ccccc21,6.0,0.0,1
CHEMBL262,CN1C(=O)[C@@H](N2CCc3cn(CC4CCS(=O)(=O)CC4)nc3C2=O)COc2ccccc21,6.0,0.0,1
CHEMBL262,CN1C(=O)[C@@H](N2CCc3cn(Cc4ccccc4)nc3C2=O)COc2ccccc21,6.0,0.0,1
CHEMBL262,CN1CC=C(c2c(O)cc(O)c3c(=O)cc(-c4ccc(Sc5nc(-c6ccccc6)c[nH]5)cc4)oc23)CC1,6.45,0.0,1
CHEMBL262,CN1CC=C(c2c(O)cc(O)c3c(=O)cc(-c4ccc(Sc5nc6ccccc6[nH]5)cc4)oc23)CC1,6.93,0.0,1
CHEMBL262,CN1CC=C(c2c(O)cc(O)c3c(=O)cc(-c4ccc(Sc5nc6ccccc6[nH]5)cc4Cl)oc23)CC1,6.67,0.0,1
CHEMBL262,CN1CC=C(c2c(O)cc(O)c3c(=O)cc(-c4ccc(Sc5nc6ccccc6n5C)cc4)oc23)CC1,6.8,0.0,1
CHEMBL262,CN1CC=C(c2c(O)cc(O)c3c(=O)cc(-c4ccc(Sc5nc6ccccc6n5C)cc4Cl)oc23)CC1,7.23,0.0,1
CHEMBL262,CN1CCC(C(=O)Nc2n[nH]c3nc(-c4ccc(O)cc4)c(Br)cc23)CC1,9.0,0.0,1
CHEMBL262,CN1CCC(C(=O)Nc2n[nH]c3nc(-c4ccc(O)cc4)ccc23)CC1,7.92,0.0,1
CHEMBL262,CN1CCC(C(=O)Nc2n[nH]c3nc(-c4ccccc4)c(Br)cc23)CC1,6.42,0.0,1
CHEMBL262,CN1CCC(C(=O)Nc2n[nH]c3nnc(-c4ccccc4)cc23)CC1,8.05,0.0,1
CHEMBL262,CN1CCC(C2=C(C#N)[C@H](c3cccc4nonc34)c3c[nH]nc3N2)CC1,8.6,0.0,1
CHEMBL262,CN1CCC(CC(=O)Nc2n[nH]c3nc(-c4cccs4)c(Br)cc23)CC1,7.75,0.0,1
CHEMBL262,CN1CCC(NC(=O)c2cnc(NCc3cc(Cl)ccc3Cl)nc2NC2CCCC2)CC1,4.52,0.0,1
CHEMBL262,CN1CCC(NC(=O)c2cnc(Nc3cc(Cl)cc(Cl)c3)nc2NC2CCC(N(C)C)CC2)CC1,4.52,0.0,1
CHEMBL262,CN1CCC(NC(=O)c2cnc(Nc3cc(Cl)cc(Cl)c3)nc2N[C@@H]2COC[C@H]2O)CC1,4.52,0.0,1
CHEMBL262,CN1CCCn2cc(c3ccccc32)C2=C(C(=O)NC2=O)c2cn(c3ccccc23)CCOCCOCC1,8.4,0.0,1
CHEMBL262,CN1CCN(C)CCn2cc(c3ccccc32)C2=C(C(=O)NC2=O)c2cn(c3ccccc23)CC1,6.96,0.0,1
CHEMBL262,CN1CCN(C)CCn2cc(c3ccccc32)C2=C(C(=O)NC2=O)c2cn(c3ccccc23)CCN(C)CC1,7.37,0.0,1
CHEMBL262,CN1CCN(CCCn2nc(C3=C(c4cn(-c5ccc6ccccc6c5)c5ccccc45)C(=O)NC3=O)c3ccccc32)CC1,5.92,0.0,1
CHEMBL262,CN1CCN(CCNC(=O)c2cc3c(NCCNc4ccc(C#N)cn4)nc(-c4ccc(Cl)cc4Cl)cn3n2)CC1,7.52,0.0,1
CHEMBL262,CN1CCN(S(=O)(=O)c2ccc(-c3cnc(N)c(C(=O)Nc4cccnc4)n3)cc2)CC1,8.3,0.0,1
CHEMBL262,CN1CCN(c2ccc(NC(=O)c3ccc4c(c3)/C(=C3/Nc5ccccc5C3=O)C(=O)N4)cc2)CC1,7.0,0.0,1
CHEMBL262,CN1CCN(c2ccc(NCCNc3ccc([N+](=O)[O-])c(N)n3)nc2-c2ccc(Cl)cc2Cl)C(=O)C1,8.1,0.0,1
CHEMBL262,CN1CCN(c2ccc(Nc3nccc(-c4cnn5ncccc45)n3)cc2)CC1,6.7,0.0,1
CHEMBL262,CN1CCN(c2ccc(Nc3nccc(-c4cnn5ncccc45)n3)cc2C(F)(F)F)CC1,7.8,0.0,1
CHEMBL262,CN1CCN(c2ccncc2NC(=O)c2c[nH]c3ncc(-c4ccccc4)cc23)CC1,9.41,0.0,1
CHEMBL262,CN1CCN(c2nc(-c3ccncn3)cc(=O)n2C)CC1,6.2,0.0,1
CHEMBL262,CN1CCN(c2nc(C3=C(c4c[nH]c5ccccc45)C(=O)NC3=O)c3ccccc3n2)CC1,6.06,0.0,1
CHEMBL262,CN1CCOCCN(C)CCn2cc(c3ccccc32)C2=C(C(=O)NC2=O)c2cn(c3ccccc23)CC1,8.22,0.0,1
CHEMBL262,CN1CCOCCOCCN(C)CCn2cc(c3ccccc32)C2=C(C(=O)NC2=O)c2cn(c3ccccc23)CC1,8.1,0.0,1
CHEMBL262,CN1CCOCCn2cc(c3ccccc32)C2=C(C(=O)NC2=O)c2cn(c3ccccc23)CCN(C)CC1,7.48,0.0,1
CHEMBL262,CN1CCOCCn2cc(c3ccccc32)C2=C(C(=O)NC2=O)c2cn(c3ccccc23)CCOCC1,7.15,0.0,1
CHEMBL262,CN1CC[C@H](c2c(O)cc(O)c3c(=O)cc(-c4ccccc4Cl)oc23)[C@H](O)C1,6.119999999999999,0.2687005768508883,2
CHEMBL262,CN1Cc2nccc(-c3cn(C)nc3-c3ccc(F)cc3)c2C1=O,5.0,0.0,1
CHEMBL262,CNC(=O)C1CCC(CNC(=O)c2ncoc2-c2ccc(OC)cc2)CC1,6.5,0.0,1
CHEMBL262,CNC(=O)C1Cc2nc(-c3ccc4ccccc4c3)n(-c3ccnc(N[C@@H]4CCCN(C(=O)C5CC5)C4)n3)c2C1,5.78,0.0,1
CHEMBL262,CNC(=O)C1Cc2nc(-c3ccc4ccccc4c3)n(-c3ccnc(N[C@H]4CCCN(C(=O)C5CC5)C4)n3)c2C1,5.75,0.0,1
CHEMBL262,CNC(=O)c1cc(Oc2ccc(NC(=O)Nc3cc(C(F)(F)F)c(Cl)cc3OCCCC(=O)O)cc2)ccn1,6.07,0.0,1
CHEMBL262,CNC(=O)c1cc(Oc2ccc(NC(=O)Nc3ccc(Cl)c(C(F)(F)F)c3)cc2)ccn1,4.785,0.41719300090006295,2
CHEMBL262,CNC(=O)c1ccc(CNC(=O)c2ncoc2-c2ccc(OC)cc2)cc1,6.6,0.0,1
CHEMBL262,CNC(=O)c1ccc(Nc2ncc(C(F)(F)F)c(NCc3nccnc3N(C)S(C)(=O)=O)n2)cc1,6.38,0.0,1
CHEMBL262,CNC(=O)c1nn(C)c2c1CCc1cnc(NC3CCN(C(=O)C4CCN(S(C)(=O)=O)CC4)CC3)nc1-2,6.45,0.0,1
CHEMBL262,CNC(=O)c1sc(-c2ccnc(NC(=O)C3CC3)c2)nc1OC1CCN(Cc2ccccc2)CC1,8.15,0.0,1
CHEMBL262,CNC(=O)c1sc(-c2ccnc(NC(=O)C3CC3)c2)nc1OCCF,8.22,0.0,1
CHEMBL262,CNC(=O)c1sc(-c2ccnc(NC(=O)C3CC3)c2)nc1OCCOCCF,7.44,0.0,1
CHEMBL262,CNC1=NC(c2ccccc2C)NC(=O)N1,4.39,0.0,1
CHEMBL262,CNCCCn1c2ccccc2c2c3cn[nH]c3c3c4ccccc4[nH]c3c21,6.89,0.0,1
CHEMBL262,CNCCCn1cc(C2=C(c3coc4ccccc34)C(=O)NC2=O)c2cc(Br)ccc21,6.39,0.0,1
CHEMBL262,CNCCCn1cc(C2=C(c3coc4ccccc34)C(=O)NC2=O)c2cc(F)ccc21,6.7,0.0,1
CHEMBL262,CNCc1cncc(-c2ccc3[nH]nc(C(=O)NCC4CCOCC4)c3c2)c1,8.22,0.0,1
CHEMBL262,CNS(=O)(=O)c1ccc(-c2ccc(/C=C3\SC(=N)NC3=O)o2)cc1,7.1,0.0,1
CHEMBL262,CN[C@@H]1C[C@H]2O[C@@](C)([C@@H]1OC)n1c3ccccc3c3c4c(c5c6ccccc6n2c5c31)C(=O)NC4,7.714827586206896,0.7005335756695706,29
CHEMBL262,CNc1cc(-c2ccccc2Cl)nc2c(Br)cnn12,6.61,0.0,1
CHEMBL262,CNc1cc(NCc2cccnc2)n2ncc(Br)c2n1,5.34,0.0,1
CHEMBL262,CNc1nc(C)c(-c2ccnc(Nc3ccc(N4CCN(Cc5ccccc5)CC4)cc3)n2)s1,5.22,0.0,1
CHEMBL262,CO/N=C(\CBr)c1ccc(Br)cc1,4.3,0.0,1
CHEMBL262,COC(=N)c1nc2ccc3ncnc(Nc4ccc(Cl)cc4Cl)c3c2s1,6.66,0.0,1
CHEMBL262,COC(=N)c1nc2ccc3ncnc(Nc4ccc(OC)cc4F)c3c2s1,6.84,0.0,1
CHEMBL262,COC(=O)C(=O)c1c(C(=O)OC)nc2n[nH]c(=N)n2c1-c1ccc(O)c(OC)c1,5.61,0.0,1
CHEMBL262,COC(=O)C1=C(Nc2ccccc2Cl)O/C(=C\c2c[nH]c3ncccc23)C1=O,7.29,0.0,1
CHEMBL262,COC(=O)COc1ccc(Nc2ncc3nnn(-c4ccccc4)c3n2)cc1,6.32,0.0,1
CHEMBL262,COC(=O)N1CCN(c2nc(-c3ccncn3)cc(=O)n2C)[C@H](C)C1,7.16,0.0,1
CHEMBL262,COC(=O)Nc1ccc2c(c1)/C(=C/c1ccc(O)cc1)C(=O)N2,6.81,0.0,1
CHEMBL262,COC(=O)Nc1ccc2c(c1)/C(=C\c1ccc(O)cc1)C(=O)N2,6.81,0.0,1
CHEMBL262,COC(=O)Nc1ccc2c(c1)/C(=C\c1ccc([N+](=O)[O-])cc1)C(=O)N2,6.46,0.0,1
CHEMBL262,COC(=O)Nc1ccc2c(c1)C(=Cc1ccc(O)cc1)C(=O)N2,6.81,0.0,1
CHEMBL262,COC(=O)Nc1ccc2c(c1)C(=Cc1ccc([N+](=O)[O-])cc1)C(=O)N2,6.46,0.0,1
CHEMBL262,COC(=O)c1ccc(-c2coc3ccc(-c4ccc(C)o4)cc23)cc1,6.7,0.0,1
CHEMBL262,COC(=O)c1ccc(CSc2nnc(-c3ccc4c(c3)OCCO4)o2)cc1,7.44,0.0,1
CHEMBL262,COC(=O)c1ccc(S(=O)(=O)Nc2ccc(-c3nc(-c4ccnc(Nc5ccc(OC(F)(F)F)cc5)c4)no3)cc2)s1,5.92,0.0,1
CHEMBL262,COC(=O)c1ccc2[nH]c3c(c2c1)CC(=O)Nc1ccccc1-3,5.14,0.0,1
CHEMBL262,COC(=O)c1ccc2c(c1)[nH]c1c(NC(=O)C3CC3)nccc12,7.16,0.0,1
CHEMBL262,COC(=O)c1cccc(CN2C(=O)CC(c3ccccc3)Sc3ccccc32)c1,4.56,0.0,1
CHEMBL262,COC(=O)c1cccc(CSc2nnc(-c3ccc4c(c3)CCO4)o2)c1,6.2,0.0,1
CHEMBL262,COC(=O)c1cccc(CSc2nnc(-c3ccncc3)o2)c1,5.96,0.0,1
CHEMBL262,COC(=O)c1cccc2c3c(c(CC(C)C)cc12)C(=O)NC3=O,6.31,0.0,1
CHEMBL262,COC(=O)c1ccoc1CN1CCC(CNC(=O)c2n[nH]c3ccc(OC)cc23)CC1,6.64,0.0,1
CHEMBL262,COC(=O)c1coc(CN2CCC(CNC(=O)c3n[nH]c4ccc(Br)cc34)CC2)n1,6.44,0.0,1
CHEMBL262,COC(=O)c1coc(CN2CCC(CNC(=O)c3n[nH]c4ccc(OC)cc34)CC2)n1,6.68,0.0,1
CHEMBL262,COC(=O)c1csc(CN2CCC(CNC(=O)c3n[nH]c4ccc(OC)cc34)CC2)n1,6.89,0.0,1
CHEMBL262,COCC(=O)c1[nH]ncc1/C=C1\C(=O)Nc2ccccc21,5.17,0.0,1
CHEMBL262,COCC1COc2ccc(-c3nnc(SCc4ccc(-c5ccccc5C#N)cc4)o3)cc2O1,6.63,0.0,1
CHEMBL262,COCCCn1cc(C2=C(c3ccccc3O)C(=O)NC2=O)c2cccnc21,7.35,0.0,1
CHEMBL262,COCCN1CCC(CNC(=O)c2n[nH]c3ccc(-c4ccc(C)cc4)cc23)CC1,6.25,0.0,1
CHEMBL262,COCCN1CCC(CNC(=O)c2n[nH]c3ccc(-c4ccc(C)nc4)cc23)CC1,7.205,0.021213203435595972,2
CHEMBL262,COCCN1CCC(CNC(=O)c2n[nH]c3ccc(-c4ccc(O)cc4)cc23)CC1,6.05,0.0,1
CHEMBL262,COCCN1CCC(CNC(=O)c2n[nH]c3ccc(-c4ccc(OC)cc4)cc23)CC1,6.25,0.0,1
CHEMBL262,COCCN1CCC(CNC(=O)c2n[nH]c3ccc(-c4ccc(OC)nc4)cc23)CC1,7.29,0.014142135623730649,2
CHEMBL262,COCCN1CCC(CNC(=O)c2n[nH]c3ccc(-c4cccc(F)c4F)cc23)CC1,7.706666666666667,0.040414518843273385,3
CHEMBL262,COCCN1CCC(CNC(=O)c2n[nH]c3ccc(-c4ccccc4)cc23)CC1,6.7,0.0,1
CHEMBL262,COCCN1CCC(CNC(=O)c2n[nH]c3ccc(-c4ccccc4C)cc23)CC1,6.24,0.0,1
CHEMBL262,COCCN1CCC(CNC(=O)c2n[nH]c3ccc(-c4ccccc4F)cc23)CC1,7.15,0.014142135623730963,2
CHEMBL262,COCCN1CCC(CNC(=O)c2n[nH]c3ccc(-c4cccnc4)cc23)CC1,7.515,0.007071067811865324,2
CHEMBL262,COCCN1CCC(CNC(=O)c2n[nH]c3ccc(-c4cccnc4OC)cc23)CC1,5.85,0.0,1
CHEMBL262,COCCN1CCC(CNC(=O)c2n[nH]c3ccc(-c4cncc(OC)c4)cc23)CC1,7.55,0.0424264068711932,2
CHEMBL262,COCCN1CCC(CNC(=O)c2n[nH]c3ccc(-c4cnccc4OC)cc23)CC1,7.324999999999999,0.03535533905932694,2
CHEMBL262,COCCN1CCC(CNC(=O)c2n[nH]c3ccc(OC)cc23)CC1,6.06,0.0,1
CHEMBL262,COCCN1CCC(CNC(=O)c2ncc3ccc(-c4cncc(OC(C)C)c4)cn23)CC1,8.05,0.0,1
CHEMBL262,COCCc1cccc2c(C3=C(c4coc5ccccc45)C(=O)NC3=O)cn(C)c12,7.95,0.0,1
CHEMBL262,COCCc1cccc2c(C3=C(c4coc5ccccc45)C(=O)NC3=O)cn(CCOC)c12,6.94,0.0,1
CHEMBL262,COCCn1cc(-c2ccnc(Nc3cccc(OC)c3)n2)c2ccccc21,6.85,0.0,1
CHEMBL262,COCCn1cc(-c2ccnc(Nc3cccc(OC)c3)n2)c2cccnc21,5.66,0.0,1
CHEMBL262,COCCn1cc(-c2ccnc(Nc3ccccc3)n2)c2ccccc21,6.5,0.0,1
CHEMBL262,COCCn1cc(-c2ccnc(Nc3ccccc3)n2)c2cccnc21,5.98,0.0,1
CHEMBL262,COCCn1cc(C2=C(c3coc4ccccc34)C(=O)NC2=O)c2cc(Br)ccc21,7.08,0.0,1
CHEMBL262,COCCn1cc(C2=C(c3coc4ccccc34)C(=O)NC2=O)c2cc(Br)cnc21,7.6,0.0,1
CHEMBL262,COCCn1cc(C2=C(c3coc4ccccc34)C(=O)NC2=O)c2cc(F)c(F)cc21,7.45,0.0,1
CHEMBL262,COCCn1cc(C2=C(c3coc4ccccc34)C(=O)NC2=O)c2cc(F)ccc21,7.4,0.0,1
CHEMBL262,COCCn1cc(C2=C(c3coc4ccccc34)C(=O)NC2=O)c2cc(OC)ncc21,6.9,0.0,1
CHEMBL262,COCCn1cc(C2=C(c3coc4ccccc34)C(=O)NC2=O)c2ccccc21,7.7,0.0,1
CHEMBL262,COCCn1cc(C2=C(c3coc4ccccc34)C(=O)NC2=O)c2cccnc21,7.24,0.0,1
CHEMBL262,COC[C@@H]1COc2ccc(-c3nnc(SCc4ccc(-c5ccccc5C#N)cc4)o3)cc2O1,6.12,0.0,1
CHEMBL262,COC[C@H]1COc2ccc(-c3nnc(SCc4ccc(-c5ccccc5C#N)cc4)o3)cc2O1,6.89,0.0,1
CHEMBL262,COCc1ccc2c(C3=C(c4cn(C)c5ccc(F)cc45)C(=O)NC3=O)coc2c1,7.62,0.0,1
CHEMBL262,COCc1cccc2c(C3=C(c4coc5cc(CO)ccc45)C(=O)NC3=O)cn(C)c12,9.14,0.0,1
CHEMBL262,COCc1cccc2c(C3=C(c4coc5ccccc45)C(=O)NC3=O)cn(C)c12,9.64,0.0,1
CHEMBL262,COCc1ccncc1-c1ccc2[nH]nc(C(=O)NCC3CCOCC3)c2c1,7.55,0.0,1
CHEMBL262,COCc1cncc(-c2ccc3[nH]nc(C(=O)NCC4CCOCC4)c3c2)c1,8.285,0.09192388155425048,2
CHEMBL262,COCc1cncc(-c2ccc3[nH]nc(C(=O)NCC4CCS(=O)(=O)C4)c3c2)c1,7.8,0.0,1
CHEMBL262,COP(=O)(OC)c1ccc(-c2coc3ccc(-c4ccc(C)o4)cc23)cc1,6.55,0.0,1
CHEMBL262,COc1c(F)cc(-c2ocnc2C(=O)NCCCNC(=O)c2cc(C(C)(C)C)c(O)c(C(C)(C)C)c2)cc1F,9.02,0.0,1
CHEMBL262,COc1c(F)cc(-c2ocnc2C(=O)NCCCc2ccc(NC(=O)/C=C/c3cc(C(C)(C)C)c(O)c(C(C)(C)C)c3)cc2)cc1F,9.02,0.0,1
CHEMBL262,COc1c(NCCCc2ccccc2)c(F)c(N)c2c(=O)c(C(=O)O)cn(C3CC3)c12,7.19,0.0,1
CHEMBL262,COc1c(NCCCc2ccccc2)c(F)cc2c(=O)c(C(=O)O)cn(C3CC3)c12,4.77,0.0,1
CHEMBL262,COc1c(NCCNc2cccc3ccccc23)c(F)c(N)c2c(=O)c(C(=O)O)cn(C3CC3)c12,7.51,0.0,1
CHEMBL262,COc1c(NCCNc2cccc3ccccc23)c(F)cc2c(=O)c(C(=O)O)cn(C3CC3)c12,4.58,0.0,1
CHEMBL262,COc1c(NCCNc2ccccn2)c(F)c(N)c2c(=O)c(C(=O)O)c[nH]c12,6.0,0.0,1
CHEMBL262,COc1c(NCCNc2ccccn2)c(F)c(N)c2c(=O)c(C(=O)O)cn(C)c12,6.57,0.0,1
CHEMBL262,COc1c(NCCNc2ccccn2)c(F)c(N)c2c(=O)c(C(=O)O)cn(C3CC3)c12,6.8,0.0,1
CHEMBL262,COc1c(NCCNc2ccccn2)c(F)c(N)c2c(=O)c(C(=O)O)cn(C3CCCC3)c12,5.82,0.0,1
CHEMBL262,COc1c(NCCNc2ccccn2)c(F)c(N)c2c(=O)c(C(=O)O)cn(CCC(C)C)c12,4.8,0.0,1
CHEMBL262,COc1cc(-c2cc(-c3cc(C)cc(Cl)c3O)nc3ncnc(N)c23)ccc1O,6.95,0.0,1
CHEMBL262,COc1cc(-c2ccnc(NC(=O)C3CC3)c2)cnc1C(N)=O,8.15,0.0,1
CHEMBL262,COc1cc(-c2ccnc(NC(=O)C3CC3)c2)ncc1C(N)=O,7.66,0.0,1
CHEMBL262,COc1cc(/C=C/C(=O)CC(=O)/C=C/c2ccc(O)c(OC)c2)ccc1O,4.75,0.0,1
CHEMBL262,COc1cc(/C=C/C(O)=C/C(=O)/C=C/c2ccc(C)cc2)ccc1O,5.68,0.0,1
CHEMBL262,COc1cc(/C=C/C(O)=C/C(=O)/C=C/c2ccc(OCc3ccccc3)cc2)ccc1O,6.05,0.0,1
CHEMBL262,COc1cc(/C=C2/C(=O)Nc3ccc(NC(C)=O)cc32)cc(OC)c1OC,6.63,0.0,1
CHEMBL262,COc1cc(/C=C2/NC(=O)NC2=O)cc(OC)c1OC,6.67,0.0,1
CHEMBL262,COc1cc(/C=C2\C(=O)Nc3ccc(NC(C)=O)cc32)cc(OC)c1OC,6.63,0.0,1
CHEMBL262,COc1cc(/C=C2\NC(=O)NC2=O)ccc1OCC(=O)C1CCOCC1,5.7,0.0,1
CHEMBL262,COc1cc(/C=C2\S/C(=N/c3ccc(C)c(C)c3)NC2=O)ccc1OCc1ccc2ccccc2c1,5.97,0.0,1
CHEMBL262,COc1cc(/C=C2\SC(=O)NC2=O)ccc1O,5.22,0.0,1
CHEMBL262,COc1cc(/C=N/Nc2ncnc3[nH]ncc23)ccc1O,5.5,0.0,1
CHEMBL262,COc1cc(/C=N/Nc2ncnc3c2cnn3-c2ccccc2)ccc1O,7.0,0.0,1
CHEMBL262,COc1cc(/C=N/Nc2ncnc3c2cnn3C(C)C)ccc1O,5.6,0.0,1
CHEMBL262,COc1cc(C(=O)N2CCCC2)ccc1-c1ccnc2[nH]c(C3CCNCC3)cc12,6.51,0.0,1
CHEMBL262,COc1cc(C)c(Sc2cnc(NC(=O)c3ccc(CNC(C)C(C)(C)C)cc3)s2)cc1C(=O)N1CCN(C(C)=O)CC1,4.44,0.0,1
CHEMBL262,COc1cc(C2=C(c3c[nH]c4ccccc34)C(=O)NC2=O)cc(OC)c1OC,6.555,0.8414570696119921,2
CHEMBL262,COc1cc(C2=C(c3c[nH]c4cccnc34)C(=O)NC2=O)cc(OC)c1OC,6.67,0.0,1
CHEMBL262,COc1cc(C2=C(c3c[nH]c4ccncc34)C(=O)NC2=O)cc(OC)c1OC,7.35,0.07071067811865482,2
CHEMBL262,COc1cc(C2=C(c3c[nH]c4cnccc34)C(=O)NC2=O)cc(OC)c1OC,8.05,0.0,1
CHEMBL262,COc1cc(C2=C(c3cn(CCCN)c4ccccc34)C(=O)NC2=O)cc(OC)c1OC,6.89,0.0,1
CHEMBL262,COc1cc(C2=C(c3cn(CCCN4CCN(C)CC4)c4ccccc34)C(=O)NC2=O)cc(OC)c1OC,5.49,0.0,1
CHEMBL262,COc1cc(C2=C(c3cn(CCCNC(=O)C(N)CC(C)C)c4ccccc34)C(=O)NC2=O)cc(OC)c1OC,6.68,0.0,1
CHEMBL262,COc1cc(C2=C(c3cn(CCCO)c4ccccc34)C(=O)NC2=O)cc(OC)c1OC,6.6066666666666665,1.8151124850359361,3
CHEMBL262,COc1cc(C2=C(c3cn(CCCOC(=O)C(N)CC(C)C)c4ccccc34)C(=O)NC2=O)cc(OC)c1OC,6.87,0.0,1
CHEMBL262,COc1cc(C2=C(c3cn(CCCn4cncc4C)c4ccccc34)C(=O)NC2=O)ccc1OCCCCN1CCCCC1,7.19,0.0,1
CHEMBL262,COc1cc(C2=C(c3cn(CCCn4cncc4C)c4ccccc34)C(=O)NC2=O)ccc1OCCCCN1CCOCC1,7.23,0.0,1
CHEMBL262,COc1cc(C2=C(c3cn(CCCn4cncc4C)c4ccccc34)C(=O)NC2=O)ccc1OCCCCc1ccccc1,7.04,0.0,1
CHEMBL262,COc1cc(C2=C(c3cn(CCCn4cncc4C)c4ccccc34)C(=O)NC2=O)ccc1OCCCN1CCCCC1,7.29,0.0,1
CHEMBL262,COc1cc(C2=C(c3cn(CCCn4cncc4C)c4ccccc34)C(=O)NC2=O)ccc1OCCCN1CCOCC1,7.05,0.0,1
CHEMBL262,COc1cc(C2=C(c3cn(CCCn4cncc4C)c4ccccc34)C(=O)NC2=O)ccc1OCCCc1ccccc1,6.75,0.0,1
CHEMBL262,COc1cc(C2=C(c3cn(CCN(C)C)c4ccccc34)C(=O)NC2=O)cc(OC)c1OC,5.45,0.0,1
CHEMBL262,COc1cc(C2=C(c3cn(CCN)c4ccccc34)C(=O)NC2=O)cc(OC)c1OC,6.71,0.0,1
CHEMBL262,COc1cc(C2=C(c3cn(CCN4CCN(C)CC4)c4ccccc34)C(=O)NC2=O)c2occc2c1,9.85,0.0,1
CHEMBL262,COc1cc(C2=C(c3cn(CCN4CCOCC4)c4ccccc34)C(=O)NC2=O)cc(OC)c1OC,6.18,0.0,1
CHEMBL262,COc1cc(C2=C(c3cn(CCO)c4ccccc34)C(=O)NC2=O)cc(OC)c1OC,8.52,0.0,1
CHEMBL262,COc1cc(C2=C(c3cn(CCOC(=O)C(N)CC(C)C)c4ccccc34)C(=O)NC2=O)cc(OC)c1OC,7.92,0.0,1
CHEMBL262,COc1cc(CC(=O)Nc2cc(-c3[nH]c(SC)nc3-c3ccc(F)cc3)ccn2)cc(OC)c1OC,6.29,0.0,1
CHEMBL262,COc1cc(CCC(=O)Nc2cc(-c3[nH]c(SC)nc3-c3ccc(F)cc3)ccn2)cc(OC)c1OC,6.44,0.0,1
CHEMBL262,COc1cc(CCC(=O)Nc2cc(-c3[nH]c(SCc4ccccc4)nc3-c3ccc(F)cc3)ccn2)cc(OC)c1OC,5.94,0.0,1
CHEMBL262,COc1cc(CNC(=O)c2ncoc2-c2ccc(OC)c(Cl)c2)ccn1,7.5,0.0,1
CHEMBL262,COc1cc(F)cc(F)c1C1CN(c2nc(-c3ccncc3)cc(=O)n2C)CCN1,8.7,0.0,1
CHEMBL262,COc1cc(F)cc(F)c1C1CN(c2nc(-c3ccncn3)cc(=O)n2C)CCN1,8.77,0.0,1
CHEMBL262,COc1cc(F)ccc1-c1ccnc(NC(=O)C2CCC(NC(C)=O)C2)c1,6.07,0.0,1
CHEMBL262,COc1cc(F)ccc1-c1ccnc(NC(=O)[C@H]2CCC[C@@H](NC(C)=O)C2)c1,6.04,0.0,1
CHEMBL262,COc1cc(F)ccc1-c1ccnc2[nH]c(C3CCNCC3)cc12,5.85,0.0,1
CHEMBL262,COc1cc(F)ccc1-c1ncnc(Nc2cccc(C[S@](C)(=N)=O)c2)n1,7.06,0.0,1
CHEMBL262,COc1cc(F)ccc1C1CN(c2nc(-c3ccncc3)cc(=O)n2C)CCN1,8.573333333333332,1.1422054689649035,3
CHEMBL262,COc1cc(F)ccc1C1CN(c2nc(-c3ccncc3)cc(=O)n2C)CCN1C,7.25,0.0,1
CHEMBL262,COc1cc(F)ccc1C1CN(c2nc(-c3ccncc3)cc(=O)n2C)CCN1C(C)=O,5.77,0.0,1
CHEMBL262,COc1cc(F)ccc1C1CN(c2nc(-c3ccncc3)cc(=O)n2C)CCN1Cc1ccccc1,5.92,0.0,1
CHEMBL262,COc1cc(F)ccc1C1CN(c2nc(-c3ccncn3)cc(=O)n2C)CCN1,8.700000000000001,1.18304691369362,3
CHEMBL262,COc1cc(F)ccc1C1CN(c2nc(-c3ccncn3)cc(=O)n2C)CCN1C,7.58,0.0,1
CHEMBL262,COc1cc(F)ccc1C1CN(c2nc(-c3ccncn3)cc(=O)n2C)CCN1C(C)=O,5.82,0.0,1
CHEMBL262,COc1cc(F)ccc1C1CN(c2nc(-c3ccncn3)cc(=O)n2C)CCN1Cc1ccccc1,6.66,0.0,1
CHEMBL262,COc1cc(F)ccc1[C@H]1CN(c2nc(-c3ccncn3)cc(=O)n2C)CCO1,9.33,0.0,1
CHEMBL262,COc1cc(NCCCN)c2nccc(C)c2c1Oc1cccc(C(F)(F)F)c1,7.46,0.0,1
CHEMBL262,COc1cc(NCc2cccnc2)n2ncc(Br)c2n1,5.85,0.0,1
CHEMBL262,COc1cc(Nc2nccc(-c3cnn4ncccc34)n2)cc(OC)c1,7.9,0.0,1
CHEMBL262,COc1cc(O)c2c(c1)/C=C/C[C@@H](O)[C@H](O)C(=O)/C=C\C[C@H](C)OC2=O,4.75,0.0,1
CHEMBL262,COc1cc(O)c2c(c1)[C@H]1O[C@@H]1C[C@H](O)[C@H](O)C(=O)/C=C\C[C@H](C)OC2=O,5.5649999999999995,0.8697413408594534,2
CHEMBL262,COc1cc(OC)cc(-c2cc3[nH]ccnc-3n2)c1,4.22,0.0,1
CHEMBL262,COc1cc2c(Br)cc3c(c2cc1OC)C(=O)NC3=O,6.52,0.0,1
CHEMBL262,COc1cc2c(C)cc3c(c2cc1OC)C(=O)NC3=O,6.57,0.0,1
CHEMBL262,COc1cc2c(C3=C(c4coc5ccccc45)C(=O)NC3=O)cn(C)c2cc1Cl,6.36,0.0,1
CHEMBL262,COc1cc2c(C3=C(c4coc5ccccc45)C(=O)NC3=O)cn(C)c2cc1I,6.65,0.0,1
CHEMBL262,COc1cc2c(C3=C(c4coc5ccccc45)C(=O)NC3=O)cn(C)c2cn1,7.18,0.0,1
CHEMBL262,COc1cc2c(CNC3CCN(S(=O)(=O)c4ccc([N+](=O)[O-])cc4)CC3)cc3c(c2cc1OC)C(=O)NC3=O,6.51,0.0,1
CHEMBL262,COc1cc2c(CNC3CCN(S(C)(=O)=O)CC3)cc3c(c2cc1OC)C(=O)NC3=O,6.44,0.0,1
CHEMBL262,COc1cc2c(c(OC)c1OC)-c1c(cc3c(c1OC)OCO3)C[C@@H](C)[C@@H](C)C2,7.09,0.0,1
CHEMBL262,COc1cc2c(c(OC)c1OC)-c1c(cc3c(c1OC)OCO3)C[C@H](C)[C@H](C)C2,7.14,0.0,1
CHEMBL262,COc1cc2c(cc1OC)-c1[nH]c3ccc(C(F)(F)F)cc3c1CC(=O)N2,7.12,0.0,1
CHEMBL262,COc1cc2c(cc1OC)CN(CC(=O)Nc1ccc3c(c1)/C(=C/c1cnc[nH]1)C(=O)N3)CC2,6.57,0.0,1
CHEMBL262,COc1ccc(-c2c3c(nc4nc(SCCc5ccccc5)nc(N)c24)CCCC3)cc1OC,5.33,0.0,1
CHEMBL262,COc1ccc(-c2c[nH]c3c2-n2cccc2/C3=N/O)cc1O,5.26,0.0,1
CHEMBL262,COc1ccc(-c2c[nH]c3c2-n2cccc2/C3=N/O)cc1OCc1ccccc1,4.77,0.0,1
CHEMBL262,COc1ccc(-c2c[nH]c3c2-n2cccc2C3=O)cc1O,4.96,0.0,1
CHEMBL262,COc1ccc(-c2c[nH]c3ncc(/C=C/C(=O)NCc4ccncc4)cc23)cc1,9.29,0.0,1
CHEMBL262,COc1ccc(-c2cc(-c3ccc(Br)cc3)nc3[nH]nc(N)c23)cc1OC,6.58,0.0,1
CHEMBL262,COc1ccc(-c2cc(-c3ccc(F)cc3)[nH]c(=O)c2O)cc1,6.49,0.0,1
CHEMBL262,COc1ccc(-c2cc(=O)c3c(OC)c([C@@H]4O[C@H](C(=O)NC(C)C)[C@@H](O)[C@H](O)[C@H]4O)c(OC)cc3o2)cc1OC,5.3,0.0,1
CHEMBL262,COc1ccc(-c2cc(=O)c3c(OC)c([C@@H]4O[C@H](C(=O)NC5CCCC5)[C@@H](O)[C@H](O)[C@H]4O)c(OC)cc3o2)cc1OC,4.89,0.0,1
CHEMBL262,COc1ccc(-c2cc(=O)c3c(OC)c([C@@H]4O[C@H](C(=O)NC5CCCCC5)[C@@H](O)[C@H](O)[C@H]4O)c(OC)cc3o2)cc1OC,5.05,0.0,1
CHEMBL262,COc1ccc(-c2cc(=O)c3c(OC)c([C@@H]4O[C@H](C(=O)NCc5ccccc5)[C@@H](O)[C@H](O)[C@H]4O)c(OC)cc3o2)cc1OC,4.8,0.0,1
CHEMBL262,COc1ccc(-c2cc(=O)c3c(OC)c([C@@H]4O[C@H](C(=O)N[C@@H](C)C(F)(F)F)[C@@H](O)[C@H](O)[C@H]4O)c(OC)cc3o2)cc1OC,5.7,0.0,1
CHEMBL262,COc1ccc(-c2cc(=O)c3c(OC)c([C@@H]4O[C@H](C(=O)N[C@H](C)C(F)(F)F)[C@@H](O)[C@H](O)[C@H]4O)c(OC)cc3o2)cc1OC,6.22,0.0,1
CHEMBL262,COc1ccc(-c2cc3c(NC(=O)C(C)C)ncnc3o2)cc1,6.89,0.0,1
CHEMBL262,COc1ccc(-c2cc3c(NC(=O)C4CC4)ncnc3o2)cc1,6.5,0.0,1
CHEMBL262,COc1ccc(-c2cc3c(NC(=O)C4CCCC4)ncnc3o2)cc1,7.51,0.014142135623730649,2
CHEMBL262,COc1ccc(-c2cc3c(NC(=O)C4CCCCC4)ncnc3o2)cc1,5.74,0.0,1
CHEMBL262,COc1ccc(-c2cc3c(NC(=O)CC4CCCC4)ncnc3o2)cc1,6.5,0.0,1
CHEMBL262,COc1ccc(-c2cc3c(NC(=O)CCSC)ncnc3o2)cc1,6.27,0.0,1
CHEMBL262,COc1ccc(-c2cc3c(NC(=O)N4CCCC4)ncnc3o2)cc1,5.71,0.0,1
CHEMBL262,COc1ccc(-c2cc3c(NC(=O)c4ccco4)ncnc3o2)cc1,5.62,0.0,1
CHEMBL262,COc1ccc(-c2ccc(/C=C3\SC(=S)NC3=O)o2)c([N+](=O)[O-])c1,5.25,0.0,1
CHEMBL262,COc1ccc(-c2ccc(CSc3nnc(-c4ccc5c(c4)OCCO5)o3)cc2)c(C#N)c1,7.5,0.0,1
CHEMBL262,COc1ccc(-c2ccc(CSc3nnc(-c4ccc5c(c4)OCCO5)o3)cc2)cc1,6.9,0.0,1
CHEMBL262,COc1ccc(-c2ccc(CSc3nnc(-c4ccc5c(c4)OCO5)o3)cc2)c(C#N)c1,7.85,0.0,1
CHEMBL262,COc1ccc(-c2ccc(CSc3nnc(-c4ccc5c(c4)OCO5)o3)cc2)cc1,7.12,0.0,1
CHEMBL262,COc1ccc(-c2ccc(CSc3nnc(-c4ccncc4)o3)cc2)cc1,6.75,0.0,1
CHEMBL262,COc1ccc(-c2ccc3[nH]nc(C(=O)NCC4CCN(Cc5ccc(C(=O)O)o5)CC4)c3c2)cc1,6.52,0.0,1
CHEMBL262,COc1ccc(-c2ccc3[nH]nc(C(=O)NCC4CCN(Cc5ccc(C(=O)O)o5)CC4)c3c2)cn1,7.6899999999999995,0.01414213562373159,2
CHEMBL262,COc1ccc(-c2ccc3c(NC(=O)C4CC4)n[nH]c3n2)cc1,4.64,0.0,1
CHEMBL262,COc1ccc(-c2cccc3nc(NC(=O)C4CC4)nn23)cc1,5.15,0.0,1
CHEMBL262,COc1ccc(-c2ccnc(N[C@H]3CO[C@H]4[C@@H]3OC[C@@H]4NC(=O)Nc3cc(OC)cc(OC)c3)n2)cc1,6.38,0.0,1
CHEMBL262,COc1ccc(-c2ccnc(N[C@H]3CO[C@H]4[C@@H]3OC[C@@H]4NC(=O)Nc3ccc(C(C)=O)cc3)n2)cc1,6.38,0.0,1
CHEMBL262,COc1ccc(-c2ccnc(N[C@H]3CO[C@H]4[C@@H]3OC[C@@H]4NC(=O)Nc3cccc(C#N)c3)n2)cc1,7.06,0.0,1
CHEMBL262,COc1ccc(-c2ccnc(N[C@H]3CO[C@H]4[C@@H]3OC[C@@H]4NC(=O)Nc3cccc(C(F)(F)F)c3)n2)cc1,5.01,0.0,1
CHEMBL262,COc1ccc(-c2ccnc(N[C@H]3CO[C@H]4[C@@H]3OC[C@@H]4NC(=O)Nc3ccccc3)n2)cc1,6.25,0.0,1
CHEMBL262,COc1ccc(-c2ccncc2NC(=O)c2c[nH]c3ncc(-c4ccccc4)cc23)cc1,9.37,0.0,1
CHEMBL262,COc1ccc(-c2ccncc2NC(=O)c2ccnc(NC(=O)C3CC3)c2)cc1,8.68,0.0,1
CHEMBL262,COc1ccc(-c2cnc3[nH]cc(C(=O)Nc4cnccc4-c4ccc5c(c4)OCO5)c3c2)cc1,9.59,0.0,1
CHEMBL262,COc1ccc(-c2coc3ccc(-c4ccc(C)o4)cc23)cc1,7.27,0.0,1
CHEMBL262,COc1ccc(-c2coc3ccc(-c4nnc(SCc5ccc(OC)c(C(F)(F)F)c5)o4)cc23)cc1,7.6,0.0,1
CHEMBL262,COc1ccc(-c2coc3ccc(-c4nnc(SCc5cccc(C#N)c5)o4)cc23)cc1,8.46,0.0,1
CHEMBL262,COc1ccc(-c2coc3ccc(-c4nnc(SCc5cccc(C(F)(F)F)c5)o4)cc23)cc1,8.08,0.0,1
CHEMBL262,COc1ccc(-c2csc3c2-n2cccc2C3=O)cc1O,5.82,0.0,1
CHEMBL262,COc1ccc(-c2n/c(=N\CCO)sn2-c2ccccc2)cc1,5.92,0.0,1
CHEMBL262,COc1ccc(-c2n/c(=N\Cc3cccnc3)sn2-c2ccccc2)cc1,5.92,0.0,1
CHEMBL262,COc1ccc(-c2n/c(=N\c3ccccc3)sn2-c2ccccc2)cc1,5.96,0.0,1
CHEMBL262,COc1ccc(-c2nc3c(C(=O)Nc4cnccc4C)ccnc3[nH]2)cc1,8.7,0.0,1
CHEMBL262,COc1ccc(-c2nn3ncccc3c2-c2ccnc(Nc3ccc4c(c3)OCCO4)n2)cc1,5.3,0.0,1
CHEMBL262,COc1ccc(-c2oc3ncnc(N)c3c2-c2cccnc2)cc1,7.1,0.0,1
CHEMBL262,COc1ccc(-c2ocnc2C(=O)NCC2CCC(C(=O)N(C)C)CC2)cc1,6.5,0.0,1
CHEMBL262,COc1ccc(-c2ocnc2C(=O)NCCCCNC(=O)CCc2cc(C(C)(C)C)c(O)c(C(C)(C)C)c2)cc1Cl,9.08,0.0,1
CHEMBL262,COc1ccc(-c2ocnc2C(=O)NCCCCNC(=O)CCc2cc(C(C)(C)C)c(O)c(C(C)(C)C)c2)cc1F,9.11,0.0,1
CHEMBL262,COc1ccc(-c2ocnc2C(=O)NCCCCNC(=O)c2cc(C(C)(C)C)c(O)c(C(C)(C)C)c2)cc1Cl,9.09,0.0,1
CHEMBL262,COc1ccc(-c2ocnc2C(=O)NCCCCNC(=O)c2cc(C(C)(C)C)c(O)c(C(C)(C)C)c2)cc1F,9.21,0.0,1
CHEMBL262,COc1ccc(-c2ocnc2C(=O)NCCCNC(=O)/C=C/c2cc(C(C)(C)C)c(O)c(C(C)(C)C)c2)cc1Cl,9.39,0.0,1
CHEMBL262,COc1ccc(-c2ocnc2C(=O)NCCCNC(=O)c2cc(C(C)(C)C)c(O)c(C(C)(C)C)c2)cc1I,9.32,0.0,1
CHEMBL262,COc1ccc(-c2ocnc2C(=O)NCCCc2ccc(NC(=O)/C=C/c3cc(C(C)(C)C)c(O)c(C(C)(C)C)c3)cc2)cc1Cl,9.6,0.0,1
CHEMBL262,COc1ccc(-c2ocnc2C(=O)NCCCc2ccc(NC(=O)c3cc(C(C)(C)C)c(O)c(C(C)(C)C)c3)cc2)cc1Cl,9.04,0.0,1
CHEMBL262,COc1ccc(-c2ocnc2C(=O)NCCCn2cc(CNC(=O)/C=C/c3cc(C(C)(C)C)c(O)c(C(C)(C)C)c3)nn2)cc1Cl,9.12,0.0,1
CHEMBL262,COc1ccc(-c2ocnc2C(=O)NCCCn2cc(CNC(=O)/C=C/c3cc(C(C)(C)C)c(O)c(C(C)(C)C)c3)nn2)cc1I,9.48,0.0,1
CHEMBL262,COc1ccc(-c2ocnc2C(=O)NCCCn2cc(CNC(=O)CCc3cc(C(C)(C)C)c(O)c(C(C)(C)C)c3)nn2)cc1Cl,9.57,0.0,1
CHEMBL262,COc1ccc(-c2ocnc2C(=O)NCCCn2cc(CNC(=O)CCc3cc(C(C)(C)C)c(O)c(C(C)(C)C)c3)nn2)cc1I,9.09,0.0,1
CHEMBL262,COc1ccc(-c2ocnc2C(=O)NCCCn2cc(CNC(=O)c3cc(C(C)(C)C)c(O)c(C(C)(C)C)c3)nn2)cc1I,9.51,0.0,1
CHEMBL262,COc1ccc(-c2ocnc2C(=O)NCCCn2cncn2)cc1Cl,8.365,0.44547727214752425,2
CHEMBL262,COc1ccc(-c2ocnc2C(=O)NCCc2ccncc2)cc1Cl,7.7,0.0,1
CHEMBL262,COc1ccc(-c2ocnc2C(=O)NCc2ccccc2)cc1,6.0,0.0,1
CHEMBL262,COc1ccc(-c2ocnc2C(=O)NCc2ccccn2)cc1,5.7,0.0,1
CHEMBL262,COc1ccc(-c2ocnc2C(=O)NCc2cccnc2)cc1,6.6,0.0,1
CHEMBL262,COc1ccc(-c2ocnc2C(=O)NCc2ccn3ccnc3c2)cc1Cl,8.3,0.0,1
CHEMBL262,COc1ccc(-c2ocnc2C(=O)NCc2ccnc(C(F)(F)F)c2)cc1Cl,7.0,0.0,1
CHEMBL262,COc1ccc(-c2ocnc2C(=O)NCc2ccnc(C)c2)cc1Cl,7.5,0.0,1
CHEMBL262,COc1ccc(-c2ocnc2C(=O)NCc2ccnc(C)n2)cc1Cl,7.4,0.0,1
CHEMBL262,COc1ccc(-c2ocnc2C(=O)NCc2ccnc(Cl)c2)cc1Cl,7.7,0.0,1
CHEMBL262,COc1ccc(-c2ocnc2C(=O)NCc2ccncc2)c(C)c1,5.5,0.0,1
CHEMBL262,COc1ccc(-c2ocnc2C(=O)NCc2ccncc2)c(F)c1,6.4,0.0,1
CHEMBL262,COc1ccc(-c2ocnc2C(=O)NCc2ccncc2)cc1,6.75,0.49497474683058273,2
CHEMBL262,COc1ccc(-c2ocnc2C(=O)NCc2ccncc2)cc1-c1ccncc1,5.9,0.0,1
CHEMBL262,COc1ccc(-c2ocnc2C(=O)NCc2ccncc2)cc1Cl,7.9,0.0,1
CHEMBL262,COc1ccc(-c2ocnc2C(=O)NCc2ccncc2)cc1F,7.5,0.0,1
CHEMBL262,COc1ccc(-c2ocnc2C(=O)NCc2ccncc2)cc1N1CCOCC1,5.7,0.0,1
CHEMBL262,COc1ccc(-c2ocnc2C(=O)NCc2ccncc2)cn1,7.1,0.0,1
CHEMBL262,COc1ccc(-c2ocnc2C(=O)NCc2ccncc2)nc1Cl,6.4,0.0,1
CHEMBL262,COc1ccc(-c2ocnc2C(=O)NCc2ccnnc2)cc1Cl,7.7,0.0,1
CHEMBL262,COc1ccc(-n2c(=O)sn(C)c2=O)cc1,5.7,0.0,1
CHEMBL262,COc1ccc(-n2cnc3cc(C(=O)CBr)ccc32)cc1,6.24,0.0,1
CHEMBL262,COc1ccc(-n2cnc3ccc(-c4n[nH]c(=S)o4)cc32)cc1,8.64,0.0,1
CHEMBL262,COc1ccc(-n2cnc3ccc(-c4nnc(SCc5ccc(OC)c(C(F)(F)F)c5)o4)cc32)cc1,8.07,0.0,1
CHEMBL262,COc1ccc(-n2cnc3ccc(-c4nnc(SCc5cccc(C#N)c5)o4)cc32)cc1,8.64,0.0,1
CHEMBL262,COc1ccc(-n2cnc3ccc(-c4nnc(SCc5cccc(C(F)(F)F)c5)o4)cc32)cc1,8.6,0.0,1
CHEMBL262,COc1ccc(-n2ncc3c(N/N=C/c4ccncc4)ncnc32)cc1,6.0,0.0,1
CHEMBL262,COc1ccc(-n2s/c(=N/CCO)nc2-c2ccccc2)cc1,5.34,0.0,1
CHEMBL262,COc1ccc(-n2s/c(=N/Cc3cccnc3)nc2-c2ccccc2)cc1,5.39,0.0,1
CHEMBL262,COc1ccc(/C=C/C(=O)/C=C(O)/C=C/c2ccc(OC)cc2)cc1,6.28,0.0,1
CHEMBL262,COc1ccc(/C=C/C(=O)/C=C(O)/C=C/c2ccc(OCc3ccccc3)cc2)cc1,5.56,0.0,1
CHEMBL262,COc1ccc(/C=C/C(=O)CC(=O)/C=C/c2ccc(OC)cc2)cc1,4.82,0.0,1
CHEMBL262,COc1ccc(/C=C/C(O)=C/C(=O)/C=C/c2ccc(OCc3ccccc3)cc2)cc1OC,6.05,0.0,1
CHEMBL262,COc1ccc(/C=C2\NC(=O)NC2=O)cc1,4.85,0.0,1
CHEMBL262,COc1ccc(/C=C2\SC(=O)NC2=O)c(O)c1,5.15,0.0,1
CHEMBL262,COc1ccc(/C=C2\SC(=O)NC2=O)cc1S(=O)(=O)O,6.27,0.0,1
CHEMBL262,COc1ccc(/C=N/Nc2ncnc3c2cnn3-c2cccc(OC)c2)cc1,7.5,0.0,1
CHEMBL262,COc1ccc(C(=O)CBr)cc1,6.0,0.0,1
CHEMBL262,COc1ccc(C2=C(N3CCc4ccccc43)C(=O)NC2=O)cc1,6.16,0.0,1
CHEMBL262,COc1ccc(C2=C(Nc3cc(Cl)c(O)c(Cl)c3)C(=O)NC2=O)cc1,7.08,0.0,1
CHEMBL262,COc1ccc(C2=C(Nc3ccc(C(=O)Nc4ccc(Cl)cc4)cc3)C(=O)NC2=O)cc1,6.72,0.0,1
CHEMBL262,COc1ccc(C2=C(Nc3ccc(C(=O)Nc4ccccc4)cc3)C(=O)NC2=O)cc1,6.77,0.0,1
CHEMBL262,COc1ccc(C2=C(Nc3ccc(SC)cc3)C(=O)NC2=O)cc1,6.61,0.0,1
CHEMBL262,COc1ccc(C2=C(Nc3cccc(C(=O)O)c3)C(=O)NC2=O)cc1,6.67,0.0,1
CHEMBL262,COc1ccc(C2=C(Nc3cccc(Cl)c3)C(=O)NC2=O)cc1,6.81,0.0,1
CHEMBL262,COc1ccc(C2=C(Nc3cccc(O)c3)C(=O)NC2=O)cc1,6.32,0.0,1
CHEMBL262,COc1ccc(C2=C(Nc3ccccc3)C(=O)NC2=O)cc1,6.41,0.0,1
CHEMBL262,COc1ccc(C2=C(c3cn(C)c4ccccc34)C(=O)NC2=O)c(OC)c1,8.62,0.0,1
CHEMBL262,COc1ccc(C2=C(c3cn(C)c4ccccc34)C(=O)NC2=O)cc1OC,8.18,0.0,1
CHEMBL262,COc1ccc(C2=C(c3cn(CCCn4ccnc4)c4cc(Br)ccc34)C(=O)NC2=O)cc1,6.64,0.0,1
CHEMBL262,COc1ccc(C2=C(c3cn(CCCn4ccnc4)c4cc(C)ccc34)C(=O)NC2=O)cc1,7.01,0.0,1
CHEMBL262,COc1ccc(C2=C(c3cn(CCCn4ccnc4)c4ccc(Br)cc34)C(=O)NC2=O)cc1,6.96,0.0,1
CHEMBL262,COc1ccc(C2=C(c3cn(CCCn4ccnc4)c4ccc(Br)cc34)C(=O)NC2=O)cc1OC,7.29,0.0,1
CHEMBL262,COc1ccc(C2=C(c3cn(CCCn4ccnc4)c4ccc(C)cc34)C(=O)NC2=O)cc1,4.7,0.0,1
CHEMBL262,COc1ccc(C2=C(c3cn(CCCn4ccnc4)c4ccc(OC)cc34)C(=O)NC2=O)cc1,7.85,0.0,1
CHEMBL262,COc1ccc(C2=C(c3cn(CCCn4ccnc4)c4ccccc34)C(=O)NC2=O)cc1,7.4,0.0,1
CHEMBL262,COc1ccc(C2=C(c3cn(CCCn4cncc4C)c4ccccc34)C(=O)NC2=O)cc1OC,7.44,0.0,1
CHEMBL262,COc1ccc(C2C3=C(CC(C)(C)CC3=O)Nc3n[nH]c(C)c32)cc1,5.52,0.0,1
CHEMBL262,COc1ccc(C2CN(c3nc(-c4ccncc4)cc(=O)n3C)CCN2)cc1,8.33,0.0,1
CHEMBL262,COc1ccc(C2CN(c3nc(-c4ccncc4)cc(=O)n3C)CCN2)cc1OC,8.28,0.0,1
CHEMBL262,COc1ccc(C2CN(c3nc(-c4ccncn4)cc(=O)n3C)CCN2)cc1,8.46,0.0,1
CHEMBL262,COc1ccc(C2CN(c3nc(-c4ccncn4)cc(=O)n3C)CCN2)cc1OC,8.11,0.0,1
CHEMBL262,COc1ccc(CCC(=O)Nc2cc(-c3[nH]c(SC)nc3-c3ccc(F)cc3)ccn2)cc1,6.27,0.0,1
CHEMBL262,COc1ccc(CCN2CCC(CNC(=O)c3n[nH]c4ccc(OC)cc34)CC2)cc1,6.25,0.0,1
CHEMBL262,COc1ccc(CCN2COc3c([C@@H](C)CCC=C(C)C)ccc(C)c3C2)cc1OC,5.9,0.0,1
CHEMBL262,COc1ccc(CCNc2ncc(C(=O)NCCCN3CCCC3=O)c(NC3CCCC3)n2)cc1OC,5.78,0.0,1
CHEMBL262,COc1ccc(CN2C(=O)C(c3cccc4ccccc34)Oc3ccccc32)cc1,5.09,0.0,1
CHEMBL262,COc1ccc(CN2C(=O)CC(c3ccccc3)Sc3ccccc32)cc1,4.13,0.0,1
CHEMBL262,COc1ccc(CNC(=O)Nc2cc(-c3cccnc3F)ccn2)cc1,7.01,0.0,1
CHEMBL262,COc1ccc(CNC(=O)Nc2nc3ccc(C#N)cc3[nH]2)cc1,7.07,0.0,1
CHEMBL262,COc1ccc(CNC(=O)Nc2nc3ccc(C#N)cc3s2)cc1,6.96,0.0,1
CHEMBL262,COc1ccc(CNC(=O)Nc2nc3ccc(C(=O)CBr)cc3[nH]2)cc1,6.89,0.0,1
CHEMBL262,COc1ccc(CNC(=O)Nc2nc3ccc(C(=O)CBr)cc3s2)cc1,6.11,0.0,1
CHEMBL262,COc1ccc(CNC(=O)Nc2nc3ccc(C(C)=O)cc3[nH]2)cc1,6.58,0.0,1
CHEMBL262,COc1ccc(CNC(=O)Nc2nc3ccc(C(C)=O)cc3s2)cc1,5.65,0.0,1
CHEMBL262,COc1ccc(CNC(=O)Nc2ncc([N+](=O)[O-])s2)cc1,6.908571428571428,0.343919979618737,7
CHEMBL262,COc1ccc(COc2ccc3c(C4=C(c5cn(C)c6ccc(Br)cc56)C(=O)NC4=O)coc3c2)cc1,6.47,0.0,1
CHEMBL262,COc1ccc(CSc2nnc(-c3ccc4[nH]ncc4c3)o2)cc1C(F)(F)F,7.8,0.0,1
CHEMBL262,COc1ccc(CSc2nnc(-c3ccc4c(c3)CCO4)o2)cc1,6.66,0.0,1
CHEMBL262,COc1ccc(CSc2nnc(-c3ccc4c(c3)CCO4)o2)cc1C#N,7.55,0.0,1
CHEMBL262,COc1ccc(CSc2nnc(-c3ccc4c(c3)CCO4)o2)cc1C(F)(F)F,8.24,0.0,1
CHEMBL262,COc1ccc(CSc2nnc(-c3ccc4c(c3)CCO4)o2)cc1Cl,7.89,0.0,1
CHEMBL262,COc1ccc(CSc2nnc(-c3ccc4c(c3)CCO4)o2)cc1F,7.36,0.0,1
CHEMBL262,COc1ccc(CSc2nnc(-c3ccc4c(c3)OCO4)o2)cc1F,7.19,0.0,1
CHEMBL262,COc1ccc(CSc2nnc(-c3ccc4ncccc4c3)o2)cc1C(F)(F)F,7.75,0.0,1
CHEMBL262,COc1ccc(CSc2nnc(-c3ccc4ncsc4c3)o2)cc1C(F)(F)F,8.51,0.0,1
CHEMBL262,COc1ccc(CSc2nnc(-c3ccc4occc4c3)o2)cc1C(F)(F)F,8.31,0.0,1
CHEMBL262,COc1ccc(CSc2nnc(C3=CC=C4NC=CN4C3)o2)cc1C(F)(F)F,8.19,0.0,1
CHEMBL262,COc1ccc(Cn2ncc(NC(=O)c3cc(NC(=O)Nc4ccc(Cl)c(C(F)(F)F)c4)ccc3C)c2N)cc1,8.56,0.0,1
CHEMBL262,COc1ccc(F)c(F)c1C(=O)c1cnc(NC2CCN(S(C)(=O)=O)CC2)nc1N,6.58,0.0,1
CHEMBL262,COc1ccc(N2CCN(c3cc(NCCC(=O)O)c4c5c(onc35)-c3ccccc3C4=O)CC2)cc1,4.75,0.0,1
CHEMBL262,COc1ccc(N2CCN(c3nc(-c4ccncn4)cc(=O)n3C)[C@H](C)C2)cc1,10.0,0.0,1
CHEMBL262,COc1ccc(NC(=O)Nc2cccc(-c3cc4[nH]nc(NC(=O)C(C)C)c4s3)c2)cc1,7.04,0.0,1
CHEMBL262,COc1ccc(NC(=O)c2ccc(NC3=C(c4ccc(OC)cc4)C(=O)NC3=O)cc2)cc1,7.05,0.0,1
CHEMBL262,COc1ccc(NC(=O)c2ccc(NC3=C(c4ccccc4)C(=O)NC3=O)cc2)cc1,6.92,0.0,1
CHEMBL262,COc1ccc(Nc2cc(-c3noc(-c4ccc(NS(=O)(=O)c5ccc(C(C)(C)C)cc5)cc4)n3)ccn2)cc1,5.0,0.0,1
CHEMBL262,COc1ccc(Nc2ncnc3ccc(-c4c[nH]c5ncccc45)cc23)c(F)c1,7.32,0.0,1
CHEMBL262,COc1ccc(Nc2nnc(-c3ccc(C#N)cc3)o2)cc1,7.75,0.0,1
CHEMBL262,COc1ccc(Nc2nnc(-c3ccc(C(F)(F)F)cc3)o2)cc1,7.28,0.0,1
CHEMBL262,COc1ccc(Nc2nnc(-c3ccc(C)cc3)o2)cc1,6.09,0.0,1
CHEMBL262,COc1ccc(Nc2nnc(-c3ccc(Cl)cc3)o2)cc1,6.27,0.0,1
CHEMBL262,COc1ccc(Nc2nnc(-c3ccc(OC)cc3)o2)cc1,6.18,0.0,1
CHEMBL262,COc1ccc(Nc2nnc(-c3ccc(S(C)(=O)=O)cc3)o2)cc1,6.5,0.0,1
CHEMBL262,COc1ccc(Nc2nnc(-c3ccc([N+](=O)[O-])cc3)o2)cc1,8.15,0.0,1
CHEMBL262,COc1ccc(OC)c(C2=C(c3cn(C)c4ccccc34)C(=O)NC2=O)c1,7.66,0.0,1
CHEMBL262,COc1ccc(S(=O)(=O)Nc2ccc(-c3nc(-c4ccnc(Nc5ccc(OC(F)(F)F)cc5)c4)no3)cc2)cc1,4.81,0.0,1
CHEMBL262,COc1ccc([C@@H]2CC(=O)c3c(O)cc(O)cc3O2)cc1O,4.57,0.0,1
CHEMBL262,COc1ccc([C@@H]2CC(=O)c3c(O)cc(O[C@@H]4O[C@H](CO[C@@H]5O[C@@H](C)[C@H](O)[C@@H](O)[C@H]5O)[C@@H](O)[C@H](O)[C@H]4O)cc3O2)cc1O,4.0,0.0,1
CHEMBL262,COc1ccc([C@H]2CN(c3nc(-c4ccncn4)cc(=O)n3C)CCO2)cc1,8.54,0.0,1
CHEMBL262,COc1ccc2[nH]nc(C(=O)NCC3CCN(C)CC3)c2c1,5.92,0.0,1
CHEMBL262,COc1ccc2[nH]nc(C(=O)NCC3CCN(CC(=O)O)CC3)c2c1,6.17,0.0,1
CHEMBL262,COc1ccc2[nH]nc(C(=O)NCC3CCN(CCC(=O)O)CC3)c2c1,6.16,0.0,1
CHEMBL262,COc1ccc2[nH]nc(C(=O)NCC3CCN(CCC4CCCC(C)C4)CC3)c2c1,6.475,0.049497474683058214,2
CHEMBL262,COc1ccc2[nH]nc(C(=O)NCC3CCN(CCCC(=O)O)CC3)c2c1,6.3149999999999995,0.4596194077712552,2
CHEMBL262,COc1ccc2[nH]nc(C(=O)NCC3CCN(CCCN(C)C)CC3)c2c1,5.77,0.0,1
CHEMBL262,COc1ccc2[nH]nc(C(=O)NCC3CCN(CCCN4C[C@@H](C)O[C@@H](C)C4)CC3)c2c1,5.68,0.0,1
CHEMBL262,COc1ccc2[nH]nc(C(=O)NCC3CCN(CCCNC(=O)c4ccccc4)CC3)c2c1,5.855,0.5444722215136423,2
CHEMBL262,COc1ccc2[nH]nc(C(=O)NCC3CCN(CCN4C[C@@H](C)O[C@@H](C)C4)CC3)c2c1,5.85,0.0,1
CHEMBL262,COc1ccc2[nH]nc(C(=O)NCC3CCN(CCNS(C)(=O)=O)CC3)c2c1,6.0,0.0,1
CHEMBL262,COc1ccc2[nH]nc(C(=O)NCC3CCN(CCc4ccc(O)cc4)CC3)c2c1,6.46,0.0,1
CHEMBL262,COc1ccc2[nH]nc(C(=O)NCC3CCN(CCc4ccncc4)CC3)c2c1,6.29,0.0,1
CHEMBL262,COc1ccc2[nH]nc(C(=O)NCC3CCN(Cc4ccc(C(=O)O)nc4)CC3)c2c1,6.5,0.0,1
CHEMBL262,COc1ccc2[nH]nc(C(=O)NCC3CCN(Cc4ccc(C(=O)O)o4)CC3)c2c1,6.4,0.0,1
CHEMBL262,COc1ccc2[nH]nc(C(=O)NCC3CCN(Cc4ccc(C(=O)[O-])nc4)CC3)c2c1,6.5,0.0,1
CHEMBL262,COc1ccc2[nH]nc(C(=O)NCC3CCN(Cc4ccc(C(F)(F)F)cc4)CC3)c2c1,6.19,0.0,1
CHEMBL262,COc1ccc2[nH]nc(C(=O)NCC3CCN(Cc4ccc(Cl)cc4Cl)CC3)c2c1,6.51,0.0,1
CHEMBL262,COc1ccc2[nH]nc(C(=O)NCC3CCN(Cc4ccc(O)cc4)CC3)c2c1,6.4,0.0,1
CHEMBL262,COc1ccc2[nH]nc(C(=O)NCC3CCN(Cc4ccc(OCc5ccccc5)cc4)CC3)c2c1,6.46,0.0,1
CHEMBL262,COc1ccc2[nH]nc(C(=O)NCC3CCN(Cc4ccccc4)CC3)c2c1,6.6,0.0,1
CHEMBL262,COc1ccc2[nH]nc(C(=O)NCC3CCN(Cc4ccnc(C(=O)O)c4)CC3)c2c1,6.46,0.1555634918610409,2
CHEMBL262,COc1ccc2[nH]nc(C(=O)NCC3CCN(Cc4nc(C(=O)O)co4)CC3)c2c1,6.835,0.45961940777125615,2
CHEMBL262,COc1ccc2[nH]nc(C(=O)NCC3CCN(Cc4nc(C(=O)O)cs4)CC3)c2c1,7.035,0.3747665940288707,2
CHEMBL262,COc1ccc2[nH]nc(C(=O)NCC3CCN(Cc4noc(C(N)=O)n4)CC3)c2c1,6.41,0.1414213562373093,2
CHEMBL262,COc1ccc2c(-c3ccnc(NC4CC4)n3)cnn2n1,4.6,0.0,1
CHEMBL262,COc1ccc2c(-c3ccnc(Nc4cccc(OC(F)(F)F)c4)n3)cnn2n1,7.3,0.0,1
CHEMBL262,COc1ccc2c(C3=C(c4ccccc4F)C(=O)NC3=O)cn(CCCn3ccnc3)c2c1,7.96,0.0,1
CHEMBL262,COc1ccc2c(C3=C(c4cn(C)c5cc(Cl)c(F)cc45)C(=O)NC3=O)coc2c1,6.06,0.0,1
CHEMBL262,COc1ccc2c(NCCNc3nc(-c4ccncc4F)cc(=O)n3C)c3c(nc2c1)CCCC3,4.72,0.0,1
CHEMBL262,COc1ccc2c(c1)-c1[nH]c3ccc(Br)cc3c1CC(=O)N2,7.82,0.0,1
CHEMBL262,COc1ccc2c(c1)/C(=C1/Nc3ccccc3/C1=N\O)C(=O)N2,7.05,0.0,1
CHEMBL262,COc1ccc2c(c1)/C(=C1\Nc3ccccc3\C1=N/OCCO[C@@H]1O[C@H](CO)[C@@H](O)[C@H](O)[C@H]1O)C(=O)N2,7.0,0.0,1
CHEMBL262,COc1ccc2c(c1)/C(=N/NC(=O)c1cc3cc(Br)ccc3o1)C(=O)N2,7.4,0.0,1
CHEMBL262,COc1ccc2c(c1)C(=O)/C(=C/c1ccc(O)c(O)c1)O2,5.28,0.0,1
CHEMBL262,COc1ccc2c(c1)NC(=O)Cc1c-2[nH]c2ccc(C(F)(F)F)cc12,6.62,0.0,1
CHEMBL262,COc1ccc2c(c1)[nH]c1c(C)nccc12,5.475,1.3930003589374989,2
CHEMBL262,COc1ccc2c(c1)[nH]c1ncnc(N(C)C3CCCN(CCC#N)C3)c12,5.08,0.028284271247461613,2
CHEMBL262,COc1ccc2c(c1)c(/C=C1\SC(=O)NC1=O)cn2C,5.654999999999999,0.5586143571373728,2
CHEMBL262,COc1ccc2c(c1)c(C1=C(c3ccc(C)cc3)C(=O)NC1=O)cn2CCCn1ccnc1,7.0,0.0,1
CHEMBL262,COc1ccc2c(c1)c(C1=C(c3ccc(F)cc3)C(=O)NC1=O)cn2CCCn1ccnc1,6.82,0.0,1
CHEMBL262,COc1ccc2c(c1)c(C1=C(c3ccc4ccccc4c3)C(=O)NC1=O)cn2CCCn1ccnc1,7.23,0.0,1
CHEMBL262,COc1ccc2c(c1)c(C1=C(c3ccccc3C)C(=O)NC1=O)cn2CCCn1ccnc1,5.1,0.0,1
CHEMBL262,COc1ccc2c(c1)c(C1=C(c3ccccc3F)C(=O)NC1=O)cn2CCCn1ccnc1,4.68,0.0,1
CHEMBL262,COc1ccc2c(c1)c(C1=C(c3ccccc3OC)C(=O)NC1=O)cn2CCCn1ccnc1,4.7,0.0,1
CHEMBL262,COc1ccc2c(c1)c(C1=C(c3ccccc3[N+](=O)[O-])C(=O)NC1=O)cn2CCCn1ccnc1,7.47,0.0,1
CHEMBL262,COc1ccc2c(c1C(C)N1CCNCC1)O/C(=C\c1n[nH]c3ncccc13)C2=O,8.21,0.0,1
CHEMBL262,COc1ccc2nc(Cl)c(/C=C3\SC(=O)NC3=O)cc2c1,5.45,0.0,1
CHEMBL262,COc1cccc(-c2ccc3c(NC(=O)C4CC4)n[nH]c3n2)c1,6.9,0.0,1
CHEMBL262,COc1cccc(-c2ccncc2NC(=O)c2c[nH]c3ncc(-c4ccccc4)cc23)c1,9.51,0.0,1
CHEMBL262,COc1cccc(-c2coc3ccc(-c4ccc(C)o4)cc23)c1,7.13,0.0,1
CHEMBL262,COc1cccc(-c2nc3c(C(=O)Nc4cnccc4C)ccnc3[nH]2)c1,8.52,0.0,1
CHEMBL262,COc1cccc(-c2ocnc2C(=O)NCc2ccncc2)c1,5.6,0.0,1
CHEMBL262,COc1cccc(-n2nc(C(C)C)c3c(N/N=C/c4ccncc4)ncnc32)c1,7.5,0.0,1
CHEMBL262,COc1cccc(-n2nc(C)c3c(N/N=C(\C)c4ccncc4)ncnc32)c1,5.2,0.0,1
CHEMBL262,COc1cccc(-n2nc(C)c3c(N/N=C/c4ccncc4)ncnc32)c1,8.0,0.0,1
CHEMBL262,COc1cccc(-n2ncc3c(N/N=C(\C)c4ccncc4)ncnc32)c1,7.2,0.0,1
CHEMBL262,COc1cccc(-n2ncc3c(N/N=C/c4ccc(C#N)cc4)ncnc32)c1,7.8,0.0,1
CHEMBL262,COc1cccc(-n2ncc3c(N/N=C/c4ccc(C(=O)NCCN(C)C)cc4)ncnc32)c1,7.8,0.0,1
CHEMBL262,COc1cccc(-n2ncc3c(N/N=C/c4ccc(C(=O)NCCS(C)(=O)=O)cc4)ncnc32)c1,8.1,0.0,1
CHEMBL262,COc1cccc(-n2ncc3c(N/N=C/c4ccc(C(=O)O)cc4)ncnc32)c1,7.5,0.0,1
CHEMBL262,COc1cccc(-n2ncc3c(N/N=C/c4ccc(CN(C)C)cc4)ncnc32)c1,8.3,0.0,1
CHEMBL262,COc1cccc(-n2ncc3c(N/N=C/c4ccc(F)c(F)c4)ncnc32)c1,7.8,0.0,1
CHEMBL262,COc1cccc(-n2ncc3c(N/N=C/c4ccc(F)cc4)ncnc32)c1,8.1,0.0,1
CHEMBL262,COc1cccc(-n2ncc3c(N/N=C/c4ccc(N)cc4)ncnc32)c1,8.6,0.0,1
CHEMBL262,COc1cccc(-n2ncc3c(N/N=C/c4ccc(NC(=O)CCN(C)C)cc4)ncnc32)c1,8.3,0.0,1
CHEMBL262,COc1cccc(-n2ncc3c(N/N=C/c4ccc(NC(C)=O)cc4)ncnc32)c1,7.9,0.0,1
CHEMBL262,COc1cccc(-n2ncc3c(N/N=C/c4ccc(NS(C)(=O)=O)cc4)ncnc32)c1,7.8,0.0,1
CHEMBL262,COc1cccc(-n2ncc3c(N/N=C/c4ccc(O)cc4)ncnc32)c1,7.9,0.0,1
CHEMBL262,COc1cccc(-n2ncc3c(N/N=C/c4ccc(OCCN(C)C)cc4)ncnc32)c1,8.2,0.0,1
CHEMBL262,COc1cccc(-n2ncc3c(N/N=C/c4ccc(OCc5ccc(F)cc5)cc4)ncnc32)c1,5.6,0.0,1
CHEMBL262,COc1cccc(-n2ncc3c(N/N=C/c4ccc(S(=O)(=O)NCCN(C)C)cc4)ncnc32)c1,8.0,0.0,1
CHEMBL262,COc1cccc(-n2ncc3c(N/N=C/c4ccc(S(C)(=O)=O)cc4)ncnc32)c1,8.6,0.0,1
CHEMBL262,COc1cccc(-n2ncc3c(N/N=C/c4cccc(F)c4)ncnc32)c1,8.1,0.0,1
CHEMBL262,COc1cccc(-n2ncc3c(N/N=C/c4cccc(N)c4)ncnc32)c1,8.0,0.0,1
CHEMBL262,COc1cccc(-n2ncc3c(N/N=C/c4cccc(S(C)(=O)=O)c4)ncnc32)c1,8.4,0.0,1
CHEMBL262,COc1cccc(-n2ncc3c(N/N=C/c4ccccc4)ncnc32)c1,8.0,0.0,1
CHEMBL262,COc1cccc(-n2ncc3c(N/N=C/c4ccccc4F)ncnc32)c1,6.9,0.0,1
CHEMBL262,COc1cccc(-n2ncc3c(N/N=C/c4ccncc4)ncnc32)c1,8.0,0.28284271247461895,2
CHEMBL262,COc1cccc(-n2ncc3c(N/N=C/c4ccncc4)ncnc32)n1,7.4,0.0,1
CHEMBL262,COc1cccc(/C=N/Nc2ncnc3c2cnn3-c2cccc(OC)c2)c1,7.6,0.0,1
CHEMBL262,COc1cccc(C2=C(Nc3cc(Cl)c(O)c(Cl)c3)C(=O)NC2=O)c1,6.85,0.0,1
CHEMBL262,COc1cccc(C2=C(Nc3ccc(Cl)c(C(=O)O)c3)C(=O)NC2=O)c1,7.07,0.0,1
CHEMBL262,COc1cccc(C2=C(Nc3ccc(SC)cc3)C(=O)NC2=O)c1,6.69,0.0,1
CHEMBL262,COc1cccc(C2=C(Nc3cccc(C(=O)O)c3)C(=O)NC2=O)c1,6.71,0.0,1
CHEMBL262,COc1cccc(C2=C(Nc3cccc(Cl)c3)C(=O)NC2=O)c1,6.59,0.0,1
CHEMBL262,COc1cccc(C2=C(Nc3cccc(O)c3)C(=O)NC2=O)c1,6.33,0.0,1
CHEMBL262,COc1cccc(C2=C(c3c(C)n(C)c4ccccc34)C(=O)NC2=O)c1,6.66,0.0,1
CHEMBL262,COc1cccc(C2=C(c3cn(C)c4cc(C)ccc34)C(=O)NC2=O)c1,7.46,0.0,1
CHEMBL262,COc1cccc(C2=C(c3cn(C)c4cc(F)ccc34)C(=O)NC2=O)c1,7.51,0.0,1
CHEMBL262,COc1cccc(C2=C(c3cn(C)c4ccc(Cl)cc34)C(=O)NC2=O)c1,8.19,0.0,1
CHEMBL262,COc1cccc(C2=C(c3cn(C)c4cccc(OC)c34)C(=O)NC2=O)c1,5.89,0.0,1
CHEMBL262,COc1cccc(C2=C(c3cn(C)c4ccccc34)C(=O)NC2=O)c1,7.05,0.0,1
CHEMBL262,COc1cccc(C2=C(c3cn(CCCn4cncc4C)c4ccccc34)C(=O)NC2=O)c1,7.26,0.0,1
CHEMBL262,COc1cccc(C2C3=C(CC(C)(C)CC3=O)Nc3n[nH]c(C)c32)c1,6.26,0.0,1
CHEMBL262,COc1cccc(C2CN(c3nc(-c4ccncc4)cc(=O)n3C)CCN2)c1,7.96,0.0,1
CHEMBL262,COc1cccc(C2CN(c3nc(-c4ccncn4)cc(=O)n3C)CCN2)c1,8.17,0.0,1
CHEMBL262,COc1cccc(CCC(=O)Nc2cc(-c3[nH]c(SC)nc3-c3ccc(F)cc3)ccn2)c1,6.33,0.0,1
CHEMBL262,COc1cccc(N2CCN(c3nc(-c4ccncn4)cc(=O)n3C)[C@H](C)C2)c1,9.7,0.0,1
CHEMBL262,COc1cccc(Nc2nccc(-c3cnn4ncccc34)n2)c1,8.0,0.0,1
CHEMBL262,COc1cccc(Nc2nccc(C3=C(c4ccccc4)NN4C=CC=CC34)n2)c1,7.52,0.0,1
CHEMBL262,COc1cccc(Nc2nccc(C3=CNN4C=CC=CC34)n2)c1,7.0,0.0,1
CHEMBL262,COc1cccc(OC)c1[C@H]1CN(c2nc(-c3ccncn3)cc(=O)n2C)CCO1,9.64,0.0,1
CHEMBL262,COc1cccc(OCc2cc(C)ccn2)c1-c1ccc2c(c1)CCNCC2,5.3,0.0,1
CHEMBL262,COc1cccc([C@H]2CN(c3nc(-c4ccncn4)cc(=O)n3C)CCO2)c1,8.34,0.0,1
CHEMBL262,COc1cccc2c(C3=C(c4cn(C)c5c(Br)cc(Br)cc45)C(=O)NC3=O)coc12,7.05,0.0,1
CHEMBL262,COc1cccc2c(C3=C(c4cn(C)c5cc(-c6ccc(Cl)cc6)c(F)cc45)C(=O)NC3=O)coc12,5.14,0.0,1
CHEMBL262,COc1cccc2c(C3=C(c4cn(C)c5cc(C(F)(F)F)ccc45)C(=O)NC3=O)coc12,6.08,0.0,1
CHEMBL262,COc1cccc2c(C3=C(c4cn(C)c5cc(Cl)c(F)cc45)C(=O)NC3=O)coc12,6.58,0.0,1
CHEMBL262,COc1cccc2c(C3=C(c4cn(C)c5cc(I)c(F)cc45)C(=O)NC3=O)coc12,6.61,0.0,1
CHEMBL262,COc1cccc2c(C3=C(c4cn(C)c5ccc(Br)cc45)C(=O)NC3=O)coc12,8.12,0.0,1
CHEMBL262,COc1ccccc1-c1c2c(nc3[nH]nc(C)c13)CC(C)(C)CC2=O,7.27,0.0,1
CHEMBL262,COc1ccccc1-c1ccc2c(NC(=O)C3CC3)n[nH]c2n1,5.8,0.0,1
CHEMBL262,COc1ccccc1-c1ccnc(N[C@H]2CO[C@H]3[C@@H]2OC[C@@H]3NC(=O)Nc2cccc(C#N)c2)n1,5.22,0.0,1
CHEMBL262,COc1ccccc1-c1ccnc(N[C@H]2CO[C@H]3[C@@H]2OC[C@@H]3NC(=O)Nc2cccc(C(F)(F)F)c2)n1,4.57,0.0,1
CHEMBL262,COc1ccccc1-c1nc(C(N)=O)[nH]c1-c1ccnc(NC(=O)C2CC2)c1,6.58,0.0,1
CHEMBL262,COc1ccccc1-n1cc(CSC2=NC(c3ccccc3)CC(=O)N2C)nn1,5.88,0.0,1
CHEMBL262,COc1ccccc1-n1ncc2c(N/N=C/c3ccncc3)ncnc21,5.6,0.0,1
CHEMBL262,COc1ccccc1-n1ncc2c3c(c4cccn4c21)C(=O)NC3=O,6.0,0.0,1
CHEMBL262,COc1ccccc1C1=C(N2CCc3ccccc32)C(=O)NC1=O,6.73,0.0,1
CHEMBL262,COc1ccccc1C1=C(Nc2cc(Cl)c(O)c(Cl)c2)C(=O)NC1=O,7.09,0.0,1
CHEMBL262,COc1ccccc1C1=C(Nc2ccc(O)c(Cl)c2)C(=O)NC1=O,6.86,0.0,1
CHEMBL262,COc1ccccc1C1=C(Nc2ccc(SC)cc2)C(=O)NC1=O,6.96,0.0,1
CHEMBL262,COc1ccccc1C1=C(Nc2cccc(C#N)c2)C(=O)NC1=O,7.44,0.0,1
CHEMBL262,COc1ccccc1C1=C(Nc2cccc(Cl)c2)C(=O)NC1=O,7.395,0.643467170879758,2
CHEMBL262,COc1ccccc1C1=C(Nc2cccc(O)c2)C(=O)NC1=O,6.59,0.0,1
CHEMBL262,COc1ccccc1C1=C(Nc2ccccc2)C(=O)NC1=O,6.67,0.0,1
CHEMBL262,COc1ccccc1C1=C(c2cn(CCCN)c3ncccc23)C(=O)NC1=O,7.43,0.0,1
CHEMBL262,COc1ccccc1C1=C(c2cn(CCCNC(=O)OC(C)(C)C)c3ncccc23)C(=O)NC1=O,8.15,0.0,1
CHEMBL262,COc1ccccc1C1=C(c2cn(CCCNC=O)c3ncccc23)C(=O)NC1=O,8.1,0.0,1
CHEMBL262,COc1ccccc1C1=C(c2cn(CCCNS(C)(=O)=O)c3ncccc23)C(=O)NC1=O,7.85,0.0,1
CHEMBL262,COc1ccccc1C1=C(c2cn(CCCNS(N)(=O)=O)c3ncccc23)C(=O)NC1=O,7.7,0.0,1
CHEMBL262,COc1ccccc1C1=C(c2cn(CCCO)c3ncccc23)C(=O)NC1=O,8.4,0.0,1
CHEMBL262,COc1ccccc1C1=C(c2cn(CCCn3ccnc3)c3cc(Br)ccc23)C(=O)NC1=O,7.68,0.0,1
CHEMBL262,COc1ccccc1C1=C(c2cn(CCCn3ccnc3)c3ccc(Br)cc23)C(=O)NC1=O,5.28,0.0,1
CHEMBL262,COc1ccccc1C1=C(c2cn(CCCn3ccnc3)c3ccc(C)cc23)C(=O)NC1=O,7.19,0.0,1
CHEMBL262,COc1ccccc1C1=C(c2cn(CCCn3ccnc3)c3ccccc23)C(=O)NC1=O,4.72,0.0,1
CHEMBL262,COc1ccccc1C1=C(c2cn(CCCn3cncc3C)c3ccccc23)C(=O)NC1=O,7.64,0.0,1
CHEMBL262,COc1ccccc1C1C2=C(CC(C)(C)CC2=O)Nc2n[nH]c(-c3ccccc3)c21,6.26,0.0,1
CHEMBL262,COc1ccccc1C1C2=C(CC(C)(C)CC2=O)Nc2n[nH]c(C(C)(C)C)c21,6.26,0.0,1
CHEMBL262,COc1ccccc1C1C2=C(CC(C)(C)CC2=O)Nc2n[nH]cc21,6.26,0.0,1
CHEMBL262,COc1ccccc1C1C2=C(CC3(CCCCC3)CC2=O)Nc2n[nH]c(C)c21,6.26,0.0,1
CHEMBL262,COc1ccccc1C1C2=C(CCC(C)(C)C2=O)Nc2n[nH]c(C)c21,6.26,0.0,1
CHEMBL262,COc1ccccc1C1C2=C(CCCC2=O)Nc2n[nH]c(C)c21,6.26,0.0,1
CHEMBL262,COc1ccccc1C1CN(c2nc(-c3ccncc3)cc(=O)n2C)CCN1,8.74,0.0,1
CHEMBL262,COc1ccccc1C1CN(c2nc(-c3ccncn3)cc(=O)n2C)CCN1,8.74,0.0,1
CHEMBL262,COc1ccccc1CNc1ncc(C(=O)NC2CCN(C)CC2)c(NC2CCCC2)n1,4.52,0.0,1
CHEMBL262,COc1ccccc1N1CCN(CCCNC(=O)c2nc(-c3cccnc3)no2)CC1,6.39,0.0,1
CHEMBL262,COc1ccccc1N1CCN(c2nc(-c3ccncn3)cc(=O)n2C)[C@H](C)C1,9.1,0.0,1
CHEMBL262,COc1ccccc1Nc1ncc(Cl)c(-c2ccc(C(N)=O)c(C(C)C)c2)n1,4.7,0.0,1
CHEMBL262,COc1ccccc1Nc1ncc(F)c(-c2ccc(C(=O)O)c(C(C)C)c2)n1,5.1,0.0,1
CHEMBL262,COc1ccccc1Nc1ncc(F)c(-c2ccc(C(N)=O)c(C(C)C)c2)n1,5.1,0.0,1
CHEMBL262,COc1ccccc1Nc1nccc(-c2ccc(C(=O)O)c(C(C)C)c2)n1,4.8,0.0,1
CHEMBL262,COc1ccccc1[C@H]1C2=C(CC(C)(C)CC2=O)Nc2n[nH]c(C(F)(F)F)c21,5.52,0.0,1
CHEMBL262,COc1ccccc1[C@H]1C2=C(CC(C)(C)CC2=O)Nc2n[nH]c(C)c21,5.52,0.0,1
CHEMBL262,COc1ccccc1[C@H]1CN(c2nc(-c3ccncn3)cc(=O)n2C)CCO1,9.06,0.0,1
CHEMBL262,COc1ccncc1-c1ccc2[nH]nc(C(=O)NCC3CCN(CCc4ccccc4)CC3)c2c1,7.7,0.0,1
CHEMBL262,COc1ccncc1-c1ccc2[nH]nc(C(=O)NCC3CCN(Cc4ccc(C(=O)O)o4)CC3)c2c1,8.01,0.014142135623730649,2
CHEMBL262,COc1ccncc1NC(=O)c1c[nH]c2ncc(-c3ccccc3)cc12,8.68,0.0,1
CHEMBL262,COc1ccncc1NC(=O)c1ccnc(NC(=O)C2CC2)c1,8.47,0.0,1
CHEMBL262,COc1ccncc1NC(=O)c1ccnc2[nH]c(-c3ccc(F)cc3)nc12,8.52,0.0,1
CHEMBL262,COc1ccncc1NC(=O)c1ccnc2[nH]c(-c3cccc(Cl)c3)nc12,8.7,0.0,1
CHEMBL262,COc1ccncc1NC(=O)c1ccnc2[nH]c(-c3ccncc3)nc12,8.7,0.0,1
CHEMBL262,COc1cnc(-c2cnc3ccccc3c2)nc1-c1cc2c([nH]1)CCNC2=O,8.83,0.0,1
CHEMBL262,COc1cnc(-c2ocnc2C(=O)NCc2ccncc2)cc1Cl,5.0,0.0,1
CHEMBL262,COc1cnc(/C=C/c2ccc(F)cc2)nc1-c1cc2c([nH]1)CCNC2=O,5.91,0.0,1
CHEMBL262,COc1cnc(CCc2ccc(F)cc2)nc1-c1cc2c([nH]1)CCNC2=O,4.59,0.0,1
CHEMBL262,COc1cnc(COc2cc(F)c(F)cc2C)cc1-c1cc2c([nH]1)CCNC2=O,4.42,0.0,1
CHEMBL262,COc1cnc(COc2ccc(F)c(F)c2)cc1-c1cc2c([nH]1)CCNC2=O,4.97,0.0,1
CHEMBL262,COc1cnc(COc2ccc(F)cc2)cc1-c1cc2c([nH]1)CCNC2=O,5.11,0.0,1
CHEMBL262,COc1cnc(COc2ccc(F)cc2)nc1-c1cc2c([nH]1)CCNC2=O,5.95,0.0,1
CHEMBL262,COc1cnc(COc2ccc(F)cc2C)cc1-c1cc2c([nH]1)CCNC2=O,4.27,0.0,1
CHEMBL262,COc1cnc(COc2ccc(F)cc2F)cc1-c1cc2c([nH]1)CCNC2=O,5.4,0.0,1
CHEMBL262,COc1cnc(NCc2ccccc2)nc1-c1cc2c([nH]1)CCNC2=O,7.01,0.0,1
CHEMBL262,COc1cnc(Nc2ccccc2)nc1-c1cc2c([nH]1)CCNC2=O,7.8,0.0,1
CHEMBL262,COc1cncc(-c2ccc3[nH]nc(C(=O)NCC4CCN(CC(=O)O)CC4)c3c2)c1,7.725,0.03535533905932694,2
CHEMBL262,COc1cncc(NC(=O)c2c[nH]c3ncc(-c4ccccc4)cc23)c1,6.91,0.0,1
CHEMBL262,COc1cnccc1-c1cc(=O)n(C)c(N2CCO[C@@H](c3ccc(F)cc3)C2)n1,6.1,0.0,1
CHEMBL262,COc1nc(-c2ccnc(NC(=O)C3CC3)c2)ncc1C(N)=O,8.23,0.0,1
CHEMBL262,COc1nc(-c2ccnc(NC(=O)C3CC3)c2)sc1C(=O)NCCNc1c2c(nc3ccccc13)CCCC2,7.18,0.0,1
CHEMBL262,COc1nc(-c2ccnc(NC(=O)C3CC3)c2)sc1C(=O)NCNc1c2c(nc3ccccc13)CCCC2,7.17,0.0,1
CHEMBL262,COc1nc(-c2ccnc(NC(=O)C3CC3)c2)sc1C(N)=O,8.96,0.0,1
CHEMBL262,COc1ncc(-c2nc(-c3ccc(F)cc3)cn2[C@H]2CC[C@H](O)CC2)cn1,7.46,0.0,1
CHEMBL262,COc1ncc(-c2ocnc2C(=O)NCc2ccncc2)cc1Cl,7.2,0.0,1
CHEMBL262,COc1ncccc1-c1ccc2[nH]nc(C(=O)NCC3CCN(Cc4ccc(C(=O)O)o4)CC3)c2c1,6.44,0.0,1
CHEMBL262,COc1nn(-c2ccccc2)c2nc(Nc3ccc(C(=O)O)cc3)ncc12,6.12,0.0,1
CHEMBL262,COc1sc(-c2ccnc(NC(=O)C3CC3)c2)nc1C(N)=O,7.52,0.0,1
CHEMBL262,CS(=O)(=O)NCCc1ccc(NC(=O)c2ccc(O)c3[nH]c(-c4ccc(Cl)cc4Cl)nc23)cc1,7.1,0.0,1
CHEMBL262,CS(=O)(=O)Nc1ccc(-c2c(-c3cccnc3)oc3ncnc(N)c23)cc1,6.32,0.0,1
CHEMBL262,CS(=O)(=O)Nc1ccc(CCNC(=O)c2ccc(O)c3[nH]c(-c4ccc(Cl)cc4)nc23)cc1,8.15,0.0,1
CHEMBL262,CS(=O)(=O)Nc1ccc(CCNC(=O)c2ccc(O)c3[nH]c(-c4ccc(F)cc4)nc23)cc1,9.0,0.0,1
CHEMBL262,CS(=O)(=O)Nc1ccc(CCNC(=O)c2ccc(O)c3[nH]c(-c4ccc(F)cc4Cl)nc23)cc1,7.7,0.0,1
CHEMBL262,CS(=O)(=O)Nc1ccc(CCNC(=O)c2ccc(O)c3[nH]c(-c4ccccc4)nc23)cc1,7.6,0.0,1
CHEMBL262,CS(=O)(=O)Nc1ccc(CCNC(=O)c2ccc(O)c3[nH]c(-c4ccncc4)nc23)cc1,6.96,0.0,1
CHEMBL262,CS(=O)(=O)Nc1ccc(CCNC(=O)c2ccc(O)c3[nH]c(C4CC4)nc23)cc1,6.85,0.0,1
CHEMBL262,CS(=O)(=O)Nc1ccc(CCNC(=O)c2ccc(O)c3[nH]c(C4CCCC4)nc23)cc1,7.36,0.0,1
CHEMBL262,CS(=O)(=O)Nc1ccc(CCNC(=O)c2ccc(O)c3[nH]c(Cc4ccccc4)nc23)cc1,5.8,0.0,1
CHEMBL262,CS(=O)(=O)Nc1ccc(CCNC(=O)c2ccc(O)c3nc(-c4ccc(Cl)cc4Cl)[nH]c23)cc1,7.82,0.0,1
CHEMBL262,CS(=O)(=O)Nc1ccc(CCNC(=O)c2ccnc3[nH]c(-c4ccc(Cl)cc4)nc23)cc1,8.0,0.0,1
CHEMBL262,CS(=O)(=O)Nc1ccc(CCNC(=O)c2ccnc3[nH]c(-c4ccc(F)cc4)nc23)cc1,7.36,0.0,1
CHEMBL262,CS(=O)(=O)Nc1ccc(CCNC(=O)c2ccnc3[nH]c(-c4cccs4)nc23)cc1,7.92,0.0,1
CHEMBL262,CS(=O)(=O)Nc1ccc(CCNC(=O)c2ccnc3[nH]c(-c4ccoc4)nc23)cc1,8.52,0.0,1
CHEMBL262,CS(=O)(=O)Nc1n[nH]c2ncc(-c3ccccc3)cc12,5.45,0.0,1
CHEMBL262,CS(=O)(=O)c1ccc(-c2c[nH]c3ncc(/C=C/C(=O)NCc4ccncc4)cc23)cc1,6.66,0.0,1
CHEMBL262,CS(=O)(=O)c1ccc(-c2nnc(Nc3ccc(Cl)cc3)o2)cc1,6.17,0.0,1
CHEMBL262,CS(=O)(=O)c1ccc(-c2nnc(Nc3ccccc3)o2)cc1,6.36,0.0,1
CHEMBL262,CS(=O)(=O)c1ccc(Nc2cc(-c3ccccc3Cl)nc3c(Br)cnn23)cc1,6.35,0.0,1
CHEMBL262,CS(=O)(=O)c1ccc(Nc2cc(N[C@H]3CC[C@H](N)CC3)nc3ncnn23)cc1,4.37,0.0,1
CHEMBL262,CSc1cc(-c2ccccc2)nc2[nH]nc(N)c12,4.89,0.0,1
CHEMBL262,CSc1cc(NCc2cccnc2)n2ncc(Br)c2n1,5.93,0.0,1
CHEMBL262,CSc1ccc(-c2coc3ccc(-c4ccc(C)o4)cc23)cc1,7.18,0.0,1
CHEMBL262,CSc1ccc(-c2nnc(Nc3ccc(Cl)cc3)o2)cc1,6.07,0.0,1
CHEMBL262,CSc1ccc(/C=C2\NC(=O)NC2=O)cc1,5.16,0.0,1
CHEMBL262,CSc1ccc(NC2=C(c3ccc(Cl)cc3)C(=O)NC2=O)cc1,6.28,0.0,1
CHEMBL262,CSc1ccc(NC2=C(c3ccc([N+](=O)[O-])cc3)C(=O)NC2=O)cc1,6.41,0.0,1
CHEMBL262,CSc1ccc(NC2=C(c3cccc(Cl)c3)C(=O)NC2=O)cc1,6.27,0.0,1
CHEMBL262,CSc1ccc(NC2=C(c3cccc([N+](=O)[O-])c3)C(=O)NC2=O)cc1,6.82,0.0,1
CHEMBL262,CSc1ccc(NC2=C(c3ccccc3)C(=O)NC2=O)cc1,6.39,0.0,1
CHEMBL262,CSc1ccc(NC2=C(c3ccccc3Cl)C(=O)NC2=O)cc1,6.79,0.0,1
CHEMBL262,CSc1ccc2[nH]c3c(c2c1)CC(=O)Nc1ccccc1-3,5.92,0.0,1
CHEMBL262,CSc1cnn2c(NCc3cccnc3)cc(-c3ccccc3)nc12,5.75,0.0,1
CHEMBL262,CSc1nc(-c2ccc(F)cc2)c(-c2ccnc(NC(=O)C3CC(=O)C3)c2)[nH]1,6.74,0.0,1
CHEMBL262,CSc1nc(-c2ccc(F)cc2)c(-c2ccnc(NC(=O)C3CC3)c2)[nH]1,6.953333333333333,0.7003094554076316,3
CHEMBL262,CSc1nc(-c2ccc(F)cc2)c(-c2ccnc(NC(=O)C3CC3)c2)n1C,6.2,0.0,1
CHEMBL262,CSc1nc(-c2ccc(F)cc2)c(-c2ccnc(NC(=O)C3CCC(=O)C3)c2)[nH]1,7.14,0.0,1
CHEMBL262,CSc1nc(-c2ccc(F)cc2)c(-c2ccnc(NC(=O)C3CCC3)c2)[nH]1,6.88,0.0,1
CHEMBL262,CSc1nc(-c2ccc(F)cc2)c(-c2ccnc(NC(=O)C3CCCC3)c2)[nH]1,6.87,0.0,1
CHEMBL262,CSc1nc(-c2ccc(F)cc2)c(-c2ccnc(NC(=O)C3CCCO3)c2)[nH]1,6.28,0.0,1
CHEMBL262,CSc1nc(-c2ccc(F)cc2)c(-c2ccnc(NC(=O)CC3CC3)c2)[nH]1,6.67,0.0,1
CHEMBL262,CSc1nc(-c2ccc(F)cc2)c(-c2ccnc(NC(=O)CCc3ccc(C(F)(F)F)cc3)c2)[nH]1,6.02,0.0,1
CHEMBL262,CSc1nc(-c2ccc(F)cc2)c(-c2ccnc(NC(=O)CN3CCCC3=O)c2)[nH]1,6.9,0.0,1
CHEMBL262,CSc1nc(-c2ccc(F)cc2)c(-c2ccnc(NC(=O)Cc3ccc(C(F)(F)F)cc3)c2)[nH]1,5.49,0.0,1
CHEMBL262,CSc1nc(-c2ccc(F)cc2)c(-c2ccnc(NC(=O)[C@@H]3C[C@H]3c3ccccc3)c2)[nH]1,6.09,0.0,1
CHEMBL262,CSc1nc(-c2ccc(F)cc2)c(-c2ccnc(NC(=O)[C@H]3C[C@@H](Cl)C3)c2)[nH]1,6.77,0.0,1
CHEMBL262,CSc1nc(-c2ccc(F)cc2)c(-c2ccnc(NC(=O)[C@H]3C[C@H](Cl)C3)c2)[nH]1,6.4,0.0,1
CHEMBL262,CSc1nc(-c2ccc(F)cc2)c(-c2ccnc(NC(=O)c3ccoc3)c2)[nH]1,5.44,0.0,1
CHEMBL262,CSc1nc(-c2ccc(F)cc2)c(-c2ccnc(NC(C)=O)c2)[nH]1,6.82,0.0,1
CHEMBL262,CSc1nc(-c2ccnc(NC(=O)C3CC3)c2)c(-c2ccc(F)cc2)n1C,5.75,0.0,1
CHEMBL262,CSc1nc(N[C@@H]2O[C@H](CO)[C@@H](O)[C@H](O)[C@H]2O)c(Cl)c(=O)[nH]1,5.62,0.0,1
CHEMBL262,C[C@@H](NC(=O)/C=C/c1cnc2[nH]cc(-c3ccccc3)c2c1)[C@@H](O)c1ccccc1,6.75,0.0,1
CHEMBL262,C[C@@H](NC(=O)Nc1cc2[nH]ncc2c(CO)n1)c1ccccc1,6.27,0.0,1
CHEMBL262,C[C@@H](Oc1nc(-c2ccc3cnn(C)c3c2)cc2nn(C)cc12)[C@H]1CNC(=O)C1,5.84,0.0,1
CHEMBL262,C[C@@H]1CN(C(=O)c2ccccc2)CCN1c1nc(-c2ccncn2)cc(=O)n1C,7.68,0.0,1
CHEMBL262,C[C@@H]1CN(C)CCN1c1nc(-c2ccncc2)cc(=O)n1C,7.1,0.0,1
CHEMBL262,C[C@@H]1CN(C)CCN1c1nc(-c2ccncn2)cc(=O)n1C,7.66,0.0,1
CHEMBL262,C[C@@H]1CN(Cc2ccccc2)CCN1c1nc(-c2ccncn2)cc(=O)n1C,8.08,0.0,1
CHEMBL262,C[C@@H]1CN(S(C)(=O)=O)CCN1c1nc(-c2ccncn2)cc(=O)n1C,7.34,0.0,1
CHEMBL262,C[C@@H]1CN(c2ccc(C#N)cc2)CCN1c1nc(-c2ccncn2)cc(=O)n1C,8.57,0.0,1
CHEMBL262,C[C@@H]1CN(c2ccc(Cl)cc2)CCN1c1nc(-c2ccncn2)cc(=O)n1C,8.92,0.0,1
CHEMBL262,C[C@@H]1CN(c2ccc(F)cc2)CCN1c1nc(-c2ccncn2)cc(=O)n1C,9.4,0.0,1
CHEMBL262,C[C@@H]1CN(c2cccc(C#N)c2)CCN1c1nc(-c2ccncn2)cc(=O)n1C,8.66,0.0,1
CHEMBL262,C[C@@H]1CN(c2cccc(F)c2)CCN1c1nc(-c2ccncn2)cc(=O)n1C,9.3,0.0,1
CHEMBL262,C[C@@H]1CN(c2ccccc2)CCN1c1nc(-c2ccncn2)cc(=O)n1C,8.85,0.0,1
CHEMBL262,C[C@@H]1CN(c2ccccc2C#N)CCN1c1nc(-c2ccncn2)cc(=O)n1C,8.38,0.0,1
CHEMBL262,C[C@@H]1CN(c2ccccc2F)CCN1c1nc(-c2ccncn2)cc(=O)n1C,9.7,0.0,1
CHEMBL262,C[C@@H]1CN(c2ccccn2)CCN1c1nc(-c2ccncn2)cc(=O)n1C,8.39,0.0,1
CHEMBL262,C[C@@H]1CN(c2cccnc2)CCN1c1nc(-c2ccncn2)cc(=O)n1C,8.41,0.0,1
CHEMBL262,C[C@@H]1CN(c2ccncc2)CCN1c1nc(-c2ccncn2)cc(=O)n1C,8.42,0.0,1
CHEMBL262,C[C@@H]1CN(c2ccncc2NC(=O)c2ccnc(NC(=O)C3CC3)c2)CCO1,8.06,0.0,1
CHEMBL262,C[C@@H]1CN(c2ccncc2NC(=O)c2ccnc(NC(=O)C3CC3)c2)C[C@H](C)O1,7.85,0.0,1
CHEMBL262,C[C@@H]1CN(c2cncnc2)CCN1c1nc(-c2ccncn2)cc(=O)n1C,7.85,0.0,1
CHEMBL262,C[C@@H]1CN(c2nc(-c3ccncc3F)cc(=O)n2C)[C@H](C)CO1,6.34,0.0,1
CHEMBL262,C[C@@H]1CN(c2ncccn2)CCN1c1nc(-c2ccncn2)cc(=O)n1C,7.62,0.0,1
CHEMBL262,C[C@@H]1CNCCN1c1nc(-c2ccncc2)cc(=O)n1C,7.54,0.0,1
CHEMBL262,C[C@@H]1CNCCN1c1nc(-c2ccncn2)cc(=O)n1C,7.89,0.0,1
CHEMBL262,C[C@@H]1COCCN1c1ccncc1NC(=O)c1ccnc(NC(=O)C2CC2)c1,9.31,0.0,1
CHEMBL262,C[C@@H]1COCCN1c1nc(-c2ccncc2F)cc(=O)n1C,8.15,0.0,1
CHEMBL262,C[C@@H]1CO[C@@H](C)CN1c1nc(-c2ccncc2F)cc(=O)n1C,7.39,0.0,1
CHEMBL262,C[C@@H]1COc2c(NCCNc3ccccn3)c(F)c(N)c3c(=O)c(C(=O)O)cn1c23,6.25,0.0,1
CHEMBL262,C[C@@H]1C[C@H](N)C[C@H](c2ccncc2NC(=O)c2ccc(F)c(-c3c(F)cccc3F)n2)C1,5.89,0.0,1
CHEMBL262,C[C@@H]1C[C@H]2CN1CCn1nc3c(cccc3c1O)-c1nc3c(cccc3nc1O)O2,7.89,0.0,1
CHEMBL262,C[C@@H]1OCCN(c2nc(-c3ccncc3F)cc(=O)n2C)[C@@H]1C,7.65,0.21213203435596445,2
CHEMBL262,C[C@@H]1OCCN(c2nc(-c3ccncc3F)cc(=O)n2C)[C@H]1C,7.72,0.0,1
CHEMBL262,C[C@@H]1O[C@@H](O[C@H]2[C@H](Oc3cc(O)c4c(c3)O[C@H](c3ccc(O)cc3)CC4=O)O[C@H](CO)[C@@H](O)[C@@H]2O)[C@H](O)[C@H](O)[C@H]1O,4.0,0.0,1
CHEMBL262,C[C@@H]1[C@@H](C)OCCN1c1nc(-c2ccncc2F)cc(=O)n1C,8.31,0.0,1
CHEMBL262,C[C@@]1(C(=O)Nc2ccc(F)nc2)CCCN1c1nc(Nc2cc(C3CC3)n[nH]2)c2cccn2n1,6.11,0.0,1
CHEMBL262,C[C@H](/C=C\C(F)(F)F)Oc1cc(-c2cc(-c3cc(CN(C)C)cs3)cnc2N)ccc1C(N)=O,7.16,0.0,1
CHEMBL262,C[C@H](CO)n1cnnc1-c1cccc(NC(=O)Nc2cc3ccccn3n2)n1,6.55,0.0,1
CHEMBL262,C[C@H]1CN(c2ccncc2NC(=O)c2ccnc(NC(=O)C3CC3)c2)CCO1,9.0,0.0,1
CHEMBL262,C[C@H]1CN(c2nc(-c3ccncn3)cc(=O)n2C)CCN1Cc1ccccc1,6.11,0.0,1
CHEMBL262,C[C@H]1CNCCN1c1nc(-c2ccncc2)cc(=O)n1C,6.04,0.0,1
CHEMBL262,C[C@H]1CNCCN1c1nc(-c2ccncn2)cc(=O)n1C,7.12,0.0,1
CHEMBL262,C[C@H]1COCCN1c1ccncc1NC(=O)c1ccnc(NC(=O)C2CC2)c1,10.22,0.0,1
CHEMBL262,C[C@H]1COCCN1c1nc(-c2ccncc2F)cc(=O)n1C,7.64,0.0,1
CHEMBL262,C[C@H]1COc2c(NCCCc3ccccc3)c(F)c(N)c3c(=O)c(C#N)cn1c23,8.85,0.0,1
CHEMBL262,C[C@H]1COc2c(NCCCc3ccccc3)c(F)c(N)c3c(=O)c(C(=O)O)cn1c23,7.4,0.0,1
CHEMBL262,C[C@H]1COc2c(NCCCc3ccccc3)c(F)c(N)c3c(=O)c(C(N)=O)cn1c23,7.17,0.0,1
CHEMBL262,C[C@H]1COc2c(NCCCc3ccccn3)c(F)c(N)c3c(=O)c(-c4nnn[nH]4)cn1c23,8.62,0.0,1
CHEMBL262,C[C@H]1COc2c(NCCCc3ccccn3)c(F)c(N)c3c(=O)c(C#N)cn1c23,9.22,0.0,1
CHEMBL262,C[C@H]1COc2c(NCCCc3ccccn3)c(F)c(N)c3c(=O)c(C(=N)NO)cn1c23,7.15,0.0,1
CHEMBL262,C[C@H]1COc2c(NCCCc3ccccn3)c(F)c(N)c3c(=O)c(C(=O)O)cn1c23,8.0,0.0,1
CHEMBL262,C[C@H]1COc2c(NCCCn3cccn3)c(F)c(N)c3c(=O)c(C#N)cn1c23,9.07,0.0,1
CHEMBL262,C[C@H]1COc2c(NCCCn3cccn3)c(F)c(N)c3c(=O)c(C(=O)O)cn1c23,7.8,0.0,1
CHEMBL262,C[C@H]1COc2c(NCCCn3ccnc3)c(F)c(N)c3c(=O)c(-c4nnn[nH]4)cn1c23,7.7,0.0,1
CHEMBL262,C[C@H]1COc2c(NCCCn3ccnc3)c(F)c(N)c3c(=O)c(C#N)cn1c23,9.0,0.0,1
CHEMBL262,C[C@H]1COc2c(NCCCn3ccnc3)c(F)c(N)c3c(=O)c(C(=N)NO)cn1c23,6.85,0.0,1
CHEMBL262,C[C@H]1COc2c(NCCCn3ccnc3)c(F)c(N)c3c(=O)c(C(=O)O)cn1c23,6.82,0.0,1
CHEMBL262,C[C@H]1COc2c(NCCCn3ccnc3)c(F)c(N)c3c(=O)c(C(N)=O)cn1c23,6.75,0.0,1
CHEMBL262,C[C@H]1COc2c(NCCNc3ccccn3)c(F)c(N)c3c(=O)c(C#N)cn1c23,9.24,0.0,1
CHEMBL262,C[C@H]1COc2c(NCCNc3ccccn3)c(F)c(N)c3c(=O)c(C(=O)O)cn1c23,7.36,0.0,1
CHEMBL262,C[C@H]1COc2c(NCCNc3ccccn3)c(F)c(N)c3c(=O)c(C(N)=O)cn1c23,7.48,0.0,1
CHEMBL262,C[C@H]1C[C@@H](c2ccncc2NC(=O)c2nc(-c3ncccc3F)ccc2N)C[C@@H](O)[C@]1(C)O,6.27,0.0,1
CHEMBL262,C[S+]([O-])CCCCCCN=C=S,4.16,0.0,1
CHEMBL262,C[S+]([O-])c1ccc(-c2coc3ccc(-c4nnc(N)o4)cc23)cc1,7.89,0.0,1
CHEMBL262,C[S+]([O-])c1ccc(-c2coc3ccc(-c4nnc(O)o4)cc23)cc1,6.89,0.0,1
CHEMBL262,C[S+]([O-])c1ccc(-c2coc3ccc(-c4nnc(S)o4)cc23)cc1,7.03,0.0,1
CHEMBL262,C[S+]([O-])c1ccc2[nH]c3c(c2c1)CC(=O)Nc1ccccc1-3,4.89,0.0,1
CHEMBL262,C[S+]([O-])c1nc(-c2ccc(F)cc2)c(-c2ccnc(NC(=O)C3CC3)c2)[nH]1,6.63,0.0,1
CHEMBL262,C[S+]([O-])c1nc(-c2ccc(F)cc2)c(-c2ccnc(NC(=O)C3CCC3)c2)[nH]1,6.37,0.0,1
CHEMBL262,Cc1[nH]c2ccccc2c1C1=C(NCCc2ccc(F)cc2)C(=O)N(C)C1=O,7.28,0.0,1
CHEMBL262,Cc1[nH]nc2c1C(C)(c1ccccc1)C1=C(CC(C)(C)CC1=O)N2,6.26,0.0,1
CHEMBL262,Cc1[nH]nc2c1C(C)C1=C(CC(C)(C)CC1=O)N2,6.26,0.0,1
CHEMBL262,Cc1[nH]nc2c1C(C1CC1)C1=C(CC(C)(C)CC1=O)N2,5.52,0.0,1
CHEMBL262,Cc1[nH]nc2c1C(c1ccc(Br)cn1)C1=C(CC(C)(C)CC1=O)N2,5.52,0.0,1
CHEMBL262,Cc1[nH]nc2c1C(c1ccc(C#N)cc1)C1=C(CC(C)(C)CC1=O)N2,4.76,0.0,1
CHEMBL262,Cc1[nH]nc2c1C(c1ccc(Cl)cc1)C1=C(CC(C)(C)CC1=O)N2,5.52,0.0,1
CHEMBL262,Cc1[nH]nc2c1C(c1ccc(Cl)s1)C1=C(CC(C)(C)CC1=O)N2,6.26,0.0,1
CHEMBL262,Cc1[nH]nc2c1C(c1ccc(F)cc1)C1=C(CC(C)(C)CC1=O)N2,5.52,0.0,1
CHEMBL262,Cc1[nH]nc2c1C(c1ccc(F)cc1Cl)C1=C(CC(C)(C)CC1=O)N2,6.26,0.0,1
CHEMBL262,Cc1[nH]nc2c1C(c1ccc3c(c1)OCO3)C1=C(CC(C)(C)CC1=O)N2,5.52,0.0,1
CHEMBL262,Cc1[nH]nc2c1C(c1cccc(C(F)(F)F)c1)C1=C(CC(C)(C)CC1=O)N2,6.26,0.0,1
CHEMBL262,Cc1[nH]nc2c1C(c1cccc(Cl)c1)C1=C(CC(C)(C)CC1=O)N2,6.26,0.0,1
CHEMBL262,Cc1[nH]nc2c1C(c1cccc(F)c1)C1=C(CC(C)(C)CC1=O)N2,6.26,0.0,1
CHEMBL262,Cc1[nH]nc2c1C(c1ccccc1)C1=C(CC(C)(C)CC1=O)N2,6.26,0.0,1
CHEMBL262,Cc1[nH]nc2c1C(c1ccccn1)C1=C(CC(C)(C)CC1=O)N2,6.26,0.0,1
CHEMBL262,Cc1[nH]nc2c1C(c1cccnc1)C1=C(CC(C)(C)CC1=O)N2,6.26,0.0,1
CHEMBL262,Cc1[nH]nc2c1C(c1cccs1)C1=C(CC(C)(C)CC1=O)N2,6.26,0.0,1
CHEMBL262,Cc1[nH]nc2c1C(c1ccn[nH]1)C1=C(CC(C)(C)CC1=O)N2,6.26,0.0,1
CHEMBL262,Cc1[nH]nc2c1C(c1ccncc1)C1=C(CC(C)(C)CC1=O)N2,5.52,0.0,1
CHEMBL262,Cc1[nH]nc2c1C(c1ccsc1)C1=C(CC(C)(C)CC1=O)N2,6.26,0.0,1
CHEMBL262,Cc1[nH]nc2c1[C@@H](c1ccccc1)C1=C(CC(C)(C)CC1=O)N2,5.52,0.0,1
CHEMBL262,Cc1[nH]nc2c1[C@@H](c1ccccc1C(F)(F)F)C1=C(CC(C)(C)CC1=O)N2,5.52,0.0,1
CHEMBL262,Cc1[nH]nc2c1[C@@H](c1cccs1)C1=C(CC(C)(C)CC1=O)N2,5.52,0.0,1
CHEMBL262,Cc1[nH]nc2c1[C@H](c1ccccc1)C1=C(CC(C)(C)CC1=O)N2,6.26,0.0,1
CHEMBL262,Cc1[nH]nc2c1[C@H](c1cccs1)C1=C(CC(C)(C)CC1=O)N2,6.26,0.0,1
CHEMBL262,Cc1c(-c2ccc(/C=C3/SC(=N)NC3=O)o2)ccc([N+](=O)[O-])c1C,6.24,0.0,1
CHEMBL262,Cc1c(C(=O)CCl)csc1C(=O)CCl,5.3,0.0,1
CHEMBL262,Cc1c(CC(=O)Cl)csc1C(=O)CCl,5.3,0.0,1
CHEMBL262,Cc1cc(-c2cc(-c3nc4ccc(CN5CCN(C)CC5)cc4[nH]3)c(=O)[nH]n2)cc(C)c1O,8.82,0.0,1
CHEMBL262,Cc1cc(-c2ccccc2Cl)nc(Nc2n[nH]c3ncc(F)cc23)c1C,6.52,0.0,1
CHEMBL262,Cc1cc(-c2cnc(Nc3cc(Cl)cc(Cl)c3)nc2NC2CCC(N(C)C)CC2)on1,5.11,0.0,1
CHEMBL262,Cc1cc(Br)cc2c1NC(=O)/C2=N\NC(N)=S,5.09,0.0,1
CHEMBL262,Cc1cc(C)c(C2=C(c3cn(CCCn4ccnc4)c4ccc(Br)cc34)C(=O)NC2=O)c(C)c1,6.96,0.0,1
CHEMBL262,Cc1cc(C)cc(N2CCN(CCCNC(=O)c3nc(-c4cccnc4)no3)CC2)c1,6.05,0.0,1
CHEMBL262,Cc1cc(C)cc(Nc2nccc(-c3cnn4ncccc34)n2)c1,9.0,0.0,1
CHEMBL262,Cc1cc(F)ccc1C1CN(c2nc(-c3ccncc3)cc(=O)n2C)CCN1,7.62,0.0,1
CHEMBL262,Cc1cc(NCc2cccnc2)n2ncc(Br)c2n1,5.45,0.0,1
CHEMBL262,Cc1cc(Nc2cc(Cl)nc(Oc3ccc([N+](=O)[O-])cc3)n2)n[nH]1,8.7,0.0,1
CHEMBL262,Cc1cc(Nc2n[nH]c3ncc(F)cc23)nc(-c2ccccc2)c1C,7.7,0.0,1
CHEMBL262,Cc1cc(Nc2n[nH]c3ncc(F)cc23)nc(-c2ccccc2Cl)c1,7.52,0.0,1
CHEMBL262,Cc1cc(Nc2n[nH]c3ncc(F)cc23)nc(-c2ccccc2Cl)c1C,6.7,0.0,1
CHEMBL262,Cc1cc(Nc2nc(Nc3ccccc3S(=O)(=O)C(C)C)c3c(C)[nH]nc3n2)c(OC(C)C)cc1C1CCN(C)CC1,5.37,0.0,1
CHEMBL262,Cc1cc(Nc2ncc(C)c(-c3cnn(CCC#N)c3)n2)sn1,7.8,0.0,1
CHEMBL262,Cc1cc(Nc2ncc(C)c(N3CC(C4CC4)C3)n2)sn1,5.98,0.0,1
CHEMBL262,Cc1cc(Nc2ncc(C)c(N3CC(CC#N)(N4CCCC4)C3)n2)sn1,5.16,0.0,1
CHEMBL262,Cc1cc(Nc2ncc(C)c(N3CC(CC#N)(N4CCCCC4)C3)n2)sn1,4.98,0.0,1
CHEMBL262,Cc1cc(Nc2ncc(C)c(N3CC(CC#N)(N4CCN(C)CC4)C3)n2)sn1,4.3,0.0,1
CHEMBL262,Cc1cc(Nc2ncc(C)c(N3CC(CC#N)(OC4CC5(CC5)C4)C3)n2)sn1,6.62,0.0,1
CHEMBL262,Cc1cc(Nc2ncc(C)c(N3CC(CC#N)C3)n2)sn1,6.18,0.0,1
CHEMBL262,Cc1cc(Nc2ncc(C)c(N3CC(CCC#N)C3)n2)sn1,5.87,0.0,1
CHEMBL262,Cc1cc(Nc2ncc(C)c(N3CC(O)(C4CC4)C3)n2)sn1,5.94,0.0,1
CHEMBL262,Cc1cc(Nc2ncc(C)c(N3CC4CCC(C3)N4CC#N)n2)sn1,5.78,0.0,1
CHEMBL262,Cc1cc(Nc2ncc(C)c(N3CC4CCC(C3)N4CCC#N)n2)sn1,6.51,0.0,1
CHEMBL262,Cc1cc(Nc2ncc(C)c(N3CC4CCCC(C3)N4CC#N)n2)sn1,5.49,0.0,1
CHEMBL262,Cc1cc(Nc2ncc(C)c(N3CC4CCCC(C3)N4CCC#N)n2)sn1,6.25,0.0,1
CHEMBL262,Cc1cc(Nc2ncc(C)c(N3CCC(CC#N)CC3)n2)sn1,6.12,0.0,1
CHEMBL262,Cc1cc(Nc2ncc(C)c(N3CCN(CC#N)C(C)C3)n2)sn1,5.87,0.0,1
CHEMBL262,Cc1cc(Nc2ncc(C)c(N3CCN(CC#N)CC3)n2)sn1,5.79,0.0,1
CHEMBL262,Cc1cc(Nc2ncc(C)c(N3CCN(CC#N)[C@@H](C)C3)n2)sn1,5.66,0.0,1
CHEMBL262,Cc1cc2c(NC(=O)C3CC3)n[nH]c2nc1-c1ccc(O)cc1,8.22,0.0,1
CHEMBL262,Cc1cc2c(cc1Br)NC(=O)/C2=N\NC(=O)c1ccccc1O,4.8,0.0,1
CHEMBL262,Cc1cc2c(cc1Br)NC(=O)/C2=N\NC(N)=S,5.22,0.0,1
CHEMBL262,Cc1cc2c3c(c1)c(C1=C(c4cnc5ccccn45)C(=O)NC1=O)cn3CCN(C(=O)N1CCCCC1)C2,8.28,0.0,1
CHEMBL262,Cc1ccc(-c2c[nH]c(C3COCCN3Cc3c[nH]c4ccccc34)n2)cc1,6.92,0.0,1
CHEMBL262,Cc1ccc(-c2cc3c(NC(=O)C4CC4)ncnc3o2)cc1,6.21,0.0,1
CHEMBL262,Cc1ccc(-c2cc3c(NC(=O)C4CCCC4)ncnc3o2)cc1,6.62,0.0,1
CHEMBL262,Cc1ccc(-c2ccc(/C=C3/NC(=S)NC3=O)o2)c(Br)c1,6.06,0.0,1
CHEMBL262,Cc1ccc(-c2ccc(/C=C3/NC(=S)NC3=O)o2)cc1Cl,5.89,0.0,1
CHEMBL262,Cc1ccc(-c2ccc(/C=C3/SC(=N)NC3=O)o2)c([N+](=O)[O-])c1,6.5,0.0,1
CHEMBL262,Cc1ccc(-c2ccc(/C=C3/SC(=N)NC3=O)o2)cc1Cl,5.84,0.0,1
CHEMBL262,Cc1ccc(-c2ccc3[nH]nc(C(=O)NCC4CCN(CCc5ccccc5)CC4)c3c2)cn1,7.4,0.0,1
CHEMBL262,Cc1ccc(-c2ccc3c(NC(=O)CCC(=O)O)n[nH]c3c2)cc1,4.77,0.0,1
CHEMBL262,Cc1ccc(-c2ccc3ncn(-c4ccc([S+](C)[O-])cc4)c3c2)o1,6.7,0.0,1
CHEMBL262,Cc1ccc(-c2ccc3occ(-c4ccc(C(=O)O)cc4)c3c2)o1,7.3,0.0,1
CHEMBL262,Cc1ccc(-c2ccc3occ(-c4ccc(C(C)O)cc4)c3c2)o1,6.8,0.0,1
CHEMBL262,Cc1ccc(-c2ccc3occ(-c4ccc(C(N)=O)cc4)c3c2)o1,7.16,0.0,1
CHEMBL262,Cc1ccc(-c2ccc3occ(-c4ccc(F)cc4)c3c2)o1,6.96,0.0,1
CHEMBL262,Cc1ccc(-c2ccc3occ(-c4ccc(O)cc4)c3c2)o1,6.75,0.0,1
CHEMBL262,Cc1ccc(-c2ccc3occ(-c4ccc(S(C)(=O)=O)cc4)c3c2)o1,7.38,0.0,1
CHEMBL262,Cc1ccc(-c2ccc3occ(-c4ccc([S+](C)[O-])cc4)c3c2)o1,7.46,0.0,1
CHEMBL262,Cc1ccc(-c2ccc3occ(-c4ccc([S+](C)[O-])cc4)c3n2)o1,6.57,0.0,1
CHEMBL262,Cc1ccc(-c2ccc3occ(-c4ccc([S@+](C)[O-])cc4)c3c2)o1,7.47,0.0,1
CHEMBL262,Cc1ccc(-c2ccc3occ(-c4ccc([S@@+](C)[O-])cc4)c3c2)o1,6.85,0.0,1
CHEMBL262,Cc1ccc(-c2ccc3occ(-c4cccc([S+](C)[O-])c4)c3c2)o1,6.68,0.0,1
CHEMBL262,Cc1ccc(-c2ccc3occ(-c4ccncc4)c3c2)o1,7.11,0.0,1
CHEMBL262,Cc1ccc(-c2ccc3scc(-c4ccc([S+](C)[O-])cc4)c3c2)o1,6.1,0.0,1
CHEMBL262,Cc1ccc(-c2ccnc(N(C)c3ccc(S(N)(=O)=O)cc3)n2)s1,4.19,0.0,1
CHEMBL262,Cc1ccc(-c2ccnc(N)c2/N=C/c2ccnc(NC(=O)C3CC3)c2)cc1,5.9,0.0,1
CHEMBL262,Cc1ccc(-c2ccnc(Nc3ccc(S(N)(=O)=O)cc3)n2)s1,6.7,0.0,1
CHEMBL262,Cc1ccc(-c2ccncc2NC(=O)c2c[nH]c3ncc(-c4ccccc4)cc23)cc1,9.38,0.0,1
CHEMBL262,Cc1ccc(-c2ccncc2NC(=O)c2ccnc(NC(=O)C3CC3)c2)cc1,8.33,0.0,1
CHEMBL262,Cc1ccc(-c2cnc(N)c(/N=C/c3ccnc(NC(=O)C4CC4)c3)c2)cc1,6.43,0.0,1
CHEMBL262,Cc1ccc(-c2cnc(N)c(NC(=O)c3ccnc(NC(=O)C4CC4)c3)c2)cc1,6.9,0.0,1
CHEMBL262,Cc1ccc(-c2cncc(NC(=O)c3ccnc(NC(=O)C4CC4)c3)c2)cn1,8.6,0.0,1
CHEMBL262,Cc1ccc(-n2c(=O)sn(C)c2=O)cc1,5.3,0.0,1
CHEMBL262,Cc1ccc(-n2cc(CSC3=NC(c4ccccc4)CC(=O)N3C)nn2)cc1C,7.09,0.0,1
CHEMBL262,Cc1ccc(-n2nc(C(C)(C)C)cc2NC(=O)Nc2ccc(OCCN3CCOCC3)c3ccccc23)cc1,4.43,0.0,1
CHEMBL262,Cc1ccc(C(=O)CBr)cc1,5.6,0.0,1
CHEMBL262,Cc1ccc(C(=O)CC2(O)C(=O)Nc3ccc(NC(=O)c4ccccc4)cc32)cc1,5.76,0.0,1
CHEMBL262,Cc1ccc(C(=O)CC2(O)C(=O)Nc3ccc(Nc4ccco4)cc32)cc1,5.76,0.0,1
CHEMBL262,Cc1ccc(C(=O)Nc2c[nH]nc2C(=O)NCCCOC(C)C)cn1,8.7,0.0,1
CHEMBL262,Cc1ccc(C)c(N2CCN(CCCNC(=O)c3nc(-c4cccnc4)no3)CC2)c1,6.07,0.0,1
CHEMBL262,Cc1ccc(C)c(N2CCN(CCCNC(=O)c3nc(-c4cncnc4)no3)CC2)c1,5.47,0.0,1
CHEMBL262,Cc1ccc(C2=C(c3cn(CCCn4ccnc4)c4cc(Br)ccc34)C(=O)NC2=O)cc1,6.42,0.0,1
CHEMBL262,Cc1ccc(C2=C(c3cn(CCCn4ccnc4)c4cc(C)ccc34)C(=O)NC2=O)cc1,7.32,0.0,1
CHEMBL262,Cc1ccc(C2=C(c3cn(CCCn4ccnc4)c4ccc(Br)cc34)C(=O)NC2=O)cc1,6.72,0.0,1
CHEMBL262,Cc1ccc(C2=C(c3cn(CCCn4ccnc4)c4ccc(C)cc34)C(=O)NC2=O)cc1,5.11,0.0,1
CHEMBL262,Cc1ccc(C2=C(c3cn(CCCn4ccnc4)c4ccccc34)C(=O)NC2=O)cc1,4.81,0.0,1
CHEMBL262,Cc1ccc(C2C3=C(CC(C)(C)CC3=O)Nc3n[nH]c(C)c32)cc1,5.52,0.0,1
CHEMBL262,Cc1ccc(CN2C(=O)C(c3cccc4ccccc34)Oc3ccccc32)cc1,4.3,0.0,1
CHEMBL262,Cc1ccc(Cl)cc1N1CCN(CCCNC(=O)c2nc(-c3cccnc3)no2)CC1,5.7,0.0,1
CHEMBL262,Cc1ccc(Cl)cc1N1CCN(CCCNC(=O)c2nc(-c3cncnc3)no2)CC1,5.46,0.0,1
CHEMBL262,Cc1ccc(Cl)cc1Nc1nccc(C2=CNN3C=CC=CC23)n1,4.97,0.0,1
CHEMBL262,Cc1ccc(N2CCN(CCCNC(=O)c3nc(-c4cccnc4)no3)CC2)c(C)c1,5.84,0.0,1
CHEMBL262,Cc1ccc(N2CCN(CCCNC(=O)c3nc(-c4cccnc4)no3)CC2)cc1,5.88,0.0,1
CHEMBL262,Cc1ccc(N2CCN(CCCNC(=O)c3nc(-c4cccnc4)no3)CC2)cc1C,6.46,0.0,1
CHEMBL262,Cc1ccc(N2CCN(CCCNC(=O)c3nc(-c4cncnc4)no3)CC2)c(C)c1,5.52,0.0,1
CHEMBL262,Cc1ccc(N2CCN(CCCNC(=O)c3nc(-c4cncnc4)no3)CC2)cc1C,5.46,0.0,1
CHEMBL262,Cc1ccc(NC(=O)Nc2cccc(-c3cc4[nH]nc(NC(=O)C(C)C)c4s3)c2)cc1,6.52,0.0,1
CHEMBL262,Cc1ccc(NC(=O)Nc2cccc(-c3cc4[nH]nc(NC(=O)C(C)C)c4s3)c2)cc1Cl,6.9,0.0,1
CHEMBL262,Cc1ccc(NC(=O)c2ccnc3[nH]c(-c4ccc(F)cc4)nc23)cn1,8.1,0.0,1
CHEMBL262,Cc1ccc(Nc2cc(-c3noc(-c4ccc(NS(=O)(=O)c5ccc(C(C)(C)C)cc5)cc4)n3)ccn2)cc1,5.34,0.0,1
CHEMBL262,Cc1ccc(Nc2nc(N)c(C(=O)c3ccc(C#N)cc3)s2)cc1,6.49,0.0,1
CHEMBL262,Cc1ccc(Nc2nc3ccc(C#N)cc3[nH]2)cc1,4.52,0.0,1
CHEMBL262,Cc1ccc(Nc2nnc(-c3ccc([N+](=O)[O-])cc3)o2)cc1Cl,7.77,0.0,1
CHEMBL262,Cc1ccc(S(=O)(=O)N2CCN(c3nc(-c4ccncn4)cc(=O)n3C)[C@H](C)C2)cc1,7.72,0.0,1
CHEMBL262,Cc1ccc(S(=O)(=O)Nc2ccc(CCNC(=O)c3ccc(O)c4[nH]c(-c5ccc(F)cc5)nc34)cc2)cc1,7.58,0.0,1
CHEMBL262,Cc1ccc(S(=O)(=O)Nc2ccc(CCNC(=O)c3ccc(O)c4[nH]c(Cc5ccccc5)nc34)cc2)cc1,5.55,0.0,1
CHEMBL262,Cc1ccc2[nH]nc(C(=O)NCC3CCN(C(=O)Nc4ccccc4)CC3)c2c1,6.19,0.0,1
CHEMBL262,Cc1ccc2[nH]nc(C(=O)NCC3CCN(CC(=O)Nc4ccccc4)CC3)c2c1,6.19,0.0,1
CHEMBL262,Cc1ccc2c(-c3ccc4ncnc(NC[C@H](O)c5ccccc5)c4c3)c[nH]c2n1,6.5,0.0,1
CHEMBL262,Cc1ccc2c(-c3ccc4ncnc(N[C@H](CO)c5ccccc5)c4c3)c[nH]c2n1,5.85,0.0,1
CHEMBL262,Cc1ccc2c(-c3ccnc(Nc4cccc(C(F)(F)F)c4)n3)c(-c3ccccc3)nn2n1,7.4,0.0,1
CHEMBL262,Cc1ccc2c(C3=C(c4ccc5ccccc5c4)C(=O)NC3=O)cn(CCCn3ccnc3)c2c1,6.85,0.0,1
CHEMBL262,Cc1ccc2c(C3=C(c4ccccc4[N+](=O)[O-])C(=O)NC3=O)cn(CCCn3ccnc3)c2c1,7.0,0.0,1
CHEMBL262,Cc1ccc2c(c1)/C(=C1/Nc3ccccc3/C1=N\OCCO[C@@H]1O[C@H](CO)[C@@H](O)[C@H](O)[C@H]1O)C(=O)N2,6.54,0.0,1
CHEMBL262,Cc1ccc2c(c1)c(C1=C(c3ccc(F)cc3)C(=O)NC1=O)cn2CCCn1ccnc1,4.63,0.0,1
CHEMBL262,Cc1ccc2c(c1)c(C1=C(c3ccc4ccccc4c3)C(=O)NC1=O)cn2CCCn1ccnc1,5.29,0.0,1
CHEMBL262,Cc1ccc2c(c1)c(C1=C(c3ccccc3C)C(=O)NC1=O)cn2CCCn1ccnc1,7.14,0.0,1
CHEMBL262,Cc1ccc2c(c1)c(C1=C(c3ccccc3F)C(=O)NC1=O)cn2CCCn1ccnc1,4.33,0.0,1
CHEMBL262,Cc1ccc2c(c1)c(C1=C(c3ccccc3[N+](=O)[O-])C(=O)NC1=O)cn2CCCn1ccnc1,5.09,0.0,1
CHEMBL262,Cc1ccc2c(c1Br)/C(=N/NC(N)=S)C(=O)N2,5.61,0.0,1
CHEMBL262,Cc1ccc2ncc(C3=C(c4cn5c6c(cccc46)CN(C=O)C(N4CCCCC4)C5)C(=O)NC3=O)n2c1,8.28,0.0,1
CHEMBL262,Cc1cccc(-n2ncc3c(N/N=C/c4ccncc4)ncnc32)c1,6.8,0.0,1
CHEMBL262,Cc1cccc(C(=O)CNc2nc(-c3ccncc3)cc(=O)n2C)c1,7.42,0.0,1
CHEMBL262,Cc1cccc(C2=C(c3cn(CCCn4cncc4C)c4ccccc34)C(=O)NC2=O)c1,6.99,0.0,1
CHEMBL262,Cc1cccc(C2C3=C(CC(C)(C)CC3=O)Nc3n[nH]c(C)c32)c1,6.26,0.0,1
CHEMBL262,Cc1cccc(N2CCN(CCCNC(=O)c3nc(-c4cccnc4)no3)C(C)C2)c1,6.43,0.38183766184073603,2
CHEMBL262,Cc1cccc(N2CCN(CCCNC(=O)c3nc(-c4cccnc4)no3)CC2)c1,5.97,0.0,1
CHEMBL262,Cc1cccc(N2CCN(CCCNC(=O)c3nc(-c4cccnc4)no3)CC2)c1C,6.2,0.0,1
CHEMBL262,Cc1cccc(N2CCN(CCCNC(=O)c3nc(-c4cccnc4)no3)CC2C)c1,6.15,0.0,1
CHEMBL262,Cc1cccc(N2CCN(CCCNC(=O)c3nc(-c4ccncc4)no3)CC2C)c1,5.95,0.0,1
CHEMBL262,Cc1cccc(N2CCN(CCCNC(=O)c3nc(-c4cncnc4)no3)C(C)C2)c1,5.58,0.0,1
CHEMBL262,Cc1cccc(Nc2cc(-c3noc(-c4ccc(NS(=O)(=O)c5ccc(C(C)(C)C)cc5)cc4)n3)ccn2)c1,6.03,0.0,1
CHEMBL262,Cc1cccc(Nc2cc(Nc3ccccc3Cl)c(C(N)=O)cn2)n1,6.42,0.0,1
CHEMBL262,Cc1cccc(OCCOc2cccc(/C=C3\SC(=S)NC3=O)c2)c1,5.58,0.0,1
CHEMBL262,Cc1ccccc1-n1cc(-c2ccccn2)nn1,6.31,0.0,1
CHEMBL262,Cc1ccccc1-n1nc(C)c2c3c(c4cccn4c21)C(=O)NC3=O,6.36,0.0,1
CHEMBL262,Cc1ccccc1-n1ncc2c(N/N=C/c3ccncc3)ncnc21,6.8,0.0,1
CHEMBL262,Cc1ccccc1-n1ncc2c3c(c4cccn4c21)C(=O)NC3=O,5.92,0.0,1
CHEMBL262,Cc1ccccc1-n1nncc1-c1ccncc1,5.2,0.0,1
CHEMBL262,Cc1ccccc1C1=C(c2cn(CCCn3ccnc3)c3cc(Br)ccc23)C(=O)NC1=O,6.85,0.0,1
CHEMBL262,Cc1ccccc1C1=C(c2cn(CCCn3ccnc3)c3ccc(Br)cc23)C(=O)NC1=O,7.06,0.0,1
CHEMBL262,Cc1ccccc1C1=C(c2cn(CCCn3ccnc3)c3ccccc23)C(=O)NC1=O,4.57,0.0,1
CHEMBL262,Cc1ccccc1C1=C(c2cn(CCCn3cncc3C)c3ccccc23)C(=O)NC1=O,7.23,0.0,1
CHEMBL262,Cc1ccccc1C1C2=C(CC(C)(C)CC2=O)Nc2n[nH]c(C)c21,6.26,0.0,1
CHEMBL262,Cc1ccccc1CN1C(=O)CC(c2ccccc2)Sc2ccccc21,4.12,0.0,1
CHEMBL262,Cc1ccccc1N1CCN(CCCNC(=O)c2nc(-c3cccnc3)no2)CC1,6.15,0.0,1
CHEMBL262,Cc1ccccc1NC(=O)Nc1cccc(-c2cc3[nH]nc(NC(=O)C(C)C)c3s2)c1,6.77,0.0,1
CHEMBL262,Cc1ccccc1Nc1cc(-c2noc(-c3ccc(NS(=O)(=O)c4ccc(C(C)(C)C)cc4)cc3)n2)ccn1,5.64,0.0,1
CHEMBL262,Cc1ccccc1Nc1nccc(-c2cnn3ncccc23)n1,5.2,0.0,1
CHEMBL262,Cc1ccncc1NC(=O)c1c[nH]c2ncc(-c3ccccc3)cc12,7.32,0.0,1
CHEMBL262,Cc1ccncc1NC(=O)c1ccnc(NC(=O)C2CC2)c1,7.52,0.0,1
CHEMBL262,Cc1ccncc1NC(=O)c1ccnc2[nH]c(N3CCC(c4ccccc4)C3)nc12,7.52,0.0,1
CHEMBL262,Cc1ccsc1C(=O)CCl,4.12,0.0,1
CHEMBL262,Cc1cn(CCCNC(=O)c2ccc(O)c3[nH]c(-c4cccs4)nc23)cn1,7.3,0.0,1
CHEMBL262,Cc1cnc(-c2cnc(NCCNc3ccc(C#N)cn3)nc2-c2ccc(Cl)cc2Cl)[nH]1,8.214285714285714,0.38252917722517726,7
CHEMBL262,Cc1cnc(Nc2ccnn2C)nc1-c1cc2n(c1)C(=O)N([C@H](CO)c1cccc(Cl)c1)C2,7.19,0.0,1
CHEMBL262,Cc1cnc(Nc2cnn(C)c2)nc1-c1cnn([C@H](CC#N)C2CCCC2)c1,6.4,0.0,1
CHEMBL262,Cc1cnc(Nc2cnn(C)c2)nc1N1CC(CC#N)(N2CCN(C)CC2)C1,4.3,0.0,1
CHEMBL262,Cc1cnc(Nc2cnn(C)c2)nc1N1CC2CCCC(C1)N2CC#N,4.44,0.0,1
CHEMBL262,Cc1cnc(Nc2cnn(C)c2)nc1N1CC2CCCC(C1)N2CCC#N,5.0,0.0,1
CHEMBL262,Cc1cncc(NC(=O)c2c[nH]c3ncc(-c4ccccc4)cc23)c1,6.94,0.0,1
CHEMBL262,Cc1cncc(NC(=O)c2ccnc(NC(=O)C3CC3)c2)c1,8.02,0.0,1
CHEMBL262,Cc1cnccc1-c1cc(=O)n(C)c(N2CCO[C@@H](c3ccc(F)cc3)C2)n1,5.61,0.0,1
CHEMBL262,Cc1cncn1CCCn1cc(C2=C(c3cc(F)c(F)cc3F)C(=O)NC2=O)c2ccccc21,6.91,0.0,1
CHEMBL262,Cc1cncn1CCCn1cc(C2=C(c3ccc(F)cc3)C(=O)NC2=O)c2ccccc21,6.99,0.0,1
CHEMBL262,Cc1cncn1CCCn1cc(C2=C(c3ccc(OCCCCN4CCCC4)cc3)C(=O)NC2=O)c2ccccc21,7.03,0.0,1
CHEMBL262,Cc1cncn1CCCn1cc(C2=C(c3ccc(OCCCCN4CCCCC4)cc3)C(=O)NC2=O)c2ccccc21,7.17,0.0,1
CHEMBL262,Cc1cncn1CCCn1cc(C2=C(c3ccc(OCCCCN4CCN(C)CC4)cc3)C(=O)NC2=O)c2ccccc21,7.82,0.0,1
CHEMBL262,Cc1cncn1CCCn1cc(C2=C(c3ccc(OCCCCN4CCN(c5ccccc5)CC4)cc3)C(=O)NC2=O)c2ccccc21,6.7,0.0,1
CHEMBL262,Cc1cncn1CCCn1cc(C2=C(c3ccc(OCCCCN4CCOCC4)cc3)C(=O)NC2=O)c2ccccc21,7.24,0.0,1
CHEMBL262,Cc1cncn1CCCn1cc(C2=C(c3ccc(OCCCCc4ccccc4)cc3)C(=O)NC2=O)c2ccccc21,6.72,0.0,1
CHEMBL262,Cc1cncn1CCCn1cc(C2=C(c3ccc(OCCCCn4ccnc4)cc3)C(=O)NC2=O)c2ccccc21,6.88,0.0,1
CHEMBL262,Cc1cncn1CCCn1cc(C2=C(c3ccc(OCCCN4CCCC4)cc3)C(=O)NC2=O)c2ccccc21,6.79,0.0,1
CHEMBL262,Cc1cncn1CCCn1cc(C2=C(c3ccc(OCCCN4CCCCC4)cc3)C(=O)NC2=O)c2ccccc21,7.06,0.0,1
CHEMBL262,Cc1cncn1CCCn1cc(C2=C(c3ccc(OCCCN4CCN(C)CC4)cc3)C(=O)NC2=O)c2ccccc21,7.13,0.0,1
CHEMBL262,Cc1cncn1CCCn1cc(C2=C(c3ccc(OCCCN4CCN(c5ccccc5)CC4)cc3)C(=O)NC2=O)c2ccccc21,6.71,0.0,1
CHEMBL262,Cc1cncn1CCCn1cc(C2=C(c3ccc(OCCCN4CCOCC4)cc3)C(=O)NC2=O)c2ccccc21,6.75,0.0,1
CHEMBL262,Cc1cncn1CCCn1cc(C2=C(c3ccc(OCCCc4ccccc4)cc3)C(=O)NC2=O)c2ccccc21,6.74,0.0,1
CHEMBL262,Cc1cncn1CCCn1cc(C2=C(c3ccc(OCCCn4ccnc4)cc3)C(=O)NC2=O)c2ccccc21,6.98,0.0,1
CHEMBL262,Cc1cncn1CCCn1cc(C2=C(c3ccc([N+](=O)[O-])cc3)C(=O)NC2=O)c2ccccc21,6.79,0.0,1
CHEMBL262,Cc1cncn1CCCn1cc(C2=C(c3cccc(F)c3)C(=O)NC2=O)c2ccccc21,7.19,0.0,1
CHEMBL262,Cc1cncn1CCCn1cc(C2=C(c3cccc([N+](=O)[O-])c3)C(=O)NC2=O)c2ccccc21,7.33,0.0,1
CHEMBL262,Cc1cncn1CCCn1cc(C2=C(c3ccccc3)C(=O)NC2=O)c2ccccc21,7.85,0.0,1
CHEMBL262,Cc1cncn1CCCn1cc(C2=C(c3ccccc3F)C(=O)NC2=O)c2ccccc21,7.54,0.0,1
CHEMBL262,Cc1cncn1CCCn1cc(C2=C(c3ccccc3[N+](=O)[O-])C(=O)NC2=O)c2ccccc21,8.7,0.0,1
CHEMBL262,Cc1csc(-c2cnc(N)c(/N=C/c3ccnc(NC(=O)C4CC4)c3)c2)c1,6.5,0.0,1
CHEMBL262,Cc1csc(-c2cnc(N)c(NC(=O)c3ccnc(NC(=O)C4CC4)c3)c2)c1,6.66,0.0,1
CHEMBL262,Cc1n/c(=N\Cc2cccnc2)sn1-c1ccccc1,6.22,0.0,1
CHEMBL262,Cc1n[nH]c2c1C(c1ccccc1F)C1=C(CC(C)(C)CC1=O)N2,5.52,0.0,1
CHEMBL262,Cc1n[nH]cc1/C=C1/C(=O)Nc2ccccc21,5.25,0.0,1
CHEMBL262,Cc1nc(-c2ccc(F)c(C)c2)c(-c2ccnc(NC(=O)C3CC3)c2)[nH]1,6.93,0.0,1
CHEMBL262,Cc1nc(-c2ccc(F)c(F)c2)c(-c2ccnc(NC(=O)C3CC3)c2)[nH]1,7.23,0.0,1
CHEMBL262,Cc1nc(-c2ccc(F)cc2)c(-c2ccnc(NC(=O)C3CC3)c2)[nH]1,7.28,0.0,1
CHEMBL262,Cc1nc(-c2ccc(F)cc2)c(-c2ccnc(NC(=O)CCn3cncn3)c2)[nH]1,7.09,0.0,1
CHEMBL262,Cc1nc(-c2ccc(F)cc2)c(-c2ccnc(NC(=O)CCn3cnnn3)c2)[nH]1,7.14,0.0,1
CHEMBL262,Cc1nc(-c2ccc(O)cc2)c(-c2ccnc(NC(=O)C3CC3)c2)[nH]1,6.05,0.0,1
CHEMBL262,Cc1nc(-c2ccc3c(c2)OCO3)c(-c2ccnc(NC(=O)C3CC3)c2)[nH]1,6.33,0.0,1
CHEMBL262,Cc1nc(-c2ccc3occ(-c4ccc([S+](C)[O-])cc4)c3c2)no1,6.17,0.0,1
CHEMBL262,Cc1nc(-c2cccc(O)c2)c(-c2ccnc(NC(=O)C3CC3)c2)[nH]1,7.37,0.0,1
CHEMBL262,Cc1nc(-c2ccccc2)c(-c2ccnc(NC(=O)CCn3cncn3)c2)[nH]1,5.29,0.0,1
CHEMBL262,Cc1nc(-c2ccccc2)c(-c2ccnc(NC(=O)CCn3cnnn3)c2)[nH]1,5.36,0.0,1
CHEMBL262,Cc1nc(-c2ccccc2O)c(-c2ccnc(NC(=O)C3CC3)c2)[nH]1,7.96,0.0,1
CHEMBL262,Cc1nc(-c2ccco2)c(-c2ccnc(NC(=O)C3CC3)c2)[nH]1,7.0,0.0,1
CHEMBL262,Cc1nc(-c2cccs2)c(-c2ccnc(NC(=O)C3CC3)c2)[nH]1,7.16,0.0,1
CHEMBL262,Cc1nc(-c2ccnc(NC(=O)C3CC3)c2)sc1C(N)=O,7.43,0.0,1
CHEMBL262,Cc1nc(-c2ccncc2)cc(=O)[nH]1,5.52,0.0,1
CHEMBL262,Cc1nc(C(N)=O)[nH]c1-c1ccnc(NC(=O)C2CC2)c1,7.89,0.0,1
CHEMBL262,Cc1nc(C)n2nc(-c3ccccc3)nc(NCCNc3ccc(C#N)cn3)c12,6.51,0.0,1
CHEMBL262,Cc1nc(C2CC2)c(-c2ccnc(NC(=O)C3CC3)c2)[nH]1,5.51,0.0,1
CHEMBL262,Cc1nc(C2CCC2)c(-c2ccnc(NC(=O)C3CC3)c2)[nH]1,5.39,0.0,1
CHEMBL262,Cc1nc(C2CCCC2)c(-c2ccnc(NC(=O)C3CC3)c2)[nH]1,5.26,0.0,1
CHEMBL262,Cc1nc(C2CCCCC2)c(-c2ccnc(NC(=O)C3CC3)c2)[nH]1,5.33,0.0,1
CHEMBL262,Cc1nc2ccc(-c3cc(O[C@H](C)[C@H]4CNC(=O)C4)c4cccnc4c3)cc2s1,5.17,0.0,1
CHEMBL262,Cc1ncc(-c2ccnc(NC(=O)C3CC3)c2)[nH]1,5.77,0.0,1
CHEMBL262,Cc1nn(-c2ccc(Cl)cc2Cl)c2c1c1c(c3cccn32)C(=O)NC1=O,6.62,0.0,1
CHEMBL262,Cc1nn(-c2ccccc2)c2c1c1c(c3cccn32)C(=O)NC1=O,6.16,0.0,1
CHEMBL262,Cc1nn(-c2ccccc2Cl)c2c1c1c(c3cccn32)C(=O)NC1=O,6.03,0.0,1
CHEMBL262,Cc1nnc(-c2ccc3occ(-c4ccc([S+](C)[O-])cc4)c3c2)[nH]1,7.09,0.0,1
CHEMBL262,Cc1nnc(-c2ccc3occ(-c4ccc([S+](C)[O-])cc4)c3c2)o1,7.28,0.0,1
CHEMBL262,Cc1nnc(-c2ccc3occ(-c4ccc([S+](C)[O-])cc4)c3c2)s1,7.14,0.0,1
CHEMBL262,Cc1nnc(-c2ccc3occ(-c4ccc([S@+](C)[O-])cc4)c3c2)o1,7.28,0.0,1
CHEMBL262,Cc1noc(C)c1-c1ccc2[nH]nc(C(=O)NCC3CCN(CC(=O)O)CC3)c2c1,6.04,0.0,1
CHEMBL262,Cc1oncc1CNC(=O)c1ccc2cc(-c3n[nH]cc3-c3ccccc3)[nH]c2c1,5.64,0.0,1
CHEMBL262,Cc1sc(C(=O)CCl)cc1C(=O)CCl,5.3,0.0,1
CHEMBL262,Clc1ccc(-n2cc(-c3ccncc3)nn2)cc1,5.96,0.0,1
CHEMBL262,Clc1ccc(CNc2nccc(-c3cnn4ncccc34)n2)cc1,5.0,0.0,1
CHEMBL262,Clc1ccc(CSc2nnc(-c3ccc4c(c3)CCO4)o2)cc1,6.55,0.0,1
CHEMBL262,Clc1cccc(-n2cc(-c3ccncc3)nn2)c1,5.75,0.0,1
CHEMBL262,Clc1cccc(CSc2nnc(-c3ccc4c(c3)CCO4)o2)c1,7.03,0.0,1
CHEMBL262,Clc1cccc(CSc2nnc(-c3ccncc3)o2)c1,6.09,0.0,1
CHEMBL262,Clc1ccccc1-c1cc(NCOc2cccnc2)n2ncc(Br)c2n1,7.46,0.0,1
CHEMBL262,Clc1ccccc1-c1cc(NCc2cccnc2)n2ncc(Br)c2n1,7.27,0.0,1
CHEMBL262,Clc1ccccc1CSc1nnc(-c2ccc3c(c2)CCO3)o1,6.7,0.0,1
CHEMBL262,Clc1ccccc1CSc1nnc(-c2ccncc2)o1,4.92,0.0,1
CHEMBL262,Clc1nc(NCc2ccccn2)c2c(-c3ccccc3)cccc2n1,5.29,0.0,1
CHEMBL262,Cn1c(=O)c2cnc(Nc3ccc(C(=O)O)cc3)nc2n1-c1ccccc1,6.02,0.0,1
CHEMBL262,Cn1c(=O)n(-c2ccccc2)c2nc(Nc3ccccc3)ncc21,5.77,0.0,1
CHEMBL262,Cn1c(CCCc2ccccc2)nc(-c2ccncc2)cc1=O,7.05,0.0,1
CHEMBL262,Cn1c(N(CCCCCN)CCc2ccccc2)nc(-c2ccncc2)cc1=O,6.82,0.0,1
CHEMBL262,Cn1c(N(CCCCN)CCc2ccccc2)nc(-c2ccncc2)cc1=O,6.89,0.0,1
CHEMBL262,Cn1c(N2CCNC(c3ccc(Br)cc3)C2)nc(-c2ccncc2)cc1=O,7.66,0.0,1
CHEMBL262,Cn1c(N2CCNC(c3ccc(Br)cc3)C2)nc(-c2ccncn2)cc1=O,8.09,0.0,1
CHEMBL262,Cn1c(N2CCNC(c3ccc(C#N)cc3)C2)nc(-c2ccncc2)cc1=O,7.82,0.0,1
CHEMBL262,Cn1c(N2CCNC(c3ccc(C#N)cc3)C2)nc(-c2ccncn2)cc1=O,8.13,0.0,1
CHEMBL262,Cn1c(N2CCNC(c3ccc(Cl)c(Cl)c3)C2)nc(-c2ccncc2)cc1=O,8.37,0.0,1
CHEMBL262,Cn1c(N2CCNC(c3ccc(Cl)c(Cl)c3)C2)nc(-c2ccncn2)cc1=O,8.64,0.0,1
CHEMBL262,Cn1c(N2CCNC(c3ccc(Cl)cc3)C2)nc(-c2ccncc2)cc1=O,8.18,0.0,1
CHEMBL262,Cn1c(N2CCNC(c3ccc(Cl)cc3)C2)nc(-c2ccncn2)cc1=O,8.77,0.0,1
CHEMBL262,Cn1c(N2CCNC(c3ccc(F)cc3)C2)nc(-c2ccncc2)cc1=O,7.75,0.0,1
CHEMBL262,Cn1c(N2CCNC(c3ccc(F)cc3)C2)nc(-c2ccncn2)cc1=O,8.07,0.0,1
CHEMBL262,Cn1c(N2CCNC(c3cccc(Br)c3)C2)nc(-c2ccncn2)cc1=O,8.7,0.0,1
CHEMBL262,Cn1c(N2CCNC(c3cccc(Cl)c3)C2)nc(-c2ccncc2)cc1=O,8.27,0.0,1
CHEMBL262,Cn1c(N2CCNC(c3cccc(Cl)c3)C2)nc(-c2ccncn2)cc1=O,8.96,0.0,1
CHEMBL262,Cn1c(N2CCNC(c3cccc(F)c3)C2)nc(-c2ccncc2)cc1=O,7.66,0.0,1
CHEMBL262,Cn1c(N2CCNC(c3cccc(F)c3)C2)nc(-c2ccncn2)cc1=O,7.92,0.0,1
CHEMBL262,Cn1c(N2CCNC(c3ccccc3)C2)nc(-c2ccncc2)cc1=O,7.75,0.0,1
CHEMBL262,Cn1c(N2CCNC(c3ccccc3Br)C2)nc(-c2ccncc2)cc1=O,7.89,0.0,1
CHEMBL262,Cn1c(N2CCNC(c3ccccc3Br)C2)nc(-c2ccncn2)cc1=O,8.37,0.0,1
CHEMBL262,Cn1c(N2CCNC(c3ccccc3Cl)C2)nc(-c2ccncc2)cc1=O,8.02,0.0,1
CHEMBL262,Cn1c(N2CCNC(c3ccccc3Cl)C2)nc(-c2ccncn2)cc1=O,8.59,0.0,1
CHEMBL262,Cn1c(N2CCNC(c3ccccc3F)C2)nc(-c2ccncc2)cc1=O,7.96,0.0,1
CHEMBL262,Cn1c(N2CCNC(c3ccccc3F)C2)nc(-c2ccncn2)cc1=O,8.09,0.0,1
CHEMBL262,Cn1c(N2CCN[C@@H](c3ccc(Cl)cc3)C2)nc(-c2ccncc2)cc1=O,7.96,0.0,1
CHEMBL262,Cn1c(N2CCN[C@@H](c3ccc(Cl)cc3)C2)nc(-c2ccncn2)cc1=O,8.92,0.0,1
CHEMBL262,Cn1c(N2CCN[C@H](c3ccc(Cl)cc3)C2)nc(-c2ccncc2)cc1=O,6.96,0.0,1
CHEMBL262,Cn1c(N2CCN[C@H](c3ccc(Cl)cc3)C2)nc(-c2ccncn2)cc1=O,7.58,0.0,1
CHEMBL262,Cn1c(N2CCOC(C3CCC3)C2)nc(-c2ccncc2F)cc1=O,7.92,0.0,1
CHEMBL262,Cn1c(N2CCOC(c3ccc(F)cc3)C2)nc(-c2ccncc2)cc1=O,7.57,0.0,1
CHEMBL262,Cn1c(N2CCOC(c3ccccc3)C2)nc(-c2ccncc2)cc1=O,7.29,0.0,1
CHEMBL262,Cn1c(N2CCOCC2)nc(-c2ccncc2F)cc1=O,7.17,0.0,1
CHEMBL262,Cn1c(N2CCO[C@@H](c3c(F)cccc3Cl)C2)nc(-c2ccncn2)cc1=O,9.19,0.0,1
CHEMBL262,Cn1c(N2CCO[C@@H](c3ccc(C#N)cc3)C2)nc(-c2ccncn2)cc1=O,7.89,0.0,1
CHEMBL262,Cn1c(N2CCO[C@@H](c3ccc(C#N)cc3F)C2)nc(-c2ccncn2)cc1=O,8.19,0.0,1
CHEMBL262,Cn1c(N2CCO[C@@H](c3ccc(F)cc3)C2)nc(-c2ccnc(Cl)c2)cc1=O,6.04,0.0,1
CHEMBL262,Cn1c(N2CCO[C@@H](c3ccc(F)cc3)C2)nc(-c2ccncc2)cc1=O,7.66,0.0,1
CHEMBL262,Cn1c(N2CCO[C@@H](c3ccc(F)cc3)C2)nc(-c2ccncc2Cl)cc1=O,6.37,0.0,1
CHEMBL262,Cn1c(N2CCO[C@@H](c3ccc(F)cc3)C2)nc(-c2ccncc2F)cc1=O,8.13,0.0,1
CHEMBL262,Cn1c(N2CCO[C@@H](c3ccc(F)cc3)C2)nc(-c2ccncn2)cc1=O,7.92,0.0,1
CHEMBL262,Cn1c(N2CCO[C@@H](c3ccccc3F)C2)nc(-c2ccncn2)cc1=O,8.49,0.0,1
CHEMBL262,Cn1c(N2CCO[C@@H]3CCCC[C@H]32)nc(-c2ccncc2F)cc1=O,8.43,0.0,1
CHEMBL262,Cn1c(N2CCO[C@@H]3CCC[C@H]32)nc(-c2ccncc2F)cc1=O,8.38,0.0,1
CHEMBL262,Cn1c(N2CCO[C@@H]3COC[C@H]32)nc(-c2ccncc2F)cc1=O,8.51,0.0,1
CHEMBL262,Cn1c(N2CCO[C@H](c3ccc(F)cc3)C2)nc(-c2ccncc2)cc1=O,7.11,0.0,1
CHEMBL262,Cn1c(N2CCO[C@H]3CCC[C@@H]32)nc(-c2ccncc2F)cc1=O,7.46,0.0,1
CHEMBL262,Cn1c(NCC(=O)c2ccc(F)cc2)nc(-c2ccncc2)cc1=O,7.28,0.0,1
CHEMBL262,Cn1c(NCC(=O)c2cccc(C#N)c2)nc(-c2ccncc2)cc1=O,7.89,0.0,1
CHEMBL262,Cn1c(NCC(=O)c2cccc(Cl)c2)nc(-c2ccncc2)cc1=O,7.89,0.0,1
CHEMBL262,Cn1c(NCC(=O)c2cccc(F)c2)nc(-c2ccncc2)cc1=O,7.6,0.0,1
CHEMBL262,Cn1c(NCC(=O)c2ccccc2)nc(-c2ccncc2)cc1=O,6.65,1.9798989873223336,2
CHEMBL262,Cn1c(NCC(=O)c2ccccc2F)nc(-c2ccncc2)cc1=O,7.57,0.0,1
CHEMBL262,Cn1c(NCC(O)c2ccccc2)nc(-c2ccncc2)cc1=O,7.64,0.0,1
CHEMBL262,Cn1c(NCCC2CCCCC2)nc(-c2ccncc2)cc1=O,7.41,0.0,1
CHEMBL262,Cn1c(NCCCCCCCNc2c3c(nc4cc(Br)ccc24)CCCC3)nc(-c2ccncc2F)cc1=O,4.04,0.0,1
CHEMBL262,Cn1c(NCCCCCCCNc2c3c(nc4cc(Cl)ccc24)CCCC3)nc(-c2ccncc2F)cc1=O,4.05,0.0,1
CHEMBL262,Cn1c(NCCCCCCCNc2c3c(nc4ccc(F)cc24)CCCC3)nc(-c2ccncc2F)cc1=O,4.02,0.0,1
CHEMBL262,Cn1c(NCCCCCCCNc2c3c(nc4ccccc24)CCCC3)nc(-c2ccncc2)cc1=O,6.48,0.0,1
CHEMBL262,Cn1c(NCCCCCCCNc2c3c(nc4ccccc24)CCCC3)nc(-c2ccncc2F)cc1=O,4.17,0.0,1
CHEMBL262,Cn1c(NCCCCCCNc2c3c(nc4ccccc24)CCCC3)nc(-c2ccncc2)cc1=O,6.28,0.0,1
CHEMBL262,Cn1c(NCCCCCNc2c3c(nc4ccccc24)CCCC3)nc(-c2ccncc2)cc1=O,5.89,0.0,1
CHEMBL262,Cn1c(NCCCCNc2c3c(nc4ccccc24)CCCC3)nc(-c2ccncc2)cc1=O,6.04,0.0,1
CHEMBL262,Cn1c(NCCNc2c3c(nc4cc(Cl)ccc24)CCCC3)nc(-c2ccncc2F)cc1=O,4.85,0.0,1
CHEMBL262,Cn1c(NCCNc2c3c(nc4cc(F)ccc24)CCCC3)nc(-c2ccncc2F)cc1=O,4.92,0.0,1
CHEMBL262,Cn1c(NCCNc2c3c(nc4ccc(Cl)cc24)CCCC3)nc(-c2ccncc2F)cc1=O,5.09,0.0,1
CHEMBL262,Cn1c(NCCNc2c3c(nc4ccccc24)CCCC3)nc(-c2ccncc2)cc1=O,5.39,0.0,1
CHEMBL262,Cn1c(NCCNc2c3c(nc4ccccc24)CCCC3)nc(-c2ccncc2F)cc1=O,5.93,0.0,1
CHEMBL262,Cn1c(NCCNc2c3c(nc4ccccc24)CCCC3)nc(-c2ccncn2)cc1=O,5.25,0.0,1
CHEMBL262,Cn1c(NCCc2ccccc2)nc(-c2ccncc2)cc1=O,7.16,0.0,1
CHEMBL262,Cn1c(OCCc2ccccc2)nc(-c2ccncc2)cc1=O,6.7,0.0,1
CHEMBL262,Cn1cc(-c2[nH][nH]c(=O)c2-c2cn(C)c3ccccc23)c2ccccc21,7.47,0.0,1
CHEMBL262,Cn1cc(-c2cc(-c3nc4ccccc4[nH]3)c(=O)[nH]n2)ccc1=O,6.8,0.0,1
CHEMBL262,Cn1cc(-c2ccc(-c3cncc(Cl)c3N3CCC4(CCNC4=O)CC3)cc2)cn1,6.16,0.0,1
CHEMBL262,Cn1cc(-c2csc(-c3c[nH]c4ccccc34)n2)c2cccnc21,4.4,0.0,1
CHEMBL262,Cn1cc(-c2nc(-c3c[nH]c4ncccc34)cs2)c2cc(F)ccc21,4.38,0.0,1
CHEMBL262,Cn1cc(-c2nc(-c3cn(C)c4ncccc34)cs2)c2cc(F)ccc21,4.45,0.0,1
CHEMBL262,Cn1cc(-n2cnc3c(NCc4nc5cc(Cl)c(Cl)cc5[nH]4)nc(N4CCOCC4)nc32)cn1,6.09,0.0,1
CHEMBL262,Cn1cc(/C=C2/C(=O)Nc3ccccc32)cn1,4.87,0.0,1
CHEMBL262,Cn1cc(/C=C2\Oc3cccc(O)c3C2=O)c2c(-c3ccc(C(=O)NCCO)cc3)ccnc21,8.23,0.0,1
CHEMBL262,Cn1cc(C2=C(C(=O)CBr)C(=O)NC2=O)c2ccccc21,8.3,0.0,1
CHEMBL262,Cn1cc(C2=C(N(C(=O)OC(C)(C)C)c3ccccc3)C(=O)NC2=O)c2ccccc21,5.51,0.0,1
CHEMBL262,Cn1cc(C2=C(N3CCOCC3)C(=O)NC2=O)c2ccccc21,5.09,0.0,1
CHEMBL262,Cn1cc(C2=C(Nc3ccccc3)C(=O)NC2=O)c2ccccc21,6.46,0.0,1
CHEMBL262,Cn1cc(C2=C(Oc3ccccc3)C(=O)NC2=O)c2ccccc21,5.55,0.0,1
CHEMBL262,Cn1cc(C2=C(Sc3ccccc3)C(=O)NC2=O)c2ccccc21,5.7,0.0,1
CHEMBL262,Cn1cc(C2=C(c3c4n(c5ccccc35)CCN(C(N)=S)C4)C(=O)NC2=O)c2ccccc21,8.0,0.0,1
CHEMBL262,Cn1cc(C2=C(c3cc(Cl)ccc3Cl)C(=O)NC2=O)c2ccccc21,8.15,0.0,1
CHEMBL262,Cn1cc(C2=C(c3ccc(-c4ccccc4)cc3)C(=O)NC2=O)c2ccccc21,6.14,0.0,1
CHEMBL262,Cn1cc(C2=C(c3ccc(Cl)cc3Cl)C(=O)NC2=O)c2ccccc21,7.6000000000000005,0.4544777222262937,9
CHEMBL262,Cn1cc(C2=C(c3cccc(CC(O)CO)c3)C(=O)NC2=O)c2cc(F)ccc21,8.74,0.0,1
CHEMBL262,Cn1cc(C2=C(c3cccc(C[C@@H](O)CO)c3)C(=O)NC2=O)c2ccccc21,8.49,0.0,1
CHEMBL262,Cn1cc(C2=C(c3cccc(C[C@H](O)CO)c3)C(=O)NC2=O)c2ccccc21,8.09,0.0,1
CHEMBL262,Cn1cc(C2=C(c3cccc(N)c3)C(=O)NC2=O)c2ccccc21,8.74,0.0,1
CHEMBL262,Cn1cc(C2=C(c3cccc(NCC(O)CO)c3)C(=O)NC2=O)c2cc(Cl)ccc21,9.4,0.0,1
CHEMBL262,Cn1cc(C2=C(c3cccc(NCC(O)CO)c3)C(=O)NC2=O)c2cc(F)ccc21,9.22,0.0,1
CHEMBL262,Cn1cc(C2=C(c3cccc(NCCCO)c3)C(=O)NC2=O)c2ccccc21,9.0,0.0,1
CHEMBL262,Cn1cc(C2=C(c3cccc(OCCN)c3)C(=O)NC2=O)c2ccccc21,7.16,0.0,1
CHEMBL262,Cn1cc(C2=C(c3ccccc3Cl)C(=O)NC2=O)c2ccccc21,8.44,0.0,1
CHEMBL262,Cn1cc(C2=C(c3cccnc3)C(=O)NC2=O)c2ccccc21,7.38,0.0,1
CHEMBL262,Cn1cc(C2=C(c3cccs3)C(=O)NC2=O)c2ccccc21,7.66,0.0,1
CHEMBL262,Cn1cc(C2=C(c3cn(CCCSC(=N)N)c4ccccc34)C(=O)NC2=O)c2ccccc21,8.535,0.02121320343559723,2
CHEMBL262,Cn1cc(C2=C(c3cnc4ccccn34)C(=O)NC2=O)c2cc(Br)ccc21,9.06,0.0,1
CHEMBL262,Cn1cc(C2=C(c3cnc4ccccn34)C(=O)NC2=O)c2cc3c(cc21)OCO3,8.28,0.0,1
CHEMBL262,Cn1cc(C2=C(c3coc4cc(CO)ccc34)C(=O)NC2=O)c2cc(Br)ccc21,9.29,0.0,1
CHEMBL262,Cn1cc(C2=C(c3coc4cc(CO)ccc34)C(=O)NC2=O)c2cc(C#N)ccc21,7.88,0.0,1
CHEMBL262,Cn1cc(C2=C(c3coc4cc(CO)ccc34)C(=O)NC2=O)c2cc(F)c(Cl)cc21,9.02,0.0,1
CHEMBL262,Cn1cc(C2=C(c3coc4cc(CO)ccc34)C(=O)NC2=O)c2cc(F)ccc21,9.46,0.0,1
CHEMBL262,Cn1cc(C2=C(c3coc4cc(CO)ccc34)C(=O)NC2=O)c2cccc(CO)c21,8.29,0.0,1
CHEMBL262,Cn1cc(C2=C(c3coc4cc(F)c(F)cc34)C(=O)NC2=O)c2ccc3ccccc3c21,6.5,0.0,1
CHEMBL262,Cn1cc(C2=C(c3coc4cc(O)ccc34)C(=O)NC2=O)c2cc(F)ccc21,8.46,0.0,1
CHEMBL262,Cn1cc(C2=C(c3coc4cc(OCC5CC5)ccc34)C(=O)NC2=O)c2cc(F)c(Cl)cc21,5.89,0.0,1
CHEMBL262,Cn1cc(C2=C(c3coc4cc(OCC5CCC5)ccc34)C(=O)NC2=O)c2cc(F)c(Cl)cc21,5.39,0.0,1
CHEMBL262,Cn1cc(C2=C(c3coc4ccc(F)cc34)C(=O)NC2=O)c2cc(C#CC3CC3)ccc21,7.79,0.0,1
CHEMBL262,Cn1cc(C2=C(c3coc4ccc(F)cc34)C(=O)NC2=O)c2cc(Cl)ccc21,7.38,0.0,1
CHEMBL262,Cn1cc(C2=C(c3coc4ccc(F)cc34)C(=O)NC2=O)c2cc(I)ccc21,6.75,0.0,1
CHEMBL262,Cn1cc(C2=C(c3coc4ccc(F)cc34)C(=O)NC2=O)c2cc3c(cc21)OCO3,6.15,0.0,1
CHEMBL262,Cn1cc(C2=C(c3coc4ccccc34)C(=O)NC2=O)c2cc(Br)ccc21,7.915,0.33234018715767777,2
CHEMBL262,Cn1cc(C2=C(c3coc4ccccc34)C(=O)NC2=O)c2cc(Br)cnc21,8.28,0.0,1
CHEMBL262,Cn1cc(C2=C(c3coc4ccccc34)C(=O)NC2=O)c2cc(C3CC3)ccc21,6.63,0.0,1
CHEMBL262,Cn1cc(C2=C(c3coc4ccccc34)C(=O)NC2=O)c2cc(F)c(Cl)cc21,6.74,0.0,1
CHEMBL262,Cn1cc(C2=C(c3coc4ccccc34)C(=O)NC2=O)c2cc(F)ccc21,9.4,0.0,1
CHEMBL262,Cn1cc(C2=C(c3coc4ccccc34)C(=O)NC2=O)c2cc(I)ccc21,7.46,0.0,1
CHEMBL262,Cn1cc(C2=C(c3coc4ccccc34)C(=O)NC2=O)c2ccc(O)cc21,7.82,0.0,1
CHEMBL262,Cn1cc(C2=C(c3coc4ccccc34)C(=O)NC2=O)c2cccc(CCC(=O)O)c21,8.92,0.0,1
CHEMBL262,Cn1cc(C2=C(c3coc4ccccc34)C(=O)NC2=O)c2cccc(CCOC(C)(C)C)c21,6.83,0.0,1
CHEMBL262,Cn1cc(C2=C(c3coc4ccccc34)C(=O)NC2=O)c2cccc(CO)c21,8.27,0.0,1
CHEMBL262,Cn1cc(C2=C(c3coc4ccccc34)C(=O)NC2=O)c2cccc(O)c21,7.26,0.0,1
CHEMBL262,Cn1cc(C2=C(c3coc4ccccc34)C(=O)NC2=O)c2ccccc21,7.46,0.0,1
CHEMBL262,Cn1cc(C2=C(c3coc4ccccc34)C(=O)NC2=O)c2cccnc21,7.75,0.0,1
CHEMBL262,Cn1cc(C2C(=O)NC(=O)C2c2coc3ccccc23)c2cc(Br)ccc21,7.68,0.0,1
CHEMBL262,Cn1cc(Nc2ncc(Br)c(N[C@H]3[C@@H](C(N)=O)[C@@H]4C=C[C@H]3C4)n2)cn1,7.47,0.0,1
CHEMBL262,Cn1cnc2ccc(-c3nnc(SCc4cccc(C(F)(F)F)c4)o3)cc21,8.03,0.0,1
CHEMBL262,Cn1cncc1CNC(=O)c1ccc2cc(-c3n[nH]cc3-c3ccccc3)[nH]c2c1,6.27,0.0,1
CHEMBL262,Cn1nc(C(N)=O)c2c1-c1nc(NC3CCN(C(=O)c4ccccc4)CC3)ncc1CC2,7.32,0.0,1
CHEMBL262,Cn1nc(C(N)=O)cc1-c1ccnc(NC(=O)C2CC2)c1,7.62,0.0,1
CHEMBL262,Cn1nc(N)c2cc(-c3ccccc3)cnc21,4.64,0.0,1
CHEMBL262,Cn1nccc1CNC(=O)c1ccc2cc(-c3n[nH]cc3-c3ccccc3)[nH]c2c1,5.9,0.0,1
CHEMBL262,Cn1sc(=O)n(-c2ccc(Br)cc2)c1=O,5.52,0.0,1
CHEMBL262,Cn1sc(=O)n(-c2ccc(C(F)(F)F)cc2)c1=O,5.22,0.0,1
CHEMBL262,Cn1sc(=O)n(-c2ccc(Cl)cc2)c1=O,5.4,0.0,1
CHEMBL262,Cn1sc(=O)n(-c2ccc(F)cc2)c1=O,5.4,0.0,1
CHEMBL262,Cn1sc(=O)n(-c2cccc(Br)c2)c1=O,5.4,0.0,1
CHEMBL262,Cn1sc(=O)n(-c2cccc3ccccc23)c1=O,5.52,0.0,1
CHEMBL262,Cn1sc(=O)n(-c2ccccc2)c1=O,5.7,0.0,1
CHEMBL262,Cn1sc(=O)n(-c2ccccc2Br)c1=O,5.22,0.0,1
CHEMBL262,Cn1sc(=O)n(Cc2ccccc2)c1=O,5.903333333333333,0.23459184413217196,3
CHEMBL262,FC(F)(F)Oc1cccc(-n2ncc3c(N/N=C/c4ccncc4)ncnc32)c1,6.5,0.0,1
CHEMBL262,FC(F)(F)c1ccc(-c2n/c(=N\Cc3cccnc3)sn2-c2ccccc2)cc1,5.8,0.0,1
CHEMBL262,FC(F)(F)c1ccc(-c2nnc(Nc3ccccc3)o2)cc1,6.2,0.0,1
CHEMBL262,FC(F)(F)c1ccc(/C=N/Nc2nnc3n2N=C(c2ccc(Cl)cc2)CS3)cc1,6.05,0.0,1
CHEMBL262,FC(F)(F)c1cccc(-c2nn3ncccc3c2-c2ccnc(Nc3ccc4c(c3)OCCO4)n2)c1,7.3,0.0,1
CHEMBL262,FC(F)(F)c1cccc(CSc2nnc(-c3ccc4c(c3)CCO4)o2)c1,7.17,0.0,1
CHEMBL262,FC(F)(F)c1nc2ccccc2n1Cc1nnc(SCc2cn(-c3ccccc3)nn2)o1,6.5,0.0,1
CHEMBL262,FC(F)(F)c1nc2ccccc2n1Cc1nnc(SCc2cn(-c3cccnc3)nn2)o1,6.82,0.0,1
CHEMBL262,Fc1cc(F)cc(-c2ccc(CSc3nnc(-c4ccc5c(c4)OCCO5)o3)cc2)c1,6.01,0.0,1
CHEMBL262,Fc1cc(F)cc(-c2ccc(CSc3nnc(-c4ccc5c(c4)OCO5)o3)cc2)c1,6.71,0.0,1
CHEMBL262,Fc1ccc(-c2nn3ccccc3c2-c2ccncc2)cc1,5.66,0.0,1
CHEMBL262,Fc1ccc(Nc2nccc(-c3c(C4CC4)nn4ncccc34)n2)cc1F,4.6,0.0,1
CHEMBL262,Fc1ccc(Nc2nccc(-c3cnn4ncccc34)n2)cc1F,8.0,0.0,1
CHEMBL262,Fc1cccc(-n2ncc3c(N/N=C/c4ccncc4)ncnc32)c1,6.5,0.0,1
CHEMBL262,Fc1cccc(CCc2nnc(-c3ccc4c(c3)CCO4)o2)c1,6.47,0.0,1
CHEMBL262,Fc1cccc(CNc2nnc(-c3ccc4c(c3)CCO4)o2)c1,6.48,0.0,1
CHEMBL262,Fc1cccc(CSc2nnc(-c3ccc4c(c3)CCO4)o2)c1,7.27,0.0,1
CHEMBL262,Fc1cccc(CSc2nnc(-c3ccncc3)o2)c1,5.85,0.0,1
CHEMBL262,Fc1cccc(SCc2nnc(-c3ccc4c(c3)CCO4)o2)c1,6.17,0.0,1
CHEMBL262,Fc1ccccc1-c1cc(NCOc2cccnc2)n2ncc(Br)c2n1,6.89,0.0,1
CHEMBL262,Fc1ccccc1-c1cc(NCc2ccccc2)n2ncc(Br)c2n1,4.82,0.0,1
CHEMBL262,Fc1ccccc1-c1cc(Nc2ccccc2)n2ncc(Br)c2n1,4.88,0.0,1
CHEMBL262,Fc1ccccc1-n1cc(CSc2nnc(Cn3c(C(F)(F)F)nc4ccccc43)o2)nn1,6.57,0.0,1
CHEMBL262,Fc1cnc2[nH]nc(Nc3cc(C(F)(F)F)cc(-c4ccccc4Cl)n3)c2c1,7.3,0.0,1
CHEMBL262,Ic1cccc(CSc2nnc(-c3ccncc3)o2)c1,6.255,0.2192031021678301,2
CHEMBL262,N#C/C(=C1/Nc2ccccc2S1)c1ccnc(NCCc2cccnc2)n1,7.4,0.0,1
CHEMBL262,N#CC1=C(N)Oc2n[nH]c(-c3ccc(F)cc3)c2[C@H]1c1ccc(O)cc1,5.64,0.0,1
CHEMBL262,N#CCCN1CCC2CCN(c3ncnc4[nH]c5cc(Br)ccc5c34)C2C1,7.1899999999999995,0.01414213562373159,2
CHEMBL262,N#CCCN1CCC2CCN(c3ncnc4[nH]c5cc(Cl)ccc5c34)C2C1,6.895,0.007071067811866266,2
CHEMBL262,N#CCCN1CCC2CCN(c3ncnc4[nH]c5cc(F)ccc5c34)C2C1,5.585,0.021213203435595972,2
CHEMBL262,N#CCCN1CCC2CCN(c3ncnc4[nH]c5cc(I)ccc5c34)C2C1,6.890000000000001,0.014142135623730963,2
CHEMBL262,N#CCCc1ccc2c(c1)-c1[nH]c3ccc([N+](=O)[O-])cc3c1CC(=O)N2,8.05,1.4849242404917502,2
CHEMBL262,N#CCc1cnc(-c2ccc3ccccc3c2)n1-c1ccnc(N[C@H]2CCCN(C(=O)C3CC3)C2)n1,4.93,0.0,1
CHEMBL262,N#CCc1cnn2c(NCc3cccnc3)cc(-c3ccccc3)nc12,5.96,0.0,1
CHEMBL262,N#CCn1c2ccc(O)cc2c2c3c(n4cccc4c21)C(=O)NC3=O,6.38,0.0,1
CHEMBL262,N#Cc1c(N)nc2sc(C(=O)c3cccc(Cl)c3)c(N)c2c1-c1ccccc1Br,5.4,0.0,1
CHEMBL262,N#Cc1c(N)nc2sc(C(=O)c3cccc(Cl)c3)c(N)c2c1-c1ccccc1Cl,5.48,0.0,1
CHEMBL262,N#Cc1c(N)nc2sc(C(=O)c3cccc(Cl)c3)c(N)c2c1-c1ccccc1I,4.3,0.0,1
CHEMBL262,N#Cc1cc(F)ccc1-c1ccc(CSc2nnc(-c3ccc4c(c3)OCCO4)o2)cc1,6.365,0.51618795026618,2
CHEMBL262,N#Cc1cc(F)ccc1-c1ccc(CSc2nnc(-c3ccc4c(c3)OCO4)o2)cc1,7.66,0.0,1
CHEMBL262,N#Cc1cc(F)ccc1-c1ccc(CSc2nnc(-c3ccncc3)o2)cc1,7.25,0.0,1
CHEMBL262,N#Cc1cc2c(NC(=O)C3CC3)n[nH]c2nc1-c1ccccc1,7.06,0.0,1
CHEMBL262,N#Cc1ccc(-c2c[nH]c3ncc(/C=C/C(=O)NCc4ccncc4)cc23)cc1,7.2,0.0,1
CHEMBL262,N#Cc1ccc(-c2ccc(CSc3nnc(-c4ccc5c(c4)OCCO5)o3)cc2)cc1,5.7,0.0,1
CHEMBL262,N#Cc1ccc(-c2ccc(CSc3nnc(-c4ccc5c(c4)OCO5)o3)cc2)cc1,6.5,0.0,1
CHEMBL262,N#Cc1ccc(-c2ccc(CSc3nnc(-c4ccncc4)o3)cc2)cc1,6.82,0.0,1
CHEMBL262,N#Cc1ccc(-c2ccc3c(NC(=O)CCC(=O)O)n[nH]c3c2)cc1,4.69,0.0,1
CHEMBL262,N#Cc1ccc(-c2ccncc2NC(=O)c2ccnc(NC(=O)C3CC3)c2)cc1,8.33,0.0,1
CHEMBL262,N#Cc1ccc(-c2nnc(Nc3ccc(Cl)cc3)o2)cc1,6.14,0.0,1
CHEMBL262,N#Cc1ccc(-c2nnc(Nc3ccccc3)o2)cc1,6.61,0.0,1
CHEMBL262,N#Cc1ccc(-c2ocnc2C(=O)NCc2ccncc2)cc1,5.5,0.0,1
CHEMBL262,N#Cc1ccc(C(=O)C(Br)Br)cc1,5.82,0.0,1
CHEMBL262,N#Cc1ccc(C(=O)CBr)cc1,5.82,0.0,1
CHEMBL262,N#Cc1ccc(CSc2nnc(-c3ccc4c(c3)OCCO4)o2)cc1,6.78,0.0,1
CHEMBL262,N#Cc1ccc(CSc2nnc(-c3ccc4c(c3)OCO4)o2)cc1,6.89,0.0,1
CHEMBL262,N#Cc1ccc(CSc2nnc(-c3ccncc3)o2)cc1,5.0,0.0,1
CHEMBL262,N#Cc1ccc(N2CC[C@@H](Nc3c(C(N)=O)cnc4[nH]ccc34)[C@@H](F)C2)nc1,6.01,0.0,1
CHEMBL262,N#Cc1ccc(NCCNc2nc(-c3ccc(Cl)cc3Cl)cn3nc(C(=O)O)cc23)nc1,7.68,0.0,1
CHEMBL262,N#Cc1ccc(NCCNc2nc(-c3ccc(Cl)cc3Cl)cn3nc(CNC4CC4)cc23)nc1,7.1,0.0,1
CHEMBL262,N#Cc1ccc(Nc2nccc(-c3cnn4ncccc34)n2)cc1,8.3,0.0,1
CHEMBL262,N#Cc1ccc(Nc2nccc(C(=O)Nc3cnccc3-c3ccc(F)cc3)n2)cc1,9.46,0.0,1
CHEMBL262,N#Cc1ccc(Nc2nccc(C(=O)Nc3cnccc3-c3ccccc3)n2)cc1,9.82,0.0,1
CHEMBL262,N#Cc1ccc2[nH]c(O)c(-c3ccc(CN4CCOCC4)cn3)c2c1,6.255,1.7748380207782342,2
CHEMBL262,N#Cc1ccc2nc(Nc3ccc(-c4ccccc4)cc3)[nH]c2c1,4.51,0.0,1
CHEMBL262,N#Cc1ccc2nc(Nc3ccc(-c4cccnc4F)cc3)[nH]c2c1,4.62,0.0,1
CHEMBL262,N#Cc1ccc2nc(Nc3ccc(Oc4ncccc4C(F)(F)F)cc3)[nH]c2c1,4.51,0.0,1
CHEMBL262,N#Cc1cccc(-c2ccc(CSc3nnc(-c4ccc5c(c4)OCCO5)o3)cc2)c1,6.65,0.0,1
CHEMBL262,N#Cc1cccc(-c2ccc(CSc3nnc(-c4ccc5c(c4)OCO5)o3)cc2)c1,7.54,0.0,1
CHEMBL262,N#Cc1cccc(-c2ccc(CSc3nnc(-c4ccncc4)o3)cc2)c1,7.08,0.0,1
CHEMBL262,N#Cc1cccc(-c2nc3c(NC(=O)C4CC4)ncnc3[nH]2)c1,6.11,0.0,1
CHEMBL262,N#Cc1cccc(-c2nc3c(Nc4ccccc4)ncnc3[nH]2)c1,7.58,0.0,1
CHEMBL262,N#Cc1cccc(C(=O)C(Br)Br)c1,6.0,0.0,1
CHEMBL262,N#Cc1cccc(C(=O)CBr)c1,6.0,0.0,1
CHEMBL262,N#Cc1cccc(C(=O)c2sc3nc(N)c(C#N)c(-c4ccccc4Cl)c3c2N)c1,5.09,0.0,1
CHEMBL262,N#Cc1cccc(CSc2nnc(-c3ccc4c(c3)CCO4)o2)c1,7.04,0.0,1
CHEMBL262,N#Cc1cccc(CSc2nnc(-c3ccc4c(c3)OCCO4)o2)c1,7.07,0.0,1
CHEMBL262,N#Cc1cccc(CSc2nnc(-c3ccc4c(c3)OCO4)o2)c1,7.19,0.0,1
CHEMBL262,N#Cc1cccc(CSc2nnc(-c3ccncc3)o2)c1,5.5,0.0,1
CHEMBL262,N#Cc1cccc(NC(=O)N[C@H]2CO[C@H]3[C@@H]2OC[C@@H]3Nc2nccc(-c3cccc(F)c3)n2)c1,5.68,0.0,1
CHEMBL262,N#Cc1cccc(Nc2nccc(-c3cnn4ncccc34)n2)c1,8.0,0.0,1
CHEMBL262,N#Cc1ccccc1-c1ccc(CSc2nnc(-c3ccc4c(c3)OCO4)o2)cc1,7.41,0.0,1
CHEMBL262,N#Cc1ccccc1-c1ccc(CSc2nnc(-c3ccncc3)o2)cc1,7.39,0.0,1
CHEMBL262,N#Cc1ncccc1NC(=O)c1ccnc(NC(=O)C2CC2)c1,7.29,0.0,1
CHEMBL262,N#Cc1sc(NC2CCCN(c3nc(-c4ccc(Cl)cc4Cl)cn4nc(C(=O)O)cc34)C2)nc1N,8.52,0.0,1
CHEMBL262,N#Cc1sc(NCCNc2nc(-c3ccc(Cl)cc3Cl)cn3ccnc23)nc1N,7.8,0.0,1
CHEMBL262,N#Cc1sc(NCCNc2nc(-c3ccc(Cl)cc3Cl)cn3nc(C(=O)NCC(=O)O)cc23)nc1N,8.3,0.0,1
CHEMBL262,N=C1NC(=O)/C(=C/c2ccc(-c3ccc(S(N)(=O)=O)c(C(F)(F)F)c3)o2)S1,8.7,0.0,1
CHEMBL262,N=C1NC(=O)/C(=C/c2ccc(-c3ccc(S(N)(=O)=O)c(Cl)c3)o2)S1,7.85,0.0,1
CHEMBL262,N=C1NC(=O)/C(=C/c2ccc(-c3ccc(S(N)(=O)=O)cc3)o2)S1,6.6,0.0,1
CHEMBL262,N=C1NC(=O)/C(=C\c2ccc(-c3cc([N+](=O)[O-])ccc3Cl)o2)S1,5.75,0.0,1
CHEMBL262,N=C1NC(=O)/C(=C\c2ccc(-c3ccc(Cl)c(Cl)c3)o2)S1,6.24,0.0,1
CHEMBL262,N=C1NC(=O)/C(=C\c2ccc(-c3ccc(Cl)cc3Cl)o2)S1,5.92,0.0,1
CHEMBL262,N=C1NC(=O)/C(=C\c2ccc(-c3cccc(C(=O)O)c3)o2)S1,6.51,0.0,1
CHEMBL262,N=C1NC(=O)/C(=C\c2ccc(-c3cccc(Cl)c3)o2)S1,6.12,0.0,1
CHEMBL262,N=C1NC(=O)/C(=C\c2ccc(-c3cccc([N+](=O)[O-])c3)o2)S1,6.96,0.0,1
CHEMBL262,N=C1NC(=O)/C(=C\c2ccc(-c3ccccc3Cl)o2)S1,6.25,0.0,1
CHEMBL262,N=C1NC(=O)C(=C2CCNC(=O)c3[nH]c(Br)cc32)N1,7.16,0.0,1
CHEMBL262,N=C1N[C@H]2c3c([nH]c(Br)c3Br)C(=O)C3CCC[C@@]32N1,5.52,0.0,1
CHEMBL262,N=c1nc(-c2ccccc2)n(-c2ccccc2)s1,5.71,0.7212489168102781,2
CHEMBL262,NC(=O)C1Cc2nc(-c3ccc(Cl)c(Cl)c3)n(-c3ccnc(N[C@@H]4CCCN(C(=O)C5CC5)C4)n3)c2C1,6.33,0.0,1
CHEMBL262,NC(=O)C1Cc2nc(-c3ccc(Cl)c(Cl)c3)n(-c3ccnc(N[C@H]4CCCN(C(=O)C5CC5)C4)n3)c2C1,5.41,0.0,1
CHEMBL262,NC(=O)c1cc(-c2ccnc(N)n2)[nH]c1-c1ccccc1,5.86,0.0,1
CHEMBL262,NC(=O)c1cc(F)ccc1-c1ccc(CSc2nnc(-c3ccc4c(c3)OCCO4)o2)cc1,6.85,0.0,1
CHEMBL262,NC(=O)c1ccc(-c2c[nH]c3ncc(/C=C/C(=O)NCc4ccncc4)cc23)cc1,8.35,0.0,1
CHEMBL262,NC(=O)c1ccc(-c2ccnc(NC(=O)C3CC3)c2)cn1,7.05,0.0,1
CHEMBL262,NC(=O)c1ccc(-c2ccnc(NC(=O)C3CC3)c2)nn1,6.85,0.0,1
CHEMBL262,NC(=O)c1ccc(-c2ccnc(Nc3cc(-c4ccccc4)ccc3F)n2)cc1,5.6,0.0,1
CHEMBL262,NC(=O)c1ccc(-c2ccnc(Nc3cccc(-c4ccccc4)c3)n2)cc1,7.5,0.0,1
CHEMBL262,NC(=O)c1ccc(Nc2nccc(-c3cnn4ncccc34)n2)cc1,7.7,0.0,1
CHEMBL262,NC(=O)c1cccc(-c2ocnc2C(=O)NCc2ccncc2)c1,5.1,0.0,1
CHEMBL262,NC(=O)c1cnc(-c2ccnc(NC(=O)C3CC3)c2)cc1OCC(F)(F)F,8.17,0.0,1
CHEMBL262,NC(=O)c1cnc(-c2ccnc(NC(=O)C3CC3)c2)cn1,7.52,0.0,1
CHEMBL262,NC(=O)c1cnc(-c2ccnc(NC(=O)C3CC3)c2)s1,7.89,0.0,1
CHEMBL262,NC(=O)c1nc(-c2ccc(F)c(C(F)(F)F)c2)c(-c2ccnc(NC(=O)C3CC3)c2)[nH]1,7.1,0.0,1
CHEMBL262,NC(=O)c1nc(-c2ccc(F)cc2)c(-c2ccnc(NC(=O)C3CC3)c2)[nH]1,7.41,0.0,1
CHEMBL262,NC(=O)c1nc(-c2cccc(OC(F)(F)F)c2)c(-c2ccnc(NC(=O)C3CC3)c2)[nH]1,6.45,0.0,1
CHEMBL262,NC(=O)c1nc(-c2ccccc2O)c(-c2ccnc(NC(=O)C3CC3)c2)[nH]1,7.64,0.0,1
CHEMBL262,NC(=O)c1nc(C2CC2)c(-c2ccnc(NC(=O)C3CC3)c2)[nH]1,8.52,0.0,1
CHEMBL262,NC(=O)c1nc(C2CCCCC2)c(-c2ccnc(NC(=O)C3CC3)c2)[nH]1,8.52,0.0,1
CHEMBL262,NC(=O)c1ncc(-c2cc(NC(=O)C3CC3)ncc2Br)[nH]1,6.45,0.0,1
CHEMBL262,NC(=O)c1ncc(-c2ccnc(NC(=O)C3CC3)c2)[nH]1,7.33,0.0,1
CHEMBL262,NC(=O)c1nn(-c2ccnc(N[C@H]3CCCN(C(=O)C4CC4)C3)n2)cc1/C=C/c1ccccc1,7.85,0.0,1
CHEMBL262,NC(=O)c1sc(-c2ccnc(NC(=O)C3CC3)c2)nc1OC1CCC1,9.43,0.0,1
CHEMBL262,NC(=O)c1sc(-c2ccnc(NC(=O)C3CC3)c2)nc1OCC1CC1,9.54,0.0,1
CHEMBL262,NC(=O)c1sc(-c2ccnc(NC(=O)C3CC3)c2)nc1OCCCC1CCN(Cc2ccc(F)cc2)CC1,7.79,0.0,1
CHEMBL262,NC(=O)c1sc(-c2ccnc(NC(=O)C3CC3)c2)nc1OCCNc1c2c(nc3ccccc13)CCCC2,7.47,0.0,1
CHEMBL262,NC1=NC(=O)/C(=C2\CCNC(=O)c3[nH]c(Br)cc32)N1,8.0,0.0,1
CHEMBL262,NC1=NC(=O)/C(=C\c2ccc(-c3ccccc3[N+](=O)[O-])o2)S1,5.6,0.0,1
CHEMBL262,NC1=NC(c2ccc(F)cc2)CC(=O)N1,4.83,0.0,1
CHEMBL262,NC1=NC(c2ccc(F)cc2)NC(=O)N1,4.83,0.0,1
CHEMBL262,NC1=NONC1N1N=NC(C(=O)N/N=C/c2ccncc2)C1CN1CCCCC1,7.0,0.0,1
CHEMBL262,NC1=NONC1N1N=NC(c2n[nH]c(-c3ccncc3)n2)C1CN1CCCCC1,6.55,0.0,1
CHEMBL262,NCC(=O)c1ccc(Br)cc1,4.0,0.0,1
CHEMBL262,NCCO/N=C1/C(=C2/C(=O)Nc3ccc([N+](=O)[O-])cc32)Nc2ccc(O)cc21,8.26,0.0,1
CHEMBL262,NCCn1cc(-c2cc(-c3cc4ccccc4s3)c3[nH]ncc3c2)c2nc(N)ncc21,5.89,0.0,1
CHEMBL262,NCCn1cc(C2=C(c3coc4ccccc34)C(=O)NC2=O)c2cc(Br)ccc21,6.94,0.0,1
CHEMBL262,NCCn1cc(C2=C(c3coc4ccccc34)C(=O)NC2=O)c2cc(F)ccc21,7.39,0.0,1
CHEMBL262,NC[C@@H](NC(=O)c1ccc(-c2ccncc2)cc1)c1ccccc1,7.2,0.0,1
CHEMBL262,NC[C@H](Cc1cccc(F)c1)NC(=O)c1cc(Br)c(-c2ccnc3[nH]ccc23)s1,4.7,0.0,1
CHEMBL262,NNC(=O)c1nnn(-c2nonc2N)c1CN1CCCCC1,5.02,0.0,1
CHEMBL262,NS(=O)(=O)c1ccc(Nc2cc(NC3CCCCC3)nc3ncnn23)cc1,6.01,0.0,1
CHEMBL262,NS(=O)(=O)c1ccc(Nc2cc(N[C@H]3CC[C@H](N)CC3)nc3ncnn23)cc1,6.11,0.0,1
CHEMBL262,NS(=O)(=O)c1ccc(Nc2cc(OC3CCCCC3)nc3ncnn23)cc1,6.72,0.0,1
CHEMBL262,NS(=O)(=O)c1ccc(Nc2cc(OCC3CCCCC3)nc3ncnn23)cc1,4.54,0.0,1
CHEMBL262,NS(=O)(=O)c1ccc(Nc2nc(OCC3CCCCC3)c3nc[nH]c3n2)cc1,7.4,0.0,1
CHEMBL262,NS(=O)(=O)c1ccc(Nc2nccc(-c3ccc4ccccc4c3)n2)cc1,6.51,0.0,1
CHEMBL262,NS(=O)(=O)c1cccc(-c2ccc3c(NC(=O)C4CC4)n[nH]c3c2)c1,6.32,0.0,1
CHEMBL262,NS(=O)(=O)c1cncc(-c2nc(NCc3ccccn3)c3c(-c4ccccc4)cccc3n2)c1,4.3,0.0,1
CHEMBL262,N[C@H]1CC[C@H](Nc2cc(Nc3ccc(F)c(Cl)c3)n3nccc3n2)CC1,4.64,0.0,1
CHEMBL262,N[C@H]1CC[C@H](Nc2cc(Nc3ccc(S(=O)(=O)c4ccccc4)cc3)n3ncc(Br)c3n2)CC1,5.28,0.0,1
CHEMBL262,N[C@H]1CC[C@H](Nc2cc(Nc3ccc(S(=O)(=O)c4ccccc4)cc3)n3ncnc3n2)CC1,4.3,0.0,1
CHEMBL262,N[C@H]1CC[C@H](Nc2cc(Nc3ccc(S(=O)(=O)c4cccs4)cc3)n3ncc(Cl)c3n2)CC1,5.4,0.0,1
CHEMBL262,Nc1c(Br)cc(C(=O)C(Br)Br)cc1Br,6.3,0.0,1
CHEMBL262,Nc1c(F)c(NC2CCCCC2)c(F)c2c1c(=O)c(C(=O)O)cn2C1CC1,6.22,0.0,1
CHEMBL262,Nc1c(F)c(NCCCCc2ccccc2)c(F)c2c1c(=O)c(C(=O)O)cn2C1CC1,6.54,0.0,1
CHEMBL262,Nc1c(F)c(NCCCc2ccccc2)c(F)c2c1c(=O)c(C(=O)O)cn2C1CC1,7.35,0.0,1
CHEMBL262,Nc1c(F)c(NCCCn2ccnc2)c(F)c2c1c(=O)c(C(=O)O)cn2C1CC1,7.35,0.0,1
CHEMBL262,Nc1c(F)c(NCCN2CCOCC2)c(F)c2c1c(=O)c(C(=O)O)cn2C1CC1,5.68,0.0,1
CHEMBL262,Nc1c(F)c(NCCNc2cccc3ccccc23)c(F)c2c1c(=O)c(C(=O)O)cn2C1CC1,7.33,0.0,1
CHEMBL262,Nc1c(F)c(NCCNc2ccccn2)c(F)c2c1c(=O)c(C(=O)O)cn2C1CC1,6.72,0.0,1
CHEMBL262,Nc1c(F)c(NCCNc2ccccn2)c(F)c2c1c(=O)c(C(=O)O)cn2C1CCCC1,7.66,0.0,1
CHEMBL262,Nc1c(F)c(NCCNc2ccccn2)c2c3c1c(=O)c(C(=O)O)cn3C1(CCC1)CCN2,6.26,0.0,1
CHEMBL262,Nc1c(F)c(NCCNc2ccccn2)c2c3c1c(=O)c(C(=O)O)cn3C1(CCC1)CCO2,7.44,0.0,1
CHEMBL262,Nc1c(F)c(NCCNc2ccccn2)c2c3c1c(=O)c(C(=O)O)cn3C1(CCC1)CO2,7.24,0.0,1
CHEMBL262,Nc1c(F)c(NCCNc2ccccn2)c2c3c1c(=O)c(C(=O)O)cn3C1(CCCC1)CCO2,6.6,0.0,1
CHEMBL262,Nc1c(F)c(NCCNc2ccccn2)c2c3c1c(=O)c(C(=O)O)cn3C1(CCCC1)CO2,7.92,0.0,1
CHEMBL262,Nc1c(F)c(NCCNc2ccccn2)c2c3c1c(=O)c(C(=O)O)cn3C1(CCO2)CC1,7.43,0.0,1
CHEMBL262,Nc1c(F)c(NCCNc2ccccn2)cc2c1c(=O)c(C(=O)O)cn2C1CC1,7.89,0.0,1
CHEMBL262,Nc1c(F)c(NCCc2c[nH]c3ccccc23)c(F)c2c1c(=O)c(C(=O)O)cn2C1CC1,6.18,0.0,1
CHEMBL262,Nc1c(F)c(NCCc2ccccc2)c(F)c2c1c(=O)c(C(=O)O)cn2C1CC1,6.36,0.0,1
CHEMBL262,Nc1c(F)c(NCCc2ccncc2)c(F)c2c1c(=O)c(C(=O)O)cn2C1CC1,7.0,0.0,1
CHEMBL262,Nc1c(F)c(NCCn2ccnc2)c(F)c2c1c(=O)c(C(=O)O)cn2C1CC1,5.47,0.0,1
CHEMBL262,Nc1c[nH]c2ncc(-c3ccccc3)cc12,4.64,0.0,1
CHEMBL262,Nc1ccc(CC2C(=O)Nc3ccccc32)cc1,4.3,0.0,1
CHEMBL262,Nc1ccc(CCNc2c(F)c(N)c3c(=O)c(C(=O)O)cn(C4CC4)c3c2F)cc1,6.05,0.0,1
CHEMBL262,Nc1cccc(-c2cc3c(Oc4cccc(O)c4)ncnc3[nH]2)c1,7.52,0.0,1
CHEMBL262,Nc1n[nH]c(Nc2ccccc2)c1-c1nc2ccccc2s1,5.22,0.0,1
CHEMBL262,Nc1n[nH]c2cnc(-c3ccccc3)cc12,5.9,0.0,1
CHEMBL262,Nc1n[nH]c2nc(-c3ccc(Br)cc3)cc(-c3ccc(Br)cc3)c12,6.68,0.0,1
CHEMBL262,Nc1n[nH]c2nc3ccccc3nc12,6.0,0.0,1
CHEMBL262,Nc1n[nH]c2ncc(-c3ccccc3)cc12,6.37,0.0,1
CHEMBL262,Nc1n[nH]c2nccc(-c3ccccc3)c12,4.64,0.0,1
CHEMBL262,Nc1n[nH]c2nnc(-c3ccccc3)c(-c3ccccc3)c12,6.6,0.0,1
CHEMBL262,Nc1n[nH]c2nnc(-c3ccccc3)cc12,6.28,0.0,1
CHEMBL262,Nc1nc(NCCNc2ncc(-c3ncc[nH]3)c(-c3ccc(Cl)cc3Cl)n2)ccc1[N+](=O)[O-],9.4825,0.49182483331636084,4
CHEMBL262,Nc1nc(NCCNc2ncc(-n3ccnc3)c(-c3ccc(Cl)cc3Cl)n2)ccc1[N+](=O)[O-],9.22,0.0,1
CHEMBL262,Nc1nc(Nc2ccc(S(N)(=O)=O)cc2)nn1C(=S)Nc1c(F)cccc1F,6.765,0.12020815280171303,2
CHEMBL262,Nc1nc(Nc2ccc(S(N)(=O)=O)cc2)sc1C(=O)c1ccccc1[N+](=O)[O-],6.97,0.0,1
CHEMBL262,Nc1nc(Nc2ccccc2)sc1C(=O)C1CC1,5.62,0.0,1
CHEMBL262,Nc1nc(Nc2cccnc2)sc1C(=O)c1ccccc1F,7.35,0.0,1
CHEMBL262,Nc1ncc(-c2ccc(F)cc2)cc1/N=C/c1ccnc(NC(=O)C2CC2)c1,6.38,0.0,1
CHEMBL262,Nc1ncc(-c2ccc(F)cc2)cc1NC(=O)c1ccnc(NC(=O)C2CC2)c1,6.62,0.0,1
CHEMBL262,Nc1ncc(-c2ccccc2)cc1/N=C/c1ccnc(NC(=O)C2CC2)c1,7.31,0.0,1
CHEMBL262,Nc1ncc(-c2ccccc2)cc1NC(=O)c1ccnc(NC(=O)C2CC2)c1,6.83,0.0,1
CHEMBL262,Nc1ncc(-c2ccccc2)nc1C(=O)Nc1cnccc1N1CCC(C(=O)O)CC1,7.8,0.0,1
CHEMBL262,Nc1ncc(-c2ccccc2)nc1C(=O)Nc1cnccc1N1CCC(N)CC1,8.52,0.0,1
CHEMBL262,Nc1ncc(-c2ccncc2)cc1/N=C/c1ccnc(NC(=O)C2CC2)c1,7.42,0.0,1
CHEMBL262,Nc1ncc(-c2ccncc2)cc1NC(=O)c1ccnc(NC(=O)C2CC2)c1,6.7,0.0,1
CHEMBL262,Nc1nccc(-c2c[nH]c3c(Br)ccc(O)c23)n1,5.6,0.0,1
CHEMBL262,Nc1nccc(-c2c[nH]c3cc(Br)c(Br)cc23)n1,5.7,0.0,1
CHEMBL262,Nc1nccc(-c2c[nH]c3cc(Br)cc(O)c23)n1,6.3,0.0,1
CHEMBL262,Nc1nccc(-c2c[nH]c3cc(Br)ccc23)n1,5.6,0.0,1
CHEMBL262,Nc1nccc(-c2c[nH]c3ccc(Br)cc23)n1,5.7,0.0,1
CHEMBL262,Nc1nccc(-c2c[nH]c3cccc(O)c23)n1,5.89,0.0,1
CHEMBL262,Nc1nccc(-c2c[nH]c3ccccc23)n1,3.46,0.0,1
CHEMBL262,Nc1nccc(-c2cc3c([nH]2)[C@@H](CCF)CNC3=O)n1,6.84,0.0,1
CHEMBL262,Nc1nccc(-c2cc3ccccc3[nH]2)n1,3.38,0.0,1
CHEMBL262,Nc1nccc(-c2ccc(F)cc2)c1/N=C/c1ccnc(NC(=O)C2CC2)c1,5.92,0.0,1
CHEMBL262,Nc1nccc(-c2cccc(F)c2)c1/N=C/c1ccnc(NC(=O)C2CC2)c1,6.05,0.0,1
CHEMBL262,Nc1nccc(-c2ccccc2)c1/N=C/c1ccnc(NC(=O)C2CC2)c1,6.2,0.0,1
CHEMBL262,Nc1nccc(CNC(=O)c2ccc3c(c2)/C(=C/Cc2cccc(C(=O)O)c2)C(=O)N3)n1,8.52,0.0,1
CHEMBL262,Nc1ncccc1/N=C/c1ccnc(NC(=O)C2CC2)c1,7.15,0.0,1
CHEMBL262,Nc1ncccc1NC(=O)c1ccnc(NC(=O)C2CC2)c1,6.2,0.0,1
CHEMBL262,Nc1ncnc2c1c(-c1cccc(O)c1)cn2[C@H]1C[C@@H](CN2CCC2)C1,5.75,0.0,1
CHEMBL262,Nc1ncnc2c1ncn2C(=O)CCl,4.87,0.0,1
CHEMBL262,Nc1ncnc2oc(-c3cccnc3)c(-c3ccc(NC(=O)c4cccc(F)c4)cc3)c12,5.8,0.0,1
CHEMBL262,Nc1ncnc2oc(-c3cccnc3)c(-c3ccc(NS(=O)(=O)c4ccccc4)cc3)c12,7.52,0.0,1
CHEMBL262,Nc1ncnc2oc(-c3cccnc3)c(-c3ccc(NS(=O)(=O)c4cccs4)cc3)c12,7.64,0.0,1
CHEMBL262,Nc1noc2ncc(-c3ccccc3)cc12,4.64,0.0,1
CHEMBL262,Nc1nonc1-n1nnc(-c2n[nH]c(-c3ccncc3)n2)c1CN1CCCC1,6.62,0.0,1
CHEMBL262,Nc1nonc1-n1nnc(-c2n[nH]c(-c3ccncc3)n2)c1CN1CCCCC1,6.55,0.0,1
CHEMBL262,Nc1nonc1-n1nnc(C(=O)/N=N/Cc2ccncc2)c1CN1CCCCC1,7.0,0.0,1
CHEMBL262,Nc1nonc1-n1nnc(C(=O)N/N=C/c2ccncc2)c1CN1CCCC1,7.0,0.0,1
CHEMBL262,Nc1nonc1-n1nnc(C(=O)N/N=C/c2ccncc2)c1CN1CCCCC1,7.0,0.0,1
CHEMBL262,Nc1nonc1-n1nnc(C(=O)NCCc2ccncc2)c1CN1CCCC1,5.68,0.0,1
CHEMBL262,Nc1nonc1-n1nnc(C(=O)NCCc2ccncc2)c1CN1CCCCC1,5.94,0.0,1
CHEMBL262,Nc1nonc1-n1nnc(C(=O)NCc2ccncc2)c1CN1CCCCC1,5.03,0.0,1
CHEMBL262,O=C(/C=C(O)/C=C/c1ccc(O)cc1)/C=C/c1ccc(O)cc1,5.08,0.0,1
CHEMBL262,O=C(/C=C(O)/C=C/c1ccc(OCc2cc(F)cc(F)c2)cc1)/C=C/c1ccc(OCc2cc(F)cc(F)c2)cc1,5.08,0.0,1
CHEMBL262,O=C(/C=C(O)/C=C/c1ccc(OCc2ccc(F)cc2)cc1)/C=C/c1ccc(OCc2ccc(F)cc2)cc1,4.89,0.0,1
CHEMBL262,O=C(/C=C(O)/C=C/c1ccc(OCc2ccc(F)cc2F)cc1)/C=C/c1ccc(OCc2ccc(F)cc2F)cc1,5.02,0.0,1
CHEMBL262,O=C(/C=C(O)/C=C/c1ccc(OCc2cccc(F)c2)cc1)/C=C/c1ccc(OCc2cccc(F)c2)cc1,4.77,0.0,1
CHEMBL262,O=C(/C=C(O)/C=C/c1ccc(OCc2ccccc2)cc1)/C=C/c1ccc(O)cc1,5.7,0.0,1
CHEMBL262,O=C(/C=C(O)/C=C/c1ccc(OCc2ccccc2)cc1)/C=C/c1ccc(OCc2ccccc2)cc1,5.6,0.0,1
CHEMBL262,O=C(/C=C/c1ccc(O)c(O)c1)c1cccnc1,4.61,0.0,1
CHEMBL262,O=C(/C=C/c1ccc(OCc2cc(F)cc(F)c2)cc1)CC(=O)/C=C/c1ccc(OCc2cc(F)cc(F)c2)cc1,5.01,0.0,1
CHEMBL262,O=C(/C=C/c1ccc(OCc2ccc(F)cc2F)cc1)CC(=O)/C=C/c1ccc(OCc2ccc(F)cc2F)cc1,5.04,0.0,1
CHEMBL262,O=C(/C=C/c1ccc(OCc2ccccc2)cc1)CC(=O)/C=C/c1ccc(OCc2ccccc2)cc1,5.25,0.0,1
CHEMBL262,O=C(/C=C/c1cnc2[nH]cc(-c3ccc(F)cc3)c2c1)NCc1ccncc1,7.64,0.0,1
CHEMBL262,O=C(/C=C/c1cnc2[nH]cc(-c3ccccc3)c2c1)NCCN1CCOCC1,7.34,0.0,1
CHEMBL262,O=C(/C=C/c1cnc2[nH]cc(-c3ccccc3)c2c1)NCCc1c[nH]c2ccccc12,6.45,0.0,1
CHEMBL262,O=C(/C=C/c1cnc2[nH]cc(-c3ccccc3)c2c1)NCCc1c[nH]c2ncccc12,6.89,0.0,1
CHEMBL262,O=C(/C=C/c1cnc2[nH]cc(-c3ccccc3)c2c1)NCCc1c[nH]cn1,7.31,0.0,1
CHEMBL262,O=C(/C=C/c1cnc2[nH]cc(-c3ccccc3)c2c1)NCCc1ccccc1,6.61,0.0,1
CHEMBL262,O=C(/C=C/c1cnc2[nH]cc(-c3ccccc3)c2c1)NCCc1ccccn1,7.72,0.0,1
CHEMBL262,O=C(/C=C/c1cnc2[nH]cc(-c3ccccc3)c2c1)NCCc1cccnc1,7.5,0.0,1
CHEMBL262,O=C(/C=C/c1cnc2[nH]cc(-c3ccccc3)c2c1)NCCc1ccncc1,7.36,0.0,1
CHEMBL262,O=C(/C=C/c1cnc2[nH]cc(-c3ccccc3)c2c1)NCc1ccc2[nH]ccc2c1,6.33,0.0,1
CHEMBL262,O=C(/C=C/c1cnc2[nH]cc(-c3ccccc3)c2c1)NCc1ccc2c(c1)CCO2,6.99,0.0,1
CHEMBL262,O=C(/C=C/c1cnc2[nH]cc(-c3ccccc3)c2c1)NCc1ccccn1,6.78,0.0,1
CHEMBL262,O=C(/C=C/c1cnc2[nH]cc(-c3ccccc3)c2c1)NCc1cccnc1,7.19,0.0,1
CHEMBL262,O=C(/C=C/c1cnc2[nH]cc(-c3ccccc3)c2c1)NCc1ccco1,7.11,0.0,1
CHEMBL262,O=C(/C=C/c1cnc2[nH]cc(-c3ccccc3)c2c1)NCc1ccncc1,8.45,0.0,1
CHEMBL262,O=C(/C=C/c1cnc2[nH]cc(-c3ccccc3)c2c1)NCc1nc2ccccc2[nH]1,7.21,0.0,1
CHEMBL262,O=C(/C=C/c1cnc2[nH]cc(-c3ccccc3)c2c1)N[C@@H](CO)Cc1ccccc1,6.12,0.0,1
CHEMBL262,O=C(/C=C/c1cnc2[nH]cc(-c3cccnc3)c2c1)NCc1ccncc1,7.78,0.0,1
CHEMBL262,O=C(/C=C/c1cnc2[nH]cc(-c3ccncc3)c2c1)NCc1ccncc1,8.56,0.0,1
CHEMBL262,O=C(C/C=C/c1cnc2[nH]cc(-c3ccccc3)c2c1)NCCc1c[nH]c2ccccc12,5.42,0.0,1
CHEMBL262,O=C(CBr)C1=C(c2c[nH]c3ccccc23)C(=O)NC1=O,7.33,0.0,1
CHEMBL262,O=C(CBr)c1cc(Br)c(Br)s1,6.0,0.0,1
CHEMBL262,O=C(CBr)c1ccc(-c2ccccc2)cc1,5.6,0.0,1
CHEMBL262,O=C(CBr)c1ccc(Br)cc1,6.3,0.0,1
CHEMBL262,O=C(CBr)c1ccc(Br)s1,6.0,0.0,1
CHEMBL262,O=C(CBr)c1ccc(C(F)(F)F)cc1,5.3,0.0,1
CHEMBL262,O=C(CBr)c1ccc(C2C(=O)c3ccccc3C2=O)cc1,4.0,0.0,1
CHEMBL262,O=C(CBr)c1ccc(Cl)cc1,6.0,0.0,1
CHEMBL262,O=C(CBr)c1ccc(N2CCOCC2)cc1,5.22,0.0,1
CHEMBL262,O=C(CBr)c1ccc([N+](=O)[O-])cc1,5.7,0.0,1
CHEMBL262,O=C(CBr)c1ccccc1,5.3,0.0,1
CHEMBL262,O=C(CBr)c1sc(Br)cc1Br,6.0,0.0,1
CHEMBL262,O=C(CBr)c1scc(Br)c1Br,6.0,0.0,1
CHEMBL262,O=C(CC1CNC(=O)c2cc(-c3cn[nH]c3)cn21)NCc1cccc(F)c1,6.41,0.0,1
CHEMBL262,O=C(CCCCCNC(=S)Nc1ccc2c(c1)C(=O)NC2=O)NO,5.57,0.0,1
CHEMBL262,O=C(CCCCNC(=S)Nc1ccc2c(c1)C(=O)NC2=O)NO,5.39,0.0,1
CHEMBL262,O=C(CCCN1CCCC1)Nc1n[nH]c2nnc(-c3ccccc3)cc12,7.96,0.0,1
CHEMBL262,O=C(CCCN1CCOCC1)Nc1n[nH]c2nnc(-c3ccccc3)cc12,8.3,0.0,1
CHEMBL262,O=C(CCCNC(=S)Nc1ccc2c(c1)C(=O)NC2=O)NO,5.01,0.0,1
CHEMBL262,O=C(CCNC(=S)Nc1ccc2c(c1)C(=O)NC2=O)NO,4.7,0.0,1
CHEMBL262,O=C(CCc1cnc2[nH]cc(-c3ccccc3)c2c1)NCCc1c[nH]c2ccccc12,5.99,0.0,1
CHEMBL262,O=C(CCl)c1c(Br)sc(Br)c1Br,6.0,0.0,1
CHEMBL262,O=C(CCl)c1c(Br)sc(Cl)c1Cl,5.7,0.0,1
CHEMBL262,O=C(CCl)c1cc(Br)c(Br)s1,6.0,0.0,1
CHEMBL262,O=C(CCl)c1cc(Br)cs1,5.52,0.0,1
CHEMBL262,O=C(CCl)c1cc(Cl)c(Cl)s1,5.56,0.05656854249492385,2
CHEMBL262,O=C(CCl)c1cc(Cl)sc1Cl,5.3,0.0,1
CHEMBL262,O=C(CCl)c1ccc(Br)s1,5.0,0.0,1
CHEMBL262,O=C(CCl)c1ccc(Cl)cc1,5.6,0.0,1
CHEMBL262,O=C(CCl)c1ccc(Cl)s1,5.0,0.0,1
CHEMBL262,O=C(CCl)c1ccccc1,4.3,0.0,1
CHEMBL262,O=C(CCl)c1cccs1,4.3,0.0,1
CHEMBL262,O=C(CCl)c1csc(C(=O)CCl)c1,5.82,0.0,1
CHEMBL262,O=C(CCl)c1cscc1Cl,4.6,0.0,1
CHEMBL262,O=C(CCl)c1scc(Br)c1Br,6.3,0.0,1
CHEMBL262,O=C(CI)c1ccc(Br)cc1,5.52,0.0,1
CHEMBL262,O=C(CN1C(=O)CC(c2ccccc2)Sc2ccccc21)c1cccc(Cl)c1,4.42,0.0,1
CHEMBL262,O=C(CN1C(=O)c2ccccc2C1=O)c1ccc(Br)cc1,4.0,0.0,1
CHEMBL262,O=C(CN1CCOCC1)Nc1ccc(CCNC(=O)c2ccc(O)c3[nH]c(-c4ccc(F)cc4)nc23)cc1,7.4,0.0,1
CHEMBL262,O=C(CNC(=O)c1ccc2[nH]cc(-c3ccncc3)c2c1)NCCc1c[nH]c2ccccc12,4.47,0.0,1
CHEMBL262,O=C(CNC(=O)c1cnc2[nH]cc(-c3ccccc3)c2c1)NCCc1c[nH]c2ccccc12,5.84,0.0,1
CHEMBL262,O=C(CNC(=O)c1cnc2[nH]cc(-c3ccccc3)c2c1)NCCc1c[nH]cn1,5.58,0.0,1
CHEMBL262,O=C(CNC(=O)c1cnc2[nH]cc(-c3ccncc3)c2c1)NCCc1c[nH]c2ccccc12,6.0,0.0,1
CHEMBL262,O=C(CNC(=O)c1cnc2[nH]cc(C(=O)c3ccccc3)c2c1)NCCc1c[nH]c2ccccc12,4.8,0.0,1
CHEMBL262,O=C(COc1ccccc1)Nc1ccc(Oc2ccc3c(c2)C(=O)NC3=O)cc1,4.91,0.0,1
CHEMBL262,O=C(CSc1nnc(Cn2c(C(F)(F)F)nc3ccccc32)o1)Nc1ccc(F)cc1,6.7,0.0,1
CHEMBL262,O=C(CSc1nnc(Cn2c(C(F)(F)F)nc3ccccc32)o1)Nc1ccccc1,6.89,0.0,1
CHEMBL262,O=C(Cc1ccc(CSc2nnc(-c3ccncc3)o2)cc1)NCCc1ccccc1F,5.92,0.0,1
CHEMBL262,O=C(Cc1ccc(F)cc1)Nc1cc(-c2[nH]c(SCc3ccccc3)nc2-c2ccc(F)cc2)ccn1,5.82,0.0,1
CHEMBL262,O=C(Cc1ccc([N+](=O)[O-])cc1)N/N=C1\C(=O)Nc2cc(Br)ccc21,5.38,0.0,1
CHEMBL262,O=C(NC1CCNCC1)c1n[nH]cc1NC(=O)c1c(Cl)cccc1Cl,7.029999999999999,0.028284271247461613,2
CHEMBL262,O=C(NC1CCOC1)c1n[nH]c2ccc(-c3cccc(F)c3F)cc12,6.89,0.0,1
CHEMBL262,O=C(NC1CCS(=O)(=O)C1)c1n[nH]c2ccc(-c3cccc(F)c3F)cc12,7.85,0.0,1
CHEMBL262,O=C(NC1CCS(=O)(=O)C1)c1n[nH]c2ccc(-c3cncc(CO)c3)cc12,7.77,0.0,1
CHEMBL262,O=C(NCC1CCCCO1)c1n[nH]c2ccc(-c3cccc(F)c3F)cc12,6.36,0.0,1
CHEMBL262,O=C(NCC1CCCO1)c1n[nH]c2ccc(-c3cccc(F)c3F)cc12,7.26,0.0,1
CHEMBL262,O=C(NCC1CCCOC1)c1n[nH]c2ccc(-c3cccc(F)c3F)cc12,7.7,0.0,1
CHEMBL262,O=C(NCC1CCN(CCc2ccccc2)CC1)c1n[nH]c2ccc(-c3cccc(F)c3F)cc12,7.17,0.0,1
CHEMBL262,O=C(NCC1CCN(CCc2ccccc2)CC1)c1n[nH]c2ccc(-c3ccccc3F)cc12,6.95,0.0,1
CHEMBL262,O=C(NCC1CCN(CCc2ccccc2)CC1)c1n[nH]c2ccc(-c3cccnc3)cc12,7.41,0.0,1
CHEMBL262,O=C(NCC1CCN(Cc2cccc([N+](=O)[O-])c2)CC1)c1n[nH]c2ccccc12,5.14,0.0,1
CHEMBL262,O=C(NCC1CCOC1)c1n[nH]c2ccc(-c3cccc(F)c3F)cc12,7.58,0.0,1
CHEMBL262,O=C(NCC1CCOCC1)c1n[nH]c2ccc(-c3cccc(F)c3F)cc12,7.85,0.0,1
CHEMBL262,O=C(NCC1CCOCC1)c1n[nH]c2ccc(-c3cccnc3)cc12,7.66,0.0,1
CHEMBL262,O=C(NCC1CCOCC1)c1n[nH]c2ccc(-c3cncc(CN4CCCC4)c3)cc12,7.77,0.0,1
CHEMBL262,O=C(NCC1CCOCC1)c1n[nH]c2ccc(-c3cncc(CN4CCOCC4)c3)cc12,7.89,0.0,1
CHEMBL262,O=C(NCC1CCOCC1)c1n[nH]c2ccc(-c3cnccc3CN3CCCC3)cc12,6.85,0.0,1
CHEMBL262,O=C(NCC1CCOCC1)c1n[nH]c2ccc(-c3cnccc3CN3CCNCC3)cc12,6.92,0.0,1
CHEMBL262,O=C(NCC1CCOCC1)c1n[nH]c2ccc(-c3cnccc3CN3CCOCC3)cc12,7.73,0.0,1
CHEMBL262,O=C(NCC1CCOCC1)c1n[nH]c2ccc(-c3cnccc3CO)cc12,7.48,0.0,1
CHEMBL262,O=C(NCCC1CCN(Cc2ccccc2F)CC1)c1ccc2c(c1)[nH]c1c(NC(=O)C3CC3)nccc12,5.17,0.0,1
CHEMBL262,O=C(NCCCN1CCN(c2cccc(Cl)c2)CC1)c1nc(-c2cccnc2)no1,6.05,0.0,1
CHEMBL262,O=C(NCCCN1CCN(c2cccc(Cl)c2)CC1)c1nc(-c2ccncc2)no1,5.4,0.0,1
CHEMBL262,O=C(NCCCN1CCN(c2ccccc2)CC1)c1nc(-c2cccnc2)no1,6.07,0.0,1
CHEMBL262,O=C(NCCCN1CCN(c2ccccc2)CC1)c1nc(-c2ccncc2)no1,5.3,0.0,1
CHEMBL262,O=C(NCCCN1CCN(c2ccccc2F)CC1)c1nc(-c2cccnc2)no1,5.83,0.0,1
CHEMBL262,O=C(NCCCN1CCN(c2ccccc2F)CC1)c1nc(-c2cncnc2)no1,5.52,0.0,1
CHEMBL262,O=C(NCCCc1ccc(Cl)nc1)c1ccnc2[nH]c(-c3ccc(F)cc3)nc12,7.77,0.0,1
CHEMBL262,O=C(NCCCn1ccnc1)c1ccc(O)c2[nH]c(-c3ccc(Cl)cc3Cl)nc12,7.82,0.0,1
CHEMBL262,O=C(NCCCn1ccnc1)c1ccc(O)c2[nH]c(-c3ccc(F)c(Cl)c3)nc12,8.52,0.0,1
CHEMBL262,O=C(NCCCn1cnc(Cl)c1Cl)c1ccc(O)c2[nH]c(-c3ccc(Cl)cc3Cl)nc12,8.22,0.0,1
CHEMBL262,O=C(NCCCn1cnc(Cl)c1Cl)c1ccc(O)c2[nH]c(-c3ccco3)nc12,8.0,0.0,1
CHEMBL262,O=C(NCCCn1cnc(Cl)c1Cl)c1ccc(O)c2[nH]c(-c3cccs3)nc12,8.1,0.0,1
CHEMBL262,O=C(NCCF)c1sc(-c2ccnc(NC(=O)C3CC3)c2)nc1OCC1CC1,7.74,0.0,1
CHEMBL262,O=C(NCCc1ccc(F)nc1)c1ccnc2[nH]c(-c3ccc(F)cc3)nc12,7.77,0.0,1
CHEMBL262,O=C(NCCc1ccc([N+](=O)[O-])cc1)c1ccc(O)c2[nH]c(Cc3ccccc3)nc12,5.7,0.0,1
CHEMBL262,O=C(NCCc1cccc(O)c1)c1ccnc2[nH]c(-c3ccc(F)cc3)nc12,7.85,0.0,1
CHEMBL262,O=C(NCCc1ccccc1)c1ccc(O)c2[nH]c(-c3ccc(Cl)cc3Cl)nc12,6.0,0.0,1
CHEMBL262,O=C(NCCc1ccccc1)c1ccc(O)c2[nH]c(-c3ccccc3)nc12,6.24,0.0,1
CHEMBL262,O=C(NCCc1cccnc1Cl)c1ccnc2[nH]c(-c3ccoc3)nc12,8.05,0.0,1
CHEMBL262,O=C(NC[C@@H]1CCOC1)c1n[nH]c2ccc(-c3cccc(F)c3F)cc12,7.5,0.0,1
CHEMBL262,O=C(NC[C@H]1CCOC1)c1n[nH]c2ccc(-c3cccc(F)c3F)cc12,7.82,0.0,1
CHEMBL262,O=C(NCc1ccc(Cl)cc1)c1cc(-c2ccc(O)c(F)c2)n[nH]c1=O,7.41,0.0,1
CHEMBL262,O=C(NCc1ccc(F)cc1F)c1cc(-c2ccncc2)n[nH]c1=O,7.19,0.0,1
CHEMBL262,O=C(NCc1cccc(O)c1)Nc1nc(-c2ccncc2)cs1,8.11,0.0,1
CHEMBL262,O=C(NCc1ccccc1)Nc1ccc2c(c1)OCO2,7.42,0.0,1
CHEMBL262,O=C(NCc1ccccc1)Nc1cccc2ccccc12,7.77,0.0,1
CHEMBL262,O=C(NCc1ccccc1)c1ccc(O)c2[nH]c(-c3ccccc3)nc12,6.06,0.0,1
CHEMBL262,O=C(NCc1ccncc1)c1ncoc1-c1ccc(C(F)(F)F)cc1,5.2,0.0,1
CHEMBL262,O=C(NCc1ccncc1)c1ncoc1-c1ccc(Oc2ccccc2)c(Cl)c1,6.1,0.0,1
CHEMBL262,O=C(NCc1ccncc1)c1ncoc1-c1cccc(O)c1,6.2,0.0,1
CHEMBL262,O=C(Nc1c[nH]nc1-c1nc2ccc(CN3CCOCC3)cc2[nH]1)NC1CC1,9.0,0.0,1
CHEMBL262,O=C(Nc1cc(-c2[nH]c(-c3ccccc3)nc2-c2ccc(F)cc2)ccn1)C1CC1,6.24,0.0,1
CHEMBL262,O=C(Nc1cc(-c2[nH]c(-c3ccco3)nc2-c2ccc(F)cc2)ccn1)C1CC1,6.81,0.0,1
CHEMBL262,O=C(Nc1cc(-c2[nH]c(CCc3ccccc3)nc2-c2ccc(F)cc2)ccn1)C1CC1,6.88,0.0,1
CHEMBL262,O=C(Nc1cc(-c2[nH]c(CO)nc2-c2ccc(F)cc2)ccn1)C1CC1,7.04,0.0,1
CHEMBL262,O=C(Nc1cc(-c2[nH]c(Cc3ccccc3)nc2-c2ccc(F)cc2)ccn1)C1CC1,7.23,0.0,1
CHEMBL262,O=C(Nc1cc(-c2[nH]c(SCc3ccccc3)nc2-c2ccc(F)cc2)ccn1)C1CC1,6.64,0.0,1
CHEMBL262,O=C(Nc1cc(-c2[nH]c(SCc3ccccc3)nc2-c2ccc(F)cc2)ccn1)C1CCCC1,6.18,0.0,1
CHEMBL262,O=C(Nc1cc(-c2[nH]cnc2-c2ccc(F)cc2)ccn1)C1CC1,7.19,0.0,1
CHEMBL262,O=C(Nc1cc(-c2ccc(O)cc2)cc2[nH]ncc12)C1CC1,6.2,0.0,1
CHEMBL262,O=C(Nc1cc(-c2ccc(O)cc2)cc2[nH]ncc12)c1ccccn1,5.8,0.0,1
CHEMBL262,O=C(Nc1cc(-c2ccc3ccccc3c2)ccn1)C1CC1,6.21,0.0,1
CHEMBL262,O=C(Nc1cc(-c2ccc3cccnc3c2)ccn1)C1CC1,6.62,0.0,1
CHEMBL262,O=C(Nc1cc(-c2ccc3ccncc3c2)ccn1)C1CC1,7.13,0.0,1
CHEMBL262,O=C(Nc1cc(-c2ccc3ncccc3c2)ccn1)C1CC1,8.12,0.0,1
CHEMBL262,O=C(Nc1cc(-c2cccc(O)c2)cc2[nH]ncc12)C1CC1,5.9,0.0,1
CHEMBL262,O=C(Nc1cc(-c2cccc(O)c2)cc2[nH]ncc12)c1ccccn1,5.8,0.0,1
CHEMBL262,O=C(Nc1cc(-c2cccc3[nH]ccc23)cc2[nH]ncc12)C1CC1,5.1,0.0,1
CHEMBL262,O=C(Nc1cc(-c2cccc3[nH]ccc23)cc2[nH]ncc12)c1ccccn1,5.1,0.5656854249492376,2
CHEMBL262,O=C(Nc1cc(-c2ccccc2)cc2[nH]ncc12)C1CC1,4.5,0.0,1
CHEMBL262,O=C(Nc1cc(-c2nc(OCC3CC3)c(C(=O)N3CC(F)C3)s2)ccn1)C1CC1,7.38,0.0,1
CHEMBL262,O=C(Nc1cc(Br)ccn1)Nc1cccc2c1C1CCCCN1C2=O,7.66,0.0,1
CHEMBL262,O=C(Nc1ccc([N+](=O)[O-])cc1Cl)c1cc(Cl)ccc1O,4.11,0.0,1
CHEMBL262,O=C(Nc1cccc(-c2cn3ccnc3c(NCc3ccncc3)n2)c1)Nc1cccc(C(F)(F)F)c1,4.3,0.0,1
CHEMBL262,O=C(Nc1cccc(C(F)(F)F)c1)N[C@H]1CO[C@H]2[C@@H]1OC[C@@H]2Nc1nccc(-c2cccc(F)c2)n1,5.69,0.0,1
CHEMBL262,O=C(Nc1cccc(C(F)(F)F)c1)N[C@H]1CO[C@H]2[C@@H]1OC[C@@H]2Nc1nccc(-c2ccco2)n1,5.53,0.0,1
CHEMBL262,O=C(Nc1cccc(C(F)(F)F)c1)N[C@H]1CO[C@H]2[C@@H]1OC[C@@H]2Nc1nccc(-c2cccs2)n1,5.39,0.0,1
CHEMBL262,O=C(Nc1cccc(C(F)(F)F)c1)N[C@H]1CO[C@H]2[C@@H]1OC[C@@H]2Nc1nccc(C2CCCC2)n1,4.92,0.0,1
CHEMBL262,O=C(Nc1cccc(C(F)(F)F)c1)O[C@@H]1CO[C@H]2[C@@H]1OC[C@@H]2Nc1nccc(-c2ccc3c(c2)OCO3)n1,5.97,0.0,1
CHEMBL262,O=C(Nc1ccccc1)N[C@H]1CO[C@H]2[C@@H]1OC[C@@H]2Nc1nccc(-c2cccs2)n1,5.57,0.0,1
CHEMBL262,O=C(Nc1ccccc1)Nc1[nH]nc2nnc(-c3ccccc3)c(-c3ccccc3)c12,5.13,0.0,1
CHEMBL262,O=C(Nc1ccccc1)Nc1n[nH]c2cc(Cl)c(-c3ccccc3)cc12,6.57,0.0,1
CHEMBL262,O=C(Nc1cccnc1)c1c[nH]c2ncc(-c3ccccc3)cc12,7.12,0.0,1
CHEMBL262,O=C(Nc1cccnc1)c1ccnc(NC(=O)C2CC2)c1,7.62,0.0,1
CHEMBL262,O=C(Nc1cccnc1)c1ccnc2[nH]c(-c3ccc(F)cc3)nc12,8.1,0.0,1
CHEMBL262,O=C(Nc1cccnc1)c1ccnc2[nH]c(-c3ccsc3)nc12,7.89,0.0,1
CHEMBL262,O=C(Nc1cccnc1)c1ccnn2cc(-c3ccccc3)nc12,7.77,0.0,1
CHEMBL262,O=C(Nc1cccnc1F)c1ccnc(NC(=O)C2CC2)c1,7.43,0.0,1
CHEMBL262,O=C(Nc1cccnc1O)c1ccnc(NC(=O)C2CC2)c1,6.31,0.0,1
CHEMBL262,O=C(Nc1cncc(-c2cc(F)ccc2F)c1)c1ccnc(NC(=O)C2CC2)c1,8.43,0.0,1
CHEMBL262,O=C(Nc1cncc(-c2ccc(F)cc2)c1)c1ccnc(NC(=O)C2CC2)c1,8.19,0.0,1
CHEMBL262,O=C(Nc1cncc(-c2cccc(F)c2F)c1)c1ccnc(NC(=O)C2CC2)c1,8.59,0.0,1
CHEMBL262,O=C(Nc1cncc(-c2cccc(F)c2F)c1)c1ccnc(NC(=O)C2CCC(F)(F)C2)c1,8.6,0.0,1
CHEMBL262,O=C(Nc1cncc(-c2ccccc2)c1)c1ccnc(NC(=O)C2CC(F)(F)C2)c1,8.39,0.0,1
CHEMBL262,O=C(Nc1cncc(-c2ccccc2)c1)c1ccnc(NC(=O)C2CC2)c1,8.05,0.0,1
CHEMBL262,O=C(Nc1cncc(-c2ccccc2)c1)c1ccnc(NC(=O)C2CCCC2)c1,8.92,0.0,1
CHEMBL262,O=C(Nc1cncc(-c2ccccc2Cl)c1)c1ccnc(NC(=O)C2CCC(F)(F)C2)c1,8.39,0.0,1
CHEMBL262,O=C(Nc1cncc(-c2ccccc2F)c1)c1ccnc(NC(=O)C2CC2)c1,8.52,0.0,1
CHEMBL262,O=C(Nc1cncc(-c2ccccc2F)c1)c1ccnc(NC(=O)C2CCC(F)(F)C2)c1,8.85,0.0,1
CHEMBL262,O=C(Nc1cncc(-c2ccncc2)c1)c1ccnc(NC(=O)C2CC2)c1,8.32,0.0,1
CHEMBL262,O=C(Nc1cncc(-c2cncc(Cl)c2)c1)c1ccnc(NC(=O)C2CC2)c1,8.41,0.0,1
CHEMBL262,O=C(Nc1cncc(C2CCC2)c1)c1ccnc(NC(=O)C2CC2)c1,9.0,0.0,1
CHEMBL262,O=C(Nc1cncc(F)c1)c1c[nH]c2ncc(-c3ccccc3)cc12,6.65,0.0,1
CHEMBL262,O=C(Nc1cncc(N2CCCCC2)c1)c1ccnc(NC(=O)C2CC2)c1,6.89,0.0,1
CHEMBL262,O=C(Nc1cncc(N2CCOCC2)c1)c1ccnc(NC(=O)C2CC2)c1,7.14,0.0,1
CHEMBL262,O=C(Nc1cncc(Oc2ccccc2)c1)c1ccnc(NC(=O)C2CC2)c1,7.72,0.0,1
CHEMBL262,O=C(Nc1cnccc1-c1cc(F)ccc1F)c1ccnc(NC(=O)C2CC2)c1,7.7,0.0,1
CHEMBL262,O=C(Nc1cnccc1-c1ccc(C(F)(F)F)cc1)c1c[nH]c2ncc(-c3ccccc3)cc12,8.35,0.0,1
CHEMBL262,O=C(Nc1cnccc1-c1ccc(Cl)cc1)c1ccnc(NC(=O)C2CC2)c1,8.23,0.0,1
CHEMBL262,O=C(Nc1cnccc1-c1ccc(Cl)cc1)c1ccnc(NC(=O)C2CCC(F)(F)C2)c1,9.34,0.0,1
CHEMBL262,O=C(Nc1cnccc1-c1ccc(Cl)cc1)c1ccnc(NC(=O)[C@H]2C[C@@H](F)C2)c1,8.16,0.0,1
CHEMBL262,O=C(Nc1cnccc1-c1ccc(Cl)cc1)c1ccnc(NC(=O)[C@H]2C[C@H](F)C2)c1,8.77,0.0,1
CHEMBL262,O=C(Nc1cnccc1-c1ccc(Cl)cc1Cl)c1ccnc(NC(=O)C2CC2)c1,8.66,0.0,1
CHEMBL262,O=C(Nc1cnccc1-c1ccc(Cl)cc1F)c1ccnc(NC(=O)C2CC2)c1,8.55,0.0,1
CHEMBL262,O=C(Nc1cnccc1-c1ccc(F)cc1)c1c[nH]c2ncc(-c3ccccc3)cc12,9.51,0.0,1
CHEMBL262,O=C(Nc1cnccc1-c1ccc(F)cc1)c1ccnc(NC(=O)C2CC2)c1,8.28,0.0,1
CHEMBL262,O=C(Nc1cnccc1-c1ccc(F)cc1C(F)(F)F)c1ccnc(NC(=O)C2CC2)c1,9.06,0.0,1
CHEMBL262,O=C(Nc1cnccc1-c1ccc(F)cc1Cl)c1ccnc(NC(=O)C2CC2)c1,8.92,0.0,1
CHEMBL262,O=C(Nc1cnccc1-c1ccc(F)cc1F)c1c[nH]c2ncc(-c3ccccc3)cc12,9.48,0.0,1
CHEMBL262,O=C(Nc1cnccc1-c1ccc(F)cc1F)c1ccnc(NC(=O)C2CC2)c1,8.72,0.0,1
CHEMBL262,O=C(Nc1cnccc1-c1ccc(OC(F)(F)F)cc1)c1ccnc(NC(=O)C2CC2)c1,7.96,0.0,1
CHEMBL262,O=C(Nc1cnccc1-c1ccc(OC(F)F)cc1)c1ccnc(NC(=O)C2CC2)c1,8.23,0.0,1
CHEMBL262,O=C(Nc1cnccc1-c1ccc2c(c1)OCO2)c1c[nH]c2ncc(-c3ccc(F)cc3)cc12,9.52,0.0,1
CHEMBL262,O=C(Nc1cnccc1-c1ccc2c(c1)OCO2)c1c[nH]c2ncc(-c3ccc(O)cc3)cc12,9.47,0.0,1
CHEMBL262,O=C(Nc1cnccc1-c1ccc2c(c1)OCO2)c1c[nH]c2ncc(-c3ccc4ccccc4c3)cc12,9.19,0.0,1
CHEMBL262,O=C(Nc1cnccc1-c1ccc2c(c1)OCO2)c1c[nH]c2ncc(-c3cccc4ccccc34)cc12,8.79,0.0,1
CHEMBL262,O=C(Nc1cnccc1-c1ccc2c(c1)OCO2)c1c[nH]c2ncc(-c3ccccc3)cc12,9.66,0.0,1
CHEMBL262,O=C(Nc1cnccc1-c1ccc2c(c1)OCO2)c1c[nH]c2ncc(-c3cccnc3)cc12,9.25,0.0,1
CHEMBL262,O=C(Nc1cnccc1-c1ccc2c(c1)OCO2)c1c[nH]c2ncc(-c3ccco3)cc12,9.62,0.0,1
CHEMBL262,O=C(Nc1cnccc1-c1ccc2c(c1)OCO2)c1c[nH]c2ncc(-c3ccncc3)cc12,9.46,0.0,1
CHEMBL262,O=C(Nc1cnccc1-c1ccc2c(c1)OCO2)c1c[nH]c2ncc(C3=CC=CC(=S)C3)cc12,9.62,0.0,1
CHEMBL262,O=C(Nc1cnccc1-c1cccc(F)c1)c1c[nH]c2ncc(-c3ccccc3)cc12,9.48,0.0,1
CHEMBL262,O=C(Nc1cnccc1-c1cccc(F)c1)c1ccnc(NC(=O)C2CC2)c1,7.8,0.0,1
CHEMBL262,O=C(Nc1cnccc1-c1cccc(F)c1F)c1ccnc(NC(=O)C2CC2)c1,8.0,0.0,1
CHEMBL262,O=C(Nc1cnccc1-c1ccccc1)c1ccnc(NC(=O)C2CC(F)(F)C2)c1,8.72,0.0,1
CHEMBL262,O=C(Nc1cnccc1-c1ccccc1)c1ccnc(NC(=O)C2CC2)c1,8.01,0.0,1
CHEMBL262,O=C(Nc1cnccc1-c1ccccc1)c1ccnc(NC(=O)C2CCC2)c1,8.24,0.0,1
CHEMBL262,O=C(Nc1cnccc1-c1ccccc1)c1ccnc(NC(=O)C2CCCC2)c1,8.68,0.0,1
CHEMBL262,O=C(Nc1cnccc1-c1ccccc1)c1ccnc(NC(=O)C2CCOCC2)c1,8.35,0.0,1
CHEMBL262,O=C(Nc1cnccc1-c1ccccc1)c1ccnc(NC(=O)[C@@H]2CC[C@@H](O)C2)c1,8.6,0.0,1
CHEMBL262,O=C(Nc1cnccc1-c1ccccc1)c1ccnc(Nc2ccc(C(F)(F)F)cn2)c1,9.82,0.0,1
CHEMBL262,O=C(Nc1cnccc1-c1ccccc1C(F)(F)F)c1ccnc(NC(=O)C2CC2)c1,8.7,0.0,1
CHEMBL262,O=C(Nc1cnccc1-c1ccccc1Cl)c1ccnc(NC(=O)C2CC2)c1,8.43,0.0,1
CHEMBL262,O=C(Nc1cnccc1-c1ccccc1F)c1c[nH]c2ncc(-c3ccccc3)cc12,9.38,0.0,1
CHEMBL262,O=C(Nc1cnccc1-c1ccccc1F)c1ccnc(NC(=O)C2CC2)c1,7.89,0.0,1
CHEMBL262,O=C(Nc1cnccc1-c1cccnc1)c1c[nH]c2ncc(-c3ccccc3)cc12,8.87,0.0,1
CHEMBL262,O=C(Nc1cnccc1-c1ccncc1)c1c[nH]c2ncc(-c3ccccc3)cc12,9.07,0.0,1
CHEMBL262,O=C(Nc1cnccc1-c1ccsc1)c1c[nH]c2ncc(-c3ccccc3)cc12,9.42,0.0,1
CHEMBL262,O=C(Nc1cnccc1C(=O)C(F)(F)F)c1ccnc(NC(=O)C2CC2)c1,9.02,0.0,1
CHEMBL262,O=C(Nc1cnccc1C(F)(F)F)c1ccnc(NC(=O)C2CC2)c1,7.77,0.07071067811865482,2
CHEMBL262,O=C(Nc1cnccc1C(O)C(F)(F)F)c1ccnc(NC(=O)C2CC2)c1,8.44,0.0,1
CHEMBL262,O=C(Nc1cnccc1C1CCC1)c1ccnc(NC(=O)C2CC2)c1,8.12,0.0,1
CHEMBL262,O=C(Nc1cnccc1C1CCCC1)c1ccnc(NC(=O)C2CC2)c1,7.39,0.0,1
CHEMBL262,O=C(Nc1cnccc1C1CCCCC1)c1ccnc(NC(=O)C2CC2)c1,6.92,0.0,1
CHEMBL262,O=C(Nc1cnccc1Cl)c1ccnc(NC(=O)C2CC2)c1,7.96,0.0,1
CHEMBL262,O=C(Nc1cnccc1N1CCC(F)(F)CC1)c1c[nH]c2ncc(-c3ccccc3)cc12,9.55,0.0,1
CHEMBL262,O=C(Nc1cnccc1N1CCC(F)(F)CC1)c1ccnc(NC(=O)C2CC2)c1,9.72,0.0,1
CHEMBL262,O=C(Nc1cnccc1N1CCC(F)(F)CC1)c1ccnc(NC(=O)[C@H]2C[C@@H](Cl)C2)c1,9.8,0.0,1
CHEMBL262,O=C(Nc1cnccc1N1CCC(F)(F)CC1)c1ccnc(NC(=O)[C@H]2C[C@H](Cl)C2)c1,9.43,0.0,1
CHEMBL262,O=C(Nc1cnccc1N1CCCC1)c1c[nH]c2ncc(-c3ccccc3)cc12,6.55,0.0,1
CHEMBL262,O=C(Nc1cnccc1N1CCCCC1)c1ccnc(NC(=O)C2CC2)c1,9.0,0.0,1
CHEMBL262,O=C(Nc1cnccc1N1CCCCCC1)c1c[nH]c2ncc(-c3ccccc3)cc12,8.63,0.0,1
CHEMBL262,O=C(Nc1cnccc1N1CCOCC1)c1c[nH]c2ncc(-c3ccccc3)cc12,9.59,0.0,1
CHEMBL262,O=C(Nc1cnccc1N1CCOCC1)c1ccnc(NC(=O)C2CC2)c1,9.0,0.0,1
CHEMBL262,O=C(Nc1cnccc1OCC(F)(F)F)c1ccnc(NC(=O)C2CC2)c1,8.6,0.0,1
CHEMBL262,O=C(Nc1cnccc1OCC1CC1)c1ccnc(NC(=O)C2CC2)c1,8.62,0.0,1
CHEMBL262,O=C(Nc1cnccc1OCCO)c1ccnc(NC(=O)C2CC2)c1,8.38,0.0,1
CHEMBL262,O=C(Nc1cnccc1Oc1ccccc1)c1ccnc(NC(=O)C2CC2)c1,8.38,0.0,1
CHEMBL262,O=C(Nc1n[nH]c2cc(-c3cc(F)ccc3F)ccc12)C1CC1,6.0,0.0,1
CHEMBL262,O=C(Nc1n[nH]c2cc(-c3ccc(O)cc3)ccc12)C1CC1,7.41,0.5798275605729691,2
CHEMBL262,O=C(Nc1n[nH]c2cc(-c3ccc4[nH]ccc4c3)ccc12)C1CC1,7.38,0.0,1
CHEMBL262,O=C(Nc1n[nH]c2cc(-c3ccc[nH]3)ccc12)C1CC1,6.5,0.0,1
CHEMBL262,O=C(Nc1n[nH]c2cc(-c3cccc(F)c3)ccc12)C1CC1,6.08,0.0,1
CHEMBL262,O=C(Nc1n[nH]c2cc(-c3ccccc3)ccc12)C1CC1,6.3,0.0,1
CHEMBL262,O=C(Nc1n[nH]c2cc(-c3cccs3)ccc12)C1CC1,6.67,0.0,1
CHEMBL262,O=C(Nc1n[nH]c2cc(-c3ccoc3)ccc12)C1CC1,7.46,0.0,1
CHEMBL262,O=C(Nc1n[nH]c2cc(-c3ccsc3)ccc12)C1CC1,6.48,0.0,1
CHEMBL262,O=C(Nc1n[nH]c2nc(-c3ccc(O)c(Br)c3)ccc12)C1CC1,8.3,0.0,1
CHEMBL262,O=C(Nc1n[nH]c2nc(-c3ccc(O)c(Cl)c3)ccc12)C1CC1,8.15,0.0,1
CHEMBL262,O=C(Nc1n[nH]c2nc(-c3ccc(O)c(O)c3)ccc12)C1CC1,8.1,0.0,1
CHEMBL262,O=C(Nc1n[nH]c2nc(-c3ccc(O)cc3)c(-c3ccccc3)cc12)C1CC1,7.62,0.0,1
CHEMBL262,O=C(Nc1n[nH]c2nc(-c3ccc(O)cc3)c(Br)cc12)C1CC1,9.1,0.0,1
CHEMBL262,O=C(Nc1n[nH]c2nc(-c3ccc(O)cc3)c(Cl)cc12)C1CC1,9.0,0.0,1
CHEMBL262,O=C(Nc1n[nH]c2nc(-c3ccc(O)cc3)ccc12)C1CC1,8.1,0.0,1
CHEMBL262,O=C(Nc1n[nH]c2nc(-c3cccc(O)c3)ccc12)C1CC1,8.01,0.12727922061357835,2
CHEMBL262,O=C(Nc1n[nH]c2nc(-c3ccccc3)c(-c3ccccc3)cc12)C1CC1,6.38,0.0,1
CHEMBL262,O=C(Nc1n[nH]c2nc(-c3ccccc3)c(Br)cc12)C1CC1,7.12,0.0,1
CHEMBL262,O=C(Nc1n[nH]c2nc(-c3ccccc3)c(Cl)cc12)C1CC1,6.63,0.0,1
CHEMBL262,O=C(Nc1n[nH]c2nc(-c3ccccc3)ccc12)C1CC1,6.37,0.0,1
CHEMBL262,O=C(Nc1n[nH]c2nc(-c3ccccc3O)ccc12)C1CC1,7.44,0.0,1
CHEMBL262,O=C(Nc1n[nH]c2nc(-c3ccco3)c(Br)cc12)C1CC1,8.15,0.0,1
CHEMBL262,O=C(Nc1n[nH]c2nc(-c3ccco3)c(Br)cc12)C1CCN(Cc2ccccc2)C1,7.85,0.0,1
CHEMBL262,O=C(Nc1n[nH]c2nc(-c3ccco3)ccc12)C1CC1,6.85,0.0,1
CHEMBL262,O=C(Nc1n[nH]c2nc(-c3cccs3)c(Br)cc12)C1CC1,7.41,0.0,1
CHEMBL262,O=C(Nc1n[nH]c2nc(-c3cccs3)c(Br)cc12)C1CCCC1,8.15,0.0,1
CHEMBL262,O=C(Nc1n[nH]c2nc(-c3nccs3)c(Br)cc12)C1CC1,7.0,0.0,1
CHEMBL262,O=C(Nc1n[nH]c2nc(-c3nccs3)c(Br)cc12)C1CCCC1,7.8,0.0,1
CHEMBL262,O=C(Nc1n[nH]c2ncc(-c3ccccc3)cc12)C1CCCC1,8.3,0.0,1
CHEMBL262,O=C(Nc1ncnc2[nH]c(-c3ccc4ccccc4c3)nc12)C1CC1,6.77,0.0,1
CHEMBL262,O=C(Nc1ncnc2[nH]c(-c3cccc(Cl)c3)nc12)C1CC1,6.44,0.0,1
CHEMBL262,O=C(Nc1ncnc2oc(-c3ccc(Cl)cc3)cc12)C1CC1,6.0,0.0,1
CHEMBL262,O=C(Nc1ncnc2oc(-c3ccc(Cl)cc3)cc12)C1CCCC1,6.26,0.0,1
CHEMBL262,O=C(Nc1ncnc2oc(-c3ccc(F)cc3)cc12)C1CC1,6.24,0.0,1
CHEMBL262,O=C(Nc1ncnc2oc(-c3ccc(F)cc3)cc12)C1CCCC1,6.66,0.0,1
CHEMBL262,O=C(Nc1ncnc2oc(-c3ccccc3)cc12)C1CC1,6.77,0.0,1
CHEMBL262,O=C(Nc1ncnc2oc(-c3ccccc3)cc12)C1CCCC1,7.67,0.0424264068711932,2
CHEMBL262,O=C(Nc1ncnc2oc(-c3cccnc3)cc12)C1CC1,8.3,0.0,1
CHEMBL262,O=C(Nc1ncnc2oc(-c3cccnc3)cc12)C1CCCC1,8.3,0.0,1
CHEMBL262,O=C(O)/C=C\c1ccc(Nc2ncc3nnn(-c4ccccc4)c3n2)cc1,8.15,0.0,1
CHEMBL262,O=C(O)C1=CN2C3C(=C(NCCNc4ccccn4)C(F)=CC3C1=O)OCCC21CCC1,7.44,0.0,1
CHEMBL262,O=C(O)CCC(=O)N1N=C(c2c(O)nc3ccc(Cl)cc3c2-c2ccccc2)CC1c1ccco1,4.86,0.0,1
CHEMBL262,O=C(O)CCC(=O)Nc1n[nH]c2cc(Cl)ccc12,5.93,0.0,1
CHEMBL262,O=C(O)CCCNC(=O)c1cc(Oc2ccc(NC(=O)Nc3ccc(Cl)c(C(F)(F)F)c3)cc2)ccn1,5.48,0.0,1
CHEMBL262,O=C(O)CCN(CCC(=O)O)c1ccc(/C=C2\SC(=S)NC2=O)cc1,6.58,0.0,1
CHEMBL262,O=C(O)CCNc1cc(N2CCN(c3ccc(F)cc3)CC2)c2noc3c2c1C(=O)c1ccccc1-3,5.1,0.0,1
CHEMBL262,O=C(O)CCc1ccc(Nc2ncc([N+](=O)[O-])c(NC34CC5CC(CC(C5)C3)C4)n2)cc1,6.98,0.0,1
CHEMBL262,O=C(O)CCc1ccc(Nc2ncc3nnn(-c4ccccc4)c3n2)cc1,7.62,0.0,1
CHEMBL262,O=C(O)CN1CCC(CNC(=O)c2n[nH]c3ccc(-c4cccc(Cl)c4Cl)cc23)CC1,7.2,0.2828427124746193,2
CHEMBL262,O=C(O)CN1CCC(CNC(=O)c2n[nH]c3ccc(-c4cccc(F)c4)cc23)CC1,6.96,0.0,1
CHEMBL262,O=C(O)CN1CCC(CNC(=O)c2n[nH]c3ccc(-c4cccc(F)c4F)cc23)CC1,7.545,0.03535533905932788,2
CHEMBL262,O=C(O)CN1CCC(CNC(=O)c2n[nH]c3ccc(-c4ccccc4F)cc23)CC1,7.35,0.0,1
CHEMBL262,O=C(O)CN1CCC(CNC(=O)c2n[nH]c3ccc(-c4cncnc4)cc23)CC1,6.470000000000001,0.2687005768508883,2
CHEMBL262,O=C(O)CN1CCC(CNC(=O)c2n[nH]c3ccc(C4=CCOCC4)cc23)CC1,5.98,0.0,1
CHEMBL262,O=C(O)CN1CCC(CNC(=O)c2n[nH]c3ccc(C4CCCCC4)cc23)CC1,5.97,0.0,1
CHEMBL262,O=C(O)COc1ccc(Nc2ncc([N+](=O)[O-])c(Nc3ccccc3)n2)cc1,7.04,0.0,1
CHEMBL262,O=C(O)COc1ccc(Nc2ncc3nnn(-c4ccccc4)c3n2)cc1,7.89,0.0,1
CHEMBL262,O=C(O)COc1ccc(Nc2ncc3nnn(C45CC6CC(CC(O)(C6)C4)C5)c3n2)cc1,6.77,0.0,1
CHEMBL262,O=C(O)COc1cccc(CCCNC(=O)c2ccc(O)c3[nH]c(-c4ccc(Cl)cc4)nc23)c1,7.51,0.0,1
CHEMBL262,O=C(O)Cc1c2ccccc2n2c1[nH]c(=O)c1ccccc12,4.85,0.0,1
CHEMBL262,O=C(O)Cc1ccc(CSc2nnc(-c3ccncc3)o2)cc1,5.1,0.0,1
CHEMBL262,O=C(O)Cc1ccc(CSc2nnc(-c3ccncc3)s2)cc1,4.96,0.0,1
CHEMBL262,O=C(O)c1ccc(-c2ccnc(Nc3cccc(-c4ccccc4)c3)n2)cc1,6.4,0.0,1
CHEMBL262,O=C(O)c1ccc(CN2CCC(CNC(=O)c3n[nH]c4ccc(-c5cccc(F)c5F)cc34)CC2)o1,7.96,0.05656854249492385,2
CHEMBL262,O=C(O)c1ccc(CN2CCC(CNC(=O)c3n[nH]c4ccc(-c5ccccc5F)cc34)CC2)o1,7.734999999999999,0.04949747468305758,2
CHEMBL262,O=C(O)c1ccc(CN2CCC(CNC(=O)c3n[nH]c4ccc(Br)cc34)CC2)o1,6.68,0.0,1
CHEMBL262,O=C(O)c1ccc(CSc2nnc(-c3ccncc3)o2)cc1,4.54,0.0,1
CHEMBL262,O=C(O)c1ccc(N2CCN(c3cc(NCCP(=O)(O)O)c4c5c(onc35)-c3ccccc3C4=O)CC2)cc1,6.0,0.0,1
CHEMBL262,O=C(O)c1ccc(NC2=C/C(=N/S(=O)(=O)c3ccc4ccccc4c3)c3ccccc3C2=O)cc1,5.22,0.0,1
CHEMBL262,O=C(O)c1ccc(Nc2ncc(-c3ccncc3)c(Nc3ccccc3)n2)cc1,6.27,0.0,1
CHEMBL262,O=C(O)c1ccc(Nc2ncc(Br)c(Nc3ccccc3)n2)cc1,5.5,0.0,1
CHEMBL262,O=C(O)c1ccc(Nc2ncc(C(F)(F)F)c(Nc3ccccc3)n2)cc1,6.31,0.0,1
CHEMBL262,O=C(O)c1ccc(Nc2ncc(C3C=NN=N3)c(Nc3ccccc3)n2)cc1,5.93,0.0,1
CHEMBL262,O=C(O)c1ccc(Nc2ncc(F)c(Nc3ccccc3)n2)cc1,5.38,0.0,1
CHEMBL262,O=C(O)c1ccc(Nc2ncc([N+](=O)[O-])c(NC34CC5CC(CC(C5)C3)C4)n2)cc1,7.58,0.0,1
CHEMBL262,O=C(O)c1ccc(Nc2ncc([N+](=O)[O-])c(NC34CC5CC(CC(O)(C5)C3)C4)n2)cc1,8.52,0.0,1
CHEMBL262,O=C(O)c1ccc(Nc2ncc([N+](=O)[O-])c(Nc3ccccc3)n2)cc1,6.82,0.0,1
CHEMBL262,O=C(O)c1ccc(Nc2ncc3[nH]c(=O)n(-c4ccccc4)c3n2)cc1,5.4,0.0,1
CHEMBL262,O=C(O)c1ccc(Nc2ncc3c(Cl)nn(-c4ccccc4)c3n2)cc1,6.75,0.0,1
CHEMBL262,O=C(O)c1ccc(Nc2ncc3nnn(-c4ccccc4)c3n2)cc1,7.31,0.0,1
CHEMBL262,O=C(O)c1ccc(Nc2ncc3nnn(C45CC6CC(CC(C6)C4)C5)c3n2)cc1,7.12,0.0,1
CHEMBL262,O=C(O)c1ccc(Nc2ncc3nnn(C45CC6CC(CC(O)(C6)C4)C5)c3n2)cc1,7.29,0.0,1
CHEMBL262,O=C(O)c1ccc(Nc2nccc(-c3cnn4ncccc34)n2)cc1,7.3,0.0,1
CHEMBL262,O=C(O)c1coc(CN2CCC(CNC(=O)c3n[nH]c4ccc(-c5cccc(F)c5F)cc34)CC2)n1,8.11,0.15556349186104027,2
CHEMBL262,O=C([O-])c1ccc(CN2CCC(CNC(=O)c3n[nH]c4ccc(Br)cc34)CC2)o1,6.68,0.0,1
CHEMBL262,O=C(c1ccc(C(F)(F)F)cc1)C(Br)Br,5.3,0.0,1
CHEMBL262,O=C(c1ccc(I)cc1)C(Br)Br,5.7,0.0,1
CHEMBL262,O=C(c1ccccn1)C(Br)Br,5.6,0.0,1
CHEMBL262,O=C1/C(=C/c2c[nH]c3ncccc23)Oc2cc(OCc3cccc(F)c3)ccc21,6.35,0.0,1
CHEMBL262,O=C1/C(=C/c2ccc(O)c(O)c2)Oc2cc(O)ccc21,5.71,0.0,1
CHEMBL262,O=C1/C(=C\c2ccc(O)c(O)c2)Oc2ccccc21,5.58,0.0,1
CHEMBL262,O=C1C(c2ccc3ccccc3c2)Oc2cc3c(cc2N1Cc1ccccc1)OCO3,5.16,0.0,1
CHEMBL262,O=C1C(c2ccc3ccccc3c2)Oc2ccccc2N1Cc1ccc(F)cc1,5.06,0.0,1
CHEMBL262,O=C1C(c2cccc3ccccc23)Oc2cc(F)ccc2N1Cc1ccc(F)cc1,4.67,0.0,1
CHEMBL262,O=C1C(c2cccc3ccccc23)Oc2cc(N3CCOCC3)ccc2N1Cc1ccc(F)cc1,5.0,0.0,1
CHEMBL262,O=C1C(c2cccc3ccccc23)Oc2cc3c(cc2N1Cc1ccc(F)cc1)OCO3,5.09,0.0,1
CHEMBL262,O=C1C(c2cccc3ccccc23)Oc2cc3c(cc2N1Cc1ccccc1)OCO3,5.19,0.0,1
CHEMBL262,O=C1C(c2cccc3ccccc23)Oc2ccccc2N1Cc1ccc(F)cc1,5.27,0.0,1
CHEMBL262,O=C1C=CC2(C=C1)OCC(Cc1cn(-c3cccc(Cc4ccccc4)c3)nn1)C(=O)N2c1ccccc1,5.82,0.0,1
CHEMBL262,O=C1CC(Cc2ccccc2)Sc2ccccc2N1Cc1ccccc1[N+](=O)[O-],4.64,0.0,1
CHEMBL262,O=C1CC(c2ccc(Br)cc2)Sc2ccccc2N1Cc1ccccc1[N+](=O)[O-],4.17,0.0,1
CHEMBL262,O=C1CC(c2ccc(Cl)cc2)Sc2ccccc2N1Cc1ccccc1[N+](=O)[O-],4.15,0.0,1
CHEMBL262,O=C1CC(c2ccc(F)cc2)Sc2ccccc2N1Cc1ccccc1[N+](=O)[O-],4.09,0.0,1
CHEMBL262,O=C1CC(c2ccccc2)Sc2ccccc2N1Cc1ccccc1,4.37,0.0,1
CHEMBL262,O=C1CC(c2ccccc2)Sc2ccccc2N1Cc1ccccc1Br,4.13,0.0,1
CHEMBL262,O=C1CC(c2ccccc2)Sc2ccccc2N1Cc1ccccc1[N+](=O)[O-],4.6,0.0,1
CHEMBL262,O=C1CC(c2ccco2)Sc2ccccc2N1Cc1cccc(Cl)c1,4.57,0.0,1
CHEMBL262,O=C1CC(c2ccco2)Sc2ccccc2N1Cc1ccccc1,4.11,0.0,1
CHEMBL262,O=C1CC(c2cccs2)Sc2ccccc2N1Cc1ccccc1,4.32,0.0,1
CHEMBL262,O=C1CCCN2[C@@H](CC1)C[C@]13CN4CCCC/C=C\CC[C@](O)(C=C(c5nccc6c5[nH]c5c(OS(=O)(=O)c7ccc(Br)cc7)cccc56)C1CC4)[C@H]23,4.64,0.0,1
CHEMBL262,O=C1CCCN2[C@@H](CC1)C[C@]13CN4CCCC/C=C\CC[C@](O)(C=C(c5nccc6c5[nH]c5c(OS(=O)(=O)c7ccc(Cl)cc7)cccc56)C1CC4)[C@H]23,5.14,0.0,1
CHEMBL262,O=C1CCCN2[C@@H](CC1)C[C@]13CN4CCCC/C=C\CC[C@](O)(C=C(c5nccc6c5[nH]c5ccccc56)C1CC4)[C@H]23,4.6,0.0,1
CHEMBL262,O=C1CCCc2cc(-c3ccnc(NC(=O)C4CC4)c3)ccc2N1,6.14,0.0,1
CHEMBL262,O=C1CCCc2nc(Nc3ccc(Cl)c(Cl)c3)ncc21,4.65,0.0,1
CHEMBL262,O=C1CN(c2ccccc2)c2nc(Nc3ccc(C(=O)O)cc3)ncc2N1,5.46,0.0,1
CHEMBL262,O=C1C[C@@H](c2ccc(O)cc2)Oc2cc(O)cc(O)c21,4.34,0.0,1
CHEMBL262,O=C1Cc2c([nH]c3ccc(Br)cc23)-c2ccc(O)cc2N1,7.75,0.0,1
CHEMBL262,O=C1Cc2c([nH]c3ccc(Br)cc23)-c2ccccc2N1,6.993333333333333,0.5608327142146161,3
CHEMBL262,O=C1Cc2c([nH]c3ccc(Br)cc23)-c2ccccc2N1Cc1ccccc1,5.0,0.0,1
CHEMBL262,O=C1Cc2c([nH]c3ccc(Br)cc23)-c2cccnc2N1,5.22,0.0,1
CHEMBL262,O=C1Cc2c([nH]c3ccc(Br)cc23)-c2ncccc2N1,7.75,0.0,1
CHEMBL262,O=C1Cc2c([nH]c3ccc(Br)cc23)-c2sccc2N1,6.92,0.0,1
CHEMBL262,O=C1Cc2c([nH]c3ccc(C(=O)O)cc23)-c2ccccc2N1,4.52,0.0,1
CHEMBL262,O=C1Cc2c([nH]c3ccc([N+](=O)[O-])cc23)-c2ccccc2N1,8.0975,0.29330018752124903,4
CHEMBL262,O=C1Cc2c([nH]c3ccc([N+](=O)[O-])cc23)-c2ncccc2N1,8.4,0.0,1
CHEMBL262,O=C1Cc2c([nH]c3ccccc23)-c2ccccc2N1,7.7,0.9899494936611668,2
CHEMBL262,O=C1Cc2cc(Br)ccc2/C1=c1/[nH]c2ccccc2/c1=C\O,8.3,0.0,1
CHEMBL262,O=C1N/C(=N\c2ccc(O)cc2)S/C1=C1\C(=O)Nc2ccc(Br)cc21,5.84,0.0,1
CHEMBL262,O=C1N/C(=N\c2ccccc2Cl)S/C1=C/C=C/c1ccccc1,5.22,0.0,1
CHEMBL262,O=C1N=C(Nc2ccccc2Cl)S/C1=C/c1ccc(Cl)cc1,4.74,0.0,1
CHEMBL262,O=C1NC(=O)/C(=C/c2c(-c3ccccc3)[nH]c3ccccc23)S1,5.22,0.0,1
CHEMBL262,O=C1NC(=O)/C(=C/c2c[nH]c3ccccc23)S1,4.994999999999999,0.4454772721475252,2
CHEMBL262,O=C1NC(=O)/C(=C/c2cc3ccccc3nc2Cl)S1,5.21,0.0,1
CHEMBL262,O=C1NC(=O)/C(=C/c2cc3ccccc3s2)S1,5.13,0.0,1
CHEMBL262,O=C1NC(=O)/C(=C/c2ccc(-c3cccs3)cc2)N1,4.87,0.0,1
CHEMBL262,O=C1NC(=O)/C(=C/c2ccc(-c3ccsc3)cc2)N1,5.19,0.0,1
CHEMBL262,O=C1NC(=O)/C(=C/c2ccc(/C=C3/NC(=O)NC3=O)cc2)N1,5.55,0.0,1
CHEMBL262,O=C1NC(=O)/C(=C/c2ccc(Cl)cc2)N1,4.74,0.0,1
CHEMBL262,O=C1NC(=O)/C(=C/c2ccc(O)c([N+](=O)[O-])c2)S1,5.04,0.0,1
CHEMBL262,O=C1NC(=O)/C(=C/c2ccc(O)cc2)N1,4.86,0.0,1
CHEMBL262,O=C1NC(=O)/C(=C/c2ccc(O)cc2)S1,5.05,0.0,1
CHEMBL262,O=C1NC(=O)/C(=C/c2ccc(OCc3ccccc3)c(OCc3ccccc3)c2)N1,5.86,0.0,1
CHEMBL262,O=C1NC(=O)/C(=C/c2ccc3c(c2)OCCO3)S1,5.15,0.0,1
CHEMBL262,O=C1NC(=O)/C(=C/c2cccc3c2OCO3)N1,6.86,0.0,1
CHEMBL262,O=C1NC(=O)/C(=C/c2cccnc2)S1,5.06,0.0,1
CHEMBL262,O=C1NC(=O)/C(=C/c2cccs2)S1,5.1,0.0,1
CHEMBL262,O=C1NC(=O)/C(=C/c2ccncc2)S1,5.85,0.0,1
CHEMBL262,O=C1NC(=O)C(N2CCc3ccccc32)=C1c1ccc(Cl)cc1,5.85,0.0,1
CHEMBL262,O=C1NC(=O)C(N2CCc3ccccc32)=C1c1cccc(Cl)c1,6.34,0.0,1
CHEMBL262,O=C1NC(=O)C(N2CCc3ccccc32)=C1c1cccc([N+](=O)[O-])c1,6.79,0.0,1
CHEMBL262,O=C1NC(=O)C(N2CCc3ccccc32)=C1c1ccccc1Cl,6.47,0.0,1
CHEMBL262,O=C1NC(=O)C(N2CCc3ccccc32)=C1c1ccccc1[N+](=O)[O-],6.88,0.0,1
CHEMBL262,O=C1NC(=O)C(c2ccc(Cl)cc2)=C1Nc1cc(Cl)c(O)c(Cl)c1,7.04,0.0,1
CHEMBL262,O=C1NC(=O)C(c2ccc(Cl)cc2)=C1Nc1ccc(Cl)c(C(=O)O)c1,6.96,0.0,1
CHEMBL262,O=C1NC(=O)C(c2ccc(Cl)cc2)=C1Nc1ccc(O)c(Cl)c1,6.76,0.0,1
CHEMBL262,O=C1NC(=O)C(c2ccc(Cl)cc2)=C1Nc1ccc(O)cc1,6.5,0.0,1
CHEMBL262,O=C1NC(=O)C(c2ccc(Cl)cc2)=C1Nc1cccc(C(=O)O)c1,6.73,0.0,1
CHEMBL262,O=C1NC(=O)C(c2ccc(Cl)cc2)=C1Nc1cccc(Cl)c1,6.35,0.0,1
CHEMBL262,O=C1NC(=O)C(c2ccc(Cl)cc2)=C1Nc1cccc(O)c1,6.39,0.0,1
CHEMBL262,O=C1NC(=O)C(c2ccc(Cl)cc2)=C1Nc1ccccc1,6.29,0.0,1
CHEMBL262,O=C1NC(=O)C(c2ccc([N+](=O)[O-])cc2)=C1Nc1cc(Cl)c(O)c(Cl)c1,7.15,0.0,1
CHEMBL262,O=C1NC(=O)C(c2cccc(Cl)c2)=C1Nc1cc(Cl)c(O)c(Cl)c1,7.24,0.0,1
CHEMBL262,O=C1NC(=O)C(c2cccc(Cl)c2)=C1Nc1ccc(Cl)c(C(=O)O)c1,6.96,0.2262741699796954,2
CHEMBL262,O=C1NC(=O)C(c2cccc(Cl)c2)=C1Nc1ccc(O)c(Cl)c1,7.03,0.0,1
CHEMBL262,O=C1NC(=O)C(c2cccc(Cl)c2)=C1Nc1cccc(C(=O)O)c1,6.87,0.0,1
CHEMBL262,O=C1NC(=O)C(c2cccc(Cl)c2)=C1Nc1cccc(O)c1,5.83,0.0,1
CHEMBL262,O=C1NC(=O)C(c2cccc([N+](=O)[O-])c2)=C1Nc1cc(Cl)c(O)c(Cl)c1,7.7,0.0,1
CHEMBL262,O=C1NC(=O)C(c2cccc([N+](=O)[O-])c2)=C1Nc1ccc(Cl)c(C(=O)O)c1,7.58,0.0,1
CHEMBL262,O=C1NC(=O)C(c2cccc([N+](=O)[O-])c2)=C1Nc1ccc(O)c(Cl)c1,7.23,0.0,1
CHEMBL262,O=C1NC(=O)C(c2cccc([N+](=O)[O-])c2)=C1Nc1ccc(O)cc1,6.91,0.0,1
CHEMBL262,O=C1NC(=O)C(c2cccc([N+](=O)[O-])c2)=C1Nc1cccc(C(=O)O)c1,7.1,0.0,1
CHEMBL262,O=C1NC(=O)C(c2cccc([N+](=O)[O-])c2)=C1Nc1cccc(Cl)c1,7.16,0.0,1
CHEMBL262,O=C1NC(=O)C(c2cccc([N+](=O)[O-])c2)=C1Nc1cccc(O)c1,6.63,0.0,1
CHEMBL262,O=C1NC(=O)C(c2cccc([N+](=O)[O-])c2)=C1Nc1ccccc1,6.85,0.0,1
CHEMBL262,O=C1NC(=O)C(c2ccccc2)=C1Nc1cc(Cl)c(O)c(Cl)c1,6.83,0.0,1
CHEMBL262,O=C1NC(=O)C(c2ccccc2)=C1Nc1ccc(C(=O)Nc2ccccc2)cc1,6.68,0.0,1
CHEMBL262,O=C1NC(=O)C(c2ccccc2)=C1Nc1ccc(Cl)c(C(=O)O)c1,6.84,0.0,1
CHEMBL262,O=C1NC(=O)C(c2ccccc2)=C1Nc1cccc(C(=O)O)c1,6.54,0.0,1
CHEMBL262,O=C1NC(=O)C(c2ccccc2)=C1Nc1cccc(Cl)c1,6.52,0.0,1
CHEMBL262,O=C1NC(=O)C(c2ccccc2)=C1Nc1cccc(O)c1,6.15,0.0,1
CHEMBL262,O=C1NC(=O)C(c2ccccc2)=C1Nc1ccccc1,6.255000000000001,0.03535533905932756,2
CHEMBL262,O=C1NC(=O)C(c2ccccc2Cl)=C1Nc1cc(Cl)c(O)c(Cl)c1,7.03,0.0,1
CHEMBL262,O=C1NC(=O)C(c2ccccc2Cl)=C1Nc1ccc(Cl)c(C(=O)O)c1,7.13,0.0,1
CHEMBL262,O=C1NC(=O)C(c2ccccc2Cl)=C1Nc1ccc(O)c(Cl)c1,6.82,0.0,1
CHEMBL262,O=C1NC(=O)C(c2ccccc2Cl)=C1Nc1cccc(C(=O)O)c1,6.87,0.0,1
CHEMBL262,O=C1NC(=O)C(c2ccccc2Cl)=C1Nc1cccc(Cl)c1,6.71,0.0,1
CHEMBL262,O=C1NC(=O)C(c2ccccc2Cl)=C1Nc1cccc(O)c1,6.43,0.0,1
CHEMBL262,O=C1NC(=O)C(c2ccccc2Cl)=C1Nc1ccccc1,6.67,0.0,1
CHEMBL262,O=C1NC(=O)C(c2ccccc2[N+](=O)[O-])=C1Nc1cc(Cl)c(O)c(Cl)c1,7.28,0.0,1
CHEMBL262,O=C1NC(=O)C(c2ccccc2[N+](=O)[O-])=C1Nc1ccc(Cl)c(C(=O)O)c1,7.55,0.0,1
CHEMBL262,O=C1NC(=O)C(c2ccccc2[N+](=O)[O-])=C1Nc1ccc(O)c(Cl)c1,7.0600000000000005,0.32792275513195657,7
CHEMBL262,O=C1NC(=O)C(c2ccccc2[N+](=O)[O-])=C1Nc1cccc(Cl)c1,6.98,0.0,1
CHEMBL262,O=C1NC(=O)C(c2ccccc2[N+](=O)[O-])=C1Nc1cccc(O)c1,6.6,0.0,1
CHEMBL262,O=C1NC(=O)C(c2cn(-c3cccnc3)c3ccccc23)=C1c1[nH]nc2ccccc12,6.7,0.0,1
CHEMBL262,O=C1NC(=O)C(c2cn(CCCO)c3ccc(F)cc23)=C1c1coc2ccccc12,7.82,0.0,1
CHEMBL262,O=C1NC(=O)C(c2cn(CCCO)c3ncccc23)=C1c1ccc(F)cc1Cl,8.22,0.0,1
CHEMBL262,O=C1NC(=O)C(c2cn(CCCO)c3ncccc23)=C1c1cccc2ccccc12,7.51,0.0,1
CHEMBL262,O=C1NC(=O)C(c2cn(CCCO)c3ncccc23)=C1c1ccccc1C(F)(F)F,7.85,0.0,1
CHEMBL262,O=C1NC(=O)C(c2cn(CCCO)c3ncccc23)=C1c1ccccc1Cl,8.0,0.0,1
CHEMBL262,O=C1NC(=O)C(c2cn(CCCO)c3ncccc23)=C1c1ccccn1,6.32,0.0,1
CHEMBL262,O=C1NC(=O)C(c2cn(CCCO)c3ncccc23)=C1c1cccs1,7.51,0.0,1
CHEMBL262,O=C1NC(=O)C(c2cn(CCCO)c3ncccc23)=C1c1cnccn1,7.95,0.494974746830584,2
CHEMBL262,O=C1NC(=O)C(c2cn(CCCO)c3ncccc23)=C1c1ncc(C(F)(F)F)cc1Cl,7.58,0.0,1
CHEMBL262,O=C1NC(=O)C(c2cn(CCCn3ccnc3)c3cc(Br)ccc23)=C1c1ccc(F)cc1,6.14,0.0,1
CHEMBL262,O=C1NC(=O)C(c2cn(CCCn3ccnc3)c3cc(Br)ccc23)=C1c1ccc2ccccc2c1,7.0,0.0,1
CHEMBL262,O=C1NC(=O)C(c2cn(CCCn3ccnc3)c3cc(Br)ccc23)=C1c1ccccc1F,7.22,0.0,1
CHEMBL262,O=C1NC(=O)C(c2cn(CCCn3ccnc3)c3ccc(Br)cc23)=C1c1cc(C(F)(F)F)cc(C(F)(F)F)c1,6.23,0.0,1
CHEMBL262,O=C1NC(=O)C(c2cn(CCCn3ccnc3)c3ccc(Br)cc23)=C1c1cc(F)c(F)cc1F,6.92,0.0,1
CHEMBL262,O=C1NC(=O)C(c2cn(CCCn3ccnc3)c3ccc(Br)cc23)=C1c1ccc(F)cc1,6.85,0.0,1
CHEMBL262,O=C1NC(=O)C(c2cn(CCCn3ccnc3)c3ccc(Br)cc23)=C1c1ccc2c(c1)OCO2,7.36,0.0,1
CHEMBL262,O=C1NC(=O)C(c2cn(CCCn3ccnc3)c3ccc(Br)cc23)=C1c1ccc2ccccc2c1,7.16,0.0,1
CHEMBL262,O=C1NC(=O)C(c2cn(CCCn3ccnc3)c3ccc(Br)cc23)=C1c1ccccc1,7.16,0.0,1
CHEMBL262,O=C1NC(=O)C(c2cn(CCCn3ccnc3)c3ccc(Br)cc23)=C1c1ccccc1F,7.5,0.0,1
CHEMBL262,O=C1NC(=O)C(c2cn(CCCn3ccnc3)c3ccc(Br)cc23)=C1c1ccccc1[N+](=O)[O-],7.18,0.0,1
CHEMBL262,O=C1NC(=O)C(c2cn(CCCn3ccnc3)c3ccc(Br)cc23)=C1c1cccs1,7.05,0.0,1
CHEMBL262,O=C1NC(=O)C(c2cn(CCCn3ccnc3)c3ccccc23)=C1c1c[nH]c2ccccc12,4.64,0.0,1
CHEMBL262,O=C1NC(=O)C(c2cn(CCCn3ccnc3)c3ccccc23)=C1c1ccc(F)cc1,7.24,0.0,1
CHEMBL262,O=C1NC(=O)C(c2cn(CCCn3ccnc3)c3ccccc23)=C1c1ccc2ccccc2c1,5.04,0.0,1
CHEMBL262,O=C1NC(=O)C(c2cn(CCCn3ccnc3)c3ccccc23)=C1c1ccccc1,7.85,0.0,1
CHEMBL262,O=C1NC(=O)C(c2cn(CCCn3ccnc3)c3ccccc23)=C1c1ccccc1F,4.75,0.0,1
CHEMBL262,O=C1NC(=O)C(c2cn(CCCn3ccnc3)c3ccccc23)=C1c1ccccc1[N+](=O)[O-],4.46,0.0,1
CHEMBL262,O=C1NC(=O)C(c2cn(CCO)c3ccc(Br)cc23)=C1c1coc2ccccc12,7.67,0.0,1
CHEMBL262,O=C1NC(=O)C(c2cn(CCO)c3ccc(F)cc23)=C1c1coc2ccccc12,8.32,0.0,1
CHEMBL262,O=C1NC(=O)C(c2cn3c4c(cc(Br)cc24)CNCC3)=C1c1coc2ccccc12,7.94,0.0,1
CHEMBL262,O=C1NC(=O)C(c2cn3c4c(cc(F)cc24)CN(C(=O)N2CCC(N4CCCCC4)CC2)CC3)=C1c1coc2ccccc12,9.28,0.0,1
CHEMBL262,O=C1NC(=O)C(c2cn3c4c(cc(F)cc24)CN(C(=O)N2CCCCC2)CC3)=C1c1cn2ccccc2n1,9.05,0.0,1
CHEMBL262,O=C1NC(=O)C(c2cn3c4c(cc(F)cc24)CN(C(=O)N2CCCCC2)CC3)=C1c1coc2ccccc12,8.72,0.0,1
CHEMBL262,O=C1NC(=O)C(c2cn3c4c(cc(F)cc24)CN(C(=O)N2CCOCC2)CC3)=C1c1coc2ccccc12,10.89,0.0,1
CHEMBL262,O=C1NC(=O)C(c2cn3c4c(cc(F)cc24)CNCC3)=C1c1coc2ccccc12,8.43,0.0,1
CHEMBL262,O=C1NC(=O)C(c2cn3c4c(cccc24)CN(C(=O)Cc2ccncc2)CC3)=C1c1coc2ccccc12,9.23,0.0,1
CHEMBL262,O=C1NC(=O)C(c2cn3c4c(cccc24)CN(C(=O)c2cnccn2)CC3)=C1c1coc2ccccc12,9.7,0.0,1
CHEMBL262,O=C1NC(=O)C(c2cn3c4c(cccc24)CNCC3)=C1c1coc2ccccc12,8.38,0.0,1
CHEMBL262,O=C1NC(=O)C(c2cnc3ccccn23)=C1c1cn2c3c(cc(F)cc13)CN(C(=O)N1CCCCC1)CC2,8.966666666666667,0.08020806277010628,3
CHEMBL262,O=C1NC(=O)C(c2cnc3ccccn23)=C1c1cn2c3c(cccc13)CN(C(=O)N1CCCCC1)CC2,8.7,0.0,1
CHEMBL262,O=C1NC(=O)C(c2cnc3ccccn23)=C1c1cn2c3c(cccc13)CN(C(=O)N1CCOCC1)CC2,8.89,0.0,1
CHEMBL262,O=C1NC(=O)C(c2nn(CCCN3CCCC3)c3ccccc23)=C1c1cn(-c2ccc3ccccc3c2)c2ccccc12,5.6,0.0,1
CHEMBL262,O=C1NC(=O)C(c2nn(CCCN3CCOCC3)c3ccccc23)=C1c1cn(-c2ccc3ccccc3c2)c2ccccc12,5.62,0.0,1
CHEMBL262,O=C1NC(=O)C2=C1c1cn(c3ccccc13)CCCCc1ccc(c(N3CCCC3)n1)CCCCn1cc2c2ccccc21,7.62,0.0,1
CHEMBL262,O=C1NC(=O)C2=C1c1cn(c3ccccc13)CCCc1cc(nc(N3CCCC3)c1)CCCn1cc2c2ccccc21,7.96,0.0,1
CHEMBL262,O=C1NC(=O)C2=C1c1cn(c3ccccc13)CCCc1ccc(c(N3CCCC3)n1)CCCn1cc2c2ccccc21,7.52,0.0,1
CHEMBL262,O=C1NC(=O)C2=C1c1cn(c3ccccc13)CCOCCN(CCO)CCOCCn1cc2c2ccccc21,7.4,0.0,1
CHEMBL262,O=C1NC(=O)C2=C1c1cn(c3ccccc13)CCOCCOCCOCCOCCOCCn1cc2c2ccccc21,7.29,0.0,1
CHEMBL262,O=C1NC(=O)C2=C1c1cn(c3ccccc13)CCOCCOCCOCCOCCn1cc2c2ccccc21,7.58,0.0,1
CHEMBL262,O=C1NC(=O)C2=C1c1cn(c3ccccc13)CCOCCOCCOCCn1cc2c2ccccc21,6.66,0.0,1
CHEMBL262,O=C1NC(=O)C2=C1c1cn(c3ccccc13)CCOCCOCCOCCn1cc2c2cccnc21,7.77,0.0,1
CHEMBL262,O=C1NC(=O)C2=C1c1cn(c3ccccc13)CCOCCOCCn1cc2c2ccccc21,6.87,0.0,1
CHEMBL262,O=C1NC(=O)C2=C1c1cn(c3ccccc13)CCOCCOCCn1cc2c2cccnc21,6.86,0.0,1
CHEMBL262,O=C1NC(=O)C2=C1c1cn(c3ncccc13)CCCc1ccc(s1)CCCn1cc2c2cccnc21,7.44,0.0,1
CHEMBL262,O=C1NC(=O)C2=C1c1cn(c3ncccc13)CCOCCOCCOCCOCCOCCn1cc2c2cccnc21,6.39,0.0,1
CHEMBL262,O=C1NC(=O)C2=C1c1cn(c3ncccc13)CCOCCOCCOCCOCCn1cc2c2cccnc21,7.395,0.10606601717798207,2
CHEMBL262,O=C1NC(=O)C2=C1c1cn(c3ncccc13)CCOCCOCCOCCn1cc2c2cccnc21,7.47,0.0,1
CHEMBL262,O=C1NC(=O)C2=C1c1cn(c3ncccc13)CCOCCOCCn1cc2c2cccnc21,6.21,0.0,1
CHEMBL262,O=C1NC(=O)N(c2ccccc2)/C1=C/Nc1ccc(C(=O)O)cc1,5.46,0.0,1
CHEMBL262,O=C1NC(=O)N(c2ccccc2)/C1=C/Nc1ccc([N+](=O)[O-])cc1,5.63,0.0,1
CHEMBL262,O=C1NC(=O)c2c1c1c3ccccc3[nH]c1n1cncc21,6.3,0.0,1
CHEMBL262,O=C1NC(=O)c2c1c1c3ccccc3ccc1c1[nH]c3ccccc3c21,5.36,0.0,1
CHEMBL262,O=C1NC(=O)c2c1c1cnn(-c3ccccc3)c1n1cccc21,5.77,0.0,1
CHEMBL262,O=C1NC(=O)c2c1c1cnn(-c3ccccc3Cl)c1n1cccc21,6.09,0.0,1
CHEMBL262,O=C1NC(=O)c2ccccc21,4.69,0.0,1
CHEMBL262,O=C1NC(=S)N/C1=C/c1ccc(-c2ccc(C(=O)O)cc2)o1,6.13,0.0,1
CHEMBL262,O=C1NC(=S)N/C1=C/c1ccc(-c2ccc(Cl)c(Cl)c2)o1,6.17,0.0,1
CHEMBL262,O=C1NC(=S)N/C1=C/c1ccc(-c2ccc([N+](=O)[O-])cc2)o1,6.23,0.0,1
CHEMBL262,O=C1NC(=S)N/C1=C/c1ccc(-c2cccc(C(=O)O)c2)o1,6.47,0.0,1
CHEMBL262,O=C1NC(=S)N/C1=C/c1ccc(-c2ccccc2Cl)o1,6.04,0.0,1
CHEMBL262,O=C1NC(=S)S/C1=C\c1cc(/N=N/c2ccccc2)ccc1O,5.4,0.0,1
CHEMBL262,O=C1NC(=S)S/C1=C\c1ccc(O)c([N+](=O)[O-])c1,5.4,0.0,1
CHEMBL262,O=C1NC(=S)S/C1=C\c1cccc(OCCOc2ccc(Br)cc2)c1,5.45,0.0,1
CHEMBL262,O=C1NC(=S)S/C1=C\c1cccc(OCCOc2ccc([N+](=O)[O-])cc2)c1,5.59,0.0,1
CHEMBL262,O=C1NC(=S)S/C1=C\c1cccc(OCCOc2ccccc2)c1,5.26,0.0,1
CHEMBL262,O=C1NC(=S)S/C1=C\c1ccccc1OCOc1ccccc1/C=C1/SC(=S)NC1=O,5.06,0.0,1
CHEMBL262,O=C1NC(=S)S/C1=C\c1ccccc1OS(=O)(=O)c1ccccc1[N+](=O)[O-],5.81,0.0,1
CHEMBL262,O=C1NC(Nc2ccccc2)=NC(c2ccc(F)cc2)N1,5.16,0.0,1
CHEMBL262,O=C1NCCCc2cc(-c3ccnc(NC(=O)C4CC4)c3)ccc21,8.62,0.0,1
CHEMBL262,O=C1NCCOc2cc(-c3ccnc(NC(=O)C4CC4)c3)ccc21,8.33,0.0,1
CHEMBL262,O=C1NCCc2[nH]c(-c3ccncc3)cc21,6.66,0.0,1
CHEMBL262,O=C1NCCc2cc(-c3ccnc(NC(=O)C4CC4)c3)ccc21,8.62,0.0,1
CHEMBL262,O=C1NCc2cc(-c3ccnc(NC(=O)C4CC4)c3)ccc21,7.96,0.0,1
CHEMBL262,O=C1NN(c2ccc(F)cc2)C(=O)/C1=C\c1cccc(OCc2ccccc2F)c1,4.93,0.0,1
CHEMBL262,O=C1N[C@H]2C[C@@H](C2)OCc2cccc(n2)Nc2cc([nH]n2)[C@H]2CC[C@H](C2)O1,8.26,0.0,1
CHEMBL262,O=C1Nc2cc(Br)ccc2/C1=C1/Nc2ccccc2/C1=N\O,5.82,0.0,1
CHEMBL262,O=C1Nc2cc(Br)ccc2/C1=C1\Nc2ccccc2\C1=N/O,8.3,0.0,1
CHEMBL262,O=C1Nc2cc(Br)ccc2/C1=c1/[nH]c2ccccc2/c1=C\O,8.3,0.0,1
CHEMBL262,O=C1Nc2cc3c(c(Cc4ccccc4)c2OC1c1ccccc1)OCO3,4.3,0.0,1
CHEMBL262,O=C1Nc2ccc(Br)cc2/C1=N/NC(=O)c1cc2cc(Br)ccc2o1,7.49,0.0,1
CHEMBL262,O=C1Nc2ccc(I)cc2/C1=C1/S/C(=N/c2ccccc2)N(c2ccccc2)C1=O,5.94,0.0,1
CHEMBL262,O=C1Nc2ccc(NC(=O)c3ccccc3)cc2/C1=C/c1ccc(O)cc1,5.36,0.0,1
CHEMBL262,O=C1Nc2ccc(NC(=O)c3ccccc3)cc2/C1=C\c1ccc(O)cc1,5.36,0.0,1
CHEMBL262,O=C1Nc2ccc(NC(=O)c3ccccc3)cc2C1=Cc1ccc(O)cc1,5.36,0.0,1
CHEMBL262,O=C1Nc2ccc(S(=O)(=O)O)cc2/C1=C1/Nc2ccccc2/C1=N\O,7.1,0.0,1
CHEMBL262,O=C1Nc2ccc([N+](=O)[O-])cc2/C1=C/c1ccco1,4.89,0.0,1
CHEMBL262,O=C1Nc2ccc([N+](=O)[O-])cc2/C1=C\c1ccccn1,4.7,0.0,1
CHEMBL262,O=C1Nc2ccc([N+](=O)[O-])cc2/C1=C\c1cccnc1,4.7,0.0,1
CHEMBL262,O=C1Nc2ccc([N+](=O)[O-])cc2/C1=C\c1ccco1,4.89,0.0,1
CHEMBL262,O=C1Nc2ccccc2/C1=C/c1c[nH]nc1-c1ccccc1[N+](=O)[O-],7.89,0.0,1
CHEMBL262,O=C1Nc2ccccc2/C1=C/c1ccccn1,8.38,0.0,1
CHEMBL262,O=C1Nc2ccccc2/C1=C1/Nc2cc(Br)ccc2C1=O,8.4,0.0,1
CHEMBL262,O=C1Nc2ccccc2/C1=C1/Nc2ccccc2/C1=N\O,7.026666666666666,0.5485739087245524,3
CHEMBL262,O=C1Nc2ccccc2/C1=C1/Nc2ccccc2/C1=N\OCC(O)CO,6.96,0.0,1
CHEMBL262,O=C1Nc2ccccc2/C1=C1/Nc2ccccc2/C1=N\OCCO[C@@H]1O[C@H](CO)[C@@H](O)[C@H](O)[C@H]1O,6.09,0.0,1
CHEMBL262,O=C1Nc2ccccc2/C1=C1/Nc2ccccc2C1=O,7.3100000000000005,1.5414927829866742,2
CHEMBL262,O=C1Nc2ccccc2/C1=C1/S/C(=N/N=C2/C(=O)Nc3ccccc32)N(c2ccc(O)cc2)C1=O,6.15,0.0,1
CHEMBL262,O=C1Nc2ccccc2/C1=C1\Nc2ccccc2\C1=N/O,7.26,0.0,1
CHEMBL262,O=C1Nc2ccccc2/C1=N/NC(=O)c1ccccc1O,4.74,0.0,1
CHEMBL262,O=C1Nc2ccccc2C12CC2c1ccccn1,5.91,0.0,1
CHEMBL262,O=C1Nc2ccccc2C1Cc1cccnc1,8.38,0.0,1
CHEMBL262,O=C1OC(Nc2ncc3nnn(-c4ccccc4)c3n2)c2ccccc21,7.64,0.0,1
CHEMBL262,O=C1OCC(Cc2ccc(O)c(O)c2)=C1c1cc(O)cc(O)c1,5.65,0.0,1
CHEMBL262,O=C1OCC(Cc2ccc(O)c(O)c2)=C1c1ccc(O)cc1,6.17,0.0,1
CHEMBL262,O=C1OCC(Cc2ccc(O)cc2)=C1c1cc(O)cc(O)c1,5.39,0.0,1
CHEMBL262,O=C1OCC(Cc2ccc(O)cc2)=C1c1ccc(O)cc1,6.11,0.0,1
CHEMBL262,O=C1c2ccccc2-c2onc3c(N4CCN(c5ccc(O)cc5)CC4)cc(NCCP(=O)(O)O)c1c23,6.0,0.0,1
CHEMBL262,O=C1c2cccn2-c2ccccc2SC1c1cccc2ccccc12,4.8,0.0,1
CHEMBL262,O=CN1Cc2cc(F)cc3c(C4=C(c5cnc6ccccn56)C(=O)NC4=O)cn(c23)CC1N1CCCCC1,8.96,0.0,1
CHEMBL262,O=CN1Cc2cccc3c(C4=C(c5cnc6ccccn56)C(=O)NC4=O)cn(c23)CC1N1CCCCC1,8.7,0.0,1
CHEMBL262,O=CN1Cc2cccc3c(C4=C(c5cnc6ccccn56)C(=O)NC4=O)cn(c23)CC1N1CCOCC1,8.89,0.0,1
CHEMBL262,O=CNc1nccc2c1[nH]c1cc(C(=O)NCCC3CCN(Cc4ccccc4F)CC3)ccc12,5.17,0.0,1
CHEMBL262,O=Nc1c(-c2c(O)[nH]c3cc(Br)ccc23)[nH]c2ccccc12,6.76,0.0,1
CHEMBL262,O=Nc1c(-c2c(O)[nH]c3ccc(I)cc23)[nH]c2ccccc12,8.05,0.0,1
CHEMBL262,O=Nc1c(-c2c(O)[nH]c3ccccc23)[nH]c2ccccc12,7.66,0.0,1
CHEMBL262,O=S(=O)(Nc1ccc(-c2nc(-c3ccnc(Nc4ccc(OC(F)(F)F)cc4)c3)no2)cc1)c1ccc(Br)cc1,5.51,0.0,1
CHEMBL262,O=S(=O)(Nc1ccc(-c2nc(-c3ccnc(Nc4ccc(OC(F)(F)F)cc4)c3)no2)cc1)c1ccc(Cl)s1,5.53,0.0,1
CHEMBL262,O=S(=O)(Nc1ccc(-c2nc(-c3ccnc(Nc4ccc(OC(F)(F)F)cc4)c3)no2)cc1)c1ccc(F)c(Cl)c1,4.72,0.0,1
CHEMBL262,O=S(=O)(Nc1ccc(-c2nc(-c3ccnc(Nc4ccc(OC(F)(F)F)cc4)c3)no2)cc1)c1ccc(F)cc1,5.57,0.0,1
CHEMBL262,O=S(=O)(Nc1ccc(-c2nc(-c3ccnc(Nc4ccc(OC(F)(F)F)cc4)c3)no2)cc1)c1ccc(OC(F)(F)F)cc1,5.06,0.0,1
CHEMBL262,O=S(=O)(Nc1ccc(-c2nc(-c3ccnc(Nc4ccc(OC(F)(F)F)cc4)c3)no2)cc1)c1cccc(C(F)(F)F)c1,5.58,0.0,1
CHEMBL262,O=S(=O)(Nc1ccc(-c2nc(-c3ccnc(Nc4ccc(OC(F)(F)F)cc4)c3)no2)cc1)c1ccccc1OC(F)(F)F,5.92,0.0,1
CHEMBL262,O=S(=O)(Nc1ccc(-c2nc(-c3ccnc(Nc4ccc(OC(F)(F)F)cc4)c3)no2)cc1)c1cccs1,5.12,0.0,1
CHEMBL262,O=S(=O)(c1ccccc1)N1CC(c2cccc3ccccc23)Oc2ccccc21,5.39,0.0,1
CHEMBL262,O=[N+]([O-])c1ccc(-c2nnc(Nc3ccc(Cl)cc3)o2)cc1,6.09,0.0,1
CHEMBL262,O=[N+]([O-])c1ccc(-c2nnc(Nc3ccccc3)o2)cc1,6.68,0.0,1
CHEMBL262,O=[N+]([O-])c1ccc(-n2s/c(=N/Cc3cccnc3)nc2-c2ccccc2)cc1,6.0,0.0,1
CHEMBL262,O=[N+]([O-])c1ccc(NCCNc2ncc(-c3ncc[nH]3)c(-c3ccc(Cl)cc3Cl)n2)nc1,8.0,0.0,1
CHEMBL262,O=[N+]([O-])c1ccc(Nc2nccc(-c3cnn4ncccc34)n2)cc1,8.3,0.0,1
CHEMBL262,O=[N+]([O-])c1ccc(Nc2nnc(-c3ccc([N+](=O)[O-])cc3)o2)cc1,6.15,0.0,1
CHEMBL262,O=[N+]([O-])c1cccc(-c2ccc(CSc3nnc(-c4ccc5c(c4)OCCO5)o3)cc2)c1,6.79,0.0,1
CHEMBL262,O=[N+]([O-])c1cccc(-c2ccc(CSc3nnc(-c4ccc5c(c4)OCO5)o3)cc2)c1,7.07,0.0,1
CHEMBL262,O=[N+]([O-])c1cccc(Nc2nccc(-c3cnn4ncccc34)n2)c1,8.7,0.0,1
CHEMBL262,O=[N+]([O-])c1cccc(S(=O)(=O)Nc2ccc(-c3nc(-c4ccnc(Nc5ccc(OC(F)(F)F)cc5)c4)no3)cc2)c1,5.08,0.0,1
CHEMBL262,O=[N+]([O-])c1ccccc1-c1ccc(CSc2nnc(-c3ccc4c(c3)OCCO4)o2)cc1,7.05,0.0,1
CHEMBL262,O=[N+]([O-])c1ccccc1-c1ccc(CSc2nnc(-c3ccc4c(c3)OCO4)o2)cc1,7.57,0.0,1
CHEMBL262,O=[N+]([O-])c1ccccc1-c1ccc(CSc2nnc(-c3ccncc3)o2)cc1,6.79,0.0,1
CHEMBL262,O=[N+]([O-])c1cnc(N[C@H]2CC[C@H](O)CC2)nc1NC12CC3CC(CC(O)(C3)C1)C2,6.7,0.0,1
CHEMBL262,O=[N+]([O-])c1cnc(N[C@H]2CC[C@H](O)CC2)nc1Nc1ccccc1,6.55,0.0,1
CHEMBL262,O=[N+]([O-])c1cnc(Nc2ccccc2)nc1Nc1ccccc1,5.55,0.0,1
CHEMBL262,O=c1[nH]c(=O)c2cc[nH]c2[nH]1,6.16,0.0,1
CHEMBL262,O=c1[nH]c2cc3c(cc2cc1-c1c2cn[nH]c2nc2c1oc1cc(O)ccc12)OCCO3,4.93,0.0,1
CHEMBL262,O=c1[nH]cnc2[nH]c(-c3ccnc(/C=C/c4ccc(CN5CCOCC5)cc4)c3)cc12,6.52,0.0,1
CHEMBL262,O=c1[nH]nc2c(NCCc3ccncc3)cc(Cl)cn12,6.96,0.0,1
CHEMBL262,O=c1c(O)c(-c2ccc(O)c(O)c2)oc2cc(O)cc(O)c12,5.7,0.0,1
CHEMBL262,O=c1cc(-c2ccc(O)c(O)c2)oc2cc(O)cc(O)c12,5.82,0.0,1
CHEMBL262,O=c1cc(-c2ccc(O)cc2)oc2cc(O)cc(O)c12,5.72,0.0,1
CHEMBL262,O=c1cc(-c2ccncc2)nc(-c2ccccc2)[nH]1,5.75,0.0,1
CHEMBL262,O=c1cc(-c2ccncc2)nc(CCCc2ccccc2)[nH]1,6.3,0.0,1
CHEMBL262,O=c1cc(-c2ccncc2)nc(CCCc2ccccc2)n1Cc1ccccc1,5.66,0.0,1
CHEMBL262,O=c1cc(-c2ccncc2)nc(CCc2ccccc2)[nH]1,5.05,0.0,1
CHEMBL262,O=c1cc(-c2ccncc2)nc(Cc2ccccc2)[nH]1,5.89,0.0,1
CHEMBL262,O=c1oc2c(O)c(O)cc3c(=O)oc4c(O)c(O)cc1c4c23,5.12,0.0,1
CHEMBL262,O=c1sn(-c2cccc3ccccc23)c(=O)n1Cc1ccccc1,6.791428571428571,0.9016730481245884,7
CHEMBL262,O=c1sn(-c2ccccc2)c(=O)n1CCCl,6.26,0.0,1
CHEMBL262,O=c1sn(-c2ccccc2)c(=S)n1-c1ccccc1,5.1,0.0,1
CHEMBL262,O=c1sn(CCc2ccccc2)c(=O)n1Cc1ccc(F)cc1,5.73,0.0,1
CHEMBL262,O=c1sn(CCc2ccccc2)c(=O)n1Cc1ccccc1,5.52,0.0,1
CHEMBL262,O=c1sn(Cc2ccccc2)c(=O)n1Cc1ccccc1,5.0,0.0,1
CHEMBL262,O=c1sn(Cc2ccccc2)c(=S)n1Cc1ccccc1,5.0,0.0,1
CHEMBL262,OC(CCl)c1sc(Br)c(Br)c1Br,4.12,0.0,1
CHEMBL262,OC1(c2ccccc2)CSC(=S)N1Cc1cccnc1,6.6,0.0,1
CHEMBL262,OC1(c2ccccc2)CSC(=S)N1Cc1ccncc1,7.109999999999999,0.7472616676907763,3
CHEMBL262,OC12CC3CC(C1)CC(Nc1nc(N[C@H]4CC[C@H](O)CC4)ncc1Br)(C3)C2,6.9,0.0,1
CHEMBL262,OC12CC3CC(C1)CC(Nc1nc(N[C@H]4CC[C@H](O)CC4)ncc1C(F)(F)F)(C3)C2,7.39,0.0,1
CHEMBL262,OC12CC3CC(C1)CC(Nc1nc(N[C@H]4CC[C@H](O)CC4)ncc1Cl)(C3)C2,6.64,0.0,1
CHEMBL262,OC12CC3CC(C1)CC(n1nnc4cnc(N[C@H]5CC[C@H](O)CC5)nc41)(C3)C2,6.13,0.0,1
CHEMBL262,OCC/N=c1/nc(-c2ccccc2)n(-c2ccccc2)s1,5.71,0.0,1
CHEMBL262,OCC/N=c1\nc(-c2cccc3ccccc23)n(-c2ccccc2)s1,6.52,0.0,1
CHEMBL262,OCC/N=c1\nc(-c2ccccc2)n(-c2cccc3ccccc23)s1,6.52,0.0,1
CHEMBL262,OCC/N=c1\nc(-c2ccccc2)n(-c2ccccc2)s1,5.96,0.3676955262170044,2
CHEMBL262,OC[C@@H](Nc1ncnc2ccc(-c3c[nH]c4ncccc34)cc12)c1ccccc1,7.48,0.0,1
CHEMBL262,O[C@@H](CNc1ncnc2ccc(-c3c[nH]c4ncccc34)cc12)c1ccccc1,7.67,0.0,1
CHEMBL262,O[C@H]1CC[C@H](Nc2ncc3nnn(-c4ccccc4)c3n2)CC1,6.55,0.0,1
CHEMBL262,O[C@H]1CC[C@H](c2n[nH]cc2-c2ccnc(NC3CCCC3)n2)CC1,5.72,0.0,1
CHEMBL262,O[C@]12C=C(c3[nH]ccc4c5ccccc5nc3-4)[C@@H]3CCN(CCCC/C=C\CC1)C[C@@]31C[C@@H]3/C=C\CCCCN3[C@H]12,5.08,0.0,1
CHEMBL262,O[C@]12C=C(c3nccc4c3[nH]c3ccccc34)[C@@H]3CCN(CCCC/C=C\CC1)C[C@@]31C[C@@H]3/C=C\CCCCN3[C@H]12,4.966666666666667,0.04932882862316244,3
CHEMBL262,Oc1ccc(Nc2ncnc3[nH]cnc23)cc1CN(CCCl)CCCl,7.97,0.0,1
CHEMBL262,Oc1ccc2[nH]c3c(C4=C[C@@]5(O)CC/C=C\CCCCN6CCC4[C@]4(C[C@@H]7/C=C\CCCCN7[C@H]45)C6)nccc3c2c1,4.78,0.0,1
CHEMBL262,Oc1ccc2c(-c3ccnc(NC4CC4)n3)cnn2n1,4.6,0.0,1
CHEMBL262,Oc1cccc2c1[nH]c1c(C3=C[C@@]4(O)CC/C=C\CCCCN5CCC3[C@]3(C[C@@H]6/C=C\CCCCN6[C@H]34)C5)nccc12,5.32,0.0,1
CHEMBL262,Oc1cccc2c1[nH]c1c(C3=C[C@@]4(O)CC/C=C\CCCCN5CC[C@@H]3[C@]3(CC6/C=C\CCCCN6[C@H]34)C5)nccc12,5.32,0.0,1
CHEMBL262,c1cc(-c2cnn3nc(N4CCCC4)ccc23)nc(NC2CC2)n1,4.6,0.0,1
CHEMBL262,c1cc(-c2cnn3nc(N4CCOCC4)ccc23)nc(NC2CC2)n1,4.6,0.0,1
CHEMBL262,c1cc(-c2cnn3nc(NC4CCCC4)ccc23)nc(NC2CC2)n1,4.6,0.0,1
CHEMBL262,c1cc(-c2cnnn2C2C3CC4CC(C3)CC2C4)ccn1,5.58,0.0,1
CHEMBL262,c1cc(-c2nnn[nH]2)ccc1CSc1nnc(-c2ccc3c(c2)OCO3)o1,6.76,0.0,1
CHEMBL262,c1cc(Nc2nccc(-c3cnn4ncccc34)n2)cc(-c2cocn2)c1,8.1,0.0,1
CHEMBL262,c1ccc(-c2ccc(CSc3nnc(-c4ccc5c(c4)OCCO5)o3)cc2)cc1,6.63,0.0,1
CHEMBL262,c1ccc(-c2ccc(CSc3nnc(-c4ccc5c(c4)OCO5)o3)cc2)cc1,6.75,0.0,1
CHEMBL262,c1ccc(-c2ccc(CSc3nnc(-c4ccncc4)o3)cc2)cc1,7.08,0.0,1
CHEMBL262,c1ccc(-c2cccc3nc(-c4cncnc4)nc(NCc4ccccn4)c23)cc1,4.3,0.0,2
CHEMBL262,c1ccc(-c2cnc3cnc(-c4ccncc4)cn23)cc1,5.51,0.0,1
CHEMBL262,c1ccc(-c2n/c(=N/CCN3CCOCC3)sn2-c2ccccc2)cc1,6.06,0.0,1
CHEMBL262,c1ccc(-c2n/c(=N/Cc3cccnc3)sn2-c2ccccc2)cc1,5.89,0.0,1
CHEMBL262,c1ccc(-c2n/c(=N\C3CCCCC3)sn2-c2ccccc2)cc1,5.68,0.0,1
CHEMBL262,c1ccc(-c2n/c(=N\CCN3CCOCC3)sn2-c2ccccc2)cc1,6.05,0.0,1
CHEMBL262,c1ccc(-c2n/c(=N\Cc3cccnc3)sn2-c2cccc3ccccc23)cc1,5.7,0.0,1
CHEMBL262,c1ccc(-c2n/c(=N\Cc3cccnc3)sn2-c2ccccc2)cc1,5.89,0.0,1
CHEMBL262,c1ccc(-c2nc3c(CNc4cccnc4)ccnc3[nH]2)cc1,8.1,0.0,1
CHEMBL262,c1ccc(-c2noc(CSc3nnc(-c4ccncc4)o3)n2)cc1,6.28,0.0,1
CHEMBL262,c1ccc(-n2s/c(=N/Cc3cccnc3)nc2-c2cccc3ccccc23)cc1,5.865,0.261629509039023,2
CHEMBL262,c1ccc(/N=c2/nc(-c3ccccc3)n(-c3ccccc3)s2)cc1,6.05,0.0,1
CHEMBL262,c1ccc(/N=c2\nc(-c3ccccc3)n(-c3ccccc3)s2)cc1,5.55,0.0,1
CHEMBL262,c1ccc(CCSc2nnc(-c3ccncc3)o2)cc1,4.54,0.0,1
CHEMBL262,c1ccc(CNc2nc(Nc3cc(C4CC4)[nH]n3)c3sccc3n2)cc1,8.38,0.0,1
CHEMBL262,c1ccc(CSc2nnc(-c3ccc4c(c3)CCO4)o2)cc1,6.68,0.0,1
CHEMBL262,c1ccc(CSc2nnc(-c3ccncc3)o2)cc1,5.525,0.5020458146424484,2
CHEMBL262,c1ccc(Cn2cc(-c3ccc4nccnc4c3)nn2)cc1,5.02,0.0,1
CHEMBL262,c1ccc(Cn2s/c(=N/Cc3cccnc3)nc2-c2ccccc2)cc1,5.96,0.0,1
CHEMBL262,c1ccc(Nc2ncc3nnn(-c4ccccc4)c3n2)cc1,6.2,0.0,1
CHEMBL262,c1ccc(Nc2nccc(-c3cnn4ncccc34)n2)cc1,7.6,0.14142135623730995,2
CHEMBL262,c1ccc(Nc2ncnc3[nH]c(-c4ccccc4)nc23)cc1,7.8,0.0,1
CHEMBL262,c1ccc(Nc2nnc(-c3ccccc3)o2)cc1,6.01,0.0,1
CHEMBL262,c1ccc2c(-c3cnc4cnc(-c5cn[nH]c5)cn34)c[nH]c2c1,5.23,0.0,1
CHEMBL262,c1cnc2cc(-c3cnnn3C3C4CC5CC(C4)CC3C5)ccc2n1,5.55,0.0,1
CHEMBL262,c1cnn2ncc(-c3ccnc(NC4CC4)n3)c2c1,5.8,0.0,1
CHEMBL262,c1cnn2ncc(-c3ccnc(NCCCN4CCOCC4)n3)c2c1,4.5,0.0,1
CHEMBL262,c1cnn2ncc(-c3ccnc(Nc4ccc5c(c4)OCCO5)n3)c2c1,9.0,0.0,1
CHEMBL262,c1nc(N2CCC3(CCCNC3)CC2)c2nc[nH]c2n1,4.26,0.0,1
