chembl_id,smiles,pchembl_value,pchembl_std,n_records
CHEMBL3650,C#CC(=O)N1CCC(c2nc(C#Cc3cc(OC)cc(OC)c3)c3c(N)nccn23)C1,6.56,0.0,1
CHEMBL3650,C#CC(=O)N1CCC(n2cc(-c3cc4cc(C)cc(OC)c4s3)c3c(N)ncnc32)C1,9.52,0.0,1
CHEMBL3650,C#CC(=O)N1CCC(n2nc3c(=O)[nH]nc(N)c3c2-c2oc3ccc(C)cc3c2C)CC1,9.05,0.0,1
CHEMBL3650,C#CC(=O)N1CCCC(n2nc3c(=O)[nH]nc(N)c3c2-c2oc3ccc(C)cc3c2C)C1,8.41,0.0,1
CHEMBL3650,C#CC(=O)N1CC[C@H](n2nc(C#Cc3cc(OC)cc(OC)c3)c3c(N)ncnc32)C1,8.85,0.0,1
CHEMBL3650,C#CC(=O)Nc1ccccc1Nc1cc(N(C)C(=O)Nc2c(Cl)c(OC)cc(OC)c2Cl)ncn1,7.38,0.0,1
CHEMBL3650,C#CCN(C)Cc1ccc2cc(C(=O)c3cnn(-c4ccc5[nH]c(C)nc5c4)c3N)[nH]c2c1,7.77,0.0,1
CHEMBL3650,C#CCN(c1cc(OC)cc(OC)c1)c1ccc2ncc(-c3cnn(C)c3)nc2c1,8.69,0.0,1
CHEMBL3650,C#CCN(c1cc(OC)cc(OC)c1)c1ccc2ncc(-c3cnn(CC4CCOCC4)c3)nc2c1,8.26,0.0,1
CHEMBL3650,C#CCN(c1ccc2ncc(-c3cnn(C)c3)nc2c1)c1c(Cl)c(OC)cc(OC)c1Cl,7.69,0.0,1
CHEMBL3650,C#CCN(c1ccc2ncc(-c3cnn(C)c3)nc2c1)c1c(F)c(OC)cc(OC)c1F,9.03,0.0,1
CHEMBL3650,C#CCNc1ncc2cc(-c3c(Cl)c(OC)cc(OC)c3Cl)c(=O)n(CCCN3CCN(C(=O)C=C)CC3)c2n1,8.344999999999999,0.0919238815542511,2
CHEMBL3650,C#CCNc1ncc2cc(-c3cc(OC)cc(OC)c3Cl)c(=O)n(CCCN3CCN(C(=O)C=C)CC3)c2n1,8.24,0.0,1
CHEMBL3650,C#Cc1cccc2[nH]c(C(=O)c3cnn(-c4ccc5[nH]c(C)nc5c4)c3N)cc12,7.11,0.0,1
CHEMBL3650,C#Cc1nc2ccc(-c3c(-c4ccc(Oc5nccc(C)n5)cc4)c(C(N)=O)c4cnc(C)cn34)cc2n1C,6.84,0.0,1
CHEMBL3650,C/C=C(\C)C(=O)N1CCC(n2nc3c(=O)[nH]nc(N)c3c2-c2oc3ccc(C)cc3c2C)CC1,7.4,0.0,1
CHEMBL3650,C/C=C/C(=O)N1CC(N(C)CCn2c(=O)c(-c3c(Cl)c(OC)cc(OC)c3Cl)cc3cnc(NC)nc32)C1,7.965,0.4596194077712558,2
CHEMBL3650,C/C=C/C(=O)N1CC(OCCn2c(=O)c(-c3c(Cl)c(OC)cc(OC)c3Cl)cc3cnc(NC)nc32)C1,7.84,0.0,1
CHEMBL3650,C/C=C/C(=O)N1CCCC(n2nc3c(=O)[nH]nc(N)c3c2-c2oc3ccc(C)cc3c2C)C1,7.17,0.0,1
CHEMBL3650,C/C=C/C(=O)N1CCN(CCCn2c(=O)c(-c3c(Cl)c(OC)cc(OC)c3Cl)cc3cnc(N)nc32)CC1,8.28,0.0,1
CHEMBL3650,C/C=C/C(=O)N1CCN(CCCn2c(=O)c(-c3c(Cl)c(OC)cc(OC)c3Cl)cc3cnc(NC)nc32)CC1,8.065,0.7141778489984132,2
CHEMBL3650,C/C=C\C(=O)Nc1ccccc1Nc1cc(N(C)C(=O)Nc2c(Cl)c(OC)cc(OC)c2Cl)ncn1,5.13,0.0,1
CHEMBL3650,C=C(C)C(=O)N1CCC(n2nc3c(=O)[nH]nc(N)c3c2-c2oc3ccc(C)cc3c2C)CC1,7.5,0.0,1
CHEMBL3650,C=C(C)C(=O)Nc1ccc(-c2c(-c3ccc(Oc4nccc(C)n4)c(F)c3)c3c(N)ncnc3n2C)cc1,5.885,0.24748737341529137,2
CHEMBL3650,C=C(C)C(=O)Nc1ccc(Cn2cnc3c(Cl)ncnc32)cc1,8.75,0.0,1
CHEMBL3650,C=C(CN(C)C)C(=O)N1CCC(n2cc(-c3cc4cc(C)cc(OC)c4s3)c3c(N)ncnc32)C1,9.05,0.0,1
CHEMBL3650,C=C(CN(C)C)C(=O)Nc1ccc(-c2c(-c3ccc(Oc4nccc(C)n4)cc3)c(C(N)=O)c3cnc(C)cn23)cc1,6.3,0.0,1
CHEMBL3650,C=C(CO)C(=O)Nc1ccc(-c2c(-c3ccc(Oc4nccc(C)n4)cc3)c(C(N)=O)c3cnc(C)cn23)cc1,5.46,0.0,1
CHEMBL3650,C=C(COC)C(=O)Nc1ccc(-c2c(-c3ccc(Oc4nccc(C)n4)cc3)c(C(N)=O)c3cnc(C)cn23)cc1,5.73,0.0,1
CHEMBL3650,C=C(F)C(=O)N1CCC(n2nc3c(=O)[nH]nc(N)c3c2-c2oc3ccc(C)cc3c2C)CC1,7.63,0.0,1
CHEMBL3650,C=C(F)C(=O)N1CCCC(n2nc3c(=O)[nH]nc(N)c3c2-c2oc3ccc(C)cc3c2C)C1,6.97,0.0,1
CHEMBL3650,C=C(F)C(=O)N1CC[C@H](n2nc(C#Cc3cc(OC)cc(OC)c3)c(C(N)=O)c2N)C1,6.26,0.0,1
CHEMBL3650,C=C(F)C(=O)N1CCc2cc(-c3c(-c4ccc(Oc5nccc(C)n5)cc4)c(C(N)=O)c4cnc(C)cn34)ccc21,6.2,0.0,1
CHEMBL3650,C=C(F)C(=O)Nc1ccc(-c2c(-c3ccc(Oc4nccc(C)n4)c(F)c3)c(C(N)=O)c3cnc(C)cn23)c(C)c1,7.52,0.0,1
CHEMBL3650,C=C(F)C(=O)Nc1ccc(-c2c(-c3ccc(Oc4nccc(C)n4)c(F)c3)c(C(N)=O)c3cnc(C)cn23)c(F)c1,7.66,0.0,1
CHEMBL3650,C=C(F)C(=O)Nc1ccc(-c2c(-c3ccc(Oc4nccc(C)n4)c(F)c3)c(C(N)=O)c3cnc(C)cn23)cc1,7.14,0.0,1
CHEMBL3650,C=C(F)C(=O)Nc1ccc(-c2c(-c3ccc(Oc4nccc(C)n4)c(F)c3)c(C(N)=O)c3cnc(C)cn23)cc1F,6.45,0.0,1
CHEMBL3650,C=C(F)C(=O)Nc1ccc(-c2c(-c3ccc(Oc4nccc(C)n4)c(OC)c3)c(C(N)=O)c3cnc(C)cn23)cc1,6.23,0.0,1
CHEMBL3650,C=C(F)C(=O)Nc1ccc(-c2c(-c3ccc(Oc4nccc(C)n4)cc3)c(C(N)=O)c3cnc(C)cn23)c(CO)c1,6.79,0.0,1
CHEMBL3650,C=C(F)C(=O)Nc1ccc(-c2c(-c3ccc(Oc4nccc(C)n4)cc3)c(C(N)=O)c3cnc(C)cn23)c(F)c1,7.35,0.0,1
CHEMBL3650,C=C(F)C(=O)Nc1ccc(-c2c(-c3ccc(Oc4nccc(C)n4)cc3)c(C(N)=O)c3cnc(C)cn23)cc1,6.17,0.9616652224137042,2
CHEMBL3650,C=C(F)C(=O)Nc1ccc(-c2c(-c3ccc(Oc4nccc(C)n4)cc3)c(C(N)=O)c3cnc(C)cn23)nc1,6.1,0.0,1
CHEMBL3650,C=C(F)C(=O)Nc1ccc(-c2c(-c3ccc(Oc4nccc(C)n4)cc3C)c(C(N)=O)c3cnc(C)cn23)cc1,5.67,0.0,1
CHEMBL3650,C=C(F)C(=O)Nc1ccc(-c2c(-c3ccc(Oc4nccc(C)n4)cc3F)c(C(N)=O)c3cnc(C)cn23)cc1,6.69,0.0,1
CHEMBL3650,C=C(F)C(=O)Nc1cccc(-c2c(-c3ccc(Oc4nccc(C)n4)cc3)c(C(N)=O)c3cnc(C)cn23)c1,5.12,0.0,1
CHEMBL3650,C=CC(=O)N(C)c1cc(N2CCN(CC)CC2)ccc1Nc1cc(N(C)C(=O)Nc2c(Cl)c(OC)cc(OC)c2Cl)ncn1,6.53,0.0,1
CHEMBL3650,C=CC(=O)N(C)c1cc2c(cn1)CN(c1c(F)c(OC)cc(OC)c1F)C(=O)C21CC1,6.94,0.0,1
CHEMBL3650,C=CC(=O)N(C)c1ccc(CCn2c(=O)c(-c3cc(OC)cc(OC)c3Cl)cc3cnc(NC)nc32)cc1,8.33,0.0,1
CHEMBL3650,C=CC(=O)N(C)c1cccc(-c2cc3c(cn2)CN(c2c(F)c(OC)cc(OC)c2F)C(=O)C32CC2)c1,6.94,0.0,1
CHEMBL3650,C=CC(=O)N(C)c1cccc(CCn2c(=O)c(-c3cc(OC)cc(OC)c3Cl)cc3cnc(NC)nc32)c1,8.03,0.0,1
CHEMBL3650,C=CC(=O)N1CC(C)(OCCn2c(=O)c(-c3c(Cl)c(OC)cc(OC)c3Cl)cc3cnc(NC)nc32)C1,8.379999999999999,0.08485281374238453,2
CHEMBL3650,C=CC(=O)N1CC(N(C)CCn2c(=O)c(-c3c(Cl)c(OC)cc(OC)c3Cl)cc3cnc(N)nc32)C1,9.055,0.1343502884254443,2
CHEMBL3650,C=CC(=O)N1CC(N(C)CCn2c(=O)c(-c3c(Cl)c(OC)cc(OC)c3Cl)cc3cnc(NC)nc32)C1,8.786666666666667,0.2797022226106421,3
CHEMBL3650,C=CC(=O)N1CC(N(C)CCn2c(=O)c(-c3c(Cl)c(OC)cc(OC)c3Cl)cc3cnc(NCC)nc32)C1,8.995000000000001,0.14849242404917495,2
CHEMBL3650,C=CC(=O)N1CC(N(C)CCn2c(=O)c(-c3c(Cl)c(OC)cc(OC)c3Cl)cc3cnc(NCCN4CCOCC4)nc32)C1,8.775,0.16263455967290624,2
CHEMBL3650,C=CC(=O)N1CC(N(C)CCn2c(=O)c(-c3c(Cl)c(OC)cc(OC)c3Cl)cc3cnc(N[C@@H](C)COC)nc32)C1,8.68,0.0,1
CHEMBL3650,C=CC(=O)N1CC(N(C)CCn2c(=O)c(-c3c(Cl)c(OC)cc(OC)c3Cl)cc3cnc(N[C@H](C)COC)nc32)C1,8.885,0.16263455967290624,2
CHEMBL3650,C=CC(=O)N1CC(N(C)[C@@H](C)Cn2c(=O)c(-c3c(Cl)c(OC)cc(OC)c3Cl)cc3cnc(NC)nc32)C1,8.66,0.0,1
CHEMBL3650,C=CC(=O)N1CC(N(C)[C@H](C)Cn2c(=O)c(-c3c(Cl)c(OC)cc(OC)c3Cl)cc3cnc(NC)nc32)C1,8.96,0.0,1
CHEMBL3650,C=CC(=O)N1CC(N(C)[C@H](Cn2c(=O)c(-c3c(Cl)c(OC)cc(OC)c3Cl)cc3cnc(NC)nc32)C(C)C)C1,8.38,0.0,1
CHEMBL3650,C=CC(=O)N1CC(N(CC)CCn2c(=O)c(-c3c(Cl)c(OC)cc(OC)c3Cl)cc3cnc(NC)nc32)C1,8.75,0.07071067811865576,2
CHEMBL3650,C=CC(=O)N1CC(N(CCO)CCn2c(=O)c(-c3c(Cl)c(OC)cc(OC)c3Cl)cc3cnc(NCC)cc32)C1,8.7,0.0,1
CHEMBL3650,C=CC(=O)N1CC(N(CCOC)CCn2c(=O)c(-c3c(Cl)c(OC)cc(OC)c3Cl)cc3cnc(N)nc32)C1,8.74,0.0,1
CHEMBL3650,C=CC(=O)N1CC(N(CCOC)CCn2c(=O)c(-c3c(Cl)c(OC)cc(OC)c3Cl)cc3cnc(NC)cc32)C1,9.15,0.0,1
CHEMBL3650,C=CC(=O)N1CC(N(CCOC)CCn2c(=O)c(-c3c(Cl)c(OC)cc(OC)c3Cl)cc3cnc(NC)nc32)C1,8.925,0.049497474683058526,2
CHEMBL3650,C=CC(=O)N1CC(N(CCOC)CCn2c(=O)c(-c3c(Cl)c(OC)cc(OC)c3Cl)cc3cnc(NCC)cc32)C1,8.7,0.0,1
CHEMBL3650,C=CC(=O)N1CC(N(CCOC)CCn2c(=O)c(-c3c(Cl)c(OC)cc(OC)c3Cl)cc3cnc(NCC)nc32)C1,8.77,0.0,1
CHEMBL3650,C=CC(=O)N1CC(N(CCn2c(=O)c(-c3c(Cl)c(OC)cc(OC)c3Cl)cc3cnc(NC)nc32)C(C)C)C1,8.68,0.0,1
CHEMBL3650,C=CC(=O)N1CC(N2C=C(C#Cc3cc(OC)cc(OC)c3)C3C(N)=NC=NC32)C1,8.92,0.0,1
CHEMBL3650,C=CC(=O)N1CC(N2CCCC2Cn2c(=O)c(-c3c(Cl)c(OC)cc(OC)c3Cl)cc3cnc(NC)nc32)C1,8.55,0.0,1
CHEMBL3650,C=CC(=O)N1CC(N2CCC[C@@H]2Cn2c(=O)c(-c3c(Cl)c(OC)cc(OC)c3Cl)cc3cnc(NC)nc32)C1,8.45,0.14142135623730964,2
CHEMBL3650,C=CC(=O)N1CC(N2CCC[C@H]2Cn2c(=O)c(-c3c(Cl)c(OC)cc(OC)c3Cl)cc3cnc(NC)nc32)C1,8.575,0.38890872965259976,2
CHEMBL3650,C=CC(=O)N1CC(NCCn2c(=O)c(-c3c(Cl)c(OC)cc(OC)c3Cl)cc3cnc(NC)nc32)C1,9.05,0.0,1
CHEMBL3650,C=CC(=O)N1CC(OC(C)(C)Cn2c(=O)c(-c3c(Cl)c(OC)cc(OC)c3Cl)cc3cnc(NC)nc32)C1,8.04,0.45254833995938987,2
CHEMBL3650,C=CC(=O)N1CC(OC(C)(C)Cn2c(=O)c(-c3cc(OC)cc(OC)c3Cl)cc3cnc(NC)nc32)C1,8.34,0.3676955262170044,2
CHEMBL3650,C=CC(=O)N1CC(OCCn2c(=O)c(-c3c(Cl)c(OC)cc(OC)c3Cl)cc3cnc(N)nc32)C1,8.77,0.0,1
CHEMBL3650,C=CC(=O)N1CC(OCCn2c(=O)c(-c3c(Cl)c(OC)cc(OC)c3Cl)cc3cnc(NC(=O)OC)nc32)C1,8.219999999999999,0.16970562748477094,2
CHEMBL3650,C=CC(=O)N1CC(OCCn2c(=O)c(-c3c(Cl)c(OC)cc(OC)c3Cl)cc3cnc(NC)cc32)C1,8.69,0.014142135623730649,2
CHEMBL3650,C=CC(=O)N1CC(OCCn2c(=O)c(-c3c(Cl)c(OC)cc(OC)c3Cl)cc3cnc(NC)nc32)C1,9.206666666666667,0.25324559884296804,3
CHEMBL3650,C=CC(=O)N1CC(OCCn2c(=O)c(-c3c(Cl)c(OC)cc(OC)c3Cl)cc3cnc(NC4CCN(C)CC4)nc32)C1,8.14,0.0,1
CHEMBL3650,C=CC(=O)N1CC(OCCn2c(=O)c(-c3c(Cl)c(OC)cc(OC)c3Cl)cc3cnc(NCC4CCN(C)CC4)nc32)C1,8.6,0.0,1
CHEMBL3650,C=CC(=O)N1CC(OCCn2c(=O)c(-c3c(Cl)c(OC)cc(OC)c3Cl)cc3cnc(NCC4CCN(CC)CC4)nc32)C1,8.530000000000001,0.5515432893255072,2
CHEMBL3650,C=CC(=O)N1CC(OCCn2c(=O)c(-c3c(Cl)c(OC)cc(OC)c3Cl)cc3cnc(NCCCCN(CC)CC)nc32)C1,8.535,0.40305086527633227,2
CHEMBL3650,C=CC(=O)N1CC(OCCn2c(=O)c(-c3c(Cl)c(OC)cc(OC)c3Cl)cc3cnc(NCCCN(C)C)nc32)C1,8.45,0.4525483399593889,2
CHEMBL3650,C=CC(=O)N1CC(OCCn2c(=O)c(-c3c(Cl)c(OC)cc(OC)c3Cl)cc3cnc(NCCCN(CC)CC)nc32)C1,8.01,0.0,1
CHEMBL3650,C=CC(=O)N1CC(OCCn2c(=O)c(-c3c(Cl)c(OC)cc(OC)c3Cl)cc3cnc(NCCCN4CCCC4)nc32)C1,8.16,0.0,1
CHEMBL3650,C=CC(=O)N1CC(OCCn2c(=O)c(-c3c(Cl)c(OC)cc(OC)c3Cl)cc3cnc(NCCCN4CCN(C)CC4)nc32)C1,8.47,0.0,1
CHEMBL3650,C=CC(=O)N1CC(OCCn2c(=O)c(-c3c(Cl)c(OC)cc(OC)c3Cl)cc3cnc(NCCCN4CCN(CC)CC4)nc32)C1,8.68,0.3394112549695431,2
CHEMBL3650,C=CC(=O)N1CC(OCCn2c(=O)c(-c3c(Cl)c(OC)cc(OC)c3Cl)cc3cnc(NCCCN4CCOCC4)nc32)C1,8.435,0.07778174593051983,2
CHEMBL3650,C=CC(=O)N1CC(OCCn2c(=O)c(-c3c(Cl)c(OC)cc(OC)c3Cl)cc3cnc(NCCN(C)C)nc32)C1,8.12,0.0,1
CHEMBL3650,C=CC(=O)N1CC(OCCn2c(=O)c(-c3c(Cl)c(OC)cc(OC)c3Cl)cc3cnc(NCCN(CC)CC)nc32)C1,7.4,0.0,1
CHEMBL3650,C=CC(=O)N1CC(OCCn2c(=O)c(-c3c(Cl)c(OC)cc(OC)c3Cl)cc3cnc(NCCN4CCCC4)nc32)C1,7.92,0.0,1
CHEMBL3650,C=CC(=O)N1CC(OCCn2c(=O)c(-c3c(Cl)c(OC)cc(OC)c3Cl)cc3cnc(NCCN4CCN(C)CC4)nc32)C1,8.32,0.5939696961966998,2
CHEMBL3650,C=CC(=O)N1CC(OCCn2c(=O)c(-c3c(Cl)c(OC)cc(OC)c3Cl)cc3cnc(NCCN4CCN(CC)CC4)nc32)C1,8.65,0.3818376618407351,2
CHEMBL3650,C=CC(=O)N1CC(OCCn2c(=O)c(-c3c(Cl)c(OC)cc(OC)c3Cl)cc3cnc(NCCN4CCOCC4)cc32)C1,8.485,0.007071067811865952,2
CHEMBL3650,C=CC(=O)N1CC(OCCn2c(=O)c(-c3c(Cl)c(OC)cc(OC)c3Cl)cc3cnc(NCCN4CCOCC4)nc32)C1,8.665,0.3181980515339465,2
CHEMBL3650,C=CC(=O)N1CC(OCCn2c(=O)c(-c3c(Cl)c(OC)cc(OC)c3Cl)cc3cnc(NCCOC)nc32)C1,8.8,0.0,1
CHEMBL3650,C=CC(=O)N1CC(OCCn2c(=O)c(-c3c(Cl)c(OC)cc(OC)c3Cl)cc3cnc(NCCOCCOC)nc32)C1,8.24,0.0,1
CHEMBL3650,C=CC(=O)N1CC(OCCn2c(=O)c(-c3c(Cl)c(OC)cc(OC)c3Cl)cc3cnc(N[C@@H](C)COC)cc32)C1,8.145,0.049497474683058526,2
CHEMBL3650,C=CC(=O)N1CC(OCCn2c(=O)c(-c3c(Cl)c(OC)cc(OC)c3Cl)cc3cnc(N[C@@H](C)COC)nc32)C1,8.35,0.4666904755831215,2
CHEMBL3650,C=CC(=O)N1CC(OCCn2c(=O)c(-c3c(Cl)c(OC)cc(OC)c3Cl)cc3cnc(N[C@H](C)COC)nc32)C1,8.55,0.5798275605729691,2
CHEMBL3650,C=CC(=O)N1CC(OCCn2c(=O)c(-c3c(Cl)c(OC)cc(OC)c3Cl)cc3cnc(N[C@H]4CC[C@H](O)CC4)nc32)C1,8.55,0.4808326112068521,2
CHEMBL3650,C=CC(=O)N1CC(OCCn2c(=O)c(-c3cc(OC)cc(OC)c3Cl)cc3cnc(N)nc32)C1,8.82,0.0,1
CHEMBL3650,C=CC(=O)N1CC(OCCn2c(=O)c(-c3cc(OC)cc(OC)c3Cl)cc3cnc(NC)nc32)C1,8.565,0.28991378028648457,2
CHEMBL3650,C=CC(=O)N1CC(OCCn2c(=O)c(-c3cc(OC)cc(OC)c3Cl)cc3cnc(NCCN4CCOCC4)nc32)C1,7.91,0.0,1
CHEMBL3650,C=CC(=O)N1CC(c2ccc(-c3c(-c4ccc(Oc5nccc(C)n5)cc4)c(C(N)=O)c4cnc(C)cn34)cc2)C1,5.48,0.0,1
CHEMBL3650,C=CC(=O)N1CC(c2nc(C#Cc3cc(OC)cc(OC)c3)c3c(N)nccn23)C1,6.56,0.0,1
CHEMBL3650,C=CC(=O)N1CC(n2cc(-c3c(-c4ccc(Oc5nccc(C)n5)cc4)c(C(N)=O)c4cnc(C)cn34)cn2)C1,5.59,0.0,1
CHEMBL3650,C=CC(=O)N1CC(n2cc(-c3cc4c(OC)ccc(OC)c4s3)c3c(N)ncnc32)C1,8.36,0.0,1
CHEMBL3650,C=CC(=O)N1CC(n2cc(-c3cc4cc(C)cc(OC)c4o3)c3c(N)ncnc32)C1,6.98,0.0,1
CHEMBL3650,C=CC(=O)N1CC(n2cc(-c3cc4cc(C)cc(OC)c4s3)c3c(N)nc(Cl)nc32)C1,8.05,0.0,1
CHEMBL3650,C=CC(=O)N1CC(n2cc(-c3cc4cc(C)cc(OC)c4s3)c3c(N)ncnc32)C1,9.22,0.0,1
CHEMBL3650,C=CC(=O)N1CC(n2cc(-c3cc4cc(OC)ccc4s3)c3c(N)ncnc32)C1,8.7,0.0,1
CHEMBL3650,C=CC(=O)N1CC(n2cc(-c3cc4ccc(OC)cc4s3)c3c(N)ncnc32)C1,8.54,0.0,1
CHEMBL3650,C=CC(=O)N1CC(n2cc(-c3cc4cccc(OC)c4s3)c3c(N)ncnc32)C1,9.1,0.0,1
CHEMBL3650,C=CC(=O)N1CC(n2cc(-c3cc4ccccc4s3)c3c(N)ncnc32)C1,8.42,0.0,1
CHEMBL3650,C=CC(=O)N1CC(n2cc(C(N)=O)c(C#Cc3cc(OC)cc(OC)c3)n2)C1,6.26,0.0,1
CHEMBL3650,C=CC(=O)N1CC(n2nc(C#Cc3cc(OC)cc(OC)c3)c3c(N)ncnc32)C1,8.705,0.30405591591021525,2
CHEMBL3650,C=CC(=O)N1CC2(CN(CCCc3nc4c(-c5c(Cl)c(OC)cc(OC)c5Cl)cc5cnc(NC)nc5n4n3)C2)C1,8.26,0.0,1
CHEMBL3650,C=CC(=O)N1CCC(CCCc2nc3c(-c4c(Cl)c(OC)cc(OC)c4Cl)cc4cnc(NC)nc4n3n2)CC1,8.26,0.0,1
CHEMBL3650,C=CC(=O)N1CCC(Cn2nc(C#Cc3cc(OC)cc(OC)c3)c(C(N)=O)c2N)C1,7.26,0.0,1
CHEMBL3650,C=CC(=O)N1CCC(N(C)CCCc2nc3c(-c4c(Cl)c(OC)cc(OC)c4Cl)cc4cnc(NC)nc4n3n2)CC1,8.26,0.0,1
CHEMBL3650,C=CC(=O)N1CCC(N(C)CCn2c(=O)c(-c3c(Cl)c(OC)cc(OC)c3Cl)cc3cnc(N)nc32)CC1,8.57,0.0,1
CHEMBL3650,C=CC(=O)N1CCC(N(C)CCn2c(=O)c(-c3c(Cl)c(OC)cc(OC)c3Cl)cc3cnc(NC(C)C)nc32)CC1,8.89,0.0,1
CHEMBL3650,C=CC(=O)N1CCC(N(C)CCn2c(=O)c(-c3c(Cl)c(OC)cc(OC)c3Cl)cc3cnc(NC)cc32)CC1,8.59,0.0,1
CHEMBL3650,C=CC(=O)N1CCC(N(C)CCn2c(=O)c(-c3c(Cl)c(OC)cc(OC)c3Cl)cc3cnc(NC)nc32)CC1,8.56,0.22869193252058526,3
CHEMBL3650,C=CC(=O)N1CCC(N(C)CCn2c(=O)c(-c3c(Cl)c(OC)cc(OC)c3Cl)cc3cnc(NCC)cc32)CC1,8.77,0.0,1
CHEMBL3650,C=CC(=O)N1CCC(N(C)CCn2c(=O)c(-c3c(Cl)c(OC)cc(OC)c3Cl)cc3cnc(NCC)nc32)CC1,8.85,0.0,1
CHEMBL3650,C=CC(=O)N1CCC(N(CC)CCn2c(=O)c(-c3c(Cl)c(OC)cc(OC)c3Cl)cc3cnc(NC(C)C)nc32)CC1,8.54,0.0,1
CHEMBL3650,C=CC(=O)N1CCC(N(CC)CCn2c(=O)c(-c3c(Cl)c(OC)cc(OC)c3Cl)cc3cnc(NC)nc32)CC1,8.51,0.0,1
CHEMBL3650,C=CC(=O)N1CCC(N(CC)CCn2c(=O)c(-c3c(Cl)c(OC)cc(OC)c3Cl)cc3cnc(NCC)nc32)CC1,8.72,0.0,1
CHEMBL3650,C=CC(=O)N1CCC(N(CCOC)CCn2c(=O)c(-c3c(Cl)c(OC)cc(OC)c3Cl)cc3cnc(NC)cc32)CC1,8.72,0.0,1
CHEMBL3650,C=CC(=O)N1CCC(OCCn2c(=O)c(-c3c(Cl)c(OC)cc(OC)c3Cl)cc3cnc(NC)nc32)C1,8.503333333333332,0.34297716153314606,3
CHEMBL3650,C=CC(=O)N1CCC(OCCn2c(=O)c(-c3c(Cl)c(OC)cc(OC)c3Cl)cc3cnc(NCC(C)(C)O)nc32)CC1,8.56,0.43485629810317755,3
CHEMBL3650,C=CC(=O)N1CCC(OCCn2c(=O)c(-c3c(Cl)c(OC)cc(OC)c3Cl)cc3cnc(NCC)nc32)CC1,8.74,0.4384062043356602,2
CHEMBL3650,C=CC(=O)N1CCC(OCCn2c(=O)c(-c3c(Cl)c(OC)cc(OC)c3Cl)cc3cnc(NCC4CC4)nc32)CC1,8.255,0.6576093065034899,2
CHEMBL3650,C=CC(=O)N1CCC(c2cc3c(Oc4ccc(NC(=O)NC5CC5)c(Cl)c4)ccnc3cc2OC)CC1,8.0,0.0,1
CHEMBL3650,C=CC(=O)N1CCC(c2cc3c(Oc4ccc(NC(=O)NC5CC5)c(Cl)c4)ccnc3cc2OCC)CC1,8.35,0.0,1
CHEMBL3650,C=CC(=O)N1CCC(n2cc(-c3cc(OC)cc(OC)c3)c3c(N)ncnc32)C1,7.51,0.0,1
CHEMBL3650,C=CC(=O)N1CCC(n2cc(-c3cc4cc(C)cc(OC)c4s3)c3c(N)nc(C)nc32)C1,6.79,0.0,1
CHEMBL3650,C=CC(=O)N1CCC(n2cc(-c3cc4cc(C)cc(OC)c4s3)c3c(N)nc(N)nc32)C1,7.39,0.0,1
CHEMBL3650,C=CC(=O)N1CCC(n2cc(-c3cc4cc(C)cc(OC)c4s3)c3c(N)ncnc32)CC1,9.22,0.0,1
CHEMBL3650,C=CC(=O)N1CCC(n2cc(-c3cc4cc(OC)cc(OC)c4s3)c3c(N)ncnc32)C1,8.59,0.0,1
CHEMBL3650,C=CC(=O)N1CCC(n2cc(-c3cc4cccc(C)c4s3)c3c(N)ncnc32)C1,8.68,0.0,1
CHEMBL3650,C=CC(=O)N1CCC(n2cc(-c3cc4cccc(OC)c4s3)c3c(N)ncnc32)C1,9.1,0.0,1
CHEMBL3650,C=CC(=O)N1CCC(n2cc(-c3cc4ccccc4o3)c3c(N)ncnc32)C1,6.41,0.0,1
CHEMBL3650,C=CC(=O)N1CCC(n2nc(C#Cc3cc(OC)cc(OC)c3)c(C(N)=O)c2N)CC1,6.26,0.0,1
CHEMBL3650,C=CC(=O)N1CCC(n2nc3c(=O)[nH]nc(N)c3c2-c2oc3cc(C)ccc3c2C)CC1,8.64,0.0,1
CHEMBL3650,C=CC(=O)N1CCC(n2nc3c(=O)[nH]nc(N)c3c2-c2oc3cc(F)ccc3c2C)CC1,8.19,0.0,1
CHEMBL3650,C=CC(=O)N1CCC(n2nc3c(=O)[nH]nc(N)c3c2-c2oc3cc(OC)cc(OC)c3c2C)CC1,7.07,0.0,1
CHEMBL3650,C=CC(=O)N1CCC(n2nc3c(=O)[nH]nc(N)c3c2-c2oc3cc(OC)ccc3c2C)CC1,6.99,0.0,1
CHEMBL3650,C=CC(=O)N1CCC(n2nc3c(=O)[nH]nc(N)c3c2-c2oc3ccc(C)cc3c2C)CC1,8.1,0.0,1
CHEMBL3650,C=CC(=O)N1CCC(n2nc3c(=O)[nH]nc(N)c3c2-c2oc3ccc(Cl)cc3c2C)CC1,8.7,0.0,1
CHEMBL3650,C=CC(=O)N1CCC(n2nc3c(=O)[nH]nc(N)c3c2-c2oc3cccc(OC)c3c2C)CC1,6.95,0.0,1
CHEMBL3650,C=CC(=O)N1CCCC(OCCn2c(=O)c(-c3c(Cl)c(OC)cc(OC)c3Cl)cc3cnc(NC)nc32)C1,8.62,0.47085029467974154,3
CHEMBL3650,C=CC(=O)N1CCCC(n2cc(-c3cc4cc(C)cc(OC)c4s3)c3c(N)ncnc32)C1,8.59,0.0,1
CHEMBL3650,C=CC(=O)N1CCCC(n2nc3c(=O)[nH]nc(N)c3c2-c2oc3ccc(Cl)cc3c2C)C1,8.19,0.0,1
CHEMBL3650,C=CC(=O)N1CCCC1Cn1cc(-c2cc3cc(C)cc(OC)c3s2)c2c(N)ncnc21,8.6,0.0,1
CHEMBL3650,C=CC(=O)N1CCN(CC(C)(C)Cn2c(=O)c(-c3c(Cl)c(OC)cc(OC)c3Cl)cc3cnc(NC)nc32)CC1,8.55,0.0,1
CHEMBL3650,C=CC(=O)N1CCN(CC(C)(C)Cn2c(=O)c(-c3cc(OC)cc(OC)c3Cl)cc3cnc(NC)nc32)CC1,8.065,0.8414570696119915,2
CHEMBL3650,C=CC(=O)N1CCN(CC2(Cn3c(=O)c(-c4c(Cl)c(OC)cc(OC)c4Cl)cc4cnc(NC)nc43)CC2)CC1,8.895,0.21920310216782946,2
CHEMBL3650,C=CC(=O)N1CCN(CC2(Cn3c(=O)c(-c4cc(OC)cc(OC)c4Cl)cc4cnc(NC)nc43)CC2)CC1,8.629999999999999,0.042426406871192576,2
CHEMBL3650,C=CC(=O)N1CCN(CCCN2CN3C(=N2)C(c2cc(OC)cc(OC)c2Cl)=Cc2cnc(NC)nc23)CC1,8.89,0.0,1
CHEMBL3650,C=CC(=O)N1CCN(CCCc2nc3c(-c4c(Cl)c(OC)cc(OC)c4Cl)cc4cnc(NC)nc4n3n2)C(C)(C)C1,8.26,0.0,1
CHEMBL3650,C=CC(=O)N1CCN(CCCc2nc3c(-c4c(Cl)c(OC)cc(OC)c4Cl)cc4cnc(NC)nc4n3n2)CC1,8.26,0.0,1
CHEMBL3650,C=CC(=O)N1CCN(CCCn2c(=O)c(-c3c(Cl)c(O)cc(OC)c3Cl)cc3cnc(NC)nc32)CC1,9.1,0.0,1
CHEMBL3650,C=CC(=O)N1CCN(CCCn2c(=O)c(-c3c(Cl)c(OC)cc(OC)c3Cl)cc3cnc(N)cc32)CC1,8.85,0.0,1
CHEMBL3650,C=CC(=O)N1CCN(CCCn2c(=O)c(-c3c(Cl)c(OC)cc(OC)c3Cl)cc3cnc(N)nc32)CC1,8.705,0.26162950903902327,2
CHEMBL3650,C=CC(=O)N1CCN(CCCn2c(=O)c(-c3c(Cl)c(OC)cc(OC)c3Cl)cc3cnc(NC(=O)OC)nc32)CC1,8.135,0.5444722215136413,2
CHEMBL3650,C=CC(=O)N1CCN(CCCn2c(=O)c(-c3c(Cl)c(OC)cc(OC)c3Cl)cc3cnc(NC(C)=O)nc32)CC1,8.434999999999999,0.3747665940288691,2
CHEMBL3650,C=CC(=O)N1CCN(CCCn2c(=O)c(-c3c(Cl)c(OC)cc(OC)c3Cl)cc3cnc(NC(C)C)nc32)CC1,8.985,0.5868986283848339,2
CHEMBL3650,C=CC(=O)N1CCN(CCCn2c(=O)c(-c3c(Cl)c(OC)cc(OC)c3Cl)cc3cnc(NC(COC)COC)nc32)CC1,8.37,0.6788225099390853,2
CHEMBL3650,C=CC(=O)N1CCN(CCCn2c(=O)c(-c3c(Cl)c(OC)cc(OC)c3Cl)cc3cnc(NC)cc32)CC1,8.92,0.0,1
CHEMBL3650,C=CC(=O)N1CCN(CCCn2c(=O)c(-c3c(Cl)c(OC)cc(OC)c3Cl)cc3cnc(NC)nc32)CC1,8.923333333333334,0.3165964834506747,3
CHEMBL3650,C=CC(=O)N1CCN(CCCn2c(=O)c(-c3c(Cl)c(OC)cc(OC)c3Cl)cc3cnc(NC4CCOCC4)nc32)CC1,8.870000000000001,0.18384776310850284,2
CHEMBL3650,C=CC(=O)N1CCN(CCCn2c(=O)c(-c3c(Cl)c(OC)cc(OC)c3Cl)cc3cnc(NC4COC4)nc32)CC1,5.46,0.0,1
CHEMBL3650,C=CC(=O)N1CCN(CCCn2c(=O)c(-c3c(Cl)c(OC)cc(OC)c3Cl)cc3cnc(NCC(C)(C)O)nc32)CC1,8.735,0.16263455967290624,2
CHEMBL3650,C=CC(=O)N1CCN(CCCn2c(=O)c(-c3c(Cl)c(OC)cc(OC)c3Cl)cc3cnc(NCC(F)(F)F)nc32)CC1,8.395,0.8555992052357222,2
CHEMBL3650,C=CC(=O)N1CCN(CCCn2c(=O)c(-c3c(Cl)c(OC)cc(OC)c3Cl)cc3cnc(NCC(F)F)nc32)CC1,8.66,0.3252691193458125,2
CHEMBL3650,C=CC(=O)N1CCN(CCCn2c(=O)c(-c3c(Cl)c(OC)cc(OC)c3Cl)cc3cnc(NCC)cc32)CC1,8.89,0.0,1
CHEMBL3650,C=CC(=O)N1CCN(CCCn2c(=O)c(-c3c(Cl)c(OC)cc(OC)c3Cl)cc3cnc(NCC)nc32)CC1,8.895,0.21920310216782946,2
CHEMBL3650,C=CC(=O)N1CCN(CCCn2c(=O)c(-c3c(Cl)c(OC)cc(OC)c3Cl)cc3cnc(NCC4CC4)nc32)CC1,9.24,1.074802307403552,2
CHEMBL3650,C=CC(=O)N1CCN(CCCn2c(=O)c(-c3c(Cl)c(OC)cc(OC)c3Cl)cc3cnc(NCC4CCOCC4)nc32)CC1,8.79,0.5091168824543141,2
CHEMBL3650,C=CC(=O)N1CCN(CCCn2c(=O)c(-c3c(Cl)c(OC)cc(OC)c3Cl)cc3cnc(NCCCN4CCCC4=O)nc32)CC1,8.370000000000001,0.4101219330881982,2
CHEMBL3650,C=CC(=O)N1CCN(CCCn2c(=O)c(-c3c(Cl)c(OC)cc(OC)c3Cl)cc3cnc(NCCN4CCCC4=O)nc32)CC1,8.55,0.0,1
CHEMBL3650,C=CC(=O)N1CCN(CCCn2c(=O)c(-c3c(Cl)c(OC)cc(OC)c3Cl)cc3cnc(NCCO)nc32)CC1,9.07,0.21213203435596475,2
CHEMBL3650,C=CC(=O)N1CCN(CCCn2c(=O)c(-c3c(Cl)c(OC)cc(OC)c3Cl)cc3cnc(NCCOC(C)C)nc32)CC1,8.73,0.4525483399593908,2
CHEMBL3650,C=CC(=O)N1CCN(CCCn2c(=O)c(-c3c(Cl)c(OC)cc(OC)c3Cl)cc3cnc(NCCOC)cc32)CC1,8.8,0.0,1
CHEMBL3650,C=CC(=O)N1CCN(CCCn2c(=O)c(-c3c(Cl)c(OC)cc(OC)c3Cl)cc3cnc(NCCOC)nc32)CC1,8.58,0.3111269837220818,2
CHEMBL3650,C=CC(=O)N1CCN(CCCn2c(=O)c(-c3c(Cl)c(OC)cc(OC)c3Cl)cc3cnc(NCCOCC)nc32)CC1,8.535,0.28991378028648457,2
CHEMBL3650,C=CC(=O)N1CCN(CCCn2c(=O)c(-c3c(Cl)c(OC)cc(OC)c3Cl)cc3cnc(NCCOCCOC)cc32)CC1,9.0,0.0,1
CHEMBL3650,C=CC(=O)N1CCN(CCCn2c(=O)c(-c3c(Cl)c(OC)cc(OC)c3Cl)cc3cnc(NCCOCCOC)nc32)CC1,8.525,0.558614357137372,2
CHEMBL3650,C=CC(=O)N1CCN(CCCn2c(=O)c(-c3c(Cl)c(OC)cc(OC)c3Cl)cc3cnc(N[C@@H](C)CO)nc32)CC1,8.775,0.26162950903902327,2
CHEMBL3650,C=CC(=O)N1CCN(CCCn2c(=O)c(-c3c(Cl)c(OC)cc(OC)c3Cl)cc3cnc(N[C@@H](C)COC)cc32)CC1,8.36,0.2969848480983493,2
CHEMBL3650,C=CC(=O)N1CCN(CCCn2c(=O)c(-c3c(Cl)c(OC)cc(OC)c3Cl)cc3cnc(N[C@@H](C)COC)nc32)CC1,8.84,0.16970562748477094,2
CHEMBL3650,C=CC(=O)N1CCN(CCCn2c(=O)c(-c3c(Cl)c(OC)cc(OC)c3Cl)cc3cnc(N[C@@H](C)COCC)nc32)CC1,8.245,0.3889087296526007,2
CHEMBL3650,C=CC(=O)N1CCN(CCCn2c(=O)c(-c3c(Cl)c(OC)cc(OC)c3Cl)cc3cnc(N[C@@H]4CCOC4)nc32)CC1,8.67,0.6788225099390862,2
CHEMBL3650,C=CC(=O)N1CCN(CCCn2c(=O)c(-c3c(Cl)c(OC)cc(OC)c3Cl)cc3cnc(N[C@H](C)COC)nc32)CC1,8.705,0.558614357137372,2
CHEMBL3650,C=CC(=O)N1CCN(CCCn2c(=O)c(-c3c(Cl)c(OC)cc(OC)c3Cl)cc3cnc(N[C@H]4CCOC4)nc32)CC1,8.405000000000001,0.4737615433949874,2
CHEMBL3650,C=CC(=O)N1CCN(CCCn2c(=O)c(-c3c(Cl)c(OC)cc(OC)c3Cl)cc3cnc(N[C@H]4CC[C@H](O)CC4)nc32)CC1,9.05,0.0,1
CHEMBL3650,C=CC(=O)N1CCN(CCCn2c(=O)c(-c3c(Cl)c(OC)cc(OC)c3Cl)cc3cnc(Nc4ccccc4)nc32)CC1,8.91,0.2687005768508874,2
CHEMBL3650,C=CC(=O)N1CCN(CCCn2c(=O)c(-c3c(Cl)c(OC)cc(OC)c3Cl)cc3cnc(Nc4ccccn4)nc32)CC1,8.715,0.40305086527633227,2
CHEMBL3650,C=CC(=O)N1CCN(CCCn2c(=O)c(-c3c(F)c(OC)cc(OC)c3Cl)cc3cnc(NC)nc32)CC1,9.0,0.0,1
CHEMBL3650,C=CC(=O)N1CCN(CCCn2c(=O)c(-c3cc(OC)cc(OC)c3Cl)cc3cnc(NC(COC)COC)nc32)CC1,7.91,0.0,1
CHEMBL3650,C=CC(=O)N1CCN(CCCn2c(=O)c(-c3cc(OC)cc(OC)c3Cl)cc3cnc(NC)nc32)CC1,8.809999999999999,0.15556349186104154,2
CHEMBL3650,C=CC(=O)N1CCN(CCCn2c(=O)c(-c3cc(OC)cc(OC)c3Cl)cc3cnc(NC4CCOCC4)nc32)CC1,8.7,0.05656854249492323,2
CHEMBL3650,C=CC(=O)N1CCN(CCCn2c(=O)c(-c3cc(OC)cc(OC)c3Cl)cc3cnc(NCC(C)(C)O)nc32)CC1,9.17,0.49497474683058273,2
CHEMBL3650,C=CC(=O)N1CCN(CCCn2c(=O)c(-c3cc(OC)cc(OC)c3Cl)cc3cnc(NCC(F)(F)F)nc32)CC1,8.28,0.0,1
CHEMBL3650,C=CC(=O)N1CCN(CCCn2c(=O)c(-c3cc(OC)cc(OC)c3Cl)cc3cnc(NCC(F)F)nc32)CC1,8.41,0.014142135623730649,2
CHEMBL3650,C=CC(=O)N1CCN(CCCn2c(=O)c(-c3cc(OC)cc(OC)c3Cl)cc3cnc(NCC4CC4)nc32)CC1,8.66,0.0,1
CHEMBL3650,C=CC(=O)N1CCN(CCCn2c(=O)c(-c3cc(OC)cc(OC)c3Cl)cc3cnc(NCC4CCCO4)nc32)CC1,8.285,0.26162950903902327,2
CHEMBL3650,C=CC(=O)N1CCN(CCCn2c(=O)c(-c3cc(OC)cc(OC)c3Cl)cc3cnc(NCC4CCOCC4)nc32)CC1,8.32,0.2262741699796954,2
CHEMBL3650,C=CC(=O)N1CCN(CCCn2c(=O)c(-c3cc(OC)cc(OC)c3Cl)cc3cnc(NCCN4CCOCC4)nc32)CC1,8.42,0.141421356237309,2
CHEMBL3650,C=CC(=O)N1CCN(CCCn2c(=O)c(-c3cc(OC)cc(OC)c3Cl)cc3cnc(NCCO)nc32)CC1,8.72,0.0,1
CHEMBL3650,C=CC(=O)N1CCN(CCCn2c(=O)c(-c3cc(OC)cc(OC)c3Cl)cc3cnc(NCCOC(C)C)nc32)CC1,8.1,0.0,1
CHEMBL3650,C=CC(=O)N1CCN(CCCn2c(=O)c(-c3cc(OC)cc(OC)c3Cl)cc3cnc(NCCOC)nc32)CC1,8.28,0.0,1
CHEMBL3650,C=CC(=O)N1CCN(CCCn2c(=O)c(-c3cc(OC)cc(OC)c3Cl)cc3cnc(NCCOCC)nc32)CC1,8.28,0.0,1
CHEMBL3650,C=CC(=O)N1CCN(CCCn2c(=O)c(-c3cc(OC)cc(OC)c3Cl)cc3cnc(N[C@@H](C)COC)nc32)CC1,8.129999999999999,0.3959797974644663,2
CHEMBL3650,C=CC(=O)N1CCN(CCCn2c(=O)c(-c3cc(OC)cc(OC)c3Cl)cc3cnc(N[C@@H]4CCOC4)nc32)CC1,8.379999999999999,0.3959797974644663,2
CHEMBL3650,C=CC(=O)N1CCN(CCCn2c(=O)c(-c3cc(OC)cc(OC)c3Cl)cc3cnc(N[C@H]4CCOC4)nc32)CC1,8.66,0.1979898987322341,2
CHEMBL3650,C=CC(=O)N1CCN(CCCn2c(=O)c(-c3cc(OC)cc(OC)c3Cl)cc3cnc(Nc4ccccc4)nc32)CC1,8.96,0.0,1
CHEMBL3650,C=CC(=O)N1CCN(CCCn2c(=O)c(-c3cc(OC)cc(OC)c3Cl)cc3cnc(Nc4ccccn4)nc32)CC1,8.405,0.41719300090006295,2
CHEMBL3650,C=CC(=O)N1CCN(CCn2c(=O)c(-c3c(Cl)c(OC)cc(OC)c3Cl)cc3cnc(NC)nc32)CC1,8.506666666666666,0.49369356217529636,3
CHEMBL3650,C=CC(=O)N1CCN(CCn2c(=O)c(-c3cc(OC)cc(OC)c3Cl)cc3cnc(NC)nc32)CC1,7.895,0.14849242404917465,2
CHEMBL3650,C=CC(=O)N1CCN(Cc2nc3c(-c4c(Cl)c(OC)cc(OC)c4Cl)cc4cnc(NC)nc4n3n2)CC1,7.96,0.0,1
CHEMBL3650,C=CC(=O)N1CC[C@@H](OCCn2c(=O)c(-c3c(Cl)c(OC)cc(OC)c3Cl)cc3cnc(NC)nc32)C1,8.41,0.0,1
CHEMBL3650,C=CC(=O)N1CC[C@@H](c2nc(C#Cc3cc(OC)cc(OC)c3)c3c(N)nccn23)C1,6.56,0.0,1
CHEMBL3650,C=CC(=O)N1CC[C@@H](n2cc(-c3cc4cc(C)cc(OC)c4s3)c3c(N)ncnc32)C1,9.22,0.0,1
CHEMBL3650,C=CC(=O)N1CC[C@@H](n2nc(C#Cc3cc(OC)cc(OC)c3)c(C(N)=O)c2N)C1,7.26,0.0,1
CHEMBL3650,C=CC(=O)N1CC[C@@H](n2nc(C#Cc3cc(OC)cc(OC)c3)c3c(N)ncnc32)C1,8.87,0.0,1
CHEMBL3650,C=CC(=O)N1CC[C@H](OCCn2c(=O)c(-c3c(Cl)c(OC)cc(OC)c3Cl)cc3cnc(NC)nc32)C1,8.52,0.0,1
CHEMBL3650,C=CC(=O)N1CC[C@H](c2nc(C#Cc3cc(OC)cc(OC)c3)c3c(N)nccn23)C1,6.56,0.0,1
CHEMBL3650,C=CC(=O)N1CC[C@H](n2cc(C(N)=O)c(C#Cc3cc(OC)cc(OC)c3)n2)C1,7.26,0.0,1
CHEMBL3650,C=CC(=O)N1CC[C@H](n2nc(C#Cc3cc(Cl)ccc3F)c(C(N)=O)c2N)C1,7.26,0.0,1
CHEMBL3650,C=CC(=O)N1CC[C@H](n2nc(C#Cc3cc(Cl)ccc3F)c(C(N)=O)c2NC)C1,7.26,0.0,1
CHEMBL3650,C=CC(=O)N1CC[C@H](n2nc(C#Cc3cc(OC)cc(OC)c3)c(C(N)=O)c2NC(C)C)C1,7.26,0.0,1
CHEMBL3650,C=CC(=O)N1CC[C@H](n2nc(C#Cc3cc(OC)cc(OC)c3)c(C(N)=O)c2NC2CCN(C)CC2)C1,7.26,0.0,1
CHEMBL3650,C=CC(=O)N1CC[C@H](n2nc(C#Cc3cc(OC)cc(OC)c3)c(C(N)=O)c2NC2CCOCC2)C1,7.26,0.0,1
CHEMBL3650,C=CC(=O)N1CC[C@H](n2nc(C#Cc3cc(OC)cc(OC)c3)c(C(N)=O)c2NCC(F)(F)F)C1,7.26,0.0,1
CHEMBL3650,C=CC(=O)N1CC[C@H](n2nc(C#Cc3cc(OC)cc(OC)c3)c(C(N)=O)c2NCCCN2CCOCC2)C1,7.26,0.0,1
CHEMBL3650,C=CC(=O)N1CC[C@H](n2nc(C#Cc3cc(OC)cc(OC)c3)c(C(N)=O)c2NCCN2CCCC2)C1,6.26,0.0,1
CHEMBL3650,C=CC(=O)N1CC[C@H](n2nc(C#Cc3cc(OC)cc(OC)c3)c(C(N)=O)c2NCCN2CCCCC2)C1,7.26,0.0,1
CHEMBL3650,C=CC(=O)N1CC[C@H](n2nc(C#Cc3cc(OC)cc(OC)c3)c(C(N)=O)c2NCCO)C1,7.26,0.0,1
CHEMBL3650,C=CC(=O)N1CC[C@H](n2nc(C#Cc3cc(OC)cc(OC)c3)c(C(N)=O)c2NCCOC)C1,7.26,0.0,1
CHEMBL3650,C=CC(=O)N1CC[C@H](n2nc(C#Cc3cc(OC)cc(OC)c3)c3c(N)ncnc32)C1,8.056666666666667,1.0900214065176277,6
CHEMBL3650,C=CC(=O)N1CC[C@H](n2nc(C#Cc3cc4ncn(C5CC5)c4cc3Cl)c(C(N)=O)c2NC)C1,8.01,0.0,1
CHEMBL3650,C=CC(=O)N1CC[C@H](n2nc(C#Cc3ccc4c(c3)nc(C)n4C)c(C(N)=O)c2NC)C1,7.81,0.0,1
CHEMBL3650,C=CC(=O)N1CCc2cc(-c3c(-c4ccc(Oc5nccc(C)n5)cc4)c(C(N)=O)c4cnc(C)cn34)ccc2C1,5.15,0.0,1
CHEMBL3650,C=CC(=O)N1C[C@@H](C)N(CCCn2c(=O)c(-c3c(Cl)c(OC)cc(OC)c3Cl)cc3cnc(NC)nc32)[C@@H](C)C1,8.345,0.8697413408594538,2
CHEMBL3650,C=CC(=O)N1C[C@@H](C)N(CCCn2c(=O)c(-c3cc(OC)cc(OC)c3Cl)cc3cnc(NC)nc32)[C@@H](C)C1,8.415,0.021213203435595344,2
CHEMBL3650,C=CC(=O)N1C[C@@H](n2nc(C#Cc3c(F)cc4c(ncn4C4CC4)c3F)c(C(N)=O)c2NC)C[C@@H]1COC,8.42,0.0,1
CHEMBL3650,C=CC(=O)N1C[C@@H](n2nc(C#Cc3cc4ncn(C(C)C)c4cc3F)c(C(N)=O)c2NC)C[C@@H]1COC,8.52,0.0,1
CHEMBL3650,C=CC(=O)N1C[C@@H](n2nc(C#Cc3cc4ncn(C5(C#N)CC5)c4cc3F)c(C(N)=O)c2NC)C[C@@H]1COC,8.15,0.0,1
CHEMBL3650,C=CC(=O)N1C[C@@H](n2nc(C#Cc3cc4ncn(C5(C)CC5)c4cc3F)c(C(N)=O)c2NC)C[C@@H]1COC,8.22,0.0,1
CHEMBL3650,C=CC(=O)N1C[C@@H](n2nc(C#Cc3cc4ncn(C5CC5)c4cc3C)c(C(N)=O)c2NC)C[C@@H]1COC,8.49,0.0,1
CHEMBL3650,C=CC(=O)N1C[C@@H](n2nc(C#Cc3cc4ncn(C5CC5)c4cc3Cl)c(C(N)=O)c2NC)C[C@@H]1COC,8.48,0.0,1
CHEMBL3650,C=CC(=O)N1C[C@@H](n2nc(C#Cc3cc4ncn(C5CC5)c4cc3F)c(C(N)=O)c2NC)C[C@@H]1COC,8.59,0.0,1
CHEMBL3650,C=CC(=O)N1C[C@@H](n2nc(C#Cc3cc4ncn(C5CCC5)c4cc3F)c(C(N)=O)c2NC)C[C@@H]1COC,9.0,0.0,1
CHEMBL3650,C=CC(=O)N1C[C@@H](n2nc(C#Cc3ccc4[nH]c(C)nc4c3)c(C(N)=O)c2NC)C[C@@H]1COC,8.82,0.0,1
CHEMBL3650,C=CC(=O)N1C[C@@H](n2nc(C#Cc3ccc4c(c3)nc(C(F)(F)F)n4C3CC3)c(C(N)=O)c2NC)C[C@@H]1COC,7.82,0.0,1
CHEMBL3650,C=CC(=O)N1C[C@@H](n2nc(C#Cc3ccc4c(c3)nc(C)n4C)c(C(N)=O)c2NC)C[C@@H]1COC,8.44,0.0,1
CHEMBL3650,C=CC(=O)N1C[C@@H](n2nc(C#Cc3ccc4c(c3)nc(C)n4C3CC3)c(C(N)=O)c2NC)C[C@@H]1COC,8.29,0.0,1
CHEMBL3650,C=CC(=O)N1C[C@@H](n2nc(C#Cc3ccc4c(c3)ncn4C(C)(C)C)c(C(N)=O)c2NC)C[C@@H]1COC,7.85,0.0,1
CHEMBL3650,C=CC(=O)N1C[C@@H](n2nc(C#Cc3ccc4c(c3)ncn4C)c(C(N)=O)c2NC)C[C@@H]1COC,8.37,0.0,1
CHEMBL3650,C=CC(=O)N1C[C@@H](n2nc(C#Cc3ccc4c(c3)ncn4C3CC3)c(C(N)=O)c2NC)C[C@@H]1COC,8.35,0.0,1
CHEMBL3650,C=CC(=O)N1C[C@@H](n2nc(C#Cc3ccc4c(c3)ncn4CC)c(C(N)=O)c2NC)C[C@@H]1COC,8.38,0.0,1
CHEMBL3650,C=CC(=O)N1C[C@H]2CN(CCCc3nc4c(-c5c(Cl)c(OC)cc(OC)c5Cl)cc5cnc(NC)nc5n4n3)C[C@H]2C1,8.26,0.0,1
CHEMBL3650,C=CC(=O)N1C[C@H]2CN(CCn3c(=O)c(-c4cc(OC)cc(OC)c4Cl)cc4cnc(NC)nc43)C[C@H]2C1,6.914999999999999,0.2050609665440985,2
CHEMBL3650,C=CC(=O)N1[C@H](C)CN(CCCc2nc3c(-c4c(Cl)c(OC)cc(OC)c4Cl)cc4cnc(NC)nc4n3n2)C[C@@H]1C,8.26,0.0,1
CHEMBL3650,C=CC(=O)N1[C@H](C)CN(CCCc2nc3c(-c4c(Cl)c(OC)cc(OC)c4Cl)cc4cnc(NCC(F)F)nc4n3n2)C[C@@H]1C,8.26,0.0,1
CHEMBL3650,C=CC(=O)N1[C@H](C)CN(CCCc2nc3c(-c4c(Cl)c(OC)cc(OC)c4Cl)cc4cnc(NCC5CC5)nc4n3n2)C[C@@H]1C,8.26,0.0,1
CHEMBL3650,C=CC(=O)N1[C@H](C)CN(CCCn2c(=O)c(-c3c(Cl)c(OC)cc(OC)c3Cl)cc3cnc(NC)nc32)C[C@@H]1C,8.535,0.28991378028648457,2
CHEMBL3650,C=CC(=O)N1[C@H](C)CN(CCCn2c(=O)c(-c3cc(OC)cc(OC)c3Cl)cc3cnc(NC)nc32)C[C@@H]1C,8.185,0.3040559159102162,2
CHEMBL3650,C=CC(=O)NC1CCC(n2cc(-c3cc4cc(C)cc(OC)c4s3)c3c(N)ncnc32)CC1,8.85,0.0,1
CHEMBL3650,C=CC(=O)NC1CCN(CCn2c(=O)c(-c3cc(OC)cc(OC)c3Cl)cc3cnc(NC)nc32)CC1,7.6899999999999995,0.1272792206135787,2
CHEMBL3650,C=CC(=O)NC1COCC1Nc1cc2c(cn1)CN(c1c(F)c(OC)cc(OC)c1F)C(=O)C21CC1,6.94,0.0,1
CHEMBL3650,C=CC(=O)NCCCCn1c(=O)c(-c2c(Cl)c(OC)cc(OC)c2Cl)cc2cnc(NC)nc21,9.15,0.0,1
CHEMBL3650,C=CC(=O)NCCCn1c(=O)c(-c2c(Cl)c(OC)cc(OC)c2Cl)cc2cnc(Nc3c(C)cccc3NC(=O)C=C)cc21,6.19,0.0,1
CHEMBL3650,C=CC(=O)NCCn1cc(-c2cc3cc(C)cc(OC)c3s2)c2c(N)ncnc21,8.14,0.0,1
CHEMBL3650,C=CC(=O)NCc1cc2c(cn1)CN(c1c(F)c(OC)cc(OC)c1F)C(=O)C21CC1,6.92,0.028284271247461613,2
CHEMBL3650,C=CC(=O)NCc1cc2c(cn1)CN(c1c(F)c(OC)cc(OC)c1F)C(=O)N2C1CCCC1,6.92,0.028284271247461613,2
CHEMBL3650,C=CC(=O)NCc1cc2c(cn1)CN(c1c(F)c(OC)cc(OC)c1F)C(=O)N2CC(C)C,6.92,0.028284271247461613,2
CHEMBL3650,C=CC(=O)NCc1cc2c(cn1)CN(c1c(F)c(OC)cc(OC)c1F)C(=O)N2CC1CC1,6.92,0.028284271247461613,2
CHEMBL3650,C=CC(=O)NCc1cc2c(cn1)CN(c1c(F)c(OC)cc(OC)c1F)C(=O)N2CC1CCC1,6.92,0.028284271247461613,2
CHEMBL3650,C=CC(=O)NCc1cc2c(cn1)CN(c1c(F)c(OC)cc(OC)c1F)C(=O)N2Cc1cccc(F)c1,6.92,0.028284271247461613,2
CHEMBL3650,C=CC(=O)NCc1cc2c(cn1)CN(c1c(F)c(OC)cc(OC)c1F)C(=O)N2Cc1cnn(C)c1,6.92,0.028284271247461613,2
CHEMBL3650,C=CC(=O)NCc1ccc(-n2nc3c(=O)[nH]nc(N)c3c2-c2oc3ccc(C)cc3c2C)cc1,7.79,0.0,1
CHEMBL3650,C=CC(=O)N[C@@H]1CCCN(CCn2c(=O)c(-c3c(Cl)c(OC)cc(OC)c3Cl)cc3cnc(NC)nc32)C1,8.415,0.0919238815542511,2
CHEMBL3650,C=CC(=O)N[C@@H]1CCCN(CCn2c(=O)c(-c3c(Cl)c(OC)cc(OC)c3Cl)cc3cnc(NCC)nc32)C1,8.85,0.0,1
CHEMBL3650,C=CC(=O)N[C@@H]1CCN(CCCn2c(=O)c(-c3c(Cl)c(OC)cc(OC)c3Cl)cc3cnc(NC)nc32)C1,8.82,0.0,1
CHEMBL3650,C=CC(=O)N[C@@H]1CCN(CCn2c(=O)c(-c3c(Cl)c(OC)cc(OC)c3Cl)cc3cnc(NC)nc32)C1,8.64,0.0,1
CHEMBL3650,C=CC(=O)N[C@@H]1CCN(CCn2c(=O)c(-c3c(Cl)c(OC)cc(OC)c3Cl)cc3cnc(NCC)nc32)C1,8.77,0.0,1
CHEMBL3650,C=CC(=O)N[C@H]1CCCN(CCCn2c(=O)c(-c3c(Cl)c(OC)cc(OC)c3Cl)cc3cnc(NC)nc32)C1,8.72,0.0,1
CHEMBL3650,C=CC(=O)N[C@H]1CCCN(CCn2c(=O)c(-c3c(Cl)c(OC)cc(OC)c3Cl)cc3cnc(NC)nc32)C1,8.46,0.0,1
CHEMBL3650,C=CC(=O)N[C@H]1CCCN(CCn2c(=O)c(-c3c(Cl)c(OC)cc(OC)c3Cl)cc3cnc(NCC)nc32)C1,8.68,0.0,1
CHEMBL3650,C=CC(=O)N[C@H]1CCN(CCCn2c(=O)c(-c3c(Cl)c(OC)cc(OC)c3Cl)cc3cnc(NC)cc32)C1,7.66,0.0,1
CHEMBL3650,C=CC(=O)N[C@H]1CCN(CCn2c(=O)c(-c3c(Cl)c(OC)cc(OC)c3Cl)cc3cnc(NC)nc32)C1,8.27,0.0,1
CHEMBL3650,C=CC(=O)N[C@H]1CCN(CCn2c(=O)c(-c3c(Cl)c(OC)cc(OC)c3Cl)cc3cnc(NCC)nc32)C1,8.42,0.0,1
CHEMBL3650,C=CC(=O)N[C@H]1CCOC[C@H]1Nc1cc2c(cn1)cc(-c1c(Cl)c(OC)cc(OC)c1Cl)c(=O)n2C1CC1,5.85,0.0,1
CHEMBL3650,C=CC(=O)N[C@H]1CCOC[C@H]1Nc1cc2c(cn1)cc(-c1c(Cl)c(OC)cc(OC)c1Cl)c(=O)n2CC,7.34,0.0,1
CHEMBL3650,C=CC(=O)N[C@H]1CCOC[C@H]1Nc1ncc2cc(-c3c(Cl)c(OC)cc(OC)c3Cl)ccc2n1,6.038,0.19867058161690673,5
CHEMBL3650,C=CC(=O)Nc1c(C)cccc1Nc1cc(N(C)C(=O)Nc2c(Cl)c(OC)cc(OC)c2Cl)ncn1,5.19,0.0,1
CHEMBL3650,C=CC(=O)Nc1cc(-c2cc3c(cn2)CN(c2c(F)c(OC)cc(OC)c2F)C(=O)C32CC2)ccc1CO,6.94,0.0,1
CHEMBL3650,C=CC(=O)Nc1cc(-c2cc3c(cn2)CN(c2c(F)c(OC)cc(OC)c2F)C(=O)C32CC2)ccn1,7.7,0.0,1
CHEMBL3650,C=CC(=O)Nc1cc(-c2cc3c(cn2)cc(-c2c(Cl)c(OC)cc(OC)c2Cl)c(=O)n3CC)c(C)cc1N1CCN(CC)CC1,6.62,0.0,1
CHEMBL3650,C=CC(=O)Nc1cc(-c2cc3c(cn2)cc(-c2c(Cl)c(OC)cc(OC)c2Cl)c(=O)n3CC)c(OC)cc1N(C)CCN(C)C,5.55,0.0,1
CHEMBL3650,C=CC(=O)Nc1cc(-c2cc3c(cn2)cc(-c2c(Cl)c(OC)cc(OC)c2Cl)c(=O)n3CC)c(OC)cc1N1CCC2(CCN(CC)C2)C1,6.01,0.0,1
CHEMBL3650,C=CC(=O)Nc1cc(-c2cc3c(cn2)cc(-c2c(Cl)c(OC)cc(OC)c2Cl)c(=O)n3CC)c(OC)cc1N1CCC2(CCOCC2)C1,5.39,0.0,1
CHEMBL3650,C=CC(=O)Nc1cc(-c2cc3c(cn2)cc(-c2c(Cl)c(OC)cc(OC)c2Cl)c(=O)n3CC)c(OC)cc1N1CCN(C(C)=O)CC1,5.52,0.0,1
CHEMBL3650,C=CC(=O)Nc1cc(-c2cc3c(cn2)cc(-c2c(Cl)c(OC)cc(OC)c2Cl)c(=O)n3CC)c(OC)cc1N1CCN(CC)CC1,6.66,0.0,1
CHEMBL3650,C=CC(=O)Nc1cc(-c2cc3c(cn2)cc(-c2c(Cl)c(OC)cc(OC)c2Cl)c(=O)n3CC)c(OC)cc1N1C[C@@H](C)N(CC)[C@@H](C)C1,6.55,0.0,1
CHEMBL3650,C=CC(=O)Nc1cc(-c2cc3c(cn2)cc(-c2c(Cl)c(OC)cc(OC)c2Cl)c(=O)n3CC)c(OC)cc1N1C[C@@H](C)N[C@@H](C)C1,6.72,0.0,1
CHEMBL3650,C=CC(=O)Nc1cc(-c2cc3c(cn2)cc(-c2c(Cl)c(OC)cc(OC)c2Cl)c(=O)n3CC)c(OC)cc1N1C[C@H]2C[C@@H]1CO2,6.1,0.0,1
CHEMBL3650,C=CC(=O)Nc1cc(-c2cc3c(cn2)cc(-c2c(Cl)c(OC)cc(OC)c2Cl)c(=O)n3CC)c(OC)nc1N1CCN(CC)CC1,7.09,0.0,1
CHEMBL3650,C=CC(=O)Nc1cc(-c2cc3c(cn2)cc(-c2c(Cl)c(OC)cc(OC)c2Cl)c(=O)n3CC)ccc1N1CCN(CC)CC1,8.38,0.0,1
CHEMBL3650,C=CC(=O)Nc1cc(C(=O)N(C)C)ccc1Nc1cc(N(C)C(=O)Nc2c(Cl)c(OC)cc(OC)c2Cl)ncn1,5.11,0.0,1
CHEMBL3650,C=CC(=O)Nc1cc(C(=O)N2CCN(C)CC2)ccc1Nc1cc(N(C)C(=O)Nc2c(Cl)c(OC)cc(OC)c2Cl)ncn1,5.19,0.0,1
CHEMBL3650,C=CC(=O)Nc1cc(C(=O)N2CCN(CC)CC2)ccc1Nc1cc(N(C)C(=O)Nc2c(Cl)c(OC)cc(OC)c2Cl)ncn1,5.64,0.0,1
CHEMBL3650,C=CC(=O)Nc1cc(C(C)N)ccc1Nc1cc(N(C)C(=O)Nc2c(Cl)c(OC)cc(OC)c2Cl)ncn1,6.18,0.0,1
CHEMBL3650,C=CC(=O)Nc1cc(C(C)O)ccc1Nc1cc(N(C)C(=O)Nc2c(Cl)c(OC)cc(OC)c2Cl)ncn1,5.71,0.0,1
CHEMBL3650,C=CC(=O)Nc1cc(C(C)OC)ccc1Nc1cc(N(C)C(=O)Nc2c(Cl)c(OC)cc(OC)c2Cl)ncn1,5.09,0.0,1
CHEMBL3650,C=CC(=O)Nc1cc(C2CCN(C)CC2)ccc1Nc1cc(N(C)C(=O)Nc2c(Cl)c(OC)cc(OC)c2Cl)ncn1,5.58,0.0,1
CHEMBL3650,C=CC(=O)Nc1cc(C2CCN(CC)CC2)ccc1Nc1cc(N(C)C(=O)Nc2c(Cl)c(OC)cc(OC)c2Cl)ncn1,5.89,0.0,1
CHEMBL3650,C=CC(=O)Nc1cc(C2CCNCC2)ccc1Nc1cc(N(C)C(=O)Nc2c(Cl)c(OC)cc(OC)c2Cl)ncn1,6.49,0.0,1
CHEMBL3650,C=CC(=O)Nc1cc(CCCN(C)C)ccc1Nc1cc(N(C)C(=O)Nc2c(Cl)c(OC)cc(OC)c2Cl)ncn1,6.22,0.0,1
CHEMBL3650,C=CC(=O)Nc1cc(CCN(C)C)ccc1Nc1cc(N(C)C(=O)Nc2c(Cl)c(OC)cc(OC)c2Cl)ncn1,6.29,0.0,1
CHEMBL3650,C=CC(=O)Nc1cc(CCn2c(=O)c(-c3cc(OC)cc(OC)c3Cl)cc3cnc(NC)nc32)ccn1,8.690000000000001,0.04242640687119383,2
CHEMBL3650,C=CC(=O)Nc1cc(CN(C)C)ccc1Nc1cc(N(C)C(=O)Nc2c(Cl)c(OC)cc(OC)c2Cl)ncn1,6.21,0.0,1
CHEMBL3650,C=CC(=O)Nc1cc(CN2CCN(CC)CC2)ccc1Nc1cc(N(C)C(=O)Nc2c(Cl)c(OC)cc(OC)c2Cl)ncn1,5.69,0.0,1
CHEMBL3650,C=CC(=O)Nc1cc(CO)ccc1Nc1cc(N(C)C(=O)Nc2c(Cl)c(OC)cc(OC)c2Cl)ncn1,5.66,0.0,1
CHEMBL3650,C=CC(=O)Nc1cc(COC)ccc1Nc1cc(N(C)C(=O)Nc2c(Cl)c(OC)cc(OC)c2Cl)ncn1,5.23,0.0,1
CHEMBL3650,C=CC(=O)Nc1cc(Cn2ccc3c(Cl)ccnc32)ccc1F,8.11,0.0,1
CHEMBL3650,C=CC(=O)Nc1cc(Cn2ccc3c(Cl)ncnc32)ccc1F,9.01,0.0,1
CHEMBL3650,C=CC(=O)Nc1cc(Cn2ccc3cc(Br)cnc32)ccc1F,9.44,0.0,1
CHEMBL3650,C=CC(=O)Nc1cc(Cn2ccc3ccc(Br)cc32)ccc1F,9.47,0.0,1
CHEMBL3650,C=CC(=O)Nc1cc(Cn2ccc3ncnc(Cl)c32)ccc1F,7.67,0.0,1
CHEMBL3650,C=CC(=O)Nc1cc(Cn2cnc3c(Cl)ncnc32)ccc1F,9.24,0.0,1
CHEMBL3650,C=CC(=O)Nc1cc(Cn2cnc3ccc(Cl)nc32)ccc1F,9.66,0.0,1
CHEMBL3650,C=CC(=O)Nc1cc(Cn2cnc3cnc(Cl)nc32)ccc1F,8.19,0.0,1
CHEMBL3650,C=CC(=O)Nc1cc(Cn2ncc3ccc(Br)cc32)ccc1F,9.74,0.0,1
CHEMBL3650,C=CC(=O)Nc1cc(Cn2ncc3ccncc32)ccc1F,8.54,0.0,1
CHEMBL3650,C=CC(=O)Nc1cc(Cn2nnc3c(C(=O)NCC(F)F)cccc32)ccc1F,8.35,0.0,1
CHEMBL3650,C=CC(=O)Nc1cc(Cn2nnc3c(C(=O)NCC4CC(F)(F)C4)cccc32)ccc1F,8.54,0.0,1
CHEMBL3650,C=CC(=O)Nc1cc(Cn2nnc3c(C(=O)OC)cccc32)ccc1F,9.6,0.0,1
CHEMBL3650,C=CC(=O)Nc1cc(N(C)CCO)ccc1Nc1cc(N(C)C(=O)Nc2c(Cl)c(OC)cc(OC)c2Cl)ncn1,5.67,0.0,1
CHEMBL3650,C=CC(=O)Nc1cc(N2CC3(CCN(CC)CC3)C2)ccc1Nc1cc(N(C)C(=O)Nc2c(Cl)c(OC)cc(OC)c2Cl)ncn1,6.42,0.0,1
CHEMBL3650,C=CC(=O)Nc1cc(N2CC3(CCNCC3)C2)ccc1Nc1cc(N(C)C(=O)Nc2c(Cl)c(OC)cc(OC)c2Cl)ncn1,6.8,0.0,1
CHEMBL3650,C=CC(=O)Nc1cc(N2CCC(N(C)C)CC2)ccc1Nc1cc(N(C)C(=O)Nc2c(Cl)c(OC)cc(OC)c2Cl)ncn1,6.75,0.0,1
CHEMBL3650,C=CC(=O)Nc1cc(N2CCC(N(C)C3CC3)CC2)ccc1Nc1cc(N(C)C(=O)Nc2c(Cl)c(OC)cc(OC)c2Cl)ncn1,6.61,0.0,1
CHEMBL3650,C=CC(=O)Nc1cc(N2CCC3(CCN(CC)C3)C2)ccc1Nc1cc(N(C)C(=O)Nc2c(Cl)c(OC)cc(OC)c2Cl)ncn1,6.26,0.0,1
CHEMBL3650,C=CC(=O)Nc1cc(N2CCC3(CCNCC3)C2)ccc1Nc1cc(N(C)C(=O)Nc2c(Cl)c(OC)cc(OC)c2Cl)ncn1,6.33,0.0,1
CHEMBL3650,C=CC(=O)Nc1cc(N2CCN(C(C)=O)CC2)ccc1Nc1cc(N(C)C(=O)Nc2c(Cl)c(OC)cc(OC)c2Cl)ncn1,6.11,0.0,1
CHEMBL3650,C=CC(=O)Nc1cc(N2CCN(C(C)C)CC2)ccc1Nc1cc(N(C)C(=O)Nc2c(Cl)c(OC)cc(OC)c2Cl)ncn1,6.71,0.0,1
CHEMBL3650,C=CC(=O)Nc1cc(N2CCN(C)CC2)ccc1Nc1cc(N(C)C(=O)Nc2c(Cl)c(OC)cc(OC)c2Cl)ncn1,6.94,0.0,1
CHEMBL3650,C=CC(=O)Nc1cc(N2CCN(C3CC3)CC2)ccc1Nc1cc(N(C)C(=O)Nc2c(Cl)c(OC)cc(OC)c2Cl)ncn1,6.21,0.0,1
CHEMBL3650,C=CC(=O)Nc1cc(N2CCN(CC)C3(CC3)C2)ccc1Nc1cc(N(C)C(=O)Nc2c(Cl)c(OC)cc(OC)c2Cl)ncn1,6.21,0.0,1
CHEMBL3650,C=CC(=O)Nc1cc(N2CCN(CC)CC2)cc(OC)c1Nc1cc2c(cn1)cc(-c1c(Cl)c(OC)cc(OC)c1Cl)c(=O)n2CC,7.01,0.0,1
CHEMBL3650,C=CC(=O)Nc1cc(N2CCN(CC)CC2)ccc1Nc1cc(N(C)C(=O)Nc2c(Cl)c(OC)cc(OC)c2Cl)ncn1,6.462000000000001,0.2798571063953888,5
CHEMBL3650,C=CC(=O)Nc1cc(N2CCN(CC)CC2)ccc1Nc1cc(N(C)C(=O)Nc2c(F)c(OC)cc(OC)c2Cl)ncn1,6.98,0.0,1
CHEMBL3650,C=CC(=O)Nc1cc(N2CCN(CC)CC2)ccc1Nc1cc(N(C)C(=O)Nc2c(F)c(OC)cc(OC)c2F)ncn1,6.81,0.0,1
CHEMBL3650,C=CC(=O)Nc1cc(N2CCN(CC)CC2)ccc1Nc1cc2c(cn1)cc(-c1c(Cl)c(OC)cc(OC)c1Cl)c(=O)n2CC,8.08,0.0,1
CHEMBL3650,C=CC(=O)Nc1cc(N2CCN(CC)CC2)ccc1Nc1ncc2cc(-c3c(Cl)c(OC)cc(OC)c3Cl)c3nccn3c2n1,8.68,0.0,1
CHEMBL3650,C=CC(=O)Nc1cc(N2CCN(CCN)CC2)ccc1Nc1cc(N(C)C(=O)Nc2c(Cl)c(OC)cc(OC)c2Cl)ncn1,5.57,0.0,1
CHEMBL3650,C=CC(=O)Nc1cc(N2CCN(CCO)CC2)ccc1Nc1cc(N(C)C(=O)Nc2c(Cl)c(OC)cc(OC)c2Cl)ncn1,5.99,0.0,1
CHEMBL3650,C=CC(=O)Nc1cc(N2CCN(S(C)(=O)=O)CC2)ccc1Nc1cc(N(C)C(=O)Nc2c(Cl)c(OC)cc(OC)c2Cl)ncn1,5.54,0.0,1
CHEMBL3650,C=CC(=O)Nc1cc(N2CCNC3(CC3)C2)ccc1Nc1cc(N(C)C(=O)Nc2c(Cl)c(OC)cc(OC)c2Cl)ncn1,7.06,0.0,1
CHEMBL3650,C=CC(=O)Nc1cc(N2CCNCC2)ccc1Nc1cc(N(C)C(=O)Nc2c(Cl)c(OC)cc(OC)c2Cl)ncn1,6.88,0.0,1
CHEMBL3650,C=CC(=O)Nc1cc(N2CCOCC2)ccc1Nc1cc(N(C)C(=O)Nc2c(Cl)c(OC)cc(OC)c2Cl)ncn1,5.41,0.0,1
CHEMBL3650,C=CC(=O)Nc1cc(N2CCOCC2)ccc1Nc1ccc2c(C(=O)c3c(Cl)c(OC)cc(OC)c3Cl)c[nH]c2n1,5.51,0.0,1
CHEMBL3650,C=CC(=O)Nc1cc(N2CCOCC2)ccc1Nc1ncc2cc(-c3c(Cl)c(OC)cc(OC)c3Cl)c3nccn3c2n1,8.1,0.0,1
CHEMBL3650,C=CC(=O)Nc1cc(N2C[C@@H](C)N[C@@H](C)C2)ccc1Nc1cc(N(C)C(=O)Nc2c(Cl)c(OC)cc(OC)c2Cl)ncn1,6.79,0.0,1
CHEMBL3650,C=CC(=O)Nc1cc(OCCN(C)C)ccc1Nc1cc(N(C)C(=O)Nc2c(Cl)c(OC)cc(OC)c2Cl)ncn1,5.5,0.0,1
CHEMBL3650,C=CC(=O)Nc1cc(OCCO)ccc1Nc1cc(N(C)C(=O)Nc2c(Cl)c(OC)cc(OC)c2Cl)ncn1,5.46,0.0,1
CHEMBL3650,C=CC(=O)Nc1cc(O[C@@H]2CCOC2)ccc1Nc1ncc2cc(-c3c(Cl)c(OC)cc(OC)c3Cl)c3nccn3c2n1,7.89,0.0,1
CHEMBL3650,C=CC(=O)Nc1cc(S(C)(=O)=O)cc(C)c1Nc1ncc2cc(-c3c(Cl)c(OC)cc(OC)c3Cl)ccc2n1,6.05,0.0,1
CHEMBL3650,C=CC(=O)Nc1cc(S(C)(=O)=O)ccc1Nc1ncc2cc(-c3c(Cl)c(OC)cc(OC)c3Cl)ccc2n1,7.55,0.0,1
CHEMBL3650,C=CC(=O)Nc1cc(S(N)(=O)=O)cc(C)c1Nc1ncc2cc(-c3c(Cl)c(OC)cc(OC)c3Cl)ccc2n1,6.1,0.0,1
CHEMBL3650,C=CC(=O)Nc1cc(SC)ccc1Nc1ncc2cc(-c3c(Cl)c(OC)cc(OC)c3Cl)ccc2n1,7.41,0.0,1
CHEMBL3650,C=CC(=O)Nc1ccc(-c2c(-c3ccc(C(=O)NCC4(F)CCC4)cc3)c(C(N)=O)c3cnccn23)cc1,7.87,0.0,1
CHEMBL3650,C=CC(=O)Nc1ccc(-c2c(-c3ccc(C4(N(CC)C(C)C)COC4)c(F)c3)c3c(N)ncnc3n2C)cc1,6.5,0.0,1
CHEMBL3650,C=CC(=O)Nc1ccc(-c2c(-c3ccc(Oc4cccc(C)n4)cc3)c(C(N)=O)c3c(NC)nccn23)cc1,5.16,0.0,1
CHEMBL3650,C=CC(=O)Nc1ccc(-c2c(-c3ccc(Oc4cccc(C)n4)cc3)c(C(N)=O)c3cnccn23)cc1,6.8,0.0,1
CHEMBL3650,C=CC(=O)Nc1ccc(-c2c(-c3ccc(Oc4cccc(C)n4)cc3)c(C(N)=O)c3sccn23)cc1,6.88,0.0,1
CHEMBL3650,C=CC(=O)Nc1ccc(-c2c(-c3ccc(Oc4nccc(C)n4)cc3)c(C(N)=O)c3cnc(C)cn23)cc1,6.8,0.0,1
CHEMBL3650,C=CC(=O)Nc1ccc(-c2c(-c3ccc(Oc4nccc(C)n4)cc3)c(C(N)=O)c3cncc(C)n23)cc1,6.43,0.0,1
CHEMBL3650,C=CC(=O)Nc1ccc(-c2c(-c3ccc(Oc4nccc(C)n4)cc3)c(C(N)=O)c3cnccn23)cc1,6.92,0.0,1
CHEMBL3650,C=CC(=O)Nc1ccc(-c2ccc(NC(=O)Nc3cccc(Cl)c3)cc2)cn1,6.7,0.0,1
CHEMBL3650,C=CC(=O)Nc1ccc(-n2nc3c(=O)[nH]nc(N)c3c2-c2oc3ccc(C)cc3c2C)cc1,8.620000000000001,0.4242640687119289,2
CHEMBL3650,C=CC(=O)Nc1ccc(-n2nc3c(=O)[nH]nc(N)c3c2-c2oc3ccc(Cl)cc3c2C)cc1,9.1,0.0,1
CHEMBL3650,C=CC(=O)Nc1ccc(C(=O)Nc2cc(Oc3ccc4c(C(=O)NC)cccc4c3)ccn2)cc1,7.89,0.0,1
CHEMBL3650,C=CC(=O)Nc1ccc(C(=O)n2ccc3c(Cl)ncnc32)cc1,7.89,0.0,1
CHEMBL3650,C=CC(=O)Nc1ccc(C(=O)n2ccc3cc(Br)cnc32)cc1,8.57,0.0,1
CHEMBL3650,C=CC(=O)Nc1ccc(C(=O)n2ccc3cc(Cl)cnc32)cc1,8.58,0.0,1
CHEMBL3650,C=CC(=O)Nc1ccc(C(=O)n2ncc3ccc(Br)cc32)cc1,9.24,0.0,1
CHEMBL3650,C=CC(=O)Nc1ccc(C(=O)n2ncc3cccnc32)cc1,7.83,0.0,1
CHEMBL3650,C=CC(=O)Nc1ccc(CCN2C(=O)N(c3cc(OC)cc(OC)c3)Cc3cnc(Nc4ccccc4NC(=O)C=C)nc32)cc1,6.38,0.0,1
CHEMBL3650,C=CC(=O)Nc1ccc(CCc2nc3c(-c4c(Cl)c(OC)cc(OC)c4Cl)cc4cnc(NC)nc4n3n2)cc1,8.26,0.0,1
CHEMBL3650,C=CC(=O)Nc1ccc(CCc2nnc3c(-c4cc(OC)cc(OC)c4Cl)cc4cnc(NCCN5CCOCC5)nc4n23)cc1,8.26,0.0,1
CHEMBL3650,C=CC(=O)Nc1ccc(CCn2c(=O)c(-c3cc(OC)cc(OC)c3Cl)cc3cnc(NC(CO)CO)nc32)cc1,8.45,0.9192388155425113,2
CHEMBL3650,C=CC(=O)Nc1ccc(CCn2c(=O)c(-c3cc(OC)cc(OC)c3Cl)cc3cnc(NC)nc32)cc1,8.68,0.2969848480983493,2
CHEMBL3650,C=CC(=O)Nc1ccc(CCn2c(=O)c(-c3cc(OC)cc(OC)c3Cl)cc3cnc(NC)nc32)cn1,8.845,0.06363961030678918,2
CHEMBL3650,C=CC(=O)Nc1ccc(CCn2c(=O)c(-c3cc(OC)cc(OC)c3Cl)cc3cnc(NC)nc32)nc1,8.455,0.615182899632297,2
CHEMBL3650,C=CC(=O)Nc1ccc(CCn2c(=O)c(-c3cc(OC)cc(OC)c3Cl)cc3cnc(NC4CCN(C)CC4)nc32)cc1,7.9399999999999995,0.5515432893255069,2
CHEMBL3650,C=CC(=O)Nc1ccc(CCn2c(=O)c(-c3cc(OC)cc(OC)c3Cl)cc3cnc(NCC(O)CO)nc32)cc1,7.92,0.6929646455628169,2
CHEMBL3650,C=CC(=O)Nc1ccc(CCn2c(=O)c(-c3cc(OC)cc(OC)c3Cl)cc3cnc(NCCCN4CCOCC4)nc32)cc1,8.370000000000001,0.6363961030678936,2
CHEMBL3650,C=CC(=O)Nc1ccc(CCn2c(=O)c(-c3cc(OC)cc(OC)c3Cl)cc3cnc(NCCN(CC)CC)nc32)cc1,7.62,0.0,1
CHEMBL3650,C=CC(=O)Nc1ccc(CCn2c(=O)c(-c3cc(OC)cc(OC)c3Cl)cc3cnc(NCCN4CCCCC4)nc32)cc1,7.89,0.0,1
CHEMBL3650,C=CC(=O)Nc1ccc(CCn2c(=O)c(-c3cc(OC)cc(OC)c3Cl)cc3cnc(NCCN4CCN(C(C)=O)CC4)nc32)cc1,8.46,0.7071067811865485,2
CHEMBL3650,C=CC(=O)Nc1ccc(CCn2c(=O)c(-c3cc(OC)cc(OC)c3Cl)cc3cnc(NCCN4CCN(C)CC4)nc32)cc1,9.1,0.0,1
CHEMBL3650,C=CC(=O)Nc1ccc(CCn2c(=O)c(-c3cc(OC)cc(OC)c3Cl)cc3cnc(NCCN4CCN(CC)CC4)nc32)cc1,8.864999999999998,1.1808683245815337,2
CHEMBL3650,C=CC(=O)Nc1ccc(CCn2c(=O)c(-c3cc(OC)cc(OC)c3Cl)cc3cnc(NCCN4CCOCC4)nc32)cc1,8.46,0.5515432893255072,2
CHEMBL3650,C=CC(=O)Nc1ccc(CCn2c(=O)c(-c3cc(OC)cc(OC)c3Cl)cc3cnc(NCCO)nc32)cc1,8.809999999999999,0.268700576850888,2
CHEMBL3650,C=CC(=O)Nc1ccc(CCn2c(=O)c(-c3ccccc3Cl)cc3cnc(NCCCCN(CC)CC)nc32)cc1,7.42,0.0,1
CHEMBL3650,C=CC(=O)Nc1ccc(CN(C(=O)Nc2c(Cl)c(OC)cc(OC)c2Cl)c2cc(Nc3ccc(N4CCN(C)CC4)cc3)ncn2)cc1,8.76,0.3394112549695431,2
CHEMBL3650,C=CC(=O)Nc1ccc(CN2C(=O)N(c3cc(OC)cc(OC)c3)Cc3cnc(Nc4ccc(N5CCN(C)CC5)cc4)nc32)cc1,9.0,0.0,1
CHEMBL3650,C=CC(=O)Nc1ccc(CN2C(=O)N(c3cc(OC)cc(OC)c3)Cc3cnc(Nc4ccccc4NC(=O)C=C)nc32)cc1,6.02,0.0,1
CHEMBL3650,C=CC(=O)Nc1ccc(Cn2cnc3c(-c4cc(OC)cc(OC)c4)ncnc32)cc1,9.7,0.0,1
CHEMBL3650,C=CC(=O)Nc1ccc(Cn2cnc3c(-c4cc5ccccc5s4)ncnc32)cc1,9.38,0.0,1
CHEMBL3650,C=CC(=O)Nc1ccc(Cn2cnc3c(-c4ccc(F)c(F)c4)ncnc32)cc1,9.48,0.0,1
CHEMBL3650,C=CC(=O)Nc1ccc(Cn2cnc3c(-c4ccccc4)ncnc32)cc1,9.09,0.0,1
CHEMBL3650,C=CC(=O)Nc1ccc(Cn2cnc3c(-c4cccs4)ncnc32)cc1,9.07,0.0,1
CHEMBL3650,C=CC(=O)Nc1ccc(Cn2cnc3c(Cl)ncnc32)cc1,9.44,0.0,1
CHEMBL3650,C=CC(=O)Nc1ccc(N2CCN(C)CC2)cc1Nc1cc2c(cn1)CN(c1c(F)c(OC)cc(OC)c1F)C(=O)C21CC1,6.94,0.0,1
CHEMBL3650,C=CC(=O)Nc1ccc(N2CCOCC2)cc1Nc1cc2c(cn1)CN(c1c(F)c(OC)cc(OC)c1F)C(=O)C21CC1,6.94,0.0,1
CHEMBL3650,C=CC(=O)Nc1ccc(Nc2nc(Nc3ccc(N4CCC(N(C)C)CC4)c(OC)c3)ncc2Cl)cc1Cl,8.36,0.4384062043356595,2
CHEMBL3650,C=CC(=O)Nc1ccc(Nc2nc(Nc3ccc(N4CCN(C)CC4)c(F)c3)ncc2Cl)cc1Cl,8.435,0.41719300090006295,2
CHEMBL3650,C=CC(=O)Nc1ccc(Nc2nc(Nc3ccc(N4CCN(C)CC4)nc3)ncc2Cl)cc1Cl,8.08,0.4808326112068521,2
CHEMBL3650,C=CC(=O)Nc1ccc(Nc2nc(Nc3ccc(N4CCN(CC)CC4)c(OC)c3)ncc2Cl)cc1Cl,8.365,0.41719300090006295,2
CHEMBL3650,C=CC(=O)Nc1ccc(Nc2nc(Nc3ccc(N4C[C@@H](C)N[C@@H](C)C4)c(OC)c3)ncc2Cl)cc1Cl,8.415,0.38890872965260104,2
CHEMBL3650,C=CC(=O)Nc1ccc(Nc2nc(Nc3ccc(N4C[C@@H](C)N[C@@H](C)C4)cc3)ncc2Cl)cc1Cl,8.030000000000001,0.18384776310850157,2
CHEMBL3650,C=CC(=O)Nc1ccc(Nc2nc(Nc3cccc(N4CCN(C)CC4)c3)ncc2Cl)cc1Cl,7.875,0.31819805153394587,2
CHEMBL3650,C=CC(=O)Nc1ccc(OC)c(-c2cc3c(cn2)cc(-c2c(Cl)c(OC)cc(OC)c2Cl)c(=O)n3CC)c1,5.71,0.0,1
CHEMBL3650,C=CC(=O)Nc1ccc2ncccc2c1Nc1cc2c(cn1)cc(-c1c(Cl)c(OC)cc(OC)c1Cl)c(=O)n2CC,7.77,0.0,1
CHEMBL3650,C=CC(=O)Nc1cccc(-c2cc3c(cn2)CN(c2c(F)c(OC)cc(OC)c2F)C(=O)C32CC2)c1,6.94,0.0,1
CHEMBL3650,C=CC(=O)Nc1cccc(-c2cccc3cnc(Nc4ccc(N5CCN(C)CC5)cc4F)nc23)c1,6.52,0.0,1
CHEMBL3650,C=CC(=O)Nc1cccc(-c2cccc3cnc(Nc4ccc(N5CCN(CCO)CC5)c(F)c4F)nc23)c1,6.52,0.0,1
CHEMBL3650,C=CC(=O)Nc1cccc(-c2cccc3cnc(Nc4ccc(N5CCN(CCO)CC5)cc4F)nc23)c1,6.52,0.0,1
CHEMBL3650,C=CC(=O)Nc1cccc(C)c1Nc1cc(N(C)C(=O)Nc2c(Cl)c(OC)cc(OC)c2Cl)ncn1,5.13,0.0,1
CHEMBL3650,C=CC(=O)Nc1cccc(C)c1Nc1cc2[nH]c(=O)c(-c3c(Cl)c(OC)cc(OC)c3Cl)cc2cn1,6.1,0.0,1
CHEMBL3650,C=CC(=O)Nc1cccc(C)c1Nc1cc2c(cn1)cc(-c1c(Cl)c(OC)cc(OC)c1Cl)c(=O)n2C1CC1,5.38,0.0,1
CHEMBL3650,C=CC(=O)Nc1cccc(C)c1Nc1cc2c(cn1)cc(-c1c(Cl)c(OC)cc(OC)c1Cl)c(=O)n2C1CCCC1,7.28,0.0,1
CHEMBL3650,C=CC(=O)Nc1cccc(C)c1Nc1cc2c(cn1)cc(-c1c(Cl)c(OC)cc(OC)c1Cl)c(=O)n2CC,6.2,0.0,1
CHEMBL3650,C=CC(=O)Nc1cccc(C)c1Nc1cc2c(cn1)cc(-c1c(Cl)c(OC)cc(OC)c1Cl)c(=O)n2CC(F)(F)F,5.6,0.0,1
CHEMBL3650,C=CC(=O)Nc1cccc(C)c1Nc1ncc(C#Cc2cccc(C(=O)Nc3ccc(CN4CCN(C)CC4)c(C(F)(F)F)c3)c2)cn1,6.41,0.0,1
CHEMBL3650,C=CC(=O)Nc1cccc(C)c1Nc1ncc2cc(-c3c(Cl)c(OC)cc(OC)c3Cl)c(OC)cc2c1C#N,5.39,0.0,1
CHEMBL3650,C=CC(=O)Nc1cccc(C)c1Nc1ncc2cc(-c3c(Cl)c(OC)cc(OC)c3Cl)cc(F)c2c1C#N,5.37,0.0,1
CHEMBL3650,C=CC(=O)Nc1cccc(C)c1Nc1ncc2cc(-c3c(Cl)c(OC)cc(OC)c3Cl)ccc2c1C#N,5.43,0.0,1
CHEMBL3650,C=CC(=O)Nc1cccc(C)c1Nc1ncc2cc(-c3c(Cl)c(OC)cc(OC)c3Cl)ccc2n1,5.993333333333333,0.427356213636041,3
CHEMBL3650,C=CC(=O)Nc1cccc(CCc2nc3c(-c4c(Cl)c(OC)cc(OC)c4Cl)cc4cnc(NC)nc4n3n2)c1,8.26,0.0,1
CHEMBL3650,C=CC(=O)Nc1cccc(CCn2c(=O)c(-c3cc(OC)cc(OC)c3Cl)cc3cnc(NC)nc32)c1,8.385000000000002,0.23334523779156136,2
CHEMBL3650,C=CC(=O)Nc1cccc(CCn2c(=O)c(-c3cc(OC)cc(OC)c3Cl)cc3cnc(NC)nc32)n1,8.785,0.02121320343559723,2
CHEMBL3650,C=CC(=O)Nc1cccc(CCn2c(=O)c(-c3ccccc3Cl)cc3cnc(NCCCCN(CC)CC)nc32)c1,6.6,0.0,1
CHEMBL3650,C=CC(=O)Nc1cccc(CN2C(=O)N(c3c(Cl)c(OC)cc(OC)c3Cl)Cc3cnc(NCCCCN(CC)CC)nc32)c1,8.04,0.0,1
CHEMBL3650,C=CC(=O)Nc1cccc(Cl)c1Nc1ncc2cc(-c3c(Cl)c(OC)cc(OC)c3Cl)ccc2n1,6.61,0.0,1
CHEMBL3650,C=CC(=O)Nc1cccc(Cn2c(=O)c(-c3cc(OC)cc(OC)c3Cl)cc3cnc(NC)nc32)c1,8.28,0.0,1
CHEMBL3650,C=CC(=O)Nc1cccc(Cn2nc(C#Cc3c(F)cc4[nH]c(C)nc4c3F)c(C(N)=O)c2N)c1,6.4,0.0,1
CHEMBL3650,C=CC(=O)Nc1cccc(OC)c1Nc1cc(N(C)C(=O)Nc2c(Cl)c(OC)cc(OC)c2Cl)ncn1,5.31,0.0,1
CHEMBL3650,C=CC(=O)Nc1cccc(OC)c1Nc1cc2c(cn1)cc(-c1c(Cl)c(OC)cc(OC)c1Cl)c(=O)n2CC,7.31,0.0,1
CHEMBL3650,C=CC(=O)Nc1ccccc1C(=O)Nc1cc(CCc2cc(OC)cc(OC)c2)[nH]n1,8.35,0.0,1
CHEMBL3650,C=CC(=O)Nc1ccccc1Nc1cc(N(CCCN(C)C)C(=O)Nc2c(Cl)c(OC)cc(OC)c2Cl)ncn1,5.92,0.0,1
CHEMBL3650,C=CC(=O)Nc1ccccc1Nc1cc(N(CCCN2CCN(C)CC2)C(=O)Nc2c(Cl)c(OC)cc(OC)c2Cl)ncn1,5.99,0.0,1
CHEMBL3650,C=CC(=O)Nc1ccccc1Nc1cc(N(CCNC(C)C)C(=O)Nc2c(Cl)c(OC)cc(OC)c2Cl)ncn1,5.21,0.0,1
CHEMBL3650,C=CC(=O)Nc1ccccc1Nc1cc(N(Cc2cc(C)no2)C(=O)Nc2c(Cl)c(OC)cc(OC)c2Cl)ncn1,6.95,0.0,1
CHEMBL3650,C=CC(=O)Nc1ccccc1Nc1cc(N(Cc2ccccn2)C(=O)Nc2c(Cl)c(OC)cc(OC)c2Cl)ncn1,5.93,0.0,1
CHEMBL3650,C=CC(=O)Nc1ccccc1Nc1cc(N(Cc2cccnc2)C(=O)Nc2c(Cl)c(OC)cc(OC)c2Cl)ncn1,6.14,0.0,1
CHEMBL3650,C=CC(=O)Nc1ccccc1Nc1cc(N(Cc2ccncc2)C(=O)Nc2c(Cl)c(OC)cc(OC)c2Cl)ncn1,6.3,0.0,1
CHEMBL3650,C=CC(=O)Nc1ccccc1Nc1cc2c(C)nc(-c3c(Cl)c(OC)cc(OC)c3Cl)cc2cn1,5.9,0.0,1
CHEMBL3650,C=CC(=O)Nc1ccccc1Nc1cc2c(cn1)CN(c1c(F)c(OC)cc(OC)c1F)C(=O)C21CC1,6.94,0.0,1
CHEMBL3650,C=CC(=O)Nc1ccccc1Nc1cc2c(cn1)CN(c1c(F)c(OC)cc(OC)c1F)C(=O)C21CCCC1,6.94,0.0,1
CHEMBL3650,C=CC(=O)Nc1ccccc1Nc1cc2cnc(-c3c(Cl)c(OC)cc(OC)c3Cl)cc2cn1,6.3,0.0,1
CHEMBL3650,C=CC(=O)Nc1ccccc1Nc1n[nH]c2cc(-c3c(Cl)c(OC)cc(OC)c3Cl)ccc12,5.33,0.0,1
CHEMBL3650,C=CC(=O)Nc1ccccc1Nc1n[nH]c2ccc(OC(CC)c3c(Cl)cncc3Cl)cc12,6.09,0.0,1
CHEMBL3650,C=CC(=O)Nc1ccccc1Nc1n[nH]c2ccc(OCc3c(Cl)cncc3Cl)cc12,6.12,0.0,1
CHEMBL3650,C=CC(=O)Nc1ccccc1Nc1n[nH]c2ccc(O[C@H](C)c3c(Cl)cncc3Cl)cc12,6.97,0.0,1
CHEMBL3650,C=CC(=O)Nc1ccccc1Nc1ncc(C#Cc2cc(C(=O)Nc3ccc(CN4CCN(C)CC4)c(C(F)(F)F)c3)ccc2C)cn1,7.11,0.0,1
CHEMBL3650,C=CC(=O)Nc1ccccc1Nc1ncc2c(n1)N(CCCN1CCN(C(=O)C=C)CC1)C(=O)N(c1cc(OC)cc(OC)c1)C2,5.59,0.0,1
CHEMBL3650,C=CC(=O)Nc1cnc(CCn2c(=O)c(-c3cc(OC)cc(OC)c3Cl)cc3cnc(NC)nc32)cn1,8.68,0.0,1
CHEMBL3650,C=CC(=O)Nc1cnc2ccccc2c1Nc1cc2c(cn1)cc(-c1c(Cl)c(OC)cc(OC)c1Cl)c(=O)n2CC,7.52,0.0,1
CHEMBL3650,C=CC(=O)Nc1cncc(-c2cc3c(cn2)CN(c2c(F)c(OC)cc(OC)c2F)C(=O)C32CC2)c1,6.94,0.0,1
CHEMBL3650,C=CC(=O)Nc1nc2cnc3[nH]ccc3c2n1C,5.51,0.0,1
CHEMBL3650,C=CCN(c1cc(F)cc(OC)c1)c1ccc2ncc(-c3cnn(C)c3)nc2c1,7.25,0.0,1
CHEMBL3650,C=CCN(c1cc(OC)cc(OC)c1)c1ccc2ncc(-c3cnn(C)c3)nc2c1,8.12,0.0,1
CHEMBL3650,C=CCN1CCN(c2ccc(C(=O)Nc3n[nH]c4nc(-c5c(Cl)c(OC)cc(OC)c5Cl)ccc34)cc2)CC1,9.22,0.0,1
CHEMBL3650,C=CCNC(=O)Nc1nc2nc(NCCCN3CCN(C)CC3)ncc2cc1-c1c(Cl)cccc1Cl,7.46,0.0,1
CHEMBL3650,C=CCOC(=O)C1=C2C(=NC1=O)c1cccc3c(SCC=C)ccc2c13,6.67,0.0,1
CHEMBL3650,C=CCOC(=O)C1=C2C(=NC1=O)c1cccc3cccc2c13,7.72,0.0,1
CHEMBL3650,C=CCOc1ccc2c(c1)ncn2-c1ccccc1,4.46,0.0,1
CHEMBL3650,C=CCSc1ccc2c3c(cccc13)C1=NC(=O)C(C(=O)OCC(=O)OCC(F)(F)C(F)(F)F)=C12,6.37,0.0,1
CHEMBL3650,C=CCSc1ccc2c3c(cccc13)C1=NC(=O)C(C(=O)OCC(=O)SCCC)=C12,6.24,0.0,1
CHEMBL3650,C=CCSc1ccc2c3c(cccc13)C1=NC(=O)C(C(=O)OCC)=C12,6.31,0.0,1
CHEMBL3650,C=Cc1cc(OC)cc(N(CC2CC2)c2ccc3ncc(-c4cnn(C)c4)nc3c2)c1,7.21,0.0,1
CHEMBL3650,CC#CC(=O)N1CCC(n2nc3c(=O)[nH]nc(N)c3c2-c2oc3ccc(C)cc3c2C)CC1,8.17,0.0,1
CHEMBL3650,CC#CC(=O)N1CCCC(n2nc3c(=O)[nH]nc(N)c3c2-c2oc3ccc(C)cc3c2C)C1,7.56,0.0,1
CHEMBL3650,CC#CC(=O)N1CC[C@@H](c2nc(C#Cc3cc(OC)cc(OC)c3)c3c(N)nccn23)C1,6.12,0.0,1
CHEMBL3650,CC#CC(=O)N1CC[C@H](n2nc(C#Cc3cc(OC)cc(OC)c3)c(C(N)=O)c2N)C1,7.26,0.0,1
CHEMBL3650,CC#CC(=O)Nc1cc(-c2cc3c(cn2)cc(-c2c(Cl)c(OC)cc(OC)c2Cl)c(=O)n3CC)c(OC)cc1N1CCN(CC)CC1,6.28,0.0,1
CHEMBL3650,CC#CC(=O)Nc1cc(-c2cc3c(cn2)cc(-c2c(Cl)c(OC)cc(OC)c2Cl)c(=O)n3CC)c(OC)cc1N1C[C@H]2C[C@@H]1CO2,5.51,0.0,1
CHEMBL3650,CC#CC(=O)Nc1ccc(-c2c(-c3ccc(Oc4nccc(C)n4)cc3)c(C(N)=O)c3cnc(C)cn23)cc1,5.66,0.0,1
CHEMBL3650,CC#CC(=O)Nc1ccccc1Nc1cc(N(C)C(=O)Nc2c(Cl)c(OC)cc(OC)c2Cl)ncn1,5.78,0.0,1
CHEMBL3650,CC(=O)N1CCN(Cc2ccc3cc(C(=O)c4cnn(-c5ccc6[nH]c(C)nc6c5)c4N)[nH]c3c2)CC1,8.74,0.0,1
CHEMBL3650,CC(=O)Nc1cc(-c2c(F)cccc2F)cc(-n2cnc3cc(-n4cccn4)ccc32)c1,8.14,0.0,1
CHEMBL3650,CC(=O)Nc1cc(-c2ccc(C)o2)cc(-n2cnc3cc(-c4cnn(CCN(C)C)c4)ccc32)c1,7.8,0.0,1
CHEMBL3650,CC(=O)Nc1cc(-c2ccc(C)o2)cc(-n2cnc3cc(-c4cnn(CCN5CCOCC5)c4)ccc32)c1,7.43,0.0,1
CHEMBL3650,CC(=O)Nc1cc(-c2ccc(F)cc2)cc(-n2cnc3cc(-c4ccc(F)nc4)ccc32)c1,7.23,0.0,1
CHEMBL3650,CC(=O)Nc1cc(-c2ccc(F)cc2)cc(-n2cnc3cc(-c4cnn(CCC(C)(C)O)c4)ccc32)c1,8.47,0.0,1
CHEMBL3650,CC(=O)Nc1cc(-c2ccc(F)cc2)cc(-n2cnc3cc(-n4cccn4)ccc32)c1,8.0,0.0,1
CHEMBL3650,CC(=O)Nc1cc(-c2ccc(F)cc2F)cc(-n2cnc3cc(-c4ccc(F)nc4)cnc32)c1,7.83,0.0,1
CHEMBL3650,CC(=O)Nc1cc(-c2ccc(F)cc2F)cc(-n2cnc3cc(-c4cnco4)ccc32)c1,8.42,0.0,1
CHEMBL3650,CC(=O)Nc1cc(-c2ccc(F)cc2F)cc(-n2cnc3cc(-c4cnn(C)c4)cnc32)c1,8.89,0.0,1
CHEMBL3650,CC(=O)Nc1cc(-c2ccc(F)cc2F)cc(-n2cnc3cc(C4=NCCN4)ccc32)c1,7.03,0.0,1
CHEMBL3650,CC(=O)Nc1cc(-n2cccc2)cc(-n2cnc3cc(-c4cn(CCC(C)(C)O)nn4)ccc32)c1,8.74,0.0,1
CHEMBL3650,CC(=O)Nc1cc(-n2cccn2)cc(-n2cnc3cc(-c4cnn(CC5CC5)c4)ccc32)c1,7.21,0.0,1
CHEMBL3650,CC(=O)Nc1cc(-n2cncn2)cc(-n2cnc3cc(-c4cnn(C)c4)ccc32)c1,7.21,0.0,1
CHEMBL3650,CC(=O)Nc1cccc(-c2cnc3[nH]nc(C)c3c2)c1,5.22,0.0,1
CHEMBL3650,CC(=O)Nc1ccccc1-c1ncc(N[C@@H](CO)c2ccccc2)cc1-c1ccc2[nH]nc(C)c2c1,6.38,0.0,1
CHEMBL3650,CC(=O)Nc1nc(O)c2nc(-c3c[nH]c4cccc(Br)c34)[nH]c2n1,5.81,0.0,1
CHEMBL3650,CC(=O)Nc1nc(O)c2nc(-c3c[nH]c4ccccc34)[nH]c2n1,5.5,0.0,1
CHEMBL3650,CC(=O)Nc1nc(O)c2nc(-c3ccc(C)cc3C)[nH]c2n1,5.02,0.0,1
CHEMBL3650,CC(=O)Nc1nc(O)c2nc(-c3ccccc3)[nH]c2n1,4.75,0.0,1
CHEMBL3650,CC(=O)Nc1ncc2cc(-c3c(Cl)cccc3Cl)c(=O)n(C)c2n1,5.24,0.0,1
CHEMBL3650,CC(C)(C)NC(=O)Nc1ccc2[nH]nc(-c3nc4cc(N5CCC(N6CCCCC6)CC5)ccc4[nH]3)c2c1,9.0,0.0,1
CHEMBL3650,CC(C)(C)NC(=O)Nc1cccc2[nH]nc(-c3nc4cc(N5CCC(N6CCCCC6)CC5)ccc4[nH]3)c12,8.52,0.0,1
CHEMBL3650,CC(C)(C)NC(=O)Nc1nc2cc(N)ncc2cc1-c1c(Cl)cccc1Cl,6.92,0.0,1
CHEMBL3650,CC(C)(C)NC(=O)Nc1nc2cc(N)ncc2cc1-c1ccccc1,5.72,0.0,1
CHEMBL3650,CC(C)(C)NC(=O)Nc1nc2nc(N)ncc2cc1-c1c(Br)cccc1Br,6.54,0.0,1
CHEMBL3650,CC(C)(C)NC(=O)Nc1nc2nc(N)ncc2cc1-c1c(Cl)ccc(Cl)c1Cl,6.96,0.0,1
CHEMBL3650,CC(C)(C)NC(=O)Nc1nc2nc(N)ncc2cc1-c1c(Cl)cccc1Br,6.75,0.0,1
CHEMBL3650,CC(C)(C)NC(=O)Nc1nc2nc(N)ncc2cc1-c1c(Cl)cccc1Cl,6.8999999999999995,0.05567764362830071,3
CHEMBL3650,CC(C)(C)NC(=O)Nc1nc2nc(N)ncc2cc1-c1c(F)cccc1F,6.96,0.0,1
CHEMBL3650,CC(C)(C)NC(=O)Nc1nc2nc(N)ncc2cc1-c1cc(F)cc(F)c1,5.96,0.0,1
CHEMBL3650,CC(C)(C)NC(=O)Nc1nc2nc(N)ncc2cc1-c1cccc(Cl)c1Cl,6.8,0.0,1
CHEMBL3650,CC(C)(C)NC(=O)Nc1nc2nc(N)ncc2cc1-c1ccccc1,5.265,0.23334523779156074,2
CHEMBL3650,CC(C)(C)NC(=O)Nc1nc2nc(NCCCN3CCOCC3)ncc2cc1-c1c(Cl)cccc1Cl,7.14,0.0,1
CHEMBL3650,CC(C)(C)c1cc(NC(=O)Nc2ccc(Nc3ncnc4c3OCCCN4)cc2)no1,6.06,0.0,1
CHEMBL3650,CC(C)(C)c1cc(NC(=O)c2cccc(Oc3cccc4[nH]c(=O)[nH]c34)c2)n(-c2ccccc2)n1,5.37,0.0,1
CHEMBL3650,CC(C)(O)CCn1cc(-c2ccc3c(c2)ncn3-c2cc(NS(=O)(=O)C3CC3)cc(-c3ccc(F)cc3F)c2)nn1,8.15,0.0,1
CHEMBL3650,CC(C)/N=C(/Nc1nc2nc(NCCCN3CCN(C)CC3)ncc2cc1-c1c(Cl)cccc1Cl)NC(C)C,5.6,0.0,1
CHEMBL3650,CC(C)=CC(=O)Nc1ccc(Cn2cnc3c(Cl)ncnc32)cc1,8.79,0.0,1
CHEMBL3650,CC(C)C(=O)N1CCC(n2cc(-c3n[nH]c4cnc(N5C6CCC5C(=O)N(C)C6)nc34)cn2)CC1,6.52,0.0,1
CHEMBL3650,CC(C)C(=O)Nc1ccc(Cn2cnc3c(Cl)ncnc32)cc1,8.81,0.0,1
CHEMBL3650,CC(C)COc1cc(N2CCC(N(C)C)CC2)ccc1Nc1ncc(C#N)c(N[C@H]2[C@@H](C(N)=O)[C@@H]3C=C[C@H]2C3)n1,6.55,0.0,1
CHEMBL3650,CC(C)Cn1c2ccc(Nc3ncccn3)cc2c2c3c(c4c(c21)CCc1nn(C)cc1-4)C(=O)NC3,7.89,0.0,1
CHEMBL3650,CC(C)N1CC2CCC(C1=O)C2c1ncc2[nH]nc(-c3cnn(C)c3)c2n1,6.87,0.0,1
CHEMBL3650,CC(C)N1CC2CCC(C1=O)N2c1ncc2[nH]nc(-c3cnn(C)c3)c2n1,6.52,0.0,1
CHEMBL3650,CC(C)N1CCN(c2ncc3[nH]nc(-c4cnn(C)c4)c3n2)C(C)C1=O,5.9,0.0,1
CHEMBL3650,CC(C)NC(=O)N1C[C@@H](C)N(c2ncc3[nH]nc(-c4ccc(N5CCN[C@H](C)C5)nc4)c3n2)[C@@H](C)C1,5.9,0.0,1
CHEMBL3650,CC(C)NC(=O)Nc1nc2nc(NCCCN3CCN(C)CC3)ncc2cc1-c1c(Cl)cccc1Cl,7.47,0.0,1
CHEMBL3650,CC(C)NCCN(c1cc(Cl)cc(Cl)c1)c1ccc2ncc(-c3cnn(C)c3)nc2c1,7.96,0.0,1
CHEMBL3650,CC(C)Nc1ncc2cc(-c3c(Cl)cccc3Cl)c(=O)n(C)c2n1,6.16,0.0,1
CHEMBL3650,CC(C)OCc1ccc2c(c1)c1c3c(c4c(c1n2CCCO)Cc1ccccc1-4)C(=O)NC3,6.79,0.0,1
CHEMBL3650,CC(C)Oc1cc(-n2cnc3ccc(N[C@@H](C)c4ccc(F)cn4)nc32)n[nH]1,8.06,0.0,1
CHEMBL3650,CC(C)Oc1cc(N2CCC(N3CCN(C)CC3)CC2)ccc1Nc1ncc(Cl)c(Nc2ccccc2S(=O)(=O)C(C)C)n1,5.2,0.0,1
CHEMBL3650,CC(C)Oc1ccc2c(c1)ncn2-c1ccccc1,4.3,0.0,1
CHEMBL3650,CC(C)Oc1cccc(N(CC2CC2)c2ccc3ncc(-c4cnn(C)c4)nc3c2)c1,5.99,0.0,1
CHEMBL3650,CC(C)S(=O)(=O)Nc1cc(-c2cc(F)ccc2F)cc(-n2cnc3cc(-c4cnn(CCN5CCOCC5)c4)ccc32)c1,7.32,0.0,1
CHEMBL3650,CC(C)S(=O)(=O)Nc1cc(-c2ccc(F)cc2F)cc(-n2cnc3cc(-c4cnco4)ccc32)c1,7.47,0.0,1
CHEMBL3650,CC(C)c1ccc2c(c1)CC[C@H]1[C@](C)(C/N=C/c3c(O)ccc4ccccc34)CCC[C@]21C,5.92,0.0,1
CHEMBL3650,CC(C)n1cc(-c2ccc3c(c2)ncn3-c2cc(NS(=O)(=O)C3CC3)cc(-c3ccc(F)cc3F)c2)cn1,7.7,0.0,1
CHEMBL3650,CC(C)n1cc(-c2n[nH]c3cnc(C4C5CCC4C(=O)N(C)C5)nc23)cn1,6.75,0.0,1
CHEMBL3650,CC(C)n1cc(-c2n[nH]c3cnc(N4C5CCC4C(=O)N(C)C5)nc23)cn1,6.52,0.0,1
CHEMBL3650,CC(Cl)C(=O)Nc1ccc(Cn2cnc3c(Cl)ncnc32)cc1,8.8,0.0,1
CHEMBL3650,CC(Oc1ccc2[nH]nc(-c3cc4ccccc4[nH]3)c2c1)c1c(Cl)cncc1Cl,8.62,0.0,1
CHEMBL3650,CC(Oc1ccc2[nH]nc(-c3nc4cc(C5CCN(C)CC5)ccc4[nH]3)c2c1)c1c(Cl)cncc1Cl,9.0,0.0,1
CHEMBL3650,CC(Oc1ccc2[nH]nc(-c3nc4cc(CCO)ccc4[nH]3)c2c1)c1c(Cl)cncc1Cl,8.82,0.0,1
CHEMBL3650,CC(Oc1ccc2[nH]nc(-c3nc4cc(F)ccc4[nH]3)c2c1)c1c(Cl)cncc1Cl,8.68,0.0,1
CHEMBL3650,CC(Oc1ccc2[nH]nc(-c3nc4cc(N(C)C(=O)CN(C)C)ccc4[nH]3)c2c1)c1c(Cl)cncc1Cl,9.4,0.0,1
CHEMBL3650,CC(Oc1ccc2[nH]nc(-c3nc4cc(N5CCC(N6CCCCC6)CC5)ccc4[nH]3)c2c1)c1c(Cl)cncc1Cl,9.1,0.0,1
CHEMBL3650,CC(Oc1ccc2[nH]nc(-c3nc4cc(N5CCCCC5)ccc4[nH]3)c2c1)c1c(Cl)ccnc1Cl,7.65,0.0,1
CHEMBL3650,CC(Oc1ccc2[nH]nc(-c3nc4cc(N5CCCCC5)ccc4[nH]3)c2c1)c1c(Cl)cncc1Cl,8.57,0.0,1
CHEMBL3650,CC(Oc1ccc2[nH]nc(-c3nc4cc(N5CCCN(C)CC5)ccc4[nH]3)c2c1)c1c(Cl)cncc1Cl,8.12,0.0,1
CHEMBL3650,CC(Oc1ccc2[nH]nc(-c3nc4cc(N5CCN(C)CC5)ccc4[nH]3)c2c1)c1c(Cl)cncc1Cl,9.0,0.0,1
CHEMBL3650,CC(Oc1ccc2[nH]nc(-c3nc4cc(N5CCOCC5)ccc4[nH]3)c2c1)c1c(Cl)cncc1Cl,9.7,0.0,1
CHEMBL3650,CC(Oc1ccc2[nH]nc(-c3nc4cc(N5C[C@@H](C)N[C@@H](C)C5)ccc4[nH]3)c2c1)c1c(Cl)cncc1Cl,8.85,0.0,1
CHEMBL3650,CC(Oc1ccc2[nH]nc(-c3nc4cc(NCCN(C)C)ccc4[nH]3)c2c1)c1c(Cl)cncc1Cl,9.52,0.0,1
CHEMBL3650,CC(Oc1ccc2[nH]nc(-c3nc4ccccc4[nH]3)c2c1)c1c(Cl)cncc1Cl,8.74,0.0,1
CHEMBL3650,CC(Oc1ccc2[nH]nc(-c3nc4ccccc4o3)c2c1)c1c(Cl)cncc1Cl,8.29,0.0,1
CHEMBL3650,CC(Oc1ccc2[nH]nc(-c3nc4ccccc4s3)c2c1)c1c(Cl)cncc1Cl,6.64,0.0,1
CHEMBL3650,CC(Sc1ccc2c3c(cccc13)C1=NC(=O)C(C#N)=C12)C1(C)CSCO1,5.44,0.0,1
CHEMBL3650,CC/C=C/C(=O)N1CCCC(n2nc3c(=O)[nH]nc(N)c3c2-c2oc3ccc(C)cc3c2C)C1,6.91,0.0,1
CHEMBL3650,CC/N=C(\N)Nc1nc2nc(NCCCN(CC)CC)ncc2cc1-c1c(Cl)cccc1Cl,5.57,0.0,1
CHEMBL3650,CC/N=C(\S)Nc1nc2nc(NCCCN(CC)CC)ncc2cc1-c1c(Cl)cccc1Cl,6.58,0.0,1
CHEMBL3650,CC1C(=O)N(C)CCN1c1ncc2[nH]nc(-c3cnn(C)c3)c2n1,6.49,0.042426406871192264,2
CHEMBL3650,CC1C(=O)N(CC(F)F)CCN1c1ncc2[nH]nc(-c3cnn(C)c3)c2n1,6.52,0.0,1
CHEMBL3650,CC1CCCCN1CCCNc1ncc2cc(-c3c(Cl)cccc3Cl)c(NC(=O)NC(C)(C)C)nc2n1,7.22,0.0,1
CHEMBL3650,CC1CCN(Cc2ccc(-c3cnc(N)c(C(=O)Nc4cc(O)cc(O)c4)n3)cc2)CC1,5.74,0.0,1
CHEMBL3650,CC1CCc2sc3ncnc(Nc4cccc(O)c4)c3c2C1,6.35,0.0,1
CHEMBL3650,CC1CN(C)C(=O)CN1c1ncc2[nH]nc(-c3cnn(C)c3)c2n1,5.92,0.0,1
CHEMBL3650,CC1c2nccn2CCN1c1ncc2[nH]nc(-c3cnn(C)c3)c2n1,5.9,0.0,1
CHEMBL3650,CCC#CC(=O)N1CCC(n2nc3c(=O)[nH]nc(N)c3c2-c2oc3ccc(C)cc3c2C)CC1,8.11,0.0,1
CHEMBL3650,CCC#CC(=O)N1CCCC(n2nc3c(=O)[nH]nc(N)c3c2-c2oc3ccc(C)cc3c2C)C1,7.59,0.0,1
CHEMBL3650,CCC(=O)N1CCC(Cn2cc(-c3cc4cc(C)cc(OC)c4s3)c3c(N)ncnc32)C1,8.77,0.0,1
CHEMBL3650,CCC(=O)N1CCC(n2cc(-c3cc4cc(C)cc(OC)c4s3)c3c(N)ncnc32)C1,9.1,0.0,1
CHEMBL3650,CCC(=O)N1CCCC(n2nc3c(=O)[nH]nc(N)c3c2-c2oc3ccc(C)cc3c2C)C1,7.42,0.0,1
CHEMBL3650,CCC(=O)Nc1cc(N2CCOCC2)ccc1Nc1ncc2cc(-c3c(Cl)c(OC)cc(OC)c3Cl)c3nccn3c2n1,8.0,0.0,1
CHEMBL3650,CCC(=O)Nc1ccc(Cn2cnc3c(Cl)ncnc32)cc1,8.97,0.0,1
CHEMBL3650,CCC(=O)Oc1ccc(/C=C2\CC/C(=C\c3ccc(N4CCCC4)cc3)C2=O)cc1OC,4.97,0.0,1
CHEMBL3650,CCC(=O)Oc1ccc(/C=C2\CC/C(=C\c3ccc(OC(=O)CC)c(OC)c3)C2=O)cc1OC,5.52,0.0,1
CHEMBL3650,CCC(=O)Oc1ccc(/C=C2\CCC/C(=C\c3ccc(N(CC)CC)cc3)C2=O)cc1OC,4.91,0.0,1
CHEMBL3650,CCC(=O)Oc1ccc(/C=C2\CCC/C(=C\c3ccc(N4CCCCC4)cc3)C2=O)cc1OC,4.82,0.0,1
CHEMBL3650,CCC(=O)Oc1ccc(/C=C2\CCC/C(=C\c3ccc(N4CCOCC4)cc3)C2=O)cc1OC,4.72,0.0,1
CHEMBL3650,CCC(C)NCc1cn2ncnc(N)c2c1-c1cc2cc(C)cc(OC)c2s1,7.47,0.0,1
CHEMBL3650,CCC(CC)n1cc(-c2cnc(N)c(-c3ccc(=O)n(-c4cc(OC)cc(OC)c4)n3)n2)cn1,7.64,0.0,1
CHEMBL3650,CCC(Oc1ccc2[nH]nc(-c3nc4cc(N5CCCCC5)ccc4[nH]3)c2c1)c1c(Cl)cncc1Cl,8.24,0.0,1
CHEMBL3650,CCC1C(=O)N(C)CCN1c1ncc2[nH]nc(-c3cnn(C)c3)c2n1,6.52,0.0,1
CHEMBL3650,CCC1CCN(C)C(Nc2c(-c3nc4ccccc4[nH]3)c(=O)[nH]c3ccccc23)C1,6.72,0.0,1
CHEMBL3650,CCCC(=O)Nc1nc2nc(NCCCN3CCN(C)CC3)ncc2cc1-c1c(Cl)cccc1Cl,5.43,0.0,1
CHEMBL3650,CCCCCCCCCCCCN1C(=O)c2cccc3c(NCCNCCN(C)C)ccc(c23)C1=O,4.54,0.0,1
CHEMBL3650,CCCCCCCCN1C(=O)c2cccc3c(NCCNCCN(C)C)ccc(c23)C1=O,4.74,0.0,1
CHEMBL3650,CCCCCCCCNC(=O)Nc1nc2nc(NCCCN3CCN(C)CC3)ncc2cc1-c1c(Cl)cccc1Cl,6.38,0.0,1
CHEMBL3650,CCCCNC(=O)c1ccc2c(c1)C(=C(c1ccccc1)c1nc3ccccc3[nH]1)C(=O)N2,6.49,0.0,1
CHEMBL3650,CCCCNS(=O)(=O)c1ccc2c(c1)C(=C(c1ccccc1)c1nc3ccccc3[nH]1)C(=O)N2,6.52,0.0,1
CHEMBL3650,CCCCNc1ncc2cc(-c3c(Cl)cccc3Cl)c(=O)n(C)c2n1,5.35,0.0,1
CHEMBL3650,CCCCOCc1c(-c2cc3cc(C)cc(OC)c3s2)c2c(N)ncnn2c1CN1CCNCC1,7.75,0.0,1
CHEMBL3650,CCCCOc1ccc2[nH]c(C(=O)c3cnn(-c4ccc5[nH]c(C)nc5c4)c3N)cc2c1,7.66,0.0,1
CHEMBL3650,CCCCOc1ccc2c(c1)ncn2-c1ccccc1,4.3,0.0,1
CHEMBL3650,CCCCc1ccc2cc(C(=O)c3cnn(-c4ccc5[nH]c(C)nc5c4)c3N)[nH]c2c1,6.64,0.0,1
CHEMBL3650,CCCN1C(=O)N(c2c(F)c(OC)cc(OC)c2F)Cc2cnc(-c3cn(C)nc3C)cc21,7.7,0.0,1
CHEMBL3650,CCCNC(=O)c1ccc(-c2cc3c(cn2)CN(c2c(F)c(OC)cc(OC)c2F)C(=O)N3CC)cn1,7.7,0.0,1
CHEMBL3650,CCCNC(=O)c1ccc(Nc2nc(NCC(F)(F)F)c3cc[nH]c3n2)cc1,5.39,0.0,1
CHEMBL3650,CCCOCc1c(-c2cc3cc(C)cc(OC)c3s2)c2c(N)ncnn2c1CN1CCNCC1,8.89,0.0,1
CHEMBL3650,CCCOc1ccc2c(c1)ncn2-c1ccccc1,4.46,0.0,1
CHEMBL3650,CCCSC(=O)COC(=O)C1=C2C(=NC1=O)c1cccc3cccc2c13,7.19,0.0,1
CHEMBL3650,CCCc1cc(-c2nc(-c3cnn(C)c3)cnc2N)nn(-c2cc(OC)cc(OC)c2)c1=O,5.81,0.0,1
CHEMBL3650,CCCn1cc(-c2cnc3ccc(N(CCN)c4cc(OC)cc(OC)c4)cc3n2)cn1,8.82,0.0,1
CHEMBL3650,CCCn1cc(-c2n[nH]c3cc(-c4cc(C(=O)Nc5cccc(C(F)(F)F)c5)ccc4C)ccc23)cn1,7.89,0.0,1
CHEMBL3650,CCCn1cc(N2C(=O)N(c3c(F)c(OC)cc(OC)c3F)Cc3cnc(-c4cn(C)nc4C)cc32)cn1,6.94,0.0,1
CHEMBL3650,CCN(CC)C(=O)Nc1nc2nc(NCCCN3CCN(C)CC3)ncc2cc1-c1c(Cl)cccc1Cl,5.26,0.0,1
CHEMBL3650,CCN(CC)C(=O)c1ccc(Nc2cc3c(cn2)cc(-c2c(Cl)cccc2Cl)c(=O)n3C)cc1,5.72,0.0,1
CHEMBL3650,CCN(CC)C(=O)c1ccc(Nc2ncc3cc(-c4c(Cl)cccc4Cl)c(=O)n(C)c3n2)cc1,6.75,0.0,1
CHEMBL3650,CCN(CC)C1CCN(Cc2ccc(-c3cnc(N)c(C(=O)Nc4cc(O)cc(O)c4)n3)cc2)CC1,6.14,0.0,1
CHEMBL3650,CCN(CC)CCCC(C)Nc1nc(/C=C/c2c(Cl)cc(Cl)cc2Cl)nc2ccc(N)cc12,5.05,0.0,1
CHEMBL3650,CCN(CC)CCCCCNc1cc2c(cn1)cc(-c1c(Cl)cccc1Cl)c(=O)n2C,7.1,0.0,1
CHEMBL3650,CCN(CC)CCCCCNc1cc2nc(NC(=O)NC(C)(C)C)c(-c3cc(OC)cc(OC)c3)cc2cn1,7.885,0.4737615433949877,2
CHEMBL3650,CCN(CC)CCCCNc1cc2c(cn1)cc(-c1c(Cl)cccc1Cl)c(=O)n2C,7.1,0.0,1
CHEMBL3650,CCN(CC)CCCCNc1cc2nc(N)c(-c3c(Cl)cccc3Cl)cc2cn1,6.33,0.1838477631085022,2
CHEMBL3650,CCN(CC)CCCCNc1cc2nc(N)c(-c3cc(OC)cc(OC)c3)cc2cn1,7.199999999999999,0.1979898987322338,2
CHEMBL3650,CCN(CC)CCCCNc1cc2nc(N)c(-c3ccccc3)cc2cn1,5.324999999999999,0.261629509039023,2
CHEMBL3650,CCN(CC)CCCCNc1cc2nc(NC(=O)NC(C)(C)C)c(-c3c(Cl)cccc3Cl)cc2cn1,7.875,0.38890872965260165,2
CHEMBL3650,CCN(CC)CCCCNc1cc2nc(NC(=O)NC(C)(C)C)c(-c3cc(OC)cc(OC)c3)cc2cn1,7.91,0.4384062043356602,2
CHEMBL3650,CCN(CC)CCCCNc1cc2nc(NC(=O)NC(C)(C)C)c(-c3ccccc3)cc2cn1,6.609999999999999,0.1272792206135793,2
CHEMBL3650,CCN(CC)CCCCNc1cc2nc(O)c(-c3c(Cl)cccc3Cl)cc2cn1,6.77,0.0,1
CHEMBL3650,CCN(CC)CCCCNc1ncc2cc(-c3c(Cl)c(OC)cc(OC)c3Cl)c(=O)n(CCc3ccc(NC(=O)C(C#N)=CC(C)C)cc3)c2n1,8.82,0.0,1
CHEMBL3650,CCN(CC)CCCCNc1ncc2cc(-c3c(Cl)c(OC)cc(OC)c3Cl)c(=O)n(Cc3cccc(NC(=O)C(C#N)=CC(C)C)c3)c2n1,8.72,0.0,1
CHEMBL3650,CCN(CC)CCCCNc1ncc2cc(-c3c(Cl)cccc3Cl)c(/N=C(\S)NCCCN3CCOCC3)nc2n1,6.89,0.0,1
CHEMBL3650,CCN(CC)CCCCNc1ncc2cc(-c3c(Cl)cccc3Cl)c(NC(=O)NC(C)(C)C)nc2n1,7.32,0.0,1
CHEMBL3650,CCN(CC)CCCCNc1ncc2cc(-c3c(Cl)cccc3Cl)c(NC(=O)NC3CCCCC3)nc2n1,7.37,0.0,1
CHEMBL3650,CCN(CC)CCCCNc1ncc2cc(-c3c(Cl)cccc3Cl)c(NC(=O)Nc3ccccc3)nc2n1,6.96,0.0,1
CHEMBL3650,CCN(CC)CCCCNc1ncc2cc(-c3cc(OC)cc(OC)c3)c(NC(=O)NC(C)(C)C)nc2n1,7.6000000000000005,0.07974960814950773,6
CHEMBL3650,CCN(CC)CCCCNc1ncc2cc(-c3ccccc3Cl)c(=O)n(CCC3CCCN(C(=O)C(C#N)=CC(C)C)C3)c2n1,6.48,0.0,1
CHEMBL3650,CCN(CC)CCCCNc1ncc2cc(-c3ccccc3Cl)c(=O)n(CCc3cccc(NC(=O)C(C#N)=CC(C)C)c3)c2n1,6.9,0.0,1
CHEMBL3650,CCN(CC)CCCNc1cc2c(cn1)cc(-c1c(Cl)cccc1Cl)c(=O)n2C,6.82,0.0,1
CHEMBL3650,CCN(CC)CCCNc1cc2nc(NC(=O)NC(C)(C)C)c(-c3cc(OC)cc(OC)c3)cc2cn1,7.66,0.6222539674441614,2
CHEMBL3650,CCN(CC)CCCNc1ncc2cc(-c3c(Br)cccc3Br)c(N)nc2n1,5.08,0.0,1
CHEMBL3650,CCN(CC)CCCNc1ncc2cc(-c3c(Br)cccc3Br)c(NC(=O)NC(C)(C)C)nc2n1,6.72,0.0,1
CHEMBL3650,CCN(CC)CCCNc1ncc2cc(-c3c(C)cccc3C)c(N)nc2n1,4.75,0.0,1
CHEMBL3650,CCN(CC)CCCNc1ncc2cc(-c3c(C)cccc3C)c(NC(=O)NC(C)(C)C)nc2n1,6.47,0.0,1
CHEMBL3650,CCN(CC)CCCNc1ncc2cc(-c3c(Cl)cccc3Cl)c(/N=C\N(C)C)nc2n1,5.0,0.0,1
CHEMBL3650,CCN(CC)CCCNc1ncc2cc(-c3c(Cl)cccc3Cl)c(=O)n(C)c2n1,4.855,0.007071067811866266,2
CHEMBL3650,CCN(CC)CCCNc1ncc2cc(-c3c(Cl)cccc3Cl)c(N)nc2n1,5.62,0.0,1
CHEMBL3650,CCN(CC)CCCNc1ncc2cc(-c3c(Cl)cccc3Cl)c(NC(=O)CC(C)(C)C)nc2n1,4.57,0.0,1
CHEMBL3650,CCN(CC)CCCNc1ncc2cc(-c3c(Cl)cccc3Cl)c(NC(=O)NC(C)(C)C)nc2n1,7.09,0.0,1
CHEMBL3650,CCN(CC)CCCNc1ncc2cc(-c3c(Cl)cccc3Cl)c(NC(=O)NC(C)C)nc2n1,7.11,0.0,1
CHEMBL3650,CCN(CC)CCCOc1ccc(Nc2cc3c(cn2)cc(-c2c(Cl)cccc2Cl)c(=O)n3C)cc1,6.6,0.0,1
CHEMBL3650,CCN(CC)CCCOc1ccc(Nc2cc3nc(O)c(-c4c(Cl)cccc4Cl)cc3cn2)cc1,6.36,0.0,1
CHEMBL3650,CCN(CC)CCCc1cc2nc(CCc3cc(OC)cc(OC)c3)cnc2[nH]1,6.52,0.0,1
CHEMBL3650,CCN(CC)CCN(c1cc(OC)cc(OC)c1)c1ccc2ncc(-c3cnn(C)c3)nc2c1,8.79,0.0,1
CHEMBL3650,CCN(CC)CCNC(=O)c1c(C)[nH]c(/C=C2\C(=O)Nc3ccc(Br)cc32)c1C,6.14,0.0,1
CHEMBL3650,CCN(CC)CCNC(=O)c1c(C)[nH]c(/C=C2\C(=O)Nc3ccc(Cl)cc32)c1C,6.77,0.0,1
CHEMBL3650,CCN(CC)CCNC(=O)c1c(C)[nH]c(/C=C2\C(=O)Nc3ccc(F)cc32)c1C,6.093333333333334,0.6242061625243164,3
CHEMBL3650,CCN(CC)CCNC(=O)c1c(C)[nH]c(/C=C2\C(=O)Nc3ccccc32)c1C,6.06,0.0,1
CHEMBL3650,CCN(CC)CCNC(=O)c1c(C)[nH]c(/C=C2\CNc3ccc(F)cc32)c1C,5.57,0.0,1
CHEMBL3650,CCN(CC)CCNc1cc2c(cn1)cc(-c1c(Cl)cccc1Cl)c(=O)n2C,4.48,0.0,1
CHEMBL3650,CCN(CC)CCNc1ncc2cc(-c3c(Cl)cccc3Cl)c(NC(=O)NC(C)(C)C)nc2n1,5.75,0.0,1
CHEMBL3650,CCN(CC)CCOc1c(C(=O)OC)c2c3c(oc2c2ccccc12)C(=O)c1ccccc1C3=O,5.06,0.0,1
CHEMBL3650,CCN(CC)CCOc1ccc(C)c(-c2cc3cnc(N)nc3nc2NC(=O)NC(C)(C)C)c1C,6.05,0.0,1
CHEMBL3650,CCN(CC)CCOc1ccc(Nc2cc(NC(=O)Nc3c(Cl)cccc3Cl)ncn2)cc1,6.24,0.0,1
CHEMBL3650,CCN(CC)CCOc1ccc(Nc2cc3c(cn2)cc(-c2c(Cl)cccc2Cl)c(=O)n3C)cc1,6.89,0.0,1
CHEMBL3650,CCN(CC)CCOc1ccc(Nc2ncc3cc(-c4c(Cl)cccc4Cl)c(=O)n(C)c3n2)cc1,7.37,0.0,1
CHEMBL3650,CCN(CC)CCOc1ccc(Nc2ncc3cc(-c4c(Cl)cccc4Cl)c(=O)n(CC)c3n2)cc1,7.52,0.0,1
CHEMBL3650,CCN(CC)CCOc1cccc(Nc2ncc3cc(-c4c(Cl)cccc4Cl)c(=O)n(C)c3n2)c1,7.51,0.014142135623730649,2
CHEMBL3650,CCN(CC)Cc1c(-c2cc3cc(C)cc(OC)c3s2)c2c(N)ncnn2c1CN1CCNCC1,8.07,0.0,1
CHEMBL3650,CCN(CC)Cc1cc(OC)cc(N(CCCN2CCCC2)c2ccc3ncc(-c4cnn(C)c4)nc3c2)c1,6.88,0.0,1
CHEMBL3650,CCN(CC)c1ccc(/C=C/C(=O)/C=C/c2ccc(O)c(OC)c2)cc1,5.32,0.0,1
CHEMBL3650,CCN(CC)c1cncc(C#Cc2cc(C(=O)Nc3ccc(CN4CCN(C)CC4)c(C(F)(F)F)c3)ccc2C)c1,8.19,0.0,1
CHEMBL3650,CCN(CCN(c1cc(OC)cc(OC)c1)c1ccc2ncc(-c3cnn(C)c3)nc2c1)C(C)C,8.63,0.0,1
CHEMBL3650,CCN(CCOc1ccc(Nc2ncc3cc(-c4c(Cl)cccc4Cl)c(=O)n(C)c3n2)cc1)C(C)=O,6.61,0.0,1
CHEMBL3650,CCN(c1cc(OC)cc(OC)c1)c1ccc2ncc(-c3cnn(C)c3)nc2c1,8.53,0.0,1
CHEMBL3650,CCN1C(=O)N(c2c(F)c(OC)cc(OC)c2F)C(O)c2cnc3[nH]c(CN4CCOCC4)cc3c21,7.26,0.0,1
CHEMBL3650,CCN1C(=O)N(c2c(F)c(OC)cc(OC)c2F)Cc2cnc(-c3ccc(C(=O)NC(C)C)nc3)cc21,7.7,0.0,1
CHEMBL3650,CCN1C(=O)N(c2c(F)c(OC)cc(OC)c2F)Cc2cnc(-c3ccc(C(=O)NC)nc3)cc21,7.7,0.0,1
CHEMBL3650,CCN1C(=O)N(c2c(F)c(OC)cc(OC)c2F)Cc2cnc(-c3ccc(C(=O)NC4CC4)nc3)cc21,7.7,0.0,1
CHEMBL3650,CCN1C(=O)N(c2c(F)c(OC)cc(OC)c2F)Cc2cnc(-c3ccc(C(=O)NCCO)nc3)cc21,7.7,0.0,1
CHEMBL3650,CCN1C(=O)N(c2c(F)c(OC)cc(OC)c2F)Cc2cnc(-c3ccc(C(C)(C)C#N)nc3)cc21,7.7,0.0,1
CHEMBL3650,CCN1C(=O)N(c2c(F)c(OC)cc(OC)c2F)Cc2cnc(-c3ccc(C(N)=O)nc3)cc21,7.7,0.0,1
CHEMBL3650,CCN1C(=O)N(c2c(F)c(OC)cc(OC)c2F)Cc2cnc(-c3ccc(C4(C#N)CC4)cc3)cc21,7.7,0.0,1
CHEMBL3650,CCN1C(=O)N(c2c(F)c(OC)cc(OC)c2F)Cc2cnc(-c3ccc(C4(C#N)CCC4)cc3)cc21,6.94,0.0,1
CHEMBL3650,CCN1C(=O)N(c2c(F)c(OC)cc(OC)c2F)Cc2cnc(-c3ccc(C4(C#N)CCC4)nc3)cc21,7.7,0.0,1
CHEMBL3650,CCN1C(=O)N(c2c(F)c(OC)cc(OC)c2F)Cc2cnc(-c3ccc(CC#N)cc3)cc21,6.94,0.0,1
CHEMBL3650,CCN1C(=O)N(c2c(F)c(OC)cc(OC)c2F)Cc2cnc(-c3ccc(CN4CC[C@H](C#N)C4)cc3)cc21,7.7,0.0,1
CHEMBL3650,CCN1C(=O)N(c2c(F)c(OC)cc(OC)c2F)Cc2cnc(-c3ccc(N4CCOCC4)nc3)cc21,7.7,0.0,1
CHEMBL3650,CCN1C(=O)N(c2c(F)c(OC)cc(OC)c2F)Cc2cnc(-c3ccccc3)cc21,6.94,0.0,1
CHEMBL3650,CCN1C(=O)N(c2c(F)c(OC)cc(OC)c2F)Cc2cnc(-c3cccnc3)cc21,6.94,0.0,1
CHEMBL3650,CCN1C(=O)N(c2c(F)c(OC)cc(OC)c2F)Cc2cnc(-c3ccn(C)n3)cc21,6.94,0.0,1
CHEMBL3650,CCN1C(=O)N(c2c(F)c(OC)cc(OC)c2F)Cc2cnc(-c3cn(C)nc3C)cc21,7.7,0.0,1
CHEMBL3650,CCN1C(=O)N(c2c(F)c(OC)cc(OC)c2F)Cc2cnc(-c3cn(CC)nc3C)cc21,7.7,0.0,1
CHEMBL3650,CCN1C(=O)N(c2c(F)c(OC)cc(OC)c2F)Cc2cnc(-c3cn(CCN4CCOCC4)nc3C)cc21,6.94,0.0,1
CHEMBL3650,CCN1C(=O)N(c2c(F)c(OC)cc(OC)c2F)Cc2cnc(-c3cn(Cc4cccnc4)nc3C)cc21,6.94,0.0,1
CHEMBL3650,CCN1C(=O)N(c2c(F)c(OC)cc(OC)c2F)Cc2cnc3[nH]c(CN4CCOCC4)cc3c21,8.2125,1.7169425344683693,4
CHEMBL3650,CCN1C(=O)N(c2c(F)c(OC)cc(OC)c2F)Cc2cnc3c(c21)C1(CC1)C(=O)N3,7.7,0.0,1
CHEMBL3650,CCN1CC(c2ccc(C(=O)Nc3cc(Oc4cc5ccn(C(=O)NC)c5cc4OC)ccn3)cc2)C1,7.93,0.0,1
CHEMBL3650,CCN1CC(c2ccc(C(=O)Nc3cc(Oc4cc5ccn(C(=O)NC)c5cc4OCCCOC)ccn3)cc2)C1,8.07,0.0,1
CHEMBL3650,CCN1CC(c2ccc(C(=O)Nc3cc(Oc4cc5ccn(C(=O)NC)c5cc4OCCOC)ccn3)cc2)C1,8.24,0.0,1
CHEMBL3650,CCN1CC2CCC(C1=O)C2c1ncc2[nH]nc(-c3cnn(C)c3)c2n1,6.57,0.0,1
CHEMBL3650,CCN1CC2CCC(C1=O)N2c1ncc2[nH]nc(-c3cnn(C)c3)c2n1,6.52,0.0,1
CHEMBL3650,CCN1CCC(Nc2ccc3c(c2)C(=C(c2cc(F)cc(F)c2)c2nc(C)c[nH]2)C(=O)N3)CC1,8.15,0.0,1
CHEMBL3650,CCN1CCC(Nc2ccc3c(c2)C(=C(c2cc(F)cc(F)c2)c2nc4ccccc4[nH]2)C(=O)N3)CC1,8.1,0.0,1
CHEMBL3650,CCN1CCC(Nc2ccc3c(c2)C(=C(c2ccc(C)cc2)c2nc4ccccc4[nH]2)C(=O)N3)CC1,8.0,0.0,1
CHEMBL3650,CCN1CCC(Nc2ccc3c(c2)C(=C(c2ccc(Cl)cc2)c2ncc[nH]2)C(=O)N3)CC1,8.22,0.0,1
CHEMBL3650,CCN1CCC(Nc2ccc3c(c2)C(=C(c2ccc(OC)cc2)c2nc4ccccc4[nH]2)C(=O)N3)CC1,7.85,0.0,1
CHEMBL3650,CCN1CCC(Nc2ccc3c(c2)C(=C(c2cccc(F)c2)c2nc(C)c[nH]2)C(=O)N3)CC1,8.4,0.0,1
CHEMBL3650,CCN1CCC(Nc2ccc3c(c2)C(=C(c2cccc(F)c2)c2nc4ccccc4[nH]2)C(=O)N3)CC1,8.3,0.0,1
CHEMBL3650,CCN1CCC(Nc2ccc3c(c2)C(=C(c2cccc(F)c2)c2ncc[nH]2)C(=O)N3)CC1,7.89,0.0,1
CHEMBL3650,CCN1CCC(Nc2ccc3c(c2)C(=C(c2ccccc2)c2nc4cc(OC)ccc4[nH]2)C(=O)N3)CC1,7.96,0.0,1
CHEMBL3650,CCN1CCC(Nc2ccc3c(c2)C(=C(c2ccccc2)c2nc4ccccc4[nH]2)C(=O)N3)CC1,8.3,0.0,1
CHEMBL3650,CCN1CCC(Nc2ccc3c(c2)C(=C(c2ccccc2)c2ncc[nH]2)C(=O)N3)CC1,7.92,0.0,1
CHEMBL3650,CCN1CCC(Nc2ccc3c(c2)C(=C(c2nc(C)c[nH]2)c2ccccc2F)C(=O)N3)CC1,8.1,0.0,1
CHEMBL3650,CCN1CCC(Oc2ccc(C(=O)Nc3cc(Oc4cc5ccn(C(=O)NC)c5cc4OC)ccn3)cc2)CC1,7.9,0.0,1
CHEMBL3650,CCN1CCC(Oc2ccc3c(c2)C(=C(c2ccccc2)c2nc4cc(OC)ccc4[nH]2)C(=O)N3)CC1,7.7,0.0,1
CHEMBL3650,CCN1CCC(c2ccc(C(=O)Nc3cc(Oc4cc5ccn(C(=O)NC)c5cc4OC(C)C)ccn3)cc2)CC1,7.93,0.0,1
CHEMBL3650,CCN1CCC(c2ccc(C(=O)Nc3cc(Oc4cc5ccn(C(=O)NC)c5cc4OC)ccn3)cc2)CC1,8.0,0.0,1
CHEMBL3650,CCN1CCC(c2ccc(C(=O)Nc3cc(Oc4cc5ccn(C(=O)NC)c5cc4OCCCF)ccn3)cc2)CC1,8.07,0.0,1
CHEMBL3650,CCN1CCC(c2ccc(C(=O)Nc3cc(Oc4cc5ccn(C(=O)NC)c5cc4OCCCOC)ccn3)cc2)CC1,8.15,0.0,1
CHEMBL3650,CCN1CCC(c2ccc(C(=O)Nc3cc(Oc4cc5ccn(C(=O)NC)c5cc4OCCOC)ccn3)cc2)CC1,8.27,0.0,1
CHEMBL3650,CCN1CCC(c2ccc(C(=O)Nc3cc(Oc4cc5ccn(C(=O)NC)c5cc4OCCOC)ccn3)cn2)CC1,7.7,0.0,1
CHEMBL3650,CCN1CCC(c2ccc(Nc3ncc4cc(-c5cc(OC)cc(OC)c5Cl)c5nncn5c4n3)cc2)CC1,8.74,0.0,1
CHEMBL3650,CCN1CCC(c2ccc(Nc3ncc4cc(-c5cc6[nH]c(C)nc6cc5Cl)c5nncn5c4n3)cc2)CC1,8.82,0.0,1
CHEMBL3650,CCN1CCC(n2cc(C(=O)Nc3cc(Oc4cc5ccn(C(=O)NC)c5cc4OC)ccn3)cn2)CC1,7.51,0.0,1
CHEMBL3650,CCN1CCCC(Nc2ccc3c(c2)C(=C(c2ccccc2)c2nc4cc(OC)ccc4[nH]2)C(=O)N3)C1,6.67,0.0,1
CHEMBL3650,CCN1CCCC1NCc1cn2ncnc(N)c2c1-c1cc2cc(C)cc(OC)c2s1,7.83,0.0,1
CHEMBL3650,CCN1CCN(CCOc2ccc(C(=O)Nc3cc(Oc4cc5ccn(C(=O)NC)c5cc4OC)ccn3)cc2)CC1,7.47,0.0,1
CHEMBL3650,CCN1CCN(CCc2ccc(C(=O)Nc3cc(Oc4cc5ccn(C(=O)NC)c5cc4OC)ccn3)cc2)CC1,7.75,0.0,1
CHEMBL3650,CCN1CCN(Cc2ccc(-c3cnc(N)c(C(=O)Nc4cc(O)cc(O)c4)n3)cc2)CC1,5.76,0.0,1
CHEMBL3650,CCN1CCN(Cc2ccc(C(=O)Nc3cc(Oc4cc5ccn(C(=O)NC)c5cc4OC)ccn3)s2)CC1,7.96,0.0,1
CHEMBL3650,CCN1CCN(Cc2ccc(Nc3ncc4cc(-c5cc(OC)cc(OC)c5Cl)c5nncn5c4n3)cc2)CC1,8.26,0.0,1
CHEMBL3650,CCN1CCN(Cc2ccc(Nc3ncc4cc(-c5cc(OC)cc(OC)c5Cl)c5nncn5c4n3)cn2)CC1,8.66,0.0,1
CHEMBL3650,CCN1CCN(c2ccc(C(=O)Nc3n[nH]c4cc(-c5c(F)cc(F)c(OC)c5F)ccc34)cc2)CC1,7.31,0.0,1
CHEMBL3650,CCN1CCN(c2ccc(C(=O)Nc3n[nH]c4cc(-c5cccc(OC)c5)ccc34)cc2)CC1,7.82,0.0,1
CHEMBL3650,CCN1CCN(c2ccc(C(=O)Nc3n[nH]c4cc(-c5cccc(OC)c5F)c(F)cc34)cc2)CC1,7.45,0.0,1
CHEMBL3650,CCN1CCN(c2ccc(C(=O)Nc3n[nH]c4cc(-c5cccc(OC)c5F)cc(F)c34)cc2)CC1,6.66,0.0,1
CHEMBL3650,CCN1CCN(c2ccc(C(=O)Nc3n[nH]c4cc(-c5cccc(OC)c5F)ccc34)cc2)CC1,8.375,0.23334523779155947,2
CHEMBL3650,CCN1CCN(c2ccc(C(=O)Nc3n[nH]c4nc(-c5c(Cl)c(OC)cc(OC)c5Cl)ccc34)cc2)CC1,9.3,0.0,1
CHEMBL3650,CCN1CCN(c2ccc(Nc3cc(-c4cccnc4Nc4c(Cl)c(OC)cc(OC)c4Cl)ncn3)cc2)CC1,7.15,1.8101933598375617,2
CHEMBL3650,CCN1CCN(c2ccc(Nc3cc(N(C)C(=O)Nc4c(Cl)c(OC)cc(OC)c4Cl)ncn3)c(NC(=O)/C=C\Cl)c2)CC1,6.65,0.0,1
CHEMBL3650,CCN1CCN(c2ccc(Nc3cc(N(C)C(=O)Nc4c(Cl)c(OC)cc(OC)c4Cl)ncn3)cc2)CC1,8.112222222222222,1.4125312189273713,9
CHEMBL3650,CCN1CCN(c2ccc(Nc3ncc4cc(-c5cc(OC)cc(OC)c5Cl)c5ncnn5c4n3)cc2)CC1,8.26,0.0,1
CHEMBL3650,CCN1CCN(c2ccc(Nc3ncc4cc(-c5cc(OC)cc(OC)c5Cl)c5nnc(CC6CC6)n5c4n3)cc2)CC1,8.26,0.0,1
CHEMBL3650,CCN1CCN(c2ccc(Nc3ncc4cc(-c5cc(OC)cc(OC)c5Cl)c5nncn5c4n3)cc2)C(=O)C1,8.26,0.0,1
CHEMBL3650,CCN1CCN(c2ccc(Nc3ncc4cc(-c5cc(OC)cc(OC)c5Cl)c5nncn5c4n3)cc2)CC1,9.13,0.0,1
CHEMBL3650,CCN1CCN(c2ccc(Nc3ncc4cc(-c5cc(OC)cc(OC)c5Cl)c5nncn5c4n3)cc2)CC1=O,8.26,0.0,1
CHEMBL3650,CCN1CCN(c2ccc(Nc3ncc4cc(-c5cc6[nH]c(C)nc6cc5Cl)c5nncn5c4n3)cc2)CC1,9.07,0.0,1
CHEMBL3650,CCN1CCN(c2ccc(Nc3ncnc(-c4cccnc4Nc4c(Cl)c(OC)cc(OC)c4Cl)n3)cc2)CC1,6.43,0.0,1
CHEMBL3650,CCN1CCN(c2ccc3[nH]c(-c4cc(CCc5cc(OC)cc(OC)c5)[nH]n4)nc3c2)CC1,8.33,0.0,1
CHEMBL3650,CCN1CCN(c2ccc3[nH]c(-c4n[nH]c5ccc(OC(C)c6c(Cl)cncc6Cl)cc45)nc3c2)CC1,8.44,0.0,1
CHEMBL3650,CCN1CCN(c2cccc(Nc3ncnc(-c4cccnc4Nc4c(Cl)c(OC)cc(OC)c4Cl)n3)c2)CC1,5.93,0.0,1
CHEMBL3650,CCNC(=O)N1CCCc2cc(Oc3ccnc(NC(=O)c4ccc(N5C[C@@H](C)N[C@@H](C)C5)cc4)c3)ccc21,6.88,0.0,1
CHEMBL3650,CCNC(=O)Nc1ccc(Oc2ccnc(NC(=O)c3ccc(N4C[C@@H](C)N[C@@H](C)C4)cc3)c2)c(OC)c1,7.44,0.0,1
CHEMBL3650,CCNC(=O)Nc1cccc2cc(Oc3ccnc(NC(=O)c4ccc(N5C[C@@H](C)N[C@@H](C)C5)cc4)c3)ccc12,7.17,0.0,1
CHEMBL3650,CCNC(=O)Nc1nc2cc(N)ncc2cc1-c1c(Cl)cccc1Cl,6.82,0.0,1
CHEMBL3650,CCNC(=O)Nc1nc2cc(N)ncc2cc1-c1cc(OC)cc(OC)c1,7.54,0.0,1
CHEMBL3650,CCNC(=O)Nc1nc2cc(N)ncc2cc1-c1ccccc1,5.89,0.0,1
CHEMBL3650,CCNC(=O)Nc1nc2cc(NCCCCN(CC)CC)ncc2cc1-c1c(Cl)cccc1Cl,7.67,0.1838477631085022,2
CHEMBL3650,CCNC(=O)Nc1nc2cc(NCCCCN(CC)CC)ncc2cc1-c1cc(OC)cc(OC)c1,7.755,0.19091883092036754,2
CHEMBL3650,CCNC(=O)Nc1nc2cc(NCCCN3CCN(C)CC3)ncc2cc1-c1c(Cl)cccc1Cl,7.65,0.2121320343559638,2
CHEMBL3650,CCNC(=O)Nc1nc2cc(NCCCN3CCN(C)CC3)ncc2cc1-c1cc(OC)cc(OC)c1,7.68,0.0,1
CHEMBL3650,CCNC(=O)Nc1nc2nc(N)ncc2cc1-c1c(Cl)cccc1Cl,6.89,0.0,1
CHEMBL3650,CCNC(=O)Nc1nc2nc(NCCCCN(CC)CC)ncc2cc1-c1c(Cl)cccc1Cl,7.31,0.0,1
CHEMBL3650,CCNC(=O)Nc1nc2nc(NCCCCN(CC)CC)ncc2cc1-c1cc(OC)cc(OC)c1,7.265000000000001,0.2757716446627536,2
CHEMBL3650,CCNC(=O)Nc1nc2nc(NCCCN(CC)CC)ncc2cc1-c1c(Cl)cccc1Cl,6.89,0.0,1
CHEMBL3650,CCNC(=O)Nc1nc2nc(NCCCN3CCN(C)CC3)ncc2cc1-c1c(Cl)cccc1Cl,7.28,0.0,1
CHEMBL3650,CCNC(=O)Nc1nc2nc(NCCCN3CCN(C)CC3)ncc2cc1-c1cc(OC)cc(OC)c1,7.615,0.19091883092036754,2
CHEMBL3650,CCNC(=O)Nc1nc2nc(NCCN(CC)CC)ncc2cc1-c1c(Cl)cccc1Cl,5.89,0.0,1
CHEMBL3650,CCNC(=O)c1c(COCC)c(-c2cc3cc(C)cc(OC)c3s2)c2c(N)ncnn12,7.57,0.0,1
CHEMBL3650,CCNC(=O)c1ccc(-c2cc3c(cn2)CN(c2c(F)c(OC)cc(OC)c2F)C(=O)N3CC)cn1,7.32,0.537401153701776,2
CHEMBL3650,CCNC(=O)c1cn2ncnc(N)c2c1-c1cc2cc(C)cc(OC)c2s1,8.12,0.0,1
CHEMBL3650,CCNC(=O)c1cncc(-c2cnn3cc(-c4cnn(CC)c4)c(O[C@H]4CCOC4)nc23)c1,7.27,0.0,1
CHEMBL3650,CCNCCN(c1cc(OC)cc(OC)c1)c1ccc2ncc(-c3cnn(C)c3)nc2c1,8.66,0.0,1
CHEMBL3650,CCNCCOc1ccc(Nc2ncc3cc(-c4c(Cl)cccc4Cl)c(=O)n(C)c3n2)cc1,7.18,0.0,1
CHEMBL3650,CCNCc1c(-c2cc3cc(C)cc(OC)c3s2)c2c(N)ncnn2c1CN1CCNCC1,8.16,0.0,1
CHEMBL3650,CCNc1ncc2cc(-c3c(Cl)cccc3Cl)c(=O)n(C)c2n1,6.02,0.0,1
CHEMBL3650,CCOC(=O)C1=C2C(=NC1=O)c1cccc3c(SCCO)ccc2c13,6.5,0.0,1
CHEMBL3650,CCOC(=O)C1=C2C(=NC1=O)c1cccc3c(SCCc4cnccn4)ccc2c13,5.68,0.0,1
CHEMBL3650,CCOC(=O)C1=C2C(=NC1=O)c1cccc3cccc2c13,7.13,0.0,1
CHEMBL3650,CCOC(=O)C1CCN(CCN(c2cc(OC)cc(OC)c2)c2ccc3ncc(-c4cnn(C)c4)nc3c2)CC1,8.55,0.0,1
CHEMBL3650,CCOC(=O)CCCc1ccc(Nc2ncc3cc(-c4c(Cl)cccc4Cl)c(=O)n(C)c3n2)cc1,5.58,0.0,1
CHEMBL3650,CCOC(=O)CN(c1cc(OC)cc(OC)c1)c1ccc2ncc(-c3cnn(C)c3)nc2c1,8.51,0.0,1
CHEMBL3650,CCOC(=O)CN1CCN(CCCc2c(/C=C3\C(=O)Nc4ccc(S(=O)(=O)NC)cc43)[nH]c3c2CCCC3)CC1,7.1,0.0,1
CHEMBL3650,CCOC(=O)CNCc1cn2ncnc(N)c2c1-c1cc2cc(C)cc(OC)c2s1,7.3,0.0,1
CHEMBL3650,CCOC(=O)COCc1cn2ncnc(N)c2c1-c1cc2cc(C)cc(OC)c2s1,7.42,0.0,1
CHEMBL3650,CCOC(=O)Cn1cc(CN(c2cc(OC)cc(OC)c2)c2ccc3ncc(-c4cnn(C)c4)nc3c2)nn1,7.91,0.0,1
CHEMBL3650,CCOC(=O)N1C[C@@H](C)N(c2ncc3[nH]nc(-c4ccc(N5CCN[C@H](C)C5)nc4)c3n2)[C@@H](C)C1,5.9,0.0,1
CHEMBL3650,CCOC(=O)c1c(C)[nH]c(/C=C2\C(=O)Nc3ccccc32)c1C,5.3,0.0,1
CHEMBL3650,CCOC(=O)c1ccc(Nc2ccnc(SCC(=O)c3ccc(C#N)cc3)n2)cc1,6.55,0.0,1
CHEMBL3650,CCOC(=O)c1ccc(Nc2ncc3cc(-c4c(Cl)cccc4Cl)c(=O)n(C)c3n2)cc1,4.47,0.0,1
CHEMBL3650,CCOC(=O)c1cccc(Nc2ncc3cc(-c4c(Cl)cccc4Cl)c(=O)n(C)c3n2)c1,5.82,0.0,1
CHEMBL3650,CCOC(=O)c1sc2ncnc(Nc3cccc(O)c3)c2c1C,6.3,0.0,1
CHEMBL3650,CCOC(C)(C)C=C(C#N)C(=O)Nc1ccc(CCn2c(=O)c(-c3cc(OC)cc(OC)c3Cl)cc3cnc(NC)nc32)cc1,8.31,0.0,1
CHEMBL3650,CCOCCN(c1cc(OC)cc(OC)c1)c1ccc2ncc(-c3cnn(C)c3)nc2c1,8.37,0.0,1
CHEMBL3650,CCOCCN1CC(n2cc(-c3cnc(N)c(-c4cc(C)c(=O)n(-c5c(Cl)c(OC)cc(OC)c5Cl)n4)n3)cn2)C1,7.76,0.0,1
CHEMBL3650,CCOCCOc1cc2c(ccn2C(=O)NC)cc1Oc1ccnc(NC(=O)c2ccc(C3CCN(C(C)C)CC3)cc2)c1,8.27,0.0,1
CHEMBL3650,CCOCCOc1cc2c(ccn2C(=O)NC)cc1Oc1ccnc(NC(=O)c2ccc(C3CCN(C(C)C)CC3)nc2)c1,7.97,0.0,1
CHEMBL3650,CCOCCOc1cc2c(ccn2C(=O)NC)cc1Oc1ccnc(NC(=O)c2ccc(C3CCN(C)CC3)cc2)c1,8.43,0.0,1
CHEMBL3650,CCOCCOc1cc2c(ccn2C(=O)NC)cc1Oc1ccnc(NC(=O)c2ccc(C3CCN(CC(C)(C)O)CC3)cc2)c1,8.41,0.0,1
CHEMBL3650,CCOCCOc1cc2c(ccn2C(=O)NC)cc1Oc1ccnc(NC(=O)c2ccc(C3CCN(CC)CC3)cc2)c1,8.38,0.0,1
CHEMBL3650,CCOCCOc1cc2c(ccn2C(=O)NC)cc1Oc1ccnc(NC(=O)c2ccc(C3CCN(CC)CC3)nc2)c1,7.95,0.0,1
CHEMBL3650,CCOCCOc1cc2c(ccn2C(=O)NC)cc1Oc1ccnc(NC(=O)c2ccc(C3CCN(CCO)CC3)cc2)c1,8.28,0.0,1
CHEMBL3650,CCOCCOc1cc2c(ccn2C(=O)NC)cc1Oc1ccnc(NC(=O)c2ccc(C3CCN(C[C@@H](C)O)CC3)cc2)c1,8.38,0.0,1
CHEMBL3650,CCOCCOc1cc2c(ccn2C(=O)NC)cc1Oc1ccnc(NC(=O)c2ccc(C3CCN(C[C@H](C)O)CC3)cc2)c1,8.47,0.0,1
CHEMBL3650,CCOCCOc1cc2c(ccn2C(=O)NC)cc1Oc1ccnc(NC(=O)c2ccc(C3CCNCC3)cc2)c1,8.36,0.0,1
CHEMBL3650,CCOCCOc1cc2c(ccn2C(=O)NC)cc1Oc1ccnc(NC(=O)c2ccc(C3CN(C(C)C)C3)cc2)c1,8.3,0.0,1
CHEMBL3650,CCOCCOc1cc2c(ccn2C(=O)NC)cc1Oc1ccnc(NC(=O)c2ccc(C3CN(C)C3)cc2)c1,8.075,0.1626345596729059,2
CHEMBL3650,CCOCCOc1cc2c(ccn2C(=O)NC)cc1Oc1ccnc(NC(=O)c2ccc(C3CN(CC(C)(C)O)C3)cc2)c1,8.24,0.0,1
CHEMBL3650,CCOCCOc1cc2c(ccn2C(=O)NC)cc1Oc1ccnc(NC(=O)c2ccc(C3CN(CC)C3)cc2)c1,8.2,0.0,1
CHEMBL3650,CCOCCOc1cc2c(ccn2C(=O)NC)cc1Oc1ccnc(NC(=O)c2ccc(C3CN(CCO)C3)cc2)c1,8.1,0.0,1
CHEMBL3650,CCOCCOc1cc2c(ccn2C(=O)NC)cc1Oc1ccnc(NC(=O)c2ccc(C3CN(C[C@@H](C)O)C3)cc2)c1,7.96,0.0,1
CHEMBL3650,CCOCCOc1cc2c(ccn2C(=O)NC)cc1Oc1ccnc(NC(=O)c2ccc(C3CN(C[C@H](C)O)C3)cc2)c1,8.14,0.0,1
CHEMBL3650,CCOCCOc1cc2c(ccn2C(=O)NC)cc1Oc1ccnc(NC(=O)c2ccc(CN3CCC(F)CC3)cc2)c1,7.79,0.0,1
CHEMBL3650,CCOCCOc1cc2c(ccn2C(=O)NC)cc1Oc1ccnc(NC(=O)c2ccc(CN3CCC(O)CC3)cc2)c1,7.99,0.0,1
CHEMBL3650,CCOCCOc1cc2c(ccn2C(=O)NC)cc1Oc1ccnc(NC(=O)c2ccc(CN3CCC(O)CC3)s2)c1,8.25,0.0,1
CHEMBL3650,CCOCCOc1cc2c(ccn2C(=O)NC)cc1Oc1ccnc(NC(=O)c2ccc(CN3CCC[C@@H]3CO)cc2)c1,7.92,0.0,1
CHEMBL3650,CCOCCOc1cc2c(ccn2C(=O)NC)cc1Oc1ccnc(NC(=O)c2ccc(CN3CCC[C@@H]3CO)s2)c1,8.18,0.0,1
CHEMBL3650,CCOCCOc1cc2c(ccn2C(=O)NC)cc1Oc1ccnc(NC(=O)c2ccc(CN3CCC[C@H]3CO)cc2)c1,8.0,0.0,1
CHEMBL3650,CCOCCOc1cc2c(ccn2C(=O)NC)cc1Oc1ccnc(NC(=O)c2ccc(CN3CCC[C@H]3CO)s2)c1,8.29,0.0,1
CHEMBL3650,CCOCCOc1cc2c(ccn2C(=O)NC)cc1Oc1ccnc(NC(=O)c2ccc(CN3CCN(CC)CC3)cc2)c1,7.94,0.0,1
CHEMBL3650,CCOCCOc1cc2c(ccn2C(=O)NC)cc1Oc1ccnc(NC(=O)c2ccc(CN3CC[C@@H](O)C3)cc2)c1,8.05,0.0,1
CHEMBL3650,CCOCCOc1cc2c(ccn2C(=O)NC)cc1Oc1ccnc(NC(=O)c2ccc(CN3CC[C@@H](O)C3)s2)c1,8.23,0.05656854249492323,2
CHEMBL3650,CCOCCOc1cc2c(ccn2C(=O)NC)cc1Oc1ccnc(NC(=O)c2ccc(CN3CC[C@H](O)C3)cc2)c1,8.07,0.0,1
CHEMBL3650,CCOCCOc1cc2c(ccn2C(=O)NC)cc1Oc1ccnc(NC(=O)c2ccc(CN3C[C@@H](C)N[C@@H](C)C3)cc2)c1,7.84,0.0,1
CHEMBL3650,CCOCc1c(-c2cc3cc(C)cc(OC)c3s2)c2c(N)ncnn2c1C#N,7.41,0.0,1
CHEMBL3650,CCOCc1c(-c2cc3cc(C)cc(OC)c3s2)c2c(N)ncnn2c1C(=O)N(C)C,7.95,0.0,1
CHEMBL3650,CCOCc1c(-c2cc3cc(C)cc(OC)c3s2)c2c(N)ncnn2c1C(=O)N1CC(F)(F)C1,7.72,0.0,1
CHEMBL3650,CCOCc1c(-c2cc3cc(C)cc(OC)c3s2)c2c(N)ncnn2c1C(=O)N1CC(O)C1,8.17,0.0,1
CHEMBL3650,CCOCc1c(-c2cc3cc(C)cc(OC)c3s2)c2c(N)ncnn2c1C(=O)N1CCC(C(N)=O)CC1,7.28,0.0,1
CHEMBL3650,CCOCc1c(-c2cc3cc(C)cc(OC)c3s2)c2c(N)ncnn2c1C(=O)N1CCC(O)C1,8.17,0.0,1
CHEMBL3650,CCOCc1c(-c2cc3cc(C)cc(OC)c3s2)c2c(N)ncnn2c1C(=O)N1CCC(O)CC1,8.09,0.0,1
CHEMBL3650,CCOCc1c(-c2cc3cc(C)cc(OC)c3s2)c2c(N)ncnn2c1C(=O)N1CCCCO1,7.38,0.0,1
CHEMBL3650,CCOCc1c(-c2cc3cc(C)cc(OC)c3s2)c2c(N)ncnn2c1C(=O)N1CCNC(=O)C1,8.03,0.0,1
CHEMBL3650,CCOCc1c(-c2cc3cc(C)cc(OC)c3s2)c2c(N)ncnn2c1C(=O)N1CCS(=O)(=O)C1,8.05,0.0,1
CHEMBL3650,CCOCc1c(-c2cc3cc(C)cc(OC)c3s2)c2c(N)ncnn2c1C(=O)N1CCS(=O)(=O)CC1,7.6,0.0,1
CHEMBL3650,CCOCc1c(-c2cc3cc(C)cc(OC)c3s2)c2c(N)ncnn2c1C(=O)N1CNC(=O)C1,8.06,0.0,1
CHEMBL3650,CCOCc1c(-c2cc3cc(C)cc(OC)c3s2)c2c(N)ncnn2c1C(=O)NC,7.76,0.0,1
CHEMBL3650,CCOCc1c(-c2cc3cc(C)cc(OC)c3s2)c2c(N)ncnn2c1C(=O)NC1CC1,7.6,0.0,1
CHEMBL3650,CCOCc1c(-c2cc3cc(C)cc(OC)c3s2)c2c(N)ncnn2c1C(=O)NCCO,8.41,0.0,1
CHEMBL3650,CCOCc1c(-c2cc3cc(C)cc(OC)c3s2)c2c(N)ncnn2c1C(=O)N[C@@H]1CCNC1=O,8.19,0.0,1
CHEMBL3650,CCOCc1c(-c2cc3cc(C)cc(OC)c3s2)c2c(N)ncnn2c1C(=O)N[C@H]1CCNC1=O,8.43,0.0,1
CHEMBL3650,CCOCc1c(-c2cc3cc(C)cc(OC)c3s2)c2c(N)ncnn2c1C(C)O,8.0,0.0,1
CHEMBL3650,CCOCc1c(-c2cc3cc(C)cc(OC)c3s2)c2c(N)ncnn2c1C(N)=O,8.08,0.0,1
CHEMBL3650,CCOCc1c(-c2cc3cc(C)cc(OC)c3s2)c2c(N)ncnn2c1C(O)C1CC1,7.28,0.0,1
CHEMBL3650,CCOCc1c(-c2cc3cc(C)cc(OC)c3s2)c2c(N)ncnn2c1CN1CC(F)(F)C1,7.41,0.0,1
CHEMBL3650,CCOCc1c(-c2cc3cc(C)cc(OC)c3s2)c2c(N)ncnn2c1CN1CC(O)C1,7.79,0.0,1
CHEMBL3650,CCOCc1c(-c2cc3cc(C)cc(OC)c3s2)c2c(N)ncnn2c1CN1CCC(F)(F)C1,7.3,0.0,1
CHEMBL3650,CCOCc1c(-c2cc3cc(C)cc(OC)c3s2)c2c(N)ncnn2c1CN1CCC(O)C1,7.51,0.0,1
CHEMBL3650,CCOCc1c(-c2cc3cc(C)cc(OC)c3s2)c2c(N)ncnn2c1CN1CCC(O)CC1,7.77,0.0,1
CHEMBL3650,CCOCc1c(-c2cc3cc(C)cc(OC)c3s2)c2c(N)ncnn2c1CN1CCCC1,7.26,0.0,1
CHEMBL3650,CCOCc1c(-c2cc3cc(C)cc(OC)c3s2)c2c(N)ncnn2c1CN1CCCCO1,7.09,0.0,1
CHEMBL3650,CCOCc1c(-c2cc3cc(C)cc(OC)c3s2)c2c(N)ncnn2c1CN1CCN(C(C)=O)CC1,7.895,0.41719300090006295,2
CHEMBL3650,CCOCc1c(-c2cc3cc(C)cc(OC)c3s2)c2c(N)ncnn2c1CN1CCN(C2CC2)CC1,7.26,0.0,1
CHEMBL3650,CCOCc1c(-c2cc3cc(C)cc(OC)c3s2)c2c(N)ncnn2c1CN1CCNC(=O)C1,8.195,0.2050609665440982,2
CHEMBL3650,CCOCc1c(-c2cc3cc(C)cc(OC)c3s2)c2c(N)ncnn2c1CN1CCNC(=O)C1(C)C,7.77,0.0,1
CHEMBL3650,CCOCc1c(-c2cc3cc(C)cc(OC)c3s2)c2c(N)ncnn2c1CN1CCNC(=O)C1C,8.06,0.0,1
CHEMBL3650,CCOCc1c(-c2cc3cc(C)cc(OC)c3s2)c2c(N)ncnn2c1CN1CCNC1=O,7.85,0.0,1
CHEMBL3650,CCOCc1c(-c2cc3cc(C)cc(OC)c3s2)c2c(N)ncnn2c1CN1CCNCC1,9.225000000000001,0.10606601717798175,2
CHEMBL3650,CCOCc1c(-c2cc3cc(C)cc(OC)c3s2)c2c(N)ncnn2c1CN1CCOCC1,7.9,0.0,1
CHEMBL3650,CCOCc1c(-c2cc3cc(C)cc(OC)c3s2)c2c(N)ncnn2c1CN1CCS(=O)(=O)CC1,7.61,0.0,1
CHEMBL3650,CCOCc1c(-c2cc3cc(C)cc(OC)c3s2)c2c(N)ncnn2c1CN1CC[C@](C)(N)C1,9.0,0.0,1
CHEMBL3650,CCOCc1c(-c2cc3cc(C)cc(OC)c3s2)c2c(N)ncnn2c1CN1CNC(=O)C1,8.25,0.0,1
CHEMBL3650,CCOCc1c(-c2cc3cc(C)cc(OC)c3s2)c2c(N)ncnn2c1CNCC(N)=O,7.51,0.0,1
CHEMBL3650,CCOCc1c(-c2cc3cc(C)cc(OC)c3s2)c2c(N)ncnn2c1CN[C@@H]1CCNC1=O,8.205,0.24748737341529264,2
CHEMBL3650,CCOCc1c(-c2cc3cc(C)cc(OC)c3s2)c2c(N)ncnn2c1CN[C@H]1CCNC1=O,8.26,0.0,1
CHEMBL3650,CCOCc1c(-c2cc3cc(C)cc(OC)c3s2)c2c(N)ncnn2c1CO,8.41,0.0,1
CHEMBL3650,CCOCc1c(-c2cc3cc(C)cc(OC)c3s2)c2c(N)ncnn2c1Cl,7.84,0.0,1
CHEMBL3650,CCOCc1c(CN2CCNC(=O)C2)c(-c2cc3cc(C)cc(OC)c3s2)c2c(N)ncnn12,8.1,0.0,1
CHEMBL3650,CCOCc1cc(OC)cc(N(CC2CC2)c2ccc3ncc(-c4cnn(C)c4)nc3c2)c1,6.46,0.0,1
CHEMBL3650,CCOCc1cn2ncnc(N)c2c1-c1cc2cc(C)cc(OC)c2s1,8.25,0.0,1
CHEMBL3650,CCOc1cc(CN2C(=O)N(c3c(F)c(OC)cc(OC)c3F)Cc3cnc(-c4cn(C)nc4C)cc32)ccn1,7.7,0.0,1
CHEMBL3650,CCOc1cc(F)cc(N(CCN)c2ccc3ncc(-c4cnn(C)c4)nc3c2)c1,7.91,0.0,1
CHEMBL3650,CCOc1cc(F)cc(N(CCO)c2ccc3ncc(-c4cnn(C)c4)nc3c2)c1,7.75,0.0,1
CHEMBL3650,CCOc1cc(OCC)cc(-c2cc3cnc(N)nc3nc2NC(=O)NC(C)(C)C)c1,5.78,0.0,1
CHEMBL3650,CCOc1cc2c(ccn2C(=O)NC)cc1Oc1ccnc(NC(=O)c2ccc(C3CCN(C(C)C)CC3)cc2)c1,8.06,0.0,1
CHEMBL3650,CCOc1cc2c(ccn2C(=O)NC)cc1Oc1ccnc(NC(=O)c2ccc(C3CCN(C)CC3)cc2)c1,7.93,0.0,1
CHEMBL3650,CCOc1cc2c(ccn2C(=O)NC)cc1Oc1ccnc(NC(=O)c2ccc(C3CCN(CC(C)(C)O)CC3)cc2)c1,8.01,0.0,1
CHEMBL3650,CCOc1cc2c(ccn2C(=O)NC)cc1Oc1ccnc(NC(=O)c2ccc(C3CCN(CC)CC3)cc2)c1,7.94,0.0,1
CHEMBL3650,CCOc1cc2c(ccn2C(=O)NC)cc1Oc1ccnc(NC(=O)c2ccc(C3CCN(CCO)CC3)cc2)c1,8.0,0.0,1
CHEMBL3650,CCOc1cc2c(ccn2C(=O)NC)cc1Oc1ccnc(NC(=O)c2ccc(C3CCN(C[C@@H](C)O)CC3)cc2)c1,8.02,0.0,1
CHEMBL3650,CCOc1cc2c(ccn2C(=O)NC)cc1Oc1ccnc(NC(=O)c2ccc(C3CCN(C[C@H](C)O)CC3)cc2)c1,8.05,0.0,1
CHEMBL3650,CCOc1cc2c(ccn2C(=O)NC)cc1Oc1ccnc(NC(=O)c2ccc(C3CCNCC3)cc2)c1,7.9,0.0,1
CHEMBL3650,CCOc1cc2c(ccn2C(=O)NC)cc1Oc1ccnc(NC(=O)c2ccc(CN3CCC(O)CC3)cc2)c1,7.47,0.0,1
CHEMBL3650,CCOc1cc2c(ccn2C(=O)NC)cc1Oc1ccnc(NC(=O)c2ccc(N3CCC(N4CCCC4)CC3)cc2)c1,7.73,0.0,1
CHEMBL3650,CCOc1ccc(-c2csc3ncnc(Nc4cccc(O)c4)c23)cc1,4.9,0.0,1
CHEMBL3650,CCOc1ccc(C(=C2C(=O)Nc3ccccc32)c2nc3ccccc3[nH]2)cc1,5.2,0.0,1
CHEMBL3650,CCOc1ccc(Nc2ncc3cc(-c4c(Cl)cccc4Cl)c(=O)n(C)c3n2)cc1,6.35,0.0,1
CHEMBL3650,CCOc1cccc(-c2cc3cnc(N)nc3nc2NC(=O)NC(C)(C)C)c1,6.17,0.0,1
CHEMBL3650,CCOc1cccc(-c2ccc3c(c2)NC(=O)/C3=C\c2[nH]cc(C)c2CCC(=O)O)c1,5.35,0.0,1
CHEMBL3650,CCOc1ccnc(C#CCN(c2cc(OC)cc(OC)c2)c2ccc3ncc(-c4cnn(C)c4)nc3c2)n1,8.16,0.0,1
CHEMBL3650,CCOc1nn2c(-c3cncc(C(=O)NC)c3)cnc2cc1-c1cnn(C)c1,6.32,0.0,1
CHEMBL3650,CCS(=O)(=O)NCCN(c1cc(OC)cc(OC)c1)c1ccc2ncc(-c3cnn(C)c3)nc2c1,9.06,0.0,1
CHEMBL3650,CCS(=O)(=O)Nc1cc(-c2ccc(F)cc2)cc(-n2cnc3cc(-n4cccn4)ccc32)c1,7.5,0.0,1
CHEMBL3650,CCS(=O)(=O)Nc1cc(-c2ccc(F)cc2F)cc(-n2cnc3cc(-c4cn(CCN5CCOCC5)nn4)ccc32)c1,8.47,0.0,1
CHEMBL3650,CCS(=O)(=O)Nc1cc(-c2ccc(F)cc2F)cc(-n2cnc3cc(-c4cnn(C)c4)cnc32)c1,7.85,0.0,1
CHEMBL3650,CCS(=O)(=O)Nc1cc(-c2ccc(F)cc2F)cc(-n2cnc3cc(-n4cccn4)ccc32)c1,7.8,0.0,1
CHEMBL3650,CCS(=O)(=O)c1ccc2c(c1)/C(=C/c1[nH]c3c(c1CCC(N)=O)CCCC3)C(=O)N2,7.1,0.0,1
CHEMBL3650,CCS(=O)(=O)c1ccc2c(c1)/C(=C/c1[nH]c3c(c1CCCN(C)C)CCCC3)C(=O)N2,6.4,0.0,1
CHEMBL3650,CCS(=O)(=O)c1ccc2c(c1)/C(=C/c1[nH]c3c(c1CCCN1CCC(O)CC1)CCCC3)C(=O)N2,6.3,0.0,1
CHEMBL3650,CCS(=O)(=O)c1ccc2c(c1)/C(=C/c1[nH]c3c(c1CCCN1CCN(CC(=O)O)CC1)CCCC3)C(=O)N2,6.4,0.0,1
CHEMBL3650,CCS(=O)(=O)c1ccc2c(c1)/C(=C/c1[nH]c3c(c1CCCN1CCN(CCO)CC1)CCCC3)C(=O)N2,5.96,0.0,1
CHEMBL3650,CCS(=O)(=O)c1ccc2c(c1)/C(=C/c1[nH]c3c(c1CN1CCOCC1)CCCC3)C(=O)N2,6.4,0.0,1
CHEMBL3650,CC[C@@H]1CN(C(=O)NCC(F)(F)F)C[C@@H]1c1cnc2cnc3[nH]ccc3n12,5.32,0.0,1
CHEMBL3650,CC[N+](C)(CC)CCOc1ccc(Nc2ncc3cc(-c4c(Cl)cccc4Cl)c(=O)n(C)c3n2)cc1,7.4,0.0,1
CHEMBL3650,CC[N+]([O-])(CC)CCOc1ccc(Nc2ncc3cc(-c4c(Cl)cccc4Cl)c(=O)n(C)c3n2)cc1,7.34,0.0,1
CHEMBL3650,CCc1c(-c2cnc3ccc(N(CCNC(C)C)c4cc(OC)cc(OC)c4)cc3n2)cnn1C,8.75,0.0,1
CHEMBL3650,CCc1c(-c2cnc3ccc(N(CCNCC(F)(F)F)c4cc(OC)cc(OC)c4)cc3n2)cnn1C,8.0,0.0,1
CHEMBL3650,CCc1c(-c2cnc3ccc(N(CCO)c4cc(OC)cc(OC)c4)cc3n2)cnn1C,8.04,0.0,1
CHEMBL3650,CCc1cc(-c2nc(-c3cnn(C)c3)cnc2N)nn(-c2cc(OC)cc(OC)c2)c1=O,8.15,0.0,1
CHEMBL3650,CCc1cc(CC)cc(-c2cc3cnc(N)nc3nc2NC(=O)NC(C)(C)C)c1,5.11,0.0,1
CHEMBL3650,CCc1cc(CN2C(=O)N(c3c(F)c(OC)cc(OC)c3F)Cc3cnc(-c4cn(C)nc4C)cc32)no1,6.94,0.0,1
CHEMBL3650,CCc1cc(Nc2nccc(-c3c(-c4ccc(OC)c(C(=O)Nc5c(F)cccc5F)c4)nc4ccccn34)n2)c(OC)cc1N1CCC(N2CCN(S(C)(=O)=O)CC2)CC1,5.73,0.0,1
CHEMBL3650,CCc1ccc2c(c1)sc1[nH]c(-c3ccc(OCC(=O)O)c(OC)c3)nc(=O)c12,5.26,0.0,1
CHEMBL3650,CCc1ccccc1-c1cc2cnc(N)nc2nc1NC(=O)NC(C)(C)C,4.95,0.0,1
CHEMBL3650,CCc1ccnc(C#CCN(c2cc(OC)cc(OC)c2)c2ccc3ncc(-c4cnn(C)c4)nc3c2)n1,7.56,0.0,1
CHEMBL3650,CCc1cnc(N2C(=O)N(c3c(F)c(OC)cc(OC)c3F)Cc3cnc(-c4cn(C)nc4C)cc32)cn1,6.94,0.0,1
CHEMBL3650,CCc1nc2cc(-n3ncc(C(=O)c4cc5ccccc5[nH]4)c3N)ccc2[nH]1,8.54,0.0,1
CHEMBL3650,CCc1nnc(-c2cn3ncnc(Nc4cc(C(=O)NOC)c(F)cc4F)c3c2C(C)C)o1,7.55,0.0,1
CHEMBL3650,CCc1nnc(CN2C(=O)N(c3c(F)c(OC)cc(OC)c3F)Cc3cnc(-c4cn(C)nc4C)cc32)o1,6.94,0.0,1
CHEMBL3650,CCn1c(=O)c(-c2c(Cl)cccc2Cl)cc2cnc(Nc3ccccc3)nc21,6.68,0.0,1
CHEMBL3650,CCn1c(=O)c(-c2c(Cl)cccc2Cl)cc2cnc(Nc3ccncc3)nc21,6.96,0.0,1
CHEMBL3650,CCn1cc(-c2cc3c(cn2)CN(c2c(F)c(OC)cc(OC)c2F)C(=O)C32CC2)c(C)n1,6.94,0.0,1
CHEMBL3650,CCn1cc(-c2ccc3c(c2)CCN3C(=O)Cc2cccc(OC(F)(F)F)c2)c2c(N)ncnc21,6.9,0.0,1
CHEMBL3650,CCn1cc(-c2ccc3cc(C(=O)c4cnn(-c5ccc6[nH]c(C7CC7)nc6c5)c4N)[nH]c3c2)cn1,8.31,0.0,1
CHEMBL3650,CCn1cc(-c2ccnc3[nH]c(-c4cccc(CN(C)C)c4)cc23)c(-c2ccc(NC(=O)N(C)C)cc2)n1,7.115,0.007071067811865324,2
CHEMBL3650,CCn1cc(-c2cnc3ccc(N(CCN)c4cc(OC)cc(OC)c4)cc3n2)cn1,8.95,0.0,1
CHEMBL3650,CCn1cc(-c2cnc3ccc(N(CCNC(C)C)c4cc(OC)cc(OC)c4)cc3n2)cn1,9.11,0.0,1
CHEMBL3650,CCn1cc(-c2cnc3ccc(N(CCNC)c4cc(OC)cc(OC)c4)cc3n2)cn1,8.61,0.0,1
CHEMBL3650,CCn1cc(-c2n[nH]c3cc(-c4cc(C(=O)Nc5cccc(C(F)(F)F)c5)ccc4C)ccc23)cn1,8.17,0.0,1
CHEMBL3650,CCn1cc(-c2n[nH]c3cnc(C4C5CCC4C(=O)N(C)C5)nc23)cn1,6.96,0.0,1
CHEMBL3650,CCn1cc(-c2n[nH]c3cnc(N4C5CCC4C(=O)N(C)C5)nc23)cn1,6.52,0.0,1
CHEMBL3650,CCn1cc(CN2C(=O)N(c3c(F)c(OC)cc(OC)c3F)Cc3cnc(-c4ccn(C)n4)cc32)cn1,6.94,0.0,1
CHEMBL3650,CCn1cc(CN2C(=O)N(c3c(F)c(OC)cc(OC)c3F)Cc3cnc(-c4cn(C)nc4C)cc32)cn1,7.7,0.0,1
CHEMBL3650,CCn1cc(N2C(=O)N(c3c(F)c(OC)cc(OC)c3F)Cc3cnc(-c4cn(C)nc4C)cc32)cn1,6.94,0.0,1
CHEMBL3650,CCn1ccnc1CN(c1cc(OC)cc(OC)c1)c1ccc2ncc(-c3cnn(C)c3)nc2c1,8.15,0.0,1
CHEMBL3650,CCn1cnc(-c2cc3c(cn2)CN(c2c(F)c(OC)cc(OC)c2F)C(=O)C32CC2)c1,7.7,0.0,1
CHEMBL3650,CN(C)C(=O)N1CCC(n2cc(-c3n[nH]c4cnc(N5C6CCC5C(=O)N(C)C6)nc34)cn2)CC1,6.52,0.0,1
CHEMBL3650,CN(C)C1CCN(Cc2ccc(-c3cnc(N)c(C(=O)Nc4cc(O)cc(O)c4)n3)cc2)CC1,6.13,0.0,1
CHEMBL3650,CN(C)CC(=O)N(C)c1ccc2[nH]c(-c3c(N)c4ccccc4[nH]c3=O)nc2c1,8.52,0.0,1
CHEMBL3650,CN(C)CC(C)(C)CNc1ncc2cc(-c3c(Cl)cccc3Cl)c(NC(=O)NC(C)(C)C)nc2n1,6.68,0.0,1
CHEMBL3650,CN(C)CCCCOc1ccc2c(c1)ncn2-c1ccccc1,5.17,0.0,1
CHEMBL3650,CN(C)CCCN(C)c1ncc2cc(-c3c(Cl)cccc3Cl)c(NC(=O)NC(C)(C)C)nc2n1,5.7,0.0,1
CHEMBL3650,CN(C)CCCNc1ncc2cc(-c3c(Cl)cccc3Cl)c(NC(=O)NC(C)(C)C)nc2n1,7.12,0.0,1
CHEMBL3650,CN(C)CCCOc1ccc(Nc2ncc3cc(-c4c(Cl)cccc4Cl)c(=O)n(C)c3n2)cc1,7.48,0.0,1
CHEMBL3650,CN(C)CCCOc1ccc2c(c1)ncn2-c1ccccc1,5.39,0.0,1
CHEMBL3650,CN(C)CCCc1ccc(C(F)(F)F)c(Nc2ncc3c(n2)-c2ccc(Cl)cc2NC(=S)C3)c1,5.39,0.0,1
CHEMBL3650,CN(C)CCCc1ccc(Cl)c(Nc2ncc3c(n2)-c2ccc(Cl)cc2NC(=S)C3)c1,5.55,0.0,1
CHEMBL3650,CN(C)CCCc1ccc(OC(F)(F)F)c(Nc2ncc3c(n2)-c2ccc(Cl)cc2NC(=S)C3)c1,5.7,0.0,1
CHEMBL3650,CN(C)CCCc1cccc(Nc2ncc3c(n2)-c2ccc(Cl)cc2NC(=S)C3)c1,7.92,0.0,1
CHEMBL3650,CN(C)CCCc1cncc(Nc2ncc3c(n2)-c2ccc(Cl)cc2NC(=S)C3)c1,7.96,0.0,1
CHEMBL3650,CN(C)CCNC(=O)Nc1nc2nc(NCCCN3CCN(C)CC3)ncc2cc1-c1c(Cl)cccc1Cl,7.12,0.0,1
CHEMBL3650,CN(C)CCOc1ccc(Nc2ncc3cc(-c4c(Cl)cccc4Cl)c(=O)n(C)c3n2)cc1,7.47,0.0,1
CHEMBL3650,CN(C)CCOc1ccc2c(c1)ncn2-c1ccccc1,4.35,0.0,1
CHEMBL3650,CN(C)[C@H]1CCN(c2ccc3[nH]c(-c4c(N)c5ccccc5[nH]c4=O)nc3c2)C1,7.7,0.0,1
CHEMBL3650,CN(C)c1c(-c2nc3ccccc3[nH]2)c(=O)[nH]c2ccccc12,6.41,0.0,1
CHEMBL3650,CN(C)c1cc(-c2cc3cnc(N)nc3nc2NC(=O)NC(C)(C)C)cc(N(C)C)c1,4.8,0.0,1
CHEMBL3650,CN(C)c1cccc(N(CC2CC2)c2ccc3ncc(-c4cnn(C)c4)nc3c2)c1,5.7,0.0,1
CHEMBL3650,CN(C[C@@H]1COCCO1)S(=O)(=O)Nc1ccc2ccc3ncc(-c4cnn(C)c4)cc3c(=O)c2c1,7.19,0.0,1
CHEMBL3650,CN(c1ccc(Cl)c(CO)c1)c1ccnc(Nc2cc(N3CCOCC3)cc(N3CCOCC3)c2)n1,7.25,0.0,1
CHEMBL3650,CN(c1cccc(CO)c1)c1ccnc(Nc2cc(N3CCOCC3)cc(N3CCOCC3)c2)n1,6.13,0.0,1
CHEMBL3650,CN(c1cccc(Cl)c1)c1ccnc(Nc2cc(N3CCOCC3)cc(N3CCOCC3)c2)n1,6.95,0.0,1
CHEMBL3650,CN(c1ccccc1)c1ccnc(Nc2cc(N3CCOCC3)cc(N3CCOCC3)c2)n1,6.5,0.0,1
CHEMBL3650,CN/C=C(\C(C)=N)c1cc2c(cn1)CN(c1c(F)c(OC)cc(OC)c1F)C(=O)N2Cc1cnn(C)c1C,7.7,0.0,1
CHEMBL3650,CN1C(=O)[C@@H](N2CCc3cn(CC4CCS(=O)(=O)CC4)nc3C2=O)COc2ccccc21,6.0,0.0,1
CHEMBL3650,CN1CC2CCC(C1=O)C2c1ncc2[nH]nc(-c3cnn(C)c3)c2n1,7.05,0.0,1
CHEMBL3650,CN1CC2CCC(C1=O)N2c1ncc2[nH]nc(-c3cnn(-c4ccc(C#N)c(F)c4)c3)c2n1,6.52,0.0,1
CHEMBL3650,CN1CC2CCC(C1=O)N2c1ncc2[nH]nc(-c3cnn(-c4cncc(C#N)c4)c3)c2n1,6.52,0.0,1
CHEMBL3650,CN1CC2CCC(C1=O)N2c1ncc2[nH]nc(-c3cnn(C4CC4)c3)c2n1,7.22,0.0,1
CHEMBL3650,CN1CC2CCC(C1=O)N2c1ncc2[nH]nc(-c3cnn(C4CCC4)c3)c2n1,7.36,0.0,1
CHEMBL3650,CN1CC2CCC(C1=O)N2c1ncc2[nH]nc(-c3cnn(C4CCOCC4)c3)c2n1,6.66,0.1979898987322338,2
CHEMBL3650,CN1CC2CCC(C1=O)N2c1ncc2[nH]nc(-c3cnn(CC(F)(F)F)c3)c2n1,6.52,0.0,1
CHEMBL3650,CN1CC2CCC(C1=O)N2c1ncc2[nH]nc(-c3cnn(CCN4CCOCC4)c3)c2n1,6.535,0.021213203435596916,2
CHEMBL3650,CN1CC2CCC(C1=O)N2c1ncc2[nH]nc(-c3cnn(Cc4ccncc4)c3)c2n1,6.52,0.0,1
CHEMBL3650,CN1CC2CCC(C1=O)N2c1ncc2[nH]nc(-c3cnn([C@H]4CC[C@H](O)CC4)c3)c2n1,6.74,0.31112698372208153,2
CHEMBL3650,CN1CCC(C(=O)Nc2cc(-c3ccc(F)cc3F)cc(-n3cnc4cc(-c5cnn(C)c5)cnc43)c2)CC1,7.75,0.0,1
CHEMBL3650,CN1CCC(N(C)c2ccc3[nH]c(-c4[nH]nc5ccccc45)nc3c2)CC1,7.75,0.0,1
CHEMBL3650,CN1CCC(NC(=O)c2cnc(NCc3cc(Cl)ccc3Cl)nc2NC2CCCC2)CC1,4.9,0.0,1
CHEMBL3650,CN1CCC(NC(=O)c2cnc(Nc3cc(Cl)cc(Cl)c3)nc2NC2CCC(N(C)C)CC2)CC1,4.52,0.0,1
CHEMBL3650,CN1CCC(NC(=O)c2cnc(Nc3cc(Cl)cc(Cl)c3)nc2N[C@@H]2COC[C@H]2O)CC1,4.52,0.0,1
CHEMBL3650,CN1CCC(Nc2ccc(C(=O)Nc3cc(-c4cc(C#N)cs4)n[nH]3)cc2)CC1,6.01,0.014142135623730649,2
CHEMBL3650,CN1CCC(Nc2ccc(C(=O)Nc3cc(-c4ccc5ncn(Cc6ccccc6)c5c4)[nH]n3)cc2)CC1,6.71,0.0,1
CHEMBL3650,CN1CCC(c2ccc3[nH]c(C(=O)c4cnn(-c5ccc6[nH]c(C(F)F)nc6c5)c4N)cc3c2)CC1,7.06,0.0,1
CHEMBL3650,CN1CCCC(Oc2cccc3[nH]c(=O)c(-c4nc5ccccc5[nH]4)c(N)c23)C1,9.0,0.0,1
CHEMBL3650,CN1CCCN(Cc2ccc(-c3cnc(N)c(C(=O)Nc4cc(O)cc(O)c4)n3)cc2)CC1,6.2,0.0,1
CHEMBL3650,CN1CCCN(c2ccc3[nH]c(-c4c(N)c5ccccc5[nH]c4=O)nc3c2)CC1,7.7,0.0,1
CHEMBL3650,CN1CCN(C(=O)c2ccc3[nH]c(-c4c(N)c5ccccc5[nH]c4=O)nc3c2)CC1,8.0,0.0,1
CHEMBL3650,CN1CCN(C(=O)c2ccc3c(c2)C(=C(c2ccccc2)c2nc4ccccc4[nH]2)C(=O)N3)CC1,7.16,0.0,1
CHEMBL3650,CN1CCN(CC(=O)N(C)c2ccc(N/C(=C3\C(=O)Nc4cc(-c5ccco5)ccc43)c3ccccc3)cc2)CC1,7.82,0.0,1
CHEMBL3650,CN1CCN(CC(=O)N(C)c2ccc(N/C(=C3\C(=O)Nc4cc(-c5cnco5)ccc43)c3ccccc3)cc2)CC1,6.57,0.0,1
CHEMBL3650,CN1CCN(CC(=O)N(C)c2ccc(N/C(=C3\C(=O)Nc4cc(-c5ncon5)ccc43)c3ccccc3)cc2)CC1,7.36,0.0,1
CHEMBL3650,CN1CCN(CC(=O)N(C)c2ccc(N/C(=C3\C(=O)Nc4cc(-c5nnco5)ccc43)c3ccccc3)cc2)CC1,7.21,0.0,1
CHEMBL3650,CN1CCN(CC(=O)N(C)c2ccc(N/C(=C3\C(=O)Nc4cc(-c5nnn(C)n5)ccc43)c3ccccc3)cc2)CC1,6.77,0.0,1
CHEMBL3650,CN1CCN(CC(=O)N(C)c2ccc(N/C(=C3\C(=O)Nc4cc(-n5nccn5)ccc43)c3ccccc3)cc2)CC1,7.21,0.0,1
CHEMBL3650,CN1CCN(CC(=O)N(C)c2ccc(N/C(=C3\C(=O)Nc4cc(OC(F)(F)F)ccc43)c3ccccc3)cc2)CC1,6.7,0.0,1
CHEMBL3650,CN1CCN(CCCCCNc2cc3c(cn2)cc(-c2c(Cl)cccc2Cl)c(=O)n3C)CC1,6.96,0.0,1
CHEMBL3650,CN1CCN(CCCCCNc2ncc3cc(-c4c(Cl)cccc4Cl)c(=O)n(C)c3n2)CC1,6.62,0.0,1
CHEMBL3650,CN1CCN(CCCCNc2cc3c(cn2)cc(-c2c(Cl)cccc2Cl)c(=O)n3C)CC1,6.77,0.0,1
CHEMBL3650,CN1CCN(CCCCNc2ncc3cc(-c4c(Cl)cccc4Cl)c(=O)n(C)c3n2)CC1,6.5,0.0,1
CHEMBL3650,CN1CCN(CCCCNc2ncc3cc(-c4c(Cl)cccc4Cl)c(NC(=O)NC(C)(C)C)nc3n2)CC1,7.46,0.0,1
CHEMBL3650,CN1CCN(CCCNc2cc3c(cn2)cc(-c2c(Cl)cccc2Cl)c(=O)n3C)CC1,6.77,0.0,1
CHEMBL3650,CN1CCN(CCCNc2cc3nc(N)c(-c4c(Cl)cccc4Cl)cc3cn2)CC1,6.79,0.1838477631085022,2
CHEMBL3650,CN1CCN(CCCNc2cc3nc(N)c(-c4ccccc4)cc3cn2)CC1,5.5,0.2262741699796954,2
CHEMBL3650,CN1CCN(CCCNc2cc3nc(NC(=O)NC(C)(C)C)c(-c4c(Cl)cccc4Cl)cc3cn2)CC1,7.865,0.40305086527633227,2
CHEMBL3650,CN1CCN(CCCNc2cc3nc(NC(=O)NC(C)(C)C)c(-c4ccccc4)cc3cn2)CC1,6.785,0.09192388155425078,2
CHEMBL3650,CN1CCN(CCCNc2cc3nc(NCCCN4CCN(C)CC4)c(-c4ccccc4)cc3cn2)CC1,4.779999999999999,0.19798989873223316,2
CHEMBL3650,CN1CCN(CCCNc2cc3nc(O)c(-c4c(Cl)cccc4Cl)cc3cn2)CC1,7.14,0.0,1
CHEMBL3650,CN1CCN(CCCNc2ncc3cc(-c4c(Cl)cccc4Cl)c(/N=C(/N)Nc4ccccc4)nc3n2)CC1,5.55,0.0,1
CHEMBL3650,CN1CCN(CCCNc2ncc3cc(-c4c(Cl)cccc4Cl)c(/N=C(/S)NC(C)(C)C)nc3n2)CC1,7.0,0.0,1
CHEMBL3650,CN1CCN(CCCNc2ncc3cc(-c4c(Cl)cccc4Cl)c(/N=C(/S)Nc4ccccc4)nc3n2)CC1,6.5,0.0,1
CHEMBL3650,CN1CCN(CCCNc2ncc3cc(-c4c(Cl)cccc4Cl)c(=O)n(C)c3n2)CC1,6.42,0.0,1
CHEMBL3650,CN1CCN(CCCNc2ncc3cc(-c4c(Cl)cccc4Cl)c(N)nc3n2)CC1,6.35,0.0,1
CHEMBL3650,CN1CCN(CCCNc2ncc3cc(-c4c(Cl)cccc4Cl)c(NC(=O)CC(C)(C)C)nc3n2)CC1,5.1,0.0,1
CHEMBL3650,CN1CCN(CCCNc2ncc3cc(-c4c(Cl)cccc4Cl)c(NC(=O)Cc4ccccc4)nc3n2)CC1,5.17,0.0,1
CHEMBL3650,CN1CCN(CCCNc2ncc3cc(-c4c(Cl)cccc4Cl)c(NC(=O)NC(C)(C)C)nc3n2)CC1,7.29,0.0,1
CHEMBL3650,CN1CCN(CCCNc2ncc3cc(-c4c(Cl)cccc4Cl)c(NC(=O)NC45C[C@H]6C[C@@H](C4)C[C@@H](C5)C6)nc3n2)CC1,6.92,0.0,1
CHEMBL3650,CN1CCN(CCCNc2ncc3cc(-c4c(Cl)cccc4Cl)c(NC(=O)NC4CCCCC4)nc3n2)CC1,7.54,0.0,1
CHEMBL3650,CN1CCN(CCCNc2ncc3cc(-c4c(Cl)cccc4Cl)c(NC(=O)NCCNC(=O)OC(C)(C)C)nc3n2)CC1,7.17,0.0,1
CHEMBL3650,CN1CCN(CCCNc2ncc3cc(-c4c(Cl)cccc4Cl)c(NC(=O)NCc4ccccc4)nc3n2)CC1,7.21,0.0,1
CHEMBL3650,CN1CCN(CCCNc2ncc3cc(-c4c(Cl)cccc4Cl)c(NC(=O)Nc4ccc(Br)cc4)nc3n2)CC1,6.96,0.0,1
CHEMBL3650,CN1CCN(CCCNc2ncc3cc(-c4c(Cl)cccc4Cl)c(NC(=O)Nc4ccc(C(F)(F)F)cc4)nc3n2)CC1,6.21,0.0,1
CHEMBL3650,CN1CCN(CCCNc2ncc3cc(-c4c(Cl)cccc4Cl)c(NC(=O)Nc4ccc(Cl)c(Cl)c4)nc3n2)CC1,6.22,0.0,1
CHEMBL3650,CN1CCN(CCCNc2ncc3cc(-c4c(Cl)cccc4Cl)c(NC(=O)Nc4ccc(Cl)cc4)nc3n2)CC1,6.92,0.0,1
CHEMBL3650,CN1CCN(CCCNc2ncc3cc(-c4c(Cl)cccc4Cl)c(NC(=O)Nc4cccc5ccccc45)nc3n2)CC1,6.52,0.0,1
CHEMBL3650,CN1CCN(CCCNc2ncc3cc(-c4c(Cl)cccc4Cl)c(NC(=O)Nc4ccccc4)nc3n2)CC1,7.08,0.0,1
CHEMBL3650,CN1CCN(CCCNc2ncc3cc(-c4c(Cl)cccc4Cl)c(NC(N)=O)nc3n2)CC1,6.85,0.0,1
CHEMBL3650,CN1CCN(CCCNc2ncc3cc(-c4c(Cl)cccc4Cl)c(NS(=O)(=O)c4ccccc4)nc3n2)CC1,7.17,0.0,1
CHEMBL3650,CN1CCN(CCCOc2ccc(Nc3cc4c(cn3)cc(-c3c(Cl)cccc3Cl)c(=O)n4C)cc2)CC1,6.92,0.0,1
CHEMBL3650,CN1CCN(CCNc2nccc(-c3c(-c4cccc(O)c4)nc4sccn34)n2)S1(=O)=O,4.87,0.0,1
CHEMBL3650,CN1CCN(CCOc2ccc(Nc3cc4c(cn3)cc(-c3c(Cl)cccc3Cl)c(=O)n4C)cc2)CC1,6.68,0.0,1
CHEMBL3650,CN1CCN(Cc2ccc(NC(=O)c3cc(C#Cc4cncc5ccccc45)ccn3)cc2C(F)(F)F)CC1,8.09,0.0,1
CHEMBL3650,CN1CCN(Cc2ccc(NC(=O)c3ccc(Cl)c(C#Cc4cncc(N5CCOCC5)c4)c3)cc2C(F)(F)F)CC1,9.3,0.0,1
CHEMBL3650,CN1CCN(Cc2ccc(NC(=O)c3ccc(Cl)c(C#Cc4cncc5ccccc45)c3)cc2C(F)(F)F)CC1,8.28,0.0,1
CHEMBL3650,CN1CCN(Cc2ccc(NC(=O)c3ccc(F)c(C#Cc4cncc5ccccc45)c3)cc2C(F)(F)F)CC1,8.89,0.0,1
CHEMBL3650,CN1CCN(Cc2ccc(NC(=O)c3cccc(C#Cc4cncc5ccccc45)c3)cc2C(F)(F)F)CC1,8.96,0.0,1
CHEMBL3650,CN1CCN(Cc2ccc(NC(=O)c3ccnc(C#Cc4cncc5ccccc45)c3)cc2C(F)(F)F)CC1,8.66,0.0,1
CHEMBL3650,CN1CCN(Cc2ccc(NC(=O)c3ccnc(C#Cc4cncc5ccccc45)n3)cc2C(F)(F)F)CC1,7.95,0.0,1
CHEMBL3650,CN1CCN(Cc2ccc(NC(=O)c3cncc(C#Cc4cncc5ccccc45)c3)cc2C(F)(F)F)CC1,8.8,0.0,1
CHEMBL3650,CN1CCN(Cc2ccc(Nc3ncc4cc(-c5c(Cl)cccc5Cl)c(=O)n(C)c4n3)cc2)CC1,7.31,0.0,1
CHEMBL3650,CN1CCN(Cc2ccc3[nH]c(-c4[nH]nc5ccccc45)nc3c2)CC1,6.57,0.0,1
CHEMBL3650,CN1CCN(Cc2ccc3[nH]c(-c4c(N)c5ccccc5[nH]c4=O)nc3c2)CC1,8.05,0.0,1
CHEMBL3650,CN1CCN(S(=O)(=O)c2ccc3c(c2)C(=C(c2ccccc2)c2nc4ccccc4[nH]2)C(=O)N3)CC1,5.71,0.0,1
CHEMBL3650,CN1CCN([C@H]2CC(F)(F)c3cc(NC(=O)c4ccc(F)c(C#Cc5cncc(N6CCC6)c5)c4)ccc32)CC1,8.42,0.0,1
CHEMBL3650,CN1CCN([C@H]2CC(F)(F)c3cc(NC(=O)c4ccc(F)c(C#Cc5cncc(N6CCOCC6)c5)c4)ccc32)CC1,8.47,0.0,1
CHEMBL3650,CN1CCN([C@H]2CC(F)(F)c3cc(NC(=O)c4cccc(C#Cc5cncc(N6CCC6)c5)c4)ccc32)CC1,8.24,0.0,1
CHEMBL3650,CN1CCN([C@H]2CC(F)(F)c3cc(NC(=O)c4cccc(C#Cc5cncc(N6CCOCC6)c5)c4)ccc32)CC1,8.42,0.0,1
CHEMBL3650,CN1CCN(c2ccc(-c3nc4c(N5CCN(CC(=O)Nc6nccs6)CC5)c(Cl)cnc4[nH]3)cc2)CC1,7.395,0.4313351365237945,2
CHEMBL3650,CN1CCN(c2ccc(Nc3cc4c(cn3)cc(-c3c(Cl)cccc3Cl)c(=O)n4C)cc2)CC1,7.38,0.0,1
CHEMBL3650,CN1CCN(c2ccc(Nc3ncc(Br)c(Nc4ccc5cn[nH]c5c4)n3)cc2)CC1,7.75,0.0,1
CHEMBL3650,CN1CCN(c2ccc(Nc3ncc(Cl)c(NC[C@H]4CCCO4)n3)cc2)CC1,6.8,0.0,1
CHEMBL3650,CN1CCN(c2ccc(Nc3ncc4cc(-c5c(Cl)cccc5Cl)c(=O)n(C)c4n3)cc2)CC1,7.55,0.0,1
CHEMBL3650,CN1CCN(c2ccc(Nc3ncc4cc(C#N)c(=O)n(C5CCCC5)c4n3)cc2)CC1,7.58,0.0,1
CHEMBL3650,CN1CCN(c2ccc3[nH]c(-c4[nH]nc5ccccc45)nc3c2)CC1,7.09,0.0,1
CHEMBL3650,CN1CCN(c2ccc3[nH]c(-c4c(N)c5c(Cl)cccc5[nH]c4=O)nc3c2)CC1,8.7,0.0,1
CHEMBL3650,CN1CCN(c2ccc3[nH]c(-c4c(N)c5c(F)cc(F)cc5[nH]c4=O)nc3c2)CC1,7.52,0.0,1
CHEMBL3650,CN1CCN(c2ccc3[nH]c(-c4c(N)c5cc(C(=O)NCc6ccccc6)ccc5[nH]c4=O)nc3c2)CC1,8.0,0.0,1
CHEMBL3650,CN1CCN(c2ccc3[nH]c(-c4c(N)c5cc(Cl)ccc5[nH]c4=O)nc3c2)CC1,7.62,0.0,1
CHEMBL3650,CN1CCN(c2ccc3[nH]c(-c4c(N)c5cc(F)c(F)cc5[nH]c4=O)nc3c2)CC1,6.96,0.0,1
CHEMBL3650,CN1CCN(c2ccc3[nH]c(-c4c(N)c5cc(F)c(N(C)C)cc5[nH]c4=O)nc3c2)CC1,5.75,0.0,1
CHEMBL3650,CN1CCN(c2ccc3[nH]c(-c4c(N)c5cc(F)ccc5[nH]c4=O)nc3c2)CC1,7.4,0.0,1
CHEMBL3650,CN1CCN(c2ccc3[nH]c(-c4c(N)c5cc(N(C)C)ccc5[nH]c4=O)nc3c2)CC1,7.08,0.0,1
CHEMBL3650,CN1CCN(c2ccc3[nH]c(-c4c(N)c5cc(N)ccc5[nH]c4=O)nc3c2)CC1,8.15,0.0,1
CHEMBL3650,CN1CCN(c2ccc3[nH]c(-c4c(N)c5cc(NC(=O)c6ccccc6)ccc5[nH]c4=O)nc3c2)CC1,6.05,0.0,1
CHEMBL3650,CN1CCN(c2ccc3[nH]c(-c4c(N)c5cc(NCc6ccccc6)ccc5[nH]c4=O)nc3c2)CC1,8.1,0.0,1
CHEMBL3650,CN1CCN(c2ccc3[nH]c(-c4c(N)c5ccc(F)cc5[nH]c4=O)nc3c2)CC1,8.52,0.0,1
CHEMBL3650,CN1CCN(c2ccc3[nH]c(-c4c(N)c5cccc(F)c5[nH]c4=O)nc3c2)CC1,6.72,0.0,1
CHEMBL3650,CN1CCN(c2ccc3[nH]c(-c4c(N)c5ccccc5[nH]c4=O)nc3c2)CC1,8.075,0.035355339059325995,2
CHEMBL3650,CN1CCN(c2ccc3[nH]c(-c4c(O)nc5ccccc5c4N)nc3n2)CC1,8.0,0.0,1
CHEMBL3650,CN1CCN(c2ccc3[nH]c(-c4c(O)nc5cccnc5c4N)nc3c2)CC1,7.37,0.0,1
CHEMBL3650,CN1CCN(c2ccc3[nH]c(-c4c(O)nc5cnccc5c4N)nc3c2)CC1,8.4,0.0,1
CHEMBL3650,CN1CCN(c2ccc3[nH]c(=O)c(-c4nc5ccccc5[nH]4)c(N)c3c2)CC1,5.39,0.0,1
CHEMBL3650,CN1CCN(c2ccc3nc(-c4c(N)c5c(F)cccc5[nH]c4=O)[nH]c3c2)CC1,8.03,0.09899494936611673,2
CHEMBL3650,CN1CCN(c2cccc3[nH]c(=O)c(-c4nc5ccccc5[nH]4)c(N)c23)CC1,9.0,0.0,1
CHEMBL3650,CN1CCN(c2ncc3[nH]nc(-c4cnn(C)c4)c3n2)C(C)(C)C1=O,6.06,0.0,1
CHEMBL3650,CN1CCN(c2ncc3[nH]nc(-c4cnn(C)c4)c3n2)CC1=O,5.975,0.10606601717798143,2
CHEMBL3650,CN1C[C@@H]2CC[C@H](C1=O)N2c1ncc2[nH]nc(-c3cnn(C4CCC4)c3)c2n1,7.57,0.0,1
CHEMBL3650,CNC(=O)C(C)(C)n1cc(-c2cnc3ccc(N(CC4CC4)c4cc(OC)cc(OC)c4)cc3n2)cn1,8.16,0.0,1
CHEMBL3650,CNC(=O)CN(c1cc(OC)cc(OC)c1)c1ccc2ncc(-c3cnn(C)c3)nc2c1,7.78,0.0,1
CHEMBL3650,CNC(=O)CNCc1cn2ncnc(N)c2c1-c1cc2cc(C)cc(OC)c2s1,7.32,0.0,1
CHEMBL3650,CNC(=O)Cn1cc(-c2ccc3ncc(N(CCN)c4cc(OC)cc(OC)c4)nc3c2)cn1,8.7,0.0,1
CHEMBL3650,CNC(=O)Cn1cc(-c2cnc3ccc(N(CC4CC4)c4cc(OC)cc(OC)c4)cc3n2)cn1,8.33,0.0,1
CHEMBL3650,CNC(=O)Cn1cc(-c2cnc3ccc(N(CCCN)c4cc(OC)cc(OC)c4)cc3n2)cn1,8.99,0.0,1
CHEMBL3650,CNC(=O)Cn1cc(-c2cnc3ccc(N(CCCN4CCCC4)c4cc(OC)cc(OC)c4)cc3n2)cn1,8.98,0.0,1
CHEMBL3650,CNC(=O)Cn1cc(-c2cnc3ccc(N(CCCNC(C)C)c4cc(OC)cc(OC)c4)cc3n2)cn1,8.83,0.0,1
CHEMBL3650,CNC(=O)Cn1cc(-c2cnc3ccc(N(CCCO)c4cc(OC)cc(OC)c4)cc3n2)cn1,8.67,0.0,1
CHEMBL3650,CNC(=O)Cn1cc(-c2cnc3ccc(N(CCNC(C)C)c4cc(OC)cc(OC)c4)cc3n2)cn1,8.63,0.0,1
CHEMBL3650,CNC(=O)Cn1cc(-c2cnc3ccc(N(CCO)c4cc(OC)cc(OC)c4)cc3n2)cn1,8.75,0.0,1
CHEMBL3650,CNC(=O)Nc1nc2cc(N)ncc2cc1-c1cc(OC)cc(OC)c1,7.02,0.0,1
CHEMBL3650,CNC(=O)OCCN(c1cc(OC)cc(OC)c1)c1ccc2ncc(-c3cnn(C)c3)nc2c1,8.3,0.0,1
CHEMBL3650,CNC(=O)c1cc(-c2cnc3cc(-c4cnn(C)c4)c(O[C@H]4CCOC4)nn23)c(F)c(C(F)F)c1,7.31,0.0,1
CHEMBL3650,CNC(=O)c1cc(C)c(F)c(-c2cnc3cc(-c4cnn(C)c4)c(O[C@H]4CCOC4)nn23)c1,7.34,0.0,1
CHEMBL3650,CNC(=O)c1cc(C)cc(-c2cnc3cc(-c4cnn(C(C)C)c4)c(O[C@H]4CCOC4)nn23)c1,7.41,0.0,1
CHEMBL3650,CNC(=O)c1cc(F)c(F)c(-c2cnc3cc(-c4cnn(C)c4)c(O[C@H]4CCOC4)nn23)c1,7.68,0.0,1
CHEMBL3650,CNC(=O)c1cc(F)cc(N(CC(C)(C)O)c2ccc3ncc(-c4cnn(C)c4)nc3c2)c1,8.01,0.0,1
CHEMBL3650,CNC(=O)c1cc(F)cc(N(CC2CC2)c2ccc3ncc(-c4cnn(C(C)C)c4)nc3c2)c1,8.71,0.0,1
CHEMBL3650,CNC(=O)c1cc(F)cc(N(CC2CC2)c2ccc3ncc(-c4cnn(C)c4)nc3c2)c1,8.5,0.0,1
CHEMBL3650,CNC(=O)c1cc(F)cc(N(CCNC(C)C)c2ccc3ncc(-c4cnn(C)c4)nc3c2)c1,8.64,0.0,1
CHEMBL3650,CNC(=O)c1cc(F)cc(N(CCO)c2ccc3ncc(-c4cnn(C)c4)nc3c2)c1,8.71,0.0,1
CHEMBL3650,CNC(=O)c1cc(OC)cc(N(CC(C)(C)O)c2ccc3ncc(-c4cnn(C)c4)nc3c2)c1,7.76,0.0,1
CHEMBL3650,CNC(=O)c1cc(OC)cc(N(CC(O)CO)c2ccc3ncc(-c4cnn(C)c4)nc3c2)c1,8.38,0.0,1
CHEMBL3650,CNC(=O)c1cc(OC)cc(N(CC2CC2)c2ccc3ncc(-c4cnn(C)c4)nc3c2)c1,8.33,0.0,1
CHEMBL3650,CNC(=O)c1cc(OC)cc(N(CC2CC2)c2ccc3ncc(-c4cnn(CCOC)c4)nc3c2)c1,8.2,0.0,1
CHEMBL3650,CNC(=O)c1cc(OC)cc(N(CCCN2CCCC2)c2ccc3ncc(-c4cnn(C)c4)nc3c2)c1,8.14,0.0,1
CHEMBL3650,CNC(=O)c1cc(OC)cc(N(CCCN2CCCC2)c2ccc3ncc(-c4cnn(CCO)c4)nc3c2)c1,8.24,0.0,1
CHEMBL3650,CNC(=O)c1cc(OC)cc(N(CCN)c2ccc3ncc(-c4cnn(C)c4)nc3c2)c1,8.52,0.0,1
CHEMBL3650,CNC(=O)c1cc(OC)cc(N(CCNC(C)C)c2ccc3ncc(-c4cnn(C(C)C)c4)nc3c2)c1,8.08,0.0,1
CHEMBL3650,CNC(=O)c1cc(OC)cc(N(CCNC(C)C)c2ccc3ncc(-c4cnn(C)c4)nc3c2)c1,8.25,0.0,1
CHEMBL3650,CNC(=O)c1cc(OC)cc(N(CCO)c2ccc3ncc(-c4cnn(CCOC)c4)nc3c2)c1,8.45,0.0,1
CHEMBL3650,CNC(=O)c1cc(Oc2ccc(NC(=O)Nc3cc(C(C)(C)C)nn3-c3ccc4ncccc4c3)c(F)c2)ccn1,7.85,0.0,1
CHEMBL3650,CNC(=O)c1cc(Oc2ccc(NC(=O)Nc3ccc(Cl)c(C(F)(F)F)c3)c(F)c2)ccn1,7.76,1.4990663761154805,2
CHEMBL3650,CNC(=O)c1cc(Oc2ccc(NC(=O)Nc3ccc(Cl)c(C(F)(F)F)c3)cc2)ccn1,6.913333333333334,1.2273684586681104,3
CHEMBL3650,CNC(=O)c1cc2nc(CCc3cc(OC)cc(OC)c3)cnc2[nH]1,6.52,0.0,1
CHEMBL3650,CNC(=O)c1ccc(-c2cc3c(cn2)CN(c2c(F)c(OC)cc(OC)c2F)C(=O)C32CC2)cc1,7.7,0.0,1
CHEMBL3650,CNC(=O)c1ccc(-c2cc3c(cn2)CN(c2c(F)c(OC)cc(OC)c2F)C(=O)C32CC2)cn1,7.7,0.0,1
CHEMBL3650,CNC(=O)c1ccc(-c2n[nH]c3cnc(N4[C@H](C)CN(C(=O)OC)C[C@@H]4C)nc23)cc1,5.9,0.0,1
CHEMBL3650,CNC(=O)c1ccc(C)c(-n2nc(-c3nc(-c4cnn(C5CCN(CCOC)CC5)c4)cnc3N)cc(C)c2=O)c1,7.24,0.0,1
CHEMBL3650,CNC(=O)c1ccc(C)c(-n2nc(-c3nc(-c4cnn(C5CCNCC5)c4)cnc3N)cc(C)c2=O)c1,7.57,0.0,1
CHEMBL3650,CNC(=O)c1ccc(CN2C(=O)N(c3c(F)c(OC)cc(OC)c3F)Cc3cnc(-c4cn(C)nc4C)cc32)cc1,6.94,0.0,1
CHEMBL3650,CNC(=O)c1ccc(F)c(-c2cnc3cc(-c4cnn(C)c4)c(OC)nn23)c1,7.22,0.0,1
CHEMBL3650,CNC(=O)c1cccc(-c2cnc3cc(-c4cnn(C)c4)c(OC)nn23)c1,7.07,0.0,1
CHEMBL3650,CNC(=O)c1cccc(-c2cnc3cc(-c4cnn(C)c4)c(OC4CCN(C)C4=O)nn23)c1,6.81,0.0,1
CHEMBL3650,CNC(=O)c1cccc(-c2cnc3cc(-c4cnn(C)c4)c(OC4CCOC4)nn23)c1,6.93,0.0,1
CHEMBL3650,CNC(=O)c1cccc(-c2cnc3cc(-c4cnn(C)c4)c(OC4CCOCC4)nn23)c1,6.55,0.0,1
CHEMBL3650,CNC(=O)c1cccc(-c2cnc3cc(-c4cnn(C)c4)c(OC4CN(C(C)=O)C4)nn23)c1,5.77,0.0,1
CHEMBL3650,CNC(=O)c1cccc(-c2cnc3cc(-c4cnn(C)c4)c(OC4COC4)nn23)c1,7.15,0.0,1
CHEMBL3650,CNC(=O)c1cccc(-c2cnc3cc(-c4cnn(C)c4)c(O[C@@H]4CCOC4)nn23)c1,6.36,0.0,1
CHEMBL3650,CNC(=O)c1cccc(-c2cnc3cc(-c4cnn(C)c4)c(O[C@H]4CCOC4)nn23)c1,7.52,0.0,1
CHEMBL3650,CNC(=O)c1cccc(-c2cnc3cc(-c4cnn(C)c4)cnn23)c1,6.04,0.0,1
CHEMBL3650,CNC(=O)c1cccc(-n2nc(-c3cc(-c4cnn(C5CCN(CCOC)CC5)c4)cnc3N)ccc2=O)c1,6.64,0.0,1
CHEMBL3650,CNC(=O)c1cccc(-n2nc(-c3cc(-c4cnn(C5CCNCC5)c4)cnc3N)ccc2=O)c1,7.01,0.0,1
CHEMBL3650,CNC(=O)c1cccc2cc(Oc3ccnc(NC(=O)c4ccc(C5CCN(CCO)CC5)cc4)c3)ccc12,8.92,0.0,1
CHEMBL3650,CNC(=O)c1cccc2cc(Oc3ccnc(NC(=O)c4ccc(C5CCNCC5)cc4)c3)ccc12,8.8,0.0,1
CHEMBL3650,CNC(=O)c1cccc2cc(Oc3ccnc(NC(=O)c4ccc(N5CC(C)OC(C)C5)cc4)c3)ccc12,8.72,0.0,1
CHEMBL3650,CNC(=O)c1cccc2cc(Oc3ccnc(NC(=O)c4ccc(N5CCN(C)CC5)cc4)c3)ccc12,9.0,0.0,1
CHEMBL3650,CNC(=O)c1cccc2cc(Oc3ccnc(NC(=O)c4ccc(N5CCN(CCO)CC5)cc4)c3)ccc12,8.73,0.014142135623730649,2
CHEMBL3650,CNC(=O)c1cccc2cc(Oc3ccnc(NC(=O)c4ccc(N5CCNC(C)C5)cc4)c3)ccc12,8.7,0.0,1
CHEMBL3650,CNC(=O)c1cccc2cc(Oc3ccnc(NC(=O)c4ccc(N5CCOCC5)cc4)c3)ccc12,8.92,0.0,1
CHEMBL3650,CNC(=O)c1cccc2cc(Oc3ccnc(NC(=O)c4ccc(N5C[C@@H](C)N[C@@H](C)C5)cc4)c3)c(OC)cc12,8.09,0.0,1
CHEMBL3650,CNC(=O)c1cccc2cc(Oc3ccnc(NC(=O)c4ccc(N5C[C@@H](C)N[C@@H](C)C5)cc4)c3)ccc12,8.68,0.0,1
CHEMBL3650,CNC(=O)c1cccc2cc(Oc3ccnc(NC(=O)c4ccc(N5C[C@@H](C)N[C@@H](C)C5)cc4C)c3)ccc12,7.89,0.0,1
CHEMBL3650,CNC(=O)c1cccc2cc(Oc3ccnc(NC(=O)c4ccc(N5C[C@@H](C)N[C@@H](C)C5)cc4OC)c3)ccc12,6.54,0.0,1
CHEMBL3650,CNC(=O)c1cccc2cc(Oc3ccnc(NC(=O)c4ccc(NCC5(O)CCOCC5)cc4)c3)ccc12,8.21,0.0,1
CHEMBL3650,CNC(=O)c1cccc2cc(Oc3ccnc(NC(=O)c4ccc(OCC5(N)CC5)cc4)c3)ccc12,8.13,0.0,1
CHEMBL3650,CNC(=O)c1cccc2cc(Oc3ccnc(NC(=O)c4ccc(OCCN5CC(F)(F)C5)cc4)c3)ccc12,8.21,0.0,1
CHEMBL3650,CNC(=O)c1cccc2cc(Oc3ccnc(NC(=O)c4ccc(OCCN5CC(F)C5)cc4)c3)ccc12,8.44,0.0,1
CHEMBL3650,CNC(=O)c1cccc2cc(Oc3ccnc(NC(=O)c4ccc(OCCN5CCCC5)cc4)c3)ccc12,8.39,0.0,1
CHEMBL3650,CNC(=O)c1cccc2cc(Oc3ccnc(NC(=O)c4cnc(N5C[C@@H](C)N[C@@H](C)C5)nc4)c3)ccc12,7.99,0.0,1
CHEMBL3650,CNC(=O)c1cccc2cc(Oc3ccnc(NC(=O)c4cnn(CCO)c4)c3)ccc12,7.63,0.0,1
CHEMBL3650,CNC(=O)c1cccc2cc(Oc3ccnc(NC(=O)c4coc(N5CCN(C)CC5)n4)c3)ccc12,8.55,0.0,1
CHEMBL3650,CNC(=O)c1cccc2cc(Oc3ccnc(NC(=O)c4csc(N5CCN(C)CC5)n4)c3)ccc12,8.12,0.0,1
CHEMBL3650,CNC(=O)c1cccc2cc(Oc3ccnc4cc(OCC5(N)CC5)c(OC)cc34)ccc12,7.76,0.0,2
CHEMBL3650,CNC(=O)c1cncc(-c2cnc3cc(-c4cnn(C)c4)c(NC)nn23)c1,6.38,0.0,1
CHEMBL3650,CNC(=O)c1cncc(-c2cnc3cc(-c4cnn(C)c4)c(OC(C)C)nn23)c1,6.44,0.0,1
CHEMBL3650,CNC(=O)c1cncc(-c2cnc3cc(-c4cnn(C)c4)c(OC)nn23)c1,6.37,0.0,1
CHEMBL3650,CNC(=O)c1cncc(-c2cnc3cc(-c4cnn(C)c4)c(OC4CCOC4)nn23)c1,6.83,0.0,1
CHEMBL3650,CNC(=O)c1cncc(-c2cnc3cc(-c4cnn(C)c4)c(OCCN(C)C)nn23)c1,6.38,0.0,1
CHEMBL3650,CNC(=O)c1cncc(-c2cnc3cc(-c4cnn(C)c4)c(OCc4ccccc4)nn23)c1,6.44,0.0,1
CHEMBL3650,CNC(=O)c1cncc(-c2cnc3cc(-c4cnn(C)c4)c(Oc4ccccc4)nn23)c1,5.58,0.0,1
CHEMBL3650,CNC(=O)c1cncc(-c2cnn3cc(-c4cnn(C(C)C)c4)c(O[C@H]4CCOC4)nc23)c1,7.77,0.0,1
CHEMBL3650,CNC(=O)c1ncc(C#Cc2cc(C(=O)Nc3ccc(CN4CCN(CCO)CC4)c(C(F)(F)F)c3)ccc2C)n1C,8.74,0.0,1
CHEMBL3650,CNC(=O)c1nn(C)c2c1C(C)(C)Cc1cnc(Nc3ccc(N4CCN(C)CC4)cc3)nc1-2,5.92,0.0,1
CHEMBL3650,CNC(=O)n1ccc2cc(Oc3ccnc(NC(=O)c4ccc(C5(F)CCNCC5)cc4)c3)c(OC)cc21,7.94,0.0,1
CHEMBL3650,CNC(=O)n1ccc2cc(Oc3ccnc(NC(=O)c4ccc(C5CCN(C(C)C)CC5)cc4)c3)c(OC)cc21,8.05,0.0,1
CHEMBL3650,CNC(=O)n1ccc2cc(Oc3ccnc(NC(=O)c4ccc(C5CCN(C(C)C)CC5)cc4)c3)c(OCCCOC)cc21,8.15,0.0,1
CHEMBL3650,CNC(=O)n1ccc2cc(Oc3ccnc(NC(=O)c4ccc(C5CCN(C(C)C)CC5)cc4)c3)c(OCCOC)cc21,8.28,0.0,1
CHEMBL3650,CNC(=O)n1ccc2cc(Oc3ccnc(NC(=O)c4ccc(C5CCN(C(C)C)CC5)nc4)c3)c(OCCOC)cc21,7.72,0.0,1
CHEMBL3650,CNC(=O)n1ccc2cc(Oc3ccnc(NC(=O)c4ccc(C5CCN(C)CC5)cc4)c3)c(OC(C)C)cc21,7.91,0.0,1
CHEMBL3650,CNC(=O)n1ccc2cc(Oc3ccnc(NC(=O)c4ccc(C5CCN(C)CC5)cc4)c3)c(OC)cc21,8.0,0.0,1
CHEMBL3650,CNC(=O)n1ccc2cc(Oc3ccnc(NC(=O)c4ccc(C5CCN(C)CC5)cc4)c3)c(OCCCF)cc21,7.98,0.0,1
CHEMBL3650,CNC(=O)n1ccc2cc(Oc3ccnc(NC(=O)c4ccc(C5CCN(C)CC5)cc4)c3)c(OCCCOC)cc21,8.21,0.0,1
CHEMBL3650,CNC(=O)n1ccc2cc(Oc3ccnc(NC(=O)c4ccc(C5CCN(C)CC5)cc4)c3)c(OCCOC)cc21,8.24,0.0,1
CHEMBL3650,CNC(=O)n1ccc2cc(Oc3ccnc(NC(=O)c4ccc(C5CCN(CC(C)(C)O)CC5)cc4)c3)c(OC)cc21,8.1,0.0,1
CHEMBL3650,CNC(=O)n1ccc2cc(Oc3ccnc(NC(=O)c4ccc(C5CCN(CCCF)CC5)cc4)c3)c(OC)cc21,7.92,0.0,1
CHEMBL3650,CNC(=O)n1ccc2cc(Oc3ccnc(NC(=O)c4ccc(C5CCN(CCO)CC5)cc4)c3)c(OC(C)C)cc21,7.95,0.0,1
CHEMBL3650,CNC(=O)n1ccc2cc(Oc3ccnc(NC(=O)c4ccc(C5CCN(CCO)CC5)cc4)c3)c(OC)cc21,8.1,0.0,1
CHEMBL3650,CNC(=O)n1ccc2cc(Oc3ccnc(NC(=O)c4ccc(C5CCN(CCO)CC5)cc4)c3)c(OCCCOC)cc21,8.21,0.0,1
CHEMBL3650,CNC(=O)n1ccc2cc(Oc3ccnc(NC(=O)c4ccc(C5CCN(CCO)CC5)cc4)c3)c(OCCOC)cc21,8.695,0.6434671708797584,2
CHEMBL3650,CNC(=O)n1ccc2cc(Oc3ccnc(NC(=O)c4ccc(C5CCN(C[C@@H](C)O)CC5)cc4)c3)c(OC(C)C)cc21,7.9,0.0,1
CHEMBL3650,CNC(=O)n1ccc2cc(Oc3ccnc(NC(=O)c4ccc(C5CCN(C[C@@H](C)O)CC5)cc4)c3)c(OC)cc21,8.26,0.0,1
CHEMBL3650,CNC(=O)n1ccc2cc(Oc3ccnc(NC(=O)c4ccc(C5CCN(C[C@@H](C)O)CC5)cc4)c3)c(OCCCF)cc21,8.07,0.0,1
CHEMBL3650,CNC(=O)n1ccc2cc(Oc3ccnc(NC(=O)c4ccc(C5CCN(C[C@@H](C)O)CC5)cc4)c3)c(OCCCOC)cc21,8.28,0.0,1
CHEMBL3650,CNC(=O)n1ccc2cc(Oc3ccnc(NC(=O)c4ccc(C5CCN(C[C@@H](C)O)CC5)cc4)c3)c(OCCOC)cc21,8.15,0.0,1
CHEMBL3650,CNC(=O)n1ccc2cc(Oc3ccnc(NC(=O)c4ccc(C5CCN(C[C@H](C)O)CC5)cc4)c3)c(OC(C)C)cc21,7.99,0.0,1
CHEMBL3650,CNC(=O)n1ccc2cc(Oc3ccnc(NC(=O)c4ccc(C5CCN(C[C@H](C)O)CC5)cc4)c3)c(OC)cc21,8.14,0.0,1
CHEMBL3650,CNC(=O)n1ccc2cc(Oc3ccnc(NC(=O)c4ccc(C5CCN(C[C@H](C)O)CC5)cc4)c3)c(OCCCF)cc21,8.1,0.0,1
CHEMBL3650,CNC(=O)n1ccc2cc(Oc3ccnc(NC(=O)c4ccc(C5CCN(C[C@H](C)O)CC5)cc4)c3)c(OCCCOC)cc21,8.19,0.0,1
CHEMBL3650,CNC(=O)n1ccc2cc(Oc3ccnc(NC(=O)c4ccc(C5CCN(C[C@H](C)O)CC5)cc4)c3)c(OCCOC)cc21,8.3,0.0,1
CHEMBL3650,CNC(=O)n1ccc2cc(Oc3ccnc(NC(=O)c4ccc(C5CCNCC5)cc4)c3)c(OC(C)C)cc21,7.84,0.0,1
CHEMBL3650,CNC(=O)n1ccc2cc(Oc3ccnc(NC(=O)c4ccc(C5CCNCC5)cc4)c3)c(OCCOC)cc21,8.25,0.0,1
CHEMBL3650,CNC(=O)n1ccc2cc(Oc3ccnc(NC(=O)c4ccc(C5CCNCC5F)cc4)c3)c(OC)cc21,7.96,0.0,1
CHEMBL3650,CNC(=O)n1ccc2cc(Oc3ccnc(NC(=O)c4ccc(C5CN(C(C)C)C5)cc4)c3)c(OC)cc21,7.89,0.0,1
CHEMBL3650,CNC(=O)n1ccc2cc(Oc3ccnc(NC(=O)c4ccc(C5CN(C(C)C)C5)cc4)c3)c(OCCCOC)cc21,8.05,0.0,1
CHEMBL3650,CNC(=O)n1ccc2cc(Oc3ccnc(NC(=O)c4ccc(C5CN(C(C)C)C5)cc4)c3)c(OCCOC)cc21,8.17,0.0,1
CHEMBL3650,CNC(=O)n1ccc2cc(Oc3ccnc(NC(=O)c4ccc(C5CN(C)C5)cc4)c3)c(OCCOC)cc21,8.15,0.0,1
CHEMBL3650,CNC(=O)n1ccc2cc(Oc3ccnc(NC(=O)c4ccc(C5CN(CC(C)(C)O)C5)cc4)c3)c(OC)cc21,7.92,0.0,1
CHEMBL3650,CNC(=O)n1ccc2cc(Oc3ccnc(NC(=O)c4ccc(C5CN(CC(C)(C)O)C5)cc4)c3)c(OCCOC)cc21,8.07,0.0,1
CHEMBL3650,CNC(=O)n1ccc2cc(Oc3ccnc(NC(=O)c4ccc(C5CN(C[C@@H](C)O)C5)cc4)c3)c(OCCCOC)cc21,8.15,0.0,1
CHEMBL3650,CNC(=O)n1ccc2cc(Oc3ccnc(NC(=O)c4ccc(C5CN(C[C@@H](C)O)C5)cc4)c3)c(OCCOC)cc21,8.07,0.0,1
CHEMBL3650,CNC(=O)n1ccc2cc(Oc3ccnc(NC(=O)c4ccc(C5CN(C[C@H](C)O)C5)cc4)c3)c(OCCCOC)cc21,7.94,0.0,1
CHEMBL3650,CNC(=O)n1ccc2cc(Oc3ccnc(NC(=O)c4ccc(C5CN(C[C@H](C)O)C5)cc4)c3)c(OCCOC)cc21,8.15,0.0,1
CHEMBL3650,CNC(=O)n1ccc2cc(Oc3ccnc(NC(=O)c4ccc(CCN5CCC(O)CC5)cc4)c3)c(OC)cc21,7.62,0.0,1
CHEMBL3650,CNC(=O)n1ccc2cc(Oc3ccnc(NC(=O)c4ccc(CN5CCC(O)CC5)cc4)c3)c(OC(C)C)cc21,7.5,0.0,1
CHEMBL3650,CNC(=O)n1ccc2cc(Oc3ccnc(NC(=O)c4ccc(CN5CCC(O)CC5)cc4)c3)c(OC(F)F)cc21,7.87,0.0,1
CHEMBL3650,CNC(=O)n1ccc2cc(Oc3ccnc(NC(=O)c4ccc(CN5CCC(O)CC5)cc4)c3)c(OC)cc21,7.52,0.0,1
CHEMBL3650,CNC(=O)n1ccc2cc(Oc3ccnc(NC(=O)c4ccc(CN5CCC(O)CC5)cc4)c3)c(OCCCF)cc21,7.62,0.0,1
CHEMBL3650,CNC(=O)n1ccc2cc(Oc3ccnc(NC(=O)c4ccc(CN5CCC(O)CC5)cc4)c3)c(OCCCOC)cc21,7.75,0.0,1
CHEMBL3650,CNC(=O)n1ccc2cc(Oc3ccnc(NC(=O)c4ccc(CN5CCC(O)CC5)cc4)c3)c(OCCOC)cc21,7.83,0.0,1
CHEMBL3650,CNC(=O)n1ccc2cc(Oc3ccnc(NC(=O)c4ccc(CN5CCC(O)CC5)s4)c3)c(OC)cc21,7.98,0.0,1
CHEMBL3650,CNC(=O)n1ccc2cc(Oc3ccnc(NC(=O)c4ccc(CN5CCC(O)CC5)s4)c3)c(OCCOC)cc21,8.19,0.0,1
CHEMBL3650,CNC(=O)n1ccc2cc(Oc3ccnc(NC(=O)c4ccc(CN5CCC[C@@H]5CO)cc4)c3)c(OC)cc21,7.49,0.0,1
CHEMBL3650,CNC(=O)n1ccc2cc(Oc3ccnc(NC(=O)c4ccc(CN5CCC[C@@H]5CO)cc4)c3)c(OCCCOC)cc21,7.65,0.0,1
CHEMBL3650,CNC(=O)n1ccc2cc(Oc3ccnc(NC(=O)c4ccc(CN5CCC[C@@H]5CO)s4)c3)c(OC)cc21,7.91,0.0,1
CHEMBL3650,CNC(=O)n1ccc2cc(Oc3ccnc(NC(=O)c4ccc(CN5CCC[C@@H]5CO)s4)c3)c(OCCOC)cc21,8.19,0.0,1
CHEMBL3650,CNC(=O)n1ccc2cc(Oc3ccnc(NC(=O)c4ccc(CN5CCC[C@H]5CO)cc4)c3)c(OC)cc21,7.74,0.0,1
CHEMBL3650,CNC(=O)n1ccc2cc(Oc3ccnc(NC(=O)c4ccc(CN5CCC[C@H]5CO)cc4)c3)c(OCCCOC)cc21,7.97,0.0,1
CHEMBL3650,CNC(=O)n1ccc2cc(Oc3ccnc(NC(=O)c4ccc(CN5CCC[C@H]5CO)s4)c3)c(OC)cc21,7.97,0.0,1
CHEMBL3650,CNC(=O)n1ccc2cc(Oc3ccnc(NC(=O)c4ccc(CN5CCC[C@H]5CO)s4)c3)c(OCCOC)cc21,7.99,0.0,1
CHEMBL3650,CNC(=O)n1ccc2cc(Oc3ccnc(NC(=O)c4ccc(CN5CC[C@@H](O)C5)cc4)c3)c(OC)cc21,7.63,0.0,1
CHEMBL3650,CNC(=O)n1ccc2cc(Oc3ccnc(NC(=O)c4ccc(CN5CC[C@@H](O)C5)cc4)c3)c(OCCCF)cc21,7.65,0.0,1
CHEMBL3650,CNC(=O)n1ccc2cc(Oc3ccnc(NC(=O)c4ccc(CN5CC[C@@H](O)C5)cc4)c3)c(OCCCOC)cc21,7.79,0.0,1
CHEMBL3650,CNC(=O)n1ccc2cc(Oc3ccnc(NC(=O)c4ccc(CN5CC[C@@H](O)C5)s4)c3)c(OCCOC)cc21,8.17,0.0,1
CHEMBL3650,CNC(=O)n1ccc2cc(Oc3ccnc(NC(=O)c4ccc(CN5CC[C@H](O)C5)cc4)c3)c(OC)cc21,7.62,0.0,1
CHEMBL3650,CNC(=O)n1ccc2cc(Oc3ccnc(NC(=O)c4ccc(CN5CC[C@H](O)C5)cc4)c3)c(OCCCF)cc21,7.74,0.0,1
CHEMBL3650,CNC(=O)n1ccc2cc(Oc3ccnc(NC(=O)c4ccc(CN5CC[C@H](O)C5)cc4)c3)c(OCCCOC)cc21,7.78,0.0,1
CHEMBL3650,CNC(=O)n1ccc2cc(Oc3ccnc(NC(=O)c4ccc(CN5CC[C@H](O)C5)s4)c3)c(OCCOC)cc21,8.07,0.0,1
CHEMBL3650,CNC(=O)n1ccc2cc(Oc3ccnc(NC(=O)c4ccc(CN5C[C@@H](C)N[C@@H](C)C5)s4)c3)c(OC)cc21,7.95,0.0,1
CHEMBL3650,CNC(=O)n1ccc2cc(Oc3ccnc(NC(=O)c4ccc(CN5C[C@H](OC)[C@@H](O)C5)cc4)c3)c(OC)cc21,7.42,0.0,1
CHEMBL3650,CNC(=O)n1ccc2cc(Oc3ccnc(NC(=O)c4ccc(N5CCC(N6CCCC6)CC5)cc4)c3)c(OC)cc21,7.88,0.0,1
CHEMBL3650,CNC(=O)n1ccc2cc(Oc3ccnc(NC(=O)c4ccc(OC5CCN(CCO)CC5)cc4)c3)c(OC)cc21,7.96,0.0,1
CHEMBL3650,CNC(=O)n1ccc2cc(Oc3ccnc(NC(=O)c4ccc(OC5CCN(C[C@@H](C)O)CC5)cc4)c3)c(OC)cc21,7.97,0.0,1
CHEMBL3650,CNC(=O)n1ccc2cc(Oc3ccnc(NC(=O)c4ccc(OC5CCN(C[C@H](C)O)CC5)cc4)c3)c(OC)cc21,7.89,0.0,1
CHEMBL3650,CNC(=O)n1ccc2cc(Oc3ccnc(NC(=O)c4ccc(OCCN5CCC(O)CC5)cc4)c3)c(OC)cc21,7.7,0.0,1
CHEMBL3650,CNC(=O)n1ccc2cc(Oc3ccnc(NC(=O)c4cnn(C5CCN(C(C)C)CC5)c4)c3)c(OC)cc21,7.62,0.0,1
CHEMBL3650,CNC(=O)n1ccc2cc(Oc3ccnc(NC(=O)c4cnn(C5CCN(C[C@@H](C)O)CC5)c4)c3)c(OC)cc21,7.64,0.0,1
CHEMBL3650,CNC(=O)n1ccc2cc(Oc3ccnc(NC(=O)c4cnn(C5CCN(C[C@H](C)O)CC5)c4)c3)c(OC)cc21,7.58,0.0,1
CHEMBL3650,CNC1CCN(CCCN(c2cc(OC)cc(OC)c2)c2ccc3ncc(-c4cnn(C)c4)nc3c2)C1,8.85,0.0,1
CHEMBL3650,CNCC(O)CN(c1cc(OC)cc(OC)c1)c1ccc2ncc(-c3cnn(C)c3)nc2c1,8.62,0.0,2
CHEMBL3650,CNCCCN(c1cc(OC)cc(OC)c1)c1ccc2ncc(-c3cnn(C)c3)nc2c1,9.02,0.0,1
CHEMBL3650,CNCCN(c1cc(F)cc(OC)c1)c1ccc2ncc(-c3cnn(C)c3)nc2c1,8.25,0.0,1
CHEMBL3650,CNCCN(c1cc(OC)cc(OC)c1)c1ccc2ncc(-c3cn[nH]c3)nc2c1,8.43,0.0,1
CHEMBL3650,CNCCN(c1cc(OC)cc(OC)c1)c1ccc2ncc(-c3cnn(C(C)C)c3)nc2c1,8.69,0.0,1
CHEMBL3650,CNCCN(c1cc(OC)cc(OC)c1)c1ccc2ncc(-c3cnn(C)c3)nc2c1,8.84,0.0,1
CHEMBL3650,CNCCN(c1cc(OC)cc(OC)c1)c1ccc2ncc(-c3cnn(CC(=O)NC)c3)nc2c1,8.774999999999999,0.021213203435595344,2
CHEMBL3650,CNCCN(c1cc(OC)cc(OC)c1)c1ccc2ncc(-c3cnn(CC4CCOCC4)c3)nc2c1,8.25,0.0,1
CHEMBL3650,CNCCN(c1cc(OC)cc(OC)c1)c1ccc2ncc(-c3cnn(CCO)c3)nc2c1,8.15,0.0,1
CHEMBL3650,CNCCN(c1cc(OC)cc(OC)c1)c1ccc2ncc(-c3cnn(CCS(C)(=O)=O)c3)nc2c1,8.46,0.0,1
CHEMBL3650,CNCCN(c1cc(OC)cc(OCCO)c1)c1ccc2ncc(-c3cnn(C)c3)nc2c1,7.65,0.0,1
CHEMBL3650,CNCCOc1cc(OC)cc(N(CC2CC2)c2ccc3ncc(-c4cnn(C)c4)nc3c2)c1,6.1,0.0,1
CHEMBL3650,CNC[C@@H](O)CN(c1cc(OC)cc(OC)c1)c1ccc2ncc(-c3cnn(C)c3)nc2c1,8.7,0.0,1
CHEMBL3650,CNC[C@H](O)CN(c1cc(OC)cc(OC)c1)c1ccc2ncc(-c3cnn(C)c3)nc2c1,8.76,0.0,1
CHEMBL3650,CNCc1c(-c2cc3cc(C)cc(OC)c3s2)c2c(N)ncnn2c1CN1CCNCC1,8.52,0.0,1
CHEMBL3650,CNS(=O)(=O)N(C)c1cc(-c2ccc(F)cc2F)cc(-n2cnc3cc(-c4cnn(C(C)C)c4)cnc32)c1,7.98,0.0,1
CHEMBL3650,CNS(=O)(=O)c1ccc2c(c1)/C(=C/c1[nH]c3c(c1CCC(N)=O)CCCC3)C(=O)N2,7.16,0.0,1
CHEMBL3650,CNS(=O)(=O)c1ccc2c(c1)/C(=C/c1[nH]c3c(c1CCCN(C)C)CCCC3)C(=O)N2,6.16,0.0,1
CHEMBL3650,CNS(=O)(=O)c1ccc2c(c1)/C(=C/c1[nH]c3c(c1CCCN1CCC(O)CC1)CCCC3)C(=O)N2,5.47,0.0,1
CHEMBL3650,CNS(=O)(=O)c1ccc2c(c1)/C(=C/c1[nH]c3c(c1CCCN1CCN(C)CC1)CCCC3)C(=O)N2,5.92,0.0,1
CHEMBL3650,CNS(=O)(=O)c1ccc2c(c1)/C(=C/c1[nH]c3c(c1CCCN1CCN(CC(=O)O)CC1)CCCC3)C(=O)N2,6.7,0.0,1
CHEMBL3650,CNS(=O)(=O)c1ccc2c(c1)/C(=C/c1[nH]c3c(c1CCCN1CCN(CCO)CC1)CCCC3)C(=O)N2,6.22,0.0,1
CHEMBL3650,CNS(=O)(=O)c1ccc2c(c1)/C(=C/c1[nH]c3c(c1CCCN1CCOCC1)CCCC3)C(=O)N2,5.77,0.0,1
CHEMBL3650,CNS(=O)(=O)c1ccc2c(c1)/C(=C/c1[nH]c3c(c1CN1CCOCC1)CCCC3)C(=O)N2,6.7,0.0,1
CHEMBL3650,CNS(=O)(=O)c1cccc(N2C(=O)N(c3c(F)c(OC)cc(OC)c3F)Cc3cnc(-c4cn(C)nc4C)cc32)c1,7.7,0.0,1
CHEMBL3650,CN[C@@H]1CC2OC([C@@H]1OC)n1c3ccccc3c3c4c(c5c6ccccc6n2c5c31)C(=O)NC4,8.1,0.0,1
CHEMBL3650,CN[C@@H]1C[C@H]2O[C@@](C)([C@@H]1OC)n1c3ccccc3c3c4c(c5c6ccccc6n2c5c31)C(=O)NC4,8.13125,0.3859103337749401,8
CHEMBL3650,CNc1c(-c2nc3ccccc3[nH]2)c(=O)[nH]c2ccccc12,6.92,0.0,1
CHEMBL3650,CNc1cc2c(cn1)cc(-c1c(Cl)cccc1Cl)c(=O)n2C,6.68,0.0,1
CHEMBL3650,CNc1cc2ccc(C#CCOc3ccc(CN4CCNCC4)c(C(F)(F)F)c3)cc2cn1,6.6,0.0,1
CHEMBL3650,CNc1ccc2[nH]c(-c3n[nH]c4ccc(OC(C)c5c(Cl)cncc5Cl)cc34)nc2c1,8.68,0.0,1
CHEMBL3650,CNc1ccc2c(N)c(-c3nc4cc(N5CCN(C)CC5)ccc4[nH]3)c(=O)[nH]c2c1,6.43,0.0,1
CHEMBL3650,CNc1cccc(N(CC2CC2)c2ccc3ncc(-c4cnn(C)c4)nc3c2)c1,6.13,0.0,1
CHEMBL3650,CNc1cccc2[nH]c(=O)c(-c3nc4cc(N5CCN(C)CC5)ccc4[nH]3)c(N)c12,7.82,0.0,1
CHEMBL3650,CNc1cccnc1C#CCN(c1cc(OC)cc(OC)c1)c1ccc2ncc(-c3cnn(C)c3)nc2c1,7.89,0.0,1
CHEMBL3650,CNc1ncc2cc(-c3c(Cl)c(OC)cc(OC)c3Cl)c(=O)n(CCCN3CCN(C(=O)C(C#N)=CC(C)(C)C)CC3)c2n1,9.15,0.0,1
CHEMBL3650,CNc1ncc2cc(-c3c(Cl)c(OC)cc(OC)c3Cl)c(=O)n(CCN3CCN(C(=O)C(C#N)=CC(C)(C)C)CC3)c2n1,8.12,0.0,1
CHEMBL3650,CNc1ncc2cc(-c3c(Cl)c(OC)cc(OC)c3Cl)c(=O)n(CCOC3CCCN(C(=O)C(C#N)=CC(C)(C)C)C3)c2n1,8.82,0.0,1
CHEMBL3650,CNc1ncc2cc(-c3c(Cl)c(OC)cc(OC)c3Cl)c(=O)n(CCOC3CCN(C(=O)C(C#N)=CC(C)(C)C)C3)c2n1,8.32,0.0,1
CHEMBL3650,CNc1ncc2cc(-c3c(Cl)c(OC)cc(OC)c3Cl)c(=O)n(CCOC3CN(C(=O)/C=C/CN(C)C)C3)c2n1,8.7,0.0,1
CHEMBL3650,CNc1ncc2cc(-c3c(Cl)c(OC)cc(OC)c3Cl)c(=O)n(CCOC3CN(C(=O)C(C#N)=CC(C)(C)C)C3)c2n1,9.22,0.0,1
CHEMBL3650,CNc1ncc2cc(-c3c(Cl)c(OC)cc(OC)c3Cl)c(=O)n(CCc3cccc(NC(=O)C(C#N)=CC(C)C)c3)c2n1,8.21,0.0,1
CHEMBL3650,CNc1ncc2cc(-c3c(Cl)cccc3Cl)c(=O)n(C)c2n1,5.6,0.0,1
CHEMBL3650,CNc1ncc2cc(-c3cc(C)ccc3C)c(=O)n(CCc3cccc(NC(=O)C(C#N)=CC(C)(C)C)c3)c2n1,5.3,0.0,1
CHEMBL3650,CNc1ncc2cc(-c3cc(OC)cc(OC)c3)c(=O)n(CCc3cccc(NC(=O)C(C#N)=CC(C)(C)C)c3)c2n1,6.91,0.0,1
CHEMBL3650,CNc1ncc2cc(-c3cc(OC)cc(OC)c3)c(=O)n(CCc3cccc(NC(=O)C(C#N)=CC(C)(C)N)c3)c2n1,8.07,0.0,1
CHEMBL3650,CNc1ncc2cc(-c3cc(OC)cc(OC)c3Cl)c(=O)n(CCCN3CCN(C(=O)C(C#N)=CC(C)(C)C)CC3)c2n1,8.3,0.0,1
CHEMBL3650,CNc1ncc2cc(-c3cc(OC)cc(OC)c3Cl)c(=O)n(CCCc3ccc(C=C(C#N)C(=O)NC(C)(C)C)cc3)c2n1,7.33,0.0,1
CHEMBL3650,CNc1ncc2cc(-c3cc(OC)cc(OC)c3Cl)c(=O)n(CCN3CCC(NC(=O)C(C#N)=CC(C)(C)C)CC3)c2n1,7.47,0.0,1
CHEMBL3650,CNc1ncc2cc(-c3cc(OC)cc(OC)c3Cl)c(=O)n(CCN3CCN(C(=O)C(C#N)=CC(C)(C)C)CC3)c2n1,7.65,0.0,1
CHEMBL3650,CNc1ncc2cc(-c3cc(OC)cc(OC)c3Cl)c(=O)n(CCN3C[C@@H]4CN(C(=O)C(C#N)=CC(C)(C)C)C[C@@H]4C3)c2n1,7.33,0.0,1
CHEMBL3650,CNc1ncc2cc(-c3cc(OC)cc(OC)c3Cl)c(=O)n(CCc3ccc(NC(=O)C(C#N)=CC(C)(C)N(C)C4COC4)cc3)c2n1,8.44,0.0,1
CHEMBL3650,CNc1ncc2cc(-c3cc(OC)cc(OC)c3Cl)c(=O)n(CCc3ccc(NC(=O)C(C#N)=CC(C)(C)N)nc3)c2n1,8.85,0.0,1
CHEMBL3650,CNc1ncc2cc(-c3cc(OC)cc(OC)c3Cl)c(=O)n(CCc3ccc(NC(=O)C(C#N)=CC(C)(C)N4CC5(COC5)C4)cc3)c2n1,8.54,0.0,1
CHEMBL3650,CNc1ncc2cc(-c3cc(OC)cc(OC)c3Cl)c(=O)n(CCc3ccc(NC(=O)C(C#N)=CC(C)(C)N4CCN(C5COC5)CC4)cc3)c2n1,8.42,0.0,1
CHEMBL3650,CNc1ncc2cc(-c3cc(OC)cc(OC)c3Cl)c(=O)n(CCc3ccc(NC(=O)C(C#N)=CC(C)(C)N4C[C@@H](C)N(C)[C@@H](C)C4)cc3)c2n1,8.72,0.0,1
CHEMBL3650,CNc1ncc2cc(-c3cc(OC)cc(OC)c3Cl)c(=O)n(CCc3cccc(N(C)C(=O)C(C#N)=CC(C)(C)N(C)C)c3)c2n1,8.0,0.0,1
CHEMBL3650,CNc1ncc2cc(-c3cc(OC)cc(OC)c3Cl)c(=O)n(CCc3cccc(N(C)C(=O)C(C#N)=CC(C)(C)N)c3)c2n1,8.35,0.0,1
CHEMBL3650,CNc1ncc2cc(-c3cc(OC)cc(OC)c3Cl)c(=O)n(CCc3cccc(NC(=O)C(C#N)=CC(C)(C)C)n3)c2n1,7.86,0.0,1
CHEMBL3650,CNc1ncc2cc(-c3cc(OC)cc(OC)c3Cl)c(=O)n(CCc3cccc(NC(=O)C(C#N)=CC(C)(C)N(C)C4COC4)c3)c2n1,8.31,0.0,1
CHEMBL3650,CNc1ncc2cc(-c3cc(OC)cc(OC)c3Cl)c(=O)n(CCc3cccc(NC(=O)C(C#N)=CC(C)(C)N)n3)c2n1,9.15,0.0,1
CHEMBL3650,CNc1ncc2cc(-c3cc(OC)cc(OC)c3Cl)c(=O)n(CCc3cccc(NC(=O)C(C#N)=CC(C)(C)N4CCC(O)CC4)c3)c2n1,8.34,0.0,1
CHEMBL3650,CNc1ncc2cc(-c3cc(OC)cc(OC)c3Cl)c(=O)n(CCc3ccnc(NC(=O)C(C#N)=CC(C)(C)N)c3)c2n1,8.7,0.0,1
CHEMBL3650,CNc1ncc2cc(-c3cc(OC)cc(OC)c3Cl)c(=O)n(CCc3cnc(NC(=O)C(C#N)=CC(C)(C)C)cn3)c2n1,8.03,0.0,1
CHEMBL3650,CNc1ncc2cc(-c3cc(OC)cc(OC)c3Cl)c(=O)n(CCc3csc(NC(=O)C(C#N)=CC(C)(C)C)n3)c2n1,6.59,0.0,1
CHEMBL3650,CNc1ncc2cc(-c3ccc(Cl)cc3Cl)c(=O)n(CCc3cccc(NC(=O)C(C#N)=CC(C)(C)C)c3)c2n1,5.89,0.0,1
CHEMBL3650,CNc1ncc2cc(-c3cccc(OC)c3F)c(=O)n(CCc3cccc(NC(=O)C(C#N)=CC(C)(C)C)c3)c2n1,6.84,0.0,1
CHEMBL3650,COC(=O)COCc1c(-c2cc3cc(C)cc(OC)c3s2)c2c(N)ncnn2c1CN1CCNCC1,8.82,0.0,1
CHEMBL3650,COC(=O)N1CCC(N2C(=O)N(c3c(F)c(OC)cc(OC)c3F)Cc3cnc(-c4cn(C)nc4C)cc32)CC1,6.94,0.0,1
CHEMBL3650,COC(=O)N1C[C@@H](C)N(c2ncc3[nH]nc(-c4ccc(C5CCN(CCO)C5)cc4)c3n2)[C@@H](C)C1,5.9,0.0,1
CHEMBL3650,COC(=O)N1C[C@@H](C)N(c2ncc3[nH]nc(-c4ccc(N5CCN(C(C)(C)C(=O)O)CC5)cc4)c3n2)[C@@H](C)C1,5.9,0.0,1
CHEMBL3650,COC(=O)N1C[C@@H](C)N(c2ncc3[nH]nc(-c4ccc(N5CCN(C(C)CO)CC5)cc4)c3n2)[C@@H](C)C1,6.52,0.0,1
CHEMBL3650,COC(=O)N1C[C@@H](C)N(c2ncc3[nH]nc(-c4ccc(N5CCN(C)CC5)c(F)c4)c3n2)[C@@H](C)C1,6.52,0.0,1
CHEMBL3650,COC(=O)N1C[C@@H](C)N(c2ncc3[nH]nc(-c4ccc(N5CCN(C)CC5)cc4)c3n2)[C@@H](C)C1,6.07,0.24041630560342606,2
CHEMBL3650,COC(=O)N1C[C@@H](C)N(c2ncc3[nH]nc(-c4ccc(N5CCN(C)CC5)nc4)c3n2)[C@@H](C)C1,5.9,0.0,1
CHEMBL3650,COC(=O)N1C[C@@H](C)N(c2ncc3[nH]nc(-c4ccc(N5CCN(C)[C@H](C)C5)nc4)c3n2)[C@@H](C)C1,6.52,0.0,1
CHEMBL3650,COC(=O)N1C[C@@H](C)N(c2ncc3[nH]nc(-c4ccc(N5CCN(C6CCOCC6)CC5)cc4)c3n2)[C@@H](C)C1,5.9,0.0,1
CHEMBL3650,COC(=O)N1C[C@@H](C)N(c2ncc3[nH]nc(-c4ccc(N5CCN[C@H](C)C5)nc4)c3n2)[C@@H](C)C1,6.52,0.0,1
CHEMBL3650,COC(=O)Nc1ccc(N2C(=O)N(c3c(F)c(OC)cc(OC)c3F)Cc3cnc(-c4cn(C)nc4C)cc32)cc1,6.94,0.0,1
CHEMBL3650,COC(=O)c1c(-c2cc3cc(C)cc(OC)c3s2)c2c(N)ncnn2c1C(=O)N1CCNCC1,7.79,0.0,1
CHEMBL3650,COC(=O)c1c(OCCCN(C)C)c2ccccc2c2oc3c(c12)C(=O)c1ccccc1C3=O,4.42,0.0,1
CHEMBL3650,COC(=O)c1c(OCCN(C)C)c2ccccc2c2oc3c(c12)C(=O)c1ccccc1C3=O,4.63,0.0,1
CHEMBL3650,COC(=O)c1c(OCCN2CCCC2)c2ccccc2c2oc3c(c12)C(=O)c1ccccc1C3=O,4.62,0.0,1
CHEMBL3650,COC(=O)c1c(OCCN2CCCCC2)c2ccccc2c2oc3c(c12)C(=O)c1ccccc1C3=O,5.15,0.0,1
CHEMBL3650,COC(=O)c1cc2c(cc1OC)ncn2-c1ccccc1,4.3,0.0,1
CHEMBL3650,COC(=O)c1ccc2[nH]nc(-c3nc4cc(N5CCC(N6CCCCC6)CC5)ccc4[nH]3)c2c1,7.14,0.0,1
CHEMBL3650,COC(=O)c1ccc2c(C(Nc3ccc(N(C)C(=O)CN4CCN(C)CC4)cc3)c3ccccc3)c(O)[nH]c2c1,7.39,0.0,1
CHEMBL3650,COC(=O)c1ccc2c(c1)NC(=O)/C2=C(\Nc1ccc(C(=O)N(C)CCN(C)C)cc1)c1ccccc1,7.06,0.0,1
CHEMBL3650,COC(=O)c1ccc2c(c1)NC(=O)/C2=C(\Nc1ccc(CN(C)C(=O)N(C)C)cc1)c1ccccc1,7.3,0.0,1
CHEMBL3650,COC(=O)c1ccc2c(c1)NC(=O)/C2=C(\Nc1ccc(CN(C)C)cc1)c1ccccc1,7.09,0.0,1
CHEMBL3650,COC(=O)c1ccc2c(c1)NC(=O)/C2=C(\Nc1ccc(CN2CCCCC2)cc1)c1ccccc1,7.15,0.0,1
CHEMBL3650,COC(=O)c1ccc2c(c1)NC(=O)/C2=C(\Nc1ccc(N(C)C(=O)CN2CCN(C)CC2)cc1)c1ccccc1,7.312857142857142,0.12645345464033833,7
CHEMBL3650,COC(=O)c1ccc2c(c1)NC(=O)/C2=C(\Nc1ccc(N(C)C(=O)Cn2ccnc2)cc1)c1ccccc1,7.18,0.0,1
CHEMBL3650,COC(=O)c1ccc2c(c1)NC(=O)/C2=C(\Nc1ccc(N(CC(=O)N(C)C)C(C)=O)cc1)c1ccccc1,7.27,0.0,1
CHEMBL3650,COC(=O)c1ccc2c(c1)NC(=O)/C2=C(\Nc1ccc(N(CCCN(C)C)C(C)=O)cc1)c1ccccc1,7.77,0.0,1
CHEMBL3650,COC(=O)c1ccc2c(c1)NC(=O)/C2=C(\Nc1ccc(N(CCN(C)C)C(C)=O)cc1)c1ccccc1,7.75,0.0,1
CHEMBL3650,COC(=O)c1ccc2c(c1)NC(=O)/C2=C(\Nc1ccc(N(CCN(C)C)S(C)(=O)=O)cc1)c1ccccc1,7.6,0.0,1
CHEMBL3650,COC(=O)c1ccc2c(c1)NC(=O)/C2=C(\Nc1ccc(N2C(=O)CC[C@@H]2CN(C)C)cc1)c1ccccc1,7.03,0.0,1
CHEMBL3650,COC(=O)c1ccc2c(c1)NC(=O)/C2=C(\Nc1ccc(N2C(=O)CC[C@@H]2CN2CCN(C)CC2)cc1)c1ccccc1,7.0,0.0,1
CHEMBL3650,COC(=O)c1ccc2c(c1)NC(=O)/C2=C(\Nc1ccc(N2C(=O)CC[C@H]2CN2CCN(C)CC2)cc1)c1ccccc1,6.92,0.0,1
CHEMBL3650,COC(=O)c1ccc2c(c1)NC(=O)/C2=C(\Nc1ccc(N2CCC(CN3CCN(C)CC3)C2=O)cc1)c1ccccc1,6.85,0.0,1
CHEMBL3650,COC(=O)c1ccc2c(c1)NC(=O)/C2=C(\Nc1ccc(NC(=O)CN2CCN(C)CC2)cc1)c1ccccc1,6.66,0.0,1
CHEMBL3650,COC(=O)c1ccc2c(c1)NC(=O)/C2=C(\Nc1ccc2c(c1)CCN2C(=O)CN1CCOCC1)c1ccccc1,5.8,0.0,1
CHEMBL3650,COC(=O)c1ccc2c(c1)NC(=O)/C2=C(\Nc1ccc2c(c1)N(C(=O)CN(C)C)CC2)c1ccccc1,6.85,0.0,1
CHEMBL3650,COC(=O)c1ccc2c(c1)NC(=O)/C2=C(\Nc1ccc2c(c1)N(C(=O)CN1CC(C)OC(C)C1)CC2)c1ccccc1,5.18,0.0,1
CHEMBL3650,COC(=O)c1ccc2c(c1)NC(=O)/C2=C(\Nc1ccc2c(c1)N(C(=O)CN1CCCC1=O)CC2)c1ccccc1,5.75,0.0,1
CHEMBL3650,COC(=O)c1ccc2c(c1)NC(=O)/C2=C(\Nc1ccc2c(c1)N(C(=O)CN1CCOCC1)CC2)c1ccccc1,5.8,0.0,1
CHEMBL3650,COC(=O)c1ccc2c(c1)NC(=O)/C2=C(\Nc1ccc2c(c1)N(C(=O)Cn1cccn1)CC2)c1ccccc1,5.33,0.0,1
CHEMBL3650,COC(=O)c1ccc2c(c1)NC(=O)/C2=C(\Nc1ccc2c(c1)N(C(=O)Cn1cncn1)CC2)c1ccccc1,6.21,0.0,1
CHEMBL3650,COC(=O)c1cccc2cc(Oc3ccnc(NC(=O)c4ccc(N5C[C@@H](C)N[C@@H](C)C5)cc4)c3)ccc12,8.34,0.0,1
CHEMBL3650,COC(=O)c1cccnc1C#CCN(c1cc(OC)cc(OC)c1)c1ccc2ncc(-c3cnn(C)c3)nc2c1,7.71,0.0,1
CHEMBL3650,COC(=O)c1ccnc(C#CCN(c2cc(OC)cc(OC)c2)c2ccc3ncc(-c4cnn(C)c4)nc3c2)n1,7.69,0.0,1
CHEMBL3650,COC(=O)c1nc2cc(-n3ncc(C(=O)c4cc5ccccc5[nH]4)c3N)ccc2[nH]1,7.12,0.0,1
CHEMBL3650,COC/C(CN(c1cc(OC)cc(OC)c1)c1ccc2ncc(-c3cnn(C)c3)nc2c1)=N/O,8.1,0.0,1
CHEMBL3650,COC/C(CN(c1cc(OC)cc(OC)c1)c1ccc2ncc(-c3cnn(C)c3)nc2c1)=N\O,7.55,0.0,1
CHEMBL3650,COC/C=C/C(=O)N1CC[C@H](n2nc(C#Cc3cc(OC)cc(OC)c3)c(C(N)=O)c2N)C1,7.26,0.0,1
CHEMBL3650,COC1=CC(N(CCN(Cc2ccccc2N)C(C)C)c2ccc3ncc(-c4cnn(C)c4)nc3c2)CC(OC)=C1,8.0,0.0,1
CHEMBL3650,COC1=CC(N(CCO)c2ccc3ncc(-c4cn(C)nc4C(F)(F)F)nc3c2)CC(OC)=C1,7.19,0.0,1
CHEMBL3650,COCC(O)CN(c1cc(OC)cc(OC)c1)c1ccc2ncc(-c3cnn(C(C)C)c3)nc2c1,8.76,0.0,2
CHEMBL3650,COCC(O)CN(c1cc(OC)cc(OC)c1)c1ccc2ncc(-c3cnn(C)c3)nc2c1,8.43,0.0,1
CHEMBL3650,COCCN(C)Cc1cn2ncnc(N)c2c1-c1cc2cc(C)cc(OC)c2s1,7.79,0.0,1
CHEMBL3650,COCCN(CCOC)Cc1ccc2cc(C(=O)C3C=NN(c4ccc5[nH]c(C)nc5c4)C3N)[nH]c2c1,8.02,0.0,1
CHEMBL3650,COCCN(CCOC)Cc1ccc2cc(C(=O)c3cnn(-c4ccc5[nH]c(C)nc5c4)c3N)[nH]c2c1,8.02,0.0,1
CHEMBL3650,COCCN(Cc1cn2ncnc(N)c2c1-c1cc2cc(C)cc(OC)c2s1)C(C)C,7.76,0.0,1
CHEMBL3650,COCCN(c1cc(OC)cc(OC)c1)c1ccc2ncc(-c3cnn(C)c3)nc2c1,8.27,0.0,1
CHEMBL3650,COCCN(c1cccc(OC)c1)c1ccc2ncc(-c3cnn(C)c3)nc2c1,7.27,0.0,1
CHEMBL3650,COCCN(c1ccnc(Nc2cc(N3CCOCC3)cc(N3CCOCC3)c2)n1)c1cc(CO)ccc1C,6.14,0.0,1
CHEMBL3650,COCCN1C(=O)N(c2c(F)c(OC)cc(OC)c2F)Cc2cnc(-c3ccc(C4(C#N)CCC4)nc3)cc21,6.94,0.0,1
CHEMBL3650,COCCN1CC(n2cc(-c3cnc(N)c(-c4cc(C)c(=O)n(-c5c(Cl)c(OC)cc(OC)c5Cl)n4)n3)cn2)C1,8.01,0.0,1
CHEMBL3650,COCCN1CCC(Nc2ccc3c(c2)C(=C(c2ccccc2)c2nc4ccccc4[nH]2)C(=O)N3)CC1,7.34,0.0,1
CHEMBL3650,COCCN1CCC(n2cc(-c3ccc(N)c(-c4ccc(=O)n(-c5c(Cl)c(OC)cc(OC)c5Cl)n4)c3)cn2)CC1,7.94,0.0,1
CHEMBL3650,COCCN1CCC(n2cc(-c3cnc(N)c(-c4cc(C)c(=O)n(-c5c(Cl)c(OC)cc(OC)c5Cl)n4)n3)cn2)CC1,8.25,0.0,1
CHEMBL3650,COCCN1CCC(n2cc(-c3cnc(N)c(-c4cc(C)c(=O)n(-c5cc(OC)cc(OC)c5)n4)n3)cn2)CC1,8.4,0.0,1
CHEMBL3650,COCCN1CCC(n2cc(-c3cnc(N)c(-c4ccc(=O)n(-c5c(Cl)c(OC)cc(OC)c5Cl)n4)c3)cn2)CC1,7.94,0.0,1
CHEMBL3650,COCCN1CCC(n2cc(-c3cnc(N)c(-c4ccc(=O)n(-c5c(F)c(OC)cc(OC)c5F)n4)n3)cn2)CC1,8.62,0.0,1
CHEMBL3650,COCCN1CCC(n2cc(-c3cnc(N)c(-c4ccc(=O)n(-c5c(F)ccc(OC)c5Cl)n4)n3)cn2)CC1,8.16,0.0,1
CHEMBL3650,COCCN1CCC(n2cc(-c3cnc(N)c(-c4ccc(=O)n(-c5cc(OC)cc(OC)c5)n4)c3)cn2)CC1,7.36,0.0,1
CHEMBL3650,COCCN1CCC(n2cc(-c3cnc(N)c(-c4ccc(=O)n(-c5cc(OC)cc(OC)c5)n4)n3)cn2)CC1,7.94,0.0,1
CHEMBL3650,COCCN1CCC(n2cc(-c3cnc(N)c(-c4ccc(=O)n(-c5cc(OC)cc(OC)c5C)n4)n3)cn2)CC1,8.04,0.0,1
CHEMBL3650,COCCN1CCC(n2cc(-c3cnc(N)c(-c4ccc(=O)n(-c5cc(OC)cc(OC)c5F)n4)n3)cn2)CC1,8.2,0.0,1
CHEMBL3650,COCCN1CCC(n2cc(-c3cnc(N)c(-c4ccc(=O)n(-c5cc(OC)ccc5C)n4)n3)cn2)CC1,6.85,0.0,1
CHEMBL3650,COCCN1CCC(n2cc(-c3cnc(N)c(-c4ccc(=O)n(-c5ccc6cc(C)cnc6c5)n4)n3)cn2)CC1,7.21,0.0,1
CHEMBL3650,COCCN1CCN(c2ccc(C(=O)Nc3n[nH]c4cc(-c5c(F)cc(F)c(OC)c5F)ccc34)cc2)CC1,7.0,0.0,1
CHEMBL3650,COCCN1CCN(c2ccc(C(=O)Nc3n[nH]c4cc(-c5c(F)ccc(OC)c5F)ccc34)cc2)CC1,7.98,0.0,1
CHEMBL3650,COCCN1CCN(c2ccc(C(=O)Nc3n[nH]c4nc(-c5c(Cl)c(OC)cc(OC)c5Cl)ccc34)cc2)CC1,9.52,0.0,1
CHEMBL3650,COCCNC(=O)C(C)(C)n1cc(-c2cnc3ccc(N(CC4CC4)c4cc(OC)cc(OC)c4)cc3n2)cn1,8.35,0.0,1
CHEMBL3650,COCCNC(=O)Cn1cc(-c2cnc3ccc(N(CC4CC4)c4cc(OC)cc(OC)c4)cc3n2)cn1,8.41,0.0,1
CHEMBL3650,COCCNC(=O)c1ccc2c(c1)C(=C(c1ccccc1)c1nc3ccccc3[nH]1)C(=O)N2,6.7,0.0,1
CHEMBL3650,COCCNS(=O)(=O)c1ccc2c(c1)C(=C(c1ccccc1)c1nc3ccccc3[nH]1)C(=O)N2,6.54,0.0,1
CHEMBL3650,COCCNc1ccc2[nH]c(-c3n[nH]c4ccc(OC(C)c5c(Cl)cncc5Cl)cc34)nc2c1,9.22,0.0,1
CHEMBL3650,COCCNc1cccc2[nH]c(C(=O)c3cnn(-c4ccc5[nH]c(C)nc5c4)c3N)cc12,8.19,0.0,1
CHEMBL3650,COCCOCc1c(-c2cc3cc(C)cc(OC)c3s2)c2c(N)ncnn2c1CN1CCNCC1,8.68,0.0,1
CHEMBL3650,COCCOc1cc2nccc(Nc3cc(O)c(Cl)cc3F)c2cc1OC,5.85,0.0,1
CHEMBL3650,COCCOc1cc2nccc(Nc3ccc(Cl)cc3F)c2cc1OC,5.03,0.0,1
CHEMBL3650,COCCOc1cc2ncnc(Nc3cc(O)c(Cl)cc3F)c2cc1OC,5.13,0.0,1
CHEMBL3650,COCCOc1cc2ncnc(Nc3ccc(Cl)cc3F)c2cc1OC,4.57,0.0,1
CHEMBL3650,COCCOc1cc2ncnc(Nc3cccc(O)c3)c2cc1OC,5.16,0.0,1
CHEMBL3650,COCCOc1cc2nncc(Nc3ccc(Cl)cc3F)c2cc1OC,4.85,0.0,1
CHEMBL3650,COCCOc1ccc2[nH]c(C(=O)c3cnn(-c4ccc5[nH]c(C)nc5c4)c3N)cc2c1,7.75,0.0,1
CHEMBL3650,COCCOc1ccc2c(Nc3ccc(Cl)cc3F)ncnc2c1,4.8,0.0,1
CHEMBL3650,COCCOc1cncc(C#Cc2cc(C(=O)Nc3ccc4c(c3)C(F)(F)C[C@@H]4N3CCN(C)CC3)ccc2F)c1,7.82,0.0,1
CHEMBL3650,COCCc1cc(OC)cc(N(CC2CC2)c2ccc3ncc(-c4cnn(C)c4)nc3c2)c1,6.41,0.0,1
CHEMBL3650,COCCn1cc(-c2cnc3ccc(N(CC4CC4)c4cc(OC)cc(OC)c4)cc3n2)cn1,8.15,0.0,1
CHEMBL3650,COCCn1cc(-c2cnc3ccc(N(Cc4cc(C)no4)c4cc(OC)cc(OC)c4)cc3n2)cn1,8.74,0.0,1
CHEMBL3650,COCCn1cc(-c2n[nH]c3cnc(N4C5CCC4C(=O)N(C)C5)nc23)cn1,6.585,0.09192388155425173,2
CHEMBL3650,COC[C@@H](CN(c1cc(OC)cc(OC)c1)c1ccc2ncc(-c3cnn(C)c3)nc2c1)OC(C)=O,7.59,0.0,1
CHEMBL3650,COC[C@@H](O)CN(c1cc(OC)cc(OC)c1)c1ccc2ncc(-c3cnn(C(C)C)c3)nc2c1,8.32,0.0,1
CHEMBL3650,COC[C@@H](O)CN(c1cc(OC)cc(OC)c1)c1ccc2ncc(-c3cnn(CCCN)c3)nc2c1,8.4,0.0,1
CHEMBL3650,COC[C@H](CN(c1cc(OC)cc(OC)c1)c1ccc2ncc(-c3cnn(C)c3)nc2c1)OC(C)=O,7.43,0.0,1
CHEMBL3650,COC[C@H](O)CN(c1cc(OC)cc(OC)c1)c1ccc2ncc(-c3cnn(C(C)C)c3)nc2c1,8.59,0.0,1
CHEMBL3650,COC[C@H](O)CN(c1cc(OC)cc(OC)c1)c1ccc2ncc(-c3cnn(CCCN)c3)nc2c1,8.68,0.0,1
CHEMBL3650,COCc1c(-c2cc3cc(C)cc(OC)c3s2)c2c(N)ncnn2c1C#N,7.26,0.0,1
CHEMBL3650,COCc1c(-c2cc3cc(C)cc(OC)c3s2)c2c(N)ncnn2c1CN1CCN(C(C)=O)CC1,7.9,0.0,1
CHEMBL3650,COCc1c(-c2cc3cc(C)cc(OC)c3s2)c2c(N)ncnn2c1CN1CCNC(=O)C1,7.956666666666667,0.16502525059315437,3
CHEMBL3650,COCc1c(-c2cc3cc(C)cc(OC)c3s2)c2c(N)ncnn2c1CN1CCNCC1,9.05,0.0,1
CHEMBL3650,COCc1c(-c2cc3cc(C)cc(OC)c3s2)c2c(N)ncnn2c1CN1CC[C@](C)(N)C1,8.85,0.0,1
CHEMBL3650,COCc1c(-c2cc3cc(C)cc(OC)c3s2)c2c(N)ncnn2c1CN[C@@H]1CCNC1=O,8.02,0.22627416997969446,2
CHEMBL3650,COCc1c(-c2cc3cc(C)cc(OC)c3s2)c2c(N)ncnn2c1CN[C@H]1CCNC1=O,8.09,0.0,1
CHEMBL3650,COCc1c(-c2cc3cc(C)ccc3s2)c2c(N)ncnn2c1CN1CCNC(=O)C1,7.08,0.0,1
CHEMBL3650,COCc1c(-c2cc3cc(OC)cc(OC)c3s2)c2c(N)ncnn2c1CN1CCNC(=O)C1,7.56,0.0,1
CHEMBL3650,COCc1c(-c2cc3cccc(OC)c3s2)c2c(N)ncnn2c1CN1CCNC(=O)C1,7.1,0.0,1
CHEMBL3650,COCc1c(CN2CCNC(=O)C2)c(-c2cc3cc(C)cc(OC)c3s2)c2c(N)ncnn12,8.41,0.0,1
CHEMBL3650,COCc1cc(OC)cc(N(CC2CC2)c2ccc3ncc(-c4cnn(C)c4)nc3c2)c1,6.77,0.0,1
CHEMBL3650,CONC(=O)c1cc(Nc2ncnn3cc(-c4n[nH]c(C)n4)c(C(C)C)c23)c(F)cc1F,7.3,0.0,1
CHEMBL3650,CONC(=O)c1cc(Nc2ncnn3cc(-c4nc(C)no4)c(C(C)C)c23)c(F)cc1F,6.96,0.0,1
CHEMBL3650,CONC(=O)c1cc(Nc2ncnn3cc(-c4ncc(C)o4)c(C(C)C)c23)c(F)cc1F,7.7,0.0,1
CHEMBL3650,CONC(=O)c1cc(Nc2ncnn3cc(-c4nnc(C(C)C)o4)c(C(C)C)c23)c(F)cc1F,7.41,0.0,1
CHEMBL3650,CONC(=O)c1cc(Nc2ncnn3cc(-c4nnc(C(F)(F)F)o4)c(C(C)C)c23)c(F)cc1F,7.08,0.0,1
CHEMBL3650,CONC(=O)c1cc(Nc2ncnn3cc(-c4nnc(C(F)(F)S(C)(=O)=O)o4)c(C(C)C)c23)c(F)cc1F,6.66,0.0,1
CHEMBL3650,CONC(=O)c1cc(Nc2ncnn3cc(-c4nnc(C(F)F)o4)c(C(C)C)c23)c(F)cc1F,7.0,0.0,1
CHEMBL3650,CONC(=O)c1cc(Nc2ncnn3cc(-c4nnc(C)o4)c(C(C)C)c23)c(F)cc1F,7.72,0.0,1
CHEMBL3650,CONC(=O)c1cc(Nc2ncnn3cc(-c4nnc(C5CC5)o4)c(C(C)C)c23)c(F)cc1F,7.85,0.0,1
CHEMBL3650,CONC(=O)c1cc(Nc2ncnn3cc(-c4nnc(CC(C)C)o4)c(C(C)C)c23)c(F)cc1F,7.48,0.0,1
CHEMBL3650,CONC(=O)c1cc(Nc2ncnn3cc(-c4nnc(CC(F)(F)F)o4)c(C(C)C)c23)c(F)cc1F,7.17,0.0,1
CHEMBL3650,CONC(=O)c1cc(Nc2ncnn3cc(-c4nnc(CC5CC5)o4)c(C(C)C)c23)c(F)cc1F,7.57,0.0,1
CHEMBL3650,CONC(=O)c1cc(Nc2ncnn3cc(-c4nnc(CN(C)C)o4)c(C(C)C)c23)c(F)cc1F,6.83,0.0,1
CHEMBL3650,CONC(=O)c1cc(Nc2ncnn3cc(-c4nnc(CS(C)(=O)=O)o4)c(C(C)C)c23)c(F)cc1F,7.8,0.0,1
CHEMBL3650,CONC(=O)c1cc(Nc2ncnn3cc(-c4nnc(N(C)C)o4)c(C(C)C)c23)c(F)cc1F,7.75,0.0,1
CHEMBL3650,CONC(=O)c1cc(Nc2ncnn3cc(-c4nnco4)c(C(C)C)c23)c(F)cc1F,6.8,0.0,1
CHEMBL3650,CONC(=O)c1cc(Nc2ncnn3cc(-c4noc(C)n4)c(C(C)C)c23)c(F)cc1F,6.85,0.0,1
CHEMBL3650,CONC(=O)c1cc(Nc2ncnn3cc(NC(=O)OCC4CCCO4)c(C(C)C)c23)c(F)cc1F,7.34,0.0,1
CHEMBL3650,CONC(=O)c1cc(Nc2ncnn3cc(NC(=O)OCCCS(C)(=O)=O)c(C(C)C)c23)c(F)cc1F,7.24,0.0,1
CHEMBL3650,CO[C@@H](C(=O)N1Cc2[nH]nc(NC(=O)c3ccc(N4CCN(C)CC4)cc3)c2C1)c1ccccc1,7.33,0.0,1
CHEMBL3650,CO[C@H](C(=O)N1Cc2[nH]nc(NC(=O)c3ccc(N4CCN(C)CC4)cc3)c2C1)c1ccccc1,7.51,0.0,1
CHEMBL3650,COc1cc(-c2nc(=O)c3c([nH]2)sc2cc(C)ccc23)ccc1OCC(=O)O,5.4,0.0,1
CHEMBL3650,COc1cc(-c2nc(=O)c3c([nH]2)sc2ccc(C)cc23)ccc1OCC(=O)O,5.72,0.0,1
CHEMBL3650,COc1cc(-c2nc3sc4c(c3c(=O)[nH]2)CCC(C)C4)ccc1OCC(=O)O,4.3,0.0,1
CHEMBL3650,COc1cc(/C=C/C(=O)/C=C/c2ccc(N3CCCC3)cc2)ccc1O,5.03,0.0,1
CHEMBL3650,COc1cc(/C=C/c2n[nH]c3ccccc23)ccc1O,5.72,0.0,1
CHEMBL3650,COc1cc(/C=C2\CC/C(=C\c3c[nH]c4ccc(Br)cc34)C2=O)ccc1O,5.28,0.0,1
CHEMBL3650,COc1cc(/C=C2\CC/C(=C\c3ccc(N4CCCC4)cc3)C2=O)ccc1O,5.0,0.0,1
CHEMBL3650,COc1cc(/C=C2\CC/C(=C\c3ccc(N4CCCC4)cc3)C2=O)ccc1OC(=O)C(C)C,5.0,0.0,1
CHEMBL3650,COc1cc(/C=C2\CC/C(=C\c3ccc(N4CCOCC4)cc3)C2=O)ccc1OC(=O)C(C)C,4.98,0.0,1
CHEMBL3650,COc1cc(/C=C2\CC/C(=C\c3ccc(OC(=O)C(C)C)c(OC)c3)C2=O)ccc1OC(=O)C(C)C,5.58,0.0,1
CHEMBL3650,COc1cc(/C=C2\CCC/C(=C\c3ccc(N4CCCCC4)cc3)C2=O)ccc1OC(=O)C(C)C,5.07,0.0,1
CHEMBL3650,COc1cc(/C=C2\CCC/C(=C\c3ccc(N4CCOCC4)cc3)C2=O)ccc1OC(=O)C(C)C,4.93,0.0,1
CHEMBL3650,COc1cc(/C=C2\CCC/C(=C\c3ccc(OC(=O)C(C)C)c(OC)c3)C2=O)ccc1OC(=O)C(C)C,4.72,0.0,1
CHEMBL3650,COc1cc(/C=C2\SC(=N)NC2=O)ccc1OCCCOc1cc(C)cc(C)c1,4.64,0.0,1
CHEMBL3650,COc1cc(C#Cc2cn(C3CN(C(=O)/C=C/CN(C)C)C3)c3ncnc(N)c23)cc(OC)c1,8.55,0.0,1
CHEMBL3650,COc1cc(C#Cc2cn(C3CN(C(=O)/C=C/CN4CC[C@@H](O)C4)C3)c3ncnc(N)c23)cc(OC)c1,8.51,0.0,1
CHEMBL3650,COc1cc(C#Cc2cn(C3CN(C(=O)/C=C/CN4CC[C@H](O)C4)C3)c3ncnc(N)c23)cc(OC)c1,8.51,0.0,1
CHEMBL3650,COc1cc(C#Cc2cn([C@H]3CCN(C(=O)C#CC(C)(C)O)C3)c3ncnc(N)c23)cc(OC)c1,7.7,0.0,1
CHEMBL3650,COc1cc(C#Cc2nn([C@H]3CCN(C#N)C3)c(N)c2C(N)=O)cc(OC)c1,6.26,0.0,1
CHEMBL3650,COc1cc(C#Cc2nn([C@H]3CCN(C(=O)/C=C/CN(C)C)C3)c(N)c2C(N)=O)cc(OC)c1,6.26,0.0,1
CHEMBL3650,COc1cc(C#N)cc(-n2nc(-c3nc(-c4cnn(C)c4)cnc3N)ccc2=O)c1,6.5,0.0,1
CHEMBL3650,COc1cc(C#N)cc(N(CC2CC2)c2ccc3ncc(-c4cnn(C)c4)nc3c2)c1,6.54,0.0,1
CHEMBL3650,COc1cc(C(=O)N2CCCC2)cc(N(CC2CC2)c2ccc3ncc(-c4cnn(C)c4)nc3c2)c1,6.0,0.0,1
CHEMBL3650,COc1cc(C(=O)N2CCCC2)cc(N(CCCN2CCCC2)c2ccc3ncc(-c4cnn(C)c4)nc3c2)c1,7.11,0.0,1
CHEMBL3650,COc1cc(C(=O)N2CCCC2)cc(N(CCCO)c2ccc3ncc(-c4cnn(C)c4)nc3c2)c1,6.39,0.0,1
CHEMBL3650,COc1cc(C(=O)Nc2n[nH]c3nc(-c4c(Cl)c(OC)cc(OC)c4Cl)ccc23)ccc1N1CCN(C)CC1,7.85,0.0,1
CHEMBL3650,COc1cc(C)cc2cc(-c3c(-c4cnco4)c(CN4CCNCC4)n4ncnc(N)c34)sc12,9.3,0.0,1
CHEMBL3650,COc1cc(C)cc2cc(-c3c(C(=O)N(C)C)cn4ncnc(N)c34)sc12,7.43,0.0,1
CHEMBL3650,COc1cc(C)cc2cc(-c3c(C(=O)N4CCN(C)CC4)cn4ncnc(N)c34)sc12,8.36,0.0,1
CHEMBL3650,COc1cc(C)cc2cc(-c3c(C(=O)N4CCNC(=O)C4)cn4ncnc(N)c34)sc12,7.29,0.0,1
CHEMBL3650,COc1cc(C)cc2cc(-c3c(C(=O)O)cn4ncnc(N)c34)sc12,7.69,0.0,1
CHEMBL3650,COc1cc(C)cc2cc(-c3c(C(N)=O)cn4ncnc(N)c34)sc12,8.32,0.0,1
CHEMBL3650,COc1cc(C)cc2cc(-c3c(C)c(CN4CCNCC4)n4ncnc(N)c34)sc12,8.43,0.0,1
CHEMBL3650,COc1cc(C)cc2cc(-c3c(CN(C)C)c(CN4CCNCC4)n4ncnc(N)c34)sc12,7.66,0.0,1
CHEMBL3650,COc1cc(C)cc2cc(-c3c(CN(C)C4CCS(=O)(=O)C4)cn4ncnc(N)c34)sc12,8.38,0.0,1
CHEMBL3650,COc1cc(C)cc2cc(-c3c(CN(C)CC(C)OC)cn4ncnc(N)c34)sc12,7.75,0.0,1
CHEMBL3650,COc1cc(C)cc2cc(-c3c(CN(C)CC(F)(F)F)cn4ncnc(N)c34)sc12,7.49,0.0,1
CHEMBL3650,COc1cc(C)cc2cc(-c3c(CN(C)CC(N)=O)cn4ncnc(N)c34)sc12,8.66,0.0,1
CHEMBL3650,COc1cc(C)cc2cc(-c3c(CN(C)CCC#N)cn4ncnc(N)c34)sc12,8.6,0.0,1
CHEMBL3650,COc1cc(C)cc2cc(-c3c(CN(C)CCC(C)OC)cn4ncnc(N)c34)sc12,7.6,0.0,1
CHEMBL3650,COc1cc(C)cc2cc(-c3c(CN)c(CN4CCNCC4)n4ncnc(N)c34)sc12,8.51,0.0,1
CHEMBL3650,COc1cc(C)cc2cc(-c3c(CN4CC(OC)C4)cn4ncnc(N)c34)sc12,7.54,0.0,1
CHEMBL3650,COc1cc(C)cc2cc(-c3c(CN4CCC(C(N)=O)CC4)cn4ncnc(N)c34)sc12,8.8,0.0,1
CHEMBL3650,COc1cc(C)cc2cc(-c3c(CN4CCC(F)(F)C4)cn4ncnc(N)c34)sc12,8.19,0.0,1
CHEMBL3650,COc1cc(C)cc2cc(-c3c(CN4CCC(O)C4)c(CN4CCNCC4)n4ncnc(N)c34)sc12,8.29,0.0,1
CHEMBL3650,COc1cc(C)cc2cc(-c3c(CN4CCC(O)C4)cn4ncnc(N)c34)sc12,8.8,0.0,1
CHEMBL3650,COc1cc(C)cc2cc(-c3c(CN4CCC(O)CC4)c(CN4CCNCC4)n4ncnc(N)c34)sc12,8.55,0.0,1
CHEMBL3650,COc1cc(C)cc2cc(-c3c(CN4CCC(OC)CC4)cn4ncnc(N)c34)sc12,7.49,0.0,1
CHEMBL3650,COc1cc(C)cc2cc(-c3c(CN4CCCC(C(N)=O)C4)cn4ncnc(N)c34)sc12,8.24,0.0,1
CHEMBL3650,COc1cc(C)cc2cc(-c3c(CN4CCCC(N(C)C)C4)cn4ncnc(N)c34)sc12,9.05,0.0,1
CHEMBL3650,COc1cc(C)cc2cc(-c3c(CN4CCCC(O)C4)c(CN4CCNCC4)n4ncnc(N)c34)sc12,8.68,0.0,1
CHEMBL3650,COc1cc(C)cc2cc(-c3c(CN4CCCC(OC)C4)cn4ncnc(N)c34)sc12,8.41,0.0,1
CHEMBL3650,COc1cc(C)cc2cc(-c3c(CN4CCCC4)c(CN4CCNCC4)n4ncnc(N)c34)sc12,8.47,0.0,1
CHEMBL3650,COc1cc(C)cc2cc(-c3c(CN4CCCC4)cn4ncnc(N)c34)sc12,8.77,0.0,1
CHEMBL3650,COc1cc(C)cc2cc(-c3c(CN4CCCC4C(N)=O)cn4ncnc(N)c34)sc12,7.86,0.0,1
CHEMBL3650,COc1cc(C)cc2cc(-c3c(CN4CCCCC4)cn4ncnc(N)c34)sc12,8.85,0.0,1
CHEMBL3650,COc1cc(C)cc2cc(-c3c(CN4CCCN(C)CC4)cn4ncnc(N)c34)sc12,8.82,0.0,1
CHEMBL3650,COc1cc(C)cc2cc(-c3c(CN4CCCOCC4)cn4ncnc(N)c34)sc12,8.34,0.0,1
CHEMBL3650,COc1cc(C)cc2cc(-c3c(CN4CCN(C(=O)OC(C)(C)C)CC4)cn4ncnc(N)c34)sc12,7.97,0.0,1
CHEMBL3650,COc1cc(C)cc2cc(-c3c(CN4CCN(C(C)=O)CC4)cn4ncnc(N)c34)sc12,8.14,0.0,1
CHEMBL3650,COc1cc(C)cc2cc(-c3c(CN4CCN(C)CC4)cn4ncnc(N)c34)sc12,9.52,0.0,1
CHEMBL3650,COc1cc(C)cc2cc(-c3c(CN4CCN(C5CC5)CC4)cn4ncnc(N)c34)sc12,8.14,0.0,1
CHEMBL3650,COc1cc(C)cc2cc(-c3c(CN4CCNC(=O)C4)c(C#N)n4ncnc(N)c34)sc12,8.57,0.0,1
CHEMBL3650,COc1cc(C)cc2cc(-c3c(CN4CCNC(=O)C4)c(C(C)(C)O)n4ncnc(N)c34)sc12,8.4,0.0,1
CHEMBL3650,COc1cc(C)cc2cc(-c3c(CN4CCNC(=O)C4)c(C)n4ncnc(N)c34)sc12,8.55,0.0,1
CHEMBL3650,COc1cc(C)cc2cc(-c3c(CN4CCNC(=O)C4)c(CN4CCN(C(C)=O)CC4)n4ncnc(N)c34)sc12,8.42,0.0,1
CHEMBL3650,COc1cc(C)cc2cc(-c3c(CN4CCNC(=O)C4)c(CN4CCN(C=O)CC4)n4ncnc(N)c34)sc12,8.17,0.0,1
CHEMBL3650,COc1cc(C)cc2cc(-c3c(CN4CCNC(=O)C4)c(CN4CCOCC4)n4ncnc(N)c34)sc12,8.01,0.0,1
CHEMBL3650,COc1cc(C)cc2cc(-c3c(CN4CCNC(=O)C4)c(CO)n4ncnc(N)c34)sc12,8.3,0.0,1
CHEMBL3650,COc1cc(C)cc2cc(-c3c(CN4CCNC(=O)C4)c(Cl)n4ncnc(N)c34)sc12,8.89,0.0,1
CHEMBL3650,COc1cc(C)cc2cc(-c3c(CN4CCNC(=O)C4)cn4ncnc(N)c34)sc12,8.96,0.0,1
CHEMBL3650,COc1cc(C)cc2cc(-c3c(CN4CCNC(=O)C4C)cn4ncnc(N)c34)sc12,8.57,0.0,1
CHEMBL3650,COc1cc(C)cc2cc(-c3c(CN4CCNCC4)cn4ncnc(N)c34)sc12,9.22,0.0,1
CHEMBL3650,COc1cc(C)cc2cc(-c3c(CN4CCOC(C)(C)C4)cn4ncnc(N)c34)sc12,8.1,0.0,1
CHEMBL3650,COc1cc(C)cc2cc(-c3c(CN4CCOC(C)C4)cn4ncnc(N)c34)sc12,8.15,0.0,1
CHEMBL3650,COc1cc(C)cc2cc(-c3c(CN4CCOCC4)cn4ncnc(N)c34)sc12,8.25,0.0,1
CHEMBL3650,COc1cc(C)cc2cc(-c3c(CN4CCS(=O)(=O)CC4)cn4ncnc(N)c34)sc12,7.46,0.0,1
CHEMBL3650,COc1cc(C)cc2cc(-c3c(CN4CC[C@@H](N(C)C)C4)cn4ncnc(N)c34)sc12,9.15,0.0,1
CHEMBL3650,COc1cc(C)cc2cc(-c3c(CN4CC[C@H](N(C)C)C4)cn4ncnc(N)c34)sc12,9.0,0.0,1
CHEMBL3650,COc1cc(C)cc2cc(-c3c(CN4CNC(=O)C4)cn4ncnc(N)c34)sc12,8.11,0.0,1
CHEMBL3650,COc1cc(C)cc2cc(-c3c(CNC(C)=O)c(CN4CCN(C(C)=O)CC4)n4ncnc(N)c34)sc12,8.8,0.0,1
CHEMBL3650,COc1cc(C)cc2cc(-c3c(CNC(C)=O)c(CN4CCN(C=O)CC4)n4ncnc(N)c34)sc12,8.25,0.0,1
CHEMBL3650,COc1cc(C)cc2cc(-c3c(CNC(C)=O)c(CN4CCNC(=O)C4)n4ncnc(N)c34)sc12,8.3,0.0,1
CHEMBL3650,COc1cc(C)cc2cc(-c3c(CNC(C)=O)c(CN4CCNCC4)n4ncnc(N)c34)sc12,9.0,0.0,1
CHEMBL3650,COc1cc(C)cc2cc(-c3c(CNC(C)=O)c(CNC(C)=O)n4ncnc(N)c34)sc12,8.85,0.0,1
CHEMBL3650,COc1cc(C)cc2cc(-c3c(CNC(C)=O)cn4ncnc(N)c34)sc12,9.15,0.0,1
CHEMBL3650,COc1cc(C)cc2cc(-c3c(CNC(C)C(N)=O)cn4ncnc(N)c34)sc12,7.4,0.0,1
CHEMBL3650,COc1cc(C)cc2cc(-c3c(CNC4CC4)c(CN4CCNCC4)n4ncnc(N)c34)sc12,8.49,0.0,1
CHEMBL3650,COc1cc(C)cc2cc(-c3c(CNC4CC4)cn4ncnc(N)c34)sc12,8.2,0.0,1
CHEMBL3650,COc1cc(C)cc2cc(-c3c(CNC4CCC4)c(CN4CCNCC4)n4ncnc(N)c34)sc12,8.68,0.0,1
CHEMBL3650,COc1cc(C)cc2cc(-c3c(CNC4CCOC4)cn4ncnc(N)c34)sc12,7.84,0.0,1
CHEMBL3650,COc1cc(C)cc2cc(-c3c(CNC4CCS(=O)(=O)C4)cn4ncnc(N)c34)sc12,7.85,0.0,1
CHEMBL3650,COc1cc(C)cc2cc(-c3c(CNCC(=O)O)c(CN4CCNCC4)n4ncnc(N)c34)sc12,7.89,0.0,1
CHEMBL3650,COc1cc(C)cc2cc(-c3c(CNCC(C)(C)O)c(C)n4ncnc(N)c34)sc12,8.809999999999999,0.05656854249492323,2
CHEMBL3650,COc1cc(C)cc2cc(-c3c(CNCC(C)(C)O)c(CN4CCN(C(C)=O)CC4)n4ncnc(N)c34)sc12,8.49,0.0,1
CHEMBL3650,COc1cc(C)cc2cc(-c3c(CNCC(C)(C)O)c(CN4CCOCC4)n4ncnc(N)c34)sc12,7.95,0.0,1
CHEMBL3650,COc1cc(C)cc2cc(-c3c(CNCC(C)(C)O)c(Cl)n4ncnc(N)c34)sc12,8.595,0.1767766952966369,2
CHEMBL3650,COc1cc(C)cc2cc(-c3c(CNCC(C)(C)O)cn4ncnc(N)c34)sc12,8.7,0.0,1
CHEMBL3650,COc1cc(C)cc2cc(-c3c(CNCC(C)O)c(CN4CCOCC4)n4ncnc(N)c34)sc12,8.41,0.0,1
CHEMBL3650,COc1cc(C)cc2cc(-c3c(CNCC(C)O)cn4ncnc(N)c34)sc12,8.7,0.0,1
CHEMBL3650,COc1cc(C)cc2cc(-c3c(CNCC(N)=O)cn4ncnc(N)c34)sc12,8.39,0.0,1
CHEMBL3650,COc1cc(C)cc2cc(-c3c(CNCC4CC4)c(CN4CCNCC4)n4ncnc(N)c34)sc12,8.77,0.0,1
CHEMBL3650,COc1cc(C)cc2cc(-c3c(CNCCCO)cn4ncnc(N)c34)sc12,7.7,0.0,1
CHEMBL3650,COc1cc(C)cc2cc(-c3c(CNCCNC(C)=O)cn4ncnc(N)c34)sc12,7.94,0.0,1
CHEMBL3650,COc1cc(C)cc2cc(-c3c(CNCCO)c(CN4CCNCC4)n4ncnc(N)c34)sc12,8.96,0.0,1
CHEMBL3650,COc1cc(C)cc2cc(-c3c(CNCCO)cn4ncnc(N)c34)sc12,9.0,0.0,1
CHEMBL3650,COc1cc(C)cc2cc(-c3c(CN[C@@H]4CCNC4=O)c(CN4CCN(C(C)=O)CC4)n4ncnc(N)c34)sc12,8.62,0.0,1
CHEMBL3650,COc1cc(C)cc2cc(-c3c(CN[C@H]4CCNC4=O)c(CN4CCOCC4)n4ncnc(N)c34)sc12,8.36,0.0,1
CHEMBL3650,COc1cc(C)cc2cc(-c3c(CN[C@H]4CCNC4=O)cn4ncnc(N)c34)sc12,9.05,0.0,1
CHEMBL3650,COc1cc(C)cc2cc(-c3c(CO)c(C#N)n4ncnc(N)c34)sc12,7.57,0.0,1
CHEMBL3650,COc1cc(C)cc2cc(-c3c(CO)c(C(C)(C)O)n4ncnc(N)c34)sc12,8.36,0.0,1
CHEMBL3650,COc1cc(C)cc2cc(-c3c(CO)c(C)n4ncnc(N)c34)sc12,8.39,0.0,1
CHEMBL3650,COc1cc(C)cc2cc(-c3c(CO)c(CN4CCNC(=O)C4)n4ncnc(N)c34)sc12,8.6,0.0,1
CHEMBL3650,COc1cc(C)cc2cc(-c3c(CO)c(CN4CCNCC4)n4ncnc(N)c34)sc12,8.48,0.0,1
CHEMBL3650,COc1cc(C)cc2cc(-c3c(CO)c(Cl)n4ncnc(N)c34)sc12,7.9,0.0,1
CHEMBL3650,COc1cc(C)cc2cc(-c3c(CO)cn4ncnc(N)c34)sc12,7.65,0.0,1
CHEMBL3650,COc1cc(C)cc2cc(-c3c(COC(C)C)c(CN4CCNCC4)n4ncnc(N)c34)sc12,8.89,0.0,1
CHEMBL3650,COc1cc(C)cc2cc(-c3c(COC4CCC4)c(CN4CCNCC4)n4ncnc(N)c34)sc12,9.05,0.0,1
CHEMBL3650,COc1cc(C)cc2cc(-c3c(COCC#N)cn4ncnc(N)c34)sc12,7.83,0.0,1
CHEMBL3650,COc1cc(C)cc2cc(-c3c(COCC(=O)O)c(CN4CCNCC4)n4ncnc(N)c34)sc12,8.28,0.0,1
CHEMBL3650,COc1cc(C)cc2cc(-c3c(COCC(=O)O)cn4ncnc(N)c34)sc12,7.12,0.0,1
CHEMBL3650,COc1cc(C)cc2cc(-c3c(COCC(F)(F)F)c(CN4CCNCC4)n4ncnc(N)c34)sc12,8.8,0.0,1
CHEMBL3650,COc1cc(C)cc2cc(-c3c(COCC(N)=O)c(CN4CCN(C(C)=O)CC4)n4ncnc(N)c34)sc12,8.22,0.0,1
CHEMBL3650,COc1cc(C)cc2cc(-c3c(COCC(N)=O)c(CN4CCNCC4)n4ncnc(N)c34)sc12,9.0,0.0,1
CHEMBL3650,COc1cc(C)cc2cc(-c3c(COCC(N)=O)cn4ncnc(N)c34)sc12,8.4,0.0,1
CHEMBL3650,COc1cc(C)cc2cc(-c3c(COCC4CC4)c(CN4CCNCC4)n4ncnc(N)c34)sc12,9.15,0.0,1
CHEMBL3650,COc1cc(C)cc2cc(-c3c(COCCCC#N)cn4ncnc(N)c34)sc12,7.66,0.0,1
CHEMBL3650,COc1cc(C)cc2cc(-c3c(COCCCN(C)C)cn4ncnc(N)c34)sc12,7.53,0.0,1
CHEMBL3650,COc1cc(C)cc2cc(-c3c(COCCCO)cn4ncnc(N)c34)sc12,8.0,0.0,1
CHEMBL3650,COc1cc(C)cc2cc(-c3c(COCCN)c(CN4CCNCC4)n4ncnc(N)c34)sc12,8.55,0.0,1
CHEMBL3650,COc1cc(C)cc2cc(-c3c(COCCN)cn4ncnc(N)c34)sc12,9.7,0.0,1
CHEMBL3650,COc1cc(C)cc2cc(-c3c(COCCN4CCCC4)cn4ncnc(N)c34)sc12,7.85,0.0,1
CHEMBL3650,COc1cc(C)cc2cc(-c3c(COCCN4CCCCC4)cn4ncnc(N)c34)sc12,7.82,0.0,1
CHEMBL3650,COc1cc(C)cc2cc(-c3c(COCCN4CCOCC4)cn4ncnc(N)c34)sc12,7.39,0.0,1
CHEMBL3650,COc1cc(C)cc2cc(-c3c(COCCO)c(CN4CCNC(=O)C4)n4ncnc(N)c34)sc12,8.38,0.0,1
CHEMBL3650,COc1cc(C)cc2cc(-c3c(COCCO)c(CN4CCNCC4)n4ncnc(N)c34)sc12,9.05,0.0,1
CHEMBL3650,COc1cc(C)cc2cc(-c3c(COCCO)cn4ncnc(N)c34)sc12,8.03,0.0,1
CHEMBL3650,COc1cc(C)cc2cc(-c3c(COC[C@H](C)O)cn4ncnc(N)c34)sc12,8.89,0.0,1
CHEMBL3650,COc1cc(C)cc2cc(-c3c(CO[C@@H](C)CO)cn4ncnc(N)c34)sc12,8.74,0.0,1
CHEMBL3650,COc1cc(C)cc2cc(-c3c(COc4ccccc4)c(CN4CCNCC4)n4ncnc(N)c34)sc12,7.21,0.0,1
CHEMBL3650,COc1cc(C)cc2cc(-c3c(Cl)c(CN4CCNCC4)n4ncnc(N)c34)sc12,7.58,0.0,1
CHEMBL3650,COc1cc(C)cc2cc(-c3cn(C4CCN(C(=O)/C=C/CN(C)C)C4)c4ncnc(N)c34)sc12,9.1,0.0,1
CHEMBL3650,COc1cc(C2OCCO2)cc(N(CC2CC2)c2ccc3ncc(-c4cnn(C)c4)nc3c2)c1,6.62,0.0,1
CHEMBL3650,COc1cc(CCc2cc(-c3nc4cc(CN5CCN(CCN6CCOCC6)CC5)ccc4[nH]3)n[nH]2)cc(OC)c1,7.8,0.0,1
CHEMBL3650,COc1cc(CCc2cc(-c3nc4ccc(-c5ccn(CCN6CCOCC6)n5)cc4[nH]3)n[nH]2)cc(OC)c1,8.18,0.0,1
CHEMBL3650,COc1cc(CCc2cc(-c3nc4ccc(C(=O)N5CCN(C)CC5)cc4[nH]3)n[nH]2)cc(OC)c1,8.02,0.0,1
CHEMBL3650,COc1cc(CCc2cc(-c3nc4ccc(C(=O)N5CCOCC5)cc4[nH]3)n[nH]2)cc(OC)c1,8.11,0.0,1
CHEMBL3650,COc1cc(CCc2cc(-c3nc4ccc(C(=O)NC5CCOCC5)cc4[nH]3)n[nH]2)cc(OC)c1,7.95,0.0,1
CHEMBL3650,COc1cc(CCc2cc(-c3nc4ccc(C(=O)NCCN5CCOCC5)cc4[nH]3)n[nH]2)cc(OC)c1,7.95,0.0,1
CHEMBL3650,COc1cc(CCc2cc(-c3nc4ccc(N5CCN(C(=O)N6CCOCC6)CC5)cc4[nH]3)n[nH]2)cc(OC)c1,8.45,0.0,1
CHEMBL3650,COc1cc(CCc2cc(NC(=O)c3ccc(N4C[C@@H](C)N[C@@H](C)C4)cc3)n[nH]2)cc(OC)c1,8.989166666666668,0.34423718919408214,12
CHEMBL3650,COc1cc(CCc2cc(Nc3ccnc(NCc4cc(C)no4)n3)n[nH]2)cc(OC)c1,7.22,0.0,1
CHEMBL3650,COc1cc(CCc2cc(Nc3ncnc4cc(N5CCN6CCCCC6C5)ccc34)n[nH]2)cc(OC)c1,9.0,0.0,1
CHEMBL3650,COc1cc(CCc2cnc3[nH]c(-c4ccc5c(c4)OCO5)cc3n2)cc(OC)c1,6.52,0.0,1
CHEMBL3650,COc1cc(CCc2cnc3[nH]c(C(=O)N(C)C)cc3n2)cc(OC)c1,5.8,0.0,1
CHEMBL3650,COc1cc(CCc2cnc3[nH]c(C4CCN(C)CC4)cc3n2)cc(OC)c1,6.52,0.0,1
CHEMBL3650,COc1cc(CCc2cnc3[nH]ccc3c2)cc(OC)c1,7.08,0.0,1
CHEMBL3650,COc1cc(CN(C)C)cc(N(CC2CC2)c2ccc3ncc(-c4cnn(C)c4)nc3c2)c1,6.36,0.0,1
CHEMBL3650,COc1cc(CN)cc(N(CC2CC2)c2ccc3ncc(-c4cnn(C)c4)nc3c2)c1,5.86,0.0,1
CHEMBL3650,COc1cc(CN2C(=O)N(c3c(F)c(OC)cc(OC)c3F)Cc3cnc(-c4cn(C)nc4C)cc32)ccn1,7.32,0.537401153701776,2
CHEMBL3650,COc1cc(CO)cc(N(C)c2ccnc(Nc3cc(N4CCOCC4)cc(N4CCOCC4)c3)n2)c1,6.35,0.0,1
CHEMBL3650,COc1cc(CO)cc(N(CCCN2CCCC2)c2ccc3ncc(-c4cnn(C)c4)nc3c2)c1,7.76,0.0,1
CHEMBL3650,COc1cc(Cl)cc(N(CC2CC2)c2ccc3ncc(-c4cnn(C)c4)nc3c2)c1,6.84,0.0,1
CHEMBL3650,COc1cc(Cl)cc(N(CCCN2CCCC2)c2ccc3ncc(-c4cnn(C)c4)nc3c2)c1,8.68,0.0,1
CHEMBL3650,COc1cc(Cl)cc2cc(-c3c(CN4CCNC(=O)C4)cn4ncnc(N)c34)sc12,9.22,0.0,1
CHEMBL3650,COc1cc(F)cc(-c2ccc3c(/C=C/c4ccc(C(=O)N5CCN(C(=O)OC(C)(C)C)CC5)cc4)n[nH]c3c2)c1,6.25,0.0,1
CHEMBL3650,COc1cc(F)cc(-c2ccc3c(/C=C/c4ccc(C(=O)N5CCNCC5)cc4)n[nH]c3c2)c1,7.27,0.0,1
CHEMBL3650,COc1cc(F)cc(-c2ccc3c(/C=C/c4ccc(C(=O)N5C[C@@H](C)N[C@@H](C)C5)cc4)n[nH]c3c2)c1,6.72,0.0,1
CHEMBL3650,COc1cc(F)cc(-c2ccc3c(/C=C/c4cnn(CCO)c4)n[nH]c3c2)c1,6.84,0.0,1
CHEMBL3650,COc1cc(F)cc(N(CC2CC2)c2ccc3ncc(-c4cn[nH]c4)nc3c2)c1,7.01,0.0,1
CHEMBL3650,COc1cc(F)cc(N(CC2CC2)c2ccc3ncc(-c4cnn(CCO)c4)nc3c2)c1,6.88,0.0,1
CHEMBL3650,COc1cc(F)cc(N(CCCN2CCC(C#N)C2)c2ccc3ncc(-c4cnn(C)c4)nc3c2)c1,8.17,0.0,1
CHEMBL3650,COc1cc(F)cc(N(CCCN2CCCC2)c2ccc3ncc(-c4cn[nH]c4)nc3c2)c1,8.9,0.0,1
CHEMBL3650,COc1cc(F)cc(N(CCCNC(C)C)c2ccc3ncc(-c4cnn(C)c4)nc3c2)c1,8.39,0.0,1
CHEMBL3650,COc1cc(F)cc(N(CCCNCC(F)(F)F)c2ccc3ncc(-c4cnn(C)c4)nc3c2)c1,7.49,0.0,1
CHEMBL3650,COc1cc(F)cc(N(CCCO)c2ccc3ncc(-c4cnn(C)c4)nc3c2)c1,8.1,0.0,1
CHEMBL3650,COc1cc(F)cc(N(CCCO)c2ccc3ncc(-c4cnn(CCO)c4)nc3c2)c1,8.04,0.0,1
CHEMBL3650,COc1cc(F)cc(N(CCN)c2ccc3ncc(-c4cnn(C)c4)nc3c2)c1,7.92,0.0,1
CHEMBL3650,COc1cc(F)cc(N(CCNC(C)C)c2ccc3ncc(-c4cn[nH]c4)nc3c2)c1,8.78,0.0,1
CHEMBL3650,COc1cc(F)cc(N(CCNC(C)C)c2ccc3ncc(-c4cnn(C)c4)nc3c2)c1,8.67,0.0,1
CHEMBL3650,COc1cc(F)cc(N(CCO)c2ccc3ncc(-c4cn[nH]c4)nc3c2)c1,8.06,0.0,1
CHEMBL3650,COc1cc(N(CC2CC2)c2ccc3ncc(-c4cnn(C)c4)nc3c2)cc(C(F)(F)F)c1,5.3,0.0,1
CHEMBL3650,COc1cc(N(CCCN)c2ccc3ncc(-c4cnn(C)c4)nc3c2)cc(OC)c1C(O)C(F)(F)F,7.7,0.0,1
CHEMBL3650,COc1cc(N(CCCNCC(F)(F)F)c2ccc3ncc(-c4cnn(C)c4)nc3c2)cc(F)c1F,6.59,0.0,1
CHEMBL3650,COc1cc(N(CCNC(C)C)c2ccc3ncc(-c4cnn(C)c4)nc3c2)cc2c1OCO2,8.87,0.0,1
CHEMBL3650,COc1cc(N2C(=O)N(c3c(F)c(OC)cc(OC)c3F)Cc3cnc(-c4cn(C)nc4C)cc32)ccc1C#N,6.94,0.0,1
CHEMBL3650,COc1cc(N2CCC(N3CCN(C)CC3)CC2)ccc1Nc1ncc(Cl)c(Nc2ccccc2P(C)(C)=O)n1,7.14,0.3535533905932738,2
CHEMBL3650,COc1cc(N2CCC(N3CCN(C)CC3)CC2)ccc1Nc1ncc(Cl)c(Nc2ccccc2S(=O)(=O)C(C)C)n1,7.72,0.0,1
CHEMBL3650,COc1cc(N2CCN(C)CC2)ccc1C(=O)Nc1n[nH]c2nc(-c3c(Cl)c(OC)cc(OC)c3Cl)ccc12,7.13,0.0,1
CHEMBL3650,COc1cc(N2Cc3cnc4[nH]ccc4c3N(C)C2=O)c(Cl)c(OC)c1Cl,7.09,0.0,1
CHEMBL3650,COc1cc(NC(=O)Nc2ccccn2)cc(-c2c[nH]cn2)c1OC,7.25,0.0,1
CHEMBL3650,COc1cc(NC(=O)Nc2ccccn2)cc(-c2cccnc2)c1OC,7.16,0.0,1
CHEMBL3650,COc1cc(NC(=O)Nc2ccncc2)cc(-c2cccnc2)c1OC,6.57,0.0,1
CHEMBL3650,COc1cc(NC(=O)Nc2nccs2)cc(-c2cccnc2)c1OC,6.48,0.0,1
CHEMBL3650,COc1cc(Nc2ncc3cc(-c4c(Cl)cccc4Cl)c(=O)n(C)c3n2)cc(OC)c1,6.37,0.0,1
CHEMBL3650,COc1cc(O)cc(N(CC2CC2)c2ccc3ncc(-c4cnn(C)c4)nc3c2)c1,8.39,0.0,1
CHEMBL3650,COc1cc(O)cc(N(CCCNCC(F)(F)F)c2ccc3ncc(-c4cn[nH]c4)nc3c2)c1,8.11,0.0,1
CHEMBL3650,COc1cc(O)cc(N(CCCNCC(F)(F)F)c2ccc3ncc(-c4cnn(C)c4)nc3c2)c1,8.1,0.0,1
CHEMBL3650,COc1cc(O)cc(N(CCCO)c2ccc3ncc(-c4cn[nH]c4)nc3c2)c1,8.53,0.0,1
CHEMBL3650,COc1cc(O)cc(N(CCN)c2ccc3ncc(-c4cnn(C)c4)nc3c2)c1,8.17,0.0,1
CHEMBL3650,COc1cc(O)cc(N(CCNC(C)C)c2ccc3ncc(-c4cn[nH]c4)nc3c2)c1,9.04,0.0,1
CHEMBL3650,COc1cc(O)cc(N(CCNC(C)C)c2ccc3ncc(-c4cnn(C)c4)nc3c2)c1,8.6,0.0,1
CHEMBL3650,COc1cc(O)cc(N(CCO)c2ccc3ncc(-c4cnn(C)c4)nc3c2)c1,8.6,0.0,1
CHEMBL3650,COc1cc(OC(C)C)cc(-n2nc(-c3nc(-c4cnn(C)c4)cnc3N)ccc2=O)c1,6.4,0.0,1
CHEMBL3650,COc1cc(OC(C)C)cc(N(CC2CC2)c2ccc3ncc(-c4cnn(C)c4)nc3c2)c1,6.28,0.0,1
CHEMBL3650,COc1cc(OC)c(Br)c(-n2nc(-c3nc(-c4cnn(C)c4)cnc3N)ccc2=O)c1,7.82,0.0,1
CHEMBL3650,COc1cc(OC)c(Br)c(-n2nc(-c3nc(-c4cnn(C)c4)cnc3N)ccc2=O)c1Br,7.29,0.0,1
CHEMBL3650,COc1cc(OC)c(C)c(N(CCCN2CCCC2)c2ccc3ncc(-c4cnn(C)c4)nc3c2)c1,8.66,0.0,1
CHEMBL3650,COc1cc(OC)c(C)c(N(CCNC(C)C)c2ccc3ncc(-c4cnn(C)c4)nc3c2)c1,8.54,0.0,1
CHEMBL3650,COc1cc(OC)c(C)c(N(CCO)c2ccc3ncc(-c4cnn(C)c4)nc3c2)c1,8.72,0.0,1
CHEMBL3650,COc1cc(OC)c(Cl)c(-c2cc(C(=O)Nc3cccc(N4CCN(C)CC4)c3)c3cn[nH]c3c2)c1Cl,7.52,0.0,1
CHEMBL3650,COc1cc(OC)c(Cl)c(-c2cc3cnc(N)nc3n(CCc3cccc(NC(=O)C(C#N)=CC(C)(C)C)c3)c2=O)c1,8.15,0.0,1
CHEMBL3650,COc1cc(OC)c(Cl)c(-c2cc3cnc(NCC(C)(C)O)nc3n(CCc3cccc(NC(=O)C(C#N)=CC(C)(C)C)c3)c2=O)c1,7.68,0.0,1
CHEMBL3650,COc1cc(OC)c(Cl)c(-c2cc3cnc(NCCN4CCOCC4)nc3n(CCc3ccc(NC(=O)C(C#N)=CC(C)(C)C)c(F)c3)c2=O)c1,8.09,0.0,1
CHEMBL3650,COc1cc(OC)c(Cl)c(-c2cc3cnc(NCCN4CCOCC4)nc3n(CCc3ccc(NC(=O)C(C#N)=CC(C)(C)C)cc3)c2=O)c1,7.84,0.0,1
CHEMBL3650,COc1cc(OC)c(Cl)c(-c2cc3cnc(Nc4ccc(C(=O)N5C[C@@H](C)N[C@@H](C)C5)cc4)nc3n3cnnc23)c1,9.15,0.0,1
CHEMBL3650,COc1cc(OC)c(Cl)c(-c2cc3cnc(Nc4ccc(C5CCNCC5)cc4)nc3n3cnnc23)c1,9.0,0.0,1
CHEMBL3650,COc1cc(OC)c(Cl)c(-c2cc3cnc(Nc4ccc(CN5CCN(C)CC5)cc4)nc3n3cnnc23)c1,8.92,0.0,1
CHEMBL3650,COc1cc(OC)c(Cl)c(-c2cc3cnc(Nc4ccc(CN5CCNCC5)cc4)nc3n3cnnc23)c1,8.26,0.0,1
CHEMBL3650,COc1cc(OC)c(Cl)c(-c2cc3cnc(Nc4ccc(CN5CCOCC5)cc4)nc3n3cnnc23)c1,9.1,0.0,1
CHEMBL3650,COc1cc(OC)c(Cl)c(-c2cc3cnc(Nc4ccc(N5CC6CCC(C5)N6)cc4)nc3n3cnnc23)c1,9.4,0.0,1
CHEMBL3650,COc1cc(OC)c(Cl)c(-c2cc3cnc(Nc4ccc(N5CCC(N(C)C)CC5)cc4OC)nc3n3cnnc23)c1,8.26,0.0,1
CHEMBL3650,COc1cc(OC)c(Cl)c(-c2cc3cnc(Nc4ccc(N5CCC(N6CCOCC6)CC5)cc4)nc3n3cnnc23)c1,9.1,0.0,1
CHEMBL3650,COc1cc(OC)c(Cl)c(-c2cc3cnc(Nc4ccc(N5CCC(N6CCOCC6)CC5)cc4)nc3n3cnnc23)c1Cl,9.15,0.0,1
CHEMBL3650,COc1cc(OC)c(Cl)c(-c2cc3cnc(Nc4ccc(N5CCN(C)CC5)nc4)nc3n3cnnc23)c1,8.26,0.0,1
CHEMBL3650,COc1cc(OC)c(Cl)c(-c2cc3cnc(Nc4ccc(N5CCN(C6CC(O)C6)CC5)cc4)nc3n3cnnc23)c1,8.26,0.0,1
CHEMBL3650,COc1cc(OC)c(Cl)c(-c2cc3cnc(Nc4ccc(N5CCN(C6CC6)CC5)cc4)nc3n3cnnc23)c1,8.26,0.0,1
CHEMBL3650,COc1cc(OC)c(Cl)c(-c2cc3cnc(Nc4ccc(N5CCN(C6CCC6)CC5)cc4)nc3n3cnnc23)c1,8.26,0.0,1
CHEMBL3650,COc1cc(OC)c(Cl)c(-c2cc3cnc(Nc4ccc(N5CCN(CC(F)(F)F)CC5)cc4)nc3n3cnnc23)c1,8.26,0.0,1
CHEMBL3650,COc1cc(OC)c(Cl)c(-c2cc3cnc(Nc4ccc(N5CCN6CCC[C@@H]6C5)cc4)nc3n3cnnc23)c1,9.3,0.0,1
CHEMBL3650,COc1cc(OC)c(Cl)c(-c2cc3cnc(Nc4ccc(N5CCN6CCC[C@@H]6C5)cc4)nc3n3cnnc23)c1Cl,9.1,0.0,1
CHEMBL3650,COc1cc(OC)c(Cl)c(-c2cc3cnc(Nc4ccc(N5CCN6CCOC[C@@H]6C5)cc4)nc3n3cnnc23)c1,9.15,0.0,1
CHEMBL3650,COc1cc(OC)c(Cl)c(-c2cc3cnc(Nc4ccc(N5CCNCC5)cc4)nc3n3cnnc23)c1,8.26,0.0,1
CHEMBL3650,COc1cc(OC)c(Cl)c(-c2cc3cnc(Nc4ccc(N5CCOCC5)cc4)nc3n3cnnc23)c1,8.26,0.0,1
CHEMBL3650,COc1cc(OC)c(Cl)c(-c2cc3cnc(Nc4ccc(N5C[C@@H](C)N(C)[C@@H](C)C5)cc4)nc3n3cnnc23)c1,8.26,0.0,1
CHEMBL3650,COc1cc(OC)c(Cl)c(-c2cc3cnc(Nc4ccc(N5C[C@@H](C)N[C@@H](C)C5)c(F)c4)nc3n3cnnc23)c1,9.1,0.0,1
CHEMBL3650,COc1cc(OC)c(Cl)c(-c2cc3cnc(Nc4ccc(N5C[C@@H](C)N[C@@H](C)C5)cc4)nc3n3cnnc23)c1,9.0,0.0,1
CHEMBL3650,COc1cc(OC)c(Cl)c(-c2cc3cnc(Nc4ccc(N[C@H]5CCN(C(=O)N(C)C)C5)cc4)nc3n3cnnc23)c1,8.26,0.0,1
CHEMBL3650,COc1cc(OC)c(Cl)c(-c2cc3cnc(Nc4ccc(OCCN5CCCC5)cc4)nc3n3cnnc23)c1,9.0,0.0,1
CHEMBL3650,COc1cc(OC)c(Cl)c(-c2cc3cnc(Nc4ccc5c(c4)CCNC5)nc3n3cnnc23)c1,9.22,0.0,1
CHEMBL3650,COc1cc(OC)c(Cl)c(-c2ccc3c(/C=C/c4ccc(C(=O)N5CCN(C(=O)OC(C)(C)C)CC5)cc4)n[nH]c3c2)c1Cl,6.82,0.0,1
CHEMBL3650,COc1cc(OC)c(Cl)c(-c2ccc3c(/C=C/c4ccc(C(=O)N5CCN(C)CC5)cc4)n[nH]c3c2)c1Cl,8.0,0.0,1
CHEMBL3650,COc1cc(OC)c(Cl)c(-c2ccc3c(/C=C/c4ccc(C(=O)N5CCNCC5)cc4)n[nH]c3c2)c1Cl,8.64,0.0,1
CHEMBL3650,COc1cc(OC)c(Cl)c(-c2ccc3c(/C=C/c4ccc(C(=O)N5C[C@@H](C)N[C@@H](C)C5)cc4)n[nH]c3c2)c1Cl,8.23,0.0,1
CHEMBL3650,COc1cc(OC)c(Cl)c(-c2ccc3c(/C=C/c4ccc(N(C)C)nc4)n[nH]c3c2)c1Cl,6.45,0.0,1
CHEMBL3650,COc1cc(OC)c(Cl)c(-c2ccc3c(/C=C/c4ccc(N5CCN(C(=O)OC(C)(C)C)CC5)nc4)n[nH]c3c2)c1Cl,6.8,0.0,1
CHEMBL3650,COc1cc(OC)c(Cl)c(-c2ccc3c(/C=C/c4ccc(N5CCN(C)CC5)cc4)n[nH]c3c2)c1Cl,7.41,0.0,1
CHEMBL3650,COc1cc(OC)c(Cl)c(-c2ccc3c(/C=C/c4ccc(N5CCNCC5)nc4)n[nH]c3c2)c1Cl,8.26,0.0,1
CHEMBL3650,COc1cc(OC)c(Cl)c(-c2ccc3c(/C=C/c4cccnc4)n[nH]c3c2)c1Cl,7.46,0.0,1
CHEMBL3650,COc1cc(OC)c(Cl)c(-c2ccc3c(/C=C/c4ccncc4)n[nH]c3c2)c1Cl,6.2,0.0,1
CHEMBL3650,COc1cc(OC)c(Cl)c(-c2ccc3c(/C=C/c4cncnc4)n[nH]c3c2)c1Cl,7.42,0.0,1
CHEMBL3650,COc1cc(OC)c(Cl)c(-c2ccc3c(/C=C/c4cnn(CCO)c4)n[nH]c3c2)c1Cl,8.4,0.0,1
CHEMBL3650,COc1cc(OC)c(Cl)c(-c2ccc3c(NC(=O)c4ccc(C5CCN(C)CC5)cc4)n[nH]c3n2)c1Cl,8.16,0.0,1
CHEMBL3650,COc1cc(OC)c(Cl)c(-c2ccc3c(NC(=O)c4ccc(N(C)C)cc4)n[nH]c3n2)c1Cl,7.78,0.0,1
CHEMBL3650,COc1cc(OC)c(Cl)c(-c2ccc3c(NC(=O)c4ccc(N(C)CCN(C)C)cc4)n[nH]c3n2)c1Cl,8.41,0.0,1
CHEMBL3650,COc1cc(OC)c(Cl)c(-c2ccc3c(NC(=O)c4ccc(N)cc4)n[nH]c3n2)c1Cl,8.06,0.0,1
CHEMBL3650,COc1cc(OC)c(Cl)c(-c2ccc3c(NC(=O)c4ccc(N5CCCCC5)cc4)n[nH]c3n2)c1Cl,8.06,0.0,1
CHEMBL3650,COc1cc(OC)c(Cl)c(-c2ccc3c(NC(=O)c4ccc(N5CCCN(C)CC5)cc4)n[nH]c3n2)c1Cl,8.14,0.0,1
CHEMBL3650,COc1cc(OC)c(Cl)c(-c2ccc3c(NC(=O)c4ccc(N5CCN(C(C)=O)CC5)cc4)n[nH]c3n2)c1Cl,9.52,0.0,1
CHEMBL3650,COc1cc(OC)c(Cl)c(-c2ccc3c(NC(=O)c4ccc(N5CCN(C(C)C)CC5)cc4)n[nH]c3n2)c1Cl,8.85,0.0,1
CHEMBL3650,COc1cc(OC)c(Cl)c(-c2ccc3c(NC(=O)c4ccc(N5CCN(C)CC5)c(Cl)c4)n[nH]c3n2)c1Cl,7.84,0.0,1
CHEMBL3650,COc1cc(OC)c(Cl)c(-c2ccc3c(NC(=O)c4ccc(N5CCN(C)CC5)cc4)n[nH]c3c2)c1Cl,8.48,0.0,1
CHEMBL3650,COc1cc(OC)c(Cl)c(-c2ccc3c(NC(=O)c4ccc(N5CCN(C)CC5)cc4)n[nH]c3n2)c1Cl,9.52,0.0,1
CHEMBL3650,COc1cc(OC)c(Cl)c(-c2ccc3c(NC(=O)c4ccc(N5CCN(C)CC5)cc4Cl)n[nH]c3n2)c1Cl,7.85,0.0,1
CHEMBL3650,COc1cc(OC)c(Cl)c(-c2ccc3c(NC(=O)c4ccc(N5CCN(C)CC5)cn4)n[nH]c3n2)c1Cl,8.11,0.0,1
CHEMBL3650,COc1cc(OC)c(Cl)c(-c2ccc3c(NC(=O)c4ccc(N5CCN(C)CC5)nc4)n[nH]c3n2)c1Cl,8.21,0.0,1
CHEMBL3650,COc1cc(OC)c(Cl)c(-c2ccc3c(NC(=O)c4ccc(N5CCN(C)CC5)s4)n[nH]c3n2)c1Cl,8.39,0.0,1
CHEMBL3650,COc1cc(OC)c(Cl)c(-c2ccc3c(NC(=O)c4ccc(N5CCN(C6CCC6)CC5)cc4)n[nH]c3n2)c1Cl,9.7,0.0,1
CHEMBL3650,COc1cc(OC)c(Cl)c(-c2ccc3c(NC(=O)c4ccc(N5CCN(CCO)CC5)cc4)n[nH]c3n2)c1Cl,9.52,0.0,1
CHEMBL3650,COc1cc(OC)c(Cl)c(-c2ccc3c(NC(=O)c4ccc(N5CCN(S(C)(=O)=O)CC5)cc4)n[nH]c3n2)c1Cl,9.7,0.0,1
CHEMBL3650,COc1cc(OC)c(Cl)c(-c2ccc3c(NC(=O)c4ccc(N5CCNC(C)(C)C5)cc4)n[nH]c3n2)c1Cl,9.3,0.0,2
CHEMBL3650,COc1cc(OC)c(Cl)c(-c2ccc3c(NC(=O)c4ccc(N5CCNCC5)cc4)n[nH]c3n2)c1Cl,7.93,0.0,1
CHEMBL3650,COc1cc(OC)c(Cl)c(-c2ccc3c(NC(=O)c4ccc(N5CCOCC5)cc4)n[nH]c3n2)c1Cl,8.11,0.0,1
CHEMBL3650,COc1cc(OC)c(Cl)c(-c2ccc3c(NC(=O)c4ccccc4)n[nH]c3n2)c1Cl,7.37,0.0,1
CHEMBL3650,COc1cc(OC)c(Cl)c(-c2ccc3c(NC(=O)c4cnc(N5CCN(C)CC5)cn4)n[nH]c3n2)c1Cl,7.98,0.0,1
CHEMBL3650,COc1cc(OC)c(Cl)c(-c2ccc3nc(Nc4nc(Cl)ccc4[N+](=O)[O-])ncc3c2)c1Cl,5.36,0.0,1
CHEMBL3650,COc1cc(OC)c(Cl)c(-n2nc(-c3cc(-c4cnn(C)c4)cnc3N)ccc2=O)c1Cl,7.86,0.0,1
CHEMBL3650,COc1cc(OC)c(Cl)c(-n2nc(-c3cc(-c4cnn(C5CCN(C)CC5)c4)cnc3N)ccc2=O)c1Cl,8.3,0.0,1
CHEMBL3650,COc1cc(OC)c(Cl)c(-n2nc(-c3cc(-c4cnn(C5CCNCC5)c4)cnc3N)ccc2=O)c1Cl,8.36,0.0,1
CHEMBL3650,COc1cc(OC)c(Cl)c(-n2nc(-c3nc(-c4c(C)nn(C)c4C)cnc3N)ccc2=O)c1Cl,7.58,0.0,1
CHEMBL3650,COc1cc(OC)c(Cl)c(-n2nc(-c3nc(-c4cn(C)nc4C(F)(F)F)cnc3N)ccc2=O)c1Cl,7.51,0.0,1
CHEMBL3650,COc1cc(OC)c(Cl)c(-n2nc(-c3nc(-c4cnn(C(C)(C)CO)c4)cnc3N)ccc2=O)c1Cl,8.14,0.0,1
CHEMBL3650,COc1cc(OC)c(Cl)c(-n2nc(-c3nc(-c4cnn(C(C)C)c4)cnc3N)ccc2=O)c1Cl,8.14,0.0,1
CHEMBL3650,COc1cc(OC)c(Cl)c(-n2nc(-c3nc(-c4cnn(C)c4)cnc3N)ccc2=O)c1,8.2,0.0,1
CHEMBL3650,COc1cc(OC)c(Cl)c(-n2nc(-c3nc(-c4cnn(C)c4)cnc3N)ccc2=O)c1Cl,8.42,0.0,1
CHEMBL3650,COc1cc(OC)c(Cl)c(-n2nc(-c3nc(-c4cnn(C5CC5)c4)cnc3N)ccc2=O)c1Cl,8.24,0.0,1
CHEMBL3650,COc1cc(OC)c(Cl)c(-n2nc(-c3nc(-c4cnn(C5CNC5)c4)cnc3N)cc(C)c2=O)c1Cl,7.79,0.0,1
CHEMBL3650,COc1cc(OC)c(Cl)c(-n2nc(-c3nc(-c4cnn(C5CNC5)c4)cnc3N)ccc2=O)c1Cl,8.1,0.0,1
CHEMBL3650,COc1cc(OC)c(Cl)c(-n2nc(-c3nc(-c4cnn(CC(=O)N5CCCCC5)c4)cnc3N)ccc2=O)c1Cl,8.01,0.0,1
CHEMBL3650,COc1cc(OC)c(Cl)c(-n2nc(-c3nc(-c4cnn(CCN(C)C)c4)cnc3N)cc(C)c2=O)c1Cl,7.97,0.0,1
CHEMBL3650,COc1cc(OC)c(Cl)c(-n2nc(-c3nc(-c4cnn(CCN(C)C)c4)cnc3N)ccc2=O)c1Cl,8.14,0.0,1
CHEMBL3650,COc1cc(OC)c(Cl)c(N(CCCN2CCCC2)c2ccc3ncc(-c4cnn(C)c4)nc3c2)c1,8.74,0.0,1
CHEMBL3650,COc1cc(OC)c(Cl)c(N(CCNC(C)C)c2ccc3ncc(-c4cnn(C)c4)nc3c2)c1,8.65,0.0,1
CHEMBL3650,COc1cc(OC)c(Cl)c(N(CCNC(C)C)c2ccc3ncc(-c4cnn(C)c4)nc3c2)c1Cl,8.8,0.0,1
CHEMBL3650,COc1cc(OC)c(Cl)c(N(CCO)c2ccc3ncc(-c4cnn(C)c4)nc3c2)c1,8.73,0.0,1
CHEMBL3650,COc1cc(OC)c(Cl)c(N(CCO)c2ccc3ncc(-c4cnn(C)c4)nc3c2)c1Cl,8.72,0.0,1
CHEMBL3650,COc1cc(OC)c(Cl)c(N2Cc3cnc4[nH]ccc4c3N(C)C2=O)c1,8.72,0.0,1
CHEMBL3650,COc1cc(OC)c(Cl)c(N2Cc3cnc4[nH]ccc4c3N(C)C2=O)c1Cl,8.96,0.0,1
CHEMBL3650,COc1cc(OC)c(Cl)c(N2Cc3cnc4[nH]ccc4c3N(C)C2=O)c1F,9.77,0.0,1
CHEMBL3650,COc1cc(OC)c(Cl)c(NC(=O)N(C)c2cc(Nc3ccccc3NC(=O)/C=C/Cl)ncn2)c1Cl,5.41,0.0,1
CHEMBL3650,COc1cc(OC)c(Cl)c(NC(=O)N(C)c2cc(Nc3ccccc3NC(=O)/C=C\Cl)ncn2)c1Cl,5.41,0.0,1
CHEMBL3650,COc1cc(OC)c(Cl)c(Nc2ncccc2-c2ncnc(Nc3ccc(N4C[C@@H](C)N[C@@H](C)C4)cc3)n2)c1Cl,6.23,0.0,1
CHEMBL3650,COc1cc(OC)c(Cl)c(Nc2ncccc2-c2ncnc(Nc3cnn(C4CCN(C(C)C)CC4)c3)n2)c1Cl,6.58,0.0,1
CHEMBL3650,COc1cc(OC)c(Cl)c(Nc2ncccc2-c2ncnc(Nc3cnn(C4CCNCC4)c3)n2)c1Cl,6.34,0.0,1
CHEMBL3650,COc1cc(OC)c(F)c(-n2nc(-c3nc(-c4cnn(C5CCNCC5)c4)cnc3N)ccc2=O)c1,8.52,0.0,1
CHEMBL3650,COc1cc(OC)c(F)c(COc2ccc(NC(=O)c3ccc(N4C[C@@H](C)N[C@@H](C)C4)cc3)nc2)c1F,7.65,0.0,1
CHEMBL3650,COc1cc(OC)c(F)c(COc2cnc(Nc3cnn(CCO)c3)nc2)c1F,9.33,0.0,1
CHEMBL3650,COc1cc(OC)c(F)c(N(CCCNCC(F)(F)F)c2ccc3ncc(-c4cnn(C)c4)nc3c2)c1F,8.86,0.0,1
CHEMBL3650,COc1cc(OC)c(F)c(N(CCNC(C)C)c2ccc3ncc(-c4cnn(C)c4)nc3c2)c1F,8.75,0.0,1
CHEMBL3650,COc1cc(OC)c(F)c(N(CCO)c2ccc3ncc(-c4cnn(C)c4)nc3c2)c1F,8.86,0.0,1
CHEMBL3650,COc1cc(OC)c(F)c(N2Cc3cnc(-c4[nH]ncc4C#N)cc3C3(CC3)C2=O)c1F,6.94,0.0,1
CHEMBL3650,COc1cc(OC)c(F)c(N2Cc3cnc(-c4ccc(C#N)nc4)cc3C3(CC3)C2=O)c1F,6.94,0.0,1
CHEMBL3650,COc1cc(OC)c(F)c(N2Cc3cnc(-c4ccc(C5(C#N)CCC5)nc4)cc3N(C3CCC3)C2=O)c1F,6.94,0.0,1
CHEMBL3650,COc1cc(OC)c(F)c(N2Cc3cnc(-c4ccc(C5(C#N)CCC5)nc4)cc3N(CC3CC3)C2=O)c1F,6.94,0.0,1
CHEMBL3650,COc1cc(OC)c(F)c(N2Cc3cnc(-c4ccc(C5(C#N)CCC5)nc4)cc3N(Cc3nnc(C)o3)C2=O)c1F,7.32,0.537401153701776,2
CHEMBL3650,COc1cc(OC)c(F)c(N2Cc3cnc(-c4ccc(C5(C#N)CCC5)nc4)cc3N(c3ccccn3)C2=O)c1F,6.94,0.0,1
CHEMBL3650,COc1cc(OC)c(F)c(N2Cc3cnc(-c4ccc(C5(C#N)CCC5)nc4)cc3N(c3cccnc3)C2=O)c1F,6.94,0.0,1
CHEMBL3650,COc1cc(OC)c(F)c(N2Cc3cnc(-c4ccc(C5(C#N)CCC5)nc4)cc3N(c3ccncn3)C2=O)c1F,6.94,0.0,1
CHEMBL3650,COc1cc(OC)c(F)c(N2Cc3cnc(-c4ccc(C5(C#N)CCC5)nc4)cc3N(c3cnn(C)c3)C2=O)c1F,6.94,0.0,1
CHEMBL3650,COc1cc(OC)c(F)c(N2Cc3cnc(-c4cccnc4)cc3C3(CC3)C2=O)c1F,6.94,0.0,1
CHEMBL3650,COc1cc(OC)c(F)c(N2Cc3cnc(-c4ccn(C)n4)cc3N(c3ccc(C#N)cc3)C2=O)c1F,6.94,0.0,1
CHEMBL3650,COc1cc(OC)c(F)c(N2Cc3cnc(-c4ccncc4)cc3C3(CC3)C2=O)c1F,7.7,0.0,1
CHEMBL3650,COc1cc(OC)c(F)c(N2Cc3cnc(-c4cn(C)nc4C)cc3C3(CC3)C2=O)c1F,7.7,0.0,1
CHEMBL3650,COc1cc(OC)c(F)c(N2Cc3cnc(-c4cn(C)nc4C)cc3N(C(C)C)C2=O)c1F,6.94,0.0,1
CHEMBL3650,COc1cc(OC)c(F)c(N2Cc3cnc(-c4cn(C)nc4C)cc3N(C)C2=O)c1F,6.94,0.0,1
CHEMBL3650,COc1cc(OC)c(F)c(N2Cc3cnc(-c4cn(C)nc4C)cc3N(C3(C#N)CC3)C2=O)c1F,6.94,0.0,1
CHEMBL3650,COc1cc(OC)c(F)c(N2Cc3cnc(-c4cn(C)nc4C)cc3N(C3CC3)C2=O)c1F,6.94,0.0,1
CHEMBL3650,COc1cc(OC)c(F)c(N2Cc3cnc(-c4cn(C)nc4C)cc3N(C3CCCC3)C2=O)c1F,7.7,0.0,1
CHEMBL3650,COc1cc(OC)c(F)c(N2Cc3cnc(-c4cn(C)nc4C)cc3N(C3CCN(S(C)(=O)=O)CC3)C2=O)c1F,6.94,0.0,1
CHEMBL3650,COc1cc(OC)c(F)c(N2Cc3cnc(-c4cn(C)nc4C)cc3N(C3CCOC3)C2=O)c1F,6.94,0.0,1
CHEMBL3650,COc1cc(OC)c(F)c(N2Cc3cnc(-c4cn(C)nc4C)cc3N(CC3CC(=O)N(C)C3)C2=O)c1F,6.94,0.0,1
CHEMBL3650,COc1cc(OC)c(F)c(N2Cc3cnc(-c4cn(C)nc4C)cc3N(CC3CC3)C2=O)c1F,7.7,0.0,1
CHEMBL3650,COc1cc(OC)c(F)c(N2Cc3cnc(-c4cn(C)nc4C)cc3N(CC3CCOCC3)C2=O)c1F,7.7,0.0,1
CHEMBL3650,COc1cc(OC)c(F)c(N2Cc3cnc(-c4cn(C)nc4C)cc3N(CCc3cnn(C)c3)C2=O)c1F,6.94,0.0,1
CHEMBL3650,COc1cc(OC)c(F)c(N2Cc3cnc(-c4cn(C)nc4C)cc3N(C[C@H]3CCOC3)C2=O)c1F,6.94,0.0,1
CHEMBL3650,COc1cc(OC)c(F)c(N2Cc3cnc(-c4cn(C)nc4C)cc3N(Cc3cc(C(C)C)on3)C2=O)c1F,6.94,0.0,1
CHEMBL3650,COc1cc(OC)c(F)c(N2Cc3cnc(-c4cn(C)nc4C)cc3N(Cc3cc(C)no3)C2=O)c1F,7.7,0.0,1
CHEMBL3650,COc1cc(OC)c(F)c(N2Cc3cnc(-c4cn(C)nc4C)cc3N(Cc3cc(C)on3)C2=O)c1F,7.7,0.0,1
CHEMBL3650,COc1cc(OC)c(F)c(N2Cc3cnc(-c4cn(C)nc4C)cc3N(Cc3cc(C4CC4)on3)C2=O)c1F,7.7,0.0,1
CHEMBL3650,COc1cc(OC)c(F)c(N2Cc3cnc(-c4cn(C)nc4C)cc3N(Cc3ccc(C#N)nc3)C2=O)c1F,6.94,0.0,1
CHEMBL3650,COc1cc(OC)c(F)c(N2Cc3cnc(-c4cn(C)nc4C)cc3N(Cc3ccc(F)c(F)c3)C2=O)c1F,6.94,0.0,1
CHEMBL3650,COc1cc(OC)c(F)c(N2Cc3cnc(-c4cn(C)nc4C)cc3N(Cc3ccc(F)cc3)C2=O)c1F,6.94,0.0,1
CHEMBL3650,COc1cc(OC)c(F)c(N2Cc3cnc(-c4cn(C)nc4C)cc3N(Cc3ccc4c(c3)OCCO4)C2=O)c1F,6.94,0.0,1
CHEMBL3650,COc1cc(OC)c(F)c(N2Cc3cnc(-c4cn(C)nc4C)cc3N(Cc3ccc4c(c3)nnn4C)C2=O)c1F,6.94,0.0,1
CHEMBL3650,COc1cc(OC)c(F)c(N2Cc3cnc(-c4cn(C)nc4C)cc3N(Cc3ccn(C)c(=O)c3)C2=O)c1F,6.94,0.0,1
CHEMBL3650,COc1cc(OC)c(F)c(N2Cc3cnc(-c4cn(C)nc4C)cc3N(Cc3ccnc(C)c3)C2=O)c1F,6.94,0.0,1
CHEMBL3650,COc1cc(OC)c(F)c(N2Cc3cnc(-c4cn(C)nc4C)cc3N(Cc3ccnc(C)n3)C2=O)c1F,7.7,0.0,1
CHEMBL3650,COc1cc(OC)c(F)c(N2Cc3cnc(-c4cn(C)nc4C)cc3N(Cc3ccncc3)C2=O)c1F,6.94,0.0,1
CHEMBL3650,COc1cc(OC)c(F)c(N2Cc3cnc(-c4cn(C)nc4C)cc3N(Cc3ccncn3)C2=O)c1F,6.94,0.0,1
CHEMBL3650,COc1cc(OC)c(F)c(N2Cc3cnc(-c4cn(C)nc4C)cc3N(Cc3cnccn3)C2=O)c1F,6.94,0.0,1
CHEMBL3650,COc1cc(OC)c(F)c(N2Cc3cnc(-c4cn(C)nc4C)cc3N(Cc3cncnc3)C2=O)c1F,6.94,0.0,1
CHEMBL3650,COc1cc(OC)c(F)c(N2Cc3cnc(-c4cn(C)nc4C)cc3N(Cc3cnco3)C2=O)c1F,6.94,0.0,1
CHEMBL3650,COc1cc(OC)c(F)c(N2Cc3cnc(-c4cn(C)nc4C)cc3N(Cc3cnn(C)c3C)C2=O)c1F,7.7,0.0,1
CHEMBL3650,COc1cc(OC)c(F)c(N2Cc3cnc(-c4cn(C)nc4C)cc3N(Cc3cnn(CC#N)c3)C2=O)c1F,6.94,0.0,1
CHEMBL3650,COc1cc(OC)c(F)c(N2Cc3cnc(-c4cn(C)nc4C)cc3N(Cc3cnn(CC4CC4)c3)C2=O)c1F,7.7,0.0,1
CHEMBL3650,COc1cc(OC)c(F)c(N2Cc3cnc(-c4cn(C)nc4C)cc3N(Cc3cnn(CC4CCCO4)c3)C2=O)c1F,6.94,0.0,1
CHEMBL3650,COc1cc(OC)c(F)c(N2Cc3cnc(-c4cn(C)nc4C)cc3N(Cc3csc(C)n3)C2=O)c1F,7.7,0.0,1
CHEMBL3650,COc1cc(OC)c(F)c(N2Cc3cnc(-c4cn(C)nc4C)cc3N(Cc3ncc(C)o3)C2=O)c1F,6.94,0.0,1
CHEMBL3650,COc1cc(OC)c(F)c(N2Cc3cnc(-c4cn(C)nc4C)cc3N(Cc3nnc(C)o3)C2=O)c1F,7.7,0.0,1
CHEMBL3650,COc1cc(OC)c(F)c(N2Cc3cnc(-c4cn(C)nc4C)cc3N(c3cc(F)cc(C#N)c3)C2=O)c1F,6.94,0.0,1
CHEMBL3650,COc1cc(OC)c(F)c(N2Cc3cnc(-c4cn(C)nc4C)cc3N(c3cc(F)cc(F)c3)C2=O)c1F,6.94,0.0,1
CHEMBL3650,COc1cc(OC)c(F)c(N2Cc3cnc(-c4cn(C)nc4C)cc3N(c3ccc(-c4nnc(C)o4)cc3)C2=O)c1F,6.94,0.0,1
CHEMBL3650,COc1cc(OC)c(F)c(N2Cc3cnc(-c4cn(C)nc4C)cc3N(c3ccc(-n4cccn4)cc3)C2=O)c1F,7.7,0.0,1
CHEMBL3650,COc1cc(OC)c(F)c(N2Cc3cnc(-c4cn(C)nc4C)cc3N(c3ccc(C#N)cc3)C2=O)c1F,6.94,0.0,1
CHEMBL3650,COc1cc(OC)c(F)c(N2Cc3cnc(-c4cn(C)nc4C)cc3N(c3ccc(C#N)cn3)C2=O)c1F,6.94,0.0,1
CHEMBL3650,COc1cc(OC)c(F)c(N2Cc3cnc(-c4cn(C)nc4C)cc3N(c3ccc(C(=O)N(C)C)cc3)C2=O)c1F,6.94,0.0,1
CHEMBL3650,COc1cc(OC)c(F)c(N2Cc3cnc(-c4cn(C)nc4C)cc3N(c3ccc(CC#N)cc3)C2=O)c1F,6.94,0.0,1
CHEMBL3650,COc1cc(OC)c(F)c(N2Cc3cnc(-c4cn(C)nc4C)cc3N(c3ccc(F)c(F)c3)C2=O)c1F,6.94,0.0,1
CHEMBL3650,COc1cc(OC)c(F)c(N2Cc3cnc(-c4cn(C)nc4C)cc3N(c3ccc(F)cc3)C2=O)c1F,6.94,0.0,1
CHEMBL3650,COc1cc(OC)c(F)c(N2Cc3cnc(-c4cn(C)nc4C)cc3N(c3ccc(S(C)(=O)=O)cc3)C2=O)c1F,6.94,0.0,1
CHEMBL3650,COc1cc(OC)c(F)c(N2Cc3cnc(-c4cn(C)nc4C)cc3N(c3ccc4[nH]ncc4c3)C2=O)c1F,7.7,0.0,1
CHEMBL3650,COc1cc(OC)c(F)c(N2Cc3cnc(-c4cn(C)nc4C)cc3N(c3ccc4c(c3)C(=O)N(C)C4)C2=O)c1F,6.94,0.0,1
CHEMBL3650,COc1cc(OC)c(F)c(N2Cc3cnc(-c4cn(C)nc4C)cc3N(c3ccc4c(c3)CC(=O)N4)C2=O)c1F,7.7,0.0,1
CHEMBL3650,COc1cc(OC)c(F)c(N2Cc3cnc(-c4cn(C)nc4C)cc3N(c3ccc4ccncc4c3)C2=O)c1F,6.94,0.0,1
CHEMBL3650,COc1cc(OC)c(F)c(N2Cc3cnc(-c4cn(C)nc4C)cc3N(c3ccc4cn[nH]c4c3)C2=O)c1F,7.7,0.0,1
CHEMBL3650,COc1cc(OC)c(F)c(N2Cc3cnc(-c4cn(C)nc4C)cc3N(c3ccc4nc(C)oc4c3)C2=O)c1F,6.94,0.0,1
CHEMBL3650,COc1cc(OC)c(F)c(N2Cc3cnc(-c4cn(C)nc4C)cc3N(c3ccc4ncsc4c3)C2=O)c1F,6.94,0.0,1
CHEMBL3650,COc1cc(OC)c(F)c(N2Cc3cnc(-c4cn(C)nc4C)cc3N(c3cccc(-c4cnnn4C)c3)C2=O)c1F,7.7,0.0,1
CHEMBL3650,COc1cc(OC)c(F)c(N2Cc3cnc(-c4cn(C)nc4C)cc3N(c3cccc(C#N)c3)C2=O)c1F,6.94,0.0,1
CHEMBL3650,COc1cc(OC)c(F)c(N2Cc3cnc(-c4cn(C)nc4C)cc3N(c3cccc(F)c3)C2=O)c1F,6.94,0.0,1
CHEMBL3650,COc1cc(OC)c(F)c(N2Cc3cnc(-c4cn(C)nc4C)cc3N(c3ccccc3F)C2=O)c1F,7.7,0.0,1
CHEMBL3650,COc1cc(OC)c(F)c(N2Cc3cnc(-c4cn(C)nc4C)cc3N(c3ccccn3)C2=O)c1F,6.94,0.0,1
CHEMBL3650,COc1cc(OC)c(F)c(N2Cc3cnc(-c4cn(C)nc4C)cc3N(c3cccnc3)C2=O)c1F,6.94,0.0,1
CHEMBL3650,COc1cc(OC)c(F)c(N2Cc3cnc(-c4cn(C)nc4C)cc3N(c3ccn(C)n3)C2=O)c1F,6.94,0.0,1
CHEMBL3650,COc1cc(OC)c(F)c(N2Cc3cnc(-c4cn(C)nc4C)cc3N(c3ccncn3)C2=O)c1F,6.94,0.0,1
CHEMBL3650,COc1cc(OC)c(F)c(N2Cc3cnc(-c4cn(C)nc4C)cc3N(c3ccnnc3)C2=O)c1F,6.94,0.0,1
CHEMBL3650,COc1cc(OC)c(F)c(N2Cc3cnc(-c4cn(C)nc4C)cc3N(c3cn[nH]c3)C2=O)c1F,7.7,0.0,1
CHEMBL3650,COc1cc(OC)c(F)c(N2Cc3cnc(-c4cn(C)nc4C)cc3N(c3cnc(C)cn3)C2=O)c1F,6.94,0.0,1
CHEMBL3650,COc1cc(OC)c(F)c(N2Cc3cnc(-c4cn(C)nc4C)cc3N(c3cncc(C)n3)C2=O)c1F,6.94,0.0,1
CHEMBL3650,COc1cc(OC)c(F)c(N2Cc3cnc(-c4cn(C)nc4C)cc3N(c3cnccn3)C2=O)c1F,6.94,0.0,1
CHEMBL3650,COc1cc(OC)c(F)c(N2Cc3cnc(-c4cn(C)nc4C)cc3N(c3cnn(C4CC4)c3)C2=O)c1F,6.94,0.0,1
CHEMBL3650,COc1cc(OC)c(F)c(N2Cc3cnc(-c4cn(C)nc4C)cc3N(c3ncccn3)C2=O)c1F,6.94,0.0,1
CHEMBL3650,COc1cc(OC)c(F)c(N2Cc3cnc(-c4cn(C5CCN(C)C5)nc4C)cc3C3(CC3)C2=O)c1F,6.94,0.0,1
CHEMBL3650,COc1cc(OC)c(F)c(N2Cc3cnc(-c4cn(C5CCN(CC#N)C5)nc4C)cc3C3(CC3)C2=O)c1F,6.94,0.0,1
CHEMBL3650,COc1cc(OC)c(F)c(N2Cc3cnc(-c4cn(C5CCS(=O)(=O)C5)nc4C)cc3C3(CC3)C2=O)c1F,6.94,0.0,1
CHEMBL3650,COc1cc(OC)c(F)c(N2Cc3cnc(-c4cn(CC#N)nc4C)cc3C3(CC3)C2=O)c1F,6.94,0.0,1
CHEMBL3650,COc1cc(OC)c(F)c(N2Cc3cnc(-c4cn(CC(=O)N5CCOCC5)nc4C)cc3C3(CC3)C2=O)c1F,6.94,0.0,1
CHEMBL3650,COc1cc(OC)c(F)c(N2Cc3cnc(-c4cn(CCC#N)nc4C)cc3C3(CC3)C2=O)c1F,6.94,0.0,1
CHEMBL3650,COc1cc(OC)c(F)c(N2Cc3cnc(-c4cn(CCC5CCNCC5)nc4C)cc3C3(CC3)C2=O)c1F,7.7,0.0,1
CHEMBL3650,COc1cc(OC)c(F)c(N2Cc3cnc(-c4cn(CCCN5CCOCC5)nc4C)cc3C3(CC3)C2=O)c1F,6.94,0.0,1
CHEMBL3650,COc1cc(OC)c(F)c(N2Cc3cnc(-c4cn(CCN(C)C)nc4C)cc3C3(CC3)C2=O)c1F,6.94,0.0,1
CHEMBL3650,COc1cc(OC)c(F)c(N2Cc3cnc(-c4cn(CCN5CCOCC5)nc4C)cc3C3(CC3)C2=O)c1F,6.94,0.0,1
CHEMBL3650,COc1cc(OC)c(F)c(N2Cc3cnc(-c4cn(Cc5cccnc5)nc4C)cc3C3(CC3)C2=O)c1F,6.94,0.0,1
CHEMBL3650,COc1cc(OC)c(F)c(N2Cc3cnc(-c4cncc(F)c4)cc3C3(CC3)C2=O)c1F,6.94,0.0,1
CHEMBL3650,COc1cc(OC)c(F)c(N2Cc3cnc(-c4cncc(N)c4)cc3C3(CC3)C2=O)c1F,6.94,0.0,1
CHEMBL3650,COc1cc(OC)c(F)c(N2Cc3cnc(-c4cncc(NS(C)(=O)=O)c4)cc3C3(CC3)C2=O)c1F,6.94,0.0,1
CHEMBL3650,COc1cc(OC)c(F)c(N2Cc3cnc(-c4cnn(C)c4)cc3N(c3ccc(C#N)cc3)C2=O)c1F,6.94,0.0,1
CHEMBL3650,COc1cc(OC)c(F)c(N2Cc3cnc(-c4cnn(C5(C#N)CCC5)c4C)cc3C3(CC3)C2=O)c1F,6.94,0.0,1
CHEMBL3650,COc1cc(OC)c(F)c(N2Cc3cnc(-c4cnn(C5CCN(S(C)(=O)=O)C5)c4)cc3C3(CC3)C2=O)c1F,7.7,0.0,1
CHEMBL3650,COc1cc(OC)c(F)c(N2Cc3cnc(-c4cnn(C5CN(S(C)(=O)=O)C5)c4)cc3C3(CC3)C2=O)c1F,7.7,0.0,1
CHEMBL3650,COc1cc(OC)c(F)c(N2Cc3cnc(-c4cnn(CC5CCCS(=O)(=O)N5)c4)cc3C3(CC3)C2=O)c1F,7.7,0.0,1
CHEMBL3650,COc1cc(OC)c(F)c(N2Cc3cnc(-c4cnn(CC5CN(S(C)(=O)=O)C5)c4)cc3C3(CC3)C2=O)c1F,7.7,0.0,1
CHEMBL3650,COc1cc(OC)c(F)c(N2Cc3cnc(-c4cnn(CCC5CCN(S(C)(=O)=O)CC5)c4)cc3C3(CC3)C2=O)c1F,6.94,0.0,1
CHEMBL3650,COc1cc(OC)c(F)c(N2Cc3cnc(-c4cnn(CCN5CCC(OC)C5)c4)cc3C3(CC3)C2=O)c1F,7.7,0.0,1
CHEMBL3650,COc1cc(OC)c(F)c(N2Cc3cnc(-c4cnn(CCN5CCC(OC)CC5)c4)cc3C3(CC3)C2=O)c1F,7.7,0.0,1
CHEMBL3650,COc1cc(OC)c(F)c(N2Cc3cnc(-c4cnn(CCN5CCOCC5)c4)cc3C3(CC3)C2=O)c1F,7.7,0.0,1
CHEMBL3650,COc1cc(OC)c(F)c(N2Cc3cnc(-c4csc(N(C)C)n4)cc3C3(CC3)C2=O)c1F,7.7,0.0,1
CHEMBL3650,COc1cc(OC)c(F)c(N2Cc3cnc4[nH]ccc4c3N(C)C2=O)c1,8.96,0.0,1
CHEMBL3650,COc1cc(OC)c(F)c(N2Cc3cnc4[nH]ccc4c3N(C)C2=O)c1F,9.92,0.0,1
CHEMBL3650,COc1cc(OC)c(F)c(N2Cc3cnc4[nH]ncc4c3OC2=O)c1F,6.52,0.0,1
CHEMBL3650,COc1cc(OC)c(F)c(N2Cc3cnc4c(c3N(C)C2=O)C(C)(C)C(=O)N4)c1F,8.01,0.0,1
CHEMBL3650,COc1cc(OC)c(F)c(N2Cc3cnc4c(c3N(C)C2=O)C2(CC2)C(=O)N4)c1F,9.1,0.0,1
CHEMBL3650,COc1cc(OC)c(F)c(N2Cc3cnc4c(c3N(C)C2=O)C2(CCN(C)CC2)C(=O)N4)c1F,7.68,0.0,1
CHEMBL3650,COc1cc(OC)c(F)c(N2Cc3cnc4c(c3N(CCN3CCOCC3)C2=O)CC(=O)N4)c1F,7.57,0.0,1
CHEMBL3650,COc1cc(OC)c(F)c(N2Cc3cnc4c(c3N(CCO)C2=O)CC(=O)N4)c1F,8.36,0.0,1
CHEMBL3650,COc1cc(OC)c(F)c(N2Cc3cnc4c(c3N(c3ccc(C#N)cc3)C2=O)CC(=O)N4)c1F,8.04,0.0,1
CHEMBL3650,COc1cc(OC)c(F)c(N2Cc3cnc4c(c3N(c3cccc(F)c3F)C2=O)CC(=O)N4)c1F,8.82,0.0,1
CHEMBL3650,COc1cc(OC)c2cc(C(=O)c3cnn(-c4ccc5[nH]c(C)nc5c4)c3N)[nH]c2c1,7.4,0.0,1
CHEMBL3650,COc1cc(OC)c2sc(-c3c(CN4CCNC(=O)C4)cn4ncnc(N)c34)cc2c1,8.57,0.0,1
CHEMBL3650,COc1cc(OC)cc(-c2cc3[nH]nc(/C=C/c4ccc(C(=O)N5CCN(C(=O)OC(C)(C)C)CC5)cc4)c3cc2C)c1,6.22,0.0,1
CHEMBL3650,COc1cc(OC)cc(-c2cc3[nH]nc(/C=C/c4ccc(C(=O)N5CCNCC5)cc4)c3cc2C)c1,7.89,0.0,1
CHEMBL3650,COc1cc(OC)cc(-c2cc3[nH]nc(/C=C/c4ccc(C(=O)N5C[C@@H](C)N(C(=O)OC(C)(C)C)[C@@H](C)C5)cc4)c3cc2C)c1,6.14,0.0,1
CHEMBL3650,COc1cc(OC)cc(-c2cc3[nH]nc(/C=C/c4ccc(C(=O)N5C[C@@H](C)N[C@@H](C)C5)cc4)c3cc2C)c1,7.57,0.0,1
CHEMBL3650,COc1cc(OC)cc(-c2cc3[nH]nc(/C=C/c4ccc(C(=O)N5C[C@@H](C)N[C@@H](C)C5)cc4)c3cc2Cl)c1,7.13,0.0,1
CHEMBL3650,COc1cc(OC)cc(-c2cc3[nH]nc(/C=C/c4cnn(CCO)c4)c3cc2C)c1,7.68,0.0,1
CHEMBL3650,COc1cc(OC)cc(-c2cc3[nH]nc(/C=C/c4cnn(CCO)c4)c3cc2Cl)c1,7.24,0.0,1
CHEMBL3650,COc1cc(OC)cc(-c2cc3cnc(N(CCCCCO)C(C)=O)cc3nc2NC(=O)NC(C)(C)C)c1,5.12,0.0,1
CHEMBL3650,COc1cc(OC)cc(-c2cc3cnc(N(CCCCCOCc4ccccc4)C(C)=O)cc3nc2NC(=O)NC(C)(C)C)c1,5.2,0.39597979746446693,2
CHEMBL3650,COc1cc(OC)cc(-c2cc3cnc(N(CCCCO)C(C)=O)cc3nc2NC(=O)NC(C)(C)C)c1,5.08,0.0,1
CHEMBL3650,COc1cc(OC)cc(-c2cc3cnc(N(CCCCOCc4ccccc4)C(C)=O)cc3nc2NC(=O)NC(C)(C)C)c1,5.455,0.23334523779156074,2
CHEMBL3650,COc1cc(OC)cc(-c2cc3cnc(N(CCCO)C(C)=O)cc3nc2NC(=O)NC(C)(C)C)c1,5.199999999999999,0.919238815542512,2
CHEMBL3650,COc1cc(OC)cc(-c2cc3cnc(N(CCCOCc4ccccc4)C(C)=O)cc3nc2NC(=O)NC(C)(C)C)c1,6.15,0.4666904755831215,2
CHEMBL3650,COc1cc(OC)cc(-c2cc3cnc(N)cc3nc2N)c1,6.7,0.0,1
CHEMBL3650,COc1cc(OC)cc(-c2cc3cnc(N)cc3nc2NC(=O)NC(C)(C)C)c1,7.38,0.0,1
CHEMBL3650,COc1cc(OC)cc(-c2cc3cnc(N)cc3nc2NC(=O)Nc2ccccc2)c1,6.29,0.0,1
CHEMBL3650,COc1cc(OC)cc(-c2cc3cnc(N)nc3nc2N)c1,6.64,0.0,1
CHEMBL3650,COc1cc(OC)cc(-c2cc3cnc(N)nc3nc2NC(=O)NC(C)(C)C)c1,6.919999999999999,0.608276253029822,3
CHEMBL3650,COc1cc(OC)cc(-c2cc3cnc(NC(=O)C(F)(F)F)cc3nc2N)c1,7.21,0.0,1
CHEMBL3650,COc1cc(OC)cc(-c2cc3cnc(NC(=O)NC(C)(C)C)cc3nc2NC(=O)NC(C)(C)C)c1,6.8,0.0,1
CHEMBL3650,COc1cc(OC)cc(-c2cc3cnc(NC(C)=O)cc3nc2NC(=O)NC(C)(C)C)c1,7.6,0.0,1
CHEMBL3650,COc1cc(OC)cc(-c2cc3cnc(NCCCCCN4CCN(C)CC4)cc3nc2NC(=O)NC(C)(C)C)c1,7.58,0.5939696961966998,2
CHEMBL3650,COc1cc(OC)cc(-c2cc3cnc(NCCCCCN4CCOCC4)cc3nc2NC(=O)NC(C)(C)C)c1,7.765000000000001,0.40305086527633227,2
CHEMBL3650,COc1cc(OC)cc(-c2cc3cnc(NCCCCCO)cc3nc2NC(=O)NC(C)(C)C)c1,7.515000000000001,0.6858935777509506,2
CHEMBL3650,COc1cc(OC)cc(-c2cc3cnc(NCCCCCOc4ccccc4)cc3nc2NC(=O)NC(C)(C)C)c1,5.98,0.7071067811865476,2
CHEMBL3650,COc1cc(OC)cc(-c2cc3cnc(NCCCCN4CCN(C)CC4)cc3nc2NC(=O)NC(C)(C)C)c1,7.92,0.4242640687119292,2
CHEMBL3650,COc1cc(OC)cc(-c2cc3cnc(NCCCCN4CCOCC4)cc3nc2NC(=O)NC(C)(C)C)c1,7.835,0.44547727214752547,2
CHEMBL3650,COc1cc(OC)cc(-c2cc3cnc(NCCCCO)cc3nc2NC(=O)NC(C)(C)C)c1,7.6899999999999995,0.5798275605729689,2
CHEMBL3650,COc1cc(OC)cc(-c2cc3cnc(NCCCCOc4ccccc4)cc3nc2NC(=O)NC(C)(C)C)c1,6.27,0.43840620433565985,2
CHEMBL3650,COc1cc(OC)cc(-c2cc3cnc(NCCCN4CCN(C)CC4)cc3nc2N)c1,7.220000000000001,0.1979898987322338,2
CHEMBL3650,COc1cc(OC)cc(-c2cc3cnc(NCCCN4CCN(C)CC4)cc3nc2NC(=O)NC(C)(C)C)c1,7.960000000000001,0.48083261120685244,2
CHEMBL3650,COc1cc(OC)cc(-c2cc3cnc(NCCCN4CCN(C)CC4)nc3nc2NC(=O)NC(C)(C)C)c1,7.84,0.16970562748477155,2
CHEMBL3650,COc1cc(OC)cc(-c2cc3cnc(NCCCN4CCOCC4)cc3nc2NC(=O)NC(C)(C)C)c1,7.715,0.28991378028648457,2
CHEMBL3650,COc1cc(OC)cc(-c2cc3cnc(NCCCO)cc3nc2NC(=O)NC(C)(C)C)c1,7.855,0.770746391493337,2
CHEMBL3650,COc1cc(OC)cc(-c2cc3cnc(NCCCO)nc3nc2NC(=O)NC(C)(C)C)c1,7.365,0.07778174593052077,2
CHEMBL3650,COc1cc(OC)cc(-c2cc3cnc(NCCCOc4ccccc4)cc3nc2NC(=O)NC(C)(C)C)c1,6.38,0.4808326112068521,2
CHEMBL3650,COc1cc(OC)cc(-c2cc3cnc(Nc4ccc(N5CCN6CCC[C@@H]6C5)cc4)nc3n3cnnc23)c1,8.26,0.0,1
CHEMBL3650,COc1cc(OC)cc(-c2ccc3c(/C=C/c4ccc(C(=O)N5CCNCC5)cc4)n[nH]c3c2)c1,6.88,0.0,1
CHEMBL3650,COc1cc(OC)cc(-c2ccc3c(/C=C/c4ccc(CN(C)C)cc4)n[nH]c3c2)c1,6.48,0.0,1
CHEMBL3650,COc1cc(OC)cc(-c2ccc3c(/C=C/c4ccc(N5CCN(C)CC5)cc4)n[nH]c3c2)c1,6.42,0.0,1
CHEMBL3650,COc1cc(OC)cc(-c2ccc3c(NC(=O)c4ccc(N5CCN(C)CC5)cc4)n[nH]c3n2)c1,5.43,0.0,1
CHEMBL3650,COc1cc(OC)cc(-n2nc(-c3cc(-c4cnn(C)c4)cnc3N)ccc2=O)c1,6.71,0.0,1
CHEMBL3650,COc1cc(OC)cc(-n2nc(-c3cc(-c4cnn(C5CCN(C)CC5)c4)cnc3N)ccc2=O)c1,7.5,0.0,1
CHEMBL3650,COc1cc(OC)cc(-n2nc(-c3cc(-c4cnn(C5CCNCC5)c4)cnc3N)cc(C)c2=O)c1,8.44,0.0,1
CHEMBL3650,COc1cc(OC)cc(-n2nc(-c3cc(-c4cnn(C5CCNCC5)c4)cnc3N)ccc2=O)c1,7.53,0.0,1
CHEMBL3650,COc1cc(OC)cc(-n2nc(-c3nc(-c4cnn(C(C)(C)C#N)c4)cnc3N)ccc2=O)c1,7.65,0.0,1
CHEMBL3650,COc1cc(OC)cc(-n2nc(-c3nc(-c4cnn(C(C)(C)CO)c4)cnc3N)ccc2=O)c1,7.84,0.0,1
CHEMBL3650,COc1cc(OC)cc(-n2nc(-c3nc(-c4cnn(C(C)C)c4)cnc3N)ccc2=O)c1,7.76,0.0,1
CHEMBL3650,COc1cc(OC)cc(-n2nc(-c3nc(-c4cnn(C)c4)cnc3N)cc(C(C)C)c2=O)c1,8.25,0.0,1
CHEMBL3650,COc1cc(OC)cc(-n2nc(-c3nc(-c4cnn(C)c4)cnc3N)cc(C)c2=O)c1,8.15,0.0,1
CHEMBL3650,COc1cc(OC)cc(-n2nc(-c3nc(-c4cnn(C)c4)cnc3N)cc(C3CC3)c2=O)c1,8.51,0.0,1
CHEMBL3650,COc1cc(OC)cc(-n2nc(-c3nc(-c4cnn(C)c4)cnc3N)cc(C3CCC3)c2=O)c1,8.22,0.0,1
CHEMBL3650,COc1cc(OC)cc(-n2nc(-c3nc(-c4cnn(C)c4)cnc3N)cc(CC(C)C)c2=O)c1,5.51,0.0,1
CHEMBL3650,COc1cc(OC)cc(-n2nc(-c3nc(-c4cnn(C)c4)cnc3N)ccc2=O)c1,7.74,0.0,1
CHEMBL3650,COc1cc(OC)cc(-n2nc(-c3nc(-c4cnn(C5CCC5)c4)cnc3N)ccc2=O)c1,6.72,0.0,1
CHEMBL3650,COc1cc(OC)cc(-n2nc(-c3nc(-c4cnn(C5CCN(C)CC5)c4)cnc3N)ccc2=O)c1,8.04,0.0,1
CHEMBL3650,COc1cc(OC)cc(-n2nc(-c3nc(-c4cnn(C5CCN(CC(F)(F)F)CC5)c4)cnc3N)ccc2=O)c1,7.2,0.0,1
CHEMBL3650,COc1cc(OC)cc(-n2nc(-c3nc(-c4cnn(C5CCN(CC(F)F)CC5)c4)cnc3N)ccc2=O)c1,7.81,0.0,1
CHEMBL3650,COc1cc(OC)cc(-n2nc(-c3nc(-c4cnn(C5CCN(CCOC(F)(F)F)CC5)c4)cnc3N)ccc2=O)c1,7.42,0.0,1
CHEMBL3650,COc1cc(OC)cc(-n2nc(-c3nc(-c4cnn(C5CCNCC5)c4)cnc3N)cc(C)c2=O)c1,8.46,0.0,1
CHEMBL3650,COc1cc(OC)cc(-n2nc(-c3nc(-c4cnn(C5CCNCC5)c4)cnc3N)ccc2=O)c1,8.11,0.0,1
CHEMBL3650,COc1cc(OC)cc(-n2nc(-c3nc(-c4cnn(CC(C)(C)O)c4)cnc3N)ccc2=O)c1,7.32,0.0,1
CHEMBL3650,COc1cc(OC)cc(-n2nc(-c3nc(-c4cnn(CC(C)C)c4)cnc3N)ccc2=O)c1,7.41,0.0,1
CHEMBL3650,COc1cc(OC)cc(-n2nc(-c3nc(-c4cnn(CC(O)CC(F)(F)F)c4)cnc3N)ccc2=O)c1,7.77,0.0,1
CHEMBL3650,COc1cc(OC)cc(-n2nc(-c3nc(-c4cnn(CC5(C#N)CC5)c4)cnc3N)ccc2=O)c1,7.81,0.0,1
CHEMBL3650,COc1cc(OC)cc(-n2nc(-c3nc(-c4cnn(CC5CC5)c4)cnc3N)ccc2=O)c1,7.1,0.0,1
CHEMBL3650,COc1cc(OC)cc(-n2nc(-c3nc(-c4cnn(CCN5CCOCC5)c4)cnc3N)ccc2=O)c1,7.82,0.0,1
CHEMBL3650,COc1cc(OC)cc(-n2nc(-c3nc(-c4cnn(C[C@@H]5CN(C)C(C)(C)CO5)c4)cnc3N)ccc2=O)c1,8.05,0.0,1
CHEMBL3650,COc1cc(OC)cc(-n2nc(-c3nc(-c4cnn(C[C@@H]5CNC(C)(C)CO5)c4)cnc3N)ccc2=O)c1,7.72,0.0,1
CHEMBL3650,COc1cc(OC)cc(-n2nc(-c3nc(-c4cnn(C[C@@H]5CN[C@H](C)CO5)c4)cnc3N)ccc2=O)c1,7.77,0.0,1
CHEMBL3650,COc1cc(OC)cc(-n2nc(-c3nc(-c4cnn(C[C@H]5CNC(C)(C)CO5)c4)cnc3N)ccc2=O)c1,8.07,0.0,1
CHEMBL3650,COc1cc(OC)cc(-n2nc(-c3nc(-c4cnn(C[C@H]5CNC6(CC6)CO5)c4)cnc3N)ccc2=O)c1,7.66,0.0,1
CHEMBL3650,COc1cc(OC)cc(-n2nc(-c3nc(-c4cnn(C[C@H]5CN[C@H](C)CO5)c4)cnc3N)ccc2=O)c1,7.85,0.0,1
CHEMBL3650,COc1cc(OC)cc(C2Cc3cnc(N(CCCCCO)C(C)=O)cc3N=C2NC(=O)NC(C)(C)C)c1,5.11,0.0,1
CHEMBL3650,COc1cc(OC)cc(C2Cc3cnc(N(CCCCCOCc4ccccc4)C(C)=O)cc3N=C2NC(=O)NC(C)(C)C)c1,4.7,0.0,1
CHEMBL3650,COc1cc(OC)cc(C2Cc3cnc(N(CCCCO)C(C)=O)cc3N=C2NC(=O)NC(C)(C)C)c1,5.06,0.0,1
CHEMBL3650,COc1cc(OC)cc(C2Cc3cnc(N(CCCCOCc4ccccc4)C(C)=O)cc3N=C2NC(=O)NC(C)(C)C)c1,5.404999999999999,0.7848885271170684,2
CHEMBL3650,COc1cc(OC)cc(C2Cc3cnc(N(CCCO)C(C)=O)cc3N=C2NC(=O)NC(C)(C)C)c1,5.1,0.0,1
CHEMBL3650,COc1cc(OC)cc(C2Cc3cnc(N(CCCOCc4ccccc4)C(C)=O)cc3N=C2NC(=O)NC(C)(C)C)c1,5.05,0.0,1
CHEMBL3650,COc1cc(OC)cc(N(C)c2ccc3ncc(-c4cnn(C)c4)nc3c2)c1,8.36,0.0,1
CHEMBL3650,COc1cc(OC)cc(N(C/C(=N/O)C(C)C)c2ccc3ncc(-c4cnn(C)c4)nc3c2)c1,7.03,0.0,1
CHEMBL3650,COc1cc(OC)cc(N(C/C(=N\O)C(C)C)c2ccc3ncc(-c4cnn(C)c4)nc3c2)c1,8.16,0.0,1
CHEMBL3650,COc1cc(OC)cc(N(C/C(C)=N/O)c2ccc3ncc(-c4cnn(C)c4)nc3c2)c1,8.33,0.0,1
CHEMBL3650,COc1cc(OC)cc(N(C/C(C)=N\O)c2ccc3ncc(-c4cnn(C)c4)nc3c2)c1,8.21,0.0,1
CHEMBL3650,COc1cc(OC)cc(N(C/C=C/c2cc(C)ccn2)c2ccc3ncc(-c4cnn(C)c4)nc3c2)c1,7.11,0.0,1
CHEMBL3650,COc1cc(OC)cc(N(C/C=C/c2nccc(OC)n2)c2ccc3ncc(-c4cnn(C)c4)nc3c2)c1,7.42,0.0,1
CHEMBL3650,COc1cc(OC)cc(N(C/C=C/c2ncccc2OC)c2ccc3ncc(-c4cnn(C)c4)nc3c2)c1,7.05,0.0,1
CHEMBL3650,COc1cc(OC)cc(N(C/C=C\c2cc(C)ccn2)c2ccc3ncc(-c4cnn(C)c4)nc3c2)c1,7.35,0.0,1
CHEMBL3650,COc1cc(OC)cc(N(C/C=C\c2ncccc2OC)c2ccc3ncc(-c4cnn(C)c4)nc3c2)c1,7.32,0.0,1
CHEMBL3650,COc1cc(OC)cc(N(C/C=C\c2ncccn2)c2ccc3ncc(-c4cnn(C)c4)nc3c2)c1,7.74,0.0,1
CHEMBL3650,COc1cc(OC)cc(N(CC#CC(C)(C)O)c2ccc3ncc(-c4cnn(C)c4)nc3c2)c1,8.84,0.0,1
CHEMBL3650,COc1cc(OC)cc(N(CC#CC2(O)CCN(C(=O)OC(C)(C)C)CC2)c2ccc3ncc(-c4cnn(C)c4)nc3c2)c1,6.8,0.0,1
CHEMBL3650,COc1cc(OC)cc(N(CC#CC2(O)CCNC2)c2ccc3ncc(-c4cnn(C)c4)nc3c2)c1,8.06,0.0,1
CHEMBL3650,COc1cc(OC)cc(N(CC#CC2(O)CCNCC2)c2ccc3ncc(-c4cnn(C)c4)nc3c2)c1,8.23,0.0,1
CHEMBL3650,COc1cc(OC)cc(N(CC#CC2(O)CCOC2)c2ccc3ncc(-c4cnn(C)c4)nc3c2)c1,7.53,0.0,1
CHEMBL3650,COc1cc(OC)cc(N(CC#CC2(O)CCOCC2)c2ccc3ncc(-c4cnn(C)c4)nc3c2)c1,7.78,0.0,1
CHEMBL3650,COc1cc(OC)cc(N(CC#CC2(O)CNC2)c2ccc3ncc(-c4cnn(C)c4)nc3c2)c1,8.4,0.0,1
CHEMBL3650,COc1cc(OC)cc(N(CC#CC2CCCCC2)c2ccc3ncc(-c4cnn(C)c4)nc3c2)c1,6.45,0.0,1
CHEMBL3650,COc1cc(OC)cc(N(CC#CC2CCN(C(=O)OC(C)(C)C)CC2)c2ccc3ncc(-c4cnn(C)c4)nc3c2)c1,6.56,0.0,1
CHEMBL3650,COc1cc(OC)cc(N(CC#CC2CCNCC2)c2ccc3ncc(-c4cnn(C)c4)nc3c2)c1,8.15,0.0,1
CHEMBL3650,COc1cc(OC)cc(N(CC#CCO)c2ccc3ncc(-c4cnn(C)c4)nc3c2)c1,8.81,0.0,1
CHEMBL3650,COc1cc(OC)cc(N(CC#Cc2cc(C#N)ccn2)c2ccc3ncc(-c4cnn(C)c4)nc3c2)c1,8.19,0.0,1
CHEMBL3650,COc1cc(OC)cc(N(CC#Cc2cc(C(N)=O)ccn2)c2ccc3ncc(-c4cnn(C)c4)nc3c2)c1,8.75,0.0,1
CHEMBL3650,COc1cc(OC)cc(N(CC#Cc2cc(C)ccn2)c2ccc3ncc(-c4cnn(C)c4)nc3c2)c1,8.05,0.0,1
CHEMBL3650,COc1cc(OC)cc(N(CC#Cc2cc(CO)ccn2)c2ccc3ncc(-c4cnn(C)c4)nc3c2)c1,8.62,0.0,1
CHEMBL3650,COc1cc(OC)cc(N(CC#Cc2cc(Cl)nc(N)n2)c2ccc3ncc(-c4cnn(C)c4)nc3c2)c1,8.19,0.0,1
CHEMBL3650,COc1cc(OC)cc(N(CC#Cc2cc(N)ccn2)c2ccc3ncc(-c4cnn(C)c4)nc3c2)c1,8.78,0.0,1
CHEMBL3650,COc1cc(OC)cc(N(CC#Cc2cc(N)nc(C)n2)c2ccc3ncc(-c4cnn(C)c4)nc3c2)c1,8.22,0.0,1
CHEMBL3650,COc1cc(OC)cc(N(CC#Cc2cc(OC)ccn2)c2ccc3ncc(-c4cnn(C)c4)nc3c2)c1,8.5,0.0,1
CHEMBL3650,COc1cc(OC)cc(N(CC#Cc2cc(OC)ncn2)c2ccc3ncc(-c4cnn(C)c4)nc3c2)c1,7.15,0.0,1
CHEMBL3650,COc1cc(OC)cc(N(CC#Cc2ccc(C#N)cc2)c2ccc3ncc(-c4cnn(C)c4)nc3c2)c1,6.66,0.0,1
CHEMBL3650,COc1cc(OC)cc(N(CC#Cc2ccc(C)cn2)c2ccc3ncc(-c4cnn(C)c4)nc3c2)c1,6.65,0.0,1
CHEMBL3650,COc1cc(OC)cc(N(CC#Cc2ccc(N)cc2)c2ccc3ncc(-c4cnn(C)c4)nc3c2)c1,6.92,0.0,1
CHEMBL3650,COc1cc(OC)cc(N(CC#Cc2cccc(C#N)c2)c2ccc3ncc(-c4cnn(C)c4)nc3c2)c1,7.21,0.0,1
CHEMBL3650,COc1cc(OC)cc(N(CC#Cc2cccc(C#N)n2)c2ccc3ncc(-c4cnn(C)c4)nc3c2)c1,7.77,0.0,1
CHEMBL3650,COc1cc(OC)cc(N(CC#Cc2cccc(CO)n2)c2ccc3ncc(-c4cnn(C)c4)nc3c2)c1,7.55,0.0,1
CHEMBL3650,COc1cc(OC)cc(N(CC#Cc2cccc(N)c2)c2ccc3ncc(-c4cnn(C)c4)nc3c2)c1,6.83,0.0,1
CHEMBL3650,COc1cc(OC)cc(N(CC#Cc2cccc(N)n2)c2ccc3ncc(-c4cnn(C)c4)nc3c2)c1,7.48,0.0,1
CHEMBL3650,COc1cc(OC)cc(N(CC#Cc2cccc(OC)n2)c2ccc3ncc(-c4cnn(C)c4)nc3c2)c1,7.04,0.0,1
CHEMBL3650,COc1cc(OC)cc(N(CC#Cc2ccccc2)c2ccc3ncc(-c4cnn(C)c4)nc3c2)c1,6.58,0.0,1
CHEMBL3650,COc1cc(OC)cc(N(CC#Cc2ccccc2C#N)c2ccc3ncc(-c4cnn(C)c4)nc3c2)c1,6.76,0.0,1
CHEMBL3650,COc1cc(OC)cc(N(CC#Cc2ccccn2)c2ccc3ncc(-c4cnn(C)c4)nc3c2)c1,7.98,0.0,1
CHEMBL3650,COc1cc(OC)cc(N(CC#Cc2cccnc2)c2ccc3ncc(-c4cnn(C)c4)nc3c2)c1,7.24,0.0,1
CHEMBL3650,COc1cc(OC)cc(N(CC#Cc2cccnc2Br)c2ccc3ncc(-c4cnn(C)c4)nc3c2)c1,6.96,0.0,1
CHEMBL3650,COc1cc(OC)cc(N(CC#Cc2ccnc(C#N)c2)c2ccc3ncc(-c4cnn(C)c4)nc3c2)c1,7.12,0.0,1
CHEMBL3650,COc1cc(OC)cc(N(CC#Cc2ccnc(N)n2)c2ccc3ncc(-c4cnn(C)c4)nc3c2)c1,8.72,0.0,1
CHEMBL3650,COc1cc(OC)cc(N(CC#Cc2ccnc(OC)c2)c2ccc3ncc(-c4cnn(C)c4)nc3c2)c1,6.92,0.0,1
CHEMBL3650,COc1cc(OC)cc(N(CC#Cc2ccncc2)c2ccc3ncc(-c4cnn(C)c4)nc3c2)c1,8.57,0.0,1
CHEMBL3650,COc1cc(OC)cc(N(CC#Cc2ccncc2C#N)c2ccc3ncc(-c4cnn(C)c4)nc3c2)c1,8.11,0.0,1
CHEMBL3650,COc1cc(OC)cc(N(CC#Cc2cnc(N)cn2)c2ccc3ncc(-c4cnn(C)c4)nc3c2)c1,7.08,0.0,1
CHEMBL3650,COc1cc(OC)cc(N(CC#Cc2cnccn2)c2ccc3ncc(-c4cnn(C)c4)nc3c2)c1,7.81,0.0,1
CHEMBL3650,COc1cc(OC)cc(N(CC#Cc2cncn2C)c2ccc3ncc(-c4cnn(C)c4)nc3c2)c1,7.76,0.0,1
CHEMBL3650,COc1cc(OC)cc(N(CC#Cc2cnn(C)c2)c2ccc3ncc(-c4cnn(C)c4)nc3c2)c1,7.09,0.0,1
CHEMBL3650,COc1cc(OC)cc(N(CC#Cc2nccc(C)n2)c2ccc3ncc(-c4cnn(C)c4)nc3c2)c1,7.9,0.0,1
CHEMBL3650,COc1cc(OC)cc(N(CC#Cc2nccc(OC(C)C)n2)c2ccc3ncc(-c4cnn(C)c4)nc3c2)c1,7.82,0.0,1
CHEMBL3650,COc1cc(OC)cc(N(CC#Cc2nccc(OC)n2)c2ccc3ncc(-c4cnn(C)c4)nc3c2)c1,8.58,0.0,1
CHEMBL3650,COc1cc(OC)cc(N(CC#Cc2ncccc2C(F)(F)F)c2ccc3ncc(-c4cnn(C)c4)nc3c2)c1,6.79,0.0,1
CHEMBL3650,COc1cc(OC)cc(N(CC#Cc2ncccc2C)c2ccc3ncc(-c4cnn(C)c4)nc3c2)c1,7.65,0.0,1
CHEMBL3650,COc1cc(OC)cc(N(CC#Cc2ncccc2F)c2ccc3ncc(-c4cnn(C)c4)nc3c2)c1,7.35,0.0,1
CHEMBL3650,COc1cc(OC)cc(N(CC#Cc2ncccc2N)c2ccc3ncc(-c4cnn(C)c4)nc3c2)c1,7.98,0.0,1
CHEMBL3650,COc1cc(OC)cc(N(CC#Cc2ncccc2OC)c2ccc3ncc(-c4cnn(C(C)C)c4)nc3c2)c1,7.28,0.0,1
CHEMBL3650,COc1cc(OC)cc(N(CC#Cc2ncccc2OC)c2ccc3ncc(-c4cnn(C)c4)nc3c2)c1,7.31,0.0,1
CHEMBL3650,COc1cc(OC)cc(N(CC#Cc2ncccn2)c2ccc3ncc(-c4cnn(C)c4)nc3c2)c1,8.08,0.0,1
CHEMBL3650,COc1cc(OC)cc(N(CC#Cc2nccn2C)c2ccc3ncc(-c4cnn(C)c4)nc3c2)c1,8.14,0.0,1
CHEMBL3650,COc1cc(OC)cc(N(CC#Cc2nccnc2Cl)c2ccc3ncc(-c4cnn(C)c4)nc3c2)c1,7.9,0.0,1
CHEMBL3650,COc1cc(OC)cc(N(CC#Cc2nccnc2OC)c2ccc3ncc(-c4cnn(C)c4)nc3c2)c1,7.21,0.0,1
CHEMBL3650,COc1cc(OC)cc(N(CC#Cc2nccs2)c2ccc3ncc(-c4cnn(C)c4)nc3c2)c1,8.18,0.0,1
CHEMBL3650,COc1cc(OC)cc(N(CC(=O)NC(C)C)c2ccc3ncc(-c4cnn(C)c4)nc3c2)c1,7.55,0.0,1
CHEMBL3650,COc1cc(OC)cc(N(CC(=O)NCCN)c2ccc3ncc(-c4cnn(C)c4)nc3c2)c1,7.8,0.0,1
CHEMBL3650,COc1cc(OC)cc(N(CC(=O)NCCN2CCCC2)c2ccc3ncc(-c4cnn(C)c4)nc3c2)c1,7.57,0.0,1
CHEMBL3650,COc1cc(OC)cc(N(CC(=O)Nc2cc(C)ccn2)c2ccc3ncc(-c4cnn(C)c4)nc3c2)c1,7.36,0.0,1
CHEMBL3650,COc1cc(OC)cc(N(CC(=O)Nc2cc(O)ccn2)c2ccc3ncc(-c4cnn(C)c4)nc3c2)c1,8.81,0.0,1
CHEMBL3650,COc1cc(OC)cc(N(CC(=O)Nc2nccc(OC)n2)c2ccc3ncc(-c4cnn(C)c4)nc3c2)c1,7.54,0.0,1
CHEMBL3650,COc1cc(OC)cc(N(CC(=O)Nc2ncccc2OC)c2ccc3ncc(-c4cnn(C)c4)nc3c2)c1,7.13,0.0,1
CHEMBL3650,COc1cc(OC)cc(N(CC(=O)O)c2ccc3ncc(-c4cnn(C)c4)nc3c2)c1,7.67,0.0,1
CHEMBL3650,COc1cc(OC)cc(N(CC(C)(C)O)c2ccc3ncc(-c4cn[nH]c4)nc3c2)c1,7.88,0.0,1
CHEMBL3650,COc1cc(OC)cc(N(CC(C)(C)O)c2ccc3ncc(-c4cnn(C)c4)nc3c2)c1,8.1,0.0,1
CHEMBL3650,COc1cc(OC)cc(N(CC(C)N)c2ccc3ncc(-c4cnn(C)c4)nc3c2)c1,8.47,0.0,1
CHEMBL3650,COc1cc(OC)cc(N(CC(C)NC(C)C)c2ccc3ncc(-c4cnn(C)c4)nc3c2)c1,8.82,0.0,1
CHEMBL3650,COc1cc(OC)cc(N(CC(C)NCC(F)(F)F)c2ccc3ncc(-c4cnn(C)c4)nc3c2)c1,8.1,0.0,1
CHEMBL3650,COc1cc(OC)cc(N(CC(C)O)c2ccc3ncc(-c4cnn(C)c4)nc3c2)c1,8.35,0.0,1
CHEMBL3650,COc1cc(OC)cc(N(CC(F)CN)c2ccc3ncc(-c4cnn(C)c4)nc3c2)c1,8.73,0.0,1
CHEMBL3650,COc1cc(OC)cc(N(CC(N)=O)c2ccc3ncc(-c4cnn(C)c4)nc3c2)c1,7.72,0.0,1
CHEMBL3650,COc1cc(OC)cc(N(CC(NC(C)C)C(C)C)c2ccc3ncc(-c4cnn(C)c4)nc3c2)c1,7.44,0.0,2
CHEMBL3650,COc1cc(OC)cc(N(CC(O)C(F)(F)F)c2ccc3ncc(-c4cnn(C(C)C)c4)nc3c2)c1,8.56,0.0,1
CHEMBL3650,COc1cc(OC)cc(N(CC(O)C(F)(F)F)c2ccc3ncc(-c4cnn(C)c4)nc3c2)c1,8.64,0.0,1
CHEMBL3650,COc1cc(OC)cc(N(CC(O)CN)c2ccc3ncc(-c4cnn(C)c4)nc3c2)c1,8.49,0.0,1
CHEMBL3650,COc1cc(OC)cc(N(CC(O)CN2CCCCC2)c2ccc3ncc(-c4cnn(C)c4)nc3c2)c1,8.61,0.0,1
CHEMBL3650,COc1cc(OC)cc(N(CC(O)CN2CCOCC2)c2ccc3ncc(-c4cnn(C)c4)nc3c2)c1,8.32,0.0,1
CHEMBL3650,COc1cc(OC)cc(N(CC(O)CNC(C)C)c2ccc3ncc(-c4cnn(C)c4)nc3c2)c1,8.84,0.0,1
CHEMBL3650,COc1cc(OC)cc(N(CC(O)CNCC(F)(F)F)c2ccc3ncc(-c4cnn(C)c4)nc3c2)c1,8.18,0.0,1
CHEMBL3650,COc1cc(OC)cc(N(CC(O)CO)c2ccc3ncc(-c4cnn(C)c4)nc3c2)c1,8.5,0.0,1
CHEMBL3650,COc1cc(OC)cc(N(CC(OCC(O)C(C)C)C(C)C)c2ccc3ncc(-c4cnn(C)c4)nc3c2)c1,6.69,0.0,2
CHEMBL3650,COc1cc(OC)cc(N(CC2(C)COC2)c2ccc3ncc(-c4cnn(C)c4)nc3c2)c1,7.56,0.0,1
CHEMBL3650,COc1cc(OC)cc(N(CC2(CNC(C)C)COC2)c2ccc3ncc(-c4cnn(C)c4)nc3c2)c1,8.26,0.0,1
CHEMBL3650,COc1cc(OC)cc(N(CC2(OC)CCCNC2)c2ccc3ncc(-c4cnn(C)c4)nc3c2)c1,8.14,0.0,1
CHEMBL3650,COc1cc(OC)cc(N(CC2CC2)c2ccc3ncc(-c4cn[nH]c4)nc3c2)c1,7.93,0.0,1
CHEMBL3650,COc1cc(OC)cc(N(CC2CC2)c2ccc3ncc(-c4cnn(C(C)(C)C(=O)N5CCNCC5)c4)nc3c2)c1,7.73,0.0,1
CHEMBL3650,COc1cc(OC)cc(N(CC2CC2)c2ccc3ncc(-c4cnn(C(C)(C)C(=O)NCCO)c4)nc3c2)c1,8.22,0.0,1
CHEMBL3650,COc1cc(OC)cc(N(CC2CC2)c2ccc3ncc(-c4cnn(C)c4)nc3c2)c1,7.3,0.0,1
CHEMBL3650,COc1cc(OC)cc(N(CC2CC2)c2ccc3ncc(-c4cnn(C5CCN(S(C)(=O)=O)CC5)c4)nc3c2)c1,7.76,0.0,1
CHEMBL3650,COc1cc(OC)cc(N(CC2CC2)c2ccc3ncc(-c4cnn(C5CCNCC5)c4)nc3c2)c1,8.99,0.0,1
CHEMBL3650,COc1cc(OC)cc(N(CC2CC2)c2ccc3ncc(-c4cnn(C5CN(CCO)C5)c4)nc3c2)c1,8.38,0.0,1
CHEMBL3650,COc1cc(OC)cc(N(CC2CC2)c2ccc3ncc(-c4cnn(CC(=O)N(C)C)c4)nc3c2)c1,8.43,0.0,1
CHEMBL3650,COc1cc(OC)cc(N(CC2CC2)c2ccc3ncc(-c4cnn(CC(=O)N5CCC(O)C5)c4)nc3c2)c1,8.25,0.0,1
CHEMBL3650,COc1cc(OC)cc(N(CC2CC2)c2ccc3ncc(-c4cnn(CC(=O)NCCN5CCCC5)c4)nc3c2)c1,8.86,0.0,1
CHEMBL3650,COc1cc(OC)cc(N(CC2CC2)c2ccc3ncc(-c4cnn(CC(=O)NCCO)c4)nc3c2)c1,8.54,0.0,1
CHEMBL3650,COc1cc(OC)cc(N(CC2CC2)c2ccc3ncc(-c4cnn(CC(C)(C)O)c4)nc3c2)c1,8.04,0.0,1
CHEMBL3650,COc1cc(OC)cc(N(CC2CC2)c2ccc3ncc(-c4cnn(CC(C)C)c4)nc3c2)c1,7.26,0.0,1
CHEMBL3650,COc1cc(OC)cc(N(CC2CC2)c2ccc3ncc(-c4cnn(CC(O)CN5CCCCC5)c4)nc3c2)c1,8.72,0.0,1
CHEMBL3650,COc1cc(OC)cc(N(CC2CC2)c2ccc3ncc(-c4cnn(CC(O)CO)c4)nc3c2)c1,8.04,0.0,1
CHEMBL3650,COc1cc(OC)cc(N(CC2CC2)c2ccc3ncc(-c4cnn(CC5(O)CCNCC5)c4)nc3c2)c1,8.78,0.0,1
CHEMBL3650,COc1cc(OC)cc(N(CC2CC2)c2ccc3ncc(-c4cnn(CC5(OC)CCNCC5)c4)nc3c2)c1,8.7,0.0,1
CHEMBL3650,COc1cc(OC)cc(N(CC2CC2)c2ccc3ncc(-c4cnn(CC5CCN(C)CC5)c4)nc3c2)c1,8.8,0.0,1
CHEMBL3650,COc1cc(OC)cc(N(CC2CC2)c2ccc3ncc(-c4cnn(CC5CCNCC5)c4)nc3c2)c1,8.73,0.0,1
CHEMBL3650,COc1cc(OC)cc(N(CC2CC2)c2ccc3ncc(-c4cnn(CCC5CCNCC5)c4)nc3c2)c1,8.9,0.0,1
CHEMBL3650,COc1cc(OC)cc(N(CC2CC2)c2ccc3ncc(-c4cnn(CCCC(=O)NO)c4)nc3c2)c1,7.33,0.0,1
CHEMBL3650,COc1cc(OC)cc(N(CC2CC2)c2ccc3ncc(-c4cnn(CCCCC(=O)NO)c4)nc3c2)c1,6.96,0.0,1
CHEMBL3650,COc1cc(OC)cc(N(CC2CC2)c2ccc3ncc(-c4cnn(CCCCCC(=O)NO)c4)nc3c2)c1,7.51,0.0,1
CHEMBL3650,COc1cc(OC)cc(N(CC2CC2)c2ccc3ncc(-c4cnn(CCCCCCC(=O)NO)c4)nc3c2)c1,6.95,0.0,1
CHEMBL3650,COc1cc(OC)cc(N(CC2CC2)c2ccc3ncc(-c4cnn(CCCCCCCC(=O)NO)c4)nc3c2)c1,7.02,0.0,1
CHEMBL3650,COc1cc(OC)cc(N(CC2CC2)c2ccc3ncc(-c4cnn(CCCN)c4)nc3c2)c1,8.86,0.0,1
CHEMBL3650,COc1cc(OC)cc(N(CC2CC2)c2ccc3ncc(-c4cnn(CCCN5CCN(CCCO)CC5)c4)nc3c2)c1,8.32,0.0,1
CHEMBL3650,COc1cc(OC)cc(N(CC2CC2)c2ccc3ncc(-c4cnn(CCCN5CCOCC5)c4)nc3c2)c1,8.53,0.0,1
CHEMBL3650,COc1cc(OC)cc(N(CC2CC2)c2ccc3ncc(-c4cnn(CCCNCCS(C)(=O)=O)c4)nc3c2)c1,8.16,0.0,1
CHEMBL3650,COc1cc(OC)cc(N(CC2CC2)c2ccc3ncc(-c4cnn(CCF)c4)nc3c2)c1,7.78,0.0,1
CHEMBL3650,COc1cc(OC)cc(N(CC2CC2)c2ccc3ncc(-c4cnn(CCN)c4)nc3c2)c1,8.09,0.0,1
CHEMBL3650,COc1cc(OC)cc(N(CC2CC2)c2ccc3ncc(-c4cnn(CCN5CCCC5)c4)nc3c2)c1,8.27,0.0,1
CHEMBL3650,COc1cc(OC)cc(N(CC2CC2)c2ccc3ncc(-c4cnn(CCN5CCN(CCO)CC5)c4)nc3c2)c1,8.66,0.0,1
CHEMBL3650,COc1cc(OC)cc(N(CC2CC2)c2ccc3ncc(-c4cnn(CCN5CCNCC5)c4)nc3c2)c1,8.66,0.0,1
CHEMBL3650,COc1cc(OC)cc(N(CC2CC2)c2ccc3ncc(-c4cnn(CCNS(=O)(=O)N(C)C)c4)nc3c2)c1,7.83,0.0,1
CHEMBL3650,COc1cc(OC)cc(N(CC2CC2)c2ccc3ncc(-c4cnn(CCNS(C)(=O)=O)c4)nc3c2)c1,8.14,0.0,1
CHEMBL3650,COc1cc(OC)cc(N(CC2CC2)c2ccc3ncc(-c4cnn(CCO)c4)nc3c2)c1,8.35,0.0,1
CHEMBL3650,COc1cc(OC)cc(N(CC2CC2)c2ccc3ncc(-c4cnn(S(=O)(=O)N(C)C)c4)nc3c2)c1,6.17,0.0,1
CHEMBL3650,COc1cc(OC)cc(N(CC2CC2)c2ccc3ncc(-c4cnn(S(C)(=O)=O)c4)nc3c2)c1,7.16,0.0,1
CHEMBL3650,COc1cc(OC)cc(N(CC2CC2c2ccncc2)c2ccc3ncc(-c4cnn(C)c4)nc3c2)c1,7.29,0.0,1
CHEMBL3650,COc1cc(OC)cc(N(CC2CCCC2)c2ccc3ncc(-c4cnn(C)c4)nc3c2)c1,7.35,0.0,1
CHEMBL3650,COc1cc(OC)cc(N(CC2CCCO2)c2ccc3ncc(-c4cnn(C)c4)nc3c2)c1,8.29,0.0,1
CHEMBL3650,COc1cc(OC)cc(N(CC2CCN(C(C)C)CC2)c2ccc3ncc(-c4cnn(C)c4)nc3c2)c1,7.6,0.0,1
CHEMBL3650,COc1cc(OC)cc(N(CC2CCN(C)CC2)c2ccc3ncc(-c4cnn(C)c4)nc3c2)c1,8.31,0.0,1
CHEMBL3650,COc1cc(OC)cc(N(CC2CCN(CC(F)(F)F)CC2)c2ccc3ncc(-c4cnn(C)c4)nc3c2)c1,7.39,0.0,1
CHEMBL3650,COc1cc(OC)cc(N(CC2CCNCC2)c2ccc3ncc(-c4cnn(C)c4)nc3c2)c1,8.57,0.0,1
CHEMBL3650,COc1cc(OC)cc(N(CC2CCOCC2)c2ccc3ncc(-c4cnn(C)c4)nc3c2)c1,8.07,0.0,1
CHEMBL3650,COc1cc(OC)cc(N(CC2CN(Cc3ccccc3)CCN2Cc2ccccc2)c2ccc3ncc(-c4cnn(C)c4)nc3c2)c1,7.17,0.0,1
CHEMBL3650,COc1cc(OC)cc(N(CC2CN(Cc3ccccc3)CCO2)c2ccc3ncc(-c4cnn(C)c4)nc3c2)c1,8.21,0.0,1
CHEMBL3650,COc1cc(OC)cc(N(CC2CO2)c2ccc3ncc(-c4cnn(C)c4)nc3c2)c1,8.46,0.0,1
CHEMBL3650,COc1cc(OC)cc(N(CC2COCC(C)(C)N2)c2ccc3ncc(-c4cnn(C)c4)nc3c2)c1,9.12,0.0,1
CHEMBL3650,COc1cc(OC)cc(N(CC2COCCN2)c2ccc3ncc(-c4cnn(C)c4)nc3c2)c1,8.66,0.0,1
CHEMBL3650,COc1cc(OC)cc(N(CC2OCCO2)c2ccc3ncc(-c4cnn(C)c4)nc3c2)c1,8.42,0.0,1
CHEMBL3650,COc1cc(OC)cc(N(CCC#Cc2ccccc2)c2ccc3ncc(-c4cnn(C)c4)nc3c2)c1,6.59,0.0,1
CHEMBL3650,COc1cc(OC)cc(N(CCC#N)c2ccc3ncc(-c4cnn(C)c4)nc3c2)c1,8.77,0.0,1
CHEMBL3650,COc1cc(OC)cc(N(CCC#N)c2ccc3ncc(-c4cnn(CCO)c4)nc3c2)c1,8.81,0.0,1
CHEMBL3650,COc1cc(OC)cc(N(CCC(=O)N(C)OC)c2ccc3ncc(-c4cnn(C)c4)nc3c2)c1,8.29,0.0,1
CHEMBL3650,COc1cc(OC)cc(N(CCC(=O)NC(C)C)c2ccc3ncc(-c4cnn(C)c4)nc3c2)c1,7.98,0.0,1
CHEMBL3650,COc1cc(OC)cc(N(CCC(=O)NCC(F)(F)F)c2ccc3ncc(-c4cnn(C)c4)nc3c2)c1,9.01,0.0,1
CHEMBL3650,COc1cc(OC)cc(N(CCC(=O)O)c2ccc3ncc(-c4cnn(C)c4)nc3c2)c1,8.19,0.0,1
CHEMBL3650,COc1cc(OC)cc(N(CCC(C)(C)O)c2ccc3ncc(-c4cnn(C)c4)nc3c2)c1,8.9,0.0,1
CHEMBL3650,COc1cc(OC)cc(N(CCC2CCN(C(C)C)CC2)c2ccc3ncc(-c4cnn(C)c4)nc3c2)c1,8.9,0.0,1
CHEMBL3650,COc1cc(OC)cc(N(CCC2CCNCC2)c2ccc3ncc(-c4cnn(C)c4)nc3c2)c1,8.85,0.0,1
CHEMBL3650,COc1cc(OC)cc(N(CCCC#N)c2ccc3ncc(-c4cnn(C)c4)nc3c2)c1,8.62,0.0,1
CHEMBL3650,COc1cc(OC)cc(N(CCCCCC(=O)NO)c2ccc3ncc(-c4cnn(C)c4)nc3c2)c1,7.75,0.0,1
CHEMBL3650,COc1cc(OC)cc(N(CCCCN)c2ccc3ncc(-c4cnn(C)c4)nc3c2)c1,8.64,0.0,1
CHEMBL3650,COc1cc(OC)cc(N(CCCN)c2ccc3ncc(-c4cn[nH]c4)nc3c2)c1,9.21,0.0,1
CHEMBL3650,COc1cc(OC)cc(N(CCCN)c2ccc3ncc(-c4cnn(C(C)C)c4)nc3c2)c1,9.21,0.0,1
CHEMBL3650,COc1cc(OC)cc(N(CCCN)c2ccc3ncc(-c4cnn(C)c4)nc3c2)c1,8.85,0.0,1
CHEMBL3650,COc1cc(OC)cc(N(CCCN)c2ccc3ncc(-c4cnn(CCS(C)(=O)=O)c4)nc3c2)c1,8.92,0.0,1
CHEMBL3650,COc1cc(OC)cc(N(CCCN2CC(O)C2)c2ccc3ncc(-c4cnn(C)c4)nc3c2)c1,9.35,0.0,1
CHEMBL3650,COc1cc(OC)cc(N(CCCN2CC=CCC2)c2ccc3ncc(-c4cnn(C)c4)nc3c2)c1,8.76,0.0,1
CHEMBL3650,COc1cc(OC)cc(N(CCCN2CCC(C(F)(F)F)CC2)c2ccc3ncc(-c4cnn(C)c4)nc3c2)c1,8.58,0.0,1
CHEMBL3650,COc1cc(OC)cc(N(CCCN2CCC(F)(F)C2)c2ccc3ncc(-c4cn[nH]c4)nc3c2)c1,8.1,0.0,2
CHEMBL3650,COc1cc(OC)cc(N(CCCN2CCC(F)(F)C2)c2ccc3ncc(-c4cnn(C)c4)nc3c2)c1,8.06,0.0,1
CHEMBL3650,COc1cc(OC)cc(N(CCCN2CCC(F)(F)C2)c2ccc3ncc(-c4cnn(CC5CCOCC5)c4)nc3c2)c1,8.24,0.0,1
CHEMBL3650,COc1cc(OC)cc(N(CCCN2CCC(F)C2)c2ccc3ncc(-c4cnn(C)c4)nc3c2)c1,9.01,0.0,1
CHEMBL3650,COc1cc(OC)cc(N(CCCN2CCC(N)C2)c2ccc3ncc(-c4cnn(C)c4)nc3c2)c1,9.14,0.0,1
CHEMBL3650,COc1cc(OC)cc(N(CCCN2CCC(N3CCCCC3)C2)c2ccc3ncc(-c4cnn(C)c4)nc3c2)c1,8.8,0.0,1
CHEMBL3650,COc1cc(OC)cc(N(CCCN2CCC(N3C[C@@H](C)O[C@@H](C)C3)C2)c2ccc3ncc(-c4cnn(C)c4)nc3c2)c1,8.54,0.0,1
CHEMBL3650,COc1cc(OC)cc(N(CCCN2CCC(O)C2)c2ccc3ncc(-c4cnn(C)c4)nc3c2)c1,8.87,0.0,1
CHEMBL3650,COc1cc(OC)cc(N(CCCN2CCC(OC)CC2)c2ccc3ncc(-c4cnn(C)c4)nc3c2)c1,8.74,0.0,1
CHEMBL3650,COc1cc(OC)cc(N(CCCN2CCC(S(C)(=O)=O)C2)c2ccc3ncc(-c4cnn(C)c4)nc3c2)c1,8.9,0.0,1
CHEMBL3650,COc1cc(OC)cc(N(CCCN2CCCC(C(N)=O)C2)c2ccc3ncc(-c4cnn(C)c4)nc3c2)c1,8.62,0.0,1
CHEMBL3650,COc1cc(OC)cc(N(CCCN2CCCC2(C)C)c2ccc3ncc(-c4cnn(C)c4)nc3c2)c1,8.76,0.0,1
CHEMBL3650,COc1cc(OC)cc(N(CCCN2CCCC2)c2ccc3ncc(-c4cn[nH]c4)nc3c2)c1,9.07,0.0,1
CHEMBL3650,COc1cc(OC)cc(N(CCCN2CCCC2)c2ccc3ncc(-c4cnn(C(C)C)c4)nc3c2)c1,8.74,0.0,1
CHEMBL3650,COc1cc(OC)cc(N(CCCN2CCCC2)c2ccc3ncc(-c4cnn(C)c4)nc3c2)c1,9.12,0.0,1
CHEMBL3650,COc1cc(OC)cc(N(CCCN2CCCC2)c2ccc3ncc(-c4cnn(CCO)c4)nc3c2)c1,8.97,0.0,1
CHEMBL3650,COc1cc(OC)cc(N(CCCN2CCCC2)c2ccc3ncc(-c4cnn(CCS(C)(=O)=O)c4)nc3c2)c1,8.86,0.0,1
CHEMBL3650,COc1cc(OC)cc(N(CCCN2CCCC2=O)c2ccc3ncc(-c4cnn(C(C)C)c4)nc3c2)c1,8.33,0.0,1
CHEMBL3650,COc1cc(OC)cc(N(CCCN2CCCC2=O)c2ccc3ncc(-c4cnn(C)c4)nc3c2)c1,8.12,0.0,1
CHEMBL3650,COc1cc(OC)cc(N(CCCN2CCCCC2)c2ccc3ncc(-c4cnn(C)c4)nc3c2)c1,9.26,0.0,1
CHEMBL3650,COc1cc(OC)cc(N(CCCN2CCCCC2C)c2ccc3ncc(-c4cnn(C)c4)nc3c2)c1,8.94,0.0,1
CHEMBL3650,COc1cc(OC)cc(N(CCCN2CCC[C@@H]2C)c2ccc3ncc(-c4cnn(C)c4)nc3c2)c1,9.23,0.0,1
CHEMBL3650,COc1cc(OC)cc(N(CCCN2CCC[C@@H]2CC#N)c2ccc3ncc(-c4cnn(C)c4)nc3c2)c1,8.7,0.0,1
CHEMBL3650,COc1cc(OC)cc(N(CCCN2CCC[C@@H]2CO)c2ccc3ncc(-c4cnn(C)c4)nc3c2)c1,9.05,0.0,1
CHEMBL3650,COc1cc(OC)cc(N(CCCN2CCC[C@H]2C)c2ccc3ncc(-c4cnn(C)c4)nc3c2)c1,8.85,0.0,1
CHEMBL3650,COc1cc(OC)cc(N(CCCN2CCC[C@H]2CC#N)c2ccc3ncc(-c4cnn(C)c4)nc3c2)c1,8.69,0.0,1
CHEMBL3650,COc1cc(OC)cc(N(CCCN2CCC[C@H]2CO)c2ccc3ncc(-c4cnn(C)c4)nc3c2)c1,9.0,0.0,1
CHEMBL3650,COc1cc(OC)cc(N(CCCN2CCNCC2)c2ccc3ncc(-c4cnn(C)c4)nc3c2)c1,8.35,0.0,1
CHEMBL3650,COc1cc(OC)cc(N(CCCN2CCOC2=O)c2ccc3ncc(-c4cnn(C)c4)nc3c2)c1,8.31,0.0,1
CHEMBL3650,COc1cc(OC)cc(N(CCCN2CCOCC2)c2ccc3ncc(-c4cnn(C)c4)nc3c2)c1,8.57,0.0,1
CHEMBL3650,COc1cc(OC)cc(N(CCCN2CCS(=O)(=O)CC2)c2ccc3ncc(-c4cnn(C)c4)nc3c2)c1,7.95,0.0,1
CHEMBL3650,COc1cc(OC)cc(N(CCCN2C[C@@H](C)N[C@@H](C)C2)c2ccc3ncc(-c4cnn(C)c4)nc3c2)c1,7.77,0.0,1
CHEMBL3650,COc1cc(OC)cc(N(CCCN2C[C@@H](C)O[C@@H](C)C2)c2ccc3ncc(-c4cnn(C)c4)nc3c2)c1,8.57,0.0,1
CHEMBL3650,COc1cc(OC)cc(N(CCCN2[C@@H](C)CC[C@@H]2C)c2ccc3ncc(-c4cnn(C)c4)nc3c2)c1,8.53,0.0,1
CHEMBL3650,COc1cc(OC)cc(N(CCCN2[C@H](C)CC[C@@H]2C)c2ccc3ncc(-c4cnn(C)c4)nc3c2)c1,8.629999999999999,0.08485281374238453,2
CHEMBL3650,COc1cc(OC)cc(N(CCCNC(=O)C(C)(O)C(F)(F)F)c2ccc3ncc(-c4cnn(C)c4)nc3c2)c1,8.77,0.0,2
CHEMBL3650,COc1cc(OC)cc(N(CCCNC(=O)C(F)(F)F)c2ccc3ncc(-c4cn[nH]c4)nc3c2)c1,9.12,0.0,1
CHEMBL3650,COc1cc(OC)cc(N(CCCNC(=O)C(F)(F)F)c2ccc3ncc(-c4cnn(C)c4)nc3c2)c1,8.96,0.0,1
CHEMBL3650,COc1cc(OC)cc(N(CCCNC(C)(C)CF)c2ccc3ncc(-c4cnn(C)c4)nc3c2)c1,8.93,0.0,1
CHEMBL3650,COc1cc(OC)cc(N(CCCNC(C)C)c2ccc3ncc(-c4cnn(C)c4)nc3c2)c1,8.920000000000002,0.05656854249492448,2
CHEMBL3650,COc1cc(OC)cc(N(CCCNCC(C)(F)F)c2ccc3ncc(-c4cnn(C)c4)nc3c2)c1,8.58,0.0,1
CHEMBL3650,COc1cc(OC)cc(N(CCCNCC(F)(F)F)c2ccc3ncc(-c4cn[nH]c4)nc3c2)c1,8.15,0.0,1
CHEMBL3650,COc1cc(OC)cc(N(CCCNCC(F)(F)F)c2ccc3ncc(-c4cnn(C(C)C)c4)nc3c2)c1,7.99,0.0,1
CHEMBL3650,COc1cc(OC)cc(N(CCCNCC(F)(F)F)c2ccc3ncc(-c4cnn(C)c4)nc3c2)c1,7.91,0.0,1
CHEMBL3650,COc1cc(OC)cc(N(CCCNCC(F)(F)F)c2ccc3ncc(-c4cnn(CCCN)c4)nc3c2)c1,8.45,0.0,1
CHEMBL3650,COc1cc(OC)cc(N(CCCNCC(F)F)c2ccc3ncc(-c4cnn(C)c4)nc3c2)c1,8.8,0.0,1
CHEMBL3650,COc1cc(OC)cc(N(CCCNCC(N)=O)c2ccc3ncc(-c4cnn(C)c4)nc3c2)c1,9.0,0.0,1
CHEMBL3650,COc1cc(OC)cc(N(CCCNCCC#N)c2ccc3ncc(-c4cnn(C)c4)nc3c2)c1,8.73,0.0,1
CHEMBL3650,COc1cc(OC)cc(N(CCCO)c2ccc3ncc(-c4c(C)nn(C)c4C)nc3c2)c1,7.31,0.0,1
CHEMBL3650,COc1cc(OC)cc(N(CCCO)c2ccc3ncc(-c4cn[nH]c4)nc3c2)c1,8.76,0.0,1
CHEMBL3650,COc1cc(OC)cc(N(CCCO)c2ccc3ncc(-c4cnn(C(C)C)c4)nc3c2)c1,8.32,0.0,1
CHEMBL3650,COc1cc(OC)cc(N(CCCO)c2ccc3ncc(-c4cnn(C)c4)nc3c2)c1,8.71,0.0,1
CHEMBL3650,COc1cc(OC)cc(N(CCCO)c2ccc3ncc(-c4cnn(C5CCCCO5)c4)nc3c2)c1,8.93,0.0,1
CHEMBL3650,COc1cc(OC)cc(N(CCCO)c2ccc3ncc(-c4cnn(CCO)c4)nc3c2)c1,8.62,0.0,1
CHEMBL3650,COc1cc(OC)cc(N(CCCO)c2ccc3ncc(-c4cnn(CCS(C)(=O)=O)c4)nc3c2)c1,8.6,0.0,1
CHEMBL3650,COc1cc(OC)cc(N(CCCc2cc(C)ccn2)c2ccc3ncc(-c4cnn(C)c4)nc3c2)c1,8.05,0.0,1
CHEMBL3650,COc1cc(OC)cc(N(CCCc2ccncc2)c2ccc3ncc(-c4cnn(C)c4)nc3c2)c1,8.42,0.0,1
CHEMBL3650,COc1cc(OC)cc(N(CCCc2nccc(OC)n2)c2ccc3ncc(-c4cnn(C)c4)nc3c2)c1,7.55,0.0,1
CHEMBL3650,COc1cc(OC)cc(N(CCCc2ncccc2OC)c2ccc3ncc(-c4cnn(C)c4)nc3c2)c1,7.58,0.0,1
CHEMBL3650,COc1cc(OC)cc(N(CCCc2ncccn2)c2ccc3ncc(-c4cnn(C)c4)nc3c2)c1,7.73,0.0,1
CHEMBL3650,COc1cc(OC)cc(N(CCCn2c(C)cnc2C)c2ccc3ncc(-c4cnn(C)c4)nc3c2)c1,8.0,0.0,1
CHEMBL3650,COc1cc(OC)cc(N(CCCn2ccnc2C)c2ccc3ncc(-c4cnn(C)c4)nc3c2)c1,8.18,0.0,1
CHEMBL3650,COc1cc(OC)cc(N(CCF)c2ccc3ncc(-c4cnn(C)c4)nc3c2)c1,8.56,0.0,1
CHEMBL3650,COc1cc(OC)cc(N(CCN(C)C(C)C)c2ccc3ncc(-c4cnn(C)c4)nc3c2)c1,8.85,0.0,1
CHEMBL3650,COc1cc(OC)cc(N(CCN(C)C)c2ccc3ncc(-c4cnn(C)c4)nc3c2)c1,8.81,0.0,1
CHEMBL3650,COc1cc(OC)cc(N(CCN(CCCN)C(C)C)c2ccc3ncc(-c4cnn(C)c4)nc3c2)c1,8.49,0.0,1
CHEMBL3650,COc1cc(OC)cc(N(CCN(Cc2ccc(N)cc2)C(C)C)c2ccc3ncc(-c4cnn(C)c4)nc3c2)c1,8.41,0.0,1
CHEMBL3650,COc1cc(OC)cc(N(CCN)c2ccc3ncc(-c4cn[nH]c4)nc3c2)c1,8.62,0.0,1
CHEMBL3650,COc1cc(OC)cc(N(CCN)c2ccc3ncc(-c4cnn(C(C)C)c4)nc3c2)c1,8.75,0.0,1
CHEMBL3650,COc1cc(OC)cc(N(CCN)c2ccc3ncc(-c4cnn(C)c4)nc3c2)c1,8.66,0.0,1
CHEMBL3650,COc1cc(OC)cc(N(CCN)c2ccc3ncc(-c4cnn(CC5CCOCC5)c4)nc3c2)c1,8.93,0.0,1
CHEMBL3650,COc1cc(OC)cc(N(CCN)c2ccc3ncc(-c4cnn(CCS(C)(=O)=O)c4)nc3c2)c1,8.96,0.0,1
CHEMBL3650,COc1cc(OC)cc(N(CCN2C(=O)c3ccccc3C2=O)c2ccc3ncc(-c4cnn(C)c4)nc3c2)c1,6.95,0.0,1
CHEMBL3650,COc1cc(OC)cc(N(CCN2C(C)CCCC2C)c2ccc3ncc(-c4cnn(C)c4)nc3c2)c1,8.62,0.0,1
CHEMBL3650,COc1cc(OC)cc(N(CCN2CC(C)(C)N=C2C)c2ccc3ncc(-c4cnn(C)c4)nc3c2)c1,6.8,0.0,1
CHEMBL3650,COc1cc(OC)cc(N(CCN2CC3(COC3)C2)c2ccc3ncc(-c4cnn(C)c4)nc3c2)c1,8.53,0.0,1
CHEMBL3650,COc1cc(OC)cc(N(CCN2CC=CCC2)c2ccc3ncc(-c4cnn(C)c4)nc3c2)c1,8.54,0.0,1
CHEMBL3650,COc1cc(OC)cc(N(CCN2CCC(C(C)(C)O)CC2)c2ccc3ncc(-c4cnn(C(C)C)c4)nc3c2)c1,8.53,0.0,1
CHEMBL3650,COc1cc(OC)cc(N(CCN2CCC(C(C)(C)O)CC2)c2ccc3ncc(-c4cnn(C)c4)nc3c2)c1,8.46,0.0,1
CHEMBL3650,COc1cc(OC)cc(N(CCN2CCC(CCO)CC2)c2ccc3ncc(-c4cnn(C)c4)nc3c2)c1,8.7,0.0,1
CHEMBL3650,COc1cc(OC)cc(N(CCN2CCC(CO)CC2)c2ccc3ncc(-c4cnn(C)c4)nc3c2)c1,8.71,0.0,1
CHEMBL3650,COc1cc(OC)cc(N(CCN2CCC(F)(F)CC2)c2ccc3ncc(-c4cnn(C)c4)nc3c2)c1,7.9,0.0,1
CHEMBL3650,COc1cc(OC)cc(N(CCN2CCC(N(C)C)C2)c2ccc3ncc(-c4cnn(C)c4)nc3c2)c1,8.74,0.0,1
CHEMBL3650,COc1cc(OC)cc(N(CCN2CCC(N(C)C)CC2)c2ccc3ncc(-c4cnn(C)c4)nc3c2)c1,8.34,0.0,1
CHEMBL3650,COc1cc(OC)cc(N(CCN2CCC(N)C2)c2ccc3ncc(-c4cnn(C)c4)nc3c2)c1,8.85,0.0,1
CHEMBL3650,COc1cc(OC)cc(N(CCN2CCC(N)CC2)c2ccc3ncc(-c4cnn(C)c4)nc3c2)c1,8.23,0.0,1
CHEMBL3650,COc1cc(OC)cc(N(CCN2CCC(O)C2)c2ccc3ncc(-c4cnn(C)c4)nc3c2)c1,8.82,0.0,1
CHEMBL3650,COc1cc(OC)cc(N(CCN2CCCC(C#N)C2)c2ccc3ncc(-c4cnn(C)c4)nc3c2)c1,8.15,0.0,1
CHEMBL3650,COc1cc(OC)cc(N(CCN2CCCC(C(N)=O)C2)c2ccc3ncc(-c4cnn(C)c4)nc3c2)c1,8.74,0.0,1
CHEMBL3650,COc1cc(OC)cc(N(CCN2CCCC(N)C2)c2ccc3ncc(-c4cnn(C)c4)nc3c2)c1,8.41,0.0,1
CHEMBL3650,COc1cc(OC)cc(N(CCN2CCCC2)c2ccc3ncc(-c4cn[nH]c4)nc3c2)c1,8.78,0.0,1
CHEMBL3650,COc1cc(OC)cc(N(CCN2CCCC2)c2ccc3ncc(-c4cnn(C)c4)nc3c2)c1,8.97,0.0,1
CHEMBL3650,COc1cc(OC)cc(N(CCN2CCCC2=O)c2ccc3ncc(-c4cnn(C)c4)nc3c2)c1,7.48,0.0,1
CHEMBL3650,COc1cc(OC)cc(N(CCN2CCCCC2)c2ccc3ncc(-c4cnn(C)c4)nc3c2)c1,8.81,0.0,1
CHEMBL3650,COc1cc(OC)cc(N(CCN2CCCCC2C)c2ccc3ncc(-c4cnn(C)c4)nc3c2)c1,8.91,0.0,1
CHEMBL3650,COc1cc(OC)cc(N(CCN2CCCNCC2)c2ccc3ncc(-c4cnn(C)c4)nc3c2)c1,8.32,0.0,1
CHEMBL3650,COc1cc(OC)cc(N(CCN2CCC[C@@H]2C)c2ccc3ncc(-c4cnn(C)c4)nc3c2)c1,8.6,0.0,1
CHEMBL3650,COc1cc(OC)cc(N(CCN2CCC[C@@H]2CO)c2ccc3ncc(-c4cnn(C)c4)nc3c2)c1,8.75,0.0,1
CHEMBL3650,COc1cc(OC)cc(N(CCN2CCC[C@H]2C(=O)O)c2ccc3ncc(-c4cnn(C)c4)nc3c2)c1,8.47,0.0,1
CHEMBL3650,COc1cc(OC)cc(N(CCN2CCC[C@H]2C)c2ccc3ncc(-c4cnn(C)c4)nc3c2)c1,8.81,0.0,1
CHEMBL3650,COc1cc(OC)cc(N(CCN2CCC[C@H]2CO)c2ccc3ncc(-c4cnn(C)c4)nc3c2)c1,8.69,0.0,1
CHEMBL3650,COc1cc(OC)cc(N(CCN2CCN(C(=O)C3CC3)CC2)c2ccc3ncc(-c4cnn(C)c4)nc3c2)c1,8.14,0.0,1
CHEMBL3650,COc1cc(OC)cc(N(CCN2CCN(C(C)=O)CC2)c2ccc3ncc(-c4cnn(C)c4)nc3c2)c1,8.01,0.0,1
CHEMBL3650,COc1cc(OC)cc(N(CCN2CCN(C)CC2)c2ccc3ncc(-c4cnn(C)c4)nc3c2)c1,8.44,0.0,1
CHEMBL3650,COc1cc(OC)cc(N(CCN2CCN(CCO)CC2)c2ccc3ncc(-c4cnn(C)c4)nc3c2)c1,8.44,0.0,1
CHEMBL3650,COc1cc(OC)cc(N(CCN2CCNC(=O)C2)c2ccc3ncc(-c4cnn(C)c4)nc3c2)c1,7.92,0.0,1
CHEMBL3650,COc1cc(OC)cc(N(CCN2CCNCC2)c2ccc3ncc(-c4cnn(C)c4)nc3c2)c1,8.43,0.0,1
CHEMBL3650,COc1cc(OC)cc(N(CCN2CCOC2=O)c2ccc3ncc(-c4cnn(C)c4)nc3c2)c1,7.5,0.0,1
CHEMBL3650,COc1cc(OC)cc(N(CCN2CCOCC2)c2ccc3ncc(-c4cnn(C)c4)nc3c2)c1,8.06,0.0,1
CHEMBL3650,COc1cc(OC)cc(N(CCN2CC[C@H](C#N)C2)c2ccc3ncc(-c4cn[nH]c4)nc3c2)c1,8.44,0.0,1
CHEMBL3650,COc1cc(OC)cc(N(CCN2CC[C@H](C#N)C2)c2ccc3ncc(-c4cnn(C)c4)nc3c2)c1,8.52,0.0,1
CHEMBL3650,COc1cc(OC)cc(N(CCN2C[C@@H](C)O[C@@H](C)C2)c2ccc3ncc(-c4cnn(C)c4)nc3c2)c1,8.07,0.0,1
CHEMBL3650,COc1cc(OC)cc(N(CCN2C[C@@H]3C[C@H]2CN3)c2ccc3ncc(-c4cnn(C)c4)nc3c2)c1,8.57,0.0,1
CHEMBL3650,COc1cc(OC)cc(N(CCN2C[C@@H]3C[C@H]2CN3C(=O)OC(C)(C)C)c2ccc3ncc(-c4cnn(C)c4)nc3c2)c1,7.73,0.0,1
CHEMBL3650,COc1cc(OC)cc(N(CCN2[C@@H](C)CC[C@@H]2C)c2ccc3ncc(-c4cnn(C)c4)nc3c2)c1,8.43,0.0,1
CHEMBL3650,COc1cc(OC)cc(N(CCNC(=O)C(C)(O)C(F)(F)F)c2ccc3ncc(-c4cnn(C)c4)nc3c2)c1,8.77,0.0,1
CHEMBL3650,COc1cc(OC)cc(N(CCNC(=O)C(F)(F)F)c2ccc3ncc(-c4cnn(C)c4)nc3c2)c1,8.63,0.0,1
CHEMBL3650,COc1cc(OC)cc(N(CCNC(=O)C2CC2)c2ccc3ncc(-c4cnn(C)c4)nc3c2)c1,8.58,0.0,1
CHEMBL3650,COc1cc(OC)cc(N(CCNC(=O)C2CCCN(C)C2)c2ccc3ncc(-c4cnn(C)c4)nc3c2)c1,8.47,0.0,1
CHEMBL3650,COc1cc(OC)cc(N(CCNC(C)=O)c2ccc3ncc(-c4cnn(C)c4)nc3c2)c1,8.74,0.0,1
CHEMBL3650,COc1cc(OC)cc(N(CCNC(C)C)c2ccc3nc(-c4cnn(C)c4)cnc3c2)c1,9.7,0.0,1
CHEMBL3650,COc1cc(OC)cc(N(CCNC(C)C)c2ccc3ncc(-c4c(C)nn(C)c4C)nc3c2)c1,8.09,0.0,1
CHEMBL3650,COc1cc(OC)cc(N(CCNC(C)C)c2ccc3ncc(-c4cn(C)nc4C(F)(F)F)nc3c2)c1,8.6,0.0,1
CHEMBL3650,COc1cc(OC)cc(N(CCNC(C)C)c2ccc3ncc(-c4cn[nH]c4)nc3c2)c1,8.79,0.0,1
CHEMBL3650,COc1cc(OC)cc(N(CCNC(C)C)c2ccc3ncc(-c4cnn(C(C)C)c4)nc3c2)c1,8.76,0.0,1
CHEMBL3650,COc1cc(OC)cc(N(CCNC(C)C)c2ccc3ncc(-c4cnn(C)c4)nc3c2)c1,8.302857142857144,1.3911711407505343,7
CHEMBL3650,COc1cc(OC)cc(N(CCNC(C)C)c2ccc3ncc(-c4cnn(C)c4C)nc3c2)c1,8.8,0.0,1
CHEMBL3650,COc1cc(OC)cc(N(CCNC(C)C)c2ccc3ncc(-c4cnn(C)c4CN(C)C)nc3c2)c1,7.9,0.0,1
CHEMBL3650,COc1cc(OC)cc(N(CCNC(C)C)c2ccc3ncc(-c4cnn(C)c4CO)nc3c2)c1,8.74,0.0,1
CHEMBL3650,COc1cc(OC)cc(N(CCNC(C)C)c2ccc3ncc(-c4cnn(C5CCN(C(=O)OC(C)(C)C)CC5)c4)nc3c2)c1,9.17,0.0,1
CHEMBL3650,COc1cc(OC)cc(N(CCNC(C)C)c2ccc3ncc(-c4cnn(C5CCN(C)CC5)c4)nc3c2)c1,8.85,0.0,1
CHEMBL3650,COc1cc(OC)cc(N(CCNC(C)C)c2ccc3ncc(-c4cnn(C5CCNCC5)c4)nc3c2)c1,9.44,0.0,1
CHEMBL3650,COc1cc(OC)cc(N(CCNC(C)C)c2ccc3ncc(-c4cnn(CC5CCOCC5)c4)nc3c2)c1,8.82,0.0,1
CHEMBL3650,COc1cc(OC)cc(N(CCNC(C)C)c2ccc3ncc(-c4cnn(CCC#N)c4)nc3c2)c1,8.86,0.0,1
CHEMBL3650,COc1cc(OC)cc(N(CCNC(C)C)c2ccc3ncc(-c4cnn(CCC(=O)NO)c4)nc3c2)c1,9.55,0.0,1
CHEMBL3650,COc1cc(OC)cc(N(CCNC(C)C)c2ccc3ncc(-c4cnn(CCC(=O)Nc5ccc(C(=O)NO)cc5)c4)nc3c2)c1,9.42,0.0,1
CHEMBL3650,COc1cc(OC)cc(N(CCNC(C)C)c2ccc3ncc(-c4cnn(CCCC(=O)NO)c4)nc3c2)c1,9.6,0.0,1
CHEMBL3650,COc1cc(OC)cc(N(CCNC(C)C)c2ccc3ncc(-c4cnn(CCCCC(=O)NO)c4)nc3c2)c1,9.64,0.0,1
CHEMBL3650,COc1cc(OC)cc(N(CCNC(C)C)c2ccc3ncc(-c4cnn(CCCCCC(=O)NO)c4)nc3c2)c1,9.62,0.0,1
CHEMBL3650,COc1cc(OC)cc(N(CCNC(C)C)c2ccc3ncc(-c4cnn(CCCCCCC(=O)NO)c4)nc3c2)c1,9.74,0.0,1
CHEMBL3650,COc1cc(OC)cc(N(CCNC(C)C)c2ccc3ncc(-c4cnn(CCCCCCCC(=O)NO)c4)nc3c2)c1,9.59,0.0,1
CHEMBL3650,COc1cc(OC)cc(N(CCNC(C)C)c2ccc3ncc(-c4cnn(CCCCCCCCC(=O)NO)c4)nc3c2)c1,9.49,0.0,1
CHEMBL3650,COc1cc(OC)cc(N(CCNC(C)C)c2ccc3ncc(-c4cnn(CCCCCOc5ccc(C(=O)NO)cc5)c4)nc3c2)c1,9.42,0.0,1
CHEMBL3650,COc1cc(OC)cc(N(CCNC(C)C)c2ccc3ncc(-c4cnn(CCCCOc5ccc(C(=O)NO)cc5)c4)nc3c2)c1,9.43,0.0,1
CHEMBL3650,COc1cc(OC)cc(N(CCNC(C)C)c2ccc3ncc(-c4cnn(CCCN)c4)nc3c2)c1,9.11,0.0,1
CHEMBL3650,COc1cc(OC)cc(N(CCNC(C)C)c2ccc3ncc(-c4cnn(CCCN5CCN(CCCO)CC5)c4)nc3c2)c1,8.66,0.0,1
CHEMBL3650,COc1cc(OC)cc(N(CCNC(C)C)c2ccc3ncc(-c4cnn(CCCN5CCN(CCO)CC5)c4)nc3c2)c1,8.81,0.0,1
CHEMBL3650,COc1cc(OC)cc(N(CCNC(C)C)c2ccc3ncc(-c4cnn(CCCOc5ccc(C(=O)NO)cc5)c4)nc3c2)c1,9.46,0.0,1
CHEMBL3650,COc1cc(OC)cc(N(CCNC(C)C)c2ccc3ncc(-c4cnn(CCOc5ccc(C(=O)NO)cc5)c4)nc3c2)c1,9.62,0.0,1
CHEMBL3650,COc1cc(OC)cc(N(CCNC(C)C)c2ccc3ncc(-c4cnn(CCc5ccc(C(=O)NO)cc5)c4)nc3c2)c1,9.43,0.0,1
CHEMBL3650,COc1cc(OC)cc(N(CCNC(C)C)c2ccc3ncc(-c4cnn(Cc5ccc(/C=C/C(=O)NO)cc5)c4)nc3c2)c1,7.55,0.0,1
CHEMBL3650,COc1cc(OC)cc(N(CCNC(C)C)c2ccc3ncc(-c4cnn(Cc5ccc(C(=O)NO)cc5)c4)nc3c2)c1,8.19,0.0,1
CHEMBL3650,COc1cc(OC)cc(N(CCNC(C)C)c2ccc3ncc(-c4cnn(Cc5ccc(CC(=O)NO)cc5)c4)nc3c2)c1,8.41,0.0,1
CHEMBL3650,COc1cc(OC)cc(N(CCNC(C)C)c2ccc3ncc(-c4cnn(Cc5cccc(C(=O)NO)c5)c4)nc3c2)c1,9.57,0.0,1
CHEMBL3650,COc1cc(OC)cc(N(CCNC2CC2)c2ccc3ncc(-c4cnn(C)c4)nc3c2)c1,8.33,0.0,1
CHEMBL3650,COc1cc(OC)cc(N(CCNC2CCCC2)c2ccc3ncc(-c4cnn(C)c4)nc3c2)c1,8.75,0.0,1
CHEMBL3650,COc1cc(OC)cc(N(CCNC2CCN(S(N)(=O)=O)CC2)c2ccc3ncc(-c4cnn(C)c4)nc3c2)c1,8.37,0.0,1
CHEMBL3650,COc1cc(OC)cc(N(CCNCC(F)(F)F)c2ccc3ncc(-c4cnn(C)c4)nc3c2)c1,8.38,0.0,1
CHEMBL3650,COc1cc(OC)cc(N(CCNCC(F)F)c2ccc3ncc(-c4cnn(C)c4)nc3c2)c1,8.86,0.0,1
CHEMBL3650,COc1cc(OC)cc(N(CCNCC2CC2)c2ccc3ncc(-c4cnn(C)c4)nc3c2)c1,8.64,0.0,1
CHEMBL3650,COc1cc(OC)cc(N(CCNCC2CCCO2)c2ccc3ncc(-c4cnn(C)c4)nc3c2)c1,8.31,0.0,1
CHEMBL3650,COc1cc(OC)cc(N(CCNCCC#N)c2ccc3ncc(-c4cnn(C)c4)nc3c2)c1,8.22,0.0,1
CHEMBL3650,COc1cc(OC)cc(N(CCNCCC(F)(F)F)c2ccc3ncc(-c4cnn(C)c4)nc3c2)c1,8.38,0.0,1
CHEMBL3650,COc1cc(OC)cc(N(CCNCCF)c2ccc3ncc(-c4cnn(C)c4)nc3c2)c1,8.71,0.0,1
CHEMBL3650,COc1cc(OC)cc(N(CCNCCO)c2ccc3ncc(-c4cnn(C)c4)nc3c2)c1,8.76,0.0,1
CHEMBL3650,COc1cc(OC)cc(N(CCNC[Si](C)(C)C)c2ccc3ncc(-c4cnn(C)c4)nc3c2)c1,8.14,0.0,1
CHEMBL3650,COc1cc(OC)cc(N(CCNS(=O)(=O)C(C)C)c2ccc3ncc(-c4cnn(C)c4)nc3c2)c1,8.91,0.0,1
CHEMBL3650,COc1cc(OC)cc(N(CCNS(=O)(=O)N(C)C)c2ccc3ncc(-c4cnn(C)c4)nc3c2)c1,9.25,0.0,1
CHEMBL3650,COc1cc(OC)cc(N(CCNS(C)(=O)=O)c2ccc3ncc(-c4cnn(C)c4)nc3c2)c1,9.29,0.0,1
CHEMBL3650,COc1cc(OC)cc(N(CCO)c2ccc3ncc(-c4c(C)nn(C)c4C)nc3c2)c1,7.26,0.0,1
CHEMBL3650,COc1cc(OC)cc(N(CCO)c2ccc3ncc(-c4cn[nH]c4)nc3c2)c1,8.56,0.0,1
CHEMBL3650,COc1cc(OC)cc(N(CCO)c2ccc3ncc(-c4cnn(C)c4)nc3c2)c1,8.59,0.0,1
CHEMBL3650,COc1cc(OC)cc(N(CCO)c2ccc3ncc(-c4cnn(C)c4CCCO)nc3c2)c1,8.26,0.0,1
CHEMBL3650,COc1cc(OC)cc(N(CCO)c2ccc3ncc(-c4cnn(C)c4CCO)nc3c2)c1,8.19,0.0,1
CHEMBL3650,COc1cc(OC)cc(N(CCO)c2ccc3ncc(-c4cnn(C)c4CN(C)C)nc3c2)c1,7.39,0.0,1
CHEMBL3650,COc1cc(OC)cc(N(CCO)c2ccc3ncc(-c4cnn(C5CCN(C(=O)OC(C)(C)C)CC5)c4)nc3c2)c1,8.51,0.0,1
CHEMBL3650,COc1cc(OC)cc(N(CCO)c2ccc3ncc(-c4cnn(C5CCN(C)CC5)c4)nc3c2)c1,8.7,0.0,1
CHEMBL3650,COc1cc(OC)cc(N(CCO)c2ccc3ncc(-c4cnn(C5CCNCC5)c4)nc3c2)c1,8.73,0.0,1
CHEMBL3650,COc1cc(OC)cc(N(CCO)c2ccc3ncc(-c4cnn(CCCN)c4)nc3c2)c1,9.01,0.0,1
CHEMBL3650,COc1cc(OC)cc(N(CCO)c2ccc3ncc(-c4cnn(CCO)c4)nc3c2)c1,8.76,0.0,1
CHEMBL3650,COc1cc(OC)cc(N(CCO)c2ccc3ncc(-c4cnn(CCS(C)(=O)=O)c4)nc3c2)c1,8.79,0.0,1
CHEMBL3650,COc1cc(OC)cc(N(CCP(=O)(O)O)c2ccc3ncc(-c4cnn(C)c4)nc3c2)c1,8.48,0.0,1
CHEMBL3650,COc1cc(OC)cc(N(CCS(C)(=O)=O)c2ccc3ncc(-c4cnn(C)c4)nc3c2)c1,8.28,0.0,1
CHEMBL3650,COc1cc(OC)cc(N(CCc2nnn[nH]2)c2ccc3ncc(-c4cnn(C)c4)nc3c2)c1,8.39,0.0,1
CHEMBL3650,COc1cc(OC)cc(N(CCn2c(C)cnc2C)c2ccc3ncc(-c4cnn(C)c4)nc3c2)c1,7.18,0.0,1
CHEMBL3650,COc1cc(OC)cc(N(CCn2cc(C)nc2C)c2ccc3ncc(-c4cnn(C)c4)nc3c2)c1,7.0,0.0,1
CHEMBL3650,COc1cc(OC)cc(N(CCn2cccc2)c2ccc3ncc(-c4cnn(C)c4)nc3c2)c1,7.44,0.0,2
CHEMBL3650,COc1cc(OC)cc(N(CCn2cccn2)c2ccc3ncc(-c4cnn(C)c4)nc3c2)c1,8.24,0.7919595949289339,2
CHEMBL3650,COc1cc(OC)cc(N(CCn2ccnc2C)c2ccc3ncc(-c4cnn(C)c4)nc3c2)c1,7.28,0.0,1
CHEMBL3650,COc1cc(OC)cc(N(CCn2cnc(C)n2)c2ccc3ncc(-c4cnn(C)c4)nc3c2)c1,7.1,0.0,1
CHEMBL3650,COc1cc(OC)cc(N(CCn2cnnc2)c2ccc3ncc(-c4cnn(C)c4)nc3c2)c1,7.41,0.0,1
CHEMBL3650,COc1cc(OC)cc(N(CCn2nccc2C)c2ccc3ncc(-c4cnn(C)c4)nc3c2)c1,7.26,0.0,1
CHEMBL3650,COc1cc(OC)cc(N(CCn2ncnc2C)c2ccc3ncc(-c4cnn(CC(C)C)c4)nc3c2)c1,6.87,0.0,1
CHEMBL3650,COc1cc(OC)cc(N(C[C@@H](C)N)c2ccc3ncc(-c4cnn(C)c4)nc3c2)c1,8.33,0.0,1
CHEMBL3650,COc1cc(OC)cc(N(C[C@@H](O)C(F)(F)F)c2ccc3ncc(-c4cnn(C(C)C)c4)nc3c2)c1,8.66,0.0,1
CHEMBL3650,COc1cc(OC)cc(N(C[C@@H](O)C(F)(F)F)c2ccc3ncc(-c4cnn(C)c4)nc3c2)c1,8.93,0.0,1
CHEMBL3650,COc1cc(OC)cc(N(C[C@@H](O)C(F)(F)F)c2ccc3ncc(-c4cnn(CCCN)c4)nc3c2)c1,8.98,0.0,1
CHEMBL3650,COc1cc(OC)cc(N(C[C@@H](O)CN2CC[C@H](C#N)C2)c2ccc3ncc(-c4cnn(C)c4)nc3c2)c1,8.29,0.0,1
CHEMBL3650,COc1cc(OC)cc(N(C[C@@H](O)CNC(C)C)c2ccc3ncc(-c4cnn(C)c4)nc3c2)c1,8.72,0.0,1
CHEMBL3650,COc1cc(OC)cc(N(C[C@@H](O)CNCC(F)(F)F)c2ccc3ncc(-c4cnn(C)c4)nc3c2)c1,8.36,0.0,1
CHEMBL3650,COc1cc(OC)cc(N(C[C@@H](O)CO)c2ccc3ncc(-c4cnn(C)c4)nc3c2)c1,8.13,0.0,1
CHEMBL3650,COc1cc(OC)cc(N(C[C@@H](OC(C)=O)C(F)(F)F)c2ccc3ncc(-c4cnn(C)c4)nc3c2)c1,7.52,0.0,1
CHEMBL3650,COc1cc(OC)cc(N(C[C@@H]2CCCN2)c2ccc3ncc(-c4cnn(C)c4)nc3c2)c1,8.71,0.0,1
CHEMBL3650,COc1cc(OC)cc(N(C[C@@H]2C[C@H]2CO)c2ccc3ncc(-c4cnn(C)c4)nc3c2)c1,8.43,0.0,1
CHEMBL3650,COc1cc(OC)cc(N(C[C@@H]2C[C@H]2c2ccccn2)c2ccc3ncc(-c4cnn(C)c4)nc3c2)c1,6.63,0.0,1
CHEMBL3650,COc1cc(OC)cc(N(C[C@H](C)N)c2ccc3ncc(-c4cnn(C)c4)nc3c2)c1,8.42,0.0,1
CHEMBL3650,COc1cc(OC)cc(N(C[C@H](O)C(F)(F)F)c2ccc3ncc(-c4cnn(C(C)C)c4)nc3c2)c1,8.23,0.0,1
CHEMBL3650,COc1cc(OC)cc(N(C[C@H](O)C(F)(F)F)c2ccc3ncc(-c4cnn(C)c4)nc3c2)c1,8.36,0.0,1
CHEMBL3650,COc1cc(OC)cc(N(C[C@H](O)C(F)(F)F)c2ccc3ncc(-c4cnn(CCCN)c4)nc3c2)c1,8.71,0.0,1
CHEMBL3650,COc1cc(OC)cc(N(C[C@H](O)CN2CC[C@H](C#N)C2)c2ccc3ncc(-c4cnn(C)c4)nc3c2)c1,8.03,0.0,1
CHEMBL3650,COc1cc(OC)cc(N(C[C@H](O)CNC(C)C)c2ccc3ncc(-c4cnn(C)c4)nc3c2)c1,8.6,0.0,1
CHEMBL3650,COc1cc(OC)cc(N(C[C@H](O)CNCC(F)(F)F)c2ccc3ncc(-c4cnn(C)c4)nc3c2)c1,8.14,0.0,1
CHEMBL3650,COc1cc(OC)cc(N(C[C@H](O)CO)c2ccc3ncc(-c4cnn(C)c4)nc3c2)c1,8.64,0.0,1
CHEMBL3650,COc1cc(OC)cc(N(C[C@H](OC(C)=O)C(F)(F)F)c2ccc3ncc(-c4cnn(C)c4)nc3c2)c1,7.41,0.0,1
CHEMBL3650,COc1cc(OC)cc(N(C[C@H]2C[C@@H]2c2ccccn2)c2ccc3ncc(-c4cnn(C)c4)nc3c2)c1,6.92,0.0,1
CHEMBL3650,COc1cc(OC)cc(N(Cc2cc(C)n(C)n2)c2ccc3ncc(-c4cnn(C)c4)nc3c2)c1,7.82,0.0,1
CHEMBL3650,COc1cc(OC)cc(N(Cc2cc(C)no2)c2ccc3ncc(-c4cnn(C)c4)nc3c2)c1,8.85,0.0,1
CHEMBL3650,COc1cc(OC)cc(N(Cc2cc(C)no2)c2ccc3ncc(-c4cnn(CCO)c4)nc3c2)c1,8.73,0.0,1
CHEMBL3650,COc1cc(OC)cc(N(Cc2cc(C)on2)c2ccc3ncc(-c4cnn(C)c4)nc3c2)c1,9.21,0.0,1
CHEMBL3650,COc1cc(OC)cc(N(Cc2cc3ncccc3[nH]2)c2ccc3ncc(-c4cnn(C)c4)nc3c2)c1,8.08,0.0,1
CHEMBL3650,COc1cc(OC)cc(N(Cc2cc3ncccc3n2C)c2ccc3ncc(-c4cnn(C)c4)nc3c2)c1,7.25,0.0,1
CHEMBL3650,COc1cc(OC)cc(N(Cc2cc3ncccc3o2)c2ccc3ncc(-c4cnn(C)c4)nc3c2)c1,7.84,0.0,1
CHEMBL3650,COc1cc(OC)cc(N(Cc2ccc(Cl)cc2)c2ccc3ncc(-c4cnn(C)c4)nc3c2)c1,6.83,0.0,1
CHEMBL3650,COc1cc(OC)cc(N(Cc2ccc(Cl)nc2)c2ccc3ncc(-c4cnn(C)c4)nc3c2)c1,8.52,0.0,1
CHEMBL3650,COc1cc(OC)cc(N(Cc2ccc(Cl)s2)c2ccc3ncc(-c4cn[nH]c4)nc3c2)c1,6.58,0.0,1
CHEMBL3650,COc1cc(OC)cc(N(Cc2ccc(Cl)s2)c2ccc3ncc(-c4cnn(C)c4)nc3c2)c1,7.96,0.0,1
CHEMBL3650,COc1cc(OC)cc(N(Cc2ccc(Cl)s2)c2ccc3ncc(-c4cnn(CCN5CCNCC5)c4)nc3c2)c1,8.39,0.0,1
CHEMBL3650,COc1cc(OC)cc(N(Cc2ccc(Cl)s2)c2ccc3ncc(-c4cnn(CCO)c4)nc3c2)c1,8.05,0.0,1
CHEMBL3650,COc1cc(OC)cc(N(Cc2ccc(Cl)s2)c2ccc3ncc(-c4cnn(Cc5ccc(Cl)s5)c4)nc3c2)c1,6.64,0.0,1
CHEMBL3650,COc1cc(OC)cc(N(Cc2cccc(Br)n2)c2ccc3ncc(-c4cnn(C)c4)nc3c2)c1,7.85,0.0,1
CHEMBL3650,COc1cc(OC)cc(N(Cc2cccc(Cl)c2)c2ccc3ncc(-c4cnn(C)c4)nc3c2)c1,7.65,0.0,1
CHEMBL3650,COc1cc(OC)cc(N(Cc2cccc(N(C)C)n2)c2ccc3ncc(-c4cnn(C)c4)nc3c2)c1,7.04,0.0,1
CHEMBL3650,COc1cc(OC)cc(N(Cc2cccc(OC)n2)c2ccc3ncc(-c4cnn(C)c4)nc3c2)c1,7.48,0.0,1
CHEMBL3650,COc1cc(OC)cc(N(Cc2ccccc2)c2ccc3ncc(-c4cnn(C)c4)nc3c2)c1,7.87,0.0,1
CHEMBL3650,COc1cc(OC)cc(N(Cc2ccccc2Cl)c2ccc3ncc(-c4cnn(C)c4)nc3c2)c1,7.49,0.0,1
CHEMBL3650,COc1cc(OC)cc(N(Cc2cccnc2)c2ccc3ncc(-c4cnn(C)c4)nc3c2)c1,8.57,0.0,1
CHEMBL3650,COc1cc(OC)cc(N(Cc2ccco2)c2ccc3ncc(-c4cnn(C)c4)nc3c2)c1,8.51,0.0,1
CHEMBL3650,COc1cc(OC)cc(N(Cc2cccs2)c2ccc3ncc(-c4cnn(C)c4)nc3c2)c1,8.51,0.0,1
CHEMBL3650,COc1cc(OC)cc(N(Cc2ccncc2)c2ccc3ncc(-c4cnn(C)c4)nc3c2)c1,7.77,0.0,1
CHEMBL3650,COc1cc(OC)cc(N(Cc2cn(CCO)nn2)c2ccc3ncc(-c4cnn(C)c4)nc3c2)c1,8.66,0.0,1
CHEMBL3650,COc1cc(OC)cc(N(Cc2cn[nH]n2)c2ccc3ncc(-c4cnn(C)c4)nc3c2)c1,8.47,0.0,1
CHEMBL3650,COc1cc(OC)cc(N(Cc2cnccn2)c2ccc3ncc(-c4cnn(C)c4)nc3c2)c1,8.62,0.0,1
CHEMBL3650,COc1cc(OC)cc(N(Cc2csc(C)n2)c2ccc3ncc(-c4cn[nH]c4)nc3c2)c1,8.68,0.0,1
CHEMBL3650,COc1cc(OC)cc(N(Cc2csc(C)n2)c2ccc3ncc(-c4cnn(C)c4)nc3c2)c1,8.75,0.0,1
CHEMBL3650,COc1cc(OC)cc(N(Cc2csc(C)n2)c2ccc3ncc(-c4cnn(CCN5CCNCC5)c4)nc3c2)c1,9.08,0.0,1
CHEMBL3650,COc1cc(OC)cc(N(Cc2nc(OC)cc(OC)n2)c2ccc3ncc(-c4cnn(C)c4)nc3c2)c1,7.58,0.0,1
CHEMBL3650,COc1cc(OC)cc(N(Cc2ncc[nH]2)c2ccc3ncc(-c4cnn(C)c4)nc3c2)c1,8.99,0.0,1
CHEMBL3650,COc1cc(OC)cc(N(Cc2ncccn2)c2ccc3ncc(-c4cnn(C)c4)nc3c2)c1,8.25,0.0,1
CHEMBL3650,COc1cc(OC)cc(N(Cc2nccn2C)c2ccc3ncc(-c4cnn(C)c4)nc3c2)c1,8.12,0.0,1
CHEMBL3650,COc1cc(OC)cc(N(Cc2nccn2S(=O)(=O)N(C)C)c2ccc3ncc(-c4cnn(C)c4)nc3c2)c1,8.74,0.0,1
CHEMBL3650,COc1cc(OC)cc(N(Cc2nnc(N)o2)c2ccc3ncc(-c4cnn(C)c4)nc3c2)c1,8.86,0.0,1
CHEMBL3650,COc1cc(OC)cc(N(Cc2nnc(NCCO)o2)c2ccc3ncc(-c4cnn(C)c4)nc3c2)c1,8.02,0.0,1
CHEMBL3650,COc1cc(OC)cc(N(c2ccc3ncc(-c4cnn(C)c4)nc3c2)C(C)(C)C#Cc2nccc(OC)n2)c1,7.04,0.0,1
CHEMBL3650,COc1cc(OC)cc(N(c2ccc3ncc(-c4cnn(C)c4)nc3c2)C(C)C(=O)NC(C)C)c1,7.62,0.0,1
CHEMBL3650,COc1cc(OC)cc(N(c2ccc3ncc(-c4cnn(C)c4)nc3c2)C(C)C(N)=O)c1,7.78,0.0,1
CHEMBL3650,COc1cc(OC)cc(N(c2ccc3ncc(-c4cnn(C)c4)nc3c2)C(C)CN)c1,8.87,0.0,1
CHEMBL3650,COc1cc(OC)cc(N(c2ccc3ncc(-c4cnn(C)c4)nc3c2)C(C)CNC(C)C)c1,8.85,0.0,1
CHEMBL3650,COc1cc(OC)cc(N(c2ccc3ncc(-c4cnn(C)c4)nc3c2)C(C)CNCC(F)(F)F)c1,8.32,0.0,1
CHEMBL3650,COc1cc(OC)cc(N(c2ccc3ncc(-c4cnn(C)c4)nc3c2)C(CNC(C)C)C(C)C)c1,6.98,0.0,1
CHEMBL3650,COc1cc(OC)cc(N(c2ccc3ncc(-c4cnn(C)c4)nc3c2)C2COC2)c1,7.97,0.0,1
CHEMBL3650,COc1cc(OC)cc(N(c2ccc3ncc(-c4cnn(C)c4)nc3c2)S(=O)(=O)N(C)C)c1,7.79,0.0,1
CHEMBL3650,COc1cc(OC)cc(N(c2ccc3ncc(-c4cnn(C)c4)nc3c2)[C@@H](C)CN)c1,8.47,0.0,1
CHEMBL3650,COc1cc(OC)cc(N(c2ccc3ncc(-c4cnn(C)c4)nc3c2)[C@H](C)CN)c1,8.68,0.0,1
CHEMBL3650,COc1cc(OC)cc(N(c2ccc3ncc(-c4cnn(C)c4)nc3c2)[C@H]2CC[C@@H](NC(C)C)CC2)c1,8.73,0.0,1
CHEMBL3650,COc1cc(OC)cc(N(c2ccc3ncc(-c4cnn(C)c4)nc3c2)[C@H]2CC[C@H](NC(C)C)CC2)c1,8.55,0.0,1
CHEMBL3650,COc1cc(OC)cc(N2Cc3cnc4[nH]ccc4c3N(C)C2=O)c1,8.12,0.0,1
CHEMBL3650,COc1cc(OCC2CC2)cc(N(CC2CC2)c2ccc3ncc(-c4cnn(C)c4)nc3c2)c1,6.1,0.0,1
CHEMBL3650,COc1cc(OCCF)cc(N(CCNC(C)C)c2ccc3ncc(-c4cnn(C)c4)nc3c2)c1,8.37,0.0,1
CHEMBL3650,COc1cc(OCCF)cc(N(CCO)c2ccc3ncc(-c4cnn(C)c4)nc3c2)c1,7.76,0.0,1
CHEMBL3650,COc1cc(OCCN)cc(N(CC2CC2)c2ccc3ncc(-c4cnn(C)c4)nc3c2)c1,6.56,0.0,1
CHEMBL3650,COc1cc(OCCO)cc(N(CC2CC2)c2ccc3ncc(-c4cn[nH]c4)nc3c2)c1,7.81,0.0,1
CHEMBL3650,COc1cc(OCCO)cc(N(CC2CC2)c2ccc3ncc(-c4cnn(C)c4)nc3c2)c1,7.88,0.0,1
CHEMBL3650,COc1cc(OCCO)cc(N(CC2CC2)c2ccc3ncc(-c4cnn(CCO)c4)nc3c2)c1,7.94,0.0,1
CHEMBL3650,COc1cc(OCCO)cc(N(CC2CC2)c2ccc3ncc(-c4cnn(CCS(C)(=O)=O)c4)nc3c2)c1,7.97,0.0,1
CHEMBL3650,COc1cc(OCCO)cc(N(CCCN2CCCC2)c2ccc3ncc(-c4cn[nH]c4)nc3c2)c1,8.42,0.0,1
CHEMBL3650,COc1cc(OCCO)cc(N(CCCN2CCCC2)c2ccc3ncc(-c4cnn(C)c4)nc3c2)c1,8.41,0.0,1
CHEMBL3650,COc1cc(OCCO)cc(N(CCN)c2ccc3ncc(-c4cnn(C)c4)nc3c2)c1,7.96,0.0,1
CHEMBL3650,COc1cc2/c(=N/c3ccc(Br)cc3F)nc[nH]c2cc1OCC1CCN(C)CC1,5.275,0.07778174593052013,2
CHEMBL3650,COc1cc2[nH]c(C(=O)c3cnn(-c4ccc5[nH]c(C)nc5c4)c3N)cc2cc1Cl,8.26,0.0,1
CHEMBL3650,COc1cc2c(Nc3c(F)cc(Br)cc3F)ncnc2cc1OCC1CCN(C)CC1,5.82,0.0,1
CHEMBL3650,COc1cc2c(Nc3c(F)cc(Br)cc3F)ncnc2cc1OCC1CCNCC1,5.72,0.0,1
CHEMBL3650,COc1cc2c(Nc3c(F)cc(Br)cc3F)ncnc2cc1OCCn1ccnn1,5.21,0.0,1
CHEMBL3650,COc1cc2c(Nc3c(F)cc(Cl)cc3F)ncnc2cc1OCC1CCN(C)CC1,5.77,0.0,1
CHEMBL3650,COc1cc2c(Nc3c(F)cc(Cl)cc3F)ncnc2cc1OCC1CCNCC1,5.6,0.0,1
CHEMBL3650,COc1cc2c(Nc3cc(O)c(C)cc3F)ncnc2cc1OCC1CCN(C)CC1,5.82,0.0,1
CHEMBL3650,COc1cc2c(Nc3cc(O)c(Cl)cc3F)ncnc2cc1OCC1CCN(C)CC1,6.05,0.0,1
CHEMBL3650,COc1cc2c(Nc3ccc(Br)cc3F)ncnc2cc1OC/C=C/CN1CCCC1,5.68,0.0,1
CHEMBL3650,COc1cc2c(Nc3ccc(Br)cc3F)ncnc2cc1OCC1CCN(C)CC1,5.44,0.0,1
CHEMBL3650,COc1cc2c(Nc3ccc(Br)cc3F)ncnc2cc1OCCC1CCN(C)CC1,5.68,0.0,1
CHEMBL3650,COc1cc2c(Nc3ccc(Br)cc3F)ncnc2cc1OCCC1CCNCC1,5.57,0.0,1
CHEMBL3650,COc1cc2c(Nc3ccc(Br)cc3F)ncnc2cc1OCCCN1CCN(C)CC1,5.7,0.0,1
CHEMBL3650,COc1cc2c(Nc3ccc(Br)cc3F)ncnc2cc1OC[C@@H]1CCCN(C)C1,5.75,0.0,1
CHEMBL3650,COc1cc2c(Nc3ccc(Br)cc3F)ncnc2cc1OC[C@H]1CCCN(C)C1,5.3,0.0,1
CHEMBL3650,COc1cc2c(Nc3ccc(C#N)cc3F)ncnc2cc1OC/C=C/CN1CCCC1,4.72,0.0,1
CHEMBL3650,COc1cc2c(Nc3ccc(C#N)cc3F)ncnc2cc1OCCn1ccnn1,4.35,0.0,1
CHEMBL3650,COc1cc2c(Nc3ccc(C)cc3F)ncnc2cc1OCC1CCN(C)CC1,4.87,0.0,1
CHEMBL3650,COc1cc2c(Nc3ccc(C)cc3F)ncnc2cc1OCC1CCNCC1,4.91,0.0,1
CHEMBL3650,COc1cc2c(Nc3ccc(Cl)cc3F)ncnc2cc1OC/C=C/CN1CCCC1,5.72,0.0,1
CHEMBL3650,COc1cc2c(Nc3ccc(Cl)cc3F)ncnc2cc1OC1CCN(C)CC1,4.35,0.07071067811865545,2
CHEMBL3650,COc1cc2c(Nc3ccc(Cl)cc3F)ncnc2cc1OCC1CCN(C)CC1,5.37,0.0,1
CHEMBL3650,COc1cc2c(Nc3ccc(Cl)cc3F)ncnc2cc1OCC1CCNCC1,5.3,0.0,1
CHEMBL3650,COc1cc2c(Nc3ccc(Cl)cc3F)ncnc2cc1OCCC1CCN(C)CC1,5.39,0.0,1
CHEMBL3650,COc1cc2c(Nc3ccc(Cl)cc3F)ncnc2cc1OCCCCN1CCOCC1,5.82,0.0,1
CHEMBL3650,COc1cc2c(Nc3ccc(Cl)cc3F)ncnc2cc1OCCCN1CCCC1,5.38,0.0,1
CHEMBL3650,COc1cc2c(Nc3ccc(Cl)cc3F)ncnc2cc1OCCCN1CCN(C)CC1,5.68,0.0,1
CHEMBL3650,COc1cc2c(Nc3ccc(Cl)cc3F)ncnc2cc1OCCCN1CCOCC1,5.17,0.0,1
CHEMBL3650,COc1cc2c(Nc3ccc(Cl)cc3F)ncnc2cc1OCCN(C)c1ccncc1,5.8,0.0,1
CHEMBL3650,COc1cc2c(Nc3ccc(Cl)cc3F)ncnc2cc1OCCN1CCCC1,5.03,0.0,1
CHEMBL3650,COc1cc2c(Nc3ccc(Cl)cc3F)ncnc2cc1OCCN1CCN(C)CC1,5.1,0.0,1
CHEMBL3650,COc1cc2c(Nc3ccc(Cl)cc3F)ncnc2cc1OCCN1CCOCC1,4.72,0.0,1
CHEMBL3650,COc1cc2c(Nc3ccc(Cl)cc3F)ncnc2cc1OCCOCCN1CCOCC1,4.7,0.0,1
CHEMBL3650,COc1cc2c(Nc3ccc(Cl)cc3F)ncnc2cc1OCCn1ccnc1,5.58,0.0,1
CHEMBL3650,COc1cc2c(Nc3ccc(Cl)cc3F)ncnc2cc1OCCn1ccnn1,5.75,0.0,1
CHEMBL3650,COc1cc2c(Nc3ccc(Cl)cc3F)ncnc2cc1OCCn1cncn1,4.6,0.0,1
CHEMBL3650,COc1cc2c(Nc3ccc(Cl)cc3F)ncnc2cc1OC[C@@H]1CCCN(C)C1,5.75,0.0,1
CHEMBL3650,COc1cc2c(Oc3ccc4[nH]c(C)cc4c3F)ncnc2cc1OCCCN1CCCC1,7.58,0.0,1
CHEMBL3650,COc1cc2c(cc1F)C(c1ccccc1Cl)=Nc1c(n[nH]c1C)N2,7.55,0.0,1
CHEMBL3650,COc1cc2c(cc1OC)-c1n[nH]c(Nc3cccc(F)c3)c1C2,4.34,0.0,1
CHEMBL3650,COc1cc2nccc(Oc3ccc(NC(=O)C4(C(=O)NC5CC5)CC4)c(Cl)c3)c2cc1C(N)=O,7.34,0.0,1
CHEMBL3650,COc1cc2nccc(Oc3ccc(NC(=O)C4(C(=O)Nc5ccc(F)cc5)CC4)cc3)c2cc1OC,7.95,0.0,1
CHEMBL3650,COc1cc2nccc(Oc3ccc(NC(=O)NC4CC4)c(Cl)c3)c2cc1C(N)=O,7.375,0.27577164466275395,2
CHEMBL3650,COc1cc2nccc(Oc3ccc(NC(=O)Nc4cc(C)on4)c(Cl)c3)c2cc1OC,6.28,0.0,1
CHEMBL3650,COc1cc2nccc(Oc3ccc(NC(=O)c4c(C)n(C)n(-c5ccccc5)c4=O)cc3F)c2cc1OC,6.0,0.0,1
CHEMBL3650,COc1cc2ncn(-c3ccccc3)c2cc1C=O,4.6,0.0,1
CHEMBL3650,COc1cc2ncn(-c3ccccc3)c2cc1CO,4.96,0.0,1
CHEMBL3650,COc1cc2ncn(-c3ccccc3)c2cc1OC,4.6,0.0,1
CHEMBL3650,COc1cc2ncnc(Nc3cc(O)c(C)cc3F)c2cc1OC,5.6,0.0,1
CHEMBL3650,COc1cc2ncnc(Nc3ccc(Cl)cc3F)c2cc1OC,5.16,0.0,1
CHEMBL3650,COc1cc2ncnc(Nc3ccc(F)cc3F)c2cc1OC,4.24,0.0,1
CHEMBL3650,COc1cc2ncnc(Nc3cccc(O)c3)c2cc1OC,4.96,0.0,1
CHEMBL3650,COc1ccc(-c2c[nH]c(C(=O)c3cnn(-c4ccc5[nH]c(C)nc5c4)c3N)c2)cc1,6.07,0.0,1
CHEMBL3650,COc1ccc(-c2cc(NC(C)=O)cc(-n3cnc4cc(-c5cnn(C)c5)ccc43)c2)c(F)c1,8.37,0.0,1
CHEMBL3650,COc1ccc(-c2cc(NC(C)=O)cc(-n3cnc4cc(-c5cnn(C)c5)ccc43)c2)cn1,7.66,0.0,1
CHEMBL3650,COc1ccc(-c2cc3cnc(N)nc3nc2NC(=O)NC(C)(C)C)cc1,5.4,0.0,1
CHEMBL3650,COc1ccc(-c2cc3cnc(N)nc3nc2NC(=O)NC(C)(C)C)cc1OC,4.69,0.0,1
CHEMBL3650,COc1ccc(-c2ccc(OC(F)(F)F)c(NC(=O)Nc3ccncc3)c2)cn1,7.0,0.0,1
CHEMBL3650,COc1ccc(-c2ccc3c(c2)NC(=O)/C3=C\c2[nH]c(C)c(CCC(=O)O)c2C)cc1,5.24,0.0,1
CHEMBL3650,COc1ccc(-c2ccc3c(c2)NC(=O)/C3=C\c2[nH]c3c(c2CCC(=O)O)CCCC3)cc1,6.06,0.0,1
CHEMBL3650,COc1ccc(-c2ccc3c(c2)NC(=O)/C3=C\c2[nH]cc(CCC(=O)O)c2C)cc1,5.81,0.0,1
CHEMBL3650,COc1ccc(-c2ccc3c(c2)ncn3-c2cc(NC(C)=O)cc(-c3ccc(F)cc3)c2)cn1,7.66,0.0,1
CHEMBL3650,COc1ccc(-n2cc(NC(=O)c3ccc(NS(=O)(=O)c4ccc(Cl)cc4)cc3)cn2)cc1,4.58,0.0,1
CHEMBL3650,COc1ccc(-n2cc(NC(=O)c3ccc(NS(=O)(=O)c4ccccc4)cc3)cn2)cc1,4.34,0.0,1
CHEMBL3650,COc1ccc(-n2cc(NC(=O)c3cccc(NS(=O)(=O)c4ccc(Cl)cc4)c3)cn2)cc1,4.59,0.0,1
CHEMBL3650,COc1ccc(-n2cc(NC(=O)c3cccc(NS(=O)(=O)c4ccccc4)c3)cn2)cc1,4.43,0.0,1
CHEMBL3650,COc1ccc(-n2nc(-c3nc(-c4cnn(C)c4)cnc3N)ccc2=O)cc1OC,5.32,0.0,1
CHEMBL3650,COc1ccc(C#CCN(c2cc(OC)cc(OC)c2)c2ccc3ncc(-c4cnn(C)c4)nc3c2)nc1,6.87,0.0,1
CHEMBL3650,COc1ccc(C(=C2C(=O)Nc3ccccc32)c2nc3ccccc3[nH]2)cc1,7.07,0.0,1
CHEMBL3650,COc1ccc(C(=O)Nc2ccc(C(=O)N/N=C3\C(=O)Nc4ccc(Br)cc43)cc2)cc1,6.42,0.0,1
CHEMBL3650,COc1ccc(C(=O)Nc2ccc(C(=O)N/N=C3\C(=O)Nc4ccc(OC)cc43)cc2)cc1,6.34,0.0,1
CHEMBL3650,COc1ccc(C(=O)Nc2ccc(CN3CCN(C)CC3)c(C(F)(F)F)c2)cc1C#Cc1cncc2ccccc12,7.58,0.0,1
CHEMBL3650,COc1ccc(C)c(-n2nc(-c3nc(-c4cnn(C5CCN(C)CC5)c4)cnc3N)ccc2=O)c1,7.04,0.0,1
CHEMBL3650,COc1ccc(C)c(-n2nc(-c3nc(-c4cnn(C5CCNCC5)c4)cnc3N)ccc2=O)c1,7.25,0.0,1
CHEMBL3650,COc1ccc(C)c(N(C)c2ccnc(Nc3cc(N4CCOCC4)cc(N4CCOCC4)c3)n2)c1,6.46,0.0,1
CHEMBL3650,COc1ccc(CCCN(C)C)cc1Nc1ncc2c(n1)-c1ccc(Cl)cc1NC(=S)C2,6.0,0.0,1
CHEMBL3650,COc1ccc(CCc2cc(Nc3ccnc(NCc4cc(C)no4)n3)n[nH]2)cc1OC,5.85,1.626345596729059,2
CHEMBL3650,COc1ccc(CN2C(=O)N(c3c(F)c(OC)cc(OC)c3F)Cc3cnc(-c4cn(C)nc4C)cc32)cn1,6.94,0.0,1
CHEMBL3650,COc1ccc(CN2C3CC2CN(c2ccc(-c4nc(-c5cnn(C)c5)cc5ncccc45)cn2)C3)cc1C#N,7.04,0.0,1
CHEMBL3650,COc1ccc(Cl)c(N(CCCN2CCCC2)c2ccc3ncc(-c4cnn(C)c4)nc3c2)c1,7.37,0.0,1
CHEMBL3650,COc1ccc(Cl)c(N(CCNC(C)C)c2ccc3ncc(-c4cn[nH]c4)nc3c2)c1,8.56,0.0,1
CHEMBL3650,COc1ccc(Cl)c(N(CCNC(C)C)c2ccc3ncc(-c4cnn(C)c4)nc3c2)c1,8.54,0.0,1
CHEMBL3650,COc1ccc(Cl)c(N(CCO)c2ccc3ncc(-c4cn[nH]c4)nc3c2)c1,7.98,0.0,1
CHEMBL3650,COc1ccc(Cl)c(N(CCO)c2ccc3ncc(-c4cnn(C)c4)nc3c2)c1,7.91,0.0,1
CHEMBL3650,COc1ccc(F)c(-c2ccc3c(NC(=O)c4ccc(N(C)CCN(C)C)cc4)n[nH]c3c2)c1F,7.68,0.0,1
CHEMBL3650,COc1ccc(F)c(-c2ccc3c(NC(=O)c4ccc(N5CCCN(C)CC5)cc4)n[nH]c3c2)c1F,8.43,0.0,1
CHEMBL3650,COc1ccc(F)c(-c2ccc3c(NC(=O)c4ccc(N5CCN(C(C)=O)CC5)cc4)n[nH]c3c2)c1F,7.89,0.0,1
CHEMBL3650,COc1ccc(F)c(-c2ccc3c(NC(=O)c4ccc(N5CCN(C)CC5)cc4)n[nH]c3c2)c1F,8.25,0.0,1
CHEMBL3650,COc1ccc(F)c(-c2ccc3c(NC(=O)c4ccc(N5C[C@@H](C)N[C@@H](C)C5)cc4)n[nH]c3c2)c1F,7.85,0.0,1
CHEMBL3650,COc1ccc(F)c(-c2ccc3c(NC(=O)c4cccc(NC(=O)CCl)c4)n[nH]c3c2)c1,6.28,0.0,1
CHEMBL3650,COc1ccc(F)c(-n2nc(-c3nc(-c4cnn(C5CCNCC5)c4)cnc3N)ccc2=O)c1,7.3,0.0,1
CHEMBL3650,COc1ccc(N(C(=O)Oc2c(C)cccc2C)c2ccnc(Nc3cc(OC)c(OCCCN4CCN(C)CC4)c(OC)c3)n2)c(OC)c1,6.96,0.0,1
CHEMBL3650,COc1ccc(N2C(=O)N(c3c(F)c(OC)cc(OC)c3F)Cc3cnc(-c4cn(C)nc4C)cc32)cc1,7.7,0.0,1
CHEMBL3650,COc1ccc(NC(=O)Nc2ccc(C(=O)N/N=C3\C(=O)Nc4ccc(Br)cc43)cc2)cc1,6.21,0.0,1
CHEMBL3650,COc1ccc(NC(=O)Nc2ccc(C(=O)N/N=C3\C(=O)Nc4ccc(OC)cc43)cc2)cc1,6.77,0.0,1
CHEMBL3650,COc1ccc(NC(=O)Nc2nc3nc(NCCCN4CCN(C)CC4)ncc3cc2-c2c(Cl)cccc2Cl)cc1,7.13,0.0,1
CHEMBL3650,COc1ccc(Nc2cc3c(cn2)cc(-c2c(Cl)cccc2Cl)c(=O)n3C)cc1,5.66,0.0,1
CHEMBL3650,COc1ccc(Nc2ncc3cc(-c4c(Cl)cccc4Cl)c(=O)n(C)c3n2)cc1,6.39,0.0,1
CHEMBL3650,COc1ccc(Nc2ncc3cc(-c4c(Cl)cccc4Cl)c(=O)n(C)c3n2)cc1C,6.35,0.0,1
CHEMBL3650,COc1ccc(Nc2ncc3cc(-c4c(Cl)cccc4Cl)c(=O)n(C)c3n2)cn1,6.27,0.0,1
CHEMBL3650,COc1ccc(Nc2ncnc3scc(-c4ccc(C)cc4)c23)cc1,5.3,0.0,1
CHEMBL3650,COc1ccc(Nc2ncnc3scc(-c4ccccc4)c23)cc1,5.52,0.0,1
CHEMBL3650,COc1ccc(OC)c(N(CCCN2CCCC2)c2ccc3ncc(-c4cnn(C)c4)nc3c2)c1,7.47,0.0,1
CHEMBL3650,COc1ccc(OC)c(N(CCN)c2ccc3ncc(-c4cn[nH]c4)nc3c2)c1,6.91,0.0,1
CHEMBL3650,COc1ccc(OC)c(N(CCNC(C)C)c2ccc3ncc(-c4cn[nH]c4)nc3c2)c1,6.81,0.0,1
CHEMBL3650,COc1ccc(OC)c(N(CCNC(C)C)c2ccc3ncc(-c4cnn(C)c4)nc3c2)c1,6.94,0.0,1
CHEMBL3650,COc1ccc(OC)c(N(CCO)c2ccc3ncc(-c4cnn(C)c4)nc3c2)c1,7.2,0.0,1
CHEMBL3650,COc1ccc2[nH]c(-c3n[nH]c4ccc(OC(C)c5c(Cl)cncc5Cl)cc34)nc2c1,8.55,0.0,1
CHEMBL3650,COc1ccc2[nH]c(C(=C3C(=O)Nc4ccc(C(=O)O)cc43)c3ccccc3)nc2c1,7.41,0.0,1
CHEMBL3650,COc1ccc2[nH]c(C(=C3C(=O)Nc4ccc(N)cc43)c3ccccc3)nc2c1,7.38,0.0,1
CHEMBL3650,COc1ccc2c(Oc3ccc(NC(=O)c4c(C)n(CC(C)(C)O)n(-c5ccccc5)c4=O)nc3)ccnc2c1,4.6,0.0,1
CHEMBL3650,COc1ccc2c(c1)/C(=N/NC(=O)c1ccc(NC(=O)Nc3ccc(Cl)c(C(F)(F)F)c3)cc1)C(=O)N2,6.64,0.0,1
CHEMBL3650,COc1ccc2c(c1)/C(=N/NC(=O)c1ccc(NC(=O)Nc3ccc(Cl)cc3)cc1)C(=O)N2,6.41,0.0,1
CHEMBL3650,COc1ccc2c(c1)/C(=N/NC(=O)c1ccc(NC(=O)Nc3ccccc3)cc1)C(=O)N2,6.55,0.0,1
CHEMBL3650,COc1ccc2c(c1)/C(=N/NC(=O)c1ccc(NC(=O)c3ccc(Cl)cc3)cc1)C(=O)N2,6.41,0.0,1
CHEMBL3650,COc1ccc2c(c1)NC(=O)/C2=C\c1[nH]c(C)c(CCC(=O)O)c1C,5.27,0.0,1
CHEMBL3650,COc1ccc2c(c1)NC(=O)/C2=C\c1[nH]c2c(c1CCC(=O)O)CCCC2,5.97,0.0,1
CHEMBL3650,COc1ccc2c(c1)NC(=O)/C2=C\c1[nH]cc(CCC(=O)O)c1C,5.41,0.0,1
CHEMBL3650,COc1ccc2c(c1)ncn2-c1ccc(N)cc1,4.75,0.0,1
CHEMBL3650,COc1ccc2c(c1)ncn2-c1ccccc1,4.66,0.0,1
CHEMBL3650,COc1ccc2cc(-c3c(-c4ccncc4)nc(-c4ccc([S+](C)[O-])cc4C)n3C)ccc2c1,5.01,0.0,1
CHEMBL3650,COc1ccc2cc(C(=O)c3cnn(-c4ccc5[nH]c(C)nc5c4)c3N)[nH]c2c1,7.32,0.0,1
CHEMBL3650,COc1ccc2nc(N3CCC(C(CC#N)n4cc(-c5ncnc6[nH]ccc56)cn4)CC3)sc2c1,8.22,0.0,1
CHEMBL3650,COc1cccc(-c2cc3[nH]nc(/C=C/c4ccc(C(=O)N5C[C@@H](C)N[C@@H](C)C5)cc4)c3cc2C)c1F,7.57,0.0,1
CHEMBL3650,COc1cccc(-c2cc3[nH]nc(/C=C/c4cnn(CCO)c4)c3cc2C)c1F,7.48,0.0,1
CHEMBL3650,COc1cccc(-c2cc3cnc(N)nc3nc2NC(=O)NC(C)(C)C)c1,6.44,0.0,1
CHEMBL3650,COc1cccc(-c2ccc3c(/C=C/c4ccc(C(=O)N5CCN(C(=O)OC(C)(C)C)CC5)cc4)n[nH]c3c2)c1F,6.04,0.0,1
CHEMBL3650,COc1cccc(-c2ccc3c(/C=C/c4ccc(C(=O)N5CCNCC5)cc4)n[nH]c3c2)c1F,7.75,0.0,1
CHEMBL3650,COc1cccc(-c2ccc3c(/C=C/c4ccc(C(=O)N5C[C@@H](C)N[C@@H](C)C5)cc4)n[nH]c3c2)c1F,7.22,0.0,1
CHEMBL3650,COc1cccc(-c2ccc3c(/C=C/c4cnn(CCO)c4)n[nH]c3c2)c1F,7.36,0.0,1
CHEMBL3650,COc1cccc(-c2ccc3c(NC(=O)c4ccc(N5CCN(C)CC5)c(F)c4)n[nH]c3c2)c1F,6.83,0.0,1
CHEMBL3650,COc1cccc(-c2ccc3c(NC(=O)c4cccc(NC(=O)CCl)c4)n[nH]c3c2)c1F,6.97,0.0,1
CHEMBL3650,COc1cccc(-c2ccc3c(c2)NC(=O)/C3=C\c2[nH]c(C)c(CCC(=O)O)c2C)c1,5.85,0.0,1
CHEMBL3650,COc1cccc(-c2ccc3c(c2)NC(=O)/C3=C\c2[nH]c3c(c2CCC(=O)O)CCCC3)c1,5.87,0.0,1
CHEMBL3650,COc1cccc(-c2ccc3c(c2)NC(=O)/C3=C\c2[nH]cc(C)c2CCC(=O)O)c1,5.92,0.0,1
CHEMBL3650,COc1cccc(-c2ccc3c(c2)NC(=O)/C3=C\c2[nH]cc(CCC(=O)O)c2C)c1,6.44,0.0,1
CHEMBL3650,COc1cccc(-c2ccc3c(c2)NC(=O)/C3=C\c2cc3c([nH]2)CCCC3)c1,4.76,0.0,1
CHEMBL3650,COc1cccc(-c2nc3c(O)nc(N)nc3[nH]2)c1OC,4.92,0.0,1
CHEMBL3650,COc1cccc(-c2nc3c(O)nc(NC(C)=O)nc3[nH]2)c1OC,5.04,0.0,1
CHEMBL3650,COc1cccc(-c2nc3sccn3c2-c2ccnc(NCCCNS(=O)(=O)c3cccc(F)c3)n2)c1,4.93,0.0,1
CHEMBL3650,COc1cccc(-c2nc3sccn3c2-c2ccnc(NCCNS(=O)(=O)c3ccc(C(F)(F)F)cc3)n2)c1,4.81,0.0,1
CHEMBL3650,COc1cccc(-n2cc(NC(=O)c3ccc(NS(=O)(=O)c4ccccc4)cc3)cn2)c1,4.32,0.0,1
CHEMBL3650,COc1cccc(-n2cc(NC(=O)c3cccc(NS(=O)(=O)c4ccc(Cl)cc4)c3)cn2)c1,4.65,0.0,1
CHEMBL3650,COc1cccc(-n2cc(NC(=O)c3cccc(NS(=O)(=O)c4ccccc4)c3)cn2)c1,4.48,0.0,1
CHEMBL3650,COc1cccc(-n2nc(-c3nc(-c4cnn(C)c4)cnc3N)ccc2=O)c1,6.58,0.0,1
CHEMBL3650,COc1cccc(-n2nc(-c3nc(-c4cnn(C)c4)cnc3N)ccc2=O)c1C(F)(F)F,6.84,0.0,1
CHEMBL3650,COc1cccc(-n2nc(-c3nc(-c4cnn(C)c4)cnc3N)ccc2=O)c1Cl,6.84,0.0,1
CHEMBL3650,COc1cccc(C#CCN(c2cc(OC)cc(OC)c2)c2ccc3ncc(-c4cnn(C)c4)nc3c2)c1,6.87,0.0,1
CHEMBL3650,COc1cccc(Cc2c[nH]c3ncccc23)c1,5.744999999999999,0.03535533905932756,2
CHEMBL3650,COc1cccc(N(C)c2ccnc(Nc3cc(N4CCOCC4)cc(N4CCOCC4)c3)n2)c1,6.74,0.0,1
CHEMBL3650,COc1cccc(N(C)c2ccnc(Nc3cc(N4CCOCC4)cc(N4CCOCC4)c3)n2)n1,6.0,0.0,1
CHEMBL3650,COc1cccc(N(CC2CC2)c2ccc3ncc(-c4cnn(C)c4)nc3c2)c1OC,6.63,0.0,1
CHEMBL3650,COc1cccc(N(CCNC(C)C)c2ccc3ncc(-c4cnn(C)c4)nc3c2)c1,8.22,0.0,1
CHEMBL3650,COc1cccc(N(CCO)c2ccc3ncc(-c4cnn(C)c4)nc3c2)c1,7.42,0.0,1
CHEMBL3650,COc1cccc(N(Cc2cc(C)no2)c2ccc3ncc(-c4cnn(C)c4)nc3c2)c1,7.84,0.0,1
CHEMBL3650,COc1cccc(N2C(=O)N(c3c(F)c(OC)cc(OC)c3F)Cc3cnc(-c4cn(C)nc4C)cc32)c1,7.7,0.0,1
CHEMBL3650,COc1cccc(NC(=O)Nc2ccc(C(=O)N/N=C3\C(=O)Nc4ccc(Br)cc43)cc2)c1,6.32,0.0,1
CHEMBL3650,COc1cccc(NC(=O)Nc2ccc(C(=O)N/N=C3\C(=O)Nc4ccc(Cl)cc43)cc2)c1,6.38,0.0,1
CHEMBL3650,COc1cccc(NC(=O)Nc2ccc(C(=O)N/N=C3\C(=O)Nc4ccc(OC)cc43)cc2)c1,6.52,0.0,1
CHEMBL3650,COc1cccc(NC(=O)Nc2nc3nc(NCCCN4CCN(C)CC4)ncc3cc2-c2c(Cl)cccc2Cl)c1,7.2,0.0,1
CHEMBL3650,COc1cccc(Nc2ncc3cc(-c4c(Cl)cccc4Cl)c(=O)n(C)c3n2)c1,6.43,0.0,1
CHEMBL3650,COc1cccc(Nc2ncnc3scc(-c4ccccc4)c23)c1,5.6,0.0,1
CHEMBL3650,COc1cccc(S(=O)(=O)n2ccc3cnc(Nc4ccc(N5C[C@@H](C)N[C@@H](C)C5)cc4)nc32)c1,7.19,0.0,1
CHEMBL3650,COc1cccc2cc(-c3c(CN4CCNC(=O)C4)cn4ncnc(N)c34)sc12,8.26,0.0,1
CHEMBL3650,COc1cccc2cc(-c3nc(C4CCC4)n4ccnc(N)c34)oc12,4.7,0.0,1
CHEMBL3650,COc1cccc2cc(-c3nn(C4CCNCC4)c4ncnc(N)c34)sc12,6.94,0.0,1
CHEMBL3650,COc1ccccc1-c1cc2cnc(N)nc2nc1NC(=O)NC(C)(C)C,4.95,0.0,1
CHEMBL3650,COc1ccccc1-c1ccc2c(c1)NC(=O)/C2=C\c1[nH]c(C)c(CCC(=O)O)c1C,5.13,0.0,1
CHEMBL3650,COc1ccccc1-c1ccc2c(c1)NC(=O)/C2=C\c1[nH]c2c(c1CCC(=O)O)CCCC2,7.1,0.0,1
CHEMBL3650,COc1ccccc1-c1ccc2c(c1)NC(=O)/C2=C\c1[nH]cc(CCC(=O)O)c1C,5.67,0.0,1
CHEMBL3650,COc1ccccc1-c1ccc2c(c1)NC(=O)/C2=C\c1cc2c([nH]1)CCCC2,4.75,0.0,1
CHEMBL3650,COc1ccccc1-c1ccc2cc(C(=O)c3cnn(-c4ccc5[nH]c(C)nc5c4)c3N)[nH]c2c1,7.12,0.0,1
CHEMBL3650,COc1ccccc1-c1nc2c(O)nc(N)nc2[nH]1,4.82,0.0,1
CHEMBL3650,COc1ccccc1-c1nc2c(O)nc(NC(C)=O)nc2[nH]1,4.82,0.0,1
CHEMBL3650,COc1ccccc1CNc1ncc(C(=O)NC2CCN(C)CC2)c(NC2CCCC2)n1,4.52,0.0,1
CHEMBL3650,COc1ccccc1NC(=O)Nc1nc2nc(NCCCN3CCN(C)CC3)ncc2cc1-c1c(Cl)cccc1Cl,7.17,0.0,1
CHEMBL3650,COc1ccccc1Nc1ncc2cc(-c3c(Cl)cccc3Cl)c(=O)n(C)c2n1,5.5,0.0,1
CHEMBL3650,COc1cccnc1C#CCN(c1ccc2ncc(-c3cnn(C)c3)nc2c1)c1c(Cl)c(OC)cc(OC)c1Cl,8.18,0.0,1
CHEMBL3650,COc1cccnc1C#CCN(c1ccc2ncc(-c3cnn(C)c3)nc2c1)c1c(F)c(OC)cc(OC)c1F,8.76,0.0,1
CHEMBL3650,COc1ccnc(C#CCN(c2ccc3ncc(-c4cnn(C)c4)nc3c2)c2c(Cl)c(OC)cc(OC)c2Cl)n1,7.9,0.0,1
CHEMBL3650,COc1ccnc(C#CCN(c2ccc3ncc(-c4cnn(C)c4)nc3c2)c2c(F)c(OC)cc(OC)c2F)n1,8.73,0.0,1
CHEMBL3650,COc1ccnc(N(C)c2ccnc(Nc3cc(N4CCOCC4)cc(N4CCOCC4)c3)n2)c1,5.86,0.0,1
CHEMBL3650,COc1cnc(N2C(=O)N(c3c(F)c(OC)cc(OC)c3F)Cc3cnc(-c4cn(C)nc4C)cc32)cn1,6.94,0.0,1
CHEMBL3650,COc1cncc(-c2cc3c(cn2)CN(c2c(F)c(OC)cc(OC)c2F)C(=O)C32CC2)c1,6.94,0.0,1
CHEMBL3650,COc1cncc(C#Cc2cc(C(=O)Nc3ccc(CN4CCN(C)CC4)c(C(F)(F)F)c3)ccc2C)c1,7.89,0.0,1
CHEMBL3650,COc1cncc(C#Cc2cc(C(=O)Nc3ccc4c(c3)C(F)(F)C[C@@H]4N3CCN(C)CC3)ccc2F)c1,7.62,0.0,1
CHEMBL3650,COc1cncc(N(C)c2ccnc(Nc3cc(N4CCOCC4)cc(N4CCOCC4)c3)n2)c1,6.85,0.0,1
CHEMBL3650,COc1ncc(Cl)cc1-c1ccc2cc(C(=O)c3cnn(-c4ccc5[nH]c(C)nc5c4)c3N)[nH]c2c1,7.28,0.0,1
CHEMBL3650,COc1ncccc1-c1ccc2cc(C(=O)c3cnn(-c4ccc5[nH]c(C)nc5c4)c3N)[nH]c2c1,7.22,0.0,1
CHEMBL3650,CS(=O)(=O)Nc1cc(-c2ncccc2F)cc(-n2cnc3cc(-c4cnn(CCN5CCOCC5)c4)ccc32)c1,8.03,0.0,1
CHEMBL3650,CSc1ccc2c(c1)ncn2-c1ccccc1,4.57,0.0,1
CHEMBL3650,CSc1ccc2cc(C(=O)c3cnn(-c4ccc5[nH]c(C)nc5c4)c3N)[nH]c2c1,7.48,0.0,1
CHEMBL3650,CSc1cccc(Nc2ncc3cc(-c4c(Cl)cccc4Cl)c(=O)n(C)c3n2)c1,5.9,0.0,1
CHEMBL3650,C[C@@H](Oc1ccc2[nH]nc(-c3ccc(N4CC5(C4)CN(S(C)(=O)=O)C5)nc3)c2c1)c1c(Cl)cncc1Cl,6.97,0.0,1
CHEMBL3650,C[C@@H](Oc1ccc2[nH]nc(-c3nc4cc(CCO)ccc4[nH]3)c2c1)c1c(Cl)cncc1Cl,8.92,0.0,1
CHEMBL3650,C[C@@H](Oc1ccc2[nH]nc(-c3nc4cc(N5CCN(C)CC5)ccc4[nH]3)c2c1)c1c(Cl)cncc1Cl,9.05,0.0,1
CHEMBL3650,C[C@@H](Oc1ccc2[nH]nc(/C=C/c3cnn(CCNC(=O)CCCCCNc4ccc5c(c4)C(=O)N(C4CCC(=O)NC4=O)C5=O)c3)c2c1)c1c(Cl)cncc1Cl,8.83,0.0,1
CHEMBL3650,C[C@@H](Oc1ccc2[nH]nc(/C=C/c3cnn(CCO)c3)c2c1)c1c(Cl)cncc1Cl,8.97,0.5502726596879042,7
CHEMBL3650,C[C@@H]1CCC(N2CC[C@]3(CN(C(=O)c4cc5ccc(F)cc5[nH]4)c4ccccc43)C2)CN1,4.64,0.0,1
CHEMBL3650,C[C@@H]1CCC[C@H](C)N1c1ncc2[nH]nc(-c3ccc(N4CCN(C)CC4)cc3)c2n1,6.52,0.0,1
CHEMBL3650,C[C@@H]1CN(c2ccc(-c3n[nH]c4cnc(N5C6CCC5CC6)nc34)cn2)CCN1,5.9,0.0,1
CHEMBL3650,C[C@@H]1CN(c2ccc(-c3n[nH]c4cnc(N5C6CCC5CN(C(=O)C5CC5)C6)nc34)cn2)CCN1,5.9,0.0,1
CHEMBL3650,C[C@@H]1CN(c2ccc(-c3n[nH]c4cnc(N5CC6CCC5CN6C(=O)N5CCCC5)nc34)cn2)CCN1,5.9,0.0,1
CHEMBL3650,C[C@@H]1CN(c2ccc(-c3n[nH]c4cnc(N5CCc6c(ncn6C)C5)nc34)cn2)CCN1,6.52,0.0,1
CHEMBL3650,C[C@@H]1CN(c2ccc(-c3n[nH]c4cnc(N5[C@@H]6CCC[C@H]5[C@@H](O)C6)nc34)cn2)CCN1,6.52,0.0,1
CHEMBL3650,C[C@@H]1CN(c2ccc(-c3n[nH]c4cnc(N5[C@H](C)CCC[C@@H]5C)nc34)cn2)CCN1,6.52,0.0,1
CHEMBL3650,C[C@@H]1CN(c2ccc(-c3n[nH]c4cnc(N5[C@H](C)CN(C(=O)N6CCC(F)C6)C[C@@H]5C)nc34)cn2)CCN1,5.9,0.0,1
CHEMBL3650,C[C@@H]1CN(c2ccc(-c3n[nH]c4cnc(N5[C@H](C)CN(C(=O)N6CCCC6)C[C@@H]5C)nc34)cn2)CCN1,5.9,0.0,1
CHEMBL3650,C[C@@H]1CN(c2ccc(-c3n[nH]c4cnc(N5[C@H](C)CN(C(=O)OCCF)C[C@@H]5C)nc34)cn2)CCN1,5.9,0.0,1
CHEMBL3650,C[C@@H]1CN(c2ccc(-c3n[nH]c4cnc(N5[C@H](C)COC[C@@H]5C)nc34)cn2)CCN1,6.52,0.0,1
CHEMBL3650,C[C@H](NC(=O)c1cc(-c2cnn(C3CCOCC3)c2)cnc1N)c1c(Cl)ccc(F)c1Cl,5.46,0.0,1
CHEMBL3650,C[C@H](Nc1nc(Nc2cn(C)cn2)c2cc[nH]c2n1)c1ncc(F)cn1,7.3,0.0,1
CHEMBL3650,C[C@H](Oc1ccc2[nH]nc(-c3nc4cc(CCO)ccc4[nH]3)c2c1)c1c(Cl)cncc1Cl,8.19,0.0,1
CHEMBL3650,C[C@H](Oc1ccc2[nH]nc(-c3nc4cc(N5CCN(C)CC5)ccc4[nH]3)c2c1)c1c(Cl)cncc1Cl,8.03,0.0,1
CHEMBL3650,Cc1[nH]c(/C=C2\C(=O)Nc3cc(-c4ccccc4)ccc32)c(C)c1CCC(=O)O,5.64,0.0,1
CHEMBL3650,Cc1[nH]c(/C=C2\C(=O)Nc3ccc(Br)cc32)c(C)c1CCC(=O)O,5.69,0.0,1
CHEMBL3650,Cc1[nH]c(/C=C2\C(=O)Nc3ccc(C(=O)O)cc32)c(C)c1CCC(=O)O,6.55,0.0,1
CHEMBL3650,Cc1[nH]c(/C=C2\C(=O)Nc3ccc(F)cc32)c(C)c1C(=O)NCC1CCN(C)CC1,6.7,0.0,1
CHEMBL3650,Cc1[nH]c(/C=C2\C(=O)Nc3ccc(F)cc32)c(C)c1C(=O)NCCN(C)C,5.8,0.0,1
CHEMBL3650,Cc1[nH]c(/C=C2\C(=O)Nc3ccc(F)cc32)c(C)c1C(=O)NCCN1CCCC1,5.41,0.0,1
CHEMBL3650,Cc1[nH]c(/C=C2\C(=O)Nc3ccc(F)cc32)c(C)c1C(=O)NCCN1CCOCC1,5.58,0.0,1
CHEMBL3650,Cc1[nH]c(/C=C2\C(=O)Nc3ccc(F)cc32)c(C)c1C(=O)NCCn1cncn1,4.77,0.0,1
CHEMBL3650,Cc1[nH]c(/C=C2\C(=O)Nc3ccc(F)cc32)c(C)c1C(=O)NCc1ccncc1,5.51,0.0,1
CHEMBL3650,Cc1[nH]c(/C=C2\C(=O)Nc3ccc(S(=O)(=O)Cc4c(Cl)cccc4Cl)cc32)c(C)c1C(=O)N1CCC[C@@H]1CN1CCCC1,5.52,0.0,1
CHEMBL3650,Cc1[nH]c(/C=C2\C(=O)Nc3ccc(S(N)(=O)=O)cc32)c(C)c1CCC(=O)O,6.55,0.0,1
CHEMBL3650,Cc1[nH]c(/C=C2\C(=O)Nc3ccccc32)c(C)c1CCC(=O)O,5.615,0.134350288425444,2
CHEMBL3650,Cc1[nH]c(/C=C2\C(=O)Nc3ccccc32)c(C)c1CCCN1CCN(C)CC1,5.38,0.0,1
CHEMBL3650,Cc1[nH]nc2c1N=C(c1ccccc1Cl)c1cc(N)ccc1N2,7.3,0.0,1
CHEMBL3650,Cc1c(-c2c3c(N)n[nH]c(=O)c3nn2-c2ccc(NC(=O)/C=C/CN(C)C)cc2)oc2ccc(Br)cc12,9.4,0.0,1
CHEMBL3650,Cc1c(-c2c3c(N)n[nH]c(=O)c3nn2-c2ccc(NC(=O)/C=C/CN(C)C)cc2)oc2ccc(Cl)cc12,7.69,0.0,1
CHEMBL3650,Cc1c(-c2c3c(N)n[nH]c(=O)c3nn2-c2ccccc2)oc2ccccc12,6.94,0.0,1
CHEMBL3650,Cc1c(-c2cc(O[C@H](CO)c3ccc(F)cn3)c3c(Cl)cnn3c2)nnn1C1CCN(C#N)CC1,6.97,0.0,1
CHEMBL3650,Cc1c(-c2nc(C3CCC3)n3ccnc(N)c23)sc2ccccc12,6.34,0.0,1
CHEMBL3650,Cc1c(C)c(C)c(-c2cc3cnc(N)nc3nc2NC(=O)NC(C)(C)C)c(C)c1C,5.79,0.0,1
CHEMBL3650,Cc1c(CCC(=O)O)c[nH]c1/C=C1\C(=O)Nc2cc(-c3ccccc3)ccc21,5.98,0.0,1
CHEMBL3650,Cc1c(CCC(=O)O)c[nH]c1/C=C1\C(=O)Nc2ccc(C(=O)O)cc21,6.11,0.0,1
CHEMBL3650,Cc1c(CCC(=O)O)c[nH]c1/C=C1\C(=O)Nc2ccc(S(N)(=O)=O)cc21,6.34,0.0,1
CHEMBL3650,Cc1c(CCC(=O)O)c[nH]c1/C=C1\C(=O)Nc2ccccc21,5.43,0.0,1
CHEMBL3650,Cc1c(OC[C@@H](C)O)cn2ncnc(Oc3ccc4[nH]c(CO)cc4c3F)c12,6.12,0.0,1
CHEMBL3650,Cc1c2ccc(N(C)c3ccnc(Nc4ccc(C(=O)NCCCCCCC(=O)NO)cc4)n3)cc2nn1C,6.39,0.0,1
CHEMBL3650,Cc1c2ccc(N(C)c3ccnc(Nc4ccc(C(=O)Nc5ccccc5N)cc4)n3)cc2nn1C,6.72,0.0,1
CHEMBL3650,Cc1c[nH]c(/C=C2\C(=O)Nc3ccc(Br)cc32)c1CCC(=O)O,7.1,0.0,1
CHEMBL3650,Cc1c[nH]c(/C=C2\C(=O)Nc3cccc(C)c32)c1CCC(=O)O,7.52,0.0,1
CHEMBL3650,Cc1c[nH]c(/C=C2\C(=O)Nc3ccccc32)c1CCC(=O)O,6.333333333333333,1.2663859338026986,3
CHEMBL3650,Cc1cc(-c2cnc(Nc3cc(Cl)cc(Cl)c3)nc2NC2CCC(N(C)C)CC2)on1,5.77,0.0,1
CHEMBL3650,Cc1cc(C#N)ccc1-n1cc(-c2n[nH]c3cnc(N4C5CCC4C(=O)N(C)C5)nc23)cn1,5.9,0.0,1
CHEMBL3650,Cc1cc(C(=O)Nc2cc(Oc3ccc4nc(NC(=O)C5CC5)nn4c3)ccc2F)n(C)n1,5.57,0.0,1
CHEMBL3650,Cc1cc(C)c(-c2cc3cnc(N)nc3nc2NC(=O)NC(C)(C)C)c(C)c1,6.57,0.0,1
CHEMBL3650,Cc1cc(C)c(/C=C2\C(=O)Nc3ccccc32)[nH]1,5.15,0.0,1
CHEMBL3650,Cc1cc(C)c(C)c(-c2cc3cnc(N)nc3nc2NC(=O)NC(C)(C)C)c1C,6.15,0.0,1
CHEMBL3650,Cc1cc(C)c2cc(C(=O)c3cnn(-c4ccc5[nH]c(C)nc5c4)c3N)[nH]c2c1,7.52,0.0,1
CHEMBL3650,Cc1cc(C)cc(-c2cc3cnc(N)nc3nc2NC(=O)NC(C)(C)C)c1,5.95,0.0,1
CHEMBL3650,Cc1cc(Nc2cc(N3CCN(C)CC3)nc(/C=C/c3ccccc3)n2)n[nH]1,7.03,0.0,1
CHEMBL3650,Cc1cc(Nc2ncc3cc(-c4c(Cl)cccc4Cl)c(=O)n(C)c3n2)ccc1F,6.03,0.0,1
CHEMBL3650,Cc1cc2c(F)c(Oc3ncnn4cc(OC[C@@H](C)O)c(C)c34)ccc2[nH]1,7.1899999999999995,0.5091168824543144,2
CHEMBL3650,Cc1cc2c(F)c(Oc3ncnn4cc(OC[C@@H](C)OS(=O)(=O)O)c(C)c34)ccc2[nH]1,7.58,0.0,1
CHEMBL3650,Cc1cc2c(F)c(Oc3ncnn4cc(OC[C@H](C)O)c(C)c34)ccc2[nH]1,7.66,0.0,1
CHEMBL3650,Cc1cc2c(Nc3ccc(O)cc3)ncnc2s1,5.25,0.0,1
CHEMBL3650,Cc1cc2cc(-n3ncc(C(=O)c4cc5ccccc5[nH]4)c3N)ccc2[nH]1,7.16,0.0,1
CHEMBL3650,Cc1cc2cc(Nc3ncnn4cc(-c5nnc(C)o5)c(C(C)C)c34)cnc2[nH]1,7.11,0.0,1
CHEMBL3650,Cc1cc2cc(Oc3ccnc(Nc4cccc(CS(=O)(=O)NCCN(C)C)c4)n3)ccc2[nH]1,7.82,0.0,1
CHEMBL3650,Cc1cc2nc(-c3c(N)c4ccccc4[nH]c3=O)[nH]c2cc1C,7.16,0.0,1
CHEMBL3650,Cc1ccc(-c2cc3cnc(N)nc3nc2NC(=O)NC(C)(C)C)cc1,5.78,0.0,1
CHEMBL3650,Cc1ccc(-c2ccc3cc(C(=O)c4cnn(-c5ccc6[nH]c(C)nc6c5)c4N)[nH]c3c2)cn1,7.28,0.0,1
CHEMBL3650,Cc1ccc(-c2csc3ncnc(Nc4cccc(C(=O)O)c4)c23)cc1,4.96,0.0,1
CHEMBL3650,Cc1ccc(-c2csc3ncnc(Nc4cccc(O)c4)c23)cc1,6.16,0.0,1
CHEMBL3650,Cc1ccc(-c2nc3c(O)nc(N)nc3[nH]2)c(C)c1,4.9,0.0,1
CHEMBL3650,Cc1ccc(-n2cc(NC(=O)c3ccc(NS(=O)(=O)c4ccc(Cl)cc4)cc3)cn2)cc1,4.79,0.0,1
CHEMBL3650,Cc1ccc(-n2cc(NC(=O)c3ccc(NS(=O)(=O)c4ccccc4)cc3)cn2)cc1,4.55,0.0,1
CHEMBL3650,Cc1ccc(-n2cc(NC(=O)c3cccc(NS(=O)(=O)c4ccc(Cl)cc4)c3)cn2)cc1,4.76,0.0,1
CHEMBL3650,Cc1ccc(-n2cc(NC(=O)c3cccc(NS(=O)(=O)c4ccccc4)c3)cn2)cc1,4.79,0.0,1
CHEMBL3650,Cc1ccc(-n2nc(C(C)(C)C)cc2NC(=O)Nc2ccc(OCCN3CCOCC3)c3ccccc23)cc1,4.82,0.0,1
CHEMBL3650,Cc1ccc(C(=C2C(=O)Nc3ccc(C(=O)O)cc32)c2nc3ccccc3[nH]2)cc1,7.17,0.0,1
CHEMBL3650,Cc1ccc(C(=C2C(=O)Nc3ccc(N)cc32)c2nc3ccccc3[nH]2)cc1,7.29,0.0,1
CHEMBL3650,Cc1ccc(C(=C2C(=O)Nc3ccccc32)c2nc3ccccc3[nH]2)cc1,6.73,0.0,1
CHEMBL3650,Cc1ccc(C(=O)Nc2ccc(CN3CCN(C)CC3)c(C(F)(F)F)c2)cc1C#Cc1cnc(Nc2c(C)cccc2NC(=O)/C=C/CN(C)C)nc1,6.06,0.0,1
CHEMBL3650,Cc1ccc(C(=O)Nc2ccc(CN3CCN(C)CC3)c(C(F)(F)F)c2)cc1C#Cc1cnc2cccnn12,8.8575,0.2260346581094743,4
CHEMBL3650,Cc1ccc(C(=O)Nc2ccc(CN3CCN(C)CC3)c(C(F)(F)F)c2)cc1C#Cc1cncc(N2CCCC2)c1,8.12,0.0,1
CHEMBL3650,Cc1ccc(C(=O)Nc2ccc(CN3CCN(C)CC3)c(C(F)(F)F)c2)cc1C#Cc1cncc(N2CCN(C)CC2)c1,8.24,0.0,1
CHEMBL3650,Cc1ccc(C(=O)Nc2ccc(CN3CCN(C)CC3)c(C(F)(F)F)c2)cc1C#Cc1cncc(N2CCOCC2)c1,8.52,0.0,1
CHEMBL3650,Cc1ccc(C(=O)Nc2ccc(CN3CCN(C)CC3)c(C(F)(F)F)c2)cc1C#Cc1cncc(NC(C)C)c1,8.44,0.0,1
CHEMBL3650,Cc1ccc(C(=O)Nc2ccc(CN3CCN(C)CC3)c(C(F)(F)F)c2)cc1C#Cc1cncc2[nH]ccc12,8.17,0.0,1
CHEMBL3650,Cc1ccc(C(=O)Nc2ccc(CN3CCN(C)CC3)c(C(F)(F)F)c2)cc1C#Cc1cncc2c1ccn2C,8.96,0.0,1
CHEMBL3650,Cc1ccc(C(=O)Nc2ccc(CN3CCN(C)CC3)c(C(F)(F)F)c2)cc1C#Cc1cncc2ccccc12,8.92,0.0,1
CHEMBL3650,Cc1ccc(C(=O)Nc2ccc3c(c2)C(F)(F)C[C@@H]3N2CCN(C)CC2)cc1C#Cc1cnc2cccnn12,7.66,0.0,1
CHEMBL3650,Cc1ccc(C(=O)Nc2cccc(C(F)(F)F)c2)cc1-c1ccc2c(-c3ccc(C(=O)N4CCN(C)CC4)cc3)n[nH]c2c1,7.59,0.0,1
CHEMBL3650,Cc1ccc(C(=O)Nc2cccc(C(F)(F)F)c2)cc1-c1ccc2c(-c3ccc(CN4CCN(C)CC4)cc3)n[nH]c2c1,7.68,0.0,1
CHEMBL3650,Cc1ccc(C(=O)Nc2cccc(C(F)(F)F)c2)cc1-c1ccc2c(-c3ccc(N4CCC(N5CCOCC5)CC4)cc3)n[nH]c2c1,8.05,0.0,1
CHEMBL3650,Cc1ccc(C(=O)Nc2cccc(C(F)(F)F)c2)cc1-c1ccc2c(-c3ccc(N4CCN(C)CC4)cc3)n[nH]c2c1,7.71,0.0,1
CHEMBL3650,Cc1ccc(C(=O)Nc2cccc(C(F)(F)F)c2)cc1-c1ccc2c(-c3ccc(N4CCOCC4)cc3)n[nH]c2c1,7.26,0.0,1
CHEMBL3650,Cc1ccc(C(=O)Nc2cccc(C(F)(F)F)c2)cc1-c1ccc2c(-c3cnn(C(C)C)c3)n[nH]c2c1,7.7,0.0,1
CHEMBL3650,Cc1ccc(C(=O)Nc2cccc(C(F)(F)F)c2)cc1-c1ccc2c(-c3cnn(C)c3)n[nH]c2c1,8.19,0.0,1
CHEMBL3650,Cc1ccc(C(=O)Nc2cccc(C(F)(F)F)c2)cc1-c1ccc2c(-c3cnn(C4CC4)c3)n[nH]c2c1,7.51,0.0,1
CHEMBL3650,Cc1ccc(C(=O)Nc2cccc(C(F)(F)F)c2)cc1-c1ccc2c(-c3cnn(C4CCCCO4)c3)n[nH]c2c1,8.49,0.0,1
CHEMBL3650,Cc1ccc(C(=O)Nc2cccc(C(F)(F)F)c2)cc1-c1ccc2c(-c3cnn(C4CCN(C)CC4)c3)n[nH]c2c1,8.0,0.0,1
CHEMBL3650,Cc1ccc(C(=O)Nc2cccc(C(F)(F)F)c2)cc1-c1ccc2c(-c3cnn(C4CCOC4)c3)n[nH]c2c1,8.17,0.0,1
CHEMBL3650,Cc1ccc(C(=O)Nc2cccc(C(F)(F)F)c2)cc1-c1ccc2c(-c3cnn(CC(=O)N(C)C)c3)n[nH]c2c1,7.93,0.0,1
CHEMBL3650,Cc1ccc(C(=O)Nc2cccc(C(F)(F)F)c2)cc1-c1ccc2c(-c3cnn(CC(C)O)c3)n[nH]c2c1,7.57,0.0,1
CHEMBL3650,Cc1ccc(C(=O)Nc2cccc(C(F)(F)F)c2)cc1-c1ccc2c(-c3cnn(CCN4CCOCC4)c3)n[nH]c2c1,7.94,0.0,1
CHEMBL3650,Cc1ccc(C(=O)Nc2cccc(C(F)(F)F)c2)cc1-c1ccc2c(-c3cnn(CCO)c3)n[nH]c2c1,7.94,0.0,1
CHEMBL3650,Cc1ccc(C(C)O)cc1N(C)c1ccnc(Nc2cc(N3CCOCC3)cc(N3CCOCC3)c2)n1,5.81,0.0,1
CHEMBL3650,Cc1ccc(C)c(N(C)c2ccnc(Nc3cc(N4CCOCC4)cc(N4CCOCC4)c3)n2)c1,5.8,0.0,1
CHEMBL3650,Cc1ccc(CCCN(C)C)cc1Nc1ncc2c(n1)-c1ccc(Cl)cc1NC(=S)C2,5.8,0.0,1
CHEMBL3650,Cc1ccc(CO)cc1N(C)c1ccnc(Nc2cc(N3CCOCC3)cc(N3CCOCC3)c2)n1,5.48,0.0,1
CHEMBL3650,Cc1ccc(F)c(NC(=O)Nc2ccc(-c3cc(O)nc4[nH]nc(C)c34)cc2)c1,5.33,0.0,1
CHEMBL3650,Cc1ccc(F)c(NC(=O)Nc2ccc(-c3cccc4[nH]nc(N)c34)cc2)c1,5.26,0.0,1
CHEMBL3650,Cc1ccc(F)c(NC(=O)Nc2ccc(C3CC(O)=Nc4[nH]nc(C)c43)cc2)c1,4.47,0.0,1
CHEMBL3650,Cc1ccc(N2CCC(O)CC2)nc1C(=O)Nc1c(C)cc(C(=O)O)cc1C,8.01,0.0,1
CHEMBL3650,Cc1ccc(NC(=O)Nc2nc3nc(NCCCN4CCN(C)CC4)ncc3cc2-c2c(Cl)cccc2Cl)cc1,6.96,0.0,1
CHEMBL3650,Cc1ccc(NC(=O)c2ccc(C)c(C(F)(F)F)c2)cc1C#Cc1nn([C@H]2CC[C@H](O)CC2)c2ncnc(N)c12,8.15,0.0,1
CHEMBL3650,Cc1ccc(Nc2ncc3cc(-c4c(Cl)cccc4Cl)c(=O)n(C)c3n2)cc1,6.04,0.0,1
CHEMBL3650,Cc1ccc(Nc2nccc(N(C)c3ccc4c(C)n(C)nc4c3)n2)cc1S(N)(=O)=O,6.82,0.04242640687119289,2
CHEMBL3650,Cc1ccc(O)c(-c2ncc(N[C@@H](CO)c3ccccc3)cc2-c2ccc3[nH]nc(C)c3c2)c1,7.49,0.0,1
CHEMBL3650,Cc1ccc2[nH]c(-c3c(N)c4ccccc4[nH]c3=O)nc2c1,7.1,0.0,1
CHEMBL3650,Cc1ccc2[nH]c(-c3n[nH]c4ccc(OC(C)c5c(Cl)cncc5Cl)cc34)nc2c1,8.7,0.0,1
CHEMBL3650,Cc1ccc2[nH]c(-c3nc(C4CCC4)n4ccnc(N)c34)cc2c1,6.3,0.0,1
CHEMBL3650,Cc1ccc2cc(C(=O)c3cnn(-c4ccc5nc(C)[nH]c5c4)c3N)[nH]c2c1,7.75,0.0,1
CHEMBL3650,Cc1ccc2oc(-c3c4c(N)n[nH]c(=O)c4nn3-c3ccc(NC(=O)/C=C/CN(C)C)cc3)c(C)c2c1,8.57,0.07071067811865513,2
CHEMBL3650,Cc1ccc2oc(-c3c4c(N)n[nH]c(=O)c4nn3-c3ccc(NC(=O)/C=C/CN4CCOCC4)cc3)c(C)c2c1,7.51,0.0,1
CHEMBL3650,Cc1ccc2oc(-c3c4c(N)n[nH]c(=O)c4nn3-c3ccccc3)c(C)c2c1,7.97,0.0,1
CHEMBL3650,Cc1ccc2oc(-c3c4c(N)n[nH]c(=O)c4nn3C3CCCN(C(=O)/C=C/CN(C)C)C3)c(C)c2c1,6.93,0.0,1
CHEMBL3650,Cc1ccc2oc(-c3c4c(N)n[nH]c(=O)c4nn3C3CCCN(C(=O)C#CCO)C3)c(C)c2c1,7.66,0.0,1
CHEMBL3650,Cc1ccc2oc(-c3c4c(N)n[nH]c(=O)c4nn3C3CCN(C(=O)C#CCO)CC3)c(C)c2c1,8.66,0.0,1
CHEMBL3650,Cc1ccc2oc(-c3c4c(N)n[nH]c(=O)c4nn3C3CCN(C(=O)CC#N)CC3)c(C)c2c1,7.88,0.0,1
CHEMBL3650,Cc1ccc2sc(-c3c(CN4CCNC(=O)C4)cn4ncnc(N)c34)cc2c1,7.61,0.0,1
CHEMBL3650,Cc1cccc(-c2cc3cnc(N)nc3nc2NC(=O)NC(C)(C)C)c1C,6.47,0.0,1
CHEMBL3650,Cc1cccc(C(=C2C(=O)Nc3ccccc32)c2nc3ccccc3[nH]2)c1,6.09,0.0,1
CHEMBL3650,Cc1cccc(C(=O)c2cnn(-c3cc(O)ccc3Cl)c2N)c1,5.72,0.0,1
CHEMBL3650,Cc1cccc(C)c1-c1cc(C)c2nc(Nc3ccc(OCCN4CCCC4)cc3)nnc2c1,6.02,0.0,1
CHEMBL3650,Cc1cccc(C)c1-c1cc2cnc(N)nc2nc1N,4.89,0.0,1
CHEMBL3650,Cc1cccc(C)c1-c1cc2cnc(N)nc2nc1NC(=O)NC(C)(C)C,6.4,0.0,1
CHEMBL3650,Cc1cccc(N(C)c2ccnc(Nc3cc(N4CCOCC4)cc(N4CCOCC4)c3)n2)c1,6.3,0.0,1
CHEMBL3650,Cc1cccc(NC(=O)Nc2ccc(-c3cc(O)nc4[nH]nc(C)c34)cc2)c1,5.64,0.0,1
CHEMBL3650,Cc1cccc(NC(=O)Nc2ccc(C3CC(O)=Nc4[nH]nc(C)c43)cc2)c1,4.74,0.0,1
CHEMBL3650,Cc1cccc2[nH]c(-c3n[nH]c4ccc(OC(C)c5c(Cl)cncc5Cl)cc34)nc12,7.79,0.0,1
CHEMBL3650,Cc1cccc2[nH]c(=O)c(-c3nc4cc(N5CCN(C)CC5)ccc4[nH]3)c(N)c12,8.52,0.0,1
CHEMBL3650,Cc1ccccc1-c1cc2cnc(N)nc2nc1NC(=O)NC(C)(C)C,5.85,0.0,1
CHEMBL3650,Cc1ccccc1-n1nc(-c2nc(-c3cnn(C)c3)cnc2N)ccc1=O,6.08,0.0,1
CHEMBL3650,Cc1ccccc1C(=C1C(=O)Nc2ccccc21)c1nc2ccccc2[nH]1,6.69,0.0,1
CHEMBL3650,Cc1ccccc1N(C)c1ccnc(Nc2cc(N3CCOCC3)cc(N3CCOCC3)c2)n1,6.18,0.0,1
CHEMBL3650,Cc1cn2c(-c3ccc(N4CCC=CS4(=O)=O)cc3)c(-c3ccc(Oc4nccc(C)n4)cc3)c(C(N)=O)c2cn1,5.0,0.0,1
CHEMBL3650,Cc1cn2c(-c3ccc(NC(=O)/C=C/C4CCCN4C)cc3)c(-c3ccc(Oc4nccc(C)n4)cc3)c(C(N)=O)c2cn1,6.01,0.0,1
CHEMBL3650,Cc1cn2c(-c3ccc(NC(=O)/C=C/CN(C)C)cc3)c(-c3ccc(Oc4nccc(C)n4)cc3)c(C(N)=O)c2cn1,6.0,0.0,1
CHEMBL3650,Cc1cn2c(-c3ccc4c(c3)CCN(C#N)C4)c(-c3ccc(Oc4nccc(C)n4)cc3)c(C(N)=O)c2cn1,5.1,0.0,1
CHEMBL3650,Cc1cnc2cc(-n3nc(-c4nc(-c5cnn(C6CCNCC6)c5)cnc4N)ccc3=O)ccc2c1,7.85,0.0,1
CHEMBL3650,Cc1cnc2n1CCN(c1ncc3[nH]nc(-c4ccc(N5CCN[C@H](C)C5)nc4)c3n1)C2,5.9,0.0,1
CHEMBL3650,Cc1n[nH]c2ccc(-c3cc(NC[C@H](O)c4ccccc4)cnc3-c3cc(Cl)ccc3O)cc12,6.77,0.0,1
CHEMBL3650,Cc1n[nH]c2ccc(-c3cc(N[C@@H](CO)c4ccccc4)cnc3-c3cc(Cl)ccc3O)cc12,7.25,0.0,1
CHEMBL3650,Cc1n[nH]c2ccc(-c3cc(N[C@@H](CO)c4ccccc4)cnc3-c3cc(F)c(F)cc3O)cc12,7.97,0.0,1
CHEMBL3650,Cc1n[nH]c2ccc(-c3cc(N[C@@H](CO)c4ccccc4)cnc3-c3cc(F)cc(F)c3O)cc12,7.2,0.0,1
CHEMBL3650,Cc1n[nH]c2ccc(-c3cc(N[C@@H](CO)c4ccccc4)cnc3-c3cc(F)ccc3O)cc12,7.75,0.0,1
CHEMBL3650,Cc1n[nH]c2ccc(-c3cc(N[C@@H](CO)c4ccccc4)cnc3-c3ccc(F)cc3O)cc12,7.6,0.0,1
CHEMBL3650,Cc1n[nH]c2ccc(-c3cc(N[C@@H](CO)c4ccccc4)cnc3-c3cccc(F)c3O)cc12,7.55,0.0,1
CHEMBL3650,Cc1n[nH]c2ccc(-c3cc(N[C@@H](CO)c4ccccc4)cnc3-c3cccc(O)c3)cc12,7.18,0.0,1
CHEMBL3650,Cc1n[nH]c2ccc(-c3cc(N[C@@H](CO)c4ccccc4)cnc3-c3cccc4cc[nH]c34)cc12,6.34,0.0,1
CHEMBL3650,Cc1n[nH]c2ccc(-c3cc(N[C@@H](CO)c4ccccc4)cnc3-c3ccccc3)cc12,6.89,0.0,1
CHEMBL3650,Cc1n[nH]c2ccc(-c3cc(N[C@@H](CO)c4ccccc4)cnc3-c3ccccc3C(N)=O)cc12,7.31,0.0,1
CHEMBL3650,Cc1n[nH]c2ccc(-c3cc(N[C@@H](CO)c4ccccc4)cnc3-c3ccccc3CO)cc12,6.78,0.0,1
CHEMBL3650,Cc1n[nH]c2ccc(-c3cc(N[C@@H](CO)c4ccccc4)cnc3-c3ccccc3F)cc12,6.36,0.0,1
CHEMBL3650,Cc1n[nH]c2ccc(-c3cc(N[C@@H](CO)c4ccccc4)cnc3-c3ccccc3O)cc12,7.83,0.0,1
CHEMBL3650,Cc1n[nH]c2ccc(-c3cc(N[C@@H](CO)c4ccccc4)cnc3-c3ccoc3)cc12,5.42,0.0,1
CHEMBL3650,Cc1n[nH]c2ccc(-c3cc(N[C@@H](CO)c4ccccc4)cnc3-c3ccsc3)cc12,6.49,0.0,1
CHEMBL3650,Cc1n[nH]c2ncc(-c3cc(N[C@@H](CO)c4ccccc4)cnc3-c3cc(Cl)ccc3O)cc12,7.6,0.0,1
CHEMBL3650,Cc1n[nH]c2nccc(-c3ccc(NC(=S)Nc4cccc(Br)c4)cc3)c12,4.7,0.0,1
CHEMBL3650,Cc1n[nH]c2nccc(-c3ccc(NC(=S)Nc4cccc(C(F)(F)F)c4)cc3)c12,4.37,0.0,1
CHEMBL3650,Cc1nc(Nc2ccc(O)cc2)c2cc(-c3ccccc3)sc2n1,5.3,0.0,1
CHEMBL3650,Cc1nc(Nc2ncc(C(=O)Nc3c(C)cccc3Cl)s2)cc(N2CCN(CCO)CC2)n1,6.06,0.0,1
CHEMBL3650,Cc1nc2c(F)cc(-n3ncc(C(=O)c4cc5ccccc5[nH]4)c3N)cc2[nH]1,7.46,0.0,1
CHEMBL3650,Cc1nc2c([nH]1)CCC(n1ncc(C(=O)c3cc4cc(CN5CCN(S(C)(=O)=O)CC5)ccc4[nH]3)c1N)=C2,8.1,0.0,1
CHEMBL3650,Cc1nc2cc(-n3ncc(C(=O)C4=CC5C=C(C(=O)N6CCC(F)(F)C6)C=CC5N4)c3N)ccc2[nH]1,7.25,0.0,1
CHEMBL3650,Cc1nc2cc(-n3ncc(C(=O)C4=CC5C=CC(C#N)=CC5N4)c3N)ccc2[nH]1,8.05,0.0,1
CHEMBL3650,Cc1nc2cc(-n3ncc(C(=O)C4=CC5C=CC=CC5N4)c3N)ccc2[nH]1,8.3,0.0,1
CHEMBL3650,Cc1nc2cc(-n3ncc(C(=O)c4cc(-c5cccc(F)c5)c[nH]4)c3N)ccc2[nH]1,6.68,0.0,1
CHEMBL3650,Cc1nc2cc(-n3ncc(C(=O)c4cc(-c5cccnc5)c(-c5cccnc5)[nH]4)c3N)ccc2[nH]1,5.77,0.0,1
CHEMBL3650,Cc1nc2cc(-n3ncc(C(=O)c4cc(Br)c(Br)[nH]4)c3N)ccc2[nH]1,6.58,0.0,1
CHEMBL3650,Cc1nc2cc(-n3ncc(C(=O)c4cc(Br)c[nH]4)c3N)ccc2[nH]1,6.41,0.0,1
CHEMBL3650,Cc1nc2cc(-n3ncc(C(=O)c4cc5c(C(C)(C)C)cc(C(C)(C)C)cc5[nH]4)c3N)ccc2[nH]1,7.47,0.0,1
CHEMBL3650,Cc1nc2cc(-n3ncc(C(=O)c4cc5c(C(C)C)cccc5[nH]4)c3N)ccc2[nH]1,7.05,0.0,1
CHEMBL3650,Cc1nc2cc(-n3ncc(C(=O)c4cc5c(C)cccc5[nH]4)c3N)ccc2[nH]1,7.37,0.0,1
CHEMBL3650,Cc1nc2cc(-n3ncc(C(=O)c4cc5c(F)cc(Br)cc5[nH]4)c3N)ccc2[nH]1,7.35,0.0,1
CHEMBL3650,Cc1nc2cc(-n3ncc(C(=O)c4cc5c(F)cccc5[nH]4)c3N)ccc2[nH]1,7.16,0.0,1
CHEMBL3650,Cc1nc2cc(-n3ncc(C(=O)c4cc5c(NC(CO)CO)cccc5[nH]4)c3N)ccc2[nH]1,8.38,0.0,1
CHEMBL3650,Cc1nc2cc(-n3ncc(C(=O)c4cc5c(NCCN6CCOCC6)cccc5[nH]4)c3N)ccc2[nH]1,8.29,0.0,1
CHEMBL3650,Cc1nc2cc(-n3ncc(C(=O)c4cc5c(NCCc6ccncc6)cccc5[nH]4)c3N)ccc2[nH]1,8.07,0.0,1
CHEMBL3650,Cc1nc2cc(-n3ncc(C(=O)c4cc5c(OC(C)C)cccc5[nH]4)c3N)ccc2[nH]1,7.04,0.0,1
CHEMBL3650,Cc1nc2cc(-n3ncc(C(=O)c4cc5c([nH]4)=CC(CN4CCOCC4)C(F)C=5)c3N)ccc2[nH]1,7.75,0.0,1
CHEMBL3650,Cc1nc2cc(-n3ncc(C(=O)c4cc5cc(-c6ccc(O)nc6)ccc5[nH]4)c3N)ccc2[nH]1,7.44,0.0,1
CHEMBL3650,Cc1nc2cc(-n3ncc(C(=O)c4cc5cc(-c6cccnc6)ccc5[nH]4)c3N)ccc2[nH]1,7.32,0.0,1
CHEMBL3650,Cc1nc2cc(-n3ncc(C(=O)c4cc5cc(-n6ccnc6)ccc5[nH]4)c3N)ccc2[nH]1,7.51,0.0,1
CHEMBL3650,Cc1nc2cc(-n3ncc(C(=O)c4cc5cc(C(=O)N6CC(C)OC(C)C6)ccc5[nH]4)c3N)ccc2[nH]1,6.68,0.0,1
CHEMBL3650,Cc1nc2cc(-n3ncc(C(=O)c4cc5cc(C(=O)N6CCC(N7CCCCC7)CC6)ccc5[nH]4)c3N)ccc2[nH]1,7.42,0.0,1
CHEMBL3650,Cc1nc2cc(-n3ncc(C(=O)c4cc5cc(C(=O)N6CCCC(F)(F)C6)ccc5[nH]4)c3N)ccc2[nH]1,7.52,0.0,1
CHEMBL3650,Cc1nc2cc(-n3ncc(C(=O)c4cc5cc(C(=O)N6CCN(C)CC6)ccc5[nH]4)c3N)ccc2[nH]1,8.7,0.0,1
CHEMBL3650,Cc1nc2cc(-n3ncc(C(=O)c4cc5cc(C(=O)N6CCN(CC(F)(F)F)CC6)ccc5[nH]4)c3N)ccc2[nH]1,7.02,0.0,1
CHEMBL3650,Cc1nc2cc(-n3ncc(C(=O)c4cc5cc(C(=O)N6CCOCC6)ccc5[nH]4)c3N)ccc2[nH]1,8.42,0.0,1
CHEMBL3650,Cc1nc2cc(-n3ncc(C(=O)c4cc5cc(C(=O)N6CC[C@H](F)C6)ccc5[nH]4)c3N)ccc2[nH]1,5.55,0.0,1
CHEMBL3650,Cc1nc2cc(-n3ncc(C(=O)c4cc5cc(C(=O)NCC(F)(F)F)ccc5[nH]4)c3N)ccc2[nH]1,7.0,0.0,1
CHEMBL3650,Cc1nc2cc(-n3ncc(C(=O)c4cc5cc(C(=O)O)ccc5[nH]4)c3N)ccc2[nH]1,8.52,0.0,1
CHEMBL3650,Cc1nc2cc(-n3ncc(C(=O)c4cc5cc(C(C)(C)C)ccc5[nH]4)c3N)ccc2[nH]1,6.82,0.0,1
CHEMBL3650,Cc1nc2cc(-n3ncc(C(=O)c4cc5cc(C(F)(F)F)ccc5[nH]4)c3N)ccc2[nH]1,7.04,0.0,1
CHEMBL3650,Cc1nc2cc(-n3ncc(C(=O)c4cc5cc(C6=C(C(F)(F)F)CCC=C6)ccc5[nH]4)c3N)ccc2[nH]1,6.58,0.0,1
CHEMBL3650,Cc1nc2cc(-n3ncc(C(=O)c4cc5cc(C6=CCNCC6)ccc5[nH]4)c3N)ccc2[nH]1,7.37,0.0,1
CHEMBL3650,Cc1nc2cc(-n3ncc(C(=O)c4cc5cc(C6CCN(C(C)C)CC6)c(C(F)(F)F)cc5[nH]4)c3N)ccc2[nH]1,7.41,0.0,1
CHEMBL3650,Cc1nc2cc(-n3ncc(C(=O)c4cc5cc(C6CCN(C(C)C)CC6)ccc5[nH]4)c3N)ccc2[nH]1,7.96,0.0,1
CHEMBL3650,Cc1nc2cc(-n3ncc(C(=O)c4cc5cc(C6CCN(C7CCCC7)CC6)ccc5[nH]4)c3N)ccc2[nH]1,7.96,0.0,1
CHEMBL3650,Cc1nc2cc(-n3ncc(C(=O)c4cc5cc(C6CCNCC6)c(F)cc5[nH]4)c3N)ccc2[nH]1,7.48,0.0,1
CHEMBL3650,Cc1nc2cc(-n3ncc(C(=O)c4cc5cc(CN6C(C)CCC6C)ccc5[nH]4)c3N)ccc2[nH]1,9.49,0.0,1
CHEMBL3650,Cc1nc2cc(-n3ncc(C(=O)c4cc5cc(CN6CCCC(F)C6)ccc5[nH]4)c3N)ccc2[nH]1,9.17,0.0,1
CHEMBL3650,Cc1nc2cc(-n3ncc(C(=O)c4cc5cc(CN6CCCC6)ccc5[nH]4)c3N)ccc2[nH]1,8.85,0.0,1
CHEMBL3650,Cc1nc2cc(-n3ncc(C(=O)c4cc5cc(CN6CCN(C)CC6)ccc5[nH]4)c3N)ccc2[nH]1,8.8,0.0,1
CHEMBL3650,Cc1nc2cc(-n3ncc(C(=O)c4cc5cc(CN6CCN(S(C)(=O)=O)CC6)ccc5[nH]4)c3N)ccc2[nH]1,8.1,0.0,1
CHEMBL3650,Cc1nc2cc(-n3ncc(C(=O)c4cc5cc(CN6CCNCC6)ccc5[nH]4)c3N)ccc2[nH]1,7.18,0.0,1
CHEMBL3650,Cc1nc2cc(-n3ncc(C(=O)c4cc5cc(Cc6ccccc6)ccc5[nH]4)c3N)ccc2[nH]1,7.29,0.0,1
CHEMBL3650,Cc1nc2cc(-n3ncc(C(=O)c4cc5cc(Cl)c(OCC6CC6)cc5[nH]4)c3N)ccc2[nH]1,7.21,0.0,1
CHEMBL3650,Cc1nc2cc(-n3ncc(C(=O)c4cc5cc(F)c(Br)cc5[nH]4)c3N)ccc2[nH]1,7.51,0.0,1
CHEMBL3650,Cc1nc2cc(-n3ncc(C(=O)c4cc5cc(F)c(C(F)(F)F)cc5[nH]4)c3N)ccc2[nH]1,7.22,0.0,1
CHEMBL3650,Cc1nc2cc(-n3ncc(C(=O)c4cc5cc(OCC6CC6)ccc5[nH]4)c3N)ccc2[nH]1,7.62,0.0,1
CHEMBL3650,Cc1nc2cc(-n3ncc(C(=O)c4cc5cc(Oc6ccccc6)ccc5[nH]4)c3N)ccc2[nH]1,6.92,0.0,1
CHEMBL3650,Cc1nc2cc(-n3ncc(C(=O)c4cc5cc(SC(F)(F)F)ccc5[nH]4)c3N)ccc2[nH]1,6.85,0.0,1
CHEMBL3650,Cc1nc2cc(-n3ncc(C(=O)c4cc5cc6c(cc5[nH]4)OC(F)(F)O6)c3N)ccc2[nH]1,7.24,0.0,1
CHEMBL3650,Cc1nc2cc(-n3ncc(C(=O)c4cc5cc6c(cc5[nH]4)OCCO6)c3N)ccc2[nH]1,7.42,0.0,1
CHEMBL3650,Cc1nc2cc(-n3ncc(C(=O)c4cc5ccc(-c6ccc(C(F)(F)F)cn6)cc5[nH]4)c3N)ccc2[nH]1,7.03,0.0,1
CHEMBL3650,Cc1nc2cc(-n3ncc(C(=O)c4cc5ccc(-c6ccc(F)cc6)cc5[nH]4)c3N)ccc2[nH]1,7.38,0.0,1
CHEMBL3650,Cc1nc2cc(-n3ncc(C(=O)c4cc5ccc(-c6ccc(F)cn6)cc5[nH]4)c3N)ccc2[nH]1,7.66,0.0,1
CHEMBL3650,Cc1nc2cc(-n3ncc(C(=O)c4cc5ccc(-c6ccc(N7CCOCC7)nc6)cc5[nH]4)c3N)ccc2[nH]1,7.54,0.0,1
CHEMBL3650,Cc1nc2cc(-n3ncc(C(=O)c4cc5ccc(-c6cccc(C(F)(F)F)c6)cc5[nH]4)c3N)ccc2[nH]1,6.34,0.0,1
CHEMBL3650,Cc1nc2cc(-n3ncc(C(=O)c4cc5ccc(-c6ccccc6)cc5[nH]4)c3N)ccc2[nH]1,7.3,0.0,1
CHEMBL3650,Cc1nc2cc(-n3ncc(C(=O)c4cc5ccc(-c6cccnn6)cc5[nH]4)c3N)ccc2[nH]1,7.75,0.0,1
CHEMBL3650,Cc1nc2cc(-n3ncc(C(=O)c4cc5ccc(-c6cccs6)cc5[nH]4)c3N)ccc2[nH]1,7.44,0.0,1
CHEMBL3650,Cc1nc2cc(-n3ncc(C(=O)c4cc5ccc(-c6cncc(S(C)(=O)=O)c6)cc5[nH]4)c3N)ccc2[nH]1,7.37,0.0,1
CHEMBL3650,Cc1nc2cc(-n3ncc(C(=O)c4cc5ccc(-c6cnn(C)c6)cc5[nH]4)c3N)ccc2[nH]1,8.14,0.7071067811865478,2
CHEMBL3650,Cc1nc2cc(-n3ncc(C(=O)c4cc5ccc(Br)cc5[nH]4)c3N)ccc2[nH]1,7.414999999999999,0.14849242404917526,2
CHEMBL3650,Cc1nc2cc(-n3ncc(C(=O)c4cc5ccc(C6CC6)cc5[nH]4)c3N)ccc2[nH]1,7.35,0.0,1
CHEMBL3650,Cc1nc2cc(-n3ncc(C(=O)c4cc5ccc(C6CCN(C)CC6)cc5[nH]4)c3N)ccc2[nH]1,8.16,0.0,1
CHEMBL3650,Cc1nc2cc(-n3ncc(C(=O)c4cc5ccc(CN6CCC(F)(F)CC6)cc5[nH]4)c3N)ccc2[nH]1,8.53,0.014142135623730649,2
CHEMBL3650,Cc1nc2cc(-n3ncc(C(=O)c4cc5ccc(CN6CCC(O)CC6)cc5[nH]4)c3N)ccc2[nH]1,8.28,0.0,1
CHEMBL3650,Cc1nc2cc(-n3ncc(C(=O)c4cc5ccc(CN6CCNCC6)cc5[nH]4)c3N)ccc2[nH]1,7.55,0.0,1
CHEMBL3650,Cc1nc2cc(-n3ncc(C(=O)c4cc5ccc(CN6CCOCC6)cc5[nH]4)c3N)ccc2[nH]1,8.835,0.021213203435595344,2
CHEMBL3650,Cc1nc2cc(-n3ncc(C(=O)c4cc5ccc(CN6CCOC[C@@H]6C)cc5[nH]4)c3N)ccc2[nH]1,8.57,0.0,1
CHEMBL3650,Cc1nc2cc(-n3ncc(C(=O)c4cc5ccc(CO)cc5[nH]4)c3N)ccc2[nH]1,7.82,0.0,1
CHEMBL3650,Cc1nc2cc(-n3ncc(C(=O)c4cc5ccc(Cl)cc5[nH]4)c3N)ccc2[nH]1,7.04,0.0,1
CHEMBL3650,Cc1nc2cc(-n3ncc(C(=O)c4cc5ccc(I)cc5[nH]4)c3N)ccc2[nH]1,7.8,0.0,1
CHEMBL3650,Cc1nc2cc(-n3ncc(C(=O)c4cc5ccc(N6CCOCC6)cc5[nH]4)c3N)ccc2[nH]1,8.6,0.0,1
CHEMBL3650,Cc1nc2cc(-n3ncc(C(=O)c4cc5ccc(NS(C)(=O)=O)cc5[nH]4)c3N)ccc2[nH]1,7.6,0.0,1
CHEMBL3650,Cc1nc2cc(-n3ncc(C(=O)c4cc5ccc(O)cc5[nH]4)c3N)ccc2[nH]1,7.57,0.0,1
CHEMBL3650,Cc1nc2cc(-n3ncc(C(=O)c4cc5ccc(OC6CCOCC6)cc5[nH]4)c3N)ccc2[nH]1,8.52,0.0,1
CHEMBL3650,Cc1nc2cc(-n3ncc(C(=O)c4cc5ccc(OC6COC6)cc5[nH]4)c3N)ccc2[nH]1,7.68,0.0,1
CHEMBL3650,Cc1nc2cc(-n3ncc(C(=O)c4cc5ccc(OCC6(C)COC6)cc5[nH]4)c3N)ccc2[nH]1,9.09,0.0,1
CHEMBL3650,Cc1nc2cc(-n3ncc(C(=O)c4cc5ccc(OCCN6CCN(C)CC6)cc5[nH]4)c3N)ccc2[nH]1,8.0,0.0,1
CHEMBL3650,Cc1nc2cc(-n3ncc(C(=O)c4cc5ccc(OCCN6CCOCC6)cc5[nH]4)c3N)ccc2[nH]1,8.57,0.0,1
CHEMBL3650,Cc1nc2cc(-n3ncc(C(=O)c4cc5ccc(OCc6ccccc6)cc5[nH]4)c3N)ccc2[nH]1,7.34,0.0,1
CHEMBL3650,Cc1nc2cc(-n3ncc(C(=O)c4cc5ccc(S(C)(=O)=O)cc5[nH]4)c3N)ccc2[nH]1,7.25,0.0,1
CHEMBL3650,Cc1nc2cc(-n3ncc(C(=O)c4cc5ccccc5[nH]4)c3N)c(F)cc2[nH]1,7.46,0.0,1
CHEMBL3650,Cc1nc2cc(-n3ncc(C(=O)c4cc5ncccc5[nH]4)c3N)ccc2[nH]1,7.38,0.0,1
CHEMBL3650,Cc1nc2cc(-n3ncc(C(=O)c4ccc(F)cc4)c3N)ccc2[nH]1,7.02,0.0,1
CHEMBL3650,Cc1nc2cc(-n3ncc(C(=O)c4ccc5cc[nH]c5c4)c3N)ccc2[nH]1,5.44,0.0,1
CHEMBL3650,Cc1nc2cc(-n3ncc(C(=O)c4ccc[nH]4)c3N)ccc2[nH]1,6.01,0.0,1
CHEMBL3650,Cc1nc2cc(-n3ncc(C(=O)c4cccc(Cl)c4)c3N)ccc2[nH]1,7.11,0.0,1
CHEMBL3650,Cc1nc2cc(-n3ncc(C(=O)c4nc5ccccc5s4)c3N)ccc2[nH]1,7.42,0.0,1
CHEMBL3650,Cc1nc2cc(Cl)c(-c3cc4cnc(Nc5ccc(N6CCC(N(C)C)CC6)cc5)nc4n4cnnc34)cc2[nH]1,8.72,0.0,1
CHEMBL3650,Cc1nc2cc(Cl)c(-c3cc4cnc(Nc5ccc(N6CCOCC6)cc5)nc4n4cnnc34)cc2[nH]1,8.7,0.0,1
CHEMBL3650,Cc1nc2ccc(-n3ncc(C(=O)c4[nH]c5ccccc5c4F)c3N)cc2[nH]1,7.12,0.0,1
CHEMBL3650,Cc1nc2ccc(-n3ncc(C(=O)c4cc5cc(CN6CCOCC6)ccc5[nH]4)c3N)cc2[nH]1,8.54,0.0,1
CHEMBL3650,Cc1nc2ccc(-n3ncc(C(=O)c4cc5ccc(C#N)cc5[nH]4)c3N)cc2[nH]1,8.05,0.0,1
CHEMBL3650,Cc1nc2ccc(-n3ncc(C(=O)c4cc5ccccc5[nH]4)c3N)cc2[nH]1,8.165,0.19091883092036943,2
CHEMBL3650,Cc1ncc(CCCN(C)C)cc1Nc1ncc2c(n1)-c1ccc(Cl)cc1NC(=S)C2,6.7,0.0,1
CHEMBL3650,Cc1nnc(-c2cn3ncnc(Nc4cnc5[nH]ccc5c4)c3c2C(C)C)o1,7.21,0.0,1
CHEMBL3650,Cc1sc2ncnc(Nc3ccc(O)cc3)c2c1-c1ccccc1,5.9,0.0,1
CHEMBL3650,Clc1ccc2c(c1Nc1ncnc3cc(OCCCN4CCCC4)cc(OC4CCOCC4)c13)OCO2,4.43,0.0,1
CHEMBL3650,Clc1cncc(Cl)c1COc1ccc2[nH]nc(-c3nc4cc(N5CCCCC5)ccc4[nH]3)c2c1,8.18,0.0,1
CHEMBL3650,Clc1cnccc1COc1ccc2[nH]nc(-c3nc4cc(N5CCCCC5)ccc4[nH]3)c2c1,7.87,0.0,1
CHEMBL3650,Cn1c(-c2c(O)c3ccccc3[nH]c2=O)nc2ccccc21,5.1,0.0,1
CHEMBL3650,Cn1c(=O)c(-c2c(Cl)cccc2Cl)cc2cnc(N)cc21,6.42,0.0,1
CHEMBL3650,Cn1c(=O)c(-c2c(Cl)cccc2Cl)cc2cnc(N)nc21,5.89,0.0,1
CHEMBL3650,Cn1c(=O)c(-c2c(Cl)cccc2Cl)cc2cnc(NC3CCCCC3)nc21,5.17,0.0,1
CHEMBL3650,Cn1c(=O)c(-c2c(Cl)cccc2Cl)cc2cnc(NCCCCCC(=O)O)nc21,6.24,0.0,1
CHEMBL3650,Cn1c(=O)c(-c2c(Cl)cccc2Cl)cc2cnc(NCCCCN3CCOCC3)cc21,6.64,0.0,1
CHEMBL3650,Cn1c(=O)c(-c2c(Cl)cccc2Cl)cc2cnc(NCCCN3CCOCC3)cc21,6.24,0.0,1
CHEMBL3650,Cn1c(=O)c(-c2c(Cl)cccc2Cl)cc2cnc(NCCCN3CCOCC3)nc21,5.85,0.0,1
CHEMBL3650,Cn1c(=O)c(-c2c(Cl)cccc2Cl)cc2cnc(NCCCn3ccnc3)cc21,6.68,0.0,1
CHEMBL3650,Cn1c(=O)c(-c2c(Cl)cccc2Cl)cc2cnc(NCCO)nc21,5.78,0.0,1
CHEMBL3650,Cn1c(=O)c(-c2c(Cl)cccc2Cl)cc2cnc(NCCc3ccccn3)nc21,5.18,0.0,1
CHEMBL3650,Cn1c(=O)c(-c2c(Cl)cccc2Cl)cc2cnc(NCc3ccccc3)nc21,4.85,0.0,1
CHEMBL3650,Cn1c(=O)c(-c2c(Cl)cccc2Cl)cc2cnc(NCc3ccccn3)nc21,5.49,0.0,1
CHEMBL3650,Cn1c(=O)c(-c2c(Cl)cccc2Cl)cc2cnc(NCc3cccnc3)nc21,5.5,0.0,1
CHEMBL3650,Cn1c(=O)c(-c2c(Cl)cccc2Cl)cc2cnc(Nc3ccc(CC(=O)O)cc3)nc21,7.21,0.0,1
CHEMBL3650,Cn1c(=O)c(-c2c(Cl)cccc2Cl)cc2cnc(Nc3ccc(CCCC(=O)O)cc3)nc21,6.96,0.0,1
CHEMBL3650,Cn1c(=O)c(-c2c(Cl)cccc2Cl)cc2cnc(Nc3ccc(Cl)cc3)nc21,5.52,0.0,1
CHEMBL3650,Cn1c(=O)c(-c2c(Cl)cccc2Cl)cc2cnc(Nc3ccc(F)cc3)nc21,6.03,0.0,1
CHEMBL3650,Cn1c(=O)c(-c2c(Cl)cccc2Cl)cc2cnc(Nc3ccc(N4CCOCC4)cc3)cc21,5.06,0.0,1
CHEMBL3650,Cn1c(=O)c(-c2c(Cl)cccc2Cl)cc2cnc(Nc3ccc(N4CCOCC4)cc3)nc21,7.0,0.0,1
CHEMBL3650,Cn1c(=O)c(-c2c(Cl)cccc2Cl)cc2cnc(Nc3ccc(O)cc3)nc21,6.82,0.0,1
CHEMBL3650,Cn1c(=O)c(-c2c(Cl)cccc2Cl)cc2cnc(Nc3ccc(OCCN)cc3)nc21,7.26,0.0,1
CHEMBL3650,Cn1c(=O)c(-c2c(Cl)cccc2Cl)cc2cnc(Nc3ccc(OCCN4CCCCC4)cc3)nc21,7.41,0.0,1
CHEMBL3650,Cn1c(=O)c(-c2c(Cl)cccc2Cl)cc2cnc(Nc3cccc(Br)c3)nc21,5.62,0.0,1
CHEMBL3650,Cn1c(=O)c(-c2c(Cl)cccc2Cl)cc2cnc(Nc3cccc(C(=O)O)c3)nc21,6.96,0.0,1
CHEMBL3650,Cn1c(=O)c(-c2c(Cl)cccc2Cl)cc2cnc(Nc3cccc(CO)c3)nc21,7.154999999999999,0.07778174593052077,2
CHEMBL3650,Cn1c(=O)c(-c2c(Cl)cccc2Cl)cc2cnc(Nc3cccc(O)c3)nc21,6.75,0.0,1
CHEMBL3650,Cn1c(=O)c(-c2c(Cl)cccc2Cl)cc2cnc(Nc3ccccc3)cc21,5.66,0.0,1
CHEMBL3650,Cn1c(=O)c(-c2c(Cl)cccc2Cl)cc2cnc(Nc3ccccc3)nc21,6.93,0.8343860018001259,2
CHEMBL3650,Cn1c(=O)c(-c2c(Cl)cccc2Cl)cc2cnc(Nc3cccnc3)nc21,6.82,0.0,1
CHEMBL3650,Cn1c(=O)c(-c2c(Cl)cccc2Cl)cc2cnc(Nc3ccncc3)cc21,5.46,0.0,1
CHEMBL3650,Cn1c(=O)c(-c2c(Cl)cccc2Cl)cc2cnc(Nc3ccncc3)nc21,6.72,0.0,1
CHEMBL3650,Cn1c(=O)c(/C=C/c2ccccn2)nc2ccccc21,4.57,0.0,1
CHEMBL3650,Cn1cc(-c2ccc3c(c2)ncn3-c2cc(NC(=O)Cn3cncn3)cc(-c3ccc(F)cc3F)c2)cn1,8.54,0.0,1
CHEMBL3650,Cn1cc(-c2ccc3c(c2)ncn3-c2cc(NS(=O)(=O)C3CC3)cc(-c3ccc(F)cc3F)c2)cn1,7.9399999999999995,0.02828427124746224,2
CHEMBL3650,Cn1cc(-c2ccc3c(c2)ncn3-c2cc(NS(=O)(=O)N3CCCCC3)cc(-n3cccn3)c2)cn1,7.08,0.0,1
CHEMBL3650,Cn1cc(-c2ccc3c(c2)ncn3-c2cc(Nc3ncccn3)cc(-c3ccc(F)cc3F)c2)cn1,7.05,0.0,1
CHEMBL3650,Cn1cc(-c2ccc3c(c2)ncn3-c2cc(Nc3nccs3)cc(-c3ccc(F)cc3F)c2)cn1,8.05,0.0,1
CHEMBL3650,Cn1cc(-c2ccc3cc(C(=O)c4cnn(-c5ccc6[nH]c(C7CC7)nc6c5)c4N)[nH]c3c2)cn1,7.85,0.0,1
CHEMBL3650,Cn1cc(-c2ccc3ncc(N(CCN)c4cc(F)cc(OCCO)c4)nc3c2)cn1,7.94,0.0,1
CHEMBL3650,Cn1cc(-c2cnc3c(c2)ncn3-c2cc(NS(=O)(=O)NC3CC3)cc(-c3ccc(F)cc3F)c2)cn1,7.85,0.0,1
CHEMBL3650,Cn1cc(-c2cnc3c(c2)ncn3-c2cc(NS(=O)(=O)c3ccccc3)cc(-c3ccc(F)cc3F)c2)cn1,7.01,0.0,1
CHEMBL3650,Cn1cc(-c2cnc3ccc(N(CC4CC4)c4cccc(OC(F)(F)F)c4)cc3n2)cn1,5.1,0.0,1
CHEMBL3650,Cn1cc(-c2cnc3ccc(N(CC4CC4)c4cccc(OC(F)F)c4)cc3n2)cn1,5.92,0.0,1
CHEMBL3650,Cn1cc(-c2cnc3ccc(N(CC4CC4)c4ccccc4)cc3n2)cn1,6.45,0.0,1
CHEMBL3650,Cn1cc(-c2cnc3ccc(N(CCCNCC(F)(F)F)c4cc(Cl)cc(Cl)c4)cc3n2)cn1,6.36,0.0,1
CHEMBL3650,Cn1cc(-c2n[nH]c3cnc(C4C5CCC4C(=O)N(CCF)C5)nc23)cn1,6.33,0.0,1
CHEMBL3650,Cn1cc(-c2n[nH]c3cnc(N4C5CCC4C(=O)N(CCF)C5)nc23)cn1,6.52,0.0,1
CHEMBL3650,Cn1cc(-c2n[nH]c3cnc(N4CCc5cn[nH]c5C4)nc23)cn1,6.52,0.0,1
CHEMBL3650,Cn1cc(-c2n[nH]c3cnc(N4CCc5ncccc5C4)nc23)cn1,5.9,0.0,1
CHEMBL3650,Cn1cc(-c2n[nH]c3cnc(N4CCc5ncsc5C4)nc23)cn1,5.9,0.0,1
CHEMBL3650,Cn1cc(-c2n[nH]c3cnc(N4CCn5cnc(C(F)(F)F)c5C4)nc23)cn1,6.52,0.0,1
CHEMBL3650,Cn1cc(/C=C2\Oc3cccc(O)c3C2=O)c2c(-c3ccc(C(=O)NCCO)cc3)ccnc21,7.3,0.0,1
CHEMBL3650,Cn1cc(NC(=O)c2ccc(NS(=O)(=O)c3ccccc3)cc2)cn1,4.21,0.0,1
CHEMBL3650,Cn1cc(NC(=O)c2cccc(NS(=O)(=O)c3ccc(Cl)cc3)c2)cn1,4.23,0.0,1
CHEMBL3650,Cn1cc(NC(=O)c2cccc(NS(=O)(=O)c3ccccc3)c2)cn1,4.24,0.0,1
CHEMBL3650,Cn1cnc(-c2cc(NC(=O)Nc3ccncc3)cc(C(F)(F)F)c2)c1,6.58,0.0,1
CHEMBL3650,Cn1cnc(-c2ccc(OC(F)(F)F)c(NC(=O)Nc3ccncc3)c2)c1,6.43,0.0,1
CHEMBL3650,Cn1ncc2c(N)c(-c3nc4ccccc4[nH]3)c(O)nc21,5.52,0.0,1
CHEMBL3650,FC(F)(F)c1ccc2c(-c3nc4cc(N5CCC(N6CCCCC6)CC5)ccc4[nH]3)[nH]nc2c1,8.7,0.0,1
CHEMBL3650,Fc1ccc(Nc2ncnc3sc(-c4ccccc4)cc23)cc1,5.37,0.0,1
CHEMBL3650,Fc1ccc(Nc2ncnc3sc4c(c23)CCCC4)cc1,5.5,0.0,1
CHEMBL3650,Fc1ccc(Nc2ncnc3sc4c(c23)CCCCC4)cc1Cl,5.8,0.0,1
CHEMBL3650,Fc1ccc(Nc2ncnc3scc(-c4ccccc4)c23)cc1,5.2,0.0,1
CHEMBL3650,Fc1ccc2c(-c3nc4cc(N5CCC(N6CCCCC6)CC5)ccc4[nH]3)[nH]nc2c1,7.62,0.09899494936611705,2
CHEMBL3650,Fc1cccc2c(-c3nc4cc(N5CCC(N6CCCCC6)CC5)ccc4[nH]3)[nH]nc12,6.7,0.0,1
CHEMBL3650,Fc1ccccc1Nc1ncnc2sc(-c3ccccc3)cc12,4.74,0.0,1
CHEMBL3650,Fc1ccccc1Nc1ncnc2sc3c(c12)CCCCC3,5.37,0.0,1
CHEMBL3650,N#CC(C#N)=C(N)/C(C#N)=C/c1cc(O)c(O)c(O)c1,5.31,0.0,1
CHEMBL3650,N#CC1=C2C(=NC1=O)c1cccc3cccc2c13,5.35,0.0,1
CHEMBL3650,N#Cc1ccc2cc(C(=O)c3cnn(-c4ccc5[nH]c(C6CC6)nc5c4)c3N)[nH]c2c1,8.07,0.0,1
CHEMBL3650,NC(=O)c1c(OCc2c(F)cc(Br)cc2F)nsc1NC(=O)NCCCCN1CCCC1,8.07,0.0,1
CHEMBL3650,NCCOc1ccc2c(c1)ncn2-c1ccccc1,4.57,0.0,1
CHEMBL3650,NS(=O)(=O)c1ccc(Nc2nc(N3CCOCC3)nc3[nH]cnc23)cc1,5.0,0.0,1
CHEMBL3650,NS(=O)(=O)c1ccc2c(c1)/C(=C/c1[nH]c3c(c1CCC(=O)O)CCCC3)C(=O)N2,6.7,0.0,1
CHEMBL3650,NS(=O)(=O)c1ccc2c(c1)/C(=C/c1cc3c([nH]1)CCCC3)C(=O)N2,6.66,0.0,1
CHEMBL3650,Nc1c(-c2nc3cc(N4CCOCC4)ccc3[nH]2)c(=O)[nH]c2ccccc12,7.6,0.1131370849898477,2
CHEMBL3650,Nc1c(-c2nc3cc(N4CCOCC4)ccc3[nH]2)c(O)nc2ccncc12,7.0,0.0,1
CHEMBL3650,Nc1c(-c2nc3cc(N4CCOCC4)ccc3[nH]2)c(O)nc2cnccc12,8.0,0.0,1
CHEMBL3650,Nc1c(-c2nc3cc(OCCN4CCOCC4)ccc3[nH]2)c(=O)[nH]c2ccccc12,7.7,0.0,1
CHEMBL3650,Nc1c(-c2nc3ccc(N4CCOCC4)[nH]c-3n2)c(O)nc2ccccc12,7.33,0.0,1
CHEMBL3650,Nc1c(-c2nc3ccc[nH]c-3n2)c(O)nc2ccccc12,7.29,0.0,1
CHEMBL3650,Nc1c(-c2nc3ccc[nH]c-3n2)c(O)nc2cnccc12,7.52,0.0,1
CHEMBL3650,Nc1c(-c2nc3ccccc3[nH]2)c(=O)[nH]c2ccccc12,7.4399999999999995,0.1131370849898474,2
CHEMBL3650,Nc1c(-c2nc3ccccc3[nH]2)c(O)nc2cnccc12,8.0,0.0,1
CHEMBL3650,Nc1c(-c2nc3ccccc3[nH]2)c(O)nc2sccc12,6.46,0.0,1
CHEMBL3650,Nc1c(C(=O)c2cc3cc(CN4CCOCC4)ccc3[nH]2)cnn1-c1cc(O)ccc1Cl,8.92,0.0,1
CHEMBL3650,Nc1c(C(=O)c2cc3cc(F)ccc3[nH]2)cnn1-c1ccc2[nH]c(C3CC3)nc2c1,7.68,0.0,1
CHEMBL3650,Nc1c(C(=O)c2cc3ccc(Br)cc3[nH]2)cnn1-c1ccc2[nH]c(C3CC3)nc2c1,8.3,0.0,1
CHEMBL3650,Nc1c(C(=O)c2cc3ccc(F)cc3[nH]2)cnn1-c1ccc2[nH]c(C3CC3)nc2c1,7.72,0.0,1
CHEMBL3650,Nc1c(C(=O)c2cc3ccccc3[nH]2)cnn1-c1cc(O)ccc1Cl,6.89,0.0,1
CHEMBL3650,Nc1c(C(=O)c2cc3ccccc3[nH]2)cnn1-c1ccc2[nH]c(C(F)(F)F)nc2c1,7.62,0.0,1
CHEMBL3650,Nc1c(C(=O)c2cc3ccccc3[nH]2)cnn1-c1ccc2[nH]c(C3CC3)nc2c1,7.82,0.0,1
CHEMBL3650,Nc1c(C(=O)c2cc3ccccc3[nH]2)cnn1-c1ccc2[nH]c(Cc3ccccc3)nc2c1,7.09,0.0,1
CHEMBL3650,Nc1c(C(=O)c2cc3ccccc3[nH]2)cnn1-c1ccc2[nH]ccc2c1,6.8,0.0,1
CHEMBL3650,Nc1c(C(=O)c2cc3ccccc3[nH]2)cnn1-c1ccc2nc[nH]c2c1,7.48,0.0,1
CHEMBL3650,Nc1c(C(=O)c2cc3ccccc3[nH]2)cnn1-c1ccccc1Cl,5.96,0.0,1
CHEMBL3650,Nc1c(C(=O)c2cc3ccccc3o2)cnn1-c1cc(O)ccc1Cl,6.57,0.0,1
CHEMBL3650,Nc1c(C(=O)c2ccc3ncccc3c2)cnn1-c1cc(O)ccc1Cl,6.35,0.0,1
CHEMBL3650,Nc1c2cnnc-2[nH]c(O)c1-c1nc2ccccc2[nH]1,5.5,0.0,1
CHEMBL3650,Nc1c2ncnc-2[nH]c(O)c1-c1nc2ccccc2[nH]1,5.58,0.0,1
CHEMBL3650,Nc1cc2nc(N)c(-c3c(Cl)cccc3Cl)cc2cn1,5.55,0.0,1
CHEMBL3650,Nc1cc2nc(N)c(-c3ccccc3)cc2cn1,4.77,0.0,1
CHEMBL3650,Nc1ccc(C(=C2C(=O)Nc3ccccc32)c2nc3ccccc3[nH]2)cc1,7.24,0.0,1
CHEMBL3650,Nc1ccc2c(c1)C(=C(c1ccccc1)c1nc3ccccc3[nH]1)C(=O)N2,7.89,0.0,1
CHEMBL3650,Nc1n[nH]c2cccc(-c3ccc(NC(=S)Nc4cc(Br)ccc4OC(F)(F)F)cc3)c12,6.78,0.0,1
CHEMBL3650,Nc1nc(O)c2nc(-c3c[nH]c4cccc(Br)c34)[nH]c2n1,5.32,0.0,1
CHEMBL3650,Nc1nc(O)c2nc(-c3c[nH]c4ccccc34)[nH]c2n1,5.27,0.0,1
CHEMBL3650,Nc1nc(O)c2nc(-c3ccccc3)[nH]c2n1,4.82,0.0,1
CHEMBL3650,Nc1ncc(-c2ccc(CN3CCC(N4CCCC4)CC3)cc2)nc1C(=O)Nc1cc(O)cc(O)c1,5.84,0.0,1
CHEMBL3650,Nc1ncc(-c2ccc(CN3CCC(N4CCCCC4)CC3)cc2)nc1C(=O)Nc1cc(O)cc(O)c1,5.93,0.0,1
CHEMBL3650,Nc1ncc(-c2ccc(CN3CCCC3)cc2)nc1C(=O)Nc1cc(O)cc(O)c1,6.19,0.0,1
CHEMBL3650,Nc1ncc(-c2ccc(CN3CCOCC3)cc2)nc1C(=O)Nc1cc(O)cc(O)c1,5.82,0.0,1
CHEMBL3650,Nc1ncc(-c2ccc(CN3CCS(=O)(=O)CC3)cc2)nc1C(=O)Nc1cc(O)cc(O)c1,6.07,0.0,1
CHEMBL3650,Nc1ncc(-c2cnn(CCO)c2)c2scc(-c3ccc(NC(=O)Nc4cccc(F)c4)cc3)c12,6.73,0.0,1
CHEMBL3650,Nc1ncc(NC(=O)c2cc(NC(=O)c3cccc(C(F)(F)F)c3)ccc2Cl)cc1Cl,4.89,0.0,1
CHEMBL3650,Nc1ncc2cc(-c3c(Br)cccc3Br)c(N)nc2n1,4.89,0.0,1
CHEMBL3650,Nc1ncc2cc(-c3c(Cl)cccc3Cl)c(N)nc2n1,5.52,0.0,1
CHEMBL3650,Nc1nccn2c(C3CCC3)nc(-c3cc4cccc(Cl)c4s3)c12,5.34,0.0,1
CHEMBL3650,Nc1nccn2c(C3CCC3)nc(-c3cc4ccccc4s3)c12,6.01,0.0,1
CHEMBL3650,Nc1nccn2c(C3CCC3)nc(-c3ccc4sccc4c3)c12,4.92,0.0,1
CHEMBL3650,Nc1ncnc2c1c(-c1cccc(OCc3ccccc3)c1)cn2[C@H]1C[C@@H](CN2CCC2)C1,5.37,0.0,1
CHEMBL3650,O=C(CCl)Nc1ccc(Cn2cnc3c(Cl)ncnc32)cc1,7.82,0.0,1
CHEMBL3650,O=C(CN1CCCCC1)Nc1cc(-c2ccc(F)cc2F)cc(-n2cnc3cc(-n4cccn4)ccc32)c1,7.35,0.0,1
CHEMBL3650,O=C(COC(=O)C1=C2C(=NC1=O)c1cccc3cccc2c13)OCC(F)(F)C(F)(F)F,7.11,0.0,1
CHEMBL3650,O=C(CSc1nc2ccccc2c(=O)n1CCc1ccccc1)Nc1ccc(S(=O)(=O)Nc2ccc(Cl)nn2)cc1,7.09,0.0,1
CHEMBL3650,O=C(CSc1nccc(Nc2ccc(N3CCOCC3)cc2)n1)c1ccc(F)cc1,6.89,0.0,1
CHEMBL3650,O=C(Cc1cn(-c2cnc(C(F)(F)F)nc2)nc1C(F)(F)F)N[C@@H]1CC[C@@H]1[S+]([O-])c1ccc(F)cc1,6.58,0.0,1
CHEMBL3650,O=C(N/N=C/c1cc(C(=O)O)c(Nc2ccc(I)cc2F)c(F)c1F)c1ccc(CO)o1,5.7,0.0,1
CHEMBL3650,O=C(NC1CC1)c1c[nH]nc1-c1nc2cc(CN3CCOCC3)ccc2[nH]1,8.0,0.0,1
CHEMBL3650,O=C(NCc1ccco1)Nc1cc(-n2cccn2)cc(-n2cnc3cc(-n4cccn4)ccc32)c1,7.21,0.0,1
CHEMBL3650,O=C(Nc1c[nH]nc1-c1nc2ccc(CN3CCOCC3)cc2[nH]1)NC1CC1,8.0,0.0,1
CHEMBL3650,O=C(Nc1cc(-c2ccc(F)cc2F)cc(-n2cnc3cc(-n4cccn4)ccc32)c1)NC1CCCC1,7.48,0.0,1
CHEMBL3650,O=C(Nc1cc(-c2cccnc2)cc(C(F)(F)F)c1)Nc1nccs1,7.0,0.0,1
CHEMBL3650,O=C(Nc1ccc(-c2ccc3c(=O)[nH]cnc3c2)cc1)Nc1ccc(F)c(F)c1,6.75,0.0,1
CHEMBL3650,O=C(Nc1ccc(C(=O)N/N=C2\C(=O)Nc3ccc(Br)cc32)cc1)Nc1ccc(Cl)c(C(F)(F)F)c1,6.51,0.0,1
CHEMBL3650,O=C(Nc1ccc(Cn2cnc3c(Cl)ncnc32)cc1)C1CC1,8.73,0.0,1
CHEMBL3650,O=C(Nc1ccc(Nc2ccnc3[nH]c(=O)c4ccccc4c23)cc1)c1ccccc1,6.76,0.0,1
CHEMBL3650,O=C(Nc1ccc([N+](=O)[O-])cc1Cl)c1cc(Cl)ccc1O,4.88,0.0,1
CHEMBL3650,O=C(Nc1cccc(Oc2ccc3nccn3n2)c1)c1cccc(C(F)(F)F)c1,5.29,0.0,1
CHEMBL3650,O=C(Nc1ccccn1)Nc1cc(-c2cccnc2)ccc1OC(F)(F)F,6.89,0.0,1
CHEMBL3650,O=C(Nc1ccccn1)Nc1cc(-c2cncnc2)ccc1OC(F)(F)F,7.09,0.0,1
CHEMBL3650,O=C(Nc1ccccn1)Nc1cccc2c1[C@H]1CCCN1C2=O,5.17,0.0,1
CHEMBL3650,O=C(Nc1ccncc1)Nc1cc(-c2cccnc2)cc(C(F)(F)F)c1,6.86,0.0,1
CHEMBL3650,O=C(Nc1ccncc1)Nc1cc(-c2cccnc2)ccc1OC(F)(F)F,6.98,0.0,1
CHEMBL3650,O=C(Nc1ccncc1)Nc1cc(-c2cncnc2)cc(C(F)(F)F)c1,7.55,0.0,1
CHEMBL3650,O=C(Nc1ccncc1)Nc1cc(-c2cncnc2)ccc1OC(F)(F)F,7.49,0.0,1
CHEMBL3650,O=C(Nc1cnn(-c2ccccc2)c1)c1ccc(NS(=O)(=O)c2ccc(Cl)cc2)cc1,4.67,0.0,1
CHEMBL3650,O=C(Nc1cnn(-c2ccccc2)c1)c1ccc(NS(=O)(=O)c2ccccc2)cc1,4.45,0.0,1
CHEMBL3650,O=C(Nc1cnn(-c2ccccc2)c1)c1cccc(NS(=O)(=O)c2ccc(Cl)cc2)c1,4.73,0.0,1
CHEMBL3650,O=C(Nc1cnn(-c2ccccc2)c1)c1cccc(NS(=O)(=O)c2ccccc2)c1,4.74,0.0,1
CHEMBL3650,O=C(Nc1n[nH]c2cc(C(=O)N[C@H](CN3CCCC3)c3ccccc3)sc12)c1ccc(N2CCOCC2)cc1,7.85,0.0,1
CHEMBL3650,O=C(Nc1nccs1)Nc1cc(-c2cccnc2)ccc1OC(F)(F)F,7.02,0.0,1
CHEMBL3650,O=C(Nc1nccs1)Nc1cc(-c2cncnc2)ccc1OC(F)(F)F,6.81,0.0,1
CHEMBL3650,O=C(O)CCc1c(/C=C2\C(=O)Nc3cc(-c4ccccc4)ccc32)[nH]c2c1CCCC2,5.9,0.0,1
CHEMBL3650,O=C(O)CCc1c(/C=C2\C(=O)Nc3ccc(Br)cc32)[nH]c2c1CCCC2,6.57,0.0,1
CHEMBL3650,O=C(O)CCc1c(/C=C2\C(=O)Nc3ccc(C(=O)O)cc32)[nH]c2c1CCCC2,6.66,0.0,1
CHEMBL3650,O=C(O)CCc1c(/C=C2\C(=O)Nc3ccccc32)[nH]c2c1CCCC2,6.57,0.0,1
CHEMBL3650,O=C(O)c1cc2c(cc1O)ncn2-c1ccccc1,4.66,0.0,1
CHEMBL3650,O=C1/C(=C/c2cccc(F)c2)CNC/C1=C\c1cccc(F)c1,4.85,0.0,1
CHEMBL3650,O=C1Cc2cc(-c3cc(N[C@@H](CO)c4ccccc4)cnc3-c3cc(Cl)ccc3O)ccc2N1,7.04,0.0,1
CHEMBL3650,O=C1Nc2c(Br)cccc2C1=C(c1ccccc1)c1nc2ccccc2[nH]1,5.31,0.0,1
CHEMBL3650,O=C1Nc2c(C(=O)O)cccc2C1=C(c1ccccc1)c1nc2ccccc2[nH]1,4.61,0.0,1
CHEMBL3650,O=C1Nc2cc(Br)ccc2C1=C(c1ccccc1)c1nc2ccccc2[nH]1,5.31,0.0,1
CHEMBL3650,O=C1Nc2cc(C(=O)O)ccc2C1=C(c1ccccc1)c1nc2ccccc2[nH]1,5.8,0.0,1
CHEMBL3650,O=C1Nc2ccc(Br)cc2/C1=C/c1cc2c([nH]1)CCCC2,4.88,0.0,1
CHEMBL3650,O=C1Nc2ccc(Br)cc2C1=C(c1ccccc1)c1nc2ccccc2[nH]1,6.35,0.0,1
CHEMBL3650,O=C1Nc2ccc(C(=O)O)cc2/C1=C/c1cc2c([nH]1)CCCC2,6.51,0.0,1
CHEMBL3650,O=C1Nc2ccc(C(=O)O)cc2C1=C(c1ccccc1)c1nc2ccccc2[nH]1,7.12,0.0,1
CHEMBL3650,O=C1Nc2ccc(CN3C(=O)CSC3=O)cc2/C1=C/c1cc(CN2CCOCC2)c[nH]1,7.75,0.0,1
CHEMBL3650,O=C1Nc2ccccc2/C1=C/c1c[nH]nc1-c1ccccc1[N+](=O)[O-],7.92,0.0,1
CHEMBL3650,O=C1Nc2ccccc2/C1=C/c1cc2c([nH]1)CCCC2,4.98,0.0,1
CHEMBL3650,O=C1Nc2ccccc2/C1=C1/Nc2ccccc2/C1=N\O,5.6,0.0,1
CHEMBL3650,O=C1Nc2ccccc2C1=C(c1cc(F)cc(F)c1)c1nc2ccccc2[nH]1,5.4,0.0,1
CHEMBL3650,O=C1Nc2ccccc2C1=C(c1ccc(C(F)(F)F)cc1)c1nc2ccccc2[nH]1,5.31,0.0,1
CHEMBL3650,O=C1Nc2ccccc2C1=C(c1ccc(F)cc1)c1nc2ccccc2[nH]1,6.02,0.0,1
CHEMBL3650,O=C1Nc2ccccc2C1=C(c1cccc(F)c1)c1nc2ccccc2[nH]1,7.1,0.0,1
CHEMBL3650,O=C1Nc2ccccc2C1=C(c1nc2ccccc2[nH]1)c1ccc(Cl)cc1Cl,6.14,0.0,1
CHEMBL3650,O=C1Nc2ccccc2C1=C(c1nc2ccccc2[nH]1)c1ccc(F)cc1F,6.2,0.0,1
CHEMBL3650,O=C1c2ccc(O)c(O)c2OC[C@]1(O)Cc1ccc(O)c(O)c1,5.54,0.0,1
CHEMBL3650,O=C1c2ccccc2-c2n[nH]c3cccc1c23,5.62,0.0,1
CHEMBL3650,O=CN1CCN(c2ccc(/C=C3\C(=O)Nc4ccccc43)cc2)CC1,5.0,0.0,1
CHEMBL3650,O=S(=O)(NCCCNc1nccc(-c2c(-c3cccc(O)c3)nc3sccn23)n1)c1cccc(F)c1,4.97,0.0,1
CHEMBL3650,O=S(=O)(NCCNc1nccc(-c2c(-c3cccc(O)c3)nc3sccn23)n1)c1ccc(F)cc1,5.02,0.0,1
CHEMBL3650,O=S(=O)(Nc1cc(-c2ccc(F)cc2F)cc(-n2cnc3cc(-c4cnco4)ccc32)c1)c1ccccc1,7.68,0.0,1
CHEMBL3650,O=S(=O)(Nc1cc(C2=CC=C(F)CC2F)cc(-n2cnc3cc(N4CCC(O)C4)ccc32)c1)C1CC1,7.18,0.0,1
CHEMBL3650,O=S(=O)(c1cn(CCF)cn1)n1ccc2ncc(-c3cn[nH]c3)nc21,9.22,0.0,1
CHEMBL3650,O=c1[nH]c2ccccc2c(NCC2CCNCC2)c1-c1nc2ccccc2[nH]1,6.26,0.0,1
CHEMBL3650,O=c1[nH]c2ccccc2c(O)c1-c1nc2ccccc2[nH]1,6.859999999999999,0.2687005768508883,2
CHEMBL3650,O=c1[nH]c2ccccc2cc1-c1nc2ccccc2[nH]1,6.41,0.0,1
CHEMBL3650,O=c1[nH]c2ccccc2nc1/C=C/c1ccccc1Br,4.6,0.0,1
CHEMBL3650,O=c1[nH]c2ccccc2nc1/C=C/c1ccccn1,4.81,0.0,1
CHEMBL3650,O=c1c(/C=C/c2ccccc2Cl)nc2ccccc2n1Cc1ccccc1,4.59,0.0,1
CHEMBL3650,O=c1ccc(-c2ccc3c(c2)ncn3-c2cc(NS(=O)(=O)C3CC3)cc(-c3ccc(F)cc3F)c2)c[nH]1,7.5,0.0,1
CHEMBL3650,OCC(O)COc1ccc2c(c1)ncn2-c1ccccc1,4.82,0.0,1
CHEMBL3650,OCCCCOc1ccc2c(c1)ncn2-c1ccccc1,4.6,0.0,1
CHEMBL3650,OCCn1cc(-c2cnc3ccc(N(CC4CC4)c4ccccc4)cc3n2)cn1,7.3,0.0,1
CHEMBL3650,OC[C@H](Nc1cnc(-c2cc(Cl)ccc2O)c(-c2ccc3cnccc3c2)c1)c1ccccc1,7.79,0.0,1
CHEMBL3650,Oc1cc2c(cc1O)[C@@H]1c3ccc(O)c(O)c3OC[C@]1(O)C2,6.5,0.0,1
CHEMBL3650,Oc1cc2ncn(-c3ccccc3)c2cc1O,4.96,0.0,1
CHEMBL3650,Oc1ccc(CC2=Cc3ccc(O)c(O)c3OC2)cc1O,6.22,0.0,1
CHEMBL3650,Oc1ccc(C[C@@]2(O)COc3c(ccc(O)c3O)[C@H]2O)cc1O,6.25,0.0,1
CHEMBL3650,Oc1ccc(Nc2ncnc3sc(-c4ccccc4)cc23)cc1,5.92,0.0,1
CHEMBL3650,Oc1ccc(Nc2ncnc3scc(-c4ccc(Cl)cc4)c23)cc1,5.52,0.0,1
CHEMBL3650,Oc1ccc(Nc2ncnc3scc(-c4ccccc4)c23)cc1,5.78,0.0,1
CHEMBL3650,Oc1ccc2c(c1)ncn2-c1ccccc1,5.19,0.0,1
CHEMBL3650,Oc1ccc2c(ncn2-c2ccccc2)c1O,5.72,0.0,1
CHEMBL3650,Oc1cccc(Nc2ncnc3sc(-c4ccccc4)cc23)c1,6.8,0.0,1
CHEMBL3650,Oc1cccc(Nc2ncnc3scc(-c4ccc(Cl)cc4)c23)c1,6.3,0.0,1
CHEMBL3650,Oc1cccc(Nc2ncnc3scc(-c4ccccc4)c23)c1,6.75,0.0,1
CHEMBL3650,Oc1nc2cnccc2c(O)c1-c1nc2ccccc2[nH]1,6.24,0.0,1
CHEMBL3650,Oc1nc2ncccc2c(O)c1-c1nc2ccccc2[nH]1,5.3,0.0,1
CHEMBL3650,[2H]C([2H])([2H])NC(=O)c1cncc(-c2cnn3cc(-c4ccn(C(C)C)n4)c(N[C@H]4CCOC4)nc23)c1,8.09,0.0,1
CHEMBL3650,[2H]C([2H])([2H])NC(=O)c1cncc(-c2cnn3cc(-c4cnn(C(C)C)c4)c(O[C@H]4CCOC4)nc23)c1,7.68,0.0,1
CHEMBL3650,[2H]C([2H])([2H])Oc1cc(F)cc(N(CCN)c2ccc3ncc(-c4cnn(C)c4)nc3c2)c1,7.88,0.0,1
CHEMBL3650,[2H]C([2H])([2H])Oc1cc(OC([2H])([2H])[2H])cc(N(CC#Cc2ccncc2)c2ccc3ncc(-c4cnn(C(C)C)c4)nc3c2)c1,8.21,0.0,1
CHEMBL3650,[2H]C([2H])([2H])Oc1cc(OC([2H])([2H])[2H])cc(N(CCCNCC(F)(F)F)c2ccc3ncc(-c4cnn(C)c4)nc3c2)c1,7.88,0.0,1
CHEMBL3650,[2H]C([2H])([2H])Oc1cc(OC([2H])([2H])[2H])cc(N(CCCO)c2ccc3ncc(-c4cnn(C)c4)nc3c2)c1,8.79,0.0,1
CHEMBL3650,[2H]C([2H])([2H])Oc1cc(OC([2H])([2H])[2H])cc(N(c2ccc3ncc(-c4cnn(C)c4)nc3c2)C([2H])([2H])C([2H])([2H])C([2H])([2H])NCC(F)(F)F)c1,8.0,0.0,1
CHEMBL3650,[2H]C([2H])([2H])Oc1cc(OC([2H])([2H])[2H])cc(N(c2ccc3ncc(-c4cnn(C)c4)nc3c2)C([2H])([2H])C([2H])([2H])C([2H])([2H])O)c1,8.4,0.0,1
CHEMBL3650,[2H]C([2H])([2H])Oc1cc(OC([2H])([2H])[2H])cc(N(c2ccc3ncc(-c4cnn(C)c4)nc3c2)C([2H])([2H])C([2H])([2H])NC(C)C)c1,9.34,0.0,1
CHEMBL3650,[2H]C([2H])([2H])Oc1cc(OC([2H])([2H])[2H])cc(N(c2ccc3ncc(-c4cnn(C)c4)nc3c2)C([2H])([2H])C([2H])([2H])O)c1,8.62,0.0,1
CHEMBL3650,[2H]C([2H])([2H])Oc1cc(OC)cc(N(CCNC(C)C)c2ccc3ncc(-c4cn[nH]c4)nc3c2)c1,8.91,0.0,1
CHEMBL3650,[2H]C([2H])([2H])Oc1cc(OC)cc(N(CCNC(C)C)c2ccc3ncc(-c4cnn(C)c4)nc3c2)c1,9.04,0.0,1
CHEMBL3650,[2H]C([2H])([2H])Oc1cc(OC)cc(N(CCO)c2ccc3ncc(-c4cnn(C)c4)nc3c2)c1,8.58,0.0,1
CHEMBL3650,[2H]C([2H])([2H])n1cc(-c2ccc3ncc(N(CCO)c4cc(OC)cc(OC)c4)nc3c2)cn1,8.55,0.0,1
CHEMBL3650,[2H]C([2H])([2H])n1cc(-c2cnc3ccc(N(CCNC(C)C)c4cc(OC)cc(OC)c4)cc3n2)cn1,9.06,0.0,1
CHEMBL3650,c1cc(COc2ccc3[nH]nc(-c4nc5cc(N6CCCCC6)ccc5[nH]4)c3c2)ccn1,7.68,0.0,1
CHEMBL3650,c1cc2[nH]nc(-c3nc4cc(N5CCC(N6CCCCC6)CC5)ccc4[nH]3)c2cc1NCC1CCCCC1,7.8,0.0,1
CHEMBL3650,c1ccc(-c2cccc(Nc3ncnc4cc5c(cc34)OCCCO5)c2)cc1,7.2,0.0,2
CHEMBL3650,c1ccc(-c2cccc(Nc3ncnc4cc5c(cc34)OCCO5)c2)cc1,6.75,0.0,2
CHEMBL3650,c1ccc(-c2cccc(Nc3ncnc4cc5c(cc34)OCO5)c2)cc1,7.2,0.0,2
CHEMBL3650,c1ccc(-n2cnc3cc(OCC4CO4)ccc32)cc1,4.75,0.0,1
CHEMBL3650,c1ccc(-n2cnc3cc(OCCCCN4CCOCC4)ccc32)cc1,4.92,0.0,1
CHEMBL3650,c1ccc(-n2cnc3cc(OCCCN4CCOCC4)ccc32)cc1,5.01,0.0,1
CHEMBL3650,c1ccc(-n2cnc3cc(OCCN4CCOCC4)ccc32)cc1,4.55,0.0,1
CHEMBL3650,c1ccc(-n2cnc3cc(SCCCN4CCOCC4)ccc32)cc1,4.62,0.0,1
CHEMBL3650,c1ccc(-n2cnc3cc4c(cc32)OCO4)cc1,4.57,0.0,1
CHEMBL3650,c1ccc(COc2ccc3[nH]nc(-c4nc5cc(N6CCC(N7CCCCC7)CC6)ccc5[nH]4)c3c2)cc1,8.1,0.0,1
CHEMBL3650,c1ccc(COc2ccc3[nH]nc(-c4nc5cc(N6CCCCC6)ccc5[nH]4)c3c2)nc1,8.39,0.0,1
CHEMBL3650,c1ccc(COc2ccc3c(-c4nc5cc(N6CCC(N7CCCCC7)CC6)ccc5[nH]4)[nH]nc3c2)cc1,7.64,0.0,1
CHEMBL3650,c1ccc(COc2cccc3[nH]nc(-c4nc5cc(N6CCC(N7CCCCC7)CC6)ccc5[nH]4)c23)cc1,7.03,0.0,1
CHEMBL3650,c1ccc(N(CC2CC2)c2ccc3ncc(-c4cn[nH]c4)nc3c2)cc1,6.16,0.0,1
CHEMBL3650,c1ccc(Oc2ccc3n[nH]c(-c4nc5cc(N6CCC(N7CCCCC7)CC6)ccc5[nH]4)c3c2)cc1,7.82,0.0,1
CHEMBL3650,c1ccc2[nH]c(-c3n[nH]c4ccccc34)nc2c1,5.85,0.0,1
CHEMBL3650,c1ccc2c(-c3nc4c(N5CCOCC5)cccc4[nH]3)[nH]nc2c1,6.08,0.0,1
CHEMBL3650,c1ccc2c(-c3nc4cc(-n5ccnc5)ccc4[nH]3)[nH]nc2c1,6.68,0.0,1
CHEMBL3650,c1ccc2c(-c3nc4cc(N5CCC(N6CCCCC6)CC5)ccc4[nH]3)[nH]nc2c1,7.32,0.0,1
CHEMBL3650,c1ccc2c(-c3nc4cc(N5CCOCC5)ccc4[nH]3)[nH]nc2c1,7.0,0.0,1
CHEMBL3650,c1ccc2c(-c3nc4cc(OCCCN5CCCC5)ccc4[nH]3)[nH]nc2c1,7.01,0.0,1
CHEMBL3650,c1cncc(COc2ccc3[nH]nc(-c4nc5cc(N6CCCCC6)ccc5[nH]4)c3c2)c1,8.77,0.0,1
