chembl_id,smiles,pchembl_value,pchembl_std,n_records
CHEMBL2815,C#CCNC(=O)c1cc(Sc2cnc(Nc3ccccn3)s2)ccc1C,5.92,0.0,1
CHEMBL2815,C(=C\c1n[nH]c2ccc(NCc3ccccc3)cc12)/c1ccccn1,7.97,0.0,1
CHEMBL2815,C=C1c2ncc(F)cc2[C@@H]2[C@H]3C[C@H]3CN2c2ccn3ncc(c3n2)C(=O)N[C@@H]1C,6.26,0.0,1
CHEMBL2815,C=CCNC(=O)O[C@@H](C)[C@H]1c2ccccc2-c2c3c(c4c([nH]c5ccccc54)c21)CNC3=O,8.05,0.0,1
CHEMBL2815,C=CCNC(=O)O[C@H](C)[C@H]1c2ccccc2-c2c3c(c4c([nH]c5ccccc54)c21)CNC3=O,7.48,0.0,1
CHEMBL2815,CC(=O)N1CCC(n2cc(Nc3nc(OC4CCOCC4)c4nc(C)ccc4n3)cn2)CC1,7.7,0.0,1
CHEMBL2815,CC(=O)N1CCC(n2ncc3c(Nc4cc(C)[nH]n4)nc(NCc4ccc(Cl)c(C(=O)Nc5cc(F)ccc5F)c4)nc32)CC1,7.37,0.0,1
CHEMBL2815,CC(=O)N1CCCN(C(=O)c2cc(Sc3cnc(Nc4ccccn4)s3)ccc2C)CC1,5.96,0.0,1
CHEMBL2815,CC(=O)N1CCN(C(=O)c2cc(Sc3cnc(Nc4cccc(Br)n4)s3)ccc2C)CC1,9.0,0.0,1
CHEMBL2815,CC(=O)N1CCN(C(=O)c2cc(Sc3cnc(Nc4ccccn4)s3)ccc2C)CC1,7.1,0.0,1
CHEMBL2815,CC(=O)N1CCN(C(=O)c2ccc(Sc3cnc(Nc4cccc(Br)n4)s3)cc2)CC1,5.89,0.0,1
CHEMBL2815,CC(=O)N1CCN(C(=O)c2cccc(Sc3cnc(Nc4ccc(Br)cn4)s3)c2)CC1,6.28,0.0,1
CHEMBL2815,CC(=O)N1CCN(C(=O)c2cccc(Sc3cnc(Nc4cccc(Br)n4)s3)c2)CC1,7.3,0.0,1
CHEMBL2815,CC(=O)N1CCN(C(=O)c2cccc(Sc3cnc(Nc4cccc(C)n4)s3)c2)CC1,5.96,0.0,1
CHEMBL2815,CC(=O)N1CCN(C(=O)c2cccc(Sc3cnc(Nc4ccccn4)s3)c2)CC1,6.62,0.0,1
CHEMBL2815,CC(=O)N1CCN(C(=O)c2ccccc2Sc2cnc(Nc3cccc(Br)n3)s2)CC1,5.72,0.0,1
CHEMBL2815,CC(=O)N1CCN(Cc2cc(Sc3cnc(Nc4ccccn4)s3)ccc2C)CC1,6.14,0.0,1
CHEMBL2815,CC(=O)N1CCN(Cc2ccc(NC(=O)c3cc(N4CCC[C@@H]4c4cc(F)ccc4F)c[nH]c3=O)cc2)CC1,8.89,0.0,1
CHEMBL2815,CC(=O)N1CCOc2ccc(F)cc2CN(C)c2ccn3ncc(c3n2)C1,6.43,0.0,1
CHEMBL2815,CC(=O)N1CCOc2ccc(F)cc2[C@H]2CCCN2c2ccn3ncc(c3n2)C1,7.26,0.0,1
CHEMBL2815,CC(=O)N1CC[C@@H](Nc2cncc(C(=O)c3cn(C(C)C)c4ncnc(N)c34)n2)[C@H]1c1ccc(F)cc1,6.21,0.0,1
CHEMBL2815,CC(=O)N1CC[C@@H](Nc2cncc(C(=O)c3cn(C(C)C)c4ncnc(N)c34)n2)[C@H]1c1ccccc1,6.04,0.0,1
CHEMBL2815,CC(=O)N1CCc2ccccc2C(NC(=O)Nc2c(C)c(-c3cnn(C)c3)nn2-c2ccccc2)C1,6.26,0.0,1
CHEMBL2815,CC(=O)N1Cc2ccccc2C(NC(=O)Nc2c3c(nn2-c2ccccc2)CCC3)C1,6.26,0.0,1
CHEMBL2815,CC(=O)N1Cc2cnn3ccc(nc23)N(C)Cc2cc(F)ccc2O[C@@H](C)C1,7.65,0.0,1
CHEMBL2815,CC(=O)NCCNC(=O)c1cc(Sc2cnc(Nc3ccccn3)s2)ccc1C,6.5,0.0,1
CHEMBL2815,CC(=O)NCc1ncc(NC(=O)c2ccc(C(F)(F)F)c(-c3cn(C)cn3)c2)c(-c2ccccc2)n1,8.4,0.0,1
CHEMBL2815,CC(=O)N[C@H]1CC[C@H](c2ncc(Cl)c(Nc3ccccc3S(=O)(=O)C(C)C)n2)CC1,5.49,0.0,1
CHEMBL2815,CC(=O)Nc1cc(F)cc(-c2n[nH]c3ncc(-c4cccc(S(C)(=O)=O)c4)cc23)c1,7.0,0.0,1
CHEMBL2815,CC(=O)Nc1cc(N)cc(-c2cnc3[nH]cc(-c4ccncc4)c3c2)c1,8.27,0.0,1
CHEMBL2815,CC(=O)Nc1ccc(-n2nc(C(C)(C)C)cc2NC(=O)Nc2cnc(Oc3ccc(-c4cnc(N5CCCC5=O)s4)cc3)nc2)cc1,7.1,0.0,1
CHEMBL2815,CC(=O)Nc1cccc(-c2cnc3[nH]cc(-c4ccncc4)c3c2)c1,7.46,0.0,1
CHEMBL2815,CC(=O)Nc1cnc2ccc(N3CCC[C@@H]3c3cc(F)ccc3F)nn12,8.27,0.0,1
CHEMBL2815,CC(C(=O)N(C)C)n1cc(C(=O)c2cncc(NC(=O)Cc3ccc(Cl)cc3)c2)c2cncnc21,7.2,0.0,1
CHEMBL2815,CC(C(N)=O)n1cc(C(=O)c2cncc(NC(=O)Cc3ccc(Cl)cc3)c2)c2cncnc21,6.86,0.0,1
CHEMBL2815,CC(C)(C#N)NC(=O)c1cnn2ccc(N3CCCC3c3cc(F)ccc3F)nc12,8.89,0.0,1
CHEMBL2815,CC(C)(C#N)NC(=O)c1cnn2ccc(N3CCCC3c3cncc(F)c3)nc12,7.22,0.0,1
CHEMBL2815,CC(C)(C#N)NC(=O)c1cnn2ccc(N3CCC[C@@H]3c3cc(F)ccc3F)nc12,8.89,0.0,1
CHEMBL2815,CC(C)(C#N)NC(=O)c1cnn2ccc(N3CCC[C@@H]3c3cncc(F)c3)nc12,7.22,0.0,1
CHEMBL2815,CC(C)(C(=O)Nc1cnn2ccc(N3CCC[C@@H]3c3cc(F)ccc3F)nc12)n1cncn1,7.84,0.0,1
CHEMBL2815,CC(C)(C)C(=O)Nc1cnn2ccc(N3CCC[C@@H]3c3cc(F)ccc3F)nc12,8.2,0.0,1
CHEMBL2815,CC(C)(C)NC(=O)Nc1cnc2ccc(N3CCC[C@@H]3c3cc(F)ccc3F)nn12,8.01,0.0,1
CHEMBL2815,CC(C)(C)NC(=O)Nc1cnn2ccc(N3CCC[C@@H]3c3cc(F)ccc3F)nc12,7.65,0.0,1
CHEMBL2815,CC(C)(C)NC(=O)c1cc(C#Cc2ccc3c4c(oc3c2)C(C)(C)c2cc(NS(C)(=O)=O)ccc2C4=O)nc(C(F)(F)F)c1,8.59,0.0,1
CHEMBL2815,CC(C)(C)NC(=O)c1cc(C#N)nc(C#Cc2ccc3c4c(oc3c2)C(C)(C)c2cc(NS(C)(=O)=O)ccc2C4=O)c1,8.55,0.0,1
CHEMBL2815,CC(C)(C)NC(=O)c1cc(Cl)nc(C#Cc2ccc3c4c(oc3c2)C(C)(C)c2cc(NS(C)(=O)=O)ccc2C4=O)c1,8.66,0.0,1
CHEMBL2815,CC(C)(C)NC(=O)c1ccnc(C#Cc2ccc3c4c(oc3c2)C(C)(C)c2cc(NS(C)(=O)=O)ccc2C4=O)c1,9.15,0.0,1
CHEMBL2815,CC(C)(C)NC(=O)c1cnn2ccc(N3CC(F)(F)C[C@@H]3c3cccc(F)c3)nc12,7.77,0.0,1
CHEMBL2815,CC(C)(C)NC(=O)c1cnn2ccc(N3CCCC3c3cc(F)cnc3CO)nc12,8.74,0.0,1
CHEMBL2815,CC(C)(C)NC(=O)c1cnn2ccc(N3CCC[C@@H]3c3cc(F)c[nH]c3=O)nc12,7.71,0.0,1
CHEMBL2815,CC(C)(C)NC(=O)c1cnn2ccc(N3CCC[C@@H]3c3cc(F)ccc3F)nc12,9.15,0.0,1
CHEMBL2815,CC(C)(C)NC(=O)c1cnn2ccc(N3CCC[C@@H]3c3cc(F)cnc3CO)nc12,7.4,1.8950461735799482,2
CHEMBL2815,CC(C)(C)NC(=O)c1cnn2ccc(N3CCC[C@@H]3c3cccc(F)c3)nc12,8.68,0.0,1
CHEMBL2815,CC(C)(C)NC(=O)c1cnn2ccc(N3CCC[C@@H]3c3cncc(F)c3)nc12,7.98,0.0,1
CHEMBL2815,CC(C)(C)NC(=O)c1cnn2ccc(N3C[C@H](O)C[C@@H]3c3cccc(F)c3)nc12,7.32,0.0,1
CHEMBL2815,CC(C)(C)OC(=O)C1C2CCC1CN(C(=O)Nc1cnc3ccc(N4CCC[C@@H]4c4cc(F)ccc4F)nn13)C2,7.12,0.0,1
CHEMBL2815,CC(C)(C)OC(=O)N1C2CCC1CN(C(=O)Nc1cnc3ccc(N4CCC[C@@H]4c4cc(F)ccc4F)nn13)C2,7.12,0.0,1
CHEMBL2815,CC(C)(C)OC(=O)N1CC(C(=O)Nc2cnn3ccc(N4CCC[C@@H]4c4cc(F)ccc4Cl)nc23)C1,7.43,0.0,1
CHEMBL2815,CC(C)(C)OC(=O)N1CCC(C)(C(=O)Nc2cnn3ccc(N4CCC[C@@H]4c4cc(F)ccc4Cl)nc23)CC1,7.82,0.0,1
CHEMBL2815,CC(C)(C)OC(=O)N1CCN(C(=O)Nc2cnc3ccc(N4CCC[C@@H]4c4cc(F)ccc4F)nn23)CC1,7.47,0.0,1
CHEMBL2815,CC(C)(C)OC(=O)N1CCN(C(=O)Nc2cnc3ccc(N4CCC[C@@H]4c4cc(F)ccc4F)nn23)CC1(C)C,8.08,0.0,1
CHEMBL2815,CC(C)(C)OC(=O)NC1CCCN(C(=O)Nc2cnc3ccc(N4CCC[C@@H]4c4cc(F)ccc4F)nn23)C1,7.86,0.0,1
CHEMBL2815,CC(C)(C)OC(=O)NC1CCN(C(=O)Nc2cnc3ccc(N4CCC[C@@H]4c4cc(F)ccc4F)nn23)CC1,7.76,0.0,1
CHEMBL2815,CC(C)(C)OC(=O)NC1CN(C(=O)Nc2cnc3ccc(N4CCC[C@@H]4c4cc(F)ccc4F)nn23)C1,7.63,0.0,1
CHEMBL2815,CC(C)(C)[C@@H](CO)NC(=O)c1cnn2ccc(N3CCC[C@@H]3c3cc(F)ccc3F)nc12,7.91,0.0,1
CHEMBL2815,CC(C)(C)c1cc(/C=C(\C#N)C(N)=S)cc(C(C)(C)C)c1O,5.0,0.0,1
CHEMBL2815,CC(C)(C)c1cc(NC(=O)Cn2cc(-c3ccc(-n4ccnc4)nc3)nn2)n(-c2cccnc2)n1,8.05,0.0,1
CHEMBL2815,CC(C)(C)c1cc(NC(=O)Nc2ccc(Nc3ncnc4c3OCCCN4)cc2)no1,7.15,0.0,1
CHEMBL2815,CC(C)(C)c1cc(NC(=O)Nc2cccc(Nc3ccc4c(-c5cn[nH]c5)n[nH]c4c3)c2)n(-c2cc(F)cc(F)c2)n1,7.675000000000001,0.5303300858899116,2
CHEMBL2815,CC(C)(C)c1cc(NC(=O)Nc2cccc(Nc3ccc4c(-c5cn[nH]c5)n[nH]c4c3)c2)n(-c2cc(F)ccc2F)n1,7.925000000000001,0.17677669529663784,2
CHEMBL2815,CC(C)(C)c1cc(NC(=O)Nc2cccc(Nc3ccc4c(-c5cn[nH]c5)n[nH]c4c3)c2)n(-c2ccc(Br)cc2)n1,7.32,0.45254833995939053,2
CHEMBL2815,CC(C)(C)c1cc(NC(=O)Nc2cccc(Nc3ccc4c(-c5cn[nH]c5)n[nH]c4c3)c2)n(-c2ccc(Cl)cc2)n1,7.075,0.7141778489984129,2
CHEMBL2815,CC(C)(C)c1cc(NC(=O)Nc2cccc(Nc3ccc4c(-c5cn[nH]c5)n[nH]c4c3)c2)n(-c2ccc(F)c(F)c2)n1,7.65,0.49497474683058373,2
CHEMBL2815,CC(C)(C)c1cc(NC(=O)Nc2cccc(Nc3ccc4c(-c5cn[nH]c5)n[nH]c4c3)c2)n(-c2ccc(F)cc2)n1,7.55,0.4808326112068521,2
CHEMBL2815,CC(C)(C)c1cc(NC(=O)Nc2cccc(Nc3ccc4c(-c5cn[nH]c5)n[nH]c4c3)c2)n(-c2ccc(F)cc2F)n1,7.05,0.0,1
CHEMBL2815,CC(C)(C)c1cc(NC(=O)Nc2cccc(Nc3ccc4c(-c5cn[nH]c5)n[nH]c4c3)c2)n(-c2cccc(F)c2)n1,7.29,0.4666904755831215,2
CHEMBL2815,CC(C)(C)c1cc(NC(=O)Nc2cccc(Nc3ccc4c(-c5cn[nH]c5)n[nH]c4c3)c2)n(-c2ccccc2)n1,7.3,0.4242640687119283,2
CHEMBL2815,CC(C)(C)c1cc(NC(=O)Nc2cccc(Nc3ccc4c(-c5cn[nH]c5)n[nH]c4c3)c2)n(-c2ccccc2F)n1,7.68,0.395979797464466,2
CHEMBL2815,CC(C)(C)c1cc(NC(=O)Nc2cccc(Nc3ccc4c(-c5cn[nH]c5)n[nH]c4c3)c2)n(C(C)(C)C)n1,7.05,0.0,1
CHEMBL2815,CC(C)(C)c1cc(NC(=O)Nc2cccc(Nc3ccc4c(-c5cn[nH]c5)n[nH]c4c3)c2)n(C2CCCCC2)n1,7.12,0.0,1
CHEMBL2815,CC(C)(C)c1cc(NC(=O)Nc2cccc(Nc3ccc4c(-c5cn[nH]c5)n[nH]c4c3)c2)no1,6.12,0.0,1
CHEMBL2815,CC(C)(C)c1cc(NC(=O)Nc2cccc(Nc3ccc4c(-c5cn[nH]c5)n[nH]c4c3)c2)on1,6.32,0.0,1
CHEMBL2815,CC(C)(C)c1cc(NC(=O)Nc2cccc(Oc3cncc(-c4ccc(F)cc4)n3)c2)no1,7.66,0.0,1
CHEMBL2815,CC(C)(C)c1cc(NC(=O)Nc2cccc(Oc3cncc(-c4ccc(S(C)(=O)=O)cc4)n3)c2)no1,7.04,0.0,1
CHEMBL2815,CC(C)(C)c1cc(NC(=O)Nc2cccc(Oc3cncc(-c4ccsc4)n3)c2)no1,7.41,0.0,1
CHEMBL2815,CC(C)(C)c1cc(NC(=O)Nc2cnc(Oc3ccc(-c4cnc(N5CCCC5=O)s4)cc3)nc2)n(-c2ccc(S(N)(=O)=O)cc2)n1,7.3,0.0,1
CHEMBL2815,CC(C)(C)c1cc(NC(=O)Nc2cnc(Oc3ccc(-c4cnc(N5CCCC5=O)s4)cc3)nc2)n(-c2ccc3c(c2)CCO3)n1,7.7,0.0,1
CHEMBL2815,CC(C)(C)c1cc(NC(=O)Nc2cnc(Oc3ccc(-c4cnc(N5CCCC5=O)s4)cc3)nc2)n(C2CCOCC2)n1,7.16,0.0,1
CHEMBL2815,CC(C)(C)c1cccc(NC(=O)Nc2cccc(Nc3ccc4c(-c5cn[nH]c5)n[nH]c4c3)c2)c1,6.7,0.0,1
CHEMBL2815,CC(C)(C)n1cc(C(=O)c2cncc(NC(=O)Cc3ccc(Br)cn3)c2)c2cnc(N)nc21,8.41,0.0,1
CHEMBL2815,CC(C)(C)n1cc(C(=O)c2cncc(NC(=O)Cc3ccc(C#N)cc3)c2)c2cnc(N)nc21,8.34,0.0,1
CHEMBL2815,CC(C)(C)n1cc(C(=O)c2cncc(NC(=O)Cc3ccc(C#N)cn3)c2)c2cnc(N)nc21,8.23,0.0,1
CHEMBL2815,CC(C)(C)n1cc(C(=O)c2cncc(NC(=O)Cc3ccc(Cl)cc3)c2)c2cncnc21,8.53,0.0,1
CHEMBL2815,CC(C)(C)n1cc(C(=O)c2cncc(NC(=O)Cc3ccc(F)cc3)c2)c2cncnc21,8.27,0.0,1
CHEMBL2815,CC(C)(C)n1cc(C(=O)c2cncc(NC(=O)Cc3cccc(S(C)(=O)=O)c3)c2)c2cncnc21,8.0,0.0,1
CHEMBL2815,CC(C)(C)n1cc(C(=O)c2cncc(NC(=O)Cc3coc(C4CC4)n3)c2)c2cncnc21,7.66,0.0,1
CHEMBL2815,CC(C)(C)n1cc(C(=O)c2cncc(NC(=O)Cc3nc4ccccc4[nH]3)c2)c2cnc(N)nc21,8.65,0.0,1
CHEMBL2815,CC(C)(C)n1cc(C(=O)c2cncc(NC(=O)Cn3cc(C4CC4)cn3)c2)c2cnc(N)nc21,8.72,0.0,1
CHEMBL2815,CC(C)(CF)NC(=O)c1cnn2ccc(N3CCCC3c3cc(F)cnc3CO)nc12,8.94,0.0,1
CHEMBL2815,CC(C)(CF)NC(=O)c1cnn2ccc(N3CCC[C@@H]3c3cc(F)ccc3F)nc12,9.1,0.0,1
CHEMBL2815,CC(C)(CF)NC(=O)c1cnn2ccc(N3CCC[C@@H]3c3cc(F)cnc3CO)nc12,7.56,1.951614716074871,2
CHEMBL2815,CC(C)(CF)NC(=O)c1cnn2ccc(N3CCC[C@@H]3c3cncc(F)c3)nc12,8.06,0.0,1
CHEMBL2815,CC(C)(CN1CCOCC1)NC(=O)c1cnn2ccc(N3CCC[C@@H]3c3cc(F)ccc3F)nc12,8.46,0.0,1
CHEMBL2815,CC(C)(CNS(C)(=O)=O)NC(=O)c1cnn2ccc(N3CCCC3c3cc(F)ccc3F)nc12,8.41,0.0,1
CHEMBL2815,CC(C)(CNS(C)(=O)=O)NC(=O)c1cnn2ccc(N3CCC[C@@H]3c3cc(F)ccc3F)nc12,8.41,0.0,1
CHEMBL2815,CC(C)(CO)C(=O)Nc1cnn2ccc(N3CCC[C@@H]3c3cc(F)ccc3F)nc12,8.12,0.0,1
CHEMBL2815,CC(C)(CO)CNC(=O)c1cnn2ccc(N3CCCC3c3cc(F)ccc3F)nc12,8.92,0.0,1
CHEMBL2815,CC(C)(CO)CNC(=O)c1cnn2ccc(N3CCC[C@@H]3c3cncc(F)c3)nc12,7.89,0.0,1
CHEMBL2815,CC(C)(CO)NC(=O)c1cnn2ccc(N3CCC[C@@H]3c3cc(F)ccc3F)nc12,8.96,0.0,1
CHEMBL2815,CC(C)(CO)NC(=O)c1cnn2ccc(N3CCC[C@@H]3c3cncc(F)c3)nc12,7.35,0.0,1
CHEMBL2815,CC(C)(CO)n1cc(C(=O)c2cc(NC(=O)Cc3ccc(C#N)cc3)ccn2)c2cnccc21,7.01,0.0,1
CHEMBL2815,CC(C)(CO)n1cc(C(=O)c2cc(NC(=O)Cc3ccc(C(F)(F)F)cc3)ccn2)c2cnccc21,7.89,0.0,1
CHEMBL2815,CC(C)(CO)n1cc(C(=O)c2cc(NC(=O)Cc3cccc(C(F)(F)F)c3)ccn2)c2cnccc21,7.95,0.0,1
CHEMBL2815,CC(C)(CO)n1cc(C(=O)c2cc(NC(=O)Cn3cc(C(F)(F)F)nn3)ccn2)c2cnccc21,7.1,0.0,1
CHEMBL2815,CC(C)(CO)n1cc(C(=O)c2cc(NC(=O)Cn3ccc(C(F)(F)F)n3)ccn2)c2cnccc21,7.85,0.0,1
CHEMBL2815,CC(C)(CO)n1cc(C(=O)c2cc(NC(=O)Cn3ccc(C4CC4)n3)ccn2)c2cnccc21,7.78,0.0,1
CHEMBL2815,CC(C)(CO)n1cc(C(=O)c2cncc(NC(=O)Cc3ccc(C#N)cc3)c2)c2cnc(N)nc21,8.06,0.0,1
CHEMBL2815,CC(C)(CO)n1cc(C(=O)c2cncc(NC(=O)Cc3ccc(C#N)cc3)c2)c2cncc(F)c21,7.4,0.0,1
CHEMBL2815,CC(C)(CO)n1cc(C(=O)c2cncc(NC(=O)Cc3ccc(C#N)cc3)c2)c2cnccc21,8.02,0.0,1
CHEMBL2815,CC(C)(CO)n1cc(C(=O)c2cncc(NC(=O)Cc3ccc(C#N)cc3)c2)c2cncnc21,7.56,0.0,1
CHEMBL2815,CC(C)(CO)n1cc(C(=O)c2cncc(NC(=O)Cc3ccc(C#N)cn3)c2)c2cnc(N)nc21,7.68,0.0,1
CHEMBL2815,CC(C)(CO)n1cc(C(=O)c2cncc(NC(=O)Cc3ccc(C(F)(F)F)cc3)c2)c2cncc(F)c21,8.18,0.0,1
CHEMBL2815,CC(C)(CO)n1cc(C(=O)c2cncc(NC(=O)Cc3ccc(C(F)(F)F)cc3)c2)c2cnccc21,8.51,0.0,1
CHEMBL2815,CC(C)(CO)n1cc(C(=O)c2cncc(NC(=O)Cc3ccc(C(F)(F)F)cn3)c2)c2cnc(N)nc21,8.43,0.0,1
CHEMBL2815,CC(C)(CO)n1cc(C(=O)c2cncc(NC(=O)Cc3ccc(Cl)cc3)c2)c2cncc(F)c21,8.19,0.0,1
CHEMBL2815,CC(C)(CO)n1cc(C(=O)c2cncc(NC(=O)Cc3ccc(Cl)cn3)c2)c2cncc(F)c21,8.11,0.0,1
CHEMBL2815,CC(C)(CO)n1cc(C(=O)c2cncc(NC(=O)Cc3ccc(Cl)cn3)c2)c2cnccc21,7.42,0.0,1
CHEMBL2815,CC(C)(CO)n1cc(C(=O)c2cncc(NC(=O)Cc3ccc(F)c(F)c3)c2)c2cnc(N)nc21,7.92,0.0,1
CHEMBL2815,CC(C)(CO)n1cc(C(=O)c2cncc(NC(=O)Cc3ccc(F)cn3)c2)c2cncc(F)c21,7.41,0.0,1
CHEMBL2815,CC(C)(CO)n1cc(C(=O)c2cncc(NC(=O)Cc3ccc(F)cn3)c2)c2cnccc21,7.74,0.0,1
CHEMBL2815,CC(C)(CO)n1cc(C(=O)c2cncc(NC(=O)Cc3ccc(NS(C)(=O)=O)cc3)c2)c2cnc(N)nc21,8.8,0.0,1
CHEMBL2815,CC(C)(CO)n1cc(C(=O)c2cncc(NC(=O)Cc3ccc(OC(F)(F)F)cc3)c2)c2cnc(N)nc21,7.68,0.0,1
CHEMBL2815,CC(C)(CO)n1cc(C(=O)c2cncc(NC(=O)Cc3ccc(OC(F)F)cc3)c2)c2cnc(N)nc21,7.75,0.0,1
CHEMBL2815,CC(C)(CO)n1cc(C(=O)c2cncc(NC(=O)Cc3ccc4cccnc4c3)c2)c2cncnc21,7.83,0.0,1
CHEMBL2815,CC(C)(CO)n1cc(C(=O)c2cncc(NC(=O)Cc3ccc4ocnc4c3)c2)c2cnc(N)nc21,7.91,0.0,1
CHEMBL2815,CC(C)(CO)n1cc(C(=O)c2cncc(NC(=O)Cc3cccc(C(F)(F)F)c3)c2)c2cnc(N)nc21,8.96,0.0,1
CHEMBL2815,CC(C)(CO)n1cc(C(=O)c2cncc(NC(=O)Cc3cccc(C(F)(F)F)c3)c2)c2cncc(F)c21,8.36,0.0,1
CHEMBL2815,CC(C)(CO)n1cc(C(=O)c2cncc(NC(=O)Cc3cccc(C(F)(F)F)c3)c2)c2cnccc21,8.54,0.0,1
CHEMBL2815,CC(C)(CO)n1cc(C(=O)c2cncc(NC(=O)Cc3cccc(C(F)(F)F)c3)c2)c2cncnc21,8.44,0.0,1
CHEMBL2815,CC(C)(CO)n1cc(C(=O)c2cncc(NC(=O)Cc3cccc(S(C)(=O)=O)c3)c2)c2cnc(N)nc21,7.93,0.0,1
CHEMBL2815,CC(C)(CO)n1cc(C(=O)c2cncc(NC(=O)Cc3nc4ccccc4[nH]3)c2)c2cnc(N)nc21,8.26,0.0,1
CHEMBL2815,CC(C)(CO)n1cc(C(=O)c2cncc(NC(=O)Cc3ncc(Cl)cc3F)c2)c2cnc(N)nc21,5.79,0.0,1
CHEMBL2815,CC(C)(CO)n1cc(C(=O)c2cncc(NC(=O)Cc3ncc(Cl)cn3)c2)c2cnc(N)nc21,7.46,0.0,1
CHEMBL2815,CC(C)(CO)n1cc(C(=O)c2cncc(NC(=O)Cc3ncc(F)cc3F)c2)c2cnc(N)nc21,6.82,0.0,1
CHEMBL2815,CC(C)(CO)n1cc(C(=O)c2cncc(NC(=O)Cn3cc(C(F)(F)F)ccc3=O)c2)c2cnc(N)nc21,6.43,0.0,1
CHEMBL2815,CC(C)(CO)n1cc(C(=O)c2cncc(NC(=O)Cn3cc(C(F)(F)F)cn3)c2)c2cnc(N)nc21,8.51,0.0,1
CHEMBL2815,CC(C)(CO)n1cc(C(=O)c2cncc(NC(=O)Cn3cc(C(F)(F)F)cn3)c2)c2cncc(F)c21,8.27,0.0,1
CHEMBL2815,CC(C)(CO)n1cc(C(=O)c2cncc(NC(=O)Cn3cc(C(F)(F)F)nn3)c2)c2cncc(F)c21,7.7,0.0,1
CHEMBL2815,CC(C)(CO)n1cc(C(=O)c2cncc(NC(=O)Cn3cc(C(F)(F)F)nn3)c2)c2cnccc21,8.01,0.0,1
CHEMBL2815,CC(C)(CO)n1cc(C(=O)c2cncc(NC(=O)Cn3cc(C4CC4)cn3)c2)c2cnc(N)nc21,6.53,0.0,1
CHEMBL2815,CC(C)(CO)n1cc(C(=O)c2cncc(NC(=O)Cn3cc(C4CC4)nn3)c2)c2cncc(F)c21,7.62,0.0,1
CHEMBL2815,CC(C)(CO)n1cc(C(=O)c2cncc(NC(=O)Cn3cc(C4CC4)nn3)c2)c2cnccc21,7.91,0.0,1
CHEMBL2815,CC(C)(CO)n1cc(C(=O)c2cncc(NC(=O)Cn3cc4ccccc4n3)c2)c2cnc(N)nc21,8.36,0.0,1
CHEMBL2815,CC(C)(CO)n1cc(C(=O)c2cncc(NC(=O)Cn3ccc(C(F)(F)F)n3)c2)c2cncc(F)c21,8.54,0.0,1
CHEMBL2815,CC(C)(CO)n1cc(C(=O)c2cncc(NC(=O)Cn3ccc(C(F)(F)F)n3)c2)c2cnccc21,7.37,0.0,1
CHEMBL2815,CC(C)(CO)n1cc(C(=O)c2cncc(NC(=O)Cn3ccc(C4CC4)n3)c2)c2cncc(F)c21,8.25,0.0,1
CHEMBL2815,CC(C)(CO)n1cc(C(=O)c2cncc(NC(=O)Cn3cnc4ccccc4c3=O)c2)c2cnc(N)nc21,6.57,0.0,1
CHEMBL2815,CC(C)(F)C(=O)Nc1cnn2ccc(N3CCC[C@@H]3c3cc(F)ccc3F)nc12,7.85,0.0,1
CHEMBL2815,CC(C)(N)CNC(=O)c1cnn2ccc(N3CCC[C@@H]3c3cc(F)ccc3F)nc12,8.03,0.0,1
CHEMBL2815,CC(C)(O)C(=O)Nc1cnn2ccc(N3CCC[C@@H]3c3cc(F)ccc3F)nc12,7.91,0.0,1
CHEMBL2815,CC(C)(O)CNC(=O)c1cc(NC(=O)c2cc(-c3ccccn3)c(Cl)cc2Cl)n(-c2ccccc2)n1,8.0,0.0,1
CHEMBL2815,CC(C)(O)CNC(=O)c1cnn2ccc(N3CCCC3c3cc(F)ccc3CO)nc12,8.38,0.0,1
CHEMBL2815,CC(C)(O)CNC(=O)c1cnn2ccc(N3CCCC3c3cncc(F)c3)nc12,7.42,0.0,1
CHEMBL2815,CC(C)(O)CNC(=O)c1cnn2ccc(N3CCC[C@@H]3c3cc(F)ccc3CO)nc12,8.38,0.0,1
CHEMBL2815,CC(C)(O)CNC(=O)c1cnn2ccc(N3CCC[C@@H]3c3cc(F)ccc3F)nc12,8.795,0.1767766952966369,2
CHEMBL2815,CC(C)(O)Cc1cccc(CC(=O)Nc2cc(C(=O)c3cn(CCO)c4ccncc34)ccn2)c1,6.39,0.0,1
CHEMBL2815,CC(C)(O)Cn1cc(-c2cnc3nc2N[C@H](CO)c2ccccc2OCCCCc2cc(ccc2C#N)N3)cn1,7.72,0.0,1
CHEMBL2815,CC(C)(O)[C@H](F)CN1Cc2cc(NC(=O)c3cnn4cccnc34)c(N3CCOCC3)cc2C1=O,6.5,0.0,1
CHEMBL2815,CC(C)C(=O)Nc1cnn2ccc(N3CCC[C@@H]3c3cc(F)ccc3F)nc12,7.92,0.0,1
CHEMBL2815,CC(C)C(=O)OC1CN(C(=O)Nc2cnc3ccc(N4CCC[C@@H]4c4cc(F)ccc4F)nn23)C1,7.71,0.0,1
CHEMBL2815,CC(C)C[C@@H]1NC(=O)[C@H](C(C)C)NC(=O)CNC(=O)[C@H](Cc2ccccc2)N(C)C(=O)CNC(=O)[C@H](Cc2c[nH]cn2)NC(=O)[C@H](Cc2ccc(O)cc2)NC(=O)[C@H](CCC(=O)O)NC(=O)[C@H](C(C)C)NC(=O)[C@H](CO)NC(=O)[C@H](CO)NC(=O)[C@H](Cc2ccccc2)NC(=O)CSC[C@@H](C(=O)NCC(N)=O)NC(=O)[C@H](Cc2c[nH]cn2)NC(=O)[C@H](CC(=O)O)NC(=O)[C@H](Cc2ccc(O)cc2)NC(=O)[C@H](Cc2c[nH]c3ccccc23)NC(=O)[C@H](C(C)C)NC1=O,7.68,0.0,1
CHEMBL2815,CC(C)C[C@@H]1NC(=O)[C@H](CC(N)=O)NC(=O)CNC(=O)[C@H](Cc2ccccc2)N(C)C(=O)CNC(=O)[C@H](Cc2c[nH]c3ccccc23)NC(=O)[C@H](Cc2ccc(O)cc2)N(C)C(=O)[C@H](CO)NC(=O)[C@H](C(C)C)NC(=O)[C@H](CO)NC(=O)[C@H](CO)NC(=O)[C@H](Cc2ccccc2)NC(=O)CSC[C@@H](C(=O)NCC(N)=O)NC(=O)[C@H](Cc2c[nH]cn2)NC(=O)[C@H](CC(N)=O)NC(=O)[C@H](Cc2ccc(O)cc2)NC(=O)[C@H](Cc2c[nH]c3ccccc23)NC(=O)[C@H](C(C)C)NC1=O,7.66,0.0,1
CHEMBL2815,CC(C)C[C@@H]1NC(=O)[C@H](CC(N)=O)NC(=O)CNC(=O)[C@H](Cc2ccccc2)N(C)C(=O)CNC(=O)[C@H](Cc2c[nH]c3ccccc23)NC(=O)[C@H](Cc2ccc(O)cc2)NC(=O)[C@H](C)NC(=O)[C@H](C(C)C)NC(=O)[C@H](CO)NC(=O)[C@H](CO)NC(=O)[C@H](Cc2ccccc2)NC(=O)CSC[C@@H](C(=O)NCC(N)=O)NC(=O)[C@H](Cc2c[nH]cn2)NC(=O)[C@H](CC(N)=O)NC(=O)[C@H](Cc2ccc(O)cc2)NC(=O)[C@H](Cc2ccc(O)cc2)NC(=O)[C@H](C(C)C)NC1=O,7.58,0.0,1
CHEMBL2815,CC(C)C[C@@H]1NC(=O)[C@H](CC(N)=O)NC(=O)CNC(=O)[C@H](Cc2ccccc2)N(C)C(=O)CNC(=O)[C@H](Cc2c[nH]c3ccccc23)NC(=O)[C@H](Cc2ccc(O)cc2)NC(=O)[C@H](CO)NC(=O)[C@H](C(C)C)NC(=O)[C@H](CO)NC(=O)[C@H](CO)N(C)C(=O)[C@H](Cc2ccccc2)NC(=O)CSC[C@@H](C(=O)NCC(N)=O)NC(=O)[C@H](Cc2c[nH]cn2)NC(=O)[C@H](CC(N)=O)NC(=O)[C@H](Cc2ccc(O)cc2)NC(=O)[C@H](Cc2c[nH]c3ccccc23)NC(=O)[C@H](C(C)C)NC1=O,7.89,0.0,1
CHEMBL2815,CC(C)C[C@@H]1NC(=O)[C@H](CC(N)=O)NC(=O)CNC(=O)[C@H](Cc2ccccc2)N(C)C(=O)CNC(=O)[C@H](Cc2c[nH]c3ccccc23)NC(=O)[C@H](Cc2ccc(O)cc2)NC(=O)[C@H](CO)NC(=O)[C@H](C(C)C)NC(=O)[C@H](CO)NC(=O)[C@H](CO)NC(=O)[C@H](Cc2ccccc2)NC(=O)CSC[C@@H](C(=O)N(C)CC(N)=O)NC(=O)[C@H](Cc2c[nH]cn2)NC(=O)[C@H](CC(N)=O)NC(=O)[C@H](Cc2ccc(O)cc2)NC(=O)[C@H](Cc2c[nH]c3ccccc23)NC(=O)[C@H](C(C)C)NC1=O,7.82,0.0,1
CHEMBL2815,CC(C)C[C@@H]1NC(=O)[C@H](CC(N)=O)NC(=O)CNC(=O)[C@H](Cc2ccccc2)N(C)C(=O)CNC(=O)[C@H](Cc2c[nH]c3ccccc23)NC(=O)[C@H](Cc2ccc(O)cc2)NC(=O)[C@H](CO)NC(=O)[C@H](C(C)C)NC(=O)[C@H](CO)NC(=O)[C@H](CO)NC(=O)[C@H](Cc2ccccc2)NC(=O)CSC[C@@H](C(=O)NCC(N)=O)NC(=O)[C@H](Cc2c[nH]cn2)NC(=O)[C@H](CC(N)=O)N(C)C(=O)[C@H](Cc2ccc(O)cc2)NC(=O)[C@H](Cc2c[nH]c3ccccc23)NC(=O)[C@H](C(C)C)NC1=O,7.32,0.0,1
CHEMBL2815,CC(C)C[C@@H]1NC(=O)[C@H](CC(N)=O)NC(=O)CNC(=O)[C@H](Cc2ccccc2)N(C)C(=O)CNC(=O)[C@H](Cc2c[nH]c3ccccc23)NC(=O)[C@H](Cc2ccc(O)cc2)NC(=O)[C@H](CO)NC(=O)[C@H](C(C)C)NC(=O)[C@H](CO)NC(=O)[C@H](CO)NC(=O)[C@H](Cc2ccccc2)NC(=O)CSC[C@@H](C(=O)NCC(N)=O)NC(=O)[C@H](Cc2c[nH]cn2)NC(=O)[C@H](CC(N)=O)NC(=O)[C@H](Cc2ccc(O)cc2)NC(=O)[C@H](Cc2c[nH]c3ccccc23)NC(=O)[C@H](C(C)C)NC1=O,7.39,0.0,1
CHEMBL2815,CC(C)C[C@@H]1NC(=O)[C@H](CC(N)=O)NC(=O)CNC(=O)[C@H](Cc2ccccc2)N(C)C(=O)CNC(=O)[C@H](Cc2c[nH]c3ccccc23)NC(=O)[C@H](Cc2ccc(O)cc2)NC(=O)[C@H](CO)NC(=O)[C@H](C(C)C)NC(=O)[C@H](CO)NC(=O)[C@H](CO)NC(=O)[C@H](Cc2ccccc2)NC(=O)CSC[C@@H](C(=O)NCC(N)=O)NC(=O)[C@H](Cc2c[nH]cn2)NC(=O)[C@H](CC(N)=O)NC(=O)[C@H](Cc2ccc(O)cc2)NC(=O)[C@H](Cc2ccc(O)cc2)NC(=O)[C@H](C(C)C)NC1=O,8.22,0.0,1
CHEMBL2815,CC(C)C[C@@H]1NC(=O)[C@H](CC(N)=O)NC(=O)CNC(=O)[C@H](Cc2ccccc2)N(C)C(=O)CNC(=O)[C@H](Cc2c[nH]c3ccccc23)NC(=O)[C@H](Cc2ccc(O)cc2)NC(=O)[C@H](CO)NC(=O)[C@H](C(C)C)NC(=O)[C@H](CO)NC(=O)[C@H](CO)NC(=O)[C@H](Cc2ccccc2)NC(=O)CSC[C@@H](C(=O)NCC(N)=O)NC(=O)[C@H](Cc2c[nH]cn2)NC(=O)[C@H](CO)NC(=O)[C@H](Cc2ccc(O)cc2)NC(=O)[C@H](Cc2c[nH]c3ccccc23)NC(=O)[C@H](C(C)C)NC1=O,6.37,0.0,1
CHEMBL2815,CC(C)C[C@@H]1NC(=O)[C@H](CC(N)=O)NC(=O)CNC(=O)[C@H](Cc2ccccc2)N(C)C(=O)CNC(=O)[C@H](Cc2c[nH]c3ccccc23)NC(=O)[C@H](Cc2ccc(O)cc2)NC(=O)[C@H](CO)NC(=O)[C@H](C(C)C)NC(=O)[C@H](CO)NC(=O)[C@H](CO)NC(=O)[C@H](Cc2ccccc2)NC(=O)CSC[C@@H](C(=O)NCC(N)=O)NC(=O)[C@H](Cc2c[nH]cn2)NC(=O)[C@H](CO)NC(=O)[C@H](Cc2ccc(O)cc2)NC(=O)[C@H](Cc2ccc(O)cc2)NC(=O)[C@H](C(C)C)NC1=O,6.73,0.0,1
CHEMBL2815,CC(C)C[C@@H]1NC(=O)[C@H](CC(N)=O)NC(=O)CNC(=O)[C@H](Cc2ccccc2)N(C)C(=O)CNC(=O)[C@H](Cc2c[nH]c3ccccc23)NC(=O)[C@H](Cc2ccc(O)cc2)NC(=O)[C@H](CO)NC(=O)[C@H](C(C)C)NC(=O)[C@H](CO)NC(=O)[C@H](CO)NC(=O)[C@H](Cc2ccccc2)NC(=O)CSC[C@@H](C(=O)NCC(N)=O)NC(=O)[C@H](Cc2cnc[nH]2)NC(=O)[C@H](CC(=O)O)NC(=O)[C@H](Cc2ccc(O)cc2)NC(=O)[C@H](Cc2ccc(O)cc2)NC(=O)[C@H](C(C)C)NC1=O,7.62,0.0,1
CHEMBL2815,CC(C)C[C@@H]1NC(=O)[C@H](CCCNC(=N)N)NC(=O)CNC(=O)[C@H](Cc2ccccc2)N(C)C(=O)CNC(=O)[C@H](Cc2c[nH]c3ccccc23)NC(=O)[C@H](Cc2ccc(O)cc2)NC(=O)[C@H](CCC(=O)O)NC(=O)[C@H](C(C)C)NC(=O)[C@H](CO)NC(=O)[C@H](CCCCN)NC(=O)[C@H](Cc2ccccc2)NC(=O)CSC[C@@H](C(=O)N(C)CC(N)=O)NC(=O)[C@H](Cc2c[nH]cn2)NC(=O)[C@H](CC(=O)O)NC(=O)[C@H](Cc2ccc(O)cc2)NC(=O)[C@H](Cc2ccc(O)cc2)NC(=O)[C@H](CCCCN)NC1=O,7.46,0.0,1
CHEMBL2815,CC(C)C[C@@H]1NC(=O)[C@H](CCCNC(=N)N)NC(=O)CNC(=O)[C@H](Cc2ccccc2)N(C)C(=O)CNC(=O)[C@H](Cc2c[nH]c3ccccc23)NC(=O)[C@H](Cc2ccc(O)cc2)NC(=O)[C@H](CO)NC(=O)[C@H](C(C)C)NC(=O)[C@H](CO)NC(=O)[C@H](CCCCN)NC(=O)[C@H](Cc2ccccc2)NC(=O)CSC[C@@H](C(=O)N(C)CC(N)=O)NC(=O)[C@H](Cc2c[nH]cn2)NC(=O)[C@H](CC(N)=O)NC(=O)[C@H](Cc2ccc(O)cc2)NC(=O)[C@H](Cc2ccc(O)cc2)NC(=O)[C@H](CCCCN)NC1=O,7.66,0.0,1
CHEMBL2815,CC(C)C[C@@H]1NC(=O)[C@H](CCCNC(=N)N)NC(=O)CNC(=O)[C@H](Cc2ccccc2)N(C)C(=O)CNC(=O)[C@H](Cc2c[nH]c3ccccc23)NC(=O)[C@H](Cc2ccc(O)cc2)NC(=O)[C@H](CO)NC(=O)[C@H](C(C)C)NC(=O)[C@H](CO)NC(=O)[C@H](CCCCN)NC(=O)[C@H](Cc2ccccc2)NC(=O)CSC[C@@H](C(=O)N(C)CC(N)=O)NC(=O)[C@H](Cc2c[nH]cn2)NC(=O)[C@H](CC(N)=O)NC(=O)[C@H](Cc2ccc(O)cc2)NC(=O)[C@H](Cc2ccc(O)cc2)NC(=O)[C@H](CO)NC1=O,7.64,0.0,1
CHEMBL2815,CC(C)C[C@H]1C(=O)N[C@@H](C(C)C)C(=O)N[C@@H](Cc2c[nH]c3ccccc23)C(=O)N[C@@H](Cc2ccc(O)cc2)C(=O)N[C@@H](CC(N)=O)C(=O)N[C@@H](Cc2c[nH]cn2)C(=O)N[C@H](C(=O)NCC(N)=O)CSCC(=O)N[C@@H](Cc2ccccc2)C(=O)N[C@@H](CO)C(=O)N[C@@H](CO)C(=O)N[C@@H](C(C)C)C(=O)N[C@@H](CO)C(=O)N[C@@H](Cc2ccc(O)cc2)C(=O)N[C@@H](Cc2c[nH]c3ccccc23)C(=O)NCC(=O)N(C)[C@@H](Cc2ccccc2)C(=O)NCC(=O)N[C@@H](CC(N)=O)C(=O)N1C,7.09,0.0,1
CHEMBL2815,CC(C)Cn1c2ccc(Nc3ncccn3)cc2c2c3c(c4c(c21)CCc1nn(C)cc1-4)C(=O)NC3,8.52,0.0,1
CHEMBL2815,CC(C)N(C(=O)Nc1cnn2ccc(N(C)[C@H](C)c3cc(F)ccc3F)nc12)C(C)C,8.85,0.0,1
CHEMBL2815,CC(C)N(C(=O)Nc1cnn2ccc(N[C@H](C)c3cc(F)ccc3F)nc12)C(C)C,8.49,0.0,1
CHEMBL2815,CC(C)N(Cc1c[nH]c2ncccc12)C(=O)Nc1ccc(OC(F)(F)F)cc1,7.96,0.0,1
CHEMBL2815,CC(C)N(Cc1cccc(-c2nccs2)c1)C(=O)Nc1ccc(OC(F)(F)F)cc1,6.88,0.0,1
CHEMBL2815,CC(C)N1CCN(C(=O)Nc2cnn3ccc(N4CCC[C@@H]4c4cc(F)ccc4F)nc23)CC1,7.35,0.0,1
CHEMBL2815,CC(C)N1CCN(C(=O)c2cccc(Nc3ncc(Cl)c(NCc4cccc(F)c4)n3)c2)CC1,6.18,0.0,1
CHEMBL2815,CC(C)NC(=O)c1cnn2ccc(N3CCC[C@@H]3c3cc(F)cn(C)c3=O)nc12,7.13,1.1030865786510144,2
CHEMBL2815,CC(C)NC(=O)c1cnn2ccc(N3CCC[C@@H]3c3cncc(F)c3)nc12,8.29,0.0,1
CHEMBL2815,CC(C)NC(=O)c1cnn2ccc(N3C[C@@H](O)C[C@@H]3c3cccc(F)c3)nc12,7.25,1.4000714267493644,2
CHEMBL2815,CC(C)NC(=O)c1cnn2ccc(N3[C@@H](c4cncc(F)c4)CC[C@@]3(C)CO)nc12,6.73,0.0,1
CHEMBL2815,CC(C)NC(=O)c1cnn2ccc(N3[C@H](CO)CC[C@@H]3c3cncc(F)c3)nc12,7.82,0.0,1
CHEMBL2815,CC(C)Nc1cc(F)cc(-c2n[nH]c3ncc(-c4cccc(S(C)(=O)=O)c4)cc23)c1,7.28,0.0,1
CHEMBL2815,CC(C)Nc1nc(C(=O)Nc2cnn3ccc(N4CCC[C@@H]4c4cc(F)ccc4F)nc23)cs1,8.51,0.0,1
CHEMBL2815,CC(C)OCc1ccc(Nc2ncc(Cl)c(NCc3cccc(F)c3)n2)cc1,5.79,0.0,1
CHEMBL2815,CC(C)Oc1cc(-n2cnc3ccc(N[C@@H](C)c4ccc(F)cn4)nc32)n[nH]1,8.85,0.0,1
CHEMBL2815,CC(C)Oc1nc2nc(C34COC(C)(C3)C4)cn2cc1C(=O)Nc1cccn(C2CC2)c1=O,6.12,0.0,1
CHEMBL2815,CC(C)[C@@H](CO)NC(=O)c1cnn2ccc(N3CCCC3c3cc(F)ccc3F)nc12,8.07,0.0,1
CHEMBL2815,CC(C)[C@@H](CO)NC(=O)c1cnn2ccc(N3CCCC3c3cncc(F)c3)nc12,6.74,0.0,1
CHEMBL2815,CC(C)[C@H](CO)NC(=O)c1cnn2ccc(N3CCCC3c3cncc(F)c3)nc12,7.48,0.0,1
CHEMBL2815,CC(C)[C@H](CO)Nc1nc(Nc2ccc(C(=O)O)c(Cl)c2)c2ncn(C(C)C)c2n1,7.29,0.0,1
CHEMBL2815,CC(C)[C@H]1CN(C(=O)Nc2cnc3ccc(N4CCC[C@@H]4c4cc(F)ccc4F)nn23)CCN1,7.56,0.0,1
CHEMBL2815,CC(C)[C@H]1CN(C(=O)Nc2cnc3ccc(N4CCC[C@@H]4c4cc(F)ccc4F)nn23)CCN1C(=O)OC(C)(C)C,6.07,0.0,1
CHEMBL2815,CC(C)c1cc(C(=O)c2cccc(NC(=O)Nc3ccc(OCc4ccccc4)cc3)c2)c2c(N)ncnn12,8.7,0.0,1
CHEMBL2815,CC(C)c1cc(C(=O)c2cccc(NC(=O)Nc3ccccc3)c2)c2c(N)ncnn12,8.7,0.0,1
CHEMBL2815,CC(C)c1ccc(NC(=O)Nc2cccc(Oc3cncc(-c4ccc(S(C)(=O)=O)cc4)n3)c2)cc1,6.38,0.0,1
CHEMBL2815,CC(C)c1ccc(NC(=O)Nc2cccc(Oc3cncc(-c4ccsc4)n3)c2)cc1,6.06,0.0,1
CHEMBL2815,CC(C)c1cccc(NC(=O)Nc2cccc(Nc3ccc4c(-c5cn[nH]c5)n[nH]c4c3)c2)c1,7.16,0.0,1
CHEMBL2815,CC(C)c1ccnn1CC(=O)Nc1cc(C(=O)c2cn(C(C)C)c3ccncc23)ccn1,7.01,0.0,1
CHEMBL2815,CC(C)c1ccnn1CC(=O)Nc1cc(C(=O)c2cn(CCO)c3ccncc23)ccn1,5.37,0.0,1
CHEMBL2815,CC(C)c1ccnn1CC(=O)Nc1cncc(C(=O)c2cn(C(C)C)c3ccncc23)c1,6.7,0.0,1
CHEMBL2815,CC(C)c1ccnn1CC(=O)Nc1cncc(C(=O)c2cn(C(C)C)c3ncncc23)c1,6.45,0.0,1
CHEMBL2815,CC(C)c1cn(CC(=O)Nc2cc(C(=O)c3cn(C(C)C)c4ccncc34)ccn2)nn1,7.39,0.0,1
CHEMBL2815,CC(C)c1cn(CC(=O)Nc2cc(C(=O)c3cn(C4COC4)c4ccncc34)ccn2)nn1,6.73,0.0,1
CHEMBL2815,CC(C)c1cn(CC(=O)Nc2cc(C(=O)c3cn(CCO)c4ccncc34)ccn2)nn1,6.57,0.0,1
CHEMBL2815,CC(C)c1cn(CC(=O)Nc2cncc(C(=O)c3cn(C(C)(C)CO)c4ccncc34)c2)nn1,8.01,0.0,1
CHEMBL2815,CC(C)c1cn(CC(=O)Nc2cncc(C(=O)c3cn(C(C)(C)CO)c4ncncc34)c2)nn1,7.9,0.0,1
CHEMBL2815,CC(C)c1cn(CC(=O)Nc2cncc(C(=O)c3cn(C(C)C)c4ccncc34)c2)nn1,7.22,0.0,1
CHEMBL2815,CC(C)c1cn(CC(=O)Nc2cncc(C(=O)c3cn(C(C)C)c4nc(N)ncc34)c2)nn1,7.62,0.0,1
CHEMBL2815,CC(C)c1cn(CC(=O)Nc2cncc(C(=O)c3cn(C(C)C)c4ncncc34)c2)nn1,7.59,0.0,1
CHEMBL2815,CC(C)c1cn(CC(=O)Nc2cncc(C(=O)c3cn(C(C)CO)c4ccncc34)c2)nn1,7.22,0.05656854249492385,2
CHEMBL2815,CC(C)c1cn(CC(=O)Nc2cncc(C(=O)c3cn([C@H](C)CO)c4ncncc34)c2)nn1,6.91,0.0,1
CHEMBL2815,CC(C)c1csc(C(=O)Nc2cncc(C(=O)c3cn(C(C)C)c4ncncc34)c2)n1,7.51,0.0,1
CHEMBL2815,CC(C)c1ncc(C(F)(F)F)cc1NC(=O)Nc1cnc(Oc2ccc(-c3cnc(N4CCCC4=O)s3)cc2)nc1,7.05,0.0,1
CHEMBL2815,CC(C)c1nnc2ccc(C(=O)Nc3cncc(C(=O)c4cn(C(C)C)c5ncncc45)c3)cn12,5.77,0.0,1
CHEMBL2815,CC(C)n1cc(C(=O)c2c[nH]c(=O)c(NC(=O)COc3ccccc3OC(F)(F)F)c2)c2cncnc21,7.43,0.0,1
CHEMBL2815,CC(C)n1cc(C(=O)c2c[nH]c(=O)c(NC(=O)Cc3ccc(C#N)cc3)c2)c2cncnc21,6.24,0.0,1
CHEMBL2815,CC(C)n1cc(C(=O)c2c[nH]c(=O)c(NC(=O)Cc3ccc(Cl)cc3)c2)c2cncnc21,7.5,0.0,1
CHEMBL2815,CC(C)n1cc(C(=O)c2c[nH]c(=O)c(NC(=O)Cc3ccc(Cl)cn3)c2)c2cncnc21,7.15,0.0,1
CHEMBL2815,CC(C)n1cc(C(=O)c2c[nH]c(=O)c(NC(=O)Cc3ccc4cccnc4c3)c2)c2cncnc21,6.48,0.0,1
CHEMBL2815,CC(C)n1cc(C(=O)c2c[nH]c(=O)c(NC(=O)Cc3coc(C4CC4)n3)c2)c2cncnc21,6.0,0.0,1
CHEMBL2815,CC(C)n1cc(C(=O)c2c[nH]c(=O)c(NC(=O)Cn3cc(C(F)(F)F)nn3)c2)c2cncnc21,6.85,0.0,1
CHEMBL2815,CC(C)n1cc(C(=O)c2cc(NC(=O)Cc3ccc(C#N)cc3)ccn2)c2cnccc21,6.75,0.0,1
CHEMBL2815,CC(C)n1cc(C(=O)c2cc(NC(=O)Cc3ccc(C#N)cn3)ccn2)c2cnccc21,6.68,0.0,1
CHEMBL2815,CC(C)n1cc(C(=O)c2cc(NC(=O)Cc3ccc(Cl)cc3)ccn2)c2cncc(F)c21,7.63,0.0,1
CHEMBL2815,CC(C)n1cc(C(=O)c2cc(NC(=O)Cc3ccc(Cl)cn3)ccn2)c2cnccc21,7.13,0.0,1
CHEMBL2815,CC(C)n1cc(C(=O)c2cc(NC(=O)Cc3cn(C4CC4)nc3C(F)(F)F)ccn2)c2cnccc21,5.78,0.0,1
CHEMBL2815,CC(C)n1cc(C(=O)c2cc(NC(=O)Cc3cnn(C4CC4)c3C(F)(F)F)ccn2)c2cnccc21,6.75,0.0,1
CHEMBL2815,CC(C)n1cc(C(=O)c2cc(NC(=O)Cn3cc(C(F)(F)F)cn3)ccn2)c2cnccc21,7.88,0.0,1
CHEMBL2815,CC(C)n1cc(C(=O)c2cc(NC(=O)Cn3cc(C(F)(F)F)nn3)ccn2)c2cncc(F)c21,6.46,0.0,1
CHEMBL2815,CC(C)n1cc(C(=O)c2cc(NC(=O)Cn3cc(C(F)(F)F)nn3)ccn2)c2cnccc21,6.96,0.0,1
CHEMBL2815,CC(C)n1cc(C(=O)c2cc(NC(=O)Cn3cc(C4CC4)nn3)ccn2)c2cnccc21,6.86,0.0,1
CHEMBL2815,CC(C)n1cc(C(=O)c2cc(NC(=O)Cn3ccc(C(F)(F)F)n3)ccn2)c2cnccc21,7.05,0.0,1
CHEMBL2815,CC(C)n1cc(C(=O)c2cc(NC(=O)Cn3ccc(C4CC4)n3)ccn2)c2cnccc21,6.97,0.0,1
CHEMBL2815,CC(C)n1cc(C(=O)c2ccnc(NC(=O)Cc3ccc(C#N)c(C(F)(F)F)c3)c2)c2cnccc21,7.61,0.0,1
CHEMBL2815,CC(C)n1cc(C(=O)c2ccnc(NC(=O)Cc3ccc(C#N)cc3)c2)c2cnccc21,7.75,0.0,1
CHEMBL2815,CC(C)n1cc(C(=O)c2ccnc(NC(=O)Cc3ccc(C#N)cn3)c2)c2cnccc21,7.34,0.0,1
CHEMBL2815,CC(C)n1cc(C(=O)c2ccnc(NC(=O)Cc3ccc(C(F)(F)F)c(F)c3)c2)c2cnccc21,8.07,0.0,1
CHEMBL2815,CC(C)n1cc(C(=O)c2ccnc(NC(=O)Cc3ccc(C(F)(F)F)cc3)c2)c2cnccc21,8.28,0.0,1
CHEMBL2815,CC(C)n1cc(C(=O)c2ccnc(NC(=O)Cc3ccc(Cl)c(Cl)c3)c2)c2cnccc21,8.25,0.0,1
CHEMBL2815,CC(C)n1cc(C(=O)c2ccnc(NC(=O)Cc3ccc(Cl)cc3)c2)c2cnccc21,7.82,0.0,1
CHEMBL2815,CC(C)n1cc(C(=O)c2ccnc(NC(=O)Cc3ccc(Cl)cn3)c2)c2cnccc21,8.21,0.0,1
CHEMBL2815,CC(C)n1cc(C(=O)c2ccnc(NC(=O)Cc3ccc(F)cc3)c2)c2cnccc21,7.88,0.0,1
CHEMBL2815,CC(C)n1cc(C(=O)c2ccnc(NC(=O)Cc3ccc(F)cc3F)c2)c2cnccc21,7.75,0.0,1
CHEMBL2815,CC(C)n1cc(C(=O)c2ccnc(NC(=O)Cc3ccc(F)cn3)c2)c2cnccc21,7.17,0.0,1
CHEMBL2815,CC(C)n1cc(C(=O)c2ccnc(NC(=O)Cc3ccc(OC(F)(F)F)cc3)c2)c2cnccc21,7.83,0.0,1
CHEMBL2815,CC(C)n1cc(C(=O)c2ccnc(NC(=O)Cc3cccc(CC(C)(C)O)c3)c2)c2cnccc21,7.51,0.0,1
CHEMBL2815,CC(C)n1cc(C(=O)c2ccnc(NC(=O)Cc3cccc(Cl)c3)c2)c2cnccc21,7.86,0.0,1
CHEMBL2815,CC(C)n1cc(C(=O)c2ccnc(NC(=O)Cc3cccc(OC(F)(F)F)c3)c2)c2cnccc21,8.13,0.0,1
CHEMBL2815,CC(C)n1cc(C(=O)c2ccnc(NC(=O)Cc3ccccc3)c2)c2cnccc21,7.19,0.0,1
CHEMBL2815,CC(C)n1cc(C(=O)c2ccnc(NC(=O)Cc3ccccc3Cl)c2)c2cnccc21,6.97,0.0,1
CHEMBL2815,CC(C)n1cc(C(=O)c2ccnc(NC(=O)Cc3ccccc3OC(F)(F)F)c2)c2cnccc21,7.58,0.0,1
CHEMBL2815,CC(C)n1cc(C(=O)c2ccnc(NC(=O)Cc3ccon3)c2)c2cnccc21,5.97,0.0,1
CHEMBL2815,CC(C)n1cc(C(=O)c2ccnc(NC(=O)Cc3cnccn3)c2)c2cnccc21,5.48,0.0,1
CHEMBL2815,CC(C)n1cc(C(=O)c2ccnc(NC(=O)Cc3cncs3)c2)c2cnccc21,5.73,0.0,1
CHEMBL2815,CC(C)n1cc(C(=O)c2ccnc(NC(=O)Cc3coc(C4CC4)n3)c2)c2cnccc21,7.87,0.0,1
CHEMBL2815,CC(C)n1cc(C(=O)c2ccnc(NC(=O)Cc3cscn3)c2)c2cnccc21,6.27,0.0,1
CHEMBL2815,CC(C)n1cc(C(=O)c2ccnc(NC(=O)Cc3nc(C(C)(C)C)nn3C)c2)c2cnccc21,7.44,0.0,1
CHEMBL2815,CC(C)n1cc(C(=O)c2ccnc(NC(=O)Cc3nc(C4CC4)oc3C3CC3)c2)c2cnccc21,7.58,0.0,1
CHEMBL2815,CC(C)n1cc(C(=O)c2ccnc(NC(=O)Cc3nnnn3C)c2)c2cnccc21,5.01,0.0,1
CHEMBL2815,CC(C)n1cc(C(=O)c2ccnc(NC(=O)Cn3cc(C(F)(F)F)nn3)c2)c2cnccc21,7.97,0.0,1
CHEMBL2815,CC(C)n1cc(C(=O)c2ccnc(NC(=O)Cn3cc(Cl)cn3)c2)c2cnccc21,7.37,0.0,1
CHEMBL2815,CC(C)n1cc(C(=O)c2ccnc(NC(=O)Cn3cccn3)c2)c2cnccc21,6.02,0.0,1
CHEMBL2815,CC(C)n1cc(C(=O)c2ccnc(NC(=O)Cn3ccnc3)c2)c2cnccc21,5.13,0.0,1
CHEMBL2815,CC(C)n1cc(C(=O)c2ccnc(NC(=O)Cn3cncn3)c2)c2cnccc21,5.0,0.0,1
CHEMBL2815,CC(C)n1cc(C(=O)c2ccnc(NC(=O)Cn3cnnn3)c2)c2cnccc21,5.19,0.0,1
CHEMBL2815,CC(C)n1cc(C(=O)c2ccnc(NC(=O)Cn3nccn3)c2)c2cnccc21,6.11,0.0,1
CHEMBL2815,CC(C)n1cc(C(=O)c2ccnc(NC(=O)c3cccc(OC(F)(F)F)c3)c2)c2cnccc21,8.41,0.0,1
CHEMBL2815,CC(C)n1cc(C(=O)c2cncc(N(C)C(=O)Cc3ccc(C#N)cc3)c2)c2cncnc21,5.84,0.0,1
CHEMBL2815,CC(C)n1cc(C(=O)c2cncc(N(C)C(=O)Cc3ccc(Cl)cc3)c2)c2cncnc21,6.52,0.0,1
CHEMBL2815,CC(C)n1cc(C(=O)c2cncc(NC(=O)C(CO)c3ccc(Cl)cc3)c2)c2cncnc21,7.03,0.0,1
CHEMBL2815,CC(C)n1cc(C(=O)c2cncc(NC(=O)C(CO)c3ccccc3)c2)c2cncnc21,6.6,0.0,1
CHEMBL2815,CC(C)n1cc(C(=O)c2cncc(NC(=O)C(N)c3ccc(Cl)cc3)c2)c2cncnc21,6.82,0.0,1
CHEMBL2815,CC(C)n1cc(C(=O)c2cncc(NC(=O)C(O)c3ccccc3)c2)c2cncnc21,8.14,0.0,1
CHEMBL2815,CC(C)n1cc(C(=O)c2cncc(NC(=O)CN3CCc4cccnc4C3)c2)c2cncnc21,5.36,0.0,1
CHEMBL2815,CC(C)n1cc(C(=O)c2cncc(NC(=O)CN3Cc4ccc(F)cc4C3=O)c2)c2cncnc21,6.69,0.0,1
CHEMBL2815,CC(C)n1cc(C(=O)c2cncc(NC(=O)COc3ccc(OC(F)(F)F)cc3)c2)c2cncnc21,7.44,0.0,1
CHEMBL2815,CC(C)n1cc(C(=O)c2cncc(NC(=O)COc3ccccc3C#N)c2)c2cncnc21,6.81,0.0,1
CHEMBL2815,CC(C)n1cc(C(=O)c2cncc(NC(=O)Cc3c[nH]c4c(Cl)cccc34)c2)c2cncnc21,7.03,0.0,1
CHEMBL2815,CC(C)n1cc(C(=O)c2cncc(NC(=O)Cc3c[nH]c4ccc(Cl)cc34)c2)c2cncnc21,7.18,0.0,1
CHEMBL2815,CC(C)n1cc(C(=O)c2cncc(NC(=O)Cc3c[nH]c4ccc(O)cc34)c2)c2cncnc21,6.64,0.0,1
CHEMBL2815,CC(C)n1cc(C(=O)c2cncc(NC(=O)Cc3c[nH]c4ccccc34)c2)c2cncnc21,6.88,0.0,1
CHEMBL2815,CC(C)n1cc(C(=O)c2cncc(NC(=O)Cc3c[nH]c4nccnc34)c2)c2cncnc21,6.63,0.0,1
CHEMBL2815,CC(C)n1cc(C(=O)c2cncc(NC(=O)Cc3cc(-c4ccccc4)c[nH]3)c2)c2cncnc21,6.3,0.0,1
CHEMBL2815,CC(C)n1cc(C(=O)c2cncc(NC(=O)Cc3ccc(C#N)c(C(F)(F)F)c3)c2)c2cnccc21,7.29,0.0,1
CHEMBL2815,CC(C)n1cc(C(=O)c2cncc(NC(=O)Cc3ccc(C#N)c(C(F)(F)F)c3)c2)c2cncnc21,7.2,0.0,1
CHEMBL2815,CC(C)n1cc(C(=O)c2cncc(NC(=O)Cc3ccc(C#N)c(F)c3)c2)c2cncnc21,6.76,0.0,1
CHEMBL2815,CC(C)n1cc(C(=O)c2cncc(NC(=O)Cc3ccc(C#N)cc3)c2)c2cnc(N)nc21,7.34,0.0,1
CHEMBL2815,CC(C)n1cc(C(=O)c2cncc(NC(=O)Cc3ccc(C#N)cc3)c2)c2cnccc21,6.75,0.0,1
CHEMBL2815,CC(C)n1cc(C(=O)c2cncc(NC(=O)Cc3ccc(C#N)cc3)c2)c2cncnc21,6.87,0.0,1
CHEMBL2815,CC(C)n1cc(C(=O)c2cncc(NC(=O)Cc3ccc(C#N)cn3)c2)c2cnc(N)nc21,7.37,0.0,1
CHEMBL2815,CC(C)n1cc(C(=O)c2cncc(NC(=O)Cc3ccc(C#N)cn3)c2)c2cnccc21,7.0,0.0,1
CHEMBL2815,CC(C)n1cc(C(=O)c2cncc(NC(=O)Cc3ccc(C#N)cn3)c2)c2cncnc21,6.96,0.0,1
CHEMBL2815,CC(C)n1cc(C(=O)c2cncc(NC(=O)Cc3ccc(C(=O)c4ccccc4)cc3)c2)c2cncnc21,5.86,0.0,1
CHEMBL2815,CC(C)n1cc(C(=O)c2cncc(NC(=O)Cc3ccc(C(F)(F)F)cc3)c2)c2cnc(N)nc21,8.33,0.0,1
CHEMBL2815,CC(C)n1cc(C(=O)c2cncc(NC(=O)Cc3ccc(C(F)(F)F)cc3)c2)c2cncnc21,8.38,0.0,1
CHEMBL2815,CC(C)n1cc(C(=O)c2cncc(NC(=O)Cc3ccc(Cl)c(Cl)c3)c2)c2cncnc21,7.92,0.0,1
CHEMBL2815,CC(C)n1cc(C(=O)c2cncc(NC(=O)Cc3ccc(Cl)cc3)c2)c2cnc(N)nc21,8.46,0.0,1
CHEMBL2815,CC(C)n1cc(C(=O)c2cncc(NC(=O)Cc3ccc(Cl)cc3)c2)c2cnccc21,7.95,0.0,1
CHEMBL2815,CC(C)n1cc(C(=O)c2cncc(NC(=O)Cc3ccc(Cl)cc3)c2)c2cncnc21,7.96,0.0,1
CHEMBL2815,CC(C)n1cc(C(=O)c2cncc(NC(=O)Cc3ccc(Cl)cn3)c2)c2cnc(N)nc21,8.06,0.0,1
CHEMBL2815,CC(C)n1cc(C(=O)c2cncc(NC(=O)Cc3ccc(Cl)cn3)c2)c2cnccc21,8.02,0.0,1
CHEMBL2815,CC(C)n1cc(C(=O)c2cncc(NC(=O)Cc3ccc(Cl)cn3)c2)c2cncnc21,8.29,0.0,1
CHEMBL2815,CC(C)n1cc(C(=O)c2cncc(NC(=O)Cc3ccc(F)cc3)c2)c2cnccc21,7.38,0.0,1
CHEMBL2815,CC(C)n1cc(C(=O)c2cncc(NC(=O)Cc3ccc(F)cc3)c2)c2cncnc21,7.25,0.0,1
CHEMBL2815,CC(C)n1cc(C(=O)c2cncc(NC(=O)Cc3ccc(F)cn3)c2)c2cnc(N)nc21,7.42,0.0,1
CHEMBL2815,CC(C)n1cc(C(=O)c2cncc(NC(=O)Cc3ccc(F)cn3)c2)c2cncc(F)c21,7.17,0.0,1
CHEMBL2815,CC(C)n1cc(C(=O)c2cncc(NC(=O)Cc3ccc(F)cn3)c2)c2cnccc21,6.72,0.0,1
CHEMBL2815,CC(C)n1cc(C(=O)c2cncc(NC(=O)Cc3ccc(OC4CC4)cc3)c2)c2cncnc21,6.55,0.0,1
CHEMBL2815,CC(C)n1cc(C(=O)c2cncc(NC(=O)Cc3ccc4[nH]c(C(F)(F)F)nc4c3)c2)c2cncnc21,5.54,0.0,1
CHEMBL2815,CC(C)n1cc(C(=O)c2cncc(NC(=O)Cc3ccc4[nH]cnc4c3)c2)c2cncnc21,6.41,0.0,1
CHEMBL2815,CC(C)n1cc(C(=O)c2cncc(NC(=O)Cc3ccc4c(c3)CCO4)c2)c2cncnc21,7.38,0.0,1
CHEMBL2815,CC(C)n1cc(C(=O)c2cncc(NC(=O)Cc3ccc4cccnc4c3)c2)c2cncnc21,7.59,0.0,1
CHEMBL2815,CC(C)n1cc(C(=O)c2cncc(NC(=O)Cc3ccc4cn[nH]c4c3)c2)c2cncnc21,7.71,0.0,1
CHEMBL2815,CC(C)n1cc(C(=O)c2cncc(NC(=O)Cc3ccc4nccnc4c3)c2)c2cncnc21,6.71,0.0,1
CHEMBL2815,CC(C)n1cc(C(=O)c2cncc(NC(=O)Cc3ccc4nnnn4n3)c2)c2cncnc21,6.76,0.0,1
CHEMBL2815,CC(C)n1cc(C(=O)c2cncc(NC(=O)Cc3ccc4ocnc4c3)c2)c2cnc(N)nc21,7.45,0.0,1
CHEMBL2815,CC(C)n1cc(C(=O)c2cncc(NC(=O)Cc3ccc4ocnc4c3)c2)c2cncnc21,7.66,0.0,1
CHEMBL2815,CC(C)n1cc(C(=O)c2cncc(NC(=O)Cc3ccc4onc(N)c4c3)c2)c2cncnc21,6.45,0.0,1
CHEMBL2815,CC(C)n1cc(C(=O)c2cncc(NC(=O)Cc3cccc(C(=O)c4ccccc4)c3)c2)c2cncnc21,7.37,0.0,1
CHEMBL2815,CC(C)n1cc(C(=O)c2cncc(NC(=O)Cc3cccc(C(F)(F)F)c3)c2)c2cnc(N)nc21,8.33,0.0,1
CHEMBL2815,CC(C)n1cc(C(=O)c2cncc(NC(=O)Cc3cccc(C(F)(F)F)c3)c2)c2cncnc21,8.45,0.0,1
CHEMBL2815,CC(C)n1cc(C(=O)c2cncc(NC(=O)Cc3cccc(CC(C)(C)O)c3)c2)c2cnccc21,7.41,0.0,1
CHEMBL2815,CC(C)n1cc(C(=O)c2cncc(NC(=O)Cc3cccc(CN4CC(F)C4)c3)c2)c2cncnc21,5.67,0.0,1
CHEMBL2815,CC(C)n1cc(C(=O)c2cncc(NC(=O)Cc3cccc(CN4CCC4)c3)c2)c2cncnc21,5.53,0.0,1
CHEMBL2815,CC(C)n1cc(C(=O)c2cncc(NC(=O)Cc3cccc(CN4CCOCC4)c3)c2)c2cncnc21,6.24,0.0,1
CHEMBL2815,CC(C)n1cc(C(=O)c2cncc(NC(=O)Cc3cccc(CO)c3)c2)c2cncnc21,6.25,0.0,1
CHEMBL2815,CC(C)n1cc(C(=O)c2cncc(NC(=O)Cc3cccc(Cl)c3)c2)c2cnccc21,6.845000000000001,0.9828784258493005,2
CHEMBL2815,CC(C)n1cc(C(=O)c2cncc(NC(=O)Cc3cccc(OC4CC4)c3)c2)c2cncnc21,5.92,0.0,1
CHEMBL2815,CC(C)n1cc(C(=O)c2cncc(NC(=O)Cc3cccc(S(C)(=O)=O)c3)c2)c2cnc(N)nc21,7.15,0.0,1
CHEMBL2815,CC(C)n1cc(C(=O)c2cncc(NC(=O)Cc3cccc(S(C)(=O)=O)c3)c2)c2cncnc21,7.2,0.0,1
CHEMBL2815,CC(C)n1cc(C(=O)c2cncc(NC(=O)Cc3ccccc3)c2)c2cnccc21,6.79,0.0,1
CHEMBL2815,CC(C)n1cc(C(=O)c2cncc(NC(=O)Cc3ccccc3Cl)c2)c2cnccc21,5.62,0.0,1
CHEMBL2815,CC(C)n1cc(C(=O)c2cncc(NC(=O)Cc3ccccc3OC3CC3)c2)c2cncnc21,7.64,0.0,1
CHEMBL2815,CC(C)n1cc(C(=O)c2cncc(NC(=O)Cc3ccccn3)c2)c2cncnc21,6.63,0.0,1
CHEMBL2815,CC(C)n1cc(C(=O)c2cncc(NC(=O)Cc3cccnc3)c2)c2cncnc21,5.59,0.0,1
CHEMBL2815,CC(C)n1cc(C(=O)c2cncc(NC(=O)Cc3ccn(-c4ccc(O)cc4)c3)c2)c2cncnc21,6.65,0.0,1
CHEMBL2815,CC(C)n1cc(C(=O)c2cncc(NC(=O)Cc3ccn(-c4ccccc4)c3)c2)c2cncnc21,6.66,0.0,1
CHEMBL2815,CC(C)n1cc(C(=O)c2cncc(NC(=O)Cc3ccn4ccnc4c3)c2)c2cncnc21,7.15,0.0,1
CHEMBL2815,CC(C)n1cc(C(=O)c2cncc(NC(=O)Cc3cn(C)c4ccccc34)c2)c2cncnc21,6.48,0.0,1
CHEMBL2815,CC(C)n1cc(C(=O)c2cncc(NC(=O)Cc3cn(C)cn3)c2)c2cnccc21,5.48,0.0,1
CHEMBL2815,CC(C)n1cc(C(=O)c2cncc(NC(=O)Cc3cn(C4CC4)nc3C(F)(F)F)c2)c2cncnc21,7.2,0.0,1
CHEMBL2815,CC(C)n1cc(C(=O)c2cncc(NC(=O)Cc3cn(Cc4ccccc4)nn3)c2)c2cncnc21,6.24,0.0,1
CHEMBL2815,CC(C)n1cc(C(=O)c2cncc(NC(=O)Cc3cn4cc(Cl)ccc4n3)c2)c2cncnc21,7.02,0.0,1
CHEMBL2815,CC(C)n1cc(C(=O)c2cncc(NC(=O)Cc3cn4cc(Cl)sc4n3)c2)c2cncnc21,7.01,0.0,1
CHEMBL2815,CC(C)n1cc(C(=O)c2cncc(NC(=O)Cc3cn4ccccc4n3)c2)c2cncnc21,6.69,0.0,1
CHEMBL2815,CC(C)n1cc(C(=O)c2cncc(NC(=O)Cc3cn4cccnc4n3)c2)c2cncnc21,5.33,0.0,1
CHEMBL2815,CC(C)n1cc(C(=O)c2cncc(NC(=O)Cc3cn4ccsc4n3)c2)c2cncnc21,6.02,0.0,1
CHEMBL2815,CC(C)n1cc(C(=O)c2cncc(NC(=O)Cc3cnc4cccnc4c3)c2)c2cncnc21,6.04,0.0,1
CHEMBL2815,CC(C)n1cc(C(=O)c2cncc(NC(=O)Cc3cnc4ncnn4c3)c2)c2cncnc21,5.01,0.0,1
CHEMBL2815,CC(C)n1cc(C(=O)c2cncc(NC(=O)Cc3cncc(Br)c3)c2)c2cncnc21,7.29,0.0,1
CHEMBL2815,CC(C)n1cc(C(=O)c2cncc(NC(=O)Cc3cncc(OC4CC4)c3)c2)c2cncnc21,5.99,0.0,1
CHEMBL2815,CC(C)n1cc(C(=O)c2cncc(NC(=O)Cc3cnccn3)c2)c2cnccc21,5.36,0.0,1
CHEMBL2815,CC(C)n1cc(C(=O)c2cncc(NC(=O)Cc3cnccn3)c2)c2cncnc21,5.29,0.0,1
CHEMBL2815,CC(C)n1cc(C(=O)c2cncc(NC(=O)Cc3cncn3C)c2)c2cnccc21,5.8,0.0,1
CHEMBL2815,CC(C)n1cc(C(=O)c2cncc(NC(=O)Cc3cnn(C4CC4)c3C(F)(F)F)c2)c2cncnc21,7.41,0.0,1
CHEMBL2815,CC(C)n1cc(C(=O)c2cncc(NC(=O)Cc3coc(C4CC4)n3)c2)c2cnccc21,6.93,0.0,1
CHEMBL2815,CC(C)n1cc(C(=O)c2cncc(NC(=O)Cc3n[nH]c4ccccc34)c2)c2cncnc21,7.15,0.0,1
CHEMBL2815,CC(C)n1cc(C(=O)c2cncc(NC(=O)Cc3nc(C(C)(C)C)nn3C)c2)c2cnccc21,6.75,0.0,1
CHEMBL2815,CC(C)n1cc(C(=O)c2cncc(NC(=O)Cc3nc(C4CC4)oc3C3CC3)c2)c2cnccc21,7.5,0.0,1
CHEMBL2815,CC(C)n1cc(C(=O)c2cncc(NC(=O)Cc3ncccn3)c2)c2cnccc21,5.31,0.0,1
CHEMBL2815,CC(C)n1cc(C(=O)c2cncc(NC(=O)Cc3ncccn3)c2)c2cncnc21,5.47,0.0,1
CHEMBL2815,CC(C)n1cc(C(=O)c2cncc(NC(=O)Cc3nccn3C)c2)c2cnccc21,5.51,0.0,1
CHEMBL2815,CC(C)n1cc(C(=O)c2cncc(NC(=O)Cc3nn(C)c4cc(Cl)ccc34)c2)c2cncnc21,7.12,0.0,1
CHEMBL2815,CC(C)n1cc(C(=O)c2cncc(NC(=O)Cc3nn(C)c4ccc(Cl)cc34)c2)c2cncnc21,6.61,0.0,1
CHEMBL2815,CC(C)n1cc(C(=O)c2cncc(NC(=O)Cc3nnc(O)c4ccccc34)c2)c2cncnc21,5.12,0.0,1
CHEMBL2815,CC(C)n1cc(C(=O)c2cncc(NC(=O)Cc3nnn[nH]3)c2)c2cnccc21,5.01,0.0,1
CHEMBL2815,CC(C)n1cc(C(=O)c2cncc(NC(=O)Cn3cc(-c4cccc(O)c4)nn3)c2)c2cncnc21,5.58,0.0,1
CHEMBL2815,CC(C)n1cc(C(=O)c2cncc(NC(=O)Cn3cc(-c4ccccn4)nn3)c2)c2cncnc21,5.2,0.0,1
CHEMBL2815,CC(C)n1cc(C(=O)c2cncc(NC(=O)Cn3cc(C(C)(C)O)nn3)c2)c2cnccc21,6.32,0.0,1
CHEMBL2815,CC(C)n1cc(C(=O)c2cncc(NC(=O)Cn3cc(C(F)(F)F)cn3)c2)c2cncc(F)c21,8.02,0.0,1
CHEMBL2815,CC(C)n1cc(C(=O)c2cncc(NC(=O)Cn3cc(C(F)(F)F)nn3)c2)c2cnc(N)nc21,7.72,0.0,1
CHEMBL2815,CC(C)n1cc(C(=O)c2cncc(NC(=O)Cn3cc(C(F)(F)F)nn3)c2)c2cncc(F)c21,7.54,0.0,1
CHEMBL2815,CC(C)n1cc(C(=O)c2cncc(NC(=O)Cn3cc(C(F)(F)F)nn3)c2)c2cnccc21,6.83,0.0,1
CHEMBL2815,CC(C)n1cc(C(=O)c2cncc(NC(=O)Cn3cc(C(F)(F)F)nn3)c2)c2cncnc21,7.83,0.0,1
CHEMBL2815,CC(C)n1cc(C(=O)c2cncc(NC(=O)Cn3cc(C4(O)CCCC4)nn3)c2)c2cncnc21,5.99,0.0,1
CHEMBL2815,CC(C)n1cc(C(=O)c2cncc(NC(=O)Cn3cc(C4CC4)cn3)c2)c2cncc(F)c21,7.82,0.0,1
CHEMBL2815,CC(C)n1cc(C(=O)c2cncc(NC(=O)Cn3cc(C4CC4)nn3)c2)c2cnc(N)nc21,7.45,0.0,1
CHEMBL2815,CC(C)n1cc(C(=O)c2cncc(NC(=O)Cn3cc(C4CC4)nn3)c2)c2cncc(F)c21,7.08,0.0,1
CHEMBL2815,CC(C)n1cc(C(=O)c2cncc(NC(=O)Cn3cc(C4CC4)nn3)c2)c2cnccc21,7.17,0.0,1
CHEMBL2815,CC(C)n1cc(C(=O)c2cncc(NC(=O)Cn3cc(C4CC4)nn3)c2)c2cncnc21,7.25,0.0,1
CHEMBL2815,CC(C)n1cc(C(=O)c2cncc(NC(=O)Cn3cc(Cl)cn3)c2)c2cnccc21,7.38,0.0,1
CHEMBL2815,CC(C)n1cc(C(=O)c2cncc(NC(=O)Cn3cc4cc(F)ccc4n3)c2)c2cncnc21,7.26,0.0,1
CHEMBL2815,CC(C)n1cc(C(=O)c2cncc(NC(=O)Cn3cc4cccc(F)c4n3)c2)c2cncnc21,6.69,0.0,1
CHEMBL2815,CC(C)n1cc(C(=O)c2cncc(NC(=O)Cn3cc4ccccc4n3)c2)c2cncnc21,7.91,0.0,1
CHEMBL2815,CC(C)n1cc(C(=O)c2cncc(NC(=O)Cn3ccc(-c4ccccn4)n3)c2)c2cncnc21,5.8,0.0,1
CHEMBL2815,CC(C)n1cc(C(=O)c2cncc(NC(=O)Cn3ccc(-c4cccs4)n3)c2)c2cncnc21,7.28,0.0,1
CHEMBL2815,CC(C)n1cc(C(=O)c2cncc(NC(=O)Cn3ccc(C(F)(F)F)n3)c2)c2cnc(N)nc21,8.29,0.0,1
CHEMBL2815,CC(C)n1cc(C(=O)c2cncc(NC(=O)Cn3ccc(C(F)(F)F)n3)c2)c2cnccc21,7.57,0.0,1
CHEMBL2815,CC(C)n1cc(C(=O)c2cncc(NC(=O)Cn3ccc(C(F)(F)F)n3)c2)c2cncnc21,8.31,0.0,1
CHEMBL2815,CC(C)n1cc(C(=O)c2cncc(NC(=O)Cn3ccc(C4CC4)n3)c2)c2cnc(N)nc21,8.41,0.0,1
CHEMBL2815,CC(C)n1cc(C(=O)c2cncc(NC(=O)Cn3ccc(C4CC4)n3)c2)c2cncc(F)c21,7.71,0.0,1
CHEMBL2815,CC(C)n1cc(C(=O)c2cncc(NC(=O)Cn3ccc(C4CC4)n3)c2)c2cnccc21,6.97,0.0,1
CHEMBL2815,CC(C)n1cc(C(=O)c2cncc(NC(=O)Cn3ccc(C4CC4)n3)c2)c2cncnc21,8.05,0.0,1
CHEMBL2815,CC(C)n1cc(C(=O)c2cncc(NC(=O)Cn3ccc4ccccc43)c2)c2cncnc21,7.33,0.0,1
CHEMBL2815,CC(C)n1cc(C(=O)c2cncc(NC(=O)Cn3cccn3)c2)c2cnccc21,5.91,0.0,1
CHEMBL2815,CC(C)n1cc(C(=O)c2cncc(NC(=O)Cn3cccn3)c2)c2cncnc21,6.01,0.0,1
CHEMBL2815,CC(C)n1cc(C(=O)c2cncc(NC(=O)Cn3ccnc3)c2)c2cncnc21,5.01,0.0,1
CHEMBL2815,CC(C)n1cc(C(=O)c2cncc(NC(=O)Cn3ccnc3-c3ccccc3)c2)c2cncnc21,5.45,0.0,1
CHEMBL2815,CC(C)n1cc(C(=O)c2cncc(NC(=O)Cn3cnc(-c4ccc(F)cc4)c3)c2)c2cncnc21,5.69,0.0,1
CHEMBL2815,CC(C)n1cc(C(=O)c2cncc(NC(=O)Cn3cnc(Cl)c3Cl)c2)c2cncnc21,6.52,0.0,1
CHEMBL2815,CC(C)n1cc(C(=O)c2cncc(NC(=O)Cn3cnc4ccccc43)c2)c2cncnc21,6.17,0.0,1
CHEMBL2815,CC(C)n1cc(C(=O)c2cncc(NC(=O)Cn3nc4ccccc4n3)c2)c2cncnc21,8.12,0.0,1
CHEMBL2815,CC(C)n1cc(C(=O)c2cncc(NC(=O)Cn3ncc4cc(F)ccc43)c2)c2cncnc21,8.4,0.0,1
CHEMBL2815,CC(C)n1cc(C(=O)c2cncc(NC(=O)Cn3ncc4ccc([N+](=O)[O-])cc43)c2)c2cncnc21,6.84,0.0,1
CHEMBL2815,CC(C)n1cc(C(=O)c2cncc(NC(=O)Cn3ncc4cccc(F)c43)c2)c2cncnc21,7.91,0.0,1
CHEMBL2815,CC(C)n1cc(C(=O)c2cncc(NC(=O)Cn3ncc4ccccc43)c2)c2cncnc21,7.38,0.0,1
CHEMBL2815,CC(C)n1cc(C(=O)c2cncc(NC(=O)Cn3ncc4cccnc43)c2)c2cncnc21,7.37,0.0,1
CHEMBL2815,CC(C)n1cc(C(=O)c2cncc(NC(=O)Cn3ncc4ncccc43)c2)c2cncnc21,7.02,0.0,1
CHEMBL2815,CC(C)n1cc(C(=O)c2cncc(NC(=O)Cn3nnc4cc(Cl)ccc43)c2)c2cncnc21,6.63,0.0,1
CHEMBL2815,CC(C)n1cc(C(=O)c2cncc(NC(=O)Cn3nnc4ccccc43)c2)c2cncnc21,6.51,0.0,1
CHEMBL2815,CC(C)n1cc(C(=O)c2cncc(NC(=O)Cn3nnnc3-c3ccccc3)c2)c2cncnc21,6.14,0.0,1
CHEMBL2815,CC(C)n1cc(C(=O)c2cncc(NC(=O)Nc3cc(C4CC4)nn3-c3cnn(C)c3)c2)c2cncnc21,8.82,0.0,1
CHEMBL2815,CC(C)n1cc(C(=O)c2cncc(NC(=O)[C@@H](N)Cc3ccc(C(=O)c4ccccc4)cc3)c2)c2cncnc21,5.36,0.0,1
CHEMBL2815,CC(C)n1cc(C(=O)c2cncc(NC(=O)[C@H](Cc3ccc(C(=O)c4ccccc4)cc3)NC(=O)OC(C)(C)C)c2)c2cncnc21,5.7,0.0,1
CHEMBL2815,CC(C)n1cc(C(=O)c2cncc(NC(=O)[C@H](N)Cc3ccc(C(=O)c4ccccc4)cc3)c2)c2cncnc21,6.41,1.8384776310850233,2
CHEMBL2815,CC(C)n1cc(C(=O)c2cncc(NC(=O)c3[nH]nc4ccccc34)c2)c2cncnc21,8.26,0.0,1
CHEMBL2815,CC(C)n1cc(C(=O)c2cncc(NC(=O)c3c(C(F)(F)F)nn(C)c3Cl)c2)c2cncnc21,5.08,0.0,1
CHEMBL2815,CC(C)n1cc(C(=O)c2cncc(NC(=O)c3c[nH]c4cnccc34)c2)c2cncnc21,5.76,0.0,1
CHEMBL2815,CC(C)n1cc(C(=O)c2cncc(NC(=O)c3c[nH]nc3C3CCC3)c2)c2cncnc21,7.07,0.0,1
CHEMBL2815,CC(C)n1cc(C(=O)c2cncc(NC(=O)c3cc(C#N)ccn3)c2)c2cncnc21,6.28,0.0,1
CHEMBL2815,CC(C)n1cc(C(=O)c2cncc(NC(=O)c3cc(C4CC4)n[nH]3)c2)c2cncnc21,7.36,0.0,1
CHEMBL2815,CC(C)n1cc(C(=O)c2cncc(NC(=O)c3cc(C4CC4)on3)c2)c2cncnc21,6.7,0.0,1
CHEMBL2815,CC(C)n1cc(C(=O)c2cncc(NC(=O)c3cc4c(cn3)OCCO4)c2)c2cncnc21,6.6,0.0,1
CHEMBL2815,CC(C)n1cc(C(=O)c2cncc(NC(=O)c3cc4cc(F)cnc4[nH]3)c2)c2cncnc21,6.82,0.0,1
CHEMBL2815,CC(C)n1cc(C(=O)c2cncc(NC(=O)c3cc4cc[nH]c4cn3)c2)c2cncnc21,6.87,0.0,1
CHEMBL2815,CC(C)n1cc(C(=O)c2cncc(NC(=O)c3cc4ccccc4[nH]3)c2)c2cncnc21,6.89,0.0,1
CHEMBL2815,CC(C)n1cc(C(=O)c2cncc(NC(=O)c3cc4ccccn4n3)c2)c2cncnc21,6.7,0.0,1
CHEMBL2815,CC(C)n1cc(C(=O)c2cncc(NC(=O)c3cc4cnccc4[nH]3)c2)c2cncnc21,6.2,0.0,1
CHEMBL2815,CC(C)n1cc(C(=O)c2cncc(NC(=O)c3cc4cnccc4o3)c2)c2cncnc21,6.2,0.0,1
CHEMBL2815,CC(C)n1cc(C(=O)c2cncc(NC(=O)c3cc4cscc4cn3)c2)c2cncnc21,6.23,0.0,1
CHEMBL2815,CC(C)n1cc(C(=O)c2cncc(NC(=O)c3cc4n(n3)CCC4)c2)c2cncnc21,6.67,0.0,1
CHEMBL2815,CC(C)n1cc(C(=O)c2cncc(NC(=O)c3cc4ncccn4n3)c2)c2cncnc21,6.02,0.0,1
CHEMBL2815,CC(C)n1cc(C(=O)c2cncc(NC(=O)c3cc4occc4[nH]3)c2)c2cncnc21,6.63,0.0,1
CHEMBL2815,CC(C)n1cc(C(=O)c2cncc(NC(=O)c3cc4occc4cn3)c2)c2cncnc21,5.97,0.0,1
CHEMBL2815,CC(C)n1cc(C(=O)c2cncc(NC(=O)c3cc4sccc4cn3)c2)c2cncnc21,6.93,0.0,1
CHEMBL2815,CC(C)n1cc(C(=O)c2cncc(NC(=O)c3ccc(C#N)nc3)c2)c2cncnc21,5.14,0.0,1
CHEMBL2815,CC(C)n1cc(C(=O)c2cncc(NC(=O)c3ccc(C(F)(F)F)cc3)c2)c2cncnc21,6.44,0.0,1
CHEMBL2815,CC(C)n1cc(C(=O)c2cncc(NC(=O)c3ccc(C4(C(F)(F)F)N=N4)cc3)c2)c2cncnc21,5.49,0.0,1
CHEMBL2815,CC(C)n1cc(C(=O)c2cncc(NC(=O)c3ccc(Cl)cc3)c2)c2cncnc21,6.49,0.0,1
CHEMBL2815,CC(C)n1cc(C(=O)c2cncc(NC(=O)c3ccc(Cl)cn3)c2)c2cncnc21,6.4,0.0,1
CHEMBL2815,CC(C)n1cc(C(=O)c2cncc(NC(=O)c3ccc(OC(F)(F)F)cc3)c2)c2cncnc21,6.6,0.0,1
CHEMBL2815,CC(C)n1cc(C(=O)c2cncc(NC(=O)c3ccc4[nH]ccc4n3)c2)c2cncnc21,6.04,0.0,1
CHEMBL2815,CC(C)n1cc(C(=O)c2cncc(NC(=O)c3ccc4c[nH]nc4n3)c2)c2cncnc21,7.17,0.0,1
CHEMBL2815,CC(C)n1cc(C(=O)c2cncc(NC(=O)c3ccc4cc[nH]c4n3)c2)c2cncnc21,7.4,0.0,1
CHEMBL2815,CC(C)n1cc(C(=O)c2cncc(NC(=O)c3ccc4cccnc4n3)c2)c2cncnc21,6.27,0.0,1
CHEMBL2815,CC(C)n1cc(C(=O)c2cncc(NC(=O)c3ccc4nccn4c3)c2)c2cncnc21,5.88,0.0,1
CHEMBL2815,CC(C)n1cc(C(=O)c2cncc(NC(=O)c3ccc4nnnn4c3)c2)c2cncnc21,5.2,0.0,1
CHEMBL2815,CC(C)n1cc(C(=O)c2cncc(NC(=O)c3cccc(C(=O)C(F)(F)F)c3)c2)c2cncnc21,7.42,0.0,1
CHEMBL2815,CC(C)n1cc(C(=O)c2cncc(NC(=O)c3cccc(C4(C(F)(F)F)N=N4)c3)c2)c2cncnc21,6.78,0.0,1
CHEMBL2815,CC(C)n1cc(C(=O)c2cncc(NC(=O)c3cccc(Cl)c3)c2)c2cncnc21,7.27,0.0,1
CHEMBL2815,CC(C)n1cc(C(=O)c2cncc(NC(=O)c3ccccn3)c2)c2cncnc21,5.56,0.0,1
CHEMBL2815,CC(C)n1cc(C(=O)c2cncc(NC(=O)c3cccnn3)c2)c2cncnc21,5.01,0.0,1
CHEMBL2815,CC(C)n1cc(C(=O)c2cncc(NC(=O)c3ccn4ccnc4c3)c2)c2cncnc21,5.55,0.0,1
CHEMBL2815,CC(C)n1cc(C(=O)c2cncc(NC(=O)c3ccn4cncc4c3)c2)c2cncnc21,5.58,0.0,1
CHEMBL2815,CC(C)n1cc(C(=O)c2cncc(NC(=O)c3ccn4nccc4c3)c2)c2cncnc21,6.57,0.0,1
CHEMBL2815,CC(C)n1cc(C(=O)c2cncc(NC(=O)c3ccn4ncnc4c3)c2)c2cncnc21,7.03,0.0,1
CHEMBL2815,CC(C)n1cc(C(=O)c2cncc(NC(=O)c3ccnc4[nH]ccc34)c2)c2cncnc21,5.58,0.0,1
CHEMBL2815,CC(C)n1cc(C(=O)c2cncc(NC(=O)c3ccnc4ncsc34)c2)c2cncnc21,5.01,0.0,1
CHEMBL2815,CC(C)n1cc(C(=O)c2cncc(NC(=O)c3ccncc3)c2)c2cncnc21,5.01,0.0,1
CHEMBL2815,CC(C)n1cc(C(=O)c2cncc(NC(=O)c3ccncc3F)c2)c2cncnc21,5.01,0.0,1
CHEMBL2815,CC(C)n1cc(C(=O)c2cncc(NC(=O)c3ccnn3C)c2)c2cncnc21,5.01,0.0,1
CHEMBL2815,CC(C)n1cc(C(=O)c2cncc(NC(=O)c3ccnnc3)c2)c2cncnc21,5.01,0.0,1
CHEMBL2815,CC(C)n1cc(C(=O)c2cncc(NC(=O)c3cn(C)c4cnccc34)c2)c2cncnc21,6.17,0.0,1
CHEMBL2815,CC(C)n1cc(C(=O)c2cncc(NC(=O)c3cn(C)cn3)c2)c2cncnc21,5.67,0.0,1
CHEMBL2815,CC(C)n1cc(C(=O)c2cncc(NC(=O)c3cn(C)nc3C(F)(F)F)c2)c2cncnc21,5.79,0.0,1
CHEMBL2815,CC(C)n1cc(C(=O)c2cncc(NC(=O)c3cn(C4CCC4)cn3)c2)c2cncnc21,7.59,0.0,1
CHEMBL2815,CC(C)n1cc(C(=O)c2cncc(NC(=O)c3cn4ncc(Cl)cc4n3)c2)c2cncnc21,5.94,0.0,1
CHEMBL2815,CC(C)n1cc(C(=O)c2cncc(NC(=O)c3cnc4[nH]ccc4c3)c2)c2cncnc21,6.69,0.0,1
CHEMBL2815,CC(C)n1cc(C(=O)c2cncc(NC(=O)c3cnc4[nH]cnc4c3)c2)c2cncnc21,5.01,0.0,1
CHEMBL2815,CC(C)n1cc(C(=O)c2cncc(NC(=O)c3cnc4[nH]ncc4c3)c2)c2cncnc21,6.09,0.0,1
CHEMBL2815,CC(C)n1cc(C(=O)c2cncc(NC(=O)c3cnc4c(c3)OCCO4)c2)c2cncnc21,6.09,0.0,1
CHEMBL2815,CC(C)n1cc(C(=O)c2cncc(NC(=O)c3cnc4cc[nH]c4c3)c2)c2cncnc21,5.79,0.0,1
CHEMBL2815,CC(C)n1cc(C(=O)c2cncc(NC(=O)c3cnc4ccccc4c3)c2)c2cncnc21,6.86,0.0,1
CHEMBL2815,CC(C)n1cc(C(=O)c2cncc(NC(=O)c3cnc4ccnn4c3)c2)c2cncnc21,5.59,0.0,1
CHEMBL2815,CC(C)n1cc(C(=O)c2cncc(NC(=O)c3cnc4ccsc4c3)c2)c2cncnc21,6.8,0.0,1
CHEMBL2815,CC(C)n1cc(C(=O)c2cncc(NC(=O)c3cnc4cn[nH]c4c3)c2)c2cncnc21,5.87,0.0,1
CHEMBL2815,CC(C)n1cc(C(=O)c2cncc(NC(=O)c3cnc4nccn4c3)c2)c2cncnc21,5.01,0.0,1
CHEMBL2815,CC(C)n1cc(C(=O)c2cncc(NC(=O)c3cnc4occc4c3)c2)c2cncnc21,5.85,0.0,1
CHEMBL2815,CC(C)n1cc(C(=O)c2cncc(NC(=O)c3cncc(Cl)c3)c2)c2cncnc21,6.53,0.0,1
CHEMBL2815,CC(C)n1cc(C(=O)c2cncc(NC(=O)c3cnccc3C(F)(F)F)c2)c2cncnc21,5.14,0.0,1
CHEMBL2815,CC(C)n1cc(C(=O)c2cncc(NC(=O)c3cncnc3)c2)c2cncnc21,5.01,0.0,1
CHEMBL2815,CC(C)n1cc(C(=O)c2cncc(NC(=O)c3cncnc3N)c2)c2cncnc21,5.01,0.0,1
CHEMBL2815,CC(C)n1cc(C(=O)c2cncc(NC(=O)c3cnco3)c2)c2cncnc21,5.01,0.0,1
CHEMBL2815,CC(C)n1cc(C(=O)c2cncc(NC(=O)c3cnn(CCC#N)c3)c2)c2cncnc21,6.27,0.0,1
CHEMBL2815,CC(C)n1cc(C(=O)c2cncc(NC(=O)c3cnn4c3CCC4)c2)c2cncnc21,6.12,0.0,1
CHEMBL2815,CC(C)n1cc(C(=O)c2cncc(NC(=O)c3cnn4cccnc34)c2)c2cncnc21,5.36,0.0,1
CHEMBL2815,CC(C)n1cc(C(=O)c2cncc(NC(=O)c3cnnc4ccccc34)c2)c2cncnc21,6.64,0.0,1
CHEMBL2815,CC(C)n1cc(C(=O)c2cncc(NC(=O)c3coc(C4CC4)n3)c2)c2cncnc21,6.88,0.0,1
CHEMBL2815,CC(C)n1cc(C(=O)c2cncc(NC(=O)c3cocn3)c2)c2cncnc21,6.07,0.0,1
CHEMBL2815,CC(C)n1cc(C(=O)c2cncc(NC(=O)c3csc(C4CCC4)n3)c2)c2cncnc21,8.39,0.0,1
CHEMBL2815,CC(C)n1cc(C(=O)c2cncc(NC(=O)c3n[nH]c4ccc(F)cc34)c2)c2cncnc21,7.9,0.0,1
CHEMBL2815,CC(C)n1cc(C(=O)c2cncc(NC(=O)c3n[nH]c4ncccc34)c2)c2cncnc21,6.84,0.0,1
CHEMBL2815,CC(C)n1cc(C(=O)c2cncc(NC(=O)c3nc(Cl)c(Cl)[nH]3)c2)c2cncnc21,5.16,0.0,1
CHEMBL2815,CC(C)n1cc(C(=O)c2cncc(NC(=O)c3nc[nH]n3)c2)c2cncnc21,5.37,0.0,1
CHEMBL2815,CC(C)n1cc(C(=O)c2cncc(NC(=O)c3ncc4ccccn34)c2)c2cncnc21,7.15,0.0,1
CHEMBL2815,CC(C)n1cc(C(=O)c2cncc(NC(=O)c3nccc4[nH]ccc34)c2)c2cncnc21,6.3,0.0,1
CHEMBL2815,CC(C)n1cc(C(=O)c2cncc(NC(=O)c3nccc4occc34)c2)c2cncnc21,6.38,0.0,1
CHEMBL2815,CC(C)n1cc(C(=O)c2cncc(NC(=O)c3ncccc3Cl)c2)c2cncnc21,5.59,0.0,1
CHEMBL2815,CC(C)n1cc(C(=O)c2cncc(NC(=O)c3nccn3C)c2)c2cncnc21,5.29,0.0,1
CHEMBL2815,CC(C)n1cc(C(=O)c2cncc(NC(=O)c3ncn4c3CCC4)c2)c2cncnc21,5.91,0.0,1
CHEMBL2815,CC(C)n1cc(C(=O)c2cncc(NC(=O)c3ncncc3Br)c2)c2cncnc21,5.76,0.0,1
CHEMBL2815,CC(C)n1cc(C(=O)c2cncc(NC(=O)c3ncoc3C3CC3)c2)c2cncnc21,7.09,0.0,1
CHEMBL2815,CC(C)n1cc(C(=O)c2cncc(NC(=O)c3nn(C)c4ccccc34)c2)c2cncnc21,7.34,0.0,1
CHEMBL2815,CC(C)n1cc(C(=O)c2cncc(NC(=O)c3nnc4n3CCCC4)c2)c2cncnc21,6.02,0.0,1
CHEMBL2815,CC(C)n1cc(C(=O)c2cncc(NC(=O)c3nncc4ccccc34)c2)c2cncnc21,6.78,0.0,1
CHEMBL2815,CC(C)n1cc(C(=O)c2cncc(NC(=O)c3noc4c3CCCC4)c2)c2cncnc21,7.28,0.0,1
CHEMBL2815,CC(C)n1cc(C(=O)c2cncc(NC(=O)c3scnc3C(F)(F)F)c2)c2cncnc21,5.01,0.0,1
CHEMBL2815,CC(C)n1cc(C(=O)c2cncc(N[C@@H]3CCN(C=O)[C@@H]3c3ccc(F)cc3)n2)c2c(N)ncnc21,6.7,0.0,1
CHEMBL2815,CC(C)n1cc(CC(=O)Nc2cncc(C(=O)c3cn(C(C)C)c4ccncc34)c2)c(C(F)(F)F)n1,6.88,0.0,1
CHEMBL2815,CC(C)n1cc(CC(=O)Nc2cncc(C(=O)c3cn(C(C)C)c4nc(N)ncc34)c2)c(C(F)(F)F)n1,7.28,0.0,1
CHEMBL2815,CC(C)n1cnc(C(=O)Nc2cncc(C(=O)c3cn(C(C)C)c4ncncc34)c2)c1,7.0,0.0,1
CHEMBL2815,CC(C)n1nc(C(C)(C)C)cc1NC(=O)Nc1cccc(Nc2ccc3c(-c4cn[nH]c4)n[nH]c3c2)c1,7.1,0.0,1
CHEMBL2815,CC(C)n1nc(Nc2n[nH]c3ccc(Cc4cc(F)cc(F)c4)cc23)c2ccc(N3CCN(C)CC3)cc21,8.31,0.0,1
CHEMBL2815,CC(C)n1ncc(CC(=O)Nc2cc(C(=O)c3cn(C(C)C)c4ccncc34)ccn2)c1C(F)(F)F,7.66,0.0,1
CHEMBL2815,CC(C)n1ncc(CC(=O)Nc2cc(C(=O)c3cn(CCO)c4ccncc34)ccn2)c1C(F)(F)F,6.38,0.0,1
CHEMBL2815,CC(C)n1ncc(CC(=O)Nc2cncc(C(=O)c3cn(C(C)(C)CO)c4nc(N)ncc34)c2)c1C(F)(F)F,7.78,0.0,1
CHEMBL2815,CC(C)n1ncc(CC(=O)Nc2cncc(C(=O)c3cn(C(C)C)c4nc(N)ncc34)c2)c1C(F)(F)F,7.48,0.0,1
CHEMBL2815,CC(C)n1ncc(CC(=O)Nc2cncc(C(=O)c3cn(C(C)C)c4ncncc34)c2)c1C(F)(F)F,7.24,0.0,1
CHEMBL2815,CC(C)n1ncc(CC(=O)Nc2cncc(C(=O)c3cn(C(C)CO)c4ccncc34)c2)c1C(F)(F)F,6.905,0.10606601717798238,2
CHEMBL2815,CC(C)n1ncc(CC(=O)Nc2cncc(C(=O)c3cn([C@H](C)CO)c4ncncc34)c2)c1C(F)(F)F,6.96,0.0,1
CHEMBL2815,CC(C)n1ncc2c(Nc3cc(C4CC4)[nH]n3)nc(NCc3ccc(Cl)c(C(=O)Nc4cc(F)ccc4F)c3)nc21,6.92,0.0,1
CHEMBL2815,CC(CO)(CO)NC(=O)c1cnn2ccc(N3CCC[C@@H]3c3cc(F)ccc3F)nc12,8.65,0.0,1
CHEMBL2815,CC(CO)(CO)n1cc(C(=O)c2cncc(NC(=O)Cc3ccc(C#N)c(C(F)(F)F)c3)c2)c2cncnc21,6.89,0.0,1
CHEMBL2815,CC(CO)(CO)n1cc(C(=O)c2cncc(NC(=O)Cc3ccc(C#N)cc3)c2)c2cncnc21,6.56,0.0,1
CHEMBL2815,CC(CO)(CO)n1cc(C(=O)c2cncc(NC(=O)Cc3ccc(C(F)(F)F)cc3)c2)c2cncnc21,7.6,0.0,1
CHEMBL2815,CC(CO)(CO)n1cc(C(=O)c2cncc(NC(=O)Cc3ccc(Cl)cc3)c2)c2cncnc21,7.15,0.0,1
CHEMBL2815,CC(CO)(CO)n1cc(C(=O)c2cncc(NC(=O)Cc3ccc(Cl)cn3)c2)c2cncnc21,7.13,0.0,1
CHEMBL2815,CC(CO)(CO)n1cc(C(=O)c2cncc(NC(=O)Cc3ccc(F)c(C(F)(F)F)c3)c2)c2cncnc21,7.13,0.0,1
CHEMBL2815,CC(CO)(CO)n1cc(C(=O)c2cncc(NC(=O)Cc3ccc4cccnc4c3)c2)c2cncnc21,7.01,0.0,1
CHEMBL2815,CC(CO)(CO)n1cc(C(=O)c2cncc(NC(=O)Cc3cccc(C(F)(F)F)c3)c2)c2cncnc21,8.03,0.0,1
CHEMBL2815,CC(CO)(CO)n1cc(C(=O)c2cncc(NC(=O)Cn3ccc(C(F)(F)F)n3)c2)c2cncnc21,7.65,0.0,1
CHEMBL2815,CC(CO)(CO)n1cc(C(=O)c2cncc(NC(=O)c3ccc(C(F)(F)F)c(F)c3)c2)c2cncnc21,7.16,0.0,1
CHEMBL2815,CC(CO)(CO)n1cc(C(=O)c2cncc(NC(=O)c3cccc(C(F)(F)F)c3)c2)c2cncnc21,7.07,0.0,1
CHEMBL2815,CC(CO)(CO)n1cc(C(=O)c2cncc(NC(=O)c3cccc(OC(F)(F)F)c3)c2)c2cncnc21,7.49,0.0,1
CHEMBL2815,CC(CO)n1cc(C(=O)c2cc(NC(=O)Cc3ccc(C(F)(F)F)cc3)ccn2)c2cnccc21,7.295,0.6293250352560277,2
CHEMBL2815,CC(CO)n1cc(C(=O)c2cc(NC(=O)Cc3ccc(Cl)cn3)ccn2)c2cnccc21,7.0,0.0424264068711932,2
CHEMBL2815,CC(CO)n1cc(C(=O)c2cc(NC(=O)Cc3cccc(C(F)(F)F)c3)ccn2)c2cnccc21,7.07,0.5232590180780453,2
CHEMBL2815,CC(CO)n1cc(C(=O)c2cncc(NC(=O)Cc3ccc(C#N)cc3)c2)c2cnc(N)nc21,7.205,0.03535533905932788,2
CHEMBL2815,CC(CO)n1cc(C(=O)c2cncc(NC(=O)Cc3ccc(C#N)cc3)c2)c2cncc(F)c21,6.49,0.1555634918610406,2
CHEMBL2815,CC(CO)n1cc(C(=O)c2cncc(NC(=O)Cc3ccc(C#N)cc3)c2)c2cnccc21,6.95,0.0707106781186545,2
CHEMBL2815,CC(CO)n1cc(C(=O)c2cncc(NC(=O)Cc3ccc(C(F)(F)F)cc3)c2)c2cncc(F)c21,7.3933333333333335,0.704438310523592,3
CHEMBL2815,CC(CO)n1cc(C(=O)c2cncc(NC(=O)Cc3ccc(C(F)(F)F)cc3)c2)c2cnccc21,7.244999999999999,0.261629509039023,2
CHEMBL2815,CC(CO)n1cc(C(=O)c2cncc(NC(=O)Cc3ccc(Cl)cc3)c2)c2cncc(F)c21,7.619999999999999,0.08485281374238547,2
CHEMBL2815,CC(CO)n1cc(C(=O)c2cncc(NC(=O)Cc3ccc(Cl)cn3)c2)c2cncc(F)c21,7.18,0.21213203435596445,2
CHEMBL2815,CC(CO)n1cc(C(=O)c2cncc(NC(=O)Cc3ccc(Cl)cn3)c2)c2cnccc21,7.234999999999999,0.2616295090390223,2
CHEMBL2815,CC(CO)n1cc(C(=O)c2cncc(NC(=O)Cc3ccc(F)cn3)c2)c2cncc(F)c21,6.345000000000001,0.03535533905932694,2
CHEMBL2815,CC(CO)n1cc(C(=O)c2cncc(NC(=O)Cc3ccc(F)cn3)c2)c2cnccc21,6.665,0.049497474683058526,2
CHEMBL2815,CC(CO)n1cc(C(=O)c2cncc(NC(=O)Cc3ccc4cccnc4c3)c2)c2cnc(N)nc21,7.48,0.028284271247461613,2
CHEMBL2815,CC(CO)n1cc(C(=O)c2cncc(NC(=O)Cc3cccc(C(F)(F)F)c3)c2)c2cnc(N)nc21,8.44,0.1131370849898477,2
CHEMBL2815,CC(CO)n1cc(C(=O)c2cncc(NC(=O)Cc3cccc(C(F)(F)F)c3)c2)c2cncc(F)c21,7.95,0.0,1
CHEMBL2815,CC(CO)n1cc(C(=O)c2cncc(NC(=O)Cc3cccc(C(F)(F)F)c3)c2)c2cnccc21,7.56,0.2969848480983499,2
CHEMBL2815,CC(CO)n1cc(C(=O)c2cncc(NC(=O)Cn3cc(C(F)(F)F)cn3)c2)c2cncc(F)c21,7.715,0.14849242404917465,2
CHEMBL2815,CC(CO)n1cc(C(=O)c2cncc(NC(=O)Cn3cc(C(F)(F)F)nn3)c2)c2cncc(F)c21,6.915,0.16263455967290624,2
CHEMBL2815,CC(CO)n1cc(C(=O)c2cncc(NC(=O)Cn3cc(C(F)(F)F)nn3)c2)c2cnccc21,7.15,0.05656854249492385,2
CHEMBL2815,CC(CO)n1cc(C(=O)c2cncc(NC(=O)Cn3cc(C4CC4)nn3)c2)c2cncc(F)c21,6.75,0.0,1
CHEMBL2815,CC(CO)n1cc(C(=O)c2cncc(NC(=O)Cn3cc(C4CC4)nn3)c2)c2cnccc21,7.05,0.1838477631085022,2
CHEMBL2815,CC(CO)n1cc(C(=O)c2cncc(NC(=O)Cn3ccc(C(F)(F)F)n3)c2)c2cncc(F)c21,7.4350000000000005,0.13435028842544464,2
CHEMBL2815,CC(CO)n1cc(C(=O)c2cncc(NC(=O)Cn3ccc(C(F)(F)F)n3)c2)c2cnccc21,7.35,0.0,1
CHEMBL2815,CC(CO)n1cc(C(=O)c2cncc(NC(=O)Cn3ccc(C4CC4)n3)c2)c2cncc(F)c21,7.21,0.0,1
CHEMBL2815,CC(Cc1cc(F)ccc1F)Nc1cc[nH]c(=O)c1-c1nc2cc3c(cc2[nH]1)C(=O)N(C1CCN(C)CC1)C3=O,8.2,0.0,1
CHEMBL2815,CC(Cc1cc(F)ccc1F)Nc1cc[nH]c(=O)c1-c1nc2cc3c(cc2[nH]1)C(=O)N(CCN(C)C)C3,8.36,0.0,1
CHEMBL2815,CC(Cc1cc(F)ccc1F)Nc1cc[nH]c(=O)c1-c1nc2cc3c(cc2[nH]1)C(=O)N(CCN(C)C)C3=O,7.76,0.0,1
CHEMBL2815,CC(Cc1ccc(Cl)cc1)Sc1nsc(Nc2cccnc2)c1C(N)=O,7.54,0.0,1
CHEMBL2815,CC(NC(=O)c1cnn2ccc(N3C(CO)CCC3c3cncc(F)c3)nc12)C(F)(F)F,7.795,0.5303300858899106,2
CHEMBL2815,CC(NC(=O)c1cnn2ccc(N3C(c4cncc(F)c4)CCC3(C)CO)nc12)C(F)(F)F,6.96,0.0,1
CHEMBL2815,CC(NC(=O)c1cnn2ccc(N3CC(O)CC3c3cccc(F)c3)nc12)C(F)(F)F,8.51,0.0,1
CHEMBL2815,CC(NC(=O)c1cnn2ccc(N3CCCC3c3cncc(F)c3)nc12)C1CC1,8.49,0.0,1
CHEMBL2815,CC(Nc1cc(-c2cnn(C3CCN(C)CC3)c2)cnc1N)c1cc(F)ccc1F,8.15,0.0,1
CHEMBL2815,CC(Nc1cc(-c2cnn(C3CCNCC3)c2)cnc1N)c1cc(F)ccc1F,8.19,0.0,1
CHEMBL2815,CC(Nc1cc(-c2cnn(CCCO)c2)cnc1N)c1cc(F)ccc1F,8.3,0.0,1
CHEMBL2815,CC(Nc1ccn2ncc(C(=O)NC3CCOCC3)c2n1)c1cccc(F)c1,8.68,0.0,1
CHEMBL2815,CC(Nc1ccn2ncc(C(=O)N[C@H]3CC[C@H](O)CC3)c2n1)c1cccc(F)c1,8.52,0.0,1
CHEMBL2815,CC1(C(=O)Nc2cnn3ccc(N4CCC[C@@H]4c4cc(F)ccc4Cl)nc23)CCNCC1,7.54,0.0,2
CHEMBL2815,CC1(C)CC[C@H](c2cc(F)ccc2F)N1c1ccn2ncc(C(=O)NC3CC3)c2n1,8.18,0.0,1
CHEMBL2815,CC1(C)CC[C@H](c2cc(F)ccc2F)N1c1ccn2ncc(C(N)=O)c2n1,8.29,0.0,1
CHEMBL2815,CC1(C)CCc2ncc(F)cc2C2CCCN2c2ccn3ncc(c3n2)NC1=O,6.26,0.0,1
CHEMBL2815,CC1(C)CCc2ncc(F)cc2[C@H]2CCCN2c2ccn3ncc(c3n2)C(=O)N1,7.26,0.0,1
CHEMBL2815,CC1(C)CN(C(=O)Nc2cnc3ccc(N4CCC[C@@H]4c4cc(F)ccc4F)nn23)CCN1,7.22,0.0,1
CHEMBL2815,CC1(C)CNC(=O)c2cnn3ccc(nc23)N2CCC[C@@H]2c2cc(F)cn(c2=O)C1,7.26,0.0,1
CHEMBL2815,CC1(C)CNC(=O)c2cnn3ccc(nc23)N2CCC[C@@H]2c2cc(F)cnc2OC1,7.26,0.0,1
CHEMBL2815,CC1(C)COc2cc(F)ccc2CN2CCCOC3=Cn4ncc(c4NC32)C(=O)N1,8.48,0.0,1
CHEMBL2815,CC1(C)COc2cc(F)ccc2CN2CCOc3cn4ncc(c4nc32)C(=O)N1,8.49,0.0,1
CHEMBL2815,CC1(C)C[C@H](c2cc(F)ccc2F)N(c2ccn3ncc(NC(=O)c4cnccn4)c3n2)C1,8.7,0.0,1
CHEMBL2815,CC1(C)NC(=O)N(CCOc2ccc3c(c2)C(C)(C)c2oc4cc(C#Cc5cc(OCC6CC6)ccn5)ccc4c2C3=O)C1=O,7.89,0.0,1
CHEMBL2815,CC1(C)OCC(=O)Nc2cc(Nc3nc(NCC(F)(F)F)c4occc4n3)ccc21,5.27,0.0,1
CHEMBL2815,CC1(C)OCC(COc2cc(F)cc([C@H]3CCCN3c3ccn4ncc(C(=O)NC5CC5)c4n3)c2)O1,8.41,0.0,1
CHEMBL2815,CC1(C)OCC(COc2cc(F)cc([C@H]3CCCN3c3ccn4ncc(C(N)=O)c4n3)c2)O1,7.48,0.0,1
CHEMBL2815,CC1(C)OCC(COc2ccc(F)cc2[C@H]2CCCN2c2ccn3ncc(C(=O)NC4CC4)c3n2)O1,7.78,0.0,1
CHEMBL2815,CC1(C)OCC(COc2ccc(F)cc2[C@H]2CCCN2c2ccn3ncc(C(N)=O)c3n2)O1,7.84,0.0,1
CHEMBL2815,CC1(C)O[C@@H](n2c3ccccc3c3c4c(c5c6ccccc6[nH]c5c32)CNC4=O)C[C@@]1(O)CO,8.4,0.0,1
CHEMBL2815,CC1(C)O[C@@H](n2c3ccccc3c3c4c(c5c6ccccc6[nH]c5c32)CNC4=O)C[C@]1(O)CO,8.4,0.0,1
CHEMBL2815,CC1(C)Oc2c(ncnc2Nc2ccc(NC(=O)Nc3cc(C(C)(C)C)nn3-c3ccccc3)c(C(F)(F)F)c2)NC1=O,6.83,0.0,1
CHEMBL2815,CC1(C)Oc2c(ncnc2Nc2ccc(NC(=O)Nc3cc(C(C)(C)C)nn3-c3ccccc3)c(F)c2)NC1=O,7.09,0.0,1
CHEMBL2815,CC1(C)Oc2c(ncnc2Nc2ccc(NC(=O)Nc3cc(C(C)(C)C)nn3-c3ccccc3)c3ccccc23)NC1=O,7.06,0.0,1
CHEMBL2815,CC1(C)Oc2c(ncnc2Nc2ccc(NC(=O)Nc3cc(C(C)(C)C)nn3-c3ccccc3)cc2)NC1=O,7.46,0.0,1
CHEMBL2815,CC1(C)Oc2c(ncnc2Nc2ccc(NC(=O)Nc3cc(C(C)(C)C)nn3C(C)(C)C)cc2)NC1=O,5.21,0.0,1
CHEMBL2815,CC1(C)Oc2c(ncnc2Nc2ccc(NC(=O)Nc3cc(C(C)(C)C)nn3C3CCCCC3)cc2)NC1=O,6.46,0.0,1
CHEMBL2815,CC1(C)Oc2c(ncnc2Nc2ccc(NC(=O)Nc3cc(C(C)(C)C)no3)cc2)NC1=O,6.96,0.0,1
CHEMBL2815,CC1(C)Oc2c(ncnc2Nc2ccc(NC(=O)Nc3cc(C(C)(C)C)on3)cc2)NC1=O,6.81,0.0,1
CHEMBL2815,CC1(C)Oc2c(ncnc2Nc2ccc(NC(=O)Nc3cc(C(F)(F)F)cc(C(F)(F)F)c3)cc2)NC1=O,7.0,0.0,1
CHEMBL2815,CC1(C)Oc2c(ncnc2Nc2ccc(NC(=O)Nc3ccc(Cl)c(C(F)(F)F)c3)cc2)NC1=O,6.68,0.0,1
CHEMBL2815,CC1(C)Oc2c(ncnc2Nc2ccc(NC(=O)Nc3cccc(C(F)(F)F)c3)cc2)NC1=O,7.12,0.0,1
CHEMBL2815,CC1(C)Oc2c(ncnc2Nc2cccc(NC(=O)Nc3cc(C(C)(C)C)nn3-c3ccccc3)c2)NC1=O,6.02,0.0,1
CHEMBL2815,CC1(C)c2cc(N3CC4(COC4)C3)ccc2C(=O)c2c1oc1cc(C#Cc3cc(OCC4CC4)ccn3)ccc21,8.52,0.0,1
CHEMBL2815,CC1(C)c2cc(N3CCNC(=O)C3)ccc2C(=O)c2c1oc1cc(C#Cc3cc(OCC4CC4)ccn3)ccc21,8.85,0.0,1
CHEMBL2815,CC1(C)c2cc(N3CCOCC3)ccc2C(=O)c2c1oc1cc(C#Cc3cc(OCC4CC4)ccn3)ccc21,8.47,0.0,1
CHEMBL2815,CC1(C)c2cc(NS(C)(=O)=O)ccc2C(=O)c2c1oc1cc(C#Cc3cc(C(=O)NC4CC4)ccn3)ccc21,8.62,0.0,1
CHEMBL2815,CC1(C)c2cc(NS(C)(=O)=O)ccc2C(=O)c2c1oc1cc(C#Cc3cc(OCC(F)(F)F)ccn3)ccc21,8.66,0.0,1
CHEMBL2815,CC1(C)c2cc(NS(C)(=O)=O)ccc2C(=O)c2c1oc1cc(C#Cc3cc(OCC4CC4)ccn3)ccc21,8.41,0.0,1
CHEMBL2815,CC1(C)c2cc(OCCN3C4CCC3COC4)ccc2C(=O)c2c1oc1cc(C#Cc3cc(OCC4CC4)ccn3)ccc21,7.75,0.0,1
CHEMBL2815,CC1(C)c2cc(OCCN3CC4(COC4)C3)ccc2C(=O)c2c1oc1cc(C#Cc3cc(OCC4CC4)ccn3)ccc21,8.4,0.0,1
CHEMBL2815,CC1(C)c2cc(OCCN3CCCOCC3)ccc2C(=O)c2c1oc1cc(C#Cc3cc(OCC4CC4)ccn3)ccc21,8.55,0.0,1
CHEMBL2815,CC1(C)c2cc(OCCN3CCNC(=O)C3)ccc2C(=O)c2c1oc1cc(C#Cc3cc(OCC4CC4)ccn3)ccc21,8.68,0.0,1
CHEMBL2815,CC1(C)c2cc(OCCN3CCOCC3)ccc2C(=O)c2c1oc1cc(C#Cc3cc(C(=O)NC4CC4)ccn3)ccc21,8.89,0.0,1
CHEMBL2815,CC1(C)c2cc(OCCN3CCOCC3)ccc2C(=O)c2c1oc1cc(C#Cc3cc(OCC(F)(F)F)ccn3)ccc21,8.48,0.0,1
CHEMBL2815,CC1(C)c2cc(OCCN3CCOCC3)ccc2C(=O)c2c1oc1cc(C#Cc3cc(OCC4(CO)CC4)ccn3)ccc21,8.48,0.0,1
CHEMBL2815,CC1(C)c2cc(OCCN3CCOCC3)ccc2C(=O)c2c1oc1cc(C#Cc3cc(OCC4CC4)ccn3)ccc21,8.35,0.0,1
CHEMBL2815,CC1(C)c2cc(OCCN3CCOCC3)ccc2C(=O)c2c1oc1cc(C#Cc3cc(OCC4CCC4)ccn3)ccc21,8.57,0.0,1
CHEMBL2815,CC1(C)c2cc(OCCN3CCOCC3)ccc2C(=O)c2c1oc1cc(C#Cc3cc(OCCC4CC4)ccn3)ccc21,8.7,0.0,1
CHEMBL2815,CC1(C)c2cc(OCCN3CCOCC3)ccc2C(=O)c2c1oc1cc(C#Cc3cncc(OCC4CC4)c3)ccc21,6.8,0.0,1
CHEMBL2815,CC1(COc2ccnc(C#Cc3ccc4c5c(oc4c3)C(C)(C)c3cc(OCCN4CCOCC4)ccc3C5=O)c2)CC1,8.7,0.0,1
CHEMBL2815,CC1(NC(=O)c2cnn3ccc(N4CCCC4c4cncc(F)c4)nc23)CCC1,8.28,0.0,1
CHEMBL2815,CC1(NC(=O)c2cnn3ccc(N4CCC[C@@H]4c4cncc(F)c4)nc23)CC1,8.49,0.0,1
CHEMBL2815,CC1(NC(=O)c2cnn3ccc(N4[C@H](CO)CC[C@@H]4c4cncc(F)c4)nc23)CC1,8.07,0.0,1
CHEMBL2815,CC1(O)CCC(NC(=O)c2cnn3ccc(N4CCC[C@@H]4c4cc(F)ccc4F)nc23)CC1,7.7375,1.372913568534694,4
CHEMBL2815,CC1(O)CN(C(=O)Nc2cnc3ccc(N4CCC[C@@H]4c4cc(F)ccc4F)nn23)C1,8.05,0.0,1
CHEMBL2815,CC1(O)CN(C(=O)Nc2cnn3ccc(N4CCC[C@@H]4c4cc(F)ccc4Cl)nc23)C1,7.94,0.0,1
CHEMBL2815,CC1(O)CN(C(=O)Nc2cnn3ccc(N4CCC[C@@H]4c4cc(F)ccc4F)nc23)C1,7.71,0.0,1
CHEMBL2815,CC1(O)CN(C(=O)c2cnn3ccc(N4CCC[C@@H]4c4cc(F)ccc4F)nc23)C1,8.28,0.0,1
CHEMBL2815,CC1(O)CN(C(=O)c2cnn3ccc(N4CCC[C@@H]4c4cncc(F)c4)nc23)C1,5.99,0.0,1
CHEMBL2815,CC1(c2cccc(F)c2)CCCN1c1ccn2ncc(NC(=O)N3CC(O)C3)c2n1,6.73,0.0,1
CHEMBL2815,CC1(n2cc(C(=O)c3cncc(NC(=O)Cc4ccc(C(F)(F)F)c(F)c4)c3)c3cncnc32)COC1,7.75,0.0,1
CHEMBL2815,CC1(n2cc(C(=O)c3cncc(NC(=O)Cc4ccc(C(F)(F)F)cc4)c3)c3cncnc32)COC1,8.54,0.0,1
CHEMBL2815,CC1(n2cc(C(=O)c3cncc(NC(=O)Cc4ccc(Cl)cc4)c3)c3cncnc32)COC1,7.27,0.0,1
CHEMBL2815,CC1(n2cc(C(=O)c3cncc(NC(=O)Cc4ccc(Cl)cn4)c3)c3cncnc32)COC1,7.01,0.0,1
CHEMBL2815,CC1(n2cc(C(=O)c3cncc(NC(=O)Cc4cccc(C(F)(F)F)c4)c3)c3cncnc32)COC1,8.02,0.0,1
CHEMBL2815,CC1(n2cc(C(=O)c3cncc(NC(=O)Cn4cc(C(F)(F)F)nn4)c3)c3cncnc32)COC1,6.78,0.0,1
CHEMBL2815,CC1(n2cc(C(=O)c3cncc(NC(=O)Cn4ccc(C(F)(F)F)n4)c3)c3cncnc32)COC1,6.62,0.0,1
CHEMBL2815,CC1(n2cc(C(=O)c3cncc(NC(=O)c4cccc(C(F)(F)F)c4)c3)c3cncnc32)COC1,7.85,0.0,1
CHEMBL2815,CC1(n2cc(C(=O)c3cncc(NC(=O)c4cccc(OC(F)(F)F)c4)c3)c3cncnc32)COC1,8.51,0.0,1
CHEMBL2815,CC1CCN(c2cc(N3CCN(C)CC3)ccc2NC(=O)c2cc(C#N)c[nH]2)CC1,7.96,0.0,1
CHEMBL2815,CC1CCc2ncc(F)cc2[C@H]2CCCN2c2ccn3ncc(c3n2)C(=O)N1,7.26,0.0,1
CHEMBL2815,CC1CN(C(=O)Nc2cnc3ccc(N4CCC[C@@H]4c4cc(F)ccc4F)nn23)CC(C)N1,7.3,0.0,1
CHEMBL2815,CC1CN(C(=O)Nc2cnc3ccc(N4CCC[C@H]4c4cc(F)ccc4F)nn23)CCN1,7.52,0.0,1
CHEMBL2815,CC1CN(C(=O)Nc2cnn3ccc(N4CCC[C@@H]4c4cc(F)ccc4F)nc23)CC(C)N1,7.01,0.0,1
CHEMBL2815,CC1CN(Cc2ccc(NC(=O)c3cc(N4CCC[C@@H]4c4cc(F)ccc4F)c[nH]c3=O)cc2)CCN1S(=O)(=O)N1CCOCC1,8.8,0.0,1
CHEMBL2815,CCC(=O)N1CCN(C(=O)c2cc(Sc3cnc(Nc4cccc(Br)n4)s3)ccc2C)CC1,7.68,0.0,1
CHEMBL2815,CCC(=O)N1CCc2ccccc2C(NC(=O)Nc2c(C)c(-c3cnn(C)c3)nn2-c2ccccc2)C1,6.26,0.0,1
CHEMBL2815,CCC(CO)NC(=O)Nc1cnn2ccc(N(C)[C@H](C)c3cc(F)ccc3F)nc12,7.0,0.0,1
CHEMBL2815,CCC(CO)NC(=O)Nc1cnn2ccc(N[C@H](C)c3cc(F)ccc3F)nc12,7.15,0.0,1
CHEMBL2815,CCC(Oc1ccc(Cn2c(N)nc3cc(-c4cnn(C)c4)cnc32)cc1OC)c1ccc(OC)nc1,7.5,0.0,1
CHEMBL2815,CCC(Sc1nsc(NC(=O)NC)c1C(N)=O)c1ccc(Cl)cc1,8.05,0.0,1
CHEMBL2815,CCC(c1ccc(OCc2ccc(C(F)(F)F)nc2)c(OC)c1)n1c(N)nc2cc(-c3cnn(C)c3)cnc21,7.77,0.0,1
CHEMBL2815,CCCC(Sc1nsc(NC(=O)NC)c1C(N)=O)c1ccc(Cl)cc1,7.46,0.0,1
CHEMBL2815,CCCCCCCC(=O)Nc1nc2[nH]c(CN3CCN(Cc4ccc(F)cc4)CC3)c(CN3CCN(Cc4ccc(F)cc4)CC3)c2c(=O)[nH]1,5.56,0.0,1
CHEMBL2815,CCCCCCCC(=O)Nc1nc2[nH]c(CN3CCN(Cc4cccc(F)c4)CC3)c(CN3CCN(Cc4cccc(F)c4)CC3)c2c(=O)[nH]1,5.65,0.0,1
CHEMBL2815,CCCCCCCC(=O)Nc1nc2[nH]c(CN3CCN(Cc4ccccc4)CC3)c(CN3CCN(Cc4ccccc4)CC3)c2c(=O)[nH]1,5.64,0.0,1
CHEMBL2815,CCCCCCCC(=O)Nc1nc2[nH]c(CN3CCN(Cc4ccccc4F)CC3)c(CN3CCN(Cc4ccccc4F)CC3)c2c(=O)[nH]1,5.5,0.0,1
CHEMBL2815,CCCCNc1ncc2c(-c3ccc(CN4CCN(C)CC4)cc3)cn([C@H]3CC[C@H](O)CC3)c2n1,8.78,0.0,1
CHEMBL2815,CCCN1CCc2ccccc2C(NC(=O)Nc2c(C)c(-c3cnn(C)c3)nn2-c2ccccc2)C1,6.26,0.0,1
CHEMBL2815,CCCNC(=O)c1ccc(Nc2nc(NCC(F)(F)F)c3cc[nH]c3n2)cc1,5.46,0.0,1
CHEMBL2815,CCCNc1ncc(-c2ccc(Oc3ncc(NC(=O)Nc4cc(C(F)(F)F)ccc4Cl)cn3)cc2)s1,7.7,0.0,1
CHEMBL2815,CCCc1cc(C(=O)NC(C)(C)C)cc(C#Cc2ccc3c4c(oc3c2)C(C)(C)c2cc(NS(C)(=O)=O)ccc2C4=O)n1,8.92,0.0,1
CHEMBL2815,CCCc1cc(C(=O)Nc2cncc(C(=O)c3cn(C(C)C)c4ncncc34)c2)n(C)n1,6.97,0.0,1
CHEMBL2815,CCCc1cc(N2CCC(O)CC2)nc2sc(C(N)=O)c(N)c12,5.1,0.0,1
CHEMBL2815,CCN(CC)CCNC(=O)c1c[nH]c(/C=C2\C(=O)Nc3cc(Nc4cccc(NC(=O)c5cc(N6CCN(C)CC6)cc(C(F)(F)F)c5)c4)ccc32)c1,8.4,0.0,1
CHEMBL2815,CCN1CCC(NC(=O)c2ccc(-c3nn(-c4ccccc4)c(NC(=O)N[C@@H]4CN(CCOC)O[C@H]4c4ccc(F)c(F)c4)c3C)cc2)CC1,8.85,0.0,1
CHEMBL2815,CCN1CCN(C(=O)Nc2cnn3ccc(N4CCC[C@@H]4c4cc(F)ccc4F)nc23)CC1,6.97,0.0,1
CHEMBL2815,CCN1CCN(C(=O)c2cc(Sc3cnc(Nc4cccc(Br)n4)s3)ccc2C)CC1,6.64,0.0,1
CHEMBL2815,CCN1CCN(C(=O)c2cccc(Nc3ncc(Cl)c(NCc4cccc(F)c4)n3)c2)CC1,6.35,0.0,1
CHEMBL2815,CCN1CCN(Cc2ccc(NC(=O)Nc3nc4ccc(Oc5ccnc(C(=O)NC)c5)cc4s3)cc2C(F)(F)F)CC1,8.42,0.0,1
CHEMBL2815,CCN1CCN(Cc2ccc(Nc3ncc(F)c(-c4cc(F)c5nc(C)n(C(C)C)c5c4)n3)nc2)CC1,5.99,0.0,1
CHEMBL2815,CCN1CCN(c2cc(C(=O)Nc3cccc(Nc4ccc5c(OC)cccc5n4)c3)cc(C(F)(F)F)c2)CC1,5.78,0.0,1
CHEMBL2815,CCN1CCN(c2cc(Nc3ncc(-c4ccncc4)s3)nc(C)n2)CC1,8.31,0.0,1
CHEMBL2815,CCN1CCN(c2ccc(NC(=O)Nc3ccc(-c4cc(C(=O)NC)c5ncccc5n4)cc3)cc2C(F)(F)F)CC1,6.02,0.0,1
CHEMBL2815,CCN1CCN(c2ccc(NC(=O)c3cc(O[C@H](C)c4c(Cl)ccc(F)c4Cl)c[nH]c3=O)c(OC)c2)CC1,6.16,0.0,1
CHEMBL2815,CCN1CCN(c2ccc(Nc3ncc(Cl)c(NCc4cccc(F)c4)n3)cc2)CC1,6.92,0.0,1
CHEMBL2815,CCN1C[C@@H](NC(=O)Nc2c(C)c(-c3ccc(OC)nc3)nn2-c2ccccc2)[C@H](c2ccc(F)c(F)c2)O1,8.32,0.0,1
CHEMBL2815,CCN1C[C@@H](NC(=O)Nc2c(C)c(-c3cnc(OC)c(C(=O)NC)c3)nn2-c2ccccc2)[C@H](c2ccc(F)c(F)c2)O1,8.66,0.0,1
CHEMBL2815,CCN1C[C@@H](NC(=O)Nc2c(C)c(-c3cnn(C)c3)nn2-c2ccccc2)[C@H](c2ccccc2)O1,6.92,0.0,1
CHEMBL2815,CCN1C[C@@H](NC(=O)Nc2c(C)c(C3=CCN(C(=O)CO)CC3)nn2-c2ccccc2)[C@H](c2ccc(F)c(F)c2)O1,8.3,0.0,1
CHEMBL2815,CCN1C[C@@H](NC(=O)Nc2c(C)c(CCN(C)C)nn2-c2ccccc2)[C@H](c2ccc(F)c(F)c2)O1,6.26,0.0,1
CHEMBL2815,CCN1C[C@@H](NC(=O)Nc2c(C)c(OC3CN(C)C3)nn2-c2ccccc2)[C@H](c2ccc(F)c(F)c2)O1,6.26,0.0,1
CHEMBL2815,CCN1C[C@@H](NC(=O)Nc2c(C)c(OCC(=O)NCCN(C)C)nn2-c2ccccc2)[C@H](c2ccc(F)c(F)c2)O1,6.26,0.0,1
CHEMBL2815,CCN1C[C@@H](NC(=O)Nc2c(C)c(OCC(C)(C)O)nn2-c2ccccc2)[C@H](c2ccc(F)c(F)c2)O1,6.26,0.0,1
CHEMBL2815,CCN1C[C@@H](NC(=O)Nc2c(C)c(OCC(N)=O)nn2-c2ccccc2)[C@H](c2ccc(F)c(F)c2)O1,7.17,0.0,1
CHEMBL2815,CCN1C[C@@H](NC(=O)Nc2c(C)c(OCC3CCN(C)CC3)nn2-c2ccccc2)[C@H](c2ccc(F)c(F)c2)O1,8.4,0.0,1
CHEMBL2815,CCN1C[C@@H](NC(=O)Nc2c3c(nn2-c2ccccc2)CCC3)[C@H](c2ccccc2)C1,6.26,0.0,1
CHEMBL2815,CCN1Cc2ccccc2C(NC(=O)Nc2c3c(nn2-c2ccccc2)CCC3)C1,6.26,0.0,1
CHEMBL2815,CCNC(=O)N1CCCOc2ccc(F)cc2[C@H]2CCCN2c2ccn3ncc(c3n2)C1,7.26,0.0,1
CHEMBL2815,CCNC(=O)N1CCOc2ccc(F)cc2[C@H]2CCCN2c2ccn3ncc(c3n2)C1,7.26,0.0,1
CHEMBL2815,CCNC(=O)O[C@@H](C)[C@H]1c2ccccc2-c2c3c(c4c([nH]c5ccccc54)c21)CNC3=O,8.1,0.0,1
CHEMBL2815,CCNC(=O)O[C@H](C)[C@H]1c2ccccc2-c2c3c(c4c([nH]c5ccccc54)c21)CNC3=O,6.88,0.0,1
CHEMBL2815,CCNc1ncc(-c2ccc(Oc3ccc(NC(=O)Nc4cc(C(F)(F)F)cnc4-c4ccc(C)c(C)c4)cn3)cc2)s1,6.75,0.0,1
CHEMBL2815,CCNc1ncc(-c2ccc(Oc3ncc(NC(=O)Nc4cc(C(F)(F)F)cnc4-c4ccc(C)cc4)cn3)cc2)s1,7.05,0.0,1
CHEMBL2815,CCNc1ncc(-c2ccc(Oc3ncc(NC(=O)Nc4cc(C(F)(F)F)cnc4Oc4ccccc4)cn3)cc2)s1,6.92,0.0,1
CHEMBL2815,CCOC(=O)C1CCN(C(=O)Nc2cnc3ccc(N4CCC[C@@H]4c4cc(F)ccc4F)nn23)CC1,7.7,0.0,1
CHEMBL2815,CCOC(=O)CNC(=O)O[C@@H](C)[C@H]1c2ccccc2-c2c3c(c4c([nH]c5ccccc54)c21)CNC3=O,7.31,0.0,1
CHEMBL2815,CCOC(=O)CNC(=O)O[C@H](C)[C@H]1c2ccccc2-c2c3c(c4c([nH]c5ccccc54)c21)CNC3=O,7.37,0.0,1
CHEMBL2815,CCOC(=O)Nc1n[nH]c2ccc(Cc3cc(F)cc(F)c3)cc12,5.675,1.3081475451951126,2
CHEMBL2815,CCOC(=O)c1cnn(-c2ccccc2)c1NC(=O)N[C@@H]1CN(CCOC)C[C@H]1c1ccc(F)c(F)c1,5.26,0.0,1
CHEMBL2815,CCOC(=O)n1c2c(c(=O)c3ccccc31)-c1ccccc1C2=O,4.78,0.0,1
CHEMBL2815,CCOCc1ccc(Nc2ncc(Cl)c(NCc3cccc(F)c3)n2)cc1,6.28,0.0,1
CHEMBL2815,CCOCc1ccc2c(c1)c1c3c(c4c5cc(COCC)ccc5n5c4c1n2[C@H]1C[C@](O)(C(=O)OC)[C@]5(C)O1)CNC3=O,6.68,0.0,1
CHEMBL2815,CCOc1cc2ncnc(NCCc3ccc(NC(=O)Nc4cc(C(F)(F)F)ccc4OC)cc3)c2cc1F,7.67,0.0,1
CHEMBL2815,CCOc1ccc(CC(=O)Nc2cncc(C(=O)c3cn(C(C)(C)CO)c4nc(N)ncc34)c2)nc1,6.95,0.0,1
CHEMBL2815,CCOc1cccc(-c2nccc3c2cc(C(=O)O)n3CCOc2ccc(Cl)cc2)c1,6.18,0.0,1
CHEMBL2815,CCOc1cccc(-c2nccc3c2cc(C(=O)O)n3CCOc2ccc(OC(F)(F)F)cc2)c1,6.46,0.0,1
CHEMBL2815,CCOc1cccc(-c2nccc3c2cc(C(=O)O)n3CCOc2ccccc2)c1,5.68,0.0,1
CHEMBL2815,CCOc1cccc2c1c(/C=C1\C(=O)NN=C1c1snnc1C)cn2C,7.44,0.0,1
CHEMBL2815,CCOc1ccn(-c2ccc(F)cc2)c(=O)c1C(=O)Nc1ccc(Oc2ccnc(N)c2Cl)c(F)c1,6.54,0.0,1
CHEMBL2815,CCOc1ncc(C(=O)c2cn(C(C)C)c3ncncc23)cc1NC(=O)Cn1nc(C(F)(F)F)cc1C,7.32,0.0,1
CHEMBL2815,CCOc1nn(-c2ccccc2)c(NC(=O)NC2CCOc3cc(F)ccc32)c1C,6.26,0.0,1
CHEMBL2815,CCOc1nn(-c2ccccc2)c(NC(=O)NC2CCc3ccccc32)c1C,6.26,0.0,1
CHEMBL2815,CCOc1nn(-c2ccccc2)c(NC(=O)NC2CN(CCOC)C[C@H]2c2ccc(F)c(F)c2)c1C,8.57,0.0,1
CHEMBL2815,CCOc1nn(-c2ccccc2)c(NC(=O)N[C@@H]2CN(CC(=O)NC)C[C@H]2c2ccc(F)c(F)c2)c1C,6.26,0.0,1
CHEMBL2815,CCOc1nn(-c2ccccc2)c(NC(=O)N[C@@H]2CN(CC(C)O)C[C@H]2c2ccc(F)c(F)c2)c1C,6.26,0.0,1
CHEMBL2815,CCOc1nn(-c2ccccc2)c(NC(=O)N[C@@H]2CN(CC(O)C(F)(F)F)C[C@H]2c2ccc(F)c(F)c2)c1C,5.26,0.0,1
CHEMBL2815,CCOc1nn(-c2ccccc2)c(NC(=O)N[C@@H]2CN(CCC#N)C[C@H]2c2ccc(F)c(F)c2)c1C,6.26,0.0,1
CHEMBL2815,CCOc1nn(-c2ccccc2)c(NC(=O)N[C@@H]2CN(CCOC)C[C@H]2c2ccc(F)c(F)c2)c1NC(=O)C(F)(F)F,6.26,0.0,1
CHEMBL2815,CCOc1nn(-c2ccccc2)c(NC(=O)N[C@@H]2CN([C@@H](CO)C(F)(F)F)C[C@H]2c2ccc(F)c(F)c2)c1C,6.26,0.0,1
CHEMBL2815,CCOc1nn(-c2ccccc2)c(NC(=O)N[C@@H]2CN(c3c(F)cccc3F)C[C@H]2c2ccccc2)c1C,6.26,0.0,1
CHEMBL2815,CCOc1nn(-c2ccccc2)c(NC(=O)N[C@@H]2CN(c3c[nH]nc3C(F)(F)F)C[C@H]2c2ccc(F)c(F)c2)c1C,6.26,0.0,1
CHEMBL2815,CCOc1nn(-c2ccccc2)c(NC(=O)N[C@@H]2CN(c3ccc(F)cc3)C[C@H]2c2ccccc2)c1C,6.26,0.0,1
CHEMBL2815,CCOc1nn(-c2ccccc2)c(NC(=O)N[C@@H]2CN(c3ccccc3)C[C@H]2c2ccc(F)c(F)c2)c1C,6.26,0.0,1
CHEMBL2815,CCOc1nn(-c2ccccc2)c(NC(=O)N[C@@H]2CN(c3ccccc3C)C[C@H]2c2ccccc2)c1C,6.26,0.0,1
CHEMBL2815,CCOc1nn(-c2ccccc2)c(NC(=O)N[C@@H]2CN(c3ccccc3Cl)C[C@H]2c2ccccc2)c1C,6.26,0.0,1
CHEMBL2815,CCOc1nn(-c2ccccc2)c(NC(=O)N[C@@H]2CN(c3ccccc3F)C[C@H]2c2ccccc2)c1C,6.26,0.0,1
CHEMBL2815,CCOc1nn(-c2ccccc2)c(NC(=O)N[C@@H]2CN(c3ccccc3OC(F)(F)F)C[C@H]2c2ccccc2)c1C,6.26,0.0,1
CHEMBL2815,CCOc1nn(-c2ccccc2)c(NC(=O)N[C@@H]2CN(c3ccccc3OC)C[C@H]2c2ccc(F)c(F)c2)c1C,6.26,0.0,1
CHEMBL2815,CCOc1nn(-c2ccccc2)c(NC(=O)N[C@@H]2CN(c3ccccc3OC)C[C@H]2c2ccccc2)c1C,6.26,0.0,1
CHEMBL2815,CCOc1nn(-c2ccccc2)c(NC(=O)N[C@@H]2CN(c3ccnc(OC)c3)C[C@H]2c2ccccc2)c1C,6.26,0.0,1
CHEMBL2815,CCOc1nn(-c2ccccc2)c(NC(=O)N[C@@H]2CN(c3ccnn3C)C[C@H]2c2cc(F)cc(F)c2)c1C,6.26,0.0,1
CHEMBL2815,CCOc1nn(-c2ccccc2)c(NC(=O)N[C@H]2CCc3ccccc32)c1C,6.26,0.0,1
CHEMBL2815,CCOc1nn(-c2ccccc2)c(NC(=O)N[C@H]2CN(CCOC)C[C@@H]2c2ccc(F)c(F)c2)c1C,8.57,0.0,1
CHEMBL2815,CCOc1nn(-c2ccccc2)c(NC(=O)N[C@H]2c3ccccc3C[C@@H]2OCCOC)c1C,6.26,0.0,1
CHEMBL2815,CCOc1nn(-c2cnccn2)c(NC(=O)N[C@@H]2CN(CCOC)C[C@H]2c2ccc(F)c(F)c2)c1C,6.26,0.0,1
CHEMBL2815,CCS(=O)(=O)N1CCCOc2ccc(F)cc2CN(C)c2ccn3ncc(c3n2)C1,6.36,0.0,1
CHEMBL2815,CCS(=O)(=O)N1CCOc2ccc(F)cc2CN(C)c2ccn3ncc(c3n2)C1,7.0,0.0,1
CHEMBL2815,CCS(=O)(=O)N1Cc2cnn3ccc(nc23)N(C)Cc2cc(F)ccc2O[C@@H](C)C1,6.87,0.0,1
CHEMBL2815,CCS(=O)(=O)NCc1ccc(C(=O)Nc2cnn3ccc(N4CCC[C@@H]4c4cc(F)ccc4F)nc23)cc1,8.52,0.0,1
CHEMBL2815,CCS(=O)(=O)Nc1ccc(C(=O)Nc2cnn3ccc(N4CCC[C@@H]4c4cccc(F)c4)nc23)cc1,7.34,0.0,1
CHEMBL2815,CCSCc1ccc2c(c1)c1c3c(c4c5ccccc5n5c4c1n2[C@@]1(C)O[C@@H]5C[C@]1(O)C(=O)OC)C(=O)NC3,7.21,0.0,1
CHEMBL2815,CC[C@@H](CO)NC(=O)c1cnn2ccc(N3CCC[C@@H]3c3cc(F)ccc3F)nc12,8.6,0.0,1
CHEMBL2815,CC[C@@H](Sc1nsc(NC(=O)NC)c1C(N)=O)c1ccc(Cl)cc1,8.4,0.0,1
CHEMBL2815,CC[C@H](C)[C@@H]1NC(=O)CNC(=O)[C@H](Cc2ccccc2)N(C)C(=O)CNC(=O)[C@H](Cc2c[nH]c3ccccc23)NC(=O)[C@H](Cc2ccc(O)cc2)NC(=O)[C@H](CCC(=O)O)NC(=O)[C@H](C(C)C)NC(=O)[C@H](CO)NC(=O)[C@H](CO)NC(=O)[C@H](Cc2ccccc2)NC(=O)CSC[C@@H](C(=O)NCC(N)=O)NC(=O)[C@H](Cc2cnc[nH]2)NC(=O)[C@H](CC(=O)O)NC(=O)[C@H](Cc2ccc(O)cc2)NC(=O)[C@H](Cc2c[nH]c3ccccc23)NC(=O)[C@H](CCC(=O)O)NC(=O)[C@H](CC(C)C)NC1=O,7.47,0.0,1
CHEMBL2815,CC[C@H](Sc1nsc(NC(=O)NC)c1C(N)=O)c1ccc(Cl)cc1,7.28,0.0,1
CHEMBL2815,CCc1cc(C(=O)NC(C)(C)C)cc(C#Cc2ccc3c4c(oc3c2)C(C)(C)c2cc(NS(C)(=O)=O)ccc2C4=O)n1,9.15,0.0,1
CHEMBL2815,CCc1cc(C(=O)Nc2cncc(C(=O)c3cn(C(C)C)c4ncncc34)c2)no1,6.75,0.0,1
CHEMBL2815,CCc1cc(C(=O)Nc2cncc(C(=O)c3cn(C(C)C)c4ncncc34)c2)on1,6.18,0.0,1
CHEMBL2815,CCc1cc(NC(=O)c2cnn3ccc(N4CCCC4c4cc(F)cnc4OC)nc23)[nH]n1,8.05,0.0,1
CHEMBL2815,CCc1cc(NC(=O)c2cnn3ccc(N4CCC[C@@H]4c4cc(F)cnc4OC)nc23)[nH]n1,8.05,0.0,1
CHEMBL2815,CCc1cc(Nc2nc(NCc3ccc(Cl)c(C(=O)Nc4cc(F)ccc4F)c3)nc3c2cnn3C(C)C)n[nH]1,6.02,0.0,1
CHEMBL2815,CCc1cc(Nc2nc(NCc3ccc(Cl)cc3OC)nc3cccc(OC)c23)n[nH]1,5.7,0.0,1
CHEMBL2815,CCc1cc(Nc2nccc(-c3c(-c4ccc(OC)c(C(=O)Nc5c(F)cccc5F)c4)nc4ccccn34)n2)c(OC)cc1N1CCC(N2CCN(S(C)(=O)=O)CC2)CC1,6.15,0.0,1
CHEMBL2815,CCc1ccnc(C(=O)Nc2cncc(C(=O)c3cn(C(C)C)c4ncncc34)c2)c1,8.26,0.0,1
CHEMBL2815,CCc1nc(C)c(C(=O)Nc2cncc(C(=O)c3cn(C(C)C)c4ncncc34)c2)o1,6.72,0.0,1
CHEMBL2815,CCc1nc2ccccc2n1CC(=O)Nc1cncc(C(=O)c2cn(C(C)C)c3ncncc23)c1,5.86,0.0,1
CHEMBL2815,CCc1nc2cccnc2n1CC(=O)Nc1cncc(C(=O)c2cn(C(C)C)c3ncncc23)c1,5.08,0.0,1
CHEMBL2815,CCc1ncc(F)cc1C1CCCN1c1ccn2ncc(C(=O)NC3CCC(O)CC3)c2n1,8.44,0.0,1
CHEMBL2815,CCc1ncc(F)cc1C1CCCN1c1ccn2ncc(C(=O)NCC(C)(C)O)c2n1,7.14,0.0,1
CHEMBL2815,CCc1ncc(F)cc1C1CCCN1c1ccn2ncc(C(=O)N[C@H]3CC[C@H](O)C3)c2n1,7.9,0.0,1
CHEMBL2815,CCc1ncc(F)cc1[C@H]1CCCN1c1ccn2ncc(C(=O)NC3CC3)c2n1,7.95,0.0,1
CHEMBL2815,CCc1ncc(F)cc1[C@H]1CCCN1c1ccn2ncc(C(=O)NC3CCC(O)CC3)c2n1,8.44,0.0,1
CHEMBL2815,CCc1nn2cc(CC(=O)Nc3cncc(C(=O)c4cn(C(C)C)c5ncncc45)c3)nc2s1,5.25,0.0,1
CHEMBL2815,CCn1cc(-c2ccc3c(c2)CCN3C(=O)Cc2cccc(OC(F)(F)F)c2)c2c(N)ncnc21,7.58,0.0,1
CHEMBL2815,CCn1cc(-c2cnn3ccc(N[C@H](C)c4cc(F)ccc4F)nc23)cn1,9.566666666666666,0.5131601439446883,3
CHEMBL2815,CCn1cc(C(=O)Nc2cncc(C(=O)c3cn(C(C)C)c4ncncc34)c2)cn1,6.61,0.0,1
CHEMBL2815,CCn1nc(-c2ccccc2)cc1NC(=O)N[C@@H]1CN(CCOC)C[C@H]1c1ccccc1,6.26,0.0,1
CHEMBL2815,CCn1nc(C#Cc2cc(C(=O)Nc3ccc(CN4CCN(C)CC4)c(C(F)(F)F)c3)ccc2C)c2c(N)ncnc21,7.57,0.0,1
CHEMBL2815,CN(C(=O)Cc1ccc(Cl)cc1)c1cncc(C(=O)c2cn(C(C)(C)C)c3ncncc23)c1,7.5,0.0,1
CHEMBL2815,CN(C(=O)Cc1ccc(Cl)cn1)c1cncc(C(=O)c2cn(C(C)(C)C)c3ncncc23)c1,7.3,0.0,1
CHEMBL2815,CN(C(=O)Cc1ccc(F)cc1)c1cncc(C(=O)c2cn(C(C)(C)C)c3ncncc23)c1,6.82,0.0,1
CHEMBL2815,CN(C)C(=O)C(=O)Nc1cnn2ccc(N3CCC[C@@H]3c3cc(F)ccc3F)nc12,7.32,0.0,1
CHEMBL2815,CN(C)C(=O)Cn1cc(C(=O)c2cncc(NC(=O)Cc3ccc(Cl)cc3)c2)c2cncnc21,5.41,0.0,1
CHEMBL2815,CN(C)C(=O)Nc1cnc2ccc(N3CCC[C@@H]3c3cc(F)ccc3F)nn12,7.75,0.0,1
CHEMBL2815,CN(C)C(=O)Nc1cnn2ccc(N3CCC[C@@H]3c3cc(F)ccc3F)nc12,7.8,0.0,1
CHEMBL2815,CN(C)C(=O)c1ccc(Nc2ncc(C(F)(F)F)c(N[C@H]3CC[C@@H](N)CC3)n2)cc1,7.44,0.0,1
CHEMBL2815,CN(C)C(=O)c1cnn2ccc(N3CCC[C@@H]3c3cc(F)ccc3F)nc12,6.67,0.0,1
CHEMBL2815,CN(C)C1CCN(C(=O)c2cccc(Nc3ncc(Cl)c(NCc4cccc(F)c4)n3)c2)CC1,6.66,0.0,1
CHEMBL2815,CN(C)C1CCN(c2ccc3c(Nc4n[nH]c5ccc(Cc6cc(F)cc(F)c6)cc45)n[nH]c3c2)C1,8.72,0.0,1
CHEMBL2815,CN(C)C1CCN(c2ccc3c(Nc4n[nH]c5ccc(Cc6cc(F)cc(F)c6)cc45)n[nH]c3c2)CC1,8.66,0.0,1
CHEMBL2815,CN(C)C1CCN(c2ccc3c(Nc4n[nH]c5ccc(Cc6cc(F)cc(F)c6)cc45)ncnc3c2)C1,8.64,0.0,1
CHEMBL2815,CN(C)CC(=O)N1CCC(c2ccc(NC(=O)c3nc(C#N)c[nH]3)c(C3=CCCCC3)c2)CC1,7.82,0.0,1
CHEMBL2815,CN(C)CCCOc1ccc2c(NCCc3cnc(NC(=O)Nc4cccc(Cl)c4)s3)ncnc2c1,8.65,0.0,1
CHEMBL2815,CN(C)CCCc1cc(C(=O)c2cccc(NC(=O)Nc3ccc(Cl)cc3Cl)c2)c2c(N)ncnn12,8.52,0.0,1
CHEMBL2815,CN(C)CCN(C)c1ccc2c(Nc3n[nH]c4ccc(Cc5cc(F)cc(F)c5)cc34)n[nH]c2c1,8.6,0.0,1
CHEMBL2815,CN(C)CCN1CCN(C(=O)c2cc(C(C)(C)C)sc2NC(=O)Nc2cccc(Cl)c2Cl)CCC1=O,4.54,0.0,1
CHEMBL2815,CN(C)CCOc1cc(N)cc(-c2cnc3[nH]cc(-c4ccncc4)c3c2)c1,7.87,0.0,1
CHEMBL2815,CN(C)CCOc1ccc(-c2cnc3[nH]cc(-c4ccncc4)c3c2)cc1N,7.33,0.0,1
CHEMBL2815,CN(C)S(=O)(=O)Nc1cccc(-c2cnn(-c3ccc(C(F)(F)F)cc3)c2)c1,5.24,0.0,1
CHEMBL2815,CN(C)S(=O)(=O)c1ccc2c(c1)/C(=C/c1cn(C)c3ccc(O)cc13)C(=O)N2,8.04,0.0,1
CHEMBL2815,CN(C)[C@H]1CCCN(c2ccc(C(F)(F)F)cc2NC(=O)c2cc(C#Cc3cnc(N)nc3)ccc2F)C1,7.75,0.0,1
CHEMBL2815,CN(C)c1ccc(NC(=O)c2cc(N)cc(Nc3ccc4[nH]cc(C#N)c4c3)c2)cc1,7.85,0.0,1
CHEMBL2815,CN(C)c1ccc(Nc2ncc(Cl)c(NCc3cccc(F)c3)n2)cc1,5.12,0.0,1
CHEMBL2815,CN(C)c1cccc(-c2cnc3[nH]cc(-c4ccncc4)c3c2)c1,7.58,0.0,1
CHEMBL2815,CN(C)c1cccc(NC(=O)Nc2cccc(Nc3ccc4c(-c5cn[nH]c5)n[nH]c4c3)c2)c1,7.16,0.0,1
CHEMBL2815,CN(CCO)C(=O)Nc1cnc2ccc(N3CCC[C@@H]3c3cc(F)ccc3F)nn12,7.99,0.0,1
CHEMBL2815,CN(C[C@@H]1COCCO1)S(=O)(=O)Nc1ccc2ccc3ncc(-c4cnn(C)c4)cc3c(=O)c2c1,7.34,0.0,1
CHEMBL2815,CN(Cc1cc(F)cc(F)c1)c1ccc2[nH]nc(/C=C/c3ccccn3)c2c1,7.54,0.0,1
CHEMBL2815,CN(Cc1ccc2[nH]nc(/C=C/c3ccccn3)c2c1)c1cc(F)cc(F)c1,7.92,0.0,1
CHEMBL2815,CN(Cc1cccc(F)c1)c1ccn2ncc(C(=O)NC3CCOCC3)c2n1,8.49,0.0,1
CHEMBL2815,CN(Cc1cccc(F)c1)c1ccn2ncc(C(=O)N[C@H]3CC[C@H](O)CC3)c2n1,8.89,0.0,1
CHEMBL2815,CN(c1cc(F)cc(F)c1)c1ccc2[nH]nc(/C=C/c3ccccn3)c2c1,7.39,0.0,1
CHEMBL2815,CN(c1ccc(CC(=O)Nc2cncc(C(=O)c3cn(C(C)(C)CO)c4nc(N)ncc34)c2)cc1)S(C)(=O)=O,8.02,0.0,1
CHEMBL2815,CN1C(=O)[C@@H](N2CCc3c(nn(Cc4ccccc4)c3Br)C2=O)COc2ccccc21,6.0,0.0,1
CHEMBL2815,CN1C(=O)[C@@H](N2CCc3cn(CC4CCS(=O)(=O)CC4)nc3C2=O)COc2ccccc21,6.0,0.0,1
CHEMBL2815,CN1C(=O)[C@@H](N2CCc3cn(Cc4ccccc4)nc3C2=O)COc2ccccc21,6.0,0.0,1
CHEMBL2815,CN1CC=C(c2ccc3c(Nc4n[nH]c5ccc(Cc6cc(F)cc(F)c6)cc45)n[nH]c3c2)CC1,9.0,0.0,1
CHEMBL2815,CN1CCC(CNC2=NC(=O)/C(=C/c3csc(-c4ccc(OC(F)(F)F)cc4)n3)S2)CC1,5.15,0.0,1
CHEMBL2815,CN1CCC(Cn2nc(Nc3n[nH]c4ccc(Cc5cc(F)cc(F)c5)cc34)c3ccc(N4CCN(C)CC4)cc32)CC1,8.59,0.0,1
CHEMBL2815,CN1CCC(NC(=O)c2cccc(Nc3ncc(Cl)c(NCc4cccc(F)c4)n3)c2)CC1,7.19,0.0,1
CHEMBL2815,CN1CCC(Nc2ccc(C(=O)Nc3cc(-c4cc5ccccc5s4)n[nH]3)cc2)CC1,5.93,0.0,1
CHEMBL2815,CN1CCC(Nc2ccc(C(=O)Nc3cc(-c4ccc5c(c4)CCO5)n[nH]3)cc2)CC1,6.21,0.0,1
CHEMBL2815,CN1CCC(Nc2ccc(C(=O)Nc3cc(-c4ccc5c(c4)OC(F)(F)O5)n[nH]3)cc2)CC1,5.58,0.0,1
CHEMBL2815,CN1CCC(Nc2ccc(C(=O)Nc3cc(-c4ccc5c(c4)OCCO5)n[nH]3)cc2)CC1,6.19,0.0,1
CHEMBL2815,CN1CCC(Nc2ccc(C(=O)Nc3cc(-c4ccc5c(c4)OCO5)n[nH]3)cc2)CC1,6.365,0.007071067811865324,2
CHEMBL2815,CN1CCC(Nc2ccc(C(=O)Nc3cc(-c4ccc5ncn(Cc6ccccc6)c5c4)[nH]n3)cc2)CC1,5.85,0.0,1
CHEMBL2815,CN1CCC(n2cc(Nc3nc(OC4(C)CC4)c4nc(-c5cncnc5)ccc4n3)cn2)CC1,7.72,0.0,1
CHEMBL2815,CN1CCCN(C(=O)c2cccc(Nc3ncc(Cl)c(NCc4cccc(F)c4)n3)c2)CC1,6.89,0.0,1
CHEMBL2815,CN1CCCN(c2ccc3c(Nc4n[nH]c5ccc(Cc6cc(F)cc(F)c6)cc45)n[nH]c3c2)CC1,8.6,0.0,1
CHEMBL2815,CN1CCCN(c2ccc3c(Nc4n[nH]c5ccc(Cc6cc(F)cc(F)c6)cc45)ncnc3c2)CC1,8.8,0.0,1
CHEMBL2815,CN1CCCOc2ncc(F)cc2[C@H]2CCCN2c2ccn3ncc(c3n2)C1=O,7.26,0.0,1
CHEMBL2815,CN1CCCOc2ncc(F)cc2[C@H]2C[C@H](F)CN2c2ccn3nc(N)c(c3n2)C1=O,9.21,0.0,1
CHEMBL2815,CN1CCN(C(=O)Nc2cnc3ccc(N4CCC[C@@H]4c4cc(F)ccc4F)nn23)CC1,7.27,0.0,1
CHEMBL2815,CN1CCN(C(=O)Nc2cnn3ccc(N4CCC[C@@H]4c4cc(F)ccc4F)nc23)CC1,7.24,0.0,1
CHEMBL2815,CN1CCN(C(=O)c2cc(NC(=O)[C@@H]3CCCN3c3nc(Nc4cc(F)cc(F)c4)ncc3Cl)ccc2N2CCOCC2)CC1,8.04,0.0,1
CHEMBL2815,CN1CCN(C(=O)c2cc3cc(NC(=O)c4cc(N5CCC[C@@H]5c5cc(F)ccc5F)c[nH]c4=O)ccc3[nH]2)CC1,8.54,0.0,1
CHEMBL2815,CN1CCN(C(=O)c2cc3cc(NC(=O)c4cc(N5CCC[C@@H]5c5cc(F)ccc5F)c[nH]c4=O)ccc3o2)CC1,8.74,0.0,1
CHEMBL2815,CN1CCN(C(=O)c2cc3ccc(NC(=O)c4cc(N5CCC[C@@H]5c5cc(F)ccc5F)c[nH]c4=O)cc3[nH]2)CC1,8.68,0.0,1
CHEMBL2815,CN1CCN(C(=O)c2ccc(-c3n[nH]c4ncc(Cc5cc(F)ccc5F)cc34)cc2)CC1,6.53,0.0,1
CHEMBL2815,CN1CCN(C(=O)c2ccc(NC(=O)c3cc(N4CCC[C@@H]4c4cc(F)ccc4F)c[nH]c3=O)cc2)CC1,8.82,0.0,1
CHEMBL2815,CN1CCN(C(=O)c2ccc(Nc3n[nH]c4ncc(Cc5cc(F)ccc5F)cc34)cc2)CC1,6.41,0.0,1
CHEMBL2815,CN1CCN(C(=O)c2ccc(Nc3ncc(Cl)c(NCc4cccc(F)c4)n3)cc2)CC1,7.13,0.0,1
CHEMBL2815,CN1CCN(C(=O)c2cccc(-c3n[nH]c4ncc(Cc5cc(F)ccc5F)cc34)c2)CC1,6.97,0.0,1
CHEMBL2815,CN1CCN(C(=O)c2cccc(Nc3n[nH]c4ncc(Cc5cc(F)ccc5F)cc34)c2)CC1,6.93,0.0,1
CHEMBL2815,CN1CCN(C(=O)c2cccc(Nc3ncc(Cl)c(NCc4cccc(F)c4)n3)c2)CC1,7.0,0.0,1
CHEMBL2815,CN1CCN(C(=O)c2cnc3cc(NC(=O)c4cc(N5CCC[C@@H]5c5cc(F)ccc5F)c[nH]c4=O)ccc3c2)CC1,8.82,0.0,1
CHEMBL2815,CN1CCN(CCNC(=O)c2cnn3ccc(N4CCCC4c4cc(F)ccc4F)nc23)CC1,8.33,0.0,1
CHEMBL2815,CN1CCN(CCc2ccc(Nc3ncc4c(=O)c(C(N)=O)cn(-c5ccc6c(c5)CCC6)c4n3)cc2)CC1,6.77,0.0,1
CHEMBL2815,CN1CCN(Cc2cc(NC(=O)[C@@H]3CCN(c4ccc5ncc(-c6ccccn6)n5n4)C3)cc(C(F)(F)F)c2)CC1,8.01,0.32526911934581154,2
CHEMBL2815,CN1CCN(Cc2cc(NC(=O)[C@H]3CCN(c4ccc5ncc(-c6ccccn6)n5n4)C3)cc(C(F)(F)F)c2)CC1,7.23,0.31112698372208153,2
CHEMBL2815,CN1CCN(Cc2cc(NC(=O)c3ccc4c(c3)CN(c3ccccc3)CC4)cc(C(F)(F)F)c2)CC1,5.2,0.0,1
CHEMBL2815,CN1CCN(Cc2ccc(-c3cnc4[nH]cc(-c5ccc6[nH]ccc6c5)c4c3)cc2)CC1,7.07,0.0,1
CHEMBL2815,CN1CCN(Cc2ccc(-c3cnc4[nH]nc(-c5cc(F)cc(NC(=O)Nc6cncnc6)c5)c4c3)cc2)CC1,6.12,0.0,1
CHEMBL2815,CN1CCN(Cc2ccc(C(=O)Nc3cnn4ccc(N5CCC[C@@H]5c5cc(F)ccc5F)nc34)cc2)CC1,8.74,0.0,1
CHEMBL2815,CN1CCN(Cc2ccc(NC(=O)[C@@H]3CCN(c4ccc5ncc(-c6ccc(N)nc6)n5n4)C3)cc2C(F)(F)F)CC1,8.0,0.31112698372208086,2
CHEMBL2815,CN1CCN(Cc2ccc(NC(=O)[C@@H]3CCN(c4ccc5ncc(-c6ccccn6)n5n4)C3)cc2C(F)(F)F)CC1,8.254999999999999,0.3181980515339465,2
CHEMBL2815,CN1CCN(Cc2ccc(NC(=O)[C@@H]3CCN(c4ccc5ncc(-c6cccnc6)n5n4)C3)cc2C(F)(F)F)CC1,8.04,0.2121320343559638,2
CHEMBL2815,CN1CCN(Cc2ccc(NC(=O)[C@@H]3CCN(c4ccc5ncc(-c6cn[nH]c6)n5n4)C3)cc2C(F)(F)F)CC1,7.855,0.5444722215136423,2
CHEMBL2815,CN1CCN(Cc2ccc(NC(=O)[C@@H]3CCN(c4ccc5ncc(-c6cnn(C7CCOCC7)c6)n5n4)C3)cc2C(F)(F)F)CC1,7.665,0.30405591591021525,2
CHEMBL2815,CN1CCN(Cc2ccc(NC(=O)[C@@H]3CCN(c4ccc5ncc(-c6cnn(CCO)c6)n5n4)C3)cc2C(F)(F)F)CC1,7.67,0.5515432893255069,2
CHEMBL2815,CN1CCN(Cc2ccc(NC(=O)[C@@H]3CCN(c4ccc5nccn5n4)C3)cc2C(F)(F)F)CC1,6.32,0.4101219330881976,2
CHEMBL2815,CN1CCN(Cc2ccc(NC(=O)c3cc(N4CCC[C@@H]4c4cc(F)ccc4F)c[nH]c3=O)cc2)CC1,8.72,0.0,1
CHEMBL2815,CN1CCN(Cc2ccc(Nc3ncc4c(=O)c(C(N)=O)cn(-c5ccc6c(c5)CCC6)c4n3)cc2)CC1,6.51,0.0,1
CHEMBL2815,CN1CCN(c2cc(C(=O)Nc3cccc(Nc4ccc5c(c4)NC(=O)/C5=C\c4ccc[nH]4)c3)cc(C(F)(F)F)c2)CC1,8.15,0.0,1
CHEMBL2815,CN1CCN(c2cc(Nc3cc(-c4cccc(F)c4)[nH]n3)nc(Sc3ccccc3)n2)CC1,7.58,0.0,1
CHEMBL2815,CN1CCN(c2ccc(C(=O)Nc3cccc(Nc4ccc5c(c4)NC(=O)/C5=C\c4ccc[nH]4)c3)cc2C(F)(F)F)CC1,7.57,0.0,1
CHEMBL2815,CN1CCN(c2ccc(C(=O)Nc3n[nH]c4ccc(Cc5cc(F)cc(F)c5)cc34)c(NC3CCOCC3)c2)CC1,8.497499999999999,0.6641473230140028,4
CHEMBL2815,CN1CCN(c2ccc(C(=O)Nc3n[nH]c4ccc(Cc5cc(F)cc(F)c5)cc34)cc2)CC1,9.07,0.0,1
CHEMBL2815,CN1CCN(c2ccc(C(=O)Nc3n[nH]c4ccc(Oc5cc(F)cc(F)c5)cc34)cc2)CC1,8.54,0.0,1
CHEMBL2815,CN1CCN(c2ccc(NC(=O)[C@@H]3CCCN3c3nc(Nc4cc(F)cc(F)c4)ncc3Cl)cc2C(=O)N(C)C)CC1,8.19,0.0,1
CHEMBL2815,CN1CCN(c2ccc(NC(=O)[C@@H]3CCCN3c3nc(Nc4cc(F)cc(F)c4)ncc3Cl)cc2C(=O)N2CCSCC2)CC1,8.66,0.0,1
CHEMBL2815,CN1CCN(c2ccc(NCc3cn(-c4cccc(CNc5cc(F)cc(F)c5)c4)nn3)cc2C(=O)N2CCOCC2)CC1,8.8,0.0,1
CHEMBL2815,CN1CCN(c2ccc(Nc3ncc(Cl)c(NCc4cccc(F)c4)n3)cc2)CC1,6.89,0.0,1
CHEMBL2815,CN1CCN(c2ccc(Nc3ncc4c(=O)c(C(N)=O)cn(-c5ccc6c(c5)CCC6)c4n3)cc2)CC1,6.7,0.0,1
CHEMBL2815,CN1CCN(c2ccc(Nc3ncnc4ccc(NCc5cccc(Cl)c5)nc34)cc2)CC1,6.865,1.5485638507985398,2
CHEMBL2815,CN1CCN(c2ccc3c(Nc4n[nH]c5ccc(Cc6cc(F)cc(F)c6)cc45)n[nH]c3c2)CC1,9.08,0.0,1
CHEMBL2815,CN1CCN(c2ccc3c(Nc4n[nH]c5ccc(Cc6cc(F)cc(F)c6)cc45)ncnc3c2)CC1,8.376666666666667,0.8351247411814199,3
CHEMBL2815,CN1CCN(c2ccc3c(Nc4n[nH]c5ccc(Cc6cc(F)cc(F)c6)cc45)nn(C4CCNCC4)c3c2)CC1,8.43,0.0,1
CHEMBL2815,CN1CCN(c2ccc3c(Nc4n[nH]c5ccc(Cc6cc(F)cc(F)c6)cc45)nn(C4CCOCC4)c3c2)CC1,8.6,0.0,1
CHEMBL2815,CN1CCN(c2ccc3c(Nc4n[nH]c5ccc(Cc6cc(F)cc(F)c6)cc45)nn(C4COC4)c3c2)CC1,8.15,0.0,1
CHEMBL2815,CN1CCN(c2ccc3c(Nc4n[nH]c5ccc(Cc6cc(F)cc(F)c6)cc45)nn(CC4CCNCC4)c3c2)CC1,8.04,0.0,1
CHEMBL2815,CN1CCN(c2ccc3c(Nc4n[nH]c5ccc(Cc6cc(F)cc(F)c6)cc45)nn(CC4CCOCC4)c3c2)CC1,8.55,0.0,1
CHEMBL2815,CN1CCN(c2ccc3c(Nc4n[nH]c5ccc(Cc6cc(F)cc(F)c6)cc45)nn(CC4CNC4)c3c2)CC1,8.85,0.0,1
CHEMBL2815,CN1CCN(c2cccc(Nc3ncc(Cl)c(NCc4cccc(F)c4)n3)c2)CC1,7.22,0.0,1
CHEMBL2815,CN1CCN(c2cnn3ccc(N4CCC[C@@H]4c4cc(F)ccc4F)nc23)C1=O,7.44,0.11135528725660057,3
CHEMBL2815,CN1Cc2cc(F)ccc2OCCN(S(=O)(=O)CCl)Cc2cnn3ccc1nc23,7.88,0.0,1
CHEMBL2815,CN1Cc2cc(F)ccc2OCCN(S(C)(=O)=O)Cc2cnn3ccc1nc23,7.01,0.0,1
CHEMBL2815,CN1Cc2ccc(F)cc2OCC(C)(C)NC(=O)c2cnn3cc(F)c1nc23,7.25,0.0,1
CHEMBL2815,CN1Cc2ccc(F)cc2OCCNC(=O)c2cnn3cc(F)c1nc23,7.19,0.0,1
CHEMBL2815,CN1Cc2nn(C)c(C#N)c2-c2cnc3[nH]cc(c3c2)-c2cn(nc2C(F)(F)F)CCCC1=O,6.32,0.0,1
CHEMBL2815,CNC(=O)C(=O)Nc1cnn2ccc(N3CCC[C@@H]3c3cc(F)ccc3F)nc12,8.12,0.0,1
CHEMBL2815,CNC(=O)Cn1cc(C(=O)c2cncc(NC(=O)Cc3ccc(Cl)cc3)c2)c2cncnc21,5.58,0.0,1
CHEMBL2815,CNC(=O)Nc1cnc2ccc(N3CCC[C@@H]3c3cc(F)ccc3F)nn12,7.18,0.0,1
CHEMBL2815,CNC(=O)Nc1n[nH]c2ccc(Cc3cc(F)cc(F)c3)cc12,6.55,0.0,1
CHEMBL2815,CNC(=O)Nc1snc(SC(C)c2ccc(Cl)cc2)c1C(N)=O,8.52,0.0,1
CHEMBL2815,CNC(=O)Nc1snc(SC(c2ccc(Cl)cc2)C(C)C)c1C(N)=O,7.8,0.0,1
CHEMBL2815,CNC(=O)Nc1snc(SC(c2ccc(Cl)cc2)C(F)(F)F)c1C(N)=O,6.96,0.0,1
CHEMBL2815,CNC(=O)Nc1snc(SC(c2ccccc2)c2ccc(Cl)cc2)c1C(N)=O,5.58,0.0,1
CHEMBL2815,CNC(=O)Nc1snc(SC2CCCc3ccccc32)c1C(N)=O,6.96,0.0,1
CHEMBL2815,CNC(=O)Nc1snc(SC2CCc3cc(Cl)ccc32)c1C(N)=O,8.1,0.0,1
CHEMBL2815,CNC(=O)Nc1snc(SCc2ccc(Cl)cc2)c1C(N)=O,8.15,0.0,1
CHEMBL2815,CNC(=O)c1cc(-c2nn(-c3ccccc3)c(NC(=O)N[C@@H]3CN(C)O[C@H]3c3ccc(F)c(F)c3)c2C)cn(C)c1=O,8.4,0.0,1
CHEMBL2815,CNC(=O)c1cc(-c2nn(-c3ccccc3)c(NC(=O)N[C@@H]3CN(CCC(F)(F)F)O[C@H]3c3ccc(F)c(F)c3)c2C)cnc1OC,6.26,0.0,1
CHEMBL2815,CNC(=O)c1cc(-c2nn(-c3ccccc3)c(NC(=O)N[C@@H]3CN(CCOC)O[C@H]3c3ccnc(F)c3)c2C)nn(C)c1=O,8.09,0.0,1
CHEMBL2815,CNC(=O)c1cc(-c2nn(-c3ccccc3)c(NC(=O)N[C@@H]3CN(CCOC)O[C@H]3c3cnc(F)c(F)c3)c2C)cnc1OC,8.92,0.0,1
CHEMBL2815,CNC(=O)c1cc(-c2nn(-c3ccccc3)c(NC(=O)N[C@@H]3CNO[C@H]3c3ccc(F)c(F)c3)c2C)cnc1OC,6.26,0.0,1
CHEMBL2815,CNC(=O)c1cc(-c2nn(-c3ccccc3)c(NC(=O)N[C@@H]3C[C@@H](CCOC)O[C@H]3c3ccnc(F)c3)c2C)cnc1OC,8.92,0.0,1
CHEMBL2815,CNC(=O)c1cc(Oc2ccc(NC(=O)Nc3cc(C(C)(C)C)nn3-c3ccc4ncccc4c3)c(F)c2)ccn1,8.26,0.0,1
CHEMBL2815,CNC(=O)c1cc(Oc2ccc(NC(=O)Nc3ccc(Cl)c(C(F)(F)F)c3)cc2)ccn1,7.08,0.0,1
CHEMBL2815,CNC(=O)c1ccc(-c2ccc(=O)n(CCc3ccc4ncc(-c5cnn(C6CCOCC6)c5)cc4c3)n2)cc1C(F)(F)F,7.88,0.0,1
CHEMBL2815,CNC(=O)c1ccc(-c2nn(-c3ccccc3)c(NC(=O)N[C@@H]3CN(CCOC)O[C@H]3c3ccc(F)c(F)c3)c2C)cn1,9.28,0.0,1
CHEMBL2815,CNC(=O)c1ccc(NC(=O)c2cc(N[C@H](C)c3c(Cl)ccc(F)c3Cl)c[nH]c2=O)cc1F,6.75,0.0,1
CHEMBL2815,CNC(=O)c1ccc(Nc2ncc(C(F)(F)F)c(NCc3ccccc3Cl)n2)cc1,7.5,0.0,1
CHEMBL2815,CNC(=O)c1ccc(Nc2ncc(C(F)(F)F)c(NCc3nccnc3N(C)S(C)(=O)=O)n2)cc1,7.415,0.23334523779156074,2
CHEMBL2815,CNC(=O)c1ccc(Nc2ncc(C(F)(F)F)c(Nc3ccccc3OC)n2)cc1,7.74,0.0,1
CHEMBL2815,CNC(=O)c1cnn2ccc(N3CCCC3c3cncc(F)c3)nc12,7.645,0.1767766952966369,2
CHEMBL2815,CNC(=O)c1cnn2ccc(N3CCC[C@@H]3c3cc(F)ccc3F)nc12,8.98,0.0,1
CHEMBL2815,CNC(=O)c1cnn2ccc(N3CCC[C@@H]3c3cc(F)cnc3C)nc12,7.24,0.0,1
CHEMBL2815,CNC(=O)c1cnn2ccc(N3CCC[C@@H]3c3cc(F)cnc3OC)nc12,8.68,0.0,1
CHEMBL2815,CNC(=O)c1cnn2ccc(N3C[C@@H](O)C[C@@H]3c3cccc(F)c3)nc12,7.47,0.0,1
CHEMBL2815,CNC(=O)c1cnn2ccc(N3C[C@H](O)C[C@@H]3c3cccc(F)c3)nc12,6.86,0.0,1
CHEMBL2815,CNC(=O)c1n[nH]c2ccc(NCc3cc(F)ccc3OC(C)C)cc12,6.62,0.0,1
CHEMBL2815,CNC(=O)c1n[nH]c2ccc(NCc3cc(F)ccc3OC(F)F)cc12,6.42,0.0,1
CHEMBL2815,CNC(=O)c1n[nH]c2ccc(NCc3cc(F)ccc3OC)cc12,7.04,0.0,1
CHEMBL2815,CNC(=O)c1n[nH]c2ccc(NCc3cc(F)ccc3OC3CCOC3)cc12,6.68,0.0,1
CHEMBL2815,CNC(=O)c1n[nH]c2ccc(NCc3cc(F)ccc3OC3CCOCC3)cc12,6.54,0.0,1
CHEMBL2815,CNC(=O)c1n[nH]c2ccc(NCc3cc(F)ccc3OCC(F)(F)F)cc12,6.85,0.0,1
CHEMBL2815,CNC(=O)c1n[nH]c2ccc(NCc3cc(F)ccc3OCC(F)F)cc12,7.855,0.7294518489934753,4
CHEMBL2815,CNC(=O)c1n[nH]c2ccc(NCc3cc(F)ccc3OCCF)cc12,6.7,0.0,1
CHEMBL2815,CNC(=O)c1n[nH]c2ccc(NCc3cc(F)ccc3OCCO)cc12,5.93,0.0,1
CHEMBL2815,CNC(=O)c1n[nH]c2ccc(NCc3cc(F)ccc3P(C)(C)=O)cc12,5.25,0.0,1
CHEMBL2815,CNC(=O)c1n[nH]c2ccc(NCc3cc(F)ccc3S(C)(=O)=O)cc12,5.95,0.0,1
CHEMBL2815,CNC(=O)c1ncc(-c2nn(-c3ccccc3)c(NC(=O)N[C@@H]3CN(CCOC)O[C@H]3c3ccc(F)c(F)c3)c2C)cc1NC,9.12,0.0,1
CHEMBL2815,CNC(=O)c1ncc(-c2nn(-c3ccccc3)c(NC(=O)N[C@@H]3CN(CCOC)O[C@H]3c3ccnc(F)c3)c2C)cc1C,8.46,0.19798989873223224,2
CHEMBL2815,CNC(=O)c1ncc(-c2nn(-c3ccccc3)c(NC(=O)N[C@@H]3CN(CCOC)O[C@H]3c3cnc(F)c(F)c3)c2C)cc1C,8.89,0.0,1
CHEMBL2815,CNC(=O)c1ncc(-c2nn(-c3ccccc3)c(NC(=O)N[C@@H]3CN(CCOC)O[C@H]3c3cnc(F)c(F)c3)c2C)cc1F,8.44,0.0,1
CHEMBL2815,CNC(=O)c1nn(C)c2c1C(C)(C)Cc1cnc(Nc3ccc(N4CCN(C)CC4)cc3)nc1-2,7.28,0.0,1
CHEMBL2815,CNC(C)(C)C(=O)Nc1cnn2ccc(N3CCC[C@@H]3c3cc(F)ccc3F)nc12,7.28,0.0,1
CHEMBL2815,CNC1CC2OC(C)(C1OC)n1c3ccccc3c3c4c(c5c6ccccc6n2c5c31)C(=O)NC4,8.85,0.0,1
CHEMBL2815,CNC1CCN(C(=O)c2cccc(Nc3ncc(Cl)c(NCc4cccc(F)c4)n3)c2)CC1,7.28,0.0,1
CHEMBL2815,CNCCN(C)C(=O)c1cc(Sc2cnc(Nc3cccc(Br)n3)s2)ccc1C,7.51,0.0,1
CHEMBL2815,CNCCN1CC(NC(=O)Nc2c3c(nn2-c2ccccc2)CCC3)[C@H](c2ccccc2)C1,6.26,0.0,1
CHEMBL2815,CNCCNC(=O)c1cc(Sc2cnc(Nc3ccccn3)s2)ccc1C,6.72,0.0,1
CHEMBL2815,CNCc1cc(C)c(-c2cc3c(-c4cnn(C)c4)n[nH]c3cn2)c(F)c1,5.79,0.0,1
CHEMBL2815,CNCc1cc(F)c(-c2cc3c(-c4cnn(C)c4)n[nH]c3cn2)c(C(F)(F)F)c1,6.02,0.0,1
CHEMBL2815,CNCc1cc(F)c(-c2cc3c(-c4cnn(C)c4)n[nH]c3cn2)c(F)c1,5.58,0.0,1
CHEMBL2815,CNCc1cc(F)c(-c2cc3c(-c4cnn(C)c4)n[nH]c3cn2)c(OC)c1,6.48,0.0,1
CHEMBL2815,CNS(=O)(=O)c1ccc2c(c1)/C(=C/c1cn(C)c3ccc(OC)cc13)C(=O)N2,8.44,0.0,1
CHEMBL2815,CN[C@@H]1C[C@H]2O[C@@](C)([C@@H]1OC)n1c3ccccc3c3c4c(c5c6ccccc6n2c5c31)C(=O)NC4,8.43875,1.1280252973353797,8
CHEMBL2815,CNc1cccc(-c2cnc3[nH]cc(-c4ccncc4)c3c2)c1,7.5,0.0,1
CHEMBL2815,CNc1ncc(-c2nn(-c3ccccc3)c(NC(=O)N[C@@H]3CN(CCOC)O[C@H]3c3cnc(F)c(F)c3)c2C)cn1,9.28,0.0,1
CHEMBL2815,CNc1ncnc(-c2cccnc2Oc2ccc(F)c(C(=O)Nc3cc(C(F)(F)F)ccc3N(C)CCCN(C)C)c2)n1,5.08,0.0,1
CHEMBL2815,COC(=O)C(=O)Nc1cnn2ccc(N3CCC[C@@H]3c3cc(F)ccc3F)nc12,8.12,0.0,1
CHEMBL2815,COC(=O)C1(C(=O)Nc2cnn3ccc(N4CCC[C@@H]4c4cc(F)ccc4F)nc23)CC1,8.33,0.0,1
CHEMBL2815,COC(=O)N1CCN(C(=O)c2cc(Sc3cnc(Nc4ccccn4)s3)ccc2C)CC1,6.68,0.0,1
CHEMBL2815,COC(=O)[C@@]1(O)C[C@H]2O[C@]1(C)n1c3ccccc3c3c4c(c5c6ccccc6n2c5c31)C(=O)NC4,7.89,0.0,1
CHEMBL2815,COC(=O)[C@]1(O)C[C@@H]2O[C@@]1(C)n1c3ccccc3c3c4c(c5c6ccccc6n2c5c31)C(=O)NC4,7.89,0.0,1
CHEMBL2815,COC(=O)[C@]1(O)C[C@H]2O[C@]1(C)n1c3ccccc3c3c4c(c5c6ccccc6n2c5c31)C(=O)NC4,8.92,0.0,1
CHEMBL2815,COC(=O)c1ccc2c(C(Nc3ccc(N(C)C(=O)CN4CCN(C)CC4)cc3)c3ccccc3)c(O)[nH]c2c1,7.52,0.0,1
CHEMBL2815,COC(=O)c1ccc2c(c1)NC(=O)/C2=C(\Nc1ccc(N(C)C(=O)CN2CCN(C)CC2)cc1)c1ccccc1,7.24,0.0,1
CHEMBL2815,COC(=O)c1cccc(-n2nc(C(C)(C)C)cc2NC(=O)Nc2cnc(Oc3ccc(-c4cnc(N5CCCC5=O)s4)cc3)nc2)c1,6.89,0.0,1
CHEMBL2815,COC1CN(C(=O)Nc2cnc3ccc(N4CCC[C@@H]4c4cc(F)ccc4F)nn23)C1,7.79,0.0,1
CHEMBL2815,COC1CN(C(=O)Nc2cnn3ccc(N4CCC[C@@H]4c4cc(F)ccc4Cl)nc23)C1,7.55,0.0,1
CHEMBL2815,COC1CN(C(=O)Nc2cnn3ccc(N4CCC[C@@H]4c4cc(F)ccc4F)nc23)C1,7.56,0.0,1
CHEMBL2815,COC1CN(C(=O)c2cnn3ccc(N4CCC[C@@H]4c4cncc(F)c4)nc23)C1,6.465,0.007071067811865324,2
CHEMBL2815,COC1c2cc3[nH]c(-c4c(NC(C)Cc5c(F)c(F)cc(F)c5F)cc[nH]c4=O)nc3cc2C(=O)N1c1cccnc1,7.38,0.0,1
CHEMBL2815,COCC(C(=O)O)N1C[C@@H](NC(=O)Nc2c3c(nn2-c2ccccc2)CCC3)[C@H](c2ccc(F)c(F)c2)C1,5.26,0.0,1
CHEMBL2815,COCC(C)(C)n1cc(C(=O)c2cncc(NC(=O)Cc3ccc(Cl)cn3)c2)c2cnc(N)nc21,8.41,0.0,1
CHEMBL2815,COCC(C)(C)n1cc(C(=O)c2cncc(NC(=O)Cc3ccc(Cl)cn3)c2)c2cncnc21,8.8,0.0,1
CHEMBL2815,COCC(C)(C)n1cc(C(=O)c2cncc(NC(=O)Cc3ccc(F)cc3)c2)c2cncnc21,8.39,0.0,1
CHEMBL2815,COCC(C)(C)n1cc(C(=O)c2cncc(NC(=O)Cc3ccc(F)cn3)c2)c2cnc(N)nc21,7.67,0.0,1
CHEMBL2815,COCC(C)(C)n1cc(C(=O)c2cncc(NC(=O)Cc3ccc(F)cn3)c2)c2cncnc21,7.97,0.0,1
CHEMBL2815,COCC(C)(C)n1cc(C(=O)c2cncc(NC(=O)Cn3cc(C(F)(F)F)cn3)c2)c2cnc(N)nc21,8.56,0.0,1
CHEMBL2815,COCC(C)(C)n1cc(C(=O)c2cncc(NC(=O)Cn3cc(C(F)(F)F)nn3)c2)c2cnc(N)nc21,7.79,0.0,1
CHEMBL2815,COCC(C)(C)n1cc(C(=O)c2cncc(NC(=O)Cn3cc(C4CC4)nn3)c2)c2cnc(N)nc21,8.12,0.0,1
CHEMBL2815,COCC(C)(C)n1cc(C(=O)c2cncc(NC(=O)Cn3ccc(C(F)(F)F)n3)c2)c2cnc(N)nc21,8.49,0.0,1
CHEMBL2815,COCC(C)(C)n1cc(C(=O)c2cncc(NC(=O)Cn3ccc(C4CC4)n3)c2)c2cncnc21,8.82,0.0,1
CHEMBL2815,COCC(C)NC(=O)c1cnn2ccc(N3CCCC3c3cncc(F)c3)nc12,7.65,0.0,1
CHEMBL2815,COCC(N1C[C@@H](NC(=O)Nc2c3c(nn2-c2ccccc2)CCC3)[C@H](c2ccc(F)c(F)c2)C1)C(C)(C)O,6.26,0.0,1
CHEMBL2815,COCC(O)CNC(=O)c1cnn2ccc(N3CCCC3c3cncc(F)c3)nc12,6.88,0.0,1
CHEMBL2815,COCCC1C[C@@H](NC(=O)Nc2c(C)c(OCC(C)(C)O)nn2-c2ccccc2)[C@H](c2ccccc2)O1,6.26,0.0,1
CHEMBL2815,COCCCNC(=O)c1cc(N)cc(Nc2ccc3[nH]cc(C#N)c3c2)c1,7.2,0.0,1
CHEMBL2815,COCCN(C)c1cc(CNc2nc(Nc3cc(C)[nH]n3)c3cnn(C4CCOCC4)c3n2)ccc1Cl,7.28,0.0,1
CHEMBL2815,COCCN(C)c1cc(CNc2nc(Nc3cc(C)[nH]n3)c3cnn(C4CCOCC4)c3n2)ccc1F,7.16,0.0,1
CHEMBL2815,COCCN1CC(NC(=O)Nc2c3c(nn2-c2ccccc2)CCC3)[C@H](c2cccc(OC)c2)C1,6.26,0.0,1
CHEMBL2815,COCCN1CC(c2ccccc2)[C@H](NC(=O)Nc2cnn3ccccc23)C1,6.26,0.0,1
CHEMBL2815,COCCN1CC(c2ccccc2F)[C@H](NC(=O)Nc2cc(C(C)C)nn2-c2ccccc2)C1,6.26,0.0,1
CHEMBL2815,COCCN1CC(c2ccno2)[C@H](NC(=O)Nc2c3c(nn2-c2ccccc2)CCC3)C1,6.26,0.0,1
CHEMBL2815,COCCN1CC(c2cncc(F)c2)[C@H](NC(=O)Nc2cc(-c3cnn(C)c3)nn2-c2ccccc2)C1,6.26,0.0,1
CHEMBL2815,COCCN1CC(c2cnco2)[C@H](NC(=O)Nc2c3c(nn2-c2ccccc2)CCC3)C1,5.26,0.0,1
CHEMBL2815,COCCN1CC(c2cnn(C)c2)[C@H](NC(=O)Nc2c(Br)c(C)nn2-c2ccccc2)C1,6.26,0.0,1
CHEMBL2815,COCCN1CC(c2cnn(C)c2)[C@H](NC(=O)Nc2c(C)c(-c3cnn(C)c3)nn2-c2ccccc2)C1,6.26,0.0,1
CHEMBL2815,COCCN1CC(c2sc(C)nc2C)[C@H](NC(=O)Nc2c3c(nn2-c2ccccc2)CCC3)C1,5.26,0.0,1
CHEMBL2815,COCCN1CCc2ccccc2C(NC(=O)Nc2c(C)c(-c3cnn(C)c3)nn2-c2ccccc2)C1,6.26,0.0,1
CHEMBL2815,COCCN1C[C@@H](NC(=N)Nc2c(Br)c(C)nn2-c2ccccc2)[C@H](c2ccc(F)c(F)c2)C1,5.26,0.0,1
CHEMBL2815,COCCN1C[C@@H](NC(=O)Nc2c(-c3ccccc3)c(C)nn2C)[C@H](c2ccccc2)C1,6.26,0.0,1
CHEMBL2815,COCCN1C[C@@H](NC(=O)Nc2c(-c3ccccc3)cnn2C)[C@H](c2ccccc2)C1,6.26,0.0,1
CHEMBL2815,COCCN1C[C@@H](NC(=O)Nc2c(-c3ccccc3)nn(C(C)C)c2C)[C@H](c2cc(F)cc(F)c2)C1,6.26,0.0,1
CHEMBL2815,COCCN1C[C@@H](NC(=O)Nc2c(-c3ccccc3)nn(C(C)C)c2C)[C@H](c2ccc(F)c(F)c2)C1,6.26,0.0,1
CHEMBL2815,COCCN1C[C@@H](NC(=O)Nc2c(Br)c(-c3ccccc3)nn2C)[C@H](c2ccc(F)c(F)c2)C1,5.26,0.0,1
CHEMBL2815,COCCN1C[C@@H](NC(=O)Nc2c(Br)c(-c3cnn(C)c3)nn2C)[C@H](c2ccc(F)c(F)c2)C1,6.26,0.0,1
CHEMBL2815,COCCN1C[C@@H](NC(=O)Nc2c(Br)c(C(=O)O)nn2-c2ccccc2)[C@H](c2ccc(F)c(F)c2)C1,6.26,0.0,1
CHEMBL2815,COCCN1C[C@@H](NC(=O)Nc2c(Br)c([C@H]3CCCN3C(=O)OC(C)(C)C)nn2-c2ccccc2)[C@H](c2ccc(F)c(F)c2)C1,6.26,0.0,1
CHEMBL2815,COCCN1C[C@@H](NC(=O)Nc2c(C#N)c(C)nn2-c2ccccc2)[C@H](c2ccccc2)C1,6.26,0.0,1
CHEMBL2815,COCCN1C[C@@H](NC(=O)Nc2c(C(C)C)c(-c3cnn(C)c3)nn2-c2ccccc2)[C@H](c2ccc(F)c(F)c2)C1,6.26,0.0,1
CHEMBL2815,COCCN1C[C@@H](NC(=O)Nc2c(C(F)(F)F)c(C)nn2-c2ccccc2)[C@H](c2ccnc(F)c2)O1,7.16,0.0,1
CHEMBL2815,COCCN1C[C@@H](NC(=O)Nc2c(C(F)(F)F)nn(C)c2-c2ccccc2)[C@H](c2ccc(F)c(F)c2)C1,6.26,0.0,1
CHEMBL2815,COCCN1C[C@@H](NC(=O)Nc2c(C(F)F)c(C)nn2-c2ccccc2)[C@H](c2ccnc(F)c2)O1,6.26,0.0,1
CHEMBL2815,COCCN1C[C@@H](NC(=O)Nc2c(C)c(-c3cc(C(=O)NC4CCOCC4)c(=O)n(C)c3)nn2-c2ccccc2)[C@H](c2ccnc(F)c2)O1,9.0,0.0,1
CHEMBL2815,COCCN1C[C@@H](NC(=O)Nc2c(C)c(-c3ccc(-c4nn[nH]n4)nc3)nn2-c2ccccc2)[C@H](c2ccc(F)c(F)c2)O1,9.06,0.0,1
CHEMBL2815,COCCN1C[C@@H](NC(=O)Nc2c(C)c(-c3ccc(CN(C)C)nc3)nn2-c2ccccc2)[C@H](c2ccc(F)c(F)c2)O1,8.85,0.0,1
CHEMBL2815,COCCN1C[C@@H](NC(=O)Nc2c(C)c(-c3ccc(CN=S(C)(C)=O)cc3)nn2-c2ccccc2)[C@H](c2ccc(F)c(F)c2)O1,8.92,0.0,1
CHEMBL2815,COCCN1C[C@@H](NC(=O)Nc2c(C)c(-c3ccc(N4CCC(O)CC4)nc3)nn2-c2ccccc2)[C@H](c2ccnc(F)c2)O1,8.43,0.0,1
CHEMBL2815,COCCN1C[C@@H](NC(=O)Nc2c(C)c(-c3ccc(N4CCN(C)CC4)nc3)nn2-c2ccccc2)[C@H](c2ccnc(F)c2)O1,8.17,0.0,1
CHEMBL2815,COCCN1C[C@@H](NC(=O)Nc2c(C)c(-c3ccc(N=S(C)(C)=O)nc3)nn2-c2ccccc2)[C@H](c2ccc(F)c(F)c2)O1,8.8,0.0,1
CHEMBL2815,COCCN1C[C@@H](NC(=O)Nc2c(C)c(-c3ccc(OC)nc3)nn2-c2ccccc2)[C@H](c2ccnc(F)c2)O1,8.89,0.0,1
CHEMBL2815,COCCN1C[C@@H](NC(=O)Nc2c(C)c(-c3ccc4c(cnn4C)c3)nn2-c2ccccc2)[C@H](c2ccc(F)c(F)c2)O1,9.09,0.0,1
CHEMBL2815,COCCN1C[C@@H](NC(=O)Nc2c(C)c(-c3ccc4nc(C(N)=O)cn4c3)nn2-c2ccccc2)[C@H](c2cnc(F)c(F)c2)O1,8.7,0.0,1
CHEMBL2815,COCCN1C[C@@H](NC(=O)Nc2c(C)c(-c3ccc4nc(C)nn4c3)nn2-c2ccccc2)[C@H](c2ccnc(F)c2)O1,8.68,0.0,1
CHEMBL2815,COCCN1C[C@@H](NC(=O)Nc2c(C)c(-c3ccccc3)nn2C)[C@H](c2ccccc2)C1,5.26,0.0,1
CHEMBL2815,COCCN1C[C@@H](NC(=O)Nc2c(C)c(-c3ccnc(C(=O)NOC)c3)nn2-c2ccccc2)[C@H](c2ccnc(F)c2)O1,8.38,0.0,1
CHEMBL2815,COCCN1C[C@@H](NC(=O)Nc2c(C)c(-c3ccnc(C(=O)NOC)c3)nn2-c2ccccc2)[C@H](c2cnc(F)c(F)c2)O1,8.82,0.0,1
CHEMBL2815,COCCN1C[C@@H](NC(=O)Nc2c(C)c(-c3ccnc(C(=O)O)c3)nn2-c2ccccc2)[C@H](c2ccc(F)c(F)c2)O1,8.68,0.0,1
CHEMBL2815,COCCN1C[C@@H](NC(=O)Nc2c(C)c(-c3cnc(C(N)=O)c(C)c3)nn2-c2ccccc2)[C@H](c2ccnc(F)c2)O1,8.28,0.0,1
CHEMBL2815,COCCN1C[C@@H](NC(=O)Nc2c(C)c(-c3cnc(C)cn3)nn2C)[C@H](c2ccc(F)c(F)c2)C1,6.26,0.0,1
CHEMBL2815,COCCN1C[C@@H](NC(=O)Nc2c(C)c(-c3cnc(C)nc3)nn2-c2ccccc2)[C@H](c2cc(F)nc(F)c2)O1,8.57,0.0,1
CHEMBL2815,COCCN1C[C@@H](NC(=O)Nc2c(C)c(-c3cnc(C)nc3)nn2-c2ccccc2)[C@H](c2ccnc(F)c2)O1,8.4,0.0,1
CHEMBL2815,COCCN1C[C@@H](NC(=O)Nc2c(C)c(-c3cnc(COC)nc3)nn2-c2ccccc2)[C@H](c2ccc(F)c(F)c2)O1,8.96,0.0,1
CHEMBL2815,COCCN1C[C@@H](NC(=O)Nc2c(C)c(-c3cnc(N4CC(OC)C4)nc3)nn2-c2ccccc2)[C@H](c2ccnc(F)c2)O1,9.03,0.0,1
CHEMBL2815,COCCN1C[C@@H](NC(=O)Nc2c(C)c(-c3cnc(N=S(C)(C)=O)nc3)nn2-c2ccccc2)[C@H](c2ccc(F)c(F)c2)O1,9.26,0.0,1
CHEMBL2815,COCCN1C[C@@H](NC(=O)Nc2c(C)c(-c3cnc(OC)c(C(=O)NC4CCOCC4)c3)nn2-c2ccc(F)cc2)[C@H](c2ccnc(F)c2)O1,8.42,0.0,1
CHEMBL2815,COCCN1C[C@@H](NC(=O)Nc2c(C)c(-c3cnc(OC)c(CN(C)C)c3)nn2-c2ccccc2)[C@H](c2ccc(F)c(F)c2)O1,9.28,0.0,1
CHEMBL2815,COCCN1C[C@@H](NC(=O)Nc2c(C)c(-c3cnc(OC)nc3)nn2-c2ccccc2)[C@H](c2ccnc(F)c2)O1,8.51,0.15556349186103965,2
CHEMBL2815,COCCN1C[C@@H](NC(=O)Nc2c(C)c(-c3cnc(OC)nc3)nn2-c2ccccc2)[C@H](c2cnc(F)c(F)c2)O1,8.74,0.1131370849898477,2
CHEMBL2815,COCCN1C[C@@H](NC(=O)Nc2c(C)c(-c3cnc(OCC(F)F)nc3)nn2-c2ccccc2)[C@H](c2ccnc(F)c2)O1,8.4,0.0,1
CHEMBL2815,COCCN1C[C@@H](NC(=O)Nc2c(C)c(-c3cnc(OCC4CC4)nc3)nn2-c2ccccc2)[C@H](c2ccnc(F)c2)O1,8.51,0.0,1
CHEMBL2815,COCCN1C[C@@H](NC(=O)Nc2c(C)c(-c3cnc(OCF)nc3)nn2-c2ccccc2)[C@H](c2ccnc(F)c2)O1,8.17,0.0,1
CHEMBL2815,COCCN1C[C@@H](NC(=O)Nc2c(C)c(-c3cnc4[nH]ncc4c3)nn2-c2ccccc2)[C@H](c2ccnc(F)c2)O1,8.68,0.0,1
CHEMBL2815,COCCN1C[C@@H](NC(=O)Nc2c(C)c(-c3cnc4c(c3)CC(=O)N4C)nn2-c2ccccc2)[C@H](c2ccnc(F)c2)O1,8.7,0.0,1
CHEMBL2815,COCCN1C[C@@H](NC(=O)Nc2c(C)c(-c3cnc4c(c3)CC(=O)N4C)nn2-c2ccccc2)[C@H](c2cnc(F)c(F)c2)O1,8.82,0.0,1
CHEMBL2815,COCCN1C[C@@H](NC(=O)Nc2c(C)c(-c3cnc4c(c3)NCC(=O)N4)nn2-c2ccccc2)[C@H](c2ccnc(F)c2)O1,8.82,0.0,1
CHEMBL2815,COCCN1C[C@@H](NC(=O)Nc2c(C)c(-c3cnc4c(c3)OCC(=O)N4)nn2-c2ccccc2)[C@H](c2ccnc(F)c2)O1,8.7,0.0,1
CHEMBL2815,COCCN1C[C@@H](NC(=O)Nc2c(C)c(-c3cnc4c(c3)[nH]c(=O)n4C)nn2-c2ccccc2)[C@H](c2cnc(F)c(F)c2)O1,9.32,0.0,1
CHEMBL2815,COCCN1C[C@@H](NC(=O)Nc2c(C)c(-c3cnc4c(c3)c(=O)n(C)n4C)nn2-c2ccccc2)[C@H](c2cnc(F)c(F)c2)O1,8.82,0.0,1
CHEMBL2815,COCCN1C[C@@H](NC(=O)Nc2c(C)c(-c3cnc4c(c3)c(N=S(C)(C)=O)nn4C)nn2-c2ccccc2)[C@H](c2ccc(F)c(F)c2)O1,9.22,0.0,1
CHEMBL2815,COCCN1C[C@@H](NC(=O)Nc2c(C)c(-c3cnc4c(c3)oc(=O)n4C)nn2-c2ccccc2)[C@H](c2ccnc(F)c2)O1,8.57,0.0,1
CHEMBL2815,COCCN1C[C@@H](NC(=O)Nc2c(C)c(-c3cnc4c(cnn4C)c3)nn2-c2ccccc2)[C@H](c2ccnc(F)c2)O1,8.92,0.1697056274847703,2
CHEMBL2815,COCCN1C[C@@H](NC(=O)Nc2c(C)c(-c3cnc4c(cnn4C4CCN(C)CC4)c3)nn2-c2ccccc2)[C@H](c2ccnc(F)c2)O1,8.6,0.0,1
CHEMBL2815,COCCN1C[C@@H](NC(=O)Nc2c(C)c(-c3cnc4ncn(CC(F)(F)F)c4c3)nn2-c2ccccc2)[C@H](c2ccnc(F)c2)O1,8.49,0.0,1
CHEMBL2815,COCCN1C[C@@H](NC(=O)Nc2c(C)c(-c3cnn(C)c3)nn2-c2ccc(F)cc2)[C@H](c2ccc(F)cc2)C1,6.26,0.0,1
CHEMBL2815,COCCN1C[C@@H](NC(=O)Nc2c(C)c(-c3cnn(C)c3)nn2-c2ccccc2)[C@H](c2cc(F)nc(F)c2)O1,8.34,0.0,1
CHEMBL2815,COCCN1C[C@@H](NC(=O)Nc2c(C)c(-c3cnn(C)c3)nn2-c2ccccc2)[C@H](c2ccc(F)c(F)c2)N1,6.77,0.0,1
CHEMBL2815,COCCN1C[C@@H](NC(=O)Nc2c(C)c(-c3cnn(C)c3)nn2-c2ccccc2)[C@H](c2cnc(F)c(F)c2)O1,8.52,0.0,1
CHEMBL2815,COCCN1C[C@@H](NC(=O)Nc2c(C)c(-c3cnn(C)c3)nn2-c2cncc(C)c2)[C@H](c2ccc(F)c(F)c2)C1,6.26,0.0,1
CHEMBL2815,COCCN1C[C@@H](NC(=O)Nc2c(C)c(-c3cnn(C)c3)nn2-c2cncc(Cl)c2)[C@H](c2ccc(F)c(F)c2)C1,6.26,0.0,1
CHEMBL2815,COCCN1C[C@@H](NC(=O)Nc2c(C)c(-c3cnn(C)c3)nn2C2CCC2)[C@H](c2ccc(F)c(F)c2)O1,6.48,0.0,1
CHEMBL2815,COCCN1C[C@@H](NC(=O)Nc2c(C)c(C(=O)NCc3cncnc3)nn2-c2ccccc2)[C@H](c2ccnc(F)c2)O1,6.26,0.0,1
CHEMBL2815,COCCN1C[C@@H](NC(=O)Nc2c(C)c(C(=O)O)nn2-c2ccccc2)[C@H](c2ccc(F)c(F)c2)C1,6.26,0.0,1
CHEMBL2815,COCCN1C[C@@H](NC(=O)Nc2c(C)c(C3=CCN(C(C)=O)CC3)nn2-c2ccccc2)[C@H](c2ccc(F)c(F)c2)O1,9.215,0.1484924240491756,2
CHEMBL2815,COCCN1C[C@@H](NC(=O)Nc2c(C)c(CN(C)C)nn2-c2ccccc2)[C@H](c2ccc(F)c(F)c2)O1,6.26,0.0,1
CHEMBL2815,COCCN1C[C@@H](NC(=O)Nc2c(C)c(CO[Si](C)(C)C(C)(C)C)nn2-c2ccccc2)[C@H](c2ccc(F)c(F)c2)O1,6.26,0.0,1
CHEMBL2815,COCCN1C[C@@H](NC(=O)Nc2c(C)c(N3CCN(C)C(=O)C3)nn2-c2ccccc2)[C@H](c2ccc(F)c(F)c2)O1,9.01,0.0,1
CHEMBL2815,COCCN1C[C@@H](NC(=O)Nc2c(C)c(N3Cc4cnn(C)c4C3)nn2-c2ccccc2)[C@H](c2ccnc(F)c2)O1,7.77,0.0,1
CHEMBL2815,COCCN1C[C@@H](NC(=O)Nc2c(C)c(OCC(C)(C)O)nn2-c2ccccc2)[C@H](c2cnc(F)c(F)c2)O1,7.66,0.0,1
CHEMBL2815,COCCN1C[C@@H](NC(=O)Nc2c(C)c(OCCCN(C)C)nn2-c2ccccc2)[C@H](c2ccc(F)c(F)c2)O1,8.77,0.0,1
CHEMBL2815,COCCN1C[C@@H](NC(=O)Nc2c(C)c(OC[C@H](C)O[Si](C)(C)C(C)(C)C)nn2-c2ccccc2)[C@H](c2cc(F)c(F)c(F)c2)C1,6.26,0.0,1
CHEMBL2815,COCCN1C[C@@H](NC(=O)Nc2c(C)c(OC[C@H](COC)O[Si](C)(C)C(C)(C)C)nn2-c2ccccc2)[C@H](c2ccc(F)c(F)c2)C1,6.26,0.0,1
CHEMBL2815,COCCN1C[C@@H](NC(=O)Nc2c(C)c(Oc3ccnc(C(F)(F)F)c3)nn2-c2ccccc2)[C@H](c2ccnc(F)c2)O1,6.26,0.0,1
CHEMBL2815,COCCN1C[C@@H](NC(=O)Nc2c(C)c(Oc3ccnc(F)c3)nn2-c2ccccc2)[C@H](c2ccnc(F)c2)O1,6.26,0.0,1
CHEMBL2815,COCCN1C[C@@H](NC(=O)Nc2c(CO)c(COC)nn2-c2ccccc2)[C@H](c2ccc(F)c(F)c2)C1,6.26,0.0,1
CHEMBL2815,COCCN1C[C@@H](NC(=O)Nc2c(Cl)c(-c3ccccc3)nn2-c2cccnc2)[C@H](c2ccc(F)c(F)c2)C1,6.26,0.0,1
CHEMBL2815,COCCN1C[C@@H](NC(=O)Nc2c(Cl)c(-c3ccccc3)nn2C)[C@H](c2ccc(F)c(F)c2)C1,6.26,0.0,1
CHEMBL2815,COCCN1C[C@@H](NC(=O)Nc2c(Cl)c(-c3cnn(C)c3)nn2C)[C@H](c2ccc(F)c(F)c2)C1,6.26,0.0,1
CHEMBL2815,COCCN1C[C@@H](NC(=O)Nc2c(Cl)c(OCc3ccccc3)nn2C)[C@H](c2ccc(F)c(F)c2)C1,6.26,0.0,1
CHEMBL2815,COCCN1C[C@@H](NC(=O)Nc2c(Cl)c([C@@H]3CCCN3C(=O)OC(C)(C)C)nn2-c2ccccc2)[C@H](c2ccc(F)c(F)c2)C1,6.26,0.0,1
CHEMBL2815,COCCN1C[C@@H](NC(=O)Nc2c(Cl)c([C@H]3CCCN3C(=O)OC(C)(C)C)nn2-c2ccccc2)[C@H](c2ccc(F)c(F)c2)C1,6.26,0.0,1
CHEMBL2815,COCCN1C[C@@H](NC(=O)Nc2c(F)c(-c3cnn(C)c3)nn2-c2ccccc2)[C@H](c2cncc(F)c2)C1,6.26,0.0,1
CHEMBL2815,COCCN1C[C@@H](NC(=O)Nc2c3c(nn2-c2ccccc2)C(=O)N(C)C3)[C@H](c2cc(F)cc(F)c2)C1,6.26,0.0,1
CHEMBL2815,COCCN1C[C@@H](NC(=O)Nc2c3c(nn2-c2ccccc2)C(=O)N(C)C3)[C@H](c2ccc(F)c(F)c2)C1,6.26,0.0,1
CHEMBL2815,COCCN1C[C@@H](NC(=O)Nc2c3c(nn2-c2ccccc2)CCC3)[C@H](c2nccs2)C1,5.26,0.0,1
CHEMBL2815,COCCN1C[C@@H](NC(=O)Nc2c3c(nn2-c2ccccc2)CCC3)[C@](F)(c2ccccc2)C1,6.26,0.0,1
CHEMBL2815,COCCN1C[C@@H](NC(=O)Nc2c3c(nn2-c2ccccc2)CCC3)[C@](O)(c2ccccc2)C1,5.26,0.0,1
CHEMBL2815,COCCN1C[C@@H](NC(=O)Nc2c3c(nn2-c2ccccc2)CN(C(=O)OC(C)(C)C)C3)[C@H](c2ccccc2)C1,5.26,0.0,1
CHEMBL2815,COCCN1C[C@@H](NC(=O)Nc2c3c(nn2-c2ccccc2)CN(C(C)=O)C3)[C@H](c2ccccc2)C1,6.26,0.0,1
CHEMBL2815,COCCN1C[C@@H](NC(=O)Nc2c3c(nn2-c2ccccc2)CNC3)[C@H](c2ccccc2)C1,5.26,0.0,1
CHEMBL2815,COCCN1C[C@@H](NC(=O)Nc2c3c(nn2-c2ccccn2)CCC3)[C@H](c2ccccc2)C1,5.26,0.0,1
CHEMBL2815,COCCN1C[C@@H](NC(=O)Nc2c3c(nn2-c2cccnc2)CCC3)[C@H](c2ccccc2)C1,6.26,0.0,1
CHEMBL2815,COCCN1C[C@@H](NC(=O)Nc2c3c(nn2-c2ccnnc2)CCC3)[C@H](c2ccc(F)c(F)c2)C1,6.26,0.0,1
CHEMBL2815,COCCN1C[C@@H](NC(=O)Nc2c3c(nn2-c2cnn(C)c2)CCC3)[C@H](c2ccccc2)C1,6.26,0.0,1
CHEMBL2815,COCCN1C[C@@H](NC(=O)Nc2c3c(nn2C)CCC3)[C@H](c2ccccc2)C1,5.26,0.0,1
CHEMBL2815,COCCN1C[C@@H](NC(=O)Nc2cc(-c3ccccc3)nn2C)[C@H](c2cccc(C(F)(F)F)c2)C1,6.26,0.0,1
CHEMBL2815,COCCN1C[C@@H](NC(=O)Nc2cc(-c3ccccc3)nn2CCO)[C@H](c2ccc(F)c(F)c2)C1,6.26,0.0,1
CHEMBL2815,COCCN1C[C@@H](NC(=O)Nc2cc(-c3ccccc3OC)nn2C)[C@H](c2ccc(F)c(F)c2)C1,6.26,0.0,1
CHEMBL2815,COCCN1C[C@@H](NC(=O)Nc2cc(C(C)(C)C)nn2-c2ccc(C)cc2)[C@H](c2ccccc2)C1,5.26,0.0,1
CHEMBL2815,COCCN1C[C@@H](NC(=O)Nc2cc(C(C)(C)C)nn2-c2ccc(F)cc2)[C@H](c2ccccc2)C1,6.26,0.0,1
CHEMBL2815,COCCN1C[C@@H](NC(=O)Nc2cc(C(C)(C)C)nn2-c2cccc(F)c2)[C@H](c2ccccc2)C1,6.26,0.0,1
CHEMBL2815,COCCN1C[C@@H](NC(=O)Nc2cc(C(C)(C)C)nn2-c2ccccc2C)[C@H](c2ccccc2)C1,5.26,0.0,1
CHEMBL2815,COCCN1C[C@@H](NC(=O)Nc2cc(C(C)(C)C)nn2-c2ccccc2F)[C@H](c2ccccc2)C1,5.26,0.0,1
CHEMBL2815,COCCN1C[C@@H](NC(=O)Nc2cc(C(C)(C)C)nn2-c2cccnc2)[C@H](c2ccccc2)C1,5.26,0.0,1
CHEMBL2815,COCCN1C[C@@H](NC(=O)Nc2cc(C(C)(C)C)nn2C)[C@H](c2ccccc2)C1,5.26,0.0,1
CHEMBL2815,COCCN1C[C@@H](NC(=O)Nc2cc(C(C)(C)C)nn2C2CCOCC2)[C@H](c2ccccc2)C1,5.26,0.0,1
CHEMBL2815,COCCN1C[C@@H](NC(=O)Nc2cc(C(C)(C)CO)nn2-c2ccccc2)[C@H](c2ccccc2)C1,6.26,0.0,1
CHEMBL2815,COCCN1C[C@@H](NC(=O)Nc2cc(C)nn2C)[C@H](c2ccccc2)C1,5.26,0.0,1
CHEMBL2815,COCCN1C[C@@H](NC(=O)Nc2cc(C3CC3)nn2C)[C@H](c2cc(F)cc(F)c2)C1,6.26,0.0,1
CHEMBL2815,COCCN1C[C@@H](NC(=O)Nc2cc(C3CCNCC3)nn2-c2ccccc2)[C@H](c2ccc(F)c(F)c2)C1,6.26,0.0,1
CHEMBL2815,COCCN1C[C@@H](NC(=O)Nc2cc(COC)nn2-c2ccccc2)[C@H](c2ccccc2)C1,6.26,0.0,1
CHEMBL2815,COCCN1C[C@@H](NC(=O)Nc2cc(COC3CCNCC3)nn2-c2ccccc2)[C@H](c2ccc(F)c(F)c2)C1,6.26,0.0,1
CHEMBL2815,COCCN1C[C@@H](NC(=O)Nc2cc(OCc3ccccc3)nn2C)[C@H](c2ccc(F)c(F)c2)C1,6.26,0.0,1
CHEMBL2815,COCCN1C[C@@H](NC(=O)Nc2ccnn2-c2ccccc2)[C@H](c2ccccc2)C1,6.26,0.0,1
CHEMBL2815,COCCN1C[C@@H](NC(=O)Nc2ccnn2C)[C@H](c2ccccc2)C1,5.26,0.0,1
CHEMBL2815,COCCN1C[C@@H](NC(=O)Nc2cn(-c3ccccc3)nc2C(F)(F)F)[C@H](c2ccc(F)c(F)c2)C1,6.26,0.0,1
CHEMBL2815,COCCN1C[C@@H](c2ccnc(F)c2)[C@H](NC(=O)Nc2c(C)c(-c3cnn(C)c3)nn2-c2ccccc2)O1,7.52,0.0,1
CHEMBL2815,COCCN1C[C@@H](n2ccc(F)c2)[C@H](NC(=O)Nc2c(C)c(-c3cnc(C4(F)COC4)nc3)nn2-c2ccccc2)C1,8.18,0.0,1
CHEMBL2815,COCCN1C[C@H](NC(=O)Nc2c(C)c(-c3cnc(OC)nc3)nn2-c2ccccc2)[C@@H](c2cnc(F)c(F)c2)O1,6.26,0.0,1
CHEMBL2815,COCCN1C[C@H](NC(=O)Nc2c(C)c(OCCF)nn2-c2ccccc2)[C@@H](c2cncc(F)c2)C1,6.26,0.0,1
CHEMBL2815,COCCN1Cc2ccccc2C(NC(=O)Nc2c3c(nn2-c2ccccc2)CCC3)C1,6.26,0.0,1
CHEMBL2815,COCCNC(=O)c1cc(N)cc(Nc2ccc3[nH]cc(C#N)c3c2)c1,7.26,0.0,1
CHEMBL2815,COCCNC(=O)c1cnn2ccc(N3CCCC3c3cc(F)ccc3F)nc12,8.6,0.0,1
CHEMBL2815,COCCNC(=O)c1cnn2ccc(N3CCCC3c3cc(F)cnc3C)nc12,7.16,0.0,1
CHEMBL2815,COCCNCc1ccc(-c2cc3nccc(Oc4ccc(NC(=O)C5(C(=O)Nc6ccc(F)cc6)CC5)cc4F)c3s2)nc1,8.3,0.0,1
CHEMBL2815,COCCO[C@@H]1Cc2ccccc2[C@H]1NC(=O)Nc1c2c(nn1-c1ccccc1)CCC2,6.26,0.0,1
CHEMBL2815,COCCO[C@H]1Cc2ccccc2[C@@H]1NC(=O)Nc1c(Br)c(C)nn1-c1ccccc1,6.26,0.0,1
CHEMBL2815,COCCO[C@H]1Cc2ccccc2[C@@H]1NC(=O)Nc1c(C)c(-c2cnn(C)c2)nn1-c1ccccc1,6.26,0.0,1
CHEMBL2815,COCCO[C@H]1Cc2ccccc2[C@@H]1NC(=O)Nc1c2c(nn1-c1ccccc1)CCC2,6.26,0.0,1
CHEMBL2815,COCCOc1cc(F)cc([C@H]2CCCN2c2ccn3ncc(C(=O)NC4CC4)c3n2)c1,8.27,0.0,1
CHEMBL2815,COCCOc1cc(F)cc([C@H]2CCCN2c2ccn3ncc(C(N)=O)c3n2)c1,7.46,0.0,1
CHEMBL2815,COCCOc1ccc(F)cc1[C@H]1CCCN1c1ccn2ncc(C(=O)NC3CC3)c2n1,7.675,1.9021172413918126,2
CHEMBL2815,COCCOc1ccc(F)cc1[C@H]1CCCN1c1ccn2ncc(C(N)=O)c2n1,8.44,0.0,1
CHEMBL2815,COCCOc1ccnc(C#Cc2ccc3c4c(oc3c2)C(C)(C)c2cc(OCCN3CCOCC3)ccc2C4=O)c1,7.82,0.0,1
CHEMBL2815,COCCOc1nn(-c2ccccc2)c(NC(=O)N[C@@H]2CN(CC#N)C[C@H]2c2ccc(F)c(F)c2)c1C,6.26,0.0,1
CHEMBL2815,COCC[C@@H]1C[C@@H](NC(=O)Nc2c(C)c(-c3cnc(C)nc3)nn2-c2ccccc2)[C@H](c2ccc(F)c(F)c2)O1,8.6,0.0,1
CHEMBL2815,COCC[C@@H]1C[C@@H](NC(=O)Nc2c(C)c(-c3cnc(C)nc3)nn2-c2ccccc2)[C@H](c2ccnc(F)c2)O1,7.955,0.19091883092036754,2
CHEMBL2815,COCC[C@@H]1C[C@@H](NC(=O)Nc2c(C)c(-c3cnc(OC)nc3)nn2-c2ccccc2)[C@H](c2ccnc(F)c2)O1,8.33,0.0,1
CHEMBL2815,COCC[C@@H]1C[C@@H](NC(=O)Nc2c(C)c(-c3cnc4c(c3)CC(=O)N4C)nn2-c2ccccc2)[C@H](c2ccnc(F)c2)O1,8.77,0.0,1
CHEMBL2815,COCC[C@@H]1C[C@@H](NC(=O)Nc2c(C)c(-c3cnc4c(c3)nnn4C)nn2-c2ccccc2)[C@H](c2ccnc(F)c2)O1,8.52,0.0,1
CHEMBL2815,COCC[C@@H]1C[C@@H](NC(=O)Nc2c(C)c(-c3cnc4c(cnn4C)c3)nn2-c2ccccc2)[C@H](c2ccnc(F)c2)O1,8.85,0.0,1
CHEMBL2815,COCC[C@@H]1C[C@@H](NC(=O)Nc2c(C)c(-c3cnn(C)c3)nn2-c2ccccc2)[C@H](c2ccc(F)c(F)c2)O1,8.54,0.0,1
CHEMBL2815,COCC[C@@H]1C[C@@H](NC(=O)Nc2c(C)c(-c3cnn(C)c3)nn2-c2ccccn2)[C@H](c2ccc(F)c(F)c2)O1,6.26,0.0,1
CHEMBL2815,COCC[C@@H]1O[C@@H](NC(=O)Nc2c(C)c(-c3cnn(C)c3)nn2-c2ccccc2)[C@H](c2ccccc2)O1,8.21,0.0,1
CHEMBL2815,COCC[C@H]1C[C@H](NC(=O)Nc2c(C)c(C3=CCN(C(=O)CO)CC3)nn2-c2ccccc2)[C@@H](c2ccc(F)c(F)c2)O1,6.26,0.0,1
CHEMBL2815,COCCn1cc(-c2cnn3ccc(N[C@H](C)c4cc(F)ccc4F)nc23)cn1,9.4,0.0,1
CHEMBL2815,COCCn1nc(C(C)(C)C)nc1CC(=O)Nc1cncc(C(=O)c2cn(C(C)C)c3ccncc23)c1,6.28,0.0,1
CHEMBL2815,COCCn1nc(Nc2n[nH]c3ccc(Cc4cc(F)cc(F)c4)cc23)c2ccc(N3CCN(C)CC3)cc21,7.1,0.0,1
CHEMBL2815,COC[C@@H](N1C[C@@H](NC(=O)Nc2c(C)c(OC[C@H](C)O)nn2-c2ccccc2)[C@H](c2ccc(F)c(F)c2)C1)C(F)(F)F,6.26,0.0,1
CHEMBL2815,COCc1cc(C(=O)Nc2cncc(C(=O)c3cn(C(C)C)c4ncncc34)c2)nn1C,6.5,0.0,1
CHEMBL2815,COCc1cc(C(=O)Nc2cncc(C(=O)c3cn(C(C)C)c4ncncc34)c2)no1,6.28,0.0,1
CHEMBL2815,COCc1ccc(CC(=O)Nc2cncc(C(=O)c3cn(C)c4ncncc34)c2)cc1,5.01,0.0,1
CHEMBL2815,COCc1ccc(OC(F)(F)F)c(CNC(=O)Nc2c(-c3ccccc3)nc3c(C)nccn23)c1,8.185,0.3181980515339468,2
CHEMBL2815,COCc1ccc2c(c1)C(NC(=O)Nc1c(C)c(-c3cnn(C)c3)nn1-c1ccccc1)CC1(CCC1)O2,6.26,0.0,1
CHEMBL2815,COCc1ccc2c(c1)c1c3c(c4c5cc(COC)ccc5n5c4c1n2[C@H]1C[C@](O)(C(=O)OC)[C@]5(C)O1)CNC3=O,6.57,0.0,1
CHEMBL2815,COCc1cn(CC(=O)Nc2cncc(C(=O)c3cn(C(C)C)c4ccncc34)c2)nn1,6.04,0.0,1
CHEMBL2815,COCc1nc(CC(=O)Nc2cc(C(=O)c3cn(C(C)C)c4ccncc34)ccn2)c(C2CC2)o1,6.45,0.0,1
CHEMBL2815,COCc1nc(CC(=O)Nc2cncc(C(=O)c3cn(C(C)C)c4ccncc34)c2)c(C2CC2)o1,6.74,0.0,1
CHEMBL2815,CONC(=O)c1cn(-c2ccc3c(c2)CCC3)c2nc(Nc3ccc(C4CCN(C)CC4)cc3)ncc2c1=O,6.3,0.0,1
CHEMBL2815,CONC(=O)c1cnn2ccc(N3CCCC3c3cc(F)cnc3CO)nc12,8.75,0.0,1
CHEMBL2815,CONC(=O)c1cnn2ccc(N3CCC[C@@H]3c3cc(F)ccc3F)nc12,9.22,0.0,1
CHEMBL2815,CONC(=O)c1cnn2ccc(N3CCC[C@@H]3c3cc(F)cnc3CO)nc12,8.75,0.0,1
CHEMBL2815,CONC(=O)c1cnn2ccc(N3CCC[C@@H]3c3cccc(F)c3)nc12,8.16,0.0,1
CHEMBL2815,CONC(=O)c1cnn2ccc(N3CCC[C@@H]3c3cncc(F)c3)nc12,7.31,0.0,1
CHEMBL2815,CO[C@@H](C(=O)N1Cc2[nH]nc(NC(=O)c3ccc(N4CCN(C)CC4)cc3)c2C1)c1ccccc1,7.52,0.0,1
CHEMBL2815,CO[C@@H](C)CN1C[C@@H](NC(=O)Nc2c3c(nn2-c2ccccc2)CCC3)[C@H](c2ccccc2)C1,5.26,0.0,1
CHEMBL2815,CO[C@H](C(=O)N1Cc2[nH]nc(NC(=O)c3ccc(N4CCN(C)CC4)cc3)c2C1)c1ccccc1,7.51,0.0,1
CHEMBL2815,CO[C@H]1CC[C@H](NC(=O)c2cnc3ccc(NCc4cccc(F)c4)nn23)CC1,8.52,0.0,1
CHEMBL2815,CO[C@H]1CC[C@H](NC(=O)c2cnn3ccc(N(C)Cc4cccc(F)c4)nc23)CC1,8.96,0.0,1
CHEMBL2815,CO[C@H]1CC[C@H](NC(=O)c2cnn3ccc(NCc4cccc(F)c4)nc23)CC1,8.82,0.0,1
CHEMBL2815,CO[C@H]1Cc2ccccc2[C@@H]1NC(=O)Nc1c2c(nn1-c1ccccc1)CCC2,6.26,0.0,1
CHEMBL2815,CO[C@]1(CO)C[C@H]2O[C@]1(C)n1c3ccccc3c3c4c(c5c6ccccc6n2c5c31)C(=O)NC4,8.54,0.0,1
CHEMBL2815,COc1c(Nc2cc(C)[nH]n2)nc(Sc2ccc(S(=O)(=O)Cc3cccc([N+](=O)[O-])c3F)cc2F)nc1N1CCOCC1,7.235,0.007071067811865324,2
CHEMBL2815,COc1cc(-c2cn(CC(=O)Nc3cc(C4CC4)nn3-c3ccccc3)nn2)ccc1-n1cnc(C)c1,6.18,0.0,1
CHEMBL2815,COc1cc(-c2cnc3ccc(NC(=O)NC(C)(C)C)nc3c2)ccc1O,4.09,0.0,1
CHEMBL2815,COc1cc(C(=O)Nc2cncc(C(=O)c3cn(C(C)C)c4ncncc34)c2)nc2c(C)nccc12,6.93,0.0,1
CHEMBL2815,COc1cc(C(C)n2c(N)nc3cc(-c4cn[nH]c4)cnc32)ccc1OCc1ccc(C(F)(F)F)cc1,9.0,0.0,1
CHEMBL2815,COc1cc(C(C)n2c(N)nc3cc(-c4cnn(C)c4)cnc32)ccc1OCc1ccc(C(F)(F)F)cc1,9.52,0.0,1
CHEMBL2815,COc1cc(C(C)n2c(N)nc3cc(-c4cnn(C)c4)cnc32)ccc1OCc1ccc(C(F)(F)F)nc1,7.875,2.1566756826189706,2
CHEMBL2815,COc1cc(C(C)n2c(N)nc3cc(-c4cnn(CCO)c4)cnc32)ccc1OCc1ccc(C(F)(F)F)cc1,9.4,0.0,1
CHEMBL2815,COc1cc(C(C)n2c(N)nc3cc(-c4cnn(CCO)c4)cnc32)ccc1OCc1ccc(C(F)(F)F)nc1,6.8,0.0,1
CHEMBL2815,COc1cc(C(C)n2c(N)nc3cc(C#CCCO)cnc32)ccc1OCc1ccc(C(F)(F)F)nc1,7.835,1.6475588001646557,2
CHEMBL2815,COc1cc(C(C)n2cnc3cc(-c4ccc(F)cc4)ccc32)ccc1OCc1ccc(C(F)(F)F)nc1,5.91,0.0,1
CHEMBL2815,COc1cc(C(C)n2cnc3cc(-c4cnn(C)c4)ccc32)ccc1OCc1ccc(C(F)(F)F)nc1,6.99,0.0,1
CHEMBL2815,COc1cc(C(C)n2cnc3cc(-c4cnn(C)c4)cnc32)ccc1OCc1ccc(C(F)(F)F)nc1,7.805,0.48790367901871773,2
CHEMBL2815,COc1cc(C(C)n2cnc3cc(C#CCCO)ccc32)ccc1OCc1ccc(C(F)(F)F)nc1,6.16,0.0,1
CHEMBL2815,COc1cc(CC(=O)Nc2cncc(C(=O)c3cn(C(C)C)c4ncncc34)c2)ccc1C#N,7.19,0.0,1
CHEMBL2815,COc1cc(Cn2c(N)nc3cc(-c4cnn(C)c4)cnc32)ccc1OCc1ccc(C(C)C)nc1,9.7,0.0,1
CHEMBL2815,COc1cc(Cn2c(N)nc3cc(-c4cnn(C)c4)cnc32)ccc1OCc1ccc(C(F)(F)C(F)(F)F)cc1,9.52,0.0,1
CHEMBL2815,COc1cc(Cn2c(N)nc3cc(-c4cnn(C)c4)cnc32)ccc1OCc1ccc(C(F)(F)F)cc1,9.7,0.0,1
CHEMBL2815,COc1cc(Cn2c(N)nc3cc(-c4cnn(C)c4)cnc32)ccc1OCc1ccc(C(F)(F)F)nc1,9.7,0.0,1
CHEMBL2815,COc1cc(Cn2c(N)nc3cc(-c4cnn(C)c4)cnc32)ccc1OCc1ccc(C2CC2)nc1,9.7,0.0,1
CHEMBL2815,COc1cc(Cn2c(N)nc3cc(-c4cnn(C)c4)cnc32)ccc1OCc1ccc(CC(F)(F)F)cc1,9.7,0.0,1
CHEMBL2815,COc1cc(Cn2c(N)nc3cc(-c4cnn(C)c4)cnc32)ccc1OCc1ccc(OC(F)(F)F)cc1,9.7,0.0,1
CHEMBL2815,COc1cc(Cn2c(N)nc3cc(-c4cnn(C)c4)cnc32)ccc1OCc1ccc(SC(F)(F)F)cc1,9.7,0.0,1
CHEMBL2815,COc1cc(Cn2c(N)nc3cc(-c4cnn(C)c4)cnc32)ccc1OCc1csc(C(F)(F)F)n1,9.7,0.0,1
CHEMBL2815,COc1cc(Cn2c(N)nc3cc(-c4cnn(C)c4)cnc32)ccc1OCc1csc(C)n1,9.3,0.0,1
CHEMBL2815,COc1cc(Cn2cnc3cc(-c4cnn(C5CCNCC5)c4)cnc32)ccc1OCc1ccc(C)nc1,9.05,0.0,1
CHEMBL2815,COc1cc(Cn2cnc3cc(C#CCCO)cnc32)ccc1OCc1ccc(C(F)F)nc1,7.77,0.0,1
CHEMBL2815,COc1cc(F)cc(CNc2ccc3[nH]nc(/C=C/c4ccccn4)c3c2)c1,8.51,0.0,1
CHEMBL2815,COc1cc(F)cc2ccn(CC(=O)Nc3cncc(C(=O)c4cn(C(C)C)c5ncncc45)c3)c12,7.43,0.0,1
CHEMBL2815,COc1cc(N)cc(-c2cnc3[nH]cc(-c4ccncc4)c3c2)c1,7.73,0.0,1
CHEMBL2815,COc1cc(NC(=O)Nc2cc(C(C)(C)C)nn2-c2ccccc2)ccc1Nc1ncnc2c1OC(C)(C)C(=O)N2,7.3,0.0,1
CHEMBL2815,COc1cc(NC(=O)Nc2cnc(Nc3ccc(N4CCOCC4)cc3)nc2Oc2ccc(C)cc2OC)cc(OC)c1,5.07,0.0,1
CHEMBL2815,COc1cc(NC(=O)Nc2cnc3ccc(N4CCC[C@@H]4c4cc(F)ccc4F)nn23)cc(OC)c1OC,6.75,0.0,1
CHEMBL2815,COc1cc(NC(=O)c2cc(N)cc(Nc3ccc4[nH]cc(C#N)c4c3)c2)cc(OC)c1,7.89,0.0,1
CHEMBL2815,COc1cc(NC(=O)c2cc(N)cc(Nc3ccc4[nH]cc(C#N)c4c3)c2)cc(OC)c1OC,8.05,0.0,1
CHEMBL2815,COc1cc(NC(=O)c2cc(N)cc(Nc3ccc4[nH]cc(C#N)c4c3)c2)ccc1F,7.58,0.0,1
CHEMBL2815,COc1cc(Nc2c(C#N)cnc3cc(OCCCN4CCN(C)CC4)c(OC)cc23)c(Cl)cc1Cl,7.66,0.0,1
CHEMBL2815,COc1cc(Nc2nccc(-c3cc(C(=O)N[C@@H](C)CN4CCC4)n(C)n3)n2)cc(OC)c1,6.16,0.0,1
CHEMBL2815,COc1cc(Nc2ncnc3c2OC(C)(C)C(=O)N3)ccc1NC(=O)Nc1cc(C(C)(C)C)nn1-c1ccccc1,7.42,0.0,1
CHEMBL2815,COc1cc(OC)c(F)c(N2Cc3cnc4[nH]ccc4c3N(C)C2=O)c1F,6.34,0.0,1
CHEMBL2815,COc1cc(OC)nc(C(=O)Nc2cncc(C(=O)c3cn(C(C)C)c4ncncc34)c2)n1,6.73,0.0,1
CHEMBL2815,COc1cc([C@@H](C)n2c(N)nc3cc(-c4cnn(C)c4)cnc32)ccc1OCc1ccc(C(F)(F)F)cc1,8.225000000000001,0.10606601717798302,2
CHEMBL2815,COc1cc([C@H](C)n2c(N)nc3cc(-c4cnn(C)c4)cnc32)ccc1OCc1ccc(C(F)(F)F)cc1,8.91,0.8626702730475871,2
CHEMBL2815,COc1cc2c(Oc3ccc(NC(=O)C4(C(=O)Nc5ccc(F)cc5)CC4)cc3F)ccnc2cc1OCCCN1CCOCC1,8.53,0.0,1
CHEMBL2815,COc1cc2c(cn1)C(Oc1ccc(Cn3c(N)nc4cc(-c5cnn(C)c5)cnc43)cc1OC)CCC2,7.41,0.0,1
CHEMBL2815,COc1cc2nccc(Oc3ccc(NC(=O)C4(C(=O)Nc5ccc(F)cc5)CC4)cc3)c2cc1OC,7.119999999999999,0.028284271247461613,2
CHEMBL2815,COc1ccc(-c2ccnc3c(-c4noc(C)n4)c(C)nn23)cc1,6.48,0.0,1
CHEMBL2815,COc1ccc(-c2ccnc3c(/C(N)=N/O)c(C)nn23)cc1,6.78,0.0,1
CHEMBL2815,COc1ccc(-c2ccnc3c(C#N)c(C)nn23)cc1,5.74,0.0,1
CHEMBL2815,COc1ccc(-c2ccnc3c(C(N)=O)c(C)nn23)cc1,6.22,0.0,1
CHEMBL2815,COc1ccc(-c2cnc3[nH]cc(-c4ccncc4)c3c2)cc1N,7.48,0.0,1
CHEMBL2815,COc1ccc(-c2cnc3c(c2)ncn3Cc2ccc(OC(C)c3ccc(OC)nc3)c(OC)c2)cn1,6.8,0.0,1
CHEMBL2815,COc1ccc(-c2cncc(Oc3cccc(NC(=O)Nc4cc(C(C)(C)C)on4)c3)n2)cc1,7.33,0.0,1
CHEMBL2815,COc1ccc(-c2cncc(Oc3cccc(NC(=O)Nc4ccc(C(C)C)cc4)c3)n2)cc1,6.42,0.0,1
CHEMBL2815,COc1ccc(-c2cncc(Oc3cccc(NC(=O)Nc4cccc(C(F)(F)F)c4)c3)n2)cc1,5.8,0.0,1
CHEMBL2815,COc1ccc(-n2ncc3c(=O)n(CC(=O)Nc4cc(C(F)(F)F)ccc4Cl)cnc32)cc1,6.055,1.3222896808188436,2
CHEMBL2815,COc1ccc(C(=O)Nc2cncc(C(=O)c3cn(C(C)C)c4ncncc34)c2)nc1,6.1,0.0,1
CHEMBL2815,COc1ccc(C(C)Oc2ccc(Cn3cnc4cc(-c5ccnc(F)c5)cnc43)cc2OC)cn1,6.67,0.0,1
CHEMBL2815,COc1ccc(C(C)Oc2ccc(Cn3cnc4cc(-c5ccnn5C)cnc43)cc2OC)cn1,6.35,0.0,1
CHEMBL2815,COc1ccc(C(C)Oc2ccc(Cn3cnc4cc(-c5cnn(C)c5)cnc43)cc2OC)cn1,7.46,0.0,1
CHEMBL2815,COc1ccc(C(Oc2ccc(Cn3c(N)nc4cc(-c5cnn(C)c5)cnc43)cc2OC)C2CC2)cn1,7.24,0.0,1
CHEMBL2815,COc1ccc(CC(=O)Nc2cc(C(=O)c3cn(C(C)C)c4ccncc34)ccn2)cc1,7.29,0.0,1
CHEMBL2815,COc1ccc(CC(=O)Nc2cncc(C(=O)c3cn(C(C)C)c4ccncc34)c2)cc1,6.83,0.0,1
CHEMBL2815,COc1ccc(CC(=O)Nc2cncc(C(=O)c3cn(C(C)C)c4ncncc34)c2)cn1,7.08,0.0,1
CHEMBL2815,COc1ccc(CC(=O)Nc2cncc(C(=O)c3cn(C)c4ncncc34)c2)cc1,5.51,0.0,1
CHEMBL2815,COc1ccc(COc2cc(F)c(Cn3cnc4cc(N5CCN(C)CC5)ccc43)cc2OC)cn1,6.07,0.0,1
CHEMBL2815,COc1ccc(COc2ccc(C(C)n3c(N)nc4cc(-c5ccc(F)cc5)ccc43)cc2OC)cn1,7.07,0.0,1
CHEMBL2815,COc1ccc(COc2ccc(C(C)n3c(N)nc4cc(-c5cnn(C)c5)ccc43)cc2OC)cn1,8.52,0.0,1
CHEMBL2815,COc1ccc(COc2ccc(Cc3cnc(N)nc3N)cc2OC)cc1,6.06,0.0,1
CHEMBL2815,COc1ccc(COc2ccc(Cn3c(N)nc4cc(-c5c(C)nn(C)c5C)cnc43)cc2OC)cn1,7.85,0.0,1
CHEMBL2815,COc1ccc(COc2ccc(Cn3c(N)nc4cc(-c5ccc(F)cc5)cnc43)cc2OC)cn1,8.05,0.0,1
CHEMBL2815,COc1ccc(COc2ccc(Cn3c(N)nc4cc(-c5ccc(P(C)(C)=O)nc5)ccc43)cc2OC)cc1,8.15,0.0,1
CHEMBL2815,COc1ccc(COc2ccc(Cn3c(N)nc4cc(-c5ccc(P(C)(C)=O)nc5)cnc43)cc2OC)cc1,9.3,0.0,1
CHEMBL2815,COc1ccc(COc2ccc(Cn3c(N)nc4cc(-c5ccccc5)cnc43)cc2OC)cn1,8.22,0.0,1
CHEMBL2815,COc1ccc(COc2ccc(Cn3c(N)nc4cc(-c5ccccn5)cnc43)cc2OC)cn1,8.4,0.0,1
CHEMBL2815,COc1ccc(COc2ccc(Cn3c(N)nc4cc(-c5cccnc5)cnc43)cc2OC)cn1,8.3,0.0,1
CHEMBL2815,COc1ccc(COc2ccc(Cn3c(N)nc4cc(-c5ccn(C)n5)cnc43)cc2OC)cn1,8.52,0.0,1
CHEMBL2815,COc1ccc(COc2ccc(Cn3c(N)nc4cc(-c5ccncc5)ccc43)cc2OC)cc1,8.1,0.0,1
CHEMBL2815,COc1ccc(COc2ccc(Cn3c(N)nc4cc(-c5ccncc5)cnc43)cc2OC)cn1,8.7,0.0,1
CHEMBL2815,COc1ccc(COc2ccc(Cn3c(N)nc4cc(-c5cncnc5)ccc43)cc2OC)cc1,7.07,0.0,1
CHEMBL2815,COc1ccc(COc2ccc(Cn3c(N)nc4cc(-c5cncnc5)cnc43)cc2OC)cn1,7.29,0.0,1
CHEMBL2815,COc1ccc(COc2ccc(Cn3c(N)nc4cc(-c5cnn(C)c5)ccc43)cc2OC)cc1,9.26,0.3676955262170044,2
CHEMBL2815,COc1ccc(COc2ccc(Cn3c(N)nc4cc(-c5cnn(C)c5)cnc43)cc2OC)cc1,9.52,0.0,1
CHEMBL2815,COc1ccc(COc2ccc(Cn3c(N)nc4cc(-c5cnn(C)c5)cnc43)cc2OC)cn1,9.22,0.0,1
CHEMBL2815,COc1ccc(COc2ccc(Cn3c(N)nc4cc(-c5cnn(CCN6CCOCC6)c5)ccc43)cc2OC)cc1,8.52,0.0,1
CHEMBL2815,COc1ccc(COc2ccc(Cn3c(N)nc4cc(C#CC5CCCCC5)cnc43)cc2OC)cn1,7.19,0.0,1
CHEMBL2815,COc1ccc(COc2ccc(Cn3c(N)nc4cc(C#CCCO)cnc43)cc2OC)cn1,8.15,0.0,1
CHEMBL2815,COc1ccc(COc2ccc(Cn3c(N)nc4cc(N5CCN(C)CC5)ccc43)cc2OC)cn1,6.23,0.0,1
CHEMBL2815,COc1ccc(COc2ccc(Cn3c(N)nc4cc(N5CCN(C)CC5=O)ccc43)cc2OC)cn1,5.05,0.0,1
CHEMBL2815,COc1ccc(COc2ccc(Cn3cnc4cc(-c5ccnnc5)ccc43)cc2OC)cn1,6.08,0.0,1
CHEMBL2815,COc1ccc(COc2ccc(Cn3cnc4cc(-c5cnn(C6CCNCC6)c5)ccc43)cc2OC)cn1,8.22,0.0,1
CHEMBL2815,COc1ccc(COc2ccc(Cn3cnc4cc(-c5cnn(C6CCNCC6)c5)cnc43)cc2OC)cn1,9.0,0.0,1
CHEMBL2815,COc1ccc(COc2ccc(Cn3cnc4cc(-c5nnc(C6CCCNC6)o5)ccc43)cc2OC)cn1,6.36,0.0,1
CHEMBL2815,COc1ccc(COc2ccc(Cn3cnc4cc(-c5nnc(C6CCNCC6)o5)cnc43)cc2OC)cn1,7.29,0.0,1
CHEMBL2815,COc1ccc(COc2ccc(Cn3cnc4cc(-c5noc(C6CCNCC6)n5)ccc43)cc2OC)cn1,6.51,0.0,1
CHEMBL2815,COc1ccc(COc2ccc(Cn3cnc4cc(-c5noc(C6CCNCC6)n5)cnc43)cc2OC)cn1,7.58,0.0,1
CHEMBL2815,COc1ccc(COc2ccc(Cn3cnc4cc(-n5cc(C(C)(C)N)nn5)cnc43)cc2OC)cn1,7.06,0.0,1
CHEMBL2815,COc1ccc(COc2ccc(Cn3cnc4cc(-n5cc(C6CCCNC6)nn5)ccc43)cc2OC)cn1,6.76,0.0,1
CHEMBL2815,COc1ccc(COc2ccc(Cn3cnc4cc(-n5cc(C6CCCNC6)nn5)cnc43)cc2OC)cn1,7.5,0.0,1
CHEMBL2815,COc1ccc(COc2ccc(Cn3cnc4cc(C5=CC6(C)CCCN5C6)ccc43)cc2OC)cn1,5.83,0.0,1
CHEMBL2815,COc1ccc(COc2ccc(Cn3cnc4cc(C5=CC6(C)CCCN5C6)cnc43)cc2OC)cn1,6.7,0.0,1
CHEMBL2815,COc1ccc(COc2ccc(Cn3cnc4cc(C5=CC6(O)CCCN5C6)ccc43)cc2OC)cn1,5.94,0.0,1
CHEMBL2815,COc1ccc(COc2ccc(Cn3cnc4cc(C5=CC6(O)CCCN5C6)cnc43)cc2OC)cn1,6.44,0.0,1
CHEMBL2815,COc1ccc(COc2ccc(Cn3cnc4cc(C5CCNCC5)ccc43)cc2OC)cn1,4.96,0.0,1
CHEMBL2815,COc1ccc(COc2ccc(Cn3cnc4cc(C5CCOCC5)ccc43)cc2OC)cn1,6.1,0.0,1
CHEMBL2815,COc1ccc(COc2ccc(Cn3cnc4cc(N5CC6(CCNCC6)C5)ccc43)cc2OC)cn1,6.87,0.0,1
CHEMBL2815,COc1ccc(COc2ccc(Cn3cnc4cc(N5CC6(CCNCC6)C5)cnc43)cc2OC)cn1,7.6,0.0,1
CHEMBL2815,COc1ccc(COc2ccc(Cn3cnc4cc(N5CCC(C(C)(C)N)CC5)ccc43)cc2OC)cn1,6.19,0.0,1
CHEMBL2815,COc1ccc(COc2ccc(Cn3cnc4cc(N5CCC(C(C)(C)N)CC5)cnc43)cc2OC)cn1,7.27,0.0,1
CHEMBL2815,COc1ccc(COc2ccc(Cn3cnc4cc(N5CCC(N)CC5)ccc43)cc2OC)cn1,5.99,0.0,1
CHEMBL2815,COc1ccc(COc2ccc(Cn3cnc4cc(N5CCC(N)CC5)cnc43)cc2OC)cn1,6.63,0.0,1
CHEMBL2815,COc1ccc(COc2ccc(Cn3cnc4cc(N5CCC[C@H]5C(=O)O)cnc43)cc2OC)cn1,8.1,0.0,1
CHEMBL2815,COc1ccc(COc2ccc(Cn3cnc4cc(N5CCN(C)CC5)ccc43)cc2OC)cn1,5.95,0.0,1
CHEMBL2815,COc1ccc(COc2ccc(Cn3cnc4cc(N5CCN(C)CC5)cnc43)cc2OC)cn1,6.609999999999999,0.19798989873223316,2
CHEMBL2815,COc1ccc(COc2ccc(Cn3cnc4cc(N5CCN(C)CC5=O)ccc43)cc2OC)cn1,5.135,0.12020815280171303,2
CHEMBL2815,COc1ccc(COc2ccc(Cn3cnc4cc(N5CCN(C6CC6)CC5)cnc43)cc2OC)cn1,6.95,0.0,1
CHEMBL2815,COc1ccc(COc2ccc(Cn3cnc4cc(N5CCN6CCC5CC6)cnc43)cc2OC)cn1,6.33,0.0,1
CHEMBL2815,COc1ccc(COc2ccc(Cn3cnc4cc(N5CCOCC5)cnc43)cc2OC)cn1,7.05,0.0,1
CHEMBL2815,COc1ccc(Cl)cc1NC(=O)Nc1ccc2nc(NC(=O)c3ccccc3)sc2c1,6.75,0.0,1
CHEMBL2815,COc1ccc(F)cc1CNc1ccc2[nH]nc(-c3ccc(F)cc3)c2c1,5.87,0.0,1
CHEMBL2815,COc1ccc(F)cc1CNc1ccc2[nH]nc(-c3cccc(F)c3)c2c1,6.44,0.0,1
CHEMBL2815,COc1ccc(F)cc1CNc1ccc2[nH]nc(-c3cn[nH]c3)c2c1,6.96,0.0,1
CHEMBL2815,COc1ccc(F)cc1CNc1ccc2[nH]nc(-n3cc(C(F)(F)F)cn3)c2c1,5.24,0.0,1
CHEMBL2815,COc1ccc(F)cc1CNc1ccc2[nH]nc(-n3cc(F)cn3)c2c1,6.46,0.0,1
CHEMBL2815,COc1ccc(F)cc1CNc1ccc2[nH]nc(-n3cccn3)c2c1,6.26,0.0,1
CHEMBL2815,COc1ccc(F)cc1CNc1ccc2[nH]nc(-n3cnc(C(F)(F)F)c3)c2c1,6.24,0.0,1
CHEMBL2815,COc1ccc(F)cc1CNc1ccc2[nH]nc(C#N)c2c1,6.77,0.0,1
CHEMBL2815,COc1ccc(F)cc1CNc1ccc2[nH]nc(C(=O)N3CCC(F)(F)C3)c2c1,4.48,0.0,1
CHEMBL2815,COc1ccc(F)cc1CNc1ccc2[nH]nc(C(=O)NC3CC3)c2c1,5.44,0.0,1
CHEMBL2815,COc1ccc(F)cc1CNc1ccc2[nH]nc(C(=O)NCC(F)F)c2c1,5.07,0.0,1
CHEMBL2815,COc1ccc(F)cc1CNc1ccc2[nH]nc(C(=O)NO)c2c1,5.32,0.0,1
CHEMBL2815,COc1ccc(F)cc1CNc1ccc2[nH]nc(C(N)=O)c2c1,6.17,0.0,1
CHEMBL2815,COc1ccc(F)cc1CNc1ccc2c(c1)/C(=C/c1cnc[nH]1)C(=O)N2,7.85,0.0,1
CHEMBL2815,COc1ccc(F)cc1[C@H]1CCCN1c1ccn2ncc(NC(=O)N3CCCC(O)C3)c2n1,7.99,0.0,1
CHEMBL2815,COc1ccc(F)cc1[C@H]1CCCN1c1ccn2ncc(NC(=O)N3CCC[C@H](O)C3)c2n1,7.99,0.0,1
CHEMBL2815,COc1ccc(F)cc1[C@H]1CCCN1c1ccn2ncc(NC(=O)N3CC[C@H](O)C3)c2n1,7.95,0.0,1
CHEMBL2815,COc1ccc(N)cc1-c1cnc2[nH]cc(-c3ccncc3)c2c1,6.96,0.0,1
CHEMBL2815,COc1ccc(NC(=O)Nc2cnc3ccc(N4CCC[C@@H]4c4cc(F)ccc4F)nn23)cc1,8.26,0.0,1
CHEMBL2815,COc1ccc(NC(=O)Nc2cnn3ccc(N4CCC[C@@H]4c4cc(F)ccc4F)nc23)cc1,8.32,0.0,1
CHEMBL2815,COc1ccc(NC(=O)c2cc(CNc3nc(Nc4cc(C)[nH]n4)c4cnn(C5CCOCC5)c4n3)ccc2Cl)cc1OC,5.85,0.0,1
CHEMBL2815,COc1ccc(NC(=O)c2cc(N)cc(Nc3ccc4[nH]cc(C#N)c4c3)c2)c(OC)c1,8.05,0.0,1
CHEMBL2815,COc1ccc(NC(=O)c2cc(N)cc(Nc3ccc4[nH]cc(C#N)c4c3)c2)cc1,7.565,0.9263098833543776,2
CHEMBL2815,COc1ccc(NC(=O)c2cc(N)cc(Nc3ccc4[nH]cc(C#N)c4c3)c2)cc1OC,7.984999999999999,1.0111626970967629,2
CHEMBL2815,COc1ccc(Nc2snc(SCc3ccc(Cl)cc3)c2C(N)=O)cn1,6.75,0.0,1
CHEMBL2815,COc1ccc2[nH]c(C(=O)Nc3cncc(C(=O)c4cn(C(C)C)c5ncncc45)c3)nc2c1,7.44,0.0,1
CHEMBL2815,COc1ccc2[nH]c(C)c(CC(=O)Nc3cncc(C(=O)c4cn(C(C)C)c5ncncc45)c3)c2c1,6.88,0.0,1
CHEMBL2815,COc1ccc2[nH]cc(/C=C3\C(=O)Nc4ccc(S(N)(=O)=O)cc43)c2c1,8.07,0.0,1
CHEMBL2815,COc1ccc2[nH]cc(/C=C3\C(=O)Nc4ccccc43)c2c1,7.57,0.0,1
CHEMBL2815,COc1ccc2[nH]cc(CC(=O)Nc3cncc(C(=O)c4cn(C(C)C)c5ncncc45)c3)c2c1,7.17,0.0,1
CHEMBL2815,COc1ccc2c(c1)-c1c(n(C)c3ccccc3c1=O)C2=O,4.84,0.0,1
CHEMBL2815,COc1ccc2c(c1)C(=O)c1c-2c(=O)c2ccccc2n1C,5.18,0.0,1
CHEMBL2815,COc1ccc2c(c1)C(=O)c1c-2c(=O)c2ccccc2n1Cc1ccccc1,4.79,0.0,1
CHEMBL2815,COc1ccc2c(c1)CCCC2NC(=O)Nc1c(C)c(-c2cnn(C)c2)nn1-c1ccccc1,6.26,0.0,1
CHEMBL2815,COc1ccc2c(c1)[C@]1(C[C@H]1c1ccc3c(/C=C/c4ccc(CN5C[C@@H](C)O[C@@H](C)C5)cc4)n[nH]c3c1)C(=O)N2,8.22,0.0,1
CHEMBL2815,COc1ccc2c(c1)c(/C=C1\C(=O)Nc3ccc(S(=O)(=O)N(C)C)cc31)cn2C,8.0,0.0,1
CHEMBL2815,COc1ccc2c(c1)c(/C=C1\C(=O)Nc3ccc(S(N)(=O)=O)cc31)cn2C,8.42,0.0,1
CHEMBL2815,COc1ccc2c(ccn2CC(=O)Nc2cncc(C(=O)c3cn(C(C)C)c4ncncc34)c2)c1,6.35,0.0,1
CHEMBL2815,COc1ccc2c(ccn2CC(=O)Nc2cncc(C(=O)c3cn(C(C)C)c4ncncc34)c2)n1,5.41,0.0,1
CHEMBL2815,COc1ccc2ncc(C(=O)Nc3cncc(C(=O)c4cn(C(C)C)c5ncncc45)c3)cc2c1,6.81,0.0,1
CHEMBL2815,COc1cccc(-c2cnc3[nH]cc(-c4ccncc4)c3c2)c1,7.64,0.0,1
CHEMBL2815,COc1cccc(C(=O)Nc2cnn3ccc(N4CCC[C@@H]4c4cccc(F)c4)nc23)n1,8.13,0.0,1
CHEMBL2815,COc1cccc(C2CN(CC(F)(F)F)C[C@H]2NC(=O)Nc2c3c(nn2-c2ccccc2)CCC3)c1,6.26,0.0,1
CHEMBL2815,COc1cccc(CC(=O)Nc2cc(C(=O)c3cn(C(C)C)c4ccncc34)ccn2)c1,6.19,0.0,1
CHEMBL2815,COc1cccc(CC(=O)Nc2cncc(C(=O)c3cn(C(C)C)c4ccncc34)c2)c1,7.02,0.0,1
CHEMBL2815,COc1cccc(CC(=O)Nc2cncc(C(=O)c3cn(C)c4ncncc34)c2)c1,5.59,0.0,1
CHEMBL2815,COc1cccc(F)c1-c1nccc(C(=O)Nc2cc(F)c(-c3cccnc3)cc2N2C[C@@H]3C[C@H]2CN3)n1,6.76,0.0,1
CHEMBL2815,COc1cccc(F)c1-c1nccc(C(=O)Nc2cc(F)c(-c3cccnc3C)cc2N2C[C@@H]3C[C@H]2CN3)n1,5.91,0.0,1
CHEMBL2815,COc1cccc(F)c1-c1nccc(C(=O)Nc2cc(F)c3c(cnn3C)c2N2CCC(N)CC2)n1,7.75,0.0,1
CHEMBL2815,COc1cccc(F)c1-c1nccc(C(=O)Nc2cc(F)c3c(cnn3C)c2N2CCC[C@H]2CO)n1,6.76,0.0,1
CHEMBL2815,COc1cccc(F)c1-c1nccc(C(=O)Nc2cc(F)c3c(cnn3C)c2N2CCNCC2)n1,7.05,0.0,1
CHEMBL2815,COc1cccc(F)c1-c1nccc(C(=O)Nc2cc(F)c3c(cnn3C)c2N2CCNC[C@H]2C)n1,6.04,0.0,1
CHEMBL2815,COc1cccc(F)c1-c1nccc(C(=O)Nc2cc(F)c3c(cnn3C)c2N2CC[C@@H](N)C2)n1,6.96,0.0,1
CHEMBL2815,COc1cccc(F)c1-c1nccc(C(=O)Nc2cc(F)c3c(cnn3C)c2N2CC[C@@H](O)[C@@H]2CN)n1,5.75,0.0,1
CHEMBL2815,COc1cccc(F)c1-c1nccc(C(=O)Nc2cc(F)c3c(cnn3C)c2N2CC[C@H](N)[C@@H]2CO)n1,5.92,0.0,1
CHEMBL2815,COc1cccc(F)c1-c1nccc(C(=O)Nc2cc(F)c3c(cnn3C)c2N2C[C@@H](N)C[C@H]2C)n1,5.93,0.0,1
CHEMBL2815,COc1cccc(F)c1-c1nccc(C(=O)Nc2cc(F)c3c(cnn3C)c2N2C[C@@H]3CC[C@H]2CN3)n1,6.74,0.0,1
CHEMBL2815,COc1cccc(F)c1-c1nccc(C(=O)Nc2cc(F)c3c(cnn3C)c2N2C[C@@H]3C[C@H]2CN3)n1,5.7,0.0,1
CHEMBL2815,COc1cccc(F)c1-c1nccc(C(=O)Nc2cc(F)c3c(cnn3C)c2N2C[C@H](N)C[C@H]2CO)n1,5.26,0.0,1
CHEMBL2815,COc1cccc(F)c1-c1nccc(C(=O)Nc2cc(F)c3nn(C)cc3c2N2CC[C@@H](N)C2)n1,7.14,0.0,1
CHEMBL2815,COc1cccc(F)c1-c1nccc(C(=O)Nc2cc(F)ccc2N2CC[C@@H](N)C2)n1,7.75,0.0,1
CHEMBL2815,COc1cccc(F)c1-c1nccc(C(=O)Nc2cc(F)ccc2N2C[C@H]3C[C@@H]2CN3)n1,5.77,0.0,1
CHEMBL2815,COc1cccc(F)c1-c1nccc(C(=O)Nc2cc3cnn(C)c3cc2N2CC[C@@H](N)C2)n1,7.89,0.0,1
CHEMBL2815,COc1cccc(F)c1-c1nccc(C(=O)Nc2ccc(-c3c(C)nn(C)c3C#N)cc2N2C[C@@H](N)C[C@H]2CO)n1,5.41,0.0,1
CHEMBL2815,COc1cccc(F)c1-c1nccc(C(=O)Nc2ccc(-c3cccnc3C)cc2N2C[C@@H](N)C[C@H]2CO)n1,5.64,0.0,1
CHEMBL2815,COc1cccc(F)c1-c1nccc(C(=O)Nc2ccc(-c3cccnc3C)cc2N2C[C@@H]3C[C@H]2CN3)n1,5.91,0.0,1
CHEMBL2815,COc1cccc(F)c1-c1nccc(C(=O)Nc2ccc(-c3cnccc3C#N)cc2N2C[C@@H](N)C[C@H]2CO)n1,5.53,0.0,1
CHEMBL2815,COc1cccc(F)c1-c1nccc(C(=O)Nc2ccc(-c3ncccc3C#N)cc2N2C[C@@H](N)C[C@H]2CO)n1,5.59,0.0,1
CHEMBL2815,COc1cccc(F)c1-c1nccc(C(=O)Nc2ccc3c(cnn3C)c2N2CC[C@@H](N)C2)n1,7.11,0.0,1
CHEMBL2815,COc1cccc(F)c1-c1nccc(C(=O)Nc2ccc3c(ncn3C)c2N2CC[C@@H](N)C2)n1,8.32,0.0,1
CHEMBL2815,COc1cccc(F)c1-c1nccc(C(=O)Nc2ccc3sc(C)nc3c2N2CC[C@@H](N)C2)n1,8.16,0.0,1
CHEMBL2815,COc1cccc(F)c1-c1nccc(C(=O)Nc2ccccc2N2C[C@H]3C[C@@H]2CN3)n1,5.95,0.0,1
CHEMBL2815,COc1cccc(NC(=O)c2cc(CNc3nc(Nc4cc(C)[nH]n4)c4cnn(C5CCOCC5)c4n3)ccc2Cl)c1,6.61,0.0,1
CHEMBL2815,COc1cccc(NC(=O)c2cc(N)cc(Nc3ccc4[nH]cc(C#N)c4c3)c2)c1,8.1,0.0,1
CHEMBL2815,COc1cccc(NC(=O)c2cc(N)cc(Nc3ccc4[nH]cc(C#N)c4c3)c2)c1OC,7.85,0.0,1
CHEMBL2815,COc1cccc(NC(=O)c2cccc(Nc3ccc4[nH]cc(C#N)c4c3)c2)c1,6.72,0.0,1
CHEMBL2815,COc1cccc(NC(=O)c2cccc(Nc3ccc4[nH]cc(C(N)=O)c4c3)c2)c1,5.62,0.0,1
CHEMBL2815,COc1cccc(OC)c1NC(=O)c1cc(N)cc(Nc2ccc3[nH]cc(C#N)c3c2)c1,7.77,0.0,1
CHEMBL2815,COc1cccc2nc(Nc3cccc(NC(=O)c4ccc(N5CCN(C)CC5)c(C(F)(F)F)c4)c3)ccc12,4.47,0.0,1
CHEMBL2815,COc1ccccc1-c1cc(/C=C2\C(=O)Nc3ncc(Br)cc32)cc(Br)c1O,8.1,0.0,1
CHEMBL2815,COc1ccccc1/C=C/C(=O)Nc1nc(N)n(-c2ccccc2)n1,7.57,0.0,1
CHEMBL2815,COc1ccccc1NC(=O)c1cc(N)cc(Nc2ccc3[nH]cc(C#N)c3c2)c1,7.82,0.6788225099390862,2
CHEMBL2815,COc1ccnc(C(=O)Nc2cncc(C(=O)c3cn(C(C)C)c4ncncc34)c2)c1,7.15,0.0,1
CHEMBL2815,COc1cncc(C(=O)Nc2cncc(C(=O)c3cn(C(C)C)c4ncncc34)c2)c1,7.7,0.0,1
CHEMBL2815,COc1nc(C(=O)Nc2cncc(C(=O)c3cn(C(C)C)c4ncncc34)c2)cn2ccnc12,5.26,0.0,1
CHEMBL2815,COc1ncc(-c2nn(-c3ccccc3)c(NC(=O)NC3c4ccccc4CCC[C@H]3O)c2C)cn1,6.26,0.0,1
CHEMBL2815,COc1ncc(-c2nn(-c3ccccc3)c(NC(=O)N[C@@H]3CN(CC(F)F)O[C@H]3c3ccc(F)c(F)c3)c2C)cn1,7.66,0.0,1
CHEMBL2815,COc1ncc(-c2nn(-c3ccccc3)c(NC(=O)N[C@@H]3CN(CCCO)O[C@H]3c3ccc(F)c(F)c3)c2C)cn1,6.26,0.0,1
CHEMBL2815,COc1ncc(C(=O)c2cn(C(C)C)c3ccncc23)cc1NC(=O)Cc1ccc(C#N)cc1,6.73,0.0,1
CHEMBL2815,COc1ncc(C(=O)c2cn(C(C)C)c3ccncc23)cc1NC(=O)Cn1nc(C(F)(F)F)cc1C,7.47,0.0,1
CHEMBL2815,COc1ncc(F)cc1C1CCCN1c1ccn2ncc(C(=O)NCCCO)c2n1,8.96,0.0,1
CHEMBL2815,COc1ncc(F)cc1C1CCCN1c1ccn2ncc(C(=O)Nc3cc(C)n[nH]3)c2n1,7.95,0.0,1
CHEMBL2815,COc1ncc(F)cc1[C@H]1CCCN1c1ccn2ncc(C(=O)N3CC(C)(O)C3)c2n1,7.51,0.0,1
CHEMBL2815,COc1ncc(F)cc1[C@H]1CCCN1c1ccn2ncc(C(=O)N3CC(O)C3)c2n1,7.49,0.0,1
CHEMBL2815,COc1ncc(F)cc1[C@H]1CCCN1c1ccn2ncc(C(=O)NC(CO)CO)c2n1,7.59,0.0,1
CHEMBL2815,COc1ncc(F)cc1[C@H]1CCCN1c1ccn2ncc(C(=O)NC3CCC(O)CC3)c2n1,8.085,1.3647160876900375,2
CHEMBL2815,COc1ncc(F)cc1[C@H]1CCCN1c1ccn2ncc(C(=O)NC3CCC(S(C)(=O)=O)CC3)c2n1,8.66,0.0,1
CHEMBL2815,COc1ncc(F)cc1[C@H]1CCCN1c1ccn2ncc(C(=O)NC3CCN(CCO)CC3)c2n1,8.37,0.0,1
CHEMBL2815,COc1ncc(F)cc1[C@H]1CCCN1c1ccn2ncc(C(=O)NC3CCN(S(C)(=O)=O)CC3)c2n1,7.505,1.6334166645409252,2
CHEMBL2815,COc1ncc(F)cc1[C@H]1CCCN1c1ccn2ncc(C(=O)NCC(C)(C)O)c2n1,8.0,0.0,1
CHEMBL2815,COc1ncc(F)cc1[C@H]1CCCN1c1ccn2ncc(C(=O)NCC(O)CO)c2n1,8.21,0.0,1
CHEMBL2815,COc1ncc(F)cc1[C@H]1CCCN1c1ccn2ncc(C(=O)NCCCCO)c2n1,8.85,0.0,1
CHEMBL2815,COc1ncc(F)cc1[C@H]1CCCN1c1ccn2ncc(C(=O)NCCCNC(=O)OC(C)(C)C)c2n1,8.03,0.0,1
CHEMBL2815,COc1ncc(F)cc1[C@H]1CCCN1c1ccn2ncc(C(=O)NCCCO)c2n1,8.96,0.0,1
CHEMBL2815,COc1ncc(F)cc1[C@H]1CCCN1c1ccn2ncc(C(=O)NCCO)c2n1,9.7,0.0,1
CHEMBL2815,COc1ncc(F)cc1[C@H]1CCCN1c1ccn2ncc(C(=O)NC[C@@H](C)O)c2n1,8.55,0.0,1
CHEMBL2815,COc1ncc(F)cc1[C@H]1CCCN1c1ccn2ncc(C(=O)NC[C@@H](O)CO)c2n1,8.24,0.0,1
CHEMBL2815,COc1ncc(F)cc1[C@H]1CCCN1c1ccn2ncc(C(=O)NC[C@H](C)O)c2n1,8.68,0.0,1
CHEMBL2815,COc1ncc(F)cc1[C@H]1CCCN1c1ccn2ncc(C(=O)NC[C@H](O)CO)c2n1,8.1,0.0,1
CHEMBL2815,COc1ncc(F)cc1[C@H]1CCCN1c1ccn2ncc(C(=O)NOCCOC(C)(C)C)c2n1,7.74,0.0,1
CHEMBL2815,COc1ncc(F)cc1[C@H]1CCCN1c1ccn2ncc(C(=O)N[C@H]3CC[C@H](O)C3)c2n1,7.585000000000001,1.8455486988968894,2
CHEMBL2815,COc1ncc(F)cc1[C@H]1CCCN1c1ccn2ncc(C(=O)Nc3cc(C)n[nH]3)c2n1,7.95,0.0,1
CHEMBL2815,COc1ncc(F)cc1[C@H]1CCCN1c1ccn2ncc(C(=O)Nc3cc(C4CC4)n[nH]3)c2n1,8.05,0.0,1
CHEMBL2815,COc1ncc(F)cc1[C@H]1CCCN1c1ccn2ncc(C(=O)Nc3ccc(=O)[nH]c3)c2n1,8.52,0.0,1
CHEMBL2815,COc1ncc(F)cc1[C@H]1CCCN1c1ccn2ncc(C(=O)Nc3ccn(C(C)C)n3)c2n1,7.42,0.0,1
CHEMBL2815,COc1ncc(F)cc1[C@H]1CCCN1c1ccn2ncc(C(=O)Nc3ccn(C)n3)c2n1,7.66,0.0,1
CHEMBL2815,COc1ncccc1C(=O)Nc1cnn2ccc(N3CCC[C@@H]3c3cccc(F)c3)nc12,8.24,0.0,1
CHEMBL2815,COc1ncccc1N1C[C@@H](NC(=O)Nc2c(Br)c(-c3ccccc3)nn2-c2ccccc2)[C@H](c2ccccc2)C1,6.26,0.0,1
CHEMBL2815,COc1ncccc1N1C[C@@H](NC(=O)Nc2c(C)c(-c3ccccc3)nn2-c2ccccc2)[C@H](c2ccccc2)C1,6.26,0.0,1
CHEMBL2815,COc1nccn2cc(C(=O)Nc3cncc(C(=O)c4cn(C(C)C)c5ncncc45)c3)nc12,7.19,0.0,1
CHEMBL2815,COc1nn(-c2ccccc2)c(NC(=O)N[C@@H]2c3ccccc3CC[C@@H]2O)c1C,5.7,0.0,1
CHEMBL2815,CS(=O)(=O)CCN1CCC(c2ccc(NC(=O)c3nc(C#N)c[nH]3)c(C3=CCCCC3)c2)CC1,7.52,0.0,1
CHEMBL2815,CS(=O)(=O)Cn1cc(C(=O)c2cncc(NC(=O)Cc3ccc(Cl)cc3)c2)c2cncnc21,6.08,0.0,1
CHEMBL2815,CS(=O)(=O)N1CCC(NC(=O)c2cnn3ccc(N4CCCC4c4cc(F)ccc4F)nc23)CC1,8.82,0.0,1
CHEMBL2815,CS(=O)(=O)N1CCC(NC(=O)c2cnn3ccc(N4CCCC4c4cncc(F)c4)nc23)CC1,7.62,0.0,1
CHEMBL2815,CS(=O)(=O)N1CCC(NC(=O)c2cnn3ccc(N4CCC[C@@H]4c4cc(F)ccc4F)nc23)CC1,7.615,1.7041273426595795,2
CHEMBL2815,CS(=O)(=O)N1CCC(NC(=O)c2cnn3ccc(N4CCC[C@@H]4c4cncc(F)c4)nc23)CC1,7.62,0.0,1
CHEMBL2815,CS(=O)(=O)N1CCCOc2ccc(F)cc2[C@H]2CCCN2c2ccn3ncc(c3n2)C1,7.26,0.0,1
CHEMBL2815,CS(=O)(=O)N1CCN(Cc2cc3nc(-c4cccc5[nH]ncc45)nc(N4CCOCC4)c3s2)CC1,5.54,0.0,1
CHEMBL2815,CS(=O)(=O)N1CCOc2ccc(F)cc2[C@H]2CCCN2c2ccn3ncc(c3n2)C1,7.26,0.0,1
CHEMBL2815,CS(=O)(=O)NCCNC(=O)c1cnn2ccc(N3CCCC3c3cc(F)ccc3F)nc12,8.48,0.0,1
CHEMBL2815,CS(=O)(=O)NCCNC(=O)c1cnn2ccc(N3CCC[C@@H]3c3cc(F)ccc3F)nc12,8.48,0.0,1
CHEMBL2815,CS(=O)(=O)Nc1cc(N)cc(-c2cnc3[nH]cc(-c4ccncc4)c3c2)c1,7.47,0.0,1
CHEMBL2815,CS(=O)(=O)Nc1ccc(C(=O)Nc2cnc3ccc(N4CCC[C@@H]4c4cc(F)ccc4F)nn23)cc1,8.68,0.0,1
CHEMBL2815,CS(=O)(=O)Nc1ccc(N/C=C2\C(=O)Nc3ccccc32)cc1,8.22,0.0,1
CHEMBL2815,CS(=O)(=O)c1ccc(-c2cncc(Oc3cccc(NC(=O)Nc4cccc(C(F)(F)F)c4)c3)n2)cc1,5.77,0.0,1
CHEMBL2815,CS(=O)(=O)c1cccc(-c2cnc3[nH]nc(-c4cc(F)cc(NC(=O)Nc5ccccc5)c4)c3c2)c1,5.37,0.0,1
CHEMBL2815,CS(=O)(=O)c1cccc(-c2cnc3[nH]nc(-c4cc(F)cc(NC(=O)Nc5cccnc5)c4)c3c2)c1,6.14,0.0,1
CHEMBL2815,CS(=O)(=O)c1cccc(-c2cnc3[nH]nc(-c4cc(F)cc(NC(=O)Nc5cncnc5)c4)c3c2)c1,5.91,0.0,1
CHEMBL2815,CS(=O)(=O)c1cccc(CC(=O)Nc2cncc(C(=O)c3cn(C45CC(C4)C5)c4nc(N)ncc34)c2)c1,8.09,0.0,1
CHEMBL2815,CSCCN1CC(NC(=O)Nc2c3c(nn2-c2ccccc2)CCC3)[C@H](c2ccccc2)C1,6.26,0.0,1
CHEMBL2815,CSc1cc(Nc2ncnc3c2OC(C)(C)C(=O)N3)ccc1NC(=O)Nc1cc(C(C)(C)C)nn1-c1ccccc1,7.05,0.0,1
CHEMBL2815,CSc1ncc(CC(=O)Nc2cncc(C(=O)c3cn(C(C)C)c4ncncc34)c2)cn1,6.88,0.0,1
CHEMBL2815,C[C@@H](C(=O)Nc1cncc(C(=O)c2cn(C)c3ncncc23)c1)c1ccccc1,5.56,0.0,1
CHEMBL2815,C[C@@H](CO)NC(=O)c1cnn2ccc(N3CCCC3c3cncc(F)c3)nc12,7.58,0.0,1
CHEMBL2815,C[C@@H](CO)NC(=O)c1cnn2ccc(N3CCC[C@@H]3c3cc(F)ccc3F)nc12,8.74,0.0,1
CHEMBL2815,C[C@@H](CO)n1cc(C(=O)c2cncc(NC(=O)Cc3ccc(F)c(F)c3)c2)c2cncnc21,7.29,0.0,1
CHEMBL2815,C[C@@H](CO)n1cc(C(=O)c2cncc(NC(=O)Cc3ccc(OC(F)(F)F)cc3)c2)c2cncnc21,7.69,0.0,1
CHEMBL2815,C[C@@H](CO)n1cc(C(=O)c2cncc(NC(=O)Cc3ccc(OC(F)F)cc3)c2)c2cncnc21,7.28,0.0,1
CHEMBL2815,C[C@@H](CO)n1cc(C(=O)c2cncc(NC(=O)Cc3cccc(C(F)(F)F)c3)c2)c2cncnc21,8.37,0.0,1
CHEMBL2815,C[C@@H](CO)n1cc(C(=O)c2cncc(NC(=O)Cc3nc4ccccc4[nH]3)c2)c2cncnc21,7.5,0.0,1
CHEMBL2815,C[C@@H](CO)n1cc(C(=O)c2cncc(NC(=O)Cn3cc4ccccc4n3)c2)c2cncnc21,7.96,0.0,1
CHEMBL2815,C[C@@H](Cc1c(F)c(F)cc(F)c1F)Nc1cc[nH]c(=O)c1-c1nc2cc3c(cc2[nH]1)C(=O)N(CCN(C)C)C3=O,7.91,0.0,1
CHEMBL2815,C[C@@H](Cc1c(F)c(F)cc(F)c1F)Nc1cc[nH]c(=O)c1-c1nc2cc3c(cc2[nH]1)C(=O)N(c1cccnc1)C3=O,7.69,0.0,1
CHEMBL2815,C[C@@H](Cc1c(F)c(F)cc(F)c1F)Nc1cc[nH]c(=O)c1-c1nc2cc3c(cc2[nH]1)C(O)N(c1cccnc1)C3=O,8.2,0.0,1
CHEMBL2815,C[C@@H](Cc1c(F)c(F)cc(F)c1F)Nc1cc[nH]c(=O)c1-c1nc2cc3c(cc2[nH]1)CN(C1CCN(C)CC1)C3=O,8.3,0.0,1
CHEMBL2815,C[C@@H](Cc1c(F)c(F)cc(F)c1F)Nc1cc[nH]c(=O)c1-c1nc2cc3c(cc2[nH]1)CN(CCN(C)C)C3=O,8.94,0.0,1
CHEMBL2815,C[C@@H](NC(=O)c1cnn2ccc(N3CCCC3c3cncc(F)c3)nc12)C(F)(F)F,8.1,0.0,1
CHEMBL2815,C[C@@H](NC(=O)c1cnn2ccc(N3CCC[C@@H]3c3cc(F)cn(C)c3=O)nc12)C1CC1,7.53,1.4424978336205576,2
CHEMBL2815,C[C@@H](NC(=O)c1cnn2ccc(N3CCC[C@@H]3c3cncc(F)c3)nc12)C1CC1,8.195,0.0070710678118646965,2
CHEMBL2815,C[C@@H](NC(=O)c1cnn2ccc(N3[C@H](CO)CC[C@@H]3c3cncc(F)c3)nc12)C(F)(F)F,7.42,0.0,1
CHEMBL2815,C[C@@H](Nc1c[nH]c(=O)c(C(=O)Nc2ccc(CN3CCN(C)CC3)c(C(F)(F)F)c2)c1)c1c(Cl)ccc(F)c1Cl,6.7,0.0,1
CHEMBL2815,C[C@@H](Nc1c[nH]c(=O)c(C(=O)Nc2ccc(CN3CCN(C)CC3)cc2)c1)c1c(Cl)ccc(F)c1Cl,7.7,0.0,1
CHEMBL2815,C[C@@H](Nc1c[nH]c(=O)c(C(=O)Nc2ccc(CN3CCN(C)CC3)cc2)c1)c1cc(Cl)cc(Cl)c1,7.22,0.0,1
CHEMBL2815,C[C@@H](Nc1c[nH]c(=O)c(C(=O)Nc2ccc(CN3CCN(C)CC3)cc2)c1)c1cc(F)cc(F)c1,7.94,0.0,1
CHEMBL2815,C[C@@H](Nc1c[nH]c(=O)c(C(=O)Nc2ccc(CN3CCN(C)CC3)cc2)c1)c1cc(F)ccc1F,8.64,0.0,1
CHEMBL2815,C[C@@H](Nc1c[nH]c(=O)c(C(=O)Nc2ccc(CN3CCN(C)CC3)cc2)c1)c1ccc(Cl)cc1Cl,7.2,0.0,1
CHEMBL2815,C[C@@H](Nc1c[nH]c(=O)c(C(=O)Nc2ccc(CN3CCN(C)CC3)cc2)c1)c1ccc(F)cc1,7.01,0.0,1
CHEMBL2815,C[C@@H](Nc1c[nH]c(=O)c(C(=O)Nc2ccc(CN3CCN(C)CC3)cc2)c1)c1ccc(F)cc1F,7.45,0.0,1
CHEMBL2815,C[C@@H](Nc1c[nH]c(=O)c(C(=O)Nc2ccc(CN3CCN(C)CC3)cc2)c1)c1cccc(F)c1,8.15,0.0,1
CHEMBL2815,C[C@@H](Nc1c[nH]c(=O)c(C(=O)Nc2ccc(CN3CCN(C)CC3)cc2)c1)c1ccccc1F,7.49,0.0,1
CHEMBL2815,C[C@@H](Nc1c[nH]c(=O)c(C(=O)Nc2ccc(CN3CCOCC3)cc2)c1)c1c(Cl)ccc(F)c1Cl,7.62,0.0,1
CHEMBL2815,C[C@@H](Nc1c[nH]c(=O)c(C(=O)Nc2ccc(N3CCN(C)CC3)nc2)c1)c1c(Cl)ccc(F)c1Cl,7.3,0.0,1
CHEMBL2815,C[C@@H](Nc1c[nH]c(=O)c(C(=O)Nc2ccc(N3CCOCC3)cc2)c1)c1c(Cl)ccc(F)c1Cl,7.29,0.0,1
CHEMBL2815,C[C@@H](Nc1c[nH]c(=O)c(C(=O)Nc2ccc(N3CCOCC3)nc2)c1)c1c(Cl)ccc(F)c1Cl,7.62,0.0,1
CHEMBL2815,C[C@@H](Nc1c[nH]c(=O)c(C(=O)Nc2ccc(OCCN3CCOCC3)cc2)c1)c1c(Cl)ccc(F)c1Cl,6.78,0.0,1
CHEMBL2815,C[C@@H](Nc1c[nH]c(=O)c(C(=O)Nc2cccc(CN3CCCCC3)c2)c1)c1c(Cl)ccc(F)c1Cl,5.85,0.0,1
CHEMBL2815,C[C@@H](Nc1c[nH]c(=O)c(C(=O)Nc2ccccc2)c1)c1c(Cl)ccc(F)c1Cl,7.16,0.0,1
CHEMBL2815,C[C@@H](Nc1c[nH]c(=O)c(C(=O)Nc2cnn(C)c2)c1)c1c(Cl)ccc(F)c1Cl,7.54,0.0,1
CHEMBL2815,C[C@@H](Nc1c[nH]c(=O)c(C(=O)Nc2cnn(C3CCNCC3)c2)c1)c1c(Cl)ccc(F)c1Cl,7.23,0.0,1
CHEMBL2815,C[C@@H](Nc1c[nH]c(=O)c(C(=O)Nc2cnn(CCO)c2)c1)c1c(Cl)ccc(F)c1Cl,6.76,0.0,1
CHEMBL2815,C[C@@H](Nc1ccc2[nH]nc(-n3cncn3)c2c1)c1cc(F)ccc1OCC(F)F,8.275,0.5330728530573159,4
CHEMBL2815,C[C@@H](Nc1ccc2[nH]nc(/C=C/c3ccccn3)c2c1)c1cc(F)cc(F)c1,8.8,0.0,1
CHEMBL2815,C[C@@H](Nc1ccn2ncc(-c3cn[nH]c3)c2n1)c1cc(F)ccc1F,9.196666666666667,0.48169838419215466,3
CHEMBL2815,C[C@@H](Nc1ccn2ncc(-c3cnn(C(F)F)c3)c2n1)c1cc(F)ccc1F,9.5,0.6244997998398394,3
CHEMBL2815,C[C@@H](Nc1ccn2ncc(-c3cnn(C)c3)c2n1)c1cc(F)ccc1OCC(F)F,9.2625,0.31983068437325796,4
CHEMBL2815,C[C@@H](Nc1ccn2ncc(-c3cnn(C4CC4)c3)c2n1)c1cc(F)ccc1F,9.383333333333333,0.28431203515386505,3
CHEMBL2815,C[C@@H](Nc1ccn2ncc(-c3cnn(C4CCC4)c3)c2n1)c1cc(F)ccc1F,9.516666666666667,0.4368447474027044,3
CHEMBL2815,C[C@@H](Nc1ccn2ncc(-c3cnn(C4CCCC4)c3)c2n1)c1cc(F)ccc1F,9.406666666666666,0.11015141094572098,3
CHEMBL2815,C[C@@H](Nc1ccn2ncc(-c3cnn(C4CCOC4)c3)c2n1)c1cc(F)ccc1F,9.34,0.39344631145811976,3
CHEMBL2815,C[C@@H](Nc1ccn2ncc(-c3cnn(C4CCOCC4)c3)c2n1)c1cc(F)ccc1F,9.406666666666666,0.11015141094572098,3
CHEMBL2815,C[C@@H](Nc1ccn2ncc(-c3cnn(C4COC4)c3)c2n1)c1cc(F)ccc1F,9.3,0.0,1
CHEMBL2815,C[C@@H](Nc1ccn2ncc(-c3cnn(CC(C)(C)O)c3)c2n1)c1cc(F)ccc1F,8.55,0.0,1
CHEMBL2815,C[C@@H](Nc1ccn2ncc(-c3cnn(CCC#N)c3)c2n1)c1cc(F)ccc1F,9.335,0.26162950903902144,2
CHEMBL2815,C[C@@H](Nc1ccn2ncc(-c3cnn(CCO)c3)c2n1)c1cc(F)ccc1F,9.32,0.3704051835490419,3
CHEMBL2815,C[C@@H](Nc1ccn2ncc(-c3cnn(CCO)c3)c2n1)c1cc(F)ccc1OCC(F)F,9.383333333333333,0.28431203515386544,3
CHEMBL2815,C[C@@H](Nc1ccn2ncc(-c3cnn(S(C)(=O)=O)c3)c2n1)c1cc(F)ccc1F,8.99,0.7495331880577395,2
CHEMBL2815,C[C@@H](Nc1ccn2ncc(NC(=O)N(C)CCN(C)C)c2n1)c1cc(F)ccc1F,6.9,0.0,1
CHEMBL2815,C[C@@H](Nc1ccn2ncc(NC(=O)N3CC(O)C3)c2n1)c1cc(F)ccc1F,7.05,0.0,1
CHEMBL2815,C[C@@H](Nc1ccn2ncc(NC(=O)N3CCCC(CO)C3)c2n1)c1cc(F)ccc1F,7.82,0.0,1
CHEMBL2815,C[C@@H](Nc1ccn2ncc(NC(=O)N3CCN(C)CC3)c2n1)c1cc(F)ccc1F,6.95,0.0,1
CHEMBL2815,C[C@@H](Nc1ccn2ncc(NC(=O)N3CC[C@H](O)C3)c2n1)c1cc(F)ccc1F,8.72,0.0,1
CHEMBL2815,C[C@@H](Nc1ccn2ncc(NC(=O)Nc3ccc(O)cc3)c2n1)c1cc(F)ccc1F,7.25,0.0,1
CHEMBL2815,C[C@@H](Nc1ccn2ncc(NC(=S)N3CC[C@H](O)C3)c2n1)c1cc(F)ccc1F,7.27,0.0,1
CHEMBL2815,C[C@@H](Nc1ccn2ncc(Nc3c(N4CC[C@H](O)C4)c(=O)c3=O)c2n1)c1cc(F)ccc1F,6.44,0.0,1
CHEMBL2815,C[C@@H](O)CNC(=O)c1cnn2ccc(N3CCCC3c3cc(F)ccc3F)nc12,8.66,0.0,1
CHEMBL2815,C[C@@H](O)CNC(=O)c1cnn2ccc(N3CCCC3c3cncc(F)c3)nc12,7.43,0.0,1
CHEMBL2815,C[C@@H](O)CNC(=O)c1cnn2ccc(N3CCC[C@@H]3c3cc(F)ccc3F)nc12,8.66,0.0,1
CHEMBL2815,C[C@@H](O)[C@H](CO)NC(=O)c1cnn2ccc(N3CCCC3c3cc(F)ccc3F)nc12,7.79,0.0,1
CHEMBL2815,C[C@@H](O)[C@H](CO)NC(=O)c1cnn2ccc(N3CCC[C@@H]3c3cc(F)ccc3F)nc12,7.79,0.0,1
CHEMBL2815,C[C@@H](OC(=O)NCCCCl)[C@H]1c2ccccc2-c2c3c(c4c([nH]c5ccccc54)c21)CNC3=O,6.89,0.0,1
CHEMBL2815,C[C@@H](OC(=O)NCc1ccccc1)[C@H]1c2ccccc2-c2c3c(c4c([nH]c5ccccc54)c21)CNC3=O,6.64,0.0,1
CHEMBL2815,C[C@@H](Oc1cc(-c2cnn(C3CCNCC3)c2)cnc1N)c1c(Cl)ccc(F)c1Cl,6.24,0.0,1
CHEMBL2815,C[C@@H](Oc1ccc2[nH]nc(NC(=O)c3ccc(N4CCN(C)CC4)cc3)c2c1)c1c(Cl)ccc(F)c1Cl,8.8,0.0,1
CHEMBL2815,C[C@@H]1/C=C\c2ncc(F)cc2[C@@H]2CCCN2c2ccn3ncc(c3n2)C(=O)N1,6.26,0.0,1
CHEMBL2815,C[C@@H]1C(NC(=O)Nc2c3c(nn2-c2ccccc2)CCC3)[C@H](c2ccccc2)CN1CC(F)(F)F,6.26,0.0,1
CHEMBL2815,C[C@@H]1CCCN(C(=O)c2cccc(Nc3ncc(Cl)c(NCc4cccc(F)c4)n3)c2)C1,6.85,0.0,1
CHEMBL2815,C[C@@H]1CCc2ncc(F)cc2N2CCC(=O)N2c2ccn3ncc(c3n2)C(=O)N1,6.26,0.0,1
CHEMBL2815,C[C@@H]1CCc2ncc(F)cc2[C@H]2CCCN2c2ccn3nc(N)c(c3n2)C(=O)N1,9.51,0.0,1
CHEMBL2815,C[C@@H]1CCc2ncc(F)cc2[C@H]2CCCN2c2ccn3ncc(c3n2)C(=O)N1,8.2564,0.7226218467036084,25
CHEMBL2815,C[C@@H]1CCc2ncc(F)cc2[C@H]2C[C@H](F)CN2c2ccn3nc(N)c(c3n2)C(=O)N1,9.64,0.0,1
CHEMBL2815,C[C@@H]1CCc2ncncc2[C@@H]2CCCN2c2ccc3ncc(n3n2)C(=O)N1,6.26,0.0,1
CHEMBL2815,C[C@@H]1CN(C(=O)Nc2cnc3ccc(N4CCC[C@@H]4c4cc(F)ccc4F)nn23)CCN1,7.32,0.0,1
CHEMBL2815,C[C@@H]1CN(C(=O)Nc2cnc3ccc(N4CCC[C@@H]4c4cc(F)ccc4F)nn23)CCN1C(=O)OC(C)(C)C,7.89,0.0,1
CHEMBL2815,C[C@@H]1CN(C(=O)Nc2cnc3ccc(N4CCC[C@H]4c4cc(F)ccc4F)nn23)CCN1,7.32,0.0,1
CHEMBL2815,C[C@@H]1CN(c2ccc3c(Nc4n[nH]c5ccc(Cc6cc(F)cc(F)c6)cc45)n[nH]c3c2)C[C@H](C)O1,8.64,0.0,1
CHEMBL2815,C[C@@H]1CN(c2ccc3c(Nc4n[nH]c5ccc(Cc6cc(F)cc(F)c6)cc45)ncnc3c2)C[C@H](C)O1,8.74,0.0,1
CHEMBL2815,C[C@@H]1CN2Cc3ccc(F)cc3OCCNC(=O)c3cnn4cc(c2nc34)O1,7.13,0.0,1
CHEMBL2815,C[C@@H]1CNC(=O)c2cnn3cc4c(nc23)N(Cc2ccc(F)cc2O1)[C@H](C)CO4,8.2,0.0,1
CHEMBL2815,C[C@@H]1CNC(=O)c2cnn3ccc(nc23)N2CCC[C@@H]2c2cc(F)cn(c2=O)C1,7.26,0.0,1
CHEMBL2815,C[C@@H]1COc2cn3ncc4c3nc2N1Cc1ccc(Cl)cc1O[C@@H](C)CNC4=O,8.02,0.0,1
CHEMBL2815,C[C@@H]1COc2cn3ncc4c3nc2N1Cc1ccc(F)cc1OCC(C)(C)NC4=O,8.795,0.07778174593051983,2
CHEMBL2815,C[C@@H]1COc2cn3ncc4c3nc2N1Cc1ccc(F)cc1OCCNC4=O,8.57,0.0,1
CHEMBL2815,C[C@@H]1COc2cn3ncc4c3nc2N1Cc1ccc(F)cc1O[C@@H](C)CNC4=O,8.615,0.6434671708797584,2
CHEMBL2815,C[C@@H]1COc2cn3ncc4c3nc2N1Cc1ccccc1O[C@@H](C)CNC4=O,8.27,0.0,1
CHEMBL2815,C[C@@H]1COc2ncc(F)cc2C23CC2CCN3c2ccn3ncc(c3n2)C(=O)N1,7.17,0.0,1
CHEMBL2815,C[C@@]1(C(=O)Nc2ccc(F)nc2)CCCN1c1nc(Nc2cc(C3CC3)n[nH]2)c2cccn2n1,8.14,0.014142135623730649,2
CHEMBL2815,C[C@@]1(O)C[C@H]2O[C@]1(C)n1c3ccccc3c3c4c(c5c6ccccc6n2c5c31)C(=O)NC4,7.7,0.0,1
CHEMBL2815,C[C@H](CO)NC(=O)c1cnn2ccc(N3CCCC3c3cncc(F)c3)nc12,7.82,0.0,1
CHEMBL2815,C[C@H](CO)n1cc(C(=O)c2cncc(NC(=O)Cc3ccc(C#N)cc3)c2)c2cncnc21,6.89,0.0,1
CHEMBL2815,C[C@H](CO)n1cc(C(=O)c2cncc(NC(=O)Cc3ccc4cccnc4c3)c2)c2cncnc21,6.73,0.0,1
CHEMBL2815,C[C@H](CO)n1cc(C(=O)c2cncc(NC(=O)Cc3cccc(C(F)(F)F)c3)c2)c2cncnc21,7.91,0.0,1
CHEMBL2815,C[C@H](CO)n1cc(C(=O)c2cncc(NC(=O)Cc3cccc(S(C)(=O)=O)c3)c2)c2cncnc21,6.57,0.0,1
CHEMBL2815,C[C@H](NC(=O)c1cnn2ccc(N3CCCC3c3cncc(F)c3)nc12)C(F)(F)F,8.77,0.0,1
CHEMBL2815,C[C@H](NC(=O)c1cnn2ccc(N3CCC[C@@H]3c3cc(F)cn(C)c3=O)nc12)C1CC1,7.52,1.6122034611053282,2
CHEMBL2815,C[C@H](NC(=O)c1cnn2ccc(N3CCC[C@@H]3c3cncc(F)c3)nc12)C1CC1,7.33,1.7111984104714446,2
CHEMBL2815,C[C@H](NC(=O)c1cnn2ccc(N3C[C@@H](O)C[C@@H]3c3cccc(F)c3)nc12)C(F)(F)F,7.34,1.654629867976521,2
CHEMBL2815,C[C@H](NC(=O)c1cnn2ccc(N3[C@@H](c4cncc(F)c4)CC[C@@]3(C)CO)nc12)C(F)(F)F,6.96,0.0,1
CHEMBL2815,C[C@H](NC(=O)c1cnn2ccc(N3[C@H](CO)CC[C@@H]3c3cncc(F)c3)nc12)C(F)(F)F,8.17,0.0,1
CHEMBL2815,C[C@H](Nc1ccc2[nH]nc(-n3cncn3)c2c1)c1cc(F)ccc1OCC(F)F,6.6,0.0,1
CHEMBL2815,C[C@H](Nc1ccc2[nH]nc(/C=C/c3ccccn3)c2c1)c1cc(F)cc(F)c1,7.75,0.0,1
CHEMBL2815,C[C@H](Nc1nc(Nc2cn(C)cn2)c2cc[nH]c2n1)c1ncc(F)cn1,7.46,0.0,1
CHEMBL2815,C[C@H](O)CNC(=O)c1cnn2ccc(N3CCCC3c3cncc(F)c3)nc12,7.43,0.0,1
CHEMBL2815,C[C@H](O)CNC(=O)c1cnn2ccc(N3CCC[C@@H]3c3cc(F)ccc3F)nc12,8.62,0.0,1
CHEMBL2815,C[C@H](O)[C@@H](CO)NC(=O)c1cnn2ccc(N3CCCC3c3cc(F)ccc3F)nc12,7.57,0.0,1
CHEMBL2815,C[C@H](O)[C@@H](CO)NC(=O)c1cnn2ccc(N3CCC[C@@H]3c3cc(F)ccc3F)nc12,7.57,0.0,1
CHEMBL2815,C[C@H](O)[C@H](CO)NC(=O)c1cnn2ccc(N3CCCC3c3cc(F)ccc3F)nc12,7.91,0.0,1
CHEMBL2815,C[C@H](O)[C@H](CO)NC(=O)c1cnn2ccc(N3CCC[C@@H]3c3cc(F)ccc3F)nc12,7.91,0.0,1
CHEMBL2815,C[C@H](OC(=O)NCCCCl)[C@H]1c2ccccc2-c2c3c(c4c([nH]c5ccccc54)c21)CNC3=O,7.85,0.0,1
CHEMBL2815,C[C@H](OC(=O)NCc1ccccc1)[C@H]1c2ccccc2-c2c3c(c4c([nH]c5ccccc54)c21)CNC3=O,7.28,0.0,1
CHEMBL2815,C[C@H](c1cc(F)ccc1F)N(C)c1ccn2ncc(NC(=O)N(C)CCN(C)C)c2n1,8.1,0.0,1
CHEMBL2815,C[C@H](c1cc(F)ccc1F)N(C)c1ccn2ncc(NC(=O)N3CC(O)C3)c2n1,7.38,0.0,1
CHEMBL2815,C[C@H](c1cc(F)ccc1F)N(C)c1ccn2ncc(NC(=O)N3CCCC(CO)C3)c2n1,7.75,0.0,1
CHEMBL2815,C[C@H](c1cc(F)ccc1F)N(C)c1ccn2ncc(NC(=O)N3CCN(C)CC3)c2n1,7.68,0.0,1
CHEMBL2815,C[C@H](c1cc(F)ccc1F)N(C)c1ccn2ncc(NC(=O)N3CC[C@H](O)C3)c2n1,8.74,0.0,1
CHEMBL2815,C[C@H](c1cc(F)ccc1F)N(C)c1ccn2ncc(NC(=O)Nc3ccc(O)cc3)c2n1,8.6,0.0,1
CHEMBL2815,C[C@H](c1cc(F)ccc1F)N(C)c1ccn2ncc(NC(=S)N3CC[C@H](O)C3)c2n1,7.72,0.0,1
CHEMBL2815,C[C@H](c1cc(F)ccc1F)N(C)c1ccn2ncc(Nc3c(N4CC[C@H](O)C4)c(=O)c3=O)c2n1,7.21,0.0,1
CHEMBL2815,C[C@H]1CCCN(C(=O)c2cccc(Nc3ncc(Cl)c(NCc4cccc(F)c4)n3)c2)C1,6.85,0.0,1
CHEMBL2815,C[C@H]1CCc2ncc(F)cc2[C@H]2C[C@H](F)CN2c2ccn3nc(N)c(c3n2)C(=O)N1,9.6,0.0,1
CHEMBL2815,C[C@H]1CN(C(=O)Nc2cnc3ccc(N4CCC[C@@H]4c4cc(F)ccc4F)nn23)CCN1,7.52,0.0,1
CHEMBL2815,C[C@H]1CN(C(=O)Nc2cnc3ccc(N4CCC[C@@H]4c4cc(F)ccc4F)nn23)CCN1C(=O)OC(C)(C)C,7.39,0.0,1
CHEMBL2815,C[C@H]1CN(C(=O)Nc2cnc3ccc(N4CCC[C@H]4c4cc(F)ccc4F)nn23)CCN1,7.52,0.0,1
CHEMBL2815,C[C@H]1CN(C(=O)Nc2cnn3ccc(N4CCC[C@@H]4c4cc(F)ccc4Cl)nc23)CCN1,7.08,0.0,2
CHEMBL2815,C[C@H]1CN(C(=O)Nc2cnn3ccc(N4CCC[C@@H]4c4cc(F)ccc4Cl)nc23)CCN1C(=O)OC(C)(C)C,7.26,0.0,1
CHEMBL2815,C[C@H]1CN(C(=O)Nc2cnn3ccc(N4CCC[C@@H]4c4cc(F)ccc4F)nc23)CCN1,7.05,0.0,2
CHEMBL2815,C[C@H]1CN(C(=O)Nc2cnn3ccc(N4CCC[C@@H]4c4cc(F)ccc4F)nc23)CCN1C(=O)OC(C)(C)C,6.81,0.0,1
CHEMBL2815,C[C@H]1CN(S(C)(=O)=O)Cc2cnn3ccc(nc23)N(C)Cc2cc(F)ccc2O1,7.16,0.0,1
CHEMBL2815,C[C@H]1CN2Cc3ccc(F)cc3OCCNC(=O)c3cnn4cc(c2nc34)O1,8.34,0.0,1
CHEMBL2815,C[C@H]1CNC(=O)c2c(N)nn3ccc(nc23)N2C[C@@H](F)C[C@@H]2c2cc(F)cnc2O1,9.35,0.0,1
CHEMBL2815,C[C@H]1CNC(=O)c2cnn3ccc(nc23)N2CCC[C@@H]2c2cc(F)cn(c2=O)C1,7.26,0.0,1
CHEMBL2815,C[C@H]1CNC(=O)c2cnn3ccc(nc23)N[C@H](C)c2cc(F)ccc2O1,8.916666666666666,0.5332462050043258,12
CHEMBL2815,C[C@H]1CNC(=O)c2ncn3ccc(nc23)N[C@H](C)c2cc(F)ccc2O1,8.584,0.875059997942998,5
CHEMBL2815,C[C@H]1CNCc2cnn3ccc(nc23)N(C)Cc2cc(F)ccc2O1,6.73,0.0,1
CHEMBL2815,C[C@H]1COc2cn3ncc4c3nc2N1Cc1ccc(F)cc1OCCNC4=O,8.42,0.0,1
CHEMBL2815,C[C@H]1NC(=O)c2cnn3ccc(nc23)N[C@H](C)c2cc(F)ccc2NC1=O,6.07,0.0,1
CHEMBL2815,C[C@H]1Oc2cc(cnc2N)-c2c(nn(C)c2C#N)CN(C)C(=O)c2ccc(F)cc21,7.62,0.0,1
CHEMBL2815,C[C@H]1[C@@H](c2ccccc2)C(NC(=O)Nc2c3c(nn2-c2ccccc2)CCC3)CN1CC(F)(F)F,6.26,0.0,1
CHEMBL2815,C[C@]1(C(=O)Nc2cnn3ccc(N4CCC[C@@H]4c4cc(F)ccc4F)nc23)CCCN1,7.51,0.0,1
CHEMBL2815,C[C@]1(O)C[C@H]2O[C@]1(C)n1c3ccccc3c3c4c(c5c6ccccc6n2c5c31)C(=O)NC4,8.52,0.0,1
CHEMBL2815,C[C@]12O[C@H](C[C@@]1(O)C(N)=O)n1c3ccccc3c3c4c(c5c6ccccc6n2c5c31)CNC4=O,7.54,0.0,1
CHEMBL2815,Cc1[nH]c(/C=C2\C(=O)Nc3cc(Nc4cccc(NC(=O)c5cc(N6CCN(C)CC6)cc(C(F)(F)F)c5)c4)ccc32)c(C)c1C(=O)O,8.05,0.0,1
CHEMBL2815,Cc1[nH]c2c(F)cccc2c1CC(=O)Nc1cncc(C(=O)c2cn(C(C)C)c3ncncc23)c1,7.19,0.0,1
CHEMBL2815,Cc1[nH]c2ccc(Cl)cc2c1CC(=O)Nc1cncc(C(=O)c2cn(C(C)C)c3ncncc23)c1,7.44,0.0,1
CHEMBL2815,Cc1[nH]c2ccc(F)cc2c1CC(=O)Nc1cncc(C(=O)c2cn(C(C)C)c3ncncc23)c1,6.83,0.0,1
CHEMBL2815,Cc1[nH]c2ccccc2c1CC(=O)Nc1cncc(C(=O)c2cn(C(C)C)c3ncncc23)c1,6.99,0.0,1
CHEMBL2815,Cc1[nH]nc(-c2ccccc2)c1CC(=O)Nc1cncc(C(=O)c2cn(C(C)C)c3ncncc23)c1,5.74,0.0,1
CHEMBL2815,Cc1c(-c2ccc(=O)n(C)c2)nn(-c2ccccc2)c1NC(=O)NC1CCN(C)c2c(F)cccc21,6.26,0.0,1
CHEMBL2815,Cc1c(-c2ccccc2)cnn1CC(=O)Nc1cncc(C(=O)c2cn(C(C)C)c3ncncc23)c1,5.45,0.0,1
CHEMBL2815,Cc1c(-c2cnc3c(cnn3C)c2)nn(-c2ccccc2)c1NC(=O)N[C@@H]1CN(CC(C)(C)CN(C)C)O[C@H]1c1ccc(F)c(F)c1,6.26,0.0,1
CHEMBL2815,Cc1c(-c2cnc3c(cnn3C)c2)nn(-c2ccccc2)c1NC(=O)N[C@@H]1CN(CC2COC2)O[C@H]1c1ccc(F)c(F)c1,6.26,0.0,1
CHEMBL2815,Cc1c(-c2cnc3c(cnn3C)c2)nn(-c2ccccc2)c1NC(=O)N[C@@H]1CN(Cc2ccn[nH]2)O[C@H]1c1ccc(F)c(F)c1,6.26,0.0,1
CHEMBL2815,Cc1c(-c2cnc3c(cnn3C)c2)nn(-c2ccccc2)c1NC(=O)N[C@@H]1CN(Cc2cn[nH]c2)O[C@H]1c1ccc(F)c(F)c1,6.26,0.0,1
CHEMBL2815,Cc1c(-c2cnc3c(cnn3C)c2)nn(-c2ccccc2)c1NC(=O)N[C@@H]1CN(Cc2cnn(C)c2)O[C@H]1c1ccc(F)c(F)c1,6.26,0.0,1
CHEMBL2815,Cc1c(-c2cnn(C)c2)nn(-c2ccccc2)c1NC(=O)NC1CC(C)(C)Oc2ccccc21,6.26,0.0,1
CHEMBL2815,Cc1c(-c2cnn(C)c2)nn(-c2ccccc2)c1NC(=O)NC1CC(C)Oc2ccc(F)cc21,6.26,0.0,1
CHEMBL2815,Cc1c(-c2cnn(C)c2)nn(-c2ccccc2)c1NC(=O)NC1CC2(CCC2)Oc2ccccc21,6.26,0.0,1
CHEMBL2815,Cc1c(-c2cnn(C)c2)nn(-c2ccccc2)c1NC(=O)NC1CCC(=O)c2ccccc21,6.26,0.0,1
CHEMBL2815,Cc1c(-c2cnn(C)c2)nn(-c2ccccc2)c1NC(=O)NC1CCC(C)(O)c2ccccc21,6.26,0.0,1
CHEMBL2815,Cc1c(-c2cnn(C)c2)nn(-c2ccccc2)c1NC(=O)NC1CCN(C)c2ccccc21,6.26,0.0,1
CHEMBL2815,Cc1c(-c2cnn(C)c2)nn(-c2ccccc2)c1NC(=O)NC1CCOc2ccccc21,6.26,0.0,1
CHEMBL2815,Cc1c(-c2cnn(C)c2)nn(-c2ccccc2)c1NC(=O)NC1CCS(=O)(=O)c2ccc(Br)cc21,6.26,0.0,1
CHEMBL2815,Cc1c(-c2cnn(C)c2)nn(-c2ccccc2)c1NC(=O)NC1CN(CC(F)(F)F)CCc2ccccc21,6.26,0.0,1
CHEMBL2815,Cc1c(-c2cnn(C)c2)nn(-c2ccccc2)c1NC(=O)NC1COCc2ccccc21,6.26,0.0,1
CHEMBL2815,Cc1c(-c2cnn(C)c2)nn(-c2ccccc2)c1NC(=O)N[C@@H]1CCCc2ccccc21,6.26,0.0,1
CHEMBL2815,Cc1c(-c2cnn(C)c2)nn(-c2ccccc2)c1NC(=O)N[C@@H]1CN(CC(F)(F)F)O[C@H]1c1ccc(F)c(F)c1,6.26,0.0,1
CHEMBL2815,Cc1c(-c2cnn(C)c2)nn(-c2ccccc2)c1NC(=O)N[C@@H]1OC(C)(C)O[C@H]1c1ccccc1,5.28,0.0,1
CHEMBL2815,Cc1c(-c2cnn(C)c2)nn(-c2ccccc2)c1NC(=O)N[C@@H]1c2ccccc2C2(CC2)[C@H]1O,6.26,0.0,1
CHEMBL2815,Cc1c(-c2cnn(C)c2)nn(-c2ccccc2)c1NC(=O)Nc1cn(CC(F)(F)F)c(=O)c2ccccc12,6.26,0.0,1
CHEMBL2815,Cc1c(C#Cc2cnc3ccc(N4CCC[C@H](N)C4)nn23)cccc1C(=O)Nc1cc(Cl)cc(C(F)(F)F)c1,6.615,1.4637110370561537,2
CHEMBL2815,Cc1c(C(=O)NC(C)(C)C)ccnc1C#Cc1ccc2c3c(oc2c1)C(C)(C)c1cc(NS(C)(=O)=O)ccc1C3=O,8.42,0.0,1
CHEMBL2815,Cc1c(Cl)c(C(=O)Nc2cncc(C(=O)c3cn(C(C)C)c4ncncc34)c2)nn1C,7.32,0.0,1
CHEMBL2815,Cc1c2c(cc3[nH]c(-c4c(NC(C)Cc5c(F)c(F)cc(F)c5F)cc[nH]c4=O)nc13)C(=O)N(C1CCN(C)CC1)C2,8.22,0.0,1
CHEMBL2815,Cc1c2c(cc3[nH]c(-c4c(NC(C)Cc5c(F)c(F)cc(F)c5F)cc[nH]c4=O)nc13)C(=O)N(C1CCN(C)CC1)C2=O,6.78,0.0,1
CHEMBL2815,Cc1c2c(cc3nc(-c4c(NC(C)Cc5c(F)c(F)cc(F)c5F)cc[nH]c4=O)[nH]c13)CN(C1CCN(C)CC1)C2=O,7.98,0.0,1
CHEMBL2815,Cc1c2cc(cc1C(=O)Nc1cc(CN3CCN(C)CC3)cc(C(F)(F)F)c1)OCCCCC(=O)NCCN(C)c1ccc3ncc(n3n1)C#C2,7.83,1.0465180361560906,2
CHEMBL2815,Cc1c2cc(cc1C(=O)Nc1cc(Cl)cc(C(F)(F)F)c1)NC(=O)CCCCCCCN[C@H]1CCCN(C1)c1ccc3ncc(n3n1)C#C2,7.32,0.0,1
CHEMBL2815,Cc1c2cc(cc1C(=O)Nc1cc(Cl)cc(C(F)(F)F)c1)NC(=O)CCCCCCN[C@H]1CCCN(C1)c1ccc3ncc(n3n1)C#C2,7.47,0.0,1
CHEMBL2815,Cc1c2cc(cc1C(=O)Nc1cc(Cl)cc(C(F)(F)F)c1)NC(=O)CCCCCN[C@H]1CCCN(C1)c1ccc3ncc(n3n1)C#C2,6.38,0.0,1
CHEMBL2815,Cc1c2cc(cc1C(=O)Nc1cc(Cl)cc(C(F)(F)F)c1)NOCCCCC(=O)N[C@H]1CCCN(C1)c1ccc3ncc(n3n1)C#C2,7.61,0.0,1
CHEMBL2815,Cc1c2cc(cc1C(=O)Nc1cc(Cl)cc(C(F)(F)F)c1)OCCCCC(=O)NCCN(C)c1ccc3ncc(n3n1)C#C2,7.49,0.0,1
CHEMBL2815,Cc1c[nH]c(C(=O)Nc2cncc(C(=O)c3cn(C(C)C)c4ncncc34)c2)n1,6.61,0.0,1
CHEMBL2815,Cc1c[nH]c2nccc(Oc3c(F)cc(Nc4cc(Cl)nc(N)n4)cc3F)c12,6.6,0.0,1
CHEMBL2815,Cc1cc(-c2ccc(NC(=O)Nc3ccc(C(C)(C)C)cc3)cc2)c2c(N)noc2n1,6.95,0.0,1
CHEMBL2815,Cc1cc(-n2cc(C(=O)N3CCOCC3)c3ccc(N[C@@H](C)c4ccc(F)cn4)nc32)[nH]n1,8.6,0.0,1
CHEMBL2815,Cc1cc(C(=O)NC(C)(C)C)cc(C#Cc2ccc3c4c(oc3c2)C(C)(C)c2cc(NS(C)(=O)=O)ccc2C4=O)n1,7.22,2.4041630560342617,2
CHEMBL2815,Cc1cc(C(=O)Nc2cccc(Nc3ccc4c(c3)NC(=O)/C4=C\c3ccc[nH]3)c2)cc(N2CCN(C)CC2)c1,7.8,0.0,1
CHEMBL2815,Cc1cc(C(=O)Nc2cncc(C(=O)c3cn(C(C)C)c4ncncc34)c2)ccn1,6.35,0.0,1
CHEMBL2815,Cc1cc(C(=O)Nc2cncc(C(=O)c3cn(C(C)C)c4ncncc34)c2)n(C)n1,5.72,0.0,1
CHEMBL2815,Cc1cc(C(=O)Nc2cncc(C(=O)c3cn(C(C)C)c4ncncc34)c2)n(CC(F)(F)F)n1,5.5,0.0,1
CHEMBL2815,Cc1cc(C(=O)Nc2cncc(C(=O)c3cn(C(C)C)c4ncncc34)c2)nc(C)n1,5.67,0.0,1
CHEMBL2815,Cc1cc(C(=O)Nc2cncc(C(=O)c3cn(C(C)C)c4ncncc34)c2)nn1C,6.23,0.0,1
CHEMBL2815,Cc1cc(C(=O)Nc2cncc(C(=O)c3cn(C(C)C)c4ncncc34)c2)no1,5.88,0.0,1
CHEMBL2815,Cc1cc(C(C)C)nn1CC(=O)Nc1cc(C(=O)c2cn(C(C)C)c3ccncc23)ccn1,7.69,0.0,1
CHEMBL2815,Cc1cc(C(C)C)nn1CC(=O)Nc1cncc(C(=O)c2cn(C(C)C)c3ccncc23)c1,7.4,0.0,1
CHEMBL2815,Cc1cc(C(C)C)nn1CC(=O)Nc1cncc(C(=O)c2cn(C(C)C)c3ncncc23)c1,7.7,0.0,1
CHEMBL2815,Cc1cc(C(F)(F)F)nn1CC(=O)Nc1cc(C(=O)c2cn(C(C)C)c3ccncc23)ccn1,7.86,0.0,1
CHEMBL2815,Cc1cc(C(F)(F)F)nn1CC(=O)Nc1cc(C(=O)c2cn(C(C)C)c3ncncc23)c[nH]c1=O,7.69,0.0,1
CHEMBL2815,Cc1cc(C(F)(F)F)nn1CC(=O)Nc1cc(C(=O)c2cn(CCO)c3ccncc23)ccn1,7.08,0.0,1
CHEMBL2815,Cc1cc(C(F)(F)F)nn1CC(=O)Nc1ccnc(C(=O)c2cn(C(C)C)c3ccncc23)c1,7.97,0.0,1
CHEMBL2815,Cc1cc(C(F)(F)F)nn1CC(=O)Nc1cncc(C(=O)c2cn(C(C)(C)CO)c3c(F)cncc23)c1,8.2,0.0,1
CHEMBL2815,Cc1cc(C(F)(F)F)nn1CC(=O)Nc1cncc(C(=O)c2cn(C(C)(CO)CO)c3ncncc23)c1,7.07,0.0,1
CHEMBL2815,Cc1cc(C(F)(F)F)nn1CC(=O)Nc1cncc(C(=O)c2cn(C(C)C)c3c(F)cncc23)c1,7.94,0.0,1
CHEMBL2815,Cc1cc(C(F)(F)F)nn1CC(=O)Nc1cncc(C(=O)c2cn(C(C)C)c3ccncc23)c1,7.84,0.0,1
CHEMBL2815,Cc1cc(C(F)(F)F)nn1CC(=O)Nc1cncc(C(=O)c2cn(C(C)C)c3ncncc23)c1,8.26,0.0,1
CHEMBL2815,Cc1cc(C(F)(F)F)nn1CC(=O)Nc1cncc(C(=O)c2cn(C(C)CO)c3c(F)cncc23)c1,7.710000000000001,0.028284271247461613,2
CHEMBL2815,Cc1cc(C(F)(F)F)nn1CC(=O)Nc1cncc(C(=O)c2cn(C(C)CO)c3ccncc23)c1,7.505,0.049497474683058526,2
CHEMBL2815,Cc1cc(C(F)F)n2nc(C(=O)Nc3cncc(C(=O)c4cn(C(C)C)c5ncncc45)c3)nc2n1,7.25,0.0,1
CHEMBL2815,Cc1cc(C)n(CC(=O)Nc2cc(C(=O)c3cn(C(C)C)c4ccncc34)ccn2)n1,7.48,0.0,1
CHEMBL2815,Cc1cc(C)n(CC(=O)Nc2cc(C(=O)c3cn(CCO)c4ccncc34)ccn2)n1,5.67,0.0,1
CHEMBL2815,Cc1cc(C)n(CC(=O)Nc2cncc(C(=O)c3cn(C(C)C)c4ccncc34)c2)n1,7.03,0.0,1
CHEMBL2815,Cc1cc(C)n(CC(=O)Nc2cncc(C(=O)c3cn(C(C)C)c4ncncc34)c2)n1,6.99,0.0,1
CHEMBL2815,Cc1cc(CC(=O)Nc2cc(C(=O)c3cn(C(C)C)c4ccncc34)ccn2)[nH]n1,6.99,0.0,1
CHEMBL2815,Cc1cc(CC(=O)Nc2cncc(C(=O)c3cn(C(C)C)c4ccncc34)c2)[nH]n1,6.57,0.0,1
CHEMBL2815,Cc1cc(CC(=O)Nc2cncc(C(=O)c3cn(C(C)C)c4ncncc34)c2)[nH]n1,6.48,0.0,1
CHEMBL2815,Cc1cc(F)cc(CNc2ccc3[nH]nc(/C=C/c4ccccn4)c3c2)c1,7.98,0.0,1
CHEMBL2815,Cc1cc(NC(=O)NC2c3cc(F)c(F)cc3C(C)(C)CC2O)c(C2CCOCC2)nc1-c1cn[nH]c1,9.26,0.0,1
CHEMBL2815,Cc1cc(NC(=O)NC2c3cc(F)c(F)cc3C(C)(C)C[C@H]2O)c(C2CCOCC2)nc1-c1cn[nH]c1,6.28,0.0,1
CHEMBL2815,Cc1cc(NC(=O)NC2c3cc(F)c(F)cc3C(C)(C)C[C@H]2O)c(C2CCOCC2)nc1-c1cnc(O)nc1,6.28,0.0,1
CHEMBL2815,Cc1cc(NC(=O)NC2c3cc(F)c(F)cc3C(C)(C)C[C@H]2O)c(C2CCOCC2)nc1C(=O)NCC(C)(C)O,6.28,0.0,1
CHEMBL2815,Cc1cc(NC(=O)N[C@@H]2c3cc(F)c(F)cc3C(C)(C)C[C@@H]2O)c(C2CCOCC2)nc1-c1cn[nH]c1,9.26,0.0,1
CHEMBL2815,Cc1cc(NC(=O)N[C@@H]2c3cc(F)c(F)cc3C(C)(C)C[C@H]2O)c(C2CCOCC2)nc1-c1cn[nH]c1,7.77,2.107178207935912,2
CHEMBL2815,Cc1cc(NC(=O)N[C@@H]2c3cc(F)c(F)cc3C(C)(C)C[C@H]2O)c(C2CCOCC2)nc1-c1cnc(O)nc1,7.77,2.107178207935912,2
CHEMBL2815,Cc1cc(NC(=O)N[C@@H]2c3cc(F)c(F)cc3C(C)(C)C[C@H]2O)c(C2CCOCC2)nc1C(=O)NCC(C)(C)O,7.77,2.107178207935912,2
CHEMBL2815,Cc1cc(NC(=O)N[C@@H]2c3cc(F)c(F)cc3C(C)(C)C[C@H]2O)c(C2CCOCC2)nc1C(=O)O,6.28,0.0,1
CHEMBL2815,Cc1cc(NC(=O)N[C@@H]2c3cc(F)c(F)cc3C(C)(C)C[C@H]2O)c(C2CCOCC2)nc1C(N)=O,6.28,0.0,1
CHEMBL2815,Cc1cc(NC(=O)N[C@@H]2c3cc(F)ccc3C(C)(C)C[C@H]2O)c(C2CCOCC2)nc1C(N)=O,9.26,0.0,1
CHEMBL2815,Cc1cc(NC(=O)N[C@@H]2c3ccccc3C(C)(C)C[C@H]2O)c(C2CCOCC2)nc1C(N)=O,7.77,2.107178207935912,2
CHEMBL2815,Cc1cc(NC(=O)N[C@H]2c3cc(F)c(F)cc3C(C)(C)C[C@H]2O)c(C2CCOCC2)nc1-c1cn[nH]c1,6.28,0.0,1
CHEMBL2815,Cc1cc(NC(=O)N[C@H]2c3cc(F)c(F)cc3C(C)(C)C[C@H]2O)c(C2CCOCC2)nc1-c1cnc(O)nc1,6.28,0.0,1
CHEMBL2815,Cc1cc(NC(=O)Nc2cc(-c3ccccc3)nn2-c2ccccc2)ccc1Nc1ncnc2c1OC(C)(C)C(=O)N2,7.42,0.0,1
CHEMBL2815,Cc1cc(NC(=O)Nc2cc(C(C)(C)C)nn2-c2c(F)c(F)c(F)c(F)c2F)ccc1Nc1ncnc2c1OC(C)(C)C(=O)N2,7.28,0.0,1
CHEMBL2815,Cc1cc(NC(=O)Nc2cc(C(C)(C)C)nn2-c2ccc(C(F)(F)F)cc2)ccc1Nc1ncnc2c1OC(C)(C)C(=O)N2,7.52,0.0,1
CHEMBL2815,Cc1cc(NC(=O)Nc2cc(C(C)(C)C)nn2-c2ccc(Cl)cc2)ccc1Nc1cccc2c1OC(C)(C)C(=O)N2,8.7,0.0,1
CHEMBL2815,Cc1cc(NC(=O)Nc2cc(C(C)(C)C)nn2-c2ccc(Cl)cc2)ccc1Nc1ncnc2c1OC(C)(C)C(=O)N2,8.12,0.572013985843003,4
CHEMBL2815,Cc1cc(NC(=O)Nc2cc(C(C)(C)C)nn2-c2ccc(F)c(F)c2)ccc1Nc1ncnc2c1OC(C)(C)C(=O)N2,8.05,0.0,1
CHEMBL2815,Cc1cc(NC(=O)Nc2cc(C(C)(C)C)nn2-c2ccc(F)cc2)ccc1Nc1ncnc2c1OC(C)(C)C(=O)N2,7.52,0.0,1
CHEMBL2815,Cc1cc(NC(=O)Nc2cc(C(C)(C)C)nn2-c2ccc(OC(F)(F)F)cc2)ccc1Nc1ncnc2c1OC(C)(C)C(=O)N2,7.34,0.0,1
CHEMBL2815,Cc1cc(NC(=O)Nc2cc(C(C)(C)C)nn2-c2ccc3ccccc3c2)ccc1Nc1ncnc2c1OC(C)(C)C(=O)N2,7.39,0.0,1
CHEMBL2815,Cc1cc(NC(=O)Nc2cc(C(C)(C)C)nn2-c2cccc(F)c2)ccc1Nc1ncnc2c1OC(C)(C)C(=O)N2,7.89,0.0,1
CHEMBL2815,Cc1cc(NC(=O)Nc2cc(C(C)(C)C)nn2-c2ccccc2)ccc1Nc1ncnc2c1OC(C)(C)C(=O)N2,7.89,0.0,1
CHEMBL2815,Cc1cc(NC(=O)Nc2cc(C(C)(C)C)nn2-c2ccccc2F)ccc1Nc1ncnc2c1OC(C)(C)C(=O)N2,7.7,0.0,1
CHEMBL2815,Cc1cc(NC(=O)Nc2cc(C(C)(C)C)nn2-c2cccnc2)ccc1Nc1ncnc2c1OC(C)(C)C(=O)N2,7.85,0.0,1
CHEMBL2815,Cc1cc(NC(=O)Nc2cc(C3CC3)nn2-c2ccccc2)ccc1Nc1ncnc2c1OC(C)(C)C(=O)N2,7.64,0.0,1
CHEMBL2815,Cc1cc(Nc2cc(N3CCN(C)CC3)nc(Nc3ccc(CC(=O)Nc4cccc(F)c4)cc3)n2)[nH]n1,7.0,0.0,1
CHEMBL2815,Cc1cc(Nc2cc(N3CCN(C)CC3)nc(SCc3ccc(F)cc3)n2)n[nH]1,7.64,0.0,1
CHEMBL2815,Cc1cc(Nc2cnc(C#N)c(N[C@@H](C)c3ccc(F)cn3)n2)n[nH]1,6.17,0.0,1
CHEMBL2815,Cc1cc(Nc2cnc(C#N)c(N[C@@H](C)c3ncc(F)cn3)n2)n[nH]1,5.84,0.0,1
CHEMBL2815,Cc1cc(Nc2nc(NC(C)c3ccc(Cl)c(C(=O)Nc4cc(F)ccc4F)c3)nc3c2cnn3C(C)C)n[nH]1,5.54,0.0,1
CHEMBL2815,Cc1cc(Nc2nc(NCc3cc(C(=O)Nc4cc(F)ccc4F)c(Cl)cn3)nc3c2cnn3C(C)C)n[nH]1,6.17,0.0,1
CHEMBL2815,Cc1cc(Nc2nc(NCc3ccc(Cl)c(C(=O)Nc4cc(F)c(F)c(F)c4)c3)nc3c2cnn3C2CCOCC2)n[nH]1,6.17,0.0,1
CHEMBL2815,Cc1cc(Nc2nc(NCc3ccc(Cl)c(C(=O)Nc4cc(F)cc(F)c4)c3)nc3c2cnn3C2CCOCC2)n[nH]1,7.03,0.0,1
CHEMBL2815,Cc1cc(Nc2nc(NCc3ccc(Cl)c(C(=O)Nc4cc(F)ccc4F)c3)nc3[nH]ncc23)n[nH]1,7.45,0.0,1
CHEMBL2815,Cc1cc(Nc2nc(NCc3ccc(Cl)c(C(=O)Nc4cc(F)ccc4F)c3)nc3c2cnn3C(C)C)n[nH]1,5.56,0.0,1
CHEMBL2815,Cc1cc(Nc2nc(NCc3ccc(Cl)c(C(=O)Nc4cc(F)ccc4F)c3)nc3c2cnn3C)n[nH]1,6.18,0.0,1
CHEMBL2815,Cc1cc(Nc2nc(NCc3ccc(Cl)c(C(=O)Nc4cc(F)ccc4F)c3)nc3c2cnn3C2CC(C)(C)OC(C)(C)C2)n[nH]1,6.08,0.0,1
CHEMBL2815,Cc1cc(Nc2nc(NCc3ccc(Cl)c(C(=O)Nc4cc(F)ccc4F)c3)nc3c2cnn3C2CCN(S(C)(=O)=O)CC2)n[nH]1,6.78,0.0,1
CHEMBL2815,Cc1cc(Nc2nc(NCc3ccc(Cl)c(C(=O)Nc4cc(F)ccc4F)c3)nc3c2cnn3C2CCOCC2)n[nH]1,6.49,0.0,1
CHEMBL2815,Cc1cc(Nc2nc(NCc3ccc(Cl)c(C(=O)Nc4cc(F)ccc4F)c3)nc3c2cnn3C2CCS(=O)(=O)CC2)n[nH]1,6.95,0.0,1
CHEMBL2815,Cc1cc(Nc2nc(NCc3ccc(Cl)c(C(=O)Nc4ccc(Br)cc4)c3)nc3c2cnn3C2CCOCC2)n[nH]1,6.48,0.0,1
CHEMBL2815,Cc1cc(Nc2nc(NCc3ccc(Cl)c(C(=O)Nc4ccc(Cl)cc4)c3)nc3c2cnn3C2CCOCC2)n[nH]1,6.99,0.0,1
CHEMBL2815,Cc1cc(Nc2nc(NCc3ccc(Cl)c(C(=O)Nc4ccc(F)c(F)c4)c3)nc3c2cnn3C2CCOCC2)n[nH]1,6.97,0.0,1
CHEMBL2815,Cc1cc(Nc2nc(NCc3ccc(Cl)c(C(=O)Nc4ccc(F)cc4)c3)nc3c2cnn3C2CCOCC2)n[nH]1,6.58,0.0,1
CHEMBL2815,Cc1cc(Nc2nc(NCc3ccc(Cl)c(C(=O)Nc4cccc(Br)c4)c3)nc3c2cnn3C2CCOCC2)n[nH]1,5.64,0.0,1
CHEMBL2815,Cc1cc(Nc2nc(NCc3ccc(Cl)c(C(=O)Nc4cccc(C#N)c4)c3)nc3c2cnn3C2CCOCC2)n[nH]1,5.43,0.0,1
CHEMBL2815,Cc1cc(Nc2nc(NCc3ccc(Cl)c(C(=O)Nc4cccc(Cl)c4)c3)nc3c2cnn3C2CCOCC2)n[nH]1,6.01,0.0,1
CHEMBL2815,Cc1cc(Nc2nc(NCc3ccc(Cl)c(C(=O)Nc4cccc(F)c4)c3)nc3c2cnn3C2CCOCC2)n[nH]1,6.29,0.0,1
CHEMBL2815,Cc1cc(Nc2nc(NCc3ccc(Cl)c(C(=O)Nc4cccc(F)c4F)c3)nc3c2cnn3C2CCOCC2)n[nH]1,6.71,0.0,1
CHEMBL2815,Cc1cc(Nc2nc(NCc3ccc(Cl)c(C(=O)Nc4cccc(OC(F)(F)F)c4)c3)nc3c2cnn3C2CCOCC2)n[nH]1,6.16,0.0,1
CHEMBL2815,Cc1cc(Nc2nc(NCc3ccc(Cl)c(C(=O)Nc4ccccc4)c3)nc3c2cnn3C2CCOCC2)n[nH]1,5.95,0.0,1
CHEMBL2815,Cc1cc(Nc2nc(NCc3ccc(Cl)c(C(=O)Nc4ccccc4Br)c3)nc3c2cnn3C2CCOCC2)n[nH]1,5.45,0.0,1
CHEMBL2815,Cc1cc(Nc2nc(NCc3ccc(Cl)c(C(=O)Nc4ccccc4Cl)c3)nc3c2cnn3C2CCOCC2)n[nH]1,5.92,0.0,1
CHEMBL2815,Cc1cc(Nc2nc(NCc3ccc(Cl)c(C(=O)Nc4ccccc4F)c3)nc3c2cnn3C2CCOCC2)n[nH]1,6.16,0.0,1
CHEMBL2815,Cc1cc(Nc2nc(NCc3ccc(Cl)c(NC(C)CO)c3)nc3c2cnn3C2CCOCC2)n[nH]1,7.76,0.0,1
CHEMBL2815,Cc1cc(Nc2nc(NCc3ccc(Cl)c(NC4CCOC4)c3)nc3c2cnn3C2CCOCC2)n[nH]1,7.9,0.0,1
CHEMBL2815,Cc1cc(Nc2nc(NCc3ccc(Cl)c(NC4CCOCC4)c3)nc3c2cnn3C2CCOCC2)n[nH]1,6.32,0.0,1
CHEMBL2815,Cc1cc(Nc2nc(NCc3ccc(Cl)c(NC4CCS(=O)(=O)C4)c3)nc3c2cnn3C2CCOCC2)n[nH]1,7.53,0.0,1
CHEMBL2815,Cc1cc(Nc2nc(NCc3ccc(Cl)c(NC4CCS(=O)(=O)CC4)c3)nc3c2cnn3C2CCOCC2)n[nH]1,6.67,0.0,1
CHEMBL2815,Cc1cc(Nc2nc(NCc3ccc(Cl)c(NCCS(C)(=O)=O)c3)nc3c2cnn3C2CCOCC2)n[nH]1,8.07,0.0,1
CHEMBL2815,Cc1cc(Nc2nc(NCc3ccc(F)c(N4CCOCC4)c3)nc3c2cnn3C2CCOCC2)n[nH]1,6.36,0.0,1
CHEMBL2815,Cc1cc(Nc2nc(NCc3ccc(F)c(N4CCSCC4)c3)nc3c2cnn3C2CCOCC2)n[nH]1,6.17,0.0,1
CHEMBL2815,Cc1cc(Nc2nc(NCc3ccc(F)c(NC(C)CO)c3)nc3c2cnn3C2CCOCC2)n[nH]1,7.87,0.0,1
CHEMBL2815,Cc1cc(Nc2nc(NCc3ccc(F)c(NC4CCOC4)c3)nc3c2cnn3C2CCOCC2)n[nH]1,7.96,0.0,1
CHEMBL2815,Cc1cc(Nc2nc(NCc3ccc(F)c(NC4CCOCC4)c3)nc3c2cnn3C2CCOCC2)n[nH]1,6.57,0.0,1
CHEMBL2815,Cc1cc(Nc2nc(NCc3ccc(F)cc3F)nc3c2cnn3C2CCOCC2)n[nH]1,8.14,0.0,1
CHEMBL2815,Cc1cc(Nc2nc(NCc3ccc4c(c3)N(C)CCO4)nc3c2cnn3C2CCOCC2)n[nH]1,7.23,0.0,1
CHEMBL2815,Cc1cc(Nc2nc(NCc3ccc4c(c3)NCCCO4)nc3c2cnn3C2CCOCC2)n[nH]1,6.41,0.0,1
CHEMBL2815,Cc1cc(Nc2nc(NCc3ccc4c(c3)NCCO4)nc3c2cnn3C2CCOCC2)n[nH]1,6.59,0.0,1
CHEMBL2815,Cc1cc(Nc2nc(NCc3cnc(Cl)c(C(=O)Nc4cc(F)ccc4F)c3)nc3c2cnn3C(C)C)n[nH]1,5.39,0.0,1
CHEMBL2815,Cc1cc(Nc2nc(N[C@@H](C)c3ccc(F)cn3)c(C#N)cc2F)n[nH]1,8.52,0.0,1
CHEMBL2815,Cc1cc(Nc2nc(N[C@@H](C)c3ccc(F)cn3)c(C#N)nc2C)n[nH]1,6.24,0.0,1
CHEMBL2815,Cc1cc(Nc2nc(N[C@@H](C)c3ncc(F)cn3)c(C#N)nc2C)n[nH]1,5.83,0.0,1
CHEMBL2815,Cc1cc(Nc2nc(N[C@@H](C)c3ncc(F)cn3)ncc2Cl)[nH]n1,8.52,0.0,1
CHEMBL2815,Cc1cc(Nc2nccc(C)n2)cc(-c2cnc([C@@]3(O)CC[C@H](C(=O)O)C(C)(C)C3)s2)c1,6.98,0.0,1
CHEMBL2815,Cc1cc(Nc2ncnc3c2OC(C)(C)C(=O)N3)ccc1NC(=O)Nc1cc(C(C)(C)C)nn1-c1ccccc1,6.9,0.0,1
CHEMBL2815,Cc1cc2nc3c(=O)[nH]c(=O)nc-3n(C)c2cc1C=O,4.48,0.0,1
CHEMBL2815,Cc1cc2ncn(CC(=O)Nc3cncc(C(=O)c4cn(C(C)C)c5ncncc45)c3)c2cc1C,5.97,0.0,1
CHEMBL2815,Cc1cc2nnc(C(=O)Nc3cncc(C(=O)c4cn(C(C)C)c5ncncc45)c3)c(C)n2n1,5.63,0.0,1
CHEMBL2815,Cc1ccc(-c2ccnc3c(-c4noc(C)n4)c(C)nn23)cc1,5.74,0.0,1
CHEMBL2815,Cc1ccc(-c2ccnc3c(/C(N)=N/O)c(C)nn23)cc1,6.67,0.0,1
CHEMBL2815,Cc1ccc(-c2ccnc3c(C#N)c(C)nn23)cc1,6.87,0.0,1
CHEMBL2815,Cc1ccc(-c2ccnc3c(C(N)=O)c(C)nn23)cc1,6.48,0.0,1
CHEMBL2815,Cc1ccc(-c2cnc3[nH]cc(-c4ccncc4)c3c2)cc1N,7.65,0.0,1
CHEMBL2815,Cc1ccc(-c2cnn3ccc(N4CCC[C@@H]4c4cc(F)ccc4F)nc23)cn1,8.243333333333334,0.11846237095944694,3
CHEMBL2815,Cc1ccc(-c2ncc(C(F)(F)F)cc2NC(=O)Nc2cnc(Oc3ccc(-c4cnc(N5CCCCCC5=O)s4)cc3)nc2)cc1C,6.72,0.0,1
CHEMBL2815,Cc1ccc(-n2nc(C(C)(C)C)cc2NC(=O)Nc2ccc(Nc3ncnc4c3OC(C)(C)C(=O)N4)c(C)c2)cc1,7.66,0.0,1
CHEMBL2815,Cc1ccc(-n2nc(C(C)(C)C)cc2NC(=O)Nc2ccc(OCCN3CCOCC3)c3ccccc23)cc1,6.8,0.0,1
CHEMBL2815,Cc1ccc(-n2nc(C(C)(C)C)cc2NC(=O)Nc2cnc(Oc3ccc(-c4cnc(N5CCCC5=O)s4)cc3)nc2)cc1C,7.1,0.0,1
CHEMBL2815,Cc1ccc(C(=O)Nc2ccc(CN3CCN(C)CC3)c(C(F)(F)F)c2)cc1C#Cc1cnc2cccnn12,7.550000000000001,0.5515432893255076,2
CHEMBL2815,Cc1ccc(C(=O)Nc2cnn3ccc(N4CCC[C@@H]4c4cccc(F)c4)nc23)cn1,7.33,0.0,1
CHEMBL2815,Cc1ccc(CC(=O)Nc2cncc(C(=O)c3cn(C(C)(C)CO)c4nc(N)ncc34)c2)nc1,8.5,0.0,1
CHEMBL2815,Cc1ccc(CC(=O)Nc2cncc(C(=O)c3cn(C(C)C)c4ncncc34)c2)cn1,7.03,0.0,1
CHEMBL2815,Cc1ccc(CC(=O)Nc2cncc(C(=O)c3cn(C)c4ncncc34)c2)c(C)c1,6.56,0.0,1
CHEMBL2815,Cc1ccc(CC(=O)Nc2cncc(C(=O)c3cn(C)c4ncncc34)c2)cc1,6.14,0.0,1
CHEMBL2815,Cc1ccc(CCC(=O)Nc2cncc(C(=O)c3cn(C)c4ncncc34)c2)cc1,5.51,0.0,1
CHEMBL2815,Cc1ccc(CNC(=O)c2cnn3ccc(N4CCC[C@@H]4c4cc(F)ccc4F)nc23)o1,9.02,0.0,1
CHEMBL2815,Cc1ccc(Cl)cc1N1CCN(CCCNC(=O)c2ccc3c(c2)NC(=O)C2CCCCN32)CC1,7.07,0.0,1
CHEMBL2815,Cc1ccc(NC(=O)Nc2cc(C(F)(F)F)ccc2F)cc1Nc1ccc2c(c1)NC(=O)/C2=C\c1ccc[nH]1,8.1,0.0,1
CHEMBL2815,Cc1ccc(NC(=O)Nc2cccc(C(F)(F)F)c2)cc1Nc1ccc2c(c1)NC(=O)/C2=C\c1ccc[nH]1,8.05,0.0,1
CHEMBL2815,Cc1ccc(NC(=O)c2ccc(C(F)(F)F)cc2F)c(-c2ccc(F)cc2)n1,5.48,0.0,1
CHEMBL2815,Cc1ccc(NC(=O)c2cccc(Nc3ccc4[nH]cc(C#N)c4c3)c2)cc1,6.17,0.0,1
CHEMBL2815,Cc1ccc(NC(=O)c2cccc(Nc3ccc4[nH]cc(C(N)=O)c4c3)c2)cc1,5.05,0.0,1
CHEMBL2815,Cc1ccc(NC(=O)c2cnn3ccc(N4CCC[C@@H]4c4cc(F)cn(C)c4=O)nc23)cn1,7.8,0.0,1
CHEMBL2815,Cc1ccc(S(=O)(=O)Nc2cc(N)cc(-c3cnc4[nH]cc(-c5ccncc5)c4c3)c2)cc1,8.34,0.0,1
CHEMBL2815,Cc1ccc(Sc2cnc(Nc3cccc(Br)n3)s2)cc1C(=O)N(C)CC#N,8.7,0.0,1
CHEMBL2815,Cc1ccc(Sc2cnc(Nc3cccc(Br)n3)s2)cc1C(=O)N(C)CCC#N,8.0,0.0,1
CHEMBL2815,Cc1ccc(Sc2cnc(Nc3cccc(Br)n3)s2)cc1C(=O)N1CCN(C(=O)CN)CC1,9.22,0.0,1
CHEMBL2815,Cc1ccc(Sc2cnc(Nc3cccc(Br)n3)s2)cc1C(=O)N1CCN(C(=O)[C@@H](C)N)CC1,9.0,0.0,1
CHEMBL2815,Cc1ccc(Sc2cnc(Nc3cccc(Br)n3)s2)cc1C(=O)N1CCN(C(=O)[C@H](C)N)CC1,9.0,0.0,1
CHEMBL2815,Cc1ccc(Sc2cnc(Nc3cccc(Br)n3)s2)cc1C(=O)N1CCN(CC(N)=O)CC1,6.82,0.0,1
CHEMBL2815,Cc1ccc(Sc2cnc(Nc3cccc(Br)n3)s2)cc1C(=O)NCCC#N,7.17,0.0,1
CHEMBL2815,Cc1ccc(Sc2cnc(Nc3ccccn3)s2)cc1C(=O)N1CCN(S(C)(=O)=O)CC1,6.04,0.0,1
CHEMBL2815,Cc1ccc(Sc2cnc(Nc3ccccn3)s2)cc1C(=O)N1CCNCC1,6.8,0.0,1
CHEMBL2815,Cc1ccc(Sc2cnc(Nc3ccccn3)s2)cc1C(=O)NC(C)C,5.7,0.0,1
CHEMBL2815,Cc1ccc(Sc2cnc(Nc3ccccn3)s2)cc1C(=O)NCC#N,7.36,0.0,1
CHEMBL2815,Cc1ccc(Sc2cnc(Nc3ccccn3)s2)cc1C(=O)NCCC#N,7.19,0.0,1
CHEMBL2815,Cc1ccc(Sc2cnc(Nc3ccccn3)s2)cc1C(=O)NCCO,6.12,0.0,1
CHEMBL2815,Cc1ccc(Sc2cnc(Nc3ccccn3)s2)cc1C(N)=O,6.1,0.0,1
CHEMBL2815,Cc1ccc(Sc2cnc(Nc3ccccn3)s2)cc1NC(=O)CC#N,7.22,0.0,1
CHEMBL2815,Cc1ccc([C@@H](C)Nc2c[nH]c(=O)c(C(=O)Nc3ccc(CN4CCN(C)CC4)cc3)c2)cc1,6.69,0.0,1
CHEMBL2815,Cc1ccc([C@@H](C)Nc2c[nH]c(=O)c(C(=O)Nc3ccc(CN4CCN(C)CC4)cc3)c2)cc1C,7.71,0.0,1
CHEMBL2815,Cc1ccc2[nH]c(C)c(CC(=O)Nc3cncc(C(=O)c4cn(C(C)C)c5ncncc45)c3)c2c1,7.15,0.0,1
CHEMBL2815,Cc1ccc2[nH]cc(CC(=O)Nc3cncc(C(=O)c4cn(C(C)C)c5ncncc45)c3)c2c1,7.22,0.0,1
CHEMBL2815,Cc1ccc2c(c1)C(=O)c1c-2c(=O)c2ccccc2n1C,4.33,0.0,1
CHEMBL2815,Cc1ccc2ccc(CC(=O)Nc3cncc(C(=O)c4cn(C(C)C)c5ncncc45)c3)cc2n1,7.31,0.0,1
CHEMBL2815,Cc1ccc2ccc(CC(=O)Nc3cncc(C(=O)c4cn(C(CO)CO)c5ncncc45)c3)cc2n1,5.29,0.0,1
CHEMBL2815,Cc1ccc2ccc(CC(=O)Nc3cncc(C(=O)c4cn(C)c5ncncc45)c3)cc2n1,5.51,0.0,1
CHEMBL2815,Cc1cccc(-c2ncc(C(F)(F)F)cc2NC(=O)Nc2cnc(Oc3ccc(-c4cnc(N5CCCC5=O)s4)cc3)nc2)c1,7.52,0.0,1
CHEMBL2815,Cc1cccc(-c2nnnn2CC(=O)Nc2cncc(C(=O)c3cn(C(C)C)c4ncncc34)c2)c1,5.3,0.0,1
CHEMBL2815,Cc1cccc(C(=O)Nc2cccc(Nc3ccc4c(-c5cn[nH]c5)n[nH]c4c3)c2)c1,6.0,0.0,1
CHEMBL2815,Cc1cccc(C(=O)Nc2cncc(C(=O)c3cn(C(C)C)c4ncncc34)c2)n1,6.17,0.0,1
CHEMBL2815,Cc1cccc(C(=O)Nc2cnn3ccc(N4CCC[C@@H]4c4cc(F)ccc4F)nc23)n1,8.38,0.0,1
CHEMBL2815,Cc1cccc(CC(=O)Nc2cncc(C(=O)c3cn(C)c4ncncc34)c2)c1,6.15,0.0,1
CHEMBL2815,Cc1cccc(CCC(=O)Nc2cncc(C(=O)c3cn(C)c4ncncc34)c2)c1,5.51,0.0,1
CHEMBL2815,Cc1cccc(NC(=O)Nc2cccc(Nc3ccc4c(-c5cn[nH]c5)n[nH]c4c3)c2)c1,6.835,0.7283199846221434,2
CHEMBL2815,Cc1cccc(NC(=O)c2cc(CNc3nc(Nc4cc(C)[nH]n4)c4cnn(C5CCOCC5)c4n3)ccc2Cl)c1,6.59,0.0,1
CHEMBL2815,Cc1cccc([C@@H](C)Nc2c[nH]c(=O)c(C(=O)Nc3ccc(CN4CCN(C)CC4)cc3)c2)c1,7.54,0.0,1
CHEMBL2815,Cc1cccc2c1C(=O)c1c-2c(=O)c2ccccc2n1C,4.13,0.0,1
CHEMBL2815,Cc1cccc2cc(C(=O)Nc3cncc(C(=O)c4cn(C(C)C)c5ncncc45)c3)nn12,7.19,0.0,1
CHEMBL2815,Cc1cccc2ncn(CC(=O)Nc3cncc(C(=O)c4cn(C(C)C)c5ncncc45)c3)c12,6.08,0.0,1
CHEMBL2815,Cc1ccccc1-n1nc(C(C)(F)F)cc1NC(=O)Nc1cnc(Oc2ccc(-c3cnc(N4CCCC4=O)s3)cc2)nc1,7.22,0.0,1
CHEMBL2815,Cc1ccccc1-n1nc(C(F)(F)F)cc1NC(=O)Nc1cnc(Oc2ccc(-c3cnc(N4CCCC4=O)s3)cc2)nc1,7.3,0.0,1
CHEMBL2815,Cc1ccccc1CCC(=O)Nc1cncc(C(=O)c2cn(C)c3ncncc23)c1,5.53,0.0,1
CHEMBL2815,Cc1ccccc1NS(=O)(=O)c1ccc2c(c1)/C(=C/c1nc3ccccc3[nH]1)C(=O)N2,7.55,0.0,1
CHEMBL2815,Cc1cccnc1C(=O)Nc1cncc(C(=O)c2cn(C(C)C)c3ncncc23)c1,5.01,0.0,1
CHEMBL2815,Cc1cccnc1C(=O)Nc1cnn2ccc(N3CCC[C@@H]3c3cc(F)ccc3F)nc12,8.77,0.0,1
CHEMBL2815,Cc1cccnc1C(=O)Nc1cnn2ccc(N3CCC[C@@H]3c3cccc(F)c3)nc12,8.21,0.0,1
CHEMBL2815,Cc1cccnc1NC(=O)c1cnn2ccc(N3CCC[C@@H]3c3cc(F)ccc3F)nc12,8.64,0.0,1
CHEMBL2815,Cc1ccn(CC(=O)Nc2cc(C(=O)c3cn(C(C)C)c4ccncc34)ccn2)n1,7.06,0.0,1
CHEMBL2815,Cc1ccn(CC(=O)Nc2cc(C(=O)c3cn(CCO)c4ccncc34)ccn2)n1,5.51,0.0,1
CHEMBL2815,Cc1ccn(CC(=O)Nc2cncc(C(=O)c3cn(C(C)C)c4ccncc34)c2)n1,6.55,0.0,1
CHEMBL2815,Cc1ccn(CC(=O)Nc2cncc(C(=O)c3cn(C(C)C)c4ncncc34)c2)n1,6.52,0.0,1
CHEMBL2815,Cc1ccn2cc(CC(=O)Nc3cncc(C(=O)c4cn(C(C)C)c5ncncc45)c3)nc2n1,5.28,0.0,1
CHEMBL2815,Cc1ccnc(-c2ccccc2)c1NC(=O)N[C@@H]1c2cc(F)c(F)cc2C(C)(C)C[C@H]1O,7.77,2.107178207935912,2
CHEMBL2815,Cc1ccnc(C(=O)Nc2cncc(C(=O)c3cn(C(C)C)c4ncncc34)c2)c1,6.78,0.0,1
CHEMBL2815,Cc1ccnn1CC(=O)Nc1cc(C(=O)c2cn(C(C)C)c3ccncc23)ccn1,7.08,0.0,1
CHEMBL2815,Cc1ccnn1CC(=O)Nc1cc(C(=O)c2cn(CCO)c3ccncc23)ccn1,5.62,0.0,1
CHEMBL2815,Cc1ccnn1CC(=O)Nc1cncc(C(=O)c2cn(C(C)C)c3ccncc23)c1,5.58,0.0,1
CHEMBL2815,Cc1ccnn1CC(=O)Nc1cncc(C(=O)c2cn(C(C)C)c3ncncc23)c1,6.55,0.0,1
CHEMBL2815,Cc1cn(-c2cc(C(=O)Nc3cccc(Nc4ccc5c(c4)NC(=O)/C5=C\c4ccc[nH]4)c3)cc(C(F)(F)F)c2)cn1,8.15,0.0,1
CHEMBL2815,Cc1cn(-c2cc(C(=O)Nc3cccc(Nc4ccc5c(c4)NC(=O)/C5=C\c4cccn4C)c3)cc(C(F)(F)F)c2)cn1,7.31,0.0,1
CHEMBL2815,Cc1cn(-c2cc(NC(=O)[C@@H]3CCN(c4ccc5ncc(-c6ccccn6)n5n4)C3)cc(C(F)(F)F)c2)cn1,7.74,0.1979898987322338,2
CHEMBL2815,Cc1cn(-c2cc(NC(=O)c3cc4cc(c3C)C#Cc3cnc5ccc(nn35)N(C)CCNC(=O)CCCCO4)cc(C(F)(F)F)c2)cn1,7.26,1.3435028842544408,2
CHEMBL2815,Cc1cn(-c2cc(NC(=O)c3ccc4c(c3)CN(c3cncnc3)C[C@@H]4C)cc(C(F)(F)F)c2)cn1,7.37,0.0,1
CHEMBL2815,Cc1cn(-c2ccc(-c3cn(CC(=O)Nc4cc(C5CC5)nn4-c4ccccc4)nn3)cc2)cn1,7.22,0.0,1
CHEMBL2815,Cc1cn(CC(=O)Nc2cc(C(=O)c3cn(C(C)C)c4ccncc34)ccn2)nn1,6.54,0.0,1
CHEMBL2815,Cc1cn(CC(=O)Nc2cncc(C(=O)c3cn(C(C)C)c4ccncc34)c2)nn1,6.3,0.0,1
CHEMBL2815,Cc1cn(CC(=O)Nc2cncc(C(=O)c3cn(C(C)C)c4ncncc34)c2)nn1,6.49,0.0,1
CHEMBL2815,Cc1cn2cc(CC(=O)Nc3cncc(C(=O)c4cn(C(C)C)c5ncncc45)c3)nc2s1,6.12,0.0,1
CHEMBL2815,Cc1cn2cc(CNc3ncnc4ccc(N5CCC[C@@H]5c5cc(F)ccc5F)nc34)nc2s1,8.355,0.6576093065034899,2
CHEMBL2815,Cc1cnc(-c2nc3c(F)c(-c4cccc(Cl)c4C)c(CCC#N)cc3c3c2cc([C@@H](C)N2CCOCC2=O)n3[C@H]2[C@H]3CN[C@@H]2C3)cn1,5.41,0.0,1
CHEMBL2815,Cc1cnc(C#Cc2ccc3c4c(oc3c2)C(C)(C)c2cc(NS(C)(=O)=O)ccc2C4=O)cc1C(=O)NC(C)(C)C,8.42,0.0,1
CHEMBL2815,Cc1cnc(C(=O)Nc2cncc(C(=O)c3cn(C(C)C)c4ncncc34)c2)cn1,5.87,0.0,1
CHEMBL2815,Cc1cnc(C(=O)Nc2cnn3ccc(N4CCC[C@@H]4c4cc(F)ccc4F)nc23)cn1,8.51,0.0,1
CHEMBL2815,Cc1cnc(C(=O)Nc2cnn3ccc(N4CCC[C@@H]4c4cccc(F)c4)nc23)cn1,8.18,0.0,1
CHEMBL2815,Cc1cnc(C2CCOCC2)c(NC(=O)N[C@@H]2c3cc(F)c(F)cc3C(C)(C)C[C@H]2O)c1,6.28,0.0,1
CHEMBL2815,Cc1cnc(C2CCOCC2)c(NC(=O)N[C@@H]2c3cc(F)ccc3C(C)(C)C[C@H]2O)c1,9.26,0.0,1
CHEMBL2815,Cc1cnc(Nc2cccc(C(=O)NC3CCCNC3)c2)nc1NCc1cccc(F)c1,6.92,0.0,1
CHEMBL2815,Cc1cnc2[nH]cc(C(=O)Nc3cncc(C(=O)c4cn(C(C)C)c5ncncc45)c3)c2c1,8.29,0.0,1
CHEMBL2815,Cc1cncc(C(=O)Nc2cncc(C(=O)c3cn(C(C)C)c4ncncc34)c2)n1,5.52,0.0,1
CHEMBL2815,Cc1cnccc1C(=O)Nc1cnn2ccc(N3CCC[C@@H]3c3cccc(F)c3)nc12,6.5,0.0,1
CHEMBL2815,Cc1cncnc1C(=O)Nc1cncc(C(=O)c2cn(C(C)C)c3ncncc23)c1,5.01,0.0,1
CHEMBL2815,Cc1cnn(CC(=O)Nc2cncc(C(=O)c3cn(C(C)C)c4ccncc34)c2)c1,7.67,0.0,1
CHEMBL2815,Cc1coc2cnc(C(=O)Nc3cncc(C(=O)c4cn(C(C)C)c5ncncc45)c3)cc12,7.65,0.0,1
CHEMBL2815,Cc1conc1NC(=O)N[C@@H]1CCN(c2ccc3ncc(-c4ccccn4)n3n2)C1,6.890000000000001,0.38183766184073603,2
CHEMBL2815,Cc1csc2nc(CC(=O)Nc3cncc(C(=O)c4cn(C(C)C)c5ncncc45)c3)cn12,6.09,0.0,1
CHEMBL2815,Cc1n[nH]c(C(F)(F)F)c1C(=O)Nc1cncc(C(=O)c2cn(C(C)C)c3ncncc23)c1,5.16,0.0,1
CHEMBL2815,Cc1n[nH]c(CC(=O)Nc2cc(C(=O)c3cn(C(C)C)c4ccncc34)ccn2)n1,5.5,0.0,1
CHEMBL2815,Cc1n[nH]c2ncc(C(=O)Nc3cncc(C(=O)c4cn(C(C)C)c5ncncc45)c3)cc12,6.19,0.0,1
CHEMBL2815,Cc1n[nH]cc1C(=O)Nc1cncc(C(=O)c2cn(C(C)C)c3ncncc23)c1,5.01,0.0,1
CHEMBL2815,Cc1nc(-c2c(C)nn3c(-c4ccc(Br)cc4)ccnc23)no1,6.79,0.0,1
CHEMBL2815,Cc1nc(-c2c(C)nn3c(-c4ccc(Cl)cc4)ccnc23)no1,6.84,0.0,1
CHEMBL2815,Cc1nc(-c2c(C)nn3c(-c4ccccc4)ccnc23)no1,5.58,0.0,1
CHEMBL2815,Cc1nc(C(=O)Nc2cncc(C(=O)c3cn(C(C)C)c4ncncc34)c2)c(C(F)(F)F)o1,5.99,0.0,1
CHEMBL2815,Cc1nc(C(F)(F)F)c(C(=O)Nc2cncc(C(=O)c3cn(C(C)C)c4ncncc34)c2)s1,5.32,0.0,1
CHEMBL2815,Cc1nc(C)c(C(=O)Nc2cncc(C(=O)c3cn(C(C)C)c4ncncc34)c2)o1,5.16,0.0,1
CHEMBL2815,Cc1nc(C)c(CC(=O)Nc2cc(C(=O)c3cn(C(C)C)c4ccncc34)ccn2)s1,6.74,0.0,1
CHEMBL2815,Cc1nc(C)c2ncn(CC(=O)Nc3cncc(C(=O)c4cn(C(C)C)c5ncncc45)c3)c2n1,5.23,0.0,1
CHEMBL2815,Cc1nc(C)n(CC(=O)Nc2cc(C(=O)c3cn(C(C)C)c4ccncc34)ccn2)n1,5.29,0.0,1
CHEMBL2815,Cc1nc(C)n(CC(=O)Nc2cncc(C(=O)c3cn(C(C)C)c4ccncc34)c2)n1,5.01,0.0,1
CHEMBL2815,Cc1nc(C)n(CC(=O)Nc2cncc(C(=O)c3cn(C(C)C)c4ncncc34)c2)n1,5.01,0.0,1
CHEMBL2815,Cc1nc(CC(=O)Nc2cc(C(=O)c3cn(C(C)C)c4ccncc34)ccn2)c(C)o1,6.79,0.0,1
CHEMBL2815,Cc1nc(CC(=O)Nc2cc(C(=O)c3cn(C(C)C)c4ccncc34)ccn2)c(C)s1,7.25,0.0,1
CHEMBL2815,Cc1nc(CC(=O)Nc2cc(C(=O)c3cn(C(C)C)c4ccncc34)ccn2)c(C2CC2)o1,7.29,0.0,1
CHEMBL2815,Cc1nc(CC(=O)Nc2cc(C(=O)c3cn(C(C)C)c4ccncc34)ccn2)cs1,6.99,0.0,1
CHEMBL2815,Cc1nc(CC(=O)Nc2cncc(C(=O)c3cn(C(C)C)c4ccncc34)c2)c(C2CC2)o1,6.91,0.0,1
CHEMBL2815,Cc1nc(Cl)nn1CC(=O)Nc1cncc(C(=O)c2cn(C(C)C)c3ncncc23)c1,5.52,0.0,1
CHEMBL2815,Cc1nc(NC(=O)CN2CCN(C)CC2)sc1-c1ccc2c(/C=C/c3ccccn3)n[nH]c2c1,7.98,0.0,1
CHEMBL2815,Cc1nc(Nc2n[nH]c3c2CN(C(=O)N[C@H](CN(C)C)c2ccccc2)C3(C)C)c2sccc2n1,5.955,0.4737615433949868,2
CHEMBL2815,Cc1nc([C@](C)(O)CO)sc1-c1cnc(N)c(O[C@H](C)c2cc(F)ccc2-n2nccn2)c1,7.77,0.0,1
CHEMBL2815,Cc1nc2c(F)cc(-c3nc(Nc4ccc5c(n4)CCN(CCN(C)C)C5)ncc3F)cc2n1C(C)C,6.96,0.0,1
CHEMBL2815,Cc1nc2ccccc2n1CC(=O)Nc1cncc(C(=O)c2cn(C(C)C)c3ncncc23)c1,5.88,0.0,1
CHEMBL2815,Cc1nc2nc(-c3cccnc3)nn2c(C)c1CC(=O)Nc1cccc(C(F)(F)F)c1,6.47,0.8900561780022656,4
CHEMBL2815,Cc1nc2ncccn2c1C(=O)Nc1cncc(C(=O)c2cn(C(C)C)c3ncncc23)c1,5.01,0.0,1
CHEMBL2815,Cc1ncc(-c2ccccc2)c(NC(=O)NC2c3ccccc3-c3ccccc32)n1,7.0,0.0,1
CHEMBL2815,Cc1ncc(-c2nc(-c3ccccc3)c(NC(=O)N[C@@H]3c4cc(F)c(F)cc4C(C)(C)C[C@H]3O)cc2C)s1,7.77,2.107178207935912,2
CHEMBL2815,Cc1ncc(-c2nc(-c3ccccc3)c(NC(=O)N[C@H]3c4cc(F)c(F)cc4C(C)(C)C[C@H]3O)cc2C)s1,6.28,0.0,1
CHEMBL2815,Cc1ncc(-c2nc(C3CCOCC3)c(NC(=O)N[C@@H]3c4cc(F)c(F)cc4C(C)(C)C[C@H]3O)cc2C)cn1,7.77,2.107178207935912,2
CHEMBL2815,Cc1ncc(-c2nc3c(NC(C)C)nc(Nc4cnn(C5CC6(C5)CN(C)C6)c4)nc3cc2F)cn1,6.32,0.0,1
CHEMBL2815,Cc1ncc(-c2nc3c(OC4(C)CC4)nc(Nc4cnn(C5CCN(C)CC5)c4)nc3cc2F)cn1,6.57,0.0,1
CHEMBL2815,Cc1ncc(-c2nn(-c3ccccc3)c(NC(=O)NC3c4ccccc4CCC[C@H]3O)c2C)cn1,6.26,0.0,1
CHEMBL2815,Cc1ncc(F)cc1C1CCCN1c1ccn2ncc(C(=O)N3CC(O)C3)c2n1,6.36,0.0,1
CHEMBL2815,Cc1ncc(F)cc1C1CCCN1c1ccn2ncc(C(=O)NC3(C)CC3)c2n1,8.62,0.0,1
CHEMBL2815,Cc1ncc(F)cc1C1CCCN1c1ccn2ncc(C(=O)NC3(CO)CC3)c2n1,7.81,0.0,1
CHEMBL2815,Cc1ncc(F)cc1C1CCCN1c1ccn2ncc(C(=O)NC3CC3)c2n1,7.65,0.16970562748477125,2
CHEMBL2815,Cc1ncc(F)cc1C1CCCN1c1ccn2ncc(C(=O)NC3CCC(O)CC3)c2n1,8.26,0.13000000000000006,3
CHEMBL2815,Cc1ncc(F)cc1C1CCCN1c1ccn2ncc(C(=O)NC3CCC3)c2n1,8.07,0.0,1
CHEMBL2815,Cc1ncc(F)cc1C1CCCN1c1ccn2ncc(C(=O)NC3CCC[C@H]3O)c2n1,8.32,0.0,1
CHEMBL2815,Cc1ncc(F)cc1C1CCCN1c1ccn2ncc(C(=O)N[C@@H]3CCC[C@H]3O)c2n1,8.32,0.0,1
CHEMBL2815,Cc1ncc(F)cc1C1CCCN1c1ccn2ncc(C(=O)N[C@H]3CC[C@H](O)C3)c2n1,8.17,0.0,1
CHEMBL2815,Cc1ncc(F)cc1C1CCCN1c1ccn2ncc(C(=O)N[C@H]3CN4CCC3CC4)c2n1,6.615,0.007071067811865324,2
CHEMBL2815,Cc1ncc(F)cc1C1CCCN1c1ccn2ncc(C(N)=O)c2n1,7.21,0.0,1
CHEMBL2815,Cc1ncc(F)cc1[C@H]1CCCN1c1ccn2ncc(C(=O)NC(C)(C)C)c2n1,8.16,0.0,1
CHEMBL2815,Cc1ncc(F)cc1[C@H]1CCCN1c1ccn2ncc(C(=O)NC(C)C)c2n1,8.13,0.0,1
CHEMBL2815,Cc1ncc(F)cc1[C@H]1CCCN1c1ccn2ncc(C(=O)NC3(C)CC3)c2n1,8.62,0.0,1
CHEMBL2815,Cc1ncc(F)cc1[C@H]1CCCN1c1ccn2ncc(C(=O)NC3(CO)CC3)c2n1,7.81,0.0,1
CHEMBL2815,Cc1ncc(F)cc1[C@H]1CCCN1c1ccn2ncc(C(=O)NC3CC3)c2n1,7.65,0.16970562748477125,2
CHEMBL2815,Cc1ncc(F)cc1[C@H]1CCCN1c1ccn2ncc(C(=O)NCCO)c2n1,7.08,0.0,1
CHEMBL2815,Cc1ncc(F)cc1[C@H]1CCCN1c1ccn2ncc(C(=O)NC[C@@H](C)O)c2n1,7.12,0.0,1
CHEMBL2815,Cc1ncc(NC(=O)NC2c3ccccc3-c3ccccc32)c(-c2ccccc2)n1,7.0,0.0,1
CHEMBL2815,Cc1ncc(NC(=O)Nc2cccc3ccccc23)c(-c2ccccc2)n1,5.39,0.0,1
CHEMBL2815,Cc1ncc(NC(=O)Nc2ccccn2)c(-c2ccccc2)n1,5.4,0.0,1
CHEMBL2815,Cc1nccn1CC(=O)Nc1cncc(C(=O)c2cn(C(C)C)c3ccncc23)c1,5.04,0.0,1
CHEMBL2815,Cc1nccn1CC(=O)Nc1cncc(C(=O)c2cn(C(C)C)c3ncncc23)c1,5.01,0.0,1
CHEMBL2815,Cc1nn(-c2ccccc2)c(NC(=O)NC2c3cc(C(N)=O)ccc3C(C)(C)C[C@H]2O)c1C,5.7,0.0,1
CHEMBL2815,Cc1nn(-c2ccccc2)c(NC(=O)NC2c3ccccc3CCC[C@H]2O)c1C,6.26,0.0,1
CHEMBL2815,Cc1nn(-c2ccccc2)c(NC(=O)N[C@@H]2CN(CC(F)(F)F)C[C@H]2c2cccc(F)c2)c1C,6.26,0.0,1
CHEMBL2815,Cc1nn(-c2ccccc2)c(NC(=O)N[C@@H]2CN(CCO)C[C@H]2c2ccc(F)c(F)c2)c1C,6.26,0.0,1
CHEMBL2815,Cc1nn(-c2ccccc2)c(NC(=O)N[C@@H]2c3cc(C(N)=O)ccc3C(C)(C)C[C@H]2O)c1C,5.7,0.0,1
CHEMBL2815,Cc1nn(C)cc1C(=O)Nc1cncc(C(=O)c2cn(C(C)C)c3ncncc23)c1,5.15,0.0,1
CHEMBL2815,Cc1nn(C)cc1CC(=O)Nc1ccnc(C(=O)c2cn(C(C)C)c3ccncc23)c1,5.19,0.0,1
CHEMBL2815,Cc1nn(C)cc1CC(=O)Nc1cncc(C(=O)c2cn(C(C)(C)C)c3ncncc23)c1,6.32,0.0,1
CHEMBL2815,Cc1nn2c(-c3ccc(Br)cc3)ccnc2c1/C(N)=N/O,6.36,0.0,1
CHEMBL2815,Cc1nn2c(-c3ccc(Br)cc3)ccnc2c1C#N,7.06,0.0,1
CHEMBL2815,Cc1nn2c(-c3ccc(Br)cc3)ccnc2c1C(N)=O,6.95,0.0,1
CHEMBL2815,Cc1nn2c(-c3ccc(Cl)cc3)ccnc2c1/C(N)=N/O,6.71,0.0,1
CHEMBL2815,Cc1nn2c(-c3ccc(Cl)cc3)ccnc2c1C#N,6.94,0.0,1
CHEMBL2815,Cc1nn2c(-c3ccc(Cl)cc3)ccnc2c1C(N)=O,7.14,0.0,1
CHEMBL2815,Cc1nn2c(-c3ccccc3)ccnc2c1/C(N)=N/O,5.83,0.0,1
CHEMBL2815,Cc1nn2c(-c3ccccc3)ccnc2c1C#N,6.33,0.0,1
CHEMBL2815,Cc1nn2c(-c3ccccc3)ccnc2c1C(N)=O,5.55,0.0,1
CHEMBL2815,Cc1nnc(-c2ccc(C)c(-c3ccc4c(c3)NC(=O)C43CCOCC3)c2)[nH]1,5.11,0.0,1
CHEMBL2815,Cc1noc(C)c1CC(=O)Nc1cc(C(=O)c2cn(C(C)C)c3ccncc23)ccn1,5.05,0.0,1
CHEMBL2815,Cc1noc(C)c1NC(=O)Nc1cnc2ccc(N3CCC[C@@H]3c3cc(F)ccc3F)nn12,6.04,0.0,1
CHEMBL2815,Cc1noc2ncc(C(=O)Nc3cncc(C(=O)c4cn(C(C)C)c5ncncc45)c3)cc12,5.79,0.0,1
CHEMBL2815,Cc1nonc1C(=O)Nc1cncc(C(=O)c2cn(C(C)C)c3ncncc23)c1,5.56,0.0,1
CHEMBL2815,Cc1nonc1CC(=O)Nc1cncc(C(=O)c2cn(C(C)C)c3ccncc23)c1,5.76,0.0,1
CHEMBL2815,Cc1oc(C2CC2)nc1CC(=O)Nc1cc(C(=O)c2cn(C(C)C)c3ccncc23)ccn1,7.8,0.0,1
CHEMBL2815,Cc1oc(C2CC2)nc1CC(=O)Nc1cc(C(=O)c2cn(C3COC3)c3ccncc23)ccn1,6.76,0.0,1
CHEMBL2815,Cc1oc(C2CC2)nc1CC(=O)Nc1cncc(C(=O)c2cn(C(C)C)c3ccncc23)c1,7.58,0.0,1
CHEMBL2815,Cc1ocnc1C(=O)Nc1cncc(C(=O)c2cn(C(C)C)c3ncncc23)c1,5.52,0.0,1
CHEMBL2815,Cc1sc2nc(CC(=O)Nc3cncc(C(=O)c4cn(C(C)C)c5ncncc45)c3)cn2c1C,5.72,0.0,1
CHEMBL2815,Cn1c2c(c(=O)c3ccc(Cl)cc31)-c1ccccc1C2=O,4.05,0.0,1
CHEMBL2815,Cn1c2c(c(=O)c3ccccc31)-c1ccccc1C2=O,4.54,0.0,1
CHEMBL2815,Cn1c2ccc(NC(=O)c3ccccc3)cc2c(=O)n2nc(C(=O)O)cc12,4.33,0.0,1
CHEMBL2815,Cn1cc(-c2ccc3c(c2)CCN3C(=O)Cc2cccc(C(F)(F)F)c2)c2c(N)ncnc21,5.75,0.0,1
CHEMBL2815,Cn1cc(-c2ccc3c(c2)ncn3-c2ccc(CC(=O)Nc3cc(C(C)(C)C)on3)cc2)cn1,8.8,0.0,1
CHEMBL2815,Cn1cc(-c2cnc3ccc(NC(=O)NC(C)(C)C)nc3c2)cn1,5.35,0.0,1
CHEMBL2815,Cn1cc(-c2cnc3ccc(NC(=O)NCCc4ccccc4)nc3c2)cn1,4.9,0.0,1
CHEMBL2815,Cn1cc(-c2cncc(-c3ccc(NC(=O)Nc4cc(C(C)(C)C)nn4C)cc3)n2)cn1,7.92,0.0,1
CHEMBL2815,Cn1cc(-c2cncc(-c3ccc(NC(=O)Nc4cc(C(C)(C)C)no4)cc3)n2)cn1,8.3,0.0,1
CHEMBL2815,Cn1cc(-c2cncc(Oc3cccc(NC(=O)Nc4cc(C(C)(C)C)on4)c3)n2)cn1,7.62,0.0,1
CHEMBL2815,Cn1cc(-c2cncc(Oc3cccc(NC(=O)Nc4cccc(C(F)(F)F)c4)c3)n2)cn1,6.28,0.0,1
CHEMBL2815,Cn1cc(-c2cnn3ccc(N4CCC[C@@H]4c4cc(F)ccc4F)nc23)c(C(F)(F)F)n1,7.756666666666667,0.12096831541082673,3
CHEMBL2815,Cn1cc(-c2cnn3ccc(N4CCC[C@@H]4c4cc(F)ccc4F)nc23)cn1,8.735,0.9404520189781077,2
CHEMBL2815,Cn1cc(-c2cnn3ccc(N4CCC[C@@H]4c4cc(F)ccc4OCC(F)F)nc23)cn1,8.863333333333333,0.9439456199026155,3
CHEMBL2815,Cn1cc(-c2n[nH]c3ccc(Cc4cc(F)cc(F)c4)cc23)cn1,6.6,0.0,1
CHEMBL2815,Cn1cc(-n2nc(C(C)(C)C)cc2NC(=O)Nc2cncc(C(=O)c3cn(C)c4ncncc34)c2)cn1,8.33,0.0,1
CHEMBL2815,Cn1cc(/C=C2\C(=O)Nc3ccc(S(N)(=O)=O)cc32)c2ccccc21,8.38,0.0,1
CHEMBL2815,Cn1cc(/C=C2\C(=O)Nc3ccccc32)c2ccccc21,7.59,0.0,1
CHEMBL2815,Cn1cc(/C=C2\C(=O)Nc3cccnc32)c2ccccc21,8.11,0.8343860018001259,2
CHEMBL2815,Cn1cc(/C=C2\C(=O)Nc3ncccc32)c2ccccc21,7.92,0.0,1
CHEMBL2815,Cn1cc(C(=O)Nc2cnc3ccc(N4CCC[C@@H]4c4cc(F)ccc4F)nn23)ccc1=O,7.99,0.0,1
CHEMBL2815,Cn1cc(C(=O)c2cncc(N(N)C(=O)Cc3n[nH]c4c3CCC4)c2)c2cncnc21,7.82,0.0,1
CHEMBL2815,Cn1cc(C(=O)c2cncc(NC(=O)C3(c4ccccc4)CC3)c2)c2cncnc21,5.01,0.0,1
CHEMBL2815,Cn1cc(C(=O)c2cncc(NC(=O)C3Cc4ccccc4C3)c2)c2cncnc21,5.37,0.0,1
CHEMBL2815,Cn1cc(C(=O)c2cncc(NC(=O)CCc3ccc(Cl)cc3)c2)c2cncnc21,5.51,0.0,1
CHEMBL2815,Cn1cc(C(=O)c2cncc(NC(=O)CCc3ccc(F)cc3)c2)c2cncnc21,5.51,0.0,1
CHEMBL2815,Cn1cc(C(=O)c2cncc(NC(=O)CCc3cccc(Cl)c3)c2)c2cncnc21,5.51,0.0,1
CHEMBL2815,Cn1cc(C(=O)c2cncc(NC(=O)CCc3cccc(F)c3)c2)c2cncnc21,5.51,0.0,1
CHEMBL2815,Cn1cc(C(=O)c2cncc(NC(=O)CCc3ccccc3)c2)c2cncnc21,5.01,0.0,1
CHEMBL2815,Cn1cc(C(=O)c2cncc(NC(=O)CCc3ccccc3Cl)c2)c2cncnc21,5.63,0.0,1
CHEMBL2815,Cn1cc(C(=O)c2cncc(NC(=O)CCc3ccccc3F)c2)c2cncnc21,5.51,0.0,1
CHEMBL2815,Cn1cc(C(=O)c2cncc(NC(=O)CCc3cccnc3)c2)c2cncnc21,5.01,0.0,1
CHEMBL2815,Cn1cc(C(=O)c2cncc(NC(=O)COc3ccc(F)cc3)c2)c2cncnc21,5.81,0.0,1
CHEMBL2815,Cn1cc(C(=O)c2cncc(NC(=O)COc3ccccc3)c2)c2cncnc21,5.66,0.0,1
CHEMBL2815,Cn1cc(C(=O)c2cncc(NC(=O)COc3ccccc3OC(F)(F)F)c2)c2cncnc21,6.96,0.0,1
CHEMBL2815,Cn1cc(C(=O)c2cncc(NC(=O)Cc3c(F)cc(F)cc3F)c2)c2cncnc21,5.89,0.0,1
CHEMBL2815,Cn1cc(C(=O)c2cncc(NC(=O)Cc3c(F)ccc(F)c3F)c2)c2cncnc21,5.42,0.0,1
CHEMBL2815,Cn1cc(C(=O)c2cncc(NC(=O)Cc3c(F)cccc3Cl)c2)c2cncnc21,5.51,0.0,1
CHEMBL2815,Cn1cc(C(=O)c2cncc(NC(=O)Cc3c(F)cccc3F)c2)c2cncnc21,5.45,0.0,1
CHEMBL2815,Cn1cc(C(=O)c2cncc(NC(=O)Cc3cc(F)c(F)c(F)c3)c2)c2cncnc21,5.58,0.0,1
CHEMBL2815,Cn1cc(C(=O)c2cncc(NC(=O)Cc3cc(F)c(F)cc3F)c2)c2cncnc21,6.24,0.0,1
CHEMBL2815,Cn1cc(C(=O)c2cncc(NC(=O)Cc3cc(F)cc(F)c3)c2)c2cncnc21,5.51,0.0,1
CHEMBL2815,Cn1cc(C(=O)c2cncc(NC(=O)Cc3cc(F)cc(F)c3F)c2)c2cncnc21,5.51,0.0,1
CHEMBL2815,Cn1cc(C(=O)c2cncc(NC(=O)Cc3cc(F)ccc3C(F)(F)F)c2)c2cncnc21,5.46,0.0,1
CHEMBL2815,Cn1cc(C(=O)c2cncc(NC(=O)Cc3cc(F)ccc3F)c2)c2cncnc21,6.09,0.0,1
CHEMBL2815,Cn1cc(C(=O)c2cncc(NC(=O)Cc3ccc(-c4ccccc4)cc3)c2)c2cncnc21,5.73,0.0,1
CHEMBL2815,Cn1cc(C(=O)c2cncc(NC(=O)Cc3ccc(C(F)(F)F)c(F)c3)c2)c2cncnc21,6.68,0.0,1
CHEMBL2815,Cn1cc(C(=O)c2cncc(NC(=O)Cc3ccc(Cl)cc3)c2)c2cncnc21,6.73,0.0,1
CHEMBL2815,Cn1cc(C(=O)c2cncc(NC(=O)Cc3ccc(F)c(F)c3)c2)c2cncnc21,6.08,0.0,1
CHEMBL2815,Cn1cc(C(=O)c2cncc(NC(=O)Cc3ccc(F)cc3F)c2)c2cncnc21,6.06,0.0,1
CHEMBL2815,Cn1cc(C(=O)c2cncc(NC(=O)Cc3ccc(NS(=O)(=O)C(F)(F)F)cc3)c2)c2cncnc21,5.01,0.0,1
CHEMBL2815,Cn1cc(C(=O)c2cncc(NC(=O)Cc3ccc(OC(F)(F)F)cc3)c2)c2cncnc21,6.1,0.0,1
CHEMBL2815,Cn1cc(C(=O)c2cncc(NC(=O)Cc3ccc(S(C)(=O)=O)cc3)c2)c2cncnc21,5.01,0.0,1
CHEMBL2815,Cn1cc(C(=O)c2cncc(NC(=O)Cc3ccc(SC(F)(F)F)cc3)c2)c2cncnc21,6.26,0.0,1
CHEMBL2815,Cn1cc(C(=O)c2cncc(NC(=O)Cc3ccc4c(c3)CCO4)c2)c2cncnc21,6.08,0.0,1
CHEMBL2815,Cn1cc(C(=O)c2cncc(NC(=O)Cc3cccc(C(F)(F)F)c3)c2)c2cncnc21,7.0,0.0,1
CHEMBL2815,Cn1cc(C(=O)c2cncc(NC(=O)Cc3cccc(C(F)(F)F)c3F)c2)c2cncnc21,6.76,0.0,1
CHEMBL2815,Cn1cc(C(=O)c2cncc(NC(=O)Cc3cccc(Cl)c3)c2)c2cncnc21,6.37,0.0,1
CHEMBL2815,Cn1cc(C(=O)c2cncc(NC(=O)Cc3cccc(OC(F)(F)F)c3)c2)c2cncnc21,6.78,0.0,1
CHEMBL2815,Cn1cc(C(=O)c2cncc(NC(=O)Cc3cccc(SC(F)(F)F)c3)c2)c2cncnc21,7.17,0.0,1
CHEMBL2815,Cn1cc(C(=O)c2cncc(NC(=O)Cc3ccccc3)c2)c2cncnc21,5.51,0.0,1
CHEMBL2815,Cn1cc(C(=O)c2cncc(NC(=O)Cc3ccccc3C(F)(F)F)c2)c2cncnc21,5.51,0.0,1
CHEMBL2815,Cn1cc(C(=O)c2cncc(NC(=O)Cn3cnc(Cl)c3Cl)c2)c2cncnc21,6.52,0.0,1
CHEMBL2815,Cn1cc(C(=O)c2cncc(NC(=O)Nc3ccc(C(F)(F)F)cc3)c2)c2cncnc21,7.21,0.0,1
CHEMBL2815,Cn1cc(C(=O)c2cncc(NC(=O)Nc3ccc(Cl)cc3)c2)c2cncnc21,7.7,0.0,1
CHEMBL2815,Cn1cc(C(=O)c2cncc(NC(=O)Nc3ccc(OC(F)(F)F)cc3)c2)c2cncnc21,7.32,0.0,1
CHEMBL2815,Cn1cc(C(=O)c2cncc(NC(=O)Nc3cccc(C(F)(F)F)c3)c2)c2cncnc21,7.5,0.0,1
CHEMBL2815,Cn1cc(CC(=O)Nc2cncc(C(=O)c3cn(C(C)(C)C)c4ncncc34)c2)c(C2CC2)n1,6.5,0.0,1
CHEMBL2815,Cn1cc(CC(=O)Nc2cncc(C(=O)c3cn(C(C)(C)C)c4ncncc34)c2)cn1,6.38,0.0,1
CHEMBL2815,Cn1cc(CN2C[C@@H](NC(=O)Nc3c4c(nn3-c3ccccc3)CCC4)[C@H](c3ccc(F)c(F)c3)C2)nn1,6.26,0.0,1
CHEMBL2815,Cn1cc(CNC(=O)c2cnn3ccc(N4CCC[C@@H]4c4cc(F)ccc4F)nc23)cn1,8.68,0.0,1
CHEMBL2815,Cn1cc(F)cc([C@H]2CCCN2c2ccn3ncc(C(=O)NC(C)(C)C)c3n2)c1=O,7.98,0.0,1
CHEMBL2815,Cn1cc(F)cc([C@H]2CCCN2c2ccn3ncc(C(=O)NC4(C)CC4)c3n2)c1=O,7.445,1.7465537495307726,2
CHEMBL2815,Cn1cc(F)cc([C@H]2CCCN2c2ccn3ncc(C(=O)NC4CC4)c3n2)c1=O,7.89,0.0,1
CHEMBL2815,Cn1cc(F)cc([C@H]2CCCN2c2ccn3ncc(C(=O)NC4CCC(O)CC4)c3n2)c1=O,7.51,1.7111984104714453,2
CHEMBL2815,Cn1cc(F)cc([C@H]2CCCN2c2ccn3ncc(C(=O)NC4CCC4)c3n2)c1=O,7.35,1.654629867976521,2
CHEMBL2815,Cn1cc(F)cc([C@H]2CCCN2c2ccn3ncc(C(=O)NCC4CC4)c3n2)c1=O,8.35,0.0,1
CHEMBL2815,Cn1cc(F)cc([C@H]2CCCN2c2ccn3ncc(C(=O)N[C@@H]4CCCC[C@H]4O)c3n2)c1=O,7.97,0.0,1
CHEMBL2815,Cn1cc(F)cc([C@H]2CCCN2c2ccn3ncc(C(=O)N[C@H](CO)C(C)(C)C)c3n2)c1=O,7.12,0.0,1
CHEMBL2815,Cn1cc(F)cc([C@H]2CCCN2c2ccn3ncc(C(=O)Nc4ccc(F)cn4)c3n2)c1=O,8.0,0.0,1
CHEMBL2815,Cn1cc(F)cc([C@H]2CCCN2c2ccn3ncc(C(=O)Nc4ccc(O)cn4)c3n2)c1=O,8.0,0.0,1
CHEMBL2815,Cn1cc(F)cc([C@H]2CCCN2c2ccn3ncc(C(=O)Nc4cccnc4)c3n2)c1=O,8.06,0.0,1
CHEMBL2815,Cn1cc(NC(=O)c2cc(N3CCC[C@@H]3c3cc(F)ccc3F)c[nH]c2=O)cn1,7.79,0.0,1
CHEMBL2815,Cn1cc(NC(=O)c2cnn3ccc(N)nc23)c(-c2cc(Cl)ccc2Cl)n1,5.4,0.0,1
CHEMBL2815,Cn1ccc(-c2cc(C(=O)Nc3cc(C(=O)O)cnc3-c3ccccc3)ccc2C(F)(F)F)n1,7.65,0.0,1
CHEMBL2815,Cn1ccc(-c2cc(C(=O)Nc3cc(O)cnc3-c3ccccc3)ccc2C(F)(F)F)n1,7.15,0.0,1
CHEMBL2815,Cn1ccc(-c2cc(C(=O)Nc3cc(OP(=O)(O)O)cnc3-c3ccccc3)ccc2C(F)(F)F)n1,6.1,0.0,1
CHEMBL2815,Cn1ccc(C(=O)Nc2cnn3ccc(N4CCC[C@@H]4c4cccc(F)c4)nc23)cc1=O,7.25,0.0,1
CHEMBL2815,Cn1ccc(C(=O)Nc2cnn3ccc(N4CCC[C@@H]4c4cccc(F)c4)nc23)n1,8.07,0.0,1
CHEMBL2815,Cn1ccc(NC(=O)c2cnn3ccc(N4CCC[C@@H]4c4cc(F)ccc4F)nc23)n1,8.81,0.0,1
CHEMBL2815,Cn1ccc2c(NCc3cccc(F)c3)nc(Nc3cccc(C(=O)NC4CCCNC4)c3)nc21,5.25,0.0,1
CHEMBL2815,Cn1ccc2cc(Nc3ncc(C(F)(F)F)c(N[C@H]4CC[C@@H](N)CC4)n3)ccc2c1=O,7.65,0.0,1
CHEMBL2815,Cn1ccnc1C(=O)Nc1cnn2ccc(N3CCC[C@@H]3c3cccc(F)c3)nc12,7.45,0.0,1
CHEMBL2815,Cn1cnc(CNC(=O)c2cnn3ccc(N4CCC[C@@H]4c4cc(F)ccc4F)nc23)c1,8.53,0.0,1
CHEMBL2815,Cn1cncc1CCNC(=O)c1cnn2ccc(N3CCC[C@@H]3c3cc(F)ccc3F)nc12,8.96,0.0,1
CHEMBL2815,Cn1nc(-c2ccccc2)cc1NC(=O)N[C@@H]1CN(CC(F)(F)F)C[C@H]1c1cccc(F)c1,6.26,0.0,1
CHEMBL2815,Cn1nc(-c2ccccc2)cc1NC(=O)N[C@@H]1c2ccccc2C(C)(C)C[C@H]1O,6.26,0.0,1
CHEMBL2815,Cn1nc(C(=O)Nc2cnc3ccc(N4CCC[C@@H]4c4cc(F)ccc4F)nn23)ccc1=O,8.64,0.0,1
CHEMBL2815,Cn1nc(C(=O)Nc2cnn3ccc(N4CCC[C@@H]4c4cccc(F)c4)nc23)ccc1=O,7.72,0.0,1
CHEMBL2815,Cn1nc(C(C)(C)C)cc1NC(=O)Nc1cccc(Nc2ccc3c(-c4cn[nH]c4)n[nH]c3c2)c1,7.355,0.5586143571373728,2
CHEMBL2815,Cn1nc(C(C)(C)C)cc1NC(=O)Nc1cccc(Oc2cncc(-c3ccc(S(C)(=O)=O)cc3)n2)c1,6.31,0.0,1
CHEMBL2815,Cn1nc(C(C)(C)C)nc1CC(=O)Nc1cc(C(=O)c2cn(CCO)c3ccncc23)ccn1,5.96,0.0,1
CHEMBL2815,Cn1ncc2cc(-n3nc(C(C)(C)C)cc3NC(=O)Nc3cnc(Oc4ccc(-c5cnc(N6CCCC6=O)s5)cc4)nc3)ccc21,7.52,0.0,1
CHEMBL2815,FCCOc1ccc(F)cc1[C@H]1CCCN1c1ccn2ncc(-c3cn[nH]c3)c2n1,8.936666666666667,0.14571661996262864,3
CHEMBL2815,Fc1cc(Br)cc(CNc2ccc3[nH]nc(/C=C/c4ccccn4)c3c2)c1,7.98,0.0,1
CHEMBL2815,Fc1cc(CNc2ccc3[nH]nc(/C=C/c4ccccn4)c3c2)cc(C(F)(F)F)c1,7.12,0.0,1
CHEMBL2815,Fc1cc(Cl)cc(CNc2ccc3[nH]nc(/C=C/c4ccccn4)c3c2)c1,8.7,0.0,1
CHEMBL2815,Fc1cc(F)cc(-c2ccc3[nH]nc(/C=C/c4ccccn4)c3c2)c1,6.6,0.0,1
CHEMBL2815,Fc1cc(F)cc(CCc2ccc3[nH]nc(/C=C/c4ccccn4)c3c2)c1,8.43,0.0,1
CHEMBL2815,Fc1cc(F)cc(CNc2ccc3[nH]nc(/C=C/c4ccccn4)c3c2)c1,8.82,0.0,1
CHEMBL2815,Fc1cc(F)cc(COc2ccc3[nH]nc(/C=C/c4ccccn4)c3c2)c1,7.88,0.0,1
CHEMBL2815,Fc1cc(F)cc(Cc2ccc3[nH]nc(-c4ccccn4)c3c2)c1,6.48,0.0,1
CHEMBL2815,Fc1cc(F)cc(Cc2ccc3[nH]nc(-c4cccnc4)c3c2)c1,6.1,0.5798275605729682,2
CHEMBL2815,Fc1cc(F)cc(Cc2ccc3[nH]nc(-c4ccn[nH]4)c3c2)c1,5.87,0.0,1
CHEMBL2815,Fc1cc(F)cc(Cc2ccc3[nH]nc(-c4ccncc4)c3c2)c1,6.37,0.7778174593052021,2
CHEMBL2815,Fc1cc(F)cc(Cc2ccc3[nH]nc(-c4ccoc4)c3c2)c1,6.275,0.8131727983645296,2
CHEMBL2815,Fc1cc(F)cc(Cc2ccc3[nH]nc(-c4cn[nH]c4)c3c2)c1,6.605,0.7000357133746818,2
CHEMBL2815,Fc1cc(F)cc(Cc2ccc3[nH]nc(/C=C/c4ccccn4)c3c2)c1,8.12,0.0,1
CHEMBL2815,Fc1cc(F)cc(Cc2ccc3[nH]nc(Nc4n[nH]c5cc(N6CCCCC6)ccc45)c3c2)c1,8.59,0.0,1
CHEMBL2815,Fc1cc(F)cc(Cc2ccc3[nH]nc(Nc4n[nH]c5cc(N6CCOCC6)ccc45)c3c2)c1,8.52,0.0,1
CHEMBL2815,Fc1cc(F)cc(Cc2ccc3[nH]nc(Nc4ncnc5cc(N6CCCCC6)ccc45)c3c2)c1,8.72,0.0,1
CHEMBL2815,Fc1cc(F)cc(Cc2ccc3[nH]nc(Nc4ncnc5cc(N6CCOCC6)ccc45)c3c2)c1,8.66,0.0,1
CHEMBL2815,Fc1cc(F)cc(NCc2ccc3[nH]nc(/C=C/c4ccccn4)c3c2)c1,7.98,0.0,1
CHEMBL2815,Fc1cc(F)cc(Nc2ccc3[nH]nc(/C=C/c4ccccn4)c3c2)c1,6.96,0.0,1
CHEMBL2815,Fc1cc(F)cc(OCc2ccc3[nH]nc(/C=C/c4ccccn4)c3c2)c1,7.68,0.0,1
CHEMBL2815,Fc1cc(F)cc(Oc2ccc3[nH]nc(/C=C/c4ccccn4)c3c2)c1,7.63,0.0,1
CHEMBL2815,Fc1cc(F)cc(Sc2ccc3[nH]nc(/C=C/c4ccccn4)c3c2)c1,7.62,0.0,1
CHEMBL2815,Fc1ccc(-c2cnn3ccc(N4CCC[C@@H]4c4cc(F)ccc4F)nc23)cc1,7.726666666666667,0.35641735835019756,3
CHEMBL2815,Fc1ccc(CNc2ccc3[nH]nc(/C=C/c4ccccn4)c3c2)cc1,7.31,0.0,1
CHEMBL2815,Fc1ccc(F)c([C@H]2CCCN2c2ccn3ncc(-c4cn[nH]c4)c3n2)c1,8.64,0.22068076490713848,3
CHEMBL2815,Fc1ccc(F)c([C@H]2CCCN2c2ccn3ncc(-c4cnn(C(F)F)c4)c3n2)c1,8.746666666666668,0.29091808698211535,3
CHEMBL2815,Fc1ccc(F)c([C@H]2CCCN2c2ccn3ncc(-c4cnn(C5COC5)c4)c3n2)c1,8.405000000000001,0.007071067811865952,2
CHEMBL2815,Fc1ccc(OCC(F)(F)F)c([C@H]2CCCN2c2ccn3ncc(-c4cn[nH]c4)c3n2)c1,9.07,0.09848857801796115,3
CHEMBL2815,Fc1ccc(OCC(F)F)c(CNc2ccc3[nH]nc(-c4cnoc4)c3c2)c1,7.7925,0.4814820868942065,4
CHEMBL2815,Fc1ccc(OCC(F)F)c(CNc2ccc3[nH]nc(-n4ccnn4)c3c2)c1,7.9075,0.8145090545844162,4
CHEMBL2815,Fc1ccc(OCC(F)F)c(CNc2ccc3[nH]nc(-n4cncn4)c3c2)c1,8.106666666666667,0.775972508104078,3
CHEMBL2815,Fc1ccc(OCC(F)F)c([C@H]2CCCN2c2ccn3ncc(-c4cn[nH]c4)c3n2)c1,8.936666666666667,0.24090108620206185,3
CHEMBL2815,Fc1ccc2c(c1)[C@H]1CCCN1c1ccn3ncc(c3n1)CNCCCO2,5.81,0.0,1
CHEMBL2815,Fc1ccc2c(c1)[C@H]1CCCN1c1ccn3ncc(c3n1)CNCCO2,5.81,0.0,1
CHEMBL2815,Fc1cccc(CNc2ccc3[nH]nc(/C=C/c4ccccn4)c3c2)c1,8.24,0.0,1
CHEMBL2815,Fc1cccc(CNc2nc(Nc3ccc(N4CCOCC4)cc3)ncc2Cl)c1,6.1,0.0,1
CHEMBL2815,Fc1cccc(CNc2nc(Nc3cccc(N4CCOCC4)c3)ncc2Cl)c1,7.0,0.0,1
CHEMBL2815,Fc1ccccc1CNc1ccc2[nH]nc(/C=C/c3ccccn3)c2c1,8.06,0.0,1
CHEMBL2815,N#CC1(C(=O)Nc2cnn3ccc(N4CCC[C@@H]4c4cc(F)ccc4F)nc23)CC1,8.38,0.0,1
CHEMBL2815,N#CCN1C[C@@H](NC(=O)Nc2c3c(nn2-c2ccccc2)CCC3)[C@H](c2ccccc2)C1,6.26,0.0,1
CHEMBL2815,N#CCNC(=O)c1cnn2ccc(N3CCCC3c3cc(F)ccc3F)nc12,9.15,0.0,1
CHEMBL2815,N#CCNC(=O)c1cnn2ccc(N3CCC[C@@H]3c3cc(F)ccc3F)nc12,9.15,0.0,1
CHEMBL2815,N#Cc1c[nH]c2ccc(Nc3cccc(C(=O)Nc4ccc(Br)cc4)c3)cc12,6.1,0.0,1
CHEMBL2815,N#Cc1c[nH]c2ccc(Nc3cccc(C(=O)Nc4ccc(Cl)cc4)c3)cc12,6.07,0.0,1
CHEMBL2815,N#Cc1c[nH]c2ccc(Nc3cccc(C(=O)Nc4ccc(F)cc4)c3)cc12,6.03,0.0,1
CHEMBL2815,N#Cc1c[nH]c2ccc(Nc3cccc(C(=O)Nc4ccc(OC(F)(F)F)cc4)c3)cc12,6.16,0.0,1
CHEMBL2815,N#Cc1c[nH]c2ccc(Nc3cccc(C(=O)Nc4ccc5c(c4)OCCCO5)c3)cc12,5.98,0.0,1
CHEMBL2815,N#Cc1c[nH]c2ccc(Nc3cccc(C(=O)Nc4ccc5c(c4)OCCO5)c3)cc12,6.38,0.0,1
CHEMBL2815,N#Cc1c[nH]c2ccc(Nc3cccc(C(=O)Nc4cccc(Br)c4)c3)cc12,6.4,0.0,1
CHEMBL2815,N#Cc1c[nH]c2ccc(Nc3cccc(C(=O)Nc4cccc(Cl)c4)c3)cc12,5.98,0.0,1
CHEMBL2815,N#Cc1c[nH]c2ccc(Nc3cccc(C(=O)Nc4cccc(F)c4)c3)cc12,5.99,0.0,1
CHEMBL2815,N#Cc1c[nH]c2ccc(Nc3cccc(C(=O)Nc4ccccc4)c3)cc12,5.94,0.0,1
CHEMBL2815,N#Cc1cc(F)cc(CNc2ccc3[nH]nc(/C=C/c4ccccn4)c3c2)c1,8.46,0.0,1
CHEMBL2815,N#Cc1ccc(CC(=O)Nc2cc(C(=O)c3cn(C4COC4)c4ccncc34)ccn2)cc1,6.69,0.0,1
CHEMBL2815,N#Cc1ccc(CC(=O)Nc2cc(C(=O)c3cn(C4COC4)c4ccncc34)ccn2)cc1C(F)(F)F,6.86,0.0,1
CHEMBL2815,N#Cc1ccc(CC(=O)Nc2cncc(C(=O)c3c[nH]c4ncncc34)c2)cc1,5.16,0.0,1
CHEMBL2815,N#Cc1ccc(CC(=O)Nc2cncc(C(=O)c3cn(C4(CO)CC4)c4ncncc34)c2)cc1,7.36,0.0,1
CHEMBL2815,N#Cc1ccc(CC(=O)Nc2cncc(C(=O)c3cn(C45CC(C4)C5)c4nc(N)ncc34)c2)cc1,8.01,0.0,1
CHEMBL2815,N#Cc1ccc(CC(=O)Nc2cncc(C(=O)c3cn(C4COC4)c4ncncc34)c2)cc1,5.92,0.0,1
CHEMBL2815,N#Cc1ccc(N2CC[C@@H](Nc3c(C(N)=O)cnc4[nH]ccc34)[C@@H](F)C2)nc1,6.33,0.0,1
CHEMBL2815,N#Cc1ccc(NC(=O)Nc2cnc3ccc(N4CCC[C@@H]4c4cc(F)ccc4F)nn23)cc1,7.97,0.0,1
CHEMBL2815,N#Cc1ccc2c(c1)cc(C(=O)O)n2CCOc1ccc(OC(F)(F)F)cc1,6.93,0.0,1
CHEMBL2815,N#Cc1cccc(CC(=O)Nc2cncc(C(=O)c3cn(C4COC4)c4ncncc34)c2)c1,5.51,0.0,1
CHEMBL2815,N#Cc1cccc(NC(=O)Nc2cnc3ccc(N4CCC[C@@H]4c4cc(F)ccc4F)nn23)c1,7.13,0.0,1
CHEMBL2815,N#Cc1cnc(C(=O)Nc2ccc(C3CCN(CCN4CCOCC4)CC3)cc2C2=CCCCC2)[nH]1,7.72,0.0,1
CHEMBL2815,N#Cc1n[nH]c2ccc(NCc3cc(F)ccc3OCC(F)F)cc12,7.234999999999999,0.906623773495195,4
CHEMBL2815,NC(=O)C(=O)Nc1cnn2ccc(N3CCC[C@@H]3c3cc(F)ccc3F)nc12,8.33,0.0,1
CHEMBL2815,NC(=O)CN1C[C@@H](NC(=O)Nc2c3c(nn2-c2ccccc2)CCC3)[C@H](c2ccccc2)C1,5.26,0.0,1
CHEMBL2815,NC(=O)Cn1cc(C(=O)c2cncc(NC(=O)Cc3ccc(Cl)cc3)c2)c2cncnc21,5.91,0.0,1
CHEMBL2815,NC(=O)Nc1cnc2ccc(N3CCC[C@@H]3c3cc(F)ccc3F)nn12,7.11,0.0,1
CHEMBL2815,NC(=O)Nc1n[nH]c2ccc(Cc3cc(F)cc(F)c3)cc12,5.385,1.689985207035848,2
CHEMBL2815,NC(=O)Nc1snc(SC2CCCc3ccccc32)c1C(N)=O,6.98,0.0,1
CHEMBL2815,NC(=O)Nc1snc(SC2CCc3cc(Cl)ccc32)c1C(N)=O,8.0,0.0,1
CHEMBL2815,NC(=O)c1c(SCC2CCCCC2)nsc1Nc1cccnc1,6.21,0.0,1
CHEMBL2815,NC(=O)c1c(SCc2ccc(Cl)cc2)nsc1Nc1ccc(O)nc1,7.08,0.0,1
CHEMBL2815,NC(=O)c1c(SCc2ccc(Cl)cc2)nsc1Nc1ccccn1,7.48,0.0,1
CHEMBL2815,NC(=O)c1c(SCc2ccc(Cl)cc2)nsc1Nc1cccnc1,7.72,0.0,1
CHEMBL2815,NC(=O)c1c(SCc2ccc(Cl)cc2)nsc1Nc1ccncc1,7.35,0.0,1
CHEMBL2815,NC(=O)c1c(SCc2ccc(Cl)cc2)nsc1Nc1ccncn1,7.33,0.0,1
CHEMBL2815,NC(=O)c1c(SCc2ccccc2Cl)nsc1Nc1ccncc1,7.55,0.0,1
CHEMBL2815,NC(=O)c1c[nH]c2ccc(Nc3cccc(C(=O)Nc4ccc(Br)cc4)c3)cc12,5.82,0.0,1
CHEMBL2815,NC(=O)c1c[nH]c2ccc(Nc3cccc(C(=O)Nc4ccc(Cl)cc4)c3)cc12,5.84,0.0,1
CHEMBL2815,NC(=O)c1c[nH]c2ccc(Nc3cccc(C(=O)Nc4ccc(OC(F)(F)F)cc4)c3)cc12,5.3,0.0,1
CHEMBL2815,NC(=O)c1c[nH]c2ccc(Nc3cccc(C(=O)Nc4ccc5c(c4)OCCCO5)c3)cc12,5.3,0.0,1
CHEMBL2815,NC(=O)c1c[nH]c2ccc(Nc3cccc(C(=O)Nc4cccc(Br)c4)c3)cc12,5.41,0.0,1
CHEMBL2815,NC(=O)c1c[nH]c2ccc(Nc3cccc(C(=O)Nc4cccc(Cl)c4)c3)cc12,5.64,0.0,1
CHEMBL2815,NC(=O)c1c[nH]c2ccc(Nc3cccc(C(=O)Nc4ccccc4)c3)cc12,5.1,0.0,1
CHEMBL2815,NC(=O)c1ccc(-c2nnn(CC(=O)Nc3cc(C(F)(F)F)ccc3-n3cncn3)n2)cc1,7.33,0.0,1
CHEMBL2815,NC(=O)c1ccc(Nc2ncc(Cl)c(NCc3cccc(F)c3)n2)cc1,7.05,0.0,1
CHEMBL2815,NC(=O)c1cnn2ccc(N3CCCC3c3cc(F)cnc3CO)nc12,8.59,0.0,1
CHEMBL2815,NC(=O)c1cnn2ccc(N3CCCC3c3cncc(F)c3)nc12,7.35,0.0,1
CHEMBL2815,NC(=O)c1cnn2ccc(N3CCC[C@@H]3c3cc(F)cc(OCC(O)CO)c3)nc12,7.77,0.0,1
CHEMBL2815,NC(=O)c1cnn2ccc(N3CCC[C@@H]3c3cc(F)cc(OCCN4CCOCC4)c3)nc12,7.05,0.0,1
CHEMBL2815,NC(=O)c1cnn2ccc(N3CCC[C@@H]3c3cc(F)ccc3C(F)(F)F)nc12,7.5200000000000005,1.8101933598375621,2
CHEMBL2815,NC(=O)c1cnn2ccc(N3CCC[C@@H]3c3cc(F)ccc3F)nc12,8.715,0.007071067811865952,2
CHEMBL2815,NC(=O)c1cnn2ccc(N3CCC[C@@H]3c3cc(F)ccc3OCC(O)CO)nc12,8.38,0.0,1
CHEMBL2815,NC(=O)c1cnn2ccc(N3CCC[C@@H]3c3cc(F)ccc3OCCN3CCOCC3)nc12,7.57,0.0,1
CHEMBL2815,NC(=O)c1cnn2ccc(N3CCC[C@@H]3c3cc(F)cnc3CO)nc12,8.59,0.0,1
CHEMBL2815,NC(=O)c1cnn2ccc(N3CCC[C@@H]3c3cccc(F)c3)nc12,7.9,0.0,1
CHEMBL2815,NC(=O)c1nccnc1C1=C2N=CC=CN2N(N2CCC[C@@H]2c2cc(F)ccc2F)C1,8.66,0.0,1
CHEMBL2815,NC1CCCN(C(=O)Nc2cnc3ccc(N4CCC[C@@H]4c4cc(F)ccc4F)nn23)C1,7.38,0.0,1
CHEMBL2815,NC1CCN(C(=O)Nc2cnc3ccc(N4CCC[C@@H]4c4cc(F)ccc4F)nn23)CC1,7.28,0.0,1
CHEMBL2815,NC1CCN(C(=O)c2ccc(Nc3n[nH]c4ncc(Cc5cc(F)ccc5F)cc34)cc2)CC1,6.58,0.0,1
CHEMBL2815,NC1CCN(C(=O)c2cccc(Nc3n[nH]c4ncc(Cc5cc(F)ccc5F)cc34)c2)CC1,6.36,0.0,1
CHEMBL2815,NC1CCN(C(=O)c2cccc(Nc3ncc(Cl)c(NCc4cccc(F)c4)n3)c2)CC1,7.22,0.0,1
CHEMBL2815,NC1CCN(Cc2ccn3ncnc(Oc4ccc(NC(=O)NC(=O)Cc5ccc(F)cc5)cc4F)c23)CC1,6.7,0.0,1
CHEMBL2815,NC1CN(C(=O)Nc2cnc3ccc(N4CCC[C@@H]4c4cc(F)ccc4F)nn23)C1,6.9,0.0,1
CHEMBL2815,NCCCC[C@@H]1NC(=O)c2cc([N+](=O)[O-])ccc2NCc2ccc(C(N)=O)cc2NC(=O)[C@H](CO)NC1=O,5.4,0.0,1
CHEMBL2815,NCCCNC(=O)c1cnn2ccc(N3CCC[C@@H]3c3cc(F)c[nH]c3=O)nc12,7.9,0.0,1
CHEMBL2815,NS(=O)(=O)CCNC(=O)c1cnn2ccc(N3CCCC3c3cc(F)ccc3F)nc12,8.82,0.0,1
CHEMBL2815,NS(=O)(=O)CCNC(=O)c1cnn2ccc(N3CCC[C@@H]3c3cc(F)ccc3F)nc12,8.82,0.0,1
CHEMBL2815,NS(=O)(=O)N1CCC(NC(=O)c2cnn3ccc(N4CCCC4c4cc(F)ccc4F)nc23)CC1,8.85,0.0,1
CHEMBL2815,NS(=O)(=O)N1CCC(NC(=O)c2cnn3ccc(N4CCC[C@@H]4c4cc(F)ccc4F)nc23)CC1,7.779999999999999,1.5132085117392111,2
CHEMBL2815,NS(=O)(=O)c1ccc(CNc2nc(Nc3cccc(CN4CCOCC4)c3)ncc2Br)cc1,6.8,0.0,1
CHEMBL2815,NS(=O)(=O)c1ccc(CNc2nc(Nc3cccc(CN4CCOCC4)c3)ncc2C2CC2)cc1,6.82,0.0,1
CHEMBL2815,NS(=O)(=O)c1ccc(CNc2nc(Nc3cccc(NC(=O)N4CCCC4)c3)ncc2Br)cc1,6.55,0.0,1
CHEMBL2815,NS(=O)(=O)c1ccc(CNc2nc(Nc3cccc(NC(=O)N4CCCC4)c3)ncc2C2CC2)cc1,6.32,0.0,1
CHEMBL2815,NS(=O)(=O)c1ccc(Nc2ncc(Cl)c(NCc3cccc(F)c3)n2)cc1,5.8,0.0,1
CHEMBL2815,NS(=O)(=O)c1ccc2c(c1)/C(=C/c1c[nH]c3ccc(O)cc13)C(=O)N2,8.28,0.0,1
CHEMBL2815,NS(=O)(=O)c1ccc2c(c1)/C(=C/c1c[nH]c3ccccc13)C(=O)N2,7.95,0.0,1
CHEMBL2815,NS(=O)(=O)c1cccc(N/C=C2\C(=O)Nc3ccccc32)c1,7.2,0.0,1
CHEMBL2815,NS(=O)(=O)c1cccc(Nc2ncc(Cl)c(NCc3cccc(F)c3)n2)c1,6.85,0.0,1
CHEMBL2815,Nc1cc(-c2cnc3[nH]cc(-c4ccncc4)c3c2)ccc1C(=O)N1CCOCC1,7.05,0.0,1
CHEMBL2815,Nc1cc(-c2cnc3[nH]cc(-c4ccncc4)c3c2)ccc1Cl,7.27,0.0,1
CHEMBL2815,Nc1cc(C(=O)N2CCOCC2)cc(-c2cnc3[nH]cc(-c4ccncc4)c3c2)c1,7.19,0.0,1
CHEMBL2815,Nc1cc(NS(=O)(=O)c2ccc(F)cc2F)cc(-c2cnc3[nH]cc(-c4ccncc4)c3c2)c1,8.53,0.0,1
CHEMBL2815,Nc1cc(NS(=O)(=O)c2cccc(C(F)(F)F)c2)cc(-c2cnc3[nH]cc(-c4ccncc4)c3c2)c1,8.78,0.0,1
CHEMBL2815,Nc1cc(NS(=O)(=O)c2ccccc2)cc(-c2cnc3[nH]cc(-c4ccncc4)c3c2)c1,8.03,0.0,1
CHEMBL2815,Nc1cc(OCCN2CCOCC2)cc(-c2cnc3[nH]cc(-c4ccncc4)c3c2)c1,8.08,0.0,1
CHEMBL2815,Nc1ccc(-c2cnc3[nH]cc(-c4ccncc4)c3c2)cc1,7.6,0.0,1
CHEMBL2815,Nc1ccc(Cc2cccc(NC(=O)N3CCN(c4ccccc4)C3=O)c2)cn1,7.7,0.0,1
CHEMBL2815,Nc1ccc(NS(=O)(=O)c2ccccc2)c(-c2cnc3[nH]cc(-c4ccncc4)c3c2)c1,5.5,0.0,1
CHEMBL2815,Nc1cccc(-c2cnc3[nH]cc(-c4ccncc4)c3c2)c1,7.37,0.0,1
CHEMBL2815,Nc1cncc(-c2cnc3[nH]cc(-c4ccncc4)c3c2)c1,7.16,0.0,1
CHEMBL2815,Nc1nc2[nH]c(CN3CCN(c4cc(Cl)cc(Cl)c4)CC3)c(CN3CCN(c4cc(Cl)cc(Cl)c4)CC3)c2c(=O)[nH]1,4.91,0.0,1
CHEMBL2815,Nc1ncc(-c2cnn(C3CCNCC3)c2)cc1NCc1ccccc1,6.09,0.0,1
CHEMBL2815,Nc1ncc(F)cc1[C@H]1CCCN1c1ccn2ncc(C(=O)N3CCC3)c2n1,7.31,0.0,1
CHEMBL2815,Nc1ncc2c(C(=O)c3cncc(NC(=O)Cc4ccc(Cl)cn4)c3)cn(C34CC(C3)C4)c2n1,9.17,0.0,1
CHEMBL2815,Nc1ncc2c(C(=O)c3cncc(NC(=O)Cc4ccc(F)cn4)c3)cn(C34CC(C3)C4)c2n1,8.22,0.0,1
CHEMBL2815,Nc1ncc2c(C(=O)c3cncc(NC(=O)Cn4cc(C(F)(F)F)nn4)c3)cn(C34CC(C3)C4)c2n1,8.49,0.0,1
CHEMBL2815,Nc1ncc2c(C(=O)c3cncc(NC(=O)Cn4ccc(C(F)(F)F)n4)c3)cn(C34CC(C3)C4)c2n1,9.08,0.0,1
CHEMBL2815,Nc1ncnn2ccc(C(=O)Nc3ccc(NC(=O)Nc4cccc(F)c4)cc3)c12,5.73,0.0,1
CHEMBL2815,Nc1nn2ccc3nc2c1C(=O)NCCCCOc1ncc(F)cc1[C@H]1C[C@H](F)CN31,9.29,0.0,1
CHEMBL2815,Nc1nn2ccc3nc2c1C(=O)NCCCCc1cccc(n1)C1CCCN31,9.08,0.0,1
CHEMBL2815,Nc1nn2ccc3nc2c1C(=O)NCCCOc1ccc(F)cc1[C@H]1CCCN31,9.1,0.0,1
CHEMBL2815,Nc1nn2ccc3nc2c1C(=O)NCCCOc1ncc(F)cc1C1CCCN31,9.24,0.0,1
CHEMBL2815,Nc1nn2ccc3nc2c1C(=O)NCCCOc1ncc(F)cc1C1C[C@@H](F)CN31,9.19,0.0,1
CHEMBL2815,Nc1nn2ccc3nc2c1C(=O)NCCCOc1ncc(F)cc1[C@H]1CCCN31,9.4,0.0,1
CHEMBL2815,Nc1nn2ccc3nc2c1C(=O)NCCCOc1ncc(F)cc1[C@H]1C[C@H](F)CN31,9.14,0.0,1
CHEMBL2815,Nc1nn2ccc3nc2c1C(=O)NCCCOc1ncccc1[C@H]1CCCN31,9.33,0.0,1
CHEMBL2815,Nc1nn2ccc3nc2c1C(=O)NCCCc1ncc(F)cc1[C@H]1C[C@H](F)CN31,9.68,0.0,1
CHEMBL2815,Nc1nn2ccc3nc2c1C(=O)NCCCn1cc(F)cc(c1=O)C1CCCN31,9.07,0.0,1
CHEMBL2815,Nc1nn2ccc3nc2c1C(=O)NCCCn1cc(F)cc(c1=O)[C@H]1CCCN31,9.24,0.0,1
CHEMBL2815,Nc1nn2ccc3nc2c1C(=O)NCCCn1cc(F)cc(c1=O)[C@H]1C[C@H](F)CN31,9.64,0.0,1
CHEMBL2815,Nc1nn2ccc3nc2c1C(=O)NCCOc1ccc(F)cc1[C@@H]1CCCN31,8.42,0.0,1
CHEMBL2815,Nc1nn2ccc3nc2c1C(=O)NCCOc1ccc(F)cc1[C@H]1CCCN31,9.39,0.0,1
CHEMBL2815,Nc1nn2ccc3nc2c1C(=O)NCCOc1ncc(F)cc1C1CCCN31,9.1,0.0,1
CHEMBL2815,Nc1nn2ccc3nc2c1C(=O)NCCOc1ncc(F)cc1[C@H]1C[C@@H](O)CN31,9.36,0.0,1
CHEMBL2815,Nc1nn2ccc3nc2c1C(=O)NCCOc1ncc(F)cc1[C@H]1C[C@H](F)CN31,9.17,0.0,1
CHEMBL2815,Nc1nn2ccc3nc2c1C(=O)NCCOc1ncccc1C1CCCN31,8.98,0.0,1
CHEMBL2815,Nc1nn2ccc3nc2c1C(=O)NCCOc1ncccc1[C@H]1CCCN31,9.43,0.0,1
CHEMBL2815,O=C(CCc1ccco1)Nc1nc(-c2ccccc2)cs1,7.89,0.0,1
CHEMBL2815,O=C(CN1Cc2ccccc2C1=O)Nc1cncc(C(=O)c2cn(C3COC3)c3ncncc23)c1,5.51,0.0,1
CHEMBL2815,O=C(CO)N1CCOc2ccc(F)cc2[C@H]2CCCN2c2ccn3ncc(c3n2)C1,7.26,0.0,1
CHEMBL2815,O=C(Cc1ccc(C(F)(F)F)c(F)c1)Nc1cncc(C(=O)c2cn(C(CO)CO)c3ncncc23)c1,6.36,0.0,1
CHEMBL2815,O=C(Cc1ccc(C(F)(F)F)cc1)Nc1cc(C(=O)c2cn(CCO)c3ccncc23)ccn1,7.7,0.0,1
CHEMBL2815,O=C(Cc1ccc(C(F)(F)F)cc1)Nc1cncc(C(=O)c2cn(C(CO)CO)c3ncncc23)c1,6.47,0.0,1
CHEMBL2815,O=C(Cc1ccc(C(F)(F)F)cc1)Nc1cncc(C(=O)c2cn(C3(CO)CC3)c3ncncc23)c1,8.34,0.0,1
CHEMBL2815,O=C(Cc1ccc(C(F)(F)F)cc1)Nc1cncc(C(=O)c2cn(C3(CO)COC3)c3ncncc23)c1,7.28,0.0,1
CHEMBL2815,O=C(Cc1ccc(Cl)c(Cl)c1)Nc1cc(C(=O)c2cn(CCO)c3ccncc23)ccn1,7.65,0.0,1
CHEMBL2815,O=C(Cc1ccc(Cl)c(Cl)c1)Nc1cncc(C(=O)c2cn(C(CO)CO)c3ncncc23)c1,6.53,0.0,1
CHEMBL2815,O=C(Cc1ccc(Cl)c(Cl)c1)Nc1cncc(C(=O)c2cn(C3COC3)c3ncncc23)c1,7.08,0.0,1
CHEMBL2815,O=C(Cc1ccc(Cl)cc1)Nc1cc(C(=O)c2cn(CCO)c3ccncc23)ccn1,7.23,0.0,1
CHEMBL2815,O=C(Cc1ccc(Cl)cc1)Nc1cncc(C(=O)c2c[nH]c3ncncc23)c1,6.23,0.0,1
CHEMBL2815,O=C(Cc1ccc(Cl)cc1)Nc1cncc(C(=O)c2cn(C(CO)CO)c3ncncc23)c1,6.46,0.0,1
CHEMBL2815,O=C(Cc1ccc(Cl)cc1)Nc1cncc(C(=O)c2cn(C3(CO)COC3)c3ncncc23)c1,6.27,0.0,1
CHEMBL2815,O=C(Cc1ccc(Cl)cc1)Nc1cncc(C(=O)c2cn(C3COC3)c3ncncc23)c1,6.54,0.0,1
CHEMBL2815,O=C(Cc1ccc(Cl)cc1Cl)Nc1cncc(C(=O)c2cn(C(CO)CO)c3ncncc23)c1,7.26,0.0,1
CHEMBL2815,O=C(Cc1ccc(Cl)cn1)Nc1cncc(C(=O)c2cn(C(CO)CO)c3ncncc23)c1,6.0,0.0,1
CHEMBL2815,O=C(Cc1ccc(Cl)cn1)Nc1cncc(C(=O)c2cn(C3(CO)CC3)c3ncncc23)c1,7.94,0.0,1
CHEMBL2815,O=C(Cc1ccc(Cl)cn1)Nc1cncc(C(=O)c2cn(C3(CO)COC3)c3ncncc23)c1,6.37,0.0,1
CHEMBL2815,O=C(Cc1ccc(F)cc1)Nc1cc(C(=O)c2cn(C3COC3)c3ccncc23)ccn1,6.64,0.0,1
CHEMBL2815,O=C(Cc1ccc(F)cc1)Nc1cc(C(=O)c2cn(CCO)c3ccncc23)ccn1,6.37,0.0,1
CHEMBL2815,O=C(Cc1ccc(F)cc1F)Nc1cc(C(=O)c2cn(C3COC3)c3ccncc23)ccn1,6.98,0.0,1
CHEMBL2815,O=C(Cc1ccc(F)cc1F)Nc1cc(C(=O)c2cn(CCO)c3ccncc23)ccn1,6.52,0.0,1
CHEMBL2815,O=C(Cc1ccc(F)cn1)Nc1cc(C(=O)c2cn(C3COC3)c3ccncc23)ccn1,5.89,0.0,1
CHEMBL2815,O=C(Cc1ccc(OC(F)(F)F)cc1)Nc1cncc(C(=O)c2cn(C(CO)CO)c3ncncc23)c1,6.3,0.0,1
CHEMBL2815,O=C(Cc1ccc2cccnc2c1)Nc1cncc(C(=O)c2cn(C(CO)CO)c3ncncc23)c1,6.16,0.0,1
CHEMBL2815,O=C(Cc1ccc2cccnc2c1)Nc1cncc(C(=O)c2cn(C3COC3)c3ncncc23)c1,6.16,0.0,1
CHEMBL2815,O=C(Cc1cccc(C(F)(F)F)c1)Nc1cncc(C(=O)c2cn(C(CO)CO)c3ncncc23)c1,7.41,0.0,1
CHEMBL2815,O=C(Cc1cccc(Cl)c1)Nc1cc(C(=O)c2cn(CCO)c3ccncc23)ccn1,6.7,0.0,1
CHEMBL2815,O=C(Cc1cccc(Cl)c1)Nc1cncc(C(=O)c2cn(C3COC3)c3ncncc23)c1,6.33,0.0,1
CHEMBL2815,O=C(Cc1cccc(OC(F)(F)F)c1)Nc1cc(C(=O)c2cn(C3COC3)c3ccncc23)ccn1,7.86,0.0,1
CHEMBL2815,O=C(Cc1cccc(OC(F)(F)F)c1)Nc1cncc(C(=O)c2cn(C(CO)CO)c3ncncc23)c1,6.36,0.0,1
CHEMBL2815,O=C(Cc1ccccc1OC(F)(F)F)Nc1cc(C(=O)c2cn(CCO)c3ccncc23)ccn1,6.01,0.0,1
CHEMBL2815,O=C(Cc1cn2cc(Cl)ccc2n1)Nc1cncc(C(=O)c2cn(C3COC3)c3ncncc23)c1,5.78,0.0,1
CHEMBL2815,O=C(Cc1coc(C2CC2)n1)Nc1cc(C(=O)c2cn(C3COC3)c3ccncc23)ccn1,6.28,0.0,1
CHEMBL2815,O=C(Cc1nc(C2CC2)oc1C1CC1)Nc1cc(C(=O)c2cn(C3COC3)c3ccncc23)ccn1,6.755000000000001,0.5586143571373723,2
CHEMBL2815,O=C(Cn1cc(C(F)(F)F)nn1)Nc1cc(C(=O)c2cn(CCO)c3ccncc23)ccn1,6.47,0.0,1
CHEMBL2815,O=C(Cn1ccc(C(F)(F)F)n1)Nc1cncc(C(=O)c2cn(C(CO)CO)c3ncncc23)c1,6.53,0.0,1
CHEMBL2815,O=C(Cn1ccc(C(F)(F)F)n1)Nc1cncc(C(=O)c2cn(C3(CO)CC3)c3ncncc23)c1,8.02,0.0,1
CHEMBL2815,O=C(Cn1ccc(C(F)(F)F)n1)Nc1cncc(C(=O)c2cn(C3(CO)COC3)c3ncncc23)c1,6.81,0.0,1
CHEMBL2815,O=C(Cn1nccn1)Nc1cc(C(=O)c2cn(CCO)c3ccncc23)ccn1,5.01,0.0,1
CHEMBL2815,O=C(NC(CO)CO)c1cnn2ccc(N3CCC[C@@H]3c3cc(F)ccc3F)nc12,8.82,0.0,1
CHEMBL2815,O=C(NC1(C(=O)O)CC1)c1cnn2ccc(N3CCCC3c3cc(F)ccc3F)nc12,7.68,0.0,1
CHEMBL2815,O=C(NC1(C(=O)O)CC1)c1cnn2ccc(N3CCC[C@@H]3c3cc(F)ccc3F)nc12,7.68,0.0,1
CHEMBL2815,O=C(NC1(C(F)(F)F)CC1)c1cnn2ccc(N3CCC[C@@H]3c3cncc(F)c3)nc12,8.05,0.0,1
CHEMBL2815,O=C(NC1(CO)CC1)c1cnn2ccc(N3CCCC3c3cncc(F)c3)nc12,7.79,0.0,1
CHEMBL2815,O=C(NC1(CO)CC1)c1cnn2ccc(N3CCC[C@@H]3c3cc(F)ccc3F)nc12,9.05,0.0,1
CHEMBL2815,O=C(NC1CC1)c1cnn2ccc(N3CCCC3c3cc(F)ccc3CO)nc12,9.22,0.0,1
CHEMBL2815,O=C(NC1CC1)c1cnn2ccc(N3CCCC3c3cc(F)cnc3CO)nc12,8.89,0.0,1
CHEMBL2815,O=C(NC1CC1)c1cnn2ccc(N3CCC[C@@H]3c3cc(F)cc(OCC(O)CO)c3)nc12,8.77,0.0,1
CHEMBL2815,O=C(NC1CC1)c1cnn2ccc(N3CCC[C@@H]3c3cc(F)cc(OCCN4CCOCC4)c3)nc12,8.03,0.0,1
CHEMBL2815,O=C(NC1CC1)c1cnn2ccc(N3CCC[C@@H]3c3cc(F)ccc3CO)nc12,7.795,2.0152543263816605,2
CHEMBL2815,O=C(NC1CC1)c1cnn2ccc(N3CCC[C@@H]3c3cc(F)ccc3F)nc12,9.3,0.0,1
CHEMBL2815,O=C(NC1CC1)c1cnn2ccc(N3CCC[C@@H]3c3cc(F)ccc3OCC(O)CO)nc12,8.48,0.0,1
CHEMBL2815,O=C(NC1CC1)c1cnn2ccc(N3CCC[C@@H]3c3cc(F)ccc3OCCN3CCOCC3)nc12,7.79,0.0,1
CHEMBL2815,O=C(NC1CC1)c1cnn2ccc(N3CCC[C@@H]3c3cc(F)cnc3CO)nc12,7.525,1.930401512639275,2
CHEMBL2815,O=C(NC1CC1)c1cnn2ccc(N3CCC[C@@H]3c3cccc(F)c3)nc12,8.78,0.0,1
CHEMBL2815,O=C(NC1CC1)c1cnn2ccc(N3CCC[C@@H]3c3cncc(F)c3)nc12,8.13,0.0,1
CHEMBL2815,O=C(NC1CC1)c1cnn2ccc(N3C[C@H](O)C[C@@H]3c3cccc(F)c3)nc12,7.54,0.0,1
CHEMBL2815,O=C(NC1CCC(C(=O)O)CC1)c1cnn2ccc(N3CCCC3c3cc(F)ccc3F)nc12,8.82,0.0,1
CHEMBL2815,O=C(NC1CCC(O)CC1)c1cnn2ccc(N3CCCC3c3cc(F)ccc3CO)nc12,8.96,0.0,1
CHEMBL2815,O=C(NC1CCC(O)CC1)c1cnn2ccc(N3CCCC3c3cncc(F)c3)nc12,8.33,0.0,1
CHEMBL2815,O=C(NC1CCC(O)CC1)c1cnn2ccc(N3CCC[C@@H]3c3cncc(F)c3)nc12,8.24,0.12727922061357835,2
CHEMBL2815,O=C(NC1CCC1)c1cnn2ccc(N3CCCC3c3cncc(F)c3)nc12,7.93,0.0,1
CHEMBL2815,O=C(NC1CCC1)c1cnn2ccc(N3CCC[C@@H]3c3cc(F)ccc3F)nc12,7.795,2.071822868876584,2
CHEMBL2815,O=C(NC1CCC1)c1cnn2ccc(N3CCC[C@@H]3c3cncc(F)c3)nc12,7.93,0.0,1
CHEMBL2815,O=C(NC1CCCC1O)c1cnn2ccc(N3CCCC3c3cncc(F)c3)nc12,7.64,0.0,1
CHEMBL2815,O=C(NC1CCCNC1)c1cccc(Nc2nc(NCc3cccc(F)c3)c3[nH]ccc3n2)c1,5.29,0.0,1
CHEMBL2815,O=C(NC1CCCNC1)c1cccc(Nc2nc(NCc3cccc(F)c3)c3cc[nH]c3n2)c1,5.52,0.0,1
CHEMBL2815,O=C(NC1CCCNC1)c1cccc(Nc2nc(NCc3cccc(F)c3)c3ccsc3n2)c1,5.55,0.0,1
CHEMBL2815,O=C(NC1CCCNC1)c1cccc(Nc2nc(NCc3cccc(F)c3)c3sccc3n2)c1,6.0,0.0,1
CHEMBL2815,O=C(NC1CCCNC1)c1cccc(Nc2ncc(Br)c(NCc3cccc(F)c3)n2)c1,7.11,0.0,1
CHEMBL2815,O=C(NC1CCCNC1)c1cccc(Nc2ncc(C(F)(F)F)c(NCc3ccc(F)cc3)n2)c1,6.23,0.0,1
CHEMBL2815,O=C(NC1CCCNC1)c1cccc(Nc2ncc(C(F)(F)F)c(NCc3cccc(F)c3)n2)c1,7.0,0.0,1
CHEMBL2815,O=C(NC1CCCNC1)c1cccc(Nc2ncc(Cl)c(N3CCCC3c3cc(F)c(F)c(F)c3)n2)c1,5.0,0.0,1
CHEMBL2815,O=C(NC1CCCNC1)c1cccc(Nc2ncc(Cl)c(N3CCCC3c3cc(F)cc(F)c3)n2)c1,5.57,0.0,1
CHEMBL2815,O=C(NC1CCCNC1)c1cccc(Nc2ncc(Cl)c(N3CCCC3c3ccc(F)cc3)n2)c1,5.4,0.0,1
CHEMBL2815,O=C(NC1CCCNC1)c1cccc(Nc2ncc(Cl)c(N3CCCC3c3cccc(F)c3)n2)c1,7.39,0.0,1
CHEMBL2815,O=C(NC1CCCNC1)c1cccc(Nc2ncc(Cl)c(NCc3c(F)cccc3F)n2)c1,5.85,0.0,1
CHEMBL2815,O=C(NC1CCCNC1)c1cccc(Nc2ncc(Cl)c(NCc3cc(F)c(F)c(F)c3)n2)c1,5.5,0.0,1
CHEMBL2815,O=C(NC1CCCNC1)c1cccc(Nc2ncc(Cl)c(NCc3cc(F)cc(F)c3)n2)c1,6.89,0.0,1
CHEMBL2815,O=C(NC1CCCNC1)c1cccc(Nc2ncc(Cl)c(NCc3cc(F)ccc3F)n2)c1,6.82,0.0,1
CHEMBL2815,O=C(NC1CCCNC1)c1cccc(Nc2ncc(Cl)c(NCc3ccc(F)c(F)c3)n2)c1,5.61,0.0,1
CHEMBL2815,O=C(NC1CCCNC1)c1cccc(Nc2ncc(Cl)c(NCc3ccc(F)cc3)n2)c1,5.93,0.0,1
CHEMBL2815,O=C(NC1CCCNC1)c1cccc(Nc2ncc(Cl)c(NCc3ccc(F)cc3F)n2)c1,5.59,0.0,1
CHEMBL2815,O=C(NC1CCCNC1)c1cccc(Nc2ncc(Cl)c(NCc3cccc(F)c3F)n2)c1,6.52,0.0,1
CHEMBL2815,O=C(NC1CCCNC1)c1cccc(Nc2ncc(Cl)c(NCc3ccccc3F)n2)c1,6.06,0.0,1
CHEMBL2815,O=C(NC1CCCNC1)c1cccc(Nc2ncc(F)c(NCc3cccc(F)c3)n2)c1,6.68,0.0,1
CHEMBL2815,O=C(NC1CCCNC1)c1cccc(Nc2ncc([N+](=O)[O-])c(NCc3cccc(F)c3)n2)c1,5.37,0.0,1
CHEMBL2815,O=C(NC1CCC[C@@H]1O)c1cnn2ccc(N3CCCC3c3cncc(F)c3)nc12,7.64,0.0,1
CHEMBL2815,O=C(NC1CCNCC1)c1ccc(Nc2n[nH]c3ncc(Cc4cc(F)ccc4F)cc23)cc1,6.49,0.0,1
CHEMBL2815,O=C(NC1CCNCC1)c1cccc(Nc2n[nH]c3ncc(Cc4cc(F)ccc4F)cc23)c1,6.2,0.0,1
CHEMBL2815,O=C(NC1CCNCC1)c1cccc(Nc2ncc(Cl)c(NCc3cccc(F)c3)n2)c1,7.07,0.0,1
CHEMBL2815,O=C(NC1CCOCC1)c1cnc2ccc(NCc3cccc(F)c3)nn12,8.08,0.0,1
CHEMBL2815,O=C(NC1CCOCC1)c1cnn2ccc(N3CCC[C@@H]3c3cc(F)ccc3F)nc12,7.905,1.8596908345206207,2
CHEMBL2815,O=C(NC1CCOCC1)c1cnn2ccc(N3CCC[C@@H]3c3cncc(F)c3)nc12,7.35,0.0,1
CHEMBL2815,O=C(NC1CCOCC1)c1cnn2ccc(NCc3cccc(F)c3)nc12,8.44,0.0,1
CHEMBL2815,O=C(NCC(F)(F)F)c1cnn2ccc(N3CCC[C@@H]3c3cncc(F)c3)nc12,8.3,0.0,1
CHEMBL2815,O=C(NCC(F)CCl)c1cnn2ccc(N3CCC[C@@H]3c3cncc(F)c3)nc12,8.21,0.0,1
CHEMBL2815,O=C(NCC(F)F)c1cnn2ccc(N3CCC[C@@H]3c3cncc(F)c3)nc12,8.13,0.0,1
CHEMBL2815,O=C(NCC(O)CO)c1cnn2ccc(N3CCCC3c3cc(F)ccc3CO)nc12,8.809999999999999,0.268700576850888,2
CHEMBL2815,O=C(NCC(O)F)c1cnn2ccc(N3CCC[C@@H]3c3cncc(F)c3)nc12,8.13,0.0,1
CHEMBL2815,O=C(NCC1CC1)c1cnn2ccc(N3CCCC3c3cncc(F)c3)nc12,8.114999999999998,0.007071067811865952,2
CHEMBL2815,O=C(NCCCN1CCCC1=O)c1cnc(NCc2cc(Cl)ccc2Cl)nc1NC1CCCC1,5.01,0.0,1
CHEMBL2815,O=C(NCCCN1CCOC1=O)c1cnc(NCc2cc(Cl)ccc2Cl)nc1NC1CCCC1,5.11,0.0,1
CHEMBL2815,O=C(NCCN1CCC(O)CC1)c1cnn2ccc(N3CCCC3c3cc(F)ccc3F)nc12,7.94,0.0,1
CHEMBL2815,O=C(NCCN1CCC(O)CC1)c1cnn2ccc(N3CCC[C@@H]3c3cc(F)ccc3F)nc12,7.94,0.0,1
CHEMBL2815,O=C(NCCN1CCNC1=O)c1cnn2ccc(N3CCC[C@@H]3c3cc(F)ccc3F)nc12,8.44,0.0,1
CHEMBL2815,O=C(NCCN1CCOCC1)c1cnn2ccc(N3CCCC3c3cc(F)ccc3CO)nc12,8.65,0.0,1
CHEMBL2815,O=C(NCCN1CCOCC1)c1cnn2ccc(N3CCC[C@@H]3c3cc(F)ccc3CO)nc12,8.65,0.0,1
CHEMBL2815,O=C(NCCN1CCOCC1)c1cnn2ccc(N3CCC[C@@H]3c3cc(F)ccc3F)nc12,9.02,0.0,1
CHEMBL2815,O=C(NCCO)c1cnn2ccc(N3CCCC3c3cc(F)ccc3F)nc12,8.96,0.0,1
CHEMBL2815,O=C(NCCO)c1cnn2ccc(N3CCCC3c3cncc(F)c3)nc12,7.51,0.0,1
CHEMBL2815,O=C(NCCc1cnc[nH]1)c1cnn2ccc(N3CCC[C@@H]3c3cc(F)ccc3F)nc12,9.4,0.0,1
CHEMBL2815,O=C(NCCn1ccnc1)c1cnn2ccc(N3CCC[C@@H]3c3cc(F)ccc3F)nc12,8.55,0.0,1
CHEMBL2815,O=C(NC[C@@H](O)CO)c1cnn2ccc(N3CCC[C@@H]3c3cc(F)ccc3C(F)(F)F)nc12,8.34,0.0,1
CHEMBL2815,O=C(NC[C@@H](O)CO)c1cnn2ccc(N3CCC[C@@H]3c3cc(F)ccc3CO)nc12,8.62,0.0,1
CHEMBL2815,O=C(NC[C@@H](O)CO)c1cnn2ccc(N3CCC[C@@H]3c3cc(F)ccc3F)nc12,8.89,0.0,1
CHEMBL2815,O=C(NC[C@H](O)CO)c1cnn2ccc(N3CCC[C@@H]3c3cc(F)ccc3C(F)(F)F)nc12,8.6,0.0,1
CHEMBL2815,O=C(NC[C@H](O)CO)c1cnn2ccc(N3CCC[C@@H]3c3cc(F)ccc3CO)nc12,9.0,0.0,1
CHEMBL2815,O=C(NC[C@H](O)CO)c1cnn2ccc(N3CCC[C@@H]3c3cc(F)ccc3F)nc12,8.89,0.0,1
CHEMBL2815,O=C(NOCC1CC1)c1cnn2ccc(N3CCC[C@@H]3c3cc(F)ccc3F)nc12,9.24,0.0,1
CHEMBL2815,O=C(NOCCO)c1cnn2ccc(N3CCC[C@@H]3c3cc(F)cnc3Cl)nc12,7.28,0.0,1
CHEMBL2815,O=C(NOC[C@@H](O)CO)c1cnn2ccc(N3CCC[C@@H]3c3cc(F)ccc3F)nc12,8.21,0.0,1
CHEMBL2815,O=C(N[C@@H]1C2CC[C@@H](C2)[C@@H]1CO)c1cnn2ccc(N3CCCC3c3cncc(F)c3)nc12,7.46,0.0,1
CHEMBL2815,O=C(N[C@@H]1C2CC[C@@H](C2)[C@@H]1CO)c1cnn2ccc(N3CCC[C@@H]3c3cncc(F)c3)nc12,7.46,0.0,1
CHEMBL2815,O=C(N[C@@H]1C2CC[C@@](O)(C2)[C@@H]1CO)c1cnn2ccc(N3CCC[C@@H]3c3cncc(F)c3)nc12,7.46,0.0,1
CHEMBL2815,O=C(N[C@@H]1CCCC[C@H]1O)c1cnn2ccc(N3CCC[C@@H]3c3cncc(F)c3)nc12,7.58,0.0,1
CHEMBL2815,O=C(N[C@@H]1CCCNC1)c1cccc(Nc2ncc(C(F)(F)F)c(NCc3ccc(F)cc3)n2)c1,6.28,0.0,1
CHEMBL2815,O=C(N[C@@H]1CCCNC1)c1cccc(Nc2ncc(C(F)(F)F)c(NCc3cccc(F)c3)n2)c1,6.96,0.0,1
CHEMBL2815,O=C(N[C@@H]1CCCNC1)c1cccc(Nc2ncc(Cl)c(NCc3cccc(F)c3)n2)c1,7.64,0.0,1
CHEMBL2815,O=C(N[C@@H]1CCC[C@@H]1O)c1cnn2ccc(N3CCC[C@@H]3c3cncc(F)c3)nc12,6.85,0.0,1
CHEMBL2815,O=C(N[C@@H]1CCC[C@H]1O)c1cnn2ccc(N3CCC[C@@H]3c3cncc(F)c3)nc12,7.8,0.0,1
CHEMBL2815,O=C(N[C@@H]1CCNC[C@@H]1F)c1cnn2ccc(N3CCC[C@@H]3c3cc(F)ccc3F)nc12,7.4350000000000005,1.8031222920256966,2
CHEMBL2815,O=C(N[C@H]1CC2CCC1C2)c1cnn2ccc(N3CCC[C@@H]3c3cc(F)ccc3F)nc12,8.015,1.7041273426595804,2
CHEMBL2815,O=C(N[C@H]1CCCNC1)c1cccc(Nc2ncc(C(F)(F)F)c(NCc3ccc(F)cc3)n2)c1,6.28,0.0,1
CHEMBL2815,O=C(N[C@H]1CCCNC1)c1cccc(Nc2ncc(C(F)(F)F)c(NCc3cccc(F)c3)n2)c1,6.85,0.0,1
CHEMBL2815,O=C(N[C@H]1CCCNC1)c1cccc(Nc2ncc(Cl)c(NCc3cccc(F)c3)n2)c1,7.57,0.0,1
CHEMBL2815,O=C(N[C@H]1CCC[C@@H]1O)c1cnn2ccc(N3CCCC3c3cncc(F)c3)nc12,7.06,0.0,1
CHEMBL2815,O=C(N[C@H]1CCC[C@H]1O)c1cnn2ccc(N3CCCC3c3cncc(F)c3)nc12,7.08,0.0,1
CHEMBL2815,O=C(N[C@H]1CC[C@H](C(=O)O)CC1)c1cnn2ccc(N3CCC[C@@H]3c3cc(F)ccc3F)nc12,8.225,0.8414570696119915,2
CHEMBL2815,O=C(N[C@H]1CC[C@H](O)C1)c1cnn2ccc(N3CCCC3c3cncc(F)c3)nc12,7.59,0.0,1
CHEMBL2815,O=C(N[C@H]1CC[C@H](O)C1)c1cnn2ccc(N3CCC[C@@H]3c3cc(F)ccc3F)nc12,7.585000000000001,2.071822868876585,2
CHEMBL2815,O=C(N[C@H]1CC[C@H](O)CC1)c1cnc2ccc(NCc3cccc(F)c3)nn12,8.55,0.0,1
CHEMBL2815,O=C(N[C@H]1CC[C@H](O)CC1)c1cnn2ccc(N3CCC[C@@H]3c3cc(F)ccc3CO)nc12,8.165000000000001,1.1242997820866114,2
CHEMBL2815,O=C(N[C@H]1CC[C@H](O)CC1)c1cnn2ccc(N3CCC[C@@H]3c3cc(F)ccc3F)nc12,8.16,1.6829141392239833,2
CHEMBL2815,O=C(N[C@H]1CC[C@H](O)CC1)c1cnn2ccc(N3CCC[C@@H]3c3cccc(F)c3)nc12,7.74,1.6687720036002527,2
CHEMBL2815,O=C(N[C@H]1CC[C@H](O)CC1)c1cnn2ccc(NCc3cccc(F)c3)nc12,8.8,0.0,1
CHEMBL2815,O=C(Nc1c2c(nn1-c1ccccc1)CCC2)NC1CN(CCCC(F)(F)F)C[C@H]1c1ccccc1,6.26,0.0,1
CHEMBL2815,O=C(Nc1c2c(nn1-c1ccccc1)CCC2)NC1CN(Cc2ncc[nH]2)C[C@H]1c1ccccc1,6.26,0.0,1
CHEMBL2815,O=C(Nc1c2c(nn1-c1ccccc1)CCC2)N[C@@H]1CN(C(CF)CF)CC1c1ccccc1,6.26,0.0,1
CHEMBL2815,O=C(Nc1c2c(nn1-c1ccccc1)CCC2)N[C@@H]1CN(CC(F)(F)F)CC1c1cccc(Cl)c1,6.26,0.0,1
CHEMBL2815,O=C(Nc1c2c(nn1-c1ccccc1)CCC2)N[C@@H]1CN(CC(F)(F)F)CC1c1ccccc1Cl,5.26,0.0,1
CHEMBL2815,O=C(Nc1c2c(nn1-c1ccccc1)CCC2)N[C@@H]1CN(CC(F)(F)F)CC1c1ccccn1,6.26,0.0,1
CHEMBL2815,O=C(Nc1c2c(nn1-c1ccccc1)CCC2)N[C@@H]1CN(CC(F)(F)F)CC1c1cccnc1,6.26,0.0,1
CHEMBL2815,O=C(Nc1c2c(nn1-c1ccccc1)CCC2)N[C@@H]1CN(CC(F)(F)F)C[C@H]1c1cccc(F)c1,6.26,0.0,1
CHEMBL2815,O=C(Nc1c2c(nn1-c1ccccc1)CCC2)N[C@@H]1CN(CCC(F)(F)C(F)(F)F)C[C@H]1c1ccccc1,6.26,0.0,1
CHEMBL2815,O=C(Nc1cc(C(=O)c2cn(C3COC3)c3ccncc23)ccn1)c1cccc(OC(F)(F)F)c1,7.48,0.0,1
CHEMBL2815,O=C(Nc1cc(C(=O)c2cn(CCO)c3ccncc23)ccn1)c1cccc(OC(F)(F)F)c1,7.52,0.0,1
CHEMBL2815,O=C(Nc1cc(Cl)cc(Cl)c1)Nc1cnc2ccc(N3CCC[C@@H]3c3cc(F)ccc3F)nn12,6.14,0.0,1
CHEMBL2815,O=C(Nc1cc(Oc2cc(F)c(NC(=O)C3(C(=O)Nc4ccc(F)cc4)CC3)cc2F)ccn1)C1CC1,9.07,0.0,1
CHEMBL2815,O=C(Nc1ccc(C(=O)N2CCN(S(=O)(=O)C3CC3)CC2)cc1)c1cc(N2CCC[C@@H]2c2cc(F)ccc2F)c[nH]c1=O,8.8,0.0,1
CHEMBL2815,O=C(Nc1ccc(C(=O)N2CCN(S(=O)(=O)N3CCOCC3)CC2)cc1)c1cc(N2CCC[C@@H]2c2cc(F)ccc2F)c[nH]c1=O,9.05,0.0,1
CHEMBL2815,O=C(Nc1ccc(C(=O)N2CCOCC2)cc1)c1cc(N2CCC[C@@H]2c2cc(F)ccc2F)c[nH]c1=O,9.0,0.0,1
CHEMBL2815,O=C(Nc1ccc(C(=O)N2C[C@H]3C[C@@H]2CO3)cc1)c1cc(N2CCC[C@@H]2c2cc(F)ccc2F)c[nH]c1=O,8.64,0.0,1
CHEMBL2815,O=C(Nc1ccc(CN2CCC(F)(F)CC2)cc1)c1cc(N2CCC[C@@H]2c2cc(F)ccc2F)c[nH]c1=O,8.62,0.0,1
CHEMBL2815,O=C(Nc1ccc(CN2CCC(O)CC2)cc1)c1cc(N2CCC[C@@H]2c2cc(F)ccc2F)c[nH]c1=O,8.72,0.0,1
CHEMBL2815,O=C(Nc1ccc(CN2CCN(C(=O)C3CC3)CC2)cc1)c1cc(N2CCC[C@@H]2c2cc(F)ccc2F)c[nH]c1=O,9.52,0.0,1
CHEMBL2815,O=C(Nc1ccc(CN2CCN(C3CC3)CC2)cc1)c1cc(N2CCC[C@@H]2c2cc(F)ccc2F)c[nH]c1=O,9.1,0.0,1
CHEMBL2815,O=C(Nc1ccc(CN2CCN(S(=O)(=O)C3CC3)CC2)cc1)c1cc(N2CCC[C@@H]2c2cc(F)ccc2F)c[nH]c1=O,8.62,0.0,1
CHEMBL2815,O=C(Nc1ccc(CN2CCN(S(=O)(=O)N3CCOCC3)CC2)cc1)c1cc(N2CCC[C@@H]2c2cc(F)ccc2F)c[nH]c1=O,8.66,0.0,1
CHEMBL2815,O=C(Nc1ccc(CN2CCOCC2)cc1)c1cc(N2CCC[C@@H]2c2cc(F)ccc2F)c[nH]c1=O,9.05,0.0,1
CHEMBL2815,O=C(Nc1ccc(CN2C[C@H]3C[C@@H](C2)O3)cc1)c1cc(N2CCC[C@@H]2c2cc(F)ccc2F)c[nH]c1=O,8.62,0.0,1
CHEMBL2815,O=C(Nc1ccc(CN2C[C@H]3C[C@@H]2CO3)cc1)c1cc(N2CCC[C@@H]2c2cc(F)ccc2F)c[nH]c1=O,9.0,0.0,1
CHEMBL2815,O=C(Nc1ccc(Cl)c(C(F)(F)F)c1)N[C@@H]1CCN(c2ccc3ncc(-c4ccccn4)n3n2)C1,7.58,0.3394112549695431,2
CHEMBL2815,O=C(Nc1ccc(Cl)cc1)Nc1cnn2ccc(N3CCC[C@@H]3c3cc(F)ccc3F)nc12,8.0,0.0,1
CHEMBL2815,O=C(Nc1ccc(Cl)cc1Cl)Nc1cnc2ccc(N3CCC[C@@H]3c3cc(F)ccc3F)nn12,7.41,0.0,1
CHEMBL2815,O=C(Nc1ccc(F)cc1)Nc1cnc2ccc(N3CCC[C@@H]3c3cc(F)ccc3F)nn12,8.0,0.0,1
CHEMBL2815,O=C(Nc1ccc(F)cc1)Nc1cnn2ccc(N3CCC[C@@H]3c3cc(F)ccc3F)nc12,8.34,0.0,1
CHEMBL2815,O=C(Nc1ccc(F)cc1F)c1cccnc1Nc1ccc(Oc2ccnc3[nH]ccc23)c(F)c1,6.46,0.0,1
CHEMBL2815,O=C(Nc1ccc(F)cn1)c1cnn2ccc(N3CCC[C@@H]3c3cncc(F)c3)nc12,8.27,0.0,1
CHEMBL2815,O=C(Nc1ccc(N2CCOCC2)c(C(=O)N2CCSCC2)c1)[C@@H]1CCCN1c1nc(Nc2cc(F)cc(F)c2)ncc1Cl,8.1,0.0,1
CHEMBL2815,O=C(Nc1ccc(N2CCOCC2)cc1N1CCOCC1)c1cccc(Oc2ccccc2)c1,7.075,0.06363961030678918,2
CHEMBL2815,O=C(Nc1ccc(N2CCOCC2)cc1N1CCOCC1)c1cnn(-c2ccccc2)n1,7.52,0.63103090257134,4
CHEMBL2815,O=C(Nc1ccc(Nc2ccnc3[nH]c(=O)c4ccccc4c23)cc1)c1ccccc1,6.09,0.0,1
CHEMBL2815,O=C(Nc1ccc(OC(F)(F)F)cc1)N(Cc1cccc(-c2nccs2)c1)C1CC1,5.37,0.0,1
CHEMBL2815,O=C(Nc1ccc2[nH]nc(/C=C/c3ccccn3)c2c1)c1cc(F)cc(F)c1,6.72,0.0,1
CHEMBL2815,O=C(Nc1cccc(-n2cc(CN3CCC[C@H]3CO)nn2)c1)c1cc(F)cc(F)c1,7.53,0.0,1
CHEMBL2815,O=C(Nc1cccc(-n2cc(CN3CCN(CCO)CC3)nn2)c1)c1cc(F)cc(F)c1,7.75,0.0,1
CHEMBL2815,O=C(Nc1cccc(Br)c1)Nc1cccc(Nc2ccc3c(-c4cn[nH]c4)n[nH]c3c2)c1,6.965,0.7848885271170674,2
CHEMBL2815,O=C(Nc1cccc(C(F)(F)F)c1)Nc1cnc2ccc(N3CCC[C@@H]3c3cc(F)ccc3F)nn12,7.13,1.1879393923933996,2
CHEMBL2815,O=C(Nc1cccc(Cl)c1)Nc1cccc(Nc2ccc3c(-c4cn[nH]c4)n[nH]c3c2)c1,6.835,0.9687362902255695,2
CHEMBL2815,O=C(Nc1cccc(Cl)c1)Nc1ncc(CCNc2ncnc3ccsc23)s1,7.92,0.0,1
CHEMBL2815,O=C(Nc1cccc(F)c1)Nc1cccc(Nc2ccc3c(-c4cn[nH]c4)n[nH]c3c2)c1,6.625,0.8414570696119912,2
CHEMBL2815,O=C(Nc1cccc(Nc2ccc3c(-c4cn[nH]c4)n[nH]c3c2)c1)Nc1cccc(C(F)(F)F)c1,7.17,0.49497474683058273,2
CHEMBL2815,O=C(Nc1cccc(Nc2ccc3c(-c4cn[nH]c4)n[nH]c3c2)c1)Nc1cccc(N2CCOCC2)c1,7.05,0.0,1
CHEMBL2815,O=C(Nc1cccc(Nc2ccc3c(-c4cn[nH]c4)n[nH]c3c2)c1)c1cccc(Br)c1,6.66,0.0,1
CHEMBL2815,O=C(Nc1cccc(Nc2ccc3c(-c4cn[nH]c4)n[nH]c3c2)c1)c1cccc(C(F)(F)F)c1,6.369999999999999,1.2020815280171306,2
CHEMBL2815,O=C(Nc1cccc(Nc2ccc3c(-c4cn[nH]c4)n[nH]c3c2)c1)c1cccc(Cl)c1,6.21,0.0,1
CHEMBL2815,O=C(Nc1cccc(Nc2ccc3c(-c4cn[nH]c4)n[nH]c3c2)c1)c1cccc(F)c1,5.74,0.0,1
CHEMBL2815,O=C(Nc1cccc(Nc2ccc3c(-c4cn[nH]c4)n[nH]c3c2)c1)c1ccccc1,5.91,0.0,1
CHEMBL2815,O=C(Nc1cccc(Nc2ccc3c(c2)NC(=O)/C3=C\c2ccc[nH]2)c1)Nc1cccc(C(F)(F)F)c1,8.15,0.0,1
CHEMBL2815,O=C(Nc1cccc(Oc2cncc(-c3ccsc3)n2)c1)Nc1cccc(C(F)(F)F)c1,5.96,0.0,1
CHEMBL2815,O=C(Nc1cccc(Oc2cncc(Cl)n2)c1)Nc1cccc(C(F)(F)F)c1,5.46,0.0,1
CHEMBL2815,O=C(Nc1ccccc1)Nc1cccc(Nc2ccc3c(-c4cn[nH]c4)n[nH]c3c2)c1,6.96,0.0,1
CHEMBL2815,O=C(Nc1ccccc1)Nc1cnc2ccc(N3CCC[C@@H]3c3cc(F)ccc3F)nn12,8.08,0.0,1
CHEMBL2815,O=C(Nc1ccccc1)Nc1cnn2ccc(N3CCC[C@@H]3c3cc(F)ccc3F)nc12,8.3,0.0,1
CHEMBL2815,O=C(Nc1ccccn1)c1cnn2ccc(N3CCC[C@@H]3c3cc(F)ccc3F)nc12,9.15,0.0,1
CHEMBL2815,O=C(Nc1cnc(Oc2ccc(-c3cnc(N4CCCC4=O)s3)cc2)nc1)Nc1cc(C(F)(F)F)cnc1-c1ccc(C(F)(F)F)nc1,7.4,0.0,1
CHEMBL2815,O=C(Nc1cnc(Oc2ccc(-c3cnc(N4CCCC4=O)s3)cc2)nc1)Nc1cc(C(F)(F)F)cnc1-c1ccccc1,7.4,0.0,1
CHEMBL2815,O=C(Nc1cnc(Oc2ccc(-c3cnc(N4CCCC4=O)s3)cc2)nc1)Nc1cc(C2CC2)nn1-c1ccccc1,7.52,0.0,1
CHEMBL2815,O=C(Nc1cnc(Oc2ccc(-c3cnc(N4CCCCC4=O)s3)cc2)nc1)Nc1cc(C(F)(F)F)cnc1-c1ccc(C(F)(F)F)nc1,6.8,0.0,1
CHEMBL2815,O=C(Nc1cnc2ccc(N3CCCCC3c3cccc(F)c3)nn12)N1CC(O)C1,6.67,0.0,1
CHEMBL2815,O=C(Nc1cnc2ccc(N3CCC[C@@H]3c3cc(F)ccc3F)nn12)C(F)(F)F,7.66,0.0,1
CHEMBL2815,O=C(Nc1cnc2ccc(N3CCC[C@@H]3c3cc(F)ccc3F)nn12)N1CC(CO)C1,7.85,0.0,1
CHEMBL2815,O=C(Nc1cnc2ccc(N3CCC[C@@H]3c3cc(F)ccc3F)nn12)N1CC(F)(F)C1,7.04,0.0,1
CHEMBL2815,O=C(Nc1cnc2ccc(N3CCC[C@@H]3c3cc(F)ccc3F)nn12)N1CC(O)C1,8.03,0.0,1
CHEMBL2815,O=C(Nc1cnc2ccc(N3CCC[C@@H]3c3cc(F)ccc3F)nn12)N1CC2CCC(C1)N2,6.97,0.0,1
CHEMBL2815,O=C(Nc1cnc2ccc(N3CCC[C@@H]3c3cc(F)ccc3F)nn12)N1CCC(F)(F)C1,7.64,0.0,1
CHEMBL2815,O=C(Nc1cnc2ccc(N3CCC[C@@H]3c3cc(F)ccc3F)nn12)N1CCC(O)(C(F)(F)F)CC1,7.78,0.0,1
CHEMBL2815,O=C(Nc1cnc2ccc(N3CCC[C@@H]3c3cc(F)ccc3F)nn12)N1CCC(O)CC1,7.86,0.0,1
CHEMBL2815,O=C(Nc1cnc2ccc(N3CCC[C@@H]3c3cc(F)ccc3F)nn12)N1CCC1,7.75,0.0,1
CHEMBL2815,O=C(Nc1cnc2ccc(N3CCC[C@@H]3c3cc(F)ccc3F)nn12)N1CCCCC1,8.15,0.0,1
CHEMBL2815,O=C(Nc1cnc2ccc(N3CCC[C@@H]3c3cc(F)ccc3F)nn12)N1CCNCC1,7.02,0.0,1
CHEMBL2815,O=C(Nc1cnc2ccc(N3CCC[C@@H]3c3cc(F)ccc3F)nn12)N1CCOCC1,7.62,0.0,1
CHEMBL2815,O=C(Nc1cnc2ccc(N3CCC[C@@H]3c3cc(F)ccc3F)nn12)N1CCS(=O)(=O)CC1,6.05,0.0,1
CHEMBL2815,O=C(Nc1cnc2ccc(N3CCC[C@@H]3c3cc(F)ccc3F)nn12)N1CC[C@@H](O)C1,7.81,0.0,1
CHEMBL2815,O=C(Nc1cnc2ccc(N3CCC[C@@H]3c3cc(F)ccc3F)nn12)N1CC[C@H](O)C1,8.42,0.0,1
CHEMBL2815,O=C(Nc1cnc2ccc(N3CCC[C@@H]3c3cc(F)ccc3F)nn12)N1C[C@@H](O)[C@H](O)C1,8.66,0.0,1
CHEMBL2815,O=C(Nc1cnc2ccc(N3CCC[C@@H]3c3cc(F)ccc3F)nn12)NN1CCS(=O)(=O)CC1,6.05,0.0,1
CHEMBL2815,O=C(Nc1cnc2ccc(N3CCC[C@H]3c3cc(F)ccc3F)nn12)C(F)(F)F,7.66,0.0,1
CHEMBL2815,O=C(Nc1cncc(C(=O)c2cn(C(CO)CO)c3ncncc23)c1)c1cc(F)cc(C(F)(F)F)c1,6.79,0.0,1
CHEMBL2815,O=C(Nc1cncc(C(=O)c2cn(C(CO)CO)c3ncncc23)c1)c1cccc(C(F)(F)F)c1,6.25,0.0,1
CHEMBL2815,O=C(Nc1cncc(C(=O)c2cn(C(CO)CO)c3ncncc23)c1)c1cccc(OC(F)(F)F)c1,7.41,0.0,1
CHEMBL2815,O=C(Nc1cncnc1)Nc1cc(F)cc(-c2n[nH]c3ncc(-c4ccc(CN5CCOCC5)cc4)cc23)c1,6.67,0.0,1
CHEMBL2815,O=C(Nc1cnn(C2CCNCC2)c1)c1cc(N2CCC[C@@H]2c2cc(F)ccc2F)c[nH]c1=O,9.1,0.0,1
CHEMBL2815,O=C(Nc1cnn2ccc(N3CC(F)(F)C[C@@H]3c3cccc(F)c3)nc12)N1CC(O)C1,7.11,0.0,1
CHEMBL2815,O=C(Nc1cnn2ccc(N3CCC[C@@H]3c3cc(F)cc(Cl)c3)nc12)N1CC(O)C1,6.77,0.0,1
CHEMBL2815,O=C(Nc1cnn2ccc(N3CCC[C@@H]3c3cc(F)cc(Cl)c3)nc12)N1CC[C@H](O)C1,7.7,0.0,1
CHEMBL2815,O=C(Nc1cnn2ccc(N3CCC[C@@H]3c3cc(F)ccc3C(F)(F)F)nc12)N1CCC[C@@H](O)C1,7.85,0.0,1
CHEMBL2815,O=C(Nc1cnn2ccc(N3CCC[C@@H]3c3cc(F)ccc3C(F)(F)F)nc12)N1CCC[C@H](O)C1,7.84,0.0,1
CHEMBL2815,O=C(Nc1cnn2ccc(N3CCC[C@@H]3c3cc(F)ccc3C(F)(F)F)nc12)N1CC[C@@H](O)C1,8.24,0.0,1
CHEMBL2815,O=C(Nc1cnn2ccc(N3CCC[C@@H]3c3cc(F)ccc3C(F)(F)F)nc12)N1CC[C@H](O)C1,8.49,0.0,1
CHEMBL2815,O=C(Nc1cnn2ccc(N3CCC[C@@H]3c3cc(F)ccc3C(F)F)nc12)N1CC(O)C1,7.58,0.0,1
CHEMBL2815,O=C(Nc1cnn2ccc(N3CCC[C@@H]3c3cc(F)ccc3C(F)F)nc12)N1CCC(O)CC1,7.07,0.0,1
CHEMBL2815,O=C(Nc1cnn2ccc(N3CCC[C@@H]3c3cc(F)ccc3C(F)F)nc12)N1CCC[C@@H](O)C1,7.59,0.0,1
CHEMBL2815,O=C(Nc1cnn2ccc(N3CCC[C@@H]3c3cc(F)ccc3C(F)F)nc12)N1CCC[C@H](O)C1,7.51,0.0,1
CHEMBL2815,O=C(Nc1cnn2ccc(N3CCC[C@@H]3c3cc(F)ccc3C(F)F)nc12)N1CC[C@@H](O)C1,7.75,0.0,1
CHEMBL2815,O=C(Nc1cnn2ccc(N3CCC[C@@H]3c3cc(F)ccc3C(F)F)nc12)N1CC[C@H](O)C1,8.06,0.0,1
CHEMBL2815,O=C(Nc1cnn2ccc(N3CCC[C@@H]3c3cc(F)ccc3Cl)nc12)C1CNC1,6.72,0.0,2
CHEMBL2815,O=C(Nc1cnn2ccc(N3CCC[C@@H]3c3cc(F)ccc3Cl)nc12)N1CC(O)C1,7.86,0.0,1
CHEMBL2815,O=C(Nc1cnn2ccc(N3CCC[C@@H]3c3cc(F)ccc3Cl)nc12)N1CCC(O)CC1,7.55,0.0,1
CHEMBL2815,O=C(Nc1cnn2ccc(N3CCC[C@@H]3c3cc(F)ccc3Cl)nc12)N1CCC[C@@H](O)C1,7.93,0.0,1
CHEMBL2815,O=C(Nc1cnn2ccc(N3CCC[C@@H]3c3cc(F)ccc3Cl)nc12)N1CCC[C@H](O)C1,7.87,0.0,1
CHEMBL2815,O=C(Nc1cnn2ccc(N3CCC[C@@H]3c3cc(F)ccc3Cl)nc12)N1CCOCC1,7.38,0.0,1
CHEMBL2815,O=C(Nc1cnn2ccc(N3CCC[C@@H]3c3cc(F)ccc3Cl)nc12)N1CC[C@@H](O)C1,8.39,0.0,1
CHEMBL2815,O=C(Nc1cnn2ccc(N3CCC[C@@H]3c3cc(F)ccc3Cl)nc12)N1CC[C@H](O)C1,8.1,0.0,1
CHEMBL2815,O=C(Nc1cnn2ccc(N3CCC[C@@H]3c3cc(F)ccc3F)nc12)C(=O)N1CC(O)C1,8.0,0.0,1
CHEMBL2815,O=C(Nc1cnn2ccc(N3CCC[C@@H]3c3cc(F)ccc3F)nc12)C(=O)N1CCOCC1,7.08,0.0,1
CHEMBL2815,O=C(Nc1cnn2ccc(N3CCC[C@@H]3c3cc(F)ccc3F)nc12)C(=O)N1CC[C@H](O)C1,7.89,0.0,1
CHEMBL2815,O=C(Nc1cnn2ccc(N3CCC[C@@H]3c3cc(F)ccc3F)nc12)C(=O)NC1CC1,7.8,0.0,1
CHEMBL2815,O=C(Nc1cnn2ccc(N3CCC[C@@H]3c3cc(F)ccc3F)nc12)C1(C(F)(F)F)CC1,8.28,0.0,1
CHEMBL2815,O=C(Nc1cnn2ccc(N3CCC[C@@H]3c3cc(F)ccc3F)nc12)C1(O)CC1,7.78,0.0,1
CHEMBL2815,O=C(Nc1cnn2ccc(N3CCC[C@@H]3c3cc(F)ccc3F)nc12)C1CC(O)C1,7.56,0.0,1
CHEMBL2815,O=C(Nc1cnn2ccc(N3CCC[C@@H]3c3cc(F)ccc3F)nc12)N1CC(O)C1,7.68,0.0,1
CHEMBL2815,O=C(Nc1cnn2ccc(N3CCC[C@@H]3c3cc(F)ccc3F)nc12)N1CCOCC1,7.49,0.0,1
CHEMBL2815,O=C(Nc1cnn2ccc(N3CCC[C@@H]3c3cc(F)ccc3F)nc12)N1CC[C@@H](O)C1,7.54,0.0,1
CHEMBL2815,O=C(Nc1cnn2ccc(N3CCC[C@@H]3c3cc(F)ccc3F)nc12)N1CC[C@H](O)C1,8.072631578947368,0.8862087003620757,38
CHEMBL2815,O=C(Nc1cnn2ccc(N3CCC[C@@H]3c3cc(F)ccc3F)nc12)N1C[C@@H](O)[C@H](Cl)C1,7.88,0.0,1
CHEMBL2815,O=C(Nc1cnn2ccc(N3CCC[C@@H]3c3cc(F)ccc3F)nc12)N1C[C@@H](O)[C@H](O)C1,7.88,0.0,1
CHEMBL2815,O=C(Nc1cnn2ccc(N3CCC[C@@H]3c3cc(F)ccc3F)nc12)N1C[C@@H]2C[C@H]1CO2,6.97,0.0,1
CHEMBL2815,O=C(Nc1cnn2ccc(N3CCC[C@@H]3c3cc(F)ccc3F)nc12)[C@H]1CC[C@@H](O)C1,7.69,0.0,1
CHEMBL2815,O=C(Nc1cnn2ccc(N3CCC[C@@H]3c3cc(F)ccc3F)nc12)[C@H]1CC[C@H](O)C1,7.37,0.0,1
CHEMBL2815,O=C(Nc1cnn2ccc(N3CCC[C@@H]3c3cc(F)ccc3F)nc12)c1cc(Cl)ccn1,8.4,0.0,1
CHEMBL2815,O=C(Nc1cnn2ccc(N3CCC[C@@H]3c3cc(F)ccc3F)nc12)c1ccc(Cl)cn1,8.4,0.0,1
CHEMBL2815,O=C(Nc1cnn2ccc(N3CCC[C@@H]3c3cc(F)ccc3F)nc12)c1cccc(Cl)n1,8.46,0.0,1
CHEMBL2815,O=C(Nc1cnn2ccc(N3CCC[C@@H]3c3cc(F)ccc3F)nc12)c1ccccn1,8.77,0.0,1
CHEMBL2815,O=C(Nc1cnn2ccc(N3CCC[C@@H]3c3cc(F)ccc3F)nc12)c1cnccn1,8.66,0.0,1
CHEMBL2815,O=C(Nc1cnn2ccc(N3CCC[C@@H]3c3cc(F)ccc3F)nc12)c1ncccn1,8.52,0.0,1
CHEMBL2815,O=C(Nc1cnn2ccc(N3CCC[C@@H]3c3cccc(F)c3)nc12)N1CC(O)C1,6.94,0.0,1
CHEMBL2815,O=C(Nc1cnn2ccc(N3CCC[C@@H]3c3cccc(F)c3)nc12)N1CCOCC1,6.09,0.0,1
CHEMBL2815,O=C(Nc1cnn2ccc(N3CCC[C@@H]3c3cccc(F)c3)nc12)c1cc[nH]n1,7.82,0.0,1
CHEMBL2815,O=C(Nc1cnn2ccc(N3CCC[C@@H]3c3cccc(F)c3)nc12)c1ccccn1,8.4,0.0,1
CHEMBL2815,O=C(Nc1cnn2ccc(N3CCC[C@@H]3c3cccc(F)c3)nc12)c1cccnc1,7.27,0.0,1
CHEMBL2815,O=C(Nc1cnn2ccc(N3CCC[C@@H]3c3cccc(F)c3)nc12)c1ccncc1,7.14,0.0,1
CHEMBL2815,O=C(Nc1cnn2ccc(N3CCC[C@@H]3c3cncc(F)c3)nc12)N1CC[C@@H](O)C1,6.05,0.0,1
CHEMBL2815,O=C(Nc1cnn2ccc(N3CCC[C@@H]3c3cncc(F)c3)nc12)N1CC[C@H](O)C1,6.81,0.0,1
CHEMBL2815,O=C(Nc1cnn2ccc(N3CCC[C@H]3c3cc(F)ccc3F)nc12)C(=O)N1CC[C@@H](O)C1,7.89,0.0,1
CHEMBL2815,O=C(Nc1cnn2ccc(N3CCC[C@H]3c3cc(F)ccc3F)nc12)N1CC[C@@H](O)C1,8.41,0.0,1
CHEMBL2815,O=C(Nc1n[nH]c2cc(C(=O)N[C@H](CN3CCCC3)c3ccccc3)sc12)c1ccc(N2CCOCC2)cc1,6.74,0.0,1
CHEMBL2815,O=C(O)C(=O)Nc1cnn2ccc(N3CCC[C@@H]3c3cc(F)ccc3F)nc12,8.33,0.0,1
CHEMBL2815,O=C(O)C1(C(=O)Nc2cnn3ccc(N4CCC[C@@H]4c4cc(F)ccc4F)nc23)CC1,7.01,0.0,1
CHEMBL2815,O=C(O)C1CCN(C(=O)Nc2cnc3ccc(N4CCC[C@@H]4c4cc(F)ccc4F)nn23)CC1,7.19,0.0,1
CHEMBL2815,O=C(O)C1CCN(C(=O)c2cnn3ccc(N4CCCC4c4cc(F)ccc4F)nc23)CC1,6.11,0.0,1
CHEMBL2815,O=C(O)C1CCN(C(=O)c2cnn3ccc(N4CCC[C@@H]4c4cc(F)ccc4F)nc23)CC1,6.11,0.0,1
CHEMBL2815,O=C(O)CC1CCN(C(=O)c2cnn3ccc(N4CCCC4c4cc(F)ccc4F)nc23)CC1,6.62,0.0,1
CHEMBL2815,O=C(O)CC1CCN(C(=O)c2cnn3ccc(N4CCC[C@@H]4c4cc(F)ccc4F)nc23)CC1,6.62,0.0,1
CHEMBL2815,O=C(O)CN1CCOc2ccc(F)cc2[C@H]2CCCN2c2ccn3ncc(c3n2)C1,5.81,0.0,1
CHEMBL2815,O=C(O)c1cc2c(-c3cccc4ccccc34)nccc2n1Cc1noc(-c2ccccc2)n1,5.64,0.0,1
CHEMBL2815,O=C(O)c1cc2cc(-c3cc[nH]n3)ccc2n1CCOc1ccc(OC(F)(F)F)cc1,7.29,0.0,1
CHEMBL2815,O=C(O)c1cc2cnccc2n1CCOc1ccc(OC(F)(F)F)cc1,4.91,0.0,1
CHEMBL2815,O=C(c1ccc(-c2n[nH]c3ncc(Cc4cc(F)ccc4F)cc23)cc1)N1CCC(O)CC1,6.42,0.0,1
CHEMBL2815,O=C(c1ccc(-c2n[nH]c3ncc(Cc4cc(F)ccc4F)cc23)cc1)N1CCCC(O)C1,6.24,0.0,1
CHEMBL2815,O=C(c1ccc(-c2n[nH]c3ncc(Cc4cc(F)ccc4F)cc23)cc1)N1CCNCC1,6.6,0.0,1
CHEMBL2815,O=C(c1ccc(Nc2n[nH]c3ncc(Cc4cc(F)ccc4F)cc23)cc1)N1CCC(O)CC1,6.89,0.0,1
CHEMBL2815,O=C(c1ccc(Nc2n[nH]c3ncc(Cc4cc(F)ccc4F)cc23)cc1)N1CCCC(O)C1,6.81,0.0,1
CHEMBL2815,O=C(c1ccc(Nc2n[nH]c3ncc(Cc4cc(F)ccc4F)cc23)cc1)N1CCNCC1,6.39,0.0,1
CHEMBL2815,O=C(c1ccc(Nc2n[nH]c3ncc(Cc4cc(F)ccc4F)cc23)cc1)N1CCOCC1,6.01,0.0,1
CHEMBL2815,O=C(c1ccc(Nc2ncc(Cl)c(NCc3cccc(F)c3)n2)cc1)N1CCOCC1,6.57,0.0,1
CHEMBL2815,O=C(c1cccc(-c2n[nH]c3ncc(Cc4cc(F)ccc4F)cc23)c1)N1CCC(O)CC1,6.59,0.0,1
CHEMBL2815,O=C(c1cccc(-c2n[nH]c3ncc(Cc4cc(F)ccc4F)cc23)c1)N1CCCC(O)C1,7.25,0.0,1
CHEMBL2815,O=C(c1cccc(-c2n[nH]c3ncc(Cc4cc(F)ccc4F)cc23)c1)N1CCC[C@@H](O)C1,7.24,0.0,1
CHEMBL2815,O=C(c1cccc(-c2n[nH]c3ncc(Cc4cc(F)ccc4F)cc23)c1)N1CCC[C@H](O)C1,7.58,0.0,1
CHEMBL2815,O=C(c1cccc(-c2n[nH]c3ncc(Cc4cc(F)ccc4F)cc23)c1)N1CCNCC1,6.41,0.0,1
CHEMBL2815,O=C(c1cccc(Nc2n[nH]c3ncc(Cc4c(F)cccc4F)cc23)c1)N1CCOCC1,6.08,0.0,1
CHEMBL2815,O=C(c1cccc(Nc2n[nH]c3ncc(Cc4cc(F)c(F)c(F)c4)cc23)c1)N1CCOCC1,6.18,0.0,1
CHEMBL2815,O=C(c1cccc(Nc2n[nH]c3ncc(Cc4cc(F)cc(F)c4)cc23)c1)N1CCOCC1,6.16,0.0,1
CHEMBL2815,O=C(c1cccc(Nc2n[nH]c3ncc(Cc4cc(F)ccc4F)cc23)c1)N1CCC(O)CC1,6.21,0.0,1
CHEMBL2815,O=C(c1cccc(Nc2n[nH]c3ncc(Cc4cc(F)ccc4F)cc23)c1)N1CCCC(O)C1,6.69,0.0,1
CHEMBL2815,O=C(c1cccc(Nc2n[nH]c3ncc(Cc4cc(F)ccc4F)cc23)c1)N1CCNCC1,6.93,0.0,1
CHEMBL2815,O=C(c1cccc(Nc2n[nH]c3ncc(Cc4cc(F)ccc4F)cc23)c1)N1CCOCC1,6.75,0.0,1
CHEMBL2815,O=C(c1cccc(Nc2n[nH]c3ncc(Cc4ccc(F)cc4)cc23)c1)N1CCOCC1,5.56,0.0,1
CHEMBL2815,O=C(c1cccc(Nc2n[nH]c3ncc(Cc4ccc(F)cc4F)cc23)c1)N1CCOCC1,6.1,0.0,1
CHEMBL2815,O=C(c1cccc(Nc2n[nH]c3ncc(Cc4cccc(Br)c4)cc23)c1)N1CCOCC1,6.1,0.0,1
CHEMBL2815,O=C(c1cccc(Nc2n[nH]c3ncc(Cc4cccc(C(F)(F)F)c4)cc23)c1)N1CCOCC1,4.78,0.0,1
CHEMBL2815,O=C(c1cccc(Nc2n[nH]c3ncc(Cc4cccc(Cl)c4)cc23)c1)N1CCOCC1,5.35,0.0,1
CHEMBL2815,O=C(c1cccc(Nc2n[nH]c3ncc(Cc4cccc(F)c4)cc23)c1)N1CCOCC1,6.53,0.0,1
CHEMBL2815,O=C(c1cccc(Nc2n[nH]c3ncc(Cc4cccc(F)c4F)cc23)c1)N1CCOCC1,5.71,0.0,1
CHEMBL2815,O=C(c1cccc(Nc2n[nH]c3ncc(Cc4cccc([N+](=O)[O-])c4)cc23)c1)N1CCOCC1,5.85,0.0,1
CHEMBL2815,O=C(c1cccc(Nc2n[nH]c3ncc(Cc4ccccc4)cc23)c1)N1CCOCC1,6.32,0.0,1
CHEMBL2815,O=C(c1cccc(Nc2n[nH]c3ncc(Cc4ccccc4F)cc23)c1)N1CCOCC1,6.01,0.0,1
CHEMBL2815,O=C(c1cccc(Nc2ncc(Cl)c(NCc3cccc(F)c3)n2)c1)N1CCCCC1,5.94,0.0,1
CHEMBL2815,O=C(c1cccc(Nc2ncc(Cl)c(NCc3cccc(F)c3)n2)c1)N1CCCNCC1,6.44,0.0,1
CHEMBL2815,O=C(c1cccc(Nc2ncc(Cl)c(NCc3cccc(F)c3)n2)c1)N1CCOCC1,6.41,0.0,1
CHEMBL2815,O=C(c1cnn2ccc(N3CCCC3c3cncc(F)c3)nc12)N1CC(O)C1,5.92,0.0,1
CHEMBL2815,O=C(c1cnn2ccc(N3CCC[C@@H]3c3cc(F)ccc3F)nc12)N1CC(O)C1,7.97,0.0,1
CHEMBL2815,O=C(c1cnn2ccc(N3CCC[C@@H]3c3cc(F)ccc3F)nc12)N1CC[C@@H](O)C1,7.13,0.0,1
CHEMBL2815,O=C(c1cnn2ccc(N3CCC[C@@H]3c3cc(F)ccc3F)nc12)N1CC[C@H](O)C1,7.42,0.0,1
CHEMBL2815,O=C(c1cnn2ccc(N3CCC[C@@H]3c3cncc(F)c3)nc12)N1CC(CO)C1,6.33,0.0,1
CHEMBL2815,O=C(c1cnn2ccc(N3CCC[C@@H]3c3cncc(F)c3)nc12)N1CCC1,6.66,0.0,1
CHEMBL2815,O=C(c1cnn2ccc(N3CCC[C@@H]3c3cncc(F)c3)nc12)N1CCCC1,6.25,0.0,1
CHEMBL2815,O=C(c1cnn2ccc(N3CCC[C@@H]3c3cncc(F)c3)nc12)N1CCCCC1,6.1,0.0,1
CHEMBL2815,O=C(c1cnn2ccc(N3CCC[C@@H]3c3cncc(F)c3)nc12)N1CC[C@H](O)C1,5.59,0.0,1
CHEMBL2815,O=C1CN(C(=O)Nc2cnc3ccc(N4CCC[C@@H]4c4cc(F)ccc4F)nn23)CCN1,7.58,0.0,1
CHEMBL2815,O=C1CN(C(=O)c2cccc(Nc3ncc(Cl)c(NCc4cccc(F)c4)n3)c2)CCN1,6.7,0.0,1
CHEMBL2815,O=C1COCCN1c1ccc(Nc2ncc(Cl)c(NCc3cccc(F)c3)n2)cc1,6.07,0.0,1
CHEMBL2815,O=C1Cc2cnn3ccc(nc23)N2CCC[C@@H]2c2cc(F)cn(c2=O)CCCCN1,7.26,0.0,1
CHEMBL2815,O=C1NC2(CC2)COc2ncc(F)cc2[C@H]2CCCCN2c2ccn3ncc1c3n2,8.773333333333333,0.3397548135543236,3
CHEMBL2815,O=C1NC2(CC2)COc2ncc(F)cc2[C@H]2CNCCN2c2ccn3ncc1c3n2,8.37,0.37363083384538837,3
CHEMBL2815,O=C1NC2(CC2)COc2ncc(F)cc2[C@H]2COCCN2c2ccn3ncc1c3n2,8.573333333333332,0.09865765724632455,3
CHEMBL2815,O=C1NCC(F)(F)COc2ncc(F)cc2[C@H]2CCCN2c2ccn3ncc1c3n2,7.26,0.0,1
CHEMBL2815,O=C1NCC(O)COc2ncc(F)cc2[C@H]2CCCN2c2ccn3ncc1c3n2,7.26,0.0,1
CHEMBL2815,O=C1NCCCCn2cc(F)cc(c2=O)[C@H]2CCCN2c2ccn3ncc1c3n2,7.26,0.0,1
CHEMBL2815,O=C1NCCCCn2cc(cn2)-c2cnc3ccc(cc3c2)CCn2nc(ccc2=O)-c2ccc1c(C(F)(F)F)c2,6.36,0.0,1
CHEMBL2815,O=C1NCCCNc2ncc(F)cc2[C@H]2CCCN2c2ccn3ncc1c3n2,7.26,0.0,1
CHEMBL2815,O=C1NCCCOc2ccc(F)cc2[C@@H]2C[C@@H](O)CN2c2ccn3ncc1c3n2,5.904999999999999,0.13435028842544464,2
CHEMBL2815,O=C1NCCCOc2ccc(F)cc2[C@H]2CCCN2c2ccn3ncc1c3n2,7.26,0.0,1
CHEMBL2815,O=C1NCCCOc2ccc(F)cc2[C@H]2C[C@@H](O)CN2c2ccn3ncc1c3n2,7.26,0.0,1
CHEMBL2815,O=C1NCCCOc2cccc(n2)[C@H]2CCCN2c2ccn3ncc1c3n2,7.26,0.0,1
CHEMBL2815,O=C1NCCCOc2ncc(F)cc2[C@H]2CCCN2c2ccn3ncc1c3n2,7.26,0.0,1
CHEMBL2815,O=C1NCCCOc2ncc(F)cc2[C@H]2COC(=O)N2c2ccn3ncc1c3n2,7.26,0.0,1
CHEMBL2815,O=C1NCCCc2ncc(F)cc2[C@H]2CCCN2c2ccn3ncc1c3n2,7.26,0.0,1
CHEMBL2815,O=C1NCCCn2cc(F)cc(c2=O)[C@H]2CCCN2c2ccn3ncc1c3n2,7.26,0.0,1
CHEMBL2815,O=C1NCCNc2ncc(F)cc2[C@H]2CCCN2c2ccn3ncc1c3n2,7.26,0.0,1
CHEMBL2815,O=C1NCCOc2cc(F)ccc2CN2CCCOC3=Cn4ncc1c4NC32,8.45,0.0,1
CHEMBL2815,O=C1NCCOc2cc(F)ccc2CN2CCOc3cn4ncc1c4nc32,8.42,0.0,1
CHEMBL2815,O=C1NCCOc2ccc(F)cc2[C@@H]2C[C@@H](O)CN2c2ccn3ncc1c3n2,5.904999999999999,0.13435028842544464,2
CHEMBL2815,O=C1NCCOc2ccc(F)cc2[C@H]2C[C@@H](O)CN2c2ccn3ncc1c3n2,7.26,0.0,1
CHEMBL2815,O=C1NCCOc2ncc(F)cc2[C@H]2CCCN2c2ccn3ncc1c3n2,7.26,0.0,1
CHEMBL2815,O=C1NCCOc2ncc(F)cc2[C@H]2COC(=O)N2c2ccn3ncc1c3n2,5.81,0.0,1
CHEMBL2815,O=C1NC[C@@H](F)Cn2cc(F)cc(c2=O)[C@H]2CCCN2c2ccn3ncc1c3n2,7.26,0.0,1
CHEMBL2815,O=C1NC[C@@H](O)COc2ccc(F)cc2C2CC(F)(F)CN2c2ccn3ncc1c3n2,7.26,0.0,1
CHEMBL2815,O=C1NC[C@@H](O)COc2ccc(F)cc2[C@@H]2C[C@@H](O)CN2c2ccn3ncc1c3n2,6.63,0.8909545442950497,2
CHEMBL2815,O=C1NC[C@@H](O)COc2ccc(F)cc2[C@H]2C[C@@H](O)CN2c2ccn3ncc1c3n2,7.26,0.0,1
CHEMBL2815,O=C1NC[C@@H](O)COc2ncc(F)cc2[C@H]2CCCN2c2ccn3ncc1c3n2,7.26,0.0,1
CHEMBL2815,O=C1NC[C@@H](O)Cn2cc(F)cc(c2=O)[C@H]2CCCN2c2ccn3ncc1c3n2,7.26,0.0,1
CHEMBL2815,O=C1NC[C@H](O)COc2ccc(F)cc2C2CC(F)(F)CN2c2ccn3ncc1c3n2,6.63,0.8909545442950497,2
CHEMBL2815,O=C1NC[C@H](O)COc2ccc(F)cc2[C@@H]2C[C@@H](O)CN2c2ccn3ncc1c3n2,5.904999999999999,0.13435028842544464,2
CHEMBL2815,O=C1NC[C@H](O)COc2ccc(F)cc2[C@H]2C[C@@H](O)CN2c2ccn3ncc1c3n2,7.26,0.0,1
CHEMBL2815,O=C1NC[C@H](O)Cn2cc(F)cc(c2=O)[C@H]2CCCN2c2ccn3ncc1c3n2,7.26,0.0,1
CHEMBL2815,O=C1NCc2c1c1c(c3[nH]c4ccccc4c23)Cc2ccccc2-1,6.79,0.0,1
CHEMBL2815,O=C1NCc2c1c1c3ccccc3sc1c1[nH]c3ccccc3c21,7.06,0.0,1
CHEMBL2815,O=C1NCc2c3c(c4[nH]c5ccccc5c4c21)Cc1ccccc1-3,6.81,0.0,1
CHEMBL2815,O=C1NOCCOc2ncc(F)cc2[C@H]2CCCN2c2ccn3ncc1c3n2,7.26,0.0,1
CHEMBL2815,O=C1Nc2cc(Nc3cccc(NC(=O)c4cc(N5CCC(O)CC5)cc(C(F)(F)F)c4)c3)ccc2/C1=C/c1ccc[nH]1,8.52,0.0,1
CHEMBL2815,O=C1Nc2cc(Nc3cccc(NC(=O)c4cc(N5CCN(CCO)CC5)cc(C(F)(F)F)c4)c3)ccc2/C1=C/c1ccc[nH]1,7.17,0.0,1
CHEMBL2815,O=C1Nc2cc(Nc3cccc(NC(=O)c4cccc(C(F)(F)F)c4)c3)ccc2/C1=C/c1ccc[nH]1,8.15,0.0,1
CHEMBL2815,O=C1Nc2cc(Nc3cccc(NC(=O)c4ccccc4)c3)ccc2/C1=C/c1ccc[nH]1,6.8,0.0,1
CHEMBL2815,O=C1Nc2ccc(F)cc2/C1=C1/Nc2ccccc2/C1=N\OCCN1CCNCC1,8.16,0.0,1
CHEMBL2815,O=C1Nc2ccc(I)cc2C1=Cc1cc(Br)c(O)c(Br)c1,5.33,0.0,1
CHEMBL2815,O=C1Nc2ccc([N+](=O)[O-])cc2/C1=C1/Nc2ccc(O)cc2/C1=N/O,5.4,0.0,1
CHEMBL2815,O=C1Nc2ccc3ncsc3c2/C1=C/Nc1ccc(S(=O)(=O)Nc2ccccn2)cc1,8.05,0.0,1
CHEMBL2815,O=C1Nc2ccccc2/C1=C/Nc1ccc(-n2cncn2)cc1,8.1,0.0,1
CHEMBL2815,O=C1Nc2ccccc2/C1=C/Nc1ccc(-n2nccn2)cc1,8.1,0.0,1
CHEMBL2815,O=C1Nc2ccccc2/C1=C/Nc1ccc2[nH]c(=O)[nH]c2c1,8.15,0.0,1
CHEMBL2815,O=C1Nc2ccccc2/C1=C1\CCc2cc(O)ccc21,8.22,0.0,1
CHEMBL2815,O=C1Nc2ccccc2/C1=C\c1c[nH]c2ccccc12,7.33,0.0,1
CHEMBL2815,O=C1Nc2ccnn2CCOc2ncc(F)cc2[C@H]2CCCN2c2ccn3ncc1c3n2,7.26,0.0,1
CHEMBL2815,O=C1Nc2ncc(Br)cc2/C1=C/c1cccc(Oc2ccccc2)c1,7.21,0.0,1
CHEMBL2815,O=C1Nc2ncccc2COc2ncc(F)cc2[C@H]2CCCN2c2ccn3ncc1c3n2,7.26,0.0,1
CHEMBL2815,O=C1OCCOc2ncc(F)cc2[C@H]2CCCN2c2ccn3ncc1c3n2,7.26,0.0,1
CHEMBL2815,O=C1OCCn2cc(F)cc(c2=O)[C@H]2CCCN2c2ccn3ncc1c3n2,5.81,0.0,1
CHEMBL2815,O=C1c2cccc3cc([N+](=O)[O-])cc(c23)C(=O)N1NCCO,5.23,0.0,1
CHEMBL2815,O=C1c2ccccc2-c2c1n(Cc1ccccc1)c1ccccc1c2=O,4.99,0.0,1
CHEMBL2815,O=C1c2ccccc2-c2c1oc1ccccc1c2=O,4.25,0.0,1
CHEMBL2815,O=C1c2ccccc2-c2n[nH]c3cccc1c23,7.16,0.0,1
CHEMBL2815,OCC1CN(c2cnc3ccc(N4CCC[C@@H]4c4cc(F)ccc4F)nn23)C1,7.85,0.0,1
CHEMBL2815,OCc1ccc(Nc2ncc(Cl)c(NCc3cccc(F)c3)n2)cc1,6.6,0.0,1
CHEMBL2815,Oc1ccc(Nc2nc(-c3ccccc3O)nc3ccccc23)cc1,6.52,0.0,1
CHEMBL2815,c1cn2cc(-c3ccc4cn[nH]c4c3)nc(Nc3ccc(N4CCOCC4)cc3)c2n1,6.25,0.0,1
CHEMBL2815,c1cncc(CNc2ccc3ncnc(Nc4ccc(N5CCOCC5)cc4)c3n2)c1,6.0,0.0,1
