chembl_id,smiles,pchembl_value,pchembl_std,n_records
CHEMBL333,C#CCN(C)C(=O)C1CCN(c2ccc(S(=O)(=O)C3(C(=O)NO)CCOCC3)cc2)CC1,5.68,0.0,1
CHEMBL333,C#CCN([C@@H](C(=O)NO)C(C)C)S(=O)(=O)c1ccc(OC)cc1,8.3,0.0,1
CHEMBL333,C#CCN1CCC(C(=O)NO)(S(=O)(=O)c2ccc(Oc3ccc(C(C)C)cc3)cc2)CC1,10.0,0.0,1
CHEMBL333,C#CCN1CCC(C(=O)NO)(S(=O)(=O)c2ccc(Oc3ccc(OC)cc3)cc2)CC1,9.4,0.0,1
CHEMBL333,C#CCN1CCC(C(=O)NO)(S(=O)(=O)c2ccc(Oc3ccc(S(C)(=O)=O)cc3)cc2)CC1,8.48,0.0,1
CHEMBL333,C#CCN1CCC(C(=O)NO)(S(=O)(=O)c2ccc(Oc3ccc4c(c3)OCO4)cc2)CC1,9.7,0.0,1
CHEMBL333,C#CCN1CCC(C(=O)NO)(S(=O)(=O)c2ccc(Sc3ccccc3)cc2)CC1,9.48,0.0,1
CHEMBL333,C#CCN1CCCC1(CS(=O)(=O)c1ccc(Oc2ccccc2)cc1)C(=O)NO,8.705,1.4071424945612294,2
CHEMBL333,C#CCNC(C)(CS(=O)(=O)c1ccc(Oc2ccccc2)cc1)C(=O)NO,9.7,0.0,1
CHEMBL333,C#CCOCCOCCOCCOCCOc1ccc(CN([C@@H](C(=O)NO)C(C)C)S(=O)(=O)c2ccc(OC)cc2)cc1,9.46,0.0,1
CHEMBL333,C#Cc1cccc2oc(C(=O)Nc3ccc(-c4ccc(S(=O)(=O)N[C@H](C(=O)O)C(C)C)cc4)cc3)c(C)c12,6.22,0.0,1
CHEMBL333,C/C(=N\NC(=O)Cn1c(=O)c(C)nc2ccccc21)c1ccc(Cl)cc1,4.88,0.0,1
CHEMBL333,C/C(=N\NC(=O)Cn1c(=O)c(C)nc2ccccc21)c1ccc([N+](=O)[O-])cc1,4.04,0.0,1
CHEMBL333,C/C(=N\NC(=O)Cn1c(=O)c(C)nc2ccccc21)c1ccccc1,5.03,0.0,1
CHEMBL333,C/C=C/C=C(\CC(=O)NO)C(=O)N[C@@H](Cc1c[nH]c2ccccc12)C(=O)NC,4.11,0.0,1
CHEMBL333,C/C=C/C=C/C=C1/C=C(CCC(=O)NO)C(=O)OC1,8.22,0.0,1
CHEMBL333,C/C=C/C=C\C=C1\C=C(CCC(=O)NO)C(=O)OC1,8.22,0.0,1
CHEMBL333,C=C(F)C[C@@H](C(=O)NO)N(Cc1cccnc1)S(=O)(=O)c1ccc(OC)cc1,8.14,0.0,1
CHEMBL333,C=C(F)C[C@H](C(=O)NO)N(Cc1cccnc1)S(=O)(=O)c1ccc(OC)cc1,8.03,0.0,1
CHEMBL333,C=C(F)C[C@H](C(=O)O)N(Cc1cccnc1)S(=O)(=O)c1ccc(OC)cc1,4.45,0.0,1
CHEMBL333,C=C1CCC(C(CS(=O)(=O)c2ccc(OCc3cc(C)nc4ccccc34)cc2)N(O)C=O)CC1,4.48,0.0,1
CHEMBL333,C=C1C[C@H](C(=O)NO)N(S(=O)(=O)c2ccc(OCCC)cc2)C1,8.7,0.0,1
CHEMBL333,C=C1C[C@H](C(=O)NO)N(S(=O)(=O)c2ccc(OCCCC)cc2)C1,9.1,0.0,1
CHEMBL333,C=C1C[C@H](C(=O)NO)N(S(=O)(=O)c2ccc(OCCOC)cc2)C1,8.05,0.0,1
CHEMBL333,C=C1C[C@H](C(=O)NO)N(S(=O)(=O)c2ccc(Oc3ccccc3)cc2)C1,9.4,0.0,1
CHEMBL333,C=CC1[C@H](C(=O)NO)N(S(=O)(=O)c2ccc(OC)cc2)CC1(C)C,6.36,0.0,1
CHEMBL333,C=CCC(CC=C)(C(=O)NO)[C@@H](CC(C)C)C(=O)N[C@@H](Cc1ccccc1)C(=O)NC,6.96,0.0,1
CHEMBL333,C=CCN(C)C(=O)C1CCN(c2ccc(S(=O)(=O)C3(C(=O)NO)CCOCC3)cc2)CC1,5.54,0.0,1
CHEMBL333,C=CCN1CC(=O)N([C@H]2C[C@H](C(=O)NO)N(S(=O)(=O)c3ccc(OCCC)cc3)C2)C1=O,9.1,0.0,1
CHEMBL333,C=CCN1CC(=O)N([C@H]2C[C@H](C(=O)NO)N(S(=O)(=O)c3ccc(OCCOC)cc3)C2)C1=O,8.7,0.0,1
CHEMBL333,C=CC[C@@H](C(=O)NO)N(Cc1cccnc1)S(=O)(=O)c1ccc(OC)cc1,8.2,0.0,1
CHEMBL333,C=CC[C@@H](C(=O)NO)[C@@H](CC(C)C)C(=O)N[C@@H](Cc1ccccc1)C(=O)NC,7.46,0.0,1
CHEMBL333,C=CC[C@@](C)(C(=O)NO)[C@@H](CC(C)C)C(=O)N[C@@H](Cc1ccccc1)C(=O)NC,7.18,0.0,1
CHEMBL333,C=CC[C@H](C(=O)NO)C(CC(C)C)C(=O)N[C@@H](Cc1ccccc1)C(=O)NC,8.3,0.0,1
CHEMBL333,C=CC[C@H](C(=O)NO)N(Cc1cccnc1)S(=O)(=O)c1ccc(OC)cc1,8.41,0.0,1
CHEMBL333,C=CC[C@H](C(=O)NO)[C@@H](CC(C)C)C(=O)N[C@@H](Cc1ccccc1)C(=O)NC,8.74,0.0,1
CHEMBL333,C=CC[C@H](C(=O)NO)[C@@H](CC(C)C)C(=O)N[C@@H](Cc1ccccc1)C(=O)c1ncco1,8.14,0.0,1
CHEMBL333,C=CC[C@H](C(=O)O)N(Cc1cccnc1)S(=O)(=O)c1ccc(OC)cc1,5.68,0.0,1
CHEMBL333,C=CC[C@](C)(C(=O)NO)[C@@H](CC(C)C)C(=O)N[C@@H](CC1CCCCC1)C(=O)NCCc1ccc(S(N)(=O)=O)cc1,7.64,0.0,1
CHEMBL333,C=CC[C@](C)(C(=O)NO)[C@@H](CC(C)C)C(=O)N[C@@H](CC1CCCCC1)C(=O)NCCc1ccccc1,7.19,0.0,1
CHEMBL333,C=CC[C@](C)(C(=O)NO)[C@@H](CC(C)C)C(=O)N[C@@H](Cc1ccccc1)C(=O)NC,8.38,0.0,1
CHEMBL333,C=CC[C@](C)(C(=O)NO)[C@@H](CC(C)C)C(=O)N[C@@H](Cc1ccccc1)C(=O)Nc1ccccc1,7.28,0.0,1
CHEMBL333,C=CC[C@](C)(C(=O)NO)[C@@H](CC(C)C)C(=O)N[C@H](C(=O)NC)C(C)(C)C,8.6,0.0,1
CHEMBL333,C=CC[C@](C)(C(=O)NO)[C@@H](CC(C)C)C(=O)N[C@H](C(=O)Nc1ccccc1)C(C)(C)C,8.21,0.0,1
CHEMBL333,C=Cc1ccc(-c2ccc(OCC(CN3C(=O)N(C)C(C)(C)C3=O)N(O)C=O)cc2)cc1,7.21,0.0,1
CHEMBL333,CC#CC(C)Oc1ccc(S(=O)(=O)CC2(C(=O)NO)CCN(S(=O)(=O)C(C)C)CC2)cc1,5.38,0.0,1
CHEMBL333,CC#CCNc1ccc(S(=O)(=O)CC2(C(=O)NO)CCCN(C(=O)OCC)C2)cc1,5.91,0.0,1
CHEMBL333,CC#CCNc1ccc(S(=O)(=O)CC2(C(=O)NO)CCCN(C(=O)c3cccc(C)c3)C2)cc1,5.84,0.0,1
CHEMBL333,CC#CCNc1ccc(S(=O)(=O)CC2(C(=O)NO)CCCN(S(=O)(=O)C(C)C)C2)cc1,6.0,0.0,1
CHEMBL333,CC#CCNc1ccc(S(=O)(=O)CC2(C(=O)NO)CCN(C(=O)C(C)C)CC2)cc1,6.29,0.0,1
CHEMBL333,CC#CCNc1ccc(S(=O)(=O)CC2(C(=O)NO)CCN(C(=O)C(C)CC)CC2)cc1,5.88,0.0,1
CHEMBL333,CC#CCNc1ccc(S(=O)(=O)CC2(C(=O)NO)CCN(C(=O)N(CC)CC)CC2)cc1,6.67,0.0,1
CHEMBL333,CC#CCNc1ccc(S(=O)(=O)CC2(C(=O)NO)CCN(C(=O)OC(C)(C)C)CC2)cc1,6.92,0.0,1
CHEMBL333,CC#CCNc1ccc(S(=O)(=O)CC2(C(=O)NO)CCN(C(=O)c3ccccc3C)CC2)cc1,7.34,0.0,1
CHEMBL333,CC#CCNc1ccc(S(=O)(=O)CC2(C(=O)NO)CCN(Cc3ccncc3)CC2)cc1,5.82,0.0,1
CHEMBL333,CC#CCNc1ccc(S(=O)(=O)CC2(C(=O)NO)CCN(S(=O)(=O)C(C)C)CC2)cc1,7.01,0.0,1
CHEMBL333,CC#CCNc1ccc(S(=O)(=O)N2CCSC(C)(C)[C@@H]2C(=O)NO)cc1,7.25,0.0,1
CHEMBL333,CC#CCOC(=O)c1cccc(=O)[nH]1,4.16,0.0,1
CHEMBL333,CC#CCOc1ccc(S(=O)(=O)CC2(C(=O)NO)CCCN(C(=O)C(C)C)C2)cc1,6.08,0.0,1
CHEMBL333,CC#CCOc1ccc(S(=O)(=O)CC2(C(=O)NO)CCCN(C(=O)C(C)CC)C2)cc1,6.28,0.0,1
CHEMBL333,CC#CCOc1ccc(S(=O)(=O)CC2(C(=O)NO)CCCN(C(=O)OC(C)(C)C)C2)cc1,5.65,0.0,1
CHEMBL333,CC#CCOc1ccc(S(=O)(=O)CC2(C(=O)NO)CCCN(C(=O)OC)C2)cc1,6.06,0.0,1
CHEMBL333,CC#CCOc1ccc(S(=O)(=O)CC2(C(=O)NO)CCCN(C(=O)OCC(C)C)C2)cc1,6.02,0.0,1
CHEMBL333,CC#CCOc1ccc(S(=O)(=O)CC2(C(=O)NO)CCCN(C(=O)OCC)C2)cc1,5.79,0.0,1
CHEMBL333,CC#CCOc1ccc(S(=O)(=O)CC2(C(=O)NO)CCCN(C(=O)c3ccc(C)cc3)C2)cc1,6.12,0.0,1
CHEMBL333,CC#CCOc1ccc(S(=O)(=O)CC2(C(=O)NO)CCCN(C(=O)c3ccc(COCC)cc3)C2)cc1,6.03,0.0,1
CHEMBL333,CC#CCOc1ccc(S(=O)(=O)CC2(C(=O)NO)CCCN(C(=O)c3cccc(C)c3)C2)cc1,5.79,0.0,1
CHEMBL333,CC#CCOc1ccc(S(=O)(=O)CC2(C(=O)NO)CCCN(C(=O)c3ccccc3)C2)cc1,5.96,0.0,1
CHEMBL333,CC#CCOc1ccc(S(=O)(=O)CC2(C(=O)NO)CCCN(C(=O)c3ccccc3C)C2)cc1,6.08,0.0,1
CHEMBL333,CC#CCOc1ccc(S(=O)(=O)CC2(C(=O)NO)CCCN(S(=O)(=O)C(C)C)C2)cc1,6.16,0.0,1
CHEMBL333,CC#CCOc1ccc(S(=O)(=O)CC2(C(=O)NO)CCCN(S(=O)(=O)Cc3ccccc3)C2)cc1,6.58,0.0,1
CHEMBL333,CC#CCOc1ccc(S(=O)(=O)CC2(C(=O)NO)CCCN(S(=O)(=O)Cc3ccncc3)C2)cc1,5.99,0.0,1
CHEMBL333,CC#CCOc1ccc(S(=O)(=O)CC2(C(=O)NO)CCCNC2)cc1,5.59,0.0,1
CHEMBL333,CC#CCOc1ccc(S(=O)(=O)CC2(C(=O)NO)CCN(C(=O)C(C)(CO)CO)CC2)cc1,7.27,0.0,1
CHEMBL333,CC#CCOc1ccc(S(=O)(=O)CC2(C(=O)NO)CCN(C(=O)CCC)CC2)cc1,7.31,0.0,1
CHEMBL333,CC#CCOc1ccc(S(=O)(=O)CC2(C(=O)NO)CCN(C(=O)CCCCC)CC2)cc1,6.26,0.0,1
CHEMBL333,CC#CCOc1ccc(S(=O)(=O)CC2(C(=O)NO)CCN(C(=O)CCCN(C)C)CC2)cc1,6.52,0.0,1
CHEMBL333,CC#CCOc1ccc(S(=O)(=O)CC2(C(=O)NO)CCN(C(=O)CCOC)CC2)cc1,7.62,0.0,1
CHEMBL333,CC#CCOc1ccc(S(=O)(=O)CC2(C(=O)NO)CCN(C(=O)CN3CCOCC3)CC2)cc1,6.95,0.0,1
CHEMBL333,CC#CCOc1ccc(S(=O)(=O)CC2(C(=O)NO)CCN(C(=O)N(CC)CC)CC2)cc1,6.46,0.0,1
CHEMBL333,CC#CCOc1ccc(S(=O)(=O)CC2(C(=O)NO)CCN(C(=O)c3c(Cl)cncc3Cl)CC2)cc1,6.74,0.0,1
CHEMBL333,CC#CCOc1ccc(S(=O)(=O)CC2(C(=O)NO)CCN(C(=O)c3ccc(C)cc3)CC2)cc1,6.96,0.0,1
CHEMBL333,CC#CCOc1ccc(S(=O)(=O)CC2(C(=O)NO)CCN(C(=O)c3ccccc3)CC2)cc1,7.21,0.0,1
CHEMBL333,CC#CCOc1ccc(S(=O)(=O)CC2(C(=O)NO)CCN(C(=O)c3ccccc3C)CC2)cc1,7.82,0.0,1
CHEMBL333,CC#CCOc1ccc(S(=O)(=O)CC2(C(=O)NO)CCN(C(=O)c3ccccc3N)CC2)cc1,7.8,0.0,1
CHEMBL333,CC#CCOc1ccc(S(=O)(=O)CC2(C(=O)NO)CCN(C(=O)c3cccs3)CC2)cc1,7.72,0.0,1
CHEMBL333,CC#CCOc1ccc(S(=O)(=O)CC2(C(=O)NO)CCN(C(=O)c3ccncc3)CC2)cc1,7.34,0.0,1
CHEMBL333,CC#CCOc1ccc(S(=O)(=O)CC2(C(=O)NO)CCN(C(C)=O)CC2)cc1,6.47,0.0,1
CHEMBL333,CC#CCOc1ccc(S(=O)(=O)CC2(C(=O)NO)CCN(CC#CC)CC2)cc1,6.6,0.0,1
CHEMBL333,CC#CCOc1ccc(S(=O)(=O)CC2(C(=O)NO)CCN(Cc3c(Cl)cncc3Cl)CC2)cc1,6.26,0.0,1
CHEMBL333,CC#CCOc1ccc(S(=O)(=O)CC2(C(=O)NO)CCN(Cc3ccncc3)CC2)cc1,7.11,0.0,1
CHEMBL333,CC#CCOc1ccc(S(=O)(=O)CC2(C(=O)NO)CCN(S(=O)(=O)C(C)(C)C)CC2)cc1,7.14,0.0,1
CHEMBL333,CC#CCOc1ccc(S(=O)(=O)CC2(C(=O)NO)CCN(S(=O)(=O)C(C)C)CC2)cc1,6.5,0.0707106781186545,2
CHEMBL333,CC#CCOc1ccc(S(=O)(=O)CC2(C(=O)NO)CCN(S(=O)(=O)C(C)CN3CCOCC3)CC2)cc1,7.43,0.0,1
CHEMBL333,CC#CCOc1ccc(S(=O)(=O)CC2(C(=O)NO)CCN(S(=O)(=O)C(CC)CC)CC2)cc1,7.24,0.0,1
CHEMBL333,CC#CCOc1ccc(S(=O)(=O)CC2(C(=O)NO)CCN(S(=O)(=O)C3CC3)CC2)cc1,6.79,0.0,1
CHEMBL333,CC#CCOc1ccc(S(=O)(=O)CC2(C(=O)NO)CCN(S(=O)(=O)C3CCCC3)CC2)cc1,7.27,0.0,1
CHEMBL333,CC#CCOc1ccc(S(=O)(=O)CC2(C(=O)NO)CCN(S(=O)(=O)C3CCCCC3)CC2)cc1,8.4,0.0,1
CHEMBL333,CC#CCOc1ccc(S(=O)(=O)CC2(C(=O)NO)CCN(S(=O)(=O)CC3CCCCC3)CC2)cc1,7.96,0.0,1
CHEMBL333,CC#CCOc1ccc(S(=O)(=O)CC2(C(=O)NO)CCN(S(=O)(=O)CCCC)CC2)cc1,7.36,0.0,1
CHEMBL333,CC#CCOc1ccc(S(=O)(=O)CC2(C(=O)NO)CCN(S(=O)(=O)CCN3CCOCC3)CC2)cc1,7.43,0.0,1
CHEMBL333,CC#CCOc1ccc(S(=O)(=O)CC2(C(=O)NO)CCN(S(=O)(=O)Cc3ccccc3)CC2)cc1,8.51,0.0,1
CHEMBL333,CC#CCOc1ccc(S(=O)(=O)CC2(C(=O)NO)CCN(S(=O)(=O)Cc3ccncc3)CC2)cc1,7.09,0.0,1
CHEMBL333,CC#CCOc1ccc(S(=O)(=O)CC2(C(=O)NO)CCN(S(=O)(=O)N(C)C)CC2)cc1,7.21,0.0,1
CHEMBL333,CC#CCOc1ccc(S(=O)(=O)CC2(C(=O)NO)CCN(S(=O)(=O)N3CCCC3)CC2)cc1,7.51,0.0,1
CHEMBL333,CC#CCOc1ccc(S(=O)(=O)CC2(C(=O)NO)CCN(S(=O)(=O)N3CCCCC3)CC2)cc1,7.29,0.0,1
CHEMBL333,CC#CCOc1ccc(S(=O)(=O)CC2(C(=O)NO)CCN(S(=O)(=O)N3CCC[C@@H]3CO)CC2)cc1,6.76,0.0,1
CHEMBL333,CC#CCOc1ccc(S(=O)(=O)CC2(C(=O)NO)CCN(S(=O)(=O)N3CCC[C@H]3COC)CC2)cc1,7.24,0.0,1
CHEMBL333,CC#CCOc1ccc(S(=O)(=O)CC2(C(=O)NO)CCN(S(=O)(=O)N3CCN(C(C)=O)CC3)CC2)cc1,7.7,0.0,1
CHEMBL333,CC#CCOc1ccc(S(=O)(=O)CC2(C(=O)NO)CCN(S(=O)(=O)N3CCOCC3)CC2)cc1,7.29,0.0,1
CHEMBL333,CC#CCOc1ccc(S(=O)(=O)CC2(C(=O)NO)CCN(S(=O)(=O)c3c(C)nn(C)c3C)CC2)cc1,7.0,0.0,1
CHEMBL333,CC#CCOc1ccc(S(=O)(=O)CC2(C(=O)NO)CCN(S(=O)(=O)c3c(C)noc3C)CC2)cc1,6.18,0.0,1
CHEMBL333,CC#CCOc1ccc(S(=O)(=O)CC2(C(=O)NO)CCN(S(=O)(=O)c3cc(Cl)sc3Cl)CC2)cc1,7.66,0.0,1
CHEMBL333,CC#CCOc1ccc(S(=O)(=O)CC2(C(=O)NO)CCN(S(=O)(=O)c3ccc(Cl)s3)CC2)cc1,7.48,0.0,1
CHEMBL333,CC#CCOc1ccc(S(=O)(=O)CC2(C(=O)NO)CCN(S(=O)(=O)c3cn(C)c(C)n3)CC2)cc1,7.72,0.0,1
CHEMBL333,CC#CCOc1ccc(S(=O)(=O)CC2(C(=O)NO)CCN(S(=O)(=O)c3nc(C)sc3C)CC2)cc1,7.5,0.0,1
CHEMBL333,CC#CCOc1ccc(S(=O)(=O)CC2(C(=O)NO)CCN(S(C)(=O)=O)CC2)cc1,6.29,0.0,1
CHEMBL333,CC#CCOc1ccc(S(=O)(=O)CC2(C(=O)NO)CCN(c3c(C)noc3C)CC2)cc1,6.18,0.0,1
CHEMBL333,CC#CCOc1ccc(S(=O)(=O)CC2(C(=O)NO)CCN(c3ccccn3)CC2)cc1,7.2,0.0,1
CHEMBL333,CC#CCOc1ccc(S(=O)(=O)CC2(C(=O)NO)CCN(c3ccncc3)CC2)cc1,5.69,0.0,1
CHEMBL333,CC#CCOc1ccc(S(=O)(=O)CC2(C(=O)NO)CCN(c3nc4ccccc4n3C)CC2)cc1,6.75,0.0,1
CHEMBL333,CC#CCOc1ccc(S(=O)(=O)CC2(C(=O)NO)CCN(c3nc4ccccc4o3)CC2)cc1,7.4,0.0,1
CHEMBL333,CC#CCOc1ccc(S(=O)(=O)CC2(C(=O)NO)CCNCC2)cc1,5.8,0.0,1
CHEMBL333,CC#CCOc1ccc(S(=O)(=O)N(CC(C)C)[C@H](CCN2C(=O)c3ccccc3C2=O)C(=O)NO)cc1,7.68,0.0,1
CHEMBL333,CC#CCOc1ccc(S(=O)(=O)N2CCSC(C)(C)[C@@H]2C(=O)NO)cc1,8.33,0.0,1
CHEMBL333,CC#CCOc1ccc(S(=O)(=O)NC(Cc2c[nH]c3ccc(OC)cc23)C(=O)O)cc1,5.9,0.0,1
CHEMBL333,CC#CCOc1ccc(S(=O)(=O)NC(Cc2c[nH]c3ccc(OCc4ccccc4)cc23)C(=O)O)cc1,5.49,0.0,1
CHEMBL333,CC#CCOc1ccc(S(=O)(=O)NCC(=O)NO)cc1,6.96,0.0,1
CHEMBL333,CC#CCOc1ccc(S(=O)(=O)N[C@H](CCN2C(=O)c3ccccc3C2=O)C(=O)NO)cc1,8.38,0.0,1
CHEMBL333,CC#CCOc1ccc(S(=O)(=O)N[C@H](CCNC(=O)OCc2ccccc2)C(=O)NO)cc1,7.77,0.0,1
CHEMBL333,CC#CCOc1ccc(S(=O)(=O)N[C@H](Cc2c[nH]c3ccc(C)cc23)C(=O)O)cc1,6.57,0.0,1
CHEMBL333,CC#CCOc1ccc(S(=O)(=O)N[C@H](Cc2cn(Cc3ccc(OC)cc3)c3ccccc23)C(=O)O)cc1,5.84,0.0,1
CHEMBL333,CC#Cc1cccc2oc(C(=O)Nc3ccc(-c4ccc(S(=O)(=O)N[C@H](C(=O)O)C(C)C)cc4)cc3)c(C)c12,4.82,0.0,1
CHEMBL333,CC(=O)N(C[C@H](O)C(=O)NO)c1ccc(Oc2ccc(Cl)cc2)cc1,5.9,0.0,1
CHEMBL333,CC(=O)N(O)C(CS(=O)(=O)c1ccc(-c2cccc(CNC(=O)c3nc4ccccc4c(=O)[nH]3)c2)cc1)C(C)C,7.19,0.0,1
CHEMBL333,CC(=O)N(O)CCOc1ccc(-c2ccc(C#N)cc2)cc1,5.23,0.0,1
CHEMBL333,CC(=O)N1CC(C2(CC(C)C(=O)N3CCN(c4ccc(F)c(F)c4)CC3)NC(=O)NC2=O)C1,6.42,0.0,1
CHEMBL333,CC(=O)N1CC(C2(CC(C)C(=O)N3CCN(c4ccc(F)c(F)c4)[C@@H](C)C3)NC(=O)NC2=O)C1,6.19,0.0,1
CHEMBL333,CC(=O)N1CC2(CC2)C[C@H](C(=O)NO)[C@H]1C(=O)N1C=CC(c2ccccc2)CC1,7.3,0.0,1
CHEMBL333,CC(=O)N1CCC(C(=O)NO)(S(=O)(=O)c2ccc(OCc3cc(C)nc4ccccc34)cc2)CC1,5.16,0.0,1
CHEMBL333,CC(=O)N1CCC(C(=O)NO)(S(=O)(=O)c2ccc(Oc3ccc(OC(F)(F)F)cc3)cc2)CC1,10.0,0.0,1
CHEMBL333,CC(=O)N1CCC(NC(=O)c2ccc(Oc3ccc(C#C[C@]4(O)CN5CCC4CC5)cc3)cc2)CC1,5.3,0.0,1
CHEMBL333,CC(=O)N1CCCN(C2(c3ccc(Oc4ccccc4)cc3)C(=O)NC(=O)NC2=O)CC1,8.54,0.0,1
CHEMBL333,CC(=O)N1CCN(C(=O)C2CCN(c3ccc(S(=O)(=O)C4(C(=O)NO)CCOCC4)cc3)CC2)CC1,5.6,0.0,1
CHEMBL333,CC(=O)N1CCN(C2(c3ccc(Oc4ccccc4)cc3)C(=O)NC(=O)NC2=O)CC1,7.8,0.0,1
CHEMBL333,CC(=O)N1CCN([C@@H](CN(c2ccc(Oc3ccc(C(F)(F)F)cc3)cc2)S(C)(=O)=O)C(=O)NO)CC1,8.07,0.0,1
CHEMBL333,CC(=O)N1C[C@@H](NC(=O)/C=C/c2ccccc2)C[C@H]1C(=O)NO,8.4,0.0,1
CHEMBL333,CC(=O)N1C[C@@H](NC(=O)c2cccnc2)C[C@H]1C(=O)NO,8.3,0.0,1
CHEMBL333,CC(=O)NC(C)(CS(=O)(=O)c1ccc(Oc2ccccc2)cc1)C(=O)NO,7.4,0.0,1
CHEMBL333,CC(=O)NC(C)(CS(=O)(=O)c1ccc(Sc2ccccc2)cc1)C(=O)NO,6.27,0.0,1
CHEMBL333,CC(=O)NCC[C@@H](NS(=O)(=O)c1ccc(-c2ccccc2)cc1)C(=O)NO,9.15,0.0,1
CHEMBL333,CC(=O)NCC[C@@H](NS(=O)(=O)c1ccc(Br)cc1)C(=O)NO,6.72,0.0,1
CHEMBL333,CC(=O)NCC[C@H](C(=O)NO)N(OC(C)C)S(=O)(=O)c1ccc(-c2ccccc2)cc1,9.48,0.0,1
CHEMBL333,CC(=O)NCC[C@H](C(=O)NO)N(OC(C)C)S(=O)(=O)c1ccccc1,6.23,0.0,1
CHEMBL333,CC(=O)NCc1ccc(Oc2ccc(S(=O)(=O)CC3CS3)cc2)cc1,6.63,0.0,1
CHEMBL333,CC(=O)N[C@@H](Cc1ccc(OCCc2ccccc2)cc1)C(=O)NO,7.89,0.0,1
CHEMBL333,CC(=O)N[C@@H](Cc1ccc(OCCc2ccccc2)cc1)C(=O)O,6.12,0.0,1
CHEMBL333,CC(=O)N[C@@H](Cc1ccc(OCc2ccccc2)cc1)C(=O)NO,7.43,0.0,1
CHEMBL333,CC(=O)N[C@@H](Cc1ccc(OCc2ccccc2)cc1)C(=O)O,5.52,0.0,1
CHEMBL333,CC(=O)Nc1ccc(Oc2ccc(S(=O)(=O)CC3CS3)cc2)cc1,6.77,0.0,1
CHEMBL333,CC(=O)Nc1ccc(Oc2ccc(S(=O)(=O)C[C@@H]3CS3)cc2)cc1,6.59,0.0,1
CHEMBL333,CC(=O)Nc1ccc(Oc2ccc(S(=O)(=O)C[C@H]3CS3)cc2)cc1,6.52,0.0,1
CHEMBL333,CC(=O)Nc1ccc2oc(C(=O)Nc3ccc(-c4ccc(S(=O)(=O)N[C@H](C(=O)O)C(C)C)cc4)cc3)cc2c1,8.4,0.0,1
CHEMBL333,CC(=O)Nc1cccc2oc(C(=O)Nc3ccc(-c4ccc(S(=O)(=O)N[C@H](C(=O)O)C(C)C)cc4)cc3)c(C)c12,5.42,0.0,1
CHEMBL333,CC(=O)c1ccc(-c2ccc(C(=O)CC3(O)C(=O)NC(=O)NC3=O)cc2)cc1,7.52,0.0,1
CHEMBL333,CC(=O)c1ccc(N2CCN(C(=O)C3CCN(c4ccc(S(=O)(=O)C5(C(=O)NO)CCOCC5)cc4)CC3)CC2)cc1,6.16,0.0,1
CHEMBL333,CC(=O)c1ccc2oc(C(=O)Nc3ccc(-c4ccc(S(=O)(=O)N[C@H](C(=O)O)C(C)C)cc4)cc3)c(C)c2c1O,7.2,0.0,1
CHEMBL333,CC(C(=O)NO)c1ccccc1S(=O)(=O)c1ccc(-c2ccccc2)cc1,7.14,0.0,1
CHEMBL333,CC(C(=O)O)c1ccccc1S(=O)(=O)c1ccc(-c2ccccc2)cc1,5.62,0.0,1
CHEMBL333,CC(C)(C)C(NC(=O)C(CCCc1ccc(-c2ccccc2)c(F)c1)CC(=O)NO)C(=O)NC(c1ccccc1)c1ccccc1,7.39,0.0,1
CHEMBL333,CC(C)(C)C(NC(=O)C(CCCc1ccc(-c2ccccc2)cc1)CC(=O)NO)C(=O)NC(c1ccccc1)c1ccccc1,6.51,0.0,1
CHEMBL333,CC(C)(C)C(NC(=O)C(CCCc1ccccc1)C(O)C(=O)NO)C(=O)NC(c1ccccc1)c1ccccc1,6.57,0.0,1
CHEMBL333,CC(C)(C)C(NC(=O)C(CCCc1ccccc1)CC(=O)NO)C(=O)NC(c1ccccc1)c1ccccc1,6.38,0.0,1
CHEMBL333,CC(C)(C)C(NC(=O)C(CCCc1ccccc1)CC(=O)NO)C(=O)NC1CCCC1,8.8,0.0,1
CHEMBL333,CC(C)(C)C(NC(=O)C(CCCc1ccccc1)CC(=O)NO)C(=O)NC1CCCCC1,8.89,0.0,1
CHEMBL333,CC(C)(C)C(NC(=O)C(CCCc1ccccc1)CC(=O)NO)C(=O)Nc1ccccc1,9.0,0.0,1
CHEMBL333,CC(C)(C)C(NC(=O)C(CCCc1ccccc1)CC(=O)NO)C(=O)Nc1ccncc1,8.2,2.121320343559642,2
CHEMBL333,CC(C)(C)C(NC(=O)C(CCCc1ccccc1)CC(=O)O)C(=O)NC(c1ccccc1)c1ccccc1,5.61,0.0,1
CHEMBL333,CC(C)(C)C(NC(=O)C(CCCc1ccccc1)CC(=O)O)C(=O)NC1CCCC1,7.27,0.0,1
CHEMBL333,CC(C)(C)C(NC(=O)C(CCCc1ccccc1)CC(=O)O)C(=O)NC1CCCCC1,7.42,0.0,1
CHEMBL333,CC(C)(C)C(NC(=O)C(CCCc1ccccc1)CC(=O)O)C(=O)Nc1ccccc1,7.52,0.0,1
CHEMBL333,CC(C)(C)C(NC(=O)C(CCCc1ccccc1)CC(=O)O)C(=O)Nc1ccncc1,8.19,0.0,1
CHEMBL333,CC(C)(C)C1(CCC(=O)N2CCN(c3cccc(Cl)c3)CC2)NC(=O)NC1=O,6.72,0.0,1
CHEMBL333,CC(C)(C)CC(=O)NC(C(=O)NO)c1ccc(-c2cc(F)c(F)c(F)c2)cc1,4.77,0.0,1
CHEMBL333,CC(C)(C)NC(=O)C(NC(=O)C(CCCc1ccccc1)CC(=O)NO)C(C)(C)C,8.24,0.0,1
CHEMBL333,CC(C)(C)NC(=O)C(NC(=O)C(CCCc1ccccc1)CC(=O)O)C(C)(C)C,7.08,0.0,1
CHEMBL333,CC(C)(C)NC(=O)CC[C@H](NS(=O)(=O)c1ccc(-c2ccccc2)cc1)C(=O)O,6.73,0.0,1
CHEMBL333,CC(C)(C)NC(=O)[C@@H](NC(=O)[C@H](CCCc1ccccc1)CC(=O)NO)C(C)(C)C,8.24,0.0,1
CHEMBL333,CC(C)(C)NC(=O)[C@@H](NC(=O)[C@H](CCCc1ccccc1)CC(=O)O)C(C)(C)C,7.08,0.0,1
CHEMBL333,CC(C)(C)NC(=O)c1nc(N)c(C(=O)NCCC(=O)N2CCC(C(=O)NO)(S(=O)(=O)c3ccc(Oc4ccc(OC(F)(F)F)cc4)cc3)CC2)nc1N,8.29,0.0,1
CHEMBL333,CC(C)(C)OC(=O)CC1(CCC(=O)N2CCN(c3cc(Cl)cc(Cl)c3)CC2)NC(=O)NC1=O,6.34,0.0,1
CHEMBL333,CC(C)(C)OC(=O)N1CCC(CS(=O)(=O)c2ccc(NCC#CCO)cc2)(C(=O)NO)CC1,6.48,0.0,1
CHEMBL333,CC(C)(C)[C@H](NC(=O)[C@H](CCCc1ccc(-c2ccccc2)c(F)c1)CC(=O)NO)C(=O)NC(c1ccccc1)c1ccccc1,7.39,0.0,1
CHEMBL333,CC(C)(C)[C@H](NC(=O)[C@H](CCCc1ccc(-c2ccccc2)cc1)CC(=O)NO)C(=O)NC(c1ccccc1)c1ccccc1,6.51,0.0,1
CHEMBL333,CC(C)(C)[C@H](NC(=O)[C@H](CCCc1ccccc1)CC(=O)NO)C(=O)NC(c1ccccc1)c1ccccc1,6.38,0.0,1
CHEMBL333,CC(C)(C)[C@H](NC(=O)[C@H](CCCc1ccccc1)CC(=O)NO)C(=O)NC1CCCC1,8.8,0.0,1
CHEMBL333,CC(C)(C)[C@H](NC(=O)[C@H](CCCc1ccccc1)CC(=O)NO)C(=O)NC1CCCCC1,8.89,0.0,1
CHEMBL333,CC(C)(C)[C@H](NC(=O)[C@H](CCCc1ccccc1)CC(=O)NO)C(=O)Nc1ccccc1,9.0,0.0,1
CHEMBL333,CC(C)(C)[C@H](NC(=O)[C@H](CCCc1ccccc1)CC(=O)NO)C(=O)Nc1ccncc1,9.7,0.0,1
CHEMBL333,CC(C)(C)[C@H](NC(=O)[C@H](CCCc1ccccc1)CC(=O)O)C(=O)NC(c1ccccc1)c1ccccc1,5.61,0.0,1
CHEMBL333,CC(C)(C)[C@H](NC(=O)[C@H](CCCc1ccccc1)CC(=O)O)C(=O)NC1CCCC1,7.27,0.0,1
CHEMBL333,CC(C)(C)[C@H](NC(=O)[C@H](CCCc1ccccc1)CC(=O)O)C(=O)NC1CCCCC1,7.42,0.0,1
CHEMBL333,CC(C)(C)[C@H](NC(=O)[C@H](CCCc1ccccc1)CC(=O)O)C(=O)Nc1ccccc1,7.52,0.0,1
CHEMBL333,CC(C)(C)[C@H](NC(=O)[C@H](CCCc1ccccc1)CC(=O)O)C(=O)Nc1ccncc1,8.19,0.0,1
CHEMBL333,CC(C)(C)[C@H](NC(=O)[C@H](CCCc1ccccc1)[C@H](O)C(=O)NO)C(=O)NC(c1ccccc1)c1ccccc1,6.57,0.0,1
CHEMBL333,CC(C)(C)[C@H](NC(=O)[C@H](Cc1ccncc1)NC(=O)CNC(=O)CC[C@H](NS(=O)(=O)c1ccc(Cl)c(C(F)(F)F)c1)C(=O)O)C(=O)N1CCC[C@H]1CC(N)=O,5.12,0.0,1
CHEMBL333,CC(C)(C)[C@H](NC(=O)[C@H](Cc1ccncc1)NC(=O)CNC(=O)CC[C@H](NS(=O)(=O)c1ccc(Cl)c(C(F)(F)F)c1)C(=O)O)C(=O)Nc1ccc(C(=O)N2CCC(C(=O)N[C@H](CCCCN)C(=O)N3CC[C@H](N)C3)CC2)cc1,5.6,0.0,1
CHEMBL333,CC(C)(Cc1ccc(C(F)(F)F)cc1)C(=O)NC[C@@]1(C2CC2)NC(=O)NC1=O,5.33,0.0,1
CHEMBL333,CC(C)(Cc1ccc(F)cc1)NC(=O)[C@H](CCC(=O)O)NC(=O)c1ccc(-c2ccccc2)cc1,5.02,0.0,1
CHEMBL333,CC(C)(NC(=O)C(NC(=O)C(CCCc1ccccc1)CC(=O)NO)C(C)(C)C)c1ccccc1,8.47,0.0,1
CHEMBL333,CC(C)(NC(=O)C(NC(=O)C(CCCc1ccccc1)CC(=O)O)C(C)(C)C)c1ccccc1,6.55,0.0,1
CHEMBL333,CC(C)(NC(=O)[C@@H](NC(=O)[C@H](CCCc1ccccc1)CC(=O)NO)C(C)(C)C)c1ccccc1,8.47,0.0,1
CHEMBL333,CC(C)(NC(=O)[C@@H](NC(=O)[C@H](CCCc1ccccc1)CC(=O)O)C(C)(C)C)c1ccccc1,6.55,0.0,1
CHEMBL333,CC(C)(NS(=O)(=O)c1ccc(Oc2ccc(F)cc2)cc1)C(=O)NO,9.15,0.0,1
CHEMBL333,CC(C)=CCOC(=O)c1cccc(=O)[nH]1,4.14,0.0,1
CHEMBL333,CC(C)=CCc1cc(/C=C/C(=O)O)cc(CC=C(C)C)c1O,5.51,0.0,1
CHEMBL333,CC(C)C(=O)N(C)C1CN[C@H](C(=O)N2CC=C(c3ccccc3)CC2)[C@@H](C(=O)NO)C1,7.96,0.0,1
CHEMBL333,CC(C)C(=O)N(C)C1CN[C@H](C(=O)N2CC[C@H](c3ccccc3)C2)[C@@H](C(=O)NO)C1,6.3,0.0,1
CHEMBL333,CC(C)C(=O)N(C[C@H](O)C(=O)NO)c1ccc(Oc2ccc(Cl)cc2)cc1,6.54,0.0,1
CHEMBL333,CC(C)C(=O)c1ccc(OCc2ccc(-c3ccc(S(=O)(=O)N[C@@H](C(=O)O)C(C)C)cc3)cc2)cc1,8.89,0.0,1
CHEMBL333,CC(C)C(CC1(C)NC(=O)NC1=O)C(=O)N1CCN(c2cc(Cl)cc(Cl)c2)CC1,5.47,0.0,1
CHEMBL333,CC(C)C(CS(=O)(=O)c1ccc(-c2cccc(CNC(=O)c3nc4ccccc4c(=O)[nH]3)c2)cc1)N(O)C=O,8.52,0.0,1
CHEMBL333,CC(C)C(N(Cc1ccccc1)S(=O)(=O)c1ccc(-c2ccc(OCCF)cc2)cc1)P(=O)(O)O,7.25,0.0,1
CHEMBL333,CC(C)C(NC(=O)c1ccc(S(=O)(=O)NC(=O)c2ccc(Cl)c(S(=O)(=O)NC(=O)CSc3cc(C(C)(C)C)c(O)c(C(C)(C)C)c3)c2)cc1)C(=O)N1[C@@H](C(=O)NC(C(=O)C(F)(F)F)C(C)C)C[C@H]2CCCC[C@H]21,4.72,0.0,1
CHEMBL333,CC(C)C(NS(=O)(=O)c1ccc(-c2ccc(F)nc2)cc1)P(=O)(O)O,6.2,0.0,1
CHEMBL333,CC(C)C(NS(=O)(=O)c1ccc(-c2ccc(OCCF)cc2)cc1)P(=O)(O)O,7.93,0.0,1
CHEMBL333,CC(C)C(NS(=O)(=O)c1ccc(-c2ccccc2)cc1)C(=O)O,10.4,0.0,1
CHEMBL333,CC(C)C(NS(=O)(=O)c1ccc2c(c1)OCCO2)C(=O)N1CCCN(C2(c3ccc(Oc4ccccc4)cc3)C(=O)NC(=O)NC2=O)CC1,6.15,0.0,1
CHEMBL333,CC(C)C1(CCC(=O)N2CCN(c3cccc(Cl)c3)CC2)NC(=O)NC1=O,5.41,0.0,1
CHEMBL333,CC(C)CC(=O)OC(C(=O)O)C(C)C,4.63,0.0,1
CHEMBL333,CC(C)CC(C(=O)N(C)C(Cc1ccccc1)C(=O)O)C(CSc1ccccc1)C(=O)NO,7.55,0.0,1
CHEMBL333,CC(C)CC(C(=O)N[C@H]1CCCCCCCCCCNC1=O)[C@H](O)C(=O)NO,7.7,0.0,1
CHEMBL333,CC(C)CCN([C@@H](C(=O)NO)C(C)(C)C)S(=O)(=O)c1ccc2ccccc2c1,5.43,0.0,1
CHEMBL333,CC(C)CCN([C@@H](C(=O)NO)C(C)C)S(=O)(=O)c1ccc2c(c1)CCO2,8.0,0.0,1
CHEMBL333,CC(C)CCN([C@@H](C(=O)NO)C(C)C)S(=O)(=O)c1ccc2c(c1)OCCO2,8.52,0.0,1
CHEMBL333,CC(C)CCN([C@@H](C(=O)NO)C(C)C)S(=O)(=O)c1ccc2cc(O)ccc2c1,6.75,0.0,1
CHEMBL333,CC(C)CCN([C@@H](C(=O)NO)C(C)C)S(=O)(=O)c1ccc2cc(OCC(C)C)ccc2c1,6.99,0.0,1
CHEMBL333,CC(C)CCN([C@@H](C(=O)NO)C(C)C)S(=O)(=O)c1ccc2cc(OCc3ccccc3)ccc2c1,5.79,0.0,1
CHEMBL333,CC(C)CCN([C@@H](C(=O)NO)C(C)C)S(=O)(=O)c1ccc2ccc(O)cc2c1,5.48,0.0,1
CHEMBL333,CC(C)CCN([C@@H](C(=O)NO)C(C)C)S(=O)(=O)c1ccc2ccccc2c1,6.42,0.0,1
CHEMBL333,CC(C)CCN([C@@H](C(=O)NO)C(C)C)S(=O)(=O)c1ccc2ccccc2n1,5.69,0.0,1
CHEMBL333,CC(C)CCN([C@@H](C(=O)NO)C(C)C)S(=O)(=O)c1ccc2ncccc2c1,6.51,0.0,1
CHEMBL333,CC(C)CCN([C@@H](C(=O)NO)C(C)C)S(=O)(=O)c1ccc2sccc2c1,7.8,0.0,1
CHEMBL333,CC(C)CCN([C@@H](C(=O)NO)C(C)C)S(=O)(=O)c1cnc2ccccc2c1,5.16,0.0,1
CHEMBL333,CC(C)CCN([C@@H](C(=O)NO)C(C)O)S(=O)(=O)c1ccc2ccccc2c1,6.96,0.0,1
CHEMBL333,CC(C)CCN([C@@H](C(=O)NO)C1CCOCC1)S(=O)(=O)c1ccc2ccccc2c1,7.09,0.0,1
CHEMBL333,CC(C)CCN([C@H](CC(C)C)C(=O)NO)S(=O)(=O)c1ccc2ccccc2c1,6.89,0.0,1
CHEMBL333,CC(C)CCN([C@H](CCc1ccccc1)C(=O)NO)S(=O)(=O)c1ccc2ccccc2c1,6.34,0.0,1
CHEMBL333,CC(C)CCN([C@H](CO)C(=O)NO)S(=O)(=O)c1ccc2ccccc2c1,7.08,0.0,1
CHEMBL333,CC(C)CCN([C@H](COC(C)(C)C)C(=O)NO)S(=O)(=O)c1ccc2ccccc2c1,6.7,0.0,1
CHEMBL333,CC(C)CCN([C@H](Cc1ccc(O)cc1)C(=O)NO)S(=O)(=O)c1ccc2ccccc2c1,6.15,0.0,1
CHEMBL333,CC(C)CCNC(=O)P(=O)(O)O,4.52,0.0,1
CHEMBL333,CC(C)CCOc1ccc2cc(S(=O)(=O)N(CCC(C)C)[C@@H](C(=O)NO)C(C)C)ccc2c1,6.03,0.0,1
CHEMBL333,CC(C)CN(C(CCSCc1ccccc1)C(=O)NO)S(=O)(=O)c1ccc(-c2ccccc2)cc1,8.39,0.0,1
CHEMBL333,CC(C)CN(C(CCSCc1ccccc1)C(=O)NO)S(=O)(=O)c1ccc(Br)cc1,7.8,0.0,1
CHEMBL333,CC(C)CN(C(CCSCc1ccccc1)C(=O)NO)S(=O)(=O)c1ccc(Oc2ccccc2)cc1,8.8,0.0,1
CHEMBL333,CC(C)CN(CC(=O)NO)S(=O)(=O)c1ccc(-c2ccccc2)cc1,7.92,0.0,1
CHEMBL333,CC(C)CN(CC(=O)NO)S(=O)(=O)c1ccc(OCc2ccccc2)cc1,8.85,0.0,1
CHEMBL333,CC(C)CN(CC(=O)NO)S(=O)(=O)c1ccc2ccccc2c1,7.07,0.0,1
CHEMBL333,CC(C)CN([C@@H](C(=O)NO)C(C)C)S(=O)(=O)c1ccc(-c2ccccc2)cc1,8.52,0.0,1
CHEMBL333,CC(C)CN([C@@H](C(=O)NO)C(C)C)S(=O)(=O)c1ccc2ccccc2c1,6.51,0.0,1
CHEMBL333,CC(C)CNC(=O)CC[C@H](NS(=O)(=O)c1ccc(-c2ccccc2)cc1)C(=O)O,7.01,0.0,1
CHEMBL333,CC(C)CNC(=O)CC[C@H](NS(=O)(=O)c1ccc([N+](=O)[O-])cc1)C(=O)O,5.07,0.0,1
CHEMBL333,CC(C)COC(=O)N1CC2(CC2)C[C@H](C(=O)NO)[C@H]1C(=O)N1C=CC(c2ccccc2)CC1,7.46,0.0,1
CHEMBL333,CC(C)C[C@@H](C(=O)N(C)C)[C@H](CN(C)S(C)(=O)=O)C(=O)NO,5.7,0.0,1
CHEMBL333,CC(C)C[C@@H](C(=O)N1CCCCC1)[C@H](CN(C)S(=O)(=O)c1cccc2c(N(C)C)cccc12)C(=O)NO,7.1,0.0,1
CHEMBL333,CC(C)C[C@@H](C(=O)N1CCCCC1)[C@H](CN(C)S(C)(=O)=O)C(=O)NO,5.0,0.0,1
CHEMBL333,CC(C)C[C@@H](C(=O)N1CCCCC1)[C@H](O)C(=O)NO,6.3,0.0,1
CHEMBL333,CC(C)C[C@@H](C(=O)N1CCOCC1)[C@H](CN1C(=O)c2ccccc2C1=O)C(=O)NO,5.7,0.0,1
CHEMBL333,CC(C)C[C@@H](C(=O)N[C@H](C(=O)OC1CCCC1)c1ccccc1)C(O)C(=O)NO,6.72,0.0,1
CHEMBL333,CC(C)C[C@@H](C(=O)N[C@H](C(=O)OC1CCCC1)c1ccccc1)[C@H](O)C(=O)NO,6.72,0.0,1
CHEMBL333,CC(C)C[C@H](C(=O)NO)N(Cc1ccccc1)[P@](C)(=O)c1ccccc1,7.88,0.0,1
CHEMBL333,CC(C)C[C@H](CC(=O)NO)C(=O)N[C@@H](Cc1ccccc1)C(=O)N[C@@H](CCCCN)C(N)=O,8.13,0.0,1
CHEMBL333,CC(C)C[C@H](CC(=O)NO)C(=O)N[C@@H](Cc1ccccc1)C(=O)N[C@@H](CCCCNC(=O)c1ccc(F)cc1)C(N)=O,7.9,0.0,1
CHEMBL333,CC(C)C[C@H](CC(=O)NOC(=O)c1ccc(F)cc1)C(=O)N[C@@H](Cc1ccccc1)C(=O)N[C@@H](CCCCNC(=O)c1ccc(F)cc1)C(N)=O,5.84,0.0,1
CHEMBL333,CC(C)C[C@H](N)C(=O)NCC(=O)N[C@H]1C[C@@H](C(=O)NO)N(S(=O)(=O)c2ccc(Cl)cc2)C1,5.655,1.294005409571382,2
CHEMBL333,CC(C)C[C@H](N)C(=O)NCC(=O)N[C@H]1C[C@@H](C(=O)NO)N(S(=O)(=O)c2ccccc2)C1,5.82,0.0,1
CHEMBL333,CC(C)C[C@H](N)C(=O)N[C@H](Cc1ccccc1)C(=O)NC[C@H](N)[C@@H](O)c1ccc(I)cc1,4.06,0.0,1
CHEMBL333,CC(C)C[C@H](NC(=O)CNC(=O)CC[C@H](NS(=O)(=O)c1ccc(Cl)c(C(F)(F)F)c1)C(=O)O)C(=O)N[C@H](C(=O)N1CCC[C@H]1CC(N)=O)C(C)(C)C,5.07,0.0,1
CHEMBL333,CC(C)C[C@H](NC(=O)CNC(=O)CC[C@H](NS(=O)(=O)c1ccc(Cl)c(C(F)(F)F)c1)C(=O)O)C(=O)N[C@H](C(=O)N1CCC[C@H]1CC(N)=O)C(C)C,4.96,0.0,1
CHEMBL333,CC(C)C[C@H](NC(=O)CNC(=O)CC[C@H](NS(=O)(=O)c1ccc(Cl)c(C(F)(F)F)c1)C(=O)O)C(=O)N[C@H](C(=O)N[C@@H](C)C(N)=O)C(C)C,4.48,0.0,1
CHEMBL333,CC(C)C[C@H](NC(=O)CNC(=O)CC[C@H](NS(=O)(=O)c1ccc(Cl)c(C(F)(F)F)c1)C(=O)O)C(=O)N[C@H](C(N)=O)C(C)C,4.35,0.0,1
CHEMBL333,CC(C)C[C@H](NC(=O)[C@@H](O)CN)C(=O)NC[C@H](N)[C@@H](O)c1ccc([N+](=O)[O-])cc1,4.08,0.0,1
CHEMBL333,CC(C)C[C@H](NC(=O)[C@@H](O)[C@H](N)Cc1ccccc1)C(=O)O,4.885,0.4676537180435966,4
CHEMBL333,CC(C)C[C@H](NC(=O)[C@@H]1CCCN1C(=O)CC[C@@H](NS(=O)(=O)c1ccc(NC(=O)c2ccc(C(N)=O)cc2)cc1)C(=O)O)C(=O)N(C)[C@@H](CCC(=O)O)C(=O)NCCCCC(N)=O,9.51,0.0,1
CHEMBL333,CC(C)C[C@H](NC(=O)[C@@H]1C[C@H](N)CN1C(=O)CC[C@@H](NS(=O)(=O)c1ccc(NC(=O)c2ccc(C(N)=O)cc2)cc1)C(=O)O)C(=O)N(C)[C@@H](CCC(=O)O)C(=O)NCCCCC(N)=O,10.065000000000001,0.5727564927611032,2
CHEMBL333,CC(C)C[C@H](NC(=O)[C@H](C)NC(=O)[C@H](CC(=O)O)NC(=O)[C@H](CC(N)=O)NC(=O)CCCNS(=O)(=O)c1ccc(Oc2ccccc2)cc1)C(=O)N(C)[C@@H](CC(C)C)C(=O)N1CCC[C@H]1C(N)=O,10.18,0.0,1
CHEMBL333,CC(C)C[C@H](NC(=O)[C@H](C)NC(=O)[C@H](CC(=O)O)NC(=O)[C@H](CC(N)=O)NC(=O)CCCNS(=O)(=O)c1ccc(Oc2ccccc2)cc1)C(=O)N(C)[C@@H](CC(C)C)C(=O)N1CCC[C@H]1CC(N)=O,10.26,0.0,1
CHEMBL333,CC(C)C[C@H](NC(=O)[C@H](C)NC(=O)[C@H](CC(=O)O)NC(=O)[C@H](CC(N)=O)NC(=O)CCCNS(=O)(=O)c1ccc(Oc2ccccc2)cc1)C(=O)N(C)[C@H](C(=O)N1CCC[C@H]1C(N)=O)C(C)C,10.11,0.0,1
CHEMBL333,CC(C)C[C@H](NC(=O)[C@H](C)NC(=O)[C@H](CC(=O)O)NC(=O)[C@H](CC(N)=O)NC(=O)CCCNS(=O)(=O)c1ccc(Oc2ccccc2)cc1)C(=O)N(C)[C@H](C(=O)N1CCC[C@H]1CC(N)=O)C(C)C,10.34,0.0,1
CHEMBL333,CC(C)C[C@H](NC(=O)[C@H](CCN)NC(=O)[C@H](CC(=O)O)NC(=O)[C@H](CC(N)=O)NC(=O)CCCCCNC(=O)c1ccc(Oc2ccc(C(N)=O)cc2)cc1)C(=O)N(C)[C@@H](CCC(=O)O)C(=O)N1CCC[C@H]1CC(N)=O,9.89,0.0,1
CHEMBL333,CC(C)C[C@H](NC(=O)[C@H](CCN)NC(=O)[C@H](CC(=O)O)NC(=O)[C@H](CC(N)=O)NC(=O)CCCCNC(=O)c1ccc(Oc2ccc(C(N)=O)cc2)cc1)C(=O)N(C)[C@@H](CCC(=O)O)C(=O)N1CCC[C@H]1CC(N)=O,10.29,0.0,1
CHEMBL333,CC(C)C[C@H](NC(=O)[C@H](CCN)NC(=O)[C@H](CC(=O)O)NC(=O)[C@H](CC(N)=O)NC(=O)CCCNC(=O)c1ccc(Oc2ccc(C(N)=O)cc2)cc1)C(=O)N(C)[C@@H](CCC(=O)O)C(=O)N1CCC[C@H]1CC(N)=O,9.77,0.0,1
CHEMBL333,CC(C)C[C@H](NC(=O)[C@H](CCN)NC(=O)[C@H](CC(=O)O)NC(=O)[C@H](CC(N)=O)NC(=O)CCCNC(=O)c1ccc(Oc2ccc(F)cc2)cc1)C(=O)N(C)[C@@H](CCC(=O)O)C(=O)N1CCC[C@H]1CC(N)=O,9.96,0.0,1
CHEMBL333,CC(C)C[C@H](NC(=O)[C@H](CCN)NC(=O)[C@H](CC(=O)O)NC(=O)[C@H](CC(N)=O)NC(=O)CCCNC(=O)c1ccc(Oc2ccccc2)cc1)C(=O)N(C)[C@@H](CCC(=O)O)C(=O)N1CCC[C@H]1CC(N)=O,9.72,0.0,1
CHEMBL333,CC(C)C[C@H](NC(=O)[C@H](CCN)NC(=O)[C@H](CC(=O)O)NC(=O)[C@H](CC(N)=O)NC(=O)CCCNS(=O)(=O)c1ccc(Oc2ccccc2)cc1)C(=O)N(C)[C@@H](CCC(=O)O)C(=O)N1CCC[C@H]1CC(N)=O,10.17,0.0,1
CHEMBL333,CC(C)C[C@H](NC(=O)[C@H](CCN)NC(=O)[C@H](CC(=O)O)NC(=O)[C@H](CC(N)=O)NC(=O)CCNC(=O)c1ccc(Oc2ccc(C(N)=O)cc2)cc1)C(=O)N(C)[C@@H](CCC(=O)O)C(=O)N1CCC[C@H]1CC(N)=O,9.28,0.0,1
CHEMBL333,CC(C)C[C@H](NC(=O)[C@H](CCN)NC(=O)[C@H](CC(=O)O)NC(=O)[C@H](CCC(=O)O)NC(=O)CCCCNC(=O)c1ccc(Oc2ccc(C(N)=O)cc2)cc1)C(=O)N(C)[C@@H](CCC(=O)O)C(=O)N1CCC[C@H]1CC(N)=O,9.62,0.1131370849898477,2
CHEMBL333,CC(C)C[C@H](NC(=O)[C@H](N)Cc1ccccc1)C(=O)NC[C@H](N)[C@@H](O)c1ccc(I)cc1,4.28,0.0,1
CHEMBL333,CC(C)C[C@H](NC(=O)[C@H](N)Cc1ccccc1)C(=O)NC[C@H](N)[C@@H](O)c1ccc(N)cc1,4.03,0.0,1
CHEMBL333,CC(C)C[C@H](NS(=O)(=O)c1ccc(-c2ccc(Br)cc2)cc1)C(=O)O,8.05,0.0,1
CHEMBL333,CC(C)C[C@H](NS(=O)(=O)c1ccc(-c2ccc(NC(=O)c3cc4ccccc4o3)cc2)cc1)C(=O)O,8.08,0.0,1
CHEMBL333,CC(C)C[C@H]1C(=O)N[C@H](C(=O)NCCN(C)C)Cc2ccc(cc2)OCCCC[C@@H]1C(=O)NO,8.19,0.0,1
CHEMBL333,CC(C)C[C@H]1C(=O)N[C@H](C(=O)NCCc2ccc(S(N)(=O)=O)cc2)Cc2ccc(cc2)OCCCC[C@@H]1C(=O)NO,8.72,0.0,1
CHEMBL333,CC(C)C[C@H]1C(=O)N[C@H](C(=O)Nc2ccccn2)Cc2ccc(cc2)OCCCC[C@@H]1C(=O)NO,8.68,0.0,1
CHEMBL333,CC(C)N(C)[C@@H](CN(c1ccc(Oc2ccc(C(F)(F)F)cc2)cc1)S(C)(=O)=O)C(=O)NO,7.62,0.0,1
CHEMBL333,CC(C)N(C)c1ccc(-c2cn(-c3ccc(S(=O)(=O)C4(C(=O)NO)CCNCC4)cc3)nn2)cc1,8.52,0.0,1
CHEMBL333,CC(C)N(CC(=O)NO)C(=O)CN(CCc1ccc(F)cc1)C(=O)Nc1ccc(Oc2ccccc2)cc1,4.05,0.0,1
CHEMBL333,CC(C)N(CCNC(=O)OCc1ccccc1)[C@@H](CN(c1ccc(Oc2ccc(C(F)(F)F)cc2)cc1)S(C)(=O)=O)C(=O)NO,6.58,0.0,1
CHEMBL333,CC(C)N(C[C@H](C(=O)NO)[C@@H](CC1CCCC1)C(=O)N1CCCCC1)S(C)(=O)=O,5.155,0.007071067811865324,2
CHEMBL333,CC(C)N(Cc1ccccc1)[C@@H](CN(c1ccc(Oc2ccc(C(F)(F)F)cc2)cc1)S(C)(=O)=O)C(=O)NO,6.55,0.0,1
CHEMBL333,CC(C)N(c1cccn(O)c1=O)S(=O)(=O)c1ccc(Oc2ccccc2)cc1,7.39,0.0,1
CHEMBL333,CC(C)N1CCC(C(=O)NO)(S(=O)(=O)c2ccc(Oc3ccc(C(F)(F)F)cc3)cc2)CC1,9.52,0.0,1
CHEMBL333,CC(C)N1CCN(C(=O)C2CCN(c3ccc(S(=O)(=O)C4(C(=O)NO)CCOCC4)cc3)CC2)CC1,5.26,0.0,1
CHEMBL333,CC(C)N1CCN(C2(c3ccc(Oc4ccc(Br)cc4)cc3)C(=O)NC(=O)NC2=O)CC1,7.58,0.0,1
CHEMBL333,CC(C)NC(=O)CC[C@H](NS(=O)(=O)c1ccc(-c2ccccc2)cc1)C(=O)O,6.68,0.0,1
CHEMBL333,CC(C)NC(=O)CC[C@H](NS(=O)(=O)c1ccc([N+](=O)[O-])cc1)C(=O)O,5.67,0.0,1
CHEMBL333,CC(C)NC(=O)P(=O)(O)O,6.0,0.0,1
CHEMBL333,CC(C)N[C@@H](CN(c1ccc(Oc2ccc(C(F)(F)F)cc2)cc1)S(C)(=O)=O)C(=O)NO,8.04,0.0,1
CHEMBL333,CC(C)OC(=O)c1cccc(=O)[nH]1,4.17,0.0,1
CHEMBL333,CC(C)ON(C(C(=O)NO)C(C)C)S(=O)(=O)c1ccc(-c2ccccc2)cc1,8.74,0.0,1
CHEMBL333,CC(C)ON(CC(=O)NO)S(=O)(=O)c1ccc(-c2ccc(F)cc2)s1,6.51,0.0,1
CHEMBL333,CC(C)ON(CC(=O)NO)S(=O)(=O)c1ccc(-c2ccc(OCc3ccc(Cl)cc3)cc2)cc1,7.4,0.0,1
CHEMBL333,CC(C)ON(CC(=O)NO)S(=O)(=O)c1ccc(-c2ccccc2)cc1,7.92,0.0,1
CHEMBL333,CC(C)ON(CC(=O)NO)S(=O)(=O)c1ccc(/C=C/c2ccc(-c3ccccc3)cc2)cc1,7.13,0.0,1
CHEMBL333,CC(C)ON(CC(=O)NO)S(=O)(=O)c1ccc(Br)s1,5.96,0.0,1
CHEMBL333,CC(C)ON(CC(=O)NO)S(=O)(=O)c1ccc(Oc2ccccc2)cc1,7.58,0.0,1
CHEMBL333,CC(C)ON([C@@H](C(=O)NO)C(C)C)S(=O)(=O)c1ccc(-c2ccc(OCc3ccc(Cl)cc3)cc2)cc1,8.02,0.0,1
CHEMBL333,CC(C)ON([C@@H](C(=O)NO)C(C)C)S(=O)(=O)c1ccc(-c2ccccc2)cc1,9.575,0.6717514421272203,2
CHEMBL333,CC(C)ON([C@@H](C(=O)O)C(C)C)S(=O)(=O)c1ccc(-c2ccccc2)cc1,5.82,0.0,1
CHEMBL333,CC(C)ON([C@@H](CCNC(=O)OCc1ccccc1)C(=O)NO)S(=O)(=O)c1ccc(-c2ccccc2)cc1,9.39,0.0,1
CHEMBL333,CC(C)ON([C@H](C(=O)NO)C(C)C)S(=O)(=O)c1ccc(-c2ccccc2)cc1,7.99,0.0,1
CHEMBL333,CC(C)ON([C@H](CCN)C(=O)NO)S(=O)(=O)c1ccc(-c2ccccc2)cc1,6.03,0.0,1
CHEMBL333,CC(C)ON([C@H](CCNC(=O)CCCNC(=O)c1cccc(C(=O)NCCCC(=O)NCC[C@H](C(=O)NO)N(OC(C)C)S(=O)(=O)c2ccc(-c3ccccc3)cc2)c1)C(=O)NO)S(=O)(=O)c1ccc(-c2ccccc2)cc1,8.01,0.0,1
CHEMBL333,CC(C)ON([C@H](CCNC(=O)Cc1ccccc1)C(=O)NO)S(=O)(=O)c1ccc(-c2ccccc2)cc1,8.85,0.0,1
CHEMBL333,CC(C)ON([C@H](CCNC(=O)OCc1ccccc1)C(=O)NO)S(=O)(=O)c1ccc(-c2ccccc2)cc1,9.39,0.0,1
CHEMBL333,CC(C)ON([C@H](CCNC(=O)c1cccc(C(=O)NCC[C@H](C(=O)NO)N(OC(C)C)S(=O)(=O)c2ccc(-c3ccccc3)cc2)c1)C(=O)NO)S(=O)(=O)c1ccc(-c2ccccc2)cc1,6.71,0.0,1
CHEMBL333,CC(C)ON([C@H](CCNC(=O)c1ccccc1)C(=O)NO)S(=O)(=O)c1ccc(-c2ccccc2)cc1,8.82,0.0,1
CHEMBL333,CC(C)ON([C@H](CCNS(C)(=O)=O)C(=O)NO)S(=O)(=O)c1ccc(-c2ccccc2)cc1,9.0,0.0,1
CHEMBL333,CC(C)Oc1ccc(Oc2ccc(S(=O)(=O)C3(C(=O)NO)CCN(C4CC4)CC3)cc2)cc1,10.0,0.0,1
CHEMBL333,CC(C)S(=O)(=O)N(C)C[C@H](C(=O)NO)[C@@H](CC1CCCC1)C(=O)N1CCCCC1,6.4,0.0,1
CHEMBL333,CC(C)[C@@H](NC(=O)c1ccc(-c2ccc(CSc3nc4c(c(=O)[nH]3)CCC4)cc2)o1)C(=O)NCCCO,6.72,0.0,1
CHEMBL333,CC(C)[C@@H](NC(=O)c1ccc(-c2ccc(CSc3nc4c(c(=O)[nH]3)CCC4)cc2)o1)C(=O)NCCN,6.44,0.0,1
CHEMBL333,CC(C)[C@@H](NC(=O)c1ccc(-c2ccc(CSc3nc4c(c(=O)[nH]3)CCC4)cc2)o1)C(=O)NC[C@@H](O)CO,6.63,0.0,1
CHEMBL333,CC(C)[C@@H](NC(=O)c1ccc(-c2ccc(CSc3nc4c(c(=O)[nH]3)CCC4)cc2)o1)C(=O)NC[C@H](O)CO,6.66,0.0,1
CHEMBL333,CC(C)[C@@H](NS(=O)(=O)c1ccc(-c2ccc(Br)cc2)cc1)C(=O)NO,8.76,0.3394112549695431,2
CHEMBL333,CC(C)[C@@H](NS(=O)(=O)c1ccc(-c2ccc(Br)cc2)cc1)C(=O)O,8.3,0.0,1
CHEMBL333,CC(C)[C@@H](NS(=O)(=O)c1ccc(-c2ccc(C#N)cc2)cc1)C(=O)NO,9.0,0.0,1
CHEMBL333,CC(C)[C@@H](NS(=O)(=O)c1ccc(-c2ccc(C#N)cc2)cc1)C(=O)O,8.15,0.0,1
CHEMBL333,CC(C)[C@@H](NS(=O)(=O)c1ccc(-c2ccc(COc3ccc(C(=O)C4CCCCC4)cc3)cc2)cc1)C(=O)O,8.28,0.0,1
CHEMBL333,CC(C)[C@@H](NS(=O)(=O)c1ccc(-c2ccc(COc3ccc(C(=O)c4ccc(F)cc4)cc3)cc2)cc1)C(=O)O,8.44,0.0,1
CHEMBL333,CC(C)[C@@H](NS(=O)(=O)c1ccc(-c2ccc(COc3ccc4c(c3)CCCC4=O)cc2)cc1)C(=O)O,8.2,0.0,1
CHEMBL333,CC(C)[C@@H](NS(=O)(=O)c1ccc(-c2ccc(NC(=O)c3cc4ccccc4o3)cc2)cc1)C(=O)O,8.34,0.0,1
CHEMBL333,CC(C)[C@@H](NS(=O)(=O)c1ccc(-c2nnn(-c3ccccc3)n2)cc1)C(=O)O,6.89,0.0,1
CHEMBL333,CC(C)[C@@H](NS(=O)(=O)c1ccc(C#CCCCC[18F])cc1)C(=O)O,5.72,0.0,1
CHEMBL333,CC(C)[C@@H](NS(=O)(=O)c1ccc(C#Cc2ccc(Oc3ccccc3)cc2)s1)C(=O)O,7.75,0.0,1
CHEMBL333,CC(C)[C@@H](NS(=O)(=O)c1ccc(NC(=O)c2ccc(O[11CH3])cc2)cc1)C(=O)O,6.96,0.0,1
CHEMBL333,CC(C)[C@@H](NS(=O)(=O)c1ccc(NC(=O)c2ccccc2)cc1)C(=O)O,7.3,0.0,1
CHEMBL333,CC(C)[C@@H](NS(=O)(=O)c1ccc(Oc2ccccc2)cc1)C(=O)NO,8.85,0.21213203435596475,2
CHEMBL333,CC(C)[C@@H](NS(=O)(=O)c1ccc2ccccc2c1)C(=O)NO,7.02,0.0,1
CHEMBL333,CC(C)[C@@H]1C(=O)N(O)C(=O)CN1S(=O)(=O)c1ccc(-c2ccccc2)cc1,6.62,0.0,1
CHEMBL333,CC(C)[C@@H]1C(=O)N(O)C(=O)CN1S(=O)(=O)c1ccc(Oc2ccccc2)cc1,7.52,0.0,1
CHEMBL333,CC(C)[C@H](C(=O)NO)N(C)S(=O)(=O)c1ccc2ccccc2c1,7.27,0.0,1
CHEMBL333,CC(C)[C@H](C(=O)NO)N(CC#N)S(=O)(=O)c1ccc(OCCF)cc1,9.1,0.0,1
CHEMBL333,CC(C)[C@H](C(=O)NO)N(CCCc1ccccc1)S(=O)(=O)c1ccc2ccccc2c1,6.1,0.0,1
CHEMBL333,CC(C)[C@H](C(=O)NO)N(CCN(C)C)S(=O)(=O)c1ccc2ccccc2c1,6.22,0.0,1
CHEMBL333,CC(C)[C@H](C(=O)NO)N(CCN1CCOCC1)S(=O)(=O)c1ccc2ccccc2c1,6.84,0.0,1
CHEMBL333,CC(C)[C@H](C(=O)NO)N(CCN=[N+]=[N-])S(=O)(=O)c1ccc(OCCF)cc1,8.4,0.0,1
CHEMBL333,CC(C)[C@H](C(=O)NO)N(CCc1ccccc1)S(=O)(=O)c1ccc2ccccc2c1,6.7,0.0,1
CHEMBL333,CC(C)[C@H](C(=O)NO)N(CCn1cc(CCCCOc2cccnc2F)nn1)S(=O)(=O)c1ccc(OCCF)cc1,9.4,0.0,1
CHEMBL333,CC(C)[C@H](C(=O)NO)N(CCn1cc(CCCF)nn1)S(=O)(=O)c1ccc(OCCF)cc1,8.7,0.0,1
CHEMBL333,CC(C)[C@H](C(=O)NO)N(CCn1cc(CN(C)S(=O)(=O)c2ccc(F)cc2)nn1)S(=O)(=O)c1ccc(OCCF)cc1,8.05,0.0,1
CHEMBL333,CC(C)[C@H](C(=O)NO)N(CCn1cc(CNS(=O)(=O)c2ccc(F)cc2)nn1)S(=O)(=O)c1ccc(OCCF)cc1,8.4,0.0,1
CHEMBL333,CC(C)[C@H](C(=O)NO)N(CCn1cc(COCCOCCOCCOCCOCCF)nn1)S(=O)(=O)c1ccc(OCCF)cc1,8.3,0.0,1
CHEMBL333,CC(C)[C@H](C(=O)NO)N(Cc1ccccc1)S(=O)(=O)c1ccc(F)cc1,6.62,0.0,1
CHEMBL333,CC(C)[C@H](C(=O)NO)N(Cc1ccccc1)S(=O)(=O)c1ccc(N(C)C)cc1,6.47,0.0,1
CHEMBL333,CC(C)[C@H](C(=O)NO)N(Cc1ccccc1)S(=O)(=O)c1ccc(OCCF)cc1,8.4,0.0,1
CHEMBL333,CC(C)[C@H](C(=O)NO)N(Cc1ccccc1)S(=O)(=O)c1ccc(OCCI)cc1,7.66,0.0,1
CHEMBL333,CC(C)[C@H](C(=O)NO)N(Cc1ccccc1)S(=O)(=O)c1ccc2ccccc2c1,6.15,0.0,1
CHEMBL333,CC(C)[C@H](C(=O)NO)N(Cc1ccccn1)S(=O)(=O)c1ccc2ccccc2c1,6.63,0.0,1
CHEMBL333,CC(C)[C@H](C(=O)NO)N(Cc1cccnc1)S(=O)(=O)c1ccc(F)cc1,6.92,0.0,1
CHEMBL333,CC(C)[C@H](C(=O)NO)N(Cc1cccnc1)S(=O)(=O)c1ccc(N(C)C)cc1,6.0,0.0,1
CHEMBL333,CC(C)[C@H](C(=O)NO)N(Cc1cccnc1)S(=O)(=O)c1ccc(OCCF)cc1,8.52,0.0,1
CHEMBL333,CC(C)[C@H](C(=O)NO)N(Cc1cccnc1)S(=O)(=O)c1ccc([N+](=O)[O-])cc1,6.12,0.0,1
CHEMBL333,CC(C)[C@H](C(=O)NO)N(Cc1cccnc1)S(=O)(=O)c1ccc2ccccc2c1,7.6,0.0,1
CHEMBL333,CC(C)[C@H](C(=O)NO)N(Cc1ccncc1)S(=O)(=O)c1ccc2ccccc2c1,6.7,0.0,1
CHEMBL333,CC(C)[C@H](C(=O)NO)N(Cc1cn(CCF)nn1)S(=O)(=O)c1ccc(OCCF)cc1,8.7,0.0,1
CHEMBL333,CC(C)[C@H](C(=O)NO)N(Cc1cn(CCOCCOCCOCCF)nn1)S(=O)(=O)c1ccc(OCCF)cc1,8.7,0.0,1
CHEMBL333,CC(C)[C@H](C(=O)NO)N(Cc1cn(CCOCCOCCOCCOc2cccnc2F)nn1)S(=O)(=O)c1ccc(OCCF)cc1,9.3,0.0,1
CHEMBL333,CC(C)[C@H](C(=O)O)N(Cc1ccccc1)S(=O)(=O)c1ccc(F)cc1,5.36,0.0,1
CHEMBL333,CC(C)[C@H](C(=O)O)N(Cc1ccccc1)S(=O)(=O)c1ccc(N(C)C)cc1,4.39,0.0,1
CHEMBL333,CC(C)[C@H](C(=O)O)N(Cc1ccccc1)S(=O)(=O)c1ccc(OCCF)cc1,5.25,0.0,1
CHEMBL333,CC(C)[C@H](C(=O)O)N(Cc1ccccc1)S(=O)(=O)c1ccc(OCCI)cc1,6.68,0.0,1
CHEMBL333,CC(C)[C@H](N)C(=O)NCC(=O)N[C@H]1C[C@@H](C(=O)NO)N(S(=O)(=O)c2ccc(Cl)cc2)C1,5.74,0.0,1
CHEMBL333,CC(C)[C@H](N)C(=O)NCC(=O)N[C@H]1C[C@@H](C(=O)NO)N(S(=O)(=O)c2ccccc2)C1,5.24,0.0,1
CHEMBL333,CC(C)[C@H](NC(=O)CN1C(=O)CC[C@H](NC(=O)[C@@H](N)Cc2ccccc2)C1=O)C(=O)OCc1ccccc1,4.73,0.0,1
CHEMBL333,CC(C)[C@H](NC(=O)c1ccc(-c2ccc(CSc3nc4c(c(=O)[nH]3)CCC4)cc2)o1)C(=O)NCCCO,6.73,0.0,1
CHEMBL333,CC(C)[C@H](NC(=O)c1ccc(-c2ccc(CSc3nc4c(c(=O)[nH]3)CCC4)cc2)o1)C(=O)NCCN,6.3,0.0,1
CHEMBL333,CC(C)[C@H](NC(=O)c1ccc(-c2ccc(CSc3nc4c(c(=O)[nH]3)CCC4)cc2)o1)C(=O)NC[C@@H](O)CO,6.76,0.0,1
CHEMBL333,CC(C)[C@H](NC(=O)c1ccc(-c2ccc(CSc3nc4c(c(=O)[nH]3)CCC4)cc2)o1)C(=O)NC[C@H](O)CO,6.94,0.0,1
CHEMBL333,CC(C)[C@H](NS(=O)(=O)c1ccc(-c2ccc(Br)cc2)cc1)C(=O)NO,6.35,0.0,1
CHEMBL333,CC(C)[C@H](NS(=O)(=O)c1ccc(-c2ccc(Br)cc2)cc1)C(=O)O,7.865,0.7566042558696061,2
CHEMBL333,CC(C)[C@H](NS(=O)(=O)c1ccc(-c2ccc(Br)cc2F)cc1)C(=O)O,8.3,0.0,1
CHEMBL333,CC(C)[C@H](NS(=O)(=O)c1ccc(-c2ccc(C#N)cc2)cc1)C(=O)NO,6.28,0.0,1
CHEMBL333,CC(C)[C@H](NS(=O)(=O)c1ccc(-c2ccc(C#N)cc2)cc1)C(=O)O,7.48,0.0,1
CHEMBL333,CC(C)[C@H](NS(=O)(=O)c1ccc(-c2ccc(C(F)(F)F)cc2)cc1)C(=O)O,7.89,0.0,1
CHEMBL333,CC(C)[C@H](NS(=O)(=O)c1ccc(-c2ccc(C=O)cc2)cc1)C(=O)O,7.92,0.0,1
CHEMBL333,CC(C)[C@H](NS(=O)(=O)c1ccc(-c2ccc(Cl)cc2)cc1)C(=O)O,7.96,0.0,1
CHEMBL333,CC(C)[C@H](NS(=O)(=O)c1ccc(-c2ccc(F)cc2)cc1)C(=O)O,7.41,0.0,1
CHEMBL333,CC(C)[C@H](NS(=O)(=O)c1ccc(-c2ccc(N)cc2)cc1)C(=O)O,7.44,0.0,1
CHEMBL333,CC(C)[C@H](NS(=O)(=O)c1ccc(-c2ccc(NC(=O)c3cc4c(C#N)cccc4o3)cn2)cc1)C(=O)O,5.55,0.0,1
CHEMBL333,CC(C)[C@H](NS(=O)(=O)c1ccc(-c2ccc(NC(=O)c3cc4c(NS(C)(=O)=O)cccc4o3)cn2)cc1)C(=O)O,5.12,0.0,1
CHEMBL333,CC(C)[C@H](NS(=O)(=O)c1ccc(-c2ccc(NC(=O)c3cc4c(OCc5ccccc5)cccc4o3)cc2)cc1)C(=O)O,7.21,0.0,1
CHEMBL333,CC(C)[C@H](NS(=O)(=O)c1ccc(-c2ccc(NC(=O)c3cc4cc(Br)ccc4o3)cc2)cc1)C(=O)O,9.04,0.0,1
CHEMBL333,CC(C)[C@H](NS(=O)(=O)c1ccc(-c2ccc(NC(=O)c3cc4cc(Cl)ccc4o3)cc2)cc1)C(=O)O,8.49,0.0,1
CHEMBL333,CC(C)[C@H](NS(=O)(=O)c1ccc(-c2ccc(NC(=O)c3cc4cc(NS(=O)(=O)c5ccccc5)ccc4o3)cc2)cc1)C(=O)O,7.72,0.0,1
CHEMBL333,CC(C)[C@H](NS(=O)(=O)c1ccc(-c2ccc(NC(=O)c3cc4cc(NS(C)(=O)=O)ccc4o3)cc2)cc1)C(=O)O,8.41,0.0,1
CHEMBL333,CC(C)[C@H](NS(=O)(=O)c1ccc(-c2ccc(NC(=O)c3cc4cc([N+](=O)[O-])ccc4o3)cc2)cc1)C(=O)O,8.7,0.0,1
CHEMBL333,CC(C)[C@H](NS(=O)(=O)c1ccc(-c2ccc(NC(=O)c3cc4ccccc4[nH]3)cc2)cc1)C(=O)O,7.72,0.0,1
CHEMBL333,CC(C)[C@H](NS(=O)(=O)c1ccc(-c2ccc(NC(=O)c3cc4ccccc4o3)cc2)cc1)C(=O)O,8.3,0.0,1
CHEMBL333,CC(C)[C@H](NS(=O)(=O)c1ccc(-c2ccc(NC(=O)c3csnn3)cc2)cc1)C(=O)O,8.67,0.0,1
CHEMBL333,CC(C)[C@H](NS(=O)(=O)c1ccc(-c2ccc(NC(=O)c3oc4ccccc4c3-c3ccccc3)cc2)cc1)C(=O)O,5.92,0.0,1
CHEMBL333,CC(C)[C@H](NS(=O)(=O)c1ccc(-c2ccc(NCc3cc4ccccc4o3)cc2)cc1)C(=O)O,7.63,0.0,1
CHEMBL333,CC(C)[C@H](NS(=O)(=O)c1ccc(-c2ccc([N+](=O)[O-])cc2)cc1)C(=O)O,7.21,0.0,1
CHEMBL333,CC(C)[C@H](NS(=O)(=O)c1ccc(-c2cccc(Br)c2)cc1)C(=O)O,6.27,0.0,1
CHEMBL333,CC(C)[C@H](NS(=O)(=O)c1ccc(-c2cccc(CNC(=O)c3nc4ccccc4c(=O)[nH]3)c2)cc1)C(=O)NO,8.72,0.0,1
CHEMBL333,CC(C)[C@H](NS(=O)(=O)c1ccc(-c2cccc(CNC(=O)c3nc4ccccc4c(=O)[nH]3)c2)cc1)C(=O)O,8.08,0.0,1
CHEMBL333,CC(C)[C@H](NS(=O)(=O)c1ccc(-c2cccc(F)c2)cc1)C(=O)O,7.31,0.0,1
CHEMBL333,CC(C)[C@H](NS(=O)(=O)c1ccc(-c2ccccc2)cc1)C(=O)O,7.4,0.0,1
CHEMBL333,CC(C)[C@H](NS(=O)(=O)c1ccc2c(c1)oc1ccc(-c3nccs3)cc12)C(=O)O,6.3,0.0,1
CHEMBL333,CC(C)[C@H](NS(=O)(=O)c1ccc2c(c1)oc1ccc(N3CCOC3=O)cc12)C(=O)O,7.18,0.0,1
CHEMBL333,CC(C)c1cc(C2=CCN(C(=O)[C@H]3NCC4(CC4)C[C@@H]3C(=O)NO)CC2)ccc1C#N,5.6,0.0,1
CHEMBL333,CC(C)c1ccc(-c2ccc(S(=O)(=O)C(CCN3C(=O)c4ccccc4C3=O)C(=O)O)cc2)cc1,9.01,0.0,1
CHEMBL333,CC(C)c1ccc(C#Cc2ccc(SC(CCN3C(=O)c4ccccc4C3=O)C(=O)O)cc2)cc1,8.77,0.0,1
CHEMBL333,CC(C)c1ccc(Oc2ccc(S(=O)(=O)C3(C(=O)NO)CCN(C(C)C)CC3)cc2)cc1,9.0,0.0,1
CHEMBL333,CC(C)c1cccc(C2=CCN(C(=O)[C@H]3NCC4(CC4)C[C@@H]3C(=O)NO)CC2)c1,5.96,0.0,1
CHEMBL333,CC(C)c1cccc(C2CCN(C(=O)[C@H]3NCC4(CC4)C[C@@H]3C(=O)NO)CC2)c1,5.86,0.0,1
CHEMBL333,CC(CC1(C)NC(=O)NC1=O)C(=O)N1CCN(c2cc(F)c(Cl)c(F)c2)[C@@H](C)C1,7.21,0.4242640687119283,2
CHEMBL333,CC(CC1(C)NC(=O)NC1=O)C(=O)N1CCN(c2cc(F)cc(Cl)c2)[C@@H](C)C1,6.13,0.0,1
CHEMBL333,CC(CC1(C)NC(=O)NC1=O)C(=O)N1CCN(c2cc(F)cc(F)c2)[C@@H](C)C1,6.31,0.0,1
CHEMBL333,CC(CC1(C)NC(=O)NC1=O)C(=O)N1CCN(c2ccc(Cl)c(Cl)c2)[C@@H](C)C1,6.66,0.0,1
CHEMBL333,CC(CC1(C)NC(=O)NC1=O)C(=O)N1CCN(c2ccc(F)c(Cl)c2)[C@@H](C)C1,6.05,0.014142135623730649,2
CHEMBL333,CC(CC1(C)NC(=O)NC1=O)C(=O)N1CCN(c2ccc(F)c(F)c2)[C@@H](C)C1,6.15,0.0,1
CHEMBL333,CC(CC1(C)NC(=O)NC1=O)C(=O)N1CCN(c2cccc(-c3cn[nH]c3)c2)[C@@H](C)C1,6.1,0.0,1
CHEMBL333,CC(CC1(C)NC(=O)NC1=O)C(=O)N1CCN(c2cncc(Cl)c2)[C@@H](C)C1,6.1,0.0,1
CHEMBL333,CC(CC1(C)NC(=O)NC1=O)C(=O)N1CCN(c2cncc(F)c2)[C@@H](C)C1,5.71,0.0,1
CHEMBL333,CC(CC1(C)NC(=O)NC1=O)C(=O)N1C[C@@H](C)N(c2cc(Cl)cc(Cl)c2)[C@@H](C)C1,6.66,0.0,1
CHEMBL333,CC(CC1(C2CC2)NC(=O)NC1=O)C(=O)N1CCN(c2cc(Cl)cc(Cl)c2)CC1,5.52,0.0,1
CHEMBL333,CC(CC1(C2CC2)NC(=O)NC1=O)C(=O)N1CCN(c2cc(F)cc(Cl)c2)[C@@H](C)C1,6.525,0.1909188309203685,2
CHEMBL333,CC(CC1(C2CC2)NC(=O)NC1=O)C(=O)N1CCN(c2ccc(Cl)cc2)[C@@H](C)C1,7.2,0.0,1
CHEMBL333,CC(CC1(C2CC2)NC(=O)NC1=O)C(=O)N1CCN(c2ccc(F)c(Cl)c2)[C@@H](C)C1,6.26,0.0,1
CHEMBL333,CC(CC1(C2CC2)NC(=O)NC1=O)C(=O)N1CCN(c2ccc(F)cc2)[C@@H](C)C1,6.42,0.0,1
CHEMBL333,CC(CC1(C2CC2)NC(=O)NC1=O)C(=O)N1CCN(c2cccc(-c3cn[nH]c3)c2)[C@@H](C)C1,6.13,0.0,1
CHEMBL333,CC(CC1(C2CC2)NC(=O)NC1=O)C(=O)N1CCN(c2cccnc2)[C@@H](C)C1,5.59,0.0,1
CHEMBL333,CC(CC1(C2CC2)NC(=O)NC1=O)C(=O)N1CCN(c2cncc(Cl)c2)[C@@H](C)C1,5.85,0.0,1
CHEMBL333,CC(CC1(C2CN(C(=O)OC(C)(C)C)C2)NC(=O)NC1=O)C(=O)N1CCN(c2ccc(F)c(F)c2)CC1,6.15,0.0,1
CHEMBL333,CC(CC1(C2CNC2)NC(=O)NC1=O)C(=O)N1CCN(c2cc(Cl)cc(Cl)c2)CC1,6.13,0.0,1
CHEMBL333,CC(CC1(CC2CCNCC2)NC(=O)NC1=O)C(=O)N1CCN(c2cc(Cl)cc(Cl)c2)CC1,6.91,0.0,1
CHEMBL333,CC(CC1(CCN)NC(=O)NC1=O)C(=O)N1CCN(c2cc(Cl)cc(Cl)c2)CC1,6.67,0.0,1
CHEMBL333,CC(CC1(CO)NC(=O)NC1=O)C(=O)N1CCN(c2cc(Cl)cc(Cl)c2)CC1,5.97,0.0,1
CHEMBL333,CC(CC1(COCc2ccccc2)NC(=O)NC1=O)C(=O)N1CCN(c2cc(Cl)cc(Cl)c2)CC1,5.86,0.0,1
CHEMBL333,CC(CC1(c2ccccn2)NC(=O)NC1=O)C(=O)N1CCN(c2cc(Cl)cc(Cl)c2)CC1,5.82,0.04242640687119289,2
CHEMBL333,CC(CC1(c2ccccn2)NC(=O)NC1=O)C(=O)N1CCN(c2ccc(F)c(Cl)c2)[C@@H](C)C1,6.65,0.0,1
CHEMBL333,CC(CC1(c2ccccn2)NC(=O)NC1=O)C(=O)N1CCN(c2cccc(Cl)c2)[C@@H](C)C1,6.92,0.0,1
CHEMBL333,CC(CC1NC(=O)NC1=O)C(=O)N1CCN(c2cc(Cl)cc(Cl)c2)CC1,6.135,0.40305086527633227,2
CHEMBL333,CC(CC1NC(=O)NC1=O)C(=O)N1CCN(c2ccc(F)c(Cl)c2)[C@@H](C)C1,5.82,0.0,1
CHEMBL333,CC(CCN1C(=O)c2ccccc2C1=O)(C(=O)O)S(=O)(=O)c1ccc(-c2ccc(Cl)cc2)cc1,7.28,0.0,1
CHEMBL333,CC(CCN1Cc2ccccc2C1)(C(=O)O)S(=O)(=O)c1ccc(-c2ccc(Cl)cc2)cc1,5.51,0.0,1
CHEMBL333,CC(COc1ccc(-c2ccc(C#N)cc2)cc1)C(=O)NO,4.72,0.0,1
CHEMBL333,CC(COc1ccc(-c2ccc(C#N)cc2)cc1)N(O)C=O,4.12,0.0,1
CHEMBL333,CC(CS(=O)(=O)c1ccc(Oc2ccccc2)cc1)(NC(=O)CN1CCCC1)C(=O)NO,7.1,0.0,1
CHEMBL333,CC(CS(=O)(=O)c1ccc(Oc2ccccc2)cc1)(NCCc1ccccc1)C(=O)NO,8.89,0.0,1
CHEMBL333,CC(CS(=O)(=O)c1ccc(Oc2ccccc2)cc1)(NCc1ccc2c(c1)OCO2)C(=O)NO,9.3,0.0,1
CHEMBL333,CC(CS(=O)(=O)c1ccc(Oc2ccccc2)cc1)(NCc1ccc2ccccc2c1)C(=O)NO,9.4,0.0,1
CHEMBL333,CC(CS(=O)(=O)c1ccc(Oc2ccccc2)cc1)(NCc1ccccc1)C(=O)NO,9.7,0.0,1
CHEMBL333,CC(Cc1nc2ccccc2s1)(C(=O)N1CCCN(C2(c3ccc(Oc4ccccc4)cc3)C(=O)NC(=O)NC2=O)CC1)c1ccccc1,6.17,0.0,1
CHEMBL333,CC(N)(CS(=O)(=O)c1ccc(Oc2ccccc2)cc1)C(=O)NO,9.22,0.0,1
CHEMBL333,CC(N)(CS(=O)(=O)c1ccc(Sc2ccccc2)cc1)C(=O)NO,8.49,0.0,1
CHEMBL333,CC(N)CNS(=O)(=O)c1ccc(-c2ccc(CSc3nc4c(c(=O)[nH]3)CCC4)cc2)cc1,5.29,0.0,1
CHEMBL333,CC(NC(=O)C(NC(=O)C(CCCC1CCCCC1)CC(=O)NO)C(C)(C)C)c1ccccc1,6.04,0.0,1
CHEMBL333,CC(NC(=O)C(NC(=O)C(CCCc1ccc(-c2ccccc2)c(C(F)(F)F)c1)CC(=O)NO)C(C)(C)C)c1ccccc1,4.28,0.0,1
CHEMBL333,CC(NC(=O)C(NC(=O)C(CCCc1ccc(-c2ccccc2)c(Cl)c1)CC(=O)NO)C(C)(C)C)c1ccccc1,5.89,0.0,1
CHEMBL333,CC(NC(=O)C(NC(=O)C(CCCc1ccc(-c2ccccc2)c(F)c1)CC(=O)NO)C(C)(C)C)c1ccccc1,6.47,0.0,1
CHEMBL333,CC(NC(=O)C(NC(=O)C(CCCc1ccc(-c2ccccc2)cc1)CC(=O)NO)C(C)(C)C)c1ccccc1,7.47,0.0,1
CHEMBL333,CC(NC(=O)C(NC(=O)C(CCCc1ccc2c(c1)Cc1ccccc1-2)CC(=O)NO)C(C)(C)C)c1ccccc1,7.96,0.0,1
CHEMBL333,CC(NC(=O)C(NC(=O)C(CCCc1ccccc1)CC(=O)NO)C(C)(C)C)(c1ccccc1)c1ccccc1,7.58,0.0,1
CHEMBL333,CC(NC(=O)C(NC(=O)C(CCCc1ccccc1)CC(=O)NO)C(C)(C)C)c1ccccc1,8.305,1.548563850798539,2
CHEMBL333,CC(NC(=O)C(NC(=O)C(CCCc1ccccc1)CC(=O)O)C(C)(C)C)(c1ccccc1)c1ccccc1,6.11,0.0,1
CHEMBL333,CC(NC(=O)C(NC(=O)C(CCCc1ccccc1)CC(=O)O)C(C)(C)C)c1ccccc1,6.55,1.0606601717798212,2
CHEMBL333,CC(NC(=O)C(NC(=O)C(CCc1ccc(-c2ccc(F)cc2)cc1)CC(=O)NO)C(C)(C)C)c1ccccc1,6.68,0.0,1
CHEMBL333,CC(NC(=O)[C@@H](NC(=O)[C@H](CCCc1ccccc1)CC(=O)NO)C(C)(C)C)(c1ccccc1)c1ccccc1,7.585,0.007071067811865324,2
CHEMBL333,CC(NC(=O)[C@@H](NC(=O)[C@H](CCCc1ccccc1)CC(=O)O)C(C)(C)C)(c1ccccc1)c1ccccc1,6.11,0.0,1
CHEMBL333,CC(O)[C@H](NS(=O)(=O)c1ccc(-c2ccc(NC(=O)c3cc4c(NS(C)(=O)=O)cccc4o3)cc2)cc1)C(=O)O,5.61,0.0,1
CHEMBL333,CC(O)[C@H](NS(=O)(=O)c1ccc(-c2ccc(NC(=O)c3cc4c(NS(C)(=O)=O)cccc4o3)cn2)cc1)C(=O)O,5.05,0.0,1
CHEMBL333,CC(Oc1cccc2oc(C(=O)Nc3ccc(-c4ccc(S(=O)(=O)N[C@H](C(=O)O)C(C)C)cc4)cc3)cc12)C(=O)O,5.8,0.0,1
CHEMBL333,CC1(C)C(/C=C/C2=C(N3CCC(C(=O)NO)(S(=O)(=O)c4ccc(Oc5ccc(OC(F)(F)F)cc5)cc4)CC3)C(=C/C=C3/N(CCCCS(=O)(=O)O)c4ccccc4C3(C)C)/CCC2)=[N+](CCCCS(=O)(=O)[O-])c2ccccc21,8.55,0.0,1
CHEMBL333,CC1(C)C(=O)NC(=O)N1CC(COc1ccc(-c2ccc(OC(F)(F)F)cc2)cc1)N(O)C=O,8.43,0.0,1
CHEMBL333,CC1(C)C(=O)NC(=O)N1CC(CS(=O)(=O)c1ccc(-c2ccc(OC(F)(F)F)cc2)cc1)N(O)C=O,9.07,0.0,1
CHEMBL333,CC1(C)CC(=O)N(CC(COc2ccc(-c3ccc(C#N)cc3)cc2)N(O)C=O)C(=O)C1,4.6,0.0,1
CHEMBL333,CC1(C)NC(=O)N(CC(COc2ccc(-c3ccc(C#N)cc3)cc2)N(O)C=O)C1=O,6.605,2.114249275747777,2
CHEMBL333,CC1(C)NC(=O)N(CC(COc2ccc(-c3ccc(C(F)(F)F)cc3)cc2)N(O)C=O)C1=O,7.7,0.0,1
CHEMBL333,CC1(C)NC(=O)N(CC(COc2ccc(-c3ccc(OC(F)(F)F)cc3)cc2)N(O)C=O)C1=O,8.22,0.0,1
CHEMBL333,CC1(C)NC(=O)N(CC(COc2ccc(-c3ccc(S(C)(=O)=O)cc3)cc2)N(O)C=O)C1=O,7.32,0.0,1
CHEMBL333,CC1(C)NC(=O)N(CC(CS(=O)(=O)c2ccc(-c3ccc(C#N)cc3)cc2)N(O)C=O)C1=O,9.47,0.0,1
CHEMBL333,CC1(C)NC(=O)N(CC(CS(=O)(=O)c2ccc(-c3ccc(C(F)(F)F)cc3)cc2)N(O)C=O)C1=O,9.35,0.0,1
CHEMBL333,CC1(C)NC(=O)N(CC(CS(=O)(=O)c2ccc(-c3cccc(CC#N)c3)cc2)N(O)C=O)C1=O,9.46,0.0,1
CHEMBL333,CC1(C)NC(=O)N(CC(CS(=O)(=O)c2ccc(Oc3ccc(C#N)cc3)cc2)N(O)C=O)C1=O,9.03,0.0,1
CHEMBL333,CC1(C)NC(=O)N(CC(CS(=O)(=O)c2ccc(Oc3ccc(Cl)cc3)cc2)N(O)C=O)C1=O,9.49,0.0,1
CHEMBL333,CC1(C)NC(=O)N(CC(CS(=O)(=O)c2ccc(Oc3ccc(OC(F)(F)F)cc3)cc2)N(O)C=O)C1=O,8.89,0.0,1
CHEMBL333,CC1(C)NC(=O)N(CCC(COc2ccc(-c3ccc(C#N)cc3)cc2)N(O)C=O)C1=O,5.16,0.0,1
CHEMBL333,CC1(C)NC(=O)N(C[C@@H](COc2ccc(-c3ccc(OC(F)(F)F)cc3)cc2)N(O)C=O)C1=O,8.4,0.0,1
CHEMBL333,CC1(C)NC(=O)N(C[C@@H]2CC[C@H](Sc3ccc(-c4ccc(Cl)cc4)cc3)[C@H]2C(=O)O)C1=O,6.24,0.0,1
CHEMBL333,CC1(C)NC(=O)N(C[C@H](COc2ccc(-c3ccc(OC(F)(F)F)cc3)cc2)N(O)C=O)C1=O,6.75,0.0,1
CHEMBL333,CC1(C)NC(=O)N(C[C@H](CS(=O)(=O)c2ccc(-c3ccc(OC(F)(F)F)cc3)cc2)N(O)C(=O)O)C1=O,9.07,0.0,1
CHEMBL333,CC1(C)OCC(C[C@@H](CS(=O)(=O)c2ccc(Oc3ccc(OC(F)(F)F)cc3)cc2)N(O)C=O)O1,8.82,0.0,1
CHEMBL333,CC1(C)OC[C@@H]([C@@H](CS(=O)(=O)c2ccc(Oc3ccc(OC(F)(F)F)cc3)cc2)N(O)C=O)O1,7.39,1.1455129855222064,2
CHEMBL333,CC1(C)OC[C@H](CC(CS(=O)(=O)c2ccc(Oc3ccc(OC(F)(F)F)cc3)cc2)N(O)C=O)O1,8.82,0.0,1
CHEMBL333,CC1(C)OC[C@H]([C@@H](CS(=O)(=O)c2ccc(Oc3ccc(OC(F)(F)F)cc3)cc2)N(O)C=O)O1,8.355,1.0677312395916874,2
CHEMBL333,CC1(C)O[C@@H]2[C@@H](CN(C(=O)c3ccc(C#Cc4ccc(CN5CCOCC5)cc4)cc3)[C@H]2C(=O)NO)O1,5.52,0.0,1
CHEMBL333,CC1(C)SCCCN(S(=O)(=O)c2ccc(-c3ccc(F)cc3)cc2)[C@H]1C(=O)NO,8.89,0.0,1
CHEMBL333,CC1(C)SCCCN(S(=O)(=O)c2ccc(-c3ccccn3)s2)[C@H]1C(=O)NO,9.0,0.0,1
CHEMBL333,CC1(C)SCCCN(S(=O)(=O)c2ccc(Br)cc2)[C@H]1C(=O)NO,8.17,0.0,1
CHEMBL333,CC1(C)SCCN(S(=O)(=O)c2ccc(Oc3ccccc3)cc2)[C@H]1C(=O)NO,10.3,0.0,1
CHEMBL333,CC1(C)SCCN(S(=O)(=O)c2ccc(Oc3cccnc3)cc2)[C@H]1C(=O)NO,10.32,0.0,1
CHEMBL333,CC1(C)SCCN(S(=O)(=O)c2ccc(Oc3ccncc3)cc2)[C@H]1C(=O)NO,9.586,0.6236826115902223,5
CHEMBL333,CC1(C)[C@H](C(=O)NO)N(S(=O)(=O)c2ccc(Br)cc2)CCCS1(=O)=O,7.7,0.0,1
CHEMBL333,CC1(CC(CO)C(=O)N2CCN(c3cc(Cl)cc(Cl)c3)CC2)NC(=O)NC1=O,5.55,0.0,1
CHEMBL333,CC1(CCC(=O)N2CCN(c3ccc(Br)cc3)CC2)NC(=O)NC1=O,6.72,0.0,1
CHEMBL333,CC1(CCC(=O)N2CCN(c3ccc(Cl)c(Cl)c3)CC2)NC(=O)NC1=O,6.1,0.0,1
CHEMBL333,CC1(CCC(=O)N2CCN(c3ccc(Cl)c(F)c3)CC2)NC(=O)NC1=O,7.08,0.0,1
CHEMBL333,CC1(CCC(=O)N2CCN(c3ccc(Cl)cc3)CC2)NC(=O)NC1=O,6.6,0.0,1
CHEMBL333,CC1(CCC(=O)N2CCN(c3ccc(F)c(Cl)c3)CC2)NC(=O)NC1=O,5.54,0.0,1
CHEMBL333,CC1(CCC(=O)N2CCN(c3ccc(F)c(F)c3)CC2)NC(=O)NC1=O,6.04,0.0,1
CHEMBL333,CC1(CCC(=O)N2CCN(c3cccc(Cl)c3)CC2)NC(=O)NC1=O,5.71,0.16970562748477155,2
CHEMBL333,CC1(CCC(=O)N2CCN(c3cccc(F)c3)CC2)NC(=O)NC1=O,6.055,0.28991378028648457,2
CHEMBL333,CC1(CCC(=O)N2CCN(c3ccccc3)CC2)NC(=O)NC1=O,5.8,0.0,1
CHEMBL333,CC1(c2ccc(Oc3ccccc3)cc2)C(=O)NC(=O)NC1=O,7.09,0.0,1
CHEMBL333,CC1(c2ccccc2)C(=O)NC(=O)NC1=O,4.3,0.0,1
CHEMBL333,CC1=CC[C@@H](NS(=O)(=O)c2ccc(Oc3ccc(Cl)cc3)cc2)C(=O)N(O)C1,8.7,0.0,1
CHEMBL333,CC1CN(C(=O)C2CCN(c3ccc(S(=O)(=O)C4(C(=O)NO)CCOCC4)cc3)CC2)CC(C)N1,5.14,0.0,1
CHEMBL333,CC1CN(C(=O)CCC2(c3cccnc3)NC(=O)NC2=O)CCN1c1cc(Cl)cc(Cl)c1,6.1,0.0,1
CHEMBL333,CC1CN(C(=O)CCC2(c3cccnc3)NC(=O)NC2=O)CCN1c1ccccc1,6.67,0.0,1
CHEMBL333,CCC(C(=O)NO)N(CC(C)C)S(=O)(=O)c1ccc(OC)cc1,7.28,0.0,1
CHEMBL333,CCC(C)N(CC(=O)N(CC(=O)NO)C(C)C)C(=O)Nc1ccc(Oc2ccccc2)cc1,4.14,0.0,1
CHEMBL333,CCC(C)NC(=O)P(=O)(O)O,5.52,0.0,1
CHEMBL333,CCC(C)[C@@H](C(=O)N[C@@H](CCNC(=O)c1cc(F)cc(F)c1)C(=O)NO)N(C)C(=O)[C@@H]1CCCN1C(=O)[C@H](C)N(C)C(C)=O,7.68,0.0,1
CHEMBL333,CCC(CC(=O)O)C(=O)c1ccc(C#CCOCc2ccccc2)cc1,5.24,0.0,1
CHEMBL333,CCC(CC(=O)O)C(=O)c1ccc(C#Cc2ccccc2)cc1,6.36,0.0,1
CHEMBL333,CCC(CC)NC(=O)P(=O)(O)O,5.52,0.0,1
CHEMBL333,CCC(CC1(C)NC(=O)NC1=O)C(=O)N1CCN(c2cc(Cl)cc(Cl)c2)CC1,5.965,0.5303300858899106,2
CHEMBL333,CCC(NC(=O)C(NC(=O)C(CCCc1ccccc1)CC(=O)NO)C(C)(C)C)c1ccccc1,7.845000000000001,0.898025612106916,2
CHEMBL333,CCC(NC(=O)C(NC(=O)C(CCCc1ccccc1)CC(=O)O)C(C)(C)C)c1ccccc1,5.885,0.8414570696119921,2
CHEMBL333,CCC1(CC(C)C(=O)N2CCN(c3cc(F)cc(Cl)c3)[C@@H](C)C2)NC(=O)NC1=O,6.03,0.0,1
CHEMBL333,CCC1(CC(C)C(=O)N2CCN(c3ccc(F)c(Cl)c3)[C@@H](C)C2)NC(=O)NC1=O,5.84,0.0,1
CHEMBL333,CCC1(CC(C)C(=O)N2CCN(c3cccc(F)c3)[C@@H](C)C2)NC(=O)NC1=O,5.85,0.0,1
CHEMBL333,CCC1(CC)OCC([C@@H](CS(=O)(=O)c2ccc(Oc3ccc(OC(F)(F)F)cc3)cc2)N(O)C=O)O1,7.7,0.0,1
CHEMBL333,CCC1(c2ccc(-c3ccccc3)cc2)C(=O)NC(=O)NC1=O,6.05,0.0,1
CHEMBL333,CCCC(=O)N1CCCN(C2(c3ccc(Oc4ccccc4)cc3)C(=O)NC(=O)NC2=O)CC1,7.68,0.0,1
CHEMBL333,CCCC(C(=O)O)S(=O)(=O)c1ccc(-c2ccc(Cl)cc2)cc1,6.1,0.0,1
CHEMBL333,CCCC(C)(C)C(=O)NCCCOc1ccc(S(=O)(=O)C2(C(=O)NO)CCOCC2)cc1,6.35,0.0,1
CHEMBL333,CCCC(C)N(CC(=O)NO)C(=O)CN(CCCc1ccccc1)C(=O)Nc1ccc(Oc2ccccc2)cc1,4.32,0.45254833995939053,2
CHEMBL333,CCCC1S/C(=C/c2nc3ccccc3[nH]2)NC1=O,6.1,0.0,1
CHEMBL333,CCCCC(NOCc1ccccc1)C(=O)NO,4.47,0.0,1
CHEMBL333,CCCCC/C=C/CCCCCCCc1cccc(O)c1C(=O)O,5.19,0.0,1
CHEMBL333,CCCCCC(=O)N1CC(F)(F)C[C@@H]1C(=O)N(C)[C@H](C(=O)N[C@@H](CCNC(=O)c1ccccc1)C(=O)NO)[C@@H](C)CC,6.18,0.0,1
CHEMBL333,CCCCCC/C=C(\CC(=O)NNS(=O)(=O)c1ccc(-c2ccc(Br)cc2)cc1)C(=O)N[C@@H](Cc1c(-c2ccccc2)[nH]c2ccccc12)C(=O)NC,5.89,0.0,1
CHEMBL333,CCCCCC/C=C(\CC(=O)NNS(=O)(=O)c1ccc(-c2ccc(Br)cc2)cc1)C(=O)N[C@@H](Cc1c[nH]c2ccccc12)C(=O)NC,5.74,0.0,1
CHEMBL333,CCCCCC/C=C(\CC(=O)NO)C(=O)N[C@@H](Cc1c[nH]c2ccccc12)C(=O)NC,6.91,0.0,1
CHEMBL333,CCCCCC/C=C\CCCCCCCc1cccc(O)c1C(=O)O,5.2,0.0,1
CHEMBL333,CCCCCCC(CC(=O)O)C(=O)c1ccc(C#Cc2ccc(Cl)cc2)cc1,6.26,0.0,1
CHEMBL333,CCCCCCC(CC(=O)O)C(=O)c1ccc(C#Cc2ccccc2)cc1,5.78,0.0,1
CHEMBL333,CCCCCCC1(c2ccc(-c3ccccc3)cc2)C(=O)NC(=O)NC1=O,6.06,0.0,1
CHEMBL333,CCCCCCC1(c2ccc(-c3ccccc3)cc2)C(=O)NC(=S)NC1=O,4.89,0.0,1
CHEMBL333,CCCCCCC1(c2ccc(Oc3ccccc3)cc2)C(=O)NC(=O)NC1=O,7.68,0.0,1
CHEMBL333,CCCCCCC1(c2ccccc2)C(=O)NC(=O)NC1=O,5.89,0.0,1
CHEMBL333,CCCCCCCC/C=C/CCCCCCCC(=O)O,5.7,0.0,1
CHEMBL333,CCCCCCCC/C=C\CCCCCCCC(=O)NNC(=O)[C@H](Cc1cc2ccccc2[nH]1)NC(=O)[C@@H](CC(=O)NO)CC(C)C,7.57,0.0,1
CHEMBL333,CCCCCCCCC#Cc1ccc(C(=O)CCC(=O)O)cc1,5.51,0.0,1
CHEMBL333,CCCCCCCCC1(Cc2ccc(OC)cc2)C(=O)NC(=O)NC1=O,7.38,0.0,1
CHEMBL333,CCCCCCCCC1(Cc2ccccc2)C(=O)NC(=O)NC1=O,6.54,0.0,1
CHEMBL333,CCCCCCCCCC(CC(=O)NO)C(=O)NC(C(=O)NC(C)c1ccccc1)C(C)(C)C,7.0,0.0,1
CHEMBL333,CCCCCCCCCC1(Cc2ccc(OC)cc2)C(=O)NC(=O)NC1=O,7.03,0.0,1
CHEMBL333,CCCCCCCCCC1(Cc2ccccc2)C(=O)NC(=O)NC1=O,6.68,0.0,1
CHEMBL333,CCCCCCCCCCCCCC(=O)N1CCCN(C2(c3ccc(Oc4ccccc4)cc3)C(=O)NC(=O)NC2=O)CC1,6.22,0.0,1
CHEMBL333,CCCCCCCCCCCCCCCCS(=O)(=O)NNC(=O)C[C@@H](CC(C)C)C(=O)N[C@@H](Cc1c[nH]c2ccccc12)C(=O)NC,6.52,0.0,1
CHEMBL333,CCCCCCCCCCCCCCCC[C@H](CC(=O)NO)C(=O)N[C@@H](Cc1ccccc1)C(=O)NC,7.7,0.0,1
CHEMBL333,CCCCCCCCCCCCCCCC[C@H](CC(=O)NO)C(=O)N[C@H](C(=O)NC)C(C)(C)C,9.22,0.0,1
CHEMBL333,CCCCCCCCCCCCCCCC[C@H](CC(=O)O)C(=O)N[C@@H](Cc1ccccc1)C(=O)NC,7.3,0.0,1
CHEMBL333,CCCCCCCCCCCCCCCC[C@H](CC(=O)O)C(=O)N[C@H](C(=O)NC)C(C)(C)C,7.52,0.0,1
CHEMBL333,CCCCCCCCCCCCCCC[C@H](CC(=O)O)C(=O)N[C@@H](Cc1ccccc1)C(=O)NC,6.1,0.0,1
CHEMBL333,CCCCCCCCCCCCCCC[C@H](CC(=O)O)C(=O)N[C@H](C(=O)NC)C(C)(C)C,7.05,0.0,1
CHEMBL333,CCCCCCCCCCCCCC[C@H](CC(=O)NO)C(=O)N[C@@H](Cc1ccccc1)C(=O)NC,7.52,0.0,1
CHEMBL333,CCCCCCCCCCCCCC[C@H](CC(=O)NO)C(=O)N[C@H](C(=O)NC)C(C)(C)C,9.1,0.0,1
CHEMBL333,CCCCCCCCCCCCCC[C@H](CC(=O)O)C(=O)N[C@@H](Cc1ccccc1)C(=O)NC,6.7,0.0,1
CHEMBL333,CCCCCCCCCCCCCC[C@H](CC(=O)O)C(=O)N[C@H](C(=O)NC)C(C)(C)C,7.3,0.0,1
CHEMBL333,CCCCCCCCCCCCC[C@H](CC(=O)NO)C(=O)N[C@H](C(=O)NC)C(C)(C)C,8.52,0.0,1
CHEMBL333,CCCCCCCCCCCCC[C@H](CC(=O)O)C(=O)N[C@H](C(=O)NC)C(C)(C)C,7.0,0.0,1
CHEMBL333,CCCCCCCCCCCCS(=O)(=O)NNC(=O)C[C@@H](CC(C)C)C(=O)N[C@@H](Cc1c[nH]c2ccccc12)C(=O)NC,5.85,0.0,1
CHEMBL333,CCCCCCCCCCCC[C@H](CC(=O)NO)C(=O)N[C@@H](Cc1ccccc1)C(=O)NC,9.0,0.0,1
CHEMBL333,CCCCCCCCCCCC[C@H](CC(=O)O)C(=O)N[C@@H](Cc1ccccc1)C(=O)NC,6.3,0.0,1
CHEMBL333,CCCCCCCCCC[C@@H](CC(=O)NO)C(=O)N[C@H](C(=O)NC)c1ccccc1,8.8,0.0,1
CHEMBL333,CCCCCCCCCC[C@H](CC(=O)NO)C(=O)N[C@@H](Cc1ccccc1)C(=O)NC,8.7,0.0,1
CHEMBL333,CCCCCCCCCC[C@H](CC(=O)O)C(=O)N[C@@H](Cc1ccccc1)C(=O)NC,6.0,0.0,1
CHEMBL333,CCCCCCCCC[C@H](CC(=O)NO)C(=O)N[C@@H](Cc1ccccc1)C(=O)NC,9.0,0.0,1
CHEMBL333,CCCCCCCCC[C@H](CC(=O)NO)C(=O)N[C@H](C(=O)NC)c1ccccc1,8.8,0.0,1
CHEMBL333,CCCCCCCCC[C@H](CC(=O)NO)C(=O)N[C@H](C(=O)N[C@H](C)c1ccccc1)C(C)(C)C,7.0,0.0,1
CHEMBL333,CCCCCCCCC[C@H](CC(=O)O)C(=O)N[C@@H](Cc1ccccc1)C(=O)NC,6.22,0.0,1
CHEMBL333,CCCCCCCCOc1ccc(CC2(C)C(=O)NC(=O)NC2=O)cc1,6.28,0.0,1
CHEMBL333,CCCCCCCC[C@H](CC(=O)NO)C(=O)N[C@@H](Cc1ccccc1)C(=O)NC,9.22,0.0,1
CHEMBL333,CCCCCCCC[C@H](CC(=O)NO)C(=O)N[C@H](C(=O)NC)C(C)(C)C,9.15,0.0,1
CHEMBL333,CCCCCCCC[C@H](CC(=O)O)C(=O)N[C@@H](Cc1ccccc1)C(=O)NC,6.7,0.0,1
CHEMBL333,CCCCCCCC[C@H](CC(=O)O)C(=O)N[C@H](C(=O)NC)C(C)(C)C,6.05,0.0,1
CHEMBL333,CCCCCCCN(CC(=O)NO)C(=O)CN(CCCCC)C(=O)Nc1ccc(Oc2ccccc2)cc1,4.22,0.0,1
CHEMBL333,CCCCCCC[C@H](CC(=O)NO)C(=O)N[C@@H](Cc1ccccc1)C(=O)NC,9.0,0.0,1
CHEMBL333,CCCCCCC[C@H](CC(=O)O)C(=O)N[C@@H](Cc1ccccc1)C(=O)NC,5.0,0.0,1
CHEMBL333,CCCCCCNC(=O)CC[C@H](NS(=O)(=O)c1ccc(-c2ccccc2)cc1)C(=O)O,6.99,0.0,1
CHEMBL333,CCCCCCOC(=O)c1cccc(S)n1,4.07,0.0,1
CHEMBL333,CCCCCC[C@H](CC(=O)NO)C(=O)N[C@@H](Cc1ccccc1)C(=O)NC,8.0,0.0,1
CHEMBL333,CCCCCC[C@H](CC(=O)O)C(=O)N[C@@H](Cc1ccccc1)C(=O)NC,4.4,0.0,1
CHEMBL333,CCCCCN(CC(=O)NO)C(=O)CN(CCCc1ccccc1)C(=O)Nc1ccc(Oc2ccccc2)cc1,4.0,0.0,1
CHEMBL333,CCCCCNC(=O)CC[C@H](NS(=O)(=O)c1ccc(-c2ccc(Br)cc2)cc1)C(=O)O,6.33,0.0,1
CHEMBL333,CCCCCNC(=O)CC[C@H](NS(=O)(=O)c1ccc(-c2ccccc2)cc1)C(=O)O,7.39,0.0,1
CHEMBL333,CCCCCNC(=O)CC[C@H](NS(=O)(=O)c1ccc([N+](=O)[O-])cc1)C(=O)O,5.32,0.0,1
CHEMBL333,CCCCCOc1ccc(-c2ccc(OCC(CN3C(=O)NC(C)(C)C3=O)N(O)C=O)cc2)cc1,7.58,0.0,1
CHEMBL333,CCCCC[C@H](CC(=O)NO)C(=O)N[C@H](C(=O)N1CCC[C@H]1CO)C(C)C,5.52,0.0,1
CHEMBL333,CCCCCc1ccc(C#Cc2ccc(C(=O)N3C[C@@H](O)C[C@H]3C(=O)NO)cc2)cc1,8.52,0.0,1
CHEMBL333,CCCCCc1ccc(C#Cc2ccc(C(=O)N3C[C@H](O)C[C@H]3C(=O)NO)cc2)cc1,6.82,0.0,1
CHEMBL333,CCCCN(CC(=O)N(CC(=O)NO)C(C)CC)C(=O)Nc1ccc(Oc2ccccc2)cc1,4.27,0.0,1
CHEMBL333,CCCCN(CC(=O)NO)C(=O)CN(CCc1ccc(F)cc1)C(=O)Nc1ccc(Oc2ccccc2)cc1,4.29,0.0,1
CHEMBL333,CCCCN(CCCC)C(=O)P(=O)(O)O,4.3,0.0,1
CHEMBL333,CCCCNC(=O)CC[C@@H](NS(=O)(=O)c1ccc([N+](=O)[O-])cc1)C(=O)O,6.34,0.0,1
CHEMBL333,CCCCNC(=O)CC[C@H](NS(=O)(=O)c1ccc(-c2ccccc2)cc1)C(=O)O,7.35,0.0,1
CHEMBL333,CCCCNC(=O)CC[C@H](NS(=O)(=O)c1ccc([N+](=O)[O-])cc1)C(=O)O,5.39,0.0,1
CHEMBL333,CCCCNC(=O)P(=O)(O)O,5.7,0.0,1
CHEMBL333,CCCCNC(=O)P(=O)([O-])O,5.7,0.0,1
CHEMBL333,CCCCOC(=O)[C@H]1c2c(/C=C/C(=O)O[C@H](Cc3ccc(O)c(O)c3)C(=O)O)ccc(O)c2O[C@@H]1c1ccc(O)c(O)c1,4.81,0.0,1
CHEMBL333,CCCCOc1ccc(-c2ccc(S(=O)(=O)CC(CN3C(=O)NC(C)(C)C3=O)N(O)C=O)cc2)cc1,8.62,0.0,1
CHEMBL333,CCCCOc1ccc(-c2ccc(S(=O)(=O)N(CC(=O)NO)OC(C)C)cc2)cc1,8.26,0.0,1
CHEMBL333,CCCCOc1ccc(C#Cc2ccc(S(=O)(=O)N[C@@H](C(=O)O)C(C)C)s2)cc1,8.33,0.0,1
CHEMBL333,CCCCOc1ccc(C#Cc2ccc(S(=O)(=O)N[C@H](Cc3c[nH]c4ccccc34)C(=O)O)s2)cc1,8.41,0.0,1
CHEMBL333,CCCCOc1ccc(S(=O)(=O)N2C/C(=N\O)C[C@@H]2C(=O)NO)cc1,9.7,0.0,1
CHEMBL333,CCCCOc1ccc(S(=O)(=O)N2C/C(=N\OC(C)(C)C)C[C@@H]2C(=O)NO)cc1,9.3,0.0,1
CHEMBL333,CCCCOc1ccc(S(=O)(=O)N2CC(NOC)C[C@@H]2C(=O)NO)cc1,9.0,0.0,1
CHEMBL333,CCCCOc1ccc(S(=O)(=O)N2CCCS(=O)(=O)C(C)(C)[C@@H]2C(=O)NO)cc1,8.92,0.0,1
CHEMBL333,CCCCOc1ccc(S(=O)(=O)N2CCCSC(C)(C)[C@@H]2C(=O)NO)cc1,9.0,0.0,1
CHEMBL333,CCCCOc1ccc(S(=O)(=O)N2C[C@@H](N3C(=O)CN(CCC)C3=O)C[C@@H]2C(=O)NO)cc1,9.4,0.0,1
CHEMBL333,CCCCOc1ccc(S(=O)(=O)N2C[C@@H](N3C(=O)NC(C)(C)C3=O)C[C@@H]2C(=O)NO)cc1,8.7,0.0,1
CHEMBL333,CCCCOc1ccc(S(=O)(=O)N2C[C@@H](N3C(=O)NC(SC)C3=O)C[C@@H]2C(=O)NO)cc1,7.31,0.0,1
CHEMBL333,CCCCOc1ccc(S(=O)(=O)N2C[C@@H](N3CCOCC3)C[C@@H]2C(=O)NO)cc1,8.4,0.0,1
CHEMBL333,CCCCOc1ccc(S(=O)(=O)N2C[C@@H](N3CCS(=O)(=O)CC3)C[C@@H]2C(=O)NO)cc1,8.15,0.0,1
CHEMBL333,CCCCOc1ccc(S(=O)(=O)N2C[C@@H](NS(C)(=O)=O)C[C@@H]2C(=O)NO)cc1,9.1,0.0,1
CHEMBL333,CCCCOc1ccc(S(=O)(=O)NC(C(=O)O)C2CCN(C(=O)OCCOC)CC2)cc1,6.26,0.0,1
CHEMBL333,CCCCOc1ccc(S(=O)(=O)NCC(=O)NO)cc1,8.47,0.0,1
CHEMBL333,CCCC[C@H](CN(O)C=O)C(=O)N[C@H](C(=O)N(C)C)C(C)(C)C,4.82,0.0,1
CHEMBL333,CCCC[C@H](N)C(=O)N[C@@H]1C[C@H](C(=O)NO)N(S(=O)(=O)c2ccc(OC)cc2)C1,7.21,0.0,1
CHEMBL333,CCCC[C@H](NC(=O)OC(C)(C)C)C(=O)N[C@@H]1C[C@H](C(=O)NO)N(S(=O)(=O)c2ccc(OC)cc2)C1,7.06,0.0,1
CHEMBL333,CCCCc1ccc(-c2ccc(OCC(CN3C(=O)NC(C)(C)C3=O)N(O)C=O)cc2)cc1,7.8,0.0,1
CHEMBL333,CCCCc1ccc(C#Cc2ccc(S(=O)(=O)N(CC(=O)NO)OC(C)C)s2)cc1,6.44,0.0,1
CHEMBL333,CCCCc1ccc(C#Cc2ccc(S(=O)(=O)N3CSC[C@H]3C(=O)NO)s2)cc1,8.6,0.0,1
CHEMBL333,CCCCc1ccc(C#Cc2ccc(S(=O)(=O)N3Cc4ccccc4C[C@@H]3C(=O)NO)s2)cc1,8.89,0.0,1
CHEMBL333,CCCCc1ccc(C#Cc2ccc(S(=O)(=O)NCC(=O)NO)s2)cc1,8.82,0.0,1
CHEMBL333,CCCCc1ccc(C#Cc2ccc(S(=O)(=O)N[C@@H](C(=O)O)C(C)C)s2)cc1,8.27,0.0,1
CHEMBL333,CCCCc1ccc(C#Cc2ccc(S(=O)(=O)N[C@H](Cc3c[nH]c4ccccc34)C(=O)NO)s2)cc1,8.22,0.0,1
CHEMBL333,CCCCc1ccc(C#Cc2ccc(S(=O)(=O)N[C@H](Cc3c[nH]c4ccccc34)C(=O)O)s2)cc1,8.36,0.0,1
CHEMBL333,CCCCc1ccc(C#Cc2ccc(S(=O)(=O)N[C@H](Cc3ccc(C(=O)c4ccccc4)cc3)C(=O)NO)s2)cc1,8.4,0.0,1
CHEMBL333,CCCCc1ccc(C#Cc2ccc(S(=O)(=O)N[C@H](Cc3ccc(OCc4ccccc4)cc3)C(=O)NO)s2)cc1,8.64,0.0,1
CHEMBL333,CCCCc1ccc(C#Cc2ccc(S(=O)(=O)N[C@H](Cc3csc4ccccc34)C(=O)NO)s2)cc1,7.77,0.0,1
CHEMBL333,CCCCc1ccc(C#Cc2ccc(SC(CCN3C(=O)c4ccccc4C3=O)C(=O)O)cc2)cc1,8.64,0.0,1
CHEMBL333,CCCN(C(=O)[C@@H](O)CCc1ccccc1)[C@H]1C[C@H](C(=O)NO)N(S(=O)(=O)c2ccc(OC)cc2)C1,9.22,0.0,1
CHEMBL333,CCCN(C(=O)[C@H](C)O)[C@H]1C[C@H](C(=O)NO)N(S(=O)(=O)c2ccc(OC)cc2)C1,9.15,0.0,1
CHEMBL333,CCCN(C(CSC)C(=O)NO)S(=O)(=O)c1ccc(OC)cc1,9.15,0.0,1
CHEMBL333,CCCN(C[C@H](C(=O)NO)[C@@H](CC1CCCC1)C(=O)N1CCCCC1)S(C)(=O)=O,5.52,0.0,1
CHEMBL333,CCCN([C@H]1C[C@H](C(=O)NO)N(S(=O)(=O)c2ccc(OC)cc2)C1)S(C)(=O)=O,9.1,0.0,1
CHEMBL333,CCCN1CC(=O)N([C@H]2C[C@H](C(=O)NO)N(S(=O)(=O)c3ccc(OCCOC)cc3)C2)C1=O,8.7,0.0,1
CHEMBL333,CCCNC(=O)CC[C@H](NS(=O)(=O)c1ccc(-c2ccccc2)cc1)C(=O)O,6.75,0.0,1
CHEMBL333,CCCNC(=O)P(=O)(O)O,6.52,0.0,1
CHEMBL333,CCCNC(=O)[C@H](Cc1ccccc1)NC(=O)Cn1c(=O)c(C)nc2ccccc21,4.25,0.0,1
CHEMBL333,CCCNC(=O)c1noc([C@H](CCCC2CCCCC2)CC(=O)NO)n1,4.66,0.0,1
CHEMBL333,CCCOc1ccc(-c2ccc(OCC(CN3C(=O)NC(C)(C)C3=O)N(O)C=O)cc2)cc1,8.4,0.0,1
CHEMBL333,CCCOc1ccc2cc(S(=O)(=O)N(CCC(C)C)[C@@H](C(=O)NO)C(C)C)ccc2c1,6.71,0.0,1
CHEMBL333,CCCS(=O)(=O)N(C[C@H](O)C(=O)NO)c1ccc(Oc2ccc(C)cc2)cc1,6.29,0.0,1
CHEMBL333,CCC[C@@H](C(=O)NO)N(Cc1cccnc1)S(=O)(=O)c1ccc(OC)cc1,8.7,0.0,1
CHEMBL333,CCC[C@H](C(=O)NO)N(Cc1cccnc1)S(=O)(=O)c1ccc(OC)cc1,5.85,0.0,1
CHEMBL333,CCC[C@H](C(=O)O)N(Cc1cccnc1)S(=O)(=O)c1ccc(OC)cc1,4.99,0.0,1
CHEMBL333,CCCc1ccc(C#Cc2ccc(SC(CCN3C(=O)c4ccccc4C3=O)C(=O)O)cc2)cc1,8.96,0.0,1
CHEMBL333,CCCc1ccc(CC[C@H]2C(=O)N[C@H](C(=O)NC)Cc3ccc(cc3)OCCCC[C@@H]2C(=O)NO)cc1,10.0,0.0,1
CHEMBL333,CCCc1ccc(S(=O)(=O)N2CCCSC(C)(C)[C@@H]2C(=O)NO)cc1,7.46,0.0,1
CHEMBL333,CCN(CC)C(=O)N1CCC(C(=O)NO)(S(=O)(=O)c2ccc(OCc3cc(C)nc4ccccc34)cc2)CC1,7.02,0.0,1
CHEMBL333,CCN(CC)C(=O)P(=O)(O)O,6.0,0.0,1
CHEMBL333,CCN([C@@H](C(=O)O)C(C)C)S(=O)(=O)c1ccc(-c2nc(-c3ccc(C)s3)no2)cc1,8.43,0.0,1
CHEMBL333,CCN(c1cccn(O)c1=O)S(=O)(=O)c1ccc(Oc2ccccc2)cc1,8.19,0.0,1
CHEMBL333,CCN1C(=O)N(CC(COc2ccc(-c3ccc(C#N)cc3)cc2)N(O)C=O)C(=O)C1(C)C,4.92,0.0,1
CHEMBL333,CCN1CCC(C(=O)NO)(S(=O)(=O)c2ccc(Oc3ccc(C(F)(F)F)cc3)cc2)CC1,9.7,0.0,1
CHEMBL333,CCNC(=O)CCC(NS(=O)(=O)c1ccc(-c2ccccc2)cc1)C(=O)O,9.23,0.0,1
CHEMBL333,CCNC(=O)CC[C@H](NS(=O)(=O)c1ccc(-c2ccccc2)cc1)C(=O)O,6.69,0.0,1
CHEMBL333,CCNC(=O)CC[C@H](NS(=O)(=O)c1ccc([N+](=O)[O-])cc1)C(=O)O,5.27,0.0,1
CHEMBL333,CCNC(=O)N1CCC(C(=O)NO)(S(=O)(=O)c2ccc(OCc3cc(C)nc4ccccc34)cc2)CC1,5.44,0.0,1
CHEMBL333,CCNC(=O)P(=O)(O)O,5.3,0.0,1
CHEMBL333,CCNC(C)(CS(=O)(=O)c1ccc(Oc2ccccc2)cc1)C(=O)NO,8.89,0.0,1
CHEMBL333,CCOC(=O)/C=C1\NC(=O)[C@@H]1[C@@H](C)OC(=O)c1cc(OCc2ccccc2)c(O)c(OCc2ccccc2)c1,5.4,0.0,1
CHEMBL333,CCOC(=O)CNC(=O)[C@@H]1CC2(CN1S(=O)(=O)c1ccc(C)cc1)SCCS2,6.28,0.0,1
CHEMBL333,CCOC(=O)CNC(=O)[C@@H]1CC2(CN1S(=O)(=O)c1ccc(OC)cc1)SCCS2,6.49,0.0,1
CHEMBL333,CCOC(=O)CNC(=O)[C@@H]1CC2(CN1S(=O)(=O)c1ccc([N+](=O)[O-])cc1)SCCS2,6.49,0.0,1
CHEMBL333,CCOC(=O)CNC(=O)[C@@H]1CC2(CN1S(=O)(=O)c1ccccc1)SCCS2,6.17,0.0,1
CHEMBL333,CCOC(=O)N1CCC(C(NS(=O)(=O)c2ccc(-c3ccc(OC)cc3)cc2)C(=O)O)CC1,9.0,0.0,1
CHEMBL333,CCOC(=O)[C@H](Cc1c[nH]c2ccccc12)NC(=O)/C(=C/C(C)C)CC(=O)NO,8.22,0.0,1
CHEMBL333,CCOC(=O)c1cc2cc(-c3cc(C(=O)NCc4ccc(C(=O)O)cc4)nn3C)ccc2[nH]1,4.75,0.0,1
CHEMBL333,CCOC(=O)c1cc2cc(-c3cc(C(=O)OC)nn3C)ccc2[nH]1,4.08,0.0,1
CHEMBL333,CCOC(=O)c1cc2cc(-c3cccnc3)ccc2[nH]1,4.52,0.0,1
CHEMBL333,CCOC(=O)c1cc2cc(-c3ccncc3)ccc2[nH]1,3.51,0.0,1
CHEMBL333,CCOC(=O)c1cc2cc(-c3cncn3C)ccc2[nH]1,4.62,0.0,1
CHEMBL333,CCOC(=O)c1cc2cc(C(N)=O)ccc2[nH]1,4.22,0.0,1
CHEMBL333,CCOC(=O)c1cc2cc(NS(C)(=O)=O)ccc2[nH]1,3.68,0.0,1
CHEMBL333,CCOC(=O)c1noc([C@H](CCCC2CCCCC2)CC(=O)NO)n1,4.1,0.0,1
CHEMBL333,CCOC(=O)c1noc([C@H](CCCc2ccccc2)CC(=O)NO)n1,5.23,0.0,1
CHEMBL333,CCOCCC1(Oc2ccc(-c3cccc(CNC(=O)c4nc5ccccc5c(=O)[nH]4)c3)cc2)C(=O)NC(=O)NC1=O,6.96,0.0,1
CHEMBL333,CCOCCC1(Oc2ccc(Oc3ccc(-c4nnco4)cc3)cc2)C(=O)NC(=O)C(N)C1=O,7.68,0.0,1
CHEMBL333,CCOP(=O)(OCC)C(Nc1ccc(CC(=O)OCCOc2cc(/C=C\c3cc(OC)c(OC)c(OC)c3)ccc2OC)cc1)c1ccc(C)cc1,4.44,0.0,1
CHEMBL333,CCOP(=O)(OCC)C(Nc1ccc(CC(=O)OCCOc2cc(/C=C\c3cc(OC)c(OC)c(OC)c3)ccc2OC)cc1)c1ccc(OC)cc1,4.6,0.0,1
CHEMBL333,CCOP(=O)(OCC)C(Nc1ccc(CC(=O)OCCOc2cc(/C=C\c3cc(OC)c(OC)c(OC)c3)ccc2OC)cc1)c1cccc(OC)c1,4.48,0.0,1
CHEMBL333,CCOP(=O)(OCC)C(Nc1ccc(CC(=O)Oc2cc(/C=C/C(=O)c3cc(OC)c(OC)c(OC)c3)ccc2OC)cc1)c1cccc([N+](=O)[O-])c1,4.67,0.0,1
CHEMBL333,CCOP(=O)(OCC)C(Nc1ccc(CCCC(=O)OCCOc2cc(/C=C\c3cc(OC)c(OC)c(OC)c3)ccc2OC)cc1)c1ccc(OC)cc1,4.51,0.0,1
CHEMBL333,CCOP(=O)(OCC)O[C@]1(C)C(=O)c2cc3c(c(O)c2[C@@H](OC2OC(C)C(O)C(O)C2OC)[C@@H]1OC)C(=O)c1c(O)cccc1C3=O,6.66,0.0,1
CHEMBL333,CCOP(=O)([O-])C(=O)NC1CCCCC1,4.52,0.0,1
CHEMBL333,CCOc1cc(OCC)cc(C(=O)N2CCCN(C3(c4ccc(Oc5ccccc5)cc4)C(=O)NC(=O)NC3=O)CC2)c1,6.57,0.0,1
CHEMBL333,CCOc1ccc(-c2ccc(OCC(CN3C(=O)NC(C)(C)C3=O)N(O)C=O)cc2)cc1,9.0,0.0,1
CHEMBL333,CCOc1ccc(-c2ccc(S(=O)(=O)N[C@@H](C(=O)O)C3CCN(C(=O)OC(C)C)CC3)s2)cc1,9.7,0.0,1
CHEMBL333,CCOc1ccc(C2=NN(c3ccc(S(N)(=O)=O)cc3)C(c3ccc4ccccc4c3)C2)cc1,4.83,0.0,1
CHEMBL333,CCOc1ccc(C2=NN(c3ccc(S(N)(=O)=O)cc3)C(c3cccc4ccccc34)C2)cc1,6.095,0.007071067811865324,2
CHEMBL333,CCOc1ccc(C2=NN(c3ccc(S(N)(=O)=O)cc3)C(c3ccccc3O)C2)cc1,6.48,0.0,1
CHEMBL333,CCOc1ccc(CCC[C@H]2C(=O)N[C@H](C(=O)NC)Cc3ccc(cc3)OCCCC[C@@H]2C(=O)NO)cc1,9.1,0.0,1
CHEMBL333,CCOc1ccc(OCC)c(C(=O)N2CCCN(C3(c4ccc(Oc5ccccc5)cc4)C(=O)NC(=O)NC3=O)CC2)c1,6.48,0.0,1
CHEMBL333,CCOc1ccc(Oc2ccc(S(=O)(=O)C3(C(=O)NO)CCN(C4CC4)CC3)cc2)cc1,10.0,0.0,1
CHEMBL333,CCOc1ccc(S(=O)(=O)N2C/C(=N\OC)C[C@@H]2C(=O)NO)cc1,9.52,0.0,1
CHEMBL333,CCOc1ccc2cc(S(=O)(=O)N(CCC(C)C)[C@@H](C(=O)NO)C(C)C)ccc2c1,6.51,0.0,1
CHEMBL333,CCOc1ccc2ccc(S(=O)(=O)N(CCC(C)C)[C@@H](C(=O)NO)C(C)C)cc2c1,5.04,0.0,1
CHEMBL333,CCOc1cccc(-c2ccc(C3=CCN(S(=O)(=O)CC(=O)NO)CC3)cc2C)c1,6.0,0.0,1
CHEMBL333,CCOc1cccc(-c2ccc(C3CCN(S(=O)(=O)C(C)(C)C(=O)NO)CC3)cc2C)c1,6.34,0.0,1
CHEMBL333,CCOc1cccc(-c2ccc(S(=O)(=O)NC(CC#Cc3ccccc3)C(=O)O)cc2)c1,5.62,0.0,1
CHEMBL333,CCOc1cccc2oc(C(=O)Nc3ccc(-c4ccc(S(=O)(=O)N[C@H](C(=O)O)C(C)C)cc4)cc3)c(C)c12,5.45,0.0,1
CHEMBL333,CCOc1ccccc1C1CCN(c2ccc(S(=O)(=O)C3(C(=O)NO)CCOCC3)cc2)CC1,5.51,0.0,1
CHEMBL333,CCS(=O)(=O)N(C)C[C@H](C(=O)NO)[C@@H](CC(C)C)C(=O)N1CCCCC1,5.7,0.0,1
CHEMBL333,CCS(=O)(=O)N(C)C[C@H](C(=O)NO)[C@@H](CC1CCCC1)C(=O)N1CCCCC1,6.22,0.0,1
CHEMBL333,CCS(=O)(=O)N(C[C@H](O)C(=O)NO)c1ccc(Oc2ccc(C)cc2)cc1,6.85,0.0,1
CHEMBL333,CC[C@@H](C(=O)NO)N(CC(C)C)S(=O)(=O)c1ccc(OC)cc1,7.28,0.0,1
CHEMBL333,CC[C@@H](C(=O)NO)N(Cc1cccnc1)S(=O)(=O)c1ccc(OC)cc1,5.85,0.0,1
CHEMBL333,CC[C@@H](C)NC(=O)c1ccc(Oc2ccc(C#C[C@]3(O)CN4CCC3CC4)cc2)cc1,5.2,0.0,1
CHEMBL333,CC[C@@H](NC(=O)[C@@H](NC(=O)[C@H](CCCc1ccccc1)CC(=O)NO)C(C)(C)C)c1ccccc1,7.845000000000001,0.8980256121069153,2
CHEMBL333,CC[C@@H](NC(=O)[C@@H](NC(=O)[C@H](CCCc1ccccc1)CC(=O)O)C(C)(C)C)c1ccccc1,5.885,0.8414570696119921,2
CHEMBL333,CC[C@@]1(O)C[C@H](O[C@H]2C[C@H](N(C)C)[C@H](O[C@H]3C[C@H](O)[C@H](O[C@H]4CCC(=O)[C@H](C)O4)[C@H](C)O3)[C@H](C)O2)c2c(cc3c(c2O)C(=O)c2c(O)cccc2C3=O)[C@H]1C(=O)OC,5.0,0.0,1
CHEMBL333,CC[C@H](C(=O)NO)N(Cc1cccnc1)S(=O)(=O)c1ccc(OC)cc1,8.7,0.0,1
CHEMBL333,CC[C@H](C(=O)O)N(Cc1cccnc1)S(=O)(=O)c1ccc(OC)cc1,4.99,0.0,1
CHEMBL333,CC[C@H](C)[C@@H](C(=O)N1CCC[C@H]1C(N)=O)N(C)C(=O)[C@H](CC(C)C)NC(=O)[C@H](C)NC(=O)[C@H](CC(=O)O)NC(=O)[C@H](CC(N)=O)NC(=O)CCCNS(=O)(=O)c1ccc(Oc2ccccc2)cc1,10.01,0.0,1
CHEMBL333,CC[C@H](C)[C@@H](C(=O)N1CCC[C@H]1CC(N)=O)N(C)C(=O)[C@H](CC(C)C)NC(=O)[C@H](C)NC(=O)[C@H](CC(=O)O)NC(=O)[C@H](CC(N)=O)NC(=O)CCCNS(=O)(=O)c1ccc(Oc2ccccc2)cc1,10.26,0.0,1
CHEMBL333,CC[C@H](C)[C@@H](C(=O)N1CCC[C@H]1CC(N)=O)N(C)C(=O)[C@H](CC(C)C)NC(=O)[C@H](CCCN)NC(=O)[C@H](CC(=O)O)NC(=O)[C@H](CC(N)=O)NC(=O)CCCNS(=O)(=O)c1ccc(Oc2ccccc2)cc1,9.21,0.0,1
CHEMBL333,CC[C@H](C)[C@@H](C(=O)N1CCC[C@H]1CC(N)=O)N(C)C(=O)[C@H](CC(C)C)NC(=O)[C@H](CCN)NC(=O)CC[C@@H](NS(=O)(=O)c1ccc(-c2ccccc2)cc1)C(=O)O,8.21,0.0,1
CHEMBL333,CC[C@H](C)[C@@H](C(=O)N1CCC[C@H]1CC(N)=O)N(C)C(=O)[C@H](CC(C)C)NC(=O)[C@H](CCN)NC(=O)CC[C@@H](NS(=O)(=O)c1ccc(NC(=O)c2ccc(C(N)=O)cc2)cc1)C(=O)O,9.38,0.0,1
CHEMBL333,CC[C@H](C)[C@@H](C(=O)N1CCC[C@H]1CC(N)=O)N(C)C(=O)[C@H](CC(C)C)NC(=O)[C@H](CCN)NC(=O)CC[C@@H](NS(=O)(=O)c1ccc(NC(=O)c2ccc(Cl)cc2)cc1)C(=O)O,9.37,0.0,1
CHEMBL333,CC[C@H](C)[C@@H](C(=O)N1CCC[C@H]1CC(N)=O)N(C)C(=O)[C@H](CC(C)C)NC(=O)[C@H](CCN)NC(=O)CC[C@@H](NS(=O)(=O)c1ccc(NC(=O)c2ccccc2)cc1)C(=O)O,9.13,0.0,1
CHEMBL333,CC[C@H](C)[C@@H](C(=O)N1CCC[C@H]1CC(N)=O)N(C)C(=O)[C@H](CC(C)C)NC(=O)[C@H](CCN)NC(=O)[C@H](CC(=O)O)NC(=O)[C@H](CC(N)=O)NC(=O)CCCNS(=O)(=O)c1ccc(Oc2ccccc2)cc1,10.05,0.0,1
CHEMBL333,CC[C@H](C)[C@@H](C(=O)N1CCC[C@H]1CC(N)=O)N(C)C(=O)[C@H](CC(C)C)NC(=O)[C@H](CCN)NC(=O)[C@H](CC(=O)O)NC(=O)[C@H](CCC(=O)O)NC(=O)CCCCNC(=O)c1ccc(Oc2ccc(C(N)=O)cc2)cc1,9.74,0.0,1
CHEMBL333,CC[C@H](C)[C@@H](C(=O)N1CCC[C@H]1CC(N)=O)N(C)C(=O)[C@H](CC(C)C)NC(=O)[C@H](CN)NC(=O)[C@H](CC(=O)O)NC(=O)[C@H](CC(N)=O)NC(=O)CCCNS(=O)(=O)c1ccc(Oc2ccccc2)cc1,9.89,0.0,1
CHEMBL333,CC[C@H](C)[C@@H](C(=O)NCCC(N)=O)N(C)C(=O)[C@H](CC(C)C)NC(=O)[C@H](CCN)NC(=O)CC[C@@H](NS(=O)(=O)c1ccc(NC(=O)c2ccc(Cl)cc2)cc1)C(=O)O,9.7,0.0,1
CHEMBL333,CC[C@H](C)[C@@H](C(=O)NCCCC(N)=O)N(C)C(=O)[C@H](CC(C)C)NC(=O)[C@H](CCN)NC(=O)CC[C@@H](NS(=O)(=O)c1ccc(NC(=O)c2ccc(Cl)cc2)cc1)C(=O)O,9.8,0.0,1
CHEMBL333,CC[C@H](C)[C@@H](C(=O)NCCCCC(N)=O)N(C)C(=O)[C@H](CC(C)C)NC(=O)[C@@H]1CNCCN1C(=O)CC[C@@H](NS(=O)(=O)c1ccc(NC(=O)c2ccc(Cl)cc2)cc1)C(=O)O,9.17,0.0,1
CHEMBL333,CC[C@H](C)[C@@H](C(=O)NCCCCC(N)=O)N(C)C(=O)[C@H](CC(C)C)NC(=O)[C@@H]1C[C@H](N)CN1C(=O)CC[C@@H](NS(=O)(=O)c1ccc(NC(=O)c2ccc(C(N)=O)cc2)cc1)C(=O)O,9.54,0.0,1
CHEMBL333,CC[C@H](C)[C@@H](C(=O)NCCCCC(N)=O)N(C)C(=O)[C@H](CC(C)C)NC(=O)[C@H](CCN)NC(=O)CC[C@@H](NS(=O)(=O)c1ccc(NC(=O)c2ccc(C(N)=O)cc2)cc1)C(=O)O,9.66,0.0,1
CHEMBL333,CC[C@H](C)[C@@H](C(=O)NCCCCC(N)=O)N(C)C(=O)[C@H](CC(C)C)NC(=O)[C@H](CCN)NC(=O)CC[C@@H](NS(=O)(=O)c1ccc(NC(=O)c2ccc(Cl)cc2)cc1)C(=O)O,9.96,0.0,1
CHEMBL333,CC[C@H](C)[C@@H](C(=O)NCCCCCC(N)=O)N(C)C(=O)[C@H](CC(C)C)NC(=O)[C@H](CCN)NC(=O)CC[C@@H](NS(=O)(=O)c1ccc(NC(=O)c2ccc(Cl)cc2)cc1)C(=O)O,10.0,0.0,1
CHEMBL333,CC[C@H](C)[C@H](N)C(=O)NCC(=O)N[C@H]1C[C@@H](C(=O)NO)N(S(=O)(=O)c2ccc(C)cc2)C1,5.69,0.0,1
CHEMBL333,CC[C@H](C)[C@H](N)C(=O)NCC(=O)N[C@H]1C[C@@H](C(=O)NO)N(S(=O)(=O)c2ccc(Cl)cc2)C1,5.89,0.0,1
CHEMBL333,CC[C@H](C)[C@H](N)C(=O)NCC(=O)N[C@H]1C[C@@H](C(=O)NO)N(S(=O)(=O)c2ccc(OC)cc2)C1,5.71,0.0,1
CHEMBL333,CC[C@H](C)[C@H](N)C(=O)NCC(=O)N[C@H]1C[C@@H](C(=O)NO)N(S(=O)(=O)c2ccccc2)C1,5.28,0.0,1
CHEMBL333,CC[C@H](C)[C@H](N)C(=O)N[C@@H](CO)C(=O)N[C@@H](Cc1ccc(O)cc1)C(=O)NCC(=O)N[C@@H](CC(N)=O)C(=O)N[C@@H](CC(=O)O)C(=O)N[C@@H](C)C(=O)NCC(=O)N[C@@H](CCSC)C(=O)N1CCC[C@H]1C(=O)O,7.52,0.0,1
CHEMBL333,CC[C@H](C)[C@H](N)C(=O)N[C@@H](CO)C(=O)N[C@@H](Cc1ccc(O)cc1)C(=O)NCC(=O)N[C@@H](CC(N)=O)C(=O)N[C@@H](CC(=O)O)C(=O)N[C@@H](C)C(=O)N[C@@H](CC(C)C)C(=O)N[C@@H](CCSC)C(=O)N1CCC[C@H]1C(=O)O,7.52,0.0,1
CHEMBL333,CC[C@H](C)[C@H](NC(=O)CN1C(=O)CC[C@H](NC(=O)c2cc(OC)c(OC)c(OC)c2)C1=O)C(=O)OC,5.37,0.0,1
CHEMBL333,CC[C@H](Cc1ccc(C(F)(F)F)cc1)C(=O)NC[C@@]1(C2CC2)NC(=O)NC1=O,5.52,0.0,1
CHEMBL333,CC[C@H](NC(=O)[C@@H](NC(=O)[C@H](CCCc1ccccc1)CC(=O)NO)C(C)(C)C)c1ccccc1,7.845000000000001,0.898025612106916,2
CHEMBL333,CC[C@H](NC(=O)[C@@H](NC(=O)[C@H](CCCc1ccccc1)CC(=O)O)C(C)(C)C)c1ccccc1,5.885,0.8414570696119915,2
CHEMBL333,CCc1c(C(=O)Nc2ccc(-c3ccc(S(=O)(=O)N[C@H](C(=O)O)C(C)C)cc3)cc2)oc2ccccc12,5.75,0.0,1
CHEMBL333,CCc1cc(C2=CCN(S(=O)(=O)CC(=O)NO)CC2)ccc1-c1ccccc1,5.36,0.0,1
CHEMBL333,CCc1cc(CCCC(CC(=O)NO)C(=O)NC(C(=O)NC(C)c2ccccc2)C(C)(C)C)ccc1-c1ccccc1,5.17,0.0,1
CHEMBL333,CCc1cc(CCC[C@H](CC(=O)NO)C(=O)N[C@H](C(=O)N[C@H](C)c2ccccc2)C(C)(C)C)ccc1-c1ccccc1,5.17,0.0,1
CHEMBL333,CCc1cc(N2CCN(C(=O)C(C)CC3(COC)NC(=O)NC3=O)C[C@@H]2C)ccc1Cl,5.51,0.0,1
CHEMBL333,CCc1ccc(-c2cc(-c3ccc(S(=O)(=O)N[C@H](C(=O)O)C(C)C)cc3)no2)s1,10.19,0.0,1
CHEMBL333,CCc1ccc(-c2ccc(S(=O)(=O)N(CC(=O)NO)OC(C)C)s2)cc1,7.25,0.0,1
CHEMBL333,CCc1ccc(C#Cc2ccc(S(=O)(=O)N[C@@H](C(=O)O)C(C)C)s2)cc1,8.32,0.0,1
CHEMBL333,CCc1ccc(C#Cc2ccc(S(=O)(=O)N[C@H](C(=O)O)C(C)C)s2)cc1,8.32,0.0,1
CHEMBL333,CCc1ccc(C#Cc2ccc(S(=O)(=O)N[C@H](Cc3c[nH]c4ccccc34)C(=O)O)s2)cc1,8.82,0.0,1
CHEMBL333,CCc1ccc(C#Cc2ccc(SC(CCN3C(=O)c4ccccc4C3=O)C(=O)O)cc2)cc1,8.89,0.0,1
CHEMBL333,CCc1ccc2cc(S(=O)(=O)N(CCC(C)C)[C@@H](C(=O)NO)C(C)C)ccc2c1,7.35,0.0,1
CHEMBL333,CCc1ccc2oc(C(=O)Nc3ccc(-c4ccc(S(=O)(=O)N[C@H](C(=O)O)C(C)C)cc4)cc3)c(C)c2c1O,5.75,0.0,1
CHEMBL333,CCc1ccc2oc(C(=O)Nc3ccc(-c4ccc(S(=O)(=O)N[C@H](C(=O)O)C(C)C)cc4)cc3)c(C)c2c1OC,5.6,0.0,1
CHEMBL333,CCc1ccc2oc(C(=O)Nc3ccc(-c4ccc(S(=O)(=O)N[C@H](C(=O)O)C(C)C)cc4)cc3)c(C)c2c1OC(C)C,5.16,0.0,1
CHEMBL333,CCc1ccc2oc(C(=O)Nc3ccc(-c4ccc(S(=O)(=O)N[C@H](C(=O)O)C(C)C)cc4)cc3)c(C)c2c1OCc1ccccc1,5.36,0.0,1
CHEMBL333,CCc1cccc(-c2ccc(C3=CCN(S(=O)(=O)CC(=O)NO)CC3)cc2C)c1,5.92,0.0,1
CHEMBL333,CCc1cccc(C2=CCN(C(=O)[C@H]3NCC4(CC4)C[C@@H]3C(=O)NO)CC2)c1,7.68,0.0,1
CHEMBL333,CCc1cccc2oc(C(=O)Nc3ccc(-c4ccc(S(=O)(=O)N[C@H](C(=O)O)C(C)C)cc4)cc3)c(C)c12,5.85,0.0,1
CHEMBL333,CCn1c(Cn2cc(-c3ccccc3)nn2)nn(CN2CCN(Cn3nc(Cn4cc(-c5ccccc5)nn4)n(CC)c3=S)CC2)c1=S,6.42,0.0,1
CHEMBL333,CCn1ccnc1[C@]1(CNC(=O)c2cc3cc(C(F)(F)F)ccc3o2)NC(=O)NC1=O,4.96,0.0,1
CHEMBL333,CCn1ccnc1[C@]1(CNC(=O)c2cc3cc(Cl)ccc3o2)NC(=O)NC1=O,5.46,0.0,1
CHEMBL333,CN(C(=O)CCCOc1ccc(S(=O)(=O)C2(C(=O)NO)CCOCC2)cc1)c1ccc(OC(F)(F)F)cc1,6.57,0.0,1
CHEMBL333,CN(C(=O)c1ccccc1)C1CN[C@H](C(=O)N2CC=C(c3ccccc3)CC2)[C@@H](C(=O)NO)C1,7.92,0.0,1
CHEMBL333,CN(C(=O)c1ccccc1)C1CN[C@H](C(=O)N2CC[C@H](c3ccccc3)C2)[C@@H](C(=O)NO)C1,6.68,0.0,1
CHEMBL333,CN(C)C(=O)O[C@H]1C[C@H](C(=O)NO)[C@@H](C(=O)N2CCN(c3ccccc3)CC2)N(C)C1,6.14,0.0,1
CHEMBL333,CN(C)C(=O)c1ccc(-c2ccc(C(=O)CC3(O)C(=O)NC(=O)NC3=O)cc2)cc1,5.87,0.0,1
CHEMBL333,CN(C)C(C)(CS(=O)(=O)c1ccc(Oc2ccccc2)cc1)C(=O)NO,8.3,0.0,1
CHEMBL333,CN(C)CC(CS(=O)(=O)c1ccc(Oc2ccc(OC(F)(F)F)cc2)cc1)N(O)C=O,8.89,0.0,1
CHEMBL333,CN(C)CCC1(CCC(=O)N2CCN(c3cccc(Cl)c3)CC2)NC(=O)NC1=O,5.53,0.0,1
CHEMBL333,CN(C)CCOc1ccc(C2(CCC(=O)N3CCN(c4cccc(Cl)c4)CC3)NC(=O)NC2=O)cc1,6.34,0.0,1
CHEMBL333,CN(C)Cc1ccc(C2(CCC(=O)N3CCN(c4cccc(Cl)c4)CC3)NC(=O)NC2=O)cc1,6.39,0.0,1
CHEMBL333,CN(C)S(=O)(=O)CC(CS(=O)(=O)c1ccc(Oc2ccc(OC(F)(F)F)cc2)cc1)N(O)C=O,10.01,0.0,1
CHEMBL333,CN(C)S(=O)(=O)N(C)C[C@H](C(=O)NO)[C@@H](CC1CCCC1)C(=O)N1CCCCC1,6.52,0.0,1
CHEMBL333,CN(C)c1ccc(-c2cn(-c3ccc(S(=O)(=O)C4(C(=O)NO)CCNCC4)cc3)nn2)cc1,8.77,0.0,1
CHEMBL333,CN(C)c1ccc(-c2cn(-c3ccc(S(=O)(=O)C4(C(=O)NO)CCOCC4)cc3)nn2)cc1,8.77,0.0,1
CHEMBL333,CN(C)c1ccc(-c2cn(-c3ccc(S(=O)(=O)NC(Cc4ccccc4)C(=O)NO)cc3)nn2)cc1,9.575,0.12020815280171365,2
CHEMBL333,CN(C)c1ccc(C(=O)C2CCN(c3ccc(S(=O)(=O)C4(C(=O)NO)CCOCC4)cc3)CC2)cc1,5.4,0.0,1
CHEMBL333,CN(C)c1ccc(C(=O)CCCCOc2ccc(S(=O)(=O)C3(C(=O)NO)CCOCC3)cc2)cc1,7.46,0.0,1
CHEMBL333,CN(C)c1ccc(C(=O)CCCOc2ccc(S(=O)(=O)C3(C(=O)NO)CCOCC3)cc2)cc1,7.75,0.0,1
CHEMBL333,CN(C)c1ccc(C(=O)CCOc2ccc(S(=O)(=O)C3(C(=O)NO)CCOCC3)cc2)cc1,7.8,0.0,1
CHEMBL333,CN(C)c1ccc(C(=O)NCCCOc2ccc(S(=O)(=O)C3(C(=O)NO)CCOCC3)cc2)cc1,5.96,0.0,1
CHEMBL333,CN(C)c1ccc(NC(=O)CCCCOc2ccc(S(=O)(=O)C3(C(=O)NO)CCOCC3)cc2)cc1,8.74,0.0,1
CHEMBL333,CN(C)c1ccc(NC(=O)CCCOc2ccc(S(=O)(=O)C3(C(=O)NO)CCOCC3)cc2)cc1,8.0,0.0,1
CHEMBL333,CN(C)c1cccc(N2CCN(C(=O)CCC3(C4CC4)NC(=O)NC3=O)CC2)c1,5.59,0.0,1
CHEMBL333,CN(C)c1cccc2c(S(=O)(=O)N(C)C[C@H](C(=O)NO)[C@@H](CC3CCCC3)C(=O)N3CCCCC3)cccc12,7.7,0.0,1
CHEMBL333,CN(C)c1cccc2c(S(=O)(=O)N3CCCN(C4(c5ccc(Oc6ccccc6)cc5)C(=O)NC(=O)NC4=O)CC3)cccc12,6.51,0.0,1
CHEMBL333,CN(C)c1ncc(N2CCC(C(=O)NO)(S(=O)(=O)c3ccc(Oc4ccc(OC(F)(F)F)cc4)cc3)CC2)nc1C#N,8.8,0.0,1
CHEMBL333,CN(CC(=O)NO)S(=O)(=O)c1ccc(OCc2cc(Br)cc(Br)c2)cc1,5.73,0.0,1
CHEMBL333,CN(CC(CS(=O)(=O)c1ccc(Oc2ccc(OC(F)(F)F)cc2)cc1)N(O)C=O)S(C)(=O)=O,7.92,0.0,1
CHEMBL333,CN(CCCCC(=O)Nc1ccc(O)c2ncccc12)c1ccccc1,5.12,0.0,1
CHEMBL333,CN(CCCCCC(=O)Nc1ccc(O)c2ncccc12)c1ccccc1,5.21,0.0,1
CHEMBL333,CN(CCO)C1(c2ccc(Oc3ccccc3)cc2)C(=O)NC(=O)NC1=O,7.62,0.0,1
CHEMBL333,CN(CCO[N+](=O)[O-])C1(c2ccc(Oc3ccccc3)cc2)C(=O)NC(=O)NC1=O,7.28,0.0,1
CHEMBL333,CN(CCOc1ccc(-c2ccc(C#N)cc2)cc1)C(=O)NO,4.24,0.0,1
CHEMBL333,CN(C[C@H](C(=O)NO)[C@@H](CC1CCCC1)C(=O)N1CCCCC1)S(=O)(=O)C(F)(F)F,6.3,0.0,1
CHEMBL333,CN(C[C@H](C(=O)NO)[C@@H](CC1CCCC1)C(=O)N1CCCCC1)S(=O)(=O)c1ccc(Cl)cc1,7.0,0.0,1
CHEMBL333,CN(C[C@H](C(=O)NO)[C@@H](CC1CCCC1)C(=O)N1CCCCC1)S(=O)(=O)c1cccc2ccccc12,7.3,0.0,1
CHEMBL333,CN(C[C@H](C(=O)NO)[C@@H](CC1CCCC1)C(=O)N1CCCCC1)S(C)(=O)=O,6.05,0.0,1
CHEMBL333,CN(C[C@H](C(=O)NO)[C@@H](CC1CCCC1)C(=O)N1CCOCC1)S(C)(=O)=O,6.4,0.0,1
CHEMBL333,CN(Cc1ccccc1)C(=O)C1CCN(c2ccc(S(=O)(=O)C3(C(=O)NO)CCN(C4CC4)CC3)cc2)CC1,5.46,0.0,1
CHEMBL333,CN(Cc1ccccc1)C(=O)c1noc([C@H](CCCC2CCCCC2)CC(=O)NO)n1,4.09,0.0,1
CHEMBL333,CN(Cc1ccccn1)C(=O)c1noc([C@H](CCCC2CCCCC2)CC(=O)NO)n1,4.3,0.0,1
CHEMBL333,CN(Cc1cn(CCOCCOCCOCCN2CCN(C3(c4ccc(Oc5ccccc5)cc4)C(=O)NC(=O)NC3=O)CC2)nn1)S(=O)(=O)c1ccc(F)cc1,7.92,0.0,1
CHEMBL333,CN(Cc1cnc2nc(N)nc(N)c2n1)c1ccc(C(=O)N[C@@H](CCC(=O)N[C@@H](Cc2ccccc2)C(=O)NO)C(=O)O)cc1,4.22,0.0,1
CHEMBL333,CN([C@H]1CN(C(N)=O)C[C@@H]1S)S(=O)(=O)c1ccc(Oc2ccccc2)cc1,8.64,0.0,1
CHEMBL333,CN(c1cc(Br)cn(O)c1=O)S(=O)(=O)c1ccc(Oc2ccc(Cl)cc2)cc1,6.18,0.0,1
CHEMBL333,CN(c1cccn(O)c1=O)S(=O)(=O)c1ccc(Oc2ccc(C(F)(F)F)cc2)cc1,6.98,0.0,1
CHEMBL333,CN(c1cccn(O)c1=O)S(=O)(=O)c1ccc(Oc2ccc(Cl)cc2)cc1,8.3,0.0,1
CHEMBL333,CN(c1cccn(O)c1=O)S(=O)(=O)c1ccc(Oc2ccc(OC(F)(F)F)cc2)cc1,8.24,0.0,1
CHEMBL333,CN(c1cccn(O)c1=O)S(=O)(=O)c1ccc(Oc2ccccc2)cc1,8.08,0.0,1
CHEMBL333,CN1C(=O)CCC2=C1Cc1cc(C(=O)c3ccc(Cl)c(S(N)(=O)=O)c3)ccc12,7.57,0.0,1
CHEMBL333,CN1C(=O)N(CC(COc2ccc(-c3ccc(C#N)cc3)cc2)N(O)C=O)C(=O)C1(C)C,5.74,2.1213203435596424,2
CHEMBL333,CN1C(=O)N(CC(COc2ccc(-c3cccc(C#N)c3)cc2)N(O)C=O)C(=O)C1(C)C,5.89,0.0,1
CHEMBL333,CN1C(=O)N(CC(COc2ccc(-c3ccccc3)cc2)N(O)C=O)C(=O)C1(C)C,7.05,0.0,1
CHEMBL333,CN1C(=O)N(CC(COc2ccc(-c3ccco3)cc2)N(O)C=O)C(=O)C1(C)C,7.07,0.0,1
CHEMBL333,CN1C(=O)N(CC(COc2ccc(-c3cccs3)cc2)N(O)C=O)C(=O)C1(C)C,6.89,0.0,1
CHEMBL333,CN1C(=O)N(CC(CS(=O)(=O)c2ccc(Oc3ccc(C#N)cc3)cc2)N(O)C=O)C(=O)C1(C)C,8.85,0.0,1
CHEMBL333,CN1C(=O)N(CC(CS(=O)(=O)c2ccc(Oc3ccc(Cl)cc3)cc2)N(O)C=O)C(=O)C1(C)C,9.14,0.0,1
CHEMBL333,CN1C(=O)N(CC(CS(=O)(=O)c2ccc(Oc3ccc(OC(F)(F)F)cc3)cc2)N(O)C=O)C(=O)C1(C)C,8.74,0.0,1
CHEMBL333,CN1C(=O)N(CCC(COc2ccc(-c3ccc(C#N)cc3)cc2)N(O)C=O)C(=O)C1(C)C,4.35,0.0,1
CHEMBL333,CN1C(=O)N(CCC(COc2ccc(-c3ccccc3)cc2)C(=O)NO)C(=O)C1(C)C,7.44,0.0,1
CHEMBL333,CN1C(=O)N(C[C@H](C(=O)NO)[C@@H](CC2CCCC2)C(=O)N2CCCCC2)C(=O)C1(C)C,6.81,0.0,1
CHEMBL333,CN1CC(CC(=O)N2CCCC2)C[C@H](C(=O)NO)[C@H]1C(=O)N1CCN(c2ccccc2)CC1,7.04,0.0,1
CHEMBL333,CN1CC(CC(=O)N2CCCCC2)C[C@H](C(=O)NO)[C@H]1C(=O)N1CCN(c2ccccc2)CC1,7.09,0.0,1
CHEMBL333,CN1CC2(CC2)C[C@H](C(=O)NO)[C@H]1C(=O)N1CC=C(c2ccccc2)CC1,7.19,0.0,1
CHEMBL333,CN1CC2(CC2)C[C@H](C(=O)NO)[C@H]1C(=O)N1CCN(c2ccccc2)CC1,6.82,0.0,1
CHEMBL333,CN1CCC(NC(=O)c2ccc(Oc3ccc(C#C[C@]4(O)CN5CCC4CC5)cc3)cc2)CC1,5.119999999999999,0.028284271247461613,2
CHEMBL333,CN1CCCN(C2(c3ccc(Oc4ccccc4)cc3)C(=O)NC(=O)NC2=O)CC1,8.12,0.0,1
CHEMBL333,CN1CCN(C(=O)CC2CC[C@H](C(=O)N3CCN(c4ccccc4)CC3)[C@@H](C(=O)NO)C2)CC1,7.17,0.0,1
CHEMBL333,CN1CCN(C2(c3ccc(Oc4ccccc4)cc3)C(=O)NC(=O)NC2=O)CC1,8.03,0.0,1
CHEMBL333,CN1CCN(CCN([C@@H]2CC=CCN(O)C2=O)S(=O)(=O)c2ccc(Oc3ccc(Cl)cc3)cc2)CC1,9.31,0.0,1
CHEMBL333,CN1CCN(CCN(c2cccn(O)c2=O)S(=O)(=O)c2ccc(Oc3ccc(Cl)cc3)cc2)CC1,8.77,0.0,1
CHEMBL333,CN1C[C@@H](OC(=O)N2CC=CC2)C[C@H](C(=O)NO)[C@H]1C(=O)N1CCN(c2ccccc2)CC1,6.24,0.0,1
CHEMBL333,CN1C[C@@H](OC(=O)N2CCC2)C[C@H](C(=O)NO)[C@H]1C(=O)N1CCN(c2ccccc2)CC1,6.37,0.0,1
CHEMBL333,CN1C[C@@H](OC(=O)N2CCCC2)C[C@H](C(=O)NO)[C@H]1C(=O)N1CCN(c2ccccc2)CC1,6.33,0.0,1
CHEMBL333,CN1C[C@@H](OC(=O)N2CCCCC2)C[C@H](C(=O)NO)[C@H]1C(=O)N1CCN(c2ccccc2)CC1,6.46,0.0,1
CHEMBL333,CN1C[C@@H](OC(=O)N2CCCCCC2)C[C@H](C(=O)NO)[C@H]1C(=O)N1CCN(c2ccccc2)CC1,6.07,0.0,1
CHEMBL333,CN1C[C@@H](OC(=O)N2CCCCCCC2)C[C@H](C(=O)NO)[C@H]1C(=O)N1CCN(c2ccccc2)CC1,5.83,0.0,1
CHEMBL333,CNC(=O)C(CCc1ccccc1)NC(=O)C(CC(=O)NO)CC(C)C,8.44,0.0,1
CHEMBL333,CNC(=O)C(Cc1c(CCN(C)C)[nH]c2ccccc12)NC(=O)/C(=C/C(C)C)CC(=O)NO,8.24,0.0,1
CHEMBL333,CNC(=O)C(Cc1c[nH]c2ccccc12)NC(=O)[C@@H](CC(=O)NN)CC(C)C,6.26,0.0,1
CHEMBL333,CNC(=O)C(Cc1c[nH]c2ccccc12)NC(=O)[C@@H](CC(=O)NNS(=O)(=O)c1ccc(C)cc1)CC(C)C,7.52,0.0,1
CHEMBL333,CNC(=O)C(Cc1c[nH]c2ccccc12)NC(=O)[C@@H](CC(=O)Nc1ccccn1)CC(C)C,7.3,0.0,1
CHEMBL333,CNC(=O)C(Cc1c[nH]c2ccccc12)NC(=O)[C@@H](CC(=O)O)CC(C)C,7.7,0.0,1
CHEMBL333,CNC(=O)C(Cc1ccc(OC)cc1)NC(=O)C(CC(=O)NO)CC(C)C,8.22,0.0,1
CHEMBL333,CNC(=O)C(Cc1ccccc1)NC(=O)C(CC(C)C)C(CSc1cccs1)C(=O)NO,9.3,0.0,1
CHEMBL333,CNC(=O)C(NC(=O)C(CC(C)C)C(O)C(=O)NO)C(C)(C)C,9.135,0.02121320343559723,2
CHEMBL333,CNC(=O)C(NC(=O)C(CCCc1ccc(-c2ccccc2)c(C(C)(C)C)c1)CC(=O)NO)C(C)(C)C,7.07,0.0,1
CHEMBL333,CNC(=O)C(NC(=O)C(CCCc1ccc(-c2ccccc2)c(C)c1)CC(=O)NO)C(C)(C)C,9.0,0.0,1
CHEMBL333,CNC(=O)C(NC(=O)C(CCCc1ccccc1)CC(=O)NO)C(C)(C)C,9.41,0.014142135623730649,2
CHEMBL333,CNC(=O)C(NC(=O)C(CCCc1ccccc1)CC(=O)O)C(C)(C)C,7.96,0.0,1
CHEMBL333,CNC(=O)C(NC(=O)C(CCc1ccc(Cl)cc1)CP(=O)(O)Cc1ccc(Cc2ccccc2)cc1)C(C)(C)C,8.59,0.0,1
CHEMBL333,CNC(=O)C(NC(=O)C(CCc1ccc(Cl)cc1)CP(=O)(O)Cc1ccc(Cc2ccccc2OC)cc1)C(C)(C)C,8.18,0.0,1
CHEMBL333,CNC(=O)C(NC(=O)C(CCc1ccccc1)CP(=O)(O)Cc1ccc(Cc2ccccc2)cc1)C(C)(C)C,8.0,0.0,1
CHEMBL333,CNC(=O)C(NC(=O)C(CCc1ccccc1)CP(=O)(O)Cc1ccc(Cc2ccccc2OC)cc1)C(C)(C)C,8.18,0.0,1
CHEMBL333,CNC(=O)C(NC(=O)C(CCc1ccccc1)CP(=O)(O)Cc1ccccc1)C(C)(C)C,6.96,0.0,1
CHEMBL333,CNC(=O)C(NC(=O)[C@H](CC(C)C)[C@H](O)C(=O)NO)C(C)(C)C,8.22,0.0,1
CHEMBL333,CNC(=O)C1CCN([C@@H](CN(c2ccc(Oc3ccc(C(F)(F)F)cc3)cc2)S(C)(=O)=O)C(=O)NO)CC1,8.26,0.0,1
CHEMBL333,CNC(=O)CC[C@@H](NS(=O)(=O)c1ccc(C)cc1)C(=O)O,6.55,0.0,1
CHEMBL333,CNC(=O)CC[C@H](NS(=O)(=O)c1ccc(-c2ccccc2)cc1)C(=O)O,6.07,0.0,1
CHEMBL333,CNC(=O)CC[C@H](NS(=O)(=O)c1ccc([N+](=O)[O-])cc1)C(=O)O,5.54,0.0,1
CHEMBL333,CNC(=O)N1CCC(NC(=O)c2ccc(Oc3ccc(C#C[C@]4(O)CN5CCC4CC5)cc3)cc2)CC1,5.4,0.0,1
CHEMBL333,CNC(=O)P(=O)(O)O,7.7,0.0,1
CHEMBL333,CNC(=O)[C@@H](CC(=O)[C@H](CC(C)C)[C@H](CSc1ccccc1)C(=O)NO)Cc1ccccc1,6.7,0.0,1
CHEMBL333,CNC(=O)[C@@H](CC(=O)[C@H](CC(C)C)[C@H](CSc1cccs1)C(=O)NO)Cc1ccccc1,8.4,0.0,1
CHEMBL333,CNC(=O)[C@@H](NC(=O)C(CCc1ccc(Cl)cc1)CP(=O)(O)Cc1ccc(Cc2ccccc2)cc1)C(C)(C)C,8.59,0.0,1
CHEMBL333,CNC(=O)[C@@H](NC(=O)C(CCc1ccc(Cl)cc1)CP(=O)(O)Cc1ccc(Cc2ccccc2OC)cc1)C(C)(C)C,8.18,0.0,1
CHEMBL333,CNC(=O)[C@@H](NC(=O)C(CCc1ccccc1)CP(=O)(O)Cc1ccc(Cc2ccccc2)cc1)C(C)(C)C,8.0,0.0,1
CHEMBL333,CNC(=O)[C@@H](NC(=O)C(CCc1ccccc1)CP(=O)(O)Cc1ccc(Cc2ccccc2OC)cc1)C(C)(C)C,8.18,0.0,1
CHEMBL333,CNC(=O)[C@@H](NC(=O)C(CCc1ccccc1)CP(=O)(O)Cc1ccccc1)C(C)(C)C,6.96,0.0,1
CHEMBL333,CNC(=O)[C@@H](NC(=O)[C@@H](CC(=O)NO)CC(C)C)C(C)(C)C,8.13,0.0,1
CHEMBL333,CNC(=O)[C@@H](NC(=O)[C@@H](CC(=O)NO)CC(C)C)C1CCCCC1,8.08,0.0,1
CHEMBL333,CNC(=O)[C@@H](NC(=O)[C@@H](CC(=O)NO)CC(C)C)c1ccccc1,7.37,0.0,1
CHEMBL333,CNC(=O)[C@@H](NC(=O)[C@H](CC(C)C)NC(=O)[C@@H](S)CCN1C(=O)N(C)C(C)(C)C1=O)C(C)(C)C,7.4,0.014142135623730963,2
CHEMBL333,CNC(=O)[C@@H](NC(=O)[C@H](CC(C)C)NC(=O)[C@H](S)CCN1C(=O)N(C)C(C)(C)C1=O)C(C)(C)C,7.39,0.0,1
CHEMBL333,CNC(=O)[C@@H](NC(=O)[C@H](CC(C)C)[C@H](C)C(=O)NO)c1ccccc1,8.12,0.0,1
CHEMBL333,CNC(=O)[C@@H](NC(=O)[C@H](CC(C)C)[C@H](O)C(=O)NO)C(C)(C)C,8.342222222222222,1.3342580126963617,9
CHEMBL333,CNC(=O)[C@@H](NC(=O)[C@H](CCCCCCCCCCCCCCO)CC(=O)NO)C(C)(C)C,9.3,0.0,1
CHEMBL333,CNC(=O)[C@@H](NC(=O)[C@H](CCCc1ccc(-c2ccccc2)c(C(F)(F)F)c1)CC(=O)NO)C(C)(C)C,7.07,0.0,1
CHEMBL333,CNC(=O)[C@@H](NC(=O)[C@H](CCCc1ccc(-c2ccccc2)c(C)c1)CC(=O)NO)C(C)(C)C,9.0,0.0,1
CHEMBL333,CNC(=O)[C@@H](NC(=O)[C@H](CCCc1ccccc1)CC(=O)NO)C(C)(C)C,9.445,0.03535533905932788,2
CHEMBL333,CNC(=O)[C@@H](NC(=O)[C@H](CCCc1ccccc1)CC(=O)NO)c1ccccc1,8.49,0.0,1
CHEMBL333,CNC(=O)[C@@H](NC(=O)[C@H](CCCc1ccccc1)CC(=O)O)C(C)(C)C,7.96,0.0,1
CHEMBL333,CNC(=O)[C@@H](NC(=O)[C@H](CCCc1ccccc1)[C@H](C)N(O)C=O)C(C)(C)C,8.68,0.0,1
CHEMBL333,CNC(=O)[C@@H](NC(=O)[C@H](CCc1ccccc1)CC(=O)NO)c1ccccc1,7.33,0.0,1
CHEMBL333,CNC(=O)[C@@H](NC(=O)c1ccc(-c2ccc(CSc3nc4c(c(=O)[nH]3)CCC4)c(F)c2)o1)C(C)(C)C,6.89,0.0,1
CHEMBL333,CNC(=O)[C@@H](NC(=O)c1ccc(-c2ccc(CSc3nc4c(c(=O)[nH]3)CCC4)c(F)c2)o1)C(C)(C)O,6.23,0.0,1
CHEMBL333,CNC(=O)[C@@H](NC(=O)c1ccc(-c2ccc(CSc3nc4c(c(=O)[nH]3)CCC4)c(F)c2)o1)C1CCOCC1,6.03,0.0,1
CHEMBL333,CNC(=O)[C@@H](NC(=O)c1ccc(-c2ccc(OCc3cc[nH]n3)cn2)o1)C1CCCCC1,7.44,0.0,1
CHEMBL333,CNC(=O)[C@@H]1Cc2ccc(cc2)OCCCCCC[C@H](C(=O)NO)[C@@H](CC(C)C)C(=O)N1,8.23,0.0,1
CHEMBL333,CNC(=O)[C@@H]1Cc2ccc(cc2)OCCCCC[C@H](C(=O)NO)[C@@H](CC(C)C)C(=O)N1,8.64,0.0,1
CHEMBL333,CNC(=O)[C@@H]1Cc2ccc(cc2)OCCCCC[C@H](C(=O)O)[C@@H](CC(C)C)C(=O)N1,5.85,0.0,1
CHEMBL333,CNC(=O)[C@@H]1Cc2ccc(cc2)OCCCC[C@@H](C(=O)NO)[C@@H](CC(C)C)C(=O)N1,6.64,0.0,1
CHEMBL333,CNC(=O)[C@@H]1Cc2ccc(cc2)OCCCC[C@H](C(=O)NO)[C@@H](CC(C)C)C(=O)N1,8.66,0.0,1
CHEMBL333,CNC(=O)[C@@H]1Cc2ccc(cc2)OCCCC[C@H](C(=O)NO)[C@@H](CCCCOCc2ccccc2)C(=O)N1,9.52,0.0,1
CHEMBL333,CNC(=O)[C@@H]1Cc2ccc(cc2)OCCCC[C@H](C(=O)NO)[C@@H](CCCc2cc(C(F)(F)F)cc(C(F)(F)F)c2)C(=O)N1,5.66,0.0,1
CHEMBL333,CNC(=O)[C@@H]1Cc2ccc(cc2)OCCCC[C@H](C(=O)NO)[C@@H](CCCc2cc(C)cc(C(C)C)c2)C(=O)N1,7.02,0.0,1
CHEMBL333,CNC(=O)[C@@H]1Cc2ccc(cc2)OCCCC[C@H](C(=O)NO)[C@@H](CCCc2cc(OC)c(OC)c(OC)c2)C(=O)N1,6.96,0.0,1
CHEMBL333,CNC(=O)[C@@H]1Cc2ccc(cc2)OCCCC[C@H](C(=O)NO)[C@@H](CCCc2cc(OC)ccc2OC)C(=O)N1,7.89,0.0,1
CHEMBL333,CNC(=O)[C@@H]1Cc2ccc(cc2)OCCCC[C@H](C(=O)NO)[C@@H](CCCc2ccc(C)cc2)C(=O)N1,9.1,0.0,1
CHEMBL333,CNC(=O)[C@@H]1Cc2ccc(cc2)OCCCC[C@H](C(=O)NO)[C@@H](CCCc2ccc(Cl)cc2)C(=O)N1,9.59,0.0,1
CHEMBL333,CNC(=O)[C@@H]1Cc2ccc(cc2)OCCCC[C@H](C(=O)NO)[C@@H](CCCc2ccc(OC)c(OC)c2)C(=O)N1,8.0,0.0,1
CHEMBL333,CNC(=O)[C@@H]1Cc2ccc(cc2)OCCCC[C@H](C(=O)NO)[C@@H](CCCc2cccc3ccccc23)C(=O)N1,9.64,0.0,1
CHEMBL333,CNC(=O)[C@@H]1Cc2ccc(cc2)OCCC[C@H](C(=O)NO)[C@@H](CC(C)C)C(=O)N1,8.59,0.0,1
CHEMBL333,CNC(=O)[C@@H]1Cc2ccc(cc2)OCCC[C@H](C(=O)O)[C@@H](CC(C)C)C(=O)N1,4.85,0.0,1
CHEMBL333,CNC(=O)[C@H](Cc1c(-c2ccccc2)[nH]c2ccccc12)NC(=O)/C(=C/CCc1ccccc1)CC(=O)NNS(=O)(=O)c1ccc(-c2ccc(Br)cc2)cc1,7.19,0.0,1
CHEMBL333,CNC(=O)[C@H](Cc1c(-c2ccccc2)[nH]c2ccccc12)NC(=O)[C@@H](CC(=O)NNS(=O)(=O)c1ccc(-c2ccc(Br)cc2)cc1)CC(C)C,6.61,0.0,1
CHEMBL333,CNC(=O)[C@H](Cc1c[nH]c2ccccc12)NC(=O)/C(=C/C(C)C)CC(=O)NO,8.465,0.6010407640085664,2
CHEMBL333,CNC(=O)[C@H](Cc1c[nH]c2ccccc12)NC(=O)/C(=C/C=C/c1ccccc1)CC(=O)NO,6.92,0.0,1
CHEMBL333,CNC(=O)[C@H](Cc1c[nH]c2ccccc12)NC(=O)/C(=C/CCc1ccccc1)CC(=O)NNS(=O)(=O)c1ccc(-c2ccc(Br)cc2)cc1,6.51,0.0,1
CHEMBL333,CNC(=O)[C@H](Cc1c[nH]c2ccccc12)NC(=O)/C(=C/CCc1ccccc1)CC(=O)NO,6.55,0.0,1
CHEMBL333,CNC(=O)[C@H](Cc1c[nH]c2ccccc12)NC(=O)C(=CC(C)C)CC(=O)NO,7.71,0.0,1
CHEMBL333,CNC(=O)[C@H](Cc1c[nH]c2ccccc12)NC(=O)[C@@H](CC(=O)NNS(=O)(=O)c1c(C(C)C)cc(C(C)C)cc1C(C)C)CC(C)C,7.0,0.0,1
CHEMBL333,CNC(=O)[C@H](Cc1c[nH]c2ccccc12)NC(=O)[C@@H](CC(=O)NNS(=O)(=O)c1ccc(-c2ccc(Br)cc2)cc1)CC(C)C,8.01,0.0,1
CHEMBL333,CNC(=O)[C@H](Cc1c[nH]c2ccccc12)NC(=O)[C@@H](CC(=O)NNS(=O)(=O)c1ccc(C)cc1)CC(C)C,7.62,0.0,1
CHEMBL333,CNC(=O)[C@H](Cc1c[nH]c2ccccc12)NC(=O)[C@@H](CC(=O)NNS(=O)(=O)c1ccc(Cl)cc1)CC(C)C,7.75,0.0,1
CHEMBL333,CNC(=O)[C@H](Cc1c[nH]c2ccccc12)NC(=O)[C@@H](CC(=O)NNS(=O)(=O)c1ccc(N2C(=O)CCC2=O)cc1)CC(C)C,7.1,0.0,1
CHEMBL333,CNC(=O)[C@H](Cc1c[nH]c2ccccc12)NC(=O)[C@@H](CC(=O)NNS(=O)(=O)c1ccc(Oc2ccccc2)cc1)CC(C)C,7.35,0.0,1
CHEMBL333,CNC(=O)[C@H](Cc1c[nH]c2ccccc12)NC(=O)[C@@H](CC(=O)NNS(=O)(=O)c1ccc([N+](=O)[O-])cc1)CC(C)C,6.51,0.0,1
CHEMBL333,CNC(=O)[C@H](Cc1c[nH]c2ccccc12)NC(=O)[C@@H](CC(=O)NNS(=O)(=O)c1ccc2ccccc2c1)CC(C)C,7.43,0.0,1
CHEMBL333,CNC(=O)[C@H](Cc1c[nH]c2ccccc12)NC(=O)[C@@H](CC(=O)NNS(=O)(=O)c1ccccc1N)CC(C)C,7.04,0.0,1
CHEMBL333,CNC(=O)[C@H](Cc1c[nH]c2ccccc12)NC(=O)[C@@H](CC(=O)NNS(=O)(=O)c1ccccc1[N+](=O)[O-])CC(C)C,6.5,0.0,1
CHEMBL333,CNC(=O)[C@H](Cc1c[nH]c2ccccc12)NC(=O)[C@@H](CC(=O)NNS(C)(=O)=O)CC(C)C,6.13,0.0,1
CHEMBL333,CNC(=O)[C@H](Cc1c[nH]c2ccccc12)NC(=O)[C@@H](CC(=O)NNc1ccc(Cl)c(Cl)c1)CC(C)C,5.0,0.0,1
CHEMBL333,CNC(=O)[C@H](Cc1c[nH]c2ccccc12)NC(=O)[C@@H](CC(=O)NNc1ccc(OC)cc1)CC(C)C,5.0,0.0,1
CHEMBL333,CNC(=O)[C@H](Cc1c[nH]c2ccccc12)NC(=O)[C@@H](CC(=O)NNc1ccc([N+](=O)[O-])cc1)CC(C)C,5.0,0.0,1
CHEMBL333,CNC(=O)[C@H](Cc1c[nH]c2ccccc12)NC(=O)[C@@H](CC(=O)NNc1ccc([N+](=O)[O-])cc1[N+](=O)[O-])CC(C)C,5.0,0.0,1
CHEMBL333,CNC(=O)[C@H](Cc1c[nH]c2ccccc12)NC(=O)[C@@H](CC(=O)NO)CC(C)C,9.103,0.629833311281644,10
CHEMBL333,CNC(=O)[C@H](Cc1c[nH]c2ccccc12)NC(=O)[C@@H](CC(=O)Nc1ccc(Br)cc1N)CC(C)C,7.66,0.0,1
CHEMBL333,CNC(=O)[C@H](Cc1c[nH]c2ccccc12)NC(=O)[C@@H](CC(=O)Nc1ccc(F)cc1N)CC(C)C,8.66,0.0,1
CHEMBL333,CNC(=O)[C@H](Cc1c[nH]c2ccccc12)NC(=O)[C@@H](CC(=O)Nc1cccc(N)c1)CC(C)C,8.69,0.0,1
CHEMBL333,CNC(=O)[C@H](Cc1c[nH]c2ccccc12)NC(=O)[C@@H](CC(=O)Nc1ccccc1N)CC(C)C,9.72,0.0,1
CHEMBL333,CNC(=O)[C@H](Cc1c[nH]c2ccccc12)NC(=O)[C@@H](CC(=O)c1ccc[nH]1)CC(C)C,6.27,0.0,1
CHEMBL333,CNC(=O)[C@H](Cc1c[nH]c2ccccc12)NC(=O)[C@@H](CC(=O)c1ccccn1)CC(C)C,6.75,0.0,1
CHEMBL333,CNC(=O)[C@H](Cc1ccc(OC)cc1)NC(=O)[C@@H](CC(=O)NO)CC(C)C,8.22,0.0,1
CHEMBL333,CNC(=O)[C@H](Cc1cccc2c1CCCC2)NC(=O)[C@H](CC(C)C)[C@H](C)C(=O)NO,9.52,0.0,1
CHEMBL333,CNC(=O)[C@H](Cc1ccccc1)NC(=O)[C@@H](CC(=O)NO)CC(C)C,8.775,0.5303300858899106,2
CHEMBL333,CNC(=O)[C@H](Cc1ccccc1)NC(=O)[C@H](CC(=O)NO)CC(C)C,6.77,0.0,1
CHEMBL333,CNC(=O)[C@H](Cc1ccccc1)NC(=O)[C@H](CC(C)C)C(C)(C)C(=O)NO,8.64,0.0,1
CHEMBL333,CNC(=O)[C@H](Cc1ccccc1)NC(=O)[C@H](CC(C)C)C1(C(=O)NO)CCCC1,7.3,0.0,1
CHEMBL333,CNC(=O)[C@H](Cc1ccccc1)NC(=O)[C@H](CC(C)C)NC(=O)NO,4.22,0.0,1
CHEMBL333,CNC(=O)[C@H](Cc1ccccc1)NC(=O)[C@H](CC(C)C)[C@H](C)C(=O)NO,8.89,0.0,1
CHEMBL333,CNC(=O)[C@H](Cc1ccccc1)NC(=O)[C@H](CC(C)C)[C@H](CSc1cccs1)C(=O)NO,8.318000000000001,1.4753372495805839,5
CHEMBL333,CNC(=O)[C@H](Cc1ccccc1)NC(=O)[C@H](CCCCCOc1ccccc1)CC(=O)NO,9.51,0.0,1
CHEMBL333,CNC(=O)[C@H](Cc1ccccc1)NC(=O)[C@H](CCCc1ccccc1)CC(=O)NO,7.82,0.0,1
CHEMBL333,CNC(=O)[C@H](Cc1ccccc1)NC(=O)[C@H]1[C@@H](COCC(=O)NO)[C@@H]1CSc1ccccc1,4.5,0.0,1
CHEMBL333,CNC(=O)c1ccc(Oc2ccc(C#C[C@]3(O)CN4CCC3CC4)cc2)cc1,4.7,0.0,1
CHEMBL333,CNCCOc1cccc(-c2ccc(C3CCN(S(=O)(=O)C(C)(C)C(=O)NO)CC3)cc2C)c1,6.71,0.0,1
CHEMBL333,CNc1cc(N2CCN(C(=O)CC[C@@]3(C)NC(=O)NC3=O)C[C@@H]2C)ccc1Cl,6.19,0.0,1
CHEMBL333,CNc1cccc2oc(C(=O)Nc3ccc(-c4ccc(S(=O)(=O)N[C@H](C(=O)O)C(C)C)cc4)cc3)c(C)c12,6.05,0.0,1
CHEMBL333,CO/N=C1/CCCC(C(NS(=O)(=O)c2ccc(-c3ccc(OC)cc3)cc2)C(=O)O)C1,8.05,0.0,1
CHEMBL333,CO/N=C1/C[C@H](C(=O)NO)N(S(=O)(=O)c2ccc(Oc3ccncc3)cc2)C1,9.52,0.0,1
CHEMBL333,COC(=O)C(C(=O)/C=C/c1ccc(O)c(OC)c1)C(=O)/C=C/c1ccc(O)c(OC)c1,4.32,0.0,1
CHEMBL333,COC(=O)C(C(=O)/C=C/c1ccc(O)cc1)C(=O)/C=C/c1ccc(O)cc1,4.16,0.0,1
CHEMBL333,COC(=O)C(C)(C)Oc1cccc2oc(C(=O)Nc3ccc(-c4ccc(S(=O)(=O)N[C@H](C(=O)O)C(C)C)cc4)cc3)c(C)c12,5.21,0.0,1
CHEMBL333,COC(=O)C(C)NC(=O)[C@H](CCC(=O)O)NC(=O)/C=C/c1ccc(OC)c(OC)c1,4.08,0.0,1
CHEMBL333,COC(=O)C(Cc1ccc(F)cc1)NC(=O)[C@H](CCC(=O)O)NC(=O)/C=C/c1ccc(OC)c(OC)c1,4.12,0.0,1
CHEMBL333,COC(=O)C(NC(=O)[C@H](CCC(=O)O)NC(=O)/C=C/c1ccc(OC)c(OC)c1)C(C)C,4.12,0.0,1
CHEMBL333,COC(=O)C1(O)CC(O)C(O)C(OC(=O)/C=C/c2ccc(O)c(O)c2)C1,4.19,0.0,1
CHEMBL333,COC(=O)C1(O)CC(OC(=O)/C=C/c2ccc(O)c(O)c2)C(O)C(OC(=O)/C=C/c2ccc(O)c(O)c2)C1,5.41,0.0,1
CHEMBL333,COC(=O)CCNC(=O)CN1C(=O)CC[C@H](NC(=O)c2cc(OC)c(OC)c(OC)c2)C1=O,5.66,0.0,1
CHEMBL333,COC(=O)CN1C(=O)CC[C@H](NC(=O)c2cc(OC)c(OC)c(OC)c2)C1=O,4.97,0.0,1
CHEMBL333,COC(=O)CNC(=O)CN1C(=O)CC[C@H](NC(=O)c2cc(OC)c(OC)c(OC)c2)C1=O,5.36,0.0,1
CHEMBL333,COC(=O)CNC(=O)[C@@H]1C[C@H](NC(=O)c2cc(OC)c(OC)c(OC)c2)CN1C(C)=O,6.96,0.0,1
CHEMBL333,COC(=O)CNC(=O)[C@H](CCC(=O)O)NC(=O)/C=C/c1ccc(OC)c(OC)c1,4.1,0.0,1
CHEMBL333,COC(=O)C[C@H](NC(=O)CN1C(=O)CC[C@H](NC(=O)c2cc(OC)c(OC)c(OC)c2)C1=O)C(=O)OC,6.3,0.0,1
CHEMBL333,COC(=O)N1CC2(CC2)C[C@H](C(=O)NO)[C@H]1C(=O)N1C=CC(c2ccccc2)CC1,7.41,0.0,1
CHEMBL333,COC(=O)N1CC2(CC2)C[C@H](C(=O)NO)[C@H]1C(=O)N1CC=C(c2ccccc2)C1,6.31,0.0,1
CHEMBL333,COC(=O)N1CC2(CC2)C[C@H](C(=O)NO)[C@H]1C(=O)N1CC=C(c2ccccc2)CC1,7.4350000000000005,0.03535533905932694,2
CHEMBL333,COC(=O)N1CC2(CC2)C[C@H](C(=O)NO)[C@H]1C(=O)N1CCC(c2ccccc2)CC1,6.33,0.0,1
CHEMBL333,COC(=O)N1CCC(C(NS(=O)(=O)c2ccc(-c3ccc(OC)cc3)cc2)C(=O)O)CC1,8.55,0.0,1
CHEMBL333,COC(=O)N1C[C@@H](OC(=O)N2CCCC2)C[C@H](C(=O)NO)[C@H]1C(=O)N1CCN(c2ccccc2)CC1,6.21,0.0,1
CHEMBL333,COC(=O)Nc1ccc2oc3cc(S(=O)(=O)N[C@H](C(=O)O)C(C)C)ccc3c2c1,7.22,0.0,1
CHEMBL333,COC(=O)[C@@H](Cc1ccc(O)c(O)c1)OC(=O)/C=C/c1ccc(O)c(O)c1,5.45,0.0,1
CHEMBL333,COC(=O)[C@@H](Cc1ccc(O)c(O)c1)OC(=O)/C=C/c1ccc(O)c2c1[C@H](C(=O)OC)[C@@H](c1ccc(O)c(O)c1)O2,4.93,0.0,1
CHEMBL333,COC(=O)[C@@H](Cc1ccccc1)NC(=O)CN1C(=O)CC[C@H](NC(=O)c2cc(OC)c(OC)c(OC)c2)C1=O,5.85,0.0,1
CHEMBL333,COC(=O)[C@@H](NC(=O)CN1C(=O)CC[C@H](NC(=O)c2cc(OC)c(OC)c(OC)c2)C1=O)C(C)C,6.0,0.0,1
CHEMBL333,COC(=O)[C@@H](NC(=O)CN1C(=O)CC[C@H](NC(=O)c2cc(OC)c(OC)c(OC)c2)C1=O)[C@@H](C)O,5.75,0.0,1
CHEMBL333,COC(=O)[C@@H]1CC(=O)CN1S(=O)(=O)c1ccc(C)cc1,6.4,0.0,1
CHEMBL333,COC(=O)[C@@H]1CC(=O)CN1S(=O)(=O)c1ccccc1,5.7,0.0,1
CHEMBL333,COC(=O)[C@@H]1CC(=O)CN1S(C)(=O)=O,5.02,0.0,1
CHEMBL333,COC(=O)[C@@H]1CC2(CN1S(=O)(=O)c1ccc(C)cc1)OCCCCO2,6.52,0.0,1
CHEMBL333,COC(=O)[C@@H]1CC2(CN1S(=O)(=O)c1ccc(C)cc1)OCCCO2,6.7,0.0,1
CHEMBL333,COC(=O)[C@@H]1CC2(CN1S(=O)(=O)c1ccc(C)cc1)OCCO2,7.0,0.0,1
CHEMBL333,COC(=O)[C@@H]1CC2(CN1S(=O)(=O)c1ccc(C)cc1)SCCS2,6.06,0.0,1
CHEMBL333,COC(=O)[C@@H]1CC2(CN1S(=O)(=O)c1ccc(OC)cc1)SCCS2,5.13,0.0,1
CHEMBL333,COC(=O)[C@@H]1CC2(CN1S(=O)(=O)c1ccc([N+](=O)[O-])cc1)SCCS2,4.11,0.0,1
CHEMBL333,COC(=O)[C@@H]1CC2(CN1S(=O)(=O)c1ccccc1)OCCCCO2,5.82,0.0,1
CHEMBL333,COC(=O)[C@@H]1CC2(CN1S(=O)(=O)c1ccccc1)OCCCO2,5.96,0.0,1
CHEMBL333,COC(=O)[C@@H]1CC2(CN1S(=O)(=O)c1ccccc1)OCCO2,6.7,0.0,1
CHEMBL333,COC(=O)[C@@H]1CC2(CN1S(=O)(=O)c1ccccc1)SCCS2,5.51,0.0,1
CHEMBL333,COC(=O)[C@@H]1CCCN1C(=O)[C@@H](Cc1ccccc1)N(C)C(=O)[C@H](C)NC(=O)[C@@H](NC(=O)C[C@H](O)[C@H](CC(C)C)NC(=O)[C@H](CC(N)=O)NC(=O)[C@H](CC(C)C)NC(=O)[C@H](OC(=O)[C@@H](OC(=O)[C@H](C(C)C)N(C)C)C(C)C)C(C)C)[C@@H](C)O,5.3,0.0,1
CHEMBL333,COC(=O)[C@@H]1C[C@@H](O)CN1C(=O)/C=C/c1ccc(OC)c(OC)c1,5.54,0.0,1
CHEMBL333,COC(=O)[C@@H]1C[C@@H](O)CN1C(C)=O,5.7,0.0,1
CHEMBL333,COC(=O)[C@@H]1C[C@@H](O)CN1S(=O)(=O)c1ccc(C)cc1,7.0,0.0,1
CHEMBL333,COC(=O)[C@@H]1C[C@@H](O)CN1S(=O)(=O)c1ccccc1,6.1,0.0,1
CHEMBL333,COC(=O)[C@@H]1C[C@@H](O)CN1S(C)(=O)=O,5.15,0.0,1
CHEMBL333,COC(=O)[C@@H]1C[C@@H](OC(=O)/C=C/c2ccccc2)CN1S(=O)(=O)c1ccc(C)cc1,7.4,0.0,1
CHEMBL333,COC(=O)[C@@H]1C[C@@H](OC(=O)/C=C/c2ccccc2)CN1S(=O)(=O)c1ccccc1,7.05,0.0,1
CHEMBL333,COC(=O)[C@@H]1C[C@@H](OC(=O)/C=C/c2ccccc2)CN1S(C)(=O)=O,6.3,0.0,1
CHEMBL333,COC(=O)[C@@H]1C[C@@H](OC(=O)c2ccc(Cl)cc2)CN1S(=O)(=O)c1ccc(C)cc1,5.66,0.0,1
CHEMBL333,COC(=O)[C@@H]1C[C@@H](OC(=O)c2ccc(Cl)cc2)CN1S(=O)(=O)c1ccccc1,5.57,0.0,1
CHEMBL333,COC(=O)[C@@H]1C[C@@H](OC(=O)c2ccc(Cl)cc2)CN1S(C)(=O)=O,5.82,0.0,1
CHEMBL333,COC(=O)[C@@H]1C[C@@H](OC(=O)c2ccccc2)CN1S(=O)(=O)c1ccc(C)cc1,5.5,0.0,1
CHEMBL333,COC(=O)[C@@H]1C[C@@H](OC(=O)c2ccccc2)CN1S(=O)(=O)c1ccccc1,5.46,0.0,1
CHEMBL333,COC(=O)[C@@H]1C[C@@H](OC(=O)c2ccccc2)CN1S(C)(=O)=O,5.28,0.0,1
CHEMBL333,COC(=O)[C@@H]1C[C@@H](OS(=O)(=O)c2ccc(C)cc2)CN1C(C)=O,6.52,0.0,1
CHEMBL333,COC(=O)[C@@H]1C[C@@H](OS(=O)(=O)c2ccc(C)cc2)CN1S(=O)(=O)c1ccc(C)cc1,8.15,0.0,1
CHEMBL333,COC(=O)[C@@H]1C[C@@H](OS(=O)(=O)c2ccc(C)cc2)CN1S(=O)(=O)c1ccccc1,7.4,0.0,1
CHEMBL333,COC(=O)[C@@H]1C[C@@H](OS(=O)(=O)c2ccc(C)cc2)CN1S(C)(=O)=O,6.7,0.0,1
CHEMBL333,COC(=O)[C@@H]1C[C@@H](OS(=O)(=O)c2ccccc2)CN1S(=O)(=O)c1ccc(C)cc1,7.3,0.0,1
CHEMBL333,COC(=O)[C@@H]1C[C@@H](OS(=O)(=O)c2ccccc2)CN1S(=O)(=O)c1ccccc1,8.0,0.0,1
CHEMBL333,COC(=O)[C@@H]1C[C@@H](OS(=O)(=O)c2ccccc2)CN1S(C)(=O)=O,6.16,0.0,1
CHEMBL333,COC(=O)[C@@H]1C[C@@H](OS(C)(=O)=O)CN1C(=O)/C=C/c1ccc(OC)c(OC)c1,5.96,0.0,1
CHEMBL333,COC(=O)[C@@H]1C[C@@H](OS(C)(=O)=O)CN1S(=O)(=O)c1ccc(C)cc1,6.7,0.0,1
CHEMBL333,COC(=O)[C@@H]1C[C@@H](OS(C)(=O)=O)CN1S(=O)(=O)c1ccccc1,5.89,0.0,1
CHEMBL333,COC(=O)[C@@H]1C[C@@H](OS(C)(=O)=O)CN1S(C)(=O)=O,5.05,0.0,1
CHEMBL333,COC(=O)[C@@H]1C[C@H](N)CN1C(=O)CCc1ccc(OC)c(OC)c1,5.68,0.0,1
CHEMBL333,COC(=O)[C@@H]1C[C@H](N)CN1C(C)=O,5.82,0.0,1
CHEMBL333,COC(=O)[C@@H]1C[C@H](N=[N+]=[N-])CN1C(=O)/C=C/c1ccc(OC)c(OC)c1,5.47,0.0,1
CHEMBL333,COC(=O)[C@@H]1C[C@H](N=[N+]=[N-])CN1C(C)=O,5.58,0.0,1
CHEMBL333,COC(=O)[C@@H]1C[C@H](NC(=O)/C=C/c2ccc(OC)c(OC)c2)CN1C(C)=O,6.1,0.0,1
CHEMBL333,COC(=O)[C@@H]1C[C@H](NC(=O)/C=C/c2ccccc2)CN1C(=O)CCc1ccc(OC)c(OC)c1,5.8,0.0,1
CHEMBL333,COC(=O)[C@@H]1C[C@H](NC(=O)/C=C/c2ccccc2)CN1C(C)=O,7.0,0.0,1
CHEMBL333,COC(=O)[C@@H]1C[C@H](NC(=O)c2cc(OC)c(OC)c(OC)c2)CN1C(C)=O,7.0,0.0,1
CHEMBL333,COC(=O)[C@@H]1C[C@H](NC(=O)c2ccc(Br)cc2)CN1C(C)=O,5.21,0.0,1
CHEMBL333,COC(=O)[C@@H]1C[C@H](NC(=O)c2ccc(Cl)cc2)CN1C(C)=O,5.38,0.0,1
CHEMBL333,COC(=O)[C@@H]1C[C@H](NC(=O)c2ccc([N+](=O)[O-])cc2)CN1C(C)=O,5.28,0.0,1
CHEMBL333,COC(=O)[C@@H]1C[C@H](NC(=O)c2ccccc2)CN1C(C)=O,5.57,0.0,1
CHEMBL333,COC(=O)[C@@H]1C[C@H](NC(=O)c2cccnc2)CN1C(=O)/C=C/c1ccc(OC)c(OC)c1,5.52,0.0,1
CHEMBL333,COC(=O)[C@@H]1C[C@H](NC(=O)c2cccnc2)CN1C(=O)CCc1ccc(OC)c(OC)c1,5.66,0.0,1
CHEMBL333,COC(=O)[C@@H]1C[C@H](NC(=O)c2cccnc2)CN1C(C)=O,6.0,0.0,1
CHEMBL333,COC(=O)[C@@H]1C[C@H](NC(=O)c2ccncc2)CN1C(C)=O,5.66,0.0,1
CHEMBL333,COC(=O)[C@@H]1C[C@H](NC(=O)c2cnccn2)CN1C(C)=O,5.68,0.0,1
CHEMBL333,COC(=O)[C@H](C)NC(=O)CN1C(=O)CC[C@H](NC(=O)c2cc(OC)c(OC)c(OC)c2)C1=O,5.92,0.0,1
CHEMBL333,COC(=O)[C@H](CC(C)C)NC(=O)CN1C(=O)CC[C@H](NC(=O)c2cc(OC)c(OC)c(OC)c2)C1=O,5.42,0.0,1
CHEMBL333,COC(=O)[C@H](CCCCNC(=O)c1ccccc1)NC(=O)CN1C(=O)CC[C@H](NC(=O)c2cc(OC)c(OC)c(OC)c2)C1=O,6.22,0.0,1
CHEMBL333,COC(=O)[C@H](CCCNC(=N)N[N+](=O)[O-])NC(=O)CN1C(=O)CC[C@H](NC(=O)c2cc(OC)c(OC)c(OC)c2)C1=O,6.52,0.0,1
CHEMBL333,COC(=O)[C@H](CCSC)NC(=O)CN1C(=O)CC[C@H](NC(=O)c2cc(OC)c(OC)c(OC)c2)C1=O,5.92,0.0,1
CHEMBL333,COC(=O)[C@H](CS)NC(=O)CN1C(=O)CC[C@H](NC(=O)c2cc(OC)c(OC)c(OC)c2)C1=O,5.77,0.0,1
CHEMBL333,COC(=O)[C@H](Cc1c[nH]c2ccccc12)NC(=O)CN1C(=O)CC[C@H](NC(=O)c2cc(OC)c(OC)c(OC)c2)C1=O,5.92,0.0,1
CHEMBL333,COC(=O)[C@H](Cc1ccc(O)cc1)NC(=O)CN1C(=O)CC[C@H](NC(=O)c2cc(OC)c(OC)c(OC)c2)C1=O,6.52,0.0,1
CHEMBL333,COC(=O)[C@H](Cc1ccc(OCCc2ccccc2)cc1)NC(=O)c1ccc(C)cc1,4.07,0.0,1
CHEMBL333,COC(=O)[C@H](Cc1ccc(OCCc2ccccc2)cc1)NC(=O)c1ccccc1,4.13,0.0,1
CHEMBL333,COC(=O)[C@H](Cc1ccc(OCCc2ccccc2)cc1)NC(C)=O,4.9,0.0,1
CHEMBL333,COC(=O)[C@H](Cc1ccc(OCCc2ccccc2)cc1)NS(=O)(=O)c1ccc(C)cc1,5.2,0.0,1
CHEMBL333,COC(=O)[C@H](Cc1ccc(OCCc2ccccc2)cc1)NS(C)(=O)=O,5.62,0.0,1
CHEMBL333,COC(=O)[C@H](Cc1ccc(OCc2ccccc2)cc1)NC(=O)c1ccc(C)cc1,4.08,0.0,1
CHEMBL333,COC(=O)[C@H](Cc1ccc(OCc2ccccc2)cc1)NC(=O)c1ccccc1,4.17,0.0,1
CHEMBL333,COC(=O)[C@H](Cc1ccc(OCc2ccccc2)cc1)NC(C)=O,4.56,0.0,1
CHEMBL333,COC(=O)[C@H](Cc1ccc(OCc2ccccc2)cc1)NS(=O)(=O)c1ccc(C)cc1,4.97,0.0,1
CHEMBL333,COC(=O)[C@H](Cc1ccc(OCc2ccccc2)cc1)NS(C)(=O)=O,4.75,0.0,1
CHEMBL333,COC(=O)[C@H](Cc1ccccc1)NC(=O)CN1C(=O)CC[C@H](NC(=O)c2cc(OC)c(OC)c(OC)c2)C1=O,5.89,0.0,1
CHEMBL333,COC(=O)[C@H](Cc1cnc[nH]1)NC(=O)CN1C(=O)CC[C@H](NC(=O)c2cc(OC)c(OC)c(OC)c2)C1=O,4.89,0.0,1
CHEMBL333,COC(=O)[C@](C)(Cl)NC(=O)CN1C(=O)CC[C@H](NC(=O)c2cc(OC)c(OC)c(OC)c2)C1=O,4.81,0.0,1
CHEMBL333,COC(=O)c1ccc(CCC(CS(=O)(=O)c2ccc(Oc3ccc(OC(F)(F)F)cc3)cc2)N(O)C=O)cc1,7.47,0.0,1
CHEMBL333,COC(=O)c1cnc(CCc2ccccc2)[nH]1,4.18,0.0,1
CHEMBL333,COC(NC(=O)C(NC(=O)C(CCCc1ccc(-c2ccccc2)c(C)c1)CC(=O)NO)C(C)(C)C)c1ccccc1,6.12,0.0,1
CHEMBL333,COC(NC(=O)C(NC(=O)C(CCCc1ccc(-c2ccccc2)c(C)c1)CC(=O)O)C(C)(C)C)c1ccccc1,4.47,0.0,1
CHEMBL333,COC1C(C)OC(O[C@@H]2c3c(cc4c(c3O)C(=O)c3c(O)cccc3C4=O)C(=O)[C@@](C)(O)[C@H]2OC)C(OC)C1OC,6.17,0.0,1
CHEMBL333,COC1C(O[C@@H]2c3c(cc4c(c3O)C(=O)c3c(O)cccc3C4=O)C(/N=N/S(=O)(=O)c3ccc(C)cc3)[C@@](C)(O)[C@H]2OC)OC(C)C(O)C1O,6.38,0.0,1
CHEMBL333,COC1C(O[C@@H]2c3c(cc4c(c3O)C(=O)c3c(O)cccc3C4=O)C(=O)[C@@](C)(O)[C@H]2OC)OC(C)C(O)C1O,6.43,0.0,1
CHEMBL333,COC1C(O[C@@H]2c3c(cc4c(c3O)C(=O)c3c(O)cccc3C4=O)C(=O)[C@@](C)(O)[C@H]2OC)OC(C)C(O)C1O[Si](C)(C)C(C)(C)C,4.77,0.0,1
CHEMBL333,COC1C(O[C@@H]2c3c(cc4c(c3O)C(=O)c3c(O)cccc3C4=O)C(=O)[C@](C)(O)[C@H]2OC)OC(C)C(O)C1O,5.52,0.0,1
CHEMBL333,COC1C(O[C@@H]2c3c(cc4c(c3O)C(=O)c3c(ccc(N(C)C)c3O)C4=O)C(=O)[C@@](C)(O)[C@H]2OC)OC(C)C(O)C1O,5.7,0.0,1
CHEMBL333,COCC#CCC(NS(=O)(=O)c1ccc(-c2ccc(Br)cc2)cc1)C(=O)O,7.77,0.0,1
CHEMBL333,COCC#CCC(NS(=O)(=O)c1ccc(-c2ccc(OC)cc2)cc1)C(=O)O,7.7,0.0,1
CHEMBL333,COCC#CCC(NS(=O)(=O)c1ccc(NC(=O)N2CCCC2)cc1)C(=O)O,6.25,0.0,1
CHEMBL333,COCC#CCC(NS(=O)(=O)c1ccc(NC(=O)N2CCOCC2)cc1)C(=O)O,5.56,0.0,1
CHEMBL333,COCC#CCC(NS(=O)(=O)c1ccc(NC(=O)c2ccc(Br)cc2)cc1)C(=O)O,8.22,0.0,1
CHEMBL333,COCC#CCC(NS(=O)(=O)c1ccc(NC(=O)c2ccc(OC)cc2)cc1)C(=O)O,8.1,0.0,1
CHEMBL333,COCC(CC1(C)NC(=O)NC1=O)C(=O)N1CCN(c2cc(F)cc(Cl)c2)[C@@H](C)C1,5.96,0.0,1
CHEMBL333,COCC(CC1(C)NC(=O)NC1=O)C(=O)N1CCN(c2ccc(F)c(Cl)c2)[C@@H](C)C1,5.86,0.0,1
CHEMBL333,COCC(CS(=O)(=O)c1ccc(Oc2ccc(OC(F)(F)F)cc2)cc1)N(O)C=O,8.62,0.0,1
CHEMBL333,COCC(NC(=O)C(NC(=O)C(CCCc1ccccc1)CC(=O)NO)C(C)(C)C)c1ccccc1,7.205,0.8697413408594538,2
CHEMBL333,COCC(NC(=O)C(NC(=O)C(CCCc1ccccc1)CC(=O)O)C(C)(C)C)c1ccccc1,5.335,0.1767766952966369,2
CHEMBL333,COCC1(CC(C)C(=O)N2CCN(c3cc(F)c(Cl)c(F)c3)CC2)NC(=O)NC1=O,8.7,0.0,1
CHEMBL333,COCC1(CC(C)C(=O)N2CCN(c3cc(F)c(Cl)c(F)c3)[C@@H](C)C2)NC(=O)NC1=O,7.28,0.0,1
CHEMBL333,COCC1(CC(C)C(=O)N2CCN(c3cc(F)cc(Cl)c3)[C@@H](C)C2)NC(=O)NC1=O,6.3,0.0,1
CHEMBL333,COCC1(CC(C)C(=O)N2CCN(c3cc(F)ccc3C)CC2)NC(=O)NC1=O,5.71,0.0,1
CHEMBL333,COCC1(CC(C)C(=O)N2CCN(c3ccc(Cl)c(C(F)(F)F)c3)[C@@H](C)C2)NC(=O)NC1=O,5.99,0.0,1
CHEMBL333,COCC1(CC(C)C(=O)N2CCN(c3ccc(F)c(Cl)c3)[C@@H](C)C2)NC(=O)NC1=O,6.24,0.0,1
CHEMBL333,COCC1(CC(C)C(=O)N2CCN(c3ccc(F)c(F)c3)CC2)NC(=O)NC1=O,7.42,0.0,1
CHEMBL333,COCC1(CC(C)C(=O)N2CCN(c3cccc(Cl)c3)[C@@H](C)C2)NC(=O)NC1=O,6.17,0.0,1
CHEMBL333,COCC1(CC(C)C(=O)N2CCN(c3cccc(F)c3)[C@@H](C)C2)NC(=O)NC1=O,6.1,0.0,1
CHEMBL333,COCC1(CC(C)C(=O)N2C[C@@H](C)N(c3cc(Cl)cc(Cl)c3)[C@@H](C)C2)NC(=O)NC1=O,6.13,0.0,1
CHEMBL333,COCC1(CCC(=O)N2CCN(c3cc(Cl)cc(Cl)c3)CC2)NC(=O)NC1=O,6.15,0.0,1
CHEMBL333,COCCCc1cccc2oc(C(=O)Nc3ccc(-c4ccc(S(=O)(=O)N[C@H](C(=O)O)C(C)C)cc4)cc3)c(C)c12,5.4,0.0,1
CHEMBL333,COCCN1CCC(C(=O)NO)(S(=O)(=O)c2ccc(N3CCC(C(=O)N4CC(C)NC(C)C4)CC3)cc2)CC1,5.77,0.0,1
CHEMBL333,COCCN1CCC(C(=O)NO)(S(=O)(=O)c2ccc(N3CCC(C(=O)N4CCN(c5cccc(C)c5C)CC4)CC3)cc2)CC1,6.4,0.0,1
CHEMBL333,COCCN1CCC(C(=O)NO)(S(=O)(=O)c2ccc(N3CCC(C(=O)Nc4ccccc4)CC3)cc2)CC1,6.4,0.0,1
CHEMBL333,COCCN1CCC(C(=O)NO)(S(=O)(=O)c2ccc(Oc3ccc(C(C)C)cc3)cc2)CC1,10.0,0.0,1
CHEMBL333,COCCN1CCC(C(=O)NO)(S(=O)(=O)c2ccc(Oc3ccc(OC(C)C)cc3)cc2)CC1,9.52,0.0,1
CHEMBL333,COCCN1CCC(C(=O)NO)(S(=O)(=O)c2ccc(Oc3ccc(SC(F)(F)F)cc3)cc2)CC1,9.7,0.0,1
CHEMBL333,COCCN1CCC(C(=O)NO)(S(=O)(=O)c2ccc(Oc3ccc4c(c3)OCO4)cc2)CC1,9.6,0.0,1
CHEMBL333,COCCN1CCN(C(=O)C2CCN(c3ccc(S(=O)(=O)C4(C(=O)NO)CCOCC4)cc3)CC2)CC1,5.16,0.0,1
CHEMBL333,COCCN1CN(S(=O)(=O)c2ccc(OC)cc2)C(C(=O)NO)CC1=O,8.47,0.0,1
CHEMBL333,COCCN1CN(S(=O)(=O)c2ccc(OC)cc2)[C@@H](C(=O)NO)CC1=O,8.47,0.0,1
CHEMBL333,COCCOC(=O)N(C)C1CCC([C@@H](NS(=O)(=O)c2ccc(-c3ccc(OC)cc3)cc2)C(=O)O)CC1,7.85,0.0,1
CHEMBL333,COCCOC(=O)N(C)C1CCCC(C(NS(=O)(=O)c2ccc(-c3ccc(OC)cc3)cc2)C(=O)O)C1,8.1,0.0,1
CHEMBL333,COCCOC(=O)N(Cc1ccccc1)C1CCCC(C(NS(=O)(=O)c2ccc(-c3ccc(OC)cc3)cc2)C(=O)O)C1,8.22,0.0,1
CHEMBL333,COCCOC(=O)N1CCC(C(C(=O)O)N(C)S(=O)(=O)c2ccc(-c3ccc(OC)cc3)cc2)CC1,9.05,0.0,1
CHEMBL333,COCCOC(=O)N1CCC(C(C(=O)O)N(CCOC)S(=O)(=O)c2ccc(-c3ccc(OC)cc3)cc2)CC1,9.22,0.0,1
CHEMBL333,COCCOC(=O)N1CCC(C(C(=O)O)N(Cc2ccccn2)S(=O)(=O)c2ccc(-c3ccc(OC)cc3)cc2)CC1,9.0,0.0,1
CHEMBL333,COCCOC(=O)N1CCC(C(NS(=O)(=O)c2ccc(-c3ccc(OC)cc3)cc2)C(=O)O)CC1,9.1,0.0,1
CHEMBL333,COCCOC(=O)N1CCC(C(NS(=O)(=O)c2ccc(-c3ccc(SC)cc3)cc2)C(=O)O)CC1,9.4,0.0,1
CHEMBL333,COCCOC(=O)N1CCC(C(NS(=O)(=O)c2ccc(-c3ccccc3)cc2)C(=O)O)CC1,7.62,0.0,1
CHEMBL333,COCCOC(=O)N1CCC(C(NS(=O)(=O)c2ccc(Oc3ccccc3)cc2)C(=O)O)CC1,7.24,0.0,1
CHEMBL333,COCCOC(=O)NC1CCC([C@@H](NS(=O)(=O)c2ccc(-c3ccc(OC)cc3)cc2)C(=O)O)CC1,8.3,0.0,1
CHEMBL333,COCCOCOCC#CCC(NS(=O)(=O)c1ccc(-c2ccc(OC)cc2)cc1)C(=O)O,7.48,0.0,1
CHEMBL333,COCCOc1cc(CCC[C@H]2C(=O)N[C@H](C(=O)c3ccccc3)Cc3ccc(cc3)OCCCC[C@@H]2C(=O)NO)cc(OC)c1,5.4,0.0,1
CHEMBL333,COCCOc1cc(CCC[C@H]2C(=O)N[C@H](C(=O)c3ccccc3)Cc3ccc(cc3)OCCCC[C@@H]2C(=O)NO)ccc1OC,5.4,0.0,1
CHEMBL333,COCCOc1ccc(-c2ccc(OCC(CN3C(=O)NC(C)(C)C3=O)N(O)C=O)cc2)cc1,8.4,0.0,1
CHEMBL333,COCCOc1ccc(-c2ccc(S(=O)(=O)NC(CC#Cc3ccccc3)C(=O)O)cc2)cc1,7.58,0.0,1
CHEMBL333,COCCOc1ccc(S(=O)(=O)N2C/C(=N\OC)C[C@@H]2C(=O)NO)cc1,9.3,0.0,1
CHEMBL333,COCCOc1ccc(S(=O)(=O)N2CC(NOC)C[C@@H]2C(=O)NO)cc1,7.96,0.0,1
CHEMBL333,COCCOc1ccc(S(=O)(=O)N2CCCSC(C)(C)[C@@H]2C(=O)NO)cc1,7.94,0.0,1
CHEMBL333,COCCOc1ccc(S(=O)(=O)N2C[C@@H](N3C(=O)CN(C)C3=O)C[C@@H]2C(=O)NO)cc1,9.0,0.0,1
CHEMBL333,COCCOc1cccc(-c2ccc(C3CCN(S(=O)(=O)C(C)(C)C(=O)NO)CC3)cc2C)c1,6.07,0.0,1
CHEMBL333,COCCc1cc(COc2ccc([C@]3(N)CCN([C@H](CC(C)C)C(=O)NO)C3=O)cc2)c2ccccc2n1,5.96,0.0,1
CHEMBL333,COCOC1CSC(C)(C)[C@H](C(=O)NO)N(S(=O)(=O)c2ccc(OC)cc2)C1,8.74,0.0,1
CHEMBL333,COC[C@@H](NC(=O)[C@@H](NC(=O)[C@H](CCCc1ccc(-c2ccccc2)c(C)c1)CC(=O)NO)C(C)(C)C)c1ccccc1,6.12,0.0,1
CHEMBL333,COC[C@@H](NC(=O)[C@@H](NC(=O)[C@H](CCCc1ccc(-c2ccccc2)c(C)c1)CC(=O)O)C(C)(C)C)c1ccccc1,4.47,0.0,1
CHEMBL333,COC[C@@H](NC(=O)[C@@H](NC(=O)[C@H](CCCc1ccccc1)CC(=O)NO)C(C)(C)C)c1ccccc1,6.96,0.0,1
CHEMBL333,COC[C@@H](NC(=O)[C@@H](NC(=O)[C@H](CCCc1ccccc1)CC(=O)O)C(C)(C)C)c1ccccc1,5.46,0.0,1
CHEMBL333,COC[C@H](NC(=O)[C@@H](NC(=O)[C@H](CCCc1ccccc1)CC(=O)NO)C(C)(C)C)c1ccccc1,7.82,0.0,1
CHEMBL333,COC[C@H](NC(=O)[C@@H](NC(=O)[C@H](CCCc1ccccc1)CC(=O)O)C(C)(C)C)c1ccccc1,5.21,0.0,1
CHEMBL333,COC[C@]1(CC(C)C(=O)N2CCN(c3cc(F)cc(-c4cn[nH]c4)c3)[C@@H](C)C2)NC(=O)NC1=O,6.15,0.0,1
CHEMBL333,COC[C@]1(C[C@H](C)C(=O)N2CCN(c3ccc(F)c(Cl)c3)[C@@H](C)C2)NC(=O)NC1=O,6.51,0.24041630560342606,2
CHEMBL333,COCc1cc(COc2ccc([C@]3(N)CCN([C@H](CC(C)C)C(=O)NO)C3=O)cc2)c2ccccc2n1,5.93,0.0,1
CHEMBL333,COCc1cccc(-c2ccc(C3=CCN(S(=O)(=O)CC(=O)NO)CC3)cc2C)c1,6.71,0.0,1
CHEMBL333,CONC1C[C@H](C(=O)NO)N(S(=O)(=O)c2ccc(OC)cc2)C1,8.3,0.0,1
CHEMBL333,CO[C@@H](CN(c1ccc(Oc2ccc(C)cc2)cc1)S(C)(=O)=O)C(=O)NO,7.44,0.0,1
CHEMBL333,CO[C@@H](NC(=O)[C@@H](NC(=O)[C@H](CCCc1ccc(-c2ccccc2)c(C)c1)CC(=O)NO)C(C)(C)C)c1ccccc1,6.12,0.0,1
CHEMBL333,CO[C@@H](NC(=O)[C@@H](NC(=O)[C@H](CCCc1ccc(-c2ccccc2)c(C)c1)CC(=O)O)C(C)(C)C)c1ccccc1,4.47,0.0,1
CHEMBL333,CO[C@H](C#Cc1ccccc1)C(NS(=O)(=O)c1ccc(-c2ccc(SC)cc2)cc1)C(=O)O,8.1,0.0,1
CHEMBL333,CO[C@H](C(=O)NO)[C@@H](CC(C)C)C(=O)N[C@H](C(=O)Nc1ccccn1)C(C)(C)C,7.1,0.0,1
CHEMBL333,CO[C@H](CN(c1ccc(Oc2ccc(C)cc2)cc1)S(C)(=O)=O)C(=O)NO,6.99,0.0,1
CHEMBL333,CO[C@H]1[C@H](O)c2c(cc3c(c2O)C(=O)c2c(O)cccc2C3=O)C(=O)[C@@]1(C)O,4.72,0.0,1
CHEMBL333,COc1c(Br)ccc2oc(C(=O)Nc3ccc(-c4ccc(S(=O)(=O)N[C@@H](C(=O)O)C(C)C)cc4)cc3)c(C)c12,6.16,0.0,1
CHEMBL333,COc1c(Br)ccc2oc(C(=O)Nc3ccc(-c4ccc(S(=O)(=O)N[C@H](C(=O)O)C(C)C)cc4)cc3)c(C)c12,5.77,0.0,1
CHEMBL333,COc1c(Br)ccc2oc(C(=O)Nc3ccc(-c4ccc(S(=O)(=O)N[C@H](C(=O)O)C(C)C)cc4)cc3)cc12,8.15,0.0,1
CHEMBL333,COc1c(Br)ccc2oc(COc3ccc(-c4ccc(S(=O)(=O)N[C@@H](C(=O)O)C(C)C)cc4)cc3)c(C)c12,6.87,0.0,1
CHEMBL333,COc1c(C#N)ccc2oc(C(=O)Nc3ccc(-c4ccc(S(=O)(=O)N[C@H](C(=O)O)C(C)C)cc4)cc3)c(C)c12,6.28,0.0,1
CHEMBL333,COc1c(C)ccc2oc(C(=O)Nc3ccc(-c4ccc(S(=O)(=O)N[C@H](C(=O)O)C(C)C)cc4)cc3)c(C)c12,5.79,0.0,1
CHEMBL333,COc1c(CO)ccc2oc(C(=O)Nc3ccc(-c4ccc(S(=O)(=O)N[C@H](C(=O)O)C(C)C)cc4)cc3)c(C)c12,5.85,0.0,1
CHEMBL333,COc1c(Cl)ccc2oc(C(=O)Nc3ccc(-c4ccc(S(=O)(=O)N[C@H](C(=O)O)C(C)C)cc4)cc3)c(C)c12,5.83,0.0,1
CHEMBL333,COc1c(I)ccc2oc(C(=O)Nc3ccc(-c4ccc(S(=O)(=O)N[C@H](C(=O)O)C(C)C)cc4)cc3)c(C)c12,5.86,0.0,1
CHEMBL333,COc1cc(/C=C/C(=O)C(C(=O)/C=C/c2ccc(O)c(CO)c2)C(=O)CO)ccc1O,4.32,0.0,1
CHEMBL333,COc1cc(/C=C/C(=O)C(C(=O)/C=C/c2ccc(O)c(OC)c2)C(=O)Nc2ccccc2)ccc1O,4.07,0.0,1
CHEMBL333,COc1cc(/C=C/C(=O)CC(=O)/C=C/c2ccc(O)c(CO)c2)ccc1O,4.07,0.0,1
CHEMBL333,COc1cc(C(=O)N[C@@H](CCCNC(=N)N[N+](=O)[O-])C(=O)NO)cc(OC)c1OC,4.39,0.0,1
CHEMBL333,COc1cc(C(=O)N[C@H](CCC(=O)O)C(=O)NCc2ccc(Br)cc2F)cc(OC)c1OC,4.12,0.0,1
CHEMBL333,COc1cc(C(=O)N[C@H](CCC(=O)O)C(=O)NCc2ccc(Cl)cc2F)cc(OC)c1OC,4.28,0.0,1
CHEMBL333,COc1cc(C(=O)N[C@H](CCC(=O)O)C(=O)NCc2cccc(I)c2)cc(OC)c1OC,4.12,0.0,1
CHEMBL333,COc1cc(C(=O)N[C@H](CCC(=O)O)C(=O)Nc2ccc(Br)cc2)cc(OC)c1OC,4.26,0.0,1
CHEMBL333,COc1cc(C(=O)N[C@H](CCC(=O)O)C(=O)Nc2ccc(C(=O)O)c(O)c2)cc(OC)c1OC,4.06,0.0,1
CHEMBL333,COc1cc(C(=O)N[C@H](CCC(=O)O)C(=O)Nc2ccc(C(=O)O)cc2)cc(OC)c1OC,4.15,0.0,1
CHEMBL333,COc1cc(C(=O)N[C@H](CCC(=O)O)C(=O)Nc2ccc(Cl)cc2)cc(OC)c1OC,4.28,0.0,1
CHEMBL333,COc1cc(C(=O)N[C@H](CCC(=O)O)C(=O)Nc2ccc(F)cc2)cc(OC)c1OC,4.58,0.0,1
CHEMBL333,COc1cc(C(=O)N[C@H](CCC(=O)O)C(=O)Nc2ccc(N)cc2)cc(OC)c1OC,4.47,0.0,1
CHEMBL333,COc1cc(C(=O)N[C@H](CCC(=O)O)C(=O)Nc2ccc(S(=O)(=O)Nc3nccs3)cc2)cc(OC)c1OC,4.26,0.0,1
CHEMBL333,COc1cc(C(=O)N[C@H]2CCC(=O)N(CC(=O)NO)C2=O)cc(OC)c1OC,5.66,0.0,1
CHEMBL333,COc1cc(C(=O)N[C@H]2CCC(=O)N(CC(=O)O)C2=O)cc(OC)c1OC,5.4,0.0,1
CHEMBL333,COc1cc(C(=O)N[C@H]2C[C@@H](C(=O)NO)N(C(C)=O)C2)cc(OC)c1OC,9.0,0.0,1
CHEMBL333,COc1cc(C(=O)N[C@H]2C[C@@H](C(=O)O)N(C(C)=O)C2)cc(OC)c1OC,7.8,0.0,1
CHEMBL333,COc1cc(CCCC(CC(=O)NO)C(=O)NC(C(=O)NC(C)c2ccccc2)C(C)(C)C)ccc1-c1ccccc1,5.77,0.0,1
CHEMBL333,COc1cc(CCC[C@H](CC(=O)NO)C(=O)N[C@H](C(=O)N[C@H](C)c2ccccc2)C(C)(C)C)ccc1-c1ccccc1,5.77,0.0,1
CHEMBL333,COc1cc(CCC[C@H]2C(=O)N[C@H](C(=O)c3ccccc3)Cc3ccc(cc3)OCCCC[C@@H]2C(=O)NO)cc(OC)c1,6.0,0.0,1
CHEMBL333,COc1cc(CCC[C@H]2C(=O)N[C@H](C(=O)c3ccccc3)Cc3ccc(cc3)OCCCC[C@@H]2C(=O)NO)cc(OC)c1OC,5.47,0.0,1
CHEMBL333,COc1cc(CNC(=O)c2ccc(Oc3ccc(C#C[C@]4(O)CN5CCC4CC5)cc3)cc2)cc(OC)c1,5.1,0.0,1
CHEMBL333,COc1cc(Oc2ccc(S(=O)(=O)CC(C)C(=O)NO)cc2)cc(OC)c1OC,6.37,0.0,1
CHEMBL333,COc1cc(Oc2ccc(S(=O)(=O)N3CCSC(C)(C)[C@@H]3C(=O)NO)cc2)cc(OC)c1OC,7.68,0.0,1
CHEMBL333,COc1cc(Oc2ccc(SCC(C)C(=O)NO)cc2)cc(OC)c1OC,5.47,0.0,1
CHEMBL333,COc1cc2c(cc1O)CCN(S(=O)(=O)c1ccccc1)C2C(=O)NO,7.57,0.0,1
CHEMBL333,COc1cc2c(cc1OC)CN(C(=O)C1CCN(c3ccc(S(=O)(=O)C4(C(=O)NO)CCOCC4)cc3)CC1)CC2,5.62,0.0,1
CHEMBL333,COc1ccc(-c2cc(Br)cc(COc3ccc(S(=O)(=O)NCC(=O)NO)cc3)c2)cc1,5.42,0.0,1
CHEMBL333,COc1ccc(-c2ccc(C(=O)CC3(O)C(=O)NC(=O)NC3=O)cc2)cc1,6.92,0.0,1
CHEMBL333,COc1ccc(-c2ccc(OCC(CN3C(=O)N(C)C(C)(C)C3=O)N(O)C=O)cc2)cc1,8.4,0.0,1
CHEMBL333,COc1ccc(-c2ccc(S(=O)(=O)C(CCN3C(=O)c4ccccc4C3=O)C(=O)O)cc2)cc1,9.08,0.0,1
CHEMBL333,COc1ccc(-c2ccc(S(=O)(=O)Cn3cccc(O)c3=O)s2)cc1,6.74,0.0,1
CHEMBL333,COc1ccc(-c2ccc(S(=O)(=O)N(CC(=O)NO)OC(C)C)cc2)cc1,8.38,0.0,1
CHEMBL333,COc1ccc(-c2ccc(S(=O)(=O)N(CC(=O)NO)OC(C)C)s2)cc1,7.77,0.0,1
CHEMBL333,COc1ccc(-c2ccc(S(=O)(=O)N(CCNC(=O)CCCNC(=O)c3cccc(C(=O)NCCCC(=O)NCCN([C@H](CCN4C(=O)c5ccccc5C4=O)C(=O)NO)S(=O)(=O)c4ccc(-c5ccc(OC)cc5)cc4)c3)[C@H](CCN3C(=O)c4ccccc4C3=O)C(=O)NO)cc2)cc1,8.39,0.0,1
CHEMBL333,COc1ccc(-c2ccc(S(=O)(=O)N(CCNC(=O)c3cccc(C(=O)NCCN([C@H](CCN4C(=O)c5ccccc5C4=O)C(=O)NO)S(=O)(=O)c4ccc(-c5ccc(OC)cc5)cc4)c3)[C@H](CCN3C(=O)c4ccccc4C3=O)C(=O)NO)cc2)cc1,7.89,0.0,1
CHEMBL333,COc1ccc(-c2ccc(S(=O)(=O)N(OC(C)C)[C@H](CCC3C(=O)c4ccccc4C3=O)C(=O)NO)cc2)cc1,9.17,0.0,1
CHEMBL333,COc1ccc(-c2ccc(S(=O)(=O)N(OC(C)C)[C@H](CCN3C(=O)c4ccccc4C3=O)C(=O)NO)cc2)cc1,9.17,0.0,1
CHEMBL333,COc1ccc(-c2ccc(S(=O)(=O)N(OC(C)C)[C@H](CCNC(=O)Cc3ccccc3)C(=O)NO)cc2)cc1,9.43,0.0,1
CHEMBL333,COc1ccc(-c2ccc(S(=O)(=O)N(OC(C)C)[C@H](CCNC(C)=O)C(=O)NO)cc2)cc1,9.89,0.0,1
CHEMBL333,COc1ccc(-c2ccc(S(=O)(=O)NC(C(=O)O)C3CCC/C(=N/OC(C)(C)C)C3)cc2)cc1,8.52,0.0,1
CHEMBL333,COc1ccc(-c2ccc(S(=O)(=O)NC(C(=O)O)C3CCCC(N(C)S(C)(=O)=O)C3)cc2)cc1,7.77,0.0,1
CHEMBL333,COc1ccc(-c2ccc(S(=O)(=O)NC(C(=O)O)C3CCCC(N(Cc4ccccc4)C(C)=O)C3)cc2)cc1,7.92,0.0,1
CHEMBL333,COc1ccc(-c2ccc(S(=O)(=O)NC(C(=O)O)C3CCCC(N4CCOC4=O)C3)cc2)cc1,8.0,0.0,1
CHEMBL333,COc1ccc(-c2ccc(S(=O)(=O)NC(C(=O)O)C3CCCC(NCc4ccccc4)C3)cc2)cc1,7.82,0.0,1
CHEMBL333,COc1ccc(-c2ccc(S(=O)(=O)NC(C(=O)O)C3CCCC(Nc4ccccc4)C3)cc2)cc1,8.3,0.0,1
CHEMBL333,COc1ccc(-c2ccc(S(=O)(=O)NC(C(=O)O)C3CCCC(O)C3)cc2)cc1,7.89,0.0,1
CHEMBL333,COc1ccc(-c2ccc(S(=O)(=O)NC(C(=O)O)C3CCCC4(C3)OCCO4)cc2)cc1,8.05,0.0,1
CHEMBL333,COc1ccc(-c2ccc(S(=O)(=O)NC(C(=O)O)C3CCN(C(=O)CC(C)C)CC3)cc2)cc1,8.49,0.0,1
CHEMBL333,COc1ccc(-c2ccc(S(=O)(=O)NC(C(=O)O)C3CCN(C(=O)N4CCOCC4)CC3)cc2)cc1,8.96,0.0,1
CHEMBL333,COc1ccc(-c2ccc(S(=O)(=O)NC(C(=O)O)C3CCN(C(=O)OC(C)(C)C)CC3)cc2)cc1,9.3,0.0,1
CHEMBL333,COc1ccc(-c2ccc(S(=O)(=O)NC(C(=O)O)C3CCNCC3)cc2)cc1,7.28,0.0,1
CHEMBL333,COc1ccc(-c2ccc(S(=O)(=O)NC(C(=O)O)[C@@H](C#Cc3ccccc3)OC)cc2)cc1,7.51,0.0,1
CHEMBL333,COc1ccc(-c2ccc(S(=O)(=O)NC(C(=O)O)[C@@H](C#Cc3ccccc3)OCc3ccccc3)cc2)cc1,8.1,0.0,1
CHEMBL333,COc1ccc(-c2ccc(S(=O)(=O)NC(C(C)C)P(=O)(O)O)cc2)cc1,8.03,0.0,1
CHEMBL333,COc1ccc(-c2ccc(S(=O)(=O)NC(CC#CCN3CCCC3)C(=O)O)cc2)cc1,7.0,0.0,1
CHEMBL333,COc1ccc(-c2ccc(S(=O)(=O)NC(CC#CCN3CCN(C(=O)OC(C)(C)C)CC3)C(=O)O)cc2)cc1,6.18,0.0,1
CHEMBL333,COc1ccc(-c2ccc(S(=O)(=O)NC(CC#CCN3CCN(S(C)(=O)=O)CC3)C(=O)O)cc2)cc1,5.94,0.0,1
CHEMBL333,COc1ccc(-c2ccc(S(=O)(=O)NC(CC#CCN3CCN(c4ccccc4)CC3)C(=O)O)cc2)cc1,6.26,0.0,1
CHEMBL333,COc1ccc(-c2ccc(S(=O)(=O)NC(CC#CCN3CCOCC3)C(=O)O)cc2)cc1,6.98,0.0,1
CHEMBL333,COc1ccc(-c2ccc(S(=O)(=O)NC(CC#CCc3ccccc3)C(=O)O)cc2)cc1,7.48,0.0,1
CHEMBL333,COc1ccc(-c2ccc(S(=O)(=O)NC(CC#Cc3ccc(N4CCOCC4)cc3)C(=O)O)cc2)cc1,6.8,0.0,1
CHEMBL333,COc1ccc(-c2ccc(S(=O)(=O)NC(CC#Cc3cccc(N4CCOCC4)c3)C(=O)O)cc2)cc1,7.8,0.0,1
CHEMBL333,COc1ccc(-c2ccc(S(=O)(=O)NC(CC#Cc3ccccc3)C(=O)O)cc2)cc1,7.91,0.014142135623730649,2
CHEMBL333,COc1ccc(-c2ccc(S(=O)(=O)NC(CC#Cc3ccccc3)C(=O)O)s2)cc1,7.7,0.0,1
CHEMBL333,COc1ccc(-c2ccc(S(=O)(=O)NC(P(=O)(O)O)P(=O)(O)O)cc2)cc1,6.96,0.0,1
CHEMBL333,COc1ccc(-c2ccc(S(=O)(=O)N[C@@H](C(=O)O)C(C)C)s2)cc1,7.18,0.0,1
CHEMBL333,COc1ccc(-c2ccc(S(=O)(=O)N[C@@H](C(=O)O)C3C=C[C@@H](O)CC3)cc2)cc1,7.7,0.0,1
CHEMBL333,COc1ccc(-c2ccc(S(=O)(=O)N[C@@H](C(=O)O)C3CCC(=O)CC3)cc2)cc1,7.33,0.0,1
CHEMBL333,COc1ccc(-c2ccc(S(=O)(=O)N[C@@H](C(=O)O)C3CCC(N(Cc4ccccc4)C(C)=O)CC3)cc2)cc1,9.22,0.0,1
CHEMBL333,COc1ccc(-c2ccc(S(=O)(=O)N[C@@H](C(=O)O)C3CCC(N4C(=O)CNC4=O)CC3)cc2)cc1,7.39,0.0,1
CHEMBL333,COc1ccc(-c2ccc(S(=O)(=O)N[C@@H](C(=O)O)C3CCC(N4CCNC4=O)CC3)cc2)cc1,9.0,0.0,1
CHEMBL333,COc1ccc(-c2ccc(S(=O)(=O)N[C@@H](C(=O)O)C3CCC(NCc4ccccc4)CC3)cc2)cc1,8.15,0.0,1
CHEMBL333,COc1ccc(-c2ccc(S(=O)(=O)N[C@@H](C(=O)O)C3CCC(Nc4ccccc4)CC3)cc2)cc1,7.92,0.0,1
CHEMBL333,COc1ccc(-c2ccc(S(=O)(=O)N[C@@H](C(=O)O)C3CCC(O)CC3)cc2)cc1,7.92,0.0,1
CHEMBL333,COc1ccc(-c2ccc(S(=O)(=O)N[C@@H](C(=O)O)C3CCC4(CC3)OCCCO4)cc2)cc1,8.15,0.0,1
CHEMBL333,COc1ccc(-c2ccc(S(=O)(=O)N[C@@H](C(=O)O)C3CCCCC3)cc2)cc1,8.1,0.0,1
CHEMBL333,COc1ccc(-c2ccc(S(=O)(=O)N[C@@H](C(=O)O)C3CC[C@H](O)C=C3Br)cc2)cc1,7.42,0.0,1
CHEMBL333,COc1ccc(-c2ccc(S(=O)(=O)N[C@@H](CCCCCF)P(=O)(O)O)cc2)cc1,8.19,0.0,1
CHEMBL333,COc1ccc(-c2ccc(S(=O)(=O)N[C@@H]3CC=CCN(O)C3=O)s2)cc1,8.41,0.0,1
CHEMBL333,COc1ccc(-c2ccc(S(=O)(=O)N[C@@](C)(C(=O)O)C3CCC(O)CC3)cc2)cc1,6.6,0.0,1
CHEMBL333,COc1ccc(-c2ccc(S(=O)(=O)N[C@H](C(=O)O)C(C)C)cc2)cc1,8.35,0.24041630560342606,2
CHEMBL333,COc1ccc(-c2ccc(S(=O)(=O)N[C@H](C(=O)O)C3CCN(C(=O)OC(C)(C)C)CC3)cc2)cc1,8.14,0.0,1
CHEMBL333,COc1ccc(-c2ccc(S(=O)(=O)N[C@H](CCCCCF)P(=O)(O)O)cc2)cc1,6.1,0.0,1
CHEMBL333,COc1ccc(-c2ccc(S(=O)(=O)N[C@H](Cc3c[nH]c4ccccc34)C(=O)O)cc2)cc1,8.254999999999999,0.09192388155425237,2
CHEMBL333,COc1ccc(-c2ccc(S(=O)(=O)c3ccccc3C(=O)NO)cc2)cc1,7.0,0.0,1
CHEMBL333,COc1ccc(-c2ccc(S(=O)(=O)c3ccccc3C(C)C(=O)NO)cc2)cc1,8.15,0.0,1
CHEMBL333,COc1ccc(-c2ccc(S(=O)(=O)c3ccccc3C(C)C(=O)O)cc2)cc1,6.72,0.0,1
CHEMBL333,COc1ccc(-c2ccc(S(=O)(=O)c3ccccc3C(CCC(=O)O)C(=O)O)cc2)cc1,5.87,0.0,1
CHEMBL333,COc1ccc(-c2ccc(S(=O)(=O)c3ccccc3C3CCC(=O)N(O)C3=O)cc2)cc1,6.38,0.0,1
CHEMBL333,COc1ccc(-c2ccc(S(=O)(=O)c3ccccc3CC(=O)NO)cc2)cc1,8.01,0.0,1
CHEMBL333,COc1ccc(-c2ccc(S(=O)(=O)c3ccccc3CC(=O)NS(=O)(=O)C(F)(F)F)cc2)cc1,5.6,0.0,1
CHEMBL333,COc1ccc(-c2ccc(S(=O)(=O)c3ccccc3CC(=O)NS(C)(=O)=O)cc2)cc1,5.44,0.0,1
CHEMBL333,COc1ccc(-c2ccc(S(=O)(=O)c3ccccc3CC(=O)O)cc2)cc1,7.33,0.0,1
CHEMBL333,COc1ccc(-c2ccc(S(=O)(=O)c3ccccc3CP(=O)(O)O)cc2)cc1,6.42,0.0,1
CHEMBL333,COc1ccc(-c2ccc(Sc3ccccc3C(CCC(=O)O)C(=O)O)cc2)cc1,6.18,0.0,1
CHEMBL333,COc1ccc(-c2ccc(Sc3ccccc3C3CCC(=O)N(O)C3=O)cc2)cc1,6.17,0.0,1
CHEMBL333,COc1ccc(-c2ccc(Sc3ccccc3CC(=O)NO)cc2)cc1,8.17,0.0,1
CHEMBL333,COc1ccc(-c2ccc(Sc3ccccc3CC(=O)NS(=O)(=O)C(F)(F)F)cc2)cc1,4.34,0.0,1
CHEMBL333,COc1ccc(-c2ccc(Sc3ccccc3CC(=O)NS(C)(=O)=O)cc2)cc1,5.28,0.0,1
CHEMBL333,COc1ccc(-c2ccc(Sc3ccccc3CC(=O)O)cc2)cc1,6.94,0.0,1
CHEMBL333,COc1ccc(-c2ccc(Sc3ccccc3CP(=O)(O)O)cc2)cc1,6.6,0.0,1
CHEMBL333,COc1ccc(-c2cn(-c3ccc(S(=O)(=O)C4(C(=O)NO)CCOCC4)cc3)nn2)cc1,9.52,0.0,1
CHEMBL333,COc1ccc(-c2cnc(-c3ccc(S(=O)(=O)NC(C(=O)CCC(=O)O)C(C)C)cc3)o2)cc1,5.0,0.0,1
CHEMBL333,COc1ccc(-c2cnc(-c3ccc(S(=O)(=O)NC(C(=O)NO)C(C)C)cc3)o2)cc1,6.0,0.0,1
CHEMBL333,COc1ccc(-c2cnc(-c3ccc(S(=O)(=O)NC(C(=O)NO)C(C)C)cc3)s2)cc1,6.4,0.0,1
CHEMBL333,COc1ccc(-c2cnc(-c3ccc(S(=O)(=O)NC(C(=O)O)C(C)C)cc3)o2)cc1,6.0,0.0,1
CHEMBL333,COc1ccc(-c2cnc(-c3ccc(S(=O)(=O)NC(C(=O)O)C(C)C)cc3)s2)cc1,6.7,0.0,1
CHEMBL333,COc1ccc(-c2cnc(-c3ccc(S(=O)(=O)NC(CCC(=O)O)C(=O)O)cc3)s2)cc1,7.3,0.0,1
CHEMBL333,COc1ccc(-c2csc(C(=O)NCCN3CCOCC3)c2)cc1,4.58,0.0,1
CHEMBL333,COc1ccc(-c2csc(N3N=C(c4ccc(F)cc4)CC3c3ccccc3O)n2)cc1,4.97,0.0,1
CHEMBL333,COc1ccc(-c2csc(N3N=C(c4ccccc4)CC3c3ccccc3O)n2)cc1,4.95,0.0,1
CHEMBL333,COc1ccc(-c2nnn(CCCOc3ccc(S(=O)(=O)C4(C(=O)NO)CCOCC4)cc3)n2)cc1,7.32,0.0,1
CHEMBL333,COc1ccc(-n2nnc(-c3ccc(S(=O)(=O)N[C@H](Cc4c[nH]c5ccccc45)C(=O)O)cc3)n2)cc1,7.89,0.0,1
CHEMBL333,COc1ccc(/C=C/C(=O)N2CC(NC(=O)c3cccnc3)CC2C(=O)NO)cc1OC,5.99,0.0,1
CHEMBL333,COc1ccc(/C=C/C(=O)N2C[C@@H](NC(=O)c3ccc4no[n+]([O-])c4c3)C[C@H]2C(=O)NO)cc1OC,6.46,0.0,1
CHEMBL333,COc1ccc(/C=C/C(=O)N2C[C@@H](NC(=O)c3cccc4no[n+]([O-])c34)C[C@H]2C(=O)NO)cc1OC,6.38,0.0,1
CHEMBL333,COc1ccc(/C=C/C(=O)N2C[C@@H](NC(=O)c3cccnc3)C[C@H]2C(=O)NO)cc1OC,6.0520000000000005,1.3944425409460228,5
CHEMBL333,COc1ccc(/C=C/C(=O)N[C@@H](CCC(=O)O)C(=O)Nc2ccc(Br)cc2)cc1OC,4.15,0.0,1
CHEMBL333,COc1ccc(/C=C/C(=O)N[C@@H](CCC(=O)O)C(=O)Nc2ccc(C)cc2)cc1OC,4.42,0.0,1
CHEMBL333,COc1ccc(/C=C/C(=O)N[C@@H](CCC(=O)O)C(=O)Nc2ccc(Cl)cc2)cc1OC,4.22,0.0,1
CHEMBL333,COc1ccc(/C=C/C(=O)N[C@@H](CCC(=O)O)C(=O)Nc2ccc(F)cc2)cc1OC,4.32,0.0,1
CHEMBL333,COc1ccc(/C=C/C(=O)N[C@@H](CCC(=O)O)C(=O)Nc2ccccc2Cl)cc1OC,4.19,0.0,1
CHEMBL333,COc1ccc(/C=C/C(=O)N[C@@H](CCC(=O)O)C(=O)Nc2ccccc2F)cc1OC,4.15,0.0,1
CHEMBL333,COc1ccc(/C=N/NC(=O)Cn2c(=O)c(C)nc3ccccc32)c(OC)c1,4.12,0.0,1
CHEMBL333,COc1ccc(/C=N/NC(=O)Cn2c(=O)c(C)nc3ccccc32)cc1OC,4.54,0.0,1
CHEMBL333,COc1ccc(C#Cc2ccc(N(C[C@H](O)C(=O)NO)S(C)(=O)=O)cc2)cc1,7.5,0.0,1
CHEMBL333,COc1ccc(C#Cc2ccc(S(=O)(=O)NC(CC#CCN3CCOCC3)C(=O)O)cc2)cc1,7.55,0.0,1
CHEMBL333,COc1ccc(C#Cc2ccc(S(=O)(=O)NC(CC#Cc3ccccc3)C(=O)O)cc2)cc1,8.05,0.0,1
CHEMBL333,COc1ccc(C#Cc2ccc(S(=O)(=O)NC(CC#Cc3ccccc3)C(=O)O)s2)cc1,7.34,0.0,1
CHEMBL333,COc1ccc(C#Cc2ccc(S(=O)(=O)N[C@H](Cc3c[nH]c4ccccc34)C(=O)O)cc2)cc1,9.19,0.0,1
CHEMBL333,COc1ccc(C#Cc2ccc(S(=O)(=O)N[C@H](Cc3c[nH]c4ccccc34)C(=O)O)cc2[N+](=O)[O-])cc1,7.48,0.0,1
CHEMBL333,COc1ccc(C#Cc2ccc(S(=O)(=O)N[C@H](Cc3ccccc3)C(=O)O)cc2)cc1,6.0,0.0,1
CHEMBL333,COc1ccc(C#Cc2ccc(S(=O)(=O)N[C@H](Cc3ccccc3)C(=O)O)s2)cc1,8.0,0.0,1
CHEMBL333,COc1ccc(C(=O)CC2(O)C(=O)NC(=O)NC2=O)cc1,4.67,0.0,1
CHEMBL333,COc1ccc(C(=O)Cc2ccc(SC(CCN3C(=O)c4ccccc4C3=O)C(=O)O)cc2)cc1,7.27,0.0,1
CHEMBL333,COc1ccc(C(=O)N2CCN(c3ccc(S(=O)(=O)C4(C(=O)NO)CCOCC4)cc3)CC2)cc1,5.89,0.0,1
CHEMBL333,COc1ccc(C(=O)NC2CCN(S(=O)(=O)c3ccccc3C(=O)NO)C2)cc1,5.64,0.0,1
CHEMBL333,COc1ccc(C(=O)NCCCOc2ccc(S(=O)(=O)C3(C(=O)NO)CCOCC3)cc2)cc1,6.26,0.0,1
CHEMBL333,COc1ccc(C(=O)N[C@@H]2C[C@H](C(=O)NO)N(S(=O)(=O)c3ccc(Cl)c(Cl)c3)C2)c(OC)c1,6.35,0.0,1
CHEMBL333,COc1ccc(C(=O)Nc2ccc(S(=O)(=O)NC(CC#CCOc3ccccc3)C(=O)O)cc2)cc1,8.05,0.0,1
CHEMBL333,COc1ccc(C2(CCC(=O)N3CCN(c4cccc(Cl)c4)CC3)NC(=O)NC2=O)cc1,6.15,0.0,1
CHEMBL333,COc1ccc(C2=NN(c3ccc(S(N)(=O)=O)cc3)C(c3ccc4ccccc4c3)C2)cc1,5.0,0.0,1
CHEMBL333,COc1ccc(C2=NN(c3ccc(S(N)(=O)=O)cc3)C(c3cccc4ccccc34)C2)cc1,5.375,0.007071067811865324,2
CHEMBL333,COc1ccc(C2=NN(c3nc(-c4ccc(Br)cc4)cs3)C(c3ccccc3O)C2)cc1,4.77,0.0,1
CHEMBL333,COc1ccc(C2=NN(c3nc(-c4ccc(C(F)(F)F)cc4)cs3)C(c3ccccc3O)C2)cc1,4.235,0.007071067811865324,2
CHEMBL333,COc1ccc(C2=NN(c3nc(-c4ccc(OC)cc4)cs3)C(c3ccccc3O)C2)cc1,4.93,0.0,1
CHEMBL333,COc1ccc(C2=NN(c3nc(-c4cccc(Br)c4)cs3)C(c3ccccc3O)C2)cc1,4.86,0.0,1
CHEMBL333,COc1ccc(C2=NN(c3nc(-c4cccc(OC)c4)cs3)C(c3ccccc3O)C2)cc1,5.55,0.0,1
CHEMBL333,COc1ccc(C2=NN(c3nc(-c4ccccc4)cs3)C(c3ccccc3O)C2)cc1,4.89,0.0,1
CHEMBL333,COc1ccc(C2CC(=O)c3c(O)cc(O)cc3O2)cc1-c1c(O)cc(O)c2c(=O)cc(-c3ccc(O)cc3)oc12,4.34,0.0,1
CHEMBL333,COc1ccc(C2CC(=O)c3c(O)cc(O)cc3O2)cc1-c1c(O)cc2c(c1O)C(=O)CC(c1ccc(O)cc1)O2,4.45,0.0,1
CHEMBL333,COc1ccc(C2CCN(c3ccc(S(=O)(=O)C4(C(=O)NO)CCOCC4)cc3)CC2)c(C)c1,6.3,0.0,1
CHEMBL333,COc1ccc(C2CCN(c3ccc(S(=O)(=O)C4(C(=O)NO)CCOCC4)cc3)CC2)c(OC)c1,5.76,0.0,1
CHEMBL333,COc1ccc(CC(=O)N[C@@H](CCC(=O)O)C(=O)NCc2ccccc2)cc1,4.08,0.0,1
CHEMBL333,COc1ccc(CC2(CCCCCCC(F)CF)C(=O)NC(=O)NC2=O)cc1,6.39,0.0,1
CHEMBL333,COc1ccc(CC2(CCCCCCCC(C)C)C(=O)NC(=O)NC2=O)cc1,6.68,0.0,1
CHEMBL333,COc1ccc(CC2(CCCCCCCC(F)(F)F)C(=O)NC(=O)NC2=O)cc1,6.68,0.0,1
CHEMBL333,COc1ccc(CC2(CCCCCCCC(F)CF)C(=O)NC(=O)NC2=O)cc1,6.86,0.0,1
CHEMBL333,COc1ccc(CCC(=O)N2C[C@@H](NC(=O)/C=C/c3ccccc3)C[C@H]2C(=O)NO)cc1OC,7.96,0.0,1
CHEMBL333,COc1ccc(CCC(=O)N2C[C@@H](NC(=O)c3cccnc3)C[C@H]2C(=O)NO)cc1OC,7.92,0.0,1
CHEMBL333,COc1ccc(CNC(=O)CC[C@H](NS(=O)(=O)c2ccc(-c3ccccc3)cc2)C(=O)O)cc1,6.71,0.0,1
CHEMBL333,COc1ccc(CNC(=O)CN(C(CCSCc2ccccc2)C(=O)NO)S(=O)(=O)c2ccc(OC)cc2)cc1,9.15,0.0,1
CHEMBL333,COc1ccc(CNC(=O)[C@H](CCC(=O)O)NC(=O)Cc2ccc(Br)cc2)cc1,5.19,0.0,1
CHEMBL333,COc1ccc(CNC(=O)c2c(C)occ(O)c2=S)cc1,4.52,0.0,1
CHEMBL333,COc1ccc(CNC(=O)c2ccc(Oc3ccc(C#C[C@]4(O)CN5CCC4CC5)cc3)cc2)c(OC)c1,5.2,0.0,1
CHEMBL333,COc1ccc(CNC(=O)c2ccc(Oc3ccc(C#C[C@]4(O)CN5CCC4CC5)cc3)cc2)cc1OC,5.9,0.0,1
CHEMBL333,COc1ccc(CNC(=O)c2oc(C)cc(=S)c2O)cc1,4.72,0.0,1
CHEMBL333,COc1ccc(COC(=O)c2cccc(S)n2)cc1,4.04,0.0,1
CHEMBL333,COc1ccc(CSCC2[C@H](C(=O)NO)N(S(=O)(=O)c3ccc(OC)cc3)CC2(C)C)cc1,8.34,0.0,1
CHEMBL333,COc1ccc(C[C@@H](OC(=O)/C=C/c2ccc(OCc3ccccc3)c(OCc3ccccc3)c2)C(=O)O)cc1OC,5.5,0.0,1
CHEMBL333,COc1ccc(C[C@H](OC(=O)/C=C/c2ccc(OCc3ccccc3)c(OCc3ccccc3)c2)C(=O)O)cc1OC,5.52,0.0,1
CHEMBL333,COc1ccc(Cl)cc1C1(CCC(=O)N2CCN(c3cc(Cl)ccc3C)CC2)NC(=O)NC1=O,6.15,0.0,1
CHEMBL333,COc1ccc(Cl)cc1C1(CCC(=O)N2CCN(c3cccc(Cl)c3)CC2)NC(=O)NC1=O,6.17,0.0,1
CHEMBL333,COc1ccc(Cl)cc1C1(Cn2cccc(C)c2=O)NC(=O)NC1=O,4.21,0.0,1
CHEMBL333,COc1ccc(N2CCN(c3ccc(S(=O)(=O)C4(C(=O)NO)CCN(C5CC5)CC4)cc3)CC2)cc1,8.28,0.0,1
CHEMBL333,COc1ccc(N2CCN(c3ccc(S(=O)(=O)C4(C(=O)NO)CCOCC4)cc3)CC2)cc1,7.74,0.0,1
CHEMBL333,COc1ccc(NC(=O)/C=C/c2ccc(O)c(O)c2)cc1,8.47,0.0,1
CHEMBL333,COc1ccc(NC(=O)/C=C/c2ccc(O)cc2)cc1,8.39,0.0,1
CHEMBL333,COc1ccc(NC(=O)/C=C/c2cccc(O)c2)cc1,8.37,0.0,1
CHEMBL333,COc1ccc(NC(=O)/C=C/c2ccccc2)cc1,8.27,0.0,1
CHEMBL333,COc1ccc(NC(=O)CCCOc2ccc(S(=O)(=O)C3(C(=O)NO)CCOCC3)cc2)cc1,8.6,0.0,1
CHEMBL333,COc1ccc(NS(=O)(=O)c2cc(C(=O)N3CCCN(C4(c5ccc(Oc6ccccc6)cc5)C(=O)NC(=O)NC4=O)CC3)ccc2C)cc1,7.27,0.0,1
CHEMBL333,COc1ccc(OC)c(C2CCN(c3ccc(S(=O)(=O)C4(C(=O)NO)CCOCC4)cc3)CC2)c1,6.1,0.0,1
CHEMBL333,COc1ccc(OCCCCOc2ccc(S(=O)(=O)C3(C(=O)NO)CCOCC3)cc2)cc1,8.18,0.0,1
CHEMBL333,COc1ccc(Oc2ccc(C3(N4CCN(CCO)CC4)C(=O)NC(=O)NC3=O)cc2)cc1,8.05,0.0,1
CHEMBL333,COc1ccc(Oc2ccc(S(=O)(=O)C3(C(=O)NO)CCN(Cc4ccccn4)CC3)cc2)cc1,9.7,0.0,1
CHEMBL333,COc1ccc(Oc2ccc(S(=O)(=O)C3CCCCN(O)C3=O)cc2)cc1,7.02,0.0,1
CHEMBL333,COc1ccc(Oc2ccc(S(=O)(=O)C3CCCN(O)C3=O)cc2)cc1,6.78,0.0,1
CHEMBL333,COc1ccc(Oc2ccc(S(=O)(=O)Cc3cccn(O)c3=O)cc2)cc1,7.76,0.0,1
CHEMBL333,COc1ccc(Oc2ccc(S(=O)(=O)Cn3cccc(O)c3=O)cc2)cc1,7.07,0.0,1
CHEMBL333,COc1ccc(Oc2ccc(S(=O)(=O)Cn3cccc(O)c3=O)s2)cc1,7.14,0.0,1
CHEMBL333,COc1ccc(Oc2ccc(S(=O)(=O)N(C)c3cccn(O)c3=O)cc2)cc1,8.25,0.0,1
CHEMBL333,COc1ccc(Oc2ccc(S(=O)(=O)N3CSC[C@H]3C(=O)NO)cc2)cc1,8.05,0.0,1
CHEMBL333,COc1ccc(Oc2ccc(S(=O)(=O)N[C@@H]3CC=CCN(O)C3=O)cc2)cc1,8.7,0.0,1
CHEMBL333,COc1ccc(Oc2ccc(S(=O)(=O)N[C@H](Cc3c[nH]c4ccccc34)C(=O)O)cc2)cc1,8.44,0.0,1
CHEMBL333,COc1ccc(Oc2ccc(S(=O)(=O)c3ccccc3C(=O)NO)cc2)cc1,5.89,0.0,1
CHEMBL333,COc1ccc(Oc2ccc(S(=O)(=O)c3ccccc3CC(=O)NO)cc2)cc1,8.46,0.0,1
CHEMBL333,COc1ccc(Oc2ccc(S(=O)(=O)c3ccccc3CC(=O)O)cc2)cc1,6.15,0.0,1
CHEMBL333,COc1ccc(S(=O)(=O)C2CCC[C@@H]2C(=O)NO)cc1,8.05,0.0,1
CHEMBL333,COc1ccc(S(=O)(=O)N(C)C[C@H](C(=O)NO)[C@@H](CC(C)C)C(=O)N2CCCCC2)cc1,6.22,0.0,1
CHEMBL333,COc1ccc(S(=O)(=O)N(C)C[C@H](C(=O)NO)[C@@H](CC2CCCC2)C(=O)N2CCCCC2)cc1,7.22,0.0,1
CHEMBL333,COc1ccc(S(=O)(=O)N(C)C[C@H](C(=O)NO)[C@@H](CC2CCCC2)C(=O)N2CCOCC2)cc1,7.02,0.0,1
CHEMBL333,COc1ccc(S(=O)(=O)N(CC(=O)N2CCOCC2)C(CCSCc2ccccc2)C(=O)NO)cc1,7.8,0.0,1
CHEMBL333,COc1ccc(S(=O)(=O)N(CC(=O)NC(C2CCCCC2)C2CCCCC2)C(CCSCc2ccccc2)C(=O)NO)cc1,8.05,0.0,1
CHEMBL333,COc1ccc(S(=O)(=O)N(CC(=O)NC(c2ccccc2)c2ccccc2)C(CCSCc2ccccc2)C(=O)NO)cc1,8.64,0.0,1
CHEMBL333,COc1ccc(S(=O)(=O)N(CC(=O)NC(c2ccccn2)c2ccccn2)C(CCSCc2ccccc2)C(=O)NO)cc1,9.4,0.0,1
CHEMBL333,COc1ccc(S(=O)(=O)N(CC(=O)NC2CCCCC2)C(CCSCc2ccccc2)C(=O)NO)cc1,9.0,0.0,1
CHEMBL333,COc1ccc(S(=O)(=O)N(CC(=O)NCC2CCCCC2)C(CCSCc2ccccc2)C(=O)NO)cc1,9.52,0.0,1
CHEMBL333,COc1ccc(S(=O)(=O)N(CC(=O)NCc2c(OC)cc(OC)cc2OC)C(CCSCc2ccccc2)C(=O)NO)cc1,8.92,0.0,1
CHEMBL333,COc1ccc(S(=O)(=O)N(CC(=O)NCc2cc(OC)cc(OC)c2)C(CCSCc2ccccc2)C(=O)NO)cc1,8.8,0.0,1
CHEMBL333,COc1ccc(S(=O)(=O)N(CC(=O)NCc2ccccc2)C(CCSCc2ccccc2)C(=O)NO)cc1,9.15,0.0,1
CHEMBL333,COc1ccc(S(=O)(=O)N(CC(=O)NCc2cccnc2)C(CCSCc2ccccc2)C(=O)NO)cc1,8.92,0.0,1
CHEMBL333,COc1ccc(S(=O)(=O)N(CC(=O)NO)CC(C)C)cc1,8.145,0.7236781052374046,6
CHEMBL333,COc1ccc(S(=O)(=O)N(CC(=O)NO)Cc2ccc(Cl)cc2)cc1,6.85,0.0,1
CHEMBL333,COc1ccc(S(=O)(=O)N(CC(=O)NO)OC(C)C)cc1,5.37,0.09899494936611705,2
CHEMBL333,COc1ccc(S(=O)(=O)N(CC(=O)NO)OC23CC4CC(CC(C4)C2)C3)cc1,5.7,0.0,1
CHEMBL333,COc1ccc(S(=O)(=O)N(CC(C)C)C(CCS(=O)(=O)Cc2ccccc2)C(=O)NO)cc1,8.38,0.0,1
CHEMBL333,COc1ccc(S(=O)(=O)N(CC(C)C)C(CCSCc2c(F)c(F)c(F)c(F)c2F)C(=O)NO)cc1,5.74,0.0,1
CHEMBL333,COc1ccc(S(=O)(=O)N(CC(C)C)C(CCSCc2ccc(C3C=CCCC3)cc2)C(=O)NO)cc1,7.52,0.0,1
CHEMBL333,COc1ccc(S(=O)(=O)N(CC(C)C)C(CCSCc2ccc(OCc3ccccc3)cc2)C(=O)NO)cc1,7.7,0.0,1
CHEMBL333,COc1ccc(S(=O)(=O)N(CC(C)C)C(CCSCc2cccc(OC)c2)C(=O)NO)cc1,8.42,0.0,1
CHEMBL333,COc1ccc(S(=O)(=O)N(CC(C)C)C(CCSCc2ccccc2)C(=O)NO)cc1,9.15,0.0,1
CHEMBL333,COc1ccc(S(=O)(=O)N(CC(C)C)C(CCSCc2cccnc2)C(=O)NO)cc1,8.2,0.0,1
CHEMBL333,COc1ccc(S(=O)(=O)N(CC(C)C)C(CCSCc2ccsc2)C(=O)NO)cc1,8.49,0.0,1
CHEMBL333,COc1ccc(S(=O)(=O)N(CC(C)C)[C@@H](C(=O)NO)C(C)C)cc1,7.54,0.0,1
CHEMBL333,COc1ccc(S(=O)(=O)N(CC(C)C)[C@@H](CCSCc2ccc(-c3ccccc3)cc2)C(=O)NO)cc1,7.52,0.0,1
CHEMBL333,COc1ccc(S(=O)(=O)N(CC(C)C)[C@@H](CCSCc2ccc(OCc3ccccc3)cc2)C(=O)NO)cc1,7.31,0.0,1
CHEMBL333,COc1ccc(S(=O)(=O)N(CC(C)C)[C@@H](CCSCc2ccccc2)C(=O)NO)cc1,9.15,0.0,1
CHEMBL333,COc1ccc(S(=O)(=O)N(CC(C)C)[C@H](CCSCc2ccccc2)C(=O)NO)cc1,9.15,0.0,1
CHEMBL333,COc1ccc(S(=O)(=O)N(CCC(C)C)[C@@H](C(=O)NO)C(C)C)cc1OC,4.52,0.0,1
CHEMBL333,COc1ccc(S(=O)(=O)N(CCN=[N+]=[N-])[C@@H](C(=O)NO)C(C)C)cc1,9.05,0.0,1
CHEMBL333,COc1ccc(S(=O)(=O)N(CCn2cc(CCCCOc3cccnc3F)nn2)[C@@H](C(=O)NO)C(C)C)cc1,9.05,0.0,1
CHEMBL333,COc1ccc(S(=O)(=O)N(CCn2cc(CCCF)nn2)[C@@H](C(=O)NO)C(C)C)cc1,9.15,0.0,1
CHEMBL333,COc1ccc(S(=O)(=O)N(CCn2cc(CN(C)S(=O)(=O)c3ccc(F)cc3)nn2)[C@@H](C(=O)NO)C(C)C)cc1,8.52,0.0,1
CHEMBL333,COc1ccc(S(=O)(=O)N(CCn2cc(CNS(=O)(=O)c3ccc(F)cc3)nn2)[C@@H](C(=O)NO)C(C)C)cc1,8.3,0.0,1
CHEMBL333,COc1ccc(S(=O)(=O)N(CCn2cc(COCCOCCOCCOCCOCCF)nn2)[C@@H](C(=O)NO)C(C)C)cc1,8.4,0.0,1
CHEMBL333,COc1ccc(S(=O)(=O)N(Cc2ccc(Br)nc2)[C@@H](C(=O)NO)C(C)C)cc1,8.7,0.0,1
CHEMBL333,COc1ccc(S(=O)(=O)N(Cc2ccc(Br)nc2)[C@@H](C(=O)O)C(C)C)cc1,5.21,0.0,1
CHEMBL333,COc1ccc(S(=O)(=O)N(Cc2ccc(F)nc2)[C@@H](C(=O)NO)C(C)C)cc1,8.1,0.0,1
CHEMBL333,COc1ccc(S(=O)(=O)N(Cc2ccc(F)nc2)[C@@H](C(=O)O)C(C)C)cc1,4.46,0.0,1
CHEMBL333,COc1ccc(S(=O)(=O)N(Cc2ccc(OCCOCCOCCOCCOCc3cn(CCF)nn3)cc2)[C@@H](C(=O)NO)C(C)C)cc1,8.7,0.0,1
CHEMBL333,COc1ccc(S(=O)(=O)N(Cc2ccc(OCCOCCOCCOCCOCc3cn(CCOCCOCCOCCF)nn3)cc2)[C@@H](C(=O)NO)C(C)C)cc1,8.4,0.0,1
CHEMBL333,COc1ccc(S(=O)(=O)N(Cc2ccc(OCCOCCOCCOCCOCc3cn([C@@H]4O[C@H](CO)[C@@H](O)[C@H](O)[C@H]4F)nn3)cc2)[C@@H](C(=O)NO)C(C)C)cc1,7.52,0.0,1
CHEMBL333,COc1ccc(S(=O)(=O)N(Cc2ccc(OCCOCCOCCOCCn3cc(COCCOCCOCCOCCOCCF)nn3)cc2)[C@@H](C(=O)NO)C(C)C)cc1,8.4,0.0,1
CHEMBL333,COc1ccc(S(=O)(=O)N(Cc2ccccc2)[C@@H](C(=O)NO)C(C)C)cc1,7.96,0.0,1
CHEMBL333,COc1ccc(S(=O)(=O)N(Cc2cccnc2)C(C(=O)NO)C(C)C)cc1,8.34,0.0,1
CHEMBL333,COc1ccc(S(=O)(=O)N(Cc2cccnc2)[C@@H](C(=O)NO)C(C)C)cc1,7.71,0.80369600765916,12
CHEMBL333,COc1ccc(S(=O)(=O)N(Cc2cccnc2)[C@@H](CCF)C(=O)NO)cc1,7.48,0.0,1
CHEMBL333,COc1ccc(S(=O)(=O)N(Cc2cccnc2)[C@@H](CCF)C(=O)O)cc1,4.46,0.0,1
CHEMBL333,COc1ccc(S(=O)(=O)N(Cc2cccnc2)[C@H](CCF)C(=O)NO)cc1,8.19,0.0,1
CHEMBL333,COc1ccc(S(=O)(=O)N(Cc2cccnc2Br)[C@@H](C(=O)NO)C(C)C)cc1,7.52,0.0,1
CHEMBL333,COc1ccc(S(=O)(=O)N(Cc2cccnc2Br)[C@@H](C(=O)O)C(C)C)cc1,5.04,0.0,1
CHEMBL333,COc1ccc(S(=O)(=O)N(Cc2cccnc2F)[C@@H](C(=O)NO)C(C)C)cc1,7.72,0.0,1
CHEMBL333,COc1ccc(S(=O)(=O)N(Cc2cccnc2F)[C@@H](C(=O)O)C(C)C)cc1,4.7,0.0,1
CHEMBL333,COc1ccc(S(=O)(=O)N(Cc2cn(CCF)nn2)[C@@H](C(=O)NO)C(C)C)cc1,9.89,0.0,1
CHEMBL333,COc1ccc(S(=O)(=O)N(Cc2cn(CCOCCOCCOCCF)nn2)[C@@H](C(=O)NO)C(C)C)cc1,10.0,0.0,1
CHEMBL333,COc1ccc(S(=O)(=O)N(Cc2cn(CCOCCOCCOCCN=[N+]=[N-])nn2)[C@@H](C(=O)NO)C(C)C)cc1,8.92,0.0,1
CHEMBL333,COc1ccc(S(=O)(=O)N(Cc2cn(CCOCCOCCOCCOS(=O)(=O)c3ccc(C)cc3)nn2)[C@@H](C(=O)NO)C(C)C)cc1,10.15,0.0,1
CHEMBL333,COc1ccc(S(=O)(=O)N(Cc2cn(CCOCCOCCOCCOc3cccnc3F)nn2)[C@@H](C(=O)NO)C(C)C)cc1,8.52,0.0,1
CHEMBL333,COc1ccc(S(=O)(=O)N(Cc2cn(CCOS(=O)(=O)c3ccc(C)cc3)nn2)[C@@H](C(=O)NO)C(C)C)cc1,6.97,0.0,1
CHEMBL333,COc1ccc(S(=O)(=O)N(Cc2cn([C@@H]3O[C@H](CO)[C@@H](O)[C@H](O)[C@H]3F)nn2)[C@@H](C(=O)NO)C(C)C)cc1,9.7,0.0,1
CHEMBL333,COc1ccc(S(=O)(=O)N(OC(C)C)[C@@H](C(=O)NO)C(C)C)cc1,6.72,0.0,1
CHEMBL333,COc1ccc(S(=O)(=O)N2C/C(=N\O)C[C@@H]2C(=O)NO)cc1,9.7,0.0,1
CHEMBL333,COc1ccc(S(=O)(=O)N2C/C(=N\OC(C)(C)C)C[C@@H]2C(=O)NO)cc1,9.15,0.0,1
CHEMBL333,COc1ccc(S(=O)(=O)N2CC(=O)N(O)C(=O)[C@H]2C(C)C)cc1,5.92,0.0,1
CHEMBL333,COc1ccc(S(=O)(=O)N2CC(=O)N(S(=O)(=O)c3ccc(OC)cc3)CC2=O)cc1,7.12,0.0,1
CHEMBL333,COc1ccc(S(=O)(=O)N2CC(C)(C)C(CCSCc3ccccc3)C2C(=O)NO)cc1,8.79,0.0,1
CHEMBL333,COc1ccc(S(=O)(=O)N2CC(C)(C)C(CO)[C@@H]2C(=O)NO)cc1,6.84,0.0,1
CHEMBL333,COc1ccc(S(=O)(=O)N2CC(C)(C)C(COCc3ccccc3)[C@@H]2C(=O)NO)cc1,7.5,0.0,1
CHEMBL333,COc1ccc(S(=O)(=O)N2CC(C)(C)C(CSCCc3ccccc3)[C@@H]2C(=O)NO)cc1,7.81,0.0,1
CHEMBL333,COc1ccc(S(=O)(=O)N2CC(C)(C)C(CSCc3ccccc3)[C@@H]2C(=O)NO)cc1,8.79,0.0,1
CHEMBL333,COc1ccc(S(=O)(=O)N2CC(C)(C)C([C@@H](O)CSc3ccccc3)[C@@H]2C(=O)NO)cc1,7.79,0.0,1
CHEMBL333,COc1ccc(S(=O)(=O)N2CC(C)(C)C([C@H](O)CSc3ccccc3)[C@@H]2C(=O)NO)cc1,8.6,0.0,1
CHEMBL333,COc1ccc(S(=O)(=O)N2CC(NOC(C)(C)C)C[C@@H]2C(=O)NO)cc1,8.4,0.0,1
CHEMBL333,COc1ccc(S(=O)(=O)N2CC3(C[C@H]2C(=O)NN)SCCS3)cc1,4.97,0.0,1
CHEMBL333,COc1ccc(S(=O)(=O)N2CC3(C[C@H]2C(=O)NNC(=O)Cc2ccccc2)SCCS3)cc1,6.41,0.0,1
CHEMBL333,COc1ccc(S(=O)(=O)N2CC3(C[C@H]2C(=O)NO)SCCS3)cc1,6.29,0.0,1
CHEMBL333,COc1ccc(S(=O)(=O)N2CC3(C[C@H]2C(=O)O)SCCS3)cc1,5.02,0.0,1
CHEMBL333,COc1ccc(S(=O)(=O)N2CCCC(C)(C)CC2C(=O)NO)cc1,8.85,0.0,1
CHEMBL333,COc1ccc(S(=O)(=O)N2CCCCC(C)(C)[C@@H]2C(=O)NO)cc1,8.85,0.0,1
CHEMBL333,COc1ccc(S(=O)(=O)N2CCCCCSC(C)(C)[C@@H]2C(=O)NO)cc1,8.62,0.0,1
CHEMBL333,COc1ccc(S(=O)(=O)N2CCCS(=O)(=O)C(C)(C)[C@@H]2C(=O)NO)cc1,8.11,0.0,1
CHEMBL333,COc1ccc(S(=O)(=O)N2CCCSC(C)(C)[C@@H]2C(=O)NO)cc1,8.57,0.0,1
CHEMBL333,COc1ccc(S(=O)(=O)N2CCCSC(C)(C)[C@H]2C(=O)NO)cc1,5.54,0.0,1
CHEMBL333,COc1ccc(S(=O)(=O)N2CCCSC[C@@]2(C)C(=O)NO)cc1,8.38,0.0,1
CHEMBL333,COc1ccc(S(=O)(=O)N2CCC[C@@H]2C(=O)NO)cc1,8.05,0.0,1
CHEMBL333,COc1ccc(S(=O)(=O)N2CCN(C(=O)OCc3ccccc3)CC[C@@H]2C(=O)NO)cc1,8.8,0.0,1
CHEMBL333,COc1ccc(S(=O)(=O)N2CCN(C(C)C)C(=O)C[C@@H]2C(=O)NO)cc1,8.62,0.0,1
CHEMBL333,COc1ccc(S(=O)(=O)N2CCN(Cc3ccccc3)C(=O)C[C@@H]2C(=O)NO)cc1,9.17,0.0,1
CHEMBL333,COc1ccc(S(=O)(=O)N2CCN(S(=O)(=O)c3cn(C)cn3)CC[C@@H]2C(=O)NO)cc1,8.57,0.0,1
CHEMBL333,COc1ccc(S(=O)(=O)N2CCOCCSC(C)(C)[C@@H]2C(=O)NO)cc1,8.46,0.0,1
CHEMBL333,COc1ccc(S(=O)(=O)N2CCS(=O)(=O)C(C)(C)[C@@H]2C(=O)NO)cc1,7.85,0.0,1
CHEMBL333,COc1ccc(S(=O)(=O)N2CCSC(C)(C)[C@@H]2C(=O)NO)cc1,8.85,0.0,1
CHEMBL333,COc1ccc(S(=O)(=O)N2CC[C@H](C(=O)NO)N(S(=O)(=O)c3ccc(OC)cc3)CC2)cc1,9.3,0.0,1
CHEMBL333,COc1ccc(S(=O)(=O)N2CCc3cc(O)c(OC)cc3C2C(=O)NO)cc1,7.58,0.0,1
CHEMBL333,COc1ccc(S(=O)(=O)N2CCc3cc(O)ccc3C2C(=O)NO)cc1,6.14,0.0,1
CHEMBL333,COc1ccc(S(=O)(=O)N2CCc3cc(OCc4ccccc4)ccc3C2C(=O)NO)cc1,7.8,0.0,1
CHEMBL333,COc1ccc(S(=O)(=O)N2CN(C(C)(C)C)C(=O)C[C@@H]2C(=O)NO)cc1,9.0,0.0,1
CHEMBL333,COc1ccc(S(=O)(=O)N2CN(C(C)C)C(=O)C[C@@H]2C(=O)NO)cc1,8.28,0.0,1
CHEMBL333,COc1ccc(S(=O)(=O)N2CN(C)C(=O)C[C@@H]2C(=O)NO)cc1,8.06,0.0,1
CHEMBL333,COc1ccc(S(=O)(=O)N2CN(C3CCCCC3)C(=O)C[C@@H]2C(=O)NO)cc1,9.15,0.0,1
CHEMBL333,COc1ccc(S(=O)(=O)N2CN(Cc3ccccc3)C(=O)CC2C(=O)NO)cc1,9.0,0.0,1
CHEMBL333,COc1ccc(S(=O)(=O)N2CN(Cc3ccccc3)C(=O)C[C@@H]2C(=O)NO)cc1,9.0,0.0,1
CHEMBL333,COc1ccc(S(=O)(=O)N2C[C@@H](N(Cc3cccnc3)C(=O)C(C)C)C[C@@H]2C(=O)NO)cc1,8.66,0.0,1
CHEMBL333,COc1ccc(S(=O)(=O)N2C[C@@H](N(Cc3cccnc3)S(C)(=O)=O)C[C@@H]2C(=O)NO)cc1,8.7,0.0,1
CHEMBL333,COc1ccc(S(=O)(=O)N2C[C@@H](N)C[C@@H]2C(=O)NO)cc1,8.22,0.0,1
CHEMBL333,COc1ccc(S(=O)(=O)N2C[C@@H](N3CCCCC3)C[C@@H]2C(=O)NO)cc1,8.22,0.0,1
CHEMBL333,COc1ccc(S(=O)(=O)N2C[C@@H](N3CCOCC3)C[C@@H]2C(=O)NO)cc1,8.22,0.0,1
CHEMBL333,COc1ccc(S(=O)(=O)N2C[C@@H](NC(=O)CNC(=O)[C@@H](N)C(C)C)C[C@H]2C(=O)NO)cc1,5.57,0.0,1
CHEMBL333,COc1ccc(S(=O)(=O)N2C[C@@H](NC(=O)CNC(=O)[C@@H](N)CC(C)C)C[C@H]2C(=O)NO)cc1,5.405,1.2374368670764582,2
CHEMBL333,COc1ccc(S(=O)(=O)N2C[C@@H](NC(=O)CNC(=O)[C@@H](N)CCSC)C[C@H]2C(=O)NO)cc1,5.285,1.1808683245815343,2
CHEMBL333,COc1ccc(S(=O)(=O)N2C[C@@H](NC(=O)CNC(=O)[C@@H](N)Cc3ccccc3)C[C@H]2C(=O)NO)cc1,5.32,1.159655121145938,2
CHEMBL333,COc1ccc(S(=O)(=O)N2C[C@@H](NC(=O)CNC(=O)[C@H](C)N)C[C@H]2C(=O)NO)cc1,5.38,0.0,1
CHEMBL333,COc1ccc(S(=O)(=O)N2C[C@@H](NC(=O)[C@H](C)OCc3ccccc3)C[C@@H]2C(=O)NO)cc1,9.52,0.0,1
CHEMBL333,COc1ccc(S(=O)(=O)N2C[C@@H](NC(=O)[C@H](Cc3ccccc3)OCc3ccccc3)C[C@@H]2C(=O)NO)cc1,9.7,0.0,1
CHEMBL333,COc1ccc(S(=O)(=O)N2C[C@@H](NCCc3ccccc3)C[C@@H]2C(=O)NO)cc1,9.0,0.0,1
CHEMBL333,COc1ccc(S(=O)(=O)N2C[C@@H](NS(C)(=O)=O)C[C@@H]2C(=O)NO)cc1,8.7,0.0,1
CHEMBL333,COc1ccc(S(=O)(=O)N2C[C@@H](O)CS(=O)(=O)C(C)(C)[C@@H]2C(=O)NO)cc1,8.28,0.0,1
CHEMBL333,COc1ccc(S(=O)(=O)N2C[C@@H]3CCCN3C(=O)C[C@@H]2C(=O)NO)cc1,8.28,0.0,1
CHEMBL333,COc1ccc(S(=O)(=O)N2C[C@H](NC(=O)CCCN)C[C@@H]2C(=O)NO)cc1,6.52,0.0,1
CHEMBL333,COc1ccc(S(=O)(=O)N2C[C@H](NC(=O)CCCNC(=O)OC(C)(C)C)C[C@@H]2C(=O)NO)cc1,7.04,0.0,1
CHEMBL333,COc1ccc(S(=O)(=O)N2C[C@H](NC(=O)[C@@H](N)CCCCN)C[C@@H]2C(=O)NO)cc1,5.9,0.0,1
CHEMBL333,COc1ccc(S(=O)(=O)N2C[C@H](NC(=O)[C@@H](N)CCCN)C[C@@H]2C(=O)NO)cc1,7.82,0.0,1
CHEMBL333,COc1ccc(S(=O)(=O)N2C[C@H](NC(=O)[C@H](CCCCN)NC(=O)OC(C)(C)C)C[C@@H]2C(=O)NO)cc1,6.37,0.0,1
CHEMBL333,COc1ccc(S(=O)(=O)N2C[C@H](NC(=O)[C@H](CCCN)NC(=O)OC(C)(C)C)C[C@@H]2C(=O)NO)cc1,5.88,0.0,1
CHEMBL333,COc1ccc(S(=O)(=O)N2[C@H](C(=O)NO)C[C@@H]3CCN(C(=O)CCc4ccccc4)C[C@@H]32)cc1,7.3,0.0,1
CHEMBL333,COc1ccc(S(=O)(=O)NC(C)C(=O)NO)cc1,7.06,0.0,1
CHEMBL333,COc1ccc(S(=O)(=O)NC(P(=O)(O)O)P(=O)(O)O)cc1,4.72,0.0,1
CHEMBL333,COc1ccc(S(=O)(=O)NCC(=O)NO)cc1,7.5,0.0,1
CHEMBL333,COc1ccc(S(=O)(=O)N[C@H]2C[C@H](C(=O)NO)N(S(=O)(=O)c3ccc(OC)cc3)C2)cc1,8.52,0.0,1
CHEMBL333,COc1ccc(S(=O)(=O)c2ccccc2C(=O)NO)cc1,4.46,0.0,1
CHEMBL333,COc1ccc(S(=O)(=O)c2ccccc2CC(=O)NO)cc1,6.64,0.0,1
CHEMBL333,COc1ccc(S(=O)(=O)c2ccccc2CC(=O)O)cc1,4.24,0.0,1
CHEMBL333,COc1ccc([S+]([O-])N2C[C@H](NC(=O)C(C)(C)C)C[C@@H]2C(=O)NO)cc1,7.58,0.0,1
CHEMBL333,COc1ccc2c(c1)C(=O)N(C[C@@]1(C#Cc3cccnc3)NC(=O)NC1=O)C2,6.37,0.0,1
CHEMBL333,COc1ccc2c(c1)C(=O)N(C[C@@]1(c3cc4cnccc4o3)NC(=O)NC1=O)C2,6.27,0.0,1
CHEMBL333,COc1ccc2cc(S(=O)(=O)N(CCC(C)C)[C@@H](C(=O)NO)C(C)C)ccc2c1,6.75,0.0,1
CHEMBL333,COc1ccc2ccc(S(=O)(=O)N(CCC(C)C)[C@@H](C(=O)NO)C(C)C)cc2c1,5.36,0.0,1
CHEMBL333,COc1ccc2oc(=O)c(CCC(=O)NO)cc2c1,6.23,0.0,1
CHEMBL333,COc1ccc2oc(C(=O)Nc3ccc(-c4ccc(S(=O)(=O)N[C@H](C(=O)O)C(C)C)cc4)cc3)cc2c1,8.72,0.0,1
CHEMBL333,COc1cccc(-c2ccc(C3=CCN(S(=O)(=O)CC(=O)NO)CC3)cc2C)c1,6.65,0.0,1
CHEMBL333,COc1cccc(-c2ccc(S(=O)(=O)N[C@H](Cc3c[nH]c4ccccc34)C(=O)O)cc2)c1,6.0,0.0,1
CHEMBL333,COc1cccc(-c2csc(N3N=C(c4ccc(F)cc4)CC3c3ccccc3O)n2)c1,5.17,0.0,1
CHEMBL333,COc1cccc(-c2csc(N3N=C(c4ccccc4)CC3c3ccccc3O)n2)c1,5.08,0.0,1
CHEMBL333,COc1cccc(/C=N/NC(=O)Cn2c(=O)c(C)nc3ccccc32)c1O,5.14,0.0,1
CHEMBL333,COc1cccc(C#Cc2ccc(SC(CCN3C(=O)c4ccccc4C3=O)C(=O)O)cc2)c1,8.4,0.0,1
CHEMBL333,COc1cccc(C(=O)Nc2ccc(-c3ccc(S(=O)(=O)N[C@H](C(=O)O)C(C)C)cc3)cc2)c1,7.85,0.0,1
CHEMBL333,COc1cccc(C2=CCN(C(=O)[C@H]3NCC4(CC4)C[C@@H]3C(=O)NO)CC2)c1,7.3,0.0,1
CHEMBL333,COc1cccc(C2=NN(c3ccc(S(N)(=O)=O)cc3)C(c3ccc4ccccc4c3)C2)c1,5.545,0.1767766952966369,2
CHEMBL333,COc1cccc(C2=NN(c3ccc(S(N)(=O)=O)cc3)C(c3cccc4ccccc34)C2)c1,5.32,0.0,1
CHEMBL333,COc1cccc(CNC(=O)c2nc3ccc(F)c(OCCc4ccc(C(=O)O)cc4)c3c(=O)[nH]2)c1,5.28,0.0,1
CHEMBL333,COc1cccc(CNC(=O)c2nc3ccccc3c(=O)[nH]2)c1,6.52,0.0,1
CHEMBL333,COc1cccc(CNC(=O)c2nc3scc(-c4cccc(Cl)c4)c3c(=O)[nH]2)c1,5.58,0.0,1
CHEMBL333,COc1cccc(CNC(=O)c2nc3scc(COCc4ccc(C(=O)O)cc4)c3c(=O)[nH]2)c1,7.75,0.0,1
CHEMBL333,COc1cccc(COC(=O)c2cccc(=O)[nH]2)c1,4.16,0.0,1
CHEMBL333,COc1cccc(COC(=O)c2cccc(S)n2)c1,4.05,0.0,1
CHEMBL333,COc1cccc(N2CCN(c3ccc(S(=O)(=O)C4(C(=O)NO)CCOCC4)cc3)CC2)c1,7.31,0.0,1
CHEMBL333,COc1cccc(NC(=O)/C=C/c2ccc(O)c(O)c2)c1,5.78,0.0,1
CHEMBL333,COc1cccc(NC(=O)/C=C/c2ccc(O)cc2)c1,5.75,0.0,1
CHEMBL333,COc1cccc(NC(=O)/C=C/c2cccc(O)c2)c1,5.78,0.0,1
CHEMBL333,COc1cccc(NC(=O)/C=C/c2ccccc2)c1,5.73,0.0,1
CHEMBL333,COc1cccc(N[C@@H](CN(c2ccc(Oc3ccc(C)cc3)cc2)S(C)(=O)=O)C(=O)NO)c1,7.57,0.0,1
CHEMBL333,COc1cccc2c1C(=O)c1c(O)c3c(c(O)c1C2=O)C[C@@](O)(C(=O)CO)C[C@@H]3O[C@H]1C[C@H](N)[C@H](O)[C@H](C)O1,5.96,0.0,1
CHEMBL333,COc1cccc2c1C(=O)c1c(O)c3c(c(O)c1C2=O)C[C@@](O)(C(C)=O)C[C@@H]3O[C@H]1C[C@H](N)[C@H](O)[C@H](C)O1,5.72,0.0,1
CHEMBL333,COc1cccc2cc(C(=O)Nc3ccc(-c4ccc(S(=O)(=O)N[C@H](C(=O)O)C(C)C)cc4)cc3)oc12,7.92,0.0,1
CHEMBL333,COc1cccc2oc(C(=O)Nc3ccc(-c4ccc(S(=O)(=O)N[C@H](C(=O)O)C(C)C)cc4)cc3)c(C)c12,5.98,0.0,1
CHEMBL333,COc1cccc2oc(C(=O)Nc3ccc(-c4ccc(S(=O)(=O)N[C@H](C(=O)O)C(C)C)cc4)cc3)cc12,7.8,0.0,1
CHEMBL333,COc1ccccc1/C=N/NC(=O)[C@@H]1CC2(CN1S(=O)(=O)c1ccc(C)cc1)SCCS2,4.54,0.0,1
CHEMBL333,COc1ccccc1C1CCN(c2ccc(S(=O)(=O)C3(C(=O)NO)CCOCC3)cc2)CC1,5.43,0.0,1
CHEMBL333,COc1ccccc1N1CCN(C(=O)C2CCN(c3ccc(S(=O)(=O)C4(C(=O)NO)CCOCC4)cc3)CC2)CC1,5.35,0.0,1
CHEMBL333,COc1ccccc1N1CCN(c2ccc(S(=O)(=O)C3(C(=O)NO)CCOCC3)cc2)CC1,6.43,0.0,1
CHEMBL333,COc1ccccc1NC(=O)/C=C/c1ccc(O)c(O)c1,8.28,0.0,1
CHEMBL333,COc1ccccc1NC(=O)/C=C/c1ccc(O)cc1,8.26,0.0,1
CHEMBL333,COc1ccccc1NC(=O)/C=C/c1cccc(O)c1,8.25,0.0,1
CHEMBL333,COc1ccccc1NC(=O)/C=C/c1ccccc1,8.2,0.0,1
CHEMBL333,CS(=O)(=O)N(CC(=O)NO)c1ccc(Oc2ccccc2)cc1,6.83,0.0,1
CHEMBL333,CS(=O)(=O)N(C[C@@H](C(=O)NO)N1CCC(O)CC1)c1ccc(Oc2ccc(C(F)(F)F)cc2)cc1,8.24,0.0,1
CHEMBL333,CS(=O)(=O)N(C[C@@H](C(=O)NO)N1CCC(c2ccccc2)CC1)c1ccc(Oc2ccc(C(F)(F)F)cc2)cc1,7.33,0.0,1
CHEMBL333,CS(=O)(=O)N(C[C@@H](C(=O)NO)N1CCCCC1)c1ccc(Oc2ccc(C(F)(F)F)cc2)cc1,8.12,0.0,1
CHEMBL333,CS(=O)(=O)N(C[C@@H](C(=O)NO)N1CCN(c2ccc(Cl)cc2)CC1)c1ccc(Oc2ccc(C(F)(F)F)cc2)cc1,6.92,0.0,1
CHEMBL333,CS(=O)(=O)N(C[C@@H](C(=O)NO)N1CCOCC1)c1ccc(Oc2ccc(C(F)(F)F)cc2)cc1,8.03,0.0,1
CHEMBL333,CS(=O)(=O)N(C[C@@H](C(=O)NO)N1CCOCC1)c1ccc(Oc2ccc(Cl)cc2)cc1,8.26,0.0,1
CHEMBL333,CS(=O)(=O)N(C[C@@H](C(=O)NO)N1CCS(=O)(=O)CC1)c1ccc(Oc2ccc(C(F)(F)F)cc2)cc1,8.32,0.0,1
CHEMBL333,CS(=O)(=O)N(C[C@H](C(=O)NO)[C@@H](CC1CCCC1)C(=O)N1CCCCC1)C1CC1,5.7,0.0,1
CHEMBL333,CS(=O)(=O)N(C[C@H](C(=O)NO)[C@@H](CC1CCCC1)C(=O)N1CCCCC1)C1CCCC1,5.52,0.0,1
CHEMBL333,CS(=O)(=O)N(C[C@H](O)C(=O)NO)c1ccc(C#Cc2ccc(Cl)cc2)cc1,7.25,0.0,1
CHEMBL333,CS(=O)(=O)N(C[C@H](O)C(=O)NO)c1ccc(OCc2ccc(C(F)(F)F)cc2)cc1,5.54,0.0,1
CHEMBL333,CS(=O)(=O)N(C[C@H](O)C(=O)NO)c1ccc(OCc2ccc(Cl)cc2)cc1,6.05,0.0,1
CHEMBL333,CS(=O)(=O)N(C[C@H](O)C(=O)NO)c1ccc(OCc2ccc(F)cc2)cc1,5.63,0.0,1
CHEMBL333,CS(=O)(=O)N(C[C@H](O)C(=O)NO)c1ccc(Oc2ccc(C(F)(F)F)cc2)cc1,6.86,0.0,1
CHEMBL333,CS(=O)(=O)N(C[C@H](O)C(=O)NO)c1ccc(Oc2ccc(C(F)(F)F)cn2)cc1,5.6,0.0,1
CHEMBL333,CS(=O)(=O)N(C[C@H](O)C(=O)NO)c1ccc(Oc2ccc(Cl)cc2)cc1,7.46,0.0,1
CHEMBL333,CS(=O)(=O)N(C[C@H](O)C(=O)NO)c1ccc(Oc2ccccc2)cc1,6.61,0.0,1
CHEMBL333,CS(=O)(=O)N(C[C@H](O)C(=O)NO)c1ccc(Sc2ccc(F)cc2)cc1,6.55,0.0,1
CHEMBL333,CS(=O)(=O)N1CC2(CC2)C[C@H](C(=O)NO)[C@H]1C(=O)N1C=CC(c2ccccc2)CC1,7.28,0.0,1
CHEMBL333,CS(=O)(=O)N1CC2(CC2)C[C@H](C(=O)NO)[C@H]1C(=O)N1CCN(c2ccccc2)CC1,7.07,0.0,1
CHEMBL333,CS(=O)(=O)N1CCC(NC(=O)c2ccc(Oc3ccc(C#C[C@]4(O)CN5CCC4CC5)cc3)cc2)CC1,5.1,0.0,1
CHEMBL333,CS(=O)(=O)N1CCC[C@H]1[C@@H](CS(=O)(=O)c1ccc(Oc2ccc(OC(F)(F)F)cc2)cc1)N(O)C=O,8.72,0.0,1
CHEMBL333,CS(=O)(=O)N1CCN(CCC(CS(=O)(=O)c2ccc(Oc3ccc(OC(F)(F)F)cc3)cc2)N(O)C=O)CC1,9.48,0.0,1
CHEMBL333,CS(=O)(=O)N1CCN([C@@H](CN(c2ccc(Oc3ccc(C(F)(F)F)cc3)cc2)S(C)(=O)=O)C(=O)NO)CC1,8.0,0.0,1
CHEMBL333,CS(=O)(=O)N1C[C@H](O)C[C@H]1C(=O)NO,7.7,0.0,1
CHEMBL333,CS(=O)(=O)N[C@@H](Cc1ccc(OCCc2ccccc2)cc1)C(=O)NO,7.54,0.0,1
CHEMBL333,CS(=O)(=O)N[C@@H](Cc1ccc(OCCc2ccccc2)cc1)C(=O)O,6.92,0.0,1
CHEMBL333,CS(=O)(=O)N[C@@H](Cc1ccc(OCc2ccccc2)cc1)C(=O)NO,7.17,0.0,1
CHEMBL333,CS(=O)(=O)N[C@@H](Cc1ccc(OCc2ccccc2)cc1)C(=O)O,5.85,0.0,1
CHEMBL333,CS(=O)(=O)Nc1ccc(C(=O)NC(C(=O)NO)c2ccc(-c3cc(F)c(F)c(F)c3)cc2)cc1,5.89,0.0,1
CHEMBL333,CS(=O)(=O)Nc1ccc(F)cc1C(=O)N1CCCN(C2(c3ccc(Oc4ccccc4)cc3)C(=O)NC(=O)NC2=O)CC1,7.08,0.0,1
CHEMBL333,CS(=O)(=O)Oc1cccc(CNC(=O)c2ccc(Oc3ccc(C#C[C@]4(O)CN5CCC4CC5)cc3)cc2)c1,5.1,0.0,1
CHEMBL333,CS(=O)(=O)c1ccc(-c2ccc(C(=O)CC3(O)C(=O)NC(=O)NC3=O)cc2)cc1,7.24,0.0,1
CHEMBL333,CS(=O)(=O)c1cccc(CNC(=O)c2ccc(Oc3ccc(C#C[C@]4(O)CN5CCC4CC5)cc3)cc2)c1,5.1,0.0,1
CHEMBL333,CSCCNC(=O)[C@@H]1Cc2ccc(cc2)OCCCC[C@H](C(=O)NO)[C@@H](CC(C)C)C(=O)N1,8.42,0.0,1
CHEMBL333,CSCC[C@@H](C(=O)N1CCC[C@H]1C(N)=O)N(C)C(=O)[C@H](CC(C)C)NC(=O)[C@H](C)NC(=O)[C@H](CC(=O)O)NC(=O)[C@H](CC(N)=O)NC(=O)CCCNS(=O)(=O)c1ccc(Oc2ccccc2)cc1,9.89,0.0,1
CHEMBL333,CSCC[C@@H](C(=O)N1CCC[C@H]1CC(N)=O)N(C)C(=O)[C@H](CC(C)C)NC(=O)[C@H](C)NC(=O)[C@H](CC(=O)O)NC(=O)[C@H](CC(N)=O)NC(=O)CCCNS(=O)(=O)c1ccc(Oc2ccccc2)cc1,10.36,0.0,1
CHEMBL333,CSCC[C@@H](C(=O)NO)N(CC(C)C)S(=O)(=O)c1ccc(-c2ccccc2)cc1,9.15,0.0,1
CHEMBL333,CSCC[C@H](N)C(=O)NCC(=O)N[C@H]1C[C@@H](C(=O)NO)N(S(=O)(=O)c2ccc(C)cc2)C1,5.99,0.0,1
CHEMBL333,CSCC[C@H](N)C(=O)NCC(=O)N[C@H]1C[C@@H](C(=O)NO)N(S(=O)(=O)c2ccc(Cl)cc2)C1,5.46,1.2445079348883235,2
CHEMBL333,CSCC[C@H](N)C(=O)NCC(=O)N[C@H]1C[C@@H](C(=O)NO)N(S(=O)(=O)c2ccccc2)C1,5.63,0.0,1
CHEMBL333,CSCC[C@H](NC(=O)[C@H](CC(C)C)NC(=O)CNC(=O)CC[C@H](NS(=O)(=O)c1ccc(Cl)c(C(F)(F)F)c1)C(=O)O)C(N)=O,4.14,0.0,1
CHEMBL333,CSCC[C@H](NC(=O)[C@H](CC(C)C)NC(=O)[C@H](C)NC(=O)[C@H](CC(=O)O)NC(=O)[C@H](CC(N)=O)NC(=O)CCCCNS(=O)(=O)c1ccc(-c2ccccc2)cc1)C(=O)N1CCC[C@H]1C(N)=O,8.54,0.0,1
CHEMBL333,CSCC[C@H](NC(=O)[C@H](CC(C)C)NC(=O)[C@H](C)NC(=O)[C@H](CC(=O)O)NC(=O)[C@H](CC(N)=O)NC(=O)CCCCS(=O)(=O)c1ccc(Oc2ccccc2)cc1)C(=O)N1CCC[C@H]1C(N)=O,10.05,0.0,1
CHEMBL333,CSCC[C@H](NC(=O)[C@H](CC(C)C)NC(=O)[C@H](C)NC(=O)[C@H](CC(=O)O)NC(=O)[C@H](CC(N)=O)NC(=O)CCCNS(=O)(=O)c1ccc(-c2ccccc2)cc1)C(=O)N1CCC[C@H]1C(N)=O,8.04,0.0,1
CHEMBL333,CSCC[C@H](NC(=O)[C@H](CC(C)C)NC(=O)[C@H](C)NC(=O)[C@H](CC(=O)O)NC(=O)[C@H](CC(N)=O)NC(=O)CCCNS(=O)(=O)c1ccc(Oc2ccccc2)cc1)C(=O)N1CCC[C@H]1C(N)=O,10.08,0.0,1
CHEMBL333,CSCC[C@H](NC(=O)[C@H](CC(C)C)NC(=O)[C@H](C)NC(=O)[C@H](CC(=O)O)NC(=O)[C@H](CC(N)=O)NC(=O)CCNS(=O)(=O)c1ccc(-c2ccccc2)cc1)C(=O)N1CCC[C@H]1C(N)=O,8.2,0.0,1
CHEMBL333,CSCC[C@H](NC(=O)[C@H](CC(C)C)NC(=O)[C@H](C)NC(=O)[C@H](CC(=O)O)NC(=O)[C@H](CC(N)=O)NC(=O)CCNS(=O)(=O)c1ccc(Oc2ccccc2)cc1)C(=O)N1CCC[C@H]1C(N)=O,9.31,0.0,1
CHEMBL333,CSCC[C@H](NC(=O)[C@H](CC(C)C)NC(=O)[C@H](C)NC(=O)[C@H](CC(=O)O)NC(=O)[C@H](CC(N)=O)NC(=O)CNS(=O)(=O)c1ccc(Oc2ccccc2)cc1)C(=O)N1CCC[C@H]1C(N)=O,7.16,0.0,1
CHEMBL333,CSc1ccc(-c2ccc(C(=O)CC3(O)C(=O)NC(=O)NC3=O)cc2)cc1,6.92,0.0,1
CHEMBL333,CSc1ccc(-c2ccc(S(=O)(=O)C(CCN3C(=O)c4ccccc4C3=O)C(=O)O)cc2)cc1,9.13,0.0,1
CHEMBL333,CSc1ccc(-c2ccc(S(=O)(=O)CC(CN3C(=O)NC(C)(C)C3=O)N(O)C=O)cc2)cc1,9.17,0.0,1
CHEMBL333,CSc1ccc(-c2ccc(S(=O)(=O)N(CC(=O)NO)OC(C)C)cc2)cc1,8.82,0.0,1
CHEMBL333,CSc1ccc(-c2ccc(S(=O)(=O)NC(CC#CCN3CCOCC3)C(=O)O)cc2)cc1,7.62,0.0,1
CHEMBL333,CSc1ccc(-c2ccc(S(=O)(=O)NC(CC#Cc3ccccc3)C(=O)O)cc2)cc1,8.22,0.0,1
CHEMBL333,CSc1ccc(-c2ccc(S(=O)(=O)N[C@@H](C(=O)O)C(C)C)cc2)cc1,7.64,0.0,1
CHEMBL333,CSc1ccc(-c2ccc(S[C@H]3CC[C@@H](Cn4c(=O)nc5ccccn5c4=O)[C@@H]3C(=O)O)cc2)cc1,7.85,0.0,1
CHEMBL333,CSc1ccc(-c2ccc(S[C@H]3CC[C@@H](Cn4nnc5ccccc5c4=O)[C@@H]3C(=O)O)cc2)cc1,8.3,0.0,1
CHEMBL333,CSc1ccc(-n2nnc(-c3ccc(S(=O)(=O)N[C@@H](C(=O)O)C(C)C)cc3)n2)cc1,7.89,0.0,1
CHEMBL333,CSc1ccc(C(=O)N2CCCN(C3(c4ccc(Oc5ccccc5)cc4)C(=O)NC(=O)NC3=O)CC2)cc1,6.39,0.0,1
CHEMBL333,CSc1ccc(C(=O)Nc2ccc(S(=O)(=O)N[C@@H](C(=O)O)C(C)C)cc2)cc1,8.17,0.0,1
CHEMBL333,C[C@@H](C[C@@H](CO)NC(=O)c1ccc(Oc2ccccc2)cc1)C(=O)NO,9.19,0.0,1
CHEMBL333,C[C@@H](C[C@@H](COC(=O)CCC(=O)O)NC(=O)c1ccc(Oc2ccccc2)cc1)C(=O)NO,8.96,0.0,1
CHEMBL333,C[C@@H](C[C@@](C)(CS(=O)(=O)N1CCC(CCc2cc(F)ccc2Cl)CC1)N(O)C=O)c1ncc(F)cn1,6.3,0.0,1
CHEMBL333,C[C@@H](C[C@@](C)(CS(=O)(=O)N1CCC(CCc2ccc(C(F)(F)F)cc2Cl)CC1)N(O)C=O)c1ncc(F)cn1,6.77,0.0,1
CHEMBL333,C[C@@H](C[C@@](C)(CS(=O)(=O)N1CCC(CCc2ccc(F)cc2Br)CC1)N(O)C=O)c1ncc(F)cn1,5.77,0.0,1
CHEMBL333,C[C@@H](C[C@@](C)(CS(=O)(=O)N1CCC(CCc2ccc(F)cc2C(F)(F)F)CC1)N(O)C=O)c1ncc(F)cn1,5.72,0.0,1
CHEMBL333,C[C@@H](C[C@@](C)(CS(=O)(=O)N1CCC(CCc2ccc(S(C)(=O)=O)cc2Cl)CC1)N(O)C=O)c1ncc(F)cn1,6.75,0.0,1
CHEMBL333,C[C@@H](C[C@@](C)(CS(=O)(=O)N1CCC(CCc2ncc(C(F)(F)F)cc2Cl)CC1)N(O)C=O)c1ncc(F)cn1,5.55,0.0,1
CHEMBL333,C[C@@H](C[C@@]1(C)NC(=O)NC1=O)C(=O)N1CCN(c2cc(F)cc(-c3cn[nH]c3)c2)[C@@H](C)C1,6.17,0.0,1
CHEMBL333,C[C@@H](C[C@@]1(C2CC2)NC(=O)NC1=O)C(=O)N1CCN(c2cc(F)cc(-c3cn[nH]c3)c2)[C@@H](C)C1,6.39,0.0,1
CHEMBL333,C[C@@H](C[C@@]1(C2CC2)NC(=O)NC1=O)C(=O)N1CCN(c2ccc(F)c(-c3cn[nH]c3)c2)[C@@H](C)C1,6.34,0.0,1
CHEMBL333,C[C@@H](C[C@@]1(C2CC2)NC(=O)NC1=O)C(=O)N1CCN(c2ccc(F)c(F)c2)[C@@H](C)C1,6.72,0.0,1
CHEMBL333,C[C@@H](Cc1ccc(C(F)(F)F)cc1)C(=O)NC[C@@]1(C2CC2)NC(=O)NC1=O,6.55,0.0,1
CHEMBL333,C[C@@H](NC(=O)P(=O)(O)O)C1CCCCC1,6.7,0.0,1
CHEMBL333,C[C@@H](NC(=O)[C@@H](NC(=O)[C@H](CCCC1CCCCC1)CC(=O)NO)C(C)(C)C)c1ccccc1,6.02,0.028284271247461613,2
CHEMBL333,C[C@@H](NC(=O)[C@@H](NC(=O)[C@H](CCCc1ccc(-c2ccccc2)c(C(F)(F)F)c1)CC(=O)NO)C(C)(C)C)c1ccccc1,4.28,0.0,1
CHEMBL333,C[C@@H](NC(=O)[C@@H](NC(=O)[C@H](CCCc1ccc(-c2ccccc2)c(Cl)c1)CC(=O)NO)C(C)(C)C)c1ccccc1,5.89,0.0,1
CHEMBL333,C[C@@H](NC(=O)[C@@H](NC(=O)[C@H](CCCc1ccc(-c2ccccc2)c(F)c1)CC(=O)NO)C(C)(C)C)c1ccccc1,6.47,0.0,1
CHEMBL333,C[C@@H](NC(=O)[C@@H](NC(=O)[C@H](CCCc1ccc(-c2ccccc2)cc1)CC(=O)NO)C(C)(C)C)c1ccccc1,7.47,0.0,1
CHEMBL333,C[C@@H](NC(=O)[C@@H](NC(=O)[C@H](CCCc1ccc2c(c1)Cc1ccccc1-2)CC(=O)NO)C(C)(C)C)c1ccccc1,7.96,0.0,1
CHEMBL333,C[C@@H](NC(=O)[C@@H](NC(=O)[C@H](CCCc1ccccc1)CC(=O)NO)C(C)(C)C)c1ccccc1,7.833333333333333,1.3845697285920031,3
CHEMBL333,C[C@@H](NC(=O)[C@@H](NC(=O)[C@H](CCCc1ccccc1)CC(=O)O)C(C)(C)C)c1ccccc1,6.55,1.0606601717798212,2
CHEMBL333,C[C@@H](NC(=O)[C@@H](NC(=O)[C@H](CCc1ccc(-c2ccc(F)cc2)cc1)CC(=O)NO)C(C)(C)C)c1ccccc1,6.68,0.0,1
CHEMBL333,C[C@@H](NC(=O)c1ccc(Oc2ccc(C#C[C@]3(O)CN4CCC3CC4)cc2)cc1)c1ccncc1,5.4,0.0,1
CHEMBL333,C[C@@H]1CN(C(=O)CCC2(C3CC3)NC(=O)NC2=O)CCN1c1ccccc1,5.71,0.0,1
CHEMBL333,C[C@@H]1CN([C@@H](CN(c2ccc(Oc3ccc(C(F)(F)F)cc3)cc2)S(C)(=O)=O)C(=O)NO)C[C@H](C)O1,8.25,0.0,1
CHEMBL333,C[C@@H]1CN([C@@H](CN(c2ccc(Oc3ccc(Cl)cc3)cc2)S(C)(=O)=O)C(=O)NO)C[C@H](C)O1,8.6,0.0,1
CHEMBL333,C[C@@H]1OC(C)(C)OC1[C@@H](CS(=O)(=O)c1ccc(Oc2ccc(OC(F)(F)F)cc2)cc1)N(O)C=O,8.72,0.0,1
CHEMBL333,C[C@@H]1OC(C)(C)O[C@H]1C(CS(=O)(=O)c1ccc(Oc2ccc(OC(F)(F)F)cc2)cc1)N(O)C=O,8.72,0.0,1
CHEMBL333,C[C@@H]1O[C@@H](O[C@@H]2[C@@H](O)[C@H](OCCc3ccc(O)c(O)c3)O[C@H](COC(=O)/C=C/c3ccc(O)c(O)c3)[C@H]2O)[C@H](O)[C@H](O)[C@H]1O,5.05,0.0,1
CHEMBL333,C[C@@H]1O[C@@H](O[C@H]2[C@H](O[C@H]3CC[C@@]4(C)C(CC[C@]5(C)C4CC=C4C6CC(C)(C)CC[C@]6(C(=O)O)CC[C@]45C)[C@]3(C)COC(=O)[C@]3(O)C[C@@H](O)[C@@H](O)[C@H](OC(=O)/C=C/c4ccc(O)c(O)c4)C3)OC[C@H](O)[C@@H]2O)[C@H](O)[C@H](O)[C@H]1O,5.21,0.0,1
CHEMBL333,C[C@@]1(O)CCCN(S(=O)(=O)c2ccc(OCc3ccc(F)cc3Cl)cc2)[C@H]1C(=O)NO,8.350000000000001,0.07071067811865513,2
CHEMBL333,C[C@@]1(O)c2cccc(O)c2C(=O)C2=C(O)[C@]3(O)C(=O)C(C(N)=O)=C(O)C[C@@H]3C[C@@H]21,5.895,0.007071067811865638,2
CHEMBL333,C[C@H](C[C@H](CO)NC(=O)c1ccc(Oc2ccccc2)cc1)C(=O)NO,9.19,0.0,1
CHEMBL333,C[C@H](C[C@H](COC(=O)CCC(=O)O)NC(=O)c1ccc(Oc2ccccc2)cc1)C(=O)NO,8.96,0.0,1
CHEMBL333,C[C@H](Cc1ccc(C(F)(F)F)cc1)C(=O)NC[C@@]1(C2CC2)NC(=O)NC1=O,5.75,0.0,1
CHEMBL333,C[C@H](N)C(=O)NCC(=O)N[C@H]1C[C@@H](C(=O)NO)N(S(=O)(=O)c2ccc(Cl)cc2)C1,5.47,0.0,1
CHEMBL333,C[C@H](N)C(=O)NCC(=O)N[C@H]1C[C@@H](C(=O)NO)N(S(=O)(=O)c2ccccc2)C1,5.13,0.0,1
CHEMBL333,C[C@H](NC(=O)P(=O)(O)O)C1CCCCC1,6.0,0.0,1
CHEMBL333,C[C@H](NC(=O)[C@@H](NC(=O)[C@H](CCCc1ccccc1)CC(=O)NO)C(C)(C)C)c1ccccc1,8.315,1.5627059864222697,2
CHEMBL333,C[C@H](NC(=O)[C@@H](NC(=O)[C@H](CCCc1ccccc1)CC(=O)O)C(C)(C)C)c1ccccc1,6.55,1.0606601717798212,2
CHEMBL333,C[C@H](NS(=O)(=O)c1ccc(-c2ccc(Br)cc2)cc1)C(=O)O,7.92,0.0,1
CHEMBL333,C[C@H]1CN(C(=O)C(CO)CC2(C)NC(=O)NC2=O)CCN1c1ccc(F)c(Cl)c1,5.88,0.0,1
CHEMBL333,C[C@H]1CN(C(=O)CCC2(C)NC(=O)NC2=O)CCN1c1cc(Cl)cc(Cl)c1,6.13,0.0,1
CHEMBL333,C[C@H]1CN(C(=O)CCC2(C)NC(=O)NC2=O)CCN1c1ccc(Cl)c(Cl)c1,5.85,0.0,1
CHEMBL333,C[C@H]1CN(C(=O)CCC2(C)NC(=O)NC2=O)CCN1c1ccc(Cl)cc1,6.66,0.0,1
CHEMBL333,C[C@H]1CN(C(=O)CCC2(C)NC(=O)NC2=O)CCN1c1cccc(Cl)c1,5.59,0.0,1
CHEMBL333,C[C@H]1CN(C(=O)CCC2(C)NC(=O)NC2=O)CCN1c1cccc(F)c1,6.91,0.0,1
CHEMBL333,C[C@H]1CN(C(=O)CCC2(C3CC3)NC(=O)NC2=O)CCN1c1cc(Cl)cc(Cl)n1,6.67,0.0,1
CHEMBL333,C[C@H]1CN(C(=O)CCC2(C3CC3)NC(=O)NC2=O)CCN1c1cc(Cl)ccn1,5.71,0.0,1
CHEMBL333,C[C@H]1CN(C(=O)CCC2(C3CC3)NC(=O)NC2=O)CCN1c1cc(Cl)ncn1,5.59,0.0,1
CHEMBL333,C[C@H]1CN(C(=O)CCC2(C3CC3)NC(=O)NC2=O)CCN1c1cc(F)cc(-c2cn[nH]c2)c1,6.66,0.0,1
CHEMBL333,C[C@H]1CN(C(=O)CCC2(C3CC3)NC(=O)NC2=O)CCN1c1ccc(Cl)c(Cl)c1,5.86,0.0,1
CHEMBL333,C[C@H]1CN(C(=O)CCC2(C3CC3)NC(=O)NC2=O)CCN1c1ccc(Cl)c(F)c1,6.31,0.0,1
CHEMBL333,C[C@H]1CN(C(=O)CCC2(C3CC3)NC(=O)NC2=O)CCN1c1ccc(F)c(F)c1,6.72,0.0,1
CHEMBL333,C[C@H]1CN(C(=O)CCC2(C3CC3)NC(=O)NC2=O)CCN1c1ccc2[nH]ncc2c1,6.42,0.0,1
CHEMBL333,C[C@H]1CN(C(=O)CCC2(C3CC3)NC(=O)NC2=O)CCN1c1ccc2c(ccn2C)c1,6.66,0.0,1
CHEMBL333,C[C@H]1CN(C(=O)CCC2(C3CC3)NC(=O)NC2=O)CCN1c1ccc2c(cnn2C)c1,6.19,0.0,1
CHEMBL333,C[C@H]1CN(C(=O)CCC2(C3CC3)NC(=O)NC2=O)CCN1c1ccc2ccn(C)c2c1,6.13,0.0,1
CHEMBL333,C[C@H]1CN(C(=O)CCC2(C3CC3)NC(=O)NC2=O)CCN1c1ccc2ncsc2c1,6.67,0.0,1
CHEMBL333,C[C@H]1CN(C(=O)CCC2(C3CC3)NC(=O)NC2=O)CCN1c1cccc(-c2ccncc2)c1,6.15,0.0,1
CHEMBL333,C[C@H]1CN(C(=O)CCC2(C3CC3)NC(=O)NC2=O)CCN1c1cccc(-c2cnccn2)c1,5.71,0.0,1
CHEMBL333,C[C@H]1CN(C(=O)CCC2(C3CC3)NC(=O)NC2=O)CCN1c1cccc(-c2cnn(C)c2)c1,6.34,0.0,1
CHEMBL333,C[C@H]1CN(C(=O)CCC2(C3CC3)NC(=O)NC2=O)CCN1c1cccc(F)c1,6.19,0.0,1
CHEMBL333,C[C@H]1CN(C(=O)CCC2(C3CC3)NC(=O)NC2=O)CCN1c1cccc2c1ccn2C,6.17,0.0,1
CHEMBL333,C[C@H]1CN(C(=O)CCC2(C3CC3)NC(=O)NC2=O)CCN1c1cccc2ccoc12,6.17,0.0,1
CHEMBL333,C[C@H]1CN(C(=O)CCC2(C3CC3)NC(=O)NC2=O)CCN1c1ccccc1,6.34,0.0,1
CHEMBL333,C[C@H]1CN(C(=O)CCC2(C3CC3)NC(=O)NC2=O)CCN1c1cccnc1,6.72,0.0,1
CHEMBL333,C[C@H]1CN(C(=O)CCC2(C3CC3)NC(=O)NC2=O)CCN1c1cncc(Cl)c1,6.31,0.0,1
CHEMBL333,C[C@H]1CN(C(=O)CCC2(C3CC3)NC(=O)NC2=O)CCN1c1cncnc1,5.59,0.0,1
CHEMBL333,C[C@H]1CN(C(=O)CCC2(C3CC3)NC(=O)NC2=O)CCN1c1cnnc(Cl)c1,5.85,0.0,1
CHEMBL333,C[C@H]1CN(C(=O)CCC2(C3CC3)NC(=O)NC2=O)CCN1c1nccc(Cl)n1,6.39,0.0,1
CHEMBL333,C[C@H]1CN(C(=O)CCC2(c3ccccn3)NC(=O)NC2=O)CCN1c1ccc(Cl)c(Cl)c1,6.07,0.0,1
CHEMBL333,C[C@H]1CN(C(=O)CCC2(c3ccccn3)NC(=O)NC2=O)CCN1c1ccc(F)c(Cl)c1,5.51,0.0,1
CHEMBL333,C[C@H]1CN(C(=O)CCC2(c3cccnc3)NC(=O)NC2=O)CCN1c1ccc(Cl)c(Cl)c1,5.81,0.0,1
CHEMBL333,C[C@H]1CN(C(=O)CCC2(c3cccnc3)NC(=O)NC2=O)CCN1c1ccccc1,6.39,0.0,1
CHEMBL333,C[C@H]1CN(C(=O)CCC2(c3cn(C)cn3)NC(=O)NC2=O)CCN1c1cc(F)cc(F)c1,5.85,0.0,1
CHEMBL333,C[C@H]1CN(C(=O)CCC2(c3cn(C)cn3)NC(=O)NC2=O)CCN1c1ccc(F)c(Cl)c1,5.73,0.0,1
CHEMBL333,C[C@H]1CN(C(=O)CCC2(c3cnccn3)NC(=O)NC2=O)CCN1c1cc(F)cc(Cl)c1,5.85,0.0,1
CHEMBL333,C[C@H]1CN(C(=O)CCC2(c3cnccn3)NC(=O)NC2=O)CCN1c1ccc(Cl)c(Cl)c1,5.98,0.0,1
CHEMBL333,C[C@H]1CN(C(=O)CCC2(c3cnccn3)NC(=O)NC2=O)CCN1c1cccc(F)c1,6.91,0.0,1
CHEMBL333,C[C@H]1CN(C(=O)CCC2(c3cncnc3)NC(=O)NC2=O)CCN1c1cc(F)cc(F)c1,6.39,0.0,1
CHEMBL333,C[C@H]1CN(C(=O)CCC2(c3ncccn3)NC(=O)NC2=O)CCN1c1cc(F)cc(Cl)c1,5.61,0.0,1
CHEMBL333,C[C@H]1CN(C(=O)CCC2(c3ncccn3)NC(=O)NC2=O)CCN1c1ccc(Cl)c(Cl)c1,6.02,0.0,1
CHEMBL333,C[C@H]1CN(C(=O)CC[C@@]2(C)NC(=O)NC2=O)CCN1c1ccc(Cl)c(C(F)F)c1,5.49,0.0,1
CHEMBL333,C[C@H]1CN(C(=O)CC[C@@]2(C)NC(=O)NC2=O)CCN1c1ccc(Cl)c(CF)c1,6.41,0.0,1
CHEMBL333,C[C@H]1CN(C(=O)CC[C@@]2(C)NC(=O)NC2=O)CCN1c1ccc(Cl)c(Cl)c1,5.69,0.0,1
CHEMBL333,C[C@H]1CN(C(=O)CC[C@@]2(C)NC(=O)NC2=O)CCN1c1ccc(Cl)c(N(C)C)c1,6.42,0.0,1
CHEMBL333,C[C@H]1CN(C(=O)CC[C@@]2(C3CC3)NC(=O)NC2=O)CCN1c1cc(F)cc(F)c1,6.425000000000001,0.6858935777509506,2
CHEMBL333,C[C@H]1CN(C(=O)CC[C@@]2(C3CC3)NC(=O)NC2=O)CCN1c1ccc(Cl)c(Cl)c1,6.0,0.0,1
CHEMBL333,C[C@H]1c2cccc(O)c2C(=O)C2=C(O)[C@]3(O)C(=O)C(C(N)=O)=C(O)[C@@H](N(C)C)[C@@H]3[C@@H](O)[C@@H]21,4.4350000000000005,0.261629509039023,2
CHEMBL333,C[C@H]1c2cccc(O)c2C(=O)C2=C(O)[C@]3(O)C(=O)C(C(N)=O)=C(O)[C@@H]([N+](C)(C)C)C3[C@H](O)C21,5.11,0.0,1
CHEMBL333,C[C@]1(CCC(=O)N2CCN(c3cc(Cl)cc(Cl)c3)CC2)NC(=O)NC1=O,6.67,0.0,1
CHEMBL333,C[C@]1(CNC(=O)COc2ccc(Cl)cc2)NC(=O)NC1=O,4.62,0.0,1
CHEMBL333,C[C@]12CCC[C@@](C)(C(=O)O)[C@@H]1CCC1=CC(=O)CC[C@@H]12,4.48,0.0,1
CHEMBL333,C[S+]([O-])c1ccc(Oc2ccc(S(=O)(=O)c3ccccc3C(=O)NO)cc2)cc1,5.0,0.0,1
CHEMBL333,C[Si](C)(C)N1C(=O)C(=P(c2ccccc2)(c2ccccc2)c2ccccc2)P1(c1ccccc1)(c1ccccc1)c1ccccc1,7.16,0.0,1
CHEMBL333,C[Si](C)(C)c1ccc(N2CCN(C3(c4ccc(Oc5ccc(Br)cc5)cc4)C(=O)NC(=O)NC3=O)CC2)cc1,5.82,0.0,1
CHEMBL333,C[Si](C)(C)n1c(=S)c(=P(c2ccccc2)(c2ccccc2)c2ccccc2)/c1=N/c1ccccc1,7.4,0.0,1
CHEMBL333,Cc1[nH]c2ccccc2c1CCNC(=O)CCCCCNCc1cc(Cl)c2cccnc2c1O,5.44,0.0,1
CHEMBL333,Cc1[nH]c2ccccc2c1CCNC(=O)CCCCNCc1cc(Cl)c2cccnc2c1O,5.12,0.0,1
CHEMBL333,Cc1[nH]c2ccccc2c1CCNC(=O)CCCCNCc1ccc(O)c2ncccc12,5.06,0.0,1
CHEMBL333,Cc1[nH]c2ccccc2c1CCNC(=O)CCCNCc1cc(Cl)c2cccnc2c1O,6.09,0.0,1
CHEMBL333,Cc1[nH]c2ccccc2c1CCNC(=O)CNCc1cc(Cl)c2cccnc2c1O,5.06,0.0,1
CHEMBL333,Cc1c(C(=O)N2CCCN(C3(c4ccc(Oc5ccccc5)cc4)C(=O)NC(=O)NC3=O)CC2)oc2ccccc12,8.59,0.0,1
CHEMBL333,Cc1c(C(=O)Nc2ccc(-c3ccc(S(=O)(=O)N[C@@H](C(=O)O)C(C)C)cc3)cc2)oc2ccccc12,6.79,0.0,1
CHEMBL333,Cc1c(C(=O)Nc2ccc(-c3ccc(S(=O)(=O)N[C@H](C(=O)O)C(C)C)cc3)cc2)oc2ccc(Br)cc12,7.09,0.0,1
CHEMBL333,Cc1c(C(=O)Nc2ccc(-c3ccc(S(=O)(=O)N[C@H](C(=O)O)C(C)C)cc3)cc2)oc2ccc(Cl)c(OC(C)C)c12,5.52,0.0,1
CHEMBL333,Cc1c(C(=O)Nc2ccc(-c3ccc(S(=O)(=O)N[C@H](C(=O)O)C(C)C)cc3)cc2)oc2cccc(-c3ccccc3)c12,5.44,0.0,1
CHEMBL333,Cc1c(C(=O)Nc2ccc(-c3ccc(S(=O)(=O)N[C@H](C(=O)O)C(C)C)cc3)cc2)oc2cccc(-c3ccoc3)c12,5.69,0.0,1
CHEMBL333,Cc1c(C(=O)Nc2ccc(-c3ccc(S(=O)(=O)N[C@H](C(=O)O)C(C)C)cc3)cc2)oc2cccc(C#N)c12,6.24,0.0,1
CHEMBL333,Cc1c(C(=O)Nc2ccc(-c3ccc(S(=O)(=O)N[C@H](C(=O)O)C(C)C)cc3)cc2)oc2cccc(CCCO)c12,5.36,0.0,1
CHEMBL333,Cc1c(C(=O)Nc2ccc(-c3ccc(S(=O)(=O)N[C@H](C(=O)O)C(C)C)cc3)cc2)oc2cccc(N(C)C)c12,5.29,0.0,1
CHEMBL333,Cc1c(C(=O)Nc2ccc(-c3ccc(S(=O)(=O)N[C@H](C(=O)O)C(C)C)cc3)cc2)oc2cccc(N)c12,6.49,0.0,1
CHEMBL333,Cc1c(C(=O)Nc2ccc(-c3ccc(S(=O)(=O)N[C@H](C(=O)O)C(C)C)cc3)cc2)oc2cccc(N3CCOCC3)c12,5.79,0.0,1
CHEMBL333,Cc1c(C(=O)Nc2ccc(-c3ccc(S(=O)(=O)N[C@H](C(=O)O)C(C)C)cc3)cc2)oc2cccc(NS(C)(=O)=O)c12,5.67,0.0,1
CHEMBL333,Cc1c(C(=O)Nc2ccc(-c3ccc(S(=O)(=O)N[C@H](C(=O)O)C(C)C)cc3)cc2)oc2cccc(O)c12,6.42,0.0,1
CHEMBL333,Cc1c(C(=O)Nc2ccc(-c3ccc(S(=O)(=O)N[C@H](C(=O)O)C(C)C)cc3)cc2)oc2cccc(Oc3ccccc3)c12,5.3,0.0,1
CHEMBL333,Cc1c(C(=O)Nc2ccc(-c3ccc(S(=O)(=O)N[C@H](C(=O)O)C(C)C)cc3)cc2)oc2ccccc12,6.59,0.0,1
CHEMBL333,Cc1c(COc2ccc(-c3ccc(S(=O)(=O)N[C@H](Cc4ccccc4)C(=O)O)cc3)cc2)oc2ccccc12,7.55,0.0,1
CHEMBL333,Cc1c(Cl)cccc1N1CCN(C(=O)C(C)CC2(C)NC(=O)NC2=O)CC1,6.1,0.0,1
CHEMBL333,Cc1c(Cl)cccc1N1CCN(C(=O)C(C)CC2(C)NC(=O)NC2=O)C[C@@H]1C,6.39,0.0,1
CHEMBL333,Cc1c(O)c(=S)ccn1Cc1ccc(-c2ccccc2)cc1,6.0,0.0,1
CHEMBL333,Cc1cc(-c2cccc(N3CCN(C(=O)CCC4(C5CC5)NC(=O)NC4=O)C[C@@H]3C)c2)ccn1,6.15,0.0,1
CHEMBL333,Cc1cc(=O)c(O)c(C(=O)NCc2ccc(-c3ccc(C#N)cc3)cc2)o1,5.62,0.8343860018001259,2
CHEMBL333,Cc1cc(=O)c(O)c(C(=O)NCc2ccc(-c3ccccc3)cc2)o1,5.62,0.8343860018001259,2
CHEMBL333,Cc1cc(=O)c(O)c(CNCc2ccc(-c3ccccc3)cc2)o1,4.42,0.0,1
CHEMBL333,Cc1cc(Br)ccc1S(=O)(=O)N1CCCSC(C)(C)[C@@H]1C(=O)NO,7.62,0.0,1
CHEMBL333,Cc1cc(C#N)ccc1C1=CCN(S(=O)(=O)CC2(C(=O)NO)CCN(C(=O)O[C@H]3CCOC3)CC2)CC1,5.81,0.0,1
CHEMBL333,Cc1cc(C#N)ccc1C1CCN(S(=O)(=O)CC2(C(=O)NO)CCN(C(=O)OC[C@@H]3CCCN3)CC2)CC1,5.9,0.0,1
CHEMBL333,Cc1cc(C#N)ccc1C1CCN(S(=O)(=O)CC2(C(=O)NO)CCN(C(=O)OC[C@H]3CCCN3)CC2)CC1,5.86,0.0,1
CHEMBL333,Cc1cc(C#N)ccc1C1CCN(S(=O)(=O)CC2(C(=O)NO)CCN(C(=O)O[C@H]3CCOC3)CC2)CC1,5.7,0.0,1
CHEMBL333,Cc1cc(C#N)ccc1N1CCN(S(=O)(=O)N2CSC[C@@H]2C(=O)NO)CC1,5.27,0.0,1
CHEMBL333,Cc1cc(C#N)ccc1N1CCN(S(=O)(=O)N[C@H](CCCNC(=O)OCc2ccccc2)C(=O)NO)CC1,6.43,0.0,1
CHEMBL333,Cc1cc(C(=O)N(C)C)ccc1C1CCN(S(=O)(=O)CC2(C(=O)NO)CCN(C(=O)O[C@H]3CCOC3)CC2)CC1,6.18,0.0,1
CHEMBL333,Cc1cc(C(=O)N2CCCN(C3(c4ccc(Oc5ccccc5)cc4)C(=O)NC(=O)NC3=O)CC2)c(C)o1,7.62,0.0,1
CHEMBL333,Cc1cc(C(=O)N2CCCN(C3(c4ccc(Oc5ccccc5)cc4)C(=O)NC(=O)NC3=O)CC2)cc(Cl)n1,7.07,0.0,1
CHEMBL333,Cc1cc(C(F)(F)F)ccc1CCC1CCN(S(=O)(=O)C[C@](C)(C[C@H](C)c2ncc(F)cn2)N(O)C=O)CC1,6.46,0.0,1
CHEMBL333,Cc1cc(C(F)(F)F)cnc1CCC1CCN(S(=O)(=O)C[C@](C)(C[C@H](C)c2ncc(F)cn2)N(O)C=O)CC1,5.6,0.0,1
CHEMBL333,Cc1cc(C)c(CCC2CCN(S(=O)(=O)CC3(N(O)C=O)CCOCC3)CC2)cn1,5.12,0.0,1
CHEMBL333,Cc1cc(C)c(CCC2CCN(S(=O)(=O)C[C@](C)(C[C@H](C)c3ncc(F)cn3)N(O)C=O)CC2)cn1,5.66,0.0,1
CHEMBL333,Cc1cc(C)cc(C2=CCN(C(=O)[C@H]3NCC4(CC4)C[C@@H]3C(=O)NO)CC2)c1,6.36,0.0,1
CHEMBL333,Cc1cc(C)cc(C2CCN(S(=O)(=O)CC3(C(=O)NO)CCN(C(=O)O[C@H]4CCOC4)CC3)CC2)c1,6.5,0.0,1
CHEMBL333,Cc1cc(C2=CCN(C(=O)[C@H]3NCC4(CC4)C[C@@H]3C(=O)NO)CC2)cc(C)c1C#N,6.8,0.0,1
CHEMBL333,Cc1cc(C2=CCN(S(=O)(=O)CC(=O)NO)CC2)ccc1-c1cccc(OC(F)(F)F)c1,6.76,0.0,1
CHEMBL333,Cc1cc(C2=CCN(S(=O)(=O)CC(=O)NO)CC2)ccc1-c1ccccc1,6.5,0.0,1
CHEMBL333,Cc1cc(C2CCN(S(=O)(=O)C(C)(C)C(=O)NO)CC2)ccc1-c1cccc(OCCN(C)C)c1,6.27,0.0,1
CHEMBL333,Cc1cc(C2CCN(S(=O)(=O)C(C)(C)C(=O)NO)CC2)ccc1-c1cccc(OCCN)c1,6.73,0.0,1
CHEMBL333,Cc1cc(C2CCN(S(=O)(=O)C(C)(C)C(=O)NO)CC2)ccc1-c1cccc(OCCO)c1,6.58,0.0,1
CHEMBL333,Cc1cc(C2CCN(S(=O)(=O)C(C)(C)C(=O)NO)CC2)ccc1-c1cccc(OCCO)n1,6.28,0.0,1
CHEMBL333,Cc1cc(C2CCN(S(=O)(=O)CC3(C(=O)NO)CCN(C(=O)O[C@H]4CCOC4)CC3)CC2)cc(C)c1C#N,6.9,0.0,1
CHEMBL333,Cc1cc(CCC2CCN(S(=O)(=O)CC3(N(O)C=O)CCOCC3)CC2)c(C)cn1,4.21,0.0,1
CHEMBL333,Cc1cc(CCC2CCN(S(=O)(=O)C[C@](C)(C[C@H](C)c3ncc(F)cn3)N(O)C=O)CC2)c(C)cn1,4.92,0.0,1
CHEMBL333,Cc1cc(CCC2CCN(S(=O)(=O)C[C@](C)(C[C@H](C)c3ncc(F)cn3)N(O)C=O)CC2)n(C)n1,4.58,0.0,1
CHEMBL333,Cc1cc(CCCC(CC(=O)NO)C(=O)NC(C(=O)NC(C)c2ccccc2)C(C)(C)C)ccc1-c1ccccc1,5.75,0.0,1
CHEMBL333,Cc1cc(CCC[C@H](CC(=O)NO)C(=O)N[C@H](C(=O)N[C@H](C)c2ccccc2)C(C)(C)C)ccc1-c1ccccc1,5.75,0.0,1
CHEMBL333,Cc1cc(CN(C)C(=O)c2ccc(Oc3ccc(C#C[C@]4(O)CN5CCC4CC5)cc3)cc2)on1,5.1,0.0,1
CHEMBL333,Cc1cc(COc2ccc(S(=O)(=O)C3(C(=O)NO)CCN(C(=O)C(C)C)CC3)cc2)c2ccccc2n1,5.91,0.0,1
CHEMBL333,Cc1cc(COc2ccc(S(=O)(=O)C3(C(=O)NO)CCN(C(=O)OC(C)(C)C)CC3)cc2)c2ccccc2n1,5.57,0.0,1
CHEMBL333,Cc1cc(COc2ccc(S(=O)(=O)C3(C(=O)NO)CCN(C(=O)c4ccccc4)CC3)cc2)c2ccccc2n1,6.29,0.0,1
CHEMBL333,Cc1cc(COc2ccc(S(=O)(=O)C3(C(=O)NO)CCN(C(=O)c4ccncc4)CC3)cc2)c2ccccc2n1,5.96,0.0,1
CHEMBL333,Cc1cc(COc2ccc(S(=O)(=O)C3(C(=O)NO)CCN(C)CC3)cc2)c2ccccc2n1,4.82,0.0,1
CHEMBL333,Cc1cc(COc2ccc(S(=O)(=O)C3(C(=O)NO)CCN(C=O)CC3)cc2)c2ccccc2n1,5.85,0.0,1
CHEMBL333,Cc1cc(COc2ccc(S(=O)(=O)C3(C(=O)NO)CCN(Cc4ccc(Cl)c(Cl)c4)CC3)cc2)c2ccccc2n1,6.84,0.0,1
CHEMBL333,Cc1cc(COc2ccc(S(=O)(=O)C3(C(=O)NO)CCN(Cc4ccncc4)CC3)cc2)c2ccccc2n1,6.07,0.0,1
CHEMBL333,Cc1cc(COc2ccc(S(=O)(=O)C3(C(=O)NO)CCN(S(=O)(=O)C(C)C)CC3)cc2)c2ccccc2n1,5.67,0.0,1
CHEMBL333,Cc1cc(COc2ccc(S(=O)(=O)C3(C(=O)NO)CCN(S(C)(=O)=O)CC3)cc2)c2ccccc2n1,5.76,0.0,1
CHEMBL333,Cc1cc(COc2ccc(S(=O)(=O)CC(C3CCC(=NO)CC3)N(O)C=O)cc2)c2ccccc2n1,4.66,0.0,1
CHEMBL333,Cc1cc(COc2ccc(S(=O)(=O)CC(C3CCC(=O)CC3)N(O)C=O)cc2)c2ccccc2n1,4.52,0.0,1
CHEMBL333,Cc1cc(COc2ccc(S(=O)(=O)CC(C3CCC4(CC3)OCCO4)N(O)C=O)cc2)c2ccccc2n1,5.16,0.0,1
CHEMBL333,Cc1cc(COc2ccc(S(=O)(=O)CC(C=C3CCC(=NO)CC3)N(O)C=O)cc2)c2ccccc2n1,4.52,0.0,1
CHEMBL333,Cc1cc(COc2ccc(S(=O)(=O)CC(C=C3CCC(=O)CC3)N(O)C=O)cc2)c2ccccc2n1,4.39,0.0,1
CHEMBL333,Cc1cc(COc2ccc(S(=O)(=O)CC(C=C3CCN(OC(=O)C(C)(C)C)CC3)N(O)C=O)cc2)c2ccccc2n1,5.16,0.0,1
CHEMBL333,Cc1cc(COc2ccc(S(=O)(=O)CC(C=C3CCOCC3)N(O)C=O)cc2)c2ccccc2n1,4.22,0.0,1
CHEMBL333,Cc1cc(COc2ccc(S(=O)(=O)CC(C=C3CCSCC3)N(O)C=O)cc2)c2ccccc2n1,4.26,0.0,1
CHEMBL333,Cc1cc(COc2ccc(S(=O)(=O)CC(CC3CCC(=NO)CC3)N(O)C=O)cc2)c2ccccc2n1,5.1,0.0,1
CHEMBL333,Cc1cc(COc2ccc(S(=O)(=O)CC(CC3CCC(=O)CC3)N(O)C=O)cc2)c2ccccc2n1,4.82,0.0,1
CHEMBL333,Cc1cc(COc2ccc(S(=O)(=O)CC(CC3CCC4(CC3)OCCO4)N(O)C=O)cc2)c2ccccc2n1,5.22,0.0,1
CHEMBL333,Cc1cc(COc2ccc(S(=O)(=O)CC(CC3CCN(C(C)(C)C)CC3)N(O)C=O)cc2)c2ccccc2n1,5.3,0.0,1
CHEMBL333,Cc1cc(COc2ccc(S(=O)(=O)CC(CC3CCN(CC(C)C)CC3)N(O)C=O)cc2)c2ccccc2n1,5.3,0.0,1
CHEMBL333,Cc1cc(COc2ccc(S(=O)(=O)N(C)C3(C(=O)NO)CN(C(=O)C(C)C)C3)cc2)c2ccccc2n1,6.05,0.0,1
CHEMBL333,Cc1cc(COc2ccc(S(=O)(=O)N(C)C3(C(=O)NO)CN(C(=O)CC(C)C)C3)cc2)c2ccccc2n1,6.0,0.0,1
CHEMBL333,Cc1cc(COc2ccc([C@]3(C)CCN([C@H](C)C(=O)NO)C3=O)cc2)c2ccccc2n1,5.69,0.0,1
CHEMBL333,Cc1cc(COc2ccc([C@]3(N)CCN([C@H](CC(C)C)C(=O)NO)C3=O)cc2)c2ccccc2n1,6.32,0.0,1
CHEMBL333,Cc1cc(Cl)ccc1CCC1CCN(S(=O)(=O)CC2(N(O)C=O)CCOCC2)CC1,5.85,0.0,1
CHEMBL333,Cc1cc(Cl)ccc1CCC1CCN(S(=O)(=O)C[C@](C)(C[C@H](C)c2ncc(F)cn2)N(O)C=O)CC1,6.28,0.0,1
CHEMBL333,Cc1cc(F)ccc1CCC1CCN(S(=O)(=O)CC2(N(O)C=O)CCOCC2)CC1,5.89,0.0,1
CHEMBL333,Cc1cc(F)ccc1CCC1CCN(S(=O)(=O)C[C@](C)(C[C@H](C)c2ncc(F)cn2)N(O)C=O)CC1,6.92,0.0,1
CHEMBL333,Cc1cc(N2CCN(C(=O)C(C)CC3(C4CC4)NC(=O)NC3=O)C[C@@H]2C)ccc1F,6.55,0.0,1
CHEMBL333,Cc1cc(N2CCN(C(=O)CC[C@@]3(C)NC(=O)NC3=O)C[C@@H]2C)ccc1Cl,6.28,0.0,1
CHEMBL333,Cc1cc(NS(=O)(=O)c2cccc(C(=O)N3CCCN(C4(c5ccc(Oc6ccccc6)cc5)C(=O)NC(=O)NC4=O)CC3)c2)no1,7.7,0.0,1
CHEMBL333,Cc1cc(S(=O)(=O)N[C@@H](C(=O)NO)C2CCOCC2)ccc1F,5.7,0.0,1
CHEMBL333,Cc1cc(S(C)(=O)=O)ccc1CCC1CCN(S(=O)(=O)CC2(N(O)C=O)CCOCC2)CC1,5.48,0.0,1
CHEMBL333,Cc1ccc(-c2cc(-c3ccc(S(=O)(=O)N[C@H](C(=O)O)C(C)C)cc3)no2)s1,10.35,0.0,1
CHEMBL333,Cc1ccc(-c2ccc(C(=O)CC3(O)C(=O)NC(=O)NC3=O)cc2)cc1,6.52,0.0,1
CHEMBL333,Cc1ccc(-c2ccc(OCC(CN3C(=O)N(C)C(C)(C)C3=O)N(O)C=O)cc2)cc1,7.7,0.0,1
CHEMBL333,Cc1ccc(-c2ccc(S(=O)(=O)C(CCN3C(=O)c4ccccc4C3=O)C(=O)O)cc2)cc1,8.92,0.0,1
CHEMBL333,Cc1ccc(-c2ccc(S(=O)(=O)N(CCN3CCOCC3)[C@@H]3CC=CCN(O)C3=O)s2)cc1,8.15,0.0,1
CHEMBL333,Cc1ccc(-c2ccc(S(=O)(=O)N[C@@H]3CC=CCN(O)C3=O)s2)cc1,8.4,0.0,1
CHEMBL333,Cc1ccc(-c2ccc(S(=O)(=O)N[C@H](C(=O)O)C(C)C)cc2)cc1,8.7,0.0,1
CHEMBL333,Cc1ccc(-c2ccc(S(=O)(=O)N[C@H](Cc3c[nH]c4ccccc34)C(=O)O)s2)cc1,8.0,0.0,1
CHEMBL333,Cc1ccc(-c2cccc(N3CCN(C(=O)CCC4(C5CC5)NC(=O)NC4=O)C[C@@H]3C)c2)cn1,6.1,0.0,1
CHEMBL333,Cc1ccc(/C=N/NC(=O)Cn2c(=O)c(C)nc3ccccc32)cc1,4.41,0.0,1
CHEMBL333,Cc1ccc(/C=N/NC(=O)[C@@H]2CC3(CN2S(=O)(=O)c2ccc(C)cc2)SCCS3)cc1,4.43,0.0,1
CHEMBL333,Cc1ccc(=O)n(CC(COc2ccc(-c3ccc(C#N)cc3)cc2)N(O)C=O)n1,5.47,0.0,1
CHEMBL333,Cc1ccc(C#Cc2ccc(N(C[C@H](O)C(=O)NO)S(C)(=O)=O)cc2)cc1,7.33,0.0,1
CHEMBL333,Cc1ccc(C#Cc2ccc(S(=O)(=O)C(CCN3C(=O)c4ccccc4C3=O)C(=O)O)cc2)cc1,9.15,0.0,1
CHEMBL333,Cc1ccc(C#Cc2ccc(S(=O)(=O)N(CCN3CCOCC3)[C@@H]3CC=CCN(O)C3=O)s2)cc1,8.62,0.0,1
CHEMBL333,Cc1ccc(C#Cc2ccc(S(=O)(=O)NC(CC#Cc3ccccc3)C(=O)O)cc2)cc1,7.72,0.0,1
CHEMBL333,Cc1ccc(C#Cc2ccc(S(=O)(=O)N[C@@H](C(=O)O)C(C)C)s2)cc1,7.755000000000001,0.6717514421272199,2
CHEMBL333,Cc1ccc(C#Cc2ccc(S(=O)(=O)N[C@H](Cc3c[nH]c4ccccc34)C(=O)O)cc2)cc1,7.47,0.0,1
CHEMBL333,Cc1ccc(C#Cc2ccc(S(=O)(=O)N[C@H](Cc3c[nH]c4ccccc34)C(=O)O)s2)cc1,8.235,0.7566042558696057,2
CHEMBL333,Cc1ccc(C#Cc2ccc(SC(CCN3C(=O)c4ccccc4C3=O)C(=O)O)cc2)cc1,7.48,0.0,1
CHEMBL333,Cc1ccc(C#Cc2ccc([S+]([O-])C(CCN3C(=O)c4ccccc4C3=O)C(=O)O)cc2)cc1,8.82,0.0,1
CHEMBL333,Cc1ccc(C(=O)N2CCCN(C3(c4ccc(Oc5ccccc5)cc4)C(=O)NC(=O)NC3=O)CC2)c(NS(C)(=O)=O)c1,6.85,0.0,1
CHEMBL333,Cc1ccc(C(=O)N2CCCN(C3(c4ccc(Oc5ccccc5)cc4)C(=O)NC(=O)NC3=O)CC2)cc1,7.1,0.0,1
CHEMBL333,Cc1ccc(C(=O)NCCCOc2ccc(S(=O)(=O)C3(C(=O)NO)CCOCC3)cc2)c(C)c1,6.03,0.0,1
CHEMBL333,Cc1ccc(C(=O)N[C@@H](Cc2ccc(OCCc3ccccc3)cc2)C(=O)NO)cc1,5.41,0.0,1
CHEMBL333,Cc1ccc(C(=O)N[C@@H](Cc2ccc(OCCc3ccccc3)cc2)C(=O)O)cc1,5.35,0.0,1
CHEMBL333,Cc1ccc(C(=O)N[C@@H](Cc2ccc(OCc3ccccc3)cc2)C(=O)NO)cc1,6.34,0.0,1
CHEMBL333,Cc1ccc(C(=O)N[C@@H](Cc2ccc(OCc3ccccc3)cc2)C(=O)O)cc1,5.09,0.0,1
CHEMBL333,Cc1ccc(C)c(CCC2CCN(S(=O)(=O)C[C@](C)(C[C@H](C)c3ncc(F)cn3)N(O)C=O)CC2)c1,5.38,0.0,1
CHEMBL333,Cc1ccc(C2(CCC(=O)N3CCN(c4cc(F)cc(F)c4)[C@@H](C)C3)NC(=O)NC2=O)cn1,6.13,0.0,1
CHEMBL333,Cc1ccc(C2(CCC(=O)N3CCN(c4ccc(Cl)c(Cl)c4)[C@@H](C)C3)NC(=O)NC2=O)cn1,6.07,0.0,1
CHEMBL333,Cc1ccc(C2(CCC(=O)N3CCN(c4cccc(Cl)c4)CC3)NC(=O)NC2=O)cc1,6.17,0.0,1
CHEMBL333,Cc1ccc(C2(CCC(=O)N3CCN(c4cccc(F)c4)[C@@H](C)C3)NC(=O)NC2=O)cn1,6.66,0.0,1
CHEMBL333,Cc1ccc(C2=NN(c3ccc(S(N)(=O)=O)cc3)C(c3ccc4ccccc4c3)C2)cc1,5.55,0.0,1
CHEMBL333,Cc1ccc(C2=NN(c3ccc(S(N)(=O)=O)cc3)C(c3cccc4ccccc34)C2)c(C)c1,6.68,0.0,1
CHEMBL333,Cc1ccc(C2=NN(c3ccc(S(N)(=O)=O)cc3)C(c3cccc4ccccc34)C2)cc1,5.17,0.0,1
CHEMBL333,Cc1ccc(CCC[C@H]2C(=O)N[C@H](C(=O)c3ccccc3)Cc3ccc(cc3)OCCCC[C@@H]2C(=O)NO)cc1,7.96,0.0,1
CHEMBL333,Cc1ccc(COC(=O)c2cccc(=O)[nH]2)cc1,4.14,0.0,1
CHEMBL333,Cc1ccc(COC(=O)c2cccc(S)n2)cc1,4.01,0.0,1
CHEMBL333,Cc1ccc(F)cc1N1CCN(C(=O)CCC2(C3CC3)NC(=O)NC2=O)CC1,5.85,0.0,1
CHEMBL333,Cc1ccc(F)cc1N1CCN(C(=O)CCC2(C3CC3)NC(=O)NC2=O)CC1C,5.85,0.0,1
CHEMBL333,Cc1ccc(F)cc1N1CCN(C(=O)CCC2(C3CC3)NC(=O)NC2=O)C[C@@H]1C,6.42,0.0,1
CHEMBL333,Cc1ccc(F)cc1N1CCN(C(=O)CCC2(c3ccccn3)NC(=O)NC2=O)CC1,5.59,0.0,1
CHEMBL333,Cc1ccc(N(C)S(=O)(=O)c2ccc(Oc3ccc(Cl)cc3)cc2)c(=O)n1O,7.18,0.0,1
CHEMBL333,Cc1ccc(N2CCN(C(=O)C3CCN(c4ccc(S(=O)(=O)C5(C(=O)NO)CCOCC5)cc4)CC3)CC2)c(C)c1,5.25,0.0,1
CHEMBL333,Cc1ccc(N2CCN(c3ccc(S(=O)(=O)C4(C(=O)NO)CCOCC4)cc3)CC2)c(C)c1,5.85,0.0,1
CHEMBL333,Cc1ccc(N2CCN(c3ccc(S(=O)(=O)C4(C(=O)NO)CCOCC4)cc3)CC2)cc1,7.46,0.0,1
CHEMBL333,Cc1ccc(NC(=O)/C=C/c2ccc(O)c(O)c2)cc1,8.45,0.0,1
CHEMBL333,Cc1ccc(NC(=O)/C=C/c2ccc(O)cc2)cc1,8.38,0.0,1
CHEMBL333,Cc1ccc(NC(=O)/C=C/c2cccc(O)c2)cc1,8.35,0.0,1
CHEMBL333,Cc1ccc(NC(=O)/C=C/c2ccccc2)cc1,8.26,0.0,1
CHEMBL333,Cc1ccc(NC(=O)C(Cc2ccccc2)NC(=O)Cn2c(=O)c(C)nc3ccccc32)cc1,4.98,0.0,1
CHEMBL333,Cc1ccc(NC(=O)CN2C(=O)CC[C@H](NC(=O)[C@@H](N)Cc3ccccc3)C2=O)c(C)c1,5.08,0.0,1
CHEMBL333,Cc1ccc(NC(=O)[C@H](Cc2ccccc2)NC(=O)Cn2c(=O)c(C)nc3ccccc32)cc1,4.98,0.0,1
CHEMBL333,Cc1ccc(NCC(=O)[C@@H](Cc2ccccc2)NC(=O)Cn2c(=O)c(C)nc3ccccc32)cc1,4.98,0.0,1
CHEMBL333,Cc1ccc(Oc2ccc(C(=O)NCc3ccncc3)cc2)cc1,4.3,0.0,1
CHEMBL333,Cc1ccc(Oc2ccc(N(CC(=O)NO)S(C)(=O)=O)cc2)cc1,7.14,0.0,1
CHEMBL333,Cc1ccc(Oc2ccc(N(CC(C)(O)C(=O)NO)S(C)(=O)=O)cc2)cc1,7.7,0.0,1
CHEMBL333,Cc1ccc(Oc2ccc(N(CCC(=O)NO)S(C)(=O)=O)cc2)cc1,7.21,0.0,1
CHEMBL333,Cc1ccc(Oc2ccc(N(C[C@@H](C(=O)NO)N3CCOCC3)S(C)(=O)=O)cc2)cc1,8.28,0.0,1
CHEMBL333,Cc1ccc(Oc2ccc(N(C[C@@H](C(=O)NO)N3C[C@@H](C)O[C@@H](C)C3)S(C)(=O)=O)cc2)cc1,8.55,0.0,1
CHEMBL333,Cc1ccc(Oc2ccc(N(C[C@@H](NC(C)C)C(=O)NO)S(C)(=O)=O)cc2)cc1,6.75,0.0,1
CHEMBL333,Cc1ccc(Oc2ccc(N(C[C@@H](O)C(=O)NO)S(C)(=O)=O)cc2)cc1,7.17,0.0,1
CHEMBL333,Cc1ccc(Oc2ccc(N(C[C@H](C(=O)NO)N3CCOCC3)S(C)(=O)=O)cc2)cc1,5.88,0.0,1
CHEMBL333,Cc1ccc(Oc2ccc(N(C[C@H](N)C(=O)NO)S(C)(=O)=O)cc2)cc1,6.17,0.0,1
CHEMBL333,Cc1ccc(Oc2ccc(N(C[C@H](NC(=O)C(C)C)C(=O)NO)S(C)(=O)=O)cc2)cc1,7.16,0.0,1
CHEMBL333,Cc1ccc(Oc2ccc(N(C[C@H](NC(C)C)C(=O)NO)S(C)(=O)=O)cc2)cc1,8.4,0.0,1
CHEMBL333,Cc1ccc(Oc2ccc(N(C[C@H](NC3CCCC3)C(=O)NO)S(C)(=O)=O)cc2)cc1,8.0,0.0,1
CHEMBL333,Cc1ccc(Oc2ccc(N(C[C@H](NCC(C)C)C(=O)NO)S(C)(=O)=O)cc2)cc1,7.96,0.0,1
CHEMBL333,Cc1ccc(Oc2ccc(N(C[C@H](NCc3ccccc3)C(=O)NO)S(C)(=O)=O)cc2)cc1,6.7,0.0,1
CHEMBL333,Cc1ccc(Oc2ccc(N(C[C@H](NCc3ccccn3)C(=O)NO)S(C)(=O)=O)cc2)cc1,7.08,0.0,1
CHEMBL333,Cc1ccc(Oc2ccc(N(C[C@H](NCc3cccnc3)C(=O)NO)S(C)(=O)=O)cc2)cc1,7.77,0.0,1
CHEMBL333,Cc1ccc(Oc2ccc(N(C[C@H](NCc3ccncc3)C(=O)NO)S(C)(=O)=O)cc2)cc1,8.02,0.0,1
CHEMBL333,Cc1ccc(Oc2ccc(N(C[C@H](N[C@@H](C)c3ccccc3)C(=O)NO)S(C)(=O)=O)cc2)cc1,7.92,0.0,1
CHEMBL333,Cc1ccc(Oc2ccc(N(C[C@H](N[C@H](C)c3ccccc3)C(=O)NO)S(C)(=O)=O)cc2)cc1,7.62,0.0,1
CHEMBL333,Cc1ccc(Oc2ccc(N(C[C@H](Nc3ccc(F)cc3)C(=O)NO)S(C)(=O)=O)cc2)cc1,7.19,0.0,1
CHEMBL333,Cc1ccc(Oc2ccc(N(C[C@H](Nc3ccc4ccccc4c3)C(=O)NO)S(C)(=O)=O)cc2)cc1,5.85,0.0,1
CHEMBL333,Cc1ccc(Oc2ccc(N(C[C@H](Nc3cccc(Cl)c3)C(=O)NO)S(C)(=O)=O)cc2)cc1,6.48,0.0,1
CHEMBL333,Cc1ccc(Oc2ccc(N(C[C@H](Nc3cccc(F)c3)C(=O)NO)S(C)(=O)=O)cc2)cc1,7.28,0.0,1
CHEMBL333,Cc1ccc(Oc2ccc(N(C[C@H](Nc3ccccc3)C(=O)NO)S(C)(=O)=O)cc2)cc1,7.89,0.0,1
CHEMBL333,Cc1ccc(Oc2ccc(N(C[C@H](O)C(=O)NO)S(=O)(=O)C(C)C)cc2)cc1,5.91,0.0,1
CHEMBL333,Cc1ccc(Oc2ccc(N(C[C@H](O)C(=O)NO)S(=O)(=O)Cc3ccccc3)cc2)cc1,6.24,0.0,1
CHEMBL333,Cc1ccc(Oc2ccc(N(C[C@H](O)C(=O)NO)S(=O)(=O)Cc3cccnc3)cc2)cc1,6.4,0.0,1
CHEMBL333,Cc1ccc(Oc2ccc(N(C[C@H](O)C(=O)NO)S(=O)(=O)Cc3ccncc3)cc2)cc1,6.46,0.0,1
CHEMBL333,Cc1ccc(Oc2ccc(N(C[C@H](O)C(=O)NO)S(=O)(=O)N(C)C)cc2)cc1,5.98,0.0,1
CHEMBL333,Cc1ccc(Oc2ccc(N(C[C@H](O)C(=O)NO)S(=O)(=O)c3ccccc3)cc2)cc1,5.62,0.0,1
CHEMBL333,Cc1ccc(Oc2ccc(N(C[C@H](O)C(=O)NO)S(C)(=O)=O)cc2)cc1,7.21,0.0,1
CHEMBL333,Cc1ccc(Oc2ccc(S(=O)(=O)Cn3cccc(O)c3=O)cc2)cc1,7.78,0.0,1
CHEMBL333,Cc1ccc(Oc2ccc(S(=O)(=O)N(C)c3cccn(O)c3=O)cc2)cc1,8.21,0.0,1
CHEMBL333,Cc1ccc(S(=O)(=O)Cn2cccc(O)c2=O)cc1,6.33,0.0,1
CHEMBL333,Cc1ccc(S(=O)(=O)N(CCN=[N+]=[N-])[C@@H](C(=O)NO)C(C)C)cc1,8.4,0.0,1
CHEMBL333,Cc1ccc(S(=O)(=O)N(CCn2cc(CCCCOc3cccnc3F)nn2)[C@@H](C(=O)NO)C(C)C)cc1,8.52,0.0,1
CHEMBL333,Cc1ccc(S(=O)(=O)N(CCn2cc(CCCF)nn2)[C@@H](C(=O)NO)C(C)C)cc1,8.7,0.0,1
CHEMBL333,Cc1ccc(S(=O)(=O)N(CCn2cc(COCCOCCOCCOCCOCCF)nn2)[C@@H](C(=O)NO)C(C)C)cc1,8.52,0.0,1
CHEMBL333,Cc1ccc(S(=O)(=O)N2C(=O)C(c3ccccc3)N(S(=O)(=O)c3ccc(C)cc3)C(=O)C2c2ccccc2)cc1,7.2,0.0,1
CHEMBL333,Cc1ccc(S(=O)(=O)N2C(=O)COC23C=CC(=O)C=C3)cc1,8.24,0.0,1
CHEMBL333,Cc1ccc(S(=O)(=O)N2CC(=O)N(S(=O)(=O)c3ccc(C)cc3)CC2=O)cc1,7.06,0.0,1
CHEMBL333,Cc1ccc(S(=O)(=O)N2CC3(C[C@H]2C(=O)N/N=C/c2ccc(N(C)C)cc2)SCCS3)cc1,5.26,0.0,1
CHEMBL333,Cc1ccc(S(=O)(=O)N2CC3(C[C@H]2C(=O)N/N=C/c2cccc([N+](=O)[O-])c2)SCCS3)cc1,5.98,0.0,1
CHEMBL333,Cc1ccc(S(=O)(=O)N2CC3(C[C@H]2C(=O)N/N=C/c2ccccc2Br)SCCS3)cc1,6.39,0.0,1
CHEMBL333,Cc1ccc(S(=O)(=O)N2CC3(C[C@H]2C(=O)N/N=C/c2ccccc2Cl)SCCS3)cc1,6.19,0.0,1
CHEMBL333,Cc1ccc(S(=O)(=O)N2CC3(C[C@H]2C(=O)N/N=C/c2ccccc2F)SCCS3)cc1,5.72,0.0,1
CHEMBL333,Cc1ccc(S(=O)(=O)N2CC3(C[C@H]2C(=O)N/N=C/c2ccccc2[N+](=O)[O-])SCCS3)cc1,6.62,0.0,1
CHEMBL333,Cc1ccc(S(=O)(=O)N2CC3(C[C@H]2C(=O)NNC(=O)Cc2ccccc2)SCCS3)cc1,6.17,0.0,1
CHEMBL333,Cc1ccc(S(=O)(=O)N2CC3(C[C@H]2C(=O)NO)OCCCCO3)cc1,8.1,0.0,1
CHEMBL333,Cc1ccc(S(=O)(=O)N2CC3(C[C@H]2C(=O)NO)OCCCO3)cc1,8.22,0.0,1
CHEMBL333,Cc1ccc(S(=O)(=O)N2CC3(C[C@H]2C(=O)NO)OCCO3)cc1,8.52,0.0,1
CHEMBL333,Cc1ccc(S(=O)(=O)N2CC3(C[C@H]2C(=O)NO)SCCS3)cc1,6.17,0.0,1
CHEMBL333,Cc1ccc(S(=O)(=O)N2CC3(C[C@H]2C(=O)O)SCCS3)cc1,5.56,0.0,1
CHEMBL333,Cc1ccc(S(=O)(=O)N2CCc3cc(O)ccc3C2C(=O)NO)cc1,7.75,0.0,1
CHEMBL333,Cc1ccc(S(=O)(=O)N2CCc3cc(OCc4ccccc4)ccc3C2C(=O)NO)cc1,7.48,0.0,1
CHEMBL333,Cc1ccc(S(=O)(=O)N2C[C@@H](NC(=O)CNC(=O)[C@@H](N)C(C)C)C[C@H]2C(=O)NO)cc1,5.53,0.0,1
CHEMBL333,Cc1ccc(S(=O)(=O)N2C[C@@H](NC(=O)CNC(=O)[C@@H](N)CC(C)C)C[C@H]2C(=O)NO)cc1,5.24,1.159655121145938,2
CHEMBL333,Cc1ccc(S(=O)(=O)N2C[C@@H](NC(=O)CNC(=O)[C@@H](N)Cc3ccccc3)C[C@H]2C(=O)NO)cc1,6.01,0.0,1
CHEMBL333,Cc1ccc(S(=O)(=O)N2C[C@@H](NC(=O)CNC(=O)[C@H](C)N)C[C@H]2C(=O)NO)cc1,5.36,0.0,1
CHEMBL333,Cc1ccc(S(=O)(=O)N2C[C@H](O)C[C@H]2C(=O)NO)cc1,8.7,0.0,1
CHEMBL333,Cc1ccc(S(=O)(=O)NC(P(=O)(O)O)P(=O)(O)O)cc1,4.75,0.0,1
CHEMBL333,Cc1ccc(S(=O)(=O)N[C@@H](CCCNC(=N)N[N+](=O)[O-])C(=O)NO)cc1,4.54,0.0,1
CHEMBL333,Cc1ccc(S(=O)(=O)N[C@@H](Cc2ccc(OCCc3ccccc3)cc2)C(=O)NO)cc1,7.77,0.0,1
CHEMBL333,Cc1ccc(S(=O)(=O)N[C@@H](Cc2ccc(OCCc3ccccc3)cc2)C(=O)O)cc1,6.57,0.0,1
CHEMBL333,Cc1ccc(S(=O)(=O)N[C@@H](Cc2ccc(OCc3ccccc3)cc2)C(=O)NO)cc1,7.6,0.0,1
CHEMBL333,Cc1ccc(S(=O)(=O)N[C@@H](Cc2ccc(OCc3ccccc3)cc2)C(=O)O)cc1,5.6,0.0,1
CHEMBL333,Cc1ccc(S(=O)(=O)N[C@H](CCC(=O)NCC(C)C)C(=O)O)cc1,6.24,0.0,1
CHEMBL333,Cc1ccc(S(=O)(=O)N[C@H](CCC(=O)NCc2ccccc2)C(=O)O)cc1,6.57,0.0,1
CHEMBL333,Cc1ccc(Sc2ccc(N(C[C@H](O)C(=O)NO)S(C)(=O)=O)cc2)cc1,6.53,0.0,1
CHEMBL333,Cc1ccc2nc(-c3cccc(NC(=O)CCc4ccccc4)c3)[nH]c2c1,4.44,0.0,1
CHEMBL333,Cc1ccc2oc(=O)c(CC(C)C(=O)NO)cc2c1,5.98,0.0,1
CHEMBL333,Cc1ccc2oc(=O)c(CCC(=O)NO)cc2c1,6.64,0.0,1
CHEMBL333,Cc1cccc(-c2ccc(C3=CCN(S(=O)(=O)CC(=O)NO)CC3)cc2C)c1,6.11,0.0,1
CHEMBL333,Cc1cccc(C2(CCC(=O)N3CCN(c4cc(F)cc(Cl)c4)[C@@H](C)C3)NC(=O)NC2=O)n1,6.72,0.0,1
CHEMBL333,Cc1cccc(C2(CCC(=O)N3CCN(c4ccc(Cl)c(Cl)c4)[C@@H](C)C3)NC(=O)NC2=O)n1,5.73,0.0,1
CHEMBL333,Cc1cccc(C2(CCC(=O)N3CCN(c4ccc(Cl)c(F)c4)[C@@H](C)C3)NC(=O)NC2=O)n1,6.35,0.0,1
CHEMBL333,Cc1cccc(C2(CCC(=O)N3CCN(c4cccc(F)c4)[C@@H](C)C3)NC(=O)NC2=O)n1,6.31,0.0,1
CHEMBL333,Cc1cccc(C2=CCN(C(=O)[C@H]3NCC4(CC4)C[C@@H]3C(=O)NO)CC2)c1,7.89,0.0,1
CHEMBL333,Cc1cccc(C2=NN(c3ccc(S(N)(=O)=O)cc3)C(c3ccc4ccccc4c3)C2)c1,5.545,0.19091883092036754,2
CHEMBL333,Cc1cccc(C2=NN(c3ccc(S(N)(=O)=O)cc3)C(c3cccc4ccccc34)C2)c1,5.49,0.0,1
CHEMBL333,Cc1cccc(C2CCN(C(=O)[C@H]3NCC4(CC4)C[C@@H]3C(=O)NO)CC2)c1,6.41,0.0,1
CHEMBL333,Cc1cccc(COC(=O)c2cccc(S)n2)c1,5.16,0.0,1
CHEMBL333,Cc1cccc(N2CCN(C(=O)C3CCN(c4ccc(S(=O)(=O)C5(C(=O)NO)CCN(C6CC6)CC5)cc4)CC3)CC2)c1C,5.2,0.0,1
CHEMBL333,Cc1cccc(N2CCN(C(=O)C3CCN(c4ccc(S(=O)(=O)C5(C(=O)NO)CCOCC5)cc4)CC3)CC2)c1C,5.22,0.0,1
CHEMBL333,Cc1cccc(N2CCN(C(=O)[C@H]3NCC4(CC4)C[C@@H]3C(=O)NO)CC2)c1,7.2,0.0,1
CHEMBL333,Cc1cccc(NC(=O)/C=C/c2ccc(O)c(O)c2)c1,5.76,0.0,1
CHEMBL333,Cc1cccc(NC(=O)/C=C/c2ccc(O)cc2)c1,5.76,0.0,1
CHEMBL333,Cc1cccc(NC(=O)/C=C/c2cccc(O)c2)c1,5.76,0.0,1
CHEMBL333,Cc1cccc(NC(=O)/C=C/c2ccccc2)c1,5.71,0.0,1
CHEMBL333,Cc1cccc(S(=O)(=O)N2C(=O)C(c3ccccc3)N(S(=O)(=O)c3cccc(C)c3)C(=O)C2c2ccccc2)c1,7.13,0.0,1
CHEMBL333,Cc1cccc2oc(C(=O)Nc3ccc(-c4ccc(S(=O)(=O)N[C@H](C(=O)O)C(C)C)cc4)cc3)c(C)c12,5.94,0.0,1
CHEMBL333,Cc1ccccc1C#Cc1ccc(S(=O)(=O)N[C@H](Cc2c[nH]c3ccccc23)C(=O)O)s1,7.09,0.0,1
CHEMBL333,Cc1ccccc1C1=CCN(S(=O)(=O)CC2(C(=O)NO)CCN(C(=O)O[C@H]3CCOC3)CC2)CC1,5.7,0.0,1
CHEMBL333,Cc1ccccc1C1=NN(c2ccc(S(N)(=O)=O)cc2)C(c2ccc3ccccc3c2)C1,4.94,0.0,1
CHEMBL333,Cc1ccccc1C1=NN(c2ccc(S(N)(=O)=O)cc2)C(c2cccc3ccccc23)C1,5.54,0.0,1
CHEMBL333,Cc1ccccc1C1CCN(S(=O)(=O)CC2(C(=O)NO)CCN(C(=O)OC3(C)CCOC3)CC2)CC1,6.58,0.0,1
CHEMBL333,Cc1ccccc1C1CCN(S(=O)(=O)CC2(C(=O)NO)CCN(C(=O)OC3CCCC3O)CC2)CC1,6.27,0.0,1
CHEMBL333,Cc1ccccc1C1CCN(S(=O)(=O)CC2(C(=O)NO)CCN(C(=O)OC3CCNC3)CC2)CC1,6.26,0.0,1
CHEMBL333,Cc1ccccc1C1CCN(S(=O)(=O)CC2(C(=O)NO)CCN(C(=O)OC3COCC3(C)C)CC2)CC1,6.24,0.0,1
CHEMBL333,Cc1ccccc1C1CCN(c2ccc(S(=O)(=O)C3(C(=O)NO)CCOCC3)cc2)CC1,6.16,0.0,1
CHEMBL333,Cc1ccccc1CCC1CCN(S(=O)(=O)CC2(N(O)C=O)CCOCC2)CC1,6.21,0.0,1
CHEMBL333,Cc1ccccc1N1CCN(c2ccc(S(=O)(=O)C3(C(=O)NO)CCOCC3)cc2)CC1,7.06,0.0,1
CHEMBL333,Cc1ccccc1NC(=O)/C=C/c1ccc(O)c(O)c1,8.22,0.0,1
CHEMBL333,Cc1ccccc1NC(=O)/C=C/c1ccc(O)cc1,8.25,0.0,1
CHEMBL333,Cc1ccccc1NC(=O)/C=C/c1cccc(O)c1,8.24,0.0,1
CHEMBL333,Cc1ccccc1NC(=O)/C=C/c1ccccc1,8.19,0.0,1
CHEMBL333,Cc1ccccc1NC(=O)[C@H](Cc1ccccc1)NC(=O)Cn1c(=O)c(C)nc2ccccc21,4.43,0.0,1
CHEMBL333,Cc1cccn(CC2(c3ccc(Cc4ccc(F)cc4)cc3)NC(=O)NC2=O)c1=O,4.16,0.0,1
CHEMBL333,Cc1cccn(CC2(c3ccc(Oc4ccccc4)cc3)NC(=O)NC2=O)c1=O,4.54,0.0,1
CHEMBL333,Cc1cccn(CC2(c3ccc(Oc4ccccc4F)cc3)NC(=O)NC2=O)c1=O,4.29,0.0,1
CHEMBL333,Cc1cccn(CC2(c3cccc(-c4cccnc4)c3)NC(=O)NC2=O)c1=O,4.51,0.0,1
CHEMBL333,Cc1cccnc1CCC1CCN(S(=O)(=O)CC2(N(O)C=O)CCOCC2)CC1,5.96,0.0,1
CHEMBL333,Cc1cccnc1[C@]1(CNC(=O)c2cc3cc(Cl)ccc3o2)NC(=O)NC1=O,5.21,0.0,1
CHEMBL333,Cc1ccn(O)c(=O)c1N(C)S(=O)(=O)c1ccc(Oc2ccc(Cl)cc2)cc1,7.18,0.0,1
CHEMBL333,Cc1ccncc1CCC1CCN(S(=O)(=O)CC2(N(O)C=O)CCOCC2)CC1,5.46,0.0,1
CHEMBL333,Cc1cnc(C)c(CCC2CCN(S(=O)(=O)C[C@](C)(C[C@H](C)c3ncc(F)cn3)N(O)C=O)CC2)c1,4.46,0.0,1
CHEMBL333,Cc1cnc([C@]2(CNC(=O)c3cc4cc(C(F)(F)F)ccc4o3)NC(=O)NC2=O)n1C,4.96,0.0,1
CHEMBL333,Cc1cnc([C@]2(CNC(=O)c3cc4cc(Cl)ccc4o3)NC(=O)NC2=O)n1C,5.62,0.0,1
CHEMBL333,Cc1cncc(N2CCN(C(=O)CCC3(C4CC4)NC(=O)NC3=O)C[C@@H]2C)c1,6.91,0.0,1
CHEMBL333,Cc1csc2nc(C(=O)NCc3cccc(CNC(=O)c4nc[nH]n4)c3)[nH]c(=O)c12,6.18,0.0,1
CHEMBL333,Cc1csc2nc(C(=O)NCc3cccc(NC(=O)CCc4nc[nH]n4)c3)[nH]c(=O)c12,6.17,0.0,1
CHEMBL333,Cc1csc2nc(C(=O)NCc3cccc(OCCCCSc4nc[nH]n4)c3)[nH]c(=O)c12,6.64,0.0,1
CHEMBL333,Cc1csc2nc(C(=O)NCc3cccc(OCCCSc4nc[nH]n4)c3)[nH]c(=O)c12,7.21,0.0,1
CHEMBL333,Cc1csc2nc(C(=O)NCc3cccc(OCCOc4nc[nH]n4)c3)[nH]c(=O)c12,7.85,0.0,1
CHEMBL333,Cc1n[nH]cc1-c1cccc(N2CCN(C(=O)CCC3(C4CC4)NC(=O)NC3=O)C[C@@H]2C)c1,6.31,0.0,1
CHEMBL333,Cc1nc(C2(CCC(=O)N3CCN(c4cc(F)cc(F)c4)[C@@H](C)C3)NC(=O)NC2=O)c[nH]1,6.72,0.0,1
CHEMBL333,Cc1nc(N2CCN(C(=O)CCC3(C4CC4)NC(=O)NC3=O)C[C@@H]2C)no1,6.19,0.0,1
CHEMBL333,Cc1nc2ccccc2n(CC(=O)N/N=C/Cc2ccccc2)c1=O,4.44,0.0,1
CHEMBL333,Cc1nc2ccccc2n(CC(=O)N/N=C/c2ccc(Cl)cc2)c1=O,4.09,0.0,1
CHEMBL333,Cc1nc2ccccc2n(CC(=O)N/N=C/c2ccc(N(C)C)cc2)c1=O,4.19,0.0,1
CHEMBL333,Cc1nc2ccccc2n(CC(=O)N/N=C/c2ccccc2)c1=O,4.17,0.0,1
CHEMBL333,Cc1nc2ccccc2n(CC(=O)N/N=C/c2ccco2)c1=O,4.76,0.0,1
CHEMBL333,Cc1nc2ccccc2n(CC(=O)NN)c1=O,4.01,0.0,1
CHEMBL333,Cc1nc2ccccc2n(CC(=O)NN/C=C\c2cccc([N+](=O)[O-])c2)c1=O,5.7,0.0,1
CHEMBL333,Cc1nc2ccccc2n(CC(=O)NNC(=O)c2c(Cl)cccc2Cl)c1=O,4.24,0.0,1
CHEMBL333,Cc1nc2ccccc2n(CC(=O)NNC(=O)c2ccc(Cl)cc2)c1=O,4.46,0.0,1
CHEMBL333,Cc1nc2ccccc2n(CC(=O)N[C@@H](Cc2ccccc2)C(=O)Nc2ccc(Cl)c(Cl)c2)c1=O,4.58,0.0,1
CHEMBL333,Cc1nc2ccccc2n(CC(=O)N[C@@H](Cc2ccccc2)C(=O)Nc2ccc(F)c(F)c2)c1=O,4.62,0.0,1
CHEMBL333,Cc1nc2ccccc2n(CC(=O)N[C@@H](Cc2ccccc2)C(=O)Nc2ccccc2)c1=O,4.24,0.0,1
CHEMBL333,Cc1nc2ccccc2n(CC(=O)N[C@@H](Cc2ccccc2)C(=O)Nc2cccnc2)c1=O,4.52,0.0,1
CHEMBL333,Cc1ncccc1CCC1CCN(S(=O)(=O)CC2(N(O)C=O)CCOCC2)CC1,5.42,0.0,1
CHEMBL333,Cc1noc(N2CCN(C(=O)CCC3(C4CC4)NC(=O)NC3=O)C[C@@H]2C)n1,6.67,0.0,1
CHEMBL333,Cc1nsc(C)c1CCC1CCN(S(=O)(=O)C[C@](C)(C[C@H](C)c2ncc(F)cn2)N(O)C=O)CC1,5.62,0.0,1
CHEMBL333,Cc1occ(O)c(=S)c1C(=O)NCc1ccc(-c2ccccc2)cc1,4.64,0.0,1
CHEMBL333,Cn1c(C(CS(=O)(=O)c2ccc(Oc3ccc(OC(F)(F)F)cc3)cc2)N(O)C=O)cc2ccccc21,8.02,0.0,1
CHEMBL333,Cn1ccc(=O)n(CC(CS(=O)(=O)c2ccc(Oc3ccc(OC(F)(F)F)cc3)cc2)N(O)C=O)c1=O,9.04,0.0,1
CHEMBL333,Cn1ccnc1[C@]1(CNC(=O)c2cc3cc(C(F)(F)F)ccc3o2)NC(=O)NC1=O,4.96,0.0,1
CHEMBL333,Cn1ccnc1[C@]1(CNC(=O)c2cc3cc(Cl)ccc3o2)NC(=O)NC1=O,5.3100000000000005,0.26870057685088766,2
CHEMBL333,Cn1nc(C(=O)N2CCCN(C3(c4ccc(Oc5ccccc5)cc4)C(=O)NC(=O)NC3=O)CC2)c2ccccc21,7.62,0.0,1
CHEMBL333,Cn1nccc1[C@]1(CNC(=O)c2cc3cc(Cl)ccc3o2)NC(=O)NC1=O,5.15,0.0,1
CHEMBL333,N#Cc1ccc(-c2ccc(OCC(CCn3nnc4ccccc4c3=O)C(=O)NO)cc2)cc1,9.4,0.0,1
CHEMBL333,N#Cc1ccc(-c2ccc(OCC(CN3C(=O)CCC3=O)N(O)C=O)cc2)cc1,5.28,0.0,1
CHEMBL333,N#Cc1ccc(-c2ccc(OCC(CN3C(=O)CNC3=O)N(O)C=O)cc2)cc1,5.09,0.0,1
CHEMBL333,N#Cc1ccc(-c2ccc(OCC(CN3C(=O)c4ccccc4C3=O)N(O)C=O)cc2)cc1,4.43,0.0,1
CHEMBL333,N#Cc1ccc(-c2ccc(OCCC(=O)NO)cc2)cc1,7.404999999999999,0.13435028842544464,2
CHEMBL333,N#Cc1ccc(-c2ccc(OCCC(=O)O)cc2)cc1,5.1,0.0,1
CHEMBL333,N#Cc1ccc(-c2ccc(OCCN(O)C(N)=O)cc2)cc1,4.46,0.0,1
CHEMBL333,N#Cc1ccc(-c2ccc(OCCN(O)C=O)cc2)cc1,6.4,0.0,1
CHEMBL333,N#Cc1ccc(-c2ccc(S(=O)(=O)C(CCN3C(=O)c4ccccc4C3=O)C(=O)O)cc2)cc1,8.52,0.0,1
CHEMBL333,N#Cc1ccc(-c2ccc(S[C@H]3CC[C@@H](Cn4c(=O)nc5ccccn5c4=O)[C@@H]3C(=O)O)cc2)cc1,7.7,0.0,1
CHEMBL333,N#Cc1ccc(-c2ccc(S[C@H]3CC[C@@H](Cn4nnc5ccccc5c4=O)[C@@H]3C(=O)O)cc2)cc1,7.89,0.0,1
CHEMBL333,N#Cc1ccc(C(=O)N2CCCN(C3(c4ccc(Oc5ccccc5)cc4)C(=O)NC(=O)NC3=O)CC2)cc1,8.01,0.0,1
CHEMBL333,N#Cc1ccc(C(=O)N2CCN(C3(c4ccc(Oc5ccccc5)cc4)C(=O)NC(=O)NC3=O)CC2)cc1,7.35,0.0,1
CHEMBL333,N#Cc1ccc(C2CCN(S(=O)(=O)CC3(C(=O)NO)CCN(C(=O)O[C@H]4CCOC4)CC3)CC2)cc1,8.05,0.0,1
CHEMBL333,N#Cc1ccc(N2CCN(c3ccc(S(=O)(=O)C(CCN4C(=O)c5ccccc5C4=O)C(=O)O)cc3)CC2)cc1,8.17,0.0,1
CHEMBL333,N#Cc1ccc(NC(P(=O)(O)O)P(=O)(O)O)cc1,4.44,0.0,1
CHEMBL333,N#Cc1ccc(Oc2ccc(S(=O)(=O)N3CCc4c([nH]c5ccccc45)C3C(=O)NO)cc2)cc1,6.82,0.0,1
CHEMBL333,N=C(N)Nc1ccc(Oc2ccc(S(=O)(=O)CC3CS3)cc2)cc1,7.68,0.0,1
CHEMBL333,N=C(NCCCCCCNC(=N)NC(=N)Nc1ccc(Cl)cc1)NC(=N)Nc1ccc(Cl)cc1,5.12,0.0,1
CHEMBL333,N=C(NCCC[C@H](NC(=O)/C=C/c1ccccc1)C(=O)NO)N[N+](=O)[O-],4.43,0.0,1
CHEMBL333,N=C(NCCC[C@H](NC(=O)Cc1ccccc1)C(=O)NO)N[N+](=O)[O-],5.06,0.0,1
CHEMBL333,N=C(NCCC[C@H](NC(=O)c1ccc2ccccc2c1)C(=O)NO)N[N+](=O)[O-],4.07,0.0,1
CHEMBL333,N=C(NCCC[C@H](NC(=O)c1cccc(Cl)c1)C(=O)NO)N[N+](=O)[O-],4.05,0.0,1
CHEMBL333,NC(=O)CCC(NS(=O)(=O)c1ccc(-c2ccccc2)cc1)C(=O)O,8.26,0.0,1
CHEMBL333,NC(=O)CC[C@H](NS(=O)(=O)c1ccc(-c2ccccc2)cc1)C(=O)O,6.05,0.0,1
CHEMBL333,NC(=O)CC[C@H](NS(=O)(=O)c1ccc([N+](=O)[O-])cc1)C(=O)O,5.78,0.0,1
CHEMBL333,NC(=O)C[C@H](NS(=O)(=O)c1ccc(-c2ccc(NC(=O)c3cc4ccccc4o3)cc2)cc1)C(=O)O,8.0,0.0,1
CHEMBL333,NC(=O)NCCC[C@@H](NS(=O)(=O)c1ccc(OCc2cc(Br)cc(Br)c2)cc1)C(=O)NO,6.62,0.0,1
CHEMBL333,NC(=O)NS(=O)(=O)c1ccc(NC(=O)CCS)cc1,4.19,0.0,1
CHEMBL333,NC(=O)c1ccc(-c2ccc(C(=O)CC3(O)C(=O)NC(=O)NC3=O)cc2)cc1,7.06,0.0,1
CHEMBL333,NC(CS(=O)(=O)c1ccc(Oc2ccccc2)cc1)(C(=O)NO)c1ccccc1,9.7,0.0,1
CHEMBL333,NC1CCCC(NS(=O)(=O)c2ccc(-c3ccc(CSc4nc5c(c(=O)[nH]4)CCC5)cc3)cc2)C1,6.08,0.0,1
CHEMBL333,NC1CCCCC1NC(=O)P(=O)(O)O,8.4,0.0,1
CHEMBL333,NCC(=O)NC[C@H](N)Cc1ccccc1,4.63,0.0,1
CHEMBL333,NCC1(CCC(=O)N2CCN(c3cc(Cl)cc(Cl)c3)CC2)NC(=O)NC1=O,5.71,0.0,1
CHEMBL333,NCCC(=O)NC[C@H](N)Cc1ccccc1,4.95,0.0,1
CHEMBL333,NCCCCC(NS(=O)(=O)c1ccc(-c2ccccc2)cc1)C(=O)O,6.05,0.0,1
CHEMBL333,NCCCCCC(=O)N1C[C@H](NS(=O)(=O)c2ccc(Oc3ccccc3)cc2)[C@@H](S)C1,8.66,0.0,1
CHEMBL333,NCCCCCC(=O)NC[C@H](N)Cc1ccccc1,4.0,0.0,1
CHEMBL333,NCCCCCNC(=O)CC1CN[C@H](C(=O)N2CCC(c3ccccc3)C2)[C@@H](C(=O)NO)C1,5.78,0.0,1
CHEMBL333,NCCCCNC(=O)CC1CN[C@H](C(=O)N2CCC(c3ccccc3)C2)[C@@H](C(=O)NO)C1,5.78,0.0,1
CHEMBL333,NCCCC[C@H](N)C(=O)NC[C@H](N)Cc1ccccc1,4.0,0.0,1
CHEMBL333,NCCCC[C@H](N)C(=O)NC[C@H](N)[C@@H](O)c1ccc([N+](=O)[O-])cc1,4.07,0.0,1
CHEMBL333,NCCN1CCN(C2(c3ccc(Oc4ccc(Br)cc4)cc3)C(=O)NC(=O)NC2=O)CC1,8.0,0.0,1
CHEMBL333,NCCNS(=O)(=O)c1ccc(-c2ccc(CSc3nc4c(c(=O)[nH]3)CCC4)cc2)cc1,6.14,0.0,1
CHEMBL333,NC[C@H](O)C(=O)N[C@H](Cc1ccccc1)C(=O)NC[C@H](N)[C@@H](O)c1ccc([N+](=O)[O-])cc1,4.39,0.0,1
CHEMBL333,NCc1ccc(Oc2ccc(S(=O)(=O)CC3CS3)cc2)cc1,7.07,0.0,1
CHEMBL333,NCc1nc(-c2ccc(Oc3ccc(S(=O)(=O)CC4CS4)cc3)cc2)no1,6.2,0.0,1
CHEMBL333,NNC(=O)[C@@H]1CC2(CN1S(=O)(=O)c1ccc([N+](=O)[O-])cc1)SCCS2,4.69,0.0,1
CHEMBL333,NNC(=O)[C@@H]1CC2(CN1S(=O)(=O)c1ccccc1)SCCS2,5.18,0.0,1
CHEMBL333,NS(=O)(=O)Nc1ccc(C(=O)NC(C(=O)NO)c2ccc(-c3cc(F)c(F)c(F)c3)cc2)cc1,5.68,0.0,1
CHEMBL333,NS(=O)(=O)c1cc(C(=O)c2ccc(N3CC=CC3)cc2)ccc1Cl,5.88,0.0,1
CHEMBL333,NS(=O)(=O)c1cc(C(=O)c2ccc(N3CCCC3)cc2)ccc1Cl,7.26,0.0,1
CHEMBL333,NS(=O)(=O)c1cc(C(=O)c2ccc3c(-c4ccccc4)c[nH]c3c2)ccc1Cl,7.28,0.0,1
CHEMBL333,NS(=O)(=O)c1ccc(-n2nc(-c3ccc(Br)cc3)cc2-c2ccccc2O)cc1,4.73,0.0,1
CHEMBL333,NS(=O)(=O)c1ccc(-n2nc(-c3ccccc3)cc2-c2ccccc2O)cc1,5.01,0.0,1
CHEMBL333,NS(=O)(=O)c1ccc(N2N=C(c3ccc(Cl)cc3)CC2c2ccc3ccccc3c2)cc1,5.44,0.0,1
CHEMBL333,NS(=O)(=O)c1ccc(N2N=C(c3ccc(Cl)cc3)CC2c2cccc3ccccc23)cc1,5.57,0.0,1
CHEMBL333,NS(=O)(=O)c1ccc(N2N=C(c3ccc(F)cc3)CC2c2ccc3ccccc3c2)cc1,4.77,0.0,1
CHEMBL333,NS(=O)(=O)c1ccc(N2N=C(c3cccc(Br)c3)CC2c2ccc3ccccc3c2)cc1,4.75,0.0,1
CHEMBL333,NS(=O)(=O)c1ccc(N2N=C(c3cccc(Br)c3)CC2c2cccc3ccccc23)cc1,4.95,0.0,1
CHEMBL333,NS(=O)(=O)c1ccc(N2N=C(c3cccc(F)c3)CC2c2ccc3ccccc3c2)cc1,4.62,0.0,1
CHEMBL333,NS(=O)(=O)c1ccc(N2N=C(c3cccc(I)c3)CC2c2ccc3ccccc3c2)cc1,4.805,0.007071067811865324,2
CHEMBL333,NS(=O)(=O)c1ccc(N2N=C(c3cccc(I)c3)CC2c2cccc3ccccc23)cc1,5.03,0.0,1
CHEMBL333,NS(=O)(=O)c1ccc(N2N=C(c3ccccc3)CC2c2ccc3ccccc3c2)cc1,4.9,0.0,1
CHEMBL333,NS(=O)(=O)c1ccc(N2N=C(c3ccccc3)CC2c2cccc3ccccc23)cc1,5.1,0.0,1
CHEMBL333,NS(=O)(=O)c1ccc(N2N=C(c3ccccc3Cl)CC2c2ccc3ccccc3c2)cc1,4.83,0.0,1
CHEMBL333,NS(=O)(=O)c1ccc(N2N=C(c3ccccc3Cl)CC2c2cccc3ccccc23)cc1,5.0649999999999995,0.007071067811866266,2
CHEMBL333,N[C@@H](CNC(=O)[C@@H](N)CS)Cc1ccccc1,4.1,0.0,1
CHEMBL333,N[C@@H](Cc1ccc(O)cc1)C(=O)NC[C@H](N)[C@@H](O)c1ccc(I)cc1,4.38,0.0,1
CHEMBL333,N[C@@H](Cc1ccc(O)cc1)C(=O)NC[C@H](N)[C@@H](O)c1ccc([N+](=O)[O-])cc1,4.21,0.0,1
CHEMBL333,N[C@@H](Cc1ccccc1)C(=O)NCC(=O)N[C@H]1C[C@@H](C(=O)NO)N(S(=O)(=O)c2ccc(Cl)cc2)C1,5.49,1.2445079348883235,2
CHEMBL333,N[C@@H](Cc1ccccc1)C(=O)NCC(=O)N[C@H]1C[C@@H](C(=O)NO)N(S(=O)(=O)c2ccccc2)C1,5.68,0.0,1
CHEMBL333,N[C@@H](Cc1ccccc1)C(=O)N[C@H]1CCC(=O)N(CC(=O)N[C@@H](Cc2ccccc2)C(=O)OCc2ccccc2)C1=O,4.92,0.0,1
CHEMBL333,N[C@@H](Cc1ccccc1)C(=O)N[C@H]1CCC(=O)N(CC(=O)Nc2ccc(Br)cc2)C1=O,4.14,0.0,1
CHEMBL333,N[C@@H](Cc1ccccc1)C(=O)N[C@H]1CCC(=O)N(CC(=O)Nc2ccc(F)c(F)c2)C1=O,4.33,0.0,1
CHEMBL333,N[C@@H](Cc1ccccc1)C(=O)N[C@H]1CCC(=O)N(CC(=O)Nc2cccc(Cl)c2)C1=O,4.22,0.0,1
CHEMBL333,N[C@@H](Cc1ccccc1)C(=O)N[C@H]1CCC(=O)N(CC(=O)Nc2ccccc2F)C1=O,4.2,0.0,1
CHEMBL333,N[C@@H]1CCCC[C@@H]1NS(=O)(=O)c1ccc(-c2ccc(CSc3nc4c(c(=O)[nH]3)CCC4)cc2)cc1,5.46,0.0,1
CHEMBL333,N[C@H](CNC(=O)P(=O)(O)O)CNS(=O)(=O)c1ccc(Oc2ccccc2)cc1,4.82,0.0,1
CHEMBL333,N[C@H](Cc1ccccc1)C(=O)NC[C@H](N)[C@@H](O)c1ccc([N+](=O)[O-])cc1,4.17,0.0,1
CHEMBL333,N[C@H](Cc1ccccc1)C(=O)N[C@H](Cc1ccccc1)C(=O)NC[C@H](N)[C@@H](O)c1ccc([N+](=O)[O-])cc1,4.36,0.0,1
CHEMBL333,N[C@H](Cc1ccccc1)C(=O)N[C@H]1CCC(=O)N(CC(=O)NCCC(=O)O)C1=O,4.64,0.0,1
CHEMBL333,N[C@H]1CCCC[C@H]1NC(=O)P(=O)(O)O,5.4,0.0,1
CHEMBL333,Nc1ccc(Oc2ccc(S(=O)(=O)CC3CS3)cc2)cc1,7.2,0.0,1
CHEMBL333,Nc1ccc(Oc2ccc(S(=O)(=O)C[C@@H]3CS3)cc2)cc1,6.63,0.0,1
CHEMBL333,Nc1ccc(Oc2ccc(S(=O)(=O)C[C@H]3CS3)cc2)cc1,6.84,0.0,1
CHEMBL333,Nc1ccc(S(=O)(=O)N2C(=O)C(c3ccccc3)N(S(=O)(=O)c3ccc(N)cc3)C(=O)C2c2ccccc2)cc1,7.3,0.0,1
CHEMBL333,Nc1ccc(S(=O)(=O)N2CC(=O)N(S(=O)(=O)c3ccc(N)cc3)CC2=O)cc1,7.28,0.0,1
CHEMBL333,Nc1ccc(S(=O)(=O)N2CCc3cc(O)ccc3C2C(=O)NO)cc1,6.82,0.0,1
CHEMBL333,Nc1ccc([C@H](O)[C@@H](N)CNC(=O)[C@@H](Cc2ccccc2)NC(=O)[C@H](N)Cc2ccccc2)cc1,4.39,0.0,1
CHEMBL333,Nc1cccc(C(=O)O)c1O,3.41,0.0,1
CHEMBL333,Nc1nc2ccnc(-c3cc(Br)c(Br)[nH]3)c2[nH]1,5.77,0.0,1
CHEMBL333,Nc1nc2ncc(CNc3ccc(C(=O)N[C@@H](CCC(=O)N[C@@H](Cc4ccccc4)C(=O)NO)C(=O)O)cc3)nc2c(=O)[nH]1,4.19,0.0,1
CHEMBL333,O=C(/C=C/c1ccc(O)c(O)c1)NCCc1ccccc1,8.09,0.0,1
CHEMBL333,O=C(/C=C/c1ccc(O)c(O)c1)NCc1ccccc1,8.09,0.0,1
CHEMBL333,O=C(/C=C/c1ccc(O)c(O)c1)Nc1ccc(Cl)cc1,8.05,0.0,1
CHEMBL333,O=C(/C=C/c1ccc(O)c(O)c1)Nc1ccc(F)cc1,8.08,0.0,1
CHEMBL333,O=C(/C=C/c1ccc(O)c(O)c1)Nc1ccc(O)cc1,8.48,0.0,1
CHEMBL333,O=C(/C=C/c1ccc(O)c(O)c1)Nc1cccc(Cl)c1,5.73,0.0,1
CHEMBL333,O=C(/C=C/c1ccc(O)c(O)c1)Nc1cccc(F)c1,5.74,0.0,1
CHEMBL333,O=C(/C=C/c1ccc(O)c(O)c1)Nc1cccc(O)c1,5.8,0.0,1
CHEMBL333,O=C(/C=C/c1ccc(O)c(O)c1)Nc1ccccc1,8.09,0.0,1
CHEMBL333,O=C(/C=C/c1ccc(O)c(O)c1)Nc1ccccc1Cl,8.04,0.0,1
CHEMBL333,O=C(/C=C/c1ccc(O)c(O)c1)Nc1ccccc1F,8.05,0.0,1
CHEMBL333,O=C(/C=C/c1ccc(O)c(O)c1)Nc1ccccc1O,8.29,0.0,1
CHEMBL333,O=C(/C=C/c1ccc(O)cc1)NCCc1ccccc1,8.08,0.0,1
CHEMBL333,O=C(/C=C/c1ccc(O)cc1)NCc1ccccc1,8.08,0.0,1
CHEMBL333,O=C(/C=C/c1ccc(O)cc1)Nc1ccc(Cl)cc1,8.04,0.0,1
CHEMBL333,O=C(/C=C/c1ccc(O)cc1)Nc1ccc(F)cc1,8.08,0.0,1
CHEMBL333,O=C(/C=C/c1ccc(O)cc1)Nc1ccc(O)cc1,8.4,0.0,1
CHEMBL333,O=C(/C=C/c1ccc(O)cc1)Nc1cccc(Cl)c1,5.76,0.0,1
CHEMBL333,O=C(/C=C/c1ccc(O)cc1)Nc1cccc(F)c1,5.8,0.0,1
CHEMBL333,O=C(/C=C/c1ccc(O)cc1)Nc1cccc(O)c1,5.78,0.0,1
CHEMBL333,O=C(/C=C/c1ccc(O)cc1)Nc1ccccc1,8.08,0.0,1
CHEMBL333,O=C(/C=C/c1ccc(O)cc1)Nc1ccccc1Cl,8.03,0.0,1
CHEMBL333,O=C(/C=C/c1ccc(O)cc1)Nc1ccccc1F,8.04,0.0,1
CHEMBL333,O=C(/C=C/c1ccc(O)cc1)Nc1ccccc1O,8.26,0.0,1
CHEMBL333,O=C(/C=C/c1cccc(O)c1)NCCc1ccccc1,8.07,0.0,1
CHEMBL333,O=C(/C=C/c1cccc(O)c1)NCc1ccccc1,8.07,0.0,1
CHEMBL333,O=C(/C=C/c1cccc(O)c1)Nc1ccc(Cl)cc1,8.04,0.0,1
CHEMBL333,O=C(/C=C/c1cccc(O)c1)Nc1ccc(F)cc1,8.07,0.0,1
CHEMBL333,O=C(/C=C/c1cccc(O)c1)Nc1ccc(O)cc1,8.38,0.0,1
CHEMBL333,O=C(/C=C/c1cccc(O)c1)Nc1cccc(Cl)c1,5.71,0.0,1
CHEMBL333,O=C(/C=C/c1cccc(O)c1)Nc1cccc(F)c1,5.73,0.0,1
CHEMBL333,O=C(/C=C/c1cccc(O)c1)Nc1cccc(O)c1,5.82,0.0,1
CHEMBL333,O=C(/C=C/c1cccc(O)c1)Nc1ccccc1,8.07,0.0,1
CHEMBL333,O=C(/C=C/c1cccc(O)c1)Nc1ccccc1Cl,8.03,0.0,1
CHEMBL333,O=C(/C=C/c1cccc(O)c1)Nc1ccccc1F,8.04,0.0,1
CHEMBL333,O=C(/C=C/c1cccc(O)c1)Nc1ccccc1O,8.25,0.0,1
CHEMBL333,O=C(/C=C/c1ccccc1)NCCc1ccccc1,8.04,0.0,1
CHEMBL333,O=C(/C=C/c1ccccc1)NCc1ccccc1,8.04,0.0,1
CHEMBL333,O=C(/C=C/c1ccccc1)N[C@@H](CCCCNC(=O)OCc1ccccc1)C(=O)NO,5.45,0.0,1
CHEMBL333,O=C(/C=C/c1ccccc1)N[C@@H](CCCCNC(=O)OCc1ccccc1)C(=O)O,4.3,0.0,1
CHEMBL333,O=C(/C=C/c1ccccc1)Nc1ccc(Cl)cc1,8.01,0.0,1
CHEMBL333,O=C(/C=C/c1ccccc1)Nc1ccc(F)cc1,8.04,0.0,1
CHEMBL333,O=C(/C=C/c1ccccc1)Nc1ccc(O)cc1,8.28,0.0,1
CHEMBL333,O=C(/C=C/c1ccccc1)Nc1cccc(Cl)c1,5.78,0.0,1
CHEMBL333,O=C(/C=C/c1ccccc1)Nc1cccc(F)c1,5.73,0.0,1
CHEMBL333,O=C(/C=C/c1ccccc1)Nc1cccc(O)c1,5.75,0.0,1
CHEMBL333,O=C(/C=C/c1ccccc1)Nc1ccccc1,8.05,0.0,1
CHEMBL333,O=C(/C=C/c1ccccc1)Nc1ccccc1Cl,8.0,0.0,1
CHEMBL333,O=C(/C=C/c1ccccc1)Nc1ccccc1F,8.02,0.0,1
CHEMBL333,O=C(/C=C/c1ccccc1)Nc1ccccc1O,8.21,0.0,1
CHEMBL333,O=C(C1CCN(c2ccc(S(=O)(=O)C3(C(=O)NO)CCOCC3)cc2)CC1)N1CCN(CCO)CC1,5.22,0.0,1
CHEMBL333,O=C(C1CCN(c2ccc(S(=O)(=O)C3(C(=O)NO)CCOCC3)cc2)CC1)N1CCN(CCc2ccccc2)CC1,6.05,0.0,1
CHEMBL333,O=C(C1CCN(c2ccc(S(=O)(=O)C3(C(=O)NO)CCOCC3)cc2)CC1)N1CCN(c2ccc(F)cc2)CC1,5.8,0.0,1
CHEMBL333,O=C(C1CCN(c2ccc(S(=O)(=O)C3(C(=O)NO)CCOCC3)cc2)CC1)N1CCN(c2ccccc2F)CC1,5.85,0.0,1
CHEMBL333,O=C(C1CCN(c2ccc(S(=O)(=O)C3(C(=O)NO)CCOCC3)cc2)CC1)N1CCN(c2ccccn2)CC1,5.44,0.0,1
CHEMBL333,O=C(C1CCN(c2ccc(S(=O)(=O)C3(C(=O)NO)CCOCC3)cc2)CC1)N1CCN(c2ccncc2)CC1,5.76,0.0,1
CHEMBL333,O=C(C1CCN(c2ccc(S(=O)(=O)C3(C(=O)NO)CCOCC3)cc2)CC1)N1CCN(c2cnccn2)CC1,6.05,0.0,1
CHEMBL333,O=C(C1CCN(c2ccc(S(=O)(=O)C3(C(=O)NO)CCOCC3)cc2)CC1)N1CCN(c2ncccn2)CC1,5.8,0.0,1
CHEMBL333,O=C(C1CCN(c2ccc(S(=O)(=O)C3(C(=O)NO)CCOCC3)cc2)CC1)N1CCc2ccccc2C1,5.68,0.0,1
CHEMBL333,O=C(CC(CSc1ccccc1)C(=O)O)c1ccc(-c2ccc(Cl)cc2)cc1,7.04,0.0,1
CHEMBL333,O=C(CC1(CCC(=O)N2CCN(c3cc(Cl)cc(Cl)c3)CC2)NC(=O)NC1=O)NCCO,6.39,0.0,1
CHEMBL333,O=C(CC1CN[C@H](C(=O)N2CCC(c3ccccc3)C2)[C@@H](C(=O)NO)C1)NCCCCCNC(=O)OCc1ccccc1,5.89,0.0,1
CHEMBL333,O=C(CCC(NS(=O)(=O)c1ccc(-c2ccccc2)cc1)C(=O)O)NCc1ccccc1,9.69,0.0,1
CHEMBL333,O=C(CCCCCNCc1cc(Cl)c2cccnc2c1O)Nc1ccccc1,6.16,0.0,1
CHEMBL333,O=C(CCCCCNCc1ccc(O)c2ncccc12)Nc1ccccc1,5.06,0.0,1
CHEMBL333,O=C(CCCCNCc1cc(Cl)c2cccnc2c1O)Nc1ccccc1,5.52,0.0,1
CHEMBL333,O=C(CCCNC(=O)c1cccc(C(=O)NCCCC(=O)NCC[C@@H](NS(=O)(=O)c2ccc(-c3ccccc3)cc2)C(=O)NO)c1)NCC[C@@H](NS(=O)(=O)c1ccc(-c2ccccc2)cc1)C(=O)NO,8.8,0.0,1
CHEMBL333,O=C(CCCNCc1cc(Cl)c2cccnc2c1O)Nc1ccccc1,5.42,0.0,1
CHEMBL333,O=C(CCCNCc1ccc(O)c2ncccc12)Nc1ccccc1,5.24,0.0,1
CHEMBL333,O=C(CCCOc1ccc(S(=O)(=O)C2(C(=O)NO)CCOCC2)cc1)N1CCCCC1,6.77,0.0,1
CHEMBL333,O=C(CCCOc1ccc(S(=O)(=O)C2(C(=O)NO)CCOCC2)cc1)Nc1ccc(OC(F)(F)F)cc1,7.96,0.0,1
CHEMBL333,O=C(CCN1CCN(Cc2ccccc2)CC1)Nc1nc(-c2ccccc2)cs1,4.99,0.0,1
CHEMBL333,O=C(CCNCc1cc(Cl)c2cccnc2c1O)Nc1ccccc1,5.48,0.0,1
CHEMBL333,O=C(CCNS(=O)(=O)c1ccc(-c2ccccc2)cc1)NO,5.62,0.0,1
CHEMBL333,O=C(CCNS(=O)(=O)c1ccc(Oc2ccccc2)cc1)NO,8.0,0.0,1
CHEMBL333,O=C(CC[C@@H](NS(=O)(=O)c1ccc([N+](=O)[O-])cc1)C(=O)O)NCc1ccccc1,6.56,0.0,1
CHEMBL333,O=C(CC[C@H](NS(=O)(=O)c1ccc(-c2ccc(Br)cc2)cc1)C(=O)O)NC1CCCCC1,6.17,0.0,1
CHEMBL333,O=C(CC[C@H](NS(=O)(=O)c1ccc(-c2ccc(Br)cc2)cc1)C(=O)O)NCc1ccccc1,6.38,0.0,1
CHEMBL333,O=C(CC[C@H](NS(=O)(=O)c1ccc(-c2ccccc2)cc1)C(=O)O)NC1CCCCC1,7.52,0.0,1
CHEMBL333,O=C(CC[C@H](NS(=O)(=O)c1ccc(-c2ccccc2)cc1)C(=O)O)NCCc1ccccc1,6.91,0.0,1
CHEMBL333,O=C(CC[C@H](NS(=O)(=O)c1ccc(-c2ccccc2)cc1)C(=O)O)NCc1cc(C(F)(F)F)cc(C(F)(F)F)c1,7.29,0.0,1
CHEMBL333,O=C(CC[C@H](NS(=O)(=O)c1ccc(-c2ccccc2)cc1)C(=O)O)NCc1ccc(Cl)c(Cl)c1,6.09,0.0,1
CHEMBL333,O=C(CC[C@H](NS(=O)(=O)c1ccc(-c2ccccc2)cc1)C(=O)O)NCc1ccc(Cl)cc1,6.58,0.0,1
CHEMBL333,O=C(CC[C@H](NS(=O)(=O)c1ccc(-c2ccccc2)cc1)C(=O)O)NCc1ccc(F)cc1,7.12,0.0,1
CHEMBL333,O=C(CC[C@H](NS(=O)(=O)c1ccc(-c2ccccc2)cc1)C(=O)O)NCc1ccc([N+](=O)[O-])cc1,6.54,0.0,1
CHEMBL333,O=C(CC[C@H](NS(=O)(=O)c1ccc(-c2ccccc2)cc1)C(=O)O)NCc1ccccc1,7.62,0.0,1
CHEMBL333,O=C(CC[C@H](NS(=O)(=O)c1ccc(-c2ccccc2)cc1)C(=O)O)NCc1ccccc1Cl,7.51,0.0,1
CHEMBL333,O=C(CC[C@H](NS(=O)(=O)c1ccc(-c2ccccc2)cc1)C(=O)O)Nc1ccccc1,7.1,0.0,1
CHEMBL333,O=C(CC[C@H](NS(=O)(=O)c1ccc([N+](=O)[O-])cc1)C(=O)O)NCc1ccccc1,6.68,0.0,1
CHEMBL333,O=C(CCc1cc2cc(Br)ccc2oc1=O)NO,6.07,0.0,1
CHEMBL333,O=C(CCc1cc2cc(Cl)ccc2oc1=O)NO,5.83,0.0,1
CHEMBL333,O=C(CCc1cc2ccccc2oc1=O)NO,6.7,0.0,1
CHEMBL333,O=C(CCc1ccc(C(F)(F)F)cc1)NC[C@@]1(C2CC2)NC(=O)NC1=O,6.51,0.0,1
CHEMBL333,O=C(CCc1ccccc1)NCCCC[C@H](NS(=O)(=O)c1ccc(-c2ccc(Br)cc2)cc1)C(=O)O,8.4,0.0,1
CHEMBL333,O=C(CCc1ccccc1)NCCC[C@H](NS(=O)(=O)c1ccc(-c2ccc(Br)cc2)cc1)C(=O)O,8.1,0.0,1
CHEMBL333,O=C(CN(C(=O)CN(C(=O)Nc1ccc(Oc2ccccc2)cc1)C(c1ccccc1)c1ccccc1)C(c1ccccc1)c1ccccc1)NO,4.3,0.0,1
CHEMBL333,O=C(CN(C(=O)CN(C(=O)Nc1ccc(Oc2ccccc2)cc1)C1CCCc2ccccc21)C1CCCc2ccccc21)NO,4.22,0.0,1
CHEMBL333,O=C(CN(CCCCc1ccccc1)C(=O)CN(CCCCc1ccccc1)C(=O)Nc1ccc(Oc2ccccc2)cc1)NO,4.28,0.0,1
CHEMBL333,O=C(CN(CCCCc1ccccc1)C(=O)CN(CCCc1ccccc1)C(=O)Nc1ccc(Oc2ccccc2)cc1)NO,6.285,0.3323401871576768,2
CHEMBL333,O=C(CN(CCCc1ccccc1)C(=O)CN(CCCc1ccccc1)C(=O)Nc1ccc(Oc2ccccc2)cc1)NO,5.7,0.0,1
CHEMBL333,O=C(CN(CCCc1ccccc1)C(=O)CN(Cc1ccccc1)C(=O)Nc1ccc(Oc2ccccc2)cc1)NO,4.37,0.0,1
CHEMBL333,O=C(CN(CCc1ccc(F)cc1)C(=O)CN(CCCc1ccccc1)C(=O)Nc1ccc(Oc2ccccc2)cc1)NO,4.4,0.0,1
CHEMBL333,O=C(CN(Cc1ccccc1)C(=O)CN(CCCc1ccccc1)C(=O)Nc1ccc(Oc2ccccc2)cc1)NO,6.52,0.0,1
CHEMBL333,O=C(CN(c1cccn(O)c1=O)S(=O)(=O)c1ccc(Oc2ccc(Cl)cc2)cc1)N1CCOCC1,8.31,0.0,1
CHEMBL333,O=C(CN1CCN(c2ccccc2)CC1)Nc1nc(-c2ccc(F)cc2)cs1,5.38,0.0,1
CHEMBL333,O=C(CNCc1cc(Cl)c2cccnc2c1O)Nc1ccccc1,5.5,0.0,1
CHEMBL333,O=C(CNS(=O)(=O)c1ccc(-c2ccccc2)cc1)NO,8.7,0.0,1
CHEMBL333,O=C(CNS(=O)(=O)c1ccc(Br)cc1)NO,7.4,0.0,1
CHEMBL333,O=C(CNS(=O)(=O)c1ccc(OCc2cc(Br)cc(-c3cccnc3)c2)cc1)NO,5.98,0.0,1
CHEMBL333,O=C(CNS(=O)(=O)c1ccc(OCc2cc(Br)cc(Br)c2)cc1)NO,5.76,0.0,1
CHEMBL333,O=C(CNS(=O)(=O)c1ccc(OCc2cc(F)cc(F)c2)cc1)NO,7.75,0.0,1
CHEMBL333,O=C(CNS(=O)(=O)c1ccc(OCc2ccc(-c3ccccc3)cc2)cc1)NO,7.32,0.0,1
CHEMBL333,O=C(CNS(=O)(=O)c1ccc(OCc2ccc(Br)cc2)cc1)NO,8.92,0.0,1
CHEMBL333,O=C(CNS(=O)(=O)c1ccc(OCc2ccc(F)cc2)cc1)NO,8.52,0.0,1
CHEMBL333,O=C(CNS(=O)(=O)c1ccc(OCc2ccc(F)cc2Cl)cc1)NO,7.34,0.0,1
CHEMBL333,O=C(CNS(=O)(=O)c1ccc(OCc2ccc(OC(F)(F)F)cc2)cc1)NO,8.12,0.0,1
CHEMBL333,O=C(CNS(=O)(=O)c1ccc(OCc2cccc(-c3ccccc3)c2)cc1)NO,7.39,0.0,1
CHEMBL333,O=C(CNS(=O)(=O)c1ccc(OCc2cccc(Br)c2)cc1)NO,7.82,0.0,1
CHEMBL333,O=C(CNS(=O)(=O)c1ccc(OCc2cccc(F)c2)cc1)NO,8.11,0.0,1
CHEMBL333,O=C(CNS(=O)(=O)c1ccc(OCc2cccc(OC(F)(F)F)c2)cc1)NO,7.7,0.0,1
CHEMBL333,O=C(CNS(=O)(=O)c1ccc(OCc2cccc3cccnc23)cc1)NO,6.17,0.0,1
CHEMBL333,O=C(CNS(=O)(=O)c1ccc(OCc2ccccc2)cc1)NO,8.42,0.0,1
CHEMBL333,O=C(CNS(=O)(=O)c1ccc(Oc2ccccc2)cc1)NO,10.4,0.0,1
CHEMBL333,O=C(CNS(=O)(=O)c1ccc(Oc2ccccc2)nc1)NO,9.37,0.0,1
CHEMBL333,O=C(CNS(=O)(=O)c1ccc2ccccc2c1)NO,6.79,0.0,1
CHEMBL333,O=C(CS(=O)(=O)N1CC=C(c2ccc(-c3ccccc3)c(C(F)(F)F)c2)CC1)NO,5.51,0.0,1
CHEMBL333,O=C(CS(=O)(=O)N1CC=C(c2ccc(-c3ccccc3)c(Cl)c2)CC1)NO,6.21,0.0,1
CHEMBL333,O=C(CS(=O)(=O)N1CC=C(c2ccc(-c3ccccc3)c(F)c2)CC1)NO,7.77,0.0,1
CHEMBL333,O=C(CS(=O)(=O)N1CC=C(c2ccc(-c3ccccc3)cc2)CC1)NO,8.05,0.0,1
CHEMBL333,O=C(CS(=O)(=O)c1ccc(-c2ccccc2)cc1)NO,8.22,0.0,1
CHEMBL333,O=C(C[C@@H](CCCC1CCCCC1)c1nc(-c2c[nH]c(=O)[nH]c2=O)no1)NO,4.1,0.0,1
CHEMBL333,O=C(C[C@@H](CCCC1CCCCC1)c1nc(C(=O)N2CCCCC2)no1)NO,4.13,0.0,1
CHEMBL333,O=C(C[C@@H](CCCC1CCCCC1)c1nc(C(=O)NS(=O)(=O)c2ccccc2)no1)NO,4.04,0.0,1
CHEMBL333,O=C(C[C@H](CSc1ccccc1)C(=O)O)c1ccc(-c2ccc(Cl)cc2)cc1,7.96,0.0,1
CHEMBL333,O=C(Cc1ccccc1)NNC(=O)[C@@H]1CC2(CN1S(=O)(=O)c1ccc([N+](=O)[O-])cc1)SCCS2,5.74,0.0,1
CHEMBL333,O=C(Cc1ccccc1)NNC(=O)[C@@H]1CC2(CN1S(=O)(=O)c1ccccc1)SCCS2,5.26,0.0,1
CHEMBL333,O=C(Cc1ccccc1S(=O)(=O)c1ccc(-c2ccccc2)cc1)NO,7.42,0.0,1
CHEMBL333,O=C(N1CCCCC1)P(=O)(O)O,6.0,0.0,1
CHEMBL333,O=C(NC(CS(=O)(=O)c1ccc(Oc2ccccc2)cc1)(C(=O)NO)c1ccccc1)c1ccccc1,6.74,0.0,1
CHEMBL333,O=C(NC(P(=O)(O)O)P(=O)(O)O)c1ccc(Br)cc1,4.52,0.0,1
CHEMBL333,O=C(NC1CC1)P(=O)(O)O,6.3,0.0,1
CHEMBL333,O=C(NC1CCC1)P(=O)(O)O,6.82,0.0,1
CHEMBL333,O=C(NC1CCCC1)P(=O)(O)O,7.1,0.0,1
CHEMBL333,O=C(NC1CCCCC1)P(=O)(O)O,5.52,0.0,1
CHEMBL333,O=C(NC1CCCCCC1)P(=O)(O)O,5.4,0.0,1
CHEMBL333,O=C(NC1CCCCCCC1)P(=O)(O)O,6.0,0.0,1
CHEMBL333,O=C(NC1CCCS(=O)(=O)C1)c1ccc(Oc2ccc(C#C[C@]3(O)CN4CCC3CC4)cc2)cc1,5.396666666666666,0.17616280348965052,3
CHEMBL333,O=C(NC1CCN(C(=O)C2CC2)CC1)c1ccc(Oc2ccc(C#C[C@]3(O)CN4CCC3CC4)cc2)cc1,5.2,0.0,1
CHEMBL333,O=C(NC1CCN(C2CC2)CC1)c1ccc(Oc2ccc(C#C[C@]3(O)CN4CCC3CC4)cc2)cc1,5.1,0.0,1
CHEMBL333,O=C(NC1CCS(=O)(=O)C1)c1ccc(Oc2ccc(C#C[C@]3(O)CN4CCC3CC4)cc2)cc1,5.1,0.0,1
CHEMBL333,O=C(NCC1CCCCC1)P(=O)(O)O,6.7,0.0,1
CHEMBL333,O=C(NCC1CCCCC1)c1ccc(Oc2ccc(C#C[C@]3(O)CN4CCC3CC4)cc2)cc1,5.3,0.0,1
CHEMBL333,O=C(NCCCCC(NS(=O)(=O)c1ccc(-c2ccc(Cl)cc2)cc1)C(=O)O)OCc1ccccc1,8.3,0.0,1
CHEMBL333,O=C(NCCCCC(NS(=O)(=O)c1ccc(-c2ccccc2)cc1)C(=O)O)OCc1ccccc1,7.3,0.0,1
CHEMBL333,O=C(NCCCCCCNS(=O)(=O)c1ccc(Oc2ccccc2)cc1)P(=O)(O)O,5.4,0.0,1
CHEMBL333,O=C(NCCCCCNS(=O)(=O)c1ccc(Oc2ccccc2)cc1)P(=O)(O)O,5.4,0.0,1
CHEMBL333,O=C(NCCCCNS(=O)(=O)c1ccc(Oc2ccccc2)cc1)P(=O)(O)O,5.16,0.0,1
CHEMBL333,O=C(NCCCC[C@H](NC(=O)c1ccc(Br)cc1)C(=O)NO)OCc1ccccc1,5.0,0.0,1
CHEMBL333,O=C(NCCCC[C@H](NC(=O)c1ccc(Br)cc1)C(=O)O)OCc1ccccc1,4.88,0.0,1
CHEMBL333,O=C(NCCCC[C@H](NC(=O)c1ccc(Cl)cc1Cl)C(=O)O)OCc1ccccc1,4.75,0.0,1
CHEMBL333,O=C(NCCCC[C@H](NC(=O)c1ccc([N+](=O)[O-])cc1)C(=O)NO)OCc1ccccc1,4.5,0.0,1
CHEMBL333,O=C(NCCCC[C@H](NC(=O)c1ccc([N+](=O)[O-])cc1)C(=O)O)OCc1ccccc1,4.72,0.0,1
CHEMBL333,O=C(NCCCC[C@H](NC(=O)c1cccc([N+](=O)[O-])c1)C(=O)NO)OCc1ccccc1,4.93,0.0,1
CHEMBL333,O=C(NCCCC[C@H](NC(=O)c1cccc([N+](=O)[O-])c1)C(=O)O)OCc1ccccc1,5.13,0.0,1
CHEMBL333,O=C(NCCCC[C@H](NC(=O)c1cccnc1)C(=O)NO)OCc1ccccc1,5.1,0.0,1
CHEMBL333,O=C(NCCCC[C@H](NC(=O)c1cccnc1)C(=O)O)OCc1ccccc1,5.5,0.0,1
CHEMBL333,O=C(NCCCC[C@H](NC(=O)c1ccco1)C(=O)NO)OCc1ccccc1,5.09,0.0,1
CHEMBL333,O=C(NCCCC[C@H](NC(=O)c1ccco1)C(=O)O)OCc1ccccc1,5.07,0.0,1
CHEMBL333,O=C(NCCCC[C@H](NC(=O)c1cccs1)C(=O)NO)OCc1ccccc1,4.9,0.0,1
CHEMBL333,O=C(NCCCC[C@H](NC(=O)c1cccs1)C(=O)O)OCc1ccccc1,4.9,0.0,1
CHEMBL333,O=C(NCCCC[C@H](NC(=O)c1ccncc1)C(=O)NO)OCc1ccccc1,4.59,0.0,1
CHEMBL333,O=C(NCCCC[C@H](NC(=O)c1ccncc1)C(=O)O)OCc1ccccc1,5.06,0.0,1
CHEMBL333,O=C(NCCCC[C@H](NC(=O)c1cnccn1)C(=O)NO)OCc1ccccc1,4.84,0.0,1
CHEMBL333,O=C(NCCCC[C@H](NC(=O)c1cnccn1)C(=O)O)OCc1ccccc1,5.53,0.0,1
CHEMBL333,O=C(NCCCC[C@H](NS(=O)(=O)c1ccc(-c2ccc(Br)cc2)cc1)C(=O)O)OCc1ccccc1,7.51,0.0,1
CHEMBL333,O=C(NCCCNS(=O)(=O)c1ccc(Oc2ccccc2)cc1)P(=O)(O)O,5.0,0.0,1
CHEMBL333,O=C(NCCCOc1ccc(S(=O)(=O)C2(C(=O)NO)CCOCC2)cc1)C1CCCCC1,6.19,0.0,1
CHEMBL333,O=C(NCCCOc1ccc(S(=O)(=O)C2(C(=O)NO)CCOCC2)cc1)c1ccc(OC(F)(F)F)cc1,6.44,0.0,1
CHEMBL333,O=C(NCCC[C@@H](NS(=O)(=O)c1ccc(OCc2cc(Br)cc(Br)c2)cc1)C(=O)NO)OCc1ccccc1,5.84,0.0,1
CHEMBL333,O=C(NCCNC(=O)P(=O)(O)O)c1ccc(Oc2ccccc2)cc1,4.7,0.0,1
CHEMBL333,O=C(NCCNS(=O)(=O)c1ccc(Oc2ccccc2)cc1)P(=O)(O)O,4.82,0.0,1
CHEMBL333,O=C(NCC[C@@H](NS(=O)(=O)c1ccc(-c2ccccc2)cc1)C(=O)NO)c1cccc(C(=O)NCC[C@@H](NS(=O)(=O)c2ccc(-c3ccccc3)cc2)C(=O)NO)c1,8.92,0.0,1
CHEMBL333,O=C(NCC[C@@H](NS(=O)(=O)c1ccc(OCc2cc(Br)cc(Br)c2)cc1)C(=O)NO)OCc1ccccc1,5.39,0.0,1
CHEMBL333,O=C(NCCc1ccccc1)P(=O)(O)O,4.7,0.0,1
CHEMBL333,O=C(NC[C@H](OCc1ccc(C#Cc2ccc(CN3CCOCC3)cc2)cc1)C(=O)NO)c1cc[nH]n1,4.17,0.0,1
CHEMBL333,O=C(NCc1ccc(-c2ccccc2)cc1)c1cc(=S)c(O)co1,4.84,0.0,1
CHEMBL333,O=C(NCc1ccc(C(=O)Nc2ccc(S(=O)(=O)C3CCC[C@@H]3C(=O)NO)cc2)cc1)OCc1ccccc1,10.32,0.0,1
CHEMBL333,O=C(NCc1ccc(F)cc1)c1ccc(Oc2ccc(C#C[C@]3(O)CN4CCC3CC4)cc2)cc1,5.2,0.0,1
CHEMBL333,O=C(NCc1cccc(-c2ccc(CS(=O)(=O)Cc3n[nH]c(=O)[nH]3)cc2)c1)c1nc2ccccc2c(=O)[nH]1,7.64,0.0,1
CHEMBL333,O=C(NCc1cccc(-c2ccc(CS(=O)(=O)Cc3n[nH]c(=O)[nH]3)cc2)c1)c1nc2scc(-c3cccc(Cl)c3)c2c(=O)[nH]1,7.07,0.0,1
CHEMBL333,O=C(NCc1cccc(N2CCN(C(=O)Cc3c[nH]cn3)CC2)c1)c1nc2ccccc2c(=O)[nH]1,6.92,0.0,1
CHEMBL333,O=C(NCc1cccc(N2CCN(C(=O)Cc3n[nH]c(=O)[nH]3)CC2)c1)c1nc2ccccc2c(=O)[nH]1,8.0,0.0,1
CHEMBL333,O=C(NCc1cccc(N2CCN(C(=O)Cc3nnn[nH]3)CC2)c1)c1nc2ccccc2c(=O)[nH]1,6.8,0.0,1
CHEMBL333,O=C(NCc1cccc(OCCCOc2nc[nH]n2)c1)c1nc2ccccc2c(=O)[nH]1,7.5,0.0,1
CHEMBL333,O=C(NCc1cccc(OCCCOc2nc[nH]n2)c1)c1nc2scc(-c3cccc(Cl)c3)c2c(=O)[nH]1,6.29,0.0,1
CHEMBL333,O=C(NCc1cccc(OCCCS(=O)(=O)N2CCCCC2C(=O)NO)c1)c1nc2ccccc2c(=O)[nH]1,9.24,0.0,1
CHEMBL333,O=C(NCc1cccc(OCCCS(=O)(=O)N2CCCCC2C(=O)O)c1)c1nc2ccccc2c(=O)[nH]1,7.85,0.0,1
CHEMBL333,O=C(NCc1cccc(OCCOc2nc[nH]n2)c1)c1nc2scc(-c3cccc(F)c3)c2c(=O)[nH]1,6.75,0.0,1
CHEMBL333,O=C(NCc1cccc(OCCSc2nc[nH]n2)c1)c1nc2ccccc2c(=O)[nH]1,7.08,0.0,1
CHEMBL333,O=C(NCc1ccccc1)c1ccc(Oc2ccc(C#C[C@]3(O)CN4CCC3CC4)cc2)cc1,5.1,0.0,1
CHEMBL333,O=C(NCc1ccco1)Nc1c[nH]c2cccnc2c1=O,5.3,0.0,1
CHEMBL333,O=C(NCc1ccnc2ccccc12)c1ccc(Oc2ccc(C#C[C@]3(O)CN4CCC3CC4)cc2)cc1,5.7,0.0,1
CHEMBL333,O=C(NCc1ccncc1)c1ccc(Oc2ccc(C#C[C@]3(O)CN4CCC3CC4)cc2)cc1,5.2,0.0,1
CHEMBL333,O=C(NNC(=S)Nc1ccc(Cl)cc1)c1cc(Br)c(Br)[nH]1,5.75,0.0,1
CHEMBL333,O=C(NO)C(CCCN1C(=O)c2ccccc2C1=O)COc1ccc(-c2ccccc2)cc1,7.09,0.0,1
CHEMBL333,O=C(NO)C(CCCc1ccccc1)CS(=O)(=O)c1ccc(C(O)c2ccccc2)cc1,5.77,0.0,1
CHEMBL333,O=C(NO)C(CCCc1ccccc1)CS(=O)(=O)c1ccc(Cc2ccccc2)cc1,6.7,0.0,1
CHEMBL333,O=C(NO)C(CCN1C(=O)c2ccccc2C1=O)COc1ccc(-c2ccccc2)cc1,8.52,0.0,1
CHEMBL333,O=C(NO)C(CCN1C(=O)c2ccccc2C1=O)S(=O)(=O)c1ccc(-c2ccc(Cl)cc2)cc1,9.21,0.0,1
CHEMBL333,O=C(NO)C(CCN1C(=O)c2ccccc2S1(=O)=O)COc1ccc(-c2ccccc2)cc1,8.15,0.0,1
CHEMBL333,O=C(NO)C(CCn1c(=O)[nH]c2ccccc2c1=O)COc1ccc(-c2ccccc2)cc1,7.62,0.0,1
CHEMBL333,O=C(NO)C(CCn1ncc2ccccc2c1=O)COc1ccc(-c2ccccc2)cc1,8.22,0.0,1
CHEMBL333,O=C(NO)C(CCn1nnc2ccccc2c1=O)COCCc1ccc(-c2ccc(Cl)cc2)cc1,7.6,0.0,1
CHEMBL333,O=C(NO)C(CCn1nnc2ccccc2c1=O)COc1ccc(-c2ccc(Cl)cc2)cc1,10.0,0.0,1
CHEMBL333,O=C(NO)C(CCn1nnc2ccccc2c1=O)COc1ccc(-c2ccccc2)cc1,9.3,0.0,1
CHEMBL333,O=C(NO)C(CCn1nnc2ccccc2c1=O)CSc1ccc(-c2ccc(Cl)cc2)cc1,10.22,0.0,1
CHEMBL333,O=C(NO)C(Cc1ccccc1)NS(=O)(=O)c1ccc(-c2cn(-c3ccc(-c4ccccc4)cc3)nn2)cc1,8.89,0.0,1
CHEMBL333,O=C(NO)C1(CS(=O)(=O)c2ccc(Oc3ccc(Cl)cc3)cc2)CCOCC1,9.82,0.6264183905346319,3
CHEMBL333,O=C(NO)C1(CS(=O)(=O)c2ccc(Oc3ccccc3)cc2)CCN(CCc2ccccc2)CC1,9.52,0.0,1
CHEMBL333,O=C(NO)C1(NS(=O)(=O)c2ccc(Oc3ccc(F)cc3)cc2)CCOCC1,8.8,0.0,1
CHEMBL333,O=C(NO)C1(O)COCCC1S(=O)(=O)c1ccc(OCc2ccc(Cl)cc2Cl)cc1,7.92,0.0,1
CHEMBL333,O=C(NO)C1(S(=O)(=O)c2ccc(-n3cc(-c4ccc(-c5ccccc5)cc4)nn3)cc2)CCOCC1,8.85,0.0,1
CHEMBL333,O=C(NO)C1(S(=O)(=O)c2ccc(-n3cc(-c4ccc(-c5ccncc5)cc4)nn3)cc2)CCOCC1,9.64,0.0,1
CHEMBL333,O=C(NO)C1(S(=O)(=O)c2ccc(-n3cc(-c4ccc(-c5cncnc5)cc4)nn3)cc2)CCOCC1,9.3,0.0,1
CHEMBL333,O=C(NO)C1(S(=O)(=O)c2ccc(N3CCC(c4ccc(Cl)cc4)CC3)cc2)CCOCC1,8.7,0.0,1
CHEMBL333,O=C(NO)C1(S(=O)(=O)c2ccc(N3CCC(c4cccc5ccccc45)CC3)cc2)CCOCC1,6.3,0.0,1
CHEMBL333,O=C(NO)C1(S(=O)(=O)c2ccc(N3CCC(c4ccccc4)CC3)cc2)CCOCC1,8.36,0.0,1
CHEMBL333,O=C(NO)C1(S(=O)(=O)c2ccc(N3CCC(c4ccccc4-c4ccc(F)cc4)CC3)cc2)CCOCC1,5.27,0.0,1
CHEMBL333,O=C(NO)C1(S(=O)(=O)c2ccc(N3CCC(c4ccccc4C(F)(F)F)CC3)cc2)CCOCC1,6.05,0.0,1
CHEMBL333,O=C(NO)C1(S(=O)(=O)c2ccc(N3CCC(c4ccccc4Cl)CC3)cc2)CCOCC1,7.09,0.0,1
CHEMBL333,O=C(NO)C1(S(=O)(=O)c2ccc(N3CCC(c4ccccc4O)CC3)cc2)CCOCC1,7.16,0.0,1
CHEMBL333,O=C(NO)C1(S(=O)(=O)c2ccc(N3CCN(c4ccc(C(F)(F)F)cc4)CC3)cc2)CCN(C2CC2)CC1,7.49,0.0,1
CHEMBL333,O=C(NO)C1(S(=O)(=O)c2ccc(N3CCN(c4ccc(C(F)(F)F)cc4)CC3)cc2)CCOCC1,7.92,0.0,1
CHEMBL333,O=C(NO)C1(S(=O)(=O)c2ccc(N3CCN(c4ccc(Cl)cc4)CC3)cc2)CCOCC1,8.43,0.0,1
CHEMBL333,O=C(NO)C1(S(=O)(=O)c2ccc(N3CCN(c4cccc(C(F)(F)F)c4)CC3)cc2)CCOCC1,6.48,0.0,1
CHEMBL333,O=C(NO)C1(S(=O)(=O)c2ccc(N3CCN(c4ccccc4)CC3)cc2)CCN(C2CC2)CC1,8.27,0.0,1
CHEMBL333,O=C(NO)C1(S(=O)(=O)c2ccc(N3CCN(c4ccccc4)CC3)cc2)CCOCC1,7.63,0.0,1
CHEMBL333,O=C(NO)C1(S(=O)(=O)c2ccc(N3CCN(c4ccccc4Cl)CC3)cc2)CCOCC1,7.4,0.0,1
CHEMBL333,O=C(NO)C1(S(=O)(=O)c2ccc(N3CCN(c4ccccc4F)CC3)cc2)CCOCC1,7.68,0.0,1
CHEMBL333,O=C(NO)C1(S(=O)(=O)c2ccc(Oc3ccc(-c4ccccc4)cc3)cc2)CCOCC1,10.0,0.0,1
CHEMBL333,O=C(NO)C1(S(=O)(=O)c2ccc(Oc3ccc(C(F)(F)F)cc3)cc2)CCN(C2CC2)CC1,10.0,0.0,1
CHEMBL333,O=C(NO)C1(S(=O)(=O)c2ccc(Oc3ccc(C(F)(F)F)cc3)cc2)CCN(CCN2CCOCC2)CC1,9.52,0.0,1
CHEMBL333,O=C(NO)C1(S(=O)(=O)c2ccc(Oc3ccc(C(F)(F)F)cc3)cc2)CCNCC1,8.77,0.0,1
CHEMBL333,O=C(NO)C1(S(=O)(=O)c2ccc(Oc3ccc(C(F)(F)F)cc3)cc2)CCOCC1,10.0,0.0,1
CHEMBL333,O=C(NO)C1(S(=O)(=O)c2ccc(Oc3ccc(Cl)c(Cl)c3)cc2)CCOCC1,9.46,0.0,1
CHEMBL333,O=C(NO)C1(S(=O)(=O)c2ccc(Oc3ccc(Cl)cc3)cc2)CCN(Cc2ccccc2)CC1,9.0,0.0,1
CHEMBL333,O=C(NO)C1(S(=O)(=O)c2ccc(Oc3ccc(O)cc3)cc2)CCOCC1,9.7,0.0,1
CHEMBL333,O=C(NO)C1(S(=O)(=O)c2ccc(Oc3ccc(OC(F)(F)F)cc3)cc2)CCN(Cc2ccccn2)CC1,9.7,0.0,1
CHEMBL333,O=C(NO)C1(S(=O)(=O)c2ccc(Oc3ccc(SC(F)(F)F)cc3)cc2)CCOCC1,9.4,0.0,1
CHEMBL333,O=C(NO)C1(S(=O)(=O)c2ccc(Oc3ccc4c(c3)OCCO4)cc2)CCN(C2CC2)CC1,9.7,0.0,1
CHEMBL333,O=C(NO)C1(S(=O)(=O)c2ccc(Oc3ccc4c(c3)OCO4)cc2)CCN(C2CC2)CC1,9.3,0.0,1
CHEMBL333,O=C(NO)C1(S(=O)(=O)c2ccc(Oc3ccc4c(c3)OCO4)cc2)CCNCC1,9.4,0.0,1
CHEMBL333,O=C(NO)C1(S(=O)(=O)c2ccc(Oc3cccc(C(F)(F)F)c3)cc2)CCOCC1,9.1,0.0,1
CHEMBL333,O=C(NO)C1(S(=O)(=O)c2ccc(Oc3cccc(Cl)c3)cc2)CCOCC1,9.52,0.0,1
CHEMBL333,O=C(NO)C1(S(=O)(=O)c2ccc(Oc3ccccc3)cc2)CCOCC1,10.0,0.0,1
CHEMBL333,O=C(NO)C1(S(=O)(=O)c2ccc(Oc3ccncc3)cc2)CCOCC1,9.3,0.0,1
CHEMBL333,O=C(NO)C1CC(c2ccc(Oc3ccc(F)cc3)cc2)C(=O)N1,7.41,0.0,1
CHEMBL333,O=C(NO)C1CN(Cc2ccc(Oc3ccc(F)cc3)cc2)C(=O)N1,7.55,0.0,1
CHEMBL333,O=C(NO)C1CN(Cc2ccc(Oc3ccc4ccccc4c3)cc2)C(=O)N1,7.23,0.0,1
CHEMBL333,O=C(NO)C1c2ccc(O)cc2CCN1S(=O)(=O)c1cc(Cl)ccc1Cl,6.07,0.0,1
CHEMBL333,O=C(NO)C1c2ccc(O)cc2CCN1S(=O)(=O)c1ccc([N+](=O)[O-])cc1,7.12,0.0,1
CHEMBL333,O=C(NO)C1c2ccc(O)cc2CCN1S(=O)(=O)c1ccccc1,6.37,0.0,1
CHEMBL333,O=C(NO)C1c2ccc(OCc3ccccc3)cc2CCN1S(=O)(=O)c1cc(Cl)ccc1Cl,5.96,0.0,1
CHEMBL333,O=C(NO)C1c2ccc(OCc3ccccc3)cc2CCN1S(=O)(=O)c1ccccc1,7.62,0.0,1
CHEMBL333,O=C(NO)[C@@H](CCN1C(=O)c2ccccc2C1=O)NS(=O)(=O)c1ccc(-c2ccccc2C(F)(F)F)cc1,6.41,0.0,1
CHEMBL333,O=C(NO)[C@@H](CCN1C(=O)c2ccccc2C1=O)NS(=O)(=O)c1ccc(Br)cc1,8.82,0.0,1
CHEMBL333,O=C(NO)[C@@H](Cc1c[nH]c2ccccc12)NS(=O)(=O)c1ccc(-c2ccccc2)cc1,8.89,0.0,1
CHEMBL333,O=C(NO)[C@@H](Cc1ccc2ccccc2c1)NS(=O)(=O)c1ccc2ccccc2c1,7.76,0.0,1
CHEMBL333,O=C(NO)[C@@H](Cc1ccccc1)NS(=O)(=O)c1ccc(-c2ccccc2)cc1,7.77,0.0,1
CHEMBL333,O=C(NO)[C@@H]1CC2(CN1S(=O)(=O)c1ccc([N+](=O)[O-])cc1)SCCS2,6.11,0.0,1
CHEMBL333,O=C(NO)[C@@H]1CC2(CN1S(=O)(=O)c1ccccc1)OCCCCO2,7.92,0.0,1
CHEMBL333,O=C(NO)[C@@H]1CC2(CN1S(=O)(=O)c1ccccc1)OCCCO2,7.96,0.0,1
CHEMBL333,O=C(NO)[C@@H]1CC2(CN1S(=O)(=O)c1ccccc1)OCCO2,8.1,0.0,1
CHEMBL333,O=C(NO)[C@@H]1CC2(CN1S(=O)(=O)c1ccccc1)SCCS2,6.06,0.0,1
CHEMBL333,O=C(NO)[C@@H]1CCC(=O)N1Cc1ccc(-c2ccccc2)cc1,5.05,0.0,1
CHEMBL333,O=C(NO)[C@@H]1CCC(=O)N1S(=O)(=O)c1ccc(-c2ccccc2)cc1,5.77,0.0,1
CHEMBL333,O=C(NO)[C@@H]1CCCN1C(=O)c1ccc(C#Cc2ccc(CN3CCOCC3)cc2)cc1,6.24,0.0,1
CHEMBL333,O=C(NO)[C@@H]1CCCN1Cc1ccc(C#Cc2ccc(CN3CCOCC3)cc2)cc1,5.52,0.0,1
CHEMBL333,O=C(NO)[C@@H]1CCCN1S(=O)(=O)c1ccc(-c2ccccc2)cc1,5.4,0.0,1
CHEMBL333,O=C(NO)[C@@H]1CS(=O)(=O)CN1S(=O)(=O)c1ccc(-c2ccccc2)cc1,7.28,0.0,1
CHEMBL333,O=C(NO)[C@@H]1CS(=O)(=O)CN1S(=O)(=O)c1ccc(Oc2ccc(Cl)cc2)cc1,9.1,0.0,1
CHEMBL333,O=C(NO)[C@@H]1CSC(=O)N1Cc1ccc(-c2ccccc2)cc1,5.17,0.0,1
CHEMBL333,O=C(NO)[C@@H]1CSCN1S(=O)(=O)c1ccc(-c2ccccc2)cc1,6.7,0.0,1
CHEMBL333,O=C(NO)[C@@H]1CSCN1S(=O)(=O)c1ccc(Oc2ccc(Cl)cc2)cc1,7.89,0.0,1
CHEMBL333,O=C(NO)[C@@H]1CSCN1S(=O)(=O)c1ccc(Oc2ccc(F)cc2)cc1,8.0,0.0,1
CHEMBL333,O=C(NO)[C@@H]1CSCN1S(=O)(=O)c1ccc2ccccc2c1,4.51,0.0,1
CHEMBL333,O=C(NO)[C@@H]1CSCN1S(=O)(=O)c1cccc2cccnc12,6.15,0.0,1
CHEMBL333,O=C(NO)[C@@H]1C[C@@H](O)CN1C(=O)c1ccc(C#Cc2ccc(CN3CCOCC3)cc2)cc1,6.0,0.0,1
CHEMBL333,O=C(NO)[C@@H]1C[C@@H](O)CN1S(=O)(=O)c1ccccc1,8.4,0.0,1
CHEMBL333,O=C(NO)[C@@H]1C[C@H](O)CN1C(=O)c1ccc(C#Cc2ccc(CN3CCOCC3)cc2)cc1,7.26,0.0,1
CHEMBL333,O=C(NO)[C@@H]1C[C@H](O)CN1C(=O)c1ccc(C#Cc2ccc(OCCCCCF)cc2)cc1,8.3,0.0,1
CHEMBL333,O=C(NO)[C@@H]1C[S+]([O-])CN1S(=O)(=O)c1ccc(-c2ccccc2)cc1,8.05,0.0,1
CHEMBL333,O=C(NO)[C@@H]1[C@H](O)[C@H](O)CN1C(=O)c1ccc(C#Cc2ccc(CN3CCOCC3)cc2)cc1,7.5,0.0,1
CHEMBL333,O=C(NO)[C@@]1(NS(=O)(=O)c2ccc(Oc3ccc(F)cc3)cc2)C[C@H]2CC[C@@H](C1)O2,9.555,0.049497474683058526,2
CHEMBL333,O=C(NO)[C@@]1(O)COCC[C@H]1S(=O)(=O)c1ccc(OCc2ccc(Cl)cc2Cl)cc1,7.92,0.0,1
CHEMBL333,O=C(NO)[C@H]1CC(CC(=O)N2CCCC2)CC[C@@H]1C(=O)N1CCN(c2ccccc2)CC1,6.57,0.0,1
CHEMBL333,O=C(NO)[C@H]1CC(CC(=O)N2CCCC2)CN[C@@H]1C(=O)N1CCN(c2ccccc2)CC1,8.1,0.0,1
CHEMBL333,O=C(NO)[C@H]1CC(CC(=O)N2CCCC2)CN[C@@H]1C(=O)N1CC[C@H](c2ccccc2)C1,6.44,0.0,1
CHEMBL333,O=C(NO)[C@H]1CC(CC(=O)N2CCCCC2)CC[C@@H]1C(=O)N1CCN(c2ccccc2)CC1,6.49,0.0,1
CHEMBL333,O=C(NO)[C@H]1CC(CC(=O)N2CCOCC2)CC[C@@H]1C(=O)N1CCN(c2ccccc2)CC1,6.63,0.0,1
CHEMBL333,O=C(NO)[C@H]1CC(CC(=O)N2CC[C@@H](O)C2)CC[C@@H]1C(=O)N1CCN(c2ccccc2)CC1,6.81,0.0,1
CHEMBL333,O=C(NO)[C@H]1CC(OC(=O)N2CCCC2)CN[C@@H]1C(=O)N1CC=C(c2ccccc2)CC1,6.99,0.0,1
CHEMBL333,O=C(NO)[C@H]1CC(OC(=O)N2CCCC2)CN[C@@H]1C(=O)N1CC[C@H](c2ccccc2)C1,6.3,0.0,1
CHEMBL333,O=C(NO)[C@H]1CC2(CC2)CN(C(=O)OC2CCOCC2)[C@@H]1C(=O)N1CCN(c2ccccc2)CC1,6.97,0.0,1
CHEMBL333,O=C(NO)[C@H]1CC2(CC2)CN(C(=O)OCc2ccccc2)[C@@H]1C(=O)N1C=CC(c2ccccc2)CC1,7.43,0.0,1
CHEMBL333,O=C(NO)[C@H]1CC2(CC2)CN[C@@H]1C(=O)N1CC=C(c2cc(Cl)cc(Cl)c2)CC1,5.3,0.0,1
CHEMBL333,O=C(NO)[C@H]1CC2(CC2)CN[C@@H]1C(=O)N1CC=C(c2cc(F)cc(F)c2)CC1,7.85,0.0,1
CHEMBL333,O=C(NO)[C@H]1CC2(CC2)CN[C@@H]1C(=O)N1CC=C(c2cccc(C3CC3)c2)CC1,7.62,0.0,1
CHEMBL333,O=C(NO)[C@H]1CC2(CC2)CN[C@@H]1C(=O)N1CC=C(c2ccccc2)C1,7.89,0.0,1
CHEMBL333,O=C(NO)[C@H]1CC2(CC2)CN[C@@H]1C(=O)N1CC=C(c2ccccc2)CC1,8.3,0.0,1
CHEMBL333,O=C(NO)[C@H]1CC2(CC2)CN[C@@H]1C(=O)N1CCC(c2ccccc2)C1,6.01,0.014142135623730649,2
CHEMBL333,O=C(NO)[C@H]1CC2(CC2)CN[C@@H]1C(=O)N1CCC(c2ccccc2)CC1,6.35,0.0,1
CHEMBL333,O=C(NO)[C@H]1CC2(CC2)CN[C@@H]1C(=O)N1CCN(c2cccc(Cl)c2)CC1,7.5,0.0,1
CHEMBL333,O=C(NO)[C@H]1CC2(CC2)CN[C@@H]1C(=O)N1CCN(c2ccccc2)CC1,6.705,0.007071067811865324,2
CHEMBL333,O=C(NO)[C@H]1CC2(CC2)CN[C@@H]1C(=O)N1CCN2c3ccccc3CC2C1,6.46,0.0,1
CHEMBL333,O=C(NO)[C@H]1CC2(CC2)CN[C@@H]1C(=O)N1CC[C@H](c2ccccc2)C1,6.02,0.0,1
CHEMBL333,O=C(NO)[C@H]1CC2(CC[C@@H]1C(=O)N1CCN(c3ccccc3)CC1)CC2,6.97,0.0,1
CHEMBL333,O=C(NO)[C@H]1CCC(=O)N1Cc1ccc(-c2ccccc2)cc1,5.52,0.0,1
CHEMBL333,O=C(NO)[C@H]1CCCC1S(=O)(=O)c1ccc(-c2ccc(Cl)c(Cl)c2)cc1,9.8,0.0,1
CHEMBL333,O=C(NO)[C@H]1CCCC1S(=O)(=O)c1ccc(C#Cc2ccccc2)cc1,9.55,0.0,1
CHEMBL333,O=C(NO)[C@H]1CCCC1S(=O)(=O)c1ccc(Cl)c(Cl)c1,6.31,0.0,1
CHEMBL333,O=C(NO)[C@H]1CCCC[C@@H]1C(=O)N1CCN(c2ccccc2)CC1,6.75,0.0,1
CHEMBL333,O=C(NO)[C@H]1CCCN1C(=O)c1ccc(C#Cc2ccc(CN3CCOCC3)cc2)cc1,6.3,0.0,1
CHEMBL333,O=C(NO)[C@H]1CN(Cc2ccc(Oc3ccc(F)cc3)cc2)C(=O)N1,7.55,0.0,1
CHEMBL333,O=C(NO)[C@H]1CN(Cc2ccc(Oc3ccc4ccccc4c3)cc2)C(=O)N1,7.23,0.0,1
CHEMBL333,O=C(NO)[C@H]1C[C@@H](CC(=O)N2CCCCC2)CC[C@@H]1C(=O)N1CCN(c2ccccc2)CC1,7.0,0.0,1
CHEMBL333,O=C(NO)[C@H]1C[C@H](CC(=O)N2CCCCC2)CC[C@@H]1C(=O)N1CCN(c2ccccc2)CC1,5.96,0.0,1
CHEMBL333,O=C(NO)[C@H]1C[C@H](NS(=O)(=O)c2ccc(-c3ccccc3)cc2)CN1S(=O)(=O)c1ccc(Cl)c(Cl)c1,6.44,0.0,1
CHEMBL333,O=C(NO)[C@H]1C[C@H](OC(=O)N2CCCC2)CN[C@@H]1C(=O)N1CC=C(c2ccccc2)C1,6.63,0.0,1
CHEMBL333,O=C(NO)[C@H]1C[C@H](OC(=O)N2CCCC2)CN[C@@H]1C(=O)N1CCC(c2ccccc2)CC1,6.99,0.0,1
CHEMBL333,O=C(NO)c1c(F)cccc1S(=O)(=O)N1CCC(Oc2ccc(C(F)(F)F)cc2)CC1,8.48,0.0,1
CHEMBL333,O=C(NO)c1cccc(F)c1S(=O)(=O)N1CCC(Oc2ccc(C(F)(F)F)cc2)CC1,8.48,0.0,1
CHEMBL333,O=C(NO)c1ccccc1S(=O)(=O)N1CCC(Cc2ccccc2)CC1,6.83,0.0,1
CHEMBL333,O=C(NO)c1ccccc1S(=O)(=O)N1CCC(OCc2ccc(C(F)(F)F)cc2)CC1,7.46,0.0,1
CHEMBL333,O=C(NO)c1ccccc1S(=O)(=O)N1CCC(Oc2ccc(C(F)(F)F)cc2)C1,5.75,0.0,1
CHEMBL333,O=C(NO)c1ccccc1S(=O)(=O)N1CCC(Oc2ccc(C(F)(F)F)cc2)CC1,8.89,0.0,1
CHEMBL333,O=C(NO)c1ccccc1S(=O)(=O)N1CCC(Oc2ccc(OC(F)(F)F)cc2)CC1,8.7,0.0,1
CHEMBL333,O=C(NO)c1ccccc1S(=O)(=O)N1CCC(c2ccccc2)CC1,7.16,0.0,1
CHEMBL333,O=C(NO)c1ccccc1S(=O)(=O)N1CCN(C(=O)c2ccccc2)CC1,6.0,0.0,1
CHEMBL333,O=C(NO)c1ccccc1S(=O)(=O)Nc1ccc(Oc2ccccc2)cc1,5.46,0.0,1
CHEMBL333,O=C(NO)c1ccccc1S(=O)(=O)c1ccc(-c2ccccc2)cc1,5.89,0.0,1
CHEMBL333,O=C(NO)c1ccccc1S(=O)(=O)c1ccc(Oc2ccccc2)cc1,5.92,0.0,1
CHEMBL333,O=C(N[C@@H](Cc1ccc(OCCc2ccccc2)cc1)C(=O)NO)c1ccccc1,6.05,0.0,1
CHEMBL333,O=C(N[C@@H](Cc1ccc(OCCc2ccccc2)cc1)C(=O)O)c1ccccc1,5.12,0.0,1
CHEMBL333,O=C(N[C@@H](Cc1ccc(OCc2ccccc2)cc1)C(=O)NO)c1ccccc1,5.77,0.0,1
CHEMBL333,O=C(N[C@@H](Cc1ccc(OCc2ccccc2)cc1)C(=O)O)c1ccccc1,5.01,0.0,1
CHEMBL333,O=C(N[C@@H]1CC=CCN(O)C1=O)c1ccc(Oc2ccc(Cl)cc2)cc1,5.63,0.0,1
CHEMBL333,O=C(N[C@@H]1C[C@H](C(=O)NO)N(S(=O)(=O)c2ccc(Cl)c(Cl)c2)C1)c1cccs1,6.84,0.0,1
CHEMBL333,O=C(N[C@H](CCN1C(=O)c2ccccc2C1=O)C(=O)NO)c1ccc(Oc2ccccc2)cc1,5.05,0.0,1
CHEMBL333,O=C(N[C@H]1C[C@@H](C(=O)NO)N(S(=O)(=O)c2ccc(Oc3ccccc3)cc2)C1)c1ccc2no[n+]([O-])c2c1,6.99,0.0,1
CHEMBL333,O=C(N[C@H]1C[C@@H](C(=O)NO)N(S(=O)(=O)c2ccc(Oc3ccccc3)cc2)C1)c1cccc2no[n+]([O-])c12,6.74,0.0,1
CHEMBL333,O=C(Nc1ccc(-c2ccc(S(=O)(=O)N[C@@H](CO)C(=O)O)cc2)cc1)c1cc2ccccc2o1,7.56,0.0,1
CHEMBL333,O=C(Nc1ccc(-c2ccc(S(=O)(=O)N[C@@H](Cc3c[nH]cn3)C(=O)O)cc2)cc1)c1cc2ccccc2o1,7.43,0.0,1
CHEMBL333,O=C(Nc1ccc(S(=O)(=O)C2CCC[C@@H]2C(=O)NO)cc1)OCc1ccccc1,8.62,0.0,1
CHEMBL333,O=C(Nc1ccc(S(=O)(=O)C2CCC[C@@H]2C(=O)NO)cc1)c1ccc([N+](=O)[O-])cc1,10.02,0.0,1
CHEMBL333,O=C(Nc1ccc(S(=O)(=O)C2CCC[C@@H]2C(=O)NO)cc1)c1ccccc1,7.68,0.0,1
CHEMBL333,O=C(Nc1ccc(S(=O)(=O)C[C@@H](Cc2c[nH]c3ccccc23)C(=O)O)cc1)c1ccc(Br)cc1,8.59,0.0,1
CHEMBL333,O=C(Nc1ccc(S(=O)(=O)NC(CC#CCN2CCOCC2)C(=O)O)cc1)c1ccc(Br)cc1,7.92,0.0,1
CHEMBL333,O=C(Nc1ccc(S(=O)(=O)NC(CC#CCOc2ccccc2)C(=O)O)cc1)c1ccc(Br)cc1,8.05,0.0,1
CHEMBL333,O=C(Nc1ccc(S(=O)(=O)NC(CC#Cc2ccccc2)C(=O)O)cc1)c1ccc(Cl)cc1,8.22,0.0,1
CHEMBL333,O=C(Nc1ccc(S(=O)(=O)N[C@H](Cc2c[nH]c3ccccc23)C(=O)O)cc1)c1cc(F)ccn1,8.28,0.0,1
CHEMBL333,O=C(Nc1ccc(S(=O)(=O)N[C@H](Cc2c[nH]c3ccccc23)C(=O)O)cc1)c1ccc(Br)cc1,8.82,0.3252691193458125,2
CHEMBL333,O=C(Nc1ccc(S(=O)(=O)N[C@H](Cc2c[nH]c3ccccc23)C(=O)O)cc1)c1ccc(F)cc1,8.74,0.0,1
CHEMBL333,O=C(Nc1ccc(S(=O)(=O)N[C@H](Cc2c[nH]c3ccccc23)C(=O)O)cc1)c1ccc(F)nc1,8.15,0.0,1
CHEMBL333,O=C(Nc1ccc(S(=O)(=O)N[C@H](Cc2c[nH]c3ccccc23)C(=O)O)cc1)c1ccc(OC(F)(F)F)cc1,8.32,0.0,1
CHEMBL333,O=C(Nc1ccc(S(=O)(=O)N[C@H](Cc2c[nH]c3ccccc23)C(=O)O)cc1)c1cccnc1F,6.85,0.0,1
CHEMBL333,O=C(Nc1ccc(S(=O)(=O)N[C@H](Cc2c[nH]c3ccccc23)C(=O)O)cc1)c1ccnc(F)c1,7.85,0.0,1
CHEMBL333,O=C(Nc1ccc([N+](=O)[O-])cc1)C(c1ccc([N+](=O)[O-])cc1)N(C(=O)c1ccc(C(F)(F)F)cc1)c1ccccc1,6.86,0.0,1
CHEMBL333,O=C(Nc1ccc([N+](=O)[O-])cc1)C(c1ccccc1)N(C(=O)c1ccccc1I)c1ccccc1,6.58,0.0,1
CHEMBL333,O=C(Nc1ccc([N+](=O)[O-])cc1)C(c1ccccc1)N(Cc1ccccc1)C(=O)Cc1ccccc1,6.66,0.0,1
CHEMBL333,O=C(O)/C=C/c1ccc(O)c(O)c1,7.62,0.0,1
CHEMBL333,O=C(O)C(CC#CCN1CCCC1)NS(=O)(=O)c1ccc(-c2ccccc2)cc1,6.42,0.0,1
CHEMBL333,O=C(O)C(CC#CCN1CCOCC1)NS(=O)(=O)c1ccc(-c2ccccc2)cc1,6.53,0.0,1
CHEMBL333,O=C(O)C(CC#CCOc1ccccc1)NS(=O)(=O)c1ccc(-c2ccc(Br)cc2)cc1,7.64,0.0,1
CHEMBL333,O=C(O)C(CC#Cc1ccccc1)NS(=O)(=O)c1ccc(-c2ccc(-c3ccccc3)cc2)cc1,7.54,0.0,1
CHEMBL333,O=C(O)C(CC#Cc1ccccc1)NS(=O)(=O)c1ccc(-c2ccc(F)cc2)cc1,6.76,0.0,1
CHEMBL333,O=C(O)C(CC#Cc1ccccc1)NS(=O)(=O)c1ccc(-c2ccc(Oc3ccccc3)cc2)cc1,5.83,0.0,1
CHEMBL333,O=C(O)C(CC#Cc1ccccc1)NS(=O)(=O)c1ccc(-c2ccc3c(c2)OCO3)cc1,7.54,0.0,1
CHEMBL333,O=C(O)C(CC#Cc1ccccc1)NS(=O)(=O)c1ccc(/N=N/c2ccccc2)cc1,7.06,0.0,1
CHEMBL333,O=C(O)C(CC#Cc1ccccc1)NS(=O)(=O)c1ccc(Oc2ccccc2)cc1,5.83,0.0,1
CHEMBL333,O=C(O)C(CCCN1C(=O)c2ccccc2C1=O)S(=O)(=O)c1ccc(-c2ccc(Cl)cc2)cc1,6.84,0.0,1
CHEMBL333,O=C(O)C(CCN1C(=O)c2ccccc2C1=O)S(=O)(=O)c1ccc(-c2ccc(C(F)(F)F)cc2)cc1,8.36,0.0,1
CHEMBL333,O=C(O)C(CCN1C(=O)c2ccccc2C1=O)S(=O)(=O)c1ccc(-c2ccc(Cl)cc2)cc1,8.74,0.0,1
CHEMBL333,O=C(O)C(CCN1C(=O)c2ccccc2C1=O)S(=O)(=O)c1ccc(-c2ccc(F)cc2)cc1,8.19,0.0,1
CHEMBL333,O=C(O)C(CCN1C(=O)c2ccccc2C1=O)S(=O)(=O)c1ccc(-c2nc3cc(F)ccc3[nH]2)cc1,9.15,0.0,1
CHEMBL333,O=C(O)C(CCN1C(=O)c2ccccc2C1=O)S(=O)(=O)c1ccc(N2CC=C(c3ccc(Cl)cc3)CC2)cc1,7.92,0.0,1
CHEMBL333,O=C(O)C(CCN1C(=O)c2ccccc2C1=O)S(=O)(=O)c1ccc(Oc2ccc(OC(F)(F)F)cc2)cc1,7.72,0.0,1
CHEMBL333,O=C(O)C(CCN1C(=O)c2ccccc2C1=O)Sc1ccc(C#Cc2ccc(Cl)cc2)cc1,8.72,0.0,1
CHEMBL333,O=C(O)C(CCN1C(=O)c2ccccc2C1=O)Sc1ccc(C#Cc2ccc(OC(F)(F)F)cc2)cc1,8.89,0.0,1
CHEMBL333,O=C(O)C(CCN1Cc2ccccc2C1=O)S(=O)(=O)c1ccc(-c2ccc(Cl)cc2)cc1,8.07,0.0,1
CHEMBL333,O=C(O)C(CCS(=O)(=O)Cc1ccccc1)NS(=O)(=O)c1ccc(-c2ccc(Br)cc2)cc1,8.7,0.0,1
CHEMBL333,O=C(O)C(CCSCc1ccccc1)NS(=O)(=O)c1ccc(-c2ccc(Br)cc2)cc1,8.15,0.0,1
CHEMBL333,O=C(O)C(CCSc1ccccc1)S(=O)(=O)c1ccc(-c2ccc(Cl)cc2)cc1,6.53,0.0,1
CHEMBL333,O=C(O)C(CN1C(=O)c2ccccc2C1=O)S(=O)(=O)c1ccc(-c2ccc(Cl)cc2)cc1,6.25,0.0,1
CHEMBL333,O=C(O)CC(CC1CCCC1)C(=O)c1ccc(C#Cc2ccccc2)cc1,5.95,0.0,1
CHEMBL333,O=C(O)CC(Cc1ccc(F)cc1)C(=O)c1ccc(C#Cc2ccccc2)cc1,5.46,0.0,1
CHEMBL333,O=C(O)CC(Cc1ccccc1)C(=O)c1ccc(C#Cc2ccccc2)cc1,5.68,0.0,1
CHEMBL333,O=C(O)CC(O)CCc1ccc(-c2ccccc2)cc1,5.34,0.0,1
CHEMBL333,O=C(O)CC1(CCC(=O)N2CCN(c3cc(Cl)cc(Cl)c3)CC2)NC(=O)NC1=O,6.17,0.0,1
CHEMBL333,O=C(O)CCC(=O)c1ccc(C#CCO)cc1,4.81,0.0,1
CHEMBL333,O=C(O)CCC(=O)c1ccc(C#CCOCc2ccccc2)cc1,4.64,0.0,1
CHEMBL333,O=C(O)CCC(NC(=O)Cc1ccc(Br)cc1)C(=O)NCc1ccc([N+](=O)[O-])cc1,5.19,0.0,1
CHEMBL333,O=C(O)CCCN1C(=O)S/C(=C\C=C\c2ccccc2)C1=O,5.57,0.0,1
CHEMBL333,O=C(O)CCN1CCN(C2(c3ccc(Oc4ccc(Br)cc4)cc3)C(=O)NC(=O)NC2=O)CC1,7.07,0.0,1
CHEMBL333,O=C(O)CC[C@@H](NC(=O)Cc1ccc(Br)cc1)C(=O)NCc1ccc([N+](=O)[O-])cc1,5.365,0.24748737341529137,2
CHEMBL333,O=C(O)CC[C@H](NC(=O)Cc1ccc(Br)cc1)C(=O)NCc1ccc([N+](=O)[O-])cc1,5.19,0.0,1
CHEMBL333,O=C(O)CC[C@H](NC(=O)Cc1ccc(Br)cc1)C(=O)NCc1ccccc1,4.71,0.0,1
CHEMBL333,O=C(O)CNS(=O)(=O)c1ccc(-c2ccc(Br)cc2)cc1,8.4,0.0,1
CHEMBL333,O=C(O)CNS(=O)(=O)c1ccc(-c2ccc(NC(=O)c3cc4ccccc4o3)cc2)cc1,7.33,0.0,1
CHEMBL333,O=C(O)CNc1nc(NCC(=O)O)nc(NNC(=O)c2ccc(Nc3nc(Nc4ccc(C(=O)NNc5nc(NCC(=O)O)nc(NCC(=O)O)n5)cc4)nc(Nc4ccc(C(=O)NNc5nc(NCC(=O)O)nc(NCC(=O)O)n5)cc4)n3)cc2)n1,6.2,0.0,1
CHEMBL333,O=C(O)COc1ccccc1/C=C1/NC(=S)NC1=O,4.21,0.0,1
CHEMBL333,O=C(O)CS(=O)(=O)c1ccc(-c2ccccc2)cc1,4.9,0.0,1
CHEMBL333,O=C(O)Cc1ccccc1S(=O)(=O)c1ccc(-c2ccc(F)cc2)cc1,6.64,0.0,1
CHEMBL333,O=C(O)Cc1ccccc1S(=O)(=O)c1ccc(-c2ccc(NC(=O)CF)cc2)cc1,7.21,0.0,1
CHEMBL333,O=C(O)Cc1ccccc1S(=O)(=O)c1ccc(-c2ccc(OCCF)cc2)cc1,7.8,0.0,1
CHEMBL333,O=C(O)Cc1ccccc1S(=O)(=O)c1ccc(-c2ccccc2)cc1,6.29,0.0,1
CHEMBL333,O=C(O)[C@@H](Cc1c[nH]c2ccccc12)NS(=O)(=O)c1ccc(-c2ccc(Cl)cc2)cc1,8.24,0.0,1
CHEMBL333,O=C(O)[C@@H](Cc1c[nH]c2ccccc12)NS(=O)(=O)c1ccc(-c2ccccc2)cc1,7.28,0.0,1
CHEMBL333,O=C(O)[C@@H](Cc1c[nH]c2ccccc12)NS(=O)(=O)c1ccc(-c2nnn(-c3ccc(Br)cc3)n2)cc1,8.08,0.0,1
CHEMBL333,O=C(O)[C@@H](Cc1c[nH]c2ccccc12)NS(=O)(=O)c1ccc(-c2nnn(-c3ccccc3)n2)cc1,7.72,0.0,1
CHEMBL333,O=C(O)[C@@H](Cc1c[nH]c2ccccc12)NS(=O)(=O)c1ccc(/N=N/c2ccccc2)cc1,7.3,0.0,1
CHEMBL333,O=C(O)[C@@H](Cc1c[nH]c2ccccc12)NS(=O)(=O)c1ccc(C#Cc2ccc(Oc3ccccc3)cc2)s1,8.0,0.0,1
CHEMBL333,O=C(O)[C@@H](Cc1c[nH]c2ccccc12)NS(=O)(=O)c1ccc(C#Cc2ccc([N+](=O)[O-])cc2)s1,7.08,0.0,1
CHEMBL333,O=C(O)[C@@H](Cc1c[nH]c2ccccc12)NS(=O)(=O)c1ccc(C#Cc2ccccc2)cc1,7.3,0.0,1
CHEMBL333,O=C(O)[C@@H](Cc1c[nH]c2ccccc12)NS(=O)(=O)c1ccc(Oc2ccccc2)cc1,7.3,0.0,1
CHEMBL333,O=C(O)[C@@H](Cc1c[nH]c2ccccc12)NS(=O)(=O)c1ccc2ccccc2c1,6.3,0.0,1
CHEMBL333,O=C(O)[C@@H](Cc1ccccc1)NS(=O)(=O)c1ccc(-c2ccc(-c3ccccc3)cc2)cc1,8.36,0.0,1
CHEMBL333,O=C(O)[C@@H](Cc1ccccc1)NS(=O)(=O)c1ccc(-c2ccccc2)cc1,6.51,0.0,1
CHEMBL333,O=C(O)[C@@H](Cc1ccccc1)NS(=O)(=O)c1ccc(-c2nnn(-c3ccc(C4CCCCC4)cc3)n2)cc1,6.55,0.0,1
CHEMBL333,O=C(O)[C@@H](Cc1ccccc1)NS(=O)(=O)c1ccc(-c2nnn(-c3ccccc3)n2)cc1,6.96,0.0,1
CHEMBL333,O=C(O)[C@@H](Cc1ccccc1)NS(=O)(=O)c1ccc(Br)cc1,5.15,0.0,1
CHEMBL333,O=C(O)[C@@H](Cc1ccccc1)NS(=O)(=O)c1ccc(C#Cc2ccccc2)cc1,7.7,0.0,1
CHEMBL333,O=C(O)[C@@H]1CC2(CN1S(=O)(=O)c1ccc([N+](=O)[O-])cc1)SCCS2,6.08,0.0,1
CHEMBL333,O=C(O)[C@@H]1CC2(CN1S(=O)(=O)c1ccccc1)SCCS2,4.55,0.0,1
CHEMBL333,O=C(O)[C@@H]1[C@@H](Cn2nnc3ccccc3c2=O)CC[C@H]1Sc1ccc(-c2ccc(Cl)cc2)cc1,6.13,0.0,1
CHEMBL333,O=C(O)[C@H](Cc1ccccc1)NS(=O)(=O)c1ccc(-c2ccc(Br)cc2)cc1,7.72,0.0,1
CHEMBL333,O=C(O)[C@H](Cc1ccccc1)NS(=O)(=O)c1ccc(-c2ccccc2)cc1,6.6,0.028284271247461613,2
CHEMBL333,O=C(O)[C@H]1[C@H](CN2C(=O)c3ccccc3C2=O)CC[C@@H]1S(=O)(=O)CCc1ccc(-c2ccc(Cl)cc2)cc1,7.12,0.0,1
CHEMBL333,O=C(O)[C@H]1[C@H](CN2C(=O)c3ccccc3C2=O)CC[C@@H]1S(=O)(=O)CCc1ccc(-c2ccc(F)cc2)cc1,7.12,0.0,1
CHEMBL333,O=C(O)[C@H]1[C@H](CN2C(=O)c3ccccc3C2=O)CC[C@@H]1SCCc1ccc(-c2ccc(Cl)cc2)cc1,7.14,0.0,1
CHEMBL333,O=C(O)[C@H]1[C@H](CN2C(=O)c3ccccc3C2=O)CC[C@@H]1SCCc1ccc(-c2ccc(F)cc2)cc1,7.21,0.0,1
CHEMBL333,O=C(O)[C@H]1[C@H](CN2C(=O)c3ccccc3C2=O)CC[C@@H]1SCCc1ccc(-c2ccccc2)cc1,7.34,0.0,1
CHEMBL333,O=C(O)[C@H]1[C@H](CN2C(=O)c3ccccc3C2=O)CC[C@@H]1SCc1ccc(-c2ccc(Cl)cc2)cc1,7.14,0.0,1
CHEMBL333,O=C(O)[C@H]1[C@H](CN2C(=O)c3ccccc3C2=O)CC[C@@H]1SCc1ccc(-c2ccccc2)cc1,8.55,0.0,1
CHEMBL333,O=C(O)[C@H]1[C@H](CN2C(=O)c3ccccc3C2=O)CC[C@@H]1Sc1ccc(-c2ccccc2)cc1,7.62,0.0,1
CHEMBL333,O=C(O)[C@H]1[C@H](CN2C(=O)c3ccccc3S2(=O)=O)CC[C@@H]1Sc1ccc(-c2ccc(Cl)cc2)cc1,7.89,0.0,1
CHEMBL333,O=C(O)[C@H]1[C@H](CN2NNc3[nH]cnc3C2=O)CC[C@@H]1Sc1ccc(-c2ccc(Cl)cc2)cc1,6.89,0.0,1
CHEMBL333,O=C(O)[C@H]1[C@H](CN2NNc3ccsc3C2=O)CC[C@@H]1Sc1ccc(-c2ccc(Cl)cc2)cc1,7.7,0.0,1
CHEMBL333,O=C(O)[C@H]1[C@H](Cn2c(=O)nc3ccccn3c2=O)CC[C@@H]1Sc1ccc(-c2ccc(Cl)cc2)cc1,8.05,0.0,1
CHEMBL333,O=C(O)[C@H]1[C@H](Cn2nc3ccccn3c2=O)CC[C@@H]1Sc1ccc(-c2ccc(Cl)cc2)cc1,7.6,0.0,1
CHEMBL333,O=C(O)[C@H]1[C@H](Cn2nc3n(c2=O)CCCCC3)CC[C@@H]1Sc1ccc(-c2ccc(Cl)cc2)cc1,8.77,0.0,1
CHEMBL333,O=C(O)[C@H]1[C@H](Cn2nnc3ccccc3c2=O)CC[C@@H]1C(=O)c1ccc(OCCC2CCOCC2)cc1,7.36,0.0,1
CHEMBL333,O=C(O)[C@H]1[C@H](Cn2nnc3ccccc3c2=O)CC[C@@H]1S(=O)(=O)CCc1ccc(-c2ccc(Cl)cc2)cc1,6.42,0.0,1
CHEMBL333,O=C(O)[C@H]1[C@H](Cn2nnc3ccccc3c2=O)CC[C@@H]1S(=O)(=O)c1ccc(-c2ccc(Cl)cc2)cc1,7.08,0.0,1
CHEMBL333,O=C(O)[C@H]1[C@H](Cn2nnc3ccccc3c2=O)CC[C@@H]1SCCc1ccc(-c2ccc(Cl)cc2)cc1,6.97,0.0,1
CHEMBL333,O=C(O)[C@H]1[C@H](Cn2nnc3ccccc3c2=O)CC[C@@H]1Sc1ccc(-c2ccc(Cl)cc2)cc1,7.006666666666667,0.8565239829294529,3
CHEMBL333,O=C(O)[C@H]1[C@H](Cn2nnc3ccccc3c2=O)CC[C@@H]1Sc1ccc(-c2ccncc2)cc1,6.75,0.0,1
CHEMBL333,O=C(O)[C@H]1[C@H](Cn2nnc3ccccc3c2=O)CC[C@@H]1Sc1ccc(-c2nc3ccccc3s2)cc1,6.08,0.0,1
CHEMBL333,O=C(O)c1c(-c2ccc(O)cc2)ccc(CO)c1C#Cc1ccc(O)cc1,4.07,0.0,1
CHEMBL333,O=C(O)c1c[nH]c(CN(Cc2ccc(F)cc2)Cc2ccc(OC(c3ccccc3)c3ccccc3)cc2)n1,4.46,0.0,1
CHEMBL333,O=C(O)c1c[nH]c(CN(Cc2ccc(F)cc2)Cc2ccc(OCc3ccccc3)cc2)n1,5.0,0.2545584412271567,2
CHEMBL333,O=C(O)c1cccc(-n2cc(-c3cc4ccccc4oc3=O)[nH]c2=S)c1,4.17,0.0,1
CHEMBL333,O=C(O)c1csc(CN(Cc2ccc(F)cc2)Cc2ccc(-c3ccccc3)cc2)n1,4.52,0.0,1
CHEMBL333,O=C(O)c1csc(CN(Cc2ccc(F)cc2)Cc2ccc(OCc3cccnc3)cc2)n1,5.24,0.0,1
CHEMBL333,O=C(O)c1csc(CN(Cc2ccc(F)cc2)Cc2ccc(OCc3ccncc3)cc2)n1,5.1,0.0,1
CHEMBL333,O=C(O)c1csc(CN(Cc2ccc(OCc3ccccc3)cc2)CC(c2ccccc2)c2ccccc2)n1,4.58,0.0,1
CHEMBL333,O=C(O)c1csc(CN(Cc2ccc(OCc3ccccc3)cc2)Cc2cccc(F)c2)n1,4.6,0.0,1
CHEMBL333,O=C(O)c1csc(CN(Cc2ccc(OCc3ccccc3)cc2)Cc2cccnc2)n1,4.05,0.0,1
CHEMBL333,O=C(O)c1csc(CN(Cc2ccccc2)Cc2ccccc2)n1,5.0,0.0,1
CHEMBL333,O=C(O)c1csc(CN(Cc2ccncc2)Cc2ccc(OCc3ccccc3)cc2)n1,4.27,0.0,1
CHEMBL333,O=C(OC/C=C/c1ccccc1)c1cccc(=O)[nH]1,4.05,0.0,1
CHEMBL333,O=C(OC1CCC1)c1cccc(=O)[nH]1,4.18,0.0,1
CHEMBL333,O=C(OC1CCCCC1)c1cccc(S)n1,4.14,0.0,1
CHEMBL333,O=C(OCCCCOc1ccccc1)c1cccc(=O)[nH]1,4.05,0.0,1
CHEMBL333,O=C(OCCCCOc1ccccc1)c1cccc(S)n1,4.2,0.0,1
CHEMBL333,O=C(OCCCc1ccccc1)c1cccc(S)n1,4.0,0.0,1
CHEMBL333,O=C(OCCc1ccccc1)c1cccc(=O)[nH]1,4.16,0.0,1
CHEMBL333,O=C(OCc1c(F)c(F)c(F)c(F)c1F)c1cccc(=O)[nH]1,4.19,0.0,1
CHEMBL333,O=C(OCc1c(F)cc(F)cc1F)c1cccc(=O)[nH]1,4.41,0.0,1
CHEMBL333,O=C(OCc1c(F)cccc1F)c1cccc(=O)[nH]1,4.18,0.0,1
CHEMBL333,O=C(OCc1c(F)cccc1F)c1cccc(S)n1,4.18,0.0,1
CHEMBL333,O=C(OCc1cc(F)c(F)cc1F)c1cccc(=O)[nH]1,4.07,0.0,1
CHEMBL333,O=C(OCc1cc(F)c(F)cc1F)c1cccc(S)n1,4.05,0.0,1
CHEMBL333,O=C(OCc1cc(F)cc(F)c1)c1cccc(=O)[nH]1,4.16,0.0,1
CHEMBL333,O=C(OCc1cc(F)ccc1F)c1cccc(=O)[nH]1,4.16,0.0,1
CHEMBL333,O=C(OCc1cc(F)ccc1F)c1cccc(S)n1,4.1,0.0,1
CHEMBL333,O=C(OCc1ccc(Cl)cc1)c1cccc(=O)[nH]1,4.16,0.0,1
CHEMBL333,O=C(OCc1ccc(Cl)cc1)c1cccc(S)n1,4.02,0.0,1
CHEMBL333,O=C(OCc1ccc(F)cc1)c1cccc(=O)[nH]1,4.15,0.0,1
CHEMBL333,O=C(OCc1ccc(Oc2ccccc2)cc1)c1cccc(S)n1,4.03,0.0,1
CHEMBL333,O=C(OCc1cccc(-c2ccccc2)c1)c1cccc(=O)[nH]1,4.48,0.0,1
CHEMBL333,O=C(OCc1cccc(-c2ccccc2)c1)c1cccc(S)n1,4.38,0.0,1
CHEMBL333,O=C(OCc1cccc(Br)c1)c1cccc(=O)[nH]1,4.17,0.0,1
CHEMBL333,O=C(OCc1cccc(Cl)c1)c1cccc(=O)[nH]1,5.3,0.0,1
CHEMBL333,O=C(OCc1cccc(F)c1)c1cccc(=O)[nH]1,4.16,0.0,1
CHEMBL333,O=C(OCc1cccc(Oc2ccccc2)c1)c1cccc(S)n1,4.34,0.0,1
CHEMBL333,O=C(OCc1ccccc1)c1cccc(=O)[nH]1,4.19,0.0,1
CHEMBL333,O=C(OCc1ccccc1)c1cccc(S)n1,4.07,0.0,1
CHEMBL333,O=C(OCc1ccccc1Br)c1cccc(=O)[nH]1,4.24,0.0,1
CHEMBL333,O=C(OCc1ccccc1Cl)c1cccc(=O)[nH]1,4.16,0.0,1
CHEMBL333,O=C(OCc1ccccc1F)c1cccc(=O)[nH]1,4.15,0.0,1
CHEMBL333,O=C(O[C@H]1CCOC1)N1CCC(CS(=O)(=O)N2CC=C(c3ccccc3)C2)(C(=O)NO)CC1,7.28,0.0,1
CHEMBL333,O=C(O[C@H]1CCOC1)N1CCC(CS(=O)(=O)N2CC=C(c3ccccc3)CC2)(C(=O)NO)CC1,8.4,0.0,1
CHEMBL333,O=C(O[C@H]1CCOC1)N1CCC(CS(=O)(=O)N2CCC(c3ccccc3)C2)(C(=O)NO)CC1,6.26,0.0,1
CHEMBL333,O=C(O[C@H]1CCOC1)N1CCC(CS(=O)(=O)N2CCC(c3ccccc3)CC2)(C(=O)NO)CC1,7.75,0.0,1
CHEMBL333,O=C(O[C@H]1CCOC1)N1CCC(CS(=O)(=O)N2CCC(c3ccccc3F)CC2)(C(=O)NO)CC1,6.87,0.0,1
CHEMBL333,O=C(O[C@H]1CCOC1)N1CCC(CS(=O)(=O)N2CCN(c3ccccc3)CC2)(C(=O)NO)CC1,7.89,0.0,1
CHEMBL333,O=C(Oc1ccc2ccccc2c1)c1cccc(S)n1,4.0,0.0,1
CHEMBL333,O=C(Oc1cccc2ccccc12)c1cccc(S)n1,4.01,0.0,1
CHEMBL333,O=C(Oc1cccs1)c1cccc(=O)[nH]1,4.14,0.0,1
CHEMBL333,O=C(Oc1ccsc1)c1cccc(=O)[nH]1,4.19,0.0,1
CHEMBL333,O=C(Oc1ccsc1)c1cccc(S)n1,4.11,0.0,1
CHEMBL333,O=C(c1c(O)cc(O)cc1O)C1c2c(cc(O)c3c2O[C@H](c2ccc(O)cc2)[C@@H](O)C3)OC1c1ccc(O)cc1,4.85,0.0,1
CHEMBL333,O=C(c1ccc(O)cc1)c1cc(-c2ccc(O)cc2)c(-c2ccc(O)cc2)c(-c2ccc(O)cc2)c1,4.27,0.0,1
CHEMBL333,O=C(c1ccc(S(=O)(=O)CC(CCCc2ccccc2)C(=O)NO)cc1)c1cc[n+]([O-])cc1,7.3,0.0,1
CHEMBL333,O=C(c1ccccc1)[C@@H]1Cc2ccc(cc2)OCCCC[C@H](C(=O)NO)[C@@H](CCCc2cc(Br)cc(Br)c2)C(=O)N1,6.64,0.0,1
CHEMBL333,O=C(c1ccccc1)c1ccc(S(=O)(=O)CC(CCCc2ccccc2)C(=O)NO)cc1,8.4,0.0,1
CHEMBL333,O=C(c1ccccc1)c1ccc(S(=O)(=O)CC(CCCc2ccccc2)C(=O)O)cc1,6.1,0.0,1
CHEMBL333,O=C(c1ccncc1)c1ccc(S(=O)(=O)CC(CCCc2ccccc2)C(=O)NO)cc1,8.52,0.0,1
CHEMBL333,O=C(c1cnc(CCc2ccccc2)[nH]1)N1CCCC1,4.21,0.0,1
CHEMBL333,O=C1C(Cc2ccccc2)N(S(=O)(=O)c2ccc(Br)cc2)C(=O)C(Cc2ccccc2)N1S(=O)(=O)c1ccc(Br)cc1,7.41,0.0,1
CHEMBL333,O=C1C(Cc2ccccc2)N(S(=O)(=O)c2ccc(Cl)cc2)C(=O)C(Cc2ccccc2)N1S(=O)(=O)c1ccc(Cl)cc1,7.43,0.0,1
CHEMBL333,O=C1C(Cc2ccccc2)N(S(=O)(=O)c2ccc(O)cc2)C(=O)C(Cc2ccccc2)N1S(=O)(=O)c1ccc(O)cc1,7.14,0.0,1
CHEMBL333,O=C1C(Cc2ccccc2)N(S(=O)(=O)c2ccc([N+](=O)[O-])cc2)C(=O)C(Cc2ccccc2)N1S(=O)(=O)c1ccc([N+](=O)[O-])cc1,7.27,0.0,1
CHEMBL333,O=C1C(Cc2ccccc2)N(S(=O)(=O)c2cccc(Br)c2)C(=O)C(Cc2ccccc2)N1S(=O)(=O)c1cccc(Br)c1,7.24,0.0,1
CHEMBL333,O=C1C(Cc2ccccc2)N(S(=O)(=O)c2cccc(O)c2)C(=O)C(Cc2ccccc2)N1S(=O)(=O)c1cccc(O)c1,7.08,0.0,1
CHEMBL333,O=C1C(S(=O)(=O)c2ccc(-c3nc4cc(F)ccc4[nH]3)cc2)CCCCN1O,6.42,0.0,1
CHEMBL333,O=C1C(S(=O)(=O)c2ccc(Oc3ccc(OC(F)(F)F)cc3)cc2)CCCCN1O,7.23,0.0,1
CHEMBL333,O=C1C(c2ccccc2)N(S(=O)(=O)c2ccc(Br)cc2)C(=O)C(c2ccccc2)N1S(=O)(=O)c1ccc(Br)cc1,7.49,0.0,1
CHEMBL333,O=C1C(c2ccccc2)N(S(=O)(=O)c2ccc(Cl)cc2)C(=O)C(c2ccccc2)N1S(=O)(=O)c1ccc(Cl)cc1,7.71,0.0,1
CHEMBL333,O=C1C(c2ccccc2)N(S(=O)(=O)c2ccc(O)cc2)C(=O)C(c2ccccc2)N1S(=O)(=O)c1ccc(O)cc1,7.24,0.0,1
CHEMBL333,O=C1C(c2ccccc2)N(S(=O)(=O)c2ccc([N+](=O)[O-])cc2)C(=O)C(c2ccccc2)N1S(=O)(=O)c1ccc([N+](=O)[O-])cc1,7.47,0.0,1
CHEMBL333,O=C1C(c2ccccc2)N(S(=O)(=O)c2cccc(Br)c2)C(=O)C(c2ccccc2)N1S(=O)(=O)c1cccc(Br)c1,7.26,0.0,1
CHEMBL333,O=C1CN(S(=O)(=O)c2ccc(Br)cc2)C(=O)CN1S(=O)(=O)c1ccc(Br)cc1,7.26,0.0,1
CHEMBL333,O=C1CN(S(=O)(=O)c2ccc(Cl)cc2)C(=O)CN1S(=O)(=O)c1ccc(Cl)cc1,7.3,0.0,1
CHEMBL333,O=C1CN(S(=O)(=O)c2ccc(F)cc2)C(=O)CN1S(=O)(=O)c1ccc(F)cc1,7.26,0.0,1
CHEMBL333,O=C1CN(S(=O)(=O)c2cccc(Cl)c2)C(=O)CN1S(=O)(=O)c1cccc(Cl)c1,7.24,0.0,1
CHEMBL333,O=C1CN(S(=O)(=O)c2ccccc2)C(=O)CN1S(=O)(=O)c1ccccc1,7.08,0.0,1
CHEMBL333,O=C1NC(=O)C(CC(O)C(=O)N2CCN(c3cc(Cl)cc(Cl)c3)CC2)(C2CC2)N1,6.19,0.0,1
CHEMBL333,O=C1NC(=O)C(CCC(=O)N2CCN(c3cc(Cl)cc(Cl)c3)CC2)(CNCc2ccccc2)N1,5.85,0.0,1
CHEMBL333,O=C1NC(=O)C(CCC(=O)N2CCN(c3ccc(Cl)c(F)c3)CC2)(c2ccccc2)N1,7.58,0.0,1
CHEMBL333,O=C1NC(=O)C(CCC(=O)N2CCN(c3ccc(Cl)cc3)CC2)(c2ccccc2)N1,7.015000000000001,0.4879036790187184,2
CHEMBL333,O=C1NC(=O)C(CCC(=O)N2CCN(c3ccc(F)c(Cl)c3)CC2)(c2ccccn2)N1,6.195,0.007071067811865324,2
CHEMBL333,O=C1NC(=O)C(CCC(=O)N2CCN(c3ccc(F)c(Cl)c3)CC2)(c2cccnc2)N1,6.13,0.0,1
CHEMBL333,O=C1NC(=O)C(CCC(=O)N2CCN(c3ccc(F)c(F)c3)CC2)(c2ccccn2)N1,6.42,0.0,1
CHEMBL333,O=C1NC(=O)C(CCC(=O)N2CCN(c3ccc(F)c(F)c3)CC2)(c2cccnc2)N1,6.66,0.0,1
CHEMBL333,O=C1NC(=O)C(CCC(=O)N2CCN(c3ccc4ccccc4c3)CC2)(c2ccccc2)N1,6.57,0.0,1
CHEMBL333,O=C1NC(=O)C(CCC(=O)N2CCN(c3ccc4cnccc4c3)CC2)(c2ccccc2)N1,7.42,0.0,1
CHEMBL333,O=C1NC(=O)C(CCC(=O)N2CCN(c3ccc4occc4c3)CC2)(c2ccccc2)N1,7.0,0.0,1
CHEMBL333,O=C1NC(=O)C(CCC(=O)N2CCN(c3ccc4scnc4c3)CC2)(c2ccccc2)N1,6.96,0.0,1
CHEMBL333,O=C1NC(=O)C(CCC(=O)N2CCN(c3cccc(Cl)c3)CC2)(C2CC2)N1,6.483333333333333,0.1750238079043346,3
CHEMBL333,O=C1NC(=O)C(CCC(=O)N2CCN(c3cccc(Cl)c3)CC2)(C2CCC2)N1,5.71,0.0,1
CHEMBL333,O=C1NC(=O)C(CCC(=O)N2CCN(c3cccc(Cl)c3)CC2)(C2CCCC2)N1,6.31,0.0,1
CHEMBL333,O=C1NC(=O)C(CCC(=O)N2CCN(c3cccc(Cl)c3)CC2)(c2ccc(Cl)cc2)N1,5.85,0.0,1
CHEMBL333,O=C1NC(=O)C(CCC(=O)N2CCN(c3cccc(Cl)c3)CC2)(c2ccccc2)N1,6.42,0.0,1
CHEMBL333,O=C1NC(=O)C(CCC(=O)N2CCN(c3cccc(Cl)c3)CC2)(c2cccnc2)N1,6.85,0.0,1
CHEMBL333,O=C1NC(=O)C(CCC(=O)N2CCN(c3cccc(F)c3)CC2)(c2ccccn2)N1,6.91,0.0,1
CHEMBL333,O=C1NC(=O)C(CCC(=O)N2CCN(c3ccccc3)CC2)(c2ccccc2)N1,6.59,0.0,1
CHEMBL333,O=C1NC(=O)C(CCC(=O)N2CCN(c3ccncc3)CC2)(C2CC2)N1,5.85,0.0,1
CHEMBL333,O=C1NC(=O)C(CCCCCCC(F)CF)(Cc2ccccc2)C(=O)N1,6.6,0.0,1
CHEMBL333,O=C1NC(=O)C(CCCCCCCC(F)(F)F)(Cc2ccccc2)C(=O)N1,6.25,0.0,1
CHEMBL333,O=C1NC(=O)C(CCCCCCCC(F)CF)(Cc2ccccc2)C(=O)N1,6.5,0.0,1
CHEMBL333,O=C1NC(=O)C(CCO)(c2ccc(Oc3ccccc3)cc2)C(=O)N1,7.23,0.0,1
CHEMBL333,O=C1NC(=O)C(COCc2ccccc2)(c2ccc(Oc3ccccc3)cc2)C(=O)N1,7.72,0.0,1
CHEMBL333,O=C1NC(=O)C(NCc2cn(CCOCCOCCOCCF)nn2)(c2ccc(Oc3ccccc3)cc2)C(=O)N1,7.19,0.0,1
CHEMBL333,O=C1NC(=O)C(NCc2cn(CCOCCOCCOCCOc3cccnc3F)nn2)(c2ccc(Oc3ccccc3)cc2)C(=O)N1,7.54,0.0,1
CHEMBL333,O=C1NC(=O)C(O)(CC(=O)c2ccc(-c3ccc(CO)cc3)cc2)C(=O)N1,6.83,0.0,1
CHEMBL333,O=C1NC(=O)C(O)(CC(=O)c2ccc(-c3ccc(Cl)cc3)cc2)C(=O)N1,6.56,0.0,1
CHEMBL333,O=C1NC(=O)C(O)(CC(=O)c2ccc(-c3ccc(OC(F)(F)F)cc3)cc2)C(=O)N1,6.84,0.0,1
CHEMBL333,O=C1NC(=O)C(O)(CC(=O)c2ccc(-c3cccc(Cl)c3)cc2)C(=O)N1,4.22,0.0,1
CHEMBL333,O=C1NC(=O)C(O)(CC(=O)c2ccc(-c3cccc([N+](=O)[O-])c3)cc2)C(=O)N1,5.09,0.0,1
CHEMBL333,O=C1NC(=O)C(O)(CC(=O)c2ccc(-c3ccccc3)cc2)C(=O)N1,6.74,0.0,1
CHEMBL333,O=C1NC(=O)C(O)(CC(=O)c2ccc(-c3ccsc3)cc2)C(=O)N1,6.74,0.0,1
CHEMBL333,O=C1NC(=O)C(O)(CC(=O)c2ccc(C(F)(F)F)cc2)C(=O)N1,4.41,0.0,1
CHEMBL333,O=C1NC(=O)C(O)(CC(=O)c2ccc(NS(=O)(=O)c3ccc(C(F)(F)F)cc3)cc2)C(=O)N1,8.63,0.0,1
CHEMBL333,O=C1NC(=O)C(c2ccc(-c3ccccc3)cc2)(N2CCN(c3ccc([N+](=O)[O-])cc3)CC2)C(=O)N1,7.64,0.0,1
CHEMBL333,O=C1NC(=O)C(c2ccc(Oc3ccc(Br)cc3)cc2)(N2CCN(C(=O)c3cccc(I)c3)CC2)C(=O)N1,7.82,0.0,1
CHEMBL333,O=C1NC(=O)C(c2ccc(Oc3ccc(Br)cc3)cc2)(N2CCN(CCBr)CC2)C(=O)N1,7.52,0.0,1
CHEMBL333,O=C1NC(=O)C(c2ccc(Oc3ccc(Br)cc3)cc2)(N2CCN(CCO)CC2)C(=O)N1,8.05,0.0,1
CHEMBL333,O=C1NC(=O)C(c2ccc(Oc3ccc(Br)cc3)cc2)(N2CCN(c3ccc(F)cc3)CC2)C(=O)N1,7.92,0.0,1
CHEMBL333,O=C1NC(=O)C(c2ccc(Oc3ccc(Br)cc3)cc2)(N2CCN(c3ccc(I)cc3)CC2)C(=O)N1,7.07,0.0,1
CHEMBL333,O=C1NC(=O)C(c2ccc(Oc3ccc(Br)cc3)cc2)(N2CCN(c3ccc([N+](=O)[O-])cc3)CC2)C(=O)N1,7.8,0.0,1
CHEMBL333,O=C1NC(=O)C(c2ccc(Oc3ccc(Br)cc3)cc2)(N2CCNCC2)C(=O)N1,8.3,0.0,1
CHEMBL333,O=C1NC(=O)C(c2ccc(Oc3ccc(Br)cc3)cc2)C(=O)N1,5.43,0.0,1
CHEMBL333,O=C1NC(=O)C(c2ccc(Oc3ccc(I)cc3)cc2)(N2CCN(CCO)CC2)C(=O)N1,8.15,0.0,1
CHEMBL333,O=C1NC(=O)C(c2ccc(Oc3ccccc3)cc2)(N(CCO)CCO)C(=O)N1,8.42,0.0,1
CHEMBL333,O=C1NC(=O)C(c2ccc(Oc3ccccc3)cc2)(N(CCO[N+](=O)[O-])CCO[N+](=O)[O-])C(=O)N1,6.48,0.0,1
CHEMBL333,O=C1NC(=O)C(c2ccc(Oc3ccccc3)cc2)(N2CCC(CCO)CC2)C(=O)N1,8.0,0.0,1
CHEMBL333,O=C1NC(=O)C(c2ccc(Oc3ccccc3)cc2)(N2CCC(CCO[N+](=O)[O-])CC2)C(=O)N1,6.8,0.0,1
CHEMBL333,O=C1NC(=O)C(c2ccc(Oc3ccccc3)cc2)(N2CCC(CO)CC2)C(=O)N1,7.18,0.0,1
CHEMBL333,O=C1NC(=O)C(c2ccc(Oc3ccccc3)cc2)(N2CCC(CO[N+](=O)[O-])CC2)C(=O)N1,6.66,0.0,1
CHEMBL333,O=C1NC(=O)C(c2ccc(Oc3ccccc3)cc2)(N2CCCC(CO)C2)C(=O)N1,7.82,0.0,1
CHEMBL333,O=C1NC(=O)C(c2ccc(Oc3ccccc3)cc2)(N2CCCC(CO[N+](=O)[O-])C2)C(=O)N1,6.75,0.0,1
CHEMBL333,O=C1NC(=O)C(c2ccc(Oc3ccccc3)cc2)(N2CCCN(C(=O)C3CC3)CC2)C(=O)N1,7.89,0.0,1
CHEMBL333,O=C1NC(=O)C(c2ccc(Oc3ccccc3)cc2)(N2CCCN(C(=O)C3CCC3)CC2)C(=O)N1,7.89,0.0,1
CHEMBL333,O=C1NC(=O)C(c2ccc(Oc3ccccc3)cc2)(N2CCCN(C(=O)CC3CCCCC3)CC2)C(=O)N1,7.0,0.0,1
CHEMBL333,O=C1NC(=O)C(c2ccc(Oc3ccccc3)cc2)(N2CCCN(C(=O)CC3S/C(=N/c4ccccc4)NC3=O)CC2)C(=O)N1,6.74,0.0,1
CHEMBL333,O=C1NC(=O)C(c2ccc(Oc3ccccc3)cc2)(N2CCCN(C(=O)CCC(=O)N3CCCN(C4(c5ccc(Oc6ccccc6)cc5)C(=O)NC(=O)NC4=O)CC3)CC2)C(=O)N1,7.24,0.0,1
CHEMBL333,O=C1NC(=O)C(c2ccc(Oc3ccccc3)cc2)(N2CCCN(C(=O)CCC3CCCC3)CC2)C(=O)N1,7.3,0.0,1
CHEMBL333,O=C1NC(=O)C(c2ccc(Oc3ccccc3)cc2)(N2CCCN(C(=O)CCCC(=O)N3CCCN(C4(c5ccc(Oc6ccccc6)cc5)C(=O)NC(=O)NC4=O)CC3)CC2)C(=O)N1,7.27,0.0,1
CHEMBL333,O=C1NC(=O)C(c2ccc(Oc3ccccc3)cc2)(N2CCCN(C(=O)CCCCC(=O)N3CCCN(C4(c5ccc(Oc6ccccc6)cc5)C(=O)NC(=O)NC4=O)CC3)CC2)C(=O)N1,6.83,0.0,1
CHEMBL333,O=C1NC(=O)C(c2ccc(Oc3ccccc3)cc2)(N2CCCN(C(=O)CCCCCC(=O)N3CCCN(C4(c5ccc(Oc6ccccc6)cc5)C(=O)NC(=O)NC4=O)CC3)CC2)C(=O)N1,7.09,0.0,1
CHEMBL333,O=C1NC(=O)C(c2ccc(Oc3ccccc3)cc2)(N2CCCN(C(=O)CCCCCCC(=O)N3CCCN(C4(c5ccc(Oc6ccccc6)cc5)C(=O)NC(=O)NC4=O)CC3)CC2)C(=O)N1,7.17,0.0,1
CHEMBL333,O=C1NC(=O)C(c2ccc(Oc3ccccc3)cc2)(N2CCCN(C(=O)CCCCCCCC(=O)N3CCCN(C4(c5ccc(Oc6ccccc6)cc5)C(=O)NC(=O)NC4=O)CC3)CC2)C(=O)N1,7.25,0.0,1
CHEMBL333,O=C1NC(=O)C(c2ccc(Oc3ccccc3)cc2)(N2CCCN(C(=O)CCCCCCCCC(=O)N3CCCN(C4(c5ccc(Oc6ccccc6)cc5)C(=O)NC(=O)NC4=O)CC3)CC2)C(=O)N1,7.16,0.0,1
CHEMBL333,O=C1NC(=O)C(c2ccc(Oc3ccccc3)cc2)(N2CCCN(C(=O)CCCCCCCCCCC(=O)N3CCCN(C4(c5ccc(Oc6ccccc6)cc5)C(=O)NC(=O)NC4=O)CC3)CC2)C(=O)N1,6.84,0.0,1
CHEMBL333,O=C1NC(=O)C(c2ccc(Oc3ccccc3)cc2)(N2CCCN(C(=O)CCCCCCCCCCCCC(=O)N3CCCN(C4(c5ccc(Oc6ccccc6)cc5)C(=O)NC(=O)NC4=O)CC3)CC2)C(=O)N1,6.64,0.0,1
CHEMBL333,O=C1NC(=O)C(c2ccc(Oc3ccccc3)cc2)(N2CCCN(C(=O)CCCCCCCCCCCCCCC(=O)N3CCCN(C4(c5ccc(Oc6ccccc6)cc5)C(=O)NC(=O)NC4=O)CC3)CC2)C(=O)N1,7.28,0.0,1
CHEMBL333,O=C1NC(=O)C(c2ccc(Oc3ccccc3)cc2)(N2CCCN(C(=O)CCCCCCCCCCCCCCCCCCCCC(=O)N3CCCN(C4(c5ccc(Oc6ccccc6)cc5)C(=O)NC(=O)NC4=O)CC3)CC2)C(=O)N1,7.15,0.0,1
CHEMBL333,O=C1NC(=O)C(c2ccc(Oc3ccccc3)cc2)(N2CCCN(C(=O)CCc3ccccc3)CC2)C(=O)N1,7.51,0.0,1
CHEMBL333,O=C1NC(=O)C(c2ccc(Oc3ccccc3)cc2)(N2CCCN(C(=O)CSc3ccccc3)CC2)C(=O)N1,7.54,0.0,1
CHEMBL333,O=C1NC(=O)C(c2ccc(Oc3ccccc3)cc2)(N2CCCN(C(=O)Cc3ccc(Cl)cc3)CC2)C(=O)N1,7.02,0.0,1
CHEMBL333,O=C1NC(=O)C(c2ccc(Oc3ccccc3)cc2)(N2CCCN(C(=O)Cc3cccs3)CC2)C(=O)N1,7.33,0.0,1
CHEMBL333,O=C1NC(=O)C(c2ccc(Oc3ccccc3)cc2)(N2CCCN(C(=O)N3CCNC3=O)CC2)C(=O)N1,6.58,0.0,1
CHEMBL333,O=C1NC(=O)C(c2ccc(Oc3ccccc3)cc2)(N2CCCN(C(=O)N3CCOCC3)CC2)C(=O)N1,7.6,0.0,1
CHEMBL333,O=C1NC(=O)C(c2ccc(Oc3ccccc3)cc2)(N2CCCN(C(=O)c3c(Cl)cccc3Cl)CC2)C(=O)N1,7.64,0.0,1
CHEMBL333,O=C1NC(=O)C(c2ccc(Oc3ccccc3)cc2)(N2CCCN(C(=O)c3cc(F)c(Cl)nc3Cl)CC2)C(=O)N1,7.6,0.0,1
CHEMBL333,O=C1NC(=O)C(c2ccc(Oc3ccccc3)cc2)(N2CCCN(C(=O)c3ccc(Br)cc3)CC2)C(=O)N1,6.57,0.0,1
CHEMBL333,O=C1NC(=O)C(c2ccc(Oc3ccccc3)cc2)(N2CCCN(C(=O)c3ccc(C(=O)N4CCCN(C5(c6ccc(Oc7ccccc7)cc6)C(=O)NC(=O)NC5=O)CC4)cc3)CC2)C(=O)N1,7.27,0.0,1
CHEMBL333,O=C1NC(=O)C(c2ccc(Oc3ccccc3)cc2)(N2CCCN(C(=O)c3ccc(C(F)(F)F)nc3)CC2)C(=O)N1,6.58,0.0,1
CHEMBL333,O=C1NC(=O)C(c2ccc(Oc3ccccc3)cc2)(N2CCCN(C(=O)c3ccc(Cl)nc3)CC2)C(=O)N1,6.98,0.0,1
CHEMBL333,O=C1NC(=O)C(c2ccc(Oc3ccccc3)cc2)(N2CCCN(C(=O)c3ccc(OC(F)(F)F)cc3)CC2)C(=O)N1,7.22,0.0,1
CHEMBL333,O=C1NC(=O)C(c2ccc(Oc3ccccc3)cc2)(N2CCCN(C(=O)c3ccccc3COC(=O)c3ccccc3)CC2)C(=O)N1,6.97,0.0,1
CHEMBL333,O=C1NC(=O)C(c2ccc(Oc3ccccc3)cc2)(N2CCCN(C(=O)c3cccs3)CC2)C(=O)N1,7.8,0.0,1
CHEMBL333,O=C1NC(=O)C(c2ccc(Oc3ccccc3)cc2)(N2CCCN(C(=O)c3cnc4ccccc4n3)CC2)C(=O)N1,7.52,0.0,1
CHEMBL333,O=C1NC(=O)C(c2ccc(Oc3ccccc3)cc2)(N2CCCN(C(=O)c3sc4cc(F)ccc4c3Cl)CC2)C(=O)N1,6.51,0.0,1
CHEMBL333,O=C1NC(=O)C(c2ccc(Oc3ccccc3)cc2)(N2CCCN(CC3CC3)CC2)C(=O)N1,8.96,0.0,1
CHEMBL333,O=C1NC(=O)C(c2ccc(Oc3ccccc3)cc2)(N2CCCN(Cc3ccccc3)CC2)C(=O)N1,7.66,0.0,1
CHEMBL333,O=C1NC(=O)C(c2ccc(Oc3ccccc3)cc2)(N2CCN(C(=O)C3CC3)CC2)C(=O)N1,7.82,0.0,1
CHEMBL333,O=C1NC(=O)C(c2ccc(Oc3ccccc3)cc2)(N2CCN(C(=O)c3ccc(Cl)nc3)CC2)C(=O)N1,7.27,0.0,1
CHEMBL333,O=C1NC(=O)C(c2ccc(Oc3ccccc3)cc2)(N2CCN(C(=O)c3cccs3)CC2)C(=O)N1,7.14,0.0,1
CHEMBL333,O=C1NC(=O)C(c2ccc(Oc3ccccc3)cc2)(N2CCN(CC3CC3)CC2)C(=O)N1,8.0,0.0,1
CHEMBL333,O=C1NC(=O)C(c2ccc(Oc3ccccc3)cc2)(N2CCN(CCO)CC2)C(=O)N1,8.14,0.0,1
CHEMBL333,O=C1NC(=O)C(c2ccc(Oc3ccccc3)cc2)(N2CCN(CCOCCOCCOCCNC(=O)c3ccc(F)cc3)CC2)C(=O)N1,8.3,0.0,1
CHEMBL333,O=C1NC(=O)C(c2ccc(Oc3ccccc3)cc2)(N2CCN(CCOCCOCCOCCOCCOCCOCCOCCOCc3cn(CCF)nn3)CC2)C(=O)N1,7.36,0.0,1
CHEMBL333,O=C1NC(=O)C(c2ccc(Oc3ccccc3)cc2)(N2CCN(CCOCCOCCOCCOCc3cn(CCF)nn3)CC2)C(=O)N1,7.24,0.0,1
CHEMBL333,O=C1NC(=O)C(c2ccc(Oc3ccccc3)cc2)(N2CCN(CCOCCOCCOCCOCc3cn(CCOCCOCCOCCOc4cccnc4F)nn3)CC2)C(=O)N1,6.7,0.0,1
CHEMBL333,O=C1NC(=O)C(c2ccc(Oc3ccccc3)cc2)(N2CCN(CCOCCOCCOCCn3cc(CCCCOc4cccnc4F)nn3)CC2)C(=O)N1,7.28,0.0,1
CHEMBL333,O=C1NC(=O)C(c2ccc(Oc3ccccc3)cc2)(N2CCN(CCOCCOCCOCCn3cc(CNS(=O)(=O)c4ccc(F)cc4)nn3)CC2)C(=O)N1,7.89,0.0,1
CHEMBL333,O=C1NC(=O)C(c2ccc(Oc3ccccc3)cc2)(N2CCN(CCOCCOCCOCCn3cc(COC(=O)c4ccc(F)cc4)nn3)CC2)C(=O)N1,7.66,0.0,1
CHEMBL333,O=C1NC(=O)C(c2ccc(Oc3ccccc3)cc2)(N2CCN(CCO[N+](=O)[O-])CC2)C(=O)N1,6.83,0.0,1
CHEMBL333,O=C1NC(=O)C(c2ccc(Oc3ccccc3)cc2)(N2CCN(CC[18F])CC2)C(=O)N1,7.64,0.0,1
CHEMBL333,O=C1NC(=O)C(c2ccc(Oc3ccccc3)cc2)(N2CCN(Cc3ccccc3)CC2)C(=O)N1,7.07,0.0,1
CHEMBL333,O=C1NC(=O)C(c2ccc(Oc3ccccc3)cc2)(N2CCN(c3cccc(F)n3)CC2)C(=O)N1,6.69,0.0,1
CHEMBL333,O=C1NC(=O)C(c2ccc(Oc3ccccc3)cc2)C(=O)N1,5.05,0.0,1
CHEMBL333,O=C1NC(=O)[C@](CNC(=O)[C@@H](Cc2ccc(C(F)(F)F)cc2)C2CC2)(C2CC2)N1,4.46,0.0,1
CHEMBL333,O=C1NC(=O)[C@](CNC(=O)c2cc3cc(C(F)(F)F)ccc3o2)(C2CC2)N1,5.24,0.0,1
CHEMBL333,O=C1NC(=O)[C@](CNC(=O)c2cc3cc(Cl)ccc3o2)(c2ccccc2)N1,5.68,0.0,1
CHEMBL333,O=C1NC(=O)[C@](CNC(=O)c2cc3cc(Cl)ccc3o2)(c2nccs2)N1,5.75,0.0,1
CHEMBL333,O=C1NC(=S)NC(=O)C1(c1ccc(Oc2ccc(Br)cc2)cc1)N1CCN(CCO)CC1,8.14,0.0,1
CHEMBL333,O=C1N[C@@H](C(=O)NO)C[C@H]1c1ccc(Oc2ccc(F)cc2)cc1,7.41,0.0,1
CHEMBL333,O=C1OC(c2ccc(O)cc2)(c2ccc(O)cc2)c2c(-c3ccc(O)cc3)ccc(CO)c21,4.27,0.0,1
CHEMBL333,O=C1OCc2ccc(-c3ccc(O)cc3)c(C(=O)c3ccc(O)cc3)c21,4.09,0.0,1
CHEMBL333,O=C1[C@@H](NS(=O)(=O)c2ccc(Oc3ccc(Cl)cc3)cc2)CC=CCN1O,5.8,0.0,1
CHEMBL333,O=C1[C@H](CS(=O)(=O)c2ccc(Oc3ccccc3)cc2)NCCCN1O,7.43,0.0,1
CHEMBL333,O=C1[C@H](N(CCN2CCCCC2)S(=O)(=O)c2ccc(Oc3ccc(Cl)cc3)cc2)CC=CCN1O,9.26,0.0,1
CHEMBL333,O=C1[C@H](N(CCN2CCOCC2)S(=O)(=O)c2ccc(-c3ccc(Cl)cc3)s2)CC=CCN1O,7.8,0.0,1
CHEMBL333,O=C1[C@H](N(CCN2CCOCC2)S(=O)(=O)c2ccc(Oc3ccc(Cl)cc3)cc2)CC=CCN1O,9.41,0.0,1
CHEMBL333,O=C1[C@H](NS(=O)(=O)c2ccc(-c3ccc(Cl)cc3)cc2)CC=CCN1O,7.07,0.0,1
CHEMBL333,O=C1[C@H](NS(=O)(=O)c2ccc(-c3ccc(Cl)cc3)s2)CC=CCN1O,7.96,0.0,1
CHEMBL333,O=C1[C@H](NS(=O)(=O)c2ccc(Oc3ccc(C(F)(F)F)cc3)cc2)CC=CCN1O,8.7,0.0,1
CHEMBL333,O=C1[C@H](NS(=O)(=O)c2ccc(Oc3ccc(Cl)cc3)cc2)CC=C(CN2CCOCC2)CN1O,9.28,0.0,1
CHEMBL333,O=C1[C@H](NS(=O)(=O)c2ccc(Oc3ccc(Cl)cc3)cc2)CC=CCN1O,9.24,0.0,1
CHEMBL333,O=C1[C@H](NS(=O)(=O)c2ccc(Oc3ccc(Cl)cc3)cc2)CCCCN1O,8.43,0.0,1
CHEMBL333,O=C1[C@H](NS(=O)(=O)c2ccc(Oc3ccc(Cl)cc3)cc2)CCCN1O,6.96,0.0,1
CHEMBL333,O=C1[C@H](NS(=O)(=O)c2ccc(Oc3ccccc3)cc2)CC=CCN1O,9.0,0.0,1
CHEMBL333,O=C1[C@H](NS(=O)(=O)c2ccc(Oc3ccccn3)cc2)CC=CCN1O,7.82,0.0,1
CHEMBL333,O=C1[C@H](NS(=O)(=O)c2ccc(Oc3ccncc3)cc2)CC=CCN1O,8.52,0.0,1
CHEMBL333,O=C1c2c(O)cc(O)cc2O[C@H](c2cc(O)c(O)c(O)c2)[C@@H]1O,4.92,0.0,1
CHEMBL333,O=C1c2c(O)cc(O)cc2O[C@H](c2ccc(O)c(O)c2)[C@H]1O,4.65,0.0,1
CHEMBL333,O=C1c2c(O)cc(O)cc2O[C@]2(c3ccc(O)cc3)Oc3cc(O)c4c(c3[C@@]12O)O[C@H](c1ccc(O)cc1)CC4,4.63,0.0,1
CHEMBL333,O=CN(O)C(CCC(=O)N1CCOCC1)CS(=O)(=O)c1ccc(Oc2ccc(OC(F)(F)F)cc2)cc1,8.59,0.0,1
CHEMBL333,O=CN(O)C(CCN1CCOCC1)CS(=O)(=O)c1ccc(Oc2ccc(OC(F)(F)F)cc2)cc1,9.24,0.0,1
CHEMBL333,O=CN(O)C(CCc1ccc(C(=O)O)cc1)CS(=O)(=O)c1ccc(Oc2ccc(OC(F)(F)F)cc2)cc1,9.28,0.0,1
CHEMBL333,O=CN(O)C(CO)CS(=O)(=O)c1ccc(Oc2ccc(OC(F)(F)F)cc2)cc1,9.46,0.0,1
CHEMBL333,O=CN(O)C(COCCO)CS(=O)(=O)c1ccc(Oc2ccc(OC(F)(F)F)cc2)cc1,9.36,0.0,1
CHEMBL333,O=CN(O)C(CS(=O)(=O)c1ccc(Oc2ccc(OC(F)(F)F)cc2)cc1)C(CO)CO,8.55,0.0,1
CHEMBL333,O=CN(O)C(CS(=O)(=O)c1ccc(Oc2ccc(OC(F)(F)F)cc2)cc1)C1CCC2(CC1)OCCO2,9.38,0.0,1
CHEMBL333,O=CN(O)C(CS(=O)(=O)c1ccc(Oc2ccc(OC(F)(F)F)cc2)cc1)C1CCCO1,9.21,0.0,1
CHEMBL333,O=CN(O)C(CS(=O)(=O)c1ccc(Oc2ccc(OC(F)(F)F)cc2)cc1)CS(=O)(=O)N1CCOCC1,9.41,0.0,1
CHEMBL333,O=CN(O)C(CS(=O)(=O)c1ccc(Oc2ccc(OC(F)(F)F)cc2)cc1)[C@@H](O)CO,9.44,0.0,1
CHEMBL333,O=CN(O)C(CS(=O)(=O)c1ccc(Oc2ccc(OC(F)(F)F)cc2)cc1)[C@H](O)CO,9.44,0.0,1
CHEMBL333,O=CN(O)C(CS(=O)(=O)c1ccc(Oc2ccc(OC(F)(F)F)cc2)cc1)[C@H]1CCCO1,9.21,0.0,1
CHEMBL333,O=CN(O)C(CS(=O)(=O)c1ccc(Oc2ccc(OC(F)(F)F)cc2)cc1)c1ccc(C(F)(F)F)cc1,7.21,0.0,1
CHEMBL333,O=CN(O)C(CS(=O)(=O)c1ccc(Oc2ccc(OC(F)(F)F)cc2)cc1)c1ccccc1,8.13,0.0,1
CHEMBL333,O=CN(O)C(CS(=O)(=O)c1ccc(Oc2ccc(OC(F)(F)F)cc2)cc1)c1ccccn1,8.77,0.0,1
CHEMBL333,O=CN(O)C(CSc1cccs1)CS(=O)(=O)c1ccc(Oc2ccc(OC(F)(F)F)cc2)cc1,8.44,0.0,1
CHEMBL333,O=CN(O)C(Cc1ccc(C(=O)O)cc1)CS(=O)(=O)c1ccc(Oc2ccc(OC(F)(F)F)cc2)cc1,9.28,0.0,1
CHEMBL333,O=CN(O)C1(CS(=O)(=O)N2CCC(CCc3ccccc3)CC2)CCOCC1,6.82,0.0,1
CHEMBL333,O=P(O)(O)C(NS(=O)(=O)c1ccc(-c2ccc(Cl)cc2)cc1)P(=O)(O)O,7.43,0.0,1
CHEMBL333,O=P(O)(O)C(NS(=O)(=O)c1ccc(-c2ccccc2)cc1)P(=O)(O)O,6.85,0.0,1
CHEMBL333,O=P(O)(O)C(NS(=O)(=O)c1ccc(-c2cccs2)cc1)P(=O)(O)O,6.64,0.0,1
CHEMBL333,O=P(O)(O)C(NS(=O)(=O)c1ccc(Br)cc1)P(=O)(O)O,5.32,0.0,1
CHEMBL333,O=P(O)(O)C(NS(=O)(=O)c1ccc(Cl)cc1)P(=O)(O)O,5.02,0.0,1
CHEMBL333,O=P(O)(O)C(NS(=O)(=O)c1ccccc1)P(=O)(O)O,4.8,0.0,1
CHEMBL333,O=P(O)(O)C(Nc1ccc(Br)cc1)P(=O)(O)O,5.22,0.0,1
CHEMBL333,O=P(O)(O)C(Nc1ccc(C(F)(F)F)cc1)P(=O)(O)O,4.82,0.0,1
CHEMBL333,O=P(O)(O)C(Nc1ccc(F)cc1)P(=O)(O)O,4.55,0.0,1
CHEMBL333,O=P(O)(O)C(Nc1ccc(O)cc1)P(=O)(O)O,5.18,0.0,1
CHEMBL333,O=P(O)(O)C(Nc1ccc(Oc2ccc(Br)cc2)cc1)P(=O)(O)O,5.55,0.0,1
CHEMBL333,O=P(O)(O)C(Nc1ccc(Oc2ccc(Cl)cc2)cc1)P(=O)(O)O,5.68,0.0,1
CHEMBL333,O=P(O)(O)C(Nc1ccc(Oc2ccccc2)cc1)P(=O)(O)O,5.55,0.0,1
CHEMBL333,O=P(O)(O)C(Nc1cccc(Br)c1)P(=O)(O)O,4.43,0.0,1
CHEMBL333,O=P(O)(O)C(Nc1cccc(C(F)(F)F)c1)P(=O)(O)O,4.68,0.0,1
CHEMBL333,O=P(O)(O)C(Nc1cccc(F)c1)P(=O)(O)O,4.38,0.0,1
CHEMBL333,O=P(O)(O)C(Nc1cccc2ccccc12)P(=O)(O)O,5.19,0.0,1
CHEMBL333,O=P(O)(O)C(O)(Cn1ccnc1)P(=O)(O)O,5.16,0.0,1
CHEMBL333,O=P(O)(O)C(P(=O)(O)O)S(=O)(=O)c1ccc(Br)cc1,4.28,0.0,1
CHEMBL333,O=P(O)(O)C(Sc1ccc(Cl)cc1)P(=O)(O)O,5.14,0.0,1
CHEMBL333,O=P(O)(O)CP(=O)(O)O,4.31,0.0,1
CHEMBL333,O=P(O)(O)c1nc2cc(Cl)c(Cl)cc2nc1P(=O)(O)O,4.1,0.0,1
CHEMBL333,O=S(=O)(CC1CS1)c1ccc(-n2cc(-c3ccc(-c4ccncc4)cc3)nn2)cc1,6.21,0.0,1
CHEMBL333,O=S(=O)(CC1CS1)c1ccc(Oc2ccccc2)cc1,7.55,0.0,1
CHEMBL333,O=S(=O)(Nc1ccc(O)c2ncccc12)c1ccc(-c2ccccc2)cc1,4.97,0.0,1
CHEMBL333,O=S(=O)(Nc1ccc(O)c2ncccc12)c1ccc(F)cc1,5.1,0.05656854249492385,2
CHEMBL333,O=S(=O)(Nc1ccc(O)c2ncccc12)c1ccccc1,5.06,0.0,1
CHEMBL333,O=S(=O)(Nc1ccc(O)c2ncccc12)c1cccs1,5.08,0.0,1
CHEMBL333,O=S(=O)(Nc1ccc2cccnc2c1O)c1ccc(-c2ccccc2)cc1,5.41,0.0,1
CHEMBL333,O=S(=O)(Nc1ccc2cccnc2c1O)c1ccc(F)cc1,5.52,0.0,1
CHEMBL333,O=S(=O)(Nc1ccc2cccnc2c1O)c1ccccc1,5.25,0.0,1
CHEMBL333,O=S(=O)(Nc1ccc2cccnc2c1O)c1cccs1,5.37,0.0,1
CHEMBL333,O=S(=O)(c1ccc(Oc2ccccc2)cc1)N(Cc1ccccc1)c1cccn(O)c1=S,5.34,0.0,1
CHEMBL333,O=[N+]([O-])c1cc(NC(P(=O)(O)O)P(=O)(O)O)ccc1F,4.6,0.0,1
CHEMBL333,O=[N+]([O-])c1ccc(-c2ccc(S(=O)(=O)NC(P(=O)(O)O)P(=O)(O)O)cc2)cc1,6.72,0.0,1
CHEMBL333,O=[N+]([O-])c1ccc(NC(P(=O)(O)O)P(=O)(O)O)cc1,4.7,0.0,1
CHEMBL333,O=[N+]([O-])c1ccc(S(=O)(=O)NC(P(=O)(O)O)P(=O)(O)O)cc1,5.31,0.0,1
CHEMBL333,O=[N+]([O-])c1cccc(NC(P(=O)(O)O)P(=O)(O)O)c1,4.81,0.0,1
CHEMBL333,O=[N+]([O-])c1cccc(S(=O)(=O)NC(P(=O)(O)O)P(=O)(O)O)c1,4.8,0.0,1
CHEMBL333,O=c1c(N(CCN2CCOCC2)S(=O)(=O)c2ccc(Oc3ccc(Cl)cc3)cc2)cccn1O,8.3,0.0,1
CHEMBL333,O=c1c(N(CCN2CCSCC2)S(=O)(=O)c2ccc(Oc3ccc(Cl)cc3)cc2)cccn1O,8.21,0.0,1
CHEMBL333,O=c1c(N(Cc2ccccc2)S(=O)(=O)c2ccc(Oc3ccccc3)cc2)cccn1O,7.65,0.0,1
CHEMBL333,O=c1c(NS(=O)(=O)c2ccc(Oc3ccc(Cl)cc3)cc2)cccn1O,6.62,0.0,1
CHEMBL333,O=c1c(O)c(-c2ccc(O)c(O)c2)oc2cc(O)cc(O)c12,5.17,0.0,1
CHEMBL333,O=c1c(O)cccn1CS(=O)(=O)c1ccc(Oc2ccc(Cl)cc2)cc1,7.97,0.0,1
CHEMBL333,O=c1c(O)cccn1CS(=O)(=O)c1ccc(Oc2ccc(OC(F)(F)F)cc2)cc1,7.9,0.0,1
CHEMBL333,O=c1cc(-c2ccc(O)c(-c3c(O)cc(O)c4c(=O)cc(-c5ccc(O)cc5)oc34)c2)oc2cc(O)cc(O)c12,4.52,0.0,1
CHEMBL333,O=c1cc(-c2ccc(O)c(-c3c(O)cc4oc(-c5ccc(O)cc5)cc(=O)c4c3O)c2)oc2cc(O)cc(O)c12,4.99,0.0,1
CHEMBL333,O=c1cc(-c2ccc(O)c(O)c2)oc2cc(O)cc(O)c12,4.915,0.7424621202458754,2
CHEMBL333,O=c1cccccc1O,3.84,0.0,1
CHEMBL333,Oc1cc(O)c2c(c1)O[C@H](c1ccc(O)c(O)c1)[C@H](O)[C@H]2c1c(O)cc(O)c2c1O[C@H](c1ccc(O)c(O)c1)[C@H](O)[C@H]2c1c(O)cc(O)c2c1O[C@H](c1ccc(O)c(O)c1)[C@H](O)C2,4.5,0.0,1
CHEMBL333,Oc1cc(O)c2c(c1)O[C@H](c1ccc(O)c(O)c1)[C@H](O)[C@H]2c1c(O)cc(O)c2c1O[C@H](c1ccc(O)c(O)c1)[C@H](O)[C@H]2c1c(O)cc(O)c2c1O[C@H](c1ccc(O)c(O)c1)[C@H](O)[C@H]2c1c(O)cc(O)c2c1O[C@H](c1ccc(O)c(O)c1)[C@H](O)[C@H]2c1c(O)cc(O)c2c1O[C@H](c1ccc(O)c(O)c1)[C@H](O)C2,4.37,0.0,1
CHEMBL333,Oc1cc(O)c2c(c1)O[C@H](c1ccc(O)c(O)c1)[C@H](O)[C@H]2c1c(O)cc(O)c2c1O[C@H](c1ccc(O)c(O)c1)[C@H](O)[C@H]2c1c(O)cc2c(c1O)C[C@@H](O)[C@@H](c1ccc(O)c(O)c1)O2,4.91,0.0,1
CHEMBL333,Oc1cc(O)c2c(c1)O[C@H](c1ccc(O)c(O)c1)[C@H](O)[C@H]2c1c(O)cc2c(c1O)C(c1c(O)cc(O)c3c1O[C@H](c1ccc(O)c(O)c1)[C@H](O)C3)[C@@H](O)[C@@H](c1ccc(O)c(O)c1)O2,6.4,0.0,1
CHEMBL333,Oc1cc(O)cc(/C=C/c2ccc(O)cc2O)c1,4.56,0.0,1
CHEMBL333,Oc1cccc2cccnc12,3.89,0.0,1
CHEMBL333,Oc1ccccc1C1CC(c2ccc(F)cc2)=NN1c1nc(-c2ccc(Br)cc2)cs1,4.91,0.0,1
CHEMBL333,Oc1ccccc1C1CC(c2ccc(F)cc2)=NN1c1nc(-c2ccc(C(F)(F)F)cc2)cs1,4.23,0.0,1
CHEMBL333,Oc1ccccc1C1CC(c2ccc(F)cc2)=NN1c1nc(-c2cccc(Br)c2)cs1,4.79,0.0,1
CHEMBL333,Oc1ccccc1C1CC(c2ccc(F)cc2)=NN1c1nc(-c2ccccc2)cs1,5.015,0.007071067811865324,2
CHEMBL333,Oc1ccccc1C1CC(c2ccccc2)=NN1c1nc(-c2ccc(Br)cc2)cs1,4.46,0.0,1
CHEMBL333,Oc1ccccc1C1CC(c2ccccc2)=NN1c1nc(-c2ccc(C(F)(F)F)cc2)cs1,4.32,0.0,1
CHEMBL333,Oc1ccccc1C1CC(c2ccccc2)=NN1c1nc(-c2cccc(Br)c2)cs1,4.55,0.0,1
CHEMBL333,Oc1ccccc1C1CC(c2ccccc2)=NN1c1nc(-c2ccccc2)cs1,4.67,0.0,1
CHEMBL333,Oc1coccc1=S,4.12,0.0,1
CHEMBL333,Oc1nccc(S)n1,3.92,0.0,1
CHEMBL333,S=c1n(CN2CCN(Cn3nc(Cn4cc(-c5ccccc5)nn4)n(-c4ccccc4)c3=S)CC2)nc(Cn2cc(-c3ccccc3)nn2)n1-c1ccccc1,6.33,0.0,1
CHEMBL333,c1ccc(Nc2nc(CSc3nc[nH]n3)cs2)cc1,5.44,0.0,1
CHEMBL333,c1cnc2c(c1)ccc1cccnc12,4.16,0.0,1
CHEMBL333,c1cncc(Cc2nn[nH]n2)c1,4.32,0.0,1
