chembl_id,smiles,pchembl_value,pchembl_std,n_records
CHEMBL235,C#CCOC(=O)N1CCc2c(OCCc3nc(-c4ccccc4)oc3C)ccc(CCC(=O)O)c2C1,7.62,0.0,1
CHEMBL235,C#CCOc1cccc(Cc2c(C)n(C(=O)c3ccc(OC)cc3)c3ccc(OC(F)(F)F)cc23)c1,7.21,0.0,1
CHEMBL235,C/C(=N/OCCOc1cccc(CC2SC(=O)NC2=O)c1)c1ccc(-c2ccccc2)cc1,6.72,0.0,1
CHEMBL235,C/C=C1/C(=O)C[C@H]2[C@@H]3CCC4=CC(=O)CC[C@]4(C)[C@H]3CC[C@]12C,4.57,0.0,1
CHEMBL235,C=C1C(=O)O[C@@H]2C[C@H](C)[C@@]3(O)CC[C@@](C)(C[C@@H](OC(=O)C(C)C)[C@@H]12)O3,4.57,0.0,1
CHEMBL235,C=C1C(=O)O[C@@H]2C[C@H](C)[C@@]3(O)C[C@H](O)[C@@](C)(C[C@@H](OC(=O)C(C)C)[C@@H]12)O3,4.26,0.0,1
CHEMBL235,CC(=O)Nc1ccc(OS(=O)(=O)/C=C/c2ccccc2)cc1,4.97,0.0,1
CHEMBL235,CC(=O)Nc1ccc(S(=O)(=O)NCCc2ccc(S(=O)(=O)NC(=O)NC3CCC(C)CC3)cc2)cc1,5.15,0.0,1
CHEMBL235,CC(=O)Nc1ccc(S(=O)(=O)NCCc2ccc(S(=O)(=O)NC(=O)NC3CCC(C)CC3)cc2)cc1C,5.62,0.0,1
CHEMBL235,CC(=O)c1cc(NS(=O)(=O)c2ccc(Cl)cc2Cl)cc(Cl)c1Oc1cncc(Cl)c1,7.92,0.0,1
CHEMBL235,CC(=O)c1cc(NS(=O)(=O)c2ccc(Cl)cc2Cl)ccc1Oc1cnc2ccccc2c1,7.52,0.0,1
CHEMBL235,CC(=O)c1cc(NS(=O)(=O)c2ccc(Cl)cc2Cl)ccc1Oc1cncc(Cl)c1,7.82,0.0,1
CHEMBL235,CC(=O)c1cncc(Oc2c(Cl)cc(NS(=O)(=O)c3ccc(Cl)cc3Cl)cc2Cl)c1,7.47,0.0,1
CHEMBL235,CC(C)(C)c1ccc(-n2c(C(=O)O)c(Oc3cc(C(F)(F)F)cc(C(F)(F)F)c3)c3cc(Cl)ccc32)cc1,7.08,0.0,1
CHEMBL235,CC(C)(C)c1ccc(-n2c(C(=O)O)c(Oc3ccc(-c4cc(C(F)(F)F)c[nH]4)cc3)c3cccnc32)cc1,6.6,0.0,1
CHEMBL235,CC(C)(C)c1ccc(-n2c(C(=O)O)c(Oc3ccc(Cl)c(C(F)(F)F)c3)c3cc(Cl)ccc32)cc1,7.89,0.0,1
CHEMBL235,CC(C)(C)c1ccc(-n2c(C(=O)O)c(Oc3ccc(Cl)cc3)c3ccc(OC(F)(F)F)cc32)cc1,6.53,0.0,1
CHEMBL235,CC(C)(C)c1ccc(-n2c(C(=O)O)c(Oc3ccc(OC(F)(F)F)cc3)c3ccccc32)cc1,7.31,0.0,1
CHEMBL235,CC(C)(C)c1ccc(-n2c(C(=O)O)c(Oc3cccc(-c4cc(C(F)(F)F)c[nH]4)c3)c3ccc(Cl)nc32)cc1,7.24,0.0,1
CHEMBL235,CC(C)(C)c1ccc(-n2c(C(=O)O)c(Oc3cccc(C(F)(F)F)c3)c3cc(Cl)ccc32)cc1,7.77,0.0,1
CHEMBL235,CC(C)(C)c1ccc(-n2c(C(=O)O)c(Oc3cccc(C(F)(F)F)c3)c3cc(O)ccc32)cc1,6.5,0.0,1
CHEMBL235,CC(C)(C)c1ccc(-n2c(C(=O)O)c(Oc3cccc(C(F)(F)F)c3)c3cc(Oc4cc(C(F)(F)F)c[nH]4)ccc32)cc1,8.3,0.0,1
CHEMBL235,CC(C)(C)c1ccc(-n2c(C(=O)O)c(Oc3cccc(C(F)(F)F)c3)c3cc(Oc4cc(Cl)c[nH]4)ccc32)cc1,8.7,0.0,1
CHEMBL235,CC(C)(C)c1ccc(-n2c(C(=O)O)c(Oc3cccc(C(F)(F)F)c3)c3cc(Oc4ccc[nH]4)ccc32)cc1,7.96,0.0,1
CHEMBL235,CC(C)(C)c1ccc(-n2c(C(=O)O)c(Oc3cccc(C(F)(F)F)c3)c3ccc(Cl)cc32)cc1,7.57,0.0,1
CHEMBL235,CC(C)(C)c1ccc(-n2c(C(=O)O)c(Oc3cccc(C(F)(F)F)c3)c3ccc(Cl)nc32)cc1,7.68,0.0,1
CHEMBL235,CC(C)(C)c1ccc(-n2c(C(=O)O)c(Oc3cccc(C(F)(F)F)c3)c3ccccc32)cc1,7.92,0.0,1
CHEMBL235,CC(C)(C)c1ccc(-n2c(C(=O)O)c(Oc3cccc(C(F)(F)F)c3)c3cccnc32)cc1,7.12,0.0,1
CHEMBL235,CC(C)(C)c1ccc(-n2c(C(=O)O)c(Oc3cccc(O)c3)c3ccccc32)cc1,7.11,0.0,1
CHEMBL235,CC(C)(C)c1ccc(-n2c(C(=O)O)c(Oc3cccc(S(C)(=O)=O)c3)c3ccc(Cl)nc32)cc1,6.7,0.0,1
CHEMBL235,CC(C)(C)c1ccc(-n2cnc3c(NC(=O)Cc4ccc(C(=O)O)cc4)cccc32)cc1,5.28,0.0,1
CHEMBL235,CC(C)(C)c1ccc(Cn2c(C(=O)NS(=O)(=O)c3cccc(C(F)(F)F)c3)cc3ccccc32)cc1,6.48,0.0,1
CHEMBL235,CC(C)(NC(=O)c1ccc2c(ccn2Cc2ccc(F)cc2F)c1)c1ccccc1,8.4,0.0,1
CHEMBL235,CC(C)(Oc1ccc(OCCCOc2ccc(Oc3ccc(F)cc3)cc2Cl)cc1)C(=O)O,6.01,0.0,1
CHEMBL235,CC(C)=CCC/C(C)=C/Cc1c(O)cc(/C=C/c2cc(F)cc(F)c2)cc1O,6.05,0.0,1
CHEMBL235,CC(C)=CCC/C(C)=C/Cc1c(O)cc(/C=C/c2ccc(C#N)cc2)cc1O,5.92,0.0,1
CHEMBL235,CC(C)=CCC/C(C)=C/Cc1c(O)cc(/C=C/c2ccc(C(F)(F)F)cc2)cc1O,5.09,0.0,1
CHEMBL235,CC(C)=CCC/C(C)=C/Cc1c(O)cc(/C=C/c2ccc(C=O)cc2)cc1O,6.05,0.0,1
CHEMBL235,CC(C)=CCC/C(C)=C/Cc1c(O)cc(/C=C/c2ccc(Cl)cc2)cc1O,6.27,0.0,1
CHEMBL235,CC(C)=CCC/C(C)=C/Cc1c(O)cc(/C=C/c2ccc(F)cc2)cc1O,5.63,0.0,1
CHEMBL235,CC(C)=CCC/C(C)=C/Cc1c(O)cc(/C=C/c2ccc(O)cc2)cc1O,6.96,0.0,1
CHEMBL235,CC(C)=CCC/C(C)=C/Cc1c(O)cc(/C=C/c2cccc(C(F)(F)F)c2)cc1O,6.28,0.0,1
CHEMBL235,CC(C)=CCC/C(C)=C/Cc1c(O)cc(/C=C/c2ccccc2)cc1O,6.07,0.0,1
CHEMBL235,CC(C)=CCC/C(C)=C/Cc1c(O)cc(/C=C/c2ccoc2)cc1O,6.19,0.0,1
CHEMBL235,CC(C)=CCC/C(C)=C/Cc1c(O)cc(/C=C/c2ccsc2)cc1O,6.0,0.0,1
CHEMBL235,CC(C)C1=CC(C)(C)Oc2cc(OCCCOc3ccc(CC(C)(C)C(=O)O)cc3)c(Cl)cc21,5.73,0.0,1
CHEMBL235,CC(C)CCS(=O)(=O)NC(=O)/C=C/c1cc(OC(C)C)nn1Cc1ccc(C(F)(F)F)cc1Cl,7.82,0.0,1
CHEMBL235,CC(C)COc1ccc2c(c1)c(Oc1cccc(C(F)(F)F)c1)c(C(=O)O)n2-c1ccc(C(C)(C)C)cc1,7.75,0.0,1
CHEMBL235,CC(C)Cc1cc(Oc2ccccc2)ccc1OCCCOc1ccc(C2SC(=O)NC2=O)cc1,6.32,0.0,1
CHEMBL235,CC(C)Cc1ccc(OCCCOc2ccc3c(c2)O[C@@](C)(C(=O)O)CC3)c(Cl)c1,5.52,0.0,1
CHEMBL235,CC(C)N(Cc1ccc(CCC(=O)O)cc1)C(=O)c1cccc(CNC(=O)c2ccccc2)c1,4.41,0.0,1
CHEMBL235,CC(C)c1ccc(OCCCOc2ccc3c(c2)O[C@@](C)(C(=O)O)CC3)c(Cl)c1,5.3,0.0,1
CHEMBL235,CC(C)c1cccc(-n2c(C(=O)O)c(Oc3ccc(C(F)(F)F)cc3)c3ccccc32)c1,6.92,0.0,1
CHEMBL235,CC(C)c1cccc(-n2c(C(=O)O)c(Oc3cccc(C(F)(F)F)c3)c3ccccc32)c1,7.22,0.0,1
CHEMBL235,CC(C)c1cccc(-n2c(C(=O)O)c(Oc3cccc(O)c3)c3ccccc32)c1,6.99,0.0,1
CHEMBL235,CC(C)c1cccc(Oc2c(C(=O)O)n(-c3ccc(C(C)(C)C)cc3)c3cc(Cl)ccc23)c1,7.72,0.0,1
CHEMBL235,CC(Cc1ccccc1)(Oc1ccc(Cl)cc1)C(=O)O,5.41,0.0,1
CHEMBL235,CC(NC(=O)c1ccc2c(ccn2Cc2ccc(F)cc2F)c1)c1cccc2ccccc12,7.31,0.0,1
CHEMBL235,CC/C=C\C/C=C\C/C=C\C/C=C\C/C=C\CCCC(=O)O,5.8,0.0,1
CHEMBL235,CC/C=C\C/C=C\C/C=C\CCCCCCCC(=O)O,5.22,0.0,1
CHEMBL235,CC1(C(=O)O)CCc2ccc(OCCCOc3ccc(Oc4ccccc4)cc3Cl)cc2O1,5.85,0.0,1
CHEMBL235,CC1(C)CCC(c2ccc(OCCCOc3ccc4c(c3)O[C@@](C)(C(=O)O)CC4)c(Cl)c2)CC1,5.19,0.0,1
CHEMBL235,CC1=C(C(=O)O)C(c2ccc(OCCCOc3cc(C)nc4ccccc34)cc2)NC(=O)N1,6.12,0.0,1
CHEMBL235,CC1=C(C(=O)O)C(c2ccc(OCCCOc3cccc4[nH]c5ccccc5c34)cc2)NC(=O)N1,6.05,0.0,1
CHEMBL235,CC1=C(C(=O)O)C(c2ccc(OCCCn3ccc4cccnc43)cc2)NC(=O)N1,6.12,0.0,1
CHEMBL235,CC1=C(C(=O)O)C(c2ccc(OCCOc3cc(C)nc4ccccc34)cc2)NC(=O)N1,6.12,0.0,1
CHEMBL235,CC1=C(C(=O)O)C(c2ccc(OCCOc3ccc(C(=O)c4ccc(Cl)cc4)cc3)cc2)NC(=O)N1,6.03,0.0,1
CHEMBL235,CC1=C(C(=O)O)C(c2ccc(OCCOc3cccc4[nH]c5ccccc5c34)cc2)NC(=O)N1,6.0,0.0,1
CHEMBL235,CC1=C(C(=O)O)C(c2ccc(OCCOc3cccc4ccc(C)nc34)cc2)NC(=O)N1,6.22,0.0,1
CHEMBL235,CC1=C(C(=O)O)C(c2ccc(OCCn3c4ccccc4c4ccccc43)cc2)NC(=O)N1,6.05,0.0,1
CHEMBL235,CC1=C(C(=O)O)C(c2ccc(OCCn3ccc4cccnc43)cc2)NC(=O)N1,6.0,0.0,1
CHEMBL235,CC1CCC(NC(=O)NS(=O)(=O)c2ccc(CCNS(=O)(=O)c3ccc(Br)cc3)cc2)CC1,5.8,0.0,1
CHEMBL235,CC1CCC(NC(=O)NS(=O)(=O)c2ccc(CCNS(=O)(=O)c3ccccc3)cc2)CC1,5.47,0.0,1
CHEMBL235,CCC(C)(C)c1ccc(OCCCOc2ccc3c(c2)O[C@@](C)(C(=O)O)CC3)c(Cl)c1,4.82,0.0,1
CHEMBL235,CCC(C)(Cc1ccc(OCCCOc2ccc(Oc3ccc(F)cc3)cc2Cl)cc1)C(=O)O,5.91,0.0,1
CHEMBL235,CCC(NC(=O)c1ccc2c(c1)c(C)c(C)n2Cc1ccc(-c2ccccc2-c2nnn[nH]2)cc1)c1ccccc1,8.22,0.0,1
CHEMBL235,CCC(NC(=O)c1ccc2c(c1)c(C)c(C)n2Cc1ccc(-c2ccccc2C#N)cc1)c1ccccc1,9.27,0.0,1
CHEMBL235,CCC(NC(=O)c1ccc2c(c1)c(C)c(C)n2Cc1ccc(-c2ccccc2C(=O)O)cc1)c1ccccc1,9.43,0.0,1
CHEMBL235,CCC(NC(=O)c1ccc2c(c1)c(C)c(C)n2Cc1ccc(Cl)cc1)c1ccccc1,7.54,0.0,1
CHEMBL235,CCC(NC(=O)c1ccc2c(c1)c(C)c(C)n2Cc1ccccc1-c1cccc(C(=O)O)c1)c1ccccc1,7.0,0.0,1
CHEMBL235,CCC(NC(=O)c1ccc2c(c1)c(C)cn2Cc1ccc(-c2ccccc2C(=O)O)cc1)c1ccccc1,8.7,0.0,1
CHEMBL235,CCC(NC(=O)c1ccc2c(c1)cc(C)n2Cc1ccc(-c2ccccc2C(=O)O)cc1)c1ccccc1,8.7,0.0,1
CHEMBL235,CCC(NC(=O)c1ccc2c(ccn2C(=O)c2cccc(F)c2F)c1)c1ccccc1,6.25,0.0,1
CHEMBL235,CCC(NC(=O)c1ccc2c(ccn2C(=O)c2ccccc2)c1)c1ccccc1,6.0,0.0,1
CHEMBL235,CCC(NC(=O)c1ccc2c(ccn2Cc2ccc(-c3ccccc3C(=O)O)cc2)c1)c1ccccc1,8.22,0.0,1
CHEMBL235,CCC(NC(=O)c1ccc2c(ccn2Cc2ccc(Cl)nc2)c1)c1ccccc1,8.52,0.0,1
CHEMBL235,CCC(NC(=O)c1ccc2c(ccn2Cc2ccc(F)cc2F)c1)c1ccccc1,9.0,0.0,1
CHEMBL235,CCC(NC(=O)c1ccc2c(ccn2Cc2cccc(-c3ccc(C(=O)O)cc3)c2)c1)c1ccccc1,8.7,0.0,1
CHEMBL235,CCC(NC(=O)c1ccc2c(ccn2Cc2cccc(-c3ccccc3C(=O)O)c2)c1)c1ccccc1,8.22,0.0,1
CHEMBL235,CCC(NC(=O)c1ccc2c(ccn2Cc2ccccc2-c2ccc(C(=O)O)cc2)c1)c1ccccc1,8.0,0.0,1
CHEMBL235,CCC(NC(=O)c1ccc2c(ccn2Cc2ccccc2-c2cccc(C(=O)O)c2)c1)c1ccccc1,8.4,0.0,1
CHEMBL235,CCC(NC(=O)c1ccc2c(ccn2S(=O)(=O)c2ccc(C)cc2)c1)c1ccccc1,7.01,0.0,1
CHEMBL235,CCC(NC(=O)c1ccc2c(ccn2S(=O)(=O)c2cccc3ccccc23)c1)c1ccccc1,8.15,0.0,1
CHEMBL235,CCC(Oc1cccc(Cc2c(C)n(C(=O)c3ccc(OC)cc3)c3ccc(OC(F)(F)F)cc23)c1)C(=O)O,8.52,0.0,1
CHEMBL235,CCC(Oc1ccccc1Cc1c(C)n(C(=O)c2ccc(OC)cc2)c2ccc(OC(F)(F)F)cc12)C(=O)O,8.52,0.0,1
CHEMBL235,CCC/C(=C\c1cc(OCc2ccc3nc(C(F)(F)F)cc(OC)c3c2)ccc1OCCN1CCN(C)CC1)C(=O)O,5.19,0.0,1
CHEMBL235,CCC1(C(=O)O)CCc2ccc(OCCCOc3ccc(Oc4ccccc4)cc3Cl)cc2O1,6.16,0.0,1
CHEMBL235,CCC1(C(=O)O)CCc2ccc(OCCCOc3ccc(Oc4ccccc4)cc3F)cc2O1,5.33,0.0,1
CHEMBL235,CCC1(C(=O)O)Cc2cc(OCCCOc3ccc(C(C)(C)C)cc3Cl)ccc2O1,5.36,0.0,1
CHEMBL235,CCC1(C(=O)O)Cc2cc(OCCCOc3ccc(CC(C)(C)C)cc3Cl)ccc2O1,5.25,0.0,1
CHEMBL235,CCC1(C(=O)O)Cc2cc(OCCCOc3ccc(SC(F)(F)F)cc3Cl)ccc2O1,5.17,0.0,1
CHEMBL235,CCC1(C(=O)O)Cc2ccc(OCCCOc3ccc(OC(F)(F)F)cc3Cl)cc2O1,5.49,0.0,1
CHEMBL235,CCCC(CCOc1ccc(CCC(=O)O)c(C)c1)Oc1ccc(CC)cc1C(=O)c1ccccc1,6.38,0.0,1
CHEMBL235,CCCC(Oc1cccc(Cc2c(C)n(C(=O)c3ccc(OC)cc3)c3ccc(OC(F)(F)F)cc23)c1)C(=O)O,8.4,0.0,1
CHEMBL235,CCCCC(Oc1ccc(S(=O)(=O)N(CCCC)c2cccc(-c3ccc(Cl)cc3)c2C)c(C)c1C)C(=O)O,5.4,0.0,1
CHEMBL235,CCCCC/C(=C\CCCCCCCCCCC(=O)O)[N+](=O)[O-],6.72,0.0,1
CHEMBL235,CCCCC/C=C(\C/C=C\CCCCCCCC(=O)O)[N+](=O)[O-],6.39,0.0,1
CHEMBL235,CCCCC/C=C(\CCCCCCCCCCC(=O)O)[N+](=O)[O-],7.41,0.0,1
CHEMBL235,CCCCC/C=C\C/C=C\C/C=C\C/C=C\CCCC(=O)O,5.8,0.0,1
CHEMBL235,CCCCC/C=C\C/C=C\C/C=C\CCCCC(=O)O,5.66,0.0,1
CHEMBL235,CCCCC/C=C\C/C=C\C/C=C\CCCCCCC(=O)O,5.62,0.0,1
CHEMBL235,CCCCC/C=C\C/C=C\CCCCCCCC(=O)O,5.21,0.0,1
CHEMBL235,CCCCCC/C(=C\CCCCCCCC(=O)O)[N+](=O)[O-],6.2,0.0,1
CHEMBL235,CCCCCC/C=C(\CCCCCCCC(=O)O)[N+](=O)[O-],6.08,0.0,1
CHEMBL235,CCCCCC/C=C\CCCCCCCC(=O)O,5.19,0.0,1
CHEMBL235,CCCCCCCC/C(=C\CCCCCCCC(=O)O)[N+](=O)[O-],5.79,0.0,1
CHEMBL235,CCCCCCCC/C=C(\CCCCCCCC(=O)O)[N+](=O)[O-],6.01,0.0,1
CHEMBL235,CCCCCCCC/C=C\CCCCCCCC(=O)O,5.39,0.0,1
CHEMBL235,CCCCCCCC/C=C\CCCCCCCCCCCC(=O)O,4.52,0.0,1
CHEMBL235,CCCCCCCCCC(=O)O,4.52,0.0,1
CHEMBL235,CCCCCCCCCCCC(=O)O,4.52,0.0,1
CHEMBL235,CCCCCCCCCCCC/C(=C\CCCC(=O)O)[N+](=O)[O-],5.76,0.0,1
CHEMBL235,CCCCCCCCCCCC/C=C(\CCCC(=O)O)[N+](=O)[O-],5.78,0.0,1
CHEMBL235,CCCCCCCCCCCCCC(=O)O,4.68,0.0,1
CHEMBL235,CCCCCCCCCCCCCCCC(=O)O,4.52,0.0,1
CHEMBL235,CCCCCCCCCCCCCCCCCC(=O)O,4.52,0.0,1
CHEMBL235,CCCCCCCCCCCCCCCCCCCC(=O)O,4.52,0.0,1
CHEMBL235,CCCCCCCCCCCCCCCCCCCCCC(=O)O,4.52,0.0,1
CHEMBL235,CCCCCCCN(CC(=O)O)Cc1ccc(OCCc2nc(-c3ccccc3)oc2C)cc1,5.64,0.0,1
CHEMBL235,CCCCCCCN(CCc1ccc(O[C@@](C)(CC)C(=O)O)cc1)C(=O)Nc1ccc(F)cc1F,6.296666666666667,0.17785762095938815,3
CHEMBL235,CCCCCCCN(CCc1ccc(SC(C)(C)C(=O)O)cc1)C(=O)Nc1ccc(F)cc1F,6.26,0.0,1
CHEMBL235,CCCCCCCc1oc2cc(O)ccc2c(=O)c1-c1ccc(O)cc1,5.3,0.0,1
CHEMBL235,CCCCCN(c1cccc(-c2ccc(Cl)cc2)c1C)S(=O)(=O)c1ccc(OC(C)C(=O)O)c(C)c1C,5.3,0.0,1
CHEMBL235,CCCCCS(=O)(=O)NC(=O)/C=C/c1cc(C2CC2)nn1Cc1ccc(C(F)(F)F)cc1Cl,7.92,0.0,1
CHEMBL235,CCCCCS(=O)(=O)NC(=O)/C=C/c1cc(OC(C)C)nn1Cc1ccc(C(F)(F)F)cc1Cl,7.64,0.0,1
CHEMBL235,CCCCCS(=O)(=O)NC(=O)/C=C/c1ccc(OCCOC)cc1Oc1ncc(C(F)(F)F)cc1Cl,6.48,0.0,1
CHEMBL235,CCCCCS(=O)(=O)NC(=O)CCc1cc(OC(C)C)nn1Cc1ccc(C(F)(F)F)cc1Cl,7.68,0.0,1
CHEMBL235,CCCCCc1cc2c(c(O)c1C(=O)O)[C@@H]1C=C(C)CC[C@H]1C(C)(C)O2,6.33,0.0,1
CHEMBL235,CCCCN(c1c(C)cc(C)c(-c2ccc(Cl)cc2)c1C)S(=O)(=O)c1ccc(OC(C)C(=O)O)c(C)c1C,5.1,0.0,1
CHEMBL235,CCCCN(c1cc(-c2ccc(Cl)cc2)c(F)cc1C)S(=O)(=O)c1ccc(OC(C)C(=O)O)c(C)c1C,5.1,0.0,1
CHEMBL235,CCCCN(c1cc(-c2ccc(Cl)cc2)c(F)cc1F)S(=O)(=O)c1ccc(OC(C)C(=O)O)c(C)c1C,5.8,0.0,1
CHEMBL235,CCCCN(c1cc(-c2ccc(Cl)cc2)cc(C(F)(F)F)c1)S(=O)(=O)c1ccc(OC(C)C(=O)O)c(C)c1C,5.3,0.0,1
CHEMBL235,CCCCN(c1cc(-c2ccc(Cl)cc2)ccc1C)S(=O)(=O)c1ccc(OC(C)C(=O)O)c(C)c1C,5.2,0.0,1
CHEMBL235,CCCCN(c1cc(-c2ccc(Cl)cc2)ccc1OC(F)(F)F)S(=O)(=O)c1ccc(OC(C)C(=O)O)c(C)c1C,5.0,0.0,1
CHEMBL235,CCCCN(c1ccc(C)c(-c2ccc(Cl)cc2)c1)S(=O)(=O)c1ccc(OC(C)C(=O)O)c(C)c1C,5.5,0.0,1
CHEMBL235,CCCCN(c1ccc(F)c(-c2ccc(Cl)cc2)c1)S(=O)(=O)c1ccc(OC(C)C(=O)O)c(C)c1C,5.7,0.0,1
CHEMBL235,CCCCN(c1cccc(-c2ccc(C(F)(F)F)cc2)c1C)S(=O)(=O)c1ccc(OC(C)C(=O)O)c(C)c1C,5.2,0.0,1
CHEMBL235,CCCCN(c1cccc(-c2ccc(C(F)(F)F)cc2)c1Cl)S(=O)(=O)c1ccc(OC(C)C(=O)O)c(C)c1C,5.2,0.0,1
CHEMBL235,CCCCN(c1cccc(-c2ccc(C)cc2)c1C)S(=O)(=O)c1ccc(OC(C)C(=O)O)c(C)c1C,5.3,0.0,1
CHEMBL235,CCCCN(c1cccc(-c2ccc(Cl)c(Cl)c2)c1C)S(=O)(=O)c1ccc(OC(C)C(=O)O)c(C)c1C,5.3,0.0,1
CHEMBL235,CCCCN(c1cccc(-c2ccc(Cl)cc2)c1C)S(=O)(=O)c1ccc(OC(C)C(=O)O)c(C)c1C,5.1,0.0,1
CHEMBL235,CCCCN(c1cccc(-c2ccc(Cl)cc2)c1C)S(=O)(=O)c1ccc(OC(C)C(=O)O)c(C2CCCCC2)c1,5.1,0.0,1
CHEMBL235,CCCCN(c1cccc(-c2ccc(Cl)cc2)c1C)S(=O)(=O)c1ccc(OC(C)C(=O)O)c(Cl)c1Cl,5.4,0.0,1
CHEMBL235,CCCCN(c1cccc(-c2ccc(Cl)cc2)c1C)S(=O)(=O)c1ccc(OC(C)C(=O)O)c(F)c1Cl,5.2,0.0,1
CHEMBL235,CCCCN(c1cccc(-c2ccc(Cl)cc2)c1C)S(=O)(=O)c1ccc(OC(C)C(=O)O)c(F)c1F,5.5,0.0,1
CHEMBL235,CCCCN(c1cccc(-c2ccc(Cl)cc2)c1C)S(=O)(=O)c1ccc(OC(C)C(=O)O)c(F)c1OC,5.3,0.0,1
CHEMBL235,CCCCN(c1cccc(-c2ccc(Cl)cc2)c1C)S(=O)(=O)c1ccc(OC(C)C(=O)O)c(OC)c1Cl,5.2,0.0,1
CHEMBL235,CCCCN(c1cccc(-c2ccc(Cl)cc2)c1C)S(=O)(=O)c1ccc(OC(C)C(=O)O)c(OC)c1OC,5.4,0.0,1
CHEMBL235,CCCCN(c1cccc(-c2ccc(Cl)cc2)c1C)S(=O)(=O)c1ccc(OC(CC)C(=O)O)c(C)c1C,5.3,0.0,1
CHEMBL235,CCCCN(c1cccc(-c2ccc(Cl)cc2)c1C)S(=O)(=O)c1ccc(OC(CCC)C(=O)O)c(C)c1C,5.5,0.0,1
CHEMBL235,CCCCN(c1cccc(-c2ccc(Cl)cc2)c1C)S(=O)(=O)c1ccc(OCC(=O)O)c(C)c1C,5.6,0.0,1
CHEMBL235,CCCCN(c1cccc(-c2ccc(Cl)cc2)c1C)S(=O)(=O)c1ccc(O[C@@H](C)C(=O)O)c(C)c1C,5.2,0.0,1
CHEMBL235,CCCCN(c1cccc(-c2ccc(Cl)cc2)c1C)S(=O)(=O)c1ccc(O[C@H](C)C(=O)O)c(C)c1C,5.2,0.0,1
CHEMBL235,CCCCN(c1cccc(-c2ccc(Cl)cc2)c1Cl)S(=O)(=O)c1ccc(OC(C)C(=O)O)c(C)c1C,5.3,0.0,1
CHEMBL235,CCCCN(c1cccc(-c2ccc(Cl)cc2)c1OC)S(=O)(=O)c1ccc(OC(C)C(=O)O)c(C)c1C,5.1,0.0,1
CHEMBL235,CCCCN(c1cccc(-c2ccc(OC(F)(F)F)cc2)c1C)S(=O)(=O)c1ccc(OC(C)C(=O)O)c(C)c1C,5.3,0.0,1
CHEMBL235,CCCCN(c1cccc(-c2ccc(OC(F)(F)F)cc2)c1Cl)S(=O)(=O)c1ccc(OC(C)C(=O)O)c(C)c1C,5.2,0.0,1
CHEMBL235,CCCCN(c1cccc(-c2ccc(OC)cc2)c1C)S(=O)(=O)c1ccc(OC(C)C(=O)O)c(C)c1C,5.2,0.0,1
CHEMBL235,CCCCN(c1cccc(-c2cccc(Cl)c2)c1C)S(=O)(=O)c1ccc(OC(C)C(=O)O)c(C)c1C,5.4,0.0,1
CHEMBL235,CCCCN(c1cccc(-c2ccccc2Cl)c1C)S(=O)(=O)c1ccc(OC(C)C(=O)O)c(C)c1C,5.3,0.0,1
CHEMBL235,CCCCNC(=O)NS(=O)(=O)c1ccc(NC(=O)CN2CC(=O)Nc3ccccc32)cc1,5.89,0.0,1
CHEMBL235,CCCCNC(=O)NS(=O)(=O)c1ccc(NC(=O)CSc2nc3ccccc3c(=O)n2-c2ccc(C)cc2)cc1,6.36,0.0,1
CHEMBL235,CCCCNC(=O)NS(=O)(=O)c1ccc(NC(=O)CSc2nc3ccccc3c(=O)n2-c2ccc(OC)cc2)cc1,6.43,0.0,1
CHEMBL235,CCCCNC(=O)NS(=O)(=O)c1ccc(NC(=O)Cn2c(=O)c(C)nc3ccccc32)cc1,5.855,0.643467170879758,2
CHEMBL235,CCCCNC(=O)NS(=O)(=O)c1ccc(NC(=O)Cn2c(C)nc3ccccc3c2=O)cc1,6.01,0.0,1
CHEMBL235,CCCCNC(=O)NS(=O)(=O)c1ccc(NC(=O)Cn2c(CC)nc3ccccc3c2=O)cc1,6.39,0.0,1
CHEMBL235,CCCCNC(=O)NS(=O)(=O)c1ccc(NCC(=O)N2CC(=O)Nc3ccccc32)cc1,5.88,0.0,1
CHEMBL235,CCCCNC(=S)NS(=O)(=O)c1ccc(NC(=O)Cn2c(=O)c(C)nc3ccccc32)cc1,5.915,0.7283199846221434,2
CHEMBL235,CCCC[C@H](NC(=O)c1ccc2c(c1)c(C)c(C)n2Cc1ccc(-c2ccccc2)cc1)c1cccc(C(C)C)c1,7.09,0.0,1
CHEMBL235,CCCC[C@H](NC(=O)c1ccc2c(c1)c(C)c(C)n2Cc1ccc(-c2ccccc2C(=O)O)cc1)c1cccc(C(C)C)c1,7.09,0.0,1
CHEMBL235,CCCCc1nc(C(C)C)c(CC(=O)OCC)c(=O)n1Cc1ccc(-c2ccccc2-c2noc(=O)[nH]2)cc1,6.36,0.0,1
CHEMBL235,CCCN(c1cccc(-c2ccc(Cl)cc2)c1C)S(=O)(=O)c1ccc(OC(C)C(=O)O)c(C)c1C,5.1,0.0,1
CHEMBL235,CCCOC(=O)N1C=C(Cc2cccc(OCCc3nc(-c4ccccc4)oc3C)c2)C(C(=O)O)CC1,6.3,0.0,1
CHEMBL235,CCCOC(=O)N1CCC(C(=O)O)=C(Cc2cccc(OCCc3nc(-c4ccccc4)oc3C)c2)C1,6.01,0.0,1
CHEMBL235,CCCOC(=O)N1CCc2c(OCCc3nc(-c4ccc(-c5ccccc5)cc4)oc3C)ccc(CCC(=O)O)c2C1,7.68,0.0,1
CHEMBL235,CCCOC(=O)N1CCc2c(OCCc3nc(-c4ccccc4)oc3C)ccc(CCC(=O)O)c2C1,7.96,0.0,1
CHEMBL235,CCCOC(Cc1ccc2c(ccn2Cc2nc(-c3ccc(C(F)(F)F)cc3)oc2C)c1)C(=O)O,6.4,0.0,1
CHEMBL235,CCC[C@@H](Oc1cccc(Cn2c(C)c(C(=O)c3ccc(Cl)cc3)c3ccc(OC(F)(F)F)cc32)c1)C(=O)O,7.92,0.0,1
CHEMBL235,CCC[C@H](NC(=O)c1ccc2c(c1)c(C)c(C)n2Cc1ccc(-c2ccccc2C(=O)O)cc1)c1ccccc1,9.1,0.0,1
CHEMBL235,CCC[C@H](Oc1cccc(Cn2c(C)c(C(=O)c3ccc(Cl)cc3)c3ccc(OC(F)(F)F)cc32)c1)C(=O)O,8.1,0.0,1
CHEMBL235,CCCc1c(OCC(C)COc2cccc3c2ccn3CC(=O)O)ccc2c(C(F)(F)F)noc12,5.89,0.0,1
CHEMBL235,CCCc1c(OCCC(C)CCOc2ccc3c(ccn3CC(=O)O)c2)ccc2c(C(F)(F)F)noc12,5.86,0.0,1
CHEMBL235,CCCc1c(OCCC(C)CCOc2cccc3c2ccn3CC(=O)O)ccc2c(C(F)(F)F)noc12,5.84,0.0,1
CHEMBL235,CCCc1c(OCCCCCOc2ccc3c(ccn3CC(=O)O)c2)ccc2c(C(F)(F)F)noc12,5.98,0.0,1
CHEMBL235,CCCc1c(OCCCCCOc2cccc3c2ccn3CC(=O)O)ccc2c(C(F)(F)F)noc12,5.75,0.0,1
CHEMBL235,CCCc1c(OCCCCOc2ccc3c(ccn3CC(=O)O)c2)ccc2c(C(F)(F)F)noc12,6.98,0.0,1
CHEMBL235,CCCc1c(OCCCCOc2cccc3c2ccn3CC(=O)O)ccc2c(C(F)(F)F)noc12,6.11,0.0,1
CHEMBL235,CCCc1c(OCCCN(C)c2ccc(CC(=O)O)c(C)c2)ccc2c(C(F)(F)F)noc12,5.34,0.0,1
CHEMBL235,CCCc1c(OCCCN(C)c2ccc(CC(=O)O)cc2)ccc2c(C(F)(F)F)noc12,5.54,0.0,1
CHEMBL235,CCCc1c(OCCCN(C)c2ccc(CC(=O)O)cc2C)ccc2c(C(F)(F)F)noc12,6.34,0.0,1
CHEMBL235,CCCc1c(OCCCN(C)c2cccc(CC(=O)O)c2)ccc2c(C(F)(F)F)noc12,5.52,0.0,1
CHEMBL235,CCCc1c(OCCCNc2ccc(CC(=O)O)cc2)ccc2c(C(F)(F)F)noc12,6.99,0.0,1
CHEMBL235,CCCc1c(OCCCOc2ccc(CC(=O)O)cc2)ccc2c(C(F)(F)F)noc12,6.57,0.0,1
CHEMBL235,CCCc1c(OCCCOc2ccc(CC(=O)O)cc2Cl)ccc2c(C(F)(F)F)noc12,6.55,0.0,1
CHEMBL235,CCCc1c(OCCCOc2ccc3c(ccn3C(CC)C(=O)O)c2)ccc2c(C(F)(F)F)noc12,5.77,0.0,1
CHEMBL235,CCCc1c(OCCCOc2ccc3c(ccn3CC(=O)O)c2)ccc2c(-c3ccccc3)noc12,6.92,0.0,1
CHEMBL235,CCCc1c(OCCCOc2ccc3c(ccn3CC(=O)O)c2)ccc2c(C#N)c[nH]c12,6.12,0.0,1
CHEMBL235,CCCc1c(OCCCOc2ccc3c(ccn3CC(=O)O)c2)ccc2c(C(=O)C(F)(F)F)c[nH]c12,5.62,0.0,1
CHEMBL235,CCCc1c(OCCCOc2ccc3c(ccn3CC(=O)O)c2)ccc2c(C(F)(F)F)noc12,6.82,0.0,1
CHEMBL235,CCCc1c(OCCCOc2ccc3c(ccn3CC(=O)O)c2)ccc2cc(C(=O)c3ccccc3)ccc12,7.3,0.0,1
CHEMBL235,CCCc1c(OCCCOc2ccc3c(ccn3CCC(=O)O)c2)ccc2c(C(F)(F)F)noc12,6.23,0.0,1
CHEMBL235,CCCc1c(OCCCOc2ccc3c(ccn3Cc3nn[nH]n3)c2)ccc2c(C(F)(F)F)noc12,5.95,0.0,1
CHEMBL235,CCCc1c(OCCCOc2ccc3ccn(CC(=O)O)c3c2)ccc2c(C(F)(F)F)noc12,5.98,0.0,1
CHEMBL235,CCCc1c(OCCCOc2ccc3ccn(CC(=O)O)c3c2)ccc2cc(C(=O)c3ccccc3)ccc12,5.69,0.0,1
CHEMBL235,CCCc1c(OCCCOc2cccc3c2ccn3C(CC)C(=O)O)ccc2c(C(F)(F)F)noc12,5.89,0.0,1
CHEMBL235,CCCc1c(OCCCOc2cccc3c2ccn3CC(=O)O)ccc2c(-c3ccccc3)coc12,5.4,0.0,1
CHEMBL235,CCCc1c(OCCCOc2cccc3c2ccn3CC(=O)O)ccc2c(-c3ccccc3)noc12,6.9,0.0,1
CHEMBL235,CCCc1c(OCCCOc2cccc3c2ccn3CC(=O)O)ccc2c(C(F)(F)F)noc12,5.7,0.0,1
CHEMBL235,CCCc1c(OCCCOc2cccc3c2ccn3CC(=O)O)ccc2cc(-c3ccccc3)[nH]c12,5.78,0.0,1
CHEMBL235,CCCc1c(OCCCOc2cccc3c2ccn3CC(=O)O)ccc2cc(-c3ccccc3)oc12,5.71,0.0,1
CHEMBL235,CCCc1c(OCCCOc2cccc3c2ccn3CC(=O)O)ccc2cc(C(=O)c3ccccc3)ccc12,6.08,0.0,1
CHEMBL235,CCCc1c(OCCCOc2cccc3c2ccn3CC(=O)O)ccc2cc[nH]c12,5.32,0.0,1
CHEMBL235,CCCc1c(OCCCOc2cccc3c2ccn3CCC(=O)O)ccc2c(C(F)(F)F)noc12,5.96,0.0,1
CHEMBL235,CCCc1c(OCCCSc2ccc(CC(=O)O)cc2Cl)ccc(/C(CC)=N/O)c1O,7.32,0.0,1
CHEMBL235,CCCc1c(OCCCSc2ccc(CC(=O)O)cc2Cl)ccc(C(=O)CC)c1O,6.52,0.0,1
CHEMBL235,CCCc1c(OCCCSc2ccc(CC(=O)O)cc2Cl)ccc(C(C)=O)c1O,6.24,0.0,1
CHEMBL235,CCCc1c(OCCCSc2ccc(CC(=O)O)cc2Cl)ccc2c(-c3ccccc3)coc12,7.03,0.0,1
CHEMBL235,CCCc1c(OCCCSc2ccc(CC(=O)O)cc2Cl)ccc2c(C(F)(F)F)noc12,6.779999999999999,0.09899494936611612,2
CHEMBL235,CCCc1c(OCCCSc2ccc(CC(=O)O)cc2Cl)ccc2c(CC)coc12,6.25,0.0,1
CHEMBL235,CCCc1c(OCCCSc2ccc(CC(=O)O)cc2Cl)ccc2c(CC)noc12,6.96,0.0,1
CHEMBL235,CCCc1c(OCCCn2ccc3cc(CC(=O)O)ccc32)ccc2c(C(F)(F)F)noc12,5.72,0.0,1
CHEMBL235,CCCc1c(OCCCn2ccc3cc(CCC(=O)O)ccc32)ccc2c(C(F)(F)F)noc12,5.92,0.0,1
CHEMBL235,CCCc1c(OCCOc2ccc3c(ccn3CC(=O)O)c2)ccc2c(C(F)(F)F)noc12,6.38,0.0,1
CHEMBL235,CCCc1c(OCCOc2cccc3c2ccn3CC(=O)O)ccc2c(C(F)(F)F)noc12,5.83,0.0,1
CHEMBL235,CCCc1c(O[C@H](C(=O)O)c2ccc(C(C)C)cc2)c(Cl)cc2c1oc(=O)n2CC,6.28,0.0,1
CHEMBL235,CCCc1c(Oc2c(C)n(-c3noc4cc(Cl)ccc34)c3ccc(OC(F)(F)F)cc23)cccc1O[C@@H](C)C(=O)O,6.19,0.0,1
CHEMBL235,CCCc1cc(-c2ccccc2)ccc1OCCCOc1cccc(C2OC(=O)NC2=O)c1,6.35,0.0,1
CHEMBL235,CCCc1cc(-c2noc3ccccc23)ccc1OCCCOc1cccc(C2SC(=O)NC2=O)c1,7.52,0.0,1
CHEMBL235,CCCc1cc(C(=O)C(C)(C)C)cc(CCC)c1OC(C(=O)O)c1ccccc1,5.57,0.0,1
CHEMBL235,CCCc1cc(C(=O)C(C)C)cc(CCC)c1OC(C(=O)O)c1ccccc1,5.5,0.0,1
CHEMBL235,CCCc1cc(C(=O)C2CCCCC2)ccc1OCCCOc1cccc(C2SC(=O)NC2=O)c1,7.19,0.0,1
CHEMBL235,CCCc1cc(C(=O)CC)cc(C)c1OC(C(=O)O)c1ccc(C(C)C)cc1,6.58,0.0,1
CHEMBL235,CCCc1cc(C(=O)CC)cc(CCC)c1OC(C(=O)O)c1ccccc1,5.56,0.0,1
CHEMBL235,CCCc1cc(C(=O)CC)cc(CCC)c1OC(C)(C)C(=O)O,5.91,0.0,1
CHEMBL235,CCCc1cc(C(=O)CC)cc(CCC)c1O[C@@H](C(=O)O)c1ccc(C(C)C)cc1,5.53,0.0,1
CHEMBL235,CCCc1cc(C(=O)CC)cc(CCC)c1O[C@H](C(=O)O)c1ccc(C(C)C)cc1,7.12,0.0,1
CHEMBL235,CCCc1cc(C(=O)CC)cc(CCC)c1O[C@H](C(=O)O)c1ccc(C(F)(F)F)cc1,6.68,0.0,1
CHEMBL235,CCCc1cc(C(=O)CC)cc(CCC)c1O[C@H](C(=O)O)c1ccc(CC(C)C)cc1,6.66,0.0,1
CHEMBL235,CCCc1cc(C(=O)CC)cc(CCC)c1O[C@H](C(=O)O)c1ccc(CC)cc1,6.68,0.0,1
CHEMBL235,CCCc1cc(C(=O)CC)cc(CCC)c1O[C@H](C(=O)O)c1ccc(OC(C)C)cc1,6.7,0.0,1
CHEMBL235,CCCc1cc(C(=O)CC)cc(Cl)c1O[C@H](C(=O)O)c1ccc(C(C)C)cc1,6.66,0.0,1
CHEMBL235,CCCc1cc(C(=O)c2ccc(Cl)cc2)ccc1OCCCOc1cccc(C2SC(=O)NC2=O)c1,6.84,0.0,1
CHEMBL235,CCCc1cc(C(=O)c2ccc(F)cc2)ccc1OCCCOc1ccc2c(ccn2CC(=O)O)c1,6.89,0.0,1
CHEMBL235,CCCc1cc(C(=O)c2ccc(F)cc2)ccc1OCCCOc1ccc2ccn(CC(=O)O)c2c1,5.89,0.0,1
CHEMBL235,CCCc1cc(C(=O)c2ccc(F)cc2)ccc1OCCCOc1cccc2c1ccn2CC(=O)O,5.62,0.0,1
CHEMBL235,CCCc1cc(C(=O)c2ccccc2)cc(CCC)c1OC(C(=O)O)c1ccccc1,5.33,0.0,1
CHEMBL235,CCCc1cc(C(=O)c2ccccc2)ccc1OCCCOc1cccc(C2SC(=O)NC2=O)c1,7.72,0.0,1
CHEMBL235,CCCc1cc(C2CCC(=O)CC2)ccc1OCCCOc1cccc(C2OC(=O)NC2=O)c1,5.94,0.0,1
CHEMBL235,CCCc1cc(C2CCC(C)(C)CC2)ccc1OCCCOc1cccc(C2OC(=O)NC2=O)c1,5.75,0.0,1
CHEMBL235,CCCc1cc(C2CCC(F)(F)CC2)ccc1OCCCOc1cccc(C2OC(=O)NC2=O)c1,6.27,0.0,1
CHEMBL235,CCCc1cc(C2CCC(O)CC2)ccc1OCCCOc1cccc(C2OC(=O)NC2=O)c1,6.75,0.0,1
CHEMBL235,CCCc1cc(C2CCCC2)ccc1OCCCOc1cccc(C2OC(=O)NC2=O)c1,5.97,0.0,1
CHEMBL235,CCCc1cc(C2CCCCC2)ccc1OCCCOc1cccc(C2OC(=O)NC2=O)c1,6.31,0.0,1
CHEMBL235,CCCc1cc(C2CCCCCC2)ccc1OCCCOc1cccc(C2OC(=O)NC2=O)c1,6.19,0.0,1
CHEMBL235,CCCc1cc(C2CCOCC2)ccc1OCCCOc1cccc(C2OC(=O)NC2=O)c1,6.12,0.0,1
CHEMBL235,CCCc1cc(C=C2CCCCC2)ccc1OCCCOc1cccc(C2SC(=O)NC2=O)c1,6.82,0.0,1
CHEMBL235,CCCc1cc(CC2CCCCC2)ccc1OCCCOc1cccc(C2SC(=O)NC2=O)c1,7.23,0.0,1
CHEMBL235,CCCc1cc(OC2CCCC2)ccc1OCCCOc1cccc(C2SC(=O)NC2=O)c1,7.2,0.0,1
CHEMBL235,CCCc1cc(OC2CCCCC2)ccc1OCCCOc1cccc(C2SC(=O)NC2=O)c1,7.43,0.0,1
CHEMBL235,CCCc1cc(OC2CCCCCC2)ccc1OCCCOc1cccc(C2SC(=O)NC2=O)c1,7.07,0.0,1
CHEMBL235,CCCc1cc(Oc2ccc(-c3ccccc3)cc2)ccc1OCCCOc1ccc(C2SC(=O)NC2=O)cc1,6.89,0.0,1
CHEMBL235,CCCc1cc(Oc2ccc(-c3ccccc3)cc2)ccc1OCCCOc1cccc(C2SC(=O)NC2=O)c1,6.65,0.0,1
CHEMBL235,CCCc1cc(Oc2ccc(C(C)(C)C)cc2)ccc1OCCCOc1cccc(C2SC(=O)NC2=O)c1,6.47,0.0,1
CHEMBL235,CCCc1cc(Oc2ccc(C(C)C)cc2)ccc1OCCCOc1cccc(C2SC(=O)NC2=O)c1,6.77,0.0,1
CHEMBL235,CCCc1cc(Oc2ccc(C(F)(F)F)cc2)ccc1OCCCOc1ccc(C2SC(=O)NC2=O)cc1,5.75,0.0,1
CHEMBL235,CCCc1cc(Oc2ccc(C)cc2)ccc1OCCCOc1ccc(C2SC(=O)NC2=O)cc1,5.58,0.0,1
CHEMBL235,CCCc1cc(Oc2ccc(C3CCCC3)cc2)ccc1OCCCOc1ccc(C2SC(=O)NC2=O)cc1,6.75,0.0,1
CHEMBL235,CCCc1cc(Oc2ccc(C3CCCC3)cc2)ccc1OCCCOc1cccc(C2SC(=O)NC2=O)c1,6.48,0.0,1
CHEMBL235,CCCc1cc(Oc2ccc(CC(C)C)cc2)ccc1OCCCOc1ccc(C2SC(=O)NC2=O)cc1,6.89,0.0,1
CHEMBL235,CCCc1cc(Oc2ccc(CC(C)C)cc2)ccc1OCCCOc1cccc(C2SC(=O)NC2=O)c1,6.54,0.0,1
CHEMBL235,CCCc1cc(Oc2ccc(Cl)c(C)c2)ccc1OCCCOc1cccc(C2SC(=O)NC2=O)c1,7.25,0.0,1
CHEMBL235,CCCc1cc(Oc2ccc(Cl)c(Cl)c2)ccc1OCCCOc1cccc(C2SC(=O)NC2=O)c1,7.19,0.0,1
CHEMBL235,CCCc1cc(Oc2ccc(Cl)cc2)ccc1OCCCOc1ccc(C2SC(=O)NC2=O)cc1,5.7,0.0,1
CHEMBL235,CCCc1cc(Oc2ccc(Cl)cc2)ccc1OCCCOc1ccc2c(c1)OC(CC)(C(=O)O)CC2,5.85,0.0,1
CHEMBL235,CCCc1cc(Oc2ccc(Cl)cc2)ccc1OCCCOc1cccc(C2SC(=O)NC2=O)c1,7.14,0.0,1
CHEMBL235,CCCc1cc(Oc2ccc(F)c(C)c2)ccc1OCCCOc1cccc(C2SC(=O)NC2=O)c1,7.11,0.0,1
CHEMBL235,CCCc1cc(Oc2ccc(F)cc2)ccc1OCCCOc1ccc(C2SC(=O)NC2=O)cc1,6.09,0.0,1
CHEMBL235,CCCc1cc(Oc2ccc(F)cc2)ccc1OCCCOc1ccc2c(c1)OC(CC)(C(=O)O)CC2,5.92,0.0,1
CHEMBL235,CCCc1cc(Oc2ccc(F)cc2)ccc1OCCCOc1cccc(C2SC(=O)NC2=O)c1,7.11,0.0,1
CHEMBL235,CCCc1cc(Oc2ccc(NS(=O)(=O)c3ccc(C)cc3)cc2)ccc1OCCCOc1ccc(C2SC(=O)NC2=O)cc1,5.24,0.0,1
CHEMBL235,CCCc1cc(Oc2ccc(NS(C)(=O)=O)cc2)ccc1OCCCOc1ccc(C2SC(=O)NC2=O)cc1,5.7,0.0,1
CHEMBL235,CCCc1cc(Oc2ccc(O)cc2)ccc1OCCCOc1cccc(C2SC(=O)NC2=O)c1,7.52,0.0,1
CHEMBL235,CCCc1cc(Oc2ccc(OC)cc2)ccc1OCCCOc1ccc(C2SC(=O)NC2=O)cc1,6.34,0.0,1
CHEMBL235,CCCc1cc(Oc2ccc(OC)cc2)ccc1OCCCOc1ccc2c(c1)OC(CC)(C(=O)O)CC2,6.2,0.0,1
CHEMBL235,CCCc1cc(Oc2ccc(OC)cc2)ccc1OCCCOc1cccc(C2SC(=O)NC2=O)c1,6.52,0.0,1
CHEMBL235,CCCc1cc(Oc2ccc(S(C)(=O)=O)cc2)ccc1OCCCOc1ccc(C2SC(=O)NC2=O)cc1,6.6,0.0,1
CHEMBL235,CCCc1cc(Oc2ccc(S(C)(=O)=O)cc2)ccc1OCCCOc1ccc2c(c1)OC(CC)(C(=O)O)CC2,6.43,0.0,1
CHEMBL235,CCCc1cc(Oc2ccccc2)ccc1OCCCCOc1ccc(C2SC(=O)NC2=O)cc1,5.52,0.0,1
CHEMBL235,CCCc1cc(Oc2ccccc2)ccc1OCCCCOc1ccc2c(c1)CCC(C(=O)O)O2,5.52,0.0,1
CHEMBL235,CCCc1cc(Oc2ccccc2)ccc1OCCCCOc1ccc2c(c1)CCC(C)(C(=O)O)O2,5.64,0.0,1
CHEMBL235,CCCc1cc(Oc2ccccc2)ccc1OCCCCOc1ccc2c(c1)OC(C(=O)O)CC2,5.75,0.0,1
CHEMBL235,CCCc1cc(Oc2ccccc2)ccc1OCCCCOc1ccc2c(c1)OC(C)(C(=O)O)CC2,5.29,0.0,1
CHEMBL235,CCCc1cc(Oc2ccccc2)ccc1OCCCCOc1cccc(C2SC(=O)NC2=O)c1,6.71,0.0,1
CHEMBL235,CCCc1cc(Oc2ccccc2)ccc1OCCCOc1ccc(C2SC(=O)NC2=O)cc1,6.75,0.0,1
CHEMBL235,CCCc1cc(Oc2ccccc2)ccc1OCCCOc1ccc(C2SC(=O)NC2=O)cc1C,5.17,0.0,1
CHEMBL235,CCCc1cc(Oc2ccccc2)ccc1OCCCOc1ccc(C2SC(=O)NC2=O)cc1CCC,6.92,0.0,1
CHEMBL235,CCCc1cc(Oc2ccccc2)ccc1OCCCOc1ccc(C2SC(=O)NC2=O)cc1Cl,6.37,0.0,1
CHEMBL235,CCCc1cc(Oc2ccccc2)ccc1OCCCOc1ccc(C2SC(=O)NC2=O)cc1OC,6.0,0.0,1
CHEMBL235,CCCc1cc(Oc2ccccc2)ccc1OCCCOc1ccc2c(c1)CCC(C(=O)O)O2,5.54,0.0,1
CHEMBL235,CCCc1cc(Oc2ccccc2)ccc1OCCCOc1ccc2c(c1)CCC(C)(C(=O)O)O2,5.77,0.0,1
CHEMBL235,CCCc1cc(Oc2ccccc2)ccc1OCCCOc1ccc2c(c1)OC(C(=O)O)CC2,6.01,0.0,1
CHEMBL235,CCCc1cc(Oc2ccccc2)ccc1OCCCOc1ccc2c(c1)OC(C)(C(=O)O)CC2,6.12,0.0,1
CHEMBL235,CCCc1cc(Oc2ccccc2)ccc1OCCCOc1ccc2c(c1)OC(CC(C)C)(C(=O)O)CC2,5.92,0.0,1
CHEMBL235,CCCc1cc(Oc2ccccc2)ccc1OCCCOc1ccc2c(c1)OC(CC)(C(=O)O)CC2,6.36,0.0,1
CHEMBL235,CCCc1cc(Oc2ccccc2)ccc1OCCCOc1ccc2c(c1)OC(CCC)(C(=O)O)CC2,6.43,0.0,1
CHEMBL235,CCCc1cc(Oc2ccccc2)ccc1OCCCOc1cccc(C2SC(=O)NC2=O)c1,7.24,0.0,1
CHEMBL235,CCCc1cc(SC(F)(F)F)ccc1OCCCOc1ccc2c(c1)CC(CC)(C(=O)O)O2,5.51,0.0,1
CHEMBL235,CCCc1cc2c(=O)n(C(C)C)oc2c(CCC)c1O[C@H](C(=O)O)c1ccc(C(C)C)cc1,6.8,0.0,1
CHEMBL235,CCCc1cc2c(=O)n(C(C)C)oc2c(CCC)c1O[C@H](C(=O)O)c1ccc(CC(C)C)cc1,6.58,0.0,1
CHEMBL235,CCCc1cc2c(=O)n(C)oc2c(CCC)c1O[C@H](C(=O)O)c1ccc(C(C)C)cc1,6.68,0.0,1
CHEMBL235,CCCc1cc2c(=O)n(C)oc2c(CCC)c1O[C@H](C(=O)O)c1ccccc1,5.42,0.0,1
CHEMBL235,CCCc1cc2c(=O)n(C3CCCCC3)oc2c(CCC)c1O[C@H](C(=O)O)c1ccc(C(C)C)cc1,6.36,0.0,1
CHEMBL235,CCCc1cc2c(C(F)(F)F)noc2c(CCC)c1OC(C)(C)C(=O)O,5.8,0.0,1
CHEMBL235,CCCc1cc2c(OC)noc2c(CCC)c1OC(C)(C)C(=O)O,5.79,0.0,1
CHEMBL235,CCCc1cc2c(oc(=O)n2C(C)C)c(CCC)c1O[C@H](C(=O)O)c1ccc(C(C)C)cc1,7.29,0.0,1
CHEMBL235,CCCc1cc2c(oc(=O)n2C(C)C)c(CCC)c1O[C@H](C(=O)O)c1ccccc1,5.75,0.0,1
CHEMBL235,CCCc1cc2c(oc(=O)n2C)c(CCC)c1O[C@H](C(=O)O)c1ccc(C(C)C)cc1,7.07,0.0,1
CHEMBL235,CCCc1cc2c(oc(=O)n2CC(F)(F)F)c(CCC)c1O[C@H](C(=O)O)c1ccc(C(C)C)cc1,6.96,0.0,1
CHEMBL235,CCCc1cc2c(oc(=O)n2CC)c(CCC)c1O[C@H](C(=O)O)c1ccc(C(C)C)cc1,7.0,0.0,1
CHEMBL235,CCCc1cc2c(oc(=O)n2CC)c(CCC)c1O[C@H](C(=O)O)c1ccc(Cl)cc1,6.66,0.0,1
CHEMBL235,CCCc1cc2c(oc(=O)n2CC2CC2)c(CCC)c1O[C@H](C(=O)O)c1ccc(C(C)C)cc1,6.92,0.0,1
CHEMBL235,CCCc1cc2c(oc(=O)n2CCC)c(CCC)c1O[C@H](C(=O)O)c1ccc(C(C)C)cc1,7.06,0.0,1
CHEMBL235,CCCc1ccc(Oc2c(C)n(-c3noc4cc(Cl)ccc34)c3ccc(OC(F)(F)F)cc23)cc1O[C@@H](C)C(=O)O,7.7,0.0,1
CHEMBL235,CCCc1ccc([C@H](C)NC(=O)c2ccc3c(c2)c(C)c(C)n3Cc2ccc(-c3ccccc3C(=O)O)cc2)cc1,7.4,0.0,1
CHEMBL235,CCCc1ccccc1OCCCOc1cccc(C2OC(=O)NC2=O)c1,6.47,0.0,1
CHEMBL235,CCCn1c(CCCc2ccc(OC(C)(C)C(=O)O)cc2)nn(C(C)c2ccccc2)c1=O,5.21,0.0,1
CHEMBL235,CCCn1c(CCCc2ccc(OC(C)(C)C(=O)O)cc2)nn(CC2CCCCC2)c1=O,5.77,0.0,1
CHEMBL235,CCCn1c(CCCc2ccc(OC(C)(C)C(=O)O)cc2)nn(Cc2ccc(C)cc2)c1=O,5.31,0.0,1
CHEMBL235,CCCn1c(CCCc2ccc(OC(C)(C)C(=O)O)cc2)nn(Cc2cccc(OC)c2)c1=O,5.21,0.0,1
CHEMBL235,CCN(Cc1cccc(C(=O)N(CC)Cc2ccc(CCC(=O)O)cc2)c1)C(=O)c1ccccc1,4.25,0.0,1
CHEMBL235,CCNC(=O)c1cc(NS(=O)(=O)c2cc(C)c(Cl)cc2Cl)ccc1Oc1cncc(Cl)c1,7.6,0.0,1
CHEMBL235,CCNC(=O)c1cc(NS(=O)(=O)c2ccc(Br)cc2OC(F)(F)F)ccc1Oc1cncc(Cl)c1,7.75,0.0,1
CHEMBL235,CCNC(=O)c1cc(NS(=O)(=O)c2ccc(C(F)(F)F)cc2Cl)ccc1Oc1cncc(Cl)c1,7.3,0.0,1
CHEMBL235,CCNC(=O)c1cc(NS(=O)(=O)c2ccc(Cl)c(Cl)c2)ccc1Oc1cncc(Cl)c1,7.46,0.0,1
CHEMBL235,CCNC(=O)c1cc(NS(=O)(=O)c2ccc(Cl)cc2)ccc1Oc1cncc(Cl)c1,6.8,0.0,1
CHEMBL235,CCNC(=O)c1cc(NS(=O)(=O)c2ccc(Cl)cc2Cl)ccc1Oc1cncc(Cl)c1,7.82,0.0,1
CHEMBL235,CCNC(=O)c1cc(NS(=O)(=O)c2ccc(I)cc2)ccc1Oc1cncc(Cl)c1,7.6,0.0,1
CHEMBL235,CCNC(=O)c1cc(NS(=O)(=O)c2ccc(OC)cc2)ccc1Oc1cncc(Cl)c1,6.4,0.0,1
CHEMBL235,CCNC(=O)c1cc(NS(=O)(=O)c2ccc([N+](=O)[O-])cc2)ccc1Oc1cncc(Cl)c1,7.31,0.0,1
CHEMBL235,CCOC(=O)C[C@H](C)NC(=O)c1csc(C2CCN(C(=O)c3c(F)cccc3Cl)CC2)n1,4.36,0.0,1
CHEMBL235,CCOC(=O)N1C[C@@H](CCc2ccc(OCCc3nc(-c4ccccc4)oc3C)cc2)[C@@H](C(=O)O)C1,6.16,0.0,1
CHEMBL235,CCOC(=O)N1C[C@@H](CCc2cccc(OCCc3nc(-c4ccccc4)oc3C)c2)[C@@H](C(=O)O)C1,6.31,0.0,1
CHEMBL235,CCOC(=O)N1C[C@@H](Cc2ccc(OCCc3nc(-c4ccccc4)oc3C)cc2)[C@@H](C(=O)O)C1,5.57,0.0,1
CHEMBL235,CCOC(=O)N1C[C@@H](Cc2cccc(OCCc3nc(-c4ccccc4)oc3C)c2)[C@@H](C(=O)O)C1,5.77,0.07071067811865482,2
CHEMBL235,CCOC(=O)N1C[C@@H](Cc2cccc(OCCc3nc(-c4ccccc4)oc3C)c2)[C@@H](CC(=O)O)C1,5.55,0.0,1
CHEMBL235,CCOC(=O)N1C[C@H](CC(=O)O)[C@@H](Cc2cccc(OCCc3nc(-c4ccccc4)oc3C)c2)C1,5.09,0.0,1
CHEMBL235,CCOC(=O)N1C[C@H](CC(=O)O)[C@@H](c2cccc(OCCc3nc(-c4ccccc4)oc3C)c2)C1,5.26,0.0,1
CHEMBL235,CCOC(=O)N1C[C@H](CC(=O)O)[C@H](c2cccc(OCCc3nc(-c4ccccc4)oc3C)c2)C1,6.04,0.0,1
CHEMBL235,CCOC(=O)N1C[C@H](CCc2ccc(OCCc3nc(-c4ccccc4)oc3C)cc2)[C@@H](C(=O)O)C1,5.8,0.0,1
CHEMBL235,CCOC(=O)N1C[C@H](Cc2cccc(OCCc3nc(-c4ccccc4)oc3C)c2)[C@@H](C(=O)O)C1,5.09,0.0,1
CHEMBL235,CCOC(=O)N1C[C@H](Cc2cccc(OCCc3nc(-c4ccccc4)oc3C)c2)[C@H](C(=O)O)C1,5.37,0.0,1
CHEMBL235,CCOC(=O)c1cc(NS(=O)(=O)c2ccc(Cl)cc2)ccc1Oc1cncc(Cl)c1,7.1,0.0,1
CHEMBL235,CCOC(=O)c1ccc(OS(=O)(=O)/C=C/c2ccccc2)cc1,6.13,0.0,1
CHEMBL235,CCOC(Cc1ccc2c(c1)c(C)cn2Cc1nc(-c2ccc(C(F)(F)F)cc2)oc1C)C(=O)O,6.65,0.0,1
CHEMBL235,CCOC(Cc1ccc2c(c1)cc(C)n2Cc1nc(-c2ccc(C(F)(F)F)cc2)oc1C)C(=O)O,5.1,0.0,1
CHEMBL235,CCOC(Cc1ccc2c(ccn2Cc2nc(-c3cc(C)cc(C)c3)oc2C)c1)C(=O)O,7.42,0.0,1
CHEMBL235,CCOC(Cc1ccc2c(ccn2Cc2nc(-c3cc(Cl)cc(Cl)c3)oc2C)c1)C(=O)O,7.15,0.0,1
CHEMBL235,CCOC(Cc1ccc2c(ccn2Cc2nc(-c3cc(OC)cc(OC)c3)oc2C)c1)C(=O)O,7.6,0.0,1
CHEMBL235,CCOC(Cc1ccc2c(ccn2Cc2nc(-c3ccc(C(C)(C)C)cc3)oc2C)c1)C(=O)O,7.82,0.0,1
CHEMBL235,CCOC(Cc1ccc2c(ccn2Cc2nc(-c3ccc(C(C)C)cc3)oc2C)c1)C(=O)O,7.89,0.0,1
CHEMBL235,CCOC(Cc1ccc2c(ccn2Cc2nc(-c3ccc(C(F)(F)F)cc3)oc2C)c1)C(=O)O,6.49,0.0,1
CHEMBL235,CCOC(Cc1ccc2c(ccn2Cc2nc(-c3ccc(CC)cc3)oc2C)c1)C(=O)O,7.57,0.0,1
CHEMBL235,CCOC(Cc1ccc2c(ccn2Cc2nc(-c3ccc(F)c(C)c3)oc2C)c1)C(=O)O,6.87,0.0,1
CHEMBL235,CCOC(Cc1ccc2c(ccn2Cc2nc(-c3ccc(F)cc3)oc2C)c1)C(=O)O,6.42,0.0,1
CHEMBL235,CCOC(Cc1ccc2c(ccn2Cc2nc(-c3cccc(Cl)c3)oc2C)c1)C(=O)O,7.62,0.0,1
CHEMBL235,CCOC(Cc1ccc2c(ccn2Cc2nc(-c3ccccc3)oc2C)c1)C(=O)O,6.75,0.0,1
CHEMBL235,CCOC(Cc1ccc2c(ccn2Cc2nc(-c3ccccc3C)oc2C)c1)C(=O)O,6.5,0.0,1
CHEMBL235,CCOC(Cc1ccc2c(ccn2Cc2nc(-c3ccccc3Cl)oc2C)c1)C(=O)O,6.6,0.0,1
CHEMBL235,CCOC(Cc1ccc2c(ccn2Cc2nc(-c3ccccc3F)oc2C)c1)C(=O)O,6.71,0.0,1
CHEMBL235,CCOC(Cc1ccc2c(ccn2Cc2nc(-c3ccccc3OC(C)C)oc2C)c1)C(=O)O,5.27,0.0,1
CHEMBL235,CCOC(Cc1ccc2c(ccn2Cc2nc(-c3ccccc3OC)oc2C)c1)C(=O)O,6.13,0.0,1
CHEMBL235,CCOC(Cc1cccc2c1ccn2CCCc1nc(-c2ccccc2)oc1C)C(=O)O,6.56,0.0,1
CHEMBL235,CCOC(Cc1cccc2c1ccn2Cc1nc(-c2ccccc2)oc1C)C(=O)O,5.82,0.0,1
CHEMBL235,CCO[C@@H](Cc1ccc(OCCCOc2ccc(Oc3ccccc3)cc2)cc1)C(=O)O,7.36,0.0,1
CHEMBL235,CCO[C@@H](Cc1ccc(OCCN2c3ccccc3Oc3ccccc32)cc1)C(=O)O,7.04,0.0,1
CHEMBL235,CCO[C@@H](Cc1ccc(OCCc2ccc(OS(C)(=O)=O)cc2)cc1)C(=O)O,6.46,0.0,1
CHEMBL235,CCOc1ccc(-c2ccc(CCCc3nn(-c4ccc(C(F)(F)F)cc4)c(=O)n3-c3ccccc3F)cc2)cc1CC(=O)O,4.67,0.0,1
CHEMBL235,CCOc1ccc([C@H](C)NC(=O)c2ccc3c(c2)c(C)c(C)n3Cc2ccc(-c3ccccc3C(=O)O)cc2)cc1,8.3,0.0,1
CHEMBL235,CCOc1ccc2c(c1)c(Oc1cccc(C(F)(F)F)c1)c(C(=O)O)n2-c1ccc(C(C)(C)C)cc1,7.75,0.0,1
CHEMBL235,CCOc1cccc(Oc2c(C(=O)O)n(-c3ccc(C(C)(C)C)cc3)c3ccccc23)c1,7.31,0.0,1
CHEMBL235,CCOc1cccc([C@H](C)NC(=O)c2ccc3c(c2)c(C)c(C)n3Cc2ccc(-c3ccccc3)cc2)c1,7.68,0.0,1
CHEMBL235,CC[C@@H](Cc1ccc(OC)c(C(=O)NCc2ccc(C(F)(F)F)cc2)c1)C(=O)O,4.36,0.0,1
CHEMBL235,CC[C@@H](NC(=O)c1ccc2c(c1)c(C)c(C)n2Cc1ccc(-c2ccccc2C(=O)O)cc1)c1ccccc1,9.945,0.07778174593051983,2
CHEMBL235,CC[C@@H](NC(=O)c1ccc2c(c1)c(C)c(C)n2Cc1ccccc1-c1ccc(C(=O)O)cc1)c1ccccc1,7.1,0.0,1
CHEMBL235,CC[C@@H](NC(=O)c1ccc2c(c1)c(C)c(C)n2Cc1ccccc1-c1cccc(C(=O)O)c1)c1ccccc1,7.7,0.0,1
CHEMBL235,CC[C@@H](NC(=O)c1ccc2c(ccn2Cc2ccccc2-c2ccc(C(=O)O)cc2)c1)c1ccccc1,8.3,0.0,1
CHEMBL235,CC[C@@H](NC(=O)c1ccc2c(ccn2Cc2ccccc2-c2cccc(C(=O)O)c2)c1)c1ccccc1,8.4,0.0,1
CHEMBL235,CC[C@@H](Oc1cccc(Cn2c(=O)n(-c3noc4cc(OC)ccc34)c3ccc(C(F)(F)F)cc32)c1)C(=O)O,5.44,0.0,1
CHEMBL235,CC[C@@H](Oc1cccc(Cn2c(C)c(C(=O)c3ccc(Cl)cc3)c3ccc(OC(F)(F)F)cc32)c1)C(=O)O,8.05,0.0,1
CHEMBL235,CC[C@@](C)(Cc1ccc(OCCCOc2ccc(C3CCC(C)(C)CC3)cc2Cl)cc1)C(=O)O,5.44,0.0,1
CHEMBL235,CC[C@@](C)(Cc1ccc(OCCCOc2ccc(C3CCCCC3)cc2Cl)cc1)C(=O)O,5.73,0.0,1
CHEMBL235,CC[C@@](C)(Cc1ccc(OCCCOc2ccccc2Cl)cc1)C(=O)O,6.07,0.0,1
CHEMBL235,CC[C@@](C)(Oc1cccc(Cn2c(C)c(C(=O)c3ccc(Cl)cc3)c3ccc(OC(F)(F)F)cc32)c1)C(=O)O,8.175,0.1767766952966369,2
CHEMBL235,CC[C@@]1(C(=O)O)CCc2ccc(OCCCOc3ccc(Oc4ccc(F)cc4)cc3Cl)cc2O1,5.36,0.0,1
CHEMBL235,CC[C@H](NC(=O)c1ccc2c(c1)c(C)c(C)n2Cc1ccc(-c2ccccc2C(=O)O)cc1)c1cccc(C(C)C)c1,8.05,0.0,1
CHEMBL235,CC[C@H](NC(=O)c1ccc2c(c1)c(C)c(C)n2Cc1ccc(-c2ccccc2C(=O)O)cc1)c1ccccc1,8.52,0.0,1
CHEMBL235,CC[C@H](NC(=O)c1ccc2c(c1)c(C)c(C)n2Cc1ccccc1-c1cccc(C(=O)O)c1)c1ccccc1,7.1,0.0,1
CHEMBL235,CC[C@H](NC(=O)c1ccc2c(ccn2Cc2ccccc2-c2ccc(C(=O)O)cc2)c1)c1ccccc1,7.0,0.0,1
CHEMBL235,CC[C@H](NC(=O)c1ccc2c(ccn2Cc2ccccc2-c2cccc(C(=O)O)c2)c1)c1ccccc1,7.1,0.0,1
CHEMBL235,CC[C@H](Oc1cccc(Cn2c(C)c(C(=O)c3ccc(Cl)cc3)c3ccc(OC(F)(F)F)cc32)c1)C(=O)O,8.4,0.0,1
CHEMBL235,CC[C@]1(C(=O)O)CCc2ccc(OCCCOc3ccc(C(C)(C)C)cc3Cl)cc2O1,5.55,0.0,1
CHEMBL235,CC[C@]1(C(=O)O)CCc2ccc(OCCCOc3ccc(C(C)C)cc3Cl)cc2O1,5.54,0.0,1
CHEMBL235,CC[C@]1(C(=O)O)CCc2ccc(OCCCOc3ccc(C(F)(F)F)cc3Cl)cc2O1,5.37,0.0,1
CHEMBL235,CC[C@]1(C(=O)O)CCc2ccc(OCCCOc3ccc(C4CCC(C)(C)CC4)cc3Cl)cc2O1,5.24,0.0,1
CHEMBL235,CC[C@]1(C(=O)O)CCc2ccc(OCCCOc3ccc(C4CCC5(CC4)CC5)cc3Cl)cc2O1,5.43,0.0,1
CHEMBL235,CC[C@]1(C(=O)O)CCc2ccc(OCCCOc3ccc(C4CCCCC4)cc3Cl)cc2O1,5.85,0.0,1
CHEMBL235,CC[C@]1(C(=O)O)CCc2ccc(OCCCOc3ccc(CC(C)C)cc3Cl)cc2O1,5.75,0.0,1
CHEMBL235,CC[C@]1(C(=O)O)CCc2ccc(OCCCOc3ccc(Cl)cc3Cl)cc2O1,5.54,0.0,1
CHEMBL235,CC[C@]1(C(=O)O)CCc2ccc(OCCCOc3ccc(F)cc3Cl)cc2O1,5.37,0.0,1
CHEMBL235,CC[C@]1(C(=O)O)CCc2ccc(OCCCOc3ccc(OC(F)(F)F)cc3Cl)cc2O1,5.58,0.0,1
CHEMBL235,CC[C@]1(C(=O)O)CCc2ccc(OCCCOc3ccc(OCC(F)(F)F)cc3Cl)cc2O1,6.0,0.0,1
CHEMBL235,CC[C@]1(C(=O)O)CCc2ccc(OCCCOc3ccc(Oc4ccc(F)cc4)cc3Cl)cc2O1,6.58,0.0,1
CHEMBL235,CCc1cc(C(F)(F)F)ccc1C(=O)NCc1cccc(Oc2ccc(OC(C)(C)C(=O)O)c(C)c2)c1,8.0,0.0,1
CHEMBL235,CCc1cc(OCC[C@@H](C)Oc2ccc(C(F)(F)F)cc2-c2ccccn2)ccc1CCC(=O)O,7.8,0.0,1
CHEMBL235,CCc1cc(OCC[C@@H](C)Oc2ccc(Cl)cc2Oc2ccccc2)ccc1CCC(=O)O,7.72,0.0,1
CHEMBL235,CCc1cc(Oc2cc(F)cc([C@@H](C)NC(=O)c3c(C)c4cc(Cl)ccc4n3C)c2)ccc1CCC(=O)O,7.41,0.0,1
CHEMBL235,CCc1cc(Oc2cc(F)cc([C@@H](C)NC(=O)c3sc4ccc(Cl)cc4c3C)c2)ccc1CCC(=O)O,7.3,0.0,1
CHEMBL235,CCc1ccc(C(=O)COc2ccc(CC3SC(=O)NC3=O)cc2)cc1,5.07,0.0,1
CHEMBL235,CCc1ccc(C(=O)COc2ccc(CC3SC(=O)NC3=O)cc2)nc1,4.65,0.0,1
CHEMBL235,CCc1ccc(CCOc2ccc(CC3SC(=O)NC3=O)cc2)nc1,5.715,0.48508762095110197,6
CHEMBL235,CCc1ccc(OC(C)CCOc2ccc(CCC(=O)O)c(C)c2)c(C(=O)c2ccccc2)c1,7.92,0.0,1
CHEMBL235,CCc1ccc(OC(C)CCOc2ccc(CCC(=O)O)c(C)c2)c(Cc2ccccc2)c1,7.23,0.0,1
CHEMBL235,CCc1ccc(OC(C)CCOc2ccc(OC(C)(C)C(=O)O)cc2)c(C(=O)c2ccccc2)c1,8.22,0.0,1
CHEMBL235,CCc1ccc(OC(CC)CCOc2ccc(CCC(=O)O)c(C)c2)c(C(=O)c2ccccc2)c1,7.75,0.0,1
CHEMBL235,CCc1ccc(OCCCOc2ccc(OC(C)(C)C(=O)O)cc2)c(C(=O)c2ccccc2)c1,7.42,0.0,1
CHEMBL235,CCc1ccc(O[C@@H](C)CCOc2ccc(CCC(=O)O)c(C)c2)c(C(=O)c2ccccc2)c1,5.95,0.0,1
CHEMBL235,CCc1ccc(O[C@H](C)CCOc2ccc(CCC(=O)O)c(C)c2)c(-c2ccccc2)c1,6.67,0.0,1
CHEMBL235,CCc1ccc(O[C@H](C)CCOc2ccc(CCC(=O)O)c(C)c2)c(-c2ccccn2)c1,7.34,0.0,1
CHEMBL235,CCc1ccc(O[C@H](C)CCOc2ccc(CCC(=O)O)c(C)c2)c(-c2cccnc2)c1,7.22,0.0,1
CHEMBL235,CCc1ccc(O[C@H](C)CCOc2ccc(CCC(=O)O)c(C)c2)c(-c2ccco2)c1,6.03,0.0,1
CHEMBL235,CCc1ccc(O[C@H](C)CCOc2ccc(CCC(=O)O)c(C)c2)c(-c2cccs2)c1,5.96,0.0,1
CHEMBL235,CCc1ccc(O[C@H](C)CCOc2ccc(CCC(=O)O)c(C)c2)c(-c2ccncc2)c1,6.28,0.0,1
CHEMBL235,CCc1ccc(O[C@H](C)CCOc2ccc(CCC(=O)O)c(C)c2)c(-c2ccsc2)c1,6.25,0.0,1
CHEMBL235,CCc1ccc(O[C@H](C)CCOc2ccc(CCC(=O)O)c(C)c2)c(-c2cocn2)c1,6.01,0.0,1
CHEMBL235,CCc1ccc(O[C@H](C)CCOc2ccc(CCC(=O)O)c(C)c2)c(-c2cscn2)c1,6.46,0.0,1
CHEMBL235,CCc1ccc(O[C@H](C)CCOc2ccc(CCC(=O)O)c(C)c2)c(-c2ncco2)c1,6.32,0.0,1
CHEMBL235,CCc1ccc(O[C@H](C)CCOc2ccc(CCC(=O)O)c(C)c2)c(-c2nccs2)c1,5.82,0.0,1
CHEMBL235,CCc1ccc(O[C@H](C)CCOc2ccc(CCC(=O)O)c(C)c2)c(C(=O)c2ccccc2)c1,8.3,0.0,1
CHEMBL235,CCc1ccc(O[C@H](C)CCOc2ccc(CCC(=O)O)c(C)c2)c(Oc2ccccc2)c1,8.22,0.0,1
CHEMBL235,CCc1ccc(O[C@H](C)CCOc2ccc(CCC(=O)O)c(CC)c2)c(-c2ccccn2)c1,7.46,0.0,1
CHEMBL235,CCc1ccc([C@@H](O)COc2ccc(CC3SC(=O)NC3=O)cc2)nc1,4.3,0.0,1
CHEMBL235,CCc1ccc([C@H](C)NC(=O)c2ccc3c(c2)c(C)c(C)n3Cc2ccc(-c3ccccc3C(=O)O)cc2)cc1,7.37,0.0,1
CHEMBL235,CCc1ccc([C@H](O)COc2ccc(CC3SC(=O)NC3=O)cc2)nc1,5.51,0.0,1
CHEMBL235,CCc1ccccc1[C@H](C)NC(=O)c1ccc2c(c1)c(C)c(C)n2Cc1ccc(-c2ccccc2C(=O)O)cc1,8.22,0.0,1
CHEMBL235,CCc1nc2ccccc2c(=O)n1CC(=O)Nc1ccc(S(=O)(=O)NC(=O)NC2CCCCC2)cc1,6.23,0.0,1
CHEMBL235,CCn1c(C(=O)NS(=O)(=O)c2cccc(C(F)(F)F)c2)cc2ccccc21,5.61,0.0,1
CHEMBL235,CCn1c(CCCc2ccc(-c3ccc(NS(=O)(=O)c4ccccc4)cn3)cc2)nn(Cc2ccc(C(C)(C)C)cc2)c1=O,4.82,0.0,1
CHEMBL235,CCn1c(SCC(=O)Nc2ccc(C(=O)O)cc2)nnc1-c1cc2cccc(OC)c2o1,4.4,0.0,1
CHEMBL235,CN(C/C=C/c1ccc(C[C@@H](C(=O)O)n2cccc2)cc1)c1ccccc1,5.7,0.0,1
CHEMBL235,CN(C/C=C/c1ccc(C[C@@H](C(=O)O)n2cccc2)cc1)c1ccccn1,4.92,0.0,1
CHEMBL235,CN(CC#Cc1ccc(CC(C(=O)O)n2cccc2)cc1)c1ccccn1,4.28,0.0,1
CHEMBL235,CN(CC#Cc1ccc(C[C@@H](C(=O)O)n2cccc2)cc1)c1ccccc1,4.92,0.0,1
CHEMBL235,CN(CCCc1ccc(C[C@@H](C(=O)O)n2cccc2)cc1)c1ccccc1,4.96,0.0,1
CHEMBL235,CN(CCCc1ccc(C[C@@H](C(=O)O)n2cccc2)cc1)c1ccccn1,4.55,0.0,1
CHEMBL235,CN(CCOc1ccc(CC2SC(=O)NC2=O)cc1)c1ccccn1,6.907272727272727,0.5563844321722494,22
CHEMBL235,CN(CCOc1ccc(C[C@@H]2SC(=O)NC2=O)cc1)c1ccccn1,7.369999999999999,0.2121320343559638,2
CHEMBL235,CN(CCOc1ccc(C[C@H]2SC(=O)NC2=O)cc1)c1ccccn1,6.5,1.1313708498984758,2
CHEMBL235,CN1CCN(c2ccc(NC(=O)c3cc(C#N)ccc3Cl)cn2)CC1,4.59,0.0,1
CHEMBL235,CNC(=O)c1ccccc1-c1ccc(Cn2c(C)c(C)c3cc(C(=O)N[C@@H](C)c4cccc(C(C)C)c4)ccc32)cc1,7.12,0.0,1
CHEMBL235,COC(=O)c1ccc(CNC(=O)c2ccc3c(c2)c(C)c(C)n3Cc2ccc(-c3ccccc3C(=O)O)cc2)cc1,8.7,0.0,1
CHEMBL235,COC(=O)c1ccc(NC(=O)C[C@H]2C(=O)N(c3cccc(OC)c3)C(=O)N2Cc2ccc(OC)cc2)cc1,4.89,0.0,1
CHEMBL235,COC(=O)c1ccccc1S(=O)(=O)NC(=O)c1c(-c2ccc(OC)cc2)c2ccccc2n1Cc1cccc(C(F)(F)F)c1,9.0,0.0,1
CHEMBL235,COC(Cc1ccc2c(ccn2Cc2nc(-c3ccccc3)oc2C)c1)C(=O)O,6.5,0.0,1
CHEMBL235,COC1Oc2cc(O)c3c(c2C(=O)N1C(=O)NCc1cccc2ccccc12)OC1=CC(O)=C(C(C)=O)C(=O)[C@]13C,6.21,0.0,1
CHEMBL235,COC1Oc2cc(O)c3c(c2C(=O)N1C(=O)NCc1ccco1)OC1=CC(O)=C(C(C)=O)C(=O)[C@]13C,4.89,0.0,1
CHEMBL235,COCCN(c1cccc(-c2ccc(Cl)cc2)c1C)S(=O)(=O)c1ccc(OC(C)C(=O)O)c(C)c1C,4.9,0.0,1
CHEMBL235,COCCNC(=O)c1ccc2c(c1)c(C)c(C)n2Cc1ccc(-c2ccccc2C(=O)O)cc1,7.77,0.0,1
CHEMBL235,CO[C@@H](Cc1ccc(C#CCCCOc2ccc(Oc3ccccc3)cc2)cc1)C(=O)O,8.15,0.0,1
CHEMBL235,CO[C@@H](Cc1ccc(C#CCCOc2ccc(Oc3ccccc3)cc2)cc1)C(=O)O,7.89,0.0,1
CHEMBL235,CO[C@@H](Cc1ccc(OCCCOc2ccc(-c3ccccc3)cc2)cc1)C(=O)O,7.68,0.0,1
CHEMBL235,CO[C@@H](Cc1ccc(OCCCOc2ccc(C(=O)c3ccccc3)cc2)c(Cl)c1)C(=O)O,8.3,0.0,1
CHEMBL235,CO[C@@H](Cc1ccc(OCCCOc2ccc(C(=O)c3ccccc3)cc2)cc1)C(=O)O,8.3,0.0,1
CHEMBL235,CO[C@@H](Cc1ccc(OCCCOc2ccc(Oc3ccccc3)cc2)cc1)C(=O)O,7.47,0.0,1
CHEMBL235,COc1c(F)cccc1[C@H](C)NC(=O)c1ccc2c(c1)c(C)c(C)n2Cc1ccc(-c2ccccc2)cc1,7.68,0.0,1
CHEMBL235,COc1cc(-c2oc3cc(O)cc(O)c3c(=O)c2O)ccc1O,5.46,0.0,1
CHEMBL235,COc1cc(C(F)(F)F)ccc1C(=O)NCc1cccc(Oc2ccc(OC(C)(C)C(=O)O)c(C)c2)c1,8.15,0.0,1
CHEMBL235,COc1cc(C(F)(F)F)ccc1[C@@H](C)NC(=O)c1ccc2c(c1)c(C)c(C)n2Cc1ccc(-c2ccccc2C(=O)O)cc1,8.7,0.0,1
CHEMBL235,COc1cc(C(F)(F)F)ccc1[C@H](C)NC(=O)c1ccc2c(c1)c(C)c(C)n2Cc1ccc(-c2ccccc2C(=O)O)cc1,7.14,0.0,1
CHEMBL235,COc1cc(C2NC(=O)NC(C)=C2C(=O)O)ccc1OCCOc1cc(C)nc2ccccc12,6.03,0.0,1
CHEMBL235,COc1cc(C2NC(=O)NC(C)=C2C(=O)O)ccc1OCCOc1cccc2ccc(C)nc12,6.1,0.0,1
CHEMBL235,COc1cc(C2NC(=O)NC(C)=C2C(=O)O)ccc1OCCn1c2ccccc2c2ccccc21,6.09,0.0,1
CHEMBL235,COc1cc(C2NC(=O)NC(C)=C2C(=O)O)ccc1OCCn1ccc2cccnc21,6.14,0.0,1
CHEMBL235,COc1cc(CNC(=O)c2ccc3c(c2)c(C)c(C)n3Cc2ccc(-c3ccccc3C(=O)O)cc2)cc(OC)c1,8.0,0.0,1
CHEMBL235,COc1cc(CNC(=O)c2ccc3c(c2)c(C)c(C)n3Cc2ccc(-c3ccccc3C(=O)O)cc2)ccc1O,7.77,0.0,1
CHEMBL235,COc1cc(CNC(=O)c2ccc3c(c2)c(C)c(C)n3Cc2cccc(C(F)(F)F)c2)ccc1O,8.0,0.0,1
CHEMBL235,COc1cc(C[C@H](OC)C(=O)O)ccc1OCCCOc1ccc(Oc2ccccc2)cc1,7.89,0.0,1
CHEMBL235,COc1cc(F)cc([C@H](C)NC(=O)c2ccc3c(c2)c(C)c(C)n3Cc2ccc(-c3ccccc3)cc2)c1,7.92,0.0,1
CHEMBL235,COc1cc(NS(=O)(=O)c2ccc(Cl)cc2Cl)ccc1Oc1cncc(Cl)c1,7.72,0.0,1
CHEMBL235,COc1cc(OC)cc([C@H](C)NC(=O)c2ccc3c(c2)c(C)c(C)n3Cc2ccc(-c3ccccc3)cc2)c1,7.7,0.0,1
CHEMBL235,COc1cc(OCC(=O)O)c(C)cc1SCc1ccc(OCc2ccc(C(F)(F)F)cc2)cc1,4.63,0.0,1
CHEMBL235,COc1cc2c(cc1CC=C(C)C)C(=O)C[C@@H](c1ccc(O)cc1)O2,6.21,0.0,1
CHEMBL235,COc1cc2c(cc1CC=C(C)C)C(=O)C[C@H](c1ccc(O)cc1)O2,6.33,0.0,1
CHEMBL235,COc1cc2c(cc1OC)C(=O)/C(=C/c1ccccc1OCCc1cccs1)C2,6.21,0.0,1
CHEMBL235,COc1cc2oc(-c3ccc(O)cc3)cc(=O)c2cc1CC=C(C)C,6.31,0.0,1
CHEMBL235,COc1ccc(-c2c(C(=O)NS(=O)(=O)c3ccc(F)cc3)n(Cc3cccc(C(F)(F)F)c3)c3ccccc23)cc1,8.15,0.0,1
CHEMBL235,COc1ccc(-c2c(C(=O)NS(=O)(=O)c3cccc(C(F)(F)F)c3)n(Cc3cccc(C(F)(F)F)c3)c3ccccc23)cc1,7.22,0.0,1
CHEMBL235,COc1ccc(-c2c(C(=O)NS(=O)(=O)c3ccccc3)n(Cc3cccc(C(F)(F)F)c3)c3ccccc23)cc1,8.52,0.0,1
CHEMBL235,COc1ccc(-c2c(C(=O)NS(=O)(=O)c3ccccc3C)n(Cc3cccc(C(F)(F)F)c3)c3ccccc23)cc1,8.15,0.0,1
CHEMBL235,COc1ccc(-c2c(C(=O)NS(C)(=O)=O)n(Cc3cccc(C(F)(F)F)c3)c3ccccc23)cc1,8.7,0.0,1
CHEMBL235,COc1ccc(-c2nc(CCOc3cccc(C[C@@H]4C(=O)N(c5ccc(C(C)(C)C)cc5)[C@@H]4C(=O)O)c3)c(C)o2)cc1,6.66,0.0,1
CHEMBL235,COc1ccc(-n2c(C(=O)O)c(Oc3cccc(C(F)(F)F)c3)c3ccccc32)cc1,6.94,0.0,1
CHEMBL235,COc1ccc(-n2c(C)c(Cc3cccc(O[C@@H](C)C(=O)O)c3)c3cc(OC(F)(F)F)ccc32)cc1,9.0,0.0,1
CHEMBL235,COc1ccc(-n2c(SCC(=O)Nc3ccc(S(=O)(=O)NC(=O)NC4CCCCC4)cc3)nc3ccccc3c2=O)cc1,6.46,0.0,1
CHEMBL235,COc1ccc(/C=C/c2cc(O)c(C/C=C(\C)CCC=C(C)C)c(O)c2)cc1,6.2,0.0,1
CHEMBL235,COc1ccc(C(=O)NCc2cccc(Oc3ccc(OC(C)(C)C(=O)O)c(C)c3)c2)c(C)c1,8.1,0.0,1
CHEMBL235,COc1ccc(C(=O)n2c(C)c(Cc3cccc(OC(C)(C)C(=O)O)c3)c3cc(OC(F)(F)F)ccc32)cc1,8.52,0.0,1
CHEMBL235,COc1ccc(C(=O)n2c(C)c(Cc3cccc(OC(C)C(=O)O)c3)c3cc(OC(F)(F)F)ccc32)cc1,9.0,0.0,1
CHEMBL235,COc1ccc(C(=O)n2c(C)c(Cc3cccc(OCC#N)c3)c3cc(OC(F)(F)F)ccc32)cc1,7.38,0.0,1
CHEMBL235,COc1ccc(C(=O)n2c(C)c(Cc3cccc(O[C@@H](C)C(=O)O)c3)c3cc(OC(F)(F)F)ccc32)cc1,8.85,0.21213203435596475,2
CHEMBL235,COc1ccc(C(=O)n2c(C)c(Cc3cccc(O[C@H](C)C(=O)O)c3)c3cc(OC(F)(F)F)ccc32)cc1,8.52,0.0,1
CHEMBL235,COc1ccc(C(=O)n2c(C)c(Cc3ccccc3OC(C)(C)C(=O)O)c3cc(OC(F)(F)F)ccc32)cc1,9.0,0.0,1
CHEMBL235,COc1ccc(C(=O)n2c(C)c(Cc3ccccc3OC(C)C(=O)O)c3cc(OC(F)(F)F)ccc32)cc1,9.0,0.0,1
CHEMBL235,COc1ccc(C(=O)n2c(C)c(Cc3ccccc3O[C@@H](C)C(=O)O)c3cc(OC(F)(F)F)ccc32)cc1,8.7,0.0,1
CHEMBL235,COc1ccc(C(=O)n2c(C)c(Cc3ccccc3O[C@H](C)C(=O)O)c3cc(OC(F)(F)F)ccc32)cc1,7.64,0.0,1
CHEMBL235,COc1ccc(C(C)C(=O)c2ccc(O)cc2O)cc1,4.58,0.0,1
CHEMBL235,COc1ccc(CC2SC(=O)NC2=O)cc1C(=O)NCc1ccc(C(F)(F)F)cc1,6.33,0.0,1
CHEMBL235,COc1ccc(CCc2c(-c3ccccc3)[nH]c3ccc(CC(=O)O)cc23)cc1,7.3,0.0,1
CHEMBL235,COc1ccc(CNC(=O)c2ccc3c(c2)c(C)c(C)n3Cc2ccc(-c3ccccc3C(=O)O)cc2)c(OC)c1,7.8,0.0,1
CHEMBL235,COc1ccc(CNC(=O)c2ccc3c(c2)c(C)c(C)n3Cc2ccc(-c3ccccc3C(=O)O)cc2)cc1,8.15,0.0,1
CHEMBL235,COc1ccc(CNC(=O)c2ccc3c(c2)c(C)c(C)n3Cc2ccc(-c3ccccc3C(=O)O)cc2)cc1F,7.89,0.0,1
CHEMBL235,COc1ccc(CNC(=O)c2ccc3c(c2)c(C)c(C)n3Cc2ccc(-c3ccccc3C(=O)O)cc2)cc1OC,6.9,0.0,1
CHEMBL235,COc1ccc(CNC(=O)c2ccc3c(ccn3Cc3ccc(F)cc3F)c2)c(OC)c1,6.5,0.0,1
CHEMBL235,COc1ccc(CNC(=O)c2ccc3c(ccn3Cc3ccc(F)cc3F)c2)cc1OC,6.52,0.0,1
CHEMBL235,COc1ccc(COCCN(CCOCc2ccc(OC)cc2)c2ccc(C=C3C(=O)NC(=O)NC3=O)cc2)cc1,4.23,0.0,1
CHEMBL235,COc1ccc(COCCN(CCOc2ccccn2)c2ccc(C=C3C(=O)NC(=O)NC3=O)cc2)cc1,4.08,0.0,1
CHEMBL235,COc1ccc(COc2ccc(CSc3ccc(OCC(=O)O)c4c3CCC4)cc2)cc1,4.86,0.0,1
CHEMBL235,COc1ccc(Cn2c(C)c(C)c3cc(C(=O)N[C@@H](C)c4ccc(C(C)(C)C)cc4)ccc32)cc1O[C@@H](C)C(=O)O,7.21,0.0,1
CHEMBL235,COc1ccc(Cn2c(C)c(C)c3cc(C(=O)N[C@@H](C)c4cccc(C(C)C)c4)ccc32)cc1O[C@@H](C)C(=O)O,7.11,0.0,1
CHEMBL235,COc1ccc(Cn2c(C)c(C)c3cc(C(=O)N[C@@H](C)c4cccc(C5CC5)c4)ccc32)cc1O[C@@H](C)C(=O)O,7.16,0.0,1
CHEMBL235,COc1ccc(F)cc1[C@@H](C)NC(=O)c1ccc2c(c1)c(C)c(C)n2Cc1ccc(-c2ccccc2C(=O)O)cc1,8.3,0.0,1
CHEMBL235,COc1ccc(F)cc1[C@H](C)NC(=O)c1ccc2c(c1)c(C)c(C)n2Cc1ccc(-c2ccccc2C(=O)O)cc1,7.58,0.0,1
CHEMBL235,COc1ccc(N2C(=O)C(Cc3cccc(OCCc4nc(-c5ccccc5)oc4C)c3)C2C(=O)O)cc1,6.8,0.0,1
CHEMBL235,COc1ccc(N2C(=O)C(Cc3cccc(OCCc4nc(-c5ccccc5)oc4C)c3)C2C(=O)O)cn1,6.64,0.0,1
CHEMBL235,COc1ccc(N2C(=O)[C@@H](Cc3ccc(OCCc4nc(-c5ccccc5)oc4C)cc3)[C@H]2C(=O)O)cc1,7.4,0.0,1
CHEMBL235,COc1ccc(N2C(=O)[C@@H](Cc3cccc(OCCc4nc(-c5ccccc5)oc4C)c3)[C@H]2C(=O)O)cc1,7.0,0.0,1
CHEMBL235,COc1ccc(N2C(=O)[C@H](Cc3ccc(OCCc4nc(-c5ccccc5)oc4C)cc3)[C@@H]2C(=O)O)cc1,5.47,0.0,1
CHEMBL235,COc1ccc(N2C(=O)[C@H](Cc3cccc(OCCc4nc(-c5ccccc5)oc4C)c3)[C@@H]2C(=O)O)cc1,5.96,0.0,1
CHEMBL235,COc1ccc(NC(=O)COc2cc(O)c3c(=O)cc(-c4ccccc4)oc3c2)cc1OC,5.08,0.0,1
CHEMBL235,COc1ccc(NC(=S)NS(=O)(=O)c2ccc(CCNS(=O)(=O)c3ccc(Cl)cc3)cc2)cc1,4.48,0.0,1
CHEMBL235,COc1ccc(OC(=O)N(CC(=O)O)Cc2ccc(OCCc3nc(-c4ccc(O)cc4)oc3C)cc2)cc1,5.69,0.0,1
CHEMBL235,COc1ccc(OC(=O)N(CC(=O)O)Cc2ccc(OCCc3nc(-c4ccccc4)oc3C)cc2)cc1,6.7125,0.14863265679744342,4
CHEMBL235,COc1ccc(OC)c(CNC(=O)c2ccc3c(c2)c(C)c(C)n3Cc2cccc(C(F)(F)F)c2)c1,7.32,0.0,1
CHEMBL235,COc1ccc(OS(=O)(=O)/C=C/c2ccccc2)cc1,5.89,0.0,1
CHEMBL235,COc1ccc(Oc2cc(N(C)CCOc3ccc(CC4SC(=O)NC4=O)cc3)ncn2)cc1,7.75,0.0,2
CHEMBL235,COc1ccc([C@@H](C)NC(=O)c2ccc3c(c2)c(C)c(C)n3Cc2ccc(-c3ccccc3C(=O)O)cc2)cc1,9.285,0.02121320343559723,2
CHEMBL235,COc1ccc([C@H](C)NC(=O)c2ccc3c(c2)c(C)c(C)n3Cc2ccc(-c3ccccc3C(=O)O)cc2)cc1,9.05,0.0,1
CHEMBL235,COc1ccc([C@H](C)NC(=O)c2ccc3c(c2)c(C)c(C)n3Cc2ccc(-c3ccccc3C(=O)O)cc2)cc1Cl,7.77,0.0,1
CHEMBL235,COc1ccc2c(-n3c(=O)n(-c4cccc([C@@]5(C)OC(=O)NC5=O)c4)c4cc(C(F)(F)F)ccc43)noc2c1,5.16,0.0,1
CHEMBL235,COc1ccc2c(-n3c(=O)n(Cc4cc(O[C@H](C)C(=O)O)ccc4Cl)c4cc(C(F)(F)F)ccc43)noc2c1,8.04,0.0,1
CHEMBL235,COc1ccc2c(-n3c(=O)n(Cc4cc(O[C@H](C)C(=O)O)ccc4Cl)c4ccccc43)noc2c1,7.86,0.0,1
CHEMBL235,COc1ccc2c(-n3c(=O)n(Cc4cc([C@@]5(C)OC(=O)NC5=O)ccc4Cl)c4cc(C(F)(F)F)ccc43)noc2c1,8.11,0.0,1
CHEMBL235,COc1ccc2c(-n3c(=O)n(Cc4cc([C@@]5(C)OC(=O)NC5=O)ccc4Cl)c4ccccc43)noc2c1,8.0,0.0,1
CHEMBL235,COc1ccc2c(-n3c(=O)n(Cc4ccc(Cl)c(O[C@@H](C)C(=O)O)c4)c4cc(C(F)(F)F)ccc43)noc2c1,7.18,0.0,1
CHEMBL235,COc1ccc2c(-n3c(=O)n(Cc4ccc(Cl)c(O[C@H](C)C(=O)O)c4)c4cc(C(F)(F)F)ccc43)noc2c1,8.39,0.0,1
CHEMBL235,COc1ccc2c(-n3c(=O)n(Cc4ccc(Cl)c(O[C@H](C)C(=O)O)c4)c4cc(OC(F)(F)F)ccc43)noc2c1,8.49,0.0,1
CHEMBL235,COc1ccc2c(-n3c(=O)n(Cc4ccc(Cl)c(O[C@H](C)C(=O)O)c4)c4ccc(C(F)(F)F)cc43)noc2c1,8.64,0.0,1
CHEMBL235,COc1ccc2c(-n3c(=O)n(Cc4ccc(Cl)c(O[C@H](C)C(=O)O)c4)c4ccc(OC(F)(F)F)cc43)noc2c1,8.39,0.0,1
CHEMBL235,COc1ccc2c(-n3c(=O)n(Cc4ccc(Cl)c(O[C@H](C)C(=O)O)c4)c4ccccc43)noc2c1,8.16,0.0,1
CHEMBL235,COc1ccc2c(-n3c(=O)n(Cc4ccc([C@@]5(C)OC(=O)NC5=O)cc4)c4cc(C(F)(F)F)ccc43)noc2c1,5.66,0.0,1
CHEMBL235,COc1ccc2c(-n3c(=O)n(Cc4cccc(O[C@H](C)C(=O)O)c4)c4cc(C(F)(F)F)ccc43)noc2c1,6.03,0.0,1
CHEMBL235,COc1ccc2c(-n3c(=O)n(Cc4cccc([C@@]5(C)OC(=O)NC5=O)c4)c4cc(C(F)(F)F)ccc43)noc2c1,7.03,0.0,1
CHEMBL235,COc1ccc2c(-n3c(=O)n(Cc4cccc([C@@]5(C)OC(=O)NC5=O)c4)c4ccccc43)noc2c1,7.08,0.0,1
CHEMBL235,COc1ccc2c(-n3c(=O)n(Cc4ccccc4[C@@]4(C)OC(=O)NC4=O)c4cc(C(F)(F)F)ccc43)noc2c1,5.18,0.0,1
CHEMBL235,COc1ccc2c(-n3c(C)c(Cc4cc(O[C@H](C)C(=O)O)ccc4Cl)c4cc(OC(F)(F)F)ccc43)noc2c1,8.7,0.0,1
CHEMBL235,COc1ccc2c(Oc3cccc(C(F)(F)F)c3)c(C(=O)O)n(-c3ccc(C(C)(C)C)cc3)c2n1,7.0,0.0,1
CHEMBL235,COc1ccc2c(c1)CCN(S(=O)(=O)c1cccc(C(=O)Nc3ccc(Cl)cc3C(=O)O)c1)C2,5.2,0.0,1
CHEMBL235,COc1ccc2c(c1)c(Cc1ccc(C(=O)O)cc1)c(C)n2C(=O)c1ccc(Cl)cc1,5.33,0.0,1
CHEMBL235,COc1ccc2c(c1)c(Cc1ccc(OC(C)(C)C(=O)O)cc1)c(C)n2C(=O)c1ccc(Cl)cc1,6.04,0.0,1
CHEMBL235,COc1ccc2c(c1)c(Cc1ccc(OC(C)C(=O)O)cc1)c(C)n2C(=O)c1ccc(Cl)cc1,5.67,0.0,1
CHEMBL235,COc1ccc2c(c1)c(Cc1ccc(OCC(=O)O)cc1)c(C)n2C(=O)c1ccc(Cl)cc1,7.08,0.0,1
CHEMBL235,COc1ccc2c(c1)c(Cc1cccc(C(=O)O)c1)c(C)n2C(=O)c1ccc(Cl)cc1,6.68,0.0,1
CHEMBL235,COc1ccc2c(c1)c(Cc1cccc(OC(C)(C)C(=O)O)c1)c(C)n2C(=O)c1ccc(Cl)cc1,7.35,0.0,1
CHEMBL235,COc1ccc2c(c1)c(Cc1cccc(OC(C)C(=O)O)c1)c(C)n2C(=O)c1ccc(Cl)cc1,7.31,0.0,1
CHEMBL235,COc1ccc2c(c1)c(Cc1ccccc1C(=O)O)c(C)n2C(=O)c1ccc(Cl)cc1,5.2,0.0,1
CHEMBL235,COc1ccc2c(c1)c(Cc1ccccc1OC(C)(C)C(=O)O)c(C)n2C(=O)c1ccc(Cl)cc1,7.1,0.0,1
CHEMBL235,COc1ccc2c(c1)c(Cc1ccccc1OC(C)C(=O)O)c(C)n2C(=O)c1ccc(Cl)cc1,7.08,0.0,1
CHEMBL235,COc1ccc2c(c1)c(Cc1ccccc1OCC(=O)O)c(C)n2C(=O)c1ccc(Cl)cc1,6.48,0.0,1
CHEMBL235,COc1ccc2c(c1)c(Oc1cccc(C(F)(F)F)c1)c(C(=O)O)n2-c1ccc(C(C)(C)C)cc1,7.41,0.0,1
CHEMBL235,COc1ccc2c(c[n+](C)c3c4cc5c(cc4ccc23)OCO5)c1OC,6.25,0.0,1
CHEMBL235,COc1ccc2c(ccn2S(=O)(=O)c2cccc(C(=O)Nc3ccc(C)cc3C(=O)O)c2)c1,5.0,0.0,1
CHEMBL235,COc1ccc2c(ccn2S(=O)(=O)c2cccc(C(=O)Nc3ccc(C)cc3C(=O)O)c2)c1C,5.5,0.0,1
CHEMBL235,COc1ccc2c(ccn2S(=O)(=O)c2cccc(C(=O)Nc3ccc(Cl)cc3C(=O)O)c2)c1,5.4,0.0,1
CHEMBL235,COc1ccc2c(ccn2S(=O)(=O)c2cccc(C(=O)Nc3ccc(Cl)cc3C(=O)O)c2)c1C,5.5,0.0,1
CHEMBL235,COc1ccc2ccn(S(=O)(=O)c3cccc(C(=O)Nc4ccc(C)cc4C(=O)O)c3)c2c1,5.1,0.0,1
CHEMBL235,COc1ccc2ccn(S(=O)(=O)c3cccc(C(=O)Nc4ccc(Cl)cc4C(=O)O)c3)c2c1,5.6,0.0,1
CHEMBL235,COc1ccc2nc(-n3c(C)c(Cc4cccc(O[C@@H](C)C(=O)O)c4)c4cc(OC(F)(F)F)ccc43)ccc2c1,6.87,0.0,1
CHEMBL235,COc1ccc2ncc(-n3c(C)c(Cc4cccc(O[C@@H](C)C(=O)O)c4)c4cc(OC(F)(F)F)ccc43)cc2c1,7.54,0.0,1
CHEMBL235,COc1cccc(-c2nc(CCOc3cccc(C[C@@H]4C(=O)N(c5ccc(C(C)(C)C)cc5)[C@@H]4C(=O)O)c3)c(C)o2)c1,6.96,0.0,1
CHEMBL235,COc1cccc(C(=O)COc2ccc(CC3SC(=O)NC3=O)cc2)c1,4.74,0.0,1
CHEMBL235,COc1cccc(C(F)(F)F)c1C(=O)c1nc(-c2ccc(C(=O)O)cc2F)c2n1CCCC2,5.04,0.0,1
CHEMBL235,COc1cccc(CC(=O)N2Cc3ccc(S(=O)(=O)Nc4cnn(C5CCC5)n4)cc3C2)c1,5.4,0.0,1
CHEMBL235,COc1cccc(CNC(=O)c2ccc3c(c2)c(C)c(C)n3Cc2ccc(-c3ccccc3C(=O)O)cc2)c1,8.4,0.0,1
CHEMBL235,COc1cccc(Cl)c1C(=O)c1nc(-c2ccc(C(=O)O)cc2F)c2n1CCCC2,5.26,0.0,1
CHEMBL235,COc1cccc(Cn2c(C(=O)NS(=O)(=O)c3cccc(C(F)(F)F)c3)cc3ccccc32)c1,6.85,0.0,1
CHEMBL235,COc1cccc(Oc2c(C(=O)O)n(-c3ccc(C(C)(C)C)cc3)c3nc(Cl)ccc23)c1,6.98,0.0,1
CHEMBL235,COc1cccc([C@@H](C)NC(=O)c2ccc3c(c2)c(C)c(C)n3Cc2ccc(-c3ccccc3)cc2)c1,8.7,0.0,1
CHEMBL235,COc1cccc([C@@H](O)COc2ccc(CC3SC(=O)NC3=O)cc2)c1,4.11,0.0,1
CHEMBL235,COc1cccc([C@H](C)NC(=O)c2ccc3c(c2)c(C)c(C)n3Cc2ccc(-c3ccccc3C(=O)O)cc2)c1,7.89,0.0,1
CHEMBL235,COc1cccc([C@H](O)COc2ccc(CC3SC(=O)NC3=O)cc2)c1,5.63,0.0,1
CHEMBL235,COc1cccc2c1CCN(S(=O)(=O)c1cccc(C(=O)Nc3ccc(Cl)cc3C(=O)O)c1)C2,5.3,0.0,1
CHEMBL235,COc1cccc2c1c1ccccc1n2CCOc1ccc(C2NC(=O)NC(C)=C2C(=O)O)cc1,6.1,0.0,1
CHEMBL235,COc1cccc2c1ccn2S(=O)(=O)c1cccc(C(=O)Nc2ccc(C)cc2C(=O)O)c1,5.8,0.0,1
CHEMBL235,COc1cccc2c1ccn2S(=O)(=O)c1cccc(C(=O)Nc2ccc(Cl)cc2C(=O)O)c1,5.7,0.0,1
CHEMBL235,COc1cccc2ccn(S(=O)(=O)c3cccc(C(=O)Nc4ccc(C)cc4C(=O)O)c3)c12,5.3,0.0,1
CHEMBL235,COc1ccccc1[C@H](C)NC(=O)c1ccc2c(c1)c(C)c(C)n2Cc1ccc(-c2ccccc2)cc1,7.8,0.0,1
CHEMBL235,COc1nc2ccc([C@@](O)(c3ccccc3)C3CCN(C(C)=O)CC3)cc2c(Cl)c1Cc1ccc(-n2cccn2)cc1,5.27,0.0,1
CHEMBL235,CS(=O)(=O)Cc1ccc(CNC(=O)c2ccc3c(ccn3S(=O)(=O)c3cccc(F)c3)c2)c(C(F)(F)F)c1,6.08,0.0,1
CHEMBL235,CS(=O)(=O)NC(=O)c1cc2ccccc2n1Cc1cccc(C(F)(F)F)c1,6.17,0.0,1
CHEMBL235,CS(=O)(=O)Nc1ccc(CNC(=O)c2ccc3c(ccn3Cc3cccc(F)c3)c2)c(C(F)(F)F)c1,5.79,0.0,1
CHEMBL235,CS(=O)(=O)c1cc(NS(=O)(=O)c2ccc(Cl)cc2Cl)ccc1Oc1cncc(Cl)c1,5.84,0.0,1
CHEMBL235,C[C@@H](NC(=O)c1ccc2c(ccn2Cc2ccc(F)cc2F)c1)c1ccc(Br)cc1,8.05,0.0,1
CHEMBL235,C[C@@H](NC(=O)c1ccc2c(ccn2Cc2ccc(F)cc2F)c1)c1ccc([N+](=O)[O-])cc1,7.51,0.0,1
CHEMBL235,C[C@@H](Oc1cc(Cn2c(=O)n(-c3ccc(C(C)(C)C)cc3)c3ccc(C(F)(F)F)cc32)ccc1Cl)C(=O)O,6.79,0.0,1
CHEMBL235,C[C@@H](Oc1cc(Cn2c(=O)n(-c3nc4ccc(Cl)cc4s3)c3ccc(C(F)(F)F)cc32)ccc1Cl)C(=O)O,5.86,0.0,1
CHEMBL235,C[C@@H](Oc1cc(Cn2c(=O)n(-c3noc4cc(Cl)ccc34)c3ccc(C(F)(F)F)cc32)ccc1Cl)C(=O)O,7.17,0.0,1
CHEMBL235,C[C@@H](Oc1cc(Cn2c(=O)n(-c3noc4ccc(Cl)cc34)c3ccc(C(F)(F)F)cc32)ccc1Cl)C(=O)O,7.45,0.0,1
CHEMBL235,C[C@@H](Oc1cc(Cn2c(=O)n(C(=O)c3ccc(Cl)cc3)c3ccc(C(F)(F)F)cc32)ccc1Cl)C(=O)O,6.59,0.0,1
CHEMBL235,C[C@@H](Oc1cc(Cn2c(=O)n(Cc3ccc(Cl)cc3)c3ccc(C(F)(F)F)cc32)ccc1Cl)C(=O)O,5.32,0.0,1
CHEMBL235,C[C@@H]1CN(c2cc(-c3n[nH]c4ccc(OC5(C)CC5)cc34)ncn2)C[C@H](C)O1,5.19,0.0,1
CHEMBL235,C[C@@]1(C(=O)O)CCc2ccc(OCCCOc3ccc(OCC(F)(F)F)cc3Cl)cc2O1,5.57,0.0,1
CHEMBL235,C[C@@]1(C(=O)O)CCc2ccc(OCCCOc3ccc(Oc4ccccc4)cc3Cl)cc2O1,5.85,0.0,1
CHEMBL235,C[C@H](CCOc1ccc(CCC(=O)O)c(C(F)(F)F)c1)Oc1ccc(Cl)cc1Oc1ccccc1,7.21,0.0,1
CHEMBL235,C[C@H](CCOc1ccc(CCC(=O)O)c(F)c1)Oc1ccc(Cl)cc1Oc1ccccc1,7.2,0.0,1
CHEMBL235,C[C@H](NC(=O)c1ccc2c(ccn2Cc2ccc(-c3ccc(O)cc3)cc2)c1)c1ccc([N+](=O)[O-])cc1,6.52,0.0,1
CHEMBL235,C[C@H](NC(=O)c1ccc2c(ccn2Cc2ccc(-c3ccccc3C(=O)O)cc2)c1)c1ccc(Br)cc1,6.79,0.0,1
CHEMBL235,C[C@H](NC(=O)c1ccc2c(ccn2Cc2ccc(-c3ccccc3C(=O)O)cc2)c1)c1ccc([N+](=O)[O-])cc1,6.19,0.0,1
CHEMBL235,C[C@H](NC(=O)c1ccc2c(ccn2Cc2ccc(F)cc2F)c1)c1ccc(Br)cc1,6.81,0.0,1
CHEMBL235,C[C@H](NC(=O)c1ccc2c(ccn2Cc2ccc(F)cc2F)c1)c1ccc(F)cc1,7.85,0.0,1
CHEMBL235,C[C@H](NC(=O)c1ccc2c(ccn2Cc2ccc(F)cc2F)c1)c1ccc([N+](=O)[O-])cc1,6.54,0.0,1
CHEMBL235,C[C@]1(C(=O)O)CCc2ccc(OCCCOc3ccc(C4CCC5(CC4)CC5)cc3Cl)cc2O1,5.35,0.0,1
CHEMBL235,C[C@]1(C(=O)O)CCc2ccc(OCCCOc3ccc(C4CCCC4)cc3Cl)cc2O1,5.42,0.0,1
CHEMBL235,C[C@]1(C(=O)O)CCc2ccc(OCCCOc3ccc(C4CCCCC4)cc3Cl)cc2O1,5.24,0.0,1
CHEMBL235,C[C@]1(C(=O)O)CCc2ccc(OCCCOc3ccc(OCC(F)(F)F)cc3Cl)cc2O1,5.22,0.0,1
CHEMBL235,C[C@]1(C(=O)O)CCc2ccc(OCCCOc3ccc(OCC4CCC4)cc3Cl)cc2O1,5.7,0.0,1
CHEMBL235,C[C@]1(C(=O)O)CCc2ccc(OCCCOc3ccc(Oc4ccc(F)cc4)cc3Cl)cc2O1,6.05,0.0,1
CHEMBL235,C[C@]1(C(=O)O)CCc2ccc(OCCCOc3ccc(Oc4ccccc4)cc3Cl)cc2O1,6.6,0.0,1
CHEMBL235,C[C@]1(c2cccc(Cn3c(=O)n(-c4noc5cc(Cl)ccc45)c4ccccc43)c2)OC(=O)NC1=O,7.31,0.0,1
CHEMBL235,Cc1c(-c2ccc(Cl)cc2)cccc1N(CC1CC1)S(=O)(=O)c1ccc(OC(C)C(=O)O)c(C)c1C,5.1,0.0,1
CHEMBL235,Cc1c(-c2ccc(Cl)cc2)cccc1N(CC1CCC1)S(=O)(=O)c1ccc(OC(C)C(=O)O)c(C)c1C,5.2,0.0,1
CHEMBL235,Cc1c(-c2ccc(Cl)cc2)cccc1N(CCCC(F)(F)F)S(=O)(=O)c1ccc(OC(C)C(=O)O)c(C)c1C,5.3,0.0,1
CHEMBL235,Cc1c(C(=O)c2ccc(Cl)cc2)c2ccc(OC(F)(F)F)cc2n1Cc1cccc(OC2(C(=O)O)CCC2)c1,7.8,0.0,1
CHEMBL235,Cc1c(C(=O)c2ccc(Cl)cc2)c2ccc(OC(F)(F)F)cc2n1Cc1cccc(OCC(=O)O)c1,8.7,0.0,1
CHEMBL235,Cc1c(C(=O)c2ccc(Cl)cc2)c2ccc(OC(F)(F)F)cc2n1Cc1cccc(O[C@@H](C(=O)O)C(C)C)c1,8.0,0.0,1
CHEMBL235,Cc1c(C(=O)c2ccc(Cl)cc2)c2ccc(OC(F)(F)F)cc2n1Cc1cccc(O[C@@H](C)C(=O)O)c1,9.0,0.0,1
CHEMBL235,Cc1c(C(=O)c2ccc(Cl)cc2)c2ccc(OC(F)(F)F)cc2n1Cc1cccc(O[C@H](C(=O)O)C(C)C)c1,7.77,0.0,1
CHEMBL235,Cc1c(C(=O)c2ccc(Cl)cc2)c2ccc(OC(F)(F)F)cc2n1Cc1cccc(O[C@H](C)C(=O)O)c1,7.96,0.0,1
CHEMBL235,Cc1c(C)c2c(c(C)c1O)CCC(C)(COc1ccc(CC3SC(=O)NC3=O)cc1)O2,6.178,0.4202023322162787,5
CHEMBL235,Cc1c(C)n(C(C)c2cccc(O[C@@H](C)C(=O)O)c2)c2ccc(C(=O)N[C@@H](C)c3ccc(C(C)(C)C)cc3)cc12,6.59,0.0,1
CHEMBL235,Cc1c(C)n(C(C)c2cccc(O[C@@H](C)C(=O)O)c2)c2ccc(C(=O)N[C@@H](C)c3cccc(C4CC4)c3)cc12,7.01,0.0,1
CHEMBL235,Cc1c(C)n(Cc2cc(Cl)cc(O[C@@H](C)C(=O)O)c2)c2ccc(C(=O)N[C@@H](C)c3ccc(C(C)(C)C)cc3)cc12,7.6,0.0,1
CHEMBL235,Cc1c(C)n(Cc2cc(Cl)cc(O[C@@H](C)C(=O)O)c2)c2ccc(C(=O)N[C@@H](C)c3cccc(C4CC4)c3)cc12,7.12,0.0,1
CHEMBL235,Cc1c(C)n(Cc2cc(O[C@@H](C)C(=O)O)ccc2Cl)c2ccc(C(=O)N[C@@H](C)c3ccc(Br)cc3)cc12,9.52,0.0,1
CHEMBL235,Cc1c(C)n(Cc2cc(O[C@@H](C)C(=O)O)ccc2Cl)c2ccc(C(=O)N[C@@H](C)c3ccc(C(C)(C)C)cc3)cc12,8.26,2.0364675298172563,2
CHEMBL235,Cc1c(C)n(Cc2cc(O[C@@H](C)C(=O)O)ccc2Cl)c2ccc(C(=O)N[C@@H](C)c3cccc(C(C)(C)C)c3)cc12,8.8,0.0,1
CHEMBL235,Cc1c(C)n(Cc2cc(O[C@@H](C)C(=O)O)ccc2Cl)c2ccc(C(=O)N[C@@H](C)c3cccc(C(C)C)c3)cc12,10.22,0.0,1
CHEMBL235,Cc1c(C)n(Cc2cc(O[C@@H](C)C(=O)O)ccc2Cl)c2ccc(C(=O)N[C@@H](C)c3cccc(C4CC4)c3)cc12,9.22,0.0,1
CHEMBL235,Cc1c(C)n(Cc2cc(O[C@@H](C)C(=O)O)ccc2Cl)c2ccc(C(=O)N[C@@H](C)c3cccc(OC(C)C)c3)cc12,8.3,0.0,1
CHEMBL235,Cc1c(C)n(Cc2cc(O[C@@H](C)C(=O)O)ccc2F)c2ccc(C(=O)N[C@@H](C)c3ccc(C(C)(C)C)cc3)cc12,8.0,0.0,1
CHEMBL235,Cc1c(C)n(Cc2ccc(-c3ccccc3)cc2)c2ccc(C(=O)NC(C)(C)c3ccc(Br)cc3)cc12,9.0,0.0,1
CHEMBL235,Cc1c(C)n(Cc2ccc(-c3ccccc3)cc2)c2ccc(C(=O)NCc3ccc(Cl)cc3C(F)(F)F)cc12,8.7,0.0,1
CHEMBL235,Cc1c(C)n(Cc2ccc(-c3ccccc3)cc2)c2ccc(C(=O)NCc3ccc(F)cc3F)cc12,7.72,0.0,1
CHEMBL235,Cc1c(C)n(Cc2ccc(-c3ccccc3)cc2)c2ccc(C(=O)NCc3cccc(C(C)C)c3)cc12,8.3,0.0,1
CHEMBL235,Cc1c(C)n(Cc2ccc(-c3ccccc3)cc2)c2ccc(C(=O)N[C@@H](C)[C@@H]3CCCN3C(=O)OCc3ccccc3)cc12,6.93,0.0,1
CHEMBL235,Cc1c(C)n(Cc2ccc(-c3ccccc3)cc2)c2ccc(C(=O)N[C@@H](C)[C@@H]3CCN(C(=O)OCc4ccccc4)C3)cc12,7.24,0.0,1
CHEMBL235,Cc1c(C)n(Cc2ccc(-c3ccccc3)cc2)c2ccc(C(=O)N[C@@H](C)[C@H]3CCCN3C(=O)OCc3ccccc3)cc12,7.7,0.0,1
CHEMBL235,Cc1c(C)n(Cc2ccc(-c3ccccc3)cc2)c2ccc(C(=O)N[C@@H](C)c3c(Cl)cccc3Cl)cc12,7.29,0.0,1
CHEMBL235,Cc1c(C)n(Cc2ccc(-c3ccccc3)cc2)c2ccc(C(=O)N[C@@H](C)c3c(F)ccc(F)c3F)cc12,7.77,0.0,1
CHEMBL235,Cc1c(C)n(Cc2ccc(-c3ccccc3)cc2)c2ccc(C(=O)N[C@@H](C)c3cc(C(F)(F)F)ccc3C(F)(F)F)cc12,8.05,0.0,1
CHEMBL235,Cc1c(C)n(Cc2ccc(-c3ccccc3)cc2)c2ccc(C(=O)N[C@@H](C)c3cc(F)ccc3C(F)(F)F)cc12,7.24,0.0,1
CHEMBL235,Cc1c(C)n(Cc2ccc(-c3ccccc3)cc2)c2ccc(C(=O)N[C@@H](C)c3ccc(C(C)(C)C)cc3)cc12,8.3,0.0,1
CHEMBL235,Cc1c(C)n(Cc2ccc(-c3ccccc3)cc2)c2ccc(C(=O)N[C@@H](C)c3ccc(C(C)C)cc3)cc12,8.1,0.0,1
CHEMBL235,Cc1c(C)n(Cc2ccc(-c3ccccc3)cc2)c2ccc(C(=O)N[C@@H](C)c3ccc(C(F)(F)F)c(F)c3)cc12,7.28,0.0,1
CHEMBL235,Cc1c(C)n(Cc2ccc(-c3ccccc3)cc2)c2ccc(C(=O)N[C@@H](C)c3ccc(C(F)(F)F)cc3)cc12,7.21,0.0,1
CHEMBL235,Cc1c(C)n(Cc2ccc(-c3ccccc3)cc2)c2ccc(C(=O)N[C@@H](C)c3ccc(F)c(F)c3)cc12,8.05,0.0,1
CHEMBL235,Cc1c(C)n(Cc2ccc(-c3ccccc3)cc2)c2ccc(C(=O)N[C@@H](C)c3ccc(F)cc3C(F)(F)F)cc12,7.44,0.0,1
CHEMBL235,Cc1c(C)n(Cc2ccc(-c3ccccc3)cc2)c2ccc(C(=O)N[C@@H](C)c3ccc(F)cc3F)cc12,8.3,0.0,1
CHEMBL235,Cc1c(C)n(Cc2ccc(-c3ccccc3)cc2)c2ccc(C(=O)N[C@@H](C)c3ccc(OC(F)(F)F)cc3)cc12,7.55,0.0,1
CHEMBL235,Cc1c(C)n(Cc2ccc(-c3ccccc3)cc2)c2ccc(C(=O)N[C@@H](C)c3cccc(C(C)(C)C)c3)cc12,7.19,0.0,1
CHEMBL235,Cc1c(C)n(Cc2ccc(-c3ccccc3)cc2)c2ccc(C(=O)N[C@@H](C)c3cccc(C(C)C)c3)cc12,7.52,0.0,1
CHEMBL235,Cc1c(C)n(Cc2ccc(-c3ccccc3)cc2)c2ccc(C(=O)N[C@@H](C)c3cccc(C(F)(F)F)c3)cc12,7.41,0.0,1
CHEMBL235,Cc1c(C)n(Cc2ccc(-c3ccccc3)cc2)c2ccc(C(=O)N[C@@H](C)c3cccc(C(F)(F)F)c3Cl)cc12,6.99,0.0,1
CHEMBL235,Cc1c(C)n(Cc2ccc(-c3ccccc3)cc2)c2ccc(C(=O)N[C@@H](C)c3cccc(Cl)c3)cc12,8.52,0.0,1
CHEMBL235,Cc1c(C)n(Cc2ccc(-c3ccccc3)cc2)c2ccc(C(=O)N[C@@H](C)c3cccc(Cl)c3F)cc12,7.75,0.0,1
CHEMBL235,Cc1c(C)n(Cc2ccc(-c3ccccc3)cc2)c2ccc(C(=O)N[C@@H](C)c3cccc(F)c3)cc12,8.1,0.0,1
CHEMBL235,Cc1c(C)n(Cc2ccc(-c3ccccc3)cc2)c2ccc(C(=O)N[C@@H](C)c3cccc(F)c3Cl)cc12,8.4,0.0,1
CHEMBL235,Cc1c(C)n(Cc2ccc(-c3ccccc3)cc2)c2ccc(C(=O)N[C@@H](C)c3cccc(F)c3F)cc12,8.05,0.0,1
CHEMBL235,Cc1c(C)n(Cc2ccc(-c3ccccc3)cc2)c2ccc(C(=O)N[C@@H](C)c3cccc4c3OCO4)cc12,8.0,0.0,1
CHEMBL235,Cc1c(C)n(Cc2ccc(-c3ccccc3)cc2)c2ccc(C(=O)N[C@@H](C)c3cccc4ccccc34)cc12,6.59,0.0,1
CHEMBL235,Cc1c(C)n(Cc2ccc(-c3ccccc3)cc2)c2ccc(C(=O)N[C@@H](C)c3ccccc3F)cc12,8.15,0.0,1
CHEMBL235,Cc1c(C)n(Cc2ccc(-c3ccccc3)cc2)c2ccc(C(=O)N[C@@H](C)c3ccccn3)cc12,8.7,0.0,1
CHEMBL235,Cc1c(C)n(Cc2ccc(-c3ccccc3)cc2)c2ccc(C(=O)N[C@@H](C)c3ccnc4ccccc34)cc12,8.22,0.0,1
CHEMBL235,Cc1c(C)n(Cc2ccc(-c3ccccc3)cc2)c2ccc(C(=O)N[C@@H](C)c3ccncc3Cl)cc12,7.39,0.0,1
CHEMBL235,Cc1c(C)n(Cc2ccc(-c3ccccc3)cc2)c2ccc(C(=O)N[C@@H](CC(C)C)c3cccc(C(C)C)c3)cc12,5.91,0.0,1
CHEMBL235,Cc1c(C)n(Cc2ccc(-c3ccccc3)cc2)c2ccc(C(=O)N[C@@H](Cc3ccccc3)c3cccc(C(C)C)c3)cc12,7.01,0.0,1
CHEMBL235,Cc1c(C)n(Cc2ccc(-c3ccccc3)cc2)c2ccc(C(=O)N[C@H](C)c3c(Cl)cccc3Cl)cc12,7.52,0.0,1
CHEMBL235,Cc1c(C)n(Cc2ccc(-c3ccccc3)cc2)c2ccc(C(=O)N[C@H](C)c3c(F)ccc(F)c3F)cc12,8.52,0.0,1
CHEMBL235,Cc1c(C)n(Cc2ccc(-c3ccccc3)cc2)c2ccc(C(=O)N[C@H](C)c3cc(C(F)(F)F)ccc3C(F)(F)F)cc12,8.4,0.0,1
CHEMBL235,Cc1c(C)n(Cc2ccc(-c3ccccc3)cc2)c2ccc(C(=O)N[C@H](C)c3cc(F)ccc3C(F)(F)F)cc12,7.77,0.0,1
CHEMBL235,Cc1c(C)n(Cc2ccc(-c3ccccc3)cc2)c2ccc(C(=O)N[C@H](C)c3cccc(C(F)(F)F)c3Cl)cc12,8.7,0.0,1
CHEMBL235,Cc1c(C)n(Cc2ccc(-c3ccccc3)cc2)c2ccc(C(=O)N[C@H](C)c3cccc(Cl)c3Cl)cc12,8.3,0.0,1
CHEMBL235,Cc1c(C)n(Cc2ccc(-c3ccccc3)cc2)c2ccc(C(=O)N[C@H](C)c3ccnc4ccccc34)cc12,6.29,0.0,1
CHEMBL235,Cc1c(C)n(Cc2ccc(-c3ccccc3)cc2)c2ccc(C(=O)N[C@H](C)c3ccncc3)cc12,7.96,0.0,1
CHEMBL235,Cc1c(C)n(Cc2ccc(-c3ccccc3)cc2)c2ccc(C(=O)N[C@H](c3cccc(C(C)C)c3)C(C)C)cc12,7.1,0.0,1
CHEMBL235,Cc1c(C)n(Cc2ccc(-c3ccccc3)cc2)c2ccc(C(=O)N[C@H](c3cccc(C(C)C)c3)C(F)(F)F)cc12,7.77,0.0,1
CHEMBL235,Cc1c(C)n(Cc2ccc(-c3ccccc3)cc2)c2ccc(C(=O)N[C@H](c3cccc(C(C)C)c3)C3CC3)cc12,8.1,0.0,1
CHEMBL235,Cc1c(C)n(Cc2ccc(-c3ccccc3-c3n[nH]c(=O)o3)cc2)c2ccc(C(=O)N[C@@H](C)c3cccc(C(C)C)c3)cc12,8.15,0.0,1
CHEMBL235,Cc1c(C)n(Cc2ccc(-c3ccccc3-c3nn[nH]n3)cc2)c2ccc(C(=O)N[C@@H](C)c3cccc(C(C)C)c3)cc12,7.66,0.0,1
CHEMBL235,Cc1c(C)n(Cc2ccc(-c3ccccc3-c3nnn[nH]3)cc2)c2ccc(C(=O)N[C@@H](C)c3cccc(C4CC4)c3)cc12,8.0,0.0,1
CHEMBL235,Cc1c(C)n(Cc2ccc(-c3ccccc3-c3noc(=O)[nH]3)cc2)c2ccc(C(=O)N[C@@H](C)c3cccc(C(C)C)c3)cc12,7.4,0.0,1
CHEMBL235,Cc1c(C)n(Cc2ccc(-c3ccccc3C#N)cc2)c2ccc(C(=O)N[C@@H](C)c3ccc(Br)cc3)cc12,7.4,0.0,1
CHEMBL235,Cc1c(C)n(Cc2ccc(-c3ccccc3C#N)cc2)c2ccc(C(=O)N[C@@H](C)c3ccc(OC(C)C)cc3)cc12,6.09,0.0,1
CHEMBL235,Cc1c(C)n(Cc2ccc(-c3ccccc3C(=O)N(C)C)cc2)c2ccc(C(=O)N[C@@H](C)c3cccc(C(C)C)c3)cc12,6.83,0.0,1
CHEMBL235,Cc1c(C)n(Cc2ccc(-c3ccccc3C(=O)NC3CC3)cc2)c2ccc(C(=O)N[C@@H](C)c3cccc(C(C)C)c3)cc12,7.03,0.0,1
CHEMBL235,Cc1c(C)n(Cc2ccc(-c3ccccc3C(=O)NCCO)cc2)c2ccc(C(=O)N[C@@H](C)c3cccc(C(C)C)c3)cc12,6.22,0.0,1
CHEMBL235,Cc1c(C)n(Cc2ccc(-c3ccccc3C(=O)NO)cc2)c2ccc(C(=O)N[C@@H](C)c3cccc(C(C)C)c3)cc12,7.11,0.0,1
CHEMBL235,Cc1c(C)n(Cc2ccc(-c3ccccc3C(=O)NS(C)(=O)=O)cc2)c2ccc(C(=O)N[C@@H](C)c3cccc(C(C)C)c3)cc12,6.54,0.0,1
CHEMBL235,Cc1c(C)n(Cc2ccc(-c3ccccc3C(=O)O)cc2)c2ccc(C(=O)N(C)Cc3ccccc3)cc12,6.69,0.0,1
CHEMBL235,Cc1c(C)n(Cc2ccc(-c3ccccc3C(=O)O)cc2)c2ccc(C(=O)NC(C)(C)c3ccccc3)cc12,9.3,0.0,1
CHEMBL235,Cc1c(C)n(Cc2ccc(-c3ccccc3C(=O)O)cc2)c2ccc(C(=O)NC(C)CCc3ccccc3)cc12,8.52,0.0,1
CHEMBL235,Cc1c(C)n(Cc2ccc(-c3ccccc3C(=O)O)cc2)c2ccc(C(=O)NC(C)c3cccc4ccccc34)cc12,8.7,0.0,1
CHEMBL235,Cc1c(C)n(Cc2ccc(-c3ccccc3C(=O)O)cc2)c2ccc(C(=O)NC(C)c3cncc(Br)c3)cc12,8.1,0.0,1
CHEMBL235,Cc1c(C)n(Cc2ccc(-c3ccccc3C(=O)O)cc2)c2ccc(C(=O)NC(C)c3cncc(C4CC4)c3)cc12,7.72,0.0,1
CHEMBL235,Cc1c(C)n(Cc2ccc(-c3ccccc3C(=O)O)cc2)c2ccc(C(=O)NC(c3ccccc3)c3ccccc3)cc12,7.58,0.0,1
CHEMBL235,Cc1c(C)n(Cc2ccc(-c3ccccc3C(=O)O)cc2)c2ccc(C(=O)NC3CCC3)cc12,7.5,0.0,1
CHEMBL235,Cc1c(C)n(Cc2ccc(-c3ccccc3C(=O)O)cc2)c2ccc(C(=O)NC3CCCC3)cc12,7.6,0.0,1
CHEMBL235,Cc1c(C)n(Cc2ccc(-c3ccccc3C(=O)O)cc2)c2ccc(C(=O)NC3CCNCC3)cc12,4.38,0.0,1
CHEMBL235,Cc1c(C)n(Cc2ccc(-c3ccccc3C(=O)O)cc2)c2ccc(C(=O)NC3COc4ccccc4C3)cc12,7.83,0.24041630560342606,2
CHEMBL235,Cc1c(C)n(Cc2ccc(-c3ccccc3C(=O)O)cc2)c2ccc(C(=O)NCC(=O)c3ccccc3)cc12,6.61,0.0,1
CHEMBL235,Cc1c(C)n(Cc2ccc(-c3ccccc3C(=O)O)cc2)c2ccc(C(=O)NCC3CCCCC3)cc12,7.11,0.0,1
CHEMBL235,Cc1c(C)n(Cc2ccc(-c3ccccc3C(=O)O)cc2)c2ccc(C(=O)NCC3CCNCC3)cc12,4.92,0.0,1
CHEMBL235,Cc1c(C)n(Cc2ccc(-c3ccccc3C(=O)O)cc2)c2ccc(C(=O)NCC3COc4ccccc4C3)cc12,7.77,0.0,1
CHEMBL235,Cc1c(C)n(Cc2ccc(-c3ccccc3C(=O)O)cc2)c2ccc(C(=O)NCC3COc4ccccc4O3)cc12,7.96,0.0,1
CHEMBL235,Cc1c(C)n(Cc2ccc(-c3ccccc3C(=O)O)cc2)c2ccc(C(=O)NCCc3ccc(O)cc3)cc12,7.32,0.0,1
CHEMBL235,Cc1c(C)n(Cc2ccc(-c3ccccc3C(=O)O)cc2)c2ccc(C(=O)NC[C@H](C)c3ccccc3)cc12,7.12,0.0,1
CHEMBL235,Cc1c(C)n(Cc2ccc(-c3ccccc3C(=O)O)cc2)c2ccc(C(=O)NCc3ccc(-c4ccccc4)cc3)cc12,6.61,0.0,1
CHEMBL235,Cc1c(C)n(Cc2ccc(-c3ccccc3C(=O)O)cc2)c2ccc(C(=O)NCc3ccc(Br)cc3)cc12,7.85,0.0,1
CHEMBL235,Cc1c(C)n(Cc2ccc(-c3ccccc3C(=O)O)cc2)c2ccc(C(=O)NCc3ccc(C(C)(C)C)cc3)cc12,6.18,0.0,1
CHEMBL235,Cc1c(C)n(Cc2ccc(-c3ccccc3C(=O)O)cc2)c2ccc(C(=O)NCc3ccc(C(C)C)cc3)cc12,7.64,0.0,1
CHEMBL235,Cc1c(C)n(Cc2ccc(-c3ccccc3C(=O)O)cc2)c2ccc(C(=O)NCc3ccc(C(F)(F)F)cc3)cc12,6.68,0.0,1
CHEMBL235,Cc1c(C)n(Cc2ccc(-c3ccccc3C(=O)O)cc2)c2ccc(C(=O)NCc3ccc(Cl)cc3)cc12,8.4,0.0,1
CHEMBL235,Cc1c(C)n(Cc2ccc(-c3ccccc3C(=O)O)cc2)c2ccc(C(=O)NCc3ccc(F)c(F)c3)cc12,7.51,0.0,1
CHEMBL235,Cc1c(C)n(Cc2ccc(-c3ccccc3C(=O)O)cc2)c2ccc(C(=O)NCc3ccc(F)cc3)cc12,8.3,0.0,1
CHEMBL235,Cc1c(C)n(Cc2ccc(-c3ccccc3C(=O)O)cc2)c2ccc(C(=O)NCc3ccc(I)cc3)cc12,8.4,0.0,1
CHEMBL235,Cc1c(C)n(Cc2ccc(-c3ccccc3C(=O)O)cc2)c2ccc(C(=O)NCc3ccc(N(C)C)cc3)cc12,7.89,0.0,1
CHEMBL235,Cc1c(C)n(Cc2ccc(-c3ccccc3C(=O)O)cc2)c2ccc(C(=O)NCc3ccc(N)cc3)cc12,8.4,0.0,1
CHEMBL235,Cc1c(C)n(Cc2ccc(-c3ccccc3C(=O)O)cc2)c2ccc(C(=O)NCc3ccc(S(C)(=O)=O)cc3)cc12,6.26,0.0,1
CHEMBL235,Cc1c(C)n(Cc2ccc(-c3ccccc3C(=O)O)cc2)c2ccc(C(=O)NCc3ccc(S(N)(=O)=O)cc3)cc12,6.515,0.007071067811865324,2
CHEMBL235,Cc1c(C)n(Cc2ccc(-c3ccccc3C(=O)O)cc2)c2ccc(C(=O)NCc3ccc([N+](=O)[O-])cc3)cc12,7.42,0.0,1
CHEMBL235,Cc1c(C)n(Cc2ccc(-c3ccccc3C(=O)O)cc2)c2ccc(C(=O)NCc3ccc4c(c3)OCO4)cc12,7.65,0.24041630560342606,2
CHEMBL235,Cc1c(C)n(Cc2ccc(-c3ccccc3C(=O)O)cc2)c2ccc(C(=O)NCc3cccc(C(C)C)c3)cc12,8.3,0.0,1
CHEMBL235,Cc1c(C)n(Cc2ccc(-c3ccccc3C(=O)O)cc2)c2ccc(C(=O)NCc3cccc(C(F)(F)F)c3)cc12,6.72,0.0,1
CHEMBL235,Cc1c(C)n(Cc2ccc(-c3ccccc3C(=O)O)cc2)c2ccc(C(=O)NCc3cccc(Cl)c3)cc12,8.7,0.0,1
CHEMBL235,Cc1c(C)n(Cc2ccc(-c3ccccc3C(=O)O)cc2)c2ccc(C(=O)NCc3cccc(N)c3)cc12,7.89,0.0,1
CHEMBL235,Cc1c(C)n(Cc2ccc(-c3ccccc3C(=O)O)cc2)c2ccc(C(=O)NCc3cccc(OC(F)(F)F)c3)cc12,6.8,0.0,1
CHEMBL235,Cc1c(C)n(Cc2ccc(-c3ccccc3C(=O)O)cc2)c2ccc(C(=O)NCc3cccc(OCC(=O)O)c3)cc12,7.18,0.0,1
CHEMBL235,Cc1c(C)n(Cc2ccc(-c3ccccc3C(=O)O)cc2)c2ccc(C(=O)NCc3cccc(S(C)(=O)=O)c3)cc12,6.64,0.0,1
CHEMBL235,Cc1c(C)n(Cc2ccc(-c3ccccc3C(=O)O)cc2)c2ccc(C(=O)NCc3cccc([N+](=O)[O-])c3)cc12,7.7,0.0,1
CHEMBL235,Cc1c(C)n(Cc2ccc(-c3ccccc3C(=O)O)cc2)c2ccc(C(=O)NCc3cccc4ccccc34)cc12,7.19,0.0,1
CHEMBL235,Cc1c(C)n(Cc2ccc(-c3ccccc3C(=O)O)cc2)c2ccc(C(=O)NCc3ccccc3)cc12,9.0,0.0,1
CHEMBL235,Cc1c(C)n(Cc2ccc(-c3ccccc3C(=O)O)cc2)c2ccc(C(=O)NCc3ccccc3Br)cc12,7.77,0.0,1
CHEMBL235,Cc1c(C)n(Cc2ccc(-c3ccccc3C(=O)O)cc2)c2ccc(C(=O)NCc3ccccc3Cl)cc12,8.22,0.0,1
CHEMBL235,Cc1c(C)n(Cc2ccc(-c3ccccc3C(=O)O)cc2)c2ccc(C(=O)NCc3ccccc3N)cc12,7.5,0.0,1
CHEMBL235,Cc1c(C)n(Cc2ccc(-c3ccccc3C(=O)O)cc2)c2ccc(C(=O)NCc3ccccc3[N+](=O)[O-])cc12,7.62,0.0,1
CHEMBL235,Cc1c(C)n(Cc2ccc(-c3ccccc3C(=O)O)cc2)c2ccc(C(=O)NCc3ccccn3)cc12,7.47,0.0,1
CHEMBL235,Cc1c(C)n(Cc2ccc(-c3ccccc3C(=O)O)cc2)c2ccc(C(=O)NCc3cccnc3)cc12,6.27,0.0,1
CHEMBL235,Cc1c(C)n(Cc2ccc(-c3ccccc3C(=O)O)cc2)c2ccc(C(=O)NCc3cccs3)cc12,9.0,0.0,1
CHEMBL235,Cc1c(C)n(Cc2ccc(-c3ccccc3C(=O)O)cc2)c2ccc(C(=O)N[C@@H](C)C3CCCCC3)cc12,8.4,0.0,1
CHEMBL235,Cc1c(C)n(Cc2ccc(-c3ccccc3C(=O)O)cc2)c2ccc(C(=O)N[C@@H](C)C3CCN(C(=O)NCc4ccccc4)CC3)cc12,6.09,0.0,1
CHEMBL235,Cc1c(C)n(Cc2ccc(-c3ccccc3C(=O)O)cc2)c2ccc(C(=O)N[C@@H](C)C3CCN(C(=O)OCc4ccccc4)CC3)cc12,7.46,0.0,1
CHEMBL235,Cc1c(C)n(Cc2ccc(-c3ccccc3C(=O)O)cc2)c2ccc(C(=O)N[C@@H](C)C3COc4ccccc4O3)cc12,7.6,0.0,1
CHEMBL235,Cc1c(C)n(Cc2ccc(-c3ccccc3C(=O)O)cc2)c2ccc(C(=O)N[C@@H](C)c3c(F)cccc3C(F)(F)F)cc12,8.05,0.0,1
CHEMBL235,Cc1c(C)n(Cc2ccc(-c3ccccc3C(=O)O)cc2)c2ccc(C(=O)N[C@@H](C)c3c(F)cncc3F)cc12,7.48,0.0,1
CHEMBL235,Cc1c(C)n(Cc2ccc(-c3ccccc3C(=O)O)cc2)c2ccc(C(=O)N[C@@H](C)c3cc(C(F)(F)F)ccc3Cl)cc12,8.52,0.0,1
CHEMBL235,Cc1c(C)n(Cc2ccc(-c3ccccc3C(=O)O)cc2)c2ccc(C(=O)N[C@@H](C)c3cc(C(F)(F)F)ccc3F)cc12,7.96,0.0,1
CHEMBL235,Cc1c(C)n(Cc2ccc(-c3ccccc3C(=O)O)cc2)c2ccc(C(=O)N[C@@H](C)c3cc(C4CC4)ccn3)cc12,8.1,0.0,1
CHEMBL235,Cc1c(C)n(Cc2ccc(-c3ccccc3C(=O)O)cc2)c2ccc(C(=O)N[C@@H](C)c3cc(Cl)cc(Cl)c3)cc12,7.82,0.0,1
CHEMBL235,Cc1c(C)n(Cc2ccc(-c3ccccc3C(=O)O)cc2)c2ccc(C(=O)N[C@@H](C)c3cc(Cl)ccn3)cc12,8.4,0.0,1
CHEMBL235,Cc1c(C)n(Cc2ccc(-c3ccccc3C(=O)O)cc2)c2ccc(C(=O)N[C@@H](C)c3cc(F)c(F)cc3F)cc12,8.1,0.0,1
CHEMBL235,Cc1c(C)n(Cc2ccc(-c3ccccc3C(=O)O)cc2)c2ccc(C(=O)N[C@@H](C)c3ccc(Br)cc3)cc12,7.55,0.0,1
CHEMBL235,Cc1c(C)n(Cc2ccc(-c3ccccc3C(=O)O)cc2)c2ccc(C(=O)N[C@@H](C)c3ccc(Br)cn3)cc12,8.7,0.0,1
CHEMBL235,Cc1c(C)n(Cc2ccc(-c3ccccc3C(=O)O)cc2)c2ccc(C(=O)N[C@@H](C)c3ccc(C(C)(C)C)cc3)cc12,8.3,0.0,1
CHEMBL235,Cc1c(C)n(Cc2ccc(-c3ccccc3C(=O)O)cc2)c2ccc(C(=O)N[C@@H](C)c3ccc(C(C)C)cc3)cc12,7.89,0.0,1
CHEMBL235,Cc1c(C)n(Cc2ccc(-c3ccccc3C(=O)O)cc2)c2ccc(C(=O)N[C@@H](C)c3ccc(C(F)(F)F)cc3C(F)(F)F)cc12,6.62,0.0,1
CHEMBL235,Cc1c(C)n(Cc2ccc(-c3ccccc3C(=O)O)cc2)c2ccc(C(=O)N[C@@H](C)c3ccc(C(F)(F)F)cc3F)cc12,7.96,0.0,1
CHEMBL235,Cc1c(C)n(Cc2ccc(-c3ccccc3C(=O)O)cc2)c2ccc(C(=O)N[C@@H](C)c3ccc(C(F)(F)F)nc3)cc12,6.64,0.0,1
CHEMBL235,Cc1c(C)n(Cc2ccc(-c3ccccc3C(=O)O)cc2)c2ccc(C(=O)N[C@@H](C)c3ccc(C4CC4)cc3)cc12,7.3,0.0,1
CHEMBL235,Cc1c(C)n(Cc2ccc(-c3ccccc3C(=O)O)cc2)c2ccc(C(=O)N[C@@H](C)c3ccc(C4CC4)cn3)cc12,8.4,0.0,1
CHEMBL235,Cc1c(C)n(Cc2ccc(-c3ccccc3C(=O)O)cc2)c2ccc(C(=O)N[C@@H](C)c3ccc(C4CC4)nc3)cc12,7.23,0.0,1
CHEMBL235,Cc1c(C)n(Cc2ccc(-c3ccccc3C(=O)O)cc2)c2ccc(C(=O)N[C@@H](C)c3ccc(Cl)c(C(F)(F)F)c3)cc12,7.82,0.0,1
CHEMBL235,Cc1c(C)n(Cc2ccc(-c3ccccc3C(=O)O)cc2)c2ccc(C(=O)N[C@@H](C)c3ccc(Cl)c(Cl)c3)cc12,8.0,0.0,1
CHEMBL235,Cc1c(C)n(Cc2ccc(-c3ccccc3C(=O)O)cc2)c2ccc(C(=O)N[C@@H](C)c3ccc(Cl)cc3)cc12,7.28,0.0,1
CHEMBL235,Cc1c(C)n(Cc2ccc(-c3ccccc3C(=O)O)cc2)c2ccc(C(=O)N[C@@H](C)c3ccc(Cl)cc3Cl)cc12,8.4,0.0,1
CHEMBL235,Cc1c(C)n(Cc2ccc(-c3ccccc3C(=O)O)cc2)c2ccc(C(=O)N[C@@H](C)c3ccc(Cl)nc3)cc12,6.84,0.0,1
CHEMBL235,Cc1c(C)n(Cc2ccc(-c3ccccc3C(=O)O)cc2)c2ccc(C(=O)N[C@@H](C)c3ccc(F)cc3)cc12,7.68,0.0,1
CHEMBL235,Cc1c(C)n(Cc2ccc(-c3ccccc3C(=O)O)cc2)c2ccc(C(=O)N[C@@H](C)c3ccc(N)cc3)cc12,6.62,0.0,1
CHEMBL235,Cc1c(C)n(Cc2ccc(-c3ccccc3C(=O)O)cc2)c2ccc(C(=O)N[C@@H](C)c3ccc(OC(C)(C)C)cc3)cc12,6.35,0.0,1
CHEMBL235,Cc1c(C)n(Cc2ccc(-c3ccccc3C(=O)O)cc2)c2ccc(C(=O)N[C@@H](C)c3ccc(OC(C)C)cc3)cc12,7.47,0.0,1
CHEMBL235,Cc1c(C)n(Cc2ccc(-c3ccccc3C(=O)O)cc2)c2ccc(C(=O)N[C@@H](C)c3ccc(S(C)(=O)=O)cc3)cc12,6.2,0.0,1
CHEMBL235,Cc1c(C)n(Cc2ccc(-c3ccccc3C(=O)O)cc2)c2ccc(C(=O)N[C@@H](C)c3ccc([N+](=O)[O-])cc3)cc12,6.716666666666666,0.4375309512861157,3
CHEMBL235,Cc1c(C)n(Cc2ccc(-c3ccccc3C(=O)O)cc2)c2ccc(C(=O)N[C@@H](C)c3ccc4c(c3)CCO4)cc12,6.65,0.0,1
CHEMBL235,Cc1c(C)n(Cc2ccc(-c3ccccc3C(=O)O)cc2)c2ccc(C(=O)N[C@@H](C)c3cccc(Br)c3)cc12,7.24,0.0,1
CHEMBL235,Cc1c(C)n(Cc2ccc(-c3ccccc3C(=O)O)cc2)c2ccc(C(=O)N[C@@H](C)c3cccc(Br)n3)cc12,7.82,0.0,1
CHEMBL235,Cc1c(C)n(Cc2ccc(-c3ccccc3C(=O)O)cc2)c2ccc(C(=O)N[C@@H](C)c3cccc(C(C)(C)C)c3)cc12,8.3,0.0,1
CHEMBL235,Cc1c(C)n(Cc2ccc(-c3ccccc3C(=O)O)cc2)c2ccc(C(=O)N[C@@H](C)c3cccc(C(C)(C)O)c3)cc12,7.77,0.0,1
CHEMBL235,Cc1c(C)n(Cc2ccc(-c3ccccc3C(=O)O)cc2)c2ccc(C(=O)N[C@@H](C)c3cccc(C(C)C)c3)cc12,7.52,0.0,1
CHEMBL235,Cc1c(C)n(Cc2ccc(-c3ccccc3C(=O)O)cc2)c2ccc(C(=O)N[C@@H](C)c3cccc(C(F)(F)F)c3)cc12,7.41,0.0,1
CHEMBL235,Cc1c(C)n(Cc2ccc(-c3ccccc3C(=O)O)cc2)c2ccc(C(=O)N[C@@H](C)c3cccc(C(F)(F)F)c3F)cc12,7.57,0.0,1
CHEMBL235,Cc1c(C)n(Cc2ccc(-c3ccccc3C(=O)O)cc2)c2ccc(C(=O)N[C@@H](C)c3cccc(C4CC4)c3)cc12,8.075,0.10606601717798175,2
CHEMBL235,Cc1c(C)n(Cc2ccc(-c3ccccc3C(=O)O)cc2)c2ccc(C(=O)N[C@@H](C)c3cccc(C4CC4)n3)cc12,7.72,0.0,1
CHEMBL235,Cc1c(C)n(Cc2ccc(-c3ccccc3C(=O)O)cc2)c2ccc(C(=O)N[C@@H](C)c3cccc(Cl)c3)cc12,8.52,0.0,1
CHEMBL235,Cc1c(C)n(Cc2ccc(-c3ccccc3C(=O)O)cc2)c2ccc(C(=O)N[C@@H](C)c3cccc(OC(C)C)c3)cc12,7.72,0.0,1
CHEMBL235,Cc1c(C)n(Cc2ccc(-c3ccccc3C(=O)O)cc2)c2ccc(C(=O)N[C@@H](C)c3ccccc3Br)cc12,9.0,0.0,1
CHEMBL235,Cc1c(C)n(Cc2ccc(-c3ccccc3C(=O)O)cc2)c2ccc(C(=O)N[C@@H](C)c3ccccc3C(F)(F)F)cc12,7.66,0.0,1
CHEMBL235,Cc1c(C)n(Cc2ccc(-c3ccccc3C(=O)O)cc2)c2ccc(C(=O)N[C@@H](C)c3ccccc3OC(C)C)cc12,5.98,0.0,1
CHEMBL235,Cc1c(C)n(Cc2ccc(-c3ccccc3C(=O)O)cc2)c2ccc(C(=O)N[C@@H](C)c3ccccc3OC(F)(F)F)cc12,7.42,0.0,1
CHEMBL235,Cc1c(C)n(Cc2ccc(-c3ccccc3C(=O)O)cc2)c2ccc(C(=O)N[C@@H](C)c3ccnc(Br)c3)cc12,7.01,0.0,1
CHEMBL235,Cc1c(C)n(Cc2ccc(-c3ccccc3C(=O)O)cc2)c2ccc(C(=O)N[C@@H](C)c3ccnc(C4CC4)c3)cc12,6.45,0.0,1
CHEMBL235,Cc1c(C)n(Cc2ccc(-c3ccccc3C(=O)O)cc2)c2ccc(C(=O)N[C@@H](CC(C)C)c3cccc(C(C)C)c3)cc12,5.91,0.0,1
CHEMBL235,Cc1c(C)n(Cc2ccc(-c3ccccc3C(=O)O)cc2)c2ccc(C(=O)N[C@@H](CO)c3ccccc3)cc12,7.43,0.0,1
CHEMBL235,Cc1c(C)n(Cc2ccc(-c3ccccc3C(=O)O)cc2)c2ccc(C(=O)N[C@@H](Cc3ccccc3)c3cccc(C(C)C)c3)cc12,7.01,0.0,1
CHEMBL235,Cc1c(C)n(Cc2ccc(-c3ccccc3C(=O)O)cc2)c2ccc(C(=O)N[C@@H](c3cccc(C(C)C)c3)C(F)(F)F)cc12,7.77,0.0,1
CHEMBL235,Cc1c(C)n(Cc2ccc(-c3ccccc3C(=O)O)cc2)c2ccc(C(=O)N[C@@H]3COc4ccccc4C3)cc12,7.06,0.0,1
CHEMBL235,Cc1c(C)n(Cc2ccc(-c3ccccc3C(=O)O)cc2)c2ccc(C(=O)N[C@@H]3C[C@H]3c3ccccc3)cc12,7.66,0.0,1
CHEMBL235,Cc1c(C)n(Cc2ccc(-c3ccccc3C(=O)O)cc2)c2ccc(C(=O)N[C@H](C)C3COc4ccccc4O3)cc12,8.52,0.0,1
CHEMBL235,Cc1c(C)n(Cc2ccc(-c3ccccc3C(=O)O)cc2)c2ccc(C(=O)N[C@H](C)c3c(F)cncc3F)cc12,6.51,0.0,1
CHEMBL235,Cc1c(C)n(Cc2ccc(-c3ccccc3C(=O)O)cc2)c2ccc(C(=O)N[C@H](C)c3ccc(Br)cc3)cc12,9.145,0.007071067811865952,2
CHEMBL235,Cc1c(C)n(Cc2ccc(-c3ccccc3C(=O)O)cc2)c2ccc(C(=O)N[C@H](C)c3ccc(C(F)(F)F)cc3C(F)(F)F)cc12,7.96,0.0,1
CHEMBL235,Cc1c(C)n(Cc2ccc(-c3ccccc3C(=O)O)cc2)c2ccc(C(=O)N[C@H](C)c3ccc(C4CC4)nc3)cc12,7.5,0.0,1
CHEMBL235,Cc1c(C)n(Cc2ccc(-c3ccccc3C(=O)O)cc2)c2ccc(C(=O)N[C@H](C)c3ccc(F)cc3)cc12,9.1,0.0,1
CHEMBL235,Cc1c(C)n(Cc2ccc(-c3ccccc3C(=O)O)cc2)c2ccc(C(=O)N[C@H](C)c3ccc(S(C)(=O)=O)cc3)cc12,7.96,0.0,1
CHEMBL235,Cc1c(C)n(Cc2ccc(-c3ccccc3C(=O)O)cc2)c2ccc(C(=O)N[C@H](C)c3ccc([N+](=O)[O-])cc3)cc12,8.7,0.0,1
CHEMBL235,Cc1c(C)n(Cc2ccc(-c3ccccc3C(=O)O)cc2)c2ccc(C(=O)N[C@H](C)c3cccc(Br)n3)cc12,8.7,0.0,1
CHEMBL235,Cc1c(C)n(Cc2ccc(-c3ccccc3C(=O)O)cc2)c2ccc(C(=O)N[C@H](C)c3ccccc3C(F)(F)F)cc12,9.0,0.0,1
CHEMBL235,Cc1c(C)n(Cc2ccc(-c3ccccc3C(=O)O)cc2)c2ccc(C(=O)N[C@H](C)c3ccnc(Br)c3)cc12,8.1,0.0,1
CHEMBL235,Cc1c(C)n(Cc2ccc(-c3ccccc3C(=O)O)cc2)c2ccc(C(=O)N[C@H](C)c3ccnc(C4CC4)c3)cc12,7.82,0.0,1
CHEMBL235,Cc1c(C)n(Cc2ccc(-c3ccccc3C(=O)O)cc2)c2ccc(C(=O)N[C@H](c3cccc(C(C)C)c3)C(C)C)cc12,7.1,0.0,1
CHEMBL235,Cc1c(C)n(Cc2ccc(-c3ccccc3C(=O)O)cc2)c2ccc(C(=O)N[C@H](c3cccc(C(C)C)c3)C3CC3)cc12,8.1,0.0,1
CHEMBL235,Cc1c(C)n(Cc2ccc(-c3ccccc3C(=O)O)cc2)c2ccc(C(=O)N[C@H]3CCN(C(=O)OCc4ccccc4)C3)cc12,6.27,0.0,1
CHEMBL235,Cc1c(C)n(Cc2ccc(-c3ccccc3C(=O)O)cc2)c2ccc(C(=O)O)cc12,5.31,0.0,1
CHEMBL235,Cc1c(C)n(Cc2ccc(-c3ccccc3C(N)=O)cc2)c2ccc(C(=O)N[C@@H](C)c3cccc(C(C)C)c3)cc12,7.21,0.0,1
CHEMBL235,Cc1c(C)n(Cc2ccc(-c3cccnc3)cc2)c2ccc(C(=O)N[C@@H](C)c3ccc([N+](=O)[O-])cc3)cc12,6.82,0.0,1
CHEMBL235,Cc1c(C)n(Cc2ccc(C3(C(=O)O)CC3)cc2)c2ccc(C(=O)N[C@@H](C)c3ccc(Br)cc3)cc12,7.51,0.0,1
CHEMBL235,Cc1c(C)n(Cc2ccc(C3(C(=O)O)CC3)cc2)c2ccc(C(=O)N[C@@H](C)c3ccc(C(C)C)cc3)cc12,6.5,0.0,1
CHEMBL235,Cc1c(C)n(Cc2ccc(C3(C(=O)O)CC3)cc2)c2ccc(C(=O)N[C@@H](C)c3cccc(C(C)C)c3)cc12,7.36,0.0,1
CHEMBL235,Cc1c(C)n(Cc2ccc(Cl)c(O[C@@H](C)C(=O)O)c2)c2ccc(C(=O)N[C@@H](C)c3ccc(Br)cc3)cc12,9.15,0.0,1
CHEMBL235,Cc1c(C)n(Cc2ccc(Cl)c(O[C@@H](C)C(=O)O)c2)c2ccc(C(=O)N[C@@H](C)c3ccc(C(C)(C)C)cc3)cc12,8.14,2.2061731573020285,2
CHEMBL235,Cc1c(C)n(Cc2ccc(Cl)c(O[C@@H](C)C(=O)O)c2)c2ccc(C(=O)N[C@@H](C)c3cccc(C(C)(C)C)c3)cc12,8.8,0.0,1
CHEMBL235,Cc1c(C)n(Cc2ccc(Cl)c(O[C@@H](C)C(=O)O)c2)c2ccc(C(=O)N[C@@H](C)c3cccc(C(C)C)c3)cc12,9.22,0.0,1
CHEMBL235,Cc1c(C)n(Cc2ccc(Cl)c(O[C@@H](C)C(=O)O)c2)c2ccc(C(=O)N[C@@H](C)c3cccc(C4CC4)c3)cc12,9.22,0.0,1
CHEMBL235,Cc1c(C)n(Cc2ccc(Cl)c(O[C@@H](C)C(=O)O)c2)c2ccc(C(=O)N[C@@H](C)c3cccc(OC(C)C)c3)cc12,8.3,0.0,1
CHEMBL235,Cc1c(C)n(Cc2ccc(F)c(O[C@@H](C)C(=O)O)c2)c2ccc(C(=O)N[C@@H](C)c3ccc(C(C)(C)C)cc3)cc12,7.8,0.0,1
CHEMBL235,Cc1c(C)n(Cc2ccc(F)c(O[C@@H](C)C(=O)O)c2)c2ccc(C(=O)N[C@@H](C)c3cccc(C4CC4)c3)cc12,7.7,0.0,1
CHEMBL235,Cc1c(C)n(Cc2ccc(OC(C)(C)C(=O)O)cc2)c2ccc(C(=O)N[C@@H](C)c3cccc(C(C)C)c3)cc12,7.0,0.0,1
CHEMBL235,Cc1c(C)n(Cc2ccc(OCC(=O)O)cc2)c2ccc(C(=O)N[C@@H](C)c3ccc(C(C)(C)C)cc3)cc12,6.43,0.0,1
CHEMBL235,Cc1c(C)n(Cc2ccc(OCC(=O)O)cc2)c2ccc(C(=O)N[C@@H](C)c3cccc(C(C)C)c3)cc12,6.91,0.0,1
CHEMBL235,Cc1c(C)n(Cc2ccc(OCC(=O)O)cc2)c2ccc(C(=O)N[C@@H](C)c3cccc(C4CC4)c3)cc12,6.9,0.0,1
CHEMBL235,Cc1c(C)n(Cc2ccc(O[C@@H](C)C(=O)O)c(Cl)c2)c2ccc(C(=O)N[C@@H](C)c3ccc(C(C)(C)C)cc3)cc12,6.84,0.0,1
CHEMBL235,Cc1c(C)n(Cc2ccc(O[C@@H](C)C(=O)O)c(Cl)c2)c2ccc(C(=O)N[C@@H](C)c3cccc(C4CC4)c3)cc12,7.17,0.0,1
CHEMBL235,Cc1c(C)n(Cc2ccc(O[C@@H](C)C(=O)O)cc2)c2ccc(C(=O)N[C@@H](C)c3cccc(C(C)C)c3)cc12,6.5,0.0,1
CHEMBL235,Cc1c(C)n(Cc2ccc(O[C@H](C)C(=O)O)cc2)c2ccc(C(=O)N[C@@H](C)c3cccc(C(C)C)c3)cc12,6.97,0.0,1
CHEMBL235,Cc1c(C)n(Cc2cccc(C(=O)O)c2)c2ccc(C(=O)N[C@@H](C)c3cccc(C4CC4)c3)cc12,7.41,0.0,1
CHEMBL235,Cc1c(C)n(Cc2cccc(C(C)(C)C#N)c2)c2ccc(C(=O)N[C@@H](C)c3cccc(C4CC4)c3)cc12,6.92,0.0,1
CHEMBL235,Cc1c(C)n(Cc2cccc(C(C)(C)C(N)=O)c2)c2ccc(C(=O)N[C@@H](C)c3cccc(C4CC4)c3)cc12,7.125,0.7000357133746822,2
CHEMBL235,Cc1c(C)n(Cc2cccc(C(F)(F)F)c2)c2ccc(C(=O)NCc3ccc4c(c3)OCO4)cc12,7.8,0.0,1
CHEMBL235,Cc1c(C)n(Cc2cccc(C(F)(F)F)c2)c2ccc(C(=O)NCc3ccccn3)cc12,6.73,0.0,1
CHEMBL235,Cc1c(C)n(Cc2cccc(C(F)(F)F)c2)c2ccc(C(=O)N[C@@H](Cc3ccc(O)cc3)C(=O)O)cc12,6.46,0.0,1
CHEMBL235,Cc1c(C)n(Cc2cccc(C3(C(=O)O)CC3)c2)c2ccc(C(=O)N[C@@H](C)c3cccc(C4CC4)c3)cc12,7.89,0.0,1
CHEMBL235,Cc1c(C)n(Cc2cccc(OC(C)(C)C(=O)O)c2)c2ccc(C(=O)N[C@@H](C)c3ccc(C(C)(C)C)cc3)cc12,6.49,0.0,1
CHEMBL235,Cc1c(C)n(Cc2cccc(OC(C)(C)C(=O)O)c2)c2ccc(C(=O)N[C@@H](C)c3cccc(C(C)C)c3)cc12,6.97,0.0,1
CHEMBL235,Cc1c(C)n(Cc2cccc(OCC#N)c2)c2ccc(C(=O)N[C@@H](C)c3ccc(C(C)(C)C)cc3)cc12,6.97,0.0,1
CHEMBL235,Cc1c(C)n(Cc2cccc(OCC#N)c2)c2ccc(C(=O)N[C@@H](C)c3cccc(C(C)C)c3)cc12,7.13,0.0,1
CHEMBL235,Cc1c(C)n(Cc2cccc(OCC(=O)O)c2)c2ccc(C(=O)N[C@@H](C)c3ccc(C(C)(C)C)cc3)cc12,6.88,0.0,1
CHEMBL235,Cc1c(C)n(Cc2cccc(OCC(=O)O)c2)c2ccc(C(=O)N[C@@H](C)c3cccc(C(C)C)c3)cc12,7.16,0.0,1
CHEMBL235,Cc1c(C)n(Cc2cccc(OCC(=O)O)c2)c2ccc(C(=O)N[C@@H](C)c3cccc(C4CC4)c3)cc12,7.25,0.0,1
CHEMBL235,Cc1c(C)n(Cc2cccc(O[C@@H](C)C(=O)O)c2)c2ccc(C(=O)N[C@@H](C)c3ccc(Br)cc3)cc12,6.98,0.0,1
CHEMBL235,Cc1c(C)n(Cc2cccc(O[C@@H](C)C(=O)O)c2)c2ccc(C(=O)N[C@@H](C)c3ccc(C(C)(C)C)cc3)cc12,6.835,0.5444722215136413,2
CHEMBL235,Cc1c(C)n(Cc2cccc(O[C@@H](C)C(=O)O)c2)c2ccc(C(=O)N[C@@H](C)c3ccc(C(F)(F)F)cc3)cc12,6.67,0.0,1
CHEMBL235,Cc1c(C)n(Cc2cccc(O[C@@H](C)C(=O)O)c2)c2ccc(C(=O)N[C@@H](C)c3ccc(Cl)cc3)cc12,7.09,0.0,1
CHEMBL235,Cc1c(C)n(Cc2cccc(O[C@@H](C)C(=O)O)c2)c2ccc(C(=O)N[C@@H](C)c3cccc(C(C)(C)C)c3)cc12,7.09,0.0,1
CHEMBL235,Cc1c(C)n(Cc2cccc(O[C@@H](C)C(=O)O)c2)c2ccc(C(=O)N[C@@H](C)c3cccc(C(C)C)c3)cc12,7.12,0.0,1
CHEMBL235,Cc1c(C)n(Cc2cccc(O[C@@H](C)C(=O)O)c2)c2ccc(C(=O)N[C@@H](C)c3cccc(C4CC4)c3)cc12,7.23,0.0,1
CHEMBL235,Cc1c(C)n(Cc2cccc(O[C@@H](C)C(=O)O)c2)c2ccc(C(=O)N[C@@H](C)c3cccc(Cl)c3)cc12,7.21,0.0,1
CHEMBL235,Cc1c(C)n(Cc2cccc(O[C@@H](C)C(=O)O)c2)c2ccc(C(=O)N[C@@H](C)c3cccc(OC(C)C)c3)cc12,7.23,0.0,1
CHEMBL235,Cc1c(C)n(Cc2cccc(O[C@@H](C)C(=O)O)c2)c2ccc(C(=O)N[C@@H](C)c3ccccc3Cl)cc12,7.4,0.0,1
CHEMBL235,Cc1c(C)n(Cc2cccc(O[C@@H](C)C(=O)O)c2Cl)c2ccc(C(=O)N[C@@H](C)c3ccc(C(C)(C)C)cc3)cc12,5.4,0.0,1
CHEMBL235,Cc1c(C)n(Cc2cccc(O[C@@H](C)C(=O)O)c2Cl)c2ccc(C(=O)N[C@@H](C)c3cccc(C4CC4)c3)cc12,6.46,0.0,1
CHEMBL235,Cc1c(C)n(Cc2cccc(O[C@H](C)C(=O)O)c2)c2ccc(C(=O)N[C@@H](C)c3cccc(C(C)C)c3)cc12,6.26,0.0,1
CHEMBL235,Cc1c(Cc2cccc(OCC(=O)O)c2)c2cc(OC(F)(F)F)ccc2n1C(=O)c1ccc(Cl)cc1,9.0,0.0,1
CHEMBL235,Cc1c(Cc2cccc(O[C@@H](C)C(=O)O)c2)c2cc(OC(F)(F)F)ccc2n1-c1ccccn1,6.33,0.0,1
CHEMBL235,Cc1c(Cl)ccc2c1CN(S(=O)(=O)c1cccc(C(=O)Nc3ccc(Cl)cc3C(=O)O)c1)CC2,5.3,0.0,1
CHEMBL235,Cc1c(Oc2cc(Cl)cc(O[C@@H](C)C(=O)O)c2)c2cc(OC(F)(F)F)ccc2n1-c1noc2cc(Cl)ccc12,6.96,0.0,1
CHEMBL235,Cc1c(Oc2cc(O[C@@H](C)C(=O)O)ccc2Cl)c2cc(OC(F)(F)F)ccc2n1-c1noc2cc(Cl)ccc12,8.3,0.0,1
CHEMBL235,Cc1c(Oc2ccc(Cl)c(O[C@@H](C)C(=O)O)c2)c2cc(OC(F)(F)F)ccc2n1-c1noc2cc(Cl)ccc12,9.0,0.0,1
CHEMBL235,Cc1c(Oc2cccc(O[C@@H](C)C(=O)O)c2)c2cc(OC(F)(F)F)ccc2n1-c1noc2cc(Cl)ccc12,7.48,0.0,1
CHEMBL235,Cc1cc(-c2onc(-c3c(Cl)cccc3C(F)(F)F)c2COc2ccc(C(=O)O)cc2)c[nH]1,4.72,0.0,1
CHEMBL235,Cc1cc(C(=O)O)c2c(C(C)C)nn(-c3ccc(Cl)cc3)c2n1,5.35,0.0,1
CHEMBL235,Cc1cc(C(=O)O)nc(N2C[C@H]3C[C@@H](c4ccccc4C(F)(F)F)C[C@H]3C2)n1,5.44,0.0,1
CHEMBL235,Cc1cc(CN2CCN(Cc3ccncc3)CC2)ccc1-c1ccc(C(O)(C(F)(F)F)C(F)(F)F)cc1,6.68,0.0,1
CHEMBL235,Cc1cc(CNC(=O)c2ccc(C(F)(F)F)cc2F)cc(Oc2ccc(OC(C)(C)C(=O)O)c(C)c2)c1,7.92,0.0,1
CHEMBL235,Cc1cc(Cl)ccc1[C@H](C)NC(=O)c1ccc2c(c1)c(C)c(C)n2Cc1ccc(-c2ccccc2)cc1,7.96,0.0,1
CHEMBL235,Cc1cc(NS(=O)(=O)c2ccc(Cl)cc2Cl)ccc1Oc1cncc(Cl)c1,5.83,0.0,1
CHEMBL235,Cc1cc(OCC[C@@H](C)Oc2ccc(C(F)(F)F)cc2-c2ccccn2)ccc1CCC(=O)O,7.7,0.0,1
CHEMBL235,Cc1cc(OCC[C@@H](C)Oc2ccc(C(F)(F)F)cc2Oc2ccccc2)ccc1CCC(=O)O,8.22,0.0,1
CHEMBL235,Cc1cc(OCC[C@@H](C)Oc2ccc(Cl)cc2-c2ccccn2)ccc1CCC(=O)O,7.06,0.0,1
CHEMBL235,Cc1cc(OCC[C@@H](C)Oc2ccc(Cl)cc2Oc2ccccc2)ccc1CCC(=O)O,7.82,0.0,1
CHEMBL235,Cc1cc(OCC[C@@H](C)Oc2ccc(OC(F)(F)F)cc2Oc2ccccc2)ccc1CCC(=O)O,8.22,0.0,1
CHEMBL235,Cc1cc(OCc2cc(-c3ccc(Cl)cc3)on2)cc2scc(CC(=O)O)c12,5.06,0.0,1
CHEMBL235,Cc1cc(Oc2cc(F)cc(CNC(=O)c3ccc(C(F)(F)F)cc3F)c2)ccc1OC(C)(C)C(=O)O,8.1,0.0,1
CHEMBL235,Cc1cc(Oc2ccc(F)c(CNC(=O)c3ccc(C(F)(F)F)cc3F)c2)ccc1OC(C)(C)C(=O)O,8.1,0.0,1
CHEMBL235,Cc1cc(Oc2cccc(CNC(=O)c3[nH]c4ccc(Cl)cc4c3C)c2)ccc1CCC(=O)O,7.57,0.0,1
CHEMBL235,Cc1cc(Oc2cccc(CNC(=O)c3c(C)c4cc(Cl)ccc4n3C)c2)ccc1CCC(=O)O,7.46,0.0,1
CHEMBL235,Cc1cc(Oc2cccc(CNC(=O)c3cc4c(Cl)cccc4[nH]3)c2)ccc1CCC(=O)O,6.59,0.0,1
CHEMBL235,Cc1cc(Oc2cccc(CNC(=O)c3cc4cc(Br)ccc4[nH]3)c2)ccc1CCC(=O)O,8.1,0.0,1
CHEMBL235,Cc1cc(Oc2cccc(CNC(=O)c3cc4cc(Cl)c(Cl)cc4[nH]3)c2)ccc1CCC(=O)O,7.02,0.0,1
CHEMBL235,Cc1cc(Oc2cccc(CNC(=O)c3cc4cc(Cl)ccc4[nH]3)c2)ccc1CCC(=O)O,7.89,0.0,1
CHEMBL235,Cc1cc(Oc2cccc(CNC(=O)c3cc4cc(Cl)ccc4n3C)c2)ccc1CCC(=O)O,7.01,0.0,1
CHEMBL235,Cc1cc(Oc2cccc(CNC(=O)c3cc4ccc(Cl)cc4[nH]3)c2)ccc1CCC(=O)O,6.63,0.0,1
CHEMBL235,Cc1cc(Oc2cccc(CNC(=O)c3cc4cccc(Br)c4[nH]3)c2)ccc1CCC(=O)O,7.43,0.0,1
CHEMBL235,Cc1cc(Oc2cccc(CNC(=O)c3ccc(C(F)(F)F)cc3)c2)ccc1OC(C)(C)C(=O)O,7.75,0.0,1
CHEMBL235,Cc1cc(Oc2cccc(CNC(=O)c3ccc(C(F)(F)F)cc3Br)c2)ccc1OC(C)(C)C(=O)O,7.92,0.0,1
CHEMBL235,Cc1cc(Oc2cccc(CNC(=O)c3ccc(C(F)(F)F)cc3C(F)(F)F)c2)ccc1OC(C)(C)C(=O)O,6.69,0.0,1
CHEMBL235,Cc1cc(Oc2cccc(CNC(=O)c3ccc(C(F)(F)F)cc3C)c2)ccc1CCC(=O)O,6.9,0.0,1
CHEMBL235,Cc1cc(Oc2cccc(CNC(=O)c3ccc(C(F)(F)F)cc3C)c2)ccc1OC(C)(C)C(=O)O,8.05,0.0,1
CHEMBL235,Cc1cc(Oc2cccc(CNC(=O)c3ccc(C(F)(F)F)cc3Cl)c2)ccc1OC(C)(C)C(=O)O,7.82,0.0,1
CHEMBL235,Cc1cc(Oc2cccc(CNC(=O)c3ccc(C(F)(F)F)cc3F)c2)ccc1OC(C)(C)C(=O)O,7.92,0.0,1
CHEMBL235,Cc1cc(Oc2cccc(CNC(=O)c3ccc(C(F)(F)F)cc3Oc3ccccc3)c2)ccc1OC(C)(C)C(=O)O,6.94,0.0,1
CHEMBL235,Cc1cc(Oc2cccc(CNC(=O)c3ccc(Cl)cc3C)c2)ccc1OC(C)(C)C(=O)O,8.05,0.0,1
CHEMBL235,Cc1cc(Oc2cccc(CNC(=O)c3ccc(OC(F)(F)F)cc3C)c2)ccc1OC(C)(C)C(=O)O,7.33,0.0,1
CHEMBL235,Cc1cc(Oc2cccc(CNC(=O)c3ccccc3C)c2)ccc1OC(C)(C)C(=O)O,7.7,0.0,1
CHEMBL235,Cc1cc(S(=O)(=O)N(CCC(C)C)c2cccc(-c3ccc(C(F)(F)F)cc3)c2)ccc1OCC(=O)O,5.3,0.0,1
CHEMBL235,Cc1cc(SCc2ccc(OCc3ccc(C(F)(F)F)cc3)cc2)c(Cl)cc1OCC(=O)O,5.04,0.0,1
CHEMBL235,Cc1cc(SCc2ccc(OCc3ccc(C(F)(F)F)cc3)cc2)c2c(c1OCC(=O)O)CCC2,4.67,0.0,1
CHEMBL235,Cc1cc(SCc2ccc(OCc3ccc(C(F)(F)F)cc3)cc2)c2c(c1OCC(=O)O)CCCO2,4.48,0.0,1
CHEMBL235,Cc1cc(SCc2sc(-c3ccc(C(F)(F)F)cc3)nc2C)ccc1OCC(=O)O,5.2,0.0,1
CHEMBL235,Cc1cc2c(CC(=O)O)csc2cc1OCc1ccccc1COc1ccc(C(F)(F)F)cc1,5.12,0.0,1
CHEMBL235,Cc1cc2c(CC(=O)O)csc2cc1OCc1sc(-c2ccc(C(F)(F)F)cc2)nc1C,5.2,0.0,1
CHEMBL235,Cc1cc2c(s1)c(-c1ccc(C(=O)O)cc1)nn2C(=O)c1c(Cl)cccc1Cl,4.83,0.0,1
CHEMBL235,Cc1cc2cc(C(=O)NCc3ccc(CS(=O)(=O)C4CC4)cc3C(F)(F)F)ccc2n1Cc1cccc(F)c1,6.19,0.0,1
CHEMBL235,Cc1cc2cc(C(=O)N[C@@H](C)c3ccc(Br)cc3)ccc2n1Cc1ccc(-c2ccccc2C(=O)O)cc1,7.1,0.0,1
CHEMBL235,Cc1ccc(-n2c(SCC(=O)Nc3ccc(S(=O)(=O)NC(=O)NC4CCCCC4)cc3)nc3ccccc3c2=O)cc1,6.4,0.0,1
CHEMBL235,Cc1ccc(-n2c(SCC(=O)Nc3ccc(S(=O)(=O)NC(=O)Nc4ccccc4)cc3)nc3ccccc3c2=O)cc1,6.43,0.0,1
CHEMBL235,Cc1ccc(C(=O)NCc2cccc(Oc3ccc(OC(C)(C)C(=O)O)c(C)c3)c2)c(C)c1,8.15,0.0,1
CHEMBL235,Cc1ccc(CNC(=O)c2ccc(C(F)(F)F)cc2F)cc1Oc1ccc(OC(C)(C)C(=O)O)c(C)c1,8.3,0.0,1
CHEMBL235,Cc1ccc(CNC(=O)c2ccc3c(c2)c(C)c(C)n3Cc2ccc(-c3ccccc3C(=O)O)cc2)cc1,8.4,0.0,1
CHEMBL235,Cc1ccc(CNC(=O)c2ccc3c(c2)c(C)c(C)n3Cc2ccc(-c3ccccc3C(=O)O)cc2)o1,7.92,0.0,1
CHEMBL235,Cc1ccc(COc2ccccc2/C=C2/SC(=S)N(CCC(=O)O)C2=O)cc1,5.88,0.0,1
CHEMBL235,Cc1ccc(Cn2nc(CCCc3ccc(OC(C)(C)C(=O)O)cc3)n(C)c2=O)cc1C,5.77,0.0,1
CHEMBL235,Cc1ccc(Cn2nc(CCCc3ccc(OC(C)(C)C(=O)O)cc3)n(CC(=O)O)c2=O)cc1,5.1,0.0,1
CHEMBL235,Cc1ccc(Cn2nc(CCCc3ccc(OC(C)(C)C(=O)O)cc3)n(CCO)c2=O)cc1,5.21,0.0,1
CHEMBL235,Cc1ccc(Cn2nc(CCCc3ccc(OC(C)(C)C(=O)O)cc3)nc2O)cc1,5.19,0.0,1
CHEMBL235,Cc1ccc(F)c([C@H](C)NC(=O)c2ccc3c(c2)c(C)c(C)n3Cc2ccc(-c3ccccc3C(=O)O)cc2)c1,8.22,0.0,1
CHEMBL235,Cc1ccc(NC(=O)c2cccc(S(=O)(=O)N3CCc4ccccc4C3)c2)c(C(=O)O)c1,5.3,0.0,1
CHEMBL235,Cc1ccc(NC(=O)c2cccc(S(=O)(=O)n3ccc4c(Br)cccc43)c2)c(C(=O)O)c1,5.9,0.0,1
CHEMBL235,Cc1ccc(NC(=O)c2cccc(S(=O)(=O)n3ccc4c(C)cccc43)c2)c(C(=O)O)c1,5.7,0.0,1
CHEMBL235,Cc1ccc(NC(=O)c2cccc(S(=O)(=O)n3ccc4cc(C)ccc43)c2)c(C(=O)O)c1,5.6,0.0,1
CHEMBL235,Cc1ccc(NC(=O)c2cccc(S(=O)(=O)n3ccc4cc(Cl)ccc43)c2)c(C(=O)O)c1,5.8,0.0,1
CHEMBL235,Cc1ccc(NC(=O)c2cccc(S(=O)(=O)n3ccc4ccc(C)cc43)c2)c(C(=O)O)c1,5.6,0.0,1
CHEMBL235,Cc1ccc(NC(=O)c2cccc(S(=O)(=O)n3ccc4ccc(Cl)cc43)c2)c(C(=O)O)c1,5.7,0.0,1
CHEMBL235,Cc1ccc(NC(=O)c2cccc(S(=O)(=O)n3ccc4cccc(C)c43)c2)c(C(=O)O)c1,6.0,0.0,1
CHEMBL235,Cc1ccc(NC(=O)c2cccc(S(=O)(=O)n3ccc4cccc(Cl)c43)c2)c(C(=O)O)c1,6.1,0.0,1
CHEMBL235,Cc1ccc(NC(=S)NS(=O)(=O)c2ccc(CCNS(=O)(=O)c3ccccc3)cc2)cc1,4.3,0.0,1
CHEMBL235,Cc1ccc(OS(=O)(=O)/C=C/c2ccccc2)cc1,6.39,0.0,1
CHEMBL235,Cc1ccc(Oc2ccc(OC(C)(C)C(=O)O)c(C)c2)cc1CNC(=O)c1ccc(C(F)(F)F)cc1F,7.77,0.0,1
CHEMBL235,Cc1ccc(S(=O)(=O)NC(=O)c2cc3ccccc3n2Cc2cccc(C(F)(F)F)c2)cc1,6.54,0.0,1
CHEMBL235,Cc1ccc([C@H](C)NC(=O)c2ccc3c(c2)c(C)c(C)n3Cc2ccc(-c3ccccc3)cc2)cc1,7.89,0.0,1
CHEMBL235,Cc1ccc([C@H](C)NC(=O)c2ccc3c(c2)c(C)c(C)n3Cc2ccc(-c3ccccc3C(=O)O)cc2)cc1,7.89,0.0,1
CHEMBL235,Cc1ccc2c(-n3c(=O)n(Cc4ccc(Cl)c(O[C@H](C)C(=O)O)c4)c4cc(C(F)(F)F)ccc43)noc2c1,7.85,0.0,1
CHEMBL235,Cc1ccc2onc(-n3c(=O)n(Cc4ccc(Cl)c(O[C@H](C)C(=O)O)c4)c4cc(C(F)(F)F)ccc43)c2c1,7.95,0.0,1
CHEMBL235,Cc1cccc(CNC(=O)c2ccc3c(c2)c(C)c(C)n3Cc2ccc(-c3ccccc3C(=O)O)cc2)c1,8.3,0.0,1
CHEMBL235,Cc1cccc(OS(=O)(=O)/C=C/c2ccccc2)c1,5.93,0.0,1
CHEMBL235,Cc1cccc([C@H](C)NC(=O)c2ccc3c(c2)c(C)c(C)n3Cc2ccc(-c3ccccc3C(=O)O)cc2)c1,7.96,0.0,1
CHEMBL235,Cc1cccc2c(-n3c(=O)n(Cc4ccc(Cl)c(O[C@H](C)C(=O)O)c4)c4cc(C(F)(F)F)ccc43)noc12,8.04,0.0,1
CHEMBL235,Cc1ccccc1CNC(=O)c1ccc2c(c1)c(C)c(C)n2Cc1ccc(-c2ccccc2C(=O)O)cc1,8.22,0.0,1
CHEMBL235,Cc1ccccc1S(=O)(=O)NC(=O)c1cc2ccccc2n1Cc1cccc(C(F)(F)F)c1,6.75,0.0,1
CHEMBL235,Cc1ccccc1[C@H](C)NC(=O)c1ccc2c(c1)c(C)c(C)n2Cc1ccc(-c2ccccc2C(=O)O)cc1,8.52,0.0,1
CHEMBL235,Cc1ccnc(N2C[C@@H](Cc3ccc(OCCc4nc(-c5ccccc5)oc4C)cc3)[C@@H](C(=O)O)C2)n1,6.35,0.0,1
CHEMBL235,Cc1cn(Cc2ccc(-c3ccccc3C(=O)O)cc2)c2ccc(C(=O)N[C@@H](C)c3ccc(Br)cc3)cc12,7.62,0.0,1
CHEMBL235,Cc1cn(Cc2ccc(-c3ccccc3C(=O)O)cc2)c2ccc(C(=O)N[C@@H](C)c3ccc([N+](=O)[O-])cc3)cc12,6.9,0.0,1
CHEMBL235,Cc1cncc(Oc2c(Cl)cc(NS(=O)(=O)c3ccc(Cl)cc3Cl)cc2Cl)c1,7.72,0.0,1
CHEMBL235,Cc1nc2ccc(Br)cc2c(=O)n1CC(=O)Nc1ccc(S(=O)(=O)NC(=O)NC2CCCCC2)cc1,6.45,0.0,1
CHEMBL235,Cc1nc2ccccc2c(=O)n1CC(=O)Nc1ccc(S(=O)(=O)NC(=O)NC2CCCCC2)cc1,6.33,0.0,1
CHEMBL235,Cc1nc2ccccc2n(CC(=O)Nc2ccc(S(=O)(=O)NC(=O)NC3CCCCC3)cc2)c1=O,5.86,0.6505382386916236,2
CHEMBL235,Cc1nc2ccccc2n(CC(=O)Nc2ccc(S(=O)(=O)NC(=O)Nc3ccccc3)cc2)c1=O,5.4,0.0,1
CHEMBL235,Cc1nc2ccccc2n(CC(=O)Nc2ccc(S(=O)(=O)NC(=S)NC3CCCCC3)cc2)c1=O,5.93,0.7495331880577397,2
CHEMBL235,Cc1nc2ccccc2n(CC(=O)Nc2ccc(S(=O)(=O)NC(=S)Nc3ccccc3)cc2)c1=O,5.4,0.0,1
CHEMBL235,Cc1oc(-c2ccc(-c3ccccc3)cc2)nc1CCOc1ccc(CCC(=O)O)c(CNC(=O)OC(C)C)c1,7.33,0.0,1
CHEMBL235,Cc1oc(-c2ccc(-c3ccccc3)cc2)nc1CCOc1ccc(CCC(=O)O)c(CNC(=O)Oc2cnccn2)c1,7.58,0.0,1
CHEMBL235,Cc1oc(-c2ccc(-c3ccccc3)cc2)nc1CCOc1ccc(CCC(=O)O)c2c1CCN(C(=O)OCC(C)(C)C)C2,7.48,0.0,1
CHEMBL235,Cc1oc(-c2ccc(-c3ccccc3)cc2)nc1CCOc1ccc(OC(C)(C)C(=O)O)cc1,6.26,0.0,1
CHEMBL235,Cc1oc(-c2ccc(-c3ncccn3)cc2)nc1CCOc1ccc(CCC(=O)O)c(CNC(=O)OC(C)C)c1,7.3,0.0,1
CHEMBL235,Cc1oc(-c2ccc(Br)cc2)nc1CCOc1ccc(OC(C)(C)C(=O)O)cc1,5.34,0.0,1
CHEMBL235,Cc1oc(-c2ccc(C(F)(F)F)cc2)nc1Cn1ccc2cc(CC(OC(C)C)C(=O)O)ccc21,6.86,0.0,1
CHEMBL235,Cc1oc(-c2ccc(Cl)cc2)nc1CCOc1cccc(C[C@@H]2C(=O)N(c3ccc(C(C)(C)C)cc3)[C@@H]2C(=O)O)c1,6.17,0.0,1
CHEMBL235,Cc1oc(-c2ccc(Oc3ccccc3)cc2)nc1CCOc1ccc(CCC(=O)O)c(CNC(=O)OC(C)C)c1,7.3,0.0,1
CHEMBL235,Cc1oc(-c2cccc(Cl)c2)nc1CCOc1cccc(C[C@@H]2C(=O)N(c3ccc(C(C)(C)C)cc3)[C@@H]2C(=O)O)c1,6.6,0.0,1
CHEMBL235,Cc1oc(-c2ccccc2)nc1C/C=C/c1ccc(C[C@@H](C(=O)O)n2cccc2)cc1,6.59,0.0,1
CHEMBL235,Cc1oc(-c2ccccc2)nc1C/C=C/c1ccc(C[C@H](C(=O)O)n2cccc2)cc1,5.58,0.0,1
CHEMBL235,Cc1oc(-c2ccccc2)nc1CC#Cc1ccc(CC(C(=O)O)c2ccc(-c3ccccc3)cc2)cc1,5.66,0.0,1
CHEMBL235,Cc1oc(-c2ccccc2)nc1CC#Cc1ccc(CC(C(=O)O)c2cccc(-c3ccccc3)c2)cc1,5.55,0.0,1
CHEMBL235,Cc1oc(-c2ccccc2)nc1CC#Cc1ccc(CC(C(=O)O)c2cccnc2)cc1,4.58,0.0,1
CHEMBL235,Cc1oc(-c2ccccc2)nc1CC#Cc1ccc(C[C@@H](C(=O)O)n2cccc2)cc1,6.53,0.0,1
CHEMBL235,Cc1oc(-c2ccccc2)nc1CCCc1ccc(CC(C(=O)O)c2ccc(-c3ccccc3)cc2)cc1,6.23,0.0,1
CHEMBL235,Cc1oc(-c2ccccc2)nc1CCCc1ccc(CC(C(=O)O)c2cccc(-c3ccccc3)c2)cc1,5.55,0.0,1
CHEMBL235,Cc1oc(-c2ccccc2)nc1CCCc1ccc(CC(C(=O)O)c2ccccc2)cc1,5.4,0.0,1
CHEMBL235,Cc1oc(-c2ccccc2)nc1CCCc1ccc(CC(C(=O)O)c2cccnc2)cc1,4.66,0.0,1
CHEMBL235,Cc1oc(-c2ccccc2)nc1CCCc1ccc(C[C@@H](C(=O)O)n2cccc2)cc1,6.73,0.0,1
CHEMBL235,Cc1oc(-c2ccccc2)nc1CCCc1ccc(C[C@H](C(=O)O)n2cccc2)cc1,5.51,0.0,1
CHEMBL235,Cc1oc(-c2ccccc2)nc1CCNc1ccc(C[C@@H](C(=O)O)n2cccc2)cc1,5.8,0.0,1
CHEMBL235,Cc1oc(-c2ccccc2)nc1CCOc1ccc(-c2nn(-c3ccccc3)nc2C(=O)O)cc1,5.87,0.0,1
CHEMBL235,Cc1oc(-c2ccccc2)nc1CCOc1ccc(-c2nn(-c3ccccc3)nc2CC(=O)O)cc1,6.29,0.0,1
CHEMBL235,Cc1oc(-c2ccccc2)nc1CCOc1ccc(CC(C)(Oc2ccccc2)C(=O)O)cc1,7.75,0.0,1
CHEMBL235,Cc1oc(-c2ccccc2)nc1CCOc1ccc(CC2=C(C(=O)O)CCN(C(=O)OCC(C)C)C2)cc1,5.93,0.0,1
CHEMBL235,Cc1oc(-c2ccccc2)nc1CCOc1ccc(CC2CN(C(=O)OCC(C)C)CCC2C(=O)O)cc1,6.67,0.0,1
CHEMBL235,Cc1oc(-c2ccccc2)nc1CCOc1ccc(CC2SC(=O)NC2=O)cc1,7.85,0.0,1
CHEMBL235,Cc1oc(-c2ccccc2)nc1CCOc1ccc(CCC(=O)O)c(CNC(=O)CCc2ccccc2)c1,6.79,0.0,1
CHEMBL235,Cc1oc(-c2ccccc2)nc1CCOc1ccc(CCC(=O)O)c(CNC(=O)NCc2ccccc2)c1,6.15,0.0,1
CHEMBL235,Cc1oc(-c2ccccc2)nc1CCOc1ccc(CCC(=O)O)c(CNC(=O)OC(C)C)c1,7.58,0.0,1
CHEMBL235,Cc1oc(-c2ccccc2)nc1CCOc1ccc(CCC(=O)O)c(CNC(=O)OCc2ccccc2)c1,7.04,0.0,1
CHEMBL235,Cc1oc(-c2ccccc2)nc1CCOc1ccc(CCC(=O)O)c(CNC(=O)Oc2cnccn2)c1,7.77,0.0,1
CHEMBL235,Cc1oc(-c2ccccc2)nc1CCOc1ccc(CCC(=O)O)c(CNS(=O)(=O)Cc2ccccc2)c1,7.14,0.0,1
CHEMBL235,Cc1oc(-c2ccccc2)nc1CCOc1ccc(CCC(=O)O)c2c1CCN(C(=O)OCC(C)C)C2,7.77,0.0,1
CHEMBL235,Cc1oc(-c2ccccc2)nc1CCOc1ccc(CCC2=C(C(=O)O)CCN(C(=O)OCC(C)C)C2)cc1,6.59,0.0,1
CHEMBL235,Cc1oc(-c2ccccc2)nc1CCOc1ccc(CCC2CN(C(=O)OCC(C)C)CCC2C(=O)O)cc1,6.15,0.0,1
CHEMBL235,Cc1oc(-c2ccccc2)nc1CCOc1ccc(CC[C@@H]2CN(C(=O)Oc3ccccc3)C[C@@H]2C(=O)O)cc1,7.05,0.0,1
CHEMBL235,Cc1oc(-c2ccccc2)nc1CCOc1ccc(CC[C@H]2CN(C(=O)Oc3ccccc3)C[C@@H]2C(=O)O)cc1,6.47,0.0,1
CHEMBL235,Cc1oc(-c2ccccc2)nc1CCOc1ccc(CN(CC(=O)O)Cc2ccc(-c3ccccc3Cl)o2)cc1,6.55,0.0,1
CHEMBL235,Cc1oc(-c2ccccc2)nc1CCOc1ccc(CN(CC(=O)O)Cc2ccc(OCc3ccccc3)cc2)cc1,6.55,0.0,1
CHEMBL235,Cc1oc(-c2ccccc2)nc1CCOc1ccc(CN(CC(=O)O)Cc2ccc(Oc3ccccc3)cc2)cc1,6.64,0.0,1
CHEMBL235,Cc1oc(-c2ccccc2)nc1CCOc1ccc(CN(CC(=O)O)Cc2ccc3c(c2)OCO3)cc1,5.48,0.0,1
CHEMBL235,Cc1oc(-c2ccccc2)nc1CCOc1ccc(CN(CC(=O)O)Cc2ccc3ccccc3c2)cc1,5.92,0.0,1
CHEMBL235,Cc1oc(-c2ccccc2)nc1CCOc1ccc(CN(CC(=O)O)Cc2cccc(Oc3ccccc3)c2)cc1,6.32,0.0,1
CHEMBL235,Cc1oc(-c2ccccc2)nc1CCOc1ccc(CN(CC(=O)O)Cc2cccc3ccccc23)cc1,6.12,0.0,1
CHEMBL235,Cc1oc(-c2ccccc2)nc1CCOc1ccc(CN(CC(=O)O)Cc2ccccc2)cc1,5.535,0.30405591591021525,2
CHEMBL235,Cc1oc(-c2ccccc2)nc1CCOc1ccc(CN(CC(=O)O)Cc2ccccn2)cc1,5.54,0.0,1
CHEMBL235,Cc1oc(-c2ccccc2)nc1CCOc1ccc(CN(CCOCc2ccccc2)CC(=O)O)cc1,5.34,0.0,1
CHEMBL235,Cc1oc(-c2ccccc2)nc1CCOc1ccc(C[C@@H](C(=O)O)n2cccc2)cc1,7.54,0.0,1
CHEMBL235,Cc1oc(-c2ccccc2)nc1CCOc1ccc(C[C@@H]2C(=O)N(c3ccc(C(C)(C)C)cc3)[C@@H]2C(=O)O)cc1,6.96,0.0,1
CHEMBL235,Cc1oc(-c2ccccc2)nc1CCOc1ccc(C[C@@H]2CN(C(=O)Oc3ccccc3)C[C@@H]2C(=O)O)cc1,7.1,0.0,1
CHEMBL235,Cc1oc(-c2ccccc2)nc1CCOc1ccc(C[C@@H]2CN(c3nc(C(F)(F)F)co3)C[C@@H]2C(=O)O)cc1,7.3,0.0,1
CHEMBL235,Cc1oc(-c2ccccc2)nc1CCOc1ccc(C[C@@H]2CN(c3nc4ccccc4o3)C[C@@H]2C(=O)O)cc1,6.23,0.0,1
CHEMBL235,Cc1oc(-c2ccccc2)nc1CCOc1ccc(C[C@@H]2CN(c3nccc(C(F)(F)F)n3)C[C@@H]2C(=O)O)cc1,7.609999999999999,0.1272792206135787,2
CHEMBL235,Cc1oc(-c2ccccc2)nc1CCOc1ccc(C[C@@H]2CN(c3nccc(C(F)(F)F)n3)C[C@H]2C(=O)O)cc1,5.94,0.0,1
CHEMBL235,Cc1oc(-c2ccccc2)nc1CCOc1ccc(C[C@@H]2CN(c3ncccn3)C[C@@H]2C(=O)O)cc1,5.69,0.0,1
CHEMBL235,Cc1oc(-c2ccccc2)nc1CCOc1ccc(C[C@H](Nc2ccccc2C(=O)c2ccccc2)C(=O)O)cc1,7.13,0.6646803743153543,2
CHEMBL235,Cc1oc(-c2ccccc2)nc1CCOc1ccc(C[C@H]2C(=O)N(c3ccc(C(C)(C)C)cc3)[C@H]2C(=O)O)cc1,5.37,0.0,1
CHEMBL235,Cc1oc(-c2ccccc2)nc1CCOc1ccc(C[C@H]2CN(c3nccc(C(F)(F)F)n3)C[C@@H]2C(=O)O)cc1,5.45,0.0,1
CHEMBL235,Cc1oc(-c2ccccc2)nc1CCOc1ccc(C[C@H]2CN(c3nccc(C(F)(F)F)n3)C[C@H]2C(=O)O)cc1,5.82,0.0,1
CHEMBL235,Cc1oc(-c2ccccc2)nc1CCOc1ccc(Cc2c(C(=O)O)cnn2-c2ccccc2)cc1,5.78,0.0,1
CHEMBL235,Cc1oc(-c2ccccc2)nc1CCOc1ccc(Cc2c(C(=O)O)nnn2-c2ccccc2)cc1,5.0,0.0,1
CHEMBL235,Cc1oc(-c2ccccc2)nc1CCOc1ccc(Cc2cn(-c3ccccc3)cc2C(=O)O)cc1,6.05,0.0,1
CHEMBL235,Cc1oc(-c2ccccc2)nc1CCOc1ccc(Cc2cn(C)cc2C(=O)O)cc1,5.42,0.0,1
CHEMBL235,Cc1oc(-c2ccccc2)nc1CCOc1ccc(Cc2nn(-c3ccccc3)cc2C(=O)O)cc1,5.67,0.0,1
CHEMBL235,Cc1oc(-c2ccccc2)nc1CCOc1ccc(Cc2nn(-c3ccccc3)nc2C(=O)O)cc1,6.15,0.0,1
CHEMBL235,Cc1oc(-c2ccccc2)nc1CCOc1ccc(Cc2nn(-c3ccccc3)nc2CC(=O)O)cc1,8.15,0.0,1
CHEMBL235,Cc1oc(-c2ccccc2)nc1CCOc1ccc(Cc2nnn(-c3ccccc3)c2C(=O)O)cc1,6.06,0.0,1
CHEMBL235,Cc1oc(-c2ccccc2)nc1CCOc1ccc(OC(C)(C)C(=O)O)cc1,5.555,0.049497474683058526,2
CHEMBL235,Cc1oc(-c2ccccc2)nc1CCOc1ccc(OC(C)(Cc2ccccc2)C(=O)O)cc1,6.31,0.0,1
CHEMBL235,Cc1oc(-c2ccccc2)nc1CCOc1ccc(OC(C)C(=O)O)cc1,5.51,0.0,1
CHEMBL235,Cc1oc(-c2ccccc2)nc1CCOc1ccc(OCC(=O)O)cc1,4.97,0.0,1
CHEMBL235,Cc1oc(-c2ccccc2)nc1CCOc1ccc([C@@H]2CN(C(=O)Oc3ccccc3)C[C@@H]2C(=O)O)cc1,5.35,0.0,1
CHEMBL235,Cc1oc(-c2ccccc2)nc1CCOc1ccc([C@@H]2CN(C(=O)Oc3ccccc3)C[C@@H]2CC(=O)O)cc1,5.08,0.0,1
CHEMBL235,Cc1oc(-c2ccccc2)nc1CCOc1ccc([C@H]2CN(C(=O)Oc3ccccc3)C[C@@H]2C(=O)O)cc1,5.23,0.0,1
CHEMBL235,Cc1oc(-c2ccccc2)nc1CCOc1cccc(-c2nn(-c3ccccc3)nc2C(=O)O)c1,6.17,0.0,1
CHEMBL235,Cc1oc(-c2ccccc2)nc1CCOc1cccc(-c2nn(-c3ccccc3)nc2CC(=O)O)c1,7.47,0.0,1
CHEMBL235,Cc1oc(-c2ccccc2)nc1CCOc1cccc(C2=C(CC(=O)O)CCN(C(=O)OCC(C)C)C2)c1,6.89,0.0,1
CHEMBL235,Cc1oc(-c2ccccc2)nc1CCOc1cccc(C2=C(CC(=O)O)CCN(C(=O)Oc3ccccc3)C2)c1,7.8,0.0,1
CHEMBL235,Cc1oc(-c2ccccc2)nc1CCOc1cccc(C2CN(C(=O)OCC(C)C)CCC2C(=O)O)c1,5.12,0.0,1
CHEMBL235,Cc1oc(-c2ccccc2)nc1CCOc1cccc(C2CN(C(=O)Oc3ccccc3)CCC2CC(=O)O)c1,5.09,0.0,1
CHEMBL235,Cc1oc(-c2ccccc2)nc1CCOc1cccc(CC2=C(C(=O)O)CCN(C(=O)OCC(C)C)C2)c1,5.59,0.0,1
CHEMBL235,Cc1oc(-c2ccccc2)nc1CCOc1cccc(CC2=C(C(=O)O)CCN(c3nccc(C(F)(F)F)n3)C2)c1,5.88,0.0,1
CHEMBL235,Cc1oc(-c2ccccc2)nc1CCOc1cccc(CC2=CN(C(=O)OCC(C)C)CCC2C(=O)O)c1,6.07,0.0,1
CHEMBL235,Cc1oc(-c2ccccc2)nc1CCOc1cccc(CC2=CN(C(=O)OCc3ccccc3)CCC2C(=O)O)c1,6.18,0.0,1
CHEMBL235,Cc1oc(-c2ccccc2)nc1CCOc1cccc(CC2=CN(c3nccc(C(F)(F)F)n3)CCC2C(=O)O)c1,5.97,0.0,1
CHEMBL235,Cc1oc(-c2ccccc2)nc1CCOc1cccc(CC2C(=O)N(c3ccc(Cl)cc3)C2C(=O)O)c1,6.44,0.0,1
CHEMBL235,Cc1oc(-c2ccccc2)nc1CCOc1cccc(CC2C(=O)N(c3ccc(F)cc3)C2C(=O)O)c1,6.75,0.0,1
CHEMBL235,Cc1oc(-c2ccccc2)nc1CCOc1cccc(CC2CN(C(=O)OCC(C)C)CCC2C(=O)O)c1,5.86,0.0,1
CHEMBL235,Cc1oc(-c2ccccc2)nc1CCOc1cccc(CC[C@@H]2CN(C(=O)Oc3ccccc3)C[C@@H]2C(=O)O)c1,6.68,0.0,1
CHEMBL235,Cc1oc(-c2ccccc2)nc1CCOc1cccc(CC[C@H]2CN(C(=O)Oc3ccccc3)C[C@@H]2C(=O)O)c1,6.28,0.0,1
CHEMBL235,Cc1oc(-c2ccccc2)nc1CCOc1cccc(CN(CC(=O)O)Cc2cc3ccccc3[nH]2)c1,6.27,0.0,1
CHEMBL235,Cc1oc(-c2ccccc2)nc1CCOc1cccc(CN(CC(=O)O)Cc2ccc(OCc3ccccc3)cc2)c1,6.74,0.0,1
CHEMBL235,Cc1oc(-c2ccccc2)nc1CCOc1cccc(CN(CC(=O)O)Cc2ccc(Oc3ccccc3)cc2)c1,6.64,0.0,1
CHEMBL235,Cc1oc(-c2ccccc2)nc1CCOc1cccc(CN(CC(=O)O)Cc2ccc3ccccc3c2)c1,6.84,0.0,1
CHEMBL235,Cc1oc(-c2ccccc2)nc1CCOc1cccc(CN(CC(=O)O)Cc2cccc(Oc3ccccc3)c2)c1,6.96,0.0,1
CHEMBL235,Cc1oc(-c2ccccc2)nc1CCOc1cccc(CN(CC(=O)O)Cc2cccc3ccccc23)c1,7.17,0.0,1
CHEMBL235,Cc1oc(-c2ccccc2)nc1CCOc1cccc(CN(CC(=O)O)Cc2ccccc2)c1,6.62,0.0,1
CHEMBL235,Cc1oc(-c2ccccc2)nc1CCOc1cccc(CN(CCCc2ccccc2)CC(=O)O)c1,6.11,0.0,1
CHEMBL235,Cc1oc(-c2ccccc2)nc1CCOc1cccc(CN(CCc2ccccc2)CC(=O)O)c1,6.87,0.0,1
CHEMBL235,Cc1oc(-c2ccccc2)nc1CCOc1cccc(C[C@@H]2C(=O)N(c3ccc(C(C)(C)C)cc3)[C@@H]2C(=O)O)c1,7.4,0.0,1
CHEMBL235,Cc1oc(-c2ccccc2)nc1CCOc1cccc(C[C@@H]2CN(C(=O)Oc3ccccc3)C[C@@H]2C(=O)O)c1,6.095,0.30405591591021525,2
CHEMBL235,Cc1oc(-c2ccccc2)nc1CCOc1cccc(C[C@@H]2CN(c3ccccc3)C[C@@H]2C(=O)O)c1,6.88,0.31112698372208053,2
CHEMBL235,Cc1oc(-c2ccccc2)nc1CCOc1cccc(C[C@@H]2CN(c3nccc(C(F)(F)F)n3)C[C@@H]2C(=O)O)c1,7.4,0.0,1
CHEMBL235,Cc1oc(-c2ccccc2)nc1CCOc1cccc(C[C@H]2C(=O)N(c3ccc(C(C)(C)C)cc3)[C@H]2C(=O)O)c1,6.1,0.0,1
CHEMBL235,Cc1oc(-c2ccccc2)nc1CCOc1cccc(C[C@H]2CN(C(=O)Oc3ccccc3)C[C@@H]2C(=O)O)c1,5.44,0.0,1
CHEMBL235,Cc1oc(-c2ccccc2)nc1CCOc1cccc(C[C@H]2CN(C(=O)Oc3ccccc3)C[C@@H]2CC(=O)O)c1,6.68,0.0,1
CHEMBL235,Cc1oc(-c2ccccc2)nc1CCOc1cccc(C[C@H]2CN(C(=O)Oc3ccccc3)C[C@H]2C(=O)O)c1,6.23,0.0,1
CHEMBL235,Cc1oc(-c2ccccc2)nc1CCOc1cccc(C[C@H]2CN(c3ccccc3)C[C@H]2C(=O)O)c1,6.85,0.0,1
CHEMBL235,Cc1oc(-c2ccccc2)nc1CCOc1cccc(C[C@H]2CN(c3nccc(C(F)(F)F)n3)C[C@H]2C(=O)O)c1,6.96,0.0,1
CHEMBL235,Cc1oc(-c2ccccc2)nc1CCOc1cccc(Cc2c(C(=O)O)cnn2-c2ccccc2)c1,5.32,0.0,1
CHEMBL235,Cc1oc(-c2ccccc2)nc1CCOc1cccc(Cc2c(C(=O)O)nnn2-c2ccccc2)c1,6.12,0.0,1
CHEMBL235,Cc1oc(-c2ccccc2)nc1CCOc1cccc(Cc2cn(-c3ccccc3)cc2C(=O)O)c1,6.8,0.0,1
CHEMBL235,Cc1oc(-c2ccccc2)nc1CCOc1cccc(Cc2cn(-c3ccccc3)nc2C(=O)O)c1,7.16,0.0,1
CHEMBL235,Cc1oc(-c2ccccc2)nc1CCOc1cccc(Cc2cn(C)cc2C(=O)O)c1,5.78,0.0,1
CHEMBL235,Cc1oc(-c2ccccc2)nc1CCOc1cccc(Cc2nn(-c3ccccc3)cc2C(=O)O)c1,6.85,0.0,1
CHEMBL235,Cc1oc(-c2ccccc2)nc1CCOc1cccc(Cc2nn(-c3ccccc3)nc2C(=O)O)c1,7.16,0.0,1
CHEMBL235,Cc1oc(-c2ccccc2)nc1CCOc1cccc(Cc2nn(-c3ccccc3)nc2CC(=O)O)c1,8.3,0.0,1
CHEMBL235,Cc1oc(-c2ccccc2)nc1CCOc1cccc(Cc2nnn(-c3ccccc3)c2C(=O)O)c1,5.83,0.0,1
CHEMBL235,Cc1oc(-c2ccccc2)nc1CCOc1cccc([C@@H]2CN(C(=O)Oc3ccccc3)C[C@@H]2CC(=O)O)c1,6.62,0.0,1
CHEMBL235,Cc1oc(-c2ccccc2)nc1CCOc1cccc([C@H]2CN(C(=O)Oc3ccccc3)C[C@@H]2CC(=O)O)c1,5.74,0.0,1
CHEMBL235,Cc1sc(N2CCOCC2)nc1CCOc1ccc(CCC(=O)O)c(CNC(=O)OC(C)C)c1,7.66,0.0,1
CHEMBL235,Cn1c(CCCc2ccc(OC(C)(C)C(=O)O)cc2)nn(Cc2ccc(C(C)(C)C)cc2)c1=O,6.28,0.0,1
CHEMBL235,Cn1ccc(-c2onc(-c3c(Cl)cccc3C(F)(F)F)c2COc2ccc(C(=O)O)cc2)c1,4.7,0.0,1
CHEMBL235,N#Cc1cc(NS(=O)(=O)c2ccc(Cl)cc2Cl)ccc1Oc1cncc(Cl)c1,6.96,0.0,1
CHEMBL235,N#Cc1ccc(Cl)c(C(=O)Nc2ccc(-c3ccncc3)nc2)c1,4.59,0.0,1
CHEMBL235,N#Cc1ccc(Cl)c(C(=O)Nc2ccc(N3CCOCC3)nc2)c1,4.59,0.0,1
CHEMBL235,N#Cc1ccc(Cl)c(C(=O)Nc2ccnc(-c3ccc(F)cc3)c2)c1,6.22,0.0,1
CHEMBL235,N#Cc1ccc(Cl)c(C(=O)Nc2ccnc(-c3cccnc3)c2)c1,4.59,0.0,1
CHEMBL235,N#Cc1ccc(Cl)c(C(=O)Nc2ccnc(N3CCOCC3)c2)c1,4.59,0.0,1
CHEMBL235,N#Cc1ccc(OCCN(CCOc2ccc(C#N)cc2)c2ccc(C=C3C(=O)NC(=O)NC3=O)cc2)cc1,5.19,0.0,1
CHEMBL235,N#Cc1cccc(Cl)c1C(=O)c1nc(-c2ccc(C(=O)O)cc2F)c2n1CCCC2,5.11,0.0,1
CHEMBL235,N#Cc1cncc(Oc2c(Cl)cc(NS(=O)(=O)c3ccc(Cl)cc3Cl)cc2Cl)c1,7.57,0.0,1
CHEMBL235,NC(=O)c1cncc(Oc2c(Cl)cc(NS(=O)(=O)c3ccc(Cl)cc3Cl)cc2Cl)c1,7.5,0.0,1
CHEMBL235,N[C@@H](Cc1c[nH]c2ccccc12)C(=O)N[C@@H](CCC(=O)O)C(=O)O,5.06,0.0,1
CHEMBL235,Nc1ccc(CNC(=O)c2ccc3c(ccn3Cc3ccc(F)cc3F)c2)cc1,6.83,0.0,1
CHEMBL235,O=C(CN1CC(=O)Nc2ccccc21)Nc1ccc(S(=O)(=O)NC(=O)NC2CCCCC2)cc1,5.94,0.0,1
CHEMBL235,O=C(COc1cc(O)c2c(=O)cc(-c3ccccc3)oc2c1)NCc1ccc(C(F)(F)F)cc1,5.76,0.0,1
CHEMBL235,O=C(NC1CCCCC1)NS(=O)(=O)c1ccc(CCNS(=O)(=O)c2ccc(Br)cc2)cc1,5.62,0.0,1
CHEMBL235,O=C(NC1CCCCC1)NS(=O)(=O)c1ccc(CCNS(=O)(=O)c2ccc(Cl)cc2)cc1,5.51,0.0,1
CHEMBL235,O=C(NC1CCCCC1)NS(=O)(=O)c1ccc(CCNS(=O)(=O)c2ccccc2)cc1,4.9,0.0,1
CHEMBL235,O=C(NCc1cccc(O)c1)c1ccc(NCc2ccc(-c3ccccc3C(=O)O)cc2)cc1,6.49,0.0,1
CHEMBL235,O=C(NCc1ccccc1)c1ccc2c(ccn2Cc2ccc(F)cc2F)c1,8.3,0.0,1
CHEMBL235,O=C(NCc1cccs1)c1ccc2c(ccn2Cc2ccc(F)cc2F)c1,8.15,0.0,1
CHEMBL235,O=C(NS(=O)(=O)c1ccc(C(F)(F)F)cc1)c1cc2ccccc2n1Cc1ccc(C(F)(F)F)cc1,6.16,0.0,1
CHEMBL235,O=C(NS(=O)(=O)c1ccc(Cl)cc1)c1cc2ccccc2n1Cc1cccc(C(F)(F)F)c1,6.55,0.0,1
CHEMBL235,O=C(NS(=O)(=O)c1ccc(Cl)s1)c1cc2ccccc2n1Cc1cccc(C(F)(F)F)c1,7.1,0.0,1
CHEMBL235,O=C(NS(=O)(=O)c1ccc(F)cc1)c1cc2ccccc2n1Cc1cccc(C(F)(F)F)c1,6.14,0.0,1
CHEMBL235,O=C(NS(=O)(=O)c1ccc2ccccc2c1)c1cc2ccccc2n1Cc1cccc(C(F)(F)F)c1,7.05,0.0,1
CHEMBL235,O=C(NS(=O)(=O)c1cccc(C(F)(F)F)c1)c1cc2cc(Cl)ccc2n1Cc1cccc(C(F)(F)F)c1,6.48,0.0,1
CHEMBL235,O=C(NS(=O)(=O)c1cccc(C(F)(F)F)c1)c1cc2cc(O)ccc2n1Cc1cccc(C(F)(F)F)c1,6.27,0.0,1
CHEMBL235,O=C(NS(=O)(=O)c1cccc(C(F)(F)F)c1)c1cc2cc(OCc3ccccc3)ccc2n1Cc1cccc(C(F)(F)F)c1,6.11,0.0,1
CHEMBL235,O=C(NS(=O)(=O)c1cccc(C(F)(F)F)c1)c1cc2ccccc2n1C(=O)c1cccc(C(F)(F)F)c1,5.03,0.0,1
CHEMBL235,O=C(NS(=O)(=O)c1cccc(C(F)(F)F)c1)c1cc2ccccc2n1Cc1cc(Cl)ccc1Cl,6.42,0.0,1
CHEMBL235,O=C(NS(=O)(=O)c1cccc(C(F)(F)F)c1)c1cc2ccccc2n1Cc1ccc(C(F)(F)F)cc1,6.4,0.0,1
CHEMBL235,O=C(NS(=O)(=O)c1cccc(C(F)(F)F)c1)c1cc2ccccc2n1Cc1cccc(C(F)(F)F)c1,7.1,0.0,1
CHEMBL235,O=C(NS(=O)(=O)c1cccc(C(F)(F)F)c1)c1cc2ccccc2n1Cc1cccc(OC(F)(F)F)c1,7.05,0.0,1
CHEMBL235,O=C(NS(=O)(=O)c1cccc(C(F)(F)F)c1)c1cc2ccccc2n1Cc1cccc(OCc2ccccc2)c1,7.3,0.0,1
CHEMBL235,O=C(NS(=O)(=O)c1cccc(C(F)(F)F)c1)c1cc2ccccc2n1Cc1ccccc1,6.55,0.0,1
CHEMBL235,O=C(NS(=O)(=O)c1ccccc1)c1cc2ccccc2n1Cc1cccc(C(F)(F)F)c1,6.54,0.0,1
CHEMBL235,O=C(NS(=O)(=O)c1ccccc1C(F)(F)F)c1cc2ccccc2n1Cc1cccc(C(F)(F)F)c1,7.1,0.0,1
CHEMBL235,O=C(N[C@@H]1C[C@H]1c1ccccc1)c1ccc2c(ccn2Cc2ccc(F)cc2F)c1,5.17,0.0,1
CHEMBL235,O=C(Nc1cc(Br)ccc1C(=O)O)c1cccc(S(=O)(=O)N2CCc3ccccc3C2)c1,5.4,0.0,1
CHEMBL235,O=C(Nc1ccc(Br)cc1C(=O)O)c1cccc(S(=O)(=O)N2CCc3ccccc3C2)c1,5.6,0.0,1
CHEMBL235,O=C(Nc1ccc(C(F)(F)F)cc1C(=O)O)c1cccc(S(=O)(=O)N2CCc3ccccc3C2)c1,5.5,0.0,1
CHEMBL235,O=C(Nc1ccc(Cl)cc1C(=O)O)c1cccc(S(=O)(=O)N2CCc3c(O)cccc3C2)c1,5.3,0.0,1
CHEMBL235,O=C(Nc1ccc(Cl)cc1C(=O)O)c1cccc(S(=O)(=O)N2CCc3c(cccc3C(=O)O)C2)c1,5.1,0.0,1
CHEMBL235,O=C(Nc1ccc(Cl)cc1C(=O)O)c1cccc(S(=O)(=O)N2CCc3ccc(Cl)cc3C2)c1,5.4,0.0,1
CHEMBL235,O=C(Nc1ccc(Cl)cc1C(=O)O)c1cccc(S(=O)(=O)N2CCc3ccc(F)cc3C2)c1,5.5,0.0,1
CHEMBL235,O=C(Nc1ccc(Cl)cc1C(=O)O)c1cccc(S(=O)(=O)N2CCc3ccccc3C2)c1,5.4,0.0,1
CHEMBL235,O=C(Nc1ccc(F)cc1C(=O)O)c1cccc(S(=O)(=O)N2CCc3ccccc3C2)c1,5.2,0.0,1
CHEMBL235,O=C(Nc1ccccc1C(=O)O)c1cccc(S(=O)(=O)N2CCc3ccccc3C2)c1,5.1,0.0,1
CHEMBL235,O=C(Nc1ccncc1)c1cc([N+](=O)[O-])ccc1Cl,8.33,0.0,1
CHEMBL235,O=C(O)C1CCc2ccc(OCCCOc3ccc(OCC(F)(F)F)cc3Cl)cc2O1,5.39,0.0,1
CHEMBL235,O=C(O)CCN1C(=O)/C(=C\c2ccc(Cl)cc2Cl)SC1=S,6.06,0.0,1
CHEMBL235,O=C(O)CCc1ccc(CNC(=O)c2cccc(CNC(=O)c3ccccc3)c2)cc1,4.2,0.0,1
CHEMBL235,O=C(O)CCc1ccc(OCCCOc2ccc(Oc3ccc(F)cc3)cc2Cl)cc1,5.19,0.0,1
CHEMBL235,O=C(O)COc1ccc(SCc2ccc(OCc3ccc(C(F)(F)F)cc3)cc2)c2c1CCCO2,5.25,0.0,1
CHEMBL235,O=C(O)COc1ccc(SCc2ccc(OCc3ccccc3)cc2)c2c1CCC2,5.12,0.0,1
CHEMBL235,O=C(O)COc1cccc2c1CCN(S(=O)(=O)c1cccc(C(=O)Nc3ccc(Cl)cc3C(=O)O)c1)C2,5.1,0.0,1
CHEMBL235,O=C(O)Cc1coc2cc(OCc3cccc(COc4ccc(C(F)(F)F)cc4)c3)ccc12,5.27,0.0,1
CHEMBL235,O=C(O)Cc1csc2cc(OCc3ccc(COc4ccc(C(F)(F)F)cc4)cc3)ccc12,5.43,0.0,1
CHEMBL235,O=C(O)Cc1csc2cc(OCc3cccc(COc4ccc(C(F)(F)F)cc4)c3)ccc12,5.24,0.0,1
CHEMBL235,O=C(O)Cn1ccc2c(OCCCOc3ccc(C(=O)c4ccc(F)cc4)cc3)cccc21,5.53,0.0,1
CHEMBL235,O=C(O)Cn1ccc2c(OCCCOc3ccc4cc(C(=O)c5ccccc5)ccc4c3)cccc21,5.57,0.0,1
CHEMBL235,O=C(O)Cn1ccc2cc(OCCCOc3ccc(C(=O)c4ccc(F)cc4)cc3)ccc21,6.67,0.0,1
CHEMBL235,O=C(O)Cn1ccc2cc(OCCCOc3ccc4cc(C(=O)c5ccccc5)ccc4c3)ccc21,6.2,0.0,1
CHEMBL235,O=C(O)Cn1ccc2ccc(OCCCOc3ccc(C(=O)c4ccc(F)cc4)cc3)cc21,5.68,0.0,1
CHEMBL235,O=C(O)Cn1ccc2ccc(OCCCOc3ccc4cc(C(=O)c5ccccc5)ccc4c3)cc21,5.8,0.0,1
CHEMBL235,O=C(O)c1c(Oc2cccc(C(F)(F)F)c2)c2ccccc2n1-c1ccc(C(F)(F)F)cc1,6.97,0.0,1
CHEMBL235,O=C(O)c1c(Sc2ccccc2)c2cc(Cl)ccc2n1Cc1ccc(Cl)cc1,7.58,0.0,1
CHEMBL235,O=C(O)c1ccc(-c2nc(C(=O)c3c(Cl)cccc3C(F)(F)F)n3c2CCCC3)c(F)c1,6.12,0.0,1
CHEMBL235,O=C(O)c1ccc(-c2nc(C(=O)c3c(Cl)cccc3C(F)(F)F)n3c2CCCC3)cc1,5.68,0.0,1
CHEMBL235,O=C(O)c1ccc(-c2nc(C(=O)c3c(Cl)cccc3C(F)(F)F)n3ccccc23)c(F)c1,6.5,0.0,1
CHEMBL235,O=C(O)c1ccc(-c2nc(C(=O)c3c(Cl)cccc3C(F)(F)F)n3ccccc23)cc1,5.82,0.0,1
CHEMBL235,O=C(O)c1ccc(-c2nc(C(=O)c3c(Cl)cccc3C(F)(F)F)n3ccccc23)cc1O,6.19,0.0,1
CHEMBL235,O=C(O)c1ccc(-c2nc(C(=O)c3c(Cl)cccc3C(F)(F)F)n3cccnc23)cc1,5.38,0.0,1
CHEMBL235,O=C(O)c1ccc(-c2nc(C(=O)c3c(Cl)cccc3C3CC3)n3c2CCCC3)c(F)c1,5.89,0.0,1
CHEMBL235,O=C(O)c1ccc(-c2nc(C(=O)c3c(Cl)cccc3C3CC3)n3cccnc23)cc1O,5.47,0.0,1
CHEMBL235,O=C(O)c1ccc(-c2nc(C(=O)c3c(Cl)cccc3Cl)n3c2CCCC3)c(F)c1,5.96,0.0,1
CHEMBL235,O=C(O)c1ccc(-c2nc(C(=O)c3c(F)cccc3Cl)n3c2CCCC3)c(F)c1,5.54,0.0,1
CHEMBL235,O=C(O)c1ccc(-c2nc(C(=O)c3ccccc3C(F)(F)F)n3c2CCCC3)c(F)c1,5.25,0.0,1
CHEMBL235,O=C(O)c1ccc(-c2nn(C(=O)c3c(Cl)cccc3C(F)(F)F)c3ccccc23)cc1,5.743333333333333,0.9934955124877681,3
CHEMBL235,O=C(O)c1ccc(/C=C/c2c(-c3c(Cl)cccc3C(F)(F)F)noc2-c2cc[nH]c2)cc1,4.19,0.0,1
CHEMBL235,O=C(O)c1ccc(COc2ccc3ccccc3c2/C=N/c2ccc(N3CCOCC3)cc2)cc1,4.7,0.0,1
CHEMBL235,O=C(O)c1ccc(NCc2c(-c3c(Cl)cccc3C(F)(F)F)noc2-c2cc[nH]c2)cc1,4.045,0.06363961030678918,2
CHEMBL235,O=C(O)c1ccc(NCc2c(-c3c(Cl)cccc3C(F)(F)F)noc2-c2ccccc2)cc1,4.11,0.0,1
CHEMBL235,O=C(O)c1ccc(OCc2c(-c3c(Cl)cccc3C(F)(F)F)noc2-c2cc[nH]c2)cc1,4.2,0.0,1
CHEMBL235,O=C(O)c1ccc(OCc2c(-c3c(Cl)cccc3C(F)(F)F)noc2-c2cc[nH]c2)cc1F,4.17,0.0,1
CHEMBL235,O=C(O)c1ccc(OCc2c(-c3c(Cl)cccc3C(F)(F)F)noc2-c2ccc[nH]2)cc1,4.54,0.0,1
CHEMBL235,O=C(O)c1ccc(OCc2c(-c3c(Cl)cccc3C(F)(F)F)noc2-c2cn[nH]c2)cc1,4.1,0.0,1
CHEMBL235,O=C(O)c1cccc(OS(=O)(=O)/C=C/c2ccccc2)c1,4.87,0.0,1
CHEMBL235,O=C(O)c1nn(Cc2ccc(Cl)c(Cl)c2)c(=O)c2cc(Oc3ccccc3)ccc12,7.21,0.5798275605729691,2
CHEMBL235,O=C(Oc1ccc([N+](=O)[O-])cc1)c1cn(-c2ccccc2)nc1-c1ccccc1,6.01,0.0,1
CHEMBL235,O=C(c1c(Cl)cccc1C(F)(F)F)c1nc(C2=CCC(C(=O)O)CC2)c2ccccn12,5.75,0.0,1
CHEMBL235,O=C1CN(C(=O)CNc2ccc(S(=O)(=O)NC(=O)NC3CCCCC3)cc2)c2ccccc2N1,5.94,0.0,1
CHEMBL235,O=C1NC(=O)C(=Cc2ccc(N(CCO)CCOC(c3ccccc3)(c3ccccc3)c3ccccc3)cc2)C(=O)N1,4.65,0.0,1
CHEMBL235,O=C1NC(=O)C(=Cc2ccc(N(CCOCc3ccccc3)CCOCc3ccccc3)cc2)C(=O)N1,4.11,0.0,1
CHEMBL235,O=C1NC(=O)C(=Cc2ccc(N(CCOc3ccc([N+](=O)[O-])cc3)CCOc3ccc([N+](=O)[O-])cc3)cc2)C(=O)N1,5.0,0.0,1
CHEMBL235,O=C1NC(=O)C(=Cc2ccc(OCc3ccccc3)cc2)C(=O)N1,7.0,0.0,1
CHEMBL235,O=C1NC(=O)C(Cc2ccc(OCC(=O)c3ccccc3)cc2)S1,4.93,0.0,1
CHEMBL235,O=C1NC(=O)C(c2cccc(OCCCOc3ccc(Oc4ccccc4)cc3)c2)S1,7.12,0.0,1
CHEMBL235,O=Cc1ccc(OS(=O)(=O)/C=C/c2ccccc2)cc1,5.68,0.0,1
CHEMBL235,O=S(=O)(/C=C/c1ccccc1)Oc1c(Cl)cc(Cl)cc1Cl,5.84,0.0,1
CHEMBL235,O=S(=O)(/C=C/c1ccccc1)Oc1ccc(Cl)cc1,6.52,0.0,1
CHEMBL235,O=S(=O)(/C=C/c1ccccc1)Oc1ccc(OCc2ccccc2)cc1,6.15,0.0,1
CHEMBL235,O=S(=O)(/C=C/c1ccccc1)Oc1ccc2ccccc2c1,5.96,0.0,1
CHEMBL235,O=S(=O)(/C=C/c1ccccc1)Oc1cccc(Oc2ccccc2)c1,6.42,0.0,1
CHEMBL235,O=S(=O)(/C=C/c1ccccc1)Oc1ccccc1,5.88,0.0,1
CHEMBL235,O=S(=O)(NCCc1ccc(S(=O)(=O)NC(=S)Nc2ccc(Cl)cc2)cc1)c1ccc(Cl)cc1,4.48,0.0,1
CHEMBL235,O=S(=O)(NCCc1ccc(S(=O)(=O)NC(=S)Nc2ccc(Cl)cc2)cc1)c1ccccc1,4.48,0.0,1
CHEMBL235,O=S(=O)(Nc1cc(-c2cccs2)nn1-c1ccc(F)cc1)c1cc(C(F)(F)F)cc(C(F)(F)F)c1,7.64,0.0,1
CHEMBL235,O=S(=O)(Nc1cc(-c2cccs2)nn1-c1ccc(F)cc1)c1ccc(-c2cc(C(F)(F)F)on2)s1,6.76,0.0,1
CHEMBL235,O=S(=O)(Nc1cc(-c2cccs2)nn1-c1ccc(F)cc1)c1cccc(F)c1,6.29,0.0,1
CHEMBL235,O=S(=O)(Nc1cc(C(F)(F)F)c(Oc2cncc(Cl)c2)c(C(F)(F)F)c1)c1ccc(Cl)cc1Cl,7.51,0.0,1
CHEMBL235,O=S(=O)(Nc1cc(Cl)c(Oc2ccc3ncccc3c2)c(Cl)c1)c1ccc(Cl)cc1Cl,7.7,0.0,1
CHEMBL235,O=S(=O)(Nc1cc(Cl)c(Oc2cnc3ccccc3c2)c(Cl)c1)c1ccc(C(F)(F)F)cc1Cl,7.6,0.0,1
CHEMBL235,O=S(=O)(Nc1cc(Cl)c(Oc2cnc3ccccc3c2)c(Cl)c1)c1ccc(Cl)cc1Cl,7.76,0.014142135623730649,2
CHEMBL235,O=S(=O)(Nc1cc(Cl)c(Oc2cncc(Cl)c2)c(Cl)c1)c1ccc(Cl)cc1Cl,7.68,0.0,1
CHEMBL235,O=S(=O)(Nc1cc(F)c(Oc2cncc(Cl)c2)c(Cl)c1)c1ccc(Cl)cc1Cl,7.75,0.0,1
CHEMBL235,O=S(=O)(Nc1ccc(Oc2ccc3ccccc3c2)c(Cl)c1)c1ccc(Cl)cc1Cl,6.32,0.0,1
CHEMBL235,O=S(=O)(Nc1ccc(Oc2cnc3ccccc3c2)c(Cl)c1)c1ccc(Cl)cc1Cl,7.75,0.0,1
CHEMBL235,O=S(=O)(Nc1ccc(Oc2cnc3ccccc3c2)c(F)c1)c1ccc(Cl)cc1Cl,7.4,0.0,1
CHEMBL235,O=S(=O)(Nc1ccc(Oc2cncc(Cl)c2)c(C(F)(F)F)c1)c1ccc(Cl)cc1Cl,7.18,0.0,1
CHEMBL235,O=S(=O)(Nc1ccc(Oc2cncc(Cl)c2)c(Cl)c1)c1ccc(Cl)cc1Cl,7.68,0.0,1
CHEMBL235,O=S(=O)(Nc1ccc(Oc2cncc(Cl)c2)c(F)c1)c1ccc(Cl)cc1Cl,7.44,0.0,1
CHEMBL235,O=S(=O)(Nc1ccc(Oc2cncc(Cl)c2)cc1)c1ccc(Cl)cc1Cl,5.7,0.0,1
CHEMBL235,O=c1c(O)c(-c2ccc(O)c(O)c2)oc2cc(O)cc(O)c12,4.58,0.0,1
CHEMBL235,O=c1c(O)c(-c2ccc(O)cc2)oc2cc(O)cc(O)c12,4.64,0.0,1
CHEMBL235,O=c1cc(-c2ccccc2)oc2cc(O)cc(O)c12,4.26,0.0,1
CHEMBL235,[C-]#[N+]c1ccc(CNC(=O)c2ccc3c(c2)c(C)c(C)n3Cc2ccc(-c3ccccc3C(=O)O)cc2)cc1,7.47,0.0,1
