chembl_id,smiles,pchembl_value,pchembl_std,n_records
CHEMBL268,C/C(=N/NC(N)=S)c1ccc(Sc2ccccc2)cc1,4.98,0.0,1
CHEMBL268,C/C(=N/NC(N)=S)c1csc(-c2ccccc2)n1,7.0,0.0,1
CHEMBL268,C/C(=N\NC(N)=S)C1CCCCCCCCCCC1,5.12,0.0,1
CHEMBL268,C/C(=N\NC(N)=S)[C@]1(C)C[C@]2(CC(C)(C)OC2=O)C(=O)O1,5.24,0.0,1
CHEMBL268,C/C(COc1ccc(-c2csnn2)cc1)=N\NC(N)=S,5.8,0.0,1
CHEMBL268,C/C=C/C[C@@H](C=O)NC(=O)OC(C)(C)C,6.82,0.0,1
CHEMBL268,C/C=C\C[C@@H](C=O)NC(=O)OC(C)(C)C,7.39,0.0,1
CHEMBL268,C=C(C)C[C@@H](C=O)NC(=O)OC(C)(C)C,7.1,0.0,1
CHEMBL268,CC#CC[C@@H](C=O)NC(=O)OC(C)(C)C,6.39,0.0,1
CHEMBL268,CC(=O)CN1CCN(c2ccc(-c3cccc(C(CC(C)C)C(=O)NCC#N)c3)cc2)CC1,8.0,0.0,1
CHEMBL268,CC(=O)N1CC(=O)C(NC(=O)[C@H](CC(C)(C)F)N[C@@H](c2ccc(-c3ccc(S(C)(=O)=O)cc3)cc2)C(F)(F)F)C1,8.38,0.0,1
CHEMBL268,CC(=O)N1CCC(CCOc2ccc(-c3cc4c(ncn4C)c(C#N)n3)cc2C(F)(F)F)CC1,5.72,0.0,1
CHEMBL268,CC(=O)N1CCC(Cn2cc(-c3ccc(C[C@@H](C#N)NC(=O)[C@H]4N[C@@H]5CC[C@H]4C5)c(F)c3)cn2)CC1,5.41,0.0,1
CHEMBL268,CC(=O)N1CCCN(c2ccc(OCc3cc4cnc(C#N)nc4n3CCC3CCCCC3)cc2)CC1,6.54,0.0,1
CHEMBL268,CC(=O)N1CCN(C(=O)c2cc(-c3ccc(C[C@@H](C#N)NC(=O)[C@H]4N[C@@H]5CC[C@H]4C5)c(F)c3)cs2)CC1,5.62,0.0,1
CHEMBL268,CC(=O)N1CCN(CC#Cc2ccc(CN(CC(C)(C)C)c3ccnc(C#N)n3)cc2)CC1,8.19,0.0,1
CHEMBL268,CC(=O)N1CCN(c2ccc(OCc3cc4cnc(C#N)nc4n3CCC3CCC(F)(F)CC3)cc2)CC1,5.27,0.0,1
CHEMBL268,CC(=O)N1CCN(c2ccc(OCc3cc4cnc(C#N)nc4n3CCC3CCCC3)cc2)CC1,7.1,0.0,1
CHEMBL268,CC(=O)N1CCN(c2ccc(OCc3cc4cnc(C#N)nc4n3CCC3CCCCC3)c(F)c2)CC1,5.23,0.0,1
CHEMBL268,CC(=O)N1CCN(c2ccc(OCc3cc4cnc(C#N)nc4n3CCC3CCCCC3)cc2)CC1,5.78,0.0,1
CHEMBL268,CC(=O)N1CCN(c2nc(C#N)nc(NCC(C)C)c2N)CC1,8.05,0.0,1
CHEMBL268,CC(=O)NCCn1cc(-c2ccc(C[C@@H](C#N)NC(=O)[C@H]3N[C@@H]4CC[C@H]3C4)c(F)c2)cn1,5.54,0.0,1
CHEMBL268,CC(=O)O[C@@H]1NC(=O)[C@H]1NC(=O)[C@H](Cc1ccccc1)NC(=O)OCc1ccccc1,7.0,0.0,1
CHEMBL268,CC(=O)c1ccc(-c2ccc(CC(C#N)NC(=O)[C@H]3N[C@@H]4CC[C@H]3C4)c(F)c2)s1,5.14,0.0,1
CHEMBL268,CC(=O)c1cn(-c2ccc(C[C@@H](C#N)NC(=O)[C@H]3N[C@@H]4CC[C@H]3C4)c(F)c2)nn1,5.46,0.0,1
CHEMBL268,CC(=O)n1cc(-c2ccc(C[C@@H](C#N)NC(=O)[C@H]3N[C@@H]4CC[C@H]3C4)c(F)c2)cn1,5.54,0.0,1
CHEMBL268,CC(=O)n1nc(-c2ccc(CC(C#N)NC(=O)[C@H]3N[C@@H]4CC[C@H]3C4)c(F)c2)cc1C,5.1,0.0,1
CHEMBL268,CC(C)(C#N)c1cnc(N2CCN(C(=O)[C@@H]3CCCC[C@H]3C(=O)NC3(C#N)CC3)CC2)s1,7.4,0.0,1
CHEMBL268,CC(C)(C)CCCn1c(Cc2ccc(Cl)cc2)cc2cnc(C#N)nc21,7.0,0.0,1
CHEMBL268,CC(C)(C)CN(Cc1ccc(-c2ccccc2)cc1)c1nccc(C#N)n1,6.63,0.0,1
CHEMBL268,CC(C)(C)CN(Cc1ccc(/C=C/CN2CCC(N3CCCCC3)CC2)cc1)c1ccnc(C#N)n1,9.0,0.0,1
CHEMBL268,CC(C)(C)CN(Cc1ccc(Br)cc1)c1nccc(C#N)n1,6.01,0.0,1
CHEMBL268,CC(C)(C)CN(Cc1ccc(C#CCN2CCC(N3CCCCC3)CC2)cc1)c1ccnc(C#N)n1,8.44,0.0,1
CHEMBL268,CC(C)(C)CN(Cc1ccc(C#CCN2CCCCC2)cc1)c1ccnc(C#N)n1,8.14,0.0,1
CHEMBL268,CC(C)(C)CN(Cc1ccc(C#CCn2cncn2)cc1)c1ccnc(C#N)n1,8.07,0.0,1
CHEMBL268,CC(C)(C)CN(Cc1ccc(Cn2cncn2)cc1)c1ccnc(C#N)n1,8.32,0.0,1
CHEMBL268,CC(C)(C)CN(Cc1ccc(I)cc1)c1ccnc(C#N)n1,7.72,0.0,1
CHEMBL268,CC(C)(C)CN(Cc1ccc2ccccc2c1)c1nccc(C#N)n1,6.45,0.0,1
CHEMBL268,CC(C)(C)CN(Cc1ccccc1)c1ccnc(C#N)n1,7.16,0.0,1
CHEMBL268,CC(C)(C)CNc1nc(C#N)nc(N2CCOCC2)c1N,7.77,0.0,1
CHEMBL268,CC(C)(C)CNc1nc(C#N)ncc1C#CCN1CCN(S(=O)(=O)CCCCl)CC1,8.43,0.0,1
CHEMBL268,CC(C)(C)CNc1nc(C#N)ncc1C#CCN1CCc2ccccc2C1,8.49,0.0,1
CHEMBL268,CC(C)(C)CNc1nc(C#N)ncc1C#CCN1Cc2ccccc2C1,8.0,0.0,1
CHEMBL268,CC(C)(C)CNc1nc(C#N)ncc1C#CCOc1cccnc1,8.07,0.0,1
CHEMBL268,CC(C)(C)CNc1nc(C#N)ncc1C#CCn1cnc(Cl)c1Cl,8.14,0.0,1
CHEMBL268,CC(C)(C)CNc1nc(C#N)ncc1C(=O)NCCc1ccc(N2CCCC2)cc1,9.52,0.0,1
CHEMBL268,CC(C)(C)C[C@@H](C=O)NC(=O)OC(C)(C)C,6.6,0.0,1
CHEMBL268,CC(C)(C)Cn1c(CN2C(=O)C3(CCNCC3)c3cc(F)ccc32)cc2cnc(C#N)nc21,8.77,0.0,1
CHEMBL268,CC(C)(C)Cn1c(CN2C(=O)OC(C)(C)C2=O)cc2cnc(C#N)nc21,8.4,0.0,1
CHEMBL268,CC(C)(C)Cn1c(CN2CCN(c3ccc(F)cc3)CC2)cc2cnc(C#N)nc21,9.0,0.0,1
CHEMBL268,CC(C)(C)Cn1c(COc2ccncc2)cc2cnc(C#N)nc21,8.52,0.0,1
CHEMBL268,CC(C)(C)Cn1c(Cc2ccc(-c3ccc4c(c3)OCO4)cc2)cc2cnc(C#N)nc21,8.96,0.0,1
CHEMBL268,CC(C)(C)Cn1c(Cc2ccc(NS(=O)(=O)CC(F)(F)F)cc2)cc2cnc(C#N)nc21,8.96,0.0,1
CHEMBL268,CC(C)(C)Cn1c(Cc2ccccc2)cc2cnc(C#N)nc21,8.92,0.0,1
CHEMBL268,CC(C)(C)Cn1c(Cn2ccnc2)cc2cnc(C#N)nc21,8.22,0.0,1
CHEMBL268,CC(C)(C)Cn1c(Cn2ccnn2)cc2cnc(C#N)nc21,8.3,0.0,1
CHEMBL268,CC(C)(C)Cn1c(Cn2cnc(Cl)c2Cl)cc2cnc(C#N)nc21,8.4,0.0,1
CHEMBL268,CC(C)(C)N1CCN(c2ccc(C[C@@H](C#N)NC(=O)[C@H]3N[C@@H]4CC[C@H]3C4)c(F)c2)CC1,5.42,0.0,1
CHEMBL268,CC(C)(C)NC(=O)N[C@H](C(=O)N1C[C@H]2[C@@H]([C@H]1C(=O)NC(CC1CCC1)C(=O)C(N)=O)C2(C)C)C(C)(C)C,7.4,0.0,1
CHEMBL268,CC(C)(C)NC(=O)[C@H]1CCCN1C#N,5.09,0.0,1
CHEMBL268,CC(C)(C)NCCCc1cc(-c2cccc(C(F)(F)F)c2)nc(C#N)n1,8.0,0.0,1
CHEMBL268,CC(C)(C)OC(=O)N1CCCN1C#N,6.42,0.0,1
CHEMBL268,CC(C)(C)OC(=O)NC(C=O)C1CCCCC1,7.58,0.0,1
CHEMBL268,CC(C)(C)OC(=O)NCC=O,5.24,0.0,1
CHEMBL268,CC(C)(C)OC(=O)N[C@@H]1CCN(C#N)C1,6.7,0.0,1
CHEMBL268,CC(C)(C)OC(=O)N[C@H](C=O)C(C)(C)C,4.28,0.0,1
CHEMBL268,CC(C)(C)OC(=O)N[C@H](C=O)C1CCCCC1,7.58,0.0,1
CHEMBL268,CC(C)(C)OC(=O)N[C@H](C=O)CC1CCCCC1,7.44,0.0,1
CHEMBL268,CC(C)(C)OC(=O)N[C@H](C=O)CCC1CCCCC1,7.58,0.0,1
CHEMBL268,CC(C)(C)OC(=O)N[C@H](C=O)CCCC(F)(F)F,7.06,0.0,1
CHEMBL268,CC(C)(C)OC(=O)N[C@H](C=O)CCCC1CCCCC1,7.8,0.0,1
CHEMBL268,CC(C)(C)OC(=O)N[C@H](C=O)CCCCNC(=O)C(F)(F)F,7.39,0.0,1
CHEMBL268,CC(C)(C)OC(=O)N[C@H](C=O)CCCc1ccccc1,7.82,0.0,1
CHEMBL268,CC(C)(C)OC(=O)N[C@H](C=O)CCc1ccccc1,7.52,0.0,1
CHEMBL268,CC(C)(C)OC(=O)N[C@H](C=O)COCc1ccccc1,7.42,0.0,1
CHEMBL268,CC(C)(C)OC(=O)N[C@H](C=O)CSCc1ccccc1,7.4,0.0,1
CHEMBL268,CC(C)(C)OC(=O)N[C@H](C=O)Cc1ccccc1,6.96,0.0,1
CHEMBL268,CC(C)(C)OC(=O)N[C@H](C=O)c1ccccc1,7.29,0.0,1
CHEMBL268,CC(C)(C)OC(=O)N[C@H]1CCN(C#N)C1,7.09,0.0,1
CHEMBL268,CC(C)(C)OC(=O)[C@@H]1CCCN1C#N,7.22,0.0,1
CHEMBL268,CC(C)(C)OC(=O)[C@H]1CCCN1C#N,6.52,0.0,1
CHEMBL268,CC(C)(C)O[C@@H]1NC(=O)[C@H]1NC(=O)[C@H](Cc1ccccc1)NC(=O)OCc1ccccc1,5.6,0.0,1
CHEMBL268,CC(C)(C)[C@@H](C#N)NC(=O)[C@@H]1CCCC[C@H]1C(=O)N1CCc2[nH]c3ccc(F)cc3c2C1,6.11,0.0,1
CHEMBL268,CC(C)(C)[C@@H](Cn1ccc(-c2ccc(C(F)(F)F)cc2)n1)OC(=O)NCC(=O)CNS(=O)(=O)c1ccccn1,7.19,0.0,1
CHEMBL268,CC(C)(C)[C@H](NC(=O)C(F)(F)F)C(=O)N1C[C@H]2[C@@H]([C@H]1C(=O)N[C@H](C#N)C[C@@H]1CCNC1=O)C2(C)C,5.92,0.0,1
CHEMBL268,CC(C)(C)[C@H](NC(=O)Cc1cc(Cl)cc(Cl)c1)C(=O)NCC(=O)NC/C=C/S(C)(=O)=O,4.02,0.0,1
CHEMBL268,CC(C)(C)c1csc(N2CCN(C(=O)[C@@H]3CCCC[C@H]3C(=O)NC3(C#N)CC3)CC2)n1,8.0,0.0,1
CHEMBL268,CC(C)(C)n1cc(-c2ccc(C[C@@H](C#N)NC(=O)[C@H]3N[C@@H]4CC[C@H]3C4)c(F)c2)cn1,5.42,0.0,1
CHEMBL268,CC(C)(F)C[C@H](NC(=O)c1cc2ccccc2o1)C(=O)N[C@H]1CCCN(S(=O)(=O)c2ccccn2)CC1=O,9.8,0.0,1
CHEMBL268,CC(C)(F)C[C@H](N[C@@H](c1ccc(-c2ccc(C(C)(C)O)cc2)cc1)C(F)(F)F)C(=O)NC1(C#N)CC1,9.7,0.0,1
CHEMBL268,CC(C)(F)C[C@H](N[C@@H](c1ccc(-c2ccc(C3(C(N)=O)CC3)cc2)cc1)C(F)(F)F)C(=O)NC1(C#N)CC1,9.7,0.0,1
CHEMBL268,CC(C)(F)C[C@H](N[C@@H](c1ccc(-c2ccc(C3(C(N)=O)CC3)cc2F)cc1)C(F)(F)F)C(=O)NC1(C#N)CC1,9.52,0.0,1
CHEMBL268,CC(C)(F)C[C@H](N[C@@H](c1ccc(-c2ccc(C3(C(N)=O)CC3)cc2F)cc1)C(F)F)C(=O)NC1(C#N)CC1,9.52,0.0,1
CHEMBL268,CC(C)(F)C[C@H](N[C@@H](c1ccc(-c2ccc(C3(C(N)=O)CC3)cn2)cc1)C(F)(F)F)C(=O)NC1(C#N)CC1,9.3,0.0,1
CHEMBL268,CC(C)(F)C[C@H](N[C@@H](c1ccc(-c2ccc(C3(O)CC3)cc2)cc1)C(F)(F)F)C(=O)NC1(C#N)CC1,9.7,0.0,1
CHEMBL268,CC(C)(F)C[C@H](N[C@@H](c1ccc(-c2ccc(C3(O)CC3)cn2)cc1)C(F)(F)F)C(=O)NC1(C#N)CC1,9.52,0.0,1
CHEMBL268,CC(C)(F)C[C@H](N[C@@H](c1ccc(-c2ccc(S(C)(=O)=O)cc2)cc1)C(F)(F)F)C(=O)NC1(C#N)CC1,9.235,0.657609306503489,2
CHEMBL268,CC(C)(F)C[C@H](N[C@@H](c1ccc(-c2ccc(S(C)(=O)=O)cc2)cc1)C(F)(F)F)C(=O)NC1CCCN(S(=O)(=O)Cc2ccccc2)CC1=O,6.8,0.0,1
CHEMBL268,CC(C)(F)C[C@H](N[C@@H](c1ccc(-c2ccc(S(C)(=O)=O)cc2)cc1)C(F)(F)F)C(=O)NC1CCCN(S(=O)(=O)c2cccc[n+]2[O-])CC1=O,8.59,0.0,1
CHEMBL268,CC(C)(F)C[C@H](N[C@@H](c1ccc(-c2ccc(S(C)(=O)=O)cc2)cc1)C(F)(F)F)C(=O)NC1CCCN(S(=O)(=O)c2ccccn2)CC1=O,8.479999999999999,0.41617304093369595,3
CHEMBL268,CC(C)(F)C[C@H](N[C@@H](c1ccc(-c2ccc(S(C)(=O)=O)cc2)cc1)C(F)(F)F)C(=O)NC1CCCN(S(C)(=O)=O)CC1=O,7.8,0.0,1
CHEMBL268,CC(C)(F)C[C@H](N[C@@H](c1ccc(-c2ccc(S(C)(=O)=O)cc2)cc1)C(F)(F)F)C(=O)NC1CCCNCC1=O,7.48,0.0,1
CHEMBL268,CC(C)(F)C[C@H](N[C@@H](c1ccc(-c2ccc(S(C)(=O)=O)cc2)cc1)C(F)(F)F)C(=O)NC1CCN(S(=O)(=O)c2ccccn2)CC1=O,8.24,0.0,1
CHEMBL268,CC(C)(F)C[C@H](N[C@@H](c1ccc(-c2ccc(S(C)(=O)=O)cc2)cc1)C(F)(F)F)C(=O)NC1CCN(c2ccccc2)CC1=O,8.08,0.0,1
CHEMBL268,CC(C)(F)C[C@H](N[C@@H](c1ccc(-c2ccc(S(C)(=O)=O)cc2)cc1)C(F)(F)F)C(=O)NC1CCN(c2ccccc2S(C)(=O)=O)CC1=O,8.16,0.0,1
CHEMBL268,CC(C)(F)C[C@H](N[C@@H](c1ccc(-c2ccc(S(C)(=O)=O)cc2)cc1)C(F)(F)F)C(=O)NC1CN(C(=O)NCc2ccccc2)CC1=O,7.82,0.0,1
CHEMBL268,CC(C)(F)C[C@H](N[C@@H](c1ccc(-c2ccc(S(C)(=O)=O)cc2)cc1)C(F)(F)F)C(=O)NC1CN(C(=O)NS(=O)(=O)c2ccccc2)CC1=O,7.17,0.0,1
CHEMBL268,CC(C)(F)C[C@H](N[C@@H](c1ccc(-c2ccc(S(C)(=O)=O)cc2)cc1)C(F)(F)F)C(=O)NC1CN(C(=O)Nc2ccccc2)CC1=O,8.14,0.0,1
CHEMBL268,CC(C)(F)C[C@H](N[C@@H](c1ccc(-c2ccc(S(C)(=O)=O)cc2)cc1)C(F)(F)F)C(=O)NC1CN(C(=O)OC(C)(C)C)CC1=O,8.41,0.0,1
CHEMBL268,CC(C)(F)C[C@H](N[C@@H](c1ccc(-c2ccc(S(C)(=O)=O)cc2)cc1)C(F)(F)F)C(=O)NC1CN(C(=O)c2ccccc2)CC1=O,8.54,0.0,1
CHEMBL268,CC(C)(F)C[C@H](N[C@@H](c1ccc(-c2ccc(S(C)(=O)=O)cc2)cc1)C(F)(F)F)C(=O)NC1CN(C(N)=O)CC1=O,8.14,0.0,1
CHEMBL268,CC(C)(F)C[C@H](N[C@@H](c1ccc(-c2ccc(S(C)(=O)=O)cc2)cc1)C(F)(F)F)C(=O)NC1CN(S(=O)(=O)c2ccccn2)CC1=O,7.07,0.0,1
CHEMBL268,CC(C)(F)C[C@H](N[C@@H](c1ccc(-c2ccc(S(C)(=O)=O)cc2)cc1)C(F)(F)F)C(=O)NC1CN(S(C)(=O)=O)CC1=O,7.57,0.0,1
CHEMBL268,CC(C)(F)C[C@H](N[C@@H](c1ccc(-c2ccc(S(C)(=O)=O)cc2)cc1)C(F)(F)F)C(=O)NC1CNCC1=O,8.01,0.0,1
CHEMBL268,CC(C)(F)C[C@H](N[C@@H](c1ccc(-c2ccc(S(C)(=O)=O)cc2)cc1)C(F)F)C(=O)NC1(C#N)CC1,9.0,0.0,1
CHEMBL268,CC(C)(F)C[C@H](N[C@@H](c1ccc(-c2ccc(S(C)(=O)=O)nc2)cc1)C(F)(F)F)C(=O)NC1(C#N)CC1,8.59,0.0,1
CHEMBL268,CC(C)(F)C[C@H](N[C@@H](c1ccc(-c2ccc([C@@H](O)C(F)F)cc2)cc1)C(F)(F)F)C(=O)NC1(C#N)CC1,9.4,0.0,1
CHEMBL268,CC(C)(F)C[C@H](N[C@@H](c1ccc(-c2ccc([C@H](O)C(F)F)cc2)cc1)C(F)(F)F)C(=O)NC1(C#N)CC1,9.4,0.0,1
CHEMBL268,CC(C)(F)C[C@H](N[C@@H](c1ccc(-c2ccc3ncccc3c2)cc1)C(F)(F)F)C(=O)NC1(C#N)CC1,9.4,0.0,1
CHEMBL268,CC(C)(NC(=O)[C@@H]1C[C@@H](S(=O)(=O)c2ccccc2Cl)CN1C(=O)C1(c2ccc(Cl)cc2)CC1)C(=O)C(=O)NC1CC1,4.6,0.0,1
CHEMBL268,CC(C)(NCCCc1cc(-c2cccc(C(F)(F)F)c2)nc(C#N)n1)C(N)=O,8.52,0.0,1
CHEMBL268,CC(C)=CCC/C(C)=C/Cc1c(CCC(=O)c2ccc(O)cc2O)cc(-c2cc(O)c(O)c(C/C=C(\C)CCC=C(C)C)c2CCC(=O)c2ccc(O)cc2O)c(O)c1O,7.01,0.0,1
CHEMBL268,CC(C)=CCC/C(C)=C/Cc1c(CCC(=O)c2ccc(O)cc2O)ccc(O)c1O,6.77,0.0,1
CHEMBL268,CC(C)=CCCC1(C)C=Cc2c(cc(O)c3c2OC(c2ccc(O)cc2)CC3=O)O1,6.08,0.0,1
CHEMBL268,CC(C)C(NC(=O)OC(C)(C)C)C(=O)N1CCCCN1C#N,7.26,0.0,1
CHEMBL268,CC(C)C(NC(=O)OCc1ccccc1)C(=O)N1CCCCN1C#N,9.0,0.0,1
CHEMBL268,CC(C)C(NC(=O)c1ccc(OCc2ccccn2)c(C(F)(F)F)c1Cl)C(=O)C(=O)Nc1ccn(C)n1,7.94,0.0,1
CHEMBL268,CC(C)C(Nc1ccc(Cl)cc1)C(=O)N1CCCCN1C#N,7.62,0.0,1
CHEMBL268,CC(C)C(Nc1cccc(C#N)c1)C(=O)N1CCCCN1C#N,8.4,0.0,1
CHEMBL268,CC(C)C(Nc1cccc(C(F)(F)F)c1)C(=O)N1CCCCN1C#N,7.64,0.0,1
CHEMBL268,CC(C)C(Nc1cccc(Cl)c1)C(=O)N1CCCCN1C#N,7.96,0.0,1
CHEMBL268,CC(C)C(Nc1ccccc1)C(=O)N1CCCCN1C#N,7.6,0.0,1
CHEMBL268,CC(C)C(O)Cc1cn(-c2ccc(C[C@@H](C#N)NC(=O)[C@H]3N[C@@H]4CC[C@H]3C4)c(F)c2)nn1,5.35,0.0,1
CHEMBL268,CC(C)C(OC(=O)NCC(=O)C(=O)NCc1cccs1)C(C)C,4.92,0.0,1
CHEMBL268,CC(C)C(OC(=O)N[C@@H](C)C(=O)C(=O)NCc1cccs1)C(C)C,6.44,0.0,1
CHEMBL268,CC(C)C(OC(=O)N[C@@H](CC1CCCCC1)C(=O)C(=O)NCc1cccs1)C(C)C,7.85,0.0,1
CHEMBL268,CC(C)C(OC(=O)N[C@@H](Cc1ccccc1)C(=O)C(=O)NCc1cccs1)C(C)C,7.57,0.0,1
CHEMBL268,CC(C)C(OC(=O)N[C@H](C(=O)C(=O)NCc1cccs1)C(C)C)C(C)C,7.33,0.0,1
CHEMBL268,CC(C)CC(=O)n1cc(-c2ccc(C[C@@H](C#N)NC(=O)[C@H]3N[C@@H]4CC[C@H]3C4)c(F)c2)cn1,5.48,0.0,1
CHEMBL268,CC(C)CC(C(=O)N(CC#N)OC(=O)C(F)(F)F)c1cccc(-c2ccncc2)c1,6.82,0.0,1
CHEMBL268,CC(C)CC(C(=O)NC1(C#N)CC1)c1cccc(-c2ccc(N3CCNCC3)cc2)c1,8.52,0.0,1
CHEMBL268,CC(C)CC(C(=O)NCC#N)c1ccc(-c2ccccc2)cc1,6.1,0.0,1
CHEMBL268,CC(C)CC(C(=O)NCC#N)c1cccc(-c2ccc(-c3ccncc3)cc2)c1,7.01,0.0,1
CHEMBL268,CC(C)CC(C(=O)NCC#N)c1cccc(-c2ccc(-n3cnnn3)cc2)c1,5.59,0.0,1
CHEMBL268,CC(C)CC(C(=O)NCC#N)c1cccc(-c2ccc(C(N)=O)cc2)c1,5.99,0.0,1
CHEMBL268,CC(C)CC(C(=O)NCC#N)c1cccc(-c2ccc(C34CCN(CC3)CC4)cc2)c1,7.43,0.0,1
CHEMBL268,CC(C)CC(C(=O)NCC#N)c1cccc(-c2ccc(C3=CCNCC3)cc2)c1,7.24,0.0,1
CHEMBL268,CC(C)CC(C(=O)NCC#N)c1cccc(-c2ccc(C3CCNCC3)cc2)c1,7.75,0.0,1
CHEMBL268,CC(C)CC(C(=O)NCC#N)c1cccc(-c2ccc(C3CNCCN3)cc2)c1,6.955,0.40305086527633227,2
CHEMBL268,CC(C)CC(C(=O)NCC#N)c1cccc(-c2ccc(C3CNCCO3)cc2)c1,6.21,0.0,1
CHEMBL268,CC(C)CC(C(=O)NCC#N)c1cccc(-c2ccc(C3COCCN3)cc2)c1,6.2,0.0,1
CHEMBL268,CC(C)CC(C(=O)NCC#N)c1cccc(-c2ccc(N3CCN(C(=O)OC(C)(C)C)CC3)cc2)c1,6.04,0.0,1
CHEMBL268,CC(C)CC(C(=O)NCC#N)c1cccc(-c2ccc(N3CCN(C(C)(C)C)CC3)cc2)c1,7.7,0.0,1
CHEMBL268,CC(C)CC(C(=O)NCC#N)c1cccc(-c2ccc(N3CCN(C)CC3)cc2)c1,8.1,0.0,1
CHEMBL268,CC(C)CC(C(=O)NCC#N)c1cccc(-c2ccc(N3CCN(CC(C)(C)N)CC3)cc2)c1,7.8,0.0,1
CHEMBL268,CC(C)CC(C(=O)NCC#N)c1cccc(-c2ccc(N3CCN(CC(C)(C)O)CC3)cc2)c1,8.22,0.0,1
CHEMBL268,CC(C)CC(C(=O)NCC#N)c1cccc(-c2ccc(N3CCN(CCO)CC3)cc2)c1,7.92,0.0,1
CHEMBL268,CC(C)CC(C(=O)NCC#N)c1cccc(-c2ccc(N3CCNCC3)cc2)c1,8.05,0.0,1
CHEMBL268,CC(C)CC(C(=O)NCC#N)c1cccc(-c2ccc(N3CCOCC3)cc2)c1,6.2,0.0,1
CHEMBL268,CC(C)CC(C(=O)NCC#N)c1cccc(-c2ccc(S(C)(=O)=O)cc2)c1,5.91,0.0,1
CHEMBL268,CC(C)CC(C(=O)NCC#N)c1cccc(-c2ccc3[nH]ccc3c2)c1,7.28,0.0,1
CHEMBL268,CC(C)CC(C(=O)NCC#N)c1cccc(-c2ccc3cc[nH]c3c2)c1,6.54,0.0,1
CHEMBL268,CC(C)CC(C(=O)NCC#N)c1cccc(-c2ccccc2)c1,7.25,0.0,1
CHEMBL268,CC(C)CC(C(=O)NCC#N)c1cccc(-c2ccccn2)c1,6.31,0.0,1
CHEMBL268,CC(C)CC(C(=O)NCC#N)c1cccc(-c2cccnc2)c1,6.09,0.0,1
CHEMBL268,CC(C)CC(C(=O)NCC#N)c1cccc(-c2cncnc2)c1,5.99,0.0,1
CHEMBL268,CC(C)CC(C(=O)NCC#N)c1cncc(-c2ccccc2)c1,6.85,0.0,1
CHEMBL268,CC(C)CC(C(=O)NCC#N)c1csc(-c2ccccc2)n1,5.83,0.0,1
CHEMBL268,CC(C)CC(NC(=O)c1ccccc1)C(=O)NCC#N,7.29,0.0,1
CHEMBL268,CC(C)CC(NC(c1ccc(-c2ccc(N3CCNCC3)cc2)cc1)C(F)(F)F)C(=O)NCC#N,8.34,0.0,1
CHEMBL268,CC(C)CN(NC(=O)c1ccc(CN2CCN(C)CC2)cc1)c1nc(C#N)ncc1Br,9.7,0.0,1
CHEMBL268,CC(C)CNc1nc(C#N)nc(N2CC(O)C2)c1N,7.5,0.0,1
CHEMBL268,CC(C)CNc1nc(C#N)nc(N2CCNCC2)c1N,8.22,0.0,1
CHEMBL268,CC(C)CNc1nc(C#N)nc(N2CCOCC2)c1N,7.75,0.0,1
CHEMBL268,CC(C)CNc1nc(C#N)nc(NC2CCS(=O)(=O)C2)c1N,7.85,0.0,1
CHEMBL268,CC(C)CNc1nc(C#N)nc(NCc2nnn[nH]2)c1N,7.21,0.0,1
CHEMBL268,CC(C)COC[C@H](CC(C)C)NC(=O)[C@H]1O[C@@H]1C(=O)[O-],7.46,0.0,1
CHEMBL268,CC(C)CO[C@@H]1NC(=O)[C@H]1NC(=O)[C@H](Cc1ccccc1)NC(=O)OCc1ccccc1,5.64,0.0,1
CHEMBL268,CC(C)CO[C@H]1CCN2C[C@H]1OC2=O,5.93,0.042426406871192264,2
CHEMBL268,CC(C)COc1ccc(NCCNC(=O)[C@H](CC(C)C)NC(=O)OCc2ccccc2)cc1,7.44,0.0,1
CHEMBL268,CC(C)CS(=O)(=O)C[C@H](N[C@@H](c1ccc(F)cc1)C(F)(F)F)C(=O)NC1(C#N)CC1,5.51,0.0,1
CHEMBL268,CC(C)C[C@@H](/C=C/c1ccccc1)NC(=O)[C@@H]1CCCCN1CC(=O)c1ccccc1,6.08,0.0,1
CHEMBL268,CC(C)C[C@@H](/[13CH]=N/NC(=O)N1CCOCC1)NC(=O)OC(C)(C)C,6.96,0.0,1
CHEMBL268,CC(C)C[C@@H](C(=O)NCC#N)c1cccc(-c2ccc(N3CCN(C)CC3)cc2)c1,8.22,0.0,1
CHEMBL268,CC(C)C[C@@H](C(=O)NCC#N)c1cccc(-c2ccc(N3CCNCC3)cc2)c1,8.196666666666667,0.2898850346832921,3
CHEMBL268,CC(C)C[C@@H](C(=O)NCC#N)c1cccc(-c2ccc3[nH]ccc3c2)c1,8.1,0.0,1
CHEMBL268,CC(C)C[C@@H](C=O)NC(=O)OC(C)(C)C,7.51,0.0,1
CHEMBL268,CC(C)C[C@@H](NC(=O)N1CCOCC1)C(=O)N[C@@H](/C=C/S(=O)(=O)c1ccccc1)CCc1ccccc1,8.305,0.1343502884254443,2
CHEMBL268,CC(C)C[C@@H](O)C(=O)N1CC2(CC2)C[C@H]1C(=O)N[C@@H](C[C@@H]1CCNC1=O)C(=O)COC(F)(F)F,7.0,0.0,1
CHEMBL268,CC(C)C[C@@H]([13CH]=O)NC(=O)OC(C)(C)C,7.51,0.0,1
CHEMBL268,CC(C)C[C@H](C(=O)NCC#N)c1cccc(-c2ccc3[nH]ccc3c2)c1,7.1,0.0,1
CHEMBL268,CC(C)C[C@H](NC(=O)C(C)(C)Nc1ccc(Cl)cc1)C(=O)N[C@H](C#N)COCc1ccccc1,6.37,0.0,1
CHEMBL268,CC(C)C[C@H](NC(=O)CN1CCC(c2ccccc2)CC1)C(=O)N[C@H](C#N)COCc1ccccc1,7.08,0.0,1
CHEMBL268,CC(C)C[C@H](NC(=O)CN1CCN(c2ccncc2)CC1)C(=O)N[C@H](C#N)COCc1ccccc1,8.05,0.0,1
CHEMBL268,CC(C)C[C@H](NC(=O)OC(C(C)C)C(C)C)C(=O)C(=O)NCc1cccs1,7.62,0.0,1
CHEMBL268,CC(C)C[C@H](NC(=O)OCC1CCCCC1)C(=O)NC1CCN(C#N)C1,7.72,0.0,1
CHEMBL268,CC(C)C[C@H](NC(=O)OCc1ccccc1)C(=O)NCCNc1ccc(Cl)cc1,6.46,0.0,1
CHEMBL268,CC(C)C[C@H](NC(=O)OCc1ccccc1)C(=O)NCCNc1ccc(OC2CCCC2)cc1,7.09,0.0,1
CHEMBL268,CC(C)C[C@H](NC(=O)OCc1ccccc1)C(=O)NCCNc1ccc(OC2CCCCC2)cc1,7.37,0.0,1
CHEMBL268,CC(C)C[C@H](NC(=O)OCc1ccccc1)C(=O)NCCNc1ccc(OC2CCN(C)CC2)cc1,6.0,0.0,1
CHEMBL268,CC(C)C[C@H](NC(=O)OCc1ccccc1)C(=O)NCCNc1ccc(OC2CCOCC2)cc1,6.72,0.0,1
CHEMBL268,CC(C)C[C@H](NC(=O)OCc1ccccc1)C(=O)NCCNc1ccc(OCC2CC2)cc1,7.16,0.0,1
CHEMBL268,CC(C)C[C@H](NC(=O)OCc1ccccc1)C(=O)NCCNc1ccc(OCC2CCCC2)cc1,7.31,0.0,1
CHEMBL268,CC(C)C[C@H](NC(=O)OCc1ccccc1)C(=O)NCCNc1ccc(OCCn2ccnc2)cc1,6.07,0.0,1
CHEMBL268,CC(C)C[C@H](NC(=O)OCc1ccccc1)C(=O)NCCNc1ccc(OCc2ccccc2)cc1,7.27,0.0,1
CHEMBL268,CC(C)C[C@H](NC(=O)OCc1ccccc1)C(=O)NCCNc1ccc(OCc2ccncc2)cc1,6.82,0.0,1
CHEMBL268,CC(C)C[C@H](NC(=O)OCc1ccccc1)C(=O)NCCNc1ccc(Oc2ccccc2)cc1,6.55,0.0,1
CHEMBL268,CC(C)C[C@H](NC(=O)OCc1ccccc1)C(=O)NCCNc1ccccc1,6.33,0.0,1
CHEMBL268,CC(C)C[C@H](NC(=O)OCc1ccccc1)C(=O)N[C@@H](C[C@@H]1CCNC1=O)C(O)S(=O)(=O)[O-],9.25,0.0,1
CHEMBL268,CC(C)C[C@H](NC(=O)OCc1ccccc1)C(=O)N[C@H](C#N)COC(C)(C)C,6.62,0.0,1
CHEMBL268,CC(C)C[C@H](NC(=O)OCc1ccccc1)C(=O)N[C@H](C#N)COCc1ccccc1,8.05,0.0,1
CHEMBL268,CC(C)C[C@H](NC(=O)OCc1ccccc1)C(=O)N[C@H](C#N)Cc1ccc(C(F)(F)F)cc1,7.37,0.0,1
CHEMBL268,CC(C)C[C@H](NC(=O)OCc1ccccc1)C(=O)N[C@H](C#N)Cc1ccc(OC(C)(C)C)cc1,6.4,0.0,1
CHEMBL268,CC(C)C[C@H](NC(=O)[C@@H]1C[C@@H](S(=O)(=O)c2ccccc2Cl)CN1C(=O)C1(c2ccc(Cl)cc2)CC1)C(=O)C(=O)NC1CC1,7.16,0.0,1
CHEMBL268,CC(C)C[C@H](NC(=O)[C@@H]1C[C@@H](S(=O)(=O)c2ccccc2Cl)CN1C(=O)C1(c2ncc(Cl)cc2F)CC1)C(=O)C(=O)NC1CC1,6.85,0.0,1
CHEMBL268,CC(C)C[C@H](NC(=O)[C@H]1O[C@@H]1C(=O)O)C(=O)NCCCCN=C(N)N,7.165,1.7465537495307728,2
CHEMBL268,CC(C)C[C@H](NC(=O)c1cc2cc(OCCN3CCOCC3)ccc2o1)C(=O)N[C@H]1CCCN(C(=O)Cc2cccc(-c3ccccn3)c2)CC1=O,7.52,0.0,1
CHEMBL268,CC(C)C[C@H](NC(=O)c1cc2ccccc2[nH]1)C(=O)NCCNc1ccc(OCC2CCCC2)cc1,8.52,0.0,1
CHEMBL268,CC(C)C[C@H](NC(=O)c1cc2ccccc2[nH]1)C(=O)NCCNc1ccc(OCc2ccccc2)cc1,8.4,0.0,1
CHEMBL268,CC(C)C[C@H](NC(=O)c1cc2ccccc2o1)C(=O)N[C@@H](C)C(=O)CNS(=O)(=O)c1ccccn1,8.12,0.0,1
CHEMBL268,CC(C)C[C@H](NC(=O)c1cc2ccccc2o1)C(=O)N[C@H]1CCCN(S(=O)(=O)c2ccccn2)CC1=O,7.1,0.0,1
CHEMBL268,CC(C)C[C@H](NC(=O)c1cc2ccccc2o1)C(=O)N[C@H]1CC[C@@H](C)N(S(=O)(=O)c2ccccn2)CC1=O,9.3,0.0,1
CHEMBL268,CC(C)C[C@H](NC(=O)c1ccc(-c2ccc(N3CCNCC3)cc2)cc1)C(=O)NCC#N,10.82,0.0,1
CHEMBL268,CC(C)C[C@H](NC(=O)c1ccc(-c2ccccc2)cc1)C(=O)NC1(C#N)CC1,8.89,0.0,1
CHEMBL268,CC(C)C[C@H](NC(=O)c1ccc(-c2ccccc2)cc1)C(=O)NC1(C#N)CCS(=O)(=O)CC1,9.96,0.0,1
CHEMBL268,CC(C)C[C@H](NC(=O)c1ccc(CN2CCN(C)CC2)cc1)C(=O)NC1(C#N)CCS(=O)(=O)CC1,9.0,0.0,1
CHEMBL268,CC(C)C[C@H](NC(=O)c1ccco1)C(=O)N[C@H]1CC[C@@H](C)N(C(=O)c2ccccn2)CC1=O,8.0,0.0,1
CHEMBL268,CC(C)C[C@H](NC(=O)c1ccco1)C(=O)N[C@H]1CC[C@@H](C)N(S(=O)(=O)c2ccccn2)CC1=O,9.0,0.0,1
CHEMBL268,CC(C)C[C@H](NC(C#N)c1ccc(Br)cc1)C(=O)NCC#N,7.52,0.0,1
CHEMBL268,CC(C)C[C@H](NC(C)c1ccc(Br)cc1)C(=O)NCC#N,6.0,0.0,1
CHEMBL268,CC(C)C[C@H](NC(c1ccc(Br)cc1)C(F)(F)C(F)(F)F)C(=O)NCC#N,8.62,0.0,1
CHEMBL268,CC(C)C[C@H](NC(c1ccc(Br)cc1)C(F)(F)F)C(=O)NCC#N,8.97,0.1131370849898477,2
CHEMBL268,CC(C)C[C@H](NC(c1ccc(Br)cc1)c1ccc(S(C)(=O)=O)cc1)C(=O)NCC#N,8.6,0.0,1
CHEMBL268,CC(C)C[C@H](NCC(F)(F)F)C(=O)NCC#N,5.38,0.0,1
CHEMBL268,CC(C)C[C@H](NCc1ccc(Br)cc1)C(=O)NCC#N,6.1,0.0,1
CHEMBL268,CC(C)C[C@H](N[C@@H](c1ccc(-c2cc(F)cc(F)c2)cc1)C(F)(F)F)C(=O)NCC#N,8.22,0.0,1
CHEMBL268,CC(C)C[C@H](N[C@@H](c1ccc(-c2ccc(-c3ccc(S(C)(=O)=O)cc3)cc2)cc1)C(F)(F)F)C(=O)NCC#N,8.92,0.0,1
CHEMBL268,CC(C)C[C@H](N[C@@H](c1ccc(-c2ccc(C#N)cc2)cc1)C(F)(F)F)C(=O)NCC#N,9.05,0.0,1
CHEMBL268,CC(C)C[C@H](N[C@@H](c1ccc(-c2ccc(C(O)C(F)(F)F)cc2)cc1)C(F)(F)F)C(=O)NC1(C#N)CC1,8.8,0.0,1
CHEMBL268,CC(C)C[C@H](N[C@@H](c1ccc(-c2ccc(C(O)C(F)(F)F)cc2)cc1)C(F)F)C(=O)NC1(C#N)CC1,8.72,0.0,1
CHEMBL268,CC(C)C[C@H](N[C@@H](c1ccc(-c2ccc(F)c(F)c2)cc1)C(F)(F)F)C(=O)NCC#N,8.96,0.0,1
CHEMBL268,CC(C)C[C@H](N[C@@H](c1ccc(-c2ccc(F)cc2)cc1)C(F)(F)F)C(=O)NCC#N,9.22,0.0,1
CHEMBL268,CC(C)C[C@H](N[C@@H](c1ccc(-c2ccc(S(C)(=O)=O)cc2)cc1)C(F)(F)F)C(=O)NC(C#N)(C1CC1)C1CC1,9.52,0.0,1
CHEMBL268,CC(C)C[C@H](N[C@@H](c1ccc(-c2ccc(S(C)(=O)=O)cc2)cc1)C(F)(F)F)C(=O)NC(C#N)(C1CCC1)C1CCC1,7.8,0.0,1
CHEMBL268,CC(C)C[C@H](N[C@@H](c1ccc(-c2ccc(S(C)(=O)=O)cc2)cc1)C(F)(F)F)C(=O)NC(C#N)c1ccccc1,9.22,0.0,1
CHEMBL268,CC(C)C[C@H](N[C@@H](c1ccc(-c2ccc(S(C)(=O)=O)cc2)cc1)C(F)(F)F)C(=O)NC(C)(C)C#N,8.4,0.0,1
CHEMBL268,CC(C)C[C@H](N[C@@H](c1ccc(-c2ccc(S(C)(=O)=O)cc2)cc1)C(F)(F)F)C(=O)NC1(C#N)CC1,9.52,0.0,1
CHEMBL268,CC(C)C[C@H](N[C@@H](c1ccc(-c2ccc(S(C)(=O)=O)cc2)cc1)C(F)(F)F)C(=O)NCC#N,9.7,0.0,1
CHEMBL268,CC(C)C[C@H](N[C@@H](c1ccc(-c2ccc(S(C)(=O)=O)cc2)cc1)C(F)(F)F)C(=O)NCC(N)=O,6.62,0.0,1
CHEMBL268,CC(C)C[C@H](N[C@@H](c1ccc(-c2ccc(S(C)(=O)=O)cc2)cc1)C(F)(F)F)C(=O)N[C@@H](C#N)Cc1ccccc1,8.29,0.0,1
CHEMBL268,CC(C)C[C@H](N[C@@H](c1ccc(-c2ccc(S(C)(=O)=O)cc2)cc1)C(F)(F)F)C(=O)N[C@@H](C)C#N,8.985,0.0919238815542511,2
CHEMBL268,CC(C)C[C@H](N[C@@H](c1ccc(-c2ccc(S(C)(=O)=O)cc2)cc1)C(F)(F)F)C(=O)N[C@@H](C)C(N)=O,6.76,0.0,1
CHEMBL268,CC(C)C[C@H](N[C@@H](c1ccc(-c2ccc(S(C)(=O)=O)cc2)cc1)C(F)(F)F)C(=O)N[C@@H](CCS(C)(=O)=O)C(N)=O,6.82,0.0,1
CHEMBL268,CC(C)C[C@H](N[C@@H](c1ccc(-c2ccc(S(C)(=O)=O)cc2)cc1)C(F)(F)F)C(=O)N[C@@H](CCc1ccccc1)C(N)=O,6.56,0.0,1
CHEMBL268,CC(C)C[C@H](N[C@@H](c1ccc(-c2ccc(S(C)(=O)=O)cc2)cc1)C(F)(F)F)C(=O)N[C@@H](CS(C)(=O)=O)C(N)=O,6.96,0.0,1
CHEMBL268,CC(C)C[C@H](N[C@@H](c1ccc(-c2ccc(S(C)(=O)=O)cc2)cc1)C(F)(F)F)C(=O)N[C@@H](Cc1ccccc1)C(N)=O,8.0,0.0,1
CHEMBL268,CC(C)C[C@H](N[C@@H](c1ccc(-c2ccc(S(C)(=O)=O)cc2)cc1)C(F)(F)F)C(=O)N[C@H](C#N)Cc1ccccc1,9.22,0.0,1
CHEMBL268,CC(C)C[C@H](N[C@@H](c1ccc(-c2ccc(S(C)(=O)=O)cc2)cc1)C(F)(F)F)C(=O)N[C@H](Cc1ccccc1)C(N)=O,5.22,0.0,1
CHEMBL268,CC(C)C[C@H](N[C@@H](c1ccc(-c2ccc(S(C)(=O)=O)cc2)cc1)C(F)F)C(=O)NC1(C#N)CC1,9.1,0.0,1
CHEMBL268,CC(C)C[C@H](N[C@@H](c1ccc(-c2ccc(S(C)(=O)=O)cc2)cc1)C(F)F)C(=O)NCC#N,9.52,0.0,1
CHEMBL268,CC(C)C[C@H](N[C@@H](c1ccc(-c2ccc(S(N)(=O)=O)cc2)cc1)C(F)(F)F)C(=O)NCC#N,9.7,0.0,1
CHEMBL268,CC(C)C[C@H](N[C@@H](c1ccc(-c2cccc(F)c2)cc1)C(F)(F)F)C(=O)NCC#N,9.3,0.0,1
CHEMBL268,CC(C)C[C@H](N[C@@H](c1ccc(-c2cccc(S(C)(=O)=O)c2)cc1)C(F)(F)F)C(=O)NCC#N,9.52,0.0,1
CHEMBL268,CC(C)C[C@H](N[C@@H](c1ccc(-c2cccc3[nH]ccc23)cc1)C(F)(F)F)C(=O)NCC#N,9.4,0.0,1
CHEMBL268,CC(C)C[C@H](N[C@@H](c1ccc(-c2ccccc2)cc1)C(F)(F)F)C(=O)NCC#N,9.7,0.0,1
CHEMBL268,CC(C)C[C@H](N[C@@H](c1ccc(-c2ccccc2F)cc1)C(F)(F)F)C(=O)NCC#N,10.0,0.0,1
CHEMBL268,CC(C)C[C@H](N[C@@H](c1ccc(-c2ccncc2)cc1)C(F)(F)F)C(=O)NCC#N,9.52,0.0,1
CHEMBL268,CC(C)C[C@H](N[C@@H](c1ccc(-c2ccsc2)cc1)C(F)(F)F)C(=O)NCC#N,9.7,0.0,1
CHEMBL268,CC(C)C[C@H](N[C@@H](c1ccc(-c2ncccn2)cc1)C(F)(F)F)C(=O)NCC#N,7.36,0.0,1
CHEMBL268,CC(C)C[C@H](N[C@@H](c1ccc(-c2nccs2)cc1)C(F)(F)F)C(=O)NCC#N,9.52,0.0,1
CHEMBL268,CC(C)C[C@H](N[C@@H](c1ccc(Br)cc1)C(F)(F)F)C(=O)NCC#N,9.1,0.0,1
CHEMBL268,CC(C)C[C@H](N[C@@H](c1ccc(C(=O)c2ccccc2)cc1)C(F)(F)F)C(=O)NCC#N,8.82,0.0,1
CHEMBL268,CC(C)C[C@H](N[C@@H](c1ccc(Oc2ccccc2)cc1)C(F)(F)F)C(=O)NCC#N,8.64,0.0,1
CHEMBL268,CC(C)C[C@H](N[C@@H](c1ccccc1)C(F)(F)F)C(=O)NCC#N,8.17,0.0,1
CHEMBL268,CC(C)C[C@H](Nc1cscc1-c1ccc(N2CCNCC2)cc1)C(=O)NCC#N,9.35,0.49497474683058273,2
CHEMBL268,CC(C)Cn1cc(-c2ccc(C[C@@H](C#N)NC(=O)[C@H]3N[C@@H]4CC[C@H]3C4)c(F)c2)cn1,5.38,0.0,1
CHEMBL268,CC(C)N1CCCN(c2ccc(C[C@@H](C#N)NC(=O)[C@H]3N[C@@H]4CC[C@H]3C4)c(F)c2)CC1,5.33,0.0,1
CHEMBL268,CC(C)N1CCN(CC#Cc2ccc(CN(CC(C)(C)C)c3ccnc(C#N)n3)cc2)CC1,8.52,0.0,1
CHEMBL268,CC(C)Nc1nc(C#N)nc(N2CCOCC2)c1N,6.25,0.0,1
CHEMBL268,CC(C)Nc1nc(C#N)nc(Nc2ccccc2)n1,6.7,0.0,1
CHEMBL268,CC(C)Nc1nc(N(C)C)nc(N(C#N)CCOc2ccccc2)n1,4.71,0.0,1
CHEMBL268,CC(C)[C@@H](/C=C/c1ccccc1)NC(=O)[C@@H]1CCCCN1CC(=O)c1ccccc1,6.11,0.0,1
CHEMBL268,CC(C)[C@@H](C=O)NC(=O)OC(C)(C)C,6.8,0.0,1
CHEMBL268,CC(C)[C@@H](N)C(=O)Nc1ccc2nc(SCC(=O)c3ccc4ccccc4c3)sc2c1,4.84,0.0,1
CHEMBL268,CC(C)[C@H](NC(=O)OCc1ccccc1)C(=O)N[C@@H]1C(=O)N2CCO[C@H]12,7.0,0.0,1
CHEMBL268,CC(C)[C@H](NC(=O)[C@@H]1C[C@@H](S(=O)(=O)c2ccccc2Cl)CN1C(=O)C1(c2ccc(Cl)cc2)CC1)C(=O)C(=O)NC1CC1,7.42,0.0,1
CHEMBL268,CC(C)[C@H](NC(=O)[C@@H]1C[C@@H](S(=O)(=O)c2ccccc2Cl)CN1C(=O)C1(c2ncc(Cl)cc2F)CC1)C(=O)C(=O)NC1CC1,7.31,0.0,1
CHEMBL268,CC(C)c1cc(C(=O)N[C@@H](Cc2cccc(Cl)c2)C(=O)NCC#N)n(C)n1,5.7,0.0,1
CHEMBL268,CC(C)c1ccc2[nH]c3c(c2c1)CN(C(=O)[C@@H]1CCCC[C@H]1C(=O)NC1(C#N)CC1)CC3,7.3,0.0,1
CHEMBL268,CC(C)c1cccc(-n2nc(C#N)c(=O)n(CCCN3CCCCC3)c2=O)c1,7.42,0.0,1
CHEMBL268,CC(C)n1cc(-c2ccc(CC(C#N)NC(=O)[C@H]3N[C@@H]4CC[C@H]3C4)c(F)c2)cn1,5.14,0.0,1
CHEMBL268,CC(F)(F)C[C@H](N[C@@H](c1ccc(-c2ccc(S(C)(=O)=O)cc2)cc1)C(F)(F)F)C(=O)NC(C#N)(C1CC1)C1CC1,9.7,0.0,1
CHEMBL268,CC(NC(=O)c1ccc(OCc2ccccn2)c(C(F)(F)F)c1Cl)C(=O)C(=O)Nc1ccn(C)n1,7.89,0.0,1
CHEMBL268,CC(NC(=O)c1ccc(OCc2ccccn2)c(C(F)(F)F)c1Cl)C(=O)C(N)=O,7.43,0.0,1
CHEMBL268,CC(NC(=O)c1cccc(C(F)(F)F)c1Cl)C(=O)C(=O)Nc1cc[nH]n1,7.29,0.0,1
CHEMBL268,CC(NC(=O)c1cccc(C(F)(F)F)c1Cl)C(=O)C(=O)Nc1ccn(C)n1,7.48,0.0,1
CHEMBL268,CC(NC(=O)c1cccc(C(F)(F)F)c1Cl)C(=O)C(N)=O,6.97,0.0,1
CHEMBL268,CC(O)Cc1cn(-c2ccc(C[C@@H](C#N)NC(=O)[C@H]3N[C@@H]4CC[C@H]3C4)c(F)c2)nn1,5.19,0.0,1
CHEMBL268,CC/C(=N\NC(N)=S)c1ccc(OCc2ccc(C(=O)OC)cc2)c(OC)c1,5.28,0.0,1
CHEMBL268,CC1(C)CC(=O)NC1(C)C#N,5.89,0.0,1
CHEMBL268,CC1(C)CN(c2ccc(S(C)(=O)=O)cc2)CCN1C(=O)[C@@H]1CCCC[C@H]1C(=O)NC1(C#N)CC1,7.35,0.0,1
CHEMBL268,CC1(C)COCc2sc(N3CCN(C(=O)[C@@H]4CCCC[C@H]4C(=O)NC4(C#N)CC4)CC3)nc21,7.9,0.0,1
CHEMBL268,CC1(C)OC(=O)c2ccc(-c3ccc(C[C@@H](C#N)NC(=O)C45CCC(CC4)CN5)c(F)c3)cc21,5.77,0.0,1
CHEMBL268,CC1(C)OC(=O)c2ccc(-c3ccc(C[C@@H](C#N)NC(=O)[C@H]4N[C@@H]5CC[C@H]4C5)c(F)c3)cc21,5.11,0.0,1
CHEMBL268,CC1CCC(C[C@H](NC(=O)c2ccco2)C(=O)N[C@H]2CC[C@@H](C)N(S(=O)(=O)c3ccccn3)CC2=O)CC1,6.35,0.0,1
CHEMBL268,CC1CN(c2ccc(S(C)(=O)=O)cc2)C(C)CN1C(=O)[C@@H]1CCCC[C@H]1C(=O)NC1(C#N)CC1,6.51,0.0,1
CHEMBL268,CCC(C)(O)Cc1cn(-c2ccc(C[C@@H](C#N)NC(=O)[C@H]3N[C@@H]4CC[C@H]3C4)c(F)c2)nn1,5.27,0.0,1
CHEMBL268,CCC(C)Nc1nc(C#N)nc(N2CCOCC2)c1N,6.52,0.0,1
CHEMBL268,CCC(C)[C@@H](C=O)NC(=O)OC(C)(C)C,6.6,0.0,1
CHEMBL268,CCC(C)[C@H](C=O)NC(=O)OC(C)(C)C,6.89,0.0,1
CHEMBL268,CCC(C)[C@H](NC(=O)OC(C(C)C)C(C)C)C(=O)C(=O)NCc1cccs1,7.06,0.0,1
CHEMBL268,CCC(C=O)NC(=O)c1cccc(C(F)(F)F)c1Cl,7.5,0.0,1
CHEMBL268,CCC(CC)NC(=O)CCc1cc(-c2cccc(C(F)(F)F)c2)nc(C#N)n1,6.41,0.0,1
CHEMBL268,CCC(CC)NCCCc1cc(-c2cccc(C(F)(F)F)c2)nc(C#N)n1,8.4,0.0,1
CHEMBL268,CCC(NC(=O)c1ccc(OCc2ccccn2)c(C(F)(F)F)c1Cl)C(=O)C(=O)Nc1ccn(C)n1,7.68,0.0,1
CHEMBL268,CCC(NC(=O)c1ccc(OCc2ccccn2)c(C(F)(F)F)c1Cl)C(=O)C(N)=O,8.06,0.0,1
CHEMBL268,CCC(NC(=O)c1cccc(C(F)(F)F)c1Cl)C(=O)C(=O)Nc1cc[nH]n1,7.93,0.0,1
CHEMBL268,CCC(O)Cc1cn(-c2ccc(C[C@@H](C#N)NC(=O)[C@H]3N[C@@H]4CC[C@H]3C4)c(F)c2)nn1,5.27,0.0,1
CHEMBL268,CCCC(C(=O)NCC#N)c1cccc(-c2ccc(N3CCN(C)CC3)cc2)c1,7.06,0.0,1
CHEMBL268,CCCC(C)NC(=O)C(=O)[C@H](CC)NC(=O)[C@@H]1C[C@@H](S(=O)(=O)c2ccccc2Cl)CN1C(=O)C1(c2ccc(Cl)cc2)CC1,6.81,0.0,1
CHEMBL268,CCCC(C)NC(=O)C(=O)[C@H](CCC)NC(=O)[C@@H]1C[C@@H](S(=O)(=O)c2ccccc2Cl)CN1C(=O)C1(c2ccc(Cl)cc2)CC1,6.97,0.0,1
CHEMBL268,CCCCC(C=O)NC(=O)C(CC(C)C)NC(=O)OCc1ccc(Br)cc1,9.6,0.0,1
CHEMBL268,CCCCC(NC(=O)OCC1(c2ccc(F)cc2)CCC1)C(=O)C(=O)Nc1ccn[nH]1,9.08,0.0,1
CHEMBL268,CCCCC(NC(=O)c1ccc(OCc2ccccn2)c(C(F)(F)F)c1Cl)C(=O)C(=O)Nc1ccn(C)n1,7.32,0.0,1
CHEMBL268,CCCCCCC1=Cc2c/c(=C(\C)NNC(N)=S)c(=O)oc2=CC1=O,5.47,0.0,1
CHEMBL268,CCCCCCC[C@H]1O[C@@H]1C(OC(=O)C1CCCCC1)C(=O)NC(C)(C)C,5.12,0.0,1
CHEMBL268,CCCCCCC[C@H]1O[C@@H]1C(OC(=O)CCCCCBr)C(=O)NC(C)(C)C,5.42,0.0,1
CHEMBL268,CCCCCCC[C@H]1O[C@@H]1C(OC(=O)c1ccc(I)cc1)C(=O)NC(C)(C)C,5.66,0.0,1
CHEMBL268,CCCCCCC[C@H]1O[C@@H]1C(OC(=O)c1ccc(I)cc1)C(=O)NC1CCCCC1,5.24,0.0,1
CHEMBL268,CCCCCCC[C@H]1O[C@@H]1C(OC(=O)c1ccc(I)cc1)C(=O)NCCCC,5.47,0.0,1
CHEMBL268,CCCCCCC[C@H]1O[C@@H]1C(OC(=O)c1ccccc1)C(=O)NC(C)(C)C,4.9,0.0,1
CHEMBL268,CCCCCC[C@@H](C=O)NC(=O)OC(C)(C)C,7.64,0.0,1
CHEMBL268,CCCCC[C@@H](C=O)NC(=O)OC(C)(C)C,6.96,0.0,1
CHEMBL268,CCCCNC(=O)C(=O)[C@H](CC)NC(=O)[C@@H]1C[C@@H](S(=O)(=O)c2ccccc2Cl)CN1C(=O)C1(c2ccc(Cl)cc2)CC1,7.45,0.0,1
CHEMBL268,CCCCNC(=O)C(=O)[C@H](CC)NC(=O)[C@@H]1C[C@@H](S(=O)(=O)c2ccccc2Cl)CN1C(=O)C1(c2ncc(Cl)cc2F)CC1,6.84,0.0,1
CHEMBL268,CCCCNC(=O)C(=O)[C@H](CCC)NC(=O)[C@@H]1C[C@@H](S(=O)(=O)c2ccccc2Cl)CN1C(=O)C1(c2ccc(Cl)cc2)CC1,7.62,0.0,1
CHEMBL268,CCCCNC(=O)C(=O)[C@H](CCC)NC(=O)[C@@H]1C[C@@H](S(=O)(=O)c2ccccc2Cl)CN1C(=O)C1(c2ncc(Cl)cc2F)CC1,6.97,0.0,1
CHEMBL268,CCCCNC(=O)C([C@H]1O[C@@H]1c1ccccc1)N(C(=O)c1ccc(I)cc1)C(C)(C)C,5.19,0.0,1
CHEMBL268,CCCCNC(=O)C([C@H]1O[C@@H]1c1ccccc1)N(Cc1ccccc1)C(=O)c1ccccc1,4.73,0.0,1
CHEMBL268,CCCCO[C@@H]1NC(=O)[C@H]1NC(=O)[C@H](Cc1ccccc1)NC(=O)OCc1ccccc1,7.0,0.0,1
CHEMBL268,CCCCS(=O)(=O)/C=C/C1C2C=CC(C2)C1S(=O)(=O)CCCC,4.67,0.0,1
CHEMBL268,CCCC[C@@H](/C=N/N(C)C(=O)N(C)CCc1ccccc1)NC(=O)OC(C)(C)C,6.28,0.0,1
CHEMBL268,CCCC[C@@H](/C=N/N(C)C(=O)NCCc1ccccc1)NC(=O)OC(C)(C)C,4.96,0.0,1
CHEMBL268,CCCC[C@@H](/C=N/N=C(N)N)NC(=O)OC(C)(C)C,4.48,0.0,1
CHEMBL268,CCCC[C@@H](/C=N/N=C(\S)NC(C)C)NC(=O)OC(C)(C)C,6.77,0.0,1
CHEMBL268,CCCC[C@@H](/C=N/NC(=O)C(F)(F)F)NC(=O)OC(C)(C)C,7.62,0.0,1
CHEMBL268,CCCC[C@@H](/C=N/NC(=O)CC(C)C)NC(=O)OC(C)(C)C,6.7,0.0,1
CHEMBL268,CCCC[C@@H](/C=N/NC(=O)N(C)C)NC(=O)OC(C)(C)C,7.14,0.0,1
CHEMBL268,CCCC[C@@H](/C=N/NC(=O)N(C)CCc1ccccc1)NC(=O)OC(C)(C)C,7.35,0.0,1
CHEMBL268,CCCC[C@@H](/C=N/NC(=O)N(CC)CC)NC(=O)OC(C)(C)C,7.4,0.0,1
CHEMBL268,CCCC[C@@H](/C=N/NC(=O)N1CCCC1)NC(=O)OC(C)(C)C,7.44,0.0,1
CHEMBL268,CCCC[C@@H](/C=N/NC(=O)N1CCCCC1)NC(=O)OC(C)(C)C,7.24,0.0,1
CHEMBL268,CCCC[C@@H](/C=N/NC(=O)N1CCCc2ccccc21)NC(=O)OC(C)(C)C,7.23,0.0,1
CHEMBL268,CCCC[C@@H](/C=N/NC(=O)N1CCOCC1)NC(=O)OC(C)(C)C,7.46,0.0,1
CHEMBL268,CCCC[C@@H](/C=N/NC(=O)N1CCOCC1)NC(=O)O[C@@H](C)Cc1ccccc1,9.03,0.0,1
CHEMBL268,CCCC[C@@H](/C=N/NC(=O)N1CCOCC1)NC(=O)O[C@H](Cc1ccccc1)C(C)C,9.48,0.0,1
CHEMBL268,CCCC[C@@H](/C=N/NC(=O)N1CCc2ccccc21)NC(=O)OC(C)(C)C,7.32,0.0,1
CHEMBL268,CCCC[C@@H](/C=N/NC(=O)N1CCc2ccccc21)NC(=O)OC1(Cc2ccccc2)CCCC1,8.96,0.0,1
CHEMBL268,CCCC[C@@H](/C=N/NC(=O)N1CCc2ccccc2C1)NC(=O)OC(C)(C)C,7.03,0.0,1
CHEMBL268,CCCC[C@@H](/C=N/NC(=O)NC(=O)OC)NC(=O)OC(C)(C)C,6.75,0.0,1
CHEMBL268,CCCC[C@@H](/C=N/NC(=O)NC(C)(C)C)NC(=O)OC(C)(C)C,6.8,0.0,1
CHEMBL268,CCCC[C@@H](/C=N/NC(=O)NC(C)C)NC(=O)OC(C)(C)C,6.77,0.0,1
CHEMBL268,CCCC[C@@H](/C=N/NC(=O)NC)NC(=O)OC(C)(C)C,6.55,0.0,1
CHEMBL268,CCCC[C@@H](/C=N/NC(=O)NCC(=O)OCC)NC(=O)OC(C)(C)C,6.28,0.0,1
CHEMBL268,CCCC[C@@H](/C=N/NC(=O)NCC)NC(=O)OC(C)(C)C,6.31,0.0,1
CHEMBL268,CCCC[C@@H](/C=N/NC(=O)NCCC(=O)OCC)NC(=O)OC(C)(C)C,6.33,0.0,1
CHEMBL268,CCCC[C@@H](/C=N/NC(=O)NCCc1ccccc1)NC(=O)OC(C)(C)C,6.58,0.0,1
CHEMBL268,CCCC[C@@H](/C=N/NC(=O)NCc1ccccc1)NC(=O)OC(C)(C)C,6.39,0.0,1
CHEMBL268,CCCC[C@@H](/C=N/NC(=O)Nc1ccccc1)NC(=O)OC(C)(C)C,6.4,0.0,1
CHEMBL268,CCCC[C@@H](/C=N/NC(=O)OC(C)C)NC(=O)OC(C)(C)C,6.89,0.0,1
CHEMBL268,CCCC[C@@H](/C=N/NC(=O)SC(C)C)NC(=O)OC(C)(C)C,6.08,0.0,1
CHEMBL268,CCCC[C@@H](/C=N/NC(=O)c1ccccc1)NC(=O)OC(C)(C)C,6.66,0.0,1
CHEMBL268,CCCC[C@@H](/C=N/NC(N)=O)NC(=O)OC(C)(C)C,6.46,0.0,1
CHEMBL268,CCCC[C@@H](/C=N/NS(=O)(=O)N(C)C)NC(=O)OC(C)(C)C,7.14,0.0,1
CHEMBL268,CCCC[C@@H](/C=N/N[N+]1=CSCC1)NC(=O)OC(C)(C)C,6.33,0.0,1
CHEMBL268,CCCC[C@@H](/C=N/OC(=O)N1CCOCC1)NC(=O)OC(C)(C)C,5.96,0.0,1
CHEMBL268,CCCC[C@@H](C=O)NC(=O)OC(C(C)C)C(C)C,9.25,0.0,1
CHEMBL268,CCCC[C@@H](C=O)NC(=O)OC(C)(C(C)C)C(C)C,8.33,0.0,1
CHEMBL268,CCCC[C@@H](C=O)NC(=O)OC(C)(C)C,7.29,0.0,1
CHEMBL268,CCCC[C@@H](C=O)NC(=O)OC(C)(C)Cc1ccc(Cl)cc1,8.34,0.0,1
CHEMBL268,CCCC[C@@H](C=O)NC(=O)OC(C)(C)Cc1ccc(OC)cc1,8.54,0.0,1
CHEMBL268,CCCC[C@@H](C=O)NC(=O)OC(C)(C)Cc1cccc(-c2ccsc2)c1,8.12,0.0,1
CHEMBL268,CCCC[C@@H](C=O)NC(=O)OC(C)(C)Cc1cccc(OC)c1,8.27,0.0,1
CHEMBL268,CCCC[C@@H](C=O)NC(=O)OC(C)(C)Cc1ccccc1,7.92,0.0,1
CHEMBL268,CCCC[C@@H](C=O)NC(=O)OC(C)(C)Cc1ccccc1Cl,8.51,0.0,1
CHEMBL268,CCCC[C@@H](C=O)NC(=O)OC(CC(C)C)CC(C)C,8.96,0.0,1
CHEMBL268,CCCC[C@@H](C=O)NC(=O)OC(CC)(CC)Cc1ccccc1,8.68,0.0,1
CHEMBL268,CCCC[C@@H](C=O)NC(=O)OC(CC)CC,8.4,0.0,1
CHEMBL268,CCCC[C@@H](C=O)NC(=O)OC(CCC)CCC,9.06,0.0,1
CHEMBL268,CCCC[C@@H](C=O)NC(=O)OC(Cc1ccccc1)Cc1ccccc1,7.15,0.0,1
CHEMBL268,CCCC[C@@H](C=O)NC(=O)OC1(Cc2ccccc2)CCC1,8.62,0.0,1
CHEMBL268,CCCC[C@@H](C=O)NC(=O)OC1(Cc2ccccc2)CCCC1,9.46,0.0,1
CHEMBL268,CCCC[C@@H](C=O)NC(=O)OC1(Cc2ccccc2)CCCCC1,8.7,0.0,1
CHEMBL268,CCCC[C@@H](C=O)NC(=O)OCCCc1ccccc1,6.22,0.0,1
CHEMBL268,CCCC[C@@H](C=O)NC(=O)OCCc1ccccc1,6.57,0.0,1
CHEMBL268,CCCC[C@@H](C=O)NC(=O)OCc1ccccc1,6.27,0.0,1
CHEMBL268,CCCC[C@@H](C=O)NC(=O)O[C@@H](C)CC1CCCCC1,8.57,0.0,1
CHEMBL268,CCCC[C@@H](C=O)NC(=O)O[C@@H](C)Cc1ccccc1,8.74,0.0,1
CHEMBL268,CCCC[C@@H](C=O)NC(=O)O[C@@H](CC)Cc1ccccc1,9.89,0.0,1
CHEMBL268,CCCC[C@@H](C=O)NC(=O)O[C@@H](CCC)Cc1ccccc1,8.82,0.0,1
CHEMBL268,CCCC[C@@H](C=O)NC(=O)O[C@H](C)Cc1ccccc1,7.0,0.0,1
CHEMBL268,CCCC[C@@H](C=O)NC(=O)O[C@H](Cc1ccccc1)C(C)C,9.3,0.0,1
CHEMBL268,CCCC[C@@H](C=O)NC(=O)O[C@H](Cc1ccccc1)CC(C)C,8.19,0.0,1
CHEMBL268,CCCC[C@@H](C=O)NC(=O)[C@H](CC(C)C)NC(=O)OCc1ccccc1,9.96,0.0,1
CHEMBL268,CCCC[C@@H](CNc1ccc(OC)cc1)NC(=O)C1(Nc2cccc(-c3ccccc3)c2)CCCCC1,8.25,0.0,1
CHEMBL268,CCCC[C@H](C=O)NC(=O)OC(C)(C)C,7.29,0.0,1
CHEMBL268,CCCC[C@H](NC(=O)OC(C(C)(C)C)C(C)(C)C)C(=O)C(=O)N[C@H](C)c1ccccc1,9.15,0.0,1
CHEMBL268,CCCC[C@H](NC(=O)OC(C(C)C)C(C)C)C(=O)C(=O)NCc1ccccn1,4.36,0.0,1
CHEMBL268,CCCC[C@H](NC(=O)OC(C(C)C)C(C)C)C(=O)C(=O)NCc1cccnc1,4.64,0.0,1
CHEMBL268,CCCC[C@H](NC(=O)OC(C(C)C)C(C)C)C(=O)C(=O)NCc1cccs1,8.04,0.0,1
CHEMBL268,CCCC[C@H](NC(=O)OC(C(C)C)C(C)C)C(=O)C(=O)NCc1ccncc1,4.52,0.0,1
CHEMBL268,CCCC[C@H](NC(=O)OC(C(C)C)C(C)C)C(=O)C(=O)NCc1ccno1,4.85,0.0,1
CHEMBL268,CCCC[C@H](NC(=O)OC(C(C)C)C(C)C)C(=O)C(=O)NCc1cncs1,4.85,0.0,1
CHEMBL268,CCCC[C@H](NC(=O)OC(C(C)C)C(C)C)C(=O)C(=O)NCc1cscn1,4.89,0.0,1
CHEMBL268,CCCC[C@H](NC(=O)OC(C(C)C)C(C)C)C(=O)C(=O)NCc1nccs1,4.75,0.0,1
CHEMBL268,CCCC[C@H](NC(=O)OC(C(C)C)C(C)C)C(=O)C(=O)NCc1nnco1,4.72,0.0,1
CHEMBL268,CCCC[C@H](NC(=O)OC(C(C)C)C(C)C)C(=O)C(=O)N[C@H](C)c1ccccc1,7.1,2.1213203435596424,2
CHEMBL268,CCCC[C@H](NC(=O)OC(C(C)C)C(C)C)C(=O)C(=O)N[C@H](C)c1nnco1,4.23,0.0,1
CHEMBL268,CCCC[C@H](NC(=O)OC(C(C)C)C(C)C)C(=O)C(=O)N[C@H]1CCCNC1=O,6.0,0.0,1
CHEMBL268,CCCC[C@H](NC(=O)OC(C(C)C)C(C)C)C(=O)C(=O)Nc1[nH]nc2cccc(F)c12,9.59,0.0,1
CHEMBL268,CCCC[C@H](NC(=O)OC(C(C)C)C(C)C)C(=O)C(=O)Nc1[nH]ncc1-c1ccccc1,9.68,0.0,1
CHEMBL268,CCCC[C@H](NC(=O)OC(C(C)C)C(C)C)C(=O)C(=O)Nc1[nH]ncc1Br,9.62,0.0,1
CHEMBL268,CCCC[C@H](NC(=O)OC(C(C)C)C(C)C)C(=O)C(=O)Nc1[nH]ncc1C,9.33,0.0,1
CHEMBL268,CCCC[C@H](NC(=O)OC(C(C)C)C(C)C)C(=O)C(=O)Nc1[nH]ncc1C#N,9.04,0.0,1
CHEMBL268,CCCC[C@H](NC(=O)OC(C(C)C)C(C)C)C(=O)C(=O)Nc1[nH]ncc1C(=O)OCC,8.77,0.0,1
CHEMBL268,CCCC[C@H](NC(=O)OC(C(C)C)C(C)C)C(=O)C(=O)Nc1cc(-c2ccccc2)[nH]n1,9.19,0.0,1
CHEMBL268,CCCC[C@H](NC(=O)OC(C(C)C)C(C)C)C(=O)C(=O)Nc1cc(C)[nH]n1,9.15,0.0,1
CHEMBL268,CCCC[C@H](NC(=O)OC(C(C)C)C(C)C)C(=O)C(=O)Nc1cc2ccccc2cn1,8.32,0.0,1
CHEMBL268,CCCC[C@H](NC(=O)OC(C(C)C)C(C)C)C(=O)C(=O)Nc1cc[nH]n1,9.11,0.0,1
CHEMBL268,CCCC[C@H](NC(=O)OC(C(C)C)C(C)C)C(=O)C(=O)Nc1ccc2ccccc2n1,6.6,0.0,1
CHEMBL268,CCCC[C@H](NC(=O)OC(C(C)C)C(C)C)C(=O)C(=O)Nc1ccccn1,7.5,0.0,1
CHEMBL268,CCCC[C@H](NC(=O)OC(C(C)C)C(C)C)C(=O)C(=O)Nc1cccnc1,7.02,0.0,1
CHEMBL268,CCCC[C@H](NC(=O)OC(C(C)C)C(C)C)C(=O)C(=O)Nc1ccn(C)n1,9.39,0.0,1
CHEMBL268,CCCC[C@H](NC(=O)OC(C(C)C)C(C)C)C(=O)C(=O)Nc1ccnn1-c1ccccc1,7.82,0.0,1
CHEMBL268,CCCC[C@H](NC(=O)OC(C(C)C)C(C)C)C(=O)C(=O)Nc1ccnn1-c1ccccn1,7.21,0.0,1
CHEMBL268,CCCC[C@H](NC(=O)OC(C(C)C)C(C)C)C(=O)C(=O)Nc1ccnn1-c1ccncc1,7.6,0.0,1
CHEMBL268,CCCC[C@H](NC(=O)OC(C(C)C)C(C)C)C(=O)C(=O)Nc1ccnn1C,7.5,0.0,1
CHEMBL268,CCCC[C@H](NC(=O)OC(C(C)C)C(C)C)C(=O)C(=O)Nc1ccnn1C(C)C,7.77,0.0,1
CHEMBL268,CCCC[C@H](NC(=O)OC(C(C)C)C(C)C)C(=O)C(=O)Nc1ccnn1C1CCC1,7.82,0.0,1
CHEMBL268,CCCC[C@H](NC(=O)OC(C(C)C)C(C)C)C(=O)C(=O)Nc1ccnn1C1CCCC1,7.7,0.0,1
CHEMBL268,CCCC[C@H](NC(=O)OC(C(C)C)C(C)C)C(=O)C(=O)Nc1ccnn1C1CCCCC1,7.66,0.0,1
CHEMBL268,CCCC[C@H](NC(=O)OC(C(C)C)C(C)C)C(=O)C(=O)Nc1ccnn1CC,7.58,0.0,1
CHEMBL268,CCCC[C@H](NC(=O)OC(C(C)C)C(C)C)C(=O)C(=O)Nc1ccnn1CC(C)C,7.41,0.0,1
CHEMBL268,CCCC[C@H](NC(=O)OC(C(C)C)C(C)C)C(=O)C(=O)Nc1ccnn1CC1CC1,7.57,0.0,1
CHEMBL268,CCCC[C@H](NC(=O)OC(C(C)C)C(C)C)C(=O)C(=O)Nc1ccnn1CCC(C)(C)C,7.21,0.0,1
CHEMBL268,CCCC[C@H](NC(=O)OC(C(C)C)C(C)C)C(=O)C(=O)Nc1ccon1,8.29,0.0,1
CHEMBL268,CCCC[C@H](NC(=O)OC(C(C)C)C(C)C)C(=O)C(=O)Nc1cnccn1,7.28,0.0,1
CHEMBL268,CCCC[C@H](NC(=O)OC(C(C)C)C(C)C)C(=O)C(=O)Nc1nccs1,7.4,0.0,1
CHEMBL268,CCCC[C@H](NC(=O)OC(C(C)C)C(C)C)C(=O)C(=O)Nc1nncs1,7.08,0.0,1
CHEMBL268,CCCC[C@H](NC(=O)OC(C(C)C)C(C)C)C(=O)c1cccs1,5.72,0.0,1
CHEMBL268,CCCC[C@H](NC(=O)OC(C)(C)C)C(=O)C(=O)NC,4.68,0.0,1
CHEMBL268,CCCC[C@H](NC(=O)OC(C)(C)C)C(=O)C(=O)NC(C)C,5.04,0.0,1
CHEMBL268,CCCC[C@H](NC(=O)OC(C)(C)C)C(=O)C(=O)NCC,4.745,0.007071067811865324,2
CHEMBL268,CCCC[C@H](NC(=O)OC(C)(C)C)C(=O)C(=O)NCCc1ccccc1,5.3,0.0,1
CHEMBL268,CCCC[C@H](NC(=O)OC(C)(C)C)C(=O)C(=O)NCc1ccccc1,5.54,0.0,1
CHEMBL268,CCCC[C@H](NC(=O)OC(C)(C)C)C(=O)C(=O)NCc1cccs1,5.47,0.0,1
CHEMBL268,CCCC[C@H](NC(=O)OC(C)(C)C)C(=O)C(=O)N[C@@H](C)c1ccccc1,5.38,0.0,1
CHEMBL268,CCCC[C@H](NC(=O)OC(C)(C)C)C(=O)C(=O)N[C@H](C)c1ccccc1,5.92,0.0,1
CHEMBL268,CCCC[C@H](NC(=O)OC(C)(C)C)C(=O)C(=O)Nc1ccccc1,5.2,0.0,1
CHEMBL268,CCCC[C@H](NC(=O)OC(C)(C)C)C(=O)C(N)=O,5.23,0.0,1
CHEMBL268,CCCC[C@H](NC(=O)OC(C)(C)Cc1ccccc1)C(=O)C(=O)N[C@H](C)c1ccccc1,6.2,0.0,1
CHEMBL268,CCCC[C@H](NC(=O)OC(C)C(C)(C)C)C(=O)C(=O)N[C@H](C)c1ccccc1,7.7,0.0,1
CHEMBL268,CCCC[C@H](NC(=O)OC(C1CCCC1)C1CCCC1)C(=O)C(=O)N[C@H](C)c1ccccc1,8.2,0.0,1
CHEMBL268,CCCC[C@H](NC(=O)OC(CC(C)C)CC(C)C)C(=O)C(=O)N[C@H](C)c1ccccc1,7.16,0.0,1
CHEMBL268,CCCC[C@H](NC(=O)OC(CC)(CC)Cc1ccccc1)C(=O)C(=O)N[C@H](C)c1ccccc1,6.82,0.0,1
CHEMBL268,CCCC[C@H](NC(=O)OC(CC)CC)C(=O)C(=O)N[C@H](C)c1ccccc1,7.12,0.0,1
CHEMBL268,CCCC[C@H](NC(=O)OC(CCC)CCC)C(=O)C(=O)N[C@H](C)c1ccccc1,7.495,0.007071067811865324,2
CHEMBL268,CCCC[C@H](NC(=O)OC(Cc1nnc(-c2ccc(F)cc2)o1)C(C)(C)C)C(=O)C(=O)N[C@H]1CCCNC1=O,6.19,0.0,1
CHEMBL268,CCCC[C@H](NC(=O)OC1(Cc2ccccc2)CCC1)C(=O)C(=O)N[C@H](C)c1ccccc1,6.15,0.0,1
CHEMBL268,CCCC[C@H](NC(=O)OC1(Cc2ccccc2)CCCC1)C(=O)C(=O)N[C@H](C)c1ccccc1,7.6,0.0,1
CHEMBL268,CCCC[C@H](NC(=O)OC1(Cc2ccccc2)CCCCC1)C(=O)C(=O)N[C@H](C)c1ccccc1,6.68,0.0,1
CHEMBL268,CCCC[C@H](NC(=O)OC1C2(C)CCC(C2)C1(C)C)C(=O)C(=O)N[C@H](C)c1ccccc1,8.24,0.0,1
CHEMBL268,CCCC[C@H](NC(=O)OC1C2CC3CC(C2)CC1C3)C(=O)C(=O)N[C@H](C)c1ccccc1,8.14,0.0,1
CHEMBL268,CCCC[C@H](NC(=O)OC1CC2CCC1C2)C(=O)C(=O)N[C@H](C)c1ccccc1,7.58,0.0,1
CHEMBL268,CCCC[C@H](NC(=O)OC1C[C@H](C)C[C@@H](C)C1)C(=O)C(=O)N[C@H](C)c1ccccc1,6.72,0.0,1
CHEMBL268,CCCC[C@H](NC(=O)OCC(C)(C)C)C(=O)C(=O)N[C@H](C)c1ccccc1,7.47,0.0,1
CHEMBL268,CCCC[C@H](NC(=O)OCC(C)(C)CC)C(=O)C(=O)N[C@H](C)c1ccccc1,7.44,0.0,1
CHEMBL268,CCCC[C@H](NC(=O)OCC(C)(C)CC)C(=O)C(=O)Nc1cc[nH]n1,8.8,0.0,1
CHEMBL268,CCCC[C@H](NC(=O)OCC(C)(C)CC)C(=O)C(=O)Nc1ccnn1C,5.92,0.0,1
CHEMBL268,CCCC[C@H](NC(=O)OCC(C)(C)CC)C(=O)C(=O)Nc1ccon1,7.6,0.0,1
CHEMBL268,CCCC[C@H](NC(=O)OCC(C)(C)Cc1ccccc1)C(=O)C(=O)N[C@H](C)c1ccccc1,7.89,0.0,1
CHEMBL268,CCCC[C@H](NC(=O)OCC(C)(C)c1ccccc1)C(=O)C(=O)N[C@H](C)c1ccccc1,7.19,0.0,1
CHEMBL268,CCCC[C@H](NC(=O)OCC1(CC)CCC1)C(=O)C(=O)N[C@H](C)c1ccccc1,7.15,0.0,1
CHEMBL268,CCCC[C@H](NC(=O)OCC1(CC)CCC1)C(=O)C(=O)Nc1cc(-c2ccccc2)[nH]n1,7.99,0.3111269837220818,2
CHEMBL268,CCCC[C@H](NC(=O)OCC1(CC)CCC1)C(=O)C(=O)Nc1cc[nH]n1,8.72,0.0,1
CHEMBL268,CCCC[C@H](NC(=O)OCC1(CC)CCC1)C(=O)C(=O)Nc1ccn(C)n1,8.47,0.0,1
CHEMBL268,CCCC[C@H](NC(=O)OCC1(CC)CCC1)C(=O)C(=O)Nc1ccnn1-c1ccccc1,7.2,0.0,1
CHEMBL268,CCCC[C@H](NC(=O)OCC1(CC)CCC1)C(=O)C(=O)Nc1ccnn1C,7.21,0.0,1
CHEMBL268,CCCC[C@H](NC(=O)OCC1(CC)CCC1)C(=O)C(=O)Nc1ccnn1C(C)C,7.27,0.0,1
CHEMBL268,CCCC[C@H](NC(=O)OCC1(CC)CCC1)C(=O)C(=O)Nc1ccnn1C1CCC1,7.35,0.0,1
CHEMBL268,CCCC[C@H](NC(=O)OCC1(CC)CCC1)C(=O)C(=O)Nc1ccnn1C1CCCC1,7.08,0.0,1
CHEMBL268,CCCC[C@H](NC(=O)OCC1(CC)CCC1)C(=O)C(=O)Nc1ccnn1C1CCCCC1,7.24,0.0,1
CHEMBL268,CCCC[C@H](NC(=O)OCC1(CC)CCC1)C(=O)C(=O)Nc1ccnn1CC,7.28,0.0,1
CHEMBL268,CCCC[C@H](NC(=O)OCC1(CC)CCC1)C(=O)C(=O)Nc1ccnn1CC(C)C,7.12,0.0,1
CHEMBL268,CCCC[C@H](NC(=O)OCC1(CC)CCC1)C(=O)C(=O)Nc1ccnn1CC1CC1,7.29,0.0,1
CHEMBL268,CCCC[C@H](NC(=O)OCC1(CC)CCC1)C(=O)C(=O)Nc1ccnn1CCC(C)(C)C,7.15,0.0,1
CHEMBL268,CCCC[C@H](NC(=O)OCC1(CC)CCC1)C(=O)C(=O)Nc1ccnn1Cc1ccccc1,7.19,0.0,1
CHEMBL268,CCCC[C@H](NC(=O)OCC1(CC)CCC1)C(=O)C(=O)Nc1ccon1,7.7,0.0,1
CHEMBL268,CCCC[C@H](NC(=O)OCC1(CC)CCCC1)C(=O)C(=O)N[C@H](C)c1ccccc1,7.17,0.0,1
CHEMBL268,CCCC[C@H](NC(=O)OCC1(CC)CCCC1)C(=O)C(=O)Nc1cc(-c2ccccc2)[nH]n1,7.66,0.0,1
CHEMBL268,CCCC[C@H](NC(=O)OCC1(CC)CCCC1)C(=O)C(=O)Nc1cc[nH]n1,8.74,0.0,1
CHEMBL268,CCCC[C@H](NC(=O)OCC1(CC)CCCC1)C(=O)C(=O)Nc1ccnn1C,6.87,0.0,1
CHEMBL268,CCCC[C@H](NC(=O)OCC1(CC)CCCCC1)C(=O)C(=O)N[C@H](C)c1ccccc1,6.85,0.0,1
CHEMBL268,CCCC[C@H](NC(=O)OCC1(CC)CCCCC1)C(=O)C(=O)Nc1[nH]nc2cc(Cl)ccc12,8.8,0.0,1
CHEMBL268,CCCC[C@H](NC(=O)OCC1(CC)CCCCC1)C(=O)C(=O)Nc1cc[nH]n1,7.75,0.0,1
CHEMBL268,CCCC[C@H](NC(=O)OCC1(CC)CCCCC1)C(=O)C(=O)Nc1ccon1,6.92,0.0,1
CHEMBL268,CCCC[C@H](NC(=O)OCC1(CC)COC1)C(=O)C(=O)N[C@H](C)c1ccccc1,7.17,0.0,1
CHEMBL268,CCCC[C@H](NC(=O)OCC1(CC)COC1)C(=O)C(=O)Nc1cc(-c2ccccc2)[nH]n1,8.0,0.0,1
CHEMBL268,CCCC[C@H](NC(=O)OCC1(CC)COC1)C(=O)C(=O)Nc1cc[nH]n1,7.77,0.0,1
CHEMBL268,CCCC[C@H](NC(=O)OCC1(CC)COC1)C(=O)C(=O)Nc1ccon1,6.46,0.0,1
CHEMBL268,CCCC[C@H](NC(=O)OCC1(CCCSc2nccn2C)CCC1)C(=O)C(=O)N[C@H](C)c1ccccc1,5.72,0.0,1
CHEMBL268,CCCC[C@H](NC(=O)OCC1(CCCc2ccccc2)CCC1)C(=O)C(=O)N[C@H](C)c1ccccc1,7.77,0.0,1
CHEMBL268,CCCC[C@H](NC(=O)OCC1(CCc2ccccc2)CCC1)C(=O)C(=O)N[C@H](C)c1ccccc1,7.62,0.0,1
CHEMBL268,CCCC[C@H](NC(=O)OCC1(COc2ccnc(Cl)n2)CCC1)C(=O)C(=O)N[C@H](C)c1ccccc1,7.07,0.0,1
CHEMBL268,CCCC[C@H](NC(=O)OCC1(COc2ccnc(N3CCN(C)CC3)n2)CCC1)C(=O)C(=O)N[C@H](C)c1ccccc1,7.27,0.0,1
CHEMBL268,CCCC[C@H](NC(=O)OCC1(COc2ccnc(N3CCN(c4ccccc4)CC3)n2)CCC1)C(=O)C(=O)N[C@H](C)c1ccccc1,7.51,0.0,1
CHEMBL268,CCCC[C@H](NC(=O)OCC1(COc2ccnc(N3CCOCC3)n2)CCC1)C(=O)C(=O)N[C@H](C)c1ccccc1,7.27,0.0,1
CHEMBL268,CCCC[C@H](NC(=O)OCC1(COc2nc(-c3ccc(C)cc3)cs2)CCC1)C(=O)C(=O)N[C@H](C)c1ccccc1,6.82,0.0,1
CHEMBL268,CCCC[C@H](NC(=O)OCC1(COc2nc(-c3ccccc3)cs2)CCC1)C(=O)C(=O)N[C@H](C)c1ccccc1,8.26,0.0,1
CHEMBL268,CCCC[C@H](NC(=O)OCC1(COc2nc(-c3ccccc3)ns2)CCC1)C(=O)C(=O)N[C@H](C)c1ccccc1,7.3,0.0,1
CHEMBL268,CCCC[C@H](NC(=O)OCC1(COc2nc(C(F)(F)F)cs2)CCC1)C(=O)C(=O)N[C@H](C)c1ccccc1,8.1,0.0,1
CHEMBL268,CCCC[C@H](NC(=O)OCC1(COc2ncccn2)CCC1)C(=O)C(=O)N[C@H](C)c1ccccc1,6.58,0.0,1
CHEMBL268,CCCC[C@H](NC(=O)OCC1(COc2nccs2)CCC1)C(=O)C(=O)N[C@H](C)c1ccccc1,7.43,0.0,1
CHEMBL268,CCCC[C@H](NC(=O)OCC1(COc2ncnc3ccsc23)CCC1)C(=O)C(=O)N[C@H](C)c1ccccc1,7.01,0.0,1
CHEMBL268,CCCC[C@H](NC(=O)OCC1(COc2nnc(C)cc2-c2ccccc2)CCC1)C(=O)C(=O)N[C@H](C)c1ccccc1,7.24,0.0,1
CHEMBL268,CCCC[C@H](NC(=O)OCC1(CSc2nc3ccccc3o2)CCC1)C(=O)C(=O)N[C@H](C)c1ccccc1,7.29,0.0,1
CHEMBL268,CCCC[C@H](NC(=O)OCC1(CSc2ncc(-c3ccc(Cl)cc3)n2C)CCC1)C(=O)C(=O)N[C@H](C)c1ccccc1,6.64,0.0,1
CHEMBL268,CCCC[C@H](NC(=O)OCC1(CSc2nccc(-c3ccc(Cl)cc3)n2)CCC1)C(=O)C(=O)N[C@H](C)c1ccccc1,8.02,0.0,1
CHEMBL268,CCCC[C@H](NC(=O)OCC1(CSc2ncccn2)CCC1)C(=O)C(=O)N[C@H](C)c1ccccc1,7.96,0.0,1
CHEMBL268,CCCC[C@H](NC(=O)OCC1(CSc2nccn2-c2ccccc2)CCC1)C(=O)C(=O)N[C@H](C)c1ccccc1,7.06,0.0,1
CHEMBL268,CCCC[C@H](NC(=O)OCC1(CSc2nccn2C)CCC1)C(=O)C(=O)N[C@H](C)c1ccccc1,7.21,0.0,1
CHEMBL268,CCCC[C@H](NC(=O)OCC1(CSc2nccs2)CCC1)C(=O)C(=O)N[C@H](C)c1ccccc1,7.77,0.0,1
CHEMBL268,CCCC[C@H](NC(=O)OCC1(Cc2ccc(F)cc2)CCC1)C(=O)C(=O)Nc1ccn[nH]1,9.08,0.0,1
CHEMBL268,CCCC[C@H](NC(=O)OCC1(Cc2ccccc2)CCC1)C(=O)C(=O)N[C@H](C)c1ccccc1,8.07,0.0,1
CHEMBL268,CCCC[C@H](NC(=O)OCC1(Cc2ccccc2)CCCC1)C(=O)C(=O)N[C@H](C)c1ccccc1,7.58,0.0,1
CHEMBL268,CCCC[C@H](NC(=O)O[C@@H](C)CC1CCCCC1)C(=O)c1nc(-c2ccccc2)cs1,5.15,0.0,1
CHEMBL268,CCCC[C@H](NC(=O)O[C@@H](C)CC1CCCCC1)C(=O)c1nc(C(=O)OCC)cs1,6.64,0.0,1
CHEMBL268,CCCC[C@H](NC(=O)O[C@@H](C)CC1CCCCC1)C(=O)c1nc(C(F)(F)F)cs1,4.89,0.0,1
CHEMBL268,CCCC[C@H](NC(=O)O[C@@H](C)CC1CCCCC1)C(=O)c1nccs1,5.51,0.0,1
CHEMBL268,CCCC[C@H](NC(=O)O[C@@H](C)CC1CCCCC1)C(=O)c1nnc(-c2ccccc2)o1,5.4,0.0,1
CHEMBL268,CCCC[C@H](NC(=O)O[C@@H](C)CC1CCCCC1)C(=O)c1noc(C)n1,5.09,0.0,1
CHEMBL268,CCCC[C@H](NC(=O)O[C@@H](CCCc1ccccc1)C(C)(C)C)C(=O)C(=O)N[C@H](C)c1ccccc1,5.85,0.0,1
CHEMBL268,CCCC[C@H](NC(=O)O[C@@H](CCc1ccccc1)C(C)(C)C)C(=O)C(=O)N[C@H](C)c1ccccc1,6.04,0.0,1
CHEMBL268,CCCC[C@H](NC(=O)O[C@@H](Cc1nnc(-c2ccccc2)o1)C(C)(C)C)C(=O)C(=O)N[C@H](C)c1ccccc1,6.34,0.0,1
CHEMBL268,CCCC[C@H](NC(=O)O[C@@H](Cc1nnc(-c2ccccc2)o1)C(C)C)C(=O)C(=O)N[C@H](C)c1ccccc1,9.08,0.0,1
CHEMBL268,CCCC[C@H](NC(=O)O[C@@H]1C(=O)N(C(=O)CCCc2ccccc2)CC1(C)C)C(=O)C(=O)N[C@H](C)c1ccccc1,7.57,0.0,1
CHEMBL268,CCCC[C@H](NC(=O)O[C@@H]1C(=O)N(C(=O)Cc2ccccc2)CC1(C)C)C(=O)C(=O)N[C@H](C)c1ccccc1,8.52,0.0,1
CHEMBL268,CCCC[C@H](NC(=O)O[C@@H]1C(=O)N(C(=O)N2CCOCC2)CC1(C)C)C(=O)C(=O)N[C@H](C)c1ccccc1,7.8,0.0,1
CHEMBL268,CCCC[C@H](NC(=O)O[C@@H]1C(=O)N(C(=O)NCCc2ccccc2)CC1(C)C)C(=O)C(=O)N[C@H](C)c1ccccc1,8.18,0.0,1
CHEMBL268,CCCC[C@H](NC(=O)O[C@@H]1C(=O)N(C(=O)NCc2ccccc2)CC1(C)C)C(=O)C(=O)N[C@H](C)c1ccccc1,8.42,0.0,1
CHEMBL268,CCCC[C@H](NC(=O)O[C@@H]1C(=O)N(C(=O)Nc2c(C)noc2C)CC1(C)C)C(=O)C(=O)N[C@H](C)c1ccccc1,7.82,0.0,1
CHEMBL268,CCCC[C@H](NC(=O)O[C@@H]1C(=O)N(C(=O)Nc2ccc(C(F)(F)F)cc2)CC1(C)C)C(=O)C(=O)N[C@H](C)c1ccccc1,8.68,0.0,1
CHEMBL268,CCCC[C@H](NC(=O)O[C@@H]1C(=O)N(C(=O)Nc2ccc(C(F)(F)F)cc2)CC1(C)C)C(=O)C(=O)Nc1cc[nH]n1,9.38,0.0,1
CHEMBL268,CCCC[C@H](NC(=O)O[C@@H]1C(=O)N(C(=O)Nc2ccccc2)CC1(C)C)C(=O)C(=O)N[C@H](C)c1ccccc1,8.37,0.0,1
CHEMBL268,CCCC[C@H](NC(=O)O[C@@H]1C(=O)N(C(=O)OCCc2ccccc2)CC1(C)C)C(=O)C(=O)N[C@H](C)c1ccccc1,7.5,0.0,1
CHEMBL268,CCCC[C@H](NC(=O)O[C@@H]1C(=O)N(C(=O)OCc2ccc(-c3ccccc3)cc2)CC1(C)C)C(=O)C(=O)N[C@H](C)c1ccccc1,8.68,0.0,1
CHEMBL268,CCCC[C@H](NC(=O)O[C@@H]1C(=O)N(C(=O)OCc2ccccc2)CC1(C)C)C(=O)C(=O)N[C@H](C)c1ccccc1,7.62,0.0,1
CHEMBL268,CCCC[C@H](NC(=O)O[C@@H]1C(=O)N(C(=O)Oc2ccc(-c3ccccc3)cc2)CC1(C)C)C(=O)C(=O)N[C@H](C)c1ccccc1,8.3,0.0,1
CHEMBL268,CCCC[C@H](NC(=O)O[C@@H]1C(=O)N(C(=O)Oc2ccc3ccccc3c2)CC1(C)C)C(=O)C(=O)N[C@H](C)c1ccccc1,7.24,0.0,1
CHEMBL268,CCCC[C@H](NC(=O)O[C@@H]1C(=O)N(C(=O)Oc2ccccc2)CC1(C)C)C(=O)C(=O)N[C@H](C)c1ccccc1,7.54,0.0,1
CHEMBL268,CCCC[C@H](NC(=O)O[C@@H]1C(=O)N(C(=O)c2cc3ccccc3s2)CC1(C)C)C(=O)C(=O)N[C@H](C)c1ccccc1,8.55,0.0,1
CHEMBL268,CCCC[C@H](NC(=O)O[C@@H]1C(=O)N(C(=O)c2ccc(-c3ccccc3)cc2)CC1(C)C)C(=O)C(=O)N[C@H](C)c1ccccc1,8.16,0.0,1
CHEMBL268,CCCC[C@H](NC(=O)O[C@@H]1C(=O)N(C(=O)c2ccc3[nH]ccc3c2)CC1(C)C)C(=O)C(=O)N[C@H](C)c1ccccc1,8.77,0.0,1
CHEMBL268,CCCC[C@H](NC(=O)O[C@@H]1C(=O)N(C(=O)c2ccc3ccccc3c2)CC1(C)C)C(=O)C(=O)N[C@H](C)c1ccccc1,8.8,0.0,1
CHEMBL268,CCCC[C@H](NC(=O)O[C@@H]1C(=O)N(C(=O)c2ccccc2)CC1(C)C)C(=O)C(=O)N[C@H](C)c1ccccc1,7.19,0.0,1
CHEMBL268,CCCC[C@H](NC(=O)O[C@@H]1C(=O)N(C(=O)c2cccnc2)CC1(C)C)C(=O)C(=O)N[C@H](C)c1ccccc1,7.85,0.0,1
CHEMBL268,CCCC[C@H](NC(=O)O[C@@H]1C(=O)N(C(=O)c2ccno2)CC1(C)C)C(=O)C(=O)N[C@H](C)c1ccccc1,8.05,0.0,1
CHEMBL268,CCCC[C@H](NC(=O)O[C@@H]1C(=O)N(C(=O)c2nc3ccccc3s2)CC1(C)C)C(=O)C(=O)Nc1cc[nH]n1,9.09,0.0,1
CHEMBL268,CCCC[C@H](NC(=O)O[C@@H]1C(=O)N(C(=O)c2nnc(C(F)(F)F)s2)CC1(C)C)C(=O)C(=O)Nc1cc[nH]n1,9.0,0.0,1
CHEMBL268,CCCC[C@H](NC(=O)O[C@@H]1C(=O)N(Cc2ccccc2)CC1(C)C)C(=O)C(=O)N[C@H](C)c1ccccc1,7.68,0.0,1
CHEMBL268,CCCC[C@H](NC(=O)O[C@@H]1C(=O)N(S(=O)(=O)Cc2ccccc2)CC1(C)C)C(=O)C(=O)N[C@H](C)c1ccccc1,7.77,0.0,1
CHEMBL268,CCCC[C@H](NC(=O)O[C@@H]1C(=O)N(S(=O)(=O)c2ccccc2)CC1(C)C)C(=O)C(=O)N[C@H](C)c1ccccc1,8.08,0.0,1
CHEMBL268,CCCC[C@H](NC(=O)O[C@@H]1C(=O)NCC1(C)C)C(=O)C(=O)N[C@H](C)c1ccccc1,8.6,0.0,1
CHEMBL268,CCCC[C@H](NC(=O)O[C@@H]1C(=O)OCC1(C)C)C(=O)C(=O)N[C@H](C)c1ccccc1,8.52,0.0,1
CHEMBL268,CCCC[C@H](NC(=O)O[C@@H]1CN(C(=O)CCCc2ccccc2)CC1(C)C)C(=O)C(=O)N[C@H](C)c1ccccc1,7.57,0.0,1
CHEMBL268,CCCC[C@H](NC(=O)O[C@@H]1CN(C(=O)Cc2ccccc2)CC1(C)C)C(=O)C(=O)N[C@H](C)c1ccccc1,8.52,0.0,1
CHEMBL268,CCCC[C@H](NC(=O)O[C@@H]1CN(C(=O)NCCc2ccccc2)CC1(C)C)C(=O)C(=O)N[C@H](C)c1ccccc1,8.18,0.0,1
CHEMBL268,CCCC[C@H](NC(=O)O[C@@H]1CN(C(=O)NCc2ccccc2)CC1(C)C)C(=O)C(=O)N[C@H](C)c1ccccc1,8.42,0.0,1
CHEMBL268,CCCC[C@H](NC(=O)O[C@@H]1CN(C(=O)Nc2ccccc2)CC1(C)C)C(=O)C(=O)N[C@H](C)c1ccccc1,8.37,0.0,1
CHEMBL268,CCCC[C@H](NC(=O)O[C@@H]1CN(C(=O)OCCc2ccccc2)CC1(C)C)C(=O)C(=O)N[C@H](C)c1ccccc1,7.49,0.0,1
CHEMBL268,CCCC[C@H](NC(=O)O[C@@H]1CN(C(=O)OCc2ccc(-c3ccccc3)cc2)CC1(C)C)C(=O)C(=O)N[C@H](C)c1ccccc1,8.68,0.0,1
CHEMBL268,CCCC[C@H](NC(=O)O[C@@H]1CN(C(=O)Oc2ccc(-c3ccccc3)cc2)CC1(C)C)C(=O)C(=O)N[C@H](C)c1ccccc1,8.3,0.0,1
CHEMBL268,CCCC[C@H](NC(=O)O[C@@H]1CN(C(=O)Oc2ccc3ccccc3c2)CC1(C)C)C(=O)C(=O)N[C@H](C)c1ccccc1,7.24,0.0,1
CHEMBL268,CCCC[C@H](NC(=O)O[C@@H]1CN(C(=O)Oc2ccccc2)CC1(C)C)C(=O)C(=O)N[C@H](C)c1ccccc1,7.54,0.0,1
CHEMBL268,CCCC[C@H](NC(=O)O[C@@H]1CN(C(=O)c2c(C)noc2C)CC1(C)C)C(=O)C(=O)N[C@H](C)c1ccccc1,7.82,0.0,1
CHEMBL268,CCCC[C@H](NC(=O)O[C@@H]1CN(C(=O)c2cc3ccccc3s2)CC1(C)C)C(=O)C(=O)N[C@H](C)c1ccccc1,8.55,0.0,1
CHEMBL268,CCCC[C@H](NC(=O)O[C@@H]1CN(C(=O)c2ccc(-c3ccccc3)cc2)CC1(C)C)C(=O)C(=O)N[C@H](C)c1ccccc1,8.16,0.0,1
CHEMBL268,CCCC[C@H](NC(=O)O[C@@H]1CN(C(=O)c2ccc(C(F)(F)F)cc2)CC1(C)C)C(=O)C(=O)Nc1cc[nH]n1,9.38,0.0,1
CHEMBL268,CCCC[C@H](NC(=O)O[C@@H]1CN(C(=O)c2ccc3cc[nH]c3c2)CC1(C)C)C(=O)C(=O)N[C@H](C)c1ccccc1,8.77,0.0,1
CHEMBL268,CCCC[C@H](NC(=O)O[C@@H]1CN(C(=O)c2ccc3ccccc3c2)CC1(C)C)C(=O)C(=O)N[C@H](C)c1ccccc1,8.8,0.0,1
CHEMBL268,CCCC[C@H](NC(=O)O[C@@H]1CN(C(=O)c2ccccc2)CC1(C)C)C(=O)C(=O)N[C@H](C)c1ccccc1,7.19,0.0,1
CHEMBL268,CCCC[C@H](NC(=O)O[C@@H]1CN(C(=O)c2cccnc2)CC1(C)C)C(=O)C(=O)N[C@H](C)c1ccccc1,7.85,0.0,1
CHEMBL268,CCCC[C@H](NC(=O)O[C@@H]1CN(C(=O)c2ccno2)CC1(C)C)C(=O)C(=O)N[C@H](C)c1ccccc1,8.05,0.0,1
CHEMBL268,CCCC[C@H](NC(=O)O[C@@H]1CN(Cc2ccccc2)CC1(C)C)C(=O)C(=O)N[C@H](C)c1ccccc1,7.68,0.0,1
CHEMBL268,CCCC[C@H](NC(=O)O[C@@H]1CN(S(=O)(=O)Cc2ccccc2)CC1(C)C)C(=O)C(=O)N[C@H](C)c1ccccc1,7.77,0.0,1
CHEMBL268,CCCC[C@H](NC(=O)O[C@@H]1CN(S(=O)(=O)c2ccccc2)CC1(C)C)C(=O)C(=O)N[C@H](C)c1ccccc1,8.08,0.0,1
CHEMBL268,CCCC[C@H](NC(=O)O[C@@H]1C[C@H](C)C[C@H](C)C1)C(=O)C(=O)N[C@H](C)c1ccccc1,6.46,0.0,1
CHEMBL268,CCCC[C@H](NC(=O)O[C@H](CCCc1ccccc1)C(C)(C)C)C(=O)C(=O)N[C@H](C)c1ccccc1,9.1,0.0,1
CHEMBL268,CCCC[C@H](NC(=O)O[C@H](CCc1ccccc1)C(C)(C)C)C(=O)C(=O)N[C@H](C)c1ccccc1,8.96,0.0,1
CHEMBL268,CCCC[C@H](NC(=O)O[C@H](CN1CCN(c2ccc(C(F)(F)F)cc2)C1=O)C(C)(C)C)C(=O)C(=O)Nc1ccn[nH]1,7.970000000000001,2.121320343559643,2
CHEMBL268,CCCC[C@H](NC(=O)O[C@H](Cc1nnc(-c2ccc(C(F)(F)F)cc2)o1)C(C)(C)C)C(=O)C(=O)NN1CCOC1=O,8.39,2.121320343559643,2
CHEMBL268,CCCC[C@H](NC(=O)O[C@H](Cc1nnc(-c2ccc(C(F)(F)F)cc2)o1)C(C)(C)C)C(=O)C(=O)N[C@H](C)c1ccccc1,7.890000000000001,2.121320343559643,2
CHEMBL268,CCCC[C@H](NC(=O)O[C@H](Cc1nnc(-c2ccc(C(F)(F)F)cc2)o1)C(C)(C)C)C(=O)C(=O)Nc1ccn[nH]1,9.04,2.121320343559642,2
CHEMBL268,CCCC[C@H](NC(=O)O[C@H](Cc1nnc(-c2ccc(F)cc2)o1)C(C)(C)C)C(=O)C(=O)NCc1cccnc1,7.050000000000001,2.121320343559643,2
CHEMBL268,CCCC[C@H](NC(=O)O[C@H](Cc1nnc(-c2ccc(F)cc2)o1)C(C)(C)C)C(=O)C(=O)N[C@H](C)c1ccccc1,7.93,2.1213203435596424,2
CHEMBL268,CCCC[C@H](NC(=O)O[C@H](Cc1nnc(-c2ccc(F)cc2)o1)C(C)(C)C)C(=O)C(=O)N[C@H]1CCCNC1=O,9.19,0.0,1
CHEMBL268,CCCC[C@H](NC(=O)O[C@H](Cc1nnc(-c2ccc(F)cc2)o1)C(C)(C)C)C(=O)C(=O)Nc1cc[nH]n1,5.31,0.0,1
CHEMBL268,CCCC[C@H](NC(=O)O[C@H](Cc1nnc(-c2ccccc2)o1)C(C)(C)C)C(=O)C(=O)N[C@H](C)c1ccccc1,8.12,2.121320343559642,2
CHEMBL268,CCCC[C@H](NC(=O)O[C@H](Cc1nnc(-c2ccccc2)o1)C(C)(C)CC)C(=O)C(=O)N[C@H](C)c1ccccc1,5.82,0.0,1
CHEMBL268,CCCC[C@H](NC(=O)O[C@H](Cc1nnc(-c2ccccc2)o1)C(C)C)C(=O)C(=O)N[C@H](C)c1ccccc1,6.08,0.0,1
CHEMBL268,CCCC[C@H](NC(=O)O[C@H](Cn1cc(-c2ccc(C(F)(F)F)cc2)cn1)C(C)(C)C)C(=O)C(=O)Nc1ccn[nH]1,9.045,2.1849599538664317,2
CHEMBL268,CCCC[C@H](NC(=O)O[C@H](Cn1cc(-c2ccc(C(F)(F)F)cc2)cn1)C(C)(C)C)C(=O)CNS(=O)(=O)c1ccccn1,8.12,0.0,1
CHEMBL268,CCCC[C@H](NC(=O)O[C@H](Cn1ccc(-c2ccc(C(F)(F)F)cc2)n1)C(C)(C)C)C(=O)C(=O)NCc1ccno1,5.24,0.0,1
CHEMBL268,CCCC[C@H](NC(=O)O[C@H](Cn1ccc(-c2ccc(C(F)(F)F)cc2)n1)C(C)(C)C)C(=O)C(=O)Nc1ccccn1,5.09,0.0,1
CHEMBL268,CCCC[C@H](NC(=O)O[C@H](Cn1ccc(-c2ccc(C(F)(F)F)cc2)n1)C(C)(C)C)C(=O)C(=O)Nc1ccn[nH]1,8.64,2.121320343559643,2
CHEMBL268,CCCC[C@H](NC(=O)O[C@H](Cn1ccc(-c2ccc(C(F)(F)F)cc2)n1)C(C)(C)C)C(=O)CNS(=O)(=O)c1ccccn1,8.4,0.0,1
CHEMBL268,CCCC[C@H](NC(=O)O[C@H](Cn1ccc(-c2ccc(C(F)(F)F)cc2)n1)C(C)(C)C)C(=O)CNc1cccc(F)n1,8.68,0.0,1
CHEMBL268,CCCC[C@H](NC(=O)O[C@H](Cn1ccc(-c2cccnc2)n1)C(C)(C)C)C(=O)CNS(=O)(=O)c1ccccn1,8.26,0.0,1
CHEMBL268,CCCC[C@H](NC(=O)O[C@H](Cn1ccc(-c2ccncc2)n1)C(C)(C)C)C(=O)CNS(=O)(=O)c1ccccn1,8.42,0.0,1
CHEMBL268,CCCC[C@H](NC(=O)O[C@H](Cn1ccc(C(F)(F)F)n1)C(C)(C)C)C(=O)CNS(=O)(=O)c1ccccn1,7.5,0.0,1
CHEMBL268,CCCC[C@H](NC(=O)O[C@H](Cn1cnc(-c2ccc(C(F)(F)F)cc2)c1)C(C)(C)C)C(=O)C(=O)Nc1ccn[nH]1,9.09,2.1354624791833734,2
CHEMBL268,CCCC[C@H](NC(=O)O[C@H](Cn1cnc(-c2ccc(C(F)(F)F)cc2)c1)C(C)(C)C)C(=O)C(=O)Nc1nccs1,6.74,2.1213203435596424,2
CHEMBL268,CCCC[C@H](NC(=O)O[C@H](Cn1cnc(-c2ccc(C(F)(F)F)cc2)c1)C(C)(C)C)C(=O)CNS(=O)(=O)c1ccccn1,8.19,0.0,1
CHEMBL268,CCCC[C@H](NC(=O)O[C@H](Cn1cnc2cc(Cl)c(Cl)cc21)C(C)(C)C)C(=O)CNS(=O)(=O)c1ccccn1,8.49,0.0,1
CHEMBL268,CCCC[C@H](NC(=O)O[C@H]1CCCc2ccccc21)C(=O)C(=O)N[C@H](C)c1ccccc1,7.5,0.0,1
CHEMBL268,CCCC[C@H](NC(=O)O[C@H]1CCc2ccccc21)C(=O)C(=O)N[C@H](C)c1ccccc1,7.0,0.0,1
CHEMBL268,CCCC[C@H](NC(=O)[C@H](CC(C)C)NC(=O)OCc1ccccc1)C(=O)c1nc(C(=O)OCC)cs1,4.89,0.0,1
CHEMBL268,CCCC[C@H](N[C@@H](CC(C)C)C(=O)NCC#N)C(F)(F)F,6.41,0.0,1
CHEMBL268,CCCCn1c(=O)c(C#N)nn(-c2cccc(C(F)(F)F)c2)c1=O,5.13,0.0,1
CHEMBL268,CCCN1CCN(c2ccc(C(=O)NC3(C(=O)NCC#N)CCCCC3)cc2)CC1,8.790000000000001,0.4629254799641084,3
CHEMBL268,CCCOc1ccc(-c2cc3[nH]cnc3c(C#N)n2)cc1C(F)(F)F,5.11,0.0,1
CHEMBL268,CCC[C@@H](C=O)NC(=O)OC(C)(C)C,7.42,0.0,1
CHEMBL268,CCC[C@@H](CNc1ccc(OC)cc1)NC(=O)C1(Nc2cccc(-c3ccccc3)c2)CCCCC1,8.41,0.0,1
CHEMBL268,CCC[C@H](NC(=O)[C@@H]1C[C@@H](S(=O)(=O)c2ccc(Cl)cc2Cl)CN1C(=O)C1(c2ccc(Cl)cc2)CC1)C(=O)C(=O)NC1CC1,7.54,0.0,1
CHEMBL268,CCC[C@H](NC(=O)[C@@H]1C[C@@H](S(=O)(=O)c2ccc(F)cc2Cl)CN1C(=O)C1(c2ccc(Cl)cc2)CC1)C(=O)C(=O)NC1CC1,7.46,0.0,1
CHEMBL268,CCC[C@H](NC(=O)[C@@H]1C[C@@H](S(=O)(=O)c2ccc(N3CCOCC3)cc2Cl)CN1C(=O)C1(c2ccc(Cl)cc2)CC1)C(=O)C(=O)NC1CC1,7.12,0.0,1
CHEMBL268,CCC[C@H](NC(=O)[C@@H]1C[C@@H](S(=O)(=O)c2ccc(O[C@@H](C)C(F)(F)F)cc2Cl)CN1C(=O)C1(c2ccc(Cl)cc2)CC1)C(=O)C(=O)NC1CC1,6.6,0.0,1
CHEMBL268,CCC[C@H](NC(=O)[C@@H]1C[C@@H](S(=O)(=O)c2ccccc2C(F)(F)F)CN1C(=O)C1(c2ccc(Cl)cc2)CC1)C(=O)C(=O)NC1CC1,6.39,0.0,1
CHEMBL268,CCC[C@H](NC(=O)[C@@H]1C[C@@H](S(=O)(=O)c2ccccc2C(F)(F)F)CN1C(=O)C1(c2ncc(Cl)cc2F)CC1)C(=O)C(=O)NC1CC1,6.46,0.0,1
CHEMBL268,CCC[C@H](NC(=O)[C@@H]1C[C@@H](S(=O)(=O)c2ccccc2Cl)CN1C(=O)C1(c2ccc(Br)cc2)CC1)C(=O)C(=O)NC1CC1,7.7,0.0,1
CHEMBL268,CCC[C@H](NC(=O)[C@@H]1C[C@@H](S(=O)(=O)c2ccccc2Cl)CN1C(=O)C1(c2ccc(Cl)cc2)CC1)C(=O)C(=O)N(C)C1CC1,6.0,0.0,1
CHEMBL268,CCC[C@H](NC(=O)[C@@H]1C[C@@H](S(=O)(=O)c2ccccc2Cl)CN1C(=O)C1(c2ccc(Cl)cc2)CC1)C(=O)C(=O)NC(C)C,6.82,0.0,1
CHEMBL268,CCC[C@H](NC(=O)[C@@H]1C[C@@H](S(=O)(=O)c2ccccc2Cl)CN1C(=O)C1(c2ccc(Cl)cc2)CC1)C(=O)C(=O)NC1CC1,7.71,0.0,1
CHEMBL268,CCC[C@H](NC(=O)[C@@H]1C[C@@H](S(=O)(=O)c2ccccc2Cl)CN1C(=O)C1(c2ccc(Cl)cc2)CC1)C(=O)C(=O)NCC,7.04,0.0,1
CHEMBL268,CCC[C@H](NC(=O)[C@@H]1C[C@@H](S(=O)(=O)c2ccccc2Cl)CN1C(=O)C1(c2ccc(Cl)cc2)CC1)C(=O)C(=O)NCC(F)(F)F,6.39,0.0,1
CHEMBL268,CCC[C@H](NC(=O)[C@@H]1C[C@@H](S(=O)(=O)c2ccccc2Cl)CN1C(=O)C1(c2ccc(Cl)cc2)CC1)C(=O)C(=O)NCc1ccccc1,7.67,0.0,1
CHEMBL268,CCC[C@H](NC(=O)[C@@H]1C[C@@H](S(=O)(=O)c2ccccc2Cl)CN1C(=O)C1(c2ccc(I)cc2)CC1)C(=O)C(=O)NC1CC1,7.68,0.0,1
CHEMBL268,CCC[C@H](NC(=O)[C@@H]1C[C@@H](S(=O)(=O)c2ccccc2Cl)CN1C(=O)C1(c2ncc(Cl)cc2F)CC1)C(=O)C(=O)NC1CC1,7.14,0.0,1
CHEMBL268,CCC[C@H](NC(=O)[C@@H]1C[C@@H](S(=O)(=O)c2ccccc2Cl)CN1C(=O)C1(c2ncc(Cl)cc2F)CC1)C(=O)C(=O)NCc1ccccc1,7.38,0.0,1
CHEMBL268,CCC[C@H](NC(=O)[C@@H]1[C@H]2CCC[C@H]2CN1C(=O)[C@@H](NC(=O)[C@@H](NC(=O)c1cnccn1)C1CCCCC1)C(C)(C)C)C(=O)C(=O)NC1CC1,6.2,0.0,1
CHEMBL268,CCCc1cc(-c2cc(C(=O)N(C)C)cc(C(F)(F)F)c2)nc(C#N)n1,7.92,0.0,1
CHEMBL268,CCCc1cc(-c2cc(C(=O)N(C)CCN(C)C)cc(C(F)(F)F)c2)nc(C#N)n1,8.4,0.0,1
CHEMBL268,CCCc1cc(-c2cc(C(=O)N(C)Cc3ccccc3)cc(C(F)(F)F)c2)nc(C#N)n1,8.05,0.0,1
CHEMBL268,CCCc1cc(-c2cc(C(F)(F)F)cc(C(F)(F)F)c2)nc(C#N)n1,7.36,0.0,1
CHEMBL268,CCCc1cc(-c2cc(C(F)(F)F)ccc2C(=O)N(C)C)nc(C#N)n1,6.37,0.0,1
CHEMBL268,CCCc1cc(-c2cc(C(F)(F)F)ccc2Cl)nc(C#N)n1,6.0,0.0,1
CHEMBL268,CCCc1cc(-c2ccc(C(F)(F)F)cc2)nc(C#N)n1,6.005,0.007071067811865324,2
CHEMBL268,CCCc1cc(-c2ccc(C)c(C(F)(F)F)c2)nc(C#N)n1,7.77,0.0,1
CHEMBL268,CCCc1cc(-c2ccc(C)c(C)c2)nc(C#N)n1,7.02,0.0,1
CHEMBL268,CCCc1cc(-c2ccc(Cl)c(C(F)(F)F)c2)nc(C#N)n1,7.47,0.0,1
CHEMBL268,CCCc1cc(-c2ccc(F)c(C(F)(F)F)c2)nc(C#N)n1,7.5,0.0,1
CHEMBL268,CCCc1cc(-c2ccc(OC(C)C)c(C(F)(F)F)c2)nc(C#N)n1,7.04,0.0,1
CHEMBL268,CCCc1cc(-c2ccc(OC(F)(F)F)c(C(F)(F)F)c2)nc(C#N)n1,7.19,0.0,1
CHEMBL268,CCCc1cc(-c2ccc(OC)c(C(F)(F)F)c2)nc(C#N)n1,6.82,0.0,1
CHEMBL268,CCCc1cc(-c2ccc(OCC)c(C(F)(F)F)c2)nc(C#N)n1,7.4,0.0,1
CHEMBL268,CCCc1cc(-c2cccc(Br)c2)nc(C#N)n1,7.36,0.0,1
CHEMBL268,CCCc1cc(-c2cccc(C#N)c2)nc(C#N)n1,6.53,0.0,1
CHEMBL268,CCCc1cc(-c2cccc(C(C)(C)C)c2)nc(C#N)n1,7.96,0.0,1
CHEMBL268,CCCc1cc(-c2cccc(C(C)=O)c2)nc(C#N)n1,6.5,0.0,1
CHEMBL268,CCCc1cc(-c2cccc(C(C)C)c2)nc(C#N)n1,7.25,0.0,1
CHEMBL268,CCCc1cc(-c2cccc(C(F)(F)F)c2)nc(C#N)n1,7.48,0.0,1
CHEMBL268,CCCc1cc(-c2cccc(C(F)(F)F)c2Cl)nc(C#N)n1,6.0,0.0,1
CHEMBL268,CCCc1cc(-c2cccc(C)c2)nc(C#N)n1,6.74,0.0,1
CHEMBL268,CCCc1cc(-c2cccc(C3CC3)c2)nc(C#N)n1,6.71,0.0,1
CHEMBL268,CCCc1cc(-c2cccc(C3CCC3)c2)nc(C#N)n1,6.84,0.0,1
CHEMBL268,CCCc1cc(-c2cccc(C3CCCC3)c2)nc(C#N)n1,6.34,0.0,1
CHEMBL268,CCCc1cc(-c2cccc(CC(C)C)c2)nc(C#N)n1,6.4,0.0,1
CHEMBL268,CCCc1cc(-c2cccc(CC)c2)nc(C#N)n1,7.15,0.0,1
CHEMBL268,CCCc1cc(-c2cccc(Cl)c2)nc(C#N)n1,7.22,0.0,1
CHEMBL268,CCCc1cc(-c2cccc(OC(F)(F)F)c2)nc(C#N)n1,6.18,0.0,1
CHEMBL268,CCCc1cc(-c2cccc(S(C)(=O)=O)c2)nc(C#N)n1,6.83,0.0,1
CHEMBL268,CCCc1cc(-c2ccccc2)nc(C#N)n1,5.98,0.04242640687119289,2
CHEMBL268,CCCc1cc(-c2ccccc2C(F)(F)F)nc(C#N)n1,5.39,0.0,1
CHEMBL268,CCCc1cc(C2CCCCC2)nc(C#N)n1,6.17,0.0,1
CHEMBL268,CCCc1cc(C2CCCCCC2)nc(C#N)n1,7.08,0.0,1
CHEMBL268,CCCc1cc(C2CCCCCCC2)nc(C#N)n1,7.96,0.0,1
CHEMBL268,CCCc1cccc(-c2cc(CCC)nc(C#N)n2)c1,6.78,0.0,1
CHEMBL268,CCCn1c(=O)c(C#N)nn(-c2cccc(C(C)(C)C)c2)c1=O,6.54,0.0,1
CHEMBL268,CCCn1c(=O)c(C#N)nn(-c2cccc(C(C)C)c2)c1=O,7.14,0.0,1
CHEMBL268,CCCn1c(=O)c(C#N)nn(-c2cccc(C(F)(F)F)c2)c1=O,5.7,0.0,1
CHEMBL268,CCCn1c(=O)c(C#N)nn(-c2cccc(C)c2)c1=O,5.46,0.0,1
CHEMBL268,CCCn1c(=O)c(C#N)nn(C2CCCC2)c1=O,6.06,0.0,1
CHEMBL268,CCCn1c(=O)c(C#N)nn(C2CCCCC2)c1=O,6.71,0.0,1
CHEMBL268,CCCn1c(=O)c(C#N)nn(C2CCCCCC2)c1=O,7.42,0.0,1
CHEMBL268,CCCn1c(=O)c(C#N)nn(CC2CCCCC2)c1=O,5.96,0.0,1
CHEMBL268,CCCn1cc(-c2ccc(C[C@@H](C#N)NC(=O)[C@H]3N[C@@H]4CC[C@H]3C4)c(F)c2)cn1,5.51,0.0,1
CHEMBL268,CCN(CC)Cc1ccc(Cc2cc3cnc(C#N)nc3n2C2CCCCC2)cc1,8.33,0.0,1
CHEMBL268,CCN1CCC(c2ccc(C[C@@H](C#N)NC(=O)[C@H]3N[C@@H]4CC[C@H]3C4)c(F)c2)CC1,5.6,0.0,1
CHEMBL268,CCN1CCN(CCCOc2ccc(-c3cc4c(ncn4C)c(C#N)n3)cc2C(F)(F)F)CC1,6.48,0.0,1
CHEMBL268,CCNC(=O)C(=O)[C@H](CC)NC(=O)[C@@H]1C[C@@H](S(=O)(=O)c2ccccc2Cl)CN1C(=O)C1(c2ccc(Cl)cc2)CC1,6.79,0.0,1
CHEMBL268,CCNC(=O)c1coc(-c2ccc(C[C@@H](C#N)NC(=O)[C@H]3N[C@@H]4CC[C@H]3C4)c(F)c2)c1,5.6,0.0,1
CHEMBL268,CCN[C@H](C(=O)N[C@H](C(=O)NCC(=O)NC/C=C/S(C)(=O)=O)C(C)(C)C)c1cc(Cl)cc(Cl)c1,4.14,0.0,1
CHEMBL268,CCNc1nc(C#N)nc2c1ncn2-c1cc(F)cc(F)c1,7.3,0.0,1
CHEMBL268,CCOC(=O)C(C(=O)OCC)N(C#N)c1nc(OC)nc(N(C)C)n1,5.37,0.0,1
CHEMBL268,CCOC(=O)N1CC(=O)C(NC(=O)[C@H](CC(C)(C)F)N[C@@H](c2ccc(-c3ccc(S(C)(=O)=O)cc3)cc2)C(F)(F)F)C1,8.8,0.0,1
CHEMBL268,CCOC(=O)N1CCC(NC(=O)[C@H](CC(C)(C)F)N[C@@H](c2ccc(-c3ccc(S(C)(=O)=O)cc3)cc2)C(F)(F)F)C(=O)C1,8.05,0.0,1
CHEMBL268,CCOC(=O)N1CCCC(NC(=O)[C@H](CC(C)(C)F)N[C@@H](c2ccc(-c3ccc(S(C)(=O)=O)cc3)cc2)C(F)(F)F)C(=O)C1,7.27,0.0,1
CHEMBL268,CCOC[C@@H](C=O)NC(=O)OC(C)(C)C,6.18,0.0,1
CHEMBL268,CCOCc1cn(-c2ccc(C[C@@H](C#N)NC(=O)[C@H]3N[C@@H]4CC[C@H]3C4)c(F)c2)nn1,5.28,0.0,1
CHEMBL268,CCOc1ccc(-c2cc3[nH]cnc3c(C#N)n2)cc1C(F)(F)F,5.08,0.0,1
CHEMBL268,CCOc1ccc(-c2cc3c(ncn3C)c(C#N)n2)cc1C(F)(F)F,5.9,0.0,1
CHEMBL268,CCOc1ccc(-c2cc3c(ncn3CCCN(C)C)c(C#N)n2)cc1C(F)(F)F,6.57,0.0,1
CHEMBL268,CCOc1ccc(-c2cc3c(ncn3CCCN3CCOCC3)c(C#N)n2)cc1C(F)(F)F,6.29,0.0,1
CHEMBL268,CCOc1ccc(-c2cc3c(ncn3CCN(C)C)c(C#N)n2)cc1C(F)(F)F,6.35,0.0,1
CHEMBL268,CCOc1ccc(-c2cc3c(ncn3CCN3CCOCC3)c(C#N)n2)cc1C(F)(F)F,5.78,0.0,1
CHEMBL268,CCOc1ccc(-c2nc(C#N)c3nc[nH]c3n2)cc1C(F)(F)F,5.97,0.0,1
CHEMBL268,CCOc1ccc(-c2nc(C#N)c3ncn(CC)c3n2)cc1C(F)(F)F,5.64,0.0,1
CHEMBL268,CCOc1ccc(-c2nc(C#N)c3ncn(CCCN(C)C)c3n2)cc1C(F)(F)F,6.93,0.0,1
CHEMBL268,CCOc1ccc(-c2nc(C#N)c3ncn(CCO)c3n2)cc1C(F)(F)F,6.55,0.0,1
CHEMBL268,CCOc1ccc(C(=O)NC(C)C(=O)C(=O)Nc2cc[nH]n2)c(Cl)c1C(F)(F)F,7.04,0.0,1
CHEMBL268,CCOc1ccc(C(=O)NC(C)C(=O)C(N)=O)c(Cl)c1C(F)(F)F,6.71,0.0,1
CHEMBL268,CCOc1ccc(NC23SCC(=O)C2CCc2ccccc23)cc1,4.88,0.0,1
CHEMBL268,CCS(=O)(=O)c1ccc(-c2ccc(CC(C#N)NC(=O)[C@H]3N[C@@H]4CC[C@H]3C4)c(F)c2)cc1,5.32,0.0,1
CHEMBL268,CCS(=O)(=O)c1ccc(-c2ccc(C[C@@H](C#N)NC(=O)[C@H]3N[C@H]4C[C@@H]3[C@@H]3C[C@@H]34)c(F)c2)cc1,5.32,0.0,1
CHEMBL268,CCSC[C@@H](C=O)NC(=O)OC(C)(C)C,7.08,0.0,1
CHEMBL268,CC[C@@H](C=O)NC(=O)OC(C)(C)C,7.24,0.0,1
CHEMBL268,CC[C@@H](CC1CCCCC1)OC(=O)N1CCC(NC#N)C1,6.7,0.0,1
CHEMBL268,CC[C@@H](CC1CCCCC1)OC(=O)NC1CCN(C#N)C1,8.05,0.0,1
CHEMBL268,CC[C@@H](CNc1ccc(OC)cc1)NC(=O)C1(Nc2cccc(-c3ccccc3)c2)CCCCC1,8.57,0.0,1
CHEMBL268,CC[C@@H](CNc1ccc(OC)cc1)NC(=O)[C@H](CC(C)C)Nc1cccc(-c2ccccc2)c1,8.42,0.0,1
CHEMBL268,CC[C@@H](CNc1ccc(OCC(=O)O)cc1)NC(=O)C1(Nc2cccc(-c3ccccc3)c2)CCCCC1,8.32,0.0,2
CHEMBL268,CC[C@@H](CNc1ccc(OCC(=O)O)cc1)NC(=O)[C@H](CC(C)C)Nc1cccc(-c2ccccc2)c1,8.35,0.0,1
CHEMBL268,CC[C@@H](CNc1ccc(OCC(=O)OC(C)(C)C)cc1)NC(=O)C1(Nc2cccc(-c3ccccc3)c2)CCCCC1,8.32,0.0,1
CHEMBL268,CC[C@@H](CNc1ccc(OCC(=O)OC(C)(C)C)cc1)NC(=O)[C@H](CC(C)C)Nc1cccc(-c2ccccc2)c1,8.19,0.0,1
CHEMBL268,CC[C@@H](CNc1ccc(OCc2nn[nH]n2)cc1)NC(=O)[C@H](CC(C)C)Nc1cccc(-c2ccccc2)c1,7.96,0.0,1
CHEMBL268,CC[C@H](C)CC(C(=O)NCC#N)c1cccc(-c2ccc(N3CCN(C)CC3)cc2)c1,7.29,0.0,1
CHEMBL268,CC[C@H](C)[C@@H](/C=C/c1ccc(C)cc1)NC(=O)[C@@H]1CCCCN1CC(=O)c1ccccc1,6.13,0.0,1
CHEMBL268,CC[C@H](C)[C@@H](/C=C/c1ccc(Cl)cc1)NC(=O)[C@@H]1CCCCN1CC(=O)c1ccccc1,5.85,0.0,1
CHEMBL268,CC[C@H](C)[C@@H](/C=C/c1ccccc1)NC(=O)[C@@H]1CCCCN1CC(=O)c1c(OC)cccc1OC,6.16,0.0,1
CHEMBL268,CC[C@H](C)[C@@H](/C=C/c1ccccc1)NC(=O)[C@@H]1CCCCN1CC(=O)c1cc(OC)c(OC)c(OC)c1,5.92,0.0,1
CHEMBL268,CC[C@H](C)[C@@H](/C=C/c1ccccc1)NC(=O)[C@@H]1CCCCN1CC(=O)c1ccc(Cl)cc1,6.55,0.0,1
CHEMBL268,CC[C@H](C)[C@@H](/C=C/c1ccccc1)NC(=O)[C@@H]1CCCCN1CC(=O)c1ccc(OC)cc1,6.39,0.0,1
CHEMBL268,CC[C@H](C)[C@@H](/C=C/c1ccccc1)NC(=O)[C@@H]1CCCCN1CC(=O)c1ccc2c(c1)OCO2,6.23,0.0,1
CHEMBL268,CC[C@H](C)[C@@H](/C=C/c1ccccc1)NC(=O)[C@@H]1CCCCN1CC(=O)c1ccccc1,6.64,0.0,1
CHEMBL268,CC[C@H](C)[C@@H](/C=C/c1ccccc1C)NC(=O)[C@@H]1CCCCN1CC(=O)c1ccccc1,6.23,0.0,1
CHEMBL268,CC[C@H](NC(=O)[C@@H]1C[C@@H](S(=O)(=O)c2ccc(Br)cc2C(F)(F)F)CN1c1cc(C)nn1C1CCC1)C(=O)C(=O)NC1CC1,6.78,0.0,1
CHEMBL268,CC[C@H](NC(=O)[C@@H]1C[C@@H](S(=O)(=O)c2ccc(C)cc2C)CN1C(=O)OC(C)(C)C)C(=O)C(=O)NC1CC1,5.1,0.0,1
CHEMBL268,CC[C@H](NC(=O)[C@@H]1C[C@@H](S(=O)(=O)c2ccc(Cl)cc2C)CN1C(=O)OC(C)(C)C)C(=O)C(=O)NC1CC1,5.03,0.0,1
CHEMBL268,CC[C@H](NC(=O)[C@@H]1C[C@@H](S(=O)(=O)c2ccc(Cl)cc2Cl)CN1C(=O)C1(c2ccc(Cl)cc2)CC1)C(=O)C(=O)NC1CC1,7.27,0.0,1
CHEMBL268,CC[C@H](NC(=O)[C@@H]1C[C@@H](S(=O)(=O)c2ccc(F)cc2C(F)(F)F)CN1c1cc(C)nn1C1CCC1)C(=O)C(=O)NC1CC1,5.23,0.0,1
CHEMBL268,CC[C@H](NC(=O)[C@@H]1C[C@@H](S(=O)(=O)c2ccc(F)cc2Cl)CN1C(=O)C1(c2ccc(Cl)cc2)CC1)C(=O)C(=O)NC1CC1,7.2,0.0,1
CHEMBL268,CC[C@H](NC(=O)[C@@H]1C[C@@H](S(=O)(=O)c2ccc(N3CCOCC3)cc2Cl)CN1C(=O)C1(c2ccc(Cl)cc2)CC1)C(=O)C(=O)NC1CC1,7.18,0.0,1
CHEMBL268,CC[C@H](NC(=O)[C@@H]1C[C@@H](S(=O)(=O)c2ccc(OCC(F)(F)F)cc2C(F)(F)F)CN1C(=O)C1(c2ccc(Cl)cc2)CC1)C(=O)C(=O)NC1CC1,6.41,0.0,1
CHEMBL268,CC[C@H](NC(=O)[C@@H]1C[C@@H](S(=O)(=O)c2ccc(OCC(F)(F)F)cc2Cl)CN1C(=O)C1(c2ncc(Cl)cc2F)CC1)C(=O)C(=O)NC1CC1,6.93,0.0,1
CHEMBL268,CC[C@H](NC(=O)[C@@H]1C[C@@H](S(=O)(=O)c2ccc(O[C@@H](C)C(F)(F)F)cc2Cl)CN1C(=O)C1(c2ccc(Cl)cc2)CC1)C(=O)C(=O)NC1CC1,6.67,0.0,1
CHEMBL268,CC[C@H](NC(=O)[C@@H]1C[C@@H](S(=O)(=O)c2ccccc2C(F)(F)F)CN1C(=O)C1(C(F)(F)F)CC1)C(=O)C(=O)NC1CC1,4.95,0.0,1
CHEMBL268,CC[C@H](NC(=O)[C@@H]1C[C@@H](S(=O)(=O)c2ccccc2C(F)(F)F)CN1C(=O)C1(c2ccc(Cl)cc2)CC1)C(=O)C(=O)NC1CC1,6.39,0.0,1
CHEMBL268,CC[C@H](NC(=O)[C@@H]1C[C@@H](S(=O)(=O)c2ccccc2C(F)(F)F)CN1C(=O)C1(c2ncc(Cl)cc2F)CC1)C(=O)C(=O)NC1CC1,6.12,0.0,1
CHEMBL268,CC[C@H](NC(=O)[C@@H]1C[C@@H](S(=O)(=O)c2ccccc2C(F)(F)F)CN1c1ccccc1[N+](=O)[O-])C(=O)C(=O)NC1CC1,5.13,0.0,1
CHEMBL268,CC[C@H](NC(=O)[C@@H]1C[C@@H](S(=O)(=O)c2ccccc2C(F)(F)F)CN1c1ccccc1[N+](=O)[O-])C(=O)c1nc2ccccc2o1,4.6,0.0,1
CHEMBL268,CC[C@H](NC(=O)[C@@H]1C[C@@H](S(=O)(=O)c2ccccc2Cl)CN1C(=O)C1(c2ccc(Br)cc2)CC1)C(=O)C(=O)NC1CC1,7.35,0.0,1
CHEMBL268,CC[C@H](NC(=O)[C@@H]1C[C@@H](S(=O)(=O)c2ccccc2Cl)CN1C(=O)C1(c2ccc(Br)cc2F)CC1)C(=O)C(=O)NC1CC1,7.43,0.0,1
CHEMBL268,CC[C@H](NC(=O)[C@@H]1C[C@@H](S(=O)(=O)c2ccccc2Cl)CN1C(=O)C1(c2ccc(Cl)cc2)CC1)C(=O)C(=O)NC1CC1,7.56,0.0,1
CHEMBL268,CC[C@H](NC(=O)[C@@H]1C[C@@H](S(=O)(=O)c2ccccc2Cl)CN1C(=O)C1(c2ccc(Cl)cc2)CC1)C(=O)C(=O)NC1CCOCC1,7.41,0.0,1
CHEMBL268,CC[C@H](NC(=O)[C@@H]1C[C@@H](S(=O)(=O)c2ccccc2Cl)CN1C(=O)C1(c2ccc(Cl)cc2)CC1)C(=O)C(=O)NCC(C)C,7.25,0.0,1
CHEMBL268,CC[C@H](NC(=O)[C@@H]1C[C@@H](S(=O)(=O)c2ccccc2Cl)CN1C(=O)C1(c2ccc(Cl)cc2)CC1)C(=O)C(=O)NCCOC,7.09,0.0,1
CHEMBL268,CC[C@H](NC(=O)[C@@H]1C[C@@H](S(=O)(=O)c2ccccc2Cl)CN1C(=O)C1(c2ccc(Cl)cc2)CC1)C(=O)C(=O)NCCc1ccc2ccccc2c1,6.8,0.0,1
CHEMBL268,CC[C@H](NC(=O)[C@@H]1C[C@@H](S(=O)(=O)c2ccccc2Cl)CN1C(=O)C1(c2ccc(Cl)cc2)CC1)C(=O)C(=O)NCCc1cccc2ccccc12,6.92,0.0,1
CHEMBL268,CC[C@H](NC(=O)[C@@H]1C[C@@H](S(=O)(=O)c2ccccc2Cl)CN1C(=O)C1(c2ccc(Cl)cc2)CC1)C(=O)C(=O)NCCc1ccccc1,7.46,0.0,1
CHEMBL268,CC[C@H](NC(=O)[C@@H]1C[C@@H](S(=O)(=O)c2ccccc2Cl)CN1C(=O)C1(c2ccc(Cl)cc2)CC1)C(=O)C(=O)NCc1cccc2ccccc12,6.5,0.0,1
CHEMBL268,CC[C@H](NC(=O)[C@@H]1C[C@@H](S(=O)(=O)c2ccccc2Cl)CN1C(=O)C1(c2ccc(Cl)cc2)CC1)C(=O)C(=O)NCc1ccccc1,7.28,0.0,1
CHEMBL268,CC[C@H](NC(=O)[C@@H]1C[C@@H](S(=O)(=O)c2ccccc2Cl)CN1C(=O)C1(c2ccc(Cl)cc2)CC1)C(=O)c1nc2ccccc2o1,6.44,0.0,1
CHEMBL268,CC[C@H](NC(=O)[C@@H]1C[C@@H](S(=O)(=O)c2ccccc2Cl)CN1C(=O)C1(c2ccc(Cl)cc2F)CC1)C(=O)C(=O)NC1CC1,7.17,0.0,1
CHEMBL268,CC[C@H](NC(=O)[C@@H]1C[C@@H](S(=O)(=O)c2ccccc2Cl)CN1C(=O)C1(c2ccc(I)cc2)CC1)C(=O)C(=O)NC1CC1,7.52,0.0,1
CHEMBL268,CC[C@H](NC(=O)[C@@H]1C[C@@H](S(=O)(=O)c2ccccc2Cl)CN1C(=O)C1(c2ncc(Br)cc2F)CC1)C(=O)C(=O)NC1CC1,6.53,0.0,1
CHEMBL268,CC[C@H](NC(=O)[C@@H]1C[C@@H](S(=O)(=O)c2ccccc2Cl)CN1C(=O)C1(c2ncc(Cl)cc2F)CC1)C(=O)C(=O)NC1CC1,7.01,0.0,1
CHEMBL268,CCc1cc(C(=O)N[C@@H](Cc2cccc(Cl)c2)C(=O)NCC#N)n(C)n1,5.3,0.0,1
CHEMBL268,CCc1ccc(-c2ccc(C[C@@H](C#N)NC(=O)[C@H]3N[C@@H]4CC[C@H]3C4)c(F)c2)s1,5.4,0.0,1
CHEMBL268,CCc1ccc(OC2(C(=O)NCCNc3ccc(OC)cc3)CCCCC2)cc1,6.89,0.0,1
CHEMBL268,CCc1csc(N2CCN(C(=O)[C@@H]3CCCC[C@H]3C(=O)NC3(C#N)CC3)CC2)n1,7.7,0.0,1
CHEMBL268,CCc1ncc(-c2ccc(C[C@@H](C#N)NC(=O)[C@H]3N[C@@H]4CC[C@H]3C4)c(F)c2)s1,5.4,0.0,1
CHEMBL268,CCc1ncc(-c2ccc(C[C@@H](C#N)NC(=O)[C@H]3N[C@H]4C[C@@H]3[C@@H]3C[C@@H]34)c(F)c2)s1,5.08,0.0,1
CHEMBL268,CCc1nccn1CCCOc1ccc(-c2cccc(C#N)n2)cc1C(F)(F)F,5.51,0.0,1
CHEMBL268,CCn1c(=O)c(C#N)nn(-c2cccc(C(F)(F)F)c2)c1=O,5.6,0.0,1
CHEMBL268,CCn1cc(-c2ccc(C[C@@H](C#N)NC(=O)[C@H]3N[C@@H]4CC[C@H]3C4)c(F)c2)cn1,5.44,0.0,1
CHEMBL268,CCn1cc(-c2ccc(C[C@@H](C#N)NC(=O)[C@H]3N[C@H]4C[C@@H]3[C@@H]3C[C@@H]34)c(F)c2)cn1,5.19,0.0,1
CHEMBL268,CCn1cnc2c(Nc3cc(F)cc(F)c3)nc(C#N)nc21,7.63,0.0,1
CHEMBL268,CCn1nccc1-c1ccc(C[C@@H](C#N)NC(=O)[C@H]2N[C@@H]3CC[C@H]2C3)c(F)c1,5.01,0.0,1
CHEMBL268,CN(/N=C(/c1ccccc1)c1cccc(C(=O)c2ccccc2)c1)C(N)=S,7.76,0.0,1
CHEMBL268,CN(C)C(=O)CN1CCC(CCOc2ccc(-c3cc4c(ncn4C)c(C#N)n3)cc2C(F)(F)F)CC1,6.39,0.0,1
CHEMBL268,CN(C)C(=O)[C@@H]1CCCC[C@H]1C(=O)NCC#N,6.59,0.0,1
CHEMBL268,CN(C)C1CCCN(c2ccc(C[C@@H](C#N)NC(=O)[C@H]3N[C@@H]4CC[C@H]3C4)c(F)c2)C1,5.21,0.0,1
CHEMBL268,CN(C)CC1CCCN(c2ccc(C[C@@H](C#N)NC(=O)[C@H]3N[C@@H]4CC[C@H]3C4)c(F)c2)C1,5.04,0.0,1
CHEMBL268,CN(C)CCCOc1ccc(-c2cc3c(ncn3C)c(C#N)n2)cc1C(F)(F)F,6.11,0.0,1
CHEMBL268,CN(C)CCCn1c(=O)c(C#N)nn(-c2cccc(C(F)(F)F)c2)c1=O,7.0,0.0,1
CHEMBL268,CN(C)CCCn1c(=O)c(C#N)nn(C2CCCCCC2)c1=O,6.96,0.0,1
CHEMBL268,CN(C)CCN1C(=O)Cc2ccc(-c3ccc(C[C@@H](C#N)NC(=O)[C@H]4N[C@@H]5CC[C@H]4C5)c(F)c3)cc21,5.92,0.0,1
CHEMBL268,CN(C)CCOc1ccc(-c2cc3c(ncn3C)c(C#N)n2)cc1C(F)(F)F,5.23,0.0,1
CHEMBL268,CN(C)CCOc1ccc(C(=O)NCc2ccnc(C#N)n2)cc1C(=O)C(C)(C)c1cc(Cl)cc(Cl)c1,4.72,0.0,1
CHEMBL268,CN(C)CCn1c(=O)c(C#N)nn(-c2cccc(C(F)(F)F)c2)c1=O,6.09,0.0,1
CHEMBL268,CN(C)S(=O)(=O)NCCCC[C@H](NC(=O)OCC1(Cc2ccc(F)cc2)CCC1)C(=O)C(=O)NCc1cccnc1,7.4,0.0,1
CHEMBL268,CN(CC1CCCCC1)c1nc(C#N)ncc1C(=O)NCCc1ccccc1,7.44,0.0,1
CHEMBL268,CN(CCCC[C@@H](C=O)NC(=O)OC(C)(C)C)C(=O)C(F)(F)F,7.3,0.0,1
CHEMBL268,CN(CCC[C@@H](C=O)NC(=O)OC(C)(C)C)C(=O)C(F)(F)F,7.54,0.0,1
CHEMBL268,CN(CC[C@@H](C=O)NC(=O)OC(C)(C)C)C(=O)C(F)(F)F,7.01,0.0,1
CHEMBL268,CN1C(=O)C(=O)c2ccc(-c3ccc(C[C@@H](C#N)NC(=O)[C@H]4N[C@@H]5CC[C@H]4C5)c(F)c3)cc21,5.57,0.0,1
CHEMBL268,CN1C(=O)C(C)(C)c2ccc(-c3ccc(C[C@@H](C#N)NC(=O)[C@H]4N[C@@H]5CC[C@H]4C5)c(F)c3)cc21,4.93,0.0,1
CHEMBL268,CN1C(=O)Cc2ccc(-c3cc(F)c(CC(C#N)NC(=O)[C@H]4N[C@@H]5CC[C@H]4C5)c(F)c3)cc21,4.96,0.0,1
CHEMBL268,CN1C(=O)Cc2ccc(-c3cc(F)c(CC(C#N)NC(=O)[C@H]4N[C@@H]5CC[C@H]4C5)cc3F)cc21,5.14,0.0,1
CHEMBL268,CN1C(=O)Cc2ccc(-c3cc(F)c(C[C@@H](C#N)NC(=O)[C@H]4N[C@@H]5CC[C@H]4C5)cc3F)cc21,5.14,0.0,1
CHEMBL268,CN1C(=O)Cc2ccc(-c3ccc(CC(C#N)NC(=O)[C@H]4N[C@@H]5CC[C@H]4C5)c(Cl)c3)cc21,5.35,0.0,1
CHEMBL268,CN1C(=O)Cc2ccc(-c3ccc(CC(C#N)NC(=O)[C@H]4N[C@@H]5CC[C@H]4C5)c(F)c3)cc21,5.5,0.0,1
CHEMBL268,CN1C(=O)Cc2ccc(-c3ccc(C[C@@H](C#N)NC(=O)C45CCC(CC4)CN5)c(F)c3)cc21,5.66,0.0,1
CHEMBL268,CN1C(=O)Cc2ccc(-c3ccc(C[C@@H](C#N)NC(=O)C45CCC(CC4)CN5)cc3)cc21,5.17,0.0,1
CHEMBL268,CN1C(=O)Cc2ccc(-c3ccc(C[C@@H](C#N)NC(=O)[C@H]4NC5CCC4CC5)cc3)cc21,5.2,0.0,1
CHEMBL268,CN1C(=O)Cc2ccc(-c3ccc(C[C@@H](C#N)NC(=O)[C@H]4N[C@@H]5CC[C@H]4C5)c(Cl)c3)cc21,5.35,0.0,1
CHEMBL268,CN1C(=O)Cc2ccc(-c3ccc(C[C@@H](C#N)NC(=O)[C@H]4N[C@@H]5CC[C@H]4C5)c(F)c3)cc21,5.55,0.0,1
CHEMBL268,CN1C(=O)Cc2ccc(-c3ccc(C[C@@H](C#N)NC(=O)[C@H]4N[C@@H]5CC[C@H]4C5)c(F)c3F)cc21,4.88,0.0,1
CHEMBL268,CN1C(=O)Cc2ccc(-c3ccc(C[C@@H](C#N)NC(=O)[C@H]4N[C@H]5CC[C@@H]4CC5)cc3)cc21,5.2,0.0,1
CHEMBL268,CN1C2CCC1CN(c1ccc(C[C@@H](C#N)NC(=O)[C@H]3N[C@@H]4CC[C@H]3C4)c(F)c1)C2,5.62,0.0,1
CHEMBL268,CN1CC2(C1)CN(c1ccc(C[C@@H](C#N)NC(=O)[C@H]3N[C@@H]4CC[C@H]3C4)c(F)c1)C2,5.18,0.0,1
CHEMBL268,CN1CC2CCC(C1)N2c1ccc(C[C@@H](C#N)NC(=O)[C@H]2N[C@@H]3CC[C@H]2C3)c(F)c1,5.11,0.0,1
CHEMBL268,CN1CCC(CCOc2cc(NCC3CCC4(CC3)CC4)nc(C#N)n2)CC1,6.62,0.0,1
CHEMBL268,CN1CCC(CCOc2nc(C#N)nc(NCC3CCC4(CC3)CC4)c2Br)CC1,7.0,0.0,1
CHEMBL268,CN1CCC(CNC(=O)c2cnc(C#N)nc2NCC2CCC3(CC2)CC3)(c2ccccc2)CC1,6.77,0.0,1
CHEMBL268,CN1CCC(Cc2ccccc2)(NC(=O)c2cnc(C#N)nc2NCC2CCC3(CC2)CC3)CC1,6.85,0.0,1
CHEMBL268,CN1CCC(N2C(=O)Cc3ccc(-c4ccc(C[C@@H](C#N)NC(=O)[C@H]5N[C@@H]6CC[C@H]5C6)c(F)c4)cc32)CC1,5.4,0.0,1
CHEMBL268,CN1CCC(Oc2ccc(CCNC(=O)c3cnc(C#N)nc3NCC(C)(C)C)cc2)CC1,10.89,0.0,1
CHEMBL268,CN1CCC(Oc2ccc(C[C@@H](C#N)NC(=O)[C@H]3N[C@@H]4CC[C@H]3C4)c(F)c2)CC1,5.35,0.0,1
CHEMBL268,CN1CCC(c2ccc(C[C@@H](C#N)NC(=O)[C@H]3N[C@@H]4CC[C@H]3C4)c(F)c2)CC1,5.57,0.0,1
CHEMBL268,CN1CCC2(C=C(c3ccc(C[C@@H](C#N)NC(=O)[C@H]4N[C@@H]5CC[C@H]4C5)c(F)c3)C2)CC1,5.2,0.0,1
CHEMBL268,CN1CCC2(CC1)CC(c1ccc(C[C@@H](C#N)NC(=O)[C@H]3N[C@@H]4CC[C@H]3C4)c(F)c1)C2,5.02,0.0,1
CHEMBL268,CN1CCC2CN(c3ccc(C[C@@H](C#N)NC(=O)[C@H]4N[C@@H]5CC[C@H]4C5)c(F)c3)CC21,5.3,0.0,1
CHEMBL268,CN1CCCN(c2ccc(C[C@@H](C#N)NC(=O)[C@H]3N[C@@H]4CC[C@H]3C4)c(F)c2)CC1,5.35,0.0,1
CHEMBL268,CN1CCN(C(=O)[C@@H]2CCCC[C@H]2C(=O)NCC#N)CC1,7.43,0.0,1
CHEMBL268,CN1CCN(C(=O)c2cc(-c3ccc(C[C@@H](C#N)NC(=O)[C@H]4N[C@@H]5CC[C@H]4C5)c(F)c3)cs2)CC1=O,5.52,0.0,1
CHEMBL268,CN1CCN(C(=O)c2ccc(-c3ccc(C[C@@H](C#N)NC(=O)[C@H]4N[C@@H]5CC[C@H]4C5)c(F)c3)cc2)CC1,5.77,0.0,1
CHEMBL268,CN1CCN(C(=O)c2cccc(-c3ccc(C[C@@H](C#N)NC(=O)[C@H]4N[C@@H]5CC[C@H]4C5)c(F)c3)c2)CC1,5.92,0.0,1
CHEMBL268,CN1CCN(C(=O)c2coc(-c3ccc(C[C@@H](C#N)NC(=O)[C@H]4N[C@@H]5CC[C@H]4C5)c(F)c3)c2)CC1,5.6,0.0,1
CHEMBL268,CN1CCN(CC#Cc2ccc(CN(CC(C)(C)C)c3ccnc(C#N)n3)cc2)CC1,8.42,0.0,1
CHEMBL268,CN1CCN(CCCOc2ccc(-c3cc4c(ncn4C)c(C#N)n3)cc2C(F)(F)F)CC1,6.33,0.0,1
CHEMBL268,CN1CCN(CCCOc2ccc(-c3cccc(C#N)n3)cc2C(F)(F)F)CC1,5.78,0.0,1
CHEMBL268,CN1CCN(CCCOc2ccc(-c3ccnc(C#N)n3)cc2C(F)(F)F)CC1,7.89,0.0,1
CHEMBL268,CN1CCN(CCCOc2ccccc2Nc2nc(C#N)nc3c2ncn3C2CCCC2)CC1,8.15,0.0,1
CHEMBL268,CN1CCN(CCCc2cc(-c3cccc(C(F)(F)F)c3)nc(C#N)n2)CC1,8.0,0.0,1
CHEMBL268,CN1CCN(CCOc2ccc(COc3ccccc3Nc3nc(C#N)nc4c3ncn4C3CCCC3)cc2)CC1,7.58,0.0,1
CHEMBL268,CN1CCN(CCn2cnc3c(NC4CCCCC4)nc(C#N)nc32)CC1,8.22,0.0,1
CHEMBL268,CN1CCN(Cc2ccc(CCNC(=O)c3cnc(C#N)nc3NCC(C)(C)C)cc2)CC1,10.96,0.0,1
CHEMBL268,CN1CCN(Cc2ccc(Cc3cc4cnc(C#N)nc4n3C3CCCCC3)cc2)CC1,8.82,0.0,1
CHEMBL268,CN1CCN(S(=O)(=O)c2ccc(-c3ccc(C[C@@H](C#N)NC(=O)[C@H]4N[C@@H]5CC[C@H]4C5)c(F)c3)cc2)CC1,6.0,0.0,1
CHEMBL268,CN1CCN(c2ccc(-c3cccc(C(CC4CC4)C(=O)NCC#N)c3)cc2)CC1,7.19,0.0,1
CHEMBL268,CN1CCN(c2ccc(-c3cccc(C(CC4CCC4)C(=O)NCC#N)c3)cc2)CC1,7.21,0.0,1
CHEMBL268,CN1CCN(c2ccc(-c3cccc(C(Cc4ccccc4)C(=O)NCC#N)c3)cc2)CC1,5.85,0.0,1
CHEMBL268,CN1CCN(c2ccc(CC#Cc3cnc(C#N)nc3NCC(C)(C)C)cc2)CC1,8.15,0.0,1
CHEMBL268,CN1CCN(c2ccc(CCNC(=O)c3cnc(C#N)nc3NC3CCCCC3)cc2)CC1,10.33,0.0,1
CHEMBL268,CN1CCN(c2ccc(CCNC(=O)c3cnc(C#N)nc3NCC(C)(C)C)cc2)CC1,10.6,0.0,1
CHEMBL268,CN1CCN(c2ccc(CN(CC(C)(C)C)c3nccc(C#N)n3)cc2)CC1,7.21,0.0,1
CHEMBL268,CN1CCN(c2ccc(C[C@@H](C#N)NC(=O)[C@H]3N[C@@H]4CC[C@H]3C4)c(F)c2)CC1,5.6,0.0,1
CHEMBL268,CN1CCN(c2cccc(CCNC(=O)c3cnc(C#N)nc3NCC(C)(C)C)c2)CC1,10.96,0.0,1
CHEMBL268,CN1CCN(c2nc(-c3ccc(C(=O)NC4(C(=O)NCC#N)CCCCC4)cc3)cs2)CC1,9.41,0.2687005768508874,2
CHEMBL268,CN1CCc2cc(-c3ccc(C[C@@H](C#N)NC(=O)[C@H]4N[C@@H]5CC[C@H]4C5)c(F)c3)ccc2C1=O,5.54,0.0,1
CHEMBL268,CN1Cc2cc(-c3ccc(CC(C#N)NC(=O)[C@H]4N[C@@H]5CC[C@H]4C5)c(F)c3)ccc2C1=O,5.28,0.0,1
CHEMBL268,CN1Cc2cc(-c3ccc(C[C@@H](C#N)NC(=O)C45CCC(CC4)CN5)cc3)ccc2C1=O,5.2,0.0,1
CHEMBL268,CN1Cc2cc(-c3ccc(C[C@@H](C#N)NC(=O)[C@@H]4CCCCN4)cc3)ccc2C1=O,6.6,0.0,1
CHEMBL268,CN1Cc2cc(-c3ccc(C[C@@H](C#N)NC(=O)[C@@H]4C[C@@H](O)CCN4)cc3)ccc2C1=O,5.1,0.0,1
CHEMBL268,CN1Cc2cc(-c3ccc(C[C@@H](C#N)NC(=O)[C@H]4N[C@@H]5CC[C@H]4C5)c(F)c3)ccc2S1(=O)=O,5.28,0.0,1
CHEMBL268,CN1Cc2cc(-c3ccc(C[C@@H](C#N)NC(=O)[C@H]4N[C@H]5C[C@@H]4[C@@H]4C[C@@H]45)c(F)c3)ccc2C1=O,5.12,0.0,1
CHEMBL268,CN1Cc2ccc(-c3ccc(C[C@@H](C#N)NC(=O)C4(N)CCOCC4)cc3)cc2C1=O,5.1,0.0,1
CHEMBL268,CNC(=O)C(=O)C(C)NC(=O)c1ccc(OCc2ccccn2)c(C(F)(F)F)c1Cl,7.33,0.0,1
CHEMBL268,CNC(=O)NCCCC[C@H](NC(=O)OCC1(Cc2c(F)cccc2F)CCC1)C(=O)C(=O)N[C@H](C)c1ccccc1,7.62,0.0,1
CHEMBL268,CNC(=O)[C@H](CCSC)NC(=O)[C@H](CC(C)C)N[C@@H](c1ccc(-c2ccc(S(C)(=O)=O)cc2)cc1)C(F)(F)F,7.17,0.0,1
CHEMBL268,CNC(=O)c1cc(-c2ccc(C[C@@H](C#N)NC(=O)[C@H]3N[C@@H]4CC[C@H]3C4)c(F)c2)cs1,4.97,0.0,1
CHEMBL268,CNC(=O)c1ccc(-c2ccc(C[C@@H](C#N)NC(=O)[C@H]3N[C@@H]4CC[C@H]3C4)c(F)c2)cc1,5.46,0.0,1
CHEMBL268,CNCCCc1cc(-c2cccc(C(F)(F)F)c2)nc(C#N)n1,8.22,0.0,1
CHEMBL268,CNS(=O)(=O)c1ccc(-c2ccc(CC(C#N)NC(=O)[C@H]3N[C@@H]4CC[C@H]3C4)c(F)c2)cc1,5.31,0.0,1
CHEMBL268,CNS(=O)(=O)c1ccc(-c2ccc(C[C@@H](C#N)NC(=O)[C@H]3N[C@H]4C[C@@H]3[C@@H]3C[C@@H]34)c(F)c2)cc1,5.03,0.0,1
CHEMBL268,CNc1nc2cc(-c3ccc(C[C@@H](C#N)NC(=O)[C@H]4N[C@@H]5CC[C@H]4C5)c(F)c3)ccc2n1C,5.24,0.0,1
CHEMBL268,COC(=O)Cn1cc(-c2ccc(C[C@@H](C#N)NC(=O)[C@H]3N[C@@H]4CC[C@H]3C4)c(F)c2)cn1,5.47,0.0,1
CHEMBL268,COC(=O)N1CC(=O)C(NC(=O)[C@H](CC(C)(C)F)N[C@@H](c2ccc(-c3ccc(S(C)(=O)=O)cc3)cc2)C(F)(F)F)C1,8.37,0.0,1
CHEMBL268,COC(=O)NCC(=O)CNC(=O)[C@H](CC(C)(C)F)N[C@@H](c1ccc(-c2ccc(S(C)(=O)=O)cc2)cc1)C(F)(F)F,7.35,0.0,1
CHEMBL268,COC(=O)NCCCC[C@@H](C=O)NC(=O)OC(C)(C)C,7.82,0.0,1
CHEMBL268,COC(=O)NC[C@@H](C=O)NC(=O)OC(C)(C)C,6.43,0.0,1
CHEMBL268,COC(=O)[C@@H]1CCCN1C(=O)[C@@H](Cc1ccccc1)N(C)C(=O)[C@H](C)NC(=O)[C@@H](NC(=O)C[C@H](O)[C@H](CC(C)C)NC(=O)[C@H](CC(N)=O)NC(=O)[C@H](CC(C)C)NC(=O)[C@H](OC(=O)[C@@H](OC(=O)[C@H](C(C)C)N(C)C)C(C)C)C(C)C)[C@@H](C)O,5.0,0.0,1
CHEMBL268,COC(=O)[C@@H]1CN(C#N)C[C@H]1c1ccc(OC)c(OC2CCCC2)c1,6.37,0.0,1
CHEMBL268,COC(=O)[C@H](CCSC)NC(=O)[C@H](CC(C)C)N[C@@H](c1ccc(-c2ccc(S(C)(=O)=O)cc2)cc1)C(F)(F)F,7.57,0.0,1
CHEMBL268,COC(=O)c1cc(-c2ccc(C[C@@H](C#N)NC(=O)[C@H]3N[C@@H]4CC[C@H]3C4)c(F)c2)cs1,5.21,0.0,1
CHEMBL268,COC(=O)c1cc(-c2ccc(C[C@@H](C#N)NC(=O)[C@H]3N[C@H]4C[C@@H]3[C@@H]3C[C@@H]34)c(F)c2)cs1,4.71,0.0,1
CHEMBL268,COC(=O)c1ccc(COc2ccc(/C=C/C(C)=N/NC(N)=S)cc2)cc1,5.57,0.0,1
CHEMBL268,COC(C)(C)C(=O)NC(CCCCN)C(=O)COc1c(F)ccc(F)c1F,5.05,0.0,1
CHEMBL268,COC1=CC(=O)N(C(=O)/C=C/[C@H](CCc2ccccc2)NC(=O)[C@H](CC(C)C)NC(=O)[C@H](CC(C)C)NC(=O)[C@H](C(C)C)N(C)C)[C@H]1Cc1c[nH]c2ccccc12,8.82,0.0,1
CHEMBL268,COCCN(C)CCn1cnc2c(NC3CCCCC3)nc(C#N)nc21,8.0,0.0,1
CHEMBL268,COCCN1C(=O)Cc2ccc(-c3ccc(C[C@@H](C#N)NC(=O)C45CCC(CC4)CN5)c(F)c3)cc21,5.96,0.0,1
CHEMBL268,COCCN1C(=O)Cc2ccc(-c3ccc(C[C@@H](C#N)NC(=O)[C@H]4N[C@@H]5CC[C@H]4C5)c(F)c3)cc21,5.03,0.0,1
CHEMBL268,COCCN1CCN(C(=O)c2cc(-c3ccc(C[C@@H](C#N)NC(=O)[C@H]4N[C@@H]5CC[C@H]4C5)c(F)c3)cs2)CC1,5.7,0.0,1
CHEMBL268,COCCN1CCN(c2ccc(C[C@@H](C#N)NC(=O)[C@H]3N[C@@H]4CC[C@H]3C4)c(F)c2)CC1,5.46,0.0,1
CHEMBL268,COCCNCCCc1cc(-c2cccc(C(F)(F)F)c2)nc(C#N)n1,8.0,0.0,1
CHEMBL268,COCCNCCOc1ccc(COc2ccccc2Nc2nc(C#N)nc3c2ncn3C2CCCC2)cc1,7.85,0.0,1
CHEMBL268,COCCNc1nc(C#N)nc(NCC(C)C)c1N,7.62,0.0,1
CHEMBL268,COCCOCc1cn(-c2ccc(C[C@@H](C#N)NC(=O)[C@H]3N[C@@H]4CC[C@H]3C4)c(F)c2)nn1,5.25,0.0,1
CHEMBL268,COCC[C@@H](C=O)NC(=O)OC(C)(C)C,6.17,0.0,1
CHEMBL268,COCCn1cc(-c2ccc(CC(C#N)NC(=O)[C@H]3N[C@@H]4CC[C@H]3C4)c(F)c2)cn1,5.1,0.0,1
CHEMBL268,COCCn1cc(-c2ccc(C[C@@H](C#N)NC(=O)[C@H]3N[C@@H]4CC[C@H]3C4)c(F)c2)cn1,5.4,0.0,1
CHEMBL268,COCc1cn(-c2ccc(C[C@@H](C#N)NC(=O)[C@H]3N[C@@H]4CC[C@H]3C4)c(F)c2)nn1,5.37,0.0,1
CHEMBL268,COCc1nnc(-c2cccc(C[C@H](NC(=O)c3cc(C(C)(C)C)nn3C)C(=O)NCC#N)c2)o1,6.9,0.0,1
CHEMBL268,CO[C@@H]1C[C@@H]2CN(c3ccc(C[C@@H](C#N)NC(=O)[C@H]4N[C@@H]5CC[C@H]4C5)c(F)c3)CCN2C1,5.77,0.0,1
CHEMBL268,COc1cc(C(=O)CN2CCCC[C@H]2C(=O)N[C@H](/C=C/c2ccccc2)CC(C)C)cc(OC)c1OC,5.82,0.0,1
CHEMBL268,COc1cc(N2CCN(C(=O)[C@@H]3CCCC[C@H]3C(=O)NC3(C#N)CC3)[C@H](C)C2)ccc1C1CC1,8.52,0.0,1
CHEMBL268,COc1ccc(-c2cc3[nH]cnc3c(C#N)n2)cc1C(F)(F)F,5.07,0.0,1
CHEMBL268,COc1ccc(-c2ccc(CO[C@H]3C[C@@H](N=C=S)C3)nc2)cc1F,6.92,0.0,1
CHEMBL268,COc1ccc(-c2ccc([C@H](N[C@@H](CC(C)C)C(=O)NCC#N)C(F)(F)F)cc2)cc1,10.0,0.0,1
CHEMBL268,COc1ccc(-c2cn(-c3ccc(C[C@@H](C#N)NC(=O)[C@H]4N[C@@H]5CC[C@H]4C5)c(F)c3)nn2)cc1OC,5.28,0.0,1
CHEMBL268,COc1ccc(-c2nc(C#N)c3nc[nH]c3n2)cc1C(F)(F)F,6.2,0.0,1
CHEMBL268,COc1ccc(/C(=N/NC(N)=S)c2cccc(/C(=N/NC(N)=S)c3ccc(O)cc3)c2)cc1,5.35,0.1979898987322338,2
CHEMBL268,COc1ccc(/C(=N/NC(N)=S)c2cccc(/C(=N/NC(N)=S)c3ccc(OC)cc3)c2)cc1,5.68,0.0,1
CHEMBL268,COc1ccc(/C(=N/NC(N)=S)c2cccc(C(=O)c3ccc(O)cc3)c2)cc1,5.35,0.1979898987322338,2
CHEMBL268,COc1ccc(C(=O)NCc2ccnc(C#N)n2)cc1C(=O)C(C)(C)c1cc(Cl)cc(Cl)c1,5.02,0.0,1
CHEMBL268,COc1ccc(C(=O)Nc2ccc3nc(SCC(=O)c4ccccc4)sc3c2)cc1,5.21,0.0,1
CHEMBL268,COc1ccc(C(=O)c2cccc(/C(=N/NC(N)=S)c3ccc(O)cc3)c2)cc1,5.35,0.1979898987322338,2
CHEMBL268,COc1ccc(C(C#N)NC(=O)[C@@H]2CCCC[C@@H]2NC(=O)/C=C/c2ccccc2)cc1OC,7.8,0.0,1
CHEMBL268,COc1ccc(CCNC(=O)c2cnc(C#N)nc2NC2CCCCC2)cc1,10.66,0.0,1
CHEMBL268,COc1ccc(CCNC(=O)c2cnc(C#N)nc2NCC(C)(C)C)cc1OCCn1ccnc1,10.51,0.0,1
CHEMBL268,COc1ccc(C[C@@H](C#N)NC(=O)[C@H](CC(C)C)NC(=O)OCc2ccccc2)cc1,7.2,0.0,1
CHEMBL268,COc1ccc(Cc2cc3cnc(C#N)nc3n2CC(C)(C)C)cc1,9.0,0.0,1
CHEMBL268,COc1ccc(Cc2cc3cnc(C#N)nc3n2CCC2CCCCC2)cc1,6.55,0.0,1
CHEMBL268,COc1ccc(N2CCN(C(=O)[C@@H]3CCCC[C@H]3C(=O)NC3(C#N)CC3)CC2)cc1,7.85,0.0,1
CHEMBL268,COc1ccc(N2CCN(C(=O)[C@@H]3CCCC[C@H]3C(=O)NC3(C#N)CC3)CC2)cc1OC,8.05,0.0,1
CHEMBL268,COc1ccc(N2CCN(C(=O)[C@@H]3CCCC[C@H]3C(=O)NC3(C#N)CC3)[C@H](C)C2)cc1OC,8.4,0.0,1
CHEMBL268,COc1ccc(N2CCN(C(=O)[C@@H]3CCCC[C@H]3C(=O)NC3(C#N)CC3)[C@H](C)C2)nc1OC,8.3,0.0,1
CHEMBL268,COc1ccc(N2CCN(C(=O)[C@@H]3CCCC[C@H]3C(=O)NCC#N)CC2)cc1,8.22,0.0,1
CHEMBL268,COc1ccc(N2CCN(C(=O)[C@@H]3CCCC[C@H]3C(=O)NCC#N)CC2)cc1OC,8.22,0.0,1
CHEMBL268,COc1ccc(NCCNC(=O)C(CC(C)C)Oc2ccc(-c3ccccc3)cc2)cc1,7.0,0.0,1
CHEMBL268,COc1ccc(NCCNC(=O)C(CC(C)C)Oc2ccc(Oc3ccccc3)cc2)cc1,6.22,0.0,1
CHEMBL268,COc1ccc(NCCNC(=O)C(CC(C)C)Oc2cccc(-c3ccccc3)c2)cc1,7.05,0.0,1
CHEMBL268,COc1ccc(NCCNC(=O)C(CC(C)C)Oc2cccc(Oc3ccccc3)c2)cc1,7.16,0.0,1
CHEMBL268,COc1ccc(NCCNC(=O)C(CC(C)C)Oc2ccccc2)cc1,5.52,0.0,1
CHEMBL268,COc1ccc(NCCNC(=O)C(CC(C)C)Oc2ccccc2-c2ccccc2)cc1,5.92,0.0,1
CHEMBL268,COc1ccc(NCCNC(=O)C2(Nc3ccc(-c4ccccc4)cc3)CCCCC2)cc1,7.0,0.0,1
CHEMBL268,COc1ccc(NCCNC(=O)C2(Nc3cccc(-c4ccccc4)c3)CCCCC2)cc1,7.08,0.0,1
CHEMBL268,COc1ccc(NCCNC(=O)C2(Nc3ccccc3)CCCCC2)cc1,4.96,0.0,1
CHEMBL268,COc1ccc(NCCNC(=O)C2(Oc3ccc(-c4ccccc4)cc3)CCCCC2)cc1,6.72,0.0,1
CHEMBL268,COc1ccc(NCCNC(=O)C2(Oc3ccc(C(C)C)cc3)CCCCC2)cc1,6.7,0.0,1
CHEMBL268,COc1ccc(NCCNC(=O)C2(Oc3ccc(C4CCCCC4)cc3)CCCCC2)cc1,7.0,0.0,1
CHEMBL268,COc1ccc(NCCNC(=O)C2(Oc3cccc(-c4ccccc4)c3)CCCCC2)cc1,6.5,0.0,1
CHEMBL268,COc1ccc(NCCNC(=O)C2(Oc3ccccc3)CCCCC2)cc1,5.52,0.0,1
CHEMBL268,COc1ccc(NCCNC(=O)[C@H](CC(C)C)NC(=O)OCc2ccccc2)cc1,7.1433333333333335,0.08621678104251665,3
CHEMBL268,COc1ccc(NCCNC(=O)[C@H](CC(C)C)NC(=O)c2ccc(C)cc2)cc1,7.36,0.0,1
CHEMBL268,COc1ccc(NCCNC(=O)[C@H](CC(C)C)NC(=O)c2ccc(OC)cc2)cc1,7.95,0.14142135623731025,2
CHEMBL268,COc1ccc(NCCNC(=O)[C@H](CC(C)C)NC(=O)c2ccc(OCc3ccccc3)cc2)cc1,8.22,0.0,1
CHEMBL268,COc1ccc(NCCNC(=O)[C@H](CC(C)C)NC(=O)c2cccc(C)c2)cc1,6.43,0.0,1
CHEMBL268,COc1ccc(NCCNC(=O)[C@H](CC(C)C)NC(=O)c2cccc(OC)c2)cc1,6.38,0.0,1
CHEMBL268,COc1ccc(NCCNC(=O)[C@H](CC(C)C)NC(=O)c2ccccc2)cc1,6.31,0.0,1
CHEMBL268,COc1ccc(NCCNC(=O)[C@H](CC(C)C)NC(=O)c2ncn(-c3cccc(Cl)c3Cl)n2)cc1,8.05,0.0,1
CHEMBL268,COc1ccc(NCCNC(=O)[C@H](CC(C)C)NC(=O)c2ncn(-c3ccccc3Cl)n2)cc1,8.22,0.0,1
CHEMBL268,COc1ccc(NCCNC(=O)[C@H](CC(C)C)Nc2cccc(-c3ccccc3)c2)cc1,7.4,0.0,1
CHEMBL268,COc1ccc(NCCNC(=O)[C@H](CC(C)C)Nc2cccc(C3CCCCC3)c2)cc1,7.22,0.0,1
CHEMBL268,COc1ccc(NC[C@@H](C)NC(=O)C2(Nc3cccc(-c4ccccc4)c3)CCCCC2)cc1,7.09,0.0,1
CHEMBL268,COc1ccc(NC[C@H](C)NC(=O)C2(Nc3cccc(-c4ccccc4)c3)CCCCC2)cc1,8.0,0.0,1
CHEMBL268,COc1ccc(NC[C@H](C)NC(=O)[C@H](CC(C)C)Nc2cccc(-c3ccccc3)c2)cc1,8.0,0.0,1
CHEMBL268,COc1ccc(Nc2nc(C#N)nc(N3CCOCC3)n2)cc1,6.4,0.0,1
CHEMBL268,COc1ccc(Nc2nc(C#N)nc(NC3CCNCC3)n2)cc1,6.22,0.0,1
CHEMBL268,COc1ccc(OC)c(S(=O)(=O)N[C@@H]2CCN(C#N)C2)c1,7.1,0.0,1
CHEMBL268,COc1ccc(OC)c(S(=O)(=O)N[C@@H]2C[C@H](C)N(C#N)C2)c1,6.2,0.0,1
CHEMBL268,COc1ccc(S(=O)(=O)N2CCN(CC#Cc3cnc(C#N)nc3NCC(C)(C)C)CC2)cc1,8.15,0.0,1
CHEMBL268,COc1ccc(S(=O)(=O)[C@@H]2C[C@@H](C(=O)NC3(C#N)CC3)N(C(=O)C3(c4ccc(Cl)cn4)CC3)C2)c(Cl)c1,4.96,0.0,1
CHEMBL268,COc1ccc(S(=O)(=O)[C@@H]2C[C@@H](C(=O)NC3(C#N)CC3)N(C(=O)C3(c4ccc(Cl)cn4)CNC3)C2)c(Cl)c1,5.19,0.0,1
CHEMBL268,COc1ccc(SC[C@@H]2CCCC[C@H]2C(=O)NCC#N)cc1,7.55,0.0,1
CHEMBL268,COc1ccc2[nH]c3c(c2c1)CN(C(=O)[C@@H]1CCCC[C@H]1C(=O)NC1(C#N)CC1)CC3,7.39,0.0,1
CHEMBL268,COc1cccc(-c2cn(-c3ccc(C[C@@H](C#N)NC(=O)[C@H]4N[C@@H]5CC[C@H]4C5)c(F)c3)nn2)c1,5.31,0.0,1
CHEMBL268,COc1cccc(-n2cc(-c3ccc(N4CCS(=O)(=O)CC4)cc3)c([C@@H]3CCCC[C@H]3C(=O)NC3(C#N)CC3)n2)c1,9.15,0.0,1
CHEMBL268,COc1cccc(N2CCN(C(=O)[C@@H]3CCCC[C@H]3C(=O)NCC#N)CC2)c1,8.1,0.0,1
CHEMBL268,COc1cccc(Nc2nc(C#N)nc(N3CCOCC3)n2)c1,6.7,0.0,1
CHEMBL268,COc1cccc(Nc2nc(C#N)nc(NC3CCNCC3)n2)c1,6.7,0.0,1
CHEMBL268,COc1cccc(SC[C@@H]2CCCC[C@H]2C(=O)NCC#N)c1,6.43,0.0,1
CHEMBL268,COc1ccccc1-c1cn(-c2ccc(C[C@@H](C#N)NC(=O)[C@H]3N[C@@H]4CC[C@H]3C4)c(F)c2)nn1,5.35,0.0,1
CHEMBL268,COc1ccccc1C(C#N)NC(=O)[C@@H]1CCCC[C@H]1C(=O)N1CCN(Cc2ccc(F)cc2)CC1,9.0,0.0,1
CHEMBL268,COc1ncc(-c2cn(-c3ccc(C[C@@H](C#N)NC(=O)[C@H]4N[C@@H]5CC[C@H]4C5)c(F)c3)nn2)cn1,5.32,0.0,1
CHEMBL268,CS(=O)(=NC#N)c1ccc(-c2ccc(C[C@@H](C#N)NC(=O)[C@H]3N[C@@H]4CC[C@H]3C4)c(F)c2)cc1,5.68,0.0,1
CHEMBL268,CS(=O)(=NC#N)c1cccc(-c2ccc(C[C@@H](C#N)NC(=O)[C@H]3N[C@@H]4CC[C@H]3C4)c(F)c2)c1,5.77,0.0,1
CHEMBL268,CS(=O)(=O)C[C@H](N[C@@H](c1ccc(-c2ccc(F)cc2)cc1)C(F)(F)F)C(=O)NC1(C#N)CC1,8.28,0.0,1
CHEMBL268,CS(=O)(=O)C[C@H](N[C@@H](c1ccc(Br)cc1)C(F)(F)F)C(=O)NC1(C#N)CC1,7.51,0.0,1
CHEMBL268,CS(=O)(=O)C[C@H](N[C@@H](c1ccc(F)cc1)C(F)(F)F)C(=O)NC1(C#N)CC1,6.39,0.0,1
CHEMBL268,CS(=O)(=O)C[C@H](N[C@@H](c1cccc(F)c1)C(F)(F)F)C(=O)NC1(C#N)CC1,6.5,0.0,1
CHEMBL268,CS(=O)(=O)C[C@H](N[C@@H](c1ccccc1)C(F)(F)F)C(=O)NC1(C#N)CC1,6.85,0.0,1
CHEMBL268,CS(=O)(=O)N1CC(c2ccc(-c3cn(CC(F)(F)F)nc3[C@@H]3CCC(F)(F)C[C@H]3C(=O)NC3(C#N)CC3)cc2)C1,9.22,0.0,1
CHEMBL268,CS(=O)(=O)N1CCN(c2ccc(C[C@@H](C#N)NC(=O)[C@H]3N[C@@H]4CC[C@H]3C4)c(F)c2)CC1,5.6,0.0,1
CHEMBL268,CS(=O)(=O)Nc1ccc(-c2ccc(CC(C#N)NC(=O)[C@H]3N[C@@H]4CC[C@H]3C4)c(F)c2)cc1,5.41,0.0,1
CHEMBL268,CS(=O)(=O)Nc1ccc(-c2ccc(C[C@@H](C#N)NC(=O)[C@H]3NC4CCC3CC4)cc2)cc1,5.17,0.0,1
CHEMBL268,CS(=O)(=O)Nc1ccc(-c2ccc(C[C@@H](C#N)NC(=O)[C@H]3N[C@H]4C[C@@H]3[C@@H]3C[C@@H]34)c(F)c2)cc1,5.08,0.0,1
CHEMBL268,CS(=O)(=O)Nc1cccc(-c2ccc(C[C@@H](C#N)NC(=O)[C@H]3NC4CCC3CC4)cc2)c1,5.0,0.0,1
CHEMBL268,CS(=O)(=O)Nc1cccc(-c2ccc(C[C@@H](C#N)NC(=O)[C@H]3N[C@H]4C[C@@H]3[C@@H]3C[C@@H]34)c(F)c2)c1,5.32,0.0,1
CHEMBL268,CS(=O)(=O)c1cc(-c2cc(F)c(CC(C#N)NC(=O)[C@H]3N[C@@H]4CC[C@H]3C4)c(F)c2)ccc1C#N,4.77,0.0,1
CHEMBL268,CS(=O)(=O)c1cc(-c2ccc(CC(C#N)NC(=O)[C@H]3N[C@@H]4CC[C@H]3C4)c(F)c2)ccc1C#N,5.27,0.0,1
CHEMBL268,CS(=O)(=O)c1cc(-c2ccc(C[C@@H](C#N)NC(=O)C34CCC(CC3)CN4)c(F)c2)ccc1C#N,5.77,0.0,1
CHEMBL268,CS(=O)(=O)c1cc(-c2ccc(C[C@@H](C#N)NC(=O)C34CCC(CC3)CN4)cc2)ccc1C#N,5.3,0.0,1
CHEMBL268,CS(=O)(=O)c1cc(-c2ccc(C[C@@H](C#N)NC(=O)[C@H]3NC4CCC3CC4)c(F)c2)ccc1C#N,5.57,0.0,1
CHEMBL268,CS(=O)(=O)c1cc(-c2ccc(C[C@@H](C#N)NC(=O)[C@H]3NC4CCC3CC4)cc2)ccc1C#N,5.28,0.0,1
CHEMBL268,CS(=O)(=O)c1cc(-c2ccc(C[C@@H](C#N)NC(=O)[C@H]3N[C@@H]4CC[C@H]3C4)c(F)c2)ccc1C#N,5.57,0.0,1
CHEMBL268,CS(=O)(=O)c1cc(-c2ccc(C[C@@H](C#N)NC(=O)[C@H]3N[C@@H]4CC[C@H]3C4)c(F)c2)ccc1F,5.21,0.0,1
CHEMBL268,CS(=O)(=O)c1cc(OCC(F)(F)F)cc(-c2ccc(C[C@@H](C#N)NC(=O)[C@H]3N[C@@H]4CC[C@H]3C4)c(F)c2)c1,5.26,0.0,1
CHEMBL268,CS(=O)(=O)c1ccc(-c2ccc(CC(C#N)NC(=O)[C@H]3N[C@@H]4CC[C@H]3C4)c(F)c2)cc1,5.35,0.0,1
CHEMBL268,CS(=O)(=O)c1ccc(-c2ccc(C[C@@H](C#N)NC(=O)C34CCC(CC3)CN4)c(F)c2)cc1,6.1,0.0,1
CHEMBL268,CS(=O)(=O)c1ccc(-c2ccc(C[C@@H](C#N)NC(=O)[C@H]3N[C@@H]4CC[C@H]3C4)c(F)c2)c(F)c1,5.17,0.0,1
CHEMBL268,CS(=O)(=O)c1ccc(-c2ccc(C[C@@H](C#N)NC(=O)[C@H]3N[C@@H]4CC[C@H]3C4)c(F)c2)cc1,5.68,0.0,1
CHEMBL268,CS(=O)(=O)c1ccc(-c2ccc(C[C@@H](C#N)NC(=O)[C@H]3N[C@@H]4CC[C@H]3C4)c(F)c2)cc1C#N,5.48,0.0,1
CHEMBL268,CS(=O)(=O)c1ccc(-c2ccc(C[C@@H](C#N)NC(=O)[C@H]3N[C@@H]4CC[C@H]3C4)c(F)c2)cc1F,5.68,0.0,1
CHEMBL268,CS(=O)(=O)c1ccc(-c2ccc(C[C@@H](C#N)NC(=O)[C@H]3N[C@@H]4CC[C@H]3C4)c(F)c2)cc1OCC(F)F,5.48,0.0,1
CHEMBL268,CS(=O)(=O)c1ccc(-c2ccc(C[C@@H](C#N)NC(=O)[C@H]3N[C@@H]4CC[C@H]3C4)c(F)c2F)cc1,4.86,0.0,1
CHEMBL268,CS(=O)(=O)c1ccc(-c2ccc(C[C@@H](C#N)NC(=O)[C@H]3N[C@H]4C[C@@H]3[C@@H]3C[C@@H]34)c(F)c2)cc1,5.06,0.0,1
CHEMBL268,CS(=O)(=O)c1ccc(-c2ccc([C@H](N[C@@H](CC(F)(F)F)C(=O)NC(C#N)(C3CC3)C3CC3)C(F)(F)F)cc2)cc1,8.82,0.0,1
CHEMBL268,CS(=O)(=O)c1ccc(-c2cn(CC(F)(F)F)nc2[C@@H]2CCC(Cl)(Cl)C[C@H]2C(=O)NC2(C#N)CC2)cc1,8.975000000000001,0.33234018715767843,2
CHEMBL268,CS(=O)(=O)c1ccc(N2CCN(C(=O)[C@@H]3CCCC[C@H]3C(=O)NC3(C#N)CC3)CC2)cc1,7.75,0.0,1
CHEMBL268,CS(=O)(=O)c1ccc(N2CCN(C(=O)[C@@H]3CCCC[C@H]3C(=O)NCC#N)CC2)cc1,7.96,0.0,1
CHEMBL268,CS(=O)(=O)c1ccc2[nH]c3c(c2c1)CN(C(=O)[C@@H]1CCCC[C@H]1C(=O)NC1(C#N)CC1)CC3,7.11,0.0,1
CHEMBL268,CS(=O)(=O)c1ccc2c3c([nH]c2c1)CCN(C(=O)[C@@H]1CCCC[C@H]1C(=O)NC1(C#N)CC1)C3,7.47,0.0,1
CHEMBL268,CS(=O)(=O)c1ccc2nc(N3CCN(C(=O)[C@@H]4CCCC[C@H]4C(=O)NC4(C#N)CC4)CC3)sc2c1,7.6,0.0,1
CHEMBL268,CS(=O)(=O)c1cccc(-c2ccc(CC(C#N)NC(=O)[C@H]3N[C@@H]4CC[C@H]3C4)c(F)c2)c1,5.06,0.0,1
CHEMBL268,CS(=O)(=O)c1cccc(-c2ccc(C[C@@H](C#N)NC(=O)[C@H]3NC4CCC3CC4)cc2)c1,5.28,0.0,1
CHEMBL268,CS(=O)(=O)c1cccc(-c2ccc(C[C@@H](C#N)NC(=O)[C@H]3N[C@@H]4CC[C@H]3C4)c(F)c2)c1,5.58,0.0,1
CHEMBL268,CS(=O)(=O)c1cccc(-c2ccc(C[C@@H](C#N)NC(=O)[C@H]3N[C@H]4C[C@@H]3[C@@H]3C[C@@H]34)c(F)c2)c1,4.96,0.0,1
CHEMBL268,CS(=O)(=O)c1cccc2c3c([nH]c12)CCN(C(=O)[C@@H]1CCCC[C@H]1C(=O)NC1(C#N)CC1)C3,7.77,0.0,1
CHEMBL268,CS(C)(=O)=Nc1cccc(-c2ccc(C[C@@H](C#N)NC(=O)[C@H]3N[C@@H]4CC[C@H]3C4)c(F)c2)c1,5.43,0.0,1
CHEMBL268,CSCC[C@@H](C#N)NC(=O)[C@H](CC(C)C)N[C@@H](c1ccc(-c2ccc(S(C)(=O)=O)cc2)cc1)C(F)(F)F,9.7,0.0,1
CHEMBL268,CSCC[C@@H](C=O)NC(=O)OC(C)(C)C,7.11,0.0,1
CHEMBL268,CSCC[C@H](NC(=O)[C@H](CC(C)C)N[C@@H](c1ccc(-c2ccc(S(C)(=O)=O)cc2)cc1)C(F)(F)F)C(=O)N(C)C,5.98,0.0,1
CHEMBL268,CSCC[C@H](NC(=O)[C@H](CC(C)C)N[C@@H](c1ccc(-c2ccc(S(C)(=O)=O)cc2)cc1)C(F)(F)F)C(=O)NCC(F)(F)F,6.56,0.0,1
CHEMBL268,CSCC[C@H](NC(=O)[C@H](CC(C)C)N[C@@H](c1ccc(-c2ccc(S(C)(=O)=O)cc2)cc1)C(F)(F)F)C(=O)NCc1ccccc1,7.06,0.0,1
CHEMBL268,CSCC[C@H](NC(=O)[C@H](CC(C)C)N[C@@H](c1ccc(-c2ccc(S(C)(=O)=O)cc2)cc1)C(F)(F)F)C(=O)NS(C)(=O)=O,6.62,0.0,1
CHEMBL268,CSCC[C@H](NC(=O)[C@H](CC(C)C)N[C@@H](c1ccc(-c2ccc(S(C)(=O)=O)cc2)cc1)C(F)(F)F)C(=O)O,6.92,0.0,1
CHEMBL268,CSCC[C@H](NC(=O)[C@H](CC(C)C)N[C@@H](c1ccc(-c2ccc(S(C)(=O)=O)cc2)cc1)C(F)(F)F)C(C)=O,7.39,0.0,1
CHEMBL268,CSCC[C@H](NC(=O)[C@H](CC(C)C)N[C@@H](c1ccc(-c2ccc(S(C)(=O)=O)cc2)cc1)C(F)(F)F)C(N)=O,7.89,0.0,1
CHEMBL268,CSC[C@H](NC(=O)[C@H](CC(C)C)N[C@@H](c1ccc(-c2ccc(S(C)(=O)=O)cc2)cc1)C(F)(F)F)C(N)=O,7.18,0.0,1
CHEMBL268,CSC[C@H](N[C@@H](c1ccc(Br)cc1)C(F)(F)F)C(=O)NC1(C#N)CC1,8.3,0.0,1
CHEMBL268,CSc1cc(-c2ccc(C[C@@H](C#N)NC(=O)[C@@H]3CCCCN3)cc2)ccc1C#N,6.4,0.0,1
CHEMBL268,CSc1ccc(-c2c(C3CCC(F)(F)CC3C(=O)NCC#N)cc[nH]c2=O)cc1,8.1,0.0,1
CHEMBL268,CSc1ccc(-c2c(C3CCC(F)(F)CC3C(=O)NCC#N)nnn2Cc2ccccc2)cc1,8.7,0.0,1
CHEMBL268,CSc1ccc(-c2c[n+]([O-])ccc2C2CCC(F)(F)CC2C(=O)NCC#N)cc1,8.3,0.0,1
CHEMBL268,CSc1ccc(-c2c[nH]c(=O)cc2C2CCC(F)(F)CC2C(=O)NCC#N)cc1,8.4,0.0,1
CHEMBL268,CSc1ccc(-c2ccc([C@H](N[C@@H](CC(C)C)C(=O)NCC#N)C(F)(F)F)cc2)cc1,9.7,0.0,1
CHEMBL268,CSc1ccc(-c2ccccc2C2CCC(Cl)(Cl)CC2C(=O)NCC#N)cc1,9.24,0.0,1
CHEMBL268,CSc1ccc(-c2ccccc2C2CCC(F)(F)CC2C(=O)NCC#N)cc1,9.386666666666667,0.11718930554164583,3
CHEMBL268,CSc1ccc(-c2ccccc2C2CCC(F)CC2C(=O)NCC#N)cc1,8.405000000000001,0.03535533905932725,2
CHEMBL268,CSc1ccc(-c2ccccc2[C@@H]2CCC(F)(F)C[C@H]2C(=O)NCC#N)cc1,9.55,0.0,1
CHEMBL268,CSc1ccc(-c2ccccc2[C@@H]2CCCC[C@H]2C(=O)NCC#N)cc1,8.59,0.0,1
CHEMBL268,CSc1ccc(-c2ccccc2[C@H]2CCC(F)(F)C[C@@H]2C(=O)NCC#N)cc1,8.15,0.0,1
CHEMBL268,CSc1ccc(-c2cn(C)nc2C2CCC(F)(F)CC2C(=O)NCC#N)cc1,9.4,0.0,1
CHEMBL268,CSc1ccc(-c2cnccc2C2CCC(F)(F)CC2C(=O)NCC#N)cc1,9.0,0.0,1
CHEMBL268,CSc1ccc(-c2nc(C)sc2C2CCC(F)(F)CC2C(=O)NCC#N)cc1,9.7,0.0,1
CHEMBL268,CSc1ccc(-c2ncccc2C2CCC(F)(F)CC2C(=O)NCC#N)cc1,9.0,0.0,1
CHEMBL268,CSc1ccc(S(=O)(=O)C[C@@H]2CCCC[C@H]2C(=O)NCC#N)cc1,8.3,0.0,1
CHEMBL268,CSc1ccc(SC[C@@H]2CCCC[C@H]2C(=O)NCC#N)cc1,8.38,0.0,1
CHEMBL268,CSc1cccc2c3c([nH]c12)CCN(C(=O)[C@@H]1CCCC[C@H]1C(=O)NC1(C#N)CC1)C3,8.4,0.0,1
CHEMBL268,C[C@@H](C#N)NC(=O)[C@@H]1CCCC[C@H]1C(=O)N1CCc2[nH]c3ccc(F)cc3c2C1,7.76,0.0,1
CHEMBL268,C[C@@H](C=O)NC(=O)OC(C)(C)C,6.7,0.0,1
CHEMBL268,C[C@@H](CC1CCCCC1)OC(=O)C1CCCN1C#N,8.74,0.0,1
CHEMBL268,C[C@@H](CC1CCCCC1)OC(=O)C1CCN1C#N,10.32,0.0,1
CHEMBL268,C[C@@H](CC1CCCCC1)OC(=O)N[C@H]1CCN(C#N)C1,7.92,0.0,1
CHEMBL268,C[C@@H](C[C@H](N[C@@H](c1ccc(-c2ccc(S(C)(=O)=O)cc2)cc1)C(F)(F)F)C(=O)NC(C#N)(C1CC1)C1CC1)C(F)(F)F,9.52,0.0,1
CHEMBL268,C[C@@H](NC(=O)C(=O)[C@H](CCCCNC(=O)N1CCOCC1)NC(=O)OCC1(Cc2ccc(F)cc2)CCC1)c1ccccc1,7.89,0.0,1
CHEMBL268,C[C@@H](NC(=O)C(=O)[C@H](CCCCNC(=O)N1CCOCC1)NC(=O)OCC1(Cc2ccncc2)CCC1)c1ccccc1,8.12,0.0,1
CHEMBL268,C[C@@H]1CC[C@H](NC(=O)[C@@H](CC2(C)CCCC2)NC(=O)c2ccco2)C(=O)CN1S(=O)(=O)c1ccccn1,5.72,0.0,1
CHEMBL268,C[C@@H]1CC[C@H](NC(=O)[C@@H](CC2(C)CCCCC2)NC(=O)c2ccco2)C(=O)CN1S(=O)(=O)c1ccccn1,5.64,0.0,1
CHEMBL268,C[C@@H]1CC[C@H](NC(=O)[C@H](CC(C)(C)C)NC(=O)c2ccco2)C(=O)CN1S(=O)(=O)c1ccccn1,8.33,0.0,1
CHEMBL268,C[C@@H]1CC[C@H](NC(=O)[C@H](CC2(C)CCCC2)NC(=O)c2ccco2)C(=O)CN1S(=O)(=O)c1ccccn1,7.95,0.0,1
CHEMBL268,C[C@@H]1CC[C@H](NC(=O)[C@H](CC2(C)CCCCC2)NC(=O)N2CCOCC2)C(=O)CN1S(=O)(=O)c1ccccn1,6.87,0.0,1
CHEMBL268,C[C@@H]1CC[C@H](NC(=O)[C@H](CC2(C)CCCCC2)NC(=O)c2ccco2)C(=O)CN1C(=O)c1ccccn1,6.58,0.0,1
CHEMBL268,C[C@@H]1CC[C@H](NC(=O)[C@H](CC2(C)CCCCC2)NC(=O)c2ccco2)C(=O)CN1S(=O)(=O)c1ccccn1,7.35,0.0,1
CHEMBL268,C[C@@H]1CC[C@H](NC(=O)[C@H](CC23CCC(CC2)C3(C)C)NC(=O)N2CCOCC2)C(=O)CN1S(=O)(=O)c1ccccn1,6.76,0.0,1
CHEMBL268,C[C@@H]1CC[C@H](NC(=O)[C@H](CC2=CCCC2)NC(=O)c2ccco2)C(=O)CN1S(=O)(=O)c1ccccn1,8.05,0.0,1
CHEMBL268,C[C@@H]1CC[C@H](NC(=O)[C@H](CC2CCC(C)(C)CC2)NC(=O)c2ccco2)C(=O)CN1S(=O)(=O)c1ccccn1,5.21,0.0,1
CHEMBL268,C[C@@H]1CC[C@H](NC(=O)[C@H](CC2CCCC2)NC(=O)c2ccco2)C(=O)CN1S(=O)(=O)c1ccccn1,7.56,0.0,1
CHEMBL268,C[C@@H]1CC[C@H](NC(=O)[C@H](CC2CCCCC2)NC(=O)c2ccco2)C(=O)CN1S(=O)(=O)c1ccccn1,7.39,0.0,1
CHEMBL268,C[C@@H]1CC[C@H](NC(=O)[C@H](CC2CCCCCC2)NC(=O)c2ccco2)C(=O)CN1S(=O)(=O)c1ccccn1,7.55,0.0,1
CHEMBL268,C[C@@H]1CC[C@H](NC(=O)[C@H](CCC2CCCC2)NC(=O)N2CCOCC2)C(=O)CN1S(=O)(=O)c1ccccn1,5.96,0.0,1
CHEMBL268,C[C@@H]1CC[C@H](NC(=O)[C@H](CCC2CCCC2)NC(=O)c2ccco2)C(=O)CN1S(=O)(=O)c1ccccn1,6.08,0.0,1
CHEMBL268,C[C@@H]1CN(c2ccc(S(C)(=O)=O)cc2)CCN1C(=O)[C@@H]1CCCC[C@H]1C(=O)NC1(C#N)CC1,7.92,0.0,1
CHEMBL268,C[C@@H]1CN(c2ccc(S(C)(=O)=O)cc2)C[C@H](C)N1C(=O)[C@@H]1CCCC[C@H]1C(=O)NC1(C#N)CC1,6.68,0.0,1
CHEMBL268,C[C@@H]1CN(c2ccc3c(c2)OCO3)CCN1C(=O)[C@@H]1CCCC[C@H]1C(=O)NC1(C#N)CC1,8.05,0.0,1
CHEMBL268,C[C@@H]1CN(c2ccccc2)CCN1C(=O)[C@@H]1CCCC[C@H]1C(=O)NC1(C#N)CC1,7.96,0.0,1
CHEMBL268,C[C@@H]1CN(c2ccccc2)CCN1C(=O)[C@@H]1CCCC[C@H]1C(=O)NCC#N,8.22,0.0,1
CHEMBL268,C[C@@H]1C[C@@H](NS(=O)(=O)c2cccc(Br)c2)CN1C#N,6.0,0.0,1
CHEMBL268,C[C@H](C#N)NC(=O)[C@@H]1CCCC[C@H]1C(=O)N1CCc2[nH]c3ccc(F)cc3c2C1,7.79,0.0,1
CHEMBL268,C[C@H](C(N)=O)c1ccc(-c2ccc([C@H](N[C@@H](CC(C)(C)F)C(=O)NC3(C#N)CC3)C(F)(F)F)cc2)cc1,9.7,0.0,1
CHEMBL268,C[C@H](C[C@H](N[C@@H](c1ccc(-c2ccc(S(C)(=O)=O)cc2)cc1)C(F)(F)F)C(=O)NC(C#N)(C1CC1)C1CC1)C(F)(F)F,9.4,0.0,1
CHEMBL268,C[C@H](NC(=O)O[C@H](Cn1ccc(-c2ccc(C(F)(F)F)cc2)n1)C(C)(C)C)C(=O)CNS(=O)(=O)c1ccccn1,7.75,0.0,1
CHEMBL268,C[C@H](NC(=O)O[C@H](Cn1ccc(C(F)(F)F)n1)C(C)(C)C)C(=O)CNS(=O)(=O)c1ccccn1,6.52,0.0,1
CHEMBL268,C[C@H](NC(=O)O[C@H](Cn1cnc2cc(Cl)c(Cl)cc21)C(C)(C)C)C(=O)CNS(=O)(=O)c1ccccn1,8.85,0.0,1
CHEMBL268,C[C@H](NC(=O)[C@@H]1C[C@@H](S(=O)(=O)c2ccccc2Cl)CN1C(=O)C1(c2ccc(Cl)cc2)CC1)C(=O)C(=O)NC1CC1,6.35,0.0,1
CHEMBL268,C[C@H]1CN(c2ccc(S(C)(=O)=O)cc2)CCN1C(=O)[C@@H]1CCCC[C@H]1C(=O)NC1(C#N)CC1,7.23,0.0,1
CHEMBL268,C[C@H]1C[C@@H](NS(=O)(=O)c2cc(Br)ccc2Br)CN1C#N,7.4,0.0,1
CHEMBL268,C[C@H]1C[C@@H](NS(=O)(=O)c2cccc(Br)c2)CN1C#N,6.6,0.0,1
CHEMBL268,C[S+]([O-])C[C@H](N[C@@H](c1ccc(Br)cc1)C(F)(F)F)C(=O)NC1(C#N)CC1,6.19,0.0,1
CHEMBL268,C[S+]([O-])C[C@H](N[C@@H](c1ccc(F)cc1)C(F)(F)F)C(=O)NC1(C#N)CC1,5.95,0.0,1
CHEMBL268,C[S+]([O-])c1ccc(-c2ccc(C[C@@H](C#N)NC(=O)[C@H]3N[C@@H]4CC[C@H]3C4)c(F)c2)cc1,5.46,0.0,1
CHEMBL268,Cc1c(-c2ccc(CC(C#N)NC(=O)[C@H]3N[C@@H]4CC[C@H]3C4)c(F)c2)cnn1C,4.93,0.0,1
CHEMBL268,Cc1c(-c2ccc(C[C@@H](C#N)NC(=O)[C@H]3N[C@@H]4CC[C@H]3C4)c(F)c2)cnn1C,5.02,0.1272792206135787,2
CHEMBL268,Cc1cc(-c2ccc(CC(C#N)NC(=O)[C@H]3N[C@@H]4CC[C@H]3C4)c(F)c2)n[nH]1,4.96,0.0,1
CHEMBL268,Cc1cc(-c2ccc(C[C@@H](C#N)NC(=O)[C@H]3N[C@@H]4CC[C@H]3C4)c(F)c2)n(C)n1,5.21,0.0,1
CHEMBL268,Cc1cc(C(=O)N[C@@H](Cc2cccc(Cl)c2)C(=O)NCC#N)c(C)s1,5.3,0.0,1
CHEMBL268,Cc1cc(C(=O)N[C@@H](Cc2cccc(Cl)c2)C(=O)NCC#N)n(C)n1,5.2,0.0,1
CHEMBL268,Cc1cc(C)cc(C(=O)N[C@@H](Cc2cccc(Cl)c2)C(=O)NCC#N)c1,5.3,0.0,1
CHEMBL268,Cc1cc(NC(=O)C(=O)C(C)NC(=O)c2cccc(C(F)(F)F)c2Cl)n[nH]1,7.58,0.0,1
CHEMBL268,Cc1cc(NC(=O)Cn2nnc(-c3ccc(NC(=O)c4ccc(F)cc4)cc3)n2)no1,5.42,0.0,1
CHEMBL268,Cc1ccc(-c2ccc(C[C@@H](C#N)NC(=O)[C@H]3N[C@@H]4CC[C@H]3C4)c(F)c2)o1,5.5,0.0,1
CHEMBL268,Cc1ccc(-c2ccc([C@H](N[C@@H](CC(C)C)C(=O)NCC#N)C(F)(F)F)cc2)cc1,9.52,0.0,1
CHEMBL268,Cc1ccc(C(=O)N[C@@H](Cc2cccc(Cl)c2)C(=O)NCC#N)cc1,5.9,0.0,1
CHEMBL268,Cc1ccc(C)c(C(=O)N[C@@H](Cc2cccc(Cl)c2)C(=O)NCC#N)c1,5.2,0.0,1
CHEMBL268,Cc1ccc(C[C@@H](C#N)NC(=O)[C@H](CC(C)C)NC(=O)OCc2ccccc2)cc1,7.32,0.0,1
CHEMBL268,Cc1ccc(N2CCN(C(=O)[C@@H]3CCCC[C@H]3C(=O)NCC#N)CC2)cc1,7.96,0.0,1
CHEMBL268,Cc1ccc(NCCNC(=O)[C@H](CC(C)C)NC(=O)OCc2ccccc2)cc1,6.72,0.0,1
CHEMBL268,Cc1ccc(S(=O)(=O)/C=C/CS(=O)(=O)c2ccc(C)cc2)cc1,4.71,0.0,1
CHEMBL268,Cc1ccc(SC[C@@H]2CCCC[C@H]2C(=O)NCC#N)cc1,7.0,0.0,1
CHEMBL268,Cc1cccc(C(=O)N[C@@H](Cc2cccc(Cl)c2)C(=O)NCC#N)c1,5.2,0.0,1
CHEMBL268,Cc1cccc(C(=O)c2cccc(/C(=N/NC(N)=S)c3cccc(C)c3)c2)c1,5.99,0.0,1
CHEMBL268,Cc1cccc(CCOc2ccc(-c3cc4c(ncn4C)c(C#N)n3)cc2C(F)(F)F)n1,5.69,0.0,1
CHEMBL268,Cc1cccc(C[C@@H](C#N)NC(=O)[C@H](CC(C)C)NC(=O)OCc2ccccc2)c1,6.92,0.0,1
CHEMBL268,Cc1cccc(C[C@H](NC(=O)c2cc(C(C)(C)C)nn2C)C(=O)NCC#N)c1,5.6,0.0,1
CHEMBL268,Cc1cccc(NC(C(=O)N2CCCCN2C#N)C(C)C)c1,8.22,0.0,1
CHEMBL268,Cc1cccc(NCCNC(=O)[C@H](CC(C)C)NC(=O)OCc2ccccc2)c1,6.34,0.0,1
CHEMBL268,Cc1cccc(O[C@H]2CCN3C[C@@H]2OC3=O)c1C,5.9350000000000005,0.4596194077712552,2
CHEMBL268,Cc1cccc(O[C@H]2CCN3C[C@H]2OC3=O)c1C,7.0649999999999995,0.502045814642449,2
CHEMBL268,Cc1cccc2c3c([nH]c12)CCN(C(=O)[C@@H]1CCCC[C@H]1C(=O)NC1(C#N)CC1)C3,8.52,0.0,1
CHEMBL268,Cc1ccccc1C(=O)N[C@@H](Cc1cccc(Cl)c1)C(=O)NCC#N,5.3,0.0,1
CHEMBL268,Cc1csc(-c2ccc([C@H](N[C@@H](CC(C)(C)F)C(=O)NC3(C#N)CC3)C(F)(F)F)cc2)n1,9.52,0.0,1
CHEMBL268,Cc1n[nH]cc1-c1ccc(CC(C#N)NC(=O)[C@H]2N[C@@H]3CC[C@H]2C3)c(F)c1,4.99,0.0,1
CHEMBL268,Cc1nc(C(=O)N[C@@H](Cc2cccc(Cl)c2)C(=O)NCC#N)c(C)o1,5.0,0.0,1
CHEMBL268,Cc1nc(C)c(-c2ccc(C[C@@H](C#N)NC(=O)[C@H]3N[C@@H]4CC[C@H]3C4)c(F)c2)s1,5.39,0.0,1
CHEMBL268,Cc1nc(C)c(C(=O)N[C@@H](Cc2cccc(Cl)c2)C(=O)NCC#N)s1,5.9,0.0,1
CHEMBL268,Cc1nc(N2CCN(C(=O)[C@@H]3CCCC[C@H]3C(=O)NC3(C#N)CC3)CC2)sc1C,7.7,0.0,1
CHEMBL268,Cc1nc[nH]c1CC(=O)N[C@@H](CC(C)C)C(=O)N[C@H](C#N)COCc1ccccc1,7.62,0.0,1
CHEMBL268,Cc1ncc(-c2ccc(C[C@@H](C#N)NC(=O)[C@H]3N[C@@H]4CC[C@H]3C4)c(F)c2)s1,5.2,0.0,1
CHEMBL268,Cc1ncc(-c2ccc(C[C@@H](C#N)NC(=O)[C@H]3N[C@H]4C[C@@H]3[C@@H]3C[C@@H]34)c(F)c2)s1,5.16,0.0,1
CHEMBL268,Cc1nccn1CC(=O)N[C@@H](CC(C)C)C(=O)N[C@H](C#N)COCc1ccccc1,6.72,0.0,1
CHEMBL268,Cc1nn(C)c2cc(N3CCN(C(=O)[C@@H]4CCCC[C@H]4C(=O)NC4(C#N)CC4)[C@H](C)C3)ccc12,8.1,0.0,1
CHEMBL268,Cc1nn(C)c2ccc(N3CCN(C(=O)[C@@H]4CCCC[C@H]4C(=O)NC4(C#N)CC4)[C@H](C)C3)cc12,8.05,0.0,1
CHEMBL268,Cc1nn(C)cc1C(=O)N[C@@H](Cc1cccc(Cl)c1)C(=O)NCC#N,5.6,0.0,1
CHEMBL268,Cc1nnc(-c2cccc(C[C@H](NC(=O)c3cc(C(C)(C)C)nn3C)C(=O)NCC#N)c2)o1,7.2,0.0,1
CHEMBL268,Cc1nnc(-c2cccc(C[C@H](NC(=O)c3cc(C(C)(C)C)nn3C)C(=O)NCC#N)c2)s1,5.5,0.0,1
CHEMBL268,Cc1nnc(C)c2cc(N3CCN(C(=O)[C@@H]4CCCC[C@H]4C(=O)NC4(C#N)CC4)[C@H](C)C3)ccc12,7.77,0.0,1
CHEMBL268,Cc1nnc(CN2CCC(CCOc3ccc(-c4cc5c(ncn5C)c(C#N)n4)cc3C(F)(F)F)CC2)o1,6.09,0.0,1
CHEMBL268,Cc1noc(-c2ccc([C@H](N[C@@H](CC(C)C)C(=O)NCC#N)C(F)(F)F)cc2)n1,8.59,0.0,1
CHEMBL268,Cc1noc(C)c1-c1ccc(C[C@@H](C#N)NC(=O)[C@H]2N[C@@H]3CC[C@H]2C3)c(F)c1,5.28,0.0,1
CHEMBL268,Cc1noc(C)c1CN1CCC(CCOc2ccc(-c3cc4c(ncn4C)c(C#N)n3)cc2C(F)(F)F)CC1,6.54,0.0,1
CHEMBL268,Cc1noc(CN2CCC(CCOc3ccc(-c4cc5c(ncn5C)c(C#N)n4)cc3C(F)(F)F)CC2)n1,5.94,0.0,1
CHEMBL268,Cc1noc2cc(N3CCN(C(=O)[C@@H]4CCCC[C@H]4C(=O)NC4(C#N)CC4)[C@H](C)C3)ccc12,7.8,0.0,1
CHEMBL268,Cc1occc1-c1ccc(CC(C#N)NC(=O)[C@H]2N[C@@H]3CC[C@H]2C3)c(F)c1,5.09,0.0,1
CHEMBL268,Cc1oncc1-c1ccc(CC(C#N)NC(=O)[C@H]2N[C@@H]3CC[C@H]2C3)c(F)c1,5.09,0.0,1
CHEMBL268,Cc1sc(N2CCN(C(=O)[C@@H]3CCCC[C@H]3C(=O)NC3(C#N)CC3)CC2)nc1C(F)(F)F,7.6,0.0,1
CHEMBL268,Cn1c(=O)c(C#N)nn(-c2cccc(C(F)(F)F)c2)c1=O,5.32,0.0,1
CHEMBL268,Cn1c(=O)c2cc(CC(C#N)NC(=O)[C@H]3N[C@@H]4CC[C@H]3C4)ccc2c2ccc(C#N)cc21,4.65,0.0,1
CHEMBL268,Cn1c(=O)c2cc(C[C@@H](C#N)NC(=O)[C@H]3N[C@@H]4CC[C@H]3C4)c(F)cc2c2ccccc21,5.96,0.0,1
CHEMBL268,Cn1c(=O)oc2cc(-c3ccc(CC(C#N)NC(=O)[C@H]4N[C@@H]5CC[C@H]4C5)c(F)c3)ccc21,5.33,0.0,1
CHEMBL268,Cn1c2c(c3c(F)c(F)ccc31)CN(C(=O)[C@@H]1CCCC[C@H]1C(=O)NC1(C#N)CC1)CC2,8.52,0.0,1
CHEMBL268,Cn1cc(-c2ccc(C[C@@H](C#N)NC(=O)[C@H]3N[C@@H]4CC[C@H]3C4)c(F)c2)c(C(F)(F)F)n1,5.41,0.0,1
CHEMBL268,Cn1cc(-c2ccc(C[C@@H](C#N)NC(=O)[C@H]3N[C@@H]4CC[C@H]3C4)c(F)c2)ccc1=O,5.35,0.0,1
CHEMBL268,Cn1cc(-c2cccc(C[C@H](NC(=O)c3cc(C(C)(C)C)nn3C)C(=O)NCC#N)c2)cn1,5.2,0.0,1
CHEMBL268,Cn1cnc2c(C#N)nc(-c3ccc(CCCO)c(C(F)(F)F)c3)cc21,5.97,0.0,1
CHEMBL268,Cn1cnc2c(C#N)nc(-c3ccc(CCO)c(C(F)(F)F)c3)cc21,5.5,0.0,1
CHEMBL268,Cn1cnc2c(C#N)nc(-c3ccc(OC4CCNCC4)c(C(F)(F)F)c3)cc21,6.05,0.0,1
CHEMBL268,Cn1cnc2c(C#N)nc(-c3ccc(OCC4CCNCC4)c(C(F)(F)F)c3)cc21,6.62,0.0,1
CHEMBL268,Cn1cnc2c(C#N)nc(-c3ccc(OCCC4CCN(Cc5ncco5)CC4)c(C(F)(F)F)c3)cc21,6.15,0.0,1
CHEMBL268,Cn1cnc2c(C#N)nc(-c3ccc(OCCC4CCN(S(C)(=O)=O)CC4)c(C(F)(F)F)c3)cc21,5.63,0.0,1
CHEMBL268,Cn1cnc2c(C#N)nc(-c3ccc(OCCC4CCNCC4)c(C(F)(F)F)c3)cc21,6.75,0.0,1
CHEMBL268,Cn1cnc2c(C#N)nc(-c3ccc(OCCCN4CCCC4)c(C(F)(F)F)c3)cc21,6.06,0.0,1
CHEMBL268,Cn1cnc2c(C#N)nc(-c3ccc(OCCN4CCCC4=O)c(C(F)(F)F)c3)cc21,5.6,0.0,1
CHEMBL268,Cn1cnc2c(C#N)nc(-c3ccc(OCCN4CCNC(=O)C4)c(C(F)(F)F)c3)cc21,5.93,0.0,1
CHEMBL268,Cn1cnc2c(C#N)nc(-c3ccc(OCc4ccccn4)c(C(F)(F)F)c3)cc21,5.64,0.0,1
CHEMBL268,Cn1nc(C(C)(C)C)cc1C(=O)N[C@@H](Cc1cccc(-c2nnc(CCN)o2)c1)C(=O)NCC#N,6.8,0.0,1
CHEMBL268,Cn1nc(C(C)(C)C)cc1C(=O)N[C@@H](Cc1cccc(-c2nnc(CN)o2)c1)C(=O)NCC#N,6.0,0.0,1
CHEMBL268,Cn1nc(C(C)(C)C)cc1C(=O)N[C@@H](Cc1cccc(-c2nnc(CO)o2)c1)C(=O)NCC#N,7.0,0.0,1
CHEMBL268,Cn1nc(C(C)(C)C)cc1C(=O)N[C@@H](Cc1cccc(-c2nnco2)c1)C(=O)NCC#N,6.9,0.0,1
CHEMBL268,Cn1nc(C(C)(C)C)cc1C(=O)N[C@@H](Cc1cccc(-c2nncs2)c1)C(=O)NCC#N,6.9,0.0,1
CHEMBL268,Cn1nc(C(C)(C)C)cc1C(=O)N[C@@H](Cc1cccc(Cl)c1)C(=O)NCC#N,5.5,0.0,1
CHEMBL268,Cn1nc(C(F)(F)F)cc1-c1ccc(C[C@@H](C#N)NC(=O)[C@H]2N[C@@H]3CC[C@H]2C3)c(F)c1,5.09,0.0,1
CHEMBL268,Cn1nc2ccccc2c1-c1ccc(C[C@@H](C#N)NC(=O)[C@H]2N[C@@H]3CC[C@H]2C3)c(F)c1,4.91,0.0,1
CHEMBL268,Cn1ncc2ccc(-c3ccc(C[C@@H](C#N)NC(=O)[C@H]4N[C@H]5C[C@@H]4[C@@H]4C[C@@H]45)c(F)c3)cc21,4.92,0.0,1
CHEMBL268,FC(F)(F)c1cccc(Nc2nc(Nc3ccc(N4CCNCC4)cn3)ncc2Cl)c1,5.25,0.0,1
CHEMBL268,Fc1cc(-c2ccc(OC(F)(F)F)c(F)c2)ccc1CO[C@H]1C[C@@H](N=C=S)C1,7.23,0.0,1
CHEMBL268,Fc1cc(-c2ccc3c(c2)CCO3)ccc1CO[C@H]1C[C@@H](N=C=S)C1,7.08,0.0,1
CHEMBL268,N#CC(Cc1cc2c(=O)[nH]c3cc(F)ccc3c2cc1F)NC(=O)[C@H]1N[C@@H]2CC[C@H]1C2,5.57,0.0,1
CHEMBL268,N#CC(Cc1cc2c(=O)[nH]c3ccc(F)cc3c2cc1F)NC(=O)[C@H]1N[C@@H]2CC[C@H]1C2,5.33,0.0,1
CHEMBL268,N#CC(Cc1cc2c(=O)[nH]c3ccccc3c2cc1F)NC(=O)[C@H]1N[C@@H]2CC[C@H]1C2,5.66,0.0,1
CHEMBL268,N#CC(Cc1ccc(-c2ccc(C(N)=O)cc2)cc1F)NC(=O)[C@H]1N[C@@H]2CC[C@H]1C2,5.29,0.0,1
CHEMBL268,N#CC(Cc1ccc(-c2ccc(Cl)nn2)cc1F)NC(=O)[C@H]1N[C@@H]2CC[C@H]1C2,5.03,0.0,1
CHEMBL268,N#CC(Cc1ccc(-c2ccc(S(N)(=O)=O)cc2)cc1F)NC(=O)[C@H]1N[C@@H]2CC[C@H]1C2,5.4,0.0,1
CHEMBL268,N#CC(Cc1ccc(-c2ccc3c(c2)CC(=O)N3)cc1F)NC(=O)[C@H]1N[C@@H]2CC[C@H]1C2,5.46,0.0,1
CHEMBL268,N#CC(Cc1ccc(-c2ccc3c(c2)CCNC3=O)cc1F)NC(=O)[C@H]1N[C@@H]2CC[C@H]1C2,5.19,0.0,1
CHEMBL268,N#CC(Cc1ccc(-c2ccc3c(c2)CCNC3=O)cc1F)NC(=O)[C@H]1N[C@H]2C[C@@H]1[C@@H]1C[C@@H]12,4.84,0.0,1
CHEMBL268,N#CC(Cc1ccc(-c2ccc3c(c2)CNC3=O)cc1F)NC(=O)[C@H]1N[C@@H]2CC[C@H]1C2,5.33,0.0,1
CHEMBL268,N#CC(Cc1ccc(-c2ccc3c(c2)COC3=O)cc1F)NC(=O)[C@H]1N[C@@H]2CC[C@H]1C2,5.58,0.0,1
CHEMBL268,N#CC(Cc1ccc(-c2ccc3c(c2)NC(=O)C3)cc1F)NC(=O)[C@H]1N[C@@H]2CC[C@H]1C2,5.5,0.0,1
CHEMBL268,N#CC(Cc1ccc(-c2cccc(C(N)=O)c2)cc1F)NC(=O)[C@H]1N[C@@H]2CC[C@H]1C2,5.39,0.0,1
CHEMBL268,N#CC(Cc1ccc(-c2cccc(S(N)(=O)=O)c2)cc1F)NC(=O)[C@H]1N[C@@H]2CC[C@H]1C2,5.29,0.0,1
CHEMBL268,N#CC(Cc1ccc(-c2ccoc2)cc1F)NC(=O)[C@H]1N[C@@H]2CC[C@H]1C2,5.23,0.0,1
CHEMBL268,N#CC(Cc1ccc(-c2cnc(Cl)cn2)cc1F)NC(=O)[C@H]1N[C@@H]2CC[C@H]1C2,5.37,0.0,1
CHEMBL268,N#CC(Cc1ccc(-c2cnn(-c3ccccc3)c2)cc1F)NC(=O)[C@H]1N[C@@H]2CC[C@H]1C2,5.17,0.0,1
CHEMBL268,N#CC(Cc1ccc(-c2cnn(C3CCOCC3)c2)cc1F)NC(=O)[C@H]1N[C@@H]2CC[C@H]1C2,5.11,0.0,1
CHEMBL268,N#CC(Cc1ccc(-c2ncc(Cl)cn2)cc1F)NC(=O)[C@H]1N[C@@H]2CC[C@H]1C2,5.08,0.0,1
CHEMBL268,N#CC(Cc1ccc2c(c1)[nH]c1ccccc12)NC(=O)[C@H]1N[C@@H]2CC[C@H]1C2,5.08,0.0,1
CHEMBL268,N#CC(Cc1ccc2c(c1)c(=O)[nH]c1c(F)c(F)ccc12)NC(=O)[C@H]1N[C@@H]2CC[C@H]1C2,4.64,0.0,1
CHEMBL268,N#CC(Cc1ccc2c(c1)c(=O)[nH]c1cc(Cl)ccc12)NC(=O)[C@H]1N[C@@H]2CC[C@H]1C2,4.91,0.0,1
CHEMBL268,N#CC(NC(=O)[C@@H]1CCCC[C@H]1C(=O)N1CCN(c2ccc(F)cc2)CC1)c1ccccc1,8.52,0.0,1
CHEMBL268,N#CC1(NC(=O)[C@@H]2CC(Cl)(Cl)CC[C@H]2c2nn(CC(F)(F)F)cc2-c2ccc(C(=O)N3CCOCC3)cc2)CC1,9.0,0.0,1
CHEMBL268,N#CC1(NC(=O)[C@@H]2CC(Cl)(Cl)CC[C@H]2c2nn(CC(F)(F)F)cc2-c2ccc(N3CCS(=O)(=O)CC3)cc2)CC1,9.3,0.0,1
CHEMBL268,N#CC1(NC(=O)[C@@H]2CC(F)(F)CC[C@H]2c2nn(-c3ccc(F)cc3)cc2-c2ccc(N3CCS(=O)(=O)CC3)cc2)CC1,9.3,0.0,1
CHEMBL268,N#CC1(NC(=O)[C@@H]2CC(F)(F)CC[C@H]2c2nn(CC(F)(F)F)cc2-c2ccc(-c3ncco3)cc2)CC1,9.0,0.0,1
CHEMBL268,N#CC1(NC(=O)[C@@H]2CC(F)(F)CC[C@H]2c2nn(CC(F)(F)F)cc2-c2ccc(N3CCS(=O)(=O)CC3)cc2)CC1,9.15,0.0,1
CHEMBL268,N#CC1(NC(=O)[C@@H]2CCCC[C@H]2C(=O)N2CCN(c3ccc(F)cc3)CC2)CC1,7.8100000000000005,0.014142135623730963,2
CHEMBL268,N#CC1(NC(=O)[C@@H]2CCCC[C@H]2C(=O)N2CCN(c3ccccc3)CC2)CC1,7.82,0.0,1
CHEMBL268,N#CC1(NC(=O)[C@@H]2CCCC[C@H]2C(=O)N2CCN(c3nc(-c4ccccc4)cs3)CC2)CC1,7.8,0.0,1
CHEMBL268,N#CC1(NC(=O)[C@@H]2CCCC[C@H]2C(=O)N2CCN(c3nc(C(F)(F)F)c(Cl)s3)CC2)CC1,7.5,0.0,1
CHEMBL268,N#CC1(NC(=O)[C@@H]2CCCC[C@H]2C(=O)N2CCN(c3nc(C(F)(F)F)cs3)CC2)CC1,7.2,0.0,1
CHEMBL268,N#CC1(NC(=O)[C@@H]2CCCC[C@H]2C(=O)N2CCN(c3nc(C4CC4)cs3)CC2)CC1,7.7,0.0,1
CHEMBL268,N#CC1(NC(=O)[C@@H]2CCCC[C@H]2C(=O)N2CCN(c3nc4c(s3)CCC4)CC2)CC1,7.9,0.0,1
CHEMBL268,N#CC1(NC(=O)[C@@H]2CCCC[C@H]2C(=O)N2CCN(c3nc4c(s3)COCC4)CC2)CC1,7.56,0.05656854249492385,2
CHEMBL268,N#CC1(NC(=O)[C@@H]2CCCC[C@H]2C(=O)N2CCN(c3nc4ccccc4s3)CC2)CC1,8.0,0.0,1
CHEMBL268,N#CC1(NC(=O)[C@@H]2CCCC[C@H]2C(=O)N2CCN(c3nc4cccnc4s3)CC2)CC1,6.5,0.0,1
CHEMBL268,N#CC1(NC(=O)[C@@H]2CCCC[C@H]2C(=O)N2CCN(c3nc4ccncc4s3)CC2)CC1,7.5,0.0,1
CHEMBL268,N#CC1(NC(=O)[C@@H]2CCCC[C@H]2C(=O)N2CCN(c3nc4cnccc4s3)CC2)CC1,7.8,0.0,1
CHEMBL268,N#CC1(NC(=O)[C@@H]2CCCC[C@H]2C(=O)N2CCN(c3nc4ncccc4s3)CC2)CC1,7.3,0.0,1
CHEMBL268,N#CC1(NC(=O)[C@@H]2CCCC[C@H]2C(=O)N2CCN(c3nccs3)CC2)CC1,7.6,0.0,1
CHEMBL268,N#CC1(NC(=O)[C@@H]2CCCC[C@H]2C(=O)N2CCc3[nH]c4c(Br)cccc4c3C2)CC1,8.4,0.0,1
CHEMBL268,N#CC1(NC(=O)[C@@H]2CCCC[C@H]2C(=O)N2CCc3[nH]c4c(C(F)(F)F)cccc4c3C2)CC1,8.3,0.0,1
CHEMBL268,N#CC1(NC(=O)[C@@H]2CCCC[C@H]2C(=O)N2CCc3[nH]c4c(Cl)cccc4c3C2)CC1,8.7,0.0,1
CHEMBL268,N#CC1(NC(=O)[C@@H]2CCCC[C@H]2C(=O)N2CCc3[nH]c4c(OC(F)(F)F)cccc4c3C2)CC1,8.7,0.0,1
CHEMBL268,N#CC1(NC(=O)[C@@H]2CCCC[C@H]2C(=O)N2CCc3[nH]c4cc(F)ccc4c3C2)CC1,8.4,0.0,1
CHEMBL268,N#CC1(NC(=O)[C@@H]2CCCC[C@H]2C(=O)N2CCc3[nH]c4ccc(C(F)(F)F)cc4c3C2)CC1,7.38,0.0,1
CHEMBL268,N#CC1(NC(=O)[C@@H]2CCCC[C@H]2C(=O)N2CCc3[nH]c4ccc(Cl)cc4c3C2)CC1,8.52,0.0,1
CHEMBL268,N#CC1(NC(=O)[C@@H]2CCCC[C@H]2C(=O)N2CCc3[nH]c4cccc(F)c4c3C2)CC1,8.0,0.0,1
CHEMBL268,N#CC1(NC(=O)[C@@H]2CCCC[C@H]2C(=O)N2CCc3[nH]c4ccccc4c3C2)CC1,9.0,0.0,1
CHEMBL268,N#CC1(NC(=O)[C@@H]2CCCC[C@H]2C(=O)N2CCc3[nH]c4ncccc4c3C2)CC1,9.0,0.0,1
CHEMBL268,N#CC1(NC(=O)[C@@H]2CCCC[C@H]2C(=O)N2CCc3oc4ccccc4c3C2)CC1,7.6,0.0,1
CHEMBL268,N#CC1(NC(=O)[C@@H]2CCCC[C@H]2c2nc(-c3ccc(F)cc3)sc2-c2ccc(N3CCS(=O)(=O)CC3)cc2)CC1,9.22,0.0,1
CHEMBL268,N#CC1(NC(=O)[C@@H]2CCCC[C@H]2c2nn(-c3ccc(F)cc3)cc2-c2ccc(N3CCS(=O)(=O)CC3)cc2)CC1,9.3,0.0,1
CHEMBL268,N#CC1(NC(=O)[C@@H]2CCCC[C@H]2c2nn(CC(F)(F)F)cc2-c2ccc(N3CCS(=O)(=O)CC3)cc2)CC1,8.16,0.0,1
CHEMBL268,N#CC1(NC(=O)[C@@H]2CCCC[C@H]2c2nn(CC3CC3)cc2-c2ccc(N3CCS(=O)(=O)CC3)cc2)CC1,8.28,0.0,1
CHEMBL268,N#CC1(NC(=O)[C@@H]2CCCC[C@H]2c2oc(-c3ccc(F)cc3)nc2-c2ccc(N3CCS(=O)(=O)CC3)cc2)CC1,9.3,0.0,1
CHEMBL268,N#CC1(NC(=O)[C@@H]2C[C@@H](S(=O)(=O)c3ccccc3)C[C@H]2C(=O)N2CCOCC2)CC1,4.53,0.0,1
CHEMBL268,N#CC1(NC(=O)[C@@H]2C[C@@H](S(=O)(=O)c3ccccc3Cl)CN2C(=O)C2(c3ncc(Br)cc3F)CNC2)CC1,5.7,0.0,1
CHEMBL268,N#CC1(NC(=O)[C@H](CS(=O)(=O)CC2CC2)N[C@@H](c2ccc(F)cc2)C(F)(F)F)CC1,5.7,0.0,1
CHEMBL268,N#CC1(NC(=O)[C@H](CS(=O)(=O)CC2CC2)N[C@@H](c2ccccc2)C(F)(F)F)CC1,6.26,0.0,1
CHEMBL268,N#CC1(NC(=O)[C@H](CS(=O)(=O)c2ccc(Br)cc2)N[C@@H](c2ccccc2)C(F)(F)F)CC1,6.54,0.0,1
CHEMBL268,N#CC1(NC(=O)[C@H](CS(=O)(=O)c2ccc(Cl)c(Cl)c2)N[C@@H](c2ccc(F)cc2)C(F)(F)F)CC1,6.16,0.0,1
CHEMBL268,N#CC1(NC(=O)[C@H](CS(=O)(=O)c2ccc(Cl)c(Cl)c2)N[C@@H](c2ccccc2)C(F)(F)F)CC1,6.5,0.0,1
CHEMBL268,N#CC1(NC(=O)[C@H](CS(=O)(=O)c2ccc(F)cc2)N[C@@H](c2ccc(F)cc2)C(F)(F)F)CC1,6.52,0.0,1
CHEMBL268,N#CC1(NC(=O)[C@H](CS(=O)(=O)c2cccc(Br)c2)N[C@@H](c2ccccc2)C(F)(F)F)CC1,6.57,0.0,1
CHEMBL268,N#CC1(NC(=O)[C@H](CS(=O)(=O)c2nc3ccccc3s2)N[C@@H](c2ccccc2)C(F)(F)F)CC1,6.08,0.0,1
CHEMBL268,N#CC1(NC(=O)[C@H](CS(=O)(=O)c2nccs2)N[C@@H](c2ccccc2)C(F)(F)F)CC1,6.42,0.0,1
CHEMBL268,N#CC1(NC(=O)[C@H](Cc2c[nH]c3ccc(O)cc23)NC(=O)c2ccc(-c3ccccc3)cc2)CC1,5.73,0.0,1
CHEMBL268,N#CC1(NC(=O)[C@H](Cc2ccc(O[C@@H]3CCNC3)cc2)NC(=O)c2ccc(-c3ccccc3)cc2)CC1,5.57,0.0,1
CHEMBL268,N#CC1(NC(=O)[C@H](Cc2ccccc2)NC(=O)c2ccc(-c3ccccc3)cc2)CC1,6.67,0.0,1
CHEMBL268,N#CC1(NC(=O)[C@H](Cc2ccccn2)NC(=O)c2ccc(-c3ccccc3)cc2)CC1,5.42,0.0,1
CHEMBL268,N#CC1(NC(=O)[C@H](Cc2cccnc2)NC(=O)c2ccc(-c3ccccc3)cc2)CC1,6.7,0.0,1
CHEMBL268,N#CC1(NC(=O)[C@H](Cc2ccncc2)NC(=O)c2ccc(-c3ccccc3)cc2)CC1,6.06,0.0,1
CHEMBL268,N#CC1(NC(=O)[C@H](Cc2cscn2)NC(=O)c2ccc(-c3ccccc3)cc2)CC1,6.36,0.0,1
CHEMBL268,N#CCNC(=O)C1(NC(=O)c2ccc(-c3ccc(N4CCNCC4)cc3)cc2)CCCCC1,9.4,0.0,1
CHEMBL268,N#CCNC(=O)C1(NC(=O)c2ccc(-c3csc(N4CCOCC4)n3)cc2)CCCCC1,8.64,0.0,1
CHEMBL268,N#CCNC(=O)C1(NC(=O)c2ccc(N3CCOCC3)cc2)CCCCC1,7.72,0.0,1
CHEMBL268,N#CCNC(=O)C1(NC(=O)c2ccccc2)CCCCC1,7.11,0.0,1
CHEMBL268,N#CCNC(=O)C1(NC(c2ccc(-c3ccc(N4CCNCC4)cc3)cc2)C(F)(F)F)CCCCC1,8.3,0.0,1
CHEMBL268,N#CCNC(=O)C1(N[C@@H](c2ccc(-c3ccc(N4CCNCC4)cc3)cc2)C(F)(F)F)CCCCC1,8.3,0.0,1
CHEMBL268,N#CCNC(=O)C1=CCCCC1,5.47,0.0,1
CHEMBL268,N#CCNC(=O)C1CC(F)(F)CCC1c1ccccc1-c1ccc(F)cc1,7.44,0.0,1
CHEMBL268,N#CCNC(=O)C1CC(F)(F)CCC1c1cnccc1-c1ccc(SCF)cc1,8.7,0.0,1
CHEMBL268,N#CCNC(=O)[C@@H]1CC(F)(F)C[C@H]1C(=O)N1CCOCC1,6.07,0.0,1
CHEMBL268,N#CCNC(=O)[C@@H]1CCCC[C@@H]1SCc1ccccc1,6.55,0.0,1
CHEMBL268,N#CCNC(=O)[C@@H]1CCCC[C@H]1/C=C\c1ccccc1,9.3,0.0,1
CHEMBL268,N#CCNC(=O)[C@@H]1CCCC[C@H]1C(=O)N1CC=CCC1,7.75,0.0,1
CHEMBL268,N#CCNC(=O)[C@@H]1CCCC[C@H]1C(=O)N1CCCCC1,7.14,0.0,1
CHEMBL268,N#CCNC(=O)[C@@H]1CCCC[C@H]1C(=O)N1CCN(c2ccc(C#N)cc2)CC1,7.6,0.0,1
CHEMBL268,N#CCNC(=O)[C@@H]1CCCC[C@H]1C(=O)N1CCN(c2ccc(F)cc2)CC1,7.64,0.0,1
CHEMBL268,N#CCNC(=O)[C@@H]1CCCC[C@H]1C(=O)N1CCN(c2ccccc2)CC1,8.15,0.0,1
CHEMBL268,N#CCNC(=O)[C@@H]1CCCC[C@H]1C(=O)N1CCc2ccccc2C1,8.7,0.0,1
CHEMBL268,N#CCNC(=O)[C@@H]1CCCC[C@H]1CCc1ccccc1,8.77,0.0,1
CHEMBL268,N#CCNC(=O)[C@@H]1CCCC[C@H]1CSc1cc(Cl)c(Cl)cc1Cl,6.34,0.0,1
CHEMBL268,N#CCNC(=O)[C@@H]1CCCC[C@H]1CSc1cc(Cl)cc(Cl)c1,6.55,0.0,1
CHEMBL268,N#CCNC(=O)[C@@H]1CCCC[C@H]1CSc1cc(Cl)ccc1Cl,6.82,0.0,1
CHEMBL268,N#CCNC(=O)[C@@H]1CCCC[C@H]1CSc1ccc(Br)cc1,7.48,0.0,1
CHEMBL268,N#CCNC(=O)[C@@H]1CCCC[C@H]1CSc1ccc(Cl)cc1,7.52,0.0,1
CHEMBL268,N#CCNC(=O)[C@@H]1CCCC[C@H]1CSc1ccc(Cl)cc1Cl,6.96,0.0,1
CHEMBL268,N#CCNC(=O)[C@@H]1CCCC[C@H]1CSc1ccc(F)cc1,7.52,0.0,1
CHEMBL268,N#CCNC(=O)[C@@H]1CCCC[C@H]1CSc1ccc(I)cc1,7.77,0.0,1
CHEMBL268,N#CCNC(=O)[C@@H]1CCCC[C@H]1CSc1ccc(N)cc1,7.0,0.0,1
CHEMBL268,N#CCNC(=O)[C@@H]1CCCC[C@H]1CSc1ccc(O)cc1,7.68,0.0,1
CHEMBL268,N#CCNC(=O)[C@@H]1CCCC[C@H]1CSc1cccc(Br)c1,6.82,0.0,1
CHEMBL268,N#CCNC(=O)[C@@H]1CCCC[C@H]1CSc1cccc(Cl)c1,6.7,0.0,1
CHEMBL268,N#CCNC(=O)[C@@H]1CCCC[C@H]1CSc1cccc(F)c1,6.46,0.0,1
CHEMBL268,N#CCNC(=O)[C@@H]1CCCC[C@H]1CSc1cccc(N)c1,6.16,0.0,1
CHEMBL268,N#CCNC(=O)[C@@H]1CCCC[C@H]1CSc1cccc(O)c1,6.48,0.0,1
CHEMBL268,N#CCNC(=O)[C@@H]1CCCC[C@H]1CSc1ccccc1,6.805,0.06363961030678918,2
CHEMBL268,N#CCNC(=O)[C@@H]1CCCC[C@H]1CSc1nc2ccccc2o1,6.32,0.0,1
CHEMBL268,N#CCNC(=O)[C@@H]1CCCC[C@H]1CSc1nc2ccccc2s1,6.7,0.0,1
CHEMBL268,N#CCNC(=O)[C@@H]1CCCC[C@H]1CSc1ncc[nH]1,6.39,0.0,1
CHEMBL268,N#CCNC(=O)[C@@H]1CCCC[C@H]1CSc1ncccn1,6.0,0.0,1
CHEMBL268,N#CCNC(=O)[C@@H]1CCCC[C@H]1CSc1nccs1,6.31,0.0,1
CHEMBL268,N#CCNC(=O)[C@@H]1CCCC[C@H]1CSc1nnc(-c2ccncc2)o1,6.02,0.0,1
CHEMBL268,N#CCNC(=O)[C@@H]1CCCC[C@H]1SCc1ccccc1,7.28,0.0,1
CHEMBL268,N#CCNC(=O)[C@@H]1C[C@@H](S(=O)(=O)c2ccccc2)C[C@H]1C(=O)N1CCOCC1,4.81,0.0,1
CHEMBL268,N#CCNC(=O)[C@H](CC1CCCCC1)NC(=O)c1ccccc1,5.99,0.0,1
CHEMBL268,N#CCNC(=O)[C@H](Cc1cccc(-c2nnco2)c1)NC(=O)c1ccccc1,5.9,0.0,1
CHEMBL268,N#CCNC(=O)[C@H](Cc1cccc(-c2nncs2)c1)NC(=O)c1ccccc1,6.2,0.0,1
CHEMBL268,N#CCNC(=O)[C@H](Cc1cccc(Cl)c1)NC(=O)C1CCCCCC1,5.3,0.0,1
CHEMBL268,N#CCNC(=O)[C@H](Cc1cccc(Cl)c1)NC(=O)c1cccc(Cl)c1,5.2,0.0,1
CHEMBL268,N#CCNC(=O)[C@H](Cc1cccc(Cl)c1)NC(=O)c1ccccc1,5.5,0.0,1
CHEMBL268,N#CN1CC(CNC(=O)C2CCCCC2)C1,7.8180000000000005,0.3484537272006141,5
CHEMBL268,N#CN1CC(CNC(=O)c2ccccc2)C1,7.16,0.0,1
CHEMBL268,N#CN1CC(CNS(=O)(=O)c2ccccc2)C1,7.59,0.2535744466621192,3
CHEMBL268,N#CN1CC(OCC2CCCCC2)C1,7.7,0.0,1
CHEMBL268,N#CN1CC(OCc2ccccc2)C1,7.4,0.0,1
CHEMBL268,N#CN1CCC(CCc2ccccc2)C1,5.9,0.0,1
CHEMBL268,N#CN1CCC(CNS(=O)(=O)c2ccccc2)C1,6.7,0.0,1
CHEMBL268,N#CN1CCC(COCc2ccccc2)C1,7.0,0.0,1
CHEMBL268,N#CN1CCC(NC(=O)OCc2ccccc2)C1,7.048571428571429,0.5957188534711257,7
CHEMBL268,N#CN1CCC(NC(=O)c2ccc(-c3ccccc3)cc2)C1,6.54,0.0,1
CHEMBL268,N#CN1CCC(NC(=O)c2ccccc2)C1,6.43,0.0,1
CHEMBL268,N#CN1CCC(NS(=O)(=O)c2ccccc2)C1,7.0649999999999995,0.6875318174455637,4
CHEMBL268,N#CN1CCCC(CCc2ccccc2)C1,5.0,0.0,1
CHEMBL268,N#CN1CCCC1CNC(=O)c1ccccc1,4.86,0.0,1
CHEMBL268,N#CN1CCCC1CNS(=O)(=O)c1ccccc1,4.92,0.0,1
CHEMBL268,N#CN1CC[C@@H](NC(=O)c2ccc(F)cc2)C1,7.2,0.0,1
CHEMBL268,N#CN1CC[C@@H](NS(=O)(=O)c2cc(Br)ccc2Br)C1,8.7,0.0,1
CHEMBL268,N#CN1CC[C@@H](NS(=O)(=O)c2cccc(Br)c2)C1,8.1,0.0,1
CHEMBL268,N#CN1CC[C@@H](NS(=O)(=O)c2ccccc2)C1,6.7,0.0,1
CHEMBL268,N#CN1CC[C@H](NS(=O)(=O)c2ccccc2)C1,7.5,0.0,1
CHEMBL268,N#CN1Cc2cc3ccccc3nc2C1,6.1659999999999995,0.6869716151341334,5
CHEMBL268,N#C[C@@H](Cc1ccc(-c2ccc3ncsc3c2)cc1F)NC(=O)[C@H]1N[C@@H]2CC[C@H]1C2,5.36,0.0,1
CHEMBL268,N#C[C@H](Cc1cc2c(=O)[nH]c3c(F)c(F)ccc3c2cc1F)NC(=O)[C@H]1N[C@@H]2CC[C@H]1C2,6.1,0.0,1
CHEMBL268,N#C[C@H](Cc1cc2c(=O)[nH]c3cc(F)ccc3c2cc1F)NC(=O)[C@H]1N[C@@H]2CC[C@H]1C2,6.05,0.0,1
CHEMBL268,N#C[C@H](Cc1cc2c(=O)[nH]c3ccccc3c2cc1F)NC(=O)[C@H]1N[C@@H]2CC[C@H]1C2,5.96,0.0,1
CHEMBL268,N#C[C@H](Cc1ccc(-c2cc(-c3ccccc3)no2)cc1F)NC(=O)[C@H]1N[C@@H]2CC[C@H]1C2,5.26,0.0,1
CHEMBL268,N#C[C@H](Cc1ccc(-c2cc(C(=O)N3CCC4N=CC=C4C3)co2)cc1F)NC(=O)[C@H]1N[C@@H]2CC[C@H]1C2,5.03,0.0,1
CHEMBL268,N#C[C@H](Cc1ccc(-c2cc(C(=O)N3CCn4nccc4C3)co2)cc1F)NC(=O)[C@H]1N[C@@H]2CC[C@H]1C2,5.03,0.0,1
CHEMBL268,N#C[C@H](Cc1ccc(-c2cc(C(N)=O)co2)cc1F)NC(=O)[C@H]1N[C@@H]2CC[C@H]1C2,5.7,0.0,1
CHEMBL268,N#C[C@H](Cc1ccc(-c2cc[nH]n2)cc1F)NC(=O)[C@H]1N[C@@H]2CC[C@H]1C2,5.17,0.0,1
CHEMBL268,N#C[C@H](Cc1ccc(-c2ccc(=O)n(CC(F)F)c2)cc1F)NC(=O)[C@H]1N[C@@H]2CC[C@H]1C2,5.28,0.0,1
CHEMBL268,N#C[C@H](Cc1ccc(-c2ccc(C(=O)N3CCN4CCOCC4C3)o2)cc1F)NC(=O)[C@H]1N[C@@H]2CC[C@H]1C2,5.03,0.0,1
CHEMBL268,N#C[C@H](Cc1ccc(-c2ccc(C(=O)N3CCOCC3)o2)cc1F)NC(=O)[C@H]1N[C@@H]2CC[C@H]1C2,5.66,0.0,1
CHEMBL268,N#C[C@H](Cc1ccc(-c2ccc(C(=O)N3CCn4nccc4C3)s2)cc1F)NC(=O)[C@H]1N[C@@H]2CC[C@H]1C2,5.72,0.0,1
CHEMBL268,N#C[C@H](Cc1ccc(-c2ccc(C(=O)NC3CCOCC3)cc2)cc1F)NC(=O)[C@H]1N[C@@H]2CC[C@H]1C2,5.48,0.0,1
CHEMBL268,N#C[C@H](Cc1ccc(-c2ccc(C(=O)O)s2)cc1F)NC(=O)[C@H]1N[C@@H]2CC[C@H]1C2,5.64,0.0,1
CHEMBL268,N#C[C@H](Cc1ccc(-c2ccc(C(F)(F)F)s2)cc1F)NC(=O)[C@H]1N[C@@H]2CC[C@H]1C2,5.32,0.0,1
CHEMBL268,N#C[C@H](Cc1ccc(-c2ccc(C(N)=O)cc2)cc1F)NC(=O)[C@H]1N[C@H]2C[C@@H]1[C@@H]1C[C@@H]12,4.99,0.0,1
CHEMBL268,N#C[C@H](Cc1ccc(-c2ccc(C(N)=O)o2)cc1F)NC(=O)[C@H]1N[C@@H]2CC[C@H]1C2,5.2,0.0,1
CHEMBL268,N#C[C@H](Cc1ccc(-c2ccc(C(N)=O)s2)cc1F)NC(=O)[C@H]1N[C@@H]2CC[C@H]1C2,5.77,0.0,1
CHEMBL268,N#C[C@H](Cc1ccc(-c2ccc(Cl)nc2)cc1F)NC(=O)[C@H]1N[C@H]2C[C@@H]1[C@@H]1C[C@@H]12,5.13,0.0,1
CHEMBL268,N#C[C@H](Cc1ccc(-c2ccc(S(N)(=O)=O)cc2)cc1)NC(=O)[C@H]1NC2CCC1CC2,4.97,0.0,1
CHEMBL268,N#C[C@H](Cc1ccc(-c2ccc(S(N)(=O)=O)cc2)cc1F)NC(=O)[C@H]1N[C@H]2C[C@@H]1[C@@H]1C[C@@H]12,5.21,0.0,1
CHEMBL268,N#C[C@H](Cc1ccc(-c2ccc3c(c2)C(=O)NC3)cc1F)NC(=O)[C@H]1N[C@@H]2CC[C@H]1C2,5.44,0.0,1
CHEMBL268,N#C[C@H](Cc1ccc(-c2ccc3c(c2)C(=O)OC3)cc1F)NC(=O)[C@H]1N[C@@H]2CC[C@H]1C2,5.6,0.0,1
CHEMBL268,N#C[C@H](Cc1ccc(-c2ccc3c(c2)CC(=O)N3)cc1F)NC(=O)[C@H]1N[C@H]2C[C@@H]1[C@@H]1C[C@@H]12,5.17,0.0,1
CHEMBL268,N#C[C@H](Cc1ccc(-c2ccc3c(c2)CCNC3=O)cc1F)NC(=O)C12CCC(CC1)CN2,5.64,0.0,1
CHEMBL268,N#C[C@H](Cc1ccc(-c2ccc3c(c2)CNC3=O)cc1)NC(=O)[C@H]1NC2CCC1CC2,4.96,0.0,1
CHEMBL268,N#C[C@H](Cc1ccc(-c2ccc3c(c2)CNC3=O)cc1F)NC(=O)[C@H]1N[C@H]2C[C@@H]1[C@@H]1C[C@@H]12,5.01,0.0,1
CHEMBL268,N#C[C@H](Cc1ccc(-c2ccc3c(c2)COC3=O)cc1F)NC(=O)[C@H]1N[C@@H]2CC[C@H]1C2,5.68,0.0,1
CHEMBL268,N#C[C@H](Cc1ccc(-c2ccc3c(c2)NC(=O)C3)c(F)c1F)NC(=O)[C@H]1N[C@@H]2CC[C@H]1C2,5.01,0.0,1
CHEMBL268,N#C[C@H](Cc1ccc(-c2ccc3c(c2)NC(=O)C3)cc1)NC(=O)[C@H]1NC2CCC1CC2,5.38,0.0,1
CHEMBL268,N#C[C@H](Cc1ccc(-c2ccc3c(c2)NC(=O)C3)cc1F)NC(=O)C12CCC(CC1)CN2,6.22,0.0,1
CHEMBL268,N#C[C@H](Cc1ccc(-c2ccc3c(c2)NC(=O)C3)cc1F)NC(=O)[C@H]1N[C@@H]2CC[C@H]1C2,5.85,0.0,1
CHEMBL268,N#C[C@H](Cc1ccc(-c2cccc(C(N)=O)c2)cc1)NC(=O)[C@H]1NC2CCC1CC2,5.01,0.0,1
CHEMBL268,N#C[C@H](Cc1ccc(-c2cccc(C(N)=O)c2)cc1F)NC(=O)[C@H]1N[C@@H]2CC[C@H]1C2,5.7,0.0,1
CHEMBL268,N#C[C@H](Cc1ccc(-c2cccc(C(N)=O)c2)cc1F)NC(=O)[C@H]1N[C@H]2C[C@@H]1[C@@H]1C[C@@H]12,5.02,0.0,1
CHEMBL268,N#C[C@H](Cc1ccc(-c2cccc(S(=O)(=O)C3CC3)c2)cc1F)NC(=O)[C@H]1N[C@@H]2CC[C@H]1C2,5.36,0.0,1
CHEMBL268,N#C[C@H](Cc1ccc(-c2cccc(S(N)(=O)=O)c2)cc1F)NC(=O)[C@H]1N[C@@H]2CC[C@H]1C2,5.29,0.0,1
CHEMBL268,N#C[C@H](Cc1ccc(-c2cccc(S(N)(=O)=O)c2)cc1F)NC(=O)[C@H]1N[C@H]2C[C@@H]1[C@@H]1C[C@@H]12,5.29,0.0,1
CHEMBL268,N#C[C@H](Cc1ccc(-c2ccccc2)cc1F)NC(=O)[C@H]1N[C@@H]2CC[C@H]1C2,5.28,0.0,1
CHEMBL268,N#C[C@H](Cc1ccc(-c2ccco2)cc1F)NC(=O)[C@H]1N[C@@H]2CC[C@H]1C2,5.51,0.0,1
CHEMBL268,N#C[C@H](Cc1ccc(-c2cccs2)cc1F)NC(=O)[C@H]1N[C@@H]2CC[C@H]1C2,5.52,0.0,1
CHEMBL268,N#C[C@H](Cc1ccc(-c2ccsc2)cc1F)NC(=O)[C@H]1N[C@@H]2CC[C@H]1C2,5.52,0.0,1
CHEMBL268,N#C[C@H](Cc1ccc(-c2cn[nH]c2)cc1F)NC(=O)[C@H]1N[C@@H]2CC[C@H]1C2,5.62,0.0,1
CHEMBL268,N#C[C@H](Cc1ccc(-c2cnc(N3CCOCC3)s2)cc1F)NC(=O)[C@H]1N[C@@H]2CC[C@H]1C2,5.6,0.0,1
CHEMBL268,N#C[C@H](Cc1ccc(-c2cnn(C(=O)C3CCOCC3)c2)cc1F)NC(=O)[C@H]1N[C@@H]2CC[C@H]1C2,5.6,0.0,1
CHEMBL268,N#C[C@H](Cc1ccc(-c2cnn(CC3CCCCO3)c2)cc1F)NC(=O)[C@H]1N[C@@H]2CC[C@H]1C2,5.57,0.0,1
CHEMBL268,N#C[C@H](Cc1ccc(-c2cnn(CC3CCCO3)c2)cc1F)NC(=O)[C@H]1N[C@@H]2CC[C@H]1C2,5.44,0.0,1
CHEMBL268,N#C[C@H](Cc1ccc(-c2cnn(CC3CCOC3)c2)cc1F)NC(=O)[C@H]1N[C@@H]2CC[C@H]1C2,5.31,0.0,1
CHEMBL268,N#C[C@H](Cc1ccc(-c2cnn(CC3CCOCC3)c2)c(F)c1F)NC(=O)[C@H]1N[C@@H]2CC[C@H]1C2,4.58,0.0,1
CHEMBL268,N#C[C@H](Cc1ccc(-c2cnn(CC3CCOCC3)c2)cc1F)NC(=O)[C@H]1N[C@@H]2CC[C@H]1C2,5.64,0.0,1
CHEMBL268,N#C[C@H](Cc1ccc(-c2cnn(C[C@@H]3CCCO3)c2)cc1F)NC(=O)[C@H]1N[C@@H]2CC[C@H]1C2,5.42,0.0,1
CHEMBL268,N#C[C@H](Cc1ccc(-c2cnn(C[C@@H]3CCOC3)c2)cc1F)NC(=O)[C@H]1N[C@@H]2CC[C@H]1C2,5.55,0.0,1
CHEMBL268,N#C[C@H](Cc1ccc(-c2cnn(C[C@H]3CCCO3)c2)cc1F)NC(=O)[C@H]1N[C@@H]2CC[C@H]1C2,5.41,0.0,1
CHEMBL268,N#C[C@H](Cc1ccc(-c2csc(C(=O)N3CCN(C4CC4)CC3)c2)cc1F)NC(=O)[C@H]1N[C@@H]2CC[C@H]1C2,5.8,0.0,1
CHEMBL268,N#C[C@H](Cc1ccc(-c2csc(C(=O)N3CCN4CCOCC4C3)c2)cc1F)NC(=O)[C@H]1N[C@@H]2CC[C@H]1C2,5.54,0.0,1
CHEMBL268,N#C[C@H](Cc1ccc(-c2csc(C(=O)N3CCOCC3)c2)cc1F)NC(=O)[C@H]1N[C@@H]2CC[C@H]1C2,5.23,0.0,1
CHEMBL268,N#C[C@H](Cc1ccc(-c2csc(C(=O)NC3CCOCC3)c2)cc1F)NC(=O)[C@H]1N[C@@H]2CC[C@H]1C2,5.52,0.0,1
CHEMBL268,N#C[C@H](Cc1ccc(-c2csc(C(N)=O)c2)cc1F)NC(=O)C12CCC(CC1)CN2,6.1,0.0,1
CHEMBL268,N#C[C@H](Cc1ccc(-c2csc(C(N)=O)c2)cc1F)NC(=O)[C@H]1N[C@@H]2CC[C@H]1C2,5.13,0.0,1
CHEMBL268,N#C[C@H](Cc1ccc(-n2cc(-c3ccc4[nH]ccc4c3)nn2)cc1F)NC(=O)[C@H]1N[C@@H]2CC[C@H]1C2,5.58,0.0,1
CHEMBL268,N#C[C@H](Cc1ccc(-n2cc(-c3ccc4occc4c3)nn2)cc1F)NC(=O)[C@H]1N[C@@H]2CC[C@H]1C2,5.31,0.0,1
CHEMBL268,N#C[C@H](Cc1ccc(-n2cc(C(F)(F)F)cn2)cc1F)NC(=O)[C@H]1N[C@@H]2CC[C@H]1C2,5.06,0.0,1
CHEMBL268,N#C[C@H](Cc1ccc(-n2cc(C3CC3)nn2)cc1F)NC(=O)[C@H]1N[C@@H]2CC[C@H]1C2,5.34,0.0,1
CHEMBL268,N#C[C@H](Cc1ccc(-n2cc(CCN3CCOCC3)nn2)cc1F)NC(=O)[C@H]1N[C@@H]2CC[C@H]1C2,5.54,0.0,1
CHEMBL268,N#C[C@H](Cc1ccc(-n2cc(COC(=O)N3CCCC3)nn2)cc1F)NC(=O)[C@H]1N[C@@H]2CC[C@H]1C2,5.28,0.0,1
CHEMBL268,N#C[C@H](Cc1ccc(-n2cc(COc3ccccc3)nn2)cc1F)NC(=O)[C@H]1N[C@@H]2CC[C@H]1C2,5.47,0.0,1
CHEMBL268,N#C[C@H](Cc1ccc(C2=CC3COCCN3CC2)cc1F)NC(=O)[C@H]1N[C@@H]2CC[C@H]1C2,5.75,0.0,1
CHEMBL268,N#C[C@H](Cc1ccc(C2=CCN(C3CCOC3)CC2)cc1F)NC(=O)[C@H]1N[C@@H]2CC[C@H]1C2,5.21,0.0,1
CHEMBL268,N#C[C@H](Cc1ccc(C2=CCN3CCOCC3C2)cc1F)NC(=O)[C@H]1N[C@@H]2CC[C@H]1C2,5.72,0.0,1
CHEMBL268,N#C[C@H](Cc1ccc(N2CC3CCN(C4CCOC4)C3C2)cc1F)NC(=O)[C@H]1N[C@@H]2CC[C@H]1C2,5.37,0.0,1
CHEMBL268,N#C[C@H](Cc1ccc(N2CCC(N3CCOCC3)CC2)cc1F)NC(=O)[C@H]1N[C@@H]2CC[C@H]1C2,5.66,0.0,1
CHEMBL268,N#C[C@H](Cc1ccc(N2CCN(C3CCOC3)CC2)cc1F)NC(=O)[C@H]1N[C@@H]2CC[C@H]1C2,5.82,0.0,1
CHEMBL268,N#C[C@H](Cc1ccc(N2CCN(CC3CCCO3)CC2)cc1F)NC(=O)[C@H]1N[C@@H]2CC[C@H]1C2,5.34,0.0,1
CHEMBL268,N#C[C@H](Cc1ccc(N2CCN(CC3CCOC3)CC2)cc1F)NC(=O)[C@H]1N[C@@H]2CC[C@H]1C2,5.34,0.0,1
CHEMBL268,N#C[C@H](Cc1ccc(N2CCN(CCO)CC2)cc1F)NC(=O)[C@H]1N[C@@H]2CC[C@H]1C2,5.43,0.0,1
CHEMBL268,N#C[C@H](Cc1ccc(N2CCN(c3ccccc3)CC2)cc1F)NC(=O)[C@H]1N[C@@H]2CC[C@H]1C2,5.41,0.0,1
CHEMBL268,N#C[C@H](Cc1ccc(N2CCN3CCC[C@H]3C2)cc1F)NC(=O)[C@H]1N[C@@H]2CC[C@H]1C2,5.21,0.0,1
CHEMBL268,N#C[C@H](Cc1ccc(N2CCN3CCOCC3C2)cc1F)NC(=O)[C@H]1N[C@@H]2CC[C@H]1C2,5.66,0.0,1
CHEMBL268,N#C[C@H](Cc1ccc(N2CCN3CCOC[C@@H]3C2)cc1F)NC(=O)[C@H]1N[C@@H]2CC[C@H]1C2,5.44,0.0,1
CHEMBL268,N#C[C@H](Cc1ccc(N2CCN3CCOC[C@H]3C2)cc1F)NC(=O)[C@H]1N[C@@H]2CC[C@H]1C2,5.51,0.0,1
CHEMBL268,N#C[C@H](Cc1ccc([C@@H]2CCN3CCOC[C@H]3C2)cc1F)NC(=O)[C@H]1N[C@@H]2CC[C@H]1C2,5.44,0.0,1
CHEMBL268,N#C[C@H](Cc1ccc2c(c1)c(=O)[nH]c1cc(C(F)(F)F)ccc12)NC(=O)[C@H]1N[C@@H]2CC[C@H]1C2,4.71,0.0,1
CHEMBL268,N#Cc1cc(F)c2[nH]c(=O)c3cc(C[C@@H](C#N)NC(=O)[C@H]4N[C@@H]5CC[C@H]4C5)c(F)cc3c2c1,5.64,0.0,1
CHEMBL268,N#Cc1ccc(-c2ccc(CC(C#N)NC(=O)[C@H]3N[C@@H]4CC[C@H]3C4)c(F)c2)cc1F,5.36,0.0,1
CHEMBL268,N#Cc1ccc(-c2ccc(C[C@@H](C#N)C(=O)[C@H]3N[C@H]4C[C@@H]3[C@@H]3C[C@@H]34)c(F)c2)s1,5.11,0.0,1
CHEMBL268,N#Cc1ccc(-c2ccc(C[C@@H](C#N)NC(=O)[C@@H]3CCCCN3)cc2)cc1,6.0,0.0,1
CHEMBL268,N#Cc1ccc(-c2ccc(C[C@@H](C#N)NC(=O)[C@@H]3C[C@@H](O)CCN3)cc2)cc1,5.2,0.0,1
CHEMBL268,N#Cc1ccc(-c2ccc(C[C@@H](C#N)NC(=O)[C@H]3NC4CCC3CC4)cc2)cc1,4.83,0.0,1
CHEMBL268,N#Cc1ccc(-c2ccc(C[C@@H](C#N)NC(=O)[C@H]3NC4CCC3CC4)cc2)cc1F,5.24,0.0,1
CHEMBL268,N#Cc1ccc(-c2ccc(C[C@@H](C#N)NC(=O)[C@H]3N[C@H]4CC[C@@H]3CC4)cc2)cc1F,5.24,0.0,1
CHEMBL268,N#Cc1ccc(-c2ccc(C[C@@H](C#N)NC(=O)[C@H]3N[C@H]4C[C@@H]3[C@@H]3C[C@@H]34)c(F)c2)cc1F,4.91,0.0,1
CHEMBL268,N#Cc1ccc(-c2ccc(C[C@@H](C#N)NC(=O)[C@H]3N[C@H]4C[C@@H]3[C@@H]3C[C@@H]34)c(F)c2)s1,5.11,0.0,1
CHEMBL268,N#Cc1ccc2[nH]c(=O)c3cc(CC(C#N)NC(=O)[C@H]4N[C@@H]5CC[C@H]4C5)ccc3c2c1,4.75,0.0,1
CHEMBL268,N#Cc1cccc(-c2ccc(OCCCO)c(C(F)(F)F)c2)n1,5.05,0.0,1
CHEMBL268,N#Cc1cccc(NC2CCCCC2)n1,6.0,0.0,1
CHEMBL268,N#Cc1cccc2c3c([nH]c12)CCN(C(=O)[C@@H]1CCCC[C@H]1C(=O)NC1(C#N)CC1)C3,8.7,0.0,1
CHEMBL268,N#Cc1ccnc(NC2CCCCC2)n1,6.92,0.0,1
CHEMBL268,N#Cc1cnc(N2CCN(C(=O)[C@@H]3CCCC[C@H]3C(=O)NC3(C#N)CC3)CC2)s1,6.7,0.0,1
CHEMBL268,N#Cc1nc(-c2ccc(OCCCO)c(C(F)(F)F)c2)cc2[nH]cnc12,5.57,0.0,1
CHEMBL268,N#Cc1nc(-c2ccc(OCCO)c(C(F)(F)F)c2)cc2[nH]cnc12,5.55,0.0,1
CHEMBL268,N#Cc1nc(-c2cccc(C(F)(F)F)c2)cc2[nH]cnc12,5.7,0.0,1
CHEMBL268,N#Cc1nc(-c2cccc(C(F)(F)F)c2)nc2[nH]cnc12,6.33,0.0,1
CHEMBL268,N#Cc1nc(CCC(=O)O)cc(-c2cccc(C(F)(F)F)c2)n1,6.78,0.0,1
CHEMBL268,N#Cc1nc(CCCN2CCC(O)CC2)cc(-c2cccc(C(F)(F)F)c2)n1,8.05,0.0,1
CHEMBL268,N#Cc1nc(CCCN2CCCCC2)cc(-c2cccc(C(F)(F)F)c2)n1,8.4,0.0,1
CHEMBL268,N#Cc1nc(CCCN2CCCCC2)cc(C2CCCCCC2)n1,7.0,0.0,1
CHEMBL268,N#Cc1nc(CCCN2CCOCC2)cc(-c2cccc(C(F)(F)F)c2)n1,8.05,0.0,1
CHEMBL268,N#Cc1nc(CCCN2CCOC[C@H]2C(N)=O)cc(-c2cccc(C(F)(F)F)c2)n1,7.89,0.0,1
CHEMBL268,N#Cc1nc(CCCNC2(C(N)=O)CC2)cc(-c2cccc(C(F)(F)F)c2)n1,7.92,0.0,1
CHEMBL268,N#Cc1nc(CCCNC2(C(N)=O)CCC2)cc(-c2cccc(C(F)(F)F)c2)n1,8.4,0.0,1
CHEMBL268,N#Cc1nc(CCCNC2(C(N)=O)CCOCC2)cc(-c2cccc(C(F)(F)F)c2)n1,8.3,0.0,1
CHEMBL268,N#Cc1nc(CCCNCC(=O)O)cc(-c2cccc(C(F)(F)F)c2)n1,8.05,0.0,1
CHEMBL268,N#Cc1nc(CCCNCC(F)(F)F)cc(-c2cccc(C(F)(F)F)c2)n1,7.52,0.0,1
CHEMBL268,N#Cc1nc(CCCNCC(N)=O)cc(-c2cccc(C(F)(F)F)c2)n1,8.1,0.0,1
CHEMBL268,N#Cc1nc(CCCNCc2nnn[nH]2)cc(-c2cccc(C(F)(F)F)c2)n1,7.96,0.0,1
CHEMBL268,N#Cc1nc(CCCNc2ccccn2)cc(-c2cccc(C(F)(F)F)c2)n1,8.52,0.0,1
CHEMBL268,N#Cc1nc(CCCO)cc(-c2cccc(C(F)(F)F)c2)n1,8.1,0.0,1
CHEMBL268,N#Cc1nc(N2CCCC2)c(N)c(N2CCOCC2)n1,7.22,0.0,1
CHEMBL268,N#Cc1nc(N2CCCC2)nc(N(c2ccccc2)c2ccccc2)n1,6.4,0.0,1
CHEMBL268,N#Cc1nc(N2CCCCC2)c(N)c(N2CCOCC2)n1,7.66,0.0,1
CHEMBL268,N#Cc1nc(NC2CC3CCC2C3)c(N)c(N2CCOCC2)n1,8.7,0.0,1
CHEMBL268,N#Cc1nc(NC2CCCC2)c(N)c(N2CCOCC2)n1,7.89,0.0,1
CHEMBL268,N#Cc1nc(NC2CCCCC2)c(N)c(N2CCOCC2)n1,7.64,0.0,1
CHEMBL268,N#Cc1nc(NC2CCCCC2)c2ncn([C@@H]3O[C@H](O)[C@@H](O)[C@H]3O)c2n1,8.0,0.0,1
CHEMBL268,N#Cc1nc(NC2CCCCC2)nc(N2CCNCC2)n1,9.0,0.0,1
CHEMBL268,N#Cc1nc(NC2CCOC2)c(N)c(N2CCOCC2)n1,6.47,0.0,1
CHEMBL268,N#Cc1nc(NC[C@@H](O)c2ccccc2)nc(N2CCOCC2)n1,6.16,0.0,1
CHEMBL268,N#Cc1nc(NC[C@H](O)c2ccccc2)nc(N2CCOCC2)n1,6.1,0.0,1
CHEMBL268,N#Cc1nc(Nc2cc(F)cc(F)c2)nc(NC2CCCC2)n1,7.69,0.0,1
CHEMBL268,N#Cc1nc(Nc2ccc(F)cc2)nc(N2CCOCC2)n1,7.52,0.0,1
CHEMBL268,N#Cc1nc(Nc2ccc(F)cc2)nc(NC2CCNCC2)n1,7.7,0.0,1
CHEMBL268,N#Cc1nc(Nc2ccc(OC(F)(F)F)cc2)nc(N2CCOCC2)n1,5.7,0.0,1
CHEMBL268,N#Cc1nc(Nc2ccc(OC(F)(F)F)cc2)nc(NC2CCNCC2)n1,7.0,0.0,1
CHEMBL268,N#Cc1nc(Nc2ccc([N+](=O)[O-])cc2)nc(N2CCOCC2)n1,7.0,0.0,1
CHEMBL268,N#Cc1nc(Nc2cccc(Cl)c2)nc(NC2CCCC2)n1,7.76,0.0,1
CHEMBL268,N#Cc1nc(Nc2cccc(F)c2)nc(N2CCOCC2)n1,7.3,0.0,1
CHEMBL268,N#Cc1nc(Nc2cccc(F)c2)nc(NC2CCNCC2)n1,7.0,0.0,1
CHEMBL268,N#Cc1nc(Nc2cccc(OC(F)(F)F)c2)nc(N2CCOCC2)n1,6.3,0.0,1
CHEMBL268,N#Cc1nc(Nc2cccc(OC(F)(F)F)c2)nc(NC2CCNCC2)n1,7.22,0.0,1
CHEMBL268,N#Cc1nc(Nc2cccc([N+](=O)[O-])c2)nc(N2CCOCC2)n1,7.0,0.0,1
CHEMBL268,N#Cc1nc(Nc2cccc([N+](=O)[O-])c2)nc(NC2CCNCC2)n1,7.52,0.0,1
CHEMBL268,N#Cc1nc(Nc2ccccc2)c(N)c(N2CCOCC2)n1,6.96,0.0,1
CHEMBL268,N#Cc1nc(Nc2ccccc2OCCCn2ccnc2)c2ncn(C3CCCC3)c2n1,8.46,0.0,1
CHEMBL268,N#Cc1ncc(C(=O)NCCc2ccc(N3CCCC3)cc2)c(NC2CCCCC2)n1,9.12,0.0,1
CHEMBL268,N#Cc1ncc(C(=O)NCCc2ccccc2)c(NC2CCCCC2)n1,11.0,0.0,1
CHEMBL268,N#Cc1ncc(C(=O)NCCc2ccccc2)c(NCC2CCC(F)(F)CC2)n1,6.89,0.0,1
CHEMBL268,N#Cc1ncc(C(=O)NCCc2ccccc2)c(NCC2CCCCC2)n1,7.82,0.0,1
CHEMBL268,N#Cc1ncc(C(=O)NCCc2ccccc2)c(OCC2CCCCC2)n1,8.05,0.0,1
CHEMBL268,N#Cc1ncc(C(=O)N[C@@H](Cc2ccccc2)CN2CCCC2)c(NCC2CCC3(CC2)CC3)n1,6.7,0.0,1
CHEMBL268,N#Cc1ncc(C(=O)N[C@H](Cc2ccccc2)CN2CCCC2)c(NCC2CCC3(CC2)CC3)n1,7.36,0.0,1
CHEMBL268,N#Cc1ncc2cc(COc3ccc(C(N)=O)cc3)n(CCC3CCCCC3)c2n1,6.55,0.0,1
CHEMBL268,N#Cc1ncc2cc(COc3cccc(C(N)=O)c3)n(CCC3CCCCC3)c2n1,6.41,0.0,1
CHEMBL268,N#Cc1ncc2cc(COc3ccccn3)n(CCC3CCCCC3)c2n1,6.6,0.0,1
CHEMBL268,N#Cc1ncc2cc(CSc3ccncc3)n(CCC3CCCCC3)c2n1,6.32,0.0,1
CHEMBL268,N#Cc1ncc2cc(Cc3ccc(-c4ccccc4)cc3)n(C3CCCCC3)c2n1,7.33,0.0,1
CHEMBL268,N#Cc1ncc2cc(Cc3ccc(Cl)cc3)n(C3CCCCC3)c2n1,8.64,0.0,1
CHEMBL268,N#Cc1ncc2cc(Cc3ccc(Cl)cc3)n(CC3CCCCC3)c2n1,8.22,0.0,1
CHEMBL268,N#Cc1ncc2cc(Cc3ccc(Cl)cc3)n(CCC3CCCC3)c2n1,7.77,0.0,1
CHEMBL268,N#Cc1ncc2cc(Cc3ccc(Cl)cc3)n(CCC3CCCCC3)c2n1,6.66,0.0,1
CHEMBL268,N#Cc1ncc2cc(Cc3ccc(Cl)cc3)n(CCc3ccccc3)c2n1,7.0,0.0,1
CHEMBL268,N#Cc1ncc2cc(Cc3ccc(N4CCOCC4)cc3)n(C3CCCCC3)c2n1,8.47,0.0,1
CHEMBL268,N#Cc1ncc2cc(Cc3ccccc3)n(C3CCCCC3)c2n1,7.82,0.0,1
CHEMBL268,N#Cc1nccc(-c2ccc(OCCCO)c(C(F)(F)F)c2)n1,7.3,0.0,1
CHEMBL268,N#Cc1nccc(NC2CCCCC2)n1,6.77,0.0,1
CHEMBL268,N#Cc1nn(-c2cccc(C(F)(F)F)c2)c(=O)n(-c2ccccc2)c1=O,4.92,0.0,1
CHEMBL268,N#Cc1nn(-c2cccc(C(F)(F)F)c2)c(=O)n(C2CCCC2)c1=O,5.7,0.0,1
CHEMBL268,N#Cc1nn(-c2cccc(C(F)(F)F)c2)c(=O)n(CCCN2CCCCC2)c1=O,7.77,0.0,1
CHEMBL268,N#Cc1nn(-c2cccc(C(F)(F)F)c2)c(=O)n(CCCN2CCOCC2)c1=O,6.95,0.0,1
CHEMBL268,N#Cc1nn(-c2cccc(C(F)(F)F)c2)c(=O)n(CCN2CCCCC2)c1=O,6.74,0.0,1
CHEMBL268,N#Cc1nn(-c2cccc(C(F)(F)F)c2)c(=O)n(CCc2ccccc2)c1=O,5.35,0.0,1
CHEMBL268,N#Cc1nn(-c2cccc(C(F)(F)F)c2)c(=O)n(Cc2ccccc2)c1=O,6.0,0.0,1
CHEMBL268,N#Cc1nn(C2CCCCCC2)c(=O)n(CCCN2CCCCC2)c1=O,7.0,0.0,1
CHEMBL268,N#Cc1nn(C2CCCCCC2)c(=O)n(CCCN2CCOCC2)c1=O,6.3,0.0,1
CHEMBL268,N#Cc1sccc1-c1ccc(C[C@@H](C#N)NC(=O)[C@H]2N[C@@H]3CC[C@H]2C3)c(F)c1,5.52,0.0,1
CHEMBL268,NC(=O)SCC(=O)Nc1ccccc1C(=O)O,4.1,0.0,1
CHEMBL268,NC(=S)N/N=C(/CC(C(=O)O)c1c[nH]c2ccccc12)c1ccccc1,5.02,0.0,1
CHEMBL268,NC(=S)N/N=C(/CC(c1ccccc1)c1c(O)c2ccccc2oc1=O)c1ccc(-c2ccc(Br)cc2)cc1,5.34,0.0,1
CHEMBL268,NC(=S)N/N=C(/c1ccc(F)cc1)c1cccc(C(=O)c2ccc(F)cc2)c1,5.07,0.0,1
CHEMBL268,NC(=S)N/N=C(/c1ccccc1)c1cc(C(=O)c2ccccc2)cc(C(=O)c2ccccc2)c1,5.55,0.0,1
CHEMBL268,NCCCCC(NC(=O)C1CCCC1)C(=O)COc1c(F)ccc(F)c1F,6.77,0.0,1
CHEMBL268,NCCCCC(NC(=O)C1CCCC1)C(=O)COc1c(F)cccc1F,5.64,0.0,1
CHEMBL268,NCCCCC(NC(=O)C1CCCC1)C(=O)COc1cccc(F)c1,4.69,0.0,1
CHEMBL268,NCCCCC(NC(=O)c1ccc(F)nc1)C(=O)COc1ccon1,6.0,0.0,1
CHEMBL268,NCCCCC(NC(=O)c1ccccn1)C(=O)COc1c(F)ccc(F)c1F,6.0,0.0,1
CHEMBL268,NCCCC[C@H](NC(=O)C1CCCC1)C(=O)COc1c(F)c(F)cc(F)c1F,7.7,0.0,1
CHEMBL268,NCCCC[C@H](NC(=O)C1CCCC1)C(=O)COc1c(F)ccc(F)c1F,6.85,0.1131370849898477,2
CHEMBL268,NCCc1c[nH]c2ccccc12,4.82,0.0,1
CHEMBL268,N[C@@H](C(=O)Nc1ccc2nc(SCC(=O)c3ccc4ccccc4c3)sc2c1)c1ccccc1,5.25,0.0,1
CHEMBL268,O=C(CCc1ccccc1)O[C@@H]1NC(=O)[C@H]1NC(=O)[C@H](Cc1ccccc1)NC(=O)OCc1ccccc1,7.42,0.0,1
CHEMBL268,O=C(NC(Cc1ccccc1)C(=O)NC1C(=O)N2CCO[C@@H]12)OCc1ccccc1,8.3,0.0,1
CHEMBL268,O=C(NC1CC1)C(=O)C1(NC(=O)[C@@H]2C[C@@H](S(=O)(=O)c3ccccc3Cl)CN2C(=O)C2(c3ccc(Cl)cc3)CC2)CC1,4.6,0.0,1
CHEMBL268,O=C(NC1CC1)C(=O)[C@H](CC1CCCCC1)NC(=O)[C@@H]1C[C@@H](S(=O)(=O)c2ccccc2Cl)CN1C(=O)C1(c2ccc(Cl)cc2)CC1,6.86,0.0,1
CHEMBL268,O=C(NCc1cccs1)[C@@H]1CN(C(=O)c2cccnc2)CCN1c1ccc(Cl)c(Cl)c1,4.3,0.0,1
CHEMBL268,O=C(NCc1cccs1)[C@@H]1CN(C(=O)c2cncc3ccccc23)CCN1c1ccc(Cl)c(Cl)c1,4.3,0.0,1
CHEMBL268,O=C(N[C@@H](CC1CCCCC1)C(=O)N[C@@H]1C(=O)N2CCS(=O)(=O)[C@@H]12)OCc1ccccc1,8.12,0.0,1
CHEMBL268,O=C(N[C@@H](Cc1ccc2ccccc2c1)C(=O)N[C@@H]1C(=O)N2CCS(=O)(=O)[C@@H]12)OCc1ccccc1,6.4,0.0,1
CHEMBL268,O=C(N[C@@H](Cc1cccc(F)c1)C(=O)N[C@@H]1C(=O)N2CCS(=O)(=O)[C@@H]12)OCc1ccccc1,8.22,0.0,1
CHEMBL268,O=C(N[C@@H](Cc1ccccc1)C(=O)N[C@@H]1C(=O)N2CCCS(=O)(=O)[C@H]12)OCc1ccccc1,5.6,0.0,1
CHEMBL268,O=C(N[C@@H](Cc1ccccc1)C(=O)N[C@@H]1C(=O)N2CCO[C@@H]12)OCc1ccccc1,8.3,0.0,1
CHEMBL268,O=C(N[C@@H](Cc1ccccc1)C(=O)N[C@@H]1C(=O)N2CCO[C@H]12)OCc1ccccc1,5.79,0.0,1
CHEMBL268,O=C(N[C@@H](Cc1ccccc1)C(=O)N[C@@H]1C(=O)N2CCS(=O)(=O)[C@@H]12)OCc1ccccc1,9.3,0.0,1
CHEMBL268,O=C(N[C@@H](Cc1ccccc1)C(=O)N[C@@H]1C(=O)N2CCS(=O)(=O)[C@H]12)OCc1ccccc1,8.12,0.0,1
CHEMBL268,O=C(N[C@@H](Cc1ccccc1)C(=O)N[C@@H]1C(=O)N2CC[S+]([O-])[C@@H]12)OCc1ccccc1,7.46,0.0,1
CHEMBL268,O=C(N[C@@H](Cc1ccccc1)C(=O)N[C@@H]1C(=O)N[C@@H]1Oc1ccccc1)OCc1ccccc1,7.8,0.0,1
CHEMBL268,O=C(N[C@@H](Cc1ccccc1)C(=O)N[C@@H]1C(=O)N[C@@H]1Sc1ccccc1)OCc1ccccc1,7.14,0.0,1
CHEMBL268,O=C(N[C@@H](Cc1ccccc1)C(=O)N[C@@H]1C(=O)N[C@H]1OC(=O)c1ccccc1)OCc1ccccc1,7.0,0.0,1
CHEMBL268,O=C(N[C@@H](Cc1ccccc1)C(=O)N[C@@H]1C(=O)N[C@H]1OCc1ccccc1)OCc1ccccc1,5.6,0.0,1
CHEMBL268,O=C(N[C@@H](Cc1ccccc1)C(=O)N[C@@H]1C(=O)N[C@H]1Oc1ccccc1)OCc1ccccc1,7.0,0.0,1
CHEMBL268,O=C(N[C@@H](Cc1ccccc1)C(=O)N[C@@H]1C(=O)N[C@H]1S(=O)(=O)c1ccccc1)OCc1ccccc1,8.19,0.0,1
CHEMBL268,O=C(N[C@@H](Cc1ccccc1)C(=O)N[C@@H]1C(=O)N[C@H]1Sc1ccccc1)OCc1ccccc1,8.08,0.0,1
CHEMBL268,O=C(N[C@@H](Cc1cccnc1)C(=O)N[C@@H]1C(=O)N2CCS(=O)(=O)[C@@H]12)OCc1ccccc1,8.6,0.0,1
CHEMBL268,O=C(N[C@@H](Cc1cccs1)C(=O)N[C@@H]1C(=O)N2CCS(=O)(=O)[C@@H]12)OCc1ccccc1,8.74,0.0,1
CHEMBL268,O=C(O)C1=C(C(=O)N(Cc2ccccc2)Cc2ccccc2)CN2C[C@H](NC(=O)[C@H](Cc3ccccc3)NC(=O)c3cc4ccccc4[nH]3)C(=O)N12,4.19,0.0,1
CHEMBL268,O=C1C2CCN(CC2)C1CSc1ccc(Cl)cc1,4.67,0.0,1
CHEMBL268,O=C1C2CCN(CC2)C1Cc1ccc(OCCOc2ccccc2)cc1,5.47,0.0,1
CHEMBL268,O=C1O[C@@H]2CN1CC[C@@H]2OCc1ccccc1,6.275,0.021213203435596288,2
CHEMBL268,O=C1O[C@@H]2CN1CC[C@@H]2Oc1ccccc1,6.735,0.34648232278140845,2
CHEMBL268,O=CN1CC[C@@H](NS(=O)(=O)c2cccc(Br)c2)C1,5.3,0.0,1
CHEMBL268,O=[N+]([O-])c1ccc(N2CCN(C/C=C/S(=O)(=O)c3ccccc3)CC2)cc1,4.74,0.0,1
CHEMBL268,S=C1O[C@@H]2CN1CC[C@@H]2Oc1ccccc1,5.445,0.41719300090006295,2
CHEMBL268,c1ccc2c3c([nH]c2c1)C(Cc1c[nH]cn1)NCC3,4.58,0.0,1
