chembl_id,smiles,pchembl_value,pchembl_std,n_records
CHEMBL4860,C#CC1CCN(C2CC=C(c3ccc(C(=O)NS(=O)(=O)c4ccc(NCC5CCOCC5)c([N+](=O)[O-])c4)c(Oc4cnc5[nH]ccc5c4)c3)CC2)C1c1ccccc1C1CC1,7.68,0.0,1
CHEMBL4860,C#Cc1ccc(OC(=O)N2CCc3cc(-c4cc(C(=O)N(C)c5ccc(O)cc5)c(C)n4C)c(C(=O)N4Cc5ccccc5C[C@H]4CN4CCOCC4)cc3C2)cc1,8.35,0.0,1
CHEMBL4860,C#Cc1cccc(C2CCCN2C2CC=C(c3ccc(C(=O)NS(=O)(=O)c4ccc(NCC5CCOCC5)c([N+](=O)[O-])c4)c(Oc4cnc5[nH]ccc5c4)c3)CC2)c1,7.05,0.0,1
CHEMBL4860,C=C(C)c1ccccc1C1CCCN1C1CC=C(c2ccc(C(=O)NS(=O)(=O)c3ccc(NCC4CCOCC4)c([N+](=O)[O-])c3)c(Oc3cnc4[nH]ccc4c3)c2)CC1,7.55,0.0,1
CHEMBL4860,C=C(C)c1ccccc1C1CCCN1C1CCC(c2ccc(C(=O)NS(=O)(=O)c3ccc(NCC4CCOCC4)c([N+](=O)[O-])c3)c(Oc3cnc4[nH]ccc4c3)c2)CC1,7.72,0.0,1
CHEMBL4860,C=C(C)c1ccccc1[C@@H]1CCCN1C1CC2(CCN(c3ccc(C(=O)NS(=O)(=O)c4ccc(NC[C@H]5CC[C@](C)(O)CC5)c([N+](=O)[O-])c4)c(Oc4cnc5[nH]ccc5c4)c3)CC2)C1,10.26,0.0,1
CHEMBL4860,C=C1CC(c2ccccc2C2CC2)N(C2CC=C(c3ccc(C(=O)NS(=O)(=O)c4ccc(NCC5CCOCC5)c([N+](=O)[O-])c4)c(Oc4cnc5[nH]ccc5c4)c3)CC2)C1,7.64,0.0,1
CHEMBL4860,C=C1CC(c2ccccc2C2CC2)N(c2ccc(-c3ccc(C(=O)NS(=O)(=O)c4ccc(NCC5CCOCC5)c([N+](=O)[O-])c4)c(Oc4cnc5[nH]ccc5c4)c3)cc2)C1,8.48,0.0,1
CHEMBL4860,C=Cc1cccc(C2CCCN2C2CC=C(c3ccc(C(=O)NS(=O)(=O)c4ccc(NCC5CCOCC5)c([N+](=O)[O-])c4)c(Oc4cnc5[nH]ccc5c4)c3)CC2)c1,7.55,0.0,1
CHEMBL4860,C=Cc1ccccc1C1CCCN1C1CC=C(c2ccc(C(=O)NS(=O)(=O)c3ccc(NCC4CCOCC4)c([N+](=O)[O-])c3)c(Oc3cnc4[nH]ccc4c3)c2)CC1,7.92,0.0,1
CHEMBL4860,CC(=O)N(C)CCN1CCC(c2ccccc2[C@H]2CCCN2c2ccc(-c3ccc(C(=O)NS(=O)(=O)c4ccc(NCC5CCOCC5)c([N+](=O)[O-])c4)c(Oc4cnc5[nH]ccc5c4)c3)cc2)CC1,8.89,0.0,1
CHEMBL4860,CC(=O)N(C)c1ccc(OC(=O)N2CCc3cc(-c4cc(C(=O)N(C)c5ccc(O)cc5)c(C)n4C)c(C(=O)N4Cc5ccccc5C[C@H]4CN4CCOCC4)cc3C2)cc1,8.34,0.0,1
CHEMBL4860,CC(=O)N1CC=C(c2ccccc2C2CCCN2C2CC=C(c3ccc(C(=O)NS(=O)(=O)c4ccc(NCC5CCOCC5)c([N+](=O)[O-])c4)c(Oc4cnc5[nH]ccc5c4)c3)CC2)CC1,7.41,0.0,1
CHEMBL4860,CC(=O)N1CC=C(c2ccccc2[C@H]2CCCN2c2ccc(-c3ccc(C(=O)NS(=O)(=O)c4ccc(NCC5CCOCC5)c([N+](=O)[O-])c4)c(Oc4cnc5[nH]ccc5c4)c3)cc2)CC1,9.17,0.0,1
CHEMBL4860,CC(=O)N1CCC(CNc2ccc(S(=O)(=O)NC(=O)c3ccc(-c4ccc(N5CCC[C@@H]5c5ccccc5C5CC5)cc4)cc3Oc3cnc4[nH]ccc4c3)cc2[N+](=O)[O-])CC1,8.92,0.0,1
CHEMBL4860,CC(=O)N1CCC(c2ccccc2[C@H]2CCCN2c2ccc(-c3ccc(C(=O)NS(=O)(=O)c4ccc(NCC5CCOCC5)c([N+](=O)[O-])c4)c(Oc4cnc5[nH]ccc5c4)c3)cc2)CC1,8.52,0.0,1
CHEMBL4860,CC(=O)N1CCC(c2ccccc2[C@H]2CCCN2c2ccc(-c3ccc(C(=O)NS(=O)(=O)c4ccc(NC[C@H]5CC[C@](C)(O)CC5)c([N+](=O)[O-])c4)c(Oc4cnc5[nH]ccc5c4)c3)cc2)CC1,8.96,0.0,1
CHEMBL4860,CC(=O)N1CCOC(CNc2ccc(S(=O)(=O)NC(=O)c3ccc(C4=CCC(N5CCCC5c5ccccc5C5CC5)CC4)cc3Oc3cnc4[nH]ccc4c3)cc2[N+](=O)[O-])C1,8.0,0.0,1
CHEMBL4860,CC(=O)N1Cc2cc(C(=O)N3Cc4ccccc4C[C@H]3C)c(-c3cc(C(=O)N(C)c4ccc(O)cc4)c(C)n3C)cc2C1,7.38,0.0,1
CHEMBL4860,CC(=O)NC[C@@H]1Cc2ccccc2CN1C(=O)c1ccccc1-n1nc(C(=O)N(c2ccccc2)c2ccccc2)cc1C,6.14,0.0,1
CHEMBL4860,CC(=O)Nc1ccc(OC(=O)N2CCc3cc(-c4cc(C(=O)N(C)c5ccc(O)cc5)c5n4CCCC5)c(C(=O)N4Cc5ccccc5C[C@H]4C)cc3C2)cc1,8.49,0.0,1
CHEMBL4860,CC(=O)Oc1ccc(N(C(=O)c2cn(-c3cc4c(cc3C(=O)N3Cc5ccccc5C[C@H]3CN3CCN(C)CC3)OCO4)c3ccccc23)c2ccc(C)cc2)cc1,6.69,0.0,1
CHEMBL4860,CC(C)(C)OC(=O)c1ccc(-c2ccc(N3CCCC3c3ccccc3)cc2)cc1Oc1cnc2[nH]ccc2c1,7.37,0.0,1
CHEMBL4860,CC(C)(C)OC(=O)c1ccc(-c2ccc(N3CCCC3c3ccccc3)nc2)cc1Oc1cnc2[nH]ccc2c1,7.27,0.0,1
CHEMBL4860,CC(C)(C)OC(=O)c1cccc(CN(C(=O)c2cc(-c3cc4c(cc3C(=O)N3Cc5ccccc5C[C@H]3CN3CCOCC3)OCO4)n3c2CCCC3)c2ccc(O)cc2)c1,7.52,0.0,1
CHEMBL4860,CC(C)(C)[Si](C)(C)OC1CCC(COc2ccc(S(=O)(=O)NC(=O)c3ccc(C4=CCC(N5CCC[C@@H]5c5ccccc5C5CC5)CC4)cc3Oc3cnc4[nH]ccc4c3)cc2[N+](=O)[O-])CC1,6.07,0.0,1
CHEMBL4860,CC(C)(C)c1ccc(C(=O)NCCN2C(=O)c3cccc4c(Sc5ccc(Br)cc5)ccc(c34)C2=O)cc1,5.68,0.0,1
CHEMBL4860,CC(C)(C)c1ccccc1C1CCCN1c1ccc(-c2ccc(C(=O)NS(=O)(=O)c3ccc(NCC4CCOCC4)c([N+](=O)[O-])c3)c(Oc3cnc4[nH]ccc4c3)c2)cc1,7.78,0.3818376618407363,2
CHEMBL4860,CC(C)(N)C(=O)N1CCC(c2ccccc2[C@H]2CCCN2c2ccc(-c3ccc(C(=O)NS(=O)(=O)c4ccc(NC[C@H]5CC[C@](C)(O)CC5)c([N+](=O)[O-])c4)c(Oc4cnc5[nH]ccc5c4)c3)cc2)CC1,8.92,0.0,1
CHEMBL4860,CC(C)(c1ccccc1C1CC1)C1CCCN1c1ccc(-c2ccc(C(=O)NS(=O)(=O)c3ccc(NCC4CCOCC4)c([N+](=O)[O-])c3)c(Oc3cnc4[nH]ccc4c3)c2)cc1,7.44,0.0,1
CHEMBL4860,CC(C)=CCC[C@]1(C)C=Cc2c(O)c3c(c(CC=C(C)C)c2O1)O[C@]12C(=C[C@@H]4C[C@H]1C(C)(C)O[C@@]2(C/C=C(/C)C(=O)O)C4=O)C3=O,6.855,0.07778174593052077,2
CHEMBL4860,CC(C)=Cc1ccccc1C1CCCN1C1CC=C(c2ccc(C(=O)NS(=O)(=O)c3ccc(NCC4CCOCC4)c([N+](=O)[O-])c3)c(Oc3cnc4[nH]ccc4c3)c2)CC1,7.24,0.0,1
CHEMBL4860,CC(C)C(=O)N1CCC(CNc2ccc(S(=O)(=O)NC(=O)c3ccc(N4CCN(CC5=C(c6ccc(C(F)(F)F)cc6)CC(C)(C)CC5)CC4)cc3Oc3cnc4[nH]ccc4c3)cc2[N+](=O)[O-])CC1,8.62,0.0,1
CHEMBL4860,CC(C)C(=O)c1cc(C(=O)c2ccc(Oc3ccccc3)cc2)c(O)c(O)c1O,5.58,0.0,1
CHEMBL4860,CC(C)CC1Oc2cc(C(=O)N3Cc4ccccc4C[C@H]3CN)c(-n3cc(C(=O)N(c4ccccc4)c4ccc(O)cc4)c4ccccc43)cc2O1,7.27,0.0,1
CHEMBL4860,CC(C)Cc1ccccc1C1CCCN1C1CC=C(c2ccc(C(=O)NS(=O)(=O)c3ccc(NCC4CCOCC4)c([N+](=O)[O-])c3)c(Oc3cnc4[nH]ccc4c3)c2)CC1,7.31,0.0,1
CHEMBL4860,CC(C)Cc1ccccc1[C@@H]1CCCN1C1CC2(CCN(c3ccc(C(=O)NS(=O)(=O)c4ccc(NCC5CCOCC5)c([N+](=O)[O-])c4)c(Oc4cnc5[nH]ccc5c4)c3)CC2)C1,8.62,0.7464583042608609,3
CHEMBL4860,CC(C)N1CCN(C2CC3(CCN(c4ccc(C(=O)NS(=O)(=O)c5ccc(NCC6CCOCC6)c([N+](=O)[O-])c5)c(Oc5cnc6[nH]ccc6c5)c4)CC3)C2)C(c2ccccc2C2CC2)C1,9.835,1.081873375215418,2
CHEMBL4860,CC(C)N1CCc2cc(N(C(=O)c3cc(-c4cc5c(cc4C(=O)N4Cc6ccccc6C[C@H]4CN4CCOCC4)OCO5)n4ccccc34)c3ccc(O)cc3)ccc21,7.51,0.0,1
CHEMBL4860,CC(C)Oc1ccc(Br)cc1C1CCCN1C1CC=C(c2ccc(C(=O)NS(=O)(=O)c3ccc(NCC4CCOCC4)c([N+](=O)[O-])c3)c(Oc3cnc4[nH]ccc4c3)c2)CC1,6.12,0.0,1
CHEMBL4860,CC(C)Oc1ccccc1C1CCCN1C1CC=C(c2ccc(C(=O)NS(=O)(=O)c3ccc(NCC4CCOCC4)c([N+](=O)[O-])c3)c(Oc3cnc4[nH]ccc4c3)c2)CC1,7.92,0.0,1
CHEMBL4860,CC(C)Oc1ccccc1[C@@H]1CCCN1C1CC2(CCN(c3ccc(C(=O)NS(=O)(=O)c4ccc(NCC5CCOCC5)c([N+](=O)[O-])c4)c(Oc4cnc5[nH]ccc5c4)c3)CC2)C1,9.305,1.1525840533340717,2
CHEMBL4860,CC(C)c1cc(C(=O)N2CCc3ccc(S(=O)(=O)NCCc4ccccc4)cc3C2)c(O)c(O)c1O,5.18,0.0,1
CHEMBL4860,CC(C)c1cc(C(=O)N2CCc3ccccc3C2)c(O)c(O)c1O,4.42,0.0,1
CHEMBL4860,CC(C)c1cc(C(=O)Nc2ccccc2)c(O)c(O)c1O,4.28,0.0,1
CHEMBL4860,CC(C)c1cc(C(=O)c2ccc(Oc3ccccc3)cc2)c(O)c(O)c1O,5.47,0.0,1
CHEMBL4860,CC(C)c1cc(C(=O)c2ccccc2)c(O)c(O)c1O,4.38,0.0,1
CHEMBL4860,CC(C)c1ccc(N(C(=O)c2cn(-c3cc4c(cc3C(=O)N3Cc5ccccc5C[C@H]3CN3CCN(C)CC3)OCO4)c3ccccc23)c2ccc(O)c(Cl)c2)cc1,6.53,0.0,1
CHEMBL4860,CC(C)c1ccc(Oc2ccc3c4c(cccc24)C2=NC(=O)C(C#N)=C23)cc1,6.13,0.0,1
CHEMBL4860,CC(C)c1ccc(Oc2ccc3c4c(cccc24)C2=NC(=O)C(NCCCc4ccccc4)=C23)cc1,7.38,0.0,1
CHEMBL4860,CC(C)c1ccc(Sc2ccc3c4c(cccc24)C(=O)C(C#N)=C3C#N)cc1,5.55,0.0,1
CHEMBL4860,CC(C)c1cccc(C2CCCN2C2CC=C(c3ccc(C(=O)NS(=O)(=O)c4ccc(NCC5CCOCC5)c([N+](=O)[O-])c4)c(Oc4cnc5[nH]ccc5c4)c3)CC2)c1,7.96,0.0,1
CHEMBL4860,CC(C)c1ccccc1C1CCCCN1c1ccc(-c2ccc(C(=O)NS(=O)(=O)c3ccc(NCC4CCOCC4)c([N+](=O)[O-])c3)c(Oc3cnc4[nH]ccc4c3)c2)cc1,7.57,0.0,1
CHEMBL4860,CC(C)c1ccccc1C1CCCN1C1CC=C(c2ccc(C(=O)NS(=O)(=O)c3ccc(NCC4CCOCC4)c([N+](=O)[O-])c3)c(Oc3cnc4[nH]ccc4c3)c2)CC1,7.68,0.0,1
CHEMBL4860,CC(C)c1ccccc1C1CCCN1C1CCC(c2ccc(C(=O)NS(=O)(=O)c3ccc(NCC4CCOCC4)c([N+](=O)[O-])c3)c(Oc3cnc4[nH]ccc4c3)c2)CC1,7.92,0.0,1
CHEMBL4860,CC(C)c1ccccc1C1CCCN1c1ccc(-c2ccc(C(=O)NS(=O)(=O)c3ccc(NCC4CCOCC4)c([N+](=O)[O-])c3)c(Oc3cnc4[nH]ccc4c3)c2)cc1,8.35,0.24041630560342606,2
CHEMBL4860,CC(C)c1ccccc1C1CCCN1c1ccc(-c2ccc(C(=O)NS(=O)(=O)c3ccc(OCC4(F)CCN(C5COC5)CC4)c([N+](=O)[O-])c3)c(Oc3cnc4[nH]ccc4c3)c2)cc1,7.29,0.0,1
CHEMBL4860,CC(C)c1ccccc1CC1CCCN1C1CC=C(c2ccc(C(=O)NS(=O)(=O)c3ccc(NCC4CCOCC4)c([N+](=O)[O-])c3)c(Oc3cnc4[nH]ccc4c3)c2)CC1,7.82,0.0,1
CHEMBL4860,CC(C)c1ccccc1Cc1cc(C(=O)Nc2ccc(S(=O)(=O)c3ccccc3C(C)(C)C)cc2)c(O)c(O)c1O,6.16,0.0,1
CHEMBL4860,CC(C)c1ccccc1[C@@H]1CCCN1C1CC2(C1)CN(c1ccc(C(=O)NS(=O)(=O)c3ccc(NC[C@H]4CC[C@](C)(O)CC4)c([N+](=O)[O-])c3)c(Oc3cnc4[nH]ccc4c3)c1)C2,10.41,0.0,1
CHEMBL4860,CC(C)c1ccccc1[C@@H]1CCCN1C1CC2(C1)CN(c1ccc(C(=O)NS(=O)(=O)c3ccc(NC[C@H]4COCCO4)c([N+](=O)[O-])c3)c(Oc3cnc4[nH]ccc4c3)c1)C2,10.26,0.0,1
CHEMBL4860,CC(C)c1ccccc1[C@@H]1CCCN1C1CC2(CCN(c3ccc(C(=O)NS(=O)(=O)c4cc5c(c([N+](=O)[O-])c4)NC(C4CCOCC4)CO5)c(Oc4cnc5[nH]ccc5c4)c3)CC2)C1,9.695,1.3081475451951132,2
CHEMBL4860,CC(C)c1ccccc1[C@@H]1CCCN1C1CC2(CCN(c3ccc(C(=O)NS(=O)(=O)c4cc5c(c([N+](=O)[O-])c4)NC(CN4CCOCC4)C5)c(Oc4cnc5[nH]ccc5c4)c3)CC2)C1,9.579999999999998,1.3576450198781707,2
CHEMBL4860,CC(C)c1ccccc1[C@@H]1CCCN1C1CC2(CCN(c3ccc(C(=O)NS(=O)(=O)c4cc5c(c([N+](=O)[O-])c4)N[C@H](C4CCC(C)(O)CC4)CO5)c(Oc4cnc5[nH]ccc5c4)c3)CC2)C1,9.955,0.9885174083781566,4
CHEMBL4860,CC(C)c1ccccc1[C@@H]1CCCN1C1CC2(CCN(c3ccc(C(=O)NS(=O)(=O)c4ccc(NCC5(F)CCOCC5)c([N+](=O)[O-])c4)c(Oc4cnc5[nH]ccc5c4)c3)CC2)C1,10.28,0.0,1
CHEMBL4860,CC(C)c1ccccc1[C@@H]1CCCN1C1CC2(CCN(c3ccc(C(=O)NS(=O)(=O)c4ccc(NCC5C6COCC56)c([N+](=O)[O-])c4)c(Oc4cnc5[nH]ccc5c4)c3)CC2)C1,9.61,1.4283556979968257,2
CHEMBL4860,CC(C)c1ccccc1[C@@H]1CCCN1C1CC2(CCN(c3ccc(C(=O)NS(=O)(=O)c4ccc(NCC5CC6COCC6C5)c([N+](=O)[O-])c4)c(Oc4cnc5[nH]ccc5c4)c3)CC2)C1,9.405000000000001,1.3788582233137692,2
CHEMBL4860,CC(C)c1ccccc1[C@@H]1CCCN1C1CC2(CCN(c3ccc(C(=O)NS(=O)(=O)c4ccc(NCC5CCC(F)(F)CC5)c([N+](=O)[O-])c4)c(Oc4cnc5[nH]ccc5c4)c3)CC2)C1,9.245000000000001,0.9121677477306476,2
CHEMBL4860,CC(C)c1ccccc1[C@@H]1CCCN1C1CC2(CCN(c3ccc(C(=O)NS(=O)(=O)c4ccc(NCC5CCN(C)CC5)c([N+](=O)[O-])c4)c(Oc4cnc5[nH]ccc5c4)c3)CC2)C1,9.600000000000001,1.1313708498984765,2
CHEMBL4860,CC(C)c1ccccc1[C@@H]1CCCN1C1CC2(CCN(c3ccc(C(=O)NS(=O)(=O)c4ccc(NCC5CCOCC5)c([N+](=O)[O-])c4)c(Oc4cnc5[nH]ccc5c4)c3)CC2)C1,9.933333333333332,1.0373684655576012,3
CHEMBL4860,CC(C)c1ccccc1[C@@H]1CCCN1C1CC2(CCN(c3ccc(C(=O)NS(=O)(=O)c4ccc(NC[C@@H]5COCCO5)c([N+](=O)[O-])c4)c(Oc4cnc5[nH]ccc5c4)c3)CC2)C1,9.76,0.933380951166243,2
CHEMBL4860,CC(C)c1ccccc1[C@@H]1CCCN1C1CC2(CCN(c3ccc(C(=O)NS(=O)(=O)c4ccc(NC[C@H]5CC[C@@](C)(O)CC5)c([N+](=O)[O-])c4)c(Oc4cnc5[nH]ccc5c4)c3)CC2)C1,9.58,1.0382998924523998,4
CHEMBL4860,CC(C)c1ccccc1[C@@H]1CCCN1C1CC2(CCN(c3ccc(C(=O)NS(=O)(=O)c4ccc(NC[C@H]5CC[C@@](O)(C(F)(F)F)CC5)c([N+](=O)[O-])c4)c(Oc4cnc5[nH]ccc5c4)c3)CC2)C1,10.2,0.0,1
CHEMBL4860,CC(C)c1ccccc1[C@@H]1CCCN1C1CC2(CCN(c3ccc(C(=O)NS(=O)(=O)c4ccc(NC[C@H]5CC[C@](C)(O)CC5)c([N+](=O)[O-])c4)c(Oc4cnc5[nH]ccc5c4)c3)CC2)C1,10.0975,0.7784760754191485,4
CHEMBL4860,CC(C)c1ccccc1[C@@H]1CCCN1C1CC2(CCN(c3ccc(C(=O)NS(=O)(=O)c4ccc(NC[C@H]5COCCO5)c([N+](=O)[O-])c4)c(Oc4cnc5[nH]ccc5c4)c3)CC2)C1,9.63,0.9344873817589332,4
CHEMBL4860,CC(C)c1ccccc1[C@@H]1CCCN1c1ccc(-c2ccc(C(=O)NS(=O)(=O)c3ccc(NCC4(F)CCOCC4)c([N+](=O)[O-])c3)c(Oc3cnc4[nH]ccc4c3)c2)cc1,7.23,0.0,1
CHEMBL4860,CC(C)c1ccccc1[C@@H]1CCN(C2CC=C(c3ccc(C(=O)NS(=O)(=O)c4ccc(NCC5CCOCC5)c([N+](=O)[O-])c4)c(Oc4cnc5[nH]ccc5c4)c3)CC2)C1,7.01,0.0,1
CHEMBL4860,CC(C)c1ccccc1[C@@H]1CN(C)CCN1C1CC2(CCN(c3ccc(C(=O)NS(=O)(=O)c4ccc(NC[C@H]5CC[C@](C)(O)CC5)c([N+](=O)[O-])c4)c(Oc4cnc5[nH]ccc5c4)c3)CC2)C1,9.77,0.0,1
CHEMBL4860,CC(C)c1ccccc1[C@H]1CCCN1C1CC2(CCN(c3ccc(C(=O)NS(=O)(=O)c4ccc(NC[C@H]5CC[C@@](C)(O)CC5)c([N+](=O)[O-])c4)c(Oc4cnc5[nH]ccc5c4)c3)CC2)C1,8.68,0.0,1
CHEMBL4860,CC(C)c1ccccc1[C@H]1CCCN1C1CC2(CCN(c3ccc(C(=O)NS(=O)(=O)c4ccc(NC[C@H]5CC[C@@](O)(C(F)(F)F)CC5)c([N+](=O)[O-])c4)c(Oc4cnc5[nH]ccc5c4)c3)CC2)C1,10.01,0.0,1
CHEMBL4860,CC(C)c1ccccc1[C@H]1CCCN1C1CC2(CCN(c3ccc(C(=O)NS(=O)(=O)c4ccc(NC[C@H]5CC[C@](C)(O)CC5)c([N+](=O)[O-])c4)c(Oc4cnc5[nH]ccc5c4)c3)CC2)C1,9.13,0.0,1
CHEMBL4860,CC(C)c1ccccc1[C@H]1CCCN1c1ccc(-c2ccc(C(=O)NS(=O)(=O)c3ccc(NCC4(F)CCOCC4)c([N+](=O)[O-])c3)c(Oc3cnc4[nH]ccc4c3)c2)cc1,8.565,0.03535533905932788,2
CHEMBL4860,CC(C)c1ccccc1[C@H]1CCCN1c1ccc(-c2ccc(C(=O)NS(=O)(=O)c3ccc(NC[C@H]4CC[C@](C)(O)CC4)c([N+](=O)[O-])c3)c(Oc3cnc4[nH]ccc4c3)c2)cc1,8.719999999999999,0.1414213562373109,2
CHEMBL4860,CC(C)c1ccccc1[C@H]1CCN(C2CC=C(c3ccc(C(=O)NS(=O)(=O)c4ccc(NCC5CCOCC5)c([N+](=O)[O-])c4)c(Oc4cnc5[nH]ccc5c4)c3)CC2)C1,7.21,0.0,1
CHEMBL4860,CC(C)c1ccccc1[C@H]1CN(C)CCN1C1CC2(CCN(c3ccc(C(=O)NS(=O)(=O)c4ccc(NC[C@H]5CC[C@](C)(O)CC5)c([N+](=O)[O-])c4)c(Oc4cnc5[nH]ccc5c4)c3)CC2)C1,10.165,0.926309883354377,2
CHEMBL4860,CC(C)c1nc2cc(S(=O)(=O)NC(=O)c3ccc(N4CCN(CC5=C(c6ccc(Cl)cc6)CC6(CCC6)CC5)CC4)cc3Oc3cnc4[nH]ccc4c3)cc([N+](=O)[O-])c2[nH]1,8.42,0.0,1
CHEMBL4860,CC(C)n1ccc2cc(N(C(=O)c3cc(-c4cc5c(cc4C(=O)N4Cc6ccccc6C[C@H]4CN4CCOCC4)OCO5)n4ccccc34)c3ccc(O)cc3)ccc21,7.66,0.0,1
CHEMBL4860,CC(C)n1ccc2cc(N(C(=O)c3cn(-c4cc5c(cc4C(=O)N4Cc6ccccc6C[C@H]4CN4CCN(C)CC4)OCO5)c4ccccc34)c3ccc(O)cc3)ccc21,8.16,0.0,1
CHEMBL4860,CC(Cc1ccc(Cl)cc1)C(=O)N1Cc2cc(C(=O)N3Cc4ccccc4C[C@H]3C)c(-c3cc(C(=O)N(C)c4ccc(O)cc4)c4n3CCCC4)cc2C1,7.72,0.0,1
CHEMBL4860,CC(Cc1ccccc1)C(=O)N1Cc2cc(C(=O)N3Cc4ccccc4C[C@H]3C)c(-c3cc(C(=O)N(C)c4ccc(O)cc4)c4n3CCCC4)cc2C1,7.89,0.0,1
CHEMBL4860,CC(F)(F)c1ccccc1C1CCCN1C1CC=C(c2ccc(C(=O)NS(=O)(=O)c3ccc(NCC4CCOCC4)c([N+](=O)[O-])c3)c(Oc3cnc4[nH]ccc4c3)c2)CC1,7.35,0.0,1
CHEMBL4860,CC(Nc1ncnc(N)c1C#N)c1cc(Cl)c2ccnnc2c1-c1cccc(F)c1,7.69,0.0,1
CHEMBL4860,CC(Oc1ccc(S(=O)(=O)NC(=O)c2ccc(N3CCN(CC4=C(c5ccc(C(F)(F)F)cc5)CC(C)(C)CC4)CC3)cc2Oc2cnc3[nH]ccc3c2)cc1[N+](=O)[O-])C1CCOCC1,8.04,0.0,1
CHEMBL4860,CC(c1ccccc1-c1ccc(Cl)cc1)N1CCC(N2CCc3c(ncnc3NS(=O)(=O)c3ccc(N[C@H](CCN(C)C)CSc4ccccc4)c(S(=O)(=O)C(F)(F)F)c3)C2)CC1,7.46,0.0,1
CHEMBL4860,CC/C=C/c1ccccc1C1CCCN1C1CC=C(c2ccc(C(=O)NS(=O)(=O)c3ccc(NCC4CCOCC4)c([N+](=O)[O-])c3)c(Oc3cnc4[nH]ccc4c3)c2)CC1,6.92,0.0,1
CHEMBL4860,CC1(C)CC(CNc2ccc(S(=O)(=O)NC(=O)c3ccc(N4CCC5(CC4)CC(N4CCC[C@H]4c4ccccc4C4CC4)C5)cc3Oc3cnc4[nH]ccc4c3)cc2[N+](=O)[O-])CC(C)(C)O1,10.04,0.0,1
CHEMBL4860,CC1(C)CC(CNc2ccc(S(=O)(=O)NC(=O)c3ccc(N4CCC5(CC4)CC(N4CCC[C@H]4c4ccccc4C4CC4)C5)cc3Oc3cnc4[nH]ccc4c3)cc2[N+](=O)[O-])CCO1,10.08,0.0,1
CHEMBL4860,CC1(C)CC(c2ccccc2)N(C2CC=C(c3ccc(C(=O)NS(=O)(=O)c4ccc(NCC5CCOCC5)c([N+](=O)[O-])c4)c(Oc4cnc5[nH]ccc5c4)c3)CC2)C1,6.65,0.0,1
CHEMBL4860,CC1(C)CC(c2ccccc2)N(c2ccc(-c3ccc(C(=O)NS(=O)(=O)c4ccc(NCC5CCOCC5)c([N+](=O)[O-])c4)c(Oc4cnc5[nH]ccc5c4)c3)cc2)C1=O,7.15,0.0,1
CHEMBL4860,CC1(C)CC(c2ccccc2C2CC2)N(C2CC3(CCN(c4ccc(C(=O)NS(=O)(=O)c5ccc(NCC6CCOCC6)c([N+](=O)[O-])c5)c(Oc5cnc6[nH]ccc6c5)c4)CC3)C2)C1,9.09,0.0,1
CHEMBL4860,CC1(C)CCC(CN2CCCn3nc(-c4ccc(C(=O)NS(=O)(=O)c5ccc(NCC6CCOCC6)c([N+](=O)[O-])c5)c(Oc5cnc6[nH]ccc6c5)c4)cc32)=C(c2ccc(Cl)cc2)C1,7.35,0.0,1
CHEMBL4860,CC1(C)CCC(CN2CCN(c3ccc(C(=O)NS(=O)(=O)c4ccc(NC5CCOC5)c([N+](=O)[O-])c4)c(Oc4cnc5[nH]ccc5c4)c3)CC2)=C(c2ccc(C(F)(F)F)cc2)C1,8.72,0.0,1
CHEMBL4860,CC1(C)CCC(CN2CCN(c3ccc(C(=O)NS(=O)(=O)c4ccc(NCC5CCOC5)c([N+](=O)[O-])c4)c(Oc4cnc5[nH]ccc5c4)c3)CC2)=C(c2ccc(C(F)(F)F)cc2)C1,8.33,0.0,1
CHEMBL4860,CC1(C)CCC(CN2CCN(c3ccc(C(=O)NS(=O)(=O)c4ccc(NCC5CCOCC5)c([N+](=O)[O-])c4)c(Oc4cnc5[nH]ccc5c4)c3)CC2)=C(c2ccc(C(F)(F)F)c(Cl)c2)C1,9.1,0.0,1
CHEMBL4860,CC1(C)CCC(CN2CCN(c3ccc(C(=O)NS(=O)(=O)c4ccc(NCC5CCOCC5)c([N+](=O)[O-])c4)c(Oc4cnc5[nH]ccc5c4)c3)CC2)=C(c2ccc(C(F)(F)F)cc2)C1,8.82,0.0,1
CHEMBL4860,CC1(C)CCC(CN2CCN(c3ccc(C(=O)NS(=O)(=O)c4ccc(NCC5CCOCC5)c([N+](=O)[O-])c4)c(Oc4cnc5[nH]ccc5c4)c3)CC2)=C(c2ccc(Cl)cc2)C1,8.321,0.9643356953537153,10
CHEMBL4860,CC1(C)CCC(CN2CCN(c3ccc(C(=O)NS(=O)(=O)c4ccc(NCC5CCOCC5)c([N+](=O)[O-])c4)c(Oc4cnc5[nH]ccc5c4)c3)CC2)=C(c2ccc(Cl)cc2C(F)(F)F)C1,9.07,0.0,1
CHEMBL4860,CC1(C)CCC(CN2CCN(c3ccc(C(=O)NS(=O)(=O)c4ccc(NCC5CCOCC5)c([N+](=O)[O-])c4)c(Oc4cnc5[nH]ccc5c4)c3)CC2)=C(c2ccccc2C(F)(F)F)C1,8.77,0.0,1
CHEMBL4860,CC1(C)CCC(CN2CCN(c3ccc(C(=O)NS(=O)(=O)c4ccc(NCCCCCC(=O)NO)c([N+](=O)[O-])c4)c(Oc4cnc5[nH]ccc5c4)c3)CC2)=C(c2ccc(Cl)cc2)C1,6.64,0.0,1
CHEMBL4860,CC1(C)CCC(CN2CCN(c3ccc(C(=O)NS(=O)(=O)c4ccc(NCCCCCCC(=O)NO)c([N+](=O)[O-])c4)c(Oc4cnc5[nH]ccc5c4)c3)CC2)=C(c2ccc(Cl)cc2)C1,6.62,0.0,1
CHEMBL4860,CC1(C)CCC(CN2CCN(c3ccc(C(=O)NS(=O)(=O)c4ccc(NCCCCCCCC(=O)NO)c([N+](=O)[O-])c4)c(Oc4cnc5[nH]ccc5c4)c3)CC2)=C(c2ccc(Cl)cc2)C1,6.6,0.0,1
CHEMBL4860,CC1(C)CCC(CN2CCN(c3ccc(C(=O)NS(=O)(=O)c4ccc(OC5CCOCC5)c([N+](=O)[O-])c4)c(Oc4cnc5[nH]ccc5c4)c3)CC2)=C(c2ccc(C(F)(F)F)cc2)C1,8.08,0.0,1
CHEMBL4860,CC1(C)CCC(CN2CCN(c3ccc(C(=O)NS(=O)(=O)c4ccc(OCC5CCCOC5)c([N+](=O)[O-])c4)c(Oc4cnc5[nH]ccc5c4)c3)CC2)=C(c2ccc(C(F)(F)F)cc2)C1,8.52,0.0,1
CHEMBL4860,CC1(C)CCC(CN2CCN(c3ccc(C(=O)NS(=O)(=O)c4ccc(OCC5CCOC5)c([N+](=O)[O-])c4)c(Oc4cnc5[nH]ccc5c4)c3)CC2)=C(c2ccc(C(F)(F)F)cc2)C1,8.36,0.0,1
CHEMBL4860,CC1(C)CCC(CN2CCN(c3ccc(C(=O)NS(=O)(=O)c4ccc(OCC5CCOCC5)c([N+](=O)[O-])c4)c(Oc4cnc5[nH]ccc5c4)c3)CC2)=C(c2ccc(C(F)(F)F)cc2)C1,9.0,0.0,1
CHEMBL4860,CC1(C)CCC(CN2CCN(c3ccc(C(=O)NS(=O)(=O)c4ccc(OCC5CCSCC5)c([N+](=O)[O-])c4)c(Oc4cnc5[nH]ccc5c4)c3)CC2)=C(c2ccc(C(F)(F)F)cc2)C1,8.78,0.0,1
CHEMBL4860,CC1(C)CCC(COC2CC3(C2)CN(c2ccc(C(=O)NS(=O)(=O)c4ccc(NCC5CCOCC5)c([N+](=O)[O-])c4)c(Oc4cnc5[nH]ccc5c4)c2)C3)=C(c2ccc(Cl)cc2)C1,7.08,0.0,1
CHEMBL4860,CC1(C)CCC(Cc2ccc(-c3ccc(C(=O)NS(=O)(=O)c4ccc(NCC5CCOCC5)c([N+](=O)[O-])c4)c(Oc4cnc5[nH]ccc5c4)c3)cc2)=C(c2ccc(Cl)cc2)C1,7.77,0.0,1
CHEMBL4860,CC1(C)CCC(c2ccc(Cl)cc2)=C(CN2CCN(c3ccc(C(=O)NS(=O)(=O)c4ccc(N5CC(F)(F)C5)c(S(=O)(=O)C(F)(F)F)c4)cc3)CC2)C1,7.33,0.0,1
CHEMBL4860,CC1(C)CCC(c2ccc(Cl)cc2)=C(CN2CCN(c3ccc(C(=O)NS(=O)(=O)c4ccc(NC5(CN6CC(F)(F)C6)CC5)c(S(=O)(=O)C(F)(F)F)c4)cc3)CC2)C1,7.46,0.0,1
CHEMBL4860,CC1(C)CCC(c2ccc(Cl)cc2)=C(CN2CCN(c3ccc(C(=O)NS(=O)(=O)c4ccc(NC5(CN6CCOCC6)CC5)c(S(=O)(=O)C(F)(F)F)c4)cc3)CC2)C1,7.39,0.0,1
CHEMBL4860,CC1(C)CCC(c2ccc(Cl)cc2)=C(CN2CCN(c3ccc(C(=O)NS(=O)(=O)c4ccc(NCC5(CN6CC(F)(F)C6)COC5)c(S(=O)(=O)C(F)(F)F)c4)cc3)CC2)C1,7.76,0.0,1
CHEMBL4860,CC1(C)CCC(c2ccc(Cl)cc2)=C(CN2CCN(c3ccc(C(=O)NS(=O)(=O)c4ccc(N[C@@H](CC5CC5)C(=O)N5CCOCC5)c(S(=O)(=O)C(F)(F)F)c4)cc3)CC2)C1,7.17,0.0,1
CHEMBL4860,CC1(C)CCC(c2ccc(Cl)cc2)=C(CN2CCN(c3ccc(C(=O)NS(=O)(=O)c4ccc(N[C@@H](CC5CC5)CN5CCOCC5)c(S(=O)(=O)C(F)(F)F)c4)cc3)CC2)C1,7.68,0.0,1
CHEMBL4860,CC1(C)CCC(c2ccc(Cl)cc2)=C(CN2CCN(c3ccc(C(=O)NS(=O)(=O)c4ccc(N[C@H](CCN5CCOCC5)CSc5ccccc5)c(S(=O)(=O)C(F)(F)F)c4)cc3)CC2)C1,7.99,0.0,1
CHEMBL4860,CC1(C)CCC(c2ccc(Cl)cc2)=C(CN2CCN(c3ccc(C(=O)NS(=O)(=O)c4ccc(OCC5(CN6CC(F)(F)C6)COC5)c(S(=O)(=O)C(F)(F)F)c4)cc3)CC2)C1,7.76,0.0,1
CHEMBL4860,CC1(C)CCC(c2ccc(Cl)cc2)=C(CN2CCN(c3ccc(C(=O)NS(=O)(=O)c4ccc(OCC5(CN6CCOCC6)COC5)c(S(=O)(=O)C(F)(F)F)c4)cc3)CC2)C1,7.84,0.0,1
CHEMBL4860,CC1(C)CCC(c2ccc(Cl)cc2)=C(CN2CCN(c3ccc(C(=O)NS(C)(=O)=O)cc3)CC2)C1,6.3,0.0,1
CHEMBL4860,CC1(C)CCC(c2ccc(Cl)cc2)=C(CN2CCN(c3ccc4c(NS(=O)(=O)c5ccc(N[C@H](CCN6CCOCC6)CSc6ccccc6)c(S(=O)(=O)C(F)(F)F)c5)ncnc4c3)CC2)C1,7.08,0.0,1
CHEMBL4860,CC1(C)CCC(c2ccc(Cl)cc2)=C(CN2CCN(c3ccc4c(NS(=O)(=O)c5ccc(N[C@H](CCN6CCOCC6)CSc6ccccc6)c([N+](=O)[O-])c5)ncnc4c3)CC2)C1,7.68,0.0,1
CHEMBL4860,CC1(C)CCC(c2ccc(Cl)cc2)=C(CN2CCc3cc(C(=O)NS(=O)(=O)c4ccc(N[C@H](CCN5CCOCC5)CSc5ccccc5)c(S(=O)(=O)C(F)(F)F)c4)ccc3C2)C1,7.9,0.0,1
CHEMBL4860,CC1(C)CCC(c2ccc(Cl)cc2)=C(CN2CCc3ccc(C(=O)NS(=O)(=O)c4ccc(N[C@H](CCN5CCOCC5)CSc5ccccc5)c(S(=O)(=O)C(F)(F)F)c4)cc3CC2)C1,6.71,0.0,1
CHEMBL4860,CC1(C)CCC(c2ccc(Cl)cc2)=C(CN2CCc3nc(C(=O)NS(=O)(=O)c4ccc(N[C@H](CCN5CCOCC5)CSc5ccccc5)c(S(=O)(=O)C(F)(F)F)c4)sc3C2)C1,7.42,0.0,1
CHEMBL4860,CC1(C)CCC(c2ccc(Cl)cc2)=C(CN2CCc3sc(C(=O)NS(=O)(=O)c4ccc(N[C@H](CCN5CCOCC5)CSc5ccccc5)c(S(=O)(=O)C(F)(F)F)c4)cc3C2)C1,7.24,0.0,1
CHEMBL4860,CC1(C)CCC(c2ccc(Cl)cc2)=C(CNC2(Cn3cnc4cc(C(=O)NS(=O)(=O)c5ccc(N[C@H](CCN6CCOCC6)CSc6ccccc6)c(S(=O)(=O)C(F)(F)F)c5)ccc43)CC2)C1,6.97,0.0,1
CHEMBL4860,CC1(C)CCN(C2CC3(CCN(c4ccc(C(=O)NS(=O)(=O)c5ccc(NCC6CCOCC6)c([N+](=O)[O-])c5)c(Oc5cnc6[nH]ccc6c5)c4)CC3)C2)C1c1ccccc1C1CC1,8.77,0.0,1
CHEMBL4860,CC1(C)CCN(C2CC=C(c3ccc(C(=O)NS(=O)(=O)c4ccc(NCC5CCOCC5)c([N+](=O)[O-])c4)c(Oc4cnc5[nH]ccc5c4)c3)CC2)C1c1ccccc1C1CC1,7.47,0.0,1
CHEMBL4860,CC1(C)CCN(c2ccc(-c3ccc(C(=O)NS(=O)(=O)c4ccc(NCC5CCOCC5)c([N+](=O)[O-])c4)c(Oc4cnc5[nH]ccc5c4)c3)cc2)C1c1ccccc1C1CC1,7.64,0.0,1
CHEMBL4860,CC1(C)Oc2cccc(C3CCCN3C3CC=C(c4ccc(C(=O)NS(=O)(=O)c5ccc(NCC6CCOCC6)c([N+](=O)[O-])c5)c(Oc5cnc6[nH]ccc6c5)c4)CC3)c2O1,7.29,0.0,1
CHEMBL4860,CC1(O)CCC(CNc2ccc(S(=O)(=O)NC(=O)c3ccc(C4=CCC(N5CCCC5c5ccccc5C5CC5)CC4)cc3Oc3cnc4[nH]ccc4c3)cc2[N+](=O)[O-])CC1,8.17,0.0,1
CHEMBL4860,CC1(O)CCC(CNc2ccc(S(=O)(=O)NC(=O)c3ccc(C4=CCC(N5CCC[C@H]5c5ccccc5C5CC5)CC4)cc3Oc3cnc4[nH]ccc4c3)cc2[N+](=O)[O-])CC1,8.57,0.1212435565298212,3
CHEMBL4860,CC1(O)CCC(COc2ccc(S(=O)(=O)NC(=O)c3ccc(C4=CCC(N5CCC[C@@H]5c5ccccc5C5CC5)CC4)cc3Oc3cnc4[nH]ccc4c3)cc2[N+](=O)[O-])CC1,8.26,0.0,1
CHEMBL4860,CC1(O)CCC(COc2ccc(S(=O)(=O)NC(=O)c3ccc(C4=CCC(N5CCC[C@H]5c5ccccc5C5CC5)CC4)cc3Oc3cnc4[nH]ccc4c3)cc2[N+](=O)[O-])CC1,8.225,0.3210918871600463,4
CHEMBL4860,CC1(O)CCC(F)(CNc2ccc(S(=O)(=O)NC(=O)c3ccc(-c4ccc(N5CCC[C@@H]5c5ccccc5C5CC5)cc4)cc3Oc3cnc4[nH]ccc4c3)cc2[N+](=O)[O-])CC1,8.55,0.0,1
CHEMBL4860,CC1(O)CCC(F)(CNc2ccc(S(=O)(=O)NC(=O)c3ccc(-c4ccc(N5CCC[C@H]5c5ccccc5C5CC5)cc4)cc3Oc3cnc4[nH]ccc4c3)cc2[N+](=O)[O-])CC1,8.48,0.0,1
CHEMBL4860,CC1(c2ccccc2)CCCN1c1ccc(-c2ccc(C(=O)NS(=O)(=O)c3ccc(NCC4CCOCC4)c([N+](=O)[O-])c3)c(Oc3cnc4[nH]ccc4c3)c2)cc1,7.916666666666667,0.6092892033618631,3
CHEMBL4860,CC1=C(C(=O)N(c2ccccc2)c2ccc(O)cc2)CC(c2cc(Cl)ccc2C(=O)N2Cc3ccccc3C[C@H]2COCCN2CCOCC2)N1C,8.18,0.0,1
CHEMBL4860,CC1=C(C2=C(C)C(=O)c3c(cc(O)c(O)c3C(=O)Cc3ccccc3)C2=O)C(=O)c2cc(O)c(O)c(C(=O)Cc3ccccc3)c2C1=O,6.66,0.0,1
CHEMBL4860,CC1=C(C2=C(C)C(=O)c3c(cc(O)c(O)c3C(=O)NCC(C)c3ccccc3)C2=O)C(=O)c2cc(O)c(O)c(C(=O)NCC(C)c3ccccc3)c2C1=O,6.64,0.0,1
CHEMBL4860,CC1=C(C2=C(C)C(=O)c3c(cc(O)c(O)c3C(C)C)C2=O)C(=O)c2cc(O)c(O)c(C(C)C)c2C1=O,6.43,0.0,1
CHEMBL4860,CC1=C(C2=C(C)C(=O)c3c(cc(O)c(O)c3CC(C)C)C2=O)C(=O)c2cc(O)c(O)c(CC(C)C)c2C1=O,6.6,0.0,1
CHEMBL4860,CC1=C(C2=C(C)C(=O)c3c(cc(O)c(O)c3CC3CCCC3)C2=O)C(=O)c2cc(O)c(O)c(CC3CCCC3)c2C1=O,5.64,0.0,1
CHEMBL4860,CC1=C(C2=C(C)C(=O)c3c(cc(O)c(O)c3CCC3CCCCC3)C2=O)C(=O)c2cc(O)c(O)c(CCC3CCCCC3)c2C1=O,5.17,0.0,1
CHEMBL4860,CC1=C(C2=C(C)C(=O)c3c(cc(O)c(O)c3CCCc3ccccc3)C2=O)C(=O)c2cc(O)c(O)c(CCCc3ccccc3)c2C1=O,5.66,0.0,1
CHEMBL4860,CC1=C(C2=C(C)C(=O)c3c(cc(O)c(O)c3CCc3ccc(C)cc3)C2=O)C(=O)c2cc(O)c(O)c(CCc3ccc(C)cc3)c2C1=O,5.51,0.0,1
CHEMBL4860,CC1=C(C2=C(C)C(=O)c3c(cc(O)c(O)c3CCc3ccccc3)C2=O)C(=O)c2cc(O)c(O)c(CCc3ccccc3)c2C1=O,5.59,0.0,1
CHEMBL4860,CC1=C(C2=C(C)C(=O)c3c(cc(O)c(O)c3Cc3ccc(Cl)cc3)C2=O)C(=O)c2cc(O)c(O)c(Cc3ccc(Cl)cc3)c2C1=O,6.47,0.0,1
CHEMBL4860,CC1=C(C2=C(C)C(=O)c3c(cc(O)c(O)c3Cc3ccccc3)C2=O)C(=O)c2cc(O)c(O)c(Cc3ccccc3)c2C1=O,6.646666666666666,0.8152504727587303,3
CHEMBL4860,CC1=CCC(CNc2ccc(S(=O)(=O)NC(=O)c3ccc(-c4ccc(N5CCC[C@@H]5c5ccccc5C5CC5)cc4)cc3Oc3cnc4[nH]ccc4c3)cc2[N+](=O)[O-])CC1,7.64,0.0,1
CHEMBL4860,CC1=CC[C@@H](CNc2ccc(S(=O)(=O)NC(=O)c3ccc(N4CCC5(CC4)CC(N4CCC[C@H]4c4ccccc4C(C)C)C5)cc3Oc3cnc4[nH]ccc4c3)cc2[N+](=O)[O-])CC1,9.24,0.0,1
CHEMBL4860,CC1CC(CNc2ccc(S(=O)(=O)NC(=O)c3ccc(N4CCC5(CC4)CC(N4CCC[C@H]4c4ccccc4C4CC4)C5)cc3Oc3cnc4[nH]ccc4c3)cc2[N+](=O)[O-])CC(C)O1,10.6,0.0,1
CHEMBL4860,CC1CC(c2ccccc2C2CC2)N(C2CC3(CCN(c4ccc(C(=O)NS(=O)(=O)c5ccc(NCC6CCOCC6)c([N+](=O)[O-])c5)c(Oc5cnc6[nH]ccc6c5)c4)CC3)C2)C1,9.68,0.0,1
CHEMBL4860,CC1CCN(C2CC=C(c3ccc(C(=O)NS(=O)(=O)c4ccc(NCC5CCOCC5)c([N+](=O)[O-])c4)c(Oc4cnc5[nH]ccc5c4)c3)CC2)C1c1ccccc1C1CC1,7.85,0.0,1
CHEMBL4860,CC1CCN(c2ccc(-c3ccc(C(=O)NS(=O)(=O)c4ccc(NCC5CCOCC5)c([N+](=O)[O-])c4)c(Oc4cnc5[nH]ccc5c4)c3)cc2)C1c1ccccc1C1CC1,8.28,0.0,1
CHEMBL4860,CCC(=O)N1CCc2cc(-c3cc(C(=O)N(C)c4ccc(O)cc4)c4n3CCCC4)c(C(=O)N3Cc4ccccc4C[C@H]3C)cc2C1,8.31,0.0,1
CHEMBL4860,CCC(=O)N1Cc2cc(C(=O)N3Cc4ccccc4C[C@H]3CN3CCOCC3)c(-c3cc(C(=O)N(C)c4ccc(O)cc4)c4n3CCCC4)cc2C1,7.66,0.0,1
CHEMBL4860,CCC(C(=O)N1CCc2cc(-c3cc(C(=O)N(C)c4ccc(O)cc4)c4n3CCCC4)c(C(=O)N3Cc4ccccc4C[C@H]3C)cc2C1)c1ccccc1,7.85,0.0,1
CHEMBL4860,CCC(C)(C)c1ccc(Sc2ccc3c4c(cccc24)C2=NC(=O)C(C#N)=C23)cc1,6.47,0.0,1
CHEMBL4860,CCC1(O)CCC(CNc2ccc(S(=O)(=O)NC(=O)c3ccc(C4=CCC(N5CCC[C@@H]5c5ccccc5C5CC5)CC4)cc3Oc3cnc4[nH]ccc4c3)cc2[N+](=O)[O-])CC1,8.43,0.0,1
CHEMBL4860,CCC1(O)CCC(CNc2ccc(S(=O)(=O)NC(=O)c3ccc(C4=CCC(N5CCC[C@H]5c5ccccc5C5CC5)CC4)cc3Oc3cnc4[nH]ccc4c3)cc2[N+](=O)[O-])CC1,8.09,0.0,1
CHEMBL4860,CCC1(c2ccccc2)CCCN1c1ccc(-c2ccc(C(=O)NS(=O)(=O)c3ccc(NCC4CCOCC4)c([N+](=O)[O-])c3)c(Oc3cnc4[nH]ccc4c3)c2)cc1,7.44,0.0,1
CHEMBL4860,CCC1CCCCC1C1CCCN1c1ccc(-c2ccc(C(=O)NS(=O)(=O)c3ccc(NCC4CCOCC4)c([N+](=O)[O-])c3)c(Oc3cnc4[nH]ccc4c3)c2)cc1,6.73,0.0,1
CHEMBL4860,CCC1COc2cc(-n3cc(C(=O)N(c4ccccc4)c4ccc(O)cc4)c4ccccc43)c(C(=O)N3Cc4ccccc4C[C@H]3CN3CCN(C)CC3)cc2O1,7.76,0.0,1
CHEMBL4860,CCCCC1C2CCCC2CN1C1CC=C(c2ccc(C(=O)NS(=O)(=O)c3ccc(NCC4CCOCC4)c([N+](=O)[O-])c3)c(Oc3cnc4[nH]ccc4c3)c2)CC1,7.72,0.0,1
CHEMBL4860,CCCCCCNC1=C2C(=NC1=O)c1cccc3c(N4CCSCC4)ccc2c13,7.02,0.0,1
CHEMBL4860,CCCCCCNC1=C2C(=NC1=O)c1cccc3c(Oc4ccc(C(C)C)cc4)ccc2c13,6.74,0.0,1
CHEMBL4860,CCCCCCNC1=C2C(=NC1=O)c1cccc3c(Sc4ccc(N)cc4)ccc2c13,7.1,0.0,1
CHEMBL4860,CCCCCCNC1=C2C(=NC1=O)c1cccc3c(Sc4ccc(OC)cc4)ccc2c13,6.69,0.0,1
CHEMBL4860,CCCCCS(=O)(=O)NC(=O)c1ccc(-c2c(CO)nn(-c3ccc(Oc4cccc(Cl)c4)cc3)c2CCCC)c(C(=O)N2CCc3ccccc3C2)c1,7.19,0.0,1
CHEMBL4860,CCCCN(C(=O)c1cc(-c2cc3c(cc2C(=O)N2Cc4ccccc4C[C@H]2CN2CCOCC2)CN(C(=O)Cc2ccccc2)CC3)n(C)c1C)c1ccc(O)cc1,8.54,0.0,1
CHEMBL4860,CCCCN(C(=O)c1cc(-c2cc3c(cc2C(=O)N2Cc4ccccc4C[C@H]2CN2CCOCC2)CN(C(=O)Oc2ccccc2)CC3)n(C)c1C)c1ccc(O)cc1,8.52,0.0,1
CHEMBL4860,CCCCN(C(=O)c1cc(-c2cc3c(cc2C(=O)N2Cc4ccccc4C[C@H]2CN2CCOCC2)OCO3)n2c1CCCC2)c1ccc(O)cc1,7.57,0.0,1
CHEMBL4860,CCCCN(C(=O)c1cn(-c2cc(OC)c(O)cc2C(=O)N2Cc3ccccc3C[C@H]2CN2CCN(C)CC2)c2ccccc12)c1ccc(O)cc1,8.0,0.0,1
CHEMBL4860,CCCCN(C(=O)c1cn(-c2cc(OC)c(O)cc2C(=O)N2Cc3ccccc3C[C@H]2CN2CCN(C)CC2)c2ccccc12)c1ccccc1,8.17,0.0,1
CHEMBL4860,CCCCN(C(=O)c1cn(-c2cc3c(cc2C(=O)N2Cc4ccccc4C[C@H]2CN2CCN(C)CC2)OCO3)c2ccccc12)c1ccc(O)cc1,8.36,0.0,1
CHEMBL4860,CCCCN(C(=O)c1nn(-c2ccc(C(=O)NS(=O)(=O)c3ccc4c(Cl)ccc(Br)c4c3)cc2C(=O)N2CCc3ccccc3C2)c(C)c1Cl)c1cccc(-c2ccc(Cl)cc2)c1,8.0,0.0,1
CHEMBL4860,CCCCN(C(=O)c1nn(-c2ccc(C(=O)NS(=O)(=O)c3ccc4c(Cl)ccc(Cl)c4c3)cc2C(=O)N2CCc3ccccc3C2)c(C)c1Cl)c1cccc(-c2ccc(Cl)cc2)c1,7.4,0.0,1
CHEMBL4860,CCCCN(C(=O)c1nn(-c2ccc(C(=O)NS(=O)(=O)c3ccc4c(Cl)ccc(Cl)c4c3)cc2C(=O)N2CCc3ccccc3C2)c(C)c1Cl)c1cccc(-c2cccc(Cl)c2)c1,7.16,0.0,1
CHEMBL4860,CCCCN(C(=O)c1nn(-c2ccc(C(=O)NS(=O)(=O)c3ccc4ccccc4c3)cc2C(=O)N2CCc3ccccc3C2)c(C)c1Cl)c1ccc(C(=O)OC)cc1,7.05,0.0,1
CHEMBL4860,CCCCN(C(=O)c1nn(-c2ccc(C(=O)NS(=O)(=O)c3ccc4ccccc4c3)cc2C(=O)N2CCc3ccccc3C2)c(C)c1Cl)c1ccc2c(c1)OCCO2,7.16,0.0,1
CHEMBL4860,CCCCN(C(=O)c1nn(-c2ccc(C(=O)NS(=O)(=O)c3ccc4ccccc4c3)cc2C(=O)N2CCc3ccccc3C2)c(C)c1Cl)c1cccc(-c2cccc(Cl)c2)c1,7.3,0.0,1
CHEMBL4860,CCCCN(CCC(=O)NCCN1CCN(C)CC1)C(=O)c1nn(-c2ccc(C(=O)NS(=O)(=O)c3ccc4c(c3)CCN4Cc3ccc(Cl)c(Cl)c3)cc2C(=O)N2CCc3ccccc3C2)c(C)c1Cl,6.0,0.0,1
CHEMBL4860,CCCCN(CCC(=O)NCCN1CCN(C)CC1)C(=O)c1nn(-c2ccc(C(=O)NS(=O)(=O)c3ccc4ccccc4c3)cc2C(=O)N2CCc3ccccc3C2)c(C)c1Cl,7.16,0.0,1
CHEMBL4860,CCCCN(CCCC(F)(F)F)C(=O)c1nn(-c2ccc(C(=O)NS(=O)(=O)c3ccc4ccccc4c3)cc2C(=O)N2CCc3ccccc3C2)c(C)c1Cl,6.96,0.0,1
CHEMBL4860,CCCCN(CCCC)C(=O)c1cc(-c2cc3c(cc2C(=O)N2CCc4ccccc4C2)CN(C(=O)Cc2ccccc2)CC3)n(C)c1C,7.48,0.0,1
CHEMBL4860,CCCCN(CCCC)C(=O)c1cc(-c2cc3c(cc2C(=O)N2CCc4ccccc4C2)CN(C(=O)Oc2ccccc2)CC3)n(C)c1C,7.17,0.0,1
CHEMBL4860,CCCCN(CCCC)C(=O)c1cc(-c2cc3c(cc2C(=O)N2Cc4ccccc4C[C@H]2C)CN(C(=O)Cc2ccccc2)CC3)n(C)c1C,7.85,0.0,1
CHEMBL4860,CCCCN(CCCC)C(=O)c1cc(-c2cc3c(cc2C(=O)N2Cc4ccccc4C[C@H]2C)CN(C(=O)Oc2ccccc2)CC3)n(C)c1C,7.57,0.0,1
CHEMBL4860,CCCCN(CCCC)C(=O)c1cc(-c2cc3c(cc2C(=O)N2Cc4ccccc4C[C@H]2CN2CCOCC2)CN(C(=O)Cc2ccccc2)CC3)n(C)c1C,7.75,0.0,1
CHEMBL4860,CCCCN(CCCC)C(=O)c1cc(-c2cc3c(cc2C(=O)N2Cc4ccccc4C[C@H]2CN2CCOCC2)CN(C(=O)Oc2ccccc2)CC3)n(C)c1C,7.58,0.0,1
CHEMBL4860,CCCCN(CCCC)C(=O)c1cc(C)n(-c2cc(O)ccc2C(=O)N2Cc3ccccc3C[C@H]2CO)n1,6.58,0.0424264068711932,2
CHEMBL4860,CCCCN(CCCC)C(=O)c1cc(C)n(-c2cc(OC)ccc2C(=O)N2Cc3ccccc3C[C@H]2CO)n1,6.4399999999999995,0.1555634918610406,2
CHEMBL4860,CCCCN(CCCC)C(=O)c1cc(C)n(-c2cc(OCC(=O)Nc3ccccc3)ccc2C(=O)N2Cc3ccccc3C[C@H]2CO)n1,5.785,0.14849242404917465,2
CHEMBL4860,CCCCN(CCCC)C(=O)c1cc(C)n(-c2cc(OCC(=O)Nc3ccccc3F)ccc2C(=O)N2Cc3ccccc3C[C@H]2CO)n1,5.645,0.1626345596729059,2
CHEMBL4860,CCCCN(CCCC)C(=O)c1cc(C)n(-c2cc(OCC(=O)O)ccc2C(=O)N2Cc3ccccc3C[C@H]2CO)n1,7.03,0.05656854249492385,2
CHEMBL4860,CCCCN(CCCC)C(=O)c1cc(C)n(-c2cc(OCC(=O)OCC)ccc2C(=O)N2Cc3ccccc3C[C@H]2CO)n1,6.005000000000001,0.14849242404917465,2
CHEMBL4860,CCCCN(CCCC)C(=O)c1cc(C)n(-c2cc(OCC(=O)OCc3ccccc3)ccc2C(=O)N2Cc3ccccc3C[C@H]2CO)n1,5.85,0.05656854249492385,2
CHEMBL4860,CCCCN(CCCC)C(=O)c1cc(C)n(-c2ccc(NC(=O)COc3ccccc3)cc2C(=O)N2CCc3ccccc3C2)n1,6.29,0.0,1
CHEMBL4860,CCCCN(CCCC)C(=O)c1cc(C)n(-c2ccc(NC(=O)CSc3ccccc3)cc2C(=O)N2CCc3ccccc3C2)n1,6.22,0.0,1
CHEMBL4860,CCCCN(CCCC)C(=O)c1cc(C)n(-c2ccc(NS(=O)(=O)C(C)C)cc2C(=O)N2Cc3ccccc3C[C@H]2CO)n1,6.970000000000001,0.09899494936611612,2
CHEMBL4860,CCCCN(CCCC)C(=O)c1cc(C)n(-c2ccc(NS(=O)(=O)c3ccccc3)cc2C(=O)N2Cc3ccccc3C[C@H]2CO)n1,6.225,0.09192388155425142,2
CHEMBL4860,CCCCN(CCCC)C(=O)c1cc(C)n(-c2ccc(NS(C)(=O)=O)cc2C(=O)N2Cc3ccccc3C[C@H]2CO)n1,6.475,0.07778174593052077,2
CHEMBL4860,CCCCN(CCCC)C(=O)c1cc(C)n(-c2ccc(N[S+]([O-])CCN3C(=O)c4ccccc4C3=O)cc2C(=O)N2Cc3ccccc3C[C@H]2CO)n1,6.5649999999999995,0.049497474683058214,2
CHEMBL4860,CCCCN(CCCC)C(=O)c1cc(C)n(-c2ccc(N[S+]([O-])CCc3cccc4ccccc34)cc2C(=O)N2Cc3ccccc3C[C@H]2CO)n1,6.215,0.09192388155425142,2
CHEMBL4860,CCCCN(CCCC)C(=O)c1cc(C)n(-c2ccc(N[S+]([O-])C[C@]34CC[C@H](CC3=O)C4(C)C)cc2C(=O)N2Cc3ccccc3C[C@H]2CO)n1,6.115,0.03535533905932694,2
CHEMBL4860,CCCCN(CCCC)C(=O)c1cc(C)n(-c2ccc(N[S+]([O-])Cc3ccc(Cl)c(Cl)c3)cc2C(=O)N2Cc3ccccc3C[C@H]2CO)n1,5.74,0.05656854249492385,2
CHEMBL4860,CCCCN(CCCC)C(=O)c1cc(C)n(-c2ccc(N[S+]([O-])Cc3ccccc3)cc2C(=O)N2Cc3ccccc3C[C@H]2CO)n1,6.25,0.09899494936611705,2
CHEMBL4860,CCCCN(CCCC)C(=O)c1cc(C)n(-c2ccc(N[S+]([O-])N(C)C)cc2C(=O)N2Cc3ccccc3C[C@H]2CO)n1,5.6899999999999995,0.09899494936611673,2
CHEMBL4860,CCCCN(CCCC)C(=O)c1cc(C)n(-c2ccc(N[S+]([O-])c3c(-c4ccccc4)noc3C)cc2C(=O)N2Cc3ccccc3C[C@H]2CO)n1,6.13,0.0707106781186545,2
CHEMBL4860,CCCCN(CCCC)C(=O)c1cc(C)n(-c2ccc(N[S+]([O-])c3c(C)nn(C)c3C)cc2C(=O)N2Cc3ccccc3C[C@H]2CO)n1,6.26,0.09899494936611673,2
CHEMBL4860,CCCCN(CCCC)C(=O)c1cc(C)n(-c2ccc(N[S+]([O-])c3cc(Cl)ccc3F)cc2C(=O)N2Cc3ccccc3C[C@H]2CO)n1,6.045,0.03535533905932788,2
CHEMBL4860,CCCCN(CCCC)C(=O)c1cc(C)n(-c2ccc(N[S+]([O-])c3cc(F)c(Br)cc3F)cc2C(=O)N2Cc3ccccc3C[C@H]2CO)n1,6.525,0.06363961030678918,2
CHEMBL4860,CCCCN(CCCC)C(=O)c1cc(C)n(-c2ccc(N[S+]([O-])c3cc(N)ccc3C)cc2C(=O)N2Cc3ccccc3C[C@H]2CO)n1,6.23,0.07071067811865482,2
CHEMBL4860,CCCCN(CCCC)C(=O)c1cc(C)n(-c2ccc(N[S+]([O-])c3cc([S+]([O-])c4ccccc4)cs3)cc2C(=O)N2Cc3ccccc3C[C@H]2CO)n1,6.135,0.049497474683058526,2
CHEMBL4860,CCCCN(CCCC)C(=O)c1cc(C)n(-c2ccc(N[S+]([O-])c3ccc(-c4cc(Cl)cc(Cl)c4)cc3)cc2C(=O)N2Cc3ccccc3C[C@H]2CO)n1,5.26,0.16970562748477155,2
CHEMBL4860,CCCCN(CCCC)C(=O)c1cc(C)n(-c2ccc(N[S+]([O-])c3ccc(-c4ccc(Cl)cc4)cc3)cc2C(=O)N2Cc3ccccc3C[C@H]2CO)n1,5.1,0.0,1
CHEMBL4860,CCCCN(CCCC)C(=O)c1cc(C)n(-c2ccc(N[S+]([O-])c3ccc(-c4ccn(C)n4)cc3)cc2C(=O)N2Cc3ccccc3C[C@H]2CO)n1,6.095000000000001,0.03535533905932694,2
CHEMBL4860,CCCCN(CCCC)C(=O)c1cc(C)n(-c2ccc(N[S+]([O-])c3ccc(-c4cnco4)cc3)cc2C(=O)N2Cc3ccccc3C[C@H]2CO)n1,6.165,0.16263455967290624,2
CHEMBL4860,CCCCN(CCCC)C(=O)c1cc(C)n(-c2ccc(N[S+]([O-])c3ccc(-c4noc(C)n4)cc3)cc2C(=O)N2Cc3ccccc3C[C@H]2CO)n1,6.130000000000001,0.08485281374238547,2
CHEMBL4860,CCCCN(CCCC)C(=O)c1cc(C)n(-c2ccc(N[S+]([O-])c3ccc(Br)c(Br)c3)cc2C(=O)N2Cc3ccccc3C[C@H]2CO)n1,6.265000000000001,0.09192388155425078,2
CHEMBL4860,CCCCN(CCCC)C(=O)c1cc(C)n(-c2ccc(N[S+]([O-])c3ccc(Br)cc3CC)cc2C(=O)N2Cc3ccccc3C[C@H]2CO)n1,5.7,0.05656854249492385,2
CHEMBL4860,CCCCN(CCCC)C(=O)c1cc(C)n(-c2ccc(N[S+]([O-])c3ccc(C(=O)OC)o3)cc2C(=O)N2Cc3ccccc3C[C@H]2CO)n1,6.285,0.07778174593051983,2
CHEMBL4860,CCCCN(CCCC)C(=O)c1cc(C)n(-c2ccc(N[S+]([O-])c3ccc(C(C)=O)cc3)cc2C(=O)N2Cc3ccccc3C[C@H]2CO)n1,6.295,0.12020815280171303,2
CHEMBL4860,CCCCN(CCCC)C(=O)c1cc(C)n(-c2ccc(N[S+]([O-])c3ccc(CNC(=O)c4ccc(Cl)cc4)s3)cc2C(=O)N2Cc3ccccc3C[C@H]2CO)n1,5.6,0.02828427124746224,2
CHEMBL4860,CCCCN(CCCC)C(=O)c1cc(C)n(-c2ccc(N[S+]([O-])c3ccc(NC(C)=O)c(Cl)c3)cc2C(=O)N2Cc3ccccc3C[C@H]2CO)n1,6.48,0.15556349186103996,2
CHEMBL4860,CCCCN(CCCC)C(=O)c1cc(C)n(-c2ccc(N[S+]([O-])c3ccc(Oc4ccc(F)cc4)cc3)cc2C(=O)N2Cc3ccccc3C[C@H]2CO)n1,5.359999999999999,0.1272792206135793,2
CHEMBL4860,CCCCN(CCCC)C(=O)c1cc(C)n(-c2ccc(N[S+]([O-])c3ccc(Oc4ccccc4C)cc3)cc2C(=O)N2Cc3ccccc3C[C@H]2CO)n1,5.47,0.0,1
CHEMBL4860,CCCCN(CCCC)C(=O)c1cc(C)n(-c2ccc(N[S+]([O-])c3ccc4c(c3)OCCO4)cc2C(=O)N2Cc3ccccc3C[C@H]2CO)n1,6.245,0.06363961030678918,2
CHEMBL4860,CCCCN(CCCC)C(=O)c1cc(C)n(-c2ccc(N[S+]([O-])c3cccc(-c4ccn(C)n4)c3)cc2C(=O)N2Cc3ccccc3C[C@H]2CO)n1,5.365,0.12020815280171303,2
CHEMBL4860,CCCCN(CCCC)C(=O)c1cc(C)n(-c2ccc(N[S+]([O-])c3cccc(C#N)c3)cc2C(=O)N2Cc3ccccc3C[C@H]2CO)n1,6.21,0.05656854249492385,2
CHEMBL4860,CCCCN(CCCC)C(=O)c1cc(C)n(-c2ccc(N[S+]([O-])c3cccc(Cl)c3Cl)cc2C(=O)N2Cc3ccccc3C[C@H]2CO)n1,6.369999999999999,0.0848528137423861,2
CHEMBL4860,CCCCN(CCCC)C(=O)c1cc(C)n(-c2ccc(N[S+]([O-])c3cccc(Oc4ccc(C)cc4)c3)cc2C(=O)N2Cc3ccccc3C[C@H]2CO)n1,5.244999999999999,0.09192388155425142,2
CHEMBL4860,CCCCN(CCCC)C(=O)c1cc(C)n(-c2ccc(N[S+]([O-])c3cccc4ccn(C)c34)cc2C(=O)N2Cc3ccccc3C[C@H]2CO)n1,5.925000000000001,0.07778174593052013,2
CHEMBL4860,CCCCN(CCCC)C(=O)c1cc(C)n(-c2ccc(N[S+]([O-])c3cccc4nonc34)cc2C(=O)N2Cc3ccccc3C[C@H]2CO)n1,6.58,0.014142135623730649,2
CHEMBL4860,CCCCN(CCCC)C(=O)c1cc(C)n(-c2ccc(N[S+]([O-])c3ccccc3C(=O)OC)cc2C(=O)N2Cc3ccccc3C[C@H]2CO)n1,6.43,0.1131370849898477,2
CHEMBL4860,CCCCN(CCCC)C(=O)c1cc(C)n(-c2ccc(N[S+]([O-])c3ccccc3Cl)cc2C(=O)N2Cc3ccccc3C[C@H]2CO)n1,6.2,0.0707106781186545,2
CHEMBL4860,CCCCN(CCCC)C(=O)c1cc(C)n(-c2ccc(N[S+]([O-])c3ccccc3F)cc2C(=O)N2Cc3ccccc3C[C@H]2CO)n1,6.42,0.1131370849898477,2
CHEMBL4860,CCCCN(CCCC)C(=O)c1cc(C)n(-c2ccc(N[S+]([O-])c3ccccc3N)cc2C(=O)N2Cc3ccccc3C[C@H]2CO)n1,6.58,0.014142135623730649,2
CHEMBL4860,CCCCN(CCCC)C(=O)c1cc(C)n(-c2ccc(N[S+]([O-])c3ccsc3C(=O)OC)cc2C(=O)N2Cc3ccccc3C[C@H]2CO)n1,6.425000000000001,0.14849242404917465,2
CHEMBL4860,CCCCN(CCCC)C(=O)c1cc(C)n(-c2ccc(N[S+]([O-])c3cn(C)cn3)cc2C(=O)N2Cc3ccccc3C[C@H]2CO)n1,6.255000000000001,0.09192388155425078,2
CHEMBL4860,CCCCN(CCCC)C(=O)c1cc(C)n(-c2ccc(N[S+]([O-])c3sc(Cl)cc3Br)cc2C(=O)N2Cc3ccccc3C[C@H]2CO)n1,6.29,0.05656854249492385,2
CHEMBL4860,CCCCN(CCCC)C(=O)c1cc(C)n(-c2ccc(N[S+]([O-])c3sc4ccc(F)cc4c3C)cc2C(=O)N2Cc3ccccc3C[C@H]2CO)n1,6.025,0.07778174593052013,2
CHEMBL4860,CCCCN(CCCC)C(=O)c1cc(C)n(-c2ccc(N[S+]([O-])c3scc(C(=O)OC)c3OC)cc2C(=O)N2Cc3ccccc3C[C@H]2CO)n1,6.225,0.03535533905932756,2
CHEMBL4860,CCCCN(CCCC)C(=O)c1cc(C)n(-c2ccc(OCC(=O)O)cc2C(=O)N2CCc3ccccc3C2)n1,7.445,0.7848885271170684,2
CHEMBL4860,CCCCN(CCCC)C(=O)c1cc(C)n(-c2ccc(OCC(=O)c3ccccc3)cc2C(=O)N2CCc3ccccc3C2)n1,7.09,0.8626702730475875,2
CHEMBL4860,CCCCN(CCCC)C(=O)c1cc(C)n(-c2cccc(C)c2C(=O)N2Cc3ccccc3C[C@H]2CN)n1,6.76,0.0,1
CHEMBL4860,CCCCN(CCCC)C(=O)c1cc(C)n(-c2cccc(Cl)c2C(=O)N2Cc3ccccc3C[C@H]2CN)n1,5.97,0.0,1
CHEMBL4860,CCCCN(CCCC)C(=O)c1cc(C)n(-c2ccccc2C(=O)N2CCc3ccccc3C2)n1,6.17,0.6646803743153543,2
CHEMBL4860,CCCCN(CCCC)C(=O)c1cccc(-c2ccc(C(=O)NS(=O)(=O)c3ccc4ccccc4c3)cc2C(=O)N2CCc3ccccc3C2)n1,6.22,0.0,1
CHEMBL4860,CCCCN(CCCC)C(=O)c1cn(-c2ccc(NC(=O)COc3ccccc3)cc2C(=O)N2Cc3ccccc3C[C@H]2CN2CCN(C)CC2)c2ccccc12,6.81,0.0,1
CHEMBL4860,CCCCN(CCCC)C(=O)c1cn(-c2ccc(NC(=O)CSc3ccccc3)cc2C(=O)N2Cc3ccccc3C[C@H]2CN2CCN(C)CC2)c2ccccc12,7.24,0.0,1
CHEMBL4860,CCCCN(CCCC)C(=O)c1cn(C)c(-c2ccc(C(=O)NS(=O)(=O)c3ccc4cccc(I)c4c3)cc2C(=O)N2Cc3ccccc3C[C@H]2CN)n1,8.16,0.0,1
CHEMBL4860,CCCCN(CCCC)C(=O)c1cn(C)c(-c2ccc(C(=O)NS(=O)(=O)c3ccc4ccccc4c3)cc2C(=O)N2CCc3ccccc3C2)n1,6.96,0.0,1
CHEMBL4860,CCCCN(CCCC)C(=O)c1cn(CC(=O)NC)c(-c2ccc(C(=O)NS(=O)(=O)c3ccc4ccccc4c3)cc2C(=O)N2CCc3ccccc3C2)n1,6.37,0.0,1
CHEMBL4860,CCCCN(CCCC)C(=O)c1cn(CC(=O)O)c(-c2ccc(C(=O)NS(=O)(=O)c3cccc4ccccc34)cc2C(=O)N2CCc3ccccc3C2)n1,6.85,0.0,1
CHEMBL4860,CCCCN(CCCC)C(=O)c1cn(CCCN(C)C)c(-c2ccc(C(=O)NS(=O)(=O)c3ccc4ccccc4c3)cc2C(=O)N2CCc3ccccc3C2)n1,6.7,0.0,1
CHEMBL4860,CCCCN(CCCC)C(=O)c1cn(CCN2CCOCC2)c(-c2ccc(C(=O)NS(=O)(=O)c3ccc4ccccc4c3)cc2C(=O)N2Cc3ccccc3C[C@H]2CO)n1,6.92,0.0,1
CHEMBL4860,CCCCN(CCCC)C(=O)c1nn(-c2ccc(C(=O)NS(=O)(=O)c3cc(Br)c4c(c3)CCN4CC)cc2C(=O)N2Cc3ccccc3C[C@H]2CO)c(C)c1Cl,8.04,0.0,1
CHEMBL4860,CCCCN(CCCC)C(=O)c1nn(-c2ccc(C(=O)NS(=O)(=O)c3cc(Br)c4c(c3)c(Br)cn4CC)cc2C(=O)N2CCc3ccccc3C2)c(C)c1Cl,8.38,0.0,1
CHEMBL4860,CCCCN(CCCC)C(=O)c1nn(-c2ccc(C(=O)NS(=O)(=O)c3cc(Br)c4c(ccn4CC)c3)cc2C(=O)N2Cc3ccccc3C[C@H]2CO)c(C)c1Cl,8.45,0.0,1
CHEMBL4860,CCCCN(CCCC)C(=O)c1nn(-c2ccc(C(=O)NS(=O)(=O)c3ccc4c(Cl)ccc(Br)c4c3)cc2C(=O)N2CCc3ccccc3C2)c(C)c1Cl,8.41,0.0,1
CHEMBL4860,CCCCN(CCCC)C(=O)c1nn(-c2ccc(C(=O)NS(=O)(=O)c3ccc4c(Cl)ccc(Cl)c4c3)cc2C(=O)N2CCc3ccccc3C2)c(C)c1Cl,8.14,0.0,1
CHEMBL4860,CCCCN(CCCC)C(=O)c1nn(-c2ccc(C(=O)NS(=O)(=O)c3ccc4c(Cl)cccc4c3)cc2C(=O)N2CCc3ccccc3C2)c(C)c1Cl,6.7,0.0,1
CHEMBL4860,CCCCN(CCCC)C(=O)c1nn(-c2ccc(C(=O)NS(=O)(=O)c3ccc4c(N(C)C)ccc(Br)c4c3)cc2C(=O)N2CCc3ccccc3C2)c(C)c1Cl,7.52,0.0,1
CHEMBL4860,CCCCN(CCCC)C(=O)c1nn(-c2ccc(C(=O)NS(=O)(=O)c3ccc4c(c3)CCN4)cc2C(=O)N2CCc3ccccc3C2)c(C)c1Cl,7.5,0.0,1
CHEMBL4860,CCCCN(CCCC)C(=O)c1nn(-c2ccc(C(=O)NS(=O)(=O)c3ccc4c(c3)CCN4C(=O)C3CCCCC3)cc2C(=O)N2CCc3ccccc3C2)c(C)c1Cl,6.6,0.0,1
CHEMBL4860,CCCCN(CCCC)C(=O)c1nn(-c2ccc(C(=O)NS(=O)(=O)c3ccc4c(c3)CCN4C(=O)Cc3ccc(Cl)c(Cl)c3)cc2C(=O)N2CCc3ccccc3C2)c(C)c1Cl,6.7,0.0,1
CHEMBL4860,CCCCN(CCCC)C(=O)c1nn(-c2ccc(C(=O)NS(=O)(=O)c3ccc4c(c3)CCN4C(=O)N3CCOCC3)cc2C(=O)N2CCc3ccccc3C2)c(C)c1Cl,6.47,0.0,1
CHEMBL4860,CCCCN(CCCC)C(=O)c1nn(-c2ccc(C(=O)NS(=O)(=O)c3ccc4c(c3)CCN4C(=O)c3ccc(Cl)c(Cl)c3)cc2C(=O)N2CCc3ccccc3C2)c(C)c1Cl,6.55,0.0,1
CHEMBL4860,CCCCN(CCCC)C(=O)c1nn(-c2ccc(C(=O)NS(=O)(=O)c3ccc4c(c3)CCN4CC)cc2C(=O)N2CCc3ccccc3C2)c(C)c1Cl,7.165,0.07778174593051983,2
CHEMBL4860,CCCCN(CCCC)C(=O)c1nn(-c2ccc(C(=O)NS(=O)(=O)c3ccc4c(c3)CCN4CCSc3ccccc3)cc2C(=O)N2CCc3ccccc3C2)c(C)c1Cl,7.3,0.0,1
CHEMBL4860,CCCCN(CCCC)C(=O)c1nn(-c2ccc(C(=O)NS(=O)(=O)c3ccc4c(c3)CCN4Cc3ccc(Cl)c(Cl)c3)cc2C(=O)N2CCc3ccccc3C2)c(C)c1Cl,7.75,0.0707106781186545,2
CHEMBL4860,CCCCN(CCCC)C(=O)c1nn(-c2ccc(C(=O)NS(=O)(=O)c3ccc4c(c3)CCN4Cc3ccc(Cl)c(Cl)c3)cc2C(=O)N2Cc3ccccc3C[C@H]2CO)c(C)c1Cl,8.0,0.0,1
CHEMBL4860,CCCCN(CCCC)C(=O)c1nn(-c2ccc(C(=O)NS(=O)(=O)c3ccc4c(c3)c(Cl)cn4CC)cc2C(=O)N2CCc3ccccc3C2)c(C)c1Cl,7.7,0.0,1
CHEMBL4860,CCCCN(CCCC)C(=O)c1nn(-c2ccc(C(=O)NS(=O)(=O)c3ccc4c(c3)c(I)cn4CC)cc2C(=O)N2CCc3ccccc3C2)c(C)c1Cl,8.11,0.0,1
CHEMBL4860,CCCCN(CCCC)C(=O)c1nn(-c2ccc(C(=O)NS(=O)(=O)c3ccc4c(ccn4CCCN4CCOCC4)c3)cc2C(=O)N2CCc3ccccc3C2)c(C)c1Cl,6.41,0.0,1
CHEMBL4860,CCCCN(CCCC)C(=O)c1nn(-c2ccc(C(=O)NS(=O)(=O)c3ccc4c(ccn4Cc4ccc(Cl)c(Cl)c4)c3)cc2C(=O)N2CCc3ccccc3C2)c(C)c1Cl,7.3,0.0,1
CHEMBL4860,CCCCN(CCCC)C(=O)c1nn(-c2ccc(C(=O)NS(=O)(=O)c3ccc4c(ccn4Cc4ccc(Cl)c(Cl)c4)c3)cc2C(=O)N2Cc3ccccc3C[C@H]2CO)c(C)c1Cl,8.05,0.0,1
CHEMBL4860,CCCCN(CCCC)C(=O)c1nn(-c2ccc(C(=O)NS(=O)(=O)c3ccc4ccc(C(=O)N(C)C)cc4c3)cc2C(=O)N2CCc3ccccc3C2)c(C)c1Cl,6.82,0.0,1
CHEMBL4860,CCCCN(CCCC)C(=O)c1nn(-c2ccc(C(=O)NS(=O)(=O)c3ccc4ccc(C(=O)N5CCN(C)CC5)cc4c3)cc2C(=O)N2CCc3ccccc3C2)c(C)c1Cl,7.05,0.0,1
CHEMBL4860,CCCCN(CCCC)C(=O)c1nn(-c2ccc(C(=O)NS(=O)(=O)c3ccc4ccc(Cl)cc4c3)cc2C(=O)N2CCc3ccccc3C2)c(C)c1Cl,7.05,0.0,1
CHEMBL4860,CCCCN(CCCC)C(=O)c1nn(-c2ccc(C(=O)NS(=O)(=O)c3ccc4ccc(I)cc4c3)cc2C(=O)N2CCc3ccccc3C2)c(C)c1Cl,7.415,0.021213203435595972,2
CHEMBL4860,CCCCN(CCCC)C(=O)c1nn(-c2ccc(C(=O)NS(=O)(=O)c3ccc4ccc(OC(C)C)cc4c3)cc2C(=O)N2CCc3ccccc3C2)c(C)c1Cl,7.3,0.0,1
CHEMBL4860,CCCCN(CCCC)C(=O)c1nn(-c2ccc(C(=O)NS(=O)(=O)c3ccc4ccc(OC(C)CN(C)C)cc4c3)cc2C(=O)N2CCc3ccccc3C2)c(C)c1Cl,6.31,0.0,1
CHEMBL4860,CCCCN(CCCC)C(=O)c1nn(-c2ccc(C(=O)NS(=O)(=O)c3ccc4ccc(OCCCN(C)C)cc4c3)cc2C(=O)N2CCc3ccccc3C2)c(C)c1Cl,5.84,0.0,1
CHEMBL4860,CCCCN(CCCC)C(=O)c1nn(-c2ccc(C(=O)NS(=O)(=O)c3ccc4ccc(OCCCN5CCCC5)cc4c3)cc2C(=O)N2CCc3ccccc3C2)c(C)c1Cl,5.42,0.0,1
CHEMBL4860,CCCCN(CCCC)C(=O)c1nn(-c2ccc(C(=O)NS(=O)(=O)c3ccc4ccc(OCCCN5CCN(C)CC5)cc4c3)cc2C(=O)N2CCc3ccccc3C2)c(C)c1Cl,6.29,0.0,1
CHEMBL4860,CCCCN(CCCC)C(=O)c1nn(-c2ccc(C(=O)NS(=O)(=O)c3ccc4ccc(OCCCN5CCOCC5)cc4c3)cc2C(=O)N2CCc3ccccc3C2)c(C)c1Cl,6.54,0.0,1
CHEMBL4860,CCCCN(CCCC)C(=O)c1nn(-c2ccc(C(=O)NS(=O)(=O)c3ccc4ccc(OCCN5CCOCC5)cc4c3)cc2C(=O)N2CCc3ccccc3C2)c(C)c1Cl,6.4,0.0,1
CHEMBL4860,CCCCN(CCCC)C(=O)c1nn(-c2ccc(C(=O)NS(=O)(=O)c3ccc4ccc(OCc5ccccc5)cc4c3)cc2C(=O)N2CCc3ccccc3C2)c(C)c1Cl,8.0,0.0,1
CHEMBL4860,CCCCN(CCCC)C(=O)c1nn(-c2ccc(C(=O)NS(=O)(=O)c3ccc4cccc(C#N)c4c3)cc2C(=O)N2CCc3ccccc3C2)c(C)c1Cl,6.04,0.0,1
CHEMBL4860,CCCCN(CCCC)C(=O)c1nn(-c2ccc(C(=O)NS(=O)(=O)c3ccc4cccc(Cl)c4c3)cc2C(=O)N2CCc3ccccc3C2)c(C)c1Cl,7.52,0.0,1
CHEMBL4860,CCCCN(CCCC)C(=O)c1nn(-c2ccc(C(=O)NS(=O)(=O)c3ccc4cccc(Cl)c4c3)cc2C(=O)N2Cc3ccccc3C[C@H]2CN)c(C)c1Cl,8.0,0.0,1
CHEMBL4860,CCCCN(CCCC)C(=O)c1nn(-c2ccc(C(=O)NS(=O)(=O)c3ccc4cccc(I)c4c3)cc2C(=O)N2CCc3ccccc3C2)c(C)c1Cl,7.43,0.042426406871192264,2
CHEMBL4860,CCCCN(CCCC)C(=O)c1nn(-c2ccc(C(=O)NS(=O)(=O)c3ccc4cccc(OCCCN5CCOCC5)c4c3)cc2C(=O)N2CCc3ccccc3C2)c(C)c1Cl,6.54,0.0,1
CHEMBL4860,CCCCN(CCCC)C(=O)c1nn(-c2ccc(C(=O)NS(=O)(=O)c3ccc4cccc(OCCN5CCOCC5)c4c3)cc2C(=O)N2CCc3ccccc3C2)c(C)c1Cl,6.96,0.0,1
CHEMBL4860,CCCCN(CCCC)C(=O)c1nn(-c2ccc(C(=O)NS(=O)(=O)c3ccc4cccc(OCc5ccc(C(=O)O)cc5)c4c3)cc2C(=O)N2CCc3ccccc3C2)c(C)c1Cl,7.82,0.0,1
CHEMBL4860,CCCCN(CCCC)C(=O)c1nn(-c2ccc(C(=O)NS(=O)(=O)c3ccc4cccc(S(=O)(=O)CC)c4c3)cc2C(=O)N2CCc3ccccc3C2)c(C)c1Cl,6.75,0.0,1
CHEMBL4860,CCCCN(CCCC)C(=O)c1nn(-c2ccc(C(=O)NS(=O)(=O)c3ccc4ccccc4c3)cc2C(=O)N2CCc3ccc(C(=O)O)cc3C2)c(C)c1Cl,5.33,0.0,1
CHEMBL4860,CCCCN(CCCC)C(=O)c1nn(-c2ccc(C(=O)NS(=O)(=O)c3ccc4ccccc4c3)cc2C(=O)N2CCc3ccccc3C2)c(C)c1Cl,7.51,0.014142135623730649,2
CHEMBL4860,CCCCN(CCCC)C(=O)c1nn(-c2ccc(C(=O)NS(=O)(=O)c3ccc4ccccc4c3)cc2C(=O)N2CCc3ccccc3C2)cc1C,6.64,0.0,1
CHEMBL4860,CCCCN(CCCC)C(=O)c1nn(-c2ccc(C(=O)NS(=O)(=O)c3ccc4ccccc4c3)cc2C(=O)N2CCc3ccccc3C2C)c(C)c1Cl,6.15,0.0,1
CHEMBL4860,CCCCN(CCCC)C(=O)c1nn(-c2ccc(C(=O)NS(=O)(=O)c3ccc4ccccc4c3)cc2C(=O)N2CNc3ccccc3C2)c(C)c1Cl,7.58,0.0,1
CHEMBL4860,CCCCN(CCCC)C(=O)c1nn(-c2ccc(C(=O)NS(=O)(=O)c3ccc4ccccc4c3)cc2C(=O)N2COc3ccccc3C2)c(C)c1Cl,6.92,0.0,1
CHEMBL4860,CCCCN(CCCC)C(=O)c1nn(-c2ccc(C(=O)NS(=O)(=O)c3ccc4ccccc4c3)cc2C(=O)N2Cc3ccccc3C[C@@H]2C(=O)O)c(C)c1Cl,5.78,0.0,1
CHEMBL4860,CCCCN(CCCC)C(=O)c1nn(-c2ccc(C(=O)NS(=O)(=O)c3ccc4ccccc4c3)cc2C(=O)N2Cc3ccccc3C[C@H]2CN)c(C)c1Cl,8.06,0.014142135623730649,2
CHEMBL4860,CCCCN(CCCC)C(=O)c1nn(-c2ccc(C(=O)NS(=O)(=O)c3ccc4ccccc4c3)cc2C(=O)N2Cc3ccccc3C[C@H]2CN2CCCC2)c(C)c1Cl,7.33,0.0,1
CHEMBL4860,CCCCN(CCCC)C(=O)c1nn(-c2ccc(C(=O)NS(=O)(=O)c3ccc4ccccc4c3)cc2C(=O)N2Cc3ccccc3C[C@H]2CN2CCN(C)CC2)c(C)c1Cl,6.85,0.0,1
CHEMBL4860,CCCCN(CCCC)C(=O)c1nn(-c2ccc(C(=O)NS(=O)(=O)c3ccc4ccccc4c3)cc2C(=O)N2Cc3ccccc3C[C@H]2CN2CCN(CCO)CC2)c(C)c1Cl,7.05,0.0,1
CHEMBL4860,CCCCN(CCCC)C(=O)c1nn(-c2ccc(C(=O)NS(=O)(=O)c3ccc4ccccc4c3)cc2C(=O)N2Cc3ccccc3C[C@H]2CN2CCOCC2)c(C)c1Cl,7.85,0.0,1
CHEMBL4860,CCCCN(CCCC)C(=O)c1nn(-c2ccc(C(=O)NS(=O)(=O)c3ccc4ccccc4c3)cc2C(=O)N2Cc3ccccc3C[C@H]2CNC2CCN(C)CC2)c(C)c1Cl,7.7,0.0,1
CHEMBL4860,CCCCN(CCCC)C(=O)c1nn(-c2ccc(C(=O)NS(=O)(=O)c3ccc4ccccc4c3)cc2C(=O)N2Cc3ccccc3C[C@H]2CO)c(C)c1Cl,7.38,0.1131370849898477,2
CHEMBL4860,CCCCN(CCCC)C(=O)c1nn(-c2ccc(C(=O)NS(=O)(=O)c3ccc4ccccc4c3)cc2C(=O)N2Cc3ccccc3C[C@H]2COCCCOC)c(C)c1Cl,7.68,0.02828427124746224,2
CHEMBL4860,CCCCN(CCCC)C(=O)c1nn(-c2ccc(C(=O)NS(=O)(=O)c3ccc4ccccc4c3)cc2C(=O)N2Cc3ccccc3C[C@H]2COCCN(C)C)c(C)c1Cl,7.715,0.40305086527633227,2
CHEMBL4860,CCCCN(CCCC)C(=O)c1nn(-c2ccc(C(=O)NS(=O)(=O)c3ccc4ccccc4c3)cc2C(=O)N2Cc3ccccc3C[C@H]2COCCO)c(C)c1Cl,7.3,0.0,1
CHEMBL4860,CCCCN(CCCC)C(=O)c1nn(-c2ccc(C(=O)NS(=O)(=O)c3ccc4ccccc4c3)cc2C(=O)N2Cc3ccccc3S(=O)(=O)C2)c(C)c1Cl,6.36,0.0,1
CHEMBL4860,CCCCN(CCCC)C(=O)c1nn(-c2ccc(CNS(=O)(=O)c3ccc4ccc(OCCC5CCCN5C)cc4c3)cc2C(=O)N2CCc3ccccc3C2)c(C)c1Cl,6.07,0.0,1
CHEMBL4860,CCCCN(CCCC)C(=O)c1nn(-c2ccc(N)cc2C(=O)N2CCc3ccccc3C2)c(C)c1Cl,6.605,0.6293250352560273,2
CHEMBL4860,CCCCN(CCCC)C(=O)c1nn(-c2ccc(N)cc2C(=O)N2Cc3ccccc3C[C@H]2CN)c(C)c1Cl,6.42,0.0,1
CHEMBL4860,CCCCN(CCCC)C(=O)c1nn(-c2ccc(NC(=O)COc3ccccc3)cc2C(=O)N2CCc3ccccc3C2)c(C)c1Cl,7.145,0.3606244584051394,2
CHEMBL4860,CCCCN(CCCC)C(=O)c1nn(-c2ccc(NC(=O)COc3ccccc3)cc2C(=O)N2Cc3ccccc3C[C@H]2CN)c(C)c1Cl,7.52,0.0,1
CHEMBL4860,CCCCN(CCCC)C(=O)c1nn(-c2ccc(NC(=O)Cc3ccccc3)cc2C(=O)N2CCc3ccccc3C2)c(C)c1Cl,6.985,0.5868986283848344,2
CHEMBL4860,CCCCN(CCCC)C(=O)c1nn(-c2ccc(NC(=O)c3ccccc3)cc2C(=O)N2CCc3ccccc3C2)c(C)c1Cl,5.67,0.5939696961966998,2
CHEMBL4860,CCCCN(CCCC)C(=O)c1nn(-c2ccc(NCc3ccncc3)cc2C(=O)N2Cc3ccccc3C[C@H]2CN)c(C)c1Cl,6.19,0.0,1
CHEMBL4860,CCCCN(CCCC)C(=O)c1nn(-c2ccc(NS(=O)(=O)Cc3ccccc3)cc2C(=O)N2CCc3ccccc3C2)c(C)c1Cl,6.05,0.7778174593052021,2
CHEMBL4860,CCCCN(CCCC)C(=O)c1nn(-c2ccc(NS(=O)(=O)c3cc(Cl)cc(Cl)c3O)cc2C(=O)N2CCc3ccccc3C2)c(C)c1Cl,6.04,0.0,1
CHEMBL4860,CCCCN(CCCC)C(=O)c1nn(-c2ccc(O)cc2C(=O)N2Cc3ccccc3C[C@H]2CO)c(C)c1Cl,6.295,0.12020815280171303,2
CHEMBL4860,CCCCN(CCCC)C(=O)c1nn(-c2ccc(OC)cc2C(=O)N2Cc3ccccc3C[C@H]2CO)c(C)c1Cl,5.9350000000000005,0.1626345596729053,2
CHEMBL4860,CCCCN(CCCC)C(=O)c1nn(-c2ccc(OCC(=O)Nc3ccccc3)cc2C(=O)N2Cc3ccccc3C[C@H]2CO)c(C)c1Cl,6.359999999999999,0.02828427124746224,2
CHEMBL4860,CCCCN(CCCC)C(=O)c1nn(-c2ccc(OCC(=O)O)cc2C(=O)N2Cc3ccccc3C[C@H]2CO)c(C)c1Cl,6.845000000000001,0.03535533905932694,2
CHEMBL4860,CCCCN(CCCC)C(=O)c1nn(-c2ccc(OCC(=O)OCC)cc2C(=O)N2Cc3ccccc3C[C@H]2CO)c(C)c1Cl,6.355,0.09192388155425078,2
CHEMBL4860,CCCCN(CCCC)C(=O)c1nn(-c2cccc(C)c2C(=O)N2Cc3ccccc3C[C@H]2CN)c(C)c1Cl,7.38,0.0,1
CHEMBL4860,CCCCN(CCCC)C(=O)c1nn(-c2ccccc2C(=O)N2Cc3ccccc3C[C@H]2CN)c(C)c1Cl,7.25,0.636396103067893,2
CHEMBL4860,CCCCN(CCCC)C(=O)c1nn(-c2ccccc2C(=O)N2Cc3ccccc3C[C@H]2CN)c2ccccc12,6.35,0.0,1
CHEMBL4860,CCCCN(CCCC)C(=O)c1nn(-c2ccccc2C(=O)N2Cc3ccccc3C[C@H]2CO)c(C)c1Cl,6.555,0.6293250352560268,2
CHEMBL4860,CCCCN(CCCC)c1ccc(Br)c(-c2ccc(C(=O)NS(=O)(=O)c3ccc4cccc(Cl)c4c3)cc2C(=O)N2CCc3ccccc3C2)n1,8.0,0.0,1
CHEMBL4860,CCCCN(CCCC)c1ncc(C)c(-c2ccc(C(=O)NS(=O)(=O)c3ccc4ccccc4c3)cc2C(=O)N2CCc3ccccc3C2)n1,6.96,0.0,1
CHEMBL4860,CCCCN(CCCC)c1ncc(Cl)c(-c2ccc(C(=O)NS(=O)(=O)c3ccc4ccccc4c3)cc2C(=O)N2CCc3ccccc3C2)n1,6.8,0.0,1
CHEMBL4860,CCCCN(CCCC)c1ncc(Cl)c(-c2ccc(C(=O)NS(=O)(=O)c3ccc4ccccc4c3)cc2C(=O)N2Cc3ccccc3C[C@H]2CO)n1,7.22,0.0,1
CHEMBL4860,CCCCN(CCCC)c1nccc(-c2ccc(C(=O)NS(=O)(=O)c3ccc4c(c3)CCN4Cc3ccc(Cl)c(Cl)c3)cc2C(=O)N2CCc3ccccc3C2)n1,6.92,0.0,1
CHEMBL4860,CCCCN(CCCC)c1nccc(-c2ccc(C(=O)NS(=O)(=O)c3ccc4ccc(I)cc4c3)cc2C(=O)N2CCc3ccccc3C2)n1,6.85,0.0,1
CHEMBL4860,CCCCN(CCCC)c1nccc(-c2ccc(C(=O)NS(=O)(=O)c3ccc4cccc(Cl)c4c3)cc2C(=O)N2CCc3ccccc3C2)n1,6.92,0.0,1
CHEMBL4860,CCCCN(CCCC)c1nccc(-c2ccc(C(=O)NS(=O)(=O)c3ccc4cccc(Cl)c4c3)cc2C(=O)N2Cc3ccccc3C[C@H]2CO)n1,6.8,0.0,1
CHEMBL4860,CCCCN(CCCC)c1nccc(-c2ccc(C(=O)NS(=O)(=O)c3ccc4ccccc4c3)cc2C(=O)N2CCc3ccccc3C2)n1,6.16,0.0,1
CHEMBL4860,CCCCN(CCCC)c1nccc(-c2ccc(C(=O)NS(=O)(=O)c3ccc4ccccc4c3)cc2C(=O)N2Cc3ccccc3C[C@H]2CN)n1,6.37,0.0,1
CHEMBL4860,CCCCN(CCCC)c1nn(-c2ccc(C(=O)NS(=O)(=O)c3ccc4ccccc4c3)cc2C(=O)N2CCc3ccccc3C2)c(C)c1Cl,6.58,0.0,1
CHEMBL4860,CCCCN(CCc1ccc(Cl)c(Cl)c1)C(=O)c1nn(-c2ccc(C(=O)NS(=O)(=O)c3ccc4ccccc4c3)cc2C(=O)N2CCc3ccccc3C2)c(C)c1Cl,7.52,0.0,1
CHEMBL4860,CCCCN(Cc1ccc(-c2ccc(CC(=O)O)cc2)cc1)C(=O)c1nn(-c2ccc(C(=O)NS(=O)(=O)c3ccc4c(c3)CCN4Cc3ccc(Cl)c(Cl)c3)cc2C(=O)N2CCc3ccccc3C2)c(C)c1Cl,8.0,0.0,1
CHEMBL4860,CCCCN(Cc1ccc(Cl)c(Cl)c1)C(=O)c1nn(-c2ccc(C(=O)NS(=O)(=O)c3ccc4ccc(I)cc4c3)cc2C(=O)N2CCc3ccccc3C2)c(C)c1Cl,7.7,0.0,1
CHEMBL4860,CCCCN(Cc1ccc(Cl)c(Cl)c1)C(=O)c1nn(-c2ccc(C(=O)NS(=O)(=O)c3ccc4cccc(Cl)c4c3)cc2C(=O)N2Cc3ccccc3C[C@H]2CO)c(C)c1Cl,8.07,0.0,1
CHEMBL4860,CCCCN(Cc1ccc(Cl)c(Cl)c1)c1ncc(Cl)c(-c2ccc(C(=O)NS(=O)(=O)c3ccc4cccc(Cl)c4c3)cc2C(=O)N2CCc3ccccc3C2)n1,8.0,0.0,1
CHEMBL4860,CCCCNC1=C(C#N)C(=O)c2cccc3c(SC4CCCCC4)ccc1c23,4.8,0.0,1
CHEMBL4860,CCCCNC1=C2C(=NC1=O)c1cccc3c(N4CCSCC4)ccc2c13,6.7,0.0,1
CHEMBL4860,CCCCNC1=C2C(=NC1=O)c1cccc3c(Oc4ccc(C(C)C)cc4)ccc2c13,6.49,0.0,1
CHEMBL4860,CCCCNC1=C2C(=NC1=O)c1cccc3c(Sc4ccc(N)cc4)ccc2c13,6.72,0.0,1
CHEMBL4860,CCCCNC1=C2C(=NC1=O)c1cccc3c(Sc4ccc(OC)cc4)ccc2c13,6.45,0.0,1
CHEMBL4860,CCCCOc1ccc(-n2nc(CO)c(-c3ccc(C(=O)NS(=O)(=O)c4ccc5ccccc5c4)cc3C(=O)N3CCc4ccccc4C3)c2CCCC)cc1,7.35,0.0,1
CHEMBL4860,CCCC[C@H]1C(=O)O[C@H](C)[C@H](NC(=O)c2cccc(NC=O)c2O)C(=O)O[C@@H](C)[C@@H]1OC(=O)CC(C)C,5.7,0.0,1
CHEMBL4860,CCCCc1c(-c2ccc(C(=O)NS(=O)(=O)CC)cc2C(=O)N2CCc3ccccc3C2)c(CO)nn1-c1ccc(Oc2cccc(Cl)c2)cc1,6.72,0.0,1
CHEMBL4860,CCCCc1c(-c2ccc(C(=O)NS(=O)(=O)CC[Si](C)(C)C)cc2C(=O)N2CCc3ccccc3C2)c(C(=O)OCC)nn1-c1ccccc1,6.24,0.0,1
CHEMBL4860,CCCCc1c(-c2ccc(C(=O)NS(=O)(=O)CC[Si](C)(C)C)cc2C(=O)N2CCc3ccccc3C2)c(CO)nn1-c1ccccc1,6.72,0.0,1
CHEMBL4860,CCCCc1c(-c2ccc(C(=O)NS(=O)(=O)c3ccc4c(Cl)ccc(Br)c4c3)cc2C(=O)N2CCc3ccccc3C2)c(C(=O)OCC)nn1-c1ccc(Oc2cccc(Cl)c2)cc1,7.7,0.0,1
CHEMBL4860,CCCCc1c(-c2ccc(C(=O)NS(=O)(=O)c3ccc4cccc(Cl)c4c3)cc2C(=O)N2CCc3ccccc3C2)c(CO)nn1-c1ccc(Oc2cccc(Cl)c2)cc1,8.21,0.014142135623732533,2
CHEMBL4860,CCCCc1c(-c2ccc(C(=O)NS(=O)(=O)c3ccc4ccccc4c3)cc2C(=O)N2CCc3ccccc3C2)c(C(=O)O)nn1-c1ccccc1,6.77,0.0,1
CHEMBL4860,CCCCc1c(-c2ccc(C(=O)NS(=O)(=O)c3ccc4ccccc4c3)cc2C(=O)N2CCc3ccccc3C2)c(C(=O)OCC)nn1-c1ccc(OC)cc1,5.75,0.0,1
CHEMBL4860,CCCCc1c(-c2ccc(C(=O)NS(=O)(=O)c3ccc4ccccc4c3)cc2C(=O)N2CCc3ccccc3C2)c(C(=O)OCC)nn1-c1ccc(Oc2cccc(Cl)c2)cc1,7.7,0.0,1
CHEMBL4860,CCCCc1c(-c2ccc(C(=O)NS(=O)(=O)c3ccc4ccccc4c3)cc2C(=O)N2CCc3ccccc3C2)c(C(=O)OCC)nn1-c1ccc(Oc2ccccc2)cc1,7.0,0.0,1
CHEMBL4860,CCCCc1c(-c2ccc(C(=O)NS(=O)(=O)c3ccc4ccccc4c3)cc2C(=O)N2CCc3ccccc3C2)c(C(=O)OCC)nn1-c1cccc(Oc2ccccc2)c1,6.85,0.0,1
CHEMBL4860,CCCCc1c(-c2ccc(C(=O)NS(=O)(=O)c3ccc4ccccc4c3)cc2C(=O)N2CCc3ccccc3C2)c(C(=O)OCC)nn1-c1ccccc1,6.18,0.0,1
CHEMBL4860,CCCCc1c(-c2ccc(C(=O)NS(=O)(=O)c3ccc4ccccc4c3)cc2C(=O)N2CCc3ccccc3C2)c(CO)nn1-c1ccc(-c2ccccc2)cc1,8.15,0.0,1
CHEMBL4860,CCCCc1c(-c2ccc(C(=O)NS(=O)(=O)c3ccc4ccccc4c3)cc2C(=O)N2CCc3ccccc3C2)c(CO)nn1-c1ccc(CCCO)cc1,7.85,0.0,1
CHEMBL4860,CCCCc1c(-c2ccc(C(=O)NS(=O)(=O)c3ccc4ccccc4c3)cc2C(=O)N2CCc3ccccc3C2)c(CO)nn1-c1ccc(CCO)cc1,7.7,0.0,1
CHEMBL4860,CCCCc1c(-c2ccc(C(=O)NS(=O)(=O)c3ccc4ccccc4c3)cc2C(=O)N2CCc3ccccc3C2)c(CO)nn1-c1ccc(OCC(O)CO)cc1,8.09,0.0,1
CHEMBL4860,CCCCc1c(-c2ccc(C(=O)NS(=O)(=O)c3ccc4ccccc4c3)cc2C(=O)N2CCc3ccccc3C2)c(CO)nn1-c1ccc(Oc2ccc(Cl)cc2)cc1,7.68,0.02828427124746224,2
CHEMBL4860,CCCCc1c(-c2ccc(C(=O)NS(=O)(=O)c3ccc4ccccc4c3)cc2C(=O)N2CCc3ccccc3C2)c(CO)nn1-c1ccc(Oc2cccc(Cl)c2)cc1,8.105,0.0070710678118646965,2
CHEMBL4860,CCCCc1c(-c2ccc(C(=O)NS(=O)(=O)c3ccc4ccccc4c3)cc2C(=O)N2CCc3ccccc3C2)c(CO)nn1-c1ccc(Oc2ccccc2)cc1,6.89,0.0,1
CHEMBL4860,CCCCc1c(-c2ccc(C(=O)NS(=O)(=O)c3ccc4ccccc4c3)cc2C(=O)N2CCc3ccccc3C2)c(CO)nn1-c1cccc(CO)c1,7.15,0.0,1
CHEMBL4860,CCCCc1c(-c2ccc(C(=O)NS(=O)(=O)c3ccc4ccccc4c3)cc2C(=O)N2CCc3ccccc3C2)c(CO)nn1-c1ccccc1,7.21,0.0,1
CHEMBL4860,CCCCc1c(-c2ccc(C(=O)NS(=O)(=O)c3ccc4ccccc4c3)cc2C(=O)N2Cc3ccccc3C[C@H]2CN)c(CO)nn1-c1ccccc1,7.62,0.0,1
CHEMBL4860,CCCCc1c(-c2ccc(C(=O)NS(=O)(=O)c3ccc4ccccc4c3)cc2C(=O)N2Cc3ccccc3C[C@H]2CO)c(CO)nn1-c1ccccc1,7.98,0.028284271247461613,2
CHEMBL4860,CCCCc1ccccc1C1CCCN1C1CC=C(c2ccc(C(=O)NS(=O)(=O)c3ccc(NCC4CCOCC4)c([N+](=O)[O-])c3)c(Oc3cnc4[nH]ccc4c3)c2)CC1,7.3,0.0,1
CHEMBL4860,CCCCn1c(C)c(C(=O)O)c(-c2cccc(N3CCN(c4ccc(NS(=O)(=O)c5ccc(N[C@H](CCN(C)C)CSc6ccccc6)c([N+](=O)[O-])c5)cc4)CC3)c2)c1-c1ccc(Cl)cc1,7.64,0.0,1
CHEMBL4860,CCCN(C(=O)c1cc(-c2cc3c(cc2C(=O)N2Cc4ccccc4C[C@H]2CN2CCOCC2)CN(C(=O)Cc2ccccc2)CC3)n(C)c1C)c1ccc(O)cc1,8.59,0.0,1
CHEMBL4860,CCCN(C(=O)c1cc(-c2cc3c(cc2C(=O)N2Cc4ccccc4C[C@H]2CN2CCOCC2)CN(C(=O)Oc2ccccc2)CC3)n(C)c1C)c1ccc(O)cc1,8.6,0.0,1
CHEMBL4860,CCCN(CCC)c1ncc(Cl)c(-c2ccc(C(=O)NS(=O)(=O)c3ccc4cccc(Cl)c4c3)cc2C(=O)N2Cc3ccccc3C[C@H]2CN)n1,8.055,0.33234018715767655,2
CHEMBL4860,CCCN(CCC)c1ncc(Cl)c(-c2ccc(C(=O)NS(=O)(=O)c3ccc4cccc(Cl)c4c3)cc2C(=O)N2Cc3ccccc3C[C@H]2CO)n1,8.055,0.007071067811865952,2
CHEMBL4860,CCCN(CCC)c1nccc(-c2ccc(C(=O)NS(=O)(=O)c3ccc4ccccc4c3)cc2C(=O)N2CCc3ccccc3C2)n1,6.82,0.0,1
CHEMBL4860,CCCN(CCC)c1nn(-c2ccc(C(=O)NS(=O)(=O)c3ccc4c(Cl)ccc(Br)c4c3)cc2C(=O)N2Cc3ccccc3C[C@H]2CO)c(C)c1Cl,8.11,0.0,1
CHEMBL4860,CCCN(CCC)c1nn(-c2ccc(C(=O)NS(=O)(=O)c3ccc4cccc(Cl)c4c3)cc2C(=O)N2CCc3ccccc3C2)c(C(F)(F)F)c1Cl,7.4,0.0,1
CHEMBL4860,CCCN(CCC)c1nn(-c2ccc(C(=O)NS(=O)(=O)c3ccc4cccc(Cl)c4c3)cc2C(=O)N2Cc3ccccc3C[C@H]2CO)c(C(F)(F)F)c1Cl,7.52,0.0,1
CHEMBL4860,CCCN(CCC)c1nn(-c2ccc(C(=O)NS(=O)(=O)c3ccc4ccccc4c3)cc2C(=O)N2Cc3ccccc3C[C@H]2CO)c(C)c1Cl,7.22,0.0,1
CHEMBL4860,CCCOC(=O)C1=C2C(=NC1=O)c1cccc3c(N4CCSCC4)ccc2c13,5.68,0.0,1
CHEMBL4860,CCCOc1ccccc1C1CCCN1C1CC=C(c2ccc(C(=O)NS(=O)(=O)c3ccc(NCC4CCOCC4)c([N+](=O)[O-])c3)c(Oc3cnc4[nH]ccc4c3)c2)CC1,7.72,0.0,1
CHEMBL4860,CCCc1ccccc1C1CCCN1C1CC=C(c2ccc(C(=O)NS(=O)(=O)c3ccc(NCC4CCOCC4)c([N+](=O)[O-])c3)c(Oc3cnc4[nH]ccc4c3)c2)CC1,7.75,0.0,1
CHEMBL4860,CCCc1ccccc1[C@@H]1CCCN1C1CC2(CCN(c3ccc(C(=O)NS(=O)(=O)c4ccc(NC[C@H]5CC[C@](C)(O)CC5)c([N+](=O)[O-])c4)c(Oc4cnc5[nH]ccc5c4)c3)CC2)C1,10.04,0.0,1
CHEMBL4860,CCCn1c(C)c(C(=O)O)c(-c2cccc(N3CCN(c4ccc(NS(=O)(=O)c5ccc(N[C@H](CCN(C)C)CSc6ccccc6)c([N+](=O)[O-])c5)cc4)CC3)c2)c1-c1ccc(Cl)cc1,8.0,0.0,1
CHEMBL4860,CCCn1cc(/C=N/N=C2\C(=O)Nc3ccc(C)cc32)c2ccccc21,6.34,0.0,1
CHEMBL4860,CCN(C(=O)c1cc(-c2cc3c(cc2C(=O)N2Cc4ccccc4C[C@H]2CN2CCOCC2)CN(C(=O)Cc2ccccc2)CC3)n(C)c1C)c1ccc(O)cc1,8.46,0.0,1
CHEMBL4860,CCN(C(=O)c1cc(-c2cc3c(cc2C(=O)N2Cc4ccccc4C[C@H]2CN2CCOCC2)CN(C(=O)Oc2ccccc2)CC3)n(C)c1C)c1ccc(O)cc1,8.43,0.0,1
CHEMBL4860,CCN(C(=O)c1cc(C)n(-c2ccccc2C(=O)N2CCc3ccccc3C2)n1)c1ccccc1,5.72,0.0,1
CHEMBL4860,CCN(CC)C(=O)c1nn(-c2ccccc2C(=O)N2Cc3ccccc3C[C@H]2CO)c(C)c1Br,5.095,0.4737615433949868,2
CHEMBL4860,CCN(CC)CCCNc1ccc(S(=O)(=O)NC(=O)c2ccc(N3CCN(CC4=C(c5ccc(C(F)(F)F)cc5)CC(C)(C)CC4)CC3)cc2Oc2cnc3[nH]ccc3c2)cc1[N+](=O)[O-],9.52,0.0,1
CHEMBL4860,CCN(CC)c1ccc(N(C(=O)c2cc(-c3cc(Cl)ccc3C(=O)N3Cc4ccccc4C[C@H]3CN3CCOCC3)n3c2CCCC3)c2ccc(O)cc2)cc1,7.6,0.0,1
CHEMBL4860,CCN(CCOC)C[C@@H]1Cc2ccccc2CN1C(=O)c1ccc(Cl)cc1-c1cc(C(=O)N(c2ccc(O)cc2)c2ccc3c(ccn3C)c2)c2n1CCCC2,7.54,0.0,1
CHEMBL4860,CCN1CCC(COc2ccc(S(=O)(=O)NC(=O)c3ccc(N4CCN(CC5=C(c6ccc(C(F)(F)F)cc6)CC(C)(C)CC5)CC4)cc3Oc3cnc4[nH]ccc4c3)cc2[N+](=O)[O-])CC1,9.3,0.0,1
CHEMBL4860,CCN1CCN(C2CC3(CCN(c4ccc(C(=O)NS(=O)(=O)c5ccc(NCC6CCOCC6)c([N+](=O)[O-])c5)c(Oc5cnc6[nH]ccc6c5)c4)CC3)C2)C(c2ccccc2C2CC2)C1,10.68,0.0,1
CHEMBL4860,CCN1CCc2cc(-c3cc(C(=O)N(C)c4ccc(O)cc4)c4n3CCCC4)c(C(=O)N3Cc4ccccc4C[C@H]3C)cc2C1,7.19,0.0,1
CHEMBL4860,CCN1CCc2cc(N(C(=O)c3cc(-c4cc5c(cc4C(=O)N4Cc6ccccc6C[C@H]4CN4CCOCC4)OCO5)n4ccccc34)c3ccc(O)cc3)ccc21,7.68,0.0,1
CHEMBL4860,CCNC(=O)N1Cc2cc(C(=O)N3Cc4ccccc4C[C@H]3C)c(-c3cc(C(=O)N(C)c4ccc(O)cc4)c(C)n3C)cc2C1,7.72,0.0,1
CHEMBL4860,CCNC(=O)NCc1ccc(-c2cc(C(=O)N(C)c3ccc(O)cc3)c(C)n2C)c(C(=O)N2Cc3ccccc3C[C@H]2C)c1,7.15,0.0,1
CHEMBL4860,CCNC(=O)NCc1ccc(C(=O)N2Cc3ccccc3C[C@H]2C)c(-c2cc(C(=O)N(C)c3ccc(O)cc3)c(C)n2C)c1,7.54,0.0,1
CHEMBL4860,CCOC(=O)C(C#N)C1c2cc(Br)ccc2OC(N)C1C(=O)OCC,5.05,0.0,1
CHEMBL4860,CCOC(=O)C1(Cc2ccccc2-c2ccc(Cl)cc2)CCN(c2ccc(C(=O)NS(=O)(=O)c3ccc(N[C@H](CCN4CCOCC4)CSc4ccccc4)c(S(=O)(=O)C(F)(F)F)c3)cc2)CC1,7.77,0.0,1
CHEMBL4860,CCOC(=O)C1=C(N)Oc2ccc(Br)cc2C1C(C#N)C(=O)OCC,5.05,0.0,1
CHEMBL4860,CCOC(=O)C1=C2C(=NC1=O)c1cccc3c(N4CCSCC4)ccc2c13,5.66,0.0,1
CHEMBL4860,CCOC(=O)[C@@H]1Cc2ccccc2CN1C(=O)c1ccccc1-n1nc(C(=O)N(c2ccccc2)c2ccccc2)cc1C,5.25,0.0,1
CHEMBL4860,CCOC(=O)c1nn(-c2ccccc2)c(C)c1-c1ccc(C(=O)NS(=O)(=O)c2ccc3ccccc3c2)cc1C(=O)N1CCc2ccccc2C1,5.38,0.0,1
CHEMBL4860,CCOc1ccc(C(=O)N2Cc3ccccc3C[C@H]2CN2CCOCC2)c(-c2cc(C(=O)N(c3ccc(O)cc3)c3ccc4c(ccn4C)c3)c3n2CCCC3)c1,7.37,0.0,1
CHEMBL4860,CCOc1ccccc1[C@@H]1CCCN1C1CC2(CCN(c3ccc(C(=O)NS(=O)(=O)c4ccc(NCC5CCOCC5)c([N+](=O)[O-])c4)c(Oc4cnc5[nH]ccc5c4)c3)CC2)C1,9.496666666666668,0.9676948554856185,3
CHEMBL4860,CCS(=O)(=O)N1CCc2cc(-c3cc(C(=O)N(C)c4ccc(O)cc4)c4n3CCCC4)c(C(=O)N3Cc4ccccc4C[C@H]3C)cc2C1,8.42,0.0,1
CHEMBL4860,CCS(=O)(=O)N1Cc2cc(C(=O)N3Cc4ccccc4C[C@H]3CN3CCOCC3)c(-c3cc(C(=O)N(C)c4ccc(O)cc4)c4n3CCCC4)cc2C1,7.42,0.0,1
CHEMBL4860,CC[C@H](C)[C@H](NC(=O)[C@H](C)NC(=O)[C@H](CC(C)C)NC(=O)[C@H](CCC(N)=O)NC(=O)[C@H](CCCN=C(N)N)NC(=O)CNC(=O)[C@@H](NC(=O)[C@H](CCC(N)=O)NC(=O)CN)C(C)C)C(=O)N[C@H](C(=O)NCC(=O)N[C@@H](CC(=O)O)C(=O)N[C@@H](CC(=O)O)C(=O)N[C@H](C(=O)N[C@@H](CC(N)=O)C(=O)N[C@@H](CCCN=C(N)N)C(=O)O)[C@@H](C)CC)[C@@H](C)CC,5.08,0.0,1
CHEMBL4860,CC[C@H](C)[C@H](NC(=O)[C@H](C)NC(=O)[C@H](CC(C)C)NC(=O)[C@H](CCC(N)=O)NC(=O)[C@H](CCCN=C(N)N)NC(=O)CNC(=O)[C@@H](NC(=O)[C@H](CCC(N)=O)NC(=O)CNC(=O)[C@H](C)NC(=O)[C@H](C)NC(=O)[C@H](Cc1c[nH]c2ccccc12)NC(=O)[C@H](CC(C)C)NC(=O)[C@@H](N)CC(N)=O)C(C)C)C(=O)N[C@H](C(=O)NCC(=O)N[C@@H](CC(=O)O)C(=O)N[C@@H](CC(=O)O)C(=O)N[C@H](C(=O)N[C@@H](CC(N)=O)C(=O)N[C@@H](CCCN=C(N)N)C(=O)N[C@@H](CO)C(=O)N[C@@H](Cc1ccccc1)C(=O)N[C@@H](CCCCN)C(=O)NCC(=O)N[C@@H](CC(C)C)C(=O)O)[C@@H](C)CC)[C@@H](C)CC,6.19,0.0,1
CHEMBL4860,CC[C@H](C)[C@H](NC(=O)[C@H](C)NC(=O)[C@H](CC(C)C)NC(=O)[C@H](CCC(N)=O)NC(=O)[C@H](CCCN=C(N)N)NC(=O)CNC(=O)[C@@H](NC(=O)[C@H](CCC(N)=O)NC(=O)CNC(=O)[C@H](CCSC)NC(=O)[C@@H](NC(=O)[C@H](CO)NC(=O)[C@H](CO)NC(=O)[C@@H]1CCCN1)[C@@H](C)O)C(C)C)C(=O)N[C@H](C(=O)NCC(=O)N[C@@H](CC(=O)O)C(=O)N[C@@H](CC(=O)O)C(=O)N[C@H](C(=O)N[C@@H](CC(N)=O)C(=O)N[C@@H](CCCN=C(N)N)C(=O)N[C@@H](CCCN=C(N)N)C(=O)N[C@@H](Cc1ccc(O)cc1)C(=O)N[C@@H](CC(=O)O)C(=O)N[C@@H](CO)C(=O)N[C@@H](CCC(=O)O)C(=O)O)[C@@H](C)CC)[C@@H](C)CC,5.52,0.0,1
CHEMBL4860,CC[C@H](C)[C@H](NC(=O)[C@H](CC(N)=O)NC(=O)[C@@H](N)CCCN=C(N)N)C(=O)N[C@@H](C)C(=O)N[C@@H](CCCN=C(N)N)C(=O)N[C@@H](Cc1c[nH]cn1)C(=O)N[C@@H](CC(C)C)C(=O)N[C@@H](C)C(=O)N[C@@H](CCC(N)=O)C(=O)N[C@H](C(=O)NCC(=O)N[C@@H](CC(=O)O)C(=O)N[C@@H](CO)C(=O)N[C@@H](CCSC)C(=O)N[C@@H](CC(=O)O)C(=O)N[C@@H](CCCN=C(N)N)C(=O)O)C(C)C,4.65,0.0,1
CHEMBL4860,CC[C@H](C)[C@H](NC(=O)[C@H](CC(N)=O)NC(=O)[C@H](CCCN=C(N)N)NC(=O)[C@@H](NC(=O)[C@@H](NC(=O)[C@H](CC(=O)O)NC(=O)[C@H](CCC(=O)O)NC(=O)[C@@H](N)CCC(N)=O)[C@@H](C)CC)[C@@H](C)CC)C(=O)N[C@@H](C)C(=O)N[C@@H](CCCN=C(N)N)C(=O)N[C@@H](Cc1c[nH]cn1)C(=O)N[C@@H](CC(C)C)C(=O)N[C@@H](C)C(=O)N[C@@H](CCC(N)=O)C(=O)N[C@H](C(=O)NCC(=O)N[C@@H](CC(=O)O)C(=O)N[C@@H](CO)C(=O)N[C@@H](CCSC)C(=O)N[C@@H](CC(=O)O)C(=O)N[C@@H](CCCN=C(N)N)C(=O)N[C@@H](CO)C(=O)N[C@H](C(=O)N1CCC[C@H]1C(=O)N1CCC[C@H]1C(=O)NCC(=O)O)[C@@H](C)CC)C(C)C,4.85,0.0,1
CHEMBL4860,CC[C@H](C)[C@H](NC(=O)[C@H](CC(N)=O)NC(=O)[C@H](CCCN=C(N)N)NC(=O)[C@H](C)NC(=O)[C@H](C)NC(=O)[C@H](Cc1c[nH]c2ccccc12)NC(=O)[C@H](CC(C)C)NC(=O)[C@@H](N)CC(N)=O)C(=O)N[C@@H](C)C(=O)N[C@@H](CCCN=C(N)N)C(=O)N[C@@H](Cc1c[nH]cn1)C(=O)N[C@@H](CC(C)C)C(=O)N[C@@H](C)C(=O)N[C@@H](CCC(N)=O)C(=O)N[C@H](C(=O)NCC(=O)N[C@@H](CC(=O)O)C(=O)N[C@@H](CO)C(=O)N[C@@H](CCSC)C(=O)N[C@@H](CC(=O)O)C(=O)N[C@@H](CCCN=C(N)N)C(=O)N[C@@H](CO)C(=O)N[C@@H](Cc1ccccc1)C(=O)N[C@@H](CCCCN)C(=O)NCC(=O)N[C@@H](CC(C)C)C(=O)O)C(C)C,5.81,0.0,1
CHEMBL4860,CC[C@H](C)[C@H](NC(=O)[C@H](CCCN=C(N)N)NC(=O)[C@H](CCCCN)NC(=O)[C@H](CC(C)C)NC(=O)[C@H](CS)NC(=O)[C@H](CCC(=O)O)NC(=O)[C@H](CO)NC(=O)[C@H](CC(C)C)NC(=O)[C@H](CCCCN)NC(=O)[C@@H](N)CCCCN)C(=O)NCC(=O)N[C@@H](CC(=O)O)C(=O)N[C@@H](CCC(=O)O)C(=O)N[C@@H](CC(C)C)C(=O)N[C@@H](CC(=O)O)C(=O)N[C@@H](CO)C(=O)O,4.54,0.0,1
CHEMBL4860,CC[C@H](C)[C@H](NC(=O)[C@H](CCCN=C(N)N)NC(=O)[C@H](CCCCN)NC(=O)[C@H](CC(C)C)NC(=O)[C@H](CS)NC(=O)[C@H](CCC(=O)O)NC(=O)[C@H](CO)NC(=O)[C@H](CC(C)C)NC(=O)[C@H](CCCCN)NC(=O)[C@H](CCCCN)NC(=O)[C@@H](NC(=O)[C@H](CO)NC(=O)[C@H](C)NC(=O)[C@H](CC(=O)O)NC(=O)[C@@H](N)CCC(N)=O)[C@@H](C)O)C(=O)NCC(=O)N[C@@H](CC(=O)O)C(=O)N[C@@H](CCC(=O)O)C(=O)N[C@@H](CC(C)C)C(=O)N[C@@H](CC(=O)O)C(=O)N[C@@H](CO)C(=O)N[C@@H](CC(N)=O)C(=O)N[C@@H](CCSC)C(=O)N[C@@H](CCC(=O)O)C(=O)N[C@@H](CC(C)C)C(=O)N[C@@H](CCC(N)=O)C(=O)O,5.54,0.0,1
CHEMBL4860,CC[C@H](C)[C@H](NC(=O)[C@H](CCCN=C(N)N)NC(=O)[C@H](CCCCN)NC(=O)[C@H](CC(C)C)NC(=O)[C@H](CS)NC(=O)[C@H](CCC(=O)O)NC(=O)[C@H](CO)NC(=O)[C@H](CC(C)C)NC(=O)[C@H](CCCCN)NC(=O)[C@H](CCCCN)NC(=O)[C@H](C)NC(=O)[C@H](C)NC(=O)[C@H](Cc1c[nH]c2ccccc12)NC(=O)[C@H](CC(C)C)NC(=O)[C@@H](N)CC(N)=O)C(=O)NCC(=O)N[C@@H](CC(=O)O)C(=O)N[C@@H](CCC(=O)O)C(=O)N[C@@H](CC(C)C)C(=O)N[C@@H](CC(=O)O)C(=O)N[C@@H](CO)C(=O)N[C@@H](CO)C(=O)N[C@@H](Cc1ccccc1)C(=O)N[C@@H](CCCCN)C(=O)NCC(=O)N[C@@H](CC(C)C)C(=O)O,5.88,0.0,1
CHEMBL4860,CC[C@H](C)[C@H](NC(=O)[C@H](CCCN=C(N)N)NC(=O)[C@H](CCCN=C(N)N)NC(=O)[C@H](CC(C)C)NC(=O)[C@H](CCC(=O)O)NC(=O)[C@H](CCC(N)=O)NC(=O)[C@H](C)NC(=O)[C@@H](NC(=O)[C@H](Cc1c[nH]c2ccccc12)NC(=O)[C@@H](NC(=O)[C@H](CCC(=O)O)NC(=O)[C@@H]1CCCN1C(=O)[C@H](CCCN=C(N)N)NC(=O)[C@H](CCSC)NC(=O)[C@@H](N)CC(=O)O)[C@@H](C)CC)[C@@H](C)CC)C(=O)NCC(=O)N[C@@H](CC(=O)O)C(=O)N[C@@H](CCC(=O)O)C(=O)N[C@@H](Cc1ccccc1)C(=O)N[C@@H](CC(N)=O)C(=O)N[C@@H](C)C(=O)N[C@@H](Cc1ccc(O)cc1)C(=O)N[C@@H](Cc1ccc(O)cc1)C(=O)N[C@@H](C)C(=O)N[C@@H](CCCN=C(N)N)C(=O)N[C@@H](CCCN=C(N)N)C(=O)O,7.96,0.0,1
CHEMBL4860,CCc1c(Cl)cccc1[C@@H]1CCCN1C1CC2(CCN(c3ccc(C(=O)NS(=O)(=O)c4ccc(NCC5CCOCC5)c([N+](=O)[O-])c4)c(Oc4cnc5[nH]ccc5c4)c3)CC2)C1,8.85,0.0,1
CHEMBL4860,CCc1c(Cl)cccc1[C@H]1CCCN1C1CC2(CCN(c3ccc(C(=O)NS(=O)(=O)c4ccc(NCC5CCOCC5)c([N+](=O)[O-])c4)c(Oc4cnc5[nH]ccc5c4)c3)CC2)C1,8.72,0.0,1
CHEMBL4860,CCc1ccc(CCNC(=O)c2c(O)c(O)cc3c(O)c(-c4c(C)cc5c(C(=O)NCCc6ccc(CC)cc6)c(O)c(O)cc5c4O)c(C)cc23)cc1,6.17,0.0,1
CHEMBL4860,CCc1ccc(CCNC(=O)c2c(O)c(O)cc3c2C(=O)C(C)=C(C2=C(C)C(=O)c4c(cc(O)c(O)c4C(=O)NCCc4ccc(CC)cc4)C2=O)C3=O)cc1,6.68,0.0,1
CHEMBL4860,CCc1ccc(OC(=O)N2CCc3cc(-c4cc(C(=O)N(C)c5ccc(O)cc5)c5n4CCCC5)c(C(=O)N4Cc5ccccc5C[C@H]4CN4CCOCC4)cc3C2)cc1,8.23,0.0,1
CHEMBL4860,CCc1cccc(CC2CCCN2c2ccc(-c3ccc(C(=O)NS(=O)(=O)c4ccc(NCC5CCOCC5)c([N+](=O)[O-])c4)c(Oc4cnc5[nH]ccc5c4)c3)cc2)c1,7.89,0.0,1
CHEMBL4860,CCc1ccccc1C1CCCN1C1CC=C(c2ccc(C(=O)NS(=O)(=O)c3ccc(NCC4CCOCC4)c([N+](=O)[O-])c3)c(Oc3cnc4[nH]ccc4c3)c2)CC1,8.43,0.0,1
CHEMBL4860,CCc1ccccc1C1CCCN1c1ccc(-c2ccc(C(=O)NS(=O)(=O)c3ccc(NCC4CCOCC4)c([N+](=O)[O-])c3)c(Oc3cnc4[nH]ccc4c3)c2)cc1,8.39,0.0,1
CHEMBL4860,CCc1ccccc1[C@@H]1CCCN1C1CC2(C1)CN(c1ccc(C(=O)NS(=O)(=O)c3ccc(NC[C@H]4CC[C@](C)(O)CC4)c([N+](=O)[O-])c3)c(Oc3cnc4[nH]ccc4c3)c1)C2,10.52,0.0,1
CHEMBL4860,CCc1ccccc1[C@@H]1CCCN1C1CC2(C1)CN(c1ccc(C(=O)NS(=O)(=O)c3ccc(NC[C@H]4COCCO4)c([N+](=O)[O-])c3)c(Oc3cnc4[nH]ccc4c3)c1)C2,10.35,0.0,1
CHEMBL4860,CCc1ccccc1[C@@H]1CCCN1C1CC2(CCN(c3ccc(C(=O)NS(=O)(=O)c4ccc(NCC5(F)CCOCC5)c([N+](=O)[O-])c4)c(Oc4cnc5[nH]ccc5c4)c3)CC2)C1,10.38,0.0,1
CHEMBL4860,CCc1ccccc1[C@@H]1CCCN1C1CC2(CCN(c3ccc(C(=O)NS(=O)(=O)c4ccc(NCC5CCOCC5)c([N+](=O)[O-])c4)c(Oc4cnc5[nH]ccc5c4)c3)CC2)C1,9.68,1.0250365847129554,3
CHEMBL4860,CCc1ccccc1[C@@H]1CCCN1C1CC2(CCN(c3ccc(C(=O)NS(=O)(=O)c4ccc(NC[C@@H]5COCCO5)c([N+](=O)[O-])c4)c(Oc4cnc5[nH]ccc5c4)c3)CC2)C1,10.23,0.0,1
CHEMBL4860,CCc1ccccc1[C@@H]1CCCN1C1CC2(CCN(c3ccc(C(=O)NS(=O)(=O)c4ccc(NC[C@H]5CC[C@](C)(O)CC5)c([N+](=O)[O-])c4)c(Oc4cnc5[nH]ccc5c4)c3)CC2)C1,9.695,1.0960155108391492,2
CHEMBL4860,CCc1ccccc1[C@@H]1CCCN1C1CC2(CCN(c3ccc(C(=O)NS(=O)(=O)c4ccc(NC[C@H]5COCCO5)c([N+](=O)[O-])c4)c(Oc4cnc5[nH]ccc5c4)c3)CC2)C1,10.35,0.0,1
CHEMBL4860,CCc1ccccc1[C@@H]1CCCN1C1CC=C(c2ccc(C(=O)NS(=O)(=O)c3ccc(NCC4(F)CCOCC4)c([N+](=O)[O-])c3)c(Oc3cnc4[nH]ccc4c3)c2)CC1,8.515,0.049497474683058526,2
CHEMBL4860,CCc1ccccc1[C@@H]1CCCN1C1CC=C(c2ccc(C(=O)NS(=O)(=O)c3ccc(NC[C@H]4CC[C@@](C)(O)CC4)c([N+](=O)[O-])c3)c(Oc3cnc4[nH]ccc4c3)c2)CC1,8.92,0.0,1
CHEMBL4860,CCc1ccccc1[C@@H]1CCCN1C1CC=C(c2ccc(C(=O)NS(=O)(=O)c3ccc(NC[C@H]4CC[C@](C)(O)CC4)c([N+](=O)[O-])c3)c(Oc3cnc4[nH]ccc4c3)c2)CC1,8.8,0.0,1
CHEMBL4860,CCc1ccccc1[C@@H]1CCCN1C1CCC(c2ccc(C(=O)NS(=O)(=O)c3ccc(NCC4CCOCC4)c([N+](=O)[O-])c3)c(Oc3cnc4[nH]ccc4c3)c2)CC1,8.4,0.0,1
CHEMBL4860,CCc1ccccc1[C@H]1CCCN1C1CC=C(c2ccc(C(=O)NS(=O)(=O)c3ccc(NCC4(F)CCOCC4)c([N+](=O)[O-])c3)c(Oc3cnc4[nH]ccc4c3)c2)CC1,8.64,0.0,1
CHEMBL4860,CCc1ccccc1[C@H]1CCCN1C1CCC(c2ccc(C(=O)NS(=O)(=O)c3ccc(NCC4CCOCC4)c([N+](=O)[O-])c3)c(Oc3cnc4[nH]ccc4c3)c2)CC1,6.2,0.0,1
CHEMBL4860,CCc1ccccc1[C@H]1CCCN1c1ccc(-c2ccc(C(=O)NS(=O)(=O)c3ccc(NC[C@H]4CC[C@](C)(O)CC4)c([N+](=O)[O-])c3)c(Oc3cnc4[nH]ccc4c3)c2)cc1,7.89,0.0,1
CHEMBL4860,CCc1ccccc1[C@H]1CCCN1c1ccc(-c2ccc(C(=O)NS(=O)(=O)c3ccc(OCC4(F)CCN(C5COC5)CC4)c([N+](=O)[O-])c3)c(Oc3cnc4[nH]ccc4c3)c2)cc1,8.19,0.0,1
CHEMBL4860,CCn1c(-c2cc3c(cc2C(=O)N2Cc4ccccc4C[C@H]2CN2CCOCC2)OCO3)cc(C(=O)N(c2ccc(O)cc2)c2cnn(C)c2)c1C,8.08,0.0,1
CHEMBL4860,CCn1c(C#N)cc(N(C(=O)c2cc(-c3cc(Cl)ccc3C(=O)N3Cc4ccccc4C[C@H]3CN3CCOCC3)n(C)c2C)c2ccc(O)cc2)c1C,8.6,0.0,1
CHEMBL4860,CCn1c(C)c(C(=O)NS(C)(=O)=O)c(-c2cccc(N3CCN(c4ccc(NS(=O)(=O)c5ccc(N[C@H](CCN(C)C)CSc6ccccc6)c([N+](=O)[O-])c5)cc4)CC3)c2)c1-c1ccc(Cl)cc1,8.74,0.0,1
CHEMBL4860,CCn1c(C)c(C(=O)O)c(-c2cccc(N3CCN(c4ccc(NS(=O)(=O)c5ccc(N[C@H](CCN(C)C)CSc6ccccc6)c([N+](=O)[O-])c5)cc4)CC3)c2)c1-c1ccc(Cl)cc1,8.7,0.0,1
CHEMBL4860,CCn1cc(C(=O)N(c2ccc(O)cc2)c2ccc3c(ccn3C)c2)cc1-c1cc(Cl)ccc1C(=O)N1Cc2ccccc2C[C@H]1CN1CCN(C)CC1,7.6,0.0,1
CHEMBL4860,CCn1ccc2cc(N(C(=O)c3cc(-c4cc5c(cc4C(=O)N4Cc6ccccc6C[C@H]4CN4CCOCC4)OCO5)n4ccccc34)c3ccc(O)cc3)ccc21,7.72,0.0,1
CHEMBL4860,CCn1ccc2cc(N(C(=O)c3cn(-c4cc5c(cc4C(=O)N4Cc6ccccc6C[C@H]4CN4CCN(C)CC4)OCO5)c4ccccc34)c3ccc(O)cc3)ccc21,8.32,0.0,1
CHEMBL4860,CN(C(=O)c1cc(-c2cc3c(cc2C(=O)N2Cc4ccccc4C[C@H]2CN2CCOCC2)CN(C(=O)CCc2ccccc2)C3)n2c1CCCC2)c1ccc(O)cc1,8.05,0.0,1
CHEMBL4860,CN(C(=O)c1cc(-c2cc3c(cc2C(=O)N2Cc4ccccc4C[C@H]2CN2CCOCC2)CN(C(=O)COc2ccccc2)C3)n2c1CCCC2)c1ccc(O)cc1,8.17,0.0,1
CHEMBL4860,CN(C(=O)c1cc(-c2cc3c(cc2C(=O)N2Cc4ccccc4C[C@H]2CN2CCOCC2)CN(C(=O)COc2ccccc2)C3)n2ccccc12)c1ccc(O)cc1,8.19,0.0,1
CHEMBL4860,CN(C(=O)c1cc(-c2cc3c(cc2C(=O)N2Cc4ccccc4C[C@H]2CN2CCOCC2)CN(C(=O)Cc2ccccc2)C3)n2c1CCCC2)c1ccc(O)cc1,8.14,0.0,1
CHEMBL4860,CN(C(=O)c1cc(-c2cc3c(cc2C(=O)N2Cc4ccccc4C[C@H]2CN2CCOCC2)CN(C(=O)Cc2ccccc2)CC3)n2c1CCCC2)c1ccc(O)cc1,8.29,0.0,1
CHEMBL4860,CN(C(=O)c1cc(-c2cc3c(cc2C(=O)N2Cc4ccccc4C[C@H]2CN2CCOCC2)CN(C(=O)Cc2cccnc2)C3)n2c1CCCC2)c1ccc(O)cc1,7.42,0.0,1
CHEMBL4860,CN(C(=O)c1cc(-c2cc3c(cc2C(=O)N2Cc4ccccc4C[C@H]2CN2CCOCC2)CN(C(=O)NC(C)(C)C)C3)n2c1CCCC2)c1ccc(O)cc1,7.04,0.0,1
CHEMBL4860,CN(C(=O)c1cc(-c2cc3c(cc2C(=O)N2Cc4ccccc4C[C@H]2CN2CCOCC2)CN(C(=O)NCc2ccccc2)CC3)n2c1CCCC2)c1ccc(O)cc1,8.36,0.0,1
CHEMBL4860,CN(C(=O)c1cc(-c2cc3c(cc2C(=O)N2Cc4ccccc4C[C@H]2CN2CCOCC2)CN(C(=O)Nc2ccccc2)CC3)n2c1CCCC2)c1ccc(O)cc1,8.4,0.0,1
CHEMBL4860,CN(C(=O)c1cc(-c2cc3c(cc2C(=O)N2Cc4ccccc4C[C@H]2CN2CCOCC2)CN(C(=O)OC(C)(C)C)C3)n2c1CCCC2)c1ccc(O)cc1,7.02,0.0,1
CHEMBL4860,CN(C(=O)c1cc(-c2cc3c(cc2C(=O)N2Cc4ccccc4C[C@H]2CN2CCOCC2)CN(C(=O)OC(C)(C)C)CC3)n2c1CCCC2)c1ccc(O)cc1,7.89,0.0,1
CHEMBL4860,CN(C(=O)c1cc(-c2cc3c(cc2C(=O)N2Cc4ccccc4C[C@H]2CN2CCOCC2)CN(C(=O)OCc2ccccc2)CC3)n2c1CCCC2)c1ccc(O)cc1,8.25,0.0,1
CHEMBL4860,CN(C(=O)c1cc(-c2cc3c(cc2C(=O)N2Cc4ccccc4C[C@H]2CN2CCOCC2)CN(C(=O)Oc2ccc(-n4ccnc4)cc2)CC3)n2c1CCCC2)c1ccc(O)cc1,8.26,0.0,1
CHEMBL4860,CN(C(=O)c1cc(-c2cc3c(cc2C(=O)N2Cc4ccccc4C[C@H]2CN2CCOCC2)CN(C(=O)Oc2ccc(C#N)cc2)CC3)n2c1CCCC2)c1ccc(O)cc1,8.48,0.0,1
CHEMBL4860,CN(C(=O)c1cc(-c2cc3c(cc2C(=O)N2Cc4ccccc4C[C@H]2CN2CCOCC2)CN(C(=O)Oc2ccc(C(F)(F)F)cc2)CC3)n2c1CCCC2)c1ccc(O)cc1,7.92,0.0,1
CHEMBL4860,CN(C(=O)c1cc(-c2cc3c(cc2C(=O)N2Cc4ccccc4C[C@H]2CN2CCOCC2)CN(C(=O)Oc2ccc(C(N)=O)cc2)CC3)n2c1CCCC2)c1ccc(O)cc1,8.23,0.0,1
CHEMBL4860,CN(C(=O)c1cc(-c2cc3c(cc2C(=O)N2Cc4ccccc4C[C@H]2CN2CCOCC2)CN(C(=O)Oc2ccc(Cl)cc2)CC3)n2c1CCCC2)c1ccc(O)cc1,8.59,0.0,1
CHEMBL4860,CN(C(=O)c1cc(-c2cc3c(cc2C(=O)N2Cc4ccccc4C[C@H]2CN2CCOCC2)CN(C(=O)Oc2ccc(F)cc2)CC3)n2c1CCCC2)c1ccc(O)cc1,8.6,0.0,1
CHEMBL4860,CN(C(=O)c1cc(-c2cc3c(cc2C(=O)N2Cc4ccccc4C[C@H]2CN2CCOCC2)CN(C(=O)Oc2ccc(OC(F)(F)F)cc2)CC3)n2c1CCCC2)c1ccc(O)cc1,8.06,0.0,1
CHEMBL4860,CN(C(=O)c1cc(-c2cc3c(cc2C(=O)N2Cc4ccccc4C[C@H]2CN2CCOCC2)CN(C(=O)Oc2ccccc2)C3)n2c1CCCC2)c1ccc(O)cc1,8.22,0.0,1
CHEMBL4860,CN(C(=O)c1cc(-c2cc3c(cc2C(=O)N2Cc4ccccc4C[C@H]2CN2CCOCC2)CN(C(=O)Oc2ccccc2)CC3)n2c1CCCC2)c1ccc(O)cc1,8.51,0.0,1
CHEMBL4860,CN(C(=O)c1cc(-c2cc3c(cc2C(=O)N2Cc4ccccc4C[C@H]2CN2CCOCC2)CN(C(=O)c2ccccc2)C3)n2c1CCCC2)c1ccc(O)cc1,7.37,0.0,1
CHEMBL4860,CN(C(=O)c1cc(-c2cc3c(cc2C(=O)N2Cc4ccccc4C[C@H]2CN2CCOCC2)CN(S(=O)(=O)CCc2ccccc2)C3)n2c1CCCC2)c1ccc(O)cc1,7.85,0.0,1
CHEMBL4860,CN(C(=O)c1cc(-c2cc3c(cc2C(=O)N2Cc4ccccc4C[C@H]2CN2CCOCC2)CN(S(=O)(=O)Cc2ccccc2)C3)n2c1CCCC2)c1ccc(O)cc1,7.64,0.0,1
CHEMBL4860,CN(C(=O)c1cc(-c2cc3c(cc2C(=O)N2Cc4ccccc4C[C@H]2CN2CCOCC2)CN(S(=O)(=O)Cc2ccccc2)CC3)n2c1CCCC2)c1ccc(O)cc1,8.04,0.0,1
CHEMBL4860,CN(C(=O)c1cc(-c2cc3c(cc2C(=O)N2Cc4ccccc4C[C@H]2CN2CCOCC2)CN(S(=O)(=O)c2ccc4ccccc4c2)CC3)n2c1CCCC2)c1ccc(O)cc1,7.37,0.0,1
CHEMBL4860,CN(C(=O)c1cc(-c2cc3c(cc2C(=O)N2Cc4ccccc4C[C@H]2CN2CCOCC2)CN(S(=O)(=O)c2ccccc2)C3)n2c1CCCC2)c1ccc(O)cc1,7.33,0.0,1
CHEMBL4860,CN(C(=O)c1cc(-c2cc3c(cc2C(=O)N2Cc4ccccc4C[C@H]2CN2CCOCC2)CN(S(=O)(=O)c2ccccc2)CC3)n2c1CCCC2)c1ccc(O)cc1,7.75,0.0,1
CHEMBL4860,CN(C(=O)c1cc(-c2cc3c(cc2C(=O)N2Cc4ccccc4C[C@H]2CN2CCOCC2)CN(S(=O)(=O)c2cccnc2)C3)n2c1CCCC2)c1ccc(O)cc1,7.16,0.0,1
CHEMBL4860,CN(C(=O)c1cc(-c2cc3c(cc2C(=O)N2Cc4ccccc4C[C@H]2CN2CCOCC2)CNC3)n2c1CCCC2)c1ccc(O)cc1,5.48,0.0,1
CHEMBL4860,CN(C(=O)c1cc(-c2cc3c(cc2C(=O)N2Cc4ccccc4C[C@H]2CN2CCOCC2)CNCC3)n2c1CCCC2)c1ccc(O)cc1,6.4,0.0,1
CHEMBL4860,CN(C)C(=O)CN1CCC(c2ccccc2[C@H]2CCCN2c2ccc(-c3ccc(C(=O)NS(=O)(=O)c4ccc(NCC5CCOCC5)c([N+](=O)[O-])c4)c(Oc4cnc5[nH]ccc5c4)c3)cc2)CC1,8.92,0.0,1
CHEMBL4860,CN(C)C(=O)c1ccc(OC(=O)N2CCc3cc(-c4cc(C(=O)N(C)c5ccc(O)cc5)c5n4CCCC5)c(C(=O)N4Cc5ccccc5C[C@H]4CN4CCOCC4)cc3C2)cc1,8.26,0.0,1
CHEMBL4860,CN(C)C1CC(c2ccccc2C2CC2)N(C2CC3(CCN(c4ccc(C(=O)NS(=O)(=O)c5ccc(NCC6CCOCC6)c([N+](=O)[O-])c5)c(Oc5cnc6[nH]ccc6c5)c4)CC3)C2)C1,9.565000000000001,0.9545941546018395,2
CHEMBL4860,CN(C)C1CC(c2ccccc2C2CC2)N(c2ccc(-c3ccc(C(=O)NS(=O)(=O)c4ccc(NCC5CCOCC5)c([N+](=O)[O-])c4)c(Oc4cnc5[nH]ccc5c4)c3)cc2)C1,8.57,0.0,1
CHEMBL4860,CN(C)C1CC1c1ccccc1[C@H]1CCCN1c1ccc(-c2ccc(C(=O)NS(=O)(=O)c3ccc(NCC4CCOCC4)c([N+](=O)[O-])c3)c(Oc3cnc4[nH]ccc4c3)c2)cc1,9.49,0.0,1
CHEMBL4860,CN(C)C1CCCN(c2ccccc2[C@@H]2CCCN2c2ccc(-c3ccc(C(=O)NS(=O)(=O)c4ccc(NCC5CCOCC5)c([N+](=O)[O-])c4)c(Oc4cnc5[nH]ccc5c4)c3)cc2)C1,9.82,0.0,1
CHEMBL4860,CN(C)C1CCCN(c2ccccc2[C@H]2CCCN2c2ccc(-c3ccc(C(=O)NS(=O)(=O)c4ccc(NCC5CCOCC5)c([N+](=O)[O-])c4)c(Oc4cnc5[nH]ccc5c4)c3)cc2)C1,9.24,0.0,1
CHEMBL4860,CN(C)C1CCN(c2ccccc2C2CCCN2c2ccc(-c3ccc(C(=O)NS(=O)(=O)c4ccc(NCC5CCOCC5)c([N+](=O)[O-])c4)c(Oc4cnc5[nH]ccc5c4)c3)cc2)CC1,9.64,0.0,1
CHEMBL4860,CN(C)CC#Cc1ccc(OCCCc2sc(N3CCc4cccc(C(=O)Nc5nc6ccccc6s5)c4C3)nc2C(=O)O)c(F)c1,6.42,0.0,1
CHEMBL4860,CN(C)CC(=O)N1CCC(F)(COc2ncc(S(=O)(=O)NC(=O)c3ccc(C4=CCC(N5CCCC5c5ccccc5C5CC5)CC4)cc3Oc3cnc4[nH]ccc4c3)cc2Cl)CC1,8.05,0.0,1
CHEMBL4860,CN(C)CC(=O)N1CCC(c2ccccc2[C@H]2CCCN2c2ccc(-c3ccc(C(=O)NS(=O)(=O)c4ccc(NC[C@H]5CC[C@](C)(O)CC5)c([N+](=O)[O-])c4)c(Oc4cnc5[nH]ccc5c4)c3)cc2)CC1,9.58,0.8768124086713178,2
CHEMBL4860,CN(C)CC(=O)N1CCOC(CNc2ccc(S(=O)(=O)NC(=O)c3ccc(C4=CCC(N5CCCC5c5ccccc5C5CC5)CC4)cc3Oc3cnc4[nH]ccc4c3)cc2[N+](=O)[O-])C1,8.47,0.0,1
CHEMBL4860,CN(C)CC1CCCN1c1ccccc1C1CCCN1c1ccc(-c2ccc(C(=O)NS(=O)(=O)c3ccc(NCC4CCOCC4)c([N+](=O)[O-])c3)c(Oc3cnc4[nH]ccc4c3)c2)cc1,9.13,0.0,1
CHEMBL4860,CN(C)CCC(=O)N1CCC(c2ccccc2[C@H]2CCCN2c2ccc(-c3ccc(C(=O)NS(=O)(=O)c4ccc(NC[C@H]5CC[C@](C)(O)CC5)c([N+](=O)[O-])c4)c(Oc4cnc5[nH]ccc5c4)c3)cc2)CC1,10.08,0.0,1
CHEMBL4860,CN(C)CCCNc1ccc(S(=O)(=O)NC(=O)c2ccc(N3CCN(CC4=C(c5ccc(C(F)(F)F)cc5)CC(C)(C)CC4)CC3)cc2Oc2cnc3[nH]ccc3c2)cc1[N+](=O)[O-],9.05,0.0,1
CHEMBL4860,CN(C)CCCc1ccccc1C1CCCN1c1ccc(-c2ccc(C(=O)NS(=O)(=O)c3ccc(NCC4CCOCC4)c([N+](=O)[O-])c3)c(Oc3cnc4[nH]ccc4c3)c2)cc1,9.85,0.0,1
CHEMBL4860,CN(C)CCN(C)c1ccc(C2CC2)c(C2CCCN2C2CC=C(c3ccc(C(=O)NS(=O)(=O)c4ccc(NCC5CCOCC5)c([N+](=O)[O-])c4)c(Oc4cnc5[nH]ccc5c4)c3)CC2)c1,7.82,0.0,1
CHEMBL4860,CN(C)CCNc1ccc(C2CC2)c(C2CCCN2C2CC=C(c3ccc(C(=O)NS(=O)(=O)c4ccc(NCC5CCOCC5)c([N+](=O)[O-])c4)c(Oc4cnc5[nH]ccc5c4)c3)CC2)c1,8.28,0.0,1
CHEMBL4860,CN(C)CCOC1CC(c2ccccc2C2CC2)N(C2CC3(CCN(c4ccc(C(=O)NS(=O)(=O)c5ccc(NCC6CCOCC6)c([N+](=O)[O-])c5)c(Oc5cnc6[nH]ccc6c5)c4)CC3)C2)C1,9.82,0.0,1
CHEMBL4860,CN(C)CCOc1ccccc1C1CCCN1c1ccc(-c2ccc(C(=O)NS(=O)(=O)c3ccc(NCC4CCOCC4)c([N+](=O)[O-])c3)c(Oc3cnc4[nH]ccc4c3)c2)cc1,8.85,0.0,1
CHEMBL4860,CN(C)CC[C@H](CSc1ccccc1)Nc1ccc(S(=O)(=O)NC(=O)c2ccc(N3CCN(Cc4ccccc4-c4ccc(Cl)cc4)CC3)cc2)cc1[N+](=O)[O-],8.020000000000001,0.2787471972953273,3
CHEMBL4860,CN(C)CC[C@H](CSc1ccccc1)Nc1ccc(S(=O)(=O)NC2=NS(=O)(=O)c3cc(N4CCN(Cc5ccccc5-c5ccc(Cl)cc5)CC4)ccc32)cc1[N+](=O)[O-],7.77,0.0,1
CHEMBL4860,CN(C)CC[C@H](CSc1ccccc1)Nc1ccc(S(=O)(=O)Nc2ccc(N3CCN(c4cccc(-c5c(-c6ccc(Cl)cc6)nn(C)c5C(=O)O)c4)CC3)cc2)cc1[N+](=O)[O-],8.43,0.0,1
CHEMBL4860,CN(C)CC[C@H](CSc1ccccc1)Nc1ccc(S(=O)(=O)Nc2ccc(N3CCN(c4cccc(-c5c(C(=O)NS(C)(=O)=O)cnn5-c5ccc(Cl)cc5)c4)CC3)cc2)cc1[N+](=O)[O-],8.27,0.0,1
CHEMBL4860,CN(C)CC[C@H](CSc1ccccc1)Nc1ccc(S(=O)(=O)Nc2ccc(N3CCN(c4cccc(-c5c(C(=O)NS(C)(=O)=O)ncn5-c5ccc(Cl)cc5)c4)CC3)cc2)cc1[N+](=O)[O-],8.42,0.0,1
CHEMBL4860,CN(C)CC[C@H](CSc1ccccc1)Nc1ccc(S(=O)(=O)Nc2ccc(N3CCN(c4cccc(-c5c(C(=O)O)c(C(F)(F)F)n(C)c5-c5ccc(Cl)cc5)c4)CC3)cc2)cc1[N+](=O)[O-],8.96,0.0,1
CHEMBL4860,CN(C)CC[C@H](CSc1ccccc1)Nc1ccc(S(=O)(=O)Nc2ccc(N3CCN(c4cccc(-c5c(C(=O)O)c(Cl)n(C)c5-c5ccc(Cl)cc5)c4)CC3)cc2)cc1[N+](=O)[O-],8.82,0.0,1
CHEMBL4860,CN(C)CC[C@H](CSc1ccccc1)Nc1ccc(S(=O)(=O)Nc2ccc(N3CCN(c4cccc(-c5c(C(=O)O)nn(C)c5-c5ccc(Cl)cc5)c4)CC3)cc2)cc1[N+](=O)[O-],8.15,0.0,1
CHEMBL4860,CN(C)CC[C@H](CSc1ccccc1)Nc1ccc(S(=O)(=O)Nc2ccc(N3CCN(c4cccc(-c5ccnn5-c5ccc(Cl)cc5)c4)CC3)cc2)cc1[N+](=O)[O-],6.96,0.0,1
CHEMBL4860,CN(C)CC[C@H](CSc1ccccc1)Nc1ccc(S(=O)(=O)Nc2ccc(N3CCN(c4cccc(-c5cn(C)nc5-c5ccc(Cl)cc5)c4)CC3)cc2)cc1[N+](=O)[O-],6.85,0.0,1
CHEMBL4860,CN(C)CC[C@H](CSc1ccccc1)Nc1ccc(S(=O)(=O)Nc2ccc(N3CCN(c4cccc(-c5cncn5-c5ccc(Cl)cc5)c4)CC3)cc2)cc1[N+](=O)[O-],7.34,0.0,1
CHEMBL4860,CN(C)CC[C@H](CSc1ccccc1)Nc1ccc(S(=O)(=O)Nc2ccc(N3CCN(c4cccc(-c5cnn(C)c5-c5ccc(Cl)cc5)c4)CC3)cc2)cc1[N+](=O)[O-],6.68,0.0,1
CHEMBL4860,CN(C)CC[C@H](CSc1ccccc1)Nc1ccc(S(=O)(=O)Nc2ccc(N3CCN(c4cccc(-c5cnoc5-c5ccc(Cl)cc5)c4)CC3)cc2)cc1[N+](=O)[O-],6.46,0.0,1
CHEMBL4860,CN(C)CC[C@H](CSc1ccccc1)Nc1ccc(S(=O)(=O)Nc2cccc3cc(N4CCN(Cc5ccccc5-c5ccc(Cl)cc5)CC4)cnc23)cc1[N+](=O)[O-],7.17,0.0,1
CHEMBL4860,CN(C)CC[C@H](CSc1ccccc1)Nc1ccc(S(=O)(=O)Nc2nc(C(F)(F)F)nc3c2CCN(C2CCN(Cc4ccccc4-c4ccc(Cl)cc4)CC2)C3)cc1S(=O)(=O)C(F)(F)F,7.34,0.0,1
CHEMBL4860,CN(C)CC[C@H](CSc1ccccc1)Nc1ccc(S(=O)(=O)Nc2nc(Cl)nc3c2CCN(C2CCN(Cc4ccccc4-c4ccc(Cl)cc4)CC2)C3)cc1S(=O)(=O)C(F)(F)F,7.5,0.0,1
CHEMBL4860,CN(C)CC[C@H](CSc1ccccc1)Nc1ccc(S(=O)(=O)Nc2ncnc3c2CCN(C2CCN(Cc4cc(F)ccc4-c4ccc(Cl)cc4)CC2)C3)cc1S(=O)(=O)C(F)(F)F,7.48,0.0,1
CHEMBL4860,CN(C)CC[C@H](CSc1ccccc1)Nc1ccc(S(=O)(=O)Nc2ncnc3c2CCN(C2CCN(Cc4cc(F)ccc4-c4ccc(Cl)cc4)CC2)C3=O)cc1S(=O)(=O)C(F)(F)F,6.85,0.0,1
CHEMBL4860,CN(C)CC[C@H](CSc1ccccc1)Nc1ccc(S(=O)(=O)Nc2ncnc3c2CCN(C2CCN(Cc4ccccc4-c4ccc(Cl)cc4)CC2)C3)cc1S(=O)(=O)C(F)(F)F,7.72,0.0,1
CHEMBL4860,CN(C)CC[C@H](CSc1ccccc1)Nc1ccc(S(=O)(=O)Nc2ncnc3cc(N4CCN(CC5=C(c6ccc(Cl)cc6)CCC(C)(C)C5)CC4)ccc23)cc1S(=O)(=O)C(F)(F)F,8.3,0.0,1
CHEMBL4860,CN(C)CC[C@H](CSc1ccccc1)Nc1ccc(S(=O)(=O)Nc2ncnc3cc(N4CCN(CC5=C(c6ccc(Cl)cc6)CCC(C)(C)C5)CC4)ccc23)cc1[N+](=O)[O-],7.92,0.0,1
CHEMBL4860,CN(C)CC[C@H](CSc1ccccc1)Nc1ccc(S(=O)(=O)Nc2ncnc3cc(N4CCN(Cc5ccccc5-c5ccc(Cl)cc5)CC4)ccc23)cc1S(=O)(=O)C(F)(F)F,7.89,0.0,1
CHEMBL4860,CN(C)CC[C@H](CSc1ccccc1)Nc1ccc(S(=O)(=O)Nc2ncnc3cc(N4CCN(Cc5ccccc5-c5ccc(Cl)cc5)CC4)ccc23)cc1[N+](=O)[O-],8.06,0.0,1
CHEMBL4860,CN(C)CC[C@H](CSc1ccccc1)Nc1ccc(S(=O)(=O)Nc2nn(C)c3nc(N4CCN(Cc5ccccc5-c5ccc(Cl)cc5)CC4)ncc23)cc1[N+](=O)[O-],5.07,0.0,1
CHEMBL4860,CN(C)CC[C@H](CSc1ccccc1)Nc1ccc(S(=O)(=O)Nc2nnc3cc(N4CCN(Cc5ccccc5-c5ccc(Cl)cc5)CC4)cnn23)cc1[N+](=O)[O-],7.6,0.0,1
CHEMBL4860,CN(C)CC[C@H](CSc1ccccc1)Nc1ccc(S(=O)(=O)Nc2nnc3n2CCN(C2CCN(Cc4ccccc4-c4ccc(Cl)cc4)CC2)CC3)cc1S(=O)(=O)C(F)(F)F,7.6,0.0,1
CHEMBL4860,CN(C)CCc1ccccc1C1CCCN1c1ccc(-c2ccc(C(=O)NS(=O)(=O)c3ccc(NCC4CCOCC4)c([N+](=O)[O-])c3)c(Oc3cnc4[nH]ccc4c3)c2)cc1,8.92,0.0,1
CHEMBL4860,CN(C)C[C@@H]1Cc2ccccc2CN1C(=O)c1cc2c(cc1-n1cc(C(=O)N(c3ccccc3)c3ccc(O)cc3)c3ccccc31)OCO2,7.96,0.0,1
CHEMBL4860,CN(C)C[C@@H]1Cc2ccccc2CN1C(=O)c1ccc(Cl)cc1-c1cc(C(=O)N(c2ccc(O)cc2)c2ccc3c(ccn3C)c2)c2n1CCCC2,7.8,0.0,1
CHEMBL4860,CN(C)C[C@@H]1Cc2ccccc2CN1C(=O)c1ccc(Cl)cc1-n1cc(C(=O)N(c2ccccc2)c2ccc(O)cc2)c2ccccc21,7.74,0.0,1
CHEMBL4860,CN(C)C[C@@H]1Cc2ccccc2CN1C(=O)c1ccccc1-n1cc(C(=O)N(c2ccccc2)c2ccc(O)cc2)c2ccccc21,7.15,0.0,1
CHEMBL4860,CN(C)Cc1ccccc1[C@H]1CCCN1c1ccc(-c2ccc(C(=O)NS(=O)(=O)c3ccc(NCC4CCOCC4)c([N+](=O)[O-])c3)c(Oc3cnc4[nH]ccc4c3)c2)cc1,8.27,0.0,1
CHEMBL4860,CN(C)c1c(Cl)cccc1C1CCCN1C1CC2(CCN(c3ccc(C(=O)NS(=O)(=O)c4ccc(NCC5CCOCC5)c([N+](=O)[O-])c4)c(Oc4cnc5[nH]ccc5c4)c3)CC2)C1,8.34,0.0,1
CHEMBL4860,CN(C)c1ccc(-n2nc(C(=O)N(c3ccccc3)c3ccccc3)c3ccccc32)c(C(=O)N2Cc3ccccc3C[C@H]2CN)c1,7.25,0.0,1
CHEMBL4860,CN(C)c1ccc(S(=O)(=O)NC(=O)c2ccc(N3CCN(CC4=C(c5ccc(Cl)cc5)CC5(CCC5)CC4)CC3)cc2Oc2cnc3[nH]ccc3c2)cc1[N+](=O)[O-],7.92,0.0,1
CHEMBL4860,CN(C)c1ccc(S(=O)(=O)NC(=O)c2ccc(N3CCN(CC4=C(c5ccc(Cl)cc5)CCC(C)(C)C4)CC3)cc2)cc1S(=O)(=O)C(F)(F)F,7.19,0.0,1
CHEMBL4860,CN(C)c1ccccc1C1CCCN1C1CC=C(c2ccc(C(=O)NS(=O)(=O)c3ccc(NCC4CCOCC4)c([N+](=O)[O-])c3)c(Oc3cnc4[nH]ccc4c3)c2)CC1,8.48,0.0,1
CHEMBL4860,CN(C)c1ccccc1C1CCCN1c1ccc(-c2ccc(C(=O)NS(=O)(=O)c3ccc(NCC4CCOCC4)c([N+](=O)[O-])c3)c(Oc3cnc4[nH]ccc4c3)c2)cc1,8.07,0.0,1
CHEMBL4860,CN(C)c1ccccc1[C@@H]1CCCN1C1CC2(CCN(c3ccc(C(=O)NS(=O)(=O)c4ccc(NCC5CCOCC5)c([N+](=O)[O-])c4)c(Oc4cnc5[nH]ccc5c4)c3)CC2)C1,9.825,1.1525840533340723,2
CHEMBL4860,CN(C)c1ccccc1[C@@H]1CCCN1C1CC2(CCN(c3ccc(C(=O)NS(=O)(=O)c4ccc(NC[C@H]5CC[C@](C)(O)CC5)c([N+](=O)[O-])c4)c(Oc4cnc5[nH]ccc5c4)c3)CC2)C1,10.219999999999999,0.8141252974819047,3
CHEMBL4860,CN(CC1CCCN1C)c1ccccc1C1CCCN1c1ccc(-c2ccc(C(=O)NS(=O)(=O)c3ccc(NCC4CCOCC4)c([N+](=O)[O-])c3)c(Oc3cnc4[nH]ccc4c3)c2)cc1,9.6,0.0,1
CHEMBL4860,CN(CC1CCOCC1)C(=O)Nc1ccc(S(=O)(=O)NC(=O)c2ccc(N3CCC4(CC3)CC(N3CCC[C@H]3c3ccccc3C3CC3)C4)cc2Oc2cnc3[nH]ccc3c2)cc1[N+](=O)[O-],9.92,0.0,1
CHEMBL4860,CN(CCCc1ccccc1)S(=O)(=O)c1cc(C(=O)N2CCc3ccc(S(=O)(=O)NCCc4ccccc4)cc3C2)c(O)c(O)c1O,6.48,0.0,1
CHEMBL4860,CN(CCO)CC[C@H](CSc1ccccc1)Nc1ccc(S(=O)(=O)NC(=O)c2ccc(N3CCC([C@@H](O)c4ccccc4-c4ccc(Cl)cc4)CC3)cc2)cc1S(=O)(=O)C(F)(F)F,8.41,0.0,1
CHEMBL4860,CN(CCO)c1ccc(S(=O)(=O)NC(=O)c2ccc(N3CCN(CC4=C(c5ccc(Cl)cc5)CCC(C)(C)C4)CC3)cc2)cc1S(=O)(=O)C(F)(F)F,7.34,0.0,1
CHEMBL4860,CN(c1ccc(C(=O)NS(=O)(=O)c2ccc(NCC3CCOCC3)c([N+](=O)[O-])c2)c(Oc2cnc3[nH]ccc3c2)c1)C1CCC(N2CCCC2c2ccccc2C2CC2)CC1,7.43,0.0,1
CHEMBL4860,CN(c1ccccc1C1CCCN1C1CC=C(c2ccc(C(=O)NS(=O)(=O)c3ccc(NCC4CCOCC4)c([N+](=O)[O-])c3)c(Oc3cnc4[nH]ccc4c3)c2)CC1)C1CC1,7.64,0.0,1
CHEMBL4860,CN1C2CCC1CN(c1ccccc1[C@H]1CCCN1c1ccc(-c3ccc(C(=O)NS(=O)(=O)c4ccc(NCC5CCOCC5)c([N+](=O)[O-])c4)c(Oc4cnc5[nH]ccc5c4)c3)cc1)C2,9.02,0.0,1
CHEMBL4860,CN1CC2(CC2)c2cc(N(C(=O)c3cc(-c4cc(Cl)ccc4C(=O)N4Cc5ccccc5C[C@H]4CN4CCOCC4)n4c3CCCC4)c3ccc(O)cc3)ccc21,7.33,0.0,1
CHEMBL4860,CN1CC=C(c2ccc(Cl)cc2C2CCCN2c2ccc(-c3ccc(C(=O)NS(=O)(=O)c4ccc(NCC5CCOCC5)c([N+](=O)[O-])c4)c(Oc4cnc5[nH]ccc5c4)c3)cc2)CC1,8.74,0.0,1
CHEMBL4860,CN1CC=C(c2ccccc2C2CCCN2C2CC=C(c3ccc(C(=O)NS(=O)(=O)c4ccc(NCC5CCOCC5)c([N+](=O)[O-])c4)c(Oc4cnc5[nH]ccc5c4)c3)CC2)CC1,7.7,0.0,1
CHEMBL4860,CN1CC=C(c2ccccc2C2CCCN2c2ccc(-c3ccc(C(=O)NS(=O)(=O)c4ccc(NCC5CCOCC5)c([N+](=O)[O-])c4)c(Oc4cnc5[nH]ccc5c4)c3)cc2)CC1,8.41,0.0,1
CHEMBL4860,CN1CC=C(c2ccccc2[C@@H]2CCCN2C2CC3(CCN(c4ccc(C(=O)NS(=O)(=O)c5ccc(NCC6CCOCC6)c([N+](=O)[O-])c5)c(Oc5cnc6[nH]ccc6c5)c4)CC3)C2)CC1,7.24,0.0,1
CHEMBL4860,CN1CC=C(c2ccccc2[C@@H]2CCCN2c2ccc(-c3ccc(C(=O)NS(=O)(=O)c4ccc(NCC5CCOCC5)c([N+](=O)[O-])c4)c(Oc4cnc5[nH]ccc5c4)c3)cc2)CC1,8.32,0.0,1
CHEMBL4860,CN1CC=C(c2ccccc2[C@H]2CCCN2c2ccc(-c3ccc(C(=O)NS(=O)(=O)c4ccc(NCC5(F)CCN(C6COC6)CC5)c([N+](=O)[O-])c4)c(Oc4cnc5[nH]ccc5c4)c3)cc2)CC1,10.02,0.0,1
CHEMBL4860,CN1CC=C(c2ccccc2[C@H]2CCCN2c2ccc(-c3ccc(C(=O)NS(=O)(=O)c4ccc(NCC5(F)CCOCC5)c([N+](=O)[O-])c4)c(Oc4cnc5[nH]ccc5c4)c3)cc2)CC1,10.0,0.0,1
CHEMBL4860,CN1CC=C(c2ccccc2[C@H]2CCCN2c2ccc(-c3ccc(C(=O)NS(=O)(=O)c4ccc(NCC5CCOCC5)c([N+](=O)[O-])c4)c(Oc4cnc5[nH]ccc5c4)c3)cc2)CC1,9.55,0.0,1
CHEMBL4860,CN1CC=C(c2ccccc2[C@H]2CCCN2c2ccc(-c3ccc(C(=O)NS(=O)(=O)c4ccc(NC[C@@H]5COCCO5)c([N+](=O)[O-])c4)c(Oc4cnc5[nH]ccc5c4)c3)cc2)CC1,9.77,0.0,1
CHEMBL4860,CN1CC=C(c2ccccc2[C@H]2CCCN2c2ccc(-c3ccc(C(=O)NS(=O)(=O)c4ccc(NC[C@H]5CC[C@](C)(O)CC5)c([N+](=O)[O-])c4)c(Oc4cnc5[nH]ccc5c4)c3)cc2)CC1,10.17,0.0,1
CHEMBL4860,CN1CCC(CNc2ccc(S(=O)(=O)NC(=O)c3ccc(-c4ccc(N5CCCC5c5ccccc5Cl)cc4)cc3Oc3cnc4[nH]ccc4c3)cc2[N+](=O)[O-])CC1,7.8,0.0,1
CHEMBL4860,CN1CCC(CNc2ccc(S(=O)(=O)NC(=O)c3ccc(C4=CCC(N5CCCC5c5ccccc5C5CC5)CC4)cc3Oc3cnc4[nH]ccc4c3)cc2[N+](=O)[O-])CC1,7.85,0.0,1
CHEMBL4860,CN1CCC(CNc2ccc(S(=O)(=O)NC(=O)c3ccc(N4CCN(CC5=C(c6ccc(C(F)(F)F)cc6)CC(C)(C)CC5)CC4)cc3Oc3cnc4[nH]ccc4c3)cc2[N+](=O)[O-])C1,8.62,0.0,1
CHEMBL4860,CN1CCC(COc2ccc(S(=O)(=O)NC(=O)c3ccc(N4CCN(CC5=C(c6ccc(C(F)(F)F)cc6)CC(C)(C)CC5)CC4)cc3Oc3cnc4[nH]ccc4c3)cc2[N+](=O)[O-])C1,9.12,0.0,1
CHEMBL4860,CN1CCC(Cc2ccccc2[C@H]2CCCN2c2ccc(-c3ccc(C(=O)NS(=O)(=O)c4ccc(NCC5CCOCC5)c([N+](=O)[O-])c4)c(Oc4cnc5[nH]ccc5c4)c3)cc2)CC1,9.96,0.0,1
CHEMBL4860,CN1CCC(N(C)c2ccccc2[C@H]2CCCN2c2ccc(-c3ccc(C(=O)NS(=O)(=O)c4ccc(NCC5CCOCC5)c([N+](=O)[O-])c4)c(Oc4cnc5[nH]ccc5c4)c3)cc2)C1,9.42,0.0,1
CHEMBL4860,CN1CCC(Oc2ccccc2C2CCCN2c2ccc(-c3ccc(C(=O)NS(=O)(=O)c4ccc(NCC5CCOCC5)c([N+](=O)[O-])c4)c(Oc4cnc5[nH]ccc5c4)c3)cc2)C1,9.2,0.0,1
CHEMBL4860,CN1CCC(Oc2ccccc2C2CCCN2c2ccc(-c3ccc(C(=O)NS(=O)(=O)c4ccc(NCC5CCOCC5)c([N+](=O)[O-])c4)c(Oc4cnc5[nH]ccc5c4)c3)cc2)CC1,9.62,0.0,1
CHEMBL4860,CN1CCC(c2ccccc2C2CCCN2c2ccc(-c3ccc(C(=O)NS(=O)(=O)c4ccc(NCC5CCOCC5)c([N+](=O)[O-])c4)c(Oc4cnc5[nH]ccc5c4)c3)cc2)C1,9.1,0.0,1
CHEMBL4860,CN1CCC(c2ccccc2[C@@H]2CCCN2C2CC3(CCN(c4ccc(C(=O)NS(=O)(=O)c5ccc(NCC6CCOCC6)c([N+](=O)[O-])c5)c(Oc5cnc6[nH]ccc6c5)c4)CC3)C2)CC1,7.11,0.0,1
CHEMBL4860,CN1CCC(c2ccccc2[C@H]2CCCN2c2ccc(-c3ccc(C(=O)NS(=O)(=O)c4ccc(NCC5CCOCC5)c([N+](=O)[O-])c4)c(Oc4cnc5[nH]ccc5c4)c3)cc2)CC1,9.68,0.0,1
CHEMBL4860,CN1CCC(c2ccccc2[C@H]2CCCN2c2ccc(-c3ccc(C(=O)NS(=O)(=O)c4ccc(NCC5CCOCC5)c([N+](=O)[O-])c4)c(Oc4cnc5[nH]ccc5c4)c3)cc2)CC1=O,10.26,0.0,1
CHEMBL4860,CN1CCC(c2ccccc2[C@H]2CCCN2c2ccc(-c3ccc(C(=O)NS(=O)(=O)c4ccc(NC[C@H]5CC[C@](C)(O)CC5)c([N+](=O)[O-])c4)c(Oc4cnc5[nH]ccc5c4)c3)cc2)CC1,9.55,1.0323759005323594,2
CHEMBL4860,CN1CCC(n2nccc2C2CCCN2c2ccc(-c3ccc(C(=O)NS(=O)(=O)c4ccc(NCC5CCOCC5)c([N+](=O)[O-])c4)c(Oc4cnc5[nH]ccc5c4)c3)cc2)CC1,8.17,0.0,1
CHEMBL4860,CN1CCC2(CC1)CN(c1ccccc1[C@H]1CCCN1c1ccc(-c3ccc(C(=O)NS(=O)(=O)c4ccc(NCC5CCOCC5)c([N+](=O)[O-])c4)c(Oc4cnc5[nH]ccc5c4)c3)cc1)C2,9.55,0.0,1
CHEMBL4860,CN1CCCC(N(C)c2ccccc2C2CCCN2c2ccc(-c3ccc(C(=O)NS(=O)(=O)c4ccc(NCC5CCOCC5)c([N+](=O)[O-])c4)c(Oc4cnc5[nH]ccc5c4)c3)cc2)C1,9.46,0.0,1
CHEMBL4860,CN1CCC[C@@H](c2ccccc2C2CCCN2c2ccc(-c3ccc(C(=O)NS(=O)(=O)c4ccc(NCC5CCOCC5)c([N+](=O)[O-])c4)c(Oc4cnc5[nH]ccc5c4)c3)cc2)C1,9.3,0.0,1
CHEMBL4860,CN1CCC[C@H](c2ccccc2C2CCCN2c2ccc(-c3ccc(C(=O)NS(=O)(=O)c4ccc(NCC5CCOCC5)c([N+](=O)[O-])c4)c(Oc4cnc5[nH]ccc5c4)c3)cc2)C1,8.6,0.0,1
CHEMBL4860,CN1CCCc2cc(N(C(=O)c3cc(-c4cc(Cl)ccc4C(=O)N4Cc5ccccc5C[C@H]4CN4CCOCC4)n4c3CCCC4)c3ccc(O)cc3)ccc21,7.77,0.0,1
CHEMBL4860,CN1CCCc2cc(N(C(=O)c3cc(-c4cc5c(cc4C(=O)N4Cc6ccccc6C[C@H]4CN4CCOCC4)OCCO5)n4c3CCCC4)c3ccc(O)cc3)ccc21,7.82,0.0,1
CHEMBL4860,CN1CCCc2cc(N(C(=O)c3cc(-c4cc5c(cc4C(=O)N4Cc6ccccc6C[C@H]4CN4CCOCC4)OCCO5)n4ccccc34)c3ccc(O)cc3)ccc21,7.58,0.0,1
CHEMBL4860,CN1CCN(C(=O)c2ccc(CN(C(=O)c3cc(-c4cc5c(cc4C(=O)N4Cc6ccccc6C[C@H]4CN4CCOCC4)OCO5)n4c3CCCC4)c3ccc(O)cc3)cc2)CC1,8.12,0.0,1
CHEMBL4860,CN1CCN(C(=O)c2cccc(CN(C(=O)c3cc(-c4cc5c(cc4C(=O)N4Cc6ccccc6C[C@H]4CN4CCOCC4)OCO5)n4c3CCCC4)c3ccc(O)cc3)c2)CC1,8.12,0.0,1
CHEMBL4860,CN1CCN(C2CC3(CCN(c4ccc(C(=O)NS(=O)(=O)c5ccc(NCC6CCOCC6)c([N+](=O)[O-])c5)c(Oc5cnc6[nH]ccc6c5)c4)CC3)C2)C(c2ccccc2C2CC2)C1,9.44,0.8343860018001259,2
CHEMBL4860,CN1CCN(C2CC3(CCN(c4ccc(C(=O)NS(=O)(=O)c5ccc(NC[C@H]6CC[C@](C)(O)CC6)c([N+](=O)[O-])c5)c(Oc5cnc6[nH]ccc6c5)c4)CC3)C2)[C@@H](c2ccccc2C2CC2)C1,9.899999999999999,0.4242640687119276,2
CHEMBL4860,CN1CCN(C2CC3(CCN(c4ccc(C(=O)NS(=O)(=O)c5ccc(NC[C@H]6CC[C@](C)(O)CC6)c([N+](=O)[O-])c5)c(Oc5cnc6[nH]ccc6c5)c4)CC3)C2)[C@H](c2ccccc2C2CC2)C1,10.15,0.0,1
CHEMBL4860,CN1CCN(C[C@@H]2Cc3ccccc3CN2C(=O)c2cc(F)c(Cl)cc2-n2cc(C(=O)N(c3ccc(O)cc3)c3ccc4c(ccn4C)c3)c3ccccc32)CC1,8.43,0.0,1
CHEMBL4860,CN1CCN(C[C@@H]2Cc3ccccc3CN2C(=O)c2cc(NC(=O)CSc3ccccc3)ccc2-n2cc(C(=O)N(c3ccccc3)c3ccc(O)cc3)c3ccccc32)CC1,7.64,0.0,1
CHEMBL4860,CN1CCN(C[C@@H]2Cc3ccccc3CN2C(=O)c2cc(O)c(O)cc2-n2cc(C(=O)N(c3ccccc3)c3ccc(O)cc3)c3ccccc32)CC1,8.08,0.0,1
CHEMBL4860,CN1CCN(C[C@@H]2Cc3ccccc3CN2C(=O)c2cc3c(cc2-c2cc(C(=O)N(c4ccc(O)cc4)N4CCN(C)CC4)c(C(F)(F)F)n2C)OCO3)CC1,7.28,0.0,1
CHEMBL4860,CN1CCN(C[C@@H]2Cc3ccccc3CN2C(=O)c2cc3c(cc2-c2cc(C(=O)N(c4ccc(O)cc4)c4ccc5[nH]ccc5c4)c4n2CCCC4)OCO3)CC1,7.92,0.0,1
CHEMBL4860,CN1CCN(C[C@@H]2Cc3ccccc3CN2C(=O)c2cc3c(cc2-c2cc(C(=O)N(c4ccc(O)cc4)c4ccc5c(ccn5C)c4)c4ccccn24)OCO3)CC1,7.92,0.0,1
CHEMBL4860,CN1CCN(C[C@@H]2Cc3ccccc3CN2C(=O)c2cc3c(cc2-c2cc(C(=O)N(c4ccc(O)cc4)c4ccc5c(ccn5C)c4)c4n2CCC4)OCO3)CC1,7.77,0.0,1
CHEMBL4860,CN1CCN(C[C@@H]2Cc3ccccc3CN2C(=O)c2cc3c(cc2-c2cc(C(=O)N(c4ccc(O)cc4)c4ccc5c(ccn5C)c4)cn2C)OCO3)CC1,7.65,0.0,1
CHEMBL4860,CN1CCN(C[C@@H]2Cc3ccccc3CN2C(=O)c2cc3c(cc2-c2cc(C(=O)N(c4ccccc4)c4ccc(O)cc4)c4n2CCCC4)OCO3)CC1=O,8.0,0.0,1
CHEMBL4860,CN1CCN(C[C@@H]2Cc3ccccc3CN2C(=O)c2cc3c(cc2-n2cc(C(=O)N(CCc4ccccc4)c4ccc(Cl)cc4)c4ccccc42)OCO3)CC1,5.96,0.0,1
CHEMBL4860,CN1CCN(C[C@@H]2Cc3ccccc3CN2C(=O)c2cc3c(cc2-n2cc(C(=O)N(CCc4ccccc4)c4ccc(O)cc4)c4ccccc42)OCO3)CC1,8.11,0.0,1
CHEMBL4860,CN1CCN(C[C@@H]2Cc3ccccc3CN2C(=O)c2cc3c(cc2-n2cc(C(=O)N(c4ccc(O)c(Cl)c4)c4ccc5[nH]ccc5c4)c4ccccc42)OCO3)CC1,7.75,0.0,1
CHEMBL4860,CN1CCN(C[C@@H]2Cc3ccccc3CN2C(=O)c2cc3c(cc2-n2cc(C(=O)N(c4ccc(O)c(Cl)c4)c4ccc5c(ccn5C)c4)c4ccccc42)OCO3)CC1,7.08,0.0,1
CHEMBL4860,CN1CCN(C[C@@H]2Cc3ccccc3CN2C(=O)c2cc3c(cc2-n2cc(C(=O)N(c4ccc(O)c(F)c4)c4ccc5c(ccn5C)c4)c4ccccc42)OCO3)CC1,8.21,0.0,1
CHEMBL4860,CN1CCN(C[C@@H]2Cc3ccccc3CN2C(=O)c2cc3c(cc2-n2cc(C(=O)N(c4ccc(O)cc4)c4ccc(Cl)cc4)c4ccccc42)OCO3)CC1,8.26,0.0,1
CHEMBL4860,CN1CCN(C[C@@H]2Cc3ccccc3CN2C(=O)c2cc3c(cc2-n2cc(C(=O)N(c4ccc(O)cc4)c4ccc(F)c(Cl)c4)c4ccccc42)OCO3)CC1,7.69,0.0,1
CHEMBL4860,CN1CCN(C[C@@H]2Cc3ccccc3CN2C(=O)c2cc3c(cc2-n2cc(C(=O)N(c4ccc(O)cc4)c4ccc(F)c(F)c4)c4ccccc42)OCO3)CC1,8.3,0.0,1
CHEMBL4860,CN1CCN(C[C@@H]2Cc3ccccc3CN2C(=O)c2cc3c(cc2-n2cc(C(=O)N(c4ccc(O)cc4)c4ccc(F)cc4)c4ccccc42)OCO3)CC1,8.46,0.0,1
CHEMBL4860,CN1CCN(C[C@@H]2Cc3ccccc3CN2C(=O)c2cc3c(cc2-n2cc(C(=O)N(c4ccc(O)cc4)c4ccc(O)cc4)c4ccccc42)OCO3)CC1,8.43,0.0,1
CHEMBL4860,CN1CCN(C[C@@H]2Cc3ccccc3CN2C(=O)c2cc3c(cc2-n2cc(C(=O)N(c4ccc(O)cc4)c4ccc(OC(F)(F)F)cc4)c4ccccc42)OCO3)CC1,8.16,0.0,1
CHEMBL4860,CN1CCN(C[C@@H]2Cc3ccccc3CN2C(=O)c2cc3c(cc2-n2cc(C(=O)N(c4ccc(O)cc4)c4ccc5[nH]ccc5c4)c4cc(Cl)ccc42)OCO3)CC1,7.71,0.0,1
CHEMBL4860,CN1CCN(C[C@@H]2Cc3ccccc3CN2C(=O)c2cc3c(cc2-n2cc(C(=O)N(c4ccc(O)cc4)c4ccc5[nH]ccc5c4)c4ccccc42)OCO3)CC1,8.42,0.0,1
CHEMBL4860,CN1CCN(C[C@@H]2Cc3ccccc3CN2C(=O)c2cc3c(cc2-n2cc(C(=O)N(c4ccc(O)cc4)c4ccc5c(c4)CCN5)c4ccccc42)OCO3)CC1,8.04,0.0,1
CHEMBL4860,CN1CCN(C[C@@H]2Cc3ccccc3CN2C(=O)c2cc3c(cc2-n2cc(C(=O)N(c4ccc(O)cc4)c4ccc5c(ccn5C)c4)c4ccccc42)OCO3)CC1,8.17,0.0,1
CHEMBL4860,CN1CCN(C[C@@H]2Cc3ccccc3CN2C(=O)c2cc3c(cc2-n2cc(C(=O)N(c4ccc(O)cc4)c4ccc5occc5c4)c4ccccc42)OCO3)CC1,8.17,0.0,1
CHEMBL4860,CN1CCN(C[C@@H]2Cc3ccccc3CN2C(=O)c2cc3c(cc2-n2cc(C(=O)N(c4ccc(O)cc4)c4ccc5sccc5c4)c4ccccc42)OCO3)CC1,8.14,0.0,1
CHEMBL4860,CN1CCN(C[C@@H]2Cc3ccccc3CN2C(=O)c2cc3c(cc2-n2cc(C(=O)N(c4ccc(O)cc4)c4cccc(Oc5ccccc5)c4)c4ccccc42)OCO3)CC1,7.9,0.0,1
CHEMBL4860,CN1CCN(C[C@@H]2Cc3ccccc3CN2C(=O)c2cc3c(cc2-n2cc(C(=O)N(c4ccccc4)c4ccc(O)c(F)c4)c4ccccc42)OCO3)CC1,8.11,0.0,1
CHEMBL4860,CN1CCN(C[C@@H]2Cc3ccccc3CN2C(=O)c2cc3c(cc2-n2cc(C(=O)N(c4ccccc4)c4ccc(O)cc4)c4cc(F)ccc42)OCO3)CC1,7.51,0.0,1
CHEMBL4860,CN1CCN(C[C@@H]2Cc3ccccc3CN2C(=O)c2cc3c(cc2-n2cc(C(=O)N(c4ccccc4)c4ccc(O)cc4)c4ccc(F)cc42)OCO3)CC1,8.01,0.0,1
CHEMBL4860,CN1CCN(C[C@@H]2Cc3ccccc3CN2C(=O)c2cc3c(cc2-n2cc(C(=O)N(c4ccccc4)c4ccc(O)cc4)c4ccccc42)OC(F)(F)O3)CC1,6.96,0.0,1
CHEMBL4860,CN1CCN(C[C@@H]2Cc3ccccc3CN2C(=O)c2cc3c(cc2-n2cc(C(=O)N(c4ccccc4)c4ccc(O)cc4)c4ccccc42)OCCO3)CC1,7.78,0.0,1
CHEMBL4860,CN1CCN(C[C@@H]2Cc3ccccc3CN2C(=O)c2cc3c(cc2-n2cc(C(=O)N(c4ccccc4)c4ccc(O)cc4)c4ccccc42)OCO3)CC1,8.11,0.0,1
CHEMBL4860,CN1CCN(C[C@@H]2Cc3ccccc3CN2C(=O)c2cc3c(cc2-n2cc(C(=O)N(c4ccccc4)c4ccc(O)cc4)c4ccccc42)OC[C@H](COCc2ccccc2)O3)CC1,7.78,0.0,1
CHEMBL4860,CN1CCN(C[C@@H]2Cc3ccccc3CN2C(=O)c2cc3c(cc2-n2cc(C(=O)N(c4ccccc4)c4ccccc4)c4ccccc42)OCO3)CC1,7.73,0.0,1
CHEMBL4860,CN1CCN(C[C@@H]2Cc3ccccc3CN2C(=O)c2ccc(Br)cc2-n2cc(C(=O)N(c3ccc(O)cc3)c3ccc(Cl)cc3)c3ccccc32)CC1,7.72,0.0,1
CHEMBL4860,CN1CCN(C[C@@H]2Cc3ccccc3CN2C(=O)c2ccc(Br)cc2-n2cc(C(=O)N(c3ccc(O)cc3)c3ccc(F)cc3)c3ccccc32)CC1,8.08,0.0,1
CHEMBL4860,CN1CCN(C[C@@H]2Cc3ccccc3CN2C(=O)c2ccc(Br)cc2-n2cc(C(=O)N(c3ccc(O)cc3)c3ccc4[nH]ccc4c3)c3ccccc32)CC1,7.98,0.0,1
CHEMBL4860,CN1CCN(C[C@@H]2Cc3ccccc3CN2C(=O)c2ccc(Br)cc2-n2cc(C(=O)N(c3ccc(O)cc3)c3ccc4c(ccn4C)c3)c3ccccc32)CC1,8.05,0.0,1
CHEMBL4860,CN1CCN(C[C@@H]2Cc3ccccc3CN2C(=O)c2ccc(Cl)cc2-c2cc(C(=O)N(c3ccc(O)cc3)c3ccc4[nH]ccc4c3)cn2C)CC1,7.61,0.0,1
CHEMBL4860,CN1CCN(C[C@@H]2Cc3ccccc3CN2C(=O)c2ccc(Cl)cc2-c2cc(C(=O)N(c3ccc(O)cc3)c3ccc4c(ccn4C)c3)c3ccccn23)CC1,7.85,0.0,1
CHEMBL4860,CN1CCN(C[C@@H]2Cc3ccccc3CN2C(=O)c2ccc(Cl)cc2-c2cc(C(=O)N(c3ccc(O)cc3)c3ccc4c(ccn4C)c3)c3n2CCC3)CC1,7.64,0.0,1
CHEMBL4860,CN1CCN(C[C@@H]2Cc3ccccc3CN2C(=O)c2ccc(Cl)cc2-c2cc(C(=O)N(c3ccc(O)cc3)c3ccc4c(ccn4C)c3)c3n2CCCC3)CC1,7.89,0.0,1
CHEMBL4860,CN1CCN(C[C@@H]2Cc3ccccc3CN2C(=O)c2ccc(Cl)cc2-c2cc(C(=O)N(c3ccc(O)cc3)c3ccc4c(ccn4C)c3)c3n2CCCC3)CC1=O,8.15,0.0,1
CHEMBL4860,CN1CCN(C[C@@H]2Cc3ccccc3CN2C(=O)c2ccc(Cl)cc2-c2cc(C(=O)N(c3ccc(O)cc3)c3ccc4c(ccn4C)c3)cn2C)CC1,7.67,0.0,1
CHEMBL4860,CN1CCN(C[C@@H]2Cc3ccccc3CN2C(=O)c2ccc(Cl)cc2-c2cc(C(=O)N(c3ccc(O)cc3)c3ccc4c(ccn4C)c3)cn2C2CC2)CC1,7.59,0.0,1
CHEMBL4860,CN1CCN(C[C@@H]2Cc3ccccc3CN2C(=O)c2ccc(Cl)cc2-n2cc(C(=O)N(c3ccc(O)cc3)c3ccc(Cl)cc3)c3ccccc32)CC1,8.06,0.0,1
CHEMBL4860,CN1CCN(C[C@@H]2Cc3ccccc3CN2C(=O)c2ccc(Cl)cc2-n2cc(C(=O)N(c3ccc(O)cc3)c3ccc(F)cc3)c3ccccc32)CC1,8.15,0.0,1
CHEMBL4860,CN1CCN(C[C@@H]2Cc3ccccc3CN2C(=O)c2ccc(Cl)cc2-n2cc(C(=O)N(c3ccc(O)cc3)c3ccc(O)cc3)c3ccccc32)CC1,8.41,0.0,1
CHEMBL4860,CN1CCN(C[C@@H]2Cc3ccccc3CN2C(=O)c2ccc(Cl)cc2-n2cc(C(=O)N(c3ccc(O)cc3)c3ccc4[nH]ccc4c3)c3ccccc32)CC1,8.35,0.0,1
CHEMBL4860,CN1CCN(C[C@@H]2Cc3ccccc3CN2C(=O)c2ccc(Cl)cc2-n2cc(C(=O)N(c3ccc(O)cc3)c3ccc4c(ccn4C)c3)c3ccccc32)CC1,8.48,0.0,1
CHEMBL4860,CN1CCN(C[C@@H]2Cc3ccccc3CN2C(=O)c2ccc(Cl)cc2-n2cc(C(=O)N(c3ccccc3)c3ccc(O)cc3)c3ccccc32)CC1,7.99,0.0,1
CHEMBL4860,CN1CCN(C[C@@H]2Cc3ccccc3CN2C(=O)c2ccc(Cl)cc2-n2cc(C(=O)N(c3ccccc3)c3ccccc3)c3ccccc32)CC1,7.76,0.0,1
CHEMBL4860,CN1CCN(C[C@@H]2Cc3ccccc3CN2C(=O)c2ccccc2-n2cc(C(=O)N(c3ccccc3)c3ccc(O)cc3)c3ccccc32)CC1,7.88,0.0,1
CHEMBL4860,CN1CCN(Cc2ccccc2[C@H]2CCCN2c2ccc(-c3ccc(C(=O)NS(=O)(=O)c4ccc(NCC5CCOCC5)c([N+](=O)[O-])c4)c(Oc4cnc5[nH]ccc5c4)c3)cc2)CC1,9.31,1.0465180361560906,2
CHEMBL4860,CN1CCN(S(=O)(=O)NC(=O)c2ccc(N3CCN(CC4=C(c5ccc(Cl)cc5)CCC(C)(C)C4)CC3)cc2)CC1,6.78,0.0,1
CHEMBL4860,CN1CCN(c2ccc(-c3ccc(C(=O)NS(=O)(=O)c4ccc(NCC5CCOCC5)c([N+](=O)[O-])c4)c(Oc4cnc5[nH]ccc5c4)c3)cc2)C(c2ccccc2)C1,7.85,0.0,1
CHEMBL4860,CN1CCN(c2ccc(-c3ccc(C(=O)NS(=O)(=O)c4ccc(NCC5CCOCC5)c([N+](=O)[O-])c4)c(Oc4cnc5[nH]ccc5c4)c3)cc2)C(c2ccccc2C2CC2)C1,8.22,0.0,1
CHEMBL4860,CN1CCN(c2ccccc2C2CCCN2c2ccc(-c3ccc(C(=O)NS(=O)(=O)c4ccc(NCC5CCOCC5)c([N+](=O)[O-])c4)c(Oc4cnc5[nH]ccc5c4)c3)cc2)CC1,9.06,0.0,1
CHEMBL4860,CN1CCOC(CNc2ccc(S(=O)(=O)NC(=O)c3ccc(C4=CCC(N5CCCC5c5ccccc5C5CC5)CC4)cc3Oc3cnc4[nH]ccc4c3)cc2[N+](=O)[O-])C1,8.22,0.0,1
CHEMBL4860,CN1CCOc2cc(N(C(=O)c3cc(-c4cc(Cl)ccc4C(=O)N4Cc5ccccc5C[C@H]4CN4CCOCC4)n4c3CCCC4)c3ccc(O)cc3)ccc21,7.77,0.0,1
CHEMBL4860,CN1CCOc2cc(N(C(=O)c3cc(-c4cc5c(cc4C(=O)N4Cc6ccccc6C[C@H]4CN4CCOCC4)OCCO5)n4c3CCCC4)c3ccc(O)cc3)ccc21,7.58,0.0,1
CHEMBL4860,CN1CCc2cc(N(C(=O)c3cc(-c4cc(Br)ccc4C(=O)N4Cc5ccccc5C[C@H]4CN4CCOCC4)n4c3CCCC4)c3ccc(O)cc3)ccc21,7.57,0.0,1
CHEMBL4860,CN1CCc2cc(N(C(=O)c3cc(-c4cc(Cl)ccc4C(=O)N4Cc5ccccc5C[C@H]4CN4CCOCC4)c4n3CCCC4)c3ccc(O)cc3)ccc21,6.96,0.0,1
CHEMBL4860,CN1CCc2cc(N(C(=O)c3cc(-c4cc(Cl)ccc4C(=O)N4Cc5ccccc5C[C@H]4CN4CCOCC4)n4c3CCCC4)c3ccc(O)cc3)ccc21,7.85,0.0,1
CHEMBL4860,CN1CCc2cc(N(C(=O)c3cc(-c4cc(Cl)ccc4C(=O)N4Cc5ccccc5C[C@H]4CN4CCOCC4)n4ccccc34)c3ccc(O)cc3)ccc21,7.8,0.0,1
CHEMBL4860,CN1CCc2cc(N(C(=O)c3cc(-c4cc5c(cc4C(=O)N4Cc6ccccc6C[C@H]4CN4CCOCC4)OCO5)n4c3CCCC4)c3ccc(O)cc3)ccc21,7.89,0.0,1
CHEMBL4860,CN1CCc2cc(N(C(=O)c3cc(-c4cc5c(cc4C(=O)N4Cc6ccccc6C[C@H]4CN4CCOCC4)OCO5)n4c3COCC4)c3ccc(O)cc3)ccc21,7.55,0.0,1
CHEMBL4860,CN1CCc2cc(N(C(=O)c3cc(-c4cc5c(cc4C(=O)N4Cc6ccccc6C[C@H]4CN4CCOCC4)OCO5)n4ccccc34)c3ccc(O)cc3)ccc21,7.66,0.0,1
CHEMBL4860,CN1CCc2cccc(C3CCCN3c3ccc(-c4ccc(C(=O)NS(=O)(=O)c5ccc(NCC6CCOCC6)c([N+](=O)[O-])c5)c(Oc5cnc6[nH]ccc6c5)c4)cc3)c2C1,7.8,0.0,1
CHEMBL4860,CNC(=O)N1CCc2cc(-c3cc(C(=O)N(C)c4ccc(O)cc4)c4n3CCCC4)c(C(=O)N3Cc4ccccc4C[C@H]3C)cc2C1,8.25,0.0,1
CHEMBL4860,CNC(=O)N1Cc2cc(C(=O)N3Cc4ccccc4C[C@H]3C)c(-c3cc(C(=O)N(C)c4ccc(O)cc4)c(C)n3C)cc2C1,7.92,0.0,1
CHEMBL4860,CNC(=O)N1Cc2cc(C(=O)N3Cc4ccccc4C[C@H]3C)c(-c3cc(C(=O)N(C)c4ccc(O)cc4)c4n3CCCC4)cc2C1,7.8,0.0,1
CHEMBL4860,CNC(=O)c1c(-c2cccc(N3CCN(c4ccc(NS(=O)(=O)c5ccc(N[C@H](CCN(C)C)CSc6ccccc6)c([N+](=O)[O-])c5)cc4)CC3)c2)c(-c2ccc(Cl)cc2)n(C)c1C,8.3,0.0,1
CHEMBL4860,CNCC(=O)N1CCC(c2ccccc2[C@H]2CCCN2c2ccc(-c3ccc(C(=O)NS(=O)(=O)c4ccc(NC[C@H]5CC[C@](C)(O)CC5)c([N+](=O)[O-])c4)c(Oc4cnc5[nH]ccc5c4)c3)cc2)CC1,10.19,0.0,1
CHEMBL4860,CNCCC(=O)N1CCC(c2ccccc2[C@H]2CCCN2c2ccc(-c3ccc(C(=O)NS(=O)(=O)c4ccc(NCC5CCOCC5)c([N+](=O)[O-])c4)c(Oc4cnc5[nH]ccc5c4)c3)cc2)CC1,9.52,0.0,1
CHEMBL4860,CNCCn1c(-c2cc3c(cc2C(=O)N2Cc4ccccc4C[C@H]2C)OCO3)cc(C(=O)N(c2ccc(O)cc2)c2cnn(C)c2)c1C,8.39,0.0,1
CHEMBL4860,CNC[C@@H]1Cc2ccccc2CN1C(=O)c1ccccc1-n1nc(C(=O)N(c2ccccc2)c2ccccc2)cc1C,6.85,0.0,1
CHEMBL4860,CNc1ccc(-n2nc(C(=O)N(c3ccccc3)c3ccccc3)c3ccccc32)c(C(=O)N2Cc3ccccc3C[C@H]2CN)c1,7.6,0.0,1
CHEMBL4860,CNc1ccc(S(=O)(=O)NC(=O)c2ccc(N3CCN(CC4=C(c5ccc(Cl)cc5)CC5(CCC5)CC4)CC3)cc2Oc2cnc3[nH]ccc3c2)cc1[N+](=O)[O-],8.48,0.0,1
CHEMBL4860,COC(=O)C[C@@H]1Cc2ccccc2CN1C(=O)c1ccccc1-n1nc(C(=O)N(c2ccccc2)c2ccccc2)cc1C,6.55,0.0,1
CHEMBL4860,COC(=O)c1ccc(C2=CCC(N3CCCC3c3ccccc3)CC2)cc1Oc1cnc2[nH]ccc2c1,8.23,0.0,1
CHEMBL4860,COC(=O)c1ccc(C2=CCC(N3CCCC3c3ccccc3C3CC3)CC2)cc1Oc1cnc2[nH]ccc2c1,8.14,0.0,1
CHEMBL4860,COC(=O)c1ccnc(N(C(=O)c2cc(-c3cc(Cl)ccc3C(=O)N3Cc4ccccc4C[C@H]3CN3CCOCC3)n(C)c2C)c2ccc(O)cc2)c1,7.31,0.0,1
CHEMBL4860,COC(c1ccccc1C1CC1)C1CCCN1C1CC=C(c2ccc(C(=O)NS(=O)(=O)c3ccc(NCC4CCOCC4)c([N+](=O)[O-])c3)c(Oc3cnc4[nH]ccc4c3)c2)CC1,8.33,0.0,1
CHEMBL4860,COC1(C)CCC(CNc2ccc(S(=O)(=O)NC(=O)c3ccc(-c4ccc(N5CCC[C@@H]5c5ccccc5C5CC5)cc4)cc3Oc3cnc4[nH]ccc4c3)cc2[N+](=O)[O-])CC1,8.21,0.0,1
CHEMBL4860,COC1(C)CCC(CNc2ccc(S(=O)(=O)NC(=O)c3ccc(-c4ccc(N5CCC[C@H]5c5ccccc5C5CC5)cc4)cc3Oc3cnc4[nH]ccc4c3)cc2[N+](=O)[O-])CC1,8.14,0.0,1
CHEMBL4860,COC1=CC(c2cc3ccccc3[nH]2)=N/C1=C\c1[nH]c(C)cc1C,5.96,0.0,1
CHEMBL4860,COC1CC(c2ccccc2C2CC2)N(c2ccc(-c3ccc(C(=O)NS(=O)(=O)c4ccc(NCC5CCOCC5)c([N+](=O)[O-])c4)c(Oc4cnc5[nH]ccc5c4)c3)cc2)C1,7.77,0.0,1
CHEMBL4860,COCC1CCC(CNc2ccc(S(=O)(=O)NC(=O)c3ccc(C4=CCC(N5CCCC5c5ccccc5C5CC5)CC4)cc3Oc3cnc4[nH]ccc4c3)cc2[N+](=O)[O-])CC1,7.75,0.0,1
CHEMBL4860,COCCN(C)CCn1c(-c2cc3c(cc2C(=O)N2Cc4ccccc4C[C@H]2C)OCO3)cc(C(=O)N(c2ccc(O)cc2)c2cnn(C)c2)c1C,8.19,0.0,1
CHEMBL4860,COCCN(C)C[C@@H]1Cc2ccccc2CN1C(=O)c1ccc(Cl)cc1-c1cc(C(=O)N(c2ccc(O)cc2)c2ccc3c(ccn3C)c2)c2n1CCCC2,8.05,0.0,1
CHEMBL4860,COCCN1CCN(C[C@@H]2Cc3ccccc3CN2C(=O)c2cc3c(cc2-c2cc(C(=O)N(c4ccccc4)c4ccc(O)cc4)c4n2CCCC4)OCO3)CC1,8.0,0.0,1
CHEMBL4860,COCCOc1ccccc1C1CCCN1C1CC=C(c2ccc(C(=O)NS(=O)(=O)c3ccc(NCC4CCOCC4)c([N+](=O)[O-])c3)c(Oc3cnc4[nH]ccc4c3)c2)CC1,7.85,0.0,1
CHEMBL4860,COCCc1c(C(=O)N(c2ccc(O)cc2)c2cnc3c(c2)CCN3C)cc(-c2cc3c(cc2C(=O)N2Cc4ccccc4C[C@H]2CN2CCOCC2)OCO3)n1C,7.83,0.0,1
CHEMBL4860,COCCc1c(C(=O)N(c2ccc(O)cc2)c2cnc3ccn(C)c3c2)cc(-c2cc3c(cc2C(=O)N2Cc4ccccc4C[C@H]2CN2CCOCC2)OCO3)n1C,7.8,0.0,1
CHEMBL4860,COCCn1c(-c2cc3c(cc2C(=O)N2Cc4ccccc4C[C@H]2CN2CCOCC2)OCO3)cc(C(=O)N(c2ccc(O)cc2)c2cnn(C)c2)c1C,7.71,0.0,1
CHEMBL4860,COC[C@@H]1Cc2ccccc2CN1C(=O)c1ccccc1-n1nc(C(=O)N(c2ccccc2)c2ccccc2)cc1C,6.8,0.0,1
CHEMBL4860,COCc1ccccc1C1CCCN1C1CC2(CCN(c3ccc(C(=O)NS(=O)(=O)c4ccc(NCC5CCOCC5)c([N+](=O)[O-])c4)c(Oc4cnc5[nH]ccc5c4)c3)CC2)C1,9.62,0.0,1
CHEMBL4860,COCc1ccccc1C1CCCN1c1ccc(-c2ccc(C(=O)NS(=O)(=O)c3ccc(NCC4CCOCC4)c([N+](=O)[O-])c3)c(Oc3cnc4[nH]ccc4c3)c2)cc1,8.36,0.0,1
CHEMBL4860,COCc1ccccc1[C@@H]1CCCN1C1CC2(CCN(c3ccc(C(=O)NS(=O)(=O)c4ccc(NCC5CCOCC5)c([N+](=O)[O-])c4)c(Oc4cnc5[nH]ccc5c4)c3)CC2)C1,8.885,1.2515790027001887,2
CHEMBL4860,CO[C@@H]1CC(c2ccccc2C2CC2)N(C2CC=C(c3ccc(C(=O)NS(=O)(=O)c4ccc(NCC5CCOCC5)c([N+](=O)[O-])c4)c(Oc4cnc5[nH]ccc5c4)c3)CC2)C1,7.7,0.0,1
CHEMBL4860,CO[C@H]1CC(c2ccccc2C2CC2)N(C2CC=C(c3ccc(C(=O)NS(=O)(=O)c4ccc(NCC5CCOCC5)c([N+](=O)[O-])c4)c(Oc4cnc5[nH]ccc5c4)c3)CC2)C1,7.58,0.0,1
CHEMBL4860,CO[C@H]1CC[C@H](CNc2ccc(S(=O)(=O)NC(=O)c3ccc(N4CCN(CC5=C(c6ccc(Cl)cc6)CC(C)(C)CC5)CC4)cc3Oc3cnc4[nH]ccc4c3)cc2[N+](=O)[O-])CC1,8.85,0.0,1
CHEMBL4860,CO[C@H]1OC2O[C@@]3(C)CC[C@H]4[C@H](C)CC[C@@H]([C@]1(C)CC(=O)N1CCN(c5ccc(C(=O)NS(=O)(=O)c6ccc(NCC7CCOCC7)c([N+](=O)[O-])c6)c(Oc6cnc7[nH]ccc7c6)c5)CC1)[C@@]24OO3,7.46,0.0,1
CHEMBL4860,CO[C@]1(C)CC[C@@H](CNc2ccc(S(=O)(=O)NC(=O)c3ccc(N4CCC5(CC4)CC(N4CCC[C@H]4c4ccccc4C(C)C)C5)cc3Oc3cnc4[nH]ccc4c3)cc2[N+](=O)[O-])CC1,8.975,1.5344217151748083,2
CHEMBL4860,COc1c(C)cnc(CN(C(=O)c2cc(-c3cc4c(cc3C(=O)N3Cc5ccccc5C[C@H]3CN3CCOCC3)OCO4)n3c2CCCC3)c2ccc(O)cc2)c1C,7.52,0.0,1
CHEMBL4860,COc1cc(-c2cc(C(=O)N(c3ccc(O)cc3)c3cc(C#N)n(C)c3C)c(C)n2C)c(C(=O)N2Cc3ccccc3C[C@H]2CN2CCOCC2)cc1F,8.51,0.0,1
CHEMBL4860,COc1cc(-c2cc(C(=O)N(c3ccc(O)cc3)c3cnn(C)c3)c(C)n2C)c(C(=O)N2Cc3ccccc3C[C@H]2CN2CCOCC2)cc1F,7.68,0.0,1
CHEMBL4860,COc1cc(-n2cc(C(=O)N(c3ccc(O)cc3)C3CCCCC3)c3ccccc32)c(C(=O)N2Cc3ccccc3C[C@H]2CN2CCN(C)CC2)cc1O,8.33,0.0,1
CHEMBL4860,COc1cc(-n2cc(C(=O)N(c3ccc(O)cc3)c3ccc(F)cc3)c3ccccc32)c(C(=O)N2Cc3ccccc3C[C@H]2CN2CCN(C)CC2)cc1O,8.51,0.0,1
CHEMBL4860,COc1cc(-n2cc(C(=O)N(c3ccc(O)cc3)c3ccc4[nH]ccc4c3)c3ccccc32)c(C(=O)N2Cc3ccccc3C[C@H]2CN2CCN(C)CC2)cc1O,8.36,0.0,1
CHEMBL4860,COc1cc(-n2cc(C(=O)N(c3ccccc3)C3CCCCC3)c3ccccc32)c(C(=O)N2Cc3ccccc3C[C@H]2CN2CCN(C)CC2)cc1O,7.67,0.0,1
CHEMBL4860,COc1cc(-n2cc(C(=O)N(c3ccccc3)c3ccc(C)cc3)c3ccccc32)c(C(=O)N2Cc3ccccc3C[C@H]2CN2CCN(C)CC2)cc1O,8.25,0.0,1
CHEMBL4860,COc1cc(-n2cc(C(=O)N(c3ccccc3)c3ccc(F)cc3)c3ccccc32)c(C(=O)N2Cc3ccccc3C[C@H]2CN2CCN(C)CC2)cc1O,7.87,0.0,1
CHEMBL4860,COc1cc(-n2cc(C(=O)N(c3ccccc3)c3ccc(O)cc3)c3ccccc32)c(C(=O)N2Cc3ccccc3C[C@H]2CN)cc1O,7.91,0.0,1
CHEMBL4860,COc1cc(-n2cc(C(=O)N(c3ccccc3)c3ccc(O)cc3)c3ccccc32)c(C(=O)N2Cc3ccccc3C[C@H]2CN2CCCCC2)cc1O,8.21,0.0,1
CHEMBL4860,COc1cc(-n2cc(C(=O)N(c3ccccc3)c3ccc(O)cc3)c3ccccc32)c(C(=O)N2Cc3ccccc3C[C@H]2CN2CCN(C)CC2)cc1O,8.49,0.0,1
CHEMBL4860,COc1cc(-n2cc(C(=O)N(c3ccccc3)c3ccc4[nH]ccc4c3)c3ccccc32)c(C(=O)N2Cc3ccccc3C[C@H]2CN2CCN(C)CC2)cc1O,8.47,0.0,1
CHEMBL4860,COc1cc(-n2cc(C(=O)N(c3ccccc3)c3ccccc3)c3ccccc32)c(C(=O)N2Cc3ccccc3C[C@H]2CN2CCN(C)CC2)cc1O,8.16,0.0,1
CHEMBL4860,COc1cc(-n2nc(C(=O)N(c3ccccc3)c3ccccc3)c3ccccc32)c(C(=O)N2Cc3ccccc3C[C@H]2CN)cc1N,6.66,0.0,1
CHEMBL4860,COc1cc(-n2nc(C(=O)N(c3ccccc3)c3ccccc3)c3ccccc32)c(C(=O)N2Cc3ccccc3C[C@H]2CN)cc1O,7.98,0.0,1
CHEMBL4860,COc1cc(-n2nc(C(=O)N(c3ccccc3)c3ccccc3)c3ccccc32)c(C(=O)N2Cc3ccccc3C[C@H]2CN)cc1OCc1ccccc1,4.65,0.0,1
CHEMBL4860,COc1cc(C#N)cc(N(C(=O)c2cc(-c3cc(F)ccc3C(=O)N3Cc4ccccc4C[C@H]3CN3CCOCC3)n(C)c2C)c2ccc(O)cc2)c1,8.38,0.0,1
CHEMBL4860,COc1cc(C#N)ccc1OC(=O)N1CCc2cc(-c3cc(C(=O)N(C)c4ccc(O)cc4)c4n3CCCC4)c(C(=O)N3Cc4ccccc4C[C@H]3CN3CCOCC3)cc2C1,8.52,0.0,1
CHEMBL4860,COc1cc(C(=O)N2Cc3ccccc3C[C@H]2C)c(-c2cc(C(=O)N(c3ccc(O)cc3)c3cnn(C)c3)c(C)n2C)cc1F,7.84,0.0,1
CHEMBL4860,COc1cc(C(=O)N2Cc3ccccc3C[C@H]2CN2CCN(C)CC2)c(-n2cc(C(=O)N(c3ccccc3)c3ccc(O)cc3)c3ccccc32)cc1Cl,7.43,0.0,1
CHEMBL4860,COc1cc(C(=O)N2Cc3ccccc3C[C@H]2CN2CCOCC2)c(-c2[nH]c(C)c(C(=O)N(c3ccc(O)cc3)c3cnn(C)c3)c2C)cc1F,7.64,0.0,1
CHEMBL4860,COc1cc(C(=O)N2Cc3ccccc3C[C@H]2CN2CCOCC2)c(-c2cc(C(=O)N(c3ccc(O)cc3)c3cc(C#N)ccn3)c(C)n2C)cc1F,7.83,0.0,1
CHEMBL4860,COc1cc(C(=O)N2Cc3ccccc3C[C@H]2CN2CCOCC2)c(-c2cc(C(=O)N(c3ccc(O)cc3)c3cc(C#N)n(C)c3C)c(C)n2C)cc1F,8.59,0.0,1
CHEMBL4860,COc1cc(C(=O)N2Cc3ccccc3C[C@H]2CN2CCOCC2)c(-c2cc(C(=O)N(c3ccc(O)cc3)c3cnc4c(c3)CCN4C)c(C)n2C)cc1F,8.06,0.0,1
CHEMBL4860,COc1cc(C(=O)N2Cc3ccccc3C[C@H]2CN2CCOCC2)c(-c2cc(C(=O)N(c3ccc(O)cc3)c3cnc4c(ccn4C)c3)c(C)n2C)cc1F,8.13,0.0,1
CHEMBL4860,COc1ccc(-c2cc(C(=O)N(c3ccc(O)cc3)c3cc(C#N)n(C)c3C)c(C)n2C)c(C(=O)N2Cc3ccccc3C[C@H]2CN2CCOCC2)c1,8.52,0.0,1
CHEMBL4860,COc1ccc(-c2cc(C(=O)N(c3ccc(O)cc3)c3cnn(C)c3)c(C)n2C)c(C(=O)N2Cc3ccccc3C[C@H]2CN2CCOCC2)c1,8.0,0.0,1
CHEMBL4860,COc1ccc(-c2cc(Cn3cnc4c(N)ncnc43)c(N3CCC[C@@H](N)C3)cn2)cc1F,9.09,2.4465894629054548,2
CHEMBL4860,COc1ccc(C(=O)N2Cc3ccccc3C[C@H]2C)c(-c2cc(C(=O)N(c3ccc(O)cc3)c3cnn(C)c3)c(C)n2C)c1,8.14,0.0,1
CHEMBL4860,COc1ccc(C(=O)N2Cc3ccccc3C[C@H]2C)c(-c2cc(C(=O)N(c3ccncc3)c3ccc(O)cc3)c(C)n2C)c1,8.31,0.0,1
CHEMBL4860,COc1ccc(C(=O)N2Cc3ccccc3C[C@H]2CN(C)C)c(-n2cc(C(=O)N(c3ccccc3)c3ccc(O)cc3)c3ccccc32)c1,7.6,0.0,1
CHEMBL4860,COc1ccc(C(=O)N2Cc3ccccc3C[C@H]2CN)c(-n2cc(C(=O)N(c3ccccc3)c3ccc(O)cc3)c3ccccc32)c1,7.76,0.0,1
CHEMBL4860,COc1ccc(C(=O)N2Cc3ccccc3C[C@H]2CN)c(-n2cc(C(=O)N(c3ccccc3)c3ccccc3)c3ccccc32)c1,7.65,0.0,1
CHEMBL4860,COc1ccc(C(=O)N2Cc3ccccc3C[C@H]2CN)c(-n2nc(C(=O)N(c3ccccc3)c3ccccc3)c3ccccc32)c1,7.29,0.0,1
CHEMBL4860,COc1ccc(C(=O)N2Cc3ccccc3C[C@H]2CN2CCCCC2)c(-n2cc(C(=O)N(c3ccccc3)c3ccc(O)cc3)c3ccccc32)c1,6.97,0.0,1
CHEMBL4860,COc1ccc(C(=O)N2Cc3ccccc3C[C@H]2CN2CCN(C)CC2)c(-n2cc(C(=O)N(c3ccc(O)cc3)c3ccc4c(ccn4C)c3)c3ccccc32)c1,8.37,0.0,1
CHEMBL4860,COc1ccc(C(=O)N2Cc3ccccc3C[C@H]2CN2CCN(C)CC2)c(-n2cc(C(=O)N(c3ccccc3)c3ccc(O)cc3)c3ccccc32)c1,7.94,0.0,1
CHEMBL4860,COc1ccc(C(=O)N2Cc3ccccc3C[C@H]2CN2CCOCC2)c(-c2cc(C(=O)N(c3ccc(O)c(F)c3)c3cnn(C)c3)c(C)n2C)c1,7.69,0.0,1
CHEMBL4860,COc1ccc(C(=O)N2Cc3ccccc3C[C@H]2CN2CCOCC2)c(-c2cc(C(=O)N(c3ccc(O)cc3)c3cc(C#N)n(C)c3C)c(C)n2C)c1,8.27,0.0,1
CHEMBL4860,COc1ccc(C(=O)N2Cc3ccccc3C[C@H]2CN2CCOCC2)c(-c2cc(C(=O)N(c3ccc(O)cc3)c3ccc(C)c(F)c3)c3n2CCCC3)c1,8.05,0.0,1
CHEMBL4860,COc1ccc(C(=O)N2Cc3ccccc3C[C@H]2CN2CCOCC2)c(-c2cc(C(=O)N(c3ccc(O)cc3)c3ccc4c(ccn4C)c3)c3ccccn23)c1,7.68,0.0,1
CHEMBL4860,COc1ccc(C(=O)N2Cc3ccccc3C[C@H]2CN2CCOCC2)c(-c2cc(C(=O)N(c3ccc(O)cc3)c3ccc4c(ccn4C)c3)c3n2CCCC3)c1,7.64,0.0,1
CHEMBL4860,COc1ccc(C(=O)N2Cc3ccccc3C[C@H]2CN2CCOCC2)c(-c2cc(C(=O)N(c3ccc(O)cc3)c3ccc4c(cnn4C)c3)c3n2CCCC3)c1,8.15,0.0,1
CHEMBL4860,COc1ccc(C(=O)N2Cc3ccccc3C[C@H]2CN2CCOCC2)c(-c2cc(C(=O)N(c3ccc(O)cc3)c3cnn(C)c3)c(C)n2C)c1,8.21,0.0,1
CHEMBL4860,COc1ccc(C(=O)N2Cc3ccccc3C[C@H]2CN2CCOCC2)c(-c2cc(C(=O)N(c3ccccc3)c3ccc(O)cc3)c(C)n2C)c1,8.22,0.0,1
CHEMBL4860,COc1ccc(C(=O)N2Cc3ccccc3C[C@H]2CN2CCOCC2)c(-c2cc(C(=O)N(c3ccccc3)c3ccc(O)cc3)c3n2CCCC3)c1,8.05,0.0,1
CHEMBL4860,COc1ccc(C2=C(CN3CCN(c4ccc(C(=O)NS(=O)(=O)c5ccc(NCC6CCOCC6)c([N+](=O)[O-])c5)c(Oc5cnc6[nH]ccc6c5)c4)CC3)CCC(C)(C)C2)cc1,8.42,0.0,1
CHEMBL4860,COc1ccc(C2C3=C(N=c4s/c(=C\c5ccc(-c6cccc(C(=O)O)c6)o5)c(=O)n42)c2ccccc2CC3)cc1,4.96,0.0,1
CHEMBL4860,COc1ccc(C2C3=C(N=c4s/c(=C\c5ccc(OCc6cccc(C(=O)O)c6)c(OC)c5)c(=O)n42)c2ccccc2CC3)cc1,5.5,0.0,1
CHEMBL4860,COc1ccc(C2CC2)c(C2CCCN2C2CC=C(c3ccc(C(=O)NS(=O)(=O)c4ccc(NCC5CCOCC5)c([N+](=O)[O-])c4)c(Oc4cnc5[nH]ccc5c4)c3)CC2)c1,7.55,0.0,1
CHEMBL4860,COc1ccc(C2CCCN2c2ccc(-c3ccc(C(=O)NS(=O)(=O)c4ccc(NCC5CCOCC5)c([N+](=O)[O-])c4)c(Oc4cnc5[nH]ccc5c4)c3)cc2)cc1,6.72,0.0,1
CHEMBL4860,COc1ccc(CC(=O)N2Cc3cc(C(=O)N4Cc5ccccc5C[C@H]4C)c(-c4cc(C(=O)N(C)c5ccc(O)cc5)c(C)n4C)cc3C2)cc1,8.59,0.0,1
CHEMBL4860,COc1ccc(CC(=O)N2Cc3cc(C(=O)N4Cc5ccccc5C[C@H]4C)c(-c4cc(C(=O)N(C)c5ccc(O)cc5)c5n4CCCC5)cc3C2)cc1,8.26,0.0,1
CHEMBL4860,COc1ccc(CCCN2Cc3cc(C(=O)N4Cc5ccccc5C[C@H]4C)c(-c4cc(C(=O)N(C)c5ccc(O)cc5)c(C)n4C)cc3C2)cc1,7.68,0.0,1
CHEMBL4860,COc1ccc(N(C(=O)c2cc(-c3cc(Cl)ccc3C(=O)N3Cc4ccccc4C[C@H]3CN3CCOCC3)n(C)c2C)c2ccc(O)cc2)cc1C#N,8.46,0.0,1
CHEMBL4860,COc1ccc(N(C(=O)c2cc(-c3cc(Cl)ccc3C(=O)N3Cc4ccccc4C[C@H]3CN3CCOCC3)n3c2CCCC3)c2ccc(O)cc2)cc1C(F)(F)F,6.75,0.0,1
CHEMBL4860,COc1ccc(N(C(=O)c2cc(-c3cc(F)ccc3C(=O)N3Cc4ccccc4C[C@H]3CN3CCOCC3)n(C)c2C)c2ccc(O)cc2)cc1C#N,8.66,0.0,1
CHEMBL4860,COc1ccc(N(C(=O)c2cn(-c3cc4c(cc3C(=O)N3Cc5ccccc5C[C@H]3CN3CCN(C)CC3)OCO4)c3ccccc23)c2ccc(O)cc2)cc1,7.88,0.0,1
CHEMBL4860,COc1ccc(Nc2nnc(-c3c[nH]c4ccccc34)o2)cc1,4.54,0.0,1
CHEMBL4860,COc1ccc(OC(=O)N2CCc3cc(-c4cc(C(=O)N(C)c5ccc(O)cc5)c5n4CCCC5)c(C(=O)N4Cc5ccccc5C[C@H]4CN4CCOCC4)cc3C2)cc1,8.54,0.0,1
CHEMBL4860,COc1ccc(Sc2ccc3c4c(cccc24)C(=O)C(C#N)=C3C#N)cc1,5.21,0.0,1
CHEMBL4860,COc1ccc(Sc2ccc3c4c(cccc24)C2=NC(=O)C(C#N)=C23)cc1,6.03,0.0,1
CHEMBL4860,COc1ccc2c(c1)CCc1cc(OC)ccc1/[N+]([O-])=[N+]\2[O-],5.4,0.0,1
CHEMBL4860,COc1ccc2nc(-c3ccc(Br)cc3)cc(-c3nnc(Nc4ccc([N+](=O)[O-])cc4)o3)c2c1,6.82,0.0,1
CHEMBL4860,COc1cccc(/C=C/C(=O)N2CCc3cc(-c4cc(C(=O)N(C)c5ccc(O)cc5)c(C)n4C)c(C(=O)N4Cc5ccccc5C[C@H]4CN4CCOCC4)cc3C2)c1,8.17,0.0,1
CHEMBL4860,COc1cccc(C2C3=C(N=c4s/c(=C\c5ccc(-c6cccc(C(=O)O)c6)o5)c(=O)n42)c2ccccc2CC3)c1,4.71,0.0,1
CHEMBL4860,COc1cccc(C2CCCN2C2CC=C(c3ccc(C(=O)NS(=O)(=O)c4ccc(NCC5CCOCC5)c([N+](=O)[O-])c4)c(Oc4cnc5[nH]ccc5c4)c3)CC2)c1,7.8,0.0,1
CHEMBL4860,COc1cccc(CCC(=O)N2CCc3cc(-c4cc(C(=O)N(C)c5ccc(O)cc5)c(C)n4C)c(C(=O)N4Cc5ccccc5C[C@H]4CN4CCOCC4)cc3C2)c1,8.08,0.0,1
CHEMBL4860,COc1cccc(N(C(=O)c2cc(-c3cc(Cl)ccc3C(=O)N3Cc4ccccc4C[C@H]3CN3CCOCC3)n3c2CCCC3)c2ccc(O)cc2)c1,7.55,0.0,1
CHEMBL4860,COc1ccccc1C1C2=C(N=c3s/c(=C\c4cccc(OCC(=O)O)c4)c(=O)n31)c1ccccc1CC2,5.51,0.0,1
CHEMBL4860,COc1ccccc1C1CCCN1C1CC=C(c2ccc(C(=O)NS(=O)(=O)c3ccc(NCC4CCOCC4)c([N+](=O)[O-])c3)c(Oc3cnc4[nH]ccc4c3)c2)CC1,8.17,0.0,1
CHEMBL4860,COc1ccccc1C1CCCN1C1CCC(c2ccc(C(=O)NS(=O)(=O)c3ccc(NCC4CCOCC4)c([N+](=O)[O-])c3)c(Oc3cnc4[nH]ccc4c3)c2)CC1,8.17,0.0,1
CHEMBL4860,COc1ccccc1C1CCCN1c1ccc(-c2ccc(C(=O)NS(=O)(=O)c3ccc(NCC4CCOCC4)c([N+](=O)[O-])c3)c(Oc3cnc4[nH]ccc4c3)c2)cc1,7.85,0.0,1
CHEMBL4860,COc1ccccc1OC(=O)N1CCc2cc(-c3cc(C(=O)N(C)c4ccc(O)cc4)c4n3CCCC4)c(C(=O)N3Cc4ccccc4C[C@H]3CN3CCOCC3)cc2C1,8.46,0.0,1
CHEMBL4860,COc1ccccc1[C@@H]1CCCN1C1CC2(CCN(c3ccc(C(=O)NS(=O)(=O)c4ccc(NCC5CCOCC5)c([N+](=O)[O-])c4)c(Oc4cnc5[nH]ccc5c4)c3)CC2)C1,9.530000000000001,0.9379232377972088,3
CHEMBL4860,COc1cnc(N(C(=O)c2cc(-c3cc(Cl)ccc3C(=O)N3Cc4ccccc4C[C@H]3CN3CCOCC3)n(C)c2C)c2ccc(O)cc2)cn1,8.26,0.0,1
CHEMBL4860,COc1ncc(N(C(=O)c2cc(-c3cc(Cl)ccc3C(=O)N3Cc4ccccc4C[C@H]3CN3CCOCC3)n(C)c2C)c2ccc(O)cc2)cn1,8.35,0.0,1
CHEMBL4860,COc1ncc(N(C(=O)c2cc(-c3cc(F)c(OC)cc3C(=O)N3Cc4ccccc4C[C@H]3CN3CCOCC3)n(C)c2C)c2ccc(O)cc2)cn1,8.21,0.0,1
CHEMBL4860,COc1ncc(N(C(=O)c2cc(-c3cc(F)ccc3C(=O)N3Cc4ccccc4C[C@H]3CN3CCOCC3)n(C)c2C)c2ccc(O)cc2)cn1,8.28,0.0,1
CHEMBL4860,COc1ncc(N(C(=O)c2cc(-c3cc4c(cc3C(=O)N3Cc5ccccc5C[C@H]3C)OCO4)n(C)c2C)c2ccc(O)cc2)cn1,8.36,0.0,1
CHEMBL4860,COc1ncc(N(C(=O)c2cc(-c3cc4c(cc3C(=O)N3Cc5ccccc5C[C@H]3CN3CCOCC3)OCO4)n(C)c2C)c2ccc(O)cc2)cn1,8.23,0.0,1
CHEMBL4860,COc1ncc(N(C(=O)c2cc(-c3ccccc3C(=O)N3Cc4ccccc4C[C@H]3CN3CCOCC3)n(C)c2C)c2ccc(O)cc2)cn1,7.87,0.0,1
CHEMBL4860,CS(=O)(=NC(=O)c1ccc(-c2ccc(N3CCCC3c3ccccc3C3CC3)cc2)cc1Oc1cnc2[nH]ccc2c1)c1ccc(NCC2CCOCC2)c([N+](=O)[O-])c1,7.17,0.0,1
CHEMBL4860,CS(=O)(=NC(=O)c1ccc(N2CCC3(CC2)CC(N2CCC[C@H]2c2ccccc2C2CC2)C3)cc1Oc1cnc2[nH]ccc2c1)c1ccc(NCC2CCOCC2)c([N+](=O)[O-])c1,8.48,0.0,1
CHEMBL4860,CS(=O)(=O)N1CC=C(c2ccccc2C2CCCN2c2ccc(-c3ccc(C(=O)NS(=O)(=O)c4ccc(NCC5CCOCC5)c([N+](=O)[O-])c4)c(Oc4cnc5[nH]ccc5c4)c3)cc2)CC1,7.96,0.0,1
CHEMBL4860,CS(=O)(=O)N1CCC(CNc2ccc(S(=O)(=O)NC(=O)c3ccc(-c4ccc(N5CCC[C@@H]5c5ccccc5C5CC5)cc4)cc3Oc3cnc4[nH]ccc4c3)cc2[N+](=O)[O-])CC1,8.48,0.0,1
CHEMBL4860,CS(=O)(=O)N1CCN(C[C@@H]2Cc3ccccc3CN2C(=O)c2cc3c(cc2-c2cc(C(=O)N(c4ccccc4)c4ccc(O)cc4)c4n2CCCC4)OCO3)CC1,7.66,0.0,1
CHEMBL4860,CS(=O)(=O)N1CCOC(CNc2ccc(S(=O)(=O)NC(=O)c3ccc(C4=CCC(N5CCCC5c5ccccc5C5CC5)CC4)cc3Oc3cnc4[nH]ccc4c3)cc2[N+](=O)[O-])C1,8.13,0.0,1
CHEMBL4860,CS(=O)(=O)NC(=O)c1cccc(CN(C(=O)c2cc(-c3cc4c(cc3C(=O)N3Cc5ccccc5C[C@H]3CN3CCOCC3)OCO4)n3c2CCCC3)c2ccc(OCc3ccccc3)cc2)c1,8.12,0.0,1
CHEMBL4860,CS(=O)(=O)Nc1ccccc1C1CCCN1c1ccc(-c2ccc(C(=O)NS(=O)(=O)c3ccc(NCC4CCOCC4)c([N+](=O)[O-])c3)c(Oc3cnc4[nH]ccc4c3)c2)cc1,7.75,0.0,1
CHEMBL4860,CS(C)(=O)=NC1CCC(CNc2ccc(S(=O)(=O)NC(=O)c3ccc(-c4ccc(N5CCC[C@@H]5c5ccccc5C5CC5)cc4)cc3Oc3cnc4[nH]ccc4c3)cc2[N+](=O)[O-])CC1,8.59,0.0,1
CHEMBL4860,CS(C)(=O)=NC1CCC(CNc2ccc(S(=O)(=O)NC(=O)c3ccc(-c4ccc(N5CCC[C@H]5c5ccccc5C5CC5)cc4)cc3Oc3cnc4[nH]ccc4c3)cc2[N+](=O)[O-])CC1,9.62,0.0,1
CHEMBL4860,CS(C)(=O)=NC1CCC(CNc2ccc(S(=O)(=O)NC(=O)c3ccc(N4CCC5(CC4)CC(N4CCC[C@H]4c4ccccc4C4CC4)C5)cc3Oc3cnc4[nH]ccc4c3)cc2[N+](=O)[O-])CC1,10.33,0.0,1
CHEMBL4860,CSCC[C@H](NC(=O)[C@H](CCCN=C(N)N)NC(=O)[C@H](CCCN=C(N)N)NC(=O)[C@H](CC(C)C)NC(=O)[C@H](CCC(=O)O)NC(=O)[C@H](CCCN=C(N)N)NC(=O)CNC(=O)[C@H](Cc1ccc(O)cc1)NC(=O)[C@H](CCCN=C(N)N)NC(=O)[C@@H](N)CCC(N)=O)C(=O)N[C@@H](CO)C(=O)N[C@@H](CC(=O)O)C(=O)N[C@@H](CCC(=O)O)C(=O)N[C@@H](Cc1ccccc1)C(=O)N[C@@H](CCC(=O)O)C(=O)NCC(=O)N[C@@H](CO)C(=O)N[C@@H](Cc1ccccc1)C(=O)N[C@@H](CCCCN)C(=O)NCC(=O)N[C@@H](CC(C)C)C(=O)O,4.76,0.0,1
CHEMBL4860,CSCC[C@H](NC(=O)[C@H](CCCN=C(N)N)NC(=O)[C@H](CCCN=C(N)N)NC(=O)[C@H](CC(C)C)NC(=O)[C@H](CCC(=O)O)NC(=O)[C@H](CCCN=C(N)N)NC(=O)CNC(=O)[C@H](Cc1ccc(O)cc1)NC(=O)[C@H](CCCN=C(N)N)NC(=O)[C@H](CCC(N)=O)NC(=O)[C@H](C)NC(=O)[C@H](C)NC(=O)[C@H](C)NC(=O)[C@H](CC(C)C)NC(=O)[C@@H](C)CC(N)=O)C(=O)N[C@@H](CO)C(=O)N[C@@H](CC(=O)O)C(=O)N[C@@H](CCC(=O)O)C(=O)N[C@@H](Cc1ccccc1)C(=O)N[C@@H](CCC(=O)O)C(=O)NCC(=O)N[C@@H](CO)C(=O)N[C@@H](Cc1ccccc1)C(=O)N[C@@H](CCCCN)C(=O)NCC(=O)N[C@@H](CC(C)C)C(=O)O,6.39,0.0,1
CHEMBL4860,CSCC[C@H](NC(=O)[C@H](CCCN=C(N)N)NC(=O)[C@H](CCCN=C(N)N)NC(=O)[C@H](CC(C)C)NC(=O)[C@H](CCC(=O)O)NC(=O)[C@H](CCCN=C(N)N)NC(=O)CNC(=O)[C@H](Cc1ccc(O)cc1)NC(=O)[C@H](CCCN=C(N)N)NC(=O)[C@H](CCC(N)=O)NC(=O)[C@H](C)NC(=O)[C@H](C)NC(=O)[C@H](Cc1c[nH]c2ccccc12)NC(=O)[C@H](CC(C)C)NC(=O)[C@@H](N)CC(N)=O)C(=O)N[C@@H](CO)C(=O)N[C@@H](CC(=O)O)C(=O)N[C@@H](CCC(=O)O)C(=O)N[C@@H](Cc1ccccc1)C(=O)N[C@@H](CCC(=O)O)C(=O)NCC(=O)N[C@@H](C)C(=O)N[C@@H](Cc1ccccc1)C(=O)N[C@@H](CCCCN)C(=O)NCC(=O)N[C@@H](CC(C)C)C(=O)O,6.1,0.0,1
CHEMBL4860,CSCC[C@H](NC(=O)[C@H](CCCN=C(N)N)NC(=O)[C@H](CCCN=C(N)N)NC(=O)[C@H](CC(C)C)NC(=O)[C@H](CCC(=O)O)NC(=O)[C@H](CCCN=C(N)N)NC(=O)CNC(=O)[C@H](Cc1ccc(O)cc1)NC(=O)[C@H](CCCN=C(N)N)NC(=O)[C@H](CCC(N)=O)NC(=O)[C@H](C)NC(=O)[C@H](C)NC(=O)[C@H](Cc1c[nH]c2ccccc12)NC(=O)[C@H](CC(C)C)NC(=O)[C@@H](N)CC(N)=O)C(=O)N[C@@H](CO)C(=O)N[C@@H](CC(=O)O)C(=O)N[C@@H](CCC(=O)O)C(=O)N[C@@H](Cc1ccccc1)C(=O)N[C@@H](CCC(=O)O)C(=O)NCC(=O)N[C@@H](CO)C(=O)N[C@@H](C)C(=O)N[C@@H](CCCCN)C(=O)NCC(=O)N[C@@H](CC(C)C)C(=O)O,5.87,0.0,1
CHEMBL4860,CSCC[C@H](NC(=O)[C@H](CCCN=C(N)N)NC(=O)[C@H](CCCN=C(N)N)NC(=O)[C@H](CC(C)C)NC(=O)[C@H](CCC(=O)O)NC(=O)[C@H](CCCN=C(N)N)NC(=O)CNC(=O)[C@H](Cc1ccc(O)cc1)NC(=O)[C@H](CCCN=C(N)N)NC(=O)[C@H](CCC(N)=O)NC(=O)[C@H](C)NC(=O)[C@H](C)NC(=O)[C@H](Cc1c[nH]c2ccccc12)NC(=O)[C@H](CC(C)C)NC(=O)[C@@H](N)CC(N)=O)C(=O)N[C@@H](CO)C(=O)N[C@@H](CC(=O)O)C(=O)N[C@@H](CCC(=O)O)C(=O)N[C@@H](Cc1ccccc1)C(=O)N[C@@H](CCC(=O)O)C(=O)NCC(=O)N[C@@H](CO)C(=O)N[C@@H](Cc1ccccc1)C(=O)N[C@@H](CCCCN)C(=O)NCC(=O)N[C@@H](CC(C)C)C(=O)O,6.52,0.0,1
CHEMBL4860,CSCC[C@H](NC(=O)[C@H](CCCN=C(N)N)NC(=O)[C@H](CCCN=C(N)N)NC(=O)[C@H](CC(C)C)NC(=O)[C@H](CCC(=O)O)NC(=O)[C@H](CCCN=C(N)N)NC(=O)CNC(=O)[C@H](Cc1ccc(O)cc1)NC(=O)[C@H](CCCN=C(N)N)NC(=O)[C@H](CCC(N)=O)NC(=O)[C@H](C)NC(=O)[C@H](C)NC(=O)[C@H](Cc1c[nH]c2ccccc12)NC(=O)[C@H](CC(C)C)NC(=O)[C@@H](N)CC(N)=O)C(=O)N[C@@H](CO)C(=O)N[C@@H](CC(=O)O)C(=O)N[C@@H](CCC(=O)O)C(=O)N[C@@H](Cc1ccccc1)C(=O)N[C@@H](CCC(=O)O)C(=O)NCC(=O)O,5.25,0.0,1
CHEMBL4860,CSCC[C@H](NC(=O)[C@H](CCCN=C(N)N)NC(=O)[C@H](CCCN=C(N)N)NC(=O)[C@H](CC(C)C)NC(=O)[C@H](CCC(=O)O)NC(=O)[C@H](CCCN=C(N)N)NC(=O)CNC(=O)[C@H](Cc1ccc(O)cc1)NC(=O)[C@H](CCCN=C(N)N)NC(=O)[C@H](CCC(N)=O)NC(=O)[C@H](C)NC(=O)[C@H](C)NC(=O)[C@H](Cc1c[nH]c2ccccc12)NC(=O)[C@H](CCCN=C(N)N)NC(=O)[C@@H](N)CC(N)=O)C(=O)N[C@@H](CO)C(=O)N[C@@H](CC(=O)O)C(=O)N[C@@H](CCC(=O)O)C(=O)N[C@@H](Cc1ccccc1)C(=O)N[C@@H](CCC(=O)O)C(=O)NCC(=O)N[C@@H](CO)C(=O)N[C@@H](Cc1ccccc1)C(=O)N[C@@H](CCCCN)C(=O)NCC(=O)N[C@@H](CC(C)C)C(=O)O,7.31,0.0,1
CHEMBL4860,CSc1ccc(N(C(=O)c2cc(-c3cc(Cl)ccc3C(=O)N3Cc4ccccc4C[C@H]3CN3CCOCC3)n3c2CCCC3)c2ccc(O)cc2)cc1C(F)(F)F,6.75,0.0,1
CHEMBL4860,C[C@@H]1CC[C@@H]2[C@]34OO[C@](C)(CC[C@@H]13)O[C@H]4O[C@]2(C)C(=O)N1CCN(c2ccc(C(=O)NS(=O)(=O)c3ccc(NCC4CCOCC4)c([N+](=O)[O-])c3)c(Oc3cnc4[nH]ccc4c3)c2)CC1,7.89,0.0,1
CHEMBL4860,C[C@@H]1CC[C@H]2C(CN3CCN(c4ccc(C(=O)NS(=O)(=O)c5ccc(NCC6CCOCC6)c([N+](=O)[O-])c5)c(Oc5cnc6[nH]ccc6c5)c4)CC3)=C(C(F)(F)F)O[C@@H]3O[C@@]4(C)CC[C@@H]1[C@]32O4,8.55,0.0,1
CHEMBL4860,C[C@@H]1CC[C@H]2C(CN3CCN(c4ccc(C(=O)NS(=O)(=O)c5ccc(NCC6CCOCC6)c([N+](=O)[O-])c5)c(Oc5cnc6[nH]ccc6c5)c4)CC3)=C(C(F)(F)F)O[C@@H]3O[C@@]4(C)CC[C@@H]1[C@]32OO4,8.21,0.0,1
CHEMBL4860,C[C@@H]1CC[C@H]2[C@@H](C)C(OCCN3CCN(c4ccc(C(=O)NS(=O)(=O)c5ccc(NCC6CCOCC6)c([N+](=O)[O-])c5)c(Oc5cnc6[nH]ccc6c5)c4)C[C@@H]3CO)O[C@@H]3O[C@@]4(C)CC[C@@H]1[C@]32OO4,7.54,0.0,1
CHEMBL4860,C[C@@H]1CC[C@H]2[C@@H](C)C(OCCN3CCN(c4ccc(C(=O)NS(=O)(=O)c5ccc(NCC6CCOCC6)c([N+](=O)[O-])c5)c(Oc5cnc6[nH]ccc6c5)c4)C[C@H]3CO)O[C@@H]3O[C@@]4(C)CC[C@@H]1[C@]32OO4,7.17,0.0,1
CHEMBL4860,C[C@@H]1CC[C@H]2[C@@H](C)C(OCCNC3CCN(c4ccc(C(=O)NS(=O)(=O)c5ccc(NCC6CCOCC6)c([N+](=O)[O-])c5)c(Oc5cnc6[nH]ccc6c5)c4)CC3)O[C@@H]3O[C@@]4(C)CC[C@@H]1[C@]32OO4,8.72,0.0,1
CHEMBL4860,C[C@@H]1CC[C@H]2[C@@](C)(O)[C@@H](OCCN3CCN(c4ccc(C(=O)NS(=O)(=O)c5ccc(NCC6CCOCC6)c([N+](=O)[O-])c5)c(Oc5cnc6[nH]ccc6c5)c4)CC3)O[C@@H]3O[C@@]4(C)CC[C@@H]1[C@]32OO4,7.06,0.0,1
CHEMBL4860,C[C@@H]1CN(c2cc(N3CCN(CC4=C(c5ccc(Cl)cc5)CC(C)(C)CC4)CC3)ccc2C(=O)NS(=O)(=O)c2ccc(NCC3CCOCC3)c([N+](=O)[O-])c2)c2cc3cc[nH]c3nc2O1,8.31,0.8626702730475881,2
CHEMBL4860,C[C@@H]1COCCN1C[C@@H]1Cc2ccccc2CN1C(=O)c1cc2c(cc1-c1cc(C(=O)N(c3ccc(O)cc3)c3ccc4c(ccn4C)c3)c3n1CCCC3)OCO2,7.77,0.0,1
CHEMBL4860,C[C@@H]1Cc2ccccc2CN1C(=O)c1cc2c(cc1-c1cc(C(=O)N(C)c3ccc(O)cc3)c3ccccn13)CN(C(=O)COc1ccccc1)C2,8.19,0.0,1
CHEMBL4860,C[C@@H]1Cc2ccccc2CN1C(=O)c1cc2c(cc1-c1cc(C(=O)N(C)c3ccc(O)cc3)c3n1CCCC3)CCN(C(=O)C1(c3ccccc3)CC1)C2,8.07,0.0,1
CHEMBL4860,C[C@@H]1Cc2ccccc2CN1C(=O)c1cc2c(cc1-c1cc(C(=O)N(C)c3ccc(O)cc3)c3n1CCCC3)CCN(C(=O)CCc1ccc(NCCN(C)C)cc1)C2,7.92,0.0,1
CHEMBL4860,C[C@@H]1Cc2ccccc2CN1C(=O)c1cc2c(cc1-c1cc(C(=O)N(C)c3ccc(O)cc3)c3n1CCCC3)CCN(C(=O)CCc1ccccc1)C2,8.31,0.0,1
CHEMBL4860,C[C@@H]1Cc2ccccc2CN1C(=O)c1cc2c(cc1-c1cc(C(=O)N(C)c3ccc(O)cc3)c3n1CCCC3)CCN(C(=O)Cc1ccc(C#N)cc1)C2,8.62,0.0,1
CHEMBL4860,C[C@@H]1Cc2ccccc2CN1C(=O)c1cc2c(cc1-c1cc(C(=O)N(C)c3ccc(O)cc3)c3n1CCCC3)CCN(C(=O)Cc1ccc(CN(C)C)cc1)C2,8.32,0.0,1
CHEMBL4860,C[C@@H]1Cc2ccccc2CN1C(=O)c1cc2c(cc1-c1cc(C(=O)N(C)c3ccc(O)cc3)c3n1CCCC3)CCN(C(=O)Cc1ccc(CN3CCN(C)CC3)cc1)C2,8.44,0.0,1
CHEMBL4860,C[C@@H]1Cc2ccccc2CN1C(=O)c1cc2c(cc1-c1cc(C(=O)N(C)c3ccc(O)cc3)c3n1CCCC3)CCN(C(=O)Cc1ccc(CN3CCOCC3)cc1)C2,8.48,0.0,1
CHEMBL4860,C[C@@H]1Cc2ccccc2CN1C(=O)c1cc2c(cc1-c1cc(C(=O)N(C)c3ccc(O)cc3)c3n1CCCC3)CCN(C(=O)Cc1ccc(N3CCN(C)CC3)cc1)C2,8.31,0.0,1
CHEMBL4860,C[C@@H]1Cc2ccccc2CN1C(=O)c1cc2c(cc1-c1cc(C(=O)N(C)c3ccc(O)cc3)c3n1CCCC3)CCN(C(=O)Cc1ccc(NCCN(C)C)cc1)C2,8.57,0.0,1
CHEMBL4860,C[C@@H]1Cc2ccccc2CN1C(=O)c1cc2c(cc1-c1cc(C(=O)N(C)c3ccc(O)cc3)c3n1CCCC3)CCN(C(=O)Cc1ccc(NCCN3CCOCC3)cc1)C2,8.41,0.0,1
CHEMBL4860,C[C@@H]1Cc2ccccc2CN1C(=O)c1cc2c(cc1-c1cc(C(=O)N(C)c3ccc(O)cc3)c3n1CCCC3)CCN(C(=O)Cc1ccc(OCCN(C)C)cc1)C2,8.41,0.0,1
CHEMBL4860,C[C@@H]1Cc2ccccc2CN1C(=O)c1cc2c(cc1-c1cc(C(=O)N(C)c3ccc(O)cc3)c3n1CCCC3)CCN(C(=O)Cc1cccc(N3CCN(C)CC3)c1)C2,8.48,0.0,1
CHEMBL4860,C[C@@H]1Cc2ccccc2CN1C(=O)c1cc2c(cc1-c1cc(C(=O)N(C)c3ccc(O)cc3)c3n1CCCC3)CCN(C(=O)Cc1cccc(NCCN(C)C)c1)C2,8.28,0.0,1
CHEMBL4860,C[C@@H]1Cc2ccccc2CN1C(=O)c1cc2c(cc1-c1cc(C(=O)N(C)c3ccc(O)cc3)c3n1CCCC3)CCN(C(=O)Cc1ccccc1)C2,8.32,0.0,1
CHEMBL4860,C[C@@H]1Cc2ccccc2CN1C(=O)c1cc2c(cc1-c1cc(C(=O)N(C)c3ccc(O)cc3)c3n1CCCC3)CCN(C(=O)N(C)c1ccccc1)C2,8.21,0.0,1
CHEMBL4860,C[C@@H]1Cc2ccccc2CN1C(=O)c1cc2c(cc1-c1cc(C(=O)N(C)c3ccc(O)cc3)c3n1CCCC3)CCN(C(=O)N1CC(c3ccccc3)C1)C2,8.31,0.0,1
CHEMBL4860,C[C@@H]1Cc2ccccc2CN1C(=O)c1cc2c(cc1-c1cc(C(=O)N(C)c3ccc(O)cc3)c3n1CCCC3)CCN(C(=O)N1CCC(c3ccccc3)C1)C2,8.03,0.0,1
CHEMBL4860,C[C@@H]1Cc2ccccc2CN1C(=O)c1cc2c(cc1-c1cc(C(=O)N(C)c3ccc(O)cc3)c3n1CCCC3)CCN(C(=O)NC(C)(C)C)C2,8.06,0.0,1
CHEMBL4860,C[C@@H]1Cc2ccccc2CN1C(=O)c1cc2c(cc1-c1cc(C(=O)N(C)c3ccc(O)cc3)c3n1CCCC3)CCN(C(=O)NCc1ccccc1)C2,8.37,0.0,1
CHEMBL4860,C[C@@H]1Cc2ccccc2CN1C(=O)c1cc2c(cc1-c1cc(C(=O)N(C)c3ccc(O)cc3)c3n1CCCC3)CCN(C(=O)Nc1ccccc1)C2,8.43,0.0,1
CHEMBL4860,C[C@@H]1Cc2ccccc2CN1C(=O)c1cc2c(cc1-c1cc(C(=O)N(C)c3ccc(O)cc3)c3n1CCCC3)CCN(C(=O)OC(C)(C)C)C2,7.92,0.0,1
CHEMBL4860,C[C@@H]1Cc2ccccc2CN1C(=O)c1cc2c(cc1-c1cc(C(=O)N(C)c3ccc(O)cc3)c3n1CCCC3)CCN(C(=O)OCc1ccccc1)C2,8.29,0.0,1
CHEMBL4860,C[C@@H]1Cc2ccccc2CN1C(=O)c1cc2c(cc1-c1cc(C(=O)N(C)c3ccc(O)cc3)c3n1CCCC3)CCN(C(=O)Oc1ccc(CCC(=O)N(C)C)cc1)C2,8.49,0.0,1
CHEMBL4860,C[C@@H]1Cc2ccccc2CN1C(=O)c1cc2c(cc1-c1cc(C(=O)N(C)c3ccc(O)cc3)c3n1CCCC3)CCN(C(=O)Oc1ccc(N)cc1)C2,8.38,0.0,1
CHEMBL4860,C[C@@H]1Cc2ccccc2CN1C(=O)c1cc2c(cc1-c1cc(C(=O)N(C)c3ccc(O)cc3)c3n1CCCC3)CCN(C(=O)Oc1ccc(NCCN(C)C)cc1)C2,8.38,0.0,1
CHEMBL4860,C[C@@H]1Cc2ccccc2CN1C(=O)c1cc2c(cc1-c1cc(C(=O)N(C)c3ccc(O)cc3)c3n1CCCC3)CCN(C(=O)Oc1ccccc1)C2,8.43,0.0,1
CHEMBL4860,C[C@@H]1Cc2ccccc2CN1C(=O)c1cc2c(cc1-c1cc(C(=O)N(C)c3ccc(O)cc3)c3n1CCCC3)CCN(C(=O)[C@H](C)c1ccccc1)C2,8.15,0.0,1
CHEMBL4860,C[C@@H]1Cc2ccccc2CN1C(=O)c1cc2c(cc1-c1cc(C(=O)N(C)c3ccc(O)cc3)c3n1CCCC3)CCN(C(=O)c1ccccc1)C2,8.33,0.0,1
CHEMBL4860,C[C@@H]1Cc2ccccc2CN1C(=O)c1cc2c(cc1-c1cc(C(=O)N(C)c3ccc(O)cc3)c3n1CCCC3)CCN(S(=O)(=O)Cc1ccccc1)C2,8.44,0.0,1
CHEMBL4860,C[C@@H]1Cc2ccccc2CN1C(=O)c1cc2c(cc1-c1cc(C(=O)N(C)c3ccc(O)cc3)c3n1CCCC3)CCN(S(=O)(=O)c1ccc3ccccc3c1)C2,7.58,0.0,1
CHEMBL4860,C[C@@H]1Cc2ccccc2CN1C(=O)c1cc2c(cc1-c1cc(C(=O)N(C)c3ccc(O)cc3)c3n1CCCC3)CCN(S(=O)(=O)c1ccccc1)C2,7.85,0.0,1
CHEMBL4860,C[C@@H]1Cc2ccccc2CN1C(=O)c1cc2c(cc1-c1cc(C(=O)N(C)c3ccc(O)cc3)c3n1CCCC3)CCNC2,7.08,0.0,1
CHEMBL4860,C[C@@H]1Cc2ccccc2CN1C(=O)c1cc2c(cc1-c1cc(C(=O)N(C)c3ccc(O)cc3)c3n1CCCC3)CN(C(=O)C1CC1)C2,7.7,0.0,1
CHEMBL4860,C[C@@H]1Cc2ccccc2CN1C(=O)c1cc2c(cc1-c1cc(C(=O)N(C)c3ccc(O)cc3)c3n1CCCC3)CN(C(=O)CCC1CCCCC1)C2,7.33,0.0,1
CHEMBL4860,C[C@@H]1Cc2ccccc2CN1C(=O)c1cc2c(cc1-c1cc(C(=O)N(C)c3ccc(O)cc3)c3n1CCCC3)CN(C(=O)CCc1ccccc1)C2,7.72,0.0,1
CHEMBL4860,C[C@@H]1Cc2ccccc2CN1C(=O)c1cc2c(cc1-c1cc(C(=O)N(C)c3ccc(O)cc3)c3n1CCCC3)CN(C(=O)CNc1ccccc1)C2,8.29,0.0,1
CHEMBL4860,C[C@@H]1Cc2ccccc2CN1C(=O)c1cc2c(cc1-c1cc(C(=O)N(C)c3ccc(O)cc3)c3n1CCCC3)CN(C(=O)COc1ccc(Cl)cc1)C2,7.64,0.0,1
CHEMBL4860,C[C@@H]1Cc2ccccc2CN1C(=O)c1cc2c(cc1-c1cc(C(=O)N(C)c3ccc(O)cc3)c3n1CCCC3)CN(C(=O)COc1cccc(Cl)c1)C2,7.75,0.0,1
CHEMBL4860,C[C@@H]1Cc2ccccc2CN1C(=O)c1cc2c(cc1-c1cc(C(=O)N(C)c3ccc(O)cc3)c3n1CCCC3)CN(C(=O)COc1ccccc1)C2,8.42,0.0,1
CHEMBL4860,C[C@@H]1Cc2ccccc2CN1C(=O)c1cc2c(cc1-c1cc(C(=O)N(C)c3ccc(O)cc3)c3n1CCCC3)CN(C(=O)COc1ccccc1Cl)C2,8.26,0.0,1
CHEMBL4860,C[C@@H]1Cc2ccccc2CN1C(=O)c1cc2c(cc1-c1cc(C(=O)N(C)c3ccc(O)cc3)c3n1CCCC3)CN(C(=O)CSc1ccccc1)C2,8.29,0.0,1
CHEMBL4860,C[C@@H]1Cc2ccccc2CN1C(=O)c1cc2c(cc1-c1cc(C(=O)N(C)c3ccc(O)cc3)c3n1CCCC3)CN(C(=O)Cc1ccc(OC(F)(F)F)cc1)C2,7.52,0.0,1
CHEMBL4860,C[C@@H]1Cc2ccccc2CN1C(=O)c1cc2c(cc1-c1cc(C(=O)N(C)c3ccc(O)cc3)c3n1CCCC3)CN(C(=O)Cc1ccccc1)C2,8.1,0.0,1
CHEMBL4860,C[C@@H]1Cc2ccccc2CN1C(=O)c1cc2c(cc1-c1cc(C(=O)N(C)c3ccc(O)cc3)c3n1CCCC3)CN(C(=O)Cc1csc(-c3cnccn3)n1)C2,8.13,0.0,1
CHEMBL4860,C[C@@H]1Cc2ccccc2CN1C(=O)c1cc2c(cc1-c1cc(C(=O)N(C)c3ccc(O)cc3)c3n1CCCC3)CN(C(=O)N(C)C(C)(C)C)C2,7.68,0.0,1
CHEMBL4860,C[C@@H]1Cc2ccccc2CN1C(=O)c1cc2c(cc1-c1cc(C(=O)N(C)c3ccc(O)cc3)c3n1CCCC3)CN(C(=O)N(C)Cc1ccccc1)C2,8.21,0.0,1
CHEMBL4860,C[C@@H]1Cc2ccccc2CN1C(=O)c1cc2c(cc1-c1cc(C(=O)N(C)c3ccc(O)cc3)c3n1CCCC3)CN(C(=O)N(C)c1ccccc1)C2,7.77,0.0,1
CHEMBL4860,C[C@@H]1Cc2ccccc2CN1C(=O)c1cc2c(cc1-c1cc(C(=O)N(C)c3ccc(O)cc3)c3n1CCCC3)CN(C(=O)N1CC(c3ccccc3)C1)C2,7.82,0.0,1
CHEMBL4860,C[C@@H]1Cc2ccccc2CN1C(=O)c1cc2c(cc1-c1cc(C(=O)N(C)c3ccc(O)cc3)c3n1CCCC3)CN(C(=O)N1CCC(c3ccccc3)C1)C2,7.8,0.0,1
CHEMBL4860,C[C@@H]1Cc2ccccc2CN1C(=O)c1cc2c(cc1-c1cc(C(=O)N(C)c3ccc(O)cc3)c3n1CCCC3)CN(C(=O)NC(C)(C)C)C2,7.62,0.0,1
CHEMBL4860,C[C@@H]1Cc2ccccc2CN1C(=O)c1cc2c(cc1-c1cc(C(=O)N(C)c3ccc(O)cc3)c3n1CCCC3)CN(C(=O)NCc1ccccc1)C2,8.36,0.0,1
CHEMBL4860,C[C@@H]1Cc2ccccc2CN1C(=O)c1cc2c(cc1-c1cc(C(=O)N(C)c3ccc(O)cc3)c3n1CCCC3)CN(C(=O)Nc1ccc(N3CCN(C)CC3)cc1)C2,8.19,0.0,1
CHEMBL4860,C[C@@H]1Cc2ccccc2CN1C(=O)c1cc2c(cc1-c1cc(C(=O)N(C)c3ccc(O)cc3)c3n1CCCC3)CN(C(=O)Nc1ccccc1)C2,8.23,0.0,1
CHEMBL4860,C[C@@H]1Cc2ccccc2CN1C(=O)c1cc2c(cc1-c1cc(C(=O)N(C)c3ccc(O)cc3)c3n1CCCC3)CN(C(=O)OC(C)(C)C)C2,6.97,0.0,1
CHEMBL4860,C[C@@H]1Cc2ccccc2CN1C(=O)c1cc2c(cc1-c1cc(C(=O)N(C)c3ccc(O)cc3)c3n1CCCC3)CN(C(=O)OCc1ccccc1)C2,7.7,0.0,1
CHEMBL4860,C[C@@H]1Cc2ccccc2CN1C(=O)c1cc2c(cc1-c1cc(C(=O)N(C)c3ccc(O)cc3)c3n1CCCC3)CN(C(=O)OCc1cnc3[nH]ccc3c1)C2,7.57,0.0,1
CHEMBL4860,C[C@@H]1Cc2ccccc2CN1C(=O)c1cc2c(cc1-c1cc(C(=O)N(C)c3ccc(O)cc3)c3n1CCCC3)CN(C(=O)Oc1ccccc1)C2,7.82,0.0,1
CHEMBL4860,C[C@@H]1Cc2ccccc2CN1C(=O)c1cc2c(cc1-c1cc(C(=O)N(C)c3ccc(O)cc3)c3n1CCCC3)CN(CC(=O)Nc1ccccc1)C2,7.7,0.0,1
CHEMBL4860,C[C@@H]1Cc2ccccc2CN1C(=O)c1cc2c(cc1-c1cc(C(=O)N(C)c3ccc(O)cc3)c3n1CCCC3)CN(CCC1CCCCC1)C2,7.55,0.0,1
CHEMBL4860,C[C@@H]1Cc2ccccc2CN1C(=O)c1cc2c(cc1-c1cc(C(=O)N(C)c3ccc(O)cc3)c3n1CCCC3)CN(CCCc1ccccc1)C2,7.8,0.0,1
CHEMBL4860,C[C@@H]1Cc2ccccc2CN1C(=O)c1cc2c(cc1-c1cc(C(=O)N(C)c3ccc(O)cc3)c3n1CCCC3)CN(CCc1ccccc1)C2,7.68,0.0,1
CHEMBL4860,C[C@@H]1Cc2ccccc2CN1C(=O)c1cc2c(cc1-c1cc(C(=O)N(C)c3ccc(O)cc3)c3n1CCCC3)CN(Cc1ccccc1)C2,7.48,0.0,1
CHEMBL4860,C[C@@H]1Cc2ccccc2CN1C(=O)c1cc2c(cc1-c1cc(C(=O)N(C)c3ccc(O)cc3)c3n1CCCC3)CN(Cc1ccccn1)C2,7.64,0.0,1
CHEMBL4860,C[C@@H]1Cc2ccccc2CN1C(=O)c1cc2c(cc1-c1cc(C(=O)N(C)c3ccc(O)cc3)c3n1CCCC3)CNC2,6.9,0.0,1
CHEMBL4860,C[C@@H]1Cc2ccccc2CN1C(=O)c1cc2c(cc1-c1cc(C(=O)N(c3ccc(O)cc3)c3cnc4c(ccn4C)c3)c3n1CCCC3)CN(C(=O)COc1ccccc1)C2,8.34,0.0,1
CHEMBL4860,C[C@@H]1Cc2ccccc2CN1C(=O)c1cc2c(cc1-c1cc(C(=O)N(c3ccc(O)cc3)c3cnn(C)c3)c(CN3CCOCC3)n1C)OCO2,7.71,0.0,1
CHEMBL4860,C[C@@H]1Cc2ccccc2CN1C(=O)c1cc2c(cc1-c1cc(C(=O)N(c3ccccc3)c3ccc(O)cc3)c3n1CCCC3)CCN(C(=O)Cc1ccccc1)C2,8.37,0.0,1
CHEMBL4860,C[C@@H]1Cc2ccccc2CN1C(=O)c1cc2c(cc1-c1cc(C(=O)N(c3ccccc3)c3ccc(O)cc3)c3n1CCCC3)CN(C(=O)OC(C)(C)C)C2,7.11,0.0,1
CHEMBL4860,C[C@@H]1Cc2ccccc2CN1C(=O)c1cc2c(cc1-c1cc(C(=O)N(c3ccccc3)c3ccc(O)cc3)c3n1CCCC3)CN(C(=O)Oc1ccccc1)C2,8.15,0.0,1
CHEMBL4860,C[C@@H]1Cc2ccccc2CN1C(=O)c1cc2c(cc1-c1cc(C(=O)N(c3ccccc3)c3ccc(O)cc3)c3n1CCCC3)CNC2,7.89,0.0,1
CHEMBL4860,C[C@H](C(=O)N1CCc2cc(-c3cc(C(=O)N(C)c4ccc(O)cc4)c4n3CCCC4)c(C(=O)N3Cc4ccccc4C[C@H]3C)cc2C1)c1ccccc1,8.21,0.0,1
CHEMBL4860,C[C@H]1COCCN1C[C@@H]1Cc2ccccc2CN1C(=O)c1cc2c(cc1-c1cc(C(=O)N(c3ccc(O)cc3)c3ccc4c(ccn4C)c3)c3n1CCCC3)OCO2,7.75,0.0,1
CHEMBL4860,C[C@H]1COC[C@H](C)N1C[C@@H]1Cc2ccccc2CN1C(=O)c1cc2c(cc1-c1cc(C(=O)N(c3ccc(O)cc3)c3ccc4c(ccn4C)c3)c3n1CCCC3)OCO2,7.09,0.0,1
CHEMBL4860,C[C@H]1[C@@H](CC(=O)N2CCN(c3ccc(C(=O)NS(=O)(=O)c4ccc(NCC5CCOCC5)c([N+](=O)[O-])c4)c(Oc4cnc5[nH]ccc5c4)c3)CC2)O[C@@H]2O[C@@]3(C)CC[C@H]4[C@H](C)CC[C@@H]1[C@@]24O3,8.46,0.0,1
CHEMBL4860,C[C@H]1[C@@H](CC(=O)N2CCN(c3ccc(C(=O)NS(=O)(=O)c4ccc(NCC5CCOCC5)c([N+](=O)[O-])c4)c(Oc4cnc5[nH]ccc5c4)c3)CC2)O[C@@H]2O[C@@]3(C)CC[C@H]4[C@H](C)CC[C@@H]1[C@@]24OO3,7.92,0.0,1
CHEMBL4860,C[C@H]1[C@@H](CC(=O)N2CCN(c3ccc(C(=O)NS(=O)(=O)c4ccc(NCC5CCOCC5)c([N+](=O)[O-])c4)c(Oc4cnc5[nH]ccc5c4)c3)CC2)O[C@@H]2O[C@]3(C)O[C@]24[C@H]1CC[C@@H](C)[C@@H]4C[C@H]3O,7.3,0.0,1
CHEMBL4860,C[C@H]1[C@@H](CCCN2CCN(c3ccc(C(=O)NS(=O)(=O)c4ccc(NCC5CCOCC5)c([N+](=O)[O-])c4)c(Oc4cnc5[nH]ccc5c4)c3)CC2)O[C@@H]2O[C@@]3(C)CC[C@H]4[C@H](C)CC[C@@H]1[C@@]24OO3,8.92,0.0,1
CHEMBL4860,C[C@H]1[C@@H](CCN2CCN(c3ccc(C(=O)NS(=O)(=O)c4ccc(NCC5CCOCC5)c([N+](=O)[O-])c4)c(Oc4cnc5[nH]ccc5c4)c3)CC2)O[C@@H]2O[C@@]3(C)CC[C@H]4[C@H](C)CC[C@@H]1[C@@]24O3,8.74,0.0,1
CHEMBL4860,C[C@H]1[C@@H](CCN2CCN(c3ccc(C(=O)NS(=O)(=O)c4ccc(NCC5CCOCC5)c([N+](=O)[O-])c4)c(Oc4cnc5[nH]ccc5c4)c3)CC2)O[C@@H]2O[C@@]3(C)CC[C@H]4[C@H](C)CC[C@@H]1[C@@]24OO3,8.01,0.0,1
CHEMBL4860,C[C@H]1[C@@H](OCCN2CCN(c3ccc(C(=O)NS(=O)(=O)c4ccc(NCC5CCOCC5)c([N+](=O)[O-])c4)c(Oc4cnc5[nH]ccc5c4)c3)CC2)O[C@@H]2O[C@@]3(C)CC[C@H]4[C@H](C)CC[C@@H]1[C@@]24O3,8.66,0.0,1
CHEMBL4860,C[C@H]1[C@@H](OCCN2CCN(c3ccc(C(=O)NS(=O)(=O)c4ccc(NCC5CCOCC5)c([N+](=O)[O-])c4)c(Oc4cnc5[nH]ccc5c4)c3)CC2)O[C@@H]2O[C@@]3(C)CC[C@H]4[C@H](C)CC[C@@H]1[C@@]24OO3,8.3,0.0,1
CHEMBL4860,C[C@H]1[C@@H](OCCN2CCN(c3ccc(C(=O)NS(=O)(=O)c4ccc(NCC5CCOCC5)c([N+](=O)[O-])c4)c(Oc4cnc5[nH]ccc5c4)c3)CC2)O[C@@H]2O[C@]3(C)O[C@]24[C@H]1CC[C@@H](C)[C@@H]4C[C@H]3O,7.5,0.0,1
CHEMBL4860,C[C@H]1[C@H](N(C)CCN2CCN(c3ccc(C(=O)NS(=O)(=O)c4ccc(NCC5CCOCC5)c([N+](=O)[O-])c4)c(Oc4cnc5[nH]ccc5c4)c3)CC2)O[C@@H]2O[C@@]3(C)CC[C@H]4[C@H](C)CC[C@@H]1[C@@]24OO3,7.78,0.0,1
CHEMBL4860,C[C@]1(O)CC[C@@H](CNc2ccc(S(=O)(=O)NC(=O)c3ccc(-c4ccc(N5CCC[C@@H]5c5ccccc5C5CC5)cc4)cc3Oc3cnc4[nH]ccc4c3)cc2[N+](=O)[O-])CC1,8.44,0.0,1
CHEMBL4860,C[C@]1(O)CC[C@@H](CNc2ccc(S(=O)(=O)NC(=O)c3ccc(-c4ccc(N5CCC[C@H]5c5ccccc5C5CC5)cc4)cc3Oc3cnc4[nH]ccc4c3)cc2[N+](=O)[O-])CC1,7.54,0.0,1
CHEMBL4860,C[C@]1(O)CC[C@@H](CNc2ccc(S(=O)(=O)NC(=O)c3ccc(C4=CCC(N5CCC[C@H]5c5ccccc5C5CC5)CC4)cc3Oc3cnc4[nH]ccc4c3)cc2[N+](=O)[O-])CC1,8.15,0.0,1
CHEMBL4860,C[C@]1(O)CC[C@H](CNc2ccc(S(=O)(=O)NC(=O)c3ccc(-c4ccc(N5CC(C(F)(F)F)CC5c5ccccc5C5CC5)cc4)cc3Oc3cnc4[nH]ccc4c3)cc2[N+](=O)[O-])CC1,7.89,0.0,1
CHEMBL4860,C[C@]1(O)CC[C@H](CNc2ccc(S(=O)(=O)NC(=O)c3ccc(-c4ccc(N5CC(F)(F)CC5c5ccccc5C5CC5)cc4)cc3Oc3cnc4[nH]ccc4c3)cc2[N+](=O)[O-])CC1,8.8,0.0,1
CHEMBL4860,C[C@]1(O)CC[C@H](CNc2ccc(S(=O)(=O)NC(=O)c3ccc(-c4ccc(N5CCC[C@@H]5c5ccccc5C5CC5)cc4)cc3Oc3cc(F)cc4[nH]ccc34)cc2[N+](=O)[O-])CC1,7.31,0.0,1
CHEMBL4860,C[C@]1(O)CC[C@H](CNc2ccc(S(=O)(=O)NC(=O)c3ccc(-c4ccc(N5CCC[C@@H]5c5ccccc5C5CC5)cc4)cc3Oc3cnc4[nH]ccc4c3)cc2[N+](=O)[O-])CC1,8.850000000000001,0.15556349186104027,2
CHEMBL4860,C[C@]1(O)CC[C@H](CNc2ccc(S(=O)(=O)NC(=O)c3ccc(-c4ccc(N5CCC[C@H]5c5ccccc5C5CC5)cc4)cc3Oc3cnc4[nH]ccc4c3)cc2[N+](=O)[O-])CC1,8.0,0.0,1
CHEMBL4860,C[C@]1(O)CC[C@H](CNc2ccc(S(=O)(=O)NC(=O)c3ccc(-c4ccc5c(c4)CCC(N4CCC[C@H]4c4ccccc4C4CC4)C5)cc3Oc3cnc4[nH]ccc4c3)cc2[N+](=O)[O-])CC1,7.77,0.0,1
CHEMBL4860,C[C@]1(O)CC[C@H](CNc2ccc(S(=O)(=O)NC(=O)c3ccc(C4=CCC(N5CCCC5c5cccc(Cl)c5C5CC5)CC4)cc3Oc3cnc4[nH]ccc4c3)cc2[N+](=O)[O-])CC1,8.22,0.0,1
CHEMBL4860,C[C@]1(O)CC[C@H](CNc2ccc(S(=O)(=O)NC(=O)c3ccc(C4=CCC5(CC4)CC(N4CCC[C@H]4c4ccccc4C4CC4)C5)cc3Oc3cnc4[nH]ccc4c3)cc2[N+](=O)[O-])CC1,9.35,0.0,1
CHEMBL4860,C[C@]1(O)CC[C@H](CNc2ccc(S(=O)(=O)NC(=O)c3ccc(N4CC5(CC(N6CCC[C@H]6c6ccccc6C6CC6)C5)C4)cc3Oc3cnc4[nH]ccc4c3)cc2[N+](=O)[O-])CC1,9.91,1.0889444430272825,2
CHEMBL4860,C[C@]1(O)CC[C@H](CNc2ccc(S(=O)(=O)NC(=O)c3ccc(N4CC5(CCC(N6CCC[C@H]6c6ccccc6C6CC6)C5)C4)cc3Oc3cnc4[nH]ccc4c3)cc2[N+](=O)[O-])CC1,9.57,0.0,1
CHEMBL4860,C[C@]1(O)CC[C@H](CNc2ccc(S(=O)(=O)NC(=O)c3ccc(N4CCC5(CC(N6CCC[C@H]6c6ccccc6C6CC6)C5)C4)cc3Oc3cnc4[nH]ccc4c3)cc2[N+](=O)[O-])CC1,9.13,0.0,1
CHEMBL4860,C[C@]1(O)CC[C@H](CNc2ccc(S(=O)(=O)NC(=O)c3ccc(N4CCC5(CC4)CC(=O)C5)cc3Oc3cnc4[nH]ccc4c3)cc2[N+](=O)[O-])CC1,7.31,0.0,1
CHEMBL4860,C[C@]1(O)CC[C@H](CNc2ccc(S(=O)(=O)NC(=O)c3ccc(N4CCC5(CC4)CC(N4CC(C(F)(F)F)CC4c4ccccc4C4CC4)C5)cc3Oc3cnc4[nH]ccc4c3)cc2[N+](=O)[O-])CC1,8.42,0.0,1
CHEMBL4860,C[C@]1(O)CC[C@H](CNc2ccc(S(=O)(=O)NC(=O)c3ccc(N4CCC5(CC4)CC(N4CCC[C@@H]4c4ccccc4C4CC4)C5)cc3Oc3cnc4[nH]ccc4c3)cc2[N+](=O)[O-])CC1,9.2,0.0,1
CHEMBL4860,C[C@]1(O)CC[C@H](CNc2ccc(S(=O)(=O)NC(=O)c3ccc(N4CCC5(CC4)CC(N4CCC[C@H]4c4ccccc4)C5)cc3Oc3cnc4[nH]ccc4c3)cc2[N+](=O)[O-])CC1,9.68,0.0,1
CHEMBL4860,C[C@]1(O)CC[C@H](CNc2ccc(S(=O)(=O)NC(=O)c3ccc(N4CCC5(CC4)CC(N4CCC[C@H]4c4ccccc4C4CC4)C5)cc3Oc3cnc4[nH]ccc4c3)cc2[N+](=O)[O-])CC1,9.496666666666668,1.014018408774383,3
CHEMBL4860,C[C@]1(O)CC[C@H](CNc2ccc(S(=O)(=O)NC(=O)c3ccc(N4CCC5(CC[C@@H](N6CCC[C@H]6c6ccccc6C6CC6)C5)C4)cc3Oc3cnc4[nH]ccc4c3)cc2[N+](=O)[O-])CC1,8.945,0.07778174593051983,2
CHEMBL4860,Cc1c(Br)c(C(=O)N(c2ccccc2)c2ccccc2)nn1-c1ccccc1C(=O)N1Cc2ccccc2C[C@H]1CO,7.04,0.5091168824543147,2
CHEMBL4860,Cc1c(C#N)c(-c2cccc(N3CCN(c4ccc(NS(=O)(=O)c5ccc(N[C@H](CCN(C)C)CSc6ccccc6)c([N+](=O)[O-])c5)cc4)CC3)c2)c(-c2ccc(Cl)cc2)n1C,7.77,0.0,1
CHEMBL4860,Cc1c(C(=O)N(C)c2ccc(O)cc2)cc(-c2cc(CCN(C(=O)O)c3ccccc3)ccc2C(=O)N2Cc3ccccc3C[C@H]2C)n1C,7.41,0.0,1
CHEMBL4860,Cc1c(C(=O)N(C)c2ccc(O)cc2)cc(-c2cc(CCNC(=O)COc3ccccc3)ccc2C(=O)N2Cc3ccccc3C[C@H]2C)n1C,7.12,0.0,1
CHEMBL4860,Cc1c(C(=O)N(C)c2ccc(O)cc2)cc(-c2cc(CCNC(=O)Cc3ccccc3)ccc2C(=O)N2Cc3ccccc3C[C@H]2C)n1C,7.1,0.0,1
CHEMBL4860,Cc1c(C(=O)N(C)c2ccc(O)cc2)cc(-c2cc(CCNC(=O)NCc3ccccc3)ccc2C(=O)N2Cc3ccccc3C[C@H]2C)n1C,7.12,0.0,1
CHEMBL4860,Cc1c(C(=O)N(C)c2ccc(O)cc2)cc(-c2cc(CCNC(=O)Nc3ccccc3)ccc2C(=O)N2Cc3ccccc3C[C@H]2C)n1C,6.88,0.0,1
CHEMBL4860,Cc1c(C(=O)N(C)c2ccc(O)cc2)cc(-c2cc(CCNS(=O)(=O)CCc3ccc(F)cc3)ccc2C(=O)N2Cc3ccccc3C[C@H]2C)n1C,6.68,0.0,1
CHEMBL4860,Cc1c(C(=O)N(C)c2ccc(O)cc2)cc(-c2cc(CNC(=O)COc3ccccc3)ccc2C(=O)N2Cc3ccccc3C[C@H]2C)n1C,7.36,0.0,1
CHEMBL4860,Cc1c(C(=O)N(C)c2ccc(O)cc2)cc(-c2cc(CNC(=O)NCc3ccccc3)ccc2C(=O)N2Cc3ccccc3C[C@H]2C)n1C,7.57,0.0,1
CHEMBL4860,Cc1c(C(=O)N(C)c2ccc(O)cc2)cc(-c2cc(CNC(=O)Oc3ccccc3)ccc2C(=O)N2Cc3ccccc3C[C@H]2C)n1C,7.19,0.0,1
CHEMBL4860,Cc1c(C(=O)N(C)c2ccc(O)cc2)cc(-c2cc3c(cc2C(=O)N2Cc4ccccc4C[C@H]2C)CN(C(=O)C(C)Oc2ccccc2)C3)n1C,8.17,0.0,1
CHEMBL4860,Cc1c(C(=O)N(C)c2ccc(O)cc2)cc(-c2cc3c(cc2C(=O)N2Cc4ccccc4C[C@H]2C)CN(C(=O)CC2CCCCC2)CC3)n1C,8.28,0.0,1
CHEMBL4860,Cc1c(C(=O)N(C)c2ccc(O)cc2)cc(-c2cc3c(cc2C(=O)N2Cc4ccccc4C[C@H]2C)CN(C(=O)CN2CCCCC2)C3)n1C,7.11,0.0,1
CHEMBL4860,Cc1c(C(=O)N(C)c2ccc(O)cc2)cc(-c2cc3c(cc2C(=O)N2Cc4ccccc4C[C@H]2C)CN(C(=O)CN2CCCCC2)CC3)n1C,7.82,0.0,1
CHEMBL4860,Cc1c(C(=O)N(C)c2ccc(O)cc2)cc(-c2cc3c(cc2C(=O)N2Cc4ccccc4C[C@H]2C)CN(C(=O)COCc2ccccc2)C3)n1C,8.16,0.0,1
CHEMBL4860,Cc1c(C(=O)N(C)c2ccc(O)cc2)cc(-c2cc3c(cc2C(=O)N2Cc4ccccc4C[C@H]2C)CN(C(=O)COc2ccccc2)C3)n1C,8.44,0.0,1
CHEMBL4860,Cc1c(C(=O)N(C)c2ccc(O)cc2)cc(-c2cc3c(cc2C(=O)N2Cc4ccccc4C[C@H]2C)CN(C(=O)Cc2ccc(C#N)cc2)CC3)n1C,8.38,0.0,1
CHEMBL4860,Cc1c(C(=O)N(C)c2ccc(O)cc2)cc(-c2cc3c(cc2C(=O)N2Cc4ccccc4C[C@H]2C)CN(C(=O)Cc2ccc(F)cc2)C3)n1C,8.3,0.0,1
CHEMBL4860,Cc1c(C(=O)N(C)c2ccc(O)cc2)cc(-c2cc3c(cc2C(=O)N2Cc4ccccc4C[C@H]2C)CN(C(=O)Cc2ccc4c(c2)OCO4)C3)n1C,8.47,0.0,1
CHEMBL4860,Cc1c(C(=O)N(C)c2ccc(O)cc2)cc(-c2cc3c(cc2C(=O)N2Cc4ccccc4C[C@H]2C)CN(C(=O)Cc2ccccc2)C3)n1C,8.26,0.0,1
CHEMBL4860,Cc1c(C(=O)N(C)c2ccc(O)cc2)cc(-c2cc3c(cc2C(=O)N2Cc4ccccc4C[C@H]2C)CN(C(=O)Cc2ccccc2)CC3)n1C,8.4,0.0,1
CHEMBL4860,Cc1c(C(=O)N(C)c2ccc(O)cc2)cc(-c2cc3c(cc2C(=O)N2Cc4ccccc4C[C@H]2C)CN(C(=O)NC2CCCCC2)CC3)n1C,8.34,0.0,1
CHEMBL4860,Cc1c(C(=O)N(C)c2ccc(O)cc2)cc(-c2cc3c(cc2C(=O)N2Cc4ccccc4C[C@H]2C)CN(C(=O)NCc2ccccc2)C3)n1C,8.08,0.0,1
CHEMBL4860,Cc1c(C(=O)N(C)c2ccc(O)cc2)cc(-c2cc3c(cc2C(=O)N2Cc4ccccc4C[C@H]2C)CN(C(=O)Nc2ccccc2)CC3)n1C,8.28,0.0,1
CHEMBL4860,Cc1c(C(=O)N(C)c2ccc(O)cc2)cc(-c2cc3c(cc2C(=O)N2Cc4ccccc4C[C@H]2C)CN(C(=O)OC2CCCCC2)CC3)n1C,8.47,0.0,1
CHEMBL4860,Cc1c(C(=O)N(C)c2ccc(O)cc2)cc(-c2cc3c(cc2C(=O)N2Cc4ccccc4C[C@H]2C)CN(C(=O)OC2CCS(=O)(=O)C2)C3)n1C,7.68,0.0,1
CHEMBL4860,Cc1c(C(=O)N(C)c2ccc(O)cc2)cc(-c2cc3c(cc2C(=O)N2Cc4ccccc4C[C@H]2C)CN(C(=O)O[C@H]2CC[C@H](N(C)C)CC2)CC3)n1C,8.4,0.0,1
CHEMBL4860,Cc1c(C(=O)N(C)c2ccc(O)cc2)cc(-c2cc3c(cc2C(=O)N2Cc4ccccc4C[C@H]2C)CN(C(=O)O[C@H]2CC[C@H](N)CC2)CC3)n1C,8.57,0.0,1
CHEMBL4860,Cc1c(C(=O)N(C)c2ccc(O)cc2)cc(-c2cc3c(cc2C(=O)N2Cc4ccccc4C[C@H]2C)CN(C(=O)O[C@H]2CC[C@H](NC(=O)OC(C)(C)C)CC2)CC3)n1C,8.7,0.0,1
CHEMBL4860,Cc1c(C(=O)N(C)c2ccc(O)cc2)cc(-c2cc3c(cc2C(=O)N2Cc4ccccc4C[C@H]2C)CN(C(=O)Oc2ccc(C#N)cc2)CC3)n1C,8.49,0.0,1
CHEMBL4860,Cc1c(C(=O)N(C)c2ccc(O)cc2)cc(-c2cc3c(cc2C(=O)N2Cc4ccccc4C[C@H]2C)CN(C(=O)Oc2ccc(CCC(=O)N(C)C)cc2)CC3)n1C,8.44,0.0,1
CHEMBL4860,Cc1c(C(=O)N(C)c2ccc(O)cc2)cc(-c2cc3c(cc2C(=O)N2Cc4ccccc4C[C@H]2C)CN(C(=O)Oc2ccc(Cl)cc2)C3)n1C,8.14,0.0,1
CHEMBL4860,Cc1c(C(=O)N(C)c2ccc(O)cc2)cc(-c2cc3c(cc2C(=O)N2Cc4ccccc4C[C@H]2C)CN(C(=O)Oc2ccc(F)cc2)C3)n1C,8.28,0.0,1
CHEMBL4860,Cc1c(C(=O)N(C)c2ccc(O)cc2)cc(-c2cc3c(cc2C(=O)N2Cc4ccccc4C[C@H]2C)CN(C(=O)Oc2ccc(N(C)CCN(C)C)cc2)CC3)n1C,8.35,0.0,1
CHEMBL4860,Cc1c(C(=O)N(C)c2ccc(O)cc2)cc(-c2cc3c(cc2C(=O)N2Cc4ccccc4C[C@H]2C)CN(C(=O)Oc2ccc(OCCN(C)C)cc2)CC3)n1C,8.74,0.0,1
CHEMBL4860,Cc1c(C(=O)N(C)c2ccc(O)cc2)cc(-c2cc3c(cc2C(=O)N2Cc4ccccc4C[C@H]2C)CN(C(=O)Oc2cccc(C(=O)O)c2)CC3)n1C,8.66,0.0,1
CHEMBL4860,Cc1c(C(=O)N(C)c2ccc(O)cc2)cc(-c2cc3c(cc2C(=O)N2Cc4ccccc4C[C@H]2C)CN(C(=O)Oc2cccc(CCC(=O)N(C)C)c2)CC3)n1C,8.66,0.0,1
CHEMBL4860,Cc1c(C(=O)N(C)c2ccc(O)cc2)cc(-c2cc3c(cc2C(=O)N2Cc4ccccc4C[C@H]2C)CN(C(=O)Oc2cccc(OCCN(C)C)c2)CC3)n1C,8.54,0.0,1
CHEMBL4860,Cc1c(C(=O)N(C)c2ccc(O)cc2)cc(-c2cc3c(cc2C(=O)N2Cc4ccccc4C[C@H]2C)CN(C(=O)Oc2ccccc2)C3)n1C,8.36,0.0,1
CHEMBL4860,Cc1c(C(=O)N(C)c2ccc(O)cc2)cc(-c2cc3c(cc2C(=O)N2Cc4ccccc4C[C@H]2C)CN(C(=O)Oc2ccccc2)CC3)n1C,8.54,0.0,1
CHEMBL4860,Cc1c(C(=O)N(C)c2ccc(O)cc2)cc(-c2cc3c(cc2C(=O)N2Cc4ccccc4C[C@H]2C)CN(C(=O)Oc2ccccc2CCC(=O)N(C)C)CC3)n1C,8.62,0.0,1
CHEMBL4860,Cc1c(C(=O)N(C)c2ccc(O)cc2)cc(-c2cc3c(cc2C(=O)N2Cc4ccccc4C[C@H]2C)CN(C(=O)Oc2ccccc2OCCN(C)C)CC3)n1C,8.7,0.0,1
CHEMBL4860,Cc1c(C(=O)N(C)c2ccc(O)cc2)cc(-c2cc3c(cc2C(=O)N2Cc4ccccc4C[C@H]2C)CN(C(=O)[C@@H](N)c2ccccc2)C3)n1C,7.26,0.0,1
CHEMBL4860,Cc1c(C(=O)N(C)c2ccc(O)cc2)cc(-c2cc3c(cc2C(=O)N2Cc4ccccc4C[C@H]2C)CN(C(=O)[C@@H](O)c2ccccc2)C3)n1C,7.48,0.0,1
CHEMBL4860,Cc1c(C(=O)N(C)c2ccc(O)cc2)cc(-c2cc3c(cc2C(=O)N2Cc4ccccc4C[C@H]2C)CN(C(=O)[C@H](N)c2ccccc2)C3)n1C,8.23,0.0,1
CHEMBL4860,Cc1c(C(=O)N(C)c2ccc(O)cc2)cc(-c2cc3c(cc2C(=O)N2Cc4ccccc4C[C@H]2C)CN(C(=O)[C@H](O)c2ccccc2)C3)n1C,8.38,0.0,1
CHEMBL4860,Cc1c(C(=O)N(C)c2ccc(O)cc2)cc(-c2cc3c(cc2C(=O)N2Cc4ccccc4C[C@H]2CCCN2CCOCC2)CN(C(=O)OC2CCCCC2)CC3)n1C,8.51,0.0,1
CHEMBL4860,Cc1c(C(=O)N(C)c2ccc(O)cc2)cc(-c2cc3c(cc2C(=O)N2Cc4ccccc4C[C@H]2CCCN2CCOCC2)CN(C(=O)Oc2ccccc2)CC3)n1C,8.57,0.0,1
CHEMBL4860,Cc1c(C(=O)N(C)c2ccc(O)cc2)cc(-c2cc3c(cc2C(=O)N2Cc4ccccc4C[C@H]2CCN2CCOCC2)CN(C(=O)Cc2ccccc2)CC3)n1C,8.54,0.0,1
CHEMBL4860,Cc1c(C(=O)N(C)c2ccc(O)cc2)cc(-c2cc3c(cc2C(=O)N2Cc4ccccc4C[C@H]2CCN2CCOCC2)CN(C(=O)OC2CCCCC2)CC3)n1C,8.41,0.0,1
CHEMBL4860,Cc1c(C(=O)N(C)c2ccc(O)cc2)cc(-c2cc3c(cc2C(=O)N2Cc4ccccc4C[C@H]2CCN2CCOCC2)CN(C(=O)Oc2ccccc2)CC3)n1C,8.62,0.0,1
CHEMBL4860,Cc1c(C(=O)N(C)c2ccc(O)cc2)cc(-c2cc3c(cc2C(=O)N2Cc4ccccc4C[C@H]2CN(C)C)CN(C(=O)C(F)(F)F)CC3)n1C,7.29,0.0,1
CHEMBL4860,Cc1c(C(=O)N(C)c2ccc(O)cc2)cc(-c2cc3c(cc2C(=O)N2Cc4ccccc4C[C@H]2CN(C)C)CN(C(=O)Cc2ccccc2)CC3)n1C,8.39,0.0,1
CHEMBL4860,Cc1c(C(=O)N(C)c2ccc(O)cc2)cc(-c2cc3c(cc2C(=O)N2Cc4ccccc4C[C@H]2CN(C)C)CN(C(=O)Oc2ccccc2)CC3)n1C,8.47,0.0,1
CHEMBL4860,Cc1c(C(=O)N(C)c2ccc(O)cc2)cc(-c2cc3c(cc2C(=O)N2Cc4ccccc4C[C@H]2CN2CCN(C)CC2)CN(C(=O)C(F)(F)F)CC3)n1C,7.64,0.0,1
CHEMBL4860,Cc1c(C(=O)N(C)c2ccc(O)cc2)cc(-c2cc3c(cc2C(=O)N2Cc4ccccc4C[C@H]2CN2CCN(C)CC2)CN(C(=O)Cc2ccccc2)CC3)n1C,8.51,0.0,1
CHEMBL4860,Cc1c(C(=O)N(C)c2ccc(O)cc2)cc(-c2cc3c(cc2C(=O)N2Cc4ccccc4C[C@H]2CN2CCN(C)CC2)CN(C(=O)Oc2cccc(C(=O)O)c2)CC3)n1C,8.82,0.0,1
CHEMBL4860,Cc1c(C(=O)N(C)c2ccc(O)cc2)cc(-c2cc3c(cc2C(=O)N2Cc4ccccc4C[C@H]2CN2CCN(C)CC2)CN(C(=O)Oc2ccccc2)CC3)n1C,8.57,0.0,1
CHEMBL4860,Cc1c(C(=O)N(C)c2ccc(O)cc2)cc(-c2cc3c(cc2C(=O)N2Cc4ccccc4C[C@H]2CN2CCOCC2)CN(C(=O)/C=C/c2ccc(Cl)c(Cl)c2)CC3)n1C,8.03,0.0,1
CHEMBL4860,Cc1c(C(=O)N(C)c2ccc(O)cc2)cc(-c2cc3c(cc2C(=O)N2Cc4ccccc4C[C@H]2CN2CCOCC2)CN(C(=O)/C=C/c2ccccc2)CC3)n1C,8.4,0.0,1
CHEMBL4860,Cc1c(C(=O)N(C)c2ccc(O)cc2)cc(-c2cc3c(cc2C(=O)N2Cc4ccccc4C[C@H]2CN2CCOCC2)CN(C(=O)CC24CC5CC(CC(C5)C2)C4)CC3)n1C,8.04,0.0,1
CHEMBL4860,Cc1c(C(=O)N(C)c2ccc(O)cc2)cc(-c2cc3c(cc2C(=O)N2Cc4ccccc4C[C@H]2CN2CCOCC2)CN(C(=O)CC2CCCCC2)CC3)n1C,8.34,0.0,1
CHEMBL4860,Cc1c(C(=O)N(C)c2ccc(O)cc2)cc(-c2cc3c(cc2C(=O)N2Cc4ccccc4C[C@H]2CN2CCOCC2)CN(C(=O)CCC2CCCCC2)CC3)n1C,8.34,0.0,1
CHEMBL4860,Cc1c(C(=O)N(C)c2ccc(O)cc2)cc(-c2cc3c(cc2C(=O)N2Cc4ccccc4C[C@H]2CN2CCOCC2)CN(C(=O)CCc2ccccc2)CC3)n1C,8.51,0.0,1
CHEMBL4860,Cc1c(C(=O)N(C)c2ccc(O)cc2)cc(-c2cc3c(cc2C(=O)N2Cc4ccccc4C[C@H]2CN2CCOCC2)CN(C(=O)COc2ccccc2)C3)n1C,8.07,0.0,1
CHEMBL4860,Cc1c(C(=O)N(C)c2ccc(O)cc2)cc(-c2cc3c(cc2C(=O)N2Cc4ccccc4C[C@H]2CN2CCOCC2)CN(C(=O)Cc2ccccc2)CC3)n1C,8.46,0.0,1
CHEMBL4860,Cc1c(C(=O)N(C)c2ccc(O)cc2)cc(-c2cc3c(cc2C(=O)N2Cc4ccccc4C[C@H]2CN2CCOCC2)CN(C(=O)NC2CCCCC2)CC3)n1C,8.36,0.0,1
CHEMBL4860,Cc1c(C(=O)N(C)c2ccc(O)cc2)cc(-c2cc3c(cc2C(=O)N2Cc4ccccc4C[C@H]2CN2CCOCC2)CN(C(=O)Nc2ccccc2)CC3)n1C,8.38,0.0,1
CHEMBL4860,Cc1c(C(=O)N(C)c2ccc(O)cc2)cc(-c2cc3c(cc2C(=O)N2Cc4ccccc4C[C@H]2CN2CCOCC2)CN(C(=O)OC2CCCC2)CC3)n1C,8.21,0.0,1
CHEMBL4860,Cc1c(C(=O)N(C)c2ccc(O)cc2)cc(-c2cc3c(cc2C(=O)N2Cc4ccccc4C[C@H]2CN2CCOCC2)CN(C(=O)OC2CCCCC2)CC3)n1C,8.55,0.0,1
CHEMBL4860,Cc1c(C(=O)N(C)c2ccc(O)cc2)cc(-c2cc3c(cc2C(=O)N2Cc4ccccc4C[C@H]2CN2CCOCC2)CN(C(=O)O[C@@H]2C[C@H](C)CC[C@H]2C(C)C)CC3)n1C,7.68,0.0,1
CHEMBL4860,Cc1c(C(=O)N(C)c2ccc(O)cc2)cc(-c2cc3c(cc2C(=O)N2Cc4ccccc4C[C@H]2CN2CCOCC2)CN(C(=O)Oc2ccc(Br)cc2)CC3)n1C,8.29,0.0,1
CHEMBL4860,Cc1c(C(=O)N(C)c2ccc(O)cc2)cc(-c2cc3c(cc2C(=O)N2Cc4ccccc4C[C@H]2CN2CCOCC2)CN(C(=O)Oc2ccc(C#N)cc2)CC3)n1C,8.55,0.0,1
CHEMBL4860,Cc1c(C(=O)N(C)c2ccc(O)cc2)cc(-c2cc3c(cc2C(=O)N2Cc4ccccc4C[C@H]2CN2CCOCC2)CN(C(=O)Oc2ccc(C(=O)O)cc2)CC3)n1C,8.31,0.0,1
CHEMBL4860,Cc1c(C(=O)N(C)c2ccc(O)cc2)cc(-c2cc3c(cc2C(=O)N2Cc4ccccc4C[C@H]2CN2CCOCC2)CN(C(=O)Oc2ccc(Cl)c(Cl)c2)CC3)n1C,7.75,0.0,1
CHEMBL4860,Cc1c(C(=O)N(C)c2ccc(O)cc2)cc(-c2cc3c(cc2C(=O)N2Cc4ccccc4C[C@H]2CN2CCOCC2)CN(C(=O)Oc2ccc(Cl)cc2)CC3)n1C,8.18,0.0,1
CHEMBL4860,Cc1c(C(=O)N(C)c2ccc(O)cc2)cc(-c2cc3c(cc2C(=O)N2Cc4ccccc4C[C@H]2CN2CCOCC2)CN(C(=O)Oc2ccc4[nH]ccc4c2)CC3)n1C,8.23,0.0,1
CHEMBL4860,Cc1c(C(=O)N(C)c2ccc(O)cc2)cc(-c2cc3c(cc2C(=O)N2Cc4ccccc4C[C@H]2CN2CCOCC2)CN(C(=O)Oc2ccc4cc[nH]c4c2)CC3)n1C,8.2,0.0,1
CHEMBL4860,Cc1c(C(=O)N(C)c2ccc(O)cc2)cc(-c2cc3c(cc2C(=O)N2Cc4ccccc4C[C@H]2CN2CCOCC2)CN(C(=O)Oc2ccc4ccccc4c2)CC3)n1C,8.06,0.0,1
CHEMBL4860,Cc1c(C(=O)N(C)c2ccc(O)cc2)cc(-c2cc3c(cc2C(=O)N2Cc4ccccc4C[C@H]2CN2CCOCC2)CN(C(=O)Oc2cccc(C#N)c2)CC3)n1C,8.06,0.0,1
CHEMBL4860,Cc1c(C(=O)N(C)c2ccc(O)cc2)cc(-c2cc3c(cc2C(=O)N2Cc4ccccc4C[C@H]2CN2CCOCC2)CN(C(=O)Oc2cccc(C(=O)O)c2)CC3)n1C,8.32,0.0,1
CHEMBL4860,Cc1c(C(=O)N(C)c2ccc(O)cc2)cc(-c2cc3c(cc2C(=O)N2Cc4ccccc4C[C@H]2CN2CCOCC2)CN(C(=O)Oc2ccccc2)CC3)n1C,8.46,0.0,1
CHEMBL4860,Cc1c(C(=O)N(C)c2ccc(O)cc2)cc(-c2ccc(CNC(=O)COc3ccccc3)cc2C(=O)N2Cc3ccccc3C[C@H]2C)n1C,7.3,0.0,1
CHEMBL4860,Cc1c(C(=O)N(C)c2ccc(O)cc2)cc(-c2ccc(CNC(=O)NCc3ccccc3)cc2C(=O)N2Cc3ccccc3C[C@H]2C)n1C,7.22,0.0,1
CHEMBL4860,Cc1c(C(=O)N(C)c2ccc(O)cc2)cc(-c2ccc(CNC(=O)Oc3ccccc3)cc2C(=O)N2Cc3ccccc3C[C@H]2C)n1C,7.88,0.0,1
CHEMBL4860,Cc1c(C(=O)N(C)c2ccc(O)cc2)cc(-c2ccc(CNS(=O)(=O)CCc3ccc(F)cc3)cc2C(=O)N2Cc3ccccc3C[C@H]2C)n1C,6.87,0.0,1
CHEMBL4860,Cc1c(C(=O)N(C)c2ccccc2)cc(-c2cc3c(cc2C(=O)N2Cc4ccccc4C[C@H]2C)CN(C(=O)Cc2ccc(C#N)cc2)CC3)n1C,8.37,0.0,1
CHEMBL4860,Cc1c(C(=O)N(C)c2ccccc2)cc(-c2cc3c(cc2C(=O)N2Cc4ccccc4C[C@H]2C)CN(C(=O)Cc2ccc(NCCN(C)C)cc2)CC3)n1C,7.96,0.0,1
CHEMBL4860,Cc1c(C(=O)N(C)c2ccccc2)cc(-c2cc3c(cc2C(=O)N2Cc4ccccc4C[C@H]2C)CN(C(=O)Cc2ccccc2)CC3)n1C,8.47,0.0,1
CHEMBL4860,Cc1c(C(=O)N(C)c2ccccc2)cc(-c2cc3c(cc2C(=O)N2Cc4ccccc4C[C@H]2C)CN(C(=O)Oc2ccc(C#N)cc2)CC3)n1C,8.08,0.0,1
CHEMBL4860,Cc1c(C(=O)N(C)c2ccccc2)cc(-c2cc3c(cc2C(=O)N2Cc4ccccc4C[C@H]2C)CN(C(=O)Oc2ccc(CCC(=O)N(C)C)cc2)CC3)n1C,8.36,0.0,1
CHEMBL4860,Cc1c(C(=O)N(C)c2ccccc2)cc(-c2cc3c(cc2C(=O)N2Cc4ccccc4C[C@H]2C)CN(C(=O)Oc2ccc(N(C)CCN(C)C)cc2)CC3)n1C,8.28,0.0,1
CHEMBL4860,Cc1c(C(=O)N(C)c2ccccc2)cc(-c2cc3c(cc2C(=O)N2Cc4ccccc4C[C@H]2C)CN(C(=O)Oc2ccc(NCCN(C)C)cc2)CC3)n1C,8.49,0.0,1
CHEMBL4860,Cc1c(C(=O)N(C)c2ccccc2)cc(-c2cc3c(cc2C(=O)N2Cc4ccccc4C[C@H]2C)CN(C(=O)Oc2ccc4[nH]ccc4c2)CC3)n1C,8.05,0.0,1
CHEMBL4860,Cc1c(C(=O)N(C)c2ccccc2)cc(-c2cc3c(cc2C(=O)N2Cc4ccccc4C[C@H]2C)CN(C(=O)Oc2cccc(CCC(=O)N(C)C)c2)CC3)n1C,8.3,0.0,1
CHEMBL4860,Cc1c(C(=O)N(C)c2ccccc2)cc(-c2cc3c(cc2C(=O)N2Cc4ccccc4C[C@H]2C)CN(C(=O)Oc2cccc(N(C)CCN(C)C)c2)CC3)n1C,8.37,0.0,1
CHEMBL4860,Cc1c(C(=O)N(C)c2ccccc2)cc(-c2cc3c(cc2C(=O)N2Cc4ccccc4C[C@H]2C)CN(C(=O)Oc2cccc(OCCN(C)C)c2)CC3)n1C,8.4,0.0,1
CHEMBL4860,Cc1c(C(=O)N(C)c2ccccc2)cc(-c2cc3c(cc2C(=O)N2Cc4ccccc4C[C@H]2C)CN(C(=O)Oc2ccccc2)CC3)n1C,8.42,0.0,1
CHEMBL4860,Cc1c(C(=O)N(C)c2ccccc2)cc(-c2cc3c(cc2C(=O)N2Cc4ccccc4C[C@H]2C)CN(C(=O)Oc2cnc4[nH]ccc4c2)CC3)n1C,7.96,0.0,1
CHEMBL4860,Cc1c(C(=O)N(C)c2ccccc2)cc(-c2cc3c(cc2C(=O)N2Cc4ccccc4C[C@H]2C)CNCC3)n1C,6.21,0.0,1
CHEMBL4860,Cc1c(C(=O)N(C)c2ccccc2)cc(-c2cc3c(cc2C(=O)N2Cc4ccccc4C[C@H]2CCCN2CCOCC2)CN(C(=O)OC2CCCCC2)CC3)n1C,8.42,0.0,1
CHEMBL4860,Cc1c(C(=O)N(C)c2ccccc2)cc(-c2cc3c(cc2C(=O)N2Cc4ccccc4C[C@H]2CN2CCN(C)CC2)CN(C(=O)Oc2cccc(C(=O)O)c2)CC3)n1C,7.92,0.0,1
CHEMBL4860,Cc1c(C(=O)N(C)c2ccccc2)cc(-c2cc3c(cc2C(=O)N2Cc4ccccc4C[C@H]2CN2CCOCC2)CN(C(=O)Cc2ccc(C#N)cc2)CC3)n1C,8.28,0.0,1
CHEMBL4860,Cc1c(C(=O)N(C)c2ccccc2)cc(-c2cc3c(cc2C(=O)N2Cc4ccccc4C[C@H]2CN2CCOCC2)CN(C(=O)Cc2ccccc2)CC3)n1C,8.6,0.0,1
CHEMBL4860,Cc1c(C(=O)N(C)c2ccccc2)cc(-c2cc3c(cc2C(=O)N2Cc4ccccc4C[C@H]2CN2CCOCC2)CN(C(=O)Oc2ccc(C#N)cc2)CC3)n1C,8.19,0.0,1
CHEMBL4860,Cc1c(C(=O)N(C)c2ccccc2)cc(-c2cc3c(cc2C(=O)N2Cc4ccccc4C[C@H]2CN2CCOCC2)CN(C(=O)Oc2ccc4[nH]ccc4c2)CC3)n1C,8.28,0.0,1
CHEMBL4860,Cc1c(C(=O)N(C)c2ccccc2)cc(-c2cc3c(cc2C(=O)N2Cc4ccccc4C[C@H]2CN2CCOCC2)CN(C(=O)Oc2ccc4cc[nH]c4c2)CC3)n1C,8.14,0.0,1
CHEMBL4860,Cc1c(C(=O)N(C)c2ccccc2)cc(-c2cc3c(cc2C(=O)N2Cc4ccccc4C[C@H]2CN2CCOCC2)CN(C(=O)Oc2ccccc2)CC3)n1C,8.47,0.0,1
CHEMBL4860,Cc1c(C(=O)N(C)c2ccccc2)cc(-c2cc3c(cc2C(=O)N2Cc4ccccc4C[C@H]2CN2CCOCC2)CN(C(=O)Oc2cnc4[nH]ccc4c2)CC3)n1C,8.21,0.0,1
CHEMBL4860,Cc1c(C(=O)N(C)c2ccccc2)cc(-c2cc3c(cc2C(=O)N2Cc4ccccc4C[C@H]2CN2CCOCC2)CN(C(=O)Oc2cnc4c(ccn4C)c2)CC3)n1C,8.16,0.0,1
CHEMBL4860,Cc1c(C(=O)N(C2=CC3C(C=CN3C)N=C2)c2ccc(O)cc2)cc(-c2cc(Cl)ccc2C(=O)N2Cc3ccccc3C[C@H]2CN2CCOCC2)n1C,8.7,0.0,1
CHEMBL4860,Cc1c(C(=O)N(c2ccc(O)c(F)c2)c2cnn(C)c2)cc(-c2cc(Cl)ccc2C(=O)N2Cc3ccccc3C[C@H]2CN2CCOCC2)n1C,8.0,0.0,1
CHEMBL4860,Cc1c(C(=O)N(c2ccc(O)c(F)c2)c2cnn(C)c2)cc(-c2cc3c(cc2C(=O)N2Cc4ccccc4C[C@H]2CN2CCOCC2)OCO3)n1C,7.8,0.0,1
CHEMBL4860,Cc1c(C(=O)N(c2ccc(O)cc2)c2cc(C#N)ccn2)cc(-c2cc(Cl)ccc2C(=O)N2Cc3ccccc3C[C@H]2CN2CCOCC2)n1C,8.07,0.0,1
CHEMBL4860,Cc1c(C(=O)N(c2ccc(O)cc2)c2cc(C#N)n(C)c2)cc(-c2cc(Cl)ccc2C(=O)N2Cc3ccccc3C[C@H]2CN2CCOCC2)n1C,8.515,0.1484924240491737,2
CHEMBL4860,Cc1c(C(=O)N(c2ccc(O)cc2)c2cc(C#N)n(C)c2)cc(-c2cc(F)ccc2C(=O)N2Cc3ccccc3C[C@H]2CN2CCOCC2)n1C,8.29,0.0,1
CHEMBL4860,Cc1c(C(=O)N(c2ccc(O)cc2)c2cc(C#N)n(C)c2)cc(-c2ccccc2C(=O)N2Cc3ccccc3C[C@H]2CN2CCOCC2)n1C,8.59,0.0,1
CHEMBL4860,Cc1c(C(=O)N(c2ccc(O)cc2)c2cc(C#N)n(CCN3CCOCC3)c2C)cc(-c2cc(Cl)ccc2C(=O)N2Cc3ccccc3C[C@H]2C)n1C,8.72,0.0,1
CHEMBL4860,Cc1c(C(=O)N(c2ccc(O)cc2)c2cc(C#N)nn2C)cc(-c2cc(Cl)ccc2C(=O)N2Cc3ccccc3C[C@H]2CN2CCOCC2)n1C,8.57,0.0,1
CHEMBL4860,Cc1c(C(=O)N(c2ccc(O)cc2)c2cc3ccn(C)c3cn2)cc(-c2cc(Cl)ccc2C(=O)N2Cc3ccccc3C[C@H]2CN2CCOCC2)n1C,7.83,0.0,1
CHEMBL4860,Cc1c(C(=O)N(c2ccc(O)cc2)c2ccc(C#N)s2)cc(-c2cc(Cl)ccc2C(=O)N2Cc3ccccc3C[C@H]2CN2CCOCC2)n1C,7.31,0.0,1
CHEMBL4860,Cc1c(C(=O)N(c2ccc(O)cc2)c2ccc(F)c(C#N)c2)cc(-c2cc(Cl)ccc2C(=O)N2Cc3ccccc3C[C@H]2CN2CCOCC2)n1C,8.1,0.0,1
CHEMBL4860,Cc1c(C(=O)N(c2ccc(O)cc2)c2ccc(F)c(C#N)c2)cc(-c2cc(F)ccc2C(=O)N2Cc3ccccc3C[C@H]2CN2CCOCC2)n1C,8.36,0.0,1
CHEMBL4860,Cc1c(C(=O)N(c2ccc(O)cc2)c2ccc(F)cc2)cc(-c2cc(Cl)ccc2C(=O)N2Cc3ccccc3C[C@H]2CN2CCOCC2)n1C,7.96,0.0,1
CHEMBL4860,Cc1c(C(=O)N(c2ccc(O)cc2)c2ccc3c(c2)ncn3C)cc(-c2cc(Cl)ccc2C(=O)N2Cc3ccccc3C[C@H]2CN2CCOCC2)n1C,8.11,0.0,1
CHEMBL4860,Cc1c(C(=O)N(c2ccc(O)cc2)c2ccc3c(ccn3C)c2)cc(-c2cc3c(cc2C(=O)N2Cc4ccccc4C[C@H]2CN2CCOCC2)OCO3)n1C,8.43,0.0,1
CHEMBL4860,Cc1c(C(=O)N(c2ccc(O)cc2)c2ccc3c(ccn3C)n2)cc(-c2cc(Cl)ccc2C(=O)N2Cc3ccccc3C[C@H]2CN2CCOCC2)n1C,7.52,0.0,1
CHEMBL4860,Cc1c(C(=O)N(c2ccc(O)cc2)c2ccc3c(cnn3C)c2)cc(-c2cc(F)ccc2C(=O)N2Cc3ccccc3C[C@H]2CN2CCOCC2)n1C,8.26,0.0,1
CHEMBL4860,Cc1c(C(=O)N(c2ccc(O)cc2)c2cccc(C#N)c2)cc(-c2cc(Cl)ccc2C(=O)N2Cc3ccccc3C[C@H]2CN2CCOCC2)n1C,8.41,0.0,1
CHEMBL4860,Cc1c(C(=O)N(c2ccc(O)cc2)c2cccc(C#N)c2)cc(-c2cc(F)ccc2C(=O)N2Cc3ccccc3C[C@H]2CN2CCOCC2)n1C,8.55,0.0,1
CHEMBL4860,Cc1c(C(=O)N(c2ccc(O)cc2)c2cccc(C#N)n2)cc(-c2cc(Cl)ccc2C(=O)N2Cc3ccccc3C[C@H]2CN2CCOCC2)n1C,7.04,0.0,1
CHEMBL4860,Cc1c(C(=O)N(c2ccc(O)cc2)c2cccc(F)c2)cc(-c2cc(Cl)ccc2C(=O)N2Cc3ccccc3C[C@H]2CN2CCOCC2)n1C,8.09,0.0,1
CHEMBL4860,Cc1c(C(=O)N(c2ccc(O)cc2)c2cccc(F)c2)cc(-c2cc3c(cc2C(=O)N2Cc4ccccc4C[C@H]2C)OCO3)n1C,8.0,0.0,1
CHEMBL4860,Cc1c(C(=O)N(c2ccc(O)cc2)c2cccc(F)c2)cc(-c2cc3c(cc2C(=O)N2Cc4ccccc4C[C@H]2CN2CCOCC2)OCO3)n1C,7.9,0.0,1
CHEMBL4860,Cc1c(C(=O)N(c2ccc(O)cc2)c2ccnc(C#N)n2)cc(-c2cc(Cl)ccc2C(=O)N2Cc3ccccc3C[C@H]2CN2CCOCC2)n1C,7.61,0.0,1
CHEMBL4860,Cc1c(C(=O)N(c2ccc(O)cc2)c2cnc(F)cn2)cc(-c2cc(Cl)ccc2C(=O)N2Cc3ccccc3C[C@H]2CN2CCOCC2)n1C,8.11,0.0,1
CHEMBL4860,Cc1c(C(=O)N(c2ccc(O)cc2)c2cnc(OCCN3CCOCC3)nc2)cc(-c2cc(Cl)ccc2C(=O)N2Cc3ccccc3C[C@H]2C)n1C,8.57,0.0,1
CHEMBL4860,Cc1c(C(=O)N(c2ccc(O)cc2)c2cnc3c(c2)CCN3C)cc(-c2cc(Cl)ccc2C(=O)N2Cc3ccccc3C[C@H]2CCCN2CCOCC2)n1C,8.6,0.0,1
CHEMBL4860,Cc1c(C(=O)N(c2ccc(O)cc2)c2cnc3c(c2)CCN3C)cc(-c2cc(Cl)ccc2C(=O)N2Cc3ccccc3C[C@H]2CN2CCOCC2)n1C,8.44,0.0,1
CHEMBL4860,Cc1c(C(=O)N(c2ccc(O)cc2)c2cnc3c(c2)CCN3C)cc(-c2cc(F)ccc2C(=O)N2Cc3ccccc3C[C@H]2CN2CCOCC2)n1C,8.46,0.0,1
CHEMBL4860,Cc1c(C(=O)N(c2ccc(O)cc2)c2cnc3c(c2)CCN3C)cc(-c2cc3c(cc2C(=O)N2Cc4ccccc4C[C@H]2CN2CCOCC2)OCO3)n1C,8.4,0.0,1
CHEMBL4860,Cc1c(C(=O)N(c2ccc(O)cc2)c2cnc3c(c2)CCN3C)cc(-c2ccccc2C(=O)N2Cc3ccccc3C[C@H]2CN2CCOCC2)n1C,8.0,0.0,1
CHEMBL4860,Cc1c(C(=O)N(c2ccc(O)cc2)c2cnc3c(ccn3C)c2)cc(-c2cc(CNC(=O)COc3ccccc3)ccc2C(=O)N2Cc3ccccc3C[C@H]2C)n1C,7.75,0.0,1
CHEMBL4860,Cc1c(C(=O)N(c2ccc(O)cc2)c2cnc3c(ccn3C)c2)cc(-c2cc(Cl)ccc2C(=O)N2Cc3ccccc3CC2C(F)(F)F)n1C,7.7,0.0,1
CHEMBL4860,Cc1c(C(=O)N(c2ccc(O)cc2)c2cnc3c(ccn3C)c2)cc(-c2cc(Cl)ccc2C(=O)N2Cc3ccccc3C[C@H]2C)n1C,8.29,0.0,1
CHEMBL4860,Cc1c(C(=O)N(c2ccc(O)cc2)c2cnc3c(ccn3C)c2)cc(-c2cc(Cl)ccc2C(=O)N2Cc3ccccc3C[C@H]2CCCN2CCOCC2)n1C,8.68,0.0,1
CHEMBL4860,Cc1c(C(=O)N(c2ccc(O)cc2)c2cnc3c(ccn3C)c2)cc(-c2cc(Cl)ccc2C(=O)N2Cc3ccccc3C[C@H]2CN2CCN(C)CC2)n1C,8.7,0.0,1
CHEMBL4860,Cc1c(C(=O)N(c2ccc(O)cc2)c2cnc3c(ccn3C)c2)cc(-c2cc(Cl)ccc2C(=O)N2Cc3ccccc3C[C@H]2CN2CCOCC2)n1C,8.21,0.0,1
CHEMBL4860,Cc1c(C(=O)N(c2ccc(O)cc2)c2cnc3c(ccn3C)c2)cc(-c2cc(F)ccc2C(=O)N2Cc3ccccc3C[C@H]2CN2CCOCC2)n1C,8.24,0.0,1
CHEMBL4860,Cc1c(C(=O)N(c2ccc(O)cc2)c2cnc3c(ccn3C)c2)cc(-c2cc3c(cc2C(=O)N2Cc4ccccc4C[C@H]2C)OCO3)n1C,8.28,0.0,1
CHEMBL4860,Cc1c(C(=O)N(c2ccc(O)cc2)c2cnc3c(ccn3C)c2)cc(-c2cc3c(cc2C(=O)N2Cc4ccccc4C[C@H]2CN2CCN(C)CC2)OCO3)n1C,8.28,0.0,1
CHEMBL4860,Cc1c(C(=O)N(c2ccc(O)cc2)c2cnc3c(ccn3C)c2)cc(-c2cc3c(cc2C(=O)N2Cc4ccccc4C[C@H]2CN2CCOCC2)OCO3)n1C,8.52,0.0,1
CHEMBL4860,Cc1c(C(=O)N(c2ccc(O)cc2)c2cnc3c(ccn3C)c2)cc(-c2ccccc2C(=O)N2Cc3ccccc3C[C@H]2CN2CCOCC2)n1C,7.91,0.0,1
CHEMBL4860,Cc1c(C(=O)N(c2ccc(O)cc2)c2cnc3c(cnn3C)c2)cc(-c2cc(F)ccc2C(=O)N2Cc3ccccc3C[C@H]2CN2CCOCC2)n1C,8.54,0.0,1
CHEMBL4860,Cc1c(C(=O)N(c2ccc(O)cc2)c2cnccn2)cc(-c2cc(Cl)ccc2C(=O)N2Cc3ccccc3C[C@H]2CN2CCOCC2)n1C,7.95,0.0,1
CHEMBL4860,Cc1c(C(=O)N(c2ccc(O)cc2)c2cnn(C)c2)cc(-c2cc(Cl)ccc2C(=O)N2Cc3ccccc3C[C@H]2C)n1C,8.3,0.0,1
CHEMBL4860,Cc1c(C(=O)N(c2ccc(O)cc2)c2cnn(C)c2)cc(-c2cc(Cl)ccc2C(=O)N2Cc3ccccc3C[C@H]2C)n1CCN1CCOCC1,8.26,0.0,1
CHEMBL4860,Cc1c(C(=O)N(c2ccc(O)cc2)c2cnn(C)c2)cc(-c2cc(Cl)ccc2C(=O)N2Cc3ccccc3C[C@H]2CN2CC3(CCO3)C2)n1C,8.34,0.0,1
CHEMBL4860,Cc1c(C(=O)N(c2ccc(O)cc2)c2cnn(C)c2)cc(-c2cc(Cl)ccc2C(=O)N2Cc3ccccc3C[C@H]2CN2CCN3CCOC[C@@H]3C2)n1C,8.44,0.0,1
CHEMBL4860,Cc1c(C(=O)N(c2ccc(O)cc2)c2cnn(C)c2)cc(-c2cc(Cl)ccc2C(=O)N2Cc3ccccc3C[C@H]2CN2CCN3CCOC[C@H]3C2)n1C,8.47,0.0,1
CHEMBL4860,Cc1c(C(=O)N(c2ccc(O)cc2)c2cnn(C)c2)cc(-c2cc(Cl)ccc2C(=O)N2Cc3ccccc3C[C@H]2CN2CCOCC2)n1C,8.469999999999999,0.09899494936611643,2
CHEMBL4860,Cc1c(C(=O)N(c2ccc(O)cc2)c2cnn(C)c2)cc(-c2cc(F)c(O)cc2C(=O)N2Cc3ccccc3C[C@H]2C)n1C,8.68,0.0,1
CHEMBL4860,Cc1c(C(=O)N(c2ccc(O)cc2)c2cnn(C)c2)cc(-c2cc(F)ccc2C(=O)N2Cc3ccccc3C[C@H]2CN2CCOCC2)n1C,8.055,0.21920310216783073,2
CHEMBL4860,Cc1c(C(=O)N(c2ccc(O)cc2)c2cnn(C)c2)cc(-c2cc3c(cc2C(=O)N2Cc4ccccc4C[C@H]2C)OCO3)n1C,8.14,0.0,1
CHEMBL4860,Cc1c(C(=O)N(c2ccc(O)cc2)c2cnn(C)c2)cc(-c2cc3c(cc2C(=O)N2Cc4ccccc4C[C@H]2C)OCO3)n1CCN,8.33,0.0,1
CHEMBL4860,Cc1c(C(=O)N(c2ccc(O)cc2)c2cnn(C)c2)cc(-c2cc3c(cc2C(=O)N2Cc4ccccc4C[C@H]2C)OCO3)n1CCN(C)C,8.28,0.0,1
CHEMBL4860,Cc1c(C(=O)N(c2ccc(O)cc2)c2cnn(C)c2)cc(-c2cc3c(cc2C(=O)N2Cc4ccccc4C[C@H]2C)OCO3)n1CCN1CCOCC1,7.87,0.0,1
CHEMBL4860,Cc1c(C(=O)N(c2ccc(O)cc2)c2cnn(C)c2)cc(-c2cc3c(cc2C(=O)N2Cc4ccccc4C[C@H]2C)OCO3)n1CCO,8.44,0.0,1
CHEMBL4860,Cc1c(C(=O)N(c2ccc(O)cc2)c2cnn(C)c2)cc(-c2cc3c(cc2C(=O)N2Cc4ccccc4C[C@H]2CN2CCOCC2)OCCO3)n1C,8.33,0.0,1
CHEMBL4860,Cc1c(C(=O)N(c2ccc(O)cc2)c2cnn(C)c2)cc(-c2cc3c(cc2C(=O)N2Cc4ccccc4C[C@H]2CN2CCOCC2)OCO3)n1C,8.23,0.0,1
CHEMBL4860,Cc1c(C(=O)N(c2ccc(O)cc2)c2cnn(C)c2)cc(-c2cc3c(cc2C(=O)N2Cc4ccccc4C[C@H]2CN2CCOCC2)OCO3)n1CC(F)F,8.15,0.0,1
CHEMBL4860,Cc1c(C(=O)N(c2ccc(O)cc2)c2cnn(C)c2)cc(-c2cc3c(cc2C(=O)N2Cc4ccccc4C[C@H]2CN2CCOCC2)OCO3)n1CCF,8.07,0.0,1
CHEMBL4860,Cc1c(C(=O)N(c2ccc(O)cc2)c2cnn(C)c2)cc(-c2ccc(F)cc2C(=O)N2Cc3ccccc3C[C@H]2CN2CCOCC2)n1C,6.35,0.0,1
CHEMBL4860,Cc1c(C(=O)N(c2ccc(O)cc2)c2cnn(C)c2)cc(-c2ccccc2C(=O)N2Cc3ccccc3C[C@H]2CN2CCOCC2)n1C,8.04,0.0,1
CHEMBL4860,Cc1c(C(=O)N(c2ccc(O)cc2)c2cnn(C3CC3)c2)cc(-c2cc(Cl)ccc2C(=O)N2Cc3ccccc3C[C@H]2CN2CCOCC2)n1C,8.47,0.0,1
CHEMBL4860,Cc1c(C(=O)N(c2ccc(O)cc2)c2cnn(C3CC3)c2)cc(-c2cc(F)ccc2C(=O)N2Cc3ccccc3C[C@H]2CN2CCOCC2)n1C,8.2,0.0,1
CHEMBL4860,Cc1c(C(=O)N(c2ccc(O)cc2)c2cnn(C3CCOC3)c2)cc(-c2cc(Cl)ccc2C(=O)N2Cc3ccccc3C[C@H]2CCCN2CCOCC2)n1C,8.55,0.0,1
CHEMBL4860,Cc1c(C(=O)N(c2ccc(O)cc2)c2cnn(C3CCOC3)c2)cc(-c2cc(Cl)ccc2C(=O)N2Cc3ccccc3C[C@H]2CN2CCOCC2)n1C,8.28,0.0,1
CHEMBL4860,Cc1c(C(=O)N(c2ccc(O)cc2)c2cnn(C3COC3)c2)cc(-c2cc(Cl)ccc2C(=O)N2Cc3ccccc3C[C@H]2CN2CCOCC2)n1C,8.38,0.0,1
CHEMBL4860,Cc1c(C(=O)N(c2ccc(O)cc2)c2cnn(C3COC3)c2)cc(-c2cc(F)ccc2C(=O)N2Cc3ccccc3C[C@H]2CN2CCOCC2)n1C,7.93,0.0,1
CHEMBL4860,Cc1c(C(=O)N(c2ccc(O)cc2)c2cnn([C@H]3CCOC3)c2)cc(-c2cc(F)ccc2C(=O)N2Cc3ccccc3C[C@H]2CN2CCOCC2)n1C,7.6,0.02828427124746224,2
CHEMBL4860,Cc1c(C(=O)N(c2ccc(O)cc2)c2csc(C#N)c2)cc(-c2cc(Cl)ccc2C(=O)N2Cc3ccccc3C[C@H]2CN2CCOCC2)n1C,8.52,0.0,1
CHEMBL4860,Cc1c(C(=O)N(c2ccccc2)c2ccc(O)cc2)cc(-c2cc(Cl)ccc2C(=O)N2CCc3ccccc3C2)n1C,7.72,0.0,1
CHEMBL4860,Cc1c(C(=O)N(c2ccccc2)c2ccc(O)cc2)cc(-c2cc(Cl)ccc2C(=O)N2Cc3ccccc3C[C@H]2CCCN2CCOCC2)n1C,8.42,0.0,1
CHEMBL4860,Cc1c(C(=O)N(c2ccccc2)c2ccc(O)cc2)cc(-c2cc(Cl)ccc2C(=O)N2Cc3ccccc3C[C@H]2CN2CCOCC2)n1C,8.1,0.0,1
CHEMBL4860,Cc1c(C(=O)N(c2ccccc2)c2ccc(O)cc2)cc(-c2cc(Cl)ccc2C(=O)N2Cc3ccccc3C[C@H]2CO)n1C,8.12,0.0,1
CHEMBL4860,Cc1c(C(=O)N(c2ccccc2)c2ccc(O)cc2)cc(-c2cc(F)ccc2C(=O)N2Cc3ccccc3C[C@H]2CN2CCOCC2)n1C,7.79,0.0,1
CHEMBL4860,Cc1c(C(=O)N(c2ccccc2)c2ccc(O)cc2)cc(-c2cc(F)ccc2C(=O)N2Cc3ccccc3C[C@H]2CN2CCOCC2)n1CCCO,7.85,0.0,1
CHEMBL4860,Cc1c(C(=O)N(c2ccccc2)c2ccc(O)cc2)cc(-c2cc3c(cc2C(=O)N2Cc4ccccc4C[C@H]2C)OCO3)n1C,8.29,0.0,1
CHEMBL4860,Cc1c(C(=O)N(c2ccccc2)c2ccc(O)cc2)cc(-c2cc3c(cc2C(=O)N2Cc4ccccc4C[C@H]2C)OCO3)n1CCN(C)C,8.12,0.0,1
CHEMBL4860,Cc1c(C(=O)N(c2ccccc2)c2ccc(O)cc2)cc(-c2cc3c(cc2C(=O)N2Cc4ccccc4C[C@H]2C)OCO3)n1CCN1CCOCC1,7.72,0.0,1
CHEMBL4860,Cc1c(C(=O)N(c2ccccc2)c2ccc(O)cc2)cc(-c2cc3c(cc2C(=O)N2Cc4ccccc4C[C@H]2CCN2CCOCC2)OCO3)n1CCO,8.41,0.0,1
CHEMBL4860,Cc1c(C(=O)N(c2ccccc2)c2ccc(O)cc2)cc(-c2cc3c(cc2C(=O)N2Cc4ccccc4C[C@H]2CN2CCOCC2)OCCO3)n1C,8.18,0.0,1
CHEMBL4860,Cc1c(C(=O)N(c2ccccc2)c2ccc(O)cc2)cc(-c2cc3c(cc2C(=O)N2Cc4ccccc4C[C@H]2CN2CCOCC2)OCO3)n1C,7.96,0.0,1
CHEMBL4860,Cc1c(C(=O)N(c2ccccc2)c2cnc3c(c2)CCN3C)cc(-c2cc(Cl)ccc2C(=O)N2Cc3ccccc3C[C@H]2CN2CCOCC2)n1C,7.74,0.0,1
CHEMBL4860,Cc1c(C(=O)N(c2ccccc2)c2cnc3c(ccn3C)c2)cc(-c2cc(Cl)ccc2C(=O)N2Cc3ccccc3C[C@H]2CN2CCOCC2)n1C,7.67,0.0,1
CHEMBL4860,Cc1c(C(=O)N(c2ccccc2)c2cnc3c(ccn3C)c2)cc(-c2cc3c(cc2C(=O)N2Cc4ccccc4C[C@H]2CN2CCOCC2)OCO3)n1C,7.66,0.0,1
CHEMBL4860,Cc1c(C(=O)N(c2ccncc2)c2ccc(O)cc2)cc(-c2cc(Cl)ccc2C(=O)N2Cc3ccccc3C[C@H]2C)n1C,8.12,0.0,1
CHEMBL4860,Cc1c(C(=O)N(c2ccncc2)c2ccc(O)cc2)cc(-c2cc(F)ccc2C(=O)N2Cc3ccccc3C[C@H]2CN2CCOCC2)n1C,8.01,0.0,1
CHEMBL4860,Cc1c(C(=O)N(c2ccncc2)c2ccc(O)cc2)cc(-c2cc3c(cc2C(=O)N2Cc4ccccc4C[C@H]2C)OCO3)n1C,8.35,0.0,1
CHEMBL4860,Cc1c(C(=O)N(c2ccncc2)c2ccc(O)cc2)cc(-c2cc3c(cc2C(=O)N2Cc4ccccc4C[C@H]2CN2CCN(C)CC2)OCO3)n1C,8.07,0.0,1
CHEMBL4860,Cc1c(C(=O)N(c2ccncc2)c2ccc(O)cc2)cc(-c2cc3c(cc2C(=O)N2Cc4ccccc4C[C@H]2CN2CCOCC2)OCO3)n1C,8.1,0.0,1
CHEMBL4860,Cc1c(C(=O)N(c2cnc3c(ccn3C)c2)c2ccc(O)cn2)cc(-c2cc(Cl)ccc2C(=O)N2Cc3ccccc3C[C@H]2CN2CCOCC2)n1C,7.44,0.0,1
CHEMBL4860,Cc1c(C(=O)N2CC(C)(O)C2)c(-c2cccc(N3CCN(c4ccc(NS(=O)(=O)c5ccc(N[C@H](CCN(C)C)CSc6ccccc6)c([N+](=O)[O-])c5)cc4)CC3)c2)c(-c2ccc(Cl)cc2)n1C,8.25,0.0,1
CHEMBL4860,Cc1c(C(=O)NCc2ccc(O)cc2)cc(-c2cc3c(cc2C(=O)N2Cc4ccccc4C[C@H]2CN2CCOCC2)CN(C(=O)Oc2cnc4[nH]ccc4c2)CC3)n1C,8.36,0.0,1
CHEMBL4860,Cc1c(C(=O)NS(C)(=O)=O)c(-c2cccc(N3CCN(c4ccc(NS(=O)(=O)c5ccc(N[C@H](CCN(C)C)CSc6ccccc6)c([N+](=O)[O-])c5)cc4)CC3)c2)c(-c2ccc(Cl)cc2)n1C,9.05,0.0,1
CHEMBL4860,Cc1c(C(=O)NS(C)(=O)=O)c(-c2cccc(N3CCN(c4ccc(NS(=O)(=O)c5ccc(N[C@H](CCN(C)C)CSc6ccccc6)c([N+](=O)[O-])c5)cc4)CC3)c2)c(-c2ccc(Cl)cc2)n1C(C)C,8.74,0.0,1
CHEMBL4860,Cc1c(C(=O)N[C@H]2C[C@@](C)(O)C2)c(-c2cccc(N3CCN(c4ccc(NS(=O)(=O)c5ccc(N[C@H](CCN(C)C)CSc6ccccc6)c([N+](=O)[O-])c5)cc4)CC3)c2)c(-c2ccc(Cl)cc2)n1C,8.12,0.0,1
CHEMBL4860,Cc1c(C(=O)O)c(-c2cccc(N3CCN(c4ccc(NS(=O)(=O)c5ccc(N[C@H](CCN(C)C)CSc6ccccc6)c([N+](=O)[O-])c5)cc4)CC3)c2)c(-c2ccc(Cl)cc2)n1C,8.89,0.0,1
CHEMBL4860,Cc1c(C(=O)O)c(-c2cccc(N3CCN(c4ccc(NS(=O)(=O)c5ccc(N[C@H](CCN(C)C)CSc6ccccc6)c([N+](=O)[O-])c5)cc4)CC3)c2)c(-c2ccc(Cl)cc2)n1C(C)C,8.85,0.0,1
CHEMBL4860,Cc1c(C(F)(F)F)c(-c2cccc(N3CCN(c4ccc(NS(=O)(=O)c5ccc(N[C@H](CCN(C)C)CSc6ccccc6)c([N+](=O)[O-])c5)cc4)CC3)c2)c(-c2ccc(Cl)cc2)n1C,6.57,0.0,1
CHEMBL4860,Cc1c(C(N)=O)c(-c2cccc(N3CCN(c4ccc(NS(=O)(=O)c5ccc(N[C@H](CCN(C)C)CSc6ccccc6)c([N+](=O)[O-])c5)cc4)CC3)c2)c(-c2ccc(Cl)cc2)n1C,7.72,0.0,1
CHEMBL4860,Cc1c(Cl)c(-c2cccc(N3CCN(c4ccc(NS(=O)(=O)c5ccc(N[C@H](CCN(C)C)CSc6ccccc6)c([N+](=O)[O-])c5)cc4)CC3)c2)c(-c2ccc(Cl)cc2)n1C,6.58,0.0,1
CHEMBL4860,Cc1c(Cl)c(C(=O)N(CCC(F)(F)F)CCC(F)(F)F)nn1-c1ccc(C(=O)NS(=O)(=O)c2ccc3ccccc3c2)cc1C(=O)N1CCc2ccccc2C1,7.1,0.0,1
CHEMBL4860,Cc1c(Cl)c(C(=O)N(c2ccccc2)c2ccccc2)nn1-c1ccccc1C(=O)N1Cc2ccccc2C[C@H]1CN,7.26,0.3676955262170044,2
CHEMBL4860,Cc1c(Cl)c(C(=O)N(c2ccccc2)c2ccccc2)nn1-c1ccccc1C(=O)N1Cc2ccccc2C[C@H]1CO,6.8100000000000005,0.6929646455628166,2
CHEMBL4860,Cc1c(Cl)c(C(=O)NCc2ccc(-c3ccc(CC(=O)O)cc3)cc2)nn1-c1ccc(C(=O)NS(=O)(=O)c2ccc3c(c2)CCN3Cc2ccc(Cl)c(Cl)c2)cc1C(=O)N1CCc2ccccc2C1,7.3,0.0,1
CHEMBL4860,Cc1c(Cl)cccc1C1CCCN1C1CC=C(c2ccc(C(=O)NS(=O)(=O)c3ccc(NCC4CCOCC4)c([N+](=O)[O-])c3)c(Oc3cnc4[nH]ccc4c3)c2)CC1,7.21,0.0,1
CHEMBL4860,Cc1c(F)cccc1C1CCCN1C1CC=C(c2ccc(C(=O)NS(=O)(=O)c3ccc(NCC4CCOCC4)c([N+](=O)[O-])c3)c(Oc3cnc4[nH]ccc4c3)c2)CC1,7.54,0.0,1
CHEMBL4860,Cc1c(N(C(=O)c2cc(-c3cc(Cl)ccc3C(=O)N3Cc4ccccc4CC3C(F)(F)F)n(C)c2C)c2ccc(O)cc2)cc(C#N)n1C,8.19,0.0,1
CHEMBL4860,Cc1c(N(C(=O)c2cc(-c3cc(Cl)ccc3C(=O)N3Cc4ccccc4C[C@H]3CCCN3CCOCC3)n(C)c2C)c2ccc(O)cc2)cc(C#N)n1C,8.51,0.0,1
CHEMBL4860,Cc1c(N(C(=O)c2cc(-c3cc(Cl)ccc3C(=O)N3Cc4ccccc4C[C@H]3CCCN3CCOCC3)n(C)c2C)c2ccccc2)cc(C#N)n1C,8.51,0.0,1
CHEMBL4860,Cc1c(N(C(=O)c2cc(-c3cc(Cl)ccc3C(=O)N3Cc4ccccc4C[C@H]3CN3CCOCC3)n(C)c2)c2ccc(O)cc2)cc(C#N)n1C,8.42,0.0,1
CHEMBL4860,Cc1c(N(C(=O)c2cc(-c3cc(Cl)ccc3C(=O)N3Cc4ccccc4C[C@H]3CN3CCOCC3)n(C)c2C)c2ccc(O)cc2)cc(C#N)n1C,8.8825,0.7014924565999746,4
CHEMBL4860,Cc1c(N(C(=O)c2cc(-c3cc(Cl)ccc3C(=O)N3Cc4ccccc4C[C@H]3CN3CCOCC3)n(C)c2C)c2ccc(O)cc2)cn(C)c1C#N,7.98,0.0,1
CHEMBL4860,Cc1c(N(C(=O)c2cc(-c3cc(Cl)ccc3C(=O)N3Cc4ccccc4C[C@H]3CN3CCOCC3)n(C)c2C)c2ccc(O)cc2)cnn1C,8.47,0.0,1
CHEMBL4860,Cc1c(N(C(=O)c2cc(-c3cc(Cl)ccc3C(=O)N3Cc4ccccc4C[C@H]3CN3CCOCC3)n(C)c2C)c2ccccc2)cc(C#N)n1C,8.46,0.0,1
CHEMBL4860,Cc1c(N(C(=O)c2cc(-c3cc(F)ccc3C(=O)N3Cc4ccccc4C[C@H]3CN3CCOCC3)n(C)c2C)c2ccc(O)cc2)cc(C#N)n1C,8.6,0.0,1
CHEMBL4860,Cc1c(N(C(=O)c2cc(-c3cc(F)ccc3C(=O)N3Cc4ccccc4C[C@H]3CN3CCOCC3)n(C)c2C)c2ccc(O)cc2)cnn1C,8.16,0.0,1
CHEMBL4860,Cc1c(N(C(=O)c2cc(-c3cc4c(cc3C(=O)N3Cc5ccccc5C[C@H]3CN3CCOCC3)OCCO4)n(C)c2C)c2ccc(O)cc2)cc(C#N)n1C,8.51,0.0,1
CHEMBL4860,Cc1c(N(C(=O)c2cc(-c3ccc(F)cc3C(=O)N3Cc4ccccc4C[C@H]3CN3CCOCC3)n(C)c2C)c2ccc(O)cc2)cc(C#N)n1C,8.46,0.0,1
CHEMBL4860,Cc1c(N(C(=O)c2cc(-c3ccccc3C(=O)N3Cc4ccccc4C[C@H]3CN3CCOCC3)n(C)c2C)c2ccc(O)cc2)cc(C#N)n1C,8.38,0.0,1
CHEMBL4860,Cc1cc(-c2cccc(N3CCN(c4ccc(NS(=O)(=O)c5ccc(N[C@H](CCN(C)C)CSc6ccccc6)c([N+](=O)[O-])c5)cc4)CC3)c2)c(-c2ccc(Cl)cc2)n1C,7.0,0.0,1
CHEMBL4860,Cc1cc(C(=O)N(C)c2ccc(F)cc2)nn1-c1ccccc1C(=O)N1CCc2ccccc2C1,4.97,0.0,1
CHEMBL4860,Cc1cc(C(=O)N(C)c2cccc(F)c2)nn1-c1ccccc1C(=O)N1CCc2ccccc2C1,5.64,0.0,1
CHEMBL4860,Cc1cc(C(=O)N(C)c2ccccc2)nn1-c1ccccc1C(=O)N1CCc2ccccc2C1,5.6,0.0,1
CHEMBL4860,Cc1cc(C(=O)N(C)c2ccccc2F)nn1-c1ccccc1C(=O)N1CCc2ccccc2C1,5.52,0.0,1
CHEMBL4860,Cc1cc(C(=O)N(c2ccc(O)cc2)c2ccc(Cl)cc2)cn1-c1cc(Br)ccc1C(=O)N1Cc2ccccc2C[C@H]1CN1CCN(C)CC1,8.12,0.0,1
CHEMBL4860,Cc1cc(C(=O)N(c2ccc(O)cc2)c2ccc(Cl)cc2)cn1-c1cc(Cl)ccc1C(=O)N1Cc2ccccc2C[C@H]1CN1CCN(C)CC1,8.29,0.0,1
CHEMBL4860,Cc1cc(C(=O)N(c2ccc(O)cc2)c2ccc(Cl)cc2)cn1-c1cc2c(cc1C(=O)N1Cc3ccccc3C[C@H]1CN1CCN(C)CC1)OCO2,8.43,0.0,1
CHEMBL4860,Cc1cc(C(=O)N(c2ccc(O)cc2)c2ccc(F)cc2)cn1-c1cc(Br)ccc1C(=O)N1Cc2ccccc2C[C@H]1CN1CCN(C)CC1,8.13,0.0,1
CHEMBL4860,Cc1cc(C(=O)N(c2ccc(O)cc2)c2ccc(F)cc2)cn1-c1cc(Cl)ccc1C(=O)N1Cc2ccccc2C[C@H]1CN1CCN(C)CC1,8.18,0.0,1
CHEMBL4860,Cc1cc(C(=O)N(c2ccc(O)cc2)c2ccc(F)cc2)cn1-c1cc2c(cc1C(=O)N1Cc3ccccc3C[C@H]1CN1CCN(C)CC1)OCO2,8.17,0.0,1
CHEMBL4860,Cc1cc(C(=O)N(c2ccc(O)cc2)c2ccc(O)cc2)cn1-c1cc(Br)ccc1C(=O)N1Cc2ccccc2C[C@H]1CN1CCN(C)CC1,8.11,0.0,1
CHEMBL4860,Cc1cc(C(=O)N(c2ccc(O)cc2)c2ccc(O)cc2)cn1-c1cc(Cl)ccc1C(=O)N1Cc2ccccc2C[C@H]1CN1CCN(C)CC1,8.23,0.0,1
CHEMBL4860,Cc1cc(C(=O)N(c2ccc(O)cc2)c2ccc(O)cc2)cn1-c1cc2c(cc1C(=O)N1Cc3ccccc3C[C@H]1CN1CCN(C)CC1)OCO2,8.43,0.0,1
CHEMBL4860,Cc1cc(C(=O)N(c2ccc(O)cc2)c2ccc3[nH]ccc3c2)cn1-c1cc(Br)ccc1C(=O)N1Cc2ccccc2C[C@H]1C(=O)N1CCN(C)CC1,7.0,0.0,1
CHEMBL4860,Cc1cc(C(=O)N(c2ccc(O)cc2)c2ccc3[nH]ccc3c2)cn1-c1cc(Br)ccc1C(=O)N1Cc2ccccc2C[C@H]1CN1CCC(F)(F)CC1,7.07,0.0,1
CHEMBL4860,Cc1cc(C(=O)N(c2ccc(O)cc2)c2ccc3[nH]ccc3c2)cn1-c1cc(Br)ccc1C(=O)N1Cc2ccccc2C[C@H]1CN1CCCC1,7.73,0.0,1
CHEMBL4860,Cc1cc(C(=O)N(c2ccc(O)cc2)c2ccc3[nH]ccc3c2)cn1-c1cc(Br)ccc1C(=O)N1Cc2ccccc2C[C@H]1CN1CCN(C)CC1,8.08,0.0,1
CHEMBL4860,Cc1cc(C(=O)N(c2ccc(O)cc2)c2ccc3[nH]ccc3c2)cn1-c1cc(Br)ccc1C(=O)N1Cc2ccccc2C[C@H]1CN1CCN(C2CCC2)CC1,8.08,0.0,1
CHEMBL4860,Cc1cc(C(=O)N(c2ccc(O)cc2)c2ccc3[nH]ccc3c2)cn1-c1cc(Br)ccc1C(=O)N1Cc2ccccc2C[C@H]1CN1CCN(C2CCCC2)CC1,8.17,0.0,1
CHEMBL4860,Cc1cc(C(=O)N(c2ccc(O)cc2)c2ccc3[nH]ccc3c2)cn1-c1cc(Cl)cc(Cl)c1C(=O)N1Cc2ccccc2C[C@H]1CN1CCN(C)CC1,8.02,0.0,1
CHEMBL4860,Cc1cc(C(=O)N(c2ccc(O)cc2)c2ccc3[nH]ccc3c2)cn1-c1cc(Cl)ccc1C(=O)N1Cc2ccccc2C[C@H]1CN1CCN(C)CC1,8.27,0.0,1
CHEMBL4860,Cc1cc(C(=O)N(c2ccc(O)cc2)c2ccc3[nH]ccc3c2)cn1-c1cc2c(cc1C(=O)N1Cc3ccccc3C[C@H]1CN1CCN(C)CC1)OCO2,8.36,0.0,1
CHEMBL4860,Cc1cc(C(=O)N(c2ccc(O)cc2)c2ccc3[nH]ccc3c2)cn1-c1ccccc1C(=O)N1Cc2ccccc2C[C@H]1CN(C)C,7.58,0.0,1
CHEMBL4860,Cc1cc(C(=O)N(c2ccc(O)cc2)c2ccc3c(c2)CCN3)cn1-c1cc2c(cc1C(=O)N1Cc3ccccc3C[C@H]1CN1CCN(C)CC1)OCO2,7.76,0.0,1
CHEMBL4860,Cc1cc(C(=O)N(c2ccc(O)cc2)c2ccc3c(c2)CCN3)cn1-c1cc2c(cc1C(=O)N1Cc3ccccc3C[C@H]1CN1CCOCC1)CCC2,8.09,0.0,1
CHEMBL4860,Cc1cc(C(=O)N(c2ccc(O)cc2)c2ccc3c(c2)CCN3C)cn1-c1cc2c(cc1C(=O)N1Cc3ccccc3C[C@H]1C)OCO2,7.84,0.0,1
CHEMBL4860,Cc1cc(C(=O)N(c2ccc(O)cc2)c2ccc3c(c2)CN(C)C3)cn1-c1cc2c(cc1C(=O)N1Cc3ccccc3C[C@H]1C)OCO2,7.62,0.0,1
CHEMBL4860,Cc1cc(C(=O)N(c2ccc(O)cc2)c2ccc3c(ccn3C)c2)cn1-c1cc(Br)ccc1C(=O)N1Cc2ccccc2C[C@H]1CN1CCN(C)CC1,8.54,0.0,1
CHEMBL4860,Cc1cc(C(=O)N(c2ccc(O)cc2)c2ccc3c(ccn3C)c2)cn1-c1cc(Cl)c(F)cc1C(=O)N1Cc2ccccc2C[C@H]1CN1CCN(C)CC1,8.31,0.0,1
CHEMBL4860,Cc1cc(C(=O)N(c2ccc(O)cc2)c2ccc3c(ccn3C)c2)cn1-c1cc(Cl)ccc1C(=O)N1Cc2ccccc2C[C@H]1CN(C)C,8.19,0.0,1
CHEMBL4860,Cc1cc(C(=O)N(c2ccc(O)cc2)c2ccc3c(ccn3C)c2)cn1-c1cc(Cl)ccc1C(=O)N1Cc2ccccc2C[C@H]1CN1CCN(C)CC1,8.38,0.0,1
CHEMBL4860,Cc1cc(C(=O)N(c2ccc(O)cc2)c2ccc3c(ccn3C)c2)cn1-c1cc2c(cc1C(=O)N1Cc3ccccc3C[C@H]1CN(C)C)OCO2,8.1,0.0,1
CHEMBL4860,Cc1cc(C(=O)N(c2ccc(O)cc2)c2ccc3c(ccn3C)c2)cn1-c1cc2c(cc1C(=O)N1Cc3ccccc3C[C@H]1CN1CCCC1)OCO2,7.87,0.0,1
CHEMBL4860,Cc1cc(C(=O)N(c2ccc(O)cc2)c2ccc3c(ccn3C)c2)cn1-c1cc2c(cc1C(=O)N1Cc3ccccc3C[C@H]1CN1CCN(C)CC1)OCO2,8.44,0.0,1
CHEMBL4860,Cc1cc(C(=O)N(c2ccc(O)cc2)c2ccc3c(ccn3C)c2)cn1-c1cc2c(cc1C(=O)N1Cc3ccccc3C[C@H]1CN1CCOCC1)CCC2,8.12,0.0,1
CHEMBL4860,Cc1cc(C(=O)N(c2ccc(O)cc2)c2ccc3c(ccn3C)c2)cn1-c1cc2c(cc1C(=O)N1Cc3ccccc3C[C@H]1CN1CCOCC1)CCO2,8.23,0.0,1
CHEMBL4860,Cc1cc(C(=O)N(c2ccc(O)cc2)c2ccc3c(ccn3C)c2)cn1-c1cc2c(cc1C(=O)N1Cc3ccccc3C[C@H]1CN1CCOCC1)OCO2,8.36,0.0,1
CHEMBL4860,Cc1cc(C(=O)N(c2ccc(O)cc2)c2ccc3c(ccn3C)c2)cn1-c1cc2occc2cc1C(=O)N1Cc2ccccc2C[C@H]1CN1CCOCC1,7.55,0.0,1
CHEMBL4860,Cc1cc(C(=O)N(c2ccc(O)cc2)c2ccc3c(ccn3CCN3CCOCC3)c2)cn1-c1cc2c(cc1C(=O)N1Cc3ccccc3C[C@H]1C)OCO2,7.92,0.0,1
CHEMBL4860,Cc1cc(C(=O)N(c2ccc(O)cc2)c2cccc(N3CCN(C)CC3)c2)cn1-c1cc2c(cc1C(=O)N1Cc3ccccc3C[C@H]1C)OCO2,7.93,0.0,1
CHEMBL4860,Cc1cc(C(=O)N(c2ccccc2)C(C)C)nn1-c1ccccc1C(=O)N1CCc2ccccc2C1,5.11,0.0,1
CHEMBL4860,Cc1cc(C(=O)N(c2ccccc2)C2CCCCC2)nn1-c1ccccc1C(=O)N1CCc2ccccc2C1,5.85,0.0,1
CHEMBL4860,Cc1cc(C(=O)N(c2ccccc2)c2ccc(O)c(Cl)c2)cn1-c1cc(Cl)ccc1C(=O)N1Cc2ccccc2C[C@H]1CN1CCN(C)CC1,7.69,0.0,1
CHEMBL4860,Cc1cc(C(=O)N(c2ccccc2)c2ccc(O)cc2)cn1-c1cc(Br)c(Br)cc1C(=O)N1Cc2ccccc2C[C@H]1CN1CCN(C)CC1,7.53,0.0,1
CHEMBL4860,Cc1cc(C(=O)N(c2ccccc2)c2ccc(O)cc2)cn1-c1cc(Br)ccc1C(=O)N1Cc2ccccc2C[C@H]1CN1CCN(C)CC1,7.97,0.0,1
CHEMBL4860,Cc1cc(C(=O)N(c2ccccc2)c2ccc(O)cc2)cn1-c1cc(Br)ccc1C(=O)N1Cc2ccccc2C[C@H]1CN1CCOCC1,7.64,0.0,1
CHEMBL4860,Cc1cc(C(=O)N(c2ccccc2)c2ccc(O)cc2)cn1-c1cc(Br)ccc1C(=O)N1Cc2ccccc2C[C@H]1CN1C[C@H]2CCC[C@H]2C1,6.62,0.0,1
CHEMBL4860,Cc1cc(C(=O)N(c2ccccc2)c2ccc(O)cc2)cn1-c1cc(C(F)(F)F)ccc1C(=O)N1Cc2ccccc2C[C@H]1CN(C)C,6.92,0.0,1
CHEMBL4860,Cc1cc(C(=O)N(c2ccccc2)c2ccc(O)cc2)cn1-c1cc(Cl)c(F)cc1C(=O)N1Cc2ccccc2C[C@H]1CN1CCN(C)CC1,8.1,0.0,1
CHEMBL4860,Cc1cc(C(=O)N(c2ccccc2)c2ccc(O)cc2)cn1-c1cc(Cl)ccc1C(=O)N1Cc2ccccc2C[C@H]1CN(C)C,7.79,0.0,1
CHEMBL4860,Cc1cc(C(=O)N(c2ccccc2)c2ccc(O)cc2)cn1-c1cc(Cl)ccc1C(=O)N1Cc2ccccc2C[C@H]1CN1CCN(C)CC1,8.12,0.0,1
CHEMBL4860,Cc1cc(C(=O)N(c2ccccc2)c2ccc(O)cc2)cn1-c1cc(F)c(F)cc1C(=O)N1Cc2ccccc2C[C@H]1CN1CCN(C)CC1,7.13,0.0,1
CHEMBL4860,Cc1cc(C(=O)N(c2ccccc2)c2ccc(O)cc2)cn1-c1cc(F)ccc1C(=O)N1Cc2ccccc2C[C@H]1CN(C)C,7.61,0.0,1
CHEMBL4860,Cc1cc(C(=O)N(c2ccccc2)c2ccc(O)cc2)cn1-c1cc(F)ccc1C(=O)N1Cc2ccccc2C[C@H]1CN1CCN(C)CC1,7.61,0.0,1
CHEMBL4860,Cc1cc(C(=O)N(c2ccccc2)c2ccc(O)cc2)cn1-c1cc(O)ccc1C(=O)N1Cc2ccccc2C[C@H]1CN1CCN(C)CC1,7.94,0.0,1
CHEMBL4860,Cc1cc(C(=O)N(c2ccccc2)c2ccc(O)cc2)cn1-c1cc(O)ccc1C(=O)N1Cc2ccccc2C[C@H]1CN1CCOCC1,7.66,0.0,1
CHEMBL4860,Cc1cc(C(=O)N(c2ccccc2)c2ccc(O)cc2)cn1-c1cc2c(cc1C(=O)N1Cc3ccccc3C[C@H]1CN1CCN(C)CC1)OCO2,7.81,0.0,1
CHEMBL4860,Cc1cc(C(=O)N(c2ccccc2)c2ccc(O)cc2)cn1-c1cc2c(cc1C(=O)N1Cc3ccccc3C[C@H]1CN1CCOCC1)CCC2,7.36,0.0,1
CHEMBL4860,Cc1cc(C(=O)N(c2ccccc2)c2ccc(O)cc2)cn1-c1cc2c(cc1C(=O)N1Cc3ccccc3C[C@H]1CN1CCOCC1)OCO2,7.45,0.0,1
CHEMBL4860,Cc1cc(C(=O)N(c2ccccc2)c2ccc(O)cc2)cn1-c1ccc(Br)cc1C(=O)N1Cc2ccccc2C[C@H]1CN1CCN(C)CC1,7.35,0.0,1
CHEMBL4860,Cc1cc(C(=O)N(c2ccccc2)c2ccc(O)cc2)cn1-c1ccc(Cl)cc1C(=O)N1Cc2ccccc2C[C@H]1CN1CCN(C)CC1,7.06,0.0,1
CHEMBL4860,Cc1cc(C(=O)N(c2ccccc2)c2ccc(O)cc2)cn1-c1ccc(OC(F)(F)F)cc1C(=O)N1Cc2ccccc2C[C@H]1CN1CCN(C)CC1,6.61,0.0,1
CHEMBL4860,Cc1cc(C(=O)N(c2ccccc2)c2ccc(O)cc2)cn1-c1cccc(Cl)c1C(=O)N1Cc2ccccc2C[C@H]1CN(C)C,7.35,0.0,1
CHEMBL4860,Cc1cc(C(=O)N(c2ccccc2)c2ccc3[nH]ccc3c2)cn1-c1ccccc1C(=O)N1Cc2ccccc2C[C@H]1CN(C)C,6.84,0.0,1
CHEMBL4860,Cc1cc(C(=O)N(c2ccccc2)c2ccccc2)cn1-c1cc(O)ccc1C(=O)N1Cc2ccccc2C[C@H]1CN,7.3,0.0,1
CHEMBL4860,Cc1cc(C(=O)N(c2ccccc2)c2ccccc2)cn1-c1ccccc1C(=O)N1Cc2ccccc2C[C@H]1CN,6.67,0.0,1
CHEMBL4860,Cc1cc(C(=O)N(c2ccccc2)c2ccccc2)nn1-c1ccccc1C(=O)N1CCc2ccccc2C1,6.1,0.0,1
CHEMBL4860,Cc1cc(C(=O)N(c2ccccc2)c2ccccc2)nn1-c1ccccc1C(=O)N1Cc2ccccc2C[C@H]1C,6.96,0.0,1
CHEMBL4860,Cc1cc(C(=O)N(c2ccccc2)c2ccccc2)nn1-c1ccccc1C(=O)N1Cc2ccccc2C[C@H]1CN,6.96,0.0,1
CHEMBL4860,Cc1cc(C(=O)N(c2ccccc2)c2ccccc2)nn1-c1ccccc1C(=O)N1Cc2ccccc2C[C@H]1CN(C)C,6.82,0.0,1
CHEMBL4860,Cc1cc(C(=O)N(c2ccccc2)c2ccccc2)nn1-c1ccccc1C(=O)N1Cc2ccccc2C[C@H]1CNS(C)(=O)=O,5.98,0.0,1
CHEMBL4860,Cc1cc(C(=O)N(c2ccccc2)c2ccccc2)nn1-c1ccccc1C(=O)N1Cc2ccccc2C[C@H]1CO,6.72,0.0,1
CHEMBL4860,Cc1cc(C(=O)N2CCc3ccccc3C2)nn1-c1ccccc1C(=O)N1CCc2ccccc2C1,5.82,0.0,1
CHEMBL4860,Cc1cc(C(=O)Nc2ccccc2)nn1-c1ccccc1C(=O)N1CCc2ccccc2C1,4.3,0.0,1
CHEMBL4860,Cc1cc(C(F)(F)F)ccc1CN(C(=O)c1cc(-c2cc3c(cc2C(=O)N2Cc4ccccc4C[C@H]2CN2CCOCC2)OCO3)n2c1CCCC2)c1ccc(O)cc1,8.12,0.0,1
CHEMBL4860,Cc1cc(C)c(CNC(=O)c2c(O)c(O)cc3c(O)c(-c4c(C)cc5c(C(=O)NCc6c(C)cc(C)cc6C)c(O)c(O)cc5c4O)c(C)cc23)c(C)c1,6.16,0.0,1
CHEMBL4860,Cc1cc(Cl)cc(C(=O)Nc2cc(S(=O)(=O)c3ccc(Cl)cc3)ccc2Cl)c1O,5.48,0.0,1
CHEMBL4860,Cc1cc(N(C(=O)c2cc(-c3cc(Cl)ccc3C(=O)N3Cc4ccccc4C[C@H]3CN3CCOCC3)n(C)c2C)c2ccc(O)cc2)no1,7.88,0.0,1
CHEMBL4860,Cc1cc2c(C(=O)NC(C)c3ccc(Cl)cc3)c(O)c(O)cc2c(O)c1-c1c(C)cc2c(C(=O)NC(C)c3ccc(Cl)cc3)c(O)c(O)cc2c1O,6.31,0.0,1
CHEMBL4860,Cc1cc2c(C(=O)NC3Cc4ccccc4C3)c(O)c(O)cc2c(O)c1-c1c(C)cc2c(C(=O)NC3Cc4ccccc4C3)c(O)c(O)cc2c1O,6.16,0.0,1
CHEMBL4860,Cc1cc2c(C(=O)NCC(C)c3ccccc3)c(O)c(O)cc2c(O)c1-c1c(C)cc2c(C(=O)NCC(C)c3ccccc3)c(O)c(O)cc2c1O,6.34,0.2262741699796954,2
CHEMBL4860,Cc1cc2c(C(=O)NCC3CCCCC3)c(O)c(O)cc2c(O)c1-c1c(C)cc2c(C(=O)NCC3CCCCC3)c(O)c(O)cc2c1O,6.15,0.0,1
CHEMBL4860,Cc1cc2c(C(=O)NCCc3cccc(Cl)c3)c(O)c(O)cc2c(O)c1-c1c(C)cc2c(C(=O)NCCc3cccc(Cl)c3)c(O)c(O)cc2c1O,5.36,0.0,1
CHEMBL4860,Cc1cc2c(C(=O)NCCc3ccccc3)c(O)c(O)cc2c(O)c1-c1c(C)cc2c(C(=O)NCCc3ccccc3)c(O)c(O)cc2c1O,6.82,0.0,1
CHEMBL4860,Cc1cc2c(C(=O)NC[C@@H](C)c3ccccc3)c(O)c(O)cc2c(O)c1-c1c(C)cc2c(C(=O)NC[C@@H](C)c3ccccc3)c(O)c(O)cc2c1O,6.37,0.0,1
CHEMBL4860,Cc1cc2c(C(=O)NC[C@@H](C)c3ccccc3)c(O)c(O)cc2c(O)c1-c1c(C)cc2c(C(=O)NC[C@H](C)c3ccccc3)c(O)c(O)cc2c1O,6.5,0.0,1
CHEMBL4860,Cc1cc2c(C(=O)NC[C@H](C)c3ccccc3)c(O)c(O)cc2c(O)c1-c1c(C)cc2c(C(=O)NC[C@H](C)c3ccccc3)c(O)c(O)cc2c1O,6.220000000000001,0.395979797464466,2
CHEMBL4860,Cc1cc2c(C(C)C)c(O)c(O)c(C=O)c2c(O)c1-c1c(C)cc2c(C(C)C)c(O)c(O)c(C=O)c2c1O,6.26,0.35693136595149494,5
CHEMBL4860,Cc1cc2c(C(C)C)c(O)c(O)cc2c(O)c1-c1c(C)cc2c(C(C)C)c(O)c(O)cc2c1O,4.824999999999999,1.0253048327204943,2
CHEMBL4860,Cc1cc2c(CCc3ccccc3)c(O)c(O)cc2c(O)c1-c1c(C)cc2c(CCc3ccccc3)c(O)c(O)cc2c1O,6.32,0.0,1
CHEMBL4860,Cc1ccc(C(=O)N2Cc3ccccc3C[C@H]2CN2CCOCC2)c(-c2cc(C(=O)N(c3ccc(O)cc3)c3ccc4c(ccn4C)c3)c3n2CCCC3)c1,8.22,0.0,1
CHEMBL4860,Cc1ccc(C(F)(F)F)cc1CN(C(=O)c1cc(-c2cc3c(cc2C(=O)N2Cc4ccccc4C[C@H]2CN2CCOCC2)OCO3)n2c1CCCC2)c1ccc(O)cc1,7.52,0.0,1
CHEMBL4860,Cc1ccc(C2CC2)c(C2CCCN2C2CC=C(c3ccc(C(=O)NS(=O)(=O)c4ccc(NCC5CCOCC5)c([N+](=O)[O-])c4)c(Oc4cnc5[nH]ccc5c4)c3)CC2)c1,8.19,0.0,1
CHEMBL4860,Cc1ccc(C2CC2)c(C2CCCN2c2ccc(-c3ccc(C(=O)NS(=O)(=O)c4ccc(NCC5CCOCC5)c([N+](=O)[O-])c4)c(Oc4cnc5[nH]ccc5c4)c3)cc2)c1,6.9,0.0,1
CHEMBL4860,Cc1ccc(CC(=O)N2CCc3cc(-c4cc(C(=O)N(C)c5ccc(O)cc5)c5n4CCCC5)c(C(=O)N4Cc5ccccc5C[C@H]4C)cc3C2)cc1,8.4,0.0,1
CHEMBL4860,Cc1ccc(CC(C)C(=O)N2Cc3cc(C(=O)N4Cc5ccccc5C[C@H]4C)c(-c4cc(C(=O)N(C)c5ccc(O)cc5)c5n4CCCC5)cc3C2)cc1,7.54,0.0,1
CHEMBL4860,Cc1ccc(CN(C(=O)c2cc(-c3cc4c(cc3C(=O)N3Cc5ccccc5C[C@H]3CN3CCOCC3)OCO4)n3c2CCCC3)c2ccc(O)cc2)cc1,8.12,0.0,1
CHEMBL4860,Cc1ccc(N(C(=O)c2cc(-c3cc(Cl)ccc3C(=O)N3Cc4ccccc4C[C@H]3CN3CCOCC3)n3c2CCCC3)c2ccc(O)cc2)cc1Cl,7.7,0.0,1
CHEMBL4860,Cc1ccc(N(C(=O)c2cc(-c3cc(Cl)ccc3C(=O)N3Cc4ccccc4C[C@H]3CN3CCOCC3)n3c2COCC3)c2ccc(O)cc2)cc1F,7.48,0.0,1
CHEMBL4860,Cc1ccc(N(C(=O)c2cc(-c3cc(F)ccc3C(=O)N3Cc4ccccc4C[C@H]3CN3CCOCC3)n3c2CCCC3)c2ccc(O)cc2)cc1F,8.1,0.0,1
CHEMBL4860,Cc1ccc(N(C(=O)c2cc(-c3cc(F)ccc3C(=O)N3Cc4ccccc4C[C@H]3CN3CCOCC3)n3c2COCC3)c2ccc(O)cc2)cc1F,7.92,0.0,1
CHEMBL4860,Cc1ccc(N(C(=O)c2cc(-c3cc4c(cc3C(=O)N3Cc5ccccc5C[C@H]3CN3CCOCC3)OCO4)n(C)c2C)c2ccc(O)cc2)cc1F,8.36,0.0,1
CHEMBL4860,Cc1ccc(N(C(=O)c2cc(-c3cc4c(cc3C(=O)N3Cc5ccccc5C[C@H]3CN3CCOCC3)OCO4)n3c2CCCC3)c2ccc(O)cc2)cc1,7.7,0.0,1
CHEMBL4860,Cc1ccc(N(C(=O)c2cc(-c3cc4c(cc3C(=O)N3Cc5ccccc5C[C@H]3CN3CCOCC3)OCO4)n3c2CCCC3)c2ccc(O)cc2)cc1F,7.609999999999999,0.15556349186103996,2
CHEMBL4860,Cc1ccc(N(C(=O)c2cc(-c3cc4c(cc3C(=O)N3Cc5ccccc5C[C@H]3CN3CCOCC3)OCO4)n3c2COCC3)c2ccc(O)cc2)cc1F,8.3,0.0,1
CHEMBL4860,Cc1ccc(N(C(=O)c2cc(C)n(-c3cc(Br)ccc3C(=O)N3Cc4ccccc4C[C@H]3CN3CCN(C)CC3)c2)c2ccc(O)cc2)cc1,8.05,0.0,1
CHEMBL4860,Cc1ccc(N(C(=O)c2cc(C)n(-c3cc(Cl)ccc3C(=O)N3Cc4ccccc4C[C@H]3CN3CCN(C)CC3)c2)c2ccc(O)cc2)cc1,8.28,0.0,1
CHEMBL4860,Cc1ccc(N(C(=O)c2cc(C)n(-c3cc4c(cc3C(=O)N3Cc5ccccc5C[C@H]3CN3CCN(C)CC3)OCO4)c2)c2ccc(O)cc2)cc1,8.41,0.0,1
CHEMBL4860,Cc1ccc(N(C(=O)c2cc(C)n(-c3cc4c(cc3C(=O)N3Cc5ccccc5C[C@H]3CN3CCOCC3)OCO4)c2)c2ccc(O)cc2)cc1,7.71,0.0,1
CHEMBL4860,Cc1ccc(N(C(=O)c2cn(-c3cc(Br)ccc3C(=O)N3Cc4ccccc4C[C@H]3CN3CCN(C)CC3)c3ccccc23)c2ccc(O)cc2)cc1,7.87,0.0,1
CHEMBL4860,Cc1ccc(N(C(=O)c2cn(-c3cc(Cl)ccc3C(=O)N3Cc4ccccc4C[C@H]3CN3CCN(C)CC3)c3ccccc23)c2ccc(O)cc2)cc1,8.38,0.0,1
CHEMBL4860,Cc1ccc(N(C(=O)c2cn(-c3cc4c(cc3C(=O)N3Cc5ccccc5C[C@H]3CN3CCN(C)CC3)OCO4)c3ccccc23)C2CCNCC2)cc1,5.0,0.0,1
CHEMBL4860,Cc1ccc(N(C(=O)c2cn(-c3cc4c(cc3C(=O)N3Cc5ccccc5C[C@H]3CN3CCN(C)CC3)OCO4)c3ccccc23)c2ccc(O)c(Cl)c2)cc1,6.78,0.0,1
CHEMBL4860,Cc1ccc(N(C(=O)c2cn(-c3cc4c(cc3C(=O)N3Cc5ccccc5C[C@H]3CN3CCN(C)CC3)OCO4)c3ccccc23)c2ccc(O)cc2)cc1,8.46,0.0,1
CHEMBL4860,Cc1ccc(N(C(=O)c2cn(-c3cc4c(cc3C(=O)N3Cc5ccccc5C[C@H]3CN3CCN(C)CC3)OCO4)c3ccccc23)c2ccc(O)cc2)cc1F,8.27,0.0,1
CHEMBL4860,Cc1ccc(N(C(=O)c2cn(-c3cc4c(cc3C(=O)N3Cc5ccccc5C[C@H]3CN3CCN(C)CC3)OCO4)c3ccccc23)c2ccc3[nH]ccc3c2)cc1,7.24,0.0,1
CHEMBL4860,Cc1ccc(N(C(=O)c2cn(-c3cc4c(cc3C(=O)N3Cc5ccccc5C[C@H]3CN3CCN(C)CC3)OCO4)c3ccccc23)c2ccc3[nH]ncc3c2)cc1,7.1,0.0,1
CHEMBL4860,Cc1ccc(Nc2nnc(-c3c[nH]c4ccccc34)o2)cc1,4.67,0.0,1
CHEMBL4860,Cc1ccc(Nc2nnc(-c3cc(-c4ccc(Br)cc4)nc4ccccc34)o2)cc1,5.71,0.0,1
CHEMBL4860,Cc1ccc(OC(=O)N2CCc3cc(-c4cc(C(=O)N(C)c5ccc(O)cc5)c(C)n4C)c(C(=O)N4Cc5ccccc5C[C@H]4CN4CCOCC4)cc3C2)cc1,8.29,0.0,1
CHEMBL4860,Cc1ccc(OC(=O)N2CCc3cc(-c4cc(C(=O)N(C)c5ccc(O)cc5)c5n4CCCC5)c(C(=O)N4Cc5ccccc5C[C@H]4CN4CCOCC4)cc3C2)cc1,8.42,0.0,1
CHEMBL4860,Cc1ccc(OC(=O)N2CCc3cc(-c4cc(C(=O)N(C)c5ccccc5)c(C)n4C)c(C(=O)N4Cc5ccccc5C[C@H]4C)cc3C2)cc1,8.48,0.0,1
CHEMBL4860,Cc1ccc(OC(=O)N2CCc3cc(-c4cc(C(=O)N(C)c5ccccc5)c(C)n4C)c(C(=O)N4Cc5ccccc5C[C@H]4CN4CCOCC4)cc3C2)cc1,8.6,0.0,1
CHEMBL4860,Cc1ccc(OC(=O)N2CCc3cc(-c4cc(C(=O)N(c5ccc(O)cc5)c5cc(C#N)n(C)c5C)c(C)n4C)c(C(=O)N4Cc5ccccc5C[C@H]4CN4CCOCC4)cc3C2)cc1,8.51,0.0,1
CHEMBL4860,Cc1ccc(OC(=O)N2Cc3cc(C(=O)N4Cc5ccccc5C[C@H]4C)c(-c4cc(C(=O)N(C)c5ccc(O)cc5)c(C)n4C)cc3C2)cc1,8.46,0.0,1
CHEMBL4860,Cc1ccc(OC(=O)N2Cc3cc(C(=O)N4Cc5ccccc5C[C@H]4C)c(-c4cc(C(=O)N(C)c5ccc(O)cc5)c5n4CCCC5)cc3C2)cc1,8.24,0.0,1
CHEMBL4860,Cc1ccc(OC(=O)NCc2ccc(-c3cc(C(=O)N(C)c4ccc(O)cc4)c(C)n3C)c(C(=O)N3Cc4ccccc4C[C@H]3C)c2)cc1,7.77,0.0,1
CHEMBL4860,Cc1cccc(-n2nc(C(=O)N(c3ccccc3)c3ccccc3)cc2C)c1C(=O)N1Cc2ccccc2CC1CO,6.22,0.0,1
CHEMBL4860,Cc1cccc(-n2nc(C(=O)N(c3ccccc3)c3ccccc3)cc2C)c1C(=O)N1Cc2ccccc2C[C@@H]1CO,5.859999999999999,0.6062177826491073,3
CHEMBL4860,Cc1cccc(-n2nc(C(=O)N(c3ccccc3)c3ccccc3)cc2C)c1C(=O)N1Cc2ccccc2C[C@H]1CO,6.68,0.0,1
CHEMBL4860,Cc1cccc(C)c1C1CCCN1C1CC=C(c2ccc(C(=O)NS(=O)(=O)c3ccc(NCC4CCOCC4)c([N+](=O)[O-])c3)c(Oc3cnc4[nH]ccc4c3)c2)CC1,7.52,0.0,1
CHEMBL4860,Cc1cccc(C2CCCN2C2CC=C(c3ccc(C(=O)NS(=O)(=O)c4ccc(NCC5CCOCC5)c([N+](=O)[O-])c4)c(Oc4cnc5[nH]ccc5c4)c3)CC2)c1,8.06,0.0,1
CHEMBL4860,Cc1cccc(CN(C(=O)c2cc(-c3cc4c(cc3C(=O)N3Cc5ccccc5C[C@H]3CN3CCOCC3)OCO4)n3c2CCCC3)c2ccc(O)cc2)c1,8.12,0.0,1
CHEMBL4860,Cc1cccc(F)c1CN(C(=O)c1cc(-c2cc3c(cc2C(=O)N2Cc4ccccc4C[C@H]2CN2CCOCC2)OCO3)n2c1CCCC2)c1ccc(O)cc1,7.52,0.0,1
CHEMBL4860,Cc1cccc(N(C(=O)c2cc(-c3cc(Cl)ccc3C(=O)N3Cc4ccccc4C[C@H]3CN3CCOCC3)n3c2CCCC3)c2ccc(O)cc2)c1,7.58,0.0,1
CHEMBL4860,Cc1cccc(OC(=O)N2CCc3cc(-c4cc(C(=O)N(C)c5ccc(O)cc5)c5n4CCCC5)c(C(=O)N4Cc5ccccc5C[C@H]4CN4CCOCC4)cc3C2)c1,8.26,0.0,1
CHEMBL4860,Cc1ccccc1C1CCCCCN1C1CC2(CCN(c3ccc(C(=O)NS(=O)(=O)c4ccc(NCC5CCOCC5)c([N+](=O)[O-])c4)c(Oc4cnc5[nH]ccc5c4)c3)CC2)C1,9.01,0.0,1
CHEMBL4860,Cc1ccccc1C1CCCN1C1CC=C(c2ccc(C(=O)NS(=O)(=O)c3ccc(NCC4CCOCC4)c([N+](=O)[O-])c3)c(Oc3cnc4[nH]ccc4c3)c2)CC1,7.89,0.0,1
CHEMBL4860,Cc1ccccc1C1CCCN1C1CCC(c2ccc(C(=O)NS(=O)(=O)c3ccc(NCC4CCOCC4)c([N+](=O)[O-])c3)c(Oc3cnc4[nH]ccc4c3)c2)CC1,8.23,0.0,1
CHEMBL4860,Cc1ccccc1C1CCCN1c1ccc(-c2ccc(C(=O)NS(=O)(=O)c3ccc(NCC4CCOCC4)c([N+](=O)[O-])c3)c(Oc3cnc4[nH]ccc4c3)c2)cc1,8.184999999999999,0.47376154339498616,2
CHEMBL4860,Cc1ccccc1N1CCCC1c1ccc(-c2ccc(C(=O)NS(=O)(=O)c3ccc(NCC4CCOCC4)c([N+](=O)[O-])c3)c(Oc3cnc4[nH]ccc4c3)c2)cc1,7.7,0.0,1
CHEMBL4860,Cc1ccccc1OC(=O)N1CCc2cc(-c3cc(C(=O)N(C)c4ccc(O)cc4)c4n3CCCC4)c(C(=O)N3Cc4ccccc4C[C@H]3CN3CCOCC3)cc2C1,8.41,0.0,1
CHEMBL4860,Cc1ccccc1[C@@H]1CCCN1C1CC2(CCN(c3ccc(C(=O)NS(=O)(=O)c4ccc(NCC5CCOCC5)c([N+](=O)[O-])c4)c(Oc4cnc5[nH]ccc5c4)c3)CC2)C1,9.553333333333333,1.0038094108611122,3
CHEMBL4860,Cc1nn(C)cc1N(C(=O)c1cc(-c2cc(Cl)ccc2C(=O)N2Cc3ccccc3C[C@H]2CN2CCOCC2)n(C)c1C)c1ccc(O)cc1,8.52,0.0,1
CHEMBL4860,Cc1nn(C)cc1N(C(=O)c1cc(-c2cc(F)ccc2C(=O)N2Cc3ccccc3C[C@H]2CN2CCOCC2)n(C)c1C)c1ccc(O)cc1,8.08,0.0,1
CHEMBL4860,Cc1oc(-c2ccc(Cl)cc2)c(-c2cccc(N3CCN(c4ccc(NS(=O)(=O)c5ccc(N[C@H](CCN(C)C)CSc6ccccc6)c([N+](=O)[O-])c5)cc4)CC3)c2)c1C(=O)O,8.42,0.0,1
CHEMBL4860,Clc1cccc(Nc2nnc(-c3c[nH]c4ccccc34)o2)c1,6.18,0.0,1
CHEMBL4860,Cn1cc(-c2ccccc2[C@H]2CCCN2c2ccc(-c3ccc(C(=O)NS(=O)(=O)c4ccc(NCC5CCOCC5)c([N+](=O)[O-])c4)c(Oc4cnc5[nH]ccc5c4)c3)cc2)cn1,8.38,0.0,1
CHEMBL4860,Cn1cc(N(C(=O)c2cc(-c3cc(Cl)ccc3C(=O)N3Cc4ccccc4C[C@H]3CN3CCOCC3)n3c2CCCC3)c2ccc(O)cc2)cn1,8.22,0.0,1
CHEMBL4860,Cn1cc2cccc(C3CCCN3c3ccc(-c4ccc(C(=O)NS(=O)(=O)c5ccc(NCC6CCOCC6)c([N+](=O)[O-])c5)c(Oc5cnc6[nH]ccc6c5)c4)cc3)c2n1,7.92,0.0,1
CHEMBL4860,Cn1ccc(S(=O)(=O)NC(=O)c2ccc(N3CCN(CC4=C(c5ccc(Cl)cc5)CCC(C)(C)C4)CC3)cc2)n1,7.17,0.0,1
CHEMBL4860,Cn1ccc2cc(N(C(=O)c3cc(-c4cc(Br)ccc4C(=O)N4Cc5ccccc5C[C@H]4CN4CCOCC4)n4c3CCCC4)c3ccc(O)cc3)ccc21,7.5,0.0,1
CHEMBL4860,Cn1ccc2cc(N(C(=O)c3cc(-c4cc(C(F)(F)F)ccc4C(=O)N4Cc5ccccc5C[C@H]4CN4CCOCC4)n4c3CCCC4)c3ccc(O)cc3)ccc21,7.24,0.0,1
CHEMBL4860,Cn1ccc2cc(N(C(=O)c3cc(-c4cc(Cl)ccc4C(=O)N4Cc5ccccc5C[C@H]4CN4CCCOCC4)n4c3CCCC4)c3ccc(O)cc3)ccc21,7.68,0.0,1
CHEMBL4860,Cn1ccc2cc(N(C(=O)c3cc(-c4cc(Cl)ccc4C(=O)N4Cc5ccccc5C[C@H]4CN4CCOCC4)n4c3CCCC4)c3ccc(O)c(F)c3)ccc21,7.47,0.0,1
CHEMBL4860,Cn1ccc2cc(N(C(=O)c3cc(-c4cc(Cl)ccc4C(=O)N4Cc5ccccc5C[C@H]4CN4CCOCC4)n4c3CCCC4)c3ccc(O)cc3)ccc21,7.57,0.0,1
CHEMBL4860,Cn1ccc2cc(N(C(=O)c3cc(-c4cc(Cl)ccc4C(=O)N4Cc5ccccc5C[C@H]4CN4CCOCC4)n4c3CCCC4)c3ccc(O)cc3)cnc21,8.22,0.0,1
CHEMBL4860,Cn1ccc2cc(N(C(=O)c3cc(-c4cc(Cl)ccc4C(=O)N4Cc5ccccc5C[C@H]4CN4CCOCC4)n4c3COCC4)c3ccc(O)cc3)ccc21,7.66,0.0,1
CHEMBL4860,Cn1ccc2cc(N(C(=O)c3cc(-c4cc(Cl)ccc4C(=O)N4Cc5ccccc5C[C@H]4CN4CCOCC4)n4ccccc34)c3ccc(O)cc3)ccc21,7.62,0.0,1
CHEMBL4860,Cn1ccc2cc(N(C(=O)c3cc(-c4cc(F)ccc4C(=O)N4Cc5ccccc5C[C@H]4CN4CCOCC4)n4c3CCCC4)c3ccc(O)cc3)ccc21,7.77,0.0,1
CHEMBL4860,Cn1ccc2cc(N(C(=O)c3cc(-c4cc(OC(F)(F)F)ccc4C(=O)N4Cc5ccccc5C[C@H]4CN4CCOCC4)n4c3CCCC4)c3ccc(O)cc3)ccc21,7.376666666666666,0.5005330491918927,3
CHEMBL4860,Cn1ccc2cc(N(C(=O)c3cc(-c4cc5c(cc4C(=O)N4Cc6ccccc6C[C@H]4CN4CCCOCC4)OCO5)n4c3CCCC4)c3ccc(O)cc3)ccc21,7.8,0.0,1
CHEMBL4860,Cn1ccc2cc(N(C(=O)c3cc(-c4cc5c(cc4C(=O)N4Cc6ccccc6C[C@H]4CN4CCOCC4)OCCCO5)n4c3CCCC4)c3ccc(O)cc3)ccc21,7.47,0.0,1
CHEMBL4860,Cn1ccc2cc(N(C(=O)c3cc(-c4cc5c(cc4C(=O)N4Cc6ccccc6C[C@H]4CN4CCOCC4)OCCO5)n4c3CCCC4)c3ccc(O)cc3)ccc21,7.82,0.0,1
CHEMBL4860,Cn1ccc2cc(N(C(=O)c3cc(-c4cc5c(cc4C(=O)N4Cc6ccccc6C[C@H]4CN4CCOCC4)OCCO5)n4ccccc34)c3ccc(O)cc3)ccc21,7.72,0.0,1
CHEMBL4860,Cn1ccc2cc(N(C(=O)c3cc(-c4cc5c(cc4C(=O)N4Cc6ccccc6C[C@H]4CN4CCOCC4)OCO5)n4c3CCC4)c3ccc(O)cc3)ccc21,7.96,0.0,1
CHEMBL4860,Cn1ccc2cc(N(C(=O)c3cc(-c4cc5c(cc4C(=O)N4Cc6ccccc6C[C@H]4CN4CCOCC4)OCO5)n4c3CCCC4)c3ccc(O)cc3)ccc21,7.734999999999999,0.021213203435596288,2
CHEMBL4860,Cn1ccc2cc(N(C(=O)c3cc(-c4cc5c(cc4C(=O)N4Cc6ccccc6C[C@H]4CN4CCOCC4)OCO5)n4c3CN(C(=O)OC(C)(C)C)CC4)c3ccc(O)cc3)ccc21,6.66,0.0,1
CHEMBL4860,Cn1ccc2cc(N(C(=O)c3cc(-c4cc5c(cc4C(=O)N4Cc6ccccc6C[C@H]4CN4CCOCC4)OCO5)n4c3CNCC4)c3ccc(O)cc3)ccc21,7.62,0.0,1
CHEMBL4860,Cn1ccc2cc(N(C(=O)c3cc(-c4cc5c(cc4C(=O)N4Cc6ccccc6C[C@H]4CN4CCOCC4)OCO5)n4c3COCC4)c3ccc(O)cc3)ccc21,7.75,0.0,1
CHEMBL4860,Cn1ccc2cc(N(C(=O)c3cc(-c4cc5c(cc4C(=O)N4Cc6ccccc6C[C@H]4CN4CCOCC4)OCO5)n4ccccc34)c3ccc(O)cc3)ccc21,7.89,0.0,1
CHEMBL4860,Cn1ccc2cc(N(C(=O)c3cc(-c4ccccc4C(=O)N4Cc5ccccc5C[C@H]4CN4CCOCC4)n4ccccc34)c3ccc(O)cc3)ccc21,7.7,0.0,1
CHEMBL4860,Cn1ccc2ccc(N(C(=O)c3cc(-c4cc(Cl)ccc4C(=O)N4Cc5ccccc5C[C@H]4CN4CCOCC4)n4c3CCCCC4)c3ccc(O)cc3)cc21,7.75,0.0,1
CHEMBL4860,Cn1ccc2ccc(N(C(=O)c3cc(-c4cc5c(cc4C(=O)N4Cc6ccccc6C[C@H]4CN4CCOCC4)OCO5)n4c3CCCCC4)c3ccc(O)cc3)cc21,7.75,0.0,1
CHEMBL4860,Cn1ncc2cc(N(C(=O)c3cc(-c4cc(Cl)ccc4C(=O)N4Cc5ccccc5C[C@H]4CN4CCOCC4)n4c3CCCC4)c3ccc(O)cc3)ccc21,7.89,0.0,1
CHEMBL4860,Cn1ncc2cc(N(C(=O)c3cc(-c4cc(Cl)ccc4C(=O)N4Cc5ccccc5C[C@H]4CN4CCOCC4)n4c3COCC4)c3ccc(O)cc3)ccc21,8.3,0.0,1
CHEMBL4860,Cn1ncc2cc(N(C(=O)c3cc(-c4cc(F)ccc4C(=O)N4Cc5ccccc5C[C@H]4CN4CCOCC4)n4c3CCCC4)c3ccc(O)cc3)ccc21,7.85,0.0,1
CHEMBL4860,Cn1ncc2cc(N(C(=O)c3cc(-c4cc5c(cc4C(=O)N4Cc6ccccc6C[C@H]4CN4CCOCC4)OCCO5)n4c3CCCC4)c3ccc(O)cc3)ccc21,7.8,0.0,1
CHEMBL4860,Cn1ncc2cc(N(C(=O)c3cc(-c4cc5c(cc4C(=O)N4Cc6ccccc6C[C@H]4CN4CCOCC4)OCO5)n4c3CCCC4)c3ccc(O)cc3)ccc21,8.52,0.0,1
CHEMBL4860,N#CC1=C(C#N)c2ccc(N3CCSCC3)c3cccc(c23)C1=O,6.1,0.0,1
CHEMBL4860,N#CC1=C(C#N)c2ccc(NCc3ccccc3)c3cccc(c23)C1=O,4.83,0.0,1
CHEMBL4860,N#CC1=C(C#N)c2ccc(SC3CCCC3)c3cccc(c23)C1=O,5.08,0.0,1
CHEMBL4860,N#CC1=C(C#N)c2ccc(SC3CCCCC3)c3cccc(c23)C1=O,5.07,0.0,1
CHEMBL4860,N#CC1=C(C#N)c2ccc(Sc3ccc(Br)cc3)c3cccc(c23)C1=O,6.16,0.0,1
CHEMBL4860,N#CC1=C(C#N)c2ccc(Sc3ccccc3)c3cccc(c23)C1=O,5.75,0.0,1
CHEMBL4860,N#CC1=C(NCC2CCCCC2)c2ccc(SC3CCCCC3)c3cccc(c23)C1=O,5.32,0.0,1
CHEMBL4860,N#CC1=C(NCCC(N)=O)c2ccc(SC3CCCCC3)c3cccc(c23)C1=O,4.87,0.0,1
CHEMBL4860,N#CC1=C(NCCN2CCOCC2)c2ccc(SC3CCCCC3)c3cccc(c23)C1=O,4.73,0.0,1
CHEMBL4860,N#CC1=C(NCCO)c2ccc(SC3CCCCC3)c3cccc(c23)C1=O,5.02,0.0,1
CHEMBL4860,N#CC1=C(NCc2ccccc2)c2ccc(SC3CCCCC3)c3cccc(c23)C1=O,5.28,0.0,1
CHEMBL4860,N#CC1=C2C(=NC1=O)c1cccc3c(N4CCSCC4)ccc2c13,6.345000000000001,0.2757716446627536,2
CHEMBL4860,N#CC1=C2C(=NC1=O)c1cccc3c(Sc4ccc(N)cc4)ccc2c13,6.5,0.028284271247461298,2
CHEMBL4860,N#CC1CCN(C2CC=C(c3ccc(C(=O)NS(=O)(=O)c4ccc(NCC5CCOCC5)c([N+](=O)[O-])c4)c(Oc4cnc5[nH]ccc5c4)c3)CC2)C1c1ccccc1C1CC1,7.8,0.0,1
CHEMBL4860,N#C[C@H]1C[C@@H]1c1ccccc1C1CCCN1C1CC=C(c2ccc(C(=O)NS(=O)(=O)c3ccc(NCC4CCOCC4)c([N+](=O)[O-])c3)c(Oc3cnc4[nH]ccc4c3)c2)CC1,7.7,0.0,1
CHEMBL4860,N#C[C@H]1C[C@H]1c1ccccc1C1CCCN1C1CC=C(c2ccc(C(=O)NS(=O)(=O)c3ccc(NCC4CCOCC4)c([N+](=O)[O-])c3)c(Oc3cnc4[nH]ccc4c3)c2)CC1,8.52,0.0,1
CHEMBL4860,N#Cc1cc(S(=O)(=O)NC(=O)c2ccc(C3=CCC(N4CCCC4c4ccccc4C4CC4)CC3)cc2Oc2cnc3[nH]ccc3c2)ccc1NCC1CCOCC1,6.37,0.0,1
CHEMBL4860,N#Cc1ccc(N(C(=O)c2cc(-c3cc(Cl)ccc3C(=O)N3Cc4ccccc4C[C@H]3CN3CCOCC3)n3c2CCCC3)c2ccc(O)cc2)cc1,8.05,0.0,1
CHEMBL4860,N#Cc1cccc(C2CCCN2C2CC=C(c3ccc(C(=O)NS(=O)(=O)c4ccc(NCC5CCOCC5)c([N+](=O)[O-])c4)c(Oc4cnc5[nH]ccc5c4)c3)CC2)c1,6.76,0.0,1
CHEMBL4860,N#Cc1cccc(N(C(=O)c2cc(-c3cc(Cl)ccc3C(=O)N3Cc4ccccc4C[C@H]3CN3CCOCC3)n3c2CCCC3)c2ccc(O)cc2)c1,8.05,0.0,1
CHEMBL4860,N#Cc1ccccc1N(C(=O)c1cc(-c2cc(Cl)ccc2C(=O)N2Cc3ccccc3C[C@H]2CN2CCOCC2)n2c1CCCC2)c1ccc(O)cc1,7.43,0.0,1
CHEMBL4860,N=C(NS(=O)(=O)c1ccc(N[C@H](CCN2CCOCC2)CSc2ccccc2)c(S(=O)(=O)C(F)(F)F)c1)c1ccc(N2CCN(Cc3ccccc3-c3ccc(Cl)cc3)CC2)cc1,7.72,0.0,1
CHEMBL4860,NC(=O)C1CCC(c2ccccc2[C@H]2CCCN2c2ccc(-c3ccc(C(=O)NS(=O)(=O)c4ccc(NCC5CCOCC5)c([N+](=O)[O-])c4)c(Oc4cnc5[nH]ccc5c4)c3)cc2)CC1,9.1,0.0,1
CHEMBL4860,NC[C@@H]1Cc2ccccc2CN1C(=O)c1cc(N)ccc1-n1nc(C(=O)N(c2ccccc2)c2ccccc2)c2ccccc21,7.28,0.0,1
CHEMBL4860,NC[C@@H]1Cc2ccccc2CN1C(=O)c1cc(NC(=O)COc2ccccc2)ccc1-n1nc(C(=O)N(c2ccccc2)c2ccccc2)c2ccccc21,7.46,0.0,1
CHEMBL4860,NC[C@@H]1Cc2ccccc2CN1C(=O)c1cc(NC(=O)CSc2ccccc2)ccc1-n1cc(C(=O)N(c2ccccc2)c2ccc(O)cc2)c2ccccc21,7.79,0.0,1
CHEMBL4860,NC[C@@H]1Cc2ccccc2CN1C(=O)c1cc(NC(=O)CSc2ccccc2)ccc1-n1nc(C(=O)N(c2ccccc2)c2ccccc2)c2ccccc21,7.67,0.0,1
CHEMBL4860,NC[C@@H]1Cc2ccccc2CN1C(=O)c1cc(NCc2ccccc2)ccc1-n1nc(C(=O)N(c2ccccc2)c2ccccc2)c2ccccc21,7.15,0.0,1
CHEMBL4860,NC[C@@H]1Cc2ccccc2CN1C(=O)c1cc2c(cc1-n1cc(C(=O)N(c3ccccc3)c3ccc(O)cc3)c3ccccc31)OCO2,6.54,0.0,1
CHEMBL4860,NC[C@@H]1Cc2ccccc2CN1C(=O)c1cc2c(cc1-n1nc(C(=O)N(c3ccccc3)c3ccccc3)c3ccccc31)OCO2,7.5,0.0,1
CHEMBL4860,NC[C@@H]1Cc2ccccc2CN1C(=O)c1ccc(Cl)cc1-n1cc(C(=O)N(c2ccccc2)c2ccc(O)cc2)c2ccccc21,7.93,0.0,1
CHEMBL4860,NC[C@@H]1Cc2ccccc2CN1C(=O)c1ccccc1-n1cc(C(=O)N(c2ccccc2)c2ccc(O)cc2)c2ccccc21,7.72,0.0,1
CHEMBL4860,NC[C@@H]1Cc2ccccc2CN1C(=O)c1ccccc1-n1cc(C(=O)N(c2ccccc2)c2ccccc2)c2ccccc21,7.05,0.0,1
CHEMBL4860,NC[C@@H]1Cc2ccccc2CN1C(=O)c1ccccc1-n1nc(C(=O)N(c2ccccc2)c2ccc(O)cc2)c2ccccc21,7.55,0.0,1
CHEMBL4860,NC[C@@H]1Cc2ccccc2CN1C(=O)c1ccccc1-n1nc(C(=O)N(c2ccccc2)c2ccccc2)c2ccc(C(=O)O)cc21,6.08,0.0,1
CHEMBL4860,NC[C@@H]1Cc2ccccc2CN1C(=O)c1ccccc1-n1nc(C(=O)N(c2ccccc2)c2ccccc2)c2ccccc21,7.27,0.0,1
CHEMBL4860,Nc1ccc(Sc2ccc3c4c(cccc24)C2=NC(=O)C(NCCCc4ccccc4)=C23)cc1,7.7,0.0,1
CHEMBL4860,Nc1ncc(Oc2cc(N3CCC4(CC3)CC(N3CCC[C@H]3c3ccccc3C3CC3)C4)ccc2C(=O)NS(=O)(=O)c2ccc(NCC3CCOCC3)c([N+](=O)[O-])c2)cc1Cl,9.02,1.5556349186104041,2
CHEMBL4860,Nn1c(SCc2cccc([N+](=O)[O-])c2)nnc1-c1c[nH]c2ccccc12,5.84,0.0,1
CHEMBL4860,O=C(NS(=O)(=O)c1cc([N+](=O)[O-])c2[nH]c(-c3ccncc3)nc2c1)c1ccc(N2CCN(CC3=C(c4ccc(Cl)cc4)CC4(CCC4)CC3)CC2)cc1Oc1cnc2[nH]ccc2c1,8.57,0.0,1
CHEMBL4860,O=C(NS(=O)(=O)c1cc([N+](=O)[O-])c2[nH]c(C3CC3)nc2c1)c1ccc(N2CCN(CC3=C(c4ccc(Cl)cc4)CC4(CCC4)CC3)CC2)cc1Oc1cnc2[nH]ccc2c1,8.3,0.0,1
CHEMBL4860,O=C(NS(=O)(=O)c1cc([N+](=O)[O-])c2c(cnn2CC2CCOCC2)c1)c1ccc(N2CCN(CC3=C(c4ccc(Cl)cc4)CC4(CCC4)CC3)CC2)cc1Oc1cnc2[nH]ccc2c1,8.68,0.0,1
CHEMBL4860,O=C(NS(=O)(=O)c1cc([N+](=O)[O-])c2cn(C3CCOCC3)nc2c1)c1ccc(N2CCN(CC3=C(c4ccc(Cl)cc4)CC4(CCC4)CC3)CC2)cc1Oc1cnc2[nH]ccc2c1,8.85,0.0,1
CHEMBL4860,O=C(NS(=O)(=O)c1cc([N+](=O)[O-])c2cn(CC3CCOCC3)nc2c1)c1ccc(N2CCN(CC3=C(c4ccc(Cl)cc4)CC4(CCC4)CC3)CC2)cc1Oc1cnc2[nH]ccc2c1,8.89,0.0,1
CHEMBL4860,O=C(NS(=O)(=O)c1cc([N+](=O)[O-])c2cnn(C3CCOCC3)c2c1)c1ccc(N2CCN(CC3=C(c4ccc(Cl)cc4)CC4(CCC4)CC3)CC2)cc1Oc1cnc2[nH]ccc2c1,8.62,0.0,1
CHEMBL4860,O=C(NS(=O)(=O)c1cc([N+](=O)[O-])c2cnn(CC3CCOCC3)c2c1)c1ccc(N2CCN(CC3=C(c4ccc(Cl)cc4)CC4(CCC4)CC3)CC2)cc1Oc1cnc2[nH]ccc2c1,8.8,0.0,1
CHEMBL4860,O=C(NS(=O)(=O)c1cc([N+](=O)[O-])c2nn(CC3CCOCC3)cc2c1)c1ccc(N2CCN(CC3=C(c4ccc(Cl)cc4)CC4(CCC4)CC3)CC2)cc1Oc1cnc2[nH]ccc2c1,8.68,0.0,1
CHEMBL4860,O=C(NS(=O)(=O)c1ccc(N2CC3(CCOCC3)C2)c([N+](=O)[O-])c1)c1ccc(-c2ccc(N3CCCC3c3ccccc3Cl)cc2)cc1Oc1cnc2[nH]ccc2c1,6.9,0.0,1
CHEMBL4860,O=C(NS(=O)(=O)c1ccc(NC(=O)N2CCOCC2)c([N+](=O)[O-])c1)c1ccc(C2=CCC(N3CCCC3c3ccccc3C3CC3)CC2)cc1Oc1cnc2[nH]ccc2c1,7.92,0.0,1
CHEMBL4860,O=C(NS(=O)(=O)c1ccc(NC(CCN2CCOCC2)CSc2ccccc2)c(S(=O)(=O)C(F)(F)F)c1)c1ccc(C2=CCC(N3CCCC3c3ccccc3C3CC3)CC2)cc1,6.25,0.0,1
CHEMBL4860,O=C(NS(=O)(=O)c1ccc(NC(CCN2CCOCC2)CSc2ccccc2)c([N+](=O)[O-])c1)c1ccc(C2=CCC(N3CCCC3c3ccccc3C3CC3)CC2)cc1,6.05,0.0,1
CHEMBL4860,O=C(NS(=O)(=O)c1ccc(NC(CCN2CCOCC2)CSc2ccccc2)c([N+](=O)[O-])c1)c1ccc(C2=CCC(N3CCCC3c3ccccc3C3CC3)CC2)cc1Oc1cnc2[nH]ccc2c1,6.87,0.0,1
CHEMBL4860,O=C(NS(=O)(=O)c1ccc(NC2CC3(C2)CN(C2CCOCC2)C3)c([N+](=O)[O-])c1)c1ccc(-c2ccc(N3CCC[C@@H]3c3ccccc3C3CC3)cc2)cc1Oc1cnc2[nH]ccc2c1,7.85,0.0,1
CHEMBL4860,O=C(NS(=O)(=O)c1ccc(NC2CCN(C(CF)CF)C2)c([N+](=O)[O-])c1)c1ccc(C2=CCC(N3CCCC3c3ccccc3C3CC3)CC2)cc1Oc1cnc2[nH]ccc2c1,8.05,0.0,1
CHEMBL4860,O=C(NS(=O)(=O)c1ccc(NC2CCN(C3COC3)CC2)c([N+](=O)[O-])c1)c1ccc(-c2ccc(N3CCCC3c3ccccc3Cl)cc2)cc1Oc1cnc2[nH]ccc2c1,7.62,0.0,1
CHEMBL4860,O=C(NS(=O)(=O)c1ccc(NC2CN(C3CCOCC3)C2)c([N+](=O)[O-])c1)c1ccc(-c2ccc(N3CCCC3c3ccccc3Cl)cc2)cc1Oc1cnc2[nH]ccc2c1,7.48,0.0,1
CHEMBL4860,O=C(NS(=O)(=O)c1ccc(NCC2(F)CCC(O)CC2)c([N+](=O)[O-])c1)c1ccc(C2=CCC(N3CCC[C@@H]3c3ccccc3C3CC3)CC2)cc1Oc1cnc2[nH]ccc2c1,8.24,0.0,1
CHEMBL4860,O=C(NS(=O)(=O)c1ccc(NCC2(F)CCC(O)CC2)c([N+](=O)[O-])c1)c1ccc(C2=CCC(N3CCC[C@H]3c3ccccc3C3CC3)CC2)cc1Oc1cnc2[nH]ccc2c1,8.385,0.1484924240491756,2
CHEMBL4860,O=C(NS(=O)(=O)c1ccc(NCC2(F)CCN(C3COC3)CC2)c([N+](=O)[O-])c1)c1ccc(-c2ccc(N3CCC[C@@H]3c3ccccc3C3CC3)cc2)cc1Oc1cnc2[nH]ccc2c1,8.82,0.0,1
CHEMBL4860,O=C(NS(=O)(=O)c1ccc(NCC2(F)CCN(C3COC3)CC2)c([N+](=O)[O-])c1)c1ccc(C2=CCC(N3CCC[C@H]3c3ccccc3C3CC3)CC2)cc1Oc1cnc2[nH]ccc2c1,8.49,0.0,1
CHEMBL4860,O=C(NS(=O)(=O)c1ccc(NCC2(F)CCOCC2)c([N+](=O)[O-])c1)c1ccc(-c2ccc(N3CCC[C@@H]3c3ccccc3C3CC3)cc2)cc1Oc1cnc2[nH]ccc2c1,8.695,0.1767766952966369,2
CHEMBL4860,O=C(NS(=O)(=O)c1ccc(NCC2(F)CCOCC2)c([N+](=O)[O-])c1)c1ccc(-c2ccc(N3CCC[C@H]3c3ccccc3C3CC3)cc2)cc1Oc1cnc2[nH]ccc2c1,7.92,0.0,1
CHEMBL4860,O=C(NS(=O)(=O)c1ccc(NCC2(F)CCOCC2)c([N+](=O)[O-])c1)c1ccc(C2=CCC(N3CCCC3c3ccccc3C3CC3)CC2)cc1Oc1cnc2[nH]ccc2c1,8.31,0.0,1
CHEMBL4860,O=C(NS(=O)(=O)c1ccc(NCC2(F)CCOCC2)c([N+](=O)[O-])c1)c1ccc(C2=CCC(N3CCC[C@@H]3c3ccccc3C3CC3)CC2)cc1Oc1cnc2[nH]ccc2c1,8.225,0.1767766952966369,2
CHEMBL4860,O=C(NS(=O)(=O)c1ccc(NCC2(F)CCOCC2)c([N+](=O)[O-])c1)c1ccc(C2=CCC(N3CCC[C@H]3c3ccccc3C3CC3)CC2)cc1Oc1cnc2[nH]ccc2c1,8.465,0.007071067811865952,2
CHEMBL4860,O=C(NS(=O)(=O)c1ccc(NCC2(F)CCOCC2)c([N+](=O)[O-])c1)c1ccc(N2CCC3(CC2)CC(N2CCC[C@@H]2c2ccccc2C2CC2)C3)cc1Oc1cnc2[nH]ccc2c1,9.01,0.0,1
CHEMBL4860,O=C(NS(=O)(=O)c1ccc(NCC2(F)CCOCC2)c([N+](=O)[O-])c1)c1ccc(N2CCC3(CC2)CC(N2CCC[C@H]2c2ccccc2C2CC2)C3)cc1Oc1cnc2[nH]ccc2c1,9.629999999999999,1.2162236636408617,2
CHEMBL4860,O=C(NS(=O)(=O)c1ccc(NCC2(O)COC2)c([N+](=O)[O-])c1)c1ccc(-c2ccc(N3CCCC3c3ccccc3Cl)cc2)cc1Oc1cnc2[nH]ccc2c1,7.72,0.0,1
CHEMBL4860,O=C(NS(=O)(=O)c1ccc(NCC2C3COCC23)c([N+](=O)[O-])c1)c1ccc(N2CCC3(CC2)CC(N2CCC[C@H]2c2ccccc2C2CC2)C3)cc1Oc1cnc2[nH]ccc2c1,10.36,0.0,1
CHEMBL4860,O=C(NS(=O)(=O)c1ccc(NCC2CC(O)CO2)c([N+](=O)[O-])c1)c1ccc(N2CCC3(CC2)CC(N2CCC[C@H]2c2ccccc2C2CC2)C3)cc1Oc1cnc2[nH]ccc2c1,10.275,0.09192388155425048,2
CHEMBL4860,O=C(NS(=O)(=O)c1ccc(NCC2CCC(O)(C(F)(F)F)CC2)c([N+](=O)[O-])c1)c1ccc(N2CCC3(CC2)CC(N2CCC[C@H]2c2ccccc2C2CC2)C3)cc1Oc1cnc2[nH]ccc2c1,10.24,0.0,1
CHEMBL4860,O=C(NS(=O)(=O)c1ccc(NCC2CCC(O)CC2)c([N+](=O)[O-])c1)c1ccc(C2=CCC(N3CCC[C@@H]3c3ccccc3C3CC3)CC2)cc1Oc1cnc2[nH]ccc2c1,8.17,0.0,1
CHEMBL4860,O=C(NS(=O)(=O)c1ccc(NCC2CCC(O)CC2)c([N+](=O)[O-])c1)c1ccc(C2=CCC(N3CCC[C@H]3c3ccccc3C3CC3)CC2)cc1Oc1cnc2[nH]ccc2c1,8.48,0.0,1
CHEMBL4860,O=C(NS(=O)(=O)c1ccc(NCC2CCN(C3COC3)CC2)c([N+](=O)[O-])c1)c1ccc(C2=CCC(N3CCCC3c3ccccc3C3CC3)CC2)cc1Oc1cnc2[nH]ccc2c1,8.28,0.0,1
CHEMBL4860,O=C(NS(=O)(=O)c1ccc(NCC2CCN(C3COC3)CC2)c([N+](=O)[O-])c1)c1ccc(C2=CCC(N3CCC[C@@H]3c3ccccc3C3CC3)CC2)cc1Oc1cnc2[nH]ccc2c1,8.34,0.0,1
CHEMBL4860,O=C(NS(=O)(=O)c1ccc(NCC2CCN(C3COC3)CC2)c([N+](=O)[O-])c1)c1ccc(C2=CCC(N3CCC[C@H]3c3ccccc3C3CC3)CC2)cc1Oc1cnc2[nH]ccc2c1,8.44,0.0,1
CHEMBL4860,O=C(NS(=O)(=O)c1ccc(NCC2CCOCC2)c(Cl)c1)c1ccc(C2=CCC(N3CCCC3c3ccccc3C3CC3)CC2)cc1Oc1cnc2[nH]ccc2c1,6.45,0.0,1
CHEMBL4860,O=C(NS(=O)(=O)c1ccc(NCC2CCOCC2)c(S(=O)(=O)C(F)(F)F)c1)c1ccc(C2=CCC(N3CCCC3c3ccccc3C3CC3)CC2)cc1Oc1cnc2[nH]ccc2c1,6.6,0.0,1
CHEMBL4860,O=C(NS(=O)(=O)c1ccc(NCC2CCOCC2)c([N+](=O)[O-])c1)c1ccc(-c2cc3cc(N4CCCC4c4ccccc4)ccc3s2)cc1Oc1cnc2[nH]ccc2c1,6.12,0.0,1
CHEMBL4860,O=C(NS(=O)(=O)c1ccc(NCC2CCOCC2)c([N+](=O)[O-])c1)c1ccc(-c2cc3cc(N4CCC[C@@H]4c4ccccc4)ccc3s2)cc1Oc1cnc2[nH]ccc2c1,9.45,1.2727922061357855,2
CHEMBL4860,O=C(NS(=O)(=O)c1ccc(NCC2CCOCC2)c([N+](=O)[O-])c1)c1ccc(-c2cc3n(n2)C(c2ccc(Cl)cc2)CCN3)cc1Oc1cnc2[nH]ccc2c1,6.69,0.0,1
CHEMBL4860,O=C(NS(=O)(=O)c1ccc(NCC2CCOCC2)c([N+](=O)[O-])c1)c1ccc(-c2cc3nc(N4CCCC4c4ccccc4)ccn3n2)cc1Oc1cnc2[nH]ccc2c1,7.31,0.0,1
CHEMBL4860,O=C(NS(=O)(=O)c1ccc(NCC2CCOCC2)c([N+](=O)[O-])c1)c1ccc(-c2ccc(C3CCCN3Cc3ccccc3)cc2)cc1Oc1cnc2[nH]ccc2c1,6.62,0.0,1
CHEMBL4860,O=C(NS(=O)(=O)c1ccc(NCC2CCOCC2)c([N+](=O)[O-])c1)c1ccc(-c2ccc(C3CCCN3c3ccccc3)cc2)cc1Oc1cnc2[nH]ccc2c1,7.295,0.24748737341529137,2
CHEMBL4860,O=C(NS(=O)(=O)c1ccc(NCC2CCOCC2)c([N+](=O)[O-])c1)c1ccc(-c2ccc(C3CCCN3c3ccccc3C3CC3)cc2)cc1Oc1cnc2[nH]ccc2c1,7.23,0.0,1
CHEMBL4860,O=C(NS(=O)(=O)c1ccc(NCC2CCOCC2)c([N+](=O)[O-])c1)c1ccc(-c2ccc(C3CCCN3c3ccccc3[N+](=O)[O-])cc2)cc1Oc1cnc2[nH]ccc2c1,7.54,0.0,1
CHEMBL4860,O=C(NS(=O)(=O)c1ccc(NCC2CCOCC2)c([N+](=O)[O-])c1)c1ccc(-c2ccc(CCN3CCCC3c3ccccc3C3CC3)cc2)cc1Oc1cnc2[nH]ccc2c1,8.09,0.0,1
CHEMBL4860,O=C(NS(=O)(=O)c1ccc(NCC2CCOCC2)c([N+](=O)[O-])c1)c1ccc(-c2ccc(CCN3CCC[C@@H]3c3ccccc3C3CC3)cc2)cc1Oc1cnc2[nH]ccc2c1,7.6,0.0,1
CHEMBL4860,O=C(NS(=O)(=O)c1ccc(NCC2CCOCC2)c([N+](=O)[O-])c1)c1ccc(-c2ccc(CCN3CCC[C@H]3c3ccccc3C3CC3)cc2)cc1Oc1cnc2[nH]ccc2c1,8.09,0.0,1
CHEMBL4860,O=C(NS(=O)(=O)c1ccc(NCC2CCOCC2)c([N+](=O)[O-])c1)c1ccc(-c2ccc(CN3CCCC3c3ccc(Cl)cc3)cc2)cc1Oc1cnc2[nH]ccc2c1,6.85,0.0,1
CHEMBL4860,O=C(NS(=O)(=O)c1ccc(NCC2CCOCC2)c([N+](=O)[O-])c1)c1ccc(-c2ccc(CN3CCCC3c3ccccc3)cc2)cc1Oc1cnc2[nH]ccc2c1,7.31,0.0,1
CHEMBL4860,O=C(NS(=O)(=O)c1ccc(NCC2CCOCC2)c([N+](=O)[O-])c1)c1ccc(-c2ccc(CN3CCCC3c3ccccc3C3CC3)cc2)cc1Oc1cnc2[nH]ccc2c1,7.355,0.40305086527633194,2
CHEMBL4860,O=C(NS(=O)(=O)c1ccc(NCC2CCOCC2)c([N+](=O)[O-])c1)c1ccc(-c2ccc(CN3CCCC3c3ccccc3Cl)cc2)cc1Oc1cnc2[nH]ccc2c1,7.08,0.0,1
CHEMBL4860,O=C(NS(=O)(=O)c1ccc(NCC2CCOCC2)c([N+](=O)[O-])c1)c1ccc(-c2ccc(CN3CCC[C@H]3c3cccc(C4CC4)c3)cc2)cc1Oc1cnc2[nH]ccc2c1,7.025,0.03535533905932756,2
CHEMBL4860,O=C(NS(=O)(=O)c1ccc(NCC2CCOCC2)c([N+](=O)[O-])c1)c1ccc(-c2ccc(N3C(=O)CC3c3ccccc3)cc2)cc1Oc1cnc2[nH]ccc2c1,7.39,0.0,1
CHEMBL4860,O=C(NS(=O)(=O)c1ccc(NCC2CCOCC2)c([N+](=O)[O-])c1)c1ccc(-c2ccc(N3C(=O)COCC3c3ccccc3C3CC3)cc2)cc1Oc1cnc2[nH]ccc2c1,8.23,0.0,1
CHEMBL4860,O=C(NS(=O)(=O)c1ccc(NCC2CCOCC2)c([N+](=O)[O-])c1)c1ccc(-c2ccc(N3CC(C4CC4)CC3c3ccccc3C3CC3)cc2)cc1Oc1cnc2[nH]ccc2c1,7.21,0.0,1
CHEMBL4860,O=C(NS(=O)(=O)c1ccc(NCC2CCOCC2)c([N+](=O)[O-])c1)c1ccc(-c2ccc(N3CC(Cl)CC3c3ccccc3C3CC3)cc2)cc1Oc1cnc2[nH]ccc2c1,8.28,0.0,1
CHEMBL4860,O=C(NS(=O)(=O)c1ccc(NCC2CCOCC2)c([N+](=O)[O-])c1)c1ccc(-c2ccc(N3CC(F)(F)C[C@@H]3c3ccccc3C3CC3)cc2)cc1Oc1cnc2[nH]ccc2c1,8.22,0.7353910524340092,2
CHEMBL4860,O=C(NS(=O)(=O)c1ccc(NCC2CCOCC2)c([N+](=O)[O-])c1)c1ccc(-c2ccc(N3CC(F)=CC3c3ccccc3C3CC3)cc2)cc1Oc1cnc2[nH]ccc2c1,7.89,0.0,1
CHEMBL4860,O=C(NS(=O)(=O)c1ccc(NCC2CCOCC2)c([N+](=O)[O-])c1)c1ccc(-c2ccc(N3CC(F)CC3c3ccccc3C3CC3)cc2)cc1Oc1cnc2[nH]ccc2c1,8.54,0.0,1
CHEMBL4860,O=C(NS(=O)(=O)c1ccc(NCC2CCOCC2)c([N+](=O)[O-])c1)c1ccc(-c2ccc(N3CC(N4CCCC4c4ccccc4C4CC4)C3)cc2)cc1Oc1cnc2[nH]ccc2c1,7.62,0.0,1
CHEMBL4860,O=C(NS(=O)(=O)c1ccc(NCC2CCOCC2)c([N+](=O)[O-])c1)c1ccc(-c2ccc(N3CC4CCCC4C3c3ccccc3)cc2)cc1Oc1cnc2[nH]ccc2c1,7.52,0.0,1
CHEMBL4860,O=C(NS(=O)(=O)c1ccc(NCC2CCOCC2)c([N+](=O)[O-])c1)c1ccc(-c2ccc(N3CC4CCCC4C3c3ccccc3C3CC3)cc2)cc1Oc1cnc2[nH]ccc2c1,7.72,0.0,1
CHEMBL4860,O=C(NS(=O)(=O)c1ccc(NCC2CCOCC2)c([N+](=O)[O-])c1)c1ccc(-c2ccc(N3CCC(c4ccccc4)C3)cc2)cc1Oc1cnc2[nH]ccc2c1,6.945,0.5586143571373728,2
CHEMBL4860,O=C(NS(=O)(=O)c1ccc(NCC2CCOCC2)c([N+](=O)[O-])c1)c1ccc(-c2ccc(N3CCC3c3ccccc3)cc2)cc1Oc1cnc2[nH]ccc2c1,6.305,0.41719300090006295,2
CHEMBL4860,O=C(NS(=O)(=O)c1ccc(NCC2CCOCC2)c([N+](=O)[O-])c1)c1ccc(-c2ccc(N3CCCC3(c3ccccc3)C(F)(F)F)cc2)cc1Oc1cnc2[nH]ccc2c1,8.05,0.0,1
CHEMBL4860,O=C(NS(=O)(=O)c1ccc(NCC2CCOCC2)c([N+](=O)[O-])c1)c1ccc(-c2ccc(N3CCCC3C3CC3)cc2)cc1Oc1cnc2[nH]ccc2c1,7.25,0.0,1
CHEMBL4860,O=C(NS(=O)(=O)c1ccc(NCC2CCOCC2)c([N+](=O)[O-])c1)c1ccc(-c2ccc(N3CCCC3C3CCCCC3)cc2)cc1Oc1cnc2[nH]ccc2c1,7.025,0.5161879502661797,2
CHEMBL4860,O=C(NS(=O)(=O)c1ccc(NCC2CCOCC2)c([N+](=O)[O-])c1)c1ccc(-c2ccc(N3CCCC3Cc3cccc(C4CCCC4)c3)cc2)cc1Oc1cnc2[nH]ccc2c1,7.47,0.0,1
CHEMBL4860,O=C(NS(=O)(=O)c1ccc(NCC2CCOCC2)c([N+](=O)[O-])c1)c1ccc(-c2ccc(N3CCCC3Cc3ccccc3C3CC3)cc2)cc1Oc1cnc2[nH]ccc2c1,6.555,0.7424621202458744,2
CHEMBL4860,O=C(NS(=O)(=O)c1ccc(NCC2CCOCC2)c([N+](=O)[O-])c1)c1ccc(-c2ccc(N3CCCC3c3c(F)cccc3Cl)cc2)cc1Oc1cnc2[nH]ccc2c1,7.77,0.26870057685088766,2
CHEMBL4860,O=C(NS(=O)(=O)c1ccc(NCC2CCOCC2)c([N+](=O)[O-])c1)c1ccc(-c2ccc(N3CCCC3c3ccc(C(F)(F)F)cc3)cc2)cc1Oc1cnc2[nH]ccc2c1,5.72,0.0,1
CHEMBL4860,O=C(NS(=O)(=O)c1ccc(NCC2CCOCC2)c([N+](=O)[O-])c1)c1ccc(-c2ccc(N3CCCC3c3ccc(C4CC4)cc3)cc2)cc1Oc1cnc2[nH]ccc2c1,6.88,0.0,1
CHEMBL4860,O=C(NS(=O)(=O)c1ccc(NCC2CCOCC2)c([N+](=O)[O-])c1)c1ccc(-c2ccc(N3CCCC3c3ccc(Cl)c(Cl)c3)cc2)cc1Oc1cnc2[nH]ccc2c1,5.95,0.0,1
CHEMBL4860,O=C(NS(=O)(=O)c1ccc(NCC2CCOCC2)c([N+](=O)[O-])c1)c1ccc(-c2ccc(N3CCCC3c3ccc(Cl)cc3)cc2)cc1Oc1cnc2[nH]ccc2c1,7.199999999999999,0.49497474683058307,2
CHEMBL4860,O=C(NS(=O)(=O)c1ccc(NCC2CCOCC2)c([N+](=O)[O-])c1)c1ccc(-c2ccc(N3CCCC3c3cccc(C(F)(F)F)c3)cc2)cc1Oc1cnc2[nH]ccc2c1,6.38,0.0,1
CHEMBL4860,O=C(NS(=O)(=O)c1ccc(NCC2CCOCC2)c([N+](=O)[O-])c1)c1ccc(-c2ccc(N3CCCC3c3cccc(C4CC4)c3)cc2)cc1Oc1cnc2[nH]ccc2c1,5.97,0.0,1
CHEMBL4860,O=C(NS(=O)(=O)c1ccc(NCC2CCOCC2)c([N+](=O)[O-])c1)c1ccc(-c2ccc(N3CCCC3c3cccc(Cl)c3)cc2)cc1Oc1cnc2[nH]ccc2c1,7.1,0.26870057685088766,2
CHEMBL4860,O=C(NS(=O)(=O)c1ccc(NCC2CCOCC2)c([N+](=O)[O-])c1)c1ccc(-c2ccc(N3CCCC3c3cccc(Cl)c3C3CC3)cc2)cc1Oc1cnc2[nH]ccc2c1,6.55,0.0,1
CHEMBL4860,O=C(NS(=O)(=O)c1ccc(NCC2CCOCC2)c([N+](=O)[O-])c1)c1ccc(-c2ccc(N3CCCC3c3cccc4c3OCC4)cc2)cc1Oc1cnc2[nH]ccc2c1,7.38,0.0,1
CHEMBL4860,O=C(NS(=O)(=O)c1ccc(NCC2CCOCC2)c([N+](=O)[O-])c1)c1ccc(-c2ccc(N3CCCC3c3cccc4ccncc34)cc2)cc1Oc1cnc2[nH]ccc2c1,7.31,0.0,1
CHEMBL4860,O=C(NS(=O)(=O)c1ccc(NCC2CCOCC2)c([N+](=O)[O-])c1)c1ccc(-c2ccc(N3CCCC3c3ccccc3)c(C(F)(F)F)c2)cc1Oc1cnc2[nH]ccc2c1,5.43,0.0,1
CHEMBL4860,O=C(NS(=O)(=O)c1ccc(NCC2CCOCC2)c([N+](=O)[O-])c1)c1ccc(-c2ccc(N3CCCC3c3ccccc3)c(F)c2)cc1Oc1cnc2[nH]ccc2c1,7.06,0.0,1
CHEMBL4860,O=C(NS(=O)(=O)c1ccc(NCC2CCOCC2)c([N+](=O)[O-])c1)c1ccc(-c2ccc(N3CCCC3c3ccccc3)cc2)cc1Oc1cnc2[nH]ccc2c1,8.03,0.0,1
CHEMBL4860,O=C(NS(=O)(=O)c1ccc(NCC2CCOCC2)c([N+](=O)[O-])c1)c1ccc(-c2ccc(N3CCCC3c3ccccc3-c3ccccc3)cc2)cc1Oc1cnc2[nH]ccc2c1,7.595000000000001,0.3181980515339468,2
CHEMBL4860,O=C(NS(=O)(=O)c1ccc(NCC2CCOCC2)c([N+](=O)[O-])c1)c1ccc(-c2ccc(N3CCCC3c3ccccc3C3CC3)c(F)c2)cc1Oc1cnc2[nH]ccc2c1,7.76,0.5091168824543134,2
CHEMBL4860,O=C(NS(=O)(=O)c1ccc(NCC2CCOCC2)c([N+](=O)[O-])c1)c1ccc(-c2ccc(N3CCCC3c3ccccc3C3CC3)cc2)cc1Oc1cnc2[nH]ccc2c1,8.41,0.3818376618407351,2
CHEMBL4860,O=C(NS(=O)(=O)c1ccc(NCC2CCOCC2)c([N+](=O)[O-])c1)c1ccc(-c2ccc(N3CCCC3c3ccccc3C3CC3)cc2F)cc1Oc1cnc2[nH]ccc2c1,8.2,0.43840620433565924,2
CHEMBL4860,O=C(NS(=O)(=O)c1ccc(NCC2CCOCC2)c([N+](=O)[O-])c1)c1ccc(-c2ccc(N3CCCC3c3ccccc3C3CC3)cn2)cc1Oc1cnc2[nH]ccc2c1,8.51,0.4808326112068521,2
CHEMBL4860,O=C(NS(=O)(=O)c1ccc(NCC2CCOCC2)c([N+](=O)[O-])c1)c1ccc(-c2ccc(N3CCCC3c3ccccc3C3CCC3)cc2)cc1Oc1cnc2[nH]ccc2c1,8.03,0.19798989873223316,2
CHEMBL4860,O=C(NS(=O)(=O)c1ccc(NCC2CCOCC2)c([N+](=O)[O-])c1)c1ccc(-c2ccc(N3CCCC3c3ccccc3C3CCCC3)cc2)cc1Oc1cnc2[nH]ccc2c1,8.01,0.0,1
CHEMBL4860,O=C(NS(=O)(=O)c1ccc(NCC2CCOCC2)c([N+](=O)[O-])c1)c1ccc(-c2ccc(N3CCCC3c3ccccc3C3CCCCC3)cc2)cc1Oc1cnc2[nH]ccc2c1,7.145,0.3606244584051394,2
CHEMBL4860,O=C(NS(=O)(=O)c1ccc(NCC2CCOCC2)c([N+](=O)[O-])c1)c1ccc(-c2ccc(N3CCCC3c3ccccc3C3CCNCC3)cc2)cc1Oc1cnc2[nH]ccc2c1,9.25,0.0,1
CHEMBL4860,O=C(NS(=O)(=O)c1ccc(NCC2CCOCC2)c([N+](=O)[O-])c1)c1ccc(-c2ccc(N3CCCC3c3ccccc3C3CCOCC3)cc2)cc1Oc1cnc2[nH]ccc2c1,8.42,0.0,1
CHEMBL4860,O=C(NS(=O)(=O)c1ccc(NCC2CCOCC2)c([N+](=O)[O-])c1)c1ccc(-c2ccc(N3CCCC3c3ccccc3CC3CC3)cc2)cc1Oc1cnc2[nH]ccc2c1,7.68,0.0,1
CHEMBL4860,O=C(NS(=O)(=O)c1ccc(NCC2CCOCC2)c([N+](=O)[O-])c1)c1ccc(-c2ccc(N3CCCC3c3ccccc3Cl)c(Cl)c2)cc1Oc1cnc2[nH]ccc2c1,6.35,0.0,1
CHEMBL4860,O=C(NS(=O)(=O)c1ccc(NCC2CCOCC2)c([N+](=O)[O-])c1)c1ccc(-c2ccc(N3CCCC3c3ccccc3Cl)cc2)cc1Oc1cnc2[nH]ccc2c1,8.03,0.32526911934581154,2
CHEMBL4860,O=C(NS(=O)(=O)c1ccc(NCC2CCOCC2)c([N+](=O)[O-])c1)c1ccc(-c2ccc(N3CCCC3c3ccccc3F)cc2)cc1Oc1cnc2[nH]ccc2c1,7.82,0.0,1
CHEMBL4860,O=C(NS(=O)(=O)c1ccc(NCC2CCOCC2)c([N+](=O)[O-])c1)c1ccc(-c2ccc(N3CCCC3c3ccccc3N3CCC(O)CC3)cc2)cc1Oc1cnc2[nH]ccc2c1,8.36,0.0,1
CHEMBL4860,O=C(NS(=O)(=O)c1ccc(NCC2CCOCC2)c([N+](=O)[O-])c1)c1ccc(-c2ccc(N3CCCC3c3ccccc3N3CCC3)cc2)cc1Oc1cnc2[nH]ccc2c1,8.77,0.0,1
CHEMBL4860,O=C(NS(=O)(=O)c1ccc(NCC2CCOCC2)c([N+](=O)[O-])c1)c1ccc(-c2ccc(N3CCCC3c3ccccc3N3CCNCC3)cc2)cc1Oc1cnc2[nH]ccc2c1,9.33,0.0,1
CHEMBL4860,O=C(NS(=O)(=O)c1ccc(NCC2CCOCC2)c([N+](=O)[O-])c1)c1ccc(-c2ccc(N3CCCC3c3ccccc3N3CCOCC3)cc2)cc1Oc1cnc2[nH]ccc2c1,8.42,0.0,1
CHEMBL4860,O=C(NS(=O)(=O)c1ccc(NCC2CCOCC2)c([N+](=O)[O-])c1)c1ccc(-c2ccc(N3CCCC3c3cccnc3)cc2)cc1Oc1cnc2[nH]ccc2c1,7.86,0.39597979746446693,2
CHEMBL4860,O=C(NS(=O)(=O)c1ccc(NCC2CCOCC2)c([N+](=O)[O-])c1)c1ccc(-c2ccc(N3CCCC3c3ccnn3C3CC3)cc2)cc1Oc1cnc2[nH]ccc2c1,7.37,0.0,1
CHEMBL4860,O=C(NS(=O)(=O)c1ccc(NCC2CCOCC2)c([N+](=O)[O-])c1)c1ccc(-c2ccc(N3CCCC3c3cnccc3C3CC3)cc2)cc1Oc1cnc2[nH]ccc2c1,7.82,0.0,1
CHEMBL4860,O=C(NS(=O)(=O)c1ccc(NCC2CCOCC2)c([N+](=O)[O-])c1)c1ccc(-c2ccc(N3CCCCC3c3ccccc3)cc2)cc1Oc1cnc2[nH]ccc2c1,7.369999999999999,0.38183766184073537,2
CHEMBL4860,O=C(NS(=O)(=O)c1ccc(NCC2CCOCC2)c([N+](=O)[O-])c1)c1ccc(-c2ccc(N3CCCCC3c3ccccc3C3CC3)cc2)cc1Oc1cnc2[nH]ccc2c1,7.48,0.0,1
CHEMBL4860,O=C(NS(=O)(=O)c1ccc(NCC2CCOCC2)c([N+](=O)[O-])c1)c1ccc(-c2ccc(N3CCCCCC3c3ccccc3)cc2)cc1Oc1cnc2[nH]ccc2c1,7.51,0.0,1
CHEMBL4860,O=C(NS(=O)(=O)c1ccc(NCC2CCOCC2)c([N+](=O)[O-])c1)c1ccc(-c2ccc(N3CCCN3c3ccccc3C3CC3)cc2)cc1Oc1cnc2[nH]ccc2c1,7.77,0.0,1
CHEMBL4860,O=C(NS(=O)(=O)c1ccc(NCC2CCOCC2)c([N+](=O)[O-])c1)c1ccc(-c2ccc(N3CCC[C@@H]3c3ccccc3-c3ccncc3)cc2)cc1Oc1cnc2[nH]ccc2c1,8.64,0.0,1
CHEMBL4860,O=C(NS(=O)(=O)c1ccc(NCC2CCOCC2)c([N+](=O)[O-])c1)c1ccc(-c2ccc(N3CCC[C@@H]3c3ccccc3C3=CCN(C4CC4)CC3)cc2)cc1Oc1cnc2[nH]ccc2c1,8.46,0.0,1
CHEMBL4860,O=C(NS(=O)(=O)c1ccc(NCC2CCOCC2)c([N+](=O)[O-])c1)c1ccc(-c2ccc(N3CCC[C@@H]3c3ccccc3C3=CCN(Cc4ccccc4)CC3)cc2)cc1Oc1cnc2[nH]ccc2c1,8.18,0.0,1
CHEMBL4860,O=C(NS(=O)(=O)c1ccc(NCC2CCOCC2)c([N+](=O)[O-])c1)c1ccc(-c2ccc(N3CCC[C@@H]3c3ccccc3C3CC3)cc2)cc1Oc1cnc2[nH]ccc2c1,8.345,1.2232947314527276,2
CHEMBL4860,O=C(NS(=O)(=O)c1ccc(NCC2CCOCC2)c([N+](=O)[O-])c1)c1ccc(-c2ccc(N3CCC[C@@H]3c3ccccc3C3CCC(F)(F)CC3)cc2)cc1Oc1cnc2[nH]ccc2c1,7.55,0.0,1
CHEMBL4860,O=C(NS(=O)(=O)c1ccc(NCC2CCOCC2)c([N+](=O)[O-])c1)c1ccc(-c2ccc(N3CCC[C@@H]3c3ccccc3C3CCN(CCC(F)(F)F)CC3)cc2)cc1Oc1cnc2[nH]ccc2c1,7.72,0.0,1
CHEMBL4860,O=C(NS(=O)(=O)c1ccc(NCC2CCOCC2)c([N+](=O)[O-])c1)c1ccc(-c2ccc(N3CCC[C@@H]3c3ccccc3C3CCN(CCO)CC3)cc2)cc1Oc1cnc2[nH]ccc2c1,9.25,0.0,1
CHEMBL4860,O=C(NS(=O)(=O)c1ccc(NCC2CCOCC2)c([N+](=O)[O-])c1)c1ccc(-c2ccc(N3CCC[C@@H]3c3ccccc3C3CCS(=O)(=O)CC3)cc2)cc1Oc1cnc2[nH]ccc2c1,9.31,0.0,1
CHEMBL4860,O=C(NS(=O)(=O)c1ccc(NCC2CCOCC2)c([N+](=O)[O-])c1)c1ccc(-c2ccc(N3CCC[C@@H]3c3ccccc3Cl)cc2)cc1Oc1cnc2[nH]ccc2c1,8.42,0.0,1
CHEMBL4860,O=C(NS(=O)(=O)c1ccc(NCC2CCOCC2)c([N+](=O)[O-])c1)c1ccc(-c2ccc(N3CCC[C@H]3c3ccccc3C3CC3)cc2)cc1Oc1cnc2[nH]ccc2c1,8.32,0.5656854249492386,2
CHEMBL4860,O=C(NS(=O)(=O)c1ccc(NCC2CCOCC2)c([N+](=O)[O-])c1)c1ccc(-c2ccc(N3CCC[C@H]3c3ccccc3Cl)cc2)cc1Oc1cnc2[nH]ccc2c1,7.44,0.0,1
CHEMBL4860,O=C(NS(=O)(=O)c1ccc(NCC2CCOCC2)c([N+](=O)[O-])c1)c1ccc(-c2ccc(N3CCOCC3c3ccccc3C3CC3)cc2)cc1Oc1cnc2[nH]ccc2c1,7.66,0.0,1
CHEMBL4860,O=C(NS(=O)(=O)c1ccc(NCC2CCOCC2)c([N+](=O)[O-])c1)c1ccc(-c2ccc(N3C[C@@H](F)C[C@@H]3c3ccccc3C3CC3)cc2)cc1Oc1cnc2[nH]ccc2c1,9.36,0.0,1
CHEMBL4860,O=C(NS(=O)(=O)c1ccc(NCC2CCOCC2)c([N+](=O)[O-])c1)c1ccc(-c2ccc(N3C[C@@H](F)C[C@H]3c3ccccc3C3CC3)cc2)cc1Oc1cnc2[nH]ccc2c1,7.54,0.0,1
CHEMBL4860,O=C(NS(=O)(=O)c1ccc(NCC2CCOCC2)c([N+](=O)[O-])c1)c1ccc(-c2ccc(N3C[C@H](F)C[C@@H]3c3ccccc3C3CC3)cc2)cc1Oc1cnc2[nH]ccc2c1,8.08,0.0,1
CHEMBL4860,O=C(NS(=O)(=O)c1ccc(NCC2CCOCC2)c([N+](=O)[O-])c1)c1ccc(-c2ccc(N3C[C@H](F)C[C@H]3c3ccccc3C3CC3)cc2)cc1Oc1cnc2[nH]ccc2c1,8.24,0.0,1
CHEMBL4860,O=C(NS(=O)(=O)c1ccc(NCC2CCOCC2)c([N+](=O)[O-])c1)c1ccc(-c2ccc3[nH]c(N4CCCC4c4ccccc4C4CC4)nc3c2)cc1Oc1cnc2[nH]ccc2c1,7.06,0.0,1
CHEMBL4860,O=C(NS(=O)(=O)c1ccc(NCC2CCOCC2)c([N+](=O)[O-])c1)c1ccc(-c2cccc(N3CCCC3c3ccccc3C3CC3)c2)cc1Oc1cnc2[nH]ccc2c1,7.5,0.0,1
CHEMBL4860,O=C(NS(=O)(=O)c1ccc(NCC2CCOCC2)c([N+](=O)[O-])c1)c1ccc(-c2cnn(C3CC(N4CCC[C@H]4c4ccccc4C4CC4)C3)c2)cc1Oc1cnc2[nH]ccc2c1,8.64,0.0,1
CHEMBL4860,O=C(NS(=O)(=O)c1ccc(NCC2CCOCC2)c([N+](=O)[O-])c1)c1ccc(C2=CCC(CN3CCCC3c3ccccc3C3CC3)CC2)cc1Oc1cnc2[nH]ccc2c1,8.89,0.0,1
CHEMBL4860,O=C(NS(=O)(=O)c1ccc(NCC2CCOCC2)c([N+](=O)[O-])c1)c1ccc(C2=CCC(CN3CCC[C@H]3c3ccccc3C3CC3)CC2)cc1Oc1cnc2[nH]ccc2c1,8.41,0.0,1
CHEMBL4860,O=C(NS(=O)(=O)c1ccc(NCC2CCOCC2)c([N+](=O)[O-])c1)c1ccc(C2=CCC(N3CC(Cl)CC3c3ccccc3C3CC3)CC2)cc1Oc1cnc2[nH]ccc2c1,7.44,0.0,1
CHEMBL4860,O=C(NS(=O)(=O)c1ccc(NCC2CCOCC2)c([N+](=O)[O-])c1)c1ccc(C2=CCC(N3CC(F)(F)CC3c3ccccc3C3CC3)CC2)cc1Oc1cnc2[nH]ccc2c1,7.2,0.0,1
CHEMBL4860,O=C(NS(=O)(=O)c1ccc(NCC2CCOCC2)c([N+](=O)[O-])c1)c1ccc(C2=CCC(N3CC(F)CC3c3ccccc3C3CC3)CC2)cc1Oc1cnc2[nH]ccc2c1,7.82,0.0,1
CHEMBL4860,O=C(NS(=O)(=O)c1ccc(NCC2CCOCC2)c([N+](=O)[O-])c1)c1ccc(C2=CCC(N3CC(O)CC3c3ccccc3)CC2)cc1Oc1cnc2[nH]ccc2c1,7.96,0.0,1
CHEMBL4860,O=C(NS(=O)(=O)c1ccc(NCC2CCOCC2)c([N+](=O)[O-])c1)c1ccc(C2=CCC(N3CC4CCCC4C3c3ccccc3C3CC3)CC2)cc1Oc1cnc2[nH]ccc2c1,7.35,0.0,1
CHEMBL4860,O=C(NS(=O)(=O)c1ccc(NCC2CCOCC2)c([N+](=O)[O-])c1)c1ccc(C2=CCC(N3CC=CC3c3ccccc3C3CC3)CC2)cc1Oc1cnc2[nH]ccc2c1,7.75,0.0,1
CHEMBL4860,O=C(NS(=O)(=O)c1ccc(NCC2CCOCC2)c([N+](=O)[O-])c1)c1ccc(C2=CCC(N3CCC(c4ccccc4C4CC4)C3)CC2)cc1Oc1cnc2[nH]ccc2c1,6.96,0.0,1
CHEMBL4860,O=C(NS(=O)(=O)c1ccc(NCC2CCOCC2)c([N+](=O)[O-])c1)c1ccc(C2=CCC(N3CCC(c4ccccc4Cl)C3)CC2)cc1Oc1cnc2[nH]ccc2c1,7.04,0.0,1
CHEMBL4860,O=C(NS(=O)(=O)c1ccc(NCC2CCOCC2)c([N+](=O)[O-])c1)c1ccc(C2=CCC(N3CCC3c3ccccc3)CC2)cc1Oc1cnc2[nH]ccc2c1,7.82,0.0,1
CHEMBL4860,O=C(NS(=O)(=O)c1ccc(NCC2CCOCC2)c([N+](=O)[O-])c1)c1ccc(C2=CCC(N3CCCC3C#Cc3ccccc3)CC2)cc1Oc1cnc2[nH]ccc2c1,7.16,0.0,1
CHEMBL4860,O=C(NS(=O)(=O)c1ccc(NCC2CCOCC2)c([N+](=O)[O-])c1)c1ccc(C2=CCC(N3CCCC3C3CCCC3)CC2)cc1Oc1cnc2[nH]ccc2c1,7.72,0.0,1
CHEMBL4860,O=C(NS(=O)(=O)c1ccc(NCC2CCOCC2)c([N+](=O)[O-])c1)c1ccc(C2=CCC(N3CCCC3C3CCCCC3)CC2)cc1Oc1cnc2[nH]ccc2c1,8.14,0.0,1
CHEMBL4860,O=C(NS(=O)(=O)c1ccc(NCC2CCOCC2)c([N+](=O)[O-])c1)c1ccc(C2=CCC(N3CCCC3Cc3ccccc3)CC2)cc1Oc1cnc2[nH]ccc2c1,7.62,0.0,1
CHEMBL4860,O=C(NS(=O)(=O)c1ccc(NCC2CCOCC2)c([N+](=O)[O-])c1)c1ccc(C2=CCC(N3CCCC3Cc3ccccc3C3CC3)CC2)cc1Oc1cnc2[nH]ccc2c1,7.96,0.0,1
CHEMBL4860,O=C(NS(=O)(=O)c1ccc(NCC2CCOCC2)c([N+](=O)[O-])c1)c1ccc(C2=CCC(N3CCCC3c3c(Cl)cccc3Br)CC2)cc1Oc1cnc2[nH]ccc2c1,7.04,0.0,1
CHEMBL4860,O=C(NS(=O)(=O)c1ccc(NCC2CCOCC2)c([N+](=O)[O-])c1)c1ccc(C2=CCC(N3CCCC3c3c(Cl)cccc3C3CC3)CC2)cc1Oc1cnc2[nH]ccc2c1,7.32,0.0,1
CHEMBL4860,O=C(NS(=O)(=O)c1ccc(NCC2CCOCC2)c([N+](=O)[O-])c1)c1ccc(C2=CCC(N3CCCC3c3c(Cl)cccc3Cl)CC2)cc1Oc1cnc2[nH]ccc2c1,7.11,0.0,1
CHEMBL4860,O=C(NS(=O)(=O)c1ccc(NCC2CCOCC2)c([N+](=O)[O-])c1)c1ccc(C2=CCC(N3CCCC3c3c(F)cccc3C3CC3)CC2)cc1Oc1cnc2[nH]ccc2c1,7.92,0.0,1
CHEMBL4860,O=C(NS(=O)(=O)c1ccc(NCC2CCOCC2)c([N+](=O)[O-])c1)c1ccc(C2=CCC(N3CCCC3c3cc(C4CC4)ccc3Cl)CC2)cc1Oc1cnc2[nH]ccc2c1,7.28,0.0,1
CHEMBL4860,O=C(NS(=O)(=O)c1ccc(NCC2CCOCC2)c([N+](=O)[O-])c1)c1ccc(C2=CCC(N3CCCC3c3cc(C4CC4)ccc3F)CC2)cc1Oc1cnc2[nH]ccc2c1,7.77,0.0,1
CHEMBL4860,O=C(NS(=O)(=O)c1ccc(NCC2CCOCC2)c([N+](=O)[O-])c1)c1ccc(C2=CCC(N3CCCC3c3cc(C4CC4)cs3)CC2)cc1Oc1cnc2[nH]ccc2c1,7.57,0.0,1
CHEMBL4860,O=C(NS(=O)(=O)c1ccc(NCC2CCOCC2)c([N+](=O)[O-])c1)c1ccc(C2=CCC(N3CCCC3c3cc(Cl)ccc3C3CC3)CC2)cc1Oc1cnc2[nH]ccc2c1,7.1,0.0,1
CHEMBL4860,O=C(NS(=O)(=O)c1ccc(NCC2CCOCC2)c([N+](=O)[O-])c1)c1ccc(C2=CCC(N3CCCC3c3cc(F)ccc3C3CC3)CC2)cc1Oc1cnc2[nH]ccc2c1,7.39,0.0,1
CHEMBL4860,O=C(NS(=O)(=O)c1ccc(NCC2CCOCC2)c([N+](=O)[O-])c1)c1ccc(C2=CCC(N3CCCC3c3cc4ccccc4s3)CC2)cc1Oc1cnc2[nH]ccc2c1,7.03,0.0,1
CHEMBL4860,O=C(NS(=O)(=O)c1ccc(NCC2CCOCC2)c([N+](=O)[O-])c1)c1ccc(C2=CCC(N3CCCC3c3ccc(C4CC4)cc3)CC2)cc1Oc1cnc2[nH]ccc2c1,7.68,0.0,1
CHEMBL4860,O=C(NS(=O)(=O)c1ccc(NCC2CCOCC2)c([N+](=O)[O-])c1)c1ccc(C2=CCC(N3CCCC3c3ccc(Cl)cc3C3CC3)CC2)cc1Oc1cnc2[nH]ccc2c1,7.23,0.0,1
CHEMBL4860,O=C(NS(=O)(=O)c1ccc(NCC2CCOCC2)c([N+](=O)[O-])c1)c1ccc(C2=CCC(N3CCCC3c3ccc(F)cc3C3CC3)CC2)cc1Oc1cnc2[nH]ccc2c1,7.64,0.0,1
CHEMBL4860,O=C(NS(=O)(=O)c1ccc(NCC2CCOCC2)c([N+](=O)[O-])c1)c1ccc(C2=CCC(N3CCCC3c3ccc(F)cc3Cl)CC2)cc1Oc1cnc2[nH]ccc2c1,7.24,0.0,1
CHEMBL4860,O=C(NS(=O)(=O)c1ccc(NCC2CCOCC2)c([N+](=O)[O-])c1)c1ccc(C2=CCC(N3CCCC3c3cccc(C4CC4)c3)CC2)cc1Oc1cnc2[nH]ccc2c1,8.1,0.0,1
CHEMBL4860,O=C(NS(=O)(=O)c1ccc(NCC2CCOCC2)c([N+](=O)[O-])c1)c1ccc(C2=CCC(N3CCCC3c3cccc(Cl)c3C3CC3)CC2)cc1Oc1cnc2[nH]ccc2c1,7.85,0.0,1
CHEMBL4860,O=C(NS(=O)(=O)c1ccc(NCC2CCOCC2)c([N+](=O)[O-])c1)c1ccc(C2=CCC(N3CCCC3c3cccc(Cl)c3Cl)CC2)cc1Oc1cnc2[nH]ccc2c1,6.93,0.0,1
CHEMBL4860,O=C(NS(=O)(=O)c1ccc(NCC2CCOCC2)c([N+](=O)[O-])c1)c1ccc(C2=CCC(N3CCCC3c3cccc(F)c3C3CC3)CC2)cc1Oc1cnc2[nH]ccc2c1,7.04,0.0,1
CHEMBL4860,O=C(NS(=O)(=O)c1ccc(NCC2CCOCC2)c([N+](=O)[O-])c1)c1ccc(C2=CCC(N3CCCC3c3cccc(F)c3Cl)CC2)cc1Oc1cnc2[nH]ccc2c1,6.65,0.0,1
CHEMBL4860,O=C(NS(=O)(=O)c1ccc(NCC2CCOCC2)c([N+](=O)[O-])c1)c1ccc(C2=CCC(N3CCCC3c3cccc4c3OC(F)(F)O4)CC2)cc1Oc1cnc2[nH]ccc2c1,6.87,0.0,1
CHEMBL4860,O=C(NS(=O)(=O)c1ccc(NCC2CCOCC2)c([N+](=O)[O-])c1)c1ccc(C2=CCC(N3CCCC3c3cccc4c3OCO4)CC2)cc1Oc1cnc2[nH]ccc2c1,7.57,0.0,1
CHEMBL4860,O=C(NS(=O)(=O)c1ccc(NCC2CCOCC2)c([N+](=O)[O-])c1)c1ccc(C2=CCC(N3CCCC3c3cccc4ccccc34)CC2)cc1Oc1cnc2[nH]ccc2c1,7.05,0.0,1
CHEMBL4860,O=C(NS(=O)(=O)c1ccc(NCC2CCOCC2)c([N+](=O)[O-])c1)c1ccc(C2=CCC(N3CCCC3c3cccc4ccsc34)CC2)cc1Oc1cnc2[nH]ccc2c1,6.83,0.0,1
CHEMBL4860,O=C(NS(=O)(=O)c1ccc(NCC2CCOCC2)c([N+](=O)[O-])c1)c1ccc(C2=CCC(N3CCCC3c3ccccc3-c3cccs3)CC2)cc1Oc1cnc2[nH]ccc2c1,7.21,0.0,1
CHEMBL4860,O=C(NS(=O)(=O)c1ccc(NCC2CCOCC2)c([N+](=O)[O-])c1)c1ccc(C2=CCC(N3CCCC3c3ccccc3-c3ccoc3)CC2)cc1Oc1cnc2[nH]ccc2c1,7.24,0.0,1
CHEMBL4860,O=C(NS(=O)(=O)c1ccc(NCC2CCOCC2)c([N+](=O)[O-])c1)c1ccc(C2=CCC(N3CCCC3c3ccccc3Br)CC2)cc1Oc1cnc2[nH]ccc2c1,7.85,0.0,1
CHEMBL4860,O=C(NS(=O)(=O)c1ccc(NCC2CCOCC2)c([N+](=O)[O-])c1)c1ccc(C2=CCC(N3CCCC3c3ccccc3C(F)(F)F)CC2)cc1Oc1cnc2[nH]ccc2c1,7.51,0.0,1
CHEMBL4860,O=C(NS(=O)(=O)c1ccc(NCC2CCOCC2)c([N+](=O)[O-])c1)c1ccc(C2=CCC(N3CCCC3c3ccccc3C3=CCNCC3)CC2)cc1Oc1cnc2[nH]ccc2c1,7.72,0.0,1
CHEMBL4860,O=C(NS(=O)(=O)c1ccc(NCC2CCOCC2)c([N+](=O)[O-])c1)c1ccc(C2=CCC(N3CCCC3c3ccccc3C3CC3)CC2)cc1-n1ncc2nc3[nH]ccc3cc21,7.04,0.7495331880577407,2
CHEMBL4860,O=C(NS(=O)(=O)c1ccc(NCC2CCOCC2)c([N+](=O)[O-])c1)c1ccc(C2=CCC(N3CCCC3c3ccccc3C3CC3)CC2)cc1Oc1cnc2[nH]ccc2c1,8.96,0.0,1
CHEMBL4860,O=C(NS(=O)(=O)c1ccc(NCC2CCOCC2)c([N+](=O)[O-])c1)c1ccc(C2=CCC(N3CCCC3c3ccccc3C3CCC3)CC2)cc1Oc1cnc2[nH]ccc2c1,7.54,0.0,1
CHEMBL4860,O=C(NS(=O)(=O)c1ccc(NCC2CCOCC2)c([N+](=O)[O-])c1)c1ccc(C2=CCC(N3CCCC3c3ccccc3C3CCCC3)CC2)cc1Oc1cnc2[nH]ccc2c1,7.03,0.0,1
CHEMBL4860,O=C(NS(=O)(=O)c1ccc(NCC2CCOCC2)c([N+](=O)[O-])c1)c1ccc(C2=CCC(N3CCCC3c3ccccc3C3CCNCC3)CC2)cc1Oc1cnc2[nH]ccc2c1,7.85,0.0,1
CHEMBL4860,O=C(NS(=O)(=O)c1ccc(NCC2CCOCC2)c([N+](=O)[O-])c1)c1ccc(C2=CCC(N3CCCC3c3ccccc3CC(F)(F)F)CC2)cc1Oc1cnc2[nH]ccc2c1,7.1,0.0,1
CHEMBL4860,O=C(NS(=O)(=O)c1ccc(NCC2CCOCC2)c([N+](=O)[O-])c1)c1ccc(C2=CCC(N3CCCC3c3ccccc3CC3CC3)CC2)cc1Oc1cnc2[nH]ccc2c1,7.22,0.0,1
CHEMBL4860,O=C(NS(=O)(=O)c1ccc(NCC2CCOCC2)c([N+](=O)[O-])c1)c1ccc(C2=CCC(N3CCCC3c3ccccc3Cc3ccccc3)CC2)cc1Oc1cnc2[nH]ccc2c1,7.24,0.0,1
CHEMBL4860,O=C(NS(=O)(=O)c1ccc(NCC2CCOCC2)c([N+](=O)[O-])c1)c1ccc(C2=CCC(N3CCCC3c3ccccc3Cl)CC2)cc1Oc1cnc2[nH]ccc2c1,7.58,0.0,1
CHEMBL4860,O=C(NS(=O)(=O)c1ccc(NCC2CCOCC2)c([N+](=O)[O-])c1)c1ccc(C2=CCC(N3CCCC3c3ccccc3OC(F)(F)F)CC2)cc1Oc1cnc2[nH]ccc2c1,7.29,0.0,1
CHEMBL4860,O=C(NS(=O)(=O)c1ccc(NCC2CCOCC2)c([N+](=O)[O-])c1)c1ccc(C2=CCC(N3CCCC3c3ccccc3OC(F)F)CC2)cc1Oc1cnc2[nH]ccc2c1,7.39,0.0,1
CHEMBL4860,O=C(NS(=O)(=O)c1ccc(NCC2CCOCC2)c([N+](=O)[O-])c1)c1ccc(C2=CCC(N3CCCC3c3ccccc3OC3CC3)CC2)cc1Oc1cnc2[nH]ccc2c1,7.75,0.0,1
CHEMBL4860,O=C(NS(=O)(=O)c1ccc(NCC2CCOCC2)c([N+](=O)[O-])c1)c1ccc(C2=CCC(N3CCCC3c3ccccc3Oc3ccccc3)CC2)cc1Oc1cnc2[nH]ccc2c1,6.96,0.0,1
CHEMBL4860,O=C(NS(=O)(=O)c1ccc(NCC2CCOCC2)c([N+](=O)[O-])c1)c1ccc(C2=CCC(N3CCCC3c3ccccc3[C@@H]3CC3(F)F)CC2)cc1Oc1cnc2[nH]ccc2c1,7.21,0.0,1
CHEMBL4860,O=C(NS(=O)(=O)c1ccc(NCC2CCOCC2)c([N+](=O)[O-])c1)c1ccc(C2=CCC(N3CCCC3c3ccccc3[C@H]3CC3(F)F)CC2)cc1Oc1cnc2[nH]ccc2c1,7.5,0.0,1
CHEMBL4860,O=C(NS(=O)(=O)c1ccc(NCC2CCOCC2)c([N+](=O)[O-])c1)c1ccc(C2=CCC(N3CCCC3c3ccccn3)CC2)cc1Oc1cnc2[nH]ccc2c1,7.52,0.0,1
CHEMBL4860,O=C(NS(=O)(=O)c1ccc(NCC2CCOCC2)c([N+](=O)[O-])c1)c1ccc(C2=CCC(N3CCCC3c3cccnc3)CC2)cc1Oc1cnc2[nH]ccc2c1,7.28,0.0,1
CHEMBL4860,O=C(NS(=O)(=O)c1ccc(NCC2CCOCC2)c([N+](=O)[O-])c1)c1ccc(C2=CCC(N3CCCC3c3ccn(C4CC4)n3)CC2)cc1Oc1cnc2[nH]ccc2c1,7.01,0.0,1
CHEMBL4860,O=C(NS(=O)(=O)c1ccc(NCC2CCOCC2)c([N+](=O)[O-])c1)c1ccc(C2=CCC(N3CCCC3c3ccncc3)CC2)cc1Oc1cnc2[nH]ccc2c1,6.91,0.0,1
CHEMBL4860,O=C(NS(=O)(=O)c1ccc(NCC2CCOCC2)c([N+](=O)[O-])c1)c1ccc(C2=CCC(N3CCCC3c3csc4ccccc34)CC2)cc1Oc1cnc2[nH]ccc2c1,7.14,0.0,1
CHEMBL4860,O=C(NS(=O)(=O)c1ccc(NCC2CCOCC2)c([N+](=O)[O-])c1)c1ccc(C2=CCC(N3CCCC3c3sccc3C3CC3)CC2)cc1Oc1cnc2[nH]ccc2c1,7.52,0.0,1
CHEMBL4860,O=C(NS(=O)(=O)c1ccc(NCC2CCOCC2)c([N+](=O)[O-])c1)c1ccc(C2=CCC(N3Cc4ccccc4C3c3ccccc3)CC2)cc1Oc1cnc2[nH]ccc2c1,6.65,0.0,1
CHEMBL4860,O=C(NS(=O)(=O)c1ccc(NCC2CCOCC2)c([N+](=O)[O-])c1)c1ccc(C2=CCC(N3Cc4ccccc4C3c3ccccc3C3CC3)CC2)cc1Oc1cnc2[nH]ccc2c1,7.02,0.0,1
CHEMBL4860,O=C(NS(=O)(=O)c1ccc(NCC2CCOCC2)c([N+](=O)[O-])c1)c1ccc(C2=CCN(C(=O)C3CCCN3c3ccccc3)CC2)cc1Oc1cnc2[nH]ccc2c1,7.19,0.0,1
CHEMBL4860,O=C(NS(=O)(=O)c1ccc(NCC2CCOCC2)c([N+](=O)[O-])c1)c1ccc(C2=CCN(CC3=C(c4ccc(Cl)cc4)CC4(CC3)COC4)CC2)cc1Oc1cnc2[nH]ccc2c1,8.72,0.0,1
CHEMBL4860,O=C(NS(=O)(=O)c1ccc(NCC2CCOCC2)c([N+](=O)[O-])c1)c1ccc(C2=CCN(CC3=C(c4ccc(Cl)cc4)CC4(CCC4)CC3)CC2)cc1Oc1cnc2[nH]ccc2c1,8.62,0.0,1
CHEMBL4860,O=C(NS(=O)(=O)c1ccc(NCC2CCOCC2)c([N+](=O)[O-])c1)c1ccc(C2=CCN(CC3CCCN3c3ccccc3)CC2)cc1Oc1cnc2[nH]ccc2c1,7.02,0.0,1
CHEMBL4860,O=C(NS(=O)(=O)c1ccc(NCC2CCOCC2)c([N+](=O)[O-])c1)c1ccc(C2CCC(N(Cc3ccccc3)Cc3ccccc3)CC2)cc1Oc1cnc2[nH]ccc2c1,5.94,0.0,1
CHEMBL4860,O=C(NS(=O)(=O)c1ccc(NCC2CCOCC2)c([N+](=O)[O-])c1)c1ccc(C2CCC(N3CCCC3/C=C/c3ccccc3)CC2)cc1Oc1cnc2[nH]ccc2c1,7.44,0.0,1
CHEMBL4860,O=C(NS(=O)(=O)c1ccc(NCC2CCOCC2)c([N+](=O)[O-])c1)c1ccc(C2CCC(N3CCCC3/C=C/c3ccccc3C3CC3)CC2)cc1Oc1cnc2[nH]ccc2c1,7.18,0.0,1
CHEMBL4860,O=C(NS(=O)(=O)c1ccc(NCC2CCOCC2)c([N+](=O)[O-])c1)c1ccc(C2CCC(N3CCCC3c3ccccc3C3CC3)CC2)cc1Oc1cnc2[nH]ccc2c1,9.06,0.0,1
CHEMBL4860,O=C(NS(=O)(=O)c1ccc(NCC2CCOCC2)c([N+](=O)[O-])c1)c1ccc(C2CCC(N3CCCC3c3ccccc3Cl)CC2)cc1Oc1cnc2[nH]ccc2c1,6.54,1.4566399692442884,2
CHEMBL4860,O=C(NS(=O)(=O)c1ccc(NCC2CCOCC2)c([N+](=O)[O-])c1)c1ccc(C2CCC(N3CCCC3c3ccccc3Oc3ccccc3)CC2)cc1Oc1cnc2[nH]ccc2c1,6.97,0.0,1
CHEMBL4860,O=C(NS(=O)(=O)c1ccc(NCC2CCOCC2)c([N+](=O)[O-])c1)c1ccc(C2CCC(N3CCC[C@@H]3c3ccc(C4CC4)cc3)CC2)cc1Oc1cnc2[nH]ccc2c1,5.62,0.0,1
CHEMBL4860,O=C(NS(=O)(=O)c1ccc(NCC2CCOCC2)c([N+](=O)[O-])c1)c1ccc(C2CCC(N3CCC[C@@H]3c3ccc(Cl)cc3)CC2)cc1Oc1cnc2[nH]ccc2c1,5.66,0.0,1
CHEMBL4860,O=C(NS(=O)(=O)c1ccc(NCC2CCOCC2)c([N+](=O)[O-])c1)c1ccc(C2CCC(N3CCC[C@@H]3c3cccc(C4CC4)c3)CC2)cc1Oc1cnc2[nH]ccc2c1,6.06,0.0,1
CHEMBL4860,O=C(NS(=O)(=O)c1ccc(NCC2CCOCC2)c([N+](=O)[O-])c1)c1ccc(C2CCC(N3CCC[C@@H]3c3cccc(Cl)c3)CC2)cc1Oc1cnc2[nH]ccc2c1,5.42,0.0,1
CHEMBL4860,O=C(NS(=O)(=O)c1ccc(NCC2CCOCC2)c([N+](=O)[O-])c1)c1ccc(C2CCC(N3CCC[C@@H]3c3ccccc3)CC2)cc1Oc1cnc2[nH]ccc2c1,5.7,0.0,1
CHEMBL4860,O=C(NS(=O)(=O)c1ccc(NCC2CCOCC2)c([N+](=O)[O-])c1)c1ccc(C2CCC(N3CCC[C@@H]3c3ccccc3C3CC3)CC2)cc1Oc1cnc2[nH]ccc2c1,6.025,0.049497474683058214,2
CHEMBL4860,O=C(NS(=O)(=O)c1ccc(NCC2CCOCC2)c([N+](=O)[O-])c1)c1ccc(C2CCC(N3CCC[C@H]3c3ccc(C4CC4)cc3)CC2)cc1Oc1cnc2[nH]ccc2c1,7.82,0.0,1
CHEMBL4860,O=C(NS(=O)(=O)c1ccc(NCC2CCOCC2)c([N+](=O)[O-])c1)c1ccc(C2CCC(N3CCC[C@H]3c3ccc(Cl)cc3)CC2)cc1Oc1cnc2[nH]ccc2c1,7.64,0.0,1
CHEMBL4860,O=C(NS(=O)(=O)c1ccc(NCC2CCOCC2)c([N+](=O)[O-])c1)c1ccc(C2CCC(N3CCC[C@H]3c3cccc(C4CC4)c3)CC2)cc1Oc1cnc2[nH]ccc2c1,8.4,0.0,1
CHEMBL4860,O=C(NS(=O)(=O)c1ccc(NCC2CCOCC2)c([N+](=O)[O-])c1)c1ccc(C2CCC(N3CCC[C@H]3c3cccc(Cl)c3)CC2)cc1Oc1cnc2[nH]ccc2c1,7.66,0.0,1
CHEMBL4860,O=C(NS(=O)(=O)c1ccc(NCC2CCOCC2)c([N+](=O)[O-])c1)c1ccc(C2CCC(N3CCC[C@H]3c3ccccc3)CC2)cc1Oc1cnc2[nH]ccc2c1,7.92,0.0,1
CHEMBL4860,O=C(NS(=O)(=O)c1ccc(NCC2CCOCC2)c([N+](=O)[O-])c1)c1ccc(C2CCC(N3CCC[C@H]3c3ccccc3C3CC3)CC2)cc1Oc1cnc2[nH]ccc2c1,7.6975,0.9652072316347406,4
CHEMBL4860,O=C(NS(=O)(=O)c1ccc(NCC2CCOCC2)c([N+](=O)[O-])c1)c1ccc(C2CCN(CC3=C(c4ccc(Cl)cc4)CC4(CCC4)CC3)CC2)cc1Oc1cnc2[nH]ccc2c1,8.36,0.0,1
CHEMBL4860,O=C(NS(=O)(=O)c1ccc(NCC2CCOCC2)c([N+](=O)[O-])c1)c1ccc(CC2CCC(N3CCCC3c3ccccc3C3CC3)CC2)cc1Oc1cnc2[nH]ccc2c1,7.58,0.0,1
CHEMBL4860,O=C(NS(=O)(=O)c1ccc(NCC2CCOCC2)c([N+](=O)[O-])c1)c1ccc(Cc2ccc(CN3CCCC3c3ccccc3C3CC3)cc2)cc1Oc1cnc2[nH]ccc2c1,7.33,0.0,1
CHEMBL4860,O=C(NS(=O)(=O)c1ccc(NCC2CCOCC2)c([N+](=O)[O-])c1)c1ccc(Cc2ccc(N3CCCC3c3ccccc3C3CC3)cc2)cc1Oc1cnc2[nH]ccc2c1,7.96,0.0,1
CHEMBL4860,O=C(NS(=O)(=O)c1ccc(NCC2CCOCC2)c([N+](=O)[O-])c1)c1ccc(Cc2ccc(N3CCC[C@@H]3c3ccccc3C3CC3)cc2)cc1Oc1cnc2[nH]ccc2c1,7.96,0.0,1
CHEMBL4860,O=C(NS(=O)(=O)c1ccc(NCC2CCOCC2)c([N+](=O)[O-])c1)c1ccc(N2CC(CN3CCCC3c3ccccc3C3CC3)C2)cc1Oc1cnc2[nH]ccc2c1,8.209999999999999,0.5798275605729682,2
CHEMBL4860,O=C(NS(=O)(=O)c1ccc(NCC2CCOCC2)c([N+](=O)[O-])c1)c1ccc(N2CC(N3CC(N4CCCC4c4ccccc4C4CC4)C3)C2)cc1Oc1cnc2[nH]ccc2c1,8.05,0.0,1
CHEMBL4860,O=C(NS(=O)(=O)c1ccc(NCC2CCOCC2)c([N+](=O)[O-])c1)c1ccc(N2CC3(CC(CN4CCCC4c4ccccc4C4CC4)C3)C2)cc1Oc1cnc2[nH]ccc2c1,8.16,0.07071067811865576,2
CHEMBL4860,O=C(NS(=O)(=O)c1ccc(NCC2CCOCC2)c([N+](=O)[O-])c1)c1ccc(N2CC3(CC(N4CCCC4c4ccccc4C4CC4)C3)C2)cc1Oc1cnc2[nH]ccc2c1,9.92,0.0,1
CHEMBL4860,O=C(NS(=O)(=O)c1ccc(NCC2CCOCC2)c([N+](=O)[O-])c1)c1ccc(N2CC3(CC(N4CCC[C@@H]4c4ccccc4C4CC4)C3)C2)cc1Oc1cnc2[nH]ccc2c1,8.85,0.0,1
CHEMBL4860,O=C(NS(=O)(=O)c1ccc(NCC2CCOCC2)c([N+](=O)[O-])c1)c1ccc(N2CC3(CC(N4CCC[C@H]4c4ccccc4C4CC4)C3)C2)cc1Oc1cnc2[nH]ccc2c1,10.21,0.2404163056034267,2
CHEMBL4860,O=C(NS(=O)(=O)c1ccc(NCC2CCOCC2)c([N+](=O)[O-])c1)c1ccc(N2CC3(CCC(N4CCC[C@@H]4c4ccccc4C4CC4)CC3)C2)cc1Oc1cnc2[nH]ccc2c1,6.97,0.0,1
CHEMBL4860,O=C(NS(=O)(=O)c1ccc(NCC2CCOCC2)c([N+](=O)[O-])c1)c1ccc(N2CC3(CCC(N4CCC[C@H]4c4ccccc4C4CC4)CC3)C2)cc1Oc1cnc2[nH]ccc2c1,7.47,0.0,1
CHEMBL4860,O=C(NS(=O)(=O)c1ccc(NCC2CCOCC2)c([N+](=O)[O-])c1)c1ccc(N2CC3(CN(CC4CCCN4c4ccccc4C4CC4)C3)C2)cc1Oc1cnc2[nH]ccc2c1,8.59,0.0,1
CHEMBL4860,O=C(NS(=O)(=O)c1ccc(NCC2CCOCC2)c([N+](=O)[O-])c1)c1ccc(N2CC3CC(N4CCC[C@H]4c4ccccc4C4CC4)CC3C2)cc1Oc1cnc2[nH]ccc2c1,7.58,0.0,1
CHEMBL4860,O=C(NS(=O)(=O)c1ccc(NCC2CCOCC2)c([N+](=O)[O-])c1)c1ccc(N2CCC(C3CC(N4CCCC4c4ccccc4C4CC4)C3)CC2)cc1Oc1cnc2[nH]ccc2c1,8.05,0.0,1
CHEMBL4860,O=C(NS(=O)(=O)c1ccc(NCC2CCOCC2)c([N+](=O)[O-])c1)c1ccc(N2CCC(C3CC(N4CCC[C@H]4c4ccccc4C4CC4)C3)CC2)cc1Oc1cnc2[nH]ccc2c1,8.05,0.0,1
CHEMBL4860,O=C(NS(=O)(=O)c1ccc(NCC2CCOCC2)c([N+](=O)[O-])c1)c1ccc(N2CCC(CN3CCCC3c3ccccc3C3CC3)CC2)cc1Oc1cnc2[nH]ccc2c1,8.925,0.9121677477306476,2
CHEMBL4860,O=C(NS(=O)(=O)c1ccc(NCC2CCOCC2)c([N+](=O)[O-])c1)c1ccc(N2CCC(CN3CCC[C@H]3c3ccccc3C3CC3)CC2)cc1Oc1cnc2[nH]ccc2c1,8.66,0.0,1
CHEMBL4860,O=C(NS(=O)(=O)c1ccc(NCC2CCOCC2)c([N+](=O)[O-])c1)c1ccc(N2CCC(N3CCCC3c3cccc(Cl)c3)CC2)cc1Oc1cnc2[nH]ccc2c1,7.82,0.0,1
CHEMBL4860,O=C(NS(=O)(=O)c1ccc(NCC2CCOCC2)c([N+](=O)[O-])c1)c1ccc(N2CCC(N3CCCC3c3ccccc3)CC2)cc1Oc1cnc2[nH]ccc2c1,7.7,0.0,1
CHEMBL4860,O=C(NS(=O)(=O)c1ccc(NCC2CCOCC2)c([N+](=O)[O-])c1)c1ccc(N2CCC(N3CCCC3c3ccccc3C3CC3)CC2)cc1Oc1cnc2[nH]ccc2c1,8.57,0.6081118318204305,2
CHEMBL4860,O=C(NS(=O)(=O)c1ccc(NCC2CCOCC2)c([N+](=O)[O-])c1)c1ccc(N2CCC(N3CCCC3c3ccccc3Cl)CC2)cc1Oc1cnc2[nH]ccc2c1,7.8,0.0,1
CHEMBL4860,O=C(NS(=O)(=O)c1ccc(NCC2CCOCC2)c([N+](=O)[O-])c1)c1ccc(N2CCC3(CC2)CC(CN2CCCC2c2ccccc2C2CC2)C3)cc1Oc1cnc2[nH]ccc2c1,8.19,0.0,1
CHEMBL4860,O=C(NS(=O)(=O)c1ccc(NCC2CCOCC2)c([N+](=O)[O-])c1)c1ccc(N2CCC3(CC2)CC(CN2CCC[C@H]2c2ccccc2C2CC2)C3)cc1Oc1cnc2[nH]ccc2c1,8.19,0.0,1
CHEMBL4860,O=C(NS(=O)(=O)c1ccc(NCC2CCOCC2)c([N+](=O)[O-])c1)c1ccc(N2CCC3(CC2)CC(N2C(c4ccccc4C4CC4)CC4CC42)C3)cc1Oc1cnc2[nH]ccc2c1,8.82,0.0,1
CHEMBL4860,O=C(NS(=O)(=O)c1ccc(NCC2CCOCC2)c([N+](=O)[O-])c1)c1ccc(N2CCC3(CC2)CC(N2CC(C4CC4)CC2c2ccccc2C2CC2)C3)cc1Oc1cnc2[nH]ccc2c1,8.96,0.0,1
CHEMBL4860,O=C(NS(=O)(=O)c1ccc(NCC2CCOCC2)c([N+](=O)[O-])c1)c1ccc(N2CCC3(CC2)CC(N2CC(F)(F)CC2c2ccccc2C2CC2)C3)cc1Oc1cnc2[nH]ccc2c1,8.16,0.0,1
CHEMBL4860,O=C(NS(=O)(=O)c1ccc(NCC2CCOCC2)c([N+](=O)[O-])c1)c1ccc(N2CCC3(CC2)CC(N2CC(c4ccccc4)=CC2c2ccccc2C2CC2)C3)cc1Oc1cnc2[nH]ccc2c1,7.5,0.0,1
CHEMBL4860,O=C(NS(=O)(=O)c1ccc(NCC2CCOCC2)c([N+](=O)[O-])c1)c1ccc(N2CCC3(CC2)CC(N2CC4(CC4)CC2c2ccccc2C2CC2)C3)cc1Oc1cnc2[nH]ccc2c1,9.25,0.0,1
CHEMBL4860,O=C(NS(=O)(=O)c1ccc(NCC2CCOCC2)c([N+](=O)[O-])c1)c1ccc(N2CCC3(CC2)CC(N2CC4CCCC4C2c2ccccc2C2CC2)C3)cc1Oc1cnc2[nH]ccc2c1,8.8,0.0,1
CHEMBL4860,O=C(NS(=O)(=O)c1ccc(NCC2CCOCC2)c([N+](=O)[O-])c1)c1ccc(N2CCC3(CC2)CC(N2CCCC2c2cc(C4CC4)ccc2C2CC2)C3)cc1Oc1cnc2[nH]ccc2c1,7.92,0.0,1
CHEMBL4860,O=C(NS(=O)(=O)c1ccc(NCC2CCOCC2)c([N+](=O)[O-])c1)c1ccc(N2CCC3(CC2)CC(N2CCCC2c2cc(Cl)ccc2C2CC2)C3)cc1Oc1cnc2[nH]ccc2c1,8.96,0.0,1
CHEMBL4860,O=C(NS(=O)(=O)c1ccc(NCC2CCOCC2)c([N+](=O)[O-])c1)c1ccc(N2CCC3(CC2)CC(N2CCCC2c2ccc(C4CC4)cc2C2CC2)C3)cc1Oc1cnc2[nH]ccc2c1,8.82,0.0,1
CHEMBL4860,O=C(NS(=O)(=O)c1ccc(NCC2CCOCC2)c([N+](=O)[O-])c1)c1ccc(N2CCC3(CC2)CC(N2CCCC2c2cccc(C4CC4)c2)C3)cc1Oc1cnc2[nH]ccc2c1,9.0,0.0,1
CHEMBL4860,O=C(NS(=O)(=O)c1ccc(NCC2CCOCC2)c([N+](=O)[O-])c1)c1ccc(N2CCC3(CC2)CC(N2CCCC2c2ccccc2C2CC2)C3)cc1Oc1cnc2[nH]ccc2c1,10.31,0.0,1
CHEMBL4860,O=C(NS(=O)(=O)c1ccc(NCC2CCOCC2)c([N+](=O)[O-])c1)c1ccc(N2CCC3(CC2)CC(N2CCCC2c2ccccc2C2CCC2)C3)cc1Oc1cnc2[nH]ccc2c1,8.96,0.0,1
CHEMBL4860,O=C(NS(=O)(=O)c1ccc(NCC2CCOCC2)c([N+](=O)[O-])c1)c1ccc(N2CCC3(CC2)CC(N2CCCC2c2ccccc2CO)C3)cc1Oc1cnc2[nH]ccc2c1,8.68,0.0,1
CHEMBL4860,O=C(NS(=O)(=O)c1ccc(NCC2CCOCC2)c([N+](=O)[O-])c1)c1ccc(N2CCC3(CC2)CC(N2CCCC2c2ccccc2N2CCCC2)C3)cc1Oc1cnc2[nH]ccc2c1,9.49,0.0,1
CHEMBL4860,O=C(NS(=O)(=O)c1ccc(NCC2CCOCC2)c([N+](=O)[O-])c1)c1ccc(N2CCC3(CC2)CC(N2CCCC2c2sccc2-c2ccccc2Cl)C3)cc1Oc1cnc2[nH]ccc2c1,7.64,0.0,1
CHEMBL4860,O=C(NS(=O)(=O)c1ccc(NCC2CCOCC2)c([N+](=O)[O-])c1)c1ccc(N2CCC3(CC2)CC(N2CCCCCC2c2ccccc2C2CC2)C3)cc1Oc1cnc2[nH]ccc2c1,9.55,0.0,1
CHEMBL4860,O=C(NS(=O)(=O)c1ccc(NCC2CCOCC2)c([N+](=O)[O-])c1)c1ccc(N2CCC3(CC2)CC(N2CCCN2c2ccccc2C2CC2)C3)cc1Oc1cnc2[nH]ccc2c1,7.57,0.0,1
CHEMBL4860,O=C(NS(=O)(=O)c1ccc(NCC2CCOCC2)c([N+](=O)[O-])c1)c1ccc(N2CCC3(CC2)CC(N2CCC[C@@H]2c2cccc(Cl)c2)C3)cc1Oc1cnc2[nH]ccc2c1,8.33,0.0,1
CHEMBL4860,O=C(NS(=O)(=O)c1ccc(NCC2CCOCC2)c([N+](=O)[O-])c1)c1ccc(N2CCC3(CC2)CC(N2CCC[C@@H]2c2cccc(Cl)c2C2CC2)C3)cc1Oc1cnc2[nH]ccc2c1,8.795,0.13435028842544494,2
CHEMBL4860,O=C(NS(=O)(=O)c1ccc(NCC2CCOCC2)c([N+](=O)[O-])c1)c1ccc(N2CCC3(CC2)CC(N2CCC[C@@H]2c2ccccc2C2CC2)C3)cc1Oc1cnc2[nH]ccc2c1,8.92,0.0,1
CHEMBL4860,O=C(NS(=O)(=O)c1ccc(NCC2CCOCC2)c([N+](=O)[O-])c1)c1ccc(N2CCC3(CC2)CC(N2CCC[C@@H]2c2ccccc2Cl)C3)cc1Oc1cnc2[nH]ccc2c1,8.36,0.0,1
CHEMBL4860,O=C(NS(=O)(=O)c1ccc(NCC2CCOCC2)c([N+](=O)[O-])c1)c1ccc(N2CCC3(CC2)CC(N2CCC[C@H]2c2ccc(Cl)cc2)C3)cc1Oc1cnc2[nH]ccc2c1,7.859999999999999,0.8432674546073744,3
CHEMBL4860,O=C(NS(=O)(=O)c1ccc(NCC2CCOCC2)c([N+](=O)[O-])c1)c1ccc(N2CCC3(CC2)CC(N2CCC[C@H]2c2cccc(Cl)c2)C3)cc1Oc1cnc2[nH]ccc2c1,8.12,0.7989993742175271,3
CHEMBL4860,O=C(NS(=O)(=O)c1ccc(NCC2CCOCC2)c([N+](=O)[O-])c1)c1ccc(N2CCC3(CC2)CC(N2CCC[C@H]2c2ccccc2Br)C3)cc1Oc1cnc2[nH]ccc2c1,9.02,1.0019481024484258,3
CHEMBL4860,O=C(NS(=O)(=O)c1ccc(NCC2CCOCC2)c([N+](=O)[O-])c1)c1ccc(N2CCC3(CC2)CC(N2CCC[C@H]2c2ccccc2C2CC2)C3)cc1Oc1cnc2[nH]ccc2c1,9.356666666666667,0.9141845182091708,3
CHEMBL4860,O=C(NS(=O)(=O)c1ccc(NCC2CCOCC2)c([N+](=O)[O-])c1)c1ccc(N2CCC3(CC2)CC(N2CCC[C@H]2c2ccccc2C2CCC2)C3)cc1Oc1cnc2[nH]ccc2c1,8.504999999999999,1.0394469683442247,2
CHEMBL4860,O=C(NS(=O)(=O)c1ccc(NCC2CCOCC2)c([N+](=O)[O-])c1)c1ccc(N2CCC3(CC2)CC(N2CCC[C@H]2c2ccccc2Cl)C3)cc1Oc1cnc2[nH]ccc2c1,8.856666666666667,1.0715565002991363,3
CHEMBL4860,O=C(NS(=O)(=O)c1ccc(NCC2CCOCC2)c([N+](=O)[O-])c1)c1ccc(N2CCC3(CC2)CC(N2CCC[C@H]2c2ccccc2N2CCCC2)C3)cc1Oc1cnc2[nH]ccc2c1,9.06,0.9616652224137042,2
CHEMBL4860,O=C(NS(=O)(=O)c1ccc(NCC2CCOCC2)c([N+](=O)[O-])c1)c1ccc(N2CCC3(CC2)CC(c2ccccc2-c2ccccc2C2CC2)C3)cc1Oc1cnc2[nH]ccc2c1,7.82,0.0,1
CHEMBL4860,O=C(NS(=O)(=O)c1ccc(NCC2CCOCC2)c([N+](=O)[O-])c1)c1ccc(N2CCC3(CCC(N4CCC[C@@H]4c4ccccc4C4CC4)CC3)CC2)cc1Oc1cnc2[nH]ccc2c1,6.83,0.0,1
CHEMBL4860,O=C(NS(=O)(=O)c1ccc(NCC2CCOCC2)c([N+](=O)[O-])c1)c1ccc(N2CCC3(CCC(N4CCC[C@H]4c4ccccc4C4CC4)CC3)CC2)cc1Oc1cnc2[nH]ccc2c1,7.89,0.0,1
CHEMBL4860,O=C(NS(=O)(=O)c1ccc(NCC2CCOCC2)c([N+](=O)[O-])c1)c1ccc(N2CCC3(CCCN(c4ccccc4C4CC4)C3)CC2)cc1Oc1cnc2[nH]ccc2c1,7.16,0.0,1
CHEMBL4860,O=C(NS(=O)(=O)c1ccc(NCC2CCOCC2)c([N+](=O)[O-])c1)c1ccc(N2CCC3(CCCN3c3ccccc3Br)CC2)cc1Oc1cnc2[nH]ccc2c1,7.48,0.0,1
CHEMBL4860,O=C(NS(=O)(=O)c1ccc(NCC2CCOCC2)c([N+](=O)[O-])c1)c1ccc(N2CCC3(CCCN3c3ccccc3C3CC3)CC2)cc1Oc1cnc2[nH]ccc2c1,7.23,0.0,1
CHEMBL4860,O=C(NS(=O)(=O)c1ccc(NCC2CCOCC2)c([N+](=O)[O-])c1)c1ccc(N2CCC3(CC[C@@H](N4CCC[C@@H]4c4ccccc4C4CC4)C3)CC2)cc1Oc1cnc2[nH]ccc2c1,8.41,0.0,1
CHEMBL4860,O=C(NS(=O)(=O)c1ccc(NCC2CCOCC2)c([N+](=O)[O-])c1)c1ccc(N2CCC3(CC[C@@H](N4CCC[C@H]4c4ccccc4C4CC4)C3)CC2)cc1Oc1cnc2[nH]ccc2c1,9.68,0.0,1
CHEMBL4860,O=C(NS(=O)(=O)c1ccc(NCC2CCOCC2)c([N+](=O)[O-])c1)c1ccc(N2CCN(CC3=C(c4ccc(Cl)cc4)CC4(CC3)COC4)CC2)cc1Oc1cnc2[nH]ccc2c1,9.12,0.0,1
CHEMBL4860,O=C(NS(=O)(=O)c1ccc(NCC2CCOCC2)c([N+](=O)[O-])c1)c1ccc(N2CCN(CC3=C(c4ccc(Cl)cc4)CC4(CCC4)CC3)CC2)cc1Oc1cnc2[nH]ccc2c1,8.92,0.0,1
CHEMBL4860,O=C(NS(=O)(=O)c1ccc(NCC2CCOCC2)c([N+](=O)[O-])c1)c1ccc(N2CCN(Cc3ccc(C(F)(F)F)cc3-c3ccc(Cl)cc3)CC2)cc1Oc1cnc2[nH]ccc2c1,6.53,0.0,1
CHEMBL4860,O=C(NS(=O)(=O)c1ccc(NCC2CCOCC2)c([N+](=O)[O-])c1)c1ccc(Nc2ccc(N3CCC[C@H]3c3ccccc3C3CC3)cc2)cc1Oc1cnc2[nH]ccc2c1,6.18,0.0,1
CHEMBL4860,O=C(NS(=O)(=O)c1ccc(NCC2CCOCC2)c([N+](=O)[O-])c1)c1ccc(OC2CCC(N3CCCC3c3ccccc3C3CC3)CC2)cc1Oc1cnc2[nH]ccc2c1,7.04,0.0,1
CHEMBL4860,O=C(NS(=O)(=O)c1ccc(NCC2CCOCC2)c([N+](=O)[O-])c1)c1ccc([C@H]2CC[C@@H](N3CC(N4CCC[C@@H]4c4ccccc4C4CC4)C3)CC2)cc1Oc1cnc2[nH]ccc2c1,7.54,0.0,1
CHEMBL4860,O=C(NS(=O)(=O)c1ccc(NCC2CCOCC2)c([N+](=O)[O-])c1)c1ccc([C@H]2CC[C@@H](N3CC(N4CCC[C@H]4c4ccccc4C4CC4)C3)CC2)cc1Oc1cnc2[nH]ccc2c1,8.77,0.0,1
CHEMBL4860,O=C(NS(=O)(=O)c1ccc(NCC2CN(C3CC3)CCO2)c([N+](=O)[O-])c1)c1ccc(C2=CCC(N3CCCC3c3ccccc3C3CC3)CC2)cc1Oc1cnc2[nH]ccc2c1,7.57,0.0,1
CHEMBL4860,O=C(NS(=O)(=O)c1ccc(NCC2CN(C3COC3)CCO2)c([N+](=O)[O-])c1)c1ccc(C2=CCC(N3CCCC3c3ccccc3C3CC3)CC2)cc1Oc1cnc2[nH]ccc2c1,8.35,0.0,1
CHEMBL4860,O=C(NS(=O)(=O)c1ccc(NCC2CN(C3COC3)CCO2)c([N+](=O)[O-])c1)c1ccc(C2CCC(N3CCCC3c3ccccc3C3CC3)CC2)cc1Oc1cnc2[nH]ccc2c1,8.31,0.0,1
CHEMBL4860,O=C(NS(=O)(=O)c1ccc(NCC2CNCCO2)c([N+](=O)[O-])c1)c1ccc(C2=CCC(N3CCCC3c3ccccc3C3CC3)CC2)cc1Oc1cnc2[nH]ccc2c1,8.02,0.0,1
CHEMBL4860,O=C(NS(=O)(=O)c1ccc(NCC2COCCO2)c([N+](=O)[O-])c1)c1ccc(C2=CCN(CC3=C(c4ccc(Cl)cc4)CC4(CC3)COC4)CC2)cc1Oc1cnc2[nH]ccc2c1,8.68,0.0,1
CHEMBL4860,O=C(NS(=O)(=O)c1ccc(NCC2COCCO2)c([N+](=O)[O-])c1)c1ccc(C2=CCN(CC3=C(c4ccc(Cl)cc4)CC4(CCC4)CC3)CC2)cc1Oc1cnc2[nH]ccc2c1,8.85,0.0,1
CHEMBL4860,O=C(NS(=O)(=O)c1ccc(NCC2COCCO2)c([N+](=O)[O-])c1)c1ccc(N2CCN(CC3=C(c4ccc(Cl)cc4)CC4(CC3)COC4)CC2)cc1Oc1cnc2[nH]ccc2c1,8.62,0.0,1
CHEMBL4860,O=C(NS(=O)(=O)c1ccc(NCC2COCCO2)c([N+](=O)[O-])c1)c1ccc(N2CCN(CC3=C(c4ccc(Cl)cc4)CC4(CCC4)CC3)CC2)cc1Oc1cnc2[nH]ccc2c1,8.89,0.0,1
CHEMBL4860,O=C(NS(=O)(=O)c1ccc(NCCC2CCOCC2)c([N+](=O)[O-])c1)c1ccc(N2CCC3(CC2)CC(N2CCC[C@H]2c2ccccc2C2CC2)C3)cc1Oc1cnc2[nH]ccc2c1,9.89,0.0,1
CHEMBL4860,O=C(NS(=O)(=O)c1ccc(NCCN2CCOCC2)c([N+](=O)[O-])c1)c1ccc(-c2ccc(N3CCC[C@@H]3c3ccccc3C3CC3)cc2)cc1Oc1cnc2[nH]ccc2c1,8.04,0.0,1
CHEMBL4860,O=C(NS(=O)(=O)c1ccc(NCCN2CCOCC2)c([N+](=O)[O-])c1)c1ccc(N2CCC3(CC2)CC(N2CCC[C@H]2c2ccccc2C2CC2)C3)cc1Oc1cnc2[nH]ccc2c1,9.82,0.0,1
CHEMBL4860,O=C(NS(=O)(=O)c1ccc(NCCN2CCOCC2=O)c([N+](=O)[O-])c1)c1ccc(N2CCC3(CC2)CC(N2CCC[C@H]2c2ccccc2C2CC2)C3)cc1Oc1cnc2[nH]ccc2c1,9.89,0.0,1
CHEMBL4860,O=C(NS(=O)(=O)c1ccc(NCCSc2ccccc2)c([N+](=O)[O-])c1)c1ccc(-c2ccc(F)cc2)cc1,6.115,1.294005409571382,2
CHEMBL4860,O=C(NS(=O)(=O)c1ccc(NC[C@@H]2CCN(C3CCOCC3)C2)c([N+](=O)[O-])c1)c1ccc(C2=CCC(N3CCCC3c3ccccc3C3CC3)CC2)cc1Oc1cnc2[nH]ccc2c1,7.75,0.0,1
CHEMBL4860,O=C(NS(=O)(=O)c1ccc(NC[C@@H]2CCN(C3COC3)C2)c([N+](=O)[O-])c1)c1ccc(C2=CCC(N3CCCC3c3ccccc3C3CC3)CC2)cc1Oc1cnc2[nH]ccc2c1,7.77,0.0,1
CHEMBL4860,O=C(NS(=O)(=O)c1ccc(NC[C@@H]2CN(C3COC3)CCO2)c([N+](=O)[O-])c1)c1ccc(C2=CCC(N3CCCC3c3ccccc3C3CC3)CC2)cc1Oc1cnc2[nH]ccc2c1,8.6,0.0,1
CHEMBL4860,O=C(NS(=O)(=O)c1ccc(NC[C@@H]2COCCO2)c([N+](=O)[O-])c1)c1ccc(-c2ccc(N3CCC[C@@H]3c3ccccc3C3CC3)cc2)cc1Oc1cnc2[nH]ccc2c1,8.31,0.0,1
CHEMBL4860,O=C(NS(=O)(=O)c1ccc(NC[C@@H]2COCCO2)c([N+](=O)[O-])c1)c1ccc(-c2ccc(N3CCC[C@H]3c3ccccc3C3CC3)cc2)cc1Oc1cnc2[nH]ccc2c1,7.475,0.3464823227814081,2
CHEMBL4860,O=C(NS(=O)(=O)c1ccc(NC[C@@H]2COCCO2)c([N+](=O)[O-])c1)c1ccc(C2=CCC(N3CCCC3c3ccccc3C3CC3)CC2)cc1Oc1cnc2[nH]ccc2c1,8.21,0.0,1
CHEMBL4860,O=C(NS(=O)(=O)c1ccc(NC[C@@H]2COCCO2)c([N+](=O)[O-])c1)c1ccc(C2=CCC(N3CCC[C@@H]3c3ccccc3C3CC3)CC2)cc1Oc1cnc2[nH]ccc2c1,8.3,0.09899494936611643,2
CHEMBL4860,O=C(NS(=O)(=O)c1ccc(NC[C@@H]2COCCO2)c([N+](=O)[O-])c1)c1ccc(C2=CCC(N3CCC[C@H]3c3ccccc3C3CC3)CC2)cc1Oc1cnc2[nH]ccc2c1,8.215,0.09192388155425048,2
CHEMBL4860,O=C(NS(=O)(=O)c1ccc(NC[C@@H]2COCCO2)c([N+](=O)[O-])c1)c1ccc(C2CCC(N3CCCC3c3ccccc3C3CC3)CC2)cc1Oc1cnc2[nH]ccc2c1,8.28,0.0,1
CHEMBL4860,O=C(NS(=O)(=O)c1ccc(NC[C@@H]2COCCO2)c([N+](=O)[O-])c1)c1ccc(C2CCC(N3CCC[C@H]3c3ccccc3C3CC3)CC2)cc1Oc1cnc2[nH]ccc2c1,8.38,0.0,1
CHEMBL4860,O=C(NS(=O)(=O)c1ccc(NC[C@@H]2COCCO2)c([N+](=O)[O-])c1)c1ccc(N2CC3(CC(N4CCC[C@H]4c4ccccc4C4CC4)C3)C2)cc1Oc1cnc2[nH]ccc2c1,10.3,0.0,1
CHEMBL4860,O=C(NS(=O)(=O)c1ccc(NC[C@@H]2COCCO2)c([N+](=O)[O-])c1)c1ccc(N2CCC3(CC2)CC(N2CCC[C@H]2c2ccccc2C2CC2)C3)cc1Oc1cnc2[nH]ccc2c1,10.15,0.0,1
CHEMBL4860,O=C(NS(=O)(=O)c1ccc(NC[C@H]2CCN(C3COC3)C2)c([N+](=O)[O-])c1)c1ccc(C2=CCC(N3CCCC3c3ccccc3C3CC3)CC2)cc1Oc1cnc2[nH]ccc2c1,8.37,0.0,1
CHEMBL4860,O=C(NS(=O)(=O)c1ccc(NC[C@H]2CC[C@@H](O)CC2)c([N+](=O)[O-])c1)c1ccc(C2=CCC(N3CCC[C@H]3c3ccccc3C3CC3)CC2)cc1Oc1cnc2[nH]ccc2c1,8.36,0.0,1
CHEMBL4860,O=C(NS(=O)(=O)c1ccc(NC[C@H]2CC[C@H](O)CC2)c([N+](=O)[O-])c1)c1ccc(C2=CCC(N3CCC[C@H]3c3ccccc3C3CC3)CC2)cc1Oc1cnc2[nH]ccc2c1,8.23,0.0,1
CHEMBL4860,O=C(NS(=O)(=O)c1ccc(NC[C@H]2CN(C3COC3)CCO2)c([N+](=O)[O-])c1)c1ccc(C2=CCC(N3CCCC3c3ccccc3C3CC3)CC2)cc1Oc1cnc2[nH]ccc2c1,8.21,0.0,1
CHEMBL4860,O=C(NS(=O)(=O)c1ccc(NC[C@H]2COCCO2)c([N+](=O)[O-])c1)c1ccc(-c2ccc(N3CCC[C@@H]3c3ccccc3C3CC3)cc2)cc1Oc1cnc2[nH]ccc2c1,8.63,0.24041630560342606,2
CHEMBL4860,O=C(NS(=O)(=O)c1ccc(NC[C@H]2COCCO2)c([N+](=O)[O-])c1)c1ccc(-c2ccc(N3CCC[C@H]3c3ccccc3C3CC3)cc2)cc1Oc1cnc2[nH]ccc2c1,7.5649999999999995,0.502045814642449,2
CHEMBL4860,O=C(NS(=O)(=O)c1ccc(NC[C@H]2COCCO2)c([N+](=O)[O-])c1)c1ccc(C2=CCC(N3CCCC3c3ccccc3C3CC3)CC2)cc1Oc1cnc2[nH]ccc2c1,8.19,0.0,1
CHEMBL4860,O=C(NS(=O)(=O)c1ccc(NC[C@H]2COCCO2)c([N+](=O)[O-])c1)c1ccc(C2=CCC(N3CCC[C@H]3c3ccccc3C3CC3)CC2)cc1Oc1cnc2[nH]ccc2c1,8.350000000000001,0.042426406871192576,2
CHEMBL4860,O=C(NS(=O)(=O)c1ccc(NC[C@H]2COCCO2)c([N+](=O)[O-])c1)c1ccc(C2CCC(N3CCCC3c3ccccc3C3CC3)CC2)cc1Oc1cnc2[nH]ccc2c1,8.3,0.0,1
CHEMBL4860,O=C(NS(=O)(=O)c1ccc(NC[C@H]2COCCO2)c([N+](=O)[O-])c1)c1ccc(C2CCC(N3CCC[C@H]3c3ccccc3C3CC3)CC2)cc1Oc1cnc2[nH]ccc2c1,8.51,0.0,1
CHEMBL4860,O=C(NS(=O)(=O)c1ccc(NC[C@H]2COCCO2)c([N+](=O)[O-])c1)c1ccc(N2CC3(CC(N4CCC[C@H]4c4ccccc4C4CC4)C3)C2)cc1Oc1cnc2[nH]ccc2c1,10.33,0.0,1
CHEMBL4860,O=C(NS(=O)(=O)c1ccc(NC[C@H]2COCCO2)c([N+](=O)[O-])c1)c1ccc(N2CCC3(CC2)CC(N2CCC[C@H]2c2ccccc2C2CC2)C3)cc1Oc1cnc2[nH]ccc2c1,10.39,0.0,1
CHEMBL4860,O=C(NS(=O)(=O)c1ccc(NC[C@H]2COCCO2)c([N+](=O)[O-])c1)c1ccc(N2CCN(CC3=C(c4ccc(Cl)cc4)CC4(CCC4)CC3)CC2)cc1Oc1cnc2[nH]ccc2c1,8.466666666666667,1.1282434725418689,3
CHEMBL4860,O=C(NS(=O)(=O)c1ccc(N[C@H](CCN2CCOCC2)CSc2ccccc2)c(S(=O)(=O)C(F)(F)F)c1)c1ccc(N2CCC(C(=O)c3ccccc3-c3ccc(Cl)cc3)CC2)cc1,7.19,0.0,1
CHEMBL4860,O=C(NS(=O)(=O)c1ccc(N[C@H](CCN2CCOCC2)CSc2ccccc2)c(S(=O)(=O)C(F)(F)F)c1)c1ccc(N2CCC(CO)(Cc3ccccc3-c3ccc(Cl)cc3)CC2)cc1,7.23,0.0,1
CHEMBL4860,O=C(NS(=O)(=O)c1ccc(N[C@H](CCN2CCOCC2)CSc2ccccc2)c(S(=O)(=O)C(F)(F)F)c1)c1ccc(N2CCC(Oc3ccccc3-c3ccc(Cl)cc3)CC2)cc1,6.6,0.0,1
CHEMBL4860,O=C(NS(=O)(=O)c1ccc(N[C@H](CCN2CCOCC2)CSc2ccccc2)c(S(=O)(=O)C(F)(F)F)c1)c1ccc(N2CCC(S(=O)(=O)c3ccccc3-c3ccc(Cl)cc3)CC2)cc1,7.06,0.0,1
CHEMBL4860,O=C(NS(=O)(=O)c1ccc(N[C@H](CCN2CCOCC2)CSc2ccccc2)c(S(=O)(=O)C(F)(F)F)c1)c1ccc(N2CCC(Sc3ccccc3-c3ccc(Cl)cc3)CC2)cc1,7.21,0.0,1
CHEMBL4860,O=C(NS(=O)(=O)c1ccc(N[C@H](CCN2CCOCC2)CSc2ccccc2)c(S(=O)(=O)C(F)(F)F)c1)c1ccc(N2CCC([S@+]([O-])c3ccccc3-c3ccc(Cl)cc3)CC2)cc1,6.26,0.0,1
CHEMBL4860,O=C(NS(=O)(=O)c1ccc(N[C@H](CCN2CCOCC2)CSc2ccccc2)c(S(=O)(=O)C(F)(F)F)c1)c1ccc(N2CCC([S@@+]([O-])c3ccccc3-c3ccc(Cl)cc3)CC2)cc1,7.72,0.0,1
CHEMBL4860,O=C(NS(=O)(=O)c1ccc(N[C@H](CCN2CCOCC2)CSc2ccccc2)c(S(=O)(=O)C(F)(F)F)c1)c1ccc(N2CCN(Cc3ccccc3-c3ccc(Cl)cc3)CC2)cc1,7.96,0.0,1
CHEMBL4860,O=C(NS(=O)(=O)c1ccc(N[C@H](CCN2CCOCC2)CSc2ccccc2)c(S(=O)(=O)C(F)(F)F)c1)c1ccc(N2CCN(Cc3ccccc3-c3ccc(Cl)cc3)CC2)nn1,6.57,0.0,1
CHEMBL4860,O=C(NS(=O)(=O)c1ccc(N[C@H](CCN2CCOCC2)CSc2ccccc2)c(S(=O)(=O)C(F)(F)F)c1)c1ccc(N2CCN(Cc3ccccc3-c3ncc(Cl)cn3)CC2)cc1,7.68,0.0,1
CHEMBL4860,O=C(NS(=O)(=O)c1ccc(N[C@H](CCN2CCOCC2)CSc2ccccc2)c(S(=O)(=O)C(F)(F)F)c1)c1ccc(N2CCN(Cc3cccnc3-c3ccc(Cl)cc3)CC2)cc1,7.58,0.0,1
CHEMBL4860,O=C(NS(=O)(=O)c1ccc(N[C@H](CCN2CCOCC2)CSc2ccccc2)c(S(=O)(=O)C(F)(F)F)c1)c1ccc(N2CCN(Cc3cn[nH]c3-c3ccc(Cl)cc3)CC2)cc1,7.4,0.0,1
CHEMBL4860,O=C(NS(=O)(=O)c1ccc(N[C@H](CCN2CCOCC2)CSc2ccccc2)c(S(=O)(=O)C(F)(F)F)c1)c1ccc(N2CCP(=O)(Cc3ccccc3-c3ccc(Cl)cc3)CC2)cc1,7.27,0.0,1
CHEMBL4860,O=C(NS(=O)(=O)c1ccc(N[C@H](CCN2CCOCC2)CSc2ccccc2)c(S(=O)(=O)C(F)(F)F)c1)c1cnc(N2CCN(Cc3ccccc3-c3ccc(Cl)cc3)CC2)nc1,7.75,0.0,1
CHEMBL4860,O=C(NS(=O)(=O)c1ccc(N[C@H](CCN2CCOCC2)CSc2ccccc2)c(S(=O)(=O)C(F)(F)F)c1)c1csc(N2CCN(Cc3ccccc3-c3ccc(Cl)cc3)CC2)n1,6.92,0.0,1
CHEMBL4860,O=C(NS(=O)(=O)c1ccc(N[C@H]2CC[C@H](N(CC3CC3)CC3CC3)CC2)c([N+](=O)[O-])c1)c1ccc(C2=CCC(N3CCCC3c3ccccc3C3CC3)CC2)cc1Oc1cnc2[nH]ccc2c1,8.3,0.0,1
CHEMBL4860,O=C(NS(=O)(=O)c1ccc(OCC2(F)CCN(C3CC3)CC2)c([N+](=O)[O-])c1)c1ccc(C2=CCC(N3CCCC3c3ccccc3C3CC3)CC2)cc1Oc1cnc2[nH]ccc2c1,7.7,0.0,1
CHEMBL4860,O=C(NS(=O)(=O)c1ccc(OCC2(F)CCN(C3CCOCC3)CC2)c([N+](=O)[O-])c1)c1ccc(C2=CCC(N3CCCC3c3ccccc3C3CC3)CC2)cc1Oc1cnc2[nH]ccc2c1,8.23,0.0,1
CHEMBL4860,O=C(NS(=O)(=O)c1ccc(OCC2(F)CCN(C3COC3)CC2)c([N+](=O)[O-])c1)c1ccc(-c2ccc(N3CCC[C@@H]3c3ccccc3C3CC3)cc2)cc1Oc1cnc2[nH]ccc2c1,8.66,0.0,1
CHEMBL4860,O=C(NS(=O)(=O)c1ccc(OCC2(F)CCN(C3COC3)CC2)c([N+](=O)[O-])c1)c1ccc(-c2ccc(N3CCC[C@H]3c3ccccc3C3CC3)cc2)cc1Oc1cnc2[nH]ccc2c1,8.08,0.0,1
CHEMBL4860,O=C(NS(=O)(=O)c1ccc(OCC2(F)CCN(C3COC3)CC2)c([N+](=O)[O-])c1)c1ccc(C2=CCC(N3CCC[C@@H]3c3ccccc3C3CC3)CC2)cc1Oc1cnc2[nH]ccc2c1,8.72,0.0,1
CHEMBL4860,O=C(NS(=O)(=O)c1ccc(OCC2(F)CCN(C3COC3)CC2)c([N+](=O)[O-])c1)c1ccc(C2=CCC(N3CCC[C@H]3c3ccccc3C3CC3)CC2)cc1Oc1cnc2[nH]ccc2c1,8.62,0.0,1
CHEMBL4860,O=C(NS(=O)(=O)c1ccc(OCC2(F)CCN(C3COC3)CC2)c([N+](=O)[O-])c1)c1ccc(C2=CC[C@H](N3CCC[C@@H]3c3ccccc3C3CC3)CC2)cc1Oc1cnc2[nH]ccc2c1,8.66,0.0,1
CHEMBL4860,O=C(NS(=O)(=O)c1ccc(OCC2(F)CCOCC2)c([N+](=O)[O-])c1)c1ccc(-c2ccc(N3CCCC3c3ccccc3Cl)cc2)cc1Oc1cnc2[nH]ccc2c1,7.92,0.0,1
CHEMBL4860,O=C(NS(=O)(=O)c1ccc(OCC2(F)CCOCC2)c([N+](=O)[O-])c1)c1ccc(C2=CCC(N3CCCC3c3ccccc3C3CC3)CC2)cc1Oc1cnc2[nH]ccc2c1,8.16,0.0,1
CHEMBL4860,O=C(NS(=O)(=O)c1ccc(OCC2CCC(O)CC2)c([N+](=O)[O-])c1)c1ccc(-c2ccc(N3CCCC3c3ccccc3Cl)cc2)cc1Oc1cnc2[nH]ccc2c1,7.89,0.0,1
CHEMBL4860,O=C(NS(=O)(=O)c1ccc(OCC2CCC(O)CC2)c([N+](=O)[O-])c1)c1ccc(C2=CCC(N3CCCC3c3cccc(Cl)c3C3CC3)CC2)cc1Oc1cnc2[nH]ccc2c1,7.92,0.0,1
CHEMBL4860,O=C(NS(=O)(=O)c1ccc(OCC2CCC(O)CC2)c([N+](=O)[O-])c1)c1ccc(C2=CCC(N3CCC[C@@H]3c3ccccc3C3CC3)CC2)cc1Oc1cnc2[nH]ccc2c1,8.28,0.0,1
CHEMBL4860,O=C(NS(=O)(=O)c1ccc(OCC2CCC(O)CC2)c([N+](=O)[O-])c1)c1ccc(C2=CCC(N3CCC[C@H]3c3ccccc3C3CC3)CC2)cc1Oc1cnc2[nH]ccc2c1,7.8,0.0,1
CHEMBL4860,O=C(NS(=O)(=O)c1ccc(OCC2CCC3(CC2)COC3)c([N+](=O)[O-])c1)c1ccc(-c2ccc(N3CCC[C@@H]3c3ccccc3C3CC3)cc2)cc1Oc1cnc2[nH]ccc2c1,8.49,0.0,1
CHEMBL4860,O=C(NS(=O)(=O)c1ccc(OCC2CCC3(CC2)COC3)c([N+](=O)[O-])c1)c1ccc(C2=CCC(N3CCCC3c3ccccc3C3CC3)CC2)cc1Oc1cnc2[nH]ccc2c1,7.75,0.0,1
CHEMBL4860,O=C(NS(=O)(=O)c1ccc(OCC2CCOCC2)c([N+](=O)[O-])c1)c1ccc(C2=CCC(N3CCCC3c3ccccc3C3CC3)CC2)cc1Oc1cnc2[nH]ccc2c1,7.82,0.0,1
CHEMBL4860,O=C(NS(=O)(=O)c1cccc([N+](=O)[O-])c1)c1ccc(N2CCN(CC3=C(c4ccc(Cl)cc4)CC4(CCC4)CC3)CC2)cc1Oc1cnc2[nH]ccc2c1,8.51,0.0,1
CHEMBL4860,O=C(Nc1ccc(S(=O)(=O)c2ccccc2)cc1)c1cc(Cc2ccccc2)c(O)c(O)c1O,5.8,0.0,1
CHEMBL4860,O=C(Nc1ccccc1)c1cc(Cc2ccccc2)c(O)c(O)c1O,5.14,0.0,1
CHEMBL4860,O=C(Nc1nc2ccccc2s1)c1cccc2c1CN(c1nc(C(=O)O)c(CCOc3ccc(-n4ncc5cncnc54)cc3)s1)CC2,5.42,0.0,1
CHEMBL4860,O=C(O)c1cc(-c2ccc3c(c2)/C(=N\Nc2nc4ccccc4s2)CCC3)ccn1,5.3,0.0,1
CHEMBL4860,O=C(O)c1ccc(CN(C(=O)c2cc(-c3cc4c(cc3C(=O)N3Cc5ccccc5C[C@H]3CN3CCOCC3)OCO4)n3c2CCCC3)c2ccc(OCc3ccccc3)cc2)cc1,8.12,0.0,1
CHEMBL4860,O=C(O)c1cccc(-c2ccc(/C=c3\sc4n(c3=O)C(c3cccc(F)c3)C3=C(N=4)c4ccccc4CC3)o2)c1,5.1,0.0,1
CHEMBL4860,O=C(O)c1cccc(CN(C(=O)c2cc(-c3cc4c(cc3C(=O)N3Cc5ccccc5C[C@H]3CN3CCOCC3)OCO4)n3c2CCCC3)c2ccc(O)cc2)c1,7.52,0.0,1
CHEMBL4860,O=C(O)c1csc(-c2ccc3c(c2)/C(=N/Nc2nc4ccccc4s2)CCC3)n1,5.3,0.0,1
CHEMBL4860,O=C(O)c1csc(-c2ccc3c(c2)/C(=N\Nc2nc4ccccc4s2)CCC3)n1,5.3,0.0,1
CHEMBL4860,O=C(c1cc(-c2cc(Cl)ccc2C(=O)N2Cc3ccccc3C[C@H]2CN2CCOCC2)n2c1CCCC2)N(c1ccc(O)cc1)c1cc(F)cc(F)c1,7.42,0.0,1
CHEMBL4860,O=C(c1cc(-c2cc(Cl)ccc2C(=O)N2Cc3ccccc3C[C@H]2CN2CCOCC2)n2c1CCCC2)N(c1ccc(O)cc1)c1ccc(F)c(F)c1,7.82,0.0,1
CHEMBL4860,O=C(c1cc(-c2cc(Cl)ccc2C(=O)N2Cc3ccccc3C[C@H]2CN2CCOCC2)n2c1CCCC2)N(c1ccc(O)cc1)c1ccc(F)cc1,7.82,0.0,1
CHEMBL4860,O=C(c1cc(-c2cc(Cl)ccc2C(=O)N2Cc3ccccc3C[C@H]2CN2CCOCC2)n2c1CCCC2)N(c1ccc(O)cc1)c1ccc(F)cc1F,7.82,0.0,1
CHEMBL4860,O=C(c1cc(-c2cc(Cl)ccc2C(=O)N2Cc3ccccc3C[C@H]2CN2CCOCC2)n2c1CCCC2)N(c1ccc(O)cc1)c1ccc2c(c1)CCC2,7.46,0.0,1
CHEMBL4860,O=C(c1cc(-c2cc(Cl)ccc2C(=O)N2Cc3ccccc3C[C@H]2CN2CCOCC2)n2c1CCCC2)N(c1ccc(O)cc1)c1ccc2c(c1)CCN2,7.66,0.0,1
CHEMBL4860,O=C(c1cc(-c2cc(Cl)ccc2C(=O)N2Cc3ccccc3C[C@H]2CN2CCOCC2)n2c1CCCC2)N(c1ccc(O)cc1)c1cccc(Cl)c1,7.52,0.0,1
CHEMBL4860,O=C(c1cc(-c2cc(Cl)ccc2C(=O)N2Cc3ccccc3C[C@H]2CN2CCOCC2)n2c1CCCC2)N(c1ccc(O)cc1)c1cccc(F)c1,8.0,0.0,1
CHEMBL4860,O=C(c1cc(-c2cc(Cl)ccc2C(=O)N2Cc3ccccc3C[C@H]2CN2CCOCC2)n2c1CCCC2)N(c1ccc(O)cc1)c1ccccc1F,8.1,0.0,1
CHEMBL4860,O=C(c1cc(-c2cc(Cl)ccc2C(=O)N2Cc3ccccc3C[C@H]2CN2CCOCC2)n2c1CCCC2)N(c1ccc(O)cc1)c1ccsc1,7.39,0.0,1
CHEMBL4860,O=C(c1cc(-c2cc(Cl)ccc2C(=O)N2Cc3ccccc3C[C@H]2CN2CCOCC2)n2c1CCCC2)N(c1ccccc1)c1ccc(O)cc1,7.46,0.0,1
CHEMBL4860,O=C(c1cc(-c2cc(Cl)ccc2C(=O)N2Cc3ccccc3C[C@H]2CN2CCOCC2)n2c1COCC2)N(c1ccc(O)cc1)c1ccc2c(c1)CCN2,7.51,0.0,1
CHEMBL4860,O=C(c1cc(-c2cc(Cl)ccc2C(=O)N2Cc3ccccc3C[C@H]2CN2CCOCC2)n2c1COCC2)N(c1ccccc1)c1ccc(O)cc1,7.51,0.0,1
CHEMBL4860,O=C(c1cc(-c2cc(F)ccc2C(=O)N2Cc3ccccc3C[C@H]2CN2CCOCC2)n2c1CCCC2)N(c1ccccc1)c1ccc(O)cc1,7.54,0.0,1
CHEMBL4860,O=C(c1cc(-c2cc(F)ccc2C(=O)N2Cc3ccccc3C[C@H]2CN2CCOCC2)n2c1COCC2)N(c1ccc(O)cc1)c1ccc(F)cc1,7.63,0.0424264068711932,2
CHEMBL4860,O=C(c1cc(-c2cc3c(cc2C(=O)N2Cc4ccccc4C[C@H]2CN2CCN(CC(F)(F)F)CC2)OCO3)n2c1CCCC2)N(c1ccccc1)c1ccc(O)cc1,7.58,0.0,1
CHEMBL4860,O=C(c1cc(-c2cc3c(cc2C(=O)N2Cc4ccccc4C[C@H]2CN2CCOCC2)OCCCO3)n2c1CCCC2)N(c1ccccc1)c1ccc(O)cc1,7.48,0.0,1
CHEMBL4860,O=C(c1cc(-c2cc3c(cc2C(=O)N2Cc4ccccc4C[C@H]2CN2CCOCC2)OCCO3)n2c1CCCC2)N(c1ccccc1)c1ccc(O)cc1,7.57,0.0,1
CHEMBL4860,O=C(c1cc(-c2cc3c(cc2C(=O)N2Cc4ccccc4C[C@H]2CN2CCOCC2)OCO3)n2c1CC(O)CC2)N(c1ccccc1)c1ccc(O)cc1,7.8,0.0,1
CHEMBL4860,O=C(c1cc(-c2cc3c(cc2C(=O)N2Cc4ccccc4C[C@H]2CN2CCOCC2)OCO3)n2c1CCCC2)N(Cc1c(Cl)ccc(F)c1F)c1ccc(O)cc1,7.52,0.0,1
CHEMBL4860,O=C(c1cc(-c2cc3c(cc2C(=O)N2Cc4ccccc4C[C@H]2CN2CCOCC2)OCO3)n2c1CCCC2)N(Cc1c(F)cccc1F)c1ccc(O)cc1,8.12,0.0,1
CHEMBL4860,O=C(c1cc(-c2cc3c(cc2C(=O)N2Cc4ccccc4C[C@H]2CN2CCOCC2)OCO3)n2c1CCCC2)N(Cc1ccc(C(F)(F)F)cc1)c1ccc(O)cc1,7.52,0.0,1
CHEMBL4860,O=C(c1cc(-c2cc3c(cc2C(=O)N2Cc4ccccc4C[C@H]2CN2CCOCC2)OCO3)n2c1CCCC2)N(Cc1ccc(F)cc1)c1ccc(O)cc1,7.52,0.0,1
CHEMBL4860,O=C(c1cc(-c2cc3c(cc2C(=O)N2Cc4ccccc4C[C@H]2CN2CCOCC2)OCO3)n2c1CCCC2)N(Cc1cccc(C(F)(F)F)c1)c1ccc(O)cc1,7.52,0.0,1
CHEMBL4860,O=C(c1cc(-c2cc3c(cc2C(=O)N2Cc4ccccc4C[C@H]2CN2CCOCC2)OCO3)n2c1CCCC2)N(Cc1cccc(F)c1)c1ccc(O)cc1,7.52,0.0,1
CHEMBL4860,O=C(c1cc(-c2cc3c(cc2C(=O)N2Cc4ccccc4C[C@H]2CN2CCOCC2)OCO3)n2c1CCCC2)N(Cc1ccccc1)c1ccc(O)cc1,8.12,0.0,1
CHEMBL4860,O=C(c1cc(-c2cc3c(cc2C(=O)N2Cc4ccccc4C[C@H]2CN2CCOCC2)OCO3)n2c1CCCC2)N(Cc1ccccc1-c1ccccc1)c1ccc(O)cc1,7.52,0.0,1
CHEMBL4860,O=C(c1cc(-c2cc3c(cc2C(=O)N2Cc4ccccc4C[C@H]2CN2CCOCC2)OCO3)n2c1CCCC2)N(Cc1cccnc1)c1ccc(O)cc1,8.12,0.0,1
CHEMBL4860,O=C(c1cc(-c2cc3c(cc2C(=O)N2Cc4ccccc4C[C@H]2CN2CCOCC2)OCO3)n2c1CCCC2)N(c1ccc(O)cc1)c1ccc(Cl)cc1,7.7,0.0,1
CHEMBL4860,O=C(c1cc(-c2cc3c(cc2C(=O)N2Cc4ccccc4C[C@H]2CN2CCOCC2)OCO3)n2c1CCCC2)N(c1ccc(O)cc1)c1ccc(O)cc1,7.82,0.0,1
CHEMBL4860,O=C(c1cc(-c2cc3c(cc2C(=O)N2Cc4ccccc4C[C@H]2CN2CCOCC2)OCO3)n2c1CCCC2)N(c1ccc(O)cc1)c1ccc(OC(F)(F)F)cc1,7.29,0.0,1
CHEMBL4860,O=C(c1cc(-c2cc3c(cc2C(=O)N2Cc4ccccc4C[C@H]2CN2CCOCC2)OCO3)n2c1CCCC2)N(c1ccc(O)cc1)c1ccc2c(c1)CCN2,7.82,0.0,1
CHEMBL4860,O=C(c1cc(-c2cc3c(cc2C(=O)N2Cc4ccccc4C[C@H]2CN2CCOCC2)OCO3)n2c1CCCC2)N(c1ccc(O)cc1)c1cccc(F)c1,7.8,0.0,1
CHEMBL4860,O=C(c1cc(-c2cc3c(cc2C(=O)N2Cc4ccccc4C[C@H]2CN2CCOCC2)OCO3)n2c1CCCC2)N(c1ccccc1)c1ccc(O)cc1,7.715,0.049497474683058526,2
CHEMBL4860,O=C(c1cc(-c2cc3c(cc2C(=O)N2Cc4ccccc4C[C@H]2CN2CCOCC2)OCO3)n2ccccc12)N(c1ccccc1)c1ccc(O)cc1,7.66,0.0,1
CHEMBL4860,O=C(c1cc(-c2cc3c(cc2C(=O)N2Cc4ccccc4C[C@H]2CN2CCOCC2)OCO3)n2ccncc12)N(c1ccc(O)cc1)c1cccc(F)c1,7.47,0.0,1
CHEMBL4860,O=C(c1cc(-c2cc3c(cc2C(=O)N2Cc4ccccc4C[C@H]2C[N+]2([O-])CCOCC2)OCO3)n2c1CCCC2)N(c1ccccc1)c1ccc(O)cc1,7.52,0.0,1
CHEMBL4860,O=C(c1ccc(CN(Cc2ccc(F)cc2)S(=O)(=O)c2cc(Cl)cc(Cl)c2O)cc1)N(Cc1ccc(F)cc1)Cc1cc(Cl)cc(Cl)c1,7.46,0.0,1
CHEMBL4860,O=C(c1ccc(Oc2ccccc2)cc1)c1cc(C(=O)c2cccc3ccccc23)c(O)c(O)c1O,6.54,0.0,1
CHEMBL4860,O=C(c1ccc(Oc2ccccc2)cc1)c1cc(C(=O)c2nc3ccccc3s2)c(O)c(O)c1O,6.77,0.0,1
CHEMBL4860,O=C(c1cn(-c2cc(Cl)ccc2C(=O)N2Cc3ccccc3C[C@H]2CN2CCCCC2)c2ccccc12)N(c1ccccc1)c1ccc(O)cc1,7.14,0.0,1
CHEMBL4860,O=C(c1cn(-c2cc(Cl)ccc2C(=O)N2Cc3ccccc3C[C@H]2CN2CCOCC2)c2ccccc12)N(c1ccccc1)c1ccc(O)cc1,7.63,0.0,1
CHEMBL4860,O=C(c1cn(-c2cc3c(cc2C(=O)N2Cc4ccccc4C[C@H]2CN2CCCCC2)OCO3)c2ccccc12)N(c1ccccc1)c1ccc(O)cc1,7.38,0.0,1
CHEMBL4860,O=C(c1cn(-c2cc3c(cc2C(=O)N2Cc4ccccc4C[C@H]2CN2CCOCC2)OCO3)c2c1CCCC2)N(c1ccccc1)c1ccc(O)cc1,7.72,0.0,1
CHEMBL4860,O=C(c1cn(-c2cc3c(cc2C(=O)N2Cc4ccccc4C[C@H]2CN2CCOCC2)OCO3)c2ccccc12)N(c1ccccc1)c1ccc(O)cc1,7.85,0.0,1
CHEMBL4860,O=C(c1cn(-c2ccccc2C(=O)N2Cc3ccccc3C[C@H]2CN2CCCCC2)c2ccccc12)N(c1ccccc1)c1ccc(O)cc1,6.78,0.0,1
CHEMBL4860,O=C(c1cn(-c2ccccc2C(=O)N2Cc3ccccc3C[C@H]2CO)c2ccccc12)N(c1ccccc1)c1ccc(O)cc1,8.38,0.0,1
CHEMBL4860,O=C1N=C2C(=C1NCCCCCc1ccccc1)c1ccc(N3CCSCC3)c3cccc2c13,5.89,0.0,1
CHEMBL4860,O=C1N=C2C(=C1NCCCc1ccccc1)c1ccc(N3CCSCC3)c3cccc2c13,7.31,0.0,1
CHEMBL4860,O=C1N=C2C(=C1NCCCc1ccccc1)c1ccc(Sc3ccc(OO)cc3)c3cccc2c13,7.24,0.0,1
CHEMBL4860,O=C1c2cc(Br)ccc2-c2ccc3c4ccc5c6c(ccc(c7ccc1c2c73)c64)C(=O)c1cc(Br)ccc1-5,5.11,0.0,1
CHEMBL4860,O=S(=O)(Nc1ncnc2c1CN(C1CCN(Cc3ccccc3-c3ccc(Cl)cc3)CC1)C2)c1ccc(N[C@H](CCN2CCOCC2)CSc2ccccc2)c(S(=O)(=O)C(F)(F)F)c1,6.13,0.0,1
CHEMBL4860,O=S(=O)(Nc1ncnc2cc(N3CCN(Cc4ccccc4-c4ccc(Cl)cc4)CC3)ccc12)c1ccc(N[C@H](CCN2CCOCC2)CSc2ccccc2)c(S(=O)(=O)C(F)(F)F)c1,7.09,0.0,1
CHEMBL4860,O=[N+]([O-])c1cc(S(=O)(=O)Nc2ncnc3cc(N4CCN(Cc5ccccc5-c5ccc(Cl)cc5)CC4)ccc23)ccc1N[C@H](CCN1CCOCC1)CSc1ccccc1,7.68,0.0,1
CHEMBL4860,O=[N+]([O-])c1ccc(Nc2nnc(-c3c[nH]c4ccccc34)o2)cc1,5.42,0.0,1
CHEMBL4860,O=[N+]([O-])c1ccccc1Nc1nnc(-c2c[nH]c3ccccc23)o1,5.640000000000001,0.38183766184073603,2
