chembl_id,smiles,pchembl_value,pchembl_std,n_records
CHEMBL248,C#CCNC(=O)c1cc(C#N)ccc1C1C(C(=O)OCC)=C(C)N(c2cccc(C(F)(F)F)c2)C(=O)N1C,8.52,0.0,1
CHEMBL248,C#CCNC(=O)c1cc(C#N)ccc1C1C2=C(CCC2=O)N(c2cccc(C(F)(F)F)c2)C(=O)N1C,8.43,0.0,1
CHEMBL248,C/C(=C\Cc1c(O)cc2c(c1O)C(=O)C[C@@H](c1ccc(O)c(O)c1)O2)CCCC(C)(C)O,5.17,0.0,1
CHEMBL248,C/C(=C\Cc1c(O)cc2c(c1O)C(=O)C[C@@H](c1ccc(O)cc1)O2)CCCC(C)(C)O,4.13,0.0,1
CHEMBL248,C/C(=N/O)c1ccccc1NS(=O)(=O)c1ccc(OC(=O)C(C)(C)C)cc1,7.3,0.0,1
CHEMBL248,C/C(=N\O)c1ccccc1NS(=O)(=O)c1ccc(OC(=O)C(C)(C)C)cc1,5.904999999999999,2.283954903232548,2
CHEMBL248,C/C=C1\NC(=O)[C@@H](NC(=O)[C@@H](NC(=O)[C@@H](COS(=O)(=O)[O-])OC)C(C)C)[C@@H](C)OC(=O)[C@H](C(C)C)NC(=O)[C@H](Cc2ccc(O)cc2)N(C)C(=O)[C@H](Cc2ccccc2)N2C(=O)[C@H](CC[C@H]2O)NC1=O,7.55,0.0,1
CHEMBL248,C/C=C1\NC(=O)[C@@H](NC(=O)[C@@H](NC(=O)[C@@H](COS(=O)(=O)[O-])OC)C(C)C)[C@@H](C)OC(=O)[C@H](C(C)C)NC(=O)[C@H](Cc2ccccc2)N(C)C(=O)[C@H](Cc2ccccc2)N2C(=O)[C@H](CC[C@H]2O)NC1=O,6.92,0.0,1
CHEMBL248,C/C=C1\NC(=O)[C@@H](NC(=O)[C@@H](NC(=O)[C@@H](COS(=O)(=O)[O-])OC)C(C)C)[C@@H](C)OC(=O)[C@H]([C@H](C)CC)NC(=O)[C@H](Cc2ccc(O)cc2)N(C)C(=O)[C@H](Cc2ccccc2)N2C(=O)[C@H](CC[C@H]2O)NC1=O,7.39,0.0,1
CHEMBL248,C/C=C1\NC(=O)[C@@H](NC(=O)[C@@H](NC(=O)[C@@H](COS(=O)(=O)[O-])OC)C(C)C)[C@@H](C)OC(=O)[C@H]([C@H](C)CC)NC(=O)[C@H](Cc2ccccc2)N(C)C(=O)[C@H](Cc2ccccc2)N2C(=O)[C@H](CC[C@H]2O)NC1=O,6.84,0.0,1
CHEMBL248,C/C=C1\NC(=O)[C@@H](NC(=O)[C@@H](NC(=O)[C@@H](COS(=O)(=O)[O-])OC)[C@@H](C)CC)[C@@H](C)OC(=O)[C@H]([C@H](C)CC)NC(=O)[C@H](Cc2ccc(O)cc2)N(C)C(=O)[C@H](Cc2ccccc2)N2C(=O)[C@H](CC[C@H]2O)NC1=O,7.68,0.0,1
CHEMBL248,C/C=C1\NC(=O)[C@@H](NC(=O)[C@@H](NC(=O)[C@@H](COS(=O)(=O)[O-])OC)[C@@H](C)CC)[C@@H](C)OC(=O)[C@H]([C@H](C)CC)NC(=O)[C@H](Cc2ccccc2)N(C)C(=O)[C@H](Cc2ccccc2)N2C(=O)[C@H](CC[C@H]2O)NC1=O,6.71,0.0,1
CHEMBL248,C/C=C1\NC(=O)[C@@H](NC(=O)[C@H](CCC(N)=O)NC(=O)CC2CCCCC2)[C@@H](C)OC(=O)[C@H](C(C)C)NC(=O)[C@H](Cc2ccc(O)cc2)N(C)C(=O)[C@H](Cc2ccccc2)N2C(=O)[C@H](CC[C@H]2O)NC1=O,6.99,0.0,1
CHEMBL248,C/C=C1\NC(=O)[C@@H](NC(=O)[C@H](CCC(N)=O)NC(=O)CCCCC)[C@@H](C)OC(=O)[C@H](C(C)C)NC(=O)[C@H](Cc2ccc(O)cc2)N(C)C(=O)[C@H](Cc2ccccc2)N2C(=O)[C@H](CC[C@H]2O)NC1=O,7.59,0.0707106781186545,2
CHEMBL248,C/C=C1\NC(=O)[C@@H](NC(=O)[C@H](CCC(N)=O)NC(=O)CN2CCOCC2)[C@@H](C)OC(=O)[C@H](C(C)C)NC(=O)[C@H](Cc2ccc(O)cc2)N(C)C(=O)[C@H](Cc2ccccc2)N2C(=O)[C@H](CC[C@H]2O)NC1=O,6.71,0.0,1
CHEMBL248,C/C=C1\NC(=O)[C@@H](NC(=O)[C@H](CCc2ccc(O)cc2)NC(=O)[C@H](C)NC(=O)[C@H](O)COS(=O)(=O)O)[C@@H](C)OC(=O)[C@H](C(C)C)NC(=O)[C@H](Cc2ccc(O)cc2)N(C)C(=O)[C@H](Cc2ccccc2)N2C(=O)[C@H](CC[C@H]2O)NC1=O,7.31,0.0,1
CHEMBL248,C/C=C1\NC(=O)[C@@H](NC(C)=O)[C@@H](C)OC(=O)[C@H](C(C)C)NC(=O)[C@H](Cc2ccc(O)cc2)N(C)C(=O)[C@H](Cc2ccccc2)N2C(=O)[C@H](CC[C@H]2O)NC1=O,5.0,0.0,1
CHEMBL248,C/C=C1\NC(=O)[C@H]2NC(=O)[C@@H](NC(=O)C(C)C)CCCNC(=O)Nc3cc(O)c(O)cc3C[C@@H](C(=O)N[C@@H](C(C)C)C(=O)O[C@H]2C)N(C)C(=O)[C@H](Cc2ccccc2)N2C(=O)[C@H](CC[C@H]2O)NC1=O,6.75,0.0,1
CHEMBL248,C=C(C)C(=O)Oc1ccc(C(=O)c2ccccc2)cc1,5.72,0.0,1
CHEMBL248,C=C(C)C(O)CC/C(C)=C/Cc1c(O)cc2c(c1O)C(=O)C[C@@H](c1cc(O)c(OC)c(O)c1)O2,4.87,0.0,1
CHEMBL248,C=C(C)C(O)CC/C(C)=C/Cc1c(O)cc2c(c1O)C(=O)C[C@@H](c1ccc(O)c(O)c1)O2,4.81,0.0,1
CHEMBL248,C=C(C)Cc1cc(C(=O)c2ccccc2)ccc1OC(=O)C(C)(C)C,6.07,0.0,1
CHEMBL248,C=CC(C)c1cc(C(=O)c2ccccc2)ccc1OC(=O)C(C)(C)C,6.5,0.0,1
CHEMBL248,C=CC[C@@H]1C(=O)N(C(=O)NCc2ccncc2)[C@H]1Cc1ccccc1,6.52,0.0,1
CHEMBL248,C=CC[C@@H]1C(=O)O[C@H]2CCN(C(=O)OCc3ccccc3)C21,6.01,1.5839191898578666,2
CHEMBL248,C=CC[C@H]1C(=O)N(C(=O)NCC)[C@H]2CCN(C(=O)OCc3ccccc3)[C@H]12,7.51,0.0,1
CHEMBL248,C=CC[C@H]1C(=O)N(C(=O)OCC)[C@H]2CCN(C(=O)OCc3ccccc3)[C@H]12,8.7,0.0,1
CHEMBL248,C=CC[C@H]1C(=O)N(C(C)=O)[C@H]2CCN(C(=O)OCc3ccccc3)[C@H]12,9.16,0.0,1
CHEMBL248,C=CC[C@H]1C(=O)N(C=O)[C@H]2CCN(C(=O)OCc3ccccc3)[C@H]12,7.03,0.0,1
CHEMBL248,C=CC[C@H]1C(=O)N(CCCCCC)[C@H]2CCN(C(=O)OCc3ccccc3)[C@H]12,7.54,0.0,1
CHEMBL248,C=CC[C@H]1C(=O)N(S(=O)(=O)c2ccc3ccccc3c2)[C@H]2CCN(C(=O)OCc3ccccc3)[C@H]12,10.44,0.0,1
CHEMBL248,C=CC[C@H]1C(=O)N(S(=O)(=O)c2cccc3ccccc23)[C@H]2CCN(C(=O)OCc3ccccc3)C12,7.06,0.0,1
CHEMBL248,C=CC[C@H]1C(=O)N(S(C)(=O)=O)[C@H]2CCN(C(=O)OCc3ccccc3)[C@H]12,8.003333333333332,2.056242527848632,3
CHEMBL248,C=CC[C@H]1C(=O)O[C@H]2CCN(C(=O)OCC)C21,7.16,0.0,1
CHEMBL248,C=CC[C@H]1C(=O)O[C@H]2CCN(C(=O)OCc3ccccc3)C21,6.9,0.6081118318204308,2
CHEMBL248,C=CCc1cc(C(=O)c2ccccc2)ccc1OC(=O)C(C)(C)C,6.1,0.0,1
CHEMBL248,C=CCc1ccc2c(c1O)C(=O)c1c(OC)cccc1C2=O,4.96,0.0,1
CHEMBL248,CC(=O)C(=O)C(NC(=O)[C@@H]1CCCN1C(=O)[C@@H](NC(=O)OC(C)(C)C)C(C)C)C(C)C,5.87,0.0,1
CHEMBL248,CC(=O)C(C(=O)OCc1ccccc1)C1=C(Cl)C(=O)c2ccccc2C1=O,4.52,0.0,1
CHEMBL248,CC(=O)C1=C(C)N(c2cccc(C(F)(F)F)c2)C(=O)CC1c1ccc(C#N)cc1,7.3,0.0,1
CHEMBL248,CC(=O)C1=C(C)N(c2cccc(C(F)(F)F)c2)C(=O)N(C)C1c1ccc(C#N)cc1-c1ccc2c(ccn2C)c1,8.24,0.0,1
CHEMBL248,CC(=O)C1=C(C)N(c2cccc(C(F)(F)F)c2)C(=O)N(C)C1c1ccc(C#N)cc1-c1ccc2c(cnn2C)c1,8.52,0.0,1
CHEMBL248,CC(=O)C1=C(C)N(c2cccc(C(F)(F)F)c2)C(=O)N(C)C1c1ccc(C#N)cc1-c1ccc2occc2c1,7.65,0.0,1
CHEMBL248,CC(=O)C1=C(C)N(c2cccc(C(F)(F)F)c2)C(=O)N(C)C1c1ccc(C#N)cc1-c1cccnc1,8.85,0.0,1
CHEMBL248,CC(=O)C1=C(C)N(c2cccc(C(F)(F)F)c2)C(=O)N(C)C1c1ccc(C#N)cc1-c1ccco1,8.72,0.0,1
CHEMBL248,CC(=O)C1=C(C)N(c2cccc(C(F)(F)F)c2)C(=O)N(C)C1c1ccc(C#N)cc1-c1ccn(C)n1,8.85,0.0,1
CHEMBL248,CC(=O)C1=C(C)N(c2cccc(C(F)(F)F)c2)C(=O)N(C)C1c1ccc(C#N)cc1-c1ccncc1,8.89,0.0,1
CHEMBL248,CC(=O)C1=C(C)N(c2cccc(C(F)(F)F)c2)C(=O)N(C)C1c1ccc(C#N)cc1-c1ccoc1,8.59,0.0,1
CHEMBL248,CC(=O)C1=C(C)N(c2cccc(C(F)(F)F)c2)C(=O)N(C)C1c1ccc(C#N)cc1-c1cnn(C)c1,8.96,0.0,1
CHEMBL248,CC(=O)C1=C(C)N(c2cccc(C(F)(F)F)c2)C(=O)N(C)C1c1ccc(C#N)cc1C(=O)N(C)Cc1cn[nH]c1,9.52,0.0,1
CHEMBL248,CC(=O)C1=C(C)N(c2cccc(C(F)(F)F)c2)C(=O)N(C)C1c1ccc(C#N)cc1C(=O)N1CC2CC1CN2,8.27,0.0,1
CHEMBL248,CC(=O)C1=C(C)N(c2cccc(C(F)(F)F)c2)C(=O)N(C)C1c1ccc(C#N)cc1C(=O)N1CCC(O)CC1,8.33,0.0,1
CHEMBL248,CC(=O)C1=C(C)N(c2cccc(C(F)(F)F)c2)C(=O)N(C)C1c1ccc(C#N)cc1C(=O)N1CCN(C(C)C)CC1,8.57,0.0,1
CHEMBL248,CC(=O)C1=C(C)N(c2cccc(C(F)(F)F)c2)C(=O)N(C)C1c1ccc(C#N)cc1C(=O)N1CCN(C2CC2)CC1,8.06,0.0,1
CHEMBL248,CC(=O)C1=C(C)N(c2cccc(C(F)(F)F)c2)C(=O)N(C)C1c1ccc(C#N)cc1C(=O)N1CCN2CCCC2C1,8.2,0.0,1
CHEMBL248,CC(=O)C1=C(C)N(c2cccc(C(F)(F)F)c2)C(=O)N(C)C1c1ccc(C#N)cc1C(=O)N1CCNC(C)C1,8.35,0.0,1
CHEMBL248,CC(=O)C1=C(C)N(c2cccc(C(F)(F)F)c2)C(=O)N(C)C1c1ccc(C#N)cc1C(=O)N1CCOCC1,8.65,0.0,1
CHEMBL248,CC(=O)C1=C(C)N(c2cccc(C(F)(F)F)c2)C(=O)N(C)C1c1ccc(C#N)cc1C(=O)N1CC[C@@H](N(C)C)C1,8.74,0.0,1
CHEMBL248,CC(=O)C1=C(C)N(c2cccc(C(F)(F)F)c2)C(=O)N(C)C1c1ccc(C#N)cc1C(=O)N1CCc2nocc2C1,8.55,0.0,1
CHEMBL248,CC(=O)C1=C(C)N(c2cccc(C(F)(F)F)c2)C(=O)N(C)C1c1ccc(C#N)cc1C(=O)N1Cc2ccncc2C1,8.77,0.0,1
CHEMBL248,CC(=O)C1=C(C)N(c2cccc(C(F)(F)F)c2)C(=O)N(C)C1c1ccc(C#N)cc1C(=O)NC(C)(C)C#N,8.74,0.0,1
CHEMBL248,CC(=O)C1=C(C)N(c2cccc(C(F)(F)F)c2)C(=O)N(C)C1c1ccc(C#N)cc1C(=O)NC(C)c1ccco1,8.85,0.0,1
CHEMBL248,CC(=O)C1=C(C)N(c2cccc(C(F)(F)F)c2)C(=O)N(C)C1c1ccc(C#N)cc1C(=O)NC12CC(C1)C2,9.0,0.0,1
CHEMBL248,CC(=O)C1=C(C)N(c2cccc(C(F)(F)F)c2)C(=O)N(C)C1c1ccc(C#N)cc1C(=O)NC1CCC(O)C1,8.96,0.0,1
CHEMBL248,CC(=O)C1=C(C)N(c2cccc(C(F)(F)F)c2)C(=O)N(C)C1c1ccc(C#N)cc1C(=O)NC1CCN(C(C)C)C1,8.92,0.0,1
CHEMBL248,CC(=O)C1=C(C)N(c2cccc(C(F)(F)F)c2)C(=O)N(C)C1c1ccc(C#N)cc1C(=O)NCC(C)(C)O,8.85,0.0,1
CHEMBL248,CC(=O)C1=C(C)N(c2cccc(C(F)(F)F)c2)C(=O)N(C)C1c1ccc(C#N)cc1C(=O)NCc1ccc(C#N)o1,8.89,0.0,1
CHEMBL248,CC(=O)C1=C(C)N(c2cccc(C(F)(F)F)c2)C(=O)N(C)C1c1ccc(C#N)cc1C(=O)NCc1ccccc1,9.0,0.0,1
CHEMBL248,CC(=O)C1=C(C)N(c2cccc(C(F)(F)F)c2)C(=O)N(C)C1c1ccc(C#N)cc1C(=O)O,8.41,0.0,1
CHEMBL248,CC(=O)C1=C(C)N(c2cccc(C(F)(F)F)c2)C(=O)N(C)C1c1ccc(C#N)cc1C1=CCN(C(=O)OC(C)(C)C)CC1,8.32,0.0,1
CHEMBL248,CC(=O)C1=C(C)N(c2cccc(C(F)(F)F)c2)C(=O)N(C)C1c1ccc(C#N)cc1C1=CN(C(=O)OC(C)(C)C)CC1,8.28,0.0,1
CHEMBL248,CC(=O)C1=C(C)N(c2cccc(C(F)(F)F)c2)C(=O)N(CC(=O)O)[C@@H]1c1ccc(C#N)cc1,8.46,0.0,1
CHEMBL248,CC(=O)C1=C(C)N(c2cccc(C(F)(F)F)c2)C(=O)NC1c1ccc(C#N)cc1-c1ccc(=O)n(C)c1,8.89,0.0,1
CHEMBL248,CC(=O)C1=C(C)N(c2cccc(C(F)(F)F)c2)C(=O)NC1c1ccc(C#N)cc1-c1ccoc1,8.34,0.0,1
CHEMBL248,CC(=O)C1=C(C)N(c2cccc(C(F)(F)F)c2)C(=O)NC1c1ccc(C#N)cc1-c1cn[nH]c1,8.8,0.0,1
CHEMBL248,CC(=O)C1=C(C)N(c2cccc(C(F)(F)F)c2)C(=O)NC1c1ccc(C#N)cc1-c1cnco1,8.89,0.0,1
CHEMBL248,CC(=O)C1=C(C)N(c2cccc(C(F)(F)F)c2)C(=O)NC1c1ccc(C#N)cc1-c1cnn(C)c1,8.64,0.0,1
CHEMBL248,CC(=O)C1=C(C)N(c2cccc(C(F)(F)F)c2)C(=O)N[C@@H]1c1ccc(C#N)cc1,7.89,0.0,1
CHEMBL248,CC(=O)C1=C(C)N(c2cccc(C(F)(F)F)c2)C(=O)N[C@@H]1c1ccc(C#N)cc1S(C)(=O)=O,8.0,0.0,1
CHEMBL248,CC(=O)C1=C(C)N(c2cccc(C(F)(F)F)c2)C(=O)N[C@@H]1c1ccc(C#N)nc1,7.76,0.08485281374238547,2
CHEMBL248,CC(=O)N(C)[C@@H]1CCN(C(=O)c2cc(C#N)ccc2C2C3=C(CCC3=O)N(c3cccc(C(F)(F)F)c3)C(=O)N2C)C1,8.59,0.0,1
CHEMBL248,CC(=O)N(C)[C@H]1CCN(C(=O)c2cc(C#N)ccc2C2C3=C(CCC3=O)N(c3cccc(C(F)(F)F)c3)C(=O)N2C)C1,8.64,0.0,1
CHEMBL248,CC(=O)N1CCN(C(=O)CN2C(=O)N(c3cccc(C(F)(F)F)c3)C3=C(C(=O)CC3)C2c2ccc(C#N)cc2)CC1,8.54,0.0,1
CHEMBL248,CC(=O)N1CCN(C(=O)c2cc(C#N)ccc2C2C3=C(CCC3=O)N(c3cccc(C(F)(F)F)c3)C(=O)N2C)CC1,8.34,0.0,1
CHEMBL248,CC(=O)NC(C)(C)C(=O)Oc1ccc(C(=O)c2ccccc2)cc1,4.72,0.0,1
CHEMBL248,CC(=O)NCCCNC(=O)CN1C(=O)N(c2cccc(C(F)(F)F)c2)C2=C(C(=O)CC2)C1c1ccc(C#N)cc1,7.77,0.0,1
CHEMBL248,CC(=O)N[C@@H]1CCN(C(=O)c2cc(C#N)ccc2C2C3=C(CCC3=O)N(c3cccc(C(F)(F)F)c3)C(=O)N2C)C1,8.89,0.0,1
CHEMBL248,CC(=O)N[C@H]1CCN(C(=O)c2cc(C#N)ccc2C2C3=C(CCC3=O)N(c3cccc(C(F)(F)F)c3)C(=O)N2C)C1,8.66,0.0,1
CHEMBL248,CC(=O)OCC1=C(C(=O)OC(C)(C)C)N2C(=O)[C@@H](C(C)=O)C2S(=O)(=O)C1,6.97,0.0,1
CHEMBL248,CC(=O)OCC1=C(C(=O)OC(C)(C)C)N2C(=O)[C@@H](C)[C@@H]2S(=O)(=O)C1,6.97,0.0,1
CHEMBL248,CC(=O)OCC1=C(C(=O)OC(C)(C)C)N2C(=O)[C@H](Cl)[C@H]2S(=O)(=O)C1,7.4,0.0,1
CHEMBL248,CC(=O)OCC1=C(C(=O)OC(C)(C)C)N2C(=O)[C@H](Cl)[C@H]2SC1,5.7,0.0,1
CHEMBL248,CC(=O)OCC1=C(C(=O)OC(C)(C)C)N2C(=O)[C@H](F)[C@H]2S(=O)(=O)C1,7.22,0.0,1
CHEMBL248,CC(=O)OCC1=C(C(=O)OC(C)(C)C)N2C(=O)[C@H](F)[C@H]2SC1,4.7,0.0,1
CHEMBL248,CC(=O)OCC1=C(C(=O)OC(C)(C)C)N2C(=O)[C@H](NC(=O)C(F)(F)F)[C@H]2S(=O)(=O)C1,5.7,0.0,1
CHEMBL248,CC(=O)OCC1=C(C(=O)OC(C)(C)C)N2C(=O)[C@H](NC=O)[C@H]2S(=O)(=O)C1,5.4,0.0,1
CHEMBL248,CC(=O)OCC1=C(C(=O)OC(C)(C)C)N2C(=O)[C@H](OC(=O)COc3ccccc3)[C@H]2S(=O)(=O)C1,5.22,0.0,1
CHEMBL248,CC(=O)OCC1=C(C(=O)OC(C)(C)C)N2C(=O)[C@H](OC(=O)Cc3ccccc3)[C@H]2S(=O)(=O)C1,5.0,0.0,1
CHEMBL248,CC(=O)OCC1=C(C(=O)OC(C)(C)C)N2C(=O)[C@H](OC(C)=O)[C@H]2S(=O)(=O)C1,5.22,0.0,1
CHEMBL248,CC(=O)OCC1=C(C(=O)OC(C)(C)C)N2C(=O)[C@H](OC(C)=O)[C@H]2SC1,4.4,0.0,1
CHEMBL248,CC(=O)OCC1=C(C(=O)OC(C)(C)C)N2C(=O)[C@H](OC(C)C)[C@H]2S(=O)(=O)C1,4.52,0.0,1
CHEMBL248,CC(=O)OCC1=C(C(=O)OC(C)(C)C)N2C(=O)[C@H](OC=O)[C@H]2S(=O)(=O)C1,6.52,0.0,1
CHEMBL248,CC(=O)OCC1=C(C(=O)OC(C)(C)C)N2C(=O)[C@H](OC=O)[C@H]2SC1,5.0,0.0,1
CHEMBL248,CC(=O)OCC1=C(C(=O)OC(C)(C)C)N2C(=O)[C@H](OCCc3ccccc3)[C@H]2S(=O)(=O)C1,5.3,0.0,1
CHEMBL248,CC(=O)OCC1=C(C(=O)OC(C)(C)C)N2C(=O)[C@H](Oc3ccccc3)[C@H]2S(=O)(=O)C1,6.0,0.0,1
CHEMBL248,CC(=O)OCc1nn(C(=O)c2cccc(C)c2)c2ccccc12,5.19,0.0,1
CHEMBL248,CC(=O)O[C@@H]1C[C@@H](C(=O)NC(C(C)C)P(=O)(Oc2ccccc2)Oc2ccccc2)N(C(=O)[C@@H](NC(=O)OC(C)(C)C)C(C)(C)C)C1,5.63,0.0,1
CHEMBL248,CC(=O)O[C@H]1C(=O)N2[C@@H](C(=O)OCc3ccccc3)C(C)(C)S(=O)(=O)[C@H]12,6.7,0.0,1
CHEMBL248,CC(=O)O[C@H]1C(=O)N2[C@@H](C(=O)OCc3ccccc3)C(C)(C)[S+]([O-])[C@@H]12,5.3,0.0,1
CHEMBL248,CC(=O)O[C@H]1C(=O)N2[C@@H]1SC(C)(C)[C@@H]2C(=O)OCc1ccccc1,5.0,0.0,1
CHEMBL248,CC(=O)Oc1cc(OC(C)=O)c2c(c1)C(=O)c1cc(C)cc(OC(C)=O)c1C2=O,4.89,0.0,1
CHEMBL248,CC(=O)Oc1cc(OC(C)=O)c2c(c1)C(=O)c1ccc(C)c(OC(C)=O)c1C2=O,4.92,0.0,1
CHEMBL248,CC(=O)Oc1ccc(C(=O)c2ccccc2)cc1,4.8,0.0,1
CHEMBL248,CC(=O)Oc1ccc2c(c1)c1c(=O)oc(=O)[nH]c1n2CCc1ccccc1,4.04,0.0,1
CHEMBL248,CC(=O)Oc1ccc2c(c1)c1c(=O)oc(=O)[nH]c1n2Cc1ccccc1,4.12,0.0,1
CHEMBL248,CC(=O)c1ccccc1NS(=O)(=O)c1ccc(OC(=O)C(C)(C)C)cc1,6.96,0.0,1
CHEMBL248,CC(=O)n1[se]c2ccccc2c1=O,5.11,0.0,1
CHEMBL248,CC(=O)n1cc(C#N)c2cccnc21,5.62,0.0,1
CHEMBL248,CC(=O)n1nc(C(=O)Nc2cccc(C)c2)c2cccnc21,4.6,0.0,1
CHEMBL248,CC(C(=O)NCCO)N1C(=O)N(c2cccc(C(F)(F)F)c2)C2=C(C(=O)CC2)C1c1ccc(C#N)cc1,8.04,0.0,1
CHEMBL248,CC(C(=O)O)c1cc(C(=O)c2ccccc2)ccc1OC(=O)C(C)(C)C,4.92,0.0,1
CHEMBL248,CC(C)(C(=O)O)C(=O)Oc1ccc(C(=O)c2ccccc2)cc1,5.22,0.0,1
CHEMBL248,CC(C)(C)C(=O)OCc1cc(=O)c(OC(=O)C(C)(C)C)co1,4.44,0.0,1
CHEMBL248,CC(C)(C)C(=O)Oc1cc(C(=O)OCc2cc(=O)c(OC(=O)C(C)(C)C)co2)cc(OC(=O)C(C)(C)C)c1OC(=O)C(C)(C)C,7.0,0.0,1
CHEMBL248,CC(C)(C)C(=O)Oc1cc(C(=O)c2ccc(OC(=O)C(C)(C)C)c(OC(=O)C(C)(C)C)c2OC(=O)C(C)(C)C)cc(OC(=O)C(C)(C)C)c1OC(=O)C(C)(C)C,6.44,0.0,1
CHEMBL248,CC(C)(C)C(=O)Oc1ccc(/N=N/c2ccc(OC(=O)C(C)(C)C)cc2)cc1,6.89,0.0,1
CHEMBL248,CC(C)(C)C(=O)Oc1ccc(C(=O)OCc2cc(=O)c(OC(=O)C(C)(C)C)co2)c(OC(=O)C(C)(C)C)c1,7.57,0.0,1
CHEMBL248,CC(C)(C)C(=O)Oc1ccc(C(=O)OCc2cc(=O)c(OC(=O)C(C)(C)C)co2)cc1,6.7,0.0,1
CHEMBL248,CC(C)(C)C(=O)Oc1ccc(C(=O)c2ccc(Cl)cc2)cc1,6.85,0.0,1
CHEMBL248,CC(C)(C)C(=O)Oc1ccc(C(=O)c2ccc(O)cc2)cc1,5.57,0.0,1
CHEMBL248,CC(C)(C)C(=O)Oc1ccc(C(=O)c2ccc(OC(=O)C(C)(C)C)cc2)cc1,6.92,0.0,1
CHEMBL248,CC(C)(C)C(=O)Oc1ccc(C(=O)c2ccc(OC(=O)C(C)(C)C)cc2OC(=O)C(C)(C)C)c(OC(=O)C(C)(C)C)c1,7.57,0.0,1
CHEMBL248,CC(C)(C)C(=O)Oc1ccc(C(=O)c2ccc(OC(=O)C(C)(C)C)cc2OC(=O)C(C)(C)C)cc1,7.26,0.0,1
CHEMBL248,CC(C)(C)C(=O)Oc1ccc(C(=O)c2ccccc2)c(OC(=O)C(C)(C)C)c1,7.08,0.0,1
CHEMBL248,CC(C)(C)C(=O)Oc1ccc(C(=O)c2ccccc2)cc1,6.21,0.0,1
CHEMBL248,CC(C)(C)C(=O)Oc1ccc(C(=O)c2ccccc2)cc1CCC(=O)O,6.77,0.0,1
CHEMBL248,CC(C)(C)C(=O)Oc1ccc(C(=O)c2ccccc2)cc1CCCO,6.46,0.0,1
CHEMBL248,CC(C)(C)C(=O)Oc1ccc(C(O)c2ccc(OC(=O)C(C)(C)C)cc2)cc1,5.82,0.0,1
CHEMBL248,CC(C)(C)C(=O)Oc1ccc(C(OC(=O)CCC(=O)[O-])c2ccc(OC(=O)C(C)(C)C)cc2)cc1,5.52,0.0,1
CHEMBL248,CC(C)(C)C(=O)Oc1ccc(Cc2ccc(OC(=O)C(C)(C)C)cc2)cc1,6.34,0.0,1
CHEMBL248,CC(C)(C)C(=O)Oc1ccc(Oc2ccc(OC(=O)C(C)(C)C)cc2)cc1,6.35,0.0,1
CHEMBL248,CC(C)(C)C(=O)Oc1ccc(S(=O)(=O)Nc2ccccc2/C=N/O)cc1,7.1,0.0,1
CHEMBL248,CC(C)(C)C(=O)Oc1ccc(S(=O)(=O)Nc2ccccc2/C=N\O)cc1,6.41,0.0,1
CHEMBL248,CC(C)(C)C(=O)Oc1ccc(S(=O)(=O)Nc2ccccc2C(=O)NCC(=O)O)cc1,6.5675,1.4768088182680539,8
CHEMBL248,CC(C)(C)C(=O)Oc1ccc(S(=O)(=O)Nc2ccccc2C(=O)NCC(=O)[O-])cc1,7.33,0.0424264068711932,2
CHEMBL248,CC(C)(C)C(=O)Oc1ccc(S(=O)(=O)Nc2ccccc2C(=O)NCCO)cc1,6.89,0.0,1
CHEMBL248,CC(C)(C)C(=O)Oc1ccc(S(=O)(=O)Nc2ccccc2C(=O)OCCO)cc1,6.54,0.0,1
CHEMBL248,CC(C)(C)C(=O)Oc1ccc(S(=O)(=O)Nc2ccccc2C=O)cc1,6.92,0.0,1
CHEMBL248,CC(C)(C)C(=O)Oc1ccc(S(=O)(=O)c2ccc(O)cc2)cc1,5.75,0.0,1
CHEMBL248,CC(C)(C)C(=O)Oc1ccc(S(=O)(=O)c2ccc(OC(=O)C(C)(C)C)cc2)cc1,7.08,0.0,1
CHEMBL248,CC(C)(C)C(=O)Oc1ccc(S(=O)(=O)n2[se]c3ccccc3c2=O)cc1,5.57,0.0,1
CHEMBL248,CC(C)(C)C(=O)Oc1ccccc1C(=O)OCc1cc(=O)c(OC(=O)C(C)(C)C)co1,5.27,0.0,1
CHEMBL248,CC(C)(C)C(=O)Oc1ccccc1C(=O)c1ccccc1,5.0,0.0,1
CHEMBL248,CC(C)(C)C(=O)Oc1ccccc1C(=O)c1ccccc1OC(=O)C(C)(C)C,5.1,0.0,1
CHEMBL248,CC(C)(C)C(=O)Oc1cn(-c2ccccc2)c(CSc2nc3cc(C(=O)O)ccc3o2)cc1=O,7.1,0.0,1
CHEMBL248,CC(C)(C)C(=O)Oc1cn(-c2ccccc2)c(CSc2nc3ccccc3o2)cc1=O,5.92,0.0,1
CHEMBL248,CC(C)(C)C(=O)Oc1cn(-c2ccccc2)c(CSc2nc3ccccc3s2)cc1=O,6.02,0.0,1
CHEMBL248,CC(C)(C)C(=O)Oc1coc(COC(=O)c2ccc(-c3ccccc3)cc2)cc1=O,5.72,0.0,1
CHEMBL248,CC(C)(C)C(=O)Oc1coc(COC(c2ccccc2)(c2ccccc2)c2ccccc2)cc1=O,6.0,0.0,1
CHEMBL248,CC(C)(C)C(=O)Oc1coc(COC2CCOCC2)cc1=O,4.37,0.0,1
CHEMBL248,CC(C)(C)C(=O)Oc1coc(CSc2nc3cc(C(=O)O)ccc3o2)cc1=O,6.75,0.0,1
CHEMBL248,CC(C)(C)C(=O)Oc1coc(CSc2nc3ccccc3o2)cc1=O,6.17,0.0,1
CHEMBL248,CC(C)(C)C(=O)Oc1coc(CSc2nc3ccccc3s2)cc1=O,6.96,0.0,1
CHEMBL248,CC(C)(C)C(=O)Oc1coc(CSc2nnc(-c3ccccc3)s2)cc1=O,5.39,0.0,1
CHEMBL248,CC(C)(C)C(=O)Oc1coc(CSc2nnc(NC(=O)c3ccccc3)s2)cc1=O,6.35,0.0,1
CHEMBL248,CC(C)(C)C(=O)n1[se]c2ccccc2c1=O,5.75,0.0,1
CHEMBL248,CC(C)(C)NC(=O)N[C@H](C(=O)N1C[C@H]2[C@@H]([C@H]1C(=O)NC(CC1CCC1)C(=O)C(N)=O)C2(C)C)C(C)(C)C,4.77,0.0,1
CHEMBL248,CC(C)(C)OC(=O)Oc1ccc(C(=O)c2ccc(OC(=O)OC(C)(C)C)cc2)cc1,6.05,0.0,1
CHEMBL248,CC(C)(CS(=O)(=O)c1ccc(OC(=O)C(C)(C)c2ccc(C(C)(C)C(=O)Oc3ccc(S(=O)(=O)CC(C)(C)C(=O)O)cc3)cc2)cc1)C(=O)O,8.52,0.0,1
CHEMBL248,CC(C)(O)CCCC1(C)CCc2c(cc3c(c2O)C(=O)C[C@@H](c2ccc(O)c(O)c2)O3)O1,5.08,0.0,1
CHEMBL248,CC(C)(O)CCCC1(C)CCc2c(cc3c(c2O)C(=O)[C@H](O)[C@@H](c2ccc(O)c(O)c2)O3)O1,4.45,0.0,1
CHEMBL248,CC(C)(O)CNC(=O)N1C(=O)N(c2cccc(C(F)(F)F)c2)C2=C(C(=O)CC2)C1c1ccc(C#N)cc1,8.85,0.0,1
CHEMBL248,CC(C)(O)CNC(=O)N1C(=O)N(c2cccc(C(F)(F)F)c2)C2=C(C(=O)CC2)[C@@H]1c1ccc(C#N)cc1,7.395,0.007071067811866266,2
CHEMBL248,CC(C)(O)CNC(=O)N1C(=O)N(c2cccc(C(F)(F)F)c2)C2=C(C(=O)CC2)[C@H]1c1ccc(C#N)cc1,9.3,0.0,1
CHEMBL248,CC(C)(O)CNC(=O)N1C(=O)N(c2ccnc(C(F)(F)F)c2)C2=C(C(=O)CC2)C1c1ccc(C#N)cc1,8.21,0.0,1
CHEMBL248,CC(C)=CCC/C(C)=C/Cc1c(O)cc2c(c1O)C(=O)C[C@@H](c1ccc(O)c(O)c1)O2,4.64,0.0,1
CHEMBL248,CC(C)C(=O)Oc1ccc(C(=O)c2ccc(OC(=O)C(C)C)cc2)cc1,6.82,0.0,1
CHEMBL248,CC(C)C(=O)Oc1ccc(C(=O)c2ccccc2)cc1,6.6,0.0,1
CHEMBL248,CC(C)C(=O)n1[se]c2ccccc2c1=O,5.92,0.0,1
CHEMBL248,CC(C)C(NC(=O)C1CCCN1C(=O)[C@@H](NC(=O)OC(C)(C)C)C(C)C)C(=O)C(F)(F)F,7.19,0.0,1
CHEMBL248,CC(C)C(NC(=O)C1Cc2ccccc2CN1C(=O)[C@@H](NC(=O)OCc1ccccc1)C(C)C)C(=O)C(F)(F)F,6.885,0.36062445840513907,2
CHEMBL248,CC(C)C(NC(=O)C1Cc2ccccc2CN1C(=O)[C@@H](NC(=O)c1ccc(C(=O)NS(=O)(=O)c2ccc(Cl)cc2)cc1)C(C)C)C(=O)C(F)(F)F,6.96,0.0,1
CHEMBL248,CC(C)C(NC(=O)CN(C(=O)[C@@H](NC(=O)OCc1ccccc1)C(C)C)C1CCCC1)C(=O)C(F)(F)F,6.81,0.0,1
CHEMBL248,CC(C)C(NC(=O)CN(C(=O)[C@@H](NC(=O)OCc1ccccc1)C(C)C)C1Cc2ccccc2C1)C(=O)C(F)(F)F,6.44,0.0,1
CHEMBL248,CC(C)C(NC(=O)CN(C(=O)[C@@H](NC(=O)c1ccc(C(=O)NS(=O)(=O)c2ccc(Br)cc2)cc1)C(C)C)C1Cc2ccccc2C1)C(=O)C(F)(F)F,6.83,0.0,1
CHEMBL248,CC(C)C(NC(=O)CN(C(=O)[C@@H](NC(=O)c1ccc(C(=O)NS(=O)(=O)c2ccc(Cl)cc2)cc1)C(C)C)C1CC2CCC1C2)C(=O)C(F)(F)F,7.21,0.0,1
CHEMBL248,CC(C)C(NC(=O)CN(C(=O)[C@@H](NC(=O)c1ccc(C(=O)NS(=O)(=O)c2ccc(Cl)cc2)cc1)C(C)C)C1CCCC1)C(=O)C(F)(F)F,7.04,0.0,1
CHEMBL248,CC(C)C(NC(=O)CN(C(=O)[C@@H](NC(=O)c1ccc(C(=O)NS(=O)(=O)c2ccc(Cl)cc2)cc1)C(C)C)C1CCCCCC1)C(=O)C(F)(F)F,6.76,0.0,1
CHEMBL248,CC(C)C(NC(=O)CN(C(=O)[C@@H](NC(=O)c1ccc(C(=O)NS(=O)(=O)c2ccc(Cl)cc2)cc1)C(C)C)C1CCCCCCC1)C(=O)C(F)(F)F,7.17,0.0,1
CHEMBL248,CC(C)C(NC(=O)CN(C(=O)[C@@H](NC(=O)c1ccc(C(=O)NS(=O)(=O)c2ccc(Cl)cc2)cc1)C(C)C)C1Cc2ccccc2C1)C(=O)C(F)(F)F,7.08,0.0,1
CHEMBL248,CC(C)C(NC(=O)CN(C(=O)[C@H](C(C)C)N(C)C(=O)OCc1ccccc1)C1Cc2ccccc2C1)C(=O)C(F)(F)F,5.81,0.0,1
CHEMBL248,CC(C)C(NC(=O)CN(C)C(=O)[C@@H](NC(=O)OCc1ccccc1)C(C)C)C(=O)C(F)(F)F,6.82,0.0,1
CHEMBL248,CC(C)C(NC(=O)CN(C)C(=O)[C@@H](NC(=O)c1ccc(C(=O)NS(=O)(=O)c2ccc(Cl)cc2)cc1)C(C)C)C(=O)C(F)(F)F,7.28,0.0,1
CHEMBL248,CC(C)C(NC(=O)CN(CC1CCCO1)C(=O)[C@@H](NC(=O)c1ccc(C(=O)NS(=O)(=O)c2ccc(Cl)cc2)cc1)C(C)C)C(=O)C(F)(F)F,7.52,0.0,1
CHEMBL248,CC(C)C(NC(=O)CN(Cc1ccccc1)C(=O)[C@@H](NC(=O)c1ccc(C(=O)NS(=O)(=O)c2ccc(Cl)cc2)cc1)C(C)C)C(=O)C(F)(F)F,6.66,0.0,1
CHEMBL248,CC(C)C(NC(=O)CN(Cc1ccco1)C(=O)[C@@H](NC(=O)c1ccc(C(=O)NS(=O)(=O)c2ccc(Cl)cc2)cc1)C(C)C)C(=O)C(F)(F)F,6.86,0.0,1
CHEMBL248,CC(C)C(NC(=O)CN1C(=O)[C@@H](NC(=O)c2ccc(C(=O)NS(=O)(=O)c3ccc(Cl)cc3)cc2)C[S+]([O-])c2ccccc21)C(=O)C(F)(F)F,5.1899999999999995,0.02828427124746224,2
CHEMBL248,CC(C)C(NC(=O)CNC(=O)[C@@H](NC(=O)OC(C)(C)C)C(C)C)C(=O)C(F)(F)F,6.82,0.0,1
CHEMBL248,CC(C)C(NC(=O)CNC(=O)[C@@H](NC(=O)c1ccc(C(=O)NS(=O)(=O)c2ccc(Cl)cc2)cc1)C(C)C)C(=O)C(F)(F)F,7.14,0.0,1
CHEMBL248,CC(C)C(NC(=O)[C@@H]1CC2CCCCC2N1C(=O)[C@@H](CCCCNC(=O)CCCSc1cc(C(C)(C)C)c(O)c(C(C)(C)C)c1)NC(=O)c1ccc(C(=O)NS(=O)(=O)c2ccc(Cl)cc2)cc1)C(=O)C(F)(F)F,7.08,0.0,1
CHEMBL248,CC(C)C(NC(=O)[C@@H]1CC2CCCCC2N1C(=O)[C@@H](CCCCNC(=O)Cc1cc(C(C)(C)C)c(O)c(C(C)(C)C)c1)NC(=O)c1ccc(C(=O)NS(=O)(=O)c2ccc(Cl)cc2)cc1)C(=O)C(F)(F)F,7.16,0.0,1
CHEMBL248,CC(C)C(NC(=O)[C@@H]1CC2CCCCC2N1C(=O)[C@@H](CSc1cc(C(C)(C)C)c(O)c(C(C)(C)C)c1)NC(=O)c1ccc(C(=O)NS(=O)(=O)c2ccc(Cl)cc2)cc1)C(=O)C(F)(F)F,7.23,0.0,1
CHEMBL248,CC(C)C(NC(=O)[C@@H]1CCCCN1C(=O)[C@@H](NC(=O)OC(C)(C)C)C(C)(C)C)P(=O)(Oc1ccccc1)Oc1ccccc1,5.35,0.0,1
CHEMBL248,CC(C)C(NC(=O)[C@@H]1CCCN1C(=O)[C@@H](NC(=O)OC(C)(C)C)C(C)(C)C)P(=O)(Oc1ccccc1)Oc1ccccc1,5.845,0.45961940777125615,2
CHEMBL248,CC(C)C(NC(=O)[C@@H]1CCCN1C(=O)[C@@H](NC(=O)OC(C)(C)C)C(C)C)C(=O)c1nc2ccccc2s1,5.58,0.0,1
CHEMBL248,CC(C)C(NC(=O)[C@@H]1CCCN1C(=O)[C@@H](NC(=O)OC(C)(C)C)C(C)C)P(=O)(Oc1ccccc1)Oc1ccccc1,6.01,0.09899494936611612,2
CHEMBL248,CC(C)C(NC(=O)[C@@H]1CCCN1C(=O)[C@@H](NC(=O)c1ccc(C(=O)NS(=O)(=O)c2ccc(Cl)cc2)cc1)C(C)C)C(=O)C(F)(F)F,7.47,0.0,1
CHEMBL248,CC(C)C(NC(=O)[C@@H]1C[C@@H](C2CCCCC2)CN1C(=O)[C@@H](NC(=O)OC(C)(C)C)C(C)(C)C)P(=O)(Oc1ccccc1)Oc1ccccc1,5.42,0.0,1
CHEMBL248,CC(C)C(NC(=O)[C@@H]1C[C@@H](O)CN1C(=O)[C@@H](NC(=O)OC(C)(C)C)C(C)(C)C)P(=O)(Oc1ccccc1)Oc1ccccc1,5.67,0.0,1
CHEMBL248,CC(C)C(NC(=O)[C@@H]1C[C@@H](OC(=O)CCN)CN1C(=O)[C@@H](NC(=O)OC(C)(C)C)C(C)(C)C)P(=O)(Oc1ccccc1)Oc1ccccc1,5.92,0.0,1
CHEMBL248,CC(C)C(NC(=O)[C@@H]1C[C@@H](OC(=O)CN)CN1C(=O)[C@@H](NC(=O)OC(C)(C)C)C(C)(C)C)P(=O)(Oc1ccccc1)Oc1ccccc1,5.57,0.0,1
CHEMBL248,CC(C)C(NC(=O)[C@@H]1C[C@@H](c2ccccc2)CN1C(=O)[C@@H](NC(=O)OC(C)(C)C)C(C)(C)C)P(=O)(Oc1ccccc1)Oc1ccccc1,5.86,0.0,1
CHEMBL248,CC(C)C(NC(=O)[C@@H]1C[C@@H](n2cc(C(C)(C)O)nn2)CN1C(=O)[C@@H](NC(=O)OC(C)(C)C)C(C)(C)C)P(=O)(Oc1ccccc1)Oc1ccccc1,5.51,0.0,1
CHEMBL248,CC(C)C(NC(=O)[C@@H]1C[C@@H](n2cc(C(N)=O)nn2)CN1C(=O)[C@@H](NC(=O)OC(C)(C)C)C(C)(C)C)P(=O)(Oc1ccccc1)Oc1ccccc1,5.54,0.0,1
CHEMBL248,CC(C)C(NC(=O)[C@@H]1C[C@@H](n2cc(CO)nn2)CN1C(=O)[C@@H](NC(=O)OC(C)(C)C)C(C)(C)C)P(=O)(Oc1ccccc1)Oc1ccccc1,5.97,0.0,1
CHEMBL248,CC(C)C(NC(=O)[C@@H]1C[C@@H](n2nnc(O)c2O)CN1C(=O)[C@@H](NC(=O)OC(C)(C)C)C(C)(C)C)P(=O)(Oc1ccccc1)Oc1ccccc1,5.64,0.0,1
CHEMBL248,CC(C)C(NC(=O)[C@@H]1C[C@@H](n2nncc2C(C)(C)O)CN1C(=O)[C@@H](NC(=O)OC(C)(C)C)C(C)(C)C)P(=O)(Oc1ccccc1)Oc1ccccc1,5.75,0.0,1
CHEMBL248,CC(C)C(NC(=O)[C@@H]1C[C@@H](n2nncc2C(N)=O)CN1C(=O)[C@@H](NC(=O)OC(C)(C)C)C(C)(C)C)P(=O)(Oc1ccccc1)Oc1ccccc1,5.79,0.0,1
CHEMBL248,CC(C)C(NC(=O)[C@@H]1C[C@H](n2cc(CO)nn2)CN1C(=O)[C@@H](NC(=O)OC(C)(C)C)C(C)(C)C)P(=O)(Oc1ccccc1)Oc1ccccc1,5.86,0.0,1
CHEMBL248,CC(C)C(NC(=O)[C@@H]1C[C@H](n2nnc(O)c2O)CN1C(=O)[C@@H](NC(=O)OC(C)(C)C)C(C)(C)C)P(=O)(Oc1ccccc1)Oc1ccccc1,5.88,0.0,1
CHEMBL248,CC(C)C(NC(=O)[C@@H]1C[C@H](n2nncc2C(C)(C)O)CN1C(=O)[C@@H](NC(=O)OC(C)(C)C)C(C)(C)C)P(=O)(Oc1ccccc1)Oc1ccccc1,5.53,0.0,1
CHEMBL248,CC(C)C(NC(=O)[C@H]1CCCN1C(=O)[C@@H](NC(=O)OC(C)(C)C)C(C)C)C(=O)C(F)(F)F,6.76,0.0,1
CHEMBL248,CC(C)C(NC(=O)c1ccc(C(=O)NS(=O)(=O)c2ccc(Br)cc2)cc1)C(=O)N1CCC[C@H]1C(=O)N[C@H](C(=O)C(F)(F)F)C(C)C,7.42,0.0,1
CHEMBL248,CC(C)C(NC(=O)c1ccc(C(=O)NS(=O)(=O)c2ccc(Cl)cc2)cc1)C(=O)N1C2CCC(CC2)[C@@H]1C(=O)NC(C(=O)C(F)(F)F)C(C)C,7.82,0.0,1
CHEMBL248,CC(C)C(NC(=O)c1ccc(C(=O)NS(=O)(=O)c2ccc(Cl)cc2)cc1)C(=O)N1C2CCCCC2C[C@@H]1C(=O)NC(C(=O)C(F)(F)F)C(C)C,7.75,0.0,1
CHEMBL248,CC(C)C(NC(=O)c1ccc(CCSc2cc(C(C)(C)C)c(O)c(C(C)(C)C)c2)cc1)C(=O)N1C2CCC(CC2)[C@@H]1C(=O)NC(C(=O)C(F)(F)F)C(C)C,7.62,0.0,1
CHEMBL248,CC(C)C(NC(=O)c1ccc(Cl)c(S(=O)(=O)NC(=O)CSc2cc(C(C)(C)C)c(O)c(C(C)(C)C)c2)c1)C(=O)N1[C@@H](C(=O)NC(C(=O)C(F)(F)F)C(C)C)C[C@H]2CCCC[C@H]21,7.34,0.0,1
CHEMBL248,CC(C)C(NC(=O)c1ccc(S(=O)(=O)NC(=O)/C=C/c2cc(C(C)(C)C)c(O)c(C(C)(C)C)c2)cc1)C(=O)N1[C@@H](C(=O)NC(C(=O)C(F)(F)F)C(C)C)C[C@H]2CCCC[C@H]21,7.42,0.0,1
CHEMBL248,CC(C)C(NC(=O)c1ccc(S(=O)(=O)NC(=O)CSc2cc(C(C)(C)C)c(O)c(C(C)(C)C)c2)cc1)C(=O)N1[C@@H](C(=O)NC(C(=O)C(F)(F)F)C(C)C)C[C@H]2CCCC[C@H]21,7.37,0.0,1
CHEMBL248,CC(C)C(NC(=O)c1ccc(S(=O)(=O)NC(=O)Cc2cc(C(C)(C)C)c(O)c(C(C)(C)C)c2)cc1)C(=O)N1C2CCC(CC2)[C@@H]1C(=O)NC(C(=O)C(F)(F)F)C(C)C,7.52,0.0,1
CHEMBL248,CC(C)C(NC(=O)c1ccc(S(=O)(=O)NC(=O)Cc2cc(C(C)(C)C)c(O)c(C(C)(C)C)c2)cc1)C(=O)N1[C@@H](C(=O)NC(C(=O)C(F)(F)F)C(C)C)C[C@H]2CCCC[C@H]21,7.42,0.0,1
CHEMBL248,CC(C)C(NC(=O)c1ccc(S(=O)(=O)NC(=O)c2cc(C(C)(C)C)c(O)c(C(C)(C)C)c2)cc1)C(=O)N1[C@@H](C(=O)NC(C(=O)C(F)(F)F)C(C)C)C[C@H]2CCCC[C@H]21,7.44,0.0,1
CHEMBL248,CC(C)C(NC(=O)c1ccc(S(=O)(=O)NC(=O)c2cc(C(C)(C)C)c(OC(=O)c3cc(C(C)(C)C)c(O)c(C(C)(C)C)c3)c(C(C)(C)C)c2)cc1)C(=O)N1[C@@H](C(=O)NC(C(=O)C(F)(F)F)C(C)C)C[C@H]2CCCC[C@H]21,7.34,0.0,1
CHEMBL248,CC(C)C(NC(=O)c1ccc(S(=O)(=O)NC(=O)c2ccc(CCSc3cc(C(C)(C)C)c(O)c(C(C)(C)C)c3)cc2)cc1)C(=O)N1[C@@H](C(=O)NC(C(=O)C(F)(F)F)C(C)C)C[C@H]2CCCC[C@H]21,7.4,0.0,1
CHEMBL248,CC(C)C(NC(=O)c1ccc(S(=O)(=O)NC(=O)c2ccc(Cl)c(S(=O)(=O)NC(=O)CSc3cc(C(C)(C)C)c(O)c(C(C)(C)C)c3)c2)cc1)C(=O)N1[C@@H](C(=O)NC(C(=O)C(F)(F)F)C(C)C)C[C@H]2CCCC[C@H]21,7.58,0.0,1
CHEMBL248,CC(C)C(NC(=O)c1ccc(S(=O)(=O)NC(=O)c2ccc(Cl)c(S(=O)(=O)NC(=O)Cc3cc(C(C)(C)C)c(O)c(C(C)(C)C)c3)c2)cc1)C(=O)N1[C@@H](C(=O)NC(C(=O)C(F)(F)F)C(C)C)C[C@H]2CCCC[C@H]21,7.47,0.0,1
CHEMBL248,CC(C)C(NC(=O)c1ccc(S(=O)(=O)NC(=O)c2ccc(Cl)cc2)cc1)C(=O)N1C2CCC(CC2)[C@@H]1C(=O)NC(C(=O)C(F)(F)F)C(C)C,7.62,0.0,1
CHEMBL248,CC(C)C(NCCN(C(=O)[C@@H](NC(=O)c1ccc(C(=O)NS(=O)(=O)c2ccc(Cl)cc2)cc1)C(C)C)C1Cc2ccccc2C1)C(=O)C(F)(F)F,5.3,0.0,1
CHEMBL248,CC(C)C1C(=O)N2C(C(=O)OCc3ccccc3)=C(CSc3nnnn3C)S[C@H]12,6.16,0.0,1
CHEMBL248,CC(C)C1C(=O)N2C(C(=O)OCc3ccccc3)=C(Cc3ccccc3)S[C@H]12,6.22,0.0,1
CHEMBL248,CC(C)C1C(=O)N2C(C(=O)OCc3ccccc3)=C(c3ccccc3)S[C@H]12,6.0,0.0,1
CHEMBL248,CC(C)CC(=O)NCC(F)(F)C(=O)C(CC1CCCCC1)NC(=O)[C@@H](NC(=O)[C@H](Cc1ccccc1)NC(=O)OC(C)(C)C)C(C)C,8.46,0.0,1
CHEMBL248,CC(C)CCC[C@H](NC(=O)[C@H]1CCCN1C(=O)[C@@H](NC(=O)[C@@H](NC(=O)[C@H](CCC(=O)O)NC(=O)[C@@H](N)CC(=O)O)C(C)C)C(C)C)B1O[C@@H]2C[C@@H]3C[C@@H](C3(C)C)[C@]2(C)O1,5.14,0.0,1
CHEMBL248,CC(C)CCOc1cccc2oc(C(=O)[C@@H](NC(=O)OCc3ccccc3)C(C)C)nc12,5.11,0.0,1
CHEMBL248,CC(C)CCOc1cccc2oc(C(=O)[C@@H](NC(=O)[C@H]3CCCN3C(=O)COc3ccc(OCC(=O)O)cc3)C(C)C)nc12,6.54,0.0,1
CHEMBL248,CC(C)C[C@H](NC(=O)[C@@H](NC(=O)c1cccc(-c2ccccc2)n1)[C@@H](C)O)B(O)O,5.45,0.0,1
CHEMBL248,CC(C)C[C@H](NC(=O)[C@H]1CCCN1C(=O)[C@@H](NC(=O)[C@@H](NC(=O)[C@H](CCC(=O)O)NC(=O)[C@@H](N)CC(=O)O)C(C)C)C(C)C)B1O[C@@H]2C[C@@H]3C[C@@H](C3(C)C)[C@]2(C)O1,7.22,0.0,1
CHEMBL248,CC(C)Cc1ccc2c(c1O)C(=O)c1c(O)cccc1C2=O,5.1,0.0,1
CHEMBL248,CC(C)N1CCC(NC(=O)c2cc(C#N)ccc2C2C3=C(CCC3=O)N(c3cccc(C(F)(F)F)c3)C(=O)N2C)C1,7.96,0.0,1
CHEMBL248,CC(C)N1CCN(C(=O)c2cc(C#N)ccc2C2C3=C(CCC3=O)N(c3cccc(C(F)(F)F)c3)C(=O)N2C)CC1,8.14,0.0,1
CHEMBL248,CC(C)NC(=O)N1C(=O)N(c2ccnc(C(F)(F)F)c2)C2=C(C(=O)CC2)C1c1ccc(C#N)cc1,8.62,0.0,1
CHEMBL248,CC(C)NCc1cc(C#N)ccc1C1C2=C(CCC2=O)N(c2cccc(C(F)(F)F)c2)C(=O)N1C,8.68,0.0,1
CHEMBL248,CC(C)OC(=O)c1nn(C(=O)c2cccc(N)c2)c2ccccc12,6.29,0.0,1
CHEMBL248,CC(C)OC(=O)c1nn(C(=O)c2ccccc2)c2ccccc12,6.62,0.0,1
CHEMBL248,CC(C)OC(=O)c1nn(C(=O)c2ccsc2)c2ccccc12,6.16,0.0,1
CHEMBL248,CC(C)OCCNC(=O)N1C(=O)N(c2cccc(C(F)(F)F)c2)C2=C(C(=O)CC2)C1c1ccc(C#N)cc1,8.96,0.0,1
CHEMBL248,CC(C)[C@@H]1C(=O)N(S(C)(=O)=O)[C@@H]2CCN(C(=O)/C=C/CN3CCCCC3)[C@H]21,7.66,0.0,1
CHEMBL248,CC(C)[C@@H]1C(=O)N(S(C)(=O)=O)[C@@H]2CCN(C(=O)C3CN(CC(C)(C)C)C3)[C@H]21,7.43,0.0,1
CHEMBL248,CC(C)[C@@H]1C(=O)N(S(C)(=O)=O)[C@@H]2CCN(C(=O)c3cnc(CNC4CC4)cn3)[C@H]21,7.96,0.0,1
CHEMBL248,CC(C)[C@@H]1C(=O)N(S(C)(=O)=O)[C@@H]2CCN(C(=O)c3coc(CN4CCCC4)n3)[C@H]21,8.0,0.0,1
CHEMBL248,CC(C)[C@@H]1C(=O)N(S(C)(=O)=O)[C@@H]2CN(C(=O)/C=C/CN3CCCCC3)C[C@H]21,7.66,0.0,1
CHEMBL248,CC(C)[C@H](N)C(=O)N1C2CCC(CC2)[C@@H]1C(=O)N[C@H](C(=O)C(F)(F)F)C(C)C,6.68,0.0,1
CHEMBL248,CC(C)[C@H](NC(=O)CN(C(=O)[C@@H](NC(=O)c1ccc(C(=O)NS(=O)(=O)c2ccc(Cl)cc2)cc1)C(C)C)C1Cc2ccccc2C1)C(=O)c1ccc(C(F)(F)F)cc1,5.29,0.0,1
CHEMBL248,CC(C)[C@H](NC(=O)CN1CCN(CC(=O)O)C1=O)C(=O)N1CCC[C@H]1C(=O)N[C@H](C(=O)C(F)(F)F)C(C)C,7.54,0.0,1
CHEMBL248,CC(C)[C@H](NC(=O)COc1ccc(OCC(=O)O)cc1)C(=O)c1nc2c(OC(=O)C(C)(C)C)cccc2o1,6.89,0.0,1
CHEMBL248,CC(C)[C@H](NC(=O)Cn1ccc(=O)[nH]c1=O)C(=O)N1CCC[C@H]1C(=O)N[C@H](C(=O)C(F)(F)F)C(C)C,6.0,0.0,1
CHEMBL248,CC(C)[C@H](NC(=O)Cn1ccc(=O)n(CC(=O)O)c1=O)C(=O)N1CCC[C@H]1C(=O)N[C@H](C(=O)C(F)(F)F)C(C)C,7.55,0.0,1
CHEMBL248,CC(C)[C@H](NC(=O)OC(C)(C)C)C(=O)N1C2CCC(CC2)[C@@H]1C(=O)N[C@H](C(=O)C(F)(F)F)C(C)C,7.5,0.0,1
CHEMBL248,CC(C)[C@H](NC(=O)OCc1ccccc1)C(=O)c1nc2c(OC(=O)C(C)(C)C)cccc2o1,6.35,0.0,1
CHEMBL248,CC(C)[C@H](NC(=O)[C@@H]1CCCN1C(=O)[C@@H](NC(=O)/C=C/C(=O)O)C(C)C)C(=O)c1nc2ccccc2o1,7.14,0.0,1
CHEMBL248,CC(C)[C@H](NC(=O)[C@@H]1CCCN1C(=O)[C@@H](NC(=O)CCC(=O)O)C(C)C)C(=O)c1nc2ccccc2o1,7.18,0.0,1
CHEMBL248,CC(C)[C@H](NC(=O)[C@@H]1CCCN1C(=O)[C@@H](NC(=O)CN1C(=O)CN(CC(=O)O)C1=O)C(C)C)C(=O)c1nc2ccccc2o1,7.46,0.0,1
CHEMBL248,CC(C)[C@H](NC(=O)[C@@H]1CCCN1C(=O)[C@@H](NC(=O)CN1C(=O)N(CC(=O)O)C(=O)C1(C)C)C(C)C)C(=O)c1nc2ccccc2o1,7.33,0.0,1
CHEMBL248,CC(C)[C@H](NC(=O)[C@@H]1CCCN1C(=O)[C@@H](NC(=O)CN1C(=O)N(CC(=O)O)C(C)(C)C1=O)C(C)C)C(=O)c1nc2ccccc2o1,7.64,0.0,1
CHEMBL248,CC(C)[C@H](NC(=O)[C@@H]1CCCN1C(=O)[C@@H](NC(=O)CN1CC(=O)N(CC(=O)O)C1=O)C(C)C)C(=O)c1nc2ccccc2o1,7.38,0.0,1
CHEMBL248,CC(C)[C@H](NC(=O)[C@@H]1CCCN1C(=O)[C@@H](NC(=O)CN1CC(=O)N(CC(=O)O)CC1=O)C(C)C)C(=O)c1nc2ccccc2o1,7.21,0.0,1
CHEMBL248,CC(C)[C@H](NC(=O)[C@@H]1CCCN1C(=O)[C@@H](NC(=O)CN1CCC(=O)N(CC(=O)O)C1=O)C(C)C)C(=O)c1nc2ccccc2o1,7.48,0.0,1
CHEMBL248,CC(C)[C@H](NC(=O)[C@@H]1CCCN1C(=O)[C@@H](NC(=O)CN1CCN(CC(=O)O)C(=O)C1=O)C(C)C)C(=O)C(=O)NCc1ccccc1,7.7,0.0,1
CHEMBL248,CC(C)[C@H](NC(=O)[C@@H]1CCCN1C(=O)[C@@H](NC(=O)CN1CCN(CC(=O)O)C(=O)C1=O)C(C)C)C(=O)c1nc2ccccc2o1,7.52,0.0,1
CHEMBL248,CC(C)[C@H](NC(=O)[C@@H]1CCCN1C(=O)[C@@H](NC(=O)CN1CCN(CC(=O)O)C1=O)C(C)C)C(=O)c1nc2ccccc2o1,7.77,0.0,1
CHEMBL248,CC(C)[C@H](NC(=O)[C@@H]1CCCN1C(=O)[C@@H](NC(=O)CN1CCN(CC(=O)O)CC1)C(C)C)C(=O)c1nc2ccccc2o1,7.21,0.0,1
CHEMBL248,CC(C)[C@H](NC(=O)[C@@H]1CCCN1C(=O)[C@@H](NC(=O)CNC(=O)c1ccc(OCC(=O)O)cc1)C(C)C)C(=O)c1nc2ccccc2o1,7.48,0.0,1
CHEMBL248,CC(C)[C@H](NC(=O)[C@@H]1CCCN1C(=O)[C@@H](NC(=O)COC(=O)c1ccc(OCC(=O)O)cc1)C(C)C)C(=O)c1nc2ccccc2o1,7.89,0.0,1
CHEMBL248,CC(C)[C@H](NC(=O)[C@@H]1CCCN1C(=O)[C@@H](NC(=O)COc1ccc(OCC(=O)O)cc1)C(C)C)C(=O)c1nc2c(OC(=O)C(C)(C)C)cccc2o1,8.05,0.0,1
CHEMBL248,CC(C)[C@H](NC(=O)[C@@H]1CCCN1C(=O)[C@@H](NC(=O)COc1ccc(OCC(=O)O)cc1)C(C)C)C(=O)c1nc2ccccc2o1,8.12,0.0,1
CHEMBL248,CC(C)[C@H](NC(=O)[C@@H]1CCCN1C(=O)[C@@H](NC(=O)COc1ccc(SCC(C)(C)C(=O)O)cc1)C(C)C)C(=O)c1nc2ccccc2o1,8.46,0.0,1
CHEMBL248,CC(C)[C@H](NC(=O)[C@@H]1CCCN1C(=O)[C@@H](NC(=O)COc1ccccc1OCC(=O)O)C(C)C)C(=O)c1nc2ccccc2o1,8.14,0.0,1
CHEMBL248,CC(C)[C@H](NC(=O)[C@@H]1CCCN1C(=O)[C@@H](NC(=O)Cn1c(=O)ccn(CC(=O)O)c1=O)C(C)C)C(=O)c1nc2ccccc2o1,7.57,0.0,1
CHEMBL248,CC(C)[C@H](NC(=O)[C@@H]1CCCN1C(=O)[C@@H](NC(=O)Cn1ccc(=O)n(CC(=O)O)c1=O)C(C)C)C(=O)C(=O)NCc1ccccc1,7.68,0.0,1
CHEMBL248,CC(C)[C@H](NC(=O)[C@@H]1CCCN1C(=O)[C@@H](NC(=O)Cn1ccc(=O)n(CC(=O)O)c1=O)C(C)C)C(=O)c1nc2ccccc2o1,7.62,0.0,1
CHEMBL248,CC(C)[C@H](NC(=O)[C@@H]1CCCN1C(=O)[C@@H](NC(=O)Cn1ncc(=O)n(CC(=O)O)c1=O)C(C)C)C(=O)c1nc2ccccc2o1,7.37,0.0,1
CHEMBL248,CC(C)[C@H](NC(=O)[C@@H]1CCCN1C(=O)[C@@H](NC(=O)N[C@H](C)C(=O)O)C(C)C)C(=O)c1nc2ccccc2o1,6.55,0.0,1
CHEMBL248,CC(C)[C@H](NC(=O)[C@@H]1CCCN1C(=O)[C@@H](NC(=O)c1ccc(OCC(=O)O)cc1)C(C)C)C(=O)c1nc2ccccc2o1,8.13,0.0,1
CHEMBL248,CC(C)[C@H](NC(=O)[C@@H]1CCCN1C(=O)[C@H](NC(=O)COc1ccc(OCC(=O)O)cc1)C(C)C)C(=O)c1nc2ccccc2o1,8.12,0.0,1
CHEMBL248,CC(C)[C@H](NC(=O)[C@H](CCC(=O)O)NC(=O)[C@@H](N)CC(=O)O)C(=O)N[C@H](C(=O)N1CCC[C@@H]1C(=O)N[C@@H](CCCCc1ccccc1)B1O[C@@H]2C[C@@H]3C[C@@H](C3(C)C)[C@]2(C)O1)C(C)C,6.4,0.0,1
CHEMBL248,CC(C)[C@H](NC(=O)[C@H](CCC(=O)O)NC(=O)[C@@H](N)CC(=O)O)C(=O)N[C@H](C(=O)N1CCC[C@@H]1C(=O)N[C@@H](CCc1ccc(-c2ccccc2)cc1)B1O[C@@H]2C[C@@H]3C[C@@H](C3(C)C)[C@]2(C)O1)C(C)C,6.05,0.0,1
CHEMBL248,CC(C)[C@H](NC(=O)[C@H](CCC(=O)O)NC(=O)[C@@H](N)CC(=O)O)C(=O)N[C@H](C(=O)N1CCC[C@@H]1C(=O)N[C@@H](CCc1ccc(Br)cc1)B1O[C@@H]2C[C@@H]3C[C@@H](C3(C)C)[C@]2(C)O1)C(C)C,5.8,0.0,1
CHEMBL248,CC(C)[C@H](NC(=O)[C@H](CCC(=O)O)NC(=O)[C@@H](N)CC(=O)O)C(=O)N[C@H](C(=O)N1CCC[C@@H]1C(=O)N[C@@H](CCc1ccc(C(C)(C)C)cc1)B1O[C@@H]2C[C@@H]3C[C@@H](C3(C)C)[C@]2(C)O1)C(C)C,6.47,0.0,1
CHEMBL248,CC(C)[C@H](NC(=O)[C@H](CCC(=O)O)NC(=O)[C@@H](N)CC(=O)O)C(=O)N[C@H](C(=O)N1CCC[C@@H]1C(=O)N[C@@H](CCc1ccc(C(F)(F)F)cc1)B1O[C@@H]2C[C@@H]3C[C@@H](C3(C)C)[C@]2(C)O1)C(C)C,5.75,0.0,1
CHEMBL248,CC(C)[C@H](NC(=O)[C@H](CCC(=O)O)NC(=O)[C@@H](N)CC(=O)O)C(=O)N[C@H](C(=O)N1CCC[C@@H]1C(=O)N[C@@H](CCc1ccc(C2CCCCC2)cc1)B1O[C@@H]2C[C@@H]3C[C@@H](C3(C)C)[C@]2(C)O1)C(C)C,6.4,0.0,1
CHEMBL248,CC(C)[C@H](NC(=O)[C@H](CCC(=O)O)NC(=O)[C@@H](N)CC(=O)O)C(=O)N[C@H](C(=O)N1CCC[C@@H]1C(=O)N[C@@H](CCc1ccc(Cl)cc1)B1O[C@@H]2C[C@@H]3C[C@@H](C3(C)C)[C@]2(C)O1)C(C)C,5.85,0.0,1
CHEMBL248,CC(C)[C@H](NC(=O)[C@H](CCC(=O)O)NC(=O)[C@@H](N)CC(=O)O)C(=O)N[C@H](C(=O)N1CCC[C@@H]1C(=O)N[C@@H](CCc1ccc(F)cc1)B1O[C@@H]2C[C@@H]3C[C@@H](C3(C)C)[C@]2(C)O1)C(C)C,6.1,0.0,1
CHEMBL248,CC(C)[C@H](NC(=O)[C@H](CCC(=O)O)NC(=O)[C@@H](N)CC(=O)O)C(=O)N[C@H](C(=O)N1CCC[C@@H]1C(=O)N[C@@H](CCc1ccc(O)cc1)B1O[C@@H]2C[C@@H]3C[C@@H](C3(C)C)[C@]2(C)O1)C(C)C,6.05,0.0,1
CHEMBL248,CC(C)[C@H](NC(=O)[C@H](CCC(=O)O)NC(=O)[C@@H](N)CC(=O)O)C(=O)N[C@H](C(=O)N1CCC[C@@H]1C(=O)N[C@@H](CCc1ccc(Oc2ccccc2)cc1)B1O[C@@H]2C[C@@H]3C[C@@H](C3(C)C)[C@]2(C)O1)C(C)C,6.66,0.0,1
CHEMBL248,CC(C)[C@H](NC(=O)[C@H](CCC(=O)O)NC(=O)[C@@H](N)CC(=O)O)C(=O)N[C@H](C(=O)N1CCC[C@@H]1C(=O)N[C@@H](CCc1ccccc1)B1O[C@@H]2C[C@@H]3C[C@@H](C3(C)C)[C@]2(C)O1)C(C)C,5.46,0.0,1
CHEMBL248,CC(C)[C@H](NC(=O)[C@H]1CCCN1C(=O)COc1ccc(OCC(=O)O)cc1)C(=O)c1nc2c(OC(=O)C(C)(C)C)cccc2o1,6.64,0.0,1
CHEMBL248,CC(C)[C@H]1C(=O)N(S(C)(=O)=O)[C@H]2CN(C(=O)/C=C/CN3CCCCC3)CC12,7.58,0.0,1
CHEMBL248,CC(C)[C@H]1C(=O)N(S(C)(=O)=O)[C@H]2CN(C(=O)/C=C/CN3CCCCC3)C[C@H]12,6.56,0.0,1
CHEMBL248,CC(C)[C@H]1C(=O)N(S(C)(=O)=O)[C@H]2CN(C(=O)CCN3CCCCC3)C[C@H]12,6.62,0.0,1
CHEMBL248,CC(C)c1ccc(CC[C@H](NC(=O)[C@H]2CCCN2C(=O)[C@@H](NC(=O)[C@@H](NC(=O)[C@H](CCC(=O)O)NC(=O)[C@@H](N)CC(=O)O)C(C)C)C(C)C)B2O[C@@H]3C[C@@H]4C[C@@H](C4(C)C)[C@]3(C)O2)cc1,6.35,0.0,1
CHEMBL248,CC(C=O)Cc1cc(C(=O)c2ccccc2)ccc1OC(=O)C(C)(C)C,6.1,0.0,1
CHEMBL248,CC(CO)Cc1cc(C(=O)c2ccccc2)ccc1OC(=O)C(C)(C)C,5.82,0.0,1
CHEMBL248,CC(Cc1cc(C(=O)c2ccccc2)ccc1OC(=O)C(C)(C)C)C(=O)O,5.66,0.0,1
CHEMBL248,CC(NC(=O)CN(C(=O)[C@@H](NC(=O)c1ccc(C(=O)NS(=O)(=O)c2ccc(Cl)cc2)cc1)C(C)C)C1Cc2ccccc2C1)C(=O)C(F)(F)F,6.09,0.0,1
CHEMBL248,CC(NC(=O)c1cc(C#N)ccc1C1C2=C(CCC2=O)N(c2cccc(C(F)(F)F)c2)C(=O)N1C)c1ccco1,8.18,0.0,1
CHEMBL248,CC(NC(=O)c1ccccc1/N=C/c1c(O)ccc2ccccc12)c1ccccc1,4.61,0.0,1
CHEMBL248,CC(NC(=O)c1ccccc1/N=N/c1c(O)ccc2ccccc12)c1ccccc1,4.92,0.0,1
CHEMBL248,CC(NC(=O)c1ccccc1NCc1c(O)ccc2ccccc12)c1ccccc1,4.58,0.0,1
CHEMBL248,CC(O)[C@H]1C(=O)N2[C@@H](C(=O)OCc3ccccc3)C(C)(C)S(=O)(=O)[C@H]12,4.7,0.0,1
CHEMBL248,CC(SC(=O)c1cccs1)C(=O)NC1CCSC1=O,6.0,0.0,1
CHEMBL248,CC(SC(=O)c1cccs1)C(=O)NCC(=O)N1CSCC1C(=O)O,10.0,0.0,1
CHEMBL248,CC(SC1=CC(=O)c2ccccc2C1=O)C(=O)O,4.44,0.0,1
CHEMBL248,CC/C(=N/O)c1ccccc1NS(=O)(=O)c1ccc(OC(=O)C(C)(C)C)cc1,6.17,0.0,1
CHEMBL248,CC/C(=N\O)c1ccccc1NS(=O)(=O)c1ccc(OC(=O)C(C)(C)C)cc1,6.96,0.0,1
CHEMBL248,CC1(C)C(=O)N(C(=O)NCc2ccncc2)[C@H]1Cc1ccccc1,5.52,0.0,1
CHEMBL248,CC1(C)C2CC[C@]1(C)C(OC(=O)/C=C/c1cc(O)c(O)c(O)c1)C2,6.27,0.0,1
CHEMBL248,CC1(C)C2CC[C@]1(C)C(OC(=O)/C=C/c1ccc(O)c(O)c1)C2,5.81,0.0,1
CHEMBL248,CC1(C)CC2=C(C(=O)N1)C(c1ccc(C#N)cc1)N(CC(=O)O)C(=O)N2c1cccc(C(F)(F)F)c1,8.37,0.0,1
CHEMBL248,CC1(C)CC2=C(C(=O)N1)C(c1ccc(C#N)cc1)NC(=O)N2c1cccc(C(F)(F)F)c1,8.01,0.0,1
CHEMBL248,CC1(C)OC(=O)N(Cc2ccccc2)C1=O,4.81,0.0,1
CHEMBL248,CC1(C)S[C@@H]2[C@@H](NC(=O)C(F)(F)F)C(=O)N2[C@H]1C(=O)OCc1ccccc1,5.4,0.0,1
CHEMBL248,CC1(C)S[C@@H]2[C@H](NC(=O)C(F)(F)F)C(=O)N2[C@H]1C(=O)OCc1ccccc1,4.92,0.0,1
CHEMBL248,CC1(C)[C@H](C(=O)OCC(F)(F)F)N2C(=O)[C@@H](NC(=O)C(F)(F)F)[C@H]2S1(=O)=O,5.52,0.0,1
CHEMBL248,CC1(C)[C@H](C(=O)OCC(F)(F)F)N2C(=O)[C@H](NC(=O)C(F)(F)F)[C@H]2S1(=O)=O,7.0,0.0,1
CHEMBL248,CC1(C)[C@H](C(=O)OCc2ccccc2)N2C(=O)[C@@H](COC(=O)NCc3ccccc3)[C@H]2S1(=O)=O,6.16,0.0,1
CHEMBL248,CC1(C)[C@H](C(=O)OCc2ccccc2)N2C(=O)[C@@H](NC(=O)C(F)(F)F)[C@H]2S1(=O)=O,5.7,0.0,1
CHEMBL248,CC1(C)[C@H](C(=O)OCc2ccccc2)N2C(=O)[C@H](COC(=O)NCc3ccccc3)[C@H]2S1(=O)=O,5.4,0.0,1
CHEMBL248,CC1(C)[C@H](C(=O)OCc2ccccc2)N2C(=O)[C@H](Cl)[C@H]2S1(=O)=O,4.85,0.0,1
CHEMBL248,CC1(C)[C@H](C(=O)OCc2ccccc2)N2C(=O)[C@H](NC(=O)C(F)(F)F)[C@H]2S1(=O)=O,6.82,0.0,1
CHEMBL248,CC1(C)[C@H](C(=O)OCc2ccccc2)N2C(=O)[C@H](OC(=O)COc3ccccc3)[C@H]2S1(=O)=O,5.3,0.0,1
CHEMBL248,CC1(C)[C@H](C(=O)OCc2ccccc2)N2C(=O)[C@H](OC(=O)Cc3ccccc3)[C@H]2S1(=O)=O,5.4,0.0,1
CHEMBL248,CC1(C)[C@H](C(=O)OCc2ccccc2)N2C(=O)[C@H](OCc3ccccc3)[C@H]2S1(=O)=O,5.4,0.0,1
CHEMBL248,CC1(O)CCN(C(=O)CN2C(=O)N(c3cccc(C(F)(F)F)c3)C3=C(C(=O)CC3)C2c2ccc(C#N)cc2)C1,8.57,0.0,1
CHEMBL248,CC1=C(C#N)C(=O)NC(=O)/C1=C\c1ccc(-c2ccc(S(N)(=O)=O)cc2)o1,4.28,0.0,1
CHEMBL248,CC1=C(C#N)C(c2ccc(C#N)cc2)CC(=O)N1c1cccc(C(F)(F)F)c1,7.7,0.0,1
CHEMBL248,CC1=C(C#N)[C@@H](c2ccc(C#N)cc2)N(C)C(=O)N1c1cccc(C(F)(F)F)c1,8.8,0.0,1
CHEMBL248,CC1=C(C#N)[C@@H](c2ccc(C#N)cc2)N(CC(=O)N2CCN(C(C)C)CC2)C(=O)N1c1cccc(C(F)(F)F)c1,8.3,0.0,1
CHEMBL248,CC1=C(C#N)[C@@H](c2ccc(C#N)cc2)N(CC(N)=O)C(=O)N1c1cccc(C(F)(F)F)c1,7.6,0.0,1
CHEMBL248,CC1=C(C#N)[C@@H](c2ccc(C#N)cc2)NC(=O)N1c1cccc(C(F)(F)F)c1,8.33,0.0,1
CHEMBL248,CC1=C(C#N)[C@@H](c2ccc(C#N)cc2C(F)(F)F)N(C)C(=O)N1c1cccc(C(F)(F)F)c1,10.62,0.0,1
CHEMBL248,CC1=C(C#N)[C@@H](c2ccc(C#N)cc2C(F)(F)F)NC(=O)N1c1cccc(C(F)(F)F)c1,9.22,0.0,1
CHEMBL248,CC1=C(C#N)[C@@H](c2ccc(C#N)cc2S(C)(=N)=O)N(C)C(=O)N1c1cccc(C(F)(F)F)c1,9.6,0.0,1
CHEMBL248,CC1=C(C#N)[C@@H](c2ccc(C#N)cc2S(C)(=O)=O)N(C)C(=O)N1c1cccc(C(F)(F)F)c1,10.02,0.24041630560342606,2
CHEMBL248,CC1=C(C#N)[C@@H](c2ccc(C#N)cc2S(C)(=O)=O)NC(=O)N1c1cccc(C(F)(F)F)c1,9.27,0.0,1
CHEMBL248,CC1=C(C#N)[C@@H](c2ccc(C#N)cc2[S@](C)(=N)=O)N(C)C(=O)N1c1cccc(C(F)(F)F)c1,9.6,0.0,1
CHEMBL248,CC1=C(C(=O)OCCO)[C@@H](c2ccc(C#N)cc2)NC(=O)N1c1cccc(C(F)(F)F)c1,8.37,0.0,1
CHEMBL248,CC1=C(C(=O)OCCOCC(=O)O)[C@@H](c2ccc(C#N)cc2)N(CC(=O)O)C(=O)N1c1cccc(C(F)(F)F)c1,9.05,0.0,1
CHEMBL248,CC1=C(C(=O)OCc2ccccc2)N2C(=O)C(C(C)C)[C@H]2S1,4.7,0.0,1
CHEMBL248,CC1=C(C(=O)OCc2ccccc2)N2C(=O)CC2[S+]1[O-],4.82,0.0,1
CHEMBL248,CC1=C(c2ccccc2)C(=O)N(c2c(F)c(F)nc(F)c2F)S1(=O)=O,4.48,0.0,1
CHEMBL248,CC1CC2=C(C1=O)C(c1ccc(C#N)cc1)NC(=O)N2c1cccc(C(F)(F)F)c1,7.18,0.0,1
CHEMBL248,CC1CCN(C(=O)CN2C(=O)N(c3cccc(C(F)(F)F)c3)C3=C(C(=O)CC3)C2c2ccc(C#N)cc2)CC1,8.22,0.0,1
CHEMBL248,CC1CN(C(=O)N2C(=O)N(c3cccc(C(F)(F)F)c3)C3=C(C(=O)CC3)C2c2ccc(C#N)cc2)CC1C,7.05,0.0,1
CHEMBL248,CC1CN(C(=O)c2cc(C#N)ccc2C2C3=C(CCC3=O)N(c3cccc(C(F)(F)F)c3)C(=O)N2C)CCN1,7.97,0.0,1
CHEMBL248,CC1CN(NC(=O)N2C(=O)N(c3cccc(C(F)(F)F)c3)C3=C(C(=O)CC3)C2c2ccc(C#N)cc2)CC1C,7.05,0.0,1
CHEMBL248,CCC(=O)C(=O)C(NC(=O)[C@@H]1CCCN1C(=O)[C@@H](NC(=O)OC(C)(C)C)C(C)C)C(C)C,5.33,0.0,1
CHEMBL248,CCC(=O)O[C@H]1C(=O)N2C(C(=O)OC(C)(C)C)=C(COC(C)=O)CS(=O)(=O)[C@H]12,5.0,0.0,1
CHEMBL248,CCC(=O)O[C@H]1C(=O)N2C(C(=O)OC(C)(C)C)=C(COC(C)=O)CS[C@H]12,4.44,0.0,1
CHEMBL248,CCC(=O)Oc1ccc(C(=O)c2ccccc2)cc1,5.21,0.0,1
CHEMBL248,CCC(=O)c1ccccc1NS(=O)(=O)c1ccc(OC(=O)C(C)(C)C)cc1,6.72,0.0,1
CHEMBL248,CCC(=O)n1[se]c2ccccc2c1=O,5.58,0.0,1
CHEMBL248,CCC(C)C(NC(=O)[C@@H]1CCCN1C(=O)[C@@H](NC(=O)OC(C)(C)C)C(C)(C)C)C(=O)c1nc2ccccc2s1,5.32,0.0,1
CHEMBL248,CCC(C)C(NC(=O)[C@@H]1CCCN1C(=O)[C@@H](NC(=O)OC(C)(C)C)C(C)(C)C)P(=O)(Oc1ccccc1)Oc1ccccc1,5.63,0.0,1
CHEMBL248,CCC(C)C(NC(=O)[C@@H]1CCCN1C(=O)[C@@H](NC(=O)OC(C)(C)C)C(C)C)P(=O)(Oc1ccccc1)Oc1ccccc1,6.44,0.0,1
CHEMBL248,CCC(C)C(NC(=O)[C@@H]1CCCN1C(=O)[C@@H](NC(=O)OC(C)(C)C)[C@@H](C)CC)P(=O)(Oc1ccccc1)Oc1ccccc1,6.08,0.0,1
CHEMBL248,CCC(C)CC(=O)Oc1ccc(C(=O)c2ccc(OC(=O)CC(C)CC)cc2OC(=O)CC(C)CC)c(OC(=O)CC(C)CC)c1,5.82,0.0,1
CHEMBL248,CCC(C)O[C@H]1C(=O)N2C(C(=O)OC(C)(C)C)=C(COC(C)=O)CS(=O)(=O)[C@H]12,4.55,0.0,1
CHEMBL248,CCC(CC)C(=O)Oc1cn(-c2ccccc2)c(CSc2nc3ccccc3o2)cc1=O,5.34,0.0,1
CHEMBL248,CCC(CC)C(=O)Oc1cn(-c2ccccc2)c(CSc2nc3ccccc3s2)cc1=O,6.52,0.0,1
CHEMBL248,CCC(CC)C(=O)Oc1coc(CSc2nc3ccccc3s2)cc1=O,5.92,0.0,1
CHEMBL248,CCC(CC)C(=O)Oc1coc(CSc2nnc(-c3ccccc3)s2)cc1=O,5.05,0.0,1
CHEMBL248,CCC(CC)n1cc(C(=O)NCc2ccc(S(C)(=O)=O)cc2)c(=O)c(-c2cccc(C(F)(F)F)c2)c1C,8.1,0.0,1
CHEMBL248,CCC(CC)n1cc(C(=O)NCc2ccc(S(C)(=O)=O)cc2)c(=O)c(-c2cccc(C(F)F)c2)c1C,8.1,0.0,1
CHEMBL248,CCC(CC)n1cc(C(=O)NCc2ccc(S(C)(=O)=O)cc2)c(=O)c(-c2ccnc(C(F)(F)F)c2)c1C,7.62,0.0,1
CHEMBL248,CCC(CC)n1cc(C(=O)NCc2ccc(S(C)(=O)=O)cn2)c(=O)c(-c2cccc(C(F)(F)F)c2)c1C,7.92,0.0,1
CHEMBL248,CCC(CC)n1cc(C(=O)NCc2ccc(S(C)(=O)=O)cn2)c(=O)c(-c2cccc(C(F)F)c2)c1C,8.3,0.0,1
CHEMBL248,CCC(CC)n1cc(C(=O)NCc2ccc(S(C)(=O)=O)cn2)c(=O)c(-c2ccnc(C(F)(F)F)c2)c1C,7.34,0.0,1
CHEMBL248,CCC/C(=N/O)c1ccccc1NS(=O)(=O)c1ccc(OC(=O)C(C)(C)C)cc1,6.44,0.0,1
CHEMBL248,CCC/C(=N\O)c1ccccc1NS(=O)(=O)c1ccc(OC(=O)C(C)(C)C)cc1,6.89,0.0,1
CHEMBL248,CCC1C(=O)N2C(C(=O)OCc3ccccc3)=C(c3ccccc3)S[C@H]12,6.52,0.0,1
CHEMBL248,CCCC(=O)Nc1ccc2c(c1)c(C(=O)OCC)nn2C(=O)c1cccc(C)c1,7.3,0.0,1
CHEMBL248,CCCC(=O)c1ccccc1NS(=O)(=O)c1ccc(OC(=O)C(C)(C)C)cc1,6.43,0.0,1
CHEMBL248,CCCC(=O)n1[se]c2ccccc2c1=O,5.62,0.0,1
CHEMBL248,CCCC(=O)n1cc(C#N)c2cccnc21,5.47,0.0,1
CHEMBL248,CCCC(=O)n1nc(C(=O)OCC)c2ccccc21,6.75,0.0,1
CHEMBL248,CCCC(C)(C)C(=O)Oc1ccc(C(=O)c2ccc(OC(=O)C(C)(C)CCC)cc2)cc1,6.17,0.0,1
CHEMBL248,CCCC(NC(=O)C1N(C(=O)[C@@H](NC(=O)[C@@H](NC(=O)c2cnccn2)C2CCCCC2)C(C)(C)C)CC12CCCCC2)C(=O)C(=O)NC1CC1,5.11,0.0,1
CHEMBL248,CCCC(NC(=O)[C@@H]1CCCN1C(=O)[C@@H](NC(=O)OC(C)(C)C)C(C)C)P(=O)(Oc1ccccc1)Oc1ccccc1,6.17,0.0,1
CHEMBL248,CCCCC(=O)c1ccccc1NS(=O)(=O)c1ccc(OC(=O)C(C)(C)C)cc1,5.65,0.0,1
CHEMBL248,CCCCC(=O)n1[se]c2ccccc2c1=O,6.05,0.0,1
CHEMBL248,CCCCC(=O)n1cc(C#N)c2cccnc21,6.31,0.0,1
CHEMBL248,CCCCCC(=O)n1[se]c2ccccc2c1=O,5.52,0.0,1
CHEMBL248,CCCCCC/C=C/CCCCCCCC(=O)OCc1cc(=O)c(OC(=O)C(C)(C)C)co1,6.89,0.0,1
CHEMBL248,CCCCCCC/C=C/CCCCCCCCC(=O)Oc1coc(COC(=O)CCCCCCC/C=C/CCCCCCCC)cc1=O,5.21,0.0,1
CHEMBL248,CCCCCCCC/C=C/CCCCCCCC(=O)OCc1cc(=O)c(OC(=O)C(C)(C)C)co1,6.52,0.0,1
CHEMBL248,CCCCCCCC/C=C/CCCCCCCC(=O)OCc1cc(=O)c(OC(=O)[C@]23C[C@H]4C[C@H](C[C@H](C4)C2)C3)co1,4.1,0.0,1
CHEMBL248,CCCCCCCC/C=C/CCCCCCCCCC(=O)OCc1cc(=O)c(OC(=O)C(C)(C)C)co1,6.68,0.0,1
CHEMBL248,CCCCCCCC/C=C/CCCCCCCCCCCC(=O)OCc1cc(=O)c(OC(=O)C(C)(C)C)co1,6.8,0.0,1
CHEMBL248,CCCCCCCCCCCC(=O)c1c(O)cc(C)oc1=O,4.57,0.0,1
CHEMBL248,CCCCCCCCCCCCC(C)(C)C(=O)OCc1cc(=O)c(OC(=O)C(C)(C)C)co1,6.22,0.0,1
CHEMBL248,CCCCCCCCCCCCCCCC(=O)OCc1cc(=O)c(O)co1,4.0,0.0,1
CHEMBL248,CCCCCCCCCCCCCCCC(=O)OCc1cc(=O)c(OC(=O)C(C)(C)C)co1,6.96,0.0,1
CHEMBL248,CCCCCCCCCCCCCCCC(=O)c1c(O)cc(C)oc1=O,4.45,0.0,1
CHEMBL248,CCCCCCCCCCCCCCCCCC(=O)OCc1cc(=O)c(OC(=O)C(C)(C)C)co1,7.0,0.0,1
CHEMBL248,CCCCCCCCCCCCCCCCCC(=O)OCc1cc(=O)c(OC(=O)C(C)C)co1,7.14,0.0,1
CHEMBL248,CCCCCCCCCCCCCCCCCCCC(=O)OCc1cc(=O)c(O)co1,5.05,0.0,1
CHEMBL248,CCCCCCCCCCCCCCCCCCCC(=O)OCc1cc(=O)c(OC(=O)C(C)(C)C)co1,6.89,0.0,1
CHEMBL248,CCCCCCc1ccc2c(c1O)C(=O)c1c(O)cccc1C2=O,5.38,0.0,1
CHEMBL248,CCCCCCc1ccc2c(c1O)C(=O)c1c(OC)cccc1C2=O,5.22,0.0,1
CHEMBL248,CCCCCCc1ccc2c(c1OC(=O)OCCCC)C(=O)c1c(OC(=O)OCCCC)cccc1C2=O,5.68,0.0,1
CHEMBL248,CCCCCc1ccc2c(c1O)C(=O)c1c(O)cccc1C2=O,5.41,0.0,1
CHEMBL248,CCCCCc1ccc2c(c1O)C(=O)c1c(OC)cccc1C2=O,5.21,0.0,1
CHEMBL248,CCCCN(NC(=O)[C@@H]1C[C@@H](OCc2ccccc2)CN1C(=O)[C@@H](NC(=O)[C@@H](NC(=O)[C@@H](CCC(=O)O)NC(=O)[C@H](CC(=O)O)NC(C)=O)[C@@H](C)CC)C(C)C)C(=O)N[C@@H](C)c1ccccc1,4.39,0.0,1
CHEMBL248,CCCCN1CCN(c2ncccc2-c2nc3cc(OC)cc(CC)c3c(=O)o2)CC1,7.57,0.0,1
CHEMBL248,CCCCNC(=O)CC[Si](O)(O)[C@@H](CC(C)C)NC(=O)[C@@H](NC(=O)Cc1ccc2ccccc2c1)[C@@H](C)CC,5.635,1.2515790027001887,2
CHEMBL248,CCCCNC(=O)CC[Si](O)(O)[C@H](CC(C)C)NC(=O)[C@@H](NC(=O)C(F)(F)F)[C@@H](C)CC,4.34,0.0,1
CHEMBL248,CCCCNC(=O)CC[Si](O)(O)[C@H](CC(C)C)NC(=O)[C@@H](NC(=O)Cc1ccc2ccccc2c1)[C@@H](C)CC,6.52,0.0,1
CHEMBL248,CCCCNC(=O)CC[Si](O)(O)[C@H](CC(C)C)NC(=O)[C@@H](NC(=O)Cc1ccccc1)[C@@H](C)CC,4.42,0.0,1
CHEMBL248,CCCCNC(=O)CC[Si](O)(O)[C@H](CC(C)C)NC(=O)[C@@H](NC(=O)c1ccc2ccccc2c1)[C@@H](C)CC,4.8,0.0,1
CHEMBL248,CCCCNC(=O)CC[Si](c1ccccc1)(c1ccccc1)[C@H](CC(C)C)NC(=O)[C@@H](NC(=O)Cc1ccc2ccccc2c1)[C@@H](C)CC,4.85,0.0,1
CHEMBL248,CCCCNC(=O)CNC(=O)[C@H](CC(C)C)NC(=O)[C@@H](NC(=O)Cc1ccc2ccccc2c1)[C@@H](C)CC,4.85,0.0,1
CHEMBL248,CCCCNC(=O)CNC(=O)[C@H](CC(C)C)NC(=O)[C@@H](NC(=O)Cc1ccccc1)[C@@H](C)CC,4.29,0.0,1
CHEMBL248,CCCCOC(=O)Oc1cc(C)cc2c1C(=O)c1c(OC(=O)OCCCC)cc(OC)cc1C2=O,5.6,0.0,1
CHEMBL248,CCCCOC(=O)Oc1cc(C)cc2c1C(=O)c1c(OC(=O)OCCCC)cc(OCCC)cc1C2=O,5.75,0.0,1
CHEMBL248,CCCCOC(=O)Oc1cc(OC(=O)OCCCC)c2c(c1)C(=O)c1cc(C)cc(OC(=O)OCCCC)c1C2=O,5.89,0.0,1
CHEMBL248,CCCCOC(=O)Oc1cccc2c1C(=O)c1c(OC(=O)OCCCC)cc(C)cc1C2=O,5.29,0.0,1
CHEMBL248,CCCCOC(=O)Oc1cccc2c1C(=O)c1c(OC(=O)OCCCC)cccc1C2=O,4.92,0.0,1
CHEMBL248,CCCC[C@@H](NC(=O)[C@H](CC(C)C)NC(=O)[C@@H](NC(=O)[C@H](Cc1ccccc1C)NC(=O)[C@H](CCC(=O)O)NC(=O)[C@H](CC(=O)O)NC(=O)CCC(=O)O)C(C)(C)C)C(=O)C(N)=O,4.92,0.0,1
CHEMBL248,CCCC[C@@H]1C(=O)N(C(C)=O)[C@@H]1/C(C)=C/c1ccccc1,4.37,0.0,1
CHEMBL248,CCCC[C@@H]1C(=O)N(C(C)=O)[C@@H]1C(C)=O,4.35,0.0,1
CHEMBL248,CCCC[C@@H]1C(=O)N([C@@H](C2SCCCS2)C2OC(C)(C)OC2C2COC(C)(C)O2)[C@@H]1/C(C)=C/c1ccccc1,4.96,0.0,1
CHEMBL248,CCCC[C@H]1C(=O)N([C@@H](C2SCCCS2)C2OC(C)(C)OC2C2COC(C)(C)O2)[C@H]1/C(C)=C/c1ccccc1,4.89,0.0,1
CHEMBL248,CCCC[C@H]1C(=O)N2C(C(=O)OC(C)(C)C)=C(COC(C)=O)CS(=O)(=O)[C@H]12,4.4,0.0,1
CHEMBL248,CCCCc1ccc2c(c1O)C(=O)c1c(O)cccc1C2=O,5.19,0.0,1
CHEMBL248,CCCCc1ccc2c(c1O)C(=O)c1c(OC)cccc1C2=O,5.23,0.0,1
CHEMBL248,CCCN(NC(=O)[C@@H]1C[C@@H](OCc2ccccc2)CN1C(=O)[C@@H](NC(=O)[C@@H](NC(=O)[C@@H](CCC(=O)O)NC(=O)[C@H](CC(=O)O)NC(C)=O)[C@@H](C)CC)C(C)C)C(=O)N[C@@H](C)c1ccccc1,5.3,0.0,1
CHEMBL248,CCCNC(=O)Nc1cccc(S(=O)(=O)Nc2cccc([C@@H](CC(=O)[O-])NC(=O)Nc3ccc(NC(=O)NCCOCCOCCOCCC(=O)N[C@@H](CC(=O)[O-])C(=O)N4CCC[C@H]4C(=O)N[C@H](C(=O)O[C@]4(CC)C(=O)OCc5c4cc4n(c5=O)Cc5c-4nc4ccccc4c5CC)C(C)C)cc3)c2)c1,5.02,0.0,1
CHEMBL248,CCCOC(=O)N1C(=O)N(c2cccc(C(F)(F)F)c2)C2=C(C(=O)CC2)C1c1ccc(C#N)cc1,8.59,0.0,1
CHEMBL248,CCCOC(=O)c1ccccc1NC(=O)c1ccc(OC(=O)C(C)(C)C)cc1,5.91,0.0,1
CHEMBL248,CCCOC(=O)c1nn(C(=O)c2cccc(C)c2)c2ccccc12,6.11,0.0,1
CHEMBL248,CCCOC(=O)c1nn(C(=O)c2cccc(N)c2)c2ccccc12,6.16,0.0,1
CHEMBL248,CCCOC(=O)c1nn(C(=O)c2cccc(OC)c2)c2ccccc12,5.72,0.0,1
CHEMBL248,CCCOC(=O)c1nn(C(=O)c2ccccc2)c2ccccc12,6.4,0.0,1
CHEMBL248,CCCOC(=O)c1nn(C(=O)c2ccsc2)c2ccccc12,5.72,0.0,1
CHEMBL248,CCCO[C@H]1C(=O)N2C(C(=O)OC(C)(C)C)=C(COC(C)=O)CS(=O)(=O)[C@H]12,4.4,0.0,1
CHEMBL248,CCCOc1cc(O)c2c(c1)C(=O)c1cc(C)cc(O)c1C2=O,5.23,0.0,1
CHEMBL248,CCC[C@@H](C=O)NC(=O)[C@@H]1CCCN1C(=O)[C@@H](NC(=O)[C@@H](NC(=O)[C@@H](CC(=O)O)NC(=O)[C@H](CC(=O)O)NC(C)=O)[C@@H](C)CC)C(C)C,5.17,0.0,1
CHEMBL248,CCC[C@@H](NC(=O)N1C(=O)C(CC)(CC)[C@@H]1Oc1ccc(C(=O)N2CCN(C)CC2)cc1)c1ccc2c(c1)OCO2,7.54,0.141421356237309,2
CHEMBL248,CCC[C@@H]1NC(=O)[C@@H](NC(=O)[C@H](C)NC(=O)CNC(=O)c2ccc(O)cc2)CNC(=O)[C@H](CS(=O)(=O)[O-])NC(=O)/C=C/c2csc(n2)[C@H](Cc2ccc(O)cc2)NC(=O)C(=O)[C@H]([C@@H](C)CC)NC1=O,10.47,0.0,1
CHEMBL248,CCC[C@H](NC(=O)OC(C)(C)C)C(=O)N1CCC[C@H]1C(=O)NC(C(C)C)P(=O)(Oc1ccccc1)Oc1ccccc1,6.35,0.0,1
CHEMBL248,CCC[C@H](NC(=O)[C@@H]1CCCN1C(=O)[C@@H](NC(=O)[C@@H](NC(=O)[C@@H](CC(=O)O)NC(=O)[C@H](CC(=O)O)NC(C)=O)[C@@H](C)CC)C(C)C)C(=O)C(=O)NCc1ccccc1,7.0,0.0,1
CHEMBL248,CCC[C@H](NC(=O)[C@@H]1CCCN1C(=O)[C@@H](NC(=O)[C@@H](NC(=O)[C@@H](CC(=O)O)NC(=O)[C@H](CC(=O)O)NC(C)=O)[C@@H](C)CC)C(C)C)C(=O)C(F)(F)C(F)(F)F,7.22,0.0,1
CHEMBL248,CCC[C@H](NC(=O)[C@@H]1CCCN1C(=O)[C@@H](NC(=O)[C@@H](NC(=O)[C@H](CC(=O)O)NC(=O)[C@H](CC(=O)O)NC(C)=O)[C@@H](C)CC)C(C)C)C(=O)C(=O)NCc1ccccc1,7.52,0.0,1
CHEMBL248,CCC[C@H](NC(=O)[C@@H]1[C@H]2CCC[C@H]2CN1C(=O)[C@@H](NC(=O)[C@@H](NC(=O)c1cnccn1)C1CCCCC1)C(C)(C)C)C(=O)C(=O)NC1CC1,5.635,0.7566042558696061,2
CHEMBL248,CCC[C@H]1C(=O)N(S(=O)(=O)c2ccc3ccccc3c2)[C@H]2CCN(C(=O)CCN3CCCCC3)[C@H]12,6.86,0.0,1
CHEMBL248,CCC[C@H]1C(=O)N(S(C)(=O)=O)[C@H]2CCN(C(=O)CCN3CCCCC3)[C@H]12,6.85,0.0,1
CHEMBL248,CCC[C@H]1C(=O)N(S(C)(=O)=O)[C@H]2CN(C(=O)CCN3CCCCC3)C[C@H]12,6.92,0.0,1
CHEMBL248,CCC[C@H]1C(=O)N2C(C(=O)OC(C)(C)C)=C(COC(C)=O)CS(=O)(=O)[C@H]12,4.62,0.0,1
CHEMBL248,CCCc1cc(OC)cc2nc(-c3cccnc3N3CCC(C(=O)O)CC3)oc(=O)c12,6.75,0.0,1
CHEMBL248,CCCc1cc(OC)cc2nc(-c3cccnc3N3CCN(C)CC3)oc(=O)c12,6.6,0.0,1
CHEMBL248,CCCc1cc(OC)cc2nc(-c3cccnc3N3CCN(C4CCN(C)CC4)CC3)oc(=O)c12,7.15,0.0,1
CHEMBL248,CCCc1ccc2c(c1O)C(=O)c1c(O)cccc1C2=O,5.38,0.0,1
CHEMBL248,CCCc1ccc2c(c1O)C(=O)c1c(OC)cccc1C2=O,5.06,0.0,1
CHEMBL248,CCCn1cc(C(=O)NCc2ccc(S(C)(=O)=O)cc2)c(=O)c(-c2cccc(C(F)(F)F)c2)c1C,7.55,0.0,1
CHEMBL248,CCCn1cc(C(=O)NCc2ccc(S(C)(=O)=O)cn2)c(=O)c(-c2cccc(C(F)(F)F)c2)c1C,7.7,0.0,1
CHEMBL248,CCN(CC)CCN1C(=O)N(c2cccc(C(F)(F)F)c2)C(C)=C(C(C)=O)[C@H]1c1ccc(C#N)cc1,9.0,0.0,1
CHEMBL248,CCN1C(=O)N(CC)C1=O,7.24,0.0,1
CHEMBL248,CCN1C(=O)N(c2cccc(C(F)(F)F)c2)C2=C(C(=O)CC2)C1c1ccc(C#N)cc1S(C)(=O)=O,8.8,0.0,1
CHEMBL248,CCN1CC2=C(C(=O)N1)[C@@H](c1ccc(C#N)cc1)NC(=O)N2c1cccc(C(F)(F)F)c1,7.8,0.0,1
CHEMBL248,CCN1CCN(C(=O)c2cc(C#N)ccc2C2C(C(C)=O)=C(C)N(c3cccc(C(F)(F)F)c3)C(=O)N2C)CC1,8.39,0.0,1
CHEMBL248,CCN1CCN(C(=O)c2cc(C#N)ccc2C2C3=C(CCC3=O)N(c3cccc(C(F)(F)F)c3)C(=O)N2C)CC1,8.09,0.0,1
CHEMBL248,CCNC(=O)N1C(=O)N(c2cccc(C(F)(F)F)c2)C2=C(C(=O)CC2)C1c1ccc(C#N)cc1F,8.92,0.0,1
CHEMBL248,CCNC(=O)N1C(=O)N(c2cccc(C(F)(F)F)c2)C2=C(C(=O)CC2)C1c1ccc(C#N)cc1OC,9.0,0.0,1
CHEMBL248,CCNC(=O)N1C(=O)N(c2ccnc(C(F)(F)F)c2)C2=C(C(=O)CC2)C1c1ccc(C#N)cc1,8.48,0.0,1
CHEMBL248,CCNC(=O)N1C(=O)N(c2ccnc(C(F)(F)F)c2)C2=C(C(=O)CC2)[C@@H]1c1ccc(C#N)cc1S(=O)(=O)CC,6.47,0.0,1
CHEMBL248,CCNC(=O)N1CCC2=C(C1=O)C(c1ccc(C#N)cc1)NC(=O)N2c1cccc(C(F)(F)F)c1,8.31,0.0,1
CHEMBL248,CCNC(=O)c1cc(C#N)ccc1C1C(C(=O)OCC)=C(C)N(c2cccc(C(F)(F)F)c2)C(=O)N1C,8.52,0.0,1
CHEMBL248,CCNC(=O)c1cc(C#N)ccc1C1C2=C(CCC2=O)N(c2cccc(C(F)(F)F)c2)C(=O)N1C,8.26,0.0,1
CHEMBL248,CCOC(=O)/C=C1\[C@@H](C(C)O[Si](C)(C)C(C)(C)C)C(=O)N1C(=O)c1cc(OCc2ccccc2)c(OCc2ccccc2)c(OCc2ccccc2)c1,6.3,0.0,1
CHEMBL248,CCOC(=O)C(CSCc1ccccc1)NC(=O)c1coc(-c2ccc(N)cc2)n1,4.49,0.0,1
CHEMBL248,CCOC(=O)C(F)(F)C(=O)[C@@H](NC(=O)CN(C(=O)[C@@H](NC(=O)OCc1ccccc1)C(C)C)C1Cc2ccccc2C1)C(C)C,6.2,0.0,1
CHEMBL248,CCOC(=O)C(F)(F)C(=O)[C@@H](NC(=O)CN(C(=O)[C@@H](NC(=O)c1ccc(C(=O)NS(=O)(=O)c2ccc(Cl)cc2)cc1)C(C)C)C1Cc2ccccc2C1)C(C)C,6.39,0.0,1
CHEMBL248,CCOC(=O)C(F)(F)C(=O)[C@H](CC(C)C)NC(=O)CN(C(=O)[C@@H](NC(=O)OCc1ccccc1)C(C)C)C1Cc2ccccc2C1,4.96,0.0,1
CHEMBL248,CCOC(=O)C(F)(F)C(=O)[C@H](CC(C)C)NC(=O)CN(C(=O)[C@@H](NC(=O)c1ccc(C(=O)NS(=O)(=O)c2ccc(Cl)cc2)cc1)C(C)C)C1Cc2ccccc2C1,5.31,0.0,1
CHEMBL248,CCOC(=O)C1=C(C)N(c2cccc(C(F)(F)F)c2)C(=O)CC1c1ccc(C#N)cc1,7.16,0.0,1
CHEMBL248,CCOC(=O)C1=C(C)N(c2cccc(C(F)(F)F)c2)C(=O)N(C)C1c1ccc(C#N)cc1-c1ccco1,8.43,0.0,1
CHEMBL248,CCOC(=O)C1=C(C)N(c2cccc(C(F)(F)F)c2)C(=O)N(C)C1c1ccc(C#N)cc1-c1ccn(C)n1,8.62,0.0,1
CHEMBL248,CCOC(=O)C1=C(C)N(c2cccc(C(F)(F)F)c2)C(=O)N(C)C1c1ccc(C#N)cc1-c1ccnn1C,8.51,0.0,1
CHEMBL248,CCOC(=O)C1=C(C)N(c2cccc(C(F)(F)F)c2)C(=O)N(C)C1c1ccc(C#N)cc1-c1ccoc1,8.49,0.0,1
CHEMBL248,CCOC(=O)C1=C(C)N(c2cccc(C(F)(F)F)c2)C(=O)N(C)C1c1ccc(C#N)cc1-c1cn[nH]c1,8.72,0.0,1
CHEMBL248,CCOC(=O)C1=C(C)N(c2cccc(C(F)(F)F)c2)C(=O)N(C)C1c1ccc(C#N)cc1C(=O)N(C)CCCOC,8.96,0.0,1
CHEMBL248,CCOC(=O)C1=C(C)N(c2cccc(C(F)(F)F)c2)C(=O)N(C)C1c1ccc(C#N)cc1C(=O)N(C)CCOC,9.0,0.0,1
CHEMBL248,CCOC(=O)C1=C(C)N(c2cccc(C(F)(F)F)c2)C(=O)N(C)C1c1ccc(C#N)cc1C(=O)N1CC2COCC(C1)N2,7.94,0.0,1
CHEMBL248,CCOC(=O)C1=C(C)N(c2cccc(C(F)(F)F)c2)C(=O)N(C)C1c1ccc(C#N)cc1C(=O)N1CCC(N)CC1,8.32,0.0,1
CHEMBL248,CCOC(=O)C1=C(C)N(c2cccc(C(F)(F)F)c2)C(=O)N(C)C1c1ccc(C#N)cc1C(=O)N1CCC(N2CCOCC2)C1,8.96,0.0,1
CHEMBL248,CCOC(=O)C1=C(C)N(c2cccc(C(F)(F)F)c2)C(=O)N(C)C1c1ccc(C#N)cc1C(=O)N1CCC(N2CCOCC2)CC1,8.72,0.0,1
CHEMBL248,CCOC(=O)C1=C(C)N(c2cccc(C(F)(F)F)c2)C(=O)N(C)C1c1ccc(C#N)cc1C(=O)N1CCC(O)CC1,8.66,0.0,1
CHEMBL248,CCOC(=O)C1=C(C)N(c2cccc(C(F)(F)F)c2)C(=O)N(C)C1c1ccc(C#N)cc1C(=O)N1CCC1,8.52,0.0,1
CHEMBL248,CCOC(=O)C1=C(C)N(c2cccc(C(F)(F)F)c2)C(=O)N(C)C1c1ccc(C#N)cc1C(=O)N1CCN(C(C)=O)CC1,8.89,0.0,1
CHEMBL248,CCOC(=O)C1=C(C)N(c2cccc(C(F)(F)F)c2)C(=O)N(C)C1c1ccc(C#N)cc1C(=O)N1CCN(C(C)C)CC1,8.74,0.0,1
CHEMBL248,CCOC(=O)C1=C(C)N(c2cccc(C(F)(F)F)c2)C(=O)N(C)C1c1ccc(C#N)cc1C(=O)N1CCN(C2CC2)CC1,8.54,0.0,1
CHEMBL248,CCOC(=O)C1=C(C)N(c2cccc(C(F)(F)F)c2)C(=O)N(C)C1c1ccc(C#N)cc1C(=O)N1CCN(CC)CC1,8.52,0.0,1
CHEMBL248,CCOC(=O)C1=C(C)N(c2cccc(C(F)(F)F)c2)C(=O)N(C)C1c1ccc(C#N)cc1C(=O)N1CCN2CCCC2C1,8.55,0.0,1
CHEMBL248,CCOC(=O)C1=C(C)N(c2cccc(C(F)(F)F)c2)C(=O)N(C)C1c1ccc(C#N)cc1C(=O)N1CCN2CCOCC2C1,8.42,0.0,1
CHEMBL248,CCOC(=O)C1=C(C)N(c2cccc(C(F)(F)F)c2)C(=O)N(C)C1c1ccc(C#N)cc1C(=O)N1CCNC(C)C1,8.7,0.0,1
CHEMBL248,CCOC(=O)C1=C(C)N(c2cccc(C(F)(F)F)c2)C(=O)N(C)C1c1ccc(C#N)cc1C(=O)N1CCNCC1,8.85,0.0,1
CHEMBL248,CCOC(=O)C1=C(C)N(c2cccc(C(F)(F)F)c2)C(=O)N(C)C1c1ccc(C#N)cc1C(=O)N1CCOCC1,8.7,0.0,1
CHEMBL248,CCOC(=O)C1=C(C)N(c2cccc(C(F)(F)F)c2)C(=O)N(C)C1c1ccc(C#N)cc1C(=O)N1CC[C@@H](N(C)C)C1,8.55,0.0,1
CHEMBL248,CCOC(=O)C1=C(C)N(c2cccc(C(F)(F)F)c2)C(=O)N(C)C1c1ccc(C#N)cc1C(=O)N1CC[C@H](N(C)C)C1,9.0,0.0,1
CHEMBL248,CCOC(=O)C1=C(C)N(c2cccc(C(F)(F)F)c2)C(=O)N(C)C1c1ccc(C#N)cc1C(=O)N1C[C@H]2C[C@@H]1CN2,8.62,0.0,1
CHEMBL248,CCOC(=O)C1=C(C)N(c2cccc(C(F)(F)F)c2)C(=O)N(C)C1c1ccc(C#N)cc1C(=O)NC,8.52,0.0,1
CHEMBL248,CCOC(=O)C1=C(C)N(c2cccc(C(F)(F)F)c2)C(=O)N(C)C1c1ccc(C#N)cc1C(=O)NC1CC1,8.52,0.0,1
CHEMBL248,CCOC(=O)C1=C(C)N(c2cccc(C(F)(F)F)c2)C(=O)N(C)C1c1ccc(C#N)cc1C(=O)NC1CCC(O)C1,8.89,0.0,1
CHEMBL248,CCOC(=O)C1=C(C)N(c2cccc(C(F)(F)F)c2)C(=O)N(C)C1c1ccc(C#N)cc1C(=O)NC1CCN(C(C)C)C1,8.96,0.0,1
CHEMBL248,CCOC(=O)C1=C(C)N(c2cccc(C(F)(F)F)c2)C(=O)N(C)C1c1ccc(C#N)cc1C(=O)NC1CCN(C)C1,8.89,0.0,1
CHEMBL248,CCOC(=O)C1=C(C)N(c2cccc(C(F)(F)F)c2)C(=O)N(C)C1c1ccc(C#N)cc1C(=O)NC1CCN(C)CC1,9.0,0.0,1
CHEMBL248,CCOC(=O)C1=C(C)N(c2cccc(C(F)(F)F)c2)C(=O)N(C)C1c1ccc(C#N)cc1C(=O)NC1CCNCC1,8.77,0.0,1
CHEMBL248,CCOC(=O)C1=C(C)N(c2cccc(C(F)(F)F)c2)C(=O)N(C)C1c1ccc(C#N)cc1C(=O)NC1CCOC1,8.85,0.0,1
CHEMBL248,CCOC(=O)C1=C(C)N(c2cccc(C(F)(F)F)c2)C(=O)N(C)C1c1ccc(C#N)cc1C(=O)NC1CCOCC1,8.85,0.0,1
CHEMBL248,CCOC(=O)C1=C(C)N(c2cccc(C(F)(F)F)c2)C(=O)N(C)C1c1ccc(C#N)cc1C(=O)NC1CCS(=O)(=O)C1,9.0,0.0,1
CHEMBL248,CCOC(=O)C1=C(C)N(c2cccc(C(F)(F)F)c2)C(=O)N(C)C1c1ccc(C#N)cc1C(=O)NCC#N,8.52,0.0,1
CHEMBL248,CCOC(=O)C1=C(C)N(c2cccc(C(F)(F)F)c2)C(=O)N(C)C1c1ccc(C#N)cc1C(=O)NCC(=O)N1CCOCC1,9.0,0.0,1
CHEMBL248,CCOC(=O)C1=C(C)N(c2cccc(C(F)(F)F)c2)C(=O)N(C)C1c1ccc(C#N)cc1C(=O)NCC(C)(C)C#N,8.8,0.0,1
CHEMBL248,CCOC(=O)C1=C(C)N(c2cccc(C(F)(F)F)c2)C(=O)N(C)C1c1ccc(C#N)cc1C(=O)NCC(C)(C)O,8.89,0.0,1
CHEMBL248,CCOC(=O)C1=C(C)N(c2cccc(C(F)(F)F)c2)C(=O)N(C)C1c1ccc(C#N)cc1C(=O)NCC(F)(F)F,8.8,0.0,1
CHEMBL248,CCOC(=O)C1=C(C)N(c2cccc(C(F)(F)F)c2)C(=O)N(C)C1c1ccc(C#N)cc1C(=O)NCCCOC,8.92,0.0,1
CHEMBL248,CCOC(=O)C1=C(C)N(c2cccc(C(F)(F)F)c2)C(=O)N(C)C1c1ccc(C#N)cc1C(=O)NCCO,8.52,0.0,1
CHEMBL248,CCOC(=O)C1=C(C)N(c2cccc(C(F)(F)F)c2)C(=O)N(C)C1c1ccc(C#N)cc1C(=O)NCCS(C)(=O)=O,8.96,0.0,1
CHEMBL248,CCOC(=O)C1=C(C)N(c2cccc(C(F)(F)F)c2)C(=O)N(C)C1c1ccc(C#N)cc1C(=O)N[C@@H]1CCNC1,8.96,0.0,1
CHEMBL248,CCOC(=O)C1=C(C)N(c2cccc(C(F)(F)F)c2)C(=O)N(C)C1c1ccc(C#N)cc1C(=O)N[C@H]1CCNC1,8.92,0.0,1
CHEMBL248,CCOC(=O)C1=C(C)N(c2cccc(C(F)(F)F)c2)C(=O)N(C)C1c1ccc(C#N)cc1C(N)=O,8.52,0.0,1
CHEMBL248,CCOC(=O)C1=C(C)N(c2cccc(C(F)(F)F)c2)C(=O)N(C)C1c1ccc(C#N)cc1C1=CCN(C(=O)OC(C)(C)C)CC1,8.52,0.0,1
CHEMBL248,CCOC(=O)C1=C(C)N(c2cccc(C(F)(F)F)c2)C(=O)N(C)C1c1ccc(C#N)cc1C1=CCNCC1,8.52,0.0,1
CHEMBL248,CCOC(=O)C1=C(C)N(c2cccc(C(F)(F)F)c2)C(=O)N(C)C1c1ccc(C#N)cc1C1=CCOCC1,8.92,0.0,1
CHEMBL248,CCOC(=O)C1=C(C)N(c2cccc(C(F)(F)F)c2)C(=O)N(C)C1c1ccc(C#N)cc1C1=COCC1,8.72,0.0,1
CHEMBL248,CCOC(=O)C1=C(C)N(c2cccc(C(F)(F)F)c2)C(=O)N(CC(=O)O)[C@@H]1c1ccc(C#N)cc1,8.68,0.0,1
CHEMBL248,CCOC(=O)C1=C(C)N(c2cccc(C(F)(F)F)c2)C(=O)N(CC(N)=O)[C@@H]1c1ccc(C#N)cc1,9.0,0.0,1
CHEMBL248,CCOC(=O)C1=C(C)N(c2cccc(C(F)(F)F)c2)C(=O)N[C@@H]1c1ccc(C#N)cc1,7.57,0.0,1
CHEMBL248,CCOC(=O)C1=C(C)N(c2cccc(C(F)(F)F)c2)c2nc3cncnc3n2C1c1ccc(C#N)cc1,8.52,0.0,1
CHEMBL248,CCOC(=O)C1=C(C)N(c2cccc(C(F)(F)F)c2)c2nccn2[C@@H]1c1ccc(C#N)cc1,8.19,0.0,1
CHEMBL248,CCOC(=O)C1=C(COC(C)=O)CS(=O)(=O)[C@@H]2[C@@H](OC)C(=O)N12,6.7,0.0,1
CHEMBL248,CCOC(=O)C1=C(N)N(c2cccc(C(F)(F)F)c2)C(C)=C(C(C)=O)C1c1ccc(Br)cc1,6.7,0.0,1
CHEMBL248,CCOC(=O)C1=C(N)N(c2cccc(C(F)(F)F)c2)C(C)=C(C(C)=O)C1c1ccc(C#N)cc1,7.7,0.0,1
CHEMBL248,CCOC(=O)C1=C(N)N(c2cccc([N+](=O)[O-])c2)C(C)=C(C(C)=O)C1c1ccc(Br)cc1,6.7,0.0,1
CHEMBL248,CCOC(=O)C1=C(N)N(c2cccc([N+](=O)[O-])c2)C2=C(C(=O)CCC2)C1c1ccc(Br)cc1,6.05,0.0,1
CHEMBL248,CCOC(=O)C1=C(N)N(c2cccc([N+](=O)[O-])c2)C2=C(C(=O)CCC2)[C@@H]1c1ccc(Br)cc1,5.16,0.0,1
CHEMBL248,CCOC(=O)C1=C(N)N(c2cccc([N+](=O)[O-])c2)C2=C(C(=O)CCC2)[C@H]1c1ccc(Br)cc1,6.7,0.0,1
CHEMBL248,CCOC(=O)CCC(=O)Nc1nc(/C(=N\OC)C(=O)N[C@H](C(=O)N(CC(=O)NC(C(=O)C(F)(F)F)C(C)C)C2Cc3ccccc3C2)C(C)C)cs1,6.34,0.0,1
CHEMBL248,CCOC(=O)CNC(=O)CNC(=O)C(F)(F)C(=O)[C@@H](NC(=O)CN(C(=O)[C@@H](NC(=O)OCc1ccccc1)C(C)C)C1Cc2ccccc2C1)C(C)C,7.16,0.0,1
CHEMBL248,CCOC(=O)COC(=O)C1=C(COC(C)=O)CS(=O)(=O)[C@@H]2[C@@H](OC)C(=O)N12,7.0,0.0,1
CHEMBL248,CCOC(=O)N1C(=O)N(c2cccc(C(F)(F)F)c2)C2=C(C(=O)CC2)C1c1ccc(C#N)cc1,8.38,0.0,1
CHEMBL248,CCOC(=O)N1CCC(N(CC(=O)NC(C(=O)C(F)(F)F)C(C)C)C(=O)[C@@H](NC(=O)OCc2ccccc2)C(C)C)CC1,6.29,0.0,1
CHEMBL248,CCOC(=O)N1CCC(N(CC(=O)NC(C(=O)C(F)(F)F)C(C)C)C(=O)[C@@H](NC(=O)c2ccc(C(=O)NS(=O)(=O)c3ccc(Cl)cc3)cc2)C(C)C)CC1,7.24,0.0,1
CHEMBL248,CCOC(=O)[C@H]1C(=O)N(c2cccc(C(F)(F)F)c2)C(C)=C(C(C)=O)[C@H]1c1ccc(C#N)cc1,7.4,0.0,1
CHEMBL248,CCOC(=O)c1c(C)nc(C)c(C(=O)OCC)c1-c1ccc(C(=O)NS(=O)(=O)c2ccc(C(=O)N[C@H](C(=O)N3C4CCC(CC4)[C@@H]3C(=O)NC(C(=O)C(F)(F)F)C(C)C)C(C)C)cc2)cc1,7.39,0.0,1
CHEMBL248,CCOC(=O)c1ccccc1NC(=O)c1ccc(OC(=O)C(C)(C)C)cc1,6.32,0.0,1
CHEMBL248,CCOC(=O)c1cn(C(=O)C2CC2)c2ncccc12,6.21,0.0,1
CHEMBL248,CCOC(=O)c1cn(C(=O)c2ccc(C#N)cc2)c2ncccc12,4.42,0.0,1
CHEMBL248,CCOC(=O)c1cn(C(=O)c2ccc(C)cc2)c2ncccc12,6.19,0.0,1
CHEMBL248,CCOC(=O)c1cn(C(=O)c2cccc(C#N)c2)c2ncccc12,4.94,0.0,1
CHEMBL248,CCOC(=O)c1cn(C(=O)c2cccc(C)c2)c2ncccc12,6.11,0.0,1
CHEMBL248,CCOC(=O)c1nn(C(=O)C2CC2)c2ccncc12,7.16,0.0,1
CHEMBL248,CCOC(=O)c1nn(C(=O)C2CCCC2)c2ccccc12,6.32,0.0,1
CHEMBL248,CCOC(=O)c1nn(C(=O)CC)c2ccccc12,6.4,0.0,1
CHEMBL248,CCOC(=O)c1nn(C(=O)c2ccc(C#N)cc2)c2ccccc12,4.42,0.0,1
CHEMBL248,CCOC(=O)c1nn(C(=O)c2ccc(C)cc2)c2ccccc12,4.44,0.0,1
CHEMBL248,CCOC(=O)c1nn(C(=O)c2ccc(Cl)cc2)c2ccccc12,4.72,0.0,1
CHEMBL248,CCOC(=O)c1nn(C(=O)c2ccc(F)cc2)c2ccccc12,5.24,0.0,1
CHEMBL248,CCOC(=O)c1nn(C(=O)c2ccc3c(c2)OCO3)c2ccccc12,4.55,0.0,1
CHEMBL248,CCOC(=O)c1nn(C(=O)c2cccc(C)c2)c2ccc(Br)cc12,7.1,0.0,1
CHEMBL248,CCOC(=O)c1nn(C(=O)c2cccc(C)c2)c2ccc(C)cc12,6.66,0.0,1
CHEMBL248,CCOC(=O)c1nn(C(=O)c2cccc(C)c2)c2ccc(Cl)cc12,6.82,0.0,1
CHEMBL248,CCOC(=O)c1nn(C(=O)c2cccc(C)c2)c2ccc(F)cc12,7.0,0.0,1
CHEMBL248,CCOC(=O)c1nn(C(=O)c2cccc(C)c2)c2ccc(N(C)C)cc12,6.85,0.0,1
CHEMBL248,CCOC(=O)c1nn(C(=O)c2cccc(C)c2)c2ccc(N)cc12,6.48,0.0,1
CHEMBL248,CCOC(=O)c1nn(C(=O)c2cccc(C)c2)c2ccc(NC(=O)C3CC3)cc12,7.92,0.0,1
CHEMBL248,CCOC(=O)c1nn(C(=O)c2cccc(C)c2)c2ccc(NC(=O)C3CCCC3)cc12,7.3,0.0,1
CHEMBL248,CCOC(=O)c1nn(C(=O)c2cccc(C)c2)c2ccc(NC(=O)C3CCCCC3)cc12,7.0,0.0,1
CHEMBL248,CCOC(=O)c1nn(C(=O)c2cccc(C)c2)c2ccc(NC(=O)CC)cc12,7.75,0.0,1
CHEMBL248,CCOC(=O)c1nn(C(=O)c2cccc(C)c2)c2ccc(NC(=O)c3ccccc3)cc12,6.68,0.0,1
CHEMBL248,CCOC(=O)c1nn(C(=O)c2cccc(C)c2)c2ccc(NC(C)=O)cc12,7.52,0.0,1
CHEMBL248,CCOC(=O)c1nn(C(=O)c2cccc(C)c2)c2ccc(NC)cc12,6.51,0.0,1
CHEMBL248,CCOC(=O)c1nn(C(=O)c2cccc(C)c2)c2ccc(Nc3ccccc3)cc12,6.48,0.0,1
CHEMBL248,CCOC(=O)c1nn(C(=O)c2cccc(C)c2)c2ccc(O)cc12,5.19,0.0,1
CHEMBL248,CCOC(=O)c1nn(C(=O)c2cccc(C)c2)c2ccc(OC(F)(F)F)cc12,6.96,0.0,1
CHEMBL248,CCOC(=O)c1nn(C(=O)c2cccc(C)c2)c2ccc(OC)cc12,6.85,0.0,1
CHEMBL248,CCOC(=O)c1nn(C(=O)c2cccc(C)c2)c2ccc([N+](=O)[O-])cc12,7.7,0.0,1
CHEMBL248,CCOC(=O)c1nn(C(=O)c2cccc(C)c2)c2ccccc12,6.39,0.0,1
CHEMBL248,CCOC(=O)c1nn(C(=O)c2cccc(C)c2)c2ccncc12,7.8,0.0,1
CHEMBL248,CCOC(=O)c1nn(C(=O)c2cccc(C)c2)c2ncccc12,5.7,0.0,1
CHEMBL248,CCOC(=O)c1nn(C(=O)c2cccc(Cl)c2)c2ccccc12,5.77,0.0,1
CHEMBL248,CCOC(=O)c1nn(C(=O)c2cccc(F)c2)c2ccccc12,5.77,0.0,1
CHEMBL248,CCOC(=O)c1nn(C(=O)c2cccc(N)c2)c2ccccc12,5.8,0.0,1
CHEMBL248,CCOC(=O)c1nn(C(=O)c2cccc(OC)c2)c2ccc(Br)cc12,6.57,0.0,1
CHEMBL248,CCOC(=O)c1nn(C(=O)c2cccc(OC)c2)c2ccc([N+](=O)[O-])cc12,7.6,0.0,1
CHEMBL248,CCOC(=O)c1nn(C(=O)c2cccc(OC)c2)c2ccccc12,6.1,0.0,1
CHEMBL248,CCOC(=O)c1nn(C(=O)c2ccccc2)c2ccc(Br)cc12,7.3,0.0,1
CHEMBL248,CCOC(=O)c1nn(C(=O)c2ccccc2)c2ccc(OC(F)(F)F)cc12,7.22,0.0,1
CHEMBL248,CCOC(=O)c1nn(C(=O)c2ccccc2)c2ccc(OC)cc12,7.1,0.0,1
CHEMBL248,CCOC(=O)c1nn(C(=O)c2ccccc2)c2ccc([N+](=O)[O-])cc12,7.7,0.0,1
CHEMBL248,CCOC(=O)c1nn(C(=O)c2ccccc2)c2ccccc12,6.4,0.0,1
CHEMBL248,CCOC(=O)c1nn(C(=O)c2ccccc2C)c2ccccc12,4.28,0.0,1
CHEMBL248,CCOC(=O)c1nn(C(=O)c2ccsc2)c2ccc(Br)cc12,6.58,0.0,1
CHEMBL248,CCOC(=O)c1nn(C(=O)c2ccsc2)c2ccc([N+](=O)[O-])cc12,7.52,0.0,1
CHEMBL248,CCOC(=O)c1nn(C(=O)c2ccsc2)c2ccccc12,6.03,0.0,1
CHEMBL248,CCOC(=O)c1nn(C(C)=O)c2ccccc12,5.32,0.0,1
CHEMBL248,CCOC(=S)SCC1=C(C(=O)OC(C)(C)C)N2C(=O)[C@H](OC)C2S(=O)(=O)C1,5.74,0.0,1
CHEMBL248,CCOC1=C(C(=O)OCc2ccccc2)N2C(=O)C(C(C)C)[C@H]2S1,5.7,0.0,1
CHEMBL248,CCOCOc1c(C(C)(C)C)cc(/C=C/C(=O)NS(=O)(=O)c2ccc(C(=O)NC(C(=O)N3[C@@H](C(=O)NC(C(=O)C(F)(F)F)C(C)C)C[C@H]4CCCC[C@H]43)C(C)C)cc2)cc1C(C)(C)C,7.44,0.0,1
CHEMBL248,CCO[C@H]1C(=O)N2C(C(=O)OC(C)(C)C)=C(COC(C)=O)CS(=O)(=O)[C@H]12,5.52,0.0,1
CHEMBL248,CCO[C@H]1C(=O)N2C(C(=O)OC(C)(C)C)=C(COC(C)=O)C[S+]([O-])[C@H]12,4.4,0.0,1
CHEMBL248,CCO[C@H]1C(=O)N2[C@@H](C(=O)OCc3ccccc3)C(C)(C)S(=O)(=O)[C@H]12,5.7,0.0,1
CHEMBL248,CCOc1ccccc1C(=O)N[C@]1(OC)C(=O)N2C(C(=O)OCc3ccc(C(=O)O)cc3)=C(CSc3nnnn3C)CO[C@@H]21,5.02,0.0,1
CHEMBL248,CCS(=O)(=NC#N)c1ccc(CNC(=O)c2cn(-c3ccnn3C)c(C)c(-c3cccc(C(F)(F)F)c3)c2=O)cc1,8.82,0.0,1
CHEMBL248,CCS(=O)(=NC#N)c1ccc(CNC(=O)c2cn(-c3ccnn3C)c(C)c(-c3cccc(C(F)F)c3)c2=O)cc1,9.0,0.0,1
CHEMBL248,CCS(=O)(=NC#N)c1ccc(CNC(=O)c2cn(C3CC3)c(C)c(-c3cccc(C(F)(F)F)c3)c2=O)cc1,8.48,0.2828427124746186,2
CHEMBL248,CCS(=O)(=O)N1C(=O)N(c2cccc(C(F)(F)F)c2)C2=C(C(=O)CC2)C1c1ccc(C#N)cc1,8.57,0.0,1
CHEMBL248,CCS(=O)(=O)c1cc(C#N)ccc1C1C2=C(CCC2=O)N(c2cccc(C(C)(F)F)c2)C(=O)N1C,8.92,0.0,1
CHEMBL248,CCS(=O)(=O)c1cc(C#N)ccc1C1C2=C(CCC2=O)N(c2cccc(C(F)(F)F)c2)C(=O)N1C,8.92,0.0,1
CHEMBL248,CCS(=O)(=O)c1cc(C#N)ccc1C1C2=C(CCC2=O)N(c2cccc(C(F)(F)F)c2)C(=O)N1S(C)(=O)=O,8.77,0.0,1
CHEMBL248,CCS(=O)(=O)c1cc(C#N)ccc1C1C2=C(CCC2=O)N(c2ccnc(C(F)(F)F)c2)C(=O)N1C,8.625,0.31819805153394587,2
CHEMBL248,CCS(=O)(=O)c1cc(C#N)ccc1C1NC(=O)N(c2cccc(C(F)(F)F)c2)C2=C1C(=O)CC2,8.33,0.0,1
CHEMBL248,CCS(=O)(=O)c1cc(C#N)ccc1C1NC(=O)N(c2cccc(C(F)F)c2)C2=C1C(=O)CC2,8.26,0.0,1
CHEMBL248,CCS(=O)(=O)c1cc(C#N)ccc1C1NC(=O)N(c2ccnc(C(F)(F)F)c2)C2=C1C(=O)CC2,7.62,0.0,1
CHEMBL248,CCS(=O)(=O)c1cc(C#N)ccc1[C@@H]1C2=C(CCC2=O)N(c2ccnc(C(F)(F)F)c2)C(=O)N1C,5.55,0.0,1
CHEMBL248,CCS(=O)(=O)c1cc(C#N)ccc1[C@@H]1NC(=O)N(c2cccc(C(F)(F)F)c2)C2=C1C(=O)CC2,7.48,0.0,1
CHEMBL248,CCS(=O)(=O)c1cc(C#N)ccc1[C@@H]1NC(=O)N(c2cccc(C(F)F)c2)C2=C1C(=O)CC2,6.05,0.0,1
CHEMBL248,CCS(=O)(=O)c1cc(C#N)ccc1[C@H]1NC(=O)N(c2cccc(C(F)(F)F)c2)C2=C1C(=O)CC2,8.92,0.0,1
CHEMBL248,CCS(=O)(=O)c1cc(C#N)ccc1[C@H]1NC(=O)N(c2cccc(C(F)F)c2)C2=C1C(=O)CC2,8.66,0.0,1
CHEMBL248,CCS(=O)(=O)c1ccc(CNC(=O)c2cn(C(C)C)c(C)c(-c3cccc(C(F)(F)F)c3)c2=O)cc1,7.89,0.0,1
CHEMBL248,CCSC1=C(C(=O)OCc2ccccc2)N2C(=O)C(C(C)O)[C@H]2S1,5.7,0.0,1
CHEMBL248,CCSC1=C(C(=O)OCc2ccccc2)N2C(=O)[C@H](C(C)C)[C@@H]2S1,6.22,0.0,1
CHEMBL248,CCSC1=C(C(=O)OCc2ccccc2)N2C(=O)[C@H](C(C)C)[C@H]2S1,5.52,0.0,1
CHEMBL248,CC[C@@H](C)n1cc(C(=O)NCc2ccc(S(C)(=O)=O)cc2)c(=O)c(-c2cccc(C(F)F)c2)c1C,8.1,0.0,1
CHEMBL248,CC[C@@H](C)n1cc(C(=O)NCc2ccc(S(C)(=O)=O)cc2)c(=O)c(-c2ccnc(C(F)(F)F)c2)c1C,7.46,0.0,1
CHEMBL248,CC[C@@H](C)n1cc(C(=O)NCc2ccc(S(C)(=O)=O)cn2)c(=O)c(-c2cccc(C(F)(F)F)c2)c1C,8.0,0.0,1
CHEMBL248,CC[C@@H](C)n1cc(C(=O)NCc2ccc(S(C)(=O)=O)cn2)c(=O)c(-c2cccc(C(F)F)c2)c1C,8.0,0.0,1
CHEMBL248,CC[C@@H](C)n1cc(C(=O)NCc2ccc(S(C)(=O)=O)cn2)c(=O)c(-c2ccnc(C(F)(F)F)c2)c1C,7.4,0.0,1
CHEMBL248,CC[C@@H](C)n1cc(C(=O)NCc2nnc(C)o2)c(=O)c(-c2cccc(C(F)(F)F)c2)c1C,7.43,0.0,1
CHEMBL248,CC[C@@H](C)n1cc(C(=O)NCc2nnc(C)o2)c(=O)c(-c2cccc(C(F)F)c2)c1C,7.52,0.0,1
CHEMBL248,CC[C@@H](NC(=O)N1CC(=O)NC[C@@H](Cc2cc(Cl)ccc2OC)C1=O)c1ccc(C(=O)O)c(N)c1,4.0,0.0,1
CHEMBL248,CC[C@@H]1C(=O)N(C(=O)NCc2ccncc2)[C@H]1Cc1ccccc1,5.92,0.0,1
CHEMBL248,CC[C@@]1(NC(=O)C(F)(F)F)C(=O)N2[C@@H](C(=O)OCc3ccccc3)C(C)(C)S(=O)(=O)[C@@H]21,5.52,0.0,1
CHEMBL248,CC[C@H](C)[C@H](NC(=O)Cc1ccc2ccccc2c1)C(=O)N[C@@H](CC(C)C)[Si](C)(O)O,4.41,0.0,1
CHEMBL248,CC[C@H](C)[C@H](NC(=O)OC(C)(C)C)C(=O)N1CCC[C@H]1C(=O)NC(C(C)C)P(=O)(Oc1ccccc1)Oc1ccccc1,6.4,0.0,1
CHEMBL248,CC[C@H](C)[C@H](NC(=O)[C@@H](CCC(=O)O)NC(=O)[C@H](CC(=O)O)NC(C)=O)C(=O)N[C@H](C(=O)N1C[C@H](OCc2ccccc2)C[C@H]1C(=O)NN(CC)C(=O)N[C@@H](C)c1ccccc1)C(C)C,4.68,0.0,1
CHEMBL248,CC[C@H](C)n1cc(C(=O)NCc2ccc(S(C)(=O)=O)cc2)c(=O)c(-c2cccc(C(F)(F)F)c2)c1C,8.05,0.0,1
CHEMBL248,CC[C@H](C)n1cc(C(=O)NCc2ccc(S(C)(=O)=O)cc2)c(=O)c(-c2cccc(C(F)F)c2)c1C,7.92,0.0,1
CHEMBL248,CC[C@H](C)n1cc(C(=O)NCc2ccc(S(C)(=O)=O)cc2)c(=O)c(-c2ccnc(C(F)(F)F)c2)c1C,7.27,0.0,1
CHEMBL248,CC[C@H](C)n1cc(C(=O)NCc2ccc(S(C)(=O)=O)cn2)c(=O)c(-c2cccc(C(F)(F)F)c2)c1C,7.82,0.0,1
CHEMBL248,CC[C@H](C)n1cc(C(=O)NCc2ccc(S(C)(=O)=O)cn2)c(=O)c(-c2cccc(C(F)F)c2)c1C,7.96,0.0,1
CHEMBL248,CC[C@H](C)n1cc(C(=O)NCc2ccc(S(C)(=O)=O)cn2)c(=O)c(-c2ccnc(C(F)(F)F)c2)c1C,7.2,0.0,1
CHEMBL248,CC[C@H](C)n1cc(C(=O)NCc2nnc(C)o2)c(=O)c(-c2cccc(C(F)F)c2)c1C,7.66,0.0,1
CHEMBL248,CC[C@H](NC(=O)[C@H]1CCCN1C(=O)[C@@H](NC(=O)[C@@H](NC(=O)[C@H](CCC(=O)O)NC(=O)[C@@H](N)CC(=O)O)C(C)C)C(C)C)B1O[C@@H]2C[C@@H]3C[C@@H](C3(C)C)[C@]2(C)O1,7.7,0.0,1
CHEMBL248,CC[C@H]1C(=O)N2C(C(=O)OC(C)(C)C)=C(COC(C)=O)CS(=O)(=O)[C@H]12,5.7,0.0,1
CHEMBL248,CC[S+]([O-])c1cc(C#N)ccc1[C@@H]1C2=C(CCC2=O)N(c2cccc(C(F)(F)F)c2)C(=O)N1C,8.72,0.0,1
CHEMBL248,CC[S+]([O-])c1cc(C#N)ccc1[C@@H]1NC(=O)N(c2cccc(C(F)(F)F)c2)C2=C1C(=O)CC2,8.05,0.0,1
CHEMBL248,CC[S+]([O-])c1cc(C#N)ccc1[C@H]1C2=C(CCC2=O)N(c2cccc(C(F)(F)F)c2)C(=O)N1C,8.72,0.0,1
CHEMBL248,CC[S+]([O-])c1cc(C#N)ccc1[C@H]1NC(=O)N(c2cccc(C(F)(F)F)c2)C2=C1C(=O)CC2,8.28,0.0,1
CHEMBL248,CCc1c(-c2cccc(C(F)(F)F)c2)c(=O)c(C(=O)NCc2ccc(S(=O)(=O)CC)cc2)cn1C(C)C,7.96,0.0,1
CHEMBL248,CCc1cc(N(C)C)cc2nc(-c3cccnc3N3CCN(C)CC3)oc(=O)c12,5.28,0.0,1
CHEMBL248,CCc1cc(N(C)C)cc2nc(-c3cccnc3N3CCN(C4CCN(C)CC4)CC3)oc(=O)c12,5.58,0.0,1
CHEMBL248,CCc1cc(OC)cc2nc(-c3cccnc3N3CCC(C(=O)O)CC3)oc(=O)c12,7.55,0.0,1
CHEMBL248,CCc1cc(OC)cc2nc(-c3cccnc3N3CCC[C@@H](C(=O)O)C3)oc(=O)c12,7.72,0.0,1
CHEMBL248,CCc1cc(OC)cc2nc(-c3cccnc3N3CCC[C@H](C(=O)O)C3)oc(=O)c12,7.6,0.0,1
CHEMBL248,CCc1cc(OC)cc2nc(-c3cccnc3N3CCN(C)CC3)oc(=O)c12,7.7,0.0,1
CHEMBL248,CCc1cc(OC)cc2nc(-c3cccnc3N3CCN(C4CCCC4)CC3)oc(=O)c12,7.47,0.0,1
CHEMBL248,CCc1cc(OC)cc2nc(-c3cccnc3N3CCN(C4CCN(C)CC4)CC3)oc(=O)c12,7.55,0.0,1
CHEMBL248,CCc1cc(OC)cc2nc(-c3cccnc3N3CCN(CC(=O)O)CC3)oc(=O)c12,7.64,0.0,1
CHEMBL248,CCc1cc(OC)cc2nc(-c3cccnc3N3CCN(CC(C)C)CC3)oc(=O)c12,7.68,0.0,1
CHEMBL248,CCc1cc(OC)cc2nc(-c3cccnc3N3CCN(CC4CC4)CC3)oc(=O)c12,7.55,0.0,1
CHEMBL248,CCc1cc(OC)cc2nc(-c3cccnc3N3CCN(CCC#N)CC3)oc(=O)c12,7.62,0.0,1
CHEMBL248,CCc1cc(OC)cc2nc(-c3cccnc3N3CCN(CCN(C)C)CC3)oc(=O)c12,7.68,0.0,1
CHEMBL248,CCc1cc(OC)cc2nc(-c3cccnc3N3CCN(CCN4CCOCC4)CC3)oc(=O)c12,7.66,0.0,1
CHEMBL248,CCc1cc(OC)cc2nc(-c3cccnc3N3CCN(CCO)CC3)oc(=O)c12,7.8,0.0,1
CHEMBL248,CCc1cc(OC)cc2nc(-c3cccnc3N3CCN(CCOC)CC3)oc(=O)c12,7.8,0.0,1
CHEMBL248,CCc1cc(OC)cc2nc(-c3cccnc3N3CC[C@H](N(C)C)C3)oc(=O)c12,8.15,0.0,1
CHEMBL248,CCc1cccc2nc(-c3cccnc3N3CCC(C(=O)O)CC3)oc(=O)c12,8.07,0.0,1
CHEMBL248,CCc1cccc2nc(-c3cccnc3N3CCN(C)CC3)oc(=O)c12,8.09,0.0,1
CHEMBL248,CCc1cccc2nc(-c3cccnc3N3CCN(C4CCN(C)CC4)CC3)oc(=O)c12,8.07,0.0,1
CHEMBL248,CCc1nnc(NS(=O)(=O)c2ccc(NC(=O)Nc3ccc(Cl)cc3)cc2)s1,4.11,0.0,1
CHEMBL248,CCn1cc(C(=O)NCc2ccc(S(=O)(=NC#N)C(C)C)cc2)c(=O)c(-c2cccc(C(F)F)c2)c1C,8.74,0.0,1
CHEMBL248,CCn1cc(C(=O)NCc2ccc(S(=O)(CC)=NC#N)cc2)c(=O)c(-c2cccc(C(F)(F)F)c2)c1C,8.745000000000001,0.247487373415292,2
CHEMBL248,CCn1cc(C(=O)NCc2ccc(S(=O)(CC)=NC#N)cc2)c(=O)c(-c2cccc(C(F)F)c2)c1C,8.74,0.1131370849898477,2
CHEMBL248,CCn1cc(C(=O)NCc2ccc(S(C)(=O)=NC#N)cc2)c(=O)c(-c2cccc(C(F)(F)F)c2)c1C,8.57,0.20952326839756982,3
CHEMBL248,CCn1cc(C(=O)NCc2ccc(S(C)(=O)=NC#N)cc2)c(=O)c(-c2cccc(C(F)F)c2)c1C,8.6,0.0,1
CHEMBL248,CCn1cc(C(=O)NCc2ccc(S(C)(=O)=O)cc2)c(=O)c(-c2cccc(C(F)(F)F)c2)c1C,7.48,0.0,1
CHEMBL248,CCn1cc(C(=O)NCc2ccc(S(C)(=O)=O)cc2)c(=O)c(-c2cccc(C(F)F)c2)c1C,7.54,0.0,1
CHEMBL248,CCn1cc(C(=O)NCc2ccc(S(C)(=O)=O)cn2)c(=O)c(-c2cccc(C(F)(F)F)c2)c1C,7.24,0.0,1
CHEMBL248,CN(C(=O)C(F)(F)F)[C@@H]1C(=O)N2[C@@H](C(=O)OCc3ccccc3)C(C)(C)S(=O)(=O)[C@H]12,6.16,0.0,1
CHEMBL248,CN(C(=O)C(F)(F)F)[C@H]1C(=O)N2[C@@H](C(=O)OCc3ccccc3)C(C)(C)S(=O)(=O)[C@H]12,6.7,0.0,1
CHEMBL248,CN(C(=O)CN1C(=O)N(c2cccc(C(F)(F)F)c2)C2=C(C(=O)CC2)C1c1ccc(C#N)cc1)C1CC1,8.96,0.0,1
CHEMBL248,CN(C)C(=O)CN1C(=O)N(c2cccc(C(F)(F)F)c2)C2=C(C(=O)CC2)C1c1ccc(C#N)cc1,8.24,0.0,1
CHEMBL248,CN(C)C(=O)CN1C(=O)N(c2cccc(C(F)(F)F)c2)C2=C(C(=O)CC2)C1c1ccc(C#N)cc1S(C)(=O)=O,8.96,0.0,1
CHEMBL248,CN(C)C(=O)N1C(=O)N(c2cccc(C(F)(F)F)c2)C2=C(C(=O)CC2)C1c1ccc(C#N)cc1,6.91,0.0,1
CHEMBL248,CN(C)C(=O)N1C(=O)N(c2cccc(C(F)(F)F)c2)C2=C(C(=O)CC2)[C@@H]1c1ccc(C#N)cc1,6.21,0.0,1
CHEMBL248,CN(C)C(=O)c1cc(C#N)ccc1C1C2=C(CCC2=O)N(c2cccc(C(F)(F)F)c2)C(=O)N1C,8.27,0.0,1
CHEMBL248,CN(C)C(=O)c1cc(C#N)ccc1C1C2=C(CCC2=O)N(c2ccnc(C(F)(F)F)c2)C(=O)N1C,7.78,0.0,1
CHEMBL248,CN(C)C(=O)c1cc(C#N)ccc1C1C2=C(CCCC2=O)N(c2cccc(C(F)(F)F)c2)C(=O)N1C,8.96,0.0,1
CHEMBL248,CN(C)C(=O)c1cc(C#N)ccc1[C@@H]1C2=C(CCC2=O)N(c2cccc(C(F)(F)F)c2)C(=O)N1C,8.96,0.0,1
CHEMBL248,CN(C)CCCNC(=O)CN1C(=O)N(c2cccc(C(F)(F)F)c2)C2=C(C(=O)CC2)C1c1ccc(C#N)cc1,7.885,0.007071067811865324,2
CHEMBL248,CN(C)CCN(C)C(=O)c1cc(C#N)ccc1C1C2=C(CCC2=O)N(c2cccc(C(F)(F)F)c2)C(=O)N1C,8.89,0.0,1
CHEMBL248,CN(C)CCNC(=O)N1C(=O)N(c2cccc(C(F)(F)F)c2)C2=C(C(=O)CC2)C1c1ccc(C#N)cc1,8.85,0.0,1
CHEMBL248,CN(C)CCNC(=O)c1cc(C#N)ccc1C1C2=C(CCC2=O)N(c2cccc(C(F)(F)F)c2)C(=O)N1C,8.32,0.0,1
CHEMBL248,CN(C)c1ccc(/C=C2\Oc3cc(O)ccc3C2=O)cc1,5.29,0.0,1
CHEMBL248,CN(C)c1ccc(/C=C2\Oc3ccccc3C2=O)cc1,5.54,0.0,1
CHEMBL248,CN(CC1CCOC1)C(=O)CN1C(=O)N(c2cccc(C(F)(F)F)c2)C2=C(C(=O)CC2)C1c1ccc(C#N)cc1,8.19,0.0,1
CHEMBL248,CN(CCN)C(=O)c1cc(C#N)ccc1C1C2=C(CCC2=O)N(c2cccc(C(F)(F)F)c2)C(=O)N1C,8.7,0.0,1
CHEMBL248,CN(CCN1CCOCC1)C(=O)c1cc(C#N)ccc1C1C2=C(CCC2=O)N(c2cccc(C(F)(F)F)c2)C(=O)N1C,8.8,0.0,1
CHEMBL248,CN(CCO)C(=O)c1cc(C#N)ccc1C1C2=C(CCC2=O)N(c2cccc(C(F)(F)F)c2)C(=O)N1C,8.54,0.0,1
CHEMBL248,CN(Cc1ccn(C)n1)C(=O)N1C(=O)N(c2cccc(C(F)(F)F)c2)C2=C(C(=O)CC2)C1c1ccc(C#N)cc1,8.92,0.0,1
CHEMBL248,CN(Cc1ccn(C)n1)C(=O)c1cc(C#N)ccc1C1C2=C(CCC2=O)N(c2cccc(C(F)(F)F)c2)C(=O)N1C,8.89,0.0,1
CHEMBL248,CN(Cc1ccncc1)C(=O)c1cc(C#N)ccc1C1C2=C(CCC2=O)N(c2cccc(C(F)(F)F)c2)C(=O)N1C,8.77,0.0,1
CHEMBL248,CN(Cc1ccon1)C(=O)c1cc(C#N)ccc1C1C2=C(CCC2=O)N(c2cccc(C(F)(F)F)c2)C(=O)N1C,8.96,0.0,1
CHEMBL248,CN(Cc1cnn(C)c1)C(=O)CN1C(=O)N(c2cccc(C(F)(F)F)c2)C2=C(C(=O)CC2)C1c1ccc(C#N)cc1S(C)(=O)=O,8.7,0.0,1
CHEMBL248,CN(Cc1nncn1C)C(=O)c1cc(C#N)ccc1C1C2=C(CCC2=O)N(c2cccc(C(F)(F)F)c2)C(=O)N1C,8.85,0.0,1
CHEMBL248,CN1C(=O)CCC1CNC(=O)CN1C(=O)N(c2cccc(C(F)(F)F)c2)C2=C(C(=O)CC2)C1c1ccc(C#N)cc1,7.845,0.007071067811865324,2
CHEMBL248,CN1C(=O)N(c2cc(C(F)(F)F)ccn2)C2=C(C(=O)CC2)C1c1ccc(C#N)cc1S(C)(=O)=O,8.02,0.0,1
CHEMBL248,CN1C(=O)N(c2cccc(C(C)(F)F)c2)C2=C(C(=O)CC2)C1c1ccc(C#N)cc1Br,8.15,0.0,1
CHEMBL248,CN1C(=O)N(c2cccc(C(F)(F)F)c2)C2=C(C(=O)CC2)C1c1ccc(C#N)cc1,8.405,0.30405591591021525,2
CHEMBL248,CN1C(=O)N(c2cccc(C(F)(F)F)c2)C2=C(C(=O)CC2)C1c1ccc(C#N)cc1-c1ccc2c(ccn2C)c1,8.22,0.0,1
CHEMBL248,CN1C(=O)N(c2cccc(C(F)(F)F)c2)C2=C(C(=O)CC2)C1c1ccc(C#N)cc1-c1ccc2c(cnn2C)c1,8.1,0.0,1
CHEMBL248,CN1C(=O)N(c2cccc(C(F)(F)F)c2)C2=C(C(=O)CC2)C1c1ccc(C#N)cc1-c1ccc2occc2c1,7.8,0.0,1
CHEMBL248,CN1C(=O)N(c2cccc(C(F)(F)F)c2)C2=C(C(=O)CC2)C1c1ccc(C#N)cc1-c1cccnc1,8.51,0.0,1
CHEMBL248,CN1C(=O)N(c2cccc(C(F)(F)F)c2)C2=C(C(=O)CC2)C1c1ccc(C#N)cc1-c1ccco1,8.48,0.0,1
CHEMBL248,CN1C(=O)N(c2cccc(C(F)(F)F)c2)C2=C(C(=O)CC2)C1c1ccc(C#N)cc1-c1ccn(C)c(=O)c1,8.92,0.0,1
CHEMBL248,CN1C(=O)N(c2cccc(C(F)(F)F)c2)C2=C(C(=O)CC2)C1c1ccc(C#N)cc1-c1ccn(C)n1,8.06,0.0,1
CHEMBL248,CN1C(=O)N(c2cccc(C(F)(F)F)c2)C2=C(C(=O)CC2)C1c1ccc(C#N)cc1-c1ccncc1,9.0,0.0,1
CHEMBL248,CN1C(=O)N(c2cccc(C(F)(F)F)c2)C2=C(C(=O)CC2)C1c1ccc(C#N)cc1-c1ccncn1,8.42,0.0,1
CHEMBL248,CN1C(=O)N(c2cccc(C(F)(F)F)c2)C2=C(C(=O)CC2)C1c1ccc(C#N)cc1-c1ccnn1C,8.14,0.0,1
CHEMBL248,CN1C(=O)N(c2cccc(C(F)(F)F)c2)C2=C(C(=O)CC2)C1c1ccc(C#N)cc1-c1ccoc1,8.48,0.0,1
CHEMBL248,CN1C(=O)N(c2cccc(C(F)(F)F)c2)C2=C(C(=O)CC2)C1c1ccc(C#N)cc1-c1cncnc1,8.89,0.0,1
CHEMBL248,CN1C(=O)N(c2cccc(C(F)(F)F)c2)C2=C(C(=O)CC2)C1c1ccc(C#N)cc1-c1cnco1,8.92,0.0,1
CHEMBL248,CN1C(=O)N(c2cccc(C(F)(F)F)c2)C2=C(C(=O)CC2)C1c1ccc(C#N)cc1-c1cncs1,8.72,0.0,1
CHEMBL248,CN1C(=O)N(c2cccc(C(F)(F)F)c2)C2=C(C(=O)CC2)C1c1ccc(C#N)cc1-c1nnco1,8.68,0.0,1
CHEMBL248,CN1C(=O)N(c2cccc(C(F)(F)F)c2)C2=C(C(=O)CC2)C1c1ccc(C#N)cc1Br,8.15,0.0,1
CHEMBL248,CN1C(=O)N(c2cccc(C(F)(F)F)c2)C2=C(C(=O)CC2)C1c1ccc(C#N)cc1C(=O)N(C)C1C2CC1C2,8.18,0.0,1
CHEMBL248,CN1C(=O)N(c2cccc(C(F)(F)F)c2)C2=C(C(=O)CC2)C1c1ccc(C#N)cc1C(=O)N1CC(O)C1,8.6,0.0,1
CHEMBL248,CN1C(=O)N(c2cccc(C(F)(F)F)c2)C2=C(C(=O)CC2)C1c1ccc(C#N)cc1C(=O)N1CC2COCC(C1)N2,7.44,0.0,1
CHEMBL248,CN1C(=O)N(c2cccc(C(F)(F)F)c2)C2=C(C(=O)CC2)C1c1ccc(C#N)cc1C(=O)N1CCC(N)CC1,7.82,0.0,1
CHEMBL248,CN1C(=O)N(c2cccc(C(F)(F)F)c2)C2=C(C(=O)CC2)C1c1ccc(C#N)cc1C(=O)N1CCC(N2CCOCC2)C1,8.52,0.0,1
CHEMBL248,CN1C(=O)N(c2cccc(C(F)(F)F)c2)C2=C(C(=O)CC2)C1c1ccc(C#N)cc1C(=O)N1CCC(O)CC1,7.99,0.0,1
CHEMBL248,CN1C(=O)N(c2cccc(C(F)(F)F)c2)C2=C(C(=O)CC2)C1c1ccc(C#N)cc1C(=O)N1CCC1,8.66,0.0,1
CHEMBL248,CN1C(=O)N(c2cccc(C(F)(F)F)c2)C2=C(C(=O)CC2)C1c1ccc(C#N)cc1C(=O)N1CCCC1,8.47,0.0,1
CHEMBL248,CN1C(=O)N(c2cccc(C(F)(F)F)c2)C2=C(C(=O)CC2)C1c1ccc(C#N)cc1C(=O)N1CCN(C2CC2)CC1,7.9,0.1131370849898477,2
CHEMBL248,CN1C(=O)N(c2cccc(C(F)(F)F)c2)C2=C(C(=O)CC2)C1c1ccc(C#N)cc1C(=O)N1CCN2CCCC2C1,8.12,0.0,1
CHEMBL248,CN1C(=O)N(c2cccc(C(F)(F)F)c2)C2=C(C(=O)CC2)C1c1ccc(C#N)cc1C(=O)N1CCN2CCOCC2C1,7.79,0.0,1
CHEMBL248,CN1C(=O)N(c2cccc(C(F)(F)F)c2)C2=C(C(=O)CC2)C1c1ccc(C#N)cc1C(=O)N1CCNCC1,8.12,0.0,1
CHEMBL248,CN1C(=O)N(c2cccc(C(F)(F)F)c2)C2=C(C(=O)CC2)C1c1ccc(C#N)cc1C(=O)N1CC[C@@H](N)C1,8.23,0.0,1
CHEMBL248,CN1C(=O)N(c2cccc(C(F)(F)F)c2)C2=C(C(=O)CC2)C1c1ccc(C#N)cc1C(=O)N1CC[C@H](N)C1,8.48,0.0,1
CHEMBL248,CN1C(=O)N(c2cccc(C(F)(F)F)c2)C2=C(C(=O)CC2)C1c1ccc(C#N)cc1C(=O)N1CCc2nocc2C1,8.01,0.0,1
CHEMBL248,CN1C(=O)N(c2cccc(C(F)(F)F)c2)C2=C(C(=O)CC2)C1c1ccc(C#N)cc1C(=O)N1CCn2cncc2C1,8.15,0.0,1
CHEMBL248,CN1C(=O)N(c2cccc(C(F)(F)F)c2)C2=C(C(=O)CC2)C1c1ccc(C#N)cc1C(=O)N1CCn2cnnc2C1,8.64,0.0,1
CHEMBL248,CN1C(=O)N(c2cccc(C(F)(F)F)c2)C2=C(C(=O)CC2)C1c1ccc(C#N)cc1C(=O)N1CCn2ncnc2C1,8.72,0.0,1
CHEMBL248,CN1C(=O)N(c2cccc(C(F)(F)F)c2)C2=C(C(=O)CC2)C1c1ccc(C#N)cc1C(=O)N1C[C@H]2C[C@@H]1CN2,8.14,0.0,1
CHEMBL248,CN1C(=O)N(c2cccc(C(F)(F)F)c2)C2=C(C(=O)CC2)C1c1ccc(C#N)cc1C(=O)N1C[C@H]2C[C@@H]1C[N+]2(C)C,8.15,0.0,1
CHEMBL248,CN1C(=O)N(c2cccc(C(F)(F)F)c2)C2=C(C(=O)CC2)C1c1ccc(C#N)cc1C(=O)N1Cc2ccncc2C1,8.41,0.0,1
CHEMBL248,CN1C(=O)N(c2cccc(C(F)(F)F)c2)C2=C(C(=O)CC2)C1c1ccc(C#N)cc1C(=O)N1Cc2cnn(C)c2C1,8.39,0.0,1
CHEMBL248,CN1C(=O)N(c2cccc(C(F)(F)F)c2)C2=C(C(=O)CC2)C1c1ccc(C#N)cc1C(=O)NC(C)(C)C#N,8.47,0.0,1
CHEMBL248,CN1C(=O)N(c2cccc(C(F)(F)F)c2)C2=C(C(=O)CC2)C1c1ccc(C#N)cc1C(=O)NC1CC1,8.2,0.0,1
CHEMBL248,CN1C(=O)N(c2cccc(C(F)(F)F)c2)C2=C(C(=O)CC2)C1c1ccc(C#N)cc1C(=O)NC1CCC(O)C1,8.12,0.0,1
CHEMBL248,CN1C(=O)N(c2cccc(C(F)(F)F)c2)C2=C(C(=O)CC2)C1c1ccc(C#N)cc1C(=O)NC1CCNCC1,8.15,0.0,1
CHEMBL248,CN1C(=O)N(c2cccc(C(F)(F)F)c2)C2=C(C(=O)CC2)C1c1ccc(C#N)cc1C(=O)NC1CCOC1,8.16,0.0,1
CHEMBL248,CN1C(=O)N(c2cccc(C(F)(F)F)c2)C2=C(C(=O)CC2)C1c1ccc(C#N)cc1C(=O)NC1CCOCC1,8.08,0.0,1
CHEMBL248,CN1C(=O)N(c2cccc(C(F)(F)F)c2)C2=C(C(=O)CC2)C1c1ccc(C#N)cc1C(=O)NC1CCS(=O)(=O)C1,8.37,0.0,1
CHEMBL248,CN1C(=O)N(c2cccc(C(F)(F)F)c2)C2=C(C(=O)CC2)C1c1ccc(C#N)cc1C(=O)NC1CC[C@@H](N(C)C)C1,8.25,0.0,1
CHEMBL248,CN1C(=O)N(c2cccc(C(F)(F)F)c2)C2=C(C(=O)CC2)C1c1ccc(C#N)cc1C(=O)NC1CC[C@H](N(C)C)C1,8.46,0.0,1
CHEMBL248,CN1C(=O)N(c2cccc(C(F)(F)F)c2)C2=C(C(=O)CC2)C1c1ccc(C#N)cc1C(=O)NC1COC1,8.28,0.0,1
CHEMBL248,CN1C(=O)N(c2cccc(C(F)(F)F)c2)C2=C(C(=O)CC2)C1c1ccc(C#N)cc1C(=O)NCC#N,8.51,0.0,1
CHEMBL248,CN1C(=O)N(c2cccc(C(F)(F)F)c2)C2=C(C(=O)CC2)C1c1ccc(C#N)cc1C(=O)NCC(=O)N1CCOCC1,8.22,0.0,1
CHEMBL248,CN1C(=O)N(c2cccc(C(F)(F)F)c2)C2=C(C(=O)CC2)C1c1ccc(C#N)cc1C(=O)NCC(C)(C)N,8.21,0.0,1
CHEMBL248,CN1C(=O)N(c2cccc(C(F)(F)F)c2)C2=C(C(=O)CC2)C1c1ccc(C#N)cc1C(=O)NCC(C)(C)O,8.02,0.0,1
CHEMBL248,CN1C(=O)N(c2cccc(C(F)(F)F)c2)C2=C(C(=O)CC2)C1c1ccc(C#N)cc1C(=O)NCC(F)(F)F,8.15,0.0,1
CHEMBL248,CN1C(=O)N(c2cccc(C(F)(F)F)c2)C2=C(C(=O)CC2)C1c1ccc(C#N)cc1C(=O)NCC(F)F,8.22,0.0,1
CHEMBL248,CN1C(=O)N(c2cccc(C(F)(F)F)c2)C2=C(C(=O)CC2)C1c1ccc(C#N)cc1C(=O)NCCCO,8.3,0.0,1
CHEMBL248,CN1C(=O)N(c2cccc(C(F)(F)F)c2)C2=C(C(=O)CC2)C1c1ccc(C#N)cc1C(=O)NCCF,8.26,0.0,1
CHEMBL248,CN1C(=O)N(c2cccc(C(F)(F)F)c2)C2=C(C(=O)CC2)C1c1ccc(C#N)cc1C(=O)NCCN,8.51,0.0,1
CHEMBL248,CN1C(=O)N(c2cccc(C(F)(F)F)c2)C2=C(C(=O)CC2)C1c1ccc(C#N)cc1C(=O)NCCN1CCOCC1,8.35,0.0,1
CHEMBL248,CN1C(=O)N(c2cccc(C(F)(F)F)c2)C2=C(C(=O)CC2)C1c1ccc(C#N)cc1C(=O)NCCO,8.24,0.0,1
CHEMBL248,CN1C(=O)N(c2cccc(C(F)(F)F)c2)C2=C(C(=O)CC2)C1c1ccc(C#N)cc1C(=O)NCCS(C)(=O)=O,8.34,0.0,1
CHEMBL248,CN1C(=O)N(c2cccc(C(F)(F)F)c2)C2=C(C(=O)CC2)C1c1ccc(C#N)cc1C(=O)NCc1ccc(C#N)o1,8.16,0.0,1
CHEMBL248,CN1C(=O)N(c2cccc(C(F)(F)F)c2)C2=C(C(=O)CC2)C1c1ccc(C#N)cc1C(=O)NCc1ccccc1,8.28,0.0,1
CHEMBL248,CN1C(=O)N(c2cccc(C(F)(F)F)c2)C2=C(C(=O)CC2)C1c1ccc(C#N)cc1C(=O)NCc1ccccn1,8.38,0.0,1
CHEMBL248,CN1C(=O)N(c2cccc(C(F)(F)F)c2)C2=C(C(=O)CC2)C1c1ccc(C#N)cc1C(=O)NCc1cccnc1,8.41,0.0,1
CHEMBL248,CN1C(=O)N(c2cccc(C(F)(F)F)c2)C2=C(C(=O)CC2)C1c1ccc(C#N)cc1C(=O)NCc1cccnn1,8.54,0.0,1
CHEMBL248,CN1C(=O)N(c2cccc(C(F)(F)F)c2)C2=C(C(=O)CC2)C1c1ccc(C#N)cc1C(=O)NCc1ccco1,8.66,0.0,1
CHEMBL248,CN1C(=O)N(c2cccc(C(F)(F)F)c2)C2=C(C(=O)CC2)C1c1ccc(C#N)cc1C(=O)NCc1ccn(C)n1,8.66,0.0,1
CHEMBL248,CN1C(=O)N(c2cccc(C(F)(F)F)c2)C2=C(C(=O)CC2)C1c1ccc(C#N)cc1C(=O)NCc1ccncc1,8.39,0.0,1
CHEMBL248,CN1C(=O)N(c2cccc(C(F)(F)F)c2)C2=C(C(=O)CC2)C1c1ccc(C#N)cc1C(=O)NCc1ccnn1C,8.27,0.0,1
CHEMBL248,CN1C(=O)N(c2cccc(C(F)(F)F)c2)C2=C(C(=O)CC2)C1c1ccc(C#N)cc1C(=O)NCc1ccnnc1,8.3,0.0,1
CHEMBL248,CN1C(=O)N(c2cccc(C(F)(F)F)c2)C2=C(C(=O)CC2)C1c1ccc(C#N)cc1C(=O)NCc1ccno1,8.72,0.0,1
CHEMBL248,CN1C(=O)N(c2cccc(C(F)(F)F)c2)C2=C(C(=O)CC2)C1c1ccc(C#N)cc1C(=O)NCc1ccoc1,8.47,0.0,1
CHEMBL248,CN1C(=O)N(c2cccc(C(F)(F)F)c2)C2=C(C(=O)CC2)C1c1ccc(C#N)cc1C(=O)NCc1ccon1,8.7,0.0,1
CHEMBL248,CN1C(=O)N(c2cccc(C(F)(F)F)c2)C2=C(C(=O)CC2)C1c1ccc(C#N)cc1C(=O)NCc1cn(C)cn1,8.16,0.0,1
CHEMBL248,CN1C(=O)N(c2cccc(C(F)(F)F)c2)C2=C(C(=O)CC2)C1c1ccc(C#N)cc1C(=O)NCc1cn[nH]c1,8.3,0.0,1
CHEMBL248,CN1C(=O)N(c2cccc(C(F)(F)F)c2)C2=C(C(=O)CC2)C1c1ccc(C#N)cc1C(=O)NCc1cncn1C,8.38,0.0,1
CHEMBL248,CN1C(=O)N(c2cccc(C(F)(F)F)c2)C2=C(C(=O)CC2)C1c1ccc(C#N)cc1C(=O)NCc1cnco1,9.0,0.0,1
CHEMBL248,CN1C(=O)N(c2cccc(C(F)(F)F)c2)C2=C(C(=O)CC2)C1c1ccc(C#N)cc1C(=O)NCc1cnn(C)c1,8.32,0.0,1
CHEMBL248,CN1C(=O)N(c2cccc(C(F)(F)F)c2)C2=C(C(=O)CC2)C1c1ccc(C#N)cc1C(=O)NCc1cnoc1,8.72,0.0,1
CHEMBL248,CN1C(=O)N(c2cccc(C(F)(F)F)c2)C2=C(C(=O)CC2)C1c1ccc(C#N)cc1C(=O)NCc1cocn1,8.47,0.0,1
CHEMBL248,CN1C(=O)N(c2cccc(C(F)(F)F)c2)C2=C(C(=O)CC2)C1c1ccc(C#N)cc1C(=O)NCc1nccn1C,8.62,0.0,1
CHEMBL248,CN1C(=O)N(c2cccc(C(F)(F)F)c2)C2=C(C(=O)CC2)C1c1ccc(C#N)cc1C(=O)NCc1ncco1,8.42,0.0,1
CHEMBL248,CN1C(=O)N(c2cccc(C(F)(F)F)c2)C2=C(C(=O)CC2)C1c1ccc(C#N)cc1C(=O)NCc1nncn1C,8.22,0.0,1
CHEMBL248,CN1C(=O)N(c2cccc(C(F)(F)F)c2)C2=C(C(=O)CC2)C1c1ccc(C#N)cc1C(=O)NCc1nnnn1C,8.6,0.0,1
CHEMBL248,CN1C(=O)N(c2cccc(C(F)(F)F)c2)C2=C(C(=O)CC2)C1c1ccc(C#N)cc1C(=O)N[C@@H]1CCNC1,8.19,0.0,1
CHEMBL248,CN1C(=O)N(c2cccc(C(F)(F)F)c2)C2=C(C(=O)CC2)C1c1ccc(C#N)cc1C(=O)N[C@H]1CCNC1,8.16,0.0,1
CHEMBL248,CN1C(=O)N(c2cccc(C(F)(F)F)c2)C2=C(C(=O)CC2)C1c1ccc(C#N)cc1C(=O)N[C@H]1C[C@@H]1N,8.25,0.0,1
CHEMBL248,CN1C(=O)N(c2cccc(C(F)(F)F)c2)C2=C(C(=O)CC2)C1c1ccc(C#N)cc1C(=O)N[C@H]1C[C@H]1N,8.31,0.0,1
CHEMBL248,CN1C(=O)N(c2cccc(C(F)(F)F)c2)C2=C(C(=O)CC2)C1c1ccc(C#N)cc1C(N)=O,8.219999999999999,0.08485281374238453,2
CHEMBL248,CN1C(=O)N(c2cccc(C(F)(F)F)c2)C2=C(C(=O)CC2)C1c1ccc(C#N)cc1C1=CCN(C(=O)OC(C)(C)C)C1,8.6,0.0,1
CHEMBL248,CN1C(=O)N(c2cccc(C(F)(F)F)c2)C2=C(C(=O)CC2)C1c1ccc(C#N)cc1C1=CCN(C(=O)OC(C)(C)C)CC1,8.77,0.0,1
CHEMBL248,CN1C(=O)N(c2cccc(C(F)(F)F)c2)C2=C(C(=O)CC2)C1c1ccc(C#N)cc1CN1CCOCC1,8.85,0.0,1
CHEMBL248,CN1C(=O)N(c2cccc(C(F)(F)F)c2)C2=C(C(=O)CC2)C1c1ccc(C#N)cc1CNC(C)(C)C,8.48,0.0,1
CHEMBL248,CN1C(=O)N(c2cccc(C(F)(F)F)c2)C2=C(C(=O)CC2)C1c1ccc(C#N)cc1CNC1CCOCC1,8.54,0.0,1
CHEMBL248,CN1C(=O)N(c2cccc(C(F)(F)F)c2)C2=C(C(=O)CC2)C1c1ccc(C#N)cc1CO,8.8,0.0,1
CHEMBL248,CN1C(=O)N(c2cccc(C(F)(F)F)c2)C2=C(C(=O)CC2)C1c1ccc(C#N)cc1Cl,7.58,0.0,1
CHEMBL248,CN1C(=O)N(c2cccc(C(F)(F)F)c2)C2=C(C(=O)CC2)C1c1ccc(C#N)cn1,7.57,0.0,1
CHEMBL248,CN1C(=O)N(c2cccc(C(F)(F)F)c2)C2=C(C(=O)CC2)[C@@H]1c1ccc(C#N)cc1CO,5.56,0.0,1
CHEMBL248,CN1C(=O)N(c2cccc(C(F)(F)F)c2)C2=C(C(=O)CC2)[C@@H]1c1ccc(C#N)cc1S(=O)(=O)CCCO,7.96,0.0,1
CHEMBL248,CN1C(=O)N(c2cccc(C(F)(F)F)c2)C2=C(C(=O)CC2)[C@@H]1c1ccc(C#N)cc1[S+](C)[O-],7.4433333333333325,1.5297167493798751,3
CHEMBL248,CN1C(=O)N(c2cccc(C(F)(F)F)c2)C2=C(C(=O)CC2)[C@H]1c1ccc(C#N)cc1,8.62,0.0,1
CHEMBL248,CN1C(=O)N(c2cccc(C(F)(F)F)c2)C2=C(C(=O)CC2)[C@H]1c1ccc(C#N)cc1C(=O)N1CCOCC1,8.54,0.0,1
CHEMBL248,CN1C(=O)N(c2cccc(C(F)(F)F)c2)C2=C(C(=O)CC2)[C@H]1c1ccc(C#N)cc1C(N)=O,8.62,0.0,1
CHEMBL248,CN1C(=O)N(c2cccc(C(F)(F)F)c2)C2=C(C(=O)CC2)[C@H]1c1ccc(C#N)cc1CNC(C)(C)C,8.72,0.0,1
CHEMBL248,CN1C(=O)N(c2cccc(C(F)(F)F)c2)C2=C(C(=O)CC2)[C@H]1c1ccc(C#N)cc1CNC1CCOCC1,8.72,0.0,1
CHEMBL248,CN1C(=O)N(c2cccc(C(F)(F)F)c2)C2=C(C(=O)CC2)[C@H]1c1ccc(C#N)cc1S(=O)(=O)CCO,6.65,0.0,1
CHEMBL248,CN1C(=O)N(c2cccc(C(F)(F)F)c2)C2=C(C(=O)CC2)[C@H]1c1ccc(C#N)cc1[S+](C)[O-],8.89,0.0,1
CHEMBL248,CN1C(=O)N(c2cccc(C(F)(F)F)c2)C2=C(C(=O)CCC2)C1c1ccc(C#N)cc1-c1ccco1,8.24,0.0,1
CHEMBL248,CN1C(=O)N(c2cccc(C(F)(F)F)c2)C2=C(C(=O)CCC2)C1c1ccc(C#N)cc1-c1ccn(C)c(=O)c1,8.92,0.0,1
CHEMBL248,CN1C(=O)N(c2cccc(C(F)(F)F)c2)C2=C(C(=O)CCC2)C1c1ccc(C#N)cc1-c1ccn(C)n1,8.55,0.0,1
CHEMBL248,CN1C(=O)N(c2cccc(C(F)(F)F)c2)C2=C(C(=O)CCC2)C1c1ccc(C#N)cc1-c1ccoc1,8.49,0.0,1
CHEMBL248,CN1C(=O)N(c2cccc(C(F)(F)F)c2)C2=C(C(=O)CCC2)C1c1ccc(C#N)cc1-c1cn[nH]c1,8.8,0.0,1
CHEMBL248,CN1C(=O)N(c2cccc(C(F)(F)F)c2)C2=C(C(=O)CCC2)C1c1ccc(C#N)cc1-c1cncs1,8.72,0.0,1
CHEMBL248,CN1C(=O)N(c2cccc(C(F)(F)F)c2)C2=C(C(=O)CCC2)C1c1ccc(C#N)cc1-c1cnn(C)c1,8.62,0.0,1
CHEMBL248,CN1C(=O)N(c2cccc(C(F)(F)F)c2)C2=C(C(=O)CCC2)C1c1ccc(C#N)cc1C(=O)N1CCNCC1,8.46,0.0,1
CHEMBL248,CN1C(=O)N(c2cccc(C(F)(F)F)c2)C2=C(C(=O)CCC2)C1c1ccc(C#N)cc1C(=O)N1CCOCC1,8.54,0.0,1
CHEMBL248,CN1C(=O)N(c2cccc(C(F)(F)F)c2)C2=C(C(=O)CCC2)C1c1ccc(C#N)cc1C(N)=O,8.8,0.0,1
CHEMBL248,CN1C(=O)N(c2cccc(C(F)(F)F)c2)C2=C(C(=O)CCC2)C1c1ccc(C#N)cc1C1=CCN(C(=O)OC(C)(C)C)C1,7.97,0.0,1
CHEMBL248,CN1C(=O)N(c2cccc(C(F)(F)F)c2)C2=C(C(=O)CCC2)C1c1ccc(C#N)cc1C1=CCOCC1,8.89,0.0,1
CHEMBL248,CN1C(=O)N(c2cccc(C(F)(F)F)c2)C2=C(C(=O)CCC2)C1c1ccc(C#N)cc1C1=COCC1,8.82,0.0,1
CHEMBL248,CN1C(=O)N(c2cccc(C(F)(F)F)c2)C2=C(C(=O)NCC2)C1c1ccc(C#N)cc1,8.72,0.0,1
CHEMBL248,CN1C(=O)N(c2cccc(C(F)(F)F)c2)C2=C(C(=O)NCC2)[C@@H]1c1ccc(C#N)cc1-c1cnco1,7.92,0.0,1
CHEMBL248,CN1C(=O)N(c2cccc(C(F)(F)F)c2)C2=C(C(=O)NCC2)[C@@H]1c1ccc(C#N)cc1-c1cnn(C)c1,7.77,0.0,1
CHEMBL248,CN1C(=O)N(c2cccc(C(F)(F)F)c2)C2=C(C(=O)NCC2)[C@@H]1c1ccc(C#N)cc1CO,7.41,0.0,1
CHEMBL248,CN1C(=O)N(c2cccc(C(F)F)c2)C2=C(C(=O)CC2)C1c1ccc(C#N)cc1,8.03,0.0,1
CHEMBL248,CN1C(=O)N(c2cccc(C(F)F)c2)C2=C(C(=O)CC2)C1c1ccc(C#N)cc1S(C)(=O)=O,8.72,0.0,1
CHEMBL248,CN1C(=O)N(c2cccc(C(F)F)c2)C2=C(C(=O)CC2)C1c1ccc(C#N)cn1,7.57,0.0,1
CHEMBL248,CN1C(=O)N(c2cccc(C(F)F)c2)C2=C(C(=O)CC2)[C@@H]1c1ccc(C#N)cc1,5.47,0.0,1
CHEMBL248,CN1C(=O)N(c2cccc(C(F)F)c2)C2=C(C(=O)CC2)[C@H]1c1ccc(C#N)cc1,8.62,0.0,1
CHEMBL248,CN1C(=O)N(c2cccc(C(F)F)c2)C2=C(C(=O)NCC2)[C@@H]1c1ccc(C#N)cc1,7.44,0.0,1
CHEMBL248,CN1C(=O)N(c2ccnc(C(F)(F)F)c2)C2=C(C(=O)CC2)C1c1ccc(C#N)cc1,7.43,0.0,1
CHEMBL248,CN1C(=O)N(c2ccnc(C(F)(F)F)c2)C2=C(C(=O)CC2)C1c1ccc(C#N)cc1-c1ccn(C)c(=O)c1,7.97,0.0,1
CHEMBL248,CN1C(=O)N(c2ccnc(C(F)(F)F)c2)C2=C(C(=O)CC2)C1c1ccc(C#N)cc1-c1ccn(C)n1,7.3,0.0,1
CHEMBL248,CN1C(=O)N(c2ccnc(C(F)(F)F)c2)C2=C(C(=O)CC2)C1c1ccc(C#N)cc1-c1ccoc1,7.95,0.0,1
CHEMBL248,CN1C(=O)N(c2ccnc(C(F)(F)F)c2)C2=C(C(=O)CC2)C1c1ccc(C#N)cc1C(=O)N1CCCC1,7.48,0.0,1
CHEMBL248,CN1C(=O)N(c2ccnc(C(F)(F)F)c2)C2=C(C(=O)CC2)C1c1ccc(C#N)cc1C(=O)N1CCCCC1,6.74,0.0,1
CHEMBL248,CN1C(=O)N(c2ccnc(C(F)(F)F)c2)C2=C(C(=O)CC2)C1c1ccc(C#N)cc1C(=O)N1CCOCC1,7.14,0.0,1
CHEMBL248,CN1C(=O)N(c2ccnc(C(F)(F)F)c2)C2=C(C(=O)CC2)C1c1ccc(C#N)cc1C(N)=O,7.39,0.0,1
CHEMBL248,CN1C(=O)N(c2ccnc(C(F)(F)F)c2)C2=C(C(=O)CC2)C1c1ccc(C#N)cc1C1=CCN(C(=O)OC(C)(C)C)CC1,8.34,0.0,1
CHEMBL248,CN1C(=O)N(c2ccnc(C(F)(F)F)c2)C2=C(C(=O)CC2)C1c1ccc(C#N)cc1C1=CCNCC1,8.77,0.0,1
CHEMBL248,CN1C(=O)N(c2ccnc(C(F)(F)F)c2)C2=C(C(=O)CC2)C1c1ccc(C#N)cc1S(C)(=O)=O,8.23,0.4539823785126469,3
CHEMBL248,CN1C(=O)N(c2cncc(Br)c2)C2=C(C(=O)CC2)C1c1ccc(C#N)cc1S(C)(=O)=O,7.89,0.0,1
CHEMBL248,CN1C(=O)N(c2cncc(C(F)(F)F)c2)C2=C(C(=O)CC2)C1c1ccc(C#N)cc1S(C)(=O)=O,8.06,0.0,1
CHEMBL248,CN1C(=O)N(c2cncc(Cl)c2)C2=C(C(=O)CC2)C1c1ccc(C#N)cc1S(C)(=O)=O,8.09,0.0,1
CHEMBL248,CN1CC(CNC(=O)CN2C(=O)N(c3cccc(C(F)(F)F)c3)C3=C(C(=O)CC3)C2c2ccc(C#N)cc2)CC1=O,8.01,0.0,1
CHEMBL248,CN1CC2=C(C(=O)N1)C(c1ccc(C#N)cc1C(F)(F)F)NC(=O)N2c1cccc(C(F)(F)F)c1,8.0,0.0,1
CHEMBL248,CN1CC2=C(C(=O)N1)C(c1ccc(C#N)cc1S(C)(=O)=O)NC(=O)N2c1cccc(C(F)(F)F)c1,8.52,0.0,1
CHEMBL248,CN1CC2=C(C(=O)N1)[C@@H](c1ccc(C#N)cc1)N(CC(=O)N(C)C)C(=O)N2c1cccc(C(F)(F)F)c1,8.4,0.0,1
CHEMBL248,CN1CC2=C(C(=O)N1)[C@@H](c1ccc(C#N)cc1)NC(=O)N2c1ccc(F)c(C(F)(F)F)c1,7.55,0.0,1
CHEMBL248,CN1CC2=C(C(=O)N1)[C@@H](c1ccc(C#N)cc1)NC(=O)N2c1cccc(C(F)(F)F)c1,7.55,0.0,1
CHEMBL248,CN1CCC(NC(=O)CN2C(=O)N(c3cccc(C(F)(F)F)c3)C3=C(C(=O)CC3)C2c2ccc(C#N)cc2)CC1,7.645,0.007071067811865638,2
CHEMBL248,CN1CCC(NC(=O)c2cc(C#N)ccc2C2C3=C(CCC3=O)N(c3cccc(C(F)(F)F)c3)C(=O)N2C)C1,8.13,0.0,1
CHEMBL248,CN1CCC(NC(=O)c2cc(C#N)ccc2C2C3=C(CCC3=O)N(c3cccc(C(F)(F)F)c3)C(=O)N2C)CC1,8.1,0.0,1
CHEMBL248,CN1CCC2=C(C1=O)C(c1ccc(C#N)cc1)N(CC(N)=O)C(=O)N2c1cccc(C(F)(F)F)c1,8.52,0.0,1
CHEMBL248,CN1CCC2=C(C1=O)C(c1ccc(C#N)cc1)NC(=O)N2c1cccc(C(F)(F)F)c1,8.24,0.0,1
CHEMBL248,CN1CCC2=C(C1=O)C(c1ccc(C#N)cc1-c1cnn(C)c1)N(C)C(=O)N2c1cccc(C(F)(F)F)c1,8.9,0.05567764362830038,3
CHEMBL248,CN1CCC2=C(C1=O)C(c1ccc(C#N)cc1C(N)=O)N(C)C(=O)N2c1cccc(C(F)(F)F)c1,8.7,0.0,1
CHEMBL248,CN1CCC2=C(C1=O)[C@@H](c1ccc(C#N)cc1)N(C)C(=O)N2c1cccc(C(F)(F)F)c1,8.92,0.0,1
CHEMBL248,CN1CCC2=C(C1=O)[C@@H](c1ccc(C#N)cc1)NC(=O)N2c1cccc(C(F)(F)F)c1,8.89,0.0,1
CHEMBL248,CN1CCC2=C(C1=O)[C@H](c1ccc(C#N)cc1)NC(=O)N2c1cccc(C(F)(F)F)c1,6.35,0.0,1
CHEMBL248,CN1CCCC1CNC(=O)CN1C(=O)N(c2cccc(C(F)(F)F)c2)C2=C(C(=O)CC2)C1c1ccc(C#N)cc1,7.64,0.0,1
CHEMBL248,CN1CCN(C(=O)CN2C(=O)N(c3cccc(C(F)(F)F)c3)C3=C(C(=O)CC3)C2c2ccc(C#N)cc2)CC1,8.2,0.0,1
CHEMBL248,CN1CCN(C(=O)CN2C(=O)N(c3cccc(C(F)(F)F)c3)C3=C(C(=O)CC3)C2c2ccc(C#N)cc2)CC1=O,8.22,0.0,1
CHEMBL248,CN1CCN(C(=O)c2cc(C#N)ccc2C2C3=C(CCCC3=O)N(c3cccc(C(F)(F)F)c3)C(=O)N2C)CC1,8.29,0.0,1
CHEMBL248,CN1CCN(C(=O)c2cc(C#N)ccc2[C@@H]2C3=C(CCC3=O)N(c3cccc(C(F)(F)F)c3)C(=O)N2C)CC1,8.51,0.0,1
CHEMBL248,CN=S(=O)(c1ccc(CNC(=O)c2cn(C(C)C)c(C)c(-c3cccc(C(F)(F)F)c3)c2=O)cc1)N(C)C,7.66,0.0,1
CHEMBL248,CN=S(=O)(c1ccc(CNC(=O)c2cn(C(C)C)c(C)c(-c3cccc(C(F)F)c3)c2=O)cc1)N(C)C,7.99,0.0,1
CHEMBL248,CN=S(C)(=O)c1ccc(CNC(=O)c2cn(C(C)C)c(C)c(-c3cccc(C(F)(F)F)c3)c2=O)cc1,7.31,0.0,1
CHEMBL248,CNC(=O)CN1C(=O)N(c2cccc(C(F)(F)F)c2)C2=C(C(=O)CC2)C1c1ccc(C#N)cc1,7.8,0.0,1
CHEMBL248,CNC(=O)CN1C(=O)N(c2cccc(C(F)(F)F)c2)C2=C(C(=O)N(C)CC2)C1c1ccc(C#N)cc1,8.530000000000001,0.05656854249492323,2
CHEMBL248,CNC(=O)CN1C(=O)N(c2cccc(C(F)(F)F)c2)C2=C(C(=O)NCC2)C1c1ccc(C#N)cc1,8.74,0.15055453054181694,4
CHEMBL248,CNC(=O)CN1C(=O)N(c2cccc(C(F)(F)F)c2)C2=C(C(=O)NCC2)[C@@H]1c1ccc(C#N)cc1,7.945,1.3364318164425752,2
CHEMBL248,CNC(=O)N1C(=O)N(c2cccc(C(F)(F)F)c2)C2=C(C(=O)CC2)C1c1ccc(C#N)cc1Br,8.92,0.0,1
CHEMBL248,CNC(=O)N1C(=O)N(c2cccc(C(F)(F)F)c2)C2=C(C(=O)CC2)C1c1ccc(C#N)cc1Cl,8.92,0.0,1
CHEMBL248,CNC(=O)N1C(=O)N(c2cccc(C(F)(F)F)c2)C2=C(C(=O)CC2)C1c1ccc(C#N)cc1F,8.74,0.0,1
CHEMBL248,CNC(=O)N1C(=O)N(c2cccc(C(F)(F)F)c2)C2=C(C(=O)CC2)C1c1ccc(C#N)cc1OC,8.885,0.16263455967290624,2
CHEMBL248,CNC(=O)N1C(=O)N(c2cccc(C(F)(F)F)c2)C2=C(C(=O)CC2)C1c1ccc(C#N)cn1,8.4,0.0,1
CHEMBL248,CNC(=O)N1C(=O)N(c2cccc(C(F)(F)F)c2)C2=C(C(=O)CC2)[C@@H]1c1ccc(C#N)cc1,6.21,0.0,1
CHEMBL248,CNC(=O)N1C(=O)N(c2cccc(C(F)(F)F)c2)C2=C(C(=O)CC2)[C@@H]1c1ccc(C#N)cc1F,6.76,0.0,1
CHEMBL248,CNC(=O)N1C(=O)N(c2cccc(C(F)F)c2)C2=C(C(=O)CC2)C1c1ccc(C#N)cc1,8.96,0.0,1
CHEMBL248,CNC(=O)N1C(=O)N(c2ccnc(C(F)(F)F)c2)C2=C(C(=O)CC2)C1c1ccc(C#N)cc1,8.31,0.0,1
CHEMBL248,CNC(=O)N1C(=O)N(c2cncc(Br)c2)C2=C(C(=O)CC2)C1c1ccc(C#N)cc1S(C)(=O)=O,8.92,0.0,1
CHEMBL248,CNC(=O)O[C@@H](CC(C)C)c1nc([C@@H](O)[C@@H](C)/C=C/C=C(\C)[C@@H](OC)[C@@H](C)[C@H](O)/C=C/C(C)=C\C(C)=C/[C@H](C)[C@H](O)/C=C(C)/C=C/CC(=O)OC)cs1,5.63,0.0,1
CHEMBL248,CNC(=O)O[C@@H](CC(C)C)c1nc([C@H]2OC(=O)/C(C)=C/C/C(C)=C/[C@@H](O)[C@@H](C)\C=C(C)/C=C(C)\C=C\[C@@H](O)[C@H](C)[C@H](OC)/C(C)=C/C=C/[C@@H]2C)cs1,6.45,0.0,1
CHEMBL248,CNC(=O)O[C@@H](CC(C)C)c1nc([C@H]2OC(=O)/C=C/C/C(C)=C/[C@@H](O)[C@@H](C)\C=C(C)/C=C(C)\C=C\[C@@H](O)[C@H](C)[C@H](OC)/C(C)=C/C=C/[C@@H]2C)cs1,6.5,0.0,1
CHEMBL248,CNC(=O)O[C@@H](CC(C)C)c1nc([C@H]2OC(=O)C/C=C/C(C)=C/[C@@H](O)[C@@H](C)\C=C(C)/C=C(C)\C=C\[C@@H](O)[C@H](C)[C@H](O)/C(C)=C/C=C/[C@@H]2C)cs1,5.81,0.0,1
CHEMBL248,CNC(=O)O[C@@H](CC(C)C)c1nc([C@H]2OC(=O)C/C=C/C(C)=C/[C@@H](O)[C@@H](C)\C=C(C)/C=C(C)\C=C\[C@@H](O)[C@H](C)[C@H](OC)/C(C)=C/C=C/[C@@H]2C)cs1,6.08,0.0,1
CHEMBL248,CNC(=O)O[C@@H](CC(C)C)c1nc([C@H]2OC(=O)[C@@H](C)/C=C/C(C)=C/[C@@H](O)[C@@H](C)\C=C(C)/C=C(C)\C=C\[C@@H](O)[C@H](C)[C@H](OC)/C(C)=C/C=C/[C@@H]2C)cs1,6.14,0.0,1
CHEMBL248,CNC(=O)O[C@@H](CC(C)C)c1nc([C@H]2OC(=O)[C@H](C)/C=C/C(C)=C/[C@@H](O)[C@@H](C)\C=C(C)/C=C(C)\C=C\[C@@H](O)[C@H](C)[C@H](OC)/C(C)=C/C=C/[C@@H]2C)cs1,6.22,0.0,1
CHEMBL248,CNC(=O)O[C@H]1C(=O)N2C(C(=O)OC(C)(C)C)=C(COC(C)=O)CS(=O)(=O)[C@H]12,6.0,0.0,1
CHEMBL248,CNC(=O)c1cc(-c2ccnn2-c2ccc(C#N)cc2)c(C)n(-c2cccc(C(F)(F)F)c2)c1=O,9.68,0.0,1
CHEMBL248,CNC(=O)c1cc(C#N)ccc1C1C2=C(CCC2=O)N(c2ccnc(C(F)(F)F)c2)C(=O)N1C,7.6,0.0,1
CHEMBL248,CNC(=O)c1cc(C#N)ccc1[C@@H]1C2=C(CCC2=O)N(c2cccc(C(F)(F)F)c2)C(=O)N1C,8.74,0.0,1
CHEMBL248,CNCCN(C)C(=O)c1cc(C#N)ccc1C1C2=C(CCC2=O)N(c2cccc(C(F)(F)F)c2)C(=O)N1C,8.85,0.0,1
CHEMBL248,CNCCNC(=O)c1cc(C#N)ccc1C1C2=C(CCC2=O)N(c2cccc(C(F)(F)F)c2)C(=O)N1C,8.33,0.0,1
CHEMBL248,CNCc1cc(C#N)ccc1C1C2=C(CCC2=O)N(c2cccc(C(F)(F)F)c2)C(=O)N1C,8.66,0.0,1
CHEMBL248,CN[C@H]1CCN(C(=O)c2cc(C#N)ccc2C2C(C(C)=O)=C(C)N(c3cccc(C(F)(F)F)c3)C(=O)N2C)C1,8.92,0.0,1
CHEMBL248,CN[C@H]1CCN(C(=O)c2cc(C#N)ccc2C2C3=C(CCC3=O)N(c3cccc(C(F)(F)F)c3)C(=O)N2C)C1,8.42,0.0,1
CHEMBL248,CO/N=C(/C)c1ccccc1NS(=O)(=O)c1ccc(OC(=O)C(C)(C)C)cc1,6.59,0.2262741699796954,2
CHEMBL248,CO/N=C(\C)c1ccccc1NS(=O)(=O)c1ccc(OC(=O)C(C)(C)C)cc1,6.635,0.19091883092036754,2
CHEMBL248,COC(=O)C(=O)[C@@H](NC(=O)[C@@H]1CCCN1C(=O)[C@@H](NC(=O)CN1CCN(CC(=O)O)C(=O)C1=O)C(C)C)C(C)C,8.18,0.0,1
CHEMBL248,COC(=O)C(=O)[C@@H](NC(=O)[C@@H]1CCCN1C(=O)[C@@H](NC(=O)Cn1ccc(=O)n(CC(=O)O)c1=O)C(C)C)C(C)C,8.18,0.0,1
CHEMBL248,COC(=O)C(C)(C)C(=O)Oc1ccc(C(=O)c2ccccc2)cc1,6.0,0.0,1
CHEMBL248,COC(=O)C1=C(COC(C)=O)CS(=O)(=O)[C@@H]2[C@@H](OC)C(=O)N12,6.7,0.0,1
CHEMBL248,COC(=O)C1=CO[C@@H](O[C@@H]2O[C@H](CO)[C@@H](O)[C@H](O)[C@H]2O)[C@@H]2C(CO)=C[C@@H](OC(=O)/C=C/c3ccc(OC)cc3)[C@H]12,4.75,0.0,1
CHEMBL248,COC(=O)CCC(=O)N[C@@H](C)C(=O)N[C@@H](C)C(=O)N1CCC[C@H]1C(=O)N[C@@H](C)C(=O)CCl,4.69,0.0,1
CHEMBL248,COC(=O)CCCOC(=O)C1=C(COC(C)=O)CS(=O)(=O)[C@@H]2[C@@H](OC)C(=O)N12,7.0,0.0,1
CHEMBL248,COC(=O)CCCS(=O)(=O)N1C(=O)N(c2cccc(C(F)(F)F)c2)C2=C(C(=O)CC2)C1c1ccc(C#N)cc1,8.49,0.0,1
CHEMBL248,COC(=O)CCOC(=O)C1=C(COC(C)=O)CS(=O)(=O)[C@@H]2[C@@H](OC)C(=O)N12,6.3,0.0,1
CHEMBL248,COC(=O)CN1C(=O)N(c2cccc(C(F)(F)F)c2)C2=C(C(=O)CC2)C1c1ccc(C#N)cc1,7.77,0.0,1
CHEMBL248,COC(=O)CN1C(=O)N(c2cccc(C(F)(F)F)c2)C2=C(C(=O)NCC2)C1c1ccc(C#N)cc1,8.64,0.0,1
CHEMBL248,COC(=O)N1C(=O)N(c2cccc(C(F)(F)F)c2)C2=C(C(=O)CC2)C1c1ccc(C#N)cc1,8.4,0.0,1
CHEMBL248,COC(=O)N[C@H](C(=O)N1CCC[C@H]1C(=O)N[C@H](B(O)O)C(C)C)C(C)C,9.57,0.0,1
CHEMBL248,COC(=O)N[C@H](C(=O)N1CCC[C@H]1C(=O)N[C@H](C(=O)C(F)(F)F)C(C)C)C(C)C,6.87,0.0,1
CHEMBL248,COC(=O)N[C@H]1C(=O)N2C(C(=O)OC(C)(C)C)=C(COC(C)=O)CS(=O)(=O)[C@H]12,5.4,0.0,1
CHEMBL248,COC(=O)[C@@H](Cc1ccccc1)NC(=O)c1ccccc1/N=N/c1c(O)ccc2ccccc12,4.72,0.0,1
CHEMBL248,COC(=O)[C@@H](NC(=O)c1ccccc1/N=N/c1c(O)ccc2ccccc12)c1ccccc1,4.74,0.0,1
CHEMBL248,COC(=O)[C@@H](NC(=O)c1ncccc1/N=N/c1c(O)ccc2ccccc12)c1ccccc1,4.65,0.0,1
CHEMBL248,COC(=O)[C@@H]1N2C(=O)[C@H](OC)[C@H]2S(=O)(=O)C1(C)C,4.7,0.0,1
CHEMBL248,COC(=O)[C@H](CCCCNC(=O)C(F)(F)C(=O)[C@@H](NC(=O)CN(C(=O)[C@@H](NC(=O)OCc1ccccc1)C(C)C)C1Cc2ccccc2C1)C(C)C)NC(C)=O,7.24,0.0,1
CHEMBL248,COC(=O)[C@H](Cc1ccccc1)NC(=O)c1ccccc1/N=N/c1c(O)ccc2ccccc12,4.51,0.0,1
CHEMBL248,COC(=O)[C@H](NC(=O)c1ccccc1/N=C/c1c(O)ccc2ccccc12)c1ccccc1,4.41,0.0,1
CHEMBL248,COC(=O)[C@H](NC(=O)c1ccccc1/N=N/c1c(O)ccc2ccccc12)c1ccccc1,4.72,0.0,1
CHEMBL248,COC(=O)c1ccc(COC(=O)C2=C(COC(C)=O)CS(=O)(=O)[C@@H]3[C@@H](OC)C(=O)N23)cc1,7.0,0.0,1
CHEMBL248,COC(=O)c1cccc(COC(=O)C2=C(COC(C)=O)CS(=O)(=O)[C@@H]3[C@@H](OC)C(=O)N23)c1,7.4,0.0,1
CHEMBL248,COC(=O)c1ccccc1NC(=O)c1ccc(OC(=O)C(C)(C)C)cc1,6.09,0.0,1
CHEMBL248,COC(=O)c1ccccc1NS(=O)(=O)c1ccc(OC(=O)C(C)(C)C(F)(F)F)cc1,5.43,0.0,1
CHEMBL248,COC(=O)c1nn(C(=O)c2cccc(C)c2)c2cc([N+](=O)[O-])ccc12,7.7,0.0,1
CHEMBL248,COC(=O)c1nn(C(=O)c2cccc(C)c2)c2ccc(Br)cc12,7.1,0.0,1
CHEMBL248,COC(=O)c1nn(C(=O)c2cccc(C)c2)c2ccc([N+](=O)[O-])cc12,7.82,0.0,1
CHEMBL248,COC(=O)c1nn(C(=O)c2cccc(C)c2)c2ccccc12,6.89,0.0,1
CHEMBL248,COC(=O)c1nn(C(=O)c2cccc(OC)c2)c2ccc(Br)cc12,6.68,0.0,1
CHEMBL248,COC(=O)c1nn(C(=O)c2cccc(OC)c2)c2ccc([N+](=O)[O-])cc12,7.3,0.0,1
CHEMBL248,COC(=O)c1nn(C(=O)c2cccc(OC)c2)c2ccccc12,6.26,0.0,1
CHEMBL248,COC(=O)c1nn(C(=O)c2ccccc2)c2ccc(Br)cc12,7.1,0.0,1
CHEMBL248,COC(=O)c1nn(C(=O)c2ccccc2)c2ccc([N+](=O)[O-])cc12,7.52,0.0,1
CHEMBL248,COC(=O)c1nn(C(=O)c2ccccc2)c2ccccc12,7.05,0.0,1
CHEMBL248,COC(=O)c1nn(C(=O)c2ccsc2)c2ccc(Br)cc12,6.8,0.0,1
CHEMBL248,COC(=O)c1nn(C(=O)c2ccsc2)c2ccc([N+](=O)[O-])cc12,7.3,0.0,1
CHEMBL248,COC(=O)c1nn(C(=O)c2ccsc2)c2ccccc12,6.51,0.0,1
CHEMBL248,COC1CCN(C(=O)CN2C(=O)N(c3cccc(C(F)(F)F)c3)C3=C(C(=O)CC3)C2c2ccc(C#N)cc2)C1,8.47,0.0,1
CHEMBL248,COC1CCN(C(=O)CN2C(=O)N(c3cccc(C(F)(F)F)c3)C3=C(C(=O)CC3)C2c2ccc(C#N)cc2)CC1,8.47,0.0,1
CHEMBL248,COCC1=C(C(=O)OC(C)(C)C)N2C(=O)[C@H](OC)C2S(=O)(=O)C1,6.0,0.0,1
CHEMBL248,COCCCN(C)C(=O)c1cc(C#N)ccc1C1C2=C(CCC2=O)N(c2cccc(C(F)(F)F)c2)C(=O)N1C,8.48,0.0,1
CHEMBL248,COCCCN1C(=O)N(c2cccc(C(F)(F)F)c2)C2=C(C(=O)CC2)C1c1ccc(C#N)cc1S(C)(=O)=O,9.0,0.0,1
CHEMBL248,COCCCNC(=O)c1cc(C#N)ccc1C1C2=C(CCC2=O)N(c2cccc(C(F)(F)F)c2)C(=O)N1C,8.24,0.0,1
CHEMBL248,COCCN(C)C(=O)CN1C(=O)N(c2cccc(C(F)(F)F)c2)C2=C(C(=O)CC2)C1c1ccc(C#N)cc1S(C)(=O)=O,8.92,0.0,1
CHEMBL248,COCCN1C(=O)N(c2cccc(C(F)(F)F)c2)C2=C(C(=O)CC2)C1c1ccc(C#N)cc1S(C)(=O)=O,8.96,0.0,1
CHEMBL248,COCCNC(=O)CN1C(=O)N(c2cccc(C(F)(F)F)c2)C2=C(C(=O)CC2)C1c1ccc(C#N)cc1,7.8,0.0,1
CHEMBL248,COCCNC(=O)N1C(=O)N(c2cccc(C(F)(F)F)c2)C2=C(C(=O)CC2)C1c1ccc(C#N)cc1F,8.89,0.0,1
CHEMBL248,COCCNC(=O)c1cc(C#N)ccc1C1C2=C(CCC2=O)N(c2cccc(C(F)(F)F)c2)C(=O)N1C,8.19,0.0,1
CHEMBL248,COCCOC(=O)N1C(=O)N(c2cccc(C(F)(F)F)c2)C2=C(C(=O)CC2)C1c1ccc(C#N)cc1,8.17,0.0,1
CHEMBL248,COCCS(=O)(=O)c1cc(C#N)ccc1C1NC(=O)N(c2cccc(C(F)(F)F)c2)C2=C1C(=O)CC2,8.24,0.0,1
CHEMBL248,COCCn1cc(C(=O)NCc2ccc(S(C)(=O)=O)c[n+]2[O-])c(=O)c(-c2cccc(C(F)(F)F)c2)c1C,7.2,0.0,1
CHEMBL248,COCCn1cc(C(=O)NCc2ccc(S(C)(=O)=O)cc2)c(=O)c(-c2cccc(C(F)(F)F)c2)c1C,7.38,0.0,1
CHEMBL248,COCCn1cc(C(=O)NCc2ccc(S(C)(=O)=O)cn2)c(=O)c(-c2cccc(C(F)(F)F)c2)c1C,7.37,0.0,1
CHEMBL248,COC[C@@H](C)n1cc(C(=O)NCc2ccc(S(C)(=O)=O)cc2)c(=O)c(-c2cccc(C(F)(F)F)c2)c1C,7.5,0.0,1
CHEMBL248,COC[C@@H](C)n1cc(C(=O)NCc2ccc(S(C)(=O)=O)cc2)c(=O)c(-c2cccc(C(F)F)c2)c1C,7.35,0.0,1
CHEMBL248,COC[C@H](C)n1cc(C(=O)NCc2ccc(S(C)(=O)=O)cc2)c(=O)c(-c2cccc(C(F)(F)F)c2)c1C,8.05,0.0,1
CHEMBL248,COC[C@H](C)n1cc(C(=O)NCc2ccc(S(C)(=O)=O)cc2)c(=O)c(-c2cccc(C(F)F)c2)c1C,8.09,0.0,1
CHEMBL248,CO[C@@H]1/C(C)=C/C=C/CCOC(=O)C/C=C/C(C)=C/[C@@H](O)[C@@H](C)\C=C(C)/C=C(C)\C=C\[C@@H](O)[C@@H]1C,5.23,0.0,1
CHEMBL248,CO[C@@H]1C(=O)N(C(=O)NCc2ccncc2)[C@H]1Cc1ccccc1,6.05,0.0,1
CHEMBL248,CO[C@@H]1C(=O)N(C(C)=O)[C@@H]1/C(C)=C/c1ccccc1,5.85,0.0,1
CHEMBL248,CO[C@@H]1C(=O)N(C(C)=O)[C@@H]1C(C)=O,4.03,0.0,1
CHEMBL248,CO[C@@H]1C(=O)N(C(C)=O)[C@@H]1c1ccccc1,5.8,0.0,1
CHEMBL248,CO[C@@H]1C(=O)N([C@@H](C2SCCCS2)C2OC(C)(C)OC2C2COC(C)(C)O2)[C@@H]1/C(C)=C/c1ccccc1,4.75,0.0,1
CHEMBL248,CO[C@@]1(NC(=O)C(F)(F)F)C(=O)N2[C@@H](C(=O)OCc3ccccc3)C(C)(C)S(=O)(=O)[C@@H]21,5.05,0.0,1
CHEMBL248,CO[C@H]1C(=O)N([C@@H](C2SCCCS2)C2OC(C)(C)OC2C2COC(C)(C)O2)[C@H]1/C=C/c1ccccc1,4.12,0.0,1
CHEMBL248,CO[C@H]1C(=O)N2C(C(=O)N(C)C)=C(COC(C)=O)CS(=O)(=O)[C@H]12,5.7,0.0,1
CHEMBL248,CO[C@H]1C(=O)N2C(C(=O)N(C)CC(=O)O)=C(COC(C)=O)CS(=O)(=O)[C@H]12,5.3,0.0,1
CHEMBL248,CO[C@H]1C(=O)N2C(C(=O)N(C)CC(=O)OC(C)(C)C)=C(COC(C)=O)CS(=O)(=O)[C@H]12,6.7,0.0,1
CHEMBL248,CO[C@H]1C(=O)N2C(C(=O)N(C)Cc3ccc(C(=O)O)cc3)=C(COC(C)=O)CS(=O)(=O)[C@H]12,6.4,0.0,1
CHEMBL248,CO[C@H]1C(=O)N2C(C(=O)N(C)Cc3ccccc3)=C(COC(C)=O)CS(=O)(=O)[C@H]12,7.0,0.0,1
CHEMBL248,CO[C@H]1C(=O)N2C(C(=O)N3CCCC3)=C(CSc3nc(=O)c(=O)[nH]n3C)CS(=O)(=O)[C@H]12,5.7,0.0,1
CHEMBL248,CO[C@H]1C(=O)N2C(C(=O)NC(C)(C)C)=C(COC(C)=O)CS(=O)(=O)[C@H]12,6.1,0.0,1
CHEMBL248,CO[C@H]1C(=O)N2C(C(=O)NCCC(=O)OC(C)(C)C)=C(COC(C)=O)CS(=O)(=O)[C@H]12,6.0,0.0,1
CHEMBL248,CO[C@H]1C(=O)N2C(C(=O)NCCCC(=O)OC(C)(C)C)=C(COC(C)=O)CS(=O)(=O)[C@H]12,6.7,0.0,1
CHEMBL248,CO[C@H]1C(=O)N2C(C(=O)NCc3ccccc3)=C(COC(C)=O)CS(=O)(=O)[C@H]12,5.3,0.0,1
CHEMBL248,CO[C@H]1C(=O)N2C(C(=O)O)=C(CF)CS(=O)(=O)C12,6.96,0.0,1
CHEMBL248,CO[C@H]1C(=O)N2C(C(=O)OC(C)(C)C)=C(C)C(=C(SC)SC)S(=O)(=O)C12,7.13,0.0,1
CHEMBL248,CO[C@H]1C(=O)N2C(C(=O)OC(C)(C)C)=C(C)C(=C3SCC(O)CS3)S(=O)(=O)C12,6.48,0.0,1
CHEMBL248,CO[C@H]1C(=O)N2C(C(=O)OC(C)(C)C)=C(C)C(=C3SCC(OC(C)=O)CS3)S(=O)(=O)C12,6.5,0.0,1
CHEMBL248,CO[C@H]1C(=O)N2C(C(=O)OC(C)(C)C)=C(C)C(=C3SCCS3)S(=O)(=O)C12,6.42,0.0,1
CHEMBL248,CO[C@H]1C(=O)N2C(C(=O)OC(C)(C)C)=C(C)CS(=O)(=O)C12,5.625,0.1767766952966369,2
CHEMBL248,CO[C@H]1C(=O)N2C(C(=O)OC(C)(C)C)=C(CCl)CS(=O)(=O)C12,6.37,0.0,1
CHEMBL248,CO[C@H]1C(=O)N2C(C(=O)OC(C)(C)C)=C(COC(=O)N[C@@H](Cc3ccccc3)C(=O)O)CS(=O)(=O)C12,6.89,0.0,1
CHEMBL248,CO[C@H]1C(=O)N2C(C(=O)OC(C)(C)C)=C(COC(C)=O)CS(=O)(=O)C12,5.88,0.0,1
CHEMBL248,CO[C@H]1C(=O)N2C(C(=O)OC(C)(C)C)=C(COC(C)=O)CS(=O)(=O)[C@H]12,6.0,0.0,1
CHEMBL248,CO[C@H]1C(=O)N2C(C(=O)OC(C)(C)C)=C(COC(C)=O)CS[C@H]12,5.0,0.0,1
CHEMBL248,CO[C@H]1C(=O)N2C(C(=O)OC(C)(C)C)=C(COC(C)=O)C[S@+]([O-])[C@H]12,5.4,0.0,1
CHEMBL248,CO[C@H]1C(=O)N2C(C(=O)OC(C)(C)C)=C(CS(=O)(=O)c3ccccc3)CS(=O)(=O)C12,6.36,0.0,1
CHEMBL248,CO[C@H]1C(=O)N2C(C(=O)OC(C)(C)C)=C(CSc3ccccc3)CS(=O)(=O)C12,6.03,0.0,1
CHEMBL248,CO[C@H]1C(=O)N2C(C(=O)OC(C)(C)C)=C(CSc3nc(=O)c(=O)[nH]n3C)CS(=O)(=O)C12,6.2,0.0,1
CHEMBL248,CO[C@H]1C(=O)N2C(C(=O)OC(C)(C)C)=C(CSc3nc[nH]n3)CS(=O)(=O)C12,5.62,0.0,1
CHEMBL248,CO[C@H]1C(=O)N2C(C(=O)OC(C)(C)C)=C(CSc3nccn3C)CS(=O)(=O)C12,5.63,0.0,1
CHEMBL248,CO[C@H]1C(=O)N2C(C(=O)OC(C)(C)C)=C(CSc3nnc(C)s3)CS(=O)(=O)C12,5.65,0.0,1
CHEMBL248,CO[C@H]1C(=O)N2C(C(=O)OC(C)(C)C)=C(CSc3nnnn3C)CS(=O)(=O)C12,5.79,0.0,1
CHEMBL248,CO[C@H]1C(=O)N2C(C(=O)OC(C)(C)C)=C(C[S+]([O-])c3ccccc3)CS(=O)(=O)C12,6.04,0.0,1
CHEMBL248,CO[C@H]1C(=O)N2C(C(=O)OC(C)C)=C(COC(C)=O)CS(=O)(=O)[C@H]12,6.1,0.0,1
CHEMBL248,CO[C@H]1C(=O)N2C(C(=O)OCc3ccc(C(=O)O)cc3)=C(COC(C)=O)CS(=O)(=O)[C@H]12,6.4,0.0,1
CHEMBL248,CO[C@H]1C(=O)N2C(C(=O)OCc3ccc(C(=O)OC(C)(C)C)cc3)=C(COC(C)=O)CS(=O)(=O)[C@H]12,6.4,0.0,1
CHEMBL248,CO[C@H]1C(=O)N2C(C(=O)OCc3ccc(C(C)(C)C)cc3)=C(COC(C)=O)CS(=O)(=O)[C@H]12,6.7,0.0,1
CHEMBL248,CO[C@H]1C(=O)N2C(C(=O)OCc3cccc(C(=O)O)c3)=C(COC(C)=O)CS(=O)(=O)[C@H]12,6.4,0.0,1
CHEMBL248,CO[C@H]1C(=O)N2C(C(=O)OCc3ccccc3)=C(COC(C)=O)CS(=O)(=O)[C@H]12,7.16,0.0,1
CHEMBL248,CO[C@H]1C(=O)N2C3=C(COC3=O)CS(=O)(=O)C12,4.24,0.0,1
CHEMBL248,CO[C@H]1C(=O)N2[C@@H](C(=O)OCC(F)(F)F)C(C)(C)S(=O)(=O)[C@H]12,5.4,0.0,1
CHEMBL248,CO[C@H]1C(=O)N2[C@@H](C(=O)OCc3ccccc3)C(C)(C)S(=O)(=O)[C@H]12,5.3,0.0,1
CHEMBL248,CO[C@]1(NC(=O)C(F)(F)F)C(=O)N2[C@@H](C(=O)OCc3ccccc3)C(C)(C)S(=O)(=O)[C@@H]21,6.1,0.0,1
CHEMBL248,COc1c(O)cc([C@@H]2CC(=O)c3c(cc(O)c(C/C=C(\C)CCC=C(C)C)c3O)O2)cc1O,5.48,0.0,1
CHEMBL248,COc1cc(C#N)ccc1C1C2=C(CCC2=O)N(c2cccc(C(F)(F)F)c2)C(=O)N1C,8.02,0.0,1
CHEMBL248,COc1cc(C#N)ccc1C1C2=C(CCC2=O)N(c2cccc(C(F)(F)F)c2)C(=O)N1S(C)(=O)=O,7.47,0.0,1
CHEMBL248,COc1cc(C#N)ccc1C1NC(=O)N(c2cccc(C(F)(F)F)c2)C2=C1C(=O)CC2,7.38,0.0,1
CHEMBL248,COc1cc(C(=O)N2C[C@@H](n3cc(C4CC4)nn3)C[C@H]2C(=O)NCC(c2ccccc2)c2ccccc2)ccc1CN,4.26,0.0,1
CHEMBL248,COc1cc(C(C)(C)C)c2c(=O)oc(-c3cccnc3N3CCN(C)CC3)nc2c1,4.82,0.0,1
CHEMBL248,COc1cc(C(C)C)c2c(=O)oc(-c3cccnc3N3CCC(C(=O)O)CC3)nc2c1,6.48,0.0,1
CHEMBL248,COc1cc(C(C)C)c2c(=O)oc(-c3cccnc3N3CCN(C)CC3)nc2c1,6.68,0.0,1
CHEMBL248,COc1cc(C(C)C)c2c(=O)oc(-c3cccnc3N3CCN(C4CCN(C)CC4)CC3)nc2c1,6.85,0.0,1
CHEMBL248,COc1cc(C2CC2)c2c(=O)oc(-c3cccnc3N3CCC(C(=O)O)CC3)nc2c1,6.85,0.0,1
CHEMBL248,COc1cc(C2CC2)c2c(=O)oc(-c3cccnc3N3CCN(C)CC3)nc2c1,6.92,0.0,1
CHEMBL248,COc1cc(C2CC2)c2c(=O)oc(-c3cccnc3N3CCN(C4CCN(C)CC4)CC3)nc2c1,6.96,0.0,1
CHEMBL248,COc1cc(C2CCC2)c2c(=O)oc(-c3cccnc3N3CCC(C(=O)O)CC3)nc2c1,5.89,0.0,1
CHEMBL248,COc1cc(C2CCC2)c2c(=O)oc(-c3cccnc3N3CCN(C)CC3)nc2c1,6.82,0.0,1
CHEMBL248,COc1cc(C2CCC2)c2c(=O)oc(-c3cccnc3N3CCN(C4CCN(C)CC4)CC3)nc2c1,6.07,0.0,1
CHEMBL248,COc1cc(CNC(=O)c2cn(C(C)C)c(C)c(-c3cccc(C(F)(F)F)c3)c2=O)ccc1S(C)(=O)=O,7.33,0.0,1
CHEMBL248,COc1cc(O)c2c(c1)C(=O)c1cc(C)cc(O)c1C2=O,5.21,0.0,1
CHEMBL248,COc1cc(OC)c2c(c1)C(=O)c1cc(C(Br)Br)cc(OC)c1C2=O,4.77,0.0,1
CHEMBL248,COc1cc(OC)c2c(c1)C(=O)c1ccc(C)c(O)c1C2=O,4.89,0.0,1
CHEMBL248,COc1cc(S(C)(=O)=O)ccc1CNC(=O)c1cn(C(C)C)c(C)c(-c2cccc(C(F)(F)F)c2)c1=O,7.42,0.0,1
CHEMBL248,COc1cc([C@@H]2CC(=O)c3c(cc(O)c(C/C=C(\C)CCC=C(C)C)c3O)O2)cc(OC)c1O,4.15,0.0,1
CHEMBL248,COc1cc([C@@H]2CC(=O)c3c(cc(O)c(C/C=C(\C)CCC=C(C)C)c3O)O2)ccc1O,5.11,0.0,1
CHEMBL248,COc1cc([C@@H]2CC(=O)c3c(cc(O)c(C/C=C(\C)CCCC(C)(C)O)c3O)O2)cc(O)c1O,5.62,0.0,1
CHEMBL248,COc1cc([C@@H]2CC(=O)c3c(cc(O)c(C/C=C(\C)CCCC(C)(C)O)c3O)O2)cc(OC)c1O,4.63,0.0,1
CHEMBL248,COc1cc([C@@H]2CC(=O)c3c(cc4c(c3O)CCC(C)(CCCC(C)(C)O)O4)O2)cc(O)c1O,4.75,0.0,1
CHEMBL248,COc1cc([C@H]2Oc3cc4c(c(O)c3C(=O)[C@@H]2O)CCC(C)(CCCC(C)(C)O)O4)ccc1O,4.33,0.0,1
CHEMBL248,COc1cc2c(c3c1CCC(c1ccccc1)O3)C1C3C(c4ccc(O)c(C)c4OC)C(C(O)(OC)c4ccccc4)C14C(C=CC(=O)C4OC)OC3(c1ccccc1)O2,5.18,0.0,1
CHEMBL248,COc1ccc(-c2cc(C#N)ccc2C2C3=C(CCC3=O)N(c3cccc(C(F)(F)F)c3)C(=O)N2C)cn1,8.41,0.0,1
CHEMBL248,COc1ccc(-c2cc(C#N)ccc2C2NC(=O)N(c3cccc(C(F)(F)F)c3)C(C)=C2C(C)=O)cn1,8.8,0.0,1
CHEMBL248,COc1ccc(-c2cc(C#N)ccc2C2NC(=O)N(c3cccc(C(F)(F)F)c3)C3=C2C(=O)CC3)cn1,7.66,0.0,1
CHEMBL248,COc1ccc(C(=O)N2C(=O)OC(C)(C)C2=O)cc1,4.99,0.0,1
CHEMBL248,COc1ccc(C(=O)N2C(=O)OC(c3ccccc3)C2=O)cc1,4.81,0.0,1
CHEMBL248,COc1ccc(C(=O)n2[se]c3ccccc3c2=O)cc1,5.06,0.0,1
CHEMBL248,COc1ccc(CCN(CC(=O)NC(C(=O)C(F)(F)F)C(C)C)C(=O)[C@@H](NC(=O)OCc2ccccc2)C(C)C)cc1OC,6.16,0.0,1
CHEMBL248,COc1ccc(CCN(CC(=O)NC(C(=O)C(F)(F)F)C(C)C)C(=O)[C@@H](NC(=O)c2ccc(C(=O)NS(=O)(=O)c3ccc(Cl)cc3)cc2)C(C)C)cc1OC,7.08,0.0,1
CHEMBL248,COc1ccc(CC[C@H](NC(=O)[C@H]2CCCN2C(=O)[C@@H](NC(=O)[C@@H](NC(=O)[C@H](CCC(=O)O)NC(=O)[C@@H](N)CC(=O)O)C(C)C)C(C)C)B2O[C@@H]3C[C@@H]4C[C@@H](C4(C)C)[C@]3(C)O2)cc1,6.25,0.0,1
CHEMBL248,COc1ccc(COC(=O)C2=C(COC(C)=O)CS(=O)(=O)[C@@H]3[C@@H](OC)C(=O)N23)cc1,7.0,0.0,1
CHEMBL248,COc1ccc([C@@H]2CC(=O)c3c(cc(O)c(C/C=C(\C)CCC=C(C)C)c3O)O2)cc1O,4.23,0.0,1
CHEMBL248,COc1ccc([C@@H]2CC(=O)c3c(cc(O)c(C/C=C(\C)CCCC(C)(C)O)c3O)O2)cc1O,5.2,0.0,1
CHEMBL248,COc1ccc2c(c1)CCC=C2c1nc2ccccc2c(=O)o1,6.21,0.0,1
CHEMBL248,COc1cccc(C(=O)n2nc(C(=O)Nc3ccccc3)c3ccccc32)c1,5.75,0.0,1
CHEMBL248,COc1cccc(C(=O)n2nc(C(=O)OC(C)C)c3ccccc32)c1,6.12,0.0,1
CHEMBL248,COc1cccc(C(=O)n2nc(C(=O)OCC(F)(F)F)c3ccccc32)c1,6.05,0.0,1
CHEMBL248,COc1cccc2c1C(=O)c1c(ccc(C)c1O)C2=O,4.72,0.0,1
CHEMBL248,COc1cccc2c1C(=O)c1c(ccc(CC(C)C)c1O)C2=O,4.96,0.0,1
CHEMBL248,COc1cccc2c1C(=O)c1c(ccc(Cc3ccccc3)c1O)C2=O,5.17,0.0,1
CHEMBL248,COc1cccc2nc(-c3cccnc3Oc3ccccc3)oc(=O)c12,6.41,0.0,1
CHEMBL248,COc1ccccc1-c1nc2cc(Cl)ccc2c(=O)o1,6.4350000000000005,0.3181980515339462,2
CHEMBL248,COc1ccccc1-c1nc2cccc(Cl)c2c(=O)o1,7.605,0.2899137802864836,2
CHEMBL248,COc1ccccc1C(=O)Oc1cn(-c2ccccc2)c(CSc2nc3ccccc3s2)cc1=O,5.61,0.0,1
CHEMBL248,COc1cnc(O[C@@H]2C[C@@H](C(=O)N[C@]3(C(=O)NS(=O)(=O)C4CC4)C[C@H]3C3CC3)N(C(=O)[C@@H](NC(=O)O[C@H](C)C(F)(F)F)C3CCCCC3)C2)c2cc(Cl)ccc12,4.68,0.0,1
CHEMBL248,COc1ncccc1-c1nc2cccc(C)c2c(=O)o1,7.07,0.0,1
CHEMBL248,CS(=O)(=O)CCNC(=O)N1C(=O)N(c2cccc(C(F)(F)F)c2)C2=C(C(=O)CC2)C1c1ccc(C#N)cc1F,9.0,0.0,1
CHEMBL248,CS(=O)(=O)CCOC(=O)N1C(=O)N(c2cccc(C(F)(F)F)c2)C2=C(C(=O)CC2)C1c1ccc(C#N)cc1,8.59,0.0,1
CHEMBL248,CS(=O)(=O)N1C(=O)N(c2cccc(C(F)(F)F)c2)C2=C(C(=O)CC2)C1c1ccc(C#N)cc1,8.29,0.0,1
CHEMBL248,CS(=O)(=O)N1C(=O)N(c2cccc(C(F)(F)F)c2)C2=C(C(=O)CC2)C1c1ccc(C#N)cc1Cl,8.03,0.0,1
CHEMBL248,CS(=O)(=O)N1C(=O)N(c2cccc(C(F)(F)F)c2)C2=C(C(=O)CC2)C1c1ccc(C#N)cn1,7.42,0.0,1
CHEMBL248,CS(=O)(=O)N1C(=O)N(c2cccc(C(F)(F)F)c2)C2=C(C(=O)CC2)[C@@H]1c1ccc(C#N)cc1,5.5,0.0,1
CHEMBL248,CS(=O)(=O)N1C(=O)N(c2cccc(C(F)(F)F)c2)C2=C(C(=O)CC2)[C@H]1c1ccc(C#N)cc1,8.52,0.0,1
CHEMBL248,CS(=O)(=O)N1C(=O)N(c2cccc(C(F)F)c2)C2=C(C(=O)CC2)C1c1ccc(C#N)cc1,8.14,0.0,1
CHEMBL248,CS(=O)(=O)N1C(=O)N(c2cccc(C(F)F)c2)C2=C(C(=O)CC2)C1c1ccc(C#N)cc1Cl,8.03,0.0,1
CHEMBL248,CS(=O)(=O)N1C(=O)N(c2ccnc(C(F)(F)F)c2)C2=C(C(=O)CC2)C1c1ccc(C#N)cc1,7.46,0.0,1
CHEMBL248,CS(=O)(=O)c1cc(C#N)ccc1C1C2=C(CCC2=O)N(c2cccc(C(F)(F)F)c2)C(=O)N1C(=O)OCc1ccccc1,7.825,0.007071067811865324,2
CHEMBL248,CS(=O)(=O)c1cc(C#N)ccc1C1C2=C(CCC2=O)N(c2cccc(C(F)(F)F)c2)C(=O)N1CC(=O)N1CCOCC1,9.0,0.0,1
CHEMBL248,CS(=O)(=O)c1cc(C#N)ccc1C1C2=C(CCC2=O)N(c2cccc(C(F)(F)F)c2)C(=O)N1CC(=O)O,8.89,0.0,1
CHEMBL248,CS(=O)(=O)c1cc(C#N)ccc1C1C2=C(CCC2=O)N(c2cccc(C(F)(F)F)c2)C(=O)N1CC(F)F,8.57,0.0,1
CHEMBL248,CS(=O)(=O)c1cc(C#N)ccc1C1C2=C(CCC2=O)N(c2cccc(C(F)(F)F)c2)C(=O)N1CC1CCOCC1,8.77,0.0,1
CHEMBL248,CS(=O)(=O)c1cc(C#N)ccc1C1C2=C(CCC2=O)N(c2cccc(C(F)(F)F)c2)C(=O)N1S(C)(=O)=O,8.72,0.0,1
CHEMBL248,CS(=O)(=O)c1cc(C#N)ccc1C1C2=C(CCC2=O)N(c2ccnc(C(F)(F)F)c2)C(=O)N1S(C)(=O)=O,8.15,0.0,1
CHEMBL248,CS(=O)(=O)c1cc(C#N)ccc1C1NC(=O)N(c2cc(C(F)(F)F)ccn2)C2=C1C(=O)CC2,7.19,0.0,1
CHEMBL248,CS(=O)(=O)c1cc(C#N)ccc1C1NC(=O)N(c2cccc(C(F)(F)F)c2)C2=C1C(=O)CC2,8.24,0.0,1
CHEMBL248,CS(=O)(=O)c1cc(C#N)ccc1C1NC(=O)N(c2cccc(C(F)(F)F)c2)C2=C1C(=O)N(CCNC(N)=O)C2,8.8,0.0,1
CHEMBL248,CS(=O)(=O)c1cc(C#N)ccc1C1NC(=O)N(c2cccc(C(F)F)c2)C2=C1C(=O)CC2,8.01,0.0,1
CHEMBL248,CS(=O)(=O)c1cc(C#N)ccc1C1NC(=O)N(c2ccnc(C(F)(F)F)c2)C2=C1C(=O)CC2,7.36,0.0,1
CHEMBL248,CS(=O)(=O)c1cc(C#N)ccc1C1NC(=O)N(c2cncc(Br)c2)C2=C1C(=O)CC2,7.0,0.0,1
CHEMBL248,CS(=O)(=O)c1cc(C#N)ccc1C1NC(=O)N(c2cncc(C(F)(F)F)c2)C2=C1C(=O)CC2,7.22,0.0,1
CHEMBL248,CS(=O)(=O)c1cc(C#N)ccc1C1NC(=O)N(c2cncc(Cl)c2)C2=C1C(=O)CC2,6.99,0.0,1
CHEMBL248,CS(=O)(=O)c1cc(C#N)ccc1[C@@H]1C2=C(CCC2=O)N(c2cccc(C(F)(F)F)c2)C(=O)N1CC#N,8.47,0.0,1
CHEMBL248,CS(=O)(=O)c1cc(C#N)ccc1[C@@H]1NC(=O)N(c2cccc(C(F)(F)F)c2)C2=C1C(=O)CC2,7.01,0.0,1
CHEMBL248,CS(=O)(=O)c1cc(C#N)ccc1[C@@H]1NC(=O)N(c2cccc(C(F)F)c2)C2=C1C(=O)CC2,7.24,0.0,1
CHEMBL248,CS(=O)(=O)c1cc(C#N)ccc1[C@H]1C2=C(CCC2=O)N(c2cccc(C(F)(F)F)c2)C(=O)N1CC1COC1,6.97,0.0,1
CHEMBL248,CS(=O)(=O)c1cc(C#N)ccc1[C@H]1NC(=O)N(c2cccc(C(F)(F)F)c2)C2=C1C(=O)CC2,8.59,0.0,1
CHEMBL248,CS(=O)(=O)c1cc(C#N)ccc1[C@H]1NC(=O)N(c2cccc(C(F)F)c2)C2=C1C(=O)CC2,8.54,0.0,1
CHEMBL248,CSc1cc(C#N)ccc1C1C2=C(CCC2=O)N(c2cccc(C(C)(F)F)c2)C(=O)N1C,8.34,0.0,1
CHEMBL248,CSc1cc(C#N)ccc1C1C2=C(CCC2=O)N(c2cccc(C(F)(F)F)c2)C(=O)N1C,8.34,0.0,1
CHEMBL248,CSc1cc(C#N)ccc1C1NC(=O)N(c2cccc(C(F)(F)F)c2)C2=C1C(=O)CC2,7.825,0.007071067811865324,2
CHEMBL248,CSc1ccc(/C=C2\N=CN(NS(=O)(=O)c3ccc(Cl)c(C(=O)O)c3)C2=O)cc1,4.12,0.0,1
CHEMBL248,C[C@@H](O)CNC(=O)N1C(=O)N(c2cccc(C(F)(F)F)c2)C2=C(C(=O)CC2)C1c1ccc(C#N)cc1,9.0,0.0,1
CHEMBL248,C[C@@H](OC(=O)NCc1ccccc1)[C@@H]1C(=O)N2[C@@H](C(=O)OCc3ccccc3)C(C)(C)S(=O)(=O)[C@H]12,5.0,0.0,1
CHEMBL248,C[C@@H](OC(=O)NCc1ccccc1)[C@H]1C(=O)N2[C@@H](C(=O)OCc3ccccc3)C(C)(C)S(=O)(=O)[C@H]12,6.16,0.0,1
CHEMBL248,C[C@@H]1C(=O)N(C(=O)NCc2ccncc2)[C@H]1Cc1ccccc1,4.6,0.0,1
CHEMBL248,C[C@@H]1OC2=C(C(=O)C(=N)c3c(O)c(O)cc(C=O)c32)C1(C)C,5.52,0.0,1
CHEMBL248,C[C@H](OC(=O)NCc1ccccc1)[C@@H]1C(=O)N2[C@@H](C(=O)OCc3ccccc3)C(C)(C)S(=O)(=O)[C@H]12,6.52,0.0,1
CHEMBL248,C[C@H](OC(=O)NCc1ccccc1)[C@H]1C(=O)N2[C@@H](C(=O)OCc3ccccc3)C(C)(C)S(=O)(=O)[C@H]12,5.16,0.0,1
CHEMBL248,C[C@H]1C(=O)N(C(=O)NCc2ccncc2)[C@H]1Cc1ccccc1,4.44,0.0,1
CHEMBL248,C[S+]([O-])CCNC(=O)CN1C(=O)N(c2cccc(C(F)(F)F)c2)C2=C(C(=O)CC2)C1c1ccc(C#N)cc1,7.925,0.007071067811865324,2
CHEMBL248,C[S+]([O-])c1cc(C#N)ccc1[C@@H]1NC(=O)N(c2cccc(C(F)(F)F)c2)C2=C1C(=O)CC2,8.03,0.0,1
CHEMBL248,C[S+]([O-])c1cc(C#N)ccc1[C@H]1NC(=O)N(c2cccc(C(F)(F)F)c2)C2=C1C(=O)CC2,8.09,0.0,1
CHEMBL248,Cc1c(-c2cc(Cl)cc(C(F)(F)F)c2)c(=O)c(C(=O)NCc2ccc(S(C)(=O)=O)cc2)cn1C(C)C,7.32,0.0,1
CHEMBL248,Cc1c(-c2ccc(F)c(C(F)(F)F)c2)c(=O)c(C(=O)NCc2ccc(S(C)(=O)=NC#N)cc2)cn1C(C)C,8.74,0.0,1
CHEMBL248,Cc1c(-c2ccc(F)c(C(F)(F)F)c2)c(=O)c(C(=O)NCc2ccc(S(C)(=O)=O)cc2)cn1C(C)C,7.72,0.0,1
CHEMBL248,Cc1c(-c2ccc(F)c(C(F)F)c2)c(=O)c(C(=O)NCc2ccc(S(C)(=O)=NC#N)cc2)cn1C(C)C,8.33,0.0,1
CHEMBL248,Cc1c(-c2ccc(F)c(C(F)F)c2)c(=O)c(C(=O)NCc2ccc(S(C)(=O)=O)cc2)cn1C(C)C,7.21,0.0,1
CHEMBL248,Cc1c(-c2cccc(C(F)(F)F)c2)c(=O)c(C(=O)NC(C)c2ccc(S(C)(=O)=NC#N)cc2)cn1C(C)C,7.24,0.0,1
CHEMBL248,Cc1c(-c2cccc(C(F)(F)F)c2)c(=O)c(C(=O)NCc2ccc(C#N)cc2)cn1C(C)C,7.19,0.0,1
CHEMBL248,Cc1c(-c2cccc(C(F)(F)F)c2)c(=O)c(C(=O)NCc2ccc(CN3CCCC3=O)cc2)cn1C(C)C,7.7,0.0,1
CHEMBL248,Cc1c(-c2cccc(C(F)(F)F)c2)c(=O)c(C(=O)NCc2ccc(N3CCNC3=O)cc2)cn1C(C)C,7.19,0.0,1
CHEMBL248,Cc1c(-c2cccc(C(F)(F)F)c2)c(=O)c(C(=O)NCc2ccc(S(=O)(=NC#N)C(C)C)cc2)cn1-c1ccnn1C,9.0,0.0,1
CHEMBL248,Cc1c(-c2cccc(C(F)(F)F)c2)c(=O)c(C(=O)NCc2ccc(S(=O)(=NC#N)C(C)C)cc2)cn1C1CC1,8.635,0.40305086527633227,2
CHEMBL248,Cc1c(-c2cccc(C(F)(F)F)c2)c(=O)c(C(=O)NCc2ccc(S(=O)(=NC#N)C3CC3)cc2)cn1C(C)C,8.85,0.0,1
CHEMBL248,Cc1c(-c2cccc(C(F)(F)F)c2)c(=O)c(C(=O)NCc2ccc(S(=O)(=O)C3CC3)cc2)cn1C(C)C,8.28,0.0,1
CHEMBL248,Cc1c(-c2cccc(C(F)(F)F)c2)c(=O)c(C(=O)NCc2ccc(S(C)(=O)=NC#N)c(F)c2)cn1C(C)C,8.62,0.0,1
CHEMBL248,Cc1c(-c2cccc(C(F)(F)F)c2)c(=O)c(C(=O)NCc2ccc(S(C)(=O)=NC#N)c[n+]2[O-])cn1C(C)C,8.57,0.0,1
CHEMBL248,Cc1c(-c2cccc(C(F)(F)F)c2)c(=O)c(C(=O)NCc2ccc(S(C)(=O)=NC#N)cc2)cn1-c1ccccc1,8.26,0.0,1
CHEMBL248,Cc1c(-c2cccc(C(F)(F)F)c2)c(=O)c(C(=O)NCc2ccc(S(C)(=O)=NC#N)cc2)cn1-c1ccccn1,8.37,0.0,1
CHEMBL248,Cc1c(-c2cccc(C(F)(F)F)c2)c(=O)c(C(=O)NCc2ccc(S(C)(=O)=NC#N)cc2)cn1-c1cccnc1,8.48,0.0,1
CHEMBL248,Cc1c(-c2cccc(C(F)(F)F)c2)c(=O)c(C(=O)NCc2ccc(S(C)(=O)=NC#N)cc2)cn1-c1ccncc1,8.6,0.0,1
CHEMBL248,Cc1c(-c2cccc(C(F)(F)F)c2)c(=O)c(C(=O)NCc2ccc(S(C)(=O)=NC#N)cc2)cn1-c1ccnn1C,8.77,0.21213203435596475,2
CHEMBL248,Cc1c(-c2cccc(C(F)(F)F)c2)c(=O)c(C(=O)NCc2ccc(S(C)(=O)=NC#N)cc2)cn1-c1cncnc1,8.48,0.0,1
CHEMBL248,Cc1c(-c2cccc(C(F)(F)F)c2)c(=O)c(C(=O)NCc2ccc(S(C)(=O)=NC#N)cc2)cn1-c1nccs1,8.51,0.0,1
CHEMBL248,Cc1c(-c2cccc(C(F)(F)F)c2)c(=O)c(C(=O)NCc2ccc(S(C)(=O)=NC#N)cc2)cn1C(C)C,8.790000000000001,0.16093476939431078,3
CHEMBL248,Cc1c(-c2cccc(C(F)(F)F)c2)c(=O)c(C(=O)NCc2ccc(S(C)(=O)=NC#N)cc2)cn1C1CC1,8.25,0.0,1
CHEMBL248,Cc1c(-c2cccc(C(F)(F)F)c2)c(=O)c(C(=O)NCc2ccc(S(C)(=O)=NC#N)cc2)cn1C1CCC1,8.62,0.0,1
CHEMBL248,Cc1c(-c2cccc(C(F)(F)F)c2)c(=O)c(C(=O)NCc2ccc(S(C)(=O)=NC#N)cc2)cn1C1CCCOC1,8.74,0.0,1
CHEMBL248,Cc1c(-c2cccc(C(F)(F)F)c2)c(=O)c(C(=O)NCc2ccc(S(C)(=O)=NC#N)cc2)cn1C1CCOC1,8.64,0.0,1
CHEMBL248,Cc1c(-c2cccc(C(F)(F)F)c2)c(=O)c(C(=O)NCc2ccc(S(C)(=O)=NC#N)cc2)cn1C1CCOCC1,8.64,0.0,1
CHEMBL248,Cc1c(-c2cccc(C(F)(F)F)c2)c(=O)c(C(=O)NCc2ccc(S(C)(=O)=NC#N)cc2F)cn1C(C)C,8.82,0.0,1
CHEMBL248,Cc1c(-c2cccc(C(F)(F)F)c2)c(=O)c(C(=O)NCc2ccc(S(C)(=O)=NC#N)cn2)cn1C(C)C,8.72,0.0,1
CHEMBL248,Cc1c(-c2cccc(C(F)(F)F)c2)c(=O)c(C(=O)NCc2ccc(S(C)(=O)=NCC#N)cc2)cn1C(C)C,7.61,0.0,1
CHEMBL248,Cc1c(-c2cccc(C(F)(F)F)c2)c(=O)c(C(=O)NCc2ccc(S(C)(=O)=NS(C)(=O)=O)cc2)cn1C(C)C,8.14,0.0,1
CHEMBL248,Cc1c(-c2cccc(C(F)(F)F)c2)c(=O)c(C(=O)NCc2ccc(S(C)(=O)=O)c(F)c2)cn1C(C)C,7.82,0.0,1
CHEMBL248,Cc1c(-c2cccc(C(F)(F)F)c2)c(=O)c(C(=O)NCc2ccc(S(C)(=O)=O)cc2)cn1C(C)C,7.92,0.0,1
CHEMBL248,Cc1c(-c2cccc(C(F)(F)F)c2)c(=O)c(C(=O)NCc2ccc(S(C)(=O)=O)cc2)cn1C1CC1,7.52,0.0,1
CHEMBL248,Cc1c(-c2cccc(C(F)(F)F)c2)c(=O)c(C(=O)NCc2ccc(S(C)(=O)=O)cc2)cn1C1CCC1,7.57,0.0,1
CHEMBL248,Cc1c(-c2cccc(C(F)(F)F)c2)c(=O)c(C(=O)NCc2ccc(S(C)(=O)=O)cc2)cn1C1CCCC1,7.75,0.0,1
CHEMBL248,Cc1c(-c2cccc(C(F)(F)F)c2)c(=O)c(C(=O)NCc2ccc(S(C)(=O)=O)cc2)cn1C1CCOC1,7.7,0.0,1
CHEMBL248,Cc1c(-c2cccc(C(F)(F)F)c2)c(=O)c(C(=O)NCc2ccc(S(C)(=O)=O)cc2)cn1CC(C)C,7.52,0.0,1
CHEMBL248,Cc1c(-c2cccc(C(F)(F)F)c2)c(=O)c(C(=O)NCc2ccc(S(C)(=O)=O)cc2)cn1CC(F)F,7.34,0.0,1
CHEMBL248,Cc1c(-c2cccc(C(F)(F)F)c2)c(=O)c(C(=O)NCc2ccc(S(C)(=O)=O)cc2)cn1CC1CC1,7.23,0.0,1
CHEMBL248,Cc1c(-c2cccc(C(F)(F)F)c2)c(=O)c(C(=O)NCc2ccc(S(C)(=O)=O)cc2)cn1CC1CC1(F)F,7.43,0.0,1
CHEMBL248,Cc1c(-c2cccc(C(F)(F)F)c2)c(=O)c(C(=O)NCc2ccc(S(C)(=O)=O)cc2)cn1CC1CCOC1,7.11,0.0,1
CHEMBL248,Cc1c(-c2cccc(C(F)(F)F)c2)c(=O)c(C(=O)NCc2ccc(S(C)(=O)=O)cc2)cn1CCF,7.47,0.0,1
CHEMBL248,Cc1c(-c2cccc(C(F)(F)F)c2)c(=O)c(C(=O)NCc2ccc(S(C)(=O)=O)cc2F)cn1C(C)C,7.58,0.0,1
CHEMBL248,Cc1c(-c2cccc(C(F)(F)F)c2)c(=O)c(C(=O)NCc2ccc(S(C)(=O)=O)cn2)cn1C(C)C,7.14,0.0,1
CHEMBL248,Cc1c(-c2cccc(C(F)(F)F)c2)c(=O)c(C(=O)NCc2ccc(S(C)(=O)=O)cn2)cn1C1CCC1,7.5,0.0,1
CHEMBL248,Cc1c(-c2cccc(C(F)(F)F)c2)c(=O)c(C(=O)NCc2ccc(S(C)(=O)=O)cn2)cn1C1CCOC1,7.57,0.0,1
CHEMBL248,Cc1c(-c2cccc(C(F)(F)F)c2)c(=O)c(C(=O)NCc2ccc(S(C)(=O)=O)cn2)cn1CC(C)C,7.52,0.0,1
CHEMBL248,Cc1c(-c2cccc(C(F)(F)F)c2)c(=O)c(C(=O)NCc2ccc(S(C)(=O)=O)cn2)cn1CC1CCOC1,7.14,0.0,1
CHEMBL248,Cc1c(-c2cccc(C(F)(F)F)c2)c(=O)c(C(=O)NCc2ccc(S(C)(=O)=O)s2)cn1C(C)C,7.55,0.0,1
CHEMBL248,Cc1c(-c2cccc(C(F)(F)F)c2)c(=O)c(C(=O)NCc2ccc(S(N)(=O)=O)cc2)cn1C(C)C,7.4,0.0,1
CHEMBL248,Cc1c(-c2cccc(C(F)(F)F)c2)c(=O)c(C(=O)NCc2ccc([S+](C)[O-])cc2)cn1C(C)C,7.946666666666666,0.38552993831002713,3
CHEMBL248,Cc1c(-c2cccc(C(F)(F)F)c2)c(=O)c(C(=O)NCc2ccc3c(c2)C=CS3(=O)=O)cn1C(C)C,7.96,0.0,1
CHEMBL248,Cc1c(-c2cccc(C(F)(F)F)c2)c(=O)c(C(=O)NCc2ccc3c(c2)CCS3(=O)=O)cn1C(C)C,8.4,0.0,1
CHEMBL248,Cc1c(-c2cccc(C(F)(F)F)c2)c(=O)c(C(=O)NCc2cccc(S(C)(=O)=O)c2)cn1C(C)C,7.05,0.0,1
CHEMBL248,Cc1c(-c2cccc(C(F)(F)F)c2)c(=O)c(C(=O)NCc2cccnn2)cn1C(C)C,7.05,0.0,1
CHEMBL248,Cc1c(-c2cccc(C(F)(F)F)c2)c(=O)c(C(=O)NCc2ccncc2)cn1C(C)C,7.01,0.0,1
CHEMBL248,Cc1c(-c2cccc(C(F)(F)F)c2)c(=O)c(C(=O)NCc2cn3c(n2)S(=O)(=O)CC3)cn1C(C)C,8.28,0.0,1
CHEMBL248,Cc1c(-c2cccc(C(F)(F)F)c2)c(=O)c(C(=O)NCc2cnn(C)c2)cn1C(C)C,7.21,0.0,1
CHEMBL248,Cc1c(-c2cccc(C(F)F)c2)c(=O)c(C(=O)NCc2ccc(C#N)cc2)cn1C(C)C,7.29,0.0,1
CHEMBL248,Cc1c(-c2cccc(C(F)F)c2)c(=O)c(C(=O)NCc2ccc(CN3CCCC3=O)cc2)cn1C(C)C,7.7,0.0,1
CHEMBL248,Cc1c(-c2cccc(C(F)F)c2)c(=O)c(C(=O)NCc2ccc(Cn3ccnc3)cc2)cn1C(C)C,7.75,0.0,1
CHEMBL248,Cc1c(-c2cccc(C(F)F)c2)c(=O)c(C(=O)NCc2ccc(N3CCNC3=O)cc2)cn1C(C)C,7.16,0.0,1
CHEMBL248,Cc1c(-c2cccc(C(F)F)c2)c(=O)c(C(=O)NCc2ccc(S(C)(=O)=NC#N)c(F)c2)cn1C(C)C,8.96,0.0,1
CHEMBL248,Cc1c(-c2cccc(C(F)F)c2)c(=O)c(C(=O)NCc2ccc(S(C)(=O)=NC#N)cc2)cn1-c1ccccc1,8.43,0.0,1
CHEMBL248,Cc1c(-c2cccc(C(F)F)c2)c(=O)c(C(=O)NCc2ccc(S(C)(=O)=NC#N)cc2)cn1-c1cccnc1,8.43,0.0,1
CHEMBL248,Cc1c(-c2cccc(C(F)F)c2)c(=O)c(C(=O)NCc2ccc(S(C)(=O)=NC#N)cc2)cn1-c1ccncc1,8.4,0.0,1
CHEMBL248,Cc1c(-c2cccc(C(F)F)c2)c(=O)c(C(=O)NCc2ccc(S(C)(=O)=NC#N)cc2)cn1-c1ccnn1C,8.68,0.0,1
CHEMBL248,Cc1c(-c2cccc(C(F)F)c2)c(=O)c(C(=O)NCc2ccc(S(C)(=O)=NC#N)cc2)cn1C(C)C,8.7,0.268700576850888,2
CHEMBL248,Cc1c(-c2cccc(C(F)F)c2)c(=O)c(C(=O)NCc2ccc(S(C)(=O)=NC#N)cc2F)cn1C(C)C,8.6,0.0,1
CHEMBL248,Cc1c(-c2cccc(C(F)F)c2)c(=O)c(C(=O)NCc2ccc(S(C)(=O)=NS(C)(=O)=O)cc2)cn1C(C)C,8.1,0.0,1
CHEMBL248,Cc1c(-c2cccc(C(F)F)c2)c(=O)c(C(=O)NCc2ccc(S(C)(=O)=O)c(F)c2)cn1C(C)C,7.8,0.0,1
CHEMBL248,Cc1c(-c2cccc(C(F)F)c2)c(=O)c(C(=O)NCc2ccc(S(C)(=O)=O)cc2)cn1C(C)C,7.96,0.0,1
CHEMBL248,Cc1c(-c2cccc(C(F)F)c2)c(=O)c(C(=O)NCc2ccc(S(C)(=O)=O)cc2)cn1C1CCCC1,7.75,0.0,1
CHEMBL248,Cc1c(-c2cccc(C(F)F)c2)c(=O)c(C(=O)NCc2ccc(S(C)(=O)=O)cc2)cn1C1CCOC1,7.57,0.0,1
CHEMBL248,Cc1c(-c2cccc(C(F)F)c2)c(=O)c(C(=O)NCc2ccc(S(C)(=O)=O)cc2F)cn1C(C)C,7.77,0.0,1
CHEMBL248,Cc1c(-c2cccc(C(F)F)c2)c(=O)c(C(=O)NCc2ccc(S(C)(=O)=O)cn2)cn1C(C)C,7.82,0.0,1
CHEMBL248,Cc1c(-c2cccc(C(F)F)c2)c(=O)c(C(=O)NCc2ccc(S(C)(=O)=O)cn2)cn1C1CCC1,7.46,0.0,1
CHEMBL248,Cc1c(-c2cccc(C(F)F)c2)c(=O)c(C(=O)NCc2ccc(S(C)(=O)=O)s2)cn1C(C)C,7.51,0.0,1
CHEMBL248,Cc1c(-c2cccc(C(F)F)c2)c(=O)c(C(=O)NCc2ccc(S(N)(=O)=O)cc2)cn1C(C)C,7.38,0.0,1
CHEMBL248,Cc1c(-c2cccc(C(F)F)c2)c(=O)c(C(=O)NCc2ccc([S+](C)[O-])cc2)cn1C(C)C,8.0,0.0,1
CHEMBL248,Cc1c(-c2cccc(C(F)F)c2)c(=O)c(C(=O)NCc2ccc3c(c2)C=CS3(=O)=O)cn1C(C)C,8.11,0.0,1
CHEMBL248,Cc1c(-c2cccc(C(F)F)c2)c(=O)c(C(=O)NCc2ccc3c(c2)CCS3(=O)=O)cn1C(C)C,8.52,0.0,1
CHEMBL248,Cc1c(-c2cccc(C(F)F)c2)c(=O)c(C(=O)NCc2ccc3c(cnn3C)c2)cn1C(C)C,7.35,0.0,1
CHEMBL248,Cc1c(-c2cccc(C(F)F)c2)c(=O)c(C(=O)NCc2cccc(=O)[nH]2)cn1C(C)C,7.14,0.0,1
CHEMBL248,Cc1c(-c2cccc(C(F)F)c2)c(=O)c(C(=O)NCc2cccc(S(C)(=O)=O)c2)cn1C(C)C,7.2,0.0,1
CHEMBL248,Cc1c(-c2cccc(C(F)F)c2)c(=O)c(C(=O)NCc2cccnn2)cn1C(C)C,7.01,0.0,1
CHEMBL248,Cc1c(-c2cccc(C(F)F)c2)c(=O)c(C(=O)NCc2cn3ccccc3n2)cn1C(C)C,7.55,0.0,1
CHEMBL248,Cc1c(-c2cccc(C(F)F)c2)c(=O)c(C(=O)NCc2cnn(C)c2)cn1C(C)C,7.22,0.0,1
CHEMBL248,Cc1c(-c2ccnc(C(F)(F)F)c2)c(=O)c(C(=O)NCc2ccc(S(C)(=O)=NC#N)cc2)cn1-c1ccccc1,7.87,0.0,1
CHEMBL248,Cc1c(-c2ccnc(C(F)(F)F)c2)c(=O)c(C(=O)NCc2ccc(S(C)(=O)=NC#N)cc2)cn1-c1ccccn1,7.83,0.0,1
CHEMBL248,Cc1c(-c2ccnc(C(F)(F)F)c2)c(=O)c(C(=O)NCc2ccc(S(C)(=O)=NC#N)cc2)cn1-c1cccnc1,7.84,0.0,1
CHEMBL248,Cc1c(-c2ccnc(C(F)(F)F)c2)c(=O)c(C(=O)NCc2ccc(S(C)(=O)=NC#N)cc2)cn1-c1ccncc1,7.93,0.0,1
CHEMBL248,Cc1c(-c2ccnc(C(F)(F)F)c2)c(=O)c(C(=O)NCc2ccc(S(C)(=O)=NC#N)cc2)cn1C(C)C,8.18,0.22605309110914618,3
CHEMBL248,Cc1c(-c2ccnc(C(F)(F)F)c2)c(=O)c(C(=O)NCc2ccc(S(C)(=O)=O)cc2)cn1C(C)C,7.14,0.0,1
CHEMBL248,Cc1c(-c2ccnc(C(F)(F)F)c2)c(=O)c(C(=O)NCc2ccc(S(C)(=O)=O)cn2)cn1C(C)C,7.11,0.0,1
CHEMBL248,Cc1c(-c2ccnc(C(F)(F)F)c2)c(=O)c(C(=O)NCc2ccc([S+](C)[O-])cc2)cn1C(C)C,7.29,0.0,1
CHEMBL248,Cc1c(-c2ccnc(C(F)(F)F)c2)c(=O)c(C(=O)NCc2ccc3c(c2)CCS3(=O)=O)cn1C(C)C,7.82,0.0,1
CHEMBL248,Cc1c(-c2ccnn2C)cc(C(=O)NCc2ccc(S(C)(=O)=O)cn2)c(=O)n1-c1cccc(C(F)(F)F)c1,7.92,0.0,1
CHEMBL248,Cc1c(-c2cncc(C(F)(F)F)c2)c(=O)c(C(=O)NCc2ccc(S(C)(=O)=O)cc2)cn1C(C)C,7.04,0.0,1
CHEMBL248,Cc1c(C)c2c(c(C)c1O)CC(C)(C(=O)NS(=O)(=O)c1ccc(C(=O)NC(C(=O)N3C4CCC(CC4)[C@@H]3C(=O)NC(C(=O)C(F)(F)F)C(C)C)C(C)C)cc1)CO2,7.7,0.0,1
CHEMBL248,Cc1c(N(C)C)ccc2nc(N[C@H](C)c3ccccc3)oc(=O)c12,5.5,0.0,1
CHEMBL248,Cc1c(NC(=O)OC(C)(C)C)ccc2nc(N[C@H](C)c3ccccc3)oc(=O)c12,4.4,0.0,1
CHEMBL248,Cc1c([S+]([O-])c2ccc(C#N)cc2)cc(C(=O)NCCCN2CCCC2=O)c(=O)n1-c1cccc(C(F)(F)F)c1,9.3,0.0,1
CHEMBL248,Cc1cc(-n2cc(C(=O)NCc3ccc(S(C)(=O)=NC#N)cc3)c(=O)c(-c3cccc(C(F)(F)F)c3)c2C)no1,8.07,0.0,1
CHEMBL248,Cc1cc(-n2cc(C(=O)NCc3ccc(S(C)(=O)=NC#N)cc3)c(=O)c(-c3cccc(C(F)(F)F)c3)c2C)on1,8.03,0.0,1
CHEMBL248,Cc1cc(C#N)ccc1C1C2=C(CCC2=O)N(c2cccc(C(F)(F)F)c2)C(=O)N1C,8.19,0.0,1
CHEMBL248,Cc1cc(C#N)ccc1C1C2=C(CCC2=O)N(c2cccc(C(F)(F)F)c2)C(=O)N1S(C)(=O)=O,8.43,0.0,1
CHEMBL248,Cc1cc(C#N)ccc1C1NC(=O)N(c2cccc(C(F)(F)F)c2)C2=C1C(=O)CC2,7.54,0.0,1
CHEMBL248,Cc1cc(C)c(C(=O)OCc2cc(=O)c(OC(=O)C(C)(C)C)co2)c(C)c1,5.08,0.0,1
CHEMBL248,Cc1cc(CNC(=O)c2cn(C(C)C)c(C)c(-c3cccc(C(F)(F)F)c3)c2=O)ccc1S(C)(=O)=NC#N,8.47,0.0,1
CHEMBL248,Cc1cc(CNC(=O)c2cn(C(C)C)c(C)c(-c3cccc(C(F)(F)F)c3)c2=O)ccc1S(C)(=O)=O,8.15,0.0,1
CHEMBL248,Cc1cc(CNC(=O)c2cn(C(C)C)c(C)c(-c3cccc(C(F)F)c3)c2=O)ccc1S(C)(=O)=O,8.22,0.0,1
CHEMBL248,Cc1cc(CNC(=O)c2cn(C(C)C)c(C)c(-c3ccnc(C(F)(F)F)c3)c2=O)ccc1S(C)(=O)=O,7.57,0.0,1
CHEMBL248,Cc1cc(COc2cc(OS(=O)(=O)[O-])cc3oc(-c4ccc(OS(=O)(=O)[O-])c(OS(=O)(=O)[O-])c4)c(OS(=O)(=O)[O-])c(=O)c23)c(C)cc1COc1cc(OS(=O)(=O)[O-])cc2oc(-c3ccc(OS(=O)(=O)[O-])c(OS(=O)(=O)[O-])c3)c(OS(=O)(=O)[O-])c(=O)c12,6.5,0.0,1
CHEMBL248,Cc1cc(COc2cc(OS(=O)(=O)[O-])cc3oc(-c4ccc(OS(=O)(=O)[O-])cc4)cc(=O)c23)c(C)cc1COc1cc(OS(=O)(=O)[O-])cc2oc(-c3ccc(OS(=O)(=O)[O-])cc3)cc(=O)c12,4.04,0.0,1
CHEMBL248,Cc1cc(O)c2c(c1)C(=O)c1cc(O)cc(O)c1C2=O,4.28,0.0,1
CHEMBL248,Cc1cc(O)c2c(c1)C(=O)c1cccc(O)c1C2=O,4.75,0.0,1
CHEMBL248,Cc1cc(O)c2c3c(c(O)c4c(c13)O[C@@H](C)C4(C)C)NC2=O,5.03,0.0,1
CHEMBL248,Cc1cc(S(C)(=O)=NC#N)ccc1CNC(=O)c1cn(C(C)C)c(C)c(-c2cccc(C(F)(F)F)c2)c1=O,8.66,0.0,1
CHEMBL248,Cc1cc(S(C)(=O)=NC#N)ccc1CNC(=O)c1cn(C(C)C)c(C)c(-c2cccc(C(F)F)c2)c1=O,8.62,0.0,1
CHEMBL248,Cc1cc(S(C)(=O)=O)ccc1CNC(=O)c1cn(C(C)C)c(C)c(-c2cccc(C(F)(F)F)c2)c1=O,7.72,0.0,1
CHEMBL248,Cc1cc(S(C)(=O)=O)ccc1CNC(=O)c1cn(C(C)C)c(C)c(-c2cccc(C(F)F)c2)c1=O,7.57,0.0,1
CHEMBL248,Cc1ccc(-c2nc3cccc(C)c3c(=O)o2)cn1,6.15,0.0,1
CHEMBL248,Cc1ccc(-n2cc(C(=O)NCc3ccc(S(C)(=O)=NC#N)cc3)c(=O)c(-c3cccc(C(F)(F)F)c3)c2C)cn1,8.33,0.0,1
CHEMBL248,Cc1ccc(C(=O)NCc2ccc(S(C)(=O)=O)cc2)c(=O)n1-c1cccc(C(F)(F)F)c1,7.36,0.0,1
CHEMBL248,Cc1ccc(C(=O)n2cc(C#N)c3cccnc32)cc1,7.85,0.0,1
CHEMBL248,Cc1ccc(C(=O)n2nc(C#N)c3cccnc32)cc1,5.82,0.0,1
CHEMBL248,Cc1ccc(C(=O)n2nc(C(=O)Nc3ccccc3)c3ccccc32)cc1,4.54,0.0,1
CHEMBL248,Cc1ccc(C)n1-c1ccc(C(=O)O)c(O)c1,4.29,0.0,1
CHEMBL248,Cc1ccc(C)n1-c1ccc(SCC(=O)O)cc1,4.81,0.0,1
CHEMBL248,Cc1ccc(CC[C@H](NC(=O)[C@H]2CCCN2C(=O)[C@@H](NC(=O)[C@@H](NC(=O)[C@H](CCC(=O)O)NC(=O)[C@@H](N)CC(=O)O)C(C)C)C(C)C)B2O[C@@H]3C[C@@H]4C[C@@H](C4(C)C)[C@]3(C)O2)cc1,5.3,0.0,1
CHEMBL248,Cc1ccc(N2C(=O)N(c3ccc(C)cc3)C2=O)cc1,6.64,0.0,1
CHEMBL248,Cc1ccc(S(=O)(=O)N2C(=O)OC(C)(C)C2=O)cc1,5.58,0.0,1
CHEMBL248,Cc1ccc(S(=O)(=O)N2CCN(Cc3ccccc3)C(=O)[C@@H]2CC(C)C)cc1,4.55,0.0,1
CHEMBL248,Cc1ccc(S(=O)(=O)O[C@H]2C(=O)N3[C@@H](C(=O)OCc4ccccc4)C(C)(C)S(=O)(=O)[C@H]23)cc1,7.3,0.0,1
CHEMBL248,Cc1ccc2c(c1)C(=O)c1ccccc1C2=O,4.41,0.0,1
CHEMBL248,Cc1ccc2c(c1)C(Cc1ccc(C(=N)N)c(OCc3cccnc3)c1)OB2O,4.6,0.0,1
CHEMBL248,Cc1ccc2c(c1O)C(=O)c1c(O)cc(O)cc1C2=O,4.68,0.0,1
CHEMBL248,Cc1ccc2c(c1O)C(=O)c1c(O)cccc1C2=O,5.0,0.0,1
CHEMBL248,Cc1ccc2c(c1O)C(=O)c1ccccc1C2=O,4.96,0.0,1
CHEMBL248,Cc1cccc(C(=O)n2[se]c3ccccc3c2=O)c1,4.96,0.0,1
CHEMBL248,Cc1cccc(C(=O)n2cc(-c3cccc(C#N)c3)c3cccnc32)c1,5.17,0.0,1
CHEMBL248,Cc1cccc(C(=O)n2cc(-c3cccnc3)c3cccnc32)c1,5.22,0.0,1
CHEMBL248,Cc1cccc(C(=O)n2cc(-c3ccco3)c3cccnc32)c1,4.35,0.0,1
CHEMBL248,Cc1cccc(C(=O)n2cc(-c3ccoc3)c3cccnc32)c1,4.37,0.0,1
CHEMBL248,Cc1cccc(C(=O)n2cc(-c3nc(C)no3)c3cccnc32)c1,7.1,0.0,1
CHEMBL248,Cc1cccc(C(=O)n2cc(-c3noc(C)n3)c3cccnc32)c1,5.44,0.0,1
CHEMBL248,Cc1cccc(C(=O)n2cc(Br)c3cccnc32)c1,4.92,0.0,1
CHEMBL248,Cc1cccc(C(=O)n2cc(C#N)c3cccnc32)c1,7.82,0.0,1
CHEMBL248,Cc1cccc(C(=O)n2cc(C#N)c3ccncc32)c1,6.71,0.0,1
CHEMBL248,Cc1cccc(C(=O)n2cc(C#N)c3cnccc32)c1,7.85,0.0,1
CHEMBL248,Cc1cccc(C(=O)n2cc(C#N)c3ncccc32)c1,7.05,0.0,1
CHEMBL248,Cc1cccc(C(=O)n2cc(C(=O)Nc3ccccc3)c3cccnc32)c1,6.41,0.0,1
CHEMBL248,Cc1cccc(C(=O)n2cc(CN(C)c3ccccc3)c3cccnc32)c1,5.62,0.0,1
CHEMBL248,Cc1cccc(C(=O)n2cc(CNc3ccccc3)c3cccnc32)c1,5.75,0.0,1
CHEMBL248,Cc1cccc(C(=O)n2cc(Cl)c3cccnc32)c1,4.54,0.0,1
CHEMBL248,Cc1cccc(C(=O)n2cc(I)c3cccnc32)c1,5.14,0.0,1
CHEMBL248,Cc1cccc(C(=O)n2cc([N+](=O)[O-])c3cccnc32)c1,7.62,0.0,1
CHEMBL248,Cc1cccc(C(=O)n2nc(C#N)c3cc([N+](=O)[O-])ccc32)c1,7.51,0.0,1
CHEMBL248,Cc1cccc(C(=O)n2nc(C#N)c3ccccc32)c1,8.15,0.0,1
CHEMBL248,Cc1cccc(C(=O)n2nc(C#N)c3cccnc32)c1,6.48,0.0,1
CHEMBL248,Cc1cccc(C(=O)n2nc(C#N)c3cnccc32)c1,8.0,0.0,1
CHEMBL248,Cc1cccc(C(=O)n2nc(C(=O)Nc3ccccc3)c3ccccc32)c1,6.03,0.0,1
CHEMBL248,Cc1cccc(C(=O)n2nc(C(=O)OC(C)C)c3ccccc32)c1,6.19,0.0,1
CHEMBL248,Cc1cccc(C(=O)n2nc(C(=O)OC(C)C)c3cccnc32)c1,6.01,0.0,1
CHEMBL248,Cc1cccc(C(=O)n2nc(C(=O)OCC(F)(F)F)c3ccccc32)c1,6.34,0.0,1
CHEMBL248,Cc1cccc(C(=O)n2nc(C(F)(F)F)c3cccnc32)c1,6.38,0.0,1
CHEMBL248,Cc1cccc(C(=O)n2nc(C(F)(F)F)c3cnccc32)c1,7.48,0.0,1
CHEMBL248,Cc1cccc(C(=O)n2nc(C(N)=O)c3ccccc32)c1,4.9,0.0,1
CHEMBL248,Cc1cccc(C(=O)n2nc(C)c3ccccc32)c1,4.66,0.0,1
CHEMBL248,Cc1cccc(C(=O)n2nc(C)c3cnccc32)c1,6.12,0.0,1
CHEMBL248,Cc1cccc(C(=O)n2ncc3ccccc32)c1,5.0,0.0,1
CHEMBL248,Cc1cccc(CC[C@H](NC(=O)[C@H]2CCCN2C(=O)[C@@H](NC(=O)[C@@H](NC(=O)[C@H](CCC(=O)O)NC(=O)[C@@H](N)CC(=O)O)C(C)C)C(C)C)B2O[C@@H]3C[C@@H]4C[C@@H](C4(C)C)[C@]3(C)O2)c1,5.24,0.0,1
CHEMBL248,Cc1cccc2c1B(O)OC(c1ccc(C(=N)N)c(OCc3cccnc3)c1)C2,6.1,0.0,1
CHEMBL248,Cc1cccc2nc(-c3ccccc3Oc3ccccc3)oc(=O)c12,6.77,0.0,1
CHEMBL248,Cc1cccc2nc(-c3cccnc3)oc(=O)c12,6.05,0.0,1
CHEMBL248,Cc1cccc2nc(-c3cccnc3-n3ccnc3)oc(=O)c12,7.19,0.0,1
CHEMBL248,Cc1cccc2nc(-c3cccnc3N(C)CCN(C)C)oc(=O)c12,6.96,0.0,1
CHEMBL248,Cc1cccc2nc(-c3cccnc3N3CCC(C(=O)O)CC3)oc(=O)c12,7.1,0.0,1
CHEMBL248,Cc1cccc2nc(-c3cccnc3N3CCN(C)CC3)oc(=O)c12,7.03,0.0,1
CHEMBL248,Cc1cccc2nc(-c3cccnc3N3CCN(C4CCN(C)CC4)CC3)oc(=O)c12,7.13,0.0,1
CHEMBL248,Cc1cccc2nc(-c3cccnc3NCCN(C)C)oc(=O)c12,5.09,0.0,1
CHEMBL248,Cc1cccc2nc(-c3cccnc3NCCN3CCOCC3)oc(=O)c12,5.22,0.0,1
CHEMBL248,Cc1cccc2nc(-c3cccnc3Oc3ccccc3)oc(=O)c12,7.21,0.0,1
CHEMBL248,Cc1cccc2nc(NC(C)C)oc(=O)c12,7.48,0.0,1
CHEMBL248,Cc1cccc2nc(N[C@@H](C)c3ccccc3)oc(=O)c12,7.36,0.0,1
CHEMBL248,Cc1cccc2nc(N[C@H](C)c3ccc(Br)cc3)oc(=O)c12,7.7,0.0,1
CHEMBL248,Cc1cccc2nc(N[C@H](C)c3ccccc3)oc(=O)c12,7.04,0.0,1
CHEMBL248,Cc1ccccc1-c1nc2cccc(Cl)c2c(=O)o1,7.275,0.04949747468305758,2
CHEMBL248,Cc1ccccc1C(=O)n1nc(C(=O)Nc2ccccc2)c2ccccc21,4.47,0.0,1
CHEMBL248,Cc1ccncc1-n1cc(C(=O)NCc2ccc(S(C)(=O)=NC#N)cc2)c(=O)c(-c2cccc(C(F)(F)F)c2)c1C,8.77,0.0,1
CHEMBL248,Cc1cn(CC(=O)N[C@H](C(=O)N2CCC[C@H]2C(=O)N[C@H](C(=O)c2nc3ccccc3o2)C(C)C)C(C)C)c(=O)n(CC(=O)O)c1=O,7.85,0.0,1
CHEMBL248,Cc1cncc(-n2cc(C(=O)NCc3ccc(S(C)(=O)=NC#N)cc3)c(=O)c(-c3cccc(C(F)(F)F)c3)c2C)c1,8.1,0.0,1
CHEMBL248,Cc1nc2ccccc2c(=O)n1N1C(=O)c2ccccc2S1(=O)=O,4.63,0.0,1
CHEMBL248,Cc1ncccc1-c1nc2cccc(C)c2c(=O)o1,7.06,0.0,1
CHEMBL248,Cc1nn(CC(=O)N[C@H](C(=O)N2CCC[C@H]2C(=O)N[C@H](C(=O)c2nc3ccccc3o2)C(C)C)C(C)C)c(=O)n(CC(=O)O)c1=O,7.57,0.0,1
CHEMBL248,Cc1nnc(-c2cc(C#N)ccc2C2C3=C(CCC3=O)N(c3cccc(C(F)(F)F)c3)C(=O)N2C)o1,8.66,0.0,1
CHEMBL248,Cc1nnc(CNC(=O)CN2C(=O)N(c3cccc(C(F)(F)F)c3)C3=C(C(=O)CC3)C2c2ccc(C#N)cc2)o1,8.02,0.0,1
CHEMBL248,Cc1nnc(CNC(=O)c2cn(C(C)C)c(C)c(-c3cccc(C(F)(F)F)c3)c2=O)o1,7.42,0.0,1
CHEMBL248,Cc1nnc(CNC(=O)c2cn(C(C)C)c(C)c(-c3cccc(C(F)F)c3)c2=O)o1,7.57,0.0,1
CHEMBL248,Cc1nnc(CNC(=O)c2cn(C3CCC3)c(C)c(-c3cccc(C(F)(F)F)c3)c2=O)o1,7.24,0.0,1
CHEMBL248,Cc1nnc(CNC(=O)c2cn(C3CCC3)c(C)c(-c3cccc(C(F)F)c3)c2=O)o1,7.26,0.0,1
CHEMBL248,Cc1nnc(CNC(=O)c2cn(C3CCCC3)c(C)c(-c3cccc(C(F)(F)F)c3)c2=O)o1,7.37,0.0,1
CHEMBL248,Cc1nnc(CNC(=O)c2cn(C3CCCC3)c(C)c(-c3cccc(C(F)F)c3)c2=O)o1,7.55,0.0,1
CHEMBL248,Cc1noc(-c2cc(C#N)ccc2C2C3=C(CCC3=O)N(c3cccc(C(F)(F)F)c3)C(=O)N2C)n1,8.55,0.0,1
CHEMBL248,Cc1noc(-n2cc(C(=O)NCc3ccc(S(C)(=O)=NC#N)cc3)c(=O)c(-c3cccc(C(F)(F)F)c3)c2C)c1C,8.14,0.0,1
CHEMBL248,Cc1noc(C)c1-c1cc(C(=O)NCc2ccc(S(C)(=O)=O)cc2)c(=O)n(-c2cccc(Cl)c2)c1C,7.77,0.0,1
CHEMBL248,Cc1noc(C)c1-n1cc(C(=O)NCc2ccc(S(C)(=O)=NC#N)cc2)c(=O)c(-c2cccc(C(F)(F)F)c2)c1C,8.59,0.0,1
CHEMBL248,Clc1ccc2nc(-c3c[nH]c4ccccc34)cc(-c3ccccc3)c2c1,5.38,0.0,1
CHEMBL248,Cn1cc(-c2cc(C#N)ccc2C2NC(=O)N(c3cccc(C(F)(F)F)c3)C3=C2C(=O)CC3)ccc1=O,8.62,0.0,1
CHEMBL248,Cn1cc(-c2cc(C#N)ccc2C2NC(=O)N(c3cccc(C(F)(F)F)c3)C3=C2C(=O)CC3)cn1,8.32,0.0,1
CHEMBL248,Cn1cc(CNC(=O)CN2C(=O)N(c3cccc(C(F)(F)F)c3)C3=C(C(=O)CC3)C2c2ccc(C#N)cc2)cn1,8.17,0.0,1
CHEMBL248,Cn1ccc(-c2cc(C#N)ccc2C2NC(=O)N(c3cccc(C(F)(F)F)c3)C3=C2C(=O)CC3)cc1=O,8.23,0.0,1
CHEMBL248,Cn1ccc(CNC(=O)CN2C(=O)N(c3cccc(C(F)(F)F)c3)C3=C(C(=O)CC3)C2c2ccc(C#N)cc2)n1,7.8,0.0,1
CHEMBL248,Cn1ccc(CNC(=O)N2C(=O)N(c3cccc(C(F)(F)F)c3)C3=C(C(=O)CC3)C2c2ccc(C#N)cc2)n1,8.92,0.0,1
CHEMBL248,Cn1cnc(CNC(=O)N2C(=O)N(c3cccc(C(F)(F)F)c3)C3=C(C(=O)CC3)C2c2ccc(C#N)cc2)c1,8.77,0.0,1
CHEMBL248,Cn1cncc1CNC(=O)N1C(=O)N(c2cccc(C(F)(F)F)c2)C2=C(C(=O)CC2)C1c1ccc(C#N)cc1,8.82,0.0,1
CHEMBL248,Cn1ncc2c1CN(C(=O)CN1C(=O)N(c3cccc(C(F)(F)F)c3)C3=C(C(=O)CC3)C1c1ccc(C#N)cc1)C2,8.77,0.0,1
CHEMBL248,N#CCN1C(=O)N(c2cccc(C(F)(F)F)c2)C2=C(C(=O)CC2)C1c1ccc(C#N)cc1,7.585,0.007071067811865324,2
CHEMBL248,N#Cc1ccc(C(=O)n2cc(C#N)c3cccnc32)cc1,4.9,0.0,1
CHEMBL248,N#Cc1ccc(C(=O)n2nc(C(=O)Nc3ccccc3)c3ccccc32)cc1,4.42,0.0,1
CHEMBL248,N#Cc1ccc(C2C3=C(CCC3=O)N(c3cccc(C(F)(F)F)c3)C(=O)N2C(=O)NCC2(O)CC2)cc1,8.85,0.0,1
CHEMBL248,N#Cc1ccc(C2C3=C(CCC3=O)N(c3cccc(C(F)(F)F)c3)C(=O)N2C(=O)NCC2COCCO2)cc1,8.82,0.0,1
CHEMBL248,N#Cc1ccc(C2C3=C(CCC3=O)N(c3cccc(C(F)(F)F)c3)C(=O)N2C(=O)NCc2ncco2)cc1,8.96,0.0,1
CHEMBL248,N#Cc1ccc(C2C3=C(CCC3=O)N(c3cccc(C(F)(F)F)c3)C(=O)N2C(=O)N[C@@H]2CCC[C@@H]2O)cc1,8.54,0.0,1
CHEMBL248,N#Cc1ccc(C2C3=C(CCC3=O)N(c3cccc(C(F)(F)F)c3)C(=O)N2C(N)=O)cc1,8.66,0.0,1
CHEMBL248,N#Cc1ccc(C2C3=C(CCC3=O)N(c3cccc(C(F)(F)F)c3)C(=O)N2CC(=O)N2CC3CC3C2)cc1,8.46,0.0,1
CHEMBL248,N#Cc1ccc(C2C3=C(CCC3=O)N(c3cccc(C(F)(F)F)c3)C(=O)N2CC(=O)N2CCC(F)C2)cc1,8.44,0.0,1
CHEMBL248,N#Cc1ccc(C2C3=C(CCC3=O)N(c3cccc(C(F)(F)F)c3)C(=O)N2CC(=O)N2CCC(O)C2)cc1,8.41,0.0,1
CHEMBL248,N#Cc1ccc(C2C3=C(CCC3=O)N(c3cccc(C(F)(F)F)c3)C(=O)N2CC(=O)N2CCC2)cc1,8.43,0.0,1
CHEMBL248,N#Cc1ccc(C2C3=C(CCC3=O)N(c3cccc(C(F)(F)F)c3)C(=O)N2CC(=O)N2CCCC2)cc1,8.66,0.0,1
CHEMBL248,N#Cc1ccc(C2C3=C(CCC3=O)N(c3cccc(C(F)(F)F)c3)C(=O)N2CC(=O)N2CCCCC2)cc1,8.42,0.0,1
CHEMBL248,N#Cc1ccc(C2C3=C(CCC3=O)N(c3cccc(C(F)(F)F)c3)C(=O)N2CC(=O)N2CCN(C3CC3)CC2)cc1,8.06,0.0,1
CHEMBL248,N#Cc1ccc(C2C3=C(CCC3=O)N(c3cccc(C(F)(F)F)c3)C(=O)N2CC(=O)N2CCN3CCCC3C2)cc1,8.08,0.0,1
CHEMBL248,N#Cc1ccc(C2C3=C(CCC3=O)N(c3cccc(C(F)(F)F)c3)C(=O)N2CC(=O)N2CCNC(=O)C2)cc1,8.48,0.0,1
CHEMBL248,N#Cc1ccc(C2C3=C(CCC3=O)N(c3cccc(C(F)(F)F)c3)C(=O)N2CC(=O)N2CCOCC2)cc1,8.42,0.0,1
CHEMBL248,N#Cc1ccc(C2C3=C(CCC3=O)N(c3cccc(C(F)(F)F)c3)C(=O)N2CC(=O)N2CCSCC2)cc1,8.52,0.0,1
CHEMBL248,N#Cc1ccc(C2C3=C(CCC3=O)N(c3cccc(C(F)(F)F)c3)C(=O)N2CC(=O)N2CC[S+]([O-])CC2)cc1,8.41,0.0,1
CHEMBL248,N#Cc1ccc(C2C3=C(CCC3=O)N(c3cccc(C(F)(F)F)c3)C(=O)N2CC(=O)N2CCc3[nH]c(=O)ccc3C2)cc1,8.54,0.0,1
CHEMBL248,N#Cc1ccc(C2C3=C(CCC3=O)N(c3cccc(C(F)(F)F)c3)C(=O)N2CC(=O)NC2CC2)cc1,7.96,0.0,1
CHEMBL248,N#Cc1ccc(C2C3=C(CCC3=O)N(c3cccc(C(F)(F)F)c3)C(=O)N2CC(=O)NC2CCOCC2)cc1,7.725,0.007071067811865638,2
CHEMBL248,N#Cc1ccc(C2C3=C(CCC3=O)N(c3cccc(C(F)(F)F)c3)C(=O)N2CC(=O)NCC2CC2)cc1,7.855,0.007071067811866266,2
CHEMBL248,N#Cc1ccc(C2C3=C(CCC3=O)N(c3cccc(C(F)(F)F)c3)C(=O)N2CC(=O)NCC2CCC(=O)N2)cc1,8.0,0.0,1
CHEMBL248,N#Cc1ccc(C2C3=C(CCC3=O)N(c3cccc(C(F)(F)F)c3)C(=O)N2CC(=O)NCC2CCCOC2)cc1,7.765,0.007071067811865324,2
CHEMBL248,N#Cc1ccc(C2C3=C(CCC3=O)N(c3cccc(C(F)(F)F)c3)C(=O)N2CC(=O)NCC2CCOC2)cc1,8.04,0.0,1
CHEMBL248,N#Cc1ccc(C2C3=C(CCC3=O)N(c3cccc(C(F)(F)F)c3)C(=O)N2CC(=O)NCC2CCOCC2)cc1,8.01,0.0,1
CHEMBL248,N#Cc1ccc(C2C3=C(CCC3=O)N(c3cccc(C(F)(F)F)c3)C(=O)N2CC(=O)NCCCNC(N)=O)cc1,7.77,0.0,1
CHEMBL248,N#Cc1ccc(C2C3=C(CCC3=O)N(c3cccc(C(F)(F)F)c3)C(=O)N2CC(=O)NCCN2CCCC2)cc1,7.725,0.007071067811865638,2
CHEMBL248,N#Cc1ccc(C2C3=C(CCC3=O)N(c3cccc(C(F)(F)F)c3)C(=O)N2CC(=O)NCc2ccc(=O)[nH]c2)cc1,7.68,0.0,1
CHEMBL248,N#Cc1ccc(C2C3=C(CCC3=O)N(c3cccc(C(F)(F)F)c3)C(=O)N2CC(=O)N[C@H]2CCNC2=O)cc1,7.93,0.014142135623730963,2
CHEMBL248,N#Cc1ccc(C2C3=C(CCC3=O)N(c3cccc(C(F)(F)F)c3)C(=O)N2CC(=O)N[C@H]2CC[C@H](O)CC2)cc1,7.675,0.007071067811865324,2
CHEMBL248,N#Cc1ccc(C2C3=C(CCC3=O)N(c3cccc(C(F)(F)F)c3)C(=O)N2CC(=O)O)cc1,7.96,0.0,1
CHEMBL248,N#Cc1ccc(C2C3=C(CCC3=O)N(c3cccc(C(F)(F)F)c3)C(=O)N2CC(N)=O)cc1,7.955,0.007071067811865324,2
CHEMBL248,N#Cc1ccc(C2C3=C(CCC3=O)N(c3ccnc(C(F)(F)F)c3)C(=O)N2C(=O)NC2CC2)cc1,8.82,0.0,1
CHEMBL248,N#Cc1ccc(C2C3=C(CCNC3=O)N(c3cccc(C(F)(F)F)c3)C(=O)N2CC(=O)O)cc1,8.57,0.0,1
CHEMBL248,N#Cc1ccc(C2C3=C(CCNC3=O)N(c3cccc(C(F)(F)F)c3)C(=O)N2CC(N)=O)cc1,8.52,0.0,1
CHEMBL248,N#Cc1ccc(C2NC(=O)N(c3cccc(C(F)(F)F)c3)C3=C2C(=O)CC3)c(-c2ccoc2)c1,8.0,0.0,1
CHEMBL248,N#Cc1ccc(C2NC(=O)N(c3cccc(C(F)(F)F)c3)C3=C2C(=O)CC3)c(-c2cn[nH]c2)c1,8.24,0.0,1
CHEMBL248,N#Cc1ccc(C2NC(=O)N(c3cccc(C(F)(F)F)c3)C3=C2C(=O)CC3)c(-c2cnco2)c1,8.62,0.0,1
CHEMBL248,N#Cc1ccc(C2NC(=O)N(c3cccc(C(F)(F)F)c3)C3=C2C(=O)CC3)c(Br)c1,7.75,0.0,1
CHEMBL248,N#Cc1ccc(C2NC(=O)N(c3cccc(C(F)(F)F)c3)C3=C2C(=O)CC3)c(Cl)c1,7.52,0.0,1
CHEMBL248,N#Cc1ccc(C2NC(=O)N(c3cccc(C(F)(F)F)c3)C3=C2C(=O)CC3)c(F)c1,7.36,0.0,1
CHEMBL248,N#Cc1ccc(C2NC(=O)N(c3cccc(C(F)(F)F)c3)C3=C2C(=O)CC3)c(S(=O)(=O)CCCO)c1,8.68,0.0,1
CHEMBL248,N#Cc1ccc(C2NC(=O)N(c3cccc(C(F)(F)F)c3)C3=C2C(=O)CC3)cc1,7.48,0.0,1
CHEMBL248,N#Cc1ccc(C2NC(=O)N(c3cccc(C(F)(F)F)c3)C3=C2C(=O)CC3)cn1,6.7,0.0,1
CHEMBL248,N#Cc1ccc(C2NC(=O)N(c3cccc(C(F)(F)F)c3)C3=C2C(=O)CC3)nc1,6.97,0.0,1
CHEMBL248,N#Cc1ccc(C2NC(=O)N(c3cccc(C(F)(F)F)c3)C3=C2C(=O)N(C(=O)NCCCO)CC3)cc1,8.43,0.0,1
CHEMBL248,N#Cc1ccc(C2NC(=O)N(c3cccc(C(F)(F)F)c3)C3=C2C(=O)N(C(=O)NCCO)CC3)cc1,8.42,0.0,1
CHEMBL248,N#Cc1ccc(C2NC(=O)N(c3cccc(C(F)(F)F)c3)C3=C2C(=O)NCC3)c(Br)c1,8.72,0.0,1
CHEMBL248,N#Cc1ccc(C2NC(=O)N(c3cccc(C(F)(F)F)c3)C3=C2C(=O)NCC3)cc1,8.24,0.0,1
CHEMBL248,N#Cc1ccc(C2NC(=O)N(c3cccc(C(F)F)c3)C3=C2C(=O)CC3)cc1,7.43,0.0,1
CHEMBL248,N#Cc1ccc(C2NC(=O)N(c3cccc(C(F)F)c3)C3=C2C(=O)NCC3)cc1,8.16,0.0,1
CHEMBL248,N#Cc1ccc(C2NC(=O)N(c3ccnc(C(F)(F)F)c3)C3=C2C(=O)CC3)cc1,6.96,0.0,1
CHEMBL248,N#Cc1ccc([C@@H]2C3=C(CN(CCO)NC3=O)N(c3cccc(C(F)(F)F)c3)C(=O)N2CC(N)=O)cc1,7.96,0.0,1
CHEMBL248,N#Cc1ccc([C@@H]2NC(=O)N(c3cccc(C(F)(F)F)c3)C3=C2C(=O)CC3)cc1,5.09,0.0,1
CHEMBL248,N#Cc1ccc([C@@H]2NC(=O)N(c3cccc(C(F)(F)F)c3)C3=C2C(=O)CC3)nc1,5.76,0.0,1
CHEMBL248,N#Cc1ccc([C@@H]2NC(=O)N(c3cccc(C(F)(F)F)c3)C3=C2C(=O)NCC3)cc1,6.03,0.0,1
CHEMBL248,N#Cc1ccc([C@@H]2NC(=O)N(c3cccc(C(F)F)c3)C3=C2C(=O)NCC3)cc1,6.745,2.467802666341051,2
CHEMBL248,N#Cc1ccc([C@H]2C3=C(CCC3=O)N(c3cccc(C(F)(F)F)c3)C(=O)N2C(=O)NCCO)cc1,6.26,0.0,1
CHEMBL248,N#Cc1ccc([C@H]2C3=C(CCC3=O)N(c3cccc(C(F)F)c3)C(=O)N2C(=O)NCCCO)cc1,6.21,0.0,1
CHEMBL248,N#Cc1ccc([C@H]2NC(=O)N(c3cccc(C(F)(F)F)c3)C3=C2C(=O)CC3)cc1,7.84,0.15620499351813275,3
CHEMBL248,N#Cc1ccc([C@H]2NC(=O)N(c3cccc(C(F)(F)F)c3)C3=C2C(=O)CC3)nc1,7.5,0.0,1
CHEMBL248,N#Cc1ccc([C@H]2NC(=O)N(c3cccc(C(F)(F)F)c3)C3=C2C(=O)NCC3)cc1,8.51,0.0,1
CHEMBL248,N#Cc1ccc([C@H]2NC(=O)N(c3cccc(C(F)(F)F)c3)C3=C2C(=O)NN(CCN2CCOCC2)C3)cc1,7.64,0.0,1
CHEMBL248,N#Cc1ccc([C@H]2NC(=O)N(c3cccc(C(F)(F)F)c3)C3=C2C(=O)NN(Cc2ccccc2F)C3)cc1,7.5,0.0,1
CHEMBL248,N#Cc1cccc(C(=O)n2cc(C#N)c3cccnc32)c1,4.72,0.0,1
CHEMBL248,N#Cc1cn(C(=O)C2CC2)c2cccnc12,7.64,0.0,1
CHEMBL248,N#Cc1cn(C(=O)C2CC2)c2ccncc12,7.01,0.0,1
CHEMBL248,N#Cc1cn(C(=O)C2CC2)c2cnccc12,6.74,0.0,1
CHEMBL248,N#Cc1cn(C(=O)C2CC2)c2ncccc12,7.06,0.0,1
CHEMBL248,N#Cc1cn(C(=O)C2CC2)c2nccnc12,7.25,0.0,1
CHEMBL248,N#Cc1cn(C(=O)C2CCCC2)c2ncccc12,5.58,0.0,1
CHEMBL248,N#Cc1cn(C(=O)C2CCCCC2)c2ncccc12,5.82,0.0,1
CHEMBL248,N#Cc1cn(C(=O)c2ccc(C(F)(F)F)cc2)c2ncccc12,5.82,0.0,1
CHEMBL248,N#Cc1cn(C(=O)c2cccc(C(F)(F)F)c2)c2ncccc12,5.75,0.0,1
CHEMBL248,N#Cc1nc(Nc2cc(F)cc(F)c2)c2ncn(CC(F)F)c2n1,4.07,0.0,1
CHEMBL248,N#Cc1nn(C(=O)C2CC2)c2ccncc12,7.1,0.0,1
CHEMBL248,N#Cc1nn(C(=O)C2CC2)c2ncccc12,7.47,0.0,1
CHEMBL248,N#Cc1nn(C(=O)C2CCCC2)c2ncccc12,6.85,0.0,1
CHEMBL248,N#Cc1nn(C(=O)C2CCCCC2)c2ncccc12,5.96,0.0,1
CHEMBL248,N#Cc1nn(C(=O)c2ccccc2)c2ccccc12,7.4,0.0,1
CHEMBL248,N#Cc1nn(C(=O)c2ccccc2)c2ncccc12,6.8,0.0,1
CHEMBL248,N=C(N)c1ccc(C2Cc3cc(Cl)c(F)cc3B(O)O2)cc1OCc1cccnc1,5.9,0.0,1
CHEMBL248,N=C(N)c1ccc(C2Cc3ccc(F)cc3B(O)O2)cc1OCc1cccnc1,4.5,0.0,1
CHEMBL248,N=C(N)c1ccc(C2Cc3ccccc3B(O)O2)cc1OCc1cccc(Cl)c1,4.8,0.0,1
CHEMBL248,N=C(N)c1ccc(C2Cc3ccccc3B(O)O2)cc1OCc1ccccc1Cl,5.2,0.0,1
CHEMBL248,N=C(N)c1ccc(C2Cc3ccccc3B(O)O2)cc1OCc1cccnc1,5.3,0.0,1
CHEMBL248,N=C(N)c1ccc(CC2OB(O)c3cc(F)ccc32)cc1OCc1cccnc1,5.8,0.0,1
CHEMBL248,N=C(N)c1ccc(CC2OB(O)c3ccc(F)cc32)cc1OCc1cccnc1,4.0,0.0,1
CHEMBL248,N=C(N)c1ccc(CC2OB(O)c3ccccc32)cc1OCc1cccnc1,4.9,0.0,1
CHEMBL248,NC(=O)c1nn(C(=O)c2ccccc2)c2ccccc12,6.58,0.0,1
CHEMBL248,Nc1c(C(=O)NCc2cccs2)c2nc3ccccc3nc2n1/N=C/c1ccccn1,4.75,0.0,1
CHEMBL248,Nc1cccc(C(=O)n2nc(C(=O)Nc3ccccc3)c3ccccc32)c1,5.51,0.0,1
CHEMBL248,Nc1cccc(C(=O)n2nc(C(=O)OCC(F)(F)F)c3ccccc32)c1,6.47,0.0,1
CHEMBL248,Nc1nn(C(=O)C2CC2)c2ncccc12,5.0,0.0,1
CHEMBL248,Nc1nnc(SC(C(=O)Nc2cc(Cl)cc(Cl)c2)c2ccccc2)[nH]1,4.57,0.0,1
CHEMBL248,O=C(/C=C/c1ccco1)C(C(=O)/C=C/c1ccco1)=C1SCCCS1,5.17,0.0,1
CHEMBL248,O=C(C1CC1)n1[se]c2ccccc2c1=O,5.85,0.0,1
CHEMBL248,O=C(C1CC1)n1ccc2nccnc21,5.1,0.0,1
CHEMBL248,O=C(C1CC1)n1nc(C(F)(F)F)c2cccnc21,7.3,0.0,1
CHEMBL248,O=C(C1CC1)n1nc(C(F)(F)F)c2cnccc21,7.06,0.0,1
CHEMBL248,O=C(C1CC1)n1nc([N+](=O)[O-])c2cccnc21,7.68,0.0,1
CHEMBL248,O=C(C1CCCC1)n1[se]c2ccccc2c1=O,5.55,0.0,1
CHEMBL248,O=C(C1CCCCC1)n1[se]c2ccccc2c1=O,4.62,0.0,1
CHEMBL248,O=C(CCCCNC(=O)OCc1ccccc1)OCN1C(=O)c2ccccc2S1(=O)=O,5.84,0.0,1
CHEMBL248,O=C(CCNC(=O)OCc1ccccc1)OCN1C(=O)c2ccccc2S1(=O)=O,5.65,0.0,1
CHEMBL248,O=C(NC1CC1)c1nn(C(=O)C2CC2)c2ncccc12,5.82,0.0,1
CHEMBL248,O=C(N[C@@H](C(=O)O)c1ccccc1)c1ccccc1/N=N/c1c(O)ccc2ccccc12,4.69,0.0,1
CHEMBL248,O=C(N[C@@H](Cc1ccccc1)C(=O)O)c1ccccc1/N=N/c1c(O)ccc2ccccc12,4.68,0.0,1
CHEMBL248,O=C(N[C@H](C(=O)O)c1ccccc1)c1ccccc1/N=N/c1c(O)ccc2ccccc12,4.78,0.0,1
CHEMBL248,O=C(N[C@H](C(=O)O)c1ccccc1)c1ncccc1/N=N/c1c(O)ccc2ccccc12,5.31,0.0,1
CHEMBL248,O=C(N[C@H](Cc1ccccc1)C(=O)O)c1ccccc1/N=N/c1c(O)ccc2ccccc12,4.68,0.0,1
CHEMBL248,O=C(Nc1ccc(C(=O)Nc2ccc(C(=O)Nc3ccc(OS(=O)(=O)[O-])c4cc(OS(=O)(=O)[O-])cc(OS(=O)(=O)[O-])c34)cc2)cc1)Nc1ccc(C(=O)Nc2ccc(C(=O)Nc3ccc(OS(=O)(=O)[O-])c4cc(OS(=O)(=O)[O-])cc(OS(=O)(=O)[O-])c34)cc2)cc1,6.66,0.0,1
CHEMBL248,O=C(Nc1ccc(C(=O)OCN2C(=O)c3ccccc3S2(=O)=O)cc1)OCc1ccccc1,5.58,0.0,1
CHEMBL248,O=C(Nc1ccccc1)c1cn(C(=O)C2CC2)c2ncccc12,6.1,0.0,1
CHEMBL248,O=C(Nc1ccccc1)c1nn(C(=O)c2ccc(Cl)cc2)c2ccccc12,5.21,0.0,1
CHEMBL248,O=C(Nc1ccccc1)c1nn(C(=O)c2ccc(F)cc2)c2ccccc12,5.09,0.0,1
CHEMBL248,O=C(Nc1ccccc1)c1nn(C(=O)c2ccc3c(c2)OCO3)c2ccccc12,4.48,0.0,1
CHEMBL248,O=C(Nc1ccccc1)c1nn(C(=O)c2cccc(Cl)c2)c2ccccc12,5.41,0.0,1
CHEMBL248,O=C(Nc1ccccc1)c1nn(C(=O)c2cccc(F)c2)c2ccccc12,5.23,0.0,1
CHEMBL248,O=C(Nc1ccccc1)c1nn(C(=O)c2cccc([N+](=O)[O-])c2)c2ccccc12,4.96,0.0,1
CHEMBL248,O=C(Nc1ccccc1)c1nn(C(=O)c2cccc3ccccc23)c2ccccc12,4.6,0.0,1
CHEMBL248,O=C(Nc1ccccc1)c1nn(C(=O)c2ccccc2)c2ccccc12,6.38,0.0,1
CHEMBL248,O=C(Nc1ccccc1)c1nn(C(=O)c2ccsc2)c2ccccc12,5.51,0.0,1
CHEMBL248,O=C(O)c1cc(Cl)ccc1-c1ccc(/C=c2\sc3nc(=O)c4c5c(sc4n3c2=O)CCCC5)o1,4.71,0.0,1
CHEMBL248,O=C(OCC(F)(F)F)c1nn(C(=O)c2ccccc2)c2ccccc12,6.58,0.0,1
CHEMBL248,O=C(OCC(F)(F)F)c1nn(C(=O)c2ccsc2)c2ccccc12,6.29,0.0,1
CHEMBL248,O=C(OC[C@H]1O[C@@H](OC(=O)c2cc(OS(=O)(=O)[O-])c(O)c(OS(=O)(=O)[O-])c2)[C@H](OC(=O)c2cc(OS(=O)(=O)[O-])c(O)c(OS(=O)(=O)[O-])c2)[C@@H](OC(=O)c2cc(OS(=O)(=O)[O-])c(O)c(OS(=O)(=O)[O-])c2)[C@@H]1OC(=O)c1cc(OS(=O)(=O)[O-])c(O)c(OS(=O)(=O)[O-])c1)c1cc(OS(=O)(=O)[O-])c(O)c(OS(=O)(=O)[O-])c1,7.4,0.0,1
CHEMBL248,O=C(OCc1ccccc1)C1=C(Cc2ccccc2)S[C@@H]2CC(=O)N12,4.7,0.0,1
CHEMBL248,O=C(OCc1ccccc1)C1=C(c2ccccc2)S[C@@H]2CC(=O)N12,5.52,0.0,1
CHEMBL248,O=C(OCc1ccccc1)[C@H]1/C(=C/CO)O[C@@H]2CC(=O)N21,5.4,0.0,1
CHEMBL248,O=C(O[C@@H]1Cc2c(O)cc(O)cc2O[C@@H]1c1cc(O)c(O)c(O)c1)c1cc(O)c(O)c(O)c1,4.89,0.0,1
CHEMBL248,O=C(Oc1cn(-c2ccccc2)c(CSc2nc3ccccc3o2)cc1=O)c1ccccc1,5.29,0.0,1
CHEMBL248,O=C(Oc1cn(-c2ccccc2)c(CSc2nc3ccccc3s2)cc1=O)c1ccccc1,6.55,0.0,1
CHEMBL248,O=C(Oc1coc(CSc2nnc(-c3ccccc3)s2)cc1=O)c1ccccc1,4.84,0.0,1
CHEMBL248,O=C(Oc1coc(CSc2nnc(NC(=O)C3CC3)s2)cc1=O)c1cccc(F)c1,4.745,0.007071067811865324,2
CHEMBL248,O=C(c1ccccc1)c1ccc(OC(=O)C2CC2)cc1,5.85,0.0,1
CHEMBL248,O=C(c1ccccc1)c1ccc(OC(=O)C2CCCCC2)cc1,4.7,0.0,1
CHEMBL248,O=C(c1ccccc1)n1[se]c2ccccc2c1=O,5.64,0.0,1
CHEMBL248,O=C1/C(=C/c2ccc(Cc3ccccc3)cc2)Oc2ccccc21,5.36,0.0,1
CHEMBL248,O=C1/C(=C/c2ccc(NCc3ccccc3)cc2)Oc2ccccc21,6.05,0.0,1
CHEMBL248,O=C1/C(=C/c2ccc(Nc3ccccc3)cc2)Oc2ccccc21,5.85,0.0,1
CHEMBL248,O=C1/C(=C/c2ccc(Oc3ccc(Cl)cc3)cc2)Oc2cc(O)ccc21,5.82,0.0,1
CHEMBL248,O=C1/C(=C/c2ccc(Oc3ccc(Cl)cc3)cc2)Oc2ccccc21,6.3,0.0,1
CHEMBL248,O=C1/C(=C/c2cccc(-c3ccc(Cl)cc3)c2)Oc2ccccc21,6.3,0.0,1
CHEMBL248,O=C1/C(=C/c2cccc(Cc3ccccc3)c2)Oc2ccccc21,5.54,0.0,1
CHEMBL248,O=C1C2=C(CCCC2)S(=O)(=O)N1c1c(F)c(F)nc(F)c1F,5.51,0.0,1
CHEMBL248,O=C1N(Cc2ccccc2)C(=O)N1Cc1ccccc1,7.0,0.0,1
CHEMBL248,O=C1NC(=S)N/C1=C\c1ccc(O)cc1O,4.07,0.0,1
CHEMBL248,O=C1NN(c2ccc(Cl)c(C(=O)O)c2)C(=O)/C1=C\c1ccc(-c2ccc(Cl)cc2)o1,4.05,0.0,1
CHEMBL248,O=C1c2cccc(O)c2C(=O)c2c1ccc(Cc1ccccc1)c2O,4.89,0.0,1
CHEMBL248,O=C1c2ccccc2C(=O)N1N1C(=O)c2ccccc2S1(=O)=O,4.85,0.0,1
CHEMBL248,O=C1c2ccccc2C(=O)c2c1ccc(Cc1ccccc1)c2O,5.18,0.0,1
CHEMBL248,O=C1c2ccccc2S(=O)(=O)N1c1c(F)c(F)nc(F)c1F,7.09,0.0,1
CHEMBL248,O=Cc1ccc(-c2cccc(/C=C3\Oc4ccccc4C3=O)c2)cc1,5.96,0.0,1
CHEMBL248,O=S(=O)(F)Cc1ccccc1,4.15,0.1838477631085025,2
CHEMBL248,O=S(=O)(F)Oc1ccccc1S(=O)(=O)F,6.62,0.0,1
CHEMBL248,O=S(=O)(F)c1ccccc1S(=O)(=O)F,5.48,0.0,1
CHEMBL248,O=[N+]([O-])c1ccc2nc(-c3c[nH]c4ccccc34)cc(-c3ccccc3)c2c1,6.2,0.0,1
CHEMBL248,O=[N+]([O-])c1ccc2nc(-c3ccc(O)cc3)cc(-c3ccccc3)c2c1,5.54,0.0,1
CHEMBL248,O=c1c(O)c(-c2ccc(O)c(O)c2)oc2cc(O)cc(O)c12,4.84,0.0,1
CHEMBL248,O=c1c(OS(=O)(=O)[O-])c(-c2ccc(OS(=O)(=O)[O-])c(OS(=O)(=O)[O-])c2)oc2c(OS(=O)(=O)[O-])c(OS(=O)(=O)[O-])cc(OS(=O)(=O)[O-])c12,4.66,0.0,1
CHEMBL248,O=c1c(OS(=O)(=O)[O-])c(-c2ccc(OS(=O)(=O)[O-])c(OS(=O)(=O)[O-])c2)oc2cc(OS(=O)(=O)[O-])cc(OC/C=C/COc3cc(OS(=O)(=O)[O-])cc4oc(-c5ccc(OS(=O)(=O)[O-])c(OS(=O)(=O)[O-])c5)c(OS(=O)(=O)[O-])c(=O)c34)c12,4.45,0.0,1
CHEMBL248,O=c1c(OS(=O)(=O)[O-])c(-c2ccc(OS(=O)(=O)[O-])c(OS(=O)(=O)[O-])c2)oc2cc(OS(=O)(=O)[O-])cc(OCCCCCOc3cc(OS(=O)(=O)[O-])cc4oc(-c5ccc(OS(=O)(=O)[O-])c(OS(=O)(=O)[O-])c5)c(OS(=O)(=O)[O-])c(=O)c34)c12,5.2,0.0,1
CHEMBL248,O=c1c(OS(=O)(=O)[O-])c(-c2ccc(OS(=O)(=O)[O-])c(OS(=O)(=O)[O-])c2)oc2cc(OS(=O)(=O)[O-])cc(OCCCCOc3cc(OS(=O)(=O)[O-])cc4oc(-c5ccc(OS(=O)(=O)[O-])c(OS(=O)(=O)[O-])c5)c(OS(=O)(=O)[O-])c(=O)c34)c12,5.81,0.0,1
CHEMBL248,O=c1c(OS(=O)(=O)[O-])c(-c2ccc(OS(=O)(=O)[O-])c(OS(=O)(=O)[O-])c2)oc2cc(OS(=O)(=O)[O-])cc(OCCCOc3cc(-c4oc5cc(OS(=O)(=O)[O-])cc(OCCCOc6cc(OS(=O)(=O)[O-])cc7oc(-c8ccc(OS(=O)(=O)[O-])c(OS(=O)(=O)[O-])c8)c(OS(=O)(=O)[O-])c(=O)c67)c5c(=O)c4OS(=O)(=O)[O-])ccc3OS(=O)(=O)[O-])c12,5.66,0.0,1
CHEMBL248,O=c1c(OS(=O)(=O)[O-])c(-c2ccc(OS(=O)(=O)[O-])c(OS(=O)(=O)[O-])c2)oc2cc(OS(=O)(=O)[O-])cc(OCCCOc3cc(OS(=O)(=O)[O-])cc4oc(-c5ccc(OS(=O)(=O)[O-])c(OS(=O)(=O)[O-])c5)c(OS(=O)(=O)[O-])c(=O)c34)c12,6.6,0.0,1
CHEMBL248,O=c1c(OS(=O)(=O)[O-])c(-c2ccc(OS(=O)(=O)[O-])c(OS(=O)(=O)[O-])c2)oc2cc(OS(=O)(=O)[O-])cc(OCCOc3cc(-c4oc5cc(OS(=O)(=O)[O-])cc(OCCOc6cc(OS(=O)(=O)[O-])cc7oc(-c8ccc(OS(=O)(=O)[O-])c(OS(=O)(=O)[O-])c8)c(OS(=O)(=O)[O-])c(=O)c67)c5c(=O)c4OS(=O)(=O)[O-])ccc3OS(=O)(=O)[O-])c12,6.85,0.0,1
CHEMBL248,O=c1c(OS(=O)(=O)[O-])c(-c2ccc(OS(=O)(=O)[O-])c(OS(=O)(=O)[O-])c2)oc2cc(OS(=O)(=O)[O-])cc(OCCOc3cc(OS(=O)(=O)[O-])cc4oc(-c5ccc(OS(=O)(=O)[O-])c(OS(=O)(=O)[O-])c5)c(OS(=O)(=O)[O-])c(=O)c34)c12,5.16,0.0,1
CHEMBL248,O=c1c(OS(=O)(=O)[O-])c(-c2ccc(OS(=O)(=O)[O-])c(OS(=O)(=O)[O-])c2)oc2cc(OS(=O)(=O)[O-])cc(OCc3ccc(-c4ccc(COc5cc(OS(=O)(=O)[O-])cc6oc(-c7ccc(OS(=O)(=O)[O-])c(OS(=O)(=O)[O-])c7)c(OS(=O)(=O)[O-])c(=O)c56)cc4)cc3)c12,5.58,0.0,1
CHEMBL248,O=c1c(OS(=O)(=O)[O-])c(-c2ccc(OS(=O)(=O)[O-])c(OS(=O)(=O)[O-])c2)oc2cc(OS(=O)(=O)[O-])cc(OCc3ccc(COc4cc(OS(=O)(=O)[O-])cc5oc(-c6ccc(OS(=O)(=O)[O-])c(OS(=O)(=O)[O-])c6)c(OS(=O)(=O)[O-])c(=O)c45)cc3)c12,6.64,0.0,1
CHEMBL248,O=c1c(OS(=O)(=O)[O-])c(-c2ccc(OS(=O)(=O)[O-])c(OS(=O)(=O)[O-])c2)oc2cc(OS(=O)(=O)[O-])cc(OCc3cccc(COc4cc(OS(=O)(=O)[O-])cc5oc(-c6ccc(OS(=O)(=O)[O-])c(OS(=O)(=O)[O-])c6)c(OS(=O)(=O)[O-])c(=O)c45)c3)c12,6.19,0.0,1
CHEMBL248,O=c1c(OS(=O)(=O)[O-])c(-c2ccc(OS(=O)(=O)[O-])c(OS(=O)(=O)[O-])c2)oc2cc(OS(=O)(=O)[O-])cc(OCc3cccc(COc4cc(OS(=O)(=O)[O-])cc5oc(-c6ccc(OS(=O)(=O)[O-])c(OS(=O)(=O)[O-])c6)c(OS(=O)(=O)[O-])c(=O)c45)n3)c12,6.09,0.0,1
CHEMBL248,O=c1c(OS(=O)(=O)[O-])c(-c2ccc(OS(=O)(=O)[O-])cc2)oc2cc(OS(=O)(=O)[O-])cc(OCc3ccc(COc4cc(OS(=O)(=O)[O-])cc5oc(-c6ccc(OS(=O)(=O)[O-])c(OS(=O)(=O)[O-])c6)c(OS(=O)(=O)[O-])c(=O)c45)cc3)c12,5.0,0.0,1
CHEMBL248,O=c1c(OS(=O)(=O)[O-])c(-c2ccc(OS(=O)(=O)[O-])cc2OS(=O)(=O)[O-])oc2cc(OS(=O)(=O)[O-])cc(OCCCOc3cc(OS(=O)(=O)[O-])cc4oc(-c5ccc(OS(=O)(=O)[O-])cc5OS(=O)(=O)[O-])c(OS(=O)(=O)[O-])c(=O)c34)c12,5.49,0.0,1
CHEMBL248,O=c1cc(-c2ccc(O)c(-c3c(O)cc(O)c4c(=O)cc(-c5ccc(O)cc5)oc34)c2)oc2cc(O)cc(O)c12,5.9,0.0,1
CHEMBL248,O=c1cc(-c2ccc(O)c(-c3c(O)cc4oc(-c5ccc(O)cc5)cc(=O)c4c3O)c2)oc2cc(O)cc(O)c12,5.88,0.0,1
CHEMBL248,O=c1cc(-c2ccc(O)c(O)c2)oc2cc(O)cc(O)c12,4.9,0.0,1
CHEMBL248,O=c1cc(-c2ccc(O)cc2)oc2cc(O)cc(O)c12,4.34,0.0,1
CHEMBL248,O=c1cc(-c2ccc(OS(=O)(=O)[O-])cc2)oc2cc(OS(=O)(=O)[O-])cc(OC/C=C/COc3cc(OS(=O)(=O)[O-])cc4oc(-c5ccc(OS(=O)(=O)[O-])cc5)cc(=O)c34)c12,4.32,0.0,1
CHEMBL248,O=c1cc(-c2ccc(OS(=O)(=O)[O-])cc2)oc2cc(OS(=O)(=O)[O-])cc(OCCOc3cc(OS(=O)(=O)[O-])cc4oc(-c5ccc(OS(=O)(=O)[O-])cc5)cc(=O)c34)c12,4.19,0.0,1
CHEMBL248,O=c1cc(-c2ccc(OS(=O)(=O)[O-])cc2)oc2cc(OS(=O)(=O)[O-])cc(OCc3ccc(-c4ccc(COc5cc(OS(=O)(=O)[O-])cc6oc(-c7ccc(OS(=O)(=O)[O-])cc7)cc(=O)c56)cc4)cc3)c12,4.29,0.0,1
CHEMBL248,O=c1cc(-c2ccc(OS(=O)(=O)[O-])cc2)oc2cc(OS(=O)(=O)[O-])cc(OCc3ccc(COc4cc(OS(=O)(=O)[O-])cc5oc(-c6ccc(OS(=O)(=O)[O-])cc6)cc(=O)c45)cc3)c12,4.72,0.0,1
CHEMBL248,O=c1cc(-c2ccc(OS(=O)(=O)[O-])cc2)oc2cc(OS(=O)(=O)[O-])cc(OCc3cccc(COc4cc(OS(=O)(=O)[O-])cc5oc(-c6ccc(OS(=O)(=O)[O-])cc6)cc(=O)c45)n3)c12,6.16,0.0,1
CHEMBL248,O=c1oc(-c2ccccc2)nc2ccccc12,4.77,0.0,1
CHEMBL248,O=c1oc(-c2ccccc2Br)nc2cccc(Cl)c12,7.57,0.05656854249492385,2
CHEMBL248,O=c1oc(-c2ccccc2Cl)nc2cccc(Cl)c12,7.525,0.021213203435596288,2
CHEMBL248,O=c1oc(-c2ccccc2F)nc2cccc(Cl)c12,7.395,0.1626345596729059,2
CHEMBL248,O=c1oc(-c2cccnc2Oc2ccccc2)nc2cccc(Cl)c12,6.8,0.0,1
CHEMBL248,O=c1oc(-c2cccnc2Oc2ccccc2)nc2ccccc12,5.03,0.0,1
CHEMBL248,O=c1oc(-c2ccco2)nc2ccccc12,5.26,0.0,1
CHEMBL248,O=c1oc(/C2=C/CCCCCC2)nc2ccccc12,5.16,0.0,1
CHEMBL248,O=c1oc(Cl)c(Cl)c2ccccc12,6.26,1.0465180361560906,2
CHEMBL248,OB1c2sccc2C=NN1Cc1ccccc1,5.57,0.0,1
CHEMBL248,[C-]#[N+]C1=C(C)N(c2cccc(C(F)(F)F)c2)C(=O)N(C(=O)N2CCN(CCO)CC2)[C@@H]1c1ccc(C#N)cc1S(C)(=O)=O,8.72,0.0,1
CHEMBL248,[C-]#[N+]C1=C(C)N(c2cccc(C(F)(F)F)c2)C(=O)N(C(=O)N2CCN(c3ccccn3)CC2)[C@@H]1c1ccc(C#N)cc1S(C)(=O)=O,9.05,0.0,1
CHEMBL248,[C-]#[N+]C1=C(C)N(c2cccc(C(F)(F)F)c2)C(=O)N(CC(N)=O)[C@@H]1c1ccc(C#N)cc1S(C)(=O)=O,9.35,0.0,1
CHEMBL248,[C-]#[N+]C1=C(C)N(c2cccc(C(F)(F)F)c2)C(=O)NC1c1ccc(C#N)cc1S(=O)(=O)CCO,8.96,0.0,1
CHEMBL248,[C-]#[N+]C1=C(C)N(c2cccc(C(F)(F)F)c2)C(=O)N[C@@H]1c1ccc(C#N)cc1S(C)(=O)=O,9.3,0.0,1
CHEMBL248,[C-]#[N+]C1=C(C)N(c2cccc(C(F)(F)F)c2)C(=O)N[C@@H]1c1ccc(C#N)cc1[S@+](C)[O-],9.52,0.0,1
CHEMBL248,[C-]#[N+]C1=C(C)N(c2cccc(C(F)(F)F)c2)c2nc(C(C)C)nn2C1c1ccc(C#N)cc1,7.07,0.0,1
